/**
 * generated by fontconvert.py
 * name: bengali_ui_12
 * size: 12
 * mode: 1-bit
 * Command used: fontconvert.py bengali_ui_12 12 ../builtinFonts/source/NotoSansBengali/NotoSansBengali-Regular.ttf --no-default-intervals --additional-intervals 0x0980,0x09FF --additional-intervals 0x0964,0x0965 --additional-intervals 0x200C,0x200D --additional-intervals 0x25CC,0x25CC --shaping-font ../builtinFonts/source/NotoSansBengali/NotoSansBengali-Regular.ttf --shaping-scripts bengali --shaping-layout-symbol bengaliLayout --shaping-layout-header bengali_layout.h --shaping-layout-font ../builtinFonts/source/NotoSansBengali/NotoSansBengali-Regular.ttf
 */
#pragma once
#include "EpdFontData.h"

#include "BuiltinShaping.h"
#include "bengali_layout.h"

static const uint8_t bengali_ui_12Bitmaps[14759] = {
    0x6D, 0xB6, 0xDB, 0x6D, 0xB6, 0xDB, 0x63, 0x31, 0x98, 0xCC, 0x66, 0x33, 0x19, 0x8C, 0xC6, 0x63,
    0x31, 0x98, 0xCC, 0x66, 0x33, 0x19, 0x8C, 0xC6, 0x1F, 0x87, 0xFC, 0xF1, 0xCE, 0x1C, 0xE0, 0xCC,
    0xCC, 0xFE, 0xCF, 0xEC, 0x7E, 0xC3, 0xCC, 0x00, 0xC0, 0x0C, 0x00, 0xC0, 0x0C, 0x00, 0xF0, 0x0F,
    0x00, 0x70, 0x0C, 0xBB, 0x76, 0xD9, 0xFE, 0x3F, 0x07, 0x80, 0x3E, 0x1F, 0xC7, 0x71, 0x8C, 0x77,
    0x1F, 0xC3, 0xE0, 0x70, 0x70, 0x1E, 0x03, 0xC0, 0x78, 0x0F, 0x01, 0xC0, 0x38, 0x07, 0x01, 0xC0,
    0x00, 0x7C, 0xFE, 0xEE, 0xC6, 0xEE, 0xFE, 0x7C, 0x38, 0x38, 0x7C, 0xFE, 0xEE, 0xC6, 0xEE, 0xFE,
    0x7C, 0x38, 0xFF, 0xFF, 0xFF, 0xFF, 0xFF, 0xFC, 0x07, 0x80, 0xC3, 0x07, 0xC1, 0x86, 0x1F, 0xC3,
    0x0E, 0x3F, 0xC6, 0x1C, 0x7B, 0x8C, 0x18, 0xF3, 0x18, 0x38, 0x06, 0x30, 0x38, 0x1C, 0x60, 0x78,
    0x3C, 0xC0, 0x7F, 0xFD, 0x80, 0x7F, 0xFF, 0x00, 0x1E, 0x1E, 0x00, 0x00, 0x1C, 0x00, 0x00, 0x38,
    0x00, 0x00, 0x00, 0x60, 0x00, 0x00, 0x01, 0x8F, 0xFF, 0xFF, 0xFF, 0xFF, 0xFF, 0xFF, 0xFF, 0x01,
    0xE0, 0x31, 0xE0, 0x83, 0xE0, 0xC3, 0x86, 0x1F, 0xC3, 0x06, 0x1C, 0x7F, 0x8C, 0x18, 0x71, 0xEE,
    0x30, 0x60, 0xC7, 0x98, 0xC1, 0x83, 0x80, 0x63, 0x06, 0x07, 0x03, 0x8C, 0x18, 0x1E, 0x0F, 0x30,
    0x60, 0x3F, 0xFE, 0xC1, 0x80, 0x7F, 0xFF, 0x06, 0x00, 0x3C, 0x7C, 0x18, 0x00, 0x00, 0xF0, 0x60,
    0x00, 0x01, 0xC1, 0x80, 0x00, 0x03, 0x06, 0x00, 0xC0, 0x03, 0x00, 0x0E, 0x00, 0x3F, 0xE0, 0x7F,
    0xE0, 0x7F, 0x80, 0x06, 0x3F, 0xFF, 0xFF, 0xFC, 0x78, 0x00, 0xF8, 0x07, 0xF8, 0x1F, 0xE0, 0x79,
    0xC1, 0xE7, 0x00, 0x0C, 0x00, 0x70, 0x87, 0xC7, 0xFE, 0x1F, 0xF0, 0x0F, 0xC0, 0x07, 0xC0, 0x0F,
    0x80, 0x0F, 0x00, 0x1C, 0x00, 0x00, 0x60, 0x00, 0x18, 0x00, 0x07, 0x00, 0x01, 0xFF, 0xC0, 0x3F,
    0xF8, 0x03, 0xFF, 0x00, 0x00, 0xC3, 0xFF, 0xFF, 0xFF, 0xFF, 0xCE, 0x00, 0x01, 0xE0, 0x00, 0xFE,
    0x38, 0x3F, 0xDF, 0x0F, 0x3F, 0xC3, 0xCF, 0xF0, 0x03, 0xDC, 0x00, 0xE6, 0x0C, 0x71, 0x83, 0xF8,
    0x60, 0x7C, 0x18, 0x0E, 0x07, 0x00, 0x01, 0xC0, 0x00, 0x70, 0x00, 0x0C, 0x30, 0x00, 0x0C, 0x00,
    0x03, 0x80, 0x00, 0xFF, 0xE0, 0x1F, 0xFC, 0x01, 0xFF, 0x80, 0x00, 0xE3, 0xFF, 0xFF, 0xFF, 0xFF,
    0xC0, 0x60, 0x00, 0x18, 0x01, 0x86, 0x00, 0x71, 0x87, 0x1C, 0x63, 0xE3, 0x19, 0xF8, 0xE7, 0xFE,
    0x39, 0xF9, 0x87, 0x18, 0x60, 0xE0, 0x38, 0x3E, 0x1E, 0x07, 0xFF, 0x00, 0x7F, 0x80, 0x0C, 0x00,
    0x00, 0x60, 0x00, 0x03, 0x80, 0x00, 0x1F, 0xFE, 0x00, 0x7F, 0xF8, 0x00, 0xFF, 0xE0, 0x00, 0x03,
    0x1F, 0xFF, 0xFF, 0xFF, 0xFF, 0xF8, 0x03, 0x00, 0x00, 0x18, 0x00, 0x4C, 0xC0, 0x07, 0x66, 0x1C,
    0x3B, 0xB0, 0xF0, 0xDD, 0x8F, 0x87, 0xEF, 0xFC, 0x1B, 0xFE, 0x60, 0xFC, 0xC7, 0x03, 0xF0, 0x38,
    0x0F, 0xE3, 0xC0, 0x3F, 0xFC, 0x00, 0x7F, 0xC0, 0x00, 0x18, 0xC0, 0x06, 0x30, 0x39, 0x8F, 0x8F,
    0x63, 0xE7, 0xF8, 0xFF, 0xBE, 0x3F, 0xDF, 0x8C, 0xFF, 0xE3, 0x1F, 0x98, 0xDF, 0x06, 0x37, 0x81,
    0xCD, 0xF0, 0x7B, 0x3F, 0x1F, 0xC3, 0xF7, 0xF0, 0x1F, 0xBC, 0x03, 0xE7, 0x00, 0x78, 0xC0, 0x0E,
    0x00, 0x01, 0x80, 0x60, 0x03, 0x00, 0x1C, 0x00, 0xE0, 0x07, 0xC0, 0x1F, 0xC0, 0x3F, 0x80, 0x7E,
    0x00, 0x78, 0x01, 0xCF, 0x0E, 0xFC, 0x3F, 0xF3, 0xF3, 0x9F, 0x0C, 0xFF, 0x6E, 0xFF, 0xF3, 0xDE,
    0x00, 0x40, 0x00, 0xFC, 0x03, 0xFC, 0x0F, 0x38, 0x3C, 0x30, 0x70, 0x60, 0xF0, 0xF1, 0xF1, 0xF3,
    0xE3, 0xC7, 0xC7, 0x87, 0x0F, 0x80, 0x1F, 0x00, 0x37, 0xFF, 0x6F, 0xFF, 0xC7, 0xFF, 0x80, 0x07,
    0x00, 0x06, 0x03, 0x00, 0x00, 0x60, 0x00, 0x0E, 0x00, 0x01, 0xFE, 0x00, 0x1F, 0xF8, 0x00, 0xFF,
    0x80, 0x00, 0x78, 0x07, 0xE7, 0x01, 0xFE, 0x60, 0x79, 0xDC, 0x1E, 0x1B, 0x83, 0x83, 0xF0, 0x78,
    0x7C, 0x0F, 0x8E, 0x39, 0xF1, 0x86, 0x3E, 0x30, 0xC3, 0x86, 0x1C, 0x00, 0xC3, 0x80, 0x18, 0x7F,
    0xFB, 0x07, 0xFF, 0xE0, 0x3F, 0xFC, 0x00, 0x03, 0x80, 0x00, 0x30, 0x00, 0x7E, 0x00, 0x7F, 0x88,
    0x79, 0xDC, 0x70, 0x6E, 0x3C, 0x33, 0x9E, 0x39, 0xCF, 0x7C, 0x73, 0x3E, 0x38, 0x1F, 0x8E, 0x01,
    0xC7, 0x00, 0x61, 0xE0, 0x70, 0x7C, 0x78, 0x1F, 0xF8, 0x03, 0xF8, 0x01, 0x80, 0x00, 0x18, 0x00,
    0x01, 0xC0, 0x00, 0x1F, 0xE0, 0x00, 0xFF, 0xC0, 0x03, 0xFE, 0x00, 0x00, 0xF0, 0x07, 0xE7, 0x00,
    0xFF, 0x30, 0x1E, 0x73, 0xE3, 0x83, 0x7E, 0x38, 0x3F, 0x73, 0xC7, 0xE7, 0x3D, 0xFC, 0x73, 0xDF,
    0x03, 0x81, 0xF8, 0x3C, 0x03, 0x81, 0xC0, 0x18, 0x0E, 0x03, 0x80, 0x7C, 0x78, 0x03, 0xFF, 0x00,
    0x0F, 0xE0, 0xFF, 0xFF, 0xFF, 0xFF, 0xFF, 0xC0, 0x06, 0x00, 0x01, 0xFE, 0x00, 0x3F, 0xF8, 0x07,
    0xED, 0xE0, 0xFC, 0x63, 0x8F, 0x83, 0x1C, 0x7C, 0x19, 0xE1, 0xF8, 0xDF, 0x07, 0xE6, 0xF8, 0x07,
    0xB7, 0xC0, 0x0F, 0x9C, 0x00, 0x3C, 0x00, 0x00, 0xE0, 0x00, 0x07, 0x00, 0x00, 0x18, 0x00, 0x18,
    0xE3, 0x1F, 0xE7, 0x9F, 0xEF, 0x98, 0xFF, 0x98, 0xFD, 0x98, 0x3B, 0x98, 0x07, 0x98, 0x7F, 0x18,
    0x7C, 0x18, 0x7E, 0x18, 0x3F, 0x18, 0x07, 0xD8, 0x01, 0xF8, 0x00, 0xF8, 0x00, 0x78, 0x00, 0x38,
    0x00, 0x18, 0x00, 0x0C, 0x00, 0x06, 0x03, 0xF3, 0xE7, 0xFD, 0xF3, 0xCF, 0xC3, 0x81, 0xE1, 0xF8,
    0x70, 0xFF, 0x38, 0x3F, 0x8C, 0x00, 0xC6, 0x00, 0xE3, 0x00, 0x71, 0x80, 0xF8, 0xC0, 0x78, 0x60,
    0x30, 0x30, 0x00, 0x18, 0x00, 0x0C, 0x00, 0x06, 0x00, 0x03, 0x00, 0xFF, 0xFF, 0xFF, 0xFF, 0x38,
    0x18, 0x30, 0x18, 0x38, 0x98, 0x3F, 0x98, 0x1F, 0x98, 0x0F, 0x18, 0x3E, 0x18, 0x3C, 0x18, 0x3F,
    0x18, 0x1F, 0x98, 0x03, 0xD8, 0x00, 0xF8, 0x00, 0x78, 0x00, 0x38, 0x18, 0x7C, 0x07, 0x3F, 0x81,
    0xFC, 0xE0, 0x3F, 0x38, 0x63, 0xFE, 0x18, 0x7F, 0x07, 0x1B, 0xB1, 0xC6, 0x3E, 0x39, 0xFF, 0x8E,
    0x7F, 0x61, 0xC7, 0x18, 0x78, 0x0E, 0x0F, 0x87, 0x81, 0xFF, 0xC0, 0x1F, 0xE0, 0xFF, 0xFF, 0xFF,
    0xF1, 0xC0, 0x07, 0x00, 0x1F, 0x80, 0x7F, 0x81, 0xBF, 0x06, 0x1C, 0x18, 0x30, 0x61, 0xC1, 0x87,
    0x06, 0x38, 0x1D, 0xE0, 0x7F, 0x00, 0xF8, 0x00, 0xFF, 0xFF, 0xFF, 0xFF, 0x38, 0x00, 0x3F, 0xE0,
    0x3F, 0xF8, 0x33, 0xFC, 0x31, 0xDC, 0x31, 0xCC, 0x3F, 0x8C, 0x3F, 0x9C, 0x0E, 0x3C, 0x10, 0xF8,
    0x1F, 0xF0, 0x1F, 0xE0, 0x03, 0xF8, 0x00, 0x7E, 0x00, 0x1F, 0x00, 0x07, 0x00, 0x00, 0xFF, 0xFF,
    0xFF, 0xFF, 0xFF, 0xF0, 0x1F, 0xE0, 0x08, 0x73, 0xF8, 0x63, 0x87, 0xF1, 0xCE, 0x07, 0xC7, 0x30,
    0xC7, 0x0C, 0xFF, 0x9C, 0x3B, 0xFE, 0x70, 0xE3, 0x99, 0x81, 0xC0, 0xE6, 0x07, 0x03, 0x98, 0x0F,
    0x1E, 0x70, 0x1F, 0xF1, 0xC0, 0x3F, 0x87, 0x00, 0x00, 0x1C, 0x00, 0x00, 0x00, 0x00, 0x00, 0xC0,
    0x00, 0x06, 0x3F, 0xFE, 0x3F, 0xFF, 0xF1, 0xF0, 0x01, 0x8C, 0x00, 0x7C, 0x60, 0x0F, 0xE3, 0x01,
    0xFB, 0x18, 0x3F, 0x18, 0xC3, 0xE0, 0xC6, 0x1E, 0x07, 0x30, 0x7C, 0x3D, 0x81, 0xF9, 0xFC, 0x01,
    0xEF, 0xE0, 0x07, 0xEF, 0x00, 0x0F, 0x38, 0x00, 0x78, 0xC0, 0x01, 0xC0, 0x00, 0x00, 0xFC, 0x70,
    0x03, 0xFD, 0xF0, 0x0F, 0x3F, 0xF0, 0x3C, 0x3C, 0x60, 0x70, 0x70, 0xC0, 0xE0, 0xE3, 0xB1, 0xF1,
    0x9F, 0x73, 0xE3, 0x7E, 0xC7, 0xC7, 0x7D, 0x87, 0x8E, 0x1B, 0x80, 0x1E, 0x77, 0x00, 0x3F, 0xE7,
    0xFF, 0x6F, 0x8F, 0xFF, 0xCE, 0x07, 0xFF, 0x80, 0x00, 0x07, 0x00, 0x00, 0x06, 0x00, 0x60, 0x00,
    0xC0, 0x01, 0xC0, 0x03, 0xFF, 0x03, 0xFF, 0x01, 0xFF, 0x00, 0x06, 0x7F, 0xFF, 0xFF, 0xFE, 0x30,
    0x00, 0x60, 0x00, 0xC3, 0x81, 0x8F, 0x83, 0x1F, 0x06, 0x3E, 0x0C, 0x3C, 0x18, 0x38, 0x30, 0x70,
    0x61, 0xC0, 0xE7, 0x81, 0xFE, 0x01, 0xF8, 0x00, 0x00, 0x00, 0x30, 0x01, 0xC0, 0x07, 0x00, 0x18,
    0x00, 0x70, 0x00, 0xC0, 0x03, 0x80, 0xFF, 0xFF, 0xFF, 0xF0, 0x7C, 0x00, 0xF0, 0x03, 0xE0, 0x1D,
    0x80, 0x77, 0x01, 0xDC, 0x0F, 0x70, 0xF8, 0xC7, 0xC3, 0x1C, 0x1C, 0x70, 0x70, 0xE1, 0xC3, 0xFE,
    0x07, 0xF0, 0x07, 0x80, 0xFF, 0xFF, 0xFF, 0xFF, 0xF0, 0x18, 0x00, 0x86, 0x00, 0x61, 0x82, 0x1C,
    0x61, 0xC7, 0x18, 0xF8, 0xC7, 0xFE, 0x39, 0xFB, 0x86, 0x18, 0x61, 0xC0, 0x38, 0x38, 0x0E, 0x0F,
    0x87, 0x80, 0xFF, 0xC0, 0x1F, 0xE0, 0xFF, 0xFF, 0xFF, 0xF1, 0x80, 0x06, 0x00, 0x18, 0x60, 0x63,
    0xE1, 0x8F, 0x86, 0x3E, 0x18, 0x78, 0x60, 0xE1, 0x83, 0x86, 0x1C, 0x1C, 0xF0, 0x7F, 0x80, 0xF8,
    0x00, 0x00, 0x30, 0x00, 0x60, 0xFC, 0xFB, 0xFD, 0xFF, 0x3F, 0x1C, 0x1E, 0x30, 0x1C, 0x77, 0x18,
    0xEE, 0x31, 0xFE, 0x61, 0xF8, 0xC0, 0xE1, 0x80, 0x03, 0x00, 0x06, 0x00, 0x0C, 0x00, 0x18, 0x00,
    0x30, 0x00, 0x60, 0x00, 0xC0, 0xFF, 0xFF, 0xFF, 0xFF, 0xF0, 0x00, 0x01, 0x83, 0xF0, 0x61, 0xFF,
    0x1C, 0x7F, 0xE7, 0x1F, 0x38, 0xE7, 0xCE, 0x38, 0x01, 0x87, 0x00, 0x61, 0xC0, 0x38, 0x3C, 0x1E,
    0x07, 0xFF, 0x00, 0xFF, 0x80, 0x07, 0x80, 0x00, 0x18, 0x00, 0x18, 0x7E, 0x1F, 0xFF, 0x1F, 0xE3,
    0x98, 0xF3, 0x98, 0xF1, 0x98, 0xF3, 0x98, 0x07, 0x98, 0x7F, 0x18, 0x7E, 0x18, 0x7E, 0x18, 0x3F,
    0x98, 0x07, 0xD8, 0x01, 0xF8, 0x00, 0xF8, 0x00, 0x78, 0x00, 0x38, 0x00, 0x18, 0xFF, 0xFF, 0xFF,
    0xF3, 0x00, 0x0C, 0x08, 0x30, 0xF0, 0xC7, 0xC3, 0x7F, 0x0F, 0xDC, 0x3E, 0x70, 0xF1, 0x83, 0x86,
    0x04, 0x18, 0x00, 0x60, 0x01, 0xC0, 0x07, 0x00, 0x1C, 0x00, 0x00, 0x1F, 0x3E, 0x7E, 0x7C, 0xFC,
    0xC1, 0x83, 0x83, 0xBF, 0x03, 0xFE, 0x07, 0xCC, 0x3E, 0x18, 0xF0, 0x30, 0xF8, 0x61, 0xF8, 0xC0,
    0xFD, 0x80, 0x3F, 0x00, 0x3E, 0x00, 0x3C, 0x00, 0x38, 0x00, 0x30, 0xFF, 0xFF, 0xFF, 0xFF, 0x00,
    0x18, 0x00, 0x18, 0x00, 0x18, 0x3F, 0x18, 0x7F, 0xD8, 0x7D, 0xF8, 0x7C, 0xF8, 0x7C, 0x38, 0x00,
    0x38, 0x00, 0x18, 0x00, 0x18, 0x00, 0x18, 0x00, 0x18, 0x00, 0x18, 0x00, 0x03, 0x00, 0x00, 0x60,
    0x3F, 0x8F, 0x8F, 0xF9, 0xF3, 0xC7, 0xB0, 0x70, 0x3E, 0x1F, 0x0F, 0xC3, 0xFB, 0xF8, 0x3F, 0xF7,
    0x00, 0x7C, 0x60, 0x1F, 0x0C, 0x03, 0xC1, 0x80, 0x70, 0x30, 0x04, 0x06, 0x00, 0x00, 0xC0, 0x00,
    0x18, 0x00, 0x03, 0x00, 0x00, 0x60, 0x00, 0x0C, 0x00, 0xFF, 0xFF, 0xFF, 0xFF, 0xFF, 0xDF, 0x00,
    0x00, 0x7C, 0x3E, 0x00, 0xF1, 0xFC, 0x01, 0xCD, 0xF0, 0x3E, 0x61, 0xC7, 0xE3, 0x0E, 0x3C, 0x18,
    0xF1, 0xE0, 0xCF, 0x8F, 0xC6, 0x7C, 0x1F, 0x33, 0xE0, 0x1D, 0x8E, 0x00, 0x7C, 0x00, 0x01, 0xE0,
    0x00, 0x07, 0x00, 0xFF, 0xFF, 0xFF, 0xFC, 0x00, 0xE0, 0x07, 0xC0, 0x3F, 0x81, 0xFB, 0x0F, 0xC6,
    0x3E, 0x0C, 0x78, 0x18, 0x7C, 0x30, 0x7E, 0x60, 0x1E, 0xC0, 0x1F, 0x80, 0x0F, 0x00, 0x0E, 0x00,
    0x1C, 0xFF, 0xFF, 0xFF, 0xFF, 0xF0, 0x00, 0x01, 0x80, 0x10, 0x63, 0xCE, 0x1C, 0xF7, 0xC7, 0x3F,
    0xF0, 0xCF, 0xFC, 0x38, 0xE3, 0x06, 0x00, 0xC1, 0xC0, 0x70, 0x3C, 0x1C, 0x07, 0xFE, 0x00, 0xFF,
    0x00, 0x0F, 0x00, 0xFF, 0xFF, 0xFF, 0xFF, 0x78, 0x18, 0x7C, 0x18, 0x0E, 0x18, 0x0E, 0x18, 0x06,
    0x18, 0x1E, 0x18, 0x3F, 0x98, 0x3F, 0xF8, 0x3E, 0xF8, 0x1E, 0x78, 0x00, 0x38, 0x00, 0x18, 0x00,
    0x18, 0x00, 0x18, 0xFF, 0xFF, 0xFF, 0xFF, 0x7C, 0x0C, 0x3F, 0x0C, 0x0F, 0x8C, 0x03, 0xCC, 0x0F,
    0xCC, 0x1F, 0x0C, 0x3C, 0x0C, 0x3E, 0x0C, 0x1F, 0x8C, 0x07, 0xCC, 0x01, 0xEC, 0x00, 0x7C, 0x00,
    0x3C, 0x00, 0x1C, 0xFF, 0xFF, 0xFF, 0xFC, 0x00, 0xE0, 0x07, 0xC0, 0x3F, 0x81, 0xFB, 0x0F, 0xC6,
    0x3E, 0x0C, 0x7C, 0x18, 0x7E, 0x30, 0x7E, 0x60, 0x1E, 0xC0, 0x1F, 0x81, 0xCF, 0x03, 0x8E, 0x07,
    0x1C, 0xFF, 0xFF, 0xFF, 0xFF, 0xFC, 0x00, 0x0C, 0x00, 0x01, 0x80, 0xE3, 0xB0, 0x7F, 0xFE, 0x1F,
    0xFF, 0xC3, 0x8E, 0x38, 0x60, 0xC3, 0x0F, 0xD8, 0x61, 0xFC, 0x0C, 0x3F, 0x81, 0x83, 0xE0, 0x30,
    0x1C, 0x06, 0x00, 0x00, 0xC0, 0x00, 0x18, 0x00, 0x06, 0x00, 0x01, 0x8F, 0x9F, 0x7F, 0xFF, 0xFF,
    0x0F, 0x1E, 0x01, 0x83, 0x81, 0xF8, 0x60, 0xFF, 0x98, 0x3F, 0xE6, 0x0F, 0xF9, 0x83, 0xFE, 0x60,
    0xE7, 0x18, 0x00, 0x06, 0x00, 0x01, 0x80, 0x00, 0x60, 0x00, 0x18, 0x00, 0x06, 0x00, 0x01, 0x80,
    0x00, 0x60, 0xFF, 0xFF, 0xFF, 0xFF, 0x7C, 0x0C, 0x3F, 0x0C, 0x0F, 0x8C, 0x03, 0xEC, 0x0F, 0xFC,
    0x1F, 0x3C, 0x3C, 0x1C, 0x3E, 0x0C, 0x1F, 0x8C, 0x07, 0xCC, 0x01, 0xEC, 0x00, 0x7C, 0x00, 0x3C,
    0x00, 0x1C, 0xFF, 0xFF, 0xFF, 0xFF, 0x78, 0x18, 0x7C, 0x18, 0x1E, 0xD8, 0x07, 0xF8, 0x07, 0xF8,
    0x07, 0x98, 0x03, 0x18, 0x67, 0x18, 0x7E, 0x18, 0x3E, 0x18, 0x1C, 0x18, 0x00, 0x18, 0x00, 0x18,
    0x00, 0x18, 0xFF, 0xFF, 0xFF, 0xF1, 0xE0, 0x03, 0xE0, 0x1F, 0xE0, 0x7F, 0xC1, 0xE7, 0x03, 0x0C,
    0x00, 0x70, 0x01, 0xC3, 0xFF, 0x1F, 0xF8, 0x3F, 0x80, 0x1F, 0x80, 0x1F, 0x00, 0x1E, 0x00, 0x1C,
    0x00, 0x20, 0xFF, 0x80, 0xFE, 0x03, 0xF8, 0x00, 0x60, 0x03, 0xE0, 0x1F, 0xE0, 0x7F, 0xC1, 0xE7,
    0x03, 0x0C, 0x00, 0x30, 0x01, 0xC3, 0xFF, 0x0F, 0xF8, 0x3F, 0x80, 0x1F, 0x80, 0x0F, 0x00, 0x1F,
    0x00, 0x1C, 0x00, 0x20, 0x18, 0x18, 0xFF, 0xFF, 0x38, 0x38, 0x18, 0x18, 0x18, 0x18, 0x18, 0x18,
    0x18, 0x18, 0x18, 0x18, 0x18, 0x18, 0x18, 0x07, 0xF8, 0x03, 0xFF, 0xC0, 0xF8, 0x7C, 0x3C, 0x01,
    0xE7, 0x00, 0x1C, 0xE0, 0x01, 0x8E, 0x00, 0x07, 0xF0, 0x00, 0xFE, 0x00, 0x03, 0x00, 0x00, 0x60,
    0x00, 0x0C, 0x00, 0x01, 0x80, 0x00, 0x30, 0x00, 0x06, 0x00, 0x00, 0xC0, 0x00, 0x18, 0x00, 0x03,
    0x00, 0x00, 0x60, 0x00, 0x0C, 0x00, 0x01, 0x80, 0x00, 0x30, 0x00, 0x06, 0x00, 0x00, 0x3F, 0xF0,
    0x0F, 0xFF, 0xC0, 0xE0, 0x3F, 0x0F, 0xF8, 0x70, 0xFF, 0xE3, 0x83, 0xFE, 0x38, 0x00, 0x61, 0x80,
    0x00, 0x7F, 0x00, 0x07, 0xF0, 0x00, 0x18, 0x00, 0x01, 0x80, 0x00, 0x18, 0x00, 0x01, 0x80, 0x00,
    0x18, 0x00, 0x01, 0x80, 0x00, 0x18, 0x00, 0x01, 0x80, 0x00, 0x18, 0x00, 0x01, 0x80, 0x00, 0x18,
    0x00, 0x01, 0x80, 0x00, 0x18, 0x00, 0x01, 0x80, 0x00, 0x18, 0x3E, 0x1F, 0xC3, 0xFC, 0x67, 0xCF,
    0xFD, 0xF9, 0xCE, 0x10, 0x3E, 0x1F, 0xC3, 0xF0, 0x63, 0x8F, 0xF9, 0xFF, 0x8E, 0x30, 0x06, 0x0F,
    0x1F, 0x8F, 0x07, 0xC0, 0xF8, 0x1E, 0x06, 0x06, 0x1F, 0xBF, 0x8F, 0x07, 0xE1, 0xFD, 0xFE, 0xF8,
    0x7F, 0x03, 0xC0, 0x60, 0xFF, 0xFF, 0xF0, 0xF0, 0x78, 0x1C, 0x0E, 0x03, 0x80, 0xE0, 0x30, 0x0C,
    0x03, 0x00, 0xC0, 0x3B, 0x0F, 0xE1, 0xF8, 0x3E, 0x07, 0x00, 0xC0, 0x30, 0x0E, 0x03, 0xFC, 0x7F,
    0x87, 0xF0, 0x0F, 0xFF, 0xFF, 0xC3, 0xC1, 0xE0, 0x70, 0x38, 0x0E, 0x03, 0x80, 0xE0, 0x30, 0x0C,
    0x03, 0x80, 0xE6, 0x1F, 0xC7, 0xF0, 0xFC, 0x0E, 0x00, 0x00, 0x00, 0xC0, 0x00, 0x00, 0x06, 0x3F,
    0xF0, 0x01, 0xFF, 0xFF, 0x80, 0x07, 0xF0, 0xF0, 0x18, 0x1C, 0x0F, 0x0C, 0xD8, 0xE0, 0x70, 0x66,
    0xC3, 0x07, 0x03, 0x06, 0x18, 0x38, 0x30, 0x18, 0xC1, 0xC1, 0x80, 0xC6, 0x0C, 0x0C, 0x06, 0x30,
    0x60, 0x00, 0x01, 0x83, 0x01, 0x83, 0x0C, 0x18, 0x0C, 0xD8, 0x60, 0xEC, 0x66, 0xC3, 0x07, 0xF0,
    0x30, 0x18, 0x1F, 0x80, 0x00, 0xC0, 0x7C, 0x00, 0x06, 0x01, 0xC0, 0x00, 0x30, 0x00, 0x06, 0x00,
    0x00, 0x00, 0x30, 0x00, 0x00, 0x01, 0xC0, 0x00, 0x00, 0x0F, 0xFE, 0x00, 0x00, 0x3F, 0xFC, 0x00,
    0x00, 0x7F, 0xE0, 0x00, 0x00, 0x03, 0x1F, 0xF8, 0x00, 0x7F, 0xFF, 0xC0, 0x03, 0xF8, 0x78, 0x0C,
    0x06, 0x07, 0x80, 0x60, 0x30, 0x38, 0x33, 0x61, 0x83, 0x81, 0x83, 0x0C, 0x1C, 0x0C, 0x18, 0x60,
    0xE0, 0xC0, 0x63, 0x06, 0x06, 0x03, 0x18, 0x30, 0x30, 0x18, 0xC1, 0x80, 0xC1, 0x86, 0x0C, 0x06,
    0x6C, 0x30, 0x76, 0x33, 0x61, 0x83, 0xF8, 0x18, 0x0C, 0x0F, 0xC0, 0x00, 0x60, 0x3E, 0x00, 0x03,
    0x00, 0xE0, 0x00, 0x18, 0x40, 0xF0, 0xF8, 0x3C, 0x1E, 0x0F, 0x03, 0x3F, 0x87, 0xFC, 0xF9, 0xCF,
    0x8C, 0xF9, 0xCD, 0xFC, 0xFF, 0x8E, 0x70, 0xF0, 0x07, 0xC0, 0x3F, 0x00, 0xFC, 0x03, 0xE0, 0x0F,
    0x00, 0x70, 0x03, 0x00, 0x30, 0xC0, 0x00, 0xC0, 0x00, 0xE0, 0x00, 0xFF, 0xF0, 0x7F, 0xF8, 0x1F,
    0xFC, 0x00, 0x1C, 0x00, 0x7F, 0x00, 0x7F, 0x00, 0x0C, 0x00, 0x0C, 0x00, 0x0C, 0x00, 0x0C, 0x00,
    0x0C, 0x00, 0x0C, 0x00, 0x0C, 0x00, 0x0C, 0x00, 0x0C, 0x00, 0x0C, 0x00, 0x0C, 0x00, 0x0C, 0x00,
    0x0C, 0x00, 0x0C, 0x00, 0x0C, 0xFF, 0xFF, 0xFF, 0xFF, 0xF0, 0x18, 0x00, 0x86, 0x00, 0x61, 0x82,
    0x1C, 0x61, 0xC7, 0x18, 0xF8, 0xC7, 0xFE, 0x39, 0xFB, 0x86, 0x18, 0x61, 0xC0, 0x38, 0x38, 0x0E,
    0x0F, 0x87, 0x80, 0xFF, 0xC0, 0x1F, 0xE0, 0x00, 0x00, 0x00, 0x00, 0x00, 0x1C, 0x00, 0x07, 0x00,
    0x01, 0xC0, 0xFF, 0xFF, 0xFF, 0xF1, 0x80, 0x06, 0x00, 0x18, 0xE0, 0x67, 0xE1, 0x9F, 0x86, 0x7E,
    0x18, 0xF8, 0x60, 0xE1, 0x83, 0x86, 0x1C, 0x1C, 0xF0, 0x7F, 0x80, 0xF8, 0x00, 0x00, 0x00, 0x00,
    0x1C, 0x00, 0x70, 0x01, 0xC0, 0xFF, 0xFF, 0xFF, 0xFF, 0x3C, 0x0C, 0x3F, 0x0C, 0x07, 0x8C, 0x03,
    0xCC, 0x07, 0xCC, 0x1F, 0x0C, 0x3C, 0x0C, 0x3E, 0x0C, 0x1F, 0x8C, 0x07, 0xCC, 0x01, 0xFC, 0x00,
    0x7C, 0x07, 0x3C, 0x07, 0x1C, 0x07, 0x0C, 0x00, 0x18, 0xC0, 0x06, 0x30, 0x39, 0x8F, 0x8F, 0x63,
    0xE7, 0xF8, 0xFF, 0xBE, 0x3F, 0xDF, 0x8C, 0xFF, 0xE3, 0x1F, 0x98, 0xDF, 0x06, 0x37, 0x81, 0xCD,
    0xF0, 0x7B, 0x3F, 0x1F, 0xC3, 0xF7, 0xF0, 0x1F, 0xBC, 0x1F, 0xE7, 0x1F, 0xF8, 0xC7, 0x8E, 0x01,
    0xF9, 0x80, 0x0F, 0x80, 0x00, 0xF0, 0x00, 0x18, 0x00, 0x60, 0x00, 0x30, 0x00, 0x18, 0x00, 0x0E,
    0x00, 0x07, 0x80, 0x01, 0xF0, 0x00, 0x7F, 0x00, 0x1F, 0xC0, 0x01, 0xF0, 0x00, 0x3C, 0x0F, 0x0E,
    0x0F, 0xC3, 0x0F, 0xF1, 0xC7, 0x39, 0xF3, 0x0C, 0xFD, 0xE6, 0xEE, 0xFF, 0xE7, 0x3F, 0xE1, 0x87,
    0x38, 0xC3, 0x9C, 0xE1, 0x86, 0x70, 0xFB, 0x70, 0x7F, 0xF8, 0x1F, 0xF8, 0x00, 0x30, 0x00, 0x60,
    0x1E, 0x03, 0xE0, 0x7E, 0x33, 0xBF, 0x6F, 0xFB, 0xBE, 0xEF, 0x1B, 0x80, 0x00, 0x06, 0x00, 0x70,
    0x03, 0xE0, 0x1F, 0x03, 0x38, 0xFD, 0xCF, 0xFE, 0xEF, 0xEF, 0xFE, 0x7F, 0xE1, 0xFE, 0x0D, 0xC0,
    0x00, 0x0E, 0x03, 0xF8, 0x7F, 0xCF, 0x1E, 0xE0, 0xEE, 0x0E, 0xC0, 0x6C, 0x06, 0xE0, 0xEE, 0x0E,
    0xF1, 0xE7, 0xFC, 0x3F, 0x80, 0xE0, 0xC0, 0x18, 0x03, 0x80, 0x70, 0x0F, 0x00, 0xF8, 0x0F, 0x80,
    0x7C, 0x07, 0x80, 0x38, 0x07, 0x3C, 0x67, 0x9C, 0xF3, 0x9F, 0xF1, 0xFC, 0x1E, 0x00, 0x60, 0x03,
    0x00, 0x1C, 0x00, 0xF0, 0x03, 0xF8, 0x0F, 0xE0, 0x07, 0x80, 0x1C, 0x00, 0x60, 0x07, 0x38, 0xF9,
    0xFF, 0x8F, 0xF8, 0x0F, 0xC0, 0x1F, 0x00, 0x3E, 0x00, 0x78, 0x01, 0xC0, 0x00, 0x61, 0xF8, 0xC7,
    0xF9, 0x8F, 0xF3, 0x9F, 0x77, 0x3E, 0xE6, 0x00, 0xCE, 0x01, 0x9C, 0x07, 0x1C, 0x0E, 0x3C, 0x3C,
    0x3F, 0xF0, 0x3F, 0xC0, 0x1E, 0x00, 0x3F, 0x0F, 0xF3, 0xC7, 0x70, 0x6C, 0x1D, 0xC7, 0x9F, 0xE3,
    0xFC, 0x7F, 0xDE, 0x3F, 0x83, 0xE0, 0x3E, 0x0F, 0xC1, 0xFF, 0xFB, 0xFE, 0x1F, 0x00, 0x06, 0x00,
    0x70, 0x07, 0x80, 0x7E, 0x07, 0x78, 0x71, 0xF3, 0x83, 0xDC, 0x1C, 0xC1, 0xC6, 0x0E, 0x38, 0x61,
    0xC3, 0x8E, 0x1C, 0x3C, 0x78, 0xFF, 0xE3, 0xFE, 0x07, 0xC0, 0x0F, 0x00, 0x1E, 0x00, 0x0C, 0x03,
    0x18, 0x0E, 0x31, 0x9C, 0x67, 0x98, 0xCF, 0x39, 0xFE, 0x73, 0xEC, 0x63, 0x98, 0xE0, 0x71, 0xE0,
    0xE1, 0xE3, 0xC1, 0xFF, 0x01, 0xFC, 0x00, 0x1F, 0x87, 0xFC, 0xF1, 0xCE, 0x1C, 0xE0, 0xCC, 0x0C,
    0xE0, 0xCF, 0xFC, 0x7F, 0xC1, 0xFC, 0x00, 0xC0, 0x0C, 0x00, 0xC0, 0x0C, 0x00, 0xF0, 0x0F, 0x00,
    0x70, 0xF0, 0x03, 0xC0, 0x03, 0x00, 0x0C, 0x00, 0x30, 0x00, 0xC0, 0x73, 0xF1, 0xCF, 0xFF, 0x3F,
    0xF8, 0xC3, 0x83, 0x06, 0x0C, 0x18, 0x30, 0xE0, 0xE3, 0x83, 0xFC, 0x07, 0xE0, 0x0E, 0x00, 0x00,
    0x06, 0x00, 0x30, 0x01, 0xC0, 0x0F, 0x80, 0x3F, 0x80, 0xFF, 0x00, 0xFE, 0x00, 0xF9, 0xE1, 0xDF,
    0x8F, 0xFE, 0x3E, 0x73, 0xE1, 0x9F, 0xCF, 0xDF, 0xFE, 0x77, 0xC0, 0x08, 0x00, 0xFF, 0xFF, 0xFF,
    0xFC, 0x00, 0xE0, 0x07, 0xC0, 0x3F, 0x81, 0xFB, 0x0F, 0xE6, 0x3F, 0xEC, 0x78, 0xF8, 0x7C, 0xF0,
    0x7E, 0x60, 0x1E, 0xC0, 0x1F, 0x80, 0x0F, 0x00, 0x0E, 0x00, 0x1C, 0xFF, 0xFF, 0xFF, 0xFC, 0x00,
    0xE0, 0x07, 0xC0, 0x3F, 0x81, 0xFB, 0x0F, 0xC6, 0x3E, 0x0C, 0x78, 0x18, 0x7C, 0x30, 0x7E, 0x61,
    0x9E, 0xC3, 0xDF, 0x87, 0xEF, 0x01, 0xEE, 0x01, 0xDC, 0x00, 0x00, 0x00, 0x07, 0x00, 0x7C, 0x07,
    0xE0, 0x0F, 0x00, 0x78, 0x03, 0xC0, 0x1E, 0x00, 0xE0, 0x07, 0x00, 0x70, 0x02, 0xF0, 0x1E, 0x03,
    0xC0, 0x18, 0x03, 0x01, 0xFF, 0xBF, 0xF7, 0xFE, 0x30, 0x06, 0x38, 0xCF, 0x99, 0xF3, 0x3E, 0x63,
    0xCC, 0x39, 0x87, 0x39, 0xC7, 0xF8, 0xFE, 0x07, 0x00, 0x00, 0x40, 0x1C, 0x03, 0x80, 0xE0, 0x1C,
    0x07, 0x01, 0xE0, 0x38, 0x0E, 0x07, 0xC1, 0xF0, 0x7C, 0x0E, 0x00, 0x80, 0x00, 0x00, 0x18, 0x01,
    0xC0, 0x0E, 0x00, 0x70, 0x03, 0x80, 0x18, 0xE1, 0xCF, 0xCE, 0xFF, 0x67, 0xBF, 0x3C, 0xF1, 0xEF,
    0x80, 0x78, 0x03, 0xC0, 0x3C, 0x01, 0xC0, 0x0C, 0x00, 0x00, 0x0C, 0x00, 0x30, 0x01, 0xC0, 0x07,
    0x38, 0x1F, 0xF8, 0x6F, 0xF3, 0xBC, 0xCE, 0xF7, 0x31, 0xFD, 0xC3, 0xE7, 0x3F, 0x38, 0xF0, 0xE3,
    0x0F, 0x0F, 0xF8, 0x3F, 0xC0, 0x3C, 0x00, 0xF7, 0x8C, 0x63, 0x18, 0xC6, 0x31, 0x8C, 0x63, 0x18,
    0xC6, 0xF0, 0x03, 0xC0, 0x03, 0x00, 0x0C, 0x00, 0x30, 0xF0, 0xC7, 0xC3, 0x3F, 0x0D, 0xEC, 0x3E,
    0x30, 0xF0, 0xC3, 0x83, 0x0C, 0x0C, 0x00, 0x30, 0x00, 0xC0, 0x03, 0xC0, 0x0F, 0x00, 0x1C, 0x1C,
    0x1F, 0xCF, 0xFB, 0x8E, 0xC1, 0xB0, 0x6E, 0x3B, 0xFE, 0x7F, 0x07, 0x00, 0x00, 0x08, 0x00, 0x38,
    0x00, 0x70, 0x00, 0xEE, 0x73, 0x9C, 0xE7, 0x1D, 0xDC, 0x38, 0x78, 0x3F, 0xE0, 0x7F, 0x80, 0x3C,
    0x00, 0x20, 0x70, 0xF0, 0xE0, 0xC0, 0xE0, 0xE0, 0xE0, 0x70, 0x38, 0x38, 0x1C, 0x0E, 0x06, 0x06,
    0x66, 0x66, 0x66, 0x76, 0xE7, 0x0E, 0x3F, 0xC1, 0xF8, 0x0F, 0x00, 0x00, 0x04, 0x00, 0xE0, 0x0F,
    0x00, 0x78, 0x01, 0xC0, 0x0E, 0x00, 0x40, 0x3C, 0x3F, 0x3F, 0xDC, 0xEE, 0x77, 0xF9, 0xF8, 0x78,
    0x00, 0xE0, 0xE0, 0x7C, 0x6E, 0x7E, 0xFE, 0x7C, 0x0F, 0x03, 0x06, 0x04, 0xD1, 0x83, 0x00, 0x04,
    0x07, 0x80, 0xC0, 0x01, 0x04, 0x60, 0xC0, 0xC0, 0x10, 0x00, 0xFF, 0xFF, 0xFF, 0x01, 0xE0, 0x3C,
    0x07, 0x80, 0xF0, 0x1E, 0x03, 0xC0, 0x78, 0x0F, 0x01, 0xE0, 0x3C, 0x07, 0x80, 0xF0, 0x1E, 0x03,
    0xFF, 0xFF, 0xFC, 0x06, 0x04, 0xD1, 0x83, 0x00, 0x04, 0x07, 0x80, 0xC0, 0x01, 0x04, 0x60, 0xC0,
    0xC0, 0x10, 0x00, 0x1F, 0x87, 0xFC, 0xF1, 0xCE, 0x1C, 0xE0, 0xCC, 0xCC, 0xFE, 0xCF, 0xEC, 0x7E,
    0xC3, 0xCC, 0x00, 0xC0, 0x0C, 0x00, 0xC0, 0x0C, 0x00, 0xF0, 0x0F, 0x00, 0x70, 0x0C, 0xBB, 0x76,
    0xD9, 0xFE, 0x3F, 0x07, 0x80, 0x3E, 0x1F, 0xC7, 0x71, 0x8C, 0x77, 0x1F, 0xC3, 0xE0, 0x70, 0x70,
    0x1E, 0x03, 0xC0, 0x78, 0x0F, 0x01, 0xC0, 0x38, 0x07, 0x01, 0xC0, 0x00, 0x7C, 0xFE, 0xEE, 0xC6,
    0xEE, 0xFE, 0x7C, 0x38, 0x38, 0x7C, 0xFE, 0xEE, 0xC6, 0xEE, 0xFE, 0x7C, 0x38, 0xFF, 0xFF, 0xFF,
    0xFF, 0xFF, 0xFC, 0x07, 0x80, 0xC3, 0x07, 0xC1, 0x86, 0x1F, 0xC3, 0x0E, 0x3F, 0xC6, 0x1C, 0x7B,
    0x8C, 0x18, 0xF3, 0x18, 0x38, 0x06, 0x30, 0x38, 0x1C, 0x60, 0x78, 0x3C, 0xC0, 0x7F, 0xFD, 0x80,
    0x7F, 0xFF, 0x00, 0x1E, 0x1E, 0x00, 0x00, 0x1C, 0x00, 0x00, 0x38, 0x00, 0x00, 0x00, 0x60, 0x00,
    0x00, 0x01, 0x8F, 0xFF, 0xFF, 0xFF, 0xFF, 0xFF, 0xFF, 0xFF, 0x01, 0xE0, 0x31, 0xE0, 0x83, 0xE0,
    0xC3, 0x86, 0x1F, 0xC3, 0x06, 0x1C, 0x7F, 0x8C, 0x18, 0x71, 0xEE, 0x30, 0x60, 0xC7, 0x98, 0xC1,
    0x83, 0x80, 0x63, 0x06, 0x07, 0x03, 0x8C, 0x18, 0x1E, 0x0F, 0x30, 0x60, 0x3F, 0xFE, 0xC1, 0x80,
    0x7F, 0xFF, 0x06, 0x00, 0x3C, 0x7C, 0x18, 0x00, 0x00, 0xF0, 0x60, 0x00, 0x01, 0xC1, 0x80, 0x00,
    0x03, 0x06, 0x00, 0xC0, 0x03, 0x00, 0x0E, 0x00, 0x3F, 0xE0, 0x7F, 0xE0, 0x7F, 0x80, 0x06, 0x3F,
    0xFF, 0xFF, 0xFC, 0x78, 0x00, 0xF8, 0x07, 0xF8, 0x1F, 0xE0, 0x79, 0xC1, 0xE7, 0x00, 0x0C, 0x00,
    0x70, 0x87, 0xC7, 0xFE, 0x1F, 0xF0, 0x0F, 0xC0, 0x07, 0xC0, 0x0F, 0x80, 0x0F, 0x00, 0x1C, 0x00,
    0x00, 0x60, 0x00, 0x18, 0x00, 0x07, 0x00, 0x01, 0xFF, 0xC0, 0x3F, 0xF8, 0x03, 0xFF, 0x00, 0x00,
    0xC3, 0xFF, 0xFF, 0xFF, 0xFF, 0xCE, 0x00, 0x01, 0xE0, 0x00, 0xFE, 0x38, 0x3F, 0xDF, 0x0F, 0x3F,
    0xC3, 0xCF, 0xF0, 0x03, 0xDC, 0x00, 0xE6, 0x0C, 0x71, 0x83, 0xF8, 0x60, 0x7C, 0x18, 0x0E, 0x07,
    0x00, 0x01, 0xC0, 0x00, 0x70, 0x00, 0x0C, 0x30, 0x00, 0x0C, 0x00, 0x03, 0x80, 0x00, 0xFF, 0xE0,
    0x1F, 0xFC, 0x01, 0xFF, 0x80, 0x00, 0xE3, 0xFF, 0xFF, 0xFF, 0xFF, 0xC0, 0x60, 0x00, 0x18, 0x01,
    0x86, 0x00, 0x71, 0x87, 0x1C, 0x63, 0xE3, 0x19, 0xF8, 0xE7, 0xFE, 0x39, 0xF9, 0x87, 0x18, 0x60,
    0xE0, 0x38, 0x3E, 0x1E, 0x07, 0xFF, 0x00, 0x7F, 0x80, 0x0C, 0x00, 0x00, 0x60, 0x00, 0x03, 0x80,
    0x00, 0x1F, 0xFE, 0x00, 0x7F, 0xF8, 0x00, 0xFF, 0xE0, 0x00, 0x03, 0x1F, 0xFF, 0xFF, 0xFF, 0xFF,
    0xF8, 0x03, 0x00, 0x00, 0x18, 0x00, 0x4C, 0xC0, 0x07, 0x66, 0x1C, 0x3B, 0xB0, 0xF0, 0xDD, 0x8F,
    0x87, 0xEF, 0xFC, 0x1B, 0xFE, 0x60, 0xFC, 0xC7, 0x03, 0xF0, 0x38, 0x0F, 0xE3, 0xC0, 0x3F, 0xFC,
    0x00, 0x7F, 0xC0, 0x00, 0x18, 0xC0, 0x06, 0x30, 0x39, 0x8F, 0x8F, 0x63, 0xE7, 0xF8, 0xFF, 0xBE,
    0x3F, 0xDF, 0x8C, 0xFF, 0xE3, 0x1F, 0x98, 0xDF, 0x06, 0x37, 0x81, 0xCD, 0xF0, 0x7B, 0x3F, 0x1F,
    0xC3, 0xF7, 0xF0, 0x1F, 0xBC, 0x03, 0xE7, 0x00, 0x78, 0xC0, 0x0E, 0x00, 0x01, 0x80, 0x60, 0x03,
    0x00, 0x1C, 0x00, 0xE0, 0x07, 0xC0, 0x1F, 0xC0, 0x3F, 0x80, 0x7E, 0x00, 0x78, 0x01, 0xCF, 0x0E,
    0xFC, 0x3F, 0xF3, 0xF3, 0x9F, 0x0C, 0xFF, 0x6E, 0xFF, 0xF3, 0xDE, 0x00, 0x40, 0x00, 0xFC, 0x03,
    0xFC, 0x0F, 0x38, 0x3C, 0x30, 0x70, 0x60, 0xF0, 0xF1, 0xF1, 0xF3, 0xE3, 0xC7, 0xC7, 0x87, 0x0F,
    0x80, 0x1F, 0x00, 0x37, 0xFF, 0x6F, 0xFF, 0xC7, 0xFF, 0x80, 0x07, 0x00, 0x06, 0x03, 0x00, 0x00,
    0x60, 0x00, 0x0E, 0x00, 0x01, 0xFE, 0x00, 0x1F, 0xF8, 0x00, 0xFF, 0x80, 0x00, 0x78, 0x07, 0xE7,
    0x01, 0xFE, 0x60, 0x79, 0xDC, 0x1E, 0x1B, 0x83, 0x83, 0xF0, 0x78, 0x7C, 0x0F, 0x8E, 0x39, 0xF1,
    0x86, 0x3E, 0x30, 0xC3, 0x86, 0x1C, 0x00, 0xC3, 0x80, 0x18, 0x7F, 0xFB, 0x07, 0xFF, 0xE0, 0x3F,
    0xFC, 0x00, 0x03, 0x80, 0x00, 0x30, 0x00, 0x7E, 0x00, 0x7F, 0x88, 0x79, 0xDC, 0x70, 0x6E, 0x3C,
    0x33, 0x9E, 0x39, 0xCF, 0x7C, 0x73, 0x3E, 0x38, 0x1F, 0x8E, 0x01, 0xC7, 0x00, 0x61, 0xE0, 0x70,
    0x7C, 0x78, 0x1F, 0xF8, 0x03, 0xF8, 0x01, 0x80, 0x00, 0x18, 0x00, 0x01, 0xC0, 0x00, 0x1F, 0xE0,
    0x00, 0xFF, 0xC0, 0x03, 0xFE, 0x00, 0x00, 0xF0, 0x07, 0xE7, 0x00, 0xFF, 0x30, 0x1E, 0x73, 0xE3,
    0x83, 0x7E, 0x38, 0x3F, 0x73, 0xC7, 0xE7, 0x3D, 0xFC, 0x73, 0xDF, 0x03, 0x81, 0xF8, 0x3C, 0x03,
    0x81, 0xC0, 0x18, 0x0E, 0x03, 0x80, 0x7C, 0x78, 0x03, 0xFF, 0x00, 0x0F, 0xE0, 0xFF, 0xFF, 0xFF,
    0xFF, 0xFF, 0xC0, 0x06, 0x00, 0x01, 0xFE, 0x00, 0x3F, 0xF8, 0x07, 0xED, 0xE0, 0xFC, 0x63, 0x8F,
    0x83, 0x1C, 0x7C, 0x19, 0xE1, 0xF8, 0xDF, 0x07, 0xE6, 0xF8, 0x07, 0xB7, 0xC0, 0x0F, 0x9C, 0x00,
    0x3C, 0x00, 0x00, 0xE0, 0x00, 0x07, 0x00, 0x00, 0x18, 0x00, 0x18, 0xE3, 0x1F, 0xE7, 0x9F, 0xEF,
    0x98, 0xFF, 0x98, 0xFD, 0x98, 0x3B, 0x98, 0x07, 0x98, 0x7F, 0x18, 0x7C, 0x18, 0x7E, 0x18, 0x3F,
    0x18, 0x07, 0xD8, 0x01, 0xF8, 0x00, 0xF8, 0x00, 0x78, 0x00, 0x38, 0x00, 0x18, 0x00, 0x0C, 0x00,
    0x06, 0x03, 0xF3, 0xE7, 0xFD, 0xF3, 0xCF, 0xC3, 0x81, 0xE1, 0xF8, 0x70, 0xFF, 0x38, 0x3F, 0x8C,
    0x00, 0xC6, 0x00, 0xE3, 0x00, 0x71, 0x80, 0xF8, 0xC0, 0x78, 0x60, 0x30, 0x30, 0x00, 0x18, 0x00,
    0x0C, 0x00, 0x06, 0x00, 0x03, 0x00, 0xFF, 0xFF, 0xFF, 0xFF, 0x38, 0x18, 0x30, 0x18, 0x38, 0x98,
    0x3F, 0x98, 0x1F, 0x98, 0x0F, 0x18, 0x3E, 0x18, 0x3C, 0x18, 0x3F, 0x18, 0x1F, 0x98, 0x03, 0xD8,
    0x00, 0xF8, 0x00, 0x78, 0x00, 0x38, 0x18, 0x7C, 0x07, 0x3F, 0x81, 0xFC, 0xE0, 0x3F, 0x38, 0x63,
    0xFE, 0x18, 0x7F, 0x07, 0x1B, 0xB1, 0xC6, 0x3E, 0x39, 0xFF, 0x8E, 0x7F, 0x61, 0xC7, 0x18, 0x78,
    0x0E, 0x0F, 0x87, 0x81, 0xFF, 0xC0, 0x1F, 0xE0, 0xFF, 0xFF, 0xFF, 0xF1, 0xC0, 0x07, 0x00, 0x1F,
    0x80, 0x7F, 0x81, 0xBF, 0x06, 0x1C, 0x18, 0x30, 0x61, 0xC1, 0x87, 0x06, 0x38, 0x1D, 0xE0, 0x7F,
    0x00, 0xF8, 0x00, 0xFF, 0xFF, 0xFF, 0xFF, 0x38, 0x00, 0x3F, 0xE0, 0x3F, 0xF8, 0x33, 0xFC, 0x31,
    0xDC, 0x31, 0xCC, 0x3F, 0x8C, 0x3F, 0x9C, 0x0E, 0x3C, 0x10, 0xF8, 0x1F, 0xF0, 0x1F, 0xE0, 0x03,
    0xF8, 0x00, 0x7E, 0x00, 0x1F, 0x00, 0x07, 0x00, 0x00, 0xFF, 0xFF, 0xFF, 0xFF, 0xFF, 0xF0, 0x1F,
    0xE0, 0x08, 0x73, 0xF8, 0x63, 0x87, 0xF1, 0xCE, 0x07, 0xC7, 0x30, 0xC7, 0x0C, 0xFF, 0x9C, 0x3B,
    0xFE, 0x70, 0xE3, 0x99, 0x81, 0xC0, 0xE6, 0x07, 0x03, 0x98, 0x0F, 0x1E, 0x70, 0x1F, 0xF1, 0xC0,
    0x3F, 0x87, 0x00, 0x00, 0x1C, 0x00, 0x00, 0x00, 0x00, 0x00, 0xC0, 0x00, 0x06, 0x3F, 0xFE, 0x3F,
    0xFF, 0xF1, 0xF0, 0x01, 0x8C, 0x00, 0x7C, 0x60, 0x0F, 0xE3, 0x01, 0xFB, 0x18, 0x3F, 0x18, 0xC3,
    0xE0, 0xC6, 0x1E, 0x07, 0x30, 0x7C, 0x3D, 0x81, 0xF9, 0xFC, 0x01, 0xEF, 0xE0, 0x07, 0xEF, 0x00,
    0x0F, 0x38, 0x00, 0x78, 0xC0, 0x01, 0xC0, 0x00, 0x00, 0xFC, 0x70, 0x03, 0xFD, 0xF0, 0x0F, 0x3F,
    0xF0, 0x3C, 0x3C, 0x60, 0x70, 0x70, 0xC0, 0xE0, 0xE3, 0xB1, 0xF1, 0x9F, 0x73, 0xE3, 0x7E, 0xC7,
    0xC7, 0x7D, 0x87, 0x8E, 0x1B, 0x80, 0x1E, 0x77, 0x00, 0x3F, 0xE7, 0xFF, 0x6F, 0x8F, 0xFF, 0xCE,
    0x07, 0xFF, 0x80, 0x00, 0x07, 0x00, 0x00, 0x06, 0x00, 0x60, 0x00, 0xC0, 0x01, 0xC0, 0x03, 0xFF,
    0x03, 0xFF, 0x01, 0xFF, 0x00, 0x06, 0x7F, 0xFF, 0xFF, 0xFE, 0x30, 0x00, 0x60, 0x00, 0xC3, 0x81,
    0x8F, 0x83, 0x1F, 0x06, 0x3E, 0x0C, 0x3C, 0x18, 0x38, 0x30, 0x70, 0x61, 0xC0, 0xE7, 0x81, 0xFE,
    0x01, 0xF8, 0x00, 0x00, 0x00, 0x30, 0x01, 0xC0, 0x07, 0x00, 0x18, 0x00, 0x70, 0x00, 0xC0, 0x03,
    0x80, 0xFF, 0xFF, 0xFF, 0xF0, 0x7C, 0x00, 0xF0, 0x03, 0xE0, 0x1D, 0x80, 0x77, 0x01, 0xDC, 0x0F,
    0x70, 0xF8, 0xC7, 0xC3, 0x1C, 0x1C, 0x70, 0x70, 0xE1, 0xC3, 0xFE, 0x07, 0xF0, 0x07, 0x80, 0xFF,
    0xFF, 0xFF, 0xFF, 0xF0, 0x18, 0x00, 0x86, 0x00, 0x61, 0x82, 0x1C, 0x61, 0xC7, 0x18, 0xF8, 0xC7,
    0xFE, 0x39, 0xFB, 0x86, 0x18, 0x61, 0xC0, 0x38, 0x38, 0x0E, 0x0F, 0x87, 0x80, 0xFF, 0xC0, 0x1F,
    0xE0, 0xFF, 0xFF, 0xFF, 0xF1, 0x80, 0x06, 0x00, 0x18, 0x60, 0x63, 0xE1, 0x8F, 0x86, 0x3E, 0x18,
    0x78, 0x60, 0xE1, 0x83, 0x86, 0x1C, 0x1C, 0xF0, 0x7F, 0x80, 0xF8, 0x00, 0x00, 0x30, 0x00, 0x60,
    0xFC, 0xFB, 0xFD, 0xFF, 0x3F, 0x1C, 0x1E, 0x30, 0x1C, 0x77, 0x18, 0xEE, 0x31, 0xFE, 0x61, 0xF8,
    0xC0, 0xE1, 0x80, 0x03, 0x00, 0x06, 0x00, 0x0C, 0x00, 0x18, 0x00, 0x30, 0x00, 0x60, 0x00, 0xC0,
    0xFF, 0xFF, 0xFF, 0xFF, 0xF0, 0x00, 0x01, 0x83, 0xF0, 0x61, 0xFF, 0x1C, 0x7F, 0xE7, 0x1F, 0x38,
    0xE7, 0xCE, 0x38, 0x01, 0x87, 0x00, 0x61, 0xC0, 0x38, 0x3C, 0x1E, 0x07, 0xFF, 0x00, 0xFF, 0x80,
    0x07, 0x80, 0x00, 0x18, 0x00, 0x18, 0x7E, 0x1F, 0xFF, 0x1F, 0xE3, 0x98, 0xF3, 0x98, 0xF1, 0x98,
    0xF3, 0x98, 0x07, 0x98, 0x7F, 0x18, 0x7E, 0x18, 0x7E, 0x18, 0x3F, 0x98, 0x07, 0xD8, 0x01, 0xF8,
    0x00, 0xF8, 0x00, 0x78, 0x00, 0x38, 0x00, 0x18, 0xFF, 0xFF, 0xFF, 0xF3, 0x00, 0x0C, 0x08, 0x30,
    0xF0, 0xC7, 0xC3, 0x7F, 0x0F, 0xDC, 0x3E, 0x70, 0xF1, 0x83, 0x86, 0x04, 0x18, 0x00, 0x60, 0x01,
    0xC0, 0x07, 0x00, 0x1C, 0x00, 0x00, 0x1F, 0x3E, 0x7E, 0x7C, 0xFC, 0xC1, 0x83, 0x83, 0xBF, 0x03,
    0xFE, 0x07, 0xCC, 0x3E, 0x18, 0xF0, 0x30, 0xF8, 0x61, 0xF8, 0xC0, 0xFD, 0x80, 0x3F, 0x00, 0x3E,
    0x00, 0x3C, 0x00, 0x38, 0x00, 0x30, 0xFF, 0xFF, 0xFF, 0xFF, 0x00, 0x18, 0x00, 0x18, 0x00, 0x18,
    0x3F, 0x18, 0x7F, 0xD8, 0x7D, 0xF8, 0x7C, 0xF8, 0x7C, 0x38, 0x00, 0x38, 0x00, 0x18, 0x00, 0x18,
    0x00, 0x18, 0x00, 0x18, 0x00, 0x18, 0x00, 0x03, 0x00, 0x00, 0x60, 0x3F, 0x8F, 0x8F, 0xF9, 0xF3,
    0xC7, 0xB0, 0x70, 0x3E, 0x1F, 0x0F, 0xC3, 0xFB, 0xF8, 0x3F, 0xF7, 0x00, 0x7C, 0x60, 0x1F, 0x0C,
    0x03, 0xC1, 0x80, 0x70, 0x30, 0x04, 0x06, 0x00, 0x00, 0xC0, 0x00, 0x18, 0x00, 0x03, 0x00, 0x00,
    0x60, 0x00, 0x0C, 0x00, 0xFF, 0xFF, 0xFF, 0xFF, 0xFF, 0xDF, 0x00, 0x00, 0x7C, 0x3E, 0x00, 0xF1,
    0xFC, 0x01, 0xCD, 0xF0, 0x3E, 0x61, 0xC7, 0xE3, 0x0E, 0x3C, 0x18, 0xF1, 0xE0, 0xCF, 0x8F, 0xC6,
    0x7C, 0x1F, 0x33, 0xE0, 0x1D, 0x8E, 0x00, 0x7C, 0x00, 0x01, 0xE0, 0x00, 0x07, 0x00, 0xFF, 0xFF,
    0xFF, 0xFC, 0x00, 0xE0, 0x07, 0xC0, 0x3F, 0x81, 0xFB, 0x0F, 0xC6, 0x3E, 0x0C, 0x78, 0x18, 0x7C,
    0x30, 0x7E, 0x60, 0x1E, 0xC0, 0x1F, 0x80, 0x0F, 0x00, 0x0E, 0x00, 0x1C, 0xFF, 0xFF, 0xFF, 0xFF,
    0xF0, 0x00, 0x01, 0x80, 0x10, 0x63, 0xCE, 0x1C, 0xF7, 0xC7, 0x3F, 0xF0, 0xCF, 0xFC, 0x38, 0xE3,
    0x06, 0x00, 0xC1, 0xC0, 0x70, 0x3C, 0x1C, 0x07, 0xFE, 0x00, 0xFF, 0x00, 0x0F, 0x00, 0xFF, 0xFF,
    0xFF, 0xFF, 0x78, 0x18, 0x7C, 0x18, 0x0E, 0x18, 0x0E, 0x18, 0x06, 0x18, 0x1E, 0x18, 0x3F, 0x98,
    0x3F, 0xF8, 0x3E, 0xF8, 0x1E, 0x78, 0x00, 0x38, 0x00, 0x18, 0x00, 0x18, 0x00, 0x18, 0xFF, 0xFF,
    0xFF, 0xFF, 0x7C, 0x0C, 0x3F, 0x0C, 0x0F, 0x8C, 0x03, 0xCC, 0x0F, 0xCC, 0x1F, 0x0C, 0x3C, 0x0C,
    0x3E, 0x0C, 0x1F, 0x8C, 0x07, 0xCC, 0x01, 0xEC, 0x00, 0x7C, 0x00, 0x3C, 0x00, 0x1C, 0xFF, 0xFF,
    0xFF, 0xFC, 0x00, 0xE0, 0x07, 0xC0, 0x3F, 0x81, 0xFB, 0x0F, 0xC6, 0x3E, 0x0C, 0x7C, 0x18, 0x7E,
    0x30, 0x7E, 0x60, 0x1E, 0xC0, 0x1F, 0x81, 0xCF, 0x03, 0x8E, 0x07, 0x1C, 0xFF, 0xFF, 0xFF, 0xFF,
    0xFC, 0x00, 0x0C, 0x00, 0x01, 0x80, 0xE3, 0xB0, 0x7F, 0xFE, 0x1F, 0xFF, 0xC3, 0x8E, 0x38, 0x60,
    0xC3, 0x0F, 0xD8, 0x61, 0xFC, 0x0C, 0x3F, 0x81, 0x83, 0xE0, 0x30, 0x1C, 0x06, 0x00, 0x00, 0xC0,
    0x00, 0x18, 0x00, 0x06, 0x00, 0x01, 0x8F, 0x9F, 0x7F, 0xFF, 0xFF, 0x0F, 0x1E, 0x01, 0x83, 0x81,
    0xF8, 0x60, 0xFF, 0x98, 0x3F, 0xE6, 0x0F, 0xF9, 0x83, 0xFE, 0x60, 0xE7, 0x18, 0x00, 0x06, 0x00,
    0x01, 0x80, 0x00, 0x60, 0x00, 0x18, 0x00, 0x06, 0x00, 0x01, 0x80, 0x00, 0x60, 0xFF, 0xFF, 0xFF,
    0xFF, 0x7C, 0x0C, 0x3F, 0x0C, 0x0F, 0x8C, 0x03, 0xEC, 0x0F, 0xFC, 0x1F, 0x3C, 0x3C, 0x1C, 0x3E,
    0x0C, 0x1F, 0x8C, 0x07, 0xCC, 0x01, 0xEC, 0x00, 0x7C, 0x00, 0x3C, 0x00, 0x1C, 0xFF, 0xFF, 0xFF,
    0xFF, 0x78, 0x18, 0x7C, 0x18, 0x1E, 0xD8, 0x07, 0xF8, 0x07, 0xF8, 0x07, 0x98, 0x03, 0x18, 0x67,
    0x18, 0x7E, 0x18, 0x3E, 0x18, 0x1C, 0x18, 0x00, 0x18, 0x00, 0x18, 0x00, 0x18, 0xFF, 0xFF, 0xFF,
    0xF1, 0xE0, 0x03, 0xE0, 0x1F, 0xE0, 0x7F, 0xC1, 0xE7, 0x03, 0x0C, 0x00, 0x70, 0x01, 0xC3, 0xFF,
    0x1F, 0xF8, 0x3F, 0x80, 0x1F, 0x80, 0x1F, 0x00, 0x1E, 0x00, 0x1C, 0x00, 0x20, 0xFF, 0x80, 0xFE,
    0x03, 0xF8, 0x00, 0x60, 0x03, 0xE0, 0x1F, 0xE0, 0x7F, 0xC1, 0xE7, 0x03, 0x0C, 0x00, 0x30, 0x01,
    0xC3, 0xFF, 0x0F, 0xF8, 0x3F, 0x80, 0x1F, 0x80, 0x0F, 0x00, 0x1F, 0x00, 0x1C, 0x00, 0x20, 0x18,
    0x18, 0xFF, 0xFF, 0x38, 0x38, 0x18, 0x18, 0x18, 0x18, 0x18, 0x18, 0x18, 0x18, 0x18, 0x18, 0x18,
    0x18, 0x18, 0x07, 0xF8, 0x03, 0xFF, 0xC0, 0xF8, 0x7C, 0x3C, 0x01, 0xE7, 0x00, 0x1C, 0xE0, 0x01,
    0x8E, 0x00, 0x07, 0xF0, 0x00, 0xFE, 0x00, 0x03, 0x00, 0x00, 0x60, 0x00, 0x0C, 0x00, 0x01, 0x80,
    0x00, 0x30, 0x00, 0x06, 0x00, 0x00, 0xC0, 0x00, 0x18, 0x00, 0x03, 0x00, 0x00, 0x60, 0x00, 0x0C,
    0x00, 0x01, 0x80, 0x00, 0x30, 0x00, 0x06, 0x00, 0x00, 0x3F, 0xF0, 0x0F, 0xFF, 0xC0, 0xE0, 0x3F,
    0x0F, 0xF8, 0x70, 0xFF, 0xE3, 0x83, 0xFE, 0x38, 0x00, 0x61, 0x80, 0x00, 0x7F, 0x00, 0x07, 0xF0,
    0x00, 0x18, 0x00, 0x01, 0x80, 0x00, 0x18, 0x00, 0x01, 0x80, 0x00, 0x18, 0x00, 0x01, 0x80, 0x00,
    0x18, 0x00, 0x01, 0x80, 0x00, 0x18, 0x00, 0x01, 0x80, 0x00, 0x18, 0x00, 0x01, 0x80, 0x00, 0x18,
    0x00, 0x01, 0x80, 0x00, 0x18, 0x3E, 0x1F, 0xC3, 0xFC, 0x67, 0xCF, 0xFD, 0xF9, 0xCE, 0x10, 0x3E,
    0x1F, 0xC3, 0xF0, 0x63, 0x8F, 0xF9, 0xFF, 0x8E, 0x30, 0x06, 0x0F, 0x1F, 0x8F, 0x07, 0xC0, 0xF8,
    0x1E, 0x06, 0x06, 0x1F, 0xBF, 0x8F, 0x07, 0xE1, 0xFD, 0xFE, 0xF8, 0x7F, 0x03, 0xC0, 0x60, 0xFF,
    0xFF, 0xF0, 0xF0, 0x78, 0x1C, 0x0E, 0x03, 0x80, 0xE0, 0x30, 0x0C, 0x03, 0x00, 0xC0, 0x3B, 0x0F,
    0xE1, 0xF8, 0x3E, 0x07, 0x00, 0xC0, 0x30, 0x0E, 0x03, 0xFC, 0x7F, 0x87, 0xF0, 0x0F, 0xFF, 0xFF,
    0xC3, 0xC1, 0xE0, 0x70, 0x38, 0x0E, 0x03, 0x80, 0xE0, 0x30, 0x0C, 0x03, 0x80, 0xE6, 0x1F, 0xC7,
    0xF0, 0xFC, 0x0E, 0x00, 0x00, 0x00, 0xC0, 0x00, 0x00, 0x06, 0x3F, 0xF0, 0x01, 0xFF, 0xFF, 0x80,
    0x07, 0xF0, 0xF0, 0x18, 0x1C, 0x0F, 0x0C, 0xD8, 0xE0, 0x70, 0x66, 0xC3, 0x07, 0x03, 0x06, 0x18,
    0x38, 0x30, 0x18, 0xC1, 0xC1, 0x80, 0xC6, 0x0C, 0x0C, 0x06, 0x30, 0x60, 0x00, 0x01, 0x83, 0x01,
    0x83, 0x0C, 0x18, 0x0C, 0xD8, 0x60, 0xEC, 0x66, 0xC3, 0x07, 0xF0, 0x30, 0x18, 0x1F, 0x80, 0x00,
    0xC0, 0x7C, 0x00, 0x06, 0x01, 0xC0, 0x00, 0x30, 0x00, 0x06, 0x00, 0x00, 0x00, 0x30, 0x00, 0x00,
    0x01, 0xC0, 0x00, 0x00, 0x0F, 0xFE, 0x00, 0x00, 0x3F, 0xFC, 0x00, 0x00, 0x7F, 0xE0, 0x00, 0x00,
    0x03, 0x1F, 0xF8, 0x00, 0x7F, 0xFF, 0xC0, 0x03, 0xF8, 0x78, 0x0C, 0x06, 0x07, 0x80, 0x60, 0x30,
    0x38, 0x33, 0x61, 0x83, 0x81, 0x83, 0x0C, 0x1C, 0x0C, 0x18, 0x60, 0xE0, 0xC0, 0x63, 0x06, 0x06,
    0x03, 0x18, 0x30, 0x30, 0x18, 0xC1, 0x80, 0xC1, 0x86, 0x0C, 0x06, 0x6C, 0x30, 0x76, 0x33, 0x61,
    0x83, 0xF8, 0x18, 0x0C, 0x0F, 0xC0, 0x00, 0x60, 0x3E, 0x00, 0x03, 0x00, 0xE0, 0x00, 0x18, 0x40,
    0xF0, 0xF8, 0x3C, 0x1E, 0x0F, 0x03, 0x3F, 0x87, 0xFC, 0xF9, 0xCF, 0x8C, 0xF9, 0xCD, 0xFC, 0xFF,
    0x8E, 0x70, 0xF0, 0x07, 0xC0, 0x3F, 0x00, 0xFC, 0x03, 0xE0, 0x0F, 0x00, 0x70, 0x03, 0x00, 0x30,
    0xC0, 0x00, 0xC0, 0x00, 0xE0, 0x00, 0xFF, 0xF0, 0x7F, 0xF8, 0x1F, 0xFC, 0x00, 0x1C, 0x00, 0x7F,
    0x00, 0x7F, 0x00, 0x0C, 0x00, 0x0C, 0x00, 0x0C, 0x00, 0x0C, 0x00, 0x0C, 0x00, 0x0C, 0x00, 0x0C,
    0x00, 0x0C, 0x00, 0x0C, 0x00, 0x0C, 0x00, 0x0C, 0x00, 0x0C, 0x00, 0x0C, 0x00, 0x0C, 0x00, 0x0C,
    0xFF, 0xFF, 0xFF, 0xFF, 0xF0, 0x18, 0x00, 0x86, 0x00, 0x61, 0x82, 0x1C, 0x61, 0xC7, 0x18, 0xF8,
    0xC7, 0xFE, 0x39, 0xFB, 0x86, 0x18, 0x61, 0xC0, 0x38, 0x38, 0x0E, 0x0F, 0x87, 0x80, 0xFF, 0xC0,
    0x1F, 0xE0, 0x00, 0x00, 0x00, 0x00, 0x00, 0x1C, 0x00, 0x07, 0x00, 0x01, 0xC0, 0xFF, 0xFF, 0xFF,
    0xF1, 0x80, 0x06, 0x00, 0x18, 0xE0, 0x67, 0xE1, 0x9F, 0x86, 0x7E, 0x18, 0xF8, 0x60, 0xE1, 0x83,
    0x86, 0x1C, 0x1C, 0xF0, 0x7F, 0x80, 0xF8, 0x00, 0x00, 0x00, 0x00, 0x1C, 0x00, 0x70, 0x01, 0xC0,
    0xFF, 0xFF, 0xFF, 0xFF, 0x3C, 0x0C, 0x3F, 0x0C, 0x07, 0x8C, 0x03, 0xCC, 0x07, 0xCC, 0x1F, 0x0C,
    0x3C, 0x0C, 0x3E, 0x0C, 0x1F, 0x8C, 0x07, 0xCC, 0x01, 0xFC, 0x00, 0x7C, 0x07, 0x3C, 0x07, 0x1C,
    0x07, 0x0C, 0x00, 0x18, 0xC0, 0x06, 0x30, 0x39, 0x8F, 0x8F, 0x63, 0xE7, 0xF8, 0xFF, 0xBE, 0x3F,
    0xDF, 0x8C, 0xFF, 0xE3, 0x1F, 0x98, 0xDF, 0x06, 0x37, 0x81, 0xCD, 0xF0, 0x7B, 0x3F, 0x1F, 0xC3,
    0xF7, 0xF0, 0x1F, 0xBC, 0x1F, 0xE7, 0x1F, 0xF8, 0xC7, 0x8E, 0x01, 0xF9, 0x80, 0x0F, 0x80, 0x00,
    0xF0, 0x00, 0x18, 0x00, 0x60, 0x00, 0x30, 0x00, 0x18, 0x00, 0x0E, 0x00, 0x07, 0x80, 0x01, 0xF0,
    0x00, 0x7F, 0x00, 0x1F, 0xC0, 0x01, 0xF0, 0x00, 0x3C, 0x0F, 0x0E, 0x0F, 0xC3, 0x0F, 0xF1, 0xC7,
    0x39, 0xF3, 0x0C, 0xFD, 0xE6, 0xEE, 0xFF, 0xE7, 0x3F, 0xE1, 0x87, 0x38, 0xC3, 0x9C, 0xE1, 0x86,
    0x70, 0xFB, 0x70, 0x7F, 0xF8, 0x1F, 0xF8, 0x00, 0x30, 0x00, 0x60, 0x1E, 0x03, 0xE0, 0x7E, 0x33,
    0xBF, 0x6F, 0xFB, 0xBE, 0xEF, 0x1B, 0x80, 0x00, 0x06, 0x00, 0x70, 0x03, 0xE0, 0x1F, 0x03, 0x38,
    0xFD, 0xCF, 0xFE, 0xEF, 0xEF, 0xFE, 0x7F, 0xE1, 0xFE, 0x0D, 0xC0, 0x00, 0x0E, 0x03, 0xF8, 0x7F,
    0xCF, 0x1E, 0xE0, 0xEE, 0x0E, 0xC0, 0x6C, 0x06, 0xE0, 0xEE, 0x0E, 0xF1, 0xE7, 0xFC, 0x3F, 0x80,
    0xE0, 0xC0, 0x18, 0x03, 0x80, 0x70, 0x0F, 0x00, 0xF8, 0x0F, 0x80, 0x7C, 0x07, 0x80, 0x38, 0x07,
    0x3C, 0x67, 0x9C, 0xF3, 0x9F, 0xF1, 0xFC, 0x1E, 0x00, 0x60, 0x03, 0x00, 0x1C, 0x00, 0xF0, 0x03,
    0xF8, 0x0F, 0xE0, 0x07, 0x80, 0x1C, 0x00, 0x60, 0x07, 0x38, 0xF9, 0xFF, 0x8F, 0xF8, 0x0F, 0xC0,
    0x1F, 0x00, 0x3E, 0x00, 0x78, 0x01, 0xC0, 0x00, 0x61, 0xF8, 0xC7, 0xF9, 0x8F, 0xF3, 0x9F, 0x77,
    0x3E, 0xE6, 0x00, 0xCE, 0x01, 0x9C, 0x07, 0x1C, 0x0E, 0x3C, 0x3C, 0x3F, 0xF0, 0x3F, 0xC0, 0x1E,
    0x00, 0x3F, 0x0F, 0xF3, 0xC7, 0x70, 0x6C, 0x1D, 0xC7, 0x9F, 0xE3, 0xFC, 0x7F, 0xDE, 0x3F, 0x83,
    0xE0, 0x3E, 0x0F, 0xC1, 0xFF, 0xFB, 0xFE, 0x1F, 0x00, 0x06, 0x00, 0x70, 0x07, 0x80, 0x7E, 0x07,
    0x78, 0x71, 0xF3, 0x83, 0xDC, 0x1C, 0xC1, 0xC6, 0x0E, 0x38, 0x61, 0xC3, 0x8E, 0x1C, 0x3C, 0x78,
    0xFF, 0xE3, 0xFE, 0x07, 0xC0, 0x0F, 0x00, 0x1E, 0x00, 0x0C, 0x03, 0x18, 0x0E, 0x31, 0x9C, 0x67,
    0x98, 0xCF, 0x39, 0xFE, 0x73, 0xEC, 0x63, 0x98, 0xE0, 0x71, 0xE0, 0xE1, 0xE3, 0xC1, 0xFF, 0x01,
    0xFC, 0x00, 0x1F, 0x87, 0xFC, 0xF1, 0xCE, 0x1C, 0xE0, 0xCC, 0x0C, 0xE0, 0xCF, 0xFC, 0x7F, 0xC1,
    0xFC, 0x00, 0xC0, 0x0C, 0x00, 0xC0, 0x0C, 0x00, 0xF0, 0x0F, 0x00, 0x70, 0xF0, 0x03, 0xC0, 0x03,
    0x00, 0x0C, 0x00, 0x30, 0x00, 0xC0, 0x73, 0xF1, 0xCF, 0xFF, 0x3F, 0xF8, 0xC3, 0x83, 0x06, 0x0C,
    0x18, 0x30, 0xE0, 0xE3, 0x83, 0xFC, 0x07, 0xE0, 0x0E, 0x00, 0x00, 0x06, 0x00, 0x30, 0x01, 0xC0,
    0x0F, 0x80, 0x3F, 0x80, 0xFF, 0x00, 0xFE, 0x00, 0xF9, 0xE1, 0xDF, 0x8F, 0xFE, 0x3E, 0x73, 0xE1,
    0x9F, 0xCF, 0xDF, 0xFE, 0x77, 0xC0, 0x08, 0x00, 0xFF, 0xFF, 0xFF, 0xFC, 0x00, 0xE0, 0x07, 0xC0,
    0x3F, 0x81, 0xFB, 0x0F, 0xE6, 0x3F, 0xEC, 0x78, 0xF8, 0x7C, 0xF0, 0x7E, 0x60, 0x1E, 0xC0, 0x1F,
    0x80, 0x0F, 0x00, 0x0E, 0x00, 0x1C, 0xFF, 0xFF, 0xFF, 0xFC, 0x00, 0xE0, 0x07, 0xC0, 0x3F, 0x81,
    0xFB, 0x0F, 0xC6, 0x3E, 0x0C, 0x78, 0x18, 0x7C, 0x30, 0x7E, 0x61, 0x9E, 0xC3, 0xDF, 0x87, 0xEF,
    0x01, 0xEE, 0x01, 0xDC, 0x00, 0x00, 0x00, 0x07, 0x00, 0x7C, 0x07, 0xE0, 0x0F, 0x00, 0x78, 0x03,
    0xC0, 0x1E, 0x00, 0xE0, 0x07, 0x00, 0x70, 0x02, 0xF0, 0x1E, 0x03, 0xC0, 0x18, 0x03, 0x01, 0xFF,
    0xBF, 0xF7, 0xFE, 0x30, 0x06, 0x38, 0xCF, 0x99, 0xF3, 0x3E, 0x63, 0xCC, 0x39, 0x87, 0x39, 0xC7,
    0xF8, 0xFE, 0x07, 0x00, 0x00, 0x40, 0x1C, 0x03, 0x80, 0xE0, 0x1C, 0x07, 0x01, 0xE0, 0x38, 0x0E,
    0x07, 0xC1, 0xF0, 0x7C, 0x0E, 0x00, 0x80, 0x00, 0x00, 0x18, 0x01, 0xC0, 0x0E, 0x00, 0x70, 0x03,
    0x80, 0x18, 0xE1, 0xCF, 0xCE, 0xFF, 0x67, 0xBF, 0x3C, 0xF1, 0xEF, 0x80, 0x78, 0x03, 0xC0, 0x3C,
    0x01, 0xC0, 0x0C, 0x00, 0x00, 0x0C, 0x00, 0x30, 0x01, 0xC0, 0x07, 0x38, 0x1F, 0xF8, 0x6F, 0xF3,
    0xBC, 0xCE, 0xF7, 0x31, 0xFD, 0xC3, 0xE7, 0x3F, 0x38, 0xF0, 0xE3, 0x0F, 0x0F, 0xF8, 0x3F, 0xC0,
    0x3C, 0x00, 0xF7, 0x8C, 0x63, 0x18, 0xC6, 0x31, 0x8C, 0x63, 0x18, 0xC6, 0xF0, 0x03, 0xC0, 0x03,
    0x00, 0x0C, 0x00, 0x30, 0xF0, 0xC7, 0xC3, 0x3F, 0x0D, 0xEC, 0x3E, 0x30, 0xF0, 0xC3, 0x83, 0x0C,
    0x0C, 0x00, 0x30, 0x00, 0xC0, 0x03, 0xC0, 0x0F, 0x00, 0x1C, 0x1C, 0x1F, 0xCF, 0xFB, 0x8E, 0xC1,
    0xB0, 0x6E, 0x3B, 0xFE, 0x7F, 0x07, 0x00, 0x00, 0x08, 0x00, 0x38, 0x00, 0x70, 0x00, 0xEE, 0x73,
    0x9C, 0xE7, 0x1D, 0xDC, 0x38, 0x78, 0x3F, 0xE0, 0x7F, 0x80, 0x3C, 0x00, 0x20, 0x70, 0xF0, 0xE0,
    0xC0, 0xE0, 0xE0, 0xE0, 0x70, 0x38, 0x38, 0x1C, 0x0E, 0x06, 0x06, 0x66, 0x66, 0x66, 0x76, 0xE7,
    0x0E, 0x3F, 0xC1, 0xF8, 0x0F, 0x00, 0x00, 0x04, 0x00, 0xE0, 0x0F, 0x00, 0x78, 0x01, 0xC0, 0x0E,
    0x00, 0x40, 0x3C, 0x3F, 0x3F, 0xDC, 0xEE, 0x77, 0xF9, 0xF8, 0x78, 0x00, 0xE0, 0xE0, 0x7C, 0x6E,
    0x7E, 0xFE, 0x7C, 0x0F, 0x03, 0x6D, 0xB6, 0xDB, 0x6D, 0xB6, 0xDB, 0x63, 0x31, 0x98, 0xCC, 0x66,
    0x33, 0x19, 0x8C, 0xC6, 0x63, 0x31, 0x98, 0xCC, 0x66, 0x33, 0x19, 0x8C, 0xC6, 0x04, 0x1C, 0x70,
    0xE3, 0x8E, 0x18, 0x10, 0xFF, 0xFC, 0xE1, 0xC3, 0x06, 0x0E, 0x1C, 0x38, 0x70, 0x60, 0xC1, 0x87,
    0x0E, 0x78, 0x60, 0x80, 0xFF, 0xFF, 0xFF, 0xFF, 0xFF, 0xFF, 0x00, 0x7C, 0x18, 0x01, 0xFF, 0x18,
    0x07, 0xFF, 0x98, 0x1F, 0x33, 0xD8, 0x3C, 0x31, 0xD8, 0x38, 0x37, 0xD8, 0x3E, 0x37, 0xD8, 0x0F,
    0xB7, 0xD8, 0x03, 0xF0, 0x18, 0x00, 0xF0, 0x18, 0x00, 0x78, 0x18, 0x01, 0xFF, 0x18, 0x01, 0xFF,
    0xD8, 0x01, 0xF3, 0xF8, 0x00, 0xF0, 0xF8, 0x00, 0x00, 0x38, 0x00, 0x00, 0x18, 0x00, 0x00, 0x18,
    0xFF, 0xFF, 0xFF, 0xFF, 0xFF, 0xFC, 0x71, 0x98, 0x00, 0xF3, 0xB0, 0x03, 0xF7, 0xFC, 0x07, 0xF7,
    0xFE, 0x0F, 0xE7, 0xFE, 0x0C, 0xE3, 0x0E, 0x03, 0xC6, 0x7C, 0x0F, 0xCD, 0xF8, 0x1F, 0xDB, 0xF0,
    0x3F, 0xF3, 0xE0, 0x39, 0xE3, 0x00, 0x01, 0xC0, 0x00, 0x01, 0x80, 0x00, 0x03, 0x00, 0xFF, 0xFF,
    0xFF, 0xFF, 0xFF, 0xFF, 0xFC, 0x71, 0x98, 0x0C, 0x0F, 0x3B, 0x01, 0x83, 0xF7, 0xF8, 0x30, 0x7F,
    0x7F, 0xE6, 0x0F, 0x77, 0xFE, 0xC0, 0xCE, 0x31, 0xD8, 0x00, 0xC6, 0x1B, 0x00, 0x7E, 0xDF, 0x60,
    0x1F, 0xFB, 0xEC, 0x03, 0xEF, 0x79, 0x80, 0x38, 0xE0, 0x30, 0x00, 0x3F, 0x86, 0x00, 0x07, 0xFC,
    0xC0, 0x00, 0xFF, 0xD8, 0x00, 0x1E, 0x3F, 0x00, 0x01, 0x81, 0xE0, 0x00, 0x00, 0x1C, 0x00, 0x00,
    0x01, 0x80, 0x00, 0x00, 0x30, 0xFF, 0xFF, 0xFF, 0xFF, 0xFF, 0xFF, 0x00, 0x7C, 0x18, 0x01, 0xFF,
    0x18, 0x07, 0xFF, 0x98, 0x1F, 0x33, 0xD8, 0x3C, 0x31, 0xD8, 0x38, 0x37, 0xD8, 0x3E, 0x37, 0xD8,
    0x0F, 0xB7, 0xD8, 0x03, 0xF0, 0x18, 0x00, 0xF1, 0xD8, 0x04, 0x7F, 0xF8, 0x0E, 0x3F, 0xF8, 0x0F,
    0xFC, 0x38, 0x07, 0xF0, 0x18, 0x01, 0xC0, 0x18, 0x00, 0x00, 0x18, 0xFF, 0xFF, 0xFF, 0xFF, 0xF3,
    0xC7, 0x18, 0x7D, 0xFE, 0x3F, 0xFF, 0x8F, 0xFB, 0x83, 0xCE, 0x00, 0xF3, 0xE0, 0x03, 0xFE, 0x03,
    0xFF, 0xC3, 0xF6, 0x79, 0xF1, 0x8E, 0x78, 0x6F, 0x8F, 0x9B, 0xE1, 0xF6, 0xF8, 0x0F, 0x80, 0x01,
    0xE0, 0x00, 0x38, 0x00, 0x0E, 0x00, 0xFF, 0xFF, 0xFF, 0xFF, 0xF3, 0xCE, 0x60, 0x7B, 0xF8, 0x3F,
    0xFE, 0x0F, 0xFF, 0x03, 0xDC, 0xE0, 0xF7, 0x78, 0x00, 0xFE, 0x00, 0x7F, 0x80, 0x1E, 0xE0, 0xC7,
    0x30, 0x3F, 0x8C, 0x07, 0xC3, 0x00, 0xE0, 0xE0, 0x00, 0x38, 0x00, 0x0E, 0x00, 0x01, 0x80, 0xFF,
    0xFF, 0xFF, 0xFF, 0xFF, 0xFF, 0xFC, 0x70, 0x00, 0x00, 0x0F, 0xC3, 0x80, 0x01, 0xFF, 0xF8, 0x00,
    0x37, 0xFF, 0x9C, 0x06, 0x1E, 0x7F, 0xE0, 0xC3, 0x87, 0xFC, 0x18, 0x60, 0xF1, 0x83, 0x9C, 0x1C,
    0x70, 0x7F, 0xE3, 0x3E, 0x0F, 0xFC, 0x6F, 0xC0, 0x67, 0x8C, 0xF8, 0x30, 0x01, 0xC3, 0x06, 0x00,
    0x3C, 0xE0, 0xFF, 0xF7, 0xFC, 0x1F, 0xFF, 0xFF, 0x80, 0xFF, 0xF9, 0xC0, 0x00, 0x07, 0x00, 0x00,
    0xFF, 0xFF, 0xFF, 0xFF, 0xFF, 0xFF, 0xFF, 0xFC, 0x07, 0xF0, 0x00, 0x03, 0x9C, 0x7F, 0xC0, 0x07,
    0x38, 0x7F, 0xFE, 0x06, 0x63, 0xBF, 0xFE, 0x0E, 0xFF, 0x38, 0x7C, 0x1D, 0xFE, 0x60, 0x38, 0x18,
    0xEE, 0xC7, 0x70, 0x38, 0x1D, 0xFE, 0xE0, 0x38, 0x7F, 0xFD, 0x80, 0x3F, 0xF9, 0xFB, 0x00, 0x3F,
    0xBC, 0xF7, 0x00, 0x1C, 0x3F, 0xCE, 0x00, 0x00, 0x3F, 0x1C, 0x00, 0x00, 0x00, 0x38, 0x00, 0x00,
    0x00, 0x30, 0xFF, 0xFF, 0xFF, 0xFF, 0xFF, 0xFF, 0xFF, 0xFC, 0x07, 0xF0, 0x00, 0x03, 0x9C, 0x7F,
    0xC0, 0x07, 0x38, 0x7F, 0xFE, 0x06, 0x63, 0xBF, 0xFE, 0x0E, 0xFF, 0x38, 0x7C, 0x1D, 0xFE, 0x60,
    0x38, 0x18, 0xEE, 0xC7, 0x70, 0x38, 0x1D, 0xFE, 0xE0, 0x38, 0x7F, 0xFD, 0x80, 0x3F, 0xF9, 0xFB,
    0x00, 0x3F, 0xBC, 0xF6, 0x00, 0x1C, 0x3F, 0xCC, 0x00, 0x00, 0x3F, 0x38, 0x00, 0x00, 0x01, 0xF0,
    0x00, 0x00, 0x0F, 0xE0, 0x00, 0x00, 0x1C, 0xC0, 0x00, 0x00, 0x3D, 0x80, 0x00, 0x00, 0x7F, 0x00,
    0x00, 0x00, 0x1E, 0x00, 0x00, 0x00, 0x1C, 0x00, 0xFF, 0xFF, 0xFF, 0xFF, 0xFF, 0xFF, 0x01, 0xF0,
    0x70, 0x21, 0xF9, 0xF8, 0x63, 0x9B, 0xFC, 0x73, 0x9F, 0x9C, 0x73, 0x0F, 0x0C, 0x33, 0xBE, 0x1C,
    0x3B, 0xFE, 0x7C, 0x38, 0xE6, 0xFC, 0x1C, 0x07, 0x7C, 0x1C, 0x0F, 0x0C, 0x0F, 0x1F, 0x9C, 0x07,
    0xFD, 0xFC, 0x03, 0xF8, 0xF8, 0xFF, 0xFF, 0xFF, 0xFF, 0xFF, 0xF0, 0x0F, 0xF0, 0x04, 0x39, 0xFC,
    0x39, 0xC3, 0xF8, 0xE7, 0x03, 0xE3, 0x98, 0x73, 0x87, 0x7F, 0xCE, 0x1D, 0xFF, 0x30, 0x31, 0xCC,
    0xC0, 0xE0, 0x73, 0x19, 0xC1, 0xCC, 0x73, 0xFF, 0x31, 0x87, 0xF8, 0xC6, 0x07, 0x83, 0x1C, 0x00,
    0x0C, 0x70, 0x1F, 0x31, 0xFF, 0xFF, 0xC3, 0xFF, 0xFF, 0x03, 0xE0, 0x1C, 0x00, 0x30, 0x00, 0x06,
    0x00, 0xFC, 0xC0, 0x3F, 0xD9, 0xC7, 0x9F, 0xFE, 0xF1, 0xFF, 0xDE, 0x7F, 0x19, 0xFF, 0xC7, 0x1F,
    0xB3, 0xEF, 0xC6, 0xFD, 0xE0, 0xEF, 0xBE, 0x1C, 0x37, 0xF3, 0xCE, 0x1F, 0x7F, 0xC0, 0xFF, 0xF0,
    0x0F, 0x9C, 0x00, 0xF0, 0x00, 0x0E, 0x00, 0x00, 0xC0, 0x00, 0x00, 0x30, 0x00, 0x06, 0x00, 0xFC,
    0xC0, 0x3F, 0xD9, 0xC7, 0x9F, 0xFE, 0xF1, 0xFF, 0xDE, 0x7F, 0x19, 0xFF, 0xC7, 0x1F, 0xB3, 0xEF,
    0xC6, 0xFD, 0xE0, 0xEF, 0xBF, 0x1C, 0x33, 0xF3, 0xCE, 0x0F, 0x7F, 0xC0, 0x7F, 0xF0, 0x1F, 0x9C,
    0x0F, 0xF0, 0x03, 0xCE, 0x00, 0x3C, 0xC0, 0x07, 0xD8, 0x00, 0x3F, 0x00, 0x01, 0xE0, 0x00, 0x1C,
    0x00, 0x3F, 0x30, 0xFF, 0xFB, 0xCF, 0xF7, 0x1C, 0x6E, 0x37, 0xDC, 0xEF, 0x87, 0xDF, 0x1F, 0xC6,
    0x79, 0xFC, 0xE3, 0xF9, 0xC7, 0xC3, 0xFF, 0x03, 0xFE, 0x01, 0xEC, 0x00, 0x38, 0x3F, 0xF0, 0x7F,
    0xC0, 0x7F, 0xC0, 0x07, 0xF0, 0x01, 0xF0, 0x00, 0xC0, 0x0F, 0xDF, 0x07, 0xFF, 0xE3, 0xCF, 0xB8,
    0xE3, 0xDE, 0x39, 0xEF, 0x8E, 0xF9, 0xE0, 0x7F, 0x1B, 0xBC, 0xFE, 0xEE, 0x1F, 0xBB, 0x1F, 0xE6,
    0xFF, 0x39, 0xFF, 0xCE, 0x73, 0xB3, 0x0E, 0x1C, 0xC3, 0x87, 0x30, 0x7F, 0xCC, 0x0F, 0xE3, 0x80,
    0xE0, 0xE0, 0xFF, 0xFF, 0xFF, 0xFF, 0xFF, 0xFF, 0xFF, 0xC0, 0xC0, 0x18, 0x00, 0x46, 0x00, 0xC0,
    0x06, 0x31, 0xC6, 0x08, 0x39, 0x9E, 0x30, 0xE1, 0xCF, 0xF1, 0x8F, 0x86, 0x7F, 0xCF, 0xFC, 0x38,
    0xCE, 0x7E, 0xE1, 0xC0, 0x78, 0xC3, 0x07, 0x07, 0xC0, 0x38, 0x1F, 0xFF, 0x01, 0xC0, 0x7F, 0x9E,
    0x1E, 0x00, 0xF0, 0x7F, 0xE0, 0x00, 0x01, 0xFC, 0x00, 0x03, 0xE3, 0x81, 0xFD, 0xF2, 0x73, 0xFD,
    0x98, 0x7F, 0x77, 0xEC, 0xDD, 0xF8, 0x73, 0x3E, 0x3C, 0xE0, 0x7E, 0x38, 0x1F, 0x87, 0x07, 0xE1,
    0xE0, 0x18, 0x3C, 0x0E, 0x07, 0xC7, 0x80, 0xFF, 0xC0, 0x0F, 0xE0, 0xFF, 0xFF, 0xFF, 0xFF, 0xF0,
    0x03, 0xC0, 0x01, 0xF8, 0x60, 0xFF, 0x1C, 0x71, 0xC7, 0x1C, 0x30, 0xE7, 0x1C, 0x39, 0xDF, 0x0E,
    0x37, 0xE1, 0xC1, 0xF8, 0x38, 0x06, 0x0F, 0x03, 0x81, 0xE0, 0xE0, 0x3F, 0xF8, 0x07, 0xFC, 0x00,
    0x3C, 0x00, 0xFF, 0xFF, 0xFF, 0xFF, 0xC0, 0x00, 0x00, 0xE1, 0x81, 0xFD, 0xE0, 0xFF, 0xF0, 0x63,
    0xF8, 0x3E, 0xEC, 0x1F, 0x86, 0x07, 0x83, 0x1C, 0x01, 0x8C, 0x00, 0xC7, 0x0F, 0x63, 0xFF, 0xF0,
    0xFF, 0xF8, 0x00, 0x1C, 0x00, 0x06, 0x00, 0x00, 0x06, 0x00, 0x01, 0x87, 0x9C, 0x7F, 0xF7, 0x9F,
    0xEF, 0xE6, 0x3F, 0xD9, 0x8F, 0xA6, 0x61, 0xE3, 0x98, 0x01, 0xE6, 0x07, 0xF1, 0x81, 0xF8, 0x60,
    0x3E, 0x18, 0x0F, 0xC6, 0x00, 0x7D, 0x80, 0x07, 0xE0, 0x00, 0xF8, 0x00, 0x1E, 0x00, 0x03, 0x80,
    0x00, 0x60, 0xFF, 0xFF, 0xFF, 0xFF, 0xC0, 0x0E, 0x00, 0x1F, 0x80, 0x1F, 0xE0, 0x1C, 0x70, 0x0E,
    0x18, 0xC7, 0x8C, 0x73, 0xC6, 0x31, 0xE3, 0x18, 0x01, 0x8E, 0x00, 0xC7, 0xFF, 0x61, 0xFF, 0xF0,
    0x3F, 0xF8, 0x00, 0x1C, 0xFF, 0xFF, 0xFF, 0xFF, 0xFF, 0xCC, 0x00, 0x00, 0x60, 0xC0, 0x03, 0x1F,
    0x00, 0x19, 0xF8, 0x00, 0xFD, 0xC7, 0x87, 0xCC, 0x7C, 0x3C, 0x6F, 0xE1, 0xC3, 0xF7, 0x00, 0x1F,
    0x30, 0x00, 0xF1, 0x80, 0x06, 0x0C, 0x00, 0x00, 0x70, 0x00, 0x03, 0x80, 0x00, 0x1C, 0x00, 0x00,
    0xE0, 0xFF, 0xFF, 0xFF, 0xFF, 0xFC, 0x06, 0x00, 0x00, 0xC1, 0x80, 0x18, 0xF8, 0x03, 0x3F, 0x18,
    0x6F, 0xE3, 0x8F, 0x9C, 0x71, 0xE3, 0x0E, 0x38, 0x60, 0xC2, 0x0C, 0x1C, 0x73, 0xC3, 0x8E, 0x78,
    0x39, 0xFF, 0x07, 0x3F, 0x60, 0x70, 0x0C, 0x0F, 0x03, 0x80, 0xF0, 0x70, 0x0F, 0xFC, 0x00, 0xFF,
    0x80, 0x03, 0xC0, 0xFF, 0xFF, 0xFF, 0xFC, 0x60, 0x00, 0xC1, 0x81, 0x8F, 0x83, 0x3F, 0x06, 0xFE,
    0x0F, 0x9C, 0x1E, 0x38, 0x38, 0x60, 0x20, 0xC0, 0x73, 0xC0, 0xEF, 0x81, 0xFF, 0x1B, 0xF6, 0x30,
    0x0C, 0x60, 0x18, 0xE3, 0xB1, 0xFF, 0xE1, 0xFF, 0xC1, 0xC3, 0x80, 0x03, 0x00, 0xFF, 0xFF, 0xFF,
    0xFF, 0xFF, 0xFF, 0xC0, 0x0F, 0xC0, 0x03, 0xE6, 0xFF, 0x03, 0xFF, 0x3F, 0xC1, 0xEF, 0x83, 0xE0,
    0xF3, 0xC0, 0x70, 0x78, 0xE3, 0x38, 0x00, 0x33, 0xDC, 0x03, 0x1F, 0xEC, 0x03, 0x8F, 0xF6, 0x00,
    0xE1, 0x9B, 0x00, 0x70, 0x1D, 0xC0, 0x1E, 0x0E, 0xE0, 0x07, 0xFE, 0x70, 0x01, 0xFE, 0x38, 0x00,
    0x3C, 0x0C, 0x00, 0xFF, 0xFF, 0xFF, 0xFF, 0xC0, 0x03, 0x00, 0x01, 0x80, 0x00, 0xC0, 0x7E, 0x60,
    0x7F, 0xB0, 0x3E, 0xF8, 0x1F, 0x3C, 0x2F, 0x8E, 0x18, 0x03, 0x0C, 0x01, 0x87, 0x1E, 0xC3, 0xFF,
    0xE0, 0xFF, 0xF0, 0x00, 0x38, 0x00, 0x0C, 0x00, 0xFF, 0xFF, 0xFF, 0xFF, 0xFC, 0x3C, 0x0C, 0x07,
    0xC1, 0x80, 0x1C, 0xB0, 0x79, 0xBE, 0x1F, 0xBF, 0xC3, 0xFF, 0x98, 0x79, 0xF3, 0x06, 0x3C, 0x60,
    0x13, 0x8C, 0x07, 0xE1, 0x80, 0x78, 0x30, 0x06, 0x06, 0x00, 0x00, 0xC0, 0x00, 0x18, 0xFF, 0xFF,
    0xFF, 0xFF, 0xFF, 0xFC, 0x03, 0xE0, 0x60, 0x3B, 0xE0, 0xC1, 0xFD, 0xED, 0x87, 0xFD, 0xFF, 0x1E,
    0x1D, 0xFE, 0x3F, 0x7B, 0xCC, 0x3F, 0xFF, 0x18, 0x0F, 0xBE, 0x30, 0x3C, 0x38, 0x60, 0x73, 0xF0,
    0xC0, 0x07, 0xC1, 0x80, 0x03, 0x03, 0x00, 0x00, 0x06, 0x00, 0x00, 0x0C, 0xFF, 0xFF, 0xFF, 0xFF,
    0xFF, 0xFF, 0xF0, 0x07, 0xF8, 0x00, 0x07, 0xEF, 0xF8, 0x77, 0xF9, 0xFF, 0x1D, 0xE6, 0x0F, 0xC3,
    0xF9, 0x80, 0x70, 0xEF, 0xE3, 0x1C, 0x38, 0xF9, 0xE7, 0x07, 0x0F, 0xF9, 0x80, 0xE1, 0xFE, 0x60,
    0x38, 0x1B, 0x98, 0x07, 0x80, 0xE6, 0x00, 0xF0, 0x79, 0xC0, 0x1F, 0xFC, 0x70, 0x03, 0xFE, 0x1C,
    0x00, 0x1E, 0x03, 0x00, 0xFF, 0xFF, 0xFF, 0xFF, 0xFF, 0xC0, 0x3C, 0x00, 0x07, 0xE0, 0x06, 0x7F,
    0x00, 0x3F, 0x98, 0x01, 0xFC, 0xC3, 0x0E, 0xFE, 0x3C, 0x39, 0xF3, 0xE1, 0xC3, 0xFF, 0x07, 0x0F,
    0xD8, 0x1C, 0x19, 0xC0, 0xF0, 0x0E, 0x03, 0xC0, 0xF0, 0x0F, 0xFF, 0x00, 0x1F, 0xF0, 0x00, 0x3E,
    0x00, 0xFF, 0xFF, 0xFF, 0xFF, 0xFF, 0xC0, 0x38, 0x00, 0x07, 0xC0, 0x00, 0xFE, 0x1C, 0x1F, 0x31,
    0xF1, 0xF1, 0x8F, 0x8E, 0x0C, 0x7C, 0x3C, 0x61, 0xE0, 0xFB, 0x07, 0x01, 0xF8, 0x38, 0x03, 0xC3,
    0x80, 0x0F, 0x3C, 0x00, 0x3F, 0xC0, 0x00, 0xFC, 0x00, 0xFF, 0xFF, 0xFF, 0xFF, 0xFF, 0xC0, 0x78,
    0x00, 0x0F, 0xC0, 0x81, 0xFE, 0x1E, 0x3E, 0x31, 0xF1, 0xE1, 0x9F, 0x87, 0xCD, 0xDC, 0x1F, 0x7C,
    0xE0, 0x1F, 0xC6, 0x00, 0x7C, 0x30, 0x01, 0xE1, 0x80, 0x02, 0x0C, 0x00, 0x00, 0x70, 0x00, 0x03,
    0x80, 0x00, 0x1C, 0x00, 0x00, 0x00, 0xFF, 0xFF, 0xFF, 0xFF, 0xFF, 0xC0, 0x78, 0x00, 0x0F, 0xC0,
    0x81, 0xFE, 0x1E, 0x3E, 0x31, 0xF1, 0xC1, 0x9F, 0x8F, 0xCD, 0xDC, 0x1F, 0x7C, 0xE0, 0x1F, 0xC6,
    0x18, 0x7C, 0x30, 0xE1, 0xE1, 0x86, 0x02, 0x0C, 0x38, 0x00, 0x61, 0xFF, 0xFB, 0x07, 0xFF, 0xF8,
    0x0F, 0xFF, 0xC0, 0x00, 0x0E, 0x00, 0xFF, 0xFF, 0xFF, 0xFF, 0xFC, 0x00, 0x1C, 0x00, 0x0F, 0x80,
    0x07, 0xF0, 0x03, 0xE6, 0x01, 0xF0, 0xC3, 0x1C, 0x18, 0x73, 0xE3, 0x0E, 0x3F, 0x60, 0xC0, 0xFC,
    0x18, 0x07, 0x83, 0x86, 0x78, 0x31, 0xDF, 0x07, 0x3F, 0xE0, 0xE7, 0xEC, 0x0E, 0x79, 0x80, 0xE0,
    0x70, 0x1E, 0x0E, 0x01, 0xFF, 0x80, 0x1F, 0xF0, 0x00, 0x78, 0x00, 0xFF, 0xFF, 0xFF, 0xFC, 0x01,
    0xC0, 0x1F, 0x80, 0xFF, 0x07, 0xE6, 0x1F, 0x0C, 0x3C, 0x18, 0x7E, 0x30, 0x3F, 0x60, 0x0F, 0xC0,
    0x0F, 0x80, 0x67, 0x01, 0xDF, 0x03, 0xFE, 0x67, 0xFC, 0xE7, 0x99, 0x80, 0x33, 0x80, 0x67, 0xFE,
    0xC7, 0xFF, 0x87, 0xFF, 0x00, 0x0E, 0x00, 0xFF, 0xFF, 0xFF, 0xFF, 0xFF, 0xC7, 0x0E, 0x00, 0x78,
    0x30, 0x07, 0xE1, 0x80, 0x3F, 0xDC, 0x01, 0xFF, 0xE3, 0x06, 0x1E, 0x3C, 0x00, 0x67, 0xE0, 0x03,
    0x7F, 0x00, 0x1F, 0xB8, 0x00, 0xF9, 0xC0, 0x07, 0x8C, 0x00, 0x38, 0x60, 0x00, 0x83, 0x00, 0x00,
    0x1C, 0x00, 0x00, 0xE0, 0x00, 0x07, 0x00, 0x00, 0x38, 0xFF, 0xFF, 0xFF, 0xFF, 0xFF, 0xCE, 0x0E,
    0x00, 0x78, 0x30, 0x07, 0xE1, 0x80, 0x3F, 0xDC, 0x01, 0xEF, 0xE3, 0x06, 0x1E, 0x3C, 0x00, 0x67,
    0xE0, 0x03, 0x7F, 0x00, 0x1F, 0xB8, 0x00, 0xF9, 0xC0, 0x07, 0x8C, 0x07, 0x38, 0x60, 0x30, 0x03,
    0x01, 0xC0, 0x18, 0x0F, 0xFE, 0xC0, 0x3F, 0xFE, 0x00, 0xFF, 0xF0, 0x00, 0x03, 0x80, 0x00, 0x0C,
    0x00, 0xFF, 0xFF, 0xFF, 0xFF, 0x1C, 0x1C, 0x1E, 0x1C, 0x7E, 0x0C, 0x7F, 0x1C, 0x7F, 0xFC, 0x39,
    0xF8, 0x00, 0x78, 0x07, 0x3C, 0x07, 0x7C, 0x07, 0xFC, 0x77, 0xEC, 0x63, 0xCC, 0x70, 0x0C, 0x7F,
    0xEC, 0x3F, 0xFC, 0x1F, 0xFC, 0x00, 0x1C, 0xFF, 0xFF, 0xFF, 0xFF, 0xFF, 0xFF, 0x00, 0x38, 0x0C,
    0x00, 0x30, 0x0C, 0x00, 0x38, 0x8C, 0x00, 0x3F, 0xCC, 0x0C, 0xDF, 0xCC, 0x3F, 0xEF, 0x0C, 0x3F,
    0xFE, 0x0C, 0x33, 0xBC, 0x0C, 0x3F, 0x9F, 0x8C, 0x3E, 0x07, 0xCC, 0x1E, 0x00, 0xEC, 0x00, 0x00,
    0x7C, 0x00, 0x00, 0x3C, 0x00, 0x00, 0x1C, 0xFF, 0xFF, 0xFF, 0xFF, 0xF0, 0x00, 0x60, 0x71, 0xD8,
    0x3F, 0xFE, 0x1F, 0xFF, 0x87, 0x1C, 0xE1, 0x87, 0x18, 0x7E, 0x06, 0x1F, 0x81, 0x83, 0xE0, 0xE0,
    0x01, 0xFC, 0x30, 0x7F, 0x8E, 0x1E, 0xE1, 0x87, 0x98, 0x70, 0x06, 0x0E, 0x03, 0x83, 0xC0, 0xE0,
    0x3F, 0xF0, 0x07, 0xF8, 0x00, 0x78, 0x00, 0xFF, 0xFF, 0xFF, 0xFF, 0xFF, 0xFF, 0xFF, 0x00, 0x06,
    0x3C, 0x00, 0xE3, 0x63, 0xF0, 0x1F, 0xFE, 0x3F, 0xC3, 0xFF, 0xE3, 0x7C, 0x39, 0xCE, 0x30, 0xE3,
    0x0C, 0x63, 0x0E, 0x3F, 0x1F, 0x33, 0xE3, 0xF3, 0xE3, 0x3E, 0x1F, 0x78, 0x33, 0xE0, 0x03, 0xC3,
    0x3C, 0x00, 0x3F, 0x30, 0x00, 0x00, 0x7B, 0x00, 0x00, 0x01, 0xF0, 0x00, 0x00, 0x0F, 0x00, 0x00,
    0x00, 0x70, 0x00, 0xFF, 0xFF, 0xFF, 0xFF, 0xC0, 0x01, 0x83, 0x8E, 0xC3, 0xFF, 0xE3, 0xFF, 0xF1,
    0xC7, 0x38, 0xC3, 0x8C, 0x7E, 0x06, 0x3F, 0x03, 0x0F, 0x81, 0x80, 0x39, 0xE3, 0x1D, 0xF3, 0x8F,
    0xF8, 0xE7, 0xEC, 0x70, 0x06, 0x1C, 0x07, 0x07, 0x03, 0x81, 0xFF, 0x80, 0x7F, 0x80, 0x0F, 0x00,
    0xFF, 0xFF, 0xFF, 0xFF, 0xFC, 0x00, 0x06, 0x03, 0x8E, 0xC0, 0xFF, 0xF8, 0x3F, 0xFF, 0x07, 0x1C,
    0xE0, 0xC3, 0x8C, 0x1F, 0x81, 0x8F, 0xF0, 0x31, 0xBE, 0x06, 0x30, 0x00, 0xC7, 0x07, 0x98, 0xFF,
    0xFF, 0x0F, 0xFF, 0xE0, 0x00, 0x1C, 0x00, 0x03, 0x80, 0xFF, 0xFF, 0xFF, 0xFF, 0xFF, 0xF0, 0x1E,
    0x06, 0x00, 0x7C, 0x18, 0x00, 0x7B, 0x60, 0x63, 0xFF, 0x87, 0xFF, 0xFE, 0x1F, 0xFF, 0x98, 0x77,
    0x3C, 0x61, 0x8C, 0xF1, 0x87, 0xF3, 0xC6, 0x1F, 0x3E, 0x18, 0x3C, 0xF0, 0x60, 0x01, 0x81, 0x80,
    0x00, 0x06, 0x00, 0x00, 0x18, 0xFF, 0xFC, 0xE3, 0xFF, 0xFF, 0xE3, 0xC0, 0xFF, 0x8F, 0xC3, 0xC6,
    0x07, 0xCE, 0x18, 0x0F, 0xBB, 0xE0, 0x7F, 0xDF, 0x87, 0xCF, 0x3E, 0x3C, 0x1E, 0x38, 0x78, 0x38,
    0x61, 0xF8, 0xF3, 0x81, 0xF3, 0xFE, 0x01, 0xED, 0xF0, 0x01, 0xF3, 0x80, 0x03, 0xC0, 0x00, 0x07,
    0x00, 0x00, 0x00, 0x60, 0x00, 0x01, 0x8F, 0xFF, 0xC7, 0xFF, 0xFF, 0x9F, 0x07, 0x0E, 0x60, 0x1C,
    0x39, 0x86, 0x78, 0x66, 0x1F, 0xF3, 0x98, 0x7F, 0xFE, 0x60, 0x63, 0xF9, 0x80, 0x3B, 0xE6, 0x00,
    0xE7, 0xD8, 0x03, 0xFF, 0x60, 0x0F, 0xED, 0x80, 0x0E, 0x76, 0x00, 0x03, 0xD8, 0x00, 0x7E, 0x60,
    0x01, 0xF1, 0x80, 0x07, 0xC6, 0x00, 0x0F, 0xD8, 0x00, 0x07, 0xE0, 0x00, 0x07, 0x80, 0x00, 0x0E,
    0x00, 0x00, 0x18, 0xFF, 0xFF, 0xFF, 0xFF, 0xFF, 0xFC, 0x70, 0x18, 0x00, 0xE0, 0x30, 0x03, 0xFF,
    0xFF, 0x0F, 0xFF, 0xFF, 0x0F, 0xFF, 0xFE, 0x1C, 0xE3, 0x1C, 0x03, 0xC6, 0x38, 0x0F, 0xCC, 0x60,
    0x1F, 0xD8, 0xC0, 0x3F, 0xF1, 0x80, 0x39, 0xE3, 0x00, 0x01, 0xC7, 0x00, 0x01, 0x8E, 0x00, 0x03,
    0x18, 0xFF, 0xFF, 0xFF, 0xFF, 0xF0, 0x18, 0x01, 0x86, 0x00, 0xE1, 0x80, 0x18, 0x63, 0x87, 0x19,
    0xF1, 0xC7, 0xFC, 0x39, 0xFB, 0x0E, 0x38, 0xC1, 0xC0, 0x70, 0x38, 0x3C, 0x07, 0xFF, 0x00, 0xFF,
    0x86, 0x0F, 0xE1, 0xB8, 0x18, 0x6E, 0x06, 0x1F, 0x81, 0x87, 0xFF, 0x60, 0xFF, 0xF8, 0x0F, 0xFE,
    0x00, 0x01, 0x80, 0xFF, 0xFF, 0xFF, 0xF1, 0x80, 0x06, 0x18, 0x18, 0xF8, 0x67, 0xE1, 0x9F, 0x86,
    0x3E, 0x18, 0x38, 0x60, 0xE1, 0x83, 0x07, 0x1C, 0xFF, 0xE3, 0xBF, 0x8E, 0xFE, 0x07, 0x98, 0x1E,
    0x60, 0x7D, 0x80, 0x3E, 0x00, 0x38, 0x00, 0x60, 0xFF, 0xFF, 0xFF, 0xF1, 0x80, 0x06, 0x18, 0x18,
    0xF8, 0x67, 0xE1, 0x8F, 0x86, 0x3E, 0x18, 0x38, 0x60, 0xE1, 0x83, 0x87, 0x1C, 0x1F, 0xF0, 0x3F,
    0xC1, 0xF3, 0x1F, 0x0C, 0x7C, 0x31, 0xC6, 0xC7, 0xFF, 0x0F, 0xFC, 0x1C, 0x70, 0xFF, 0xFF, 0xFF,
    0xFF, 0x3C, 0x0C, 0x3F, 0x0C, 0x07, 0x8C, 0x03, 0xCC, 0x0F, 0xCC, 0x3F, 0x0C, 0x3C, 0x0C, 0x3F,
    0x0C, 0x1F, 0xCC, 0x03, 0xEC, 0x0E, 0xFC, 0x0E, 0x3C, 0x0E, 0x7C, 0x01, 0xFC, 0x07, 0xCC, 0x07,
    0x0C, 0x07, 0xCC, 0x03, 0xEC, 0x00, 0x7C, 0x00, 0x3C, 0x00, 0x1C, 0xFF, 0xFF, 0xFF, 0xFF, 0x3C,
    0x0C, 0x3F, 0x0C, 0x07, 0x8C, 0x03, 0xCC, 0x0F, 0x8C, 0x3F, 0x0C, 0x3C, 0x0C, 0x1F, 0x0C, 0x1F,
    0xCC, 0x01, 0xEC, 0x6E, 0x7C, 0x6E, 0x3C, 0x7E, 0x1C, 0x7F, 0xEC, 0x3F, 0xFC, 0x1F, 0xFC, 0x00,
    0x0C, 0x03, 0xE3, 0x81, 0xFD, 0xF2, 0x7B, 0xFD, 0xBF, 0xFF, 0x7F, 0xEC, 0xDD, 0x18, 0x77, 0x0E,
    0x1C, 0xEF, 0xFF, 0x3B, 0xDF, 0x87, 0x47, 0xE1, 0xE0, 0x18, 0x3C, 0x0E, 0x07, 0xC7, 0x80, 0xFF,
    0xC0, 0x0F, 0xE0, 0x7F, 0xFF, 0xEF, 0xFF, 0xFC, 0x00, 0x0C, 0x03, 0x8D, 0x80, 0xFF, 0xF0, 0x3F,
    0xFE, 0x07, 0x3D, 0xC0, 0xC3, 0x18, 0x1F, 0x03, 0x03, 0xF8, 0x60, 0x3F, 0xCE, 0x03, 0xFF, 0xC6,
    0x79, 0xFC, 0xEF, 0xFF, 0x9D, 0xFB, 0x33, 0x83, 0x0E, 0x78, 0xFF, 0xC7, 0x7F, 0xF0, 0xFF, 0x7E,
    0x0E, 0x81, 0xC1, 0xE0, 0x18, 0x1E, 0x07, 0x01, 0xE0, 0xE0, 0x1F, 0xFC, 0x01, 0xFF, 0x00, 0x0F,
    0x80, 0x1F, 0x7B, 0x87, 0xFF, 0xF2, 0x3C, 0xFD, 0x8F, 0xBF, 0x77, 0xFC, 0xDD, 0xFC, 0x73, 0x7F,
    0x3C, 0xE8, 0xBE, 0x38, 0x0F, 0x87, 0x03, 0xE1, 0xE0, 0x18, 0x3C, 0x0E, 0x07, 0xC7, 0x80, 0xFF,
    0xC0, 0x0F, 0xE0, 0xFF, 0xFF, 0xFF, 0xF0, 0x00, 0x06, 0x38, 0x7E, 0xE1, 0xFF, 0xC6, 0x3F, 0x1F,
    0xEC, 0x7D, 0x70, 0xE1, 0xC3, 0x1F, 0x0F, 0xF8, 0x3F, 0x80, 0x1F, 0x00, 0x1F, 0x00, 0x1E, 0x00,
    0x3C, 0x00, 0x30, 0xFF, 0xFF, 0xFF, 0xFF, 0xFC, 0x01, 0xE0, 0x01, 0xFF, 0x00, 0xFF, 0xF0, 0x7E,
    0x67, 0x1F, 0x1C, 0xE3, 0xC3, 0xBC, 0x3E, 0x77, 0x81, 0xFE, 0xF0, 0x0F, 0x80, 0x00, 0xF0, 0x00,
    0x1C, 0xF0, 0x07, 0x9E, 0x00, 0xE3, 0xC0, 0x18, 0x38, 0x03, 0x0F, 0x00, 0x7F, 0xC0, 0x07, 0xF0,
    0x00, 0x78, 0x00, 0xFF, 0xFF, 0xFF, 0xFC, 0x60, 0x00, 0xC3, 0x01, 0x8F, 0x83, 0x3F, 0x06, 0x3E,
    0x0C, 0x7C, 0x18, 0x38, 0x30, 0x70, 0x60, 0xC0, 0xE3, 0x8D, 0xFF, 0x1D, 0xFE, 0x1D, 0xCC, 0x3C,
    0x38, 0x3F, 0xF0, 0x3F, 0xC0, 0x0E, 0x00, 0xFF, 0xFF, 0xFF, 0xFF, 0xFF, 0xDF, 0x02, 0x00, 0x7E,
    0x1F, 0x00, 0xF8, 0xFE, 0x01, 0xC6, 0xF0, 0x3E, 0x71, 0xC7, 0xC3, 0x8E, 0x38, 0x1D, 0xF1, 0xF0,
    0xFF, 0x87, 0xE7, 0x78, 0x07, 0xF0, 0x00, 0x1F, 0x98, 0x00, 0x3D, 0xE0, 0x01, 0xCF, 0x00, 0x0E,
    0x78, 0x00, 0x61, 0xC0, 0x03, 0x8E, 0x00, 0x1F, 0xE0, 0x00, 0x7E, 0x00, 0x01, 0xC0, 0x00, 0xFF,
    0xFF, 0xFF, 0xF1, 0xE7, 0x0F, 0xCC, 0x3B, 0xF0, 0xC7, 0xC3, 0x8F, 0x0F, 0xF8, 0x1F, 0xC0, 0x3C,
    0x00, 0xE7, 0x87, 0x1E, 0x1C, 0x78, 0x61, 0xE1, 0xFF, 0x03, 0xF8, 0x07, 0x80, 0xFF, 0xFF, 0xFF,
    0xF0, 0x7C, 0x01, 0xF0, 0x03, 0xE0, 0x0D, 0x80, 0x77, 0x01, 0xDC, 0x0F, 0x71, 0xF8, 0xC7, 0xC3,
    0x1C, 0x1C, 0x70, 0x70, 0xE1, 0xC3, 0xFE, 0x07, 0xF0, 0x07, 0x80, 0xFF, 0xFF, 0xFF, 0xFF, 0x1D,
    0xF0, 0x1D, 0xF8, 0x7E, 0xFC, 0x7F, 0xDC, 0x73, 0xCE, 0x7F, 0xCE, 0x3F, 0xCE, 0x1F, 0x86, 0x3F,
    0x06, 0x3C, 0x0E, 0x18, 0x0E, 0x1E, 0x1E, 0x0F, 0xFC, 0x07, 0xF8, 0x01, 0xE0, 0xFF, 0xFF, 0xFF,
    0xFF, 0xFF, 0xC0, 0x0F, 0x00, 0x01, 0xFF, 0x00, 0x7F, 0xFC, 0x07, 0xEC, 0xF0, 0xF8, 0x61, 0xCF,
    0x03, 0x0E, 0x3C, 0x18, 0xF1, 0xF8, 0xCF, 0x81, 0xE6, 0x7C, 0x03, 0xF3, 0xE0, 0x0F, 0x8E, 0x00,
    0x3C, 0x00, 0x00, 0xE0, 0x00, 0xFF, 0xFF, 0xFF, 0xFF, 0xFF, 0xFC, 0x71, 0x98, 0x00, 0xF3, 0xB0,
    0x03, 0xF7, 0xFC, 0x07, 0xF7, 0xFE, 0x0F, 0x77, 0xFE, 0x0C, 0xE3, 0x0E, 0x01, 0xC6, 0x1C, 0x07,
    0xEC, 0xF8, 0x1F, 0xFB, 0xF0, 0x1E, 0xF7, 0xE0, 0x38, 0xE7, 0x00, 0x00, 0xC0, 0x00, 0x01, 0x80,
    0x00, 0x00, 0x18, 0x06, 0x33, 0x9C, 0x7F, 0x3C, 0xFF, 0xF9, 0x9F, 0xF3, 0x0E, 0xE6, 0x03, 0xCC,
    0x7F, 0x18, 0xFC, 0x31, 0xF0, 0x61, 0xF8, 0xC0, 0x7D, 0x80, 0x3F, 0x00, 0x3E, 0x00, 0x3C, 0x00,
    0x38, 0x0F, 0xC0, 0xFF, 0x0F, 0x3C, 0xFC, 0x77, 0xF9, 0xBF, 0xCC, 0x06, 0x20, 0x70, 0x07, 0x80,
    0x78, 0x03, 0x80, 0x18, 0x00, 0x00, 0x0C, 0x0F, 0xCF, 0x1F, 0xEF, 0x3C, 0xFC, 0x7E, 0x3C, 0x7F,
    0x1C, 0x7F, 0x9C, 0x21, 0x8C, 0x03, 0x8C, 0x03, 0x8C, 0x0F, 0x8C, 0x1F, 0x0C, 0x0C, 0x0C, 0x00,
    0x00, 0xFF, 0xFF, 0xFF, 0xFF, 0x38, 0x18, 0x30, 0x18, 0x3F, 0x98, 0x3F, 0xD8, 0x0F, 0x98, 0x1E,
    0x18, 0x3C, 0x18, 0x3F, 0x18, 0x1F, 0x98, 0x01, 0xD8, 0x00, 0xF8, 0x00, 0x78, 0x00, 0x38, 0x18,
    0x7C, 0x07, 0x3F, 0x81, 0xFC, 0xE0, 0x3F, 0xF8, 0x63, 0xFE, 0x18, 0x7E, 0xC7, 0x18, 0x79, 0xC6,
    0x3E, 0x31, 0xFF, 0x8E, 0x7E, 0x61, 0xC7, 0x18, 0x70, 0x0E, 0x0F, 0x07, 0x81, 0xFF, 0xC0, 0x3F,
    0xE0, 0x01, 0xE0, 0x00, 0x39, 0xFF, 0xFF, 0xFF, 0xF8, 0x1E, 0x30, 0x3F, 0xEE, 0x7F, 0xDC, 0xCE,
    0x39, 0xFE, 0x39, 0xFC, 0x71, 0xD8, 0x70, 0x70, 0xF0, 0xE0, 0xFF, 0xC0, 0xFF, 0x00, 0x78, 0x00,
    0xFF, 0xFF, 0xFF, 0xFF, 0xFC, 0x79, 0xCC, 0x07, 0xBF, 0x81, 0xFF, 0xF0, 0x3F, 0xDC, 0x07, 0xB9,
    0xC0, 0xF7, 0x78, 0x00, 0x7F, 0x00, 0x1F, 0xE0, 0x03, 0xDC, 0x0C, 0x73, 0x01, 0xFC, 0x60, 0x1F,
    0x0C, 0x01, 0xC1, 0x80, 0x00, 0x30, 0xFF, 0xFF, 0xFF, 0xF1, 0xC0, 0x07, 0x80, 0x1F, 0xC0, 0x7F,
    0xC1, 0x9F, 0x06, 0x1C, 0x18, 0x30, 0x61, 0xC1, 0x87, 0x07, 0x38, 0x1F, 0xE0, 0x3F, 0x00, 0x70,
    0x00, 0xFF, 0xFF, 0xFF, 0xF1, 0xC0, 0x07, 0x80, 0x1F, 0xC0, 0x7F, 0xC1, 0x9F, 0x06, 0x1C, 0x18,
    0x30, 0x61, 0xC1, 0x87, 0x07, 0x38, 0x1F, 0xE0, 0x3F, 0x00, 0x70, 0x00, 0xFF, 0xFF, 0xFF, 0xF1,
    0xC0, 0x07, 0x80, 0x1F, 0xC0, 0x7F, 0xC1, 0x9F, 0x06, 0x0C, 0x18, 0x30, 0x61, 0xC1, 0x87, 0x07,
    0x38, 0x1F, 0xE0, 0x3F, 0x00, 0x70, 0x00, 0xFF, 0xFF, 0xFF, 0xFC, 0xE0, 0x01, 0xFC, 0x03, 0xFF,
    0x06, 0xFF, 0x0C, 0x6E, 0x19, 0xCC, 0x3F, 0x98, 0x7E, 0x70, 0x31, 0xE0, 0xFF, 0x81, 0xFE, 0x00,
    0xFF, 0x00, 0x1F, 0x80, 0x07, 0x00, 0x00, 0xFF, 0xFF, 0xFF, 0xFF, 0xFF, 0xC0, 0x7F, 0x80, 0x43,
    0x9F, 0xC6, 0x38, 0x7F, 0x39, 0xC0, 0xF9, 0xCC, 0x39, 0xC6, 0x7F, 0xCE, 0x3B, 0xFE, 0x71, 0xC7,
    0x33, 0x07, 0x03, 0x98, 0x1C, 0x1C, 0xC0, 0xFF, 0xE6, 0x01, 0xFE, 0x30, 0x03, 0xC1, 0x80, 0x00,
    0x00, 0xC0, 0x00, 0x06, 0x3F, 0xFE, 0x3F, 0xFF, 0xF1, 0xF0, 0x01, 0x8C, 0x00, 0x7C, 0x60, 0x0F,
    0xE3, 0x01, 0xFB, 0x18, 0x3F, 0x18, 0xC3, 0xE0, 0xC6, 0x0F, 0x07, 0x30, 0x7E, 0x3D, 0x80, 0xF9,
    0xFC, 0x01, 0xEF, 0xE0, 0x03, 0xEF, 0x00, 0x0F, 0x38, 0x00, 0x38, 0xC0, 0x01, 0xF3, 0xE0, 0x3F,
    0xFF, 0x07, 0xBE, 0x70, 0x71, 0xC3, 0x06, 0x1C, 0x7C, 0x79, 0x9F, 0xC7, 0x9B, 0xFC, 0x79, 0xDF,
    0xC0, 0x1E, 0x3E, 0x1D, 0xFF, 0xFF, 0xFF, 0xF7, 0xFF, 0x9C, 0x1C, 0x38, 0x00, 0x01, 0x80, 0x60,
    0x00, 0xC0, 0x01, 0xC0, 0x03, 0xFF, 0x03, 0xFF, 0x01, 0xFF, 0x00, 0x06, 0x7F, 0xFF, 0xFF, 0xFE,
    0x30, 0x00, 0x60, 0x00, 0xC3, 0x01, 0x8F, 0x83, 0x1F, 0x06, 0x3E, 0x0C, 0x7C, 0x18, 0x38, 0x30,
    0x70, 0x71, 0xC0, 0xFF, 0x00, 0xFC, 0x00, 0xE0, 0x00, 0xFF, 0xFF, 0xFF, 0xF0, 0x7C, 0x00, 0xF0,
    0x03, 0xE0, 0x1D, 0xC0, 0x77, 0x03, 0xDC, 0x7E, 0x31, 0xF0, 0xC7, 0x07, 0x1E, 0x1C, 0x3F, 0xE0,
    0x7F, 0x80, 0x78, 0x00, 0xFF, 0xFE, 0x7F, 0xFF, 0x00, 0x60, 0x04, 0x30, 0x07, 0x18, 0x03, 0x8C,
    0x71, 0xC6, 0x7C, 0x73, 0xFE, 0x39, 0xFB, 0x0E, 0x71, 0x87, 0x01, 0xC1, 0xC0, 0xE0, 0x7F, 0xE0,
    0x1F, 0xE0, 0x03, 0xC0, 0xFF, 0xFF, 0xFF, 0xFF, 0x03, 0x00, 0x23, 0x00, 0x63, 0x0C, 0x73, 0x1E,
    0x73, 0xFE, 0x3B, 0xFE, 0x38, 0xE6, 0x1C, 0x0E, 0x1E, 0x0E, 0x0F, 0xFC, 0x07, 0xF8, 0x00, 0xE0,
    0xFF, 0xFF, 0xFF, 0xF1, 0x80, 0x06, 0x38, 0x19, 0xF0, 0x67, 0xC1, 0x9F, 0x06, 0x3C, 0x18, 0x30,
    0x61, 0xC1, 0x87, 0x07, 0x38, 0x1F, 0xC0, 0x3E, 0x00, 0x70, 0x00, 0xFF, 0xFF, 0xFF, 0xF1, 0x80,
    0x06, 0x18, 0x18, 0xF8, 0x63, 0xE1, 0x8F, 0x86, 0x3E, 0x18, 0x38, 0x60, 0xE1, 0x83, 0x87, 0x1C,
    0x1F, 0xE0, 0x3F, 0x00, 0x70, 0x00, 0x3F, 0x1F, 0xEE, 0x3F, 0x83, 0xC0, 0xFB, 0x1F, 0xE5, 0xF8,
    0x7E, 0x07, 0x00, 0x00, 0x61, 0xF9, 0xF7, 0xF7, 0xF8, 0xF8, 0xE1, 0xE3, 0x03, 0x8E, 0xCE, 0x3F,
    0x98, 0xFE, 0x61, 0xF9, 0x81, 0xC6, 0x00, 0x18, 0x00, 0x60, 0x3E, 0x3F, 0xEE, 0x3F, 0x83, 0xCC,
    0xFF, 0x9F, 0xE5, 0xF8, 0x1C, 0x00, 0xFF, 0xFF, 0xFF, 0xFF, 0xF0, 0x00, 0x01, 0x83, 0xF0, 0x71,
    0xFE, 0x1C, 0x7D, 0xC3, 0x1F, 0x70, 0xE7, 0xCC, 0x38, 0x03, 0x07, 0x01, 0xC0, 0xE0, 0x70, 0x1F,
    0xF8, 0x03, 0xFC, 0x00, 0x3C, 0x00, 0xFF, 0xFF, 0xFF, 0xFF, 0xF0, 0x03, 0xC0, 0x03, 0xF8, 0x71,
    0xFF, 0x1C, 0x71, 0xC7, 0x1C, 0x30, 0xE7, 0x7C, 0x39, 0xDF, 0x07, 0x07, 0xC1, 0xE0, 0x30, 0x38,
    0x1C, 0x07, 0x8F, 0x00, 0xFF, 0x80, 0x1F, 0xC0, 0x00, 0x30, 0x00, 0x61, 0xF8, 0xFF, 0xFD, 0xFF,
    0x3B, 0x1E, 0x36, 0x3C, 0xEC, 0x03, 0xD8, 0x7F, 0x30, 0xFC, 0x60, 0xF0, 0xC1, 0xF9, 0x80, 0x7B,
    0x00, 0x7E, 0x00, 0x3C, 0x00, 0x38, 0x00, 0x70, 0xFF, 0xFF, 0xFF, 0xFC, 0xC0, 0x01, 0x83, 0x03,
    0x1F, 0x06, 0x7E, 0x0D, 0xFC, 0x1F, 0xB8, 0x3E, 0x60, 0x70, 0xC0, 0xE1, 0x80, 0x03, 0x00, 0x06,
    0x00, 0x0C, 0x00, 0xFF, 0xFF, 0xFF, 0xFF, 0x0C, 0x00, 0x0C, 0x18, 0x0C, 0x7C, 0x0C, 0xFC, 0x0D,
    0xFC, 0x0F, 0xDC, 0x0F, 0x98, 0x0E, 0x18, 0x0C, 0x18, 0x00, 0x18, 0xFF, 0xFF, 0xFF, 0xF3, 0x00,
    0x0C, 0x70, 0x33, 0xF0, 0xDF, 0xC3, 0xE3, 0x0F, 0x0C, 0x38, 0x30, 0xE0, 0xC1, 0x03, 0x00, 0xFF,
    0xE7, 0xFF, 0x0C, 0x00, 0x60, 0x43, 0x0F, 0x18, 0xFC, 0xDF, 0xC7, 0xEE, 0x3E, 0x71, 0xE3, 0x0E,
    0x18, 0x20, 0xC0, 0x07, 0x00, 0x38, 0x01, 0xC0, 0x0E, 0x00, 0x20, 0xFF, 0xFF, 0xFF, 0xFF, 0xFF,
    0xCC, 0x00, 0x00, 0x60, 0xC0, 0x03, 0x1F, 0x00, 0x19, 0xF8, 0x60, 0xFD, 0xCF, 0x87, 0xCC, 0xFC,
    0x3C, 0x7F, 0xE1, 0xC3, 0xE6, 0x00, 0x1E, 0x30, 0x00, 0xE1, 0x80, 0x02, 0x0C, 0x00, 0x00, 0x60,
    0x1F, 0x3E, 0x7E, 0x7C, 0xFC, 0xC1, 0x87, 0x83, 0xBF, 0x03, 0xFE, 0x0F, 0xCC, 0x7E, 0x18, 0x70,
    0x30, 0xFC, 0x60, 0x7C, 0xC0, 0x3D, 0x80, 0x1F, 0x00, 0x1E, 0x00, 0x1C, 0x00, 0xFF, 0xFF, 0xFF,
    0xFF, 0x00, 0x1C, 0x3C, 0x1C, 0x7F, 0x0C, 0x7F, 0x9C, 0x7B, 0xFC, 0x79, 0xF8, 0x00, 0x70, 0xFF,
    0xFF, 0xFF, 0xFF, 0xFC, 0x00, 0x0E, 0x03, 0xE1, 0xC0, 0x7E, 0x18, 0x0F, 0xE7, 0x01, 0xEF, 0xE0,
    0x3C, 0xFC, 0x00, 0x0E, 0x00, 0xFF, 0xFF, 0xBF, 0xFF, 0xE0, 0xF8, 0x18, 0x3F, 0x06, 0x01, 0xCD,
    0x8F, 0x3F, 0xE7, 0xF7, 0xF9, 0xFF, 0xE6, 0x79, 0xF1, 0x8C, 0x3C, 0x00, 0x4E, 0x00, 0x3F, 0x80,
    0x07, 0xC0, 0x00, 0xE0, 0x00, 0x00, 0x06, 0x00, 0x01, 0x81, 0xFC, 0x7C, 0xFF, 0x9F, 0x78, 0xF6,
    0x3E, 0x0F, 0x8F, 0xE7, 0xE1, 0xFB, 0xF8, 0x07, 0xCE, 0x03, 0xE1, 0x80, 0xF0, 0x60, 0x38, 0x18,
    0x00, 0x06, 0x00, 0x00, 0x06, 0x03, 0xF1, 0xF3, 0xFE, 0x7D, 0xE3, 0xD8, 0x78, 0x7E, 0x3F, 0x0F,
    0x8F, 0xEF, 0xE1, 0x1F, 0xB8, 0x07, 0xC6, 0x03, 0xE1, 0x80, 0xF0, 0x60, 0x30, 0x18, 0x00, 0x06,
    0x00, 0x1F, 0xC6, 0x7F, 0xCD, 0xE3, 0xDF, 0x81, 0xFF, 0x87, 0xFF, 0xDF, 0xDF, 0xFB, 0x03, 0xE2,
    0x0F, 0x80, 0x1E, 0x00, 0x38, 0x00, 0x20, 0x00, 0xFF, 0xFF, 0xFF, 0xFF, 0xFF, 0xF3, 0xE0, 0x00,
    0x0F, 0xC3, 0xE0, 0x07, 0xCF, 0xE0, 0x0F, 0x37, 0xC0, 0xFC, 0xC3, 0x87, 0xC3, 0x0E, 0x3C, 0x0C,
    0x78, 0x7C, 0x33, 0xE1, 0xFC, 0xCF, 0x80, 0x7B, 0x3E, 0x00, 0x7C, 0x70, 0x00, 0xF0, 0x00, 0x01,
    0xC0, 0x00, 0xFF, 0xFB, 0xFF, 0xE0, 0x03, 0x80, 0x3E, 0x07, 0xF8, 0x3F, 0x63, 0xE1, 0x9E, 0x06,
    0x3C, 0x18, 0xFC, 0x60, 0x79, 0x80, 0x7E, 0x00, 0xF8, 0x01, 0xE0, 0x03, 0x80, 0xFF, 0xFB, 0xFF,
    0xE0, 0x03, 0x80, 0x7E, 0x07, 0xF8, 0x7F, 0x63, 0xE1, 0x8F, 0x06, 0x3F, 0x18, 0x3E, 0x60, 0x18,
    0x00, 0x00, 0xFF, 0xFF, 0xFF, 0xFC, 0x00, 0x00, 0x00, 0x81, 0xE3, 0x83, 0xCF, 0x07, 0xFE, 0x0F,
    0xEC, 0x0F, 0x98, 0x00, 0x30, 0x00, 0x60, 0x00, 0xC0, 0x01, 0x80, 0x03, 0x00, 0xFF, 0xF9, 0xFF,
    0xF0, 0x70, 0x71, 0xE0, 0xE7, 0xE0, 0xCF, 0xE3, 0x9F, 0xFF, 0x1C, 0xFC, 0x00, 0x70, 0xFF, 0xFF,
    0xFF, 0xFF, 0x1C, 0x1C, 0x1C, 0x1C, 0x3E, 0x0C, 0x7F, 0x1C, 0x3F, 0xFC, 0x19, 0xF8, 0x00, 0x70,
    0xFF, 0xFF, 0xFF, 0xFF, 0xFC, 0x0E, 0x0E, 0x01, 0xC1, 0xC0, 0x7C, 0x18, 0x1F, 0xC7, 0x01, 0xFF,
    0xE0, 0x19, 0xF8, 0x00, 0x0E, 0x00, 0xFF, 0xFF, 0xFF, 0xFC, 0x00, 0x18, 0x71, 0xB1, 0xF7, 0xE7,
    0xFF, 0xCE, 0x73, 0x98, 0x63, 0x38, 0x80, 0x7E, 0x00, 0x7C, 0x00, 0xF8, 0x00, 0xFF, 0xFF, 0xFF,
    0xFF, 0x7C, 0x0C, 0x3F, 0x0C, 0x07, 0x8C, 0x03, 0xCC, 0x0F, 0xCC, 0x3F, 0x0C, 0x3C, 0x0C, 0x3F,
    0x0C, 0x1F, 0xCC, 0x01, 0xEC, 0x00, 0x7C, 0x00, 0x3C, 0x00, 0x1C, 0xF9, 0xF3, 0xFF, 0xE0, 0xF1,
    0xC1, 0xC3, 0x1F, 0x84, 0xFF, 0x93, 0xFE, 0x0F, 0xF8, 0x3F, 0xE0, 0x67, 0x00, 0x00, 0x03, 0x1F,
    0xCF, 0x7F, 0xFF, 0xFF, 0xC1, 0xE7, 0x80, 0x3C, 0x70, 0x0F, 0xC6, 0x03, 0xFC, 0xC0, 0x7F, 0x98,
    0x0F, 0xF3, 0x01, 0xFE, 0x60, 0x00, 0x0C, 0x00, 0x01, 0x80, 0x00, 0x30, 0xFF, 0xFF, 0xFF, 0xFF,
    0x3C, 0x0C, 0x3F, 0x0C, 0x07, 0xCC, 0x03, 0xEC, 0x0F, 0xFC, 0x3F, 0x3C, 0x3C, 0x1C, 0x1F, 0x0C,
    0x1F, 0xCC, 0x01, 0xEC, 0x00, 0x7C, 0x00, 0x3C, 0x00, 0x1C, 0xFF, 0xFF, 0xFF, 0xFC, 0xF9, 0xC1,
    0xF9, 0x83, 0x33, 0x06, 0x7E, 0x0E, 0x7C, 0x1F, 0xF0, 0x1F, 0xC0, 0x0E, 0x00, 0xFF, 0xEF, 0xFF,
    0x1E, 0x73, 0xF3, 0x3B, 0xF3, 0x1F, 0x39, 0xF3, 0xFE, 0x1F, 0xC0, 0xF0, 0xFF, 0xFC, 0xFF, 0xFC,
    0x07, 0x0E, 0x07, 0x0E, 0x47, 0x86, 0xFF, 0xCE, 0x7D, 0xFE, 0x38, 0xFC, 0x00, 0x38, 0xFF, 0xFF,
    0xFF, 0xFF, 0xC0, 0xE1, 0xC0, 0x70, 0xE6, 0x7C, 0x33, 0xFE, 0x38, 0xFB, 0xFC, 0x38, 0xFC, 0x00,
    0x1C, 0x00, 0xFF, 0xFF, 0xFF, 0xFF, 0xFF, 0x00, 0x61, 0xC0, 0x0E, 0x1C, 0x1C, 0xF0, 0xC0, 0xFF,
    0x9C, 0x07, 0x9F, 0xC0, 0x31, 0xF8, 0x00, 0x07, 0x00, 0xFF, 0xFF, 0xFF, 0xDF, 0x06, 0xFC, 0x30,
    0xE7, 0x83, 0xFC, 0x0F, 0xE0, 0x79, 0x03, 0x89, 0x9C, 0x1F, 0xC0, 0x7C, 0x00, 0xC0, 0x00, 0xFF,
    0xFF, 0xFF, 0xF1, 0xF8, 0x03, 0xF8, 0x1F, 0xE0, 0x79, 0xC1, 0xE3, 0x03, 0x0C, 0x00, 0x70, 0xC7,
    0xC3, 0xFE, 0x0F, 0xF0, 0x0F, 0xE0, 0x07, 0xE0, 0x03, 0xC0, 0x02, 0xFF, 0xFF, 0xFF, 0xFF, 0x0F,
    0xC0, 0x07, 0xF0, 0x0F, 0xF8, 0x0F, 0x1C, 0x0F, 0x0C, 0x06, 0x0C, 0x00, 0x1C, 0x18, 0x7C, 0x3F,
    0xF8, 0x1F, 0xE0, 0x03, 0xF8, 0x00, 0x7E, 0x00, 0x0F, 0x00, 0x03, 0x00, 0xC0, 0x06, 0x00, 0x3E,
    0x01, 0xF0, 0x0C, 0x00, 0x60, 0x03, 0x00, 0x18, 0x00, 0xC0, 0x06, 0x06, 0x30, 0x7D, 0x83, 0xEC,
    0x0B, 0x60, 0x3B, 0x03, 0xD8, 0x7C, 0xC7, 0xC6, 0x3E, 0x30, 0xF9, 0x80, 0xFC, 0x01, 0xE0, 0x07,
    0x00, 0x18, 0x00, 0x0C, 0x00, 0x06, 0x03, 0xF3, 0xE7, 0xFD, 0xF3, 0xCF, 0xC3, 0x81, 0xE1, 0xF8,
    0x70, 0xFF, 0x38, 0x3F, 0x8C, 0x00, 0xC6, 0x00, 0xE3, 0x00, 0x71, 0x80, 0xF8, 0xC0, 0x78, 0x60,
    0x10, 0x30, 0x00, 0x18, 0x00, 0x0C, 0x00, 0x06, 0x00, 0x03, 0x00, 0xFF, 0xFF, 0xFF, 0x80, 0x78,
    0x0F, 0xE1, 0xFF, 0x33, 0xF6, 0x0E, 0xC0, 0xD8, 0x3B, 0x07, 0x61, 0xCE, 0x79, 0xFE, 0x1F, 0x00,
    0xFF, 0xFF, 0xFF, 0xF8, 0x01, 0xFE, 0x0F, 0xFC, 0x6F, 0xF3, 0x1B, 0x99, 0xCC, 0xFE, 0x67, 0xE7,
    0x0C, 0x38, 0x8F, 0x87, 0xF8, 0x3F, 0x80, 0x7F, 0x00, 0x7C, 0x00, 0xF8, 0x01, 0x80, 0x00, 0x04,
    0x01, 0x80, 0x7C, 0x1F, 0x07, 0x81, 0x80, 0x60, 0x18, 0x06, 0x01, 0x86, 0x63, 0xD8, 0x7E, 0x0F,
    0x81, 0xE0, 0x38, 0x06, 0x00, 0x07, 0xFC, 0x1F, 0xF0, 0x7C, 0x00, 0xF0, 0x03, 0xE0, 0x0D, 0x80,
    0x77, 0x01, 0xDC, 0x0F, 0x70, 0xF8, 0xCF, 0xC3, 0x3C, 0x1C, 0xE0, 0x71, 0xC3, 0xC3, 0xFE, 0x07,
    0xF0, 0x07, 0x00, 0x07, 0xFF, 0x07, 0xFF, 0x06, 0x00, 0x06, 0x00, 0x06, 0x10, 0x06, 0x38, 0x06,
    0x7C, 0x07, 0xFC, 0x07, 0xFC, 0x63, 0x8C, 0x70, 0x1C, 0x38, 0x1C, 0x3E, 0x3C, 0x1F, 0xF8, 0x07,
    0xF0, 0xFF, 0xFF, 0xFF, 0xC0, 0x0C, 0x00, 0xC3, 0x8C, 0x7C, 0xC7, 0xCC, 0x7C, 0xC3, 0xCC, 0x1C,
    0xC1, 0xCC, 0x38, 0xE7, 0x8F, 0xF0, 0x7E, 0x00, 0xFF, 0xFF, 0xFF, 0x00, 0x63, 0x8C, 0xF9, 0x9F,
    0x33, 0xE6, 0x3C, 0xC1, 0x98, 0x73, 0x0E, 0x73, 0x8F, 0xE0, 0xF8, 0x0E, 0x00, 0xFF, 0xFF, 0xFF,
    0xF0, 0x01, 0x81, 0x0C, 0x3C, 0x63, 0xF3, 0x7F, 0x1F, 0xB8, 0xF9, 0xC7, 0x8C, 0x38, 0x60, 0x83,
    0x00, 0x1C, 0x00, 0xE0, 0x07, 0x00, 0x38, 0x00, 0x80, 0xFF, 0xFF, 0xFF, 0xF0, 0x01, 0x83, 0x0C,
    0x7C, 0x67, 0xE3, 0x7F, 0x1F, 0xB8, 0xF9, 0xC7, 0x0C, 0x38, 0x60, 0x03, 0x00, 0x18, 0x00, 0xC0,
    0x3F, 0xFF, 0xE7, 0xFF, 0xFC, 0x00, 0x00, 0x00, 0x3E, 0x00, 0x07, 0xF0, 0x00, 0xDF, 0x06, 0x18,
    0x70, 0xE3, 0x0E, 0x1E, 0x63, 0xC1, 0xCC, 0xF8, 0xF9, 0x9F, 0x3E, 0x33, 0xEF, 0x06, 0x38, 0xF8,
    0xC0, 0x0F, 0xD8, 0x00, 0x3F, 0x00, 0x03, 0xE0, 0x00, 0x1C, 0x00, 0xFF, 0xFF, 0xFF, 0xC0, 0x38,
    0x07, 0xC0, 0xFE, 0x1F, 0xB3, 0xE1, 0x9C, 0x0C, 0xE0, 0x67, 0xC3, 0x1F, 0x98, 0x1E, 0xC0, 0x7E,
    0x00, 0xF0, 0x07, 0x80, 0x1C, 0x03, 0xF8, 0x1F, 0xC0, 0x30, 0x01, 0x80, 0x0C, 0x00, 0x60, 0x03,
    0x00, 0x18, 0x00, 0xC0, 0x06, 0x3F, 0x31, 0xFD, 0x8F, 0xFC, 0x79, 0xE3, 0xC7, 0x00, 0x18, 0x00,
    0xC0, 0x3F, 0xF8, 0xFF, 0xC0, 0x30, 0x01, 0x80, 0x0C, 0x00, 0x60, 0x03, 0x00, 0x18, 0x00, 0xC0,
    0x06, 0x00, 0x30, 0x01, 0x87, 0x0C, 0x38, 0x60, 0xE3, 0x1F, 0x98, 0xFE, 0xC7, 0xFE, 0x3C, 0xF0,
    0xC3, 0x80, 0x0C, 0x00, 0x3F, 0xF9, 0xFF, 0xC0, 0x18, 0x00, 0xC0, 0x06, 0x00, 0x30, 0x01, 0x86,
    0x0C, 0x38, 0x61, 0xC3, 0x0E, 0x18, 0xFE, 0xCF, 0xFE, 0x7D, 0xF1, 0xE3, 0x80, 0x0C, 0x00, 0x60,
    0x03, 0x00, 0x03, 0xF8, 0x1F, 0xC0, 0x30, 0x01, 0x80, 0x0C, 0x00, 0x60, 0x03, 0x00, 0x18, 0x00,
    0xC0, 0x06, 0x00, 0x30, 0x01, 0x80, 0x0C, 0x7E, 0x63, 0xFB, 0x1F, 0xF8, 0xF3, 0xC7, 0x8E, 0x00,
    0x30, 0x01, 0x80, 0xFF, 0xFC, 0x60, 0xC1, 0x83, 0x06, 0x0C, 0x18, 0x30, 0x60, 0xFF, 0xFC, 0x60,
    0xC1, 0x83, 0x06, 0x0C, 0x18, 0x30, 0x60, 0xC0, 0xFF, 0xFC, 0x60, 0xC1, 0x83, 0x06, 0x0C, 0x18,
    0x30, 0x7F, 0xBF, 0xC0, 0x00, 0x01, 0xE5, 0xFB, 0x7D, 0x86, 0xE3, 0x3F, 0x8F, 0x83, 0x80, 0xFF,
    0xFF, 0x00, 0x1C, 0xFE, 0xFE, 0xCE, 0x0E, 0x0C, 0x0C, 0x0C, 0x0C, 0x0C, 0x0C, 0x0E, 0x0E, 0x1F,
    0x1F, 0x00, 0x1C, 0xFE, 0xFE, 0xCE, 0x0E, 0x0C, 0x0C, 0x0C, 0x0C, 0x0C, 0x0C, 0x0E, 0x0E, 0xC0,
    0x1E, 0x00, 0xFF, 0xFF, 0xFF, 0xF3, 0xE3, 0x80, 0xC0, 0x03, 0x80, 0x0C, 0x00, 0x38, 0xF6, 0xFF,
    0xF9, 0xFF, 0xE0, 0x03, 0x80, 0x06, 0xC0, 0x00, 0xE0, 0x00, 0xC0, 0x00, 0xE0, 0x06, 0xFF, 0xF6,
    0x7F, 0xFE, 0x3F, 0xFE, 0x00, 0x0E, 0x00, 0x00, 0x03, 0xC0, 0x3C, 0x03, 0xE0, 0x3F, 0xFB, 0x7F,
    0xF3, 0xFF, 0x00, 0x70, 0x00, 0xC0, 0x03, 0x80, 0x0C, 0x00, 0xF8, 0x03, 0xFF, 0xED, 0xFF, 0xF3,
    0xFF, 0xC0, 0x07, 0x00, 0x0C, 0x00, 0x0F, 0x00, 0x3C, 0x00, 0xF0, 0x03, 0xE1, 0xEF, 0xFF, 0xF7,
    0xFF, 0xC0, 0x07, 0x00, 0x0C, 0x00, 0x00, 0x0C, 0x01, 0xE0, 0x3C, 0x07, 0xCE, 0xFF, 0xFB, 0xFF,
    0x00, 0xE0, 0x0C, 0x00, 0x0C, 0x00, 0xC0, 0x6E, 0x76, 0xFF, 0xE7, 0xFE, 0x00, 0xE0, 0x06, 0x00,
    0x00, 0x00, 0x01, 0x80, 0x00, 0xC0, 0x00, 0x6C, 0x00, 0x36, 0x00, 0x1B, 0x81, 0xED, 0xFF, 0xFE,
    0x7F, 0xFF, 0x0F, 0x03, 0x80, 0x00, 0xC0, 0xC0, 0x0C, 0x03, 0xC0, 0x3E, 0x3B, 0xFF, 0xF7, 0xFF,
    0x00, 0x70, 0x03, 0x00, 0x30, 0x01, 0x80, 0x0D, 0x80, 0x6C, 0x03, 0x7F, 0xDB, 0xFF, 0xC7, 0xFE,
    0x00, 0x70, 0x01, 0x80, 0xC0, 0x0C, 0x06, 0xFF, 0x6F, 0xFE, 0x3F, 0xE0, 0x0E, 0xC0, 0x00, 0x38,
    0x00, 0x3E, 0x03, 0xCF, 0xFF, 0xFF, 0x7F, 0xFF, 0xC7, 0xC0, 0x70, 0x00, 0x1C, 0x00, 0x03, 0x00,
    0x6C, 0x06, 0xC0, 0x6F, 0xF6, 0xFF, 0xE3, 0xFE, 0x00, 0x60, 0xC0, 0x06, 0x01, 0xB8, 0xED, 0xFF,
    0xE7, 0xFF, 0x00, 0x38, 0xC0, 0x0C, 0x06, 0xFF, 0x6F, 0xFE, 0x3F, 0xE0, 0x0E, 0x06, 0x0F, 0x9F,
    0xDF, 0x67, 0xB3, 0xF8, 0x3C, 0x0E, 0x0C, 0x0F, 0x87, 0xDB, 0xC6, 0xF1, 0x9F, 0x61, 0xF8, 0x1E,
    0x03, 0x80, 0x01, 0x83, 0xE3, 0xFB, 0xF6, 0x71, 0x9F, 0x61, 0xF8, 0x1E, 0x03, 0x80, 0x06, 0x0F,
    0x9F, 0xDF, 0x67, 0xB3, 0xF8, 0x3C, 0x0E, 0x01, 0x83, 0xE1, 0xF9, 0xF6, 0xF1, 0x9E, 0x67, 0xD8,
    0x7E, 0x07, 0x80, 0xE0, 0x0E, 0x30, 0xFD, 0x8F, 0xFC, 0xF1, 0xE7, 0xE7, 0x3F, 0xB8, 0xFC, 0xC0,
    0xE6, 0x0F, 0x30, 0xF0, 0x07, 0x00, 0x00, 0x00, 0x39, 0xFF, 0xFF, 0xF8, 0x7F, 0xFF, 0xED, 0xF6,
    0x1C, 0x6F, 0xEF, 0xFF, 0xF0, 0xFC, 0x0F, 0xD8, 0xFF, 0x9F, 0xF3, 0x7E, 0x63, 0x80, 0xE0, 0x00,
    0x38, 0x07, 0x86, 0x03, 0xF9, 0xC0, 0xFF, 0x30, 0x3D, 0xCE, 0x06, 0x31, 0xC0, 0x0C, 0x38, 0x07,
    0x07, 0x83, 0xC0, 0xFF, 0xE0, 0x1F, 0xF0, 0x00, 0xF0, 0x00, 0x00, 0x38, 0x00, 0x06, 0x01, 0xE1,
    0xC1, 0xFC, 0x70, 0xFF, 0x8E, 0x38, 0xE3, 0x8E, 0x18, 0x73, 0xBE, 0x1C, 0x6F, 0x83, 0x83, 0xE0,
    0x70, 0x18, 0x1E, 0x0E, 0x03, 0xFF, 0x80, 0x3F, 0xC0, 0x03, 0xC0, 0x00, 0xE0, 0x0F, 0x80, 0xFE,
    0x0E, 0x70, 0x71, 0xE3, 0xCF, 0x9E, 0x78, 0xF3, 0xC0, 0x1F, 0x0E, 0xFF, 0xFE, 0xFF, 0xF1, 0xC3,
    0x80, 0x0C, 0x0E, 0x03, 0xF8, 0x3F, 0xC3, 0xDC, 0x3C, 0xC0, 0x0C, 0x01, 0xC7, 0xFC, 0xFF, 0x83,
    0xF0, 0x07, 0xC0, 0x1E, 0x00, 0xF0, 0x03, 0x00, 0x00, 0x01, 0xF8, 0x0F, 0xF8, 0x7F, 0x73, 0xFC,
    0xEF, 0x19, 0x9C, 0x33, 0x3F, 0xE6, 0x1F, 0xCC, 0x7F, 0x98, 0xF3, 0x38, 0xF6, 0x60, 0xFC, 0x00,
    0x78, 0x00, 0x70, 0x00, 0x01, 0x9C, 0x6F, 0xDB, 0xFE, 0xF3, 0xBC, 0x60, 0x18, 0x00, 0xCE, 0x3F,
    0xEF, 0xFF, 0xF3, 0xFC, 0x77, 0x0C, 0x03, 0x00, 0xC0, 0x01, 0x80, 0x60, 0x18, 0x06, 0x79, 0xBF,
    0xEF, 0xFB, 0xCE, 0x71, 0x80, 0x60, 0x00, 0xC0, 0x33, 0x8F, 0xFB, 0xFF, 0xFC, 0xFF, 0x1D, 0x83,
    0x00, 0xC0, 0x0F, 0x18, 0xFE, 0x67, 0xFF, 0x9E, 0x1E, 0x7E, 0xF9, 0xFF, 0xE0, 0x79, 0x83, 0xC6,
    0x0E, 0x18, 0x30, 0x00, 0xE0, 0x00, 0x70, 0x00, 0x38, 0x01, 0xCE, 0x0C, 0xE7, 0x0E, 0xF9, 0xC7,
    0xFC, 0xE3, 0xF6, 0x38, 0xE3, 0x1E, 0x03, 0x87, 0x83, 0xC1, 0xFF, 0xC0, 0x3F, 0xC0, 0x07, 0x80,
    0x30, 0x6F, 0xFE, 0xFF, 0xEE, 0xFE, 0xC6, 0x6F, 0xE6, 0xF8, 0x67, 0x80, 0x00, 0x33, 0x9B, 0x7F,
    0xFF, 0xFF, 0xE7, 0x3C, 0x73, 0xFC, 0x3F, 0xC3, 0x78, 0x30, 0x00, 0x63, 0x16, 0xFF, 0xEF, 0xFE,
    0xE6, 0xEC, 0x66, 0xFA, 0x6F, 0x86, 0x78, 0x60, 0x00, 0x60, 0x06, 0x30, 0x6F, 0xFE, 0xFF, 0xEE,
    0x7E, 0xC6, 0x6F, 0x86, 0xF8, 0x67, 0x80, 0xFF, 0xFF, 0xF0, 0x1F, 0x0F, 0xC0, 0xF0, 0x1C, 0x0E,
    0x0F, 0x0F, 0x87, 0xC3, 0xE0, 0xE0, 0xFF, 0xFF, 0xF0, 0x1F, 0x0F, 0xC0, 0xF0, 0x1C, 0x1E, 0x1F,
    0x0F, 0x87, 0xC1, 0xC0, 0x1C, 0x1F, 0x9F, 0xDC, 0x6D, 0xF4, 0xF8, 0x78, 0xC3, 0xCF, 0x87, 0x1C,
    0xF3, 0xCF, 0x0C, 0x18, 0x30, 0x68, 0xDD, 0xBF, 0x1E, 0x1C, 0x7B, 0xFF, 0xC7, 0x18, 0x61, 0x86,
    0x18, 0x71, 0x80, 0x7C, 0x7F, 0x3D, 0xDE, 0x7F, 0x18, 0x04, 0x43, 0xC7, 0x86, 0x00, 0xFF, 0xFC,
    0x60, 0xC1, 0x83, 0x06, 0x0C, 0x18, 0x30, 0x60, 0xC0, 0xC6, 0x3F, 0xFC, 0x63, 0x18, 0xC6, 0x31,
    0x8C, 0x00, 0xC6, 0x3F, 0xFC, 0x63, 0x18, 0xC6, 0x31, 0x8C, 0x63, 0x00, 0xC0, 0x0C, 0x00, 0xE0,
    0x0F, 0xFC, 0x7F, 0xE1, 0xFF, 0x00, 0x30, 0xC0, 0x06, 0x00, 0x38, 0x01, 0xFF, 0xC7, 0xFF, 0x8F,
    0xFC, 0x00, 0x60, 0xC0, 0x0C, 0x00, 0xE0, 0x0F, 0xF8, 0x7F, 0xC1, 0xFE, 0x00, 0xE0, 0x06, 0x00,
    0x60, 0x06, 0x00, 0x00, 0xC0, 0x03, 0x00, 0x0E, 0x07, 0x3F, 0xFE, 0x7F, 0xFC, 0xF0, 0x70, 0x00,
    0xC0, 0xC0, 0x03, 0x00, 0x0E, 0x07, 0x3F, 0xFE, 0x7F, 0xFC, 0xF0, 0x70, 0x00, 0xC0, 0xC0, 0x06,
    0x00, 0x38, 0x71, 0xFF, 0xC7, 0xFF, 0x1E, 0x38, 0x00, 0xC0, 0x06, 0x00, 0x30, 0x00, 0x80, 0xC0,
    0x0C, 0x00, 0xE0, 0x0F, 0xFC, 0x7F, 0xE1, 0xFF, 0x00, 0x70, 0x03, 0x00, 0x30, 0xC0, 0x01, 0x80,
    0x03, 0x80, 0x07, 0xFF, 0x87, 0xFF, 0x83, 0xFF, 0x80, 0x03, 0x00, 0xC0, 0x0C, 0x00, 0xE0, 0x0F,
    0xF8, 0x7F, 0xC1, 0xFE, 0x00, 0xE0, 0x06, 0x00, 0x60, 0x02, 0x67, 0xB9, 0x8E, 0x71, 0xCE, 0x03,
    0x3D, 0xCC, 0x73, 0x8E, 0x78, 0xC7, 0x31, 0xCE, 0x39, 0xC0, 0x07, 0x31, 0xCE, 0x39, 0xE0, 0x47,
    0x39, 0x8E, 0x71, 0xCE, 0x67, 0x39, 0x8E, 0x71, 0xCE, 0xFC, 0xFC, 0xFF, 0xF0, 0xFF, 0xFF, 0xC0,
    0xFC, 0xFF, 0xFF, 0xFC, 0x18, 0xDB, 0xFF, 0x7F, 0x7E, 0x1C, 0x5A, 0xDB, 0xFF, 0x7F, 0x7E, 0x1C,
    0xFF, 0x80, 0x07, 0xF8, 0x01, 0xFF, 0xF0, 0x3E, 0x0F, 0x87, 0x80, 0x3E, 0x70, 0x00, 0xE7, 0x00,
    0x06, 0x38, 0x00, 0x0F, 0xE0, 0x00, 0xFE, 0x00, 0x01, 0x80, 0x00, 0x18, 0x00, 0x01, 0x80, 0x00,
    0x18, 0x00, 0x01, 0x80, 0x00, 0x18, 0x00, 0x01, 0x80, 0x00, 0x18, 0x00, 0x01, 0x80, 0x00, 0x18,
    0x00, 0x01, 0x80, 0x00, 0x18, 0x00, 0x01, 0x80, 0x00, 0x18, 0x00, 0x00, 0x07, 0xFC, 0x00, 0xFF,
    0xFC, 0x0F, 0x83, 0xF0, 0xF0, 0x03, 0xE7, 0x00, 0x07, 0x38, 0x00, 0x18, 0xE0, 0x00, 0x1F, 0xC0,
    0x00, 0xFE, 0x00, 0x00, 0xC0, 0x00, 0x06, 0x00, 0x00, 0x30, 0x00, 0x01, 0x80, 0x00, 0x0C, 0x00,
    0x00, 0x60, 0x00, 0x03, 0x00, 0x00, 0x18, 0x00, 0x00, 0xC0, 0x00, 0x06, 0x00, 0x00, 0x30, 0x00,
    0x01, 0x80, 0x00, 0x0C, 0x00, 0x00, 0x60, 0x00, 0x00, 0x07, 0xFE, 0x00, 0x7F, 0xFF, 0x03, 0xF0,
    0x7F, 0x1E, 0x00, 0x3E, 0x70, 0x00, 0x3D, 0xC0, 0x00, 0x23, 0x80, 0x00, 0x3F, 0x80, 0x00, 0xFE,
    0x00, 0x00, 0x60, 0x00, 0x01, 0x80, 0x00, 0x06, 0x00, 0x00, 0x18, 0x00, 0x00, 0x60, 0x00, 0x01,
    0x80, 0x00, 0x06, 0x00, 0x00, 0x18, 0x00, 0x00, 0x60, 0x00, 0x01, 0x80, 0x00, 0x06, 0x00, 0x00,
    0x18, 0x00, 0x00, 0x60, 0x00, 0x01, 0x80, 0x00, 0x00, 0x07, 0xFF, 0x00, 0x1F, 0xFF, 0x80, 0xFC,
    0x0F, 0xC3, 0xE0, 0x03, 0xE7, 0x00, 0x01, 0xEE, 0x00, 0x00, 0x8E, 0x00, 0x00, 0x7F, 0x00, 0x00,
    0xFE, 0x00, 0x00, 0x30, 0x00, 0x00, 0x60, 0x00, 0x00, 0xC0, 0x00, 0x01, 0x80, 0x00, 0x03, 0x00,
    0x00, 0x06, 0x00, 0x00, 0x0C, 0x00, 0x00, 0x18, 0x00, 0x00, 0x30, 0x00, 0x00, 0x60, 0x00, 0x00,
    0xC0, 0x00, 0x01, 0x80, 0x00, 0x03, 0x00, 0x00, 0x06, 0x00, 0x00, 0x00, 0x03, 0xFF, 0x80, 0x07,
    0xFF, 0xF8, 0x0F, 0xC0, 0x7F, 0x0F, 0x80, 0x03, 0xE7, 0x00, 0x00, 0x7B, 0x80, 0x00, 0x08, 0xE0,
    0x00, 0x01, 0xFC, 0x00, 0x00, 0xFE, 0x00, 0x00, 0x0C, 0x00, 0x00, 0x06, 0x00, 0x00, 0x03, 0x00,
    0x00, 0x01, 0x80, 0x00, 0x00, 0xC0, 0x00, 0x00, 0x60, 0x00, 0x00, 0x30, 0x00, 0x00, 0x18, 0x00,
    0x00, 0x0C, 0x00, 0x00, 0x06, 0x00, 0x00, 0x03, 0x00, 0x00, 0x01, 0x80, 0x00, 0x00, 0xC0, 0x00,
    0x00, 0x60, 0x00, 0x00, 0x03, 0xFF, 0xC0, 0x03, 0xFF, 0xFE, 0x01, 0xF0, 0x1F, 0xE1, 0xF0, 0x00,
    0x7E, 0x78, 0x00, 0x03, 0xDC, 0x00, 0x00, 0x23, 0x80, 0x00, 0x03, 0xF8, 0x00, 0x00, 0xFE, 0x00,
    0x00, 0x06, 0x00, 0x00, 0x01, 0x80, 0x00, 0x00, 0x60, 0x00, 0x00, 0x18, 0x00, 0x00, 0x06, 0x00,
    0x00, 0x01, 0x80, 0x00, 0x00, 0x60, 0x00, 0x00, 0x18, 0x00, 0x00, 0x06, 0x00, 0x00, 0x01, 0x80,
    0x00, 0x00, 0x60, 0x00, 0x00, 0x18, 0x00, 0x00, 0x06, 0x00, 0x00, 0x01, 0x80, 0x00, 0x00, 0x01,
    0xFF, 0xF0, 0x00, 0x3F, 0xFF, 0xF8, 0x01, 0xF8, 0x07, 0xFC, 0x0F, 0x00, 0x00, 0xFC, 0x78, 0x00,
    0x00, 0x79, 0xC0, 0x00, 0x00, 0x63, 0x80, 0x00, 0x00, 0x3F, 0x80, 0x00, 0x00, 0xFE, 0x00, 0x00,
    0x00, 0x60, 0x00, 0x00, 0x01, 0x80, 0x00, 0x00, 0x06, 0x00, 0x00, 0x00, 0x18, 0x00, 0x00, 0x00,
    0x60, 0x00, 0x00, 0x01, 0x80, 0x00, 0x00, 0x06, 0x00, 0x00, 0x00, 0x18, 0x00, 0x00, 0x00, 0x60,
    0x00, 0x00, 0x01, 0x80, 0x00, 0x00, 0x06, 0x00, 0x00, 0x00, 0x18, 0x00, 0x00, 0x00, 0x60, 0x00,
    0x00, 0x01, 0x80, 0x00, 0x00, 0x06, 0x00, 0x00, 0x00, 0x01, 0xFF, 0xF8, 0x00, 0x1F, 0xFF, 0xFE,
    0x00, 0x7F, 0x00, 0xFF, 0x81, 0xE0, 0x00, 0x0F, 0xE7, 0x80, 0x00, 0x03, 0xEE, 0x00, 0x00, 0x01,
    0x8E, 0x00, 0x00, 0x00, 0x7F, 0x00, 0x00, 0x00, 0xFE, 0x00, 0x00, 0x00, 0x30, 0x00, 0x00, 0x00,
    0x60, 0x00, 0x00, 0x00, 0xC0, 0x00, 0x00, 0x01, 0x80, 0x00, 0x00, 0x03, 0x00, 0x00, 0x00, 0x06,
    0x00, 0x00, 0x00, 0x0C, 0x00, 0x00, 0x00, 0x18, 0x00, 0x00, 0x00, 0x30, 0x00, 0x00, 0x00, 0x60,
    0x00, 0x00, 0x00, 0xC0, 0x00, 0x00, 0x01, 0x80, 0x00, 0x00, 0x03, 0x00, 0x00, 0x00, 0x06, 0x00,
    0x00, 0x00, 0x0C, 0x00, 0x00, 0x00, 0x01, 0xFF, 0xF8, 0x00, 0x07, 0xFF, 0xFF, 0x80, 0x1F, 0xC0,
    0x3F, 0xF0, 0x3E, 0x00, 0x01, 0xFC, 0x78, 0x00, 0x00, 0x1E, 0x70, 0x00, 0x00, 0x06, 0x38, 0x00,
    0x00, 0x00, 0xFE, 0x00, 0x00, 0x00, 0xFE, 0x00, 0x00, 0x00, 0x18, 0x00, 0x00, 0x00, 0x18, 0x00,
    0x00, 0x00, 0x18, 0x00, 0x00, 0x00, 0x18, 0x00, 0x00, 0x00, 0x18, 0x00, 0x00, 0x00, 0x18, 0x00,
    0x00, 0x00, 0x18, 0x00, 0x00, 0x00, 0x18, 0x00, 0x00, 0x00, 0x18, 0x00, 0x00, 0x00, 0x18, 0x00,
    0x00, 0x00, 0x18, 0x00, 0x00, 0x00, 0x18, 0x00, 0x00, 0x00, 0x18, 0x00, 0x00, 0x00, 0x18, 0x00,
    0x00, 0x00, 0x18, 0x00, 0x00, 0x00, 0x0F, 0xF8, 0x07, 0xFF, 0x83, 0xE1, 0xF1, 0xE0, 0x1E, 0x70,
    0x01, 0xDC, 0x00, 0x23, 0x80, 0x03, 0xF8, 0x00, 0xFE, 0x00, 0x06, 0x00, 0x01, 0x80, 0x00, 0x60,
    0x00, 0x18, 0x00, 0x06, 0x00, 0x01, 0x80, 0x00, 0x60, 0x00, 0x18, 0x00, 0x06, 0x00, 0x01, 0x80,
    0x00, 0x60, 0x00, 0x18, 0x00, 0x06, 0x00, 0x01, 0x80, 0x00, 0x0F, 0xF0, 0x07, 0xFF, 0x03, 0xE1,
    0xE1, 0xE0, 0x1E, 0x70, 0x03, 0x9C, 0x00, 0x43, 0x80, 0x03, 0xF8, 0x00, 0xFE, 0x00, 0x06, 0x00,
    0x01, 0x80, 0x00, 0x60, 0x00, 0x18, 0x00, 0x06, 0x00, 0x01, 0x80, 0x00, 0x60, 0x00, 0x18, 0x00,
    0x06, 0x00, 0x01, 0x80, 0x00, 0x60, 0x00, 0x18, 0x00, 0x06, 0x00, 0x01, 0x80, 0x00, 0x0F, 0xE0,
    0x1F, 0xF8, 0x3C, 0x3C, 0x78, 0x1E, 0x70, 0x06, 0x70, 0x02, 0x38, 0x00, 0xFE, 0x00, 0xFE, 0x00,
    0x18, 0x00, 0x18, 0x00, 0x18, 0x00, 0x18, 0x00, 0x18, 0x00, 0x18, 0x00, 0x18, 0x00, 0x18, 0x00,
    0x18, 0x00, 0x18, 0x00, 0x18, 0x00, 0x18, 0x00, 0x18, 0x00, 0x18, 0x00, 0x0F, 0xF0, 0x07, 0xFF,
    0x03, 0xE1, 0xE1, 0xE0, 0x1C, 0x70, 0x03, 0x9C, 0x00, 0x03, 0x80, 0x03, 0xF8, 0x00, 0xFE, 0x00,
    0x06, 0x00, 0x01, 0x80, 0x00, 0x60, 0x00, 0x18, 0x00, 0x06, 0x00, 0x01, 0x80, 0x00, 0x60, 0x00,
    0x18, 0x00, 0x06, 0x00, 0x01, 0x80, 0x00, 0x60, 0x00, 0x18, 0x00, 0x06, 0x00, 0x01, 0x80, 0x00,
    0x60, 0x00, 0x07, 0xFE, 0x00, 0x7F, 0xFF, 0x03, 0xF0, 0x7E, 0x1E, 0x00, 0x1C, 0x70, 0x00, 0x19,
    0xC0, 0x00, 0x07, 0x80, 0x00, 0x3F, 0x80, 0x00, 0xFE, 0x00, 0x00, 0x60, 0x00, 0x01, 0x80, 0x00,
    0x06, 0x00, 0x00, 0x18, 0x00, 0x00, 0x60, 0x00, 0x01, 0x80, 0x00, 0x06, 0x00, 0x00, 0x18, 0x00,
    0x00, 0x60, 0x00, 0x01, 0x80, 0x00, 0x06, 0x00, 0x00, 0x18, 0x00, 0x00, 0x60, 0x00, 0x01, 0x80,
    0x00, 0x06, 0x00, 0x00, 0x03, 0xFF, 0xC0, 0x07, 0xFF, 0xF8, 0x07, 0xC0, 0x1F, 0x07, 0x80, 0x01,
    0xE7, 0x80, 0x00, 0x33, 0x80, 0x00, 0x00, 0xE0, 0x00, 0x01, 0xFC, 0x00, 0x00, 0xFE, 0x00, 0x00,
    0x0C, 0x00, 0x00, 0x06, 0x00, 0x00, 0x03, 0x00, 0x00, 0x01, 0x80, 0x00, 0x00, 0xC0, 0x00, 0x00,
    0x60, 0x00, 0x00, 0x30, 0x00, 0x00, 0x18, 0x00, 0x00, 0x0C, 0x00, 0x00, 0x06, 0x00, 0x00, 0x03,
    0x00, 0x00, 0x01, 0x80, 0x00, 0x00, 0xC0, 0x00, 0x00, 0x60, 0x00, 0x00, 0x30, 0x00, 0x00, 0x01,
    0xFF, 0xE0, 0x00, 0xFF, 0xFF, 0xC0, 0x1F, 0xC0, 0x7F, 0x83, 0xC0, 0x00, 0x7C, 0x78, 0x00, 0x00,
    0xE7, 0x00, 0x00, 0x00, 0x38, 0x00, 0x00, 0x0F, 0xE0, 0x00, 0x00, 0xFE, 0x00, 0x00, 0x01, 0x80,
    0x00, 0x00, 0x18, 0x00, 0x00, 0x01, 0x80, 0x00, 0x00, 0x18, 0x00, 0x00, 0x01, 0x80, 0x00, 0x00,
    0x18, 0x00, 0x00, 0x01, 0x80, 0x00, 0x00, 0x18, 0x00, 0x00, 0x01, 0x80, 0x00, 0x00, 0x18, 0x00,
    0x00, 0x01, 0x80, 0x00, 0x00, 0x18, 0x00, 0x00, 0x01, 0x80, 0x00, 0x00, 0x18, 0x00, 0x00, 0x01,
    0x80, 0x00, 0x00, 0x01, 0xFF, 0xF8, 0x00, 0x3F, 0xFF, 0xF8, 0x07, 0xF0, 0x0F, 0xF0, 0x7C, 0x00,
    0x03, 0xE7, 0x80, 0x00, 0x03, 0xB8, 0x00, 0x00, 0x00, 0xE0, 0x00, 0x00, 0x1F, 0xC0, 0x00, 0x00,
    0xFE, 0x00, 0x00, 0x00, 0xC0, 0x00, 0x00, 0x06, 0x00, 0x00, 0x00, 0x30, 0x00, 0x00, 0x01, 0x80,
    0x00, 0x00, 0x0C, 0x00, 0x00, 0x00, 0x60, 0x00, 0x00, 0x03, 0x00, 0x00, 0x00, 0x18, 0x00, 0x00,
    0x00, 0xC0, 0x00, 0x00, 0x06, 0x00, 0x00, 0x00, 0x30, 0x00, 0x00, 0x01, 0x80, 0x00, 0x00, 0x0C,
    0x00, 0x00, 0x00, 0x60, 0x00, 0x00, 0x03, 0x00, 0x00, 0x00, 0x0F, 0xE0, 0x1F, 0xFC, 0x0F, 0x0F,
    0x8F, 0x01, 0xE7, 0x00, 0x3B, 0x80, 0x08, 0xE0, 0x01, 0xFC, 0x00, 0xFE, 0x00, 0x0C, 0x00, 0x06,
    0x00, 0x03, 0x00, 0x01, 0x80, 0x00, 0xC0, 0x00, 0x60, 0x00, 0x30, 0x00, 0x18, 0x00, 0x0C, 0x00,
    0x06, 0x00, 0x03, 0x00, 0x01, 0x80, 0x00, 0xC0, 0x00, 0x60, 0x00, 0x0F, 0xF8, 0x01, 0xFF, 0xE0,
    0x3E, 0x1F, 0x87, 0x80, 0x3E, 0x70, 0x00, 0xE7, 0x00, 0x02, 0x38, 0x00, 0x0F, 0xE0, 0x00, 0xFE,
    0x00, 0x01, 0x80, 0x00, 0x18, 0x00, 0x01, 0x80, 0x00, 0x18, 0x00, 0x01, 0x80, 0x00, 0x18, 0x00,
    0x01, 0x80, 0x00, 0x18, 0x00, 0x01, 0x80, 0x00, 0x18, 0x00, 0x01, 0x80, 0x00, 0x18, 0x00, 0x01,
    0x80, 0x00, 0x18, 0x00, 0x00, 0x07, 0xFC, 0x00, 0x7F, 0xFE, 0x03, 0xE0, 0x7E, 0x1E, 0x00, 0x3E,
    0x70, 0x00, 0x3D, 0xC0, 0x00, 0x23, 0x80, 0x00, 0x3F, 0x80, 0x00, 0xFE, 0x00, 0x00, 0x60, 0x00,
    0x01, 0x80, 0x00, 0x06, 0x00, 0x00, 0x18, 0x00, 0x00, 0x60, 0x00, 0x01, 0x80, 0x00, 0x06, 0x00,
    0x00, 0x18, 0x00, 0x00, 0x60, 0x00, 0x01, 0x80, 0x00, 0x06, 0x00, 0x00, 0x18, 0x00, 0x00, 0x60,
    0x00, 0x01, 0x80, 0x00, 0x00, 0x3F, 0xF0, 0x0F, 0xFF, 0xC0, 0xE0, 0x3F, 0x0F, 0xF8, 0x70, 0xFF,
    0xE3, 0x83, 0xFE, 0x38, 0x00, 0x61, 0x80, 0x00, 0x7F, 0x00, 0x07, 0xF0, 0x00, 0x18, 0x00, 0x01,
    0x80, 0x00, 0x18, 0x00, 0x01, 0x80, 0x00, 0x18, 0x00, 0x01, 0x80, 0x00, 0x18, 0x00, 0x01, 0x80,
    0x00, 0x18, 0x00, 0x01, 0x80, 0x00, 0x18, 0x00, 0x01, 0x80, 0x00, 0x18, 0x00, 0x01, 0x80, 0x00,
    0x18, 0x7F, 0xC0, 0xFF, 0xF0, 0xE0, 0xF8, 0xF0, 0x3C, 0xF0, 0x1C, 0x30, 0x1C, 0x00, 0x0C, 0x00,
    0x7F, 0x00, 0x7F, 0x00, 0x0C, 0x00, 0x0C, 0x00, 0x0C, 0x00, 0x0C, 0x00, 0x0C, 0x00, 0x0C, 0x00,
    0x0C, 0x00, 0x0C, 0x00, 0x0C, 0x00, 0x0C, 0x00, 0x0C, 0x00, 0x0C, 0x00, 0x0C, 0x00, 0x0C, 0x00,
    0x0C, 0x7F, 0xE0, 0x3F, 0xFE, 0x0E, 0x0F, 0xC3, 0xC0, 0x70, 0xF0, 0x0E, 0x0C, 0x03, 0x80, 0x00,
    0x60, 0x00, 0x7F, 0x00, 0x1F, 0xC0, 0x01, 0x80, 0x00, 0x60, 0x00, 0x18, 0x00, 0x06, 0x00, 0x01,
    0x80, 0x00, 0x60, 0x00, 0x18, 0x00, 0x06, 0x00, 0x01, 0x80, 0x00, 0x60, 0x00, 0x18, 0x00, 0x06,
    0x00, 0x01, 0x80, 0x00, 0x60, 0x00, 0x18, 0x3F, 0xFC, 0x01, 0xFF, 0xFC, 0x0F, 0x00, 0xFC, 0x30,
    0x00, 0x70, 0xFF, 0xE0, 0xE3, 0xFF, 0xE3, 0x83, 0xFF, 0x86, 0x00, 0x00, 0x7F, 0x00, 0x01, 0xFC,
    0x00, 0x01, 0x80, 0x00, 0x06, 0x00, 0x00, 0x18, 0x00, 0x00, 0x60, 0x00, 0x01, 0x80, 0x00, 0x06,
    0x00, 0x00, 0x18, 0x00, 0x00, 0x60, 0x00, 0x01, 0x80, 0x00, 0x06, 0x00, 0x00, 0x18, 0x00, 0x00,
    0x60, 0x00, 0x01, 0x80, 0x00, 0x06, 0x00, 0x00, 0x18, 0x7F, 0xF0, 0x0F, 0xFF, 0xC0, 0xE0, 0x3F,
    0x0F, 0xFE, 0x70, 0xFF, 0xF3, 0x83, 0xFF, 0x38, 0x00, 0x01, 0x80, 0x00, 0x7F, 0x00, 0x07, 0xF0,
    0x00, 0x18, 0x00, 0x01, 0x80, 0x00, 0x18, 0x00, 0x01, 0x80, 0x00, 0x18, 0x00, 0x01, 0x80, 0x00,
    0x18, 0x00, 0x01, 0x80, 0x00, 0x18, 0x00, 0x01, 0x80, 0x00, 0x18, 0x00, 0x01, 0x80, 0x00, 0x18,
    0x00, 0x01, 0x80, 0x00, 0x18, 0xC0, 0x01, 0x80, 0x03, 0x80, 0x07, 0xFE, 0x07, 0xFF, 0x03, 0xFE,
    0x00, 0x0C, 0x00, 0x7F, 0x00, 0xFE, 0x00, 0x60, 0x00, 0xC0, 0x01, 0x80, 0x03, 0x00, 0x06, 0x00,
    0x0C, 0x00, 0x18, 0x00, 0x30, 0x00, 0x60, 0x00, 0xC0, 0x01, 0x80, 0x03, 0x00, 0x06, 0x00, 0x0C,
    0x00, 0x18, 0xC0, 0x00, 0x03, 0x80, 0x00, 0x0E, 0x00, 0x00, 0x3F, 0xFF, 0xE0, 0x7F, 0xFF, 0xC0,
    0x7F, 0xFF, 0x80, 0x00, 0x0E, 0x00, 0x00, 0x7F, 0x00, 0x01, 0xFC, 0x00, 0x01, 0x80, 0x00, 0x06,
    0x00, 0x00, 0x18, 0x00, 0x00, 0x60, 0x00, 0x01, 0x80, 0x00, 0x06, 0x00, 0x00, 0x18, 0x00, 0x00,
    0x60, 0x00, 0x01, 0x80, 0x00, 0x06, 0x00, 0x00, 0x18, 0x00, 0x00, 0x60, 0x00, 0x01, 0x80, 0x00,
    0x06, 0x00, 0x00, 0x18, 0x38, 0x0F, 0xF0, 0xFF, 0x8C, 0x7C, 0xFF, 0xEF, 0xCE, 0x38, 0x60, 0x06,
    0x07, 0xC3, 0xFC, 0x7F, 0xCC, 0xFD, 0xFF, 0xFF, 0x39, 0xC2, 0x38, 0x0F, 0xF0, 0xFF, 0x8C, 0x7C,
    0xFF, 0xEF, 0xEE, 0x38, 0x60, 0x3E, 0x1F, 0xC3, 0xFC, 0x67, 0xCF, 0xFD, 0xF9, 0xCE, 0x10, 0x06,
    0x00, 0xC0, 0xF8, 0x7F, 0x8F, 0xF9, 0x9F, 0xBF, 0xFF, 0xE7, 0x38, 0x40, 0x06, 0x00, 0xC0, 0x18,
    0x1F, 0x0F, 0xE1, 0xFF, 0x33, 0xF7, 0xFF, 0xFC, 0xE7, 0x08, 0x3C, 0x1F, 0x83, 0xF0, 0x63, 0x8F,
    0xF9, 0xFF, 0x8E, 0x30, 0x3E, 0x1F, 0xC3, 0xF0, 0x63, 0x8F, 0xF9, 0xFF, 0x8E, 0x30, 0x38, 0x3F,
    0x8F, 0xC3, 0x08, 0xFF, 0xBF, 0xF3, 0x9C, 0x00, 0x0C, 0x03, 0x03, 0xC3, 0xF0, 0xFC, 0x31, 0xCF,
    0xFB, 0xFF, 0x38, 0x80, 0x0C, 0x03, 0x00, 0xC0, 0xF0, 0xFC, 0x3F, 0x0C, 0x63, 0xFE, 0xFF, 0xCE,
    0x20, 0x3E, 0x3F, 0x8F, 0xC3, 0x18, 0xFF, 0xBF, 0xF3, 0x88, 0x00, 0x1E, 0x7E, 0xF8, 0xF8, 0x7E,
    0x0F, 0x03, 0x0F, 0x1F, 0xC7, 0xE1, 0xF8, 0x1F, 0x9F, 0xE7, 0x89, 0xF8, 0x0F, 0x80, 0xE0, 0x00,
    0xC0, 0x78, 0x1F, 0x87, 0xE3, 0x77, 0xFB, 0xFD, 0xDE, 0xEE, 0x36, 0x00, 0x00, 0x18, 0x03, 0xC0,
    0x7F, 0x03, 0xF0, 0xEE, 0x3E, 0xF7, 0xFF, 0xEF, 0xFF, 0xFD, 0xFF, 0x8F, 0xF0, 0xDC, 0x00, 0x00,
    0xFF, 0xFF, 0xF0, 0xF0, 0x78, 0x1C, 0x0E, 0x03, 0x80, 0xE0, 0x30, 0x0C, 0x03, 0x00, 0xC0, 0x3B,
    0x0F, 0xE1, 0xF8, 0x3E, 0x07, 0x00, 0xFF, 0xBF, 0xE1, 0xE0, 0x70, 0x38, 0x0E, 0x03, 0x80, 0xC0,
    0x30, 0x0C, 0x03, 0x00, 0xE0, 0x39, 0x87, 0xF1, 0xFC, 0x3F, 0x03, 0x80, 0x0F, 0x1F, 0x3C, 0x78,
    0x70, 0xE0, 0xE0, 0xE0, 0xC0, 0xC0, 0xC0, 0xE0, 0xE6, 0xFF, 0x7F, 0x3F, 0x0E, 0x0F, 0x1F, 0x3C,
    0x78, 0x70, 0xE0, 0xE0, 0xE0, 0xE0, 0xC0, 0xC0, 0xE0, 0xEC, 0xFE, 0x7E, 0x3E, 0x1C, 0x0F, 0x1F,
    0x8F, 0x0E, 0x0E, 0x07, 0x03, 0x81, 0xC0, 0xC0, 0x60, 0x38, 0x1C, 0x0E, 0x33, 0xFD, 0xFE, 0x7F,
    0x0F, 0x00, 0xC0, 0x18, 0x03, 0x80, 0x7F, 0x07, 0xF8, 0x3F, 0x00, 0x67, 0xFC, 0xFF, 0x83, 0xE0,
    0x70, 0x1C, 0x03, 0x80, 0x70, 0x0E, 0x01, 0x80, 0x30, 0x07, 0x00, 0xE0, 0x1C, 0x61, 0xDE, 0x3F,
    0xC3, 0xF8, 0x1E, 0xC0, 0x30, 0x0E, 0x03, 0xFC, 0x7F, 0x87, 0xF0, 0x0F, 0xFF, 0xFF, 0xC3, 0xC1,
    0xE0, 0x70, 0x38, 0x0E, 0x03, 0x80, 0xE0, 0x30, 0x0C, 0x03, 0x00, 0xEC, 0x3F, 0x87, 0xE0, 0xF8,
    0x1C, 0xC0, 0x18, 0x03, 0x80, 0x7F, 0x87, 0xF8, 0x3F, 0x80, 0x70, 0x0F, 0x07, 0xE1, 0xF0, 0x38,
    0x0E, 0x03, 0x80, 0x70, 0x0E, 0x01, 0xC0, 0x30, 0x06, 0x00, 0xE0, 0x1C, 0xC3, 0xFC, 0x3F, 0x83,
    0xF0, 0x1C, 0xC0, 0x18, 0x03, 0x80, 0x7F, 0x87, 0xF8, 0x3F, 0x80, 0x70, 0x0F, 0x07, 0xE1, 0xF0,
    0x38, 0x0E, 0x03, 0x80, 0x70, 0x0E, 0x01, 0xC0, 0x30, 0x06, 0x00, 0xC0, 0x1D, 0x83, 0xF8, 0x3F,
    0x03, 0xE0, 0x38, 0xC0, 0x18, 0x03, 0x80, 0x7F, 0x07, 0xF0, 0x3F, 0x00, 0xE0, 0x1C, 0x07, 0x81,
    0xF0, 0x78, 0x0E, 0x03, 0x80, 0x70, 0x0E, 0x01, 0x80, 0x30, 0x07, 0x00, 0xE0, 0x1C, 0x61, 0xDE,
    0x3F, 0xC3, 0xF8, 0x1E, 0x00, 0x1C, 0x79, 0xE7, 0x9E, 0x00, 0x01, 0x01, 0xC1, 0xC1, 0xC1, 0xC1,
    0xC1, 0xC0, 0xE0, 0x20, 0x00, 0x02, 0x07, 0x0E, 0x1C, 0x78, 0xF0, 0xE0, 0x00, 0xFF, 0xFC, 0xE1,
    0xC3, 0x06, 0x0E, 0x1C, 0x38, 0x70, 0x60, 0xC1, 0x87, 0x0E, 0x78, 0x60, 0x80, 0xFF, 0xFF, 0xFF,
    0xFF, 0xFF, 0xF0, 0x01, 0xE0, 0x00, 0x3F, 0xE0, 0x03, 0xFF, 0xC0, 0x3F, 0xB3, 0x83, 0xF0, 0xC7,
    0x0F, 0x03, 0x1C, 0x3E, 0x0C, 0xF0, 0x7E, 0x37, 0xC0, 0x7C, 0xDF, 0x00, 0x7F, 0x7C, 0x00, 0x7C,
    0xE0, 0x78, 0xF0, 0x03, 0xF7, 0xC0, 0x0E, 0xFF, 0x00, 0x31, 0xFC, 0x00, 0xC7, 0x30, 0x03, 0xEC,
    0xC0, 0x0F, 0xC3, 0x00, 0x1E, 0x0C, 0x00,
};

static const EpdGlyph bengali_ui_12Glyphs[] = {
    { 3, 16, 152, 4, 16, 6, 0 }, // U+0964
    { 9, 16, 240, 4, 16, 18, 6 }, // U+0965
    { 12, 17, 216, 1, 16, 26, 24 }, // U+0980
    { 10, 6, 0, -5, 23, 8, 50 }, // U+0981
    { 10, 18, 175, 1, 16, 23, 58 }, // U+0982
    { 8, 17, 175, 2, 16, 17, 81 }, // U+0983
    { 23, 16, 357, 0, 16, 46, 98 }, // U+0985
    { 30, 19, 464, 0, 18, 72, 144 }, // U+0986
    { 14, 26, 214, 0, 23, 46, 216 }, // U+0987
    { 18, 24, 276, 0, 23, 54, 262 }, // U+0988
    { 18, 22, 285, 0, 23, 50, 316 }, // U+0989
    { 21, 22, 320, 0, 23, 58, 366 }, // U+098A
    { 18, 19, 338, 1, 19, 43, 424 }, // U+098B
    { 13, 19, 244, 1, 19, 31, 467 }, // U+098C
    { 15, 17, 292, 1, 16, 32, 498 }, // U+098F
    { 19, 24, 341, 1, 23, 57, 530 }, // U+0990
    { 17, 15, 295, 0, 16, 32, 587 }, // U+0993
    { 20, 22, 350, 0, 23, 55, 619 }, // U+0994
    { 21, 16, 323, 0, 16, 42, 674 }, // U+0995
    { 16, 19, 264, 1, 18, 38, 716 }, // U+0996
    { 17, 19, 258, 0, 18, 41, 754 }, // U+0997
    { 16, 16, 248, 0, 16, 32, 795 }, // U+0998
    { 18, 15, 286, 0, 16, 34, 827 }, // U+0999
    { 14, 15, 215, 0, 16, 27, 861 }, // U+099A
    { 16, 19, 244, 0, 16, 38, 888 }, // U+099B
    { 22, 17, 345, 0, 16, 47, 926 }, // U+099C
    { 21, 18, 319, 0, 18, 48, 973 }, // U+099D
    { 23, 17, 397, 1, 16, 49, 1021 }, // U+099E
    { 15, 22, 219, -1, 23, 42, 1070 }, // U+099F
    { 14, 25, 216, 0, 24, 44, 1112 }, // U+09A0
    { 18, 15, 285, 0, 16, 34, 1156 }, // U+09A1
    { 14, 15, 219, 0, 16, 27, 1190 }, // U+09A2
    { 15, 19, 248, 1, 18, 36, 1217 }, // U+09A3
    { 18, 15, 283, 0, 16, 34, 1253 }, // U+09A4
    { 16, 19, 258, 1, 18, 38, 1287 }, // U+09A5
    { 14, 17, 221, 0, 16, 30, 1325 }, // U+09A6
    { 15, 17, 238, 0, 16, 32, 1355 }, // U+09A7
    { 16, 16, 241, 0, 16, 32, 1387 }, // U+09A8
    { 19, 19, 286, -1, 18, 46, 1419 }, // U+09AA
    { 21, 16, 333, 0, 16, 42, 1465 }, // U+09AB
    { 15, 16, 238, 0, 16, 30, 1507 }, // U+09AC
    { 18, 15, 280, 0, 16, 34, 1537 }, // U+09AD
    { 16, 16, 245, 0, 16, 32, 1571 }, // U+09AE
    { 16, 16, 250, 0, 16, 32, 1603 }, // U+09AF
    { 15, 16, 238, 0, 16, 30, 1635 }, // U+09B0
    { 19, 16, 292, 0, 16, 38, 1665 }, // U+09B2
    { 18, 19, 272, -1, 18, 43, 1703 }, // U+09B6
    { 16, 16, 250, 0, 16, 32, 1746 }, // U+09B7
    { 16, 16, 249, 0, 16, 32, 1778 }, // U+09B8
    { 14, 18, 214, 0, 16, 32, 1810 }, // U+09B9
    { 3, 3, 0, -1, -1, 2, 1842 }, // U+09BC
    { 14, 18, 212, -1, 16, 32, 1844 }, // U+09BD
    { 8, 19, 106, -1, 18, 19, 1876 }, // U+09BE
    { 19, 23, 106, 0, 23, 55, 1895 }, // U+09BF
    { 20, 24, 106, -13, 23, 60, 1950 }, // U+09C0
    { 11, 7, 0, -5, 1, 10, 2010 }, // U+09C1
    { 11, 7, 0, -4, 1, 10, 2020 }, // U+09C2
    { 9, 8, 0, -5, 1, 9, 2030 }, // U+09C3
    { 9, 11, 0, -5, 1, 13, 2039 }, // U+09C4
    { 10, 17, 144, 0, 16, 22, 2052 }, // U+09C7
    { 10, 24, 144, -1, 23, 30, 2074 }, // U+09C8
    { 29, 19, 455, 0, 18, 69, 2104 }, // U+09CB
    { 29, 24, 455, 0, 23, 87, 2173 }, // U+09CC
    { 8, 7, 0, -2, 0, 7, 2260 }, // U+09CD
    { 12, 17, 217, 1, 16, 26, 2267 }, // U+09CE
    { 16, 24, 106, -9, 23, 48, 2293 }, // U+09D7
    { 18, 20, 285, 0, 16, 45, 2341 }, // U+09DC
    { 14, 20, 219, 0, 16, 35, 2386 }, // U+09DD
    { 16, 17, 250, 0, 16, 34, 2421 }, // U+09DF
    { 18, 22, 338, 1, 19, 50, 2455 }, // U+09E0
    { 17, 25, 277, 1, 19, 54, 2505 }, // U+09E1
    { 10, 10, 0, -4, 1, 13, 2559 }, // U+09E2
    { 12, 14, 0, -5, 3, 21, 2572 }, // U+09E3
    { 12, 14, 237, 2, 15, 21, 2593 }, // U+09E6
    { 11, 17, 237, 2, 16, 24, 2614 }, // U+09E7
    { 13, 19, 237, 2, 17, 31, 2638 }, // U+09E8
    { 15, 13, 237, -1, 14, 25, 2669 }, // U+09E9
    { 11, 17, 237, 2, 16, 24, 2694 }, // U+09EA
    { 13, 17, 237, 1, 16, 28, 2718 }, // U+09EB
    { 15, 15, 237, 0, 16, 29, 2746 }, // U+09EC
    { 12, 17, 237, 2, 16, 26, 2775 }, // U+09ED
    { 14, 17, 237, 0, 16, 30, 2801 }, // U+09EE
    { 13, 18, 237, 1, 17, 30, 2831 }, // U+09EF
    { 15, 16, 238, 0, 16, 30, 2861 }, // U+09F0
    { 15, 17, 238, 0, 16, 32, 2891 }, // U+09F1
    { 12, 12, 236, 1, 14, 18, 2923 }, // U+09F2
    { 11, 20, 237, 2, 20, 28, 2941 }, // U+09F3
    { 11, 14, 236, 2, 14, 20, 2969 }, // U+09F4
    { 13, 17, 241, 1, 17, 28, 2989 }, // U+09F5
    { 14, 17, 272, 1, 16, 30, 3017 }, // U+09F6
    { 5, 16, 107, 1, 16, 10, 3047 }, // U+09F7
    { 14, 17, 241, 1, 16, 30, 3057 }, // U+09F8
    { 10, 10, 193, 1, 13, 13, 3087 }, // U+09F9
    { 15, 11, 270, 1, 20, 21, 3100 }, // U+09FA
    { 8, 15, 124, 1, 11, 15, 3121 }, // U+09FB
    { 12, 15, 215, 0, 13, 23, 3136 }, // U+09FC
    { 9, 8, 170, 2, 14, 9, 3159 }, // U+09FD
    { 8, 10, 0, -3, 24, 10, 3168 }, // U+09FE
    { 0, 0, 0, 0, 0, 0, 3178 }, // U+200C
    { 0, 0, 0, 0, 0, 0, 3178 }, // U+200D
    { 11, 11, 204, 1, 13, 16, 3178 }, // U+25CC
    { 11, 18, 240, 2, 18, 25, 3194 }, // U+F0000
    { 0, 0, 0, 0, 0, 0, 3219 }, // U+F0001
    { 0, 0, 0, 0, 0, 0, 3219 }, // U+F0002
    { 0, 0, 0, 0, 0, 0, 3219 }, // U+F0003
    { 11, 11, 204, 1, 13, 16, 3219 }, // U+F0004
    { 0, 0, 104, 0, 0, 0, 3235 }, // U+F0005
    { 12, 17, 216, 1, 16, 26, 3235 }, // U+F0006
    { 10, 6, 0, -5, 23, 8, 3261 }, // U+F0007
    { 10, 18, 175, 1, 16, 23, 3269 }, // U+F0008
    { 8, 17, 175, 2, 16, 17, 3292 }, // U+F0009
    { 23, 16, 357, 0, 16, 46, 3309 }, // U+F000A
    { 30, 19, 464, 0, 18, 72, 3355 }, // U+F000B
    { 14, 26, 214, 0, 23, 46, 3427 }, // U+F000C
    { 18, 24, 276, 0, 23, 54, 3473 }, // U+F000D
    { 18, 22, 285, 0, 23, 50, 3527 }, // U+F000E
    { 21, 22, 320, 0, 23, 58, 3577 }, // U+F000F
    { 18, 19, 338, 1, 19, 43, 3635 }, // U+F0010
    { 13, 19, 244, 1, 19, 31, 3678 }, // U+F0011
    { 15, 17, 292, 1, 16, 32, 3709 }, // U+F0012
    { 19, 24, 341, 1, 23, 57, 3741 }, // U+F0013
    { 17, 15, 295, 0, 16, 32, 3798 }, // U+F0014
    { 20, 22, 350, 0, 23, 55, 3830 }, // U+F0015
    { 21, 16, 323, 0, 16, 42, 3885 }, // U+F0016
    { 16, 19, 264, 1, 18, 38, 3927 }, // U+F0017
    { 17, 19, 258, 0, 18, 41, 3965 }, // U+F0018
    { 16, 16, 248, 0, 16, 32, 4006 }, // U+F0019
    { 18, 15, 286, 0, 16, 34, 4038 }, // U+F001A
    { 14, 15, 215, 0, 16, 27, 4072 }, // U+F001B
    { 16, 19, 244, 0, 16, 38, 4099 }, // U+F001C
    { 22, 17, 345, 0, 16, 47, 4137 }, // U+F001D
    { 21, 18, 319, 0, 18, 48, 4184 }, // U+F001E
    { 23, 17, 397, 1, 16, 49, 4232 }, // U+F001F
    { 15, 22, 219, -1, 23, 42, 4281 }, // U+F0020
    { 14, 25, 216, 0, 24, 44, 4323 }, // U+F0021
    { 18, 15, 285, 0, 16, 34, 4367 }, // U+F0022
    { 14, 15, 219, 0, 16, 27, 4401 }, // U+F0023
    { 15, 19, 248, 1, 18, 36, 4428 }, // U+F0024
    { 18, 15, 283, 0, 16, 34, 4464 }, // U+F0025
    { 16, 19, 258, 1, 18, 38, 4498 }, // U+F0026
    { 14, 17, 221, 0, 16, 30, 4536 }, // U+F0027
    { 15, 17, 238, 0, 16, 32, 4566 }, // U+F0028
    { 16, 16, 241, 0, 16, 32, 4598 }, // U+F0029
    { 19, 19, 286, -1, 18, 46, 4630 }, // U+F002A
    { 21, 16, 333, 0, 16, 42, 4676 }, // U+F002B
    { 15, 16, 238, 0, 16, 30, 4718 }, // U+F002C
    { 18, 15, 280, 0, 16, 34, 4748 }, // U+F002D
    { 16, 16, 245, 0, 16, 32, 4782 }, // U+F002E
    { 16, 16, 250, 0, 16, 32, 4814 }, // U+F002F
    { 15, 16, 238, 0, 16, 30, 4846 }, // U+F0030
    { 19, 16, 292, 0, 16, 38, 4876 }, // U+F0031
    { 18, 19, 272, -1, 18, 43, 4914 }, // U+F0032
    { 16, 16, 250, 0, 16, 32, 4957 }, // U+F0033
    { 16, 16, 249, 0, 16, 32, 4989 }, // U+F0034
    { 14, 18, 214, 0, 16, 32, 5021 }, // U+F0035
    { 3, 3, 0, -1, -1, 2, 5053 }, // U+F0036
    { 14, 18, 212, -1, 16, 32, 5055 }, // U+F0037
    { 8, 19, 106, -1, 18, 19, 5087 }, // U+F0038
    { 19, 23, 106, 0, 23, 55, 5106 }, // U+F0039
    { 20, 24, 106, -13, 23, 60, 5161 }, // U+F003A
    { 11, 7, 0, -5, 1, 10, 5221 }, // U+F003B
    { 11, 7, 0, -4, 1, 10, 5231 }, // U+F003C
    { 9, 8, 0, -5, 1, 9, 5241 }, // U+F003D
    { 9, 11, 0, -5, 1, 13, 5250 }, // U+F003E
    { 10, 17, 144, 0, 16, 22, 5263 }, // U+F003F
    { 10, 24, 144, -1, 23, 30, 5285 }, // U+F0040
    { 29, 19, 455, 0, 18, 69, 5315 }, // U+F0041
    { 29, 24, 455, 0, 23, 87, 5384 }, // U+F0042
    { 8, 7, 0, -2, 0, 7, 5471 }, // U+F0043
    { 12, 17, 217, 1, 16, 26, 5478 }, // U+F0044
    { 16, 24, 106, -9, 23, 48, 5504 }, // U+F0045
    { 18, 20, 285, 0, 16, 45, 5552 }, // U+F0046
    { 14, 20, 219, 0, 16, 35, 5597 }, // U+F0047
    { 16, 17, 250, 0, 16, 34, 5632 }, // U+F0048
    { 18, 22, 338, 1, 19, 50, 5666 }, // U+F0049
    { 17, 25, 277, 1, 19, 54, 5716 }, // U+F004A
    { 10, 10, 0, -4, 1, 13, 5770 }, // U+F004B
    { 12, 14, 0, -5, 3, 21, 5783 }, // U+F004C
    { 12, 14, 237, 2, 15, 21, 5804 }, // U+F004D
    { 11, 17, 237, 2, 16, 24, 5825 }, // U+F004E
    { 13, 19, 237, 2, 17, 31, 5849 }, // U+F004F
    { 15, 13, 237, -1, 14, 25, 5880 }, // U+F0050
    { 11, 17, 237, 2, 16, 24, 5905 }, // U+F0051
    { 13, 17, 237, 1, 16, 28, 5929 }, // U+F0052
    { 15, 15, 237, 0, 16, 29, 5957 }, // U+F0053
    { 12, 17, 237, 2, 16, 26, 5986 }, // U+F0054
    { 14, 17, 237, 0, 16, 30, 6012 }, // U+F0055
    { 13, 18, 237, 1, 17, 30, 6042 }, // U+F0056
    { 15, 16, 238, 0, 16, 30, 6072 }, // U+F0057
    { 15, 17, 238, 0, 16, 32, 6102 }, // U+F0058
    { 12, 12, 236, 1, 14, 18, 6134 }, // U+F0059
    { 11, 20, 237, 2, 20, 28, 6152 }, // U+F005A
    { 11, 14, 236, 2, 14, 20, 6180 }, // U+F005B
    { 13, 17, 241, 1, 17, 28, 6200 }, // U+F005C
    { 14, 17, 272, 1, 16, 30, 6228 }, // U+F005D
    { 5, 16, 107, 1, 16, 10, 6258 }, // U+F005E
    { 14, 17, 241, 1, 16, 30, 6268 }, // U+F005F
    { 10, 10, 193, 1, 13, 13, 6298 }, // U+F0060
    { 15, 11, 270, 1, 20, 21, 6311 }, // U+F0061
    { 8, 15, 124, 1, 11, 15, 6332 }, // U+F0062
    { 12, 15, 215, 0, 13, 23, 6347 }, // U+F0063
    { 9, 8, 170, 2, 14, 9, 6370 }, // U+F0064
    { 8, 10, 0, -3, 24, 10, 6379 }, // U+F0065
    { 3, 16, 152, 4, 16, 6, 6389 }, // U+F0066
    { 9, 16, 240, 4, 16, 18, 6395 }, // U+F0067
    { 7, 8, 0, -2, 24, 7, 6413 }, // U+F0068
    { 7, 18, 108, 0, 16, 16, 6420 }, // U+F0069
    { 24, 20, 357, -1, 16, 60, 6436 }, // U+F006A
    { 23, 16, 344, -1, 16, 46, 6496 }, // U+F006B
    { 27, 21, 415, -1, 16, 71, 6542 }, // U+F006C
    { 24, 18, 357, -1, 16, 54, 6613 }, // U+F006D
    { 18, 19, 276, 0, 16, 43, 6667 }, // U+F006E
    { 18, 18, 276, 0, 16, 41, 6710 }, // U+F006F
    { 27, 19, 416, -1, 16, 65, 6751 }, // U+F0070
    { 31, 17, 468, -1, 16, 66, 6816 }, // U+F0071
    { 31, 22, 468, -1, 16, 86, 6882 }, // U+F0072
    { 24, 15, 376, 0, 16, 45, 6968 }, // U+F0073
    { 22, 20, 339, -1, 16, 55, 7013 }, // U+F0074
    { 19, 19, 341, 0, 18, 46, 7068 }, // U+F0075
    { 19, 23, 341, 0, 18, 55, 7114 }, // U+F0076
    { 15, 21, 270, 1, 16, 40, 7169 }, // U+F0077
    { 18, 18, 305, 0, 16, 41, 7209 }, // U+F0078
    { 29, 15, 449, 0, 16, 55, 7250 }, // U+F0079
    { 18, 15, 303, 0, 16, 34, 7305 }, // U+F007A
    { 18, 17, 284, 0, 16, 39, 7339 }, // U+F007B
    { 17, 17, 259, 0, 16, 37, 7378 }, // U+F007C
    { 18, 19, 294, 1, 18, 43, 7415 }, // U+F007D
    { 17, 16, 265, 0, 16, 34, 7458 }, // U+F007E
    { 21, 17, 323, 0, 16, 45, 7492 }, // U+F007F
    { 19, 21, 295, 0, 16, 50, 7537 }, // U+F0080
    { 15, 22, 234, 0, 16, 42, 7587 }, // U+F0081
    { 25, 17, 383, 0, 16, 54, 7629 }, // U+F0082
    { 17, 17, 258, 0, 16, 37, 7683 }, // U+F0083
    { 19, 16, 295, 0, 16, 38, 7720 }, // U+F0084
    { 23, 16, 352, -1, 16, 46, 7758 }, // U+F0085
    { 26, 17, 396, -1, 16, 56, 7804 }, // U+F0086
    { 21, 17, 328, 0, 16, 45, 7860 }, // U+F0087
    { 21, 15, 314, -1, 16, 40, 7905 }, // U+F0088
    { 21, 17, 326, 0, 16, 45, 7945 }, // U+F0089
    { 21, 18, 326, 0, 16, 48, 7990 }, // U+F008A
    { 19, 22, 292, 0, 16, 53, 8038 }, // U+F008B
    { 15, 23, 225, 0, 16, 44, 8091 }, // U+F008C
    { 21, 19, 323, 0, 16, 50, 8135 }, // U+F008D
    { 21, 21, 323, 0, 16, 56, 8185 }, // U+F008E
    { 16, 19, 246, 0, 16, 38, 8241 }, // U+F008F
    { 24, 16, 362, -1, 16, 48, 8279 }, // U+F0090
    { 18, 21, 280, 0, 16, 48, 8327 }, // U+F0091
    { 28, 17, 430, -1, 16, 60, 8375 }, // U+F0092
    { 17, 21, 268, 0, 16, 45, 8435 }, // U+F0093
    { 19, 17, 300, 0, 16, 41, 8480 }, // U+F0094
    { 22, 16, 344, 0, 16, 44, 8521 }, // U+F0095
    { 22, 16, 353, -1, 16, 44, 8565 }, // U+F0096
    { 22, 24, 336, -1, 18, 66, 8609 }, // U+F0097
    { 23, 16, 346, 0, 16, 46, 8675 }, // U+F0098
    { 18, 22, 277, 0, 16, 50, 8721 }, // U+F0099
    { 14, 21, 223, 0, 16, 37, 8771 }, // U+F009A
    { 14, 21, 221, 0, 16, 37, 8808 }, // U+F009B
    { 16, 23, 250, 0, 16, 46, 8845 }, // U+F009C
    { 16, 19, 250, 0, 16, 38, 8891 }, // U+F009D
    { 18, 15, 303, 0, 16, 34, 8929 }, // U+F009E
    { 19, 26, 277, -1, 16, 62, 8963 }, // U+F009F
    { 18, 15, 303, 0, 16, 34, 9025 }, // U+F00A0
    { 14, 18, 224, 0, 16, 32, 9059 }, // U+F00A1
    { 19, 20, 291, 0, 16, 48, 9091 }, // U+F00A2
    { 15, 19, 225, 0, 16, 36, 9139 }, // U+F00A3
    { 21, 21, 332, 0, 16, 56, 9175 }, // U+F00A4
    { 14, 17, 212, -1, 16, 30, 9231 }, // U+F00A5
    { 14, 17, 216, 0, 16, 30, 9261 }, // U+F00A6
    { 16, 17, 249, 0, 16, 34, 9291 }, // U+F00A7
    { 21, 15, 320, 0, 16, 40, 9325 }, // U+F00A8
    { 23, 15, 346, -1, 16, 44, 9365 }, // U+F00A9
    { 15, 17, 258, 1, 18, 32, 9409 }, // U+F00AA
    { 13, 12, 254, 0, 16, 20, 9441 }, // U+F00AB
    { 16, 14, 278, 1, 17, 28, 9461 }, // U+F00AC
    { 16, 15, 248, 0, 16, 30, 9489 }, // U+F00AD
    { 18, 16, 280, 0, 16, 36, 9519 }, // U+F00AE
    { 15, 15, 254, -1, 17, 29, 9555 }, // U+F00AF
    { 19, 16, 292, 0, 16, 38, 9584 }, // U+F00B0
    { 14, 15, 145, 0, 16, 27, 9622 }, // U+F00B1
    { 14, 15, 215, 0, 16, 27, 9649 }, // U+F00B2
    { 14, 15, 221, 0, 16, 27, 9676 }, // U+F00B3
    { 15, 17, 234, 0, 16, 32, 9703 }, // U+F00B4
    { 21, 15, 327, 0, 16, 40, 9735 }, // U+F00B5
    { 21, 17, 315, 0, 18, 45, 9775 }, // U+F00B6
    { 20, 14, 362, 1, 16, 35, 9820 }, // U+F00B7
    { 15, 22, 211, -1, 23, 42, 9855 }, // U+F00B8
    { 14, 15, 216, 0, 16, 27, 9897 }, // U+F00B9
    { 17, 15, 277, 0, 16, 32, 9924 }, // U+F00BA
    { 16, 14, 251, 0, 16, 28, 9956 }, // U+F00BB
    { 14, 15, 211, 0, 16, 27, 9984 }, // U+F00BC
    { 14, 15, 221, 0, 16, 27, 10011 }, // U+F00BD
    { 10, 10, 237, 1, 16, 13, 10038 }, // U+F00BE
    { 14, 13, 271, 3, 17, 23, 10051 }, // U+F00BF
    { 10, 9, 228, 1, 16, 12, 10074 }, // U+F00C0
    { 18, 14, 275, 0, 16, 32, 10086 }, // U+F00C1
    { 18, 15, 276, 0, 16, 34, 10118 }, // U+F00C2
    { 15, 17, 254, 1, 18, 32, 10152 }, // U+F00C3
    { 15, 14, 225, 0, 16, 27, 10184 }, // U+F00C4
    { 16, 12, 249, 0, 16, 24, 10211 }, // U+F00C5
    { 14, 11, 212, 0, 16, 20, 10235 }, // U+F00C6
    { 13, 17, 173, 0, 16, 28, 10255 }, // U+F00C7
    { 21, 14, 323, 0, 16, 37, 10283 }, // U+F00C8
    { 15, 15, 238, 0, 16, 29, 10320 }, // U+F00C9
    { 16, 9, 245, 0, 16, 18, 10349 }, // U+F00CA
    { 19, 9, 302, 0, 16, 22, 10367 }, // U+F00CB
    { 18, 14, 295, 0, 16, 32, 10389 }, // U+F00CC
    { 18, 13, 280, 0, 18, 30, 10421 }, // U+F00CD
    { 18, 13, 306, 2, 17, 30, 10451 }, // U+F00CE
    { 15, 12, 286, 0, 16, 23, 10481 }, // U+F00CF
    { 22, 15, 337, -1, 16, 42, 10504 }, // U+F00D0
    { 14, 15, 238, 0, 16, 27, 10546 }, // U+F00D1
    { 14, 12, 230, -1, 16, 21, 10573 }, // U+F00D2
    { 15, 14, 235, 0, 16, 27, 10594 }, // U+F00D3
    { 15, 9, 234, -1, 16, 17, 10621 }, // U+F00D4
    { 16, 9, 246, 0, 16, 18, 10638 }, // U+F00D5
    { 19, 9, 296, 0, 16, 22, 10656 }, // U+F00D6
    { 15, 12, 267, -1, 16, 23, 10678 }, // U+F00D7
    { 16, 15, 250, 0, 16, 30, 10701 }, // U+F00D8
    { 14, 10, 272, 0, 16, 18, 10731 }, // U+F00D9
    { 19, 13, 290, -1, 17, 31, 10749 }, // U+F00DA
    { 16, 15, 250, 0, 16, 30, 10780 }, // U+F00DB
    { 15, 10, 238, 0, 16, 19, 10810 }, // U+F00DC
    { 12, 10, 207, 0, 16, 15, 10829 }, // U+F00DD
    { 16, 9, 256, 0, 16, 18, 10844 }, // U+F00DE
    { 17, 9, 267, 0, 16, 20, 10862 }, // U+F00DF
    { 20, 9, 313, 0, 16, 23, 10882 }, // U+F00E0
    { 13, 13, 249, 0, 16, 22, 10905 }, // U+F00E1
    { 14, 16, 224, 0, 16, 28, 10927 }, // U+F00E2
    { 16, 16, 246, 0, 16, 32, 10955 }, // U+F00E3
    { 13, 24, 94, -7, 18, 39, 10987 }, // U+F00E4
    { 17, 19, 258, 0, 18, 41, 11026 }, // U+F00E5
    { 11, 15, 108, -4, 16, 21, 11067 }, // U+F00E6
    { 13, 19, 142, -4, 16, 31, 11088 }, // U+F00E7
    { 10, 17, 0, -4, 18, 22, 11119 }, // U+F00E8
    { 14, 17, 55, -10, 16, 30, 11141 }, // U+F00E9
    { 16, 15, 104, -9, 16, 30, 11171 }, // U+F00EA
    { 12, 15, 112, -4, 16, 23, 11201 }, // U+F00EB
    { 11, 15, 104, -4, 16, 21, 11224 }, // U+F00EC
    { 13, 17, 124, -4, 16, 28, 11245 }, // U+F00ED
    { 13, 14, 124, -4, 16, 23, 11273 }, // U+F00EE
    { 19, 18, 172, -8, 16, 43, 11296 }, // U+F00EF
    { 13, 16, 161, -3, 16, 26, 11339 }, // U+F00F0
    { 13, 17, 93, -7, 16, 28, 11365 }, // U+F00F1
    { 13, 21, 79, -7, 16, 35, 11393 }, // U+F00F2
    { 13, 18, 91, -7, 16, 30, 11428 }, // U+F00F3
    { 13, 20, 93, -7, 16, 33, 11458 }, // U+F00F4
    { 7, 11, 106, 0, 16, 10, 11491 }, // U+F00F5
    { 7, 12, 106, 0, 16, 11, 11501 }, // U+F00F6
    { 7, 10, 106, 0, 16, 9, 11512 }, // U+F00F7
    { 9, 12, 78, -4, 16, 14, 11521 }, // U+F00F8
    { 8, 16, 66, -3, 16, 16, 11535 }, // U+F00F9
    { 8, 16, 68, -3, 16, 16, 11551 }, // U+F00FA
    { 13, 5, 0, 1, 5, 9, 11567 }, // U+F00FB
    { 14, 8, 0, 1, 7, 14, 11576 }, // U+F00FC
    { 16, 8, 0, 1, 8, 16, 11590 }, // U+F00FD
    { 12, 10, 0, 1, 9, 15, 11606 }, // U+F00FE
    { 14, 9, 0, 1, 8, 16, 11621 }, // U+F00FF
    { 14, 9, 0, 1, 8, 16, 11637 }, // U+F0100
    { 11, 10, 0, 1, 9, 14, 11653 }, // U+F0101
    { 12, 8, 0, 1, 7, 12, 11667 }, // U+F0102
    { 17, 11, 0, 1, 10, 24, 11679 }, // U+F0103
    { 12, 8, 0, 1, 7, 12, 11703 }, // U+F0104
    { 13, 10, 0, 1, 9, 17, 11715 }, // U+F0105
    { 12, 6, 0, 1, 6, 9, 11732 }, // U+F0106
    { 18, 8, 0, 1, 7, 18, 11741 }, // U+F0107
    { 12, 7, 0, 1, 5, 11, 11759 }, // U+F0108
    { 13, 6, 0, 1, 6, 10, 11770 }, // U+F0109
    { 12, 6, 0, 1, 6, 9, 11780 }, // U+F010A
    { 9, 8, 0, 0, 7, 9, 11789 }, // U+F010B
    { 10, 9, 0, 0, 7, 12, 11798 }, // U+F010C
    { 10, 9, 0, 0, 7, 12, 11810 }, // U+F010D
    { 9, 8, 0, 0, 7, 9, 11822 }, // U+F010E
    { 10, 10, 0, 0, 7, 13, 11831 }, // U+F010F
    { 13, 12, 0, 0, 8, 20, 11844 }, // U+F0110
    { 9, 7, 0, 1, 7, 8, 11864 }, // U+F0111
    { 11, 10, 0, 1, 9, 14, 11872 }, // U+F0112
    { 18, 12, 0, 0, 9, 27, 11886 }, // U+F0113
    { 18, 15, 0, 0, 12, 34, 11913 }, // U+F0114
    { 13, 14, 0, 1, 14, 23, 11947 }, // U+F0115
    { 12, 14, 0, 0, 13, 21, 11970 }, // U+F0116
    { 15, 15, 0, 0, 8, 29, 11991 }, // U+F0117
    { 10, 7, 0, 1, 6, 9, 12020 }, // U+F0118
    { 10, 9, 0, 1, 6, 12, 12029 }, // U+F0119
    { 10, 10, 0, 1, 7, 13, 12041 }, // U+F011A
    { 10, 9, 0, 1, 9, 12, 12054 }, // U+F011B
    { 14, 10, 0, 0, 8, 18, 12066 }, // U+F011C
    { 17, 13, 0, 0, 9, 28, 12084 }, // U+F011D
    { 12, 8, 0, 1, 7, 12, 12112 }, // U+F011E
    { 12, 9, 0, 1, 7, 14, 12124 }, // U+F011F
    { 12, 9, 0, 1, 8, 14, 12138 }, // U+F0120
    { 12, 10, 0, 1, 5, 15, 12152 }, // U+F0121
    { 9, 13, 0, 1, 16, 15, 12167 }, // U+F0122
    { 9, 12, 0, 1, 16, 14, 12182 }, // U+F0123
    { 9, 7, 0, 0, 12, 8, 12196 }, // U+F0124
    { 6, 8, 0, 1, 7, 6, 12204 }, // U+F0125
    { 7, 9, 0, 1, 6, 8, 12210 }, // U+F0126
    { 6, 11, 0, 1, 8, 9, 12218 }, // U+F0127
    { 9, 6, 0, 1, 12, 7, 12227 }, // U+F0128
    { 6, 5, 0, 0, 1, 4, 12234 }, // U+F0129
    { 7, 12, 0, 1, 16, 11, 12238 }, // U+F012A
    { 5, 13, 0, 1, 18, 9, 12249 }, // U+F012B
    { 5, 15, 0, 1, 18, 10, 12258 }, // U+F012C
    { 12, 7, 0, 1, 23, 11, 12268 }, // U+F012D
    { 13, 7, 0, 1, 23, 12, 12279 }, // U+F012E
    { 12, 11, 0, 1, 23, 17, 12291 }, // U+F012F
    { 14, 7, 0, 1, 23, 13, 12308 }, // U+F0130
    { 14, 7, 0, 1, 23, 13, 12321 }, // U+F0131
    { 13, 10, 0, 1, 23, 17, 12334 }, // U+F0132
    { 12, 9, 0, 1, 23, 14, 12351 }, // U+F0133
    { 15, 7, 0, 1, 23, 14, 12365 }, // U+F0134
    { 12, 10, 0, 1, 23, 15, 12379 }, // U+F0135
    { 5, 8, 0, 1, 24, 5, 12394 }, // U+F0136
    { 5, 9, 0, 1, 25, 6, 12399 }, // U+F0137
    { 5, 7, 0, 1, 23, 5, 12405 }, // U+F0138
    { 5, 7, 0, 1, 23, 5, 12410 }, // U+F0139
    { 5, 8, 0, 1, 24, 5, 12415 }, // U+F013A
    { 5, 8, 0, 1, 24, 5, 12420 }, // U+F013B
    { 3, 2, 0, -3, 16, 1, 12425 }, // U+F013C
    { 3, 2, 0, 0, 16, 1, 12426 }, // U+F013D
    { 6, 2, 0, 0, 16, 2, 12427 }, // U+F013E
    { 9, 2, 0, -2, 16, 3, 12429 }, // U+F013F
    { 3, 2, 0, -3, 16, 1, 12432 }, // U+F0140
    { 11, 2, 218, 0, 16, 3, 12433 }, // U+F0141
    { 8, 6, 0, -4, 22, 6, 12436 }, // U+F0142
    { 8, 6, 0, -4, 23, 6, 12442 }, // U+F0143
    { 3, 3, 0, -1, -2, 2, 12448 }, // U+F0144
    { 20, 23, 106, 0, 23, 58, 12450 }, // U+F0145
    { 21, 23, 106, 0, 23, 61, 12508 }, // U+F0146
    { 22, 23, 106, 0, 23, 64, 12569 }, // U+F0147
    { 23, 23, 106, 0, 23, 67, 12633 }, // U+F0148
    { 25, 23, 106, 0, 23, 72, 12700 }, // U+F0149
    { 26, 23, 106, 0, 23, 75, 12772 }, // U+F014A
    { 30, 24, 106, 0, 23, 90, 12847 }, // U+F014B
    { 31, 24, 106, 0, 23, 93, 12937 }, // U+F014C
    { 32, 24, 106, 0, 23, 96, 13030 }, // U+F014D
    { 18, 23, 106, 0, 23, 52, 13126 }, // U+F014E
    { 18, 23, 106, 0, 23, 52, 13178 }, // U+F014F
    { 16, 23, 106, 0, 23, 46, 13230 }, // U+F0150
    { 18, 24, 106, 0, 23, 54, 13276 }, // U+F0151
    { 22, 24, 106, 0, 23, 66, 13330 }, // U+F0152
    { 25, 24, 106, 0, 23, 75, 13396 }, // U+F0153
    { 28, 24, 106, 0, 23, 84, 13471 }, // U+F0154
    { 29, 24, 106, 0, 23, 87, 13555 }, // U+F0155
    { 17, 23, 106, 0, 23, 49, 13642 }, // U+F0156
    { 20, 23, 106, 0, 23, 58, 13691 }, // U+F0157
    { 22, 23, 106, 0, 23, 64, 13749 }, // U+F0158
    { 20, 24, 106, -13, 23, 60, 13813 }, // U+F0159
    { 16, 24, 106, -10, 23, 48, 13873 }, // U+F015A
    { 18, 24, 106, -11, 23, 54, 13921 }, // U+F015B
    { 22, 24, 106, -15, 23, 66, 13975 }, // U+F015C
    { 20, 24, 106, -13, 23, 60, 14041 }, // U+F015D
    { 15, 24, 106, -8, 23, 45, 14101 }, // U+F015E
    { 22, 24, 106, -15, 23, 66, 14146 }, // U+F015F
    { 12, 7, 0, -6, 2, 11, 14212 }, // U+F0160
    { 11, 8, 0, -5, 1, 11, 14223 }, // U+F0161
    { 12, 7, 0, -6, 2, 11, 14234 }, // U+F0162
    { 11, 7, 0, -5, 0, 10, 14245 }, // U+F0163
    { 11, 9, 0, -5, 1, 13, 14255 }, // U+F0164
    { 11, 10, 0, -5, 2, 14, 14268 }, // U+F0165
    { 11, 7, 0, -5, 2, 10, 14282 }, // U+F0166
    { 11, 7, 0, -4, 0, 10, 14292 }, // U+F0167
    { 10, 8, 0, -5, 2, 10, 14302 }, // U+F0168
    { 10, 9, 0, -4, 1, 12, 14312 }, // U+F0169
    { 10, 10, 0, -4, 2, 13, 14324 }, // U+F016A
    { 10, 7, 0, -5, 0, 9, 14337 }, // U+F016B
    { 8, 8, 0, -2, 4, 8, 14346 }, // U+F016C
    { 10, 11, 0, -3, 3, 14, 14354 }, // U+F016D
    { 9, 10, 0, -4, 4, 12, 14368 }, // U+F016E
    { 11, 14, 0, -4, 5, 20, 14380 }, // U+F016F
    { 10, 17, 144, 0, 16, 22, 14400 }, // U+F0170
    { 10, 17, 128, 0, 16, 22, 14422 }, // U+F0171
    { 8, 17, 144, 1, 16, 17, 14444 }, // U+F0172
    { 8, 17, 144, 1, 16, 17, 14461 }, // U+F0173
    { 9, 17, 128, 1, 16, 20, 14478 }, // U+F0174
    { 11, 24, 128, -1, 23, 33, 14498 }, // U+F0175
    { 10, 24, 144, -1, 23, 30, 14531 }, // U+F0176
    { 11, 24, 144, -1, 23, 33, 14561 }, // U+F0177
    { 11, 24, 144, -1, 23, 33, 14594 }, // U+F0178
    { 11, 24, 128, -1, 23, 33, 14627 }, // U+F0179
    { 7, 6, 0, -4, 24, 6, 14660 }, // U+F017A
    { 9, 9, 0, -6, 24, 11, 14666 }, // U+F017B
    { 8, 8, 0, -8, 24, 8, 14677 }, // U+F017C
    { 7, 18, 108, 0, 16, 16, 14685 }, // U+F017D
    { 22, 21, 334, 0, 16, 58, 14701 }, // U+F017E
    { 0, 0, 0, 0, 0, 0, 14759 }, // U+F017F
};

static const EpdUnicodeInterval bengali_ui_12Intervals[] = {
    { 0x964, 0x965, 0x0 },
    { 0x980, 0x983, 0x2 },
    { 0x985, 0x98C, 0x6 },
    { 0x98F, 0x990, 0xE },
    { 0x993, 0x9A8, 0x10 },
    { 0x9AA, 0x9B0, 0x26 },
    { 0x9B2, 0x9B2, 0x2D },
    { 0x9B6, 0x9B9, 0x2E },
    { 0x9BC, 0x9C4, 0x32 },
    { 0x9C7, 0x9C8, 0x3B },
    { 0x9CB, 0x9CE, 0x3D },
    { 0x9D7, 0x9D7, 0x41 },
    { 0x9DC, 0x9DD, 0x42 },
    { 0x9DF, 0x9E3, 0x44 },
    { 0x9E6, 0x9FE, 0x49 },
    { 0x200C, 0x200D, 0x62 },
    { 0x25CC, 0x25CC, 0x64 },
    { 0xF0000, 0xF017F, 0x65 },
};

static BuiltinShapingFace bengali_ui_12Shaping = {
    bengaliLayout,
    sizeof(bengaliLayout),
    0x23DA5AA9,
    1600,
    &bengali_ui_12Glyphs[101],
    384,
    nullptr,
};

static constexpr EpdFontData bengali_ui_12 = {
    bengali_ui_12Bitmaps,
    bengali_ui_12Glyphs,
    bengali_ui_12Intervals,
    18,
    33,
    23,
    -11,
    false,
    nullptr,
    0,
    nullptr,
    nullptr,
    nullptr,
    nullptr,
    nullptr,
    nullptr,
    nullptr,
    nullptr,
    nullptr,
    nullptr,
    nullptr,
    0,
    0,
    0,
    0,
    nullptr,
    0,
    nullptr,  // glyphMissHandler
    nullptr,  // glyphMissCtx
    nullptr,  // coverageHandler
    &builtinShaping::shape,
    &bengali_ui_12Shaping,
};
