/**
 * generated by fontconvert.py
 * name: devanagari_16_bold
 * size: 16
 * mode: 2-bit  compressed: true
 * Command used: fontconvert.py devanagari_16_bold 16 ../builtinFonts/source/NotoSansDevanagari/NotoSansDevanagari-Bold.ttf --no-default-intervals --additional-intervals 0x0900,0x097F --additional-intervals 0x0964,0x0965 --additional-intervals 0x200C,0x200D --additional-intervals 0x25CC,0x25CC --shaping-font ../builtinFonts/source/NotoSansDevanagari/NotoSansDevanagari-Bold.ttf --shaping-scripts devanagari --shaping-layout-symbol devanagariLayout --shaping-layout-header devanagari_layout.h --shaping-layout-font ../builtinFonts/source/NotoSansDevanagari/NotoSansDevanagari-Regular.ttf --2bit --compress --pnum --darken-aa --zopfli --max-group-bytes 16384
 */
#pragma once
#include "EpdFontData.h"

#include "BuiltinShaping.h"
#include "devanagari_layout.h"

static const uint8_t devanagari_16_boldBitmaps[30246] = {
    0xDD, 0x7B, 0x31, 0x90, 0xEE, 0x56, 0x75, 0xFF, 0x91, 0xC4, 0x5B, 0xF1, 0xB7, 0x06, 0x44, 0x61,
    0x33, 0x7F, 0x63, 0x32, 0xA2, 0x48, 0x91, 0x79, 0x49, 0xA2, 0x94, 0x99, 0x14, 0x5C, 0x11, 0x4F,
    0x86, 0x92, 0x57, 0xD8, 0xC9, 0x40, 0x0A, 0x1A, 0x53, 0x40, 0xE3, 0x26, 0x6D, 0x2C, 0x01, 0x05,
    0x85, 0x0B, 0xBF, 0x02, 0x7A, 0x17, 0xCE, 0x0C, 0xEC, 0x4B, 0x66, 0x53, 0xA4, 0x60, 0x32, 0x31,
    0x57, 0xE0, 0xCC, 0xA4, 0x44, 0x90, 0x7E, 0xA2, 0x0C, 0x4E, 0xC1, 0xBA, 0xB0, 0x92, 0x28, 0xF0,
    0xBD, 0x45, 0x9F, 0x7E, 0x39, 0xBF, 0x73, 0xF4, 0xBE, 0xDD, 0x7D, 0xBB, 0x6B, 0x63, 0xF0, 0xD8,
    0xCF, 0xBE, 0xFB, 0xF4, 0xFB, 0x5D, 0x5D, 0xE9, 0xBB, 0xF7, 0xDC, 0x73, 0x8F, 0x8E, 0xCE, 0xBD,
    0x57, 0x4F, 0xE2, 0x4E, 0x72, 0xA0, 0xA9, 0x80, 0x21, 0x8C, 0xF5, 0x14, 0xBE, 0x5E, 0xCC, 0xB1,
    0xFA, 0xB7, 0x5D, 0x5B, 0xFF, 0x6C, 0x96, 0x6A, 0x10, 0x49, 0xC4, 0x8E, 0xA4, 0xFA, 0x89, 0xB0,
    0x8C, 0xD7, 0xF4, 0x9E, 0x89, 0xF7, 0xF2, 0x37, 0xFC, 0x2D, 0xEB, 0xA8, 0xBB, 0x76, 0x8C, 0x63,
    0x3B, 0xD6, 0x9D, 0x08, 0x3C, 0xAD, 0xA2, 0xA9, 0x1C, 0xC2, 0xC4, 0xBF, 0x72, 0x10, 0xB9, 0xE6,
    0xFC, 0xD3, 0x86, 0x92, 0xAC, 0xCE, 0x82, 0x9F, 0x37, 0xCE, 0xD8, 0x19, 0xB7, 0xF0, 0x2B, 0x35,
    0x60, 0x9C, 0xDC, 0x43, 0x27, 0x96, 0x62, 0xEF, 0x1C, 0x94, 0x53, 0xCC, 0x19, 0xD0, 0x4B, 0x8D,
    0xD5, 0xB8, 0x02, 0xBE, 0x49, 0x2E, 0x81, 0xD7, 0xC8, 0x8F, 0x09, 0xFA, 0x30, 0xF9, 0xAF, 0x9C,
    0xE1, 0xFC, 0x94, 0x71, 0xD2, 0x01, 0xA2, 0x5C, 0xF5, 0x11, 0xC7, 0x98, 0x24, 0x8C, 0x2D, 0xA0,
    0x5C, 0x4F, 0x8F, 0x47, 0x72, 0xB9, 0x93, 0x40, 0x2E, 0x16, 0x09, 0xF7, 0xF5, 0xBE, 0x0C, 0x7A,
    0x8B, 0x72, 0x82, 0x53, 0x90, 0x25, 0xC2, 0xEB, 0xAB, 0x81, 0x8E, 0x9C, 0x61, 0x2F, 0x64, 0xF9,
    0x64, 0x43, 0x66, 0x22, 0x7F, 0xC0, 0xE4, 0x04, 0x16, 0x4A, 0xEA, 0x39, 0x97, 0xD5, 0x72, 0x2E,
    0x2D, 0x47, 0xC8, 0xE5, 0xCD, 0xE0, 0x12, 0x6F, 0xB9, 0xF3, 0xB2, 0xA7, 0x3C, 0xE7, 0x72, 0x5B,
    0xCE, 0x25, 0x67, 0xCE, 0x65, 0x67, 0x8E, 0xD2, 0x7B, 0x8E, 0xF2, 0x7B, 0xCE, 0x7B, 0xC0, 0x9C,
    0xF7, 0x81, 0x39, 0xF6, 0xC2, 0x73, 0xDE, 0x0F, 0xE6, 0xBC, 0x27, 0xCC, 0x79, 0x5F, 0x98, 0x63,
    0x6F, 0x3C, 0xC7, 0xE4, 0x39, 0xB0, 0xAD, 0x87, 0x40, 0xA4, 0x5C, 0xF4, 0xDE, 0x93, 0x45, 0x32,
    0xEB, 0x15, 0xA1, 0x36, 0x58, 0x8F, 0x5F, 0x51, 0xA9, 0x9E, 0x10, 0x96, 0xCD, 0x52, 0x00, 0x7B,
    0x49, 0x01, 0x88, 0xBC, 0x70, 0x4F, 0x41, 0xF3, 0x4D, 0x35, 0x52, 0x2E, 0xC0, 0x60, 0xA5, 0x6E,
    0xEC, 0x29, 0xEA, 0x44, 0x6A, 0xAA, 0xB1, 0xDC, 0x2B, 0x64, 0x68, 0x44, 0x12, 0x96, 0xC9, 0x0F,
    0x44, 0xD3, 0xEF, 0x12, 0x0A, 0xDC, 0x15, 0x09, 0x18, 0x44, 0x80, 0xDE, 0x21, 0x61, 0x46, 0x78,
    0xB3, 0x43, 0xCB, 0xD3, 0x7A, 0x7C, 0x54, 0x64, 0xC6, 0x35, 0xC9, 0x06, 0x59, 0x21, 0x0E, 0x0E,
    0xDE, 0x87, 0x88, 0x3E, 0xED, 0x23, 0xA4, 0x56, 0x68, 0x38, 0xBE, 0xBD, 0x56, 0x1C, 0x26, 0x8E,
    0xEA, 0x54, 0xA8, 0x88, 0x36, 0xD8, 0x73, 0x8A, 0xBE, 0x9D, 0xC4, 0x3A, 0x13, 0x80, 0x81, 0xA2,
    0x36, 0x42, 0x0F, 0x02, 0x4F, 0xDD, 0x4D, 0xFC, 0xA0, 0x51, 0x6B, 0xF2, 0x12, 0xBB, 0x06, 0x4D,
    0x80, 0x67, 0x44, 0x28, 0x43, 0x89, 0x4E, 0xC5, 0x68, 0x11, 0xED, 0x29, 0xB9, 0x0D, 0xEA, 0x84,
    0xC2, 0x20, 0x2E, 0x66, 0x65, 0xBB, 0x72, 0x11, 0x8A, 0x34, 0x2B, 0x67, 0x70, 0x36, 0xC1, 0x94,
    0x4D, 0xB6, 0xB0, 0x13, 0x13, 0x2F, 0x4E, 0x62, 0x12, 0xB6, 0xA3, 0x98, 0x90, 0xC5, 0x26, 0x41,
    0x72, 0xEE, 0xE5, 0x6E, 0x60, 0xAA, 0x33, 0xF0, 0x57, 0xF2, 0x84, 0xF2, 0x63, 0x77, 0xA5, 0xC0,
    0x18, 0xC6, 0x9A, 0x26, 0xBE, 0xA8, 0x45, 0x2F, 0xCA, 0x30, 0xAE, 0x4F, 0x81, 0xFF, 0x88, 0x8B,
    0x7C, 0x9C, 0x25, 0xE6, 0xF6, 0x2A, 0x93, 0xD7, 0x79, 0xE1, 0xD8, 0x61, 0x7D, 0x7A, 0x35, 0x5B,
    0x1F, 0x4B, 0x70, 0xCC, 0xE2, 0x18, 0x20, 0x25, 0xE6, 0x30, 0xE2, 0x75, 0x3D, 0xEF, 0x94, 0x1B,
    0xC9, 0x76, 0xA2, 0x2C, 0x9F, 0x48, 0x3A, 0xF2, 0xE9, 0x24, 0x42, 0x76, 0x3F, 0xCA, 0x46, 0x8D,
    0x4B, 0x8C, 0xC6, 0xF2, 0x15, 0x81, 0xA5, 0xE9, 0x3A, 0xE2, 0x3D, 0x6E, 0x05, 0x4E, 0xB7, 0x1A,
    0x52, 0x82, 0x7D, 0x8D, 0x9E, 0xED, 0x53, 0xBC, 0x92, 0x44, 0xC3, 0x8B, 0x38, 0x59, 0x25, 0xCC,
    0xE5, 0x3E, 0x03, 0x47, 0x7B, 0x71, 0xDA, 0x99, 0x5A, 0x8F, 0x66, 0xA5, 0x6A, 0x11, 0x29, 0x56,
    0x29, 0xD1, 0x48, 0xBB, 0x97, 0x1C, 0x63, 0x82, 0x45, 0xF4, 0x30, 0x63, 0x6B, 0xA7, 0x8C, 0x9A,
    0x2A, 0x86, 0x6C, 0x91, 0x46, 0x92, 0x2E, 0xC3, 0xBD, 0x5E, 0xAC, 0xCF, 0x36, 0xB6, 0xC0, 0x44,
    0xAA, 0x37, 0x61, 0xBE, 0x2D, 0xF2, 0xFF, 0xE5, 0xFF, 0xE9, 0xE5, 0xBD, 0x54, 0xA3, 0x24, 0x90,
    0x30, 0x88, 0xE0, 0xD4, 0xAD, 0x8F, 0xF7, 0x04, 0x80, 0xB5, 0x79, 0xAF, 0xBF, 0xD8, 0xC8, 0x96,
    0xC0, 0xD4, 0x5F, 0xC1, 0xAE, 0x5C, 0xE8, 0xEF, 0xDE, 0x02, 0x5B, 0x62, 0x66, 0x3E, 0x35, 0xC5,
    0xC0, 0x6E, 0xA0, 0x93, 0x0C, 0xFD, 0xAB, 0x14, 0x71, 0xB7, 0x19, 0x9D, 0x62, 0x65, 0x27, 0x09,
    0xC0, 0x26, 0x4B, 0x2B, 0x4A, 0x5C, 0xD5, 0xED, 0x74, 0x8E, 0x5E, 0xF2, 0x7C, 0x4F, 0x4C, 0x3A,
    0x91, 0x4F, 0xB9, 0x70, 0x8E, 0xA7, 0x8D, 0xD5, 0xB6, 0x28, 0x7A, 0x2F, 0x4A, 0xAB, 0x2D, 0x39,
    0x76, 0xEB, 0x6E, 0x0D, 0xC3, 0xF0, 0x68, 0xF6, 0xE5, 0x51, 0xD5, 0xB0, 0x3C, 0xE3, 0x56, 0x3F,
    0x18, 0xCE, 0x8A, 0x85, 0x69, 0x38, 0x53, 0x9B, 0x35, 0x33, 0x23, 0x0A, 0x9A, 0x0B, 0x1A, 0x36,
    0xAC, 0xC7, 0x47, 0xB6, 0x47, 0xE4, 0xBB, 0xF2, 0xB2, 0xE7, 0xAA, 0x49, 0xE0, 0xB9, 0x72, 0x4A,
    0xD7, 0x2D, 0xB7, 0x9E, 0xEC, 0x3D, 0x97, 0x83, 0x9D, 0xF5, 0x8E, 0x62, 0x12, 0x4F, 0x2D, 0x7A,
    0x92, 0x3F, 0x4E, 0xE7, 0xE9, 0x43, 0xF8, 0xD6, 0xF7, 0x5E, 0xF5, 0xCE, 0x36, 0xA6, 0x5B, 0xAA,
    0xCE, 0xB6, 0x9E, 0xB3, 0x57, 0x9D, 0xE7, 0x0A, 0x60, 0xB8, 0xA2, 0xAB, 0x4F, 0xC5, 0x59, 0x3C,
    0x51, 0xCC, 0x2D, 0xE5, 0xCB, 0x87, 0x55, 0x57, 0xF2, 0x44, 0x63, 0x74, 0x30, 0x54, 0xB7, 0x4F,
    0x12, 0xD3, 0x41, 0x57, 0xF2, 0x4F, 0x38, 0x68, 0x35, 0x9C, 0x6B, 0x75, 0x3A, 0xE8, 0xEA, 0xA0,
    0xB5, 0xE2, 0xA0, 0xB5, 0xEC, 0x43, 0xAB, 0x35, 0x7F, 0x68, 0x3D, 0xB7, 0x90, 0x98, 0xCE, 0xB5,
    0x76, 0xA7, 0xED, 0xC4, 0x53, 0x7C, 0xA9, 0xF7, 0x4C, 0x86, 0x5F, 0x8D, 0x57, 0x6C, 0x6D, 0x68,
    0xCF, 0x6D, 0xED, 0xC3, 0xA8, 0x2B, 0x78, 0xBA, 0x91, 0x0F, 0xF1, 0xDC, 0xAD, 0x3B, 0xCE, 0x71,
    0x35, 0xCE, 0xB1, 0xC6, 0x9F, 0xDC, 0x11, 0x29, 0x95, 0x81, 0x46, 0x6A, 0xFC, 0xBD, 0xF2, 0x20,
    0x61, 0x16, 0x65, 0x46, 0x98, 0xBC, 0x73, 0x26, 0x63, 0xAA, 0x76, 0x5A, 0x9E, 0x61, 0xD0, 0x6E,
    0xD4, 0xEB, 0x09, 0x06, 0x3D, 0x2F, 0x01, 0x0C, 0xF5, 0x2C, 0x39, 0x59, 0x6F, 0x12, 0x68, 0xBD,
    0x18, 0xBD, 0x9D, 0xD0, 0x7B, 0xBB, 0x79, 0xE3, 0xAC, 0x00, 0x4F, 0xD3, 0x0D, 0x3C, 0x52, 0x31,
    0x8F, 0x73, 0x84, 0xF2, 0x7D, 0x8E, 0x1F, 0x93, 0xD7, 0x8A, 0x5C, 0xBC, 0xB8, 0x0F, 0xE4, 0x1A,
    0x4B, 0x7B, 0xF6, 0x12, 0xE3, 0xBB, 0x25, 0xF6, 0x25, 0x79, 0xDE, 0x78, 0x68, 0xCF, 0x22, 0x07,
    0x51, 0x82, 0x0D, 0x21, 0xB3, 0xCA, 0x54, 0x30, 0x99, 0x66, 0xF4, 0x24, 0xEB, 0x8D, 0x6B, 0x23,
    0xAD, 0x72, 0xE5, 0x43, 0x2D, 0xD9, 0xC6, 0xD2, 0x6E, 0x9C, 0x62, 0xFD, 0xC2, 0x72, 0xD3, 0xFB,
    0xA9, 0x4F, 0x38, 0x1A, 0x72, 0x15, 0x53, 0xC3, 0xDA, 0x30, 0x5C, 0x40, 0x2F, 0x29, 0xD1, 0x28,
    0x66, 0x86, 0x02, 0x21, 0xCA, 0x5B, 0xA1, 0xEB, 0xE4, 0x2A, 0xD6, 0x33, 0x3B, 0x56, 0x4F, 0x86,
    0xBB, 0x67, 0x14, 0x4B, 0xEC, 0x15, 0x73, 0xC3, 0x0C, 0x8B, 0xE5, 0xBF, 0xCB, 0xF2, 0xBD, 0x10,
    0x17, 0xF1, 0x7C, 0x60, 0xF9, 0x3D, 0xEA, 0xC3, 0x7B, 0xE9, 0x58, 0xE3, 0x4D, 0xC5, 0xE4, 0xB9,
    0x52, 0x51, 0xE4, 0x80, 0x2D, 0x98, 0xBA, 0x6B, 0xC8, 0xA7, 0x50, 0x83, 0x42, 0xF2, 0xA5, 0x48,
    0xAA, 0x01, 0x52, 0x74, 0x82, 0xD2, 0xA2, 0x74, 0x7A, 0xFC, 0x8D, 0x55, 0xE9, 0xEB, 0xCF, 0x64,
    0xB0, 0xC2, 0x6F, 0x40, 0xCC, 0xEE, 0x17, 0x91, 0xD2, 0x62, 0xE6, 0x34, 0xE3, 0x58, 0x49, 0x31,
    0x58, 0xA3, 0xE5, 0x2A, 0x95, 0x49, 0x63, 0xD7, 0x72, 0xA5, 0xC9, 0xEB, 0xEC, 0x95, 0x8E, 0xB0,
    0x2A, 0x82, 0x69, 0xBD, 0x8A, 0xA2, 0x09, 0x9D, 0xE3, 0xA7, 0x8E, 0x8F, 0xEF, 0xA2, 0x63, 0x3B,
    0x86, 0xA3, 0xA3, 0x96, 0xC7, 0xB5, 0x43, 0x27, 0xED, 0x28, 0x8A, 0xB1, 0x4F, 0x89, 0x43, 0x41,
    0x3C, 0x8B, 0x8A, 0x01, 0x50, 0xAC, 0x0C, 0x33, 0xEC, 0x15, 0xF5, 0xF1, 0x22, 0x9E, 0xD7, 0xFC,
    0x96, 0xC1, 0xFC, 0x13, 0x92, 0xDA, 0xC3, 0x39, 0xE7, 0x68, 0x18, 0x05, 0xD5, 0xE0, 0xD8, 0x4F,
    0x8C, 0x35, 0xC3, 0xFA, 0x32, 0xDE, 0x5C, 0x6D, 0x40, 0x9F, 0x86, 0xD2, 0x1D, 0xFC, 0x19, 0xA4,
    0xC2, 0x82, 0x9F, 0x42, 0x72, 0x2C, 0xED, 0xFF, 0x40, 0x52, 0x2C, 0xD5, 0xCF, 0x68, 0xA3, 0xAF,
    0xA4, 0x2F, 0xED, 0x25, 0xDF, 0x8B, 0x0F, 0x95, 0x1C, 0x61, 0x76, 0xD3, 0x1C, 0x24, 0x21, 0x35,
    0x66, 0xA0, 0x3B, 0x7F, 0x62, 0xF5, 0x04, 0x96, 0x96, 0xEB, 0x68, 0xE7, 0x4E, 0x90, 0xE8, 0xF4,
    0xD8, 0xF1, 0x3D, 0x48, 0xD1, 0x53, 0xBF, 0xD2, 0xF6, 0x81, 0x14, 0x46, 0xA3, 0x7A, 0x2A, 0x56,
    0xBD, 0xC6, 0xF9, 0x84, 0xF9, 0xA4, 0x84, 0x94, 0x21, 0xA1, 0xB8, 0x09, 0xDE, 0x20, 0x71, 0x1C,
    0xDC, 0x0F, 0xAD, 0xA4, 0x9C, 0x8E, 0xD3, 0xDE, 0x65, 0xA4, 0x4B, 0x0D, 0xC1, 0xD2, 0x7A, 0x2D,
    0x99, 0x5D, 0xA1, 0xD3, 0xC9, 0x35, 0x29, 0x03, 0x48, 0xA5, 0x53, 0xED, 0xC4, 0x49, 0x36, 0x89,
    0xD3, 0x6C, 0xBB, 0x76, 0x76, 0x0F, 0x5D, 0xE1, 0xC6, 0x97, 0x3A, 0x71, 0xBA, 0x4D, 0x92, 0x14,
    0xDF, 0x41, 0x67, 0x53, 0x6E, 0x1B, 0xE4, 0x8D, 0x56, 0x25, 0x4E, 0xBC, 0x95, 0x72, 0xE0, 0xAE,
    0x92, 0x4F, 0xBE, 0x7D, 0xFA, 0xED, 0x13, 0xF0, 0xC3, 0xAC, 0xCB, 0x27, 0xE1, 0x87, 0xA5, 0x83,
    0x00, 0x4B, 0xC3, 0x4D, 0x2C, 0x4C, 0xF5, 0xCC, 0x5F, 0x3F, 0xE3, 0x1C, 0xD1, 0x19, 0x03, 0x93,
    0x71, 0x8B, 0x9D, 0x72, 0x3A, 0x7D, 0x36, 0xEE, 0x9F, 0x9F, 0xA5, 0x9A, 0x3F, 0x51, 0x02, 0xF6,
    0xB8, 0x16, 0xE4, 0x1C, 0xCE, 0x19, 0xFA, 0x72, 0xD5, 0xEB, 0x02, 0x7D, 0x02, 0x6A, 0xE5, 0x00,
    0xCC, 0xE4, 0x12, 0x18, 0xC9, 0x8C, 0x58, 0xC9, 0xEA, 0x40, 0x85, 0xCC, 0x74, 0x81, 0x6D, 0x80,
    0x2F, 0xC3, 0xEC, 0xE1, 0x93, 0xC3, 0x97, 0x77, 0x26, 0x89, 0x64, 0x50, 0x28, 0x09, 0x15, 0x4E,
    0x5F, 0x91, 0x7A, 0x71, 0xC7, 0x72, 0x00, 0xAF, 0x2D, 0x93, 0x6A, 0x95, 0xE7, 0xA9, 0x6C, 0xF4,
    0x99, 0x75, 0x33, 0x02, 0x22, 0x05, 0x5E, 0xBF, 0xD1, 0x01, 0x5E, 0xF2, 0x55, 0x49, 0x4B, 0x6C,
    0xB1, 0x17, 0x49, 0x6D, 0x64, 0x0A, 0xC5, 0x91, 0x4D, 0x62, 0x66, 0x9B, 0xF5, 0x85, 0xD8, 0xBD,
    0xD8, 0x6F, 0xE8, 0x4E, 0xAC, 0x5A, 0x79, 0xB5, 0x04, 0x5C, 0x58, 0x4C, 0x3E, 0xC9, 0x64, 0xE3,
    0xD6, 0x05, 0x56, 0xF7, 0x30, 0x1E, 0xDC, 0x8F, 0x7B, 0x1F, 0x77, 0x3E, 0xD1, 0x10, 0x44, 0x7A,
    0x9E, 0xCE, 0x1C, 0x8F, 0x58, 0x49, 0xE7, 0x6E, 0x47, 0x5C, 0x11, 0xEE, 0x74, 0xDC, 0xE7, 0xB8,
    0xCB, 0x71, 0x8F, 0x93, 0x1F, 0x5A, 0xEF, 0x37, 0x77, 0xE3, 0xD6, 0x76, 0x15, 0x45, 0x12, 0x13,
    0xE1, 0x2F, 0x88, 0x35, 0x14, 0x53, 0x10, 0x0B, 0xC3, 0x12, 0x67, 0xC7, 0x5A, 0xBC, 0xCA, 0xB3,
    0x22, 0x61, 0x57, 0x60, 0x90, 0x30, 0x05, 0xCC, 0x8A, 0x2D, 0x16, 0xC5, 0xF8, 0x06, 0xD7, 0x44,
    0x62, 0x46, 0xCF, 0x1C, 0xF3, 0xC5, 0xDA, 0x5D, 0x24, 0xF5, 0x11, 0x6C, 0x4D, 0xFE, 0x23, 0x6A,
    0x12, 0x96, 0xF6, 0xD7, 0x12, 0xA7, 0x3E, 0x29, 0x9A, 0x77, 0x4C, 0xC5, 0xDE, 0x28, 0xC7, 0xC9,
    0xAA, 0xC4, 0xE7, 0x4F, 0x49, 0x80, 0x1D, 0x29, 0x60, 0x20, 0x25, 0xCF, 0x09, 0x49, 0xE4, 0x2A,
    0xDD, 0x6C, 0x0C, 0x7C, 0xC2, 0x2E, 0xE1, 0xAD, 0xAF, 0xC5, 0x49, 0x12, 0x53, 0x69, 0x61, 0x58,
    0x1A, 0xD6, 0x38, 0xD6, 0xF2, 0xE0, 0x0B, 0x45, 0xD3, 0x39, 0xD6, 0x56, 0x52, 0x2E, 0x86, 0x20,
    0x66, 0xE8, 0x15, 0x13, 0x43, 0x79, 0x41, 0x88, 0x8F, 0xBB, 0x18, 0x43, 0x8D, 0x7D, 0x85, 0x9D,
    0x62, 0xC0, 0x5E, 0xB1, 0x05, 0x18, 0x0E, 0xFC, 0x08, 0x29, 0xFD, 0x1A, 0x7D, 0x6B, 0x98, 0x88,
    0xD5, 0x4F, 0x59, 0x92, 0x7D, 0x9E, 0x28, 0xF5, 0x5E, 0xF1, 0xF7, 0xD9, 0x51, 0xEF, 0x27, 0x07,
    0x28, 0x83, 0x19, 0x00, 0xA4, 0xC0, 0x29, 0xE0, 0x7E, 0x56, 0xC4, 0xB1, 0xC2, 0x2F, 0xC0, 0xD5,
    0x8D, 0x94, 0x28, 0x07, 0x74, 0xFF, 0x7A, 0x19, 0xDC, 0xF9, 0x25, 0x7F, 0xA5, 0xD0, 0x6E, 0xD5,
    0x58, 0x6F, 0x69, 0xFF, 0xDF, 0xBB, 0xF4, 0xC8, 0x25, 0xEC, 0x59, 0x86, 0xBE, 0x5A, 0x18, 0x3D,
    0xE1, 0x1E, 0xC6, 0xDC, 0x83, 0x09, 0x50, 0x42, 0x58, 0x83, 0xE8, 0x1E, 0xAC, 0xBB, 0x87, 0x91,
    0xD0, 0xC8, 0xD6, 0xEB, 0x80, 0x5D, 0x89, 0x59, 0x31, 0x60, 0x51, 0x6C, 0xD9, 0xFD, 0x39, 0xFE,
    0x68, 0x9F, 0xEF, 0x25, 0xBE, 0xB6, 0x28, 0xB6, 0xFD, 0xF7, 0x15, 0xC3, 0xFD, 0x3B, 0x8A, 0x25,
    0x58, 0x9E, 0x61, 0x39, 0xA0, 0xC6, 0x03, 0x8A, 0xC5, 0x22, 0xBC, 0xBA, 0x97, 0x4A, 0xF3, 0x38,
    0x06, 0xAF, 0x42, 0x31, 0x31, 0x94, 0xDA, 0x30, 0xF9, 0x6A, 0xAE, 0x28, 0x72, 0xC0, 0x9B, 0xC6,
    0xFD, 0xA6, 0xB8, 0xE5, 0xD6, 0x31, 0x47, 0xB9, 0xF6, 0xF5, 0xC7, 0x03, 0xFA, 0xE8, 0x9F, 0x47,
    0x41, 0x76, 0xFF, 0x0F, 0xDE, 0x36, 0x0A, 0x7A, 0x6F, 0x5B, 0x7F, 0xC1, 0x10, 0x8D, 0x47, 0x74,
    0x9E, 0x3F, 0x7F, 0x49, 0x30, 0xDD, 0x28, 0xCF, 0xDB, 0xAD, 0x59, 0x5C, 0xF2, 0x81, 0x98, 0x18,
    0x89, 0x29, 0x6E, 0x4E, 0xCF, 0x31, 0x18, 0x26, 0xCF, 0xBD, 0x9D, 0x36, 0x80, 0xE6, 0x06, 0x66,
    0x0B, 0x74, 0x8D, 0xD7, 0x32, 0x23, 0x7C, 0x32, 0xD0, 0x6C, 0x3C, 0x6C, 0xEC, 0x32, 0xAD, 0x71,
    0x76, 0xA9, 0x2A, 0x77, 0xC6, 0x8C, 0xF0, 0x13, 0x72, 0xB5, 0xAD, 0xD4, 0xDA, 0x9B, 0xE9, 0xDB,
    0xED, 0xE0, 0xD2, 0xB4, 0x03, 0x46, 0xE7, 0xD0, 0x3B, 0xE7, 0x8D, 0xB3, 0xC2, 0xDB, 0xF8, 0x8A,
    0xE4, 0x19, 0x62, 0xC4, 0xF3, 0xD4, 0x00, 0xB1, 0x04, 0xE8, 0x07, 0x70, 0xAA, 0x18, 0x7E, 0x35,
    0x11, 0xFF, 0x7B, 0x21, 0x8E, 0x6B, 0x50, 0x9C, 0x02, 0x26, 0xA9, 0xD6, 0x78, 0xF0, 0x24, 0x87,
    0x97, 0x45, 0xA4, 0xB7, 0xF9, 0xF6, 0x65, 0xFF, 0xC3, 0xE7, 0xA5, 0x00, 0xC6, 0x0A, 0x3B, 0x52,
    0xC0, 0x9E, 0x14, 0x81, 0x9C, 0xF4, 0x4D, 0x88, 0x76, 0x28, 0xFE, 0x04, 0x8D, 0x52, 0xB8, 0x6F,
    0x54, 0xFF, 0xAF, 0x51, 0xEE, 0x24, 0x89, 0xD3, 0x11, 0x8E, 0x4F, 0xBC, 0xEB, 0xB8, 0x42, 0x95,
    0x5F, 0x2B, 0x1E, 0xFC, 0x40, 0x48, 0xF2, 0xB8, 0x93, 0x5C, 0x25, 0x30, 0xCD, 0x57, 0x70, 0x4A,
    0xD0, 0x15, 0x8B, 0xDC, 0x84, 0x47, 0x38, 0x3D, 0xF1, 0x37, 0xD4, 0x22, 0xE1, 0x02, 0x56, 0x2C,
    0xA7, 0x31, 0xEB, 0x3D, 0x3E, 0x8F, 0x94, 0xBF, 0x31, 0x94, 0x6B, 0xF1, 0xA6, 0xA9, 0xC4, 0x28,
    0x2D, 0x07, 0x59, 0xC2, 0x74, 0x8E, 0x91, 0xF8, 0x14, 0x46, 0xC5, 0x80, 0x9E, 0xB8, 0x8A, 0x62,
    0x3D, 0xB1, 0x17, 0x34, 0x17, 0x45, 0xDC, 0xF3, 0xF7, 0xB5, 0xA2, 0x18, 0x72, 0x12, 0xB1, 0xB3,
    0x49, 0x84, 0x75, 0xF8, 0x21, 0x04, 0xB0, 0xBF, 0x70, 0x2C, 0x1E, 0x53, 0xA3, 0xE7, 0x71, 0xD4,
    0xA0, 0xAF, 0x7F, 0x69, 0x91, 0x9B, 0x04, 0xAC, 0x52, 0x83, 0xF5, 0x0F, 0x52, 0x40, 0x24, 0xB3,
    0x5B, 0x26, 0x8B, 0x86, 0xD9, 0x59, 0x2D, 0x18, 0xFC, 0x77, 0x41, 0x44, 0x3E, 0xFA, 0xAE, 0xD5,
    0x9B, 0xD0, 0x1F, 0x8F, 0xE8, 0xAB, 0x29, 0x48, 0x39, 0x7E, 0x54, 0x92, 0x43, 0x68, 0xDD, 0x5F,
    0x4B, 0xE7, 0x4F, 0x24, 0x89, 0x4B, 0xF7, 0xED, 0xE4, 0x4B, 0xF7, 0xFE, 0xBA, 0x53, 0x2A, 0x9D,
    0xEA, 0xD5, 0x2C, 0x94, 0x4B, 0xF7, 0x66, 0xC6, 0xD5, 0xCE, 0xA8, 0x9E, 0x95, 0xEA, 0xF9, 0x68,
    0x52, 0xE2, 0xA4, 0xC7, 0x27, 0x87, 0xA4, 0x0C, 0x23, 0x29, 0xC1, 0x42, 0xD2, 0x1F, 0x1A, 0x15,
    0xA3, 0x91, 0x74, 0x7A, 0xBC, 0x4D, 0x84, 0x2D, 0x9C, 0xE2, 0x38, 0x31, 0x7A, 0x34, 0x8A, 0x6B,
    0xE6, 0xE3, 0xF5, 0x26, 0xE0, 0x92, 0x69, 0x5F, 0x71, 0x82, 0x33, 0x0C, 0xF5, 0x2E, 0x43, 0xDF,
    0x8E, 0x61, 0x4A, 0xC1, 0xA7, 0x6C, 0xCA, 0x36, 0x5A, 0x4D, 0xCA, 0x12, 0xFA, 0x7B, 0x3E, 0x76,
    0x6F, 0x60, 0xD8, 0x7E, 0xB7, 0xD5, 0x22, 0x11, 0x29, 0x16, 0x6B, 0xE1, 0x93, 0xCD, 0xA3, 0x28,
    0xD2, 0x79, 0xDA, 0x19, 0x66, 0xAB, 0x13, 0x2E, 0x9E, 0x25, 0x0B, 0xD1, 0xD3, 0xCD, 0xE1, 0x9E,
    0x04, 0x93, 0x9B, 0x18, 0xA1, 0x98, 0x83, 0x58, 0x1A, 0xD6, 0x38, 0x56, 0x0C, 0x3B, 0x21, 0x4E,
    0x1B, 0x46, 0xC5, 0x39, 0xC5, 0x68, 0xEB, 0x23, 0x76, 0xA7, 0x62, 0x66, 0x28, 0x11, 0xA6, 0x85,
    0xBB, 0xBE, 0xA6, 0x77, 0x8E, 0xED, 0x3E, 0x01, 0xB4, 0xCB, 0xF8, 0xA1, 0x52, 0x0E, 0xFC, 0x97,
    0x52, 0x61, 0x5E, 0x62, 0x2C, 0x97, 0x6A, 0xB1, 0x39, 0x7C, 0x49, 0xCA, 0xF1, 0x22, 0x29, 0xC3,
    0x8F, 0x49, 0x12, 0xBF, 0x60, 0x74, 0x54, 0xED, 0x94, 0x8E, 0xBA, 0x76, 0x56, 0xAA, 0xCF, 0x30,
    0x29, 0x05, 0xA0, 0x77, 0xFF, 0x2E, 0x76, 0xB6, 0x23, 0x55, 0x4E, 0xC9, 0xC9, 0x4A, 0x92, 0x1C,
    0x0D, 0x29, 0x45, 0x4F, 0x12, 0x4C, 0x46, 0xA1, 0x33, 0xFA, 0xF4, 0x41, 0x2F, 0xE3, 0x15, 0x1C,
    0x4A, 0xF4, 0x74, 0x08, 0x98, 0x88, 0xEB, 0x42, 0x5C, 0x56, 0xC3, 0xF0, 0x65, 0x62, 0xF5, 0x26,
    0x91, 0x71, 0x7C, 0xB1, 0xCF, 0x14, 0xF3, 0x0B, 0x4E, 0x23, 0x39, 0xB8, 0x52, 0x73, 0x1A, 0xEE,
    0x25, 0xAF, 0xC3, 0xB7, 0x7E, 0x0C, 0xFD, 0x35, 0x7E, 0x99, 0x8E, 0x9E, 0x36, 0xAA, 0x7F, 0xB5,
    0x92, 0x02, 0x3C, 0xE2, 0xDC, 0x9E, 0x46, 0x27, 0xDA, 0x99, 0x52, 0xB9, 0x97, 0x2F, 0x45, 0x8B,
    0x05, 0xFC, 0x89, 0xEB, 0x49, 0x12, 0x27, 0xA3, 0xB0, 0x37, 0x2A, 0xD1, 0x5C, 0x68, 0x41, 0x16,
    0xA7, 0xCF, 0x3C, 0xD0, 0xCB, 0xFE, 0x21, 0xF0, 0xA9, 0xC1, 0xAD, 0x63, 0x34, 0x36, 0x25, 0x28,
    0x08, 0xA5, 0xC1, 0x7A, 0x7C, 0xBC, 0xCD, 0xCF, 0x96, 0x67, 0x1B, 0xDF, 0x34, 0xB0, 0x5B, 0x32,
    0x70, 0x90, 0xB8, 0xE4, 0xC7, 0x21, 0x32, 0xA7, 0x4B, 0x88, 0x3C, 0x45, 0x5F, 0xA0, 0xA9, 0xF5,
    0x96, 0x5D, 0x22, 0x62, 0x33, 0x83, 0x40, 0x0B, 0xCA, 0xCD, 0x01, 0xB5, 0x8D, 0x6F, 0x91, 0xDE,
    0xBE, 0xDB, 0x8E, 0x0F, 0xFE, 0x6E, 0xDF, 0x3D, 0xFA, 0xAE, 0x6A, 0xFB, 0xD2, 0x3F, 0x60, 0x3E,
    0xFC, 0x63, 0xC9, 0x3B, 0xFC, 0x17, 0x24, 0xF6, 0xE8, 0x63, 0x1F, 0x7C, 0x8B, 0x70, 0xA2, 0x91,
    0x66, 0x34, 0x4D, 0x1E, 0x7B, 0x91, 0x62, 0x75, 0x77, 0x9A, 0x62, 0x16, 0x81, 0x9E, 0xF8, 0xF6,
    0xE5, 0x24, 0x82, 0x5D, 0x29, 0xF5, 0x12, 0xBB, 0x72, 0x1F, 0x87, 0x7C, 0x1F, 0xB4, 0x71, 0xD5,
    0xFB, 0x52, 0xD8, 0xA4, 0x03, 0x93, 0xB4, 0xE8, 0x38, 0x89, 0xFE, 0x2D, 0xC5, 0x93, 0x0A, 0xF7,
    0x7D, 0x01, 0xDD, 0x35, 0xB3, 0x4D, 0xC1, 0xEC, 0xB4, 0x5A, 0x6D, 0x26, 0x55, 0xDB, 0xCB, 0xBA,
    0xF1, 0x59, 0xF5, 0x50, 0x2A, 0xD1, 0x1D, 0x2F, 0x36, 0x14, 0x00, 0x4F, 0xE5, 0x3A, 0x62, 0xED,
    0xEF, 0x07, 0xA5, 0x78, 0xDD, 0xD6, 0x61, 0xC5, 0x1E, 0x5F, 0x69, 0xD9, 0x93, 0x38, 0xD1, 0xA9,
    0xF4, 0xE5, 0x4E, 0x21, 0x5F, 0x24, 0x0C, 0xD9, 0x5E, 0xCC, 0x3D, 0xF2, 0xA6, 0xFD, 0x15, 0x48,
    0xD1, 0xBC, 0xEB, 0x40, 0xAF, 0x2A, 0x09, 0x6B, 0xCF, 0x80, 0x26, 0xFF, 0x1C, 0xD0, 0xD7, 0xC3,
    0x59, 0x1C, 0xE8, 0xF9, 0x06, 0xCE, 0xF4, 0x07, 0x9B, 0xCB, 0x88, 0x2D, 0x1F, 0x57, 0xD8, 0xDB,
    0xD6, 0xB0, 0x6F, 0x76, 0x64, 0xB0, 0x71, 0x42, 0xE7, 0xF1, 0x6D, 0x38, 0xC3, 0x4E, 0xDA, 0xBE,
    0xDC, 0x4B, 0x7B, 0xCA, 0x67, 0x15, 0x3D, 0xBA, 0x0A, 0xA3, 0xF6, 0x0C, 0x53, 0xE8, 0xE4, 0x49,
    0xF9, 0x03, 0x91, 0x57, 0x69, 0x57, 0xF5, 0x2A, 0xE1, 0xBE, 0xC4, 0x9E, 0xFF, 0xDA, 0xB3, 0xEF,
    0x07, 0x2C, 0x5A, 0x6F, 0x8E, 0x9D, 0x3C, 0xD9, 0xA4, 0xAC, 0xD1, 0x54, 0xE4, 0xE1, 0x66, 0xEC,
    0xF5, 0x38, 0xB5, 0x7D, 0x7F, 0x6B, 0x9C, 0x4E, 0xAE, 0xBE, 0xDF, 0xA8, 0x23, 0xFC, 0x3B, 0xCD,
    0xAF, 0xB4, 0x08, 0x49, 0x95, 0xE5, 0x93, 0x77, 0xE4, 0x48, 0xD2, 0x26, 0x36, 0xF9, 0x4E, 0x45,
    0x98, 0xC3, 0x59, 0x9C, 0x7C, 0xCB, 0x1F, 0xFD, 0x83, 0xEB, 0x8F, 0x89, 0x48, 0x6C, 0x58, 0xDF,
    0x1D, 0x53, 0x67, 0x0D, 0xF8, 0x16, 0xD6, 0xD7, 0x2C, 0xF0, 0x18, 0x3C, 0xCC, 0x7C, 0xEC, 0x65,
    0x55, 0x48, 0x5C, 0x25, 0xA2, 0x0B, 0x18, 0xFE, 0x94, 0x33, 0x8B, 0x59, 0x18, 0x8C, 0x2D, 0x92,
    0xAE, 0x92, 0x40, 0x5C, 0xC0, 0x1A, 0x3D, 0x5D, 0xA4, 0x7C, 0xA4, 0x98, 0xA5, 0xBA, 0x4F, 0x27,
    0xFC, 0xAA, 0x1E, 0x90, 0xDF, 0xC9, 0xB1, 0xAD, 0x2C, 0xDE, 0x6E, 0x8E, 0x9A, 0xB4, 0x69, 0xBB,
    0x6C, 0x09, 0x3A, 0xC0, 0x2A, 0xD0, 0x5C, 0xF9, 0xE3, 0xD5, 0x27, 0x14, 0xE8, 0xE8, 0x8E, 0x58,
    0x02, 0xE6, 0x4B, 0x07, 0xAD, 0xE5, 0xB7, 0x3C, 0x52, 0x7B, 0xB5, 0xF5, 0x04, 0xEE, 0xD5, 0x55,
    0x80, 0x48, 0xE9, 0x6E, 0x15, 0xA3, 0x08, 0x67, 0xF0, 0x5A, 0x40, 0x28, 0x76, 0x2E, 0xC1, 0x15,
    0x60, 0x4D, 0xEF, 0x32, 0x24, 0xEC, 0x70, 0x40, 0x43, 0x18, 0x28, 0xD5, 0x24, 0xF2, 0xF1, 0x93,
    0x9D, 0xEF, 0x09, 0xFA, 0x8B, 0xDB, 0xD5, 0xEB, 0x33, 0xB3, 0xD8, 0xF9, 0x26, 0xFE, 0xC3, 0x20,
    0x71, 0x90, 0x77, 0x1B, 0xEA, 0xBD, 0xF8, 0x88, 0x4A, 0x45, 0x05, 0x7D, 0xB4, 0x98, 0x34, 0xF7,
    0x8B, 0x45, 0xA4, 0x5D, 0x15, 0x02, 0x87, 0xEB, 0x0F, 0x8B, 0x4D, 0xB4, 0xF7, 0x4C, 0x2A, 0x3E,
    0x62, 0x71, 0xA1, 0x3B, 0x0D, 0x18, 0x6F, 0xC7, 0x9D, 0x94, 0x7B, 0x5A, 0xA0, 0xF8, 0xA2, 0xE4,
    0x96, 0xFA, 0xB7, 0xFB, 0x93, 0x62, 0xDE, 0x66, 0xFC, 0x09, 0x23, 0xD0, 0xFA, 0x73, 0x8C, 0x3F,
    0xFB, 0xA7, 0xC0, 0xB0, 0x19, 0x16, 0xEA, 0x48, 0x0A, 0x44, 0xEB, 0xFF, 0x7B, 0x67, 0x0B, 0x96,
    0x1E, 0x77, 0x92, 0x4F, 0xAC, 0x1F, 0x31, 0xCE, 0x26, 0xD4, 0x9D, 0x65, 0xE6, 0x35, 0xF4, 0x96,
    0x59, 0x1E, 0x0F, 0x56, 0x92, 0x22, 0x81, 0x58, 0x02, 0x56, 0x63, 0x8B, 0x7A, 0x84, 0xEB, 0xE8,
    0x39, 0xBA, 0x0B, 0xDF, 0x38, 0xBA, 0x3F, 0x7A, 0x56, 0xDC, 0xE2, 0x4B, 0xDB, 0xAA, 0x12, 0xF4,
    0x2D, 0x16, 0xDF, 0xE3, 0x03, 0xDC, 0xCE, 0x5E, 0xC3, 0x1B, 0x60, 0x01, 0xBE, 0x65, 0x0B, 0x67,
    0x7D, 0x44, 0xB9, 0x70, 0x61, 0x40, 0x33, 0xED, 0x4E, 0x34, 0x33, 0xBE, 0xE0, 0x73, 0xB8, 0x6A,
    0x92, 0x16, 0xFF, 0x92, 0xA1, 0xB1, 0x69, 0x53, 0x79, 0x02, 0x2A, 0x93, 0xD3, 0xD6, 0xD5, 0x36,
    0x7C, 0x46, 0xAB, 0x99, 0x6E, 0xD2, 0x4C, 0xA7, 0x05, 0x7A, 0xF9, 0x8A, 0x8B, 0x21, 0x96, 0x18,
    0xB9, 0x7A, 0xDA, 0x62, 0xD7, 0x08, 0x4B, 0xE2, 0x01, 0x97, 0x1F, 0x3E, 0xE1, 0xF0, 0xA5, 0x53,
    0x73, 0x36, 0x7B, 0x61, 0x87, 0xB1, 0x05, 0xB6, 0xF9, 0xCA, 0x42, 0x15, 0xA0, 0xD2, 0x7B, 0x06,
    0x71, 0xE5, 0x24, 0xFA, 0x17, 0x3A, 0x7E, 0x4C, 0x5A, 0xD9, 0xC7, 0xA4, 0x05, 0x3B, 0x1E, 0x7D,
    0x07, 0xF2, 0xC1, 0x21, 0x9A, 0xFE, 0x44, 0x92, 0xB1, 0x3D, 0x3D, 0x99, 0x00, 0xCC, 0xD1, 0x3D,
    0x50, 0x43, 0x77, 0xF8, 0x19, 0x91, 0x3B, 0xA1, 0x29, 0x26, 0x96, 0xD1, 0x55, 0xA6, 0xB8, 0x2F,
    0x9F, 0x6D, 0x8E, 0xEC, 0xBC, 0xD5, 0xE3, 0x08, 0xEB, 0x23, 0xBB, 0xED, 0x98, 0xEC, 0x7C, 0xDB,
    0x31, 0x5B, 0x95, 0xCF, 0x83, 0x7F, 0x9E, 0x5F, 0x09, 0xFF, 0xE5, 0x11, 0xDE, 0x96, 0xCC, 0xA6,
    0xD6, 0xB8, 0x58, 0x7C, 0x5B, 0x92, 0xB7, 0x32, 0x15, 0x1B, 0x67, 0xB3, 0x5C, 0x4A, 0xEF, 0xE5,
    0xB6, 0x65, 0xB2, 0x23, 0x66, 0x7B, 0xC3, 0x75, 0x43, 0x11, 0x96, 0x6F, 0xE9, 0x51, 0xDB, 0xA6,
    0x7A, 0xC1, 0xE9, 0xF2, 0x2E, 0x10, 0xCF, 0x2E, 0xAF, 0xF3, 0xBD, 0xCF, 0xBB, 0x0F, 0x97, 0x53,
    0x7D, 0xE1, 0xEB, 0x29, 0x36, 0xEB, 0x79, 0x2F, 0x67, 0x7A, 0xBF, 0x77, 0x2B, 0x2E, 0xA7, 0x17,
    0x2E, 0xA8, 0x14, 0xDD, 0x96, 0xF7, 0x72, 0x4F, 0x8F, 0xDE, 0x32, 0xE6, 0xE2, 0xCB, 0x98, 0xD9,
    0xAA, 0x4C, 0x8F, 0x01, 0xE5, 0x73, 0x4F, 0xC1, 0xEB, 0x97, 0xD2, 0xFB, 0xB0, 0x9E, 0xF6, 0x2A,
    0x31, 0x05, 0xD1, 0xAD, 0x39, 0x35, 0x94, 0x83, 0xF6, 0x7F, 0xC3, 0xCF, 0x65, 0xC3, 0x6F, 0xF9,
    0xB9, 0x6C, 0xB5, 0x7D, 0x2E, 0xDB, 0xBE, 0xBE, 0x7D, 0x2E, 0xDB, 0x6D, 0x9F, 0xCB, 0x9E, 0xDE,
    0xB5, 0xCF, 0x65, 0x23, 0xA6, 0xA4, 0x53, 0x0E, 0x56, 0xC1, 0xC6, 0xCC, 0xFD, 0xA7, 0x91, 0x1B,
    0x32, 0xF9, 0x74, 0x2B, 0xC7, 0x62, 0x5C, 0x6F, 0x9C, 0xC3, 0xCB, 0xE5, 0xC9, 0xF7, 0xE8, 0x73,
    0xDA, 0x02, 0x52, 0x99, 0x2F, 0xB6, 0xA5, 0x41, 0xD0, 0xE8, 0x47, 0x6A, 0x5C, 0xB3, 0x66, 0x0E,
    0xED, 0x64, 0x1F, 0xD0, 0x16, 0x43, 0xC2, 0x66, 0xB5, 0x6F, 0x11, 0x93, 0x6B, 0x7F, 0x30, 0x7A,
    0x45, 0x8C, 0x4E, 0xFF, 0x81, 0x14, 0x31, 0x5F, 0xE8, 0x54, 0x89, 0x1D, 0x49, 0xBE, 0x2A, 0xF9,
    0x5A, 0xDA, 0xD4, 0xC2, 0x77, 0xAE, 0x87, 0xF6, 0xB5, 0xB5, 0xD2, 0x95, 0xE9, 0xA5, 0x9C, 0xE2,
    0x37, 0x96, 0x6A, 0x0C, 0x83, 0xC4, 0xB1, 0x5E, 0xB8, 0x2A, 0xB3, 0x66, 0x3A, 0xEA, 0x8B, 0x82,
    0x7C, 0x26, 0x83, 0x22, 0x05, 0x12, 0x95, 0x33, 0x5F, 0xAB, 0xD5, 0x2A, 0xE8, 0xAD, 0x82, 0xA8,
    0x15, 0x4C, 0xF1, 0xE9, 0xA5, 0xD6, 0x0A, 0xBE, 0x8F, 0xB1, 0x1D, 0xC4, 0x3E, 0xF7, 0xC0, 0x3F,
    0x97, 0x7C, 0x22, 0xD2, 0x45, 0xE2, 0x77, 0xE5, 0x8F, 0xDD, 0x56, 0xF0, 0x2A, 0x3B, 0x01, 0x85,
    0xA3, 0x57, 0x6E, 0xEB, 0x3A, 0xD4, 0xAF, 0xF7, 0x77, 0xFB, 0x2E, 0xEF, 0x7D, 0x77, 0xFF, 0x2C,
    0xD8, 0x8F, 0x68, 0x32, 0x9F, 0x82, 0xED, 0x74, 0x64, 0x96, 0x30, 0x17, 0x2B, 0xD7, 0xFC, 0xDA,
    0xD1, 0x8F, 0x30, 0xF1, 0x28, 0x56, 0xBD, 0xB6, 0x2F, 0x81, 0x25, 0x03, 0x26, 0xCE, 0xBA, 0x74,
    0x09, 0x4D, 0x52, 0xDB, 0x65, 0xF6, 0x15, 0x2E, 0xF3, 0x1E, 0x3D, 0xBA, 0x0D, 0xFB, 0xF8, 0x53,
    0x53, 0xAD, 0x14, 0xB6, 0xC9, 0x35, 0x4B, 0x8D, 0xC1, 0xD6, 0x27, 0x7C, 0x9F, 0xAB, 0x93, 0x8C,
    0x83, 0xD6, 0x2E, 0xFE, 0x55, 0x40, 0x0E, 0xD1, 0x02, 0xE7, 0x74, 0xB5, 0x95, 0xAF, 0x23, 0x7A,
    0x41, 0x40, 0x6A, 0x5B, 0x98, 0xC4, 0xF4, 0x31, 0x89, 0x93, 0xF8, 0x62, 0x82, 0x1D, 0x8F, 0x69,
    0x9E, 0x2E, 0x04, 0xBF, 0x30, 0x13, 0xEC, 0x23, 0x60, 0xA3, 0x9C, 0xD2, 0x3D, 0x87, 0xC9, 0x6F,
    0x2B, 0x17, 0xD6, 0xCB, 0xA3, 0x71, 0x37, 0x3C, 0x09, 0xD3, 0x11, 0x2C, 0xFE, 0xE2, 0xD1, 0xD7,
    0xC0, 0xF0, 0x31, 0x69, 0x47, 0xFF, 0x51, 0x1C, 0xD3, 0x13, 0xF4, 0x39, 0xD0, 0x65, 0x80, 0xE8,
    0xD1, 0x27, 0xCF, 0xB4, 0x6C, 0x97, 0x15, 0xCE, 0xA1, 0xAB, 0x67, 0x4C, 0x71, 0x02, 0xBC, 0x4D,
    0xF6, 0xBB, 0xE2, 0x7A, 0xC1, 0xC3, 0x6D, 0xE6, 0xFD, 0x83, 0x6F, 0x1A, 0x6E, 0x69, 0xD5, 0x29,
    0xF4, 0x86, 0x4B, 0x40, 0x13, 0x16, 0x6A, 0x5A, 0xAA, 0xB5, 0x36, 0xAF, 0x6E, 0xBB, 0xB5, 0x9D,
    0x8D, 0x86, 0xCF, 0xFF, 0x0A, 0xB4, 0xB3, 0x2D, 0x39, 0x6A, 0xBB, 0x85, 0xC2, 0xA4, 0x60, 0xA7,
    0x25, 0x70, 0xFE, 0x8B, 0xC1, 0x5E, 0x1E, 0x22, 0x77, 0xF5, 0xA0, 0x8D, 0x4A, 0xC9, 0xB3, 0x1A,
    0x0A, 0x61, 0xB1, 0x67, 0x45, 0xD8, 0x29, 0xB9, 0xA3, 0xED, 0x16, 0x8B, 0x82, 0x2F, 0xDF, 0xB2,
    0x71, 0x85, 0x1A, 0x27, 0xF0, 0xFA, 0x32, 0x60, 0xB7, 0x7D, 0x99, 0x9D, 0xFC, 0xA5, 0x82, 0x64,
    0x7B, 0xC2, 0x4A, 0xC0, 0xE6, 0xEB, 0x5C, 0x83, 0xF2, 0x73, 0xE1, 0xF0, 0x17, 0xAE, 0x3A, 0x1A,
    0x7F, 0x17, 0x27, 0xD7, 0x40, 0x4B, 0x2D, 0x9C, 0x3D, 0xCB, 0x1A, 0xED, 0xA8, 0xA9, 0xE2, 0xF5,
    0x6F, 0xC5, 0xAE, 0xF7, 0x89, 0x1E, 0xF5, 0xD4, 0xAA, 0xBF, 0x0B, 0x6B, 0x5C, 0x6A, 0xD8, 0xDE,
    0xD0, 0x64, 0xCF, 0xF0, 0xAD, 0x93, 0x49, 0x38, 0x7F, 0x77, 0xDD, 0x71, 0xCC, 0xBA, 0x3F, 0x6A,
    0x0E, 0x5B, 0xB0, 0x03, 0xA1, 0xBF, 0x45, 0x4F, 0x45, 0xD3, 0x7B, 0x0D, 0x8B, 0xC4, 0x7F, 0x05,
    0x04, 0x2F, 0xAE, 0x0A, 0x2F, 0x4D, 0xB1, 0xC1, 0x8B, 0x53, 0xDB, 0xE1, 0x5B, 0x8B, 0xC2, 0x37,
    0x81, 0x0E, 0x3F, 0x54, 0x88, 0x7D, 0x8B, 0xAE, 0x1D, 0x8E, 0x18, 0x36, 0xA5, 0x60, 0xC8, 0xBA,
    0x1E, 0xBA, 0x3A, 0x59, 0x17, 0x2E, 0x7E, 0x1C, 0xFC, 0xD7, 0x7A, 0xE2, 0x2B, 0x69, 0xBE, 0x11,
    0xA0, 0x79, 0xD0, 0xCF, 0x73, 0x1C, 0x58, 0xE4, 0xEA, 0x0C, 0x33, 0x95, 0xE9, 0x9D, 0x45, 0x6F,
    0x7C, 0x27, 0x4E, 0xE9, 0x14, 0xD6, 0x13, 0x76, 0x68, 0x29, 0x80, 0x99, 0xC3, 0xC8, 0xC5, 0x9A,
    0x04, 0xA3, 0x2D, 0x23, 0x05, 0xA0, 0x69, 0x69, 0x9F, 0x03, 0x17, 0xF2, 0xC2, 0xC0, 0x23, 0x12,
    0x7F, 0xA9, 0x07, 0x15, 0x65, 0xED, 0x50, 0xA2, 0xC5, 0x07, 0xCE, 0x96, 0x17, 0xE1, 0xF6, 0x78,
    0xE9, 0x60, 0x59, 0xDD, 0x8B, 0x24, 0x4D, 0x8A, 0xA6, 0xC2, 0x18, 0xB0, 0x8B, 0x9F, 0x5F, 0xD6,
    0x84, 0xFF, 0xD4, 0xF3, 0xF0, 0xCB, 0x17, 0x8C, 0xB9, 0x8D, 0x51, 0xDD, 0x44, 0x6B, 0xD0, 0xC3,
    0x13, 0xFF, 0x0F, 0x05, 0xFE, 0x7D, 0x6A, 0x3D, 0xF8, 0x68, 0x86, 0xDE, 0x06, 0xF4, 0x14, 0x64,
    0x8B, 0x93, 0xC8, 0x01, 0x20, 0xF9, 0xD7, 0x1F, 0x4C, 0x5F, 0x74, 0x62, 0xFA, 0x80, 0xFC, 0xCF,
    0x2E, 0xE7, 0xDB, 0x2F, 0x5F, 0x3E, 0xBF, 0x99, 0x3F, 0x58, 0xFD, 0x12, 0x49, 0xBF, 0xE7, 0xCC,
    0xFB, 0x7E, 0xFD, 0xDC, 0x87, 0xF4, 0x5B, 0xEE, 0x6C, 0x71, 0x76, 0x7F, 0xB5, 0xE5, 0x30, 0x1B,
    0xAB, 0x68, 0x58, 0x3D, 0x57, 0x8F, 0x05, 0x3C, 0x57, 0x62, 0xDF, 0x36, 0x9B, 0x89, 0xC3, 0x73,
    0x5B, 0x3C, 0xEE, 0xA9, 0xFA, 0x10, 0xEA, 0xEA, 0x83, 0x66, 0xE1, 0x4C, 0xFF, 0x28, 0x69, 0x4F,
    0xC6, 0x71, 0x74, 0x87, 0x05, 0xB8, 0x5C, 0xC0, 0xE0, 0xE3, 0xB4, 0x92, 0x7C, 0x91, 0xFB, 0x03,
    0xD4, 0xBF, 0x3B, 0x22, 0x1D, 0x79, 0xD5, 0xC6, 0xC8, 0x1E, 0x39, 0x7B, 0x0D, 0x0F, 0x22, 0x13,
    0xA6, 0xFB, 0xF2, 0xD4, 0xC3, 0xD7, 0x07, 0x72, 0x81, 0xFB, 0x37, 0x4F, 0x35, 0x3D, 0xFE, 0xBE,
    0x8C, 0xDF, 0x69, 0x88, 0xD4, 0x56, 0x09, 0xA0, 0x3F, 0x7C, 0x91, 0x73, 0x8A, 0x59, 0xB1, 0xAB,
    0x77, 0x52, 0xA1, 0xB3, 0xCF, 0x23, 0x1B, 0xC5, 0x14, 0xA2, 0x28, 0xBF, 0xC7, 0x2E, 0x5B, 0x94,
    0x7B, 0x2E, 0xB9, 0xCB, 0x51, 0xF7, 0xC4, 0x94, 0x02, 0x59, 0xBA, 0x8E, 0x7C, 0x64, 0xD8, 0x9F,
    0xF4, 0xF8, 0x58, 0xE9, 0xE5, 0x9C, 0x2D, 0x97, 0x53, 0x69, 0x34, 0x1B, 0x15, 0x4B, 0x06, 0xBD,
    0x96, 0xED, 0x05, 0x9D, 0x12, 0x6C, 0x97, 0x4B, 0xD0, 0xB7, 0x83, 0x52, 0x3C, 0x03, 0x29, 0xC0,
    0x57, 0x46, 0xC1, 0x5B, 0x24, 0xC1, 0x2A, 0xA4, 0x3F, 0x7F, 0x8E, 0x54, 0x8E, 0xD1, 0x68, 0xC2,
    0x76, 0xE6, 0xD7, 0x7C, 0xAD, 0xB2, 0xEE, 0x8C, 0x42, 0x7F, 0xF1, 0xEC, 0xD6, 0xAF, 0x3F, 0x6D,
    0x5C, 0x88, 0x11, 0x36, 0x6D, 0xC4, 0x4B, 0x1C, 0xFC, 0x97, 0xFE, 0x5D, 0xD1, 0xF6, 0x3E, 0xEA,
    0x29, 0xF5, 0x0D, 0x5C, 0xBC, 0xF3, 0xCF, 0x30, 0xDE, 0xE9, 0xB2, 0x50, 0x75, 0xE3, 0x82, 0x10,
    0x31, 0xF7, 0x05, 0xA1, 0xF5, 0xFA, 0xEF, 0x94, 0xA8, 0xF3, 0xCB, 0xF8, 0x1B, 0x8F, 0xD8, 0xCE,
    0x88, 0x6B, 0x5F, 0xC7, 0x87, 0xA1, 0x4A, 0xD1, 0xB5, 0x4A, 0x82, 0x4B, 0x43, 0x55, 0x3A, 0xA5,
    0x3E, 0x54, 0x3A, 0x43, 0x20, 0x31, 0xB1, 0x8F, 0x4C, 0x0F, 0xD1, 0x16, 0x87, 0x37, 0x1E, 0x87,
    0x33, 0xC6, 0x6F, 0x27, 0xB7, 0xBA, 0x6A, 0xA7, 0xCC, 0xB1, 0x98, 0xE5, 0x08, 0x93, 0x70, 0x88,
    0x80, 0xCE, 0x26, 0x0F, 0xF0, 0xE0, 0xEB, 0xA6, 0xE3, 0xFF, 0x00, 0x64, 0xCA, 0xB1, 0x11, 0x82,
    0x40, 0x18, 0x44, 0xE1, 0x15, 0x42, 0x02, 0x0A, 0x30, 0xA0, 0x04, 0x4A, 0x80, 0x12, 0xEC, 0xC4,
    0x12, 0xCE, 0xCE, 0x8E, 0x12, 0x28, 0xC1, 0xDC, 0xE4, 0x9F, 0x31, 0x31, 0xC0, 0x7B, 0xEE, 0xE1,
    0x18, 0x38, 0x24, 0xDF, 0xEC, 0xEC, 0xBC, 0x04, 0x70, 0x3B, 0x38, 0x4B, 0x4A, 0xAB, 0x34, 0x80,
    0x4D, 0xBB, 0x7C, 0x5D, 0xA4, 0x9F, 0xD9, 0xB9, 0x34, 0x41, 0xA8, 0xE9, 0xE0, 0xA5, 0x6E, 0x9D,
    0x87, 0x4D, 0x7D, 0x91, 0x1D, 0xA9, 0x4F, 0x63, 0x43, 0x3A, 0xC3, 0xAC, 0x1E, 0x78, 0xFF, 0x69,
    0x60, 0x39, 0xAA, 0xD3, 0x65, 0x0C, 0x29, 0x63, 0x5B, 0xB8, 0x86, 0xFB, 0xBA, 0x47, 0x1E, 0x76,
    0x22, 0xAA, 0xCF, 0xAD, 0x7A, 0x2F, 0x93, 0x0D, 0x7F, 0x1A, 0x4A, 0xB6, 0x2E, 0x6D, 0xBB, 0xAB,
    0xCC, 0x67, 0xEB, 0x81, 0x24, 0xEB, 0x04, 0xA0, 0x4A, 0x76, 0xA0, 0x08, 0x2A, 0x09, 0x00, 0x03,
    0x00, 0xDD, 0x7A, 0x3D, 0x90, 0x2F, 0x47, 0x75, 0xFD, 0x9D, 0x19, 0xDE, 0x0E, 0xFF, 0x37, 0xF5,
    0x67, 0x08, 0x9E, 0x28, 0x4B, 0x0F, 0xD7, 0x10, 0x10, 0x50, 0xCF, 0x1F, 0xED, 0xD0, 0xE5, 0x80,
    0x1E, 0xAC, 0x72, 0x11, 0xB2, 0xC1, 0x93, 0x5D, 0xC6, 0x01, 0x89, 0x08, 0x80, 0x40, 0x89, 0x53,
    0x6B, 0x06, 0x14, 0x10, 0x28, 0xD0, 0x0B, 0x20, 0x57, 0x20, 0x57, 0xC1, 0x3E, 0xBB, 0xD6, 0x81,
    0x03, 0xCA, 0x65, 0xE8, 0x01, 0xB9, 0xCA, 0x21, 0x03, 0xCE, 0xCB, 0x63, 0x23, 0x07, 0xAC, 0x02,
    0x35, 0x66, 0x80, 0x79, 0xCB, 0xCC, 0x1C, 0xF7, 0x3D, 0x3D, 0xBF, 0xFD, 0xED, 0xA7, 0x9E, 0x64,
    0xA9, 0x64, 0x49, 0xBD, 0x3B, 0xE7, 0xF4, 0x7C, 0x6C, 0xF7, 0xED, 0xDB, 0xB7, 0x6F, 0xDF, 0xEE,
    0x5E, 0xC9, 0x6B, 0xD1, 0xAB, 0x90, 0xAC, 0xD5, 0x4B, 0xB6, 0xF4, 0xC7, 0x22, 0xFF, 0xA0, 0x97,
    0xC4, 0xB4, 0x7F, 0xBF, 0x7D, 0x0F, 0xC0, 0xEB, 0xE5, 0x45, 0xDE, 0xD5, 0x6B, 0x57, 0xAE, 0xA4,
    0x18, 0x33, 0xA0, 0x13, 0x83, 0x95, 0x5C, 0x01, 0x2F, 0x28, 0x97, 0xC0, 0xAB, 0xCA, 0xB7, 0x05,
    0x9D, 0xF5, 0x12, 0x92, 0xDB, 0x18, 0x91, 0xEF, 0x92, 0x93, 0x16, 0x90, 0xC0, 0x55, 0xE7, 0x70,
    0x04, 0x2F, 0x76, 0x68, 0x58, 0xAC, 0xF1, 0x77, 0x9C, 0x72, 0x39, 0x89, 0x55, 0x2E, 0x66, 0xB1,
    0x8F, 0xAC, 0x97, 0x0C, 0x62, 0x87, 0xC0, 0x09, 0x4E, 0xA0, 0x2C, 0x0E, 0xB1, 0x3C, 0x03, 0xB4,
    0xCA, 0x19, 0x16, 0x51, 0x96, 0x4F, 0xD4, 0x91, 0x45, 0xC8, 0x51, 0x4E, 0x60, 0xA6, 0xA4, 0xCC,
    0x51, 0x56, 0xE6, 0x36, 0x69, 0x81, 0x69, 0x93, 0x37, 0x03, 0x25, 0xDE, 0xE5, 0xF6, 0xCF, 0xEE,
    0x6E, 0x39, 0xCA, 0xCD, 0x5C, 0x94, 0x5C, 0x73, 0x94, 0x9D, 0x39, 0x4A, 0xCF, 0x1C, 0xE5, 0x67,
    0x2E, 0xB6, 0x40, 0x73, 0xFC, 0x94, 0x39, 0xB6, 0x82, 0x39, 0xB6, 0x83, 0x39, 0xB6, 0x84, 0x39,
    0xB6, 0x85, 0x39, 0xB6, 0x86, 0x39, 0x26, 0xE6, 0xA0, 0x75, 0x5D, 0x02, 0x91, 0x72, 0x0E, 0xDF,
    0x1E, 0xCF, 0x92, 0xB1, 0x55, 0x0A, 0x86, 0xB0, 0x1E, 0xBD, 0x22, 0xC6, 0x3F, 0x21, 0xFA, 0x6C,
    0x94, 0x02, 0x58, 0x24, 0x05, 0x20, 0xF2, 0xFC, 0xC3, 0x00, 0x21, 0x5F, 0x57, 0x83, 0xCA, 0x05,
    0x10, 0x56, 0xA9, 0x54, 0x19, 0x39, 0xD0, 0x8A, 0x18, 0x55, 0x63, 0xB9, 0x04, 0xC8, 0x50, 0x8B,
    0x24, 0xFA, 0x4C, 0x7E, 0x20, 0x21, 0x7D, 0x5A, 0xA1, 0xC0, 0x03, 0x11, 0x8B, 0x5E, 0x04, 0xE8,
    0x22, 0x24, 0x9A, 0x11, 0xD4, 0x3B, 0x68, 0xF4, 0xD6, 0x0C, 0xEF, 0x17, 0x99, 0x71, 0x4D, 0x62,
    0x27, 0x07, 0x70, 0xFD, 0x06, 0x6C, 0x83, 0x43, 0x97, 0x76, 0x0E, 0x62, 0x02, 0xD4, 0xDA, 0xBF,
    0x9D, 0xF1, 0x62, 0x7D, 0x39, 0x05, 0x28, 0x66, 0x31, 0xEC, 0xEC, 0x31, 0x45, 0xD7, 0x78, 0x61,
    0x63, 0x2C, 0xD0, 0x4B, 0x01, 0xAD, 0xD3, 0x4D, 0x82, 0x98, 0xDA, 0x9B, 0x78, 0x57, 0x29, 0xAB,
    0xBC, 0xC0, 0x51, 0x83, 0x14, 0xE0, 0xBE, 0x88, 0xCA, 0x50, 0xA2, 0x15, 0xD3, 0x35, 0x70, 0x1C,
    0x25, 0xF7, 0xA0, 0x3A, 0x51, 0x61, 0xE0, 0x66, 0x5A, 0xD9, 0x54, 0xCE, 0xA2, 0x22, 0x8D, 0x81,
    0x33, 0x44, 0xA6, 0x60, 0x81, 0x29, 0x9B, 0x9D, 0x84, 0xE2, 0x39, 0x2F, 0x94, 0xB0, 0x19, 0x84,
    0x42, 0x16, 0x9B, 0x04, 0xC9, 0x99, 0x62, 0xD6, 0x1B, 0x58, 0xD5, 0x69, 0x87, 0x00, 0xF2, 0x44,
    0xE0, 0xDB, 0x0F, 0xA4, 0xC0, 0x60, 0x07, 0xA3, 0x26, 0x3E, 0xDB, 0xC1, 0xCE, 0x81, 0x41, 0x36,
    0x27, 0xC0, 0x7F, 0xB8, 0x59, 0x3E, 0xC6, 0xCE, 0x99, 0x44, 0xA4, 0xA2, 0xBC, 0x91, 0x67, 0xED,
    0x3B, 0xAC, 0x4F, 0xAF, 0xB4, 0xF5, 0xA1, 0x84, 0xF6, 0x99, 0x1B, 0x2C, 0xA4, 0xC4, 0x68, 0x07,
    0xBC, 0x26, 0x39, 0xDA, 0xC0, 0xB5, 0x64, 0x93, 0x04, 0x96, 0x8F, 0x27, 0xAD, 0xF2, 0x89, 0x17,
    0x51, 0x66, 0x81, 0xA2, 0x95, 0x92, 0x4B, 0x0C, 0x64, 0xF9, 0xF2, 0xFF, 0x4E, 0x7E, 0xFB, 0x0E,
    0xE5, 0xAF, 0x36, 0xF9, 0x9B, 0xD7, 0x36, 0xF9, 0xDB, 0x4D, 0xFE, 0x93, 0x07, 0x94, 0xDF, 0xC1,
    0x53, 0x7E, 0xCB, 0x02, 0x36, 0xD6, 0xDC, 0x7F, 0x91, 0x38, 0x38, 0xC8, 0x27, 0xE3, 0x85, 0x76,
    0x99, 0x8D, 0xF3, 0xED, 0x7B, 0x79, 0x52, 0xC0, 0xE4, 0xAF, 0xA3, 0x41, 0x36, 0x2B, 0xDF, 0xE8,
    0x56, 0xAD, 0x94, 0x60, 0x31, 0xE8, 0x24, 0x07, 0xC5, 0x2F, 0x95, 0x74, 0x60, 0x39, 0x1C, 0xAF,
    0x62, 0xC7, 0x72, 0xC9, 0xA0, 0xD6, 0x3C, 0x47, 0x9A, 0x68, 0x36, 0x07, 0x63, 0xA0, 0x6A, 0x16,
    0x29, 0x56, 0x29, 0x51, 0x4B, 0xB3, 0x48, 0x8E, 0x21, 0xC1, 0x2C, 0xE1, 0xE2, 0x60, 0x6A, 0x7C,
    0xA6, 0x9A, 0x2C, 0xFA, 0x6C, 0x96, 0x5A, 0x92, 0x36, 0xC3, 0xC3, 0x4E, 0xA8, 0x13, 0xDA, 0x2E,
    0xE0, 0x95, 0xCC, 0x26, 0xCC, 0xB7, 0xDE, 0x23, 0xA9, 0x8B, 0x28, 0xB5, 0xA3, 0xD4, 0x2A, 0x6E,
    0x0E, 0xF5, 0x0E, 0x94, 0x7A, 0x15, 0x95, 0x9A, 0x72, 0x16, 0x7D, 0xA2, 0xD5, 0x26, 0xAD, 0xB8,
    0x28, 0xE7, 0x4E, 0xEA, 0x57, 0x84, 0x74, 0xC2, 0xA9, 0xD4, 0x61, 0x3C, 0xD7, 0x15, 0xE5, 0x66,
    0x71, 0x5F, 0x11, 0x68, 0xEA, 0xAE, 0x60, 0x5B, 0xCE, 0x62, 0xBD, 0xBC, 0x09, 0x36, 0x8A, 0x19,
    0x27, 0xB2, 0x14, 0xBD, 0xEA, 0x16, 0xAD, 0x64, 0xE8, 0xBE, 0xAF, 0x7A, 0x9B, 0xB6, 0x91, 0x1E,
    0xB0, 0xE2, 0x4D, 0x02, 0xD4, 0xAC, 0xB7, 0xE3, 0xCD, 0x20, 0x94, 0x7F, 0x8F, 0xF1, 0xC9, 0x73,
    0x9D, 0x62, 0xD2, 0x06, 0xB8, 0x1F, 0xC5, 0xEC, 0x15, 0x29, 0x7A, 0x41, 0xC9, 0xB3, 0xA0, 0x30,
    0xF6, 0x8C, 0xA2, 0xA0, 0xDE, 0x9B, 0x9B, 0x25, 0x9A, 0xE1, 0x7D, 0xDB, 0x22, 0x8E, 0xD2, 0x9A,
    0x74, 0x56, 0x60, 0x2C, 0x47, 0xB6, 0x04, 0xEC, 0xBE, 0xFB, 0x27, 0x74, 0xE4, 0xDD, 0xF0, 0x66,
    0xAA, 0xFC, 0x2E, 0x57, 0x8E, 0xBB, 0x5C, 0x31, 0xED, 0x72, 0xD9, 0xFC, 0x21, 0x0C, 0x09, 0x98,
    0xA8, 0xDC, 0x2D, 0x37, 0xEF, 0x75, 0xB5, 0xCB, 0x1D, 0x36, 0x3B, 0xAD, 0xB9, 0x97, 0x3A, 0xB2,
    0x64, 0xF8, 0xED, 0xB0, 0xD3, 0x33, 0x76, 0x5A, 0xEB, 0x9B, 0x33, 0xAD, 0x95, 0x1F, 0x56, 0x5D,
    0xFD, 0x8E, 0xFC, 0xBF, 0xCD, 0x16, 0x4C, 0xCF, 0xD6, 0x73, 0x58, 0xB0, 0x58, 0x65, 0xC1, 0x66,
    0x62, 0x16, 0x50, 0x92, 0x62, 0x67, 0x86, 0x7F, 0x49, 0x64, 0xFA, 0xC0, 0x04, 0xC0, 0x6C, 0x6C,
    0xBA, 0x48, 0x35, 0x48, 0x02, 0xB1, 0xBD, 0x48, 0x6C, 0xA6, 0x63, 0x23, 0x2D, 0x10, 0x1B, 0xC8,
    0xE6, 0xED, 0xC6, 0xDD, 0xFB, 0xD9, 0x3B, 0x24, 0x0F, 0xE4, 0xE5, 0xB3, 0x91, 0x8E, 0x98, 0x2B,
    0x7D, 0xBA, 0x6E, 0xB9, 0xF5, 0x78, 0x89, 0xB9, 0x1C, 0x98, 0xAF, 0x58, 0x77, 0x83, 0x8E, 0xCC,
    0xF9, 0x69, 0x9F, 0x3E, 0x9C, 0x76, 0xFE, 0xC9, 0xAD, 0xA5, 0x6B, 0x64, 0xC1, 0xCF, 0xEB, 0xC8,
    0x98, 0xC8, 0x0D, 0x56, 0xB2, 0x01, 0xC8, 0xC9, 0x43, 0x9A, 0x3D, 0x5B, 0x16, 0xD9, 0x76, 0x1F,
    0x1C, 0x3B, 0x7F, 0x8A, 0x39, 0x44, 0x3C, 0xA9, 0x69, 0x69, 0xF3, 0xD9, 0x20, 0x2E, 0x69, 0x69,
    0xC9, 0x11, 0xBA, 0x73, 0x73, 0x61, 0xFF, 0x7E, 0xB6, 0xF3, 0xB4, 0x93, 0x2D, 0x99, 0xFD, 0xDC,
    0x76, 0xBA, 0xB3, 0xDA, 0x12, 0xBB, 0xBE, 0x2A, 0x80, 0xFE, 0x8A, 0x9D, 0x3F, 0xE5, 0xF6, 0x5E,
    0x7C, 0xDA, 0xE5, 0xF2, 0x0F, 0xA1, 0x3F, 0xFF, 0xE0, 0xD8, 0xE7, 0x3E, 0xFD, 0xE3, 0xD6, 0xB7,
    0x38, 0x72, 0x71, 0xFA, 0xD9, 0xFA, 0x0D, 0x5B, 0x4F, 0x56, 0x58, 0x95, 0xE8, 0x8F, 0x3F, 0x48,
    0xED, 0x3B, 0x14, 0x69, 0x95, 0xD7, 0x50, 0x99, 0xF2, 0x16, 0xE7, 0xB3, 0x04, 0xE5, 0x83, 0xCD,
    0xEF, 0x3C, 0x92, 0xBB, 0x97, 0xDF, 0xF7, 0xCA, 0x05, 0x1E, 0x49, 0x4C, 0xF7, 0x5E, 0xDE, 0x95,
    0xFB, 0x78, 0xFE, 0x60, 0xF5, 0x7F, 0xFA, 0xDD, 0x5D, 0x2E, 0xC3, 0x5B, 0xCF, 0x7D, 0x38, 0x23,
    0x56, 0x06, 0xE3, 0x5B, 0x6E, 0x39, 0xCB, 0x61, 0x24, 0x07, 0xD1, 0xB0, 0xEE, 0xFC, 0x5F, 0x81,
    0x9D, 0xD7, 0x5B, 0x9A, 0x7A, 0xE7, 0xF5, 0xB6, 0x5C, 0x0A, 0x20, 0xE6, 0x44, 0xAA, 0x0F, 0xA3,
    0xAE, 0x80, 0xF1, 0xEC, 0xB7, 0x58, 0xE4, 0xED, 0xFE, 0x4A, 0xC5, 0x61, 0x95, 0xC4, 0xD1, 0x96,
    0x83, 0xEA, 0x2A, 0xC1, 0xDB, 0x6A, 0x95, 0x03, 0x2C, 0x62, 0x26, 0xFD, 0xAA, 0x36, 0xA3, 0x7E,
    0xD6, 0x97, 0x81, 0x74, 0xB9, 0x3D, 0x73, 0x09, 0x80, 0xD8, 0x1F, 0xD7, 0x11, 0x4B, 0xFF, 0x3F,
    0xA0, 0x14, 0xAF, 0xA9, 0x29, 0xAC, 0x9C, 0xDB, 0x3B, 0x69, 0xB4, 0x25, 0xCE, 0x5B, 0x2F, 0xAE,
    0x2B, 0xA7, 0x00, 0xF9, 0x2C, 0xB6, 0xCF, 0x54, 0xA3, 0x29, 0x18, 0x00, 0x2C, 0x57, 0x20, 0x45,
    0xFD, 0xEE, 0xC3, 0xAD, 0x43, 0x91, 0x44, 0x4B, 0xCF, 0x80, 0x3A, 0xFF, 0x1C, 0xD0, 0x99, 0xFE,
    0xD4, 0xF5, 0xBA, 0xCF, 0xD4, 0x57, 0x38, 0x41, 0x9F, 0x43, 0xE5, 0x75, 0xDA, 0x01, 0x15, 0x96,
    0xE8, 0xE0, 0xB9, 0xD8, 0xCD, 0xC0, 0x7E, 0x42, 0x1B, 0x7D, 0x8D, 0x3D, 0xC5, 0x24, 0x4D, 0x57,
    0x2E, 0xD2, 0x9C, 0x3C, 0x0D, 0xB1, 0xE8, 0xD0, 0x56, 0x18, 0x42, 0xCB, 0xE0, 0x6D, 0x2B, 0x4F,
    0xCA, 0xEF, 0x8B, 0x7C, 0x5F, 0x63, 0x0E, 0xB3, 0x06, 0x53, 0x13, 0xD7, 0xE9, 0x6F, 0x73, 0xFA,
    0x3D, 0x8B, 0x39, 0x94, 0x9B, 0x63, 0x92, 0x27, 0xEB, 0x54, 0x4B, 0xA4, 0x8A, 0x44, 0x9A, 0x3E,
    0x86, 0x74, 0xEE, 0x84, 0x5B, 0x5E, 0x5A, 0x39, 0x03, 0x13, 0xF3, 0xA8, 0x16, 0x73, 0xFA, 0x77,
    0x9C, 0x70, 0x4A, 0x40, 0xD2, 0xC0, 0xF2, 0x89, 0x43, 0xC9, 0xD7, 0x50, 0xB5, 0x81, 0x9A, 0x67,
    0x80, 0xBE, 0x79, 0x75, 0xAD, 0x06, 0xF7, 0xC2, 0x5C, 0x7A, 0xF7, 0x8D, 0xB9, 0x1A, 0x6C, 0x2F,
    0x6E, 0x30, 0x73, 0x8A, 0xAE, 0x5C, 0xB3, 0x49, 0xD2, 0x39, 0x80, 0x7C, 0x2A, 0xC3, 0xB4, 0x5B,
    0x79, 0x9A, 0x31, 0x5F, 0xAB, 0x95, 0x05, 0x74, 0x2C, 0xC0, 0x85, 0x02, 0xBC, 0x7B, 0x7A, 0x36,
    0xA1, 0x80, 0xEF, 0x61, 0x08, 0xE2, 0x2C, 0x62, 0x67, 0xC1, 0x3F, 0x87, 0x6A, 0xB0, 0xA6, 0xB3,
    0xB8, 0xEF, 0xC8, 0x1F, 0x09, 0x3B, 0x17, 0xDF, 0x67, 0x60, 0x1A, 0xE0, 0xE0, 0x95, 0xA0, 0x4F,
    0xB7, 0x8A, 0x53, 0x29, 0xFA, 0x3F, 0x71, 0x5E, 0xCA, 0x51, 0xC7, 0x56, 0x36, 0x4B, 0xBA, 0x4A,
    0x02, 0x89, 0xED, 0x33, 0x74, 0xF5, 0x5E, 0x3E, 0x52, 0x8C, 0x52, 0x3D, 0x9A, 0xC5, 0x86, 0x12,
    0x2C, 0x20, 0xBF, 0x9B, 0x43, 0x44, 0xD0, 0x8A, 0xDC, 0xAB, 0x93, 0x43, 0x9A, 0x41, 0xAD, 0xD0,
    0xAB, 0xA2, 0xBD, 0xC8, 0xC7, 0x8E, 0xA7, 0x2D, 0x24, 0x12, 0x6E, 0x13, 0xB1, 0x40, 0x01, 0xE3,
    0xC6, 0x36, 0xC6, 0x8B, 0x97, 0x41, 0x5C, 0x2F, 0xEF, 0x36, 0x98, 0x45, 0xD8, 0x06, 0x95, 0x6A,
    0x10, 0xF9, 0x68, 0xE1, 0x43, 0xEE, 0xD7, 0xB3, 0x48, 0xB3, 0x06, 0xB0, 0xDA, 0x21, 0x7F, 0x50,
    0x6C, 0xA2, 0xBD, 0x77, 0x52, 0x1D, 0x48, 0x5A, 0xBB, 0x3A, 0x9F, 0x82, 0x0D, 0x8E, 0xF6, 0xD4,
    0xF9, 0xB8, 0x5D, 0x8B, 0x6E, 0x67, 0x20, 0x07, 0x75, 0x5A, 0x37, 0x6D, 0x36, 0xDB, 0x30, 0xE0,
    0xC2, 0xFB, 0xB1, 0x02, 0x7C, 0x01, 0x74, 0x89, 0xBE, 0x3F, 0x38, 0x14, 0x26, 0x60, 0x3C, 0x7F,
    0x71, 0xF4, 0xBE, 0xC3, 0xEB, 0xB6, 0x8A, 0x57, 0xAB, 0x21, 0x1F, 0x8A, 0x05, 0x6D, 0x34, 0x46,
    0xC2, 0x5F, 0x45, 0xC7, 0x78, 0x9E, 0xFB, 0xFF, 0xB7, 0x5F, 0x4E, 0x5B, 0x2E, 0x5E, 0x14, 0x34,
    0x62, 0xAE, 0x00, 0xEA, 0xAE, 0x93, 0x8C, 0x4E, 0xF0, 0xAB, 0x8E, 0xA7, 0x04, 0x0A, 0xC5, 0x14,
    0x25, 0xBD, 0x0C, 0xAC, 0xF1, 0xDD, 0x06, 0x9E, 0xDB, 0x25, 0x43, 0x73, 0x72, 0xEC, 0x01, 0x8C,
    0x2E, 0x6A, 0xAD, 0x56, 0x8D, 0x7E, 0x4A, 0xE4, 0xD0, 0xD6, 0x85, 0x77, 0x00, 0xB5, 0x9D, 0xE2,
    0x91, 0x7C, 0xB6, 0x3E, 0xE0, 0x7D, 0x13, 0xAE, 0x03, 0xAC, 0x72, 0xEF, 0x41, 0x33, 0xEC, 0x7E,
    0xEE, 0x3D, 0x38, 0xF8, 0xCE, 0x25, 0x4F, 0xFF, 0x8E, 0x27, 0x8A, 0x72, 0x08, 0xD7, 0x18, 0x2E,
    0xB4, 0xCF, 0x67, 0x18, 0x51, 0x3F, 0x37, 0x37, 0xF8, 0xCF, 0xD9, 0x62, 0x9E, 0x0B, 0x40, 0x6D,
    0x32, 0x5C, 0x4F, 0xBD, 0x22, 0xC5, 0xA8, 0x23, 0x67, 0x11, 0x49, 0x32, 0x0C, 0x62, 0x3E, 0x87,
    0x59, 0x6C, 0x77, 0x17, 0x62, 0x30, 0xB1, 0x3B, 0xAC, 0xA4, 0x80, 0xA3, 0x5D, 0xBF, 0x77, 0xCA,
    0xC5, 0x2E, 0x75, 0x8F, 0xFB, 0x49, 0x24, 0x11, 0xDB, 0x16, 0xDE, 0x0E, 0x95, 0xAF, 0x80, 0xBE,
    0x50, 0x03, 0x72, 0x71, 0xFA, 0xDE, 0x5D, 0x88, 0x49, 0x6E, 0xE2, 0x6D, 0xAC, 0xA8, 0xCF, 0x8F,
    0xEC, 0x56, 0x72, 0x8E, 0xD5, 0xFD, 0xE4, 0x90, 0xB3, 0x13, 0xDD, 0xBC, 0xC1, 0xDF, 0x33, 0xBA,
    0xB5, 0xA3, 0x38, 0x7A, 0x76, 0xAF, 0x5F, 0x8E, 0xCA, 0xF0, 0xD5, 0x14, 0x9E, 0x67, 0xE8, 0xCB,
    0x49, 0xCC, 0x7A, 0x8C, 0x3E, 0xDC, 0x97, 0x00, 0x7A, 0x33, 0x4A, 0xAE, 0xAC, 0x51, 0x23, 0x42,
    0xB9, 0x18, 0x62, 0x3D, 0xB6, 0x8B, 0xF5, 0xE6, 0x75, 0xE4, 0x00, 0x88, 0xC9, 0xDF, 0xC0, 0x83,
    0x3A, 0xCC, 0x3B, 0xE5, 0xAC, 0xDD, 0x95, 0xE3, 0xC7, 0xCA, 0x6B, 0xA5, 0x5C, 0xBC, 0xB8, 0x58,
    0x65, 0x83, 0xB9, 0x39, 0x7D, 0x49, 0xBD, 0xE6, 0xEC, 0xBA, 0x52, 0x79, 0xDC, 0xB8, 0x6F, 0x4E,
    0x9D, 0xCE, 0x14, 0x62, 0x19, 0x36, 0x69, 0x36, 0xB0, 0x06, 0x35, 0xCA, 0x09, 0x06, 0x79, 0x52,
    0xCB, 0x75, 0x6B, 0x4D, 0xB3, 0xA8, 0x00, 0x20, 0x70, 0xB6, 0xB1, 0x34, 0x1B, 0xA7, 0x58, 0xBF,
    0x30, 0xDF, 0xB4, 0xCE, 0xEE, 0x12, 0xC6, 0xCC, 0x57, 0x31, 0x25, 0x1A, 0xA2, 0x3D, 0x87, 0x86,
    0x58, 0xA2, 0x0E, 0x98, 0x11, 0x05, 0xA2, 0x28, 0x6F, 0x86, 0x51, 0x27, 0x57, 0xD1, 0x8C, 0xDA,
    0x30, 0xE3, 0x89, 0xD3, 0xFD, 0x80, 0x25, 0x96, 0x80, 0x39, 0x31, 0xC3, 0xCC, 0xFC, 0x77, 0xF4,
    0xF9, 0x22, 0x8A, 0xB3, 0xC4, 0xBC, 0xD5, 0xE7, 0x0F, 0xA9, 0x0F, 0xB6, 0x32, 0xA2, 0xC1, 0x1B,
    0x01, 0x93, 0x67, 0x19, 0x39, 0xC9, 0x19, 0x36, 0xD0, 0xD4, 0x5E, 0x47, 0xB5, 0xC4, 0xC9, 0x59,
    0x92, 0x2F, 0x3A, 0x25, 0x03, 0x28, 0xB9, 0x48, 0x08, 0x34, 0x07, 0x3A, 0x39, 0xFA, 0xC6, 0x1A,
    0xE8, 0xEB, 0xF7, 0x33, 0xF0, 0xE1, 0x37, 0x20, 0x34, 0xD6, 0x99, 0x4E, 0x6D, 0x12, 0x49, 0x33,
    0xED, 0x2B, 0x29, 0x7A, 0x56, 0x5A, 0xAE, 0x52, 0x51, 0x1A, 0xBE, 0xCB, 0x03, 0xF9, 0xFD, 0x22,
    0x4C, 0xFD, 0xC8, 0x66, 0x36, 0xEB, 0x55, 0x14, 0x4E, 0x99, 0x11, 0x9F, 0x3A, 0x3A, 0x7A, 0xC0,
    0x00, 0xC0, 0x13, 0x87, 0x1D, 0x3E, 0xE5, 0xD6, 0x16, 0xAD, 0x34, 0x83, 0x04, 0x74, 0x5D, 0xAA,
    0xD8, 0x17, 0x8A, 0xA7, 0x2E, 0x06, 0x30, 0x01, 0x2B, 0x62, 0x86, 0x05, 0xAD, 0x86, 0xB4, 0x8A,
    0x22, 0x3B, 0x7C, 0xD3, 0x73, 0xA1, 0x27, 0x24, 0x05, 0x57, 0x01, 0x39, 0x27, 0xB8, 0xD1, 0x40,
    0xFB, 0xDE, 0x3B, 0x75, 0x32, 0xEB, 0xCB, 0x78, 0x63, 0x65, 0x87, 0x3E, 0x8D, 0x40, 0x87, 0xF8,
    0x53, 0x48, 0x85, 0x19, 0x3F, 0x85, 0xE4, 0x98, 0x9B, 0x5F, 0x42, 0x52, 0xCC, 0xD5, 0xCF, 0x20,
    0x19, 0x5E, 0x49, 0x5F, 0x5A, 0xE8, 0xA3, 0xD8, 0x55, 0x72, 0x80, 0x31, 0x9A, 0x66, 0x2F, 0x89,
    0x52, 0x4D, 0x03, 0x9D, 0xE2, 0x88, 0x0D, 0x37, 0x60, 0x9A, 0xAF, 0xA3, 0xE9, 0xDC, 0x72, 0x8C,
    0x74, 0xFB, 0xE8, 0x21, 0xA4, 0xE8, 0x0C, 0x00, 0x69, 0x3A, 0xAB, 0x64, 0x07, 0x92, 0xF1, 0xC5,
    0x1A, 0xDE, 0xE9, 0xD1, 0x14, 0xD7, 0x01, 0x89, 0x52, 0x86, 0x44, 0xC5, 0x4D, 0xF0, 0xBA, 0x92,
    0x38, 0x20, 0xC6, 0xFE, 0xAB, 0x52, 0x8E, 0x51, 0x29, 0x04, 0x81, 0x24, 0x91, 0x3D, 0x81, 0x69,
    0xBD, 0x96, 0x68, 0x57, 0x68, 0xF5, 0xF4, 0x3C, 0x50, 0x06, 0x28, 0x95, 0x91, 0x4C, 0x24, 0x3D,
    0x45, 0x57, 0xD2, 0x73, 0x74, 0xBE, 0x3B, 0x7D, 0x88, 0xB6, 0x88, 0xC6, 0x97, 0x46, 0xD2, 0xF3,
    0x74, 0x25, 0x49, 0xF1, 0x6D, 0xB4, 0x3C, 0x53, 0x67, 0x27, 0x6F, 0xB4, 0x06, 0xAA, 0x80, 0x29,
    0x50, 0x0E, 0x3C, 0x08, 0xC4, 0xD9, 0x75, 0x3B, 0x5F, 0xDF, 0x4E, 0xD8, 0xF7, 0xE7, 0x78, 0xF2,
    0x03, 0xA2, 0x7C, 0x5A, 0xC1, 0x82, 0xA9, 0xBF, 0x89, 0x45, 0x93, 0x19, 0x03, 0x24, 0xF7, 0x23,
    0x3B, 0xB4, 0x64, 0xC0, 0x93, 0x1B, 0x4C, 0x81, 0x53, 0xFF, 0x59, 0xB7, 0x3C, 0x37, 0x4A, 0x35,
    0x7E, 0xBC, 0x04, 0x38, 0x5C, 0x0B, 0xE5, 0x1C, 0x91, 0x33, 0x0D, 0x42, 0xC3, 0x7B, 0x41, 0x18,
    0x01, 0x66, 0x64, 0xC5, 0xA3, 0x72, 0x09, 0x0C, 0xCA, 0x09, 0x50, 0x2B, 0x6B, 0x70, 0x4E, 0x16,
    0x39, 0xCF, 0xEC, 0xE0, 0x8B, 0xA0, 0x7F, 0x3C, 0xC9, 0x06, 0x5F, 0x9A, 0x28, 0x89, 0x64, 0x08,
    0x50, 0x2A, 0x54, 0x38, 0x79, 0x45, 0xCC, 0x4C, 0xC7, 0x72, 0x0E, 0x58, 0x5A, 0xA6, 0x11, 0xE9,
    0x73, 0xAA, 0x6C, 0x74, 0x19, 0x9B, 0xE9, 0x00, 0x91, 0x02, 0xAF, 0xDD, 0xE8, 0x00, 0x2F, 0xF8,
    0xAA, 0xA4, 0x51, 0x6C, 0xB8, 0x40, 0x61, 0xCF, 0x14, 0x01, 0x07, 0xAD, 0x12, 0xA3, 0xD6, 0x69,
    0xCE, 0xED, 0x41, 0x16, 0xCB, 0x86, 0xD1, 0x89, 0x69, 0xBC, 0xCD, 0xD5, 0x6D, 0x14, 0x16, 0x7E,
    0xB7, 0xC1, 0x5F, 0x80, 0x4D, 0xD0, 0xE2, 0xAE, 0xE0, 0xCE, 0xFD, 0xD0, 0xFB, 0x6C, 0xCE, 0xC7,
    0x11, 0x11, 0xF1, 0xE4, 0xA8, 0xA5, 0xE3, 0x39, 0x3B, 0x13, 0xB1, 0x2C, 0x99, 0x8A, 0xA0, 0xD3,
    0xD9, 0x7C, 0x0E, 0x5D, 0xCE, 0xE6, 0x71, 0xF2, 0xB3, 0xDA, 0xBB, 0xCD, 0xDD, 0x80, 0x35, 0x5E,
    0x45, 0x91, 0x84, 0x22, 0xFC, 0xB9, 0xA2, 0x41, 0xC0, 0x14, 0x8A, 0x05, 0xB1, 0xC4, 0xE9, 0x91,
    0x88, 0x59, 0xE5, 0x19, 0x11, 0x3B, 0x15, 0x3A, 0x89, 0x7A, 0x8B, 0x31, 0x60, 0x83, 0x39, 0xA0,
    0x7B, 0x7D, 0x16, 0x33, 0xBA, 0x4C, 0x3D, 0xB3, 0xCB, 0x67, 0xD6, 0x3B, 0xB3, 0x84, 0x91, 0x0D,
    0xEE, 0x85, 0x6B, 0x5B, 0x01, 0xD3, 0x72, 0x2D, 0xE9, 0x16, 0x6E, 0x8A, 0xFA, 0x6D, 0x53, 0xB1,
    0x90, 0x72, 0x1C, 0xAF, 0x81, 0x74, 0xFC, 0x05, 0x12, 0x60, 0x52, 0xB2, 0xE8, 0x95, 0x92, 0x67,
    0x45, 0x49, 0xE4, 0x2A, 0xDD, 0x6C, 0x0C, 0x1C, 0x61, 0xE7, 0xF1, 0x96, 0xC6, 0xAA, 0x09, 0x55,
    0x5A, 0x10, 0x4B, 0xA2, 0xC1, 0x91, 0xF3, 0x1A, 0x55, 0x98, 0x80, 0x7E, 0x8F, 0x86, 0x4F, 0xCA,
    0x99, 0x08, 0xC5, 0x0C, 0x5D, 0xC0, 0x84, 0x28, 0xCF, 0x8B, 0xE2, 0x9D, 0x28, 0x46, 0x6F, 0xB0,
    0x54, 0x98, 0x02, 0x5A, 0x2C, 0x01, 0x1B, 0x40, 0xC3, 0x81, 0x1F, 0x21, 0x55, 0xBF, 0xA6, 0xBE,
    0xD5, 0x7A, 0xC5, 0xEA, 0xA7, 0xFA, 0x24, 0xFB, 0xBC, 0xA2, 0x98, 0x25, 0xE0, 0xEF, 0x69, 0x43,
    0x63, 0x3B, 0xB5, 0x83, 0x32, 0xD0, 0x00, 0x20, 0x05, 0x4E, 0x80, 0xE8, 0x67, 0x45, 0x22, 0x56,
    0xF8, 0x35, 0x74, 0xA1, 0x9B, 0x2A, 0xCA, 0x19, 0xD2, 0xBF, 0x5E, 0x82, 0xE8, 0xFC, 0x92, 0xBF,
    0x0A, 0xD0, 0x6C, 0xC5, 0xB0, 0xB5, 0x6A, 0xFF, 0xDF, 0xBD, 0x30, 0xE4, 0x12, 0x6D, 0x59, 0x86,
    0xAE, 0x9A, 0x35, 0x7A, 0xC2, 0x43, 0x0C, 0x79, 0x0C, 0x26, 0x40, 0xCF, 0xCA, 0x0A, 0xD1, 0xEE,
    0xCE, 0x31, 0xEC, 0xA0, 0x50, 0xCB, 0xD6, 0x6A, 0x8B, 0xA9, 0xC4, 0x18, 0xD0, 0x62, 0x0E, 0xD8,
    0x68, 0xF3, 0x47, 0xF7, 0xA3, 0x25, 0x5F, 0xC4, 0xBD, 0x3A, 0x07, 0x6C, 0xBA, 0xEF, 0x05, 0xB4,
    0x8F, 0x0E, 0x03, 0x96, 0xD0, 0xE7, 0x19, 0xE6, 0x1D, 0x6A, 0x3C, 0x10, 0xB0, 0x98, 0x45, 0xDF,
    0x2E, 0x52, 0x85, 0x3C, 0x8E, 0xA0, 0x6F, 0x11, 0x30, 0x21, 0x8A, 0x21, 0x26, 0x5F, 0xC9, 0x03,
    0x8A, 0x9C, 0xE1, 0x4D, 0xFD, 0x7E, 0x53, 0xDC, 0x72, 0xEB, 0x48, 0x7B, 0xD9, 0x80, 0x91, 0xE3,
    0x1E, 0xD9, 0xFB, 0xFB, 0x28, 0x88, 0xDF, 0xFF, 0xE0, 0xB1, 0x51, 0xD0, 0x8D, 0xB5, 0x47, 0x7F,
    0xF2, 0x16, 0x90, 0x61, 0xB6, 0x67, 0xE4, 0xE3, 0x77, 0x4E, 0x26, 0xA2, 0x25, 0x26, 0xCF, 0x3E,
    0xAE, 0x76, 0xA0, 0xBE, 0x81, 0x19, 0x28, 0xF5, 0x22, 0xD7, 0xB2, 0x46, 0xD4, 0xCA, 0x40, 0xBD,
    0x71, 0xBF, 0x71, 0x94, 0x49, 0x23, 0x6A, 0x4A, 0x55, 0xD1, 0xF9, 0x31, 0xA2, 0x4E, 0x94, 0xC3,
    0xBD, 0xD8, 0xC0, 0x9C, 0x09, 0xBE, 0xD5, 0xF4, 0x51, 0x9A, 0xA6, 0xC7, 0x10, 0xD9, 0x76, 0x91,
    0xF3, 0x3A, 0x72, 0x80, 0xC7, 0x8C, 0xCD, 0xE4, 0xBE, 0xA2, 0xC3, 0x73, 0xAA, 0x01, 0xC5, 0x12,
    0xD0, 0x71, 0x87, 0x93, 0x80, 0xF6, 0xB7, 0x5E, 0xF1, 0xBF, 0x67, 0xC5, 0x61, 0xB5, 0x9E, 0x2E,
    0xCB, 0x4B, 0xB5, 0xBA, 0xDD, 0xC8, 0xDD, 0x3B, 0x67, 0xA7, 0xA3, 0xFB, 0x5B, 0x97, 0xC6, 0x7B,
    0xCA, 0xE5, 0xC8, 0x50, 0x61, 0x52, 0xB2, 0x58, 0x94, 0x1C, 0x90, 0x2B, 0xBD, 0x00, 0x09, 0x0D,
    0x72, 0x3F, 0x41, 0x1D, 0xC8, 0x3E, 0x22, 0x99, 0x5F, 0x91, 0xF2, 0x48, 0x92, 0x44, 0x3A, 0xC0,
    0xD1, 0x71, 0x6C, 0x3A, 0xAE, 0x50, 0x15, 0xDF, 0x15, 0xBB, 0x3F, 0x10, 0x25, 0xB9, 0x13, 0x49,
    0xAE, 0x12, 0x34, 0x8D, 0x57, 0xD0, 0x27, 0x68, 0x8B, 0x59, 0x6E, 0xC2, 0x03, 0x9C, 0x1C, 0xC7,
    0x19, 0x61, 0x16, 0x7B, 0x0E, 0x2B, 0x3E, 0x2F, 0x51, 0x17, 0x5C, 0x4C, 0x04, 0x94, 0xBF, 0x21,
    0xCA, 0xB5, 0x78, 0x53, 0xE8, 0x3E, 0x48, 0xA3, 0x9D, 0x2C, 0xD6, 0xEF, 0xD1, 0x29, 0xDE, 0xC5,
    0x10, 0xD0, 0xA2, 0x53, 0x5C, 0x25, 0xA0, 0xF1, 0xDA, 0x0A, 0x35, 0x97, 0x80, 0x78, 0x08, 0x9A,
    0x48, 0x40, 0x21, 0x6A, 0xD0, 0x3E, 0x31, 0x68, 0x67, 0x83, 0x2F, 0x21, 0x80, 0xE5, 0xDC, 0x35,
    0xC7, 0x18, 0x16, 0x9D, 0x5E, 0x07, 0x35, 0x3A, 0xF3, 0x1B, 0x46, 0x4A, 0xDC, 0xA7, 0x31, 0xD0,
    0xF2, 0x7B, 0x29, 0x20, 0x92, 0xF1, 0x13, 0xCF, 0xE8, 0x53, 0x1B, 0x2B, 0x19, 0xFA, 0xF8, 0x77,
    0x56, 0x44, 0x3E, 0x2A, 0x60, 0xEA, 0xAE, 0xA5, 0xFD, 0xA8, 0x21, 0xDD, 0xAA, 0x35, 0x2A, 0x48,
    0xB0, 0x98, 0x6D, 0x0A, 0xA0, 0x25, 0x91, 0xCC, 0xEA, 0xC0, 0x59, 0xA0, 0x5C, 0x68, 0x6A, 0xD5,
    0x44, 0x32, 0x63, 0x20, 0x33, 0x1E, 0xF8, 0x40, 0xD5, 0x2C, 0x12, 0x17, 0x4C, 0x4A, 0x19, 0x06,
    0xA5, 0x04, 0xB3, 0x92, 0xD8, 0x91, 0x54, 0x0C, 0x24, 0x69, 0x45, 0xDE, 0x6C, 0xAE, 0x16, 0xCB,
    0x65, 0xA8, 0xA2, 0x43, 0xC0, 0x1C, 0x8A, 0x25, 0xD1, 0xE0, 0x28, 0xA0, 0x9D, 0x44, 0xD1, 0x6F,
    0xE8, 0x02, 0x8E, 0x29, 0x06, 0x2E, 0x6E, 0xF9, 0x65, 0xC0, 0x8C, 0x28, 0x0E, 0x8D, 0x96, 0xF6,
    0x80, 0xBE, 0x59, 0xF6, 0xD8, 0x2C, 0x09, 0xE0, 0x53, 0xE0, 0x87, 0x81, 0x72, 0xE0, 0x17, 0x81,
    0x0A, 0x9A, 0xDC, 0x50, 0xCE, 0xD5, 0xCC, 0x05, 0x58, 0xA9, 0x94, 0xE3, 0x45, 0xA5, 0x0C, 0x3F,
    0x56, 0x12, 0xF7, 0x05, 0xD2, 0x41, 0x35, 0x05, 0x3A, 0x68, 0x9B, 0x31, 0x90, 0x39, 0x85, 0x0F,
    0x64, 0x81, 0x2E, 0x3A, 0x0B, 0xE1, 0xDD, 0xA4, 0x54, 0x45, 0x4A, 0x8E, 0x57, 0x25, 0xC9, 0x51,
    0x2B, 0xA5, 0xE8, 0x94, 0x04, 0x9E, 0x64, 0x5B, 0xD2, 0x27, 0xCF, 0xF4, 0x32, 0x5C, 0xC1, 0xBE,
    0x44, 0xC7, 0x65, 0xBB, 0x57, 0x5C, 0x67, 0xC5, 0x79, 0x25, 0xDA, 0x2F, 0x29, 0x56, 0x6F, 0x28,
    0x6A, 0x10, 0x56, 0x2C, 0x59, 0xC0, 0xFC, 0x9C, 0x05, 0x26, 0x67, 0xE3, 0x92, 0x16, 0x18, 0x87,
    0xDC, 0xB5, 0xF8, 0xA6, 0xF6, 0x12, 0x67, 0x80, 0x8B, 0x74, 0xF0, 0x34, 0xC9, 0xFC, 0x76, 0x55,
    0xB2, 0x88, 0xE1, 0xC2, 0x66, 0x36, 0x91, 0x2A, 0x1C, 0x2B, 0x95, 0x8B, 0x7C, 0xD1, 0x71, 0x1A,
    0x89, 0xA6, 0xD1, 0x29, 0x89, 0xF3, 0x24, 0xBB, 0x90, 0x4A, 0xD4, 0xE7, 0x6A, 0x90, 0x39, 0xD2,
    0xA7, 0x76, 0x7A, 0x59, 0x2E, 0x41, 0x8C, 0xEB, 0x6E, 0x1D, 0xA1, 0x66, 0x3C, 0x57, 0x28, 0x94,
    0x84, 0xF5, 0xE8, 0x68, 0x0B, 0xAE, 0xE7, 0x67, 0x6A, 0xC9, 0x77, 0x01, 0x5B, 0x9D, 0x71, 0x1E,
    0xC2, 0x89, 0xF6, 0xB2, 0x58, 0x8E, 0x60, 0x05, 0xA7, 0xB7, 0xE8, 0x0A, 0xD4, 0x26, 0x7C, 0x32,
    0x25, 0x22, 0x0C, 0xEB, 0x2C, 0x0F, 0x32, 0x38, 0x52, 0x78, 0x06, 0x94, 0xC8, 0x63, 0x16, 0x4B,
    0x22, 0xCD, 0x20, 0x24, 0x9A, 0x30, 0xC9, 0xAD, 0x59, 0xEC, 0x88, 0x37, 0xB6, 0x30, 0x03, 0xE8,
    0x54, 0x25, 0xA7, 0xE8, 0xCD, 0x94, 0xA1, 0x6B, 0x06, 0x1E, 0x1F, 0x58, 0x6F, 0x7D, 0xB6, 0xD1,
    0xCA, 0xC1, 0x55, 0x42, 0x9A, 0x41, 0x3D, 0xFA, 0xEB, 0xE8, 0xB7, 0xBF, 0xDB, 0x4A, 0x11, 0x87,
    0x14, 0xB3, 0xD6, 0xA0, 0xA7, 0x38, 0xE2, 0x16, 0x89, 0x46, 0xDC, 0x05, 0x2A, 0x81, 0x21, 0x50,
    0x15, 0x2E, 0xC0, 0x9B, 0x50, 0x1C, 0x83, 0x34, 0xA3, 0x54, 0x4E, 0xBC, 0x2B, 0xA2, 0xA1, 0xA6,
    0xC0, 0x11, 0x48, 0x08, 0x54, 0x46, 0xB2, 0x6B, 0xA3, 0xD4, 0xF8, 0xE4, 0xCB, 0x54, 0x89, 0x08,
    0xC9, 0x0C, 0x4A, 0x3D, 0xCD, 0xDD, 0x9D, 0x62, 0xA6, 0x81, 0x93, 0x4A, 0x60, 0x64, 0x61, 0x54,
    0xA9, 0xDC, 0x3A, 0xF6, 0x4A, 0x52, 0x8E, 0xB2, 0x77, 0xAF, 0x92, 0x8D, 0xA4, 0x54, 0x01, 0x4C,
    0xF5, 0xB5, 0xB4, 0xDF, 0xEE, 0x22, 0x7D, 0xF5, 0xE8, 0x08, 0x81, 0x00, 0x04, 0x4A, 0x2F, 0x90,
    0xDC, 0x05, 0xDF, 0x09, 0x3A, 0xA7, 0xD4, 0x44, 0xB2, 0x43, 0xA0, 0xAA, 0x77, 0x4A, 0x36, 0x68,
    0x58, 0x09, 0xE8, 0x22, 0x49, 0xA0, 0x12, 0x93, 0x92, 0xB8, 0x81, 0x54, 0x4D, 0xA4, 0x62, 0x8D,
    0x62, 0x46, 0x92, 0x91, 0xC8, 0xF4, 0xB6, 0x37, 0x94, 0xAA, 0x9B, 0xB6, 0x92, 0x88, 0x79, 0x34,
    0xF0, 0xF5, 0xFA, 0xD0, 0x25, 0x07, 0x70, 0x11, 0x1D, 0x98, 0xAE, 0x23, 0xCA, 0xCA, 0x1E, 0x4A,
    0x8F, 0x8E, 0x02, 0xBD, 0x9C, 0xD3, 0xB6, 0x7D, 0x49, 0x9A, 0x48, 0xC5, 0x9C, 0x22, 0xBC, 0xCB,
    0x20, 0xAE, 0x83, 0xEE, 0xA0, 0x34, 0x81, 0x44, 0x4D, 0x2F, 0x90, 0x2A, 0x26, 0x50, 0x49, 0xE2,
    0x91, 0x0C, 0x3A, 0x75, 0x95, 0x4A, 0x9A, 0x62, 0x9C, 0x8B, 0xCB, 0xF4, 0x98, 0x25, 0x5E, 0x05,
    0x04, 0x6C, 0x88, 0x20, 0xB2, 0xB8, 0x0D, 0xDD, 0x7E, 0x71, 0x97, 0x16, 0x50, 0x67, 0xD5, 0xD7,
    0xD5, 0xC5, 0x65, 0x5D, 0xCA, 0x86, 0xCB, 0xDD, 0xDD, 0xE9, 0xE1, 0x72, 0x1E, 0x6F, 0x8E, 0x9A,
    0x92, 0xC3, 0x18, 0x2F, 0x99, 0xCB, 0xF1, 0xD2, 0xEB, 0x01, 0x2D, 0xBC, 0xE2, 0x2F, 0xDF, 0x52,
    0xBC, 0x74, 0xEC, 0x55, 0x0B, 0xE6, 0x5D, 0xED, 0x8E, 0x71, 0xEB, 0x8E, 0x8C, 0xDD, 0xB1, 0x08,
    0xDA, 0xB3, 0x5E, 0x11, 0x74, 0x4D, 0x1F, 0xC8, 0x5D, 0xE8, 0x95, 0x02, 0xFA, 0x89, 0x24, 0x58,
    0x45, 0xE9, 0xCF, 0x9E, 0x55, 0x2A, 0x07, 0x47, 0xF2, 0xD8, 0xDD, 0xF1, 0xDD, 0x1D, 0xD1, 0x64,
    0x5A, 0x92, 0xED, 0xCE, 0xDF, 0xDD, 0x52, 0x78, 0x6B, 0xA1, 0xCD, 0xAC, 0xE8, 0xC0, 0xD0, 0x06,
    0x2F, 0x69, 0x68, 0xF3, 0xD2, 0xBF, 0x07, 0xE4, 0x29, 0x9F, 0xF1, 0x69, 0x9C, 0xC7, 0xF0, 0xB6,
    0x43, 0x9B, 0x1B, 0x27, 0xFA, 0xB8, 0x9B, 0x73, 0x11, 0xBF, 0x5D, 0x2B, 0xAA, 0x2E, 0xA9, 0xAF,
    0xB3, 0xB5, 0xC8, 0x09, 0xC6, 0x80, 0xAD, 0x99, 0x74, 0x78, 0xD1, 0x83, 0xD5, 0xF4, 0x39, 0x12,
    0x50, 0x3E, 0xB3, 0xD5, 0x65, 0xC6, 0xFD, 0x60, 0xC2, 0xC0, 0x27, 0xDD, 0xE6, 0x75, 0x0E, 0x18,
    0xED, 0x6A, 0x7C, 0x8E, 0x29, 0x66, 0x2C, 0x96, 0x98, 0x61, 0xCC, 0xCB, 0x4C, 0x8C, 0x7A, 0x45,
    0x9A, 0x18, 0xF7, 0x0A, 0x23, 0x5F, 0x66, 0x2A, 0x06, 0xBD, 0x4F, 0x88, 0xA4, 0xBF, 0x40, 0x1D,
    0x0D, 0x3C, 0x61, 0x66, 0x8C, 0x11, 0x30, 0x30, 0x0B, 0x65, 0xC5, 0xF1, 0x1A, 0x33, 0x73, 0xBE,
    0x65, 0xA6, 0x0C, 0x5B, 0x24, 0x9C, 0xAD, 0x5B, 0x2C, 0xAC, 0xAF, 0x18, 0x0D, 0x97, 0xF3, 0x16,
    0x0F, 0x9B, 0x79, 0x8B, 0x81, 0xAB, 0x71, 0xCB, 0xA4, 0x7E, 0xCB, 0xB0, 0x2B, 0x9B, 0xC1, 0x0D,
    0xCD, 0x60, 0xA8, 0xA3, 0xF0, 0x5B, 0xFD, 0x44, 0x1A, 0xF3, 0xB3, 0xD1, 0x55, 0xFF, 0x36, 0xD9,
    0xAF, 0xEB, 0xF1, 0x82, 0xF1, 0x2A, 0x54, 0x0E, 0xD4, 0xE2, 0xA8, 0xF0, 0x33, 0x83, 0x2C, 0x7B,
    0xEB, 0xF5, 0xA7, 0xEC, 0x45, 0x2E, 0xDF, 0x3F, 0x51, 0x8B, 0xD3, 0x70, 0xA5, 0xB5, 0x18, 0xEE,
    0xB9, 0x49, 0x27, 0xE8, 0x74, 0x8D, 0xCE, 0xCF, 0xD2, 0x32, 0x5D, 0x67, 0xA9, 0x45, 0x0D, 0xC1,
    0xE1, 0xB3, 0x70, 0x15, 0x7A, 0x2D, 0xD1, 0x5F, 0x66, 0x74, 0x1A, 0xA3, 0x08, 0xB6, 0xC3, 0xD1,
    0x1C, 0x5E, 0x04, 0x53, 0x29, 0x66, 0x76, 0x6D, 0xB9, 0xB8, 0x3E, 0x5F, 0xEC, 0x58, 0x2C, 0x15,
    0x8E, 0x79, 0xAA, 0x93, 0x02, 0x5E, 0x6B, 0xD3, 0x8D, 0xB8, 0x03, 0xA8, 0x7D, 0xA1, 0x56, 0x63,
    0x37, 0x80, 0xFF, 0xFF, 0xD2, 0x78, 0x76, 0x20, 0x5B, 0x6C, 0x26, 0x86, 0x8C, 0x07, 0xF0, 0x02,
    0x0C, 0x02, 0xB4, 0x82, 0x45, 0x24, 0xFA, 0x92, 0x1B, 0x2F, 0x53, 0xBB, 0xCE, 0xF5, 0xAE, 0x33,
    0xB5, 0xEC, 0xC6, 0xA9, 0x00, 0x18, 0x76, 0xD7, 0x66, 0x1C, 0xDC, 0xC5, 0xE2, 0xF1, 0xEE, 0xA2,
    0xBD, 0x20, 0xD8, 0x76, 0x41, 0xF3, 0x55, 0x1F, 0x96, 0x93, 0x54, 0x5E, 0x4C, 0xBF, 0x1B, 0x46,
    0x4E, 0x03, 0xA9, 0xD8, 0xE7, 0xAA, 0xE6, 0xA0, 0x6E, 0xAA, 0x5D, 0xD5, 0x2F, 0x55, 0xCF, 0xEE,
    0x10, 0x3D, 0xF4, 0x75, 0x0C, 0x2D, 0x86, 0x12, 0x98, 0xCC, 0xEA, 0xE6, 0xD0, 0xEE, 0x55, 0xA7,
    0xF3, 0x66, 0x88, 0x97, 0xF5, 0x7A, 0x15, 0x6B, 0x78, 0xB7, 0x94, 0xC0, 0x9C, 0x45, 0x67, 0xD2,
    0xAA, 0xB7, 0x4D, 0xB9, 0xF1, 0x16, 0xE3, 0x46, 0x4E, 0x85, 0x1D, 0xDA, 0x0D, 0x3B, 0xF7, 0xD3,
    0x18, 0xF6, 0x17, 0x5C, 0xF7, 0x8F, 0x62, 0xD0, 0x53, 0xDD, 0x5C, 0xFA, 0x73, 0xDF, 0xDB, 0xF3,
    0xB0, 0x4C, 0xFB, 0x4E, 0x72, 0xB0, 0x21, 0xE4, 0x74, 0x65, 0x3C, 0x79, 0xC0, 0x71, 0x03, 0x31,
    0x8C, 0x39, 0x54, 0xCF, 0xCE, 0x47, 0xFD, 0x56, 0xBC, 0x6E, 0x87, 0xBC, 0x2E, 0x56, 0xF1, 0x6B,
    0xFA, 0x84, 0xCE, 0x01, 0x3C, 0xB7, 0x4F, 0x5D, 0x4F, 0x65, 0xF1, 0x33, 0x35, 0xD3, 0x0C, 0x7A,
    0xD5, 0x8C, 0xB7, 0x84, 0xB6, 0xB9, 0xEB, 0x43, 0xD9, 0xFA, 0xB0, 0x0F, 0x7D, 0x38, 0xC4, 0x3F,
    0x72, 0x43, 0x7A, 0x8C, 0x2E, 0x07, 0x37, 0x8C, 0x25, 0x5C, 0x5D, 0x72, 0x9F, 0xFD, 0xAB, 0x05,
    0x8E, 0xB6, 0x35, 0x23, 0xBC, 0xF3, 0x40, 0xAC, 0x53, 0xDB, 0x5D, 0xE1, 0x35, 0x91, 0xCB, 0x75,
    0xE6, 0xDD, 0x6E, 0x9B, 0xF7, 0x56, 0x28, 0x3A, 0x45, 0xF8, 0xE0, 0x02, 0x34, 0x1A, 0x2F, 0xA9,
    0xA6, 0xA5, 0x5A, 0x0D, 0xB7, 0xE5, 0xB8, 0x81, 0xD5, 0xB2, 0x37, 0xE2, 0x01, 0x6C, 0x81, 0x66,
    0x64, 0x20, 0x1F, 0xEA, 0x2D, 0x02, 0xF8, 0x00, 0xBC, 0x2D, 0x81, 0xFD, 0x5F, 0xF4, 0xDC, 0xFD,
    0x13, 0x79, 0xA0, 0x96, 0xC0, 0xA0, 0x51, 0xEF, 0x0C, 0x24, 0x2E, 0xAB, 0xD4, 0x36, 0x19, 0x30,
    0x1C, 0xEA, 0xF9, 0xC3, 0x1C, 0x20, 0x46, 0x66, 0x5A, 0x79, 0x00, 0x83, 0x63, 0xC4, 0xF2, 0x32,
    0x80, 0x2E, 0x74, 0x16, 0x49, 0xFE, 0x22, 0x80, 0x64, 0x8B, 0xC2, 0xAA, 0x80, 0x00, 0xA9, 0x02,
    0x35, 0x28, 0x3F, 0x17, 0xED, 0xFE, 0x22, 0xAA, 0xAE, 0xB3, 0x40, 0xEB, 0x7C, 0xD4, 0x40, 0xA3,
    0x5A, 0x38, 0x7D, 0x46, 0x4B, 0xE4, 0x65, 0x00, 0xB1, 0xEB, 0xDF, 0x0A, 0xDF, 0x77, 0x49, 0xB8,
    0x8C, 0x6F, 0x06, 0x3B, 0xD9, 0xD5, 0xCD, 0x06, 0xEA, 0xCE, 0x38, 0x3C, 0x07, 0x8D, 0xBC, 0x18,
    0x76, 0x45, 0xDD, 0x69, 0x9F, 0xB5, 0x7F, 0x58, 0x9F, 0xED, 0x4A, 0xF5, 0x0A, 0xDD, 0x2D, 0x0D,
    0x94, 0xD4, 0xF4, 0x5E, 0xC5, 0x2C, 0xEE, 0x5F, 0x01, 0xC1, 0x8B, 0x6B, 0x80, 0x97, 0xBC, 0xAB,
    0xF1, 0xA2, 0x6F, 0x5A, 0x7C, 0x73, 0x0E, 0xF0, 0x02, 0xD0, 0xE2, 0x87, 0x01, 0x5C, 0xD7, 0xA0,
    0x6D, 0xFA, 0x03, 0x8D, 0x5A, 0xB8, 0x05, 0x77, 0xBC, 0x9E, 0x35, 0xD5, 0xB3, 0x09, 0xE7, 0xFF,
    0xBF, 0xF9, 0xAF, 0x45, 0x92, 0xCD, 0x31, 0x70, 0x1D, 0x18, 0xF2, 0x9C, 0x29, 0x06, 0x29, 0xF8,
    0x28, 0xAA, 0xD3, 0x8E, 0x54, 0x26, 0x1B, 0x8B, 0x8E, 0x7C, 0xE8, 0x7C, 0xEA, 0xED, 0x7A, 0xAC,
    0x0D, 0x52, 0x5F, 0x31, 0x6A, 0x37, 0x6A, 0x74, 0x9B, 0x70, 0x39, 0xB7, 0xD2, 0x57, 0x34, 0x00,
    0xC7, 0x37, 0x3A, 0xDB, 0xEB, 0xE5, 0x14, 0x7F, 0x43, 0xE5, 0x31, 0xAA, 0xCB, 0x28, 0x11, 0xCF,
    0xA3, 0xB6, 0xA0, 0x1D, 0xB4, 0xC7, 0x8B, 0x17, 0x86, 0x38, 0x2D, 0x24, 0x35, 0xBA, 0x6A, 0xBC,
    0xE9, 0x72, 0xA7, 0x6E, 0xE4, 0x06, 0x7F, 0xB8, 0xF2, 0x70, 0xC9, 0x93, 0xBA, 0xF5, 0x6F, 0xC6,
    0xDB, 0x1A, 0x37, 0x0C, 0xD6, 0xBB, 0x5F, 0x61, 0xD8, 0x6C, 0xB7, 0x36, 0x58, 0x24, 0x71, 0x5B,
    0x55, 0xD5, 0x4C, 0xEB, 0x61, 0xCF, 0x67, 0xAA, 0x73, 0x06, 0xB1, 0x47, 0x74, 0x48, 0xE7, 0xE0,
    0x6B, 0x38, 0x39, 0xE2, 0x38, 0x65, 0x67, 0x45, 0x88, 0x33, 0x0D, 0x6F, 0x17, 0x05, 0xFD, 0x27,
    0xEA, 0x02, 0x6C, 0x18, 0x56, 0xBA, 0x34, 0x91, 0xE4, 0x6B, 0x01, 0x24, 0x23, 0xAC, 0x67, 0x1B,
    0x7E, 0x9F, 0x51, 0xB8, 0x2B, 0xD2, 0xA6, 0xA8, 0xD3, 0x31, 0x51, 0x57, 0xF4, 0x30, 0x2E, 0x84,
    0x24, 0xC0, 0x2A, 0x46, 0x4B, 0xB1, 0x7E, 0xFB, 0x37, 0xC1, 0xF3, 0xC0, 0xE9, 0x05, 0xDF, 0xAD,
    0xCF, 0xC6, 0x03, 0x44, 0x08, 0xB7, 0x42, 0x01, 0x9B, 0xC1, 0x66, 0x67, 0x20, 0x4F, 0x0A, 0xD3,
    0x9D, 0x48, 0xF2, 0xF1, 0xF5, 0x23, 0xE4, 0xCC, 0xC3, 0xB4, 0xCC, 0x8C, 0xAB, 0xED, 0x98, 0x99,
    0xEF, 0x58, 0x3E, 0x49, 0x91, 0x40, 0x98, 0x80, 0x95, 0xCC, 0x85, 0xB1, 0xC8, 0x81, 0x2A, 0xB6,
    0x65, 0xF5, 0x10, 0xA6, 0x4A, 0xFB, 0xFC, 0x19, 0xB6, 0x1C, 0x5D, 0xC9, 0xA3, 0x68, 0x51, 0x0D,
    0xCF, 0xF4, 0xC3, 0x5D, 0xFC, 0xFB, 0x04, 0xAF, 0xE2, 0x75, 0xE8, 0x03, 0x7C, 0x93, 0x1B, 0xE3,
    0x9D, 0x43, 0x39, 0x6B, 0xE4, 0x1D, 0x32, 0xCD, 0x24, 0x21, 0x33, 0x3C, 0x1F, 0xF7, 0x8C, 0x2A,
    0x9D, 0x6D, 0xFE, 0x25, 0x43, 0xCD, 0x6D, 0x9A, 0xF2, 0x18, 0xAA, 0x2D, 0x0D, 0xFB, 0x56, 0x1E,
    0xE8, 0x0E, 0x2C, 0x19, 0x27, 0xE8, 0x2B, 0xAD, 0x4B, 0xAD, 0x4B, 0xBE, 0x1C, 0xC5, 0x10, 0xA6,
    0x14, 0x33, 0x59, 0xB8, 0xC6, 0xE2, 0x83, 0x3A, 0x7C, 0x6A, 0x31, 0xB9, 0xCF, 0xCF, 0x6B, 0xA2,
    0xBF, 0xEE, 0xE9, 0x59, 0x4F, 0x8F, 0x30, 0xE4, 0x1C, 0xD4, 0xF7, 0x1E, 0xD8, 0xE1, 0xAD, 0xFD,
    0xDC, 0x7B, 0xC0, 0x6F, 0xDF, 0xD5, 0x9F, 0xF7, 0xEB, 0x7F, 0x12, 0x24, 0x53, 0xFC, 0x4F, 0x82,
    0x6C, 0x0D, 0xBC, 0x33, 0x25, 0xE5, 0x35, 0x72, 0x32, 0xCB, 0x3E, 0xBD, 0x8F, 0xFF, 0xD3, 0x20,
    0xF3, 0x0D, 0xB9, 0x98, 0xE3, 0x7F, 0x1A, 0x94, 0x9B, 0xDC, 0xC5, 0xC6, 0xD9, 0x28, 0xE7, 0xD3,
    0x7B, 0xFA, 0x9F, 0x08, 0xC9, 0xA4, 0x98, 0x2D, 0xC4, 0x75, 0x43, 0x11, 0x7D, 0x7E, 0x96, 0xFE,
    0x07, 0xD5, 0x9B, 0x3F, 0xAC, 0xE4, 0xD6, 0x75, 0xC6, 0x0F, 0x49, 0xEF, 0xD2, 0x0E, 0x03, 0x53,
    0x01, 0xB4, 0x86, 0x23, 0x09, 0xA0, 0x0A, 0x15, 0x01, 0x52, 0xB0, 0x0F, 0x02, 0xDD, 0x81, 0x84,
    0x40, 0x65, 0xB6, 0x58, 0x29, 0x90, 0x52, 0x48, 0x01, 0x14, 0x20, 0x51, 0x23, 0xF7, 0x08, 0xC4,
    0x71, 0x54, 0xA4, 0x70, 0xB1, 0x2A, 0x9C, 0x26, 0x69, 0x54, 0xA8, 0xB0, 0x46, 0x08, 0x9E, 0xD3,
    0xB9, 0x88, 0x44, 0x7A, 0x55, 0xA4, 0x14, 0x25, 0x95, 0x2E, 0x4C, 0xC7, 0x45, 0x80, 0xDD, 0x62,
    0x89, 0x2C, 0x05, 0x53, 0x4F, 0x24, 0xBF, 0x9C, 0xEF, 0x9C, 0xD1, 0xBC, 0xD9, 0x79, 0xFB, 0x76,
    0x57, 0xF0, 0x3E, 0xEF, 0xEA, 0xEC, 0xE3, 0xEF, 0xBB, 0xBC, 0xC3, 0xE1, 0x9F, 0xFB, 0xEF, 0xDC,
    0x73, 0x87, 0x0B, 0xB3, 0xE9, 0x4E, 0x32, 0x8A, 0x5A, 0x02, 0xD2, 0xE5, 0x8F, 0x36, 0x1F, 0x40,
    0xB2, 0xA6, 0x04, 0x20, 0x55, 0x13, 0x28, 0xA1, 0x33, 0x29, 0xFB, 0x6C, 0xD1, 0xCF, 0xF2, 0x31,
    0x41, 0x02, 0xC9, 0xA6, 0x88, 0x92, 0x20, 0xC2, 0xF3, 0x90, 0x08, 0x37, 0x28, 0x52, 0x83, 0x99,
    0x52, 0x62, 0xA1, 0xA4, 0x18, 0x28, 0x72, 0x69, 0xB5, 0x7F, 0x85, 0xB7, 0x5C, 0xB0, 0x62, 0x4E,
    0x84, 0x35, 0x85, 0x7B, 0xB4, 0x8F, 0xE4, 0xC4, 0x2A, 0xA8, 0xAD, 0x4F, 0x91, 0x07, 0x56, 0xAD,
    0x48, 0xF4, 0x4A, 0xAD, 0x2C, 0x01, 0x65, 0x6D, 0x84, 0xF3, 0xFA, 0x66, 0xAD, 0xFC, 0xF1, 0x15,
    0xB1, 0x1C, 0x4D, 0x07, 0xA0, 0x17, 0xC9, 0xF9, 0xB0, 0x71, 0x72, 0x5C, 0x4F, 0x92, 0xB5, 0x92,
    0x4F, 0x92, 0x2F, 0x52, 0x4C, 0x52, 0x82, 0xF9, 0xA9, 0xB2, 0xB7, 0xF3, 0x34, 0x22, 0x17, 0xB1,
    0xC8, 0x81, 0x95, 0x2B, 0xB2, 0x6A, 0xC8, 0xBA, 0xF5, 0xF4, 0x49, 0x3E, 0x0D, 0xB4, 0xF5, 0x69,
    0xF2, 0x11, 0x79, 0xD0, 0x4B, 0x64, 0x09, 0x65, 0x0C, 0x32, 0x33, 0xE6, 0x38, 0xDE, 0x68, 0xF6,
    0x22, 0x2F, 0x8A, 0x84, 0x31, 0x43, 0x2B, 0xA1, 0x0F, 0x18, 0x94, 0x15, 0x26, 0x65, 0x7D, 0x63,
    0x92, 0x72, 0xA8, 0x93, 0x59, 0xF2, 0xA9, 0x4E, 0x27, 0xBB, 0xCF, 0xC9, 0xCE, 0x30, 0x58, 0x01,
    0xB5, 0xBC, 0xDB, 0x59, 0x0E, 0xEC, 0xAD, 0xBD, 0x22, 0xC5, 0x7A, 0x97, 0x66, 0xFE, 0xFE, 0xDD,
    0x36, 0xA7, 0x29, 0x22, 0xA1, 0x97, 0xD3, 0xBC, 0xB0, 0xD9, 0xD4, 0xBD, 0x95, 0x55, 0x2F, 0x61,
    0x8F, 0x25, 0x98, 0x9F, 0x63, 0xA5, 0xC7, 0x24, 0xB0, 0xE3, 0x3F, 0x3A, 0x75, 0x86, 0xB7, 0x8C,
    0x3C, 0x86, 0xD5, 0xED, 0xE9, 0x83, 0xCA, 0x86, 0xDB, 0xEA, 0x0C, 0x65, 0x75, 0xB1, 0xCE, 0xEF,
    0xA8, 0x9F, 0x5E, 0x76, 0x05, 0x56, 0x5B, 0x6D, 0xB7, 0xDA, 0x4B, 0x36, 0x0B, 0x96, 0x7A, 0x90,
    0x14, 0x1F, 0xA0, 0x2F, 0x46, 0x49, 0xD8, 0x46, 0xF2, 0x51, 0x22, 0xAA, 0xEE, 0x4B, 0x50, 0x2D,
    0x07, 0x91, 0xE8, 0xA7, 0x55, 0xEB, 0x77, 0x5C, 0xB5, 0xE8, 0x44, 0x78, 0xFE, 0xD0, 0x48, 0xB2,
    0xA8, 0xA6, 0x2B, 0x49, 0x60, 0xD7, 0xE3, 0xBE, 0xDB, 0x44, 0x1C, 0xDC, 0x7F, 0x7F, 0x8A, 0x9D,
    0x54, 0xBC, 0x9A, 0x84, 0xFE, 0x84, 0x35, 0xF9, 0x24, 0x3A, 0x65, 0x40, 0x43, 0x2E, 0xA2, 0x2C,
    0x7B, 0x29, 0x46, 0xBB, 0x6F, 0xA5, 0xDE, 0xAD, 0xDD, 0xAB, 0x52, 0x9C, 0x25, 0x6E, 0x2A, 0xA3,
    0xD7, 0x73, 0xA5, 0x08, 0xF9, 0x21, 0x19, 0x83, 0xF4, 0xDE, 0x15, 0x1B, 0x65, 0xBE, 0xED, 0xAE,
    0xE6, 0xBD, 0x6D, 0xF2, 0xD6, 0x80, 0x86, 0xDB, 0xC5, 0x15, 0x9A, 0xF2, 0x77, 0x58, 0x07, 0x40,
    0x02, 0x16, 0x29, 0xC1, 0xEB, 0xB6, 0x92, 0x41, 0x24, 0xB1, 0x43, 0x7A, 0x91, 0x30, 0x09, 0x2B,
    0x37, 0x4A, 0xD0, 0xE6, 0x1D, 0x9A, 0xA2, 0x0F, 0x92, 0x77, 0xDF, 0x95, 0x68, 0x25, 0x02, 0xB3,
    0xE5, 0x8E, 0x62, 0xC5, 0xD8, 0x91, 0x26, 0x17, 0x2E, 0x9B, 0xD4, 0x4B, 0xE2, 0x4F, 0x75, 0x93,
    0x15, 0x0A, 0x5A, 0x53, 0xE0, 0x08, 0xC7, 0x68, 0xCB, 0x31, 0x41, 0x53, 0x75, 0xA1, 0x8F, 0xC1,
    0x0E, 0xD0, 0x27, 0x5B, 0x59, 0x54, 0xCA, 0x21, 0x87, 0x7E, 0xBF, 0x58, 0x6A, 0xDC, 0x40, 0xBB,
    0xFD, 0xDE, 0xF6, 0x2C, 0x52, 0x23, 0xC6, 0x64, 0x57, 0xF8, 0xC1, 0x4A, 0x4E, 0x6C, 0x34, 0x26,
    0x8B, 0x0B, 0xF6, 0xF7, 0xA2, 0xE9, 0x9E, 0xB5, 0xD6, 0x5B, 0x27, 0xE7, 0x59, 0xC9, 0x7A, 0x51,
    0xA6, 0x20, 0x73, 0xE5, 0xA7, 0xAF, 0x97, 0xF8, 0x8F, 0x1A, 0x53, 0x18, 0x84, 0xEC, 0xB7, 0xC4,
    0xF2, 0xB3, 0x30, 0x24, 0xE8, 0xA4, 0x5C, 0x8E, 0xC0, 0x23, 0xA1, 0x4C, 0x8D, 0x82, 0xE5, 0xE4,
    0x6C, 0x22, 0x3B, 0x82, 0x36, 0x9E, 0xA6, 0x64, 0x93, 0x3C, 0x2E, 0x92, 0xCE, 0x29, 0x1A, 0x49,
    0x97, 0x02, 0x4D, 0xF6, 0x93, 0x39, 0xA0, 0x29, 0x31, 0x55, 0xC7, 0xEB, 0x80, 0xA9, 0x6E, 0x24,
    0x60, 0x30, 0xB6, 0xD5, 0xF1, 0x2F, 0x0A, 0x88, 0x66, 0xE6, 0x93, 0x14, 0x98, 0x6C, 0x44, 0x1E,
    0x23, 0x74, 0xF2, 0xA7, 0x2B, 0xA9, 0x97, 0x95, 0xFC, 0x97, 0x14, 0x56, 0x23, 0x89, 0x12, 0x36,
    0x64, 0x4C, 0x22, 0xB1, 0x8D, 0x4E, 0xD3, 0xF6, 0x8F, 0xC7, 0xAF, 0x77, 0x7F, 0x29, 0x9B, 0xC4,
    0xF6, 0xAF, 0xC4, 0x3A, 0xC7, 0x2A, 0x01, 0xBB, 0x2A, 0x5B, 0xF3, 0xED, 0x68, 0x85, 0x1D, 0x47,
    0xCA, 0x9E, 0x18, 0xAF, 0xB0, 0xA5, 0xCC, 0x22, 0x29, 0x91, 0xF0, 0x2A, 0x19, 0x7E, 0x66, 0x1D,
    0xD3, 0xF0, 0x43, 0xDD, 0xDD, 0xCC, 0x76, 0x1B, 0x12, 0x6F, 0x6F, 0x85, 0xDD, 0xEE, 0xEF, 0xAD,
    0x16, 0xA6, 0x43, 0x9C, 0xD8, 0x13, 0x9B, 0xCD, 0x3B, 0x36, 0x82, 0x13, 0x9D, 0xE3, 0x89, 0x7A,
    0x59, 0x6F, 0x5B, 0x58, 0xDD, 0xC4, 0x6B, 0xA9, 0xDB, 0xAC, 0x95, 0xFA, 0xB8, 0xEE, 0xFD, 0xC0,
    0x82, 0xC3, 0x6E, 0x82, 0xD9, 0x3C, 0x8F, 0xC0, 0xAC, 0xBF, 0x93, 0x74, 0x72, 0x49, 0xE4, 0x0A,
    0x6F, 0x77, 0xC8, 0x75, 0x27, 0xC7, 0x10, 0xC0, 0x5E, 0xD9, 0x03, 0xB3, 0x84, 0xE5, 0x5D, 0xDC,
    0xB4, 0x21, 0x0D, 0xCF, 0x53, 0x2E, 0xE3, 0x39, 0xB0, 0x88, 0xF1, 0x19, 0x24, 0xC5, 0x14, 0x6E,
    0xF1, 0x41, 0xA6, 0xE2, 0xB7, 0x2C, 0xF1, 0xF7, 0xA2, 0xAB, 0xB3, 0xA4, 0xB3, 0x75, 0x98, 0x14,
    0x72, 0x11, 0xBD, 0x17, 0x78, 0x2B, 0x11, 0xC5, 0x9D, 0xD9, 0xA8, 0x92, 0x62, 0xD9, 0xF6, 0x9D,
    0xE9, 0x76, 0x8C, 0xB2, 0x33, 0xFA, 0xE0, 0xF7, 0xCD, 0x03, 0x9B, 0xFF, 0x35, 0xEF, 0x4B, 0xDF,
    0xFB, 0x7E, 0x3E, 0xBA, 0xDF, 0x75, 0xAF, 0xBB, 0xA2, 0xCF, 0x5D, 0x49, 0x0D, 0xF7, 0xB7, 0xE6,
    0x6D, 0x4F, 0x9E, 0xB8, 0xBF, 0x03, 0xB7, 0xB5, 0xF1, 0x83, 0x23, 0x65, 0x02, 0x28, 0x73, 0x63,
    0xE9, 0x5C, 0x36, 0xEF, 0x29, 0xFB, 0x4B, 0x62, 0xF9, 0xC7, 0x1F, 0x34, 0x99, 0x75, 0xB5, 0xD8,
    0x28, 0x6F, 0x7D, 0x40, 0x4A, 0x8C, 0x7F, 0x95, 0xA2, 0x4B, 0x60, 0x23, 0xA7, 0x73, 0x11, 0x29,
    0xEC, 0x01, 0x52, 0xE0, 0x1D, 0x6F, 0x10, 0x3C, 0xC5, 0x4C, 0x26, 0x58, 0x9D, 0x38, 0x79, 0x1F,
    0xEF, 0x9F, 0x11, 0xFF, 0x2E, 0x9A, 0xD3, 0x94, 0xAD, 0x45, 0x97, 0xC9, 0xCA, 0xBE, 0xB6, 0xED,
    0x8F, 0x74, 0xDE, 0xFD, 0xB3, 0xF5, 0xBC, 0x2A, 0x86, 0xC7, 0x72, 0xF4, 0xF9, 0x24, 0x19, 0xFA,
    0x14, 0x4A, 0x8E, 0x1D, 0xF9, 0x72, 0x59, 0x40, 0xD7, 0xCE, 0x53, 0x0F, 0xF6, 0x00, 0x1D, 0xAF,
    0xCB, 0xCB, 0x73, 0x74, 0xF0, 0x12, 0x38, 0x40, 0xCE, 0xEE, 0x72, 0x1F, 0xC8, 0x66, 0x45, 0x8A,
    0xA3, 0x65, 0x5B, 0x6A, 0x80, 0x39, 0x8E, 0x96, 0xE3, 0xB1, 0xCF, 0x31, 0xF6, 0xB6, 0x95, 0xEC,
    0xDB, 0x85, 0x37, 0xD6, 0x11, 0xD0, 0x66, 0xF4, 0x3A, 0xF4, 0x34, 0xD8, 0xAC, 0xC3, 0xE0, 0x5E,
    0x91, 0x5B, 0x39, 0x78, 0x9D, 0xE4, 0xDB, 0x41, 0x37, 0x42, 0x63, 0x5E, 0x9A, 0xFD, 0x3F, 0xE6,
    0x05, 0x0A, 0xD8, 0x23, 0x2D, 0xD6, 0x80, 0x14, 0xD7, 0x88, 0x06, 0x2B, 0x09, 0xBD, 0xA2, 0xF8,
    0x8C, 0xDF, 0x7B, 0x41, 0x21, 0xE5, 0x2C, 0xF2, 0xE7, 0xBB, 0xFB, 0x2A, 0x17, 0x49, 0x56, 0x9C,
    0xDF, 0x34, 0x19, 0xAE, 0xA3, 0x33, 0xAF, 0x27, 0x00, 0xBF, 0xC2, 0x63, 0xE4, 0xE5, 0xED, 0xE9,
    0x73, 0xF0, 0x66, 0x30, 0xF1, 0xF4, 0xB3, 0x48, 0x7D, 0x8D, 0xF8, 0x98, 0xBB, 0xCD, 0x2F, 0x44,
    0xC2, 0x97, 0xF4, 0xAC, 0xBB, 0xFE, 0x6C, 0x48, 0xD9, 0xA9, 0xB3, 0x6D, 0xA7, 0x2E, 0xD8, 0xA9,
    0x39, 0x40, 0x00, 0x4D, 0x04, 0x6B, 0x88, 0x7B, 0x9D, 0xBA, 0xD9, 0xDF, 0xE4, 0xC0, 0x2E, 0x68,
    0xB7, 0x2E, 0x81, 0x2E, 0x6C, 0xB7, 0x12, 0x9B, 0x77, 0x72, 0xD0, 0xD1, 0x7A, 0x43, 0x01, 0xB0,
    0xBF, 0xF1, 0x6A, 0x67, 0x6E, 0xD9, 0x2C, 0x3F, 0x52, 0x07, 0x3F, 0xB2, 0x76, 0x22, 0xDD, 0x24,
    0xA0, 0x63, 0xD5, 0x80, 0x36, 0x9C, 0xA6, 0x4F, 0x1E, 0xEE, 0xCC, 0x4F, 0xFF, 0x81, 0xC4, 0xEC,
    0xE4, 0xF4, 0x01, 0xB3, 0x9E, 0x5B, 0x87, 0xF7, 0x04, 0xE0, 0x69, 0x7D, 0x48, 0x0F, 0x46, 0x4E,
    0x1A, 0x44, 0xED, 0x8E, 0x04, 0xD0, 0xEF, 0x6F, 0xDE, 0xB0, 0xAF, 0x88, 0xD4, 0x56, 0x62, 0xAB,
    0x1C, 0x90, 0x12, 0xD7, 0x25, 0x7C, 0xD5, 0x4B, 0xF8, 0xBF, 0x49, 0x42, 0xB7, 0x3C, 0x1D, 0xFA,
    0x30, 0x16, 0x4B, 0x3D, 0xE5, 0xC0, 0x9C, 0x00, 0x74, 0x31, 0x6B, 0xB9, 0xF0, 0x53, 0x56, 0x56,
    0x36, 0x14, 0x18, 0xB3, 0x21, 0x60, 0xCE, 0x86, 0x1A, 0x48, 0xFB, 0xFA, 0x6D, 0xFA, 0xBF, 0x4F,
    0xD9, 0x16, 0xBE, 0x54, 0x94, 0x5F, 0x28, 0x52, 0x42, 0x22, 0xE2, 0x22, 0x36, 0xEF, 0x5A, 0x67,
    0xD8, 0x43, 0xCE, 0xBC, 0x14, 0xA2, 0xB6, 0x88, 0x8D, 0xE3, 0x7B, 0x5B, 0xCB, 0x5E, 0x7A, 0xB8,
    0x5D, 0xC4, 0xF5, 0xF7, 0x38, 0x3C, 0x84, 0xED, 0x56, 0xEA, 0xFE, 0x5E, 0x35, 0x1D, 0x56, 0xF3,
    0x9A, 0x0F, 0xBE, 0x6B, 0xDD, 0x75, 0xCF, 0x79, 0x0E, 0x67, 0x39, 0x12, 0x16, 0x8E, 0x0B, 0x56,
    0x5D, 0xFF, 0x94, 0xE3, 0x03, 0x3E, 0x1C, 0x84, 0x55, 0x55, 0x9E, 0x54, 0xD5, 0x78, 0x3B, 0x86,
    0xFD, 0xD6, 0xB2, 0x8A, 0xAE, 0x44, 0x98, 0xCB, 0x25, 0x03, 0xB0, 0xE4, 0x44, 0xB9, 0xD4, 0x78,
    0x3F, 0x0C, 0xF9, 0x2C, 0x81, 0x13, 0x3B, 0xCE, 0x13, 0xA4, 0x1C, 0x2E, 0xF6, 0x52, 0x58, 0xE3,
    0x64, 0x11, 0x24, 0x3E, 0x06, 0x70, 0x3F, 0xF0, 0x6C, 0x59, 0xA7, 0x90, 0xB5, 0x1C, 0x56, 0x0D,
    0xB3, 0x7D, 0x94, 0xA8, 0xD9, 0xCF, 0x21, 0x5E, 0x35, 0x1B, 0x09, 0xE3, 0xEE, 0x61, 0x5E, 0x0B,
    0x43, 0xDC, 0xAB, 0x6F, 0x67, 0xD5, 0x4C, 0x09, 0xD0, 0x7B, 0xD5, 0xBC, 0x23, 0x52, 0xCD, 0x74,
    0x68, 0x4D, 0x0A, 0xF4, 0x99, 0x35, 0xAE, 0x62, 0xCA, 0xF5, 0x5F, 0x8A, 0x9F, 0xE8, 0x71, 0x9F,
    0x4C, 0x52, 0xFF, 0xF5, 0x24, 0x17, 0x8B, 0xF1, 0xE2, 0xBA, 0x1A, 0xCA, 0x63, 0xF4, 0x01, 0x68,
    0xD8, 0x97, 0x03, 0x46, 0xEB, 0x8C, 0xD1, 0x11, 0x87, 0x6E, 0x86, 0x05, 0xBB, 0x49, 0xD7, 0x5A,
    0xE4, 0xA9, 0x53, 0xCD, 0x27, 0xB7, 0x59, 0x45, 0x2F, 0xF9, 0x32, 0x49, 0x3E, 0x2D, 0xBA, 0x85,
    0x95, 0x5E, 0xAB, 0xC9, 0xA7, 0xAC, 0xCF, 0xE6, 0x64, 0xD4, 0x46, 0xCA, 0xFB, 0x5A, 0x22, 0x60,
    0xDE, 0xEF, 0x00, 0xDD, 0x01, 0xAC, 0xEA, 0x0E, 0x50, 0x7C, 0xB5, 0xD8, 0x30, 0x40, 0x60, 0xF3,
    0x73, 0x05, 0x86, 0x82, 0xC8, 0xE7, 0x8C, 0x21, 0x9C, 0x4E, 0x26, 0x38, 0x32, 0xB1, 0x46, 0x15,
    0x61, 0x3E, 0x29, 0xE0, 0xDD, 0x54, 0xF8, 0x69, 0x11, 0xAB, 0xB4, 0x03, 0x78, 0x07, 0xBD, 0x70,
    0x64, 0x31, 0xCB, 0x24, 0x19, 0x91, 0x1B, 0xE8, 0x6D, 0xF2, 0x51, 0x78, 0xC0, 0x4B, 0x9B, 0x77,
    0x53, 0x1E, 0x1C, 0x13, 0x09, 0x91, 0x6B, 0x10, 0xF7, 0x2E, 0xBF, 0xE9, 0x87, 0x38, 0xB8, 0x9B,
    0xF9, 0x65, 0xB9, 0xEF, 0xFD, 0x90, 0x95, 0x97, 0xDA, 0xBD, 0x55, 0xE6, 0x69, 0x98, 0x4F, 0x9B,
    0xEF, 0x24, 0xD3, 0xE1, 0x20, 0x74, 0x99, 0xEE, 0xF2, 0xFC, 0x27, 0xA6, 0xEC, 0xBE, 0xC0, 0x52,
    0x60, 0xA4, 0x04, 0xCC, 0x94, 0x0A, 0x48, 0x55, 0xD8, 0x8D, 0x8B, 0xD1, 0x3A, 0xB2, 0x4A, 0xF8,
    0x92, 0xC2, 0xCE, 0x4C, 0xC9, 0x5C, 0xE4, 0x4F, 0x54, 0xBE, 0x7C, 0x85, 0x5D, 0xFA, 0xC8, 0x5A,
    0x0E, 0x6D, 0x5F, 0x96, 0x8D, 0x14, 0xFA, 0xD9, 0x28, 0x92, 0xF9, 0x17, 0x22, 0x08, 0x45, 0x1E,
    0xA7, 0xD0, 0x4E, 0x4B, 0x3D, 0x8B, 0x79, 0xEC, 0xC6, 0x9D, 0xA5, 0xF9, 0xF0, 0x9E, 0x9D, 0x34,
    0x18, 0xAD, 0xB3, 0x8E, 0x4C, 0x67, 0x5B, 0xBF, 0x8F, 0x7F, 0x3B, 0x22, 0x39, 0x72, 0x19, 0xC3,
    0x52, 0x29, 0xAB, 0x5E, 0x5E, 0x5E, 0x89, 0x55, 0x80, 0x32, 0x74, 0xCA, 0xB6, 0xE2, 0xE9, 0x8F,
    0xBD, 0x39, 0x91, 0xB9, 0x35, 0x84, 0x98, 0x57, 0x61, 0x5B, 0xF0, 0xE9, 0xC1, 0x40, 0x66, 0x13,
    0x99, 0x58, 0x3A, 0x16, 0xAF, 0xBB, 0x43, 0xEC, 0xD9, 0x1B, 0x9C, 0x0B, 0xB2, 0x11, 0xC7, 0x3B,
    0xC8, 0x93, 0xD0, 0x3C, 0xF1, 0x16, 0x40, 0x84, 0x4E, 0x8A, 0xB6, 0xEE, 0x24, 0x68, 0xED, 0x09,
    0x3B, 0x1B, 0xC1, 0x7B, 0x18, 0xB7, 0xD1, 0x88, 0x17, 0x42, 0xB6, 0xEC, 0x42, 0x82, 0x41, 0xDC,
    0x80, 0x69, 0xF7, 0xB7, 0x3F, 0x23, 0x2E, 0x6E, 0x9B, 0x0E, 0xAF, 0xD9, 0x57, 0x17, 0xD9, 0x59,
    0x8E, 0xD9, 0xFF, 0x6A, 0xA8, 0xB5, 0xA7, 0x29, 0x5B, 0x8B, 0x37, 0x9B, 0xB5, 0xB0, 0xA1, 0xB7,
    0x79, 0x9F, 0x93, 0x23, 0x99, 0x4D, 0x31, 0x36, 0xEB, 0x04, 0x52, 0x37, 0x12, 0x63, 0xCD, 0x47,
    0x00, 0xEF, 0xDC, 0x6F, 0x5D, 0x72, 0x63, 0xEC, 0x21, 0x15, 0x47, 0x1B, 0xB7, 0xC8, 0xCE, 0xBC,
    0xCF, 0x53, 0xDE, 0x26, 0xF2, 0xE1, 0xEC, 0xC4, 0xD3, 0xDC, 0xE0, 0xC4, 0x56, 0xC2, 0x2D, 0xF3,
    0x34, 0x8F, 0x9D, 0xE5, 0x69, 0x52, 0x60, 0xFC, 0x7A, 0xB3, 0xFB, 0x6F, 0x4E, 0x73, 0xEF, 0x89,
    0x56, 0xF2, 0x2E, 0xDB, 0x87, 0x3E, 0x11, 0x39, 0x90, 0xD9, 0x94, 0x60, 0xB3, 0x4A, 0x66, 0xC6,
    0x9A, 0xFE, 0x5C, 0x82, 0x86, 0x6E, 0xA1, 0xDE, 0x7B, 0xAE, 0x6C, 0xBB, 0x32, 0x32, 0x8B, 0xF2,
    0xAF, 0x5E, 0x57, 0xE6, 0x5D, 0x4D, 0xF6, 0xF0, 0xB4, 0xE5, 0x3F, 0xAE, 0x94, 0x72, 0x4D, 0x86,
    0xE6, 0x24, 0x7D, 0x41, 0xEE, 0xE6, 0x78, 0x26, 0x7B, 0xEE, 0x27, 0xC1, 0x2A, 0xBB, 0xDA, 0x86,
    0x25, 0xED, 0xCB, 0x3E, 0x66, 0x78, 0x34, 0x6D, 0x1D, 0xCF, 0xB2, 0xE7, 0x78, 0x1E, 0x46, 0x08,
    0x38, 0x89, 0x32, 0x06, 0x79, 0x46, 0xE0, 0xFE, 0x30, 0x42, 0xC3, 0x89, 0xA1, 0x61, 0xB2, 0x30,
    0x34, 0x4C, 0xB0, 0x17, 0x2F, 0x4F, 0x84, 0xDB, 0x37, 0x0D, 0x19, 0xDD, 0xA2, 0x51, 0x92, 0x99,
    0x67, 0x4B, 0x16, 0xA6, 0x45, 0xCE, 0x31, 0x94, 0x8C, 0x55, 0x25, 0x35, 0x47, 0x31, 0x7B, 0xCA,
    0xF3, 0x68, 0xE7, 0x1E, 0x68, 0x4A, 0xEE, 0xE3, 0x0F, 0xD1, 0x3B, 0x3C, 0x8F, 0xF6, 0x28, 0x86,
    0xA1, 0x87, 0x96, 0xB5, 0x26, 0x45, 0x6F, 0x52, 0x0E, 0xFB, 0x7B, 0xFC, 0xCC, 0xED, 0xDC, 0xC3,
    0xD7, 0xFD, 0x45, 0x4C, 0x9F, 0xCE, 0xAE, 0x3D, 0xB5, 0x6B, 0x53, 0x8F, 0x50, 0x84, 0x5B, 0xBC,
    0xCD, 0x1B, 0x0B, 0x9F, 0xC2, 0xDA, 0x09, 0xEF, 0x2F, 0xB4, 0xCF, 0x30, 0x7F, 0x2D, 0x6E, 0x0F,
    0x21, 0xDA, 0x3D, 0xAC, 0xD1, 0xA2, 0xF7, 0xFA, 0x3C, 0x49, 0x67, 0x9D, 0x98, 0x9D, 0x67, 0x5C,
    0xEC, 0x66, 0x3D, 0x3E, 0x99, 0x89, 0xC5, 0xE0, 0x79, 0xB4, 0xF3, 0x0B, 0x9D, 0xCD, 0x3E, 0x64,
    0x89, 0xB0, 0x3A, 0x57, 0x54, 0xEE, 0xD3, 0xCE, 0x33, 0xAC, 0x9E, 0x5E, 0x3E, 0x9C, 0x58, 0xEF,
    0x86, 0xCF, 0x73, 0x8E, 0xB7, 0xF7, 0xCB, 0x39, 0x5D, 0xBE, 0x4E, 0xC5, 0xA3, 0x98, 0xFD, 0xFE,
    0xD1, 0xB8, 0x9B, 0x17, 0x62, 0x6C, 0x05, 0xEE, 0xEA, 0x3E, 0xEB, 0xC1, 0x44, 0xEB, 0x66, 0x93,
    0x37, 0x91, 0x04, 0xA6, 0xDC, 0xA7, 0xFD, 0x61, 0x23, 0xF9, 0x89, 0x4C, 0x16, 0x23, 0xC8, 0x53,
    0x9E, 0xF0, 0x81, 0xC6, 0xF6, 0x69, 0xE7, 0xB3, 0xE1, 0x62, 0x34, 0xE5, 0x3E, 0xED, 0x5C, 0x62,
    0xFE, 0xBD, 0x6A, 0xF4, 0xFA, 0x4B, 0xE0, 0xA9, 0x5D, 0x55, 0x3E, 0x98, 0x65, 0x81, 0xB3, 0x3B,
    0xE0, 0x83, 0x5B, 0x32, 0x48, 0x2C, 0x42, 0xE1, 0xE7, 0xA6, 0xDC, 0xA7, 0xFD, 0x81, 0x97, 0x12,
    0xF6, 0x7E, 0x1E, 0xB4, 0xF0, 0xA3, 0x6E, 0x2D, 0xE5, 0x79, 0xB4, 0x07, 0xBA, 0xDA, 0x70, 0x66,
    0x63, 0x79, 0x50, 0xAB, 0x10, 0xD9, 0x67, 0x68, 0xCA, 0x1E, 0x7D, 0xD9, 0x87, 0x75, 0xD9, 0x3F,
    0xB5, 0x73, 0xFB, 0x0F, 0x60, 0x35, 0xE2, 0x1E, 0x1D, 0xFC, 0x1C, 0x56, 0x2A, 0x2E, 0x04, 0x4E,
    0x85, 0x3E, 0x61, 0x6F, 0xF9, 0x18, 0x0C, 0x21, 0x18, 0x90, 0x3F, 0xFC, 0x95, 0x8A, 0xA9, 0x5A,
    0x49, 0xB2, 0x44, 0x5F, 0x3F, 0xD5, 0xB2, 0x3F, 0xB6, 0x9C, 0xFF, 0xEA, 0xC5, 0xF9, 0xFF, 0xAC,
    0xF6, 0xA8, 0x2C, 0x77, 0xBC, 0xE5, 0xC2, 0x43, 0x0E, 0xDE, 0x33, 0xE0, 0x67, 0x27, 0x06, 0xB7,
    0x33, 0xD5, 0x7A, 0xB5, 0x17, 0xB8, 0x2B, 0x16, 0xD3, 0x54, 0xD5, 0x7E, 0x7B, 0x56, 0x05, 0x56,
    0x62, 0x41, 0x21, 0x5A, 0x61, 0x58, 0x68, 0x61, 0x44, 0xCF, 0xC0, 0x71, 0xA0, 0xA2, 0xE7, 0x53,
    0x8E, 0x29, 0xA3, 0x7E, 0x8B, 0xBA, 0x5A, 0x3E, 0x2E, 0xB5, 0x1C, 0x24, 0xA6, 0xEA, 0x41, 0x11,
    0xCF, 0x6B, 0xF3, 0xFF, 0xBE, 0xE6, 0x6F, 0xCF, 0x05, 0x56, 0x35, 0x7F, 0x7B, 0xCE, 0x46, 0xBF,
    0x7E, 0x72, 0xE0, 0xB6, 0xE1, 0xD6, 0x9F, 0xA1, 0x9D, 0x05, 0x8B, 0xF9, 0xE4, 0xE1, 0xE2, 0x27,
    0xD4, 0xA5, 0xA0, 0x32, 0x64, 0xA4, 0x5A, 0xD0, 0x78, 0x75, 0x12, 0x0B, 0x1B, 0x73, 0xEA, 0x60,
    0x5A, 0x32, 0x74, 0xAC, 0x19, 0x33, 0xFA, 0xFA, 0x4D, 0xCE, 0xA4, 0x2A, 0x03, 0x48, 0xAA, 0x85,
    0x90, 0x6F, 0x4E, 0x6C, 0x79, 0x3E, 0x47, 0xE1, 0x03, 0x51, 0xE3, 0xAD, 0x4A, 0x09, 0x5C, 0x75,
    0x1D, 0xEC, 0xFA, 0xF0, 0x52, 0xCF, 0xB1, 0x8D, 0x25, 0x16, 0x13, 0x49, 0x3A, 0xF2, 0x9E, 0xEF,
    0x24, 0xF8, 0x3B, 0x03, 0xA7, 0x59, 0x18, 0xC3, 0x1E, 0x4B, 0x63, 0x4E, 0x72, 0x30, 0xB3, 0x23,
    0x63, 0x5E, 0xF4, 0xF1, 0x82, 0x14, 0x90, 0x99, 0xB1, 0x5A, 0xDC, 0xDD, 0x90, 0x61, 0x4D, 0xFE,
    0xF1, 0xDD, 0x7E, 0x11, 0x2E, 0x07, 0x61, 0xC9, 0xF4, 0xC6, 0xF1, 0x8A, 0x32, 0xC7, 0xAC, 0x4C,
    0x8D, 0x09, 0x63, 0x6C, 0x06, 0xA9, 0xCA, 0xBD, 0x3F, 0x3E, 0x68, 0xCD, 0x63, 0xBC, 0xF4, 0x48,
    0xA9, 0x8D, 0x25, 0x7E, 0xCD, 0x71, 0x66, 0xB1, 0xF3, 0x74, 0x76, 0x1E, 0x51, 0x6E, 0x5D, 0xD8,
    0x8A, 0x00, 0x6D, 0x39, 0x4D, 0xFB, 0x6C, 0xED, 0x64, 0xC8, 0xCA, 0xA8, 0x1B, 0xBD, 0xB1, 0x23,
    0x49, 0x86, 0xAD, 0xEE, 0x58, 0x95, 0x75, 0x13, 0x93, 0x6D, 0xC6, 0x9C, 0xA5, 0x56, 0x06, 0x40,
    0x99, 0x1B, 0x13, 0xCC, 0xCC, 0x47, 0xAB, 0xC4, 0x62, 0xC7, 0x77, 0xE4, 0xB3, 0x87, 0xED, 0x6C,
    0xBA, 0xA3, 0xEC, 0x06, 0x82, 0x27, 0xF8, 0xDA, 0x50, 0xB4, 0xF2, 0x17, 0x85, 0x9A, 0x8A, 0x12,
    0x1A, 0x98, 0x74, 0xD5, 0xB1, 0x7E, 0x56, 0x6C, 0xC3, 0x8A, 0x31, 0x55, 0x61, 0x93, 0x9C, 0xAD,
    0x3D, 0x1D, 0x71, 0x4F, 0x00, 0x0A, 0x5B, 0x60, 0xA9, 0x92, 0xE1, 0x33, 0xA8, 0xC8, 0x95, 0xC2,
    0x24, 0xC2, 0x57, 0x94, 0x1C, 0x9F, 0x53, 0xD2, 0x25, 0xA1, 0xC4, 0xFD, 0x7D, 0x77, 0x84, 0x5E,
    0xBC, 0x3A, 0x18, 0x17, 0x9A, 0x26, 0x80, 0x69, 0xBE, 0xD5, 0xD2, 0xD5, 0xE3, 0x43, 0x2A, 0x23,
    0xC4, 0x62, 0xF2, 0x18, 0xD1, 0x7C, 0x01, 0x8D, 0x15, 0xE6, 0xCA, 0x48, 0x91, 0x15, 0xC8, 0x16,
    0xFF, 0x5E, 0xD0, 0xE3, 0x3A, 0x06, 0xB4, 0x93, 0x95, 0x6B, 0xE6, 0xBA, 0x04, 0xD8, 0x79, 0x47,
    0x76, 0x34, 0x46, 0x8D, 0x15, 0xAF, 0x5F, 0xF6, 0xF2, 0xD4, 0x2E, 0x72, 0xDC, 0xFD, 0x3A, 0xBA,
    0x1B, 0x9C, 0x4E, 0xA6, 0x4E, 0xCF, 0x18, 0x03, 0xCC, 0xC6, 0xB3, 0x54, 0x68, 0x36, 0xDD, 0xBF,
    0x70, 0xC5, 0x15, 0x58, 0x9B, 0xD6, 0xE8, 0x55, 0xA3, 0xBE, 0xC2, 0xA8, 0x9A, 0xF7, 0x7F, 0x51,
    0x2F, 0xF5, 0xB2, 0x7D, 0xE4, 0x85, 0x87, 0x66, 0xD4, 0x04, 0x6B, 0xDB, 0x67, 0x2C, 0x39, 0xBF,
    0xB0, 0x78, 0x34, 0x99, 0x2E, 0x1E, 0x4F, 0x56, 0xAA, 0x11, 0xF0, 0x02, 0x54, 0xE5, 0xE2, 0xE5,
    0x60, 0x2A, 0x09, 0xBE, 0x32, 0xCD, 0xF1, 0x2F, 0xA6, 0xD9, 0x98, 0x7A, 0x7E, 0x4B, 0xDE, 0xDB,
    0x87, 0xCD, 0x6C, 0x04, 0x31, 0x56, 0xF7, 0x2F, 0xD9, 0x6C, 0xC2, 0x30, 0x53, 0x85, 0x55, 0xA7,
    0x22, 0xC0, 0x58, 0xA8, 0x04, 0xB4, 0x50, 0x89, 0x5E, 0xCF, 0x28, 0x22, 0xB5, 0x49, 0x82, 0x63,
    0x97, 0x6B, 0x14, 0x99, 0x63, 0x93, 0xD7, 0xEE, 0xFA, 0x92, 0x96, 0xAD, 0xDB, 0x5C, 0x22, 0x33,
    0x74, 0xCA, 0x80, 0xC9, 0x08, 0x65, 0x79, 0x1D, 0xE8, 0xE4, 0xFB, 0xEE, 0xC2, 0xA5, 0x38, 0x61,
    0x0C, 0xB2, 0x24, 0x53, 0xA0, 0xF6, 0xA5, 0x1B, 0xA6, 0xD7, 0xCA, 0x64, 0x14, 0x65, 0xB4, 0x26,
    0x45, 0xC8, 0x98, 0x51, 0xEC, 0x5C, 0x60, 0x54, 0x06, 0xCC, 0xCA, 0x0A, 0xE0, 0x28, 0x7C, 0x0D,
    0x31, 0x18, 0x7F, 0x3E, 0x47, 0xFF, 0x4C, 0x16, 0x9F, 0x31, 0x27, 0x79, 0x81, 0x94, 0x72, 0x56,
    0x6A, 0x10, 0xAA, 0x0C, 0x68, 0x95, 0x25, 0xEB, 0x8F, 0xF3, 0xD2, 0x1A, 0xDE, 0x36, 0x25, 0x36,
    0x4A, 0x65, 0xCC, 0x70, 0x6C, 0xE9, 0x6B, 0xCC, 0xE7, 0x77, 0x05, 0x1D, 0xE9, 0x5D, 0xFA, 0xB1,
    0x33, 0x56, 0x70, 0x26, 0xEF, 0xC8, 0xD1, 0xDF, 0xFA, 0x79, 0x7C, 0x79, 0x2D, 0x27, 0x0A, 0x5C,
    0x7F, 0x5F, 0xCA, 0xE9, 0x64, 0x59, 0x2B, 0x82, 0x94, 0x7D, 0x82, 0xA6, 0x98, 0x12, 0xCE, 0x1C,
    0x6E, 0x7A, 0x24, 0xDC, 0x88, 0xC2, 0xDA, 0x10, 0x47, 0x45, 0x0E, 0x45, 0x6D, 0xDD, 0x14, 0x8B,
    0x84, 0x2E, 0xEB, 0x24, 0xAC, 0xE2, 0xED, 0xCC, 0x20, 0x60, 0xF4, 0x05, 0xAE, 0x80, 0x49, 0x59,
    0xB1, 0x28, 0x06, 0x0D, 0x84, 0xD3, 0x99, 0x91, 0xB0, 0x52, 0x43, 0x61, 0xA5, 0xC6, 0xC2, 0xCA,
    0x1C, 0xCC, 0x4F, 0x30, 0xED, 0xA8, 0xF1, 0xB0, 0x32, 0x9B, 0x24, 0x9B, 0xD9, 0x8D, 0x4A, 0x4D,
    0xE3, 0x06, 0xF8, 0x29, 0x94, 0xE2, 0x2C, 0xF0, 0xBF, 0xCA, 0x1A, 0x76, 0xFC, 0x60, 0xE7, 0x59,
    0x2B, 0x2D, 0x28, 0x96, 0xA8, 0x13, 0xB7, 0x7B, 0xB7, 0x87, 0x3D, 0xF2, 0x05, 0xB8, 0x8E, 0x55,
    0xCD, 0xE8, 0x64, 0x8F, 0x25, 0x98, 0x6F, 0x53, 0x29, 0x49, 0x11, 0x73, 0xA6, 0x3B, 0x79, 0x0B,
    0xA9, 0xC9, 0x14, 0x64, 0x98, 0xAD, 0xF6, 0x7B, 0x65, 0x62, 0x6D, 0x43, 0x66, 0x21, 0x7F, 0x74,
    0x37, 0xB7, 0x47, 0x8F, 0xDC, 0xCB, 0xFD, 0x30, 0x5B, 0x04, 0x74, 0x78, 0x37, 0x95, 0x89, 0x0F,
    0x78, 0xCE, 0xD2, 0x18, 0xE8, 0xEA, 0x62, 0x0C, 0x3B, 0x97, 0x69, 0x81, 0x0E, 0x43, 0x07, 0xE6,
    0xAF, 0x1E, 0xC6, 0xEB, 0x77, 0x42, 0x2D, 0x54, 0x4B, 0x9F, 0x02, 0x49, 0xB5, 0xD8, 0xEB, 0x77,
    0x09, 0xFA, 0xAA, 0xB5, 0x52, 0x5D, 0x57, 0x36, 0x05, 0x9A, 0xFD, 0xF5, 0xBB, 0xAC, 0xF7, 0xEB,
    0x25, 0xAB, 0x7B, 0xBE, 0xBE, 0x58, 0xF6, 0x8C, 0xC4, 0xC9, 0x1A, 0x6F, 0xB2, 0x54, 0xC8, 0x1C,
    0x28, 0x7B, 0x46, 0xE4, 0x4A, 0x8D, 0xC9, 0xC9, 0xFF, 0x99, 0xC8, 0x8E, 0x65, 0x53, 0xF6, 0x01,
    0xBD, 0x14, 0xCB, 0x9B, 0xB0, 0x23, 0x95, 0xB1, 0x51, 0x2A, 0xD4, 0x4C, 0xF3, 0xC8, 0x02, 0x6D,
    0x69, 0x25, 0xA7, 0xF4, 0x79, 0x4B, 0x44, 0x48, 0x6A, 0x73, 0xDD, 0xAE, 0xC4, 0x48, 0x09, 0x58,
    0x28, 0x8C, 0xD5, 0x29, 0x3E, 0xD7, 0xAD, 0x6E, 0x9B, 0xEB, 0x16, 0x5F, 0x98, 0x44, 0xFF, 0x69,
    0x62, 0x93, 0x5C, 0x95, 0x00, 0xE0, 0x94, 0xF8, 0x24, 0x97, 0x1D, 0x3D, 0xA8, 0xC4, 0x88, 0x99,
    0x29, 0x7F, 0x56, 0x9A, 0x44, 0x30, 0x29, 0x70, 0x93, 0x82, 0xC5, 0x27, 0xB9, 0x03, 0x85, 0xFE,
    0x9B, 0xF6, 0x97, 0xC6, 0xBB, 0xAE, 0xA0, 0xF4, 0x11, 0xD6, 0xD9, 0x24, 0xA7, 0xC8, 0x08, 0xFF,
    0xC8, 0x3C, 0x18, 0xFD, 0xD9, 0x1E, 0x0B, 0xE6, 0xF3, 0x96, 0xF4, 0x18, 0x0E, 0x5A, 0x93, 0xC8,
    0x3F, 0xA6, 0x50, 0x4A, 0x45, 0xA6, 0x20, 0x2B, 0xFC, 0x8A, 0x9C, 0x33, 0x65, 0xD9, 0x91, 0xF9,
    0x03, 0x7D, 0x55, 0x72, 0xD8, 0xBE, 0x2A, 0x59, 0x8F, 0x92, 0x9D, 0xF5, 0xAA, 0x64, 0xBD, 0xE4,
    0xFC, 0xB4, 0xE7, 0xF1, 0x58, 0x29, 0xFD, 0xCF, 0x26, 0xD1, 0xF7, 0x5E, 0x92, 0xEF, 0xC5, 0x5B,
    0xB7, 0x8B, 0xAD, 0x1A, 0xBC, 0xCA, 0xA2, 0x99, 0xCB, 0xED, 0x7C, 0x40, 0x25, 0x77, 0xE1, 0xEA,
    0x81, 0x16, 0x09, 0xD7, 0x0F, 0xAC, 0x3B, 0x16, 0xA3, 0x49, 0x39, 0x14, 0x93, 0xAD, 0x22, 0x70,
    0x26, 0xCD, 0x39, 0x87, 0x95, 0x5A, 0x01, 0x26, 0xBB, 0x1A, 0x3C, 0xD9, 0x58, 0xEB, 0xE4, 0x80,
    0x87, 0xE6, 0x2A, 0x59, 0xF3, 0x1D, 0x8A, 0xAC, 0xEE, 0x39, 0x2E, 0x31, 0x10, 0x21, 0x01, 0x65,
    0x6A, 0xCC, 0x49, 0x8E, 0x45, 0xCA, 0x30, 0x08, 0xD9, 0x6F, 0xC9, 0x51, 0x6B, 0x4A, 0xD1, 0x49,
    0xE1, 0x31, 0x81, 0x31, 0x36, 0x4A, 0x0D, 0x1B, 0xB5, 0x06, 0xFB, 0xEE, 0x5A, 0x99, 0x4F, 0xA2,
    0x74, 0x67, 0x1E, 0x89, 0x59, 0xC6, 0x91, 0x7C, 0x92, 0x1A, 0xA3, 0x0A, 0xC3, 0x79, 0x15, 0x46,
    0xF6, 0x25, 0xC6, 0x04, 0xFC, 0x27, 0xC9, 0x62, 0x12, 0xC3, 0xA7, 0x66, 0xB8, 0xF9, 0xF5, 0x5C,
    0x8E, 0x52, 0xE1, 0xF8, 0x6F, 0x20, 0x4F, 0xDE, 0x1E, 0xC3, 0x2D, 0x11, 0xA5, 0xE8, 0x98, 0x21,
    0xDF, 0x73, 0x57, 0xC3, 0x7A, 0xFB, 0xAD, 0x4A, 0x0C, 0x3B, 0x4B, 0x8E, 0x9E, 0x92, 0x61, 0x45,
    0x49, 0x46, 0xA1, 0x44, 0x0D, 0x05, 0xB4, 0xEE, 0x14, 0xDB, 0x1C, 0x0D, 0x9B, 0x05, 0x7A, 0x72,
    0x99, 0xC8, 0x69, 0x31, 0x86, 0x57, 0xC9, 0xE2, 0x26, 0x99, 0xD9, 0xAF, 0x68, 0x89, 0x32, 0xC5,
    0xBF, 0xEF, 0x9A, 0x4E, 0x64, 0x94, 0xCA, 0x18, 0xA0, 0xC7, 0xC7, 0x18, 0x19, 0xB3, 0xA1, 0x21,
    0x67, 0x6B, 0x70, 0x1D, 0x99, 0xEC, 0x35, 0x9D, 0xF6, 0x8E, 0xC2, 0x90, 0x98, 0x63, 0x5A, 0x82,
    0xD3, 0x52, 0xDC, 0xC0, 0xA6, 0x1E, 0xBC, 0x20, 0xF6, 0xE4, 0x26, 0xA5, 0xC0, 0xEA, 0x95, 0x9A,
    0x71, 0x06, 0x07, 0x6B, 0x3B, 0x5E, 0x25, 0xC6, 0x2F, 0xA1, 0x22, 0x75, 0x8F, 0x23, 0x95, 0x30,
    0x3D, 0xCB, 0x93, 0xE5, 0xF8, 0xCE, 0xDE, 0xA9, 0x65, 0x72, 0x79, 0xDA, 0xEF, 0xEC, 0xB4, 0xF9,
    0xF2, 0xE0, 0x85, 0x37, 0xB0, 0xE2, 0x73, 0xAE, 0x32, 0x22, 0x37, 0x2C, 0x9B, 0xCD, 0xD7, 0x6B,
    0x16, 0x2F, 0xAE, 0x24, 0xC5, 0xD6, 0x93, 0xAE, 0x7D, 0xA0, 0xC6, 0x75, 0xF4, 0xF9, 0x94, 0x2A,
    0x86, 0x80, 0x21, 0xEF, 0xEB, 0x5F, 0x0D, 0x9A, 0xCA, 0x35, 0xEF, 0xBB, 0x65, 0xCF, 0xD5, 0xA2,
    0x96, 0x77, 0xBA, 0x92, 0x1A, 0x1C, 0x89, 0x16, 0x45, 0x3C, 0x89, 0xC5, 0xE1, 0x3E, 0x2E, 0x5A,
    0x80, 0x8B, 0xD1, 0x13, 0x01, 0xB3, 0x27, 0x7C, 0x74, 0x64, 0xC2, 0xC7, 0x47, 0x91, 0xEA, 0x37,
    0x3E, 0x18, 0xFA, 0x18, 0x69, 0xB7, 0x63, 0xA3, 0xE4, 0x25, 0x11, 0xF9, 0x3B, 0x4D, 0x00, 0xAD,
    0x8F, 0x94, 0xF0, 0xF5, 0x73, 0xDA, 0xB4, 0x4D, 0x1C, 0x2D, 0x9E, 0x98, 0xD2, 0x65, 0x3B, 0x62,
    0x6E, 0xDB, 0x4D, 0x39, 0x26, 0x0B, 0x9B, 0x53, 0xC4, 0x39, 0x30, 0xC7, 0xCD, 0x02, 0xEC, 0x99,
    0x3E, 0x72, 0x96, 0xD3, 0x76, 0xEC, 0x2C, 0x86, 0xED, 0xE8, 0x69, 0x01, 0x85, 0xB5, 0x1D, 0x5A,
    0x58, 0x89, 0xDB, 0x0F, 0xBF, 0x69, 0x6C, 0x9A, 0x19, 0xC3, 0x29, 0x32, 0x9A, 0xA7, 0x3B, 0x4A,
    0xD1, 0x8B, 0x7C, 0x58, 0x92, 0x11, 0xC8, 0x1C, 0x41, 0x59, 0x8E, 0x64, 0xDE, 0x92, 0x89, 0x90,
    0x42, 0xB2, 0xA0, 0x6E, 0xE3, 0x37, 0x8E, 0xC9, 0xE2, 0x75, 0xF0, 0x60, 0xAC, 0x32, 0xE9, 0x6A,
    0x4A, 0xD9, 0x97, 0xFE, 0x5F, 0x39, 0xD8, 0x13, 0x24, 0xDB, 0x05, 0x63, 0x94, 0x93, 0x60, 0x6C,
    0xF4, 0x60, 0xEC, 0x37, 0x50, 0x91, 0x17, 0x73, 0x13, 0xA9, 0x6F, 0x51, 0x62, 0xBC, 0x4D, 0x91,
    0x29, 0x31, 0x79, 0xCD, 0xBE, 0x4E, 0x3B, 0x10, 0xB9, 0x87, 0xBF, 0x8E, 0x2E, 0xBB, 0xA7, 0x56,
    0x26, 0xB7, 0x79, 0xEA, 0x1B, 0xCA, 0x80, 0x9E, 0xBC, 0x75, 0xE8, 0xA9, 0xF3, 0xA5, 0x56, 0x66,
    0xFB, 0x9E, 0xDA, 0x7C, 0x7D, 0x86, 0xB1, 0xB4, 0xF0, 0x5F, 0x99, 0x8C, 0xA2, 0x8C, 0x1B, 0x52,
    0x84, 0x3C, 0xAB, 0x28, 0xA5, 0x9E, 0x05, 0x58, 0x52, 0x60, 0xAD, 0xC2, 0xD0, 0x47, 0xA5, 0x04,
    0x7A, 0x0A, 0xD7, 0x07, 0x78, 0xBE, 0x92, 0x52, 0x8C, 0xA1, 0x53, 0xC9, 0x00, 0x86, 0xD4, 0x09,
    0xB0, 0xA9, 0xB1, 0x8E, 0x41, 0x5B, 0xE7, 0x2E, 0x61, 0xA9, 0x28, 0x35, 0xDF, 0x8A, 0xC1, 0xDA,
    0x26, 0x24, 0x94, 0x7A, 0x9D, 0xA8, 0xFC, 0x12, 0x5D, 0xA1, 0x9F, 0x7D, 0x85, 0xBE, 0xB6, 0x48,
    0xFD, 0x96, 0x7F, 0xEF, 0xF3, 0xC5, 0xCE, 0xF2, 0xE3, 0x81, 0x0B, 0xEB, 0x75, 0x73, 0x59, 0x45,
    0x42, 0x2B, 0x7E, 0xDB, 0x26, 0xB9, 0xEF, 0x7D, 0xEF, 0xBE, 0x6B, 0xDE, 0xE5, 0x8D, 0x0D, 0x1B,
    0x80, 0x80, 0x26, 0xF1, 0x6D, 0x22, 0x4F, 0xC2, 0x3E, 0x13, 0x34, 0x09, 0xA5, 0x72, 0x09, 0x5D,
    0x0E, 0x7B, 0x7D, 0x26, 0xC0, 0x5E, 0xA0, 0xF1, 0x31, 0xFB, 0x63, 0x97, 0x42, 0x25, 0xC7, 0x58,
    0xFC, 0x0E, 0x22, 0x75, 0x97, 0x32, 0x1A, 0x2F, 0x46, 0x79, 0x1E, 0xBB, 0x05, 0x9D, 0xC4, 0x45,
    0x06, 0x39, 0x31, 0x9C, 0x6D, 0x7E, 0x34, 0x1A, 0xFB, 0xE9, 0x9D, 0xFF, 0x21, 0x81, 0x45, 0xD7,
    0x54, 0x4D, 0xED, 0x02, 0x4A, 0xE8, 0xC2, 0xB1, 0x7E, 0x56, 0xF6, 0xF9, 0x24, 0x9C, 0x01, 0xA4,
    0xB3, 0x8A, 0xB6, 0xD7, 0x45, 0x85, 0xED, 0x35, 0xB6, 0xB0, 0x63, 0xCA, 0x54, 0xD8, 0x5E, 0x55,
    0x32, 0x74, 0xB5, 0xCA, 0xE3, 0x2F, 0x3D, 0x07, 0x95, 0x8F, 0xB2, 0x1B, 0x8B, 0x0A, 0xF2, 0x5B,
    0xA3, 0xED, 0x75, 0x3F, 0x57, 0xB9, 0xF4, 0xC5, 0xCA, 0x6E, 0x77, 0x12, 0x93, 0xD1, 0x44, 0x2E,
    0xDF, 0xFF, 0xE4, 0x64, 0x22, 0x6B, 0xD8, 0xE4, 0x04, 0x57, 0x39, 0x39, 0xB9, 0xFA, 0x6B, 0xE5,
    0x9C, 0x82, 0x93, 0x93, 0x18, 0x36, 0x39, 0x21, 0xEF, 0x3A, 0x39, 0x49, 0x31, 0x28, 0xF9, 0xC2,
    0x84, 0x1D, 0xAF, 0xDC, 0x3A, 0xDE, 0x6F, 0xB6, 0x2A, 0x79, 0xC9, 0x95, 0xCF, 0x4D, 0x0D, 0x98,
    0xB8, 0x2A, 0xA9, 0x0A, 0x8B, 0x86, 0x8B, 0xEB, 0xEE, 0x94, 0xBE, 0x2F, 0xD5, 0xB6, 0xD1, 0x17,
    0x58, 0x6A, 0x6A, 0x40, 0xE7, 0x4E, 0xC4, 0xA7, 0xE2, 0x81, 0x4A, 0xBF, 0xB3, 0xD4, 0x1C, 0x85,
    0x72, 0x0C, 0x75, 0x5B, 0xF5, 0x0C, 0x58, 0x6C, 0x55, 0x32, 0x1E, 0xC5, 0x56, 0x25, 0xA5, 0x51,
    0x4D, 0x57, 0x7E, 0xFD, 0x6F, 0xE3, 0xEA, 0x69, 0x3C, 0xB8, 0x66, 0x93, 0x6B, 0x4E, 0xDD, 0xDB,
    0x4F, 0x86, 0x47, 0x72, 0x95, 0xB5, 0x7C, 0xD5, 0xBB, 0x78, 0x75, 0xCD, 0xB5, 0x6E, 0x7D, 0x95,
    0xB5, 0x6A, 0x7C, 0x95, 0xB5, 0x7C, 0xE1, 0xDB, 0xB3, 0xCA, 0xBA, 0xB5, 0xD2, 0x58, 0x37, 0x24,
    0x48, 0xA6, 0xF7, 0x9D, 0xEF, 0xA3, 0xB2, 0x1E, 0x1B, 0x4C, 0xB0, 0x36, 0x36, 0x27, 0x69, 0xCF,
    0x7F, 0x74, 0x56, 0x6B, 0x73, 0x2F, 0xBE, 0xFE, 0x90, 0xCC, 0x7F, 0x24, 0xD6, 0x72, 0x9F, 0xF5,
    0xB5, 0x5C, 0x5C, 0xC5, 0xE7, 0x94, 0xFF, 0x5E, 0x12, 0xCA, 0x3F, 0xDB, 0x4D, 0x56, 0xC4, 0xB7,
    0x7D, 0x49, 0xD7, 0x5F, 0x07, 0xF2, 0x17, 0x82, 0xA8, 0xFE, 0x4A, 0xD0, 0xF6, 0xA5, 0xA0, 0x83,
    0xD7, 0x82, 0x1E, 0xED, 0x25, 0xDE, 0xC9, 0x97, 0x78, 0x63, 0xF8, 0x12, 0x6F, 0x02, 0x77, 0x4E,
    0x31, 0xC4, 0x6D, 0x22, 0x1E, 0x95, 0x25, 0xDF, 0xC9, 0x96, 0x7C, 0x63, 0xD8, 0x92, 0x6F, 0x02,
    0x99, 0x63, 0x93, 0xD7, 0x0E, 0x6F, 0xF4, 0x21, 0x2F, 0x00, 0x4B, 0xD2, 0x9F, 0x78, 0x9A, 0x7C,
    0x8F, 0x9E, 0x4F, 0x7B, 0x44, 0x16, 0x89, 0x6F, 0x7B, 0x71, 0xCC, 0xE8, 0x69, 0xCF, 0x7F, 0x58,
    0x4B, 0xC8, 0x87, 0x2F, 0x93, 0x31, 0x65, 0x79, 0x8F, 0xDA, 0xDA, 0x72, 0xE9, 0x83, 0x40, 0x43,
    0x56, 0xED, 0xE1, 0xFB, 0xCB, 0xB4, 0xFF, 0x07, 0xE5, 0x5B, 0x31, 0xAC, 0xDE, 0xD6, 0x75, 0x3E,
    0x24, 0x2D, 0xD1, 0x0D, 0xDB, 0xD0, 0x28, 0x6C, 0xA3, 0x89, 0x0B, 0x50, 0x43, 0x86, 0x00, 0x0D,
    0xC0, 0x8C, 0x1D, 0x52, 0x93, 0x91, 0x81, 0x76, 0xCC, 0x43, 0x2B, 0x37, 0x48, 0x3A, 0xD8, 0x2D,
    0x1C, 0xA0, 0xC9, 0xA2, 0xEC, 0x83, 0xC9, 0xC6, 0x43, 0x87, 0x0E, 0x16, 0x8A, 0xA0, 0x43, 0x3B,
    0x54, 0x83, 0x81, 0xC6, 0x4F, 0x28, 0x5E, 0xBA, 0x65, 0x88, 0x43, 0xC6, 0xEE, 0xD6, 0x21, 0xBF,
    0x9B, 0xA1, 0x40, 0x33, 0x84, 0x49, 0x32, 0x49, 0x83, 0x98, 0x9A, 0x6D, 0xE9, 0x67, 0xFE, 0xFC,
    0x7A, 0xBF, 0xEF, 0xF2, 0xA7, 0x28, 0x3D, 0x3D, 0x4B, 0x29, 0x62, 0xD9, 0x45, 0xAF, 0xC4, 0xEF,
    0x1C, 0x92, 0xBC, 0x97, 0xE7, 0xDC, 0x7B, 0xEE, 0xB9, 0xE7, 0xDC, 0x9F, 0x0F, 0x2C, 0xF5, 0x59,
    0x34, 0xB3, 0xA2, 0xB3, 0x2D, 0x5E, 0x38, 0x3E, 0x6E, 0x3A, 0xCB, 0x01, 0x74, 0x56, 0x6C, 0x30,
    0x07, 0xAF, 0xA7, 0xB0, 0xAA, 0xB3, 0x18, 0x21, 0x3A, 0x0B, 0xA6, 0x0C, 0xAC, 0xD5, 0x10, 0x63,
    0x10, 0x8B, 0xBD, 0x6B, 0x21, 0x44, 0xEF, 0x30, 0x42, 0xED, 0xD0, 0xF6, 0x46, 0xFC, 0xBA, 0x6D,
    0xCA, 0x1B, 0x84, 0x00, 0xC4, 0x10, 0xE5, 0xCA, 0xFB, 0xEB, 0x2A, 0x60, 0x69, 0xCF, 0x62, 0x3A,
    0x59, 0xD1, 0xDB, 0xC3, 0x60, 0x32, 0x1B, 0x7A, 0x8B, 0x71, 0xDB, 0x61, 0x04, 0x38, 0x34, 0x8F,
    0xB9, 0xB0, 0x98, 0xDD, 0x33, 0x21, 0x06, 0x87, 0x19, 0x6A, 0xD6, 0xDA, 0x9B, 0xC3, 0xB8, 0x23,
    0x86, 0xA5, 0x49, 0xC2, 0x91, 0x18, 0xCD, 0x42, 0xDC, 0xE1, 0x83, 0x69, 0x2B, 0x27, 0x4B, 0x79,
    0x0E, 0xA5, 0x2C, 0xD5, 0xCE, 0xEC, 0xBE, 0xF4, 0xED, 0x23, 0x4F, 0x81, 0x72, 0xA1, 0xBB, 0x85,
    0x3A, 0xE9, 0xF7, 0x86, 0xB9, 0x19, 0x2C, 0xC6, 0x0D, 0xF4, 0xD9, 0x28, 0x0D, 0x76, 0xE9, 0x68,
    0x46, 0x9A, 0x39, 0x9A, 0x3B, 0x9A, 0x0F, 0x66, 0xD5, 0x5C, 0xED, 0x0A, 0x6A, 0xD8, 0x57, 0x3B,
    0x8D, 0x51, 0xED, 0xCE, 0x5B, 0xCB, 0xF6, 0xEE, 0x3D, 0x71, 0x69, 0x49, 0xEF, 0xDF, 0x17, 0x95,
    0xE6, 0x4B, 0x38, 0x78, 0x1A, 0x4F, 0x22, 0x7C, 0xD1, 0xF6, 0x7C, 0xBD, 0xFF, 0x80, 0x71, 0x30,
    0xB3, 0xBC, 0x37, 0x0B, 0xAE, 0x10, 0x1B, 0x5C, 0x65, 0x4F, 0x13, 0x53, 0xC0, 0x5D, 0xC9, 0x71,
    0xD3, 0x61, 0xF1, 0x5E, 0x4F, 0xFC, 0xE9, 0x44, 0xEC, 0xD8, 0xDF, 0x79, 0x5F, 0xA0, 0xB7, 0x6C,
    0xBE, 0x0A, 0x3D, 0xE9, 0x30, 0x14, 0x5A, 0x85, 0x86, 0x3C, 0x9F, 0xCC, 0x9C, 0x5E, 0x1A, 0x0D,
    0x87, 0x51, 0xA7, 0xEE, 0xB6, 0x97, 0x49, 0x6C, 0xB1, 0x94, 0x7A, 0xE5, 0xED, 0x7B, 0x04, 0x95,
    0x18, 0xBB, 0x04, 0xE8, 0x72, 0x8C, 0x24, 0x05, 0x66, 0x92, 0x06, 0x88, 0x49, 0x5E, 0x81, 0x65,
    0xA3, 0xEB, 0x6F, 0x94, 0x8E, 0x14, 0xEF, 0x8A, 0x64, 0xFF, 0x29, 0x12, 0xFC, 0x93, 0x88, 0x5D,
    0xC4, 0xF1, 0x89, 0x23, 0x34, 0xF4, 0x33, 0x24, 0xF3, 0xF7, 0x52, 0x94, 0x85, 0x23, 0x21, 0x42,
    0x5E, 0xB4, 0x4F, 0xE7, 0x22, 0x01, 0x44, 0x32, 0xDC, 0x26, 0xC1, 0xCC, 0xC6, 0x02, 0x0C, 0x24,
    0xE6, 0x45, 0xB5, 0xCF, 0x99, 0x2F, 0x85, 0x27, 0x4D, 0x2B, 0x82, 0x76, 0x7B, 0x56, 0x94, 0x77,
    0x77, 0xF9, 0x70, 0x06, 0x7B, 0xA7, 0x79, 0x32, 0xD9, 0x59, 0xBC, 0x88, 0x9B, 0x27, 0x93, 0xA6,
    0xEB, 0x64, 0xC5, 0x06, 0x33, 0x5E, 0xA7, 0xD4, 0xEE, 0x99, 0x10, 0x56, 0x4D, 0x66, 0x5F, 0x8D,
    0xE1, 0xD0, 0x2A, 0x62, 0x0C, 0x62, 0x85, 0x1F, 0x11, 0xF7, 0x89, 0xC3, 0xBC, 0x23, 0xA6, 0xB6,
    0x29, 0x59, 0x6D, 0x67, 0xFD, 0x83, 0xBF, 0xBE, 0x95, 0xB6, 0x3F, 0x83, 0x9D, 0x55, 0x32, 0xD7,
    0xA2, 0xBF, 0x83, 0x0D, 0xF1, 0x19, 0x74, 0x0E, 0x0B, 0xB4, 0xC4, 0xD9, 0x1C, 0xE6, 0x03, 0x47,
    0x27, 0x9D, 0xAC, 0x19, 0x2D, 0xC1, 0x0D, 0xC8, 0xD8, 0x1D, 0x9A, 0xC7, 0x5C, 0x3D, 0xDB, 0xCC,
    0x29, 0xEF, 0xF6, 0x7C, 0x1E, 0xA5, 0x43, 0xFF, 0x3F, 0x6A, 0x4D, 0x65, 0x22, 0x44, 0xB8, 0x17,
    0xED, 0xDE, 0x89, 0xDA, 0xDF, 0x97, 0x98, 0x9F, 0x90, 0x07, 0x72, 0xA1, 0x0C, 0x5E, 0x60, 0xE7,
    0xEE, 0x73, 0x4C, 0x96, 0x40, 0x9D, 0x99, 0x7A, 0x92, 0xCF, 0x0D, 0x5C, 0xA7, 0x16, 0x43, 0xBA,
    0x97, 0x97, 0xC9, 0x46, 0x91, 0x7C, 0xC8, 0xDC, 0xBD, 0xE1, 0x62, 0xDF, 0x4C, 0xE6, 0xB8, 0x08,
    0xEA, 0xF7, 0x0C, 0x64, 0xBB, 0x06, 0x6C, 0x6C, 0x6C, 0x7E, 0x30, 0x19, 0x1F, 0xE5, 0x1B, 0x92,
    0xF6, 0x31, 0x12, 0x2B, 0x1F, 0xDE, 0x2E, 0x58, 0x1E, 0xE0, 0xC2, 0x2F, 0x1C, 0x11, 0x01, 0x87,
    0xB1, 0x30, 0x25, 0xD2, 0x6D, 0x3B, 0x2C, 0x06, 0x23, 0xF6, 0x0B, 0xD2, 0xC1, 0x4F, 0x31, 0x3A,
    0xCB, 0x34, 0x58, 0x89, 0x30, 0x14, 0x5A, 0x03, 0x39, 0xF8, 0x41, 0x75, 0x6B, 0xB6, 0x33, 0x99,
    0xC3, 0x68, 0xE7, 0x27, 0xE3, 0x83, 0x9D, 0xA2, 0x25, 0xAE, 0x1A, 0x26, 0x6B, 0x30, 0x3A, 0x12,
    0x00, 0x7B, 0x47, 0x22, 0x60, 0xCE, 0x31, 0x46, 0xE0, 0x3F, 0x57, 0x47, 0x24, 0x44, 0xEC, 0x18,
    0x33, 0xDC, 0x9E, 0x48, 0x0A, 0x0C, 0x24, 0x15, 0x4E, 0xBF, 0x08, 0x7B, 0x06, 0x2C, 0x56, 0x2C,
    0x64, 0x0E, 0x48, 0x32, 0x2D, 0x46, 0xF6, 0x6B, 0xB2, 0x11, 0x3A, 0x21, 0xFC, 0xCC, 0x91, 0x10,
    0x6A, 0x25, 0x45, 0x4F, 0x92, 0xA0, 0x24, 0x89, 0x46, 0x23, 0x09, 0x5A, 0x91, 0xB5, 0xE4, 0xA5,
    0x48, 0xB5, 0x74, 0xF3, 0x6E, 0x7B, 0x96, 0xDF, 0x33, 0x0B, 0xBB, 0x33, 0xB8, 0x4B, 0xD1, 0xD2,
    0x5A, 0xD1, 0x13, 0xE7, 0x89, 0x38, 0xCD, 0xC2, 0xE2, 0x05, 0x62, 0x76, 0x9B, 0x98, 0x60, 0xB4,
    0x64, 0x8A, 0x1C, 0xC6, 0xF8, 0xBB, 0xD5, 0xA2, 0x03, 0xA1, 0x55, 0xC2, 0x02, 0xEE, 0xF9, 0x10,
    0x63, 0x46, 0x8B, 0x6E, 0x89, 0x7B, 0xCD, 0x83, 0x8E, 0x18, 0xD9, 0xD6, 0xAE, 0xE7, 0x07, 0xDA,
    0xF5, 0xEE, 0xBE, 0x84, 0x35, 0xF3, 0x81, 0x95, 0xCE, 0x92, 0xEC, 0x16, 0x8E, 0x9B, 0xC1, 0xF7,
    0xEE, 0x86, 0xDC, 0x26, 0xC9, 0x50, 0x7E, 0xD9, 0xDD, 0x4B, 0xE9, 0x37, 0x06, 0x3D, 0xEF, 0x48,
    0x88, 0xEF, 0xF3, 0x9E, 0x35, 0x3D, 0x4E, 0x1C, 0x29, 0xA6, 0x67, 0xD9, 0xCA, 0xAB, 0x78, 0xCC,
    0x91, 0xE2, 0x87, 0x6A, 0xB3, 0xEA, 0x26, 0x92, 0x62, 0x77, 0x49, 0x9D, 0x59, 0xDB, 0xA6, 0xE0,
    0x3E, 0x85, 0x9E, 0xB2, 0xB4, 0x0B, 0x5F, 0x43, 0xC9, 0x9E, 0x29, 0x13, 0x42, 0x2A, 0x98, 0x8F,
    0x8F, 0x2D, 0x1D, 0x35, 0x1F, 0x9F, 0x2F, 0x69, 0xCD, 0x7B, 0x75, 0x61, 0xED, 0x97, 0x41, 0xDC,
    0x44, 0x9F, 0x4E, 0xB1, 0x83, 0xA1, 0xC0, 0x90, 0xF6, 0xCD, 0x8F, 0x06, 0xC7, 0xA5, 0xEE, 0xDA,
    0xE3, 0x79, 0x1F, 0xBB, 0x86, 0x76, 0x94, 0xBB, 0xB4, 0x06, 0x74, 0x55, 0xB3, 0x59, 0xFC, 0x53,
    0x3A, 0xB6, 0xE1, 0x49, 0x63, 0xDF, 0x92, 0x73, 0x90, 0x74, 0x77, 0xAF, 0x1D, 0x5C, 0x4F, 0x31,
    0x7A, 0xA6, 0xC0, 0xDE, 0x33, 0x5A, 0x41, 0xC4, 0xF8, 0x35, 0xC4, 0xAC, 0xFA, 0x09, 0x4A, 0x31,
    0x5A, 0x47, 0xD4, 0x9A, 0x56, 0x92, 0xA7, 0x1C, 0xF7, 0xA7, 0x8E, 0x01, 0x76, 0x7E, 0x35, 0x51,
    0x67, 0x15, 0x60, 0x99, 0x16, 0xE6, 0x64, 0xF6, 0xCC, 0x14, 0xCF, 0xCB, 0xAA, 0xB2, 0x98, 0x6B,
    0x3E, 0x72, 0x8C, 0x43, 0x04, 0x18, 0x79, 0xCB, 0x3E, 0x9D, 0x81, 0x8E, 0xC5, 0xAF, 0x2E, 0xF9,
    0xB4, 0xAC, 0x2F, 0xD9, 0xB0, 0xAC, 0x30, 0x61, 0x4F, 0x86, 0x16, 0x78, 0x97, 0x8B, 0xF8, 0xAD,
    0xAD, 0x8D, 0x6F, 0x7D, 0x8A, 0xBC, 0xCA, 0xF6, 0xCA, 0xA6, 0xDA, 0x03, 0xFC, 0x78, 0xAF, 0x39,
    0x42, 0xDF, 0x42, 0xC4, 0xEC, 0x30, 0x16, 0xA6, 0x0E, 0xDF, 0x7E, 0x29, 0xC7, 0x3F, 0x36, 0x98,
    0x8A, 0xC1, 0x88, 0xFD, 0x82, 0x98, 0xBF, 0x95, 0x4F, 0xC9, 0xE2, 0x5B, 0x76, 0x96, 0x08, 0x43,
    0x22, 0x9D, 0xAA, 0xAB, 0x9B, 0xA1, 0x73, 0x98, 0xC3, 0xD8, 0xCE, 0x48, 0x8C, 0xEA, 0x7B, 0x24,
    0x99, 0xCE, 0xA2, 0x25, 0x93, 0xB9, 0x11, 0x8C, 0xF7, 0x31, 0x5A, 0x8B, 0xE7, 0x0C, 0x6D, 0xF2,
    0x57, 0xFB, 0x02, 0x6D, 0x8E, 0xA9, 0x3A, 0xA5, 0xBF, 0x69, 0x5A, 0x3A, 0x10, 0x87, 0x39, 0x76,
    0xD5, 0xE9, 0x77, 0x32, 0x98, 0xBB, 0x98, 0x72, 0x21, 0x9C, 0x22, 0xBA, 0x84, 0x31, 0x40, 0x67,
    0x9F, 0x78, 0xC9, 0x1A, 0x5C, 0xBB, 0x38, 0x49, 0xB8, 0xD9, 0x22, 0xA1, 0x55, 0x72, 0x7C, 0x09,
    0x59, 0x1F, 0xCC, 0x86, 0x62, 0x8D, 0xEC, 0x21, 0xCC, 0xB8, 0xE4, 0x65, 0xAB, 0x37, 0x47, 0xC9,
    0x68, 0x64, 0x7B, 0x64, 0xEE, 0x28, 0x36, 0x47, 0x8A, 0x9A, 0xE3, 0x6B, 0x01, 0x82, 0xDE, 0x3E,
    0xCD, 0x01, 0xA3, 0x1E, 0xE8, 0xAD, 0xE2, 0x03, 0x8C, 0x2D, 0x76, 0x66, 0x1F, 0x53, 0xBB, 0xDD,
    0xDD, 0xB0, 0xD3, 0x5C, 0xB5, 0xBC, 0x27, 0x8C, 0x57, 0xE8, 0xDC, 0xF6, 0x66, 0x31, 0x21, 0xC2,
    0x44, 0x59, 0xBF, 0xA5, 0xD5, 0x4A, 0xF0, 0xB8, 0x25, 0x73, 0xF0, 0x06, 0xE7, 0x09, 0xA4, 0x11,
    0x95, 0x60, 0xE3, 0x1C, 0x75, 0xD6, 0x48, 0xD0, 0xB1, 0xDA, 0x1A, 0xDE, 0x95, 0x5E, 0x95, 0xE9,
    0x5E, 0xB8, 0x53, 0x3E, 0x79, 0x7C, 0x7C, 0x8D, 0xB6, 0xDA, 0x13, 0x3A, 0x0F, 0x9F, 0x6C, 0xE6,
    0xDA, 0x7C, 0x38, 0xD9, 0xB4, 0x51, 0x6D, 0x4D, 0x9F, 0xEF, 0xAC, 0x5A, 0x9F, 0x49, 0xB9, 0x12,
    0x45, 0x7E, 0xC9, 0x96, 0xAD, 0xF0, 0xB9, 0xEE, 0x60, 0x69, 0x8F, 0xBF, 0xFF, 0x1A, 0xDC, 0x99,
    0x9B, 0x40, 0x57, 0x28, 0xE4, 0x90, 0xAA, 0xAD, 0xA1, 0x00, 0xC3, 0x84, 0x9E, 0x53, 0xBF, 0x98,
    0xAF, 0xE3, 0x36, 0x8C, 0xA6, 0xF5, 0x1C, 0xC9, 0x11, 0x2E, 0x83, 0xA3, 0x8A, 0x7F, 0x85, 0xC5,
    0x98, 0x8A, 0x77, 0xC0, 0xD8, 0x31, 0xFB, 0x19, 0x95, 0x7F, 0x2D, 0x78, 0x75, 0x6F, 0xF1, 0x9E,
    0x0E, 0xCA, 0x62, 0xD8, 0x45, 0x45, 0xFF, 0xDE, 0xF6, 0x48, 0xEC, 0xE0, 0x7E, 0x69, 0xC6, 0xA5,
    0xDD, 0x49, 0x3D, 0x12, 0xCD, 0x10, 0x79, 0x3A, 0x49, 0xBA, 0xD7, 0x23, 0x6F, 0xA1, 0x36, 0x66,
    0x12, 0x54, 0x28, 0x1C, 0xBD, 0x26, 0x2F, 0xDA, 0xAF, 0x9F, 0x1B, 0xA4, 0xAD, 0xC1, 0x73, 0xC8,
    0xFE, 0xA3, 0x47, 0xEB, 0xF3, 0x36, 0x75, 0x58, 0x74, 0xC2, 0x3E, 0xC1, 0xF1, 0xB5, 0x74, 0x0C,
    0x69, 0x1A, 0x7B, 0x03, 0x97, 0xA6, 0xD2, 0x61, 0x80, 0x9B, 0x0E, 0xAD, 0x01, 0xEA, 0x4B, 0x34,
    0xCC, 0x70, 0x52, 0x30, 0xEC, 0x64, 0x78, 0xFA, 0xF3, 0x92, 0x24, 0x45, 0x2F, 0xE1, 0x4A, 0xF2,
    0x7E, 0x01, 0x6E, 0xEF, 0x9A, 0x2E, 0xF7, 0x23, 0xE3, 0x1A, 0xD6, 0x3C, 0x7D, 0x42, 0x12, 0x01,
    0x24, 0xA9, 0x27, 0xF9, 0x42, 0xE6, 0xE3, 0xD7, 0x48, 0x7A, 0xD7, 0xFF, 0x4F, 0xF0, 0xDE, 0xE9,
    0x8D, 0xDE, 0x12, 0xF8, 0xE0, 0xDC, 0x13, 0x7B, 0xF9, 0x86, 0xBC, 0x9A, 0x3B, 0x7F, 0xE9, 0x33,
    0x96, 0x76, 0x11, 0x02, 0xBF, 0x2C, 0x27, 0x33, 0xC9, 0x5C, 0x0C, 0x6C, 0x6C, 0x04, 0x5D, 0x03,
    0xAE, 0x15, 0x6A, 0x8D, 0x7D, 0x44, 0x15, 0x25, 0xAA, 0xC4, 0xD6, 0xFC, 0xD8, 0x04, 0xED, 0x9F,
    0x22, 0x78, 0x39, 0xB7, 0xB8, 0xED, 0x46, 0xBA, 0x1D, 0xBD, 0x76, 0x16, 0x72, 0xDA, 0x7F, 0x5F,
    0xD6, 0xB8, 0x3B, 0xC6, 0x69, 0xCF, 0x58, 0x46, 0x4E, 0x30, 0x47, 0x9F, 0x52, 0x12, 0x27, 0xD8,
    0x4D, 0xBC, 0xEB, 0x53, 0xA4, 0xAF, 0x53, 0xB2, 0xB7, 0x26, 0x8E, 0x72, 0x3E, 0x3B, 0x73, 0xBE,
    0x2C, 0x65, 0x7D, 0xB6, 0x9A, 0x42, 0x5E, 0x7F, 0x20, 0x86, 0xB5, 0x64, 0x98, 0xCE, 0x20, 0x57,
    0xF1, 0x08, 0xF6, 0x50, 0x98, 0xEC, 0x89, 0xB1, 0xFC, 0xFB, 0xD2, 0xC9, 0xC0, 0x98, 0xD1, 0xD9,
    0xEF, 0x38, 0xBA, 0x2F, 0x25, 0xD0, 0xA4, 0x41, 0x69, 0x9A, 0x20, 0x44, 0x0D, 0x9F, 0xEF, 0x9F,
    0x17, 0xFD, 0xFC, 0xDF, 0x1E, 0xC6, 0xF2, 0x94, 0x9F, 0xB8, 0x85, 0x8F, 0xE8, 0x2D, 0x77, 0x36,
    0xF2, 0x71, 0xA7, 0xBB, 0x59, 0xD6, 0xEB, 0x08, 0xD1, 0x53, 0xF7, 0x58, 0xAB, 0xE6, 0x60, 0x31,
    0xA7, 0x1F, 0xB3, 0x8F, 0x9A, 0x9D, 0xC5, 0xC7, 0xFC, 0xC2, 0xE3, 0xDD, 0x9B, 0x83, 0x37, 0x09,
    0x2D, 0x4A, 0x2B, 0x7A, 0x07, 0x99, 0x9B, 0x3C, 0x16, 0xFD, 0x81, 0x03, 0xA3, 0xA1, 0xFD, 0x0E,
    0x46, 0xC9, 0x4B, 0x8B, 0xB0, 0xA8, 0x4C, 0x61, 0x59, 0x9B, 0xE0, 0x16, 0x3A, 0xEF, 0xB8, 0x1B,
    0x50, 0xCF, 0xC3, 0xE4, 0xD6, 0x88, 0x84, 0x7E, 0x71, 0x28, 0x1D, 0xFC, 0xAE, 0xF9, 0xE2, 0xDF,
    0x4B, 0x61, 0x24, 0xB5, 0x55, 0x34, 0xDE, 0xE6, 0x4D, 0xC2, 0x5B, 0x3C, 0x6D, 0xBF, 0xC3, 0x75,
    0x93, 0x69, 0xEF, 0xEA, 0xC7, 0x04, 0x31, 0x9D, 0x99, 0x32, 0x51, 0xBA, 0x6B, 0x4B, 0xF0, 0xF9,
    0xA6, 0xE4, 0xAC, 0x6D, 0x03, 0x48, 0x72, 0x39, 0xB3, 0x83, 0x53, 0x89, 0xD1, 0x1F, 0x6C, 0x4A,
    0x33, 0xE1, 0xC8, 0x7C, 0x66, 0xBF, 0x3D, 0x6C, 0x53, 0x2E, 0xB8, 0xA9, 0x98, 0x2B, 0x29, 0xF4,
    0x47, 0xCE, 0x29, 0x08, 0x46, 0x15, 0xB6, 0xF8, 0x65, 0x4E, 0x92, 0x66, 0x6F, 0x09, 0x06, 0xEF,
    0xB8, 0x27, 0x63, 0x18, 0x66, 0x17, 0xD5, 0xEE, 0xF6, 0xA0, 0x78, 0xE7, 0x1E, 0xC9, 0x64, 0x9F,
    0x8D, 0x71, 0x79, 0x8C, 0xA0, 0x98, 0x77, 0xB2, 0x4A, 0xF9, 0x38, 0x5D, 0x9A, 0x23, 0x35, 0x53,
    0x72, 0x05, 0x1D, 0xA1, 0x9D, 0xEF, 0x3E, 0xFC, 0xF6, 0xC0, 0xFD, 0xF1, 0xED, 0x3F, 0x27, 0x62,
    0xEF, 0x31, 0x99, 0x19, 0x57, 0xC7, 0x80, 0x5B, 0x6D, 0x23, 0x6F, 0x32, 0x1A, 0x28, 0x2B, 0x88,
    0xDA, 0x16, 0x60, 0x0C, 0xEF, 0x50, 0x5B, 0x02, 0x96, 0xA9, 0x9D, 0xA4, 0x23, 0x52, 0x02, 0x79,
    0x9B, 0x71, 0x7B, 0x18, 0x4B, 0x70, 0x85, 0xDD, 0xDD, 0x46, 0x40, 0x9D, 0xB8, 0x23, 0xC5, 0x69,
    0x99, 0xBD, 0xE7, 0xE4, 0xEF, 0x27, 0x77, 0x54, 0x8F, 0x67, 0x63, 0x3E, 0xA5, 0x38, 0xE1, 0x7B,
    0xF9, 0xFE, 0x91, 0xFD, 0x15, 0x62, 0xAF, 0x89, 0x95, 0x72, 0x6C, 0x7A, 0xD3, 0xE6, 0xC9, 0x45,
    0xEC, 0x92, 0x81, 0xE1, 0xD4, 0xC0, 0x54, 0x7C, 0x60, 0x18, 0xD5, 0x33, 0x84, 0x52, 0x12, 0xAE,
    0xD0, 0x49, 0x09, 0xB8, 0x85, 0xBF, 0x80, 0x9E, 0x3E, 0xBE, 0x4E, 0xB9, 0x87, 0x0D, 0x64, 0xBC,
    0x96, 0xA0, 0xFC, 0x2C, 0x13, 0xEE, 0x89, 0xE9, 0xF6, 0x6C, 0x0C, 0x1F, 0x96, 0x49, 0x0C, 0x28,
    0xCD, 0x56, 0x92, 0xBD, 0xA6, 0xD8, 0xF7, 0x5F, 0xD4, 0xE8, 0x77, 0xEE, 0x07, 0x4C, 0x9C, 0x5F,
    0xB3, 0x5C, 0x5A, 0xAC, 0x90, 0xF1, 0x5A, 0x82, 0xF2, 0x73, 0x16, 0x22, 0x02, 0x5F, 0xEB, 0x20,
    0x5C, 0x5F, 0x9B, 0xE2, 0xE0, 0x39, 0xC2, 0x5A, 0x6F, 0x6B, 0x37, 0x47, 0xAD, 0xB5, 0xB1, 0xE8,
    0xFD, 0xD1, 0xF4, 0xCC, 0x75, 0x99, 0xE9, 0x32, 0xCF, 0xB5, 0x7C, 0x90, 0x95, 0x7C, 0x37, 0xC5,
    0xED, 0xBD, 0x96, 0x68, 0xA5, 0x93, 0xE8, 0xAC, 0x99, 0x39, 0x61, 0xE4, 0xDB, 0xD3, 0x71, 0xF5,
    0xEB, 0xDE, 0x07, 0x9D, 0xC1, 0xC1, 0xB6, 0x85, 0x99, 0xEA, 0x15, 0x25, 0xAA, 0xB3, 0x5C, 0x36,
    0x5B, 0x22, 0x32, 0x4B, 0x7D, 0x5D, 0x49, 0xAA, 0x29, 0x47, 0x25, 0xE6, 0xC3, 0x6F, 0x28, 0x43,
    0xAD, 0x68, 0x09, 0x21, 0x4A, 0xE6, 0xA7, 0xB3, 0xD2, 0x53, 0xE6, 0x25, 0x53, 0x43, 0xC9, 0x87,
    0x5C, 0x71, 0xF1, 0x63, 0x0E, 0xAD, 0x3E, 0x3B, 0xAB, 0xBA, 0xD5, 0x25, 0x03, 0x74, 0xF5, 0x7C,
    0x1B, 0xB3, 0x4B, 0x57, 0x71, 0x55, 0xFB, 0x7A, 0x3E, 0xC5, 0x7D, 0x06, 0x4C, 0x89, 0x3B, 0x42,
    0xCE, 0x44, 0x60, 0x9D, 0x58, 0x19, 0x67, 0x09, 0x57, 0xD2, 0x25, 0x47, 0x7C, 0x96, 0x61, 0xCA,
    0xB3, 0xB4, 0xE3, 0x67, 0x99, 0x1D, 0xFE, 0xDE, 0x9A, 0x19, 0x2A, 0x2F, 0x54, 0x56, 0xA8, 0x9C,
    0x90, 0x26, 0xF9, 0x6E, 0xC9, 0x7C, 0x70, 0x2A, 0x04, 0xB3, 0x93, 0x98, 0x99, 0xE0, 0xC4, 0x3C,
    0x70, 0x32, 0xF5, 0xA3, 0x7C, 0x92, 0xD6, 0xC9, 0x44, 0x7E, 0x56, 0x9B, 0x33, 0xED, 0x59, 0xD7,
    0x90, 0x62, 0xA7, 0xC7, 0xD2, 0x79, 0x62, 0xEA, 0xE6, 0x8E, 0xA2, 0x4C, 0xA7, 0xAC, 0x4D, 0xA7,
    0xA4, 0x77, 0x8E, 0x7C, 0x8C, 0x71, 0x4B, 0xB9, 0x2A, 0xC5, 0xB2, 0x42, 0xA1, 0x5A, 0x19, 0x41,
    0x49, 0xDA, 0x3A, 0x85, 0xA3, 0xC3, 0x14, 0x3E, 0x83, 0xF3, 0xD9, 0x74, 0xCD, 0xA3, 0x12, 0xAE,
    0x6F, 0x19, 0xE5, 0xDF, 0x6F, 0x70, 0x56, 0xB2, 0x75, 0xA2, 0xA5, 0xB2, 0xA9, 0x23, 0x30, 0x0E,
    0x09, 0xD1, 0x16, 0xA0, 0x01, 0x15, 0x1C, 0xB9, 0x7D, 0xDA, 0x52, 0xAF, 0xDF, 0xDF, 0x26, 0x7F,
    0x9B, 0x70, 0x94, 0x2D, 0xDD, 0x8F, 0x4C, 0xB6, 0x2D, 0x1A, 0xB6, 0xA7, 0x4A, 0xB3, 0x66, 0x8E,
    0x7C, 0x3A, 0x7A, 0x5B, 0xE3, 0xC7, 0xD2, 0x66, 0x38, 0xC1, 0x29, 0x76, 0xF9, 0x18, 0xA1, 0xAD,
    0xBA, 0xA2, 0x0F, 0x19, 0x63, 0x15, 0x7D, 0xB4, 0x90, 0x59, 0xD6, 0xA3, 0x6D, 0xDF, 0x6C, 0x6E,
    0x70, 0x0B, 0xBB, 0xA5, 0xDE, 0xD2, 0x8A, 0x35, 0x08, 0x31, 0xE9, 0x0D, 0x4F, 0xD3, 0x29, 0x53,
    0x11, 0xAF, 0x75, 0x4F, 0x92, 0x7A, 0x51, 0xAA, 0xF7, 0xA0, 0xF5, 0xE1, 0x27, 0xD8, 0xC9, 0x7B,
    0x57, 0xBD, 0xD6, 0xBF, 0xAC, 0x55, 0x28, 0x70, 0xF1, 0x1E, 0x4F, 0x3B, 0xDF, 0x15, 0x55, 0x27,
    0x77, 0x47, 0xD5, 0xEC, 0xB2, 0x6F, 0xC7, 0x88, 0x47, 0x7B, 0xA3, 0xA0, 0xF1, 0x72, 0x3C, 0x19,
    0x24, 0x9B, 0xA5, 0x32, 0x2E, 0x15, 0xAE, 0x8A, 0x87, 0xE3, 0x30, 0x9F, 0x86, 0x33, 0xD8, 0x6F,
    0x02, 0xDE, 0xD7, 0x2D, 0xAC, 0xB9, 0x5A, 0x16, 0x6D, 0x45, 0xEC, 0x1A, 0x87, 0x79, 0x9F, 0xCF,
    0xAF, 0x5B, 0x3A, 0x26, 0x13, 0xD7, 0xA7, 0x58, 0x8B, 0xD6, 0x89, 0x43, 0xA3, 0x75, 0xD3, 0x36,
    0xC7, 0xBC, 0xB4, 0xC4, 0x29, 0x55, 0x9B, 0x3D, 0xEF, 0xC3, 0x9D, 0xA6, 0x97, 0x9E, 0xF5, 0x76,
    0xA4, 0x96, 0x34, 0x63, 0x8B, 0x2C, 0x67, 0x3C, 0x48, 0x6B, 0xC1, 0x11, 0xFB, 0x93, 0xCF, 0x94,
    0x7E, 0x76, 0xDD, 0x92, 0x0D, 0x16, 0xEF, 0x4C, 0xDC, 0x42, 0x7D, 0x22, 0xEF, 0x8B, 0x6F, 0xA7,
    0x73, 0xC3, 0x34, 0x75, 0x0C, 0xA9, 0x44, 0x83, 0x92, 0xAB, 0x72, 0xBA, 0xAC, 0xFD, 0x61, 0xBB,
    0x6A, 0xDF, 0x1E, 0x0E, 0x3F, 0x24, 0x94, 0xCD, 0x9F, 0xA5, 0x9A, 0xC9, 0x99, 0x94, 0x77, 0xED,
    0x09, 0x73, 0x87, 0xE9, 0x48, 0x3E, 0xD1, 0x33, 0x21, 0xF0, 0xB7, 0x27, 0x44, 0xCA, 0x21, 0x2C,
    0xE6, 0x0A, 0x1A, 0xB5, 0x2F, 0x95, 0xA6, 0x36, 0x1D, 0x16, 0x5D, 0xB0, 0xC3, 0xAE, 0x1A, 0xE3,
    0xBE, 0x39, 0xC5, 0x94, 0x0F, 0x05, 0x30, 0x35, 0x0C, 0x74, 0xFF, 0x9B, 0xAB, 0x82, 0x76, 0x66,
    0x2E, 0x9C, 0xF4, 0xDF, 0x55, 0xC6, 0x4D, 0x73, 0x4D, 0xFC, 0x76, 0x86, 0x0F, 0xBC, 0xCC, 0xCE,
    0x8D, 0xBC, 0xEE, 0x2A, 0x5F, 0x3B, 0x76, 0xD3, 0xC6, 0xD4, 0x67, 0xE1, 0x06, 0xED, 0x19, 0xF0,
    0xFA, 0x22, 0x4B, 0x25, 0x2C, 0xBA, 0xC4, 0xB2, 0x5D, 0xD3, 0xE5, 0x75, 0xE1, 0xEC, 0x99, 0xB3,
    0x88, 0x01, 0xBC, 0xC3, 0x94, 0x9E, 0x71, 0xA4, 0x85, 0x54, 0x5D, 0x42, 0xE5, 0xC7, 0x50, 0x71,
    0xBD, 0xC4, 0x11, 0xDA, 0x40, 0x78, 0x70, 0x40, 0xBD, 0x89, 0xEF, 0xAF, 0x5B, 0x58, 0x27, 0x5A,
    0xAF, 0xDA, 0x54, 0xA4, 0xCB, 0x48, 0xB8, 0x03, 0xE1, 0xEE, 0xA5, 0x63, 0x80, 0x52, 0x41, 0x0D,
    0x5A, 0x19, 0x3C, 0x49, 0x80, 0x53, 0xB4, 0xBF, 0xAD, 0x78, 0xAC, 0x7E, 0x59, 0x63, 0x10, 0x68,
    0x79, 0x99, 0x62, 0x47, 0x92, 0xBF, 0xF9, 0x4E, 0x3A, 0x31, 0x23, 0x9C, 0x8B, 0xDE, 0x91, 0x6E,
    0x56, 0x2C, 0xF5, 0xCF, 0xDF, 0xAD, 0x6A, 0xE5, 0x50, 0x1F, 0x97, 0x9E, 0xF5, 0x36, 0x77, 0x7F,
    0xEC, 0xBE, 0x26, 0x54, 0xB5, 0x8B, 0x37, 0x1E, 0x35, 0xEC, 0xCF, 0x68, 0x0F, 0xED, 0x6A, 0xEB,
    0x1C, 0x49, 0x9F, 0x0F, 0x11, 0x43, 0x8C, 0x29, 0xF1, 0x3E, 0x6E, 0xBA, 0xB3, 0x08, 0xC1, 0x92,
    0x25, 0x4C, 0xA1, 0x0C, 0xDC, 0xEA, 0x0B, 0x3E, 0x2A, 0x9B, 0x02, 0xE1, 0x60, 0xAB, 0xED, 0xA4,
    0xC4, 0xAD, 0x1D, 0x3D, 0xFA, 0x2D, 0x83, 0xF4, 0x2D, 0x62, 0xDE, 0x57, 0x0C, 0x27, 0xFB, 0x44,
    0x4E, 0xA2, 0x61, 0xF8, 0xF3, 0xE6, 0xA3, 0xDD, 0x32, 0x58, 0x37, 0x7A, 0xAA, 0x56, 0xA3, 0x41,
    0xAA, 0x73, 0x7B, 0xE4, 0xDB, 0x09, 0x97, 0x89, 0xF1, 0xA4, 0x91, 0x11, 0xB7, 0xDE, 0xF9, 0x10,
    0xF6, 0x19, 0x5E, 0xD6, 0x4B, 0xC9, 0xA2, 0x3E, 0x80, 0xAE, 0xD9, 0x47, 0x24, 0x6B, 0x3F, 0xF7,
    0xD7, 0x2C, 0x5E, 0xFF, 0x3F, 0x92, 0xD3, 0x67, 0xAF, 0x48, 0xE4, 0xE2, 0x6D, 0xC9, 0x5F, 0x75,
    0x32, 0xF7, 0x62, 0xF7, 0xA9, 0xBB, 0x7F, 0x1B, 0xFA, 0x90, 0x32, 0xFC, 0x60, 0x4C, 0x61, 0x16,
    0xED, 0xE3, 0xC1, 0xE1, 0x1C, 0xD6, 0xC4, 0xF5, 0xE7, 0x5C, 0x95, 0x47, 0x9B, 0xF3, 0xBF, 0x21,
    0x63, 0x45, 0xC4, 0xCB, 0x28, 0x15, 0x3D, 0xD8, 0x8B, 0xDB, 0x5F, 0x2F, 0x7F, 0xF5, 0xF9, 0xBF,
    0x4A, 0xDA, 0x72, 0x49, 0x74, 0x47, 0x2F, 0xAA, 0x73, 0x7B, 0xF4, 0x7B, 0x03, 0x39, 0xB1, 0x6A,
    0xB5, 0x66, 0x1C, 0xB8, 0xBC, 0xFC, 0xF0, 0xF6, 0x0B, 0xFE, 0x70, 0x70, 0x10, 0xC9, 0x51, 0xED,
    0x0F, 0x5C, 0xA8, 0x3B, 0x1F, 0xE0, 0x46, 0xC2, 0xF9, 0xDE, 0xFA, 0x83, 0xDB, 0x64, 0x50, 0xAE,
    0x95, 0xF7, 0xEB, 0xA1, 0xF3, 0x8F, 0xC8, 0xE6, 0x83, 0x64, 0x91, 0x54, 0x5B, 0x5C, 0xAF, 0x9F,
    0x3F, 0x16, 0xC1, 0x15, 0x4D, 0xAA, 0x78, 0x0D, 0x90, 0x6F, 0x5A, 0xF1, 0x9E, 0xBE, 0x32, 0xB0,
    0xA2, 0x9F, 0x2F, 0x15, 0x7D, 0x31, 0x66, 0x68, 0x26, 0x3A, 0xC4, 0xC8, 0x07, 0xC8, 0x75, 0xAC,
    0xE4, 0xBE, 0xBD, 0xD3, 0x37, 0x74, 0x04, 0x11, 0x97, 0xBF, 0xD9, 0x53, 0x9E, 0xDB, 0x87, 0xB5,
    0x69, 0xA1, 0x59, 0x59, 0xF4, 0x5B, 0xE0, 0xB5, 0x47, 0xBF, 0x9B, 0x61, 0x9B, 0x81, 0x49, 0x29,
    0x45, 0x36, 0x78, 0x4E, 0xBD, 0xC6, 0xF2, 0xC1, 0x6D, 0x78, 0x44, 0xB4, 0xCE, 0xD5, 0xC4, 0x79,
    0xFE, 0x51, 0xD9, 0x04, 0x59, 0x4B, 0xBA, 0xA4, 0x18, 0xC2, 0x7E, 0xE5, 0x0F, 0x63, 0xF5, 0x01,
    0x6E, 0x97, 0xAC, 0xF6, 0x1A, 0xCD, 0xFE, 0xE0, 0xF9, 0xA3, 0xDC, 0x42, 0x51, 0xD1, 0x6B, 0x25,
    0x87, 0x26, 0x8E, 0xB8, 0x55, 0x94, 0x0F, 0x6C, 0x97, 0xC5, 0x47, 0x45, 0x0A, 0x87, 0x6B, 0x52,
    0xAD, 0x9A, 0x8F, 0x78, 0xF7, 0x25, 0x7B, 0x95, 0xBB, 0x2F, 0xC5, 0x0F, 0xA1, 0x50, 0x67, 0x52,
    0xA4, 0x73, 0x69, 0xFB, 0x03, 0xF7, 0x47, 0x75, 0x27, 0x26, 0x28, 0xB9, 0xFA, 0x58, 0x22, 0x55,
    0x2C, 0xED, 0x31, 0xF3, 0xEC, 0x1D, 0xC8, 0x67, 0x7C, 0x61, 0xAA, 0x78, 0x93, 0x2D, 0x1A, 0x93,
    0x8A, 0xA4, 0x67, 0x5F, 0xD5, 0xDB, 0xDF, 0x95, 0x24, 0xFD, 0x39, 0x74, 0x5C, 0xFB, 0x77, 0x4B,
    0x7D, 0x44, 0x7F, 0x03, 0x17, 0x4A, 0x2B, 0x96, 0xC7, 0x3C, 0xC5, 0x81, 0xD6, 0x2E, 0xBA, 0xBF,
    0xE1, 0x44, 0x6F, 0x8D, 0x7A, 0x95, 0xA4, 0x5D, 0x04, 0x6B, 0xFC, 0xB9, 0xE1, 0x0E, 0x65, 0x2F,
    0x44, 0x4A, 0x48, 0x23, 0xC4, 0x8A, 0xB5, 0x22, 0x04, 0x8A, 0x2D, 0x9E, 0x83, 0x7D, 0xC6, 0xCC,
    0xA6, 0xE5, 0xBD, 0x97, 0x36, 0xF2, 0x76, 0xF7, 0x23, 0xBB, 0x55, 0xC6, 0x2D, 0x91, 0xA0, 0x8A,
    0x99, 0x81, 0x0B, 0xD7, 0x45, 0x9A, 0x5E, 0x04, 0xBD, 0x84, 0x44, 0x2F, 0x59, 0x4E, 0xAF, 0x4B,
    0xC4, 0xD2, 0x44, 0xD4, 0x65, 0x22, 0xF9, 0x20, 0x92, 0x4E, 0x22, 0x09, 0x44, 0x22, 0x11, 0xC9,
    0xB6, 0x8A, 0x06, 0x5F, 0xCE, 0xA5, 0x8A, 0x8C, 0x88, 0xCF, 0x8B, 0xD2, 0x37, 0x8B, 0x32, 0x3F,
    0x7D, 0xFB, 0x48, 0x12, 0x36, 0xA0, 0xB7, 0xBC, 0xE9, 0x95, 0x79, 0x4C, 0x32, 0xF7, 0x66, 0x57,
    0xA1, 0x6F, 0x04, 0x53, 0x6A, 0x9A, 0x8D, 0xA2, 0x3B, 0xD2, 0x77, 0x0B, 0x47, 0x07, 0xBB, 0x78,
    0xD9, 0x9D, 0xD3, 0xD1, 0xA4, 0x68, 0x76, 0x95, 0xA3, 0x8D, 0xF3, 0x70, 0x9C, 0xE6, 0x6C, 0xBF,
    0x68, 0x39, 0x9D, 0x9A, 0x5D, 0x5C, 0x72, 0x21, 0xF2, 0xEF, 0x7F, 0xC2, 0x54, 0x2A, 0xAC, 0xA5,
    0x7D, 0x18, 0x9E, 0x55, 0x76, 0x07, 0xB7, 0x18, 0x7C, 0xB9, 0xB9, 0x79, 0xFC, 0xFA, 0x91, 0xF8,
    0x1C, 0x2A, 0x25, 0xF9, 0xC6, 0xF3, 0x1D, 0x79, 0xF8, 0xD2, 0x8B, 0xBF, 0x79, 0xEC, 0x4A, 0xE3,
    0xF9, 0xBF, 0xB8, 0x62, 0x4F, 0x5A, 0xEE, 0x79, 0xA0, 0x9E, 0xCD, 0x5F, 0x2F, 0x80, 0x5F, 0x20,
    0x3B, 0xE8, 0x82, 0x71, 0xCE, 0x66, 0xB6, 0x1F, 0x46, 0xA7, 0xCD, 0xF4, 0x64, 0x3A, 0x98, 0xD3,
    0x2D, 0x51, 0x98, 0x92, 0xCC, 0x37, 0xE4, 0x73, 0xFC, 0x47, 0x58, 0x50, 0x7C, 0x2C, 0x53, 0x15,
    0x1F, 0x0B, 0x79, 0xC9, 0xCB, 0xD3, 0x32, 0x9A, 0x60, 0x9B, 0x17, 0x31, 0xDB, 0x22, 0xBF, 0xD7,
    0xEB, 0x2C, 0xF2, 0xEE, 0xFA, 0x8D, 0x6B, 0x4E, 0x54, 0xAC, 0xF3, 0x22, 0xE3, 0xB8, 0x70, 0xB2,
    0xA2, 0x35, 0xCE, 0x4E, 0xE0, 0x95, 0x89, 0x12, 0xF6, 0x2F, 0xC6, 0xCF, 0x01, 0x8E, 0x1D, 0xB9,
    0x9A, 0xE5, 0x38, 0x3D, 0x71, 0xB2, 0x79, 0x49, 0x1A, 0xC0, 0xBF, 0x91, 0xB1, 0xE0, 0x0F, 0x94,
    0x47, 0xFF, 0x18, 0x9D, 0xC5, 0x0E, 0xDD, 0x33, 0x03, 0x03, 0xDD, 0xA4, 0xCF, 0xFB, 0x59, 0xAF,
    0x9A, 0x8D, 0xDB, 0x68, 0x0C, 0x2A, 0x7F, 0xFC, 0x53, 0x87, 0xF6, 0xB1, 0x6B, 0x97, 0x7E, 0xD5,
    0x12, 0x76, 0x96, 0x52, 0xC2, 0x3A, 0xBD, 0x47, 0xC2, 0xC2, 0xB7, 0x70, 0xF9, 0xEF, 0x3B, 0x0B,
    0xAB, 0xAB, 0xB7, 0x99, 0x76, 0x17, 0x8E, 0x4F, 0xF7, 0xC5, 0x49, 0x67, 0x0C, 0x93, 0x3A, 0xD7,
    0xDE, 0x45, 0xC7, 0x1B, 0x36, 0x6F, 0x0C, 0xE1, 0x9E, 0xFC, 0x5F, 0x4A, 0x58, 0xFD, 0x92, 0x12,
    0x66, 0x80, 0x72, 0xA1, 0xE2, 0x80, 0x01, 0x88, 0xD1, 0x06, 0xCD, 0x63, 0xD5, 0x11, 0xB3, 0x96,
    0x48, 0xE7, 0xFD, 0xC1, 0xF7, 0xE1, 0x9A, 0x6A, 0xEF, 0x2C, 0x9C, 0x4D, 0xB2, 0xED, 0x25, 0x89,
    0x10, 0x1E, 0xCB, 0x8A, 0xB8, 0x89, 0x9B, 0x13, 0xA2, 0x24, 0x7C, 0x34, 0x7D, 0xB8, 0x8E, 0x72,
    0x9B, 0x1F, 0xD0, 0x47, 0xF3, 0xF1, 0x06, 0x23, 0xE8, 0xAE, 0xC7, 0x4A, 0xF8, 0x31, 0x73, 0x88,
    0x43, 0x99, 0xDE, 0x9F, 0xF3, 0x4B, 0x1E, 0xA5, 0x66, 0x69, 0x38, 0xA7, 0xE9, 0x7A, 0x5F, 0x01,
    0x62, 0x48, 0xD4, 0x7F, 0xC3, 0x9C, 0xD2, 0x49, 0x00, 0xFF, 0x82, 0xD7, 0xF3, 0x53, 0xB4, 0xE4,
    0xF4, 0x73, 0xE3, 0xCE, 0xB9, 0xE1, 0xBF, 0x9C, 0x9E, 0xCC, 0x7B, 0x57, 0xB9, 0xEA, 0x22, 0xE0,
    0x85, 0xD1, 0x71, 0x4D, 0x6B, 0xC0, 0x17, 0x98, 0x62, 0x34, 0xBB, 0x08, 0x88, 0x26, 0xB4, 0xD6,
    0x9C, 0x36, 0x38, 0xB5, 0x3F, 0x43, 0xCB, 0x06, 0x1D, 0x26, 0x8C, 0xD5, 0x97, 0xE4, 0xD4, 0xB4,
    0x39, 0xB9, 0x88, 0xF2, 0x34, 0xDF, 0x03, 0xC9, 0x22, 0x7F, 0x69, 0x2A, 0x41, 0x83, 0x6B, 0xF6,
    0x4B, 0x69, 0xA4, 0x51, 0x12, 0xD1, 0x3A, 0x2E, 0x8D, 0xA4, 0x07, 0x05, 0xF8, 0x31, 0xF6, 0x0E,
    0xA9, 0xC7, 0x0F, 0xB8, 0x6D, 0xEF, 0x35, 0x9A, 0x9B, 0xC2, 0x6B, 0xF4, 0x0D, 0x20, 0x9D, 0x9C,
    0xF4, 0x55, 0xC7, 0xF5, 0x7A, 0xA4, 0xF4, 0xAD, 0x39, 0xFC, 0x4D, 0x72, 0xBB, 0x48, 0x5B, 0x82,
    0xE6, 0x35, 0xBA, 0x01, 0x06, 0xAF, 0x50, 0xF1, 0x16, 0x7F, 0x9B, 0x7E, 0x51, 0x1A, 0xD1, 0xBA,
    0x4A, 0x69, 0x14, 0xE1, 0x35, 0x71, 0x0A, 0x7E, 0xCE, 0x72, 0xB8, 0xB1, 0x70, 0xBE, 0x86, 0xCA,
    0x1D, 0x2E, 0x5F, 0xB9, 0xE0, 0x48, 0x9C, 0x8A, 0xE3, 0x70, 0xA7, 0xF4, 0x0F, 0xE6, 0xF5, 0x01,
    0x4F, 0x08, 0x75, 0x2B, 0x7D, 0xEF, 0x10, 0xE3, 0xF8, 0xF8, 0x88, 0x7C, 0x8A, 0x21, 0x5F, 0x3F,
    0xDD, 0x47, 0xDF, 0xA8, 0x22, 0xF9, 0xF9, 0xBA, 0xB4, 0x19, 0xC9, 0xEB, 0xCB, 0x9E, 0xE3, 0x93,
    0x49, 0xBC, 0x3E, 0xEF, 0x49, 0xC9, 0x2F, 0xDF, 0xF8, 0xE4, 0x7C, 0x26, 0xC6, 0x54, 0xBD, 0x83,
    0x44, 0x75, 0xFD, 0xD7, 0x3E, 0x89, 0xEC, 0xD9, 0x69, 0x1F, 0xBE, 0x3A, 0x47, 0x13, 0x7D, 0xBE,
    0xFF, 0xEE, 0x27, 0xC4, 0x31, 0x96, 0x8F, 0x7F, 0x06, 0x9F, 0x34, 0x45, 0x5E, 0xC2, 0xC2, 0x27,
    0x50, 0x52, 0x3E, 0x25, 0x7F, 0xF8, 0x16, 0xE8, 0xF9, 0x74, 0x52, 0x9F, 0x96, 0x5E, 0xFE, 0x07,
    0x7D, 0x2C, 0xEC, 0x37, 0xED, 0x87, 0x4C, 0xBB, 0xD9, 0x43, 0x05, 0x29, 0x06, 0xCC, 0xEB, 0x17,
    0x4A, 0xEF, 0x8D, 0xF8, 0x06, 0x2C, 0x75, 0x12, 0xFF, 0x07, 0x18, 0x5E, 0xA7, 0x3F, 0x24, 0x31,
    0xFB, 0xC2, 0xAC, 0xD0, 0xB9, 0xA1, 0x44, 0x37, 0x4F, 0xD0, 0x7B, 0xC1, 0xB4, 0x87, 0xC8, 0x91,
    0x96, 0x50, 0x24, 0xF3, 0x1F, 0x89, 0x0C, 0x91, 0x27, 0xB1, 0xC8, 0x7C, 0x22, 0x02, 0x6C, 0xF6,
    0xFD, 0x0C, 0xEF, 0x89, 0x5C, 0x7C, 0x4E, 0xC4, 0x22, 0xAF, 0x13, 0xA6, 0xBB, 0x61, 0xF4, 0x77,
    0x82, 0x3F, 0x71, 0xD0, 0x60, 0xF2, 0xB5, 0x13, 0x42, 0xCA, 0xB0, 0x98, 0xDA, 0x13, 0x82, 0x32,
    0xC1, 0x71, 0xD3, 0x52, 0xA8, 0x5D, 0x20, 0x5D, 0xBD, 0x75, 0xB0, 0x9A, 0x1A, 0xC8, 0xD5, 0x7F,
    0x6B, 0x03, 0xB3, 0xAA, 0x1D, 0xC0, 0xD5, 0x3D, 0x69, 0xD7, 0x5D, 0x98, 0xCE, 0x72, 0x59, 0xEA,
    0x97, 0xCA, 0x07, 0x09, 0x54, 0x1D, 0xDA, 0x8B, 0x1F, 0x42, 0xA0, 0x82, 0x02, 0x05, 0x95, 0xF6,
    0x55, 0x1D, 0x3C, 0x83, 0x41, 0xC6, 0x6C, 0x7A, 0x6F, 0x32, 0x97, 0x55, 0x97, 0xD2, 0x75, 0xA4,
    0x23, 0x61, 0x32, 0x6D, 0xDD, 0xA2, 0x5F, 0x1B, 0xA8, 0x2D, 0x57, 0x47, 0x7F, 0x75, 0x63, 0xDF,
    0xBB, 0xF7, 0xE5, 0x5A, 0x6D, 0xDD, 0xEA, 0x6D, 0x5B, 0xEE, 0x85, 0xF9, 0xF5, 0x23, 0x71, 0x72,
    0xCB, 0x75, 0xBE, 0x0C, 0x25, 0x3A, 0xC7, 0xA5, 0xE2, 0x7A, 0xC7, 0x65, 0x8C, 0x6E, 0x9A, 0xC1,
    0x71, 0xFE, 0x23, 0x4E, 0x5E, 0x53, 0x90, 0xD4, 0x1C, 0xB8, 0x14, 0xED, 0x81, 0x9B, 0x8D, 0xCF,
    0x0D, 0x16, 0x25, 0x13, 0x7D, 0x64, 0x36, 0xDB, 0xD5, 0x57, 0x70, 0x03, 0xBE, 0xBD, 0x37, 0xA5,
    0xBD, 0xF4, 0xF0, 0x9E, 0xDB, 0xA1, 0x65, 0x38, 0x51, 0xAE, 0xF6, 0x73, 0xB3, 0x97, 0x5C, 0x5D,
    0xB0, 0x94, 0x67, 0x71, 0xC9, 0xE4, 0x3D, 0x5E, 0x55, 0x92, 0x24, 0xC5, 0x52, 0x3F, 0xC4, 0x7B,
    0xAB, 0x06, 0x4A, 0x90, 0x8E, 0xC4, 0x6C, 0xE4, 0xF6, 0x31, 0xC6, 0xE5, 0x6E, 0xEC, 0xD7, 0xA7,
    0x86, 0xB5, 0xD4, 0xEF, 0xEA, 0x00, 0x02, 0x06, 0xEF, 0x51, 0x28, 0x80, 0x5A, 0xDB, 0x33, 0x0E,
    0xA3, 0xD2, 0xC2, 0x74, 0xB0, 0x9C, 0xFF, 0x39, 0xA0, 0x8B, 0x0E, 0xDD, 0xF2, 0x5E, 0xAB, 0xA0,
    0xD4, 0xF1, 0x2B, 0xA5, 0x19, 0xD6, 0xD2, 0x3E, 0x90, 0xF5, 0x01, 0xA6, 0x70, 0xCB, 0x06, 0x1C,
    0x82, 0x59, 0x2C, 0x39, 0x1F, 0xF3, 0x86, 0x77, 0x42, 0xCC, 0x44, 0xAF, 0xAE, 0xC8, 0xBA, 0xF1,
    0x80, 0x13, 0x8A, 0x6C, 0x3E, 0xB9, 0xFF, 0x41, 0x43, 0x96, 0xBA, 0x4F, 0x3E, 0xBC, 0xE4, 0xE3,
    0x7B, 0x45, 0x97, 0x9E, 0x55, 0x70, 0x29, 0x2D, 0x26, 0xC6, 0x96, 0x1A, 0x95, 0x9C, 0x89, 0xEB,
    0xA2, 0xD2, 0x68, 0x62, 0x23, 0xE1, 0x1A, 0x58, 0xD6, 0x4B, 0x5C, 0x99, 0x60, 0xDC, 0x86, 0x95,
    0xED, 0x19, 0xAC, 0xEF, 0xBF, 0x9C, 0x6B, 0xA1, 0x55, 0x4D, 0x8F, 0x7A, 0x30, 0x53, 0x48, 0xA1,
    0x39, 0x92, 0xFC, 0xFC, 0x5A, 0xE2, 0xFF, 0xBE, 0x83, 0xC8, 0x2B, 0x54, 0x77, 0xD0, 0x93, 0xAD,
    0xC3, 0xD3, 0x6F, 0x9E, 0x57, 0x77, 0x5C, 0xEA, 0xA6, 0xF7, 0xD4, 0xD5, 0xE2, 0x22, 0x71, 0x9E,
    0x3E, 0xB2, 0x47, 0x25, 0x6D, 0x05, 0xED, 0x88, 0x53, 0x5A, 0x9F, 0x2D, 0xC5, 0x53, 0x88, 0xDA,
    0x92, 0x29, 0x45, 0xEF, 0x30, 0xC7, 0xE4, 0xB0, 0xF8, 0x06, 0x1D, 0x43, 0x71, 0x59, 0x3E, 0x82,
    0x1E, 0x70, 0xFD, 0x86, 0x9E, 0x1D, 0x7C, 0x8F, 0xCC, 0x2A, 0xED, 0x83, 0xD8, 0x5A, 0x09, 0x8B,
    0x94, 0xF1, 0xF9, 0x0A, 0xD3, 0x15, 0x69, 0xC4, 0x22, 0xB6, 0xF1, 0x75, 0xC8, 0x42, 0xA5, 0x23,
    0xAB, 0x5C, 0x05, 0x3D, 0x59, 0xA6, 0x2A, 0x56, 0x88, 0x65, 0x8B, 0x41, 0xA3, 0x07, 0x0A, 0x4E,
    0x7B, 0x55, 0x53, 0x9E, 0x92, 0xCF, 0x6C, 0x4C, 0x69, 0x4A, 0xDA, 0x5B, 0xD3, 0xF9, 0x2C, 0x25,
    0x75, 0x86, 0xD4, 0xF9, 0x24, 0x25, 0x3A, 0x38, 0x4A, 0x8C, 0x81, 0xD8, 0xF8, 0xE0, 0xE4, 0x28,
    0x83, 0xBA, 0xE7, 0x9B, 0x45, 0xB7, 0x26, 0x28, 0x8E, 0xFD, 0x7F, 0xA2, 0xA6, 0x8C, 0x49, 0xE5,
    0xB0, 0x63, 0xAA, 0x92, 0x60, 0x2F, 0xBA, 0x9A, 0x99, 0x0A, 0x7A, 0xF4, 0x87, 0x47, 0xDB, 0x62,
    0x34, 0x5F, 0x2A, 0x46, 0xBD, 0xBE, 0x3C, 0x6E, 0xE1, 0x1A, 0xF7, 0x9C, 0x2D, 0x3E, 0xDC, 0x79,
    0x06, 0xCB, 0x5F, 0x21, 0xC4, 0x84, 0x14, 0xA5, 0xDF, 0xC1, 0xD4, 0x0A, 0x52, 0x16, 0x5D, 0xC1,
    0xCC, 0xB5, 0xA1, 0x53, 0x47, 0x3C, 0x66, 0xFB, 0xE6, 0x64, 0x4C, 0xA8, 0x83, 0x34, 0x0B, 0x1D,
    0x70, 0xA1, 0x3A, 0xB2, 0xCC, 0xAF, 0x0F, 0xB1, 0x6A, 0xD0, 0xA1, 0x54, 0xE8, 0x0B, 0xD6, 0xC8,
    0xC7, 0xEF, 0x45, 0x63, 0x0A, 0x9C, 0x0C, 0x52, 0x3D, 0x90, 0x57, 0xCD, 0x31, 0x9B, 0x16, 0x48,
    0xAC, 0xA5, 0x7E, 0x20, 0x4B, 0x25, 0xCB, 0x43, 0x27, 0xFD, 0x31, 0x8E, 0xCF, 0x0C, 0x6A, 0x88,
    0x75, 0x50, 0x93, 0x3B, 0x83, 0x9A, 0xE2, 0xF4, 0x30, 0xA8, 0xF9, 0x6C, 0xCF, 0x2F, 0x83, 0x5A,
    0x38, 0x2D, 0x76, 0xC6, 0x41, 0xE5, 0x39, 0x06, 0x3F, 0xA8, 0x14, 0x7B, 0x2A, 0x60, 0x62, 0x9B,
    0x5B, 0x93, 0xFE, 0xB2, 0xC3, 0xF2, 0xA1, 0x89, 0x9C, 0x3F, 0x0C, 0x38, 0xA8, 0x53, 0x13, 0x4F,
    0xC9, 0x7C, 0xB2, 0x8C, 0xA4, 0x1F, 0xDF, 0x65, 0x56, 0x8B, 0xB5, 0x8A, 0xFA, 0x15, 0xA8, 0x34,
    0xA8, 0xDC, 0x61, 0xBF, 0xE6, 0x1A, 0x5B, 0x04, 0xBB, 0x2F, 0x59, 0xFD, 0xFA, 0x96, 0x7C, 0x52,
    0x3B, 0x03, 0x3E, 0x00, 0xBE, 0x97, 0xB8, 0x40, 0x9A, 0xF7, 0xE4, 0xA9, 0xCF, 0x23, 0xF9, 0x24,
    0x92, 0xCE, 0x22, 0x31, 0x6A, 0x92, 0xD0, 0x13, 0x7B, 0xC3, 0x44, 0xD6, 0x1D, 0x9A, 0xF2, 0x1E,
    0xB0, 0xBB, 0x0B, 0x65, 0xA9, 0x95, 0x5C, 0xDC, 0x01, 0xCA, 0x50, 0xAB, 0x99, 0x7B, 0x21, 0xF7,
    0x11, 0x9B, 0xE9, 0xAD, 0x7A, 0xA7, 0xDE, 0xE8, 0xDF, 0xA7, 0xBD, 0xC1, 0x7B, 0xC0, 0xBB, 0xC0,
    0xE0, 0x8B, 0x0E, 0xAA, 0x25, 0x9C, 0xB1, 0x94, 0xC0, 0x10, 0xC2, 0x37, 0x97, 0xF7, 0x1E, 0x66,
    0x07, 0x11, 0xC3, 0xE9, 0x08, 0x5D, 0x0A, 0x37, 0xC9, 0xA2, 0x25, 0xD1, 0x41, 0xA9, 0xBA, 0x56,
    0xFD, 0x3B, 0x2C, 0x46, 0x8B, 0x3A, 0x45, 0xDB, 0xB4, 0x0E, 0x8A, 0x2E, 0x71, 0xC0, 0x4A, 0xD9,
    0x68, 0xE0, 0xA6, 0xE0, 0x27, 0xEC, 0xC2, 0x43, 0xFE, 0x45, 0xDC, 0x85, 0xAB, 0x24, 0x21, 0x40,
    0x92, 0x79, 0x52, 0x88, 0x5C, 0x00, 0x8E, 0x5F, 0xB3, 0xC0, 0x3F, 0x9D, 0x30, 0xEC, 0xBB, 0x6E,
    0xB9, 0x23, 0x09, 0x3F, 0xD8, 0x47, 0xAB, 0x6D, 0xCA, 0xAA, 0xCB, 0x50, 0x56, 0x6D, 0x31, 0x37,
    0x24, 0x99, 0x37, 0xD1, 0x7F, 0xA0, 0xBE, 0x39, 0x86, 0x46, 0x51, 0xC6, 0x14, 0x34, 0xFE, 0xEF,
    0x8C, 0x38, 0x1B, 0x72, 0x4E, 0x26, 0x92, 0x74, 0x46, 0x69, 0xB9, 0xF3, 0x28, 0x3E, 0x4E, 0xE9,
    0xF5, 0x89, 0x09, 0xEA, 0xA2, 0x66, 0x26, 0x6D, 0x4F, 0x2A, 0xEF, 0x71, 0x20, 0x61, 0xEF, 0x86,
    0xCE, 0x4B, 0xFE, 0xF4, 0xC9, 0x21, 0xA0, 0x24, 0xE4, 0x84, 0xE2, 0xD4, 0xC9, 0xEB, 0x87, 0xE7,
    0xDD, 0xAF, 0xD5, 0xBC, 0xB1, 0xB3, 0x84, 0x20, 0x2E, 0x07, 0xC7, 0xD2, 0x4F, 0xF9, 0xC8, 0xC9,
    0x37, 0xA4, 0x0A, 0xB0, 0xFC, 0x30, 0x2C, 0xF1, 0x76, 0x43, 0x08, 0xFE, 0x7A, 0x5E, 0xFF, 0x6C,
    0x40, 0xE3, 0xFA, 0x3D, 0x4A, 0xF2, 0xC4, 0xC3, 0x06, 0x94, 0x3B, 0xC9, 0x47, 0xEF, 0x42, 0x21,
    0xE7, 0xE3, 0x23, 0x72, 0x31, 0x7C, 0x18, 0x39, 0xAC, 0xC1, 0xE3, 0x60, 0xB9, 0xB8, 0xC1, 0x71,
    0x05, 0xE7, 0x6E, 0x33, 0x92, 0x53, 0x14, 0x4A, 0x4E, 0x2A, 0x14, 0xBC, 0x4B, 0xE9, 0x13, 0xD5,
    0xA0, 0x32, 0x29, 0xEA, 0xC3, 0xB5, 0x89, 0xEA, 0x50, 0x2D, 0xA6, 0x80, 0x83, 0x3B, 0x09, 0x47,
    0xCD, 0x51, 0xF9, 0x34, 0x6B, 0xC8, 0x79, 0x2D, 0xC9, 0x49, 0x55, 0xFB, 0xCA, 0x22, 0x81, 0xE4,
    0xF3, 0x4A, 0xFB, 0xD2, 0xAC, 0x9C, 0x57, 0xDF, 0xB3, 0x10, 0x59, 0x3B, 0x42, 0x45, 0xBD, 0x61,
    0x9B, 0xED, 0xC4, 0x83, 0xDE, 0xE7, 0xD0, 0x76, 0x3B, 0xE9, 0x9F, 0xAA, 0x44, 0x63, 0x40, 0xB4,
    0x58, 0x28, 0x44, 0xAF, 0x04, 0x98, 0x8F, 0xAF, 0x5B, 0x8C, 0x37, 0x55, 0x29, 0xC3, 0x3B, 0xD0,
    0x43, 0xA4, 0xC9, 0x35, 0xAB, 0x6E, 0xFD, 0x17, 0xAC, 0x98, 0xAC, 0x7A, 0xEB, 0x17, 0x68, 0x8B,
    0xBD, 0x55, 0xED, 0x11, 0x4E, 0x1B, 0xED, 0xBE, 0x14, 0xB2, 0xB8, 0xB9, 0x49, 0xA8, 0xA9, 0x83,
    0xB2, 0x41, 0x6F, 0x81, 0xFC, 0x7C, 0xAF, 0xB8, 0xB8, 0xC0, 0xC8, 0xB9, 0x15, 0xE0, 0xD6, 0xE4,
    0xE8, 0x7C, 0x82, 0xB7, 0x66, 0xAD, 0x6D, 0x33, 0x67, 0x25, 0x6B, 0xF9, 0xAF, 0x75, 0x1C, 0x50,
    0xF9, 0x8B, 0xD7, 0xCC, 0x8E, 0xEC, 0x7F, 0x00, 0xDD, 0x7A, 0x01, 0x88, 0xED, 0xC6, 0x75, 0xF6,
    0xD1, 0xD5, 0xDB, 0xBD, 0xF9, 0xAD, 0xFC, 0x95, 0xA1, 0xB1, 0x83, 0x6D, 0x5A, 0x01, 0x0D, 0xD0,
    0xBA, 0x24, 0x2A, 0x50, 0x00, 0xC0, 0x64, 0x94, 0xB8, 0xA4, 0x40, 0x01, 0x2F, 0x60, 0x27, 0xB4,
    0x01, 0x52, 0xC0, 0x06, 0x70, 0xA0, 0x0F, 0xA0, 0x00, 0x2D, 0x24, 0x52, 0x6A, 0x4A, 0x80, 0x00,
    0xDE, 0x82, 0x4B, 0xA1, 0x05, 0x1C, 0x20, 0xA1, 0xF1, 0x3E, 0xE8, 0x06, 0x08, 0x25, 0x40, 0xE2,
    0x91, 0xEB, 0x82, 0x29, 0x06, 0xF6, 0xA6, 0x01, 0x0A, 0x18, 0x88, 0x12, 0x3B, 0x35, 0x5D, 0x03,
    0x96, 0xFD, 0xE4, 0x46, 0x6F, 0x9F, 0x34, 0x5F, 0xE7, 0x3B, 0x47, 0xEB, 0xBB, 0xEB, 0xB7, 0x8B,
    0x1D, 0x62, 0x12, 0xBF, 0x8C, 0xBD, 0xE7, 0x3B, 0xBA, 0x7B, 0x46, 0xF3, 0x7D, 0x67, 0xE6, 0x1E,
    0xCD, 0x68, 0x1F, 0xCE, 0xB4, 0xF6, 0xBD, 0x5D, 0x34, 0xC2, 0xE6, 0x7A, 0x33, 0x6C, 0x77, 0xD5,
    0x27, 0xCF, 0xEC, 0x2D, 0x17, 0x6B, 0xB0, 0x55, 0x76, 0xE1, 0xC0, 0xB6, 0xB1, 0x0B, 0x68, 0xEB,
    0x79, 0xF1, 0x70, 0x82, 0x70, 0x70, 0x70, 0xA0, 0x17, 0x6B, 0xFC, 0x1B, 0x5A, 0xC6, 0xF2, 0xA2,
    0xC0, 0x75, 0x30, 0xB6, 0xE6, 0x85, 0xE3, 0x45, 0xB6, 0x7F, 0x1F, 0xDA, 0x78, 0x51, 0xBF, 0xF6,
    0xBF, 0xA8, 0xDC, 0x54, 0x06, 0xE1, 0xC5, 0xF3, 0x6F, 0xA0, 0x73, 0x73, 0xD1, 0x8B, 0x8F, 0x17,
    0xED, 0x1E, 0x80, 0x90, 0x87, 0x6B, 0x88, 0x7D, 0x86, 0xD2, 0x01, 0x73, 0xCA, 0x91, 0xA4, 0x04,
    0x32, 0x60, 0x48, 0xF4, 0x22, 0x7A, 0x95, 0x67, 0x04, 0x2F, 0x12, 0xA0, 0xC9, 0x89, 0x4F, 0x91,
    0x4E, 0x31, 0x88, 0xC3, 0xB8, 0xE8, 0x29, 0xFB, 0x04, 0xAF, 0x4D, 0x62, 0xAD, 0x0C, 0x87, 0x78,
    0x3E, 0x88, 0xB5, 0x1C, 0x08, 0x29, 0xC4, 0x9A, 0xDD, 0xD8, 0x72, 0xA1, 0xB7, 0x93, 0x20, 0x4B,
    0xDB, 0xDD, 0x17, 0xD9, 0x33, 0xD7, 0xF4, 0xDF, 0x6A, 0x85, 0xE3, 0x44, 0xB3, 0x53, 0xF7, 0x9A,
    0x32, 0x8E, 0xAB, 0xD6, 0xAB, 0x8D, 0xD9, 0xF9, 0xBA, 0x24, 0x9A, 0x96, 0x15, 0x2A, 0xB5, 0x92,
    0x75, 0xF4, 0xDD, 0x24, 0x82, 0xD6, 0x05, 0x49, 0x11, 0x7C, 0x20, 0x25, 0xCC, 0xEC, 0x8A, 0x91,
    0xC2, 0x28, 0xEF, 0xE8, 0x07, 0x3E, 0xCA, 0x79, 0xBE, 0xF7, 0x93, 0xB8, 0x16, 0x88, 0xF6, 0xC4,
    0x23, 0x48, 0x01, 0xBC, 0x09, 0xB2, 0x6E, 0xD1, 0x24, 0x08, 0x12, 0x2A, 0xD9, 0xAD, 0xE4, 0x4E,
    0x81, 0xB5, 0xCD, 0x25, 0xD8, 0x6E, 0x27, 0x7B, 0x61, 0xAB, 0x7C, 0x15, 0xDD, 0x82, 0xDE, 0x50,
    0x59, 0x2B, 0x57, 0xED, 0xA4, 0xCC, 0x0D, 0x99, 0xE0, 0x15, 0x3E, 0x8D, 0x26, 0xB2, 0x2F, 0xA0,
    0x53, 0xC7, 0x84, 0x73, 0xD6, 0xA4, 0xFE, 0xDA, 0xE4, 0xC8, 0xD2, 0xA7, 0x81, 0x29, 0x15, 0xFF,
    0xB7, 0x10, 0xD5, 0x31, 0xE1, 0x69, 0x62, 0x39, 0x79, 0xE0, 0xC9, 0x51, 0xD6, 0xA3, 0xC7, 0xB8,
    0x9E, 0x44, 0x52, 0xA0, 0x4A, 0x03, 0xB1, 0x8F, 0x3F, 0x86, 0x49, 0x44, 0x21, 0x89, 0x57, 0x98,
    0xD8, 0x6E, 0xBB, 0xDA, 0xC6, 0x0B, 0x81, 0x82, 0xD6, 0x41, 0xE4, 0x6E, 0x4F, 0x58, 0x03, 0x84,
    0xC2, 0xC0, 0x2D, 0x70, 0x72, 0xB0, 0x4F, 0xE8, 0x45, 0x22, 0x94, 0x40, 0x1B, 0x21, 0xB7, 0xDF,
    0xAD, 0x80, 0x91, 0xDD, 0xA5, 0x08, 0xD7, 0x08, 0xAA, 0x43, 0x12, 0x03, 0x59, 0xC0, 0xDB, 0xEF,
    0x4A, 0x8B, 0x5C, 0xDB, 0xAD, 0xD9, 0xDA, 0x0B, 0x41, 0xA4, 0xD0, 0x6F, 0xC6, 0xCE, 0x21, 0x21,
    0x01, 0x08, 0x6B, 0x83, 0x7C, 0x81, 0x70, 0xB0, 0x4F, 0x18, 0xEF, 0x26, 0x64, 0x01, 0x5D, 0x84,
    0x14, 0x0A, 0x62, 0x90, 0xE0, 0x98, 0xBF, 0x5B, 0x41, 0x04, 0x0A, 0xF7, 0x29, 0x00, 0x11, 0xC4,
    0x80, 0x2C, 0x7C, 0x84, 0x5D, 0x8C, 0xAE, 0xB7, 0x35, 0x73, 0xDE, 0x74, 0xFA, 0x7D, 0x90, 0x9D,
    0xAB, 0x03, 0x69, 0x0C, 0xB2, 0xA6, 0xC9, 0xD5, 0x70, 0x7E, 0xF3, 0xE9, 0xEE, 0x7D, 0xC9, 0xA0,
    0xC9, 0xB7, 0xBB, 0xDA, 0xB0, 0x7F, 0xB0, 0x82, 0x24, 0x63, 0x34, 0xC5, 0xC4, 0x01, 0x27, 0x89,
    0x46, 0xEF, 0xDF, 0xC8, 0x1A, 0xA3, 0x98, 0xCA, 0x5B, 0xED, 0xE9, 0xE2, 0xBA, 0x8B, 0x9C, 0xF4,
    0xB6, 0x52, 0xAB, 0x05, 0x94, 0x7A, 0x9C, 0x06, 0x49, 0xD1, 0x88, 0x44, 0x2B, 0x66, 0x8B, 0x8E,
    0xB6, 0x1E, 0x65, 0x85, 0xC6, 0x4F, 0x92, 0xE0, 0x04, 0x13, 0xBB, 0x46, 0x5B, 0xD8, 0xA0, 0x37,
    0x80, 0x8D, 0xB8, 0x6E, 0xD7, 0x47, 0x7F, 0x23, 0x18, 0xA2, 0x9F, 0xF2, 0x8B, 0x10, 0x0E, 0x35,
    0x46, 0xCB, 0x0A, 0x62, 0xD9, 0x11, 0xFD, 0x22, 0xC4, 0x5C, 0xEC, 0x49, 0x23, 0x17, 0x56, 0xBB,
    0x4B, 0xDC, 0x73, 0xF5, 0xEF, 0x5E, 0xFF, 0xD6, 0x23, 0x95, 0xBA, 0x19, 0xD8, 0xD4, 0xAD, 0xB7,
    0x95, 0x6F, 0x5B, 0xF7, 0x28, 0xE7, 0xE0, 0xC0, 0xD3, 0x35, 0x4D, 0x85, 0xB9, 0xB2, 0x94, 0x3F,
    0x53, 0x97, 0x69, 0x37, 0x95, 0x58, 0xEA, 0xCD, 0x54, 0x67, 0xDE, 0x4B, 0xDD, 0x9B, 0x58, 0xAD,
    0x74, 0xA6, 0x58, 0xEB, 0x9C, 0xC9, 0x4E, 0xCE, 0x68, 0x2F, 0xD5, 0xD5, 0x04, 0x24, 0x8F, 0xBA,
    0x25, 0x0B, 0xC6, 0xD7, 0x52, 0xA1, 0xCD, 0xF2, 0xA1, 0xCD, 0x92, 0xA2, 0xCD, 0x32, 0xA3, 0xCD,
    0xD2, 0x63, 0x4D, 0x73, 0xA4, 0xCD, 0x23, 0xB6, 0xE1, 0xAC, 0xAD, 0xD5, 0xB2, 0xEF, 0x2C, 0x66,
    0x93, 0xC7, 0x0F, 0x0E, 0x67, 0xAD, 0x4E, 0xEF, 0xB4, 0xFC, 0x7C, 0x8D, 0xAA, 0x9C, 0x65, 0x85,
    0x04, 0x31, 0xFE, 0x4B, 0x39, 0xAD, 0x78, 0xDA, 0x14, 0xAF, 0x45, 0x5B, 0x82, 0xF7, 0xF1, 0x13,
    0x2D, 0xCC, 0xCE, 0xB4, 0x4E, 0xFD, 0x9D, 0xAF, 0x5F, 0x5E, 0x57, 0xDB, 0x7C, 0x62, 0x5D, 0xBD,
    0xCC, 0x66, 0x13, 0x33, 0xB0, 0x0E, 0xA2, 0xAB, 0xD7, 0x16, 0xD8, 0x99, 0xAA, 0x5B, 0xE2, 0x90,
    0x19, 0x1E, 0x19, 0x8F, 0x4D, 0xB4, 0x25, 0x44, 0x6D, 0xAB, 0x9F, 0xD0, 0x26, 0x68, 0xA2, 0x05,
    0xA6, 0x35, 0x1A, 0x8F, 0x3E, 0x3A, 0x25, 0x7A, 0x73, 0x6A, 0x8C, 0xE6, 0x00, 0x53, 0x74, 0x48,
    0xF2, 0x89, 0x29, 0x8E, 0x2B, 0xC9, 0x1E, 0xD6, 0x23, 0x1D, 0x3F, 0xE3, 0x2B, 0xDF, 0x8E, 0x4E,
    0x8A, 0xB9, 0x7E, 0x6B, 0x2F, 0x3A, 0x39, 0xBB, 0x33, 0x26, 0xDA, 0x4C, 0x1D, 0x87, 0x3E, 0xC5,
    0x48, 0xE7, 0xFA, 0x94, 0xE3, 0x1B, 0x74, 0xBA, 0x50, 0x4C, 0x42, 0xA7, 0x77, 0x3E, 0xDA, 0x49,
    0x8A, 0x38, 0x6D, 0xB8, 0x06, 0x76, 0xD7, 0xC6, 0x1B, 0xE2, 0x26, 0x1D, 0x0A, 0xD9, 0x78, 0x75,
    0x76, 0x9E, 0x92, 0xE4, 0x31, 0x0E, 0xAA, 0xED, 0xAC, 0x53, 0xC3, 0x5A, 0x7F, 0xAB, 0xE3, 0x4E,
    0x1D, 0x5B, 0x90, 0x4A, 0xFE, 0x61, 0x29, 0xD5, 0x71, 0x30, 0x27, 0x01, 0xA4, 0xA6, 0x93, 0x02,
    0xF7, 0x81, 0x4E, 0x8E, 0x63, 0x87, 0x96, 0xCE, 0xCC, 0x8C, 0xD1, 0x89, 0x24, 0xC7, 0x53, 0x87,
    0x9C, 0xE9, 0x78, 0xE5, 0x9C, 0x45, 0x7B, 0xCA, 0xD9, 0x9C, 0x24, 0x9A, 0x02, 0xAF, 0xEB, 0x10,
    0x9D, 0x90, 0x33, 0x07, 0x15, 0xB9, 0x90, 0xBC, 0xDC, 0x87, 0xC6, 0x81, 0x37, 0x1B, 0x22, 0xB0,
    0x6B, 0x84, 0x14, 0x08, 0x0E, 0x63, 0x0A, 0xFE, 0x27, 0x69, 0x48, 0x43, 0x84, 0x15, 0xB2, 0x39,
    0x82, 0x00, 0x23, 0x41, 0x13, 0x2B, 0x09, 0x98, 0x39, 0x51, 0x9D, 0x84, 0x27, 0x08, 0xE5, 0xC8,
    0x9C, 0x48, 0x5E, 0xAD, 0xFA, 0xCF, 0x41, 0x4B, 0x36, 0x3B, 0xAC, 0xA0, 0x50, 0xA2, 0xCB, 0xB4,
    0xFB, 0xA6, 0xE4, 0xD5, 0xD3, 0x27, 0x88, 0xF0, 0xA1, 0x1C, 0x04, 0xC9, 0x70, 0x93, 0xB0, 0xC2,
    0xCB, 0x04, 0xB9, 0x67, 0xF5, 0x8C, 0x12, 0x14, 0x21, 0x3F, 0x7E, 0xCE, 0x99, 0x20, 0x3B, 0x11,
    0xA5, 0xA6, 0xDC, 0x44, 0xA9, 0x89, 0x32, 0x13, 0x25, 0x26, 0xCA, 0xEB, 0x5B, 0x4A, 0x2B, 0x28,
    0xAB, 0x40, 0x52, 0x65, 0x30, 0x4E, 0x95, 0x52, 0xEA, 0xC9, 0x28, 0xEB, 0x49, 0x28, 0xEF, 0xC9,
    0xC7, 0x75, 0x52, 0xFE, 0xE8, 0x04, 0xAD, 0xFC, 0xFF, 0x1C, 0x68, 0x48, 0x26, 0x28, 0x97, 0x41,
    0xA9, 0x08, 0xA9, 0x57, 0x5E, 0xEB, 0x70, 0xE7, 0x35, 0x47, 0x63, 0x84, 0xB5, 0x2D, 0xD4, 0x6C,
    0xCE, 0xE3, 0x27, 0x92, 0x4D, 0x19, 0x61, 0x6D, 0x57, 0x29, 0xEA, 0xC1, 0x32, 0xB6, 0x21, 0xD4,
    0x78, 0x45, 0xD3, 0xC8, 0x26, 0xA5, 0x81, 0x0B, 0xBB, 0x84, 0xA2, 0x5F, 0x32, 0xB6, 0xB6, 0x04,
    0x78, 0x3C, 0x41, 0x71, 0x1C, 0x85, 0x3C, 0xFA, 0x2D, 0x90, 0x0F, 0x41, 0xEA, 0x2E, 0x02, 0x93,
    0x53, 0x80, 0x4D, 0x33, 0xB4, 0xB8, 0xB6, 0x00, 0xD8, 0x34, 0x57, 0x6F, 0xBB, 0xDA, 0x4F, 0xD0,
    0x5A, 0xD6, 0xCC, 0xD5, 0xD4, 0xDD, 0x25, 0x3B, 0xD1, 0xD5, 0x6F, 0x21, 0xB5, 0xB5, 0x9A, 0x44,
    0x32, 0xA4, 0xEB, 0x89, 0xEA, 0x16, 0x84, 0x13, 0x84, 0xE8, 0x3A, 0xBC, 0xA6, 0xC5, 0x38, 0xBA,
    0xE5, 0x2C, 0x57, 0xD1, 0xD6, 0x5D, 0x74, 0xF3, 0x0D, 0xEF, 0xE9, 0x37, 0xD1, 0xBD, 0x22, 0x74,
    0xEB, 0x36, 0xBA, 0x6C, 0xBE, 0x97, 0x6A, 0x71, 0xDD, 0x24, 0xA2, 0xAE, 0x26, 0xD4, 0x5C, 0x55,
    0x67, 0x2E, 0x15, 0x76, 0xE6, 0x52, 0x65, 0xAB, 0xAE, 0x46, 0xC8, 0xF9, 0xA6, 0xE2, 0xA3, 0x68,
    0x0A, 0x8F, 0xFF, 0x73, 0x6D, 0x44, 0xA0, 0xE0, 0x9A, 0x90, 0x52, 0x18, 0x85, 0x12, 0xB0, 0xD6,
    0x7A, 0x17, 0xBF, 0x14, 0x84, 0x1A, 0x7D, 0x84, 0xC4, 0x23, 0xC4, 0xD2, 0xA9, 0x32, 0xB9, 0x7B,
    0x7A, 0x89, 0x50, 0x8E, 0x6B, 0x42, 0xDE, 0x14, 0xFC, 0x9D, 0x88, 0xDB, 0x64, 0x0A, 0xAD, 0x42,
    0xBD, 0x29, 0xF4, 0x0A, 0x38, 0x03, 0xB9, 0xC1, 0x8A, 0x95, 0x96, 0x8D, 0x91, 0xC5, 0xCF, 0xB1,
    0x66, 0xA7, 0x33, 0x6B, 0x36, 0x3C, 0x23, 0xE5, 0xB2, 0x66, 0xBF, 0xAA, 0x6B, 0x36, 0x05, 0xD7,
    0x6C, 0x1E, 0x0E, 0x74, 0x7F, 0x9B, 0x76, 0xCA, 0xA8, 0x8F, 0xB6, 0x2B, 0x69, 0x6D, 0x73, 0xA1,
    0xD3, 0x94, 0x01, 0x22, 0x51, 0xD4, 0x70, 0x79, 0x29, 0x47, 0xCF, 0xB2, 0x1B, 0x26, 0xDA, 0xC9,
    0x6B, 0xF9, 0x76, 0xAF, 0xD3, 0xE6, 0xE0, 0xD6, 0xE8, 0xF3, 0x4B, 0x11, 0xEF, 0x24, 0x61, 0xB8,
    0xFA, 0xBC, 0xEF, 0xF1, 0xB7, 0x44, 0xF2, 0x79, 0x5B, 0x38, 0x32, 0xC8, 0xAE, 0x45, 0x0E, 0x54,
    0x47, 0x01, 0x35, 0x7D, 0xD9, 0xA5, 0x46, 0xBC, 0xC7, 0xA6, 0x6C, 0x74, 0x91, 0x90, 0xD1, 0xC9,
    0x37, 0xAB, 0xE8, 0x91, 0x15, 0x30, 0x47, 0x8F, 0xCC, 0x00, 0x54, 0xF4, 0x72, 0x65, 0x8F, 0x96,
    0x0C, 0x4F, 0x0E, 0xE8, 0x19, 0x4B, 0x1F, 0x3D, 0x65, 0xBA, 0x3A, 0xFD, 0x4C, 0x6A, 0xED, 0x41,
    0xC6, 0xF5, 0xC4, 0xFB, 0xD9, 0x14, 0x26, 0x68, 0x95, 0x79, 0x79, 0x72, 0x88, 0x56, 0xD9, 0xE7,
    0xEC, 0xA6, 0x0A, 0x68, 0x5A, 0x53, 0xE1, 0xA3, 0x67, 0x4A, 0x76, 0xF6, 0xD0, 0xAA, 0x1A, 0xE5,
    0x07, 0xB6, 0xFE, 0x56, 0x9B, 0xC7, 0xFF, 0x47, 0xE6, 0x93, 0x76, 0xF2, 0xD1, 0x66, 0x53, 0x79,
    0x44, 0x9B, 0x61, 0x94, 0x35, 0x3E, 0x17, 0xED, 0xD9, 0x87, 0xE2, 0x5A, 0x47, 0xC9, 0x71, 0xE0,
    0x83, 0x68, 0xB9, 0x3F, 0xB5, 0x81, 0x29, 0xCD, 0x74, 0xDE, 0x53, 0x8D, 0x59, 0x1E, 0x9F, 0xD9,
    0xF9, 0x7C, 0x6E, 0xDE, 0xD5, 0x55, 0x46, 0x14, 0x3A, 0x28, 0xAD, 0x70, 0xB0, 0x47, 0x97, 0xDC,
    0x00, 0x34, 0xD1, 0x25, 0x41, 0x72, 0x51, 0x97, 0x23, 0x62, 0x88, 0x2E, 0xA9, 0x86, 0x03, 0x3F,
    0x46, 0xD7, 0xF8, 0xE6, 0x74, 0x8D, 0x74, 0xCD, 0x00, 0x65, 0x9E, 0x6B, 0x37, 0xA5, 0x9F, 0xEB,
    0xCD, 0x94, 0x3D, 0x77, 0x00, 0x8B, 0x9B, 0xE2, 0x1A, 0x06, 0x53, 0xC3, 0xBE, 0xC3, 0x22, 0xC9,
    0xD3, 0x35, 0x5D, 0x05, 0xDD, 0x45, 0xDC, 0x63, 0xE5, 0x60, 0x0A, 0x8D, 0x2F, 0x2E, 0x69, 0xCB,
    0x3E, 0x35, 0x79, 0xFC, 0x5A, 0xB4, 0x56, 0xC7, 0xD4, 0x2A, 0x79, 0xB2, 0x39, 0x78, 0x86, 0x3B,
    0xE8, 0x78, 0x5A, 0xCE, 0x82, 0x25, 0x90, 0x52, 0x39, 0x3E, 0x17, 0x4C, 0x80, 0x8F, 0x53, 0x3F,
    0x3D, 0xEB, 0x36, 0xF9, 0x40, 0x5B, 0xF4, 0x67, 0x2D, 0x66, 0x7E, 0x5E, 0x4F, 0xD1, 0x4E, 0x45,
    0xEF, 0x36, 0x6B, 0x70, 0xB5, 0xAC, 0xD0, 0x46, 0x2B, 0x18, 0x69, 0x9D, 0xAD, 0xF8, 0x9E, 0x56,
    0xB7, 0x6B, 0x60, 0x9B, 0x6F, 0xB5, 0xE4, 0x19, 0x44, 0x76, 0x1E, 0xBF, 0x16, 0x2D, 0x94, 0x89,
    0xDA, 0xDC, 0x6C, 0x30, 0x9E, 0x56, 0x1F, 0x3E, 0xFB, 0x4D, 0xD1, 0xDF, 0x8E, 0xB2, 0xDA, 0x2A,
    0xAA, 0x72, 0x1C, 0x1F, 0xA0, 0x61, 0x8C, 0x6F, 0x0B, 0x56, 0xDF, 0x68, 0xDD, 0xDB, 0x36, 0xEF,
    0x5D, 0x1F, 0xB5, 0x8C, 0x45, 0xE7, 0xDB, 0x75, 0x58, 0x6F, 0x7C, 0x9B, 0xA2, 0x89, 0x91, 0x82,
    0x3E, 0x5A, 0xF2, 0xBC, 0xBF, 0x92, 0x5C, 0x79, 0xAE, 0x36, 0xB4, 0xDA, 0x60, 0xAD, 0xBD, 0x0C,
    0x59, 0x74, 0x2A, 0xD7, 0x93, 0xB7, 0x62, 0x02, 0x28, 0xAE, 0x17, 0xCC, 0x0D, 0x95, 0xBF, 0x10,
    0x47, 0x11, 0xC5, 0xF9, 0x11, 0x22, 0xE3, 0x46, 0x22, 0x15, 0x10, 0x33, 0x26, 0x5F, 0xFB, 0x5D,
    0x43, 0x1B, 0xB1, 0x98, 0xA4, 0xDE, 0x44, 0x2C, 0x07, 0x2A, 0x8D, 0xD8, 0xE7, 0xE7, 0xB0, 0x18,
    0x33, 0x45, 0x3E, 0x2E, 0x3B, 0xED, 0x2F, 0xCB, 0x5E, 0xBD, 0x2D, 0x1B, 0xE5, 0xD3, 0xEB, 0x38,
    0x3C, 0x9C, 0xC8, 0xFD, 0xFB, 0xC2, 0xA3, 0x8A, 0xB6, 0xB4, 0xA5, 0x7D, 0xAF, 0x3A, 0x9B, 0x5F,
    0x40, 0x67, 0xB5, 0xE8, 0x0A, 0xA7, 0x3A, 0xDB, 0xA5, 0x5F, 0xA7, 0xFD, 0x8E, 0x7D, 0x6F, 0x3A,
    0x5D, 0xAF, 0x3A, 0x77, 0xC9, 0x5F, 0xF5, 0x35, 0x86, 0x93, 0xD4, 0xD4, 0xB9, 0xC6, 0xB5, 0x45,
    0x27, 0xA0, 0x3A, 0x89, 0xAA, 0x53, 0x0F, 0x8F, 0x18, 0xF5, 0x58, 0xA1, 0xEB, 0x8D, 0x98, 0x0F,
    0xA2, 0x2D, 0xD9, 0x9C, 0xD7, 0x79, 0x71, 0x0B, 0xCC, 0x08, 0x74, 0xF5, 0x41, 0xB5, 0x41, 0xD6,
    0x6A, 0x73, 0xB3, 0xDB, 0xD5, 0x47, 0x45, 0xB1, 0xD4, 0xAE, 0xDF, 0xB9, 0xFA, 0x1A, 0xAE, 0x3E,
    0x96, 0xC9, 0xAC, 0xF3, 0x6D, 0x31, 0xD8, 0xBA, 0xAB, 0xCD, 0x3A, 0xDF, 0xE6, 0xFD, 0x97, 0x9D,
    0x6B, 0xF3, 0xC1, 0x7D, 0x22, 0xDA, 0xC9, 0xB5, 0x2E, 0xAE, 0xC1, 0xBC, 0x77, 0x6D, 0x8A, 0x07,
    0x37, 0xAE, 0x15, 0x6C, 0x2A, 0x7B, 0x56, 0xC7, 0xF6, 0xDB, 0xEF, 0x9D, 0xED, 0x85, 0xDF, 0xE9,
    0xF3, 0x6C, 0xA7, 0xCF, 0x5E, 0xC8, 0x36, 0x33, 0xB6, 0xF3, 0x6A, 0xF6, 0x91, 0x55, 0x8E, 0x3A,
    0xF2, 0x2C, 0x02, 0xAD, 0x6B, 0xEB, 0x36, 0x37, 0x3B, 0x96, 0xCF, 0x51, 0x51, 0x01, 0x44, 0xB6,
    0x99, 0x16, 0xFC, 0x4F, 0xA1, 0x26, 0x5B, 0x52, 0x75, 0xCA, 0xF6, 0x37, 0x2E, 0x62, 0xFB, 0xEE,
    0xAE, 0x44, 0x36, 0xD4, 0xE0, 0xDB, 0x28, 0xE3, 0x8B, 0x90, 0x84, 0x2E, 0x19, 0xD2, 0xAD, 0xA2,
    0x9B, 0x29, 0x57, 0x75, 0x73, 0xBA, 0x05, 0x03, 0x54, 0x5A, 0x82, 0xA0, 0xEE, 0x78, 0x57, 0x8C,
    0x1F, 0xD5, 0x45, 0x44, 0xB4, 0x74, 0xA9, 0x94, 0xEE, 0xF2, 0xF4, 0x6D, 0xEA, 0x7E, 0x0D, 0x7E,
    0x7A, 0x6C, 0xAF, 0x35, 0x62, 0xEC, 0x2C, 0x35, 0x60, 0xEE, 0x98, 0xC2, 0x5C, 0x2E, 0x2F, 0x3A,
    0x61, 0x71, 0x7B, 0x11, 0xBD, 0xEF, 0x94, 0x6E, 0x5D, 0x41, 0x67, 0x6E, 0x06, 0x29, 0x5B, 0xD1,
    0x96, 0x42, 0x1D, 0x6D, 0x18, 0xDE, 0x76, 0xEB, 0xE9, 0x6D, 0xB7, 0xD8, 0x7E, 0x9A, 0x6E, 0x14,
    0xB4, 0x55, 0xE7, 0x73, 0xD6, 0x5F, 0x04, 0x1C, 0xCE, 0x5E, 0xE7, 0x19, 0xEC, 0x54, 0x84, 0x04,
    0x73, 0x09, 0xD3, 0xC9, 0x67, 0x05, 0x61, 0x92, 0x32, 0x78, 0x1C, 0x06, 0x71, 0x43, 0x3E, 0xA7,
    0xD0, 0x63, 0x92, 0x02, 0x05, 0xF2, 0x1B, 0x35, 0x44, 0x28, 0x26, 0x91, 0x9C, 0xD5, 0xB4, 0x92,
    0x72, 0x8A, 0xDD, 0x3B, 0xD6, 0xE7, 0x04, 0xA6, 0xB0, 0xEE, 0x13, 0x2A, 0xC9, 0x36, 0x52, 0x73,
    0xB4, 0x46, 0x3E, 0xF6, 0xFE, 0x31, 0x3B, 0x44, 0x46, 0x66, 0xD9, 0x54, 0x2A, 0xA5, 0xE1, 0x59,
    0x85, 0xEB, 0x13, 0x0F, 0x6F, 0x77, 0xBC, 0xD1, 0x1B, 0xB3, 0x07, 0xC9, 0x4C, 0x24, 0x23, 0xB3,
    0x8D, 0x94, 0x64, 0x36, 0x8A, 0x31, 0x93, 0xF3, 0xCC, 0x3E, 0xF2, 0x41, 0x66, 0x76, 0xDA, 0xCA,
    0x4A, 0xA1, 0x6E, 0x15, 0xFC, 0x66, 0x7B, 0x65, 0xBF, 0xDB, 0x36, 0x3D, 0x3C, 0xB2, 0x55, 0x7A,
    0x80, 0x34, 0x57, 0x0F, 0x91, 0xE6, 0xDA, 0x41, 0x72, 0x71, 0x53, 0x88, 0x32, 0xB1, 0x0D, 0xB0,
    0xB9, 0x76, 0xFC, 0x50, 0x77, 0x39, 0x7E, 0xD4, 0xB3, 0x6C, 0x8F, 0x1F, 0x8D, 0x88, 0x47, 0xF0,
    0x96, 0x9B, 0xD3, 0xE3, 0x87, 0xEF, 0x79, 0xFC, 0xD0, 0x42, 0x5C, 0x0E, 0xCB, 0xF1, 0xC3, 0x75,
    0xF9, 0x68, 0xC7, 0x8F, 0xA6, 0xDE, 0x44, 0xF7, 0xF4, 0xF8, 0x11, 0x15, 0xB3, 0xA1, 0x4B, 0x2A,
    0x37, 0x98, 0x8E, 0x51, 0x34, 0x01, 0x3A, 0x8A, 0xA4, 0xE8, 0xD4, 0xCD, 0xB9, 0x79, 0x6A, 0x4F,
    0xBF, 0x15, 0x39, 0xC4, 0x9A, 0xAF, 0xD2, 0x89, 0x68, 0x95, 0xA2, 0xBB, 0xA0, 0x16, 0x6F, 0x2E,
    0x82, 0x56, 0x8A, 0x48, 0xAC, 0x17, 0x29, 0x15, 0x0A, 0x04, 0x42, 0x89, 0xE5, 0xBD, 0x07, 0x7A,
    0xC2, 0xBE, 0x27, 0x88, 0x14, 0xA3, 0x42, 0x4E, 0xD8, 0xAD, 0x4A, 0x82, 0xEB, 0xEB, 0x21, 0x42,
    0x6D, 0x91, 0xDE, 0xFA, 0x39, 0x04, 0xBB, 0x59, 0x4F, 0x48, 0xBC, 0x8D, 0x90, 0xCF, 0x0A, 0x6B,
    0x28, 0xAC, 0x82, 0x68, 0xEB, 0x2E, 0x7F, 0x66, 0x04, 0x72, 0x23, 0x31, 0xB2, 0x22, 0x25, 0xF2,
    0x21, 0x19, 0x32, 0x21, 0x0D, 0x72, 0x20, 0x01, 0x8E, 0xCE, 0xA1, 0x1D, 0xBB, 0x80, 0x23, 0xF2,
    0xD7, 0x7A, 0x8A, 0xA9, 0xEC, 0xFD, 0xF0, 0x77, 0xDE, 0xF7, 0xFB, 0xBB, 0x3C, 0x88, 0x7F, 0x1E,
    0x15, 0x9E, 0x63, 0xBD, 0xFC, 0x8E, 0xB8, 0x77, 0x68, 0x18, 0x71, 0xB9, 0xC3, 0xB9, 0xB7, 0x4D,
    0x98, 0xE0, 0xF8, 0xE1, 0xC5, 0x01, 0xDA, 0x53, 0xA7, 0x8F, 0x4E, 0xF1, 0x33, 0x00, 0x53, 0x74,
    0x1C, 0x70, 0x70, 0xB8, 0x38, 0x92, 0x9B, 0x33, 0x49, 0x41, 0xA7, 0xE0, 0x69, 0x7D, 0x88, 0x4E,
    0xA6, 0xCB, 0x23, 0x3A, 0x29, 0x4F, 0x08, 0x4D, 0x16, 0x74, 0xE1, 0xE0, 0xC4, 0x07, 0x7D, 0x4E,
    0xD7, 0xD4, 0x1A, 0xA3, 0xAB, 0x42, 0x9D, 0x14, 0x9B, 0xB5, 0x3A, 0x82, 0x56, 0xEE, 0x79, 0x90,
    0x8E, 0x93, 0x85, 0xCF, 0x87, 0xCE, 0xAA, 0x68, 0x2E, 0x82, 0x6A, 0x79, 0xB7, 0xBF, 0xC2, 0x23,
    0x95, 0x82, 0xDE, 0xA9, 0xB0, 0x9A, 0xE0, 0x28, 0x8F, 0x70, 0xEC, 0x67, 0x3D, 0x34, 0x67, 0x10,
    0xC9, 0xC9, 0x4E, 0x27, 0xFE, 0xA3, 0x11, 0xE4, 0x7B, 0x25, 0x08, 0x09, 0x14, 0xD6, 0x06, 0x39,
    0x4E, 0xF4, 0x36, 0x73, 0x8E, 0x0D, 0xE7, 0xC4, 0x61, 0x88, 0xD0, 0x7B, 0x4C, 0x04, 0xBC, 0x16,
    0xA1, 0x18, 0x91, 0x4E, 0x8C, 0xC4, 0xE1, 0xB4, 0xEC, 0x4A, 0x8D, 0x69, 0xA7, 0xE3, 0x1B, 0xAB,
    0xCF, 0xEE, 0x89, 0x18, 0xDB, 0x5B, 0xAD, 0xD5, 0xAB, 0xF3, 0xF6, 0x7F, 0x2A, 0xD1, 0x2D, 0x13,
    0xC9, 0x02, 0xAD, 0x0A, 0xE8, 0xA3, 0xFD, 0x47, 0x3F, 0x30, 0x61, 0x35, 0x4F, 0x47, 0x0F, 0x92,
    0x44, 0x28, 0x69, 0x93, 0xE5, 0x88, 0xFC, 0x64, 0xB4, 0xAB, 0xB9, 0x24, 0x01, 0x6E, 0xA6, 0x62,
    0x53, 0x16, 0xCB, 0xF3, 0x6A, 0x25, 0x02, 0x6B, 0xFD, 0x65, 0xA8, 0xE3, 0xEB, 0x2B, 0xB5, 0xBF,
    0xDF, 0x23, 0xAE, 0x98, 0xD9, 0x88, 0x9A, 0xC7, 0x88, 0xE4, 0x31, 0x28, 0x1E, 0xFB, 0x31, 0x62,
    0x89, 0x26, 0x27, 0xE6, 0xA8, 0x4A, 0x62, 0x8A, 0x15, 0xFA, 0x88, 0xF2, 0xEC, 0x1A, 0x1B, 0x22,
    0x53, 0xAC, 0x98, 0xE0, 0x18, 0x44, 0x01, 0x0C, 0xDD, 0x82, 0xD9, 0x82, 0xF2, 0xA7, 0x0F, 0x19,
    0x32, 0x1E, 0xD6, 0x2E, 0xC5, 0x15, 0x84, 0x2D, 0xE2, 0x53, 0xB2, 0xDC, 0x64, 0x43, 0x2C, 0xB7,
    0x37, 0x87, 0xE1, 0x35, 0xFC, 0xB4, 0xE2, 0x3C, 0x88, 0x1E, 0x31, 0x72, 0xA4, 0x9A, 0xCF, 0x95,
    0x62, 0x2F, 0xF2, 0xB1, 0x14, 0x27, 0x44, 0x89, 0xBC, 0xDD, 0xA8, 0xFC, 0xFA, 0x5C, 0xD1, 0x75,
    0x86, 0xAB, 0xAA, 0x20, 0xF2, 0x93, 0x61, 0xC1, 0xDE, 0x70, 0xBD, 0x31, 0x94, 0x4A, 0x79, 0x4D,
    0x17, 0x58, 0xEA, 0xA7, 0xF8, 0xCF, 0xD3, 0xD6, 0x00, 0xAF, 0x69, 0x73, 0xB5, 0x05, 0x8E, 0x9F,
    0x11, 0x29, 0xA7, 0xE5, 0xA6, 0x8F, 0xD2, 0xAE, 0xD0, 0xF0, 0x3D, 0x05, 0x5A, 0x7E, 0x97, 0xB0,
    0xE1, 0x41, 0x20, 0xDA, 0xB5, 0xB2, 0x5E, 0xD6, 0x66, 0xA9, 0x56, 0x1E, 0x41, 0x45, 0xF0, 0x2D,
    0xA9, 0x80, 0xDC, 0x72, 0x4A, 0xFC, 0xF8, 0xFA, 0x26, 0x44, 0xFC, 0xA7, 0x2B, 0x54, 0x12, 0x7B,
    0x46, 0x5B, 0xCF, 0x49, 0xB4, 0x05, 0xB6, 0xC3, 0x8B, 0x57, 0x6E, 0x19, 0x36, 0x0B, 0xCF, 0x8B,
    0x61, 0x61, 0xBF, 0xD0, 0x37, 0xFE, 0xCB, 0x1D, 0x16, 0x05, 0x26, 0x41, 0x35, 0x6C, 0x45, 0x2C,
    0x2A, 0x16, 0x19, 0x8B, 0x8E, 0x45, 0xC8, 0xA2, 0x64, 0x91, 0xB2, 0x68, 0xD9, 0x8A, 0x11, 0xB4,
    0xB4, 0x05, 0x06, 0x1B, 0x30, 0x10, 0xF0, 0x1A, 0x5A, 0x82, 0xD4, 0x1D, 0x3B, 0x4A, 0x31, 0x10,
    0x92, 0xE5, 0x91, 0xB7, 0x54, 0xA7, 0xBF, 0x81, 0x4E, 0x77, 0xCB, 0xAB, 0x2C, 0xC8, 0xD7, 0xDF,
    0x9F, 0x29, 0x51, 0x9B, 0x40, 0x6E, 0x99, 0x92, 0xEE, 0xF2, 0x29, 0x59, 0x44, 0xAC, 0xB0, 0xB1,
    0x14, 0xDB, 0x8A, 0xA6, 0xED, 0xD5, 0x0E, 0x09, 0x6D, 0x38, 0xD4, 0xDF, 0x6A, 0xC5, 0x85, 0x76,
    0xF0, 0x61, 0xF9, 0xA3, 0xC6, 0x65, 0xAF, 0x4B, 0x58, 0x9F, 0xB7, 0x39, 0xD2, 0x1A, 0x21, 0xBA,
    0xA1, 0x79, 0xD9, 0xDE, 0xBF, 0xC5, 0x46, 0x7B, 0x8D, 0x76, 0x5A, 0xB1, 0xAC, 0x76, 0xD1, 0x6A,
    0x11, 0x3E, 0x7D, 0x26, 0xA3, 0x67, 0xD6, 0xEA, 0x29, 0x19, 0xB4, 0xF0, 0xDE, 0xC9, 0xF9, 0xD8,
    0x6C, 0xEF, 0xE9, 0x68, 0xB4, 0xD8, 0xC2, 0x5A, 0x73, 0x19, 0x1A, 0x17, 0xEB, 0x79, 0x97, 0xE1,
    0x73, 0x9C, 0xB4, 0xBC, 0xC5, 0x0B, 0x60, 0x79, 0xFF, 0x99, 0x86, 0x29, 0xAB, 0x13, 0x6C, 0x14,
    0x79, 0xEE, 0x2B, 0x31, 0xF2, 0x18, 0xC4, 0xED, 0x82, 0x3B, 0xF9, 0xDA, 0xA4, 0x8F, 0x5D, 0x3C,
    0x3F, 0xC9, 0x8A, 0xFC, 0x5E, 0x0E, 0x64, 0x98, 0xE2, 0xC7, 0xF6, 0x7C, 0xB8, 0x47, 0x3A, 0xD1,
    0x0D, 0x2B, 0x9B, 0xAE, 0xA1, 0x2D, 0xD3, 0x85, 0xEB, 0xC2, 0x56, 0x7E, 0xA9, 0x39, 0x4B, 0x34,
    0x67, 0x79, 0xB7, 0xFC, 0x89, 0x54, 0xE8, 0x93, 0x45, 0x52, 0xC9, 0x07, 0x30, 0x73, 0xC9, 0x92,
    0x39, 0xE3, 0x7B, 0xCA, 0x78, 0xE1, 0x6C, 0xAC, 0xAD, 0x15, 0x68, 0x1C, 0x46, 0x66, 0x27, 0xC2,
    0x0A, 0x98, 0x22, 0xA4, 0xC0, 0xEC, 0xF8, 0x2C, 0x5F, 0x87, 0xF5, 0x2C, 0xE9, 0x9C, 0x2A, 0x20,
    0x9B, 0x23, 0xF0, 0xA1, 0x13, 0x41, 0x6A, 0xF4, 0x04, 0x8F, 0x1B, 0x9F, 0x9F, 0x6D, 0x8B, 0x39,
    0x4B, 0x6D, 0xE0, 0xC2, 0x8A, 0x50, 0x6E, 0x64, 0xD7, 0xCF, 0x3A, 0x53, 0x8C, 0xFC, 0xB9, 0x20,
    0x0F, 0x0A, 0xCE, 0xA0, 0x1E, 0x14, 0x7C, 0x7B, 0x0E, 0x8E, 0x07, 0x0D, 0xC1, 0x44, 0x28, 0x0D,
    0xD6, 0x18, 0x09, 0x72, 0x4F, 0xA5, 0x54, 0xDE, 0x61, 0x44, 0x58, 0x12, 0x77, 0x0E, 0x50, 0xE9,
    0x13, 0x2E, 0xA3, 0xC9, 0x69, 0xF4, 0xFD, 0x85, 0x16, 0xFE, 0x7C, 0x7A, 0x44, 0x0F, 0xCE, 0xCB,
    0x43, 0x30, 0x05, 0x98, 0xE8, 0x63, 0x7D, 0x0C, 0xEA, 0xB3, 0x41, 0x8D, 0xE7, 0x25, 0xDA, 0xC8,
    0xB2, 0xAC, 0xD6, 0x68, 0x93, 0x18, 0x3C, 0xEF, 0x31, 0x19, 0xF6, 0xE8, 0x6E, 0xF4, 0xCB, 0xBD,
    0x6A, 0xFE, 0xDA, 0x77, 0x59, 0x27, 0x65, 0x57, 0xCC, 0xEC, 0xC6, 0xBB, 0xAC, 0xB0, 0xBC, 0x2C,
    0xAD, 0x24, 0x23, 0x1F, 0xB9, 0xB7, 0x12, 0xA5, 0x76, 0x81, 0x35, 0xB6, 0x4A, 0xD7, 0xC8, 0x48,
    0xA6, 0x36, 0x57, 0xAB, 0x94, 0x8D, 0xB3, 0x91, 0x36, 0xD6, 0x4B, 0xA4, 0xF2, 0x16, 0x1D, 0x52,
    0x94, 0x39, 0x23, 0xCD, 0xFA, 0x68, 0x49, 0x9E, 0xF5, 0xB2, 0x64, 0x64, 0x93, 0x70, 0x24, 0xBD,
    0x51, 0x8D, 0x7D, 0x4D, 0x29, 0x07, 0xF7, 0x40, 0xA5, 0x55, 0x78, 0xC3, 0xEA, 0x5B, 0xF7, 0xB4,
    0xF9, 0xC4, 0x4F, 0x38, 0x47, 0xC0, 0x13, 0xD0, 0xCA, 0xAB, 0x35, 0xB4, 0xF9, 0xAE, 0x88, 0x3E,
    0x03, 0xC0, 0x76, 0x81, 0xD5, 0x75, 0x4F, 0x2D, 0xD1, 0x5A, 0x0E, 0x32, 0x63, 0x48, 0xAB, 0x5A,
    0xAA, 0x53, 0x2D, 0xF3, 0x56, 0x4B, 0x6A, 0xAA, 0x97, 0xC8, 0x03, 0x74, 0xFA, 0xC2, 0x48, 0xF7,
    0xF1, 0xA0, 0x4D, 0x69, 0x87, 0x2C, 0xC4, 0xBE, 0x53, 0x3E, 0xB2, 0x6F, 0x3E, 0xB0, 0xD7, 0x43,
    0xE1, 0x50, 0x56, 0x78, 0x89, 0xE3, 0xFA, 0xEB, 0xE0, 0xA3, 0xB5, 0x65, 0x99, 0xCD, 0x64, 0x67,
    0x4F, 0xD8, 0xDE, 0x57, 0x9E, 0xB3, 0xF1, 0x6C, 0x34, 0x72, 0xA3, 0x3C, 0x7B, 0xF2, 0xF4, 0xC6,
    0x90, 0x36, 0x9F, 0xAB, 0xC8, 0x33, 0xEF, 0x85, 0x3C, 0xC3, 0x33, 0xE4, 0x09, 0x16, 0x9A, 0x3F,
    0xD6, 0x0D, 0xEC, 0x7F, 0x52, 0xA4, 0x7F, 0x93, 0xA9, 0x2F, 0x9F, 0xD7, 0x07, 0xD9, 0x0A, 0xD7,
    0xEC, 0x61, 0xD9, 0x29, 0xD5, 0x3E, 0xDA, 0xD2, 0xB6, 0x88, 0x8F, 0xCA, 0xE5, 0xEB, 0xFA, 0xAE,
    0xD3, 0x75, 0x9D, 0xBF, 0x73, 0x5D, 0xDF, 0xA5, 0x49, 0x9C, 0x2C, 0x9F, 0x34, 0x2D, 0x59, 0x6E,
    0x97, 0x34, 0x3D, 0x6C, 0xF2, 0x59, 0x7C, 0x9B, 0xA1, 0xC9, 0x62, 0xDC, 0x8D, 0x3D, 0xD9, 0x01,
    0x82, 0xD4, 0x35, 0xD0, 0xF8, 0xAF, 0x02, 0x9B, 0x5A, 0xE2, 0x6A, 0xBE, 0xF2, 0x80, 0x94, 0x9D,
    0xE0, 0xD8, 0x47, 0xC3, 0x84, 0x2C, 0xFF, 0xAA, 0x82, 0xA4, 0xEF, 0xDE, 0xB3, 0xBA, 0x5A, 0xDD,
    0x6A, 0xF5, 0x2F, 0x40, 0x7C, 0x6F, 0xE5, 0xA3, 0xF5, 0xC0, 0x46, 0x89, 0x6C, 0xED, 0xC1, 0x41,
    0x23, 0x69, 0xE0, 0xDC, 0x90, 0xBE, 0x4A, 0xC6, 0x46, 0x6D, 0x2F, 0x29, 0xB7, 0x9C, 0xD1, 0x4A,
    0x1E, 0x6D, 0x50, 0x0B, 0x71, 0x43, 0xB4, 0x15, 0x4F, 0x73, 0xE8, 0x56, 0x2D, 0x9F, 0xA1, 0xB1,
    0xEF, 0x4E, 0xA9, 0xF5, 0xF3, 0x05, 0xFB, 0xB7, 0x47, 0xC0, 0x1C, 0x6D, 0x38, 0x84, 0xEC, 0xE4,
    0xFD, 0x4A, 0xE7, 0xEE, 0xDB, 0x5C, 0xF9, 0x18, 0x1D, 0x6F, 0x3A, 0x71, 0x32, 0x30, 0xAE, 0x2B,
    0x91, 0xDD, 0x2A, 0x7A, 0x17, 0x34, 0x4D, 0xAA, 0xBE, 0xF8, 0x4C, 0xDE, 0xAD, 0x58, 0xCC, 0x4A,
    0xBC, 0x51, 0x3D, 0x19, 0x8E, 0xC1, 0x37, 0x31, 0xD1, 0x0C, 0x25, 0xE2, 0xA4, 0xFB, 0xD7, 0x86,
    0x7C, 0x70, 0x0F, 0xC5, 0xCF, 0x3E, 0x5C, 0xF6, 0x19, 0x24, 0xDB, 0xA4, 0x78, 0x6B, 0xAF, 0x11,
    0xA6, 0x77, 0x49, 0xE0, 0xCF, 0x59, 0x2C, 0x70, 0x81, 0x35, 0xB6, 0x4A, 0x57, 0x92, 0xF7, 0x56,
    0x2C, 0x66, 0x31, 0xDA, 0xCB, 0x3C, 0x28, 0x71, 0x51, 0xE6, 0xA2, 0xD4, 0x45, 0xB9, 0x8B, 0x92,
    0x17, 0x65, 0x1F, 0x7B, 0x55, 0x19, 0xCB, 0xC1, 0x8D, 0xAA, 0x61, 0xB1, 0x18, 0x45, 0x15, 0x44,
    0xAB, 0x4C, 0x45, 0xEF, 0x20, 0x10, 0x37, 0x46, 0xFB, 0x53, 0x2D, 0x16, 0xE0, 0x89, 0xAE, 0xD6,
    0x7F, 0xC8, 0x51, 0xA0, 0x65, 0xE8, 0x63, 0xF2, 0x97, 0x62, 0x6D, 0x85, 0xAE, 0x44, 0xEF, 0xD0,
    0x7B, 0x6C, 0xB0, 0x61, 0x5D, 0xAF, 0xF5, 0x4F, 0x08, 0xF9, 0xC0, 0xFB, 0x0D, 0x67, 0x7F, 0xE4,
    0x1D, 0xED, 0xC3, 0x22, 0x52, 0x36, 0xF2, 0xBB, 0x2E, 0x5C, 0x9B, 0x1C, 0x30, 0xE9, 0xF2, 0xF6,
    0x18, 0x25, 0x79, 0xCC, 0x76, 0x5C, 0x35, 0xE7, 0x44, 0x27, 0xAC, 0x73, 0x93, 0x1B, 0xEB, 0x3E,
    0x0F, 0x45, 0x9B, 0x8E, 0xBB, 0x22, 0xFB, 0x65, 0x53, 0x77, 0xBE, 0xAB, 0xBB, 0xB2, 0x51, 0x0A,
    0x39, 0x29, 0x74, 0x6E, 0x10, 0xD7, 0x56, 0xEE, 0x85, 0xDE, 0xBD, 0xD8, 0x17, 0xAF, 0xF6, 0xF9,
    0x5B, 0xD5, 0x8A, 0xA5, 0x93, 0x6B, 0x29, 0xA2, 0x1B, 0xFE, 0x5C, 0xDC, 0x73, 0x7F, 0x55, 0xB9,
    0xA3, 0xDF, 0x69, 0xDD, 0xD1, 0xEB, 0x6D, 0xF1, 0x32, 0xAA, 0x7C, 0x78, 0x54, 0xEA, 0x31, 0x19,
    0x3D, 0x1E, 0x9C, 0x6B, 0xBC, 0x10, 0x1C, 0xAE, 0xCF, 0x52, 0xBC, 0x35, 0xDA, 0xAB, 0x1A, 0xFE,
    0x04, 0xD1, 0xCA, 0x39, 0x4A, 0x2E, 0x1E, 0x7F, 0xF2, 0xF4, 0xBF, 0xD4, 0x38, 0x3A, 0x2A, 0x1D,
    0x6E, 0xB6, 0x9F, 0xE4, 0x81, 0x7A, 0x92, 0x6C, 0xC6, 0x10, 0x23, 0xEF, 0x6D, 0x34, 0x94, 0xB1,
    0x31, 0x38, 0x0B, 0xE2, 0x51, 0x43, 0x9F, 0xA5, 0xE2, 0x96, 0xB3, 0xB2, 0x88, 0xDE, 0x55, 0x6F,
    0x7B, 0x2E, 0x18, 0xE7, 0x83, 0x2B, 0x1E, 0x5A, 0xAF, 0x30, 0xD8, 0xC5, 0xB8, 0xB9, 0xAE, 0x62,
    0xB0, 0x63, 0xF0, 0x95, 0x0B, 0x82, 0x3F, 0x5D, 0xC5, 0xE0, 0xDF, 0xFC, 0xF7, 0x18, 0xFC, 0xAF,
    0x7F, 0x11, 0x83, 0xBF, 0xFC, 0xBD, 0x18, 0xAC, 0x6F, 0xBA, 0x56, 0x55, 0x11, 0xE4, 0xFB, 0x52,
    0x72, 0xD6, 0x72, 0xBC, 0x09, 0xB9, 0x92, 0x9D, 0x40, 0x8A, 0x1B, 0xD3, 0xF7, 0xC5, 0xE1, 0xD9,
    0x65, 0xCA, 0x7F, 0x6B, 0x8D, 0xCA, 0x1E, 0xC6, 0x31, 0x78, 0xDD, 0x72, 0x57, 0xF2, 0xA3, 0xA3,
    0x2A, 0xC7, 0xF5, 0xFF, 0x3A, 0x6A, 0xAE, 0x64, 0x37, 0xFB, 0x42, 0x76, 0xFF, 0x2E, 0x04, 0x88,
    0x0B, 0xCF, 0xFA, 0x89, 0x5D, 0xEE, 0xD8, 0x97, 0xE2, 0x70, 0x7B, 0x78, 0x29, 0xC2, 0x0A, 0x4D,
    0x89, 0x23, 0xB4, 0x5A, 0x5B, 0xAF, 0x64, 0x40, 0x55, 0xDC, 0xD0, 0x1D, 0x90, 0xBF, 0x60, 0x88,
    0x15, 0xDA, 0x73, 0xC1, 0x1B, 0x89, 0xC1, 0x0F, 0x35, 0x31, 0xB8, 0x6C, 0x1D, 0x50, 0xB4, 0x31,
    0xF8, 0x6B, 0xD5, 0x36, 0x58, 0x34, 0x7A, 0xA9, 0xDB, 0x8C, 0xDF, 0x67, 0x87, 0x3F, 0x7A, 0x83,
    0xB7, 0x7F, 0xE0, 0x9F, 0x58, 0x98, 0xCA, 0x43, 0x0E, 0xF0, 0xA4, 0x3E, 0xEA, 0x9E, 0xB3, 0x3F,
    0x91, 0x4C, 0x7C, 0x39, 0x1C, 0xAE, 0xE4, 0xF8, 0x21, 0xE2, 0x49, 0xF6, 0x24, 0xA0, 0xBA, 0x3A,
    0x4D, 0x35, 0x7E, 0x42, 0xFE, 0xD3, 0x74, 0x7A, 0x66, 0xAD, 0x27, 0x0D, 0xCE, 0x1A, 0x61, 0xF8,
    0xD1, 0x51, 0x25, 0xB1, 0xC3, 0x4B, 0x4F, 0x56, 0xCF, 0xA6, 0xB8, 0xD9, 0x97, 0x12, 0x3B, 0x85,
    0x10, 0x84, 0xDD, 0xBC, 0x75, 0xBC, 0x77, 0xDF, 0xBA, 0xB2, 0x39, 0x85, 0xBC, 0x2F, 0xE6, 0xD8,
    0xD9, 0x87, 0x24, 0x03, 0xE6, 0x32, 0x05, 0x26, 0xD7, 0x96, 0x8C, 0xBE, 0x39, 0x4A, 0x01, 0x8C,
    0xB2, 0xB6, 0x0E, 0xC5, 0xA4, 0xC1, 0xE1, 0x5C, 0x70, 0x90, 0xBA, 0x29, 0xA7, 0x3B, 0xDD, 0xC9,
    0x3F, 0x8F, 0x33, 0x83, 0x03, 0xEF, 0x3E, 0xCB, 0xE3, 0x87, 0xD3, 0x47, 0x2C, 0x58, 0xA3, 0x45,
    0xC3, 0x85, 0xF1, 0x77, 0x08, 0xEF, 0xFE, 0xD0, 0x9D, 0xF1, 0xF6, 0x37, 0xFE, 0xFB, 0x01, 0x76,
    0x39, 0x19, 0x39, 0x80, 0xEF, 0x39, 0xC2, 0x6E, 0x25, 0xDC, 0x01, 0x14, 0x3F, 0x90, 0xBA, 0x7C,
    0x79, 0xF0, 0xC5, 0x0F, 0x47, 0xF7, 0x95, 0xAC, 0xE7, 0x5F, 0xCA, 0x63, 0xE4, 0x66, 0xAD, 0x4F,
    0xA7, 0x51, 0xEE, 0x90, 0x5D, 0x1F, 0x04, 0x54, 0x22, 0xBE, 0x29, 0xA2, 0xAD, 0x4F, 0x3C, 0x8B,
    0xAC, 0x9D, 0xB0, 0x95, 0x6E, 0xAA, 0x56, 0xEE, 0x7E, 0x70, 0x16, 0x36, 0x54, 0xEC, 0x75, 0x35,
    0x68, 0x27, 0xF6, 0x09, 0xEC, 0xC2, 0xDC, 0x4F, 0x57, 0xD8, 0xA1, 0x66, 0xBC, 0x97, 0xBB, 0x3F,
    0x15, 0x6A, 0x46, 0x3F, 0xCC, 0xE0, 0xB3, 0x43, 0x04, 0x1D, 0xE2, 0x33, 0xC2, 0x0E, 0x1F, 0x7D,
    0x8A, 0x3D, 0xDE, 0x7C, 0x80, 0x5D, 0xC2, 0xC4, 0x3E, 0x7A, 0x2E, 0xC7, 0x67, 0xAA, 0x7B, 0xE5,
    0xF7, 0xB2, 0x46, 0x20, 0xEE, 0xE8, 0x48, 0x7C, 0xE5, 0x5E, 0x7C, 0x5A, 0xEA, 0xD6, 0x77, 0x4E,
    0xDC, 0x4D, 0x84, 0x20, 0x25, 0x02, 0x26, 0xC9, 0xC1, 0x49, 0xE0, 0x37, 0x3A, 0xB6, 0x2B, 0x34,
    0x09, 0x4D, 0x29, 0x52, 0x34, 0xA8, 0xC4, 0x6D, 0xFC, 0xF1, 0x5E, 0xDD, 0x39, 0xCC, 0x6E, 0x53,
    0x02, 0x45, 0x93, 0x6B, 0x39, 0x7B, 0x9C, 0x46, 0x1C, 0x3B, 0x15, 0xBD, 0xAC, 0x1B, 0x91, 0x07,
    0xC4, 0xB5, 0xF2, 0x89, 0xEF, 0x7F, 0xD7, 0x9D, 0x3C, 0xE5, 0x1E, 0x98, 0x0A, 0xE0, 0xAA, 0x8C,
    0x39, 0x70, 0xC4, 0x4D, 0x38, 0x5E, 0xC5, 0x46, 0xFE, 0xCC, 0xF7, 0x07, 0x7A, 0xDA, 0x93, 0xE5,
    0x2B, 0x7B, 0x1F, 0x9F, 0x51, 0xAC, 0x43, 0xBD, 0x3F, 0xAE, 0x97, 0x7F, 0xD7, 0x58, 0xC6, 0x1F,
    0xB9, 0x68, 0x08, 0x06, 0xF7, 0x4B, 0xF0, 0x55, 0x0D, 0x1E, 0xF4, 0x55, 0x20, 0xCB, 0xD8, 0x0B,
    0x7D, 0x0C, 0x7E, 0xB1, 0x8F, 0xC1, 0xAF, 0x46, 0x53, 0xBC, 0x51, 0x69, 0xB0, 0x68, 0xB4, 0x68,
    0xB8, 0x68, 0x3C, 0x3B, 0x3C, 0xF7, 0x87, 0x15, 0x59, 0xD5, 0x2D, 0xBB, 0x70, 0x04, 0x17, 0xEB,
    0x15, 0x47, 0x78, 0x54, 0x24, 0xE1, 0x36, 0xE0, 0xFE, 0x7F, 0x40, 0xFD, 0x32, 0xEA, 0x1F, 0x4F,
    0x75, 0x27, 0xF6, 0xFF, 0xFD, 0xFB, 0xA4, 0x20, 0x92, 0x5F, 0xFD, 0xB8, 0xE4, 0x4F, 0x7F, 0xB2,
    0x7E, 0xBD, 0xFD, 0x52, 0xFD, 0xEA, 0xCD, 0xA9, 0xFE, 0x09, 0xFA, 0xBA, 0xBB, 0xBF, 0x8A, 0x11,
    0x8C, 0x8A, 0x4D, 0x9F, 0xC6, 0xB3, 0x64, 0x98, 0xFC, 0x11, 0x46, 0x7F, 0x34, 0x8A, 0x3F, 0xEA,
    0xED, 0xE7, 0xC5, 0xE8, 0x3F, 0x3F, 0x31, 0x86, 0x63, 0x4C, 0x16, 0x33, 0xF3, 0x77, 0x77, 0xC6,
    0x9F, 0xE8, 0xBF, 0x31, 0xC5, 0x98, 0x29, 0xC6, 0xDC, 0xA9, 0x31, 0x1A, 0xC4, 0x28, 0x89, 0x61,
    0xFF, 0x8F, 0x71, 0x5F, 0x88, 0x81, 0xD7, 0xFF, 0xE3, 0x3B, 0xFE, 0xE8, 0xCD, 0x93, 0x3E, 0x86,
    0x62, 0x13, 0x63, 0xEF, 0x11, 0xB9, 0x1A, 0x2A, 0x7D, 0x56, 0x0D, 0x8C, 0x06, 0x64, 0xF9, 0x5A,
    0x17, 0x33, 0x33, 0x50, 0x8E, 0xFA, 0xFF, 0x20, 0xD9, 0xCC, 0xBC, 0xAF, 0x96, 0x5D, 0x6A, 0xA3,
    0xE1, 0x72, 0x8B, 0x65, 0xD8, 0x2F, 0xC1, 0x4A, 0x89, 0x4E, 0x39, 0xC3, 0x38, 0x77, 0xCA, 0x79,
    0x62, 0xB1, 0x2C, 0x51, 0x69, 0x99, 0xDD, 0x44, 0xCE, 0xFA, 0x17, 0x08, 0xDD, 0x16, 0xEA, 0x03,
    0xE3, 0x57, 0xCE, 0xF9, 0x15, 0x31, 0xD2, 0xAD, 0xB1, 0x9E, 0x2C, 0xD5, 0x68, 0xC8, 0x3B, 0xD3,
    0x64, 0x6B, 0xFD, 0x23, 0xF3, 0x0C, 0x42, 0xEA, 0x2B, 0x34, 0xE4, 0x2E, 0xF5, 0xC6, 0xA8, 0xCA,
    0x45, 0xC0, 0x01, 0x7E, 0x15, 0x20, 0x05, 0x6E, 0x44, 0x9B, 0xE8, 0x04, 0xC8, 0x3A, 0x42, 0x58,
    0x14, 0x6D, 0xA8, 0x68, 0x17, 0xA3, 0x2A, 0x2A, 0x21, 0xA5, 0x4A, 0x69, 0x0B, 0xB2, 0xAD, 0x7B,
    0x55, 0x54, 0x8C, 0xB7, 0x85, 0x22, 0x54, 0xA6, 0xA8, 0x33, 0x45, 0xB3, 0x2A, 0x2A, 0x50, 0x51,
    0x51, 0x82, 0x8D, 0x96, 0x22, 0x37, 0xA8, 0xA2, 0x7C, 0xFA, 0x20, 0x2A, 0xBA, 0x0F, 0xA1, 0x5A,
    0x24, 0xF1, 0x93, 0xB5, 0x89, 0x31, 0x51, 0x41, 0xA8, 0x4A, 0x3C, 0x36, 0x2A, 0x6B, 0xC5, 0x09,
    0x23, 0xD9, 0x32, 0x48, 0x4E, 0x4C, 0xD1, 0xAA, 0x32, 0xF1, 0xDD, 0xA2, 0x42, 0x2E, 0x46, 0x1D,
    0xEE, 0x03, 0x81, 0xD4, 0xDB, 0x2C, 0x7A, 0xC3, 0xA9, 0xDE, 0x61, 0xD1, 0x8B, 0x8A, 0x53, 0x27,
    0xAC, 0xE6, 0xD4, 0x9B, 0xF8, 0xD9, 0xF4, 0x66, 0xA8, 0x72, 0x22, 0x27, 0x54, 0xF5, 0xBA, 0xE1,
    0xB6, 0xD1, 0x9B, 0x01, 0xFB, 0x44, 0x2B, 0x24, 0xA6, 0x77, 0x3E, 0xD5, 0xBB, 0x51, 0xBD, 0xBF,
    0x8F, 0xC9, 0xDE, 0xBE, 0x5E, 0xD5, 0x75, 0x6B, 0xFB, 0x72, 0xA2, 0xB8, 0xD1, 0xF4, 0x66, 0xE1,
    0x76, 0xD2, 0xFB, 0x0D, 0x75, 0x96, 0x85, 0x6C, 0x8A, 0x51, 0x99, 0x64, 0xD2, 0x55, 0xCD, 0xF7,
    0x21, 0x1A, 0x8A, 0x8E, 0x5E, 0xA7, 0xB3, 0xAC, 0x0F, 0x45, 0x93, 0x9D, 0x41, 0x4C, 0x77, 0x82,
    0x56, 0x7B, 0xB0, 0x5D, 0xEE, 0x70, 0xF0, 0x0F, 0xA6, 0xC3, 0x6C, 0xBC, 0xF2, 0x8B, 0x67, 0xA3,
    0xB2, 0x6C, 0xC8, 0xED, 0x9E, 0x8D, 0x5D, 0xE0, 0x86, 0x79, 0x1E, 0x8B, 0x9B, 0x2E, 0x69, 0x38,
    0x4D, 0x08, 0x2A, 0xCB, 0xC8, 0xAE, 0xE7, 0x87, 0x9A, 0x92, 0x04, 0x88, 0xDE, 0x92, 0x0A, 0x3D,
    0x1F, 0x2F, 0x3B, 0xB1, 0x25, 0x2B, 0x59, 0xD8, 0x6A, 0x7F, 0x17, 0x8F, 0x54, 0x6E, 0x0F, 0x8F,
    0xB9, 0x0A, 0xFB, 0xA6, 0xF4, 0x74, 0xED, 0xA4, 0xD0, 0xD6, 0xBC, 0x9D, 0xAB, 0xD3, 0x7F, 0x33,
    0xFC, 0x45, 0xFE, 0xBE, 0x9C, 0xAC, 0xBC, 0x6A, 0xCD, 0x64, 0x2B, 0xD1, 0xE6, 0xE6, 0x25, 0xD0,
    0x27, 0x20, 0x5B, 0x31, 0xFF, 0x7A, 0xE6, 0x6A, 0x29, 0x3A, 0xE2, 0x71, 0x7E, 0x65, 0xA9, 0x9F,
    0xC3, 0x5A, 0xC7, 0x7C, 0xED, 0xC7, 0x78, 0x7B, 0x55, 0x6D, 0x25, 0xC6, 0xA3, 0xD7, 0x8C, 0xD1,
    0x47, 0x90, 0xC2, 0x5C, 0xC9, 0xF4, 0x59, 0x63, 0xAD, 0x1E, 0xB7, 0x69, 0x91, 0x77, 0x73, 0x49,
    0xEC, 0x76, 0x75, 0x99, 0x19, 0x1C, 0x57, 0xDB, 0x54, 0x2E, 0xE5, 0x2B, 0xDD, 0x26, 0x50, 0x93,
    0xA9, 0xAD, 0xB1, 0x6C, 0xEA, 0xF2, 0x9B, 0x2D, 0x9D, 0x36, 0x17, 0x56, 0xC1, 0xEC, 0x62, 0xB6,
    0x84, 0xEA, 0xD2, 0xB4, 0xDD, 0x8A, 0x35, 0xDF, 0x9F, 0xC9, 0x98, 0xBC, 0xBB, 0xAF, 0x34, 0x7F,
    0x6D, 0x7C, 0x49, 0x0E, 0x01, 0x7C, 0x53, 0xAC, 0xD5, 0x60, 0x0B, 0xFB, 0x67, 0x33, 0x8D, 0xFD,
    0xB3, 0xA9, 0x0E, 0xAC, 0x8A, 0x3A, 0x15, 0x3B, 0xB1, 0xE3, 0x68, 0xC9, 0xB6, 0x9C, 0x72, 0x6F,
    0xB8, 0xCD, 0xF0, 0xB4, 0x4D, 0xB7, 0x94, 0x7A, 0x36, 0xB9, 0x38, 0xE1, 0xF2, 0x1E, 0x2F, 0x48,
    0xFA, 0xD7, 0xF6, 0x62, 0x7B, 0xB2, 0x4E, 0xC6, 0x0C, 0x40, 0x1A, 0x98, 0xF0, 0x17, 0xC0, 0x93,
    0xF5, 0xF5, 0xC0, 0x63, 0xF5, 0x8D, 0xE9, 0x83, 0x79, 0xB2, 0xB6, 0xA3, 0x75, 0xD6, 0x91, 0x75,
    0x57, 0x0C, 0xA4, 0x3D, 0x95, 0xA3, 0x9E, 0xAE, 0xBF, 0x30, 0xE8, 0xF1, 0xFA, 0xA5, 0xCE, 0xCE,
    0xD7, 0xA4, 0x4E, 0xE2, 0x76, 0xC2, 0x96, 0x0F, 0xE2, 0x09, 0xC8, 0xCE, 0xDD, 0xCB, 0xC1, 0x7B,
    0xB2, 0x93, 0x77, 0x0A, 0x5B, 0xFC, 0x4F, 0xC0, 0xCE, 0xDE, 0xD7, 0x61, 0x87, 0xEF, 0xF9, 0xED,
    0xD3, 0xF7, 0xE9, 0xF1, 0x5B, 0x96, 0xF3, 0xB7, 0xDC, 0x2E, 0x3B, 0xE4, 0xFF, 0x03, 0xED, 0xDA,
    0x01, 0xA4, 0x1D, 0xD9, 0x1D, 0xC7, 0xF1, 0xDF, 0xCC, 0xD8, 0x5C, 0x0C, 0x26, 0x78, 0xC0, 0xC3,
    0x00, 0xD0, 0x92, 0x01, 0x80, 0xBC, 0xCC, 0x6C, 0xA1, 0x28, 0x76, 0x01, 0x80, 0x00, 0x90, 0x65,
    0x1F, 0x40, 0x11, 0x7B, 0x4F, 0x15, 0x10, 0x6C, 0x00, 0x14, 0x36, 0x48, 0xB1, 0x81, 0x40, 0x51,
    0xBC, 0xBC, 0x99, 0xA2, 0x85, 0xC5, 0x9B, 0x6E, 0xB0, 0x34, 0xE8, 0xEC, 0x66, 0x35, 0xBA, 0xC1,
    0x9E, 0xE4, 0x4E, 0xDB, 0x89, 0x9C, 0x33, 0xBF, 0x9A, 0x39, 0xFF, 0x33, 0x33, 0x4F, 0x5E, 0xB3,
    0xA9, 0x96, 0x7D, 0xF7, 0xBE, 0x87, 0xB8, 0x33, 0x40, 0xFE, 0xDF, 0x7B, 0xCF, 0xCC, 0x3B, 0x1F,
    0x07, 0x29, 0x5F, 0x01, 0x40, 0x40, 0xB2, 0x41, 0x56, 0xAC, 0x48, 0xF6, 0x28, 0xAB, 0x84, 0x24,
    0x6B, 0x36, 0x69, 0x8F, 0x2B, 0xEC, 0xCA, 0x3A, 0xEB, 0x80, 0x8C, 0x99, 0xCA, 0x5A, 0x20, 0x64,
    0x85, 0xB4, 0x05, 0xB0, 0xD6, 0x48, 0x0C, 0x80, 0xB4, 0x03, 0xD9, 0x02, 0xC0, 0x7F, 0xFC, 0x8C,
    0x2D, 0xCE, 0xC5, 0xE7, 0xE9, 0x79, 0xD3, 0x6A, 0x45, 0x92, 0x45, 0xAE, 0xC7, 0x79, 0x9B, 0xB5,
    0x1E, 0xE7, 0xB5, 0xB9, 0x1E, 0xE6, 0x4D, 0x79, 0xB3, 0x1A, 0xE6, 0x0D, 0x58, 0x23, 0x19, 0xC6,
    0xC8, 0x5B, 0x37, 0x6F, 0x62, 0xB6, 0x67, 0xDE, 0x7D, 0xF6, 0x85, 0x1F, 0xD8, 0x02, 0x06, 0xE3,
    0xC4, 0x4D, 0x44, 0x8C, 0x23, 0xF7, 0x11, 0x91, 0xF6, 0x40, 0xC9, 0xC7, 0xC4, 0x30, 0x74, 0xC8,
    0xCE, 0x60, 0x98, 0x1A, 0x59, 0x0F, 0x37, 0x76, 0xC4, 0xCA, 0xCD, 0x8D, 0xB2, 0x99, 0x06, 0x7C,
    0xDB, 0x45, 0x6C, 0x71, 0x0E, 0x2F, 0xA4, 0x86, 0xF2, 0x35, 0x7A, 0xE0, 0x13, 0x57, 0xA3, 0x05,
    0xD5, 0x58, 0x83, 0xEF, 0xB3, 0x4A, 0x59, 0xE0, 0x90, 0x9A, 0x6A, 0xA8, 0x11, 0x94, 0xB6, 0x74,
    0x35, 0x62, 0x16, 0xAE, 0x46, 0xC0, 0x5A, 0x6A, 0xE4, 0xED, 0x96, 0xD7, 0x88, 0xC9, 0xBB, 0xF2,
    0x7F, 0x25, 0x95, 0x5F, 0x0D, 0x16, 0xB2, 0x1C, 0x58, 0xAF, 0xF5, 0x50, 0xE3, 0xA7, 0x34, 0xB9,
    0xCE, 0x0C, 0x80, 0x43, 0x59, 0x11, 0x08, 0xD9, 0xB8, 0x1A, 0xC8, 0x3B, 0xA9, 0x11, 0xF7, 0xDB,
    0x5F, 0xE3, 0xFE, 0x54, 0xA3, 0x41, 0xD4, 0x8E, 0x35, 0x58, 0xC4, 0xC6, 0xD5, 0x68, 0x13, 0x3B,
    0xD4, 0xD8, 0x27, 0x7F, 0x61, 0xC6, 0x1A, 0xFB, 0x7C, 0xDA, 0x8E, 0x35, 0x50, 0x1A, 0xA9, 0x11,
    0x53, 0x6A, 0x04, 0xAC, 0xB6, 0xBE, 0xC6, 0xB7, 0x8B, 0x1A, 0x61, 0xE7, 0x6B, 0x58, 0xA9, 0x11,
    0xF7, 0xBE, 0x86, 0x95, 0x1A, 0xDF, 0x74, 0x6F, 0xD4, 0x28, 0x5C, 0x0D, 0x6C, 0x7B, 0x8D, 0x2B,
    0xE4, 0x2B, 0x77, 0x55, 0x72, 0xBC, 0xCC, 0x8A, 0xC8, 0x65, 0xF0, 0xEF, 0x4A, 0xB2, 0x60, 0x3D,
    0x14, 0xB9, 0x52, 0xB2, 0x2D, 0xAB, 0x31, 0x49, 0x40, 0xE6, 0x2A, 0x93, 0x14, 0xB5, 0x44, 0x41,
    0x29, 0x2B, 0xE6, 0xF4, 0x92, 0xF9, 0x81, 0xAB, 0xD8, 0x62, 0x1B, 0xAE, 0xA4, 0x55, 0x7F, 0x77,
    0x8E, 0xC5, 0x06, 0xC8, 0x94, 0xAB, 0x45, 0x85, 0xB2, 0x96, 0x5C, 0x16, 0x6C, 0x52, 0x2A, 0xE0,
    0x23, 0xB2, 0x29, 0xEB, 0x31, 0x18, 0xF6, 0x69, 0x33, 0x29, 0x86, 0x8C, 0x95, 0x4F, 0x16, 0xB0,
    0xF5, 0xCD, 0x90, 0xDA, 0x45, 0x96, 0x1F, 0xBE, 0x8C, 0x2D, 0xB6, 0xF2, 0x52, 0x4A, 0xF2, 0x3E,
    0xA6, 0x94, 0xEE, 0x37, 0x78, 0x8C, 0x88, 0x74, 0x37, 0x21, 0x0B, 0x89, 0xC9, 0x26, 0xA2, 0x4A,
    0x79, 0x17, 0xC3, 0xCF, 0xAF, 0x0F, 0x59, 0xB8, 0x9C, 0x41, 0x49, 0x7D, 0x8C, 0xCC, 0x47, 0xEC,
    0x81, 0xD4, 0x2F, 0x35, 0xD6, 0x53, 0x51, 0xAC, 0xBB, 0x65, 0xB1, 0x77, 0xBA, 0x8E, 0x2D, 0x76,
    0xE5, 0x7A, 0x6C, 0xC6, 0xEF, 0x8A, 0xB9, 0xF3, 0xF8, 0xE8, 0x0B, 0xBB, 0xC8, 0xB7, 0xC5, 0xCA,
    0xFA, 0xCE, 0x54, 0x71, 0x3F, 0x76, 0xC6, 0x47, 0xA4, 0x5D, 0xD9, 0xCC, 0xC8, 0x37, 0x25, 0x4F,
    0x3F, 0x77, 0x63, 0xA7, 0xCE, 0xD8, 0x67, 0x35, 0x75, 0x46, 0xA9, 0x2F, 0x74, 0xE7, 0xE0, 0x21,
    0xC9, 0xDF, 0xFA, 0xBB, 0x35, 0x49, 0x79, 0x54, 0xAC, 0xE1, 0x5B, 0x0F, 0x69, 0xA9, 0xA6, 0xDA,
    0x7D, 0x11, 0xB0, 0x4A, 0xC7, 0x37, 0xD1, 0x7B, 0x0F, 0xC9, 0x0E, 0x54, 0x99, 0xF1, 0x61, 0x59,
    0xAF, 0x91, 0xCD, 0x9D, 0x0D, 0xE6, 0xEA, 0xC8, 0xA8, 0x20, 0xDD, 0x5D, 0xF8, 0x53, 0x55, 0xF1,
    0xEE, 0x77, 0x32, 0xC1, 0x45, 0xB9, 0xC3, 0x61, 0x5F, 0xE0, 0x1A, 0x42, 0xB2, 0x4D, 0xF3, 0xEB,
    0x31, 0xC9, 0xF4, 0xDA, 0xF5, 0x84, 0xE4, 0x89, 0x3A, 0x4A, 0x6D, 0xC0, 0xD7, 0xAF, 0xBB, 0xAC,
    0x43, 0xF6, 0x9A, 0x3A, 0x6B, 0x11, 0xDB, 0x5B, 0x45, 0xD2, 0x22, 0x24, 0xC6, 0xD6, 0x54, 0x92,
    0xEE, 0xEC, 0x8F, 0xD8, 0xE2, 0xC7, 0xF8, 0x40, 0xC6, 0x06, 0xE8, 0x10, 0x92, 0xC4, 0x6D, 0xA3,
    0x63, 0x92, 0xCD, 0xED, 0x57, 0x3A, 0x21, 0x69, 0x6E, 0x44, 0x3A, 0xED, 0x91, 0x71, 0xFD, 0x7D,
    0x93, 0x75, 0x08, 0xF8, 0x57, 0x8E, 0x6F, 0x9F, 0xFC, 0xC5, 0xE7, 0x48, 0xDA, 0x61, 0x2A, 0xF7,
    0x2F, 0xEA, 0xB1, 0x3D, 0x3B, 0xBE, 0x6C, 0x58, 0x2E, 0xC9, 0x38, 0x6F, 0x15, 0x3F, 0xFC, 0x38,
    0x26, 0x69, 0x92, 0x4F, 0x6F, 0x24, 0x24, 0x79, 0xA7, 0xBA, 0x91, 0xF6, 0x88, 0xB9, 0xA1, 0xC9,
    0x3A, 0x60, 0x6D, 0xD9, 0x0E, 0xF3, 0xC6, 0xFC, 0x89, 0x1A, 0xE6, 0x0D, 0xFD, 0xAA, 0x59, 0xD7,
    0x5B, 0xB6, 0xA3, 0x8F, 0x2A, 0xB7, 0xA5, 0x0F, 0x9F, 0x3D, 0x57, 0xA3, 0x61, 0x44, 0x9B, 0x2F,
    0xAA, 0x71, 0xE4, 0x2F, 0x75, 0xA2, 0x9C, 0x62, 0x90, 0x70, 0x8C, 0xB1, 0xB6, 0x70, 0x8E, 0xF1,
    0xA7, 0x7B, 0x13, 0x64, 0x4C, 0x92, 0xB1, 0xD5, 0xBB, 0x18, 0xA9, 0x11, 0x36, 0x02, 0x1C, 0x9B,
    0x4D, 0xED, 0x84, 0xE3, 0x9F, 0x4F, 0x6B, 0x47, 0x1C, 0x26, 0xAE, 0x9C, 0x71, 0x94, 0xA5, 0x72,
    0xC8, 0x71, 0x48, 0x38, 0xE5, 0xF8, 0xF2, 0xFE, 0xC4, 0x1C, 0xDE, 0x39, 0xB6, 0xBC, 0x86, 0xE8,
    0xC7, 0x35, 0xD1, 0x8F, 0x24, 0x3F, 0x70, 0xFA, 0x91, 0x7C, 0x7C, 0xE0, 0xF4, 0x23, 0xA9, 0x8E,
    0x9C, 0x7E, 0x3C, 0x61, 0xE7, 0xF4, 0xE3, 0x35, 0xB5, 0xE8, 0xC7, 0xAD, 0x62, 0x37, 0xF5, 0x23,
    0x29, 0x84, 0x3F, 0x56, 0x27, 0x9F, 0x89, 0x7F, 0xC4, 0x27, 0x87, 0x8E, 0x83, 0xF8, 0xF3, 0x3A,
    0x87, 0x13, 0x90, 0x0D, 0x2D, 0x1C, 0x81, 0xF4, 0xEC, 0xBC, 0x81, 0xFC, 0x46, 0xCD, 0x08, 0x32,
    0x2B, 0xC8, 0x0E, 0xEE, 0x62, 0xC4, 0x46, 0xA2, 0x46, 0x70, 0x24, 0xD8, 0x6C, 0x44, 0x47, 0x82,
    0xCD, 0x57, 0x95, 0xF0, 0x48, 0x97, 0x54, 0xE2, 0x23, 0xA4, 0x12, 0x20, 0x59, 0xF7, 0x10, 0x21,
    0xF9, 0xDB, 0xFD, 0x99, 0x48, 0x66, 0x23, 0xD9, 0xC5, 0x56, 0x22, 0x27, 0x47, 0x1E, 0x0B, 0xAE,
    0x1B, 0x6F, 0x27, 0x07, 0x47, 0xAD, 0x70, 0x41, 0x1E, 0x6A, 0xF1, 0x82, 0x43, 0x6A, 0x01, 0x83,
    0xE7, 0xAC, 0x44, 0x0C, 0xEC, 0xE7, 0x33, 0xA0, 0xCC, 0x82, 0xB2, 0x8B, 0xAD, 0xC4, 0x55, 0x6E,
    0xFB, 0x56, 0x07, 0x8F, 0x7E, 0x27, 0xAD, 0x6E, 0xDC, 0xEE, 0x7C, 0xAB, 0xA0, 0x95, 0x56, 0x37,
    0xCF, 0x6A, 0xF5, 0x60, 0xE6, 0x15, 0x69, 0x85, 0xDD, 0x6C, 0x25, 0xEA, 0x12, 0x55, 0x9E, 0x5D,
    0xC2, 0xE7, 0x4F, 0x94, 0xB8, 0x4B, 0xB4, 0x39, 0xF1, 0xF0, 0xF2, 0x33, 0x9D, 0x2A, 0x2F, 0x2F,
    0x24, 0x3C, 0xBD, 0x94, 0x16, 0xDE, 0x5E, 0xBE, 0xBB, 0xB7, 0xC0, 0x97, 0x85, 0xBE, 0x5C, 0x18,
    0x49, 0xF0, 0x26, 0xB3, 0xAA, 0x26, 0x94, 0x09, 0x9F, 0xF8, 0x96, 0x54, 0xD1, 0xB3, 0x13, 0xE5,
    0x59, 0x26, 0xD2, 0x69, 0xE1, 0x5D, 0xE6, 0x6B, 0x12, 0x13, 0xCC, 0x4C, 0x3D, 0x91, 0xF1, 0x2F,
    0xF7, 0x96, 0x34, 0xB3, 0xB4, 0x99, 0x0B, 0x2E, 0x09, 0x5E, 0x6C, 0xD2, 0x59, 0x6C, 0x92, 0xF5,
    0xC1, 0x24, 0x36, 0xC9, 0x67, 0x37, 0x26, 0xB1, 0x49, 0xAA, 0xA3, 0x49, 0x6C, 0x56, 0x34, 0x93,
    0xD8, 0xBC, 0xA4, 0x9E, 0xC5, 0xE6, 0x56, 0xF1, 0x56, 0xB1, 0xB9, 0x14, 0x9B, 0xEB, 0x0B, 0xB2,
    0xB9, 0xF6, 0xE8, 0xF7, 0xB3, 0xD9, 0xE4, 0xD7, 0xCD, 0x8C, 0x36, 0x19, 0xBA, 0x59, 0x6D, 0x12,
    0xEA, 0x99, 0x6D, 0x9E, 0xB1, 0x9E, 0xDD, 0xA6, 0x7F, 0x70, 0x0A, 0x6E, 0x7C, 0xEF, 0x37, 0x01,
    0xE1, 0x5D, 0x6F, 0x62, 0x8B, 0xDD, 0xBD, 0x59, 0x7A, 0xCE, 0xC1, 0xD2, 0x73, 0xAE, 0x7D, 0xF2,
    0xCB, 0x85, 0xE7, 0x64, 0x07, 0x47, 0x0B, 0xCF, 0x49, 0x8B, 0x6E, 0xE1, 0x39, 0x09, 0xDB, 0x85,
    0xE7, 0x7C, 0xC5, 0x66, 0xE1, 0x39, 0xF6, 0xC1, 0xFF, 0xC5, 0x73, 0x2E, 0x3D, 0x27, 0x66, 0x31,
    0x78, 0xCE, 0x9A, 0x2A, 0x26, 0x7B, 0x7A, 0x34, 0xC6, 0xE0, 0x39, 0x2C, 0x30, 0x78, 0x0E, 0x81,
    0xC1, 0x73, 0x08, 0x2C, 0x3D, 0xA7, 0x3A, 0xA7, 0x9E, 0x73, 0x17, 0x99, 0x0D, 0xC9, 0x3E, 0x60,
    0x1F, 0x93, 0x7C, 0x4A, 0x59, 0xE9, 0x66, 0xB4, 0x1C, 0x8B, 0x91, 0x72, 0x0C, 0x46, 0xC9, 0x31,
    0x02, 0x39, 0xCE, 0x71, 0x78, 0x4E, 0x27, 0xFA, 0x16, 0x2B, 0xAA, 0x90, 0xA4, 0xCA, 0x59, 0xC5,
    0x24, 0xBB, 0x35, 0xFD, 0x9F, 0x37, 0x6A, 0x14, 0x1B, 0x56, 0x18, 0xC5, 0x86, 0x0A, 0x4E, 0x6C,
    0x14, 0x9C, 0xD8, 0x54, 0x22, 0x36, 0xCD, 0x36, 0x89, 0x4D, 0x07, 0x94, 0x5D, 0x40, 0xB2, 0x8E,
    0x68, 0x46, 0xAF, 0x49, 0xD8, 0x8D, 0xF3, 0x7E, 0x4F, 0x77, 0x06, 0x83, 0x9D, 0x60, 0x8D, 0x16,
    0xAB, 0xD1, 0x42, 0x35, 0xAD, 0x48, 0x8D, 0xD9, 0x32, 0xA1, 0x5A, 0x8F, 0xF3, 0x36, 0x7E, 0xDE,
    0x98, 0x46, 0xE6, 0x6D, 0xDD, 0xBC, 0x06, 0x8E, 0x63, 0x5A, 0xD1, 0x98, 0x56, 0x30, 0xA6, 0x13,
    0x8B, 0xB1, 0x5B, 0x76, 0xE6, 0x64, 0xC5, 0xDA, 0xA9, 0x4B, 0x46, 0x67, 0x50, 0x4D, 0x2E, 0x3F,
    0x69, 0x5B, 0xB2, 0x72, 0xEA, 0x22, 0x3F, 0xEA, 0x90, 0xF2, 0xAB, 0x46, 0xC6, 0x0A, 0x3B, 0xA8,
    0x2E, 0x83, 0xB8, 0x34, 0x0E, 0x5D, 0x12, 0x6A, 0x67, 0x2E, 0x19, 0xE5, 0x94, 0x45, 0xCE, 0xC6,
    0x89, 0x0B, 0xB5, 0x80, 0x0B, 0x6B, 0xEF, 0x2D, 0xB5, 0xE7, 0x16, 0xBD, 0x5B, 0x67, 0x4E, 0xD6,
    0x16, 0x24, 0x59, 0x84, 0xB4, 0x63, 0x8D, 0x6E, 0xE5, 0x9F, 0xE1, 0x77, 0x68, 0x9C, 0xA9, 0xD0,
    0x40, 0x48, 0xA5, 0xF3, 0xA2, 0xD2, 0x79, 0x50, 0x31, 0xBB, 0x75, 0xE6, 0x24, 0xA6, 0x1A, 0x73,
    0xD4, 0xC8, 0xE9, 0x94, 0xA9, 0x47, 0xE9, 0x9F, 0xFF, 0x9A, 0x2C, 0x44, 0x03, 0x58, 0x41, 0x34,
    0x80, 0x05, 0x44, 0x03, 0x58, 0x4C, 0x1A, 0xA0, 0x26, 0x39, 0xA9, 0x77, 0x57, 0x99, 0x56, 0x6F,
    0xB6, 0x2A, 0xFE, 0x87, 0x56, 0x60, 0xBD, 0xA3, 0x72, 0xF2, 0x77, 0x00, 0x99, 0x15, 0x38, 0x09,
    0xD8, 0x47, 0xFE, 0x9C, 0x80, 0x75, 0xAD, 0xB8, 0xA2, 0x11, 0x35, 0x79, 0x6D, 0x27, 0x34, 0x31,
    0x93, 0x99, 0x98, 0x89, 0x4C, 0xCC, 0x24, 0x26, 0xDC, 0xE5, 0xF3, 0x2A, 0x12, 0x8B, 0x77, 0xE7,
    0x5A, 0x2C, 0xE6, 0x5C, 0x5D, 0x4C, 0xE3, 0x5D, 0xE4, 0x89, 0xF5, 0x2C, 0x32, 0x17, 0x43, 0x36,
    0x27, 0x0B, 0x68, 0x66, 0x13, 0xE1, 0xC5, 0x3A, 0xAF, 0x22, 0x26, 0xE4, 0xF5, 0x23, 0x66, 0x2B,
    0x2D, 0x3B, 0xA4, 0xD4, 0x12, 0x93, 0x75, 0x46, 0x3D, 0xE9, 0x47, 0xAE, 0x31, 0xE9, 0x07, 0x1B,
    0x4C, 0xFA, 0xC1, 0x06, 0xB3, 0x7E, 0xE8, 0x37, 0xF4, 0xE3, 0x52, 0x3F, 0x02, 0x36, 0x2E, 0xF4,
    0x50, 0x32, 0xA1, 0x8E, 0xE6, 0x4D, 0xF7, 0x9C, 0x9A, 0x45, 0xCE, 0x66, 0xD2, 0x8F, 0x6E, 0x8A,
    0x8D, 0x2B, 0xF4, 0xB5, 0xE5, 0xAE, 0x59, 0xEA, 0x87, 0xF4, 0x16, 0x35, 0x7D, 0x8B, 0x71, 0x5C,
    0xEA, 0x47, 0xC8, 0xC6, 0xEB, 0x47, 0xE1, 0xBF, 0x07, 0x7F, 0xBB, 0xFC, 0x22, 0x7A, 0xE4, 0xAC,
    0x67, 0xFD, 0x68, 0xE5, 0xAB, 0x70, 0xBD, 0x59, 0xD6, 0x58, 0xE8, 0x07, 0xEB, 0x53, 0xFA, 0xD1,
    0x9C, 0xD2, 0x8F, 0xF6, 0xBF, 0xF0, 0x8E, 0x4B, 0xFD, 0x50, 0xE1, 0xD0, 0xDA, 0xE9, 0x47, 0x29,
    0xFA, 0xA1, 0x9C, 0x7E, 0xBC, 0xE7, 0xF4, 0x23, 0x55, 0xA3, 0x7E, 0xE4, 0xD5, 0xA8, 0x1F, 0xA9,
    0x1A, 0xF5, 0xE3, 0x8F, 0xE7, 0x57, 0x3F, 0xFA, 0x90, 0xEC, 0x21, 0xFA, 0x21, 0x6F, 0xA8, 0x1E,
    0xA3, 0x7E, 0x98, 0xBD, 0x51, 0x3F, 0xBA, 0x63, 0xA7, 0x1F, 0x74, 0xFA, 0x71, 0xEC, 0xF4, 0x63,
    0xEF, 0xBC, 0xEA, 0x47, 0xC8, 0x7A, 0xD4, 0x8F, 0x54, 0xF4, 0xC3, 0x6F, 0x15, 0xCB, 0x06, 0x4E,
    0x3F, 0x7E, 0x25, 0xFA, 0xF1, 0x41, 0xED, 0xF4, 0xE3, 0xD3, 0xC6, 0xE9, 0xC7, 0x49, 0xED, 0xF4,
    0xE3, 0xEB, 0x2D, 0xD3, 0x8F, 0xF5, 0x69, 0xFD, 0x88, 0x45, 0x3F, 0x4E, 0x0C, 0x9C, 0x06, 0xE8,
    0xAB, 0x4E, 0x3F, 0x5E, 0x18, 0xA7, 0x1F, 0x2F, 0x8D, 0xD3, 0x8F, 0x7F, 0x18, 0xD1, 0x8F, 0xAB,
    0xDB, 0xA5, 0x1F, 0x87, 0xC6, 0x1D, 0xCF, 0x91, 0x79, 0x23, 0xD9, 0xEE, 0x3D, 0xB7, 0x32, 0x6F,
    0x3B, 0xCE, 0x9B, 0x52, 0x1B, 0xD1, 0x0F, 0xEB, 0xF4, 0xC3, 0x18, 0xD1, 0x8F, 0xAB, 0xDB, 0xA5,
    0x1F, 0xA1, 0xD7, 0x8F, 0x64, 0xD6, 0x8F, 0xDA, 0xE9, 0x47, 0xDE, 0x40, 0xF4, 0xE3, 0x0F, 0x85,
    0xE8, 0xC7, 0x9D, 0x46, 0xF4, 0xE3, 0x44, 0x8B, 0x7E, 0x7C, 0xD1, 0x88, 0x7E, 0xBC, 0x28, 0x76,
    0x40, 0x3F, 0x50, 0x6A, 0x39, 0x72, 0xE2, 0xF5, 0x23, 0xF1, 0xAF, 0xC5, 0xAC, 0x85, 0xE8, 0x47,
    0x53, 0x88, 0x7E, 0x3C, 0xD6, 0xA2, 0x1F, 0x4F, 0x3B, 0xD1, 0x8F, 0x8D, 0xF6, 0xFA, 0x51, 0xEC,
    0x82, 0x7E, 0x64, 0x4E, 0x3F, 0x14, 0xBC, 0x7E, 0xF8, 0xE5, 0xC0, 0x5F, 0xF7, 0xF0, 0xFA, 0xB1,
    0xE7, 0xF5, 0xE3, 0x91, 0xE8, 0x87, 0xE9, 0xBD, 0x7E, 0x3C, 0xF2, 0xFA, 0xB1, 0xB7, 0x0B, 0xFA,
    0xB1, 0x62, 0x25, 0x3B, 0xFA, 0x6C, 0xDA, 0xD1, 0xFB, 0xE7, 0x3F, 0xDB, 0xB2, 0x86, 0xDB, 0xD1,
    0xF7, 0x7C, 0x7F, 0xDA, 0xD1, 0x27, 0xFE, 0x2C, 0x04, 0x6F, 0xD6, 0x7E, 0x47, 0x7F, 0x52, 0x79,
    0xFD, 0xF8, 0xF3, 0xEE, 0xEA, 0x47, 0x28, 0xAD, 0x9A, 0xA9, 0x15, 0xCF, 0x6A, 0xC5, 0x33, 0x5B,
    0x7D, 0xF0, 0x46, 0x2B, 0x48, 0xAB, 0x1D, 0xD5, 0x8F, 0x5E, 0xF4, 0x03, 0x67, 0xE8, 0x47, 0xD4,
    0x43, 0xF4, 0xE3, 0x5F, 0x66, 0x6F, 0xD2, 0x8F, 0xE3, 0x49, 0x3F, 0x38, 0xE9, 0xC7, 0xF1, 0xA4,
    0x1F, 0x7B, 0xBB, 0xAC, 0x1F, 0xBD, 0xE8, 0xC7, 0x5C, 0x8B, 0x6A, 0xCE, 0x65, 0x87, 0x5E, 0xA2,
    0x1F, 0x8F, 0x25, 0x18, 0xF6, 0xE7, 0x62, 0xC8, 0xE6, 0x64, 0x01, 0xED, 0xF1, 0xAC, 0x1F, 0x7B,
    0x17, 0x4D, 0x3F, 0x50, 0xCE, 0xFA, 0xB1, 0x5A, 0xE8, 0x47, 0xB2, 0xD0, 0x8F, 0xB4, 0xC3, 0xA4,
    0x1F, 0xA9, 0xFE, 0x70, 0xD6, 0x8F, 0x6F, 0xDA, 0x59, 0x3F, 0x9E, 0x76, 0xB3, 0x7E, 0xBC, 0x6C,
    0x17, 0xFA, 0xF1, 0xE1, 0x45, 0xD6, 0x8F, 0x7F, 0x03, 0xED, 0x59, 0x0B, 0x88, 0xDD, 0x56, 0x7A,
    0xFE, 0x24, 0xC5, 0xF7, 0xC6, 0x11, 0x44, 0xA1, 0x24, 0xED, 0xC6, 0x6E, 0x51, 0xA0, 0x3C, 0xB3,
    0x2D, 0x07, 0xE8, 0x42, 0x17, 0xC8, 0xFA, 0x68, 0x63, 0x28, 0x8F, 0x00, 0xC9, 0x42, 0xCB, 0x63,
    0xB7, 0xB0, 0x0B, 0xA4, 0x40, 0x9A, 0x16, 0x03, 0x2D, 0x14, 0x96, 0x10, 0xA9, 0x31, 0x25, 0x40,
    0x80, 0x5C, 0x20, 0xBC, 0xCA, 0x63, 0x0D, 0xB8, 0x90, 0xDC, 0x64, 0x19, 0x17, 0x0A, 0xA4, 0x90,
    0x58, 0x72, 0xBC, 0x60, 0xCA, 0x40, 0x47, 0x89, 0x5B, 0x02, 0xA4, 0xED, 0xCA, 0x6B, 0x97, 0xB0,
    0x36, 0x30, 0x27, 0x1E, 0xA5, 0x91, 0xC7, 0x92, 0xBE, 0xEA, 0xFF, 0x75, 0xEF, 0x3C, 0x9C, 0x99,
    0xDA, 0x4B, 0x9A, 0xCD, 0xD8, 0xBB, 0xC7, 0xD6, 0x77, 0x74, 0x74, 0xA5, 0x73, 0xFE, 0xFF, 0x3B,
    0xFF, 0x77, 0x5E, 0x83, 0x49, 0x4E, 0x5E, 0x4D, 0x00, 0x20, 0xAF, 0x91, 0x53, 0xD2, 0x29, 0x60,
    0x4A, 0x17, 0x70, 0x4C, 0x33, 0x44, 0x74, 0x11, 0x17, 0x29, 0x8B, 0x1B, 0xC4, 0x9C, 0x01, 0x78,
    0x9E, 0x6C, 0x4C, 0x95, 0x98, 0x16, 0x92, 0x26, 0xE4, 0xFA, 0xC5, 0xDA, 0xD4, 0x58, 0x96, 0x2E,
    0x37, 0xF1, 0xA2, 0x80, 0xA3, 0xDC, 0xA8, 0xA3, 0x16, 0x8B, 0x94, 0x37, 0x09, 0x59, 0x63, 0x2B,
    0xDD, 0x61, 0x21, 0xEC, 0x70, 0xEF, 0x16, 0xE0, 0xAD, 0x90, 0xFC, 0x07, 0xBD, 0xCB, 0x1D, 0x52,
    0x4A, 0xEA, 0x13, 0x20, 0x5C, 0xF6, 0x83, 0x14, 0x77, 0x75, 0x44, 0x0F, 0x53, 0x23, 0xE6, 0x15,
    0x00, 0x87, 0x56, 0xC8, 0xDA, 0x94, 0xDA, 0x15, 0x23, 0xDF, 0x5C, 0x39, 0xEF, 0xCC, 0x36, 0xFD,
    0xBC, 0x58, 0x6F, 0x75, 0x06, 0x0C, 0x37, 0xDC, 0xB2, 0x37, 0xB4, 0xD7, 0x77, 0x77, 0x07, 0xEE,
    0xB8, 0x24, 0x2E, 0xFC, 0x0A, 0x95, 0x70, 0xA2, 0x4F, 0x42, 0x66, 0x3E, 0x59, 0x5B, 0x66, 0x21,
    0xD9, 0xE7, 0x4C, 0x22, 0xD5, 0x04, 0xE2, 0xCE, 0x23, 0x83, 0xC2, 0x34, 0x30, 0xFC, 0xE1, 0x5B,
    0xA6, 0x46, 0xC8, 0x63, 0xEF, 0x44, 0x35, 0x7C, 0x1A, 0x8D, 0x7C, 0x9E, 0x5B, 0x92, 0xBC, 0x67,
    0x26, 0x0D, 0x7D, 0x05, 0x19, 0x0C, 0x67, 0x30, 0x3D, 0x7C, 0xB2, 0x07, 0x7B, 0x84, 0x24, 0x2F,
    0xB3, 0x83, 0x3A, 0xD5, 0x03, 0x71, 0x0F, 0xC3, 0xF6, 0x41, 0x98, 0x06, 0x1E, 0x6F, 0xFC, 0x97,
    0x46, 0x94, 0x6D, 0x37, 0x5D, 0x54, 0x03, 0x51, 0x9B, 0x97, 0xE2, 0x59, 0xC0, 0xC3, 0x4B, 0x2F,
    0xF6, 0xCD, 0xA5, 0xB9, 0x83, 0x90, 0xC3, 0xF0, 0x0A, 0x7C, 0x96, 0xBE, 0x8E, 0x63, 0x2C, 0xC4,
    0xDF, 0xC6, 0xB2, 0x50, 0x7F, 0xF3, 0x0A, 0xB1, 0x52, 0xF0, 0x77, 0xA5, 0x69, 0x80, 0x94, 0x7F,
    0xF1, 0x53, 0xF1, 0x37, 0xE4, 0x8F, 0xCE, 0x8A, 0xBF, 0x3E, 0xD7, 0x5A, 0x55, 0x4D, 0x7A, 0x69,
    0x76, 0xD7, 0xF8, 0x1B, 0x53, 0x3C, 0x91, 0xDE, 0x23, 0xCB, 0x80, 0x2D, 0xA6, 0x24, 0xFB, 0x90,
    0x0D, 0xD4, 0xE5, 0xB5, 0x56, 0xFB, 0x78, 0x42, 0xBA, 0x27, 0x60, 0x1A, 0x1D, 0x1A, 0xDE, 0x28,
    0x8D, 0x7A, 0xBB, 0x71, 0xAD, 0xD0, 0x21, 0x23, 0xFD, 0x94, 0x99, 0xFA, 0x1D, 0xB7, 0x0F, 0x6F,
    0x39, 0xB8, 0xFF, 0x8D, 0x36, 0x7E, 0x30, 0x6F, 0x10, 0xF3, 0x06, 0x70, 0xA2, 0x55, 0x36, 0x2A,
    0x7F, 0xC9, 0x86, 0xD0, 0xA2, 0x6C, 0x5C, 0xEB, 0x96, 0x6C, 0xD4, 0xBF, 0x9D, 0x08, 0x1B, 0x31,
    0x37, 0xFE, 0xA3, 0x12, 0x36, 0x3C, 0xFE, 0xCF, 0xCD, 0x52, 0x82, 0x00, 0xB6, 0x65, 0xA1, 0x6C,
    0x44, 0xDD, 0xA3, 0x77, 0x39, 0x1B, 0x47, 0xD9, 0x27, 0x22, 0x06, 0x8F, 0x54, 0xC9, 0x97, 0xC2,
    0x06, 0x2B, 0xCB, 0x52, 0xD9, 0xE8, 0xAC, 0xEA, 0x01, 0x39, 0x59, 0x54, 0xC2, 0x86, 0x4F, 0xFE,
    0x58, 0x15, 0x01, 0xC3, 0xB5, 0x15, 0x65, 0x23, 0xE0, 0xEA, 0xA8, 0x09, 0xE4, 0x6E, 0x76, 0xF7,
    0xB3, 0x21, 0x6E, 0x68, 0x70, 0xF4, 0x98, 0xD2, 0x41, 0xF9, 0xA8, 0x23, 0x3A, 0x28, 0x21, 0x14,
    0xDF, 0x63, 0x26, 0x38, 0x41, 0x5E, 0xFA, 0x6B, 0x95, 0x8B, 0x97, 0xF3, 0xA7, 0x7F, 0x50, 0x28,
    0x27, 0x21, 0xAF, 0xAD, 0x67, 0x4A, 0x8A, 0xC7, 0x0D, 0x62, 0x64, 0xC5, 0xD6, 0xCF, 0x6E, 0xFB,
    0x7E, 0x9B, 0x3B, 0x31, 0xE5, 0xEE, 0xB8, 0x43, 0x48, 0xCE, 0x00, 0xD3, 0x01, 0xE3, 0xE4, 0xC7,
    0x6E, 0xE4, 0xAA, 0xD9, 0x92, 0x12, 0x4F, 0xF6, 0x23, 0x57, 0x5F, 0xA7, 0xCE, 0x1F, 0xC2, 0xC6,
    0x09, 0x6E, 0xFE, 0xA7, 0x53, 0xAE, 0x7C, 0x76, 0x3A, 0x87, 0xA8, 0x9E, 0xF2, 0x51, 0x4F, 0x08,
    0xFB, 0x47, 0xEF, 0x51, 0xAE, 0x4E, 0x03, 0x53, 0x16, 0xCA, 0x55, 0x09, 0xC3, 0x42, 0xB9, 0xEA,
    0x93, 0xE5, 0xBC, 0xC3, 0x3A, 0x2F, 0x85, 0x2B, 0x09, 0x41, 0x3E, 0xF9, 0x13, 0xE5, 0xEA, 0x28,
    0xF9, 0xAD, 0x7F, 0x55, 0xAE, 0x90, 0xF3, 0xC4, 0xBB, 0x23, 0x57, 0xE1, 0x72, 0x06, 0x82, 0xC7,
    0xF7, 0x67, 0xF7, 0x2C, 0x57, 0xFE, 0x82, 0xAB, 0x6A, 0x8B, 0x2B, 0xEE, 0xC5, 0x15, 0xF9, 0xED,
    0x7F, 0xBB, 0x13, 0xAE, 0x70, 0x6F, 0x72, 0x35, 0x21, 0x7F, 0x0E, 0xC0, 0x8C, 0x23, 0xB4, 0x4C,
    0x6C, 0xEC, 0x11, 0x50, 0x89, 0x0B, 0x74, 0x3C, 0xD7, 0x14, 0x2C, 0x74, 0x38, 0xC9, 0xF9, 0x59,
    0x1B, 0x8D, 0x42, 0xF4, 0xC8, 0xEE, 0xEA, 0x19, 0xB3, 0xE0, 0xA9, 0x5D, 0x4A, 0x11, 0xF9, 0x62,
    0x45, 0xA7, 0x8F, 0x0F, 0xEF, 0xA0, 0xE5, 0xB6, 0xB7, 0x62, 0xD8, 0xDD, 0x7A, 0x2B, 0x4C, 0xF6,
    0xB3, 0x1D, 0x54, 0x72, 0xB6, 0x83, 0x4B, 0x66, 0x3B, 0xC8, 0xEC, 0x46, 0x36, 0x33, 0xDD, 0xFA,
    0x5E, 0x5C, 0xD2, 0x89, 0xA3, 0x3B, 0xF8, 0x84, 0xD9, 0x41, 0xA8, 0xC7, 0x6D, 0x46, 0x11, 0xEF,
    0xA6, 0xF4, 0x4E, 0xEE, 0xC5, 0xCC, 0x7B, 0xE6, 0x1E, 0x13, 0xAA, 0xBC, 0x81, 0xBC, 0x56, 0xA2,
    0x35, 0x68, 0x03, 0xD6, 0x4B, 0xA6, 0x1B, 0x6C, 0x4F, 0xB5, 0x64, 0x19, 0x35, 0xD0, 0x73, 0x06,
    0x09, 0xDD, 0x3E, 0x76, 0xDF, 0x54, 0xB2, 0x75, 0xCA, 0xE5, 0xB5, 0xBF, 0x29, 0xCC, 0x92, 0x61,
    0x7E, 0xAC, 0xEB, 0x54, 0x4D, 0x21, 0xAF, 0x13, 0x4B, 0xBE, 0x91, 0x36, 0xCF, 0xE2, 0xD7, 0xE7,
    0x0C, 0xB7, 0x14, 0x76, 0x9F, 0xF6, 0xEC, 0x3A, 0xEE, 0xC1, 0xAE, 0xF3, 0x1E, 0xEC, 0x3A, 0xF0,
    0xD9, 0x79, 0xE2, 0x73, 0xE9, 0x1B, 0xD8, 0x71, 0xE4, 0xF3, 0xD1, 0x1F, 0x4A, 0x5F, 0x2C, 0x8B,
    0x1F, 0xAF, 0x67, 0x3B, 0x0F, 0x7D, 0x88, 0x9D, 0xA7, 0x3E, 0xCF, 0xE2, 0xD7, 0xE7, 0x0C, 0xB7,
    0x2F, 0xED, 0x3E, 0x0B, 0xA2, 0xC3, 0xEE, 0xC3, 0x20, 0xEC, 0x3E, 0x0D, 0xC2, 0xEE, 0xE3, 0xA0,
    0x9D, 0xE7, 0x41, 0xB6, 0xFC, 0x47, 0xEC, 0x38, 0x10, 0xCA, 0xD7, 0xFE, 0x2A, 0xDB, 0x79, 0x22,
    0xF4, 0xD1, 0x7A, 0xB2, 0xEB, 0x48, 0x88, 0xD8, 0x75, 0x26, 0x74, 0x6B, 0x67, 0xFD, 0x42, 0x45,
    0x71, 0xE8, 0x57, 0xB9, 0xE8, 0xB1, 0x01, 0x10, 0x91, 0x09, 0x60, 0xC9, 0x4A, 0xFB, 0xB0, 0x01,
    0x72, 0x17, 0x75, 0x03, 0x16, 0x01, 0x05, 0xC1, 0x0C, 0x69, 0x89, 0xB4, 0x80, 0x75, 0xB0, 0x15,
    0x80, 0x80, 0x2C, 0xF7, 0x42, 0xE9, 0xDA, 0x2F, 0x1B, 0x7D, 0xB5, 0x39, 0x26, 0x33, 0xB5, 0xD9,
    0xE9, 0xE0, 0xD0, 0x02, 0xAC, 0x42, 0x02, 0x2C, 0x3C, 0x16, 0x03, 0x22, 0xAD, 0xC4, 0x72, 0xE3,
    0x60, 0x4B, 0x44, 0xCD, 0xB2, 0xEB, 0xF7, 0x42, 0xE1, 0xE4, 0xCB, 0xC6, 0x94, 0xB3, 0x91, 0xB6,
    0x5E, 0xF9, 0x56, 0xAA, 0x2D, 0xD5, 0x6E, 0xDB, 0x22, 0x25, 0x60, 0x45, 0x31, 0x85, 0xD2, 0x9B,
    0x3B, 0x29, 0x21, 0x6E, 0x11, 0x3B, 0x20, 0xEC, 0x21, 0xC9, 0xB2, 0xDB, 0x37, 0xF3, 0x99, 0xFC,
    0xB2, 0x33, 0x5F, 0xF5, 0x1B, 0xB1, 0x47, 0x27, 0x8E, 0x9C, 0x27, 0x52, 0xF2, 0x32, 0x91, 0x3B,
    0xBB, 0x31, 0x60, 0x11, 0x35, 0xDD, 0x80, 0x53, 0xF1, 0xAF, 0x0C, 0x3A, 0x71, 0xCF, 0xE7, 0xD2,
    0xE2, 0xBD, 0x50, 0x6A, 0xFE, 0xB2, 0x71, 0x3B, 0xDA, 0x4D, 0x26, 0xD1, 0x9E, 0x56, 0x12, 0xED,
    0x79, 0x25, 0xD1, 0x9E, 0x56, 0x12, 0xED, 0x26, 0x3B, 0xB8, 0xD1, 0x1E, 0x96, 0x12, 0xED, 0xC6,
    0x49, 0xB4, 0xDB, 0x5A, 0xA2, 0xDD, 0x38, 0x89, 0xF6, 0xB5, 0xF2, 0x20, 0x47, 0xFB, 0xB4, 0xD2,
    0x68, 0x8F, 0x1A, 0x8D, 0x76, 0xD3, 0x6A, 0xB4, 0xC7, 0x8D, 0x46, 0xFB, 0x6A, 0x75, 0x37, 0x45,
    0x7B, 0x98, 0x49, 0xB8, 0x4F, 0xD7, 0xD6, 0x60, 0xC9, 0x0B, 0xAB, 0x3F, 0xD2, 0x80, 0xAF, 0xAC,
    0x44, 0xFC, 0xF5, 0xBE, 0xD7, 0x90, 0x67, 0xAB, 0x31, 0x7F, 0x64, 0xB6, 0x08, 0x7A, 0x8D, 0xFA,
    0x83, 0xE8, 0x0F, 0x54, 0x0B, 0x9E, 0x53, 0x31, 0x7C, 0xB6, 0x51, 0x8A, 0x1A, 0x3E, 0xDD, 0x50,
    0x39, 0xB4, 0x61, 0xA1, 0x7A, 0xC8, 0x0B, 0x15, 0x84, 0x68, 0x19, 0x7C, 0xE9, 0xF4, 0x42, 0x12,
    0x5B, 0x9A, 0x50, 0x09, 0xEC, 0x97, 0x49, 0xE0, 0xFE, 0xD2, 0x33, 0x55, 0x4A, 0xAD, 0x52, 0x79,
    0xA1, 0x75, 0xA2, 0x95, 0x17, 0x3E, 0x55, 0xB1, 0x1C, 0x0B, 0x9C, 0xA8, 0xC5, 0xAE, 0x97, 0x2A,
    0x17, 0x66, 0xA2, 0x97, 0x4B, 0xAF, 0x2F, 0x04, 0xB3, 0xAD, 0x18, 0x1C, 0xB8, 0x3F, 0x7C, 0xA8,
    0x8E, 0xDE, 0x1E, 0x85, 0xF4, 0x44, 0x5B, 0xAB, 0x92, 0xBE, 0xF5, 0x76, 0xAD, 0x52, 0xB2, 0xBE,
    0x53, 0x2D, 0x99, 0x75, 0x37, 0x8A, 0x89, 0xC5, 0xA8, 0xA6, 0x37, 0x96, 0x72, 0xDA, 0xA9, 0x27,
    0x8D, 0xB5, 0xFD, 0x73, 0x0D, 0x8A, 0xAF, 0x3C, 0xF7, 0x59, 0xC5, 0xBD, 0x88, 0x2C, 0x27, 0xC4,
    0x47, 0x8A, 0xC4, 0xD8, 0x89, 0xC2, 0x7A, 0x40, 0xCF, 0xDF, 0x0E, 0xE2, 0x9C, 0xE2, 0x51, 0xC6,
    0xB8, 0xA7, 0xE8, 0xD4, 0x66, 0x97, 0x0A, 0x96, 0x83, 0x86, 0x58, 0x41, 0x24, 0x54, 0xA8, 0x82,
    0x8A, 0x03, 0x36, 0xA7, 0xA4, 0x4D, 0x4C, 0xBE, 0xC4, 0xD6, 0x92, 0x9F, 0xB1, 0xCD, 0x49, 0x52,
    0xE7, 0x94, 0x06, 0x22, 0x12, 0xA7, 0x06, 0xBB, 0x83, 0x36, 0xA7, 0xC4, 0xFD, 0xA8, 0x05, 0x12,
    0xA2, 0x85, 0xF7, 0xD9, 0x6B, 0x9C, 0xDC, 0x64, 0x07, 0xD5, 0x42, 0x07, 0xA8, 0x16, 0x5A, 0x40,
    0xB5, 0xD0, 0xE0, 0x9E, 0xD4, 0xC2, 0xC3, 0xAA, 0x85, 0xB3, 0xAA, 0x05, 0xAA, 0x16, 0xCE, 0xAA,
    0x16, 0x1E, 0x3E, 0xC0, 0x5A, 0xB8, 0x94, 0x88, 0x16, 0x56, 0x4B, 0xD1, 0xC2, 0x5A, 0x25, 0x5A,
    0x58, 0x2D, 0x45, 0x0B, 0x97, 0x92, 0x03, 0xAC, 0x85, 0x44, 0xB4, 0xB0, 0x51, 0x8B, 0x16, 0x36,
    0x1A, 0xD1, 0xC2, 0x46, 0xAD, 0x5A, 0x78, 0xE6, 0x6E, 0xD0, 0xC2, 0x43, 0x0B, 0x2D, 0xB4, 0x0B,
    0x2D, 0x74, 0x0B, 0x2D, 0x2C, 0xD7, 0x59, 0x0F, 0xDD, 0x4D, 0x5A, 0x08, 0x55, 0x0B, 0xE9, 0xE8,
    0x63, 0xA7, 0x5A, 0xF0, 0x93, 0xDC, 0xD9, 0xF6, 0xB7, 0x7E, 0x22, 0x5A, 0xB8, 0xFE, 0x97, 0xA2,
    0x85, 0xB3, 0xEF, 0x88, 0x16, 0x6C, 0x2D, 0x5A, 0x98, 0x24, 0x5F, 0xB5, 0x16, 0x6A, 0x8F, 0x25,
    0x54, 0x0C, 0xA5, 0x58, 0xBD, 0xCE, 0x42, 0xCD, 0xAE, 0x7E, 0x00, 0xD1, 0xC3, 0xB9, 0x7F, 0x56,
    0x41, 0xAC, 0xFD, 0x6E, 0xA1, 0x8A, 0x58, 0x2F, 0x44, 0x12, 0xE7, 0x99, 0xE8, 0xFC, 0xF0, 0xEC,
    0x41, 0x5D, 0x5F, 0xA5, 0x35, 0x54, 0x2A, 0x35, 0x54, 0x2B, 0x0E, 0x22, 0x96, 0xF6, 0x30, 0x44,
    0x2D, 0xEE, 0xFB, 0x0F, 0xA9, 0x5C, 0xFE, 0xC5, 0x89, 0xA7, 0xD7, 0x37, 0x9D, 0x4E, 0x1E, 0x2C,
    0x55, 0x31, 0x8F, 0x1E, 0xD8, 0xF5, 0x55, 0xDC, 0x8D, 0x3A, 0xCA, 0xBB, 0x85, 0x8E, 0xDA, 0x51,
    0x47, 0xFD, 0x64, 0xD4, 0x51, 0xFB, 0xBD, 0xD7, 0x54, 0x47, 0xCD, 0xF5, 0x27, 0x54, 0x47, 0x6D,
    0xDF, 0xAA, 0x8E, 0x06, 0x1C, 0x75, 0x34, 0x49, 0xEE, 0x16, 0x1D, 0xE9, 0x68, 0xEC, 0x76, 0xA2,
    0x15, 0xAC, 0xB0, 0x2B, 0xF9, 0xF3, 0xF9, 0x29, 0xDF, 0x85, 0x64, 0x1D, 0xBB, 0x88, 0x6C, 0xA3,
    0x46, 0x30, 0x6C, 0x7D, 0xCE, 0x5F, 0x0F, 0x7A, 0xB0, 0x80, 0x4F, 0xDD, 0x0A, 0x50, 0x62, 0x16,
    0xE9, 0x26, 0x07, 0x34, 0x64, 0x01, 0x84, 0x64, 0x06, 0x78, 0xA3, 0xCB, 0x87, 0x9E, 0x01, 0x28,
    0xA9, 0xF8, 0x3C, 0x62, 0x57, 0x9A, 0xCC, 0xE7, 0x59, 0x58, 0xC4, 0x64, 0x65, 0x75, 0x8F, 0x6B,
    0x9D, 0x19, 0x30, 0x76, 0x61, 0x3F, 0x3F, 0x15, 0xB5, 0x3E, 0x81, 0x69, 0x07, 0x26, 0x08, 0x08,
    0xA9, 0x9F, 0xD7, 0x04, 0x53, 0x8A, 0x67, 0x31, 0xA9, 0xB2, 0x68, 0x00, 0xE0, 0x37, 0x13, 0x6C,
    0xA5, 0x17, 0x15, 0xD5, 0x79, 0x8F, 0xD9, 0xD6, 0x3D, 0xCE, 0x62, 0x99, 0xC8, 0x72, 0xD7, 0xB5,
    0x57, 0x3A, 0x34, 0x9F, 0x9F, 0x36, 0x64, 0x63, 0x17, 0x97, 0xE1, 0xFC, 0x74, 0x44, 0x88, 0x25,
    0xC0, 0xBB, 0xEA, 0x5F, 0x7D, 0x2B, 0x48, 0x73, 0x7B, 0xC2, 0x84, 0x57, 0xE7, 0xA7, 0x8C, 0xBC,
    0x63, 0xB7, 0xC0, 0xC8, 0xB3, 0x88, 0x3A, 0x09, 0x2E, 0xCD, 0x4B, 0x29, 0xE9, 0xF3, 0x08, 0xE8,
    0x48, 0x3E, 0xD5, 0x1E, 0x33, 0x8A, 0x56, 0xC7, 0x93, 0xB4, 0x40, 0xD0, 0xC2, 0x96, 0x08, 0x3A,
    0x79, 0x72, 0xB2, 0x45, 0x44, 0xBA, 0x53, 0xC1, 0x71, 0x72, 0xB8, 0xAD, 0x10, 0xB6, 0x30, 0xCC,
    0xA2, 0x16, 0x21, 0xE5, 0x89, 0x88, 0xD6, 0x89, 0x39, 0x5C, 0xF2, 0x45, 0x4D, 0x6E, 0xCF, 0x4C,
    0x09, 0x04, 0x7C, 0xD6, 0x31, 0x2B, 0xC4, 0xAC, 0x53, 0x55, 0x88, 0x13, 0xCD, 0x58, 0x07, 0x1E,
    0x27, 0xEC, 0xCD, 0x86, 0x2F, 0x11, 0x11, 0xDB, 0xF4, 0x3A, 0x65, 0xCA, 0x89, 0x2E, 0x4A, 0x06,
    0x3C, 0x4D, 0x4C, 0x7B, 0xD1, 0x0C, 0xA6, 0xBC, 0xBA, 0xC2, 0x5A, 0x94, 0xA6, 0x54, 0x4B, 0x86,
    0xA5, 0x13, 0xC0, 0x77, 0xFF, 0x78, 0x61, 0x44, 0xB3, 0x0B, 0x84, 0xCC, 0x13, 0x6A, 0xAF, 0x54,
    0x20, 0xBE, 0x08, 0x48, 0x1F, 0xC0, 0x36, 0x00, 0xAC, 0x13, 0xA8, 0x31, 0x91, 0x67, 0xCC, 0x44,
    0xBE, 0x45, 0xA0, 0x0D, 0xA4, 0xEC, 0x01, 0xEF, 0xCF, 0x12, 0xEC, 0x1F, 0x80, 0x56, 0x3D, 0x4B,
    0x05, 0x73, 0x61, 0x62, 0xAA, 0x4A, 0x90, 0x3A, 0x1A, 0x58, 0xCE, 0xF3, 0x56, 0xDE, 0x88, 0x3A,
    0xC1, 0xB0, 0x83, 0xD1, 0x27, 0xFA, 0xAB, 0x3A, 0x51, 0x2D, 0x03, 0xD0, 0x7B, 0x2E, 0xD1, 0x5B,
    0xB2, 0xF8, 0x1C, 0x66, 0xFB, 0xF4, 0x18, 0x54, 0x3E, 0x80, 0x2D, 0x15, 0xE5, 0x45, 0xED, 0x31,
    0xDC, 0x79, 0x8F, 0xED, 0xE3, 0x57, 0xB6, 0x10, 0xFC, 0x51, 0xEA, 0x14, 0x24, 0x18, 0x2A, 0xC6,
    0x7D, 0xA2, 0xC3, 0xF8, 0x94, 0x19, 0xAC, 0xB3, 0xAC, 0x07, 0x4C, 0x85, 0xCC, 0x3A, 0x3F, 0xAE,
    0x03, 0xDF, 0x54, 0x29, 0x66, 0xAB, 0x5F, 0x39, 0xA9, 0xA1, 0xC7, 0x8E, 0xB6, 0xBA, 0x5B, 0x00,
    0xF0, 0x98, 0xE0, 0x91, 0x39, 0x13, 0x5F, 0xEA, 0x8F, 0xB6, 0xA1, 0x9F, 0xCF, 0x11, 0x35, 0x8F,
    0x68, 0xC3, 0x2D, 0xF4, 0x57, 0x21, 0xAC, 0x08, 0x39, 0x67, 0x15, 0xC9, 0x62, 0x24, 0x6A, 0x46,
    0x60, 0x39, 0x14, 0xF3, 0x22, 0x64, 0x12, 0x22, 0xD0, 0x40, 0xC8, 0x7B, 0x8C, 0xAB, 0x75, 0x78,
    0x0D, 0xC6, 0xC4, 0x3D, 0xD2, 0x9D, 0x35, 0xDE, 0x41, 0xDB, 0x15, 0xA8, 0x22, 0x5E, 0xA5, 0x8B,
    0xDA, 0x70, 0x00, 0x97, 0xB2, 0x1E, 0x60, 0xD5, 0x45, 0xCD, 0xEF, 0xC7, 0x2E, 0xEC, 0x10, 0x57,
    0x01, 0x4B, 0x2F, 0x83, 0x38, 0x05, 0x23, 0x8D, 0xFB, 0x3B, 0x1B, 0x2F, 0x6E, 0x01, 0x20, 0x72,
    0xE2, 0x96, 0x43, 0x24, 0x60, 0x04, 0x6C, 0xB5, 0xEC, 0xCD, 0x58, 0xDE, 0x08, 0x05, 0x22, 0x01,
    0xF5, 0xC5, 0x38, 0xFF, 0xF4, 0x00, 0x51, 0x37, 0x14, 0x75, 0x4D, 0x4F, 0x5D, 0xBA, 0x35, 0xC0,
    0x09, 0xCA, 0xEF, 0x81, 0x3A, 0xAC, 0xF2, 0xBF, 0xB1, 0xCB, 0xE9, 0x62, 0xBF, 0x1C, 0x58, 0x46,
    0x3F, 0xF0, 0x48, 0xAE, 0xF9, 0x94, 0xD4, 0xDC, 0x2E, 0xF2, 0x7C, 0x91, 0xB3, 0x9F, 0xCF, 0x34,
    0x2F, 0xF4, 0xA5, 0x84, 0x59, 0x2C, 0x46, 0x3B, 0x16, 0x56, 0x64, 0xDC, 0x70, 0x33, 0xEF, 0x90,
    0x3F, 0xD5, 0x5A, 0x72, 0xC8, 0x8F, 0xF7, 0x2A, 0xB1, 0xB4, 0x63, 0xA0, 0xCE, 0xB5, 0x5C, 0x91,
    0x3C, 0x6C, 0x73, 0xF2, 0xE9, 0x46, 0xAB, 0xAD, 0xA6, 0x2D, 0x10, 0x28, 0xBB, 0x92, 0x0B, 0x17,
    0x80, 0x2F, 0x8D, 0x5D, 0x01, 0x90, 0x3A, 0x68, 0x9A, 0x64, 0xDB, 0x7E, 0x74, 0x7B, 0x66, 0x6A,
    0x64, 0x29, 0xD3, 0x84, 0x64, 0x9E, 0xAC, 0x93, 0x3A, 0x84, 0x94, 0x94, 0xC4, 0x9A, 0x15, 0xB6,
    0x5F, 0xE1, 0x55, 0x56, 0xD6, 0x05, 0x4C, 0xD2, 0x21, 0x0B, 0x7B, 0xA4, 0x95, 0xE9, 0x73, 0x8D,
    0xA4, 0xF1, 0x95, 0xC5, 0x07, 0x1E, 0xF9, 0x8A, 0x54, 0x79, 0x68, 0x86, 0x23, 0x09, 0xEE, 0x83,
    0x4D, 0xF2, 0x2C, 0x4D, 0x0E, 0x01, 0xF8, 0x13, 0x20, 0x64, 0x85, 0x29, 0x9B, 0x30, 0x60, 0x6B,
    0xCE, 0xBD, 0xD9, 0xA5, 0x2E, 0xE8, 0x0D, 0xDF, 0xEC, 0x24, 0x3E, 0x3D, 0xB2, 0x81, 0x61, 0x35,
    0x8C, 0x15, 0x80, 0xDA, 0xB2, 0x8C, 0x42, 0xA4, 0x22, 0xA6, 0x33, 0x96, 0x45, 0xFC, 0x52, 0x7B,
    0x24, 0x2F, 0xED, 0x87, 0x84, 0xAD, 0xD2, 0x9F, 0x71, 0x73, 0xB8, 0x2F, 0x73, 0xB2, 0x30, 0x59,
    0xBC, 0x10, 0x5C, 0xAF, 0x93, 0x8F, 0x7C, 0xEB, 0xC9, 0x40, 0x06, 0xCB, 0x12, 0xD0, 0xAA, 0x35,
    0x04, 0x11, 0x9F, 0xE4, 0x0A, 0x33, 0xFB, 0x61, 0x0B, 0x96, 0xF6, 0xE3, 0xFE, 0xB4, 0x75, 0xF6,
    0xA2, 0xCC, 0xAB, 0xF1, 0xDF, 0xB2, 0x0F, 0x5B, 0x69, 0x2A, 0x68, 0x00, 0x6F, 0xE6, 0x17, 0x40,
    0x58, 0x8A, 0x05, 0x95, 0x54, 0x5B, 0xC1, 0x1C, 0xE7, 0x0C, 0x76, 0xB5, 0x05, 0xF2, 0x8F, 0xE4,
    0xBD, 0x0B, 0x7C, 0x33, 0x33, 0x27, 0xC9, 0x42, 0x6A, 0x2F, 0x17, 0x36, 0x7A, 0xAF, 0x01, 0x30,
    0x95, 0xB4, 0x58, 0x8D, 0x3D, 0x12, 0xBF, 0xDC, 0x03, 0x56, 0xBF, 0xF8, 0xB8, 0x5F, 0xC9, 0x86,
    0xC6, 0x58, 0x0C, 0x6D, 0x51, 0x69, 0xCE, 0xE0, 0xF3, 0x35, 0xA9, 0x7E, 0xAE, 0xB5, 0x54, 0x00,
    0xE9, 0xA0, 0x24, 0x8C, 0x2C, 0xA4, 0x55, 0x3E, 0x9A, 0xCF, 0x46, 0x2C, 0x27, 0x3B, 0x0C, 0xA6,
    0xDB, 0x4F, 0x7A, 0xA4, 0xD7, 0x1A, 0x5B, 0x70, 0x28, 0x35, 0xA6, 0xE8, 0x87, 0xDF, 0x3A, 0x1D,
    0xDD, 0x7D, 0x16, 0xAA, 0x1A, 0x56, 0x36, 0x13, 0x4B, 0x0A, 0xCD, 0xFC, 0xC4, 0x52, 0x72, 0x44,
    0x2C, 0xB6, 0xD6, 0x21, 0xE9, 0x25, 0xAA, 0x67, 0xA4, 0xC4, 0x90, 0x56, 0x1D, 0xBF, 0xD2, 0xDA,
    0x4B, 0x1C, 0xAC, 0xAD, 0xED, 0x7B, 0x94, 0x16, 0xBE, 0xFE, 0x6A, 0x3F, 0xB4, 0xD0, 0x21, 0x2A,
    0xA5, 0xF5, 0x22, 0xBA, 0x59, 0x40, 0x46, 0x0A, 0x56, 0x52, 0x75, 0xB8, 0x99, 0x01, 0x81, 0xFC,
    0xA6, 0x55, 0xDF, 0xD4, 0x7C, 0x4A, 0xA7, 0xC5, 0x3F, 0x4F, 0xA0, 0xC9, 0x2B, 0xF1, 0x8D, 0xF8,
    0x7C, 0xFF, 0x66, 0x6B, 0x2F, 0x93, 0xAD, 0xDD, 0x20, 0x3B, 0x53, 0xE6, 0xAC, 0x0E, 0x69, 0xF7,
    0x78, 0xC0, 0x7D, 0x08, 0xAE, 0x78, 0xEF, 0x44, 0x27, 0xE5, 0xD7, 0x9F, 0x91, 0x8D, 0x75, 0x86,
    0x99, 0xBD, 0x3C, 0x3C, 0x8B, 0xCF, 0x8B, 0x69, 0x81, 0x00, 0x8C, 0xDA, 0x3F, 0x76, 0xEA, 0x60,
    0x26, 0x8B, 0xC1, 0x2C, 0x36, 0x48, 0x2F, 0xB3, 0x87, 0xFD, 0xE0, 0x4D, 0x66, 0x26, 0x03, 0xCB,
    0x05, 0xF7, 0x88, 0x92, 0x45, 0xE0, 0xCF, 0xC6, 0x41, 0x84, 0x4C, 0x42, 0xD2, 0xD9, 0xCE, 0xB6,
    0xC6, 0x85, 0x6D, 0xF8, 0xD1, 0xA6, 0xF3, 0x2C, 0x93, 0xFB, 0x62, 0x16, 0xF1, 0xFD, 0xA6, 0xB0,
    0x95, 0x29, 0x0C, 0x59, 0x4C, 0x49, 0x20, 0x6D, 0xF6, 0xFF, 0x6E, 0x7D, 0xF8, 0x8E, 0xCC, 0x7C,
    0x19, 0xC9, 0xDA, 0xD8, 0x05, 0xCD, 0xB4, 0xF1, 0x79, 0xBD, 0x05, 0xEB, 0x1E, 0xC6, 0x9D, 0xDA,
    0xF7, 0xBB, 0x0B, 0xD7, 0x87, 0xF6, 0x5C, 0x82, 0xDC, 0x01, 0x04, 0xD0, 0xFB, 0x22, 0xDE, 0x0C,
    0x56, 0xC7, 0xA7, 0x64, 0xE4, 0xAF, 0x06, 0x52, 0x1D, 0x8B, 0x8A, 0x98, 0x79, 0x63, 0x9B, 0xB8,
    0x8B, 0xAE, 0x6D, 0xD4, 0x41, 0xEA, 0xAA, 0xED, 0xEF, 0x82, 0x0C, 0xB9, 0xF8, 0x2E, 0x97, 0x84,
    0x15, 0x12, 0x8D, 0xEF, 0x58, 0x95, 0x3F, 0x83, 0x91, 0xA0, 0xD2, 0x79, 0x2A, 0xB1, 0x3D, 0x2B,
    0xBA, 0xB4, 0xB1, 0x59, 0x54, 0x45, 0xB5, 0xD4, 0xC9, 0xC2, 0x8A, 0x4D, 0xD1, 0x85, 0xE1, 0x5A,
    0x75, 0x76, 0xF0, 0x3A, 0xAE, 0x8F, 0x61, 0xEA, 0xEC, 0x29, 0x64, 0x46, 0x9C, 0x7E, 0x1D, 0x47,
    0x32, 0x20, 0xD7, 0x85, 0x01, 0x0C, 0x59, 0xB2, 0x1E, 0xEC, 0x28, 0x62, 0x17, 0x9F, 0x7A, 0xBE,
    0x90, 0x11, 0x54, 0x9E, 0x0D, 0xDF, 0x57, 0xF6, 0x95, 0x95, 0x32, 0xAE, 0x8E, 0x25, 0xA1, 0x4B,
    0xCF, 0xF8, 0x95, 0xAD, 0x01, 0x3B, 0x03, 0xEC, 0x3F, 0x01, 0x46, 0xC9, 0xBB, 0x85, 0x87, 0x4A,
    0x79, 0x90, 0x11, 0xBF, 0xF0, 0x9D, 0x07, 0x24, 0x0F, 0x02, 0x67, 0xE2, 0xCD, 0x95, 0xDA, 0x92,
    0x6D, 0x44, 0x0A, 0xA7, 0x89, 0xCA, 0xFD, 0x50, 0x02, 0xF1, 0x35, 0x1C, 0xB7, 0xCF, 0x65, 0x5A,
    0xE5, 0x95, 0x49, 0xE2, 0xEC, 0x6B, 0xF0, 0x93, 0x63, 0x08, 0x65, 0x1E, 0x2F, 0x0D, 0x99, 0x1D,
    0xE1, 0x66, 0x66, 0x47, 0x7F, 0xCA, 0x09, 0x6F, 0x60, 0xDF, 0xF6, 0xFE, 0xFD, 0xC9, 0x81, 0xF7,
    0x2E, 0x81, 0x61, 0x82, 0x98, 0x25, 0x26, 0x42, 0xA4, 0x88, 0xDC, 0x6F, 0x01, 0xCC, 0xEE, 0x43,
    0x0E, 0xD8, 0x27, 0x59, 0x20, 0x7F, 0x85, 0x0E, 0x56, 0x66, 0x80, 0xFB, 0xD2, 0x8B, 0x84, 0xA7,
    0xC7, 0xD2, 0x84, 0xCD, 0xF0, 0x7B, 0xF8, 0x1D, 0x68, 0x3A, 0x8C, 0x07, 0x32, 0xD8, 0x22, 0x75,
    0xB0, 0xEF, 0x89, 0x0A, 0xD7, 0xC8, 0xEC, 0x01, 0xDB, 0xD0, 0xC1, 0xC8, 0xAE, 0x2A, 0x5C, 0x59,
    0x17, 0xE3, 0x3B, 0xE0, 0x6B, 0x69, 0x0F, 0xBC, 0xF8, 0x58, 0x2E, 0x4A, 0x91, 0xFA, 0x49, 0x20,
    0x64, 0xAB, 0x23, 0xC9, 0x6D, 0x6B, 0xC9, 0xAF, 0x25, 0xE3, 0x18, 0x16, 0xE8, 0x32, 0xC8, 0xA5,
    0xC5, 0x00, 0x71, 0x25, 0x47, 0xCA, 0xD2, 0xC5, 0x97, 0x25, 0x48, 0x3E, 0xC8, 0x6E, 0x57, 0xCB,
    0xF7, 0x56, 0x93, 0x71, 0x3C, 0x57, 0x4D, 0xF8, 0x1D, 0xC4, 0xE3, 0xC3, 0x80, 0x27, 0x35, 0x23,
    0x27, 0x80, 0xB8, 0xBB, 0xAD, 0x5B, 0xEF, 0xE7, 0x25, 0xC2, 0x13, 0x52, 0x15, 0x0B, 0x00, 0x7D,
    0x02, 0x78, 0xAD, 0x0C, 0xE3, 0xA4, 0x42, 0x02, 0x58, 0xAD, 0x4F, 0xD7, 0xCA, 0x7E, 0x32, 0x0E,
    0x81, 0x1A, 0x9C, 0x98, 0xF6, 0xC9, 0xFF, 0x51, 0x73, 0x25, 0x46, 0x66, 0x61, 0x82, 0x70, 0x53,
    0x55, 0xC0, 0x4A, 0xC0, 0xC1, 0xC6, 0x17, 0x06, 0xF8, 0xA3, 0x97, 0x07, 0xA8, 0x4C, 0x85, 0xA8,
    0xB6, 0x40, 0x50, 0xD9, 0x06, 0x48, 0xAC, 0x10, 0x18, 0x36, 0x7B, 0x57, 0x5A, 0x4B, 0xA5, 0x85,
    0x54, 0x5A, 0x9D, 0x48, 0x10, 0x71, 0xAC, 0xB4, 0x94, 0xFA, 0x2A, 0x58, 0xB3, 0x3A, 0xC0, 0xB9,
    0x34, 0x83, 0xA9, 0xED, 0xEB, 0x08, 0x9D, 0x69, 0xE1, 0x95, 0xE6, 0x34, 0x00, 0xFB, 0xD6, 0x72,
    0x89, 0xE3, 0x9F, 0xBE, 0x1D, 0xA7, 0x49, 0x28, 0x73, 0x99, 0x97, 0xC0, 0xCC, 0x57, 0xCA, 0xD1,
    0xDC, 0x54, 0x40, 0xC4, 0xA6, 0x13, 0xCE, 0x61, 0x3C, 0x0E, 0xD8, 0x84, 0x19, 0xD2, 0xF3, 0xE2,
    0xCB, 0xAB, 0x37, 0x5B, 0x1C, 0xB6, 0xE7, 0x08, 0x44, 0xC9, 0x0B, 0xC0, 0x77, 0xF0, 0x1B, 0x40,
    0x07, 0x93, 0x80, 0x54, 0x09, 0xF7, 0xC0, 0xF3, 0xBC, 0x09, 0x29, 0x66, 0x23, 0x84, 0xBC, 0x82,
    0x3B, 0x31, 0x63, 0xB1, 0xC4, 0xE9, 0x05, 0x84, 0x71, 0xA4, 0x25, 0x74, 0x25, 0x04, 0x04, 0x35,
    0x00, 0x2F, 0x1B, 0xA7, 0x9F, 0x29, 0x3B, 0x3C, 0xA8, 0x62, 0x3E, 0x97, 0x10, 0xB6, 0xF3, 0x28,
    0xDC, 0x10, 0x9E, 0xCE, 0xF8, 0x47, 0x59, 0x41, 0xFF, 0x70, 0x1C, 0x93, 0x50, 0xBE, 0xA4, 0xDD,
    0x7A, 0x80, 0xA7, 0x3A, 0x58, 0xBE, 0x27, 0x2F, 0x57, 0x67, 0xE1, 0xB3, 0x7C, 0x0C, 0xDE, 0x29,
    0x91, 0x76, 0x5E, 0xA3, 0x07, 0xF2, 0x95, 0xC2, 0xB2, 0xB4, 0x3F, 0x87, 0xC5, 0x33, 0xF6, 0x9A,
    0x8B, 0xE9, 0xBC, 0x79, 0x32, 0x99, 0xBD, 0x01, 0x91, 0x64, 0x4E, 0x56, 0x9D, 0x39, 0xE9, 0x3A,
    0xF3, 0x94, 0xCB, 0x13, 0x5B, 0x5A, 0x37, 0x08, 0xB7, 0xB4, 0xEF, 0x78, 0x59, 0xDC, 0x0A, 0xCB,
    0x93, 0x53, 0xCF, 0xC1, 0xE8, 0x92, 0x7C, 0xA8, 0x7B, 0xE8, 0xED, 0x3C, 0x7E, 0xB5, 0xB4, 0x45,
    0xFC, 0x56, 0xEC, 0xA2, 0x6E, 0x5A, 0x46, 0x33, 0x24, 0x51, 0xA7, 0x3B, 0x4C, 0x1C, 0xD1, 0x79,
    0x2A, 0xC3, 0x38, 0x40, 0x46, 0x95, 0x0C, 0xFB, 0x9B, 0x2D, 0xEC, 0x45, 0x76, 0x48, 0x2F, 0xF7,
    0xB3, 0xE1, 0xCE, 0x79, 0x88, 0x4F, 0xF6, 0xF9, 0x32, 0x22, 0x8F, 0x48, 0x97, 0x3E, 0xF7, 0xC0,
    0x0C, 0x8B, 0x39, 0x23, 0x24, 0x7B, 0x98, 0xA7, 0x3F, 0x68, 0x2C, 0xD2, 0xB5, 0x0F, 0xEA, 0x1C,
    0xF9, 0x87, 0x75, 0xD0, 0x4B, 0xEF, 0x04, 0x15, 0x4C, 0xF2, 0x6E, 0x20, 0xB3, 0xD9, 0xFD, 0x9E,
    0x06, 0x37, 0x1E, 0x4F, 0xE0, 0xBD, 0x7E, 0x24, 0x01, 0xC2, 0x31, 0x10, 0xC9, 0x06, 0xF9, 0xFA,
    0xCB, 0x9F, 0xB4, 0xE0, 0xFA, 0x85, 0x41, 0x76, 0x5C, 0x73, 0xD3, 0x6B, 0xB0, 0xD3, 0x36, 0x60,
    0x02, 0xAF, 0x0E, 0xAE, 0x00, 0x78, 0x48, 0xEE, 0x75, 0xFD, 0x7B, 0x3F, 0xF0, 0x8C, 0xB9, 0xBA,
    0xE2, 0x2C, 0x59, 0xC7, 0x64, 0xE5, 0x93, 0xC0, 0xE4, 0x19, 0x3C, 0x06, 0x3F, 0x79, 0x11, 0x71,
    0xA1, 0x4B, 0x14, 0x32, 0x79, 0x9C, 0x9B, 0x89, 0xDC, 0xCB, 0x35, 0x61, 0x83, 0x7E, 0x4C, 0x48,
    0xC7, 0x84, 0xDD, 0xFF, 0xB0, 0xF5, 0x7B, 0x3E, 0x26, 0x90, 0xAC, 0x96, 0xD7, 0x17, 0xDD, 0x0D,
    0x04, 0x5B, 0xBB, 0x81, 0xE8, 0x96, 0xDD, 0x40, 0x2B, 0x73, 0x7C, 0xA7, 0xBB, 0x81, 0x2C, 0x44,
    0xC0, 0x1B, 0x7A, 0x78, 0xD0, 0x2F, 0x76, 0x47, 0x53, 0xB2, 0x0C, 0xCA, 0x1F, 0xE6, 0xF2, 0xB2,
    0x91, 0xC5, 0x7C, 0x5E, 0x69, 0x2D, 0xC8, 0xC7, 0x18, 0xEE, 0xA4, 0x2B, 0x92, 0xD1, 0xB4, 0x3D,
    0x70, 0x34, 0x4F, 0xED, 0x83, 0x1A, 0x88, 0x68, 0x27, 0x8A, 0x8D, 0xA3, 0x91, 0xA3, 0x95, 0xA3,
    0x99, 0x8A, 0x05, 0xD4, 0x50, 0xA8, 0xA5, 0x50, 0x53, 0x05, 0x59, 0x42, 0xB7, 0x2E, 0x98, 0x12,
    0x21, 0xE0, 0x8F, 0xCC, 0xE4, 0x9A, 0xE9, 0xD6, 0x73, 0x14, 0x9C, 0xC7, 0x6F, 0xD3, 0x0D, 0x88,
    0xB8, 0x19, 0x70, 0x1E, 0x76, 0x00, 0x79, 0x9C, 0xF2, 0x4E, 0x41, 0x11, 0x41, 0x76, 0x06, 0xC0,
    0xB3, 0xFF, 0x6F, 0xBB, 0x9C, 0x70, 0xBF, 0x5D, 0x4E, 0xD4, 0xEB, 0x2E, 0xE7, 0xBF, 0xBF, 0x93,
    0x79, 0x4A, 0x6A, 0xAA, 0xB4, 0xDD, 0x39, 0xA9, 0xDC, 0x03, 0x7F, 0x21, 0x52, 0x3B, 0x8C, 0x66,
    0x0A, 0x0A, 0x9D, 0x62, 0x28, 0xD4, 0x52, 0xA8, 0xA9, 0x50, 0x5B, 0xA1, 0xC6, 0x42, 0xF7, 0x64,
    0xD0, 0x4D, 0xD9, 0x17, 0x22, 0x15, 0x26, 0x83, 0x27, 0x75, 0x93, 0x48, 0x3F, 0x61, 0x69, 0xFF,
    0x9E, 0xC5, 0x83, 0xFC, 0x10, 0x01, 0x67, 0x08, 0x9A, 0xEF, 0x42, 0x15, 0x23, 0x15, 0x8B, 0xA7,
    0x5C, 0x19, 0xD7, 0x39, 0x93, 0x79, 0x22, 0x63, 0x5B, 0xA0, 0x07, 0x0D, 0xCC, 0x64, 0x31, 0x6C,
    0xCA, 0x34, 0xDB, 0x1E, 0x40, 0xCE, 0xBB, 0xB3, 0xF1, 0x2B, 0x6E, 0x78, 0xE2, 0x8C, 0xB3, 0x08,
    0x2B, 0xFB, 0x16, 0xB2, 0xB8, 0x93, 0x81, 0x06, 0x92, 0xD2, 0x6A, 0xFB, 0x5B, 0x37, 0x7C, 0x5B,
    0xE5, 0x99, 0x0E, 0x52, 0x39, 0xAB, 0x77, 0xCD, 0xAA, 0xCB, 0xC3, 0xEF, 0x57, 0xB6, 0x8C, 0xFF,
    0x34, 0x72, 0x51, 0xE7, 0x17, 0xD1, 0x15, 0x20, 0xFA, 0x31, 0xC4, 0x63, 0xE0, 0x07, 0xEE, 0x36,
    0xE9, 0x31, 0x64, 0x6F, 0xFB, 0xD5, 0xB1, 0xB0, 0x88, 0x88, 0xA0, 0x95, 0xFF, 0x11, 0x61, 0x59,
    0xBC, 0xB3, 0x51, 0x3D, 0xE6, 0x32, 0x38, 0x7C, 0xD1, 0xFF, 0xD3, 0x44, 0xAF, 0x10, 0x41, 0x26,
    0x17, 0x16, 0xE9, 0x9B, 0xC0, 0x19, 0xB9, 0x96, 0xE5, 0xE5, 0xEF, 0xCB, 0xF7, 0x2D, 0xF2, 0x82,
    0x45, 0x5E, 0x58, 0x00, 0xFF, 0x0B,
};

static const EpdGlyph devanagari_16_boldGlyphs[] = {
    { 15, 9, 0, -13, 30, 34, 0 }, // U+0900
    { 15, 9, 0, -13, 31, 34, 34 }, // U+0901
    { 6, 6, 0, -8, 28, 9, 68 }, // U+0902
    { 8, 20, 116, 0, 21, 40, 77 }, // U+0903
    { 29, 30, 454, 0, 30, 218, 117 }, // U+0904
    { 29, 21, 454, 0, 21, 153, 335 }, // U+0905
    { 39, 21, 611, 0, 21, 205, 488 }, // U+0906
    { 18, 27, 278, 0, 21, 122, 693 }, // U+0907
    { 18, 36, 278, 0, 30, 162, 815 }, // U+0908
    { 20, 21, 312, 0, 21, 105, 977 }, // U+0909
    { 29, 22, 442, 0, 21, 160, 1082 }, // U+090A
    { 32, 24, 495, 0, 21, 192, 1242 }, // U+090B
    { 26, 26, 405, 0, 21, 169, 1434 }, // U+090C
    { 21, 34, 324, 0, 30, 179, 1603 }, // U+090D
    { 21, 34, 324, 0, 30, 179, 1782 }, // U+090E
    { 21, 25, 324, 0, 21, 132, 1961 }, // U+090F
    { 21, 35, 324, 0, 31, 184, 2093 }, // U+0910
    { 39, 30, 611, 0, 30, 293, 2277 }, // U+0911
    { 39, 30, 611, 0, 30, 293, 2570 }, // U+0912
    { 39, 31, 611, 0, 31, 303, 2863 }, // U+0913
    { 39, 30, 611, 0, 30, 293, 3166 }, // U+0914
    { 29, 21, 443, 0, 21, 153, 3459 }, // U+0915
    { 30, 21, 467, 0, 21, 158, 3612 }, // U+0916
    { 22, 21, 329, 0, 21, 116, 3770 }, // U+0917
    { 23, 21, 346, 0, 21, 121, 3886 }, // U+0918
    { 25, 21, 364, -1, 21, 132, 4007 }, // U+0919
    { 24, 21, 370, 0, 21, 126, 4139 }, // U+091A
    { 26, 21, 404, 0, 21, 137, 4265 }, // U+091B
    { 27, 21, 419, 0, 21, 142, 4402 }, // U+091C
    { 28, 27, 433, 0, 21, 189, 4544 }, // U+091D
    { 30, 21, 445, -1, 21, 158, 4733 }, // U+091E
    { 19, 21, 287, 0, 21, 100, 4891 }, // U+091F
    { 21, 21, 326, 0, 21, 111, 4991 }, // U+0920
    { 21, 21, 304, -1, 21, 111, 5102 }, // U+0921
    { 21, 21, 322, 0, 21, 111, 5213 }, // U+0922
    { 28, 21, 429, 0, 21, 147, 5324 }, // U+0923
    { 22, 22, 331, 0, 21, 121, 5471 }, // U+0924
    { 24, 21, 379, 1, 21, 126, 5592 }, // U+0925
    { 20, 24, 300, 0, 21, 120, 5718 }, // U+0926
    { 23, 21, 367, 1, 21, 121, 5838 }, // U+0927
    { 21, 21, 328, 0, 21, 111, 5959 }, // U+0928
    { 21, 24, 328, 0, 21, 126, 6070 }, // U+0929
    { 21, 21, 328, 0, 21, 111, 6196 }, // U+092A
    { 29, 21, 443, 0, 21, 153, 6307 }, // U+092B
    { 22, 21, 330, 0, 21, 116, 6460 }, // U+092C
    { 26, 21, 416, 1, 21, 137, 6576 }, // U+092D
    { 23, 21, 348, 0, 21, 121, 6713 }, // U+092E
    { 22, 21, 339, 0, 21, 116, 6834 }, // U+092F
    { 16, 22, 235, 0, 21, 88, 6950 }, // U+0930
    { 16, 23, 235, 0, 21, 92, 7038 }, // U+0931
    { 26, 22, 394, 0, 21, 143, 7130 }, // U+0932
    { 28, 21, 432, 0, 21, 147, 7273 }, // U+0933
    { 28, 28, 432, 0, 21, 196, 7420 }, // U+0934
    { 21, 21, 322, 0, 21, 111, 7616 }, // U+0935
    { 26, 22, 405, 0, 21, 143, 7727 }, // U+0936
    { 22, 21, 335, 0, 21, 116, 7870 }, // U+0937
    { 26, 22, 394, 0, 21, 143, 7986 }, // U+0938
    { 20, 27, 302, 0, 21, 135, 8129 }, // U+0939
    { 6, 7, 0, -8, 27, 11, 8264 }, // U+093A
    { 11, 27, 157, 0, 27, 75, 8275 }, // U+093B
    { 5, 6, 0, -12, -2, 8, 8350 }, // U+093C
    { 16, 21, 282, 1, 21, 84, 8358 }, // U+093D
    { 11, 21, 157, 0, 21, 58, 8442 }, // U+093E
    { 28, 30, 157, 0, 30, 210, 8500 }, // U+093F
    { 20, 30, 157, -9, 30, 150, 8710 }, // U+0940
    { 18, 11, 0, -17, 2, 50, 8860 }, // U+0941
    { 18, 11, 0, -13, 2, 50, 8910 }, // U+0942
    { 12, 11, 0, -10, 1, 33, 8960 }, // U+0943
    { 13, 15, 0, -10, 1, 49, 8993 }, // U+0944
    { 15, 8, 0, -13, 30, 30, 9042 }, // U+0945
    { 14, 10, 0, -17, 30, 35, 9072 }, // U+0946
    { 12, 11, 0, -15, 31, 33, 9107 }, // U+0947
    { 13, 10, 0, -16, 30, 33, 9140 }, // U+0948
    { 15, 30, 157, -4, 30, 113, 9173 }, // U+0949
    { 19, 30, 157, -8, 30, 143, 9286 }, // U+094A
    { 17, 31, 157, -6, 31, 132, 9429 }, // U+094B
    { 17, 30, 157, -6, 30, 128, 9561 }, // U+094C
    { 12, 9, 0, -8, 0, 27, 9689 }, // U+094D
    { 8, 21, 166, 3, 21, 42, 9716 }, // U+094E
    { 19, 30, 157, -8, 30, 143, 9758 }, // U+094F
    { 33, 28, 547, 0, 29, 231, 9901 }, // U+0950
    { 4, 8, 0, -7, 30, 8, 10132 }, // U+0951
    { 14, 4, 0, -16, -2, 14, 10140 }, // U+0952
    { 9, 8, 0, -11, 30, 18, 10154 }, // U+0953
    { 9, 8, 0, -8, 30, 18, 10172 }, // U+0954
    { 15, 9, 0, -13, 30, 34, 10190 }, // U+0955
    { 15, 7, 0, -17, 0, 27, 10224 }, // U+0956
    { 15, 9, 0, -17, 0, 34, 10251 }, // U+0957
    { 29, 25, 443, 0, 21, 182, 10285 }, // U+0958
    { 30, 25, 467, 0, 21, 188, 10467 }, // U+0959
    { 22, 24, 329, 0, 21, 132, 10655 }, // U+095A
    { 27, 26, 419, 0, 21, 176, 10787 }, // U+095B
    { 21, 29, 304, -1, 21, 153, 10963 }, // U+095C
    { 21, 29, 322, 0, 21, 153, 11116 }, // U+095D
    { 29, 24, 443, 0, 21, 174, 11269 }, // U+095E
    { 22, 25, 339, 0, 21, 138, 11443 }, // U+095F
    { 32, 28, 495, 0, 21, 224, 11581 }, // U+0960
    { 27, 29, 405, 0, 21, 196, 11805 }, // U+0961
    { 20, 13, 0, -15, 0, 65, 12001 }, // U+0962
    { 20, 14, 0, -15, 1, 70, 12066 }, // U+0963
    { 6, 21, 215, 5, 21, 32, 12136 }, // U+0964
    { 14, 21, 343, 5, 21, 74, 12168 }, // U+0965
    { 16, 16, 299, 1, 19, 64, 12242 }, // U+0966
    { 13, 23, 299, 3, 21, 75, 12306 }, // U+0967
    { 15, 23, 299, 2, 21, 87, 12381 }, // U+0968
    { 15, 26, 299, 2, 21, 98, 12468 }, // U+0969
    { 17, 21, 299, 1, 21, 90, 12566 }, // U+096A
    { 17, 22, 299, 1, 21, 94, 12656 }, // U+096B
    { 16, 25, 299, 2, 21, 100, 12750 }, // U+096C
    { 17, 21, 299, 1, 21, 90, 12850 }, // U+096D
    { 16, 22, 299, 2, 22, 88, 12940 }, // U+096E
    { 15, 23, 299, 2, 21, 87, 13028 }, // U+096F
    { 12, 11, 238, 2, 19, 33, 13115 }, // U+0970
    { 6, 6, 178, 3, 22, 9, 13148 }, // U+0971
    { 30, 30, 454, 0, 30, 225, 13157 }, // U+0972
    { 29, 27, 454, 0, 27, 196, 13382 }, // U+0973
    { 39, 27, 611, 0, 27, 264, 13578 }, // U+0974
    { 39, 30, 611, 0, 30, 293, 13842 }, // U+0975
    { 29, 28, 454, 0, 21, 203, 14135 }, // U+0976
    { 29, 30, 454, 0, 21, 218, 14338 }, // U+0977
    { 21, 22, 322, 0, 21, 116, 14556 }, // U+0978
    { 28, 26, 419, -1, 21, 182, 14672 }, // U+0979
    { 22, 21, 339, 0, 21, 116, 14854 }, // U+097A
    { 22, 21, 330, 0, 21, 116, 14970 }, // U+097B
    { 28, 21, 419, -1, 21, 147, 15086 }, // U+097C
    { 15, 21, 268, 1, 21, 79, 15233 }, // U+097D
    { 21, 21, 304, -1, 21, 111, 0 }, // U+097E
    { 22, 21, 330, 0, 21, 116, 111 }, // U+097F
    { 0, 0, 0, 0, 0, 0, 0 }, // U+200C
    { 0, 0, 0, 0, 0, 0, 0 }, // U+200D
    { 15, 14, 272, 1, 18, 53, 0 }, // U+25CC
    { 14, 24, 320, 3, 24, 84, 53 }, // U+F0000
    { 0, 0, 139, 0, 0, 0, 137 }, // U+F0001
    { 29, 21, 454, 0, 21, 153, 137 }, // U+F0002
    { 39, 21, 611, 0, 21, 205, 290 }, // U+F0003
    { 18, 27, 278, 0, 21, 122, 495 }, // U+F0004
    { 18, 36, 278, 0, 30, 162, 617 }, // U+F0005
    { 20, 21, 312, 0, 21, 105, 779 }, // U+F0006
    { 29, 22, 442, 0, 21, 160, 884 }, // U+F0007
    { 32, 24, 495, 0, 21, 192, 1044 }, // U+F0008
    { 32, 28, 495, 0, 21, 224, 1236 }, // U+F0009
    { 26, 26, 405, 0, 21, 169, 1460 }, // U+F000A
    { 27, 29, 405, 0, 21, 196, 1629 }, // U+F000B
    { 21, 25, 324, 0, 21, 132, 1825 }, // U+F000C
    { 21, 35, 324, 0, 31, 184, 1957 }, // U+F000D
    { 39, 31, 611, 0, 31, 303, 2141 }, // U+F000E
    { 39, 30, 611, 0, 30, 293, 2444 }, // U+F000F
    { 30, 30, 454, 0, 30, 225, 2737 }, // U+F0010
    { 21, 34, 324, 0, 30, 179, 2962 }, // U+F0011
    { 39, 30, 611, 0, 30, 293, 3141 }, // U+F0012
    { 29, 30, 454, 0, 30, 218, 3434 }, // U+F0013
    { 21, 34, 324, 0, 30, 179, 3652 }, // U+F0014
    { 39, 30, 611, 0, 30, 293, 3831 }, // U+F0015
    { 29, 28, 454, 0, 21, 203, 4124 }, // U+F0016
    { 29, 30, 454, 0, 21, 218, 4327 }, // U+F0017
    { 29, 27, 454, 0, 27, 196, 4545 }, // U+F0018
    { 39, 27, 611, 0, 27, 264, 4741 }, // U+F0019
    { 39, 30, 611, 0, 30, 293, 5005 }, // U+F001A
    { 11, 21, 157, 0, 21, 58, 5298 }, // U+F001B
    { 28, 30, 157, 0, 30, 210, 5356 }, // U+F001C
    { 20, 30, 157, -9, 30, 150, 5566 }, // U+F001D
    { 18, 11, 0, -17, 2, 50, 5716 }, // U+F001E
    { 18, 11, 0, -13, 2, 50, 5766 }, // U+F001F
    { 12, 11, 0, -10, 1, 33, 5816 }, // U+F0020
    { 13, 15, 0, -10, 1, 49, 5849 }, // U+F0021
    { 20, 13, 0, -15, 0, 65, 5898 }, // U+F0022
    { 20, 14, 0, -15, 1, 70, 5963 }, // U+F0023
    { 12, 11, 0, -15, 31, 33, 6033 }, // U+F0024
    { 13, 10, 0, -16, 30, 33, 6066 }, // U+F0025
    { 17, 31, 157, -6, 31, 132, 6099 }, // U+F0026
    { 17, 30, 157, -6, 30, 128, 6231 }, // U+F0027
    { 15, 8, 0, -13, 30, 30, 6359 }, // U+F0028
    { 15, 30, 157, -4, 30, 113, 6389 }, // U+F0029
    { 14, 10, 0, -17, 30, 35, 6502 }, // U+F002A
    { 19, 30, 157, -8, 30, 143, 6537 }, // U+F002B
    { 15, 7, 0, -17, 0, 27, 6680 }, // U+F002C
    { 15, 9, 0, -17, 0, 34, 6707 }, // U+F002D
    { 6, 7, 0, -8, 27, 11, 6741 }, // U+F002E
    { 11, 27, 157, 0, 27, 75, 6752 }, // U+F002F
    { 16, 10, 0, -17, 30, 40, 6827 }, // U+F0030
    { 19, 30, 157, -8, 30, 143, 6867 }, // U+F0031
    { 8, 21, 166, 3, 21, 42, 7010 }, // U+F0032
    { 15, 9, 0, -13, 30, 34, 7052 }, // U+F0033
    { 29, 21, 443, 0, 21, 153, 7086 }, // U+F0034
    { 30, 21, 467, 0, 21, 158, 7239 }, // U+F0035
    { 22, 21, 329, 0, 21, 116, 7397 }, // U+F0036
    { 23, 21, 346, 0, 21, 121, 7513 }, // U+F0037
    { 25, 21, 364, -1, 21, 132, 7634 }, // U+F0038
    { 24, 21, 370, 0, 21, 126, 7766 }, // U+F0039
    { 26, 21, 404, 0, 21, 137, 7892 }, // U+F003A
    { 27, 21, 419, 0, 21, 142, 8029 }, // U+F003B
    { 28, 27, 433, 0, 21, 189, 8171 }, // U+F003C
    { 30, 21, 445, -1, 21, 158, 8360 }, // U+F003D
    { 19, 21, 287, 0, 21, 100, 8518 }, // U+F003E
    { 21, 21, 326, 0, 21, 111, 8618 }, // U+F003F
    { 21, 21, 304, -1, 21, 111, 8729 }, // U+F0040
    { 21, 21, 322, 0, 21, 111, 8840 }, // U+F0041
    { 28, 21, 429, 0, 21, 147, 8951 }, // U+F0042
    { 22, 22, 331, 0, 21, 121, 9098 }, // U+F0043
    { 24, 21, 379, 1, 21, 126, 9219 }, // U+F0044
    { 20, 24, 300, 0, 21, 120, 9345 }, // U+F0045
    { 23, 21, 367, 1, 21, 121, 9465 }, // U+F0046
    { 21, 21, 328, 0, 21, 111, 9586 }, // U+F0047
    { 21, 21, 328, 0, 21, 111, 9697 }, // U+F0048
    { 29, 21, 443, 0, 21, 153, 9808 }, // U+F0049
    { 22, 21, 330, 0, 21, 116, 9961 }, // U+F004A
    { 26, 21, 416, 1, 21, 137, 10077 }, // U+F004B
    { 23, 21, 348, 0, 21, 121, 10214 }, // U+F004C
    { 22, 21, 339, 0, 21, 116, 10335 }, // U+F004D
    { 16, 22, 235, 0, 21, 88, 10451 }, // U+F004E
    { 26, 22, 394, 0, 21, 143, 10539 }, // U+F004F
    { 21, 21, 322, 0, 21, 111, 10682 }, // U+F0050
    { 26, 22, 405, 0, 21, 143, 10793 }, // U+F0051
    { 22, 21, 335, 0, 21, 116, 10936 }, // U+F0052
    { 26, 22, 394, 0, 21, 143, 11052 }, // U+F0053
    { 20, 27, 302, 0, 21, 135, 11195 }, // U+F0054
    { 28, 21, 432, 0, 21, 147, 11330 }, // U+F0055
    { 27, 25, 424, 1, 21, 169, 11477 }, // U+F0056
    { 25, 25, 380, 0, 21, 157, 11646 }, // U+F0057
    { 22, 21, 330, 0, 21, 116, 11803 }, // U+F0058
    { 28, 21, 419, -1, 21, 147, 11919 }, // U+F0059
    { 21, 21, 304, -1, 21, 111, 12066 }, // U+F005A
    { 22, 21, 330, 0, 21, 116, 12177 }, // U+F005B
    { 28, 26, 419, -1, 21, 182, 12293 }, // U+F005C
    { 22, 21, 339, 0, 21, 116, 12475 }, // U+F005D
    { 21, 22, 322, 0, 21, 116, 12591 }, // U+F005E
    { 34, 21, 541, 1, 21, 179, 12707 }, // U+F005F
    { 6, 6, 0, -8, 28, 9, 12886 }, // U+F0060
    { 15, 9, 0, -13, 31, 34, 12895 }, // U+F0061
    { 8, 20, 116, 0, 21, 40, 12929 }, // U+F0062
    { 12, 9, 0, -8, 0, 27, 12969 }, // U+F0063
    { 5, 6, 0, -12, -2, 8, 12996 }, // U+F0064
    { 16, 21, 282, 1, 21, 84, 13004 }, // U+F0065
    { 15, 21, 268, 1, 21, 79, 13088 }, // U+F0066
    { 6, 6, 178, 3, 22, 9, 13167 }, // U+F0067
    { 4, 8, 0, -7, 30, 8, 13176 }, // U+F0068
    { 14, 4, 0, -16, -2, 14, 13184 }, // U+F0069
    { 9, 8, 0, -11, 30, 18, 13198 }, // U+F006A
    { 9, 8, 0, -8, 30, 18, 13216 }, // U+F006B
    { 15, 9, 0, -13, 30, 34, 13234 }, // U+F006C
    { 16, 16, 299, 1, 19, 64, 13268 }, // U+F006D
    { 13, 23, 299, 3, 21, 75, 13332 }, // U+F006E
    { 15, 23, 299, 2, 21, 87, 13407 }, // U+F006F
    { 15, 26, 299, 2, 21, 98, 13494 }, // U+F0070
    { 17, 21, 299, 1, 21, 90, 13592 }, // U+F0071
    { 17, 22, 299, 1, 21, 94, 13682 }, // U+F0072
    { 16, 25, 299, 2, 21, 100, 13776 }, // U+F0073
    { 17, 21, 299, 1, 21, 90, 13876 }, // U+F0074
    { 16, 22, 299, 2, 22, 88, 13966 }, // U+F0075
    { 15, 23, 299, 2, 21, 87, 14054 }, // U+F0076
    { 15, 26, 299, 2, 21, 98, 14141 }, // U+F0077
    { 17, 20, 299, 1, 20, 85, 14239 }, // U+F0078
    { 17, 21, 299, 1, 21, 90, 14324 }, // U+F0079
    { 33, 28, 547, 0, 29, 231, 14414 }, // U+F007A
    { 12, 11, 238, 2, 19, 33, 14645 }, // U+F007B
    { 6, 21, 215, 5, 21, 32, 14678 }, // U+F007C
    { 14, 21, 343, 5, 21, 74, 14710 }, // U+F007D
    { 29, 25, 443, 0, 21, 182, 14784 }, // U+F007E
    { 30, 25, 467, 0, 21, 188, 14966 }, // U+F007F
    { 22, 24, 329, 0, 21, 132, 15154 }, // U+F0080
    { 27, 26, 419, 0, 21, 176, 0 }, // U+F0081
    { 21, 29, 304, -1, 21, 153, 176 }, // U+F0082
    { 21, 29, 322, 0, 21, 153, 329 }, // U+F0083
    { 21, 24, 328, 0, 21, 126, 482 }, // U+F0084
    { 29, 24, 443, 0, 21, 174, 608 }, // U+F0085
    { 22, 25, 339, 0, 21, 138, 782 }, // U+F0086
    { 16, 23, 235, 0, 21, 92, 920 }, // U+F0087
    { 28, 28, 432, 0, 21, 196, 1012 }, // U+F0088
    { 23, 21, 351, 0, 21, 121, 1208 }, // U+F0089
    { 24, 21, 357, 0, 21, 126, 1329 }, // U+F008A
    { 11, 16, 165, 0, 21, 44, 1455 }, // U+F008B
    { 17, 18, 207, 0, 21, 77, 1499 }, // U+F008C
    { 19, 19, 230, 0, 21, 91, 1576 }, // U+F008D
    { 26, 21, 404, 0, 21, 137, 1667 }, // U+F008E
    { 20, 19, 287, 0, 21, 95, 1804 }, // U+F008F
    { 22, 27, 277, 0, 21, 149, 1899 }, // U+F0090
    { 23, 19, 311, -1, 21, 110, 2048 }, // U+F0091
    { 18, 18, 277, 0, 21, 81, 2158 }, // U+F0092
    { 14, 22, 195, 0, 21, 77, 2239 }, // U+F0093
    { 18, 19, 234, 1, 21, 86, 2316 }, // U+F0094
    { 18, 19, 223, 1, 21, 86, 2402 }, // U+F0095
    { 14, 16, 202, 0, 21, 56, 2488 }, // U+F0096
    { 16, 17, 181, 0, 21, 68, 2544 }, // U+F0097
    { 24, 21, 352, 0, 21, 126, 2612 }, // U+F0098
    { 16, 19, 218, 0, 21, 76, 2738 }, // U+F0099
    { 19, 17, 267, 1, 21, 81, 2814 }, // U+F009A
    { 15, 17, 211, 0, 21, 64, 2895 }, // U+F009B
    { 16, 18, 195, 0, 21, 72, 2959 }, // U+F009C
    { 20, 22, 292, 0, 21, 110, 3031 }, // U+F009D
    { 16, 19, 211, 0, 21, 76, 3141 }, // U+F009E
    { 15, 22, 250, 0, 21, 83, 3217 }, // U+F009F
    { 16, 17, 215, 0, 21, 68, 3300 }, // U+F00A0
    { 19, 22, 246, 0, 21, 105, 3368 }, // U+F00A1
    { 19, 27, 267, 0, 21, 129, 3473 }, // U+F00A2
    { 28, 21, 428, 0, 21, 147, 3602 }, // U+F00A3
    { 28, 21, 449, 1, 21, 147, 3749 }, // U+F00A4
    { 21, 25, 280, 1, 21, 132, 3896 }, // U+F00A5
    { 18, 25, 248, 0, 21, 113, 4028 }, // U+F00A6
    { 12, 21, 165, 0, 21, 63, 4141 }, // U+F00A7
    { 22, 21, 292, -1, 21, 116, 4204 }, // U+F00A8
    { 16, 21, 218, 0, 21, 84, 4320 }, // U+F00A9
    { 21, 26, 325, -1, 21, 137, 4404 }, // U+F00AA
    { 16, 18, 199, 0, 21, 72, 4541 }, // U+F00AB
    { 23, 25, 351, 0, 21, 144, 4613 }, // U+F00AC
    { 24, 25, 357, 0, 21, 150, 4757 }, // U+F00AD
    { 11, 24, 165, 0, 21, 66, 4907 }, // U+F00AE
    { 17, 24, 207, 0, 21, 102, 4973 }, // U+F00AF
    { 19, 25, 230, 0, 21, 119, 5075 }, // U+F00B0
    { 26, 29, 404, 0, 21, 189, 5194 }, // U+F00B1
    { 20, 26, 326, 0, 21, 130, 5383 }, // U+F00B2
    { 22, 29, 277, 0, 21, 160, 5513 }, // U+F00B3
    { 23, 26, 320, -1, 21, 150, 5673 }, // U+F00B4
    { 18, 25, 272, 0, 21, 113, 5823 }, // U+F00B5
    { 14, 29, 195, 0, 21, 102, 5936 }, // U+F00B6
    { 18, 24, 241, 1, 21, 108, 6038 }, // U+F00B7
    { 18, 25, 222, 1, 21, 113, 6146 }, // U+F00B8
    { 14, 24, 202, 0, 21, 84, 6259 }, // U+F00B9
    { 16, 24, 181, 0, 21, 96, 6343 }, // U+F00BA
    { 24, 24, 352, 0, 21, 144, 6439 }, // U+F00BB
    { 16, 25, 218, 0, 21, 100, 6583 }, // U+F00BC
    { 19, 24, 277, 1, 21, 114, 6683 }, // U+F00BD
    { 15, 24, 211, 0, 21, 90, 6797 }, // U+F00BE
    { 16, 24, 195, 0, 21, 96, 6887 }, // U+F00BF
    { 20, 29, 292, 0, 21, 145, 6983 }, // U+F00C0
    { 16, 25, 211, 0, 21, 100, 7128 }, // U+F00C1
    { 15, 24, 246, 0, 21, 90, 7228 }, // U+F00C2
    { 16, 24, 215, 0, 21, 96, 7318 }, // U+F00C3
    { 19, 22, 246, 0, 21, 105, 7414 }, // U+F00C4
    { 19, 31, 262, 0, 21, 148, 7519 }, // U+F00C5
    { 28, 28, 428, 0, 21, 196, 7667 }, // U+F00C6
    { 28, 25, 449, 1, 21, 175, 7863 }, // U+F00C7
    { 29, 23, 443, 0, 21, 167, 8038 }, // U+F00C8
    { 30, 26, 467, 0, 21, 195, 8205 }, // U+F00C9
    { 22, 22, 330, 0, 21, 121, 8400 }, // U+F00CA
    { 23, 23, 346, 0, 21, 133, 8521 }, // U+F00CB
    { 24, 23, 370, 0, 21, 138, 8654 }, // U+F00CC
    { 27, 23, 423, 0, 21, 156, 8792 }, // U+F00CD
    { 30, 27, 470, 0, 21, 203, 8948 }, // U+F00CE
    { 31, 23, 464, -1, 21, 179, 9151 }, // U+F00CF
    { 28, 22, 429, 0, 21, 154, 9330 }, // U+F00D0
    { 21, 21, 322, 0, 21, 111, 9484 }, // U+F00D1
    { 24, 23, 379, 1, 21, 138, 9595 }, // U+F00D2
    { 20, 24, 300, 0, 21, 120, 9733 }, // U+F00D3
    { 23, 24, 367, 1, 21, 138, 9853 }, // U+F00D4
    { 21, 22, 322, 0, 21, 116, 9991 }, // U+F00D5
    { 21, 22, 328, 0, 21, 116, 10107 }, // U+F00D6
    { 29, 22, 443, 0, 21, 160, 10223 }, // U+F00D7
    { 22, 23, 330, 0, 21, 127, 10383 }, // U+F00D8
    { 26, 24, 416, 1, 21, 156, 10510 }, // U+F00D9
    { 23, 23, 348, 0, 21, 133, 10666 }, // U+F00DA
    { 22, 23, 339, 0, 21, 127, 10799 }, // U+F00DB
    { 26, 22, 405, 0, 21, 143, 10926 }, // U+F00DC
    { 21, 23, 322, 0, 21, 121, 11069 }, // U+F00DD
    { 27, 21, 420, 0, 21, 142, 11190 }, // U+F00DE
    { 22, 22, 335, 0, 21, 121, 11332 }, // U+F00DF
    { 26, 22, 397, 0, 21, 143, 11453 }, // U+F00E0
    { 20, 27, 309, 0, 21, 135, 11596 }, // U+F00E1
    { 34, 23, 541, 1, 21, 196, 11731 }, // U+F00E2
    { 22, 24, 330, 0, 21, 132, 11927 }, // U+F00E3
    { 27, 25, 424, 0, 21, 169, 12059 }, // U+F00E4
    { 22, 26, 330, 0, 21, 143, 12228 }, // U+F00E5
    { 28, 25, 450, 1, 21, 175, 12371 }, // U+F00E6
    { 27, 25, 424, 0, 21, 169, 12546 }, // U+F00E7
    { 28, 25, 437, 0, 21, 175, 12715 }, // U+F00E8
    { 22, 23, 339, 0, 21, 127, 12890 }, // U+F00E9
    { 29, 21, 440, 0, 21, 153, 13017 }, // U+F00EA
    { 29, 28, 443, 0, 21, 203, 13170 }, // U+F00EB
    { 30, 26, 467, 0, 21, 195, 13373 }, // U+F00EC
    { 22, 29, 330, 0, 21, 160, 13568 }, // U+F00ED
    { 23, 28, 346, 0, 21, 161, 13728 }, // U+F00EE
    { 24, 28, 370, 0, 21, 168, 13889 }, // U+F00EF
    { 27, 24, 423, 0, 21, 162, 14057 }, // U+F00F0
    { 30, 29, 470, 0, 21, 218, 14219 }, // U+F00F1
    { 31, 25, 464, -1, 21, 194, 14437 }, // U+F00F2
    { 28, 24, 429, 0, 21, 168, 14631 }, // U+F00F3
    { 21, 27, 322, 0, 21, 142, 14799 }, // U+F00F4
    { 24, 28, 379, 1, 21, 168, 14941 }, // U+F00F5
    { 20, 29, 300, 0, 21, 145, 15109 }, // U+F00F6
    { 23, 29, 367, 1, 21, 167, 15254 }, // U+F00F7
    { 21, 29, 322, 0, 21, 153, 0 }, // U+F00F8
    { 21, 28, 328, 0, 21, 147, 153 }, // U+F00F9
    { 29, 28, 443, 0, 21, 203, 300 }, // U+F00FA
    { 22, 28, 330, 0, 21, 154, 503 }, // U+F00FB
    { 26, 29, 416, 1, 21, 189, 657 }, // U+F00FC
    { 23, 29, 348, 0, 21, 167, 846 }, // U+F00FD
    { 22, 28, 339, 0, 21, 154, 1013 }, // U+F00FE
    { 26, 28, 405, 0, 21, 182, 1167 }, // U+F00FF
    { 21, 28, 322, 0, 21, 147, 1349 }, // U+F0100
    { 27, 28, 420, 0, 21, 189, 1496 }, // U+F0101
    { 22, 28, 335, 0, 21, 154, 1685 }, // U+F0102
    { 26, 24, 397, 0, 21, 156, 1839 }, // U+F0103
    { 20, 31, 309, 0, 21, 155, 1995 }, // U+F0104
    { 34, 29, 542, 1, 21, 247, 2150 }, // U+F0105
    { 23, 23, 351, 0, 21, 133, 2397 }, // U+F0106
    { 24, 26, 357, 0, 21, 156, 2530 }, // U+F0107
    { 16, 22, 191, 0, 21, 88, 2686 }, // U+F0108
    { 17, 23, 207, 0, 21, 98, 2774 }, // U+F0109
    { 19, 23, 230, 0, 21, 110, 2872 }, // U+F010A
    { 26, 29, 404, 0, 21, 189, 2982 }, // U+F010B
    { 24, 23, 350, 0, 21, 138, 3171 }, // U+F010C
    { 25, 27, 354, 0, 21, 169, 3309 }, // U+F010D
    { 24, 22, 350, 0, 21, 132, 3478 }, // U+F010E
    { 22, 22, 291, 0, 21, 121, 3610 }, // U+F010F
    { 14, 20, 208, 0, 21, 70, 3731 }, // U+F0110
    { 18, 24, 241, 1, 21, 108, 3801 }, // U+F0111
    { 18, 24, 222, 1, 21, 108, 3909 }, // U+F0112
    { 16, 22, 218, 0, 21, 88, 4017 }, // U+F0113
    { 16, 22, 181, 0, 21, 88, 4105 }, // U+F0114
    { 24, 22, 351, 0, 21, 132, 4193 }, // U+F0115
    { 16, 23, 224, 0, 21, 92, 4325 }, // U+F0116
    { 20, 24, 302, 1, 21, 120, 4417 }, // U+F0117
    { 17, 22, 232, 0, 21, 94, 4537 }, // U+F0118
    { 16, 23, 195, 0, 21, 92, 4631 }, // U+F0119
    { 21, 22, 291, 0, 21, 116, 4723 }, // U+F011A
    { 16, 23, 213, 0, 21, 92, 4839 }, // U+F011B
    { 20, 21, 304, 0, 21, 105, 4931 }, // U+F011C
    { 16, 22, 215, 0, 21, 88, 5036 }, // U+F011D
    { 22, 22, 309, 0, 21, 121, 5124 }, // U+F011E
    { 28, 29, 428, 0, 21, 203, 5245 }, // U+F011F
    { 15, 24, 170, 0, 21, 90, 5448 }, // U+F0120
    { 21, 25, 286, 0, 21, 132, 5538 }, // U+F0121
    { 15, 26, 183, 0, 21, 98, 5670 }, // U+F0122
    { 23, 25, 344, 1, 21, 144, 5768 }, // U+F0123
    { 22, 25, 310, 0, 21, 138, 5912 }, // U+F0124
    { 25, 25, 356, 0, 21, 157, 6050 }, // U+F0125
    { 16, 23, 199, 0, 21, 92, 6207 }, // U+F0126
    { 23, 28, 351, 0, 21, 161, 6299 }, // U+F0127
    { 24, 26, 357, 0, 21, 156, 6460 }, // U+F0128
    { 16, 29, 191, 0, 21, 116, 6616 }, // U+F0129
    { 17, 28, 207, 0, 21, 119, 6732 }, // U+F012A
    { 19, 28, 230, 0, 21, 133, 6851 }, // U+F012B
    { 24, 28, 350, 0, 21, 168, 6984 }, // U+F012C
    { 25, 29, 354, 0, 21, 182, 7152 }, // U+F012D
    { 24, 25, 350, 0, 21, 150, 7334 }, // U+F012E
    { 22, 24, 291, 0, 21, 132, 7484 }, // U+F012F
    { 14, 27, 208, 0, 21, 95, 7616 }, // U+F0130
    { 18, 28, 241, 1, 21, 126, 7711 }, // U+F0131
    { 18, 29, 222, 1, 21, 131, 7837 }, // U+F0132
    { 16, 29, 218, 0, 21, 116, 7968 }, // U+F0133
    { 16, 28, 181, 0, 21, 112, 8084 }, // U+F0134
    { 24, 28, 352, 0, 21, 168, 8196 }, // U+F0135
    { 16, 28, 218, 0, 21, 112, 8364 }, // U+F0136
    { 20, 29, 302, 1, 21, 145, 8476 }, // U+F0137
    { 17, 29, 232, 0, 21, 124, 8621 }, // U+F0138
    { 16, 28, 195, 0, 21, 112, 8745 }, // U+F0139
    { 21, 29, 291, 0, 21, 153, 8857 }, // U+F013A
    { 16, 28, 218, 0, 21, 112, 9010 }, // U+F013B
    { 20, 28, 304, 0, 21, 140, 9122 }, // U+F013C
    { 16, 28, 215, 0, 21, 112, 9262 }, // U+F013D
    { 22, 24, 309, 0, 21, 132, 9374 }, // U+F013E
    { 28, 30, 428, 0, 21, 210, 9506 }, // U+F013F
    { 31, 22, 483, 0, 21, 171, 9716 }, // U+F0140
    { 27, 22, 403, 0, 21, 149, 9887 }, // U+F0141
    { 29, 22, 441, 0, 21, 160, 10036 }, // U+F0142
    { 45, 21, 695, -1, 21, 237, 10196 }, // U+F0143
    { 24, 27, 357, -1, 21, 162, 10433 }, // U+F0144
    { 24, 27, 357, -1, 21, 162, 10595 }, // U+F0145
    { 24, 27, 357, -1, 21, 162, 10757 }, // U+F0146
    { 24, 27, 357, -1, 21, 162, 10919 }, // U+F0147
    { 24, 27, 357, -1, 21, 162, 11081 }, // U+F0148
    { 40, 21, 619, 0, 21, 210, 11243 }, // U+F0149
    { 39, 27, 616, 0, 21, 264, 11453 }, // U+F014A
    { 46, 21, 725, 0, 21, 242, 11717 }, // U+F014B
    { 26, 27, 406, 0, 21, 176, 11959 }, // U+F014C
    { 19, 29, 277, -1, 21, 138, 12135 }, // U+F014D
    { 19, 30, 277, -1, 21, 143, 12273 }, // U+F014E
    { 38, 21, 588, 0, 21, 200, 12416 }, // U+F014F
    { 21, 30, 315, 0, 21, 158, 12616 }, // U+F0150
    { 41, 21, 647, 0, 21, 216, 12774 }, // U+F0151
    { 21, 29, 307, -1, 21, 153, 12990 }, // U+F0152
    { 21, 30, 307, -1, 21, 158, 13143 }, // U+F0153
    { 41, 21, 627, -1, 21, 216, 13301 }, // U+F0154
    { 41, 29, 627, -1, 21, 298, 13517 }, // U+F0155
    { 20, 30, 309, 0, 21, 150, 13815 }, // U+F0156
    { 41, 21, 642, 0, 21, 216, 13965 }, // U+F0157
    { 25, 22, 392, 0, 21, 138, 14181 }, // U+F0158
    { 18, 22, 255, 0, 21, 99, 14319 }, // U+F0159
    { 20, 27, 300, 0, 21, 135, 14418 }, // U+F015A
    { 27, 28, 408, 0, 21, 189, 14553 }, // U+F015B
    { 18, 28, 271, 0, 21, 126, 14742 }, // U+F015C
    { 38, 28, 590, 0, 21, 266, 14868 }, // U+F015D
    { 30, 27, 461, 0, 21, 203, 15134 }, // U+F015E
    { 49, 27, 772, 0, 21, 331, 0 }, // U+F015F
    { 22, 27, 334, 0, 21, 149, 331 }, // U+F0160
    { 30, 27, 461, 0, 21, 203, 480 }, // U+F0161
    { 27, 21, 416, 0, 21, 142, 683 }, // U+F0162
    { 26, 21, 377, -1, 21, 137, 825 }, // U+F0163
    { 20, 21, 222, -1, 21, 105, 962 }, // U+F0164
    { 21, 27, 326, 0, 21, 142, 1067 }, // U+F0165
    { 41, 27, 645, 0, 21, 277, 1209 }, // U+F0166
    { 23, 22, 333, -1, 21, 127, 1486 }, // U+F0167
    { 22, 21, 332, 0, 21, 116, 1613 }, // U+F0168
    { 34, 21, 536, 0, 21, 179, 1729 }, // U+F0169
    { 34, 21, 519, -1, 21, 179, 1908 }, // U+F016A
    { 27, 23, 421, 0, 21, 156, 2087 }, // U+F016B
    { 23, 23, 303, 0, 21, 133, 2243 }, // U+F016C
    { 27, 21, 419, 0, 21, 142, 2376 }, // U+F016D
    { 41, 23, 632, 0, 21, 236, 2518 }, // U+F016E
    { 27, 22, 413, 0, 21, 149, 2754 }, // U+F016F
    { 23, 21, 303, 0, 21, 121, 2903 }, // U+F0170
    { 22, 21, 332, 0, 21, 116, 3024 }, // U+F0171
    { 40, 21, 630, 0, 21, 210, 3140 }, // U+F0172
    { 22, 21, 341, 0, 21, 116, 3350 }, // U+F0173
    { 42, 21, 654, 0, 21, 221, 3466 }, // U+F0174
    { 24, 28, 370, 0, 21, 168, 3687 }, // U+F0175
    { 24, 29, 359, 0, 21, 174, 3855 }, // U+F0176
    { 29, 29, 454, 0, 21, 211, 4029 }, // U+F0177
    { 29, 29, 453, 0, 21, 211, 4240 }, // U+F0178
    { 24, 29, 360, 0, 21, 174, 4451 }, // U+F0179
    { 24, 29, 365, 0, 21, 174, 4625 }, // U+F017A
    { 41, 28, 634, 0, 21, 287, 4799 }, // U+F017B
    { 26, 22, 402, 0, 21, 143, 5086 }, // U+F017C
    { 26, 22, 407, 0, 21, 143, 5229 }, // U+F017D
    { 26, 29, 407, 0, 21, 189, 5372 }, // U+F017E
    { 41, 23, 637, 0, 21, 236, 5561 }, // U+F017F
    { 26, 24, 396, 0, 21, 156, 5797 }, // U+F0180
    { 16, 24, 248, 0, 21, 96, 5953 }, // U+F0181
    { 16, 25, 248, 0, 21, 100, 6049 }, // U+F0182
    { 35, 22, 546, 0, 21, 193, 6149 }, // U+F0183
    { 25, 27, 383, 0, 21, 169, 6342 }, // U+F0184
    { 21, 22, 322, 0, 21, 116, 6511 }, // U+F0185
    { 30, 21, 470, 0, 21, 158, 6627 }, // U+F0186
    { 29, 22, 443, 0, 21, 160, 6785 }, // U+F0187
    { 21, 31, 300, 0, 21, 163, 6945 }, // U+F0188
    { 25, 31, 300, 0, 21, 194, 7108 }, // U+F0189
    { 21, 31, 300, 0, 21, 163, 7302 }, // U+F018A
    { 22, 22, 344, 0, 21, 121, 7465 }, // U+F018B
    { 29, 22, 448, 0, 21, 160, 7586 }, // U+F018C
    { 22, 23, 331, 0, 21, 127, 7746 }, // U+F018D
    { 29, 23, 463, 0, 21, 167, 7873 }, // U+F018E
    { 28, 31, 415, 0, 21, 217, 8040 }, // U+F018F
    { 20, 34, 302, 0, 21, 170, 8257 }, // U+F0190
    { 21, 34, 302, 0, 21, 179, 8427 }, // U+F0191
    { 21, 28, 311, 0, 21, 147, 8606 }, // U+F0192
    { 22, 31, 311, 0, 21, 171, 8753 }, // U+F0193
    { 20, 31, 302, 0, 21, 155, 8924 }, // U+F0194
    { 23, 31, 302, -1, 21, 179, 9079 }, // U+F0195
    { 20, 34, 309, 0, 21, 170, 9258 }, // U+F0196
    { 21, 34, 309, 0, 21, 179, 9428 }, // U+F0197
    { 11, 9, 0, -10, 30, 25, 9607 }, // U+F0198
    { 16, 15, 216, 0, 21, 60, 9632 }, // U+F0199
    { 16, 8, 0, -15, 0, 32, 9692 }, // U+F019A
    { 6, 6, 0, -8, 28, 9, 9724 }, // U+F019B
    { 10, 9, 0, -10, 30, 23, 9733 }, // U+F019C
    { 14, 9, 0, -10, 30, 32, 9756 }, // U+F019D
    { 16, 9, 0, -15, 30, 36, 9788 }, // U+F019E
    { 20, 9, 0, -15, 30, 45, 9824 }, // U+F019F
    { 17, 9, 0, -15, 30, 39, 9869 }, // U+F01A0
    { 17, 9, 0, -15, 30, 39, 9908 }, // U+F01A1
    { 20, 9, 0, -15, 30, 45, 9947 }, // U+F01A2
    { 17, 9, 0, -16, 30, 39, 9992 }, // U+F01A3
    { 21, 9, 0, -16, 30, 48, 10031 }, // U+F01A4
    { 18, 9, 0, -16, 30, 41, 10079 }, // U+F01A5
    { 18, 9, 0, -16, 30, 41, 10120 }, // U+F01A6
    { 21, 9, 0, -16, 30, 48, 10161 }, // U+F01A7
    { 20, 9, 0, -17, 30, 45, 10209 }, // U+F01A8
    { 25, 9, 0, -17, 30, 57, 10254 }, // U+F01A9
    { 20, 9, 0, -18, 30, 45, 10311 }, // U+F01AA
    { 20, 9, 0, -18, 30, 45, 10356 }, // U+F01AB
    { 23, 9, 0, -18, 30, 52, 10401 }, // U+F01AC
    { 15, 9, 0, -13, 31, 34, 10453 }, // U+F01AD
    { 21, 9, 0, -20, 30, 48, 10487 }, // U+F01AE
    { 20, 9, 0, -20, 30, 45, 10535 }, // U+F01AF
    { 24, 9, 0, -20, 30, 54, 10580 }, // U+F01B0
    { 21, 9, 0, -18, 30, 48, 10634 }, // U+F01B1
    { 18, 10, 0, -17, 31, 45, 10682 }, // U+F01B2
    { 23, 9, 0, -18, 30, 52, 10727 }, // U+F01B3
    { 19, 9, 0, -17, 30, 43, 10779 }, // U+F01B4
    { 19, 9, 0, -17, 30, 43, 10822 }, // U+F01B5
    { 22, 9, 0, -17, 30, 50, 10865 }, // U+F01B6
    { 12, 9, 0, -8, 29, 27, 10915 }, // U+F01B7
    { 16, 9, 0, -8, 30, 36, 10942 }, // U+F01B8
    { 16, 9, 0, -11, 30, 36, 10978 }, // U+F01B9
    { 16, 9, 0, -11, 30, 36, 11014 }, // U+F01BA
    { 19, 9, 0, -11, 30, 43, 11050 }, // U+F01BB
    { 21, 30, 157, 0, 30, 158, 11093 }, // U+F01BC
    { 24, 30, 157, 0, 30, 180, 11251 }, // U+F01BD
    { 26, 30, 157, 0, 30, 195, 11431 }, // U+F01BE
    { 27, 30, 157, 0, 30, 203, 11626 }, // U+F01BF
    { 28, 30, 157, 0, 30, 210, 11829 }, // U+F01C0
    { 30, 30, 157, 0, 30, 225, 12039 }, // U+F01C1
    { 31, 30, 157, 0, 30, 233, 12264 }, // U+F01C2
    { 32, 30, 157, 0, 30, 240, 12497 }, // U+F01C3
    { 34, 30, 157, 0, 30, 255, 12737 }, // U+F01C4
    { 34, 30, 157, 0, 30, 255, 12992 }, // U+F01C5
    { 37, 30, 157, 0, 30, 278, 13247 }, // U+F01C6
    { 40, 30, 157, 0, 30, 300, 13525 }, // U+F01C7
    { 43, 30, 157, 0, 30, 323, 13825 }, // U+F01C8
    { 47, 30, 157, 0, 30, 353, 14148 }, // U+F01C9
    { 51, 30, 157, 0, 30, 383, 14501 }, // U+F01CA
    { 24, 30, 157, 0, 30, 180, 14884 }, // U+F01CB
    { 27, 30, 157, 0, 30, 203, 15064 }, // U+F01CC
    { 29, 30, 157, 0, 30, 218, 15267 }, // U+F01CD
    { 30, 30, 157, 0, 30, 225, 0 }, // U+F01CE
    { 30, 30, 157, 0, 30, 225, 225 }, // U+F01CF
    { 33, 30, 157, 0, 30, 248, 450 }, // U+F01D0
    { 33, 30, 157, 0, 30, 248, 698 }, // U+F01D1
    { 34, 30, 157, 0, 30, 255, 946 }, // U+F01D2
    { 36, 30, 157, 0, 30, 270, 1201 }, // U+F01D3
    { 36, 30, 157, 0, 30, 270, 1471 }, // U+F01D4
    { 38, 30, 157, 0, 30, 285, 1741 }, // U+F01D5
    { 42, 30, 157, 0, 30, 315, 2026 }, // U+F01D6
    { 45, 30, 157, 0, 30, 338, 2341 }, // U+F01D7
    { 48, 30, 157, 0, 30, 360, 2679 }, // U+F01D8
    { 53, 30, 157, 0, 30, 398, 3039 }, // U+F01D9
    { 28, 30, 157, 0, 30, 210, 3437 }, // U+F01DA
    { 31, 30, 157, 0, 30, 233, 3647 }, // U+F01DB
    { 32, 30, 157, 0, 30, 240, 3880 }, // U+F01DC
    { 33, 30, 157, 0, 30, 248, 4120 }, // U+F01DD
    { 34, 30, 157, 0, 30, 255, 4368 }, // U+F01DE
    { 36, 30, 157, 0, 30, 270, 4623 }, // U+F01DF
    { 37, 30, 157, 0, 30, 278, 4893 }, // U+F01E0
    { 38, 30, 157, 0, 30, 285, 5171 }, // U+F01E1
    { 39, 30, 157, 0, 30, 293, 5456 }, // U+F01E2
    { 39, 30, 157, 0, 30, 293, 5749 }, // U+F01E3
    { 41, 30, 157, 0, 30, 308, 6042 }, // U+F01E4
    { 45, 30, 157, 0, 30, 338, 6350 }, // U+F01E5
    { 48, 30, 157, 0, 30, 360, 6688 }, // U+F01E6
    { 51, 30, 157, 0, 30, 383, 7048 }, // U+F01E7
    { 55, 30, 157, 0, 30, 413, 7431 }, // U+F01E8
    { 25, 30, 157, 0, 30, 188, 7844 }, // U+F01E9
    { 28, 30, 157, 0, 30, 210, 8032 }, // U+F01EA
    { 30, 30, 157, 0, 30, 225, 8242 }, // U+F01EB
    { 31, 30, 157, 0, 30, 233, 8467 }, // U+F01EC
    { 32, 30, 157, 0, 30, 240, 8700 }, // U+F01ED
    { 34, 30, 157, 0, 30, 255, 8940 }, // U+F01EE
    { 35, 30, 157, 0, 30, 263, 9195 }, // U+F01EF
    { 36, 30, 157, 0, 30, 270, 9458 }, // U+F01F0
    { 38, 30, 157, 0, 30, 285, 9728 }, // U+F01F1
    { 38, 30, 157, 0, 30, 285, 10013 }, // U+F01F2
    { 40, 30, 157, 0, 30, 300, 10298 }, // U+F01F3
    { 44, 30, 157, 0, 30, 330, 10598 }, // U+F01F4
    { 47, 30, 157, 0, 30, 353, 10928 }, // U+F01F5
    { 51, 30, 157, 0, 30, 383, 11281 }, // U+F01F6
    { 55, 30, 157, 0, 30, 413, 11664 }, // U+F01F7
    { 25, 30, 157, 0, 30, 188, 12077 }, // U+F01F8
    { 28, 30, 157, 0, 30, 210, 12265 }, // U+F01F9
    { 30, 30, 157, 0, 30, 225, 12475 }, // U+F01FA
    { 31, 30, 157, 0, 30, 233, 12700 }, // U+F01FB
    { 32, 30, 157, 0, 30, 240, 12933 }, // U+F01FC
    { 34, 30, 157, 0, 30, 255, 13173 }, // U+F01FD
    { 35, 30, 157, 0, 30, 263, 13428 }, // U+F01FE
    { 36, 30, 157, 0, 30, 270, 13691 }, // U+F01FF
    { 38, 30, 157, 0, 30, 285, 13961 }, // U+F0200
    { 38, 30, 157, 0, 30, 285, 14246 }, // U+F0201
    { 40, 30, 157, 0, 30, 300, 14531 }, // U+F0202
    { 44, 30, 157, 0, 30, 330, 14831 }, // U+F0203
    { 47, 30, 157, 0, 30, 353, 15161 }, // U+F0204
    { 51, 30, 157, 0, 30, 383, 0 }, // U+F0205
    { 55, 30, 157, 0, 30, 413, 383 }, // U+F0206
    { 28, 30, 157, 0, 30, 210, 796 }, // U+F0207
    { 31, 30, 157, 0, 30, 233, 1006 }, // U+F0208
    { 32, 30, 157, 0, 30, 240, 1239 }, // U+F0209
    { 34, 30, 157, 0, 30, 255, 1479 }, // U+F020A
    { 34, 30, 157, 0, 30, 255, 1734 }, // U+F020B
    { 36, 30, 157, 0, 30, 270, 1989 }, // U+F020C
    { 37, 30, 157, 0, 30, 278, 2259 }, // U+F020D
    { 38, 30, 157, 0, 30, 285, 2537 }, // U+F020E
    { 40, 30, 157, 0, 30, 300, 2822 }, // U+F020F
    { 40, 30, 157, 0, 30, 300, 3122 }, // U+F0210
    { 43, 30, 157, 0, 30, 323, 3422 }, // U+F0211
    { 47, 30, 157, 0, 30, 353, 3745 }, // U+F0212
    { 49, 30, 157, 0, 30, 368, 4098 }, // U+F0213
    { 53, 30, 157, 0, 30, 398, 4466 }, // U+F0214
    { 57, 30, 157, 0, 30, 428, 4864 }, // U+F0215
    { 22, 30, 157, -11, 30, 165, 5292 }, // U+F0216
    { 23, 30, 157, -12, 30, 173, 5457 }, // U+F0217
    { 28, 30, 157, -17, 30, 210, 5630 }, // U+F0218
    { 21, 30, 157, -9, 30, 158, 5840 }, // U+F0219
    { 22, 30, 157, -11, 30, 165, 5998 }, // U+F021A
    { 23, 30, 157, -12, 30, 173, 6163 }, // U+F021B
    { 28, 30, 157, -17, 30, 210, 6336 }, // U+F021C
    { 25, 30, 157, -9, 30, 188, 6546 }, // U+F021D
    { 26, 30, 157, -11, 30, 195, 6734 }, // U+F021E
    { 27, 30, 157, -12, 30, 203, 6929 }, // U+F021F
    { 31, 30, 157, -17, 30, 233, 7132 }, // U+F0220
    { 21, 30, 157, -9, 30, 158, 7365 }, // U+F0221
    { 23, 30, 157, -11, 30, 173, 7523 }, // U+F0222
    { 24, 30, 157, -12, 30, 180, 7696 }, // U+F0223
    { 29, 30, 157, -17, 30, 218, 7876 }, // U+F0224
    { 21, 30, 157, -9, 30, 158, 8094 }, // U+F0225
    { 23, 30, 157, -11, 30, 173, 8252 }, // U+F0226
    { 24, 30, 157, -12, 30, 180, 8425 }, // U+F0227
    { 29, 30, 157, -17, 30, 218, 8605 }, // U+F0228
    { 24, 30, 157, -9, 30, 180, 8823 }, // U+F0229
    { 26, 30, 157, -11, 30, 195, 9003 }, // U+F022A
    { 27, 30, 157, -12, 30, 203, 9198 }, // U+F022B
    { 32, 30, 157, -17, 30, 240, 9401 }, // U+F022C
    { 24, 19, 287, -1, 21, 114, 9641 }, // U+F022D
    { 23, 26, 343, 0, 21, 150, 9755 }, // U+F022E
    { 15, 17, 143, 0, 21, 64, 9905 }, // U+F022F
    { 19, 17, 211, 0, 21, 81, 9969 }, // U+F0230
    { 24, 19, 355, -1, 21, 114, 10050 }, // U+F0231
    { 26, 19, 406, 0, 21, 124, 10164 }, // U+F0232
    { 19, 17, 287, 0, 21, 81, 10288 }, // U+F0233
    { 21, 17, 327, 0, 21, 90, 10369 }, // U+F0234
    { 21, 19, 307, -1, 21, 100, 10459 }, // U+F0235
    { 21, 18, 323, 0, 21, 95, 10559 }, // U+F0236
    { 20, 25, 302, 0, 21, 125, 10654 }, // U+F0237
    { 20, 25, 310, 0, 21, 125, 10779 }, // U+F0238
    { 18, 24, 263, 0, 21, 108, 10904 }, // U+F0239
    { 30, 25, 460, 0, 21, 188, 11012 }, // U+F023A
    { 28, 17, 429, 0, 21, 119, 11200 }, // U+F023B
    { 5, 5, 0, -12, 0, 7, 11319 }, // U+F023C
    { 16, 11, 0, -15, 2, 44, 11326 }, // U+F023D
    { 22, 11, 0, -21, 2, 61, 11370 }, // U+F023E
    { 24, 11, 0, -19, 2, 66, 11431 }, // U+F023F
    { 18, 11, 0, -16, 1, 50, 11497 }, // U+F0240
    { 19, 15, 0, -16, 1, 72, 11547 }, // U+F0241
    { 26, 13, 0, -21, 0, 85, 11619 }, // U+F0242
    { 26, 14, 0, -21, 1, 91, 11704 }, // U+F0243
    { 20, 7, 0, -21, 0, 35, 11795 }, // U+F0244
    { 20, 10, 0, -21, 0, 50, 11830 }, // U+F0245
    { 18, 9, 0, -14, 0, 41, 11880 }, // U+F0246
    { 16, 14, 0, -15, 1, 56, 11921 }, // U+F0247
    { 16, 14, 0, -15, 1, 56, 11977 }, // U+F0248
    { 16, 15, 0, -15, 1, 60, 12033 }, // U+F0249
    { 16, 17, 0, -15, 0, 68, 12093 }, // U+F024A
    { 15, 16, 0, -14, 0, 60, 12161 }, // U+F024B
    { 15, 18, 0, -14, 1, 68, 12221 }, // U+F024C
    { 16, 14, 0, -15, 1, 56, 12289 }, // U+F024D
    { 14, 14, 0, -14, 1, 49, 12345 }, // U+F024E
    { 16, 14, 0, -15, 1, 56, 12394 }, // U+F024F
    { 18, 9, 0, -16, 0, 41, 12450 }, // U+F0250
    { 19, 14, 0, -17, 1, 67, 12491 }, // U+F0251
    { 19, 14, 0, -17, 1, 67, 12558 }, // U+F0252
    { 19, 15, 0, -17, 1, 72, 12625 }, // U+F0253
    { 19, 18, 0, -17, 1, 86, 12697 }, // U+F0254
    { 20, 17, 0, -17, 1, 85, 12783 }, // U+F0255
    { 20, 18, 0, -17, 1, 90, 12868 }, // U+F0256
    { 19, 13, 0, -17, 1, 62, 12958 }, // U+F0257
    { 17, 14, 0, -16, 1, 60, 13020 }, // U+F0258
    { 19, 14, 0, -17, 1, 67, 13080 }, // U+F0259
    { 17, 8, 0, -16, 1, 34, 13147 }, // U+F025A
    { 17, 8, 0, -13, 1, 34, 13181 }, // U+F025B
    { 11, 11, 0, -9, 2, 31, 13215 }, // U+F025C
    { 16, 10, 0, -13, 1, 40, 13246 }, // U+F025D
    { 16, 10, 0, -13, 0, 40, 13286 }, // U+F025E
    { 17, 11, 0, -15, 2, 47, 13326 }, // U+F025F
    { 22, 10, 0, -19, 1, 55, 13373 }, // U+F0260
    { 21, 10, 0, -18, 0, 53, 13428 }, // U+F0261
    { 15, 6, 0, -18, -1, 23, 13481 }, // U+F0262
    { 14, 8, 0, -17, -1, 28, 13504 }, // U+F0263
    { 4, 8, 0, -4, 30, 8, 13532 }, // U+F0264
    { 4, 8, 0, 0, 30, 8, 13540 }, // U+F0265
    { 5, 8, 0, 3, 30, 10, 13548 }, // U+F0266
    { 4, 8, 0, 2, 30, 8, 13558 }, // U+F0267
    { 4, 8, 0, 3, 30, 8, 13566 }, // U+F0268
    { 14, 4, 0, -16, -10, 14, 13574 }, // U+F0269
    { 20, 31, 302, 0, 21, 155, 13588 }, // U+F026A
    { 21, 31, 302, 0, 21, 163, 13743 }, // U+F026B
    { 20, 31, 309, 0, 21, 155, 13906 }, // U+F026C
    { 21, 31, 309, 0, 21, 163, 14061 }, // U+F026D
    { 14, 14, 0, -14, 0, 49, 14224 }, // U+F026E
    { 16, 14, 0, -14, 0, 56, 14273 }, // U+F026F
    { 16, 16, 0, -14, 1, 64, 14329 }, // U+F0270
    { 0, 0, 0, 0, 0, 0, 14393 }, // U+F0271
    { 2, 32, 0, -1, 26, 16, 14393 }, // U+F0272
    { 10, 32, 0, -5, 27, 80, 14409 }, // U+F0273
    { 15, 14, 272, 1, 18, 53, 14489 }, // U+F0274
    { 5, 6, 0, -12, -2, 8, 14542 }, // U+F0275
};

static const EpdUnicodeInterval devanagari_16_boldIntervals[] = {
    { 0x900, 0x97F, 0x0 },
    { 0x200C, 0x200D, 0x80 },
    { 0x25CC, 0x25CC, 0x82 },
    { 0xF0000, 0xF0275, 0x83 },
};

static const EpdFontGroup devanagari_16_boldGroups[] = {
    { 0, 4539, 16365, 126, 0 },
    { 4539, 132, 252, 2, 126 },
    { 4671, 2, 0, 2, 128 },
    { 4673, 4848, 16353, 130, 130 },
    { 9521, 4455, 16275, 119, 260 },
    { 13976, 5136, 16209, 103, 379 },
    { 19112, 5222, 16363, 111, 482 },
    { 24334, 2059, 16050, 55, 593 },
    { 26393, 3853, 15269, 113, 648 },
};

static BuiltinShapingFace devanagari_16_boldShaping = {
    devanagariLayout,
    sizeof(devanagariLayout),
    0x5FE1A12D,
    2133,
    &devanagari_16_boldGlyphs[131],
    630,
    nullptr,
};

static constexpr EpdFontData devanagari_16_bold = {
    devanagari_16_boldBitmaps,
    devanagari_16_boldGlyphs,
    devanagari_16_boldIntervals,
    4,
    43,
    30,
    -14,
    true,
    devanagari_16_boldGroups,
    9,
    nullptr,
    nullptr,
    nullptr,
    nullptr,
    nullptr,
    nullptr,
    nullptr,
    nullptr,
    nullptr,
    nullptr,
    nullptr,
    0,
    0,
    0,
    0,
    nullptr,
    0,
    nullptr,  // glyphMissHandler
    nullptr,  // glyphMissCtx
    nullptr,  // coverageHandler
    &builtinShaping::shape,
    &devanagari_16_boldShaping,
};
