/**
 * generated by fontconvert.py
 * name: devanagari_10_regular
 * size: 10
 * mode: 2-bit  compressed: true
 * Command used: fontconvert.py devanagari_10_regular 10 ../builtinFonts/source/NotoSansDevanagari/NotoSansDevanagari-Regular.ttf --no-default-intervals --additional-intervals 0x0900,0x097F --additional-intervals 0x25CC,0x25CC --font-include-intervals 0:0x0900,0x097F --font-include-intervals 0:0x25CC,0x25CC --shaping-font ../builtinFonts/source/NotoSansDevanagari/NotoSansDevanagari-Regular.ttf --shaping-layout-symbol devanagariSansLayout --shaping-layout-header devanagari_sans_layout.h --2bit --compress --pnum --darken-aa --zopfli --max-group-bytes 16384 --shaping-layout-font ../builtinFonts/source/NotoSansDevanagari/NotoSansDevanagari-Regular.ttf
 */
#pragma once
#include "EpdFontData.h"

#include "BuiltinShaping.h"
#include "devanagari_sans_layout.h"

static const uint8_t devanagari_10_regularBitmaps[13503] = {
    0xED, 0x9B, 0x0D, 0x88, 0x5C, 0xD7, 0x75, 0xF8, 0x7F, 0xEF, 0xBD, 0x5D, 0x8D, 0xA4, 0x07, 0x7B,
    0x87, 0xFF, 0x5F, 0x72, 0x44, 0xCA, 0xCC, 0x98, 0xE2, 0xA6, 0x21, 0xD9, 0xD9, 0x17, 0xC0, 0xC0,
    0x14, 0xDE, 0xCC, 0xBB, 0x4D, 0xCA, 0x67, 0x80, 0x2E, 0x45, 0x5B, 0x03, 0x2A, 0x48, 0xD0, 0x52,
    0x42, 0x71, 0xB3, 0x01, 0x16, 0xD8, 0xC0, 0xAE, 0xE7, 0x85, 0xF2, 0xFD, 0x15, 0x01, 0x91, 0x43,
    0x71, 0x4B, 0x0C, 0x35, 0xC5, 0x19, 0x35, 0x68, 0x81, 0xA1, 0x5D, 0x17, 0x79, 0xE7, 0x39, 0xE5,
    0xAB, 0xE5, 0xA3, 0x53, 0xB7, 0xB6, 0xA1, 0x01, 0x72, 0x53, 0xA2, 0xC6, 0x91, 0x28, 0xBD, 0x76,
    0x47, 0xED, 0x48, 0x99, 0x9D, 0xDB, 0x73, 0x3D, 0xC3, 0x4E, 0x36, 0xAA, 0xB4, 0xA3, 0xB5, 0x6C,
    0xB5, 0x58, 0x33, 0xE7, 0x9C, 0xF7, 0x46, 0x7B, 0xEF, 0xB9, 0x1F, 0xE7, 0xBC, 0xF3, 0x71, 0xCF,
    0x13, 0x24, 0xC3, 0xED, 0x6D, 0xAB, 0xFE, 0xEC, 0xEF, 0x00, 0x7E, 0xF7, 0x6F, 0xAD, 0xDA, 0xDE,
    0x4E, 0x86, 0x70, 0x69, 0x78, 0xC9, 0xE5, 0x1D, 0x0D, 0x29, 0x4D, 0x41, 0x80, 0xC3, 0xF7, 0x0A,
    0x20, 0xFE, 0x16, 0x10, 0xB9, 0x1C, 0xF8, 0x54, 0x1F, 0xC0, 0x00, 0xEC, 0x10, 0xBA, 0x2F, 0x39,
    0x1D, 0xDD, 0xFA, 0xFE, 0x5D, 0x08, 0x8C, 0x9D, 0x92, 0x52, 0xDF, 0x52, 0x6E, 0xBF, 0x65, 0xD9,
    0xFC, 0x55, 0x67, 0x49, 0xB9, 0x6D, 0xA9, 0x60, 0x2D, 0xCA, 0x93, 0xE8, 0x1D, 0x63, 0x09, 0x5C,
    0x6E, 0x61, 0x01, 0xFB, 0x68, 0x18, 0x38, 0xE3, 0x39, 0x5C, 0xBB, 0xEC, 0x7B, 0x57, 0x99, 0x52,
    0x61, 0x52, 0xF5, 0x5C, 0x84, 0x7A, 0x36, 0x55, 0xCF, 0x47, 0xA8, 0x30, 0x12, 0xAA, 0x3C, 0xF5,
    0xAC, 0x84, 0x0A, 0x2F, 0xA1, 0x2C, 0x20, 0xD4, 0xB9, 0x61, 0xE7, 0xEA, 0x8F, 0xB9, 0x90, 0xD7,
    0x5C, 0xDE, 0x5A, 0x23, 0x85, 0xB4, 0x8C, 0x72, 0xBA, 0xF4, 0x52, 0x41, 0xD8, 0x4F, 0xA3, 0x7E,
    0x76, 0xAD, 0xA8, 0x8D, 0x09, 0x0D, 0x0C, 0x21, 0x05, 0x20, 0x1E, 0x90, 0xBC, 0x4C, 0x8A, 0x87,
    0x3A, 0xA8, 0xE3, 0x30, 0x71, 0xCE, 0x75, 0xAE, 0xFE, 0x14, 0x0C, 0x58, 0x02, 0x4B, 0x52, 0x3C,
    0x9B, 0x15, 0x29, 0x36, 0xA5, 0x5B, 0xA5, 0xAB, 0xF4, 0x20, 0xFA, 0x99, 0xA5, 0x97, 0x3B, 0xF9,
    0x14, 0x9D, 0xAB, 0x37, 0x3B, 0x1A, 0x0C, 0x80, 0x05, 0x02, 0x0B, 0xD2, 0x01, 0x9E, 0xCD, 0x7E,
    0x38, 0x24, 0x65, 0xBC, 0x8D, 0xEF, 0x86, 0x74, 0x5C, 0x42, 0xBA, 0xD6, 0x91, 0xCE, 0x5B, 0x48,
    0xF7, 0x2E, 0x00, 0x78, 0x2E, 0xB6, 0xD3, 0xB9, 0xDB, 0x79, 0x19, 0x2C, 0x04, 0xD8, 0x32, 0xED,
    0x81, 0x1D, 0xF1, 0x6B, 0xAF, 0x0B, 0x41, 0x39, 0x4F, 0xC6, 0x7F, 0x08, 0x7B, 0xB6, 0x4D, 0x6C,
    0xDF, 0x1B, 0x90, 0xE8, 0xF7, 0x0B, 0x16, 0x78, 0xFF, 0x86, 0x06, 0xEB, 0xFA, 0xC0, 0xA2, 0xE7,
    0x32, 0xEA, 0x74, 0xAE, 0xBD, 0x0A, 0x55, 0xD0, 0x55, 0xD4, 0xD0, 0xE9, 0x6C, 0xFD, 0x27, 0x45,
    0x1A, 0x7F, 0xC3, 0xA4, 0x0A, 0x93, 0xC6, 0x81, 0xA9, 0x53, 0xEA, 0x2B, 0x9D, 0xE4, 0x91, 0x49,
    0xC1, 0x36, 0x80, 0xE6, 0x57, 0xA0, 0x36, 0x04, 0xF4, 0x69, 0x2E, 0x2B, 0x6C, 0xE9, 0x9D, 0x7E,
    0xE8, 0x72, 0xF0, 0xEC, 0x7A, 0x9D, 0xBB, 0x15, 0xEC, 0x0C, 0x42, 0x53, 0x2D, 0x15, 0xEA, 0x1B,
    0x44, 0x43, 0x68, 0x6B, 0x4A, 0x06, 0xAC, 0x07, 0x0C, 0xB0, 0x04, 0xEA, 0x3C, 0x91, 0xD3, 0x7C,
    0xAA, 0x20, 0x30, 0x60, 0xE6, 0xE7, 0xF0, 0xB0, 0x8D, 0x29, 0x13, 0xED, 0x13, 0x5C, 0x84, 0x28,
    0x27, 0x2C, 0x08, 0xFA, 0x0F, 0x3B, 0xDB, 0x4B, 0xA7, 0x01, 0x76, 0x14, 0x40, 0xF3, 0x05, 0x98,
    0x6E, 0x02, 0xE8, 0x47, 0xAC, 0xC0, 0x00, 0x00, 0x41, 0x01, 0xC0, 0x6D, 0x0D, 0xD0, 0xB3, 0x00,
    0x8B, 0xBB, 0x00, 0xA4, 0x00, 0x54, 0x1E, 0xFD, 0xB8, 0x0B, 0x00, 0xB4, 0x0B, 0x80, 0xCF, 0x58,
    0x00, 0x36, 0x00, 0x68, 0x00, 0xB0, 0xFC, 0x51, 0x8D, 0x98, 0x15, 0x00, 0x4F, 0x19, 0x80, 0x33,
    0x5F, 0x03, 0x68, 0x0F, 0x01, 0xCE, 0x8E, 0x3E, 0x92, 0x71, 0x9D, 0x7C, 0xB4, 0x7F, 0x7A, 0x00,
    0x03, 0x9C, 0x35, 0x10, 0x8F, 0x0C, 0x64, 0xAB, 0xCE, 0x92, 0xB2, 0x7F, 0x9D, 0x34, 0xB0, 0x29,
    0xAD, 0x0B, 0x66, 0x19, 0xE5, 0x4C, 0x0A, 0xDA, 0xEC, 0x02, 0x66, 0xC7, 0x13, 0xF0, 0x0C, 0xFA,
    0xD2, 0x7F, 0x2F, 0x67, 0x87, 0x3A, 0xEC, 0xF4, 0xFE, 0x8D, 0x33, 0xEF, 0xDD, 0xFE, 0x1E, 0xAD,
    0xF7, 0xFB, 0x75, 0xB2, 0x37, 0x3D, 0x09, 0x6E, 0xBF, 0x8E, 0xA2, 0xBD, 0x4F, 0xA9, 0x08, 0xEA,
    0x84, 0x03, 0x9A, 0xD0, 0xBE, 0xB5, 0x0F, 0xB1, 0xFB, 0x9E, 0x67, 0xC0, 0xB5, 0x9B, 0x77, 0x29,
    0x69, 0x7B, 0x80, 0x35, 0xC1, 0x6C, 0x8A, 0x4A, 0x30, 0xC0, 0xC2, 0x0C, 0x7D, 0x9F, 0x7C, 0xAF,
    0xB3, 0xA7, 0x53, 0x36, 0xF1, 0x58, 0x1B, 0x6E, 0xA2, 0x2E, 0x6F, 0x52, 0x67, 0x82, 0xEA, 0xC5,
    0x21, 0x25, 0x37, 0x84, 0x33, 0x9B, 0xC0, 0x04, 0xDB, 0xCE, 0x8D, 0x3E, 0xD7, 0x19, 0xBF, 0x02,
    0x5D, 0x58, 0xEC, 0x12, 0xBA, 0x01, 0xD1, 0x5B, 0xAB, 0x97, 0xA3, 0x37, 0x02, 0x2B, 0xF7, 0x97,
    0xF9, 0xFA, 0x75, 0x4E, 0xB2, 0x4C, 0x4D, 0xA7, 0xC4, 0x77, 0x87, 0xD0, 0x33, 0x7E, 0x1C, 0xD3,
    0xE9, 0xF4, 0x2E, 0x43, 0x85, 0xB3, 0x6B, 0x15, 0xE1, 0x51, 0xE1, 0xA9, 0xDB, 0x15, 0xA2, 0x42,
    0x30, 0xAF, 0x13, 0xDD, 0xD8, 0x07, 0x27, 0xB8, 0x58, 0x01, 0x26, 0x38, 0xB1, 0x24, 0x7B, 0xAF,
    0xA2, 0x85, 0x97, 0x75, 0xBA, 0xF5, 0x5B, 0x62, 0x45, 0xA2, 0x37, 0x4C, 0xFA, 0xFF, 0xFA, 0x46,
    0x0D, 0x86, 0x46, 0x5D, 0xFE, 0x5C, 0x5F, 0x09, 0x07, 0x45, 0x4D, 0xC7, 0x37, 0xF7, 0x09, 0x9C,
    0xC1, 0x79, 0x8B, 0xD9, 0xE9, 0xDC, 0x01, 0x0C, 0xC1, 0x9A, 0x79, 0xD6, 0xEF, 0xB4, 0xBA, 0x62,
    0x96, 0xA3, 0xC2, 0x2C, 0x05, 0xC6, 0xC4, 0xDA, 0x98, 0xE8, 0x27, 0x7D, 0x83, 0xCB, 0x0D, 0x0B,
    0x18, 0xC0, 0xF8, 0x3E, 0x88, 0xF5, 0xBC, 0x0B, 0x17, 0x72, 0x4B, 0xCD, 0x09, 0x11, 0xFB, 0x6C,
    0x49, 0xF1, 0xA4, 0x8C, 0x45, 0xB9, 0x17, 0x2D, 0xA5, 0x97, 0x9C, 0x85, 0xF0, 0x9F, 0x2C, 0x9F,
    0x8D, 0xFA, 0x16, 0xB1, 0xD6, 0x96, 0x64, 0x8C, 0x25, 0x34, 0x00, 0xC3, 0xD9, 0x53, 0x04, 0x87,
    0x27, 0xE2, 0x07, 0x72, 0x85, 0x79, 0xFA, 0xCF, 0xAD, 0x49, 0xF9, 0x2B, 0x53, 0xA7, 0x67, 0xD4,
    0xDB, 0x03, 0x13, 0xBA, 0xFE, 0xC1, 0x24, 0x3C, 0xFA, 0xF5, 0x5E, 0x7B, 0x97, 0x92, 0x26, 0xD6,
    0x25, 0xA7, 0x6B, 0x57, 0x68, 0x42, 0x3A, 0x05, 0x56, 0xB8, 0xA4, 0x6E, 0x59, 0xB1, 0x8A, 0x5E,
    0x66, 0x9D, 0x6B, 0x1D, 0x8D, 0x02, 0x8F, 0xDE, 0xD8, 0xA9, 0xB7, 0x2D, 0x4D, 0x2F, 0x43, 0xFF,
    0x65, 0xD9, 0x23, 0x2B, 0x6C, 0xA1, 0x6E, 0x0D, 0x90, 0x2E, 0x5E, 0x66, 0x5A, 0x64, 0x06, 0x87,
    0x65, 0x46, 0xF4, 0x06, 0xFE, 0x9E, 0xFB, 0xC8, 0xCC, 0x6F, 0x0B, 0x84, 0x05, 0x9C, 0x28, 0x88,
    0x5C, 0x41, 0xED, 0x86, 0xA6, 0x09, 0xA4, 0x35, 0x4B, 0xDA, 0x14, 0x95, 0x6E, 0xA4, 0xAC, 0x08,
    0xAA, 0xF1, 0x80, 0xC0, 0x15, 0xBE, 0xCF, 0x7E, 0xEF, 0xEA, 0xAD, 0x77, 0x2B, 0xD1, 0xF7, 0xFB,
    0xBF, 0x88, 0x55, 0x41, 0xF5, 0x9D, 0x2F, 0xF6, 0x4B, 0xE3, 0xB0, 0x4F, 0x59, 0x90, 0x09, 0x4A,
    0x1F, 0xE4, 0xC1, 0x99, 0xE9, 0xE5, 0x59, 0x4B, 0xEC, 0x2C, 0xD9, 0x9A, 0x25, 0x65, 0x86, 0x55,
    0x41, 0x95, 0x5B, 0xA2, 0xC2, 0x02, 0x90, 0xFC, 0x8D, 0xE8, 0xEE, 0xFB, 0x22, 0xAD, 0xEE, 0x26,
    0xBB, 0x1B, 0x9B, 0x2C, 0xDB, 0x4D, 0x4A, 0x66, 0x93, 0x5E, 0xBE, 0xC9, 0x16, 0x9B, 0x64, 0xCF,
    0x0D, 0x89, 0xDD, 0x10, 0xCA, 0x33, 0xDD, 0x95, 0xE9, 0x75, 0xAE, 0xBE, 0x2B, 0x2C, 0xC4, 0x3D,
    0xC4, 0xAE, 0x48, 0xAE, 0xE8, 0x14, 0x52, 0x74, 0x1A, 0xD9, 0xDA, 0xB7, 0x6D, 0xC9, 0xF5, 0xFD,
    0x42, 0x31, 0x60, 0x27, 0x03, 0xB0, 0xF7, 0x1F, 0x0E, 0x6B, 0x2D, 0xD6, 0x58, 0xBA, 0xDA, 0x92,
    0x58, 0xCB, 0xCA, 0xEA, 0x6C, 0x52, 0xC9, 0x85, 0xC9, 0x64, 0x29, 0x1F, 0x3C, 0x50, 0x7E, 0x2D,
    0xD8, 0x09, 0x2C, 0xAE, 0xD9, 0xCC, 0xD9, 0xEC, 0x8A, 0xAD, 0x69, 0x1B, 0x60, 0x61, 0x0A, 0x0F,
    0x6E, 0x16, 0x6A, 0x5B, 0x2A, 0x3C, 0x95, 0x66, 0x88, 0x43, 0xA1, 0x82, 0x9D, 0x21, 0xD3, 0xAD,
    0xF8, 0xB6, 0x25, 0x3A, 0x18, 0x79, 0x86, 0xCE, 0xEB, 0x87, 0x74, 0xEA, 0x50, 0xC1, 0x70, 0x88,
    0x38, 0xDF, 0x53, 0x0C, 0x91, 0x7A, 0xC9, 0x2E, 0x53, 0x72, 0x66, 0x19, 0xCA, 0x26, 0x05, 0x0E,
    0x19, 0xA2, 0xA9, 0x21, 0xF3, 0x8C, 0x89, 0xC7, 0x96, 0xE4, 0x9F, 0x2D, 0xAD, 0xBE, 0x25, 0xDD,
    0x11, 0x4C, 0xE5, 0xF7, 0xC5, 0xE9, 0x92, 0x57, 0x67, 0x83, 0xD6, 0x8C, 0x1B, 0xB5, 0x86, 0xBD,
    0x51, 0x23, 0x8D, 0x8A, 0x96, 0xA0, 0xDA, 0x8A, 0x0A, 0xE4, 0xCA, 0xF6, 0x73, 0x45, 0xE8, 0x5C,
    0x11, 0xEC, 0x3F, 0x57, 0x70, 0x5D, 0x7E, 0x33, 0x43, 0x1F, 0xB4, 0x5C, 0xBB, 0xB9, 0xA7, 0x63,
    0xDD, 0xE0, 0x10, 0x5E, 0xD9, 0x24, 0x73, 0x43, 0x32, 0xB9, 0x2A, 0x1A, 0x30, 0x43, 0xFC, 0xDA,
    0xFC, 0x93, 0x1A, 0x16, 0x5D, 0x82, 0x7E, 0x97, 0x48, 0x30, 0xCB, 0xBB, 0x34, 0xF1, 0x38, 0x90,
    0x95, 0x0D, 0x88, 0xDC, 0x00, 0xCA, 0x5D, 0x60, 0x82, 0x32, 0x8C, 0x37, 0xAA, 0x29, 0x13, 0x68,
    0x09, 0x67, 0x43, 0xA6, 0x51, 0x50, 0x2A, 0x08, 0x2C, 0x6C, 0x43, 0x15, 0x38, 0xBA, 0xE5, 0xC9,
    0x6D, 0x56, 0xAA, 0x9C, 0xC4, 0xCF, 0x63, 0x28, 0x51, 0xCE, 0x2B, 0x10, 0x6B, 0x64, 0x05, 0x93,
    0x28, 0xE7, 0x96, 0x4E, 0xD5, 0x97, 0x05, 0x63, 0x9D, 0x2E, 0xC5, 0xBA, 0x8E, 0xFC, 0xBB, 0xFC,
    0x2D, 0x32, 0xB1, 0xC6, 0x0A, 0x4E, 0xCD, 0x02, 0xD2, 0xF1, 0x26, 0x50, 0xCA, 0x41, 0x0B, 0x89,
    0x47, 0x49, 0x9F, 0x64, 0xFD, 0x8E, 0x45, 0x62, 0xC0, 0x86, 0x90, 0x22, 0x15, 0x92, 0x0B, 0x89,
    0x85, 0x24, 0xEB, 0xB7, 0x07, 0xD2, 0xA4, 0x6D, 0x40, 0x07, 0x8F, 0x80, 0x01, 0xA1, 0x06, 0xE2,
    0x62, 0x7A, 0x37, 0x53, 0xC4, 0x73, 0x36, 0xDE, 0xB7, 0xD9, 0xAA, 0x4D, 0xF1, 0xB0, 0x72, 0xC1,
    0x7A, 0x19, 0x7B, 0x11, 0x7B, 0x28, 0x0D, 0xDB, 0x43, 0xB5, 0x97, 0x0D, 0x96, 0x65, 0x6D, 0xD5,
    0x38, 0xD6, 0xF1, 0x0F, 0x62, 0xCD, 0x37, 0x05, 0x57, 0x62, 0xDD, 0x1A, 0xC5, 0xBA, 0x2D, 0x6B,
    0xCC, 0xFA, 0xB1, 0x66, 0x20, 0xB8, 0x25, 0x58, 0x3D, 0x58, 0xAF, 0xEE, 0x89, 0xBC, 0x6A, 0x45,
    0x97, 0x8A, 0x15, 0x4C, 0x05, 0xAB, 0x5D, 0xAA, 0xF1, 0x80, 0xA5, 0x68, 0x2A, 0x2F, 0xD7, 0x3D,
    0x2C, 0x2F, 0xBF, 0xB7, 0x77, 0xAF, 0xBD, 0x4C, 0x37, 0xD6, 0x6C, 0x08, 0xCA, 0xB5, 0x65, 0x85,
    0xFF, 0xFE, 0xBA, 0xEC, 0xB1, 0xD3, 0x8A, 0x2F, 0xEB, 0x38, 0x8F, 0x75, 0x28, 0x63, 0x32, 0x14,
    0x4C, 0x05, 0x61, 0xFA, 0x6C, 0xF3, 0xDB, 0x7D, 0xE5, 0xFA, 0xC9, 0x9A, 0x5E, 0x86, 0xEA, 0x02,
    0xCA, 0x15, 0xEA, 0x45, 0xBB, 0x82, 0x5D, 0xC6, 0xD6, 0x23, 0xA3, 0x7E, 0x3D, 0x2F, 0x59, 0x18,
    0x43, 0x95, 0x4B, 0x3B, 0x3B, 0x3B, 0x97, 0x4E, 0xB1, 0xE4, 0xBF, 0x38, 0x7B, 0xED, 0xB2, 0xBF,
    0xDE, 0xFB, 0x3D, 0xD7, 0x3C, 0x17, 0x39, 0xD4, 0x4D, 0x14, 0x28, 0x4D, 0x64, 0x60, 0x04, 0x09,
    0xC4, 0x79, 0x23, 0x2A, 0x9A, 0xA2, 0xEB, 0x2F, 0xE5, 0x91, 0x83, 0xF2, 0x03, 0x78, 0x84, 0xEE,
    0xB2, 0x70, 0xD8, 0xA7, 0x45, 0x2D, 0x4F, 0x09, 0x4D, 0x0A, 0xDD, 0x65, 0x48, 0x9D, 0x05, 0x09,
    0x3E, 0x58, 0x62, 0x7E, 0xAC, 0x19, 0x5A, 0x23, 0xBA, 0x75, 0x76, 0x14, 0x1B, 0x31, 0x8D, 0x92,
    0x26, 0x1B, 0xF1, 0xF9, 0x1F, 0x13, 0xE5, 0x47, 0x40, 0x00, 0x6D, 0xF3, 0xF4, 0xD7, 0xED, 0x36,
    0x1B, 0xB5, 0xB7, 0xAC, 0x78, 0x1F, 0x16, 0x08, 0x20, 0x1B, 0x70, 0x67, 0x0F, 0xAB, 0xF4, 0x9D,
    0x2F, 0x15, 0xD9, 0x3F, 0x98, 0x80, 0x3C, 0x26, 0xA3, 0xCB, 0x0E, 0xDB, 0x1B, 0xC9, 0x20, 0xC0,
    0xFF, 0xDA, 0xE1, 0xB5, 0x4B, 0xD9, 0xA0, 0x49, 0xF3, 0x7C, 0x6D, 0x84, 0xBE, 0x74, 0x7A, 0x9A,
    0x26, 0x02, 0xEC, 0xC0, 0x6B, 0x9A, 0x6C, 0x48, 0xB0, 0x0D, 0x0A, 0x62, 0x16, 0xE8, 0xE5, 0xBF,
    0x6F, 0xB0, 0x6C, 0xD0, 0x60, 0x79, 0x81, 0x76, 0xFE, 0x99, 0xFE, 0x99, 0x1D, 0xD7, 0x7D, 0x6A,
    0x48, 0xFA, 0x4C, 0xA8, 0xD3, 0x52, 0xBE, 0x72, 0x91, 0x78, 0x1F, 0xB4, 0xF7, 0x29, 0xE1, 0x9E,
    0xA6, 0xC1, 0x11, 0x00, 0x1B, 0xD0, 0x5C, 0x25, 0x19, 0x11, 0xAC, 0x43, 0x0C, 0x73, 0x2F, 0x7B,
    0x01, 0xB2, 0x82, 0x5F, 0xB1, 0xB0, 0x01, 0x29, 0x2C, 0x83, 0xB3, 0x7E, 0xD7, 0x97, 0x78, 0x30,
    0x4C, 0x3A, 0x3E, 0x65, 0x39, 0xF3, 0x2C, 0xED, 0xA1, 0x8F, 0x1B, 0xA9, 0xCF, 0xDB, 0xB7, 0x8C,
    0xD3, 0x17, 0xFA, 0x58, 0x1A, 0xE0, 0xEE, 0xDA, 0xD9, 0x07, 0x0D, 0x86, 0xF2, 0x98, 0xE6, 0x85,
    0x22, 0x19, 0x17, 0xC1, 0x7A, 0x31, 0xAF, 0xF4, 0x00, 0xE0, 0x97, 0xDF, 0x04, 0x2F, 0x76, 0xC8,
    0xF6, 0x80, 0x78, 0x48, 0xE0, 0x34, 0x44, 0xB7, 0x8A, 0x05, 0x82, 0xC0, 0xF4, 0x0A, 0x82, 0x7F,
    0xF9, 0x4F, 0x4B, 0xE9, 0x1F, 0x0B, 0x4B, 0xFB, 0x87, 0xDA, 0x6E, 0x7E, 0x7E, 0x8C, 0x4D, 0xB1,
    0x2F, 0x9A, 0x1A, 0xEF, 0xB9, 0x22, 0x7E, 0xDB, 0x48, 0x3B, 0x57, 0x00, 0x0B, 0x30, 0x79, 0x04,
    0xCE, 0xAE, 0xD1, 0x76, 0x5A, 0xE8, 0x16, 0x4D, 0x14, 0x31, 0x49, 0xDA, 0xD8, 0xF9, 0xDA, 0x92,
    0x17, 0xF0, 0x53, 0xDF, 0xEA, 0x8D, 0xCF, 0x9E, 0x27, 0xE0, 0xCE, 0x45, 0xB2, 0x31, 0x81, 0x66,
    0x35, 0xE4, 0xCE, 0xBA, 0x96, 0xFB, 0x3F, 0xE8, 0xD0, 0x73, 0x04, 0xAB, 0xC7, 0x0D, 0x7C, 0x4F,
    0x61, 0x76, 0x50, 0x18, 0x38, 0x0D, 0xC7, 0x89, 0x7E, 0x3F, 0x3D, 0xA0, 0x49, 0xD3, 0x47, 0xBF,
    0xE7, 0x1E, 0x26, 0xFA, 0x3D, 0x31, 0x8D, 0x22, 0xE4, 0xFA, 0xF0, 0xD1, 0xE2, 0x33, 0x82, 0x5B,
    0x20, 0xD7, 0x63, 0x45, 0x54, 0x00, 0x9C, 0x04, 0x12, 0x7F, 0xE5, 0x58, 0x11, 0x16, 0x4C, 0xC6,
    0x27, 0x05, 0x3E, 0xCB, 0x71, 0xDD, 0x7D, 0x88, 0xDF, 0xFE, 0xDC, 0x40, 0x08, 0x3C, 0x94, 0x5F,
    0x3D, 0x41, 0x17, 0xA5, 0xE5, 0x3A, 0xEF, 0x99, 0x81, 0x3B, 0x38, 0x33, 0xB0, 0x63, 0x12, 0xFD,
    0x9E, 0xB7, 0x3B, 0xF6, 0x67, 0x05, 0x58, 0x97, 0x03, 0x06, 0xE0, 0xB6, 0xA7, 0x6D, 0x4F, 0x82,
    0x39, 0x8E, 0x10, 0x42, 0x53, 0x27, 0xE9, 0x2B, 0xDD, 0x24, 0x32, 0x0D, 0xB0, 0xCD, 0xE7, 0x21,
    0x19, 0xC2, 0xB2, 0x86, 0x95, 0xDF, 0x01, 0xB5, 0x0F, 0x68, 0x20, 0xFB, 0x77, 0xBB, 0xFD, 0x7A,
    0x77, 0x67, 0xA3, 0xB1, 0x51, 0xDE, 0x68, 0x85, 0x56, 0x45, 0x9A, 0xE8, 0x4F, 0x08, 0x47, 0x50,
    0x26, 0x90, 0xBF, 0x9A, 0x0F, 0xFE, 0xDA, 0xDD, 0xF8, 0xFF, 0x3F, 0x6E, 0x45, 0x7F, 0xAC, 0xC2,
    0x7D, 0xA2, 0x77, 0x09, 0xC7, 0x50, 0xB6, 0x87, 0x3E, 0xDD, 0xFB, 0x7D, 0xD1, 0xD4, 0x46, 0xB4,
    0xD6, 0xBD, 0x8F, 0xB2, 0xA5, 0x5C, 0x40, 0x6E, 0xE4, 0x67, 0x6D, 0x04, 0x9A, 0xC4, 0xEC, 0x0D,
    0x6C, 0x6A, 0xD3, 0xDD, 0xCD, 0xC4, 0xAA, 0xE2, 0x05, 0xF6, 0x50, 0x45, 0x60, 0xD9, 0xC1, 0x72,
    0x29, 0x19, 0xD2, 0xDA, 0x03, 0x05, 0xB1, 0xF6, 0xA0, 0xD8, 0x6A, 0xD1, 0x1B, 0x92, 0xF5, 0x89,
    0xFA, 0x60, 0x61, 0x17, 0x52, 0x28, 0x93, 0x0C, 0x68, 0xBD, 0x0E, 0xCA, 0xC3, 0xA2, 0xB0, 0x18,
    0xB1, 0xF8, 0xC2, 0xA4, 0x23, 0x5B, 0x8A, 0xDE, 0x1E, 0xD9, 0x80, 0xA8, 0x20, 0x30, 0x60, 0x01,
    0x56, 0x43, 0x6D, 0xA3, 0xC2, 0x43, 0x29, 0x97, 0x06, 0xB5, 0xD7, 0x29, 0x0D, 0xA8, 0x89, 0x26,
    0x29, 0x1A, 0xCA, 0xD3, 0x64, 0x8F, 0x78, 0xC8, 0x49, 0x48, 0x60, 0x0B, 0xEC, 0x04, 0x44, 0xA4,
    0xB5, 0xBC, 0xB5, 0xAE, 0x95, 0x83, 0xDF, 0x84, 0x18, 0x4A, 0xB9, 0xE7, 0x1B, 0xEA, 0x78, 0x9F,
    0xEC, 0x2F, 0xD8, 0x82, 0x4D, 0x48, 0xCB, 0xF8, 0x05, 0x9F, 0xF7, 0xF7, 0x1B, 0x8B, 0x6C, 0xD6,
    0xF4, 0xB4, 0xCB, 0x45, 0x88, 0xA7, 0x76, 0xAA, 0x02, 0x75, 0x48, 0x05, 0xB2, 0x22, 0xFD, 0x6B,
    0x93, 0x5A, 0xDB, 0xD8, 0xB1, 0x69, 0xD3, 0x8A, 0x4A, 0x37, 0x03, 0xA3, 0x5E, 0x2A, 0x4A, 0x4E,
    0x53, 0x06, 0x60, 0x19, 0xB6, 0x08, 0xAC, 0x5F, 0xB2, 0xD2, 0xAC, 0x40, 0x0A, 0x9B, 0xD0, 0x15,
    0x1A, 0xD2, 0xBA, 0x98, 0xAB, 0x31, 0x68, 0xE2, 0x01, 0x99, 0xCC, 0xBF, 0x4A, 0x63, 0x89, 0xB4,
    0xE9, 0x25, 0x1D, 0x17, 0x84, 0x16, 0xAE, 0xC3, 0x0A, 0x28, 0x3C, 0xD4, 0xE0, 0x14, 0x01, 0x99,
    0x79, 0xAD, 0x6B, 0x1B, 0xAF, 0x75, 0x33, 0x13, 0xD0, 0x1D, 0x76, 0xE1, 0xE9, 0x10, 0xD8, 0x8C,
    0xC1, 0x8B, 0x09, 0xD4, 0x08, 0x40, 0x7F, 0xF8, 0x13, 0x46, 0xE0, 0x12, 0x80, 0x9D, 0x91, 0x47,
    0xC2, 0x94, 0x53, 0x00, 0x54, 0x0F, 0xD1, 0x47, 0x7E, 0x46, 0x12, 0x00, 0x4C, 0xDD, 0xCA, 0x97,
    0x86, 0x40, 0x70, 0xE3, 0xAB, 0x00, 0xBD, 0x9F, 0x01, 0x2C, 0xF6, 0x1E, 0xED, 0x88, 0x8F, 0x66,
    0x63, 0x00, 0xCA, 0x20, 0xF1, 0x1C, 0xDE, 0x9C, 0x01, 0x67, 0x78, 0x04, 0x9C, 0x4F, 0xF2, 0x34,
    0xCC, 0x98, 0x9E, 0xF6, 0xB6, 0x4C, 0x39, 0x0B, 0x9C, 0x05, 0xE7, 0xDC, 0xB5, 0x9B, 0x9D, 0x92,
    0xC6, 0xC3, 0x6F, 0x50, 0x73, 0x45, 0xF6, 0xB6, 0xCD, 0xF4, 0x6E, 0xA2, 0x1B, 0x27, 0x68, 0x40,
    0x97, 0xE9, 0x01, 0xC0, 0x3D, 0xCE, 0xA4, 0xE1, 0x9D, 0x49, 0xE9, 0x2D, 0x53, 0x0D, 0xFA, 0x46,
    0x1D, 0x38, 0x92, 0xC2, 0xB0, 0x80, 0x09, 0xDF, 0xEC, 0x9B, 0xE0, 0xA6, 0xDC, 0xD7, 0x81, 0x93,
    0x07, 0xE6, 0x57, 0x87, 0xFD, 0x2E, 0x81, 0xED, 0x12, 0x8D, 0xBA, 0x64, 0xDF, 0xEC, 0xD2, 0x2C,
    0x0D, 0x68, 0x86, 0xF7, 0x4B, 0x6B, 0xEE, 0x75, 0x78, 0xD9, 0x14, 0x13, 0xC1, 0x18, 0x0B, 0x13,
    0x94, 0x35, 0x59, 0x6A, 0xCE, 0xDE, 0x7F, 0x8E, 0xE1, 0xBD, 0x73, 0x3C, 0xDD, 0xE9, 0x98, 0x9A,
    0x73, 0xA6, 0x6D, 0xF7, 0x46, 0x54, 0x51, 0x28, 0x5E, 0x88, 0x47, 0x71, 0x3F, 0x66, 0xFA, 0xF5,
    0x2E, 0x30, 0xFF, 0x9C, 0x1C, 0x1E, 0xB1, 0xB8, 0x4B, 0xE0, 0x86, 0xCC, 0xDC, 0xDF, 0x10, 0x5E,
    0xDB, 0x62, 0x89, 0x3A, 0xEA, 0xC6, 0x75, 0xBC, 0x3B, 0x3C, 0x7D, 0xED, 0xA7, 0x28, 0xE7, 0xEE,
    0x4D, 0x2E, 0x45, 0x48, 0x4D, 0x6B, 0x49, 0x37, 0x05, 0x57, 0x0E, 0x25, 0x97, 0x07, 0xB3, 0x06,
    0x82, 0x82, 0x2F, 0x9C, 0x06, 0x28, 0xC2, 0x1C, 0x00, 0xFF, 0x33, 0x28, 0x00, 0x32, 0x67, 0xBE,
    0xC0, 0xCB, 0xF3, 0x80, 0xB4, 0x84, 0x27, 0xA5, 0x85, 0xFF, 0xCB, 0xA5, 0x85, 0xC7, 0x10, 0x6C,
    0x1C, 0x51, 0xAF, 0x78, 0x54, 0xC1, 0xCA, 0xC7, 0x5C, 0x79, 0xF8, 0x84, 0x9C, 0xCA, 0x7F, 0x74,
    0xEE, 0x7F, 0xCE, 0x3A, 0xD5, 0xE3, 0xAF, 0xFC, 0x7C, 0x0C, 0xD5, 0xDA, 0x0F, 0x5F, 0x77, 0x7B,
    0xC8, 0xFA, 0xD4, 0x93, 0xB8, 0xE4, 0x49, 0xF4, 0x39, 0xFF, 0x88, 0x9F, 0x9C, 0x83, 0xB9, 0x0F,
    0x93, 0xF1, 0x3E, 0xE8, 0xD4, 0xEE, 0xB1, 0x9C, 0xA1, 0xCD, 0x4E, 0x19, 0x8F, 0x7B, 0x68, 0x78,
    0xEF, 0xD9, 0xE4, 0x87, 0x3A, 0x49, 0x7C, 0xE0, 0x39, 0xD8, 0xBC, 0xC7, 0xC9, 0x68, 0xC2, 0x82,
    0xF2, 0x98, 0xD7, 0xA4, 0xFB, 0x7F, 0xE5, 0x8B, 0xEB, 0x9A, 0x80, 0x63, 0x9F, 0x0A, 0x1E, 0x3A,
    0x5B, 0xFC, 0xF9, 0x33, 0xBB, 0x27, 0xE5, 0xE8, 0x27, 0xE5, 0xE8, 0x27, 0xE5, 0xE8, 0x27, 0xE5,
    0xE8, 0xB9, 0xCB, 0xD1, 0x4F, 0xEA, 0xCC, 0x1F, 0x57, 0x9D, 0xF9, 0xB8, 0xD5, 0xE3, 0x4F, 0x74,
    0xB1, 0xF6, 0x43, 0xD7, 0xBD, 0xD5, 0xA0, 0x3D, 0x68, 0x5D, 0x6F, 0xDB, 0x46, 0x3D, 0x26, 0x5D,
    0x8E, 0x49, 0x76, 0x15, 0xF1, 0xED, 0x1E, 0x49, 0xCF, 0xB1, 0x1B, 0xC4, 0x58, 0x04, 0x5B, 0x31,
    0xAF, 0xB7, 0x63, 0x92, 0x71, 0x0C, 0xCF, 0x0B, 0x2A, 0xE0, 0x34, 0x4C, 0xCE, 0x1D, 0x7C, 0x3C,
    0x58, 0x25, 0x58, 0xFB, 0x2A, 0xCA, 0x8D, 0x29, 0xDD, 0xFE, 0x2A, 0x6C, 0x55, 0xA1, 0x22, 0xB8,
    0x54, 0xA5, 0xD9, 0xAC, 0x92, 0x0D, 0xAB, 0xC4, 0x85, 0xB4, 0x31, 0x55, 0xD8, 0x05, 0xCA, 0x7C,
    0x6C, 0xC7, 0x74, 0x1F, 0xD3, 0x61, 0xDC, 0x63, 0x38, 0xE6, 0x9C, 0xF7, 0x00, 0x56, 0x6C, 0x83,
    0x1B, 0x8B, 0x71, 0x70, 0x63, 0x6F, 0x1D, 0x68, 0x79, 0xE2, 0xED, 0x03, 0xA4, 0x91, 0xEB, 0x8B,
    0x85, 0xB8, 0x6D, 0xBD, 0x89, 0xE8, 0x7A, 0x1B, 0xD1, 0xF5, 0x46, 0x62, 0x87, 0x89, 0xF1, 0x16,
    0x47, 0xE0, 0xEF, 0xFC, 0x3B, 0xCF, 0x30, 0x7B, 0x05, 0xFA, 0x3E, 0xEF, 0x3F, 0x1F, 0xAA, 0xED,
    0xCE, 0xFF, 0x72, 0xC0, 0xFD, 0x8F, 0x51, 0xA5, 0x4A, 0x71, 0xFF, 0x3A, 0xEC, 0xA1, 0xF7, 0xB3,
    0x9F, 0x14, 0x9B, 0xFE, 0x37, 0x15, 0x9B, 0xBC, 0x18, 0x0E, 0x60, 0x37, 0xD6, 0xCD, 0x75, 0x5D,
    0x73, 0xD3, 0xED, 0x6D, 0x26, 0xB4, 0x47, 0x24, 0x86, 0xD0, 0xC0, 0x00, 0x36, 0x00, 0xD6, 0xD6,
    0xB4, 0x73, 0xC5, 0xC5, 0x2B, 0xBA, 0x09, 0x29, 0x34, 0xF0, 0x34, 0x59, 0x25, 0x76, 0xF0, 0x4B,
    0x05, 0x51, 0x41, 0x29, 0x07, 0x40, 0x2F, 0x46, 0x45, 0xED, 0x9D, 0xA2, 0xE5, 0xF2, 0x74, 0x01,
    0xBF, 0x76, 0xD8, 0xC2, 0xEF, 0x83, 0x72, 0x39, 0xCF, 0xF9, 0x96, 0x1E, 0xE0, 0x23, 0x79, 0x27,
    0xE0, 0x70, 0x09, 0x6D, 0xCE, 0x3A, 0xE8, 0xE3, 0x7E, 0x09, 0xE0, 0xC9, 0x4B, 0x00, 0xF3, 0xBC,
    0x4E, 0xF8, 0xB8, 0xDF, 0x15, 0x98, 0xFF, 0xED, 0xBA, 0x47, 0xFE, 0x92, 0x5B, 0x21, 0xFB, 0x93,
    0x83, 0xC1, 0xAB, 0xA6, 0xD7, 0xCC, 0x6C, 0xF5, 0x47, 0x3A, 0x45, 0x44, 0x1D, 0xDC, 0xD1, 0xA2,
    0x95, 0x5E, 0x29, 0x41, 0x0B, 0x32, 0x41, 0xE9, 0x63, 0x65, 0xA7, 0x2E, 0xB3, 0x83, 0x57, 0xC4,
    0x42, 0xF4, 0x30, 0x17, 0x35, 0xF4, 0x5A, 0xE8, 0x95, 0xF0, 0x65, 0x45, 0xDB, 0x88, 0x0A, 0x12,
    0x0E, 0x78, 0x46, 0x92, 0xDE, 0x01, 0xB1, 0xCB, 0x25, 0xEB, 0x37, 0x25, 0xED, 0xBF, 0x35, 0x9D,
    0xE9, 0x4C, 0xE8, 0x09, 0x9C, 0x63, 0xEF, 0xBB, 0xD3, 0x45, 0xD7, 0x86, 0xA8, 0xCB, 0xD4, 0xF1,
    0x50, 0x7B, 0xD1, 0x94, 0x5C, 0x4E, 0x19, 0x9F, 0x3E, 0x75, 0x34, 0xF0, 0x81, 0xFD, 0x97, 0x34,
    0x14, 0xFF, 0x78, 0xE7, 0xE5, 0xE8, 0xC6, 0x10, 0x67, 0x0E, 0xFE, 0x47, 0x45, 0xE7, 0x55, 0x34,
    0xD4, 0xAC, 0xCB, 0xE7, 0x4C, 0x3C, 0xB5, 0xF4, 0x01, 0x80, 0x60, 0x0D, 0x51, 0x6A, 0x44, 0xA9,
    0x11, 0xA5, 0x46, 0x94, 0x9A, 0x58, 0x1B, 0x44, 0xA9, 0xC1, 0xE5, 0xB0, 0x00, 0xCE, 0x0D, 0xF1,
    0x15, 0x24, 0x2E, 0xE4, 0x3E, 0xE3, 0xF4, 0x09, 0x27, 0x29, 0x82, 0x65, 0x7C, 0xB6, 0x99, 0x4B,
    0xB2, 0xA9, 0x25, 0xD7, 0xF4, 0xA9, 0xA6, 0xCF, 0x34, 0x49, 0xC6, 0x10, 0x1A, 0x60, 0x38, 0xCB,
    0x32, 0xC5, 0xFB, 0x8A, 0xD0, 0xBE, 0x0B, 0x00, 0x0B, 0x80, 0x2B, 0x90, 0x1C, 0x13, 0xC9, 0x31,
    0xA9, 0xD3, 0x43, 0x72, 0x4C, 0x24, 0xC7, 0x9C, 0x8E, 0x37, 0xE8, 0x5D, 0x35, 0x95, 0xA8, 0xF8,
    0x79, 0xA8, 0xCA, 0x1A, 0xBE, 0xA3, 0x4B, 0x63, 0x28, 0xE3, 0xC6, 0xB2, 0x60, 0x80, 0xB3, 0xB1,
    0xCB, 0xD6, 0x52, 0xFC, 0xB7, 0x8A, 0xCA, 0xA3, 0x02, 0x92, 0x82, 0x3D, 0x8B, 0xED, 0xB2, 0xBB,
    0xC1, 0xB2, 0xA5, 0x64, 0xE8, 0xE5, 0x6C, 0xA1, 0xB3, 0xE7, 0x4C, 0xEC, 0xB7, 0x94, 0x69, 0x03,
    0x01, 0x43, 0x57, 0x93, 0xF8, 0x1C, 0x89, 0x14, 0x81, 0x22, 0xB9, 0x50, 0xC4, 0x6E, 0x32, 0x00,
    0xD3, 0xB9, 0x02, 0xB0, 0xB8, 0x46, 0xE6, 0x74, 0x76, 0x05, 0x05, 0x6E, 0x9F, 0xDE, 0xAB, 0x54,
    0x98, 0x41, 0x15, 0x96, 0x82, 0x5C, 0x9C, 0xC9, 0xC4, 0x97, 0x7B, 0x7D, 0xEA, 0x89, 0x3E, 0x55,
    0x30, 0xCC, 0xF0, 0x47, 0xBA, 0x8A, 0x13, 0x8F, 0x73, 0x47, 0x97, 0x9C, 0x81, 0xB2, 0x20, 0x33,
    0xFC, 0x40, 0x05, 0x35, 0x65, 0xE2, 0xB1, 0x64, 0x3A, 0xB4, 0xFA, 0xA4, 0x3B, 0xA4, 0x29, 0xC9,
    0xC5, 0xC2, 0x4F, 0x7A, 0x95, 0x9A, 0x91, 0xCC, 0xE6, 0x2B, 0x8D, 0x94, 0x56, 0x8A, 0xDA, 0x82,
    0x14, 0xB6, 0xCF, 0x87, 0x6E, 0x3F, 0xD8, 0x3F, 0xCF, 0x16, 0x6E, 0x8C, 0x04, 0x6D, 0xB1, 0x66,
    0x06, 0x57, 0x74, 0xE6, 0x8A, 0xEC, 0x8A, 0x56, 0xE0, 0x46, 0x5C, 0x7D, 0x77, 0x52, 0x08, 0xC2,
    0x4B, 0x28, 0xA7, 0x89, 0x40, 0xAE, 0xBE, 0xDD, 0x8F, 0xBC, 0xFB, 0xE3, 0x83, 0x84, 0xE3, 0x15,
    0x00, 0xBD, 0xA0, 0x86, 0xE3, 0x6C, 0xFD, 0x46, 0xAA, 0x74, 0xAA, 0x48, 0x97, 0xA8, 0x1F, 0x44,
    0x2E, 0x16, 0x98, 0xA9, 0x23, 0x67, 0xF0, 0xBE, 0x78, 0xBA, 0x71, 0x7A, 0xC5, 0x6F, 0x9C, 0x66,
    0x95, 0xD2, 0x10, 0xB5, 0xC7, 0xB2, 0xA2, 0x1A, 0x13, 0xFF, 0x00, 0xBE, 0x09, 0x2B, 0xB4, 0x46,
    0xB4, 0x0D, 0x59, 0x1F, 0x06, 0xB0, 0x75, 0x90, 0xE6, 0xD0, 0xBB, 0x49, 0xAD, 0xA0, 0x62, 0xA9,
    0xA4, 0x54, 0xAA, 0xD2, 0x45, 0x2F, 0x89, 0x90, 0x67, 0xFB, 0x38, 0xE8, 0xDC, 0x95, 0xD4, 0x01,
    0x36, 0x10, 0xDA, 0xB2, 0x64, 0x77, 0x7E, 0x2F, 0x5B, 0x1F, 0x28, 0x74, 0x9C, 0x73, 0xB8, 0x5A,
    0x39, 0xF2, 0xF9, 0xD2, 0x45, 0x94, 0x23, 0x59, 0x63, 0x19, 0xAA, 0x8B, 0xAB, 0xCA, 0x8D, 0xD4,
    0x95, 0xF3, 0x2B, 0xB0, 0xCC, 0x74, 0x15, 0x87, 0xD2, 0x85, 0xCE, 0x54, 0x19, 0xD1, 0x01, 0xF1,
    0x28, 0x33, 0x62, 0x3C, 0x06, 0x62, 0x3B, 0x52, 0x6F, 0x3A, 0xBC, 0xE5, 0xF0, 0x86, 0xC3, 0xDB,
    0x0D, 0x6F, 0x36, 0x7C, 0x1B, 0x1F, 0x3F, 0x6A, 0x1F, 0x3F, 0x72, 0x6F, 0xFC, 0xF8, 0x06, 0x12,
    0x3F, 0xBA, 0x3C, 0x74, 0xEE, 0x06, 0x3E, 0x7E, 0x64, 0x92, 0x64, 0x72, 0x88, 0xA8, 0x01, 0xAD,
    0xEB, 0x34, 0xEA, 0xA4, 0xCB, 0x24, 0xBB, 0xC4, 0xB7, 0x9F, 0x4F, 0x7A, 0xA3, 0x5D, 0xB4, 0x05,
    0xDB, 0x92, 0xC4, 0x82, 0x64, 0x0C, 0xCF, 0x83, 0x82, 0xD3, 0x13, 0x7D, 0xC8, 0x81, 0x60, 0x4D,
    0x16, 0x62, 0x4B, 0xB7, 0x57, 0xD9, 0x82, 0x0A, 0x2C, 0xD1, 0x6C, 0x92, 0x0D, 0x89, 0x27, 0x51,
    0xD6, 0x2E, 0x94, 0x99, 0x19, 0x96, 0x4C, 0xBE, 0x89, 0x8E, 0x01, 0xF8, 0xF4, 0x2B, 0xD9, 0xF0,
    0x17, 0x1F, 0xF4, 0x86, 0x72, 0x5A, 0xC2, 0x71, 0x24, 0x55, 0x40, 0x1D, 0x3C, 0xE4, 0x05, 0x2C,
    0x80, 0xA4, 0x0A, 0xD4, 0xA4, 0xFD, 0x21, 0x55, 0x7C, 0x8B, 0xD4, 0x07, 0xFC, 0xA4, 0xF5, 0xDC,
    0xAB, 0xA2, 0x17, 0xB1, 0x34, 0xCC, 0x6B, 0xAE, 0x38, 0x60, 0x2D, 0x6C, 0xCB, 0xCA, 0x09, 0xEB,
    0x2B, 0xA4, 0xA5, 0x82, 0x6A, 0x70, 0x2F, 0x6B, 0x89, 0xF4, 0x91, 0x48, 0x9F, 0x83, 0x48, 0x7F,
    0xA2, 0x90, 0x7D, 0x02, 0x4B, 0x34, 0x92, 0x20, 0x9F, 0x66, 0x29, 0x6F, 0x86, 0x22, 0xFA, 0xA9,
    0x42, 0x3E, 0x8C, 0x49, 0x3E, 0x85, 0xDC, 0x0B, 0x9E, 0x86, 0xB9, 0xCD, 0xF2, 0xA7, 0xC5, 0x2C,
    0x37, 0xC5, 0x2C, 0x9F, 0xBB, 0x8F, 0x59, 0x3E, 0x81, 0xCA, 0xE7, 0x30, 0xCE, 0x27, 0x40, 0x69,
    0xA1, 0x47, 0x5B, 0xE9, 0x70, 0x12, 0xBF, 0xE6, 0xC7, 0x31, 0xD7, 0x87, 0x63, 0x82, 0x53, 0x3C,
    0xB4, 0xF9, 0xE6, 0x19, 0x98, 0xC6, 0x24, 0xC7, 0x32, 0xE5, 0x9F, 0x31, 0x90, 0x0E, 0xE1, 0xB3,
    0xC7, 0x30, 0xE5, 0x9C, 0x03, 0x9A, 0xFE, 0x3A, 0x87, 0x59, 0xE7, 0x12, 0x0C, 0x84, 0x3E, 0xD0,
    0xBE, 0x87, 0x3A, 0x2A, 0xC2, 0xFC, 0x48, 0x2B, 0x7F, 0x62, 0xFA, 0x24, 0x1D, 0x6D, 0xEE, 0x4F,
    0x97, 0xA7, 0x2D, 0x1F, 0x60, 0xF4, 0x01, 0x98, 0xC9, 0xFB, 0x48, 0x1F, 0x10, 0x82, 0xCA, 0x85,
    0x3E, 0x94, 0x33, 0x08, 0x05, 0x55, 0xEE, 0xAF, 0x1C, 0xED, 0x10, 0x4E, 0x4D, 0xD7, 0x77, 0x84,
    0x67, 0x60, 0x22, 0xF6, 0xEB, 0x42, 0x8F, 0xF0, 0x12, 0xB3, 0xF5, 0xCD, 0xE1, 0x31, 0x4E, 0x41,
    0x0D, 0x4F, 0xE7, 0x77, 0x1D, 0x41, 0x2E, 0xAC, 0x84, 0x1E, 0xE9, 0x43, 0x66, 0x4B, 0x3B, 0xD2,
    0x99, 0x9C, 0xDB, 0xA2, 0x55, 0xE5, 0xDC, 0xD1, 0xCE, 0x64, 0x26, 0x90, 0x23, 0xBD, 0xCA, 0xB9,
    0x21, 0x69, 0xCA, 0xB9, 0x87, 0xF4, 0x2A, 0x27, 0xBC, 0x7A, 0x72, 0x82, 0x63, 0xF9, 0x16, 0x42,
    0x0D, 0x71, 0xE1, 0xAF, 0xC7, 0xF6, 0x33, 0xE7, 0x3C, 0x69, 0x7E, 0x70, 0x07, 0xDC, 0x37, 0xE3,
    0x4A, 0x0E, 0x67, 0x5C, 0xCD, 0xD2, 0x34, 0xE3, 0x22, 0x1A, 0x98, 0x5D, 0x6A, 0x85, 0xD9, 0xA1,
    0x82, 0x01, 0xE6, 0xCC, 0xB8, 0x92, 0x9F, 0xCF, 0xB8, 0x9A, 0x04, 0xC3, 0x70, 0x1F, 0xDA, 0x4E,
    0x48, 0x69, 0x54, 0x87, 0x76, 0x0E, 0x6C, 0x02, 0x00, 0xF3, 0x25, 0x60, 0xB1, 0x85, 0xB6, 0x25,
    0x1A, 0x58, 0xE2, 0xC2, 0x12, 0xC0, 0x7D, 0x0B, 0x3F, 0x95, 0x69, 0xE1, 0xA7, 0xF6, 0xC5, 0xC9,
    0xE1, 0x79, 0x30, 0xDE, 0x24, 0xB6, 0xF2, 0x5B, 0x6F, 0xB2, 0x00, 0x47, 0x17, 0x72, 0x8A, 0x6D,
    0x02, 0xE7, 0x27, 0xFC, 0xA7, 0x84, 0xA3, 0x0A, 0xA5, 0x7E, 0x85, 0x80, 0x03, 0x19, 0xDE, 0x05,
    0x2C, 0x92, 0x2E, 0x3D, 0x9B, 0x39, 0x9B, 0xD6, 0xD6, 0x6C, 0xBD, 0x94, 0x5B, 0xE5, 0x0F, 0x33,
    0x7E, 0x50, 0xD8, 0xC0, 0x7D, 0xD9, 0x97, 0xCE, 0x2D, 0xE1, 0xD0, 0x52, 0xF2, 0x13, 0x9D, 0xEE,
    0x97, 0x64, 0x6B, 0x7B, 0x39, 0x17, 0x84, 0x7D, 0xCD, 0x09, 0x11, 0x03, 0x5B, 0x27, 0xC5, 0x93,
    0xB2, 0x10, 0xB1, 0xB1, 0xFB, 0x88, 0x91, 0xDD, 0x47, 0xAC, 0xEC, 0xB6, 0x98, 0xD9, 0x37, 0xF7,
    0xC9, 0xAE, 0xFD, 0xFD, 0xF7, 0x48, 0xC6, 0xD5, 0x3A, 0xA1, 0x59, 0xF8, 0x1F, 0x8B, 0x33, 0xF9,
    0x64, 0x36, 0x0B, 0x74, 0xA1, 0x57, 0x08, 0xF9, 0x57, 0xDB, 0xE5, 0x59, 0xFE, 0x72, 0x40, 0x4A,
    0x6F, 0x40, 0x95, 0x41, 0x97, 0xF8, 0x1D, 0xE3, 0x53, 0xCC, 0x3F, 0x1A, 0xC0, 0x42, 0x22, 0x24,
    0x18, 0x75, 0x21, 0x32, 0x42, 0x00, 0xFE, 0x1B, 0xC5, 0x9A, 0x01, 0x8C, 0x1C, 0xD7, 0x79, 0xDF,
    0x7F, 0x33, 0x73, 0xE4, 0x50, 0x1E, 0xF4, 0xDE, 0x21, 0x96, 0x15, 0xA2, 0xC2, 0xDD, 0x10, 0x00,
    0x93, 0xB2, 0xF2, 0xED, 0x4D, 0x01, 0x18, 0xC0, 0x0A, 0x78, 0xBB, 0x3B, 0xA2, 0x5C, 0x0B, 0xA8,
    0x80, 0xF0, 0xDA, 0xEA, 0x28, 0x14, 0x2C, 0x72, 0x6C, 0x0B, 0x14, 0x29, 0x62, 0x99, 0x6E, 0xAA,
    0xA2, 0x67, 0xF9, 0xA8, 0x1B, 0x5B, 0x40, 0x03, 0x34, 0xA8, 0x7D, 0x68, 0x43, 0x19, 0xAD, 0x10,
    0x88, 0x00, 0x5C, 0xC0, 0x39, 0x21, 0xB9, 0x6B, 0xB2, 0xA9, 0x4F, 0xCD, 0xF1, 0x76, 0x64, 0xA5,
    0x55, 0x03, 0xA0, 0xD6, 0xD8, 0xB5, 0x6C, 0xA0, 0x42, 0xE3, 0x21, 0x24, 0x5A, 0x32, 0x89, 0x98,
    0x4F, 0xF2, 0x9E, 0xB5, 0x24, 0x77, 0xF7, 0xF5, 0x7B, 0xB3, 0x47, 0x6E, 0x28, 0xC1, 0xF1, 0xF1,
    0x4C, 0x25, 0x77, 0xF3, 0x7D, 0x6F, 0xF7, 0xCD, 0x7C, 0xFF, 0x6F, 0xDE, 0x7B, 0xEF, 0xFB, 0x7F,
    0xDF, 0xDC, 0x9C, 0xB5, 0x76, 0xD0, 0x79, 0xE1, 0xCA, 0xDB, 0xD3, 0xC1, 0x37, 0x8A, 0xF7, 0xCB,
    0x8C, 0x88, 0x7A, 0xFE, 0x78, 0x11, 0x0E, 0x55, 0xC1, 0x54, 0xA7, 0x20, 0x7C, 0xB7, 0x40, 0x7D,
    0xB1, 0x00, 0x10, 0xBB, 0xB5, 0xB5, 0xEB, 0x60, 0x3C, 0xCC, 0x4A, 0xD7, 0x3C, 0x78, 0xC1, 0xA0,
    0xAA, 0x63, 0xDB, 0x44, 0xC6, 0x24, 0xA9, 0x99, 0xC0, 0x80, 0x49, 0x5E, 0xB6, 0xD9, 0xF6, 0xBB,
    0x36, 0x33, 0xED, 0x25, 0x36, 0x9F, 0x5C, 0x62, 0xD6, 0x2C, 0x11, 0x96, 0x4B, 0x74, 0xB2, 0x25,
    0x96, 0x59, 0xA2, 0xE9, 0xF7, 0x50, 0xB6, 0x87, 0x37, 0x94, 0xFE, 0xEE, 0x12, 0xB1, 0xF4, 0x1F,
    0xAA, 0xE0, 0x07, 0x6B, 0x2F, 0xBC, 0x4D, 0x90, 0xF3, 0x8B, 0x79, 0x68, 0xF3, 0xF8, 0x5C, 0xAA,
    0x41, 0x7B, 0x99, 0x0E, 0x4C, 0xFC, 0x88, 0x09, 0x6D, 0xE1, 0xDB, 0x3C, 0x29, 0xCA, 0x06, 0x06,
    0x10, 0x27, 0x6C, 0xFF, 0xD8, 0x62, 0x8C, 0xC1, 0x94, 0x86, 0x76, 0x6A, 0x48, 0x8C, 0x61, 0x6E,
    0xDE, 0xA0, 0x11, 0xF1, 0xE4, 0xBB, 0x35, 0x84, 0x43, 0x11, 0xE9, 0x6F, 0xC9, 0xF9, 0x3A, 0x70,
    0xDB, 0x38, 0x46, 0xC7, 0x81, 0x05, 0xD3, 0xB2, 0xA6, 0x75, 0xCE, 0xC4, 0x0F, 0x1B, 0x2F, 0x36,
    0xF4, 0x8D, 0x18, 0x44, 0x99, 0xF1, 0xAA, 0x2B, 0xE9, 0xC8, 0xA5, 0xD3, 0x98, 0xDB, 0x64, 0x46,
    0x44, 0xF9, 0x82, 0x6C, 0x0D, 0x0C, 0x0C, 0x81, 0x11, 0x6F, 0x99, 0x61, 0x16, 0x73, 0xD3, 0x83,
    0xCD, 0xC4, 0x70, 0x8D, 0x69, 0x4A, 0x6E, 0x53, 0xD6, 0x59, 0x0F, 0xB6, 0x50, 0x81, 0x99, 0x25,
    0xB2, 0xE5, 0x2C, 0xDE, 0xA0, 0xD4, 0x04, 0x65, 0xB9, 0x49, 0x92, 0x96, 0x1B, 0x68, 0xCA, 0xF1,
    0x7D, 0xA6, 0xD5, 0x8D, 0x4E, 0x19, 0xA2, 0xA1, 0x78, 0xF8, 0xBF, 0x86, 0x66, 0x61, 0xD0, 0x1B,
    0x22, 0x5A, 0x3E, 0xBB, 0xD9, 0x17, 0x3C, 0x5F, 0xCE, 0x45, 0xA5, 0x21, 0xC6, 0x30, 0x01, 0xC4,
    0xA5, 0xED, 0x37, 0x7B, 0x9D, 0x7E, 0x5D, 0x07, 0x79, 0x53, 0x44, 0x2D, 0x07, 0x39, 0xD2, 0x72,
    0xF6, 0xF1, 0xDC, 0xB7, 0x36, 0xF7, 0x06, 0x8F, 0xE7, 0x6C, 0xA9, 0x1C, 0x3A, 0x39, 0xE1, 0x8F,
    0x73, 0xE2, 0x87, 0x73, 0x0E, 0x55, 0xFE, 0xF2, 0xF5, 0xCB, 0xDB, 0x69, 0x94, 0xD6, 0xB9, 0x4D,
    0xCE, 0x2D, 0xD1, 0xB2, 0x3D, 0x5A, 0xE7, 0x36, 0x51, 0x7E, 0x0F, 0x62, 0x91, 0x41, 0x1D, 0xDF,
    0xD4, 0x21, 0xAD, 0xEC, 0xB2, 0x17, 0x2E, 0x5F, 0xC7, 0xCF, 0xDB, 0x78, 0x45, 0x9B, 0x40, 0xA4,
    0x95, 0xB5, 0x69, 0xD0, 0xA6, 0x46, 0x17, 0xF5, 0x5C, 0x97, 0xC0, 0x76, 0xF1, 0xFA, 0x6D, 0x94,
    0x9C, 0x6B, 0x4A, 0x3F, 0x54, 0x76, 0xFD, 0xB5, 0xB5, 0x17, 0xDE, 0x84, 0x30, 0x23, 0x0D, 0x33,
    0xD5, 0xB3, 0x59, 0xEB, 0xCC, 0x95, 0x4C, 0xAB, 0x47, 0x44, 0xC2, 0x4C, 0x4F, 0xAA, 0xAC, 0x46,
    0x27, 0x53, 0xC7, 0xDF, 0xCB, 0x82, 0x8B, 0xAF, 0x64, 0x98, 0x30, 0xBB, 0x7D, 0xFD, 0x0E, 0x9B,
    0x68, 0x60, 0x92, 0x79, 0xA3, 0xA9, 0x8E, 0xC0, 0x28, 0x6B, 0xFC, 0xBE, 0x89, 0x0A, 0x93, 0x60,
    0x26, 0xC0, 0x1F, 0xAA, 0x7E, 0x74, 0xF5, 0xCB, 0x7D, 0x15, 0xBC, 0x9C, 0x3B, 0x09, 0x5F, 0x7D,
    0x58, 0x46, 0x1F, 0xE4, 0x91, 0xBD, 0x92, 0xAF, 0xF8, 0x36, 0x3F, 0x82, 0xCD, 0x89, 0xDE, 0xC8,
    0xE9, 0x04, 0x39, 0x5D, 0x91, 0x34, 0xC8, 0xDD, 0xAC, 0x77, 0x64, 0x34, 0xB1, 0x8C, 0x66, 0xDA,
    0x88, 0x68, 0x91, 0x99, 0x36, 0x33, 0x51, 0x17, 0x15, 0x74, 0x89, 0xDC, 0x48, 0x86, 0x6D, 0xFC,
    0x6E, 0x9B, 0x24, 0x93, 0x11, 0x8E, 0x47, 0xD3, 0x5B, 0xBB, 0xBE, 0xFE, 0x26, 0xED, 0x30, 0xE3,
    0xC9, 0x30, 0x3B, 0xF6, 0xE2, 0xA9, 0xAC, 0x69, 0x65, 0x44, 0x97, 0x16, 0xB3, 0x24, 0x6D, 0x65,
    0xCA, 0xB3, 0x59, 0xF8, 0xCC, 0x5B, 0x99, 0x7F, 0xF1, 0x91, 0x8C, 0x9E, 0x5C, 0xA3, 0x6F, 0x8E,
    0x66, 0xE8, 0xB6, 0xFD, 0xC9, 0x42, 0xD9, 0x22, 0x59, 0x48, 0x67, 0x61, 0x66, 0x02, 0x65, 0x73,
    0xF5, 0xAC, 0x99, 0x8B, 0xBA, 0xB3, 0xAD, 0x76, 0xAD, 0x6E, 0x14, 0x32, 0x26, 0xBC, 0x3E, 0x1C,
    0x23, 0x2E, 0xC5, 0x42, 0x96, 0xD7, 0x0E, 0xDD, 0xFA, 0xD2, 0x74, 0xAA, 0x5A, 0x61, 0x74, 0x60,
    0x0B, 0x59, 0xE3, 0x1D, 0xE3, 0x16, 0xB9, 0xED, 0x56, 0xB9, 0xED, 0x96, 0x79, 0x03, 0x3A, 0xB9,
    0x91, 0x85, 0xFE, 0x46, 0x41, 0xFC, 0x4C, 0xCE, 0x6E, 0xB0, 0x59, 0xD6, 0x65, 0x94, 0x61, 0x6A,
    0x6E, 0x49, 0x6B, 0x57, 0x92, 0x47, 0x0C, 0x07, 0x13, 0x03, 0x7D, 0x83, 0x5F, 0x1A, 0x90, 0x3E,
    0x09, 0x12, 0x62, 0xEB, 0xDA, 0x79, 0x6C, 0xB5, 0x00, 0x6E, 0x05, 0xA8, 0x4E, 0xD4, 0x25, 0x7C,
    0xB4, 0x3A, 0x67, 0xA6, 0x83, 0xDC, 0x28, 0x91, 0xE0, 0xF5, 0x57, 0x8C, 0x67, 0xCF, 0xC8, 0xB9,
    0x9E, 0x21, 0x28, 0xCC, 0x81, 0x93, 0x0B, 0x26, 0xB6, 0x56, 0x02, 0x6D, 0x21, 0xFD, 0xC0, 0x9E,
    0x7E, 0xCD, 0xD0, 0x30, 0x06, 0xBD, 0x24, 0x32, 0x27, 0x3E, 0x16, 0x47, 0x51, 0xE5, 0x8B, 0xA9,
    0xCA, 0x0D, 0xF7, 0x70, 0xBB, 0xEF, 0xA0, 0x9F, 0x58, 0xB5, 0x1E, 0x0F, 0x27, 0x23, 0xCA, 0x49,
    0x45, 0x19, 0xFD, 0x3E, 0x65, 0x30, 0x38, 0x55, 0xAA, 0xAB, 0xB6, 0x6C, 0x30, 0x5F, 0x6A, 0xBC,
    0x52, 0x27, 0x61, 0x99, 0xAC, 0x3C, 0x5F, 0x46, 0xB6, 0x51, 0xF2, 0xAB, 0x53, 0x25, 0x51, 0x0A,
    0x41, 0x7A, 0x73, 0xBF, 0xBD, 0x0D, 0x41, 0xEE, 0x2D, 0x3C, 0x9E, 0x2B, 0x6B, 0xF3, 0x70, 0x47,
    0x62, 0xC1, 0xCD, 0xDE, 0xB4, 0xC8, 0xA4, 0xCA, 0x1B, 0x8D, 0x56, 0xDE, 0xEA, 0xDD, 0xC8, 0xA3,
    0x97, 0xDE, 0xC8, 0xBD, 0x52, 0xFA, 0x36, 0x81, 0x29, 0x9C, 0xED, 0x50, 0x6C, 0xAF, 0x21, 0xF8,
    0x1C, 0x38, 0x59, 0xD6, 0x13, 0x5B, 0xEA, 0xE8, 0xD9, 0x72, 0x3A, 0x78, 0xA9, 0x54, 0xFE, 0x4B,
    0x65, 0xF0, 0xBD, 0x6F, 0x94, 0x9E, 0x7D, 0xA4, 0x64, 0x22, 0x2E, 0x23, 0xD5, 0x14, 0xF9, 0xD7,
    0x25, 0x06, 0xE0, 0x56, 0x7C, 0xA4, 0x7E, 0xD1, 0xC6, 0x33, 0x6D, 0x82, 0xBE, 0xC4, 0xC7, 0x97,
    0x25, 0x3E, 0xC2, 0x2E, 0x35, 0xFF, 0x2F, 0x8D, 0x8F, 0x6A, 0xB2, 0xD6, 0x9C, 0x53, 0x11, 0xA7,
    0x5A, 0x3B, 0xA2, 0x1E, 0x7C, 0xDA, 0x1A, 0x50, 0xC2, 0x22, 0xC4, 0x46, 0xC3, 0xB0, 0xD4, 0x44,
    0xEF, 0x88, 0x4A, 0x1E, 0x2A, 0x37, 0x39, 0xE4, 0x95, 0x1B, 0xCE, 0xE2, 0x36, 0x00, 0x4A, 0xE0,
    0x63, 0xA2, 0xA2, 0xBE, 0xA8, 0x64, 0x5E, 0x00, 0x34, 0x02, 0xA0, 0x3D, 0x01, 0x68, 0x84, 0xE5,
    0x2C, 0xCA, 0x3A, 0x1A, 0xEA, 0x0A, 0x40, 0x9C, 0x0B, 0x40, 0x45, 0x57, 0x9C, 0x06, 0x30, 0x00,
    0xE7, 0x81, 0x96, 0xE0, 0x75, 0x1F, 0xD8, 0x5E, 0x5B, 0x3F, 0xCF, 0x2C, 0x11, 0xCC, 0x26, 0x37,
    0x38, 0xA0, 0xCF, 0xFE, 0x3A, 0x6A, 0xAB, 0x1D, 0xA1, 0x8C, 0x53, 0xF9, 0xD9, 0x33, 0x04, 0x79,
    0x6C, 0xF1, 0x0C, 0x27, 0x38, 0xB8, 0x4D, 0x07, 0xB5, 0x68, 0x2D, 0x07, 0x7D, 0x1B, 0x41, 0x5C,
    0x02, 0x33, 0x00, 0xFC, 0x94, 0x4D, 0x18, 0x8F, 0x37, 0x22, 0x4A, 0xC4, 0x8B, 0x0C, 0xAC, 0x18,
    0x82, 0xAE, 0x21, 0xCA, 0xE5, 0x3B, 0xE0, 0x65, 0x10, 0x14, 0xA3, 0xD6, 0x4D, 0xEE, 0xF6, 0xDA,
    0x76, 0xAA, 0x59, 0xC2, 0x49, 0xDC, 0x5B, 0x42, 0xAD, 0x2E, 0x31, 0x2D, 0x9F, 0x6B, 0xEE, 0xFB,
    0xF1, 0x1E, 0xD1, 0x6E, 0xB6, 0x89, 0x8C, 0x7C, 0x4F, 0x97, 0x98, 0x38, 0x06, 0x68, 0x40, 0x5A,
    0xB1, 0x2F, 0xD7, 0xD6, 0x3A, 0xAB, 0x88, 0xC5, 0xC7, 0x16, 0xA6, 0x59, 0xB1, 0xD3, 0xDC, 0xB7,
    0x33, 0x4D, 0x90, 0x8B, 0x64, 0x35, 0x69, 0xCF, 0xE2, 0xD9, 0x01, 0xAC, 0xFC, 0x0E, 0x7E, 0x7F,
    0x9A, 0xB0, 0x98, 0xC6, 0xBB, 0x07, 0x88, 0x01, 0x69, 0xDF, 0x1F, 0x0C, 0x9F, 0x70, 0xC1, 0x10,
    0x2F, 0x98, 0x5A, 0x98, 0x55, 0xC1, 0x10, 0xBE, 0x9E, 0x1B, 0xCF, 0x3E, 0x6A, 0x98, 0x5A, 0x31,
    0xFE, 0xF1, 0x9E, 0x09, 0x5E, 0xC9, 0x8D, 0xFF, 0x85, 0x91, 0x5D, 0xB1, 0xF6, 0xC2, 0xE5, 0xED,
    0x8C, 0x53, 0xE2, 0x26, 0xB6, 0xA2, 0x9A, 0x0B, 0xD4, 0xD0, 0x38, 0x35, 0x25, 0x4A, 0xD9, 0x67,
    0x07, 0x84, 0xCF, 0x39, 0xE7, 0xFE, 0x77, 0xCE, 0x72, 0x2C, 0xF8, 0xF6, 0x80, 0xD6, 0xFA, 0xAB,
    0xBF, 0x47, 0x32, 0x9C, 0xA9, 0xF1, 0xCB, 0xE5, 0x04, 0xE8, 0x1E, 0x70, 0x4C, 0x03, 0xE3, 0xBC,
    0x33, 0xBA, 0x9B, 0x09, 0xDA, 0xD0, 0xC9, 0x45, 0xFD, 0xC0, 0xB4, 0xF9, 0x04, 0xFF, 0xAD, 0x8B,
    0xA6, 0xD3, 0x65, 0x86, 0x6E, 0x9B, 0xE8, 0x7B, 0x65, 0x1B, 0xDF, 0x3E, 0xD3, 0x85, 0x89, 0xA4,
    0x8B, 0xF7, 0x85, 0x7E, 0x9B, 0xE0, 0x65, 0xD7, 0x97, 0x01, 0x77, 0x52, 0x1F, 0x1C, 0x94, 0xFA,
    0x40, 0x49, 0x7D, 0xF0, 0x91, 0xBD, 0xD7, 0x07, 0x9C, 0x77, 0x4A, 0xF4, 0xBE, 0x0A, 0x85, 0xC3,
    0x40, 0x13, 0x38, 0x7C, 0x47, 0x05, 0xC3, 0x11, 0xE8, 0xC1, 0xE9, 0xFD, 0x95, 0x0D, 0x47, 0x81,
    0x2D, 0xE0, 0xE8, 0x9D, 0x94, 0x0E, 0x1C, 0x86, 0x86, 0xE8, 0xFD, 0xD5, 0x10, 0x63, 0x97, 0x77,
    0xA1, 0x96, 0x38, 0x0D, 0xD0, 0xC5, 0x7D, 0xDA, 0x6F, 0x55, 0x71, 0x18, 0x68, 0x00, 0x87, 0xF7,
    0x5F, 0x5D, 0x8C, 0xBC, 0x77, 0x5D, 0xBB, 0xEF, 0x4A, 0x83, 0x71, 0xE0, 0xED, 0xAF, 0xEA, 0x38,
    0x02, 0xF4, 0x90, 0x76, 0x7F, 0xD5, 0x87, 0x0F, 0xA8, 0x0C, 0x0E, 0xDE, 0x41, 0x15, 0x72, 0x14,
    0xB6, 0xE0, 0xE8, 0xBE, 0x6A, 0x91, 0x11, 0xD3, 0x95, 0xB8, 0x76, 0x5F, 0x75, 0xC9, 0x11, 0x9C,
    0x77, 0x69, 0xEF, 0xAC, 0x3E, 0x39, 0x2C, 0xF5, 0x49, 0x43, 0x87, 0xD9, 0xE1, 0x3B, 0xAA, 0x4F,
    0x3E, 0xD2, 0x27, 0x39, 0xC6, 0x3D, 0xDC, 0xA5, 0x12, 0x05, 0xCE, 0xC3, 0x38, 0xFB, 0x58, 0xB1,
    0x90, 0x09, 0xCF, 0xA0, 0x74, 0x99, 0xAC, 0x4A, 0x64, 0xC9, 0xFC, 0xC5, 0x54, 0x63, 0x4B, 0xED,
    0x5D, 0x4B, 0x75, 0x58, 0xBA, 0x1C, 0xE6, 0x52, 0x98, 0xCB, 0x60, 0xD4, 0x28, 0x81, 0xCA, 0xCE,
    0x48, 0xF4, 0x9C, 0x67, 0x03, 0xD8, 0xE8, 0xE4, 0xF7, 0xBE, 0xB3, 0x93, 0x35, 0xDF, 0x2D, 0x68,
    0x7D, 0xBB, 0x20, 0xF1, 0x76, 0xCE, 0x2B, 0x56, 0xCA, 0x30, 0xF7, 0xF0, 0xBA, 0x9E, 0x61, 0xE5,
    0x6A, 0x41, 0x38, 0x18, 0xE5, 0xA9, 0x26, 0x23, 0xFB, 0x01, 0xEB, 0x6F, 0x13, 0xA6, 0xBB, 0x47,
    0x9C, 0xD2, 0x72, 0x87, 0xFB, 0x70, 0x30, 0xCC, 0xE5, 0x93, 0xDF, 0x23, 0x28, 0xF0, 0x9C, 0x27,
    0xB6, 0x7F, 0x17, 0x8D, 0x3B, 0xE2, 0x1E, 0x6A, 0x95, 0x69, 0xA8, 0x41, 0xEC, 0x97, 0x91, 0xC4,
    0xC5, 0x10, 0xB7, 0x4A, 0x19, 0x1E, 0x54, 0x2C, 0x9D, 0x82, 0x64, 0x1C, 0x56, 0xAC, 0xE4, 0x1B,
    0x82, 0x9C, 0x20, 0x9B, 0x0A, 0x8A, 0x4D, 0xCF, 0x1A, 0x5A, 0x99, 0xD7, 0x27, 0x28, 0xC7, 0x35,
    0xF2, 0xDA, 0xD7, 0x48, 0x21, 0x36, 0x36, 0x6B, 0xFE, 0x83, 0xB7, 0x72, 0x2D, 0x35, 0x87, 0xFE,
    0x85, 0xA2, 0x54, 0xDD, 0x5E, 0xA9, 0x56, 0x1F, 0x28, 0x94, 0x58, 0x2B, 0xE2, 0x34, 0xBA, 0x3C,
    0xC0, 0xB3, 0xE5, 0x28, 0x37, 0xC6, 0x5D, 0x58, 0x6E, 0x82, 0x51, 0xEC, 0xE2, 0xE4, 0x82, 0x93,
    0x01, 0xE0, 0x2D, 0xF0, 0x09, 0x65, 0x73, 0x1D, 0x9D, 0xA3, 0xE6, 0xE7, 0x28, 0x4A, 0x82, 0xB7,
    0x4A, 0xB0, 0x2F, 0x17, 0x92, 0x0F, 0x32, 0xBC, 0x01, 0x04, 0xE3, 0xD9, 0x93, 0x2C, 0x75, 0x5E,
    0x92, 0x94, 0xCB, 0x51, 0x2E, 0x45, 0xA1, 0x11, 0x99, 0xC2, 0xE5, 0xA7, 0x52, 0xD2, 0x53, 0x21,
    0xD9, 0xE9, 0xB3, 0x92, 0x9C, 0x8C, 0xE4, 0xA6, 0x5C, 0x52, 0x13, 0xBE, 0xCB, 0x4C, 0x3D, 0x40,
    0x73, 0xBB, 0x6F, 0xE9, 0xC6, 0xE6, 0x2E, 0x23, 0xB9, 0x84, 0x94, 0x6A, 0x3A, 0x99, 0xA4, 0x23,
    0x97, 0x8D, 0x5C, 0x32, 0xCA, 0x47, 0xBE, 0xFB, 0x8C, 0x7D, 0xF7, 0xE9, 0x48, 0x80, 0x4A, 0x69,
    0xF6, 0x01, 0x99, 0x11, 0x51, 0xCF, 0xA7, 0x48, 0x1E, 0x82, 0xA9, 0x6D, 0x08, 0xCD, 0x28, 0x34,
    0x81, 0x8A, 0xE0, 0x00, 0x3C, 0x58, 0xE9, 0xF2, 0xE0, 0x05, 0x50, 0xD5, 0xC9, 0x6D, 0x22, 0x43,
    0x92, 0x32, 0x01, 0x49, 0xCE, 0xB6, 0xC1, 0xB4, 0x25, 0xF1, 0x30, 0x6B, 0x08, 0x4B, 0x3A, 0x19,
    0xCB, 0xD0, 0xF4, 0x4B, 0xE5, 0xD6, 0xCA, 0xE1, 0xC5, 0x19, 0x87, 0x6E, 0x5D, 0x29, 0x47, 0x49,
    0x3B, 0x25, 0x71, 0xC9, 0x82, 0x2A, 0xD1, 0xE4, 0xC9, 0xBA, 0x44, 0x2F, 0x7E, 0xD7, 0x5D, 0x39,
    0x7D, 0xBB, 0x6B, 0x00, 0xA4, 0x1E, 0xA0, 0x65, 0x85, 0xCD, 0x50, 0x40, 0x94, 0xD1, 0xC2, 0xEF,
    0x11, 0xE6, 0x78, 0x60, 0x07, 0x74, 0xBE, 0x26, 0x56, 0xE3, 0x63, 0x06, 0x94, 0x97, 0x45, 0x57,
    0x9D, 0x77, 0xDF, 0xE5, 0x02, 0x66, 0x6F, 0x4D, 0x9F, 0xF0, 0x7F, 0xE6, 0x48, 0x7F, 0x2C, 0x17,
    0xD3, 0x19, 0x6C, 0xA9, 0x82, 0x6B, 0x69, 0x74, 0xB5, 0x74, 0xBC, 0x4F, 0x60, 0x4A, 0xC7, 0xFA,
    0xBB, 0xA4, 0x0F, 0xD5, 0xAC, 0xA7, 0x4C, 0x11, 0x0D, 0x85, 0xE4, 0x69, 0x16, 0xE8, 0x0D, 0xB4,
    0xA6, 0xA9, 0x72, 0x19, 0xA2, 0x3F, 0x20, 0x2A, 0x89, 0x61, 0x02, 0xE2, 0x52, 0x18, 0xFD, 0xD7,
    0xEA, 0x72, 0x4A, 0xA3, 0x96, 0x41, 0xC3, 0xD9, 0xC7, 0x7C, 0x3B, 0xF0, 0x06, 0x8F, 0xB1, 0x3C,
    0x09, 0xDB, 0xB7, 0x66, 0xC3, 0xDA, 0x62, 0xFD, 0x72, 0x16, 0xA5, 0x8C, 0x8F, 0x73, 0x69, 0xCB,
    0xE6, 0xAD, 0x73, 0xA9, 0xF2, 0x5D, 0xDC, 0x51, 0xDD, 0x3B, 0x29, 0xB6, 0x8F, 0xB0, 0x86, 0x9F,
    0xE3, 0x15, 0x04, 0x05, 0xAD, 0x8C, 0x06, 0x72, 0x64, 0xEA, 0x4A, 0x11, 0xD8, 0xD4, 0xEB, 0x11,
    0x17, 0xBB, 0x11, 0xE6, 0x78, 0x69, 0xED, 0xAB, 0x00, 0xE9, 0x84, 0xEA, 0x0D, 0x5B, 0x67, 0x2E,
    0x69, 0x95, 0x6A, 0x85, 0x9E, 0x9C, 0xAC, 0x71, 0x41, 0x1D, 0x37, 0xC1, 0xC5, 0x1C, 0x03, 0x8C,
    0xC3, 0x86, 0x7B, 0x89, 0x06, 0x24, 0xA3, 0x75, 0x20, 0x6D, 0x86, 0x32, 0xA2, 0xCC, 0xEF, 0x13,
    0x15, 0x24, 0x50, 0x3D, 0xF8, 0xCD, 0x45, 0x57, 0xFF, 0x93, 0x0A, 0x72, 0x39, 0xC2, 0x57, 0x53,
    0x6F, 0xE8, 0x6A, 0xC0, 0x15, 0x7F, 0x70, 0x04, 0xB9, 0xA8, 0xA4, 0x03, 0x5D, 0x48, 0x71, 0xA9,
    0xF9, 0x32, 0x71, 0xCE, 0xB4, 0x61, 0x5A, 0x0B, 0x9D, 0x32, 0x13, 0xA5, 0x62, 0xB2, 0xBB, 0x08,
    0x5D, 0x92, 0x8C, 0xDA, 0xAD, 0x52, 0xD5, 0xE5, 0x60, 0xDA, 0xC0, 0x93, 0x70, 0xEC, 0xC5, 0xC7,
    0x68, 0xDA, 0x21, 0xAD, 0x4B, 0x0B, 0x24, 0x69, 0x84, 0xE2, 0x69, 0xC2, 0x2F, 0x76, 0xF1, 0xCB,
    0xEC, 0xFD, 0x7B, 0xDF, 0x95, 0x87, 0xBF, 0x0B, 0x40, 0xEA, 0x11, 0xF5, 0x5B, 0x65, 0x72, 0xE6,
    0x5A, 0x57, 0x07, 0x85, 0x16, 0x5A, 0x14, 0xC9, 0xB4, 0x8E, 0x32, 0x9D, 0x9C, 0xD9, 0xE9, 0x46,
    0xFD, 0x95, 0x92, 0x34, 0xA6, 0xCA, 0x9C, 0xFE, 0x3B, 0x5D, 0xC2, 0x7C, 0x19, 0x0F, 0x6C, 0xFF,
    0x36, 0x06, 0x6A, 0x55, 0x47, 0xF2, 0x48, 0x76, 0x30, 0x81, 0xBE, 0x78, 0x84, 0xD4, 0xED, 0xB4,
    0xD8, 0x3A, 0xED, 0x82, 0x66, 0x77, 0x3A, 0x71, 0xDF, 0xEB, 0x2D, 0x8B, 0x56, 0xE7, 0xAA, 0xA0,
    0x51, 0x22, 0xF2, 0x70, 0x96, 0x79, 0xF6, 0x8C, 0x58, 0xF4, 0x20, 0x28, 0xE4, 0x59, 0xE6, 0x31,
    0xB1, 0x74, 0xA6, 0xCE, 0x56, 0x4C, 0xD9, 0xDD, 0x31, 0xAF, 0xD1, 0x30, 0xE8, 0x25, 0x74, 0x2D,
    0x8D, 0x17, 0xF3, 0xD0, 0xE2, 0xAA, 0xB1, 0x9C, 0x7B, 0x18, 0xFB, 0x52, 0x5D, 0x68, 0x6E, 0x41,
    0xBD, 0x06, 0x7A, 0x16, 0x92, 0x4D, 0x88, 0x76, 0x3E, 0x4D, 0xD2, 0xE9, 0xB3, 0x49, 0x8A, 0x01,
    0x4C, 0x33, 0xE2, 0xC2, 0x4A, 0x8D, 0x64, 0xB8, 0x09, 0x9F, 0x2E, 0x41, 0x01, 0x1F, 0xA9, 0xD2,
    0x0A, 0x37, 0xE7, 0xC5, 0x5B, 0x78, 0x0C, 0x25, 0xDF, 0xC3, 0x9D, 0xC7, 0x60, 0x19, 0x98, 0xF6,
    0x60, 0x52, 0xD1, 0x68, 0x34, 0x69, 0xF5, 0x7A, 0x44, 0xF9, 0x06, 0x5E, 0x09, 0xA3, 0x87, 0xB1,
    0x31, 0xA1, 0x88, 0x21, 0x53, 0xCA, 0xE6, 0x75, 0x19, 0x9F, 0x0E, 0x73, 0x66, 0xBC, 0x12, 0x95,
    0x3A, 0x32, 0x2B, 0x52, 0xEC, 0x17, 0x0B, 0xFF, 0x53, 0x8F, 0xE4, 0xC1, 0x2B, 0xDF, 0xC7, 0xFF,
    0xE7, 0xA3, 0x4D, 0xCD, 0x51, 0x18, 0xEF, 0x4B, 0x43, 0xD0, 0xA3, 0xF5, 0x7B, 0x34, 0x14, 0xB5,
    0x40, 0xF6, 0x65, 0x7E, 0xDB, 0xBE, 0xDC, 0x67, 0xC2, 0x39, 0x0D, 0x18, 0xE0, 0xFC, 0xDE, 0x13,
    0xCF, 0xDF, 0x94, 0xC4, 0xD3, 0x90, 0xC4, 0x73, 0x78, 0xDF, 0x89, 0xC7, 0xCB, 0xAA, 0x0F, 0xD9,
    0x9E, 0x33, 0xD0, 0xE9, 0x51, 0x39, 0xBC, 0xE7, 0x3C, 0x74, 0x08, 0xE6, 0x44, 0xEF, 0x2F, 0x8B,
    0x1C, 0x05, 0x96, 0x91, 0x76, 0x7F, 0xD9, 0xC4, 0x3D, 0xE7, 0xE8, 0x1E, 0x1C, 0xDB, 0x4F, 0x36,
    0xF9, 0x42, 0x1F, 0xFF, 0x8D, 0x12, 0xB2, 0x3B, 0xCB, 0x26, 0x7E, 0x68, 0x88, 0xBE, 0x9C, 0xE1,
    0xEF, 0x31, 0x9B, 0x00, 0xAC, 0xE2, 0x19, 0xD1, 0x7B, 0xCE, 0x2C, 0xBB, 0x75, 0xE1, 0x9E, 0xF3,
    0xCB, 0x69, 0x30, 0x70, 0x7E, 0xEF, 0x29, 0x66, 0xBC, 0x2D, 0xF6, 0x94, 0x6B, 0xC6, 0x43, 0xD8,
    0x5F, 0xC6, 0x59, 0xC5, 0x59, 0x4B, 0xBB, 0xF7, 0xCC, 0xB3, 0xBB, 0x0D, 0xEF, 0x20, 0xFF, 0xC0,
    0xEE, 0xB4, 0xED, 0x3D, 0x11, 0x71, 0x10, 0x54, 0x2A, 0x7A, 0xAF, 0x19, 0xE9, 0x08, 0xF4, 0x44,
    0xEF, 0x3D, 0x2F, 0x8D, 0x5D, 0xEC, 0x35, 0x41, 0x9D, 0x86, 0x2E, 0x9C, 0xDE, 0x6B, 0x9A, 0xC2,
    0x4F, 0x09, 0x72, 0xFC, 0x6C, 0xAF, 0xF9, 0x6A, 0xFC, 0xEC, 0xB9, 0xF7, 0xAC, 0x75, 0xB8, 0x27,
    0x46, 0x5A, 0xAC, 0xF6, 0x93, 0xB5, 0x3E, 0x15, 0x82, 0x3A, 0x91, 0x73, 0xB0, 0xD1, 0x85, 0xEE,
    0x32, 0xAC, 0x1E, 0xB6, 0x55, 0xB0, 0xAF, 0x6D, 0xAF, 0xAD, 0x82, 0x06, 0xA7, 0x84, 0x66, 0x96,
    0xA7, 0x58, 0x71, 0xD4, 0xFF, 0x8B, 0x3B, 0x2B, 0xCF, 0x23, 0x48, 0x61, 0x76, 0x53, 0x45, 0xA9,
    0x57, 0x6A, 0x05, 0x5D, 0x3D, 0x0D, 0x5A, 0x73, 0x2B, 0xDA, 0x7B, 0x02, 0xF2, 0x55, 0xD0, 0x88,
    0x38, 0x04, 0x01, 0xE8, 0xDF, 0x2B, 0xF6, 0xFD, 0x20, 0x6F, 0x3E, 0x26, 0x86, 0x38, 0xF1, 0x4B,
    0xED, 0x4C, 0xA1, 0x2E, 0xC2, 0x07, 0xFE, 0xF4, 0xE5, 0x39, 0xD5, 0xEA, 0x89, 0xFA, 0xDB, 0x2B,
    0xD6, 0xC0, 0x99, 0xC1, 0x16, 0x89, 0x35, 0xB3, 0x34, 0x17, 0xCB, 0x59, 0xB8, 0x20, 0xD6, 0x81,
    0x29, 0x37, 0x51, 0x79, 0xB9, 0xC1, 0x41, 0x4A, 0xC4, 0x49, 0x35, 0x80, 0x07, 0xD6, 0x86, 0x6B,
    0xEE, 0xEF, 0x5D, 0xB4, 0x41, 0xC1, 0x81, 0x17, 0x17, 0x52, 0x85, 0xEF, 0xAA, 0x72, 0x45, 0xF0,
    0xDA, 0xC2, 0xC2, 0x19, 0x69, 0x72, 0x56, 0x95, 0xEB, 0xBC, 0xF8, 0xEE, 0x40, 0xC1, 0xD3, 0xFD,
    0xFF, 0x50, 0x2A, 0x0E, 0xA1, 0xB9, 0x76, 0x86, 0x38, 0xD5, 0x82, 0x44, 0x74, 0xBD, 0x8F, 0x77,
    0x02, 0x3A, 0x25, 0x28, 0x07, 0xDD, 0x7B, 0xC0, 0x8D, 0xE9, 0xC0, 0x26, 0xD8, 0x1E, 0xFE, 0xA5,
    0xF9, 0x55, 0xFF, 0x25, 0xCF, 0xC8, 0xE7, 0x55, 0x1E, 0x5C, 0x66, 0x86, 0x69, 0xA2, 0x4B, 0xCB,
    0xD0, 0xE9, 0xE1, 0xBD, 0xF0, 0x55, 0xA2, 0x1B, 0x43, 0xD4, 0xA9, 0x2F, 0x13, 0xD9, 0x49, 0x38,
    0x35, 0x0D, 0x07, 0xF9, 0x19, 0x18, 0x67, 0x6F, 0x61, 0xF8, 0x56, 0x30, 0x5E, 0x79, 0x92, 0xE8,
    0xFB, 0x6D, 0xE2, 0x27, 0xDA, 0x28, 0xD5, 0x25, 0xFC, 0x41, 0x17, 0xCF, 0x76, 0x61, 0x62, 0x6A,
    0xCF, 0x38, 0xEE, 0x1C, 0x7F, 0xB4, 0x84, 0x6F, 0x96, 0x08, 0x45, 0x02, 0x11, 0x9C, 0x70, 0x64,
    0xCF, 0x18, 0x81, 0xF8, 0x0C, 0xFE, 0xF3, 0x93, 0xF8, 0x83, 0x27, 0x09, 0x72, 0x11, 0xB9, 0x0F,
    0xAA, 0xFB, 0x38, 0x72, 0x67, 0xF7, 0x71, 0x71, 0x09, 0x6F, 0x67, 0xC9, 0xC5, 0x0A, 0xA1, 0xB4,
    0x7E, 0x59, 0x07, 0x8E, 0x62, 0xED, 0x68, 0xB7, 0x54, 0xFB, 0x65, 0xB4, 0x5B, 0x1E, 0x4B, 0x2E,
    0x5A, 0x56, 0x86, 0x67, 0xFF, 0xE1, 0xEB, 0xF9, 0x7D, 0xDD, 0x76, 0xF0, 0xC5, 0x3C, 0xC8, 0xEB,
    0xC1, 0x37, 0x8A, 0x20, 0x4B, 0xDE, 0xFD, 0x89, 0x7C, 0x56, 0xF3, 0xFF, 0x2A, 0x0F, 0x76, 0xB6,
    0x89, 0x32, 0x3A, 0xC3, 0x2A, 0x32, 0xD5, 0x95, 0x3E, 0xE0, 0xDB, 0x62, 0x84, 0xD6, 0xBF, 0x89,
    0xE6, 0xCD, 0x9F, 0x75, 0x68, 0xEF, 0xDA, 0x4C, 0xD0, 0x1E, 0xFE, 0x9E, 0xA0, 0xE9, 0x8F, 0x0A,
    0x4E, 0x1E, 0xBF, 0x73, 0x5D, 0xD0, 0xE2, 0xF9, 0x8F, 0xE6, 0xC1, 0x25, 0xC1, 0x49, 0xC5, 0xEC,
    0xDC, 0x05, 0xC1, 0x71, 0xF3, 0x0E, 0x5E, 0xB7, 0xEE, 0x74, 0xE1, 0x34, 0x3B, 0xAE, 0x87, 0x4E,
    0xA5, 0x27, 0xA4, 0x67, 0x7C, 0xCF, 0xB6, 0x2B, 0x4E, 0xAA, 0x6D, 0x96, 0xD6, 0x16, 0xD2, 0x28,
    0x8D, 0x8D, 0x78, 0x8E, 0x52, 0x79, 0xD6, 0xBB, 0x74, 0x26, 0x4A, 0xDD, 0xE3, 0x9E, 0x92, 0x46,
    0x9E, 0xF8, 0x62, 0x89, 0xF6, 0x6E, 0xEF, 0xE2, 0x40, 0x9A, 0xD5, 0x07, 0xBE, 0x65, 0xA4, 0x21,
    0xC8, 0xAF, 0x9D, 0x91, 0x26, 0xA6, 0x65, 0x47, 0x0F, 0x80, 0x8F, 0xA6, 0x9E, 0x2D, 0x21, 0x4A,
    0x47, 0xB7, 0xBF, 0xFD, 0x35, 0xE6, 0x9F, 0x26, 0x79, 0xC7, 0xE6, 0x8D, 0x87, 0xDF, 0x2A, 0x1B,
    0xBF, 0x90, 0x97, 0xAA, 0xDB, 0x2F, 0xD5, 0xEA, 0x7D, 0xB9, 0x22, 0xCA, 0xA2, 0x73, 0xDB, 0x78,
    0xB6, 0x3F, 0x0A, 0x9D, 0x52, 0x64, 0xA7, 0x0F, 0x2B, 0x22, 0xDE, 0xA8, 0x5C, 0x5A, 0xB1, 0xC3,
    0x07, 0x5E, 0xF8, 0x21, 0x61, 0xEE, 0xDB, 0x3C, 0xBA, 0x94, 0x2A, 0xA8, 0x8E, 0x7B, 0xA3, 0xD7,
    0x7A, 0x6E, 0x8E, 0x0E, 0xE6, 0xFC, 0x7A, 0x1E, 0xD8, 0x5C, 0x65, 0xA3, 0xFE, 0xA9, 0xAA, 0xBF,
    0x64, 0xE2, 0x67, 0x19, 0x86, 0x19, 0xA7, 0xC4, 0xD0, 0xA8, 0x6C, 0x59, 0xA1, 0xE5, 0xB8, 0x65,
    0x68, 0xDD, 0x4F, 0xB9, 0xB6, 0x7E, 0x79, 0x6D, 0x7B, 0x95, 0x30, 0xA5, 0x06, 0xAE, 0xC0, 0x20,
    0x94, 0x59, 0xAA, 0x11, 0x9F, 0x5B, 0x58, 0xAE, 0xD1, 0x80, 0xD9, 0x1A, 0x1A, 0xAF, 0xEF, 0x74,
    0x54, 0x3A, 0x1D, 0xE4, 0x0D, 0xE6, 0xF8, 0xA7, 0x3B, 0x03, 0xD4, 0x15, 0xD3, 0xF9, 0x73, 0x7C,
    0x9B, 0x4D, 0xD4, 0x46, 0x04, 0xB8, 0xBE, 0x06, 0x0A, 0x22, 0x9B, 0x91, 0x9C, 0x33, 0x68, 0xEA,
    0x22, 0xA3, 0xDF, 0xE4, 0x59, 0x23, 0xC8, 0x19, 0xC4, 0xC0, 0x99, 0x14, 0x65, 0x5D, 0x46, 0xEB,
    0x8E, 0xAE, 0x11, 0x89, 0x9F, 0xED, 0xCA, 0xF9, 0x02, 0xA6, 0xD8, 0x5D, 0x2A, 0x41, 0x13, 0x5A,
    0x41, 0x2D, 0xCC, 0x63, 0x50, 0xD6, 0x66, 0x26, 0xB0, 0xAF, 0x3D, 0x5E, 0x1A, 0xF5, 0x5D, 0x43,
    0x69, 0x1A, 0x2C, 0x05, 0x85, 0x11, 0xE4, 0x56, 0x26, 0x7A, 0x56, 0xE3, 0x74, 0x7C, 0xCA, 0xCC,
    0xB1, 0x1C, 0xCA, 0x68, 0xAF, 0x74, 0x99, 0x32, 0x72, 0x67, 0x60, 0x56, 0xC4, 0x54, 0x36, 0x7C,
    0xCA, 0x78, 0xC3, 0xE3, 0xBF, 0x44, 0xF5, 0x79, 0x44, 0x02, 0x35, 0x54, 0x15, 0xC0, 0x5D, 0x82,
    0x4B, 0xE0, 0x7F, 0x6B, 0x74, 0xEE, 0xD0, 0x2F, 0x2D, 0x13, 0x53, 0x73, 0xC1, 0x30, 0x0A, 0x62,
    0x0F, 0xEE, 0x04, 0x2B, 0x14, 0x2C, 0x45, 0x8A, 0x8A, 0xFA, 0x28, 0xF5, 0x04, 0xEA, 0x4B, 0x93,
    0x04, 0x76, 0x19, 0x1C, 0xD6, 0x81, 0x9B, 0xBC, 0x57, 0xD1, 0xDE, 0x75, 0x68, 0x83, 0xE1, 0x80,
    0x64, 0x0D, 0xE3, 0x38, 0x2F, 0x37, 0x42, 0x79, 0x27, 0x4B, 0x13, 0xBC, 0x84, 0x67, 0x8C, 0xA0,
    0x25, 0xB9, 0xE1, 0x73, 0x5B, 0x4D, 0xCC, 0x21, 0x19, 0xE5, 0x49, 0x23, 0x6C, 0x27, 0xA3, 0x8C,
    0xAE, 0xF7, 0x98, 0x32, 0x15, 0xD7, 0x99, 0xBB, 0x8B, 0x46, 0x0C, 0x40, 0x27, 0x87, 0xEA, 0xF9,
    0x88, 0xEA, 0x09, 0x09, 0xBC, 0x9B, 0x94, 0x2F, 0xB5, 0x25, 0x07, 0x0B, 0x59, 0xB0, 0xF8, 0xBF,
    0xA4, 0x1A, 0x74, 0x6C, 0x74, 0x63, 0x53, 0xD7, 0xB5, 0x1A, 0x74, 0x43, 0x5B, 0xC6, 0xE7, 0xC6,
    0x3D, 0xCD, 0x7A, 0x3D, 0x76, 0x9D, 0x05, 0xF7, 0x8E, 0x16, 0x76, 0x28, 0xB6, 0x6B, 0xA3, 0xFA,
    0xC0, 0x2F, 0x38, 0xF8, 0xDA, 0xBC, 0x5F, 0x04, 0xD2, 0x7D, 0xBC, 0x88, 0x2F, 0x2D, 0x9C, 0xFA,
    0x46, 0xD1, 0x00, 0xE1, 0x0D, 0x31, 0x4F, 0x44, 0x37, 0xB6, 0x2E, 0xF8, 0x85, 0x80, 0x48, 0x3A,
    0x9C, 0xAB, 0xEB, 0x64, 0xB1, 0x50, 0xC3, 0x6E, 0x64, 0x0B, 0xCF, 0xE6, 0x1C, 0x2F, 0xC6, 0x7F,
    0x57, 0x0C, 0x32, 0x27, 0x1F, 0x5B, 0x78, 0x3C, 0x73, 0x0B, 0x74, 0xDF, 0xB5, 0xC7, 0x33, 0xC1,
    0xAC, 0xC4, 0x2B, 0xE5, 0x9C, 0x11, 0xD1, 0x22, 0xD3, 0x22, 0x40, 0x95, 0x2D, 0xCF, 0x03, 0xB8,
    0x3C, 0x39, 0xBF, 0x62, 0x7B, 0xF7, 0x5D, 0x93, 0x9B, 0x40, 0x0E, 0xAF, 0x04, 0x03, 0x1A, 0xA6,
    0x6F, 0xBD, 0x31, 0xFC, 0xA1, 0x3B, 0x71, 0x5F, 0x35, 0xD6, 0x73, 0x69, 0x03, 0x34, 0x69, 0x2D,
    0x30, 0xEA, 0x2B, 0x46, 0x06, 0x1A, 0x7C, 0x37, 0x8F, 0xB2, 0x32, 0xC9, 0x4C, 0x9C, 0xB5, 0xA3,
    0xB4, 0xFE, 0xFE, 0x57, 0xAD, 0xDC, 0x9F, 0x55, 0xC1, 0xD0, 0x3A, 0x07, 0x9B, 0x8C, 0x9E, 0xE2,
    0x36, 0xA3, 0xBC, 0xDE, 0x5A, 0x2C, 0xF4, 0xFD, 0x36, 0x6F, 0x99, 0xFB, 0xB3, 0xC8, 0xA8, 0xDC,
    0x2B, 0x5A, 0x39, 0x3B, 0xD7, 0x4A, 0x56, 0x4A, 0xC3, 0x04, 0x38, 0x6E, 0x5D, 0x2F, 0x39, 0x95,
    0xC6, 0x36, 0x6D, 0x2E, 0xA0, 0x41, 0xDF, 0x4B, 0x3C, 0x24, 0xFE, 0xED, 0xEA, 0x73, 0x98, 0x69,
    0x95, 0xCB, 0x93, 0x62, 0x64, 0xE1, 0xA3, 0x19, 0x7E, 0x0E, 0xA9, 0x75, 0x3F, 0x45, 0x15, 0xCC,
    0x12, 0xF0, 0x2E, 0x8C, 0xE3, 0x2A, 0x8C, 0x9B, 0x0B, 0x0B, 0x5B, 0x35, 0xB4, 0x0B, 0x63, 0x07,
    0xB2, 0x2C, 0xFD, 0xC3, 0xB0, 0x5B, 0x13, 0xA8, 0x30, 0x77, 0xFD, 0xC1, 0xA5, 0x0B, 0x08, 0x9A,
    0x1D, 0x38, 0x7D, 0xA0, 0x86, 0xC0, 0x52, 0xC3, 0x21, 0x53, 0x81, 0x43, 0x85, 0x0F, 0xA4, 0x80,
    0xDD, 0x7D, 0x24, 0x10, 0x1F, 0xA0, 0x01, 0x6F, 0x19, 0xE8, 0xF4, 0x21, 0xB8, 0x36, 0x8F, 0x17,
    0xE6, 0x90, 0xBC, 0x95, 0x41, 0xE3, 0xC7, 0xF9, 0x16, 0xF5, 0xDF, 0xD8, 0x19, 0xD2, 0x98, 0x90,
    0xB3, 0xF1, 0xD0, 0xEB, 0xE1, 0x19, 0xBF, 0x8F, 0x57, 0x44, 0x7F, 0x0E, 0xD7, 0x3A, 0x0A, 0x56,
    0x7A, 0xA2, 0x3C, 0xC0, 0x8E, 0x7E, 0x1C, 0x6C, 0xB5, 0x77, 0xD1, 0x60, 0xC0, 0x3B, 0xEB, 0xE2,
    0x9E, 0x8E, 0xDB, 0xBE, 0x02, 0xEF, 0xF6, 0xAF, 0x73, 0xE0, 0x95, 0xC6, 0xB9, 0x48, 0x72, 0xE3,
    0x9C, 0x34, 0x31, 0xCE, 0x4D, 0xFC, 0xB8, 0x71, 0x8E, 0x42, 0x6B, 0x2A, 0x57, 0x53, 0xA6, 0x72,
    0x86, 0x19, 0xB9, 0x83, 0x1D, 0xE7, 0x70, 0xD7, 0x25, 0xE3, 0x4D, 0x9C, 0x89, 0xBF, 0x14, 0xDA,
    0x70, 0xA0, 0x8D, 0x57, 0x85, 0xEC, 0x3C, 0x2A, 0xAD, 0xF8, 0x95, 0x28, 0xED, 0x4B, 0xE8, 0xF7,
    0x49, 0x6C, 0x8F, 0xE6, 0x6B, 0x86, 0xFA, 0x7F, 0xED, 0xA1, 0x5B, 0x7D, 0xE6, 0x56, 0x6A, 0xA8,
    0xFE, 0x24, 0xA4, 0x8C, 0xE7, 0x23, 0x05, 0x96, 0x00, 0x6F, 0x73, 0x37, 0xF1, 0xB8, 0xF9, 0x20,
    0xCC, 0x11, 0x95, 0x1E, 0xA5, 0xF5, 0x4A, 0xD6, 0xE7, 0x73, 0x3F, 0x7E, 0x73, 0xC0, 0x46, 0x5B,
    0xE0, 0x56, 0x96, 0x93, 0x2E, 0xC9, 0x67, 0x06, 0x1A, 0x5A, 0xD9, 0x2C, 0x74, 0x98, 0x81, 0x84,
    0x7B, 0xA8, 0xA2, 0x63, 0x5D, 0xDE, 0x7D, 0x2E, 0x7A, 0x65, 0x6C, 0xBD, 0xB2, 0xB9, 0xE0, 0x95,
    0x75, 0xBC, 0xB2, 0x31, 0x2F, 0xDF, 0x87, 0x5E, 0xE9, 0x9D, 0x7A, 0xA8, 0x44, 0xDE, 0x85, 0xD2,
    0xB2, 0x22, 0xD2, 0xAA, 0x87, 0xCA, 0x8A, 0xC4, 0xB7, 0x85, 0xC2, 0x9F, 0xA8, 0x11, 0x0F, 0x64,
    0xC5, 0x1F, 0xAB, 0x51, 0xC7, 0xAD, 0xB6, 0x7C, 0xEF, 0xD7, 0x50, 0xBF, 0x5D, 0xC3, 0xFD, 0xCE,
    0x71, 0x41, 0x08, 0x7B, 0x40, 0x60, 0x9F, 0xA8, 0x22, 0xC0, 0x59, 0x88, 0x81, 0x5C, 0x4F, 0x7D,
    0xB4, 0xC1, 0xFA, 0x72, 0x2D, 0x35, 0x8E, 0xCC, 0xB1, 0xA9, 0xAE, 0x94, 0x81, 0x1D, 0xBF, 0x42,
    0xC6, 0xC0, 0x01, 0x83, 0x67, 0xCD, 0x68, 0x8A, 0x40, 0x64, 0x4A, 0x64, 0x34, 0x45, 0xB1, 0xED,
    0xA2, 0xE5, 0x7C, 0xDD, 0x93, 0x36, 0x90, 0x29, 0x3A, 0x33, 0x8B, 0xEA, 0xCF, 0x40, 0x7A, 0x8B,
    0xCB, 0xA5, 0x3E, 0x5C, 0xBB, 0x06, 0xA6, 0x7A, 0xA9, 0xBB, 0x23, 0xC3, 0xF1, 0xA4, 0xF7, 0xA5,
    0x32, 0xBC, 0xB4, 0x70, 0xF2, 0x62, 0xA9, 0xC0, 0x73, 0x7A, 0x2A, 0x79, 0x49, 0x74, 0xBF, 0xE9,
    0x95, 0x82, 0xAA, 0xFD, 0x52, 0x70, 0xE3, 0x53, 0xA5, 0x20, 0x87, 0xC3, 0xD2, 0x61, 0xFF, 0xFD,
    0xD2, 0xA1, 0x53, 0xE1, 0x33, 0xF2, 0x00, 0x29, 0xA3, 0xF7, 0xA5, 0xB9, 0xF0, 0x72, 0x06, 0x1A,
    0x6F, 0x61, 0x99, 0xD8, 0xF6, 0x89, 0x5F, 0x5B, 0x26, 0xCA, 0xE5, 0xFB, 0xF1, 0x3E, 0x28, 0x91,
    0xB3, 0x1A, 0xBF, 0xAB, 0x09, 0x7A, 0xD2, 0x8A, 0x7C, 0xF0, 0x75, 0xD1, 0xEE, 0xAB, 0x22, 0x4F,
    0xE4, 0xEA, 0xF8, 0xB5, 0x4C, 0x2B, 0x15, 0xC9, 0xA4, 0x4F, 0xC4, 0xF6, 0x57, 0x7E, 0x4B, 0xA2,
    0xF3, 0xC6, 0xF7, 0x86, 0x78, 0xDF, 0xFA, 0x56, 0xC9, 0xC7, 0xBE, 0xFD, 0x52, 0x19, 0xF5, 0x8D,
    0x57, 0x26, 0xE5, 0xCA, 0xC5, 0x52, 0x9B, 0xE6, 0x43, 0xA5, 0xD6, 0x6D, 0x57, 0x5E, 0xF7, 0xFC,
    0x32, 0x59, 0x1C, 0x2E, 0x96, 0x91, 0x55, 0xC3, 0x92, 0x79, 0x64, 0xE1, 0xC0, 0x2B, 0x47, 0x04,
    0x58, 0xAD, 0x31, 0xD1, 0x43, 0xC2, 0x89, 0xE1, 0x17, 0x8A, 0x68, 0xA0, 0x1E, 0x2A, 0x5A, 0xF3,
    0xD6, 0x2B, 0x34, 0xDD, 0x4A, 0x09, 0xDB, 0x9D, 0x1A, 0x2E, 0x16, 0x91, 0x3D, 0x61, 0x0B, 0x67,
    0x5B, 0x00, 0xDE, 0x48, 0xF9, 0xC3, 0x44, 0x5E, 0x6E, 0x9C, 0x7A, 0x53, 0x05, 0xCF, 0x64, 0x51,
    0xF4, 0x4C, 0x16, 0x5C, 0x15, 0xA2, 0x1B, 0x3E, 0x92, 0x25, 0xAF, 0xDB, 0x4C, 0x7B, 0xC2, 0x37,
    0xB1, 0x90, 0xDE, 0x20, 0xC8, 0xC2, 0x7E, 0x94, 0xF9, 0x71, 0x27, 0x23, 0x7A, 0x4F, 0xCE, 0x43,
    0x74, 0x35, 0x45, 0x05, 0x19, 0x2A, 0xCC, 0x08, 0xAE, 0x82, 0xEB, 0x8B, 0xAF, 0x0E, 0x78, 0x9A,
    0x7F, 0xC1, 0x94, 0x0A, 0x60, 0x3B, 0x4C, 0x03, 0x57, 0x6A, 0x2F, 0x5E, 0x80, 0xA8, 0x4B, 0xD0,
    0x4F, 0xFA, 0x6A, 0x3D, 0xEE, 0x4F, 0x46, 0x0F, 0xE7, 0x2A, 0x0A, 0xF2, 0xE8, 0xF9, 0x20, 0xF7,
    0xFB, 0xA3, 0x97, 0x28, 0xAD, 0xE3, 0x9D, 0xBC, 0xEE, 0x38, 0x38, 0xFE, 0x3F, 0xA3, 0x97, 0x28,
    0x56, 0xA4, 0x25, 0xE7, 0x87, 0xCA, 0x5A, 0xB9, 0xBB, 0x4F, 0x09, 0xBD, 0x3B, 0x5F, 0x72, 0x75,
    0x94, 0x4D, 0x85, 0x79, 0x70, 0x35, 0x1C, 0x74, 0xE4, 0xEC, 0x89, 0xE7, 0xDF, 0xCB, 0x93, 0xD7,
    0x87, 0xF2, 0x4A, 0x46, 0x53, 0x8B, 0x9E, 0xC9, 0x61, 0x2E, 0x14, 0x4B, 0x14, 0x4E, 0x47, 0xB9,
    0xD3, 0x7E, 0xD7, 0x69, 0x96, 0x2A, 0x0D, 0xB8, 0xF1, 0xAA, 0x6A, 0xBC, 0xBF, 0x99, 0xA9, 0xF0,
    0x37, 0xB3, 0xF0, 0x6A, 0x98, 0xF9, 0xFD, 0x30, 0x4B, 0xAE, 0x5E, 0xC9, 0xCE, 0x86, 0x36, 0x9B,
    0x8A, 0x9F, 0xCB, 0x98, 0x0D, 0x45, 0x54, 0x46, 0x35, 0xDE, 0x1B, 0x99, 0x3F, 0x00, 0xE5, 0xC6,
    0x2B, 0xDD, 0x4E, 0xA2, 0xE7, 0xC1, 0xF5, 0xDD, 0x6F, 0xBF, 0xCA, 0xD3, 0xE1, 0x80, 0x23, 0xEA,
    0x59, 0xC4, 0x26, 0x45, 0x2B, 0x88, 0xB7, 0xDD, 0x78, 0x2B, 0x3A, 0x58, 0xBF, 0x3C, 0x4C, 0xE3,
    0xB2, 0xCD, 0xCC, 0x92, 0xC8, 0x4C, 0x5B, 0x6C, 0xBB, 0x44, 0xD6, 0x20, 0x65, 0x15, 0x0A, 0x98,
    0x61, 0x97, 0x1A, 0x2E, 0xF7, 0xF0, 0x6C, 0x39, 0xDA, 0xDB, 0x03, 0xB1, 0x92, 0xF1, 0x3A, 0xBB,
    0x20, 0x9F, 0x59, 0x7A, 0x71, 0x5E, 0xF4, 0x4C, 0xC7, 0xCA, 0xAC, 0x85, 0xD7, 0x4E, 0xBD, 0x9C,
    0x8B, 0xBD, 0x8C, 0x57, 0x10, 0xCE, 0x3C, 0x93, 0x2B, 0xB8, 0x20, 0x67, 0xAB, 0xD1, 0x09, 0x4E,
    0x73, 0x31, 0x17, 0x24, 0x65, 0x73, 0x87, 0xF5, 0x70, 0xFE, 0x81, 0x3B, 0x98, 0x1C, 0xDF, 0x81,
    0x7A, 0xAD, 0xCB, 0x0C, 0xBA, 0x0A, 0x64, 0xD7, 0xAA, 0xCB, 0xBD, 0x71, 0xE9, 0x6C, 0xC5, 0x4A,
    0xA2, 0xCB, 0xD9, 0x51, 0xBA, 0x3B, 0x10, 0x3D, 0xD9, 0xB1, 0x59, 0x29, 0x77, 0x70, 0xB2, 0x2C,
    0xC5, 0xDE, 0x2B, 0x4B, 0x41, 0x48, 0xF2, 0x52, 0x6C, 0x9B, 0x94, 0x82, 0xA2, 0x7D, 0xF7, 0x59,
    0xA2, 0x4B, 0x90, 0x24, 0xBA, 0x1C, 0xD6, 0x54, 0x59, 0xA5, 0x10, 0x17, 0x45, 0x12, 0x41, 0xCA,
    0xF6, 0x49, 0x16, 0x1E, 0x63, 0x16, 0x98, 0xF9, 0x58, 0x5A, 0x7D, 0x8F, 0xDF, 0xFB, 0x11, 0xB3,
    0x7F, 0xF8, 0x4D, 0xB4, 0x93, 0xCF, 0x7F, 0x89, 0xB9, 0xD6, 0x24, 0x8A, 0x49, 0x82, 0x62, 0x12,
    0x0C, 0x00, 0xFC, 0x2C, 0x0C, 0xF5, 0xDA, 0x67, 0x98, 0x43, 0xA1, 0x5B, 0x56, 0xE4, 0x04, 0xB5,
    0x58, 0xA1, 0x0E, 0x28, 0xC2, 0x5C, 0xE1, 0x99, 0x7B, 0x6E, 0xD5, 0x7F, 0xF9, 0xE8, 0x8D, 0xFD,
    0xC9, 0x42, 0x8B, 0x99, 0xA8, 0xB9, 0x85, 0x54, 0x3B, 0x20, 0xCD, 0xCC, 0x14, 0xAE, 0x2F, 0x15,
    0xF5, 0x9C, 0xDB, 0x48, 0x94, 0x1A, 0xED, 0xED, 0x2C, 0xA3, 0x23, 0xC1, 0xAF, 0x85, 0xF2, 0x49,
    0x79, 0xD2, 0x17, 0x16, 0x68, 0x81, 0xE4, 0x58, 0x85, 0x39, 0x06, 0x4D, 0x05, 0xB4, 0x4E, 0x64,
    0x45, 0x09, 0x68, 0xDD, 0x81, 0xD6, 0x99, 0xB9, 0x57, 0x94, 0xB2, 0xB9, 0x2B, 0x44, 0x8D, 0xA3,
    0x4F, 0x51, 0x3A, 0x2A, 0x45, 0xA9, 0x4C, 0xBE, 0x86, 0xDF, 0xED, 0x09, 0xA8, 0xED, 0x11, 0xE6,
    0x13, 0x75, 0x07, 0x5A, 0x87, 0x23, 0x40, 0x45, 0xBE, 0x42, 0xA5, 0x1F, 0x18, 0xED, 0x02, 0x28,
    0xB9, 0x3C, 0x3E, 0xF7, 0x34, 0x0D, 0xB7, 0x62, 0xC9, 0x10, 0xDD, 0xF8, 0x26, 0xB5, 0xFA, 0x97,
    0x50, 0x33, 0x93, 0x44, 0xFF, 0xD6, 0xCD, 0x1A, 0x37, 0x19, 0xD2, 0xFC, 0x45, 0x8C, 0xB9, 0xF7,
    0xCF, 0xD8, 0xB9, 0xCF, 0x50, 0xE3, 0x04, 0x5A, 0x7D, 0x1F, 0x3D, 0x77, 0x82, 0xD9, 0xB9, 0x45,
    0x62, 0x65, 0x89, 0xB2, 0x45, 0xC1, 0x50, 0x90, 0x31, 0x2E, 0xAC, 0xD6, 0xA5, 0x5C, 0x39, 0x59,
    0x44, 0xBE, 0x7B, 0x87, 0x18, 0x1E, 0x77, 0xAF, 0x11, 0xD5, 0xF1, 0xC2, 0xA5, 0x18, 0xBF, 0x90,
    0x79, 0xEB, 0xBB, 0xFE, 0xCC, 0x88, 0xFE, 0x4A, 0xB9, 0x29, 0x24, 0xE3, 0xED, 0x3C, 0x7D, 0xA6,
    0x98, 0x0D, 0xC4, 0x54, 0xF4, 0xCE, 0xC2, 0xF1, 0x62, 0xC6, 0x33, 0xC8, 0xD9, 0x14, 0x18, 0xDD,
    0x1F, 0x74, 0x01, 0x38, 0x32, 0x7E, 0x45, 0xB6, 0xFE, 0x35, 0x70, 0xDC, 0x3E, 0x83, 0xEA, 0xD9,
    0xB4, 0x75, 0x46, 0x5E, 0x93, 0x45, 0x5F, 0x28, 0xB5, 0xA2, 0xD4, 0x11, 0x65, 0xAD, 0xB2, 0x97,
    0x98, 0x2F, 0x93, 0x14, 0x53, 0xE3, 0x2F, 0xB7, 0xFB, 0x2D, 0xB1, 0x9B, 0x13, 0xBB, 0xFA, 0x5F,
    0xB0, 0x8B, 0x7F, 0x4E, 0xBB, 0xDB, 0xFF, 0x6B, 0xC5, 0x1F, 0xC6, 0x15, 0x27, 0xFD, 0x3D, 0xC1,
    0x71, 0x9C, 0x34, 0xE9, 0x18, 0x41, 0xB0, 0x82, 0xAB, 0x51, 0xDF, 0xBA, 0xB3, 0x82, 0x17, 0x5F,
    0x15, 0xB2, 0x2C, 0x9F, 0x66, 0x39, 0x4A, 0xCD, 0x14, 0x3A, 0xC2, 0xC0, 0x1C, 0x5E, 0x09, 0x2A,
    0x0D, 0x72, 0x08, 0x4B, 0x95, 0x01, 0x66, 0x0E, 0x60, 0xAA, 0x7A, 0x72, 0xEA, 0xCA, 0x0B, 0xDE,
    0xF3, 0x92, 0xA7, 0x48, 0xBA, 0x11, 0x8D, 0xCF, 0x44, 0xA0, 0x44, 0xA2, 0x47, 0x45, 0x22, 0x74,
    0x1C, 0xD1, 0xE9, 0xCB, 0xB9, 0x22, 0xC2, 0x37, 0x11, 0x6C, 0x89, 0x1C, 0x01, 0x17, 0x1A, 0xD7,
    0x33, 0xAF, 0x14, 0x23, 0xB1, 0x01, 0x05, 0x51, 0x8A, 0xBB, 0x5E, 0x2E, 0x97, 0xAB, 0xF1, 0x0D,
    0x6C, 0x41, 0xFD, 0x67, 0x5F, 0xF9, 0xCB, 0x86, 0xAD, 0x2D, 0x8E, 0xBA, 0x2B, 0xE5, 0x67, 0x54,
    0x39, 0x35, 0xE6, 0x31, 0xB4, 0x2C, 0xE6, 0x58, 0xE3, 0x54, 0x6E, 0x9A, 0x42, 0xA4, 0xA6, 0x55,
    0x88, 0x8A, 0x5D, 0xFA, 0x52, 0x34, 0x30, 0x41, 0x1E, 0x3F, 0x67, 0x30, 0xA1, 0x35, 0x34, 0x98,
    0x32, 0xDC, 0x0A, 0x5B, 0xC1, 0x30, 0x52, 0x3B, 0x9E, 0x0F, 0x3F, 0x89, 0x8B, 0x0C, 0x5A, 0xB2,
    0xDF, 0x5B, 0xA9, 0x26, 0x49, 0x67, 0xF8, 0x48, 0x55, 0x9D, 0x0C, 0x61, 0xF8, 0x6B, 0xF8, 0xA5,
    0x25, 0x78, 0xF9, 0xAD, 0x3C, 0x78, 0xF9, 0x99, 0xDC, 0x7F, 0x43, 0x18, 0xDC, 0x7E, 0x3F, 0xAB,
    0xCE, 0x91, 0x3A, 0x0C, 0x81, 0x08, 0x53, 0xE4, 0x10, 0x9C, 0xD8, 0xE6, 0xAD, 0xEF, 0x9A, 0xD6,
    0xF1, 0x5E, 0x72, 0x62, 0xF3, 0xE0, 0xD3, 0x75, 0xDA, 0x6D, 0xF1, 0x28, 0x00, 0xBB, 0xA1, 0x58,
    0x54, 0xA5, 0xAA, 0x5C, 0x37, 0xEB, 0x1C, 0xCE, 0x8A, 0xC7, 0xAE, 0xA8, 0xB4, 0x3E, 0x4B, 0x9C,
    0x6E, 0xCE, 0x42, 0x68, 0x9C, 0xCA, 0x45, 0x05, 0x97, 0xB6, 0x76, 0x8B, 0x4C, 0x0E, 0x68, 0x80,
    0xD9, 0x0A, 0x20, 0x73, 0x8F, 0x87, 0x69, 0x94, 0x81, 0xB8, 0x02, 0x5A, 0xCF, 0xE5, 0xA2, 0x1E,
    0xEA, 0x42, 0x1C, 0x58, 0xC3, 0xC1, 0x60, 0x47, 0xCC, 0x7C, 0x53, 0x03, 0x4E, 0x4F, 0x03, 0xB8,
    0x4F, 0x68, 0x80, 0x63, 0xB7, 0xFD, 0x43, 0x4B, 0x64, 0xF3, 0xE4, 0x5C, 0xAA, 0xC1, 0x1D, 0xB2,
    0x8D, 0x5C, 0x61, 0x5F, 0x88, 0x6B, 0x28, 0xF1, 0x7B, 0xA8, 0x61, 0xF4, 0x77, 0x95, 0x8B, 0xB3,
    0xE1, 0x36, 0x71, 0x4F, 0x0C, 0x71, 0x96, 0xCE, 0x54, 0x6C, 0x11, 0x63, 0xC4, 0x1A, 0x0D, 0x22,
    0xD2, 0x06, 0x06, 0x41, 0xC0, 0x41, 0x54, 0x18, 0x5E, 0x09, 0x71, 0x17, 0x9A, 0x67, 0xE0, 0x49,
    0xE9, 0x58, 0xF2, 0x0B, 0x9A, 0x1B, 0x06, 0x65, 0x3E, 0x0B, 0xB0, 0x2F, 0x3C, 0xE9, 0x43, 0xA5,
    0x30, 0x89, 0x88, 0xE7, 0x72, 0x7B, 0x95, 0xDF, 0x1C, 0xC1, 0xC9, 0x4E, 0xD8, 0x35, 0x4E, 0xA1,
    0xD5, 0xA3, 0x39, 0x58, 0xA6, 0x55, 0xD6, 0x48, 0xD2, 0x1A, 0x0A, 0x2D, 0x6E, 0x36, 0xF1, 0xCC,
    0x14, 0x9C, 0xDD, 0xCD, 0x67, 0x30, 0x9A, 0x4D, 0x31, 0xDC, 0xB5, 0x44, 0x4F, 0x38, 0xD5, 0xC9,
    0x69, 0xDA, 0x9F, 0x18, 0x5A, 0x6F, 0xE4, 0x4B, 0x24, 0x0F, 0x5D, 0xD2, 0x28, 0xEC, 0xAF, 0x0A,
    0xC0, 0x81, 0x49, 0x41, 0x00, 0x07, 0x31, 0xC6, 0xE0, 0x8E, 0xBC, 0x1F, 0x12, 0xD3, 0x39, 0xB1,
    0x3C, 0xB4, 0x7F, 0xEF, 0x0E, 0xC2, 0x61, 0x8C, 0x40, 0x64, 0xF8, 0xB1, 0x94, 0x09, 0x8F, 0xBE,
    0xAD, 0xC2, 0x67, 0x72, 0x91, 0x5B, 0xE5, 0x4A, 0x2C, 0xE5, 0xCA, 0xB6, 0xFB, 0x9F, 0x0F, 0x31,
    0xE5, 0x03, 0xA2, 0x44, 0x9A, 0x29, 0x68, 0xA0, 0xEE, 0xF0, 0xB6, 0x20, 0x72, 0x6B, 0xFC, 0x53,
    0xFF, 0x0F, 0x03, 0x33, 0x8B, 0xA9, 0x05, 0xA5, 0xF2, 0xB2, 0xB0, 0xC0, 0xB3, 0x05, 0xBF, 0x64,
    0x34, 0x1B, 0x92, 0x34, 0x5C, 0x0A, 0x9D, 0x60, 0x4F, 0xB6, 0x0F, 0x65, 0x61, 0x89, 0x6F, 0x53,
    0xD9, 0xF8, 0xCA, 0xEB, 0x2A, 0x74, 0xF4, 0x3B, 0x73, 0xC1, 0xE0, 0x6F, 0x30, 0x35, 0x7A, 0xB2,
    0xFE, 0xE1, 0x6D, 0xE6, 0x53, 0xBB, 0xE6, 0x35, 0x8C, 0x0E, 0xCC, 0xAC, 0x4A, 0x25, 0x7D, 0xA8,
    0x13, 0xFF, 0x28, 0x78, 0x63, 0x88, 0xD9, 0xCD, 0x6B, 0x38, 0x1B, 0x31, 0x42, 0xAC, 0x10, 0x33,
    0x66, 0xA9, 0x0C, 0x51, 0x36, 0x43, 0x3D, 0x5B, 0x22, 0xB6, 0x88, 0x31, 0xB3, 0x6A, 0x15, 0x31,
    0x77, 0xF6, 0x38, 0x00, 0xDE, 0x5B, 0x85, 0xE0, 0xBB, 0xE0, 0xD9, 0x94, 0x9F, 0x76, 0xF7, 0xD1,
    0xAE, 0xFB, 0x8D, 0x59, 0xCC, 0x8C, 0x04, 0x42, 0xC6, 0x1F, 0xDB, 0x62, 0xF3, 0x73, 0xE6, 0x08,
    0x1B, 0x61, 0xBA, 0x11, 0xDC, 0x30, 0x74, 0xB2, 0xDD, 0x6D, 0xFC, 0xC1, 0x9B, 0xB8, 0x17, 0x67,
    0x8F, 0x00, 0x50, 0x63, 0x24, 0x71, 0x50, 0x10, 0x7D, 0x07, 0x7E, 0x62, 0x0B, 0xBE, 0xFE, 0x83,
    0x1E, 0x41, 0xD6, 0x20, 0xC8, 0x15, 0xFE, 0x8D, 0x47, 0x32, 0x3A, 0xDE, 0x5E, 0xFF, 0x0D, 0xE6,
    0xA7, 0x4C, 0xFF, 0x9E, 0x6C, 0x83, 0x37, 0x09, 0x6C, 0x16, 0x7D, 0xC5, 0x44, 0x6C, 0x85, 0x6F,
    0xD7, 0xA4, 0x6E, 0x85, 0x09, 0x65, 0x5A, 0xE7, 0x35, 0xEE, 0x77, 0xF2, 0xE6, 0x7B, 0x95, 0x9B,
    0x3F, 0xCD, 0x85, 0x2C, 0xB1, 0x39, 0xF7, 0xE2, 0x19, 0xA2, 0x3E, 0x49, 0x9C, 0x2E, 0x87, 0xF9,
    0x14, 0x9C, 0xEE, 0x9D, 0x4E, 0xF2, 0xED, 0xEC, 0x9D, 0xF4, 0xC7, 0xF9, 0x1F, 0xA4, 0x75, 0xDC,
    0x67, 0x53, 0xDC, 0xD8, 0xFA, 0xC3, 0x6E, 0x3D, 0xED, 0x3C, 0x9C, 0x7F, 0xFE, 0x7B, 0x39, 0x06,
    0x9E, 0x84, 0x3A, 0x68, 0x3A, 0x9F, 0x2C, 0x3F, 0xFF, 0x67, 0x8B, 0xDC, 0xF8, 0x0C, 0xFF, 0xA6,
    0xBF, 0xDB, 0x73, 0xC2, 0x7C, 0xDE, 0x9E, 0xA7, 0x07, 0x4B, 0xEC, 0xF6, 0x3C, 0x5A, 0xF5, 0xF4,
    0x57, 0xF9, 0x9C, 0xA1, 0xBE, 0xCA, 0xB8, 0xE7, 0xB3, 0x3C, 0xF5, 0x23, 0xEA, 0x7D, 0xF4, 0xD4,
    0xCA, 0xA3, 0xE9, 0xC7, 0x5F, 0xCD, 0xA6, 0xDE, 0xC5, 0x6E, 0x70, 0xB2, 0x07, 0x9A, 0x95, 0x4F,
    0x7E, 0xE7, 0xE3, 0xFF, 0xEF, 0x57, 0xA6, 0xEC, 0x13, 0xF6, 0xEB, 0xBD, 0x93, 0xBD, 0xD4, 0xF5,
    0x9C, 0x28, 0x3F, 0x3E, 0x74, 0xC8, 0x76, 0xF3, 0xE6, 0x35, 0x8F, 0x9A, 0x8F, 0xDB, 0xD5, 0xA9,
    0x3E, 0xF6, 0x45, 0x33, 0xEE, 0xB9, 0x7A, 0x7E, 0xAA, 0xFF, 0x77, 0xEC, 0x7F, 0xFF, 0x77, 0x27,
    0x7B, 0x0E, 0xD9, 0xCF, 0x9F, 0xF4, 0x7A, 0x5B, 0xED, 0x33, 0x4F, 0xB6, 0xDE, 0xCB, 0x0E, 0xAC,
    0x64, 0xA8, 0xD4, 0xCF, 0x7F, 0x05, 0xAF, 0x77, 0xC9, 0xFC, 0x51, 0xE7, 0x27, 0x65, 0xEB, 0xBD,
    0x4E, 0xEE, 0x7A, 0xA5, 0x1B, 0x8A, 0x0E, 0x5C, 0x97, 0x94, 0x73, 0x26, 0xC7, 0xCD, 0x8C, 0xB7,
    0x38, 0x8A, 0xA8, 0xDB, 0xFB, 0x5F, 0x7D, 0x5F, 0xFF, 0x0D, 0xE9, 0x7F, 0x79, 0x3E, 0xB1, 0x7F,
    0x66, 0xBC, 0xC5, 0x57, 0x0B, 0x82, 0x97, 0x80, 0x7F, 0xF6, 0xA7, 0x46, 0x9D, 0x3D, 0x9B, 0xF4,
    0x00, 0x2C, 0xC7, 0x82, 0xEB, 0xE8, 0x40, 0x6C, 0x17, 0x47, 0x54, 0x48, 0x5A, 0x02, 0x9D, 0xDD,
    0xFE, 0xFF, 0x21, 0xFD, 0xAF, 0x4A, 0xFF, 0x9F, 0xBE, 0xAF, 0xFF, 0xE5, 0x34, 0x59, 0xFC, 0x91,
    0x89, 0xAC, 0x60, 0xA6, 0x17, 0x39, 0x7F, 0xEC, 0x3B, 0x46, 0xFF, 0xFB, 0x17, 0x3B, 0xCB, 0xC9,
    0x7B, 0x3D, 0x8F, 0x74, 0xC3, 0x2B, 0x5F, 0x3C, 0x5E, 0xB6, 0x7A, 0x78, 0x67, 0x41, 0xB9, 0x63,
    0xC3, 0x7B, 0x90, 0x17, 0x1F, 0xFE, 0x8F, 0x59, 0xEB, 0xC6, 0xEB, 0xA9, 0xF7, 0xB4, 0x05, 0x35,
    0x25, 0x02, 0x1B, 0x61, 0xEF, 0xC5, 0xC5, 0xAF, 0xB5, 0x86, 0xD5, 0x95, 0x2E, 0x4A, 0xAA, 0x1E,
    0xF5, 0xD5, 0xD6, 0xE0, 0x88, 0x77, 0x76, 0x13, 0x75, 0x64, 0xD4, 0x83, 0x74, 0xD1, 0x1A, 0x3C,
    0x21, 0x97, 0x5D, 0x49, 0x51, 0x1D, 0x50, 0x13, 0x78, 0x59, 0x50, 0xFC, 0x93, 0x6C, 0x03, 0xF7,
    0x7B, 0x1A, 0xEF, 0x5F, 0x12, 0xFE, 0x2D, 0xBE, 0xFE, 0x3C, 0x7F, 0x30, 0x60, 0x63, 0x4A, 0xBA,
    0x60, 0x25, 0xF3, 0xAE, 0xA7, 0x4F, 0xE5, 0xC8, 0xF1, 0xB9, 0x82, 0x25, 0x03, 0x9D, 0xD4, 0xBB,
    0xCE, 0x53, 0xFF, 0x93, 0xA7, 0x5E, 0x75, 0x7A, 0xDC, 0xF3, 0xCA, 0xFC, 0x53, 0xDF, 0xDC, 0x78,
    0xEA, 0xD5, 0x72, 0xE9, 0x1D, 0xC2, 0x01, 0xF1, 0x7A, 0xAE, 0x7D, 0xA3, 0x69, 0x6B, 0x74, 0x8D,
    0x69, 0x6B, 0x58, 0x5F, 0x65, 0x92, 0x9F, 0x71, 0x84, 0x36, 0x25, 0xBE, 0x62, 0x68, 0xB0, 0x8C,
    0xDE, 0xA5, 0x5E, 0x57, 0x29, 0x89, 0xB9, 0xB3, 0x67, 0x92, 0xBD, 0x8B, 0x44, 0x8A, 0x60, 0xF5,
    0x68, 0x90, 0xA0, 0x09, 0x73, 0x8D, 0x57, 0xD6, 0xA0, 0xBD, 0x1F, 0x2C, 0xDF, 0xAE, 0xA2, 0xAE,
    0xF4, 0x69, 0x12, 0xA7, 0x9A, 0xA0, 0xD0, 0x60, 0x66, 0x41, 0xEF, 0x1B, 0xEB, 0xF2, 0xC0, 0x61,
    0x65, 0xBB, 0xAF, 0xA5, 0xDA, 0xFB, 0xC7, 0x2A, 0x11, 0xB0, 0x21, 0x34, 0x89, 0x0A, 0x34, 0xF4,
    0x9C, 0x9A, 0x63, 0x16, 0xA2, 0x54, 0x10, 0x47, 0x90, 0x4C, 0xB2, 0x2F, 0xB5, 0x0B, 0x6F, 0x2B,
    0xF8, 0xF2, 0x43, 0x80, 0x7F, 0xB3, 0x82, 0xCF, 0x68, 0xE2, 0x77, 0xD1, 0xD0, 0x74, 0x2A, 0xCA,
    0x66, 0xC1, 0x2F, 0xEF, 0x02, 0x7C, 0x77, 0x0C, 0x5F, 0xDD, 0x78, 0x82, 0xDE, 0x2D, 0xCE, 0x30,
    0x77, 0x01, 0xFE, 0x9A, 0x83, 0xEF, 0x14, 0x34, 0xF1, 0x06, 0x68, 0xAA, 0xF5, 0x24, 0x28, 0x1D,
    0xFC, 0xE6, 0x5D, 0x80, 0x1F, 0x02, 0xEA, 0x7A, 0xA7, 0x07, 0x4D, 0x58, 0x49, 0xAB, 0x7B, 0x37,
    0x4E, 0xB3, 0x8C, 0xF3, 0xA1, 0xDC, 0x0A, 0xEC, 0x7A, 0x71, 0x46, 0x3F, 0xAF, 0xF6, 0xEC, 0x30,
    0x73, 0x1E, 0xD7, 0x87, 0x30, 0x07, 0xF7, 0x8F, 0x7C, 0x6D, 0x57, 0x3A, 0xAA, 0x26, 0xCD, 0x33,
    0x77, 0xDB, 0xA3, 0x5D, 0x75, 0x1E, 0x5F, 0xB0, 0x19, 0x09, 0x84, 0x7D, 0x34, 0x90, 0x64, 0x4E,
    0xFB, 0x5D, 0xE7, 0x91, 0xC6, 0x5D, 0xF6, 0xD8, 0xB1, 0x97, 0x70, 0x2E, 0xD7, 0x6C, 0x0F, 0x12,
    0xD7, 0x91, 0x51, 0xB9, 0x1B, 0xF9, 0x26, 0xCE, 0x2A, 0xB7, 0xBE, 0x1B, 0xE9, 0xD8, 0xB1, 0x58,
    0xDF, 0xC5, 0x86, 0x8E, 0xBD, 0x9E, 0x02, 0x6A, 0xB8, 0xD6, 0x19, 0xA6, 0x90, 0x88, 0xDC, 0x3F,
    0x00, 0x0D, 0x90, 0x14, 0xA3, 0xD6, 0xDB, 0x62, 0x16, 0x00, 0x95, 0x59, 0xC3, 0xF8, 0x5E, 0x2A,
    0x98, 0x0F, 0xA7, 0x0D, 0x07, 0x7E, 0x1A, 0xAF, 0xBF, 0x22, 0xC4, 0xFD, 0x6E, 0xAA, 0x69, 0xA3,
    0xD1, 0x08, 0x77, 0xB3, 0x1F, 0x66, 0x12, 0x26, 0x3F, 0x2A, 0x4C, 0xBE, 0x25, 0x4C, 0x7E, 0xF4,
    0x2E, 0x30, 0xF9, 0x21, 0x61, 0xF2, 0x66, 0x83, 0xE4, 0xD0, 0x5D, 0x60, 0xF2, 0x83, 0x8E, 0xCA,
    0x55, 0xDA, 0x24, 0xFE, 0x14, 0x8E, 0xCC, 0x45, 0x61, 0x70, 0x14, 0xCC, 0x5D, 0x88, 0xDA, 0x55,
    0xDF, 0xB1, 0xBB, 0xCA, 0x04, 0xFE, 0x8B, 0x38, 0x7E, 0x17, 0x45, 0xFB, 0xAE, 0xC1, 0x97, 0x5E,
    0x26, 0x7C, 0x1F, 0x94, 0x4D, 0xA2, 0x6F, 0x65, 0x1F, 0x06, 0xDF, 0x0B, 0xBC, 0xF5, 0x8D, 0xE3,
    0xFB, 0xEC, 0xC3, 0xE0, 0xFB, 0x23, 0x8E, 0x90, 0xB7, 0x1C, 0xDF, 0x1F, 0xF9, 0x30, 0xF8, 0xFE,
    0xA8, 0x83, 0x5F, 0x76, 0x7C, 0x7F, 0xF4, 0xC3, 0xE0, 0xFB, 0x7B, 0x1C, 0xDF, 0xC7, 0x8E, 0xEF,
    0xEF, 0xF9, 0x30, 0xF8, 0xDE, 0x4F, 0x1D, 0xDF, 0x87, 0xB9, 0xE3, 0xFB, 0xE3, 0xE9, 0x5F, 0x09,
    0xDF, 0x1F, 0xAE, 0xF8, 0x5E, 0x57, 0x7C, 0x7F, 0xEC, 0xAF, 0x84, 0xEF, 0x0F, 0x8E, 0x08, 0x5F,
    0xA5, 0x15, 0xE3, 0x1F, 0xDC, 0xA5, 0x7C, 0x46, 0x9C, 0xCF, 0x88, 0xF4, 0xF9, 0x10, 0xD9, 0x77,
    0x94, 0x02, 0x8E, 0x8E, 0x52, 0xC0, 0xD6, 0x28, 0x05, 0x1C, 0xFD, 0x6B, 0x4A, 0x01, 0xD9, 0x28,
    0x05, 0xF8, 0x66, 0x37, 0x05, 0x64, 0x7F, 0xFD, 0x29, 0x60, 0xE2, 0x3B, 0xF1, 0xFA, 0xFF, 0xFE,
    0x92, 0xF6, 0xED, 0x13, 0x9A, 0x3F, 0xEE, 0x69, 0x74, 0xFA, 0x73, 0xA4, 0x80, 0x7F, 0x9C, 0xC6,
    0x57, 0xDE, 0xF9, 0x5F, 0x45, 0x83, 0xB3, 0xEF, 0xE5, 0x1A, 0xD5, 0x49, 0x35, 0xC1, 0x9F, 0xE0,
    0xF2, 0xC0, 0xCF, 0xCF, 0x85, 0x92, 0x15, 0x7E, 0x71, 0x4A, 0xD2, 0xC2, 0x6F, 0x7C, 0xB6, 0x41,
    0xF2, 0xA0, 0xD1, 0x84, 0x57, 0x0B, 0x8D, 0x77, 0x11, 0x97, 0x1A, 0xEE, 0x0A, 0x93, 0x7F, 0x34,
    0x93, 0x44, 0xF1, 0xA0, 0xB0, 0x49, 0xFC, 0xC4, 0xA6, 0x26, 0xF8, 0xBE, 0xB9, 0xBB, 0x89, 0xE2,
    0xE0, 0x9F, 0x48, 0xA2, 0xA8, 0x7D, 0x5A, 0xE0, 0x7F, 0x7F, 0x59, 0xE3, 0x5F, 0x35, 0x77, 0x31,
    0x51, 0xFC, 0x7F, 0xC5, 0x95, 0x01, 0x88, 0x1C, 0xD7, 0x7D, 0xC6, 0x7F, 0x3B, 0x73, 0xD6, 0xD8,
    0x99, 0xEA, 0xDE, 0xD2, 0xCA, 0xED, 0xB5, 0x4A, 0x6F, 0x64, 0xF7, 0x42, 0xDD, 0x76, 0x57, 0x13,
    0xC0, 0x0D, 0x97, 0xF2, 0xF6, 0xF6, 0x15, 0x05, 0x1C, 0x08, 0xAE, 0x0F, 0x5C, 0x39, 0x05, 0x95,
    0xF8, 0x42, 0x0A, 0x05, 0x30, 0x48, 0x80, 0x0A, 0x51, 0x73, 0xD6, 0xBE, 0xB4, 0x05, 0x00, 0x5A,
    0x72, 0x00, 0x72, 0x68, 0xDD, 0xB6, 0x07, 0x14, 0x5A, 0x56, 0x29, 0xB7, 0x86, 0x2D, 0x1C, 0xB6,
    0x74, 0xFB, 0x1C, 0x07, 0x1B, 0x53, 0x40, 0x63, 0xBB, 0xD4, 0x01, 0x53, 0x6B, 0xA2, 0x4A, 0x48,
    0x91, 0x82, 0x34, 0x92, 0x56, 0xD2, 0xDE, 0x69, 0x77, 0x5F, 0x77, 0xDE, 0x9E, 0x7D, 0x6D, 0x64,
    0x1B, 0x59, 0xB7, 0x2B, 0xDF, 0xCD, 0xFC, 0xDF, 0xEC, 0xBE, 0x37, 0xDF, 0xF7, 0x7F, 0xDF, 0xCD,
    0xCD, 0xCF, 0xB3, 0x29, 0x57, 0xC5, 0xC5, 0xFE, 0xE4, 0x81, 0x39, 0xC2, 0xF7, 0xBE, 0x21, 0xE1,
    0x76, 0x57, 0xC2, 0x5E, 0x4A, 0x10, 0x2A, 0x9B, 0x01, 0x2B, 0x4B, 0xC0, 0x24, 0xF7, 0x54, 0x06,
    0xF2, 0x85, 0x97, 0x10, 0x17, 0x6D, 0xF8, 0x2B, 0x0C, 0x0C, 0xCE, 0x3F, 0x85, 0x84, 0x8D, 0x2E,
    0xCE, 0x62, 0xE8, 0x81, 0x33, 0x19, 0xBA, 0x30, 0xC9, 0x76, 0xAB, 0x67, 0xCF, 0xF2, 0x9C, 0x1A,
    0x38, 0xFE, 0xC5, 0xEB, 0x66, 0x0E, 0xEF, 0xC6, 0x3B, 0x46, 0xC2, 0x5C, 0x0B, 0x09, 0xA1, 0xA6,
    0x04, 0x5E, 0x3A, 0x72, 0xC7, 0x36, 0x7F, 0x9C, 0x3B, 0x7E, 0xF7, 0xCD, 0xDC, 0xB1, 0xF3, 0x3F,
    0xB9, 0x63, 0xDC, 0x52, 0x12, 0x02, 0x43, 0x09, 0xC8, 0x46, 0xEE, 0xB8, 0x4E, 0x58, 0x14, 0x17,
    0x5B, 0xC9, 0x8D, 0xC6, 0x1C, 0x85, 0xDE, 0xBF, 0xA7, 0x12, 0xA2, 0x56, 0xEE, 0xEB, 0xA7, 0xCE,
    0x71, 0x75, 0xE4, 0x8E, 0x7D, 0x1E, 0xF8, 0x91, 0xD8, 0x68, 0x75, 0x3E, 0xFF, 0xD7, 0x73, 0x50,
    0xFB, 0x03, 0x29, 0x21, 0xB8, 0xDD, 0x96, 0xC0, 0xF3, 0xCE, 0x51, 0xA8, 0xD1, 0x3A, 0x16, 0x6C,
    0x5F, 0xF3, 0xA4, 0x12, 0x1B, 0x2B, 0x7D, 0x7E, 0x9C, 0xEC, 0x85, 0xDD, 0xD9, 0x35, 0x23, 0x81,
    0xB5, 0x9A, 0x96, 0x40, 0x38, 0x8C, 0xB6, 0xE0, 0xB2, 0xDD, 0x32, 0x66, 0x92, 0x11, 0x0E, 0x05,
    0x6B, 0x97, 0xF0, 0x07, 0xFB, 0x3E, 0x6E, 0xF5, 0x97, 0x9F, 0x8B, 0x21, 0xE8, 0x96, 0xBF, 0x2D,
    0x81, 0xF8, 0x7B, 0x99, 0x04, 0xBC, 0xB6, 0x6B, 0x82, 0xCA, 0x58, 0x9B, 0x68, 0xD9, 0x73, 0xE4,
    0xCF, 0xF4, 0x46, 0xDD, 0x76, 0xBC, 0xD7, 0x4D, 0x9C, 0x7F, 0xF5, 0x5D, 0xF7, 0x5C, 0xE3, 0x75,
    0x5B, 0x48, 0x80, 0x48, 0x0F, 0x3B, 0xF1, 0x5C, 0x1E, 0x5B, 0xBD, 0x38, 0x99, 0xF1, 0x8C, 0xB4,
    0xEC, 0x86, 0x62, 0xE2, 0x3F, 0x45, 0xBF, 0xDE, 0xEA, 0xAB, 0x9D, 0x7F, 0x13, 0x2B, 0xD8, 0xDD,
    0x13, 0x25, 0x09, 0x10, 0xBF, 0xDB, 0x76, 0x63, 0xE1, 0xC4, 0xB0, 0x2F, 0x84, 0xBE, 0x5F, 0x7D,
    0x05, 0xBD, 0xB0, 0x1D, 0xAD, 0x9C, 0x5E, 0x96, 0x5E, 0x17, 0xC9, 0x09, 0x24, 0x92, 0x32, 0xD3,
    0xD8, 0x6C, 0xE8, 0x3D, 0xC9, 0xDD, 0x9F, 0x81, 0x55, 0x96, 0xE8, 0xD2, 0xF5, 0x0D, 0x2A, 0xD4,
    0x0C, 0x12, 0x91, 0x17, 0xDF, 0x50, 0xC6, 0x4B, 0xD8, 0xF6, 0xEB, 0xD1, 0xB7, 0x3A, 0x36, 0xD1,
    0xA5, 0xCE, 0x9A, 0xAE, 0x10, 0x67, 0x48, 0x82, 0xBC, 0x14, 0x32, 0xCA, 0xB0, 0xCA, 0x08, 0xDE,
    0xBE, 0x4B, 0x51, 0x2A, 0x2E, 0x76, 0xE7, 0x96, 0x2A, 0x44, 0x4D, 0x24, 0x7E, 0x1B, 0x09, 0x1D,
    0x4A, 0x20, 0x47, 0x22, 0x2F, 0x06, 0xF2, 0xBD, 0xB9, 0xE5, 0x81, 0xFC, 0x2A, 0x12, 0xAF, 0x83,
    0x84, 0x13, 0x23, 0x93, 0x4F, 0xBD, 0xEE, 0x00, 0x4D, 0xE1, 0x85, 0x39, 0xC2, 0xD3, 0x48, 0xB0,
    0x79, 0x89, 0x47, 0x86, 0x26, 0x27, 0x6F, 0x9D, 0xFC, 0x15, 0x24, 0xB4, 0xB6, 0xE4, 0xF5, 0x08,
    0xE4, 0xCF, 0xD2, 0x72, 0x54, 0xD8, 0x60, 0x0E, 0xEF, 0x96, 0x41, 0x42, 0xD5, 0xD5, 0xD0, 0x8C,
    0x8D, 0x43, 0x35, 0x3D, 0xA0, 0x82, 0xDE, 0x50, 0x03, 0xC7, 0xF5, 0xD4, 0x6D, 0x27, 0xC9, 0x6B,
    0x90, 0x8E, 0x89, 0x43, 0x1D, 0xE2, 0x24, 0xE7, 0xD0, 0x51, 0x9D, 0x73, 0xA8, 0x81, 0x84, 0x28,
    0xCB, 0xAB, 0x9F, 0x8D, 0x8D, 0x43, 0x5E, 0x77, 0xE0, 0xD8, 0xC9, 0xFF, 0x6C, 0xD4, 0xBE, 0xE7,
    0x76, 0x67, 0xF3, 0x4A, 0x6D, 0x4C, 0x1C, 0xB2, 0x4B, 0xC4, 0xC6, 0x71, 0x68, 0x4D, 0xE7, 0x1C,
    0x6A, 0x67, 0x38, 0x0E, 0x0D, 0x87, 0x30, 0x1B, 0x72, 0xA8, 0x33, 0x76, 0x0E, 0x85, 0x6D, 0xC7,
    0xA1, 0x68, 0x39, 0x86, 0x1D, 0xBD, 0x12, 0x8E, 0x43, 0x5D, 0x37, 0x78, 0x3D, 0xD7, 0x04, 0xD5,
    0x31, 0x73, 0xE8, 0xA7, 0x50, 0xD5, 0x8E, 0x43, 0x6C, 0x68, 0xC7, 0xA1, 0x24, 0xDD, 0x6C, 0x60,
    0x38, 0x12, 0x65, 0x9F, 0x11, 0x87, 0x0A, 0xBD, 0x9C, 0x43, 0x56, 0xF9, 0x3F, 0x8D, 0xC9, 0x39,
    0x14, 0xAA, 0x21, 0x87, 0x2E, 0xE1, 0x46, 0x5A, 0x6A, 0x93, 0x43, 0xE6, 0xFE, 0x72, 0xE8, 0x4A,
    0xCE, 0xA1, 0x05, 0xC9, 0x89, 0x4C, 0x22, 0x17, 0xB6, 0xC1, 0xA1, 0x16, 0xD1, 0xF1, 0x6B, 0x8E,
    0x43, 0x6F, 0x22, 0x11, 0xA7, 0x90, 0xF8, 0x6F, 0x8E, 0x94, 0x43, 0xC7, 0x87, 0x1C, 0xBA, 0xAA,
    0x24, 0xC1, 0x75, 0x23, 0x29, 0x5C, 0x55, 0xE3, 0xE0, 0x90, 0x96, 0xF8, 0x37, 0x53, 0x09, 0x1D,
    0x5D, 0x1E, 0x19, 0x87, 0xB2, 0x0F, 0x39, 0xB4, 0x24, 0xF1, 0xD6, 0xB3, 0x9C, 0x43, 0x4B, 0xE5,
    0x11, 0x73, 0xA8, 0x42, 0x78, 0x7A, 0x97, 0x04, 0x2B, 0x25, 0xC4, 0x33, 0xA3, 0x02, 0x45, 0xEA,
    0xF5, 0x72, 0x0E, 0xE5, 0xF2, 0x57, 0xA6, 0x24, 0xB4, 0x9C, 0xFC, 0xD4, 0x68, 0x39, 0xD4, 0x1A,
    0x70, 0xA8, 0x82, 0x77, 0xF3, 0x75, 0xC7, 0xA1, 0x53, 0x8E, 0x43, 0xAF, 0x8F, 0x8D, 0x43, 0xD5,
    0x4D, 0x0E, 0x0D, 0x1C, 0xD7, 0xCF, 0x38, 0x0E, 0xBD, 0xA7, 0x25, 0x04, 0x67, 0xEE, 0x0B, 0x87,
    0x5E, 0xCA, 0xBD, 0xA2, 0xEB, 0x89, 0x04, 0xFF, 0xAA, 0x2E, 0x01, 0x27, 0xC6, 0xC4, 0xA1, 0x95,
    0x8E, 0x18, 0x72, 0x68, 0x26, 0xF7, 0xB2, 0xD2, 0x71, 0x68, 0xA6, 0x3C, 0x4E, 0x0E, 0x1D, 0xFF,
    0x80, 0x43, 0xD9, 0x55, 0x2D, 0x81, 0xA3, 0xD7, 0x8D, 0xE3, 0xD0, 0x55, 0x7D, 0xBF, 0x39, 0xB4,
    0xD7, 0x71, 0x68, 0x41, 0x02, 0x51, 0x37, 0x93, 0x40, 0xA1, 0xBB, 0x50, 0x02, 0x98, 0xBB, 0x0F,
    0x1C, 0x32, 0x9B, 0x1C, 0x52, 0x43, 0x0E, 0x9D, 0xD9, 0xE4, 0xD0, 0x79, 0x33, 0xE4, 0xD0, 0x19,
    0xF5, 0x19, 0x71, 0xA8, 0x3F, 0xE0, 0xD0, 0xCA, 0xFF, 0xE1, 0xD0, 0x57, 0x37, 0x39, 0x54, 0xDE,
    0xE4, 0xD0, 0x57, 0x3F, 0x43, 0x0E, 0x7D, 0x51, 0x72, 0xF2, 0xB2, 0x44, 0x76, 0x07, 0x1C, 0x2A,
    0x6E, 0x9B, 0x43, 0x6F, 0x20, 0x11, 0x97, 0x13, 0x89, 0x7F, 0xCA, 0x94, 0xF1, 0xDE, 0x1A, 0x21,
    0x87, 0x4C, 0x85, 0x38, 0x33, 0x92, 0xE0, 0x76, 0x53, 0x52, 0xB8, 0x9E, 0xE5, 0x1C, 0x52, 0x23,
    0xE6, 0xD0, 0xB2, 0xC4, 0xBF, 0xF5, 0x03, 0x09, 0x1B, 0x9D, 0x71, 0x70, 0xE8, 0x90, 0xC4, 0xBB,
    0x9D, 0xCB, 0x9F, 0x74, 0xF2, 0xC5, 0xD1, 0x70, 0x08, 0x07, 0x22, 0x72, 0x12, 0xFD, 0x02, 0x12,
    0xEC, 0x2B, 0x4A, 0x42, 0x5C, 0x25, 0xA7, 0xC5, 0x5F, 0x8D, 0xF8, 0x2D, 0xE7, 0xD0, 0x84, 0x63,
    0x13, 0x39, 0x9C, 0x9C, 0x63, 0xEB, 0x3B, 0x7A, 0x6C, 0x8E, 0x77, 0xD0, 0xEA, 0x35, 0x25, 0xA1,
    0xFA, 0x7E, 0x2A, 0x21, 0x3C, 0x65, 0x72, 0x5A, 0xFD, 0x64, 0x7C, 0xB4, 0xD2, 0x8E, 0x56, 0x6E,
    0x77, 0xEF, 0x37, 0x24, 0x04, 0x97, 0xD2, 0xFB, 0x41, 0xAB, 0x46, 0x22, 0x21, 0xBA, 0xB5, 0x2A,
    0xC1, 0xBF, 0x9E, 0x39, 0x5A, 0xA9, 0x71, 0xD0, 0x8A, 0x21, 0xAE, 0x70, 0xBC, 0xFA, 0x3C, 0x0E,
    0x58, 0xAF, 0xE0, 0x88, 0x55, 0xC5, 0x21, 0xEB, 0x2B, 0xE3, 0x65, 0xC7, 0x1D, 0x00, 0xCB, 0x8C,
    0x03, 0x98, 0xDB, 0x3A, 0xE1, 0x70, 0xEF, 0x85, 0x8E, 0xBA, 0xCF, 0x00, 0x7B, 0x7C, 0x08, 0xB0,
    0xCB, 0x0E, 0x60, 0xBD, 0x6E, 0x09, 0xA0, 0x5A, 0xBC, 0x7F, 0x00, 0xD3, 0x9B, 0x00, 0xD3, 0x43,
    0x80, 0x5D, 0x6E, 0x0C, 0x01, 0x76, 0x3E, 0xFD, 0xAC, 0x00, 0xC6, 0x07, 0x04, 0x63, 0x13, 0x61,
    0x4F, 0xB2, 0xC9, 0xB0, 0xDF, 0x33, 0x9B, 0x10, 0x3B, 0xA8, 0x3E, 0xA0, 0xD8, 0xB0, 0xBB, 0xAD,
    0xF6, 0x9C, 0xDE, 0xD8, 0x2F, 0xA2, 0x8C, 0xA3, 0x27, 0x69, 0x0A, 0xB2, 0x40, 0x37, 0x7C, 0x33,
    0xEB, 0x25, 0x08, 0xCB, 0xE7, 0xD6, 0x21, 0xFD, 0xE4, 0x23, 0xEC, 0x40, 0xDC, 0x02, 0x19, 0x18,
    0xF2, 0xBB, 0x66, 0xC9, 0x90, 0x34, 0xC1, 0xB7, 0x06, 0x6F, 0x4D, 0xC1, 0x2C, 0x77, 0x7B, 0x8A,
    0x1E, 0xD4, 0x56, 0x0C, 0x6D, 0x2F, 0x23, 0x63, 0x91, 0x8C, 0x69, 0x9A, 0x08, 0xA0, 0xDA, 0x85,
    0xDF, 0x39, 0x0B, 0xBE, 0xBE, 0xDB, 0x33, 0x4A, 0x17, 0xE6, 0xBA, 0x9D, 0x66, 0x79, 0xA1, 0x21,
    0x38, 0x1C, 0x32, 0x1B, 0xA8, 0x81, 0x48, 0xAE, 0xE1, 0xEB, 0x4F, 0x3E, 0xA2, 0x6C, 0xEA, 0xE8,
    0x49, 0xD9, 0x14, 0x8F, 0x7D, 0xFA, 0x24, 0x1E, 0x22, 0x6E, 0x09, 0x64, 0xF0, 0xE6, 0x28, 0x92,
    0xD0, 0xB5, 0x95, 0x1F, 0xA6, 0x83, 0x24, 0xF4, 0xF6, 0x93, 0x78, 0x52, 0xCD, 0x75, 0x7F, 0x9C,
    0x34, 0xCB, 0x37, 0x4D, 0x43, 0xD4, 0xF4, 0xE1, 0x70, 0xC2, 0xC5, 0x71, 0x0F, 0x52, 0x44, 0xD9,
    0xEE, 0xE2, 0xD1, 0x93, 0x2F, 0x1D, 0x6A, 0x8A, 0x23, 0x59, 0x16, 0xAC, 0x24, 0x0D, 0xFF, 0x55,
    0xB7, 0x57, 0x84, 0xC5, 0x65, 0x44, 0x7A, 0xD7, 0x67, 0xD8, 0xD9, 0xF1, 0xA3, 0xB8, 0x55, 0x7A,
    0x4E, 0x06, 0xEF, 0x2F, 0xCE, 0x7A, 0x57, 0xB2, 0x59, 0x32, 0x75, 0xEF, 0x79, 0x15, 0x7E, 0x97,
    0xDA, 0xCA, 0x6B, 0xDF, 0xD2, 0x6D, 0xEF, 0xFA, 0x7B, 0x64, 0x3C, 0xDF, 0xCF, 0x33, 0x2B, 0xBA,
    0xD0, 0x36, 0x53, 0x73, 0x7B, 0xC5, 0xD7, 0xF7, 0x50, 0xA2, 0x33, 0xDD, 0x39, 0xFB, 0xB3, 0x66,
    0xCC, 0xA7, 0x7F, 0x98, 0x5A, 0x1C, 0x6D, 0xDD, 0xA6, 0x29, 0x0C, 0x59, 0x60, 0x68, 0xF8, 0x66,
    0x1B, 0x79, 0xC5, 0x26, 0x6E, 0xAD, 0x19, 0x19, 0x64, 0x03, 0x8D, 0x6C, 0x9B, 0xCF, 0x97, 0xD7,
    0xAD, 0xAD, 0xFC, 0xC7, 0xCF, 0xDA, 0x9E, 0x25, 0xE3, 0x28, 0x19, 0xD1, 0xBD, 0x3F, 0x5F, 0x5B,
    0xE1, 0xC8, 0x6D, 0x84, 0x73, 0x6A, 0x84, 0xE1, 0xDC, 0x32, 0x23, 0x0C, 0x67, 0x71, 0x9B, 0xE1,
    0x30, 0x67, 0x2F, 0xD0, 0x8C, 0x7F, 0x5D, 0x35, 0xC4, 0x9F, 0x9B, 0xC3, 0x61, 0x55, 0xCD, 0x06,
    0x5F, 0xB9, 0x17, 0x29, 0x86, 0x79, 0x6D, 0xD0, 0x14, 0x6F, 0xCC, 0x67, 0xC1, 0xFB, 0x8D, 0x86,
    0x7F, 0x2A, 0x99, 0xF5, 0xDE, 0xDA, 0x4E, 0x5E, 0x5A, 0x06, 0x57, 0xCF, 0xCE, 0x7A, 0xD7, 0x7F,
    0x30, 0xCB, 0xF5, 0x8E, 0xA4, 0xA9, 0xEE, 0x35, 0x2F, 0x06, 0x81, 0x5D, 0x60, 0x90, 0xD8, 0xCE,
    0x3C, 0xB2, 0x57, 0x4C, 0x46, 0x54, 0x55, 0x4D, 0xC4, 0xC4, 0xF6, 0xFF, 0xF9, 0xAC, 0xB5, 0xAA,
    0x5E, 0xAF, 0x6F, 0xA2, 0x7E, 0x3F, 0x8F, 0x0B, 0x8B, 0x14, 0xC7, 0x28, 0xF9, 0x86, 0xC9, 0x42,
    0x4A, 0xA8, 0x52, 0xFC, 0xF3, 0x09, 0x58, 0x0D, 0x13, 0x7C, 0xEA, 0xF5, 0xCC, 0x00, 0x8B, 0xC3,
    0xD1, 0x66, 0xD4, 0x97, 0xF9, 0xF0, 0xE7, 0x81, 0xFD, 0xAA, 0x6A, 0x4D, 0xF5, 0x98, 0x8A, 0x15,
    0x3B, 0x72, 0x65, 0xB3, 0x72, 0x51, 0x85, 0x8A, 0xAD, 0xE3, 0xD8, 0x7C, 0xD5, 0x76, 0xAA, 0xC7,
    0xE6, 0x05, 0xD4, 0xAC, 0xED, 0xFC, 0x76, 0x7D, 0xED, 0x9F, 0x79, 0x60, 0x15, 0x6C, 0x07, 0xEF,
    0xDC, 0xBC, 0xF6, 0x5E, 0xF5, 0x32, 0x6C, 0x47, 0x4F, 0xFC, 0xD6, 0x22, 0xD3, 0x94, 0x11, 0xE7,
    0x16, 0x29, 0xD8, 0x36, 0x14, 0x5C, 0x9F, 0xDD, 0x7A, 0x7D, 0xED, 0x5F, 0x99, 0x3F, 0x4A, 0x7C,
    0xD5, 0x9A, 0xCA, 0xBE, 0xF3, 0x69, 0xE5, 0x17, 0x4D, 0x2A, 0xDA, 0xDD, 0x54, 0x2C, 0xFD, 0x72,
    0x22, 0x08, 0x8D, 0x38, 0xD6, 0xC2, 0xB7, 0x1D, 0xD8, 0x05, 0xF9, 0xF2, 0x95, 0x0B, 0xEC, 0x56,
    0x81, 0x55, 0xF1, 0x31, 0x24, 0xC3, 0xA3, 0x18, 0xBD, 0x90, 0x05, 0xD6, 0xB0, 0x2B, 0x17, 0xD4,
    0xF5, 0x95, 0xBA, 0x22, 0x82, 0xFC, 0x9B, 0xF8, 0x85, 0x36, 0xD2, 0xFD, 0x96, 0x5D, 0x8D, 0x5E,
    0xE8, 0x12, 0xD8, 0x14, 0x26, 0x5C, 0xB3, 0x7A, 0xD0, 0xAC, 0x62, 0xAB, 0x59, 0xBC, 0x57, 0x71,
    0xD7, 0x1F, 0xD3, 0x2C, 0xF5, 0xE3, 0x17, 0x21, 0x30, 0x9B, 0xDA, 0x1A, 0x19, 0x65, 0xC8, 0xCA,
    0x22, 0x72, 0x56, 0x12, 0xF5, 0x56, 0x9D, 0xF6, 0xB0, 0xD1, 0x5E, 0xFD, 0xF8, 0x05, 0x9E, 0x49,
    0x84, 0x4D, 0xE2, 0xFD, 0xAA, 0x04, 0xD3, 0x13, 0x84, 0xD6, 0x88, 0x17, 0xB2, 0x32, 0x8D, 0x12,
    0xD9, 0xB4, 0x9F, 0x08, 0x8D, 0xD7, 0x86, 0x05, 0xAC, 0xED, 0xFF, 0xFC, 0xE2, 0x5D, 0x84, 0x36,
    0x11, 0xDF, 0xCF, 0xCA, 0x51, 0xBB, 0x54, 0x69, 0x4E, 0x17, 0x33, 0xA1, 0x8B, 0x5E, 0x06, 0x87,
    0xB0, 0xB6, 0x53, 0x5F, 0x49, 0x39, 0xA0, 0x22, 0xAB, 0x2A, 0xFB, 0x91, 0xBB, 0x88, 0xFA, 0xC4,
    0x7F, 0x88, 0x2C, 0x20, 0x85, 0x89, 0x9F, 0x35, 0xA1, 0x55, 0xFC, 0x92, 0xC6, 0x33, 0xB8, 0x96,
    0xAD, 0xA9, 0xD7, 0xF3, 0x4D, 0x52, 0xF8, 0x36, 0xD0, 0xEA, 0x80, 0xB7, 0x3E, 0x0F, 0xBE, 0x21,
    0x2F, 0x45, 0xAA, 0xEF, 0x98, 0x2E, 0x47, 0xAE, 0xB5, 0x7B, 0xFC, 0xD9, 0x6A, 0xAB, 0x4B, 0x75,
    0xB1, 0xB6, 0x0A, 0x71, 0x5B, 0x42, 0x8D, 0xE9, 0xBC, 0x4C, 0xC2, 0x43, 0x9B, 0x52, 0xD4, 0xEB,
    0x2B, 0x17, 0x41, 0x05, 0x9A, 0xB0, 0x17, 0x27, 0xC4, 0xCF, 0xAE, 0xB7, 0x91, 0x7E, 0x22, 0x07,
    0xC5, 0x0C, 0x4A, 0xA8, 0x25, 0x7B, 0x0F, 0xDE, 0xE8, 0x20, 0xBA, 0xB5, 0x14, 0x54, 0x01, 0x16,
    0xB2, 0x05, 0x26, 0xA0, 0xA5, 0x67, 0x7E, 0xD3, 0x48, 0xD2, 0xA8, 0x90, 0x04, 0x97, 0x0C, 0x56,
    0x41, 0x11, 0xBC, 0x3E, 0x53, 0x4B, 0xFF, 0x84, 0xCC, 0x7C, 0xFD, 0xD8, 0x62, 0xA0, 0x88, 0x56,
    0xC0, 0xEF, 0x41, 0x01, 0xA8, 0xB6, 0x99, 0x5A, 0x5F, 0xA3, 0x92, 0x09, 0x35, 0xB5, 0xBE, 0xCF,
    0x50, 0x7D, 0x2B, 0xA5, 0x80, 0xA6, 0x04, 0x5D, 0x1E, 0x4D, 0xD8, 0x30, 0x7C, 0xF3, 0x46, 0x42,
    0x2B, 0xC9, 0xE5, 0x4B, 0xEC, 0xE9, 0xF2, 0xB2, 0xE1, 0xD1, 0x73, 0x1A, 0x9B, 0xD0, 0x86, 0x1B,
    0xF3, 0xD4, 0x32, 0x27, 0x04, 0xD8, 0x96, 0x79, 0xE4, 0xE6, 0xCD, 0x64, 0xE3, 0xD5, 0x24, 0x7D,
    0x24, 0xF9, 0xFD, 0x84, 0x4E, 0x68, 0x90, 0x3B, 0x81, 0xC9, 0x43, 0x10, 0x66, 0x80, 0x82, 0x89,
    0x7C, 0x9D, 0x1E, 0xAE, 0x7B, 0x3B, 0x79, 0x24, 0x79, 0x6A, 0x89, 0xCE, 0xE4, 0x9F, 0x20, 0xC3,
    0x36, 0x88, 0x65, 0x08, 0x3B, 0x80, 0xDA, 0x03, 0x27, 0xCF, 0xAD, 0xAE, 0xB6, 0xD2, 0x4D, 0x6D,
    0x3D, 0xF3, 0x68, 0xBF, 0x7B, 0xE2, 0x61, 0x35, 0x73, 0xB1, 0x59, 0xB0, 0x9D, 0x05, 0xC5, 0xAD,
    0x1E, 0xDF, 0x3C, 0xA8, 0x5C, 0xBE, 0x29, 0xE4, 0x25, 0xE8, 0x12, 0x47, 0x4A, 0x06, 0xDA, 0xEB,
    0xF1, 0x85, 0x67, 0x99, 0x7B, 0x16, 0xD1, 0x05, 0xC5, 0xD6, 0xD4, 0x13, 0x3A, 0xEC, 0x21, 0x0E,
    0x22, 0x9E, 0x36, 0xE1, 0x35, 0xC3, 0xBC, 0x02, 0xBC, 0x36, 0xA2, 0xCF, 0x9C, 0x30, 0x0F, 0x5F,
    0xC3, 0x4F, 0x09, 0x21, 0xF8, 0x5B, 0xFC, 0x3E, 0x14, 0xB7, 0x6E, 0xAC, 0xFC, 0x8B, 0x0E, 0x86,
    0x53, 0x7F, 0x87, 0x6F, 0xF1, 0x97, 0xF0, 0xDF, 0xA5, 0x60, 0xDD, 0x1A, 0xB6, 0x14, 0x7E, 0x75,
    0x07, 0xB1, 0x55, 0x95, 0x5B, 0x46, 0x3E, 0x6D, 0xA6, 0x27, 0x09, 0xA6, 0x15, 0x22, 0xA1, 0xF0,
    0x91, 0x6B, 0x74, 0x29, 0x52, 0x42, 0x18, 0x26, 0x35, 0x83, 0x5A, 0xF8, 0x7F, 0xFD, 0x17, 0xA1,
    0x72, 0xC0, 0xC4, 0x16, 0xE6, 0x61, 0xE0, 0xD5, 0x21, 0x3E, 0x48, 0x29, 0x50, 0x7B, 0x0A, 0xAA,
    0xBA, 0xA2, 0x77, 0x0F, 0x74, 0x0E, 0xE8, 0xA8, 0x9F, 0xCF, 0x6E, 0x75, 0xF8, 0x84, 0xF6, 0x3B,
    0x78, 0x07, 0x21, 0x1C, 0x66, 0xC2, 0xC2, 0x0C, 0xED, 0x1E, 0xDF, 0x3A, 0xAD, 0xC4, 0xBE, 0x64,
    0x07, 0x7A, 0xF0, 0x31, 0xEB, 0xF1, 0xA7, 0xA7, 0x75, 0xB8, 0xCF, 0x60, 0x79, 0xF0, 0x45, 0x15,
    0xBF, 0xA8, 0x02, 0xB7, 0xCD, 0xAD, 0xA9, 0xA7, 0x8D, 0x67, 0xF1, 0xDF, 0x33, 0xFE, 0xDB, 0xA9,
    0xD7, 0xCD, 0xD8, 0xA5, 0xB6, 0xA6, 0xBE, 0x6E, 0xE8, 0xE2, 0xA5, 0xB9, 0xB6, 0x77, 0x1E, 0xAC,
    0x62, 0x82, 0xAD, 0xD9, 0x57, 0x4C, 0xA1, 0x83, 0x67, 0xF0, 0xFE, 0x4B, 0x61, 0x35, 0x67, 0xE1,
    0xA6, 0xA6, 0x65, 0xB6, 0xD6, 0x38, 0xDF, 0xF0, 0x8A, 0x11, 0x6B, 0xC9, 0xCE, 0xC7, 0x53, 0xE1,
    0x25, 0xC1, 0x1B, 0x8A, 0xAF, 0x2D, 0xE0, 0x67, 0xA0, 0xEE, 0x5C, 0x33, 0xF9, 0xA5, 0x24, 0x7C,
    0x62, 0xC9, 0x7B, 0x2D, 0x23, 0x58, 0xBE, 0x73, 0x0D, 0x30, 0xFD, 0x4C, 0x1A, 0x5A, 0x43, 0x91,
    0x3D, 0x7B, 0xE8, 0xF4, 0xF8, 0x8D, 0xD3, 0x2A, 0xD8, 0xA7, 0x1F, 0x44, 0x8B, 0xE3, 0xC9, 0x8E,
    0xBE, 0x12, 0xCF, 0x24, 0x81, 0xD5, 0x3F, 0xB7, 0x35, 0xFA, 0xF0, 0xA2, 0xC6, 0x4B, 0x20, 0x83,
    0xE1, 0x73, 0xA8, 0x0F, 0x7D, 0x3F, 0x69, 0x7D, 0x3D, 0x09, 0xDD, 0xE2, 0x02, 0xD4, 0xDA, 0xDC,
    0x58, 0xE3, 0xC6, 0xD7, 0x74, 0xED, 0x1D, 0x53, 0x50, 0x40, 0xCC, 0xDC, 0x7C, 0x35, 0x2B, 0xB3,
    0x77, 0x55, 0xB4, 0x81, 0xAA, 0xE5, 0xC8, 0x79, 0x75, 0xE8, 0x2F, 0xD5, 0xDE, 0x9D, 0x3C, 0x34,
    0x9D, 0x20, 0xCC, 0xC4, 0x44, 0xFE, 0xE5, 0xCB, 0x97, 0xD4, 0xE1, 0x7F, 0x54, 0x7B, 0x45, 0x32,
    0x21, 0x0C, 0x61, 0x02, 0x70, 0x82, 0xA9, 0x75, 0x55, 0xB1, 0x66, 0xAA, 0x09, 0x2F, 0xA7, 0x54,
    0x13, 0x00, 0x6C, 0x97, 0x2F, 0x9C, 0xFF, 0x07, 0x4E, 0xFE, 0x70, 0x27, 0x33, 0xAB, 0x8F, 0xC3,
    0xCC, 0x77, 0x14, 0x54, 0xA1, 0x58, 0x74, 0x73, 0xBF, 0x76, 0xE9, 0xDF, 0xA8, 0xBC, 0x7D, 0x84,
    0xC7, 0x56, 0xAB, 0x8A, 0x62, 0x15, 0x88, 0x55, 0x11, 0x9E, 0x3F, 0xA0, 0x63, 0x0B, 0x8A, 0x62,
    0x81, 0xCA, 0xE0, 0xBA, 0x4F, 0xD5, 0xAA, 0x41, 0xDD, 0x73, 0xF8, 0xF0, 0xE1, 0x3D, 0xF3, 0x59,
    0x96, 0x2D, 0xBB, 0xB2, 0xD0, 0x68, 0x34, 0x16, 0x16, 0x06, 0x57, 0x0B, 0x0F, 0xEF, 0xA7, 0x66,
    0xD5, 0xA0, 0xDE, 0xE5, 0xFB, 0xD1, 0xB7, 0x09, 0x47, 0xB2, 0x59, 0x1A, 0x31, 0x8D, 0xF0, 0x52,
    0x56, 0xB0, 0xFA, 0x23, 0x6E, 0xDC, 0xF5, 0xE1, 0x8D, 0xF9, 0x11, 0xF9, 0x49, 0x98, 0xE0, 0x5B,
    0x1D, 0xBC, 0x9B, 0x85, 0x2C, 0x86, 0x94, 0x83, 0xCB, 0xA2, 0xD0, 0x9B, 0xB8, 0xCB, 0x97, 0xEC,
    0x9D, 0x8E, 0x9F, 0x7C, 0x63, 0xB9, 0xD2, 0x8C, 0x8A, 0x59, 0x78, 0xB6, 0x78, 0xA7, 0xA3, 0xA7,
    0x44, 0x7A, 0xB2, 0xDB, 0xFA, 0xEF, 0x69, 0x25, 0x4E, 0x88, 0x8E, 0xF8, 0xA3, 0xB0, 0x87, 0x02,
    0xC2, 0x94, 0xA3, 0x5D, 0x9A, 0x65, 0x5A, 0x7D, 0x6E, 0x9D, 0xE6, 0x27, 0xDF, 0x60, 0xF1, 0xCB,
    0x3C, 0x18, 0xEB, 0xCD, 0x7F, 0xC8, 0x0E, 0x51, 0x8B, 0xBD, 0x42, 0x55, 0xAD, 0xAE, 0xDC, 0x36,
    0xF2, 0xA9, 0x25, 0x11, 0xA6, 0x88, 0x65, 0x06, 0x15, 0x96, 0x3F, 0xE2, 0x67, 0xCF, 0x83, 0xA5,
    0xD9, 0x30, 0x0D, 0x92, 0xA8, 0xFD, 0xA5, 0xBF, 0xF7, 0xF4, 0xC7, 0xFF, 0x02, 0x05, 0xC3, 0x17,
    0x3F, 0x07, 0x60, 0xDC, 0x47, 0xC8, 0x3F, 0x16, 0x0C, 0xC0, 0x54, 0x65, 0xEA, 0x7F, 0x01,
};

static const EpdGlyph devanagari_10_regularGlyphs[] = {
    { 8, 6, 0, -7, 20, 12, 0 }, // U+0900
    { 8, 6, 0, -7, 19, 12, 12 }, // U+0901
    { 3, 3, 0, -4, 18, 3, 24 }, // U+0902
    { 5, 12, 67, 0, 13, 15, 27 }, // U+0903
    { 17, 20, 255, 0, 20, 85, 42 }, // U+0904
    { 17, 13, 255, 0, 13, 56, 127 }, // U+0905
    { 22, 13, 341, 0, 13, 72, 183 }, // U+0906
    { 11, 17, 164, 0, 13, 47, 255 }, // U+0907
    { 11, 23, 164, 0, 19, 64, 302 }, // U+0908
    { 12, 13, 183, 0, 13, 39, 366 }, // U+0909
    { 17, 14, 262, 0, 13, 60, 405 }, // U+090A
    { 19, 14, 284, 0, 13, 67, 465 }, // U+090B
    { 15, 16, 233, 0, 13, 60, 532 }, // U+090C
    { 12, 20, 184, 0, 18, 60, 592 }, // U+090D
    { 12, 22, 184, 0, 20, 66, 652 }, // U+090E
    { 12, 15, 184, 0, 13, 45, 718 }, // U+090F
    { 12, 21, 184, 0, 19, 63, 763 }, // U+0910
    { 22, 18, 341, 0, 18, 99, 826 }, // U+0911
    { 22, 20, 341, 0, 20, 110, 925 }, // U+0912
    { 22, 19, 341, 0, 19, 105, 1035 }, // U+0913
    { 22, 20, 341, 0, 20, 110, 1140 }, // U+0914
    { 17, 13, 256, 0, 13, 56, 1250 }, // U+0915
    { 18, 13, 273, 0, 13, 59, 1306 }, // U+0916
    { 13, 13, 188, 0, 13, 43, 1365 }, // U+0917
    { 13, 13, 197, 0, 13, 43, 1408 }, // U+0918
    { 15, 13, 212, -1, 13, 49, 1451 }, // U+0919
    { 14, 13, 212, 0, 13, 46, 1500 }, // U+091A
    { 15, 13, 234, 0, 13, 49, 1546 }, // U+091B
    { 16, 13, 247, 0, 13, 52, 1595 }, // U+091C
    { 17, 17, 252, 0, 13, 73, 1647 }, // U+091D
    { 16, 13, 247, 0, 13, 52, 1720 }, // U+091E
    { 11, 13, 168, 0, 13, 36, 1772 }, // U+091F
    { 13, 13, 194, 0, 13, 43, 1808 }, // U+0920
    { 13, 13, 178, -1, 13, 43, 1851 }, // U+0921
    { 13, 13, 188, 0, 13, 43, 1894 }, // U+0922
    { 16, 13, 241, 0, 13, 52, 1937 }, // U+0923
    { 13, 14, 190, 0, 13, 46, 1989 }, // U+0924
    { 13, 13, 213, 1, 13, 43, 2035 }, // U+0925
    { 12, 15, 177, 0, 13, 45, 2078 }, // U+0926
    { 13, 13, 205, 1, 13, 43, 2123 }, // U+0927
    { 12, 13, 185, 0, 13, 39, 2166 }, // U+0928
    { 12, 13, 185, 0, 13, 39, 2205 }, // U+0929
    { 13, 13, 189, 0, 13, 43, 2244 }, // U+092A
    { 17, 13, 257, 0, 13, 56, 2287 }, // U+092B
    { 13, 13, 190, 0, 13, 43, 2343 }, // U+092C
    { 15, 13, 234, 0, 13, 49, 2386 }, // U+092D
    { 13, 13, 199, 0, 13, 43, 2435 }, // U+092E
    { 13, 13, 193, 0, 13, 43, 2478 }, // U+092F
    { 9, 14, 136, 0, 13, 32, 2521 }, // U+0930
    { 9, 14, 136, 0, 13, 32, 2553 }, // U+0931
    { 15, 14, 226, 0, 13, 53, 2585 }, // U+0932
    { 17, 13, 253, 0, 13, 56, 2638 }, // U+0933
    { 17, 16, 253, 0, 13, 68, 2694 }, // U+0934
    { 12, 13, 185, 0, 13, 39, 2762 }, // U+0935
    { 15, 14, 227, 0, 13, 53, 2801 }, // U+0936
    { 13, 13, 193, 0, 13, 43, 2854 }, // U+0937
    { 15, 14, 225, 0, 13, 53, 2897 }, // U+0938
    { 12, 16, 177, 0, 13, 48, 2950 }, // U+0939
    { 3, 5, 0, -4, 17, 4, 2998 }, // U+093A
    { 6, 17, 86, 0, 17, 26, 3002 }, // U+093B
    { 4, 3, 0, -8, -1, 3, 3028 }, // U+093C
    { 9, 13, 156, 0, 13, 30, 3031 }, // U+093D
    { 6, 13, 86, 0, 13, 20, 3061 }, // U+093E
    { 16, 19, 86, 0, 19, 76, 3081 }, // U+093F
    { 11, 19, 86, -5, 19, 53, 3157 }, // U+0940
    { 11, 7, 0, -10, 1, 20, 3210 }, // U+0941
    { 10, 7, 0, -7, 1, 18, 3230 }, // U+0942
    { 7, 7, 0, -6, 1, 13, 3248 }, // U+0943
    { 8, 9, 0, -6, 0, 18, 3261 }, // U+0944
    { 8, 5, 0, -7, 18, 10, 3279 }, // U+0945
    { 9, 7, 0, -10, 20, 16, 3289 }, // U+0946
    { 8, 7, 0, -9, 19, 14, 3305 }, // U+0947
    { 8, 7, 0, -9, 20, 14, 3319 }, // U+0948
    { 9, 18, 86, -3, 18, 41, 3333 }, // U+0949
    { 11, 20, 86, -5, 20, 55, 3374 }, // U+094A
    { 10, 19, 86, -4, 19, 48, 3429 }, // U+094B
    { 10, 20, 86, -4, 20, 50, 3477 }, // U+094C
    { 7, 6, 0, -4, 0, 11, 3527 }, // U+094D
    { 4, 13, 91, 2, 13, 13, 3538 }, // U+094E
    { 11, 19, 86, -5, 19, 53, 3551 }, // U+094F
    { 19, 17, 304, 0, 18, 81, 3604 }, // U+0950
    { 3, 5, 0, -4, 19, 4, 3685 }, // U+0951
    { 9, 3, 0, -10, -1, 7, 3689 }, // U+0952
    { 5, 4, 0, -6, 18, 5, 3696 }, // U+0953
    { 4, 4, 0, -4, 18, 4, 3701 }, // U+0954
    { 8, 6, 0, -7, 19, 12, 3705 }, // U+0955
    { 9, 4, 0, -10, -1, 9, 3717 }, // U+0956
    { 9, 6, 0, -10, 0, 14, 3726 }, // U+0957
    { 17, 14, 256, 0, 13, 60, 3740 }, // U+0958
    { 18, 13, 273, 0, 13, 59, 3800 }, // U+0959
    { 13, 13, 188, 0, 13, 43, 3859 }, // U+095A
    { 16, 15, 247, 0, 13, 60, 3902 }, // U+095B
    { 13, 17, 178, -1, 13, 56, 3962 }, // U+095C
    { 13, 17, 188, 0, 13, 56, 4018 }, // U+095D
    { 17, 14, 257, 0, 13, 60, 4074 }, // U+095E
    { 13, 14, 193, 0, 13, 46, 4134 }, // U+095F
    { 19, 17, 284, 0, 13, 81, 4180 }, // U+0960
    { 16, 18, 233, 0, 13, 72, 4261 }, // U+0961
    { 12, 10, 0, -9, 1, 30, 4333 }, // U+0962
    { 12, 10, 0, -9, 1, 30, 4363 }, // U+0963
    { 2, 13, 126, 4, 13, 7, 4393 }, // U+0964
    { 7, 13, 200, 4, 13, 23, 4400 }, // U+0965
    { 9, 10, 173, 1, 12, 23, 4423 }, // U+0966
    { 7, 14, 173, 2, 13, 25, 4446 }, // U+0967
    { 9, 14, 173, 1, 13, 32, 4471 }, // U+0968
    { 9, 16, 173, 1, 13, 36, 4503 }, // U+0969
    { 9, 13, 173, 1, 13, 30, 4539 }, // U+096A
    { 9, 14, 173, 1, 14, 32, 4569 }, // U+096B
    { 9, 16, 173, 1, 13, 36, 4601 }, // U+096C
    { 10, 13, 173, 0, 13, 33, 4637 }, // U+096D
    { 9, 14, 173, 1, 14, 32, 4670 }, // U+096E
    { 9, 14, 173, 1, 13, 32, 4702 }, // U+096F
    { 7, 7, 142, 1, 12, 13, 4734 }, // U+0970
    { 3, 3, 106, 2, 14, 3, 4747 }, // U+0971
    { 17, 18, 255, 0, 18, 77, 4750 }, // U+0972
    { 17, 17, 255, 0, 17, 73, 4827 }, // U+0973
    { 22, 17, 341, 0, 17, 94, 4900 }, // U+0974
    { 22, 19, 341, 0, 19, 105, 4994 }, // U+0975
    { 17, 18, 255, 0, 13, 77, 5099 }, // U+0976
    { 17, 19, 255, 0, 13, 81, 5176 }, // U+0977
    { 12, 14, 185, 0, 13, 42, 5257 }, // U+0978
    { 16, 15, 248, 0, 13, 60, 5299 }, // U+0979
    { 13, 13, 194, 0, 13, 43, 5359 }, // U+097A
    { 13, 13, 188, 0, 13, 43, 5402 }, // U+097B
    { 16, 13, 248, 0, 13, 52, 5445 }, // U+097C
    { 8, 13, 156, 1, 13, 26, 5497 }, // U+097D
    { 13, 13, 180, -1, 13, 43, 5523 }, // U+097E
    { 13, 13, 190, 0, 13, 43, 5566 }, // U+097F
    { 9, 10, 170, 1, 11, 23, 5609 }, // U+25CC
    { 10, 16, 200, 1, 15, 40, 5632 }, // U+F0000
    { 0, 0, 87, 0, 0, 0, 5672 }, // U+F0001
    { 17, 13, 255, 0, 13, 56, 5672 }, // U+F0002
    { 22, 13, 341, 0, 13, 72, 5728 }, // U+F0003
    { 11, 17, 164, 0, 13, 47, 5800 }, // U+F0004
    { 11, 23, 164, 0, 19, 64, 5847 }, // U+F0005
    { 12, 13, 183, 0, 13, 39, 5911 }, // U+F0006
    { 17, 14, 262, 0, 13, 60, 5950 }, // U+F0007
    { 19, 14, 284, 0, 13, 67, 6010 }, // U+F0008
    { 19, 17, 284, 0, 13, 81, 6077 }, // U+F0009
    { 15, 16, 233, 0, 13, 60, 6158 }, // U+F000A
    { 16, 18, 233, 0, 13, 72, 6218 }, // U+F000B
    { 12, 15, 184, 0, 13, 45, 6290 }, // U+F000C
    { 12, 21, 184, 0, 19, 63, 6335 }, // U+F000D
    { 22, 19, 341, 0, 19, 105, 6398 }, // U+F000E
    { 22, 20, 341, 0, 20, 110, 6503 }, // U+F000F
    { 17, 18, 255, 0, 18, 77, 6613 }, // U+F0010
    { 12, 20, 184, 0, 18, 60, 6690 }, // U+F0011
    { 22, 18, 341, 0, 18, 99, 6750 }, // U+F0012
    { 17, 20, 255, 0, 20, 85, 6849 }, // U+F0013
    { 12, 22, 184, 0, 20, 66, 6934 }, // U+F0014
    { 22, 20, 341, 0, 20, 110, 7000 }, // U+F0015
    { 17, 18, 255, 0, 13, 77, 7110 }, // U+F0016
    { 17, 19, 255, 0, 13, 81, 7187 }, // U+F0017
    { 17, 17, 255, 0, 17, 73, 7268 }, // U+F0018
    { 22, 17, 341, 0, 17, 94, 7341 }, // U+F0019
    { 22, 19, 341, 0, 19, 105, 7435 }, // U+F001A
    { 6, 13, 86, 0, 13, 20, 7540 }, // U+F001B
    { 16, 19, 86, 0, 19, 76, 7560 }, // U+F001C
    { 11, 19, 86, -5, 19, 53, 7636 }, // U+F001D
    { 11, 7, 0, -10, 1, 20, 7689 }, // U+F001E
    { 10, 7, 0, -7, 1, 18, 7709 }, // U+F001F
    { 7, 7, 0, -6, 1, 13, 7727 }, // U+F0020
    { 8, 9, 0, -6, 0, 18, 7740 }, // U+F0021
    { 12, 10, 0, -9, 1, 30, 7758 }, // U+F0022
    { 12, 10, 0, -9, 1, 30, 7788 }, // U+F0023
    { 8, 7, 0, -9, 19, 14, 7818 }, // U+F0024
    { 8, 7, 0, -9, 20, 14, 7832 }, // U+F0025
    { 10, 19, 86, -4, 19, 48, 7846 }, // U+F0026
    { 10, 20, 86, -4, 20, 50, 7894 }, // U+F0027
    { 8, 5, 0, -7, 18, 10, 7944 }, // U+F0028
    { 9, 18, 86, -3, 18, 41, 7954 }, // U+F0029
    { 9, 7, 0, -10, 20, 16, 7995 }, // U+F002A
    { 11, 20, 86, -5, 20, 55, 8011 }, // U+F002B
    { 9, 4, 0, -10, -1, 9, 8066 }, // U+F002C
    { 9, 6, 0, -10, 0, 14, 8075 }, // U+F002D
    { 3, 5, 0, -4, 17, 4, 8089 }, // U+F002E
    { 6, 17, 86, 0, 17, 26, 8093 }, // U+F002F
    { 9, 7, 0, -10, 19, 16, 8119 }, // U+F0030
    { 11, 19, 86, -5, 19, 53, 8135 }, // U+F0031
    { 4, 13, 91, 2, 13, 13, 8188 }, // U+F0032
    { 8, 6, 0, -7, 19, 12, 8201 }, // U+F0033
    { 17, 13, 256, 0, 13, 56, 8213 }, // U+F0034
    { 18, 13, 273, 0, 13, 59, 8269 }, // U+F0035
    { 13, 13, 188, 0, 13, 43, 8328 }, // U+F0036
    { 13, 13, 197, 0, 13, 43, 8371 }, // U+F0037
    { 15, 13, 212, -1, 13, 49, 8414 }, // U+F0038
    { 14, 13, 212, 0, 13, 46, 8463 }, // U+F0039
    { 15, 13, 234, 0, 13, 49, 8509 }, // U+F003A
    { 16, 13, 247, 0, 13, 52, 8558 }, // U+F003B
    { 17, 17, 252, 0, 13, 73, 8610 }, // U+F003C
    { 16, 13, 247, 0, 13, 52, 8683 }, // U+F003D
    { 11, 13, 168, 0, 13, 36, 8735 }, // U+F003E
    { 13, 13, 194, 0, 13, 43, 8771 }, // U+F003F
    { 13, 13, 178, -1, 13, 43, 8814 }, // U+F0040
    { 13, 13, 188, 0, 13, 43, 8857 }, // U+F0041
    { 16, 13, 241, 0, 13, 52, 8900 }, // U+F0042
    { 13, 14, 190, 0, 13, 46, 8952 }, // U+F0043
    { 13, 13, 213, 1, 13, 43, 8998 }, // U+F0044
    { 12, 15, 177, 0, 13, 45, 9041 }, // U+F0045
    { 13, 13, 205, 1, 13, 43, 9086 }, // U+F0046
    { 12, 13, 185, 0, 13, 39, 9129 }, // U+F0047
    { 13, 13, 189, 0, 13, 43, 9168 }, // U+F0048
    { 17, 13, 257, 0, 13, 56, 9211 }, // U+F0049
    { 13, 13, 190, 0, 13, 43, 9267 }, // U+F004A
    { 15, 13, 234, 0, 13, 49, 9310 }, // U+F004B
    { 13, 13, 199, 0, 13, 43, 9359 }, // U+F004C
    { 13, 13, 193, 0, 13, 43, 9402 }, // U+F004D
    { 9, 14, 136, 0, 13, 32, 9445 }, // U+F004E
    { 15, 14, 226, 0, 13, 53, 9477 }, // U+F004F
    { 12, 13, 185, 0, 13, 39, 9530 }, // U+F0050
    { 15, 14, 227, 0, 13, 53, 9569 }, // U+F0051
    { 13, 13, 193, 0, 13, 43, 9622 }, // U+F0052
    { 15, 14, 225, 0, 13, 53, 9665 }, // U+F0053
    { 12, 16, 177, 0, 13, 48, 9718 }, // U+F0054
    { 17, 13, 253, 0, 13, 56, 9766 }, // U+F0055
    { 15, 15, 239, 1, 13, 57, 9822 }, // U+F0056
    { 14, 15, 214, 0, 13, 53, 9879 }, // U+F0057
    { 13, 13, 188, 0, 13, 43, 9932 }, // U+F0058
    { 16, 13, 248, 0, 13, 52, 9975 }, // U+F0059
    { 13, 13, 180, -1, 13, 43, 10027 }, // U+F005A
    { 13, 13, 190, 0, 13, 43, 10070 }, // U+F005B
    { 16, 15, 248, 0, 13, 60, 10113 }, // U+F005C
    { 13, 13, 194, 0, 13, 43, 10173 }, // U+F005D
    { 12, 14, 185, 0, 13, 42, 10216 }, // U+F005E
    { 20, 13, 308, 0, 13, 65, 10258 }, // U+F005F
    { 3, 3, 0, -4, 18, 3, 10323 }, // U+F0060
    { 8, 6, 0, -7, 19, 12, 10326 }, // U+F0061
    { 5, 12, 67, 0, 13, 15, 10338 }, // U+F0062
    { 7, 6, 0, -4, 0, 11, 10353 }, // U+F0063
    { 4, 3, 0, -8, -1, 3, 10364 }, // U+F0064
    { 9, 13, 156, 0, 13, 30, 10367 }, // U+F0065
    { 8, 13, 156, 1, 13, 26, 10397 }, // U+F0066
    { 3, 3, 106, 2, 14, 3, 10423 }, // U+F0067
    { 3, 5, 0, -4, 19, 4, 10426 }, // U+F0068
    { 9, 3, 0, -10, -1, 7, 10430 }, // U+F0069
    { 5, 4, 0, -6, 18, 5, 10437 }, // U+F006A
    { 4, 4, 0, -4, 18, 4, 10442 }, // U+F006B
    { 8, 6, 0, -7, 20, 12, 10446 }, // U+F006C
    { 9, 10, 173, 1, 12, 23, 10458 }, // U+F006D
    { 7, 14, 173, 2, 13, 25, 10481 }, // U+F006E
    { 9, 14, 173, 1, 13, 32, 10506 }, // U+F006F
    { 9, 16, 173, 1, 13, 36, 10538 }, // U+F0070
    { 9, 13, 173, 1, 13, 30, 10574 }, // U+F0071
    { 9, 14, 173, 1, 14, 32, 10604 }, // U+F0072
    { 9, 16, 173, 1, 13, 36, 10636 }, // U+F0073
    { 10, 13, 173, 0, 13, 33, 10672 }, // U+F0074
    { 9, 14, 173, 1, 14, 32, 10705 }, // U+F0075
    { 9, 14, 173, 1, 13, 32, 10737 }, // U+F0076
    { 9, 16, 173, 1, 13, 36, 10769 }, // U+F0077
    { 9, 13, 173, 1, 13, 30, 10805 }, // U+F0078
    { 10, 14, 173, 1, 13, 35, 10835 }, // U+F0079
    { 19, 17, 304, 0, 18, 81, 10870 }, // U+F007A
    { 7, 7, 142, 1, 12, 13, 10951 }, // U+F007B
    { 2, 13, 126, 4, 13, 7, 10964 }, // U+F007C
    { 7, 13, 200, 4, 13, 23, 10971 }, // U+F007D
    { 17, 14, 256, 0, 13, 60, 10994 }, // U+F007E
    { 18, 13, 273, 0, 13, 59, 11054 }, // U+F007F
    { 13, 13, 188, 0, 13, 43, 11113 }, // U+F0080
    { 16, 15, 247, 0, 13, 60, 11156 }, // U+F0081
    { 13, 17, 178, -1, 13, 56, 11216 }, // U+F0082
    { 13, 17, 188, 0, 13, 56, 11272 }, // U+F0083
    { 12, 13, 185, 0, 13, 39, 11328 }, // U+F0084
    { 17, 14, 257, 0, 13, 60, 11367 }, // U+F0085
    { 13, 14, 193, 0, 13, 46, 11427 }, // U+F0086
    { 9, 14, 136, 0, 13, 32, 11473 }, // U+F0087
    { 17, 16, 253, 0, 13, 68, 11505 }, // U+F0088
    { 14, 13, 203, 0, 13, 46, 11573 }, // U+F0089
    { 15, 13, 216, 0, 13, 49, 11619 }, // U+F008A
    { 7, 10, 94, 0, 13, 18, 11668 }, // U+F008B
    { 10, 11, 117, 0, 13, 28, 11686 }, // U+F008C
    { 11, 11, 132, 0, 13, 31, 11714 }, // U+F008D
    { 15, 13, 234, 0, 13, 49, 11745 }, // U+F008E
    { 13, 12, 191, 0, 13, 39, 11794 }, // U+F008F
    { 13, 17, 166, 0, 13, 56, 11833 }, // U+F0090
    { 13, 11, 177, 0, 13, 36, 11889 }, // U+F0091
    { 11, 11, 158, 0, 13, 31, 11925 }, // U+F0092
    { 8, 14, 116, 0, 13, 28, 11956 }, // U+F0093
    { 10, 11, 129, 1, 13, 28, 11984 }, // U+F0094
    { 10, 12, 125, 1, 13, 30, 12012 }, // U+F0095
    { 9, 9, 119, 0, 13, 21, 12042 }, // U+F0096
    { 10, 11, 103, 0, 13, 28, 12063 }, // U+F0097
    { 14, 13, 204, 0, 13, 46, 12091 }, // U+F0098
    { 10, 11, 134, 0, 13, 28, 12137 }, // U+F0099
    { 12, 10, 146, 0, 13, 30, 12165 }, // U+F009A
    { 9, 10, 117, 0, 13, 23, 12195 }, // U+F009B
    { 10, 11, 109, 0, 13, 28, 12218 }, // U+F009C
    { 12, 14, 167, 0, 13, 42, 12246 }, // U+F009D
    { 10, 11, 131, 0, 13, 28, 12288 }, // U+F009E
    { 9, 14, 142, 0, 13, 32, 12316 }, // U+F009F
    { 10, 11, 125, 0, 13, 28, 12348 }, // U+F00A0
    { 11, 14, 130, 0, 13, 39, 12376 }, // U+F00A1
    { 11, 16, 151, 0, 13, 44, 12415 }, // U+F00A2
    { 16, 13, 247, 0, 13, 52, 12459 }, // U+F00A3
    { 17, 13, 255, 0, 13, 56, 12511 }, // U+F00A4
    { 12, 15, 155, 1, 13, 45, 12567 }, // U+F00A5
    { 11, 15, 139, 0, 13, 42, 12612 }, // U+F00A6
    { 7, 13, 94, 0, 13, 23, 12654 }, // U+F00A7
    { 13, 13, 191, 0, 13, 43, 12677 }, // U+F00A8
    { 10, 13, 134, 0, 13, 33, 12720 }, // U+F00A9
    { 13, 15, 191, 0, 13, 49, 12753 }, // U+F00AA
    { 10, 11, 109, 0, 13, 28, 12802 }, // U+F00AB
    { 14, 14, 203, 0, 13, 49, 12830 }, // U+F00AC
    { 15, 13, 216, 0, 13, 49, 12879 }, // U+F00AD
    { 7, 13, 94, 0, 13, 23, 12928 }, // U+F00AE
    { 10, 14, 117, 0, 13, 35, 12951 }, // U+F00AF
    { 11, 14, 132, 0, 13, 39, 12986 }, // U+F00B0
    { 15, 17, 234, 0, 13, 64, 13025 }, // U+F00B1
    { 13, 15, 191, 0, 13, 49, 13089 }, // U+F00B2
    { 13, 17, 166, 0, 13, 56, 13138 }, // U+F00B3
    { 13, 14, 180, 0, 13, 46, 13194 }, // U+F00B4
    { 11, 14, 156, 0, 13, 39, 13240 }, // U+F00B5
    { 8, 17, 116, 0, 13, 34, 13279 }, // U+F00B6
    { 10, 14, 130, 1, 13, 35, 13313 }, // U+F00B7
    { 10, 14, 121, 1, 13, 35, 13348 }, // U+F00B8
    { 9, 14, 119, 0, 13, 32, 13383 }, // U+F00B9
    { 10, 14, 103, 0, 13, 35, 13415 }, // U+F00BA
    { 14, 14, 204, 0, 13, 49, 13450 }, // U+F00BB
    { 10, 14, 134, 0, 13, 35, 13499 }, // U+F00BC
    { 12, 14, 146, 0, 13, 42, 13534 }, // U+F00BD
    { 9, 14, 117, 0, 13, 32, 13576 }, // U+F00BE
    { 10, 14, 109, 0, 13, 35, 13608 }, // U+F00BF
    { 12, 17, 167, 0, 13, 51, 13643 }, // U+F00C0
    { 10, 14, 131, 0, 13, 35, 13694 }, // U+F00C1
    { 9, 14, 136, 0, 13, 32, 13729 }, // U+F00C2
    { 10, 14, 125, 0, 13, 35, 13761 }, // U+F00C3
    { 11, 14, 130, 0, 13, 39, 13796 }, // U+F00C4
    { 11, 18, 144, 0, 13, 50, 13835 }, // U+F00C5
    { 16, 16, 247, 0, 13, 64, 13885 }, // U+F00C6
    { 17, 14, 255, 0, 13, 60, 13949 }, // U+F00C7
    { 17, 14, 256, 0, 13, 60, 14009 }, // U+F00C8
    { 18, 16, 273, 0, 13, 72, 14069 }, // U+F00C9
    { 13, 14, 188, 0, 13, 46, 14141 }, // U+F00CA
    { 13, 14, 197, 0, 13, 46, 14187 }, // U+F00CB
    { 14, 14, 212, 0, 13, 49, 14233 }, // U+F00CC
    { 16, 14, 249, 0, 13, 56, 14282 }, // U+F00CD
    { 18, 17, 273, 0, 13, 77, 14338 }, // U+F00CE
    { 17, 14, 257, 0, 13, 60, 14415 }, // U+F00CF
    { 16, 14, 241, 0, 13, 56, 0 }, // U+F00D0
    { 12, 13, 184, 0, 13, 39, 56 }, // U+F00D1
    { 13, 14, 213, 1, 13, 46, 95 }, // U+F00D2
    { 12, 15, 177, 0, 13, 45, 141 }, // U+F00D3
    { 13, 15, 205, 1, 13, 49, 186 }, // U+F00D4
    { 12, 14, 185, 0, 13, 42, 235 }, // U+F00D5
    { 13, 14, 190, 0, 13, 46, 277 }, // U+F00D6
    { 17, 14, 257, 0, 13, 60, 323 }, // U+F00D7
    { 13, 14, 190, 0, 13, 46, 383 }, // U+F00D8
    { 15, 14, 234, 0, 13, 53, 429 }, // U+F00D9
    { 13, 14, 199, 0, 13, 46, 482 }, // U+F00DA
    { 13, 14, 193, 0, 13, 46, 528 }, // U+F00DB
    { 15, 14, 230, 0, 13, 53, 574 }, // U+F00DC
    { 12, 14, 185, 0, 13, 42, 627 }, // U+F00DD
    { 16, 13, 236, 0, 13, 52, 669 }, // U+F00DE
    { 13, 14, 193, 0, 13, 46, 721 }, // U+F00DF
    { 15, 14, 229, 0, 13, 53, 767 }, // U+F00E0
    { 12, 16, 177, 0, 13, 48, 820 }, // U+F00E1
    { 20, 14, 308, 0, 13, 70, 868 }, // U+F00E2
    { 13, 15, 188, 0, 13, 49, 938 }, // U+F00E3
    { 16, 15, 249, 0, 13, 60, 987 }, // U+F00E4
    { 13, 16, 190, 0, 13, 52, 1047 }, // U+F00E5
    { 16, 15, 248, 0, 13, 60, 1099 }, // U+F00E6
    { 16, 15, 237, 0, 13, 60, 1159 }, // U+F00E7
    { 16, 15, 244, 0, 13, 60, 1219 }, // U+F00E8
    { 13, 14, 194, 0, 13, 46, 1279 }, // U+F00E9
    { 17, 13, 255, 0, 13, 56, 1325 }, // U+F00EA
    { 17, 16, 256, 0, 13, 68, 1381 }, // U+F00EB
    { 19, 16, 273, -1, 13, 76, 1449 }, // U+F00EC
    { 13, 17, 188, 0, 13, 56, 1525 }, // U+F00ED
    { 13, 16, 197, 0, 13, 52, 1581 }, // U+F00EE
    { 14, 16, 212, 0, 13, 56, 1633 }, // U+F00EF
    { 16, 14, 249, 0, 13, 56, 1689 }, // U+F00F0
    { 18, 17, 273, 0, 13, 77, 1745 }, // U+F00F1
    { 17, 14, 257, 0, 13, 60, 1822 }, // U+F00F2
    { 16, 14, 241, 0, 13, 56, 1882 }, // U+F00F3
    { 12, 16, 184, 0, 13, 48, 1938 }, // U+F00F4
    { 13, 16, 213, 1, 13, 52, 1986 }, // U+F00F5
    { 12, 17, 177, 0, 13, 51, 2038 }, // U+F00F6
    { 13, 16, 205, 1, 13, 52, 2089 }, // U+F00F7
    { 12, 17, 185, 0, 13, 51, 2141 }, // U+F00F8
    { 13, 16, 190, 0, 13, 52, 2192 }, // U+F00F9
    { 17, 16, 257, 0, 13, 68, 2244 }, // U+F00FA
    { 13, 16, 190, 0, 13, 52, 2312 }, // U+F00FB
    { 15, 17, 234, 0, 13, 64, 2364 }, // U+F00FC
    { 13, 17, 199, 0, 13, 56, 2428 }, // U+F00FD
    { 13, 16, 193, 0, 13, 52, 2484 }, // U+F00FE
    { 15, 16, 230, 0, 13, 60, 2536 }, // U+F00FF
    { 12, 16, 185, 0, 13, 48, 2596 }, // U+F0100
    { 16, 16, 236, 0, 13, 64, 2644 }, // U+F0101
    { 13, 16, 193, 0, 13, 52, 2708 }, // U+F0102
    { 15, 14, 229, 0, 13, 53, 2760 }, // U+F0103
    { 12, 17, 177, 0, 13, 51, 2813 }, // U+F0104
    { 20, 17, 308, 0, 13, 85, 2864 }, // U+F0105
    { 14, 14, 203, 0, 13, 49, 2949 }, // U+F0106
    { 15, 16, 216, 0, 13, 60, 2998 }, // U+F0107
    { 10, 14, 112, 0, 13, 35, 3058 }, // U+F0108
    { 10, 14, 117, 0, 13, 35, 3093 }, // U+F0109
    { 11, 14, 132, 0, 13, 39, 3128 }, // U+F010A
    { 15, 18, 234, 0, 13, 68, 3167 }, // U+F010B
    { 14, 14, 202, 0, 13, 49, 3235 }, // U+F010C
    { 15, 17, 216, 0, 13, 64, 3284 }, // U+F010D
    { 14, 14, 200, 0, 13, 49, 3348 }, // U+F010E
    { 13, 14, 165, 0, 13, 46, 3397 }, // U+F010F
    { 9, 12, 127, 0, 13, 27, 3443 }, // U+F0110
    { 10, 14, 130, 1, 13, 35, 3470 }, // U+F0111
    { 10, 15, 121, 1, 13, 38, 3505 }, // U+F0112
    { 9, 14, 128, 0, 13, 32, 3543 }, // U+F0113
    { 10, 14, 103, 0, 13, 35, 3575 }, // U+F0114
    { 14, 14, 204, 0, 13, 49, 3610 }, // U+F0115
    { 10, 14, 134, 0, 13, 35, 3659 }, // U+F0116
    { 12, 14, 178, 0, 13, 42, 3694 }, // U+F0117
    { 10, 14, 143, 0, 13, 35, 3736 }, // U+F0118
    { 10, 14, 109, 0, 13, 35, 3771 }, // U+F0119
    { 12, 14, 167, 0, 13, 42, 3806 }, // U+F011A
    { 10, 14, 131, 0, 13, 35, 3848 }, // U+F011B
    { 12, 13, 179, 0, 13, 39, 3883 }, // U+F011C
    { 10, 14, 125, 0, 13, 35, 3922 }, // U+F011D
    { 13, 14, 185, 0, 13, 46, 3957 }, // U+F011E
    { 16, 17, 247, 0, 13, 68, 4003 }, // U+F011F
    { 9, 15, 97, 0, 13, 34, 4071 }, // U+F0120
    { 13, 15, 169, 0, 13, 49, 4105 }, // U+F0121
    { 9, 16, 113, 0, 13, 36, 4154 }, // U+F0122
    { 13, 15, 195, 1, 13, 49, 4190 }, // U+F0123
    { 13, 15, 182, 0, 13, 49, 4239 }, // U+F0124
    { 14, 15, 202, 0, 13, 53, 4288 }, // U+F0125
    { 9, 14, 109, 0, 13, 32, 4341 }, // U+F0126
    { 14, 16, 203, 0, 13, 56, 4373 }, // U+F0127
    { 15, 16, 216, 0, 13, 60, 4429 }, // U+F0128
    { 10, 17, 112, 0, 13, 43, 4489 }, // U+F0129
    { 10, 16, 117, 0, 13, 40, 4532 }, // U+F012A
    { 11, 16, 132, 0, 13, 44, 4572 }, // U+F012B
    { 14, 16, 202, 0, 13, 56, 4616 }, // U+F012C
    { 15, 17, 216, 0, 13, 64, 4672 }, // U+F012D
    { 14, 14, 200, 0, 13, 49, 4736 }, // U+F012E
    { 13, 14, 165, 0, 13, 46, 4785 }, // U+F012F
    { 9, 16, 127, 0, 13, 36, 4831 }, // U+F0130
    { 10, 16, 130, 1, 13, 40, 4867 }, // U+F0131
    { 10, 16, 121, 1, 13, 40, 4907 }, // U+F0132
    { 9, 17, 128, 0, 13, 39, 4947 }, // U+F0133
    { 10, 16, 103, 0, 13, 40, 4986 }, // U+F0134
    { 14, 16, 204, 0, 13, 56, 5026 }, // U+F0135
    { 10, 16, 134, 0, 13, 40, 5082 }, // U+F0136
    { 12, 17, 178, 0, 13, 51, 5122 }, // U+F0137
    { 10, 17, 143, 0, 13, 43, 5173 }, // U+F0138
    { 10, 16, 109, 0, 13, 40, 5216 }, // U+F0139
    { 12, 17, 167, 0, 13, 51, 5256 }, // U+F013A
    { 10, 16, 131, 0, 13, 40, 5307 }, // U+F013B
    { 12, 16, 179, 0, 13, 48, 5347 }, // U+F013C
    { 10, 16, 125, 0, 13, 40, 5395 }, // U+F013D
    { 13, 14, 185, 0, 13, 46, 5435 }, // U+F013E
    { 16, 17, 247, 0, 13, 68, 5481 }, // U+F013F
    { 18, 14, 278, 0, 13, 63, 5549 }, // U+F0140
    { 15, 14, 227, 0, 13, 53, 5612 }, // U+F0141
    { 17, 13, 256, 0, 13, 56, 5665 }, // U+F0142
    { 27, 13, 397, -1, 13, 88, 5721 }, // U+F0143
    { 15, 17, 211, -1, 13, 64, 5809 }, // U+F0144
    { 15, 18, 211, -1, 13, 68, 5873 }, // U+F0145
    { 15, 17, 211, -1, 13, 64, 5941 }, // U+F0146
    { 15, 17, 211, -1, 13, 64, 6005 }, // U+F0147
    { 15, 17, 211, -1, 13, 64, 6069 }, // U+F0148
    { 23, 13, 356, 0, 13, 75, 6133 }, // U+F0149
    { 23, 17, 358, 0, 13, 98, 6208 }, // U+F014A
    { 27, 13, 417, 0, 13, 88, 6306 }, // U+F014B
    { 15, 17, 234, 0, 13, 64, 6394 }, // U+F014C
    { 12, 19, 163, -1, 13, 57, 6458 }, // U+F014D
    { 12, 19, 163, -1, 13, 57, 6515 }, // U+F014E
    { 22, 13, 338, 0, 13, 72, 6572 }, // U+F014F
    { 13, 19, 190, 0, 13, 62, 6644 }, // U+F0150
    { 24, 13, 376, 0, 13, 78, 6706 }, // U+F0151
    { 13, 19, 181, -1, 13, 62, 6784 }, // U+F0152
    { 13, 19, 181, -1, 13, 62, 6846 }, // U+F0153
    { 24, 13, 362, -1, 13, 78, 6908 }, // U+F0154
    { 24, 18, 362, -1, 13, 108, 6986 }, // U+F0155
    { 12, 19, 185, 0, 13, 57, 7094 }, // U+F0156
    { 24, 13, 369, 0, 13, 78, 7151 }, // U+F0157
    { 15, 14, 230, 0, 13, 53, 7229 }, // U+F0158
    { 11, 14, 157, 0, 13, 39, 7282 }, // U+F0159
    { 12, 17, 178, 0, 13, 51, 7321 }, // U+F015A
    { 15, 17, 231, 0, 13, 64, 7372 }, // U+F015B
    { 11, 17, 161, 0, 13, 47, 7436 }, // U+F015C
    { 22, 17, 337, 0, 13, 94, 7483 }, // U+F015D
    { 17, 17, 266, 0, 13, 73, 7577 }, // U+F015E
    { 28, 17, 441, 0, 13, 119, 7650 }, // U+F015F
    { 13, 17, 193, 0, 13, 56, 7769 }, // U+F0160
    { 17, 16, 263, 0, 13, 68, 7825 }, // U+F0161
    { 16, 13, 244, 0, 13, 52, 7893 }, // U+F0162
    { 14, 13, 210, 0, 13, 46, 7945 }, // U+F0163
    { 11, 13, 126, 0, 13, 36, 7991 }, // U+F0164
    { 13, 17, 192, 0, 13, 56, 8027 }, // U+F0165
    { 24, 17, 374, 0, 13, 102, 8083 }, // U+F0166
    { 14, 13, 190, -1, 13, 46, 8185 }, // U+F0167
    { 13, 13, 190, 0, 13, 43, 8231 }, // U+F0168
    { 20, 13, 310, 0, 13, 65, 8274 }, // U+F0169
    { 20, 13, 307, 0, 13, 65, 8339 }, // U+F016A
    { 15, 13, 231, 0, 13, 49, 8404 }, // U+F016B
    { 13, 13, 171, 0, 13, 43, 8453 }, // U+F016C
    { 16, 13, 236, 0, 13, 52, 8496 }, // U+F016D
    { 23, 14, 363, 0, 13, 81, 8548 }, // U+F016E
    { 15, 13, 229, 0, 13, 49, 8629 }, // U+F016F
    { 13, 13, 171, 0, 13, 43, 8678 }, // U+F0170
    { 13, 13, 195, 0, 13, 43, 8721 }, // U+F0171
    { 24, 13, 367, 0, 13, 78, 8764 }, // U+F0172
    { 13, 13, 196, 0, 13, 43, 8842 }, // U+F0173
    { 24, 13, 376, 0, 13, 78, 8885 }, // U+F0174
    { 14, 17, 208, 0, 13, 60, 8963 }, // U+F0175
    { 14, 17, 207, 0, 13, 60, 9023 }, // U+F0176
    { 17, 17, 267, 0, 13, 73, 9083 }, // U+F0177
    { 17, 17, 262, 0, 13, 73, 9156 }, // U+F0178
    { 14, 17, 205, 0, 13, 60, 9229 }, // U+F0179
    { 14, 17, 208, 0, 13, 60, 9289 }, // U+F017A
    { 24, 17, 370, 0, 13, 102, 9349 }, // U+F017B
    { 15, 14, 233, 0, 13, 53, 9451 }, // U+F017C
    { 15, 14, 233, 0, 13, 53, 9504 }, // U+F017D
    { 15, 17, 233, 0, 13, 64, 9557 }, // U+F017E
    { 24, 14, 363, 0, 13, 84, 9621 }, // U+F017F
    { 15, 14, 224, 0, 13, 53, 9705 }, // U+F0180
    { 10, 14, 144, 0, 13, 35, 9758 }, // U+F0181
    { 10, 14, 144, 0, 13, 35, 9793 }, // U+F0182
    { 20, 14, 314, 0, 13, 70, 9828 }, // U+F0183
    { 15, 17, 220, 0, 13, 64, 9898 }, // U+F0184
    { 12, 14, 185, 0, 13, 42, 9962 }, // U+F0185
    { 18, 13, 271, 0, 13, 59, 10004 }, // U+F0186
    { 17, 13, 260, 0, 13, 56, 10063 }, // U+F0187
    { 12, 19, 177, 0, 13, 57, 10119 }, // U+F0188
    { 15, 20, 177, 0, 13, 75, 10176 }, // U+F0189
    { 13, 19, 177, 0, 13, 62, 10251 }, // U+F018A
    { 13, 14, 199, 0, 13, 46, 10313 }, // U+F018B
    { 17, 14, 259, 0, 13, 60, 10359 }, // U+F018C
    { 13, 14, 188, 0, 13, 46, 10419 }, // U+F018D
    { 17, 14, 262, 0, 13, 60, 10465 }, // U+F018E
    { 16, 19, 232, 0, 13, 76, 10525 }, // U+F018F
    { 12, 20, 177, 0, 13, 60, 10601 }, // U+F0190
    { 12, 21, 177, 0, 13, 63, 10661 }, // U+F0191
    { 12, 17, 183, 0, 13, 51, 10724 }, // U+F0192
    { 13, 19, 183, 0, 13, 62, 10775 }, // U+F0193
    { 12, 19, 177, 0, 13, 57, 10837 }, // U+F0194
    { 13, 19, 177, 0, 13, 62, 10894 }, // U+F0195
    { 12, 20, 177, 0, 13, 60, 10956 }, // U+F0196
    { 12, 20, 177, 0, 13, 60, 11016 }, // U+F0197
    { 7, 6, 0, -6, 19, 11, 11076 }, // U+F0198
    { 10, 8, 126, 0, 13, 20, 11087 }, // U+F0199
    { 10, 5, 0, -9, 0, 13, 11107 }, // U+F019A
    { 3, 3, 0, -4, 18, 3, 11120 }, // U+F019B
    { 6, 6, 0, -5, 19, 9, 11123 }, // U+F019C
    { 7, 6, 0, -5, 19, 11, 11132 }, // U+F019D
    { 9, 6, 0, -9, 19, 14, 11143 }, // U+F019E
    { 12, 6, 0, -9, 19, 18, 11157 }, // U+F019F
    { 11, 6, 0, -9, 19, 17, 11175 }, // U+F01A0
    { 10, 6, 0, -9, 19, 15, 11192 }, // U+F01A1
    { 12, 6, 0, -9, 19, 18, 11207 }, // U+F01A2
    { 9, 6, 0, -9, 19, 14, 11225 }, // U+F01A3
    { 12, 6, 0, -9, 19, 18, 11239 }, // U+F01A4
    { 10, 6, 0, -9, 19, 15, 11257 }, // U+F01A5
    { 10, 6, 0, -9, 19, 15, 11272 }, // U+F01A6
    { 12, 6, 0, -9, 19, 18, 11287 }, // U+F01A7
    { 11, 6, 0, -10, 19, 17, 11305 }, // U+F01A8
    { 14, 6, 0, -10, 19, 21, 11322 }, // U+F01A9
    { 13, 6, 0, -11, 19, 20, 11343 }, // U+F01AA
    { 13, 6, 0, -11, 19, 20, 11363 }, // U+F01AB
    { 14, 6, 0, -11, 19, 21, 11383 }, // U+F01AC
    { 8, 6, 0, -7, 19, 12, 11404 }, // U+F01AD
    { 13, 6, 0, -12, 19, 20, 11416 }, // U+F01AE
    { 13, 6, 0, -12, 19, 20, 11436 }, // U+F01AF
    { 14, 6, 0, -12, 19, 21, 11456 }, // U+F01B0
    { 12, 5, 0, -10, 19, 15, 11477 }, // U+F01B1
    { 10, 6, 0, -10, 19, 15, 11492 }, // U+F01B2
    { 13, 6, 0, -10, 19, 20, 11507 }, // U+F01B3
    { 11, 6, 0, -10, 19, 17, 11527 }, // U+F01B4
    { 11, 6, 0, -10, 19, 17, 11544 }, // U+F01B5
    { 13, 6, 0, -10, 19, 20, 11561 }, // U+F01B6
    { 6, 7, 0, -4, 19, 11, 11581 }, // U+F01B7
    { 9, 6, 0, -4, 19, 14, 11592 }, // U+F01B8
    { 9, 6, 0, -6, 19, 14, 11606 }, // U+F01B9
    { 9, 6, 0, -6, 19, 14, 11620 }, // U+F01BA
    { 11, 6, 0, -6, 19, 17, 11634 }, // U+F01BB
    { 12, 19, 86, 0, 19, 57, 11651 }, // U+F01BC
    { 14, 19, 86, 0, 19, 67, 11708 }, // U+F01BD
    { 15, 19, 86, 0, 19, 72, 11775 }, // U+F01BE
    { 16, 19, 86, 0, 19, 76, 11847 }, // U+F01BF
    { 16, 19, 86, 0, 19, 76, 11923 }, // U+F01C0
    { 17, 19, 86, 0, 19, 81, 11999 }, // U+F01C1
    { 17, 19, 86, 0, 19, 81, 12080 }, // U+F01C2
    { 18, 19, 86, 0, 19, 86, 12161 }, // U+F01C3
    { 19, 19, 86, 0, 19, 91, 12247 }, // U+F01C4
    { 19, 19, 86, 0, 19, 91, 12338 }, // U+F01C5
    { 21, 19, 86, 0, 19, 100, 12429 }, // U+F01C6
    { 23, 19, 86, 0, 19, 110, 12529 }, // U+F01C7
    { 24, 19, 86, 0, 19, 114, 12639 }, // U+F01C8
    { 27, 19, 86, 0, 19, 129, 12753 }, // U+F01C9
    { 30, 19, 86, 0, 19, 143, 12882 }, // U+F01CA
    { 14, 19, 86, 0, 19, 67, 13025 }, // U+F01CB
    { 15, 19, 86, 0, 19, 72, 13092 }, // U+F01CC
    { 16, 19, 86, 0, 19, 76, 13164 }, // U+F01CD
    { 17, 19, 86, 0, 19, 81, 13240 }, // U+F01CE
    { 17, 19, 86, 0, 19, 81, 13321 }, // U+F01CF
    { 18, 19, 86, 0, 19, 86, 13402 }, // U+F01D0
    { 18, 19, 86, 0, 19, 86, 13488 }, // U+F01D1
    { 19, 19, 86, 0, 19, 91, 13574 }, // U+F01D2
    { 19, 19, 86, 0, 19, 91, 13665 }, // U+F01D3
    { 20, 19, 86, 0, 19, 95, 13756 }, // U+F01D4
    { 21, 19, 86, 0, 19, 100, 13851 }, // U+F01D5
    { 24, 19, 86, 0, 19, 114, 13951 }, // U+F01D6
    { 25, 19, 86, 0, 19, 119, 14065 }, // U+F01D7
    { 27, 19, 86, 0, 19, 129, 14184 }, // U+F01D8
    { 30, 19, 86, 0, 19, 143, 14313 }, // U+F01D9
    { 16, 19, 86, 0, 19, 76, 14456 }, // U+F01DA
    { 18, 19, 86, 0, 19, 86, 14532 }, // U+F01DB
    { 19, 19, 86, 0, 19, 91, 14618 }, // U+F01DC
    { 19, 19, 86, 0, 19, 91, 14709 }, // U+F01DD
    { 19, 19, 86, 0, 19, 91, 14800 }, // U+F01DE
    { 20, 19, 86, 0, 19, 95, 0 }, // U+F01DF
    { 21, 19, 86, 0, 19, 100, 95 }, // U+F01E0
    { 21, 19, 86, 0, 19, 100, 195 }, // U+F01E1
    { 22, 19, 86, 0, 19, 105, 295 }, // U+F01E2
    { 22, 19, 86, 0, 19, 105, 400 }, // U+F01E3
    { 24, 19, 86, 0, 19, 114, 505 }, // U+F01E4
    { 26, 19, 86, 0, 19, 124, 619 }, // U+F01E5
    { 27, 19, 86, 0, 19, 129, 743 }, // U+F01E6
    { 29, 19, 86, 0, 19, 138, 872 }, // U+F01E7
    { 32, 19, 86, 0, 19, 152, 1010 }, // U+F01E8
    { 15, 19, 86, 0, 19, 72, 1162 }, // U+F01E9
    { 17, 19, 86, 0, 19, 81, 1234 }, // U+F01EA
    { 18, 19, 86, 0, 19, 86, 1315 }, // U+F01EB
    { 18, 19, 86, 0, 19, 86, 1401 }, // U+F01EC
    { 18, 19, 86, 0, 19, 86, 1487 }, // U+F01ED
    { 20, 19, 86, 0, 19, 95, 1573 }, // U+F01EE
    { 20, 19, 86, 0, 19, 95, 1668 }, // U+F01EF
    { 21, 19, 86, 0, 19, 100, 1763 }, // U+F01F0
    { 21, 19, 86, 0, 19, 100, 1863 }, // U+F01F1
    { 22, 19, 86, 0, 19, 105, 1963 }, // U+F01F2
    { 24, 19, 86, 0, 19, 114, 2068 }, // U+F01F3
    { 26, 19, 86, 0, 19, 124, 2182 }, // U+F01F4
    { 27, 19, 86, 0, 19, 129, 2306 }, // U+F01F5
    { 29, 19, 86, 0, 19, 138, 2435 }, // U+F01F6
    { 32, 19, 86, 0, 19, 152, 2573 }, // U+F01F7
    { 15, 19, 86, 0, 19, 72, 2725 }, // U+F01F8
    { 17, 19, 86, 0, 19, 81, 2797 }, // U+F01F9
    { 18, 19, 86, 0, 19, 86, 2878 }, // U+F01FA
    { 18, 19, 86, 0, 19, 86, 2964 }, // U+F01FB
    { 18, 19, 86, 0, 19, 86, 3050 }, // U+F01FC
    { 20, 19, 86, 0, 19, 95, 3136 }, // U+F01FD
    { 20, 19, 86, 0, 19, 95, 3231 }, // U+F01FE
    { 21, 19, 86, 0, 19, 100, 3326 }, // U+F01FF
    { 21, 19, 86, 0, 19, 100, 3426 }, // U+F0200
    { 22, 19, 86, 0, 19, 105, 3526 }, // U+F0201
    { 24, 19, 86, 0, 19, 114, 3631 }, // U+F0202
    { 26, 19, 86, 0, 19, 124, 3745 }, // U+F0203
    { 27, 19, 86, 0, 19, 129, 3869 }, // U+F0204
    { 29, 19, 86, 0, 19, 138, 3998 }, // U+F0205
    { 32, 19, 86, 0, 19, 152, 4136 }, // U+F0206
    { 16, 19, 86, 0, 19, 76, 4288 }, // U+F0207
    { 18, 19, 86, 0, 19, 86, 4364 }, // U+F0208
    { 19, 19, 86, 0, 19, 91, 4450 }, // U+F0209
    { 19, 19, 86, 0, 19, 91, 4541 }, // U+F020A
    { 20, 19, 86, 0, 19, 95, 4632 }, // U+F020B
    { 21, 19, 86, 0, 19, 100, 4727 }, // U+F020C
    { 21, 19, 86, 0, 19, 100, 4827 }, // U+F020D
    { 22, 19, 86, 0, 19, 105, 4927 }, // U+F020E
    { 22, 19, 86, 0, 19, 105, 5032 }, // U+F020F
    { 23, 19, 86, 0, 19, 110, 5137 }, // U+F0210
    { 25, 19, 86, 0, 19, 119, 5247 }, // U+F0211
    { 27, 19, 86, 0, 19, 129, 5366 }, // U+F0212
    { 28, 19, 86, 0, 19, 133, 5495 }, // U+F0213
    { 31, 19, 86, 0, 19, 148, 5628 }, // U+F0214
    { 33, 19, 86, 0, 19, 157, 5776 }, // U+F0215
    { 12, 19, 86, -6, 19, 57, 5933 }, // U+F0216
    { 13, 19, 86, -7, 19, 62, 5990 }, // U+F0217
    { 15, 19, 86, -9, 19, 72, 6052 }, // U+F0218
    { 11, 19, 86, -5, 19, 53, 6124 }, // U+F0219
    { 12, 19, 86, -6, 19, 57, 6177 }, // U+F021A
    { 13, 19, 86, -7, 19, 62, 6234 }, // U+F021B
    { 15, 19, 86, -9, 19, 72, 6296 }, // U+F021C
    { 14, 19, 86, -5, 19, 67, 6368 }, // U+F021D
    { 15, 19, 86, -6, 19, 72, 6435 }, // U+F021E
    { 15, 19, 86, -7, 19, 72, 6507 }, // U+F021F
    { 17, 19, 86, -9, 19, 81, 6579 }, // U+F0220
    { 12, 19, 86, -5, 19, 57, 6660 }, // U+F0221
    { 13, 19, 86, -6, 19, 62, 6717 }, // U+F0222
    { 14, 19, 86, -7, 19, 67, 6779 }, // U+F0223
    { 16, 19, 86, -9, 19, 76, 6846 }, // U+F0224
    { 12, 19, 86, -5, 19, 57, 6922 }, // U+F0225
    { 13, 19, 86, -6, 19, 62, 6979 }, // U+F0226
    { 14, 19, 86, -7, 19, 67, 7041 }, // U+F0227
    { 16, 19, 86, -9, 19, 76, 7108 }, // U+F0228
    { 13, 19, 86, -5, 19, 62, 7184 }, // U+F0229
    { 14, 19, 86, -6, 19, 67, 7246 }, // U+F022A
    { 16, 19, 86, -7, 19, 76, 7313 }, // U+F022B
    { 17, 19, 86, -9, 19, 81, 7389 }, // U+F022C
    { 13, 12, 191, 0, 13, 39, 7470 }, // U+F022D
    { 13, 15, 191, 0, 13, 49, 7509 }, // U+F022E
    { 9, 10, 89, 0, 13, 23, 7558 }, // U+F022F
    { 11, 10, 117, 0, 13, 28, 7581 }, // U+F0230
    { 15, 12, 208, -1, 13, 45, 7609 }, // U+F0231
    { 15, 12, 234, 0, 13, 45, 7654 }, // U+F0232
    { 11, 11, 168, 0, 13, 31, 7699 }, // U+F0233
    { 13, 11, 195, 0, 13, 36, 7730 }, // U+F0234
    { 13, 12, 181, -1, 13, 39, 7766 }, // U+F0235
    { 13, 11, 188, 0, 13, 36, 7805 }, // U+F0236
    { 12, 15, 177, 0, 13, 45, 7841 }, // U+F0237
    { 12, 15, 177, 0, 13, 45, 7886 }, // U+F0238
    { 11, 15, 161, 0, 13, 42, 7931 }, // U+F0239
    { 17, 15, 264, 0, 13, 64, 7973 }, // U+F023A
    { 17, 11, 254, 0, 13, 47, 8037 }, // U+F023B
    { 3, 3, 0, -7, 0, 3, 8084 }, // U+F023C
    { 10, 7, 0, -9, 1, 18, 8087 }, // U+F023D
    { 13, 7, 0, -12, 1, 23, 8105 }, // U+F023E
    { 14, 7, 0, -11, 1, 25, 8128 }, // U+F023F
    { 10, 7, 0, -9, 1, 18, 8153 }, // U+F0240
    { 11, 9, 0, -9, 0, 25, 8171 }, // U+F0241
    { 15, 10, 0, -12, 1, 38, 8196 }, // U+F0242
    { 15, 10, 0, -12, 1, 38, 8234 }, // U+F0243
    { 11, 4, 0, -12, -1, 11, 8272 }, // U+F0244
    { 11, 6, 0, -12, 0, 17, 8283 }, // U+F0245
    { 10, 6, 0, -7, 0, 15, 8300 }, // U+F0246
    { 9, 9, 0, -9, 0, 21, 8315 }, // U+F0247
    { 10, 9, 0, -9, 0, 23, 8336 }, // U+F0248
    { 9, 10, 0, -9, 1, 23, 8359 }, // U+F0249
    { 9, 12, 0, -9, 1, 27, 8382 }, // U+F024A
    { 10, 12, 0, -9, 1, 30, 8409 }, // U+F024B
    { 10, 12, 0, -9, 1, 30, 8439 }, // U+F024C
    { 9, 8, 0, -9, 0, 18, 8469 }, // U+F024D
    { 9, 10, 0, -9, 1, 23, 8487 }, // U+F024E
    { 10, 9, 0, -9, 0, 23, 8510 }, // U+F024F
    { 10, 5, 0, -9, 0, 13, 8533 }, // U+F0250
    { 10, 9, 0, -9, 0, 23, 8546 }, // U+F0251
    { 11, 9, 0, -9, 0, 25, 8569 }, // U+F0252
    { 10, 10, 0, -9, 0, 25, 8594 }, // U+F0253
    { 10, 12, 0, -9, 0, 30, 8619 }, // U+F0254
    { 11, 12, 0, -9, 0, 33, 8649 }, // U+F0255
    { 11, 12, 0, -9, 0, 33, 8682 }, // U+F0256
    { 10, 8, 0, -9, 0, 20, 8715 }, // U+F0257
    { 10, 10, 0, -9, 1, 25, 8735 }, // U+F0258
    { 10, 9, 0, -9, 0, 23, 8760 }, // U+F0259
    { 10, 6, 0, -9, 1, 15, 8783 }, // U+F025A
    { 10, 6, 0, -7, 1, 15, 8798 }, // U+F025B
    { 7, 7, 0, -6, 1, 13, 8813 }, // U+F025C
    { 10, 7, 0, -8, 1, 18, 8826 }, // U+F025D
    { 10, 7, 0, -8, 1, 18, 8844 }, // U+F025E
    { 10, 7, 0, -9, 1, 18, 8862 }, // U+F025F
    { 13, 7, 0, -11, 1, 23, 8880 }, // U+F0260
    { 13, 7, 0, -11, 1, 23, 8903 }, // U+F0261
    { 9, 4, 0, -11, -1, 9, 8926 }, // U+F0262
    { 9, 5, 0, -11, -1, 12, 8935 }, // U+F0263
    { 3, 5, 0, -3, 19, 4, 8947 }, // U+F0264
    { 2, 5, 0, 0, 19, 3, 8951 }, // U+F0265
    { 2, 5, 0, 2, 19, 3, 8954 }, // U+F0266
    { 3, 5, 0, 1, 19, 4, 8957 }, // U+F0267
    { 2, 5, 0, 2, 19, 3, 8961 }, // U+F0268
    { 9, 3, 0, -10, -6, 7, 8964 }, // U+F0269
    { 12, 19, 177, 0, 13, 57, 8971 }, // U+F026A
    { 12, 19, 177, 0, 13, 57, 9028 }, // U+F026B
    { 12, 19, 177, 0, 13, 57, 9085 }, // U+F026C
    { 12, 19, 177, 0, 13, 57, 9142 }, // U+F026D
    { 8, 10, 0, -8, 1, 20, 9199 }, // U+F026E
    { 9, 10, 0, -8, 1, 23, 9219 }, // U+F026F
    { 10, 11, 0, -9, 1, 28, 9242 }, // U+F0270
    { 0, 0, 0, 0, 0, 0, 9270 }, // U+F0271
    { 2, 20, 0, -1, 17, 10, 9270 }, // U+F0272
    { 8, 20, 0, -4, 17, 40, 9280 }, // U+F0273
    { 9, 10, 170, 1, 11, 23, 9320 }, // U+F0274
    { 4, 3, 0, -8, -1, 3, 9343 }, // U+F0275
};

static const EpdUnicodeInterval devanagari_10_regularIntervals[] = {
    { 0x900, 0x97F, 0x0 },
    { 0x25CC, 0x25CC, 0x80 },
    { 0xF0000, 0xF0275, 0x81 },
};

static const EpdFontGroup devanagari_10_regularGroups[] = {
    { 0, 4152, 16330, 337, 0 },
    { 4152, 6651, 16322, 271, 337 },
    { 10803, 2700, 10167, 151, 608 },
};

static BuiltinShapingFace devanagari_10_regularShaping = {
    devanagariSansLayout,
    sizeof(devanagariSansLayout),
    0x19FB3245,
    1333,
    &devanagari_10_regularGlyphs[129],
    630,
    nullptr,
};

static constexpr EpdFontData devanagari_10_regular = {
    devanagari_10_regularBitmaps,
    devanagari_10_regularGlyphs,
    devanagari_10_regularIntervals,
    3,
    27,
    19,
    -9,
    true,
    devanagari_10_regularGroups,
    3,
    nullptr,
    nullptr,
    nullptr,
    nullptr,
    nullptr,
    nullptr,
    nullptr,
    nullptr,
    nullptr,
    nullptr,
    nullptr,
    0,
    0,
    0,
    0,
    nullptr,
    0,
    nullptr,  // glyphMissHandler
    nullptr,  // glyphMissCtx
    nullptr,  // coverageHandler
    &builtinShaping::shape,
    &devanagari_10_regularShaping,
};
