/**
 * generated by fontconvert.py
 * name: devanagari_12_regular
 * size: 12
 * mode: 2-bit  compressed: true
 * Command used: fontconvert.py devanagari_12_regular 12 ../builtinFonts/source/NotoSansDevanagari/NotoSansDevanagari-Regular.ttf --no-default-intervals --additional-intervals 0x0900,0x097F --additional-intervals 0x25CC,0x25CC --font-include-intervals 0:0x0900,0x097F --font-include-intervals 0:0x25CC,0x25CC --shaping-font ../builtinFonts/source/NotoSansDevanagari/NotoSansDevanagari-Regular.ttf --shaping-layout-symbol devanagariSansLayout --shaping-layout-header devanagari_sans_layout.h --2bit --compress --pnum --darken-aa --zopfli --max-group-bytes 16384 --shaping-layout-font ../builtinFonts/source/NotoSansDevanagari/NotoSansDevanagari-Regular.ttf
 */
#pragma once
#include "EpdFontData.h"

#include "BuiltinShaping.h"
#include "devanagari_sans_layout.h"

static const uint8_t devanagari_12_regularBitmaps[16703] = {
    0xC4, 0x99, 0x01, 0x84, 0x2D, 0xC9, 0x7A, 0xC7, 0x7F, 0xDD, 0x3D, 0x33, 0xBD, 0x6F, 0x9B, 0xAD,
    0x0D, 0x7B, 0x9F, 0x9D, 0xCB, 0xDB, 0x7E, 0x48, 0x58, 0x37, 0xEF, 0x9D, 0x86, 0x20, 0x89, 0xEE,
    0xD3, 0x25, 0x49, 0x04, 0xC8, 0x5D, 0xDC, 0x4D, 0x3C, 0x60, 0x71, 0x1F, 0x5C, 0xC8, 0x22, 0xE1,
    0x26, 0xCE, 0xDE, 0xA9, 0x00, 0x80, 0x1D, 0x91, 0x04, 0x82, 0x2C, 0x2E, 0xF6, 0xCD, 0x95, 0x9D,
    0x8B, 0x4D, 0x1C, 0x72, 0xEE, 0x9C, 0x02, 0x20, 0xD8, 0x03, 0x41, 0x20, 0xDB, 0x58, 0x78, 0x33,
    0x98, 0x92, 0xF4, 0xA3, 0x77, 0xDE, 0x39, 0xA7, 0xF2, 0x7D, 0xCE, 0xCC, 0xB1, 0xF7, 0x6E, 0xEE,
    0xDB, 0x6B, 0x77, 0xF6, 0x6D, 0x77, 0xFD, 0x7F, 0x5F, 0xF5, 0xE9, 0xAE, 0xAF, 0xAA, 0xBA, 0xAA,
    0x7A, 0xAA, 0x6A, 0xB8, 0x43, 0x11, 0x6D, 0x75, 0xBC, 0xA8, 0xFF, 0x2A, 0xD4, 0x43, 0x78, 0xED,
    0xE3, 0xB7, 0xF8, 0x4B, 0x24, 0x52, 0xFF, 0x6B, 0xA8, 0x1E, 0x2D, 0x8A, 0xE8, 0xB8, 0xCB, 0x64,
    0x36, 0x89, 0x5D, 0x5C, 0x00, 0xC0, 0x88, 0x56, 0xF4, 0x6C, 0xDC, 0x01, 0x69, 0x07, 0x70, 0x71,
    0x08, 0xCC, 0x97, 0xC0, 0xCB, 0x73, 0x00, 0x03, 0x50, 0x38, 0xE6, 0x5D, 0xBB, 0x4E, 0xE2, 0xB2,
    0x5D, 0xE3, 0x9A, 0xCC, 0xC3, 0x48, 0x31, 0x16, 0x24, 0x4B, 0x41, 0xD9, 0x67, 0xBE, 0x2E, 0xD7,
    0xC7, 0xBE, 0xA1, 0x8D, 0xBE, 0xA2, 0xFC, 0x73, 0x6F, 0xAC, 0xC9, 0x7C, 0xEE, 0xAB, 0xCC, 0xA7,
    0x17, 0x27, 0x99, 0x67, 0x3E, 0x08, 0xF6, 0xAC, 0x00, 0x04, 0xDF, 0x82, 0xBF, 0x18, 0x83, 0x78,
    0x54, 0x83, 0xFA, 0x6C, 0x80, 0xD1, 0xC6, 0x8C, 0xD5, 0xA8, 0x67, 0x35, 0xEA, 0xBB, 0xE1, 0xD2,
    0xBB, 0xFA, 0x17, 0xA3, 0x39, 0x88, 0xD1, 0x3C, 0xC4, 0x48, 0x2E, 0x6A, 0x24, 0x1F, 0x35, 0x92,
    0x93, 0x1A, 0xCD, 0x4B, 0x0D, 0xA8, 0x89, 0x31, 0x7A, 0x91, 0x83, 0x40, 0x72, 0x2F, 0x60, 0x62,
    0xA0, 0x3A, 0xFA, 0x80, 0x06, 0x18, 0x01, 0xE5, 0xDB, 0x96, 0x22, 0x06, 0xD2, 0xD3, 0x25, 0x50,
    0xB3, 0x23, 0x6A, 0x99, 0xD1, 0xC6, 0x1E, 0x6D, 0x15, 0x06, 0x60, 0x0C, 0x94, 0x0E, 0x0A, 0x00,
    0x20, 0x89, 0x96, 0x5C, 0x54, 0x78, 0x30, 0x16, 0x0A, 0x07, 0xB9, 0xD7, 0x96, 0xF9, 0x56, 0xF2,
    0x13, 0x7F, 0x41, 0x05, 0x0D, 0x50, 0x5E, 0x6A, 0x0C, 0x7B, 0x4B, 0x5E, 0x2F, 0x07, 0xEA, 0x57,
    0xDE, 0xA3, 0xA1, 0xA4, 0xC2, 0x58, 0x83, 0x71, 0x85, 0x37, 0x2E, 0x0B, 0x15, 0xC4, 0x35, 0x54,
    0x3D, 0x71, 0x7B, 0x40, 0x03, 0x50, 0x6E, 0x31, 0x46, 0xBD, 0xA0, 0x6E, 0x6E, 0x50, 0x9B, 0x93,
    0xD8, 0x89, 0xA3, 0xD3, 0x5E, 0x3D, 0x4D, 0xD5, 0xD5, 0x44, 0x7D, 0x4D, 0xD5, 0x59, 0x2F, 0xDE,
    0xB2, 0x40, 0x25, 0x8D, 0x02, 0xB0, 0x71, 0x1A, 0x14, 0xB1, 0x83, 0x11, 0xB0, 0xE1, 0xEE, 0xE1,
    0x28, 0xB1, 0xB4, 0xAB, 0x51, 0x1E, 0x18, 0x1F, 0x7F, 0x94, 0xF7, 0x90, 0xAF, 0xFF, 0x22, 0x40,
    0x12, 0xA3, 0x30, 0x8F, 0x1F, 0x0C, 0x70, 0xB0, 0x4E, 0x97, 0x64, 0xEB, 0x91, 0xF9, 0x8C, 0xB2,
    0x1B, 0x95, 0x60, 0x18, 0xBD, 0x01, 0x30, 0x32, 0x47, 0x56, 0x98, 0x47, 0x0F, 0xF0, 0x53, 0xB6,
    0x99, 0xA8, 0x03, 0x91, 0x82, 0xBB, 0x69, 0x20, 0x8F, 0xD5, 0x40, 0x79, 0xB6, 0x3E, 0xA1, 0x4D,
    0x7A, 0x43, 0x93, 0x04, 0x63, 0xEB, 0xB4, 0x33, 0xB6, 0x51, 0x54, 0x70, 0x80, 0x71, 0xE9, 0x9A,
    0x2C, 0x64, 0x0B, 0x92, 0x55, 0xE1, 0xA0, 0x56, 0x90, 0x9D, 0x2E, 0x20, 0x51, 0x7F, 0xEC, 0xDB,
    0x84, 0x1D, 0x0A, 0x57, 0x92, 0xF9, 0x31, 0xD9, 0xC5, 0x12, 0x62, 0x0F, 0xBB, 0xF6, 0xAA, 0x82,
    0xBD, 0x28, 0x18, 0x9E, 0x3D, 0x4B, 0x51, 0x25, 0x5A, 0x61, 0xDC, 0x40, 0xDE, 0x59, 0xD2, 0x15,
    0xD0, 0x2E, 0x20, 0x1F, 0x80, 0x07, 0xDB, 0x56, 0x82, 0x11, 0x00, 0x29, 0x50, 0x38, 0xCD, 0xDC,
    0x92, 0xC6, 0x00, 0xB7, 0x36, 0xAD, 0x0F, 0xA3, 0x6B, 0xCD, 0xE7, 0x3A, 0x7D, 0xB1, 0x0F, 0x49,
    0xF4, 0x70, 0x16, 0x80, 0x1E, 0x98, 0x00, 0x35, 0xF0, 0x63, 0xE0, 0x7B, 0xD7, 0x9B, 0x17, 0x60,
    0x77, 0x00, 0x72, 0x6F, 0x00, 0xB2, 0x45, 0x05, 0x90, 0x5E, 0xAC, 0x00, 0x98, 0xF7, 0x80, 0x8E,
    0x6C, 0x00, 0x80, 0x5F, 0xF7, 0x67, 0x04, 0xD8, 0x05, 0x00, 0x73, 0x69, 0x4E, 0x2D, 0x40, 0x16,
    0x3B, 0x00, 0xEE, 0xF5, 0x00, 0x30, 0x05, 0x80, 0xFA, 0xBB, 0x28, 0x20, 0x77, 0x01, 0xC8, 0xA2,
    0x03, 0x48, 0xCE, 0x16, 0xA0, 0x36, 0x00, 0xC0, 0xA5, 0xB9, 0xBF, 0x2D, 0x20, 0xC0, 0x9B, 0xDF,
    0x61, 0x39, 0xD3, 0x68, 0x01, 0x78, 0xE4, 0x01, 0x78, 0xBB, 0x03, 0xC8, 0xE2, 0x63, 0xD4, 0x9C,
    0x0D, 0x00, 0xB0, 0xFC, 0xAE, 0xCA, 0x19, 0xE5, 0x58, 0x47, 0x05, 0x8C, 0x80, 0xD7, 0x04, 0x59,
    0xFC, 0x08, 0xCC, 0xD9, 0x47, 0x37, 0xA8, 0xA8, 0xA2, 0x7A, 0x3D, 0xEB, 0x04, 0x84, 0x86, 0x31,
    0xA1, 0x62, 0x4D, 0x30, 0x67, 0xEB, 0x24, 0xC8, 0x73, 0x59, 0xC7, 0xDD, 0x51, 0xE1, 0x61, 0x94,
    0x5A, 0x01, 0x44, 0x3D, 0xFC, 0x86, 0x34, 0xD0, 0xC3, 0x98, 0x3B, 0xC2, 0x91, 0x59, 0xF5, 0xEC,
    0x34, 0xD5, 0xCF, 0x7A, 0xDA, 0x49, 0x83, 0x70, 0xA8, 0x95, 0x41, 0xE3, 0xA5, 0xAB, 0x1E, 0xF5,
    0x18, 0x67, 0x62, 0x8F, 0xBA, 0xEC, 0x49, 0x06, 0xE8, 0xE1, 0xC0, 0xE5, 0x42, 0x13, 0xA3, 0x30,
    0x99, 0x7F, 0xDE, 0xAB, 0xFF, 0x41, 0xD4, 0x67, 0x0B, 0xC3, 0x17, 0x95, 0x8B, 0xDA, 0x4B, 0x55,
    0x22, 0xE3, 0x0D, 0x89, 0x35, 0xC0, 0xD3, 0x92, 0xB4, 0x4B, 0xD5, 0x88, 0xC2, 0x35, 0x22, 0xB5,
    0xE6, 0xB4, 0x70, 0x79, 0x14, 0xFB, 0x73, 0x91, 0x5C, 0x97, 0xA8, 0xAD, 0x5C, 0x71, 0x1A, 0x5D,
    0x1A, 0x7F, 0xE9, 0xD8, 0x2F, 0x1C, 0x6C, 0x74, 0x20, 0x89, 0x3B, 0xC5, 0x02, 0x0C, 0xB0, 0x77,
    0x0C, 0xC4, 0xA8, 0x43, 0xF8, 0x08, 0xB2, 0x0E, 0x63, 0x53, 0x81, 0x4B, 0x7E, 0x71, 0xC7, 0x58,
    0xE6, 0x11, 0x18, 0x1D, 0x7B, 0x5E, 0x22, 0xF3, 0x94, 0x56, 0x60, 0xBA, 0xC2, 0x93, 0xC6, 0x68,
    0xA1, 0x5A, 0x41, 0x94, 0xC3, 0x2A, 0x80, 0x34, 0x6C, 0x70, 0xEB, 0xE8, 0xEF, 0x02, 0x6D, 0xFC,
    0x1F, 0x89, 0xAD, 0x25, 0x46, 0x48, 0x03, 0x69, 0xB7, 0x45, 0x28, 0x02, 0xAC, 0xE7, 0x82, 0x76,
    0x2D, 0xD8, 0x93, 0x47, 0xB6, 0x69, 0x9F, 0xFA, 0x43, 0x92, 0x75, 0x70, 0x57, 0x60, 0x96, 0xE5,
    0x92, 0xF6, 0xC3, 0x76, 0x4E, 0xC3, 0xC4, 0xA0, 0xB0, 0xE5, 0x3F, 0x8C, 0x8D, 0xCD, 0x63, 0xF9,
    0x89, 0xCD, 0x3F, 0x4F, 0xDF, 0xA7, 0x70, 0x8C, 0x15, 0x33, 0xF2, 0x45, 0xDE, 0x93, 0x69, 0xEB,
    0x71, 0x70, 0x59, 0xBE, 0x65, 0x54, 0x00, 0xC6, 0x6E, 0x90, 0x1C, 0x1D, 0xDB, 0x1F, 0xC9, 0x33,
    0xB6, 0xCE, 0x2E, 0x8E, 0xED, 0x88, 0xC1, 0x58, 0x43, 0x6D, 0x6C, 0xE1, 0x7F, 0x6C, 0x6C, 0xD6,
    0x89, 0x67, 0xD6, 0x33, 0x41, 0x3B, 0x08, 0xF6, 0xAC, 0x00, 0x2E, 0xA1, 0xAE, 0x56, 0x51, 0x01,
    0x21, 0xF7, 0xC9, 0x3D, 0x81, 0x89, 0x02, 0x99, 0x3C, 0xE4, 0xBE, 0x81, 0xDC, 0x8F, 0x14, 0xE5,
    0x9F, 0x1D, 0xFD, 0x93, 0x2F, 0xB4, 0x17, 0xA5, 0xA7, 0xD2, 0xC1, 0xA1, 0xCE, 0xFD, 0xBE, 0xA2,
    0x65, 0x26, 0x88, 0x7D, 0x2E, 0x77, 0x5D, 0xEE, 0x19, 0x00, 0xC6, 0x00, 0xA5, 0x03, 0x0A, 0x00,
    0x78, 0x4E, 0xC1, 0x77, 0xAD, 0xA0, 0x5D, 0x0A, 0xC6, 0x73, 0x63, 0x6B, 0x8C, 0x96, 0xDE, 0x44,
    0x6B, 0x9C, 0xC4, 0xB2, 0x8B, 0x13, 0x63, 0x89, 0xCB, 0x67, 0xCB, 0xBC, 0x2D, 0xB8, 0x57, 0x41,
    0x40, 0xC5, 0x5E, 0x20, 0x8D, 0x81, 0xE2, 0xE2, 0x03, 0x4A, 0x0B, 0x63, 0xA0, 0x01, 0xEA, 0x4B,
    0x5B, 0x01, 0xC6, 0x57, 0x64, 0x71, 0x0D, 0xF3, 0x7E, 0xDB, 0xF1, 0x48, 0x3B, 0xB6, 0xCA, 0xD5,
    0xC7, 0x4A, 0x7C, 0xCC, 0x6D, 0x69, 0x8D, 0x1F, 0x93, 0x2D, 0x1A, 0xB2, 0xAE, 0x91, 0x9B, 0x23,
    0x89, 0x1B, 0x57, 0xFA, 0x3C, 0x46, 0x1D, 0xB9, 0x1C, 0x48, 0x5A, 0xD1, 0x00, 0x66, 0xD3, 0xEB,
    0x62, 0xD4, 0x3E, 0x47, 0x76, 0xE9, 0x4A, 0x3A, 0x1C, 0xCC, 0x23, 0xDA, 0xDD, 0xB4, 0xB7, 0x69,
    0x67, 0xD3, 0xBE, 0xA6, 0x5D, 0x8D, 0x6A, 0xB5, 0x1D, 0x38, 0x50, 0xA3, 0x62, 0x77, 0x46, 0x12,
    0x97, 0x92, 0xF7, 0x87, 0x94, 0x0E, 0x1D, 0xA5, 0x34, 0x59, 0xA4, 0x31, 0xE7, 0xBE, 0x31, 0x92,
    0x5E, 0x64, 0x3E, 0x2D, 0x7C, 0x16, 0x23, 0x1C, 0x0C, 0x44, 0x75, 0xA0, 0xE8, 0x0D, 0x53, 0xC3,
    0x57, 0xC0, 0xF5, 0x86, 0xFC, 0x2C, 0x18, 0xD2, 0xB8, 0x30, 0xB0, 0x8F, 0x80, 0xA7, 0xA0, 0xEE,
    0x54, 0x60, 0xD8, 0xEA, 0xE6, 0x31, 0x5A, 0xDF, 0xF2, 0xF4, 0x98, 0x16, 0x43, 0x73, 0xA9, 0x91,
    0x48, 0xCF, 0xC2, 0x1B, 0xB2, 0x60, 0x40, 0x05, 0x94, 0x7D, 0xBB, 0x6A, 0x97, 0xED, 0x6A, 0x36,
    0xCE, 0xFD, 0xB4, 0xCC, 0xFD, 0x58, 0x54, 0x8E, 0x72, 0xAF, 0x5D, 0xA4, 0x92, 0x1E, 0x72, 0xE0,
    0xE5, 0x37, 0x0A, 0x5F, 0x51, 0x79, 0x73, 0x1A, 0xBD, 0x0C, 0x66, 0xCF, 0xBE, 0xDC, 0x67, 0x23,
    0x1D, 0xCB, 0xAA, 0xED, 0x3B, 0xF9, 0xFE, 0x8C, 0x34, 0x2E, 0x31, 0x17, 0x0F, 0x29, 0x2D, 0x8C,
    0x80, 0x86, 0x57, 0xC5, 0xAE, 0xE5, 0x3A, 0x52, 0x5C, 0xAC, 0xF5, 0xBE, 0x3C, 0x37, 0xB9, 0x9A,
    0xBD, 0x02, 0x2F, 0x51, 0x86, 0xF9, 0xB2, 0x5D, 0x1E, 0x0C, 0xB3, 0xDA, 0xD0, 0x8B, 0x3E, 0x16,
    0x4D, 0x30, 0x54, 0x3F, 0x33, 0x98, 0x95, 0xA1, 0xFC, 0x6C, 0x53, 0x87, 0x8A, 0x0A, 0x29, 0x07,
    0x59, 0x8C, 0xB0, 0xBF, 0xAD, 0xF7, 0x76, 0x8A, 0x01, 0x15, 0x5F, 0xD4, 0xCB, 0x47, 0xC7, 0xB4,
    0x31, 0xD2, 0x9E, 0xCE, 0xA9, 0x7C, 0x45, 0x21, 0x82, 0x2F, 0xEB, 0xEB, 0xA6, 0x4F, 0xBB, 0x8A,
    0x2C, 0xA8, 0x65, 0xDB, 0x1E, 0x86, 0xE7, 0x9C, 0xAE, 0x22, 0xBF, 0x88, 0xA4, 0x51, 0xCB, 0x7E,
    0xFB, 0xCB, 0x1F, 0xD6, 0xAB, 0x63, 0xAD, 0x75, 0xE5, 0x29, 0xDC, 0x10, 0x54, 0xD1, 0x0B, 0xA4,
    0x4B, 0xB8, 0x96, 0x50, 0x9C, 0xAE, 0x09, 0x69, 0x14, 0xB0, 0x3F, 0x12, 0x30, 0xCA, 0x3A, 0x90,
    0x96, 0x13, 0xA4, 0x4E, 0x00, 0x3A, 0x56, 0xB6, 0xFD, 0xE3, 0x86, 0x21, 0x8B, 0x9F, 0x60, 0x2E,
    0x3E, 0xA1, 0xEA, 0x0D, 0xE3, 0xDA, 0xD0, 0x94, 0xA2, 0xE2, 0x7D, 0xAA, 0x2C, 0x62, 0xCE, 0x22,
    0x59, 0x3C, 0x7F, 0xEA, 0x9D, 0x56, 0x5D, 0x1B, 0xFD, 0x7C, 0x29, 0xE8, 0x27, 0xF4, 0x84, 0x46,
    0x70, 0xA2, 0xA8, 0x14, 0x89, 0x82, 0x07, 0x47, 0xBD, 0xB6, 0x85, 0x60, 0x2D, 0x31, 0x56, 0x08,
    0x26, 0x0A, 0xBE, 0x0C, 0xFD, 0x64, 0xA9, 0x74, 0xCD, 0xF7, 0xAC, 0x8A, 0xD3, 0x47, 0xBE, 0x8D,
    0xD1, 0xB7, 0x62, 0x4B, 0xB9, 0xD6, 0x13, 0x9E, 0xD6, 0x76, 0xFC, 0x07, 0x63, 0xE9, 0x45, 0x83,
    0xB1, 0x89, 0xD8, 0x52, 0xAE, 0x5B, 0x67, 0xEC, 0x18, 0x89, 0xDB, 0xCA, 0x16, 0xA7, 0xD1, 0xEA,
    0x98, 0xE5, 0xE6, 0x6D, 0x0B, 0x66, 0xAB, 0x18, 0x07, 0x09, 0x7A, 0xA1, 0xC1, 0x09, 0xDB, 0x96,
    0x76, 0x45, 0x1B, 0xF4, 0xAA, 0xF0, 0x64, 0x01, 0x96, 0xD0, 0x82, 0x91, 0x0B, 0x0F, 0xBC, 0x60,
    0x12, 0xD3, 0x52, 0xDE, 0xF6, 0x66, 0x93, 0x44, 0x8E, 0x45, 0x54, 0x00, 0x13, 0x36, 0xB8, 0x93,
    0xCC, 0xC8, 0x63, 0xB9, 0xD4, 0x75, 0xC8, 0x8C, 0x36, 0xED, 0x27, 0x34, 0x69, 0x98, 0x50, 0x67,
    0x0B, 0x8D, 0xF9, 0x09, 0x15, 0x4C, 0x30, 0x4E, 0x90, 0x05, 0x01, 0x2B, 0x45, 0xAD, 0x00, 0xF8,
    0xE2, 0x37, 0x9F, 0x9A, 0x0D, 0xEE, 0x08, 0xB2, 0xF8, 0x07, 0x6B, 0xCC, 0xD9, 0xF9, 0xB9, 0xAF,
    0x58, 0xEB, 0xA7, 0x6F, 0x92, 0x84, 0x4B, 0xF4, 0x8A, 0x90, 0x84, 0x2A, 0x5D, 0x66, 0x9D, 0x39,
    0x3F, 0x3F, 0xF6, 0x79, 0xCC, 0x23, 0xDC, 0x95, 0xF3, 0xBA, 0xFD, 0x01, 0xDB, 0x86, 0x1E, 0x2E,
    0x63, 0x3A, 0xA4, 0x54, 0x50, 0xC2, 0x8D, 0x92, 0x2C, 0x7E, 0x2A, 0x9E, 0x3F, 0xA5, 0xA2, 0xA4,
    0xD9, 0xAA, 0xA2, 0xE2, 0xE0, 0x0B, 0xDD, 0xAF, 0x04, 0x36, 0x4A, 0xD7, 0x45, 0x5C, 0x98, 0xF8,
    0x1F, 0x82, 0xAC, 0x9B, 0x60, 0x92, 0x20, 0x70, 0x82, 0xFC, 0x73, 0x01, 0xFF, 0xA6, 0xD0, 0xD7,
    0x87, 0xF1, 0x13, 0xDA, 0x39, 0x13, 0x0E, 0x96, 0x82, 0xAA, 0x17, 0x30, 0x53, 0xB4, 0x5C, 0xDE,
    0x25, 0x53, 0x00, 0x5C, 0xF5, 0x21, 0x13, 0x8C, 0x35, 0x53, 0x51, 0x23, 0x32, 0xA2, 0xFC, 0x13,
    0x6B, 0xD2, 0x73, 0x6B, 0xD0, 0x3F, 0x65, 0x07, 0x56, 0xC6, 0xA9, 0x4D, 0xE2, 0xB9, 0x65, 0xDF,
    0x3C, 0xD3, 0x87, 0xB6, 0xAD, 0x3B, 0x62, 0xC2, 0x06, 0xA5, 0x60, 0x47, 0x63, 0x6D, 0xA3, 0x58,
    0x1F, 0x2D, 0x69, 0x25, 0x0F, 0x4A, 0x77, 0x6F, 0x46, 0xE1, 0xB4, 0x4D, 0x17, 0x82, 0xA4, 0x17,
    0xF0, 0x44, 0x51, 0x59, 0x41, 0x21, 0xD8, 0xAE, 0xDA, 0xB7, 0x1F, 0x51, 0x4D, 0x12, 0x97, 0x98,
    0xD3, 0x0F, 0x29, 0x01, 0xA3, 0xFA, 0x47, 0x4B, 0x16, 0x07, 0x8A, 0x8B, 0x13, 0x8C, 0x35, 0x94,
    0xA8, 0x2A, 0xE1, 0x7B, 0x14, 0xFE, 0x37, 0xC9, 0x06, 0x60, 0xEE, 0xC0, 0x2C, 0x00, 0xC9, 0x4F,
    0x0F, 0x8C, 0xBD, 0x3A, 0xA5, 0xCA, 0x4B, 0xB1, 0xCF, 0x3D, 0xEB, 0x27, 0x75, 0x12, 0x43, 0x16,
    0x43, 0xE1, 0x29, 0x1C, 0xF9, 0x82, 0x74, 0x80, 0x39, 0x94, 0x9E, 0x3C, 0xBC, 0x44, 0x5F, 0x33,
    0xAD, 0x98, 0x19, 0x37, 0xCD, 0x7F, 0x19, 0x92, 0xD8, 0xB1, 0xCF, 0x57, 0xB9, 0x4C, 0xE2, 0x00,
    0x45, 0x8C, 0x9E, 0xD2, 0xE5, 0x03, 0x15, 0x3C, 0x60, 0x0C, 0xC6, 0x8D, 0x20, 0xEB, 0x4A, 0x20,
    0xC4, 0x25, 0xA0, 0xC0, 0xD8, 0x6B, 0xC1, 0x00, 0x6D, 0x84, 0x89, 0x71, 0x4C, 0x33, 0xCF, 0x34,
    0x5D, 0x50, 0x27, 0x81, 0x9A, 0x00, 0x26, 0x7A, 0x15, 0xF4, 0x7C, 0x2D, 0x25, 0x6F, 0x41, 0xB9,
    0xE2, 0xB5, 0xEA, 0x98, 0x66, 0xA7, 0xB0, 0x95, 0x33, 0x56, 0xA6, 0x1C, 0x10, 0x57, 0xB0, 0xFB,
    0x16, 0xC9, 0x1D, 0x28, 0xA3, 0xA5, 0x3D, 0xEE, 0x98, 0x68, 0x3B, 0xCB, 0x39, 0xFE, 0x70, 0x4C,
    0xB9, 0x34, 0x24, 0x87, 0x2F, 0x53, 0xF8, 0xD6, 0xCF, 0xE8, 0xF9, 0x98, 0x07, 0xFF, 0x52, 0xAD,
    0x92, 0xC3, 0xC2, 0xD3, 0x7A, 0xA6, 0xD0, 0xC3, 0xC9, 0x13, 0xDA, 0x15, 0xE3, 0x43, 0x6A, 0x24,
    0x3D, 0x65, 0x24, 0xF9, 0x7B, 0x76, 0xB0, 0x35, 0xA1, 0x49, 0x43, 0x75, 0x7C, 0xB9, 0xE5, 0xF7,
    0x43, 0x18, 0xE0, 0xC1, 0x43, 0xAA, 0xC8, 0xDE, 0xB1, 0x23, 0xF3, 0xA4, 0x0B, 0x71, 0x7E, 0xC3,
    0x72, 0x10, 0xF8, 0xFD, 0x01, 0x6A, 0x78, 0x03, 0x0C, 0x14, 0x96, 0xD4, 0xCA, 0xEF, 0x6D, 0xE0,
    0xD6, 0xC0, 0x6E, 0xCD, 0xFC, 0xBF, 0xF9, 0x9B, 0x08, 0xA5, 0x4E, 0xCB, 0x5E, 0xC5, 0x4E, 0x93,
    0x50, 0x67, 0x5D, 0x7B, 0xEC, 0x4D, 0xB4, 0xDC, 0x01, 0x90, 0xB6, 0x97, 0x40, 0xC3, 0x0B, 0x86,
    0xD7, 0x80, 0x09, 0xD0, 0x7E, 0x08, 0x26, 0x3A, 0x92, 0x47, 0x1E, 0xD2, 0x0E, 0xAE, 0xE1, 0x5D,
    0xEF, 0x43, 0x5C, 0x70, 0x14, 0xE0, 0x3E, 0xD4, 0x30, 0x02, 0x03, 0x2F, 0x43, 0x5C, 0x6A, 0x30,
    0xF6, 0x05, 0xC3, 0x9E, 0xA5, 0xEA, 0xB9, 0x39, 0x63, 0xF7, 0x0D, 0xDA, 0x73, 0xC6, 0x73, 0x8B,
    0xF1, 0xA4, 0x8E, 0x36, 0x6A, 0xC8, 0x16, 0x2F, 0x18, 0x7E, 0x0B, 0x0E, 0x16, 0xFC, 0x76, 0xCF,
    0x66, 0xA8, 0x53, 0x00, 0xCC, 0x17, 0x73, 0x3F, 0xE5, 0xF9, 0xA7, 0x36, 0x17, 0xF7, 0x81, 0xD6,
    0x51, 0x17, 0x81, 0xF1, 0xC3, 0x29, 0x65, 0x9C, 0x90, 0x3C, 0x1A, 0x20, 0x19, 0xBE, 0x79, 0x87,
    0x84, 0x57, 0x00, 0x4C, 0xF9, 0x03, 0xA0, 0xF8, 0xD3, 0x1F, 0x03, 0xF9, 0x62, 0x06, 0xA4, 0xB1,
    0xDF, 0x14, 0x10, 0x1D, 0xA9, 0x57, 0x43, 0x0C, 0xDB, 0xA4, 0x11, 0x18, 0x99, 0x73, 0x0F, 0x4D,
    0x95, 0x75, 0x14, 0xCB, 0x49, 0xDA, 0xBD, 0x59, 0x5E, 0x0C, 0xD2, 0x1B, 0xBE, 0x37, 0x0F, 0x69,
    0x68, 0x68, 0xFF, 0x48, 0xC7, 0x66, 0x69, 0xA4, 0x67, 0x38, 0x53, 0x44, 0x9B, 0x2F, 0x2A, 0xEE,
    0x5E, 0x6D, 0xAD, 0x1C, 0x0C, 0xDB, 0x8D, 0x95, 0x5A, 0x0F, 0x6E, 0x1D, 0x1D, 0xB6, 0x31, 0xDC,
    0x3A, 0xFA, 0xE0, 0x3D, 0xC6, 0x94, 0x18, 0x9D, 0x2E, 0xFB, 0x92, 0x11, 0x35, 0xF7, 0xF9, 0x11,
    0x5D, 0x93, 0x76, 0xA5, 0xF6, 0x5E, 0x7B, 0x73, 0x2D, 0x0F, 0x76, 0x37, 0x8F, 0x0E, 0xDF, 0xE1,
    0x9D, 0xF5, 0xA3, 0x50, 0x45, 0x9F, 0x3C, 0xE4, 0x1D, 0x3E, 0xD8, 0xC4, 0x7F, 0xE3, 0xE1, 0xAB,
    0x27, 0x8F, 0xC2, 0x41, 0xEC, 0xE4, 0xC7, 0xEB, 0x59, 0x4B, 0x17, 0x6E, 0x94, 0x5A, 0xE3, 0x47,
    0x50, 0x38, 0xBE, 0x9D, 0x05, 0xF5, 0x1B, 0xBA, 0xA0, 0xA6, 0xD5, 0x05, 0x35, 0x25, 0xC0, 0xD7,
    0x5E, 0x56, 0x67, 0x5E, 0x9F, 0x51, 0x7B, 0xFD, 0x4B, 0x45, 0xCC, 0x76, 0x55, 0x67, 0xE0, 0x1B,
    0x2F, 0x80, 0xB6, 0x47, 0xEE, 0xC0, 0x78, 0xB5, 0xDF, 0x78, 0x51, 0xB4, 0x3D, 0x0C, 0xA0, 0x09,
    0x0C, 0xD7, 0x34, 0x11, 0xCE, 0xFC, 0x28, 0x75, 0x79, 0x37, 0x82, 0xCC, 0x03, 0x5F, 0x77, 0xF6,
    0x98, 0x7B, 0x7D, 0xD5, 0x6A, 0xBF, 0xC1, 0x4E, 0xF6, 0x67, 0x5F, 0xDC, 0xC9, 0x1E, 0x74, 0x27,
    0xDB, 0xA0, 0xB5, 0x31, 0xA9, 0x85, 0x51, 0x11, 0x3D, 0x4A, 0x00, 0x03, 0xCA, 0x53, 0x0F, 0x64,
    0x51, 0xC9, 0x4F, 0xFE, 0xFF, 0xBD, 0xED, 0x3B, 0xBF, 0x62, 0x6F, 0xDB, 0xC9, 0xD8, 0xAB, 0x6C,
    0x45, 0x1A, 0x31, 0x2E, 0xFB, 0x8C, 0x2C, 0xE4, 0x8E, 0x64, 0x25, 0xA0, 0xCE, 0x4E, 0x03, 0xA4,
    0xB1, 0x83, 0xEC, 0xBF, 0x10, 0x78, 0x20, 0xBD, 0xE8, 0x81, 0x79, 0x40, 0x07, 0x78, 0x62, 0xEF,
    0x50, 0xC6, 0x48, 0x7B, 0x7C, 0xEE, 0x6A, 0x69, 0xAE, 0xFA, 0x95, 0xCC, 0x37, 0x18, 0x57, 0xBA,
    0x86, 0x7C, 0xF1, 0x18, 0xDC, 0xC9, 0x21, 0xB4, 0xE1, 0xCB, 0xCF, 0xE6, 0xAE, 0x7E, 0xA5, 0xF5,
    0x0D, 0x7F, 0x4D, 0xE9, 0x1E, 0x3C, 0xCE, 0x17, 0x6D, 0xC0, 0xFD, 0x9E, 0x85, 0xF1, 0xE3, 0xAB,
    0xE7, 0xDF, 0xAC, 0x9F, 0x3E, 0xDE, 0xDC, 0xB3, 0xB5, 0x71, 0x2F, 0x1E, 0xB8, 0x4B, 0x11, 0x5D,
    0x75, 0xDE, 0x49, 0x55, 0x27, 0xF4, 0x53, 0xA6, 0x12, 0x24, 0x22, 0x97, 0xF2, 0x59, 0x90, 0x5B,
    0xFA, 0xC0, 0x40, 0x1B, 0x99, 0x18, 0x7B, 0xBF, 0x70, 0x93, 0xC2, 0xC9, 0x00, 0x31, 0x91, 0x6C,
    0x89, 0xE9, 0x68, 0x2D, 0xAD, 0x43, 0xDB, 0xE7, 0x09, 0x54, 0x50, 0x42, 0x0B, 0x3F, 0xA0, 0x58,
    0x6B, 0xA7, 0x7A, 0x29, 0x0B, 0x24, 0x01, 0x34, 0xBC, 0x9E, 0x84, 0x36, 0xEB, 0x0E, 0xCE, 0x7D,
    0x1B, 0xD9, 0xEB, 0x61, 0x0A, 0x35, 0x8C, 0xC1, 0x80, 0x71, 0xEC, 0x5E, 0x26, 0x79, 0x3D, 0x5B,
    0x90, 0x76, 0x1A, 0x32, 0x9F, 0xCE, 0x5D, 0x1E, 0x7D, 0xF2, 0x87, 0x9D, 0x26, 0x27, 0x1C, 0xA4,
    0xE1, 0xE0, 0xBC, 0x6B, 0xA3, 0xCB, 0x3F, 0x87, 0x00, 0x13, 0x18, 0xC3, 0xEB, 0x00, 0x52, 0xE6,
    0x81, 0x99, 0x84, 0x19, 0xD3, 0x86, 0xBE, 0xFA, 0x93, 0x2E, 0x8F, 0x2E, 0x5D, 0x53, 0x9C, 0xBB,
    0x32, 0x5B, 0x8C, 0xD2, 0x20, 0xD5, 0x11, 0x96, 0x67, 0x8B, 0x5C, 0x6B, 0x44, 0x82, 0xE6, 0x59,
    0x59, 0x1A, 0x98, 0xC1, 0x54, 0x42, 0x1A, 0xA6, 0xD9, 0xD0, 0x64, 0x83, 0x0C, 0x83, 0x22, 0x76,
    0xDC, 0x0B, 0xB0, 0x09, 0x3D, 0x0C, 0x7A, 0x3F, 0xFA, 0x32, 0xFA, 0x16, 0x6A, 0x34, 0x54, 0xFB,
    0x98, 0xE8, 0xCC, 0xA9, 0xBB, 0xFA, 0xC5, 0xD6, 0x59, 0x18, 0x67, 0xBD, 0x39, 0x0B, 0x59, 0xEC,
    0xB8, 0x19, 0x60, 0x53, 0xC9, 0x57, 0x5F, 0x06, 0x03, 0x25, 0x48, 0x97, 0x1E, 0x9B, 0xA1, 0xA9,
    0x9E, 0xD4, 0x75, 0x55, 0xD7, 0xA6, 0x1E, 0x99, 0xDA, 0xFC, 0x73, 0x93, 0xC7, 0x8A, 0x83, 0xD2,
    0x36, 0xC5, 0xC5, 0x32, 0x8D, 0x81, 0x7D, 0x48, 0xA1, 0xF0, 0x54, 0x96, 0x07, 0x30, 0x90, 0x05,
    0x8C, 0xA7, 0x84, 0x31, 0xD4, 0x57, 0x61, 0xCC, 0xBB, 0xE5, 0x59, 0x9F, 0xC7, 0x05, 0x3F, 0xC5,
    0x0C, 0xB4, 0x6B, 0x66, 0xA5, 0x8E, 0x41, 0x09, 0xD3, 0x8A, 0xF1, 0x8A, 0xAA, 0xA7, 0xD8, 0xCC,
    0x3A, 0x4F, 0xA0, 0x02, 0xE3, 0xC8, 0xBD, 0xBA, 0xD5, 0x88, 0x4E, 0xBE, 0xCA, 0x25, 0xE3, 0x39,
    0xF7, 0x8D, 0x86, 0xF1, 0x89, 0x5E, 0x26, 0x87, 0xD4, 0x0F, 0x6A, 0x20, 0x61, 0x07, 0x0A, 0x3B,
    0x42, 0x92, 0x34, 0x90, 0x5D, 0x2C, 0x81, 0x18, 0x80, 0x1B, 0x00, 0x70, 0xDD, 0xFF, 0x98, 0x7C,
    0x3E, 0xAE, 0x3F, 0x23, 0x68, 0xF8, 0x15, 0xE6, 0x3B, 0xD9, 0x94, 0xFF, 0x1E, 0x00, 0x94, 0x00,
    0x60, 0x3A, 0x94, 0xE9, 0x12, 0x35, 0x3F, 0x7F, 0x03, 0x40, 0x97, 0x7A, 0x00, 0xF7, 0x22, 0x00,
    0x8C, 0x7F, 0xFD, 0xE5, 0xFC, 0x36, 0x9A, 0x82, 0xC4, 0x25, 0x4E, 0xB2, 0x3D, 0xF6, 0x30, 0x8F,
    0x56, 0xBF, 0xFB, 0xD7, 0x9F, 0xD1, 0xB3, 0x79, 0xFC, 0xF1, 0xA1, 0xDD, 0x5C, 0x26, 0x31, 0x3A,
    0xD8, 0x3B, 0xDC, 0xEE, 0x55, 0x65, 0x0B, 0xD8, 0xEA, 0x3F, 0x2D, 0x79, 0x5C, 0x52, 0x5D, 0xCC,
    0x75, 0xA6, 0x61, 0xDB, 0x45, 0xE1, 0x8C, 0xE4, 0x92, 0xDA, 0xC2, 0x43, 0xE1, 0xC0, 0x58, 0x68,
    0x81, 0x06, 0xD8, 0xF9, 0xD2, 0x4C, 0x43, 0x27, 0x19, 0x3B, 0xDB, 0x49, 0xC6, 0x98, 0xFE, 0x6A,
    0x92, 0xE1, 0xAE, 0x26, 0x19, 0xC9, 0xFA, 0xC9, 0xD5, 0x24, 0x63, 0xD7, 0x0A, 0x1E, 0xFF, 0xAE,
    0x60, 0x98, 0x08, 0xFE, 0x7D, 0x26, 0xD0, 0x6C, 0xC8, 0xDD, 0x33, 0x7F, 0x67, 0x97, 0xA2, 0xB5,
    0xA4, 0x8D, 0xB7, 0x6D, 0xF9, 0xBF, 0x9F, 0xD8, 0xF6, 0x6F, 0xA3, 0xF8, 0xD6, 0x9D, 0xDA, 0xF6,
    0xF9, 0xBB, 0x34, 0xCF, 0x99, 0x47, 0x55, 0xA2, 0xF6, 0x52, 0xC6, 0x1B, 0x72, 0x11, 0x6C, 0x85,
    0x89, 0x51, 0xF5, 0x55, 0x35, 0x4B, 0xAE, 0x6A, 0x66, 0x5C, 0xA3, 0x35, 0x1B, 0x3D, 0x55, 0xB3,
    0xE4, 0x6A, 0xFA, 0x24, 0x9E, 0xE2, 0x06, 0xD5, 0x8A, 0x83, 0xE8, 0x7E, 0x58, 0x78, 0xB2, 0xCD,
    0x77, 0x5E, 0xC2, 0x82, 0xD2, 0x67, 0x6B, 0x34, 0xEA, 0x9F, 0x0D, 0x3A, 0xC9, 0x52, 0xA9, 0x17,
    0xBE, 0x7F, 0x6C, 0x11, 0x1F, 0x3A, 0xC9, 0xDA, 0x4C, 0xB0, 0x1E, 0xC2, 0x3C, 0xBA, 0x9D, 0x5B,
    0x8F, 0xBC, 0x71, 0x52, 0x2B, 0xE9, 0x18, 0x89, 0xDC, 0x67, 0xF7, 0x21, 0x92, 0x59, 0x27, 0x0A,
    0x4F, 0xED, 0xDA, 0xED, 0xDF, 0xBE, 0xDC, 0xB5, 0x7B, 0x9F, 0x6A, 0x6A, 0x68, 0x1A, 0x91, 0xB9,
    0x4D, 0x95, 0x9D, 0x63, 0xCE, 0x22, 0x79, 0x8C, 0xF0, 0x93, 0xA7, 0xEB, 0x0F, 0xF0, 0x2E, 0xBC,
    0xCA, 0x8F, 0x58, 0x80, 0x05, 0x1E, 0xF3, 0x3B, 0x7A, 0x0D, 0xFA, 0xCB, 0xBB, 0x16, 0x8D, 0x22,
    0xB9, 0xFC, 0xE2, 0xED, 0x49, 0xA0, 0x7E, 0xF1, 0x20, 0x49, 0x6E, 0xBC, 0xFD, 0x7F, 0xED, 0x9B,
    0xC5, 0x59, 0x04, 0x41, 0x14, 0x84, 0x71, 0x97, 0x0C, 0xD8, 0x10, 0xC8, 0x60, 0x24, 0x83, 0x09,
    0x03, 0x89, 0x01, 0x3B, 0x91, 0x05, 0x7E, 0xC1, 0xF5, 0x86, 0x67, 0xB0, 0x21, 0x10, 0xC2, 0xDC,
    0x70, 0x1E, 0x55, 0x8D, 0xBB, 0xB6, 0xED, 0xF7, 0x56, 0x6A, 0x5D, 0xC6, 0xAA, 0xA5, 0xFE, 0x57,
    0x28, 0xE6, 0xA1, 0x98, 0x87, 0x3F, 0xCC, 0xC3, 0x57, 0x17, 0xDC, 0x36, 0x5E, 0xE2, 0xB6, 0x87,
    0x1F, 0x29, 0xFC, 0xA1, 0xE8, 0xC2, 0xFF, 0xFE, 0x4F, 0x1F, 0x9D, 0x67, 0x0B, 0x1C, 0x55, 0x9C,
    0x9C, 0x90, 0x07, 0x42, 0xD3, 0x15, 0x5B, 0xE6, 0x11, 0x81, 0xD2, 0xD1, 0x41, 0xF0, 0xA3, 0x53,
    0x1D, 0x9D, 0x5A, 0x4E, 0xCF, 0x34, 0x3D, 0xB3, 0x39, 0x83, 0xF9, 0xD3, 0xBC, 0x2D, 0xB4, 0x38,
    0xEB, 0x6D, 0xB2, 0xF8, 0x1F, 0x89, 0xE0, 0x87, 0xF1, 0xA4, 0xCD, 0xA4, 0xF0, 0xCB, 0x38, 0xE9,
    0xA7, 0x41, 0x78, 0x5D, 0x61, 0xFE, 0xD6, 0x41, 0xB6, 0x53, 0x39, 0x19, 0x5D, 0x28, 0x53, 0xD9,
    0x68, 0x59, 0x2F, 0x0D, 0xE3, 0x61, 0x3B, 0xD0, 0xFB, 0x2A, 0x50, 0x7C, 0x3F, 0x4F, 0x8B, 0x1B,
    0x3D, 0x55, 0xF4, 0x54, 0xD1, 0x53, 0x45, 0x4F, 0x15, 0x3D, 0x55, 0xF4, 0x54, 0xB1, 0xD1, 0x5A,
    0xC3, 0x46, 0xED, 0x30, 0xA0, 0xCA, 0x53, 0x7A, 0xE1, 0x29, 0xFF, 0x9B, 0x96, 0x6D, 0xBD, 0xC6,
    0x96, 0xA8, 0xC8, 0xA4, 0x54, 0x71, 0xE0, 0x61, 0xDB, 0x37, 0x42, 0xCC, 0xBD, 0xDE, 0x69, 0x2E,
    0xDB, 0xCD, 0x32, 0x8C, 0x9D, 0xCB, 0x9B, 0xE6, 0x83, 0x5C, 0xEF, 0xB8, 0x9C, 0x19, 0xE9, 0xC4,
    0x5B, 0xF6, 0x7A, 0xB1, 0xED, 0xD2, 0x75, 0x48, 0xAF, 0x70, 0x23, 0x0C, 0x53, 0x1A, 0xAB, 0x8F,
    0x73, 0xA0, 0x99, 0x59, 0x7C, 0x19, 0xA7, 0x64, 0x4F, 0x73, 0xC9, 0x0D, 0x4B, 0x4B, 0x25, 0xBF,
    0x14, 0x72, 0xB3, 0xC4, 0xCE, 0x07, 0x5F, 0xE8, 0x9C, 0x80, 0x34, 0x1E, 0xDF, 0x4B, 0xDA, 0x49,
    0x91, 0xBC, 0xC4, 0x50, 0xAD, 0x9E, 0x20, 0x04, 0xDF, 0xB2, 0x47, 0x49, 0xF9, 0xC5, 0x5D, 0xB8,
    0x86, 0x96, 0xCD, 0xF9, 0xCE, 0xDA, 0x02, 0x4E, 0x51, 0xFF, 0x21, 0x23, 0xA6, 0x91, 0xCB, 0xD9,
    0xE1, 0x15, 0xD5, 0x58, 0x39, 0xBC, 0x9C, 0x7A, 0x60, 0x94, 0x6E, 0x5E, 0xD0, 0xCE, 0x2F, 0x85,
    0x7E, 0x2E, 0xEB, 0xE3, 0x58, 0xF0, 0x2B, 0xD8, 0xF2, 0xCD, 0x12, 0x66, 0x3C, 0x68, 0xE9, 0x50,
    0x7C, 0x8A, 0x26, 0x8C, 0x15, 0x31, 0x4E, 0xED, 0xAF, 0xA3, 0xF6, 0x19, 0xAD, 0x63, 0x11, 0xFB,
    0xDB, 0xCA, 0xF6, 0xCF, 0xCB, 0xDA, 0xDF, 0x65, 0x31, 0x7F, 0x81, 0x2F, 0xFF, 0x34, 0xD4, 0x25,
    0x69, 0xF2, 0x0D, 0xE8, 0xF1, 0x6D, 0xE9, 0xFE, 0x77, 0x78, 0xA5, 0x5B, 0xBD, 0x9A, 0x01, 0x88,
    0x24, 0xC7, 0xB9, 0xDF, 0x7F, 0xDD, 0x75, 0xDA, 0x96, 0xD5, 0x8F, 0x94, 0x00, 0x5D, 0xD0, 0x29,
    0xD1, 0x75, 0x00, 0x03, 0x46, 0xE8, 0xBA, 0x03, 0x00, 0x18, 0x98, 0x99, 0xAE, 0x3C, 0x07, 0x0C,
    0x08, 0x72, 0x02, 0x9C, 0x40, 0x1E, 0x00, 0x01, 0xCE, 0x40, 0x64, 0x78, 0x2F, 0x40, 0x00, 0x03,
    0x7B, 0x9E, 0x3E, 0x39, 0xF0, 0x80, 0x07, 0xDC, 0x12, 0x13, 0x43, 0x00, 0x78, 0x07, 0x28, 0x20,
    0xED, 0x05, 0xAF, 0x20, 0xE6, 0xB1, 0x24, 0xA3, 0x9D, 0x92, 0x05, 0x00, 0x18, 0x72, 0x93, 0x40,
    0x78, 0x90, 0x00, 0x6A, 0x1C, 0x8B, 0xE0, 0xDD, 0xE0, 0xAD, 0xC8, 0x1D, 0xA7, 0xB5, 0xEA, 0xE9,
    0xCA, 0x57, 0x3D, 0xB3, 0xC3, 0xAE, 0xEF, 0x49, 0xBE, 0x5B, 0xCD, 0xB9, 0xB6, 0xBF, 0x5F, 0xF5,
    0x4E, 0xF7, 0x74, 0x55, 0x57, 0xD7, 0x57, 0xDF, 0x7F, 0xAA, 0x3A, 0x6D, 0x29, 0x3D, 0xBB, 0xDA,
    0x7C, 0x3F, 0xAD, 0x76, 0xD3, 0x6A, 0xA2, 0x8D, 0xF6, 0xA8, 0x0E, 0x5D, 0x53, 0x1A, 0xCA, 0x8A,
    0xA4, 0x81, 0x0F, 0xA0, 0x80, 0x0C, 0x4A, 0x78, 0x95, 0xB4, 0xA7, 0xF0, 0xF6, 0x79, 0xE5, 0x88,
    0x1C, 0x84, 0xED, 0xE5, 0xC8, 0x95, 0xAA, 0x9E, 0x9E, 0xDA, 0xD2, 0xB3, 0xD3, 0xC0, 0x21, 0x8C,
    0x60, 0x02, 0x1A, 0x74, 0xC5, 0x73, 0xEB, 0xAF, 0xBC, 0xAC, 0x16, 0xC4, 0x75, 0xD8, 0x94, 0x8D,
    0xE7, 0x55, 0xE2, 0x6D, 0xF4, 0xAD, 0x3A, 0x7C, 0x1D, 0x37, 0x8D, 0xDD, 0xF4, 0xB4, 0x2E, 0x7D,
    0x95, 0x7C, 0x06, 0x0E, 0x76, 0x61, 0x02, 0x2F, 0x03, 0x1C, 0x72, 0xD8, 0x32, 0x93, 0x6D, 0xC6,
    0xE1, 0x98, 0xA6, 0xF8, 0x76, 0x9D, 0xF8, 0x2A, 0xEE, 0x49, 0x4F, 0xAB, 0x4C, 0x2D, 0xF2, 0xD8,
    0x8D, 0x23, 0x27, 0xCC, 0x4E, 0x16, 0xF2, 0x39, 0x77, 0x88, 0x86, 0x32, 0x0B, 0xC3, 0x18, 0x66,
    0x70, 0x28, 0x5B, 0xEC, 0x0E, 0x55, 0x3B, 0x56, 0x6D, 0x71, 0xE2, 0x52, 0x5F, 0xF3, 0x96, 0x83,
    0xD5, 0xD6, 0x40, 0x1B, 0x8E, 0x7B, 0x9B, 0x79, 0x5B, 0xC2, 0x68, 0xD8, 0x8A, 0x1B, 0x68, 0x5F,
    0xE9, 0xE3, 0xEA, 0xFC, 0x13, 0x33, 0x52, 0x6E, 0xA2, 0x1A, 0x7D, 0xE2, 0x94, 0xAF, 0x79, 0xC5,
    0xC1, 0xEA, 0x26, 0x5F, 0x7C, 0x01, 0x34, 0x64, 0x90, 0x47, 0x66, 0xA2, 0xDB, 0x71, 0xF1, 0xC1,
    0x68, 0x54, 0x8C, 0x46, 0x7A, 0x94, 0xEB, 0x91, 0xFE, 0xCB, 0x71, 0xE2, 0x0B, 0xA6, 0x99, 0x19,
    0xA7, 0x67, 0x5D, 0xEC, 0x1D, 0x37, 0x20, 0x86, 0xD4, 0x52, 0x18, 0x7E, 0x00, 0x2D, 0xCA, 0xA1,
    0x2D, 0x19, 0x4C, 0x60, 0x74, 0xBE, 0x4D, 0xF8, 0x17, 0xD9, 0x49, 0x93, 0xF8, 0x05, 0xDF, 0x45,
    0xB7, 0x94, 0x3D, 0xB3, 0x8C, 0x46, 0x1B, 0xD9, 0x0E, 0x0B, 0x26, 0x4B, 0x8A, 0x86, 0x74, 0x41,
    0xDC, 0xC2, 0x11, 0x14, 0xA0, 0x2B, 0x12, 0x4B, 0x6A, 0x87, 0x1D, 0x76, 0x71, 0x9B, 0x6D, 0x84,
    0x1B, 0xE3, 0xCA, 0x87, 0x4E, 0x7B, 0x17, 0xBD, 0xE3, 0xC0, 0x3D, 0x1F, 0x9E, 0x94, 0x2B, 0x4F,
    0x6D, 0xB1, 0x7A, 0x52, 0x33, 0x98, 0x40, 0x06, 0xD7, 0x78, 0x6B, 0xFF, 0x5D, 0xEF, 0xBB, 0xEF,
    0x9D, 0xBD, 0xAB, 0xAB, 0xE1, 0x8E, 0x60, 0x0C, 0x93, 0x55, 0x09, 0xC7, 0x46, 0x79, 0xC7, 0x2B,
    0xED, 0x79, 0x8B, 0xBE, 0x0F, 0x2F, 0x47, 0x8C, 0x12, 0x3B, 0xD2, 0x67, 0x5D, 0x31, 0x6F, 0x26,
    0x3B, 0xE6, 0x42, 0xFD, 0xC9, 0x8E, 0x4D, 0xE2, 0x1B, 0xFE, 0xA4, 0x3B, 0xFF, 0x6C, 0x06, 0x00,
    0x7F, 0x2B, 0x40, 0x67, 0xAF, 0x02, 0xE9, 0x3F, 0xBA, 0x05, 0x24, 0x8B, 0x19, 0x10, 0xFB, 0x06,
    0x60, 0xBE, 0x20, 0xF2, 0x35, 0x80, 0xEF, 0x02, 0xCD, 0x38, 0xF6, 0x40, 0xAE, 0x4F, 0x2D, 0x8C,
    0x0B, 0x55, 0x93, 0x76, 0xBB, 0x71, 0xFD, 0x8D, 0xEC, 0xAC, 0x8D, 0xDC, 0xE8, 0x6B, 0x73, 0x27,
    0x8F, 0x9E, 0xF2, 0x1F, 0xAA, 0x3A, 0x23, 0xD3, 0x07, 0x56, 0x57, 0x3A, 0xF5, 0x26, 0x59, 0x14,
    0xDC, 0x21, 0x3E, 0x5B, 0x02, 0x4C, 0xDB, 0xC0, 0x1D, 0x03, 0x44, 0x6F, 0x92, 0x75, 0x4C, 0xE6,
    0x7C, 0x5F, 0x87, 0x6D, 0x72, 0x14, 0xFE, 0x8D, 0xF6, 0xF8, 0xC6, 0xE8, 0x72, 0xFA, 0x86, 0xDC,
    0x89, 0xAE, 0x9E, 0x7C, 0xF3, 0x92, 0xFA, 0x01, 0x90, 0x03, 0x2F, 0x09, 0x94, 0xFF, 0x09, 0xE8,
    0x93, 0x9F, 0x5C, 0xA7, 0x08, 0xDD, 0x7E, 0x4C, 0x71, 0x52, 0x0B, 0x70, 0x63, 0x26, 0xB8, 0x82,
    0x1E, 0xA7, 0x4F, 0xFA, 0xC8, 0xC9, 0x79, 0xAA, 0xE6, 0x4E, 0x9E, 0xDA, 0xB4, 0xCA, 0x63, 0xA3,
    0x6D, 0x0E, 0x69, 0x05, 0xF8, 0x90, 0xEC, 0x8A, 0x8C, 0xA1, 0x81, 0x09, 0xDF, 0x11, 0xE6, 0x7A,
    0xD9, 0x70, 0x6D, 0x5C, 0xBC, 0xD7, 0x50, 0xEE, 0x8E, 0x11, 0xB6, 0xA3, 0x40, 0x17, 0xF6, 0xB3,
    0xAA, 0x78, 0xD8, 0xA0, 0x2B, 0xED, 0x1B, 0xC2, 0x75, 0x1B, 0xA2, 0x16, 0x1A, 0x98, 0x56, 0x49,
    0xC3, 0x4D, 0xED, 0x7D, 0x43, 0x19, 0xCD, 0x3F, 0x6B, 0xC8, 0x60, 0x55, 0x4A, 0x2B, 0xD6, 0xA8,
    0x85, 0xE6, 0xA2, 0x25, 0x62, 0xE5, 0xDA, 0x0A, 0x31, 0x6D, 0x35, 0x91, 0xD1, 0xC0, 0xCA, 0x94,
    0x0D, 0xE7, 0x84, 0x1C, 0xBC, 0xA4, 0x6E, 0x00, 0xA0, 0xCD, 0x0A, 0xD1, 0xFE, 0x81, 0x79, 0x5D,
    0x79, 0x2F, 0x6E, 0x73, 0x76, 0x60, 0x72, 0x5A, 0x6D, 0x34, 0x23, 0x6D, 0x52, 0x7B, 0x4B, 0x1B,
    0x55, 0x4F, 0xB4, 0xA1, 0x9F, 0x09, 0xCA, 0x56, 0xB0, 0x63, 0x04, 0x70, 0x0E, 0x0D, 0x90, 0x55,
    0xEB, 0xC2, 0xA6, 0x72, 0x61, 0xB1, 0x16, 0x34, 0xEC, 0x1C, 0x80, 0xF7, 0xC4, 0x67, 0xFB, 0xA8,
    0x1A, 0x62, 0xB1, 0xE8, 0xFF, 0x7E, 0x07, 0xE6, 0x1E, 0xF2, 0x03, 0xFB, 0x3C, 0xCA, 0x66, 0x46,
    0x59, 0x5D, 0xA7, 0x36, 0x96, 0xC2, 0x29, 0x96, 0x6C, 0x52, 0x52, 0x81, 0xB6, 0x21, 0xDF, 0xDC,
    0x36, 0x8C, 0x18, 0xEC, 0xB9, 0x19, 0x91, 0xEF, 0x48, 0xCF, 0xDE, 0x0D, 0x05, 0x87, 0x96, 0x66,
    0xAC, 0x3C, 0x63, 0xE9, 0x77, 0x63, 0x2D, 0xD7, 0x14, 0xD3, 0x1F, 0xA7, 0x56, 0x79, 0x3F, 0xF4,
    0xA8, 0x4D, 0xD2, 0xEB, 0x9A, 0x6A, 0x08, 0xD7, 0x13, 0x73, 0x50, 0x70, 0xD1, 0x5E, 0xD8, 0x3F,
    0xA0, 0xF4, 0x9E, 0xF2, 0x78, 0x4E, 0x61, 0x0B, 0x52, 0x7B, 0xF9, 0x78, 0x5C, 0x17, 0x28, 0x17,
    0x72, 0xF0, 0xE7, 0xA9, 0xD7, 0xE4, 0x70, 0x09, 0xD7, 0x05, 0x85, 0xB7, 0x82, 0x13, 0xA7, 0xAB,
    0x12, 0x97, 0x1E, 0xF7, 0xB8, 0xD8, 0x0B, 0xB8, 0x91, 0x0B, 0xC8, 0x55, 0x2D, 0x48, 0xAC, 0xB2,
    0x79, 0x5C, 0x25, 0x75, 0x0E, 0xCA, 0x02, 0xEB, 0xC7, 0xD3, 0xE1, 0xB4, 0xA1, 0x11, 0x93, 0x26,
    0x8F, 0x24, 0xCF, 0xE4, 0xFF, 0xB2, 0xD2, 0x66, 0x82, 0xEC, 0x9B, 0xC2, 0xA4, 0xC7, 0xDE, 0x0C,
    0x8D, 0xF6, 0xCA, 0x6D, 0x03, 0xDA, 0x24, 0x36, 0x3C, 0xAE, 0x90, 0xC3, 0xD0, 0x5E, 0x2D, 0xDA,
    0x0C, 0x5B, 0x25, 0x2C, 0x4B, 0xCA, 0x25, 0xA5, 0x43, 0x57, 0xA4, 0x16, 0xE5, 0xA0, 0x43, 0x97,
    0x64, 0xB7, 0xAD, 0x3E, 0x2F, 0xD6, 0x2F, 0x07, 0x00, 0x23, 0x56, 0xF8, 0x8E, 0x40, 0xF9, 0x3F,
    0xEE, 0xD1, 0x27, 0xA7, 0x32, 0x00, 0xD1, 0xAB, 0xC5, 0x98, 0xDD, 0xC8, 0xAD, 0xD1, 0x04, 0xB8,
    0xC8, 0x15, 0x71, 0xA7, 0x6A, 0x7D, 0x7A, 0x7A, 0x60, 0x13, 0x9F, 0x78, 0xB8, 0x23, 0x7F, 0xEB,
    0xD4, 0x04, 0xB4, 0xEB, 0xBD, 0xD0, 0x52, 0x2B, 0x3C, 0xEE, 0x79, 0x50, 0x90, 0xBF, 0xC2, 0x98,
    0xC2, 0x07, 0x1C, 0x0B, 0x26, 0x20, 0x45, 0x86, 0xA3, 0xFD, 0xFA, 0x3C, 0xF1, 0x3C, 0x80, 0x73,
    0x78, 0x49, 0x55, 0x80, 0x61, 0x0C, 0x30, 0xE1, 0xCE, 0xE0, 0x70, 0x83, 0xBF, 0x0D, 0xEE, 0x36,
    0x78, 0xDB, 0xE0, 0x6C, 0x83, 0xAF, 0x55, 0xBA, 0x4A, 0x7D, 0x15, 0x3C, 0x6D, 0x70, 0x34, 0x13,
    0xFC, 0x6C, 0x81, 0xF6, 0xDE, 0x12, 0xCD, 0x97, 0xF8, 0xDE, 0x2F, 0xD5, 0xE2, 0xFC, 0xAF, 0x94,
    0x3F, 0x71, 0x26, 0x1B, 0x99, 0xC1, 0xB3, 0xED, 0x6A, 0x78, 0x15, 0xEA, 0x63, 0x12, 0x8F, 0xFE,
    0x15, 0x1A, 0x32, 0xAE, 0x69, 0x6E, 0xA5, 0xC7, 0xEB, 0x68, 0xE1, 0x7D, 0x33, 0xD8, 0x79, 0x7A,
    0x6D, 0x7F, 0x8F, 0xD2, 0x3B, 0x5E, 0xEB, 0xF7, 0xC0, 0x41, 0x5C, 0x07, 0x8B, 0x89, 0x5D, 0x5A,
    0xD1, 0xCF, 0x0D, 0xE5, 0x12, 0x76, 0xDE, 0xC4, 0x4B, 0x72, 0x03, 0x00, 0xE0, 0x4E, 0xB4, 0x87,
    0xEE, 0xB2, 0x8E, 0xF2, 0xDD, 0x72, 0x8E, 0x34, 0xB7, 0x1E, 0x60, 0xB2, 0x7F, 0x3B, 0xD1, 0x26,
    0xF1, 0xD9, 0x23, 0x93, 0x7C, 0x16, 0xDF, 0x27, 0xAD, 0x98, 0x04, 0xCC, 0x48, 0x16, 0x49, 0x83,
    0xF2, 0xDE, 0xC2, 0x74, 0xB9, 0xE9, 0x44, 0x2D, 0xE7, 0x29, 0xDA, 0x7F, 0x20, 0xFE, 0xDD, 0x88,
    0x7B, 0x3F, 0xC8, 0x69, 0xD1, 0x8C, 0x10, 0xDF, 0x46, 0x5C, 0x1B, 0xFA, 0x19, 0x94, 0xED, 0x30,
    0xEA, 0xAE, 0x07, 0xB1, 0x0A, 0x1C, 0x91, 0x04, 0x5D, 0xED, 0x1D, 0xC5, 0xFE, 0x03, 0xC6, 0xEB,
    0x56, 0xCF, 0xFE, 0xC9, 0xFE, 0xBB, 0xA9, 0x5C, 0x3B, 0x3E, 0xEE, 0xDF, 0x85, 0x11, 0x37, 0xC4,
    0x4A, 0x66, 0x94, 0xBE, 0x21, 0xF5, 0x15, 0xB4, 0xC0, 0x64, 0xED, 0x65, 0x29, 0x00, 0xAC, 0x6F,
    0xCD, 0x71, 0x9E, 0x9E, 0x33, 0x50, 0x76, 0x30, 0x99, 0x33, 0x42, 0x4B, 0x7D, 0x74, 0xAB, 0x2B,
    0xBD, 0xA7, 0xCE, 0x8E, 0xC0, 0x77, 0xE7, 0xF5, 0x30, 0xC1, 0x34, 0x87, 0x7C, 0xA1, 0x55, 0x0D,
    0xC9, 0x89, 0x23, 0xF6, 0x0B, 0xB8, 0x01, 0xAB, 0xA7, 0xC4, 0x26, 0xFD, 0xC9, 0x5E, 0xE2, 0xEB,
    0xEC, 0x78, 0xAF, 0x84, 0xF1, 0xE6, 0xD1, 0x71, 0xDE, 0xFB, 0x1D, 0x40, 0xD6, 0x84, 0x8A, 0xCC,
    0x26, 0x1C, 0x66, 0x4C, 0x32, 0xB2, 0x1C, 0x66, 0x14, 0x0D, 0x53, 0xCB, 0x84, 0x6B, 0x05, 0x37,
    0xF5, 0xF1, 0x32, 0x84, 0xBA, 0x1B, 0x64, 0x6E, 0x38, 0x73, 0x44, 0x33, 0xE2, 0xA7, 0x23, 0x76,
    0x41, 0x7A, 0x98, 0x5E, 0x92, 0xFD, 0x92, 0x1C, 0x0A, 0x5E, 0xD7, 0xC7, 0x9D, 0xF2, 0x8E, 0x7F,
    0xFA, 0x58, 0x35, 0x90, 0x21, 0x65, 0xAF, 0xF4, 0xAE, 0x3C, 0x7E, 0x90, 0x0D, 0x31, 0x7F, 0x38,
    0xA1, 0xD2, 0xF0, 0x37, 0x6C, 0xD5, 0x37, 0x13, 0x09, 0x95, 0xBE, 0xE6, 0xC6, 0x05, 0x67, 0xD1,
    0xE4, 0xF0, 0x38, 0x5E, 0x11, 0x14, 0xDE, 0xE8, 0xAA, 0x3C, 0x26, 0x0C, 0x2E, 0xC4, 0x5E, 0x10,
    0x06, 0x17, 0xE0, 0x71, 0x0C, 0x63, 0x42, 0x43, 0x38, 0x03, 0xE5, 0xAD, 0x3E, 0xB3, 0x45, 0xC3,
    0x64, 0xC4, 0x38, 0x63, 0x9C, 0xFE, 0xAB, 0x42, 0x75, 0xFA, 0xA4, 0x53, 0x43, 0xC9, 0x45, 0x5D,
    0x9A, 0x79, 0x57, 0x9A, 0x66, 0x17, 0xDC, 0x18, 0x8E, 0xC4, 0x0A, 0xB1, 0x48, 0x8C, 0xA3, 0x7D,
    0xA3, 0xBC, 0xAF, 0x54, 0xBF, 0x6F, 0xA2, 0x25, 0x30, 0x03, 0x5E, 0x3A, 0x6F, 0x7C, 0x65, 0xB9,
    0xB8, 0xA5, 0xC7, 0xEF, 0x94, 0xBE, 0x2B, 0x8F, 0xDF, 0xC9, 0x2C, 0x89, 0x65, 0x70, 0xD6, 0x2A,
    0xDA, 0x88, 0xB8, 0x66, 0x68, 0xD5, 0x8A, 0x09, 0x64, 0xE6, 0xF5, 0xE0, 0x43, 0xA1, 0xA9, 0xCD,
    0xA6, 0x0F, 0xC2, 0xB9, 0x33, 0x84, 0x2E, 0x2F, 0x72, 0xB1, 0x7F, 0x50, 0xC6, 0x0D, 0xE3, 0xD8,
    0x31, 0x52, 0x0B, 0xC9, 0x2D, 0x05, 0xA0, 0x2B, 0x50, 0x0E, 0xA2, 0xCD, 0xC8, 0x05, 0x43, 0x97,
    0x73, 0x00, 0xD7, 0x87, 0x9B, 0x3D, 0xB1, 0x05, 0x8C, 0xD7, 0xDB, 0xCB, 0x05, 0xBB, 0xFA, 0xA4,
    0x55, 0x7E, 0x21, 0x47, 0xE3, 0x1E, 0xED, 0xAD, 0x56, 0xB5, 0x8E, 0x9C, 0xAE, 0x5C, 0xF2, 0x99,
    0xE3, 0xAF, 0x1C, 0x6A, 0x81, 0xB6, 0xE5, 0x9C, 0x69, 0x47, 0xB1, 0xD2, 0x5C, 0x25, 0xE8, 0x70,
    0x53, 0x9B, 0x8B, 0x6B, 0x87, 0x3E, 0x44, 0x8F, 0xD1, 0x1A, 0x9D, 0x58, 0x1D, 0xD7, 0x9A, 0x46,
    0x57, 0xBB, 0xC9, 0x59, 0xB7, 0x79, 0x80, 0x95, 0x98, 0x21, 0x87, 0xC1, 0x82, 0x66, 0x93, 0xBC,
    0xBC, 0x2B, 0xD6, 0xBF, 0x47, 0x11, 0x7A, 0xC1, 0xBD, 0xB7, 0x4C, 0x5A, 0x11, 0xCA, 0x23, 0x6A,
    0x00, 0x39, 0x46, 0x61, 0x20, 0x15, 0x83, 0x73, 0x7F, 0xB4, 0x44, 0x8E, 0x20, 0x82, 0x53, 0xEF,
    0xD0, 0xC7, 0x7B, 0x64, 0x80, 0x0E, 0xF6, 0xE3, 0xE1, 0x71, 0xD8, 0xF4, 0x6C, 0xBF, 0xD2, 0x06,
    0x32, 0xD8, 0x1C, 0x4B, 0x2D, 0xA8, 0x16, 0x98, 0x57, 0xA0, 0x17, 0x80, 0xB9, 0x14, 0xFC, 0x37,
    0xE9, 0x3B, 0xDC, 0x41, 0xF9, 0x6F, 0x79, 0xB3, 0x19, 0xE5, 0xEB, 0x27, 0x1D, 0xE5, 0xA5, 0xAB,
    0xF8, 0x76, 0xDE, 0x09, 0x9A, 0x5D, 0x1A, 0xC2, 0xD9, 0x1C, 0x05, 0x14, 0x01, 0x91, 0xE0, 0x0E,
    0x3F, 0xD8, 0xF7, 0x9D, 0x92, 0x22, 0xDF, 0x91, 0x3E, 0xD3, 0xC1, 0x92, 0x06, 0x76, 0x03, 0x78,
    0x1C, 0xC9, 0x12, 0x32, 0x5F, 0x85, 0xB0, 0xC8, 0x58, 0xD9, 0x21, 0xD7, 0x7F, 0x09, 0x6A, 0xC9,
    0x8B, 0xA9, 0x7F, 0xE8, 0xCA, 0x37, 0x7C, 0xBD, 0xCB, 0x3F, 0xA7, 0x05, 0xDA, 0xA4, 0x62, 0xA6,
    0x6B, 0xCA, 0x83, 0x1A, 0xED, 0x2D, 0x7C, 0xCF, 0xAE, 0x1B, 0xD2, 0xAD, 0xEF, 0xB5, 0x1B, 0xEC,
    0x3C, 0xC5, 0xFB, 0xFB, 0xA4, 0xDE, 0x93, 0xF6, 0xFB, 0x50, 0x02, 0x43, 0xC3, 0xDB, 0xC1, 0x26,
    0xA9, 0xA5, 0x1C, 0x04, 0xC8, 0xFA, 0xEB, 0x33, 0xA0, 0x04, 0xFE, 0x88, 0x4B, 0x51, 0xA1, 0x18,
    0xA2, 0x82, 0xB6, 0x89, 0x05, 0x80, 0xCC, 0x17, 0xFE, 0xD2, 0x58, 0x1B, 0xED, 0xBF, 0x73, 0x4D,
    0xF9, 0x4E, 0xC6, 0xD9, 0x77, 0x26, 0x51, 0x83, 0x66, 0x84, 0xAE, 0xC6, 0xA8, 0x3A, 0x27, 0xEA,
    0x3F, 0x80, 0xB2, 0x85, 0xC8, 0x00, 0xA0, 0xE5, 0x3B, 0x62, 0xDD, 0x05, 0xC7, 0x34, 0x83, 0x63,
    0x56, 0xC5, 0x21, 0xE3, 0x31, 0x63, 0x4D, 0xA1, 0xFE, 0xB7, 0x78, 0x65, 0x32, 0x8C, 0x2B, 0x80,
    0xF6, 0x9D, 0x6C, 0xBF, 0x53, 0xDE, 0x83, 0x97, 0xD6, 0xE3, 0xFA, 0x84, 0x8B, 0xE5, 0x4D, 0x56,
    0xE5, 0x4D, 0x57, 0xE3, 0x3A, 0xEF, 0x7F, 0x13, 0xDA, 0x5D, 0xF8, 0x4F, 0x33, 0x48, 0xD7, 0xAA,
    0x6A, 0xE3, 0x8E, 0x1D, 0xF4, 0xE0, 0x4D, 0xF6, 0x1B, 0x5B, 0xDE, 0x73, 0x61, 0x34, 0x34, 0xA3,
    0x8D, 0x3B, 0x6E, 0x27, 0x68, 0xA7, 0x95, 0x60, 0x23, 0x97, 0xB7, 0x14, 0xB9, 0x83, 0x40, 0xB6,
    0x65, 0x88, 0xDC, 0x19, 0xF0, 0x85, 0xE1, 0x1B, 0x40, 0xD9, 0x64, 0xA1, 0xEC, 0x93, 0x07, 0xF2,
    0xE1, 0xE7, 0x99, 0xF0, 0xCA, 0x11, 0x3D, 0x0A, 0xC7, 0x1C, 0x21, 0xDF, 0x76, 0x74, 0xBF, 0x98,
    0x94, 0x05, 0xD2, 0xC5, 0xB0, 0x77, 0xF5, 0xB0, 0xFF, 0xB8, 0x40, 0x66, 0x2B, 0x52, 0xE0, 0xD6,
    0x04, 0xCA, 0xAC, 0xE2, 0xD6, 0x57, 0x90, 0x02, 0x9B, 0x94, 0x1A, 0xD0, 0x16, 0xD2, 0xEA, 0x4A,
    0xF2, 0x00, 0x80, 0x5B, 0x40, 0x09, 0x8C, 0xAF, 0x24, 0x17, 0x80, 0xA8, 0x66, 0x98, 0x45, 0x79,
    0x0A, 0xE9, 0xA0, 0x42, 0x57, 0x12, 0x3E, 0xB9, 0x86, 0xD8, 0xF4, 0xBE, 0xDF, 0x2F, 0x26, 0x36,
    0x69, 0xF3, 0x95, 0x27, 0x94, 0x17, 0x80, 0xB2, 0x24, 0xB5, 0x70, 0x4B, 0x52, 0x43, 0x59, 0xC1,
    0xE6, 0x77, 0xCC, 0x53, 0xE8, 0x8D, 0xB4, 0x42, 0x5B, 0xE1, 0x95, 0x84, 0x07, 0x00, 0xBB, 0xC0,
    0x2C, 0xE4, 0x4F, 0x26, 0x44, 0x2E, 0xB6, 0xD8, 0x93, 0xEB, 0x12, 0x20, 0x35, 0x68, 0x8B, 0x36,
    0x6C, 0x43, 0xA3, 0x00, 0xE0, 0x20, 0x6E, 0x42, 0xFE, 0x34, 0x9A, 0x65, 0xD3, 0x60, 0x4F, 0x2E,
    0x5E, 0x32, 0x6D, 0x0B, 0x65, 0xB3, 0x27, 0x16, 0x2F, 0x17, 0xBA, 0xC7, 0x95, 0x84, 0xCC, 0xCD,
    0x70, 0xAC, 0x30, 0xDC, 0xDC, 0xBE, 0x90, 0x41, 0x59, 0x13, 0x6A, 0x26, 0x39, 0x4F, 0x2E, 0x68,
    0xAE, 0xFE, 0xB3, 0x75, 0x5B, 0x22, 0x27, 0x0F, 0x28, 0x57, 0x7B, 0xF0, 0x54, 0xB3, 0x50, 0x13,
    0x26, 0xB8, 0xEC, 0x1F, 0xF4, 0x38, 0xED, 0xFB, 0xC8, 0xC5, 0xFE, 0x4F, 0x55, 0x1D, 0xB7, 0x79,
    0x6A, 0xB3, 0x45, 0x98, 0x85, 0x22, 0x07, 0xD8, 0xE2, 0x2C, 0x14, 0x1D, 0xA9, 0xB0, 0xFC, 0xE5,
    0x5C, 0x98, 0xFA, 0x56, 0x88, 0xAF, 0x84, 0x59, 0x0B, 0x50, 0x54, 0x81, 0xCF, 0x3F, 0xDD, 0x8C,
    0x54, 0x41, 0x64, 0x3C, 0xA4, 0x62, 0xD3, 0xFB, 0xC4, 0x9D, 0x46, 0x1A, 0x1F, 0x0C, 0x9B, 0x19,
    0x8F, 0x9C, 0xB4, 0x1A, 0x8B, 0x85, 0x5C, 0x1F, 0xA7, 0x55, 0xE2, 0x25, 0xFF, 0x55, 0x5A, 0x65,
    0xAC, 0x4C, 0x53, 0x54, 0xC9, 0x99, 0xAF, 0x22, 0xFF, 0x79, 0xC5, 0xFC, 0x8D, 0x2A, 0x6D, 0xE5,
    0x33, 0x9B, 0x56, 0xD1, 0xFA, 0xCE, 0x4D, 0x00, 0x10, 0xBB, 0x01, 0x12, 0xAA, 0xFF, 0xB5, 0xA3,
    0xF4, 0x9F, 0x86, 0x60, 0x2D, 0x7B, 0xB8, 0xD8, 0x11, 0xD7, 0xE7, 0x88, 0x5C, 0xBA, 0x72, 0x3A,
    0x28, 0xFA, 0x80, 0xFF, 0xEA, 0x88, 0xFA, 0x70, 0xD4, 0x09, 0x30, 0x5C, 0xEE, 0x5C, 0xA4, 0xD5,
    0x0A, 0xF1, 0xFE, 0x41, 0xF5, 0x7A, 0xEA, 0x7D, 0x25, 0x12, 0xE9, 0xA0, 0xCA, 0xE5, 0x32, 0x95,
    0x36, 0x87, 0x52, 0x5B, 0xBB, 0x9B, 0x56, 0xF1, 0x59, 0xAB, 0x2B, 0xE6, 0xAE, 0xAC, 0x78, 0xEE,
    0x8F, 0x7D, 0x05, 0xD9, 0x89, 0xC0, 0xA7, 0x82, 0x56, 0xF0, 0xD8, 0x33, 0xC2, 0xD1, 0x84, 0xE8,
    0x2A, 0xD4, 0x5E, 0x18, 0x22, 0xAC, 0x70, 0x0C, 0xC2, 0x3C, 0x30, 0xC4, 0xD9, 0xFD, 0x86, 0x34,
    0x34, 0x32, 0x12, 0x6B, 0xFF, 0x5D, 0x03, 0x8C, 0xE2, 0x26, 0xC4, 0x5B, 0xDD, 0x50, 0x32, 0x2B,
    0x85, 0xBE, 0xE9, 0xC2, 0x39, 0x6F, 0xBB, 0x06, 0x5A, 0x0C, 0x30, 0x61, 0x33, 0x2D, 0x47, 0xCA,
    0x26, 0xF9, 0xF3, 0xD4, 0x03, 0xCA, 0x12, 0x19, 0x41, 0xD9, 0x0A, 0x26, 0x1F, 0x28, 0x3B, 0x42,
    0x27, 0x01, 0x07, 0x36, 0x1B, 0x06, 0x96, 0x2A, 0xFB, 0x91, 0x55, 0x67, 0x73, 0x65, 0x99, 0x77,
    0x99, 0x65, 0xC7, 0x78, 0x0B, 0xE9, 0xFF, 0x13, 0x4C, 0x7F, 0x28, 0xB8, 0xAB, 0x04, 0x2F, 0x82,
    0x97, 0xD4, 0x06, 0x34, 0x9A, 0x43, 0xCD, 0xEF, 0x41, 0xD5, 0xE8, 0x10, 0x98, 0xB3, 0x10, 0x99,
    0xE7, 0x70, 0x23, 0xF1, 0x40, 0xF1, 0x31, 0x44, 0xBD, 0x86, 0xD8, 0x09, 0x30, 0x17, 0xB5, 0x42,
    0x4E, 0xB0, 0xE7, 0xF6, 0x72, 0xCA, 0x65, 0xCE, 0xE4, 0xE0, 0x27, 0x90, 0xF4, 0xE1, 0xF4, 0x55,
    0x3E, 0xED, 0x51, 0x7D, 0x4E, 0x56, 0xE7, 0x68, 0x72, 0x58, 0x5B, 0xD6, 0x94, 0xCB, 0xB2, 0x2B,
    0x97, 0xB3, 0x49, 0x62, 0x0F, 0xB3, 0xC4, 0x4E, 0xC4, 0xB2, 0x3C, 0xB1, 0xCC, 0x12, 0x5B, 0x34,
    0x89, 0x9D, 0x5A, 0xF9, 0x0C, 0x71, 0xA1, 0x6A, 0x6A, 0x53, 0xEF, 0xAD, 0xF4, 0x2A, 0xCB, 0xF4,
    0xCF, 0xAD, 0xEA, 0x12, 0xAB, 0xEB, 0xC4, 0xAA, 0x55, 0x6B, 0xD5, 0xC1, 0x36, 0x13, 0x8F, 0x7F,
    0x7B, 0x86, 0xF2, 0x1D, 0xFA, 0xEC, 0x1D, 0x8A, 0x75, 0x49, 0x13, 0xBE, 0x4E, 0x41, 0x8F, 0x5E,
    0x78, 0x12, 0xDF, 0xC3, 0xBC, 0x23, 0xF6, 0x23, 0x0A, 0x97, 0x53, 0xA0, 0xB9, 0xC6, 0xF3, 0x64,
    0x4E, 0x86, 0x8F, 0x6E, 0xDA, 0xCE, 0x46, 0x9A, 0x46, 0xEC, 0xA7, 0x62, 0xBB, 0x68, 0x89, 0xFF,
    0x1A, 0xBD, 0xD4, 0xA2, 0x00, 0xF4, 0x70, 0x6E, 0x4E, 0x86, 0xBE, 0x37, 0x47, 0x79, 0x0F, 0xF3,
    0xDB, 0xA8, 0x76, 0xE5, 0x3D, 0x37, 0x01, 0x78, 0x9A, 0x49, 0xCB, 0x39, 0x28, 0x0F, 0xD9, 0x29,
    0x1C, 0x15, 0xA8, 0x56, 0x6C, 0x51, 0x10, 0xB1, 0xF1, 0xD8, 0x56, 0xF3, 0x05, 0x7F, 0x26, 0x23,
    0x5D, 0x9C, 0xD7, 0xE1, 0x63, 0x38, 0xD2, 0x24, 0x8D, 0xA6, 0xB0, 0xA1, 0x1E, 0x1A, 0x78, 0x8A,
    0x89, 0x4F, 0x53, 0xE2, 0xD2, 0xFF, 0xD2, 0xE3, 0x94, 0x17, 0x30, 0xFF, 0x89, 0x60, 0x99, 0xAB,
    0x3A, 0x71, 0xF2, 0x24, 0x8A, 0x2A, 0x8F, 0xAB, 0x57, 0xC9, 0x01, 0xB8, 0x28, 0x5E, 0x35, 0x5C,
    0xD7, 0x28, 0xFF, 0x08, 0x7D, 0xF6, 0x88, 0xA2, 0xD1, 0x4C, 0x46, 0x9A, 0x71, 0x26, 0x79, 0x7A,
    0x9F, 0xE2, 0x5B, 0x1E, 0xED, 0x3D, 0xB1, 0x3F, 0x05, 0xAF, 0x49, 0x1B, 0x8D, 0xAE, 0x42, 0x43,
    0xAF, 0x86, 0x6A, 0x3B, 0xEF, 0x04, 0x5F, 0x34, 0x54, 0x23, 0x43, 0xF5, 0xA0, 0xA5, 0x05, 0xBD,
    0xEC, 0xAD, 0x87, 0xEA, 0x58, 0x40, 0x16, 0xE0, 0x05, 0x69, 0x23, 0xD0, 0x56, 0xF0, 0xB5, 0x55,
    0xC5, 0x96, 0xC1, 0x94, 0x4D, 0xEC, 0xEF, 0x5A, 0x7A, 0xFC, 0xD0, 0x96, 0xDE, 0xDB, 0x52, 0xF2,
    0xCC, 0xA6, 0xF2, 0x49, 0x61, 0x89, 0xBC, 0x45, 0x8B, 0x97, 0xCC, 0xBF, 0x3D, 0xF4, 0x36, 0x5E,
    0x7C, 0xC2, 0x59, 0x5D, 0x0A, 0x93, 0x7E, 0xE2, 0x43, 0x1C, 0x34, 0x4C, 0x1F, 0x99, 0x78, 0x29,
    0x9F, 0xD5, 0xDA, 0x14, 0x46, 0x9B, 0x6B, 0xEB, 0x56, 0xAF, 0x07, 0x5C, 0x9C, 0xA2, 0x8D, 0x76,
    0x49, 0x7C, 0xD6, 0x21, 0xD2, 0x63, 0x86, 0x68, 0x8F, 0x51, 0x10, 0x1F, 0xA3, 0xA0, 0x3E, 0xC2,
    0x9E, 0xED, 0x28, 0x48, 0x3B, 0x74, 0x55, 0xCE, 0x50, 0xEE, 0xEE, 0x08, 0x96, 0x2F, 0x0A, 0xE4,
    0x84, 0x4B, 0x5D, 0xAA, 0x81, 0x0C, 0xAE, 0x67, 0x28, 0xFF, 0x31, 0xFA, 0xE4, 0x63, 0x0A, 0x32,
    0xC6, 0x6B, 0x9B, 0x50, 0x50, 0xDC, 0xDB, 0xB4, 0x3A, 0xD1, 0x32, 0x23, 0x75, 0x19, 0xBA, 0xCA,
    0xB8, 0x06, 0x30, 0xB7, 0xDE, 0x29, 0xEF, 0xBC, 0x4B, 0x6C, 0x9B, 0x23, 0xFE, 0x96, 0xA3, 0x6C,
    0x23, 0xF8, 0xD4, 0xE5, 0xE0, 0x6D, 0x4E, 0xE4, 0x3F, 0xC9, 0x29, 0x7E, 0xEB, 0x7B, 0x4A, 0xF3,
    0x77, 0x7A, 0xBE, 0x4E, 0x36, 0x78, 0x70, 0x0E, 0x69, 0x23, 0x98, 0x56, 0x82, 0xD1, 0x5A, 0x4A,
    0x6E, 0x1A, 0x4B, 0x3B, 0x6D, 0xF4, 0xA1, 0xD8, 0x58, 0x4C, 0x8B, 0x25, 0x8F, 0x8C, 0x8E, 0x4F,
    0x8D, 0x36, 0xDE, 0xA4, 0x76, 0xBA, 0x6A, 0x28, 0x7F, 0x6A, 0x98, 0x6A, 0x93, 0x48, 0x83, 0x16,
    0x56, 0x9B, 0x9B, 0x68, 0xC3, 0xE5, 0xC6, 0xCA, 0x19, 0xB1, 0x42, 0x76, 0xBE, 0x97, 0x97, 0xFB,
    0x33, 0x4A, 0x29, 0x82, 0xD2, 0xBD, 0xD5, 0x91, 0x19, 0x15, 0x9A, 0xA8, 0xE8, 0x50, 0x8B, 0x7E,
    0x44, 0xD4, 0xFC, 0xCB, 0x11, 0x7C, 0x80, 0xA0, 0x30, 0x82, 0x54, 0xB0, 0xF9, 0xFD, 0xB2, 0x19,
    0x0F, 0xDE, 0x9A, 0x91, 0xFA, 0x0E, 0x7D, 0xFC, 0xEE, 0x05, 0x15, 0x63, 0x50, 0xC3, 0xC2, 0xC4,
    0x1C, 0x6D, 0xE6, 0x26, 0x4B, 0x7D, 0x95, 0x69, 0xA9, 0xF4, 0x73, 0x19, 0xDA, 0xDE, 0x44, 0x35,
    0x80, 0x07, 0x0A, 0x03, 0xF1, 0xAA, 0xBB, 0xAE, 0xA4, 0xC5, 0x5A, 0x5B, 0xAC, 0x7A, 0x2C, 0x47,
    0x03, 0x0B, 0xE1, 0x9B, 0x44, 0x63, 0x3E, 0xF7, 0x04, 0x81, 0x71, 0x50, 0x29, 0xA9, 0x71, 0x62,
    0xA5, 0xDF, 0x86, 0x01, 0x7B, 0x49, 0x23, 0x94, 0x9E, 0x9B, 0x58, 0xC8, 0x1A, 0x5D, 0x81, 0x6F,
    0x8A, 0xA1, 0xF3, 0xDE, 0x5C, 0xF7, 0x5E, 0x5E, 0xF8, 0xB2, 0x18, 0x5D, 0x6C, 0x62, 0x74, 0x81,
    0xB6, 0x9E, 0xE8, 0x0D, 0x0F, 0xE5, 0x7D, 0x58, 0x6A, 0x78, 0x5F, 0x0C, 0xCD, 0xCE, 0xFE, 0x01,
    0xDA, 0x7B, 0x19, 0x61, 0xDE, 0xFB, 0x1B, 0xC3, 0xE1, 0xB5, 0x10, 0x0E, 0x47, 0xDA, 0xFB, 0x6A,
    0x2C, 0x2B, 0x47, 0x55, 0x46, 0x93, 0x56, 0xC3, 0xCA, 0x74, 0x62, 0x67, 0x3A, 0x84, 0xC3, 0xB2,
    0x62, 0xFE, 0xA9, 0xAF, 0xD8, 0xB9, 0x7D, 0x52, 0xC1, 0x3C, 0x15, 0x48, 0xB0, 0x7C, 0x61, 0xFF,
    0x3F, 0x1E, 0x54, 0xDA, 0x7B, 0x2F, 0x7B, 0xFB, 0xFB, 0x97, 0x5D, 0xFF, 0xC6, 0xED, 0xB5, 0xEB,
    0x8B, 0xAB, 0x1F, 0x6A, 0xC6, 0x63, 0x31, 0x7D, 0x9B, 0x5C, 0x9D, 0xA2, 0xFF, 0xDA, 0xAF, 0xC7,
    0xA5, 0xFB, 0xA8, 0x4E, 0x93, 0x2E, 0x34, 0x31, 0x9A, 0x17, 0x36, 0xB5, 0xDC, 0x27, 0x59, 0xA6,
    0xDE, 0x65, 0xFE, 0x0D, 0xEF, 0x26, 0xA9, 0x1D, 0x33, 0x52, 0x82, 0x3C, 0x08, 0x0B, 0x7D, 0xC0,
    0x38, 0xF8, 0xFC, 0x92, 0xD4, 0xFB, 0x25, 0x65, 0xF4, 0xDE, 0x98, 0x19, 0x8C, 0x69, 0x06, 0x64,
    0xD5, 0x92, 0x59, 0xF1, 0x91, 0x1C, 0x98, 0x3F, 0x5A, 0x92, 0xF9, 0xDB, 0x63, 0xA2, 0x3F, 0x33,
    0x63, 0x48, 0x2C, 0xA0, 0x02, 0xE0, 0xF2, 0x6F, 0x79, 0x72, 0x02, 0xC2, 0xCC, 0xD2, 0x51, 0xB8,
    0x68, 0x4F, 0xDA, 0xCB, 0x1E, 0x25, 0xE7, 0x33, 0x1E, 0xCA, 0x4E, 0x02, 0x8E, 0x28, 0xD3, 0x9F,
    0xF5, 0x94, 0xFE, 0x8D, 0x5F, 0x93, 0x2D, 0xCB, 0x9C, 0xC8, 0xBD, 0x9A, 0xC3, 0x0C, 0x41, 0x09,
    0xF0, 0x47, 0x17, 0xD5, 0x46, 0x0B, 0x68, 0x82, 0xD0, 0xE0, 0x5A, 0xE2, 0x3D, 0xA3, 0xF4, 0xEC,
    0x20, 0x38, 0xB5, 0x26, 0x1B, 0x02, 0xA8, 0x19, 0x69, 0x94, 0x15, 0xC4, 0x67, 0x5D, 0x46, 0x50,
    0x1B, 0x84, 0xD0, 0x4C, 0x7C, 0xEF, 0x23, 0x8F, 0xFA, 0xE8, 0xE4, 0x11, 0xEA, 0xBF, 0xFF, 0x8F,
    0xDB, 0x30, 0x06, 0x78, 0x99, 0xCB, 0x83, 0x0F, 0x9D, 0x58, 0xAF, 0x4D, 0xE4, 0x6F, 0xCB, 0x7C,
    0xCF, 0x23, 0x53, 0xDE, 0xF3, 0x66, 0x82, 0x74, 0x55, 0xCA, 0x61, 0xF0, 0x89, 0x87, 0xC1, 0xE7,
    0xFE, 0x63, 0x83, 0xCF, 0x45, 0xBD, 0x3A, 0x81, 0x01, 0xD1, 0x9E, 0xA0, 0xEC, 0x27, 0xD7, 0x99,
    0x1C, 0x1C, 0x79, 0x8B, 0xF2, 0x27, 0x35, 0x91, 0xC7, 0x91, 0xF4, 0x82, 0xA9, 0x20, 0x5E, 0x4E,
    0x22, 0xA7, 0xEB, 0x49, 0xD0, 0x7A, 0xF2, 0x3C, 0x60, 0x12, 0x1B, 0xC1, 0x33, 0xD2, 0xBF, 0x8C,
    0x02, 0x7E, 0x70, 0xBE, 0x57, 0x0E, 0xCF, 0x69, 0x45, 0xB4, 0x61, 0x8C, 0xF0, 0x7A, 0xE0, 0x0F,
    0xFD, 0x5D, 0x22, 0x7D, 0xFB, 0xF8, 0x2E, 0xFA, 0x63, 0x6D, 0xC6, 0xE8, 0x5E, 0x23, 0xEC, 0x02,
    0x93, 0x3A, 0x3D, 0x5E, 0xA2, 0x6A, 0xE5, 0x97, 0xD0, 0x72, 0x63, 0x0C, 0x25, 0xF1, 0x12, 0xF4,
    0x67, 0xC5, 0x92, 0xE4, 0x6D, 0xDF, 0x8F, 0xD1, 0xB6, 0xAC, 0xE5, 0xCC, 0x3F, 0xEF, 0x01, 0xD2,
    0x3A, 0x30, 0xDE, 0x96, 0x1C, 0x06, 0xC0, 0x41, 0xD4, 0x86, 0x7C, 0x3B, 0xF2, 0x18, 0x6D, 0xC4,
    0xAA, 0x90, 0x3F, 0x1B, 0xA9, 0x4C, 0xBC, 0x00, 0x54, 0x1D, 0xB0, 0xD8, 0x96, 0x72, 0x8E, 0x6A,
    0x2F, 0x07, 0x9C, 0xDC, 0x47, 0xE4, 0xFE, 0x60, 0xCA, 0xF9, 0xD6, 0x04, 0x56, 0xB3, 0x56, 0xB2,
    0xBF, 0x7D, 0xE5, 0xEC, 0x44, 0x39, 0xC7, 0x4D, 0x50, 0xCE, 0x6E, 0x6B, 0xCA, 0x39, 0xB9, 0xD7,
    0x6B, 0xF4, 0xCF, 0x9C, 0x26, 0xA9, 0xB6, 0xA0, 0x9C, 0x19, 0x01, 0x77, 0x09, 0xF9, 0x56, 0x54,
    0x34, 0x89, 0x85, 0xD4, 0x86, 0x7C, 0x6B, 0x8A, 0x9A, 0x1C, 0x28, 0x09, 0xF9, 0x76, 0xD4, 0xF5,
    0x66, 0xE6, 0x73, 0x3B, 0x2A, 0xFB, 0xF2, 0x8C, 0xA5, 0xD9, 0x8A, 0xEA, 0x1E, 0xB2, 0x02, 0xC8,
    0x9E, 0x91, 0x02, 0xE7, 0x56, 0x40, 0x39, 0xEC, 0x6D, 0x49, 0x90, 0x5F, 0x68, 0x83, 0x67, 0x23,
    0xCE, 0x1F, 0x1F, 0xF8, 0xB7, 0x23, 0xD8, 0x39, 0x1F, 0xD4, 0x54, 0x2D, 0xB6, 0xD8, 0x86, 0x80,
    0xBF, 0xD0, 0x69, 0x9F, 0x91, 0x98, 0x57, 0x16, 0x48, 0xEA, 0x61, 0x6F, 0x5B, 0xDA, 0x7E, 0xD3,
    0xE9, 0xB6, 0xAF, 0xF3, 0x1F, 0x7F, 0x76, 0x6C, 0x45, 0xFB, 0x73, 0x13, 0x28, 0x81, 0x6C, 0x5B,
    0xBF, 0x03, 0xF2, 0xC2, 0x8C, 0x28, 0x53, 0x41, 0xBE, 0xCD, 0xDF, 0x01, 0xBA, 0x30, 0x64, 0x6F,
    0x83, 0xE6, 0x0F, 0xF5, 0x5B, 0xE0, 0x52, 0x9B, 0x33, 0x1B, 0xB8, 0xCB, 0x53, 0xBE, 0x9A, 0x33,
    0x61, 0x02, 0x41, 0x8E, 0xA1, 0xBD, 0x40, 0xE4, 0x98, 0xA0, 0xCD, 0x21, 0x5B, 0x08, 0x2E, 0x4F,
    0x47, 0xDA, 0x80, 0xEA, 0xE9, 0x57, 0xF9, 0xE8, 0x48, 0x2A, 0xCA, 0xBD, 0xA9, 0x25, 0xF5, 0x4B,
    0x60, 0x5E, 0x43, 0xDC, 0x03, 0xBA, 0x06, 0x12, 0x00, 0xD8, 0xCC, 0xF7, 0x2F, 0xB8, 0xB8, 0x95,
    0xC3, 0x56, 0x2C, 0xD0, 0x21, 0x4E, 0x1F, 0x92, 0xB4, 0x14, 0x36, 0xEA, 0x59, 0xA9, 0x95, 0x2F,
    0x5A, 0x05, 0xCC, 0x36, 0xAB, 0x80, 0x9F, 0x0F, 0xB3, 0xE0, 0x53, 0x13, 0x87, 0x8E, 0x40, 0xC4,
    0x13, 0xAF, 0x02, 0x46, 0xE7, 0xAB, 0x80, 0x45, 0x17, 0x5A, 0x03, 0x3C, 0x44, 0x0D, 0x60, 0x9E,
    0xC5, 0x2A, 0xE0, 0x2E, 0x10, 0x7B, 0x40, 0x7F, 0x6C, 0xA1, 0x54, 0x0D, 0x8C, 0x38, 0x04, 0x78,
    0xF1, 0xD2, 0x03, 0xBD, 0xB0, 0x1C, 0xF8, 0x2E, 0xAF, 0x87, 0x8E, 0x39, 0x56, 0xE1, 0xD5, 0x39,
    0x66, 0xA0, 0xAB, 0x31, 0xA8, 0x45, 0xCE, 0x6A, 0xBD, 0x98, 0x69, 0x9B, 0x11, 0xE4, 0x0A, 0x90,
    0x36, 0x40, 0x69, 0x81, 0x31, 0x6C, 0x26, 0xFA, 0xAA, 0x01, 0xE0, 0x18, 0xE4, 0x17, 0xDA, 0x0B,
    0x82, 0xF8, 0x62, 0xBC, 0xF1, 0xEA, 0xA0, 0xBC, 0x06, 0xE1, 0x65, 0x44, 0x77, 0xBD, 0x37, 0xC8,
    0x2E, 0xFB, 0x2A, 0x23, 0x6D, 0x83, 0xE8, 0x1A, 0x34, 0xD7, 0x20, 0xB9, 0xD6, 0x8A, 0x6B, 0xB2,
    0x99, 0xA9, 0x4C, 0x01, 0xB8, 0xD0, 0x1D, 0x97, 0x17, 0xD6, 0x09, 0x29, 0x5B, 0x10, 0xB1, 0x05,
    0x23, 0xF4, 0xB5, 0x80, 0x19, 0x19, 0x3A, 0x38, 0x6C, 0xB6, 0x87, 0x88, 0x2D, 0x60, 0xDE, 0xDD,
    0x0C, 0xB5, 0xEF, 0xCF, 0x6B, 0x3F, 0xAD, 0x80, 0xBB, 0x6C, 0x6A, 0x6F, 0xC5, 0xAA, 0x27, 0x5C,
    0x35, 0x3C, 0x14, 0x81, 0xD5, 0x42, 0x08, 0x0F, 0xFD, 0x5A, 0x29, 0x9B, 0x0B, 0x8B, 0x34, 0x88,
    0xAE, 0xA2, 0x5C, 0x32, 0x39, 0xA8, 0x48, 0x16, 0x44, 0x8E, 0xC4, 0x31, 0x5D, 0xA8, 0x9E, 0xAC,
    0x46, 0xF3, 0xFB, 0x5F, 0x2F, 0xCA, 0x4C, 0x9E, 0x9E, 0x2D, 0x23, 0xEF, 0x98, 0x56, 0x61, 0xD8,
    0x59, 0xB0, 0xC3, 0x97, 0xAD, 0x11, 0x16, 0x90, 0xF3, 0x77, 0xF5, 0xBD, 0x59, 0xE2, 0x1D, 0xF3,
    0x2A, 0x5A, 0xA2, 0x6B, 0xB4, 0x01, 0x36, 0xB5, 0x7A, 0x7C, 0x99, 0x70, 0xEF, 0x7C, 0x99, 0xF0,
    0xA7, 0x24, 0x0D, 0x65, 0x15, 0x2F, 0x51, 0x35, 0x98, 0x2F, 0x5B, 0x26, 0x4C, 0xAB, 0x6F, 0xAA,
    0xCF, 0x5B, 0xFC, 0x82, 0xA3, 0xF0, 0xA5, 0xC2, 0x72, 0x13, 0xE0, 0xC9, 0x97, 0x09, 0x4D, 0x58,
    0x26, 0xB4, 0x3D, 0x28, 0x2F, 0x60, 0xFE, 0x6B, 0xE0, 0x28, 0x87, 0xA4, 0x11, 0x14, 0x56, 0x70,
    0x13, 0x01, 0x3C, 0xD1, 0x32, 0xE1, 0xE7, 0x5D, 0x3C, 0x54, 0x25, 0x6D, 0x56, 0x6F, 0xA6, 0x3F,
    0xE5, 0x32, 0x61, 0x6C, 0x79, 0x29, 0xB3, 0xE0, 0x21, 0x1D, 0x84, 0xC3, 0xA0, 0x1B, 0x86, 0x28,
    0xD3, 0x7D, 0xE9, 0x32, 0xE1, 0x2D, 0x42, 0x13, 0x3B, 0xE6, 0x86, 0x19, 0xBC, 0xF8, 0xA5, 0xCB,
    0x84, 0xF2, 0x5C, 0x16, 0x33, 0xE5, 0x1B, 0xA6, 0xA1, 0x85, 0xB3, 0x9A, 0x02, 0xAE, 0xF1, 0x34,
    0xCB, 0x84, 0xAE, 0x20, 0x75, 0xBA, 0x2A, 0x2B, 0x89, 0xEB, 0x52, 0xF0, 0x8B, 0x4F, 0xF2, 0x2A,
    0xD3, 0x84, 0x97, 0x8B, 0x7B, 0x9D, 0xF6, 0x4D, 0xEC, 0xC3, 0xE8, 0xA6, 0x1D, 0x99, 0x09, 0xC5,
    0x32, 0xFF, 0x99, 0x53, 0xFE, 0xD3, 0x10, 0xA5, 0x43, 0x90, 0x0E, 0x31, 0x3A, 0x84, 0x68, 0xF0,
    0x41, 0xEA, 0xFC, 0x32, 0xC4, 0xE7, 0x5A, 0xC2, 0x73, 0x2D, 0xD1, 0x79, 0x41, 0xD4, 0xAF, 0x1A,
    0x66, 0x5A, 0xAD, 0x8B, 0xFC, 0x92, 0x35, 0x42, 0xD3, 0xA4, 0x8B, 0xDD, 0x30, 0x7E, 0x84, 0xD1,
    0x11, 0xD5, 0x52, 0x2C, 0xB8, 0x79, 0x79, 0x65, 0xFF, 0xC2, 0x1A, 0x61, 0xC8, 0xF3, 0x32, 0x74,
    0x44, 0xEF, 0x24, 0xBC, 0xBE, 0x9F, 0x99, 0xA8, 0xD3, 0x55, 0xEA, 0xD4, 0xA2, 0xAC, 0xA2, 0xE6,
    0x75, 0xF8, 0xE0, 0xE2, 0xCB, 0x4E, 0x5B, 0x5E, 0xCB, 0x8B, 0x5A, 0x20, 0x59, 0x02, 0xC5, 0x9F,
    0x19, 0x29, 0x2A, 0xAD, 0xA1, 0x89, 0x05, 0x60, 0xBC, 0x0F, 0xDB, 0xC5, 0x80, 0x51, 0xAC, 0x63,
    0xC6, 0xDF, 0xD3, 0x1F, 0xB6, 0xD1, 0x1B, 0x35, 0xA5, 0x61, 0x09, 0xEF, 0x03, 0xEC, 0xEC, 0x57,
    0xDA, 0xD7, 0x2F, 0xEC, 0x57, 0x9B, 0x25, 0xCC, 0x75, 0x92, 0xA9, 0xAF, 0x07, 0x23, 0xED, 0x1B,
    0x19, 0x4B, 0x1F, 0x64, 0x34, 0xC8, 0xB4, 0x17, 0x89, 0x9D, 0x11, 0x9F, 0xB5, 0x23, 0xE6, 0x9F,
    0x76, 0xEC, 0xDC, 0xAE, 0x61, 0x0E, 0x1C, 0x86, 0x89, 0xA9, 0x07, 0xDA, 0x7B, 0x17, 0xF2, 0x41,
    0x8F, 0xD4, 0xBF, 0xFB, 0xBE, 0xCF, 0x84, 0xB1, 0x36, 0xB9, 0xFA, 0xA5, 0xFE, 0xEB, 0x56, 0x05,
    0xFF, 0x0E, 0x4A, 0x24, 0x5D, 0x10, 0x0F, 0xAE, 0xAC, 0xBD, 0x13, 0x3E, 0xE5, 0xCB, 0x51, 0xDF,
    0x9C, 0xE9, 0xBA, 0x29, 0x0F, 0xFE, 0xE7, 0x42, 0xFB, 0x47, 0x15, 0xDF, 0xFB, 0xCF, 0x97, 0x5F,
    0x8E, 0xDA, 0x28, 0x98, 0xCD, 0xCB, 0x51, 0x7B, 0xA9, 0x7C, 0x96, 0xF6, 0x21, 0xB2, 0x6D, 0x5E,
    0x8E, 0xFA, 0xFB, 0x62, 0xED, 0x24, 0xFD, 0xC8, 0x95, 0xFE, 0xB6, 0x2D, 0x96, 0x99, 0x89, 0xDC,
    0xD7, 0x2E, 0xBE, 0x1C, 0xF5, 0x58, 0x98, 0x09, 0x11, 0xE6, 0xA5, 0xD0, 0x43, 0x46, 0x21, 0xC2,
    0xE4, 0x74, 0xA0, 0x19, 0x41, 0x5A, 0x4D, 0x40, 0xD5, 0x82, 0xA8, 0x9F, 0x45, 0x50, 0x36, 0x1A,
    0x7E, 0xFC, 0xA0, 0x24, 0x76, 0x6D, 0x47, 0x54, 0xFF, 0x95, 0x03, 0xAD, 0x16, 0x02, 0x63, 0x04,
    0xB0, 0x76, 0x37, 0x56, 0xEE, 0x36, 0x03, 0x4F, 0xF6, 0x79, 0x55, 0xFE, 0x70, 0x31, 0xC1, 0x69,
    0xBE, 0x9F, 0x2E, 0x0E, 0xE3, 0xC7, 0xDD, 0x6D, 0xFB, 0x22, 0xE6, 0xB2, 0x3C, 0xDD, 0x9A, 0xA6,
    0xB9, 0x19, 0x34, 0x4D, 0xC9, 0xBC, 0x26, 0xDB, 0x8E, 0xA6, 0x01, 0x70, 0x44, 0xAD, 0xF0, 0x2A,
    0xFA, 0x86, 0x1C, 0x4A, 0xE1, 0x16, 0x84, 0xCE, 0x63, 0xBF, 0xF7, 0xB7, 0x2F, 0x43, 0xD0, 0xAC,
    0x47, 0x0E, 0x34, 0xCF, 0x48, 0x95, 0xDC, 0x9A, 0x9C, 0xCF, 0x02, 0xDD, 0xDA, 0xB6, 0x2A, 0xF9,
    0xE9, 0xB4, 0x82, 0xEE, 0x2E, 0xB2, 0xF7, 0x15, 0x54, 0x89, 0xFA, 0xB0, 0x47, 0xFD, 0xC2, 0xA1,
    0x16, 0x4F, 0xA9, 0x4A, 0xD6, 0xCA, 0x71, 0x26, 0xBC, 0x8A, 0x42, 0x41, 0x43, 0x66, 0xD0, 0x57,
    0x92, 0x2A, 0xB7, 0xA0, 0x84, 0xF1, 0x15, 0x04, 0xCB, 0xC5, 0x1E, 0x7E, 0x15, 0xF1, 0xC2, 0x68,
    0x7D, 0xCB, 0xCF, 0x44, 0xC5, 0x30, 0x0A, 0x98, 0x05, 0xEC, 0x5E, 0x4D, 0xD4, 0x0C, 0x4D, 0x23,
    0xDC, 0x8A, 0xBA, 0xE1, 0xD2, 0xAF, 0xE0, 0xFC, 0x2A, 0x6A, 0x07, 0x06, 0x67, 0x57, 0x4E, 0x78,
    0x05, 0xE5, 0xB3, 0x19, 0x50, 0xB6, 0x21, 0x81, 0xCE, 0x2B, 0x83, 0x72, 0x21, 0xBF, 0x92, 0x24,
    0x0A, 0xC7, 0x84, 0x5F, 0x4D, 0x1B, 0x6D, 0xD2, 0x21, 0xD0, 0x85, 0xFC, 0x2A, 0x5A, 0x69, 0xF3,
    0xFE, 0xD6, 0x55, 0x45, 0x53, 0x5E, 0x18, 0xCA, 0xD4, 0x90, 0x6F, 0x59, 0x34, 0x7D, 0xB7, 0x9E,
    0x41, 0xFC, 0x7F, 0x3C, 0x44, 0xFF, 0xEB, 0xD4, 0x42, 0xF6, 0x43, 0x27, 0xC0, 0xAD, 0x83, 0xAB,
    0xA4, 0xC5, 0x8A, 0xA0, 0x2C, 0x5C, 0xA0, 0xC4, 0x89, 0x87, 0x1F, 0x1A, 0x4A, 0xEF, 0x4F, 0x5B,
    0x5E, 0xF3, 0x0F, 0xC3, 0x18, 0xDE, 0x28, 0x57, 0x10, 0x49, 0xC5, 0x33, 0x70, 0xCA, 0xAE, 0x98,
    0x43, 0xAB, 0xEC, 0x18, 0x46, 0xCA, 0x76, 0x50, 0x04, 0x89, 0x81, 0x56, 0x96, 0x75, 0xDA, 0x14,
    0xB2, 0x2E, 0x63, 0x03, 0x29, 0xC0, 0x86, 0xEB, 0x7F, 0xB8, 0xF7, 0x5A, 0xFF, 0xD0, 0x3B, 0xB9,
    0x6E, 0xBF, 0x17, 0xBB, 0x10, 0xBD, 0x6A, 0x65, 0x89, 0x9C, 0x80, 0x26, 0x60, 0x37, 0xA0, 0x0C,
    0xD0, 0x01, 0xF0, 0xD8, 0x5A, 0x53, 0xF4, 0xA6, 0x20, 0x5B, 0x0A, 0xCA, 0xF9, 0x9F, 0x5E, 0xE7,
    0xEB, 0x49, 0x3F, 0x3C, 0xFB, 0x93, 0x3A, 0x9A, 0x7B, 0xE3, 0x4A, 0xDF, 0xE3, 0x8A, 0x1F, 0x09,
    0xC8, 0x7E, 0x1D, 0x39, 0xFA, 0x30, 0x59, 0x1A, 0xD6, 0x9A, 0xD2, 0x45, 0x1E, 0x57, 0x31, 0x39,
    0x4C, 0xFD, 0x90, 0xBA, 0xF3, 0x1C, 0x34, 0x90, 0x56, 0xEC, 0x1C, 0xEC, 0xBF, 0x67, 0x24, 0xF7,
    0x92, 0xDA, 0xB0, 0xA6, 0x21, 0x8B, 0x9B, 0x1F, 0xA4, 0x21, 0xF8, 0x43, 0x2E, 0xFF, 0xD7, 0xE8,
    0x90, 0x47, 0xBF, 0x6D, 0xF5, 0xBD, 0x65, 0x5A, 0x31, 0xF7, 0xF7, 0x75, 0x23, 0xF9, 0xAD, 0xD4,
    0x86, 0x95, 0x9A, 0xE7, 0x51, 0x56, 0xF6, 0xAA, 0xCC, 0xA8, 0xB0, 0x78, 0x50, 0xE9, 0x3A, 0xB5,
    0x78, 0x5F, 0x0D, 0x6B, 0x72, 0x3B, 0x6F, 0x54, 0x14, 0xCB, 0xA1, 0x9C, 0x50, 0xEE, 0x62, 0x00,
    0xE8, 0x0A, 0x29, 0x56, 0x30, 0xF7, 0x82, 0xB3, 0xFD, 0x14, 0x1C, 0xBA, 0xE2, 0xEC, 0x1D, 0x1D,
    0x2A, 0x5A, 0x71, 0xED, 0x85, 0x87, 0x0B, 0xB2, 0xA1, 0xEC, 0x5E, 0xF6, 0x22, 0xEF, 0xC3, 0x37,
    0x1A, 0x88, 0xFA, 0x93, 0x0A, 0xB9, 0xF7, 0x1A, 0x7D, 0xAF, 0x71, 0xA4, 0x27, 0xB5, 0x43, 0xF9,
    0x5F, 0xD4, 0xF0, 0xDD, 0x5F, 0x58, 0x60, 0x0F, 0xBE, 0x7A, 0x41, 0xBF, 0xF5, 0x06, 0x7E, 0xF3,
    0xB9, 0x11, 0xF1, 0xF6, 0xD0, 0xA0, 0x7F, 0x7E, 0x60, 0x48, 0xA5, 0x5F, 0xA2, 0xCE, 0x04, 0xCC,
    0x03, 0x76, 0x7E, 0x7C, 0xE5, 0x82, 0xD2, 0x4D, 0x41, 0x4C, 0x0E, 0x0C, 0x8C, 0xB4, 0x60, 0x26,
    0x50, 0xDD, 0x39, 0xA2, 0x00, 0x76, 0x03, 0xD8, 0xF9, 0x6A, 0x77, 0x14, 0x87, 0x82, 0xD4, 0x7F,
    0x3B, 0x80, 0xF8, 0xE4, 0x3E, 0xE0, 0x05, 0x91, 0xD3, 0x82, 0x21, 0xCA, 0x7B, 0x0F, 0xA2, 0xF9,
    0x01, 0x5E, 0xD8, 0x46, 0xD3, 0xDD, 0x3D, 0x30, 0x88, 0xD0, 0x35, 0x44, 0x47, 0xA1, 0xD5, 0xBC,
    0x37, 0x24, 0xBD, 0xEC, 0xA9, 0x36, 0x35, 0xD0, 0x04, 0xB0, 0x03, 0xEB, 0x3E, 0xB8, 0xCE, 0x36,
    0xA3, 0x13, 0x37, 0x98, 0x89, 0xD3, 0xBC, 0xED, 0xBF, 0xED, 0x29, 0xFD, 0xCF, 0x8F, 0xF5, 0xA9,
    0x7D, 0xAD, 0xBF, 0x5F, 0x05, 0x8D, 0x1D, 0xD6, 0xDD, 0x44, 0xC3, 0xD5, 0xC9, 0x27, 0xB7, 0xDF,
    0x96, 0x2C, 0xF2, 0x1F, 0x7D, 0x5A, 0xC7, 0x2E, 0xEA, 0xCD, 0x7F, 0xB0, 0xF4, 0x07, 0x8E, 0x34,
    0x38, 0xDA, 0x30, 0x70, 0x46, 0x7B, 0x4D, 0xD4, 0x03, 0xCC, 0x7D, 0x03, 0x90, 0xF9, 0xEA, 0xF1,
    0xF2, 0xAE, 0xB3, 0x0B, 0x28, 0xFF, 0xB6, 0x97, 0xF2, 0xFE, 0xE2, 0xF8, 0xF6, 0xA9, 0x2D, 0xFD,
    0x23, 0x29, 0xA8, 0x7E, 0xAD, 0xFF, 0x8B, 0x0F, 0xA5, 0x20, 0x9C, 0xF2, 0x3F, 0xFF, 0x85, 0x14,
    0x44, 0xFF, 0xF6, 0x6F, 0x42, 0x79, 0xA1, 0x04, 0x71, 0x5D, 0x47, 0x61, 0xA4, 0xBC, 0xFE, 0x61,
    0x0F, 0xE5, 0x72, 0x1A, 0x4A, 0xD8, 0xD9, 0xD3, 0x9F, 0x48, 0x06, 0x9A, 0x4B, 0xD9, 0xC9, 0x90,
    0x29, 0x3F, 0x64, 0xFC, 0xE3, 0x55, 0xC6, 0x3A, 0xFB, 0x67, 0xF8, 0xCB, 0xA9, 0x5F, 0x4F, 0xDA,
    0x5B, 0xEE, 0xA8, 0x63, 0x09, 0x98, 0x56, 0x77, 0xD9, 0x10, 0xFE, 0xC2, 0x44, 0xDB, 0xFE, 0x5C,
    0xD9, 0x61, 0xAE, 0x4D, 0xAF, 0x72, 0x93, 0x29, 0x9B, 0xFD, 0x9B, 0x89, 0x36, 0x47, 0xCA, 0x86,
    0x49, 0xB7, 0x54, 0xCE, 0x0B, 0xF3, 0x6E, 0xC9, 0x42, 0xD9, 0xB4, 0x62, 0x22, 0xCE, 0x1F, 0xF2,
    0x59, 0xD4, 0xCF, 0x6D, 0xB2, 0x08, 0x62, 0xCA, 0xDB, 0x61, 0x0E, 0x6E, 0xE7, 0x5B, 0x96, 0xE9,
    0x67, 0x84, 0x72, 0xFC, 0x66, 0x66, 0x2F, 0x7A, 0x53, 0xD5, 0xE8, 0x4E, 0xB7, 0x94, 0xFF, 0xBE,
    0x3C, 0x62, 0x28, 0x68, 0x72, 0x4D, 0x4A, 0xD1, 0xBE, 0xBC, 0x6F, 0xD4, 0xAF, 0xD2, 0x47, 0xA4,
    0x15, 0x25, 0xA9, 0x8D, 0x3A, 0x92, 0xB3, 0x83, 0x86, 0x28, 0x5C, 0x8B, 0xF2, 0x47, 0xC3, 0xC8,
    0x75, 0x8E, 0xF2, 0x40, 0x90, 0x79, 0x41, 0x14, 0x0E, 0xA0, 0x02, 0xE2, 0x8A, 0xFF, 0x0F, 0xC4,
    0x99, 0x07, 0x90, 0xE3, 0x46, 0x76, 0x86, 0x3F, 0xA0, 0x77, 0x07, 0x57, 0x87, 0x2A, 0xF5, 0x5C,
    0xCE, 0x82, 0x73, 0x50, 0x49, 0x44, 0x65, 0x27, 0x72, 0x00, 0x49, 0x0E, 0x95, 0xB5, 0xCE, 0x39,
    0x5F, 0xCE, 0x39, 0x52, 0x33, 0x50, 0xA8, 0xE4, 0x38, 0xCE, 0xD9, 0xBE, 0x1C, 0xB8, 0xAE, 0xE2,
    0x3A, 0xCF, 0xB9, 0x66, 0x87, 0xAD, 0x95, 0x73, 0x12, 0x9C, 0xB3, 0x8D, 0xCB, 0x77, 0x7B, 0x61,
    0xFB, 0x24, 0x4A, 0xA2, 0xB8, 0x18, 0xB6, 0xDF, 0x03, 0x31, 0xE3, 0x91, 0x2E, 0x47, 0x35, 0xF5,
    0xFE, 0xD7, 0xEA, 0xD7, 0xFD, 0xFF, 0x0F, 0x0F, 0x98, 0x6E, 0x82, 0xBB, 0x13, 0x42, 0xA3, 0x06,
    0x63, 0xD8, 0xD8, 0x27, 0x0A, 0x2D, 0xC9, 0xF2, 0xF5, 0x58, 0x07, 0xB6, 0x5C, 0x5B, 0xEA, 0x12,
    0xCC, 0x72, 0x56, 0x11, 0x0E, 0xBB, 0x39, 0xDD, 0xDC, 0x9D, 0x16, 0x23, 0x73, 0xD3, 0xBA, 0x9F,
    0x57, 0x21, 0xEB, 0xA6, 0x44, 0x21, 0x94, 0x6C, 0xEC, 0xF2, 0xA9, 0xF3, 0x7A, 0x40, 0xEC, 0x79,
    0x0B, 0xE1, 0x0D, 0xA4, 0x8D, 0xAD, 0x6C, 0x65, 0x9C, 0x2D, 0x8D, 0x4B, 0xE5, 0x23, 0xF3, 0xCA,
    0xF5, 0xBC, 0x33, 0x84, 0xAE, 0xF9, 0x0E, 0x55, 0xC1, 0xC3, 0x90, 0x23, 0xB7, 0xB1, 0x7C, 0x83,
    0xB8, 0x58, 0x22, 0xF5, 0x90, 0x74, 0x39, 0x39, 0xEB, 0x87, 0x64, 0x25, 0xCC, 0x87, 0x6C, 0x41,
    0xE4, 0x87, 0x8C, 0x20, 0x17, 0x37, 0x84, 0x9D, 0xAA, 0xFB, 0xBF, 0x91, 0xF4, 0x73, 0xC8, 0xDE,
    0xDF, 0x62, 0x5D, 0x9E, 0x04, 0xBD, 0xB2, 0x15, 0x4F, 0x19, 0xC2, 0x6C, 0x0E, 0x43, 0xD5, 0x5B,
    0xA8, 0x11, 0x7B, 0x78, 0x8C, 0xC7, 0x48, 0xD7, 0x2E, 0x67, 0xE4, 0xA4, 0x6E, 0x84, 0xE9, 0x4C,
    0xFB, 0xF6, 0xE2, 0xAC, 0x8B, 0xF1, 0x84, 0x06, 0x62, 0xB1, 0xD9, 0x82, 0x54, 0x98, 0xB2, 0xDD,
    0xAC, 0x1C, 0x48, 0x7C, 0x40, 0xE2, 0x32, 0x6C, 0xB5, 0x9E, 0xD7, 0xC2, 0xE3, 0x4B, 0xC2, 0xBA,
    0x55, 0x47, 0xBE, 0x5B, 0x87, 0x87, 0x78, 0x39, 0xD9, 0xED, 0xBC, 0x8C, 0x96, 0xE2, 0x93, 0xD5,
    0x64, 0xEA, 0x3C, 0x91, 0xF0, 0x19, 0xF1, 0xA9, 0xD4, 0x23, 0x11, 0x9F, 0x95, 0x92, 0xB2, 0xF8,
    0x2D, 0xCC, 0x3F, 0xAC, 0xF0, 0x48, 0x2E, 0x6F, 0xF3, 0xEA, 0x85, 0x68, 0x11, 0x7B, 0x06, 0x98,
    0x7A, 0x67, 0xEA, 0x45, 0x35, 0x73, 0xD9, 0xCA, 0x93, 0x84, 0x40, 0xB4, 0xEB, 0x35, 0x37, 0xD5,
    0xD1, 0xFB, 0xD4, 0xAA, 0x21, 0x33, 0xD8, 0x98, 0x56, 0xCC, 0x42, 0xC5, 0x72, 0xA2, 0x21, 0x90,
    0xFB, 0x25, 0x13, 0xAA, 0x53, 0x0F, 0x3D, 0x5B, 0xDB, 0xCA, 0xD4, 0x76, 0x35, 0x75, 0x91, 0xE6,
    0xA8, 0xE3, 0x1A, 0xBF, 0xFB, 0xC9, 0x1A, 0x2F, 0xB9, 0x72, 0xEA, 0xAE, 0x10, 0x9D, 0xCC, 0x99,
    0xDA, 0xC8, 0x1C, 0xE1, 0x28, 0x89, 0x5E, 0xFF, 0x69, 0x71, 0x47, 0xAB, 0xD7, 0x63, 0x1C, 0xA4,
    0xD5, 0x23, 0xB1, 0xD7, 0x86, 0xCA, 0x5E, 0xFF, 0xFE, 0x3A, 0xBD, 0xFD, 0x42, 0x93, 0xBC, 0xE3,
    0x42, 0x13, 0x87, 0x4B, 0x4E, 0xD6, 0xC0, 0xE9, 0x5D, 0x71, 0x5D, 0xAB, 0x8E, 0x3C, 0x58, 0x94,
    0x58, 0x74, 0xD6, 0x75, 0xD3, 0x51, 0xBC, 0x96, 0xB1, 0xAB, 0x9B, 0x69, 0xC0, 0x88, 0x8F, 0x7B,
    0x1F, 0xDD, 0xFD, 0x6D, 0xE4, 0xE2, 0x99, 0x85, 0x58, 0xE7, 0x31, 0x98, 0xDE, 0x36, 0x17, 0xFF,
    0x10, 0x89, 0xCE, 0x63, 0xAD, 0xAB, 0x71, 0xDB, 0x5A, 0xB7, 0x26, 0x75, 0x59, 0xF0, 0x7A, 0x1B,
    0xCA, 0xAE, 0x6E, 0xF9, 0xA1, 0xEA, 0x3C, 0xE8, 0xFA, 0x98, 0x9A, 0xAE, 0x65, 0xF3, 0xB5, 0x3F,
    0x38, 0x50, 0x24, 0x9E, 0xE7, 0x15, 0x68, 0x38, 0x71, 0xEA, 0x29, 0x23, 0x45, 0x4D, 0x67, 0x2E,
    0xD6, 0xFF, 0x8D, 0xEC, 0x0B, 0x5F, 0x8B, 0x5D, 0xBE, 0x99, 0x9C, 0x6F, 0x63, 0x64, 0x02, 0x23,
    0x7B, 0xA9, 0x1A, 0x59, 0xE3, 0x72, 0x9B, 0x38, 0x7B, 0x69, 0x5A, 0x9A, 0x70, 0x48, 0xBA, 0x3C,
    0x43, 0xC6, 0x93, 0xBB, 0xF8, 0xB0, 0x8F, 0x0F, 0x34, 0xFE, 0x5B, 0xD3, 0x32, 0x96, 0x38, 0x8F,
    0x3E, 0x43, 0x58, 0xB7, 0x63, 0xAF, 0xFC, 0x7A, 0x91, 0xC7, 0xFE, 0xF4, 0xC1, 0xE4, 0x8C, 0xF8,
    0x48, 0x82, 0x2B, 0xF1, 0xA9, 0xD6, 0xE3, 0xBA, 0x86, 0xAC, 0x82, 0xF4, 0xE6, 0x86, 0x2D, 0xD1,
    0xCF, 0xC4, 0x8B, 0x46, 0x1C, 0x24, 0x2E, 0x79, 0xDC, 0x3E, 0xEF, 0xBC, 0xB9, 0xE0, 0x8D, 0xCC,
    0x13, 0xCD, 0xD5, 0xB4, 0xC1, 0xFE, 0x6F, 0xEA, 0x8A, 0xD0, 0x60, 0x42, 0x20, 0xFA, 0xD9, 0x06,
    0x76, 0x16, 0x1D, 0xFF, 0xF1, 0x4E, 0xD0, 0x4B, 0x1E, 0xC3, 0x55, 0x93, 0xC9, 0x3E, 0x85, 0x3E,
    0x7D, 0x57, 0x05, 0xE9, 0xD1, 0x6A, 0x60, 0x7E, 0x0C, 0x7B, 0x0A, 0x43, 0x85, 0x5C, 0xC1, 0x3A,
    0x01, 0xA3, 0xD0, 0x17, 0xAB, 0xB3, 0x13, 0x4D, 0xF9, 0x4A, 0xA1, 0xAB, 0x84, 0xAD, 0xA4, 0x05,
    0xE6, 0xBD, 0xED, 0xF5, 0x9A, 0x39, 0x4A, 0xA3, 0x2C, 0x68, 0xEB, 0xF3, 0x6A, 0xBA, 0xA0, 0xDA,
    0xA3, 0x8F, 0x8B, 0x4E, 0x56, 0xAE, 0xA7, 0x0F, 0x80, 0x8C, 0x03, 0x6C, 0x19, 0x48, 0x96, 0x81,
    0x48, 0xE2, 0xD1, 0xBB, 0xC7, 0xA4, 0xCD, 0x80, 0xAC, 0xC9, 0xB0, 0x8D, 0x2D, 0x93, 0x26, 0x75,
    0x51, 0x65, 0x2A, 0xE0, 0xA3, 0x5F, 0xAC, 0x12, 0xAF, 0xB7, 0x13, 0xA5, 0xE6, 0x79, 0x25, 0xA4,
    0x01, 0xC8, 0x57, 0xDC, 0xC8, 0x56, 0x86, 0xDE, 0xBB, 0x52, 0x20, 0x59, 0xAE, 0x18, 0x3C, 0x56,
    0xB7, 0xEC, 0x43, 0xDD, 0xC3, 0x17, 0x1C, 0xC2, 0x9E, 0x09, 0xB0, 0x3D, 0xBD, 0x43, 0x67, 0xA7,
    0x8E, 0x68, 0x37, 0xA9, 0xE8, 0x85, 0x2A, 0x35, 0xF0, 0x44, 0xCF, 0xF4, 0xD8, 0xE0, 0xC9, 0x27,
    0xAF, 0x66, 0x04, 0x9D, 0xE5, 0xDF, 0x53, 0x61, 0x83, 0xC3, 0x5E, 0xAC, 0xC8, 0xBB, 0xB1, 0x4D,
    0x46, 0xF1, 0x82, 0xDC, 0xB4, 0xD8, 0xF7, 0xEB, 0x0E, 0xEE, 0xE1, 0x71, 0x62, 0xBC, 0xBC, 0x4F,
    0x72, 0xF3, 0xA3, 0xEE, 0xDA, 0x42, 0xBE, 0x7C, 0xBD, 0x38, 0xDB, 0x6D, 0xD7, 0x22, 0xD1, 0x6D,
    0xD7, 0xAA, 0x70, 0xEC, 0x54, 0x2B, 0x15, 0x27, 0x72, 0x33, 0x37, 0x54, 0xC5, 0x1B, 0x91, 0x41,
    0xD8, 0x62, 0xCC, 0x88, 0x33, 0xB2, 0x6B, 0xAB, 0xB4, 0xEE, 0xDA, 0xAA, 0xFE, 0xE4, 0xA1, 0x26,
    0xA0, 0xD4, 0x5D, 0x0E, 0xF4, 0x69, 0xF4, 0x99, 0xF4, 0xC9, 0x68, 0x3E, 0x0A, 0x41, 0x5B, 0xD9,
    0x21, 0xF4, 0x8F, 0x6D, 0x8F, 0xDF, 0xAB, 0x68, 0x83, 0x62, 0x71, 0x71, 0x97, 0xA8, 0x6C, 0x01,
    0xBB, 0x98, 0x03, 0xC5, 0xBE, 0x97, 0x39, 0xC3, 0xE1, 0xDC, 0x2C, 0x18, 0x5E, 0xBD, 0xAF, 0x48,
    0x71, 0x76, 0x4E, 0x76, 0xED, 0x8F, 0x87, 0x9A, 0x24, 0xB8, 0xE7, 0x35, 0x70, 0x50, 0x5A, 0x0F,
    0x7B, 0x6C, 0xCD, 0x15, 0xDB, 0x31, 0x14, 0x53, 0x3F, 0x82, 0x2C, 0x54, 0xD7, 0x40, 0xF4, 0x64,
    0x55, 0xEF, 0x5B, 0x73, 0xD4, 0xA9, 0x7B, 0xF5, 0x31, 0x27, 0x3B, 0xDF, 0x2B, 0x15, 0xD2, 0x8E,
    0xD6, 0xC8, 0x8D, 0xBB, 0x7C, 0xA4, 0x4A, 0xE3, 0x3E, 0x25, 0xE9, 0x74, 0x59, 0x25, 0xD2, 0xE9,
    0x12, 0x9B, 0xC9, 0x9C, 0x2E, 0xB7, 0xF3, 0x8C, 0xD7, 0xE9, 0x8D, 0xD8, 0x5F, 0x67, 0x98, 0x9F,
    0x6D, 0xC9, 0xAE, 0xFB, 0xEB, 0x50, 0xA7, 0xA1, 0xED, 0xF3, 0x7C, 0xB2, 0x10, 0x9E, 0xC7, 0x7A,
    0xD5, 0xEA, 0xB3, 0xE5, 0x28, 0x61, 0x8E, 0x72, 0xE6, 0x28, 0x6D, 0xFA, 0xCC, 0xD7, 0xC9, 0xB7,
    0x6A, 0xC7, 0xA7, 0x79, 0x34, 0x2D, 0x75, 0xDF, 0x8F, 0x57, 0x13, 0x4C, 0x03, 0x89, 0x53, 0x8B,
    0x30, 0x2E, 0x73, 0xA6, 0xC9, 0x6B, 0xBB, 0x9A, 0xB9, 0x3C, 0x04, 0x86, 0x6F, 0x9D, 0x96, 0xC3,
    0x6B, 0x8A, 0x6A, 0x64, 0x83, 0xCB, 0xCE, 0xDE, 0xD5, 0xA4, 0xE1, 0x26, 0xCF, 0x93, 0x69, 0x7A,
    0xCE, 0xBE, 0x01, 0xA6, 0x3E, 0x82, 0x67, 0xD5, 0xAA, 0x2F, 0xB0, 0x33, 0xA9, 0xA0, 0x05, 0xF0,
    0x10, 0x95, 0x5E, 0x78, 0xFD, 0x3C, 0xF5, 0x5B, 0xED, 0xF9, 0x64, 0xFE, 0xF2, 0x51, 0x11, 0xFC,
    0xCB, 0xB3, 0x24, 0xB8, 0xE2, 0x7F, 0x93, 0x50, 0x67, 0x7F, 0xAD, 0xBC, 0x76, 0x81, 0xA7, 0xA8,
    0xD9, 0xC3, 0x36, 0x48, 0xC5, 0x2A, 0x36, 0x43, 0x9F, 0xB8, 0x9E, 0xE6, 0x8D, 0x15, 0x72, 0x01,
    0x1B, 0x04, 0x8A, 0xC9, 0xAE, 0x65, 0x08, 0x3D, 0x14, 0x6F, 0x41, 0x03, 0xB5, 0x25, 0x9A, 0x78,
    0x0B, 0xF1, 0x72, 0x0A, 0x36, 0x04, 0x01, 0xED, 0x25, 0x3A, 0x16, 0x09, 0x28, 0xD5, 0x1A, 0x48,
    0x2F, 0x34, 0x44, 0xCF, 0x12, 0xB0, 0x41, 0xA0, 0x98, 0x5C, 0xD7, 0x30, 0x24, 0xEE, 0x21, 0xFF,
    0x9E, 0xEB, 0x34, 0x70, 0xB3, 0xC0, 0x45, 0xED, 0x11, 0x2B, 0xA4, 0x02, 0x55, 0xD1, 0x90, 0x86,
    0x20, 0x6B, 0xC3, 0xDB, 0x1B, 0xD6, 0x74, 0x2B, 0x48, 0x1D, 0xD1, 0xF3, 0x1C, 0x36, 0x38, 0xA1,
    0x2A, 0x35, 0x29, 0x35, 0xE1, 0x29, 0xB1, 0xA1, 0x12, 0x16, 0xF1, 0x44, 0xCA, 0x51, 0x09, 0x45,
    0x99, 0x86, 0x43, 0x22, 0x21, 0xE9, 0x2F, 0x6F, 0x01, 0x96, 0xCE, 0x4E, 0x4F, 0x61, 0x16, 0x30,
    0xAB, 0x09, 0x49, 0xAD, 0xB4, 0x62, 0xD5, 0x69, 0x12, 0x97, 0x3B, 0x53, 0x17, 0xAE, 0xBB, 0x2F,
    0xCF, 0x0B, 0x8C, 0xA2, 0x29, 0x43, 0xE4, 0xBE, 0x70, 0x59, 0xEF, 0x4B, 0x9D, 0x86, 0x9B, 0x1F,
    0x78, 0x5F, 0xAA, 0xDE, 0x97, 0xD0, 0x5D, 0x3C, 0xBD, 0x57, 0x8D, 0xC9, 0xCF, 0xAB, 0x9F, 0x49,
    0xF4, 0x5A, 0xAF, 0x5A, 0x93, 0xE9, 0x6D, 0xBE, 0xD3, 0x33, 0xE2, 0x3B, 0x4D, 0xF1, 0xA2, 0x1B,
    0x4B, 0x5C, 0xB5, 0x2F, 0x2C, 0x64, 0xBE, 0xEA, 0xFB, 0xD8, 0xA3, 0x39, 0x1C, 0x4C, 0x3D, 0x9A,
    0x47, 0x1E, 0x7C, 0x97, 0x4B, 0xF4, 0x33, 0xBE, 0xCB, 0x47, 0xF9, 0x35, 0x27, 0x00, 0xCD, 0x4B,
    0xBD, 0xE6, 0xA6, 0xBE, 0xCF, 0xEF, 0xB8, 0x15, 0x52, 0x38, 0x35, 0x30, 0x4E, 0x6D, 0x63, 0x72,
    0xD6, 0xD9, 0x10, 0x9C, 0x5D, 0x8A, 0xF7, 0xC6, 0x19, 0x6F, 0x1D, 0xCC, 0x1C, 0xE6, 0x5E, 0x47,
    0x76, 0xBB, 0xE3, 0xC0, 0xB8, 0xF8, 0x50, 0xC6, 0x83, 0xCC, 0x5F, 0x19, 0xA7, 0x75, 0x53, 0xB3,
    0x7C, 0xF4, 0x4F, 0xEA, 0x76, 0x30, 0x21, 0x40, 0xB8, 0x83, 0xF8, 0xD0, 0x92, 0xE9, 0x63, 0x53,
    0x5B, 0x72, 0x6F, 0x49, 0xA4, 0x1F, 0x42, 0xD2, 0xE6, 0xAB, 0x10, 0xB2, 0x90, 0xAF, 0x60, 0xCB,
    0x6A, 0x16, 0x43, 0xC5, 0xC7, 0x0F, 0xAF, 0x54, 0x95, 0x1F, 0xC4, 0x38, 0x7B, 0x5F, 0x7A, 0xD1,
    0xB8, 0xC1, 0x58, 0x35, 0x47, 0x83, 0xF4, 0x7D, 0x82, 0xF6, 0x86, 0xCA, 0xB8, 0xDC, 0x84, 0x2A,
    0x75, 0xF6, 0xFD, 0x61, 0x39, 0x73, 0x49, 0x78, 0x9B, 0x64, 0xCD, 0x77, 0xF3, 0xE8, 0xEB, 0x1D,
    0x80, 0xE9, 0x31, 0x68, 0x5B, 0x75, 0x78, 0x08, 0xEC, 0x25, 0x8E, 0x47, 0x31, 0x4C, 0x84, 0xD9,
    0x09, 0xDA, 0xF7, 0xBB, 0x7D, 0xA9, 0x2C, 0xE9, 0x3C, 0x71, 0x23, 0xF2, 0x5A, 0xD1, 0xA2, 0x98,
    0x39, 0x2B, 0xE3, 0x3B, 0xC2, 0x2C, 0x5B, 0xA3, 0x30, 0x9B, 0x50, 0x6F, 0x7C, 0x93, 0xAE, 0x95,
    0x28, 0x9C, 0xC0, 0xD9, 0xCD, 0xC1, 0x9B, 0x70, 0x67, 0x68, 0x12, 0x37, 0x1F, 0xA2, 0x20, 0xAA,
    0x7E, 0x48, 0x7C, 0x6F, 0x33, 0x04, 0x51, 0x21, 0x0E, 0xA1, 0xA5, 0x68, 0x66, 0x2D, 0x5B, 0x44,
    0x63, 0x36, 0x63, 0x0D, 0xE4, 0xF5, 0x90, 0x28, 0x54, 0x12, 0xBD, 0x7C, 0x5B, 0x0B, 0xB7, 0x04,
    0x81, 0x28, 0x8C, 0x01, 0xBE, 0x02, 0x66, 0x15, 0x26, 0x78, 0x65, 0x53, 0x53, 0x42, 0xE5, 0x53,
    0x3A, 0x61, 0x5B, 0xED, 0x0A, 0x99, 0xDF, 0x82, 0x52, 0xA8, 0xBE, 0x5A, 0x99, 0x84, 0x68, 0x2F,
    0xBE, 0x7C, 0x93, 0x17, 0x9A, 0x5A, 0x58, 0x4A, 0xC2, 0x75, 0x9A, 0xD4, 0x3F, 0x04, 0x6F, 0x6F,
    0xF2, 0x03, 0x6C, 0x29, 0x90, 0xDE, 0x2C, 0x60, 0xDE, 0x53, 0x0F, 0x54, 0x56, 0xE1, 0x9D, 0x12,
    0xB8, 0x27, 0xAC, 0x28, 0xAA, 0x27, 0xAC, 0xB8, 0x1A, 0x2D, 0x7F, 0xBC, 0x1A, 0x40, 0xE6, 0x05,
    0x0A, 0xA7, 0xD0, 0x08, 0xA4, 0xB5, 0xC0, 0xAC, 0x9A, 0x49, 0x15, 0x25, 0x25, 0x75, 0x9A, 0x11,
    0xC6, 0xF5, 0x4E, 0x72, 0x53, 0x27, 0xE9, 0x9D, 0x2E, 0x9F, 0xE0, 0x98, 0xB9, 0x9D, 0x10, 0x9C,
    0x24, 0xB9, 0x9A, 0x5D, 0x76, 0x9A, 0xA7, 0xBD, 0xC5, 0x6D, 0x61, 0x9A, 0xDC, 0xB8, 0x4D, 0xE2,
    0x66, 0x60, 0x1C, 0x44, 0x1E, 0x75, 0x2C, 0xD6, 0x4E, 0xC2, 0xEA, 0xB2, 0x5A, 0x9D, 0x4C, 0xED,
    0x1C, 0x15, 0x10, 0x6E, 0x09, 0x4D, 0x57, 0xDB, 0x54, 0x2B, 0x9A, 0x56, 0x73, 0x01, 0xED, 0x99,
    0x77, 0xF8, 0xBE, 0xB6, 0x51, 0x77, 0x04, 0xDE, 0xAB, 0x05, 0x46, 0xE0, 0x0B, 0xCC, 0xDD, 0x63,
    0x64, 0xE2, 0x50, 0xA0, 0x54, 0x70, 0x2D, 0x98, 0xFB, 0xD7, 0x36, 0x74, 0xB5, 0x55, 0x22, 0x65,
    0x54, 0xAF, 0x7C, 0x4A, 0xA7, 0x6C, 0x4A, 0xB6, 0x2B, 0x5C, 0xCD, 0x17, 0x98, 0xE5, 0x39, 0x09,
    0x8A, 0x62, 0xB9, 0xD7, 0xFD, 0x25, 0x9A, 0xD0, 0x40, 0x28, 0x8F, 0x36, 0x71, 0x3B, 0xB7, 0x95,
    0x1D, 0x8B, 0x65, 0x62, 0xC9, 0x1D, 0x95, 0x7E, 0xF1, 0x4E, 0xFE, 0x39, 0x94, 0x26, 0xAC, 0x48,
    0x56, 0x6F, 0xC6, 0x56, 0xC7, 0xDB, 0x89, 0xD0, 0x24, 0x95, 0x09, 0x22, 0xBC, 0x73, 0x1F, 0xE1,
    0x7E, 0x4D, 0x59, 0x30, 0xB5, 0x12, 0xA9, 0xCB, 0xEC, 0xE4, 0x8C, 0xA9, 0x85, 0x4E, 0x8A, 0x5D,
    0x0B, 0xE3, 0xC5, 0xD9, 0xF5, 0xB5, 0x92, 0xDA, 0x5B, 0x6A, 0xE5, 0xCD, 0xAE, 0xAF, 0x85, 0xDA,
    0x68, 0x4C, 0xA6, 0xCF, 0xC5, 0x75, 0xF5, 0x52, 0xC7, 0x6A, 0x5A, 0xAB, 0x4C, 0x11, 0x6A, 0x55,
    0xDA, 0xF8, 0xD6, 0x5A, 0xC5, 0x84, 0xF3, 0xE3, 0xE6, 0xFB, 0x1F, 0x9A, 0x6F, 0x20, 0xD5, 0xC7,
    0xBC, 0x4A, 0x6A, 0xDD, 0x61, 0x3B, 0x73, 0xA9, 0x53, 0x16, 0x66, 0x8B, 0x8F, 0x78, 0xD9, 0x52,
    0x1E, 0xF0, 0x28, 0x97, 0x7A, 0xCD, 0x79, 0x57, 0xBC, 0x26, 0x1D, 0x4A, 0x8F, 0x66, 0x3D, 0x75,
    0x9E, 0x8E, 0x5B, 0x7C, 0xC7, 0x2F, 0x5E, 0x34, 0x6E, 0xD3, 0xB8, 0xE8, 0xFC, 0xC3, 0x02, 0x8F,
    0xEA, 0xCC, 0xE3, 0xB5, 0xD7, 0x8D, 0x4C, 0x35, 0xF3, 0xE0, 0x51, 0xDD, 0x93, 0x2F, 0x5B, 0xA1,
    0x6F, 0x60, 0x1C, 0xCF, 0x3C, 0xEB, 0x12, 0xDD, 0x9C, 0x2E, 0x4E, 0xAA, 0x0C, 0xC8, 0x36, 0xE4,
    0xC4, 0x09, 0xA1, 0x4E, 0x57, 0x33, 0x6F, 0xDB, 0x97, 0xFB, 0xEC, 0xEA, 0x97, 0xFB, 0x81, 0xDA,
    0x35, 0xBF, 0xEF, 0xB3, 0xCC, 0x7B, 0x9B, 0x36, 0x3E, 0x75, 0x78, 0xE3, 0xF1, 0xB4, 0xBC, 0x9A,
    0xAB, 0xD1, 0x76, 0x7F, 0xCE, 0xEF, 0x79, 0x20, 0xE7, 0xEB, 0x95, 0xD3, 0x25, 0xCB, 0xB3, 0x8D,
    0xAD, 0x22, 0x9F, 0x81, 0x1F, 0x44, 0xDF, 0xEE, 0x07, 0x36, 0xF8, 0x3C, 0xBD, 0xDB, 0x5B, 0xD3,
    0x78, 0xEB, 0xAA, 0x8E, 0x33, 0x6A, 0xF1, 0x8C, 0x80, 0x53, 0x70, 0xA2, 0x4A, 0x25, 0x0C, 0x23,
    0x0F, 0xCF, 0xDC, 0x17, 0x4C, 0x42, 0x2B, 0x68, 0x27, 0x6F, 0x16, 0xCC, 0xE0, 0x18, 0xED, 0xAF,
    0x94, 0x5D, 0x74, 0xAE, 0xFD, 0x65, 0xAB, 0xE3, 0xE5, 0x40, 0x30, 0xE7, 0x79, 0x13, 0xCF, 0x20,
    0x0A, 0x41, 0x90, 0x20, 0x7D, 0xCB, 0x4C, 0xC6, 0x53, 0xA7, 0x51, 0x51, 0x15, 0xA4, 0x55, 0x54,
    0xE5, 0xB5, 0x76, 0xAF, 0xDE, 0x23, 0x0C, 0xE3, 0x46, 0xD5, 0x05, 0x45, 0x5D, 0x50, 0xD4, 0x05,
    0x33, 0x50, 0xDC, 0x28, 0x75, 0x24, 0x2C, 0x34, 0xBA, 0x3C, 0xD0, 0x7E, 0x65, 0xBB, 0xA8, 0xE2,
    0x80, 0x1D, 0x45, 0xA3, 0xAB, 0xF2, 0xD8, 0x6B, 0x94, 0xD5, 0x54, 0x70, 0xFD, 0x22, 0xE1, 0xA3,
    0x5F, 0x6C, 0x54, 0x5D, 0xF9, 0x47, 0x44, 0xBB, 0x27, 0xD4, 0xCB, 0x0E, 0xBA, 0x8A, 0x6A, 0x49,
    0x49, 0x43, 0x70, 0x68, 0x51, 0x55, 0x17, 0xAC, 0x94, 0x15, 0xAB, 0x63, 0x5A, 0x58, 0x6C, 0x89,
    0x27, 0x8B, 0xAE, 0xF5, 0x0C, 0xD2, 0x20, 0x60, 0x0F, 0x3C, 0xB9, 0x1D, 0x7A, 0xAC, 0x3D, 0x25,
    0x70, 0x8B, 0x3E, 0x40, 0x7F, 0x5F, 0x7B, 0xE2, 0x39, 0xC0, 0xEF, 0x2B, 0x6C, 0xF6, 0x42, 0xD5,
    0x09, 0x21, 0x79, 0x1E, 0x48, 0xEE, 0x27, 0xD4, 0xAB, 0xFD, 0xEA, 0x1B, 0xE8, 0x03, 0xCB, 0xB3,
    0x5A, 0xD9, 0x47, 0x0A, 0x7D, 0xDC, 0x8A, 0x50, 0xF2, 0x5E, 0x95, 0x2C, 0x65, 0x4C, 0xC1, 0x7E,
    0xD3, 0xFB, 0x3D, 0xE9, 0x85, 0xA0, 0x85, 0x95, 0x29, 0xCC, 0x79, 0x75, 0x27, 0xF4, 0x51, 0x5F,
    0xD1, 0xBA, 0xAA, 0x7E, 0xCF, 0x3E, 0x83, 0x75, 0x5D, 0xC9, 0xC4, 0xDB, 0x8B, 0x6F, 0x66, 0x6B,
    0x5D, 0xDB, 0xA8, 0x5D, 0x7B, 0x3B, 0xD7, 0xF1, 0x5F, 0x28, 0x53, 0xD7, 0xCD, 0x5B, 0x24, 0xEA,
    0xD3, 0xE5, 0xCA, 0x34, 0xA9, 0xD6, 0x3A, 0x9F, 0xAC, 0x66, 0x3A, 0x4F, 0x69, 0x3B, 0x3F, 0x99,
    0xFC, 0xAC, 0x8C, 0xB3, 0x03, 0xBA, 0xAE, 0xCC, 0xD5, 0xF7, 0xC7, 0x0B, 0x18, 0xBF, 0xF6, 0x1C,
    0xF6, 0x7E, 0x00, 0xC7, 0x77, 0xFD, 0xE4, 0xDB, 0x8D, 0x87, 0xC8, 0xB3, 0x86, 0x27, 0xC7, 0x5E,
    0x84, 0xF3, 0x05, 0xD9, 0xFB, 0x57, 0x07, 0x14, 0xD1, 0xDC, 0x32, 0x8A, 0xBC, 0x2D, 0xE5, 0x02,
    0x6C, 0x39, 0x52, 0xC8, 0x21, 0xC3, 0x56, 0x14, 0x2A, 0xD0, 0x12, 0x1D, 0x9A, 0xB9, 0x3E, 0x35,
    0xF5, 0xA7, 0x42, 0x5A, 0x28, 0x69, 0x10, 0xD2, 0x77, 0x5C, 0x12, 0xD2, 0xF7, 0xDC, 0x21, 0xA4,
    0x91, 0x3D, 0x26, 0xDD, 0xFF, 0x7C, 0x90, 0xF6, 0x4D, 0xD9, 0xE2, 0xF9, 0x51, 0x8F, 0xD9, 0x4D,
    0x2A, 0x63, 0x54, 0xAD, 0x3F, 0xAC, 0x06, 0xF4, 0xCE, 0x38, 0xAF, 0x4E, 0x0E, 0xAB, 0x8D, 0x72,
    0x07, 0x66, 0x2E, 0x5C, 0xD6, 0xC3, 0x2A, 0x2C, 0x67, 0xEF, 0xF7, 0x45, 0x33, 0xAB, 0xF3, 0xC8,
    0xEB, 0x69, 0xB4, 0x85, 0xDF, 0x14, 0x37, 0x52, 0x3E, 0x53, 0x9F, 0x62, 0x9D, 0xB2, 0x69, 0x80,
    0x7D, 0x52, 0x07, 0x14, 0x55, 0x51, 0x02, 0xA9, 0xCC, 0xD1, 0x56, 0x9E, 0x42, 0x35, 0x5D, 0x07,
    0xEC, 0xC9, 0x27, 0x5A, 0x08, 0xE4, 0x2B, 0x85, 0xA9, 0xDB, 0x43, 0x16, 0x0B, 0x44, 0x5E, 0x00,
    0x85, 0x58, 0x60, 0x2B, 0xA9, 0xF7, 0xD8, 0x09, 0x95, 0x4C, 0xB9, 0x0F, 0x19, 0x5B, 0x28, 0x8C,
    0x14, 0x72, 0x85, 0x87, 0x02, 0xDD, 0xDE, 0xDD, 0x76, 0x74, 0x4A, 0x26, 0x54, 0x42, 0xA4, 0xB9,
    0xE0, 0x85, 0x42, 0x08, 0x64, 0xB9, 0x2C, 0x66, 0xA1, 0x0B, 0xC9, 0x4B, 0x2C, 0x9F, 0xEA, 0xAA,
    0x61, 0x5E, 0x6E, 0x5B, 0x86, 0x10, 0x4E, 0x34, 0x6C, 0x89, 0xA9, 0xB1, 0x93, 0x52, 0x31, 0x2C,
    0x4C, 0xFD, 0x58, 0x3B, 0x39, 0x6F, 0xEA, 0xA2, 0x60, 0x20, 0xD8, 0x2A, 0xE6, 0x9E, 0x6D, 0x3D,
    0x88, 0x92, 0x56, 0x7F, 0x37, 0xD1, 0x63, 0x28, 0xF6, 0xC6, 0x27, 0x35, 0x2D, 0xAB, 0x59, 0x4D,
    0x41, 0x11, 0x6A, 0xAC, 0xDB, 0xF8, 0xB9, 0x1A, 0xE3, 0x94, 0x4D, 0xDB, 0x89, 0x32, 0x75, 0x23,
    0xE6, 0x9F, 0x4B, 0x48, 0xC2, 0x21, 0x14, 0xFA, 0xA3, 0x66, 0x51, 0xA7, 0x8E, 0xBC, 0x8E, 0x75,
    0xC3, 0x89, 0x3C, 0x71, 0xF9, 0x68, 0x0F, 0x69, 0x10, 0xD0, 0x17, 0x4A, 0xF6, 0xA3, 0x12, 0x7C,
    0xBE, 0x10, 0xD8, 0x3E, 0x2F, 0xF0, 0xFB, 0x57, 0xC2, 0xDE, 0x7C, 0x00, 0x5B, 0x07, 0x6D, 0x3F,
    0x8F, 0xEF, 0xE6, 0xF8, 0x77, 0x1B, 0x55, 0x38, 0x36, 0x11, 0xEA, 0xDE, 0x77, 0x97, 0x41, 0x54,
    0xF2, 0xB2, 0xA8, 0x67, 0x95, 0xBD, 0xFD, 0xB2, 0x8B, 0x6F, 0xF8, 0x57, 0x47, 0x91, 0x56, 0x3C,
    0xD1, 0x96, 0x90, 0x43, 0xBF, 0x9F, 0x87, 0xE3, 0x44, 0x43, 0xA5, 0xEB, 0xBD, 0x32, 0x08, 0x6A,
    0xAE, 0x5E, 0x93, 0x2D, 0xBD, 0x66, 0x5B, 0x79, 0x72, 0xC9, 0xD9, 0x63, 0x5D, 0x26, 0xFD, 0x28,
    0x0A, 0x78, 0x60, 0xD1, 0x61, 0x1B, 0x29, 0x16, 0x53, 0x45, 0x1B, 0x14, 0xA3, 0x9F, 0x57, 0x54,
    0xB6, 0x70, 0xDC, 0x8C, 0x03, 0xCC, 0xBB, 0x80, 0x2C, 0x34, 0x50, 0xBC, 0xBF, 0x15, 0x70, 0xC5,
    0xCF, 0x93, 0xB9, 0x22, 0x54, 0x89, 0x0B, 0xD3, 0x06, 0xF4, 0x15, 0x80, 0xA2, 0x9C, 0x43, 0xC6,
    0x1E, 0xC0, 0xF1, 0xE3, 0x1E, 0x2B, 0x50, 0x0B, 0x51, 0xF3, 0xD1, 0x7F, 0x3A, 0x79, 0x3D, 0x59,
    0x09, 0x03, 0x60, 0xC4, 0x58, 0x7C, 0x20, 0x2B, 0x83, 0x6E, 0x48, 0x1A, 0x97, 0x79, 0x43, 0xD6,
    0xD1, 0x9D, 0x4A, 0x06, 0x7C, 0x7C, 0x53, 0x3D, 0x37, 0x0D, 0xBF, 0x1F, 0x1D, 0x32, 0xA7, 0x08,
    0x7A, 0xC1, 0x55, 0xC7, 0xFB, 0xD1, 0x7E, 0x41, 0xE9, 0x08, 0x54, 0x41, 0x25, 0x3A, 0x16, 0x15,
    0xD9, 0xD4, 0xDE, 0x8A, 0x4E, 0x46, 0x75, 0xFA, 0x79, 0x6B, 0x25, 0xB6, 0x50, 0xAD, 0x12, 0x12,
    0xE5, 0xB3, 0x7A, 0xB5, 0x19, 0xDB, 0x0A, 0x19, 0xD8, 0x90, 0x3A, 0xE2, 0x75, 0x49, 0x22, 0x3E,
    0xB9, 0x6B, 0xDA, 0x54, 0xB5, 0x8F, 0x72, 0x4D, 0x2A, 0x34, 0x83, 0x68, 0xD1, 0x3F, 0x00, 0x4E,
    0xAC, 0xF9, 0x02, 0xA2, 0x30, 0x17, 0x7D, 0xE5, 0x3D, 0x14, 0x13, 0xB2, 0x92, 0xB5, 0xFD, 0xBC,
    0xCA, 0x57, 0x45, 0x71, 0xA9, 0x2E, 0x0E, 0x4D, 0x93, 0xCF, 0x63, 0x6F, 0x2B, 0xD3, 0xA4, 0x2E,
    0xA9, 0xA5, 0xE7, 0x68, 0x63, 0x28, 0x1E, 0xF0, 0x73, 0xD5, 0x71, 0xEB, 0x18, 0x7A, 0xB8, 0xF6,
    0x8C, 0xC0, 0x0D, 0x2B, 0x8A, 0x22, 0x4C, 0xAB, 0x62, 0xD5, 0x9A, 0xBA, 0x98, 0x0F, 0x23, 0x21,
    0x2B, 0x5E, 0xED, 0x53, 0x67, 0xDB, 0x3D, 0xE3, 0xA3, 0xD7, 0x0F, 0x69, 0x41, 0x09, 0xD7, 0x8C,
    0xC7, 0x94, 0xF0, 0xE9, 0x24, 0x66, 0x0B, 0xC8, 0x6E, 0x70, 0xD8, 0xCF, 0x56, 0x62, 0x4A, 0xD8,
    0x31, 0x1E, 0x53, 0x2A, 0x6B, 0xF7, 0xA6, 0xF3, 0xE1, 0xE0, 0x3F, 0xE2, 0xDB, 0xF8, 0xFF, 0xBF,
    0xE9, 0xBC, 0x73, 0x48, 0xFE, 0x9E, 0xD0, 0xB2, 0x4D, 0xDE, 0xF2, 0x05, 0x20, 0x81, 0x8F, 0x03,
    0xE7, 0x01, 0xA3, 0x7A, 0x9D, 0x48, 0xA2, 0xA0, 0xAF, 0x09, 0xC2, 0xE3, 0x81, 0x59, 0x7D, 0xBF,
    0xDF, 0x03, 0x9F, 0xB9, 0x4F, 0x2A, 0xCC, 0x7A, 0xE2, 0x66, 0x80, 0x55, 0xFB, 0xC5, 0x12, 0x13,
    0x16, 0xA4, 0xCB, 0x03, 0x6C, 0x69, 0xC9, 0x50, 0xCB, 0x05, 0x6F, 0xC4, 0xBA, 0x2F, 0xC1, 0xF8,
    0x33, 0x20, 0x6B, 0x28, 0x66, 0x3C, 0x04, 0xCB, 0x96, 0xC6, 0x2B, 0x4B, 0xB2, 0x9C, 0xC1, 0xAC,
    0x85, 0x8D, 0x92, 0xCF, 0x44, 0x23, 0x55, 0x8D, 0x39, 0x10, 0x2A, 0x62, 0x99, 0x93, 0xD4, 0x07,
    0xA4, 0x95, 0x2D, 0xD3, 0x2A, 0x71, 0xE6, 0xE2, 0xCD, 0x4D, 0x14, 0x9C, 0xE7, 0x71, 0x94, 0xBD,
    0x86, 0x57, 0x0D, 0xFD, 0x06, 0x91, 0x3C, 0x50, 0xE3, 0x57, 0xD6, 0x1A, 0x56, 0x34, 0x32, 0xD1,
    0xC8, 0xC9, 0x19, 0x44, 0x2B, 0x32, 0xDD, 0x7D, 0xAF, 0x77, 0x24, 0x17, 0x96, 0xBB, 0xB1, 0x0F,
    0x9E, 0xF3, 0x1B, 0x67, 0x8E, 0xBF, 0xC3, 0x9E, 0xE4, 0xD4, 0xBC, 0x3F, 0x29, 0xCE, 0x20, 0x9C,
    0xCD, 0x11, 0xE7, 0xAB, 0xD7, 0x9C, 0xCB, 0x92, 0xAB, 0x3D, 0x70, 0xB0, 0x07, 0x45, 0x0B, 0xD1,
    0x99, 0x4F, 0x54, 0x93, 0xF4, 0xA2, 0x72, 0xB7, 0xC2, 0x3D, 0x3B, 0xAE, 0x89, 0x65, 0x1B, 0x5B,
    0x0D, 0x31, 0xCD, 0x19, 0x46, 0x12, 0xDB, 0x2F, 0x66, 0x8C, 0xB1, 0x44, 0x12, 0x37, 0x4D, 0x46,
    0x14, 0x56, 0x90, 0xCF, 0xF9, 0x84, 0xDC, 0x93, 0x13, 0xDC, 0x9C, 0xE0, 0x76, 0x43, 0x1E, 0xB1,
    0x3C, 0x43, 0x1B, 0x0E, 0x69, 0x57, 0xB3, 0xF2, 0x4B, 0xBD, 0x7E, 0xC1, 0x8A, 0x7D, 0xE4, 0x37,
    0x17, 0x04, 0x3F, 0x26, 0x6F, 0xBE, 0xE4, 0x93, 0xBB, 0x97, 0x2D, 0x69, 0x97, 0xF7, 0xAC, 0xCC,
    0xD2, 0x50, 0x65, 0xF6, 0x8E, 0xD2, 0x9E, 0xCE, 0x48, 0xDD, 0x95, 0x9F, 0xC5, 0xE7, 0xE5, 0xA3,
    0x68, 0x7C, 0x83, 0x68, 0xD4, 0x57, 0x12, 0xAF, 0x4A, 0x08, 0x0B, 0xCC, 0x72, 0x85, 0x71, 0x59,
    0xA9, 0x2F, 0xD2, 0x66, 0x79, 0xCB, 0xFA, 0x59, 0x79, 0x7C, 0x79, 0x0E, 0x20, 0x6D, 0xF3, 0x76,
    0x8B, 0x21, 0x43, 0x06, 0x58, 0xBA, 0xD3, 0x6C, 0xCE, 0x89, 0xF6, 0xD5, 0x7A, 0x1E, 0xEE, 0x8B,
    0xB2, 0x2C, 0x60, 0x44, 0x14, 0xCA, 0xF4, 0xFD, 0x4D, 0x7E, 0xDD, 0x62, 0xC4, 0xF8, 0x14, 0x9B,
    0xE3, 0xFD, 0x71, 0xE6, 0x77, 0xFC, 0x02, 0xDF, 0xDC, 0xE9, 0xF7, 0x9A, 0x21, 0x99, 0x67, 0xC7,
    0xB3, 0xD8, 0xE4, 0xCE, 0x97, 0x71, 0xD7, 0xAF, 0xF1, 0xD6, 0x43, 0x4D, 0x7D, 0xA7, 0xDE, 0x2B,
    0xE6, 0x2D, 0xE3, 0x3D, 0xD1, 0xC0, 0x82, 0x85, 0xB4, 0xDA, 0xA9, 0x2D, 0xC5, 0x3D, 0xFF, 0xF3,
    0xFB, 0xDC, 0xB8, 0xF4, 0x0C, 0x66, 0x0D, 0xF6, 0xB4, 0x46, 0x34, 0xC4, 0xCE, 0xDF, 0x07, 0x8A,
    0xCB, 0xA1, 0x3B, 0x28, 0xC8, 0xE9, 0xC6, 0x3F, 0x7A, 0xEC, 0x0A, 0xB0, 0xB9, 0x98, 0xF8, 0xFB,
    0xC5, 0x6E, 0x82, 0xFC, 0xCB, 0x9F, 0x8F, 0xFD, 0x9A, 0x73, 0xD8, 0xAC, 0xD6, 0x58, 0x51, 0xFB,
    0xE2, 0xEE, 0x05, 0x63, 0xFF, 0xDD, 0x4F, 0x62, 0x76, 0x89, 0xAB, 0x02, 0xD8, 0xAA, 0x90, 0x2A,
    0x15, 0xF7, 0xFE, 0xAD, 0x3F, 0xBD, 0xBD, 0xF4, 0x3B, 0x1F, 0x0C, 0xF5, 0x1F, 0x87, 0xC7, 0xAD,
    0x05, 0x75, 0x81, 0x92, 0xDD, 0xAB, 0x64, 0x25, 0xDF, 0x9E, 0xA1, 0x8B, 0xB8, 0x6A, 0x06, 0x58,
    0x25, 0x0B, 0x1A, 0xDA, 0xA9, 0xBE, 0x3B, 0x3B, 0x35, 0xBB, 0x94, 0x5F, 0x15, 0x72, 0xEC, 0xAD,
    0x32, 0x88, 0x8E, 0xAA, 0xFA, 0x77, 0x67, 0x5F, 0xFE, 0xFC, 0xD9, 0xA5, 0xAF, 0x79, 0xFE, 0x55,
    0xE1, 0xCA, 0x5A, 0x17, 0xE0, 0xD3, 0x92, 0x43, 0xEB, 0x9E, 0x5F, 0xFC, 0x67, 0x75, 0xF0, 0x8B,
    0x9E, 0x62, 0x75, 0x8E, 0x8D, 0xE9, 0x39, 0x30, 0x1E, 0x3C, 0x02, 0x87, 0x57, 0xFC, 0x5E, 0xF5,
    0xFC, 0xE2, 0x7F, 0xA7, 0xE5, 0xC1, 0x2F, 0xDE, 0xBB, 0xD2, 0xF8, 0x19, 0x9D, 0x70, 0x74, 0xEA,
    0x9E, 0xB3, 0x9E, 0xF3, 0x85, 0xFF, 0x8A, 0xBC, 0x65, 0x6B, 0x32, 0x27, 0x0B, 0x73, 0xA2, 0xB3,
    0x0B, 0x60, 0x5F, 0x63, 0x73, 0x89, 0xCD, 0xBB, 0xD8, 0x77, 0xCC, 0x77, 0xB3, 0x70, 0xB7, 0xDF,
    0x98, 0x2E, 0x5E, 0x7D, 0x1C, 0xD3, 0x20, 0x12, 0xDD, 0x94, 0xA5, 0xF7, 0xBC, 0xB2, 0xCC, 0xC2,
    0x3D, 0xFF, 0xAA, 0x8B, 0x57, 0xEB, 0xD5, 0xBC, 0x98, 0xE1, 0xC2, 0x0F, 0xFF, 0xC0, 0xE7, 0x67,
    0xEB, 0x34, 0x54, 0x3C, 0x99, 0x53, 0x3C, 0xCF, 0x0F, 0x09, 0xBE, 0xFB, 0x17, 0x83, 0xB3, 0x9E,
    0x34, 0x78, 0x78, 0xF2, 0x1E, 0x30, 0x7C, 0x60, 0xAC, 0x49, 0xC3, 0x9D, 0x5E, 0x62, 0xCD, 0x51,
    0x0C, 0x0D, 0x22, 0xD1, 0x4D, 0x09, 0xCB, 0x33, 0x90, 0x06, 0x79, 0x0A, 0x78, 0xB2, 0x3C, 0x07,
    0x3A, 0x03, 0x64, 0x92, 0x4F, 0xC7, 0xBB, 0x73, 0x7B, 0x6B, 0xB3, 0x3D, 0x7B, 0x7F, 0x9D, 0x1F,
    0xEA, 0x1B, 0xF8, 0x63, 0x01, 0xE6, 0x5C, 0xB3, 0xFD, 0xFA, 0x22, 0x0F, 0xD7, 0x9C, 0x9E, 0x56,
    0xFD, 0xB7, 0xB8, 0xA8, 0x39, 0x87, 0xA9, 0xF6, 0xF8, 0xBD, 0xDF, 0xDE, 0x7A, 0xFD, 0xF6, 0x7E,
    0x1E, 0x8A, 0x79, 0x3C, 0xFD, 0xD3, 0x52, 0x83, 0xC4, 0x0D, 0xE7, 0x98, 0x55, 0x7B, 0x71, 0x70,
    0x5B, 0xBF, 0xE4, 0xC8, 0x83, 0x23, 0x9E, 0x3A, 0x74, 0xD5, 0x89, 0x58, 0xB5, 0xF5, 0xBD, 0xB5,
    0xC4, 0xFE, 0xBC, 0x8C, 0xA6, 0x77, 0x08, 0xE9, 0x7F, 0x96, 0x0F, 0x88, 0x95, 0x79, 0xF8, 0x8F,
    0x7F, 0x8B, 0xA6, 0x7F, 0xFB, 0x72, 0x89, 0x79, 0x8D, 0xE1, 0xC7, 0x8B, 0xB1, 0x1F, 0xA3, 0x1F,
    0xE0, 0x0A, 0xCC, 0xDF, 0x7A, 0x79, 0x34, 0xC6, 0xA1, 0x1E, 0x3F, 0x4E, 0x87, 0x74, 0x34, 0xF7,
    0xBA, 0x07, 0xCC, 0x19, 0x7B, 0xFD, 0x4F, 0x3B, 0x63, 0xC8, 0x1B, 0x42, 0xA3, 0xFD, 0x0F, 0xD7,
    0xE3, 0xBB, 0xBC, 0xE0, 0x89, 0xC1, 0xCD, 0xF1, 0x9D, 0x7F, 0x38, 0xBE, 0xEB, 0x07, 0xC6, 0x77,
    0xB6, 0x32, 0x28, 0xC2, 0xD8, 0x30, 0x27, 0x2B, 0xCF, 0x33, 0x20, 0x13, 0x4B, 0xDD, 0x00, 0x53,
    0x5B, 0x62, 0x1F, 0x5A, 0x50, 0xB3, 0xE5, 0xA7, 0x67, 0x71, 0x68, 0x10, 0xF2, 0x15, 0x64, 0x55,
    0xEE, 0x10, 0x5A, 0xCF, 0x16, 0xEC, 0x4B, 0x8F, 0x11, 0x16, 0x6C, 0x47, 0xAF, 0xA0, 0x0B, 0x3E,
    0x0B, 0xA0, 0xBF, 0xED, 0xA9, 0x64, 0x28, 0x45, 0xF2, 0x09, 0x5E, 0x85, 0x5A, 0x95, 0x2C, 0xB4,
    0x67, 0x2B, 0x0B, 0xA6, 0xFE, 0xEC, 0x4B, 0x2E, 0x20, 0x0D, 0xA1, 0x12, 0xC9, 0x74, 0x4E, 0x0E,
    0xE7, 0x55, 0x32, 0x2B, 0x45, 0x32, 0x71, 0x19, 0xC4, 0xFE, 0x73, 0x25, 0xE9, 0x44, 0x32, 0x59,
    0xA8, 0xE4, 0xB6, 0x4A, 0xDA, 0x6A, 0x40, 0x77, 0xE0, 0xC0, 0xE7, 0x40, 0xF2, 0xBE, 0x4E, 0xB2,
    0x11, 0xC9, 0x8D, 0x43, 0x95, 0xCC, 0x9D, 0x48, 0x1A, 0x2F, 0x92, 0xB4, 0x2A, 0xB9, 0xF5, 0x59,
    0x97, 0x9C, 0x89, 0xE4, 0x5A, 0x53, 0x45, 0x57, 0xA8, 0x6A, 0xE6, 0xE8, 0x64, 0x51, 0xDD, 0x7D,
    0x54, 0x38, 0x5F, 0x8B, 0xF6, 0x68, 0xCB, 0xCF, 0x3E, 0x32, 0x5B, 0x95, 0x5D, 0x26, 0x0B, 0xC8,
    0xEA, 0x68, 0x56, 0x91, 0x43, 0xEA, 0x35, 0x13, 0xCE, 0xF3, 0x7F, 0xD5, 0xD8, 0xC5, 0xDE, 0xF3,
    0x44, 0x14, 0xC7, 0xF1, 0xD3, 0x86, 0xCF, 0x9B, 0x45, 0x16, 0xB8, 0xCB, 0xDC, 0xC0, 0x43, 0xB2,
    0xC4, 0x2A, 0xC1, 0xF6, 0x5C, 0x04, 0x4B, 0xDC, 0x77, 0x1D, 0xDC, 0x65, 0x8F, 0x5E, 0x01, 0xEE,
    0x96, 0xC1, 0x1D, 0xC2, 0x06, 0x97, 0xC1, 0x1D, 0xF2, 0xB8, 0xA5, 0x0C, 0xFD, 0x9F, 0x33, 0x69,
    0x91, 0x2D, 0x9D, 0xF4, 0x71, 0xEF, 0xFC, 0x6A, 0x39, 0xDF, 0x09, 0x4A, 0x54, 0xAE, 0x98, 0x71,
    0xAD, 0x94, 0xC4, 0x6B, 0x5C, 0xF2, 0x3C, 0x97, 0xEC, 0xAF, 0x51, 0x12, 0xD9, 0xF9, 0x97, 0x38,
    0x4D, 0x14, 0x3B, 0x3C, 0xBD, 0xF7, 0x2F, 0xA9, 0x28, 0x51, 0xD2, 0xAD, 0xB9, 0x64, 0x98, 0xA3,
    0x24, 0x2E, 0x51, 0x42, 0x6B, 0x01, 0x4A, 0xEE, 0x23, 0x4E, 0x41, 0x91, 0x2A, 0xE1, 0x6F, 0xC4,
    0x60, 0x22, 0xA3, 0x26, 0xAE, 0x28, 0x15, 0x72, 0xEF, 0x8F, 0x4F, 0x2A, 0x47, 0x8A, 0x14, 0xC9,
    0x85, 0xCC, 0xF9, 0x13, 0x02, 0x7F, 0xF2, 0x81, 0x6B, 0x7C, 0x63, 0xED, 0x73, 0x5A, 0xA6, 0xFA,
    0x56, 0xB3, 0x27, 0xE4, 0xC0, 0xC4, 0x72, 0x20, 0x6D, 0x05, 0x0F, 0x3C, 0x1F, 0xCF, 0x6E, 0x29,
    0x1C, 0xE3, 0xC7, 0x96, 0xF6, 0x15, 0x96, 0xB8, 0xB1, 0xEB, 0x48, 0x22, 0x95, 0x25, 0xAE, 0xEC,
    0xD4, 0xA4, 0x08, 0x2F, 0x99, 0xDC, 0x90, 0x12, 0xEA, 0x2F, 0x2E, 0xE8, 0x67, 0x74, 0xFF, 0x79,
    0x87, 0xEF, 0x76, 0x77, 0x70, 0x77, 0xE7, 0x7C, 0x97, 0xA3, 0x1B, 0xE0, 0x96, 0x6E, 0x2A, 0xE4,
    0xD6, 0xA5, 0xA4, 0x92, 0x6E, 0x7A, 0xB6, 0xF5, 0xEE, 0xCC, 0xF1, 0x23, 0x82, 0x22, 0xD7, 0xDC,
    0xE2, 0xDF, 0x12, 0x1D, 0xE6, 0xB6, 0x48, 0xD2, 0x3B, 0xAE, 0xF4, 0xED, 0xF1, 0x98, 0x52, 0xFF,
    0x2F, 0xC6, 0xD7, 0x77, 0xF1, 0x84, 0x9A, 0xF5, 0xFB, 0x0B, 0x6E, 0xF3, 0x0B, 0x6F, 0x88, 0xFE,
    0xC4, 0x10, 0x83, 0x94, 0x54, 0x7F, 0x1E, 0x86, 0xE8, 0x96, 0x4A, 0x67, 0x2F, 0x55, 0x29, 0x45,
    0x2B, 0x65, 0x28, 0x43, 0x3C, 0x0A, 0x43, 0xD4, 0x30, 0xC4, 0xA3, 0xA1, 0x0C, 0xD1, 0x83, 0x21,
    0x06, 0x30, 0x44, 0x2F, 0x94, 0x21, 0x52, 0x18, 0x62, 0x08, 0x43, 0xA4, 0x01, 0x0C, 0x21, 0x03,
    0x3D, 0xD6, 0x50, 0xC4, 0xFE, 0x06, 0x8C, 0x78, 0x4D, 0xCF, 0x06, 0x7A, 0x4D, 0x2C, 0x89, 0xB9,
    0x0F, 0xF4, 0x19, 0x2D, 0x22, 0x03, 0x5A, 0x24, 0x28, 0x51, 0x2F, 0x99, 0x56, 0x69, 0x51, 0x61,
    0xA0, 0x5F, 0xB9, 0xC5, 0xB4, 0xA8, 0x5A, 0xA5, 0xC5, 0xA3, 0x4C, 0x8B, 0x9A, 0x69, 0xF1, 0x68,
    0xAB, 0xB4, 0x48, 0x99, 0x16, 0x43, 0xA6, 0x45, 0xDA, 0x2E, 0x2D, 0x62, 0xC3, 0xB4, 0x48, 0x0C,
    0xD3, 0xE2, 0x7A, 0xB3, 0x78, 0xB4, 0x48, 0x85, 0x16, 0x43, 0xA1, 0x45, 0xBA, 0x80, 0xB4, 0x88,
    0x8C, 0xD0, 0x22, 0x29, 0x85, 0x16, 0x91, 0x59, 0x74, 0x5A, 0x34, 0xB6, 0x50, 0x0D, 0x2E, 0xB2,
    0x46, 0x17, 0x6A, 0xCA, 0x0B, 0x6A, 0x7C, 0x41, 0x0D, 0x30, 0x68, 0xC1, 0x46, 0xF4, 0x7F, 0xC5,
    0x71, 0x7C, 0x23, 0x8E, 0x61, 0x23, 0x8E, 0xFE, 0xDE, 0x12, 0x47, 0x02, 0x72, 0xFC, 0x72, 0xE2,
    0xC4, 0x1C, 0x3B, 0x6B, 0x29, 0xA9, 0x51, 0x95, 0x52, 0xF2, 0x6A, 0x0E, 0x76, 0x10, 0xDC, 0xF1,
    0xBF, 0xAB, 0x00, 0x10, 0x79, 0x14, 0x12, 0xD9, 0xFF, 0x62, 0xA3, 0x74, 0xF6, 0xDE, 0x03, 0x3A,
    0xA5, 0x68, 0xD3, 0x11, 0x30, 0x72, 0xB6, 0x68, 0x44, 0x38, 0x32, 0xF7, 0x91, 0x01, 0x9F, 0x1C,
    0x0B, 0xA0, 0x9C, 0xFE, 0x79, 0x35, 0x11, 0xCA, 0xCA, 0xAE, 0x05, 0x51, 0x9C, 0x81, 0x51, 0x8E,
    0x14, 0xA4, 0x10, 0x2B, 0x25, 0x40, 0xC9, 0x16, 0xED, 0x8F, 0x91, 0x71, 0xE5, 0x2F, 0x57, 0x00,
    0x2E, 0x3B, 0x15, 0xE4, 0x52, 0x58, 0xD0, 0xE5, 0x4C, 0x62, 0xBB, 0x10, 0xE3, 0x25, 0x48, 0x49,
    0x92, 0x83, 0x33, 0x9B, 0x3D, 0x78, 0x66, 0x67, 0x0B, 0xA0, 0x19, 0x55, 0x10, 0xCD, 0x75, 0x39,
    0x93, 0x06, 0x25, 0x14, 0xA2, 0x64, 0x9B, 0xBA, 0x25, 0x68, 0xD1, 0x7F, 0x0F, 0xC8, 0x49, 0xCF,
    0x03, 0x72, 0xDE, 0xAB, 0x99, 0x16, 0x79, 0x68, 0xE4, 0x74, 0x2C, 0x21, 0x65, 0xE9, 0x4B, 0x02,
    0x73, 0xD4, 0xF9, 0x04, 0xE7, 0xBC, 0x55, 0x93, 0xD4, 0x78, 0xE9, 0x78, 0xEA, 0x50, 0xF0, 0xD9,
    0x00, 0x71, 0x9C, 0xC8, 0xE4, 0x48, 0x4E, 0x36, 0x30, 0xC7, 0xF5, 0x9F, 0x1A, 0xF0, 0x67, 0xC5,
    0xE5, 0xEC, 0x9F, 0x43, 0x3C, 0x80, 0x48, 0x04, 0xD4, 0x4E, 0x60, 0x8F, 0x03, 0xE3, 0x73, 0x4B,
    0x04, 0x5E, 0xFD, 0x21, 0x02, 0xE3, 0x75, 0xA7, 0x99, 0x45, 0x12, 0xB8, 0xBF, 0x26, 0x81, 0x51,
    0x0B, 0x81, 0xD8, 0x7A, 0x31, 0x95, 0xBA, 0x5F, 0x3C, 0xC8, 0x56, 0x5A, 0xAF, 0x18, 0x4B, 0x45,
    0xC9, 0x5A, 0x3A, 0x93, 0x84, 0x4B, 0x24, 0x5E, 0x6A, 0x23, 0xF0, 0x3E, 0xEA, 0x94, 0x0C, 0xA8,
    0xFE, 0x97, 0x0C, 0x28, 0x7E, 0x42, 0xD0, 0xE8, 0xF6, 0x5A, 0x00, 0x95, 0x2F, 0x02, 0xA0, 0xF6,
    0xF7, 0x82, 0xFA, 0xE5, 0x44, 0x21, 0xD4, 0x7A, 0x25, 0x86, 0x1A, 0x59, 0x41, 0xD4, 0x99, 0xE4,
    0x15, 0x45, 0x9E, 0x51, 0xD4, 0xBA, 0x4F, 0xC4, 0x55, 0xD6, 0xC3, 0x6A, 0xE9, 0x17, 0x12, 0x59,
    0xA9, 0xF3, 0x49, 0x68, 0x95, 0x8C, 0xC9, 0xDB, 0xEA, 0xAC, 0x29, 0xAE, 0xA6, 0xBA, 0x5A, 0x3C,
    0x9F, 0x08, 0xB7, 0x92, 0xDC, 0x73, 0x6B, 0xB3, 0xE7, 0xB9, 0xB5, 0xFD, 0xA4, 0xE7, 0xD6, 0xB0,
    0xF2, 0xDC, 0x3A, 0x75, 0x0F, 0x71, 0x6B, 0xA9, 0xF1, 0x56, 0x74, 0x97, 0xF5, 0xE0, 0x8A, 0x7E,
    0x28, 0x1B, 0x71, 0x39, 0xDD, 0x90, 0x6B, 0xBF, 0x99, 0xB9, 0x68, 0x8A, 0xAE, 0xD9, 0x95, 0x91,
    0xAF, 0xFC, 0x12, 0x0B, 0xF3, 0x15, 0x14, 0x36, 0x32, 0xFB, 0xBB, 0x75, 0x67, 0x54, 0x5E, 0x80,
    0xF0, 0xCA, 0x50, 0x4A, 0x09, 0x3E, 0x44, 0x76, 0x6E, 0x0A, 0x8B, 0xEB, 0x09, 0xC2, 0x54, 0xAD,
    0x74, 0xF6, 0x3B, 0x16, 0xC2, 0xC3, 0x5C, 0x76, 0xCA, 0x83, 0xF9, 0x9D, 0x0E, 0x72, 0x39, 0xB8,
    0xE5, 0xF2, 0x09, 0xB7, 0x7E, 0x30, 0x58, 0xCB, 0x69, 0x02, 0xB7, 0x34, 0x73, 0xCB, 0x04, 0xE3,
    0xD6, 0x1A, 0x8D, 0x0C, 0xB8, 0xE5, 0x8C, 0xD2, 0xC9, 0x2A, 0x6E, 0x72, 0x2A, 0x0C, 0x4A, 0x14,
    0x57, 0xC5, 0x36, 0x20, 0xB7, 0x86, 0x40, 0x8E, 0x76, 0xA5, 0xD2, 0xF1, 0x46, 0x85, 0xD5, 0x47,
    0x96, 0xC0, 0x2D, 0xAE, 0x8A, 0xE4, 0xC9, 0xB9, 0x16, 0x84, 0x5B, 0xC9, 0x16, 0x8C, 0x93, 0xD5,
    0xE0, 0x56, 0x1F, 0xAB, 0x67, 0xCF, 0x42, 0xE3, 0x51, 0x4D, 0x33, 0x6E, 0x0D, 0x83, 0x70, 0x2B,
    0xAE, 0x51, 0x82, 0x07, 0x67, 0x77, 0x3C, 0x60, 0x6B, 0xD5, 0x28, 0xE9, 0x4A, 0xC9, 0x73, 0x01,
    0xCF, 0x29, 0x75, 0x5C, 0x0E, 0xB6, 0x44, 0x8E, 0x94, 0xEE, 0x14, 0x37, 0x1B, 0xC4, 0xC4, 0x2E,
    0xA7, 0xC1, 0x6C, 0xC7, 0xAA, 0x4C, 0xAB, 0xAE, 0x2A, 0xB4, 0x04, 0x1A, 0x75, 0xC7, 0xC4, 0x55,
    0x25, 0x07, 0xEE, 0x1A, 0x09, 0x34, 0xE2, 0x2A, 0xD3, 0xAA, 0xAB, 0x32, 0x1B, 0x3B, 0x37, 0x26,
    0x67, 0xF7, 0x2F, 0x69, 0xF4, 0x7E, 0x45, 0x70, 0xD5, 0x8E, 0xE5, 0xC0, 0xCC, 0x8A, 0xAB, 0xFC,
    0x08, 0xDA, 0x0A, 0x1E, 0xF8, 0x17, 0xD5, 0x98, 0x01, 0x88, 0x1D, 0xC7, 0x79, 0xC7, 0x7F, 0xBB,
    0xAB, 0xD3, 0xA6, 0x5A, 0x9A, 0x39, 0x68, 0x9C, 0xC6, 0x31, 0x64, 0x0D, 0xB8, 0x00, 0xAE, 0xEE,
    0xAD, 0x81, 0x04, 0xD4, 0xF0, 0xDE, 0xDB, 0x69, 0x02, 0x50, 0x00, 0xEA, 0x03, 0x04, 0x40, 0x9B,
    0x26, 0x01, 0x54, 0x02, 0x6D, 0x8B, 0x0D, 0x38, 0xE1, 0x1A, 0x9E, 0xF5, 0x36, 0x94, 0x52, 0xC0,
    0x80, 0x8F, 0x92, 0xD0, 0x52, 0x08, 0x15, 0x45, 0x80, 0x39, 0x3B, 0x7D, 0x07, 0x11, 0x70, 0x35,
    0xEF, 0x6E, 0xC7, 0x18, 0x30, 0x89, 0x69, 0xB4, 0x21, 0x01, 0x97, 0x06, 0xF0, 0xBA, 0x76, 0xEA,
    0xFA, 0x0E, 0xEA, 0xB1, 0xB4, 0x96, 0x57, 0xA7, 0x7D, 0x6F, 0x3A, 0xB3, 0xFB, 0xAE, 0xBE, 0x46,
    0x4E, 0x4D, 0x95, 0x3B, 0xE9, 0x3C, 0x4F, 0xF3, 0xBD, 0xC7, 0xCC, 0xCC, 0x37, 0xFF, 0x99, 0xFF,
    0x7B, 0xB3, 0x3F, 0x1D, 0xB9, 0xB9, 0x84, 0x3F, 0x0F, 0x8D, 0x31, 0x99, 0x98, 0xC7, 0x05, 0x71,
    0x1D, 0x93, 0x00, 0xE3, 0xAF, 0x30, 0x04, 0x42, 0x43, 0x0F, 0x20, 0x47, 0x00, 0xC4, 0x99, 0x69,
    0x00, 0x58, 0xBC, 0x09, 0x79, 0xDC, 0x6F, 0xE4, 0xE6, 0x2D, 0x88, 0xB5, 0x53, 0x58, 0x31, 0xD6,
    0xA2, 0xE0, 0xB4, 0xC9, 0xA6, 0x24, 0x40, 0x54, 0x57, 0x0C, 0x01, 0xC6, 0x15, 0x3D, 0xDA, 0x86,
    0x4E, 0x26, 0x8D, 0x13, 0x78, 0x58, 0x28, 0x42, 0xDE, 0xDD, 0x77, 0x1E, 0x33, 0x37, 0x59, 0x9C,
    0xEC, 0x4D, 0xC4, 0x5C, 0x94, 0x78, 0x79, 0x19, 0x93, 0xE0, 0x5A, 0xE3, 0x4E, 0x77, 0xFC, 0x76,
    0xA7, 0xDB, 0x33, 0xC4, 0x00, 0x24, 0xD9, 0x09, 0xD0, 0x3D, 0x5F, 0x07, 0x51, 0x39, 0xE1, 0x66,
    0x9D, 0xB4, 0x12, 0xA5, 0x6D, 0x9C, 0xCB, 0x11, 0x09, 0x40, 0x52, 0x6D, 0x75, 0xDA, 0xC9, 0xB7,
    0x3A, 0xF1, 0x44, 0xCD, 0x42, 0x3D, 0xDB, 0x9D, 0xEC, 0xC3, 0xFA, 0x11, 0xF2, 0x5E, 0x7E, 0x20,
    0x31, 0xE6, 0x2D, 0x20, 0x29, 0x03, 0xD3, 0x3A, 0x81, 0x29, 0xC5, 0x1B, 0x70, 0x3A, 0xAF, 0xA8,
    0x48, 0x00, 0xBC, 0x3C, 0xD3, 0x8B, 0x2D, 0x9D, 0xAE, 0x35, 0xBD, 0xC5, 0x3C, 0x7D, 0xB0, 0x29,
    0xBF, 0x7E, 0x7F, 0x33, 0x87, 0x3E, 0x09, 0x79, 0x72, 0x3E, 0xF9, 0x26, 0x1B, 0x2B, 0x61, 0xDE,
    0x35, 0x2A, 0x96, 0x79, 0x49, 0x8F, 0xF8, 0xC5, 0xAC, 0x47, 0xF4, 0x92, 0xEA, 0x11, 0xFC, 0x24,
    0x13, 0xF8, 0xBA, 0x13, 0xDE, 0x06, 0x21, 0x8F, 0x22, 0xF8, 0xA6, 0x0C, 0x67, 0xC2, 0xCC, 0x45,
    0x13, 0xCB, 0xF6, 0x6B, 0xEC, 0xCF, 0xFA, 0x43, 0xD8, 0x1E, 0xF5, 0x60, 0xD8, 0x17, 0x20, 0x8E,
    0x7C, 0x49, 0xCF, 0xBC, 0x41, 0x9E, 0x09, 0x63, 0xBE, 0x68, 0x64, 0x9C, 0x45, 0x6F, 0x2A, 0x7A,
    0x60, 0x9E, 0x62, 0x08, 0xC9, 0xD3, 0x59, 0x0F, 0xC4, 0xCB, 0x08, 0x08, 0x8A, 0x85, 0x4B, 0x5D,
    0x14, 0xF2, 0xE8, 0xA3, 0xE7, 0xAE, 0x22, 0x15, 0x19, 0xF3, 0x2D, 0xA3, 0xE2, 0x2C, 0xBC, 0x5E,
    0xD2, 0x83, 0xFC, 0xC5, 0x6C, 0x00, 0xB1, 0x3B, 0x74, 0xC2, 0xD7, 0xB3, 0x18, 0x7C, 0x7D, 0x17,
    0x94, 0xD4, 0x24, 0x85, 0x55, 0x92, 0x99, 0xC2, 0x2A, 0xB9, 0xA1, 0xE9, 0xC1, 0xF8, 0x75, 0x35,
    0x00, 0xF1, 0x7A, 0xD1, 0x83, 0xE0, 0xBA, 0x8A, 0x81, 0xEA, 0x2E, 0x28, 0xB9, 0x49, 0xD4, 0x58,
    0x25, 0x65, 0xD2, 0xC4, 0x99, 0x3F, 0x1B, 0xD0, 0x83, 0x78, 0xFA, 0xC4, 0x00, 0x82, 0x66, 0xDA,
    0x03, 0xB6, 0xD7, 0x62, 0x20, 0x3D, 0x7E, 0x25, 0xF9, 0x4D, 0xC2, 0x56, 0x49, 0xDC, 0x2A, 0x19,
    0x76, 0x4A, 0xCE, 0x0D, 0xC0, 0xEF, 0x94, 0xEC, 0x9C, 0x8B, 0x81, 0xE4, 0xD8, 0x95, 0x90, 0xCF,
    0x25, 0x46, 0x5A, 0x29, 0x75, 0xE0, 0xBE, 0xB3, 0x5E, 0xFE, 0x94, 0x22, 0x81, 0xD0, 0x3C, 0xCA,
    0x10, 0xC8, 0x1F, 0x95, 0x3D, 0x20, 0xBE, 0x4A, 0x0C, 0x84, 0x05, 0x77, 0xFD, 0xE9, 0xEA, 0x04,
    0xE6, 0xCA, 0x09, 0xF4, 0xDD, 0x57, 0x99, 0xFC, 0x2F, 0x8B, 0x56, 0xE0, 0xAD, 0x97, 0xE4, 0x10,
    0x18, 0x5F, 0x55, 0x3D, 0x40, 0xBC, 0x24, 0x63, 0x20, 0xD0, 0xF7, 0x40, 0xA0, 0xC9, 0x48, 0xCA,
    0xD0, 0x98, 0x19, 0xA6, 0x14, 0x19, 0x8F, 0xFD, 0x58, 0x93, 0x80, 0x3F, 0xFF, 0x77, 0x35, 0x04,
    0x92, 0xD7, 0xCB, 0x1E, 0x10, 0x5E, 0x53, 0x31, 0x40, 0x7D, 0x2F, 0x04, 0x1E, 0x06, 0x28, 0xC5,
    0x03, 0x07, 0x00, 0xF5, 0xE5, 0xB3, 0x2D, 0x40, 0xCD, 0x87, 0x1D, 0x40, 0x9D, 0xBD, 0xA7, 0x00,
    0xD5, 0x3D, 0xCF, 0x2B, 0xD2, 0x5F, 0x04, 0x28, 0xDD, 0x01, 0xD4, 0xBB, 0x7A, 0x01, 0x50, 0xFA,
    0xC4, 0x02, 0x54, 0x71, 0x18, 0xA0, 0x7A, 0xED, 0xE1, 0x22, 0x16, 0xA7, 0x8B, 0x39, 0xBB, 0x00,
    0x28, 0x79, 0x42, 0x00, 0x2A, 0xAA, 0x0F, 0x00, 0xAA, 0xBE, 0x0D, 0xA0, 0x36, 0x0F, 0x00, 0xAA,
    0x3E, 0x00, 0xA8, 0xCD, 0x8F, 0x20, 0x40, 0xD5, 0x87, 0x00, 0xEA, 0x9D, 0x62, 0x01, 0x50, 0xB3,
    0xEB, 0xFA, 0x00, 0xA0, 0xDE, 0x29, 0x3E, 0xAA, 0x00, 0x25, 0x7B, 0xC4, 0x3F, 0xF8, 0x69, 0x8F,
    0xE8, 0x47, 0x6B, 0x3D, 0x82, 0x57, 0xF4, 0xF1, 0x01, 0x14, 0x2D, 0x41, 0xE1, 0x10, 0xEA, 0x54,
    0xCB, 0x50, 0xDF, 0xCD, 0x1C, 0x44, 0xFD, 0x47, 0xE6, 0x28, 0x2A, 0x45, 0x80, 0xE0, 0x98, 0x9F,
    0x52, 0xB7, 0x73, 0xD5, 0x0B, 0xF4, 0xC0, 0xFC, 0xED, 0x57, 0x87, 0x90, 0x7C, 0x6F, 0xB3, 0x07,
    0xE2, 0x6A, 0x71, 0x8F, 0xB8, 0x4A, 0xF6, 0x20, 0xFF, 0xC1, 0x4F, 0x07, 0x10, 0x3B, 0x2F, 0x08,
    0xDF, 0xD4, 0xF7, 0x88, 0xAB, 0x9C, 0x92, 0xF1, 0xCF, 0xFF, 0x75, 0x00, 0x62, 0xEF, 0xCF, 0x5A,
    0xAE, 0xAA, 0xEE, 0x26, 0x57, 0xD1, 0x81, 0x15, 0x1D, 0x59, 0x75, 0x40, 0xF3, 0x4F, 0xB2, 0x65,
    0xAB, 0x57, 0x64, 0x0B, 0x57, 0x3B, 0x74, 0x74, 0x75, 0xD7, 0x9F, 0x80, 0x1D, 0x6E, 0xD1, 0xF1,
    0x16, 0x2D, 0x70, 0x9D, 0xEA, 0x04, 0x7E, 0x57, 0xB6, 0xC8, 0xF5, 0x66, 0xD6, 0x32, 0xD7, 0x98,
    0x18, 0x48, 0xEE, 0xBE, 0xC0, 0x0F, 0xA0, 0xB0, 0x17, 0x3A, 0x0A, 0xFB, 0x9A, 0xFB, 0x8E, 0x93,
    0xFF, 0xF9, 0x66, 0x47, 0x61, 0xEA, 0xC4, 0x51, 0xD8, 0x0F, 0xCB, 0x96, 0xC2, 0xFE, 0xE5, 0x89,
    0x1E, 0x20, 0x5E, 0x2E, 0x4F, 0x10, 0x85, 0xC9, 0x96, 0xC2, 0x7E, 0xFE, 0x9F, 0x2D, 0x85, 0xBD,
    0xF9, 0xA5, 0x96, 0xC2, 0xAE, 0x57, 0xF7, 0x96, 0xC2, 0x58, 0x60, 0x18, 0x1D, 0x87, 0x9D, 0x5A,
    0x80, 0xD8, 0x97, 0xB3, 0x8E, 0xC4, 0xBE, 0xAE, 0x3A, 0x14, 0x4B, 0xE5, 0x82, 0xC5, 0xEE, 0x3D,
    0xE4, 0x7C, 0x30, 0x9C, 0x2D, 0x77, 0x70, 0x76, 0xE3, 0x1B, 0x1D, 0x9C, 0xBD, 0xF7, 0xF7, 0x0B,
    0x38, 0x6B, 0x4E, 0x1A, 0x9C, 0x71, 0x40, 0x67, 0x2C, 0xF0, 0xEC, 0xD4, 0x82, 0xCF, 0x3E, 0xD3,
    0x9D, 0x39, 0xE2, 0xBF, 0x16, 0x87, 0x8E, 0x49, 0xE4, 0x02, 0xD1, 0xB2, 0x93, 0x07, 0x39, 0x07,
    0xCC, 0xC6, 0xFF, 0x40, 0x1B, 0x07, 0xD4, 0xB6, 0x7C, 0x80, 0x6D, 0xFF, 0xFC, 0x0D, 0x16, 0xDC,
    0xF6, 0xFC, 0xCF, 0x38, 0x00, 0xB7, 0x19, 0x07, 0xE4, 0xC6, 0x09, 0x87, 0x9C, 0x43, 0x28, 0xA7,
    0x0F, 0x50, 0x2E, 0xFF, 0x80, 0xBF, 0x85, 0x5D, 0x7B, 0x66, 0x81, 0x72, 0xF5, 0xF5, 0x2F, 0x1D,
    0xA0, 0xDC, 0xB5, 0xFA, 0xA3, 0x83, 0x72, 0xA2, 0x86, 0xD4, 0x48, 0xA6, 0x91, 0xA2, 0xF2, 0x35,
    0x15, 0x9A, 0x2D, 0xFB, 0xEA, 0xD3, 0x87, 0xC0, 0xE8, 0xB6, 0x32, 0xE0, 0x4E, 0x6A, 0x34, 0x87,
    0xC4, 0x28, 0x06, 0x81, 0x66, 0x44, 0x6D, 0xAB, 0xCB, 0xDA, 0xB3, 0x55, 0x00, 0xA6, 0xE9, 0xAA,
    0x90, 0x77, 0x52, 0x43, 0x93, 0x39, 0xE1, 0x35, 0x5C, 0x24, 0x87, 0x1A, 0xA1, 0xA8, 0x08, 0x4A,
    0xB6, 0xA0, 0xA2, 0x0F, 0x23, 0x3A, 0xFD, 0x5D, 0x60, 0xC0, 0xAF, 0x1C, 0xBA, 0xA3, 0x12, 0x8C,
    0xC4, 0xD3, 0xD9, 0x56, 0x70, 0x95, 0x2D, 0xBF, 0xA0, 0xEF, 0x69, 0xFA, 0x68, 0x10, 0x46, 0xB5,
    0x95, 0x8A, 0x3B, 0xA9, 0x5D, 0xEE, 0x2F, 0xAA, 0x69, 0xF4, 0xB2, 0xAA, 0xFC, 0xEB, 0xEA, 0xE8,
    0x6D, 0x78, 0xA1, 0x1C, 0x04, 0xD7, 0xF5, 0x88, 0x9B, 0xFA, 0x38, 0x6C, 0x10, 0xD2, 0xDA, 0x20,
    0xB2, 0x1A, 0x71, 0x55, 0x1E, 0xBF, 0x0D, 0x25, 0xA9, 0x39, 0xFB, 0x33, 0x46, 0x62, 0x32, 0xC1,
    0x3A, 0x31, 0xB3, 0x56, 0xFC, 0x78, 0xBD, 0xF5, 0xA2, 0x33, 0xC3, 0x39, 0xB1, 0x08, 0x54, 0xFC,
    0xEA, 0x41, 0xD4, 0x6C, 0x92, 0x9A, 0xDF, 0xFF, 0x7E, 0x36, 0x8D, 0xAE, 0x4E, 0x64, 0xE5, 0xBF,
    0x67, 0xA8, 0xD0, 0x17, 0x5A, 0x8B, 0x3A, 0x8F, 0x8E, 0x78, 0x93, 0xCE, 0xB4, 0xB3, 0x24, 0xE6,
    0xC5, 0xE7, 0x9C, 0x6D, 0x7B, 0x85, 0xF5, 0xCD, 0x28, 0x6B, 0xDC, 0xFD, 0xAD, 0x73, 0x0B, 0xEB,
    0x8E, 0xF8, 0x3F, 0x59, 0xD6, 0x4B, 0xAF, 0xB0, 0x5E, 0x0E, 0x5E, 0xB5, 0x5E, 0x26, 0xB9, 0xF3,
    0xB2, 0xA9, 0x08, 0x5E, 0x5B, 0x3F, 0x4E, 0x2F, 0x53, 0xBB, 0xA2, 0x29, 0x46, 0x42, 0x5B, 0x23,
    0x0B, 0xEB, 0x63, 0x79, 0x84, 0x3F, 0x29, 0x51, 0xA5, 0x66, 0x5C, 0x4D, 0xA3, 0x86, 0xCA, 0xAF,
    0x70, 0xAF, 0xA3, 0xFB, 0x49, 0x05, 0xB3, 0xC4, 0x5C, 0x9D, 0x0D, 0x02, 0xC3, 0x88, 0x99, 0xAD,
    0x83, 0xA3, 0xFC, 0x49, 0xC5, 0x56, 0x78, 0x9D, 0x56, 0xD6, 0x86, 0x29, 0x35, 0x42, 0x53, 0x11,
    0x68, 0xEE, 0x96, 0x0D, 0x3F, 0xC9, 0xB6, 0xFC, 0x3D, 0xD5, 0xF7, 0xAE, 0x67, 0xC7, 0x60, 0x43,
    0x59, 0x71, 0x43, 0x5B, 0x1B, 0xCA, 0x63, 0xB0, 0xE1, 0x9C, 0xB5, 0x61, 0x6A, 0x6D, 0x58, 0x3B,
    0x26, 0x1B, 0xCA, 0x8A, 0xE0, 0x9A, 0x15, 0xCF, 0xBB, 0xE5, 0x71, 0xD9, 0xA0, 0xAC, 0x0D, 0xCA,
    0xDA, 0x20, 0xB7, 0x82, 0x7F, 0x7B, 0xCB, 0xDA, 0xF0, 0x47, 0xD6, 0x86, 0xFA, 0x88, 0x6C, 0xD0,
    0x58, 0x1F, 0x34, 0xD6, 0x88, 0x65, 0x2A, 0xFF, 0xC6, 0xF3, 0xD2, 0x5A, 0xF1, 0x8A, 0xB4, 0x5E,
    0xCC, 0x8F, 0xEB, 0x0A, 0x0B, 0x1A, 0xAC, 0x3D, 0x0D, 0xCE, 0x1F, 0x67, 0xD0, 0x63, 0xEB, 0xD6,
    0xA1, 0xAF, 0x17, 0xD6, 0xA2, 0x24, 0x3B, 0xAE, 0x2B, 0x2C, 0xD6, 0x38, 0xD7, 0x34, 0xCE, 0xB6,
    0x65, 0xE7, 0xDB, 0xB5, 0x6F, 0xE2, 0x8C, 0x7B, 0x85, 0x2D, 0xA8, 0xE6, 0x74, 0xD6, 0x1D, 0x6C,
    0xB4, 0x8B, 0x0C, 0x38, 0xE2, 0x68, 0x8C, 0x69, 0x6C, 0xAD, 0x39, 0x28, 0xDE, 0xC6, 0xA5, 0xB3,
    0x81, 0xA9, 0xFB, 0xC1, 0xFE, 0xE5, 0x9E, 0x53, 0x45, 0x9F, 0x48, 0xAD, 0x10, 0x94, 0x43, 0x98,
    0x4F, 0x21, 0xAD, 0xE1, 0xB4, 0xBC, 0xE3, 0x79, 0x1C, 0x14, 0x01, 0xC4, 0x19, 0x08, 0x30, 0x8D,
    0xFB, 0x77, 0xB8, 0x9C, 0xD9, 0xB8, 0xEC, 0x0E, 0x67, 0xF7, 0x72, 0xA2, 0x10, 0x0A, 0xDF, 0xAD,
    0x57, 0xB5, 0x35, 0x50, 0xDC, 0x56, 0xA3, 0xDD, 0x0D, 0x52, 0x63, 0xB2, 0x74, 0x77, 0x43, 0xC6,
    0x0A, 0x42, 0x05, 0x63, 0x2B, 0x4E, 0xB5, 0x01, 0x44, 0x06, 0xA7, 0x27, 0x19, 0xE4, 0x26, 0x83,
    0xFD, 0x0D, 0x01, 0xFA, 0x42, 0x0C, 0xC6, 0x3C, 0x0A, 0xE9, 0x44, 0xF1, 0x6B, 0xA7, 0x82, 0x82,
    0x38, 0xB3, 0x21, 0x9A, 0x4F, 0x94, 0x1B, 0x27, 0xC1, 0xBB, 0x0C, 0xC6, 0x16, 0xDD, 0x06, 0x6F,
    0x35, 0x28, 0x11, 0x8D, 0xA8, 0x49, 0x9F, 0x4B, 0x73, 0x06, 0x8C, 0x04, 0xC3, 0x53, 0x23, 0x21,
    0x85, 0x49, 0x9F, 0x96, 0xC1, 0x5B, 0xD1, 0x55, 0xA2, 0x8C, 0x94, 0x48, 0x79, 0x0D, 0xE1, 0xFE,
    0x44, 0xE3, 0x19, 0xE3, 0xD6, 0x5D, 0x05, 0xA7, 0xC2, 0x55, 0xD0, 0xF0, 0xC9, 0xEE, 0x26, 0x11,
    0xFB, 0x97, 0x48, 0x0E, 0x5D, 0x12, 0x09, 0x67, 0x10, 0xBB, 0x39, 0x81, 0x69, 0xE0, 0xD3, 0xDD,
    0xF9, 0xBA, 0x4A, 0x50, 0xC0, 0x6F, 0x96, 0xF8, 0x66, 0x66, 0xE7, 0xE4, 0x59, 0x42, 0xA8, 0x06,
    0x04, 0xA5, 0xAB, 0xF6, 0x73, 0x61, 0xDB, 0x94, 0x6F, 0xE6, 0x36, 0xEF, 0xAA, 0xDB, 0x73, 0xE3,
    0x2A, 0x88, 0xCC, 0x6D, 0xD8, 0xED, 0xD7, 0x6E, 0xD7, 0xED, 0x16, 0x8C, 0x91, 0x6E, 0xAF, 0x6E,
    0xAB, 0x6E, 0xA7, 0x6E, 0xA3, 0x6E, 0x9F, 0x6E, 0x9B, 0xCE, 0x47, 0x57, 0x61, 0x64, 0xF3, 0x4C,
    0xF1, 0x4D, 0x83, 0xD8, 0xBF, 0x4C, 0xC2, 0x79, 0x06, 0xA1, 0x91, 0x03, 0xB1, 0xA7, 0x12, 0x11,
    0x28, 0x61, 0x26, 0x76, 0x2D, 0x63, 0xC7, 0xAC, 0xB3, 0x38, 0x98, 0x12, 0xFA, 0xF0, 0x27, 0x53,
    0x22, 0x37, 0x67, 0xF7, 0x19, 0x62, 0x40, 0xE0, 0x3C, 0x91, 0x04, 0x6D, 0x9E, 0x1C, 0x21, 0x05,
    0x31, 0x02, 0xC1, 0x45, 0x84, 0xEC, 0x13, 0x96, 0xE0, 0xCD, 0x80, 0x15, 0x00, 0xFE, 0x7F, 0xB9,
    0xBE, 0x60, 0x64, 0x2C, 0xF6, 0xA4, 0x10, 0x36, 0xAB, 0x8C, 0x09, 0x6E, 0xCF, 0x95, 0xB9, 0x0A,
    0x1A, 0x6F, 0x43, 0x23, 0x8C, 0x26, 0xDD, 0xB8, 0xC4, 0x00, 0x88, 0x37, 0x32, 0x84, 0x51, 0x24,
    0xBB, 0x19, 0x43, 0x60, 0xE8, 0xD7, 0xC4, 0x7B, 0x0D, 0xA1, 0xA9, 0xE0, 0x0F, 0x34, 0x70, 0x05,
    0xE8, 0x03, 0xCB, 0x18, 0x57, 0x16, 0x11, 0xF0, 0x4B, 0x80, 0x3F, 0x74, 0x51, 0x18, 0x17, 0x53,
    0x9B, 0x03, 0xA6, 0x00, 0xD4, 0x80, 0x2F, 0x2B, 0x4F, 0x92, 0x54, 0x5B, 0xA1, 0x66, 0xD8, 0x0C,
    0xC2, 0x9A, 0xB5, 0x9E, 0x5B, 0x7B, 0xF8, 0x6A, 0x60, 0x0A, 0x92, 0x57, 0x27, 0xAF, 0x69, 0x96,
    0xA2, 0x39, 0x1A, 0x92, 0x92, 0x69, 0x1B, 0xCF, 0x41, 0x58, 0x74, 0x9A, 0xCD, 0xDC, 0x85, 0x59,
    0xB7, 0xFC, 0x79, 0x46, 0x84, 0xE6, 0xAF, 0x8D, 0x14, 0x7B, 0xE6, 0x6D, 0x95, 0xB0, 0xE3, 0x97,
    0x03, 0xA6, 0x9E, 0x1E, 0x50, 0x7B, 0xBA, 0xE7, 0xD7, 0xBE, 0x8E, 0x27, 0x66, 0x52, 0x84, 0xE6,
    0x29, 0x23, 0xB9, 0x60, 0x5F, 0xFD, 0x27, 0xFB, 0x2C, 0x41, 0x5E, 0x3E, 0xF8, 0x79, 0xF7, 0xCC,
    0x1A, 0xB0, 0x16, 0x67, 0x55, 0x68, 0x34, 0xB9, 0x82, 0x25, 0x5C, 0x0F, 0xB6, 0xAB, 0x6F, 0xFB,
    0x2E, 0xDA, 0xCE, 0xBE, 0xED, 0xC5, 0x75, 0xBB, 0x7E, 0xEF, 0x3C, 0x10, 0x1B, 0x09, 0xE9, 0xA4,
    0x64, 0x65, 0xE4, 0x55, 0xA4, 0x23, 0x46, 0xAC, 0x0C, 0x9F, 0x19, 0x42, 0xDC, 0x08, 0xF0, 0xD6,
    0xCF, 0x40, 0xA4, 0x48, 0x15, 0x53, 0xFA, 0x15, 0xDB, 0x57, 0xE8, 0x5F, 0xFC, 0x1E, 0xC9, 0xCC,
    0xF6, 0xB8, 0x76, 0xD7, 0x61, 0x73, 0xF3, 0x64, 0x05, 0xFD, 0x9D, 0x6D, 0x48, 0x67, 0x30, 0x5C,
    0x87, 0x3E, 0x2E, 0xAB, 0x4B, 0x0F, 0xDE, 0xB7, 0x6D, 0x95, 0xE7, 0x21, 0x36, 0xC6, 0xB5, 0xBE,
    0x9D, 0xAD, 0xF4, 0x45, 0xA0, 0xD2, 0xFE, 0xC7, 0x03, 0xB5, 0x32, 0x40, 0x64, 0xC4, 0xD9, 0x00,
    0xC2, 0x62, 0x13, 0xC8, 0x76, 0xD6, 0x81, 0x54, 0x03, 0xA7, 0xE5, 0xED, 0xD3, 0xC2, 0xCC, 0x4E,
    0x4B, 0xDD, 0xB4, 0xBF, 0x80, 0x38, 0xBB, 0xB8, 0x69, 0xA7, 0xB9, 0xC1, 0xD9, 0xEF, 0x48, 0x60,
    0xB8, 0xF9, 0xFE, 0xDC, 0x27, 0x32, 0x9F, 0x66, 0x3E, 0x91, 0x8D, 0x95, 0xB4, 0x6C, 0xD5, 0x02,
    0x50, 0x04, 0x6C, 0xCD, 0x27, 0x59, 0x33, 0x9E, 0xB3, 0xF5, 0x9D, 0xBF, 0xE9, 0x7E, 0x1A, 0x8F,
    0xCD, 0xE0, 0xB7, 0xA0, 0x3F, 0x2E, 0xB8, 0xF8, 0xDB, 0x15, 0x7D, 0x46, 0x40, 0x0C, 0x44, 0x00,
    0x30, 0xC0, 0x33, 0x59, 0xB4, 0xA7, 0x93, 0xDF, 0x6D, 0x7E, 0xFD, 0xBE, 0x47, 0x30, 0xEA, 0x53,
    0x7F, 0x5A, 0x0E, 0xBD, 0x32, 0xDE, 0x2B, 0x02, 0xA3, 0xF8, 0x04, 0x54, 0x84, 0x73, 0x92, 0x89,
    0xDA, 0x0E, 0xF5, 0x67, 0x57, 0x55, 0x34, 0x27, 0x9E, 0x64, 0x2B, 0x41, 0x19, 0x5F, 0xD6, 0xA2,
    0xD9, 0x74, 0x2B, 0x1F, 0x1E, 0x70, 0x45, 0x05, 0x15, 0x22, 0x43, 0x40, 0xB4, 0x47, 0xD0, 0xDA,
    0xC8, 0x2A, 0x7E, 0x83, 0x30, 0x8C, 0x45, 0x31, 0xFD, 0xC7, 0xF2, 0x37, 0x2A, 0x29, 0x64, 0x37,
    0x20, 0x0B, 0x4C, 0x16, 0x7C, 0x9B, 0x30, 0x93, 0xC1, 0x9E, 0xB2, 0x32, 0xF8, 0xD4, 0xFF, 0x1E,
    0xEC, 0x97, 0xF7, 0x2D, 0xC9, 0xD4, 0xA8, 0x9D, 0xFD, 0xF2, 0x8A, 0x2E, 0x47, 0x7E, 0x91, 0x08,
    0xCE, 0x88, 0x4B, 0x44, 0x95, 0x33, 0xE8, 0x83, 0x46, 0x5E, 0xDC, 0x2F, 0xD7, 0xBE, 0x56, 0x0C,
    0xC5, 0x7A, 0x14, 0x69, 0x44, 0xB9, 0x18, 0x79, 0x58, 0x21, 0x6A, 0x95, 0xD5, 0xF9, 0xB3, 0x7A,
    0x6C, 0x0A, 0x77, 0x11, 0x6A, 0xC2, 0x19, 0xE9, 0x24, 0x7B, 0x32, 0x2C, 0x96, 0xC9, 0xAE, 0x78,
    0x45, 0x6E, 0x8A, 0x07, 0xE6, 0x72, 0xE7, 0xD9, 0xA2, 0x1B, 0x70, 0x78, 0xEE, 0xE7, 0x56, 0x55,
    0x30, 0xC3, 0x9F, 0x48, 0x42, 0x85, 0x5F, 0x42, 0x09, 0xF4, 0x63, 0xA6, 0xA9, 0xEA, 0xDF, 0xD2,
    0x81, 0x6E, 0xDC, 0x0D, 0x06, 0x6B, 0x31, 0xCD, 0xB8, 0xF8, 0xE6, 0x8D, 0x2A, 0x28, 0xA7, 0xDE,
    0x77, 0x1E, 0x22, 0x2D, 0x3E, 0xFE, 0xB0, 0x16, 0x99, 0x0E, 0xF7, 0x35, 0xA6, 0xE0, 0x3E, 0x37,
    0xC0, 0x8D, 0xC0, 0x0E, 0xC1, 0x8E, 0xC1, 0xFB, 0xAB, 0x87, 0x20, 0x2F, 0x61, 0xBF, 0xC1, 0x2B,
    0x87, 0x70, 0xEB, 0x1F, 0x20, 0xFF, 0x21, 0x2C, 0xFD, 0x42, 0xB2, 0xA7, 0x2E, 0x30, 0x96, 0xD4,
    0xA0, 0x61, 0x67, 0x93, 0xB4, 0xE2, 0xB4, 0x7C, 0x7F, 0xC0, 0x6B, 0x53, 0x2F, 0xBF, 0xC0, 0x4E,
    0xD7, 0x7B, 0x85, 0xB4, 0x66, 0x28, 0x39, 0x07, 0xC3, 0x29, 0xB1, 0x4D, 0xBC, 0x7E, 0xDB, 0xB2,
    0xC5, 0x13, 0xED, 0xED, 0x13, 0xBD, 0xBD, 0x43, 0x24, 0x3E, 0x4E, 0xF4, 0x2D, 0xF7, 0x54, 0xD3,
    0xA0, 0x6F, 0x02, 0x39, 0x70, 0x3F, 0xBF, 0x7C, 0xCE, 0x36, 0xD1, 0xA3, 0x03, 0x02, 0x75, 0x13,
    0x5F, 0x1B, 0xF8, 0xEA, 0x0E, 0x90, 0xCB, 0x6E, 0xCE, 0x21, 0xC9, 0xD9, 0x43, 0x4B, 0x2C, 0x89,
    0xDD, 0x9D, 0xD0, 0x34, 0x7C, 0x5A, 0xF6, 0x45, 0x7B, 0x58, 0xFB, 0xDA, 0xE5, 0xCA, 0x1E, 0x8C,
    0xE4, 0x4A, 0x64, 0x66, 0x5E, 0xFE, 0x46, 0xB4, 0xBB, 0xDD, 0x0D, 0xB8, 0x6D, 0x3D, 0x7B, 0x7E,
    0xA4, 0x25, 0x3C, 0x5C, 0x43, 0x77, 0xD7, 0x01, 0x67, 0x60, 0x49, 0x32, 0xAE, 0x1F, 0xF9, 0xFC,
    0x74, 0x87, 0x41, 0xB2, 0xBB, 0x1D, 0x98, 0x9A, 0x4F, 0x4A, 0xEB, 0x74, 0x6C, 0x64, 0x3A, 0x29,
    0x47, 0x5E, 0x3D, 0x7C, 0x66, 0x14, 0x37, 0x3D, 0xDB, 0xE2, 0xC9, 0x44, 0x0D, 0xB3, 0xE1, 0x73,
    0xC9, 0xAC, 0xB7, 0x9E, 0xCC, 0xA3, 0xD9, 0xD2, 0x12, 0x63, 0xA3, 0xF6, 0x6F, 0x95, 0xBA, 0x2C,
    0xB7, 0x42, 0x99, 0x88, 0xF5, 0xA5, 0xA8, 0xC6, 0x5B, 0xB7, 0xED, 0xB9, 0x6B, 0x2F, 0xDE, 0xD9,
    0x2B, 0xA6, 0xE2, 0x7C, 0x2F, 0xAC, 0x88, 0x3E, 0x41, 0x50, 0xB3, 0x04, 0x39, 0xEC, 0x33, 0xDA,
    0xDF, 0x9C, 0xE6, 0xD5, 0xE8, 0x79, 0x49, 0x5E, 0x93, 0x54, 0xD8, 0x09, 0x2E, 0x13, 0x36, 0x55,
    0xDF, 0xE6, 0x9A, 0xDA, 0x64, 0x7D, 0x9B, 0x0D, 0x97, 0xCE, 0xE6, 0x6B, 0xFB, 0xF3, 0xB6, 0xBF,
    0x18, 0xD8, 0x9C, 0x43, 0x9B, 0x74, 0xE0, 0xB2, 0xBA, 0xB4, 0x36, 0xEF, 0x23, 0x3C, 0x9E, 0x3F,
    0xAB, 0x13, 0x53, 0x78, 0x17, 0x78, 0x90, 0xE5, 0xF4, 0x59, 0x1D, 0x1B, 0xF5, 0xB9, 0x3F, 0xBE,
    0x94, 0x1A, 0x1D, 0x99, 0x4C, 0xBB, 0x42, 0x17, 0xD7, 0x5C, 0xA1, 0xEF, 0x0A, 0xE7, 0x5C, 0xE1,
    0xE1, 0x8D, 0x75, 0x3B, 0xEC, 0xE1, 0x8D, 0x4B, 0x77, 0xFC, 0xB0, 0xCA, 0xFA, 0x04, 0xE5, 0x2A,
    0x9E, 0xED, 0x23, 0xCD, 0xF9, 0x18, 0x82, 0xD4, 0xF5, 0x15, 0x31, 0x81, 0x99, 0xC3, 0xB8, 0xE2,
    0x43, 0x73, 0x6F, 0x1C, 0xCA, 0xCD, 0xA1, 0xDC, 0xCA, 0xE6, 0xBE, 0x29, 0xC1, 0xD4, 0xF8, 0xFB,
    0x73, 0x02, 0x15, 0x67, 0x81, 0x0A, 0x55, 0xA0, 0xBE, 0xA0, 0x7D, 0xA3, 0x2A, 0xF2, 0x6C, 0xF5,
    0x8E, 0x1F, 0x8C, 0x59, 0xFC, 0xA1, 0xBA, 0xEF, 0x38, 0xB7, 0x8A, 0x09, 0xE6, 0xFF, 0xB7, 0xEE,
    0xC5, 0x75, 0x91, 0x67, 0xE3, 0x5B, 0xC5, 0x03, 0xA5, 0x8C, 0x1C, 0xF0, 0xAA, 0xC0, 0xC8, 0x60,
    0x37, 0x0B, 0x4C, 0xC1, 0xFD, 0x78, 0x15, 0xD1, 0x9C, 0xF1, 0x57, 0xD4, 0x30, 0x54, 0xA9, 0x29,
    0x76, 0xE6, 0x7A, 0x53, 0xEB, 0xB5, 0x20, 0x4B, 0xA2, 0xF5, 0x33, 0x41, 0x03, 0x17, 0xDE, 0x1F,
    0x10, 0xA9, 0xB1, 0x1D, 0xB0, 0x5F, 0x6E, 0xBE, 0x57, 0x0E, 0xA2, 0xBF, 0x8B, 0x83, 0x9A, 0xF0,
    0xF7, 0xF0, 0x1B, 0x40, 0xFF, 0x92, 0xF2, 0xE0, 0xC7, 0xD6, 0x56, 0x3E, 0x73, 0x25, 0x2C, 0x84,
    0x4E, 0x9B, 0xEF, 0xFF, 0x28, 0x50, 0x1F, 0xF6, 0x02, 0x78, 0x1C, 0x96, 0x39, 0x4B, 0x01, 0x12,
    0xD8, 0xE4, 0xB3, 0xB0, 0x0C, 0x6D, 0xCB, 0xE3, 0x92, 0x65, 0xFA, 0xDB, 0xFD, 0xFF, 0x06,
};

static const EpdGlyph devanagari_12_regularGlyphs[] = {
    { 11, 6, 0, -9, 24, 17, 0 }, // U+0900
    { 11, 6, 0, -9, 23, 17, 17 }, // U+0901
    { 4, 3, 0, -5, 21, 3, 34 }, // U+0902
    { 6, 15, 81, 0, 16, 23, 37 }, // U+0903
    { 20, 23, 306, 0, 23, 115, 60 }, // U+0904
    { 20, 16, 306, 0, 16, 80, 175 }, // U+0905
    { 26, 16, 409, 0, 16, 104, 255 }, // U+0906
    { 13, 21, 196, 0, 16, 69, 359 }, // U+0907
    { 13, 28, 196, 0, 23, 91, 428 }, // U+0908
    { 15, 16, 219, 0, 16, 60, 519 }, // U+0909
    { 20, 17, 314, 0, 16, 85, 579 }, // U+090A
    { 22, 17, 341, 0, 16, 94, 664 }, // U+090B
    { 18, 19, 280, 0, 16, 86, 758 }, // U+090C
    { 15, 26, 221, 0, 23, 98, 844 }, // U+090D
    { 15, 26, 221, 0, 23, 98, 942 }, // U+090E
    { 15, 19, 221, 0, 16, 72, 1040 }, // U+090F
    { 15, 27, 221, 0, 24, 102, 1112 }, // U+0910
    { 26, 23, 409, 0, 23, 150, 1214 }, // U+0911
    { 26, 23, 409, 0, 23, 150, 1364 }, // U+0912
    { 26, 24, 409, 0, 24, 156, 1514 }, // U+0913
    { 26, 24, 409, 0, 24, 156, 1670 }, // U+0914
    { 20, 16, 307, 0, 16, 80, 1826 }, // U+0915
    { 21, 16, 327, 0, 16, 84, 1906 }, // U+0916
    { 15, 16, 225, 0, 16, 60, 1990 }, // U+0917
    { 16, 16, 236, 0, 16, 64, 2050 }, // U+0918
    { 18, 16, 255, -1, 16, 72, 2114 }, // U+0919
    { 17, 16, 254, 0, 16, 68, 2186 }, // U+091A
    { 18, 16, 280, 0, 16, 72, 2254 }, // U+091B
    { 19, 16, 297, 0, 16, 76, 2326 }, // U+091C
    { 20, 21, 302, 0, 16, 105, 2402 }, // U+091D
    { 19, 16, 297, 0, 16, 76, 2507 }, // U+091E
    { 13, 16, 202, 0, 16, 52, 2583 }, // U+091F
    { 15, 16, 232, 0, 16, 60, 2635 }, // U+0920
    { 15, 16, 214, -1, 16, 60, 2695 }, // U+0921
    { 15, 16, 225, 0, 16, 60, 2755 }, // U+0922
    { 19, 16, 289, 0, 16, 76, 2815 }, // U+0923
    { 15, 17, 228, 0, 16, 64, 2891 }, // U+0924
    { 16, 16, 256, 1, 16, 64, 2955 }, // U+0925
    { 14, 18, 212, 0, 16, 63, 3019 }, // U+0926
    { 15, 16, 246, 1, 16, 60, 3082 }, // U+0927
    { 15, 16, 222, 0, 16, 60, 3142 }, // U+0928
    { 15, 17, 222, 0, 16, 64, 3202 }, // U+0929
    { 15, 16, 227, 0, 16, 60, 3266 }, // U+092A
    { 20, 16, 308, 0, 16, 80, 3326 }, // U+092B
    { 15, 16, 228, 0, 16, 60, 3406 }, // U+092C
    { 17, 16, 281, 1, 16, 68, 3466 }, // U+092D
    { 16, 16, 239, 0, 16, 64, 3534 }, // U+092E
    { 15, 16, 232, 0, 16, 60, 3598 }, // U+092F
    { 11, 17, 164, 0, 16, 47, 3658 }, // U+0930
    { 11, 17, 164, 0, 16, 47, 3705 }, // U+0931
    { 18, 17, 271, 0, 16, 77, 3752 }, // U+0932
    { 20, 16, 304, 0, 16, 80, 3829 }, // U+0933
    { 20, 20, 304, 0, 16, 100, 3909 }, // U+0934
    { 15, 16, 222, 0, 16, 60, 4009 }, // U+0935
    { 18, 17, 272, 0, 16, 77, 4069 }, // U+0936
    { 15, 16, 231, 0, 16, 60, 4146 }, // U+0937
    { 18, 17, 270, 0, 16, 77, 4206 }, // U+0938
    { 14, 20, 212, 0, 16, 70, 4283 }, // U+0939
    { 3, 6, 0, -5, 21, 5, 4353 }, // U+093A
    { 7, 21, 104, 0, 21, 37, 4358 }, // U+093B
    { 4, 3, 0, -9, -2, 3, 4395 }, // U+093C
    { 11, 16, 187, 0, 16, 44, 4398 }, // U+093D
    { 7, 16, 104, 0, 16, 28, 4442 }, // U+093E
    { 19, 23, 104, 0, 23, 110, 4470 }, // U+093F
    { 13, 23, 104, -6, 23, 75, 4580 }, // U+0940
    { 13, 8, 0, -12, 1, 26, 4655 }, // U+0941
    { 13, 8, 0, -9, 1, 26, 4681 }, // U+0942
    { 8, 8, 0, -7, 1, 16, 4707 }, // U+0943
    { 9, 11, 0, -7, 0, 25, 4723 }, // U+0944
    { 11, 6, 0, -9, 23, 17, 4748 }, // U+0945
    { 10, 8, 0, -12, 23, 20, 4765 }, // U+0946
    { 9, 8, 0, -11, 24, 18, 4785 }, // U+0947
    { 9, 8, 0, -11, 24, 18, 4803 }, // U+0948
    { 10, 23, 104, -3, 23, 58, 4821 }, // U+0949
    { 13, 23, 104, -6, 23, 75, 4879 }, // U+094A
    { 11, 24, 104, -4, 24, 66, 4954 }, // U+094B
    { 12, 24, 104, -5, 24, 72, 5020 }, // U+094C
    { 9, 7, 0, -5, 0, 16, 5092 }, // U+094D
    { 6, 16, 109, 2, 16, 24, 5108 }, // U+094E
    { 13, 24, 104, -6, 24, 78, 5132 }, // U+094F
    { 22, 21, 365, 0, 22, 116, 5210 }, // U+0950
    { 3, 6, 0, -5, 22, 5, 5326 }, // U+0951
    { 10, 3, 0, -12, -1, 8, 5331 }, // U+0952
    { 5, 5, 0, -7, 22, 7, 5339 }, // U+0953
    { 5, 5, 0, -5, 22, 7, 5346 }, // U+0954
    { 10, 7, 0, -9, 23, 18, 5353 }, // U+0955
    { 10, 4, 0, -12, -1, 10, 5371 }, // U+0956
    { 11, 7, 0, -12, 0, 20, 5381 }, // U+0957
    { 20, 17, 307, 0, 16, 85, 5401 }, // U+0958
    { 21, 17, 327, 0, 16, 90, 5486 }, // U+0959
    { 15, 17, 225, 0, 16, 64, 5576 }, // U+095A
    { 19, 19, 297, 0, 16, 91, 5640 }, // U+095B
    { 15, 21, 214, -1, 16, 79, 5731 }, // U+095C
    { 15, 21, 225, 0, 16, 79, 5810 }, // U+095D
    { 20, 17, 308, 0, 16, 85, 5889 }, // U+095E
    { 15, 17, 232, 0, 16, 64, 5974 }, // U+095F
    { 22, 20, 341, 0, 16, 110, 6038 }, // U+0960
    { 19, 22, 280, 0, 16, 105, 6148 }, // U+0961
    { 14, 11, 0, -11, 1, 39, 6253 }, // U+0962
    { 15, 12, 0, -11, 1, 45, 6292 }, // U+0963
    { 3, 16, 152, 4, 16, 12, 6337 }, // U+0964
    { 9, 16, 240, 4, 16, 36, 6349 }, // U+0965
    { 11, 12, 208, 1, 14, 33, 6385 }, // U+0966
    { 9, 17, 208, 2, 16, 39, 6418 }, // U+0967
    { 11, 17, 208, 1, 16, 47, 6457 }, // U+0968
    { 11, 19, 208, 1, 16, 53, 6504 }, // U+0969
    { 11, 17, 208, 1, 17, 47, 6557 }, // U+096A
    { 11, 17, 208, 1, 17, 47, 6604 }, // U+096B
    { 11, 19, 208, 1, 16, 53, 6651 }, // U+096C
    { 12, 16, 208, 0, 17, 48, 6704 }, // U+096D
    { 11, 16, 208, 1, 16, 44, 6752 }, // U+096E
    { 9, 17, 208, 2, 16, 39, 6796 }, // U+096F
    { 9, 8, 170, 1, 15, 18, 6835 }, // U+0970
    { 4, 4, 127, 2, 17, 4, 6853 }, // U+0971
    { 20, 23, 306, 0, 23, 115, 6857 }, // U+0972
    { 20, 21, 306, 0, 21, 105, 6972 }, // U+0973
    { 26, 21, 409, 0, 21, 137, 7077 }, // U+0974
    { 26, 24, 409, 0, 24, 156, 7214 }, // U+0975
    { 20, 21, 306, 0, 16, 105, 7370 }, // U+0976
    { 20, 23, 306, 0, 16, 115, 7475 }, // U+0977
    { 15, 17, 222, 0, 16, 64, 7590 }, // U+0978
    { 19, 18, 297, 0, 16, 86, 7654 }, // U+0979
    { 15, 16, 232, 0, 16, 60, 7740 }, // U+097A
    { 15, 16, 226, 0, 16, 60, 7800 }, // U+097B
    { 19, 16, 297, 0, 16, 76, 7860 }, // U+097C
    { 10, 16, 188, 1, 16, 40, 7936 }, // U+097D
    { 15, 16, 216, -1, 16, 60, 7976 }, // U+097E
    { 15, 16, 228, 0, 16, 60, 8036 }, // U+097F
    { 11, 12, 204, 1, 14, 33, 8096 }, // U+25CC
    { 11, 20, 240, 2, 19, 55, 8129 }, // U+F0000
    { 0, 0, 104, 0, 0, 0, 8184 }, // U+F0001
    { 20, 16, 306, 0, 16, 80, 8184 }, // U+F0002
    { 26, 16, 409, 0, 16, 104, 8264 }, // U+F0003
    { 13, 21, 196, 0, 16, 69, 8368 }, // U+F0004
    { 13, 28, 196, 0, 23, 91, 8437 }, // U+F0005
    { 15, 16, 219, 0, 16, 60, 8528 }, // U+F0006
    { 20, 17, 314, 0, 16, 85, 8588 }, // U+F0007
    { 22, 17, 341, 0, 16, 94, 8673 }, // U+F0008
    { 22, 20, 341, 0, 16, 110, 8767 }, // U+F0009
    { 18, 19, 280, 0, 16, 86, 8877 }, // U+F000A
    { 19, 22, 280, 0, 16, 105, 8963 }, // U+F000B
    { 15, 19, 221, 0, 16, 72, 9068 }, // U+F000C
    { 15, 27, 221, 0, 24, 102, 9140 }, // U+F000D
    { 26, 24, 409, 0, 24, 156, 9242 }, // U+F000E
    { 26, 24, 409, 0, 24, 156, 9398 }, // U+F000F
    { 20, 23, 306, 0, 23, 115, 9554 }, // U+F0010
    { 15, 26, 221, 0, 23, 98, 9669 }, // U+F0011
    { 26, 23, 409, 0, 23, 150, 9767 }, // U+F0012
    { 20, 23, 306, 0, 23, 115, 9917 }, // U+F0013
    { 15, 26, 221, 0, 23, 98, 10032 }, // U+F0014
    { 26, 23, 409, 0, 23, 150, 10130 }, // U+F0015
    { 20, 21, 306, 0, 16, 105, 10280 }, // U+F0016
    { 20, 23, 306, 0, 16, 115, 10385 }, // U+F0017
    { 20, 21, 306, 0, 21, 105, 10500 }, // U+F0018
    { 26, 21, 409, 0, 21, 137, 10605 }, // U+F0019
    { 26, 24, 409, 0, 24, 156, 10742 }, // U+F001A
    { 7, 16, 104, 0, 16, 28, 10898 }, // U+F001B
    { 19, 23, 104, 0, 23, 110, 10926 }, // U+F001C
    { 13, 23, 104, -6, 23, 75, 11036 }, // U+F001D
    { 13, 8, 0, -12, 1, 26, 11111 }, // U+F001E
    { 13, 8, 0, -9, 1, 26, 11137 }, // U+F001F
    { 8, 8, 0, -7, 1, 16, 11163 }, // U+F0020
    { 9, 11, 0, -7, 0, 25, 11179 }, // U+F0021
    { 14, 11, 0, -11, 1, 39, 11204 }, // U+F0022
    { 15, 12, 0, -11, 1, 45, 11243 }, // U+F0023
    { 9, 8, 0, -11, 24, 18, 11288 }, // U+F0024
    { 9, 8, 0, -11, 24, 18, 11306 }, // U+F0025
    { 11, 24, 104, -4, 24, 66, 11324 }, // U+F0026
    { 12, 24, 104, -5, 24, 72, 11390 }, // U+F0027
    { 11, 6, 0, -9, 23, 17, 11462 }, // U+F0028
    { 10, 23, 104, -3, 23, 58, 11479 }, // U+F0029
    { 10, 8, 0, -12, 23, 20, 11537 }, // U+F002A
    { 13, 23, 104, -6, 23, 75, 11557 }, // U+F002B
    { 10, 4, 0, -12, -1, 10, 11632 }, // U+F002C
    { 11, 7, 0, -12, 0, 20, 11642 }, // U+F002D
    { 3, 6, 0, -5, 21, 5, 11662 }, // U+F002E
    { 7, 21, 104, 0, 21, 37, 11667 }, // U+F002F
    { 11, 9, 0, -12, 24, 25, 11704 }, // U+F0030
    { 13, 24, 104, -6, 24, 78, 11729 }, // U+F0031
    { 6, 16, 109, 2, 16, 24, 11807 }, // U+F0032
    { 10, 7, 0, -9, 23, 18, 11831 }, // U+F0033
    { 20, 16, 307, 0, 16, 80, 11849 }, // U+F0034
    { 21, 16, 327, 0, 16, 84, 11929 }, // U+F0035
    { 15, 16, 225, 0, 16, 60, 12013 }, // U+F0036
    { 16, 16, 236, 0, 16, 64, 12073 }, // U+F0037
    { 18, 16, 255, -1, 16, 72, 12137 }, // U+F0038
    { 17, 16, 254, 0, 16, 68, 12209 }, // U+F0039
    { 18, 16, 280, 0, 16, 72, 12277 }, // U+F003A
    { 19, 16, 297, 0, 16, 76, 12349 }, // U+F003B
    { 20, 21, 302, 0, 16, 105, 12425 }, // U+F003C
    { 19, 16, 297, 0, 16, 76, 12530 }, // U+F003D
    { 13, 16, 202, 0, 16, 52, 12606 }, // U+F003E
    { 15, 16, 232, 0, 16, 60, 12658 }, // U+F003F
    { 15, 16, 214, -1, 16, 60, 12718 }, // U+F0040
    { 15, 16, 225, 0, 16, 60, 12778 }, // U+F0041
    { 19, 16, 289, 0, 16, 76, 12838 }, // U+F0042
    { 15, 17, 228, 0, 16, 64, 12914 }, // U+F0043
    { 16, 16, 256, 1, 16, 64, 12978 }, // U+F0044
    { 14, 18, 212, 0, 16, 63, 13042 }, // U+F0045
    { 15, 16, 246, 1, 16, 60, 13105 }, // U+F0046
    { 15, 16, 222, 0, 16, 60, 13165 }, // U+F0047
    { 15, 16, 227, 0, 16, 60, 13225 }, // U+F0048
    { 20, 16, 308, 0, 16, 80, 13285 }, // U+F0049
    { 15, 16, 228, 0, 16, 60, 13365 }, // U+F004A
    { 17, 16, 281, 1, 16, 68, 13425 }, // U+F004B
    { 16, 16, 239, 0, 16, 64, 13493 }, // U+F004C
    { 15, 16, 232, 0, 16, 60, 13557 }, // U+F004D
    { 11, 17, 164, 0, 16, 47, 13617 }, // U+F004E
    { 18, 17, 271, 0, 16, 77, 13664 }, // U+F004F
    { 15, 16, 222, 0, 16, 60, 13741 }, // U+F0050
    { 18, 17, 272, 0, 16, 77, 13801 }, // U+F0051
    { 15, 16, 231, 0, 16, 60, 13878 }, // U+F0052
    { 18, 17, 270, 0, 16, 77, 13938 }, // U+F0053
    { 14, 20, 212, 0, 16, 70, 14015 }, // U+F0054
    { 20, 16, 304, 0, 16, 80, 14085 }, // U+F0055
    { 18, 19, 287, 1, 16, 86, 14165 }, // U+F0056
    { 17, 18, 256, 0, 16, 77, 14251 }, // U+F0057
    { 15, 16, 226, 0, 16, 60, 14328 }, // U+F0058
    { 19, 16, 297, 0, 16, 76, 14388 }, // U+F0059
    { 15, 16, 216, -1, 16, 60, 14464 }, // U+F005A
    { 15, 16, 228, 0, 16, 60, 14524 }, // U+F005B
    { 19, 18, 297, 0, 16, 86, 14584 }, // U+F005C
    { 15, 16, 232, 0, 16, 60, 14670 }, // U+F005D
    { 15, 17, 222, 0, 16, 64, 14730 }, // U+F005E
    { 23, 16, 370, 1, 16, 92, 14794 }, // U+F005F
    { 4, 3, 0, -5, 21, 3, 14886 }, // U+F0060
    { 11, 6, 0, -9, 23, 17, 14889 }, // U+F0061
    { 6, 15, 81, 0, 16, 23, 14906 }, // U+F0062
    { 9, 7, 0, -5, 0, 16, 14929 }, // U+F0063
    { 4, 3, 0, -9, -2, 3, 14945 }, // U+F0064
    { 11, 16, 187, 0, 16, 44, 14948 }, // U+F0065
    { 10, 16, 188, 1, 16, 40, 14992 }, // U+F0066
    { 4, 4, 127, 2, 17, 4, 15032 }, // U+F0067
    { 3, 6, 0, -5, 22, 5, 15036 }, // U+F0068
    { 10, 3, 0, -12, -1, 8, 15041 }, // U+F0069
    { 5, 5, 0, -7, 22, 7, 15049 }, // U+F006A
    { 5, 5, 0, -5, 22, 7, 15056 }, // U+F006B
    { 11, 6, 0, -9, 24, 17, 15063 }, // U+F006C
    { 11, 12, 208, 1, 14, 33, 15080 }, // U+F006D
    { 9, 17, 208, 2, 16, 39, 0 }, // U+F006E
    { 11, 17, 208, 1, 16, 47, 39 }, // U+F006F
    { 11, 19, 208, 1, 16, 53, 86 }, // U+F0070
    { 11, 17, 208, 1, 17, 47, 139 }, // U+F0071
    { 11, 17, 208, 1, 17, 47, 186 }, // U+F0072
    { 11, 19, 208, 1, 16, 53, 233 }, // U+F0073
    { 12, 16, 208, 0, 17, 48, 286 }, // U+F0074
    { 11, 16, 208, 1, 16, 44, 334 }, // U+F0075
    { 9, 17, 208, 2, 16, 39, 378 }, // U+F0076
    { 11, 19, 208, 1, 16, 53, 417 }, // U+F0077
    { 11, 15, 208, 1, 15, 42, 470 }, // U+F0078
    { 12, 17, 208, 1, 17, 51, 512 }, // U+F0079
    { 22, 21, 365, 0, 22, 116, 563 }, // U+F007A
    { 9, 8, 170, 1, 15, 18, 679 }, // U+F007B
    { 3, 16, 152, 4, 16, 12, 697 }, // U+F007C
    { 9, 16, 240, 4, 16, 36, 709 }, // U+F007D
    { 20, 17, 307, 0, 16, 85, 745 }, // U+F007E
    { 21, 17, 327, 0, 16, 90, 830 }, // U+F007F
    { 15, 17, 225, 0, 16, 64, 920 }, // U+F0080
    { 19, 19, 297, 0, 16, 91, 984 }, // U+F0081
    { 15, 21, 214, -1, 16, 79, 1075 }, // U+F0082
    { 15, 21, 225, 0, 16, 79, 1154 }, // U+F0083
    { 15, 17, 222, 0, 16, 64, 1233 }, // U+F0084
    { 20, 17, 308, 0, 16, 85, 1297 }, // U+F0085
    { 15, 17, 232, 0, 16, 64, 1382 }, // U+F0086
    { 11, 17, 164, 0, 16, 47, 1446 }, // U+F0087
    { 20, 20, 304, 0, 16, 100, 1493 }, // U+F0088
    { 17, 16, 244, 0, 16, 68, 1593 }, // U+F0089
    { 18, 16, 259, 0, 16, 72, 1661 }, // U+F008A
    { 8, 12, 112, 0, 16, 24, 1733 }, // U+F008B
    { 12, 14, 140, 0, 16, 42, 1757 }, // U+F008C
    { 13, 14, 158, 0, 16, 46, 1799 }, // U+F008D
    { 18, 16, 280, 0, 16, 72, 1845 }, // U+F008E
    { 15, 14, 229, 0, 16, 53, 1917 }, // U+F008F
    { 15, 21, 199, 0, 16, 79, 1970 }, // U+F0090
    { 15, 13, 212, 0, 16, 49, 2049 }, // U+F0091
    { 13, 13, 190, 0, 16, 43, 2098 }, // U+F0092
    { 10, 17, 140, 0, 16, 43, 2141 }, // U+F0093
    { 12, 14, 154, 1, 16, 42, 2184 }, // U+F0094
    { 12, 14, 150, 1, 16, 42, 2226 }, // U+F0095
    { 10, 11, 143, 0, 16, 28, 2268 }, // U+F0096
    { 11, 13, 123, 0, 16, 36, 2296 }, // U+F0097
    { 17, 16, 245, 0, 16, 68, 2332 }, // U+F0098
    { 12, 14, 160, 0, 16, 42, 2400 }, // U+F0099
    { 13, 13, 176, 1, 16, 43, 2442 }, // U+F009A
    { 11, 12, 140, 0, 16, 33, 2485 }, // U+F009B
    { 12, 13, 131, 0, 16, 39, 2518 }, // U+F009C
    { 14, 17, 200, 0, 16, 60, 2557 }, // U+F009D
    { 12, 14, 157, 0, 16, 42, 2617 }, // U+F009E
    { 10, 17, 170, 0, 16, 43, 2659 }, // U+F009F
    { 12, 13, 150, 0, 16, 39, 2702 }, // U+F00A0
    { 13, 17, 156, 0, 16, 56, 2741 }, // U+F00A1
    { 13, 20, 181, 0, 16, 65, 2797 }, // U+F00A2
    { 19, 16, 296, 0, 16, 76, 2862 }, // U+F00A3
    { 19, 16, 306, 1, 16, 76, 2938 }, // U+F00A4
    { 14, 19, 186, 1, 16, 67, 3014 }, // U+F00A5
    { 13, 18, 167, 0, 16, 59, 3081 }, // U+F00A6
    { 8, 16, 112, 0, 16, 32, 3140 }, // U+F00A7
    { 15, 16, 229, 0, 16, 60, 3172 }, // U+F00A8
    { 12, 16, 160, 0, 16, 48, 3232 }, // U+F00A9
    { 15, 18, 229, 0, 16, 68, 3280 }, // U+F00AA
    { 12, 13, 131, 0, 16, 39, 3348 }, // U+F00AB
    { 17, 17, 244, 0, 16, 73, 3387 }, // U+F00AC
    { 18, 17, 259, 0, 16, 77, 3460 }, // U+F00AD
    { 8, 17, 112, 0, 16, 34, 3537 }, // U+F00AE
    { 12, 17, 140, 0, 16, 51, 3571 }, // U+F00AF
    { 13, 17, 158, 0, 16, 56, 3622 }, // U+F00B0
    { 18, 21, 280, 0, 16, 95, 3678 }, // U+F00B1
    { 15, 19, 229, 0, 16, 72, 3773 }, // U+F00B2
    { 15, 21, 199, 0, 16, 79, 3845 }, // U+F00B3
    { 15, 18, 216, 0, 16, 68, 3924 }, // U+F00B4
    { 13, 17, 187, 0, 16, 56, 3992 }, // U+F00B5
    { 10, 21, 140, 0, 16, 53, 4048 }, // U+F00B6
    { 12, 17, 156, 1, 16, 51, 4101 }, // U+F00B7
    { 12, 17, 145, 1, 16, 51, 4152 }, // U+F00B8
    { 10, 17, 143, 0, 16, 43, 4203 }, // U+F00B9
    { 11, 17, 123, 0, 16, 47, 4246 }, // U+F00BA
    { 17, 17, 245, 0, 16, 73, 4293 }, // U+F00BB
    { 12, 17, 160, 0, 16, 51, 4366 }, // U+F00BC
    { 13, 17, 176, 1, 16, 56, 4417 }, // U+F00BD
    { 11, 17, 140, 0, 16, 47, 4473 }, // U+F00BE
    { 12, 17, 131, 0, 16, 51, 4520 }, // U+F00BF
    { 14, 21, 200, 0, 16, 74, 4571 }, // U+F00C0
    { 12, 17, 157, 0, 16, 51, 4645 }, // U+F00C1
    { 10, 17, 163, 0, 16, 43, 4696 }, // U+F00C2
    { 12, 17, 150, 0, 16, 51, 4739 }, // U+F00C3
    { 13, 17, 156, 0, 16, 56, 4790 }, // U+F00C4
    { 13, 22, 173, 0, 16, 72, 4846 }, // U+F00C5
    { 19, 20, 296, 0, 16, 95, 4918 }, // U+F00C6
    { 19, 17, 306, 1, 16, 81, 5013 }, // U+F00C7
    { 20, 17, 307, 0, 16, 85, 5094 }, // U+F00C8
    { 21, 19, 328, 0, 16, 100, 5179 }, // U+F00C9
    { 15, 17, 226, 0, 16, 64, 5279 }, // U+F00CA
    { 16, 17, 236, 0, 16, 68, 5343 }, // U+F00CB
    { 17, 17, 254, 0, 16, 73, 5411 }, // U+F00CC
    { 20, 17, 299, 0, 16, 85, 5484 }, // U+F00CD
    { 21, 21, 327, 0, 16, 111, 5569 }, // U+F00CE
    { 20, 17, 309, 0, 16, 85, 5680 }, // U+F00CF
    { 19, 17, 289, 0, 16, 81, 5765 }, // U+F00D0
    { 15, 16, 221, 0, 16, 60, 5846 }, // U+F00D1
    { 16, 17, 256, 1, 16, 68, 5906 }, // U+F00D2
    { 14, 18, 212, 0, 16, 63, 5974 }, // U+F00D3
    { 15, 18, 246, 1, 16, 68, 6037 }, // U+F00D4
    { 15, 17, 222, 0, 16, 64, 6105 }, // U+F00D5
    { 15, 17, 228, 0, 16, 64, 6169 }, // U+F00D6
    { 20, 17, 308, 0, 16, 85, 6233 }, // U+F00D7
    { 15, 17, 228, 0, 16, 64, 6318 }, // U+F00D8
    { 17, 17, 281, 1, 16, 73, 6382 }, // U+F00D9
    { 16, 17, 239, 0, 16, 68, 6455 }, // U+F00DA
    { 15, 17, 232, 0, 16, 64, 6523 }, // U+F00DB
    { 18, 17, 276, 0, 16, 77, 6587 }, // U+F00DC
    { 15, 17, 222, 0, 16, 64, 6664 }, // U+F00DD
    { 19, 16, 283, 0, 16, 76, 6728 }, // U+F00DE
    { 15, 17, 231, 0, 16, 64, 6804 }, // U+F00DF
    { 18, 17, 274, 0, 16, 77, 6868 }, // U+F00E0
    { 14, 20, 212, 0, 16, 70, 6945 }, // U+F00E1
    { 23, 17, 370, 1, 16, 98, 7015 }, // U+F00E2
    { 15, 18, 226, 0, 16, 68, 7113 }, // U+F00E3
    { 20, 18, 299, 0, 16, 90, 7181 }, // U+F00E4
    { 15, 19, 228, 0, 16, 72, 7271 }, // U+F00E5
    { 18, 19, 297, 1, 16, 86, 7343 }, // U+F00E6
    { 19, 18, 285, 0, 16, 86, 7429 }, // U+F00E7
    { 19, 18, 293, 0, 16, 86, 7515 }, // U+F00E8
    { 15, 17, 232, 0, 16, 64, 7601 }, // U+F00E9
    { 20, 16, 306, 0, 16, 80, 7665 }, // U+F00EA
    { 20, 20, 307, 0, 16, 100, 7745 }, // U+F00EB
    { 22, 19, 327, -1, 16, 105, 7845 }, // U+F00EC
    { 15, 21, 226, 0, 16, 79, 7950 }, // U+F00ED
    { 16, 20, 236, 0, 16, 80, 8029 }, // U+F00EE
    { 17, 20, 254, 0, 16, 85, 8109 }, // U+F00EF
    { 20, 17, 299, 0, 16, 85, 8194 }, // U+F00F0
    { 21, 21, 327, 0, 16, 111, 8279 }, // U+F00F1
    { 20, 17, 309, 0, 16, 85, 8390 }, // U+F00F2
    { 19, 17, 289, 0, 16, 81, 8475 }, // U+F00F3
    { 15, 19, 221, 0, 16, 72, 8556 }, // U+F00F4
    { 16, 20, 256, 1, 16, 80, 8628 }, // U+F00F5
    { 14, 21, 212, 0, 16, 74, 8708 }, // U+F00F6
    { 15, 20, 246, 1, 16, 75, 8782 }, // U+F00F7
    { 15, 21, 222, 0, 16, 79, 8857 }, // U+F00F8
    { 15, 20, 228, 0, 16, 75, 8936 }, // U+F00F9
    { 20, 20, 308, 0, 16, 100, 9011 }, // U+F00FA
    { 15, 20, 228, 0, 16, 75, 9111 }, // U+F00FB
    { 17, 21, 281, 1, 16, 90, 9186 }, // U+F00FC
    { 16, 21, 239, 0, 16, 84, 9276 }, // U+F00FD
    { 15, 20, 232, 0, 16, 75, 9360 }, // U+F00FE
    { 18, 20, 276, 0, 16, 90, 9435 }, // U+F00FF
    { 15, 20, 222, 0, 16, 75, 9525 }, // U+F0100
    { 19, 20, 283, 0, 16, 95, 9600 }, // U+F0101
    { 15, 20, 231, 0, 16, 75, 9695 }, // U+F0102
    { 18, 17, 274, 0, 16, 77, 9770 }, // U+F0103
    { 14, 21, 212, 0, 16, 74, 9847 }, // U+F0104
    { 23, 21, 370, 1, 16, 121, 9921 }, // U+F0105
    { 17, 17, 244, 0, 16, 73, 10042 }, // U+F0106
    { 17, 20, 259, 0, 16, 85, 10115 }, // U+F0107
    { 11, 17, 134, 0, 16, 47, 10200 }, // U+F0108
    { 12, 17, 140, 0, 16, 51, 10247 }, // U+F0109
    { 13, 17, 158, 0, 16, 56, 10298 }, // U+F010A
    { 18, 22, 280, 0, 16, 99, 10354 }, // U+F010B
    { 17, 17, 242, 0, 16, 73, 10453 }, // U+F010C
    { 18, 21, 259, 0, 16, 95, 10526 }, // U+F010D
    { 17, 17, 240, 0, 16, 73, 10621 }, // U+F010E
    { 15, 17, 198, 0, 16, 64, 10694 }, // U+F010F
    { 11, 15, 153, 0, 16, 42, 10758 }, // U+F0110
    { 12, 17, 156, 1, 16, 51, 10800 }, // U+F0111
    { 12, 18, 145, 1, 16, 54, 10851 }, // U+F0112
    { 11, 17, 154, 0, 16, 47, 10905 }, // U+F0113
    { 11, 17, 123, 0, 16, 47, 10952 }, // U+F0114
    { 17, 17, 245, 0, 16, 73, 10999 }, // U+F0115
    { 12, 17, 160, 0, 16, 51, 11072 }, // U+F0116
    { 14, 17, 213, 1, 16, 60, 11123 }, // U+F0117
    { 12, 17, 171, 0, 16, 51, 11183 }, // U+F0118
    { 12, 17, 131, 0, 16, 51, 11234 }, // U+F0119
    { 15, 17, 200, 0, 16, 64, 11285 }, // U+F011A
    { 12, 17, 157, 0, 16, 51, 11349 }, // U+F011B
    { 14, 16, 215, 0, 16, 56, 11400 }, // U+F011C
    { 12, 17, 150, 0, 16, 51, 11456 }, // U+F011D
    { 15, 17, 222, 0, 16, 64, 11507 }, // U+F011E
    { 19, 21, 296, 0, 16, 100, 11571 }, // U+F011F
    { 11, 18, 117, 0, 16, 50, 11671 }, // U+F0120
    { 16, 18, 203, 0, 16, 72, 11721 }, // U+F0121
    { 11, 19, 136, 0, 16, 53, 11793 }, // U+F0122
    { 15, 19, 234, 1, 16, 72, 11846 }, // U+F0123
    { 15, 18, 219, 0, 16, 68, 11918 }, // U+F0124
    { 17, 18, 242, 0, 16, 77, 11986 }, // U+F0125
    { 11, 17, 131, 0, 16, 47, 12063 }, // U+F0126
    { 17, 20, 244, 0, 16, 85, 12110 }, // U+F0127
    { 17, 20, 259, 0, 16, 85, 12195 }, // U+F0128
    { 11, 21, 134, 0, 16, 58, 12280 }, // U+F0129
    { 12, 20, 140, 0, 16, 60, 12338 }, // U+F012A
    { 13, 20, 158, 0, 16, 65, 12398 }, // U+F012B
    { 17, 20, 242, 0, 16, 85, 12463 }, // U+F012C
    { 18, 21, 259, 0, 16, 95, 12548 }, // U+F012D
    { 17, 17, 240, 0, 16, 73, 12643 }, // U+F012E
    { 15, 17, 198, 0, 16, 64, 12716 }, // U+F012F
    { 11, 19, 153, 0, 16, 53, 12780 }, // U+F0130
    { 12, 20, 156, 1, 16, 60, 12833 }, // U+F0131
    { 12, 20, 145, 1, 16, 60, 12893 }, // U+F0132
    { 11, 21, 154, 0, 16, 58, 12953 }, // U+F0133
    { 11, 20, 123, 0, 16, 55, 13011 }, // U+F0134
    { 17, 20, 245, 0, 16, 85, 13066 }, // U+F0135
    { 12, 20, 160, 0, 16, 60, 13151 }, // U+F0136
    { 14, 21, 213, 1, 16, 74, 13211 }, // U+F0137
    { 12, 21, 171, 0, 16, 63, 13285 }, // U+F0138
    { 12, 20, 131, 0, 16, 60, 13348 }, // U+F0139
    { 15, 21, 200, 0, 16, 79, 13408 }, // U+F013A
    { 12, 20, 157, 0, 16, 60, 13487 }, // U+F013B
    { 14, 20, 215, 0, 16, 70, 13547 }, // U+F013C
    { 12, 20, 150, 0, 16, 60, 13617 }, // U+F013D
    { 15, 17, 222, 0, 16, 64, 13677 }, // U+F013E
    { 19, 21, 296, 0, 16, 100, 13741 }, // U+F013F
    { 22, 17, 334, 0, 16, 94, 13841 }, // U+F0140
    { 18, 17, 273, 0, 16, 77, 13935 }, // U+F0141
    { 20, 16, 308, 0, 16, 80, 14012 }, // U+F0142
    { 32, 16, 476, -1, 16, 128, 14092 }, // U+F0143
    { 18, 21, 253, -1, 16, 95, 14220 }, // U+F0144
    { 18, 21, 253, -1, 16, 95, 14315 }, // U+F0145
    { 18, 21, 253, -1, 16, 95, 14410 }, // U+F0146
    { 18, 21, 253, -1, 16, 95, 14505 }, // U+F0147
    { 18, 21, 253, -1, 16, 95, 14600 }, // U+F0148
    { 28, 16, 428, 0, 16, 112, 14695 }, // U+F0149
    { 28, 21, 429, 0, 16, 147, 14807 }, // U+F014A
    { 32, 16, 500, 0, 16, 128, 14954 }, // U+F014B
    { 18, 21, 281, 0, 16, 95, 15082 }, // U+F014C
    { 14, 22, 196, -1, 16, 77, 0 }, // U+F014D
    { 14, 23, 196, -1, 16, 81, 77 }, // U+F014E
    { 26, 16, 406, 0, 16, 104, 158 }, // U+F014F
    { 15, 23, 228, 0, 16, 87, 262 }, // U+F0150
    { 29, 16, 452, 0, 16, 116, 349 }, // U+F0151
    { 15, 23, 217, -1, 16, 87, 465 }, // U+F0152
    { 15, 23, 217, -1, 16, 87, 552 }, // U+F0153
    { 29, 16, 435, -1, 16, 116, 639 }, // U+F0154
    { 29, 22, 435, -1, 16, 160, 755 }, // U+F0155
    { 15, 22, 222, 0, 16, 83, 915 }, // U+F0156
    { 29, 16, 443, 0, 16, 116, 998 }, // U+F0157
    { 18, 17, 276, 0, 16, 77, 1114 }, // U+F0158
    { 13, 17, 188, 0, 16, 56, 1191 }, // U+F0159
    { 14, 21, 213, 0, 16, 74, 1247 }, // U+F015A
    { 18, 21, 277, 0, 16, 95, 1321 }, // U+F015B
    { 13, 21, 194, 0, 16, 69, 1416 }, // U+F015C
    { 26, 21, 404, 0, 16, 137, 1485 }, // U+F015D
    { 21, 21, 320, 0, 16, 111, 1622 }, // U+F015E
    { 34, 21, 529, 0, 16, 179, 1733 }, // U+F015F
    { 15, 21, 232, 0, 16, 79, 1912 }, // U+F0160
    { 20, 20, 316, 0, 16, 100, 1991 }, // U+F0161
    { 19, 16, 293, 0, 16, 76, 2091 }, // U+F0162
    { 17, 16, 252, 0, 16, 68, 2167 }, // U+F0163
    { 13, 16, 152, 0, 16, 52, 2235 }, // U+F0164
    { 15, 21, 230, 0, 16, 79, 2287 }, // U+F0165
    { 29, 21, 448, 0, 16, 153, 2366 }, // U+F0166
    { 16, 16, 228, -1, 16, 64, 2519 }, // U+F0167
    { 15, 16, 228, 0, 16, 60, 2583 }, // U+F0168
    { 24, 16, 372, 0, 16, 96, 2643 }, // U+F0169
    { 24, 16, 369, 0, 16, 96, 2739 }, // U+F016A
    { 18, 17, 277, 0, 16, 77, 2835 }, // U+F016B
    { 15, 16, 205, 0, 16, 60, 2912 }, // U+F016C
    { 19, 16, 283, 0, 16, 76, 2972 }, // U+F016D
    { 28, 17, 436, 0, 16, 119, 3048 }, // U+F016E
    { 18, 17, 275, 0, 16, 77, 3167 }, // U+F016F
    { 15, 16, 205, 0, 16, 60, 3244 }, // U+F0170
    { 15, 16, 234, 0, 16, 60, 3304 }, // U+F0171
    { 28, 16, 440, 0, 16, 112, 3364 }, // U+F0172
    { 16, 16, 236, 0, 16, 64, 3476 }, // U+F0173
    { 29, 16, 451, 0, 16, 116, 3540 }, // U+F0174
    { 16, 21, 249, 0, 16, 84, 3656 }, // U+F0175
    { 16, 21, 249, 0, 16, 84, 3740 }, // U+F0176
    { 21, 21, 320, 0, 16, 111, 3824 }, // U+F0177
    { 21, 21, 315, 0, 16, 111, 3935 }, // U+F0178
    { 17, 21, 246, 0, 16, 90, 4046 }, // U+F0179
    { 17, 21, 249, 0, 16, 90, 4136 }, // U+F017A
    { 29, 21, 444, 0, 16, 153, 4226 }, // U+F017B
    { 18, 17, 280, 0, 16, 77, 4379 }, // U+F017C
    { 18, 17, 280, 0, 16, 77, 4456 }, // U+F017D
    { 18, 21, 280, 0, 16, 95, 4533 }, // U+F017E
    { 28, 17, 436, 0, 16, 119, 4628 }, // U+F017F
    { 18, 17, 269, 0, 16, 77, 4747 }, // U+F0180
    { 12, 18, 173, 0, 16, 54, 4824 }, // U+F0181
    { 12, 18, 173, 0, 16, 54, 4878 }, // U+F0182
    { 24, 17, 377, 0, 16, 102, 4932 }, // U+F0183
    { 17, 20, 264, 0, 16, 85, 5034 }, // U+F0184
    { 15, 17, 222, 0, 16, 64, 5119 }, // U+F0185
    { 21, 16, 326, 0, 16, 84, 5183 }, // U+F0186
    { 20, 16, 312, 0, 16, 80, 5267 }, // U+F0187
    { 15, 23, 212, 0, 16, 87, 5347 }, // U+F0188
    { 18, 24, 212, 0, 16, 108, 5434 }, // U+F0189
    { 15, 23, 212, 0, 16, 87, 5542 }, // U+F018A
    { 16, 17, 239, 0, 16, 68, 5629 }, // U+F018B
    { 20, 17, 311, 0, 16, 85, 5697 }, // U+F018C
    { 16, 17, 225, 0, 16, 68, 5782 }, // U+F018D
    { 20, 17, 315, 0, 16, 85, 5850 }, // U+F018E
    { 19, 23, 278, 0, 16, 110, 5935 }, // U+F018F
    { 14, 25, 212, 0, 16, 88, 6045 }, // U+F0190
    { 15, 25, 212, 0, 16, 94, 6133 }, // U+F0191
    { 15, 21, 220, 0, 16, 79, 6227 }, // U+F0192
    { 15, 23, 220, 0, 16, 87, 6306 }, // U+F0193
    { 14, 23, 212, 0, 16, 81, 6393 }, // U+F0194
    { 16, 23, 212, 0, 16, 92, 6474 }, // U+F0195
    { 14, 25, 212, 0, 16, 88, 6566 }, // U+F0196
    { 15, 25, 212, 0, 16, 94, 6654 }, // U+F0197
    { 8, 7, 0, -7, 23, 14, 6748 }, // U+F0198
    { 12, 10, 152, 0, 16, 30, 6762 }, // U+F0199
    { 12, 6, 0, -11, 0, 18, 6792 }, // U+F019A
    { 4, 3, 0, -5, 21, 3, 6810 }, // U+F019B
    { 7, 7, 0, -6, 23, 13, 6813 }, // U+F019C
    { 9, 7, 0, -6, 23, 16, 6826 }, // U+F019D
    { 11, 7, 0, -11, 23, 20, 6842 }, // U+F019E
    { 15, 7, 0, -11, 23, 27, 6862 }, // U+F019F
    { 13, 7, 0, -11, 23, 23, 6889 }, // U+F01A0
    { 13, 7, 0, -11, 23, 23, 6912 }, // U+F01A1
    { 15, 7, 0, -11, 23, 27, 6935 }, // U+F01A2
    { 11, 7, 0, -11, 23, 20, 6962 }, // U+F01A3
    { 15, 7, 0, -11, 23, 27, 6982 }, // U+F01A4
    { 13, 7, 0, -11, 23, 23, 7009 }, // U+F01A5
    { 12, 7, 0, -11, 23, 21, 7032 }, // U+F01A6
    { 15, 7, 0, -11, 23, 27, 7053 }, // U+F01A7
    { 13, 7, 0, -12, 23, 23, 7080 }, // U+F01A8
    { 17, 7, 0, -12, 23, 30, 7103 }, // U+F01A9
    { 15, 7, 0, -13, 23, 27, 7133 }, // U+F01AA
    { 15, 7, 0, -13, 23, 27, 7160 }, // U+F01AB
    { 17, 7, 0, -13, 23, 30, 7187 }, // U+F01AC
    { 11, 6, 0, -9, 23, 17, 7217 }, // U+F01AD
    { 15, 7, 0, -14, 23, 27, 7234 }, // U+F01AE
    { 15, 7, 0, -14, 23, 27, 7261 }, // U+F01AF
    { 17, 7, 0, -14, 23, 30, 7288 }, // U+F01B0
    { 14, 6, 0, -12, 23, 21, 7318 }, // U+F01B1
    { 12, 8, 0, -12, 24, 24, 7339 }, // U+F01B2
    { 16, 7, 0, -12, 23, 28, 7363 }, // U+F01B3
    { 14, 7, 0, -12, 23, 25, 7391 }, // U+F01B4
    { 13, 7, 0, -12, 23, 23, 7416 }, // U+F01B5
    { 15, 7, 0, -12, 23, 27, 7439 }, // U+F01B6
    { 7, 7, 0, -5, 22, 13, 7466 }, // U+F01B7
    { 11, 7, 0, -5, 23, 20, 7479 }, // U+F01B8
    { 11, 7, 0, -7, 23, 20, 7499 }, // U+F01B9
    { 10, 7, 0, -7, 23, 18, 7519 }, // U+F01BA
    { 12, 7, 0, -7, 23, 21, 7537 }, // U+F01BB
    { 14, 23, 104, 0, 23, 81, 7558 }, // U+F01BC
    { 17, 23, 104, 0, 23, 98, 7639 }, // U+F01BD
    { 18, 23, 104, 0, 23, 104, 7737 }, // U+F01BE
    { 19, 23, 104, 0, 23, 110, 7841 }, // U+F01BF
    { 19, 23, 104, 0, 23, 110, 7951 }, // U+F01C0
    { 20, 23, 104, 0, 23, 115, 8061 }, // U+F01C1
    { 21, 23, 104, 0, 23, 121, 8176 }, // U+F01C2
    { 22, 23, 104, 0, 23, 127, 8297 }, // U+F01C3
    { 22, 23, 104, 0, 23, 127, 8424 }, // U+F01C4
    { 23, 23, 104, 0, 23, 133, 8551 }, // U+F01C5
    { 25, 23, 104, 0, 23, 144, 8684 }, // U+F01C6
    { 28, 23, 104, 0, 23, 161, 8828 }, // U+F01C7
    { 29, 23, 104, 0, 23, 167, 8989 }, // U+F01C8
    { 32, 23, 104, 0, 23, 184, 9156 }, // U+F01C9
    { 35, 23, 104, 0, 23, 202, 9340 }, // U+F01CA
    { 16, 23, 104, 0, 23, 92, 9542 }, // U+F01CB
    { 18, 23, 104, 0, 23, 104, 9634 }, // U+F01CC
    { 19, 23, 104, 0, 23, 110, 9738 }, // U+F01CD
    { 20, 23, 104, 0, 23, 115, 9848 }, // U+F01CE
    { 20, 23, 104, 0, 23, 115, 9963 }, // U+F01CF
    { 22, 23, 104, 0, 23, 127, 10078 }, // U+F01D0
    { 22, 23, 104, 0, 23, 127, 10205 }, // U+F01D1
    { 23, 23, 104, 0, 23, 133, 10332 }, // U+F01D2
    { 23, 23, 104, 0, 23, 133, 10465 }, // U+F01D3
    { 24, 23, 104, 0, 23, 138, 10598 }, // U+F01D4
    { 26, 23, 104, 0, 23, 150, 10736 }, // U+F01D5
    { 28, 23, 104, 0, 23, 161, 10886 }, // U+F01D6
    { 30, 23, 104, 0, 23, 173, 11047 }, // U+F01D7
    { 33, 23, 104, 0, 23, 190, 11220 }, // U+F01D8
    { 36, 23, 104, 0, 23, 207, 11410 }, // U+F01D9
    { 19, 23, 104, 0, 23, 110, 11617 }, // U+F01DA
    { 21, 23, 104, 0, 23, 121, 11727 }, // U+F01DB
    { 22, 23, 104, 0, 23, 127, 11848 }, // U+F01DC
    { 23, 23, 104, 0, 23, 133, 11975 }, // U+F01DD
    { 23, 23, 104, 0, 23, 133, 12108 }, // U+F01DE
    { 24, 23, 104, 0, 23, 138, 12241 }, // U+F01DF
    { 25, 23, 104, 0, 23, 144, 12379 }, // U+F01E0
    { 26, 23, 104, 0, 23, 150, 12523 }, // U+F01E1
    { 26, 23, 104, 0, 23, 150, 12673 }, // U+F01E2
    { 27, 23, 104, 0, 23, 156, 12823 }, // U+F01E3
    { 28, 23, 104, 0, 23, 161, 12979 }, // U+F01E4
    { 31, 23, 104, 0, 23, 179, 13140 }, // U+F01E5
    { 33, 23, 104, 0, 23, 190, 13319 }, // U+F01E6
    { 35, 23, 104, 0, 23, 202, 13509 }, // U+F01E7
    { 38, 23, 104, 0, 23, 219, 13711 }, // U+F01E8
    { 18, 23, 104, 0, 23, 104, 13930 }, // U+F01E9
    { 20, 23, 104, 0, 23, 115, 14034 }, // U+F01EA
    { 21, 23, 104, 0, 23, 121, 14149 }, // U+F01EB
    { 22, 23, 104, 0, 23, 127, 14270 }, // U+F01EC
    { 22, 23, 104, 0, 23, 127, 14397 }, // U+F01ED
    { 23, 23, 104, 0, 23, 133, 14524 }, // U+F01EE
    { 24, 23, 104, 0, 23, 138, 14657 }, // U+F01EF
    { 25, 23, 104, 0, 23, 144, 14795 }, // U+F01F0
    { 25, 23, 104, 0, 23, 144, 14939 }, // U+F01F1
    { 26, 23, 104, 0, 23, 150, 15083 }, // U+F01F2
    { 28, 23, 104, 0, 23, 161, 0 }, // U+F01F3
    { 31, 23, 104, 0, 23, 179, 161 }, // U+F01F4
    { 32, 23, 104, 0, 23, 184, 340 }, // U+F01F5
    { 35, 23, 104, 0, 23, 202, 524 }, // U+F01F6
    { 38, 23, 104, 0, 23, 219, 726 }, // U+F01F7
    { 18, 23, 104, 0, 23, 104, 945 }, // U+F01F8
    { 20, 23, 104, 0, 23, 115, 1049 }, // U+F01F9
    { 21, 23, 104, 0, 23, 121, 1164 }, // U+F01FA
    { 22, 23, 104, 0, 23, 127, 1285 }, // U+F01FB
    { 22, 23, 104, 0, 23, 127, 1412 }, // U+F01FC
    { 23, 23, 104, 0, 23, 133, 1539 }, // U+F01FD
    { 24, 23, 104, 0, 23, 138, 1672 }, // U+F01FE
    { 25, 23, 104, 0, 23, 144, 1810 }, // U+F01FF
    { 25, 23, 104, 0, 23, 144, 1954 }, // U+F0200
    { 26, 23, 104, 0, 23, 150, 2098 }, // U+F0201
    { 28, 23, 104, 0, 23, 161, 2248 }, // U+F0202
    { 31, 23, 104, 0, 23, 179, 2409 }, // U+F0203
    { 32, 23, 104, 0, 23, 184, 2588 }, // U+F0204
    { 35, 23, 104, 0, 23, 202, 2772 }, // U+F0205
    { 38, 23, 104, 0, 23, 219, 2974 }, // U+F0206
    { 19, 23, 104, 0, 23, 110, 3193 }, // U+F0207
    { 21, 23, 104, 0, 23, 121, 3303 }, // U+F0208
    { 23, 23, 104, 0, 23, 133, 3424 }, // U+F0209
    { 23, 23, 104, 0, 23, 133, 3557 }, // U+F020A
    { 23, 23, 104, 0, 23, 133, 3690 }, // U+F020B
    { 25, 23, 104, 0, 23, 144, 3823 }, // U+F020C
    { 25, 23, 104, 0, 23, 144, 3967 }, // U+F020D
    { 26, 23, 104, 0, 23, 150, 4111 }, // U+F020E
    { 27, 23, 104, 0, 23, 156, 4261 }, // U+F020F
    { 28, 23, 104, 0, 23, 161, 4417 }, // U+F0210
    { 30, 23, 104, 0, 23, 173, 4578 }, // U+F0211
    { 32, 23, 104, 0, 23, 184, 4751 }, // U+F0212
    { 34, 23, 104, 0, 23, 196, 4935 }, // U+F0213
    { 37, 23, 104, 0, 23, 213, 5131 }, // U+F0214
    { 40, 23, 104, 0, 23, 230, 5344 }, // U+F0215
    { 14, 23, 104, -7, 23, 81, 5574 }, // U+F0216
    { 15, 23, 104, -8, 23, 87, 5655 }, // U+F0217
    { 18, 23, 104, -11, 23, 104, 5742 }, // U+F0218
    { 13, 23, 104, -6, 23, 75, 5846 }, // U+F0219
    { 14, 23, 104, -7, 23, 81, 5921 }, // U+F021A
    { 15, 23, 104, -8, 23, 87, 6002 }, // U+F021B
    { 18, 23, 104, -11, 23, 104, 6089 }, // U+F021C
    { 17, 23, 104, -6, 23, 98, 6193 }, // U+F021D
    { 17, 23, 104, -7, 23, 98, 6291 }, // U+F021E
    { 18, 23, 104, -8, 23, 104, 6389 }, // U+F021F
    { 20, 23, 104, -11, 23, 115, 6493 }, // U+F0220
    { 14, 23, 104, -6, 23, 81, 6608 }, // U+F0221
    { 15, 23, 104, -7, 23, 87, 6689 }, // U+F0222
    { 16, 23, 104, -8, 23, 92, 6776 }, // U+F0223
    { 19, 23, 104, -11, 23, 110, 6868 }, // U+F0224
    { 14, 23, 104, -6, 23, 81, 6978 }, // U+F0225
    { 15, 23, 104, -7, 23, 87, 7059 }, // U+F0226
    { 16, 23, 104, -8, 23, 92, 7146 }, // U+F0227
    { 19, 23, 104, -11, 23, 110, 7238 }, // U+F0228
    { 16, 23, 104, -6, 23, 92, 7348 }, // U+F0229
    { 17, 23, 104, -7, 23, 98, 7440 }, // U+F022A
    { 18, 23, 104, -8, 23, 104, 7538 }, // U+F022B
    { 21, 23, 104, -11, 23, 121, 7642 }, // U+F022C
    { 15, 14, 229, 0, 16, 53, 7763 }, // U+F022D
    { 15, 19, 229, 0, 16, 72, 7816 }, // U+F022E
    { 11, 12, 107, 0, 16, 33, 7888 }, // U+F022F
    { 13, 12, 140, 0, 16, 39, 7921 }, // U+F0230
    { 18, 14, 249, -1, 16, 63, 7960 }, // U+F0231
    { 18, 14, 281, 0, 16, 63, 8023 }, // U+F0232
    { 13, 13, 202, 0, 16, 43, 8086 }, // U+F0233
    { 15, 13, 234, 0, 16, 49, 8129 }, // U+F0234
    { 15, 14, 217, -1, 16, 53, 8178 }, // U+F0235
    { 15, 13, 226, 0, 16, 49, 8231 }, // U+F0236
    { 14, 19, 212, 0, 16, 67, 8280 }, // U+F0237
    { 14, 19, 213, 0, 16, 67, 8347 }, // U+F0238
    { 13, 18, 194, 0, 16, 59, 8414 }, // U+F0239
    { 21, 18, 317, 0, 16, 95, 8473 }, // U+F023A
    { 20, 13, 304, 0, 16, 65, 8568 }, // U+F023B
    { 4, 3, 0, -9, 0, 3, 8633 }, // U+F023C
    { 11, 8, 0, -10, 1, 22, 8636 }, // U+F023D
    { 15, 8, 0, -14, 1, 30, 8658 }, // U+F023E
    { 17, 8, 0, -13, 1, 34, 8688 }, // U+F023F
    { 12, 8, 0, -11, 1, 24, 8722 }, // U+F0240
    { 13, 11, 0, -11, 0, 36, 8746 }, // U+F0241
    { 18, 11, 0, -15, 1, 50, 8782 }, // U+F0242
    { 19, 12, 0, -15, 1, 57, 8832 }, // U+F0243
    { 13, 4, 0, -14, -2, 13, 8889 }, // U+F0244
    { 13, 7, 0, -14, 0, 23, 8902 }, // U+F0245
    { 13, 7, 0, -9, 0, 23, 8925 }, // U+F0246
    { 11, 11, 0, -11, 0, 31, 8948 }, // U+F0247
    { 11, 11, 0, -10, 0, 31, 8979 }, // U+F0248
    { 10, 11, 0, -10, 0, 28, 9010 }, // U+F0249
    { 10, 15, 0, -10, 1, 38, 9038 }, // U+F024A
    { 11, 14, 0, -10, 1, 39, 9076 }, // U+F024B
    { 11, 14, 0, -10, 1, 39, 9115 }, // U+F024C
    { 10, 9, 0, -10, 0, 23, 9154 }, // U+F024D
    { 10, 11, 0, -10, 1, 28, 9177 }, // U+F024E
    { 11, 11, 0, -10, 0, 31, 9205 }, // U+F024F
    { 12, 6, 0, -11, 0, 18, 9236 }, // U+F0250
    { 12, 11, 0, -11, 0, 33, 9254 }, // U+F0251
    { 13, 11, 0, -11, 0, 36, 9287 }, // U+F0252
    { 12, 11, 0, -11, 0, 33, 9323 }, // U+F0253
    { 12, 14, 0, -11, 0, 42, 9356 }, // U+F0254
    { 13, 13, 0, -11, 0, 43, 9398 }, // U+F0255
    { 13, 13, 0, -11, 0, 43, 9441 }, // U+F0256
    { 12, 9, 0, -11, 0, 27, 9484 }, // U+F0257
    { 12, 11, 0, -11, 1, 33, 9511 }, // U+F0258
    { 13, 10, 0, -11, 0, 33, 9544 }, // U+F0259
    { 12, 7, 0, -11, 1, 21, 9577 }, // U+F025A
    { 12, 7, 0, -9, 1, 21, 9598 }, // U+F025B
    { 8, 8, 0, -7, 1, 16, 9619 }, // U+F025C
    { 11, 8, 0, -9, 1, 22, 9635 }, // U+F025D
    { 11, 8, 0, -9, 1, 22, 9657 }, // U+F025E
    { 11, 8, 0, -10, 1, 22, 9679 }, // U+F025F
    { 15, 8, 0, -13, 1, 30, 9701 }, // U+F0260
    { 15, 8, 0, -13, 1, 30, 9731 }, // U+F0261
    { 11, 4, 0, -13, -1, 11, 9761 }, // U+F0262
    { 11, 6, 0, -13, -1, 17, 9772 }, // U+F0263
    { 3, 6, 0, -3, 22, 5, 9789 }, // U+F0264
    { 3, 6, 0, 0, 22, 5, 9794 }, // U+F0265
    { 3, 6, 0, 2, 22, 5, 9799 }, // U+F0266
    { 3, 6, 0, 1, 22, 5, 9804 }, // U+F0267
    { 3, 6, 0, 2, 22, 5, 9809 }, // U+F0268
    { 10, 3, 0, -12, -7, 8, 9814 }, // U+F0269
    { 14, 23, 212, 0, 16, 81, 9822 }, // U+F026A
    { 15, 23, 212, 0, 16, 87, 9903 }, // U+F026B
    { 14, 23, 212, 0, 16, 81, 9990 }, // U+F026C
    { 15, 23, 212, 0, 16, 87, 10071 }, // U+F026D
    { 10, 11, 0, -10, 1, 28, 10158 }, // U+F026E
    { 11, 11, 0, -10, 0, 31, 10186 }, // U+F026F
    { 12, 12, 0, -10, 1, 36, 10217 }, // U+F0270
    { 0, 0, 0, 0, 0, 0, 10253 }, // U+F0271
    { 2, 24, 0, -1, 20, 12, 10253 }, // U+F0272
    { 8, 24, 0, -4, 20, 48, 10265 }, // U+F0273
    { 11, 12, 204, 1, 14, 33, 10313 }, // U+F0274
    { 4, 3, 0, -9, -2, 3, 10346 }, // U+F0275
};

static const EpdUnicodeInterval devanagari_12_regularIntervals[] = {
    { 0x900, 0x97F, 0x0 },
    { 0x25CC, 0x25CC, 0x80 },
    { 0xF0000, 0xF0275, 0x81 },
};

static const EpdFontGroup devanagari_12_regularGroups[] = {
    { 0, 3532, 16369, 239, 0 },
    { 3532, 5363, 16379, 223, 239 },
    { 8895, 4983, 16264, 166, 462 },
    { 13878, 2825, 11092, 131, 628 },
};

static BuiltinShapingFace devanagari_12_regularShaping = {
    devanagariSansLayout,
    sizeof(devanagariSansLayout),
    0x19FB3245,
    1600,
    &devanagari_12_regularGlyphs[129],
    630,
    nullptr,
};

static constexpr EpdFontData devanagari_12_regular = {
    devanagari_12_regularBitmaps,
    devanagari_12_regularGlyphs,
    devanagari_12_regularIntervals,
    3,
    33,
    23,
    -11,
    true,
    devanagari_12_regularGroups,
    4,
    nullptr,
    nullptr,
    nullptr,
    nullptr,
    nullptr,
    nullptr,
    nullptr,
    nullptr,
    nullptr,
    nullptr,
    nullptr,
    0,
    0,
    0,
    0,
    nullptr,
    0,
    nullptr,  // glyphMissHandler
    nullptr,  // glyphMissCtx
    nullptr,  // coverageHandler
    &builtinShaping::shape,
    &devanagari_12_regularShaping,
};
