/**
 * generated by fontconvert.py
 * name: gujarati_14_regular
 * size: 14
 * mode: 2-bit  compressed: true
 * Command used: fontconvert.py gujarati_14_regular 14 ../builtinFonts/source/NotoSansGujarati/NotoSansGujarati-Regular.ttf --no-default-intervals --additional-intervals 0x0A80,0x0AFF --additional-intervals 0x0964,0x0965 --additional-intervals 0x200C,0x200D --additional-intervals 0x25CC,0x25CC --shaping-font ../builtinFonts/source/NotoSansGujarati/NotoSansGujarati-Regular.ttf --shaping-scripts gujarati --shaping-layout-symbol gujaratiLayout --shaping-layout-header gujarati_layout.h --shaping-layout-font ../builtinFonts/source/NotoSansGujarati/NotoSansGujarati-Regular.ttf --2bit --compress --pnum --darken-aa --zopfli --max-group-bytes 16384
 */
#pragma once
#include "EpdFontData.h"

#include "BuiltinShaping.h"
#include "gujarati_layout.h"

static const uint8_t gujarati_14_regularBitmaps[28916] = {
    0xD5, 0x98, 0x3F, 0xCC, 0x24, 0xC9, 0x59, 0xFF, 0x3F, 0xDD, 0xE5, 0xDF, 0xB6, 0x7F, 0x6E, 0xE1,
    0xDA, 0xC0, 0x20, 0xCC, 0x19, 0x77, 0xE2, 0xC0, 0x48, 0xD6, 0xF5, 0x05, 0x0E, 0x16, 0x69, 0xDF,
    0xA9, 0x06, 0x42, 0x27, 0x46, 0x3A, 0xDF, 0x82, 0x36, 0xD8, 0x0B, 0x9D, 0xA0, 0x37, 0xBD, 0x60,
    0xDE, 0xED, 0x36, 0xE4, 0x62, 0x03, 0x1F, 0x17, 0x38, 0x20, 0x21, 0x20, 0x33, 0x42, 0x17, 0xAC,
    0xA5, 0x79, 0xDF, 0x2E, 0x70, 0xE0, 0xB4, 0x25, 0xB4, 0x5C, 0xDA, 0xC8, 0xFB, 0xC6, 0x57, 0x48,
    0x75, 0xA2, 0x96, 0xAB, 0xE9, 0x87, 0xAA, 0xF9, 0xC7, 0xDC, 0xDE, 0x1F, 0xD9, 0x07, 0x12, 0xBE,
    0x99, 0xF9, 0x7E, 0x9E, 0xDE, 0x9E, 0xEA, 0xAE, 0x6F, 0xEF, 0xFB, 0xD4, 0x53, 0x53, 0xF5, 0xED,
    0xF5, 0xCB, 0xAF, 0x6F, 0x97, 0xC3, 0x5A, 0x4D, 0xBF, 0xEE, 0x87, 0x57, 0x01, 0x03, 0xF7, 0x5F,
    0xD5, 0x18, 0x0C, 0xCD, 0xB3, 0x2D, 0x95, 0x04, 0x18, 0x2D, 0x4F, 0x63, 0x7C, 0x7A, 0x25, 0x72,
    0x05, 0x40, 0x3E, 0x68, 0x17, 0x60, 0x8D, 0x11, 0x9B, 0xC3, 0x1F, 0x3C, 0x74, 0x39, 0x50, 0xEE,
    0x03, 0xFE, 0x10, 0x74, 0x97, 0x42, 0xB1, 0x0F, 0xCA, 0xE5, 0xD0, 0xFE, 0x74, 0xD2, 0x3F, 0x8A,
    0x18, 0xA1, 0x91, 0x48, 0x1B, 0x68, 0x53, 0x20, 0xB2, 0x62, 0x0D, 0xE3, 0x1B, 0x31, 0x87, 0x56,
    0x7C, 0x0E, 0xA5, 0x0C, 0x39, 0x00, 0x98, 0x6E, 0x1F, 0xE6, 0x4C, 0xEA, 0xE9, 0xD0, 0xFB, 0xA9,
    0xFF, 0x93, 0x83, 0x93, 0x87, 0x93, 0x8B, 0x93, 0x8F, 0x93, 0x93, 0x93, 0x97, 0x93, 0x9B, 0xF5,
    0xD1, 0xCF, 0xFA, 0xE8, 0x68, 0x7D, 0xF4, 0x74, 0x72, 0x75, 0xF2, 0x75, 0x72, 0x76, 0xF2, 0x76,
    0x72, 0x77, 0xF4, 0x37, 0xD7, 0x13, 0x70, 0x17, 0xF0, 0xA0, 0x42, 0xD2, 0x5C, 0x2F, 0x95, 0x35,
    0x49, 0xCB, 0xEB, 0x6A, 0x0A, 0xA8, 0x39, 0x50, 0xBA, 0x08, 0xE1, 0x0A, 0x36, 0x46, 0x86, 0x95,
    0x96, 0xC1, 0xE8, 0x5B, 0xDA, 0x16, 0xDA, 0xD5, 0x5E, 0x26, 0x69, 0xD5, 0x42, 0xD4, 0xB7, 0x8F,
    0x42, 0x25, 0x32, 0x31, 0x2E, 0x80, 0xCA, 0x68, 0x64, 0x02, 0xF3, 0x13, 0x07, 0x57, 0x04, 0x58,
    0xF3, 0x6E, 0x06, 0x70, 0x91, 0xB1, 0xCA, 0x68, 0xA1, 0xDE, 0xEA, 0x01, 0xB3, 0xAD, 0x2D, 0xA9,
    0xDB, 0x99, 0xDC, 0x67, 0x02, 0x81, 0x08, 0x1B, 0xAE, 0xE0, 0x82, 0xDC, 0x37, 0x5A, 0xBA, 0x16,
    0xFD, 0x9C, 0x96, 0x16, 0x5A, 0x56, 0x07, 0x98, 0x8C, 0x15, 0xD9, 0x02, 0xFA, 0xF6, 0x61, 0x60,
    0x67, 0x62, 0xEF, 0x02, 0xA0, 0x16, 0x4B, 0x2F, 0xB6, 0x5C, 0x3A, 0x2A, 0x07, 0xDA, 0x42, 0x7B,
    0xE8, 0xFD, 0xAA, 0x92, 0x61, 0xD3, 0x8A, 0x8B, 0x5F, 0x7D, 0x10, 0x02, 0xC4, 0xA4, 0x4D, 0x96,
    0xA7, 0x08, 0x81, 0x4B, 0x17, 0x0A, 0xB1, 0x01, 0x71, 0x1B, 0x0A, 0xBF, 0x86, 0xCD, 0x2A, 0xA9,
    0xED, 0xD8, 0xE8, 0x89, 0x58, 0x6D, 0x1F, 0xFA, 0x42, 0x64, 0xA6, 0x91, 0x0E, 0x00, 0xA8, 0xE4,
    0x05, 0x60, 0x44, 0x06, 0x8A, 0xE4, 0xD5, 0xA1, 0x3C, 0x65, 0x44, 0x5B, 0x78, 0x4C, 0xD3, 0x41,
    0xDB, 0x19, 0xB2, 0x83, 0x8B, 0xD4, 0x6F, 0x35, 0xE5, 0x9E, 0xD5, 0xB4, 0x49, 0x7D, 0xAB, 0x29,
    0x40, 0xDC, 0x71, 0x73, 0x64, 0xF6, 0xA0, 0xA6, 0xEC, 0x22, 0x31, 0xF9, 0x48, 0x24, 0xB7, 0xCF,
    0x5E, 0xD4, 0xB4, 0xDE, 0xB5, 0x59, 0xED, 0xD8, 0xEE, 0x98, 0x3D, 0xA9, 0x39, 0xBB, 0x52, 0x3B,
    0x5F, 0x85, 0xD0, 0x2C, 0x1D, 0x3D, 0xC7, 0x97, 0x3F, 0xB2, 0x59, 0x32, 0x47, 0xB1, 0x1E, 0xB7,
    0x7A, 0xE8, 0xBC, 0x8A, 0x77, 0x89, 0x51, 0x45, 0x58, 0xC9, 0x3B, 0x89, 0x8D, 0x88, 0x87, 0xFE,
    0x03, 0x09, 0x94, 0x8B, 0x67, 0x43, 0xEB, 0x3C, 0x17, 0x85, 0x0C, 0x89, 0x2A, 0xE2, 0xB9, 0x62,
    0xC6, 0x97, 0x11, 0x08, 0xA5, 0x03, 0xB6, 0xDD, 0x00, 0xF4, 0x16, 0xA0, 0xD9, 0xF1, 0x49, 0x86,
    0x7F, 0x19, 0xF5, 0xB6, 0x5A, 0x30, 0xF2, 0xBE, 0xD8, 0x9B, 0x47, 0xF2, 0x70, 0x0E, 0x65, 0xBA,
    0x3C, 0x28, 0x97, 0x31, 0xE7, 0x3C, 0xEB, 0x94, 0x7B, 0x0C, 0xD5, 0xDC, 0x26, 0xDB, 0x56, 0x4F,
    0xC5, 0x92, 0x4E, 0x28, 0x07, 0x4E, 0xCD, 0xC0, 0x1E, 0x2F, 0xFE, 0x02, 0x10, 0x01, 0xDA, 0x00,
    0x94, 0x00, 0xA0, 0x87, 0x4C, 0xAA, 0x29, 0x93, 0x32, 0x64, 0x82, 0xFC, 0x20, 0x93, 0x56, 0x32,
    0x29, 0xF7, 0x01, 0xF8, 0xBF, 0xAD, 0x0A, 0x19, 0x11, 0x72, 0x90, 0x0E, 0xA0, 0x78, 0x64, 0xE1,
    0xF8, 0x80, 0x7B, 0x1F, 0x00, 0x87, 0x10, 0x76, 0xE4, 0xAD, 0xDF, 0x18, 0xF3, 0x6A, 0x0B, 0x39,
    0xC8, 0x00, 0x50, 0x3C, 0xB4, 0x67, 0xAE, 0x65, 0xDA, 0x85, 0x31, 0x7A, 0x76, 0xF1, 0x69, 0x26,
    0x3A, 0x66, 0x52, 0xFC, 0x06, 0x98, 0x87, 0x12, 0xCE, 0x72, 0xE6, 0xEC, 0x0B, 0x28, 0x3D, 0x9C,
    0x65, 0xCE, 0x59, 0xEE, 0x9C, 0x67, 0x0F, 0x7C, 0x21, 0xEA, 0x3A, 0xD4, 0x01, 0xCE, 0xF3, 0x0C,
    0x8A, 0x4B, 0x0B, 0x67, 0xB9, 0x76, 0x96, 0x6D, 0x70, 0x3A, 0x08, 0x70, 0xC8, 0xB9, 0x2F, 0xDC,
    0x23, 0xAB, 0x2D, 0x9C, 0x65, 0xE7, 0x59, 0x7E, 0x66, 0x0B, 0x70, 0x96, 0xA3, 0x20, 0xD1, 0xC3,
    0x79, 0x9E, 0x9E, 0x32, 0x15, 0x8A, 0x2F, 0xC4, 0x23, 0x67, 0x8B, 0xB2, 0x50, 0xBE, 0xF8, 0x33,
    0xD4, 0xCC, 0x5E, 0xAE, 0x70, 0x45, 0xBC, 0x0C, 0xF4, 0xF2, 0xA4, 0x14, 0x4F, 0xBB, 0x6C, 0x69,
    0x07, 0xD3, 0x7D, 0x09, 0x6D, 0xA1, 0x9A, 0x40, 0x4D, 0x17, 0x29, 0xF6, 0xB7, 0x97, 0xB6, 0x11,
    0xA1, 0x18, 0x03, 0x00, 0x77, 0x79, 0x0C, 0x5C, 0x30, 0xDA, 0xCC, 0x66, 0x47, 0x35, 0xDD, 0x19,
    0x32, 0x2B, 0xFB, 0x31, 0xCE, 0x5B, 0xD4, 0x5C, 0x4B, 0xA2, 0xD3, 0x89, 0x65, 0x68, 0x53, 0x4B,
    0x44, 0x48, 0x34, 0x21, 0x13, 0x0E, 0x5C, 0x9D, 0x8D, 0xC5, 0xC6, 0x65, 0x56, 0xAE, 0x92, 0x4E,
    0x77, 0x5A, 0x9C, 0xEE, 0xEA, 0x07, 0x41, 0x77, 0x10, 0x33, 0xD6, 0x19, 0x17, 0xE7, 0xF8, 0x0E,
    0x57, 0xBA, 0x33, 0x6C, 0x74, 0xD7, 0xFE, 0x6B, 0x4C, 0x8D, 0xF3, 0x15, 0x85, 0x0C, 0xF9, 0x5B,
    0xF6, 0x18, 0x32, 0x26, 0xA0, 0x8A, 0x40, 0x11, 0xEB, 0x6D, 0xE1, 0x30, 0x19, 0xCB, 0xEB, 0x09,
    0x81, 0x23, 0x62, 0x86, 0x91, 0x84, 0x26, 0xA3, 0x1D, 0x12, 0x56, 0xEC, 0x50, 0x3A, 0x0C, 0xB5,
    0xA3, 0x7D, 0x36, 0x3A, 0xB4, 0x88, 0xA3, 0x90, 0x7F, 0x73, 0x00, 0xDB, 0x0C, 0x19, 0x80, 0xB6,
    0xA3, 0xDD, 0x82, 0x44, 0xD4, 0x8B, 0xDF, 0x3D, 0xFC, 0x6F, 0xD7, 0x83, 0x72, 0xDA, 0x16, 0xDB,
    0x7A, 0xA0, 0xB7, 0xA0, 0x3D, 0x14, 0xCB, 0xE1, 0x59, 0xB5, 0xFD, 0x16, 0xB5, 0x8D, 0x49, 0x3D,
    0xDA, 0x36, 0x1F, 0xF4, 0x43, 0x25, 0x02, 0x63, 0xA0, 0x5D, 0x48, 0xCF, 0x24, 0x56, 0x77, 0x29,
    0x9F, 0x74, 0x47, 0x99, 0x81, 0x3F, 0xA2, 0xC8, 0xC8, 0xB9, 0xD3, 0xFE, 0xED, 0x94, 0xDB, 0x75,
    0xE9, 0x28, 0x60, 0x3A, 0x96, 0x52, 0x3A, 0x8C, 0x24, 0xD4, 0xF2, 0xD7, 0x9F, 0xF6, 0xEC, 0xD2,
    0x99, 0x6D, 0x2D, 0xF3, 0xF2, 0xBA, 0x7E, 0xCF, 0x05, 0x1A, 0x42, 0xC6, 0x26, 0xA2, 0x87, 0xCD,
    0x15, 0x7A, 0xDA, 0x18, 0xF9, 0xAB, 0x65, 0xA3, 0xA5, 0x1B, 0x37, 0xFA, 0x39, 0xFF, 0x3F, 0xB6,
    0x50, 0xF8, 0x15, 0x28, 0x97, 0x50, 0xCF, 0x09, 0x8D, 0x6D, 0x61, 0xCC, 0x3F, 0xA4, 0x22, 0xC9,
    0xF1, 0x7C, 0xF6, 0x43, 0x8A, 0x52, 0x9E, 0xC3, 0x6B, 0x4D, 0xB2, 0x50, 0xC6, 0xFE, 0x91, 0x38,
    0x1D, 0x62, 0xF5, 0xCF, 0xD1, 0xD8, 0xA0, 0xA6, 0x7E, 0x21, 0x51, 0x3B, 0x42, 0x35, 0xB5, 0x8E,
    0x9B, 0x47, 0xF6, 0x26, 0x60, 0xE4, 0x8F, 0xFD, 0x86, 0x7A, 0xAB, 0xF2, 0x8D, 0xA9, 0xAD, 0xD9,
    0x99, 0x6E, 0x5F, 0xE6, 0xEE, 0x7C, 0x7D, 0xBB, 0x00, 0x4A, 0x22, 0xC0, 0x38, 0x67, 0xDE, 0xCD,
    0xB8, 0x38, 0x43, 0x2D, 0xDD, 0x05, 0xAD, 0xCC, 0x17, 0x7C, 0xB9, 0xFA, 0x50, 0x00, 0x91, 0x09,
    0xC6, 0xFD, 0xA8, 0x0C, 0x70, 0xC1, 0xE6, 0x25, 0xDC, 0xCB, 0x5F, 0x6C, 0x89, 0xCA, 0x99, 0x77,
    0x7C, 0x3D, 0x6B, 0x99, 0xB5, 0x2D, 0xA5, 0x53, 0x54, 0x32, 0x14, 0x0E, 0x2D, 0x2E, 0x31, 0xA5,
    0x60, 0x22, 0xC4, 0x1D, 0xAF, 0x76, 0x5C, 0xD5, 0x99, 0x46, 0x8E, 0xFC, 0xCE, 0xEE, 0xBC, 0x61,
    0x93, 0x98, 0x52, 0x31, 0xB1, 0xDE, 0x5D, 0xCB, 0x38, 0x64, 0xC2, 0x39, 0xD9, 0x72, 0xCA, 0x1B,
    0xDA, 0x2E, 0xD9, 0x4E, 0xA6, 0xBF, 0xF9, 0xC0, 0x81, 0x07, 0x8F, 0x72, 0x34, 0x33, 0x32, 0xD4,
    0x91, 0x76, 0xA2, 0x87, 0x08, 0x01, 0x02, 0x44, 0xBE, 0xDC, 0xBF, 0x7D, 0xD3, 0xCA, 0x52, 0xC9,
    0x4C, 0x1F, 0x29, 0x24, 0xA2, 0x3E, 0x78, 0xFD, 0x30, 0xB0, 0xA1, 0x88, 0xC0, 0xD8, 0x51, 0xEC,
    0xF2, 0x34, 0x62, 0x86, 0x9E, 0x0D, 0xCD, 0x10, 0xA8, 0xED, 0x51, 0x11, 0x6D, 0xCD, 0xDB, 0x63,
    0xD7, 0xC8, 0x42, 0x29, 0x33, 0x9C, 0xD2, 0xF6, 0x6B, 0x67, 0x45, 0x02, 0x8A, 0x2D, 0xFC, 0x3A,
    0x69, 0x5B, 0xC9, 0x80, 0x96, 0x99, 0xAF, 0xE4, 0xE7, 0xC0, 0xEF, 0xA5, 0x1C, 0xB4, 0x13, 0x39,
    0x33, 0x75, 0x00, 0x33, 0xC0, 0x75, 0x25, 0x84, 0x56, 0x6C, 0x30, 0xDF, 0x9B, 0xC2, 0x4A, 0x4D,
    0x71, 0x95, 0x8A, 0xCD, 0xB8, 0x2F, 0x36, 0xA5, 0x04, 0x7C, 0xBD, 0x65, 0x8D, 0x6F, 0x65, 0x48,
    0xFC, 0xAD, 0x47, 0x53, 0x22, 0xCA, 0x65, 0x96, 0x9F, 0xCC, 0xB5, 0xCA, 0x1C, 0x1F, 0xCE, 0xEB,
    0xDD, 0x7D, 0xD7, 0xC4, 0x72, 0x61, 0xCD, 0x0D, 0x24, 0x9A, 0x39, 0xB3, 0x5E, 0x32, 0x19, 0x67,
    0x4C, 0x47, 0x1D, 0x76, 0x67, 0x23, 0xF5, 0x04, 0xE7, 0x85, 0x68, 0xB3, 0xE3, 0x3D, 0x3E, 0xFA,
    0xAA, 0xEC, 0xCB, 0x2A, 0x45, 0x6C, 0x9B, 0xD4, 0xFF, 0xB8, 0xB6, 0x91, 0xCA, 0x86, 0x33, 0x6D,
    0x92, 0x4C, 0x52, 0x63, 0x2B, 0x5B, 0x3B, 0xE5, 0x0B, 0xA7, 0x16, 0x3A, 0xAE, 0x1B, 0x8F, 0xA7,
    0xDF, 0x26, 0x6C, 0xFB, 0x84, 0xD0, 0x26, 0xC4, 0x8C, 0x6B, 0x93, 0xF0, 0x9D, 0x9B, 0x84, 0x2A,
    0x26, 0xF4, 0x73, 0xC2, 0xD8, 0x25, 0x18, 0x2A, 0x4F, 0xF3, 0xAC, 0xF7, 0xD4, 0x22, 0x1E, 0xC6,
    0xE7, 0x09, 0x10, 0x4E, 0xF9, 0xD3, 0x5B, 0xA0, 0xB1, 0xB5, 0xE4, 0x22, 0x30, 0xFE, 0x80, 0x53,
    0x96, 0x5C, 0x83, 0x91, 0xB9, 0x96, 0x59, 0xDF, 0x76, 0x2D, 0xAC, 0x0E, 0x9F, 0xDF, 0x37, 0x18,
    0x7D, 0xDB, 0x57, 0xB2, 0x30, 0xFA, 0xE3, 0x93, 0xB5, 0x93, 0x9A, 0xFA, 0x4E, 0x4D, 0x11, 0x35,
    0x85, 0x83, 0x36, 0x49, 0x46, 0xD4, 0xD4, 0x2C, 0x6A, 0x6A, 0xD3, 0x77, 0x2B, 0xF6, 0x32, 0xE8,
    0x29, 0x95, 0xC0, 0x49, 0x8B, 0x4C, 0x85, 0xFC, 0x72, 0x06, 0xE5, 0xA1, 0x10, 0xA0, 0x07, 0x00,
    0xDD, 0x7D, 0x92, 0x46, 0x91, 0x4E, 0xB2, 0xAC, 0xEE, 0xFA, 0xA4, 0x36, 0xE9, 0x4E, 0xF7, 0x91,
    0x36, 0x43, 0xD2, 0x04, 0x75, 0x3C, 0xE4, 0x70, 0xC7, 0x63, 0x0A, 0xC7, 0x68, 0x13, 0x9A, 0x0C,
    0x35, 0x7D, 0x1A, 0xE6, 0x0C, 0x57, 0x3A, 0xCA, 0xD0, 0x38, 0x10, 0x49, 0x68, 0xFF, 0x33, 0x81,
    0xE2, 0x80, 0x97, 0xEB, 0xF4, 0x18, 0x50, 0x12, 0xA8, 0x6F, 0xDF, 0x44, 0x0F, 0xEC, 0x65, 0x2B,
    0x5B, 0xFD, 0xFB, 0x38, 0x17, 0xB2, 0x74, 0xB5, 0x4C, 0x8C, 0x1F, 0x7A, 0x1E, 0xB3, 0xE5, 0x2E,
    0x06, 0x68, 0x76, 0x36, 0x57, 0x29, 0x8E, 0xCF, 0x46, 0x8C, 0x44, 0x6A, 0x99, 0xF7, 0x77, 0xDE,
    0x00, 0xE6, 0x09, 0xE8, 0xA3, 0x73, 0x80, 0xB7, 0x50, 0x93, 0x8A, 0x09, 0x8D, 0x4F, 0x30, 0x5D,
    0xC2, 0x35, 0x77, 0xD5, 0x14, 0x59, 0xAB, 0x29, 0xEC, 0xB1, 0xC9, 0xB8, 0xD6, 0xD3, 0x06, 0x91,
    0xA9, 0xFF, 0x13, 0xF9, 0x70, 0xDA, 0xAD, 0xF6, 0x2A, 0x19, 0xD4, 0x04, 0xEC, 0x31, 0x67, 0x78,
    0xA0, 0x10, 0x80, 0xBE, 0x94, 0x81, 0x0B, 0xB4, 0xF8, 0x44, 0xF3, 0x37, 0x31, 0xF1, 0x8A, 0x55,
    0x62, 0xA4, 0x4D, 0x0C, 0x07, 0x36, 0x99, 0xA5, 0xC8, 0x96, 0xA0, 0x32, 0x37, 0xA5, 0x70, 0xC1,
    0x63, 0x32, 0x0D, 0xAF, 0x26, 0x6A, 0x4B, 0x62, 0xE5, 0x32, 0xCB, 0x08, 0x2B, 0xD8, 0x80, 0xE9,
    0xB8, 0x7B, 0x9A, 0x82, 0x33, 0x3B, 0x6E, 0x28, 0x1C, 0xF2, 0xAB, 0xFC, 0x15, 0x4A, 0x47, 0x2F,
    0xE2, 0x18, 0x33, 0x4C, 0x3E, 0xD7, 0x64, 0x94, 0xC3, 0xA7, 0xFC, 0x15, 0xC6, 0x09, 0x4F, 0xEF,
    0x13, 0x7E, 0x27, 0x26, 0x70, 0x95, 0x71, 0x71, 0x3A, 0x8A, 0x09, 0xB5, 0x4F, 0x68, 0xA7, 0x04,
    0x3D, 0x94, 0xF9, 0x9F, 0x8D, 0xA7, 0xDC, 0xAF, 0x3D, 0x43, 0x02, 0x7C, 0xF2, 0x80, 0x78, 0x45,
    0x3A, 0x7A, 0x71, 0xAC, 0x1E, 0x44, 0x60, 0x03, 0x5C, 0x9C, 0x69, 0x03, 0x65, 0xC0, 0x5C, 0x66,
    0xA7, 0x03, 0x26, 0x00, 0x11, 0x78, 0x0C, 0xB4, 0x03, 0xD4, 0x2F, 0xA0, 0x94, 0x21, 0x3B, 0xE4,
    0xF7, 0x78, 0x8B, 0x42, 0x76, 0xE5, 0x23, 0xA1, 0x9D, 0x12, 0x0C, 0x09, 0x1B, 0x8A, 0x48, 0xB8,
    0x23, 0x09, 0x6D, 0x46, 0xF3, 0x64, 0x4D, 0x80, 0x35, 0x31, 0xE3, 0x71, 0x86, 0x79, 0xF6, 0xE6,
    0x1A, 0x2D, 0x61, 0x4D, 0x21, 0xCF, 0xD7, 0x00, 0xA6, 0xCB, 0x98, 0xCF, 0x97, 0x13, 0x4F, 0xCB,
    0x05, 0xAA, 0xA8, 0xC5, 0xD2, 0xCC, 0xED, 0x4F, 0x72, 0x71, 0x32, 0xCA, 0x71, 0xCD, 0xAA, 0x74,
    0x44, 0x2E, 0x0A, 0x47, 0xF8, 0x18, 0x23, 0xEB, 0xC4, 0x0D, 0x31, 0xD1, 0xBC, 0x13, 0x4E, 0x93,
    0x54, 0x32, 0xFD, 0x19, 0x53, 0x4C, 0x26, 0xA7, 0xF2, 0xF5, 0x9E, 0x6D, 0xE4, 0x17, 0xD6, 0x0C,
    0xFB, 0x72, 0x15, 0xCE, 0x14, 0xD1, 0xB6, 0xFF, 0xA3, 0x71, 0x57, 0xDE, 0xAA, 0xD4, 0x0E, 0xAA,
    0x83, 0x94, 0x4F, 0x5A, 0x80, 0x6B, 0x00, 0xAA, 0x85, 0x86, 0x46, 0x6C, 0x83, 0x79, 0x38, 0x37,
    0xD9, 0x71, 0x3A, 0xC2, 0x37, 0xB4, 0x53, 0x42, 0xED, 0x13, 0xF8, 0x47, 0x97, 0x50, 0xCD, 0x0D,
    0x37, 0xBD, 0x6D, 0x90, 0x7C, 0xC5, 0xE8, 0x12, 0xCA, 0x0C, 0x62, 0xC6, 0x2A, 0xA3, 0x99, 0xF4,
    0x44, 0x1D, 0x75, 0xA0, 0x08, 0xA5, 0x3F, 0x8C, 0x7E, 0x3C, 0xA3, 0x4D, 0x78, 0xC5, 0x27, 0xA8,
    0x25, 0xE3, 0x7D, 0x9B, 0xF0, 0x2F, 0x3E, 0x61, 0xDA, 0x66, 0xB4, 0x09, 0x73, 0x95, 0xE0, 0x4A,
    0x9F, 0x47, 0xBF, 0x07, 0x91, 0x84, 0x36, 0x7E, 0x46, 0x76, 0xB4, 0x0B, 0x6A, 0x12, 0xB1, 0x6A,
    0xFA, 0xD9, 0x23, 0xA7, 0x26, 0xCA, 0x0C, 0xFC, 0x7F, 0xA3, 0x9E, 0x50, 0x22, 0x13, 0x75, 0xC2,
    0x38, 0xDA, 0xDC, 0x18, 0x35, 0x8D, 0x2E, 0xA1, 0xF4, 0x09, 0xC4, 0x0C, 0x83, 0x9A, 0x69, 0x9E,
    0x2B, 0x8F, 0x92, 0x42, 0x60, 0xA4, 0x4F, 0x70, 0xA0, 0x24, 0xA1, 0xBA, 0xFD, 0x7E, 0x82, 0x85,
    0xEF, 0x2A, 0x0F, 0x9B, 0x42, 0x06, 0x22, 0xAD, 0x27, 0xEC, 0x32, 0xE7, 0x3E, 0x2B, 0xC2, 0x4D,
    0x86, 0xB9, 0xBD, 0x21, 0xD6, 0x12, 0xB9, 0x66, 0x9C, 0x31, 0x00, 0xCD, 0x04, 0x54, 0xCB, 0x9F,
    0x5E, 0x0E, 0x88, 0x88, 0xE5, 0x15, 0x79, 0xC1, 0xD3, 0xF8, 0x94, 0x56, 0x2C, 0x63, 0xD2, 0x16,
    0x38, 0x26, 0xAD, 0xE9, 0xF6, 0xED, 0x55, 0x00, 0x16, 0xA0, 0xED, 0xBE, 0x8C, 0xB6, 0x2B, 0x6A,
    0x6B, 0x86, 0xDA, 0x6A, 0xDF, 0x58, 0x25, 0xD2, 0xD1, 0x6F, 0x01, 0xF0, 0x9F, 0xF1, 0x0E, 0x6C,
    0xE9, 0x6D, 0x63, 0x4B, 0x79, 0x42, 0x23, 0x31, 0x55, 0x17, 0xE9, 0x36, 0x34, 0x53, 0x44, 0xF9,
    0x00, 0x31, 0xE9, 0xBB, 0x1E, 0xF8, 0x9F, 0x28, 0x00, 0xC7, 0x1F, 0x15, 0x4D, 0x92, 0x0E, 0x60,
    0x16, 0xB8, 0xB9, 0xEC, 0x88, 0xDA, 0x12, 0xD4, 0x84, 0x57, 0x0E, 0x5F, 0x3A, 0x28, 0xDC, 0xFF,
    0x6E, 0x6F, 0x95, 0x74, 0xD4, 0x32, 0xDF, 0x2B, 0x1F, 0xB8, 0x1B, 0xF0, 0xAD, 0xC5, 0xD7, 0x2F,
    0x1E, 0xB8, 0xE3, 0x0E, 0x5D, 0x2D, 0x1D, 0x46, 0x3C, 0xCB, 0x1B, 0x0B, 0x01, 0x33, 0x04, 0xEA,
    0x69, 0xF9, 0x73, 0xE5, 0x8C, 0x30, 0xD4, 0x0B, 0x14, 0x03, 0xAD, 0xA5, 0x1F, 0x4E, 0xB3, 0x2C,
    0xCB, 0x43, 0x4C, 0xBA, 0x6E, 0x4B, 0x6D, 0xE9, 0xED, 0xE1, 0x7C, 0xBC, 0x43, 0x2F, 0xB4, 0xCB,
    0x61, 0xD2, 0x35, 0x6F, 0x58, 0x2D, 0xB3, 0x92, 0xEE, 0x5B, 0xB0, 0x01, 0xB3, 0x77, 0xF2, 0xE2,
    0xFB, 0x85, 0x78, 0x5A, 0x0F, 0xF4, 0x33, 0x26, 0xC2, 0x35, 0xB4, 0xA0, 0x3B, 0xF4, 0x40, 0x65,
    0x29, 0x07, 0xA0, 0x14, 0x0A, 0xB1, 0x54, 0x6E, 0x9C, 0x5D, 0x1F, 0x9F, 0xD2, 0x6F, 0xA8, 0x23,
    0x05, 0x5F, 0x3B, 0xDE, 0x4A, 0xEF, 0x6E, 0x45, 0xBE, 0x55, 0x00, 0x50, 0xD3, 0xAF, 0xFC, 0x99,
    0x51, 0x9E, 0x42, 0xA0, 0x37, 0x33, 0x26, 0xF0, 0xDB, 0x5B, 0x30, 0x67, 0x06, 0x94, 0xFD, 0xDC,
    0x37, 0x2C, 0x17, 0x76, 0xBE, 0x49, 0xF5, 0x6C, 0x37, 0x85, 0xCF, 0x9E, 0x7E, 0xBB, 0x26, 0xF9,
    0x3F, 0xCC, 0xEF, 0x00, 0x7F, 0x08, 0x5C, 0x7C, 0x0E, 0xAD, 0x8E, 0x59, 0xEF, 0xA0, 0x4A, 0xC2,
    0x78, 0xCC, 0x02, 0xFD, 0x40, 0x9D, 0xC7, 0x32, 0xCC, 0xC0, 0x53, 0x00, 0x88, 0x3B, 0xBE, 0xFB,
    0xF4, 0x3E, 0xC0, 0x86, 0x0D, 0x90, 0x4B, 0x26, 0x40, 0x23, 0x33, 0x40, 0x29, 0x1D, 0xA7, 0xD7,
    0x18, 0x32, 0x77, 0x03, 0x06, 0x8A, 0xB4, 0xFC, 0x05, 0xA0, 0x9A, 0xAA, 0x08, 0xB9, 0xDA, 0xC8,
    0x2E, 0xF4, 0x8F, 0x2C, 0x68, 0x1B, 0x6B, 0xCB, 0x1D, 0xF9, 0x4B, 0xA7, 0x26, 0x1A, 0xF9, 0xDE,
    0x9C, 0x82, 0x7E, 0x5F, 0x6C, 0x0A, 0x28, 0x79, 0xB3, 0xB6, 0x50, 0xBA, 0xED, 0xE5, 0x2E, 0x88,
    0xD0, 0xA6, 0xD0, 0x06, 0x5A, 0xAB, 0x1C, 0x50, 0xBF, 0xB8, 0x9C, 0x80, 0x52, 0x0E, 0xC5, 0x79,
    0xCB, 0xF9, 0x0B, 0x7F, 0x0A, 0x87, 0x8D, 0xD8, 0xC3, 0x4E, 0x2C, 0x69, 0x2B, 0x36, 0xA8, 0xC8,
    0x61, 0x2F, 0xF6, 0xB8, 0x19, 0x4B, 0x23, 0x12, 0x38, 0x6C, 0xC7, 0xA2, 0x16, 0xCF, 0x1A, 0x5A,
    0xE7, 0xB9, 0x26, 0xEF, 0xC8, 0xAA, 0x2D, 0x2A, 0xE2, 0xF5, 0x04, 0x73, 0x0A, 0x03, 0x40, 0xD8,
    0x87, 0xAD, 0xBE, 0xFD, 0x07, 0x60, 0xFC, 0xB9, 0x04, 0xA0, 0x19, 0xC6, 0x19, 0x78, 0x02, 0x80,
    0xFF, 0x24, 0xEE, 0x76, 0x67, 0x31, 0x92, 0xEC, 0xB0, 0xDB, 0x9F, 0x25, 0x96, 0x41, 0x39, 0x92,
    0xCA, 0xCC, 0x39, 0x31, 0x32, 0x54, 0x8E, 0x2B, 0xF6, 0xE5, 0xAC, 0x5C, 0x3A, 0xF4, 0xEE, 0xA1,
    0x95, 0x53, 0x33, 0xE0, 0x94, 0xFF, 0x3A, 0x80, 0x2C, 0x99, 0xE3, 0x36, 0x33, 0x70, 0x22, 0xCB,
    0xC3, 0x01, 0x30, 0x62, 0x81, 0x7A, 0xA1, 0x99, 0xC7, 0xA1, 0x17, 0x71, 0xDB, 0xFE, 0x3D, 0x1F,
    0x34, 0x3E, 0xBC, 0x8A, 0x8F, 0x5F, 0xAA, 0xDD, 0x15, 0x66, 0x6A, 0x89, 0x68, 0x1B, 0x50, 0x76,
    0xFB, 0x43, 0x18, 0x23, 0x34, 0x21, 0xB7, 0x27, 0x5D, 0x30, 0x91, 0xAE, 0x70, 0x04, 0x5D, 0x25,
    0xB4, 0x7A, 0x22, 0xFE, 0xBF, 0x06, 0xD6, 0xE8, 0x77, 0x68, 0xA9, 0x64, 0x48, 0x9E, 0x04, 0x65,
    0xD5, 0x07, 0x03, 0x94, 0x32, 0x03, 0xE3, 0x04, 0xF9, 0x78, 0xA2, 0x91, 0x80, 0xF9, 0xD1, 0xC2,
    0x06, 0x43, 0xA0, 0xE9, 0x02, 0x7A, 0xA7, 0x48, 0xC3, 0x35, 0x26, 0x15, 0xC6, 0x2D, 0x5A, 0x3C,
    0xA5, 0x0C, 0xD4, 0x11, 0x23, 0xDD, 0xCD, 0xA3, 0x9C, 0x0D, 0x41, 0x4D, 0xE9, 0x13, 0xD5, 0x74,
    0xF3, 0x70, 0x32, 0x32, 0xD5, 0xF2, 0xA9, 0x23, 0xA4, 0x5D, 0x40, 0xC4, 0xF2, 0xB3, 0x47, 0x33,
    0xA8, 0x97, 0xCA, 0x5C, 0xE9, 0xA0, 0x9E, 0xB9, 0x19, 0x2D, 0xB2, 0xC0, 0xE8, 0xCE, 0x9A, 0x6C,
    0x20, 0x75, 0x0F, 0x5A, 0x86, 0x9C, 0xB9, 0xD9, 0xB9, 0x96, 0x2D, 0xF5, 0xDB, 0x23, 0xD0, 0x9E,
    0xFD, 0x9C, 0x36, 0x70, 0x27, 0x5F, 0x1C, 0xA1, 0x1F, 0xE1, 0x6E, 0x33, 0x7C, 0x6C, 0xE1, 0x76,
    0x3B, 0x76, 0xD5, 0xAE, 0x03, 0x0F, 0x00, 0xDF, 0x04, 0x8D, 0x19, 0x30, 0x9D, 0x9E, 0x59, 0x50,
    0x41, 0x79, 0x58, 0xF4, 0x04, 0xED, 0x08, 0xD4, 0x11, 0x50, 0x01, 0xD0, 0x5B, 0xA0, 0xED, 0x81,
    0xC7, 0x4D, 0x07, 0x51, 0x5B, 0x08, 0xF5, 0x39, 0x52, 0x3D, 0x4F, 0x30, 0x72, 0xBC, 0x8C, 0x82,
    0xC7, 0xA8, 0x29, 0x4F, 0xA5, 0x4D, 0xD2, 0x27, 0xBE, 0xE7, 0xBD, 0x4A, 0xDF, 0x4E, 0x88, 0x4C,
    0x98, 0x0F, 0x27, 0x50, 0x59, 0x1F, 0x59, 0x65, 0x14, 0xE2, 0xD1, 0x49, 0xED, 0xB3, 0x37, 0x31,
    0xC7, 0x72, 0x00, 0xB4, 0x3F, 0xDD, 0xA2, 0x25, 0x52, 0xBE, 0x78, 0x9D, 0xE2, 0xB8, 0x0E, 0x96,
    0x01, 0xDA, 0x00, 0xA5, 0x00, 0xED, 0xB0, 0xCE, 0x8F, 0xDE, 0xD5, 0xB6, 0x39, 0xCC, 0x8A, 0x87,
    0xF4, 0x83, 0xD6, 0x83, 0x48, 0xBA, 0xB6, 0x1F, 0x94, 0xAB, 0xAD, 0x9A, 0xF3, 0xBB, 0x74, 0xA5,
    0x2F, 0x1C, 0xF2, 0xE3, 0x5C, 0x5F, 0xFC, 0xDF, 0xDF, 0x59, 0x7C, 0x04, 0xBF, 0x49, 0x5A, 0x51,
    0x38, 0x83, 0x72, 0x4D, 0x6A, 0x99, 0x86, 0xB2, 0x2D, 0xF3, 0xBD, 0x2E, 0x03, 0x00, 0x70, 0x1F,
    0x58, 0x40, 0x45, 0xA8, 0x1D, 0xB4, 0x16, 0x46, 0x28, 0x0F, 0xFF, 0x6C, 0x2C, 0x18, 0xE0, 0x1A,
    0x88, 0x40, 0x38, 0x28, 0xF2, 0x15, 0xFA, 0xB7, 0x47, 0xDA, 0xE3, 0x9A, 0x1C, 0xA0, 0xB6, 0xD0,
    0x1F, 0xD6, 0xCE, 0x1E, 0xDA, 0x01, 0x0C, 0xB0, 0x01, 0x22, 0xED, 0xB0, 0x5B, 0x43, 0xB7, 0x4B,
    0x17, 0xBE, 0xD9, 0x11, 0x0E, 0xE7, 0x57, 0xEC, 0xDB, 0xE9, 0x17, 0x6F, 0x64, 0x5F, 0x33, 0x97,
    0x32, 0x00, 0x4D, 0xA4, 0x17, 0xB6, 0x8D, 0x0D, 0x75, 0xFE, 0x2C, 0x97, 0xD6, 0x08, 0x75, 0xA0,
    0x96, 0xFD, 0x70, 0xF3, 0xC0, 0xAB, 0x6F, 0x44, 0x38, 0x58, 0x83, 0x8B, 0x33, 0xC6, 0x8C, 0x57,
    0x02, 0x50, 0x8A, 0x03, 0x0A, 0xF1, 0x00, 0x5D, 0x2C, 0x65, 0x80, 0x8B, 0x5A, 0xE6, 0x44, 0xFD,
    0x73, 0x97, 0xD8, 0xE0, 0x0D, 0x31, 0x71, 0x7C, 0x3F, 0xA4, 0x0D, 0xA6, 0x7E, 0xB7, 0x0A, 0x4D,
    0x1E, 0x0B, 0xE9, 0xB8, 0x3E, 0xDB, 0xE6, 0xD3, 0x73, 0xA6, 0x92, 0x0E, 0x60, 0xDC, 0x11, 0x3E,
    0x6B, 0x17, 0xE9, 0xE7, 0x9F, 0x67, 0x17, 0xC9, 0xED, 0xE8, 0x0F, 0xC7, 0xD6, 0xF0, 0xD5, 0xDD,
    0x2E, 0x52, 0xA3, 0x95, 0x44, 0xBE, 0xDA, 0x30, 0xCE, 0xA4, 0x53, 0x00, 0x60, 0xF2, 0x7D, 0xF8,
    0xD6, 0x7E, 0x16, 0x6E, 0x3A, 0x7A, 0x8A, 0x2D, 0x38, 0x80, 0xBF, 0xFB, 0xE1, 0xB7, 0xC3, 0xE6,
    0x62, 0xBB, 0x6C, 0xC6, 0xF7, 0x63, 0xFB, 0x0B, 0x07, 0xDC, 0x85, 0xC2, 0xE1, 0x9B, 0xF9, 0xEB,
    0xC9, 0xA4, 0x91, 0x40, 0x2D, 0x1D, 0x6A, 0xA8, 0xAC, 0xB2, 0xF0, 0xEE, 0xBD, 0xB0, 0x7E, 0xF7,
    0x9E, 0x9E, 0x2F, 0xDE, 0x7A, 0xED, 0x1B, 0xAF, 0x7D, 0xE3, 0xDE, 0x7D, 0xED, 0x40, 0xCF, 0x86,
    0x8B, 0xB7, 0xFE, 0x63, 0x78, 0xED, 0x1B, 0xFF, 0x64, 0xB3, 0xEE, 0xDD, 0xFF, 0xA5, 0xD5, 0xAE,
    0x07, 0xE0, 0xBF, 0x00, 0x03, 0x00, 0xD5, 0x7A, 0x31, 0xAC, 0xDC, 0xD8, 0x75, 0xF6, 0x47, 0x52,
    0x2B, 0xEE, 0xBF, 0xB4, 0x4D, 0x15, 0x5E, 0xFF, 0xB6, 0xB5, 0x5E, 0xBA, 0xD8, 0x62, 0x03, 0x38,
    0xE2, 0x16, 0x2E, 0x14, 0x40, 0x33, 0x97, 0x4E, 0x90, 0xCA, 0x8D, 0x03, 0x48, 0x92, 0x8D, 0x17,
    0x40, 0x5B, 0xA4, 0x70, 0x13, 0xBC, 0x26, 0xC5, 0x16, 0x33, 0x8F, 0xDC, 0xB8, 0x48, 0x19, 0x15,
    0x5E, 0x6F, 0xE1, 0x22, 0x41, 0x90, 0x22, 0x48, 0x0A, 0x1B, 0xC6, 0x16, 0x72, 0x30, 0xEF, 0x91,
    0xCE, 0x16, 0x6E, 0x09, 0x04, 0xB2, 0x5B, 0x06, 0x5E, 0x55, 0x29, 0xC4, 0x00, 0x5C, 0xE4, 0x2A,
    0x7B, 0xC9, 0x93, 0xF3, 0x89, 0x1C, 0x7A, 0x46, 0x7A, 0x7A, 0xD6, 0xCA, 0x6F, 0xED, 0x2C, 0xDF,
    0x9C, 0xEF, 0xF2, 0x0D, 0x2F, 0x2F, 0xCF, 0xBD, 0xF7, 0xDC, 0x73, 0xCF, 0xF9, 0x38, 0xE0, 0x71,
    0x0D, 0xF8, 0xCC, 0xE7, 0xAF, 0xE2, 0x15, 0x9E, 0x4C, 0x47, 0x8B, 0x08, 0x3F, 0x46, 0x88, 0xED,
    0xC1, 0x6B, 0x17, 0x5E, 0xBF, 0xC4, 0xBA, 0x28, 0x45, 0x8A, 0x7F, 0xFD, 0xE7, 0x7F, 0x29, 0x7E,
    0x8C, 0xE0, 0xB7, 0x16, 0xB6, 0xC3, 0xF6, 0x70, 0x05, 0x80, 0xD1, 0xE6, 0xAF, 0xC4, 0x5A, 0x18,
    0x24, 0xF7, 0x7A, 0x84, 0x62, 0x81, 0xB2, 0xC2, 0x5D, 0xE7, 0xEE, 0xAE, 0x45, 0xD6, 0xE0, 0xC1,
    0x93, 0x74, 0x00, 0xB0, 0x82, 0x91, 0x8A, 0xC5, 0x1F, 0x1C, 0xB4, 0x2C, 0xE0, 0x8F, 0x05, 0xBA,
    0xA9, 0x88, 0x33, 0x2D, 0xBC, 0xB1, 0x08, 0x5A, 0x16, 0xE9, 0x8F, 0xEA, 0xF8, 0x6D, 0x07, 0x23,
    0x48, 0xC4, 0x21, 0xB5, 0x48, 0xB5, 0x80, 0xC3, 0x92, 0x37, 0x94, 0x37, 0x1D, 0x8B, 0x54, 0x3A,
    0x16, 0xBE, 0x14, 0x2C, 0x78, 0x98, 0x6C, 0x2C, 0x1A, 0x22, 0xA2, 0x7A, 0x7A, 0xFA, 0xFC, 0xFC,
    0x59, 0x83, 0x59, 0x87, 0x59, 0x8B, 0x59, 0x8F, 0x59, 0x93, 0x59, 0x97, 0x59, 0x9B, 0xD5, 0x56,
    0x9F, 0xD5, 0x56, 0xA3, 0xD5, 0x56, 0xA7, 0x59, 0xAB, 0x59, 0xAF, 0x59, 0xB3, 0x59, 0xB7, 0x59,
    0xBB, 0xAD, 0x7E, 0x4D, 0x54, 0x03, 0xB8, 0x34, 0xAA, 0x10, 0x58, 0x95, 0x26, 0x1A, 0xC2, 0xCA,
    0xA8, 0x0C, 0xD7, 0x83, 0xDA, 0xEA, 0xFF, 0x56, 0xF5, 0x74, 0x80, 0x5D, 0x03, 0x1B, 0x23, 0xC5,
    0x32, 0x96, 0xC2, 0xC4, 0xF7, 0x91, 0xA6, 0x40, 0xBA, 0x1C, 0xC5, 0xA8, 0x2C, 0x53, 0xC0, 0xC5,
    0xF7, 0x6F, 0xDB, 0x50, 0xA4, 0x46, 0x39, 0x00, 0x08, 0x08, 0x89, 0xFE, 0x07, 0xF3, 0xC3, 0x16,
    0x58, 0xC3, 0xB2, 0x9B, 0xEF, 0x11, 0x00, 0x2C, 0x08, 0x4B, 0x42, 0x0A, 0x44, 0x7D, 0x5C, 0xC0,
    0xF4, 0x51, 0x05, 0x7D, 0x6C, 0x03, 0x3E, 0x53, 0x01, 0x16, 0x0E, 0xD8, 0x60, 0xCD, 0xDA, 0x7C,
    0x36, 0x62, 0xC9, 0x52, 0xC4, 0x1F, 0x20, 0x05, 0x1F, 0x8F, 0xE5, 0x04, 0x86, 0xB0, 0x04, 0x55,
    0x40, 0x7C, 0xFF, 0xC0, 0x82, 0x4A, 0x60, 0xD4, 0x82, 0x47, 0x24, 0x15, 0x72, 0xA9, 0xFC, 0x21,
    0x43, 0xD8, 0x02, 0x71, 0x05, 0xA4, 0xD3, 0xD3, 0xD7, 0xA1, 0x14, 0x9B, 0x54, 0x5A, 0xF7, 0xB9,
    0x5B, 0xD6, 0x02, 0x4E, 0x65, 0x43, 0xE9, 0xE0, 0x59, 0x8B, 0xC3, 0xD6, 0x7A, 0x52, 0x59, 0x48,
    0xBB, 0x81, 0xD7, 0xAD, 0x80, 0xCD, 0x52, 0x25, 0xCD, 0xB0, 0x89, 0x6B, 0xB8, 0xB0, 0x3F, 0xE8,
    0x3C, 0x91, 0x06, 0x89, 0x64, 0x18, 0x8F, 0x50, 0x1E, 0x2A, 0x1A, 0x1A, 0xA9, 0xA7, 0xBA, 0xB6,
    0x08, 0x3A, 0xF8, 0x0E, 0x7C, 0xE2, 0x11, 0x92, 0x0C, 0x48, 0x33, 0x03, 0x6A, 0xB0, 0xD0, 0xE7,
    0x86, 0x35, 0x9F, 0x1C, 0xD4, 0x1B, 0x7D, 0x36, 0x07, 0x1B, 0x8E, 0x88, 0xCD, 0x16, 0xA9, 0x03,
    0xCF, 0x0F, 0xB5, 0x0E, 0xF5, 0x50, 0x04, 0xEB, 0x53, 0x97, 0xA0, 0x5E, 0x81, 0x75, 0x96, 0x20,
    0xA6, 0x20, 0x52, 0xA7, 0xA0, 0xA1, 0x56, 0xC1, 0x23, 0xBD, 0x3C, 0x41, 0x32, 0x64, 0xC8, 0xB1,
    0x3D, 0xBA, 0x2D, 0x26, 0x03, 0xB1, 0x94, 0xAA, 0x43, 0xBB, 0x3C, 0x68, 0xBB, 0xC0, 0x5D, 0x82,
    0x73, 0x81, 0x03, 0x96, 0xF2, 0xAE, 0x62, 0x22, 0xD2, 0x01, 0xF9, 0x87, 0x62, 0xE1, 0x0F, 0x1D,
    0x36, 0x48, 0xDB, 0x0E, 0x0B, 0x4F, 0x0A, 0x45, 0xAD, 0xD5, 0x61, 0x8D, 0x06, 0x9D, 0xEF, 0x00,
    0x58, 0x9A, 0x31, 0xFA, 0xAC, 0x50, 0xCC, 0x2B, 0x05, 0x24, 0x44, 0xDC, 0x21, 0x74, 0x8F, 0x43,
    0xD4, 0x87, 0x03, 0x8C, 0x3C, 0x90, 0xEA, 0xE4, 0xB6, 0x1C, 0x34, 0xD6, 0xD7, 0xDB, 0x6D, 0xD0,
    0x12, 0x1A, 0xDA, 0x59, 0x16, 0xB4, 0x47, 0x40, 0xD8, 0xA4, 0xAA, 0x76, 0x15, 0xD7, 0xDE, 0xA0,
    0x5F, 0x04, 0x2D, 0xD0, 0x06, 0x0D, 0x80, 0x11, 0x1E, 0xFE, 0xA5, 0xA2, 0x88, 0x42, 0x6A, 0x15,
    0x7C, 0xF0, 0x40, 0x5C, 0x10, 0x11, 0xD6, 0x44, 0xF8, 0x96, 0x08, 0xC8, 0x0D, 0x22, 0x52, 0x19,
    0xBF, 0x15, 0x4C, 0xC7, 0xEF, 0xD7, 0x2B, 0x10, 0xDC, 0x78, 0x3E, 0x5A, 0x8E, 0x77, 0xBB, 0x02,
    0xB6, 0x1D, 0x1C, 0xF5, 0xE0, 0x31, 0x15, 0x96, 0x00, 0xBC, 0xF5, 0x7F, 0x46, 0xF9, 0xA0, 0x07,
    0x58, 0x68, 0x25, 0x2A, 0x7F, 0x50, 0xED, 0x68, 0x2D, 0x35, 0x0B, 0x94, 0xAE, 0x03, 0x58, 0xDE,
    0x25, 0x22, 0x76, 0x44, 0x78, 0xBF, 0x7F, 0xE5, 0x67, 0x8B, 0x99, 0x6D, 0x66, 0xBE, 0xC0, 0x4B,
    0x1D, 0x71, 0xB6, 0x9C, 0xD9, 0x76, 0xF6, 0xAD, 0x07, 0xF8, 0x34, 0xF8, 0x75, 0x9E, 0x58, 0x60,
    0xD7, 0xCE, 0x00, 0xEF, 0xB0, 0x02, 0x66, 0x5B, 0xDB, 0xB3, 0x36, 0x60, 0x3E, 0xB1, 0xC0, 0x6C,
    0x73, 0x9F, 0xB2, 0x2E, 0xD3, 0x36, 0x77, 0xAC, 0x73, 0xC7, 0x3E, 0xA9, 0x02, 0x71, 0xB6, 0x51,
    0x40, 0x68, 0xA5, 0xBB, 0x76, 0x3A, 0x5B, 0x2A, 0xE0, 0x7D, 0x2A, 0xBA, 0x4C, 0x15, 0x65, 0x80,
    0xFF, 0xF0, 0xDB, 0x9C, 0xD0, 0x51, 0x5A, 0xAF, 0xF5, 0xDC, 0xA1, 0x45, 0x2E, 0x77, 0x7C, 0xE9,
    0xB4, 0x4A, 0x8F, 0xB4, 0x30, 0xD9, 0x05, 0xC4, 0xD5, 0xE8, 0x20, 0x83, 0x7A, 0xA1, 0x65, 0x7E,
    0xFF, 0xB0, 0x4A, 0x44, 0xE0, 0x95, 0x16, 0x3C, 0x2E, 0xE1, 0x48, 0x71, 0x81, 0xB2, 0x22, 0x26,
    0x44, 0xAD, 0x79, 0xB1, 0x20, 0x86, 0xD5, 0x13, 0xD8, 0xF4, 0x8C, 0x16, 0x44, 0xB1, 0x8D, 0x15,
    0x7D, 0x9B, 0x6A, 0x4D, 0x88, 0x40, 0xD1, 0x58, 0x22, 0x30, 0xE1, 0x72, 0x67, 0x2D, 0x26, 0x2D,
    0x31, 0x6C, 0x43, 0xC9, 0xE2, 0x2C, 0x16, 0x1D, 0xA1, 0xE8, 0x96, 0x8D, 0x33, 0xC0, 0x11, 0x56,
    0x84, 0xC5, 0x2E, 0x7C, 0x0D, 0xEB, 0x38, 0x33, 0xD8, 0xC4, 0x59, 0xFA, 0x0B, 0xA7, 0x95, 0x79,
    0x87, 0x27, 0x05, 0xAF, 0x62, 0x84, 0x82, 0x50, 0xB3, 0x51, 0xA7, 0xE0, 0xB9, 0xA8, 0xF7, 0x5A,
    0x18, 0xC2, 0x70, 0x5D, 0xC1, 0x62, 0x0B, 0x8E, 0x60, 0x44, 0x21, 0x21, 0xA4, 0x85, 0xC2, 0x12,
    0x04, 0xCE, 0xA6, 0x41, 0xA4, 0xDF, 0xDD, 0x2B, 0x5B, 0xC4, 0x22, 0x2D, 0x3C, 0xF9, 0x0F, 0x6A,
    0x8A, 0x9E, 0x40, 0x53, 0x42, 0x9A, 0x21, 0xED, 0x69, 0x33, 0xBA, 0x05, 0x7D, 0x71, 0x1A, 0xED,
    0xA8, 0xD0, 0xDE, 0x57, 0x5E, 0x1F, 0x15, 0xDC, 0xFC, 0x10, 0x77, 0x80, 0x37, 0x4C, 0x7D, 0x8D,
    0xAB, 0xD7, 0x10, 0x55, 0x4E, 0x25, 0xD7, 0xF3, 0xE4, 0xC3, 0xBC, 0x08, 0x45, 0x80, 0xD2, 0x72,
    0xD2, 0xB4, 0x4F, 0x52, 0xC5, 0x99, 0xDA, 0x53, 0x9C, 0xC1, 0x27, 0xA0, 0xDB, 0x82, 0x47, 0xA0,
    0xED, 0xA4, 0x7F, 0x57, 0xB3, 0x5E, 0xA6, 0x67, 0x96, 0x4D, 0x0E, 0xBE, 0x64, 0x30, 0xA2, 0x10,
    0xC9, 0xDF, 0x3E, 0xAD, 0xEF, 0x92, 0x69, 0x20, 0x25, 0xCD, 0x70, 0x3D, 0xFE, 0x65, 0x6B, 0x91,
    0xC0, 0x12, 0x36, 0x4E, 0xEB, 0x6E, 0xD6, 0x5A, 0x77, 0x63, 0xE4, 0x7B, 0xC3, 0x26, 0x96, 0xAC,
    0xDC, 0x68, 0x20, 0xF5, 0xFF, 0x5C, 0x4A, 0x7B, 0x5D, 0xD2, 0x6A, 0x14, 0xA2, 0x46, 0x21, 0xA9,
    0x52, 0xA0, 0x64, 0x20, 0xE5, 0xA0, 0x1A, 0x37, 0x3B, 0x81, 0x14, 0x7C, 0xF9, 0x00, 0x78, 0x23,
    0x51, 0x15, 0x7C, 0x97, 0xDF, 0xD6, 0xB9, 0xB0, 0x2E, 0xFC, 0x37, 0x67, 0x2A, 0x8D, 0x53, 0xF2,
    0x01, 0x8A, 0x71, 0x0B, 0x1B, 0xD6, 0x69, 0x8B, 0x93, 0xDB, 0xD5, 0x89, 0x85, 0x91, 0x3F, 0xEE,
    0x36, 0x88, 0xFA, 0x80, 0x0D, 0x23, 0xAA, 0x0C, 0xA8, 0x74, 0xFA, 0x38, 0xF2, 0x7B, 0x44, 0xF7,
    0x07, 0xC5, 0x40, 0x9C, 0x22, 0xCA, 0x86, 0x78, 0x89, 0xB0, 0xD8, 0x81, 0x48, 0xB2, 0x05, 0x52,
    0x69, 0x16, 0x78, 0x31, 0xFC, 0x48, 0x00, 0x8C, 0x81, 0xDE, 0xB8, 0x2A, 0x2D, 0x6B, 0x6C, 0x1E,
    0x83, 0xAB, 0xBC, 0xD0, 0xC3, 0x05, 0xAD, 0x79, 0xB7, 0x8B, 0x9A, 0x58, 0x9A, 0xB8, 0xD2, 0x61,
    0x0C, 0x10, 0x0A, 0xE7, 0x5F, 0x2D, 0x50, 0x51, 0x4D, 0x50, 0x11, 0x70, 0x44, 0xAC, 0x89, 0x58,
    0x46, 0x44, 0x23, 0x5B, 0x54, 0x43, 0xA4, 0xF9, 0x60, 0xA3, 0xA8, 0xA6, 0xC8, 0xBB, 0x78, 0x2F,
    0x50, 0x16, 0x44, 0x60, 0x17, 0xD1, 0x63, 0xB6, 0x1B, 0xA4, 0x99, 0xAA, 0xAD, 0x4A, 0xBF, 0x7A,
    0xAB, 0x05, 0x3A, 0x7E, 0x82, 0x16, 0x49, 0xA3, 0x57, 0x23, 0x87, 0xB4, 0x46, 0x0E, 0x38, 0xC0,
    0x82, 0x1F, 0x87, 0x17, 0xF3, 0x77, 0x4E, 0x52, 0x19, 0x42, 0x69, 0x90, 0x3B, 0x78, 0x34, 0xB7,
    0x0F, 0xAF, 0x4F, 0x0B, 0x9B, 0x53, 0x0C, 0xA0, 0xCC, 0xE0, 0xD1, 0x4E, 0xC5, 0xC1, 0x14, 0x39,
    0x36, 0x48, 0x0A, 0x8B, 0xA8, 0xDA, 0x8A, 0xE3, 0x80, 0xBE, 0x53, 0x66, 0x09, 0x1D, 0x03, 0xE7,
    0x6F, 0x36, 0xDB, 0xCF, 0x83, 0xED, 0xCC, 0x6D, 0x51, 0xC9, 0x67, 0x37, 0x5B, 0x8E, 0x18, 0x74,
    0xFC, 0xF0, 0x12, 0xFB, 0x81, 0x0E, 0x14, 0x36, 0xC4, 0x3E, 0xD0, 0x32, 0x63, 0x0B, 0xD5, 0x07,
    0x38, 0x0E, 0x05, 0x36, 0x95, 0xCA, 0x9A, 0x6F, 0xD6, 0x76, 0x19, 0xD4, 0x6E, 0xA9, 0xCE, 0xA6,
    0x1C, 0x9D, 0x8D, 0x2F, 0x16, 0x5D, 0xD4, 0x63, 0x85, 0x2E, 0x95, 0x42, 0xF1, 0xB3, 0xB7, 0x6B,
    0x45, 0x6D, 0x86, 0xE8, 0x9F, 0x8E, 0xAB, 0x80, 0x58, 0x1E, 0x34, 0x2B, 0xB0, 0xDD, 0x15, 0x9C,
    0x3F, 0x60, 0x85, 0x13, 0x40, 0xD1, 0x34, 0xC4, 0x68, 0x20, 0xD2, 0x6C, 0x4C, 0x86, 0xC8, 0x82,
    0xDF, 0x3A, 0xEE, 0xEB, 0x7B, 0x8E, 0x68, 0x43, 0xC0, 0x55, 0xEC, 0x1F, 0x61, 0xF5, 0xB8, 0xF8,
    0x22, 0x55, 0xAA, 0x92, 0x7F, 0x9F, 0x23, 0x11, 0x56, 0x76, 0x47, 0x36, 0x2A, 0x46, 0x25, 0xA9,
    0xC2, 0x2A, 0x6A, 0x35, 0xD2, 0x6E, 0x83, 0x01, 0x19, 0x8E, 0x93, 0x0E, 0x1D, 0xF2, 0x5E, 0xA1,
    0xCF, 0x15, 0x6C, 0xAA, 0xE0, 0x08, 0xC7, 0x46, 0xE1, 0x6B, 0x27, 0x0A, 0xA1, 0x63, 0x95, 0x46,
    0xA1, 0xCC, 0x14, 0xB4, 0x95, 0x0E, 0xC9, 0xBD, 0xBC, 0x43, 0xC4, 0x78, 0x1B, 0xE5, 0x07, 0x0A,
    0x80, 0x9D, 0xED, 0x87, 0x73, 0x83, 0xA4, 0x8A, 0x84, 0x4E, 0xA0, 0xBC, 0x81, 0xD9, 0x4A, 0x8E,
    0x69, 0x92, 0x4D, 0xA4, 0xB6, 0x7C, 0x3F, 0x4B, 0x81, 0xE5, 0xF4, 0xF9, 0x8A, 0x81, 0xE6, 0x66,
    0x79, 0x28, 0x03, 0xCA, 0x6E, 0xDB, 0xB3, 0xB4, 0xD6, 0xB5, 0x99, 0xE9, 0x2C, 0x80, 0xF9, 0xC3,
    0x28, 0x1B, 0x15, 0x23, 0x41, 0x9D, 0x0C, 0x9A, 0x3B, 0xE8, 0xB5, 0x25, 0x46, 0x31, 0x88, 0x6B,
    0x75, 0x81, 0x75, 0x2C, 0x52, 0x7B, 0xF2, 0x2B, 0xDA, 0x09, 0x4D, 0x43, 0x80, 0x6D, 0x16, 0x11,
    0x67, 0xA7, 0x49, 0x29, 0x92, 0x89, 0x0A, 0x5D, 0x5A, 0xAE, 0x92, 0xAA, 0x5C, 0xCC, 0xF6, 0xEA,
    0x14, 0xA3, 0xA3, 0x8A, 0xDC, 0x64, 0xC3, 0x19, 0x8E, 0xB8, 0x56, 0xCA, 0x4A, 0x21, 0x21, 0x04,
    0xF5, 0xD3, 0xA0, 0x21, 0x68, 0x8E, 0x00, 0xDF, 0x72, 0xF7, 0x10, 0x51, 0x48, 0xFF, 0x47, 0x01,
    0xDE, 0x0C, 0xFB, 0x7E, 0xBA, 0xB4, 0x08, 0xC4, 0xAA, 0x47, 0x79, 0x93, 0x0F, 0x1E, 0x45, 0xA7,
    0x2B, 0xFC, 0xAF, 0xB2, 0xF1, 0x64, 0xC8, 0x22, 0xA6, 0xA8, 0x1F, 0x75, 0x38, 0x42, 0x8F, 0x4B,
    0x30, 0x00, 0x92, 0x47, 0x6A, 0x2E, 0xB5, 0x2C, 0xEF, 0x95, 0x30, 0xE2, 0xA0, 0x83, 0x3B, 0xB6,
    0xBC, 0x01, 0x60, 0xEE, 0x00, 0xF1, 0xA4, 0xF9, 0x14, 0x17, 0x05, 0x75, 0xE0, 0x14, 0x92, 0x4E,
    0xC1, 0x64, 0x0A, 0xC7, 0xB8, 0xC4, 0x41, 0x5E, 0x71, 0x84, 0x09, 0xD8, 0x10, 0x8E, 0xD5, 0xE3,
    0xD2, 0x49, 0xE5, 0x7F, 0x22, 0x1F, 0xD5, 0x8F, 0xB2, 0x3D, 0x5D, 0x45, 0x41, 0x0D, 0x60, 0x84,
    0x86, 0xD0, 0x61, 0x1A, 0x64, 0xE4, 0xDC, 0xF3, 0x17, 0x88, 0xA5, 0x53, 0x34, 0x3F, 0x70, 0x8A,
    0x6B, 0x2C, 0x15, 0x1D, 0x52, 0x45, 0x3B, 0x61, 0x42, 0xF4, 0x45, 0x7A, 0xD8, 0x80, 0xB8, 0xF1,
    0xB9, 0xED, 0x1E, 0x81, 0x68, 0x70, 0x45, 0x31, 0xAE, 0xA0, 0x18, 0xB6, 0x44, 0xDF, 0x01, 0xCC,
    0x13, 0xC1, 0xB5, 0x71, 0x69, 0xDE, 0x82, 0x89, 0x19, 0x4E, 0xD8, 0x4B, 0x79, 0x96, 0x59, 0xF0,
    0x5B, 0xE4, 0x1C, 0xFB, 0x92, 0x60, 0xF8, 0x5D, 0x42, 0xF0, 0x8B, 0xA7, 0xCC, 0x42, 0x59, 0xD3,
    0xDA, 0x3B, 0x85, 0x2F, 0x38, 0x05, 0xAC, 0x09, 0x8B, 0xF9, 0xCC, 0x29, 0x44, 0xBC, 0x9A, 0xB2,
    0x5E, 0x5C, 0xF8, 0xFC, 0x37, 0xE9, 0xE0, 0x8F, 0xB9, 0xA7, 0x55, 0x00, 0x4E, 0x5F, 0x10, 0x97,
    0x25, 0x43, 0x2E, 0x2D, 0x96, 0xB7, 0xDC, 0x34, 0x41, 0x8B, 0x1D, 0xD9, 0x00, 0xBE, 0x85, 0x39,
    0xA4, 0xA6, 0x05, 0x0C, 0xEF, 0x66, 0xB5, 0x23, 0x2A, 0x55, 0x00, 0xD1, 0xC3, 0x31, 0xB2, 0xA2,
    0x9D, 0x7C, 0x19, 0x6F, 0x71, 0xE0, 0xE9, 0x3E, 0x14, 0xD2, 0x5A, 0xC1, 0x40, 0x61, 0xC3, 0x99,
    0xB6, 0x17, 0x45, 0x21, 0x25, 0x24, 0x77, 0x56, 0x23, 0x7B, 0xE1, 0x08, 0x47, 0x04, 0x73, 0xEF,
    0xCD, 0x15, 0x62, 0xB1, 0x2B, 0x78, 0xF2, 0xC1, 0x6A, 0x8E, 0x6F, 0x4C, 0xB3, 0x9B, 0x4E, 0xDC,
    0xF5, 0x07, 0x6E, 0xCD, 0xB1, 0x54, 0x48, 0x9A, 0xF4, 0x87, 0x74, 0x4E, 0x26, 0x68, 0x71, 0x8C,
    0xA5, 0xDF, 0xC2, 0x61, 0xC1, 0xC8, 0xE4, 0x09, 0x74, 0x58, 0x29, 0x6E, 0xE0, 0x14, 0xCD, 0xBB,
    0x76, 0xDE, 0xA4, 0x54, 0xE9, 0x33, 0xB6, 0x18, 0x22, 0x66, 0xF7, 0xF5, 0xCB, 0x2A, 0x91, 0x9F,
    0x57, 0xA6, 0x18, 0xDD, 0x95, 0xDD, 0x11, 0x6E, 0x0E, 0xF9, 0x37, 0xCA, 0x47, 0xEE, 0x2D, 0xD4,
    0x7A, 0xDB, 0x7B, 0x68, 0x86, 0x13, 0x67, 0x73, 0x3C, 0x36, 0x35, 0x20, 0x41, 0x22, 0x55, 0x02,
    0x73, 0xD0, 0x24, 0xD4, 0x58, 0xCF, 0xD0, 0x25, 0x48, 0x6B, 0x85, 0xA8, 0x53, 0xC0, 0x4F, 0x5A,
    0x85, 0x50, 0xAF, 0x9E, 0xE4, 0x5A, 0x4F, 0x78, 0x47, 0xD9, 0x2A, 0xF8, 0x04, 0x38, 0xC2, 0x92,
    0x90, 0x90, 0x9B, 0x88, 0x5C, 0x6C, 0xE1, 0x59, 0xBF, 0x9B, 0x56, 0x3F, 0xDD, 0x60, 0xA5, 0x70,
    0xB9, 0x53, 0x08, 0x06, 0xC2, 0x83, 0x4A, 0xE1, 0xDF, 0x3B, 0x85, 0xBA, 0x27, 0xA4, 0x0A, 0x4D,
    0xA8, 0xD0, 0xFA, 0x1D, 0x57, 0x7F, 0x07, 0x88, 0x28, 0xA4, 0xEE, 0x0C, 0xEB, 0x48, 0x07, 0xBD,
    0x53, 0x48, 0x97, 0xFC, 0xF4, 0xB6, 0xAE, 0x37, 0xF8, 0x04, 0x74, 0xBF, 0x86, 0xA8, 0x46, 0xC0,
    0xB8, 0x21, 0x52, 0x28, 0xCB, 0x8A, 0x95, 0xF5, 0x8E, 0xB2, 0x55, 0xF0, 0x3B, 0x05, 0x38, 0x82,
    0xE1, 0xE2, 0x4C, 0x3E, 0x08, 0xF4, 0x1B, 0xE1, 0xE2, 0x2C, 0x91, 0x2B, 0xB4, 0xD0, 0x7F, 0x15,
    0xC2, 0xFB, 0xDF, 0x1A, 0x47, 0xED, 0xEB, 0x1C, 0xB6, 0x8D, 0x27, 0x05, 0x97, 0x68, 0x07, 0x0B,
    0x5A, 0xCE, 0x35, 0x2C, 0x61, 0x4F, 0x08, 0xE6, 0xFE, 0x09, 0x5C, 0x24, 0x0E, 0xC7, 0xE0, 0xDE,
    0x04, 0x70, 0x30, 0xC0, 0xD1, 0xFD, 0xB3, 0xC3, 0x02, 0xA2, 0x6A, 0xE2, 0xB2, 0x3C, 0xC4, 0x5D,
    0x77, 0x17, 0xA9, 0x9E, 0x97, 0x2A, 0xFD, 0xD4, 0x29, 0x37, 0xD9, 0x14, 0xEB, 0x07, 0xFC, 0x62,
    0x00, 0x27, 0xFA, 0x45, 0xC4, 0xD5, 0x92, 0xA1, 0x54, 0x11, 0x55, 0x71, 0x97, 0x54, 0x81, 0x70,
    0x35, 0x8C, 0xC6, 0xD0, 0x9D, 0xF1, 0x67, 0xD1, 0x43, 0x67, 0x49, 0x8D, 0xE3, 0x0E, 0x93, 0x10,
    0xF5, 0x2E, 0x92, 0x6D, 0x90, 0x70, 0x5F, 0xE8, 0x26, 0xE6, 0xEB, 0xEB, 0x1D, 0x80, 0xE7, 0x97,
    0x51, 0xED, 0x6D, 0x50, 0x91, 0x54, 0x18, 0x23, 0x82, 0x01, 0x38, 0x39, 0xCC, 0xE0, 0xE2, 0x8A,
    0x01, 0x22, 0xBA, 0xA0, 0x45, 0xE7, 0xB7, 0x34, 0xE3, 0xF3, 0x7D, 0x5A, 0x28, 0x19, 0xBD, 0xF6,
    0x55, 0xFF, 0x56, 0x7B, 0x02, 0x74, 0x69, 0x85, 0x2E, 0x7A, 0x78, 0xAB, 0xDD, 0x32, 0x74, 0x91,
    0x30, 0x76, 0xEE, 0x30, 0xDC, 0x1C, 0x60, 0x61, 0x18, 0x31, 0xD5, 0xC3, 0x77, 0x34, 0x2C, 0x14,
    0x14, 0x8C, 0x1E, 0xBC, 0x02, 0x7A, 0x4B, 0x5E, 0x60, 0xDE, 0x65, 0x87, 0x03, 0x18, 0xBD, 0xAF,
    0x47, 0xA4, 0xDF, 0x57, 0xD3, 0xF7, 0xEE, 0x22, 0x72, 0x41, 0x3A, 0x4C, 0x9B, 0xAE, 0xB9, 0x59,
    0xC5, 0xD2, 0x04, 0x92, 0xBD, 0x36, 0x3A, 0xD8, 0x51, 0x93, 0x87, 0xDF, 0xF2, 0xA4, 0xA3, 0x39,
    0x80, 0xDB, 0xBD, 0x71, 0xC0, 0x31, 0x90, 0x82, 0x3B, 0x61, 0x5C, 0xD0, 0x6C, 0xFC, 0x62, 0x24,
    0x14, 0x3C, 0xD1, 0xDA, 0x6D, 0xD9, 0xB4, 0xB9, 0x1A, 0x40, 0xBE, 0x41, 0xE4, 0xE0, 0xE1, 0xF3,
    0xDB, 0xA6, 0xE2, 0x47, 0x4D, 0x81, 0x4D, 0x59, 0x80, 0x5B, 0xC6, 0x33, 0x7F, 0x1A, 0x2E, 0x67,
    0x9A, 0x6D, 0x6E, 0x54, 0x01, 0x8B, 0x97, 0x7B, 0xC0, 0xEC, 0x28, 0x10, 0x54, 0xCF, 0xDD, 0x20,
    0x7D, 0x1A, 0xF5, 0x86, 0xFA, 0x33, 0x70, 0x0B, 0x6F, 0x18, 0xF7, 0xAC, 0x40, 0xFD, 0xC7, 0xFD,
    0x1D, 0x00, 0xFE, 0x08, 0xC0, 0xE2, 0x39, 0x64, 0xB9, 0xB5, 0xFA, 0x76, 0xDA, 0xA2, 0x4C, 0x47,
    0x13, 0xE2, 0xC4, 0x44, 0x5C, 0xCB, 0x40, 0x03, 0x60, 0xCA, 0xD6, 0x1D, 0x01, 0xEF, 0xDD, 0xBD,
    0xC6, 0x62, 0x83, 0x8D, 0x22, 0x5D, 0x26, 0x8B, 0x44, 0x58, 0x0F, 0x8C, 0x4B, 0xE7, 0xA3, 0xB4,
    0x44, 0x2E, 0x18, 0x00, 0x9E, 0xA6, 0xBF, 0x13, 0x65, 0x18, 0x3A, 0x80, 0xDE, 0x46, 0xC0, 0x22,
    0x27, 0x19, 0x17, 0x57, 0x2E, 0xAA, 0x70, 0x51, 0xFE, 0x9A, 0xCE, 0x23, 0x91, 0x6F, 0x36, 0x5A,
    0xC4, 0x0F, 0xE8, 0x54, 0xD8, 0xC0, 0x9B, 0x7A, 0x4D, 0x75, 0xE9, 0x0F, 0x1F, 0x15, 0x22, 0x48,
    0xB5, 0x60, 0x4E, 0x5F, 0x05, 0x2D, 0xB8, 0xC5, 0x1C, 0xD6, 0xE0, 0xB3, 0x27, 0xE7, 0xDC, 0x63,
    0xEF, 0xE8, 0xE6, 0x62, 0x22, 0x62, 0x27, 0x26, 0x16, 0x4A, 0xC5, 0xDA, 0xC0, 0x61, 0xE2, 0x62,
    0xB7, 0x64, 0x2C, 0x12, 0x11, 0x8B, 0x89, 0x8E, 0x45, 0x30, 0x90, 0x1D, 0x00, 0x09, 0xD9, 0x63,
    0x90, 0x91, 0x0D, 0x7A, 0x90, 0x92, 0x65, 0x70, 0xD5, 0x68, 0xC1, 0x27, 0xC2, 0x8E, 0x45, 0x1F,
    0xDF, 0xFF, 0x31, 0x5B, 0x7F, 0x9F, 0x37, 0x22, 0x29, 0xCA, 0x66, 0x4B, 0xCC, 0xA2, 0x3B, 0x0D,
    0xC9, 0xCE, 0x02, 0x46, 0xE8, 0x85, 0x1E, 0xF1, 0xB3, 0x70, 0xBE, 0x0D, 0x5A, 0xA8, 0xF8, 0xC4,
    0x46, 0xD1, 0xA1, 0x08, 0x5B, 0xAC, 0x31, 0xBA, 0x33, 0x52, 0xEA, 0x31, 0x3B, 0x8D, 0x60, 0xA4,
    0x68, 0x35, 0x20, 0xFE, 0x12, 0x00, 0xC8, 0x40, 0x2C, 0x7B, 0xA2, 0xC5, 0x8C, 0xBA, 0xA6, 0x0A,
    0x60, 0xE4, 0x53, 0xB8, 0xE9, 0x26, 0x4D, 0x59, 0x30, 0xA8, 0xE8, 0xF3, 0x5F, 0x76, 0x36, 0x46,
    0x67, 0xAF, 0xA0, 0x73, 0x17, 0xA2, 0x76, 0x0D, 0x53, 0xA7, 0xE0, 0x5E, 0x65, 0x11, 0x54, 0xFD,
    0x77, 0x81, 0xD2, 0x01, 0x89, 0x65, 0x7D, 0xE8, 0x0D, 0x35, 0xF4, 0x8E, 0x16, 0x36, 0x0E, 0x15,
    0x52, 0x12, 0xDF, 0x2F, 0x24, 0xC0, 0x0A, 0xF1, 0xBB, 0x48, 0x99, 0xA7, 0xA8, 0x4E, 0xA2, 0x37,
    0x06, 0x1F, 0x16, 0x18, 0x53, 0x20, 0x94, 0x35, 0xC0, 0x73, 0xCE, 0xA6, 0x85, 0x79, 0x7B, 0xC0,
    0x06, 0x06, 0x16, 0x49, 0x66, 0x11, 0x3F, 0x12, 0x87, 0x04, 0xC7, 0x30, 0xEA, 0x18, 0x7B, 0x06,
    0x60, 0xDC, 0x6F, 0x11, 0x39, 0xBA, 0x00, 0xCD, 0x65, 0x5D, 0xC4, 0x1C, 0x57, 0x3F, 0x2E, 0xA8,
    0x4F, 0x0E, 0x6A, 0x23, 0x75, 0x24, 0x4F, 0x5D, 0x21, 0xE9, 0x00, 0xD0, 0xB3, 0xFF, 0xF4, 0x36,
    0x23, 0xE8, 0xC7, 0xDC, 0x1C, 0x4D, 0x38, 0x6A, 0x70, 0x52, 0x56, 0x90, 0x81, 0x3B, 0xCA, 0x4E,
    0x95, 0x0D, 0xA0, 0x8F, 0x07, 0x62, 0x29, 0x68, 0xB9, 0xD4, 0x9C, 0xDC, 0x4A, 0xF4, 0x4E, 0x09,
    0x20, 0xDD, 0x09, 0xA7, 0x0D, 0x70, 0x91, 0x37, 0x3B, 0x20, 0x2F, 0x81, 0x4B, 0x49, 0xF1, 0x44,
    0xE2, 0x76, 0xBF, 0xCC, 0x42, 0x61, 0x9D, 0xC9, 0xDC, 0x5E, 0x05, 0x62, 0x98, 0x02, 0x26, 0x8B,
    0x1B, 0x0C, 0x08, 0x2C, 0x37, 0xAE, 0x81, 0x66, 0x93, 0x96, 0x00, 0x7B, 0x3A, 0x6D, 0x33, 0x71,
    0xAF, 0x90, 0xE6, 0x0A, 0x47, 0x0C, 0x8B, 0xE9, 0xB7, 0x61, 0xA3, 0x3D, 0x38, 0xA1, 0xE1, 0x1B,
    0xD9, 0xDE, 0x06, 0x0F, 0x47, 0x08, 0x6A, 0x6E, 0xA5, 0x89, 0xCA, 0xA9, 0x7F, 0xCD, 0x28, 0x7E,
    0x97, 0xD6, 0xE0, 0xFC, 0x99, 0x8F, 0xB8, 0x92, 0x28, 0x7B, 0x59, 0x06, 0xFD, 0x66, 0xAC, 0x92,
    0xDE, 0x7B, 0x13, 0x66, 0xEB, 0x0E, 0x00, 0xA5, 0xD0, 0x38, 0x29, 0x0E, 0xFE, 0xC3, 0xEB, 0xF0,
    0xB6, 0x79, 0xB0, 0x30, 0x8A, 0xB3, 0x13, 0x33, 0x9B, 0x16, 0x2B, 0x76, 0x3D, 0x8B, 0xAA, 0x64,
    0xDA, 0x15, 0x27, 0xF3, 0x03, 0xE8, 0x88, 0x45, 0xF4, 0xDE, 0x5C, 0xE9, 0x9A, 0xA8, 0x52, 0x3D,
    0x1A, 0xDA, 0xB2, 0xDF, 0x31, 0xF4, 0xFD, 0x3E, 0xFD, 0x4B, 0xF7, 0x4F, 0x17, 0x87, 0xCE, 0x01,
    0xDD, 0x46, 0x85, 0x9C, 0x90, 0x41, 0xD0, 0x26, 0x5A, 0x53, 0x97, 0x72, 0xE5, 0xB3, 0xAD, 0x43,
    0x8B, 0xF1, 0xA0, 0xAF, 0x19, 0x00, 0x2E, 0xD0, 0xA8, 0x05, 0xF7, 0x0C, 0x94, 0x80, 0x3F, 0xFD,
    0x9B, 0x70, 0x60, 0xA6, 0x18, 0xCA, 0x01, 0xB0, 0x93, 0x38, 0xBC, 0x84, 0x5C, 0xA7, 0x31, 0xDD,
    0xE6, 0xE4, 0x3C, 0x38, 0x94, 0xF9, 0x94, 0x3B, 0x77, 0x63, 0x74, 0x6A, 0x26, 0x2B, 0x70, 0xFA,
    0x1F, 0x73, 0x5D, 0x9B, 0x0E, 0x99, 0x7D, 0x35, 0x83, 0x9D, 0xBE, 0x5F, 0x62, 0xAC, 0x17, 0x3F,
    0xBC, 0x49, 0xBD, 0x1A, 0x1C, 0x72, 0x10, 0x90, 0x38, 0xE4, 0x82, 0x3E, 0xA9, 0x6C, 0xC4, 0xCF,
    0x70, 0x58, 0x19, 0x41, 0x64, 0x11, 0xC9, 0xB8, 0xDC, 0x3A, 0xC5, 0x2B, 0x37, 0x1D, 0x30, 0x87,
    0x77, 0x8B, 0x1D, 0x74, 0x84, 0xCB, 0x56, 0xC1, 0x97, 0x56, 0x91, 0x93, 0x00, 0x20, 0x73, 0x5C,
    0x02, 0x58, 0x44, 0xD2, 0x28, 0xC6, 0xEF, 0xB7, 0x8A, 0x09, 0x3A, 0x03, 0xA7, 0x58, 0x3E, 0xB0,
    0x4A, 0x30, 0xE5, 0xC2, 0x2C, 0x54, 0x75, 0xF4, 0x24, 0xC3, 0xF1, 0x0E, 0xCD, 0x17, 0x37, 0xC4,
    0x60, 0xF4, 0xBE, 0x25, 0x11, 0xC0, 0x59, 0x2C, 0xD2, 0xFB, 0xCF, 0xC3, 0x22, 0xB5, 0x44, 0x74,
    0xD3, 0xB9, 0x7E, 0xFF, 0x39, 0x90, 0x45, 0x4A, 0x62, 0xB2, 0x48, 0x9F, 0x4B, 0xE8, 0xA3, 0xF4,
    0xAB, 0xF1, 0x30, 0x6C, 0x07, 0xAF, 0x8D, 0xBB, 0x70, 0x92, 0x21, 0x87, 0xD7, 0x4F, 0x94, 0xF7,
    0x3F, 0x7E, 0xF7, 0x75, 0xBB, 0x59, 0xF4, 0xC3, 0xA6, 0x7C, 0xE0, 0xD2, 0x9F, 0xF3, 0xAB, 0x4B,
    0xA0, 0x95, 0x75, 0x49, 0xF3, 0x25, 0x61, 0xF2, 0xCD, 0x81, 0xCC, 0x10, 0x68, 0x38, 0xCD, 0x7D,
    0xF3, 0xBD, 0xAB, 0x76, 0xF5, 0xDE, 0xD5, 0xB8, 0x59, 0xBC, 0xF5, 0xC6, 0x2B, 0x6F, 0xBC, 0x72,
    0xF5, 0x5A, 0xDC, 0xB2, 0xBF, 0x06, 0x8B, 0xB7, 0xFE, 0xBB, 0x78, 0xE3, 0x95, 0x9F, 0x55, 0x94,
    0xAB, 0xD7, 0x7E, 0x55, 0xC5, 0x6D, 0x0E, 0x1E, 0xCF, 0x46, 0xD2, 0x72, 0xC6, 0x0D, 0xCE, 0x22,
    0x69, 0xE7, 0x23, 0xA2, 0x01, 0x54, 0x2C, 0x3F, 0x79, 0xE2, 0xD6, 0x67, 0xD2, 0x02, 0x12, 0x56,
    0x2D, 0xCF, 0xC3, 0xF6, 0xA2, 0x14, 0x13, 0x71, 0xFB, 0xD2, 0x0E, 0x71, 0xBB, 0xDE, 0xE5, 0x6C,
    0x5F, 0x24, 0x2C, 0x41, 0xCE, 0xF6, 0x6D, 0xC7, 0xCA, 0x1D, 0x39, 0xDB, 0x9A, 0x57, 0xB1, 0x03,
    0x05, 0xA2, 0x22, 0xAE, 0x99, 0x99, 0x3B, 0x3D, 0xF3, 0x5C, 0x34, 0x30, 0xE3, 0x21, 0x0C, 0x37,
    0xCE, 0x8F, 0xB8, 0xBD, 0x42, 0xC7, 0x69, 0xC0, 0x05, 0x40, 0x38, 0x27, 0x0A, 0x77, 0x3E, 0xD8,
    0xA8, 0x01, 0xCB, 0xF3, 0xA7, 0x75, 0xA3, 0x22, 0x74, 0x50, 0xDD, 0x38, 0x3C, 0x40, 0x24, 0x1E,
    0x6D, 0x51, 0xD7, 0xDB, 0xC9, 0x8D, 0x27, 0xB9, 0xDD, 0xA3, 0x91, 0xDB, 0x7D, 0x9F, 0xDC, 0x6E,
    0xA5, 0xDC, 0xEE, 0xFD, 0x8F, 0xCD, 0xED, 0x8E, 0xC7, 0x5D, 0x82, 0x9B, 0xCF, 0xF6, 0x96, 0x6B,
    0xE1, 0x71, 0xB9, 0x76, 0x11, 0x49, 0xDF, 0xC1, 0x70, 0xB9, 0x9A, 0x01, 0x8A, 0x51, 0xC7, 0xE5,
    0x9A, 0x3C, 0x5A, 0xAE, 0x39, 0x97, 0xD9, 0x37, 0xEC, 0x6A, 0x67, 0xB9, 0xA6, 0x1F, 0x8F, 0xF4,
    0x05, 0xF6, 0x2D, 0x9D, 0x55, 0x31, 0x9F, 0x5F, 0x20, 0x24, 0x3B, 0xA0, 0xF6, 0x98, 0x70, 0xCB,
    0x48, 0xF0, 0x82, 0x3F, 0x48, 0x01, 0x32, 0x03, 0x53, 0x14, 0x98, 0xC2, 0x11, 0xD6, 0xAC, 0xB6,
    0x00, 0xD2, 0x11, 0xD6, 0xAF, 0x90, 0xC5, 0x35, 0xCC, 0xCE, 0x92, 0x7B, 0x4E, 0x37, 0x04, 0xE9,
    0xC2, 0x9A, 0x44, 0x54, 0x01, 0xEC, 0xCF, 0xEB, 0x6C, 0x36, 0x17, 0x77, 0xB8, 0xE2, 0x97, 0x6E,
    0xB9, 0x5D, 0xAE, 0xD8, 0x27, 0x2E, 0x0F, 0xB6, 0x2C, 0xF1, 0x05, 0x10, 0x17, 0x38, 0xA6, 0xC5,
    0xBE, 0xED, 0x78, 0x97, 0x58, 0x45, 0x5F, 0x6A, 0x45, 0x00, 0x8F, 0x21, 0x7B, 0xD5, 0x83, 0x3D,
    0x14, 0x2E, 0x87, 0xE7, 0xE7, 0x8A, 0xE7, 0xD9, 0x73, 0xC4, 0x73, 0xA3, 0x8E, 0x9F, 0x34, 0xF3,
    0xF3, 0xA2, 0x93, 0x4F, 0x6B, 0xFB, 0x9C, 0x28, 0xE6, 0xD3, 0xDB, 0x9E, 0x68, 0xE7, 0xE4, 0x63,
    0xD2, 0xCE, 0x39, 0x69, 0x67, 0x9B, 0xCC, 0xB4, 0x33, 0x4A, 0x40, 0xD1, 0x74, 0xC4, 0x50, 0x32,
    0x45, 0xE4, 0x2D, 0xE8, 0x24, 0x1D, 0x4C, 0x03, 0x6C, 0x76, 0x68, 0xE7, 0x35, 0xE8, 0x41, 0x37,
    0x60, 0x27, 0x5E, 0x03, 0xCF, 0xCF, 0x8B, 0x76, 0xF6, 0x27, 0xDA, 0x79, 0x6F, 0xE1, 0xBA, 0xB1,
    0xFC, 0x0D, 0x54, 0xF4, 0xF1, 0xC7, 0xA6, 0xA2, 0xDD, 0x98, 0xFF, 0x26, 0x15, 0x5B, 0xC7, 0xC8,
    0x47, 0x9F, 0x3C, 0x07, 0x1F, 0xBD, 0x6B, 0xA1, 0xD3, 0x68, 0x24, 0xAD, 0x6E, 0xFA, 0xC5, 0x53,
    0xE8, 0x69, 0x95, 0xB4, 0x78, 0x06, 0x7A, 0xFA, 0x0A, 0xF2, 0xD9, 0x3A, 0xCF, 0xA0, 0xA9, 0xE5,
    0x19, 0x68, 0x6A, 0xBF, 0x89, 0xEB, 0xA0, 0x0D, 0x9D, 0xDF, 0x7C, 0x52, 0x34, 0xF5, 0x15, 0x90,
    0x96, 0xE4, 0xAE, 0x44, 0x75, 0x4F, 0xE7, 0xAA, 0x23, 0xE5, 0xAA, 0xE5, 0x99, 0xB8, 0xEA, 0x5C,
    0x1C, 0x92, 0x3D, 0xAE, 0x9A, 0x97, 0x1D, 0xE0, 0x3B, 0xF8, 0xE3, 0xCA, 0xDC, 0xB1, 0xBA, 0xD5,
    0x96, 0xB7, 0x8E, 0xCF, 0x85, 0xB7, 0x66, 0x18, 0x23, 0x0A, 0xC8, 0xC1, 0x67, 0x7C, 0xF2, 0xE4,
    0xB5, 0x7A, 0x90, 0x16, 0x8C, 0x18, 0x46, 0xCF, 0x89, 0x4F, 0x86, 0xC2, 0x9E, 0x67, 0x48, 0x01,
    0xC0, 0x57, 0x46, 0x1A, 0x67, 0x05, 0xE3, 0x14, 0x5E, 0x3E, 0x51, 0x80, 0x21, 0xA4, 0x33, 0x1C,
    0x29, 0x84, 0xBC, 0x9A, 0xB0, 0x9E, 0xEA, 0x4F, 0x56, 0x8D, 0x64, 0x8E, 0x88, 0x03, 0xCC, 0xB0,
    0x02, 0x80, 0x19, 0x60, 0x38, 0xF7, 0x24, 0x66, 0xE8, 0x2A, 0x68, 0x05, 0xCF, 0xC4, 0x68, 0xFF,
    0xA8, 0xF9, 0x8D, 0x8C, 0xF6, 0xAE, 0x17, 0x78, 0x66, 0x76, 0x3B, 0x7E, 0x2A, 0xBB, 0xDD, 0x3D,
    0xC9, 0x6E, 0x5F, 0xA1, 0xCA, 0x73, 0x38, 0xF5, 0x3B, 0xE2, 0xB9, 0xA3, 0x02, 0xDC, 0x18, 0x2A,
    0xA4, 0x19, 0x11, 0x40, 0x98, 0x11, 0xCF, 0x83, 0xF3, 0xBE, 0x1B, 0x0C, 0x70, 0x38, 0xE6, 0x88,
    0x3D, 0x0B, 0xEF, 0xDD, 0x2A, 0xE0, 0x1F, 0xCE, 0xE4, 0xBD, 0x2D, 0xE1, 0x88, 0x90, 0xEE, 0xF1,
    0xDE, 0x7E, 0x83, 0x29, 0xD7, 0xE7, 0x19, 0x9E, 0x9B, 0x06, 0xBF, 0x7C, 0x06, 0x0D, 0x4E, 0x57,
    0x58, 0xC1, 0x20, 0xA9, 0xB6, 0x5B, 0x75, 0x58, 0x89, 0xE8, 0x98, 0xFC, 0xF4, 0x76, 0x4D, 0xDA,
    0xAF, 0x55, 0xF0, 0x77, 0x20, 0xD1, 0xEF, 0x44, 0x2A, 0xC4, 0x0A, 0x27, 0xAC, 0x27, 0x83, 0xDE,
    0x51, 0x36, 0x0A, 0x7E, 0xAB, 0x00, 0x4B, 0x58, 0x12, 0xC8, 0x85, 0x23, 0x1C, 0x02, 0xF2, 0xB9,
    0x38, 0x7E, 0xA2, 0x33, 0x25, 0x9D, 0x8D, 0x34, 0x4F, 0xA3, 0xC6, 0x39, 0xEB, 0xBE, 0x83, 0xFD,
    0x2B, 0xAC, 0x61, 0x07, 0xBA, 0x00, 0x73, 0xCF, 0xC1, 0xC5, 0xA4, 0xC6, 0xBD, 0xB2, 0x9E, 0xA9,
    0x71, 0x0F, 0xD1, 0x70, 0xE3, 0x47, 0x99, 0x27, 0xAA, 0xB5, 0x2E, 0x0B, 0xFB, 0x44, 0x34, 0x18,
    0x57, 0xD3, 0x59, 0x48, 0x4D, 0x53, 0xD1, 0x6E, 0x99, 0x03, 0xED, 0xCC, 0xCA, 0xDF, 0x82, 0x09,
    0x1A, 0xBD, 0xF0, 0x40, 0x9D, 0x68, 0x24, 0x7F, 0x5A, 0x2A, 0x88, 0x54, 0xE6, 0x87, 0xF2, 0x9F,
    0xD5, 0x31, 0x40, 0x83, 0x20, 0x78, 0x77, 0xD4, 0x2C, 0x38, 0x1A, 0xE5, 0x2D, 0x05, 0x23, 0xBA,
    0xA3, 0x86, 0xE2, 0xD8, 0xB7, 0xB2, 0x38, 0x1E, 0x97, 0xD5, 0xEE, 0x11, 0xAA, 0xDD, 0x64, 0xBA,
    0xF9, 0x0A, 0x2B, 0x87, 0xC3, 0x41, 0xB5, 0x44, 0x2E, 0x0A, 0x91, 0x54, 0x29, 0xF9, 0xD4, 0x98,
    0x57, 0x7D, 0x5E, 0x45, 0xE4, 0x14, 0x70, 0x4C, 0x58, 0x84, 0xD5, 0x1F, 0x62, 0xAD, 0xCF, 0xF8,
    0x81, 0x7E, 0x97, 0x4B, 0x17, 0x56, 0x97, 0xA5, 0x08, 0x3A, 0xCF, 0x72, 0x9E, 0x73, 0xAE, 0x8F,
    0x78, 0xEB, 0x99, 0xE3, 0xDE, 0x0C, 0xC3, 0xB7, 0x2D, 0xF8, 0xB7, 0xC1, 0xB5, 0xF9, 0xE5, 0x6D,
    0x0B, 0x6F, 0xB0, 0x88, 0xBA, 0x35, 0x4C, 0x95, 0xE2, 0x0A, 0xE2, 0xE2, 0x02, 0xBC, 0x39, 0xA3,
    0x0C, 0xF6, 0x32, 0xCA, 0x2D, 0x1D, 0xCE, 0x80, 0x50, 0x06, 0x33, 0xFD, 0xEC, 0x07, 0x67, 0x64,
    0x94, 0xF4, 0x20, 0xB4, 0x3E, 0x20, 0x21, 0x30, 0x69, 0x54, 0x08, 0xAB, 0x7D, 0xB8, 0x4F, 0x1E,
    0x44, 0x6A, 0xA6, 0x8B, 0x95, 0xFF, 0xF0, 0xB0, 0x00, 0x44, 0x26, 0x56, 0x25, 0x14, 0xA6, 0x82,
    0xD1, 0x2D, 0x8B, 0xD1, 0x79, 0x60, 0x31, 0x7E, 0xBE, 0x86, 0xB5, 0xC1, 0x26, 0xFD, 0x85, 0x8B,
    0xA4, 0x55, 0x03, 0x88, 0x7A, 0xC0, 0xA8, 0x0C, 0xD7, 0x77, 0x19, 0x91, 0x91, 0x42, 0x4A, 0x64,
    0xA4, 0xB6, 0x96, 0x33, 0xDB, 0x13, 0x31, 0x9B, 0xD3, 0x76, 0x07, 0x78, 0xD2, 0x9C, 0x6F, 0xC6,
    0x56, 0xD6, 0x2A, 0x0E, 0x78, 0xB9, 0x9C, 0xFA, 0x1C, 0x92, 0xC3, 0xAE, 0xB7, 0x49, 0xBA, 0x91,
    0x6A, 0xFC, 0x89, 0x97, 0xBF, 0x13, 0x7E, 0x7A, 0x63, 0x08, 0xAA, 0x59, 0x1B, 0xB9, 0x40, 0xA4,
    0x16, 0x5F, 0xC5, 0x70, 0xD3, 0x91, 0x55, 0x61, 0xBC, 0xFA, 0x49, 0xFF, 0xE4, 0x26, 0xB6, 0x04,
    0xC9, 0x80, 0x17, 0x46, 0x56, 0xB9, 0x9B, 0x33, 0xB4, 0xAB, 0x3B, 0xF9, 0x19, 0x98, 0x9F, 0x01,
    0xCC, 0xCF, 0x00, 0xE6, 0x67, 0x00, 0xF3, 0xB3, 0x82, 0xA8, 0x43, 0x69, 0x43, 0x22, 0xF3, 0xB3,
    0x9E, 0x74, 0xCA, 0xE0, 0x48, 0xF6, 0xF2, 0xF9, 0x88, 0xCF, 0xF9, 0x47, 0x39, 0x19, 0x30, 0xF6,
    0x80, 0x21, 0xFC, 0x0A, 0x53, 0x28, 0xBC, 0x0F, 0x57, 0x69, 0x2A, 0x3D, 0x1C, 0xF3, 0xB4, 0x0E,
    0x8C, 0xF8, 0x27, 0xA6, 0x7E, 0x8C, 0xFF, 0x99, 0x64, 0x39, 0x00, 0x94, 0x35, 0xCD, 0xE2, 0x3B,
    0xDC, 0x43, 0x69, 0x42, 0xD7, 0xB0, 0x86, 0x61, 0xD6, 0xF2, 0x0B, 0x07, 0x35, 0x2D, 0xAE, 0x56,
    0x3E, 0x9E, 0x4F, 0xC7, 0xAB, 0x8F, 0xE7, 0x0C, 0x49, 0x03, 0x8C, 0x1C, 0x2E, 0x37, 0x3F, 0xE4,
    0x4F, 0x50, 0x72, 0x2F, 0x42, 0xF3, 0x27, 0x90, 0x92, 0xDB, 0x66, 0x50, 0xC1, 0xA0, 0x22, 0x35,
    0xBC, 0x83, 0x6E, 0x62, 0xCA, 0x0C, 0x66, 0x0A, 0xE9, 0x3C, 0x73, 0x2A, 0x29, 0x54, 0x2C, 0x70,
    0x63, 0xC0, 0x68, 0xFE, 0x11, 0x77, 0x23, 0x95, 0x73, 0xCD, 0xAF, 0xCE, 0x30, 0xF8, 0x73, 0xCE,
    0xB5, 0xA4, 0xDE, 0xED, 0x0F, 0x83, 0x92, 0x7A, 0xDB, 0x1F, 0xE6, 0x5D, 0xFC, 0xB1, 0x0F, 0x73,
    0x2E, 0xEE, 0x61, 0x1D, 0xFC, 0x3D, 0x61, 0x9E, 0xC5, 0x1F, 0xF7, 0x58, 0x3E, 0xC3, 0x1F, 0xC0,
    0x6E, 0x9A, 0x7A, 0xE4, 0xA1, 0x3D, 0xA9, 0xA7, 0xFE, 0x8E, 0xB6, 0x30, 0xC7, 0x43, 0x58, 0xCD,
    0xAE, 0x59, 0xF4, 0x46, 0x5B, 0x66, 0xBB, 0x79, 0x31, 0x8E, 0xE7, 0xF7, 0x67, 0xED, 0xC4, 0xF1,
    0x25, 0x1D, 0x98, 0x12, 0x31, 0x23, 0x82, 0x4D, 0x01, 0xA7, 0x72, 0x6C, 0xC0, 0x1F, 0xE6, 0x20,
    0x74, 0x0C, 0xF0, 0x38, 0x91, 0xA3, 0xFB, 0x49, 0xD4, 0xFD, 0x44, 0x93, 0xFB, 0xA1, 0x75, 0x19,
    0x95, 0xF2, 0xC6, 0xAE, 0xF5, 0x4C, 0xB6, 0xC1, 0xEB, 0x2A, 0x9A, 0xF5, 0x20, 0xA5, 0x9D, 0xCE,
    0xF2, 0x15, 0x18, 0x18, 0xFD, 0x3E, 0xC7, 0xCC, 0xC1, 0xCF, 0xB3, 0xDE, 0x01, 0x37, 0xFB, 0xC9,
    0xB2, 0x62, 0xCE, 0xFA, 0xBC, 0xD7, 0xF8, 0xD5, 0x38, 0x47, 0x79, 0x01, 0x38, 0x3C, 0xC5, 0x55,
    0x7E, 0x7F, 0xD7, 0x55, 0x7E, 0x96, 0xAE, 0x12, 0xA4, 0xF1, 0xA8, 0x2B, 0xC0, 0xAC, 0x83, 0x9F,
    0x8A, 0x86, 0x92, 0x56, 0xB8, 0x38, 0x46, 0x89, 0xE5, 0xD4, 0x70, 0x50, 0xEF, 0xCB, 0xAE, 0x79,
    0xA9, 0x67, 0x07, 0x84, 0x4F, 0xB0, 0x73, 0x52, 0x12, 0xEF, 0x25, 0x25, 0xDB, 0x74, 0x4B, 0x6C,
    0xA4, 0xF2, 0x5B, 0xFD, 0x80, 0xE6, 0xEE, 0x38, 0xE8, 0x49, 0xB3, 0x65, 0xBC, 0xFF, 0x02, 0x0E,
    0x8C, 0x42, 0x29, 0x1B, 0x95, 0x93, 0x3F, 0xDF, 0x40, 0x7A, 0x73, 0xEB, 0x23, 0x9B, 0x48, 0x43,
    0x73, 0x54, 0xA1, 0x12, 0x1C, 0x3D, 0xA6, 0x16, 0x60, 0x66, 0x01, 0x87, 0x14, 0xB0, 0x23, 0x24,
    0x0A, 0x4C, 0xA0, 0x6D, 0xA0, 0xB0, 0x09, 0x84, 0x55, 0x14, 0x0C, 0x72, 0x20, 0x29, 0x40, 0x4F,
    0xAB, 0x10, 0xD8, 0xD9, 0x7B, 0x7E, 0x75, 0x5C, 0x41, 0xA6, 0xC6, 0xFF, 0x6F, 0xE9, 0xF0, 0xBD,
    0x9D, 0x4F, 0x2A, 0x62, 0xF4, 0xD3, 0x22, 0x6E, 0x69, 0x42, 0xD3, 0x42, 0xCA, 0x3B, 0xE0, 0x0B,
    0xBB, 0x86, 0xC8, 0xD2, 0x01, 0x51, 0xC7, 0x45, 0xC3, 0x61, 0xF2, 0xF4, 0x3C, 0xC9, 0x54, 0x8D,
    0x82, 0xC6, 0xC6, 0xE3, 0xDC, 0x7E, 0xAB, 0xB2, 0x3D, 0x58, 0x29, 0x15, 0x28, 0x54, 0x00, 0x75,
    0xF3, 0x78, 0xD7, 0xDF, 0xE3, 0xCB, 0x9C, 0x1A, 0x20, 0x1A, 0xA8, 0xCB, 0x76, 0x58, 0xBD, 0xCC,
    0x2A, 0x77, 0x65, 0x53, 0x95, 0xE4, 0x0E, 0x76, 0x9A, 0x67, 0x84, 0xCF, 0xD1, 0x64, 0x7C, 0x0F,
    0xBC, 0x06, 0xF8, 0x0E, 0x88, 0xAD, 0xEF, 0x4C, 0x11, 0xBB, 0x23, 0xB5, 0x32, 0x47, 0x7E, 0x0C,
    0x94, 0xC5, 0x2C, 0x1B, 0x6C, 0x18, 0xA9, 0x23, 0x91, 0x76, 0x54, 0x0B, 0x5A, 0x54, 0x89, 0x54,
    0x66, 0x5A, 0x7D, 0xF3, 0x02, 0x7C, 0x3D, 0xFF, 0x41, 0x9F, 0x8A, 0xD5, 0x4A, 0xE1, 0x00, 0x56,
    0x38, 0x68, 0x34, 0x90, 0x36, 0xE8, 0x34, 0x88, 0x8E, 0xBA, 0x0E, 0x3F, 0x69, 0x11, 0x36, 0x1A,
    0x3C, 0x93, 0x19, 0xE0, 0xE0, 0x03, 0x63, 0x9A, 0x97, 0x30, 0x5C, 0x86, 0x67, 0xB7, 0x46, 0x7B,
    0xD9, 0x4E, 0x3E, 0xF9, 0x41, 0xC5, 0x88, 0x18, 0x41, 0x7D, 0x82, 0xA0, 0x49, 0xC6, 0x57, 0x38,
    0xAD, 0xE6, 0xE8, 0xFD, 0xED, 0x06, 0x1C, 0xED, 0xD4, 0xE2, 0xD7, 0x6F, 0xDD, 0xF6, 0x36, 0x70,
    0x8A, 0x46, 0x0E, 0x42, 0x8B, 0x74, 0xA5, 0x36, 0x2A, 0x02, 0x94, 0xAC, 0xD2, 0x6D, 0x97, 0x16,
    0xA0, 0xC1, 0x2D, 0x40, 0x9B, 0x41, 0xC9, 0x8B, 0x7A, 0xDA, 0x22, 0xD6, 0x38, 0x96, 0x66, 0x9D,
    0x60, 0x94, 0x98, 0x13, 0xC2, 0x58, 0x5A, 0x25, 0x69, 0xFC, 0x69, 0x84, 0xF7, 0x57, 0x2A, 0x85,
    0xDF, 0xAD, 0xB7, 0xDE, 0x99, 0x8B, 0x6B, 0x9B, 0x8F, 0x9D, 0xBD, 0x55, 0xE7, 0xCF, 0xB0, 0x55,
    0x3F, 0xC7, 0x9B, 0x8F, 0x90, 0xF6, 0x20, 0x35, 0x34, 0x46, 0xC6, 0xCA, 0x1F, 0x45, 0x03, 0x64,
    0x68, 0x7C, 0x0C, 0x0D, 0x8F, 0x8B, 0x48, 0xA4, 0xD6, 0xE0, 0xB8, 0x3E, 0x9E, 0xB4, 0xD7, 0xC8,
    0x18, 0x2E, 0x68, 0xC1, 0xED, 0x9B, 0x54, 0x66, 0x28, 0x0E, 0xDC, 0x66, 0x77, 0x63, 0x62, 0xB2,
    0x5E, 0x5C, 0x96, 0x1A, 0x09, 0x7F, 0x6B, 0x89, 0xD2, 0x2E, 0x11, 0x59, 0x5E, 0x8D, 0x85, 0xCB,
    0xB4, 0x05, 0x22, 0x37, 0x79, 0xC8, 0x05, 0x34, 0x00, 0x86, 0xC6, 0xBF, 0xC8, 0x85, 0xDC, 0x52,
    0x01, 0xAF, 0xCF, 0x46, 0x67, 0x1B, 0x35, 0xE7, 0x16, 0xC6, 0x9E, 0xF6, 0x62, 0xE4, 0xB9, 0x42,
    0xDB, 0x8C, 0xEA, 0x8C, 0xA1, 0xED, 0xEE, 0xB1, 0x9F, 0xEB, 0xF0, 0x05, 0x88, 0xB4, 0x2F, 0x4D,
    0x31, 0xEF, 0x7A, 0x0C, 0x78, 0x5F, 0xC4, 0x62, 0x89, 0x0D, 0x5F, 0x77, 0x48, 0xC7, 0x4D, 0x6B,
    0x57, 0xA5, 0xB8, 0x52, 0xE4, 0xBA, 0x34, 0x2A, 0xC3, 0x8D, 0xA7, 0xF8, 0xF5, 0x62, 0xD7, 0xAF,
    0x87, 0xF4, 0xEB, 0x55, 0x2C, 0xC2, 0xF5, 0x79, 0x3A, 0x0B, 0x9B, 0xF4, 0xE3, 0xCE, 0xDE, 0x7F,
    0x9B, 0x0E, 0x4B, 0x45, 0x9F, 0x64, 0xE3, 0x0A, 0xA5, 0x96, 0xDC, 0x3E, 0x23, 0xBB, 0x17, 0x25,
    0x7C, 0x11, 0x51, 0x75, 0xA4, 0xA2, 0xEB, 0xBB, 0x8A, 0x35, 0x4A, 0x08, 0x44, 0x80, 0xDC, 0x4E,
    0x13, 0xDA, 0x23, 0xFA, 0x1B, 0xA9, 0xE2, 0x9F, 0x1D, 0x68, 0x2B, 0xF3, 0x56, 0xFB, 0xFA, 0xF3,
    0x86, 0xC4, 0xA7, 0xCD, 0xC7, 0x18, 0x26, 0xBB, 0xB3, 0xC2, 0xE4, 0x94, 0x61, 0x72, 0xF4, 0x9C,
    0x61, 0x32, 0xD3, 0x4C, 0xBF, 0x11, 0x06, 0x18, 0x37, 0x7B, 0x3D, 0x83, 0x99, 0xDF, 0x1C, 0x04,
    0xD9, 0x19, 0xCB, 0x2E, 0x2D, 0x88, 0x11, 0x97, 0x9D, 0xE2, 0xBC, 0xEC, 0xBE, 0x31, 0x3C, 0x7A,
    0xE1, 0xD8, 0xFD, 0xEE, 0xDF, 0x60, 0x70, 0xFF, 0x9F, 0x77, 0xB9, 0x14, 0x6F, 0x2A, 0xCC, 0x75,
    0xD3, 0x09, 0xF8, 0x06, 0x03, 0x06, 0x1C, 0x92, 0x7B, 0x0E, 0x88, 0xA4, 0x9B, 0x8C, 0xFD, 0xAC,
    0x37, 0x18, 0x4F, 0x0D, 0xAC, 0x2F, 0xC0, 0xF4, 0x0B, 0x1C, 0xF3, 0x7D, 0x85, 0xD6, 0xB1, 0xF0,
    0x67, 0xFB, 0x7D, 0x62, 0x1A, 0xCF, 0x35, 0xD8, 0xE6, 0x68, 0xDD, 0x2D, 0x1D, 0x9C, 0x06, 0xA7,
    0x77, 0xF9, 0x80, 0x31, 0xCC, 0xAD, 0xCF, 0x35, 0xD0, 0x36, 0x1D, 0xAE, 0x98, 0x01, 0xE6, 0x85,
    0xBC, 0xBA, 0x32, 0x06, 0xBF, 0x1D, 0xB8, 0x5D, 0x26, 0x03, 0x1B, 0x24, 0xF4, 0xD7, 0xF7, 0x18,
    0x5A, 0x4B, 0x28, 0x31, 0xFF, 0x96, 0xD3, 0x29, 0x40, 0x08, 0x69, 0x01, 0x1A, 0x03, 0x74, 0x37,
    0xA9, 0x71, 0x44, 0x30, 0x45, 0x58, 0x23, 0xD6, 0x9F, 0x08, 0x80, 0xCB, 0x69, 0x5E, 0x4F, 0x93,
    0xDB, 0x8D, 0xBE, 0x27, 0x15, 0xB8, 0xA6, 0x38, 0x70, 0x6E, 0x9E, 0x8D, 0xCF, 0x9C, 0x6B, 0xE4,
    0x3D, 0x77, 0xF0, 0x65, 0x76, 0x90, 0x4E, 0xD5, 0x7F, 0xD4, 0xC1, 0x47, 0x51, 0x77, 0x72, 0x76,
    0xD4, 0xCD, 0x77, 0x1B, 0x36, 0x19, 0xA3, 0x6E, 0x47, 0xF5, 0xE7, 0xDF, 0x53, 0xF0, 0x84, 0x6B,
    0x7E, 0xF6, 0xE3, 0x34, 0x18, 0xBE, 0xC9, 0xE0, 0x7B, 0x0C, 0x2D, 0x77, 0x22, 0xEF, 0x7C, 0x7F,
    0xEF, 0x9F, 0x7F, 0x04, 0x17, 0x8D, 0xFB, 0x7A, 0x86, 0x7D, 0xE2, 0xFF, 0xE9, 0x81, 0xF8, 0xF1,
    0xD9, 0x81, 0xF8, 0x69, 0x2F, 0x3A, 0xC6, 0xE0, 0xBC, 0xD8, 0x0B, 0xCE, 0x59, 0x9E, 0x3C, 0x4F,
    0x70, 0x4E, 0x72, 0xD3, 0xF4, 0xB4, 0x94, 0x4C, 0x07, 0x72, 0xB2, 0x46, 0xD4, 0x00, 0xE0, 0x2B,
    0x26, 0x2D, 0xC3, 0xD8, 0x33, 0x02, 0xF3, 0x77, 0x76, 0x9F, 0x71, 0x11, 0x69, 0x91, 0x23, 0x16,
    0x4E, 0x14, 0xDB, 0xC7, 0xE9, 0x4E, 0xFC, 0xC9, 0x80, 0x3D, 0xDB, 0xDB, 0x76, 0x82, 0x96, 0xF8,
    0xAC, 0x21, 0xBC, 0x46, 0x43, 0x73, 0x08, 0x7F, 0xDA, 0xE3, 0xFE, 0x17, 0xC5, 0x9B, 0x81, 0xAB,
    0xE5, 0xD6, 0x99, 0xD8, 0x7F, 0x92, 0x26, 0x23, 0xC7, 0x5A, 0xCF, 0x31, 0x90, 0xB6, 0x2E, 0x6E,
    0xF6, 0x18, 0x30, 0x90, 0xC2, 0x64, 0xB4, 0x40, 0x80, 0x29, 0xF8, 0xDE, 0x23, 0xDB, 0x94, 0x00,
    0x05, 0x1A, 0xC0, 0x6C, 0xB6, 0x9D, 0xC2, 0x04, 0x58, 0x00, 0x28, 0x30, 0x05, 0x02, 0xA4, 0xF0,
    0xDE, 0x48, 0x6D, 0x80, 0x02, 0x05, 0x1A, 0x60, 0x1D, 0x43, 0x03, 0x6C, 0xE9, 0x5F, 0xB0, 0xC0,
    0x02, 0x53, 0xB8, 0xEF, 0xE9, 0xD4, 0x0B, 0x18, 0x28, 0x50, 0x25, 0x5D, 0x67, 0x81, 0x00, 0x55,
    0xBA, 0x33, 0xDD, 0x42, 0x81, 0x51, 0x1A, 0xA5, 0x68, 0x36, 0x47, 0xFA, 0x7A, 0x8E, 0x74, 0xEF,
    0xBB, 0x77, 0xAE, 0xDF, 0x3C, 0x7B, 0xEC, 0x71, 0x57, 0x7E, 0xDF, 0xEF, 0x8A, 0xB9, 0xF7, 0x3D,
    0xF9, 0xE8, 0xE8, 0x1C, 0x7D, 0xBF, 0xF3, 0xE9, 0x52, 0x0F, 0x24, 0x32, 0xA0, 0x1E, 0x7D, 0x0F,
    0x55, 0xB1, 0x84, 0x85, 0xB4, 0x83, 0x48, 0x64, 0xC8, 0x7C, 0xD4, 0xD2, 0x73, 0x3F, 0x72, 0xBC,
    0x81, 0x01, 0x34, 0xA0, 0x8A, 0x35, 0xBA, 0xA8, 0x3F, 0xAE, 0x29, 0xC5, 0xA1, 0xA5, 0x25, 0xEA,
    0x80, 0x0D, 0x60, 0x0A, 0x50, 0x0E, 0x62, 0x47, 0xDC, 0x42, 0xD2, 0x31, 0xBF, 0xC2, 0xF2, 0x7E,
    0xEA, 0x40, 0xB7, 0x60, 0x80, 0x0D, 0x7F, 0x88, 0xE3, 0x84, 0x61, 0x8E, 0x8D, 0x8F, 0xF3, 0x7F,
    0xB6, 0x41, 0x46, 0xF3, 0xCE, 0x6F, 0x5D, 0x2E, 0x1D, 0xA9, 0x54, 0x1C, 0x6E, 0x87, 0x7F, 0x30,
    0x92, 0x0A, 0x94, 0xF4, 0x60, 0x7E, 0xEC, 0xE0, 0x94, 0x35, 0x38, 0x72, 0x18, 0x16, 0x68, 0x8F,
    0x58, 0xC4, 0x0E, 0x89, 0xC7, 0x26, 0x11, 0x38, 0x45, 0xC0, 0xB0, 0x06, 0x5D, 0x01, 0x59, 0x0B,
    0x24, 0x3D, 0x80, 0x03, 0x78, 0x23, 0xAB, 0x58, 0x9A, 0x8E, 0xDF, 0x33, 0x05, 0xA6, 0xE1, 0xEF,
    0x74, 0xC4, 0x1D, 0xD1, 0xC1, 0x4F, 0x2E, 0x62, 0xFC, 0x4F, 0x87, 0xEA, 0x48, 0x3B, 0xF6, 0xDB,
    0x2D, 0x30, 0x81, 0x65, 0x0B, 0xC6, 0xC1, 0xDF, 0x3A, 0x07, 0x0C, 0x90, 0x6F, 0xE3, 0xFE, 0xBE,
    0xED, 0xCA, 0x46, 0xA4, 0xBD, 0xAE, 0x22, 0x91, 0x0A, 0x33, 0x02, 0x4F, 0xFF, 0x21, 0xCC, 0xF2,
    0x9A, 0x4F, 0x20, 0x62, 0xF9, 0x4F, 0x77, 0xBB, 0xA5, 0xDD, 0xF4, 0xFB, 0x88, 0xBB, 0xB9, 0x0D,
    0xE7, 0xB5, 0x45, 0x26, 0xA8, 0xDB, 0xE5, 0x9F, 0x18, 0x96, 0x63, 0xA1, 0x1F, 0x42, 0x3A, 0x01,
    0x67, 0xFB, 0x3F, 0x6D, 0x06, 0x4C, 0x2E, 0xC5, 0x2D, 0x74, 0x0B, 0x71, 0x0F, 0xFC, 0x07, 0xBE,
    0x0A, 0xD4, 0x90, 0xCA, 0x61, 0xBF, 0x44, 0xB8, 0xA8, 0xAE, 0x86, 0x5C, 0xEC, 0xA0, 0x1F, 0x32,
    0x00, 0x0E, 0x38, 0x05, 0x4C, 0xF5, 0xBD, 0xF9, 0xB4, 0xC7, 0x3E, 0x9E, 0xF5, 0xFF, 0xCD, 0x37,
    0x20, 0x76, 0xA0, 0x86, 0xD8, 0x99, 0x4A, 0xB9, 0xFB, 0xE4, 0x7F, 0xE4, 0x58, 0x33, 0xCC, 0xB1,
    0xBA, 0x88, 0x0D, 0x1B, 0xCC, 0x3B, 0x0E, 0x2D, 0x1D, 0xC9, 0x71, 0x5F, 0x67, 0xDB, 0x0B, 0x31,
    0xBC, 0x42, 0x2C, 0x8D, 0x16, 0x6B, 0x2A, 0x36, 0x30, 0xEC, 0x7E, 0x1C, 0xAF, 0x95, 0x6F, 0x9F,
    0xE5, 0xE2, 0x52, 0x69, 0xB8, 0xD8, 0x1E, 0x80, 0x0B, 0x4C, 0x27, 0xC2, 0xAF, 0xDC, 0x69, 0xD7,
    0x71, 0x67, 0xE8, 0xF3, 0xA6, 0xCF, 0xBA, 0x9E, 0xFF, 0xD8, 0x91, 0xB6, 0xE7, 0xA5, 0x95, 0x89,
    0x7A, 0xEE, 0x5D, 0x06, 0xB8, 0x0F, 0x79, 0x43, 0xE6, 0x88, 0x86, 0xB8, 0x25, 0xE9, 0xF0, 0xBC,
    0x0F, 0xD4, 0x16, 0x5E, 0x1F, 0x20, 0x99, 0x7C, 0x3C, 0xB6, 0x24, 0xFF, 0xAD, 0x27, 0x69, 0xCE,
    0x49, 0x5A, 0x6D, 0x93, 0xD6, 0xFF, 0xD7, 0xC5, 0x6D, 0x34, 0xDE, 0x6D, 0x11, 0xA9, 0xC8, 0x87,
    0xCB, 0x3B, 0x71, 0x24, 0xBC, 0xED, 0x3B, 0xB1, 0xD9, 0x5E, 0xBC, 0x17, 0xF1, 0x35, 0x12, 0x71,
    0x28, 0x71, 0xE7, 0x52, 0x7D, 0xB2, 0x13, 0xD7, 0x87, 0x9D, 0x78, 0xFE, 0xF4, 0x60, 0xAA, 0xC3,
    0x09, 0xEB, 0x50, 0x8F, 0xBE, 0x83, 0x2E, 0x40, 0xB3, 0x84, 0xAA, 0x20, 0x13, 0xA9, 0x52, 0x1F,
    0xBA, 0x8D, 0xB7, 0x9D, 0x09, 0xC3, 0x51, 0x6C, 0xB6, 0x7F, 0x3E, 0xAF, 0x40, 0xF5, 0x4B, 0x67,
    0xF1, 0xFD, 0xA7, 0xFB, 0x70, 0xB9, 0xFA, 0x26, 0xE2, 0x27, 0x7F, 0x40, 0xD2, 0xB2, 0x44, 0x77,
    0xBD, 0x8B, 0x46, 0xE9, 0x23, 0x99, 0x0A, 0x23, 0x1D, 0xE6, 0x8F, 0x47, 0xDE, 0xCC, 0xCB, 0x82,
    0x33, 0x65, 0xA3, 0x21, 0x6D, 0xA2, 0x2E, 0x69, 0xDE, 0x22, 0x6D, 0xEA, 0x87, 0xF7, 0x6C, 0x2E,
    0x42, 0x54, 0x0F, 0x00, 0xBC, 0xCA, 0x7D, 0x60, 0x45, 0x6D, 0x03, 0xF5, 0xCC, 0xA4, 0xB9, 0x5E,
    0x05, 0xA6, 0xF6, 0x13, 0x7C, 0x34, 0x92, 0xB4, 0x99, 0x78, 0x76, 0x4A, 0xCE, 0x88, 0x87, 0xBC,
    0x5A, 0x81, 0x08, 0xA7, 0x60, 0x86, 0x64, 0x04, 0xC8, 0x03, 0x23, 0xB9, 0x0F, 0x64, 0x83, 0x29,
    0x20, 0x6F, 0x74, 0x07, 0xEA, 0x62, 0x54, 0xA6, 0x52, 0xA8, 0x42, 0x49, 0xA7, 0x8A, 0xEC, 0xBB,
    0x83, 0x2A, 0xC0, 0x05, 0x9C, 0x04, 0xAC, 0x0E, 0x71, 0x93, 0x53, 0x55, 0x18, 0x36, 0xAA, 0xC8,
    0x7F, 0xEE, 0xFC, 0x87, 0xC3, 0x6F, 0x44, 0x52, 0x95, 0xC5, 0xFC, 0x27, 0x20, 0x7F, 0x5C, 0x11,
    0x8B, 0x6A, 0xC8, 0x86, 0xCC, 0x91, 0xD8, 0xD8, 0x01, 0x90, 0x8D, 0x51, 0x87, 0x09, 0x98, 0xDE,
    0xF3, 0x18, 0xD8, 0xC1, 0x05, 0x18, 0xF1, 0xD0, 0x01, 0x79, 0xE5, 0xB1, 0x66, 0x46, 0xDC, 0x61,
    0xC8, 0x3A, 0xF2, 0x8F, 0xEB, 0x0E, 0x25, 0xD2, 0x11, 0xCB, 0xAF, 0x3A, 0x30, 0xD5, 0x48, 0x3C,
    0x22, 0x95, 0xEA, 0xC8, 0x8B, 0xE5, 0x82, 0x67, 0xD7, 0x48, 0x71, 0x24, 0x4F, 0x5E, 0xDB, 0x76,
    0x41, 0x56, 0x25, 0x9D, 0xB2, 0xD1, 0x98, 0x55, 0x94, 0x76, 0xE9, 0xBB, 0x68, 0xDA, 0x4D, 0xBA,
    0xF6, 0x4D, 0x32, 0xEB, 0x7C, 0x94, 0x7E, 0x5F, 0xFF, 0xA6, 0x0C, 0x97, 0x01, 0xD4, 0x03, 0x24,
    0x0D, 0xE8, 0x0E, 0xC4, 0x91, 0x0D, 0x6B, 0x4C, 0xA3, 0x2A, 0x4D, 0x6A, 0xAF, 0x11, 0x91, 0x4F,
    0xF8, 0xE6, 0x8B, 0x55, 0xC5, 0xDF, 0xBF, 0xE3, 0x5B, 0x4E, 0x1C, 0x40, 0xBF, 0x43, 0x14, 0xE0,
    0x8F, 0x59, 0xE4, 0x7F, 0xDC, 0x84, 0xCF, 0x15, 0x7E, 0x6F, 0xC0, 0x14, 0x4C, 0xB1, 0x14, 0x18,
    0xF1, 0x48, 0xE5, 0xDF, 0x15, 0xC4, 0xA3, 0xAA, 0xC8, 0x5B, 0xD5, 0x20, 0x45, 0xEA, 0x70, 0x44,
    0x8E, 0x57, 0x97, 0xD3, 0x24, 0x85, 0x19, 0x33, 0x69, 0xA7, 0xF7, 0xD4, 0x5F, 0x74, 0x03, 0x9A,
    0x21, 0x60, 0xE3, 0x50, 0xD5, 0xE6, 0x14, 0xD5, 0x6C, 0x8C, 0xFC, 0x70, 0xDA, 0x28, 0x29, 0xEA,
    0x8D, 0x7A, 0xC8, 0x57, 0x5D, 0x0E, 0x51, 0xBF, 0x86, 0xA4, 0xF3, 0xC8, 0x5A, 0x0F, 0x6D, 0x73,
    0xA8, 0x51, 0x8F, 0xEE, 0x38, 0x52, 0x91, 0x16, 0xEA, 0x09, 0xE0, 0x04, 0x88, 0x05, 0x50, 0xBE,
    0x8B, 0xA8, 0xBF, 0xDD, 0x90, 0xB8, 0x78, 0x1E, 0xBB, 0x03, 0x14, 0xF3, 0xE1, 0x01, 0x62, 0x79,
    0x08, 0xBF, 0xA7, 0x45, 0x8A, 0xD8, 0x95, 0x77, 0xA5, 0x53, 0x83, 0x4B, 0x3F, 0x74, 0xC6, 0x0E,
    0x49, 0x53, 0x4E, 0x78, 0xAA, 0x8E, 0x21, 0x6D, 0xF2, 0x8E, 0xF3, 0xBB, 0xF6, 0x7C, 0xC0, 0xC8,
    0x3B, 0xFD, 0x86, 0x6C, 0x4C, 0xC2, 0xB1, 0xC9, 0xAC, 0x01, 0x54, 0x95, 0x1F, 0xD3, 0x1A, 0x20,
    0x7B, 0x34, 0xC1, 0x3C, 0x8A, 0x59, 0x46, 0x2F, 0x64, 0x05, 0x40, 0x69, 0x81, 0x58, 0x3A, 0x40,
    0xB7, 0x0E, 0xA8, 0x8B, 0x35, 0x70, 0x82, 0x06, 0x5E, 0xE5, 0x1A, 0xF3, 0x0B, 0xB0, 0x3A, 0x40,
    0x26, 0xC5, 0x8A, 0x5C, 0xDA, 0x15, 0x2F, 0xA5, 0xBF, 0x15, 0x40, 0xA4, 0x21, 0x96, 0x3B, 0x1D,
    0xDA, 0x31, 0x20, 0x67, 0x6C, 0x12, 0xB7, 0x62, 0x13, 0xB7, 0x1E, 0x14, 0x1E, 0xB7, 0x39, 0x61,
    0x18, 0x71, 0x49, 0x67, 0x3E, 0xE8, 0xB3, 0x56, 0x49, 0xAB, 0x6C, 0x2C, 0x45, 0x42, 0x2A, 0xE1,
    0xBA, 0x53, 0xD2, 0x79, 0xFA, 0xEB, 0xDF, 0x13, 0xDC, 0xCC, 0xD3, 0x99, 0xEB, 0x2C, 0xD0, 0xC8,
    0x8E, 0x37, 0xE7, 0x7F, 0x37, 0x6C, 0x3C, 0xFD, 0x38, 0xF0, 0xCC, 0xA4, 0x8B, 0x3B, 0xA8, 0x2B,
    0xE5, 0x09, 0x75, 0x60, 0x36, 0x05, 0x96, 0xBF, 0x1C, 0x21, 0x9A, 0x90, 0x0A, 0xFE, 0x94, 0xBC,
    0x80, 0xED, 0x0C, 0x4D, 0x26, 0x03, 0xE9, 0xFB, 0x0E, 0x58, 0x6D, 0xC3, 0x41, 0x3A, 0x80, 0x69,
    0x89, 0x05, 0xB2, 0x1E, 0xB4, 0x05, 0x03, 0xAC, 0xB7, 0x61, 0x88, 0xD1, 0x8F, 0xEE, 0x55, 0x61,
    0xDE, 0x8A, 0x64, 0x58, 0x4E, 0x60, 0x69, 0xE7, 0x93, 0x17, 0x4E, 0x5D, 0x5D, 0xAD, 0x79, 0x0B,
    0xBD, 0x9C, 0xB4, 0xD2, 0x11, 0x89, 0x23, 0xF9, 0xCD, 0x7B, 0xDB, 0xF9, 0x08, 0xA2, 0xE5, 0xEC,
    0x12, 0xCD, 0x63, 0xCA, 0x61, 0xAA, 0x92, 0x0D, 0xBA, 0x1A, 0xC8, 0xEC, 0x2E, 0x5C, 0xE8, 0xAE,
    0xF7, 0xEB, 0x42, 0xCB, 0x44, 0x2C, 0x2D, 0x64, 0x15, 0x98, 0x86, 0x78, 0xEA, 0x50, 0xDD, 0x86,
    0xB2, 0x32, 0xAC, 0x50, 0xE1, 0x18, 0x07, 0x83, 0xEE, 0x6B, 0x07, 0xF3, 0x1E, 0x44, 0x23, 0x3C,
    0xDF, 0xA0, 0xB3, 0x90, 0x1F, 0x0C, 0x3A, 0xAB, 0x8B, 0x9C, 0xAC, 0x0A, 0x83, 0x2E, 0x95, 0x0A,
    0x25, 0x2D, 0x2F, 0x7F, 0xF7, 0xE0, 0xA6, 0x1E, 0x0E, 0x92, 0x87, 0xFE, 0x2E, 0x50, 0x03, 0x98,
    0x0A, 0xCE, 0x52, 0x61, 0xBE, 0x09, 0x9B, 0x7F, 0xD4, 0x0C, 0xEB, 0xA4, 0x71, 0xEB, 0xB4, 0x29,
    0xEB, 0x7B, 0x56, 0x8B, 0x10, 0xEF, 0xCE, 0x95, 0xB1, 0xDB, 0x76, 0xB8, 0x6D, 0x3B, 0xF2, 0xB9,
    0x1D, 0x7D, 0x36, 0x72, 0x42, 0x9F, 0x4B, 0xE5, 0xF9, 0xCA, 0xDD, 0xC6, 0x93, 0xA4, 0x0B, 0x8C,
    0x2F, 0xE7, 0x49, 0x12, 0x58, 0xDF, 0x69, 0x4F, 0xE6, 0x63, 0x6E, 0x70, 0xF1, 0x94, 0x38, 0xCE,
    0x21, 0x77, 0x98, 0x36, 0x96, 0x0D, 0xD9, 0x94, 0x0C, 0x27, 0x50, 0xFF, 0x0F, 0x6B, 0x0A, 0xB2,
    0x01, 0xD3, 0x82, 0x23, 0x6B, 0x60, 0x05, 0xEC, 0xB8, 0x99, 0x79, 0x9B, 0xE3, 0xAD, 0x5F, 0xA0,
    0x27, 0x8F, 0x5A, 0x9A, 0x9E, 0xD5, 0x9D, 0xBE, 0x07, 0x5C, 0x80, 0x09, 0xD0, 0x01, 0xB5, 0x47,
    0xE6, 0x3C, 0x4C, 0xDB, 0x13, 0x0B, 0x1E, 0x83, 0x07, 0x36, 0x00, 0x06, 0x80, 0xF1, 0x62, 0x8C,
    0x69, 0xAB, 0x7B, 0x7A, 0xEA, 0xD1, 0x63, 0x2C, 0x3D, 0x86, 0xDC, 0xC3, 0x05, 0xAC, 0x8C, 0xC7,
    0x57, 0x9C, 0xC7, 0xF2, 0x11, 0xEB, 0x71, 0x9F, 0xA4, 0xC7, 0x54, 0x79, 0x8F, 0x92, 0x39, 0x8B,
    0x09, 0x07, 0xCA, 0x5B, 0x0F, 0x29, 0x06, 0x32, 0xC7, 0x88, 0x6E, 0x29, 0xAD, 0x02, 0x6D, 0x59,
    0xB6, 0x1F, 0x41, 0x7C, 0xDC, 0x4F, 0x4B, 0x02, 0x9A, 0x39, 0x30, 0x0D, 0x9C, 0x03, 0x0E, 0x18,
    0xE6, 0x38, 0xC3, 0x21, 0x94, 0xEF, 0x0B, 0xB9, 0x8C, 0x2C, 0xD7, 0x83, 0x2E, 0x52, 0x97, 0x59,
    0xD3, 0x24, 0x5D, 0x4E, 0xD4, 0xBE, 0xC4, 0xB2, 0xA5, 0x16, 0xF2, 0x26, 0x69, 0xCA, 0x22, 0x69,
    0x1C, 0x49, 0x33, 0x6C, 0x63, 0xE3, 0xC3, 0x48, 0xD2, 0xE8, 0x29, 0x69, 0x72, 0xFF, 0xDE, 0x9A,
    0x25, 0x0C, 0xAA, 0xF1, 0x37, 0x8F, 0x46, 0x89, 0x34, 0xB1, 0xFC, 0x65, 0x4B, 0xF9, 0x6E, 0x9F,
    0xB8, 0x48, 0xB4, 0xDF, 0x53, 0x05, 0x07, 0x9B, 0x2A, 0x2E, 0x8B, 0x5A, 0xA4, 0x90, 0x10, 0x56,
    0x15, 0xA5, 0x8F, 0xDC, 0xC7, 0xF5, 0x42, 0x17, 0x20, 0x05, 0x99, 0x0F, 0xF3, 0xDF, 0xAB, 0x78,
    0x52, 0x4D, 0xD6, 0x67, 0x2E, 0xB1, 0x91, 0x63, 0xD9, 0x0A, 0xEE, 0x13, 0x75, 0xD4, 0xD6, 0x43,
    0x07, 0x24, 0xCD, 0xB3, 0xD0, 0x06, 0x74, 0x49, 0x47, 0x3C, 0xE8, 0x0E, 0x44, 0x3C, 0xF2, 0xC9,
    0x43, 0xFD, 0xD2, 0xA3, 0x7E, 0xBB, 0x23, 0x75, 0x8C, 0xA8, 0x16, 0xA9, 0xD2, 0x82, 0xBC, 0x80,
    0x2B, 0x72, 0x0D, 0xAE, 0xC8, 0x35, 0xF8, 0x93, 0x70, 0x6E, 0xD2, 0xC6, 0xF8, 0x5C, 0xC3, 0x88,
    0x90, 0xC9, 0x70, 0x69, 0xDE, 0xB4, 0x6C, 0x3F, 0x20, 0x69, 0x12, 0xE7, 0xA1, 0x7B, 0x0F, 0x53,
    0x78, 0x9C, 0xF1, 0x6A, 0x38, 0xEB, 0x27, 0x49, 0x33, 0x2C, 0x38, 0xBF, 0xEB, 0x51, 0x4B, 0xB3,
    0x41, 0x7E, 0xDB, 0x94, 0xEF, 0x0E, 0x49, 0x93, 0x4B, 0x97, 0x35, 0xA9, 0x54, 0x65, 0xB3, 0xCC,
    0x6F, 0xE8, 0x5F, 0xB7, 0x50, 0xFF, 0xB0, 0x27, 0x76, 0x91, 0x40, 0x4B, 0x09, 0x40, 0x2C, 0x15,
    0x2B, 0x94, 0xF4, 0x9E, 0x41, 0x47, 0x56, 0xC1, 0x47, 0x3C, 0x1D, 0xB9, 0xE7, 0xB0, 0xA5, 0x0E,
    0x8C, 0x45, 0x46, 0x86, 0x24, 0x70, 0x13, 0x0B, 0x2B, 0xEE, 0x13, 0x68, 0xB8, 0xC5, 0x29, 0xCA,
    0x92, 0x8C, 0xA4, 0x1D, 0x7A, 0x24, 0x76, 0xC8, 0x7D, 0xD8, 0x64, 0xCE, 0x14, 0xBC, 0xAA, 0x8F,
    0xB2, 0x1B, 0xA0, 0xE0, 0x9C, 0xA8, 0x43, 0x3E, 0xBD, 0x57, 0x4A, 0x91, 0x8E, 0x3A, 0xC0, 0xB4,
    0x71, 0x47, 0xDE, 0x78, 0xA4, 0x56, 0x77, 0x80, 0x74, 0xDB, 0x59, 0xBD, 0xFC, 0xE9, 0xB8, 0xCC,
    0xE9, 0xFB, 0x29, 0xBD, 0x6E, 0xE8, 0x29, 0x7B, 0x8F, 0xBF, 0xED, 0x3C, 0x38, 0x0D, 0x58, 0x5D,
    0xEC, 0x39, 0x8F, 0xD7, 0x3B, 0x8F, 0xDC, 0x7A, 0x28, 0x1B, 0xF7, 0x64, 0xBF, 0xB9, 0xD7, 0x93,
    0x88, 0xF4, 0x50, 0x3A, 0x0F, 0xD5, 0x7A, 0xD4, 0xC5, 0x70, 0xD1, 0xE9, 0xA5, 0x4D, 0x0B, 0xB4,
    0x7D, 0x4A, 0x1B, 0x4E, 0x88, 0xC5, 0x43, 0x3D, 0xF1, 0x30, 0x95, 0xC7, 0x7D, 0x3C, 0x1C, 0xAF,
    0x3B, 0x86, 0xD7, 0xC5, 0x23, 0x0F, 0xF8, 0xDD, 0x22, 0xFC, 0x1B, 0x27, 0x9C, 0xB1, 0x7C, 0xCE,
    0xA1, 0xE4, 0x23, 0x47, 0x2C, 0xE2, 0x20, 0x9E, 0x4E, 0x40, 0xF7, 0x65, 0x11, 0xA6, 0xC0, 0x96,
    0x15, 0x59, 0x03, 0x07, 0x4A, 0x10, 0x4F, 0x90, 0x3A, 0x25, 0x16, 0xDD, 0xE6, 0x3F, 0x69, 0x31,
    0x85, 0x49, 0x3A, 0xCE, 0xF0, 0x6A, 0x80, 0x63, 0xE5, 0x39, 0xB0, 0x8A, 0x9E, 0xA6, 0xE3, 0x2D,
    0xCF, 0x0D, 0x1B, 0x4F, 0xF3, 0xC1, 0x10, 0xCF, 0xB7, 0x53, 0xD5, 0x85, 0xCE, 0x3E, 0xBE, 0x19,
    0x22, 0x47, 0x37, 0xC3, 0xDD, 0xF0, 0x0E, 0x11, 0xCB, 0x5F, 0x58, 0x2D, 0x1F, 0x59, 0x53, 0xA5,
    0x76, 0x43, 0x6A, 0x87, 0x83, 0x70, 0x68, 0x5B, 0xBE, 0x5D, 0x87, 0x64, 0xD9, 0x66, 0xF2, 0x57,
    0x96, 0xF2, 0xDB, 0x36, 0x76, 0xA1, 0x6F, 0x92, 0xDE, 0x54, 0xC9, 0xF4, 0xCD, 0x9D, 0xBE, 0xD5,
    0x73, 0x67, 0xCA, 0xE0, 0xA9, 0x1E, 0xB9, 0xC0, 0x6A, 0xB5, 0xA7, 0xDD, 0x78, 0x26, 0xBF, 0x19,
    0x3C, 0x23, 0xE9, 0x3C, 0x29, 0xA7, 0xB7, 0x3B, 0x92, 0x69, 0xEE, 0xF3, 0xEE, 0xBA, 0x67, 0x5D,
    0xE0, 0x79, 0x9B, 0xEC, 0x49, 0x07, 0x94, 0xFF, 0xD9, 0x33, 0x99, 0xA2, 0xC0, 0x9E, 0x11, 0xA8,
    0x90, 0x0A, 0x20, 0x2F, 0xB6, 0x03, 0x7E, 0x37, 0x63, 0xBE, 0xDE, 0x7B, 0x24, 0x53, 0xC0, 0x63,
    0xDB, 0x07, 0x05, 0xF2, 0x68, 0x26, 0x8F, 0x36, 0x0F, 0x48, 0x3D, 0xBA, 0xB8, 0x0F, 0x03, 0xBE,
    0x07, 0x11, 0x8F, 0xFC, 0x53, 0xFB, 0x3E, 0x9F, 0xE6, 0x4B, 0x37, 0x5C, 0xBB, 0xC1, 0x6E, 0x3D,
    0x89, 0x67, 0xD2, 0xCF, 0x1C, 0xB2, 0x40, 0x11, 0xCF, 0x78, 0x66, 0xD6, 0xC5, 0x5D, 0x70, 0x5D,
    0xDD, 0x21, 0x42, 0x68, 0x4F, 0xA7, 0xFE, 0xBA, 0x23, 0xEE, 0xF5, 0x4F, 0x3B, 0x70, 0x37, 0x22,
    0x4F, 0x43, 0xA0, 0x7A, 0xC8, 0x08, 0xC9, 0xD2, 0x23, 0x35, 0x79, 0x41, 0xDD, 0x92, 0x4A, 0xFB,
    0x0C, 0x59, 0x9A, 0x48, 0x45, 0x1A, 0xDD, 0x66, 0x9D, 0x21, 0x71, 0x1B, 0xB4, 0x0B, 0x89, 0xD6,
    0x90, 0x0D, 0xAB, 0xC1, 0x34, 0xAB, 0x41, 0xB3, 0xDA, 0x5C, 0xE3, 0xE4, 0x14, 0xC2, 0x30, 0xFC,
    0x9A, 0x6A, 0x21, 0x71, 0x8B, 0x64, 0x02, 0x57, 0x64, 0x98, 0x7F, 0xF6, 0x79, 0x32, 0xCC, 0x6E,
    0x66, 0xBF, 0xDD, 0xB7, 0x86, 0x1B, 0x73, 0x86, 0xA9, 0x55, 0x22, 0x8E, 0x1B, 0x3A, 0xB4, 0x84,
    0x1B, 0x87, 0x19, 0x66, 0x90, 0x40, 0xC8, 0xDB, 0x01, 0x90, 0xE2, 0x14, 0xD8, 0x90, 0x6F, 0x33,
    0xCC, 0x74, 0x3E, 0xC7, 0xB9, 0x34, 0x9E, 0xE6, 0x4E, 0xE7, 0x79, 0x12, 0xEF, 0x69, 0xE6, 0xA9,
    0x3A, 0x7F, 0x6C, 0xE3, 0x8E, 0x4C, 0xDE, 0xBE, 0x17, 0x38, 0x5F, 0x2D, 0xBF, 0x90, 0xFF, 0xDB,
    0x71, 0x0E, 0xF3, 0x98, 0x40, 0x79, 0x46, 0x3F, 0xAA, 0x3B, 0x5C, 0xF2, 0xEB, 0xA9, 0xA3, 0xFE,
    0xEE, 0xAF, 0x7F, 0xD9, 0x61, 0xA4, 0x7D, 0x7B, 0x24, 0x95, 0x1E, 0xA9, 0x40, 0xC8, 0x0B, 0x30,
    0x1C, 0x6D, 0x41, 0xE4, 0xA4, 0x48, 0x1A, 0x2D, 0x5D, 0xD2, 0x98, 0x74, 0xBA, 0xD3, 0xAC, 0x29,
    0xC5, 0x23, 0x93, 0x26, 0xAF, 0x48, 0x1A, 0x15, 0xDE, 0x8D, 0xC3, 0xBB, 0x64, 0xCE, 0x83, 0xB3,
    0x80, 0x55, 0xD2, 0x7C, 0x93, 0xD3, 0xA4, 0xA9, 0x7F, 0xEC, 0xB2, 0xA6, 0x94, 0xBE, 0x6C, 0x5F,
    0x97, 0x7F, 0x23, 0x7D, 0x34, 0xA8, 0x5F, 0x09, 0xE5, 0x47, 0x45, 0x89, 0xB2, 0x00, 0x57, 0x1A,
    0x6A, 0xBD, 0xBF, 0x6B, 0xFC, 0x62, 0xE4, 0x4D, 0x5D, 0x16, 0xDC, 0x57, 0x36, 0x72, 0xCF, 0x36,
    0xD4, 0xE3, 0x25, 0x87, 0x17, 0x62, 0xAD, 0xC5, 0x55, 0xD6, 0xAA, 0x66, 0x6B, 0x35, 0xF3, 0xBC,
    0x7E, 0xE3, 0xE9, 0xB5, 0xA4, 0x8B, 0xEB, 0xCB, 0x5D, 0xEC, 0x67, 0x13, 0x3A, 0xF4, 0xA5, 0xE6,
    0xC6, 0x9D, 0x4E, 0x03, 0x43, 0x80, 0x0B, 0xD8, 0x1C, 0xE2, 0x5B, 0x01, 0x23, 0x4E, 0xE3, 0x85,
    0x40, 0xA3, 0xA4, 0xCD, 0xE7, 0x09, 0x0B, 0xC8, 0x04, 0x28, 0x1F, 0x43, 0x3A, 0xE9, 0x06, 0xD5,
    0xA9, 0x81, 0xB4, 0x8A, 0x7B, 0xF6, 0xDB, 0xE1, 0x0A, 0x58, 0x38, 0x64, 0xB8, 0x4C, 0xA6, 0x17,
    0x62, 0xB8, 0xF9, 0xB3, 0x0C, 0xF7, 0x16, 0x80, 0x99, 0xF7, 0xBE, 0x80, 0xF0, 0x9A, 0xA3, 0xDC,
    0xFB, 0x26, 0xB0, 0x8A, 0x5B, 0x6E, 0xEA, 0x01, 0xEA, 0x33, 0x52, 0x97, 0x07, 0x39, 0xB5, 0x8A,
    0xC4, 0x2E, 0x87, 0xB9, 0x90, 0xDE, 0xBB, 0xCD, 0x56, 0x70, 0x89, 0x9F, 0x46, 0xDA, 0xAA, 0x22,
    0xBF, 0x67, 0xC3, 0xE7, 0xF0, 0x7B, 0x3D, 0xA6, 0x60, 0x8C, 0xA5, 0xA0, 0x14, 0x8F, 0x2C, 0x48,
    0x6F, 0xB2, 0x93, 0xDE, 0x68, 0x96, 0xDE, 0x61, 0x96, 0xDE, 0x67, 0x9D, 0x4D, 0x17, 0x44, 0xD8,
    0x7D, 0x52, 0x84, 0x87, 0x03, 0x11, 0x7E, 0xF7, 0xF3, 0x88, 0xF0, 0x4D, 0xAE, 0xC1, 0x8A, 0xD2,
    0xEF, 0xC5, 0x52, 0x81, 0xFE, 0xAB, 0x06, 0xEA, 0x77, 0x3A, 0x62, 0x87, 0x83, 0x96, 0xDB, 0xCF,
    0x9C, 0xAB, 0x7E, 0xB2, 0xCC, 0x55, 0x3F, 0x5B, 0xE6, 0x2A, 0xF3, 0x02, 0x6D, 0x38, 0xAB, 0xEA,
    0x16, 0x94, 0xCD, 0x8A, 0xB0, 0x6F, 0xF6, 0x36, 0xAC, 0xBA, 0x01, 0x28, 0xAB, 0x53, 0x60, 0xB5,
    0x9D, 0xAB, 0x5E, 0x02, 0x16, 0x25, 0x56, 0xC5, 0x1E, 0xD7, 0xA5, 0x09, 0xCB, 0x31, 0x83, 0x2A,
    0xE2, 0x68, 0x12, 0x0B, 0x46, 0x7A, 0x90, 0x9F, 0x3B, 0x32, 0x61, 0x4D, 0xF9, 0xB8, 0xC8, 0x11,
    0xE5, 0xF1, 0x20, 0x00, 0x8F, 0xAF, 0xA3, 0x59, 0x1B, 0x0C, 0x4E, 0x3D, 0x1A, 0xE3, 0x21, 0x95,
    0x21, 0xE9, 0xA8, 0x1B, 0x2C, 0x07, 0x5B, 0x0E, 0x60, 0x8A, 0x65, 0x2F, 0x3E, 0xD0, 0xE4, 0xF4,
    0x03, 0xF7, 0xA9, 0x9A, 0xFC, 0x75, 0x56, 0x17, 0x9A, 0xAC, 0x66, 0x4D, 0x4E, 0xB7, 0x9A, 0x6C,
    0xB3, 0xBD, 0x26, 0xA7, 0x07, 0x99, 0xC1, 0x91, 0x26, 0x1F, 0xAE, 0x64, 0x43, 0xD2, 0x5D, 0xEC,
    0x5F, 0x17, 0x8B, 0x92, 0x9E, 0x97, 0x7F, 0xDF, 0x01, 0x9B, 0x6D, 0x38, 0xC8, 0x3A, 0x28, 0x1B,
    0x92, 0x09, 0x54, 0xB7, 0x68, 0xE1, 0xB2, 0x92, 0xB0, 0xC4, 0x9A, 0x08, 0xF3, 0x71, 0x8D, 0x0A,
    0x3D, 0x2A, 0x3D, 0x0F, 0x00, 0x97, 0x15, 0x3C, 0x28, 0x2D, 0xC9, 0x4E, 0xA1, 0x8B, 0x35, 0x27,
    0x2F, 0x58, 0xA1, 0x6F, 0x03, 0x27, 0xA9, 0xE5, 0x76, 0xDE, 0x11, 0x4D, 0x03, 0x59, 0x7F, 0x8A,
    0xB1, 0x39, 0xBF, 0xBB, 0x74, 0xDF, 0xE7, 0xD2, 0xE8, 0x8D, 0x0F, 0x53, 0x2C, 0x43, 0x39, 0xF9,
    0xC4, 0x50, 0xEE, 0x2F, 0x86, 0xB2, 0x3E, 0x18, 0xCA, 0x3B, 0x95, 0xBE, 0xF1, 0x05, 0x55, 0x7A,
    0x39, 0x6F, 0x15, 0x0F, 0xE6, 0x65, 0x81, 0xFE, 0x70, 0x59, 0xA0, 0x00, 0x76, 0x3A, 0xAD, 0x9F,
    0x53, 0xA7, 0xCB, 0x59, 0xA7, 0xF5, 0x5E, 0xA7, 0xEB, 0x45, 0xA7, 0xFB, 0xA0, 0xD3, 0xA9, 0xBC,
    0x1B, 0x74, 0xBA, 0xFC, 0x3F, 0x36, 0x08, 0x49, 0x90, 0x6C, 0xD8, 0x1C, 0xE8, 0xF4, 0x29, 0x10,
    0xB7, 0x1B, 0x20, 0xE9, 0xDE, 0x9C, 0xF7, 0xD9, 0x6F, 0x51, 0xB7, 0x20, 0x1F, 0x3D, 0x6A, 0xF1,
    0x09, 0xDD, 0xBF, 0xBC, 0xF3, 0xAB, 0xF9, 0x04, 0x7B, 0x50, 0x06, 0x18, 0x8F, 0x48, 0x3C, 0xB2,
    0xBF, 0x9E, 0x33, 0xFC, 0x6E, 0x49, 0xF9, 0x92, 0xDE, 0x03, 0x1B, 0xC0, 0x0C, 0x46, 0xB8, 0x85,
    0x54, 0x18, 0xF2, 0xC2, 0xEF, 0xC1, 0x33, 0x9D, 0x7A, 0x7D, 0x89, 0x53, 0x97, 0xB3, 0x53, 0x37,
    0xCF, 0xE5, 0xD4, 0xC7, 0x73, 0xFF, 0x0B, 0xF6, 0xEC, 0x76, 0xEB, 0xD9, 0xC7, 0x85, 0x89, 0xED,
    0x49, 0xD4, 0x5D, 0xD2, 0x94, 0xD5, 0x65, 0xCE, 0xFD, 0x6E, 0xA3, 0x25, 0x69, 0xF2, 0xEA, 0x72,
    0xE7, 0x8E, 0x82, 0x73, 0xE7, 0xEF, 0xF6, 0xF1, 0xB1, 0x73, 0xEF, 0x8F, 0xF1, 0xC5, 0xFC, 0xBB,
    0x3C, 0xF0, 0xEF, 0x2A, 0x72, 0x4F, 0xA5, 0x03, 0x2E, 0xBC, 0xBE, 0x30, 0x1F, 0xCF, 0x82, 0x8F,
    0x97, 0x41, 0x12, 0x8E, 0x7C, 0xFC, 0xF2, 0x74, 0xE0, 0x2A, 0x47, 0xAF, 0xFB, 0xA8, 0x3E, 0xCA,
    0xB6, 0xD6, 0xCA, 0xE2, 0xD2, 0x86, 0xDF, 0x7B, 0xCA, 0xD1, 0xC3, 0x6C, 0x0E, 0x6E, 0xE7, 0xE8,
    0x0D, 0x64, 0x13, 0x44, 0xD3, 0x71, 0xFB, 0x5E, 0xB0, 0xAF, 0xCB, 0xB1, 0xAF, 0x5F, 0xD2, 0xBE,
    0xE7, 0x72, 0x78, 0x66, 0x87, 0x8F, 0x02, 0x37, 0x08, 0x2B, 0xD6, 0x94, 0x9E, 0x79, 0x71, 0xE0,
    0xF0, 0x3D, 0x7A, 0x24, 0x1A, 0x67, 0x87, 0x3F, 0x9D, 0x1D, 0x1E, 0xDD, 0xEA, 0x0E, 0xB2, 0xAB,
    0x73, 0xBD, 0x2F, 0xDF, 0xED, 0x2F, 0x1F, 0x81, 0x5F, 0xD4, 0xF7, 0xEB, 0xCF, 0xEC, 0xFB, 0x87,
    0x87, 0xD4, 0x52, 0x50, 0x4B, 0xCB, 0x3F, 0xB8, 0xD3, 0x03, 0x0E, 0xD8, 0x1C, 0xC4, 0x00, 0x49,
    0xC7, 0xBA, 0x6C, 0xA8, 0xA5, 0xC0, 0xF4, 0x40, 0x88, 0x93, 0xDD, 0x4D, 0xE3, 0x11, 0x24, 0xC2,
    0x2D, 0xCA, 0x65, 0xEC, 0x5D, 0x07, 0xF2, 0x0A, 0xA4, 0x21, 0xF3, 0x0E, 0x63, 0xAC, 0xE3, 0x1C,
    0xC3, 0x6D, 0xBE, 0xCE, 0x7E, 0xCB, 0xAF, 0x5C, 0x6F, 0xC8, 0xC4, 0x43, 0x07, 0xDC, 0xF8, 0xF4,
    0xF5, 0x06, 0xD5, 0x97, 0x05, 0xC6, 0x9A, 0x96, 0x5B, 0x64, 0xCD, 0x33, 0xDB, 0xB8, 0xDD, 0x4E,
    0xE2, 0x89, 0x90, 0x31, 0x8A, 0x45, 0xF5, 0x2F, 0x6A, 0x0D, 0x62, 0xC9, 0x34, 0xCC, 0xC1, 0x1A,
    0xC4, 0x0F, 0xAE, 0xCE, 0x34, 0x3E, 0xE7, 0xDA, 0x44, 0x1A, 0xD6, 0x26, 0xCC, 0xB7, 0x6D, 0x74,
    0xC9, 0xDA, 0xC4, 0xD1, 0x04, 0xF5, 0x1C, 0x6B, 0x15, 0x1C, 0xAF, 0x55, 0x90, 0x5F, 0xB6, 0x56,
    0xF1, 0xD3, 0xAB, 0xD6, 0x2A, 0x8E, 0xC7, 0x33, 0xCA, 0xEE, 0xF7, 0x3F, 0xCB, 0x4A, 0xC6, 0xF9,
    0x55, 0x2B, 0x19, 0xDA, 0x79, 0x64, 0x57, 0x5F, 0xD5, 0xC7, 0x53, 0xC9, 0xFF, 0xE7, 0xD5, 0x8D,
    0xC3, 0x2D, 0xEE, 0x00, 0x92, 0x7E, 0xBF, 0xFF, 0x45, 0xD6, 0x3E, 0x14, 0xAB, 0x0D, 0x6C, 0xD6,
    0x3E, 0xF2, 0x8A, 0xAF, 0xA9, 0xEE, 0x79, 0x0A, 0xC5, 0xDB, 0xAC, 0x52, 0x64, 0xCA, 0x7D, 0x94,
    0x8F, 0x07, 0x6E, 0xE7, 0x35, 0x5B, 0x0D, 0xB7, 0x41, 0xC3, 0x6F, 0xEF, 0x35, 0xBC, 0x08, 0x1A,
    0x7E, 0x1F, 0xA0, 0xB6, 0x80, 0x0E, 0x08, 0xA6, 0x3D, 0xCB, 0xF5, 0xD3, 0x78, 0x64, 0x83, 0x64,
    0xDB, 0xE0, 0xD8, 0x55, 0xFC, 0xE4, 0x5E, 0x05, 0x22, 0x54, 0xE4, 0x43, 0x6A, 0x01, 0xE3, 0x11,
    0xCB, 0xAE, 0x92, 0x90, 0x5B, 0xE0, 0x06, 0x17, 0xF5, 0x60, 0x94, 0xCC, 0xD5, 0x30, 0xC0, 0x01,
    0x27, 0xC0, 0x6A, 0x17, 0xA1, 0x02, 0x86, 0x61, 0x43, 0x3E, 0x0B, 0x46, 0x47, 0x24, 0xD5, 0x6D,
    0x88, 0x87, 0x6D, 0xE5, 0xB4, 0x22, 0x75, 0x4B, 0xDB, 0x80, 0x6C, 0x04, 0xE3, 0x63, 0x7A, 0x0F,
    0x06, 0x96, 0x70, 0x80, 0x11, 0xD0, 0x02, 0x79, 0x71, 0x58, 0xDF, 0xCA, 0x82, 0x0E, 0x17, 0x6A,
    0x4E, 0x9C, 0x7B, 0xC8, 0x2D, 0xD1, 0x04, 0xAA, 0xF7, 0x61, 0x21, 0x3E, 0x4E, 0x96, 0x83, 0xF3,
    0xB6, 0xCA, 0xB7, 0x30, 0xAB, 0x9E, 0x95, 0x2C, 0xFF, 0x80, 0xCC, 0x8E, 0xC7, 0xC9, 0xF2, 0x51,
    0xA1, 0x37, 0x9D, 0x0B, 0xBD, 0xBA, 0xD0, 0x91, 0x2F, 0xF4, 0x9A, 0x27, 0x60, 0xA4, 0x80, 0xBC,
    0x5D, 0xDA, 0xC4, 0x83, 0x5D, 0xCF, 0x19, 0xB1, 0xF8, 0xD2, 0xEF, 0xD3, 0xB9, 0x57, 0xB4, 0xE4,
    0x5F, 0xBE, 0xE8, 0x3B, 0xFF, 0x5A, 0x3E, 0xF0, 0x06, 0xF2, 0xEF, 0xDD, 0xEC, 0x40, 0xF1, 0xF6,
    0x5C, 0x98, 0x16, 0x64, 0xFB, 0x97, 0xBE, 0xE4, 0x4A, 0xEF, 0x5B, 0x17, 0x95, 0x5E, 0xF9, 0x64,
    0xA5, 0xF7, 0x5D, 0xF9, 0xCE, 0x6E, 0x21, 0x2C, 0x76, 0x17, 0x72, 0xA7, 0x8A, 0xBD, 0xEE, 0xA2,
    0x45, 0x2A, 0x28, 0xEF, 0x4A, 0x0F, 0xBE, 0xF8, 0x3B, 0x41, 0xD0, 0xDD, 0x2A, 0x50, 0xC9, 0x34,
    0xA4, 0x81, 0x5E, 0x77, 0xCB, 0x31, 0xE8, 0xEE, 0xE4, 0xC8, 0xC6, 0xB4, 0x5B, 0x03, 0xEA, 0x6F,
    0xAC, 0xF8, 0x5B, 0x40, 0x68, 0x7F, 0x2C, 0x5E, 0x6B, 0xB4, 0xA3, 0x41, 0xCE, 0x20, 0x14, 0x7F,
    0x89, 0x5B, 0x0F, 0x0A, 0x8F, 0x50, 0xFC, 0x65, 0xC4, 0x11, 0xD6, 0x7A, 0x98, 0x2D, 0x28, 0x28,
    0xCF, 0xCE, 0x89, 0x3A, 0x5F, 0x5E, 0x74, 0x07, 0x4F, 0xEE, 0xAC, 0xFF, 0x09, 0x98, 0xC9, 0xC7,
    0xF8, 0xD6, 0xF6, 0x52, 0xD7, 0xDB, 0x4B, 0x9D, 0xBA, 0xBA, 0x01, 0x9C, 0xB3, 0xEB, 0xD7, 0x48,
    0x80, 0xE1, 0x05, 0x97, 0x75, 0xB7, 0x25, 0x57, 0x39, 0x28, 0x55, 0x5E, 0xD3, 0x50, 0x3F, 0x84,
    0x72, 0xC2, 0x63, 0xF7, 0xD4, 0x99, 0x0F, 0xBE, 0xA4, 0x52, 0xEF, 0xEE, 0xB8, 0x8A, 0x57, 0x8F,
    0x8F, 0x0B, 0x21, 0xBE, 0xFC, 0xF2, 0xEF, 0x32, 0x14, 0x81, 0xBC, 0x81, 0x64, 0x37, 0x14, 0x5F,
    0x74, 0x49, 0xF8, 0xE8, 0x3C, 0xE7, 0xBC, 0x2A, 0xFF, 0x0B, 0xEA, 0xE3, 0xF6, 0x2E, 0x5E, 0x3B,
    0x57, 0x89, 0x67, 0xAB, 0x9D, 0xA5, 0xD6, 0x23, 0x3E, 0xC6, 0xEC, 0xB3, 0x73, 0x75, 0x78, 0x3E,
    0x3A, 0x83, 0x97, 0xD9, 0x6A, 0x84, 0xBC, 0x32, 0x4D, 0x2C, 0xA8, 0x31, 0x19, 0x88, 0xE4, 0x67,
    0x0D, 0xA8, 0x9E, 0x6D, 0x4F, 0x71, 0x7A, 0x71, 0x79, 0x6F, 0x00, 0x4E, 0xB8, 0xD8, 0x72, 0x29,
    0x4A, 0x69, 0x6F, 0xA7, 0x3D, 0x9C, 0x41, 0x0E, 0x39, 0x91, 0xA0, 0x06, 0xEA, 0x26, 0x99, 0x88,
    0x7B, 0xA8, 0xD0, 0x9E, 0xE5, 0x08, 0x63, 0x09, 0x43, 0x0E, 0xCE, 0xC7, 0x99, 0x81, 0x9B, 0xDB,
    0xEB, 0xB4, 0x6C, 0xA1, 0x2E, 0xC0, 0x70, 0x9D, 0x7C, 0x59, 0x01, 0xB9, 0x98, 0x60, 0xE3, 0x09,
    0xF4, 0x76, 0x82, 0xBD, 0xBE, 0x57, 0xE6, 0x36, 0x60, 0x69, 0x36, 0x10, 0x07, 0x64, 0x1D, 0x50,
    0xDB, 0x6D, 0xB9, 0x50, 0xB7, 0x40, 0x09, 0xE0, 0x00, 0x86, 0x05, 0xDF, 0x00, 0x87, 0x84, 0xA3,
    0x09, 0x18, 0x99, 0x20, 0x0B, 0xA0, 0xBC, 0x1B, 0xB4, 0x5D, 0xD9, 0xE0, 0x93, 0x2D, 0xA6, 0x8A,
    0x3B, 0x5E, 0x81, 0x6A, 0x77, 0x34, 0x69, 0x00, 0x19, 0xC2, 0xEE, 0xB4, 0x9F, 0x97, 0x2C, 0x90,
    0x14, 0x40, 0x6C, 0xD1, 0x96, 0xB2, 0xC2, 0xED, 0x9F, 0x67, 0xC3, 0x08, 0x5A, 0xC8, 0xFF, 0x88,
    0x35, 0xE1, 0xC7, 0xF0, 0x8A, 0x6F, 0x9A, 0x92, 0x31, 0x96, 0x2E, 0x1C, 0x60, 0x44, 0x75, 0xA8,
    0x6A, 0xDB, 0x26, 0x91, 0x2E, 0xFC, 0x58, 0x4A, 0x4B, 0x6E, 0xB9, 0xCE, 0xAB, 0xD0, 0x91, 0x75,
    0x94, 0xE1, 0x2C, 0x66, 0x3D, 0x49, 0x05, 0x5C, 0x3C, 0xC9, 0xA6, 0x7D, 0x24, 0xCD, 0x51, 0x5C,
    0x5C, 0xE2, 0x11, 0xD1, 0x74, 0x0F, 0x6A, 0x81, 0xD7, 0xDD, 0xD6, 0xBC, 0x21, 0x1B, 0x40, 0x35,
    0x90, 0x7C, 0xC6, 0x1B, 0xBD, 0x39, 0xBC, 0xD1, 0x0F, 0xA9, 0x9D, 0xAB, 0xB4, 0x1C, 0x1A, 0xE0,
    0xE5, 0x55, 0xDA, 0xFD, 0x23, 0x83, 0xCB, 0x65, 0x7E, 0x1F, 0x0E, 0x1E, 0x0D, 0x3D, 0x7D, 0x6D,
    0xA0, 0x76, 0x21, 0x36, 0x0C, 0x98, 0x0F, 0x3A, 0xB4, 0xB4, 0xBF, 0x13, 0x4B, 0xB1, 0xB9, 0x98,
    0xB2, 0x62, 0x81, 0x68, 0x00, 0x2A, 0xE2, 0xCF, 0xFB, 0x68, 0x68, 0x09, 0xBA, 0x22, 0xB6, 0x59,
    0x8B, 0xB6, 0xC9, 0x40, 0x5D, 0xE1, 0xD2, 0x11, 0xDE, 0xD0, 0xED, 0xFE, 0x8E, 0x72, 0xE9, 0xA3,
    0xA1, 0x61, 0xDF, 0x88, 0xF8, 0x9F, 0x3C, 0x0C, 0xBB, 0x38, 0xFE, 0x91, 0x06, 0x21, 0x73, 0x94,
    0x2D, 0x35, 0x7C, 0x8B, 0xBA, 0x81, 0xB2, 0x27, 0xA8, 0x15, 0x2C, 0x8B, 0x9F, 0xCB, 0xAB, 0x23,
    0x58, 0x15, 0xB9, 0x25, 0x38, 0x55, 0x50, 0xAA, 0x22, 0x11, 0x29, 0x28, 0x47, 0x50, 0xF3, 0xDC,
    0x4C, 0xE2, 0x96, 0xDD, 0xB4, 0x62, 0xBF, 0xDD, 0x87, 0x44, 0x96, 0xE1, 0x66, 0x0A, 0x38, 0x03,
    0x1C, 0xFF, 0xBC, 0x1A, 0x72, 0xF1, 0x31, 0x15, 0xC3, 0xDF, 0x05, 0xB7, 0xED, 0x7C, 0xF3, 0xF1,
    0xDB, 0x85, 0x92, 0xFF, 0xB2, 0x3C, 0x6F, 0x9A, 0x8C, 0x90, 0x77, 0x50, 0x16, 0xF0, 0x16, 0xCB,
    0xF6, 0xE6, 0xEE, 0xE4, 0x27, 0x9F, 0xFE, 0xBC, 0xE6, 0x07, 0x03, 0x5A, 0xBA, 0x1B, 0xB1, 0x54,
    0xFB, 0xFB, 0x05, 0xFB, 0xFB, 0x05, 0x10, 0x8B, 0xD5, 0x62, 0x4D, 0x71, 0xF4, 0xAC, 0xE6, 0x37,
    0xCA, 0x1F, 0x8F, 0xB9, 0x0C, 0xA9, 0x34, 0x94, 0x45, 0xEC, 0xD0, 0x41, 0x81, 0xF8, 0x26, 0xBB,
    0x5A, 0xF3, 0xF2, 0x14, 0xB2, 0x0B, 0x9E, 0xB0, 0x84, 0xDD, 0x04, 0x4F, 0x20, 0x92, 0xD9, 0x11,
    0x82, 0x21, 0x8C, 0x79, 0x97, 0x4D, 0x75, 0xC1, 0x74, 0x9B, 0x6C, 0x80, 0xB2, 0x61, 0x96, 0xAA,
    0x1E, 0x22, 0xBB, 0x5C, 0xE6, 0xCD, 0xF6, 0x81, 0x4D, 0xF1, 0xF1, 0xB8, 0xF1, 0x39, 0xFE, 0x40,
    0xD2, 0xD4, 0x4F, 0x3F, 0xB0, 0x39, 0xDD, 0x6B, 0x67, 0xA1, 0xCC, 0x96, 0xCB, 0x1C, 0x29, 0x0E,
    0x2F, 0xF3, 0x83, 0xA7, 0x6E, 0xDB, 0x83, 0xA4, 0x68, 0x78, 0x0D, 0x64, 0x24, 0x16, 0xB7, 0x7D,
    0xEA, 0xF6, 0xA6, 0x4C, 0x91, 0xAB, 0x3B, 0xD5, 0xC7, 0x9D, 0xB6, 0xB8, 0xAF, 0x82, 0xD9, 0x5D,
    0xD2, 0x02, 0xD4, 0x50, 0xB7, 0x61, 0xDF, 0x23, 0x64, 0xDF, 0xE8, 0x02, 0x0F, 0x76, 0x50, 0x15,
    0xDB, 0x69, 0x24, 0xE4, 0xE0, 0x84, 0x24, 0x1C, 0x43, 0xE2, 0xD8, 0x5C, 0x3C, 0xEC, 0x15, 0x12,
    0x71, 0x06, 0xD3, 0x78, 0x68, 0x56, 0x84, 0x3A, 0x24, 0xA7, 0xE0, 0x08, 0x95, 0x48, 0x54, 0x0B,
    0x24, 0x2E, 0x1F, 0xE0, 0x81, 0x16, 0x80, 0xDC, 0x5E, 0x88, 0xDE, 0x00, 0xF0, 0x2F, 0xAE, 0x48,
    0x7E, 0xCA, 0xE7, 0x4A, 0x7E, 0x5E, 0x74, 0x5D, 0x92, 0x5C, 0x9A, 0x50, 0x93, 0xE4, 0x24, 0x5E,
    0xC2, 0x24, 0x6D, 0xA8, 0x45, 0x46, 0x99, 0xFC, 0xC3, 0xF3, 0x2C, 0x4C, 0x23, 0xBF, 0x90, 0xFE,
    0x0C, 0x18, 0xE0, 0x86, 0xAF, 0x3F, 0x9E, 0xFB, 0xEA, 0xA3, 0xF3, 0xB5, 0xC7, 0xCE, 0xC8, 0x2F,
    0xAB, 0x54, 0x7A, 0x40, 0x38, 0xAC, 0x39, 0x66, 0x13, 0x18, 0x69, 0x58, 0x67, 0xE3, 0x7B, 0x27,
    0xC8, 0x70, 0x8A, 0x1E, 0x4C, 0x05, 0x7A, 0x82, 0x44, 0xDA, 0xE5, 0xA2, 0xC0, 0x01, 0x1B, 0x7E,
    0xE0, 0x43, 0xBE, 0x3B, 0xFC, 0x3D, 0x91, 0xCE, 0x69, 0xF9, 0xB7, 0x2E, 0x7E, 0xA2, 0x5B, 0xEA,
    0xFF, 0x0A, 0xDA, 0x3E, 0x7B, 0x8A, 0x1B, 0x0F, 0x5C, 0xE6, 0x7F, 0x3B, 0x6E, 0xEB, 0xAB, 0x5C,
    0xE6, 0xF2, 0x92, 0xE2, 0xE7, 0xF2, 0x9B, 0x62, 0xE7, 0x37, 0xFD, 0x25, 0x7E, 0x63, 0x2A, 0xE0,
    0x95, 0x4B, 0x16, 0x93, 0xDC, 0x76, 0x2F, 0x5B, 0x4E, 0x75, 0xA8, 0x19, 0x02, 0xFB, 0x53, 0xB0,
    0x8B, 0x6F, 0xF9, 0x18, 0x71, 0x73, 0xFE, 0xA8, 0xE6, 0x74, 0xB3, 0x6A, 0x21, 0xF3, 0x51, 0x5A,
    0x92, 0xE9, 0x70, 0xD6, 0x39, 0x6E, 0xCE, 0x17, 0x74, 0xA0, 0x8A, 0x78, 0x3B, 0xBF, 0x65, 0x15,
    0x44, 0xBB, 0x44, 0xA1, 0xDC, 0xBE, 0xE6, 0x23, 0x20, 0x8E, 0x39, 0x0D, 0x9B, 0x95, 0x88, 0xE0,
    0x44, 0x04, 0x29, 0x22, 0xDA, 0x3F, 0xFD, 0xA5, 0x7A, 0x8E, 0xEF, 0xAE, 0xB7, 0xC9, 0x2C, 0x63,
    0x40, 0xB0, 0x23, 0x94, 0xCF, 0xC9, 0x48, 0x44, 0x80, 0x7A, 0x80, 0x9B, 0x9C, 0xC0, 0x2A, 0x99,
    0xFC, 0x5E, 0xFE, 0xB8, 0x00, 0xC9, 0x2C, 0xE9, 0x90, 0x74, 0x24, 0x4D, 0xD1, 0x43, 0x26, 0xC5,
    0xF6, 0x82, 0x21, 0x75, 0x00, 0x25, 0x80, 0x62, 0x97, 0x19, 0x2E, 0xB6, 0xF4, 0xC9, 0x27, 0xB9,
    0x21, 0x6D, 0xC9, 0xEF, 0x59, 0x8C, 0x40, 0xDE, 0xF3, 0x06, 0x63, 0xDC, 0x53, 0x06, 0xDD, 0x94,
    0xEA, 0x28, 0xAB, 0xBE, 0xEC, 0x6C, 0x7E, 0xA9, 0xE5, 0x41, 0x55, 0x2C, 0x45, 0xEC, 0x9B, 0x61,
    0x55, 0x8C, 0xD2, 0x0E, 0x44, 0x13, 0xA7, 0xD0, 0x73, 0x0B, 0x90, 0x3F, 0x07, 0xB6, 0x0E, 0x53,
    0x00, 0xAA, 0x01, 0xE2, 0xF6, 0x93, 0xF6, 0xF4, 0x93, 0x65, 0x02, 0xF9, 0xD9, 0x8B, 0xB7, 0xA7,
    0x17, 0x5E, 0x2C, 0x6C, 0xC0, 0xC8, 0x00, 0xF2, 0xB1, 0x23, 0x13, 0xBE, 0x45, 0x39, 0xF7, 0xB5,
    0xF2, 0x78, 0x10, 0x80, 0x47, 0x28, 0x16, 0x62, 0x30, 0xE0, 0x8B, 0x85, 0x90, 0xCA, 0xB0, 0xBD,
    0x7F, 0x5C, 0x55, 0x2C, 0x9C, 0xB5, 0x2A, 0x7D, 0x86, 0x56, 0x7D, 0x93, 0xD5, 0xAC, 0x55, 0xEA,
    0x7F, 0x3A, 0xD2, 0xA7, 0xB4, 0x2A, 0xDB, 0xA6, 0xAB, 0x02, 0xFC, 0xE9, 0xA5, 0x5F, 0x67, 0x79,
    0x61, 0xE5, 0xBF, 0xB8, 0xC5, 0x29, 0xFF, 0x5A, 0x9F, 0x91, 0xEC, 0x4A, 0x65, 0x6F, 0x27, 0x96,
    0x7C, 0xDA, 0xDA, 0xB3, 0xDE, 0x65, 0x6C, 0x6F, 0xED, 0x34, 0x6B, 0xF6, 0xAC, 0x20, 0x5A, 0x1E,
    0xED, 0xEE, 0x16, 0x12, 0x5D, 0x5C, 0x11, 0xC1, 0xB6, 0x66, 0xDD, 0x9A, 0x7D, 0x6B, 0x16, 0x2E,
    0x82, 0x69, 0x1D, 0x20, 0x48, 0x17, 0xC1, 0xBA, 0x08, 0xDA, 0xB5, 0x78, 0xD7, 0x6D, 0x7A, 0x38,
    0x49, 0x9D, 0xDF, 0x33, 0x02, 0xF1, 0x14, 0x06, 0x63, 0x9F, 0xB4, 0xA4, 0xF6, 0x9D, 0x8E, 0x48,
    0x4D, 0x05, 0x64, 0xD2, 0xE0, 0x39, 0x00, 0x9C, 0x1F, 0xAE, 0x97, 0x1E, 0x8F, 0x7F, 0x76, 0xE8,
    0xE0, 0x53, 0xC6, 0x7F, 0x10, 0x32, 0x36, 0x17, 0xE3, 0x5F, 0x1F, 0x8F, 0xFF, 0xCD, 0xA7, 0x8E,
    0xFF, 0xF4, 0xF2, 0xF1, 0xFF, 0xE2, 0x4A, 0x8D, 0x49, 0x83, 0xD3, 0xA1, 0x8F, 0x36, 0x24, 0x83,
    0x41, 0x37, 0xCA, 0xAA, 0x28, 0x69, 0xE6, 0x3E, 0xD2, 0x17, 0x7D, 0x34, 0x02, 0xAB, 0xBD, 0xA2,
    0xE9, 0xCF, 0xA8, 0x68, 0x65, 0x50, 0x34, 0xBD, 0x53, 0x34, 0x07, 0x79, 0x55, 0x56, 0x91, 0x14,
    0xF9, 0x90, 0x38, 0x62, 0xF9, 0xD7, 0x0D, 0xE4, 0xFB, 0xB5, 0x92, 0x33, 0x76, 0x47, 0x39, 0x5D,
    0x6A, 0x8D, 0xA1, 0xD4, 0x18, 0xF6, 0x76, 0x9E, 0x46, 0x2D, 0xCD, 0xEC, 0x69, 0x23, 0x18, 0x30,
    0x87, 0x9E, 0x96, 0xF4, 0x50, 0x1D, 0x7F, 0x01, 0xEA, 0x32, 0x6D, 0x3B, 0x3F, 0xD4, 0xB6, 0xEE,
    0x40, 0xDB, 0x1E, 0x95, 0x28, 0x11, 0xA2, 0x9D, 0xB6, 0x1D, 0xAC, 0x8B, 0xBD, 0xFC, 0xAC, 0x2F,
    0x17, 0xF1, 0x9D, 0x43, 0x8B, 0x5B, 0x90, 0x2C, 0xE9, 0x06, 0x44, 0x52, 0x2D, 0xC3, 0x0D, 0xD3,
    0x00, 0xE7, 0xC7, 0x2A, 0x77, 0x06, 0x0E, 0x61, 0xAE, 0x1A, 0x92, 0xCB, 0x3C, 0xF0, 0x05, 0x28,
    0x75, 0x45, 0x3A, 0x84, 0x8B, 0xA6, 0x49, 0x3B, 0x72, 0xA4, 0xE3, 0x1A, 0xF5, 0x5C, 0x17, 0xAD,
    0x0B, 0x0C, 0xCA, 0x72, 0x6B, 0x39, 0x0A, 0xD5, 0x4E, 0x25, 0x75, 0xB7, 0x1C, 0x65, 0xE4, 0xF8,
    0x0E, 0x58, 0xA0, 0x7D, 0xE4, 0xEF, 0x1F, 0xDE, 0x01, 0x67, 0x49, 0x2D, 0x96, 0xD6, 0x0E, 0xCB,
    0x2A, 0xA0, 0xEC, 0x5B, 0x7B, 0xFD, 0x92, 0x96, 0xD6, 0x3B, 0xBD, 0xAB, 0x2D, 0xC6, 0x92, 0x15,
    0xC0, 0x9F, 0x90, 0x74, 0xE4, 0x5D, 0x24, 0x45, 0xE6, 0x48, 0x5B, 0xE2, 0xE3, 0xAF, 0x3D, 0x7D,
    0x76, 0xDB, 0x1B, 0x77, 0xB6, 0x37, 0x82, 0x5E, 0x5C, 0x3A, 0x73, 0xA0, 0xC2, 0xFB, 0x5C, 0x7E,
    0x97, 0x7A, 0x56, 0x7A, 0xC4, 0x08, 0xD4, 0x5B, 0x03, 0x0C, 0xE9, 0x91, 0xAA, 0xC1, 0xCC, 0x35,
    0x40, 0xCB, 0xF7, 0x83, 0x01, 0x3E, 0x67, 0x0D, 0xF0, 0x0F, 0x9F, 0xD7, 0x06, 0x9B, 0xA7, 0x6D,
    0x30, 0x92, 0x62, 0xB1, 0xC1, 0x1F, 0x5D, 0xDA, 0x8E, 0x23, 0x43, 0x3C, 0xBB, 0xDA, 0x10, 0x63,
    0x81, 0x35, 0x02, 0x86, 0x5B, 0x14, 0xCA, 0x92, 0xD8, 0x70, 0x8D, 0xD8, 0xA5, 0xA6, 0xF8, 0x20,
    0x1B, 0xB6, 0x0D, 0xE1, 0xE5, 0x2B, 0x52, 0xB1, 0xCF, 0x64, 0x8D, 0xCD, 0xB1, 0x35, 0x1E, 0x8D,
    0xAD, 0xCF, 0x26, 0x91, 0x5F, 0x09, 0x12, 0xC9, 0xC5, 0x9A, 0xB0, 0x6A, 0xA1, 0x2C, 0x88, 0xDD,
    0x41, 0xBE, 0x75, 0xE9, 0xD8, 0xFA, 0xE2, 0xE5, 0xB8, 0x5B, 0x89, 0x60, 0x28, 0xB9, 0x95, 0x16,
    0xCB, 0xA2, 0xDB, 0xD8, 0xA1, 0xDA, 0x0D, 0x65, 0x61, 0x78, 0xEB, 0x9A, 0x02, 0x79, 0x78, 0xB0,
    0x08, 0x95, 0xED, 0x17, 0xFB, 0xD8, 0xDD, 0x61, 0x41, 0x3D, 0x39, 0xEC, 0xF3, 0xD7, 0x8B, 0x21,
    0x93, 0x6A, 0x50, 0x52, 0x0C, 0x37, 0x0A, 0x1C, 0x70, 0xC6, 0xFC, 0x7E, 0xA1, 0xE4, 0xA3, 0x2A,
    0x16, 0xA9, 0x2E, 0x26, 0x0D, 0x63, 0x61, 0x0D, 0x5C, 0xBB, 0xBC, 0x6D, 0xDC, 0x64, 0xC9, 0x39,
    0x5D, 0xE2, 0x72, 0xFB, 0x3C, 0x92, 0x9B, 0xEC, 0x3D, 0x91, 0x0D, 0xF0, 0xC6, 0xA5, 0x77, 0xF0,
    0x58, 0x1A, 0x25, 0x8D, 0x79, 0xBF, 0x78, 0xDA, 0x7A, 0x5F, 0x2A, 0x8B, 0xF3, 0x5C, 0xC6, 0x74,
    0x5E, 0xBF, 0x89, 0xE6, 0x55, 0x19, 0x63, 0x31, 0xF0, 0xD2, 0xF1, 0xC8, 0x7D, 0x86, 0x04, 0x9F,
    0x90, 0x76, 0x6E, 0x2B, 0xC1, 0x03, 0xB1, 0xC8, 0xA0, 0x7B, 0x3D, 0xD5, 0x96, 0xF3, 0x15, 0xC9,
    0xF8, 0x2A, 0x79, 0x07, 0x52, 0x90, 0xB8, 0xFD, 0xAC, 0x7D, 0xF9, 0xE8, 0xBD, 0x42, 0x90, 0x8F,
    0xBF, 0xD1, 0x38, 0x0B, 0x72, 0x45, 0xE6, 0x40, 0x6F, 0x05, 0xD9, 0x81, 0x6A, 0x9E, 0x39, 0x33,
    0x3C, 0xEB, 0x5B, 0x8E, 0xAF, 0xCD, 0xC2, 0x9C, 0xF8, 0x50, 0x3B, 0x69, 0x8E, 0x5D, 0xDD, 0xE9,
    0x3E, 0xEE, 0xF2, 0x0A, 0xF7, 0x3B, 0x60, 0x2E, 0xFF, 0xAA, 0xEA, 0xE1, 0x99, 0xFD, 0x52, 0x44,
    0x7A, 0x05, 0x8E, 0xFC, 0x42, 0xA4, 0xE3, 0x59, 0xA4, 0xBF, 0xAF, 0xA5, 0x08, 0xC3, 0xA0, 0x31,
    0xE1, 0xE0, 0xB7, 0xF6, 0xE9, 0x7A, 0xEE, 0xA8, 0x07, 0x10, 0x17, 0xFA, 0x27, 0x79, 0xF2, 0x07,
    0xD9, 0xA3, 0xEF, 0x91, 0xB4, 0xE1, 0xD8, 0x17, 0x2F, 0x1D, 0xCA, 0xDE, 0x6B, 0xA2, 0x6D, 0xEA,
    0x5D, 0xFF, 0x53, 0x91, 0x27, 0x50, 0x8A, 0x48, 0x45, 0x2E, 0x53, 0x91, 0xF5, 0xE4, 0x4F, 0x6A,
    0x22, 0xC7, 0x35, 0x74, 0x85, 0x01, 0x32, 0x8B, 0x2E, 0xE6, 0x17, 0x55, 0xAC, 0x50, 0x3D, 0xBA,
    0x28, 0x1F, 0x95, 0xF2, 0x7E, 0x8D, 0x16, 0x29, 0x65, 0xC4, 0x9B, 0xE4, 0x75, 0x69, 0x21, 0x9F,
    0xF2, 0x96, 0x15, 0xC8, 0x94, 0x3B, 0x56, 0xE1, 0xF8, 0x5F, 0xA9, 0xC3, 0x6B, 0x78, 0xEB, 0xF0,
    0xB5, 0x03, 0xC3, 0x0A, 0x46, 0x38, 0x67, 0x35, 0x1F, 0x3D, 0x7C, 0xFE, 0xBA, 0x88, 0x84, 0xDF,
    0x37, 0xD3, 0x98, 0xB4, 0x8C, 0xE4, 0x95, 0x79, 0x67, 0xBC, 0x33, 0x72, 0x0D, 0x65, 0x6B, 0x19,
    0x81, 0xB4, 0xD1, 0xD3, 0x0A, 0x48, 0x9A, 0xA5, 0x12, 0x96, 0x36, 0xB0, 0xA6, 0x7C, 0x74, 0xCF,
    0x82, 0x29, 0x72, 0x11, 0x40, 0x77, 0x8B, 0xD8, 0xA6, 0xDD, 0x75, 0xA9, 0x42, 0xE6, 0xDF, 0x25,
    0xCD, 0xCB, 0xBF, 0x3F, 0x24, 0x0D, 0x6C, 0x02, 0x56, 0x5B, 0x5C, 0x0B, 0x58, 0x73, 0x92, 0x34,
    0xF9, 0xBF, 0x72, 0xE1, 0x73, 0x7D, 0xD6, 0x44, 0xD2, 0x94, 0x0D, 0x24, 0xE2, 0x91, 0xFF, 0xBA,
    0x21, 0x96, 0x1F, 0x36, 0x61, 0x20, 0xB6, 0x01, 0xFD, 0x5C, 0x3A, 0x22, 0x72, 0x94, 0xE4, 0xDB,
    0x45, 0xFF, 0x27, 0xEF, 0xB1, 0x5C, 0x8D, 0x69, 0x17, 0x85, 0xFF, 0xE9, 0xB2, 0x81, 0xCC, 0x01,
    0xF5, 0x7C, 0xFA, 0x4E, 0xC9, 0x6C, 0x59, 0x64, 0x36, 0x7F, 0xA8, 0xED, 0x52, 0x60, 0x98, 0x20,
    0x6B, 0x20, 0xB5, 0xE4, 0x1F, 0x59, 0xCA, 0x8F, 0xC4, 0xBA, 0x54, 0xDA, 0x21, 0xFD, 0xCB, 0x6E,
    0xC8, 0x3E, 0xEC, 0x5C, 0xFE, 0x61, 0x57, 0xCA, 0x87, 0x9D, 0xFE, 0xED, 0x9F, 0xB5, 0xA4, 0x1F,
    0x36, 0x64, 0x02, 0xA5, 0x6C, 0xE5, 0x35, 0x1E, 0x70, 0x89, 0xA3, 0xF6, 0xAF, 0xA6, 0x5D, 0x8E,
    0x13, 0x49, 0x01, 0xDA, 0xBE, 0x42, 0x66, 0x0D, 0x49, 0xA3, 0x6D, 0xD2, 0x64, 0x4F, 0xEE, 0x36,
    0x4A, 0xC4, 0xBE, 0x5C, 0x8A, 0x45, 0xA7, 0x16, 0xF5, 0xED, 0x39, 0xAE, 0xF9, 0x58, 0x97, 0xA9,
    0xD5, 0x92, 0xDA, 0x74, 0x98, 0xCB, 0xEA, 0x0F, 0x21, 0x59, 0x26, 0xCF, 0xDC, 0x81, 0x38, 0x62,
    0xDF, 0x9E, 0x38, 0x8C, 0xAD, 0x2E, 0x1D, 0x22, 0x97, 0x74, 0xCB, 0x0D, 0x7A, 0xD8, 0xBA, 0xBC,
    0xA9, 0xBE, 0x81, 0xB2, 0x67, 0xE1, 0x58, 0x55, 0x66, 0x95, 0x2F, 0x6A, 0x6A, 0x11, 0x4C, 0x2D,
    0xAC, 0xD1, 0xE4, 0xA3, 0x46, 0x39, 0x1F, 0x7F, 0xAE, 0x59, 0xFE, 0x33, 0xA8, 0x9F, 0x0B, 0xD9,
    0xFC, 0x3C, 0xD2, 0x3F, 0x76, 0x10, 0xBB, 0xFF, 0x07, 0xD5, 0x7A, 0x01, 0xC4, 0x27, 0xD9, 0x95,
    0xEF, 0xAF, 0xAA, 0xB2, 0x5D, 0xF3, 0xA6, 0x6C, 0x6A, 0xF0, 0xB2, 0xE4, 0x4D, 0xDE, 0xD6, 0x20,
    0xC8, 0x63, 0xB6, 0x2F, 0x3C, 0x64, 0x99, 0xFF, 0xFF, 0x56, 0x12, 0x6B, 0xB0, 0xC8, 0x3C, 0x32,
    0xDD, 0x63, 0x1B, 0x3D, 0x58, 0xE0, 0x3D, 0xBE, 0x60, 0x11, 0xFC, 0xBF, 0xAF, 0x6A, 0x26, 0x58,
    0x04, 0xE9, 0x65, 0x27, 0xC1, 0x60, 0x02, 0xC0, 0x43, 0xE2, 0x79, 0xE8, 0xA5, 0xFA, 0xAB, 0x9B,
    0x19, 0x2C, 0x82, 0xAD, 0x58, 0x9D, 0x20, 0x48, 0x25, 0xE9, 0x86, 0x97, 0xF7, 0xDE, 0xDC, 0x6C,
    0x6E, 0x3F, 0xF7, 0xEB, 0xDC, 0xAA, 0xF3, 0xCE, 0xB9, 0x55, 0xFF, 0xFE, 0x7F, 0xFD, 0x75, 0xF7,
    0xA4, 0x65, 0x7A, 0xB3, 0x52, 0xFD, 0x9D, 0xDF, 0xEF, 0x56, 0xD5, 0xB9, 0x75, 0xCE, 0x39, 0xF7,
    0xD6, 0xA9, 0xFB, 0xAF, 0x2E, 0x14, 0x04, 0x34, 0x2C, 0xF3, 0xEB, 0x80, 0x47, 0x40, 0x48, 0x66,
    0xF4, 0xCC, 0xDA, 0x02, 0xC5, 0x0C, 0xA0, 0x37, 0x40, 0x39, 0x7E, 0x12, 0x99, 0xD5, 0x75, 0x6A,
    0xAB, 0x21, 0xB5, 0xF9, 0x7C, 0x6D, 0x4C, 0x88, 0x0C, 0x44, 0x5C, 0xBE, 0x88, 0x2F, 0x4C, 0xC5,
    0xFB, 0x8A, 0xA5, 0xE4, 0xFD, 0x9C, 0x05, 0xDF, 0xC9, 0x1C, 0x90, 0x11, 0x80, 0x1E, 0x6A, 0xA2,
    0x11, 0x3B, 0x80, 0x02, 0x05, 0xE6, 0xEC, 0x0C, 0x49, 0x2F, 0x3C, 0x02, 0x2A, 0x72, 0xD1, 0x46,
    0xB6, 0xA5, 0x11, 0x4E, 0xA6, 0xA2, 0x3D, 0x61, 0x46, 0x63, 0xF2, 0x20, 0x5C, 0xBA, 0x72, 0x14,
    0x4E, 0xE6, 0x7C, 0x40, 0x00, 0xA0, 0xBF, 0x74, 0x76, 0x4D, 0xB8, 0x34, 0x44, 0x01, 0x9F, 0x05,
    0xDB, 0x9F, 0x76, 0x08, 0xCC, 0x60, 0xBD, 0x06, 0x65, 0xE4, 0xEA, 0x5E, 0xD3, 0x02, 0xBA, 0xCE,
    0x89, 0xC0, 0x3C, 0xA2, 0xF7, 0xCC, 0xC5, 0x50, 0x4C, 0x09, 0xD5, 0x00, 0x1C, 0xF4, 0x54, 0xD0,
    0x18, 0x5B, 0xF3, 0x57, 0xCA, 0x1F, 0x13, 0x0D, 0xDC, 0xF2, 0xA8, 0x40, 0xE4, 0xD6, 0x56, 0x97,
    0x04, 0x6E, 0x05, 0x94, 0x6D, 0x87, 0x8E, 0x5B, 0xC7, 0x28, 0x87, 0xA5, 0xA5, 0xE9, 0xEB, 0x73,
    0x07, 0xCF, 0xAD, 0x92, 0xEA, 0xBE, 0x2B, 0xAC, 0xB4, 0xEE, 0xE0, 0xDF, 0x79, 0x6D, 0xB8, 0xA5,
    0x80, 0xC4, 0xA9, 0x3A, 0x73, 0xD8, 0x42, 0x02, 0xBB, 0x7B, 0x14, 0x5B, 0xC5, 0x98, 0x11, 0xC5,
    0x56, 0x65, 0xD8, 0x9D, 0xA8, 0xD7, 0x03, 0x80, 0x47, 0x79, 0x37, 0x86, 0x84, 0x09, 0x39, 0x45,
    0xA7, 0xD0, 0xB0, 0xCA, 0xCC, 0x2C, 0xCA, 0xC5, 0x9C, 0x52, 0xAD, 0x67, 0x76, 0x57, 0x3C, 0x75,
    0xE2, 0x9A, 0x17, 0xE8, 0x02, 0x07, 0xDB, 0x69, 0xFA, 0xC6, 0x59, 0x57, 0xD2, 0xDB, 0x73, 0x57,
    0xDD, 0xC5, 0xCB, 0x5E, 0x8B, 0xF1, 0x68, 0x97, 0xA1, 0x34, 0x1A, 0x68, 0xEA, 0xEA, 0xCE, 0xB5,
    0x59, 0xAE, 0x3C, 0x81, 0x2F, 0xBA, 0x01, 0x00, 0x86, 0x94, 0x18, 0xCA, 0x08, 0x86, 0xA1, 0x42,
    0x84, 0x63, 0xA0, 0xFC, 0xD1, 0x0C, 0x14, 0x44, 0xAF, 0xB1, 0x8A, 0xB2, 0x00, 0x72, 0x9B, 0xD2,
    0x1D, 0x40, 0x49, 0x86, 0x2A, 0xA2, 0x1A, 0x31, 0x43, 0xCD, 0x7B, 0x64, 0x8B, 0xFB, 0x31, 0x43,
    0xF9, 0x07, 0x41, 0x0F, 0xC7, 0x92, 0xB5, 0x6C, 0x68, 0x66, 0x6C, 0x96, 0x56, 0xE9, 0x96, 0x56,
    0x3E, 0x28, 0x0B, 0xD1, 0x3B, 0xBD, 0x6E, 0x7A, 0x97, 0xBB, 0x98, 0xBF, 0x2F, 0xF8, 0x2E, 0x5E,
    0xAF, 0x98, 0xB2, 0x71, 0x53, 0xB6, 0xA9, 0x03, 0x50, 0x18, 0x5D, 0xDC, 0x3B, 0x92, 0x56, 0xD9,
    0xAA, 0x94, 0x68, 0x6D, 0xA1, 0xF1, 0xFB, 0x16, 0xE0, 0xB0, 0x46, 0x85, 0x38, 0x9E, 0x77, 0x67,
    0xC6, 0x89, 0x25, 0xA3, 0xB0, 0x64, 0x0D, 0xE8, 0xC7, 0x98, 0xB5, 0x9C, 0x5A, 0xE4, 0xA6, 0x24,
    0xCB, 0x58, 0x5C, 0xF1, 0x8C, 0x40, 0x87, 0x82, 0x51, 0xBF, 0xDE, 0x0B, 0x12, 0x99, 0xE7, 0x18,
    0x7F, 0x69, 0xB6, 0x38, 0xE6, 0xB3, 0xFA, 0xAD, 0xF0, 0x9C, 0xE8, 0x7B, 0x9D, 0x9B, 0x94, 0x86,
    0x59, 0xF4, 0xF3, 0x20, 0xA8, 0xAC, 0x20, 0x09, 0x66, 0xF7, 0x5C, 0x61, 0x50, 0x0C, 0x13, 0xBB,
    0x99, 0xD6, 0x3D, 0x89, 0xF9, 0xCA, 0xDE, 0x2A, 0x98, 0xCB, 0x5A, 0xD1, 0xC0, 0xF8, 0xC9, 0x6B,
    0x96, 0x11, 0x92, 0x2B, 0xC6, 0xD3, 0x2B, 0xC4, 0xD8, 0x13, 0xD5, 0x2F, 0x31, 0xFE, 0xB4, 0xEE,
    0xE0, 0xF9, 0xAC, 0xFE, 0xB6, 0x63, 0xAC, 0xE8, 0xE7, 0x7C, 0x3C, 0xA5, 0x2F, 0x31, 0xCA, 0xA8,
    0x71, 0xAF, 0xCF, 0xA0, 0x63, 0xDC, 0x62, 0xC3, 0xA8, 0x5A, 0x4E, 0x0C, 0xCA, 0x7B, 0x53, 0x39,
    0x48, 0x78, 0x79, 0x00, 0x9A, 0x31, 0x09, 0x05, 0xB5, 0x90, 0xA8, 0x9E, 0xBF, 0xE2, 0x00, 0xB0,
    0x64, 0x56, 0x4E, 0xA0, 0xA0, 0x1A, 0xFA, 0x0E, 0x20, 0x2E, 0xF9, 0x28, 0xCF, 0x61, 0xFE, 0x8B,
    0x53, 0x89, 0x13, 0x05, 0xEB, 0x23, 0xB5, 0x8B, 0xAE, 0x1A, 0x91, 0xB3, 0xAE, 0x72, 0x80, 0x06,
    0xB0, 0x63, 0x39, 0x41, 0xC7, 0x7A, 0x13, 0x96, 0x3B, 0x02, 0x48, 0x99, 0xD9, 0x24, 0xD2, 0x77,
    0x6E, 0x2D, 0x93, 0x05, 0x01, 0xA8, 0x3C, 0x52, 0x89, 0xF0, 0x0C, 0xD0, 0x2D, 0xB0, 0x85, 0x48,
    0x0A, 0xFD, 0x77, 0x47, 0x6D, 0x49, 0x64, 0xD2, 0x38, 0x02, 0xDD, 0xA2, 0x5B, 0x78, 0x24, 0xAC,
    0x5B, 0x4C, 0x32, 0x5A, 0x40, 0x05, 0x96, 0x56, 0x81, 0xF5, 0xEA, 0x8C, 0x08, 0xF8, 0xF4, 0x75,
    0xF3, 0x0A, 0x0A, 0xD3, 0xD7, 0x85, 0x51, 0xF7, 0x8E, 0x4C, 0x2E, 0xC7, 0x8E, 0x3C, 0x3E, 0x76,
    0x6C, 0x47, 0xC3, 0xA2, 0x3B, 0x02, 0xD3, 0xAA, 0x3B, 0x25, 0x1D, 0x1A, 0x9A, 0x58, 0xD7, 0xF1,
    0x68, 0x4C, 0xF0, 0xD0, 0xB5, 0x67, 0xAF, 0xE6, 0xBF, 0xCA, 0xAC, 0x26, 0x0C, 0x05, 0x01, 0x39,
    0xB5, 0x7C, 0x99, 0x54, 0xAC, 0x3A, 0x64, 0x96, 0x4D, 0x72, 0x86, 0x94, 0x63, 0x4D, 0xEC, 0xC0,
    0x7F, 0xCF, 0xE9, 0xD7, 0x4F, 0x15, 0xCD, 0x39, 0x8D, 0x99, 0x41, 0x36, 0x22, 0x9D, 0xA1, 0x68,
    0x3C, 0xCD, 0xBD, 0x47, 0xE7, 0xB1, 0x99, 0x31, 0x35, 0x14, 0xCA, 0x98, 0xBC, 0x54, 0xA6, 0x1D,
    0x59, 0xA4, 0x0F, 0x87, 0x70, 0x48, 0x79, 0x2D, 0x17, 0x8C, 0x17, 0x05, 0x5F, 0x15, 0x7C, 0x59,
    0xE4, 0x92, 0x6E, 0x03, 0xB9, 0xB2, 0x5C, 0x5A, 0xAE, 0x8D, 0xFE, 0x55, 0x8F, 0x80, 0x8E, 0x65,
    0x03, 0xAA, 0x65, 0x78, 0x3C, 0x2A, 0xB2, 0xD0, 0x57, 0xA4, 0x2C, 0x6A, 0x96, 0xD2, 0xE8, 0xBF,
    0xCA, 0x46, 0x45, 0x49, 0x5B, 0xCC, 0xC0, 0x8B, 0xD4, 0x2E, 0x73, 0xD0, 0x0A, 0xFD, 0xE9, 0x55,
    0x9A, 0x99, 0x00, 0x22, 0x23, 0xE4, 0x4A, 0xA1, 0xCC, 0x66, 0x03, 0x53, 0x35, 0x46, 0xA2, 0xBA,
    0xE0, 0x83, 0x45, 0x40, 0x53, 0x73, 0xBF, 0x21, 0x9D, 0xB8, 0xC3, 0x09, 0x62, 0x7E, 0x02, 0xD0,
    0xF0, 0xC4, 0xF5, 0xE2, 0x4A, 0xA4, 0x4B, 0xF4, 0xCD, 0x3A, 0xB0, 0xC7, 0x28, 0xDB, 0xE6, 0x9D,
    0x53, 0xA6, 0x41, 0xFC, 0x46, 0x1E, 0xC4, 0x75, 0x24, 0xE1, 0x45, 0xAA, 0x17, 0xEB, 0xE3, 0x62,
    0xDD, 0xE6, 0xDC, 0x01, 0x70, 0x7A, 0xA1, 0xBE, 0x8E, 0xD6, 0x3D, 0xC4, 0xFA, 0xCF, 0xAC, 0x10,
    0xBD, 0x25, 0x54, 0x84, 0x44, 0x48, 0x0D, 0xD1, 0x6C, 0x03, 0xF4, 0x6C, 0x36, 0x00, 0x3A, 0x9A,
    0x4D, 0x5E, 0xE5, 0xEE, 0x1E, 0xF9, 0xC8, 0x2A, 0x01, 0x6A, 0x10, 0xEB, 0x7C, 0x3E, 0x5A, 0x0F,
    0x8B, 0xF5, 0x1B, 0x62, 0x1D, 0x4D, 0x80, 0x4C, 0xBF, 0xCC, 0xFD, 0xFB, 0x25, 0x87, 0x13, 0x0B,
    0x0D, 0x10, 0xAD, 0x3E, 0x21, 0x04, 0x54, 0xC6, 0xA3, 0x30, 0x81, 0xA5, 0xFF, 0xBB, 0xA6, 0xD5,
    0x44, 0xC8, 0xE9, 0x4E, 0xD4, 0xCD, 0x1C, 0x90, 0xC8, 0x35, 0xC9, 0x41, 0x7F, 0x61, 0xC6, 0x0E,
    0x8A, 0xA5, 0xAC, 0xD9, 0x9B, 0x5A, 0x45, 0x3D, 0x8F, 0xB8, 0x55, 0x04, 0xF4, 0x2C, 0xD3, 0x1F,
    0x01, 0x1E, 0xDC, 0xAE, 0x59, 0x1C, 0x0A, 0x22, 0x28, 0xD3, 0x18, 0x8D, 0xDC, 0x6E, 0x91, 0x5A,
    0xCD, 0xA2, 0xEE, 0x5C, 0x1F, 0xE5, 0x96, 0x48, 0xE8, 0x6C, 0x9D, 0x83, 0x88, 0x73, 0x20, 0xA3,
    0x89, 0x7D, 0x6F, 0xDA, 0x4A, 0x1E, 0x5A, 0xE0, 0x41, 0x18, 0x2A, 0xC3, 0xFD, 0xDB, 0x94, 0x45,
    0x6E, 0x89, 0xCB, 0x7C, 0x4C, 0xB7, 0x7C, 0xFC, 0xEC, 0xBA, 0x89, 0xC7, 0xD4, 0x04, 0x34, 0x73,
    0x7C, 0x80, 0x26, 0x34, 0x2F, 0x0F, 0xD0, 0x7B, 0x17, 0x1E, 0xA0, 0x76, 0xE1, 0x44, 0xB2, 0xC6,
    0x8C, 0xA6, 0xC6, 0x29, 0x73, 0x4A, 0xB6, 0x10, 0xFD, 0x92, 0x42, 0x29, 0xFD, 0x39, 0x9E, 0x62,
    0x60, 0xA5, 0x0E, 0xE5, 0xD7, 0xE5, 0x01, 0x2A, 0xF9, 0x20, 0x5A, 0x58, 0x4D, 0xBB, 0xC8, 0x60,
    0xBD, 0x80, 0x32, 0xB2, 0x7E, 0x47, 0x02, 0xD4, 0x75, 0x45, 0x33, 0x98, 0x47, 0x29, 0x09, 0x40,
    0x31, 0xA0, 0x9A, 0x81, 0x86, 0x65, 0xFA, 0xCA, 0xB9, 0xD8, 0x06, 0xA0, 0x9C, 0x62, 0x22, 0x3F,
    0xC1, 0xFD, 0xB7, 0x12, 0x87, 0x39, 0x17, 0x47, 0x3F, 0x2F, 0xBA, 0x41, 0x74, 0x5B, 0xA0, 0xF2,
    0xA2, 0x8B, 0xE7, 0x51, 0x19, 0xD5, 0x16, 0xA6, 0xF4, 0xE5, 0xA2, 0xD7, 0xCC, 0x6B, 0xAE, 0x25,
    0xEE, 0xE9, 0x99, 0xDB, 0xC8, 0x88, 0x6A, 0x34, 0xAC, 0xFB, 0xC7, 0x4F, 0xC8, 0xF5, 0x53, 0xC4,
    0xA6, 0xB9, 0x9F, 0x62, 0xBB, 0x05, 0xF7, 0x4B, 0x62, 0xBF, 0x79, 0x7D, 0x9E, 0x06, 0x40, 0x39,
    0x64, 0x24, 0x35, 0x9B, 0x8C, 0x7E, 0x95, 0xEC, 0xB6, 0x78, 0xDF, 0x6D, 0x8B, 0xD6, 0xA9, 0x77,
    0x7F, 0x62, 0x4B, 0xA2, 0x81, 0xC7, 0x10, 0xAC, 0x1F, 0x97, 0x1A, 0xA0, 0x89, 0x3C, 0x73, 0x76,
    0x86, 0x3F, 0x0A, 0xC2, 0x23, 0xB0, 0x39, 0xCF, 0x16, 0xD8, 0x31, 0x27, 0x13, 0x12, 0x39, 0x8F,
    0xC6, 0x94, 0x56, 0xB8, 0x74, 0x95, 0x11, 0x4E, 0x66, 0x0E, 0x88, 0x19, 0xFA, 0xD5, 0xF5, 0xA1,
    0xF9, 0x7D, 0x22, 0x17, 0x17, 0x44, 0xCA, 0xBB, 0x75, 0x41, 0xE4, 0xD6, 0x05, 0x91, 0x8F, 0x0B,
    0xA2, 0x75, 0x81, 0xB1, 0x2E, 0x2F, 0x3C, 0x73, 0x65, 0xF6, 0x25, 0xF7, 0xD2, 0xBE, 0x5E, 0xE5,
    0x16, 0xE8, 0x07, 0x94, 0x33, 0xA0, 0x7F, 0x42, 0x98, 0x14, 0x19, 0xAF, 0x8B, 0xC1, 0x6F, 0xB3,
    0xE1, 0xB4, 0x39, 0x32, 0x72, 0x67, 0xE6, 0xE4, 0x1F, 0xD5, 0xFD, 0xF1, 0xBC, 0xEA, 0xE6, 0xE7,
    0x75, 0x5B, 0xD1, 0x15, 0x1B, 0x88, 0x73, 0xD1, 0x09, 0x73, 0x79, 0x67, 0x4F, 0x99, 0x01, 0xA2,
    0x29, 0xB2, 0x47, 0xC3, 0x2C, 0x41, 0x2B, 0x61, 0x35, 0x44, 0x4E, 0x08, 0x4B, 0xA5, 0x73, 0x48,
    0x02, 0xB3, 0x6E, 0xB9, 0xC9, 0x7C, 0x2B, 0xA7, 0x62, 0x40, 0x80, 0x57, 0xF4, 0x81, 0xCC, 0x65,
    0xB1, 0x49, 0xC4, 0xCC, 0x76, 0x65, 0x2E, 0x87, 0x6D, 0x3E, 0x88, 0x9D, 0xA6, 0x3F, 0x32, 0xCB,
    0x1C, 0x26, 0x00, 0x6A, 0x4C, 0x69, 0x59, 0x04, 0x62, 0xDD, 0xCA, 0xFA, 0x71, 0xD0, 0x13, 0xD1,
    0x02, 0x68, 0xFE, 0x9E, 0x8F, 0x05, 0x30, 0xF8, 0x87, 0xA1, 0x13, 0xD0, 0x02, 0x95, 0x29, 0x5B,
    0x14, 0xB6, 0x1C, 0x90, 0xDA, 0x3C, 0x00, 0x75, 0xC2, 0x20, 0xDB, 0x08, 0x24, 0x76, 0x49, 0x53,
    0xCA, 0x52, 0x48, 0xAA, 0x0C, 0xF2, 0x19, 0xA8, 0x46, 0xA0, 0x59, 0x67, 0xAA, 0x8F, 0xF2, 0x39,
    0x6E, 0x13, 0xFA, 0x9A, 0xA0, 0x69, 0x46, 0xC1, 0x82, 0x5B, 0x15, 0x1B, 0x28, 0x0C, 0x54, 0x36,
    0x42, 0x25, 0xE3, 0x71, 0x13, 0xEF, 0x08, 0x89, 0x5F, 0xB6, 0xB4, 0x16, 0x2C, 0x8C, 0x60, 0x36,
    0x1C, 0xB0, 0x32, 0x82, 0xBD, 0x40, 0xE1, 0x05, 0x75, 0x8B, 0xD5, 0x52, 0x45, 0x56, 0x4E, 0x91,
    0x68, 0x4C, 0xB9, 0xA0, 0xCF, 0xC6, 0xCC, 0x23, 0x64, 0x3E, 0x93, 0x0A, 0x4A, 0xE4, 0xA1, 0x82,
    0x12, 0xE4, 0x0A, 0xD2, 0x61, 0x8B, 0x24, 0x68, 0x46, 0x8E, 0xAD, 0xE5, 0x62, 0x60, 0x0A, 0x53,
    0xD2, 0x8C, 0x04, 0x6B, 0x21, 0x20, 0x76, 0x8F, 0xE5, 0xF4, 0xCA, 0xF9, 0x38, 0xD8, 0x6D, 0x16,
    0x4D, 0x03, 0x0A, 0x96, 0xF2, 0x6E, 0x0D, 0x05, 0x60, 0xFB, 0x40, 0xFE, 0x06, 0x1A, 0x81, 0x8F,
    0x87, 0xA5, 0xAC, 0xF6, 0x61, 0x3D, 0xA3, 0x0C, 0x50, 0x0E, 0x40, 0xC2, 0xBC, 0x6E, 0x79, 0x1B,
    0xF1, 0x5C, 0x84, 0x85, 0x60, 0x54, 0x45, 0x4A, 0x31, 0x58, 0x49, 0xAD, 0xE9, 0x5B, 0x6E, 0xFD,
    0x30, 0x88, 0xDD, 0xAF, 0x8F, 0x8C, 0x21, 0x8B, 0xB1, 0x31, 0x7E, 0x27, 0x46, 0x18, 0x10, 0xD2,
    0xDF, 0x25, 0xC2, 0xB8, 0x25, 0x8F, 0x1F, 0xC5, 0x6C, 0xFA, 0x88, 0x51, 0x7C, 0x7D, 0x3F, 0x8A,
    0x84, 0x84, 0xAA, 0xBA, 0x72, 0xA5, 0x69, 0x4C, 0x36, 0xF6, 0x43, 0x32, 0x36, 0xE3, 0x12, 0x27,
    0x80, 0xCF, 0x0A, 0x74, 0x02, 0x9B, 0x07, 0x10, 0xF6, 0xC3, 0x26, 0x7A, 0x29, 0x61, 0x1D, 0x6E,
    0xD5, 0x32, 0x68, 0xAC, 0xB9, 0x92, 0xB5, 0x47, 0x5D, 0x11, 0xB4, 0x69, 0xDE, 0xBB, 0xDD, 0x18,
    0xFA, 0x09, 0x51, 0x7D, 0xDF, 0xF1, 0xB8, 0xFA, 0xE3, 0xEC, 0x17, 0x63, 0xA8, 0xDE, 0x7B, 0xDF,
    0x35, 0x57, 0x09, 0x31, 0xCE, 0x97, 0x72, 0x92, 0xBE, 0xC0, 0x0D, 0x96, 0xD4, 0x62, 0x09, 0x04,
    0x89, 0x80, 0x84, 0x22, 0xB1, 0xA0, 0x88, 0x05, 0x7E, 0x60, 0x98, 0xD7, 0x73, 0x12, 0xF2, 0xE7,
    0xA4, 0x45, 0xC0, 0x2C, 0x20, 0xEB, 0x27, 0x14, 0x02, 0x40, 0x8F, 0xCA, 0x65, 0xD4, 0x36, 0xB3,
    0xFA, 0x89, 0x61, 0x23, 0xD9, 0xE8, 0x4B, 0x9F, 0x58, 0xAF, 0x46, 0xB4, 0x41, 0x5B, 0xE0, 0xB8,
    0x62, 0xD0, 0x69, 0x0B, 0x94, 0x2C, 0x48, 0xB1, 0xDF, 0xB4, 0x17, 0x20, 0x06, 0xA8, 0xFD, 0xED,
    0x93, 0x4E, 0x0C, 0xA5, 0x63, 0x68, 0x5A, 0x86, 0x90, 0x8E, 0x65, 0xED, 0x33, 0x5B, 0xD6, 0x53,
    0xCE, 0xD0, 0x10, 0xEF, 0x56, 0x34, 0xB0, 0x72, 0x16, 0x61, 0x64, 0xD0, 0x44, 0x2B, 0xA8, 0x81,
    0x2D, 0x14, 0x26, 0x26, 0xB4, 0x08, 0x0C, 0x89, 0x00, 0x34, 0xA3, 0x9E, 0x81, 0x17, 0x54, 0x36,
    0x40, 0x67, 0x43, 0x3A, 0x65, 0x03, 0xBB, 0x3C, 0x34, 0x5C, 0xED, 0x03, 0x5F, 0xC8, 0xAF, 0xD2,
    0x10, 0x57, 0x0B, 0x91, 0x77, 0xB2, 0x61, 0x8B, 0xBD, 0x14, 0x83, 0x6A, 0x1B, 0x79, 0x7A, 0xBB,
    0x94, 0x7E, 0x46, 0x58, 0xC6, 0xF8, 0x25, 0x16, 0x78, 0x81, 0x6E, 0x85, 0xC5, 0x56, 0xB9, 0xCF,
    0x61, 0x36, 0xCB, 0xDE, 0xC8, 0xA0, 0xEB, 0x75, 0x9C, 0xB0, 0x63, 0x49, 0x77, 0x32, 0x58, 0x27,
    0x32, 0x58, 0x47, 0xB7, 0x7B, 0x13, 0x64, 0x01, 0xEC, 0xE5, 0xB1, 0xE1, 0x51, 0xFC, 0x98, 0xBD,
    0x51, 0xEF, 0xDB, 0xFE, 0xCA, 0x7C, 0x61, 0xB0, 0xBE, 0x23, 0xE0, 0x2E, 0x02, 0x11, 0xED, 0x41,
    0xEA, 0xBE, 0x36, 0xA5, 0x43, 0x65, 0x7A, 0x07, 0x64, 0x81, 0xA1, 0xB4, 0x0C, 0x4D, 0xEB, 0x90,
    0x10, 0x1C, 0x52, 0x32, 0x1E, 0xAC, 0x38, 0x81, 0xED, 0x37, 0x06, 0xEB, 0x6F, 0xCE, 0xBE, 0x85,
    0x43, 0x46, 0xBE, 0xB7, 0xCC, 0xE5, 0xDD, 0x37, 0xFF, 0x24, 0x08, 0xB7, 0x40, 0x77, 0x9E, 0x0D,
    0x10, 0x98, 0xD9, 0x48, 0xEA, 0x99, 0xD9, 0x5D, 0x12, 0xFD, 0x82, 0x59, 0xFA, 0xF7, 0xBF, 0x71,
    0x65, 0xCB, 0x27, 0x4F, 0x30, 0xC5, 0x9F, 0x6B, 0x2F, 0x40, 0xAF, 0x3F, 0xD6, 0xAA, 0xBA, 0xF1,
    0xCC, 0xEB, 0xCF, 0x9F, 0x3F, 0x43, 0xC5, 0xEC, 0xD1, 0xFF, 0xB0, 0x07, 0x30, 0xA1, 0x59, 0x7F,
    0xA2, 0x55, 0x34, 0x46, 0x7F, 0x12, 0x8B, 0x65, 0xEB, 0x56, 0xD6, 0x37, 0x16, 0x2E, 0xC3, 0xC2,
    0xE9, 0xCA, 0x5F, 0x4B, 0xE2, 0x0A, 0x28, 0x0B, 0x05, 0x05, 0xE6, 0xD2, 0x57, 0xB7, 0x4F, 0x99,
    0x75, 0xAB, 0xA1, 0x99, 0x4F, 0xB0, 0x85, 0x62, 0x0E, 0x2B, 0x7B, 0x6C, 0x70, 0xB2, 0x70, 0x1E,
    0x16, 0x2E, 0xA5, 0x3F, 0xB7, 0x8B, 0x81, 0xB1, 0x43, 0x97, 0xF9, 0x22, 0x40, 0x7F, 0xDB, 0x83,
    0x28, 0xC4, 0xC2, 0xA8, 0xE6, 0x0E, 0xE9, 0xFA, 0x94, 0x02, 0x70, 0x8E, 0x75, 0xBD, 0xF2, 0xB8,
    0x30, 0x5F, 0xA2, 0x1F, 0x20, 0xEE, 0x90, 0x17, 0x92, 0x62, 0x26, 0xD4, 0x6E, 0xCE, 0x93, 0xE9,
    0x84, 0xF2, 0x5F, 0x79, 0xA1, 0x84, 0x2C, 0x8C, 0xAC, 0xCC, 0xCE, 0x72, 0x2B, 0x0B, 0x33, 0xA2,
    0x61, 0x07, 0x65, 0x79, 0xCD, 0xBC, 0x43, 0xDF, 0x66, 0x33, 0xAB, 0xBC, 0x82, 0x4A, 0x08, 0xE8,
    0xB7, 0x08, 0x4C, 0x41, 0x7F, 0x5B, 0xE8, 0xAB, 0x32, 0x5F, 0x98, 0xB3, 0x59, 0x8F, 0x07, 0xEB,
    0xCB, 0x18, 0x32, 0x8A, 0x6D, 0x27, 0x36, 0x0F, 0x68, 0x3A, 0x39, 0x7B, 0x6F, 0x19, 0x37, 0xCB,
    0x88, 0x66, 0xAE, 0xF9, 0xC8, 0x4C, 0xB3, 0x83, 0xB6, 0x97, 0xC8, 0xA1, 0xAF, 0xD1, 0x3B, 0x7C,
    0x1E, 0x45, 0x70, 0x62, 0x70, 0x60, 0xCC, 0x67, 0x78, 0xA0, 0x98, 0x30, 0x71, 0x9B, 0xD0, 0x18,
    0x60, 0x46, 0x65, 0xC4, 0x56, 0x3A, 0xE6, 0x46, 0xAC, 0xC9, 0x8F, 0x60, 0xB1, 0x47, 0xBC, 0xCF,
    0xB6, 0xB2, 0x80, 0xC8, 0x85, 0x65, 0x2E, 0x86, 0x50, 0x9A, 0xA4, 0x67, 0x3D, 0x57, 0xBE, 0x4D,
    0xC4, 0xFD, 0x88, 0xDE, 0xA6, 0xFF, 0x6E, 0x20, 0x33, 0xE6, 0x06, 0x9F, 0x0F, 0xEC, 0x1E, 0xEB,
    0x35, 0x23, 0x0A, 0xC3, 0xDC, 0x03, 0xD9, 0xC8, 0xFC, 0x79, 0x20, 0x9D, 0xAE, 0x2D, 0x35, 0xBE,
    0xA7, 0xBF, 0x8D, 0x5C, 0xCD, 0xAF, 0x46, 0x06, 0x32, 0xB7, 0xF2, 0xBC, 0x30, 0x6E, 0x89, 0x3F,
    0x6B, 0xF0, 0x6B, 0xF4, 0x6B, 0xE0, 0x07, 0x2A, 0x4C, 0x17, 0x55, 0xEE, 0x7B, 0x21, 0x90, 0x53,
    0x9E, 0x89, 0xFD, 0x61, 0xCA, 0xA7, 0xE6, 0xEC, 0x35, 0x87, 0x66, 0xCC, 0x24, 0x31, 0xBD, 0xF8,
    0xC0, 0x79, 0x60, 0x8A, 0x35, 0x2F, 0xF5, 0x85, 0x10, 0x58, 0x55, 0x48, 0x4D, 0x93, 0x10, 0xD0,
    0x98, 0x48, 0x95, 0x39, 0x41, 0xD2, 0x73, 0x37, 0x93, 0xD2, 0x8C, 0x17, 0x1D, 0xDE, 0x69, 0xA2,
    0x67, 0x65, 0x9D, 0x7D, 0x68, 0x04, 0xFF, 0xD9, 0x41, 0xD6, 0x86, 0x53, 0x32, 0x23, 0x1B, 0xD5,
    0x7B, 0x9E, 0x31, 0x27, 0x83, 0xCC, 0x66, 0x13, 0x90, 0x9E, 0x1D, 0xD9, 0x78, 0x6D, 0xC3, 0xA8,
    0x96, 0xFB, 0xBC, 0x5C, 0xD0, 0x80, 0xB9, 0x38, 0xBB, 0x36, 0x00, 0x29, 0xD1, 0x08, 0x19, 0x31,
    0xFC, 0x3E, 0x6D, 0x01, 0x48, 0x07, 0xC1, 0xCA, 0x0A, 0xF6, 0x81, 0x21, 0xF7, 0x9A, 0x51, 0x8D,
    0x65, 0x2B, 0x56, 0x65, 0x84, 0x3E, 0x81, 0x04, 0x27, 0xD2, 0x6D, 0xE8, 0xD9, 0x05, 0x32, 0x2F,
    0x7A, 0x54, 0x03, 0x32, 0x42, 0x05, 0xB0, 0x57, 0x52, 0x9D, 0xFF, 0xD9, 0x17, 0x23, 0x78, 0xE5,
    0x97, 0x06, 0xF6, 0xA7, 0xFA, 0x01, 0xD5, 0xD9, 0x98, 0xB1, 0x95, 0xCC, 0xA6, 0x21, 0x75, 0xC9,
    0x74, 0xDD, 0x22, 0x44, 0xAF, 0x8E, 0xA1, 0x18, 0x37, 0x40, 0x2E, 0xC8, 0xBA, 0xE8, 0xE2, 0x44,
    0xF0, 0xD1, 0x6B, 0xCB, 0x58, 0x51, 0xFD, 0xFB, 0xB4, 0xC5, 0x88, 0x57, 0x04, 0x52, 0x12, 0x2C,
    0x63, 0xCE, 0xFA, 0xAF, 0x0F, 0x40, 0x16, 0x52, 0x0B, 0xB0, 0x88, 0x7E, 0x8D, 0x17, 0xD4, 0xBC,
    0xD4, 0x06, 0xB9, 0xB4, 0xF0, 0x3F, 0x5C, 0xB7, 0x05, 0xD5, 0x3B, 0x51, 0xD1, 0x64, 0x99, 0xE1,
    0x2E, 0x5F, 0x09, 0x91, 0x81, 0xA6, 0x5B, 0xB8, 0x0C, 0x40, 0x46, 0x73, 0xE4, 0x82, 0xB9, 0x0F,
    0xE8, 0xE3, 0x52, 0xB0, 0x03, 0xEF, 0x41, 0x73, 0xBF, 0xDE, 0x22, 0x91, 0xEB, 0xA4, 0x0E, 0xF0,
    0xD8, 0x01, 0x01, 0x78, 0x4D, 0x58, 0x03, 0x10, 0xAE, 0xEE, 0x2C, 0xB5, 0x28, 0xA3, 0xB5, 0x16,
    0xF5, 0x6B, 0x35, 0xE0, 0x66, 0x4E, 0x0C, 0xB2, 0xD8, 0x42, 0x55, 0x83, 0x01, 0x7B, 0x28, 0x89,
    0xEE, 0xC4, 0xB2, 0x5D, 0x57, 0xA1, 0xA4, 0x5A, 0x77, 0xE5, 0x97, 0xEB, 0x6E, 0xC7, 0x10, 0x04,
    0x7C, 0x04, 0xDD, 0x94, 0xB5, 0x57, 0x73, 0xD9, 0xFA, 0xC2, 0x97, 0x43, 0x07, 0x14, 0x5E, 0x83,
    0xFD, 0x50, 0x46, 0x0C, 0xB8, 0x07, 0x65, 0xF8, 0x6F, 0x04, 0x7A, 0x2B, 0x91, 0x58, 0xB1, 0xF6,
    0xDA, 0xA3, 0xD6, 0x62, 0x0F, 0xA2, 0x1B, 0xC8, 0x63, 0x59, 0x1D, 0x2F, 0x05, 0x68, 0x71, 0xBE,
    0x03, 0xFF, 0xF9, 0x92, 0xC2, 0x0A, 0x05, 0x07, 0xEC, 0x33, 0x7B, 0x52, 0x77, 0x78, 0x4D, 0x1B,
    0x2D, 0x3D, 0x17, 0x6B, 0x9E, 0x21, 0x99, 0x18, 0xF0, 0xB9, 0xD5, 0xDA, 0x46, 0xCC, 0x31, 0xB2,
    0x3D, 0x46, 0x31, 0xC8, 0x88, 0x03, 0x96, 0xAD, 0x60, 0x41, 0x4E, 0xDA, 0x34, 0x31, 0xEA, 0xA1,
    0x61, 0x3C, 0x89, 0xF5, 0x20, 0xC4, 0x57, 0x9B, 0x1E, 0x3D, 0x4D, 0x8C, 0x14, 0xB1, 0x31, 0x5B,
    0x46, 0x65, 0x34, 0x5B, 0x4F, 0xA1, 0xEC, 0x16, 0x40, 0x6E, 0xC5, 0xFE, 0x1A, 0xEE, 0x1A, 0x2F,
    0xFE, 0x33, 0x1E, 0xF8, 0x90, 0x3F, 0xC9, 0x87, 0xD8, 0x96, 0x98, 0xC4, 0x07, 0xAA, 0x37, 0x50,
    0x63, 0xC5, 0x16, 0x35, 0x0A, 0xC6, 0x4E, 0x50, 0x6C, 0xB5, 0x8C, 0xE9, 0x0C, 0xC6, 0xC4, 0xE3,
    0x18, 0x1E, 0x33, 0xEF, 0x85, 0xB8, 0x86, 0x61, 0x1D, 0x7A, 0xCF, 0xEA, 0xE8, 0x43, 0xB5, 0xF8,
    0xE0, 0x1F, 0xF5, 0xE1, 0x30, 0xC6, 0xAF, 0x3D, 0x79, 0x8C, 0x65, 0x8A, 0xF4, 0xD0, 0x89, 0xAF,
    0xD0, 0x15, 0xA1, 0x42, 0xA8, 0x06, 0x05, 0xAF, 0x2B, 0x82, 0xDF, 0x2A, 0x81, 0x4F, 0xF3, 0x31,
    0x7D, 0xA3, 0x1A, 0xBA, 0x92, 0xBE, 0x6C, 0x75, 0x4A, 0x6F, 0xDB, 0xC7, 0x8D, 0xF1, 0x6F, 0x9D,
    0x51, 0x37, 0xC4, 0xDA, 0xC4, 0xD6, 0x2E, 0x4D, 0xD0, 0x00, 0xC7, 0x99, 0x13, 0xA7, 0x5A, 0x31,
    0x78, 0x5D, 0x33, 0x6C, 0xC1, 0x20, 0xAF, 0x52, 0x7C, 0x25, 0x11, 0xE6, 0xF4, 0xDD, 0x51, 0x03,
    0xF9, 0x10, 0xAD, 0x95, 0x07, 0x6B, 0x5F, 0x15, 0x10, 0x83, 0x44, 0x56, 0x04, 0xBA, 0x7E, 0xF8,
    0xB7, 0x44, 0xD8, 0xFF, 0x9E, 0x58, 0x27, 0x57, 0x6E, 0x81, 0xC4, 0xAE, 0x9D, 0xA4, 0x1E, 0x78,
    0xF6, 0x31, 0xC8, 0x48, 0x2F, 0x62, 0x76, 0xAC, 0x12, 0x90, 0xD2, 0x59, 0x8D, 0x86, 0x6C, 0x42,
    0xBD, 0xAD, 0xFC, 0xB2, 0x3E, 0xDB, 0x00, 0x78, 0x81, 0x05, 0x2F, 0xD2, 0xFD, 0x3A, 0x16, 0x3F,
    0x92, 0x7A, 0x3A, 0xFF, 0x97, 0xFF, 0x4A, 0x0E, 0xCA, 0xC8, 0xF1, 0x56, 0xCC, 0xE0, 0x68, 0xEA,
    0x84, 0xD2, 0x39, 0x08, 0xE1, 0x33, 0x3E, 0x12, 0x1E, 0x26, 0xF7, 0xAF, 0x47, 0xAB, 0x85, 0x8B,
    0xCF, 0x1E, 0x60, 0x71, 0x7E, 0xAE, 0xF1, 0xC0, 0xFB, 0x9B, 0xD1, 0x7D, 0x8F, 0x20, 0xFE, 0x17,
    0x34, 0xDC, 0x8C, 0x01, 0xA8, 0x19, 0x9D, 0x70, 0x42, 0x58, 0x42, 0x78, 0x6E, 0x7F, 0xCD, 0x47,
    0xD8, 0xFD, 0x9E, 0xD8, 0xE3, 0x10, 0xD4, 0x21, 0xAA, 0x43, 0x58, 0x50, 0x71, 0x50, 0x9A, 0x51,
    0x02, 0x9B, 0x90, 0x92, 0x5D, 0x06, 0x26, 0xBB, 0xF7, 0xE6, 0x32, 0x34, 0xAF, 0x0E, 0xD0, 0xB1,
    0x23, 0x19, 0x2C, 0xC3, 0xC3, 0x8D, 0xB0, 0x74, 0x1D, 0xD7, 0xCB, 0xE7, 0xD2, 0xB8, 0x60, 0x10,
    0xEE, 0xDF, 0xA2, 0xE1, 0x71, 0x21, 0x5E, 0x09, 0xF8, 0x42, 0xC4, 0xEB, 0x50, 0x36, 0xC3, 0x23,
    0x21, 0xDF, 0xB8, 0x18, 0xF2, 0x07, 0xED, 0x1A, 0xF2, 0x3F, 0x9A, 0x35, 0xE4, 0x5F, 0x98, 0xC5,
    0x44, 0xF6, 0x07, 0x15, 0x72, 0xE9, 0x01, 0x3D, 0x17, 0xED, 0xE9, 0xD1, 0x37, 0x8D, 0x2F, 0x7E,
    0xD0, 0x7A, 0x59, 0x7E, 0x65, 0x16, 0xFF, 0x33, 0xB5, 0x00, 0xDC, 0xC7, 0x93, 0xC3, 0xDB, 0x3A,
    0x23, 0x26, 0x4B, 0xA7, 0x9C, 0x9E, 0xC8, 0x9D, 0x1E, 0x9D, 0xBD, 0x19, 0xCA, 0x11, 0x7B, 0x5B,
    0x4E, 0x6C, 0x25, 0xF6, 0x59, 0xDB, 0x1A, 0xD9, 0x96, 0x3D, 0xD8, 0xFA, 0xB9, 0x71, 0xD9, 0xAF,
    0x07, 0x9F, 0xFE, 0x8B, 0x79, 0xC6, 0xB6, 0xDA, 0x97, 0xD3, 0x71, 0x9B, 0xD9, 0xEA, 0x8B, 0x63,
    0x31, 0x20, 0x3B, 0x7B, 0x13, 0xE4, 0x51, 0xC5, 0x85, 0xFB, 0xCB, 0xD0, 0xF3, 0x31, 0xE6, 0x37,
    0x54, 0x7C, 0xE6, 0x79, 0x3E, 0xE9, 0x01, 0x62, 0x51, 0x61, 0xAD, 0x7C, 0xA5, 0x67, 0x9D, 0xB0,
    0xE8, 0x78, 0xD1, 0xB1, 0xAC, 0xE3, 0x58, 0xC7, 0xEE, 0x75, 0xFA, 0x16, 0x8D, 0xBD, 0xF9, 0x27,
    0x21, 0x60, 0x73, 0x13, 0x0A, 0x28, 0x81, 0xB2, 0x46, 0x5E, 0x37, 0x86, 0xDA, 0xE6, 0xD7, 0x64,
    0x3E, 0x45, 0xB7, 0xDB, 0x58, 0xA3, 0x2B, 0xC4, 0x33, 0x28, 0x5A, 0x20, 0xE7, 0x43, 0x63, 0xDF,
    0xEA, 0xFB, 0x7C, 0xBE, 0xBF, 0xDB, 0x2E, 0x6F, 0x72, 0xBE, 0x01, 0x14, 0xFF, 0x54, 0x23, 0xFB,
    0x01, 0x90, 0x1A, 0x80, 0x6A, 0x96, 0x9F, 0x8F, 0xB8, 0xFA, 0x6B, 0x0B, 0xDC, 0x1F, 0xB5, 0x7B,
    0x05, 0x9A, 0x5E, 0x01, 0xD4, 0x04, 0xA4, 0xFF, 0x07, 0x71, 0xA3, 0x2F, 0xCE, 0x0C, 0x3F, 0x25,
    0xE0, 0x0A, 0x7D, 0x6B, 0x89, 0x59, 0xF4, 0x16, 0x45, 0xA8, 0x99, 0x21, 0xFD, 0xBF, 0x0C, 0x4B,
    0x71, 0x2E, 0x7C, 0x42, 0x3F, 0x0D, 0xF8, 0xF6, 0xFC, 0x06, 0x10, 0xD0, 0x8F, 0xFE, 0x7B, 0x7A,
    0xDA, 0x39, 0x1C, 0x75, 0xDF, 0x43, 0xFE, 0xBF, 0x21, 0xDB, 0xC5, 0x4C, 0xF5, 0x4B, 0xA6, 0x80,
    0x6C, 0x78, 0xEA, 0xBF, 0x11, 0x99, 0x43, 0x42, 0x40, 0x23, 0xE9, 0xFB, 0x3C, 0x74, 0xB8, 0xC5,
    0xE9, 0xD3, 0xF0, 0x4B, 0x8A, 0xEF, 0x5D, 0x48, 0xF1, 0xB3, 0x19, 0x63, 0x11, 0xB6, 0xD5, 0x88,
    0xAD, 0xBF, 0x5E, 0x6D, 0x8D, 0xD9, 0xBD, 0x33, 0x2B, 0x43, 0xF5, 0x8C, 0x6D, 0xB5, 0x7A, 0x04,
    0x74, 0xB8, 0x8C, 0x4F, 0x9D, 0x6A, 0x40, 0x5D, 0x5E, 0x7E, 0x27, 0x14, 0x06, 0xC8, 0x58, 0x92,
    0x1A, 0x48, 0x59, 0xB2, 0xE1, 0x77, 0x94, 0x91, 0xE5, 0x1E, 0x62, 0x06, 0xD1, 0x40, 0x0F, 0xFD,
    0xA0, 0xFF, 0x1F, 0x0D, 0x9F, 0x22, 0x9E, 0x26, 0x3A, 0xFE, 0xAE, 0x58, 0xEC, 0xE5, 0xAB, 0x3D,
    0xE0, 0x63, 0xDA, 0x72, 0xE7, 0x6D, 0xB5, 0x6C, 0xCB, 0x1C, 0x6C, 0xFD, 0x25, 0xCB, 0x37, 0x6B,
    0xE4, 0x3F, 0x78, 0xC6, 0xB6, 0x4E, 0x90, 0xCE, 0xD2, 0x7C, 0x7F, 0xC4, 0xBB, 0x3C, 0xBD, 0x93,
    0x7F, 0x19, 0x79, 0x36, 0x82, 0x67, 0xE3, 0xB2, 0xFC, 0x2F, 0x02, 0x90, 0x00, 0xC0, 0x9F, 0xB3,
    0x6C, 0x7E, 0x07, 0xD9, 0xB2, 0x68, 0x59, 0xF5, 0x59, 0x20, 0xB7, 0x3C, 0xF3, 0xA7, 0x94, 0xBE,
    0x3B, 0xE3, 0x1A, 0xCF, 0xFC, 0x34, 0x40, 0x6C, 0x35, 0xE1, 0x26, 0xD0, 0x3F, 0x33, 0x5B, 0xF5,
    0x39, 0x5B, 0x9E, 0x6D, 0x85, 0x68, 0x2B, 0x09, 0x20, 0xBE, 0xCB, 0x9A, 0xE9, 0xA6, 0x43, 0x23,
    0x77, 0x59, 0x87, 0x65, 0xDB, 0x3C, 0x0B, 0x5B, 0x63, 0xE9, 0x9B, 0x30, 0xBF, 0xE1, 0xE1, 0xAD,
    0x77, 0x9D, 0x95, 0xF3, 0x97, 0x59, 0xB4, 0x48, 0x41, 0xE6, 0x72, 0x43, 0x26, 0x9D, 0x6B, 0xF6,
    0x69, 0x59, 0x07, 0xAA, 0xB5, 0xFF, 0x71, 0x4E, 0x6D, 0xA7, 0xC8, 0x86, 0x3F, 0xBD, 0xEA, 0x3D,
    0x10, 0x58, 0x3A, 0x11, 0x87, 0x84, 0xF7, 0x8F, 0xAC, 0x4F, 0xC8, 0x78, 0x90, 0xED, 0x90, 0xB8,
    0x1D, 0xD0, 0x6D, 0x59, 0x54, 0x8D, 0xAE, 0x1C, 0x10, 0xF2, 0xE9, 0x9A, 0x4B, 0x88, 0xC6, 0xFD,
    0xCF, 0xBF, 0x74, 0x44, 0x4E, 0x67, 0x99, 0x85, 0x26, 0x7A, 0x7B, 0x4C, 0xA8, 0x56, 0x56, 0x06,
    0x39, 0x0D, 0xD1, 0xE2, 0x09, 0xAA, 0x1A, 0x50, 0xF5, 0xB2, 0x12, 0xDD, 0xB0, 0xDD, 0x7C, 0x10,
    0xCB, 0xD9, 0xD0, 0x7D, 0xF2, 0xAA, 0xCF, 0x06, 0xB1, 0x1E, 0xB1, 0xDB, 0xA3, 0xF8, 0xC0, 0x6D,
    0xF6, 0x82, 0x91, 0xFD, 0x60, 0x84, 0xE8, 0x8B, 0x2F, 0xD9, 0xB0, 0x8B, 0x3A, 0xDB, 0x88, 0x2A,
    0xA2, 0xF8, 0x94, 0x8D, 0xE2, 0x55, 0x76, 0x4F, 0xFC, 0x4A, 0x08, 0x15, 0x87, 0xDC, 0x1C, 0x12,
    0x01, 0x70, 0xFB, 0x4D, 0x46, 0x07, 0x64, 0x9E, 0x65, 0x2C, 0xA6, 0xDC, 0x68, 0x96, 0xF9, 0x2B,
    0x72, 0xF5, 0x6C, 0xF4, 0x48, 0x6D, 0x00, 0xFC, 0x09, 0xD0, 0x69, 0x6A, 0xB7, 0x25, 0xD5, 0xBA,
    0xBC, 0x03, 0xA5, 0x00, 0xB5, 0x5D, 0x44, 0xB3, 0x6C, 0x15, 0x10, 0xCA, 0xBB, 0xD7, 0x7D, 0x4E,
    0x34, 0xA0, 0x9F, 0x01, 0x64, 0xC4, 0x50, 0xD1, 0x90, 0x8E, 0xFA, 0x5D, 0x9B, 0xD9, 0x63, 0xF6,
    0xC5, 0xEE, 0xF8, 0xC9, 0x3C, 0xEE, 0xF6, 0x63, 0x8C, 0xAD, 0x80, 0x02, 0x8A, 0xA9, 0x6C, 0xA1,
    0xA7, 0xC2, 0x80, 0xCD, 0x8E, 0x10, 0x9B, 0x0C, 0xF0, 0x08, 0x40, 0x87, 0x63, 0xD1, 0x56, 0x6C,
    0x1B, 0x9C, 0x23, 0x05, 0xB1, 0x0E, 0x31, 0x8F, 0xED, 0x0A, 0x5A, 0x60, 0x0B, 0x71, 0x41, 0xBE,
    0x7A, 0xF1, 0x88, 0x4E, 0x2C, 0x5E, 0x00, 0xB9, 0x84, 0xBB, 0x7E, 0xE0, 0x21, 0x11, 0xC6, 0xBD,
    0xC4, 0x0B, 0x02, 0xCD, 0xB7, 0x22, 0x55, 0xD4, 0x0A, 0xA5, 0x0B, 0xED, 0x1F, 0x0E, 0xF2, 0x48,
    0x31, 0x42, 0xFF, 0xE9, 0x9A, 0x15, 0x42, 0xBA, 0x10, 0xDC, 0x4A, 0x65, 0xCD, 0x94, 0x2C, 0x94,
    0x59, 0x21, 0xF5, 0xDD, 0xA1, 0xFC, 0x7E, 0x07, 0x4D, 0xA8, 0x28, 0x40, 0x79, 0x28, 0x26, 0x04,
    0x6C, 0xA5, 0x43, 0x7F, 0x25, 0x08, 0x29, 0x72, 0x42, 0x6C, 0x8C, 0xE9, 0xFC, 0xFB, 0xC0, 0xCA,
    0x46, 0xCA, 0x85, 0x8A, 0x00, 0x08, 0xD1, 0x5F, 0xB6, 0x4C, 0xC9, 0xF5, 0x7F, 0x32, 0xD1, 0xFB,
    0x5F, 0x2E, 0x7E, 0x2E, 0x8A, 0x58, 0xC9, 0x2F, 0xF4, 0x35, 0x9C, 0x77, 0x7E, 0x27, 0xCE, 0x33,
    0x89, 0xF3, 0x42, 0x48, 0x17, 0x82, 0x5B, 0xA9, 0xAC, 0x99, 0x92, 0x85, 0x32, 0x2B, 0x24, 0xCE,
    0xBF, 0x15, 0x1E, 0xE7, 0xFC, 0x2E, 0x3A, 0xCF, 0x24, 0xCE, 0x33, 0x89, 0xF3, 0x42, 0x71, 0x10,
    0xEB, 0x48, 0xDA, 0x44, 0x2A, 0x84, 0xB2, 0x09, 0x10, 0xA2, 0x6F, 0x44, 0xE7, 0xAF, 0x2D, 0xCE,
    0xA7, 0xD1, 0x79, 0x1A, 0xD6, 0x37, 0x42, 0x0E, 0x91, 0x6F, 0x9E, 0x7F, 0x3D, 0x9B, 0xFC, 0xDB,
    0x3B, 0x2F, 0x84, 0xC5, 0x29, 0x94, 0x6D, 0x88, 0x8C, 0x7C, 0x58, 0x8F, 0xA4, 0x6E, 0x61, 0xF0,
    0x43, 0xFB, 0x90, 0xED, 0x55, 0x69, 0x6D, 0x1C, 0x86, 0xE0, 0x10, 0xC7, 0x3E, 0x92, 0x43, 0x2C,
    0xFB, 0x68, 0x0E, 0xF1, 0x3C, 0x88, 0xE8, 0x41, 0x4C, 0x0F, 0xA2, 0xDA, 0xED, 0xE3, 0xDA, 0xED,
    0x23, 0xDB, 0xAD, 0xB1, 0x1D, 0xA2, 0xDB, 0xC7, 0x77, 0x88, 0x70, 0x8D, 0x51, 0xD7, 0xFB, 0x28,
    0xC7, 0x7D, 0x9C, 0x43, 0xB9, 0x36, 0x3C, 0x70, 0x7E, 0x9E, 0x01, 0xC9, 0x51, 0x1C, 0xAC, 0xC3,
    0x5C, 0x3B, 0xCC, 0x36, 0xC0, 0x3E, 0xB2, 0x36, 0xFF, 0xDA, 0x1F, 0x4C, 0xC8, 0xA3, 0x0C, 0xEE,
    0x3A, 0x37, 0xCF, 0xCF, 0x4E, 0xB9, 0xB9, 0x2E, 0x86, 0xBC, 0xCE, 0x51, 0x80, 0x82, 0x03, 0x0E,
    0xF3, 0xF4, 0xDC, 0x4C, 0x05, 0x92, 0x3F, 0x84, 0x90, 0xE3, 0x47, 0x76, 0xB9, 0x5D, 0x3E, 0xB1,
    0x6B, 0x2C, 0x9A, 0xEB, 0x64, 0x33, 0xB2, 0x08, 0xF9, 0xFB, 0x41, 0xFD, 0xCA, 0xC6, 0x8F, 0xEB,
    0xE8, 0x0B, 0x91, 0x4B, 0x9F, 0xD8, 0xE5, 0xC3, 0x3A, 0xE6, 0xF8, 0x59, 0x1D, 0x73, 0xFC, 0xA8,
    0x8E, 0x39, 0x7E, 0x52, 0xC7, 0x0C, 0x14, 0x46, 0x47, 0x2E, 0x5B, 0xF5, 0x78, 0x5E, 0xCF, 0xCB,
    0x67, 0x74, 0xFB, 0x8F, 0xE8, 0x96, 0x77, 0x9F, 0x23, 0x54, 0x2D, 0xFE, 0x24, 0xD1, 0x9D, 0xB6,
    0xF4, 0xE2, 0x8D, 0xD3, 0x93, 0x38, 0x33, 0xCF, 0x5A, 0x7C, 0xD0, 0xB6, 0x6A, 0x99, 0xD4, 0x58,
    0x1A, 0xF6, 0xA4, 0x71, 0xD9, 0xC8, 0x8E, 0xF8, 0x90, 0x59, 0x4D, 0x5F, 0xB4, 0xC7, 0xA9, 0x15,
    0x37, 0xB6, 0x89, 0x03, 0x72, 0xA3, 0xF0, 0x08, 0x71, 0x7F, 0xA6, 0xAF, 0x66, 0xF7, 0x4E, 0x13,
    0x9B, 0xF8, 0x84, 0xB8, 0x1F, 0x26, 0x34, 0x63, 0x36, 0x2E, 0xEB, 0x35, 0x83, 0xD2, 0x02, 0x4D,
    0x8D, 0x8C, 0xEA, 0x42, 0x7C, 0xEB, 0x89, 0x1C, 0xD3, 0x25, 0x49, 0xCE, 0xBA, 0x39, 0x3E, 0xB1,
    0x83, 0xAB, 0xA8, 0x65, 0xFC, 0xE4, 0xF5, 0x81, 0x11, 0x99, 0x15, 0x4C, 0x1F, 0x8F, 0xBB, 0x4C,
    0xB0, 0xB9, 0x36, 0xEE, 0xE0, 0x2B, 0x32, 0x3B, 0x84, 0x74, 0xC6, 0x0E, 0xA7, 0x00, 0xA3, 0x1E,
    0x05, 0x8B, 0x59, 0x10, 0xBD, 0x11, 0x2C, 0xAC, 0x60, 0xE2, 0x04, 0xE1, 0x58, 0x17, 0xA9, 0xCD,
    0x69, 0x40, 0xF2, 0xAB, 0xF4, 0x55, 0x0B, 0x54, 0x35, 0x1C, 0x50, 0x8E, 0x82, 0xD9, 0x7C, 0xD5,
    0x8A, 0x97, 0xFB, 0xFF, 0x1C, 0xFF, 0xB8, 0xBE, 0x75, 0xE2, 0x5B, 0x16, 0xC4, 0x37, 0x15, 0xD8,
    0xB7, 0x84, 0x3A, 0xF6, 0x2D, 0xF3, 0xE2, 0xDB, 0xF7, 0x87, 0x8F, 0xE7, 0x1B, 0xFF, 0x69, 0x6A,
    0xFB, 0xD7, 0x11, 0x00, 0x0F, 0xC1, 0x13, 0x40, 0xD1, 0x58, 0xD0, 0x58, 0xDE, 0xAD, 0x15, 0xB0,
    0x5D, 0xFF, 0xFE, 0xA3, 0x82, 0x2E, 0xEF, 0x36, 0x39, 0xCD, 0x20, 0x97, 0xCA, 0x12, 0x63, 0xFD,
    0x4B, 0xCF, 0xFE, 0x1B, 0xF8, 0xA0, 0xF2, 0xF1, 0xBB, 0xAF, 0x86, 0x2C, 0xB0, 0xB9, 0xEA, 0x11,
    0x8D, 0xD4, 0x80, 0xA6, 0x01, 0xD8, 0xE6, 0x72, 0x34, 0x61, 0xE8, 0x24, 0x46, 0x0F, 0xA7, 0x8F,
    0x6C, 0x62, 0x7B, 0x6A, 0x33, 0xAB, 0xBD, 0xB8, 0x26, 0x6B, 0x2B, 0x36, 0x5D, 0x00, 0xAA, 0x15,
    0xCF, 0xCE, 0x1E, 0x3C, 0xD6, 0x55, 0x8D, 0x82, 0x1B, 0x9A, 0x1C, 0xF8, 0x75, 0x3A, 0x80, 0xE3,
    0x73, 0x4B, 0xC7, 0x00, 0x1C, 0x39, 0x56, 0xB4, 0x48, 0xEE, 0x8B, 0xCD, 0xEE, 0x70, 0x8E, 0xF5,
    0x34, 0x02, 0xFA, 0x0F, 0x3D, 0x1A, 0x1A, 0xA1, 0xE6, 0x7A, 0x7D, 0x83, 0xC8, 0xCC, 0x06, 0x91,
    0xC9, 0xD5, 0xFB, 0x1A, 0x00, 0xD3, 0x88, 0x9C, 0x75, 0x38, 0x62, 0x49, 0x16, 0x2A, 0x88, 0xAC,
    0xBF, 0x80, 0x68, 0x8E, 0xEB, 0x12, 0x35, 0xAA, 0x51, 0x83, 0x07, 0x83, 0xBD, 0xF7, 0xD9, 0xB8,
    0x8A, 0xFB, 0x8C, 0x4F, 0x68, 0xEE, 0xD0, 0x4C, 0xFB, 0x4F, 0x17, 0x0A, 0xB7, 0x3E, 0x6D, 0x5E,
    0x62, 0xE9, 0x3D, 0x9B, 0xF1, 0x28, 0xEE, 0xBE, 0x29, 0xD7, 0x5A, 0xC4, 0xE4, 0x26, 0xFF, 0x55,
    0x3F, 0x72, 0x37, 0x4E, 0xFE, 0x20, 0xFF, 0x83, 0xCA, 0x71, 0x4F, 0x78, 0x01, 0x1A, 0x88, 0xD6,
    0xCB, 0x7A, 0xCB, 0xDC, 0xDF, 0xEE, 0xD1, 0x50, 0x40, 0x45, 0xA3, 0x8C, 0x2C, 0x70, 0x5A, 0x03,
    0x8A, 0x1B, 0xB9, 0x5B, 0x0A, 0x18, 0xCD, 0x9C, 0xFA, 0x37, 0x64, 0x04, 0x16, 0xB1, 0x97, 0x6C,
    0x32, 0x91, 0x93, 0xEB, 0x6A, 0xB2, 0xD0, 0xEF, 0x4D, 0xF8, 0xAC, 0x6A, 0x6A, 0xDC, 0x2A, 0x4D,
    0xE2, 0xF3, 0x01, 0xDF, 0xCB, 0x06, 0x55, 0xE7, 0x83, 0xBE, 0x13, 0xBF, 0xC5, 0x41, 0x41, 0xCB,
    0x70, 0x43, 0xDF, 0x58, 0x8A, 0x63, 0x1A, 0xF0, 0x14, 0x55, 0x47, 0x5F, 0xA8, 0x3A, 0xD5, 0x5A,
    0x75, 0x9A, 0x0B, 0x55, 0xC7, 0x3E, 0x8B, 0xAA, 0x83, 0x47, 0xB7, 0xA2, 0x5D, 0xB8, 0x34, 0xE7,
    0xF6, 0x7F, 0x0F, 0xD5, 0xE9, 0xCD, 0x58, 0x9D, 0xD2, 0x0B, 0xD5, 0xA9, 0xFE, 0x88, 0xEA, 0x94,
    0xF3, 0x40, 0x60, 0xBF, 0x22, 0x09, 0x02, 0xEB, 0xDE, 0xA3, 0x69, 0x7E, 0x77, 0x4D, 0x73, 0xF6,
    0xC1, 0xB3, 0x29, 0xEE, 0x9F, 0x5F, 0x79, 0xF7, 0x60, 0x3F, 0x9E, 0x2F, 0xD6, 0x34, 0x97, 0x5F,
    0xFA, 0x20, 0xA6, 0xB9, 0xC8, 0xCD, 0x92, 0xE6, 0x6C, 0x49, 0xEA, 0x25, 0xF6, 0x2B, 0xB5, 0x50,
    0x0F, 0xD2, 0xE8, 0x1B, 0x49, 0xE3, 0xF7, 0x69, 0x8A, 0x69, 0xAC, 0xC6, 0x98, 0x46, 0x6D, 0x0B,
    0x33, 0x95, 0x26, 0xF8, 0x6C, 0xD4, 0xF4, 0x96, 0xE5, 0x5A, 0x55, 0xCD, 0x9C, 0x3F, 0xEE, 0x08,
    0xCE, 0xF1, 0x21, 0x8D, 0x63, 0xA4, 0xC4, 0xE6, 0x43, 0xDC, 0xCB, 0x6C, 0xC3, 0x04, 0xCE, 0x5F,
    0x62, 0x5F, 0x06, 0x87, 0xCD, 0x53, 0x84, 0x19, 0xD9, 0xF8, 0xF2, 0x66, 0x19, 0xCF, 0x97, 0x5F,
    0x8A, 0x69, 0xC4, 0x5C, 0xBF, 0x78, 0x21, 0x8D, 0x87, 0x22, 0x2F, 0x25, 0xDA, 0x95, 0xD4, 0x32,
    0x3E, 0xFF, 0x14, 0x85, 0xF4, 0x95, 0x4C, 0x50, 0xC7, 0x42, 0x5A, 0x1E, 0x8A, 0x7C, 0x0F, 0x30,
    0x6A, 0x27, 0x98, 0x53, 0xCD, 0x88, 0x66, 0x10, 0xCC, 0xAC, 0x20, 0xDC, 0x82, 0x39, 0xB5, 0xB1,
    0x90, 0x8E, 0xE9, 0xF8, 0xBF, 0x92, 0x94, 0x1D, 0x2E, 0x5B, 0xB8, 0x74, 0x2C, 0x46, 0x09, 0x32,
    0x5D, 0x0A, 0x69, 0xB3, 0x2F, 0xA4, 0x1F, 0xD7, 0xB7, 0x7D, 0x91, 0xEF, 0x97, 0x22, 0xEF, 0xA4,
    0xC8, 0xE7, 0xF4, 0x25, 0x2F, 0xBE, 0xFD, 0x70, 0xF8, 0x78, 0xBE, 0xA5, 0x34, 0xA0, 0x62, 0xD1,
    0xEF, 0xD4, 0x38, 0x96, 0xD8, 0xD7, 0x0A, 0xA9, 0x59, 0xCA, 0x0F, 0x97, 0x1A, 0x95, 0x9F, 0xBD,
    0x76, 0xF8, 0x3C, 0x3B, 0x4A, 0x5E, 0x97, 0xA6, 0x34, 0xC5, 0xFA, 0x4D, 0xE4, 0xF2, 0x0D, 0x26,
    0x90, 0x38, 0x16, 0x0B, 0xFC, 0x03, 0x73, 0x98, 0xAE, 0xE1, 0x66, 0x43, 0x35, 0xAA, 0x80, 0x43,
    0xF5, 0xDF, 0x3E, 0x45, 0xF5, 0xFF, 0xEE, 0xD3, 0x57, 0xFF, 0xF5, 0xAE, 0x09, 0xC0, 0xD2, 0xAA,
    0x08, 0x3D, 0x0D, 0x7F, 0x7E, 0xCD, 0x46, 0x57, 0xD6, 0xAF, 0xB4, 0x93, 0x7E, 0xC8, 0xC9, 0x64,
    0xBF, 0x1C, 0x91, 0xDA, 0xF5, 0x60, 0xE2, 0x6E, 0x65, 0x96, 0xFA, 0x91, 0x7D, 0xD7, 0x67, 0x48,
    0x5D, 0xF4, 0x5E, 0xB7, 0x97, 0xCB, 0x59, 0xA7, 0x93, 0x06, 0x2E, 0x3F, 0xC3, 0xBA, 0xDF, 0x22,
    0x16, 0x01, 0x56, 0x01, 0xBE, 0x7A, 0x78, 0x61, 0x21, 0x8C, 0xC6, 0x23, 0x21, 0x8F, 0x8C, 0xF3,
    0x9B, 0x0F, 0xEB, 0x1B, 0xAE, 0x21, 0x37, 0xA9, 0x63, 0xE3, 0x34, 0xD7, 0x62, 0x3F, 0x3E, 0x03,
    0xEA, 0x27, 0x3D, 0x03, 0xA6, 0xE5, 0x19, 0xE0, 0x01, 0x9C, 0xF2, 0x35, 0x95, 0x83, 0xCE, 0xDD,
    0x72, 0x6D, 0x15, 0x90, 0x50, 0xE0, 0x6B, 0xBF, 0x71, 0xB8, 0xF6, 0x98, 0x8F, 0xE9, 0x7D, 0xB2,
    0xF2, 0x1C, 0xE8, 0xE5, 0xDA, 0xEF, 0x05, 0xBC, 0xA4, 0x1B, 0x20, 0x54, 0x6D, 0x6A, 0x0B, 0x83,
    0xB1, 0x30, 0x5B, 0x94, 0xA6, 0xBF, 0xDD, 0xB4, 0x0D, 0x11, 0x2A, 0x72, 0x80, 0x07, 0x70, 0xC2,
    0xD7, 0xAE, 0x02, 0x74, 0xEA, 0x97, 0x6B, 0x03, 0x78, 0x81, 0x8F, 0x61, 0xD3, 0x1B, 0x86, 0x4A,
    0x20, 0x1B, 0x2E, 0xB5, 0x0C, 0xB9, 0x79, 0x18, 0xEE, 0x72, 0x1D, 0x2A, 0x88, 0x6B, 0x7E, 0x49,
    0xB7, 0xF8, 0x83, 0x83, 0x76, 0x03, 0x22, 0x6C, 0xA0, 0x1C, 0x03, 0xF0, 0x5B, 0x40, 0x6E, 0xC0,
    0xB2, 0x2E, 0xC9, 0x96, 0x75, 0x71, 0xD5, 0x97, 0x35, 0x10, 0x04, 0x76, 0x02, 0x9B, 0xF3, 0xF0,
    0x32, 0x8E, 0xCB, 0x5A, 0xA3, 0x2B, 0x6B, 0xF5, 0xA3, 0xC0, 0xCA, 0xD2, 0x23, 0xA1, 0x56, 0xCE,
    0xE2, 0xA3, 0x01, 0x28, 0xA6, 0xC4, 0x6A, 0x96, 0xF9, 0x2B, 0x89, 0xF5, 0x58, 0x24, 0xB0, 0x68,
    0x4A, 0x6C, 0xC5, 0xA2, 0xDA, 0xC4, 0x6E, 0x21, 0x92, 0x5A, 0x8D, 0xC2, 0xAA, 0xDB, 0x3D, 0x07,
    0x23, 0x49, 0xFC, 0x99, 0x05, 0x92, 0x0B, 0x02, 0xA8, 0x19, 0xEC, 0x0B, 0x99, 0xB2, 0xE6, 0x1F,
    0x0E, 0x6C, 0x23, 0x15, 0x80, 0xDB, 0x43, 0x22, 0x90, 0xF1, 0x31, 0xF5, 0xDE, 0x20, 0x7A, 0x35,
    0xB7, 0x3C, 0x74, 0x8D, 0xF9, 0xCA, 0xFE, 0x7B, 0xB5, 0x9C, 0xBE, 0xFC, 0x5B, 0x7C, 0xCE, 0x89,
    0x9D, 0x2A, 0xD9, 0x07, 0xFB, 0xFC, 0xD5, 0x20, 0x66, 0x23, 0x1C, 0xA7, 0x0C, 0xDB, 0x6B, 0x0C,
    0x9A, 0x16, 0x78, 0x05, 0xC7, 0x1C, 0x08, 0x3A, 0x8E, 0xE4, 0x47, 0xAC, 0x52, 0x48, 0x0F, 0xF4,
    0x2D, 0x03, 0xF0, 0xD1, 0xB0, 0xAE, 0x9A, 0x9D, 0xE2, 0x9A, 0xE5, 0xFE, 0x98, 0x4B, 0x96, 0xDC,
    0x49, 0x0C, 0xE9, 0xA3, 0xB0, 0x93, 0x13, 0x3D, 0xD7, 0x2A, 0xAF, 0xB8, 0x8C, 0xC6, 0x2A, 0x1A,
    0x57, 0xCA, 0x7A, 0x64, 0x58, 0xD6, 0xC9, 0xFD, 0xC8, 0x90, 0x7B, 0x06, 0x04, 0x81, 0xCD, 0x02,
    0x00, 0x3A, 0x81, 0xCF, 0xE3, 0xFC, 0x96, 0x9B, 0x87, 0xA5, 0x30, 0x39, 0x91, 0x51, 0x2C, 0x7D,
    0x9D, 0x9B, 0xC0, 0xC7, 0xFC, 0x2A, 0xD2, 0x3E, 0x66, 0xD1, 0x2C, 0x25, 0x4F, 0xB8, 0xCC, 0xB1,
    0xBE, 0x3D, 0xF4, 0xAD, 0x1C, 0x5C, 0x33, 0xC1, 0x4D, 0x0D, 0x9C, 0x57, 0x70, 0x81, 0xE5, 0x96,
    0x86, 0x7B, 0xF9, 0x14, 0x2E, 0x0F, 0x7C, 0x6E, 0x84, 0xEB, 0x6B, 0x38, 0xEE, 0xEF, 0xAA, 0xDB,
    0x8D, 0x2B, 0x88, 0x1C, 0xFA, 0x3B, 0x0E, 0xC0, 0xA3, 0xB2, 0x6E, 0xA9, 0x01, 0x2A, 0x93, 0xB5,
    0x17, 0xBF, 0x12, 0x94, 0xB6, 0xA6, 0x6C, 0xA8, 0xE6, 0x6C, 0x50, 0x7F, 0x7F, 0xF8, 0x52, 0x50,
    0xA3, 0x1C, 0x78, 0xCA, 0x0C, 0x25, 0xD1, 0x90, 0xD2, 0x2F, 0x1E, 0xF3, 0x9E, 0x38, 0xDD, 0x2F,
    0x5B, 0xEA, 0xC7, 0x09, 0x11, 0x45, 0x91, 0x09, 0xD5, 0xB0, 0x54, 0x2C, 0x89, 0x9C, 0xFB, 0x48,
    0x41, 0x7D, 0x02, 0xAE, 0xA2, 0x86, 0x07, 0x9E, 0x25, 0x1B, 0x2E, 0xC8, 0xB8, 0x0A, 0xFF, 0x8B,
    0x5F, 0x01, 0x11, 0x59, 0xA8, 0xFB, 0x16, 0x48, 0x9E, 0x20, 0xFB, 0xED, 0xA6, 0xD4, 0xA7, 0xC0,
    0x50, 0x8D, 0x0C, 0x1A, 0x0C, 0x1D, 0xFE, 0x5A, 0xA2, 0xDF, 0x49, 0x1A, 0x22, 0x74, 0x02, 0xA7,
    0xD7, 0xF9, 0x04, 0x87, 0xAC, 0xAF, 0xFE, 0xE6, 0x37, 0x43, 0x45, 0x63, 0xC6, 0xC1, 0xD7, 0x12,
    0x2D, 0x3E, 0x02, 0xA4, 0xAC, 0x6F, 0x4A, 0x72, 0xD8, 0xE8, 0x6F, 0x05, 0x6C, 0x6E, 0x61, 0x8B,
    0x4D, 0x80, 0xC2, 0xC6, 0x2F, 0x50, 0x31, 0xA4, 0x44, 0x93, 0xCF, 0x18, 0xBA, 0x94, 0xB0, 0xD9,
    0x82, 0x41, 0xE3, 0x32, 0x77, 0x93, 0x22, 0x94, 0x5B, 0x86, 0x34, 0x30, 0xE0, 0xA6, 0xC0, 0x0B,
    0x8F, 0x96, 0x14, 0x00, 0xF5, 0x29, 0xC7, 0x44, 0x4F, 0xCA, 0x0D, 0x8B, 0x5E, 0xBF, 0x34, 0xD0,
    0x63, 0x6A, 0x15, 0xEF, 0x17, 0x26, 0xF9, 0xC8, 0xDC, 0xF4, 0x03, 0x5C, 0xE3, 0xE0, 0xE2, 0x67,
    0x92, 0xC7, 0x2C, 0x9B, 0x95, 0x79, 0xBF, 0xE0, 0xE3, 0x8A, 0xCF, 0x97, 0x6D, 0xCA, 0xED, 0xCA,
    0xB1, 0xFF, 0x0E, 0xCB, 0xE7, 0x8F, 0x4F, 0x12, 0xE0, 0x3F, 0xC8, 0xB7, 0x8C, 0xF1, 0xE6, 0xD9,
    0x71, 0xDF, 0x9D, 0x06, 0x76, 0x1D, 0x92, 0xE0, 0x2F, 0x51, 0xF0, 0x8A, 0xA5, 0xBA, 0xB1, 0xF3,
    0x7C, 0x2C, 0xB0, 0x9C, 0xB0, 0xE8, 0xDB, 0x6F, 0xEE, 0x4A, 0xF2, 0xBB, 0x84, 0xEE, 0xEC, 0x00,
    0x5C, 0x94, 0xCF, 0xAD, 0x63, 0x97, 0xCE, 0xC8, 0x43, 0x49, 0xA6, 0x1A, 0xD5, 0xBB, 0xA3, 0xC6,
    0x36, 0xB3, 0x1D, 0x78, 0x6D, 0x16, 0xE4, 0xF9, 0xEB, 0x1F, 0x86, 0x4E, 0x6A, 0x86, 0xFE, 0x62,
    0xE0, 0x1C, 0x49, 0xCD, 0xC8, 0xC9, 0x3C, 0x55, 0xCD, 0x38, 0x7F, 0x03, 0xA7, 0xF4, 0x63, 0x53,
    0xD1, 0x3F, 0x1A, 0xDD, 0x3E, 0x7C, 0xD3, 0x8A, 0x04, 0x54, 0xA6, 0x79, 0x87, 0xF8, 0x3C, 0x89,
    0x9E, 0xE8, 0x3F, 0x41, 0x18, 0x67, 0x54, 0x15, 0xAB, 0xF2, 0x6A, 0xA8, 0x62, 0x6F, 0x2B, 0x0D,
    0x57, 0xA9, 0xC1, 0x55, 0x85, 0x73, 0x15, 0xFE, 0x87, 0xAD, 0x90, 0x8F, 0xD5, 0x69, 0xC3, 0x97,
    0x62, 0xBD, 0xDE, 0xA2, 0x4A, 0x59, 0x10, 0x58, 0xB6, 0x2C, 0xD5, 0x50, 0xA1, 0x08, 0x15, 0x12,
    0x5F, 0x01, 0x10, 0x79, 0x7E, 0xB9, 0x39, 0xE0, 0x7A, 0x03, 0xF7, 0xA2, 0x83, 0xCB, 0x66, 0x96,
    0x0F, 0x8D, 0xE3, 0x8F, 0xE5, 0x5C, 0x36, 0x9C, 0xBA, 0x6C, 0xAC, 0x58, 0x32, 0x97, 0xD9, 0xD4,
    0x25, 0x67, 0x47, 0x0E, 0x32, 0x60, 0xEA, 0xA3, 0x07, 0x4C, 0xCD, 0xC8, 0x06, 0x8E, 0x25, 0x1B,
    0xF8, 0x43, 0xAF, 0x6C, 0x40, 0x2A, 0x00, 0x77, 0x80, 0x62, 0x40, 0x46, 0x34, 0xA0, 0x60, 0xE8,
    0x7B, 0x23, 0xCA, 0xDC, 0xA3, 0xB7, 0x0C, 0xA9, 0x63, 0x40, 0x10, 0xD0, 0x02, 0xD5, 0x1D, 0x86,
    0x8C, 0x18, 0xD0, 0x0B, 0x20, 0x42, 0xDA, 0xE6, 0xB3, 0x2C, 0x9E, 0x89, 0xCB, 0x9C, 0xBE, 0x66,
    0x73, 0xB3, 0x4B, 0xF7, 0xA0, 0xB3, 0x91, 0x4F, 0x7C, 0x68, 0x0A, 0x53, 0xD0, 0x5F, 0xF4, 0x0C,
    0xEC, 0x88, 0x7E, 0x97, 0x7E, 0x69, 0x6E, 0x21, 0xA6, 0x5B, 0x20, 0xB9, 0xC1, 0x49, 0xCF, 0x58,
    0xB9, 0xBF, 0xCA, 0xA0, 0x89, 0x21, 0xA7, 0x20, 0x09, 0xEE, 0xFF, 0x96, 0x41, 0x31, 0x9C, 0xDF,
    0xE4, 0x2C, 0xD7, 0xDA, 0x8A, 0x44, 0x39, 0x9F, 0xAF, 0x99, 0x2D, 0x1A, 0x62, 0x28, 0xC8, 0xA8,
    0x56, 0x8A, 0xAD, 0x9C, 0x4D, 0xE5, 0x2C, 0x8A, 0xC0, 0x80, 0x5B, 0x02, 0x9B, 0xDC, 0xFC, 0x19,
    0x8E, 0xD9, 0xC6, 0xB7, 0xF8, 0x58, 0x43, 0x2E, 0x67, 0x5F, 0x78, 0xF0, 0x93, 0x89, 0x95, 0xD1,
    0x8C, 0xA2, 0xCC, 0xF0, 0xBB, 0x2F, 0x1E, 0xEA, 0x0D, 0x68, 0x7E, 0x74, 0xF1, 0x90, 0x8E, 0x0C,
    0x99, 0x5D, 0x5A, 0x87, 0x13, 0xB8, 0x44, 0xED, 0xBA, 0x78, 0x78, 0xFE, 0xDC, 0xE2, 0xE1, 0xF8,
    0xFC, 0xBA, 0xE1, 0x39, 0x81, 0x6D, 0x5C, 0x37, 0xBC, 0x15, 0x44, 0xD9, 0xC9, 0xBA, 0x61, 0x78,
    0xF4, 0xA1, 0x5B, 0xB4, 0x0C, 0xA5, 0xD9, 0xB7, 0xE4, 0x58, 0x31, 0x27, 0x56, 0xB3, 0xCC, 0xAF,
    0x7F, 0x8C, 0x75, 0xC3, 0x65, 0x16, 0x2D, 0x7C, 0x7E, 0xDD, 0xF0, 0xE9, 0x6B, 0x76, 0xBF, 0x50,
    0x40, 0x84, 0xC7, 0x2E, 0x19, 0x54, 0x8D, 0x10, 0xBF, 0xD1, 0xBD, 0x4A, 0x35, 0x14, 0x31, 0x64,
    0xF4, 0xE5, 0x27, 0xBB, 0x7B, 0xE9, 0xB7, 0x2F, 0x19, 0x3E, 0x21, 0xB0, 0xC1, 0x2D, 0x8E, 0xE1,
    0xAD, 0x20, 0xCA, 0x3E, 0xB1, 0x29, 0x0D, 0x8F, 0xDE, 0xEA, 0x45, 0xCB, 0x50, 0x9A, 0x7D, 0x4B,
    0x8E, 0x2D, 0xAB, 0x85, 0xEA, 0x29, 0x57, 0x0B, 0xF2, 0xFA, 0x2A, 0xBE, 0x59, 0xF3, 0xB2, 0x5A,
    0x08, 0x00, 0x76, 0x4D, 0xCB, 0xA0, 0x3C, 0xC3, 0xF2, 0x0A, 0x54, 0x59, 0x86, 0x34, 0x30, 0xE0,
    0x96, 0xC0, 0x46, 0xE0, 0x18, 0x48, 0xC7, 0x0E, 0xC8, 0xEC, 0x67, 0xA5, 0xF5, 0x14, 0x4B, 0x86,
    0xA6, 0x7E, 0xB4, 0xFA, 0x74, 0x2C, 0x9A, 0xA5, 0x32, 0x3C, 0x43, 0x2D, 0x4F, 0x64, 0x16, 0xD4,
    0xFB, 0xBE, 0x69, 0x8B, 0x9B, 0x00, 0x02, 0x20, 0xFC, 0xC4, 0x25, 0xC4, 0xAD, 0xA7, 0x5C, 0x42,
    0xDC, 0x64, 0x09, 0x0B, 0x9F, 0xF7, 0x56, 0x71, 0x0D, 0x68, 0xEA, 0x87, 0x97, 0x10, 0x1D, 0x8B,
    0x9E, 0xB3, 0xA1, 0x9A, 0x98, 0xEB, 0xFD, 0x12, 0x22, 0x1F, 0x74, 0xDB, 0x3C, 0xBC, 0x7C, 0xB8,
    0xC9, 0x12, 0x56, 0x91, 0x36, 0x9E, 0x7E, 0xF9, 0xA0, 0x58, 0x2E, 0xD5, 0x0F, 0xEB, 0xA4, 0x63,
    0x59, 0x67, 0x76, 0x61, 0xD9, 0xFF, 0xFF, 0xCD, 0x99, 0x81, 0x8B, 0x27, 0xC7, 0x95, 0xDF, 0xBF,
    0xDD, 0xB5, 0xDE, 0x96, 0xD5, 0x9C, 0x5A, 0x80, 0xCF, 0x90, 0xC8, 0xE7, 0x56, 0x40, 0x80, 0x43,
    0x74, 0x53, 0x07, 0x18, 0x50, 0x60, 0x7F, 0x53, 0x2D, 0x99, 0xC3, 0x40, 0x00, 0x1B, 0xF0, 0xAD,
    0x6C, 0x16, 0x58, 0x03, 0x06, 0x0C, 0x24, 0x8C, 0x81, 0x00, 0x01, 0x7A, 0xB6, 0xDB, 0x5A, 0xC0,
    0x01, 0x13, 0xB2, 0x07, 0x59, 0x1B, 0x38, 0x40, 0x26, 0xFF, 0x80, 0x05, 0x04, 0x98, 0x83, 0xDF,
    0x4C, 0x97, 0x23, 0xC0, 0xC0, 0x01, 0xEE, 0xE3, 0xD0, 0x19, 0x30, 0x90, 0xCE, 0xDD, 0x6E, 0x2E,
    0x60, 0x40, 0xA5, 0x73, 0xAD, 0x53, 0x63, 0x55, 0xF7, 0xCB, 0x7B, 0xDD, 0xFD, 0xDB, 0xF9, 0xED,
    0x8E, 0x58, 0x5B, 0xB2, 0x24, 0x6B, 0x76, 0xDF, 0xE7, 0xD5, 0xF0, 0xAB, 0xAE, 0x7A, 0x55, 0xFD,
    0xDE, 0xAB, 0xF7, 0xAB, 0x01, 0x50, 0xDD, 0x42, 0xE2, 0x3A, 0x9B, 0xB8, 0x92, 0x45, 0xF5, 0x8F,
    0xC9, 0xB0, 0x0A, 0xFF, 0x4B, 0xCF, 0x8F, 0x1C, 0x88, 0x1C, 0xF4, 0x6F, 0x1C, 0x90, 0x2C, 0x72,
    0xC0, 0x62, 0x56, 0x0D, 0x91, 0xDD, 0xCF, 0x16, 0xAA, 0xCF, 0x22, 0xA3, 0x1C, 0x18, 0x06, 0x8C,
    0x2D, 0xBE, 0xA5, 0xFA, 0x88, 0x5A, 0xF5, 0x61, 0xC1, 0x56, 0x70, 0x76, 0x93, 0x3F, 0x20, 0xEA,
    0xCD, 0x2B, 0xEF, 0xBE, 0xDB, 0x6B, 0x72, 0xFC, 0x18, 0xB5, 0xAA, 0x07, 0xF0, 0x08, 0xD2, 0x81,
    0xA1, 0xDC, 0xDA, 0x4A, 0xA9, 0xC5, 0xA6, 0x20, 0x8F, 0x8D, 0xF9, 0x41, 0xC4, 0xE6, 0x14, 0x87,
    0xD8, 0x44, 0x68, 0x6C, 0xC2, 0x82, 0x92, 0x91, 0x12, 0x8D, 0x51, 0x31, 0xB6, 0x09, 0x61, 0x73,
    0x88, 0x0E, 0x1B, 0x5D, 0xFD, 0x0B, 0x7E, 0xAC, 0x07, 0x36, 0x2A, 0x30, 0x10, 0x05, 0x7F, 0x96,
    0xB7, 0x1B, 0xA0, 0xB0, 0x3B, 0xCC, 0xBF, 0xA2, 0x3A, 0x43, 0xE2, 0xE8, 0x3D, 0xB7, 0x65, 0x11,
    0x43, 0xE4, 0x3A, 0x96, 0x66, 0x48, 0x9D, 0xE6, 0xDF, 0x73, 0xBB, 0x6E, 0xC1, 0xE5, 0xAD, 0xE1,
    0x3E, 0xA8, 0x4D, 0x44, 0xFD, 0xC7, 0x67, 0xA8, 0x61, 0x58, 0xF4, 0x2A, 0xB7, 0x50, 0x67, 0x11,
    0x75, 0xC9, 0x9F, 0x17, 0x16, 0x51, 0xF9, 0x3C, 0x26, 0x44, 0x11, 0x66, 0xAA, 0x01, 0x5C, 0xC8,
    0x01, 0x8B, 0x59, 0x35, 0x00, 0x5C, 0xC5, 0xB7, 0xD1, 0xF1, 0xB3, 0x54, 0xCD, 0xCF, 0x1A, 0xA0,
    0xDE, 0x02, 0xDB, 0x98, 0x74, 0x31, 0x14, 0xC4, 0x72, 0xAF, 0x0E, 0x40, 0x1D, 0x59, 0x8E, 0x59,
    0xCC, 0x9D, 0xE7, 0xEB, 0x82, 0x42, 0x9D, 0xB2, 0x00, 0x58, 0x24, 0x6F, 0x6B, 0x14, 0x76, 0xD1,
    0x00, 0x80, 0x93, 0x74, 0x42, 0x16, 0x0B, 0xB2, 0xE5, 0xA0, 0xFF, 0x6A, 0x30, 0x38, 0x54, 0x6E,
    0x8B, 0xC3, 0xD4, 0x45, 0x6C, 0x12, 0x17, 0x1E, 0xC5, 0x16, 0x5B, 0xDE, 0x82, 0x57, 0x22, 0xEF,
    0x0F, 0xB9, 0xC4, 0x65, 0x34, 0xAF, 0x1E, 0xFB, 0xE0, 0x81, 0x19, 0x85, 0xDD, 0xB5, 0x00, 0x00,
    0x99, 0x15, 0x49, 0xE9, 0xE7, 0xB6, 0xA4, 0x9F, 0x5A, 0xD3, 0x66, 0x76, 0xCB, 0xBF, 0x87, 0x3D,
    0x89, 0xFC, 0x48, 0xF3, 0x72, 0x67, 0x35, 0x91, 0xCD, 0xB8, 0x1F, 0x90, 0x5D, 0xC8, 0x09, 0x4B,
    0x5C, 0xB5, 0x8C, 0x36, 0xA1, 0x2C, 0xD9, 0x5E, 0x73, 0x63, 0x28, 0xD9, 0xD0, 0xD2, 0xC0, 0x97,
    0xBA, 0xF7, 0x65, 0xEE, 0x7C, 0x89, 0xFF, 0xEE, 0x4A, 0x64, 0x43, 0x79, 0xD6, 0xF0, 0x54, 0xDC,
    0xAF, 0x73, 0x28, 0x53, 0x16, 0x04, 0x96, 0x5B, 0x2C, 0xBA, 0x2F, 0x91, 0xC7, 0x12, 0x49, 0x28,
    0xD3, 0x01, 0xA5, 0x72, 0x00, 0x6B, 0x2C, 0x21, 0x01, 0xDF, 0x59, 0xF8, 0xE7, 0x3C, 0xBC, 0x9A,
    0x58, 0xDE, 0xB6, 0x5E, 0xFD, 0x9D, 0xF7, 0xAA, 0x3F, 0xF3, 0x6A, 0x28, 0x59, 0x94, 0xE7, 0x80,
    0xF0, 0xC9, 0xF9, 0x91, 0x07, 0x91, 0x87, 0x0E, 0x1E, 0xC0, 0x22, 0x07, 0x2C, 0x66, 0xD5, 0x98,
    0x05, 0x7A, 0x44, 0x66, 0x89, 0x78, 0xB5, 0x7F, 0x7D, 0xB3, 0xCF, 0x2C, 0x94, 0x63, 0xA4, 0x7B,
    0x28, 0x2D, 0x14, 0x91, 0x45, 0xC1, 0x38, 0x93, 0x7E, 0x34, 0xF1, 0x13, 0xDD, 0xC0, 0x48, 0x1D,
    0x03, 0x41, 0x70, 0x28, 0x28, 0xEF, 0x31, 0xB2, 0x89, 0x81, 0x33, 0xFE, 0x54, 0xBA, 0x88, 0xE9,
    0x3B, 0xDB, 0x81, 0x67, 0x6F, 0x31, 0x36, 0x9D, 0x65, 0x94, 0x02, 0xD5, 0x5F, 0x6D, 0x19, 0x99,
    0x7D, 0x14, 0xF7, 0x47, 0x35, 0xE4, 0x34, 0x2A, 0x57, 0xD0, 0x29, 0x87, 0x76, 0xBB, 0x01, 0x11,
    0x4E, 0xA1, 0x43, 0x36, 0x2E, 0x16, 0x23, 0x25, 0x09, 0x89, 0xC0, 0xD0, 0x96, 0xF1, 0x0C, 0x18,
    0x58, 0x80, 0x8C, 0xAA, 0xA2, 0x2A, 0xC8, 0x15, 0x55, 0xFE, 0x6A, 0x28, 0x2A, 0x20, 0x0A, 0x6A,
    0xC1, 0x66, 0x1F, 0x2F, 0xE2, 0xB8, 0xA8, 0x0C, 0xB6, 0x45, 0xA5, 0xFF, 0x3E, 0x72, 0x67, 0x79,
    0x22, 0xA1, 0xB6, 0xA9, 0x00, 0x45, 0x0C, 0xFD, 0x76, 0x85, 0x94, 0xB8, 0x73, 0x1E, 0x18, 0xCA,
    0x32, 0x80, 0x19, 0x40, 0x3E, 0xB2, 0x8B, 0xB1, 0x4C, 0x5F, 0x13, 0xA7, 0x5B, 0x24, 0xB2, 0x18,
    0x62, 0xAF, 0x63, 0xD1, 0xEC, 0x55, 0x87, 0x10, 0x49, 0x9D, 0x41, 0xEE, 0xF4, 0x5B, 0x9D, 0x2B,
    0x88, 0x5C, 0x4A, 0xEF, 0x38, 0x98, 0xEF, 0xBA, 0x94, 0x9F, 0x2D, 0xD8, 0x39, 0xC5, 0xFB, 0x12,
    0x00, 0x7A, 0x02, 0xDB, 0x42, 0x3C, 0xC7, 0xBF, 0xBE, 0xC1, 0x66, 0x20, 0x15, 0xC0, 0xEF, 0x90,
    0x08, 0x94, 0x63, 0x4B, 0x5F, 0xEF, 0xA5, 0x5F, 0xC5, 0xAD, 0x00, 0x53, 0x61, 0x4A, 0xA9, 0x82,
    0x21, 0x46, 0x46, 0xFF, 0x95, 0x1F, 0x1B, 0xB9, 0x9F, 0x1E, 0x18, 0xD2, 0x05, 0x11, 0x8C, 0x67,
    0x05, 0xCB, 0xBE, 0xF0, 0x64, 0x85, 0x84, 0xC4, 0xD3, 0xAF, 0x72, 0x70, 0x00, 0x33, 0x8E, 0x53,
    0xC6, 0xE1, 0x0D, 0x86, 0xA1, 0x05, 0xD7, 0x70, 0xCC, 0x0B, 0x91, 0x20, 0x2A, 0xFF, 0x9E, 0xBB,
    0xE4, 0x6C, 0xB5, 0x43, 0xD7, 0xE6, 0x0E, 0x40, 0xC7, 0xC8, 0x27, 0x46, 0xF3, 0xBF, 0x1D, 0x92,
    0x49, 0x06, 0xF0, 0x02, 0xCC, 0x00, 0x7C, 0x3E, 0xA2, 0xF6, 0x9A, 0xDA, 0xDA, 0xFF, 0xD1, 0xCD,
    0xBE, 0xF6, 0x50, 0x8E, 0x91, 0x5E, 0x46, 0xAD, 0x18, 0xDD, 0x8D, 0xA1, 0x0E, 0x9A, 0xEC, 0x36,
    0xA6, 0x93, 0x8A, 0x67, 0x80, 0x8E, 0x66, 0x48, 0x69, 0x9B, 0x4F, 0x2A, 0xD4, 0xE8, 0xFE, 0xA1,
    0xAF, 0x91, 0x05, 0xD4, 0x40, 0x14, 0x6C, 0x16, 0x00, 0xD8, 0x0A, 0x5E, 0xC2, 0xC3, 0x9F, 0x6A,
    0xE7, 0xE0, 0x9A, 0x2A, 0xDF, 0xD0, 0xE0, 0x5F, 0xCA, 0xBC, 0x07, 0x4E, 0x59, 0xF4, 0x22, 0x09,
    0x79, 0xE4, 0xC1, 0xA3, 0xEB, 0xE7, 0xA0, 0x49, 0x3D, 0x3C, 0x5A, 0x16, 0x5C, 0x96, 0xD2, 0xC3,
    0x37, 0x23, 0xFC, 0xD8, 0xC0, 0x07, 0x0D, 0x1F, 0x59, 0x4E, 0x0D, 0xFC, 0x8B, 0x67, 0xF0, 0x59,
    0xE4, 0xCF, 0x06, 0xF8, 0xAE, 0x82, 0x37, 0xC8, 0xBC, 0x7E, 0xAB, 0xF1, 0x05, 0x91, 0x4F, 0x29,
    0x78, 0x18, 0xEB, 0x53, 0x1E, 0xBB, 0x74, 0xF0, 0xC5, 0x6E, 0xEC, 0xF5, 0x27, 0xB5, 0x40, 0x69,
    0x55, 0xDB, 0xF0, 0xE9, 0x21, 0x07, 0x4F, 0x58, 0x45, 0xDA, 0x86, 0x54, 0x5F, 0x4E, 0xAA, 0xD7,
    0xFF, 0x4D, 0xF5, 0x87, 0x58, 0xC4, 0xA0, 0xE8, 0xD9, 0x65, 0x7A, 0x1E, 0xBB, 0x4F, 0xE9, 0x1F,
    0x7B, 0x98, 0xDB, 0x7D, 0x3A, 0xAA, 0xBE, 0x70, 0x2C, 0x3C, 0xC6, 0xA7, 0x90, 0xB6, 0x00, 0x56,
    0x7F, 0xBC, 0x2C, 0x44, 0xB4, 0x08, 0x3B, 0x54, 0xC3, 0x52, 0xB2, 0x24, 0xD0, 0x15, 0x12, 0xAA,
    0x50, 0xB0, 0x74, 0x3F, 0xAB, 0x14, 0xFB, 0x4A, 0xC6, 0x2E, 0x95, 0xB6, 0xCB, 0x33, 0x1F, 0xEC,
    0xBC, 0x9D, 0x1C, 0x4A, 0x76, 0x85, 0x8E, 0xF3, 0x6C, 0x64, 0xEF, 0x1A, 0x58, 0x57, 0x7B, 0xE7,
    0xED, 0x17, 0xC0, 0x07, 0x62, 0x64, 0x14, 0x81, 0x61, 0x5A, 0xC6, 0x2D, 0xE0, 0xD1, 0xA3, 0xF6,
    0xB8, 0x60, 0x74, 0xB4, 0x60, 0x8B, 0xC0, 0xFD, 0x7E, 0xC8, 0x33, 0x96, 0x34, 0x14, 0xBC, 0xF8,
    0xAA, 0xEB, 0x81, 0x8C, 0x18, 0x9A, 0xF7, 0x21, 0xA1, 0x2F, 0x31, 0xB8, 0x0B, 0x70, 0x47, 0x80,
    0xDF, 0xFD, 0xBC, 0x0D, 0xF3, 0x79, 0x9B, 0xCE, 0xE7, 0x2D, 0xC3, 0xE0, 0x80, 0x67, 0xB6, 0x50,
    0x63, 0xE6, 0xA0, 0xC7, 0x34, 0x26, 0xB4, 0xC1, 0x49, 0x1E, 0x36, 0x78, 0xB6, 0xEC, 0xE5, 0xA8,
    0xDD, 0x4F, 0x29, 0xBF, 0xF5, 0xD0, 0xE5, 0x83, 0xB6, 0x59, 0x0F, 0x5D, 0xD3, 0x73, 0x9F, 0x9E,
    0xD3, 0x68, 0xAB, 0x1D, 0x12, 0x72, 0x28, 0xB8, 0x26, 0xE9, 0x7E, 0xE2, 0x20, 0xD1, 0xF2, 0xC6,
    0xC5, 0xDE, 0x74, 0x3D, 0x7C, 0xE3, 0xE1, 0x3F, 0x1B, 0xE1, 0x71, 0xCC, 0xB2, 0x59, 0x75, 0xE4,
    0xE4, 0xEE, 0xE0, 0xB5, 0x85, 0x2F, 0x6C, 0xEA, 0xF3, 0x07, 0x47, 0x5E, 0x11, 0x79, 0x34, 0xD1,
    0xA3, 0x18, 0x3C, 0xBA, 0x6A, 0xF6, 0xC3, 0x62, 0x80, 0xCF, 0xAA, 0x47, 0xFD, 0x0C, 0x0D, 0x6A,
    0x45, 0xA8, 0x8B, 0x80, 0xDA, 0x54, 0xA8, 0x4F, 0xE7, 0x83, 0xF6, 0xDF, 0xC4, 0xA0, 0x89, 0x65,
    0xDA, 0x86, 0x4F, 0x2F, 0x07, 0xEF, 0x2D, 0x16, 0xF3, 0x56, 0x15, 0x0B, 0xFA, 0x9B, 0xE5, 0x50,
    0x57, 0x63, 0x0D, 0xED, 0x6A, 0x34, 0x55, 0x8D, 0x17, 0x51, 0x03, 0xB8, 0x7C, 0xF0, 0x9A, 0xF9,
    0xE0, 0x4D, 0x7F, 0xFB, 0xC1, 0x9B, 0xCA, 0xC1, 0x9B, 0xCB, 0xC1, 0xDB, 0x38, 0x20, 0x25, 0x46,
    0xF9, 0x0E, 0x83, 0xBE, 0xBB, 0x4B, 0x3A, 0xDF, 0xDC, 0xCF, 0x19, 0xBF, 0xDB, 0xE9, 0x9B, 0xDB,
    0x08, 0x6D, 0x9B, 0xBB, 0x74, 0x71, 0xFA, 0x36, 0x99, 0x55, 0x31, 0xB3, 0x7A, 0xC8, 0xAC, 0xA9,
    0x32, 0xFB, 0xB9, 0x75, 0x0C, 0x74, 0xF2, 0x46, 0x28, 0xB0, 0x3B, 0xDE, 0x8F, 0x8C, 0x76, 0xB3,
    0x83, 0x65, 0xFB, 0xD4, 0xAF, 0xF9, 0x03, 0x90, 0x63, 0x34, 0xD3, 0xCB, 0x2E, 0x9B, 0xE4, 0x95,
    0x0D, 0x57, 0xC9, 0x75, 0x15, 0xC8, 0xBD, 0x84, 0xFC, 0x5C, 0xB2, 0x1B, 0xBF, 0x2E, 0x35, 0x25,
    0x0C, 0xC7, 0x40, 0x2B, 0xC0, 0x05, 0xDE, 0xDF, 0x49, 0x9C, 0x8E, 0xEB, 0x49, 0x5C, 0x46, 0x16,
    0x79, 0x81, 0xB8, 0x78, 0x81, 0xD8, 0x3B, 0x89, 0x27, 0xF1, 0x30, 0x71, 0xB1, 0xBF, 0xBE, 0x29,
    0xD3, 0xA6, 0x02, 0x78, 0x41, 0xC8, 0x19, 0x12, 0x6F, 0xA9, 0x20, 0xE7, 0x84, 0x7C, 0xD6, 0xD9,
    0x92, 0x3B, 0x83, 0xED, 0x76, 0xC5, 0xC4, 0xB3, 0x94, 0x7F, 0xEB, 0x10, 0x0B, 0xA9, 0xEB, 0xC0,
    0x28, 0xEE, 0x31, 0x14, 0x31, 0xD0, 0xED, 0xD9, 0xFD, 0x23, 0xC8, 0xB9, 0x4D, 0x03, 0x8A, 0xFB,
    0x5F, 0x45, 0x59, 0x01, 0x25, 0x16, 0x29, 0x5A, 0x20, 0x97, 0x83, 0x9D, 0x88, 0xAB, 0xE2, 0xDC,
    0x19, 0xA8, 0xB0, 0x85, 0x8E, 0x21, 0xA1, 0x6D, 0x28, 0x42, 0x1D, 0x8C, 0xAD, 0xC3, 0x33, 0x52,
    0xC9, 0x2D, 0x15, 0x5D, 0x69, 0x51, 0xE7, 0x01, 0x48, 0x22, 0x80, 0xE7, 0x81, 0x4C, 0x6C, 0xD7,
    0x24, 0xB5, 0xE7, 0x0D, 0x36, 0xBB, 0x4E, 0x77, 0x30, 0x92, 0x32, 0xF4, 0xDB, 0x36, 0x75, 0x39,
    0xBD, 0x7C, 0xC4, 0x90, 0xED, 0xFE, 0x05, 0xFD, 0xDA, 0x9D, 0x01, 0xA9, 0x0B, 0x40, 0xE1, 0x42,
    0x72, 0xA7, 0x73, 0x51, 0xFD, 0x6A, 0x72, 0xDD, 0xAB, 0xBF, 0x7A, 0xC7, 0x19, 0x1A, 0xBE, 0xEB,
    0x32, 0x9A, 0xD7, 0x4D, 0x02, 0xC3, 0xD8, 0xFF, 0x91, 0x2A, 0xBC, 0x92, 0xFC, 0xC0, 0xA1, 0x67,
    0xB2, 0xE9, 0x06, 0x67, 0xCC, 0x86, 0x18, 0x39, 0xF5, 0x5A, 0x12, 0x4C, 0x21, 0x9F, 0xA6, 0xF2,
    0x29, 0xF2, 0xC8, 0xC0, 0xA9, 0x80, 0xEB, 0x8A, 0x3F, 0xC5, 0xB1, 0xEA, 0xBB, 0x1F, 0xC4, 0xBC,
    0x6F, 0xC8, 0x77, 0x7D, 0x4E, 0xDF, 0xA3, 0x1E, 0xE3, 0x57, 0x7E, 0xD5, 0xA3, 0xF9, 0x29, 0xA7,
    0x95, 0xDC, 0xAA, 0xFE, 0x83, 0x17, 0x29, 0xD5, 0xAE, 0x48, 0xF1, 0x73, 0x91, 0x62, 0x76, 0x45,
    0x4A, 0x19, 0x18, 0xE6, 0x52, 0x91, 0x02, 0x9C, 0x08, 0xE2, 0xDA, 0xCA, 0x27, 0x94, 0x9A, 0xFA,
    0xF2, 0x99, 0x1B, 0xAE, 0x04, 0x02, 0x4B, 0x64, 0xD9, 0x3E, 0x94, 0x2F, 0xB2, 0x8C, 0x88, 0xA5,
    0xF9, 0xA1, 0x2F, 0x0B, 0x1A, 0x74, 0x4A, 0x6D, 0x07, 0xE4, 0x04, 0x34, 0x6F, 0x43, 0x4D, 0x25,
    0x0A, 0xA9, 0x28, 0xDB, 0xDD, 0xEB, 0x04, 0xF2, 0x16, 0x28, 0xEC, 0xAC, 0x73, 0x76, 0x64, 0x33,
    0x7D, 0xC0, 0x5A, 0x45, 0x5F, 0xAE, 0x55, 0x70, 0xC0, 0x62, 0x16, 0xAD, 0xC7, 0x87, 0x75, 0xCB,
    0xCD, 0x7E, 0xAD, 0x51, 0x90, 0x3E, 0x8A, 0x8C, 0xEB, 0x11, 0x7D, 0x64, 0xA5, 0x1F, 0xB8, 0xE5,
    0x61, 0x2A, 0x8C, 0x52, 0xB7, 0x34, 0xC4, 0xC8, 0xA5, 0x6E, 0xC9, 0xA4, 0x44, 0x33, 0xDC, 0x2F,
    0x91, 0x2E, 0x08, 0x02, 0x2C, 0x58, 0xD7, 0x82, 0xC2, 0xAE, 0xAD, 0xF4, 0x61, 0x19, 0x93, 0x3D,
    0xB1, 0x8C, 0xF9, 0x53, 0x6C, 0xD6, 0x32, 0xA6, 0xF8, 0x3F, 0x91, 0x3B, 0x3F, 0x5E, 0xC6, 0x64,
    0xBB, 0x32, 0x06, 0x12, 0xE8, 0x4B, 0x66, 0xC6, 0x8C, 0x5D, 0xC5, 0xBA, 0xD6, 0xAE, 0xBB, 0xAA,
    0xA6, 0xFC, 0x1D, 0xAB, 0x9A, 0x46, 0xAA, 0x9A, 0x92, 0xEC, 0x36, 0x48, 0x55, 0x13, 0x01, 0x1D,
    0x9B, 0x36, 0xA1, 0xA8, 0x83, 0x8A, 0x75, 0x4A, 0xAF, 0xF5, 0x92, 0x6A, 0x51, 0x23, 0x8D, 0x0C,
    0x9C, 0x0A, 0x36, 0x82, 0x63, 0x99, 0x6C, 0x2B, 0xD3, 0xBE, 0xB0, 0x57, 0x32, 0x8B, 0x4D, 0x22,
    0x9A, 0xAD, 0xEC, 0xE8, 0x27, 0xEE, 0xA5, 0x5C, 0x52, 0xE9, 0xC4, 0x62, 0x16, 0x91, 0xFC, 0x5A,
    0x3C, 0x98, 0x8F, 0x18, 0x49, 0x59, 0x73, 0xC6, 0x6A, 0xDF, 0xFB, 0xBB, 0xDE, 0x7B, 0x95, 0x36,
    0x67, 0xFB, 0xA5, 0x8D, 0xDB, 0x2B, 0x6D, 0xEE, 0x2F, 0xA5, 0x4D, 0x42, 0xC1, 0x43, 0xF7, 0x3E,
    0x25, 0xF8, 0xC2, 0xB3, 0x58, 0xF8, 0xA7, 0xF7, 0xB2, 0xD6, 0x9E, 0x37, 0x2C, 0xD6, 0x0E, 0x40,
    0xE9, 0x54, 0x6B, 0x7A, 0xD5, 0x8F, 0x97, 0x4A, 0x9D, 0x2F, 0x71, 0xD8, 0xAA, 0x5E, 0xDF, 0x7D,
    0xEF, 0x52, 0x27, 0x21, 0x8E, 0x45, 0x7D, 0xBB, 0x4F, 0x76, 0xA5, 0x8E, 0xE5, 0xD8, 0xE3, 0x3E,
    0x97, 0xE6, 0x79, 0x42, 0xE9, 0xD3, 0xED, 0x95, 0x3E, 0x1D, 0x8B, 0x61, 0xC9, 0x2B, 0xF9, 0xAC,
    0xAB, 0xA4, 0xAE, 0x97, 0xB2, 0x3E, 0xA1, 0xAF, 0x54, 0x39, 0xBB, 0x5C, 0xC6, 0x2E, 0x9B, 0xEE,
    0x9E, 0xDD, 0xC5, 0x64, 0x5C, 0xF4, 0xFB, 0x29, 0x87, 0x92, 0xF1, 0xC8, 0xA1, 0x23, 0x87, 0xE7,
    0xCE, 0x1D, 0x24, 0x11, 0x77, 0x1C, 0x2D, 0x72, 0xFE, 0x48, 0xBF, 0xF5, 0x3D, 0x3C, 0x1E, 0x95,
    0x78, 0xE1, 0xA3, 0x2F, 0x8D, 0xDE, 0x3B, 0x7C, 0x7E, 0x7B, 0xB9, 0x04, 0xA2, 0x31, 0x26, 0x8C,
    0x2D, 0xE6, 0x72, 0xA9, 0x91, 0xEB, 0x89, 0xCF, 0x8B, 0x35, 0x50, 0xA3, 0xF2, 0x12, 0xF5, 0x93,
    0x94, 0x4B, 0xD7, 0xA4, 0x5C, 0x42, 0xD1, 0x33, 0xB2, 0x27, 0x24, 0xB7, 0x0F, 0x52, 0x3D, 0xA5,
    0x0F, 0xAB, 0xA7, 0xF3, 0xA5, 0x7A, 0xE2, 0x24, 0x84, 0xEF, 0xB0, 0x40, 0x64, 0xDF, 0x1D, 0x3E,
    0x40, 0x25, 0xD5, 0x49, 0x25, 0xE5, 0x3C, 0x9A, 0x96, 0x0F, 0x67, 0xFE, 0x8C, 0xFB, 0xE4, 0x2D,
    0x7C, 0xF2, 0x04, 0xB7, 0x86, 0x46, 0x9D, 0x4A, 0x65, 0x75, 0x8E, 0xDA, 0xB4, 0x4B, 0x05, 0x15,
    0xF1, 0x5C, 0x0C, 0x39, 0xC5, 0x50, 0xB2, 0x3C, 0x53, 0xCD, 0x95, 0xD5, 0x29, 0xE6, 0xCF, 0x63,
    0x41, 0x3F, 0x8D, 0x29, 0x51, 0x44, 0x4A, 0x5B, 0x14, 0xBE, 0x06, 0x1F, 0xA0, 0x38, 0x44, 0x8D,
    0x2B, 0x2C, 0x98, 0xE5, 0xF2, 0x1C, 0xD8, 0xA6, 0x13, 0xD4, 0x28, 0xD5, 0x96, 0x97, 0x6A, 0xAB,
    0xE2, 0x42, 0xEB, 0xF4, 0xF7, 0xAA, 0xB6, 0x4E, 0x13, 0xC6, 0xF3, 0x4F, 0x48, 0x6D, 0xFB, 0x85,
    0x57, 0xC1, 0x62, 0xEE, 0x7E, 0xF9, 0x3D, 0xAE, 0x3D, 0xCA, 0xBD, 0x6B, 0x8F, 0x5F, 0x5A, 0x98,
    0xEF, 0xD9, 0x64, 0xCC, 0x2C, 0x4F, 0x6A, 0x8D, 0xCD, 0xEC, 0x21, 0xF7, 0x79, 0x6A, 0x1D, 0xE7,
    0xF1, 0x30, 0x7A, 0x42, 0x31, 0x56, 0x73, 0x52, 0x76, 0x91, 0xCF, 0x14, 0xC9, 0xE5, 0x30, 0xE7,
    0x89, 0x4B, 0x89, 0x7E, 0xE3, 0x4A, 0x5F, 0x12, 0x47, 0x1D, 0x3A, 0xB7, 0x81, 0x9A, 0xDC, 0xB3,
    0xD0, 0x92, 0xA3, 0xE9, 0x65, 0x07, 0xC5, 0x9D, 0xD9, 0x68, 0x06, 0x2A, 0x01, 0x56, 0x5C, 0x76,
    0xF3, 0xF7, 0x79, 0x55, 0x22, 0x05, 0x5A, 0xB7, 0x7E, 0x43, 0x2C, 0x7B, 0x0F, 0x82, 0xCF, 0x03,
    0x7C, 0xD1, 0x3F, 0x5A, 0xA0, 0xED, 0x87, 0xEF, 0xC7, 0x50, 0xAC, 0x01, 0xA9, 0x68, 0xE5, 0xD7,
    0xD6, 0xFB, 0xAE, 0xDD, 0x40, 0xDB, 0x90, 0x4B, 0xED, 0xD6, 0xD7, 0xA1, 0x58, 0x6A, 0xB7, 0x43,
    0x16, 0xDD, 0xA2, 0x2E, 0x1C, 0xBE, 0x9D, 0x46, 0x00, 0xFF, 0xF1, 0x31, 0x2F, 0xD4, 0x93, 0x1E,
    0xB0, 0x01, 0x4D, 0x3A, 0x62, 0xA3, 0xCE, 0xBF, 0xFE, 0xA9, 0x8E, 0xD5, 0x00, 0xE8, 0x0B, 0xE5,
    0xA4, 0xFB, 0x06, 0x23, 0x70, 0xC6, 0xAA, 0x21, 0xE2, 0x9E, 0x57, 0x89, 0x88, 0x9F, 0x33, 0xD3,
    0xC8, 0xBD, 0x46, 0xDD, 0x9A, 0x57, 0xC6, 0x1B, 0xE3, 0x15, 0x14, 0xB6, 0xA3, 0x11, 0xC8, 0xFA,
    0x72, 0xDA, 0x00, 0x73, 0x19, 0xB6, 0x41, 0x26, 0xAA, 0xB9, 0x7F, 0x64, 0x59, 0x95, 0x44, 0x60,
    0x95, 0x74, 0xE1, 0x22, 0x79, 0xF0, 0x60, 0xAD, 0x54, 0x71, 0x9C, 0x1B, 0x9E, 0xBE, 0x3E, 0xE7,
    0xB3, 0xAD, 0x60, 0xB3, 0xE2, 0x8A, 0xE0, 0x50, 0xF2, 0xA3, 0xFE, 0x6E, 0x94, 0x7E, 0x3E, 0xEF,
    0x13, 0xEA, 0x9B, 0x1E, 0x50, 0xBB, 0x5C, 0x98, 0x4A, 0x2E, 0x2C, 0xA2, 0x5A, 0x91, 0x8F, 0x8C,
    0x44, 0x5A, 0x00, 0x43, 0x8F, 0x34, 0xA0, 0x06, 0x45, 0x92, 0x5C, 0x7B, 0x8E, 0xA4, 0x63, 0x25,
    0x8B, 0x13, 0x95, 0xB7, 0xA2, 0xD8, 0x3D, 0x59, 0x25, 0x63, 0xDE, 0xDE, 0x42, 0x8D, 0xC6, 0x66,
    0x91, 0x55, 0xE1, 0x0B, 0x79, 0x2E, 0x99, 0xB2, 0x1E, 0x11, 0x30, 0x5F, 0x3A, 0xBF, 0xC1, 0xAA,
    0xB0, 0x44, 0xF1, 0x05, 0xE4, 0xB6, 0x1C, 0xEB, 0xC8, 0x0A, 0xA8, 0x1B, 0x14, 0xA2, 0xCA, 0x07,
    0x4D, 0xCB, 0x2A, 0x23, 0x02, 0x2B, 0x74, 0x61, 0x56, 0x80, 0xA8, 0x7C, 0x4C, 0xA8, 0x02, 0xE0,
    0xCD, 0x98, 0xD3, 0x20, 0x8D, 0xE9, 0x6B, 0xC5, 0xCF, 0x89, 0x7A, 0xF8, 0x80, 0x12, 0x44, 0x7E,
    0x69, 0x6C, 0x93, 0x08, 0x1F, 0x51, 0xB4, 0x1C, 0xEE, 0xF0, 0xC7, 0x28, 0xFA, 0xB9, 0x61, 0xE8,
    0xF6, 0xB4, 0x85, 0xF8, 0x28, 0x55, 0xDD, 0x36, 0x77, 0xDC, 0xB8, 0x87, 0x4F, 0x07, 0x63, 0xE1,
    0x35, 0x90, 0x78, 0x5D, 0x29, 0x7F, 0x08, 0x28, 0x8E, 0xBA, 0x23, 0x69, 0xE4, 0x83, 0x22, 0x92,
    0x46, 0x69, 0xD1, 0x05, 0xE9, 0xD3, 0x01, 0x80, 0x2F, 0xEE, 0xCB, 0x12, 0x00, 0xCF, 0x46, 0x0E,
    0x73, 0x03, 0xDD, 0x84, 0xA5, 0x01, 0x2C, 0x8D, 0x94, 0xEE, 0x01, 0xBA, 0x87, 0x2F, 0x89, 0x2A,
    0x88, 0x61, 0xCD, 0xEB, 0xE4, 0xF2, 0xDF, 0x88, 0x61, 0xD9, 0x9B, 0xD1, 0xF4, 0x9C, 0x6A, 0xF9,
    0x35, 0x35, 0x13, 0x36, 0x73, 0xA3, 0xF0, 0x73, 0x23, 0xEB, 0xB5, 0x03, 0xF7, 0x39, 0xBB, 0x69,
    0x3B, 0x9F, 0x79, 0xB1, 0xF9, 0xE5, 0xB0, 0x95, 0x71, 0x72, 0x76, 0x92, 0x4D, 0xD1, 0xA6, 0x1E,
    0xC8, 0xAD, 0x91, 0xAC, 0x2C, 0x4E, 0xAC, 0x53, 0xA2, 0xA5, 0x81, 0x26, 0xAC, 0x0D, 0x40, 0x1A,
    0xD6, 0x2C, 0x8D, 0xFC, 0xFE, 0xB4, 0x34, 0x14, 0x45, 0x69, 0x2C, 0x21, 0xB1, 0x6F, 0x6A, 0x46,
    0x2D, 0x32, 0x5B, 0x90, 0x63, 0xF2, 0xE5, 0x1F, 0x13, 0xD8, 0x22, 0x67, 0xDE, 0x42, 0xC3, 0x34,
    0x44, 0xF6, 0x0A, 0xF3, 0x5D, 0x7B, 0x0D, 0x1B, 0xFE, 0xD4, 0x60, 0xCB, 0xE4, 0x6B, 0xAE, 0x3F,
    0xC9, 0x6C, 0x46, 0xAE, 0xE3, 0xFE, 0xDD, 0xED, 0x91, 0x89, 0xD2, 0x0B, 0x3B, 0xC7, 0x54, 0xA3,
    0xE3, 0x11, 0xF2, 0x61, 0x3C, 0xE2, 0x76, 0xDB, 0x91, 0x05, 0x50, 0xBE, 0x2B, 0x44, 0x36, 0x33,
    0x6D, 0xF3, 0x09, 0x52, 0xDA, 0x52, 0xCF, 0xE4, 0x12, 0x9E, 0x09, 0x78, 0x94, 0xCC, 0xB3, 0xEB,
    0xC4, 0x94, 0xA2, 0xE4, 0x79, 0xE6, 0xFF, 0xAA, 0xB6, 0x73, 0x71, 0xCB, 0x65, 0x3C, 0xB3, 0xA4,
    0x7F, 0x20, 0xAA, 0xD8, 0x57, 0x99, 0x58, 0xEE, 0xF8, 0x3E, 0x87, 0x2D, 0xD3, 0x60, 0xC3, 0xD4,
    0xAD, 0xB0, 0x78, 0x30, 0x32, 0x53, 0x8A, 0x4C, 0x34, 0x83, 0x50, 0xE6, 0x7A, 0x8E, 0xDA, 0x65,
    0x4A, 0x27, 0xEA, 0xF3, 0xAF, 0xD2, 0xC4, 0x0A, 0x20, 0xB2, 0xA2, 0x7C, 0x21, 0x4A, 0x71, 0x04,
    0xB1, 0x2A, 0x87, 0x59, 0x51, 0x95, 0x4B, 0x29, 0x14, 0xD1, 0x54, 0xFC, 0x5C, 0x9F, 0x8E, 0x28,
    0x24, 0x43, 0x06, 0x98, 0x2A, 0x02, 0x0D, 0xDB, 0x19, 0x00, 0x4D, 0xB3, 0xBA, 0xCA, 0x45, 0x79,
    0xC4, 0x53, 0x32, 0x74, 0x73, 0xF7, 0x6C, 0x99, 0x68, 0x12, 0x95, 0xD1, 0x20, 0x0A, 0x3B, 0x23,
    0xAA, 0xE5, 0xB3, 0x61, 0x31, 0xC2, 0x65, 0xFC, 0x1C, 0xE0, 0xCD, 0xA2, 0xBA, 0x6A, 0x36, 0x42,
    0x16, 0x2C, 0x97, 0x44, 0xA2, 0xE4, 0x50, 0x12, 0x23, 0x12, 0x51, 0xBA, 0x9F, 0x67, 0x6F, 0x80,
    0x8E, 0x67, 0x8F, 0x80, 0x99, 0x67, 0x4F, 0xBE, 0xCC, 0x8F, 0x07, 0x64, 0x03, 0x77, 0x89, 0xD0,
    0x3D, 0x2B, 0xB1, 0x6E, 0x9E, 0x28, 0x2E, 0x46, 0xDC, 0xD9, 0x33, 0x02, 0xCD, 0x24, 0xE1, 0x9C,
    0xD0, 0x34, 0x87, 0xF3, 0x83, 0x47, 0xC2, 0xD9, 0xCD, 0x2A, 0x91, 0xB1, 0x25, 0x8E, 0x2B, 0x9C,
    0xC9, 0x31, 0xEE, 0x72, 0xEE, 0x59, 0x50, 0x94, 0x70, 0xE6, 0xF9, 0x39, 0x7F, 0xC4, 0x2D, 0x8A,
    0xDB, 0x1C, 0xCE, 0x01, 0xB9, 0x25, 0x9A, 0x95, 0x1E, 0x6B, 0x51, 0xF3, 0x39, 0x5F, 0x88, 0x32,
    0x77, 0xBB, 0x8A, 0x55, 0x49, 0x13, 0x20, 0xA3, 0x0C, 0x7B, 0xE1, 0x0C, 0x3D, 0x49, 0xE8, 0x82,
    0x46, 0x0A, 0xF0, 0xEA, 0x1C, 0x9F, 0x8A, 0xAC, 0x06, 0x60, 0x73, 0xA1, 0x9C, 0xF4, 0xE3, 0xC3,
    0x06, 0x12, 0xD2, 0x68, 0x6C, 0xE1, 0x58, 0x15, 0xBE, 0xB4, 0xAC, 0x92, 0xA9, 0xB0, 0xCA, 0x03,
    0xE6, 0xCB, 0x4B, 0x34, 0xFC, 0x84, 0xC8, 0x4B, 0x4E, 0xD1, 0xC1, 0x2F, 0x39, 0xC5, 0x37, 0x28,
    0x44, 0x49, 0x4E, 0x59, 0xC2, 0x75, 0x09, 0xD6, 0x30, 0x2B, 0x40, 0x54, 0x4E, 0x2D, 0x20, 0x0B,
    0xF3, 0xA2, 0x9E, 0xBE, 0x4E, 0xDC, 0xA8, 0x01, 0xA2, 0x51, 0x54, 0x40, 0xC3, 0x4A, 0x39, 0x68,
    0x56, 0xBA, 0x17, 0x95, 0xD0, 0xBC, 0x2F, 0x85, 0x17, 0x93, 0xA4, 0x6C, 0xE1, 0x56, 0x7D, 0x9A,
    0x51, 0xDE, 0x23, 0x06, 0x4D, 0x6F, 0xCA, 0x86, 0x98, 0xAC, 0x97, 0x0D, 0x39, 0x54, 0x3D, 0x6F,
    0x48, 0x3C, 0xCC, 0x7A, 0xC9, 0x6F, 0xDD, 0xD1, 0x9C, 0xDF, 0x88, 0x96, 0x9D, 0xD8, 0x4F, 0x6C,
    0xFB, 0xD5, 0xF9, 0x65, 0x74, 0x44, 0xB4, 0x00, 0xE6, 0xE1, 0x0D, 0x75, 0x78, 0x88, 0x28, 0x38,
    0x15, 0x18, 0x41, 0xD1, 0x33, 0x32, 0xC7, 0xC0, 0x0C, 0xAC, 0xD0, 0x01, 0x80, 0x99, 0x18, 0x7F,
    0xDC, 0x40, 0x22, 0x45, 0xD0, 0x31, 0xF2, 0xC8, 0x30, 0x03, 0xA3, 0x03, 0x23, 0xA6, 0x1C, 0x2F,
    0x41, 0xF1, 0xB3, 0xD3, 0xAB, 0x0C, 0x43, 0xFC, 0x6B, 0x41, 0x32, 0xA8, 0x12, 0x88, 0xBB, 0xA1,
    0x11, 0x18, 0x89, 0xAB, 0x72, 0x9E, 0xCD, 0xBE, 0x97, 0xE1, 0x30, 0x71, 0x99, 0xF0, 0x59, 0xAD,
    0x7A, 0x18, 0x35, 0x5F, 0xC6, 0x96, 0x5E, 0xF5, 0x8F, 0x5F, 0xE8, 0x36, 0xC4, 0xFB, 0x24, 0x72,
    0xF7, 0x09, 0x97, 0xB9, 0x50, 0xAB, 0xE0, 0x47, 0x2C, 0x7E, 0x5F, 0x88, 0x68, 0x11, 0x9B, 0x7A,
    0x63, 0xC5, 0x39, 0x1A, 0x9F, 0xA4, 0xBB, 0x72, 0xD5, 0xFA, 0x84, 0x24, 0x1F, 0xB7, 0xAC, 0xAD,
    0x87, 0x69, 0xF7, 0x9E, 0xE5, 0xB1, 0xBA, 0xD0, 0xB5, 0xF0, 0x8A, 0x42, 0xE7, 0x24, 0xB3, 0x7F,
    0x53, 0xEA, 0xE1, 0xA2, 0x05, 0xB6, 0x17, 0xCA, 0x02, 0xE2, 0x98, 0x1E, 0x69, 0x00, 0x0F, 0x42,
    0x24, 0xA5, 0x2F, 0x2B, 0x7E, 0xAE, 0x7B, 0x97, 0x7B, 0x29, 0x7F, 0x0B, 0xA3, 0x64, 0xE4, 0x67,
    0x61, 0x96, 0x7C, 0x5C, 0x56, 0x4B, 0x36, 0x96, 0x80, 0x3E, 0x44, 0x29, 0xAA, 0x7B, 0xAB, 0x03,
    0xAB, 0x86, 0xA2, 0xA8, 0xE7, 0x68, 0xC0, 0x52, 0xF9, 0x88, 0xC2, 0x56, 0x14, 0x60, 0xEE, 0x08,
    0x51, 0x44, 0x21, 0xD2, 0x45, 0xFD, 0xA7, 0x44, 0x22, 0x55, 0xC5, 0x9C, 0x24, 0xFE, 0x42, 0xF9,
    0xD6, 0x99, 0x78, 0x9D, 0x81, 0x91, 0x7A, 0xFA, 0x50, 0x3C, 0x32, 0x2E, 0x2A, 0x60, 0x83, 0x5B,
    0xB3, 0xCA, 0xE2, 0xAC, 0x24, 0x52, 0xB9, 0x25, 0x8E, 0xB9, 0xC5, 0x56, 0x85, 0x3C, 0x9A, 0x1F,
    0x06, 0x10, 0xC5, 0x72, 0xBE, 0x84, 0xDE, 0xA6, 0x8B, 0xEB, 0xB3, 0xFC, 0x6E, 0x0A, 0xE8, 0xC4,
    0x91, 0x15, 0x05, 0x26, 0x57, 0xA6, 0xC2, 0x76, 0x73, 0x41, 0xBB, 0x65, 0x66, 0xEF, 0x04, 0x66,
    0x42, 0x0E, 0xB6, 0x46, 0x73, 0x9E, 0x39, 0x76, 0x75, 0xA2, 0xBE, 0xD6, 0x8E, 0x13, 0x5F, 0xDD,
    0xB5, 0x6A, 0x42, 0x7D, 0x0D, 0x25, 0x13, 0xE8, 0x0E, 0x11, 0x01, 0xB6, 0x8A, 0xF9, 0x9D, 0x82,
    0x98, 0x50, 0xD3, 0x76, 0x6F, 0x4A, 0xE1, 0x3A, 0xAF, 0x97, 0x69, 0xBD, 0xCC, 0xEA, 0x65, 0xBA,
    0x05, 0x39, 0x4F, 0xE9, 0xF9, 0x72, 0x12, 0x1E, 0xE4, 0x18, 0x1D, 0xB5, 0x3E, 0x1B, 0x3B, 0xF2,
    0xCD, 0x90, 0x76, 0xBE, 0x41, 0x22, 0x09, 0xA1, 0x08, 0x1E, 0xE8, 0xAC, 0x47, 0x36, 0xC2, 0x23,
    0x9F, 0x18, 0x8A, 0x18, 0x98, 0x04, 0x60, 0xF0, 0xF0, 0xE9, 0x90, 0x59, 0x99, 0xA1, 0x74, 0x99,
    0x95, 0x49, 0x3A, 0xFE, 0x9D, 0xA7, 0x48, 0x47, 0xCC, 0x5A, 0x39, 0xD1, 0xB6, 0xCE, 0x2D, 0x9E,
    0xB3, 0x99, 0x8B, 0x45, 0xFB, 0x1C, 0xD9, 0x94, 0x42, 0xF1, 0x1A, 0x91, 0x95, 0x70, 0x78, 0x6D,
    0xFA, 0x2B, 0x9B, 0x10, 0xCF, 0x5F, 0x65, 0xB6, 0x0C, 0x28, 0x2C, 0xF7, 0xEF, 0x18, 0x03, 0x6B,
    0xA9, 0xE2, 0xC6, 0xEB, 0xCB, 0xB1, 0x47, 0xF4, 0xBD, 0x59, 0x97, 0xD3, 0x97, 0x67, 0x0D, 0x64,
    0x4F, 0xD6, 0xEB, 0xF2, 0x97, 0xF5, 0x2F, 0x1B, 0xB0, 0x2C, 0x7E, 0xA5, 0xEC, 0x01, 0x53, 0xFD,
    0x26, 0x30, 0x41, 0x5E, 0x07, 0xD9, 0x06, 0x0A, 0xBC, 0x0F, 0xCD, 0xF9, 0x57, 0x79, 0x23, 0x94,
    0x83, 0xEF, 0xA0, 0x06, 0xF8, 0x97, 0x98, 0x89, 0x07, 0xD2, 0x90, 0x33, 0x41, 0x24, 0xD4, 0x51,
    0x08, 0x5C, 0x26, 0xF4, 0x24, 0xAC, 0x89, 0xAC, 0x28, 0x2E, 0xD9, 0x73, 0x7E, 0x83, 0x48, 0x9D,
    0x21, 0x57, 0x03, 0xFE, 0xE0, 0x7A, 0x14, 0x05, 0x34, 0xDB, 0x59, 0x15, 0x11, 0x8A, 0x26, 0x51,
    0x39, 0xAB, 0x2E, 0x76, 0xB2, 0xFE, 0x69, 0xCB, 0x6D, 0x18, 0x57, 0x77, 0x0E, 0x09, 0x3F, 0x9E,
    0x7A, 0x20, 0xA0, 0x46, 0x04, 0xBE, 0xCA, 0xCA, 0x00, 0x60, 0x55, 0xDE, 0x9B, 0x95, 0xA2, 0x59,
    0xA1, 0xBB, 0xE4, 0x7A, 0x5F, 0x98, 0x8B, 0x96, 0xE5, 0x20, 0xBD, 0x5F, 0x49, 0x80, 0x81, 0x81,
    0x1D, 0x0A, 0xA2, 0x7B, 0x90, 0x90, 0xAC, 0xCA, 0x58, 0x50, 0x65, 0xB6, 0xC5, 0x57, 0xAA, 0x6D,
    0xCD, 0x88, 0x82, 0x30, 0xC3, 0x34, 0x9C, 0xD6, 0xF4, 0xC4, 0x09, 0x2E, 0x0F, 0x05, 0xAF, 0x43,
    0x92, 0x9E, 0xA0, 0xB4, 0x8C, 0x2C, 0x60, 0xBD, 0x97, 0xC5, 0xF3, 0x82, 0xCE, 0x41, 0x91, 0xBB,
    0xFC, 0xAD, 0xC1, 0x42, 0xA6, 0xB9, 0x93, 0x49, 0x10, 0x0D, 0x49, 0x34, 0xC0, 0x76, 0x5B, 0x50,
    0x0C, 0xB3, 0xB8, 0x3A, 0x64, 0x2C, 0x89, 0xBB, 0xB8, 0xF1, 0xED, 0x51, 0x67, 0x11, 0x80, 0xC8,
    0x67, 0x96, 0x71, 0x37, 0x8A, 0x18, 0x32, 0xF2, 0x86, 0x87, 0x66, 0x60, 0x87, 0xA2, 0x65, 0xE4,
    0xE4, 0xB9, 0x45, 0x23, 0x36, 0xA6, 0x6F, 0xB0, 0xB9, 0x05, 0x7E, 0xCB, 0x72, 0x96, 0x6E, 0x02,
    0x3A, 0x1A, 0x03, 0x48, 0xD0, 0xC8, 0xAF, 0xDA, 0x6E, 0xB6, 0xB8, 0x5A, 0x6D, 0x0C, 0x76, 0x97,
    0xAE, 0xF9, 0xC5, 0x2A, 0x5E, 0xC0, 0x3A, 0x5B, 0x76, 0x79, 0xB6, 0xA5, 0xC5, 0x26, 0xCB, 0x6C,
    0x54, 0x6D, 0xF4, 0x50, 0x5A, 0x1E, 0x25, 0x97, 0xF1, 0x18, 0x41, 0x8A, 0xA8, 0x90, 0x4E, 0xD8,
    0x84, 0x24, 0xE0, 0x38, 0x60, 0x4A, 0xC7, 0x08, 0x43, 0x63, 0x8D, 0x9C, 0x8E, 0xF7, 0x67, 0x63,
    0x2C, 0x49, 0xEA, 0x8B, 0x78, 0xC2, 0x37, 0x2D, 0x7E, 0x37, 0xF2, 0x6A, 0xF8, 0x1D, 0x37, 0x26,
    0x09, 0xE5, 0x36, 0x8F, 0x65, 0x2C, 0xDB, 0xA3, 0x60, 0x34, 0x85, 0x43, 0x91, 0x2B, 0x65, 0x30,
    0x77, 0x4B, 0xDE, 0xC7, 0xD7, 0x4D, 0x4A, 0xAF, 0x6B, 0x8B, 0xB2, 0xF0, 0x78, 0x7A, 0xF7, 0x4D,
    0x0B, 0x8F, 0x8C, 0x5D, 0x3D, 0x3E, 0xF6, 0x1D, 0x1E, 0x7B, 0x2C, 0xEF, 0x5D, 0x1D, 0x0D, 0xB0,
    0xD9, 0x66, 0xB4, 0x89, 0x9A, 0x36, 0xC1, 0x54, 0x9B, 0x70, 0x08, 0xD6, 0x2F, 0x8F, 0xB1, 0x64,
    0xCB, 0x33, 0x3A, 0x35, 0xB3, 0xDD, 0x8B, 0xD9, 0x49, 0x58, 0x5F, 0x74, 0x39, 0x01, 0x0D, 0xCB,
    0xF8, 0x35, 0x20, 0xE0, 0x04, 0x23, 0x22, 0x9A, 0xFE, 0x04, 0xC5, 0x08, 0x71, 0xD7, 0xA7, 0xE6,
    0x3A, 0x5A, 0xF5, 0xDA, 0xAA, 0x3E, 0x1F, 0x6F, 0x72, 0x84, 0x53, 0x0B, 0x3D, 0x22, 0x1F, 0x53,
    0x6A, 0xE5, 0x4B, 0x88, 0x93, 0x2F, 0x20, 0x3E, 0xA0, 0x44, 0x64, 0x54, 0x5B, 0x79, 0x53, 0x5B,
    0x43, 0xD9, 0xB8, 0x2D, 0x29, 0x99, 0xA2, 0x6E, 0xF1, 0x2F, 0x97, 0xAF, 0x14, 0x0C, 0x6D, 0xF5,
    0x9D, 0xAB, 0x54, 0x15, 0x44, 0x01, 0xA9, 0x0C, 0x04, 0x00, 0xDC, 0x3A, 0x07, 0x3E, 0x57, 0x12,
    0x0D, 0x98, 0x9A, 0xD7, 0xDF, 0x9E, 0xF2, 0x31, 0x66, 0xB6, 0xA1, 0x3E, 0xC8, 0x8C, 0x60, 0xEA,
    0x88, 0x90, 0xF5, 0x93, 0xC1, 0xD9, 0xCD, 0xFF, 0x19, 0xCA, 0x96, 0xAF, 0x03, 0x87, 0xC2, 0xE6,
    0x72, 0x93, 0x60, 0x81, 0x95, 0x7D, 0xC1, 0x54, 0xE7, 0x4D, 0x2B, 0x56, 0x13, 0x00, 0xE8, 0x00,
    0xA9, 0x6C, 0xA4, 0xAA, 0x7F, 0xFA, 0xFA, 0x7A, 0xDA, 0x29, 0x27, 0xC5, 0x30, 0x72, 0x39, 0xBB,
    0xEF, 0x01, 0x13, 0x80, 0x30, 0xCB, 0x53, 0x98, 0xFE, 0xFC, 0x0C, 0x86, 0x26, 0xE4, 0x34, 0x00,
    0x4D, 0x44, 0x4A, 0x11, 0xCA, 0x7F, 0x46, 0xD2, 0x06, 0xD2, 0x91, 0x85, 0x7A, 0x68, 0x8A, 0xE8,
    0xAA, 0x0E, 0x11, 0xE5, 0xF2, 0xA7, 0x25, 0x96, 0xEE, 0x2F, 0x9B, 0x56, 0x13, 0xE1, 0x2A, 0xF9,
    0xC7, 0x37, 0x93, 0x35, 0x4B, 0xD3, 0x63, 0xB7, 0x99, 0x57, 0xF6, 0x37, 0xF3, 0x7C, 0x6F, 0x33,
    0x57, 0x3B, 0xAF, 0xEE, 0xEC, 0xCC, 0xDC, 0x9C, 0xF2, 0x8A, 0x09, 0x30, 0xBF, 0x20, 0x8C, 0x9A,
    0x6C, 0x30, 0x79, 0x2F, 0xE5, 0xD4, 0x59, 0x73, 0x64, 0xA5, 0x02, 0xC9, 0x28, 0x3C, 0xB2, 0x73,
    0x66, 0xB7, 0x73, 0xDD, 0xA5, 0x9D, 0xEB, 0x1A, 0x9C, 0x16, 0xBC, 0x73, 0xD5, 0xB2, 0x73, 0xC5,
    0xFE, 0xCE, 0xBD, 0x21, 0x3B, 0x27, 0xA5, 0xE7, 0x51, 0x8B, 0x37, 0x2E, 0x76, 0xEE, 0x19, 0xD1,
    0x28, 0x67, 0xF5, 0x4C, 0x89, 0x59, 0x61, 0xFD, 0xD9, 0x73, 0xBE, 0x0A, 0x30, 0x15, 0x52, 0x02,
    0xCA, 0x00, 0x90, 0x85, 0x1A, 0x81, 0x5C, 0x16, 0xDC, 0x8A, 0xE4, 0x3C, 0x76, 0xE1, 0xB2, 0x07,
    0x37, 0x5D, 0x4A, 0xD4, 0xC3, 0xD0, 0x00, 0x9D, 0x4A, 0x09, 0x1F, 0x58, 0xB6, 0x07, 0x47, 0xB8,
    0x66, 0x08, 0x98, 0x63, 0x16, 0x48, 0x04, 0x62, 0x17, 0xB2, 0x87, 0xD7, 0x90, 0x85, 0x65, 0x74,
    0xD5, 0xDA, 0xA7, 0x69, 0x51, 0x52, 0x00, 0x3A, 0x1A, 0x80, 0x51, 0x59, 0xC8, 0x12, 0x55, 0x88,
    0x2A, 0xA8, 0xD8, 0x44, 0xA2, 0xA0, 0xA3, 0x26, 0xA7, 0x2B, 0x9C, 0x85, 0x43, 0x24, 0xB1, 0x3E,
    0x44, 0xEE, 0x0E, 0xB9, 0xFC, 0xB6, 0xBA, 0xA0, 0x09, 0x57, 0xA4, 0xF4, 0x96, 0x57, 0x6F, 0xA8,
    0xEA, 0xAE, 0x23, 0x02, 0x61, 0xFE, 0xBF, 0x05, 0x0C, 0xF5, 0x72, 0x79, 0xD6, 0xC3, 0x00, 0x87,
    0x60, 0x06, 0x7D, 0x27, 0x16, 0x14, 0x53, 0x99, 0xED, 0xDA, 0xFC, 0x7F, 0x03, 0x68, 0x00, 0x69,
    0xB5, 0x18, 0xB9, 0xDA, 0x97, 0x09, 0xB4, 0x05, 0x52, 0x42, 0x2A, 0xA7, 0x5E, 0xD9, 0x77, 0x2D,
    0xCC, 0x5F, 0x06, 0x20, 0x4A, 0x87, 0xA0, 0x2C, 0x7E, 0x24, 0x46, 0xC6, 0x98, 0xBE, 0x0F, 0x23,
    0x97, 0xE4, 0xB5, 0xC5, 0x3C, 0x2D, 0x8E, 0x97, 0x42, 0x68, 0xBE, 0xD8, 0x6C, 0x91, 0x87, 0x65,
    0x46, 0x03, 0xB1, 0xF5, 0x69, 0x16, 0x63, 0x75, 0x6B, 0x6C, 0x41, 0xD4, 0xA6, 0x2C, 0xA0, 0x7F,
    0x67, 0x8B, 0xA0, 0x9C, 0xB1, 0x89, 0xEF, 0x06, 0x78, 0xE3, 0x80, 0x7C, 0x78, 0xE4, 0x6F, 0x02,
    0x6B, 0x2C, 0xB0, 0xAC, 0x63, 0x16, 0x11, 0x30, 0x3D, 0x70, 0xBA, 0x8B, 0x07, 0x6E, 0x45, 0x10,
    0xBA, 0xBF, 0x20, 0xC9, 0x7A, 0xC8, 0x68, 0x02, 0xBA, 0x9B, 0xC8, 0x22, 0xFB, 0xEF, 0x90, 0xF5,
    0x1A, 0xAA, 0x7F, 0x0A, 0x00, 0xBA, 0x00, 0x45, 0x01, 0x5C, 0x34, 0xAE, 0x6F, 0x9C, 0x7D, 0xEA,
    0x6F, 0xBB, 0x41, 0x11, 0x55, 0x12, 0x47, 0xCD, 0xBB, 0x01, 0xB7, 0xAA, 0x09, 0xCF, 0x43, 0xCF,
    0xDE, 0xB2, 0x61, 0xE9, 0xDA, 0x06, 0x0D, 0x4D, 0x28, 0xC9, 0x03, 0x23, 0x64, 0xE2, 0x0B, 0x03,
    0xF5, 0x04, 0xD0, 0x04, 0xBE, 0x40, 0x92, 0xB8, 0x63, 0xB9, 0xEA, 0x92, 0x73, 0xF2, 0x20, 0x6A,
    0x35, 0x2B, 0xF3, 0xF6, 0x84, 0x2F, 0x68, 0xF6, 0xD4, 0xD3, 0xDC, 0xCA, 0xBB, 0x3F, 0x78, 0x56,
    0xF5, 0xA6, 0x2F, 0x25, 0x1E, 0xDA, 0x9C, 0x46, 0xA0, 0x01, 0x50, 0x0E, 0x4B, 0x9C, 0x03, 0x73,
    0x5C, 0x19, 0x72, 0x38, 0x78, 0x35, 0xAC, 0x27, 0x50, 0xBD, 0x4A, 0xE4, 0x9D, 0x0E, 0x3C, 0x9E,
    0x83, 0x21, 0x0B, 0x1D, 0xB1, 0x3E, 0x7B, 0x1F, 0xC8, 0xA8, 0x5D, 0x5C, 0x4D, 0x6C, 0x19, 0x91,
    0xB0, 0x2D, 0x89, 0xC3, 0x09, 0x22, 0x22, 0x3A, 0x7B, 0x82, 0x32, 0x02, 0x29, 0xE1, 0x29, 0x94,
    0xED, 0x2D, 0xE4, 0xD6, 0xB4, 0xB9, 0x2D, 0xCE, 0x8F, 0xAC, 0xAC, 0xF9, 0xE0, 0x28, 0xEC, 0xAE,
    0xC4, 0x3E, 0xCC, 0x04, 0xB9, 0x64, 0xC9, 0xD5, 0xE9, 0xA4, 0xF5, 0x78, 0xD2, 0xBC, 0xF9, 0x63,
    0x09, 0xFD, 0x7C, 0x4E, 0x9A, 0x39, 0x67, 0x46, 0x30, 0x75, 0x14, 0x4A, 0xD2, 0x3C, 0x7A, 0x6D,
    0x4E, 0x9A, 0x4A, 0x92, 0x66, 0xB8, 0x94, 0x34, 0xF3, 0xDB, 0x92, 0x34, 0xE5, 0x9B, 0x23, 0x90,
    0xB7, 0x3A, 0xE0, 0x2A, 0xF5, 0xC8, 0x29, 0x40, 0xDD, 0x8D, 0x8B, 0x13, 0x26, 0xAC, 0xB5, 0x54,
    0x8C, 0x76, 0x8E, 0x72, 0x53, 0xED, 0xB6, 0xF1, 0x2A, 0x7B, 0x7A, 0x57, 0x69, 0xA2, 0xEA, 0x8C,
    0xEE, 0xED, 0x6E, 0x6E, 0x3F, 0x70, 0xF2, 0x7C, 0x63, 0x71, 0x4B, 0xD1, 0xEF, 0x3B, 0x91, 0xCA,
    0x5E, 0x1D, 0xE8, 0x71, 0xDD, 0xFC, 0x65, 0xBE, 0x39, 0x41, 0xEE, 0xD6, 0x90, 0xB2, 0x6E, 0x1C,
    0x32, 0xAA, 0xA0, 0xFF, 0x89, 0x5A, 0x53, 0xD0, 0x50, 0x97, 0xB7, 0x5D, 0x5D, 0xA6, 0xCE, 0xBC,
    0x7E, 0xC3, 0x95, 0x44, 0x3C, 0xC6, 0xB4, 0x7F, 0x03, 0xFD, 0x21, 0x07, 0x4C, 0x2A, 0x01, 0x23,
    0xE3, 0x5E, 0xDE, 0x27, 0x76, 0xB0, 0xF5, 0x32, 0x7D, 0x50, 0x8E, 0x8D, 0x9C, 0x03, 0xD9, 0xC3,
    0x50, 0x84, 0x69, 0x1B, 0x7C, 0x66, 0xA9, 0xB9, 0xEC, 0x01, 0x8B, 0xE9, 0xB5, 0x38, 0xFB, 0xFC,
    0x7E, 0xD0, 0x00, 0x07, 0xE5, 0x00, 0xA3, 0xD8, 0xC1, 0xDF, 0x4F, 0xF0, 0x1C, 0xE7, 0x16, 0xDB,
    0x4B, 0xC1, 0x73, 0x69, 0x3C, 0xB9, 0x2A, 0x6A, 0xC8, 0xE1, 0xDF, 0x3E, 0x0C, 0x9E, 0xED, 0x22,
    0x49, 0x80, 0x39, 0x72, 0xE8, 0x24, 0xB8, 0x02, 0x1E, 0x06, 0xF1, 0x8B, 0x1C, 0x6D, 0x1B, 0x74,
    0xD5, 0x8B, 0xC0, 0x7A, 0x88, 0x45, 0x40, 0x13, 0x12, 0x2A, 0x6C, 0x16, 0xB2, 0x41, 0xFD, 0x62,
    0x3E, 0xE5, 0xEC, 0x9F, 0x7C, 0x4A, 0x82, 0x46, 0xF5, 0xC5, 0xFA, 0xDE, 0xA0, 0x65, 0x80, 0x1A,
    0x27, 0x8A, 0x10, 0x4B, 0x6A, 0x4F, 0xE8, 0xFB, 0x9C, 0x2F, 0x95, 0x4B, 0xFF, 0x69, 0x7E, 0x89,
    0xFD, 0x33, 0xA9, 0x72, 0xDA, 0xA6, 0x2E, 0x3B, 0xBF, 0xE1, 0x40, 0xD4, 0xCF, 0xBE, 0xA1, 0xEC,
    0xFC, 0x2E, 0x40, 0x11, 0x79, 0x38, 0x04, 0xAF, 0x03, 0xA6, 0x89, 0xF8, 0x34, 0x51, 0xA5, 0x7C,
    0x39, 0xA8, 0x81, 0xD3, 0xED, 0x83, 0x6F, 0x9E, 0x26, 0xE4, 0xAE, 0xA1, 0x19, 0xE6, 0xF1, 0x79,
    0x82, 0x09, 0x32, 0x43, 0x05, 0x9E, 0xC2, 0x22, 0x8B, 0x6A, 0x80, 0xFA, 0x25, 0xB5, 0x48, 0x64,
    0x99, 0xB8, 0x95, 0x8E, 0x58, 0xEA, 0x71, 0xF3, 0x8D, 0xC2, 0xC2, 0x90, 0x6A, 0x91, 0x4F, 0xEB,
    0xF5, 0xBD, 0xB1, 0xE0, 0xB1, 0x50, 0x38, 0xA9, 0x3C, 0x8F, 0x71, 0xA6, 0x7F, 0x8C, 0x2F, 0xD2,
    0x7F, 0x81, 0xF2, 0x58, 0xF6, 0xFA, 0xC1, 0x7F, 0x40, 0x42, 0xE2, 0xB3, 0x01, 0xC0, 0x35, 0x9C,
    0xA4, 0x84, 0x58, 0xF0, 0x5A, 0xBA, 0xBF, 0xE9, 0xD5, 0xA4, 0x5C, 0xF6, 0x4E, 0x8C, 0xE9, 0xF7,
    0xE3, 0x9F, 0xA1, 0xB0, 0xEB, 0xE9, 0xF9, 0xD6, 0x1B, 0x28, 0xC8, 0xCF, 0x8E, 0x9A, 0x57, 0xE0,
    0x41, 0x91, 0xAE, 0xE3, 0x77, 0xED, 0x31, 0x4E, 0xF5, 0x11, 0xFE, 0x15, 0xFD, 0xE7, 0xBD, 0xF1,
    0xFF, 0xFD, 0x32, 0x3E, 0x2D, 0x67, 0x16, 0xE2, 0x55, 0xA0, 0x23, 0x49, 0x52, 0x15, 0x00, 0xCC,
    0x63, 0x98, 0x7E, 0xB6, 0x31, 0x77, 0x11, 0x45, 0x7B, 0x88, 0x14, 0x4F, 0x41, 0x3B, 0xEA, 0x3B,
    0x22, 0x17, 0xF5, 0x6B, 0x3E, 0x68, 0xF8, 0x70, 0x25, 0x77, 0xC7, 0x68, 0x7A, 0x83, 0x80, 0xC2,
    0x8E, 0xDF, 0x56, 0xB6, 0x8B, 0x4B, 0xA5, 0xD4, 0xAE, 0x99, 0x58, 0x46, 0x98, 0x87, 0x98, 0xC7,
    0x40, 0x8A, 0x2F, 0x40, 0x46, 0x69, 0xD1, 0x49, 0xAA, 0x89, 0xFA, 0xB6, 0x43, 0xD0, 0xC5, 0x80,
    0x80, 0xF2, 0x15, 0x1C, 0xA3, 0xA0, 0xCA, 0x54, 0x8A, 0xAA, 0xA2, 0x57, 0xF7, 0x2B, 0x65, 0x97,
    0xD3, 0xAB, 0x6B, 0x91, 0xD9, 0x25, 0x56, 0x26, 0x1E, 0xDA, 0x1F, 0xCB, 0x11, 0x85, 0x03, 0x1E,
    0xF1, 0x8A, 0x39, 0x07, 0x0C, 0x01, 0xD0, 0xFD, 0x12, 0x50, 0x10, 0xC1, 0x89, 0xA8, 0x98, 0x45,
    0x6E, 0x99, 0x1F, 0x4B, 0xCA, 0x90, 0xC4, 0xE4, 0xE4, 0xFD, 0xD8, 0x97, 0x1D, 0x50, 0xC8, 0x2A,
    0x73, 0x9A, 0x4F, 0xDC, 0xC0, 0xC0, 0x99, 0xA0, 0x14, 0x00, 0x12, 0xD4, 0x52, 0xB5, 0xBD, 0x94,
    0xBE, 0xEA, 0xCE, 0xB0, 0xFC, 0xD9, 0x2E, 0x3F, 0x7F, 0xD5, 0x25, 0x62, 0x70, 0x49, 0xD5, 0x5C,
    0xEC, 0x91, 0xC7, 0x74, 0x7D, 0x42, 0x80, 0x69, 0x03, 0xF2, 0x7E, 0xFA, 0x86, 0x72, 0x86, 0x30,
    0x5F, 0xC0, 0x26, 0x2D, 0xF8, 0x91, 0xA6, 0xBD, 0xA8, 0x08, 0xA6, 0x1B, 0x30, 0xFC, 0xDC, 0x08,
    0x00, 0xC6, 0xC3, 0x4C, 0x90, 0x8F, 0xF3, 0x1E, 0xA9, 0x03, 0x86, 0x93, 0x78, 0x82, 0x6C, 0x02,
    0x34, 0xF1, 0x53, 0x37, 0x3C, 0x22, 0xA2, 0x8C, 0xCB, 0x52, 0xF2, 0xD8, 0x4F, 0xC3, 0x03, 0xBF,
    0x87, 0xEC, 0xA5, 0x3B, 0x0B, 0x94, 0x2C, 0x29, 0xDD, 0x41, 0x29, 0xB9, 0xE0, 0x07, 0x54, 0x6D,
    0x51, 0xF6, 0x92, 0x59, 0x03, 0x10, 0x59, 0xBE, 0xF8, 0xE1, 0xCF, 0xE5, 0x81, 0x82, 0x24, 0xB2,
    0xEF, 0x1E, 0x79, 0x9C, 0x21, 0x9D, 0x10, 0x01, 0x63, 0x03, 0x90, 0x0F, 0x8C, 0xC4, 0x7A, 0x00,
    0xF8, 0x10, 0x11, 0x04, 0x23, 0x56, 0x23, 0x50, 0x0A, 0x92, 0x6E, 0x8E, 0x3B, 0x12, 0x6B, 0xF4,
    0xFD, 0x1B, 0x04, 0x34, 0x90, 0x30, 0x8E, 0x40, 0x36, 0x0A, 0xD1, 0x21, 0x30, 0xFF, 0x68, 0x26,
    0xE0, 0x3F, 0x32, 0x06, 0xAC, 0xE6, 0xED, 0xEC, 0x43, 0x39, 0x13, 0x1D, 0xDD, 0x01, 0x32, 0x22,
    0xAA, 0x50, 0x3E, 0xF8, 0xAC, 0xA4, 0xD7, 0x4A, 0x1C, 0xF1, 0x54, 0xFA, 0xB9, 0xC8, 0xCC, 0x62,
    0x60, 0xE2, 0x3B, 0x33, 0x11, 0x3E, 0x7E, 0x0B, 0x8F, 0xE8, 0x1E, 0x53, 0x91, 0x84, 0x01, 0x8A,
    0xF3, 0x3F, 0xEF, 0xA6, 0x0A, 0xA6, 0x05, 0x3A, 0x8F, 0x5B, 0x4B, 0xD4, 0x44, 0x00, 0x30, 0x76,
    0x56, 0x59, 0x15, 0xB0, 0x37, 0x1E, 0xFC, 0x47, 0xAE, 0x02, 0xF6, 0x2C, 0x17, 0xD3, 0xF7, 0x6C,
    0xCF, 0x46, 0xC0, 0x90, 0x3D, 0x69, 0x6E, 0xB8, 0x18, 0x11, 0x4F, 0xD6, 0xF8, 0xAA, 0x02, 0x3E,
    0xFD, 0xE1, 0xC6, 0x57, 0xBB, 0xD4, 0x0A, 0x28, 0x69, 0x4C, 0x07, 0x73, 0x97, 0x6E, 0xBB, 0x53,
    0x94, 0xFF, 0x3C, 0x44, 0xA4, 0x11, 0x01, 0x38, 0x15, 0xBC, 0x80, 0x8F, 0xC3, 0xE7, 0x53, 0x79,
    0x5D, 0x85, 0x14, 0x91, 0xE6, 0x6E, 0xE7, 0x8C, 0x84, 0xDE, 0x41, 0x94, 0xC4, 0x13, 0x80, 0xC2,
    0x32, 0x52, 0x7C, 0xCC, 0xA1, 0x77, 0x22, 0xA1, 0x57, 0xC5, 0x06, 0xD0, 0xEE, 0x24, 0x02, 0x6A,
    0x09, 0xBD, 0x06, 0x81, 0xF9, 0xD4, 0x1F, 0x2E, 0xF4, 0x1A, 0x09, 0xBD, 0x25, 0xF6, 0xD2, 0x41,
    0x82, 0x2F, 0x28, 0x37, 0x47, 0xDF, 0x6B, 0x83, 0x84, 0x9F, 0xF6, 0x88, 0xC0, 0xFA, 0x02, 0x81,
    0xE7, 0xF1, 0x49, 0x71, 0xEC, 0x4B, 0x51, 0x79, 0x50, 0x9C, 0xFF, 0x05, 0x47, 0xA5, 0x31, 0x2D,
    0x92, 0xCE, 0x1F, 0xEC, 0x47, 0x65, 0xD3, 0xCE, 0xEA, 0x2A, 0x3E, 0x61, 0x51, 0x49, 0xAD, 0xA1,
    0x37, 0xC9, 0x36, 0x37, 0xDE, 0x7D, 0xAB, 0x8D, 0xA0, 0x0A, 0x01, 0x06, 0x8C, 0x52, 0x50, 0xB4,
    0xF0, 0xC8, 0xDA, 0x8F, 0x3E, 0x52, 0xDA, 0x6C, 0x42, 0x49, 0xA1, 0x24, 0x39, 0x14, 0xCD, 0x75,
    0x6C, 0x51, 0x8E, 0x40, 0x84, 0x5A, 0x8E, 0xF0, 0x85, 0xB7, 0xE6, 0x21, 0x0E, 0xFE, 0x10, 0x2E,
    0x2A, 0xB1, 0x5C, 0x86, 0x82, 0x08, 0x5D, 0x34, 0x77, 0x9B, 0x61, 0xFC, 0x3A, 0x87, 0xF3, 0xB9,
    0xC7, 0xF2, 0x25, 0x44, 0x02, 0x7A, 0xA6, 0x0A, 0x4B, 0x42, 0xFA, 0xF8, 0x2D, 0x5C, 0xC2, 0xBC,
    0x19, 0x72, 0x22, 0x97, 0x92, 0xE3, 0x40, 0x9F, 0xB8, 0x5C, 0x6E, 0x00, 0xF3, 0xF3, 0x1E, 0x12,
    0xEA, 0x64, 0x45, 0xA1, 0xB3, 0xF3, 0x08, 0xE5, 0x30, 0x2B, 0x35, 0xC0, 0x7F, 0x22, 0x82, 0x48,
    0x0E, 0x5F, 0x45, 0x55, 0x46, 0x24, 0x7E, 0xD0, 0x96, 0xF7, 0xAF, 0xD3, 0x60, 0x7E, 0x00, 0x03,
    0xE4, 0xE3, 0x21, 0x30, 0x1F, 0xC2, 0x13, 0x10, 0x01, 0xE4, 0xD3, 0x3A, 0x16, 0xAD, 0x5A, 0xAF,
    0x1A, 0x80, 0xFF, 0x98, 0x75, 0xC0, 0xFE, 0xA2, 0x96, 0x55, 0xED, 0x2F, 0x0B, 0x9A, 0xFE, 0x2F,
    0x50, 0x8C, 0x4B, 0x76, 0x68, 0x26, 0x3E, 0xB4, 0x7F, 0x4C, 0xD5, 0xF4, 0xF5, 0xF9, 0xD4, 0x76,
    0x61, 0x39, 0xB6, 0xA7, 0x80, 0xE5, 0xDC, 0x5E, 0x75, 0x16, 0xD7, 0x71, 0xB7, 0x9F, 0xD8, 0x75,
    0x65, 0x13, 0xBA, 0x56, 0xD3, 0xDF, 0x49, 0xDE, 0xF8, 0x7F, 0xF7, 0x25, 0x6F, 0x58, 0x04, 0x98,
    0xEF, 0x33, 0x8A, 0x9F, 0x55, 0x01, 0xD9, 0xCF, 0xE0, 0xA1, 0xEC, 0x87, 0x9F, 0x37, 0xAA, 0x4B,
    0x79, 0x63, 0x2C, 0x29, 0x14, 0x24, 0x59, 0xE3, 0x1B, 0x5B, 0x94, 0xD3, 0x9C, 0x33, 0x5E, 0x0A,
    0xC0, 0x58, 0x33, 0x9A, 0x6B, 0x1E, 0xF8, 0xFC, 0xC7, 0x71, 0xD0, 0x6B, 0xBF, 0x26, 0x87, 0xB7,
    0x38, 0x39, 0x7C, 0x6B, 0x2F, 0x39, 0x0C, 0x01, 0x28, 0xDE, 0x71, 0x4C, 0x15, 0x9C, 0x07, 0x70,
    0xF2, 0x87, 0x4A, 0x0E, 0x5D, 0xFF, 0x48, 0x72, 0xB8, 0xD3, 0x00, 0x7A, 0x97, 0x1C, 0xDE, 0x6C,
    0x59, 0xA1, 0xF9, 0xA9, 0x0D, 0x00, 0x8A, 0x7F, 0xB4, 0x9F, 0xBC, 0xE4, 0x30, 0x61, 0x4D, 0x0E,
    0x28, 0xEF, 0x7F, 0xF6, 0x3D, 0x92, 0xC3, 0x8B, 0x6B, 0x72, 0xD8, 0xAC, 0xC9, 0xE1, 0xDA, 0xA2,
    0xCB, 0x4F, 0x7A, 0x72, 0x28, 0xFD, 0x9A, 0x1C, 0xE2, 0x9A, 0x1C, 0xBE, 0xF5, 0x58, 0x72, 0x18,
    0x96, 0xF2, 0xE1, 0xDC, 0xAD, 0xC9, 0xC1, 0x7D, 0xD2, 0x93, 0x43, 0x1E, 0x00, 0x43, 0xC0, 0xD9,
    0x91, 0x45, 0xCC, 0x06, 0x04, 0xE5, 0xE0, 0xE7, 0x7F, 0x41, 0xEC, 0x5E, 0xA5, 0xFE, 0x3D, 0xC4,
    0x54, 0x2C, 0x03, 0x90, 0xF7, 0x8F, 0xCC, 0xC5, 0xF3, 0x84, 0x54, 0xE6, 0x0A, 0x2C, 0xBB, 0x39,
    0x36, 0xBF, 0x87, 0x1C, 0xAE, 0x73, 0x95, 0x0E, 0xC8, 0xDC, 0x32, 0x57, 0xDE, 0x9E, 0x1D, 0xFD,
    0xCC, 0xC6, 0xEC, 0x97, 0xED, 0x32, 0x97, 0xC7, 0xFF, 0xF8, 0xD0, 0xD6, 0x75, 0x28, 0xEB, 0xB2,
    0x40, 0x6E, 0x97, 0xB9, 0x5E, 0x19, 0xCE, 0x8E, 0xDE, 0x74, 0x51, 0xFD, 0xF3, 0x10, 0x12, 0x59,
    0x55, 0xE0, 0xB9, 0x3E, 0xB4, 0x75, 0x7D, 0xF5, 0x62, 0x5D, 0x45, 0x30, 0x64, 0xE2, 0xD9, 0xD1,
    0xF8, 0xF5, 0x98, 0xF9, 0x8F, 0xF4, 0x7D, 0xFD, 0x7F, 0xED, 0x96, 0x01, 0x84, 0x25, 0x57, 0xBA,
    0xC7, 0x7F, 0x55, 0x95, 0x4C, 0xE5, 0xBD, 0x7A, 0xFA, 0x0C, 0x32, 0xEF, 0x05, 0x1D, 0x05, 0xEF,
    0x31, 0xC1, 0x4C, 0xE5, 0xB1, 0xD6, 0x58, 0x7D, 0xEF, 0xA9, 0x2C, 0xC0, 0xAE, 0x9D, 0x60, 0x92,
    0x19, 0x9B, 0xD8, 0x1E, 0xEC, 0x12, 0x60, 0xC2, 0x62, 0x1B, 0xB7, 0xA7, 0x2A, 0x09, 0x00, 0xDB,
    0x81, 0xC9, 0x02, 0x04, 0x00, 0xD0, 0xEC, 0x2C, 0x77, 0xE5, 0xA6, 0xEB, 0x8C, 0xC1, 0x20, 0x4B,
    0x4A, 0x56, 0x36, 0x08, 0x99, 0x62, 0x32, 0x82, 0x2C, 0x39, 0xD9, 0xA9, 0x31, 0xA7, 0x77, 0x4E,
    0xD5, 0xD9, 0x3A, 0x75, 0x6B, 0xA7, 0x99, 0x5D, 0x91, 0x4C, 0xB2, 0xC0, 0x56, 0xDF, 0xEF, 0xFB,
    0xEB, 0x5B, 0x5F, 0x9D, 0xEF, 0xAB, 0xFF, 0xEF, 0xA3, 0x3B, 0x31, 0x49, 0x27, 0x9D, 0xEC, 0x0E,
    0x2E, 0xF5, 0x17, 0x6C, 0x64, 0x30, 0x61, 0x4B, 0x8B, 0xA1, 0x65, 0x05, 0x2C, 0x80, 0xD9, 0xB7,
    0x88, 0x39, 0x20, 0x73, 0x48, 0x35, 0xC4, 0x3A, 0x31, 0xA9, 0x19, 0x7A, 0xD9, 0x83, 0x4B, 0xDD,
    0xCF, 0x6D, 0xDC, 0x62, 0x22, 0xDD, 0xB4, 0xC1, 0x5D, 0x6D, 0x30, 0x0D, 0xAC, 0x60, 0xEA, 0xF9,
    0xE8, 0xE1, 0x7B, 0xC9, 0x1A, 0x92, 0x3A, 0x31, 0xC9, 0xD4, 0xEB, 0xC1, 0x7B, 0xED, 0xB7, 0x98,
    0xD6, 0xB0, 0xDA, 0xFF, 0x8E, 0xDF, 0xAB, 0x81, 0xA2, 0x05, 0x8A, 0x9E, 0xE5, 0xC5, 0xE3, 0x12,
    0x6B, 0x10, 0xF9, 0xF2, 0x60, 0x48, 0x64, 0xB7, 0x0B, 0x88, 0x5D, 0x0F, 0x54, 0x2D, 0x24, 0xAE,
    0x04, 0xE9, 0x0C, 0xCB, 0x2E, 0x74, 0xBE, 0x2E, 0x53, 0x4B, 0x43, 0xA2, 0xE9, 0x7F, 0x16, 0x35,
    0x48, 0x47, 0x49, 0xD2, 0x03, 0xC1, 0x9B, 0x20, 0x1A, 0x90, 0x25, 0xCB, 0x39, 0xD8, 0x05, 0x2C,
    0x17, 0x41, 0x8E, 0x7C, 0xA9, 0x24, 0x73, 0x8A, 0xB8, 0x5F, 0xB7, 0xCD, 0x7C, 0x4D, 0x3E, 0xDC,
    0x03, 0x3B, 0x0F, 0x59, 0x4A, 0x57, 0x22, 0x86, 0x48, 0x61, 0x0C, 0xF1, 0x61, 0x43, 0xE2, 0x34,
    0x81, 0xFF, 0xAE, 0xA9, 0x4A, 0x0A, 0xE7, 0x34, 0x5D, 0xF1, 0x51, 0xBB, 0x34, 0x82, 0xD6, 0x9A,
    0xD3, 0xB4, 0x4B, 0xFB, 0x44, 0xA2, 0xD9, 0xF5, 0xB6, 0x65, 0x58, 0x10, 0xCA, 0x40, 0xA4, 0xBA,
    0x57, 0x80, 0xCA, 0x02, 0xA9, 0x01, 0x00, 0xB2, 0xB6, 0xAA, 0x59, 0x1F, 0xB1, 0xB4, 0xE2, 0x83,
    0x16, 0x6B, 0xD2, 0xF8, 0x53, 0x96, 0xE6, 0x71, 0x51, 0x82, 0x45, 0xFC, 0xA9, 0xE4, 0x32, 0xC2,
    0x29, 0xB2, 0x3C, 0x72, 0x39, 0xA2, 0x8E, 0x1A, 0x7F, 0x54, 0xA4, 0x2F, 0x02, 0xA1, 0xD3, 0x00,
    0x55, 0x03, 0x00, 0xFF, 0xF6, 0xEC, 0x11, 0x3C, 0x4B, 0x3B, 0xC8, 0x5C, 0xC9, 0x7F, 0x6C, 0xAB,
    0x19, 0x51, 0x2D, 0xF3, 0xA8, 0x16, 0x87, 0xDB, 0x2A, 0x74, 0xAE, 0x24, 0xEB, 0xFE, 0xF1, 0x7E,
    0xF9, 0xD0, 0xFD, 0xD3, 0x80, 0x84, 0xD9, 0xE9, 0x14, 0x59, 0x56, 0x08, 0x67, 0x09, 0x5D, 0x03,
    0xC0, 0xD2, 0xDA, 0xA5, 0xE8, 0x64, 0xDF, 0x5F, 0x30, 0xF8, 0x9F, 0x15, 0x5B, 0x80, 0x30, 0x85,
    0x1D, 0xBF, 0xD1, 0xA6, 0x5D, 0xE9, 0xD9, 0x03, 0x74, 0x0D, 0x4B, 0xD9, 0x61, 0x29, 0xF2, 0x25,
    0x42, 0x41, 0xA4, 0x81, 0x9A, 0xCC, 0x12, 0x38, 0x4B, 0x74, 0x78, 0x81, 0xB8, 0x86, 0xD8, 0xDF,
    0x69, 0xC2, 0x26, 0x34, 0x85, 0xC6, 0xB9, 0xF2, 0x98, 0xD3, 0xC8, 0xFB, 0x16, 0x99, 0x57, 0x1C,
    0x27, 0x2D, 0x21, 0x51, 0x3E, 0x76, 0x10, 0xCA, 0x5D, 0x29, 0xCA, 0xCC, 0x39, 0x42, 0xD7, 0x72,
    0x35, 0x74, 0xCA, 0x84, 0x4E, 0x5F, 0xE5, 0x8A, 0x8D, 0x15, 0x5B, 0x51, 0xCB, 0x16, 0xEE, 0x05,
    0x4B, 0xE6, 0x34, 0xA1, 0xE7, 0xD2, 0x43, 0xD1, 0x43, 0x77, 0x8E, 0x40, 0x33, 0x06, 0x06, 0xA8,
    0x00, 0xD9, 0x40, 0x62, 0x01, 0x07, 0x64, 0x63, 0x8F, 0x27, 0xBC, 0x17, 0x43, 0x64, 0x2A, 0xAE,
    0x93, 0xC3, 0x4B, 0xDE, 0x8F, 0x9C, 0xCC, 0x70, 0x0A, 0xD7, 0xCC, 0x71, 0xF6, 0x14, 0xB7, 0xAB,
    0xA0, 0x21, 0x0B, 0x0D, 0x19, 0xD5, 0x95, 0x8A, 0xD4, 0x59, 0x82, 0xAA, 0x09, 0x5D, 0x4D, 0xE2,
    0x5A, 0xA2, 0xB7, 0x2C, 0xB0, 0x5A, 0x47, 0x68, 0x20, 0xD5, 0xE0, 0x4A, 0x62, 0x6F, 0x79, 0x0D,
    0x32, 0xEC, 0xD9, 0x15, 0x4E, 0x2D, 0xD2, 0x8F, 0x87, 0x88, 0xEA, 0x79, 0x1A, 0xD7, 0xD9, 0x17,
    0x97, 0x94, 0x18, 0xFA, 0x04, 0x95, 0x61, 0x39, 0x90, 0xB5, 0x91, 0x6B, 0x96, 0xE1, 0x6F, 0x74,
    0x92, 0xD3, 0x8A, 0x86, 0x36, 0xEC, 0xCF, 0x6B, 0x0A, 0xE7, 0x77, 0x2D, 0x7F, 0xF0, 0x3E, 0xFD,
    0x05, 0x82, 0x76, 0x7A, 0x9F, 0x36, 0xD4, 0xF4, 0x95, 0xA1, 0x72, 0x65, 0xE6, 0x7D, 0xFB, 0xAC,
    0xE3, 0x29, 0x51, 0xE5, 0xCC, 0x85, 0xC2, 0xC6, 0x35, 0x6D, 0x54, 0x9F, 0x22, 0xAE, 0xE5, 0xED,
    0xA3, 0x3E, 0xA7, 0xA8, 0xA6, 0xF7, 0xF9, 0x45, 0x15, 0x68, 0x32, 0x2C, 0x19, 0xF2, 0xC3, 0x8A,
    0xC4, 0x59, 0xA8, 0x1A, 0xCF, 0x67, 0x04, 0x34, 0x12, 0x1A, 0x11, 0x79, 0x46, 0x6B, 0x48, 0x8C,
    0x94, 0x7C, 0x3B, 0x8E, 0xB9, 0x16, 0xA4, 0xAF, 0x93, 0x65, 0xC1, 0x84, 0x8A, 0x44, 0xAD, 0xD3,
    0x19, 0x4F, 0xDC, 0xE3, 0xC2, 0xF3, 0x22, 0xF0, 0xC5, 0xA4, 0x7D, 0xCE, 0xD5, 0xCA, 0x69, 0x4C,
    0x7F, 0xDE, 0xF2, 0x3B, 0x4D, 0x41, 0xA0, 0x7D, 0x61, 0xF7, 0x72, 0x5C, 0x53, 0x75, 0x41, 0x4E,
    0xDA, 0x8D, 0x75, 0xAC, 0x5F, 0xD5, 0xB3, 0xF3, 0x25, 0x53, 0xC2, 0x30, 0xF1, 0xF3, 0x00, 0x27,
    0x82, 0x38, 0x80, 0x6C, 0x6A, 0xEE, 0x29, 0x22, 0x7D, 0xCA, 0xCA, 0xB8, 0xC6, 0x83, 0x64, 0x24,
    0xF9, 0x58, 0xD6, 0xC1, 0x5C, 0xB8, 0x9A, 0xB9, 0x1F, 0xFA, 0xA9, 0x39, 0x15, 0x2C, 0xFC, 0xD0,
    0x0B, 0x86, 0x42, 0xF9, 0xD3, 0x50, 0x93, 0x39, 0x4A, 0xE2, 0x1E, 0x3C, 0x53, 0x12, 0x67, 0x20,
    0xBA, 0x62, 0x01, 0x66, 0x00, 0xBB, 0x40, 0x60, 0x01, 0x61, 0x80, 0xAA, 0xC6, 0xD7, 0xAE, 0x39,
    0x23, 0x5F, 0x77, 0x39, 0x97, 0x13, 0x57, 0xB3, 0x10, 0x1F, 0x69, 0x16, 0x69, 0xA8, 0x99, 0xF9,
    0x94, 0x9D, 0x8D, 0x3C, 0x3E, 0xA7, 0x08, 0xAA, 0x0E, 0x96, 0x85, 0xCB, 0xE9, 0x9C, 0xD3, 0xBC,
    0x63, 0x12, 0x4B, 0xD4, 0x50, 0xF9, 0x94, 0x96, 0xD1, 0xE1, 0x2B, 0x89, 0xC2, 0xD9, 0x70, 0x5C,
    0x3A, 0xDF, 0x1D, 0x28, 0x7C, 0xEA, 0x5F, 0x84, 0xA0, 0x3D, 0xF2, 0x20, 0x30, 0x70, 0x50, 0x59,
    0x7F, 0xF7, 0x4D, 0x32, 0x67, 0x20, 0xFB, 0xCC, 0x31, 0x70, 0xBF, 0xA9, 0x40, 0xC6, 0x0D, 0x74,
    0xA1, 0x86, 0xE5, 0x90, 0x4E, 0x13, 0x69, 0xE4, 0xED, 0xED, 0x69, 0x02, 0xFC, 0x04, 0xA7, 0xE3,
    0xE1, 0x31, 0xE9, 0x97, 0xF7, 0xB4, 0xBC, 0xE2, 0x46, 0x0F, 0xD4, 0x90, 0x7C, 0xE1, 0x79, 0x0C,
    0x99, 0x2B, 0x2F, 0x12, 0xBB, 0x9C, 0x93, 0x8B, 0x87, 0xAF, 0x93, 0x61, 0xB9, 0x88, 0xEA, 0x6F,
    0xFA, 0xD1, 0x5F, 0x71, 0x7D, 0x2F, 0x50, 0xB3, 0x58, 0x89, 0x6D, 0x22, 0x4B, 0x68, 0x48, 0x7A,
    0xDF, 0x7E, 0xEB, 0x8E, 0x42, 0xF3, 0x88, 0x9F, 0xB7, 0x01, 0x60, 0x0B, 0xFE, 0xEB, 0xC9, 0x33,
    0x6C, 0xB2, 0x05, 0xD3, 0xA5, 0x49, 0xD8, 0x27, 0x66, 0xBA, 0xC6, 0x7B, 0x8F, 0x9D, 0x3C, 0xCE,
    0x20, 0x5C, 0x1E, 0x99, 0x8A, 0xBC, 0x52, 0x24, 0x6E, 0xD0, 0x54, 0xC1, 0xA5, 0x52, 0xE4, 0x51,
    0x7D, 0xAC, 0x4C, 0x94, 0xD7, 0x58, 0x3D, 0xAC, 0x69, 0x39, 0x6A, 0x53, 0x31, 0x68, 0x93, 0x38,
    0xEB, 0x55, 0x0B, 0xD7, 0x92, 0xE5, 0xA1, 0xC9, 0xCA, 0x83, 0xC0, 0xE5, 0x38, 0x87, 0x74, 0x83,
    0x4A, 0x43, 0xEC, 0xF6, 0x72, 0x00, 0x10, 0x93, 0x8A, 0x72, 0xD2, 0x7A, 0xAD, 0xB1, 0x5D, 0x6B,
    0x60, 0xFF, 0xE9, 0x3C, 0xEA, 0x6B, 0xCD, 0x73, 0xDB, 0x4D, 0xF3, 0x98, 0x69, 0x1E, 0x83, 0xCC,
    0xC3, 0xC3, 0x4B, 0x79, 0xF5, 0xA2, 0x9F, 0xC7, 0x3B, 0x3C, 0x68, 0xD6, 0x72, 0xEC, 0x68, 0x9E,
    0x6F, 0xA8, 0xC0, 0x0E, 0x54, 0xAD, 0xA7, 0x16, 0xB9, 0x16, 0xD1, 0x92, 0xDC, 0x7D, 0x1E, 0x99,
    0x23, 0x14, 0xBC, 0xCB, 0xFF, 0x8A, 0x12, 0x2C, 0x0B, 0x2F, 0x86, 0x45, 0x52, 0x7B, 0x59, 0x45,
    0xF7, 0x7B, 0x0C, 0x07, 0xE7, 0x5C, 0xCF, 0x0A, 0x67, 0xFB, 0x73, 0x14, 0x3F, 0xBC, 0xDF, 0x6B,
    0xC8, 0x9C, 0x8E, 0x1A, 0x88, 0x5D, 0xE9, 0x05, 0x88, 0x9A, 0xA0, 0xF6, 0xA2, 0x23, 0x0D, 0xD0,
    0x9F, 0x1F, 0xA5, 0x70, 0x0D, 0x40, 0xE2, 0x72, 0x48, 0x3A, 0x3F, 0x8C, 0x5F, 0x53, 0x91, 0x87,
    0xEE, 0x9A, 0xB7, 0x26, 0x75, 0x2A, 0xAE, 0x45, 0x2E, 0x4B, 0xA2, 0x41, 0x56, 0xE0, 0x7F, 0x33,
    0x20, 0xD4, 0x28, 0x55, 0xEE, 0x25, 0xF2, 0xCF, 0x59, 0x52, 0x43, 0x96, 0x17, 0xCF, 0xB9, 0xEA,
    0x39, 0x97, 0x67, 0xCE, 0x7A, 0x47, 0x62, 0x57, 0x3F, 0x00, 0x24, 0x26, 0x29, 0x27, 0x3A, 0x13,
    0x9C, 0x89, 0xCD, 0x57, 0x76, 0xBF, 0x92, 0x7F, 0xFB, 0xEE, 0x5F, 0x5B, 0x20, 0xEB, 0x89, 0x7B,
    0x66, 0x38, 0xA7, 0x52, 0x57, 0xCE, 0xF8, 0xFD, 0xB6, 0x96, 0xFE, 0xAF, 0x3A, 0x91, 0x9E, 0x47,
    0xF5, 0xA0, 0xB4, 0x72, 0xD2, 0xF4, 0x47, 0x6A, 0xD4, 0x63, 0x59, 0x39, 0x68, 0xD8, 0x86, 0x8E,
    0x41, 0x63, 0xE7, 0xCC, 0xA0, 0x07, 0x85, 0x73, 0x8A, 0x5D, 0x9C, 0x43, 0xA8, 0xA0, 0xA3, 0x32,
    0x44, 0x87, 0xDB, 0x1D, 0xA1, 0x26, 0x70, 0x6E, 0x17, 0x2C, 0x64, 0x66, 0x06, 0x12, 0x60, 0x0E,
    0xE9, 0xA7, 0xE0, 0x81, 0xC7, 0x0E, 0x48, 0x35, 0x54, 0x40, 0xAC, 0xD7, 0xF3, 0x4C, 0xE3, 0x4C,
    0xD3, 0x4C, 0xC3, 0x4C, 0xB3, 0x4C, 0xA3, 0x4C, 0x93, 0x4C, 0x83, 0x4C, 0x73, 0x4C, 0x63, 0x4C,
    0x53, 0xD4, 0xEB, 0x21, 0xF4, 0x7A, 0x06, 0x35, 0x8E, 0xD0, 0x4D, 0x13, 0x4C, 0x03, 0xB0, 0xEE,
    0x0F, 0x54, 0x1C, 0xB9, 0x31, 0x99, 0x31, 0x79, 0x31, 0x59, 0x31, 0x39, 0x31, 0x19, 0x31, 0xF9,
    0x30, 0xD9, 0x30, 0xB9, 0x30, 0x99, 0x30, 0x79, 0x30, 0x59, 0x30, 0x39, 0xC0, 0x64, 0x80, 0x04,
    0x98, 0xAD, 0xBB, 0xFB, 0xE7, 0x46, 0xA1, 0x5A, 0x0B, 0x47, 0x72, 0x12, 0x70, 0xCE, 0xF8, 0x8F,
    0xA2, 0x50, 0x64, 0x8A, 0x63, 0x70, 0x19, 0xA8, 0x14, 0xA4, 0x0A, 0xA2, 0xFA, 0xA1, 0x68, 0xA6,
    0xD0, 0x41, 0x19, 0x1E, 0x6E, 0x2B, 0xFC, 0x30, 0x59, 0xE7, 0x4D, 0x46, 0x36, 0xF0, 0x3F, 0x1A,
    0x8F, 0x83, 0xE0, 0xA1, 0xC8, 0x86, 0x3A, 0xE9, 0x43, 0x83, 0xD0, 0x1E, 0x02, 0x00, 0x64, 0x6B,
    0x0E, 0x03, 0x84, 0xE9, 0x41, 0xDA, 0x29, 0x0E, 0x5F, 0x26, 0x74, 0x1D, 0x89, 0xB3, 0x07, 0x95,
    0x6F, 0x03, 0x95, 0x2F, 0x69, 0x01, 0x0B, 0xC8, 0xC9, 0xDD, 0xC8, 0x01, 0x15, 0x99, 0x01, 0x64,
    0x0F, 0x3C, 0x53, 0xEC, 0xCF, 0x52, 0x84, 0x9E, 0x67, 0x08, 0x53, 0x49, 0xA4, 0x74, 0x5D, 0xD0,
    0x27, 0xAF, 0xB7, 0xB4, 0x30, 0x35, 0x35, 0x34, 0xB2, 0x0F, 0xF4, 0xFF, 0x15, 0x34, 0x88, 0x1C,
    0xC4, 0x4F, 0x36, 0x90, 0x69, 0x1A, 0x74, 0x1B, 0x1B, 0x68, 0xA6, 0x1A, 0x7F, 0x5E, 0xA4, 0x4F,
    0x14, 0x62, 0x07, 0xF1, 0xE3, 0xCD, 0x31, 0xE4, 0xC6, 0x56, 0xD0, 0xC7, 0x9A, 0xE9, 0xA4, 0xA9,
    0xA9, 0xB8, 0x3E, 0x54, 0xCD, 0xBE, 0x18, 0xCA, 0xF6, 0x17, 0x9B, 0xEB, 0x24, 0xCF, 0xF4, 0x43,
    0x65, 0x7A, 0x7D, 0x2A, 0x9D, 0xAE, 0x0D, 0x8E, 0x3F, 0xF9, 0x64, 0x8A, 0x59, 0xCD, 0x04, 0xA6,
    0xDB, 0x85, 0xCA, 0xD9, 0x66, 0x3F, 0xBB, 0xF1, 0xA5, 0x6E, 0x81, 0x66, 0x1F, 0x90, 0x65, 0xBB,
    0x9A, 0xDD, 0x6D, 0x86, 0x12, 0xF5, 0xAA, 0xED, 0x57, 0xEA, 0xD5, 0x62, 0x28, 0xD1, 0xE9, 0x1B,
    0x8D, 0x54, 0x4C, 0x97, 0x95, 0xB4, 0xFA, 0xDE, 0x27, 0xF7, 0x4A, 0xA3, 0xEF, 0xC5, 0xD7, 0x54,
    0xF7, 0x57, 0x9F, 0x0B, 0x77, 0x67, 0xEF, 0x96, 0xCA, 0x92, 0xD7, 0xAC, 0x84, 0x69, 0xB8, 0xC8,
    0xE5, 0xC3, 0x70, 0xAE, 0x7C, 0xA6, 0x90, 0x6F, 0x81, 0xB8, 0xCC, 0x94, 0xE4, 0x1C, 0x82, 0x2E,
    0x03, 0x5A, 0x01, 0x00, 0x44, 0x65, 0xAC, 0x22, 0x05, 0x57, 0xCF, 0x98, 0xC5, 0xD5, 0x33, 0x95,
    0xD2, 0xBA, 0x68, 0xDB, 0xF6, 0x84, 0xDD, 0xDF, 0x67, 0xBE, 0x01, 0x69, 0x0A, 0x62, 0x0F, 0x62,
    0x05, 0x61, 0x4E, 0xD4, 0x09, 0x41, 0xE4, 0xF6, 0xCE, 0xE6, 0xC1, 0x4B, 0x1F, 0x27, 0x54, 0x1F,
    0x68, 0x4D, 0x61, 0xBF, 0xD4, 0x9C, 0xA8, 0x96, 0x0D, 0x08, 0x0B, 0x84, 0xE7, 0xA0, 0xA8, 0xB5,
    0x96, 0xD3, 0x39, 0x6B, 0x60, 0xC2, 0x9F, 0x93, 0x93, 0xBC, 0x07, 0xBE, 0x1D, 0x00, 0x0D, 0xD0,
    0x3E, 0x42, 0x18, 0xA0, 0x63, 0x5A, 0xD5, 0x32, 0xEA, 0x85, 0x20, 0x74, 0xEF, 0x9F, 0xCD, 0xF1,
    0x33, 0x11, 0x6A, 0x28, 0x9A, 0x56, 0x23, 0xED, 0xAA, 0x1D, 0x06, 0x5B, 0xED, 0x43, 0xD2, 0x01,
    0x41, 0xBE, 0x46, 0x01, 0x88, 0xFC, 0xDB, 0xA6, 0xD2, 0xA7, 0x1A, 0x48, 0x2C, 0x10, 0x18, 0x00,
    0x7C, 0xF3, 0xA0, 0x49, 0x9B, 0x13, 0xCE, 0x51, 0x38, 0xD3, 0x64, 0xEE, 0x35, 0x4D, 0x8E, 0x06,
    0x80, 0x53, 0x1B, 0x30, 0x4F, 0xBD, 0xFA, 0xC1, 0x8B, 0x36, 0x69, 0x4E, 0xD8, 0xD9, 0x0E, 0xF3,
    0x67, 0x37, 0x49, 0x87, 0x10, 0x3B, 0x5B, 0x24, 0xEF, 0x6B, 0xC2, 0x92, 0xA8, 0x03, 0x06, 0x88,
    0x3D, 0xA4, 0xD7, 0x3F, 0x2A, 0x89, 0x6E, 0x05, 0xAA, 0x6A, 0xEE, 0x04, 0xAA, 0xE8, 0xEE, 0xBD,
    0xA1, 0x28, 0xAC, 0x83, 0x78, 0x09, 0x00, 0x54, 0x25, 0x50, 0xE8, 0xE4, 0x75, 0x7F, 0xDC, 0xE7,
    0xFE, 0xBC, 0xC5, 0x26, 0x99, 0x4F, 0x62, 0xA7, 0x1F, 0x8E, 0xBC, 0x79, 0x7D, 0x3C, 0x93, 0xA8,
    0x07, 0x88, 0x5C, 0x69, 0x53, 0x78, 0xE9, 0x8F, 0x9F, 0xFC, 0x40, 0x11, 0xDE, 0x89, 0xFF, 0x5F,
    0x15, 0xCD, 0xFD, 0x21, 0xCB, 0xEE, 0x9D, 0xBD, 0xEF, 0x2B, 0x2E, 0xBD, 0x6B, 0xD3, 0x9C, 0xE8,
    0xCF, 0xF0, 0x60, 0x3F, 0x44, 0x17, 0x0F, 0x77, 0x23, 0xD5, 0x5F, 0x00, 0xE3, 0xF7, 0x04, 0xB3,
    0xF0, 0xBA, 0x02, 0xB6, 0x80, 0xB8, 0x47, 0x34, 0x99, 0x63, 0xB6, 0x23, 0x5F, 0xE0, 0xD9, 0xCD,
    0x5D, 0x86, 0xB4, 0x80, 0x33, 0x5B, 0x43, 0x12, 0x7A, 0x0E, 0x90, 0x71, 0x74, 0x55, 0xB5, 0x68,
    0x64, 0xE4, 0xEA, 0xD9, 0xCE, 0xBD, 0xBD, 0xDB, 0xE5, 0xB3, 0x9B, 0xD7, 0xDE, 0x2F, 0x19, 0xF3,
    0xF0, 0xC4, 0xAD, 0x21, 0x0B, 0x5D, 0x24, 0x0A, 0x38, 0x5A, 0x13, 0xBF, 0x94, 0x99, 0x29, 0xDA,
    0xF6, 0xAE, 0xF3, 0x0B, 0xF5, 0xDB, 0xC3, 0x8B, 0xCC, 0x37, 0xA2, 0x06, 0xD2, 0xD4, 0x67, 0xB1,
    0xE7, 0x73, 0xAC, 0x3C, 0xF7, 0x30, 0xE7, 0xED, 0x71, 0x49, 0x43, 0x57, 0xFA, 0x35, 0xDD, 0x76,
    0xE3, 0xA2, 0xCA, 0xB7, 0xC6, 0x55, 0x9D, 0xE3, 0x97, 0xD5, 0x8B, 0x5F, 0xD7, 0x41, 0x10, 0x96,
    0x6C, 0xBD, 0xB2, 0xFF, 0x39, 0xAD, 0x93, 0xF1, 0x5C, 0x2A, 0xEB, 0xC9, 0x74, 0x17, 0x06, 0x2F,
    0x9F, 0x6E, 0x19, 0xE8, 0x3C, 0xAD, 0xF1, 0x7C, 0x34, 0x9E, 0x90, 0xC1, 0xFB, 0xB9, 0x33, 0x52,
    0x0A, 0x5C, 0xE9, 0x39, 0x25, 0x4E, 0x79, 0x52, 0x7B, 0x1F, 0x8E, 0xAC, 0x6E, 0xE6, 0x78, 0x5A,
    0x37, 0xC1, 0xF3, 0x1A, 0xC4, 0x13, 0x13, 0xE5, 0xC8, 0x2C, 0x51, 0x3C, 0xE0, 0x26, 0x85, 0x2A,
    0x74, 0xA5, 0xEF, 0xBD, 0xFB, 0x17, 0xA7, 0xFF, 0xDB, 0x5E, 0xD3, 0xBF, 0xBC, 0x7B, 0x91, 0xD9,
    0x35, 0xFD, 0xAB, 0x1A, 0xB2, 0x5B, 0xE6, 0x9E, 0x02, 0x51, 0x88, 0x1B, 0x0A, 0x92, 0x92, 0xA8,
    0xF1, 0x2C, 0x08, 0x35, 0x51, 0x17, 0xE9, 0x45, 0xEC, 0x88, 0xDC, 0xD9, 0x9D, 0xCF, 0x33, 0x47,
    0xB0, 0xFD, 0x87, 0xCD, 0x1B, 0xF2, 0x45, 0x88, 0xEC, 0xE6, 0x8D, 0x5D, 0xA8, 0x9A, 0x7E, 0xEB,
    0xE3, 0x85, 0xEF, 0x7D, 0x5F, 0xEF, 0x0E, 0x4A, 0x61, 0x60, 0xCE, 0xD8, 0x9D, 0x0C, 0x8E, 0xFA,
    0x8F, 0xB6, 0xEA, 0xB6, 0x75, 0xE6, 0xEF, 0xB6, 0x12, 0x69, 0xC8, 0xC4, 0x68, 0xEB, 0xB6, 0xCF,
    0xC9, 0xAF, 0x23, 0xED, 0xCD, 0x0D, 0x5A, 0x00, 0x9E, 0x07, 0xA0, 0x01, 0xA0, 0xFD, 0x4E, 0xB3,
    0x01, 0xA0, 0x03, 0xA0, 0x50, 0x00, 0xA9, 0x7A, 0x00, 0xF2, 0xEC, 0xD9, 0xB3, 0xAE, 0x0C, 0xB6,
    0xDF, 0x1B, 0x40, 0xE6, 0xDE, 0x09, 0x09, 0x55, 0x3D, 0xF1, 0xBC, 0xBB, 0xE6, 0xB9, 0x6A, 0x24,
    0x90, 0x58, 0xD2, 0x1C, 0x02, 0x78, 0x1C, 0x00, 0x36, 0xD6, 0x22, 0xF2, 0x7F, 0x8D, 0x7C, 0xC5,
    0x7F, 0x61, 0x7F, 0x03,
};

static const EpdGlyph gujarati_14_regularGlyphs[] = {
    { 4, 18, 177, 5, 18, 18, 0 }, // U+0964
    { 10, 18, 280, 5, 18, 45, 18 }, // U+0965
    { 13, 7, 0, -10, 27, 23, 63 }, // U+0A81
    { 3, 4, 0, -5, 25, 3, 86 }, // U+0A82
    { 4, 13, 116, 2, 15, 13, 89 }, // U+0A83
    { 26, 18, 412, 0, 18, 117, 102 }, // U+0A85
    { 34, 18, 536, 0, 18, 153, 219 }, // U+0A86
    { 16, 22, 296, 1, 22, 88, 372 }, // U+0A87
    { 19, 27, 296, 1, 27, 129, 460 }, // U+0A88
    { 15, 26, 292, 2, 26, 98, 589 }, // U+0A89
    { 24, 26, 414, 2, 26, 156, 687 }, // U+0A8A
    { 24, 19, 388, 0, 19, 114, 843 }, // U+0A8B
    { 20, 21, 325, 1, 18, 105, 957 }, // U+0A8C
    { 26, 26, 412, 0, 26, 169, 1062 }, // U+0A8D
    { 26, 27, 412, 0, 27, 176, 1231 }, // U+0A8F
    { 26, 27, 412, 0, 27, 176, 1407 }, // U+0A90
    { 34, 26, 536, 0, 26, 221, 1583 }, // U+0A91
    { 34, 27, 536, 0, 27, 230, 1804 }, // U+0A93
    { 34, 27, 536, 0, 27, 230, 2034 }, // U+0A94
    { 15, 18, 239, 0, 18, 68, 2264 }, // U+0A95
    { 22, 19, 348, 0, 19, 105, 2332 }, // U+0A96
    { 19, 18, 305, 0, 18, 86, 2437 }, // U+0A97
    { 17, 18, 289, 1, 18, 77, 2523 }, // U+0A98
    { 13, 18, 229, 0, 18, 59, 2600 }, // U+0A99
    { 19, 18, 308, 0, 18, 86, 2659 }, // U+0A9A
    { 19, 18, 344, 1, 18, 86, 2745 }, // U+0A9B
    { 24, 19, 384, 1, 19, 114, 2831 }, // U+0A9C
    { 19, 19, 326, 0, 19, 91, 2945 }, // U+0A9D
    { 21, 18, 323, 0, 18, 95, 3036 }, // U+0A9E
    { 12, 18, 211, 1, 18, 54, 3131 }, // U+0A9F
    { 13, 18, 241, 1, 18, 59, 3185 }, // U+0AA0
    { 13, 18, 225, 0, 18, 59, 3244 }, // U+0AA1
    { 14, 18, 241, 1, 18, 63, 3303 }, // U+0AA2
    { 22, 23, 383, 2, 18, 127, 3366 }, // U+0AA3
    { 16, 19, 267, 1, 19, 76, 3493 }, // U+0AA4
    { 17, 18, 292, 1, 18, 77, 3569 }, // U+0AA5
    { 12, 18, 218, 1, 18, 54, 3646 }, // U+0AA6
    { 16, 20, 283, 1, 20, 80, 3700 }, // U+0AA7
    { 15, 19, 255, 1, 19, 72, 3780 }, // U+0AA8
    { 17, 19, 265, 0, 19, 81, 3852 }, // U+0AAA
    { 14, 23, 239, 1, 18, 81, 3933 }, // U+0AAB
    { 20, 19, 343, 1, 19, 95, 4014 }, // U+0AAC
    { 22, 18, 378, 1, 18, 99, 4109 }, // U+0AAD
    { 17, 19, 277, 1, 19, 81, 4208 }, // U+0AAE
    { 17, 18, 277, 0, 18, 77, 4289 }, // U+0AAF
    { 13, 18, 208, 0, 18, 59, 4366 }, // U+0AB0
    { 18, 18, 304, 1, 18, 81, 4425 }, // U+0AB2
    { 21, 19, 350, 1, 19, 100, 4506 }, // U+0AB3
    { 16, 19, 269, 1, 19, 76, 4606 }, // U+0AB5
    { 19, 19, 316, 1, 19, 91, 4682 }, // U+0AB6
    { 17, 19, 270, 0, 19, 81, 4773 }, // U+0AB7
    { 20, 18, 332, 1, 18, 90, 4854 }, // U+0AB8
    { 18, 18, 295, 1, 18, 81, 4944 }, // U+0AB9
    { 3, 3, 0, -9, -3, 3, 5025 }, // U+0ABC
    { 13, 17, 220, 0, 18, 56, 5028 }, // U+0ABD
    { 5, 18, 124, 3, 18, 23, 5084 }, // U+0ABE
    { 16, 27, 124, 3, 27, 108, 5107 }, // U+0ABF
    { 13, 27, 124, -5, 27, 88, 5215 }, // U+0AC0
    { 15, 8, 0, -14, 0, 30, 5303 }, // U+0AC1
    { 15, 8, 0, -10, 0, 30, 5333 }, // U+0AC2
    { 9, 9, 0, -8, 1, 21, 5363 }, // U+0AC3
    { 10, 12, 0, -8, 0, 30, 5384 }, // U+0AC4
    { 11, 7, 0, -12, 26, 20, 5414 }, // U+0AC5
    { 10, 9, 0, -12, 28, 23, 5434 }, // U+0AC7
    { 12, 9, 0, -14, 27, 27, 5457 }, // U+0AC8
    { 12, 26, 124, -4, 26, 78, 5484 }, // U+0AC9
    { 12, 27, 124, -4, 27, 81, 5562 }, // U+0ACB
    { 14, 27, 124, -6, 27, 95, 5643 }, // U+0ACC
    { 11, 7, 0, -6, -1, 20, 5738 }, // U+0ACD
    { 26, 26, 415, -1, 26, 169, 5758 }, // U+0AD0
    { 27, 19, 418, 0, 19, 129, 5927 }, // U+0AE0
    { 21, 24, 325, 1, 19, 126, 6056 }, // U+0AE1
    { 16, 12, 0, -14, 0, 48, 6182 }, // U+0AE2
    { 18, 12, 0, -14, 0, 54, 6230 }, // U+0AE3
    { 13, 13, 257, 2, 16, 43, 6284 }, // U+0AE6
    { 12, 18, 257, 2, 18, 54, 6327 }, // U+0AE7
    { 13, 18, 257, 2, 18, 59, 6381 }, // U+0AE8
    { 13, 18, 257, 1, 18, 59, 6440 }, // U+0AE9
    { 17, 19, 257, -1, 19, 81, 6499 }, // U+0AEA
    { 16, 19, 257, 0, 19, 76, 6580 }, // U+0AEB
    { 13, 21, 257, 2, 18, 69, 6656 }, // U+0AEC
    { 15, 18, 257, 1, 18, 68, 6725 }, // U+0AED
    { 13, 19, 257, 2, 19, 62, 6793 }, // U+0AEE
    { 14, 19, 257, 1, 19, 67, 6855 }, // U+0AEF
    { 9, 9, 179, 1, 15, 21, 6922 }, // U+0AF0
    { 23, 24, 382, 0, 18, 138, 6943 }, // U+0AF1
    { 24, 20, 384, 1, 19, 120, 7081 }, // U+0AF9
    { 9, 10, 0, -10, 28, 23, 7201 }, // U+0AFA
    { 12, 5, 0, -11, 25, 15, 7224 }, // U+0AFB
    { 15, 6, 0, -14, 26, 23, 7239 }, // U+0AFC
    { 7, 7, 0, -11, 27, 13, 7262 }, // U+0AFD
    { 7, 7, 0, -11, 26, 13, 7275 }, // U+0AFE
    { 13, 7, 0, -14, 26, 23, 7288 }, // U+0AFF
    { 0, 0, 0, 0, 0, 0, 0 }, // U+200C
    { 0, 0, 0, 0, 0, 0, 0 }, // U+200D
    { 13, 13, 238, 1, 16, 43, 0 }, // U+25CC
    { 13, 21, 280, 2, 21, 69, 43 }, // U+F0000
    { 0, 0, 140, 0, 0, 0, 112 }, // U+F0001
    { 13, 7, 0, -10, 27, 23, 112 }, // U+F0002
    { 3, 4, 0, -5, 25, 3, 135 }, // U+F0003
    { 4, 13, 116, 2, 15, 13, 138 }, // U+F0004
    { 26, 18, 412, 0, 18, 117, 151 }, // U+F0005
    { 34, 18, 536, 0, 18, 153, 268 }, // U+F0006
    { 16, 22, 296, 1, 22, 88, 421 }, // U+F0007
    { 19, 27, 296, 1, 27, 129, 509 }, // U+F0008
    { 15, 26, 292, 2, 26, 98, 638 }, // U+F0009
    { 24, 26, 414, 2, 26, 156, 736 }, // U+F000A
    { 24, 19, 388, 0, 19, 114, 892 }, // U+F000B
    { 20, 21, 325, 1, 18, 105, 1006 }, // U+F000C
    { 26, 26, 412, 0, 26, 169, 1111 }, // U+F000D
    { 26, 27, 412, 0, 27, 176, 1280 }, // U+F000E
    { 26, 27, 412, 0, 27, 176, 1456 }, // U+F000F
    { 34, 26, 536, 0, 26, 221, 1632 }, // U+F0010
    { 34, 27, 536, 0, 27, 230, 1853 }, // U+F0011
    { 34, 27, 536, 0, 27, 230, 2083 }, // U+F0012
    { 15, 18, 239, 0, 18, 68, 2313 }, // U+F0013
    { 22, 19, 348, 0, 19, 105, 2381 }, // U+F0014
    { 19, 18, 305, 0, 18, 86, 2486 }, // U+F0015
    { 17, 18, 289, 1, 18, 77, 2572 }, // U+F0016
    { 13, 18, 229, 0, 18, 59, 2649 }, // U+F0017
    { 19, 18, 308, 0, 18, 86, 2708 }, // U+F0018
    { 19, 18, 344, 1, 18, 86, 2794 }, // U+F0019
    { 24, 19, 384, 1, 19, 114, 2880 }, // U+F001A
    { 19, 19, 326, 0, 19, 91, 2994 }, // U+F001B
    { 21, 18, 323, 0, 18, 95, 3085 }, // U+F001C
    { 12, 18, 211, 1, 18, 54, 3180 }, // U+F001D
    { 13, 18, 241, 1, 18, 59, 3234 }, // U+F001E
    { 13, 18, 225, 0, 18, 59, 3293 }, // U+F001F
    { 14, 18, 241, 1, 18, 63, 3352 }, // U+F0020
    { 22, 23, 383, 2, 18, 127, 3415 }, // U+F0021
    { 16, 19, 267, 1, 19, 76, 3542 }, // U+F0022
    { 17, 18, 292, 1, 18, 77, 3618 }, // U+F0023
    { 12, 18, 218, 1, 18, 54, 3695 }, // U+F0024
    { 16, 20, 283, 1, 20, 80, 3749 }, // U+F0025
    { 15, 19, 255, 1, 19, 72, 3829 }, // U+F0026
    { 17, 19, 265, 0, 19, 81, 3901 }, // U+F0027
    { 14, 23, 239, 1, 18, 81, 3982 }, // U+F0028
    { 20, 19, 343, 1, 19, 95, 4063 }, // U+F0029
    { 22, 18, 378, 1, 18, 99, 4158 }, // U+F002A
    { 17, 19, 277, 1, 19, 81, 4257 }, // U+F002B
    { 17, 18, 277, 0, 18, 77, 4338 }, // U+F002C
    { 13, 18, 208, 0, 18, 59, 4415 }, // U+F002D
    { 18, 18, 304, 1, 18, 81, 4474 }, // U+F002E
    { 21, 19, 350, 1, 19, 100, 4555 }, // U+F002F
    { 16, 19, 269, 1, 19, 76, 4655 }, // U+F0030
    { 19, 19, 316, 1, 19, 91, 4731 }, // U+F0031
    { 17, 19, 270, 0, 19, 81, 4822 }, // U+F0032
    { 20, 18, 332, 1, 18, 90, 4903 }, // U+F0033
    { 18, 18, 295, 1, 18, 81, 4993 }, // U+F0034
    { 3, 3, 0, -9, -3, 3, 5074 }, // U+F0035
    { 13, 17, 220, 0, 18, 56, 5077 }, // U+F0036
    { 5, 18, 124, 3, 18, 23, 5133 }, // U+F0037
    { 16, 27, 124, 3, 27, 108, 5156 }, // U+F0038
    { 13, 27, 124, -5, 27, 88, 5264 }, // U+F0039
    { 15, 8, 0, -14, 0, 30, 5352 }, // U+F003A
    { 15, 8, 0, -10, 0, 30, 5382 }, // U+F003B
    { 9, 9, 0, -8, 1, 21, 5412 }, // U+F003C
    { 10, 12, 0, -8, 0, 30, 5433 }, // U+F003D
    { 11, 7, 0, -12, 26, 20, 5463 }, // U+F003E
    { 10, 9, 0, -12, 28, 23, 5483 }, // U+F003F
    { 12, 9, 0, -14, 27, 27, 5506 }, // U+F0040
    { 12, 26, 124, -4, 26, 78, 5533 }, // U+F0041
    { 12, 27, 124, -4, 27, 81, 5611 }, // U+F0042
    { 14, 27, 124, -6, 27, 95, 5692 }, // U+F0043
    { 11, 7, 0, -6, -1, 20, 5787 }, // U+F0044
    { 26, 26, 415, -1, 26, 169, 5807 }, // U+F0045
    { 27, 19, 418, 0, 19, 129, 5976 }, // U+F0046
    { 21, 24, 325, 1, 19, 126, 6105 }, // U+F0047
    { 16, 12, 0, -14, 0, 48, 6231 }, // U+F0048
    { 18, 12, 0, -14, 0, 54, 6279 }, // U+F0049
    { 13, 13, 257, 2, 16, 43, 6333 }, // U+F004A
    { 12, 18, 257, 2, 18, 54, 6376 }, // U+F004B
    { 13, 18, 257, 2, 18, 59, 6430 }, // U+F004C
    { 13, 18, 257, 1, 18, 59, 6489 }, // U+F004D
    { 17, 19, 257, -1, 19, 81, 6548 }, // U+F004E
    { 16, 19, 257, 0, 19, 76, 6629 }, // U+F004F
    { 13, 21, 257, 2, 18, 69, 6705 }, // U+F0050
    { 15, 18, 257, 1, 18, 68, 6774 }, // U+F0051
    { 13, 19, 257, 2, 19, 62, 6842 }, // U+F0052
    { 14, 19, 257, 1, 19, 67, 6904 }, // U+F0053
    { 9, 9, 179, 1, 15, 21, 6971 }, // U+F0054
    { 23, 24, 382, 0, 18, 138, 6992 }, // U+F0055
    { 24, 20, 384, 1, 19, 120, 7130 }, // U+F0056
    { 9, 10, 0, -10, 28, 23, 7250 }, // U+F0057
    { 12, 5, 0, -11, 25, 15, 7273 }, // U+F0058
    { 15, 6, 0, -14, 26, 23, 7288 }, // U+F0059
    { 7, 7, 0, -11, 27, 13, 7311 }, // U+F005A
    { 7, 7, 0, -11, 26, 13, 7324 }, // U+F005B
    { 13, 7, 0, -14, 26, 23, 7337 }, // U+F005C
    { 15, 23, 239, 0, 18, 87, 7360 }, // U+F005D
    { 22, 19, 348, 0, 19, 105, 7447 }, // U+F005E
    { 19, 18, 305, 0, 18, 86, 7552 }, // U+F005F
    { 17, 20, 289, 1, 18, 85, 7638 }, // U+F0060
    { 13, 23, 229, 0, 18, 75, 7723 }, // U+F0061
    { 19, 19, 308, 0, 18, 91, 7798 }, // U+F0062
    { 19, 23, 344, 1, 18, 110, 7889 }, // U+F0063
    { 24, 24, 384, 1, 19, 144, 7999 }, // U+F0064
    { 20, 24, 326, 0, 19, 120, 8143 }, // U+F0065
    { 21, 18, 323, 0, 18, 95, 8263 }, // U+F0066
    { 12, 23, 211, 1, 18, 69, 8358 }, // U+F0067
    { 13, 23, 241, 1, 18, 75, 8427 }, // U+F0068
    { 13, 23, 225, 0, 18, 75, 8502 }, // U+F0069
    { 14, 23, 241, 1, 18, 81, 8577 }, // U+F006A
    { 22, 23, 383, 2, 18, 127, 8658 }, // U+F006B
    { 16, 24, 267, 1, 19, 96, 8785 }, // U+F006C
    { 17, 19, 292, 1, 18, 81, 8881 }, // U+F006D
    { 12, 23, 218, 1, 18, 69, 8962 }, // U+F006E
    { 16, 22, 283, 1, 20, 88, 9031 }, // U+F006F
    { 15, 19, 255, 1, 19, 72, 9119 }, // U+F0070
    { 17, 20, 265, 0, 19, 85, 9191 }, // U+F0071
    { 14, 26, 239, 1, 18, 91, 9276 }, // U+F0072
    { 20, 20, 343, 1, 19, 100, 9367 }, // U+F0073
    { 22, 19, 378, 1, 18, 105, 9467 }, // U+F0074
    { 17, 21, 277, 1, 19, 90, 9572 }, // U+F0075
    { 18, 19, 277, 0, 18, 86, 9662 }, // U+F0076
    { 13, 21, 208, 0, 18, 69, 9748 }, // U+F0077
    { 18, 20, 304, 1, 18, 90, 9817 }, // U+F0078
    { 21, 21, 350, 1, 19, 111, 9907 }, // U+F0079
    { 16, 20, 269, 1, 19, 80, 10018 }, // U+F007A
    { 19, 22, 316, 1, 19, 105, 10098 }, // U+F007B
    { 17, 20, 270, 0, 19, 85, 10203 }, // U+F007C
    { 20, 21, 332, 1, 18, 105, 10288 }, // U+F007D
    { 17, 23, 295, 1, 18, 98, 10393 }, // U+F007E
    { 20, 20, 335, 1, 18, 100, 10491 }, // U+F007F
    { 20, 21, 322, 1, 19, 105, 10591 }, // U+F0080
    { 8, 9, 0, -6, 27, 18, 10696 }, // U+F0081
    { 13, 7, 0, -14, 0, 23, 10714 }, // U+F0082
    { 16, 18, 239, 0, 18, 72, 10737 }, // U+F0083
    { 18, 13, 262, 0, 18, 59, 10809 }, // U+F0084
    { 12, 13, 191, 0, 18, 39, 10868 }, // U+F0085
    { 13, 15, 205, 1, 18, 49, 10907 }, // U+F0086
    { 14, 26, 229, 0, 18, 91, 10956 }, // U+F0087
    { 15, 14, 219, 0, 18, 53, 11047 }, // U+F0088
    { 19, 26, 344, 1, 18, 124, 11100 }, // U+F0089
    { 24, 18, 379, 1, 18, 108, 11224 }, // U+F008A
    { 19, 19, 295, 0, 19, 91, 11332 }, // U+F008B
    { 16, 13, 230, 0, 18, 52, 11423 }, // U+F008C
    { 13, 26, 211, 1, 18, 85, 11475 }, // U+F008D
    { 14, 26, 241, 1, 18, 91, 11560 }, // U+F008E
    { 14, 26, 225, 0, 18, 91, 11651 }, // U+F008F
    { 14, 26, 241, 1, 18, 91, 11742 }, // U+F0090
    { 14, 23, 273, 2, 18, 81, 11833 }, // U+F0091
    { 11, 14, 172, 1, 14, 39, 11914 }, // U+F0092
    { 13, 14, 200, 1, 18, 46, 11953 }, // U+F0093
    { 14, 26, 218, 1, 18, 91, 11999 }, // U+F0094
    { 13, 17, 198, 1, 20, 56, 12090 }, // U+F0095
    { 10, 7, 164, 1, 13, 18, 12146 }, // U+F0096
    { 13, 13, 181, 0, 18, 43, 12164 }, // U+F0097
    { 15, 23, 239, 1, 18, 87, 12207 }, // U+F0098
    { 16, 14, 256, 1, 19, 56, 12294 }, // U+F0099
    { 17, 17, 289, 1, 18, 73, 12350 }, // U+F009A
    { 12, 14, 189, 0, 18, 42, 12423 }, // U+F009B
    { 13, 14, 193, 0, 18, 46, 12465 }, // U+F009C
    { 15, 26, 208, 0, 18, 98, 12511 }, // U+F009D
    { 13, 15, 216, 1, 18, 49, 12609 }, // U+F009E
    { 16, 14, 253, 1, 18, 56, 12658 }, // U+F009F
    { 12, 12, 193, 1, 17, 36, 12714 }, // U+F00A0
    { 11, 18, 204, 1, 18, 50, 12750 }, // U+F00A1
    { 14, 13, 200, 0, 18, 46, 12800 }, // U+F00A2
    { 16, 18, 247, 1, 18, 72, 12846 }, // U+F00A3
    { 13, 23, 211, 1, 18, 75, 12918 }, // U+F00A4
    { 24, 19, 379, 1, 18, 114, 12993 }, // U+F00A5
    { 14, 20, 225, 1, 18, 70, 13107 }, // U+F00A6
    { 15, 19, 225, 1, 18, 72, 13177 }, // U+F00A7
    { 16, 23, 239, 0, 18, 92, 13249 }, // U+F00A8
    { 18, 18, 262, 0, 18, 81, 13341 }, // U+F00A9
    { 12, 18, 191, 0, 18, 54, 13422 }, // U+F00AA
    { 13, 20, 205, 1, 18, 65, 13476 }, // U+F00AB
    { 16, 25, 229, 0, 18, 100, 13541 }, // U+F00AC
    { 15, 19, 219, 0, 18, 72, 13641 }, // U+F00AD
    { 19, 25, 344, 1, 18, 119, 13713 }, // U+F00AE
    { 24, 23, 379, 1, 18, 138, 13832 }, // U+F00AF
    { 20, 24, 295, 0, 19, 120, 13970 }, // U+F00B0
    { 16, 18, 230, 0, 18, 72, 14090 }, // U+F00B1
    { 15, 25, 211, 1, 18, 94, 14162 }, // U+F00B2
    { 15, 25, 241, 1, 18, 94, 14256 }, // U+F00B3
    { 17, 25, 225, 0, 18, 107, 14350 }, // U+F00B4
    { 15, 25, 241, 1, 18, 94, 14457 }, // U+F00B5
    { 14, 24, 273, 2, 18, 84, 14551 }, // U+F00B6
    { 11, 19, 172, 1, 14, 53, 14635 }, // U+F00B7
    { 13, 19, 200, 1, 18, 62, 14688 }, // U+F00B8
    { 15, 25, 218, 1, 18, 94, 14750 }, // U+F00B9
    { 13, 23, 198, 1, 20, 75, 14844 }, // U+F00BA
    { 10, 13, 164, 1, 13, 33, 14919 }, // U+F00BB
    { 13, 18, 181, 0, 18, 59, 14952 }, // U+F00BC
    { 15, 26, 239, 1, 18, 98, 0 }, // U+F00BD
    { 16, 20, 256, 1, 19, 80, 98 }, // U+F00BE
    { 17, 19, 289, 1, 18, 81, 178 }, // U+F00BF
    { 12, 19, 189, 0, 18, 57, 259 }, // U+F00C0
    { 13, 19, 193, 0, 18, 62, 316 }, // U+F00C1
    { 15, 25, 208, 1, 18, 94, 378 }, // U+F00C2
    { 13, 21, 216, 1, 18, 69, 472 }, // U+F00C3
    { 16, 20, 253, 1, 19, 80, 541 }, // U+F00C4
    { 12, 18, 193, 1, 17, 54, 621 }, // U+F00C5
    { 11, 21, 204, 1, 18, 58, 675 }, // U+F00C6
    { 14, 18, 200, 0, 18, 63, 733 }, // U+F00C7
    { 15, 21, 247, 1, 18, 79, 796 }, // U+F00C8
    { 13, 25, 211, 1, 18, 82, 875 }, // U+F00C9
    { 15, 18, 241, 0, 18, 68, 957 }, // U+F00CA
    { 22, 20, 348, 0, 19, 110, 1025 }, // U+F00CB
    { 19, 19, 305, 0, 18, 91, 1135 }, // U+F00CC
    { 17, 20, 290, 1, 18, 85, 1226 }, // U+F00CD
    { 14, 25, 229, 0, 18, 88, 1311 }, // U+F00CE
    { 19, 19, 309, 0, 18, 91, 1399 }, // U+F00CF
    { 19, 25, 344, 1, 18, 119, 1490 }, // U+F00D0
    { 24, 26, 384, 1, 19, 156, 1609 }, // U+F00D1
    { 19, 19, 326, 0, 19, 91, 1765 }, // U+F00D2
    { 21, 19, 323, 0, 18, 100, 1856 }, // U+F00D3
    { 13, 25, 211, 0, 18, 82, 1956 }, // U+F00D4
    { 13, 25, 241, 1, 18, 82, 2038 }, // U+F00D5
    { 13, 25, 225, 0, 18, 82, 2120 }, // U+F00D6
    { 14, 25, 241, 1, 18, 88, 2202 }, // U+F00D7
    { 22, 23, 384, 2, 18, 127, 2290 }, // U+F00D8
    { 17, 19, 272, 0, 19, 81, 2417 }, // U+F00D9
    { 17, 19, 292, 1, 18, 81, 2498 }, // U+F00DA
    { 15, 22, 229, 1, 18, 83, 2579 }, // U+F00DB
    { 16, 22, 283, 1, 20, 88, 2662 }, // U+F00DC
    { 15, 20, 255, 1, 19, 75, 2750 }, // U+F00DD
    { 17, 20, 265, 0, 19, 85, 2825 }, // U+F00DE
    { 15, 23, 241, 0, 18, 87, 2910 }, // U+F00DF
    { 20, 20, 343, 1, 19, 100, 2997 }, // U+F00E0
    { 22, 19, 378, 1, 18, 105, 3097 }, // U+F00E1
    { 17, 20, 278, 1, 19, 85, 3202 }, // U+F00E2
    { 17, 19, 277, 0, 18, 81, 3287 }, // U+F00E3
    { 18, 20, 304, 1, 19, 90, 3368 }, // U+F00E4
    { 21, 20, 350, 1, 19, 105, 3458 }, // U+F00E5
    { 16, 20, 270, 1, 19, 80, 3563 }, // U+F00E6
    { 21, 18, 336, 0, 18, 95, 3643 }, // U+F00E7
    { 17, 20, 270, 0, 19, 85, 3738 }, // U+F00E8
    { 21, 18, 341, 1, 18, 95, 3823 }, // U+F00E9
    { 16, 23, 292, 1, 18, 92, 3918 }, // U+F00EA
    { 24, 26, 384, 1, 19, 156, 4010 }, // U+F00EB
    { 21, 20, 353, 1, 18, 105, 4166 }, // U+F00EC
    { 20, 21, 329, 1, 19, 105, 4271 }, // U+F00ED
    { 15, 23, 241, 0, 18, 87, 4376 }, // U+F00EE
    { 22, 24, 348, 0, 19, 132, 4463 }, // U+F00EF
    { 19, 23, 305, 0, 18, 110, 4595 }, // U+F00F0
    { 17, 23, 290, 1, 18, 98, 4705 }, // U+F00F1
    { 14, 26, 229, 0, 18, 91, 4803 }, // U+F00F2
    { 19, 23, 309, 0, 18, 110, 4894 }, // U+F00F3
    { 19, 26, 344, 1, 18, 124, 5004 }, // U+F00F4
    { 24, 26, 384, 1, 19, 156, 5128 }, // U+F00F5
    { 20, 24, 326, -1, 19, 120, 5284 }, // U+F00F6
    { 21, 23, 323, -1, 18, 121, 5404 }, // U+F00F7
    { 13, 26, 211, 1, 18, 85, 5525 }, // U+F00F8
    { 13, 26, 241, 1, 18, 85, 5610 }, // U+F00F9
    { 14, 26, 225, 0, 18, 91, 5695 }, // U+F00FA
    { 14, 26, 241, 1, 18, 91, 5786 }, // U+F00FB
    { 22, 23, 384, 2, 18, 127, 5877 }, // U+F00FC
    { 17, 20, 272, 0, 19, 85, 6004 }, // U+F00FD
    { 17, 23, 292, 1, 18, 98, 6089 }, // U+F00FE
    { 15, 25, 229, 1, 18, 94, 6187 }, // U+F00FF
    { 16, 25, 283, 1, 20, 100, 6281 }, // U+F0100
    { 15, 24, 255, 1, 19, 90, 6381 }, // U+F0101
    { 17, 24, 265, 0, 19, 102, 6471 }, // U+F0102
    { 15, 26, 241, 0, 18, 98, 6573 }, // U+F0103
    { 20, 24, 343, 1, 19, 120, 6671 }, // U+F0104
    { 22, 23, 378, 1, 18, 127, 6791 }, // U+F0105
    { 17, 24, 278, 1, 19, 102, 6918 }, // U+F0106
    { 17, 23, 277, 0, 18, 98, 7020 }, // U+F0107
    { 13, 27, 208, 0, 18, 88, 7118 }, // U+F0108
    { 18, 24, 304, 1, 19, 108, 7206 }, // U+F0109
    { 21, 24, 350, 1, 19, 126, 7314 }, // U+F010A
    { 16, 24, 270, 1, 19, 96, 7440 }, // U+F010B
    { 21, 23, 336, 0, 18, 121, 7536 }, // U+F010C
    { 17, 24, 270, 0, 19, 102, 7657 }, // U+F010D
    { 21, 23, 341, 1, 18, 121, 7759 }, // U+F010E
    { 16, 25, 292, 1, 18, 100, 7880 }, // U+F010F
    { 16, 18, 241, 0, 18, 72, 7980 }, // U+F0110
    { 18, 19, 262, 0, 18, 86, 8052 }, // U+F0111
    { 15, 19, 212, 0, 18, 72, 8138 }, // U+F0112
    { 13, 20, 205, 1, 18, 65, 8210 }, // U+F0113
    { 16, 30, 229, 0, 18, 120, 8275 }, // U+F0114
    { 15, 19, 219, 0, 18, 72, 8395 }, // U+F0115
    { 19, 30, 344, 1, 18, 143, 8467 }, // U+F0116
    { 24, 25, 379, 1, 18, 150, 8610 }, // U+F0117
    { 19, 19, 295, 0, 19, 91, 8760 }, // U+F0118
    { 16, 19, 230, 0, 18, 76, 8851 }, // U+F0119
    { 15, 30, 211, 0, 18, 113, 8927 }, // U+F011A
    { 15, 30, 241, 1, 18, 113, 9040 }, // U+F011B
    { 15, 30, 225, 0, 18, 113, 9153 }, // U+F011C
    { 15, 30, 241, 1, 18, 113, 9266 }, // U+F011D
    { 17, 23, 290, 2, 18, 98, 9379 }, // U+F011E
    { 12, 13, 178, 0, 17, 39, 9477 }, // U+F011F
    { 13, 19, 200, 1, 18, 62, 9516 }, // U+F0120
    { 18, 29, 229, 1, 19, 131, 9578 }, // U+F0121
    { 12, 22, 198, 1, 20, 66, 9709 }, // U+F0122
    { 10, 14, 164, 1, 13, 35, 9775 }, // U+F0123
    { 13, 18, 181, 0, 18, 59, 9810 }, // U+F0124
    { 16, 23, 241, 0, 18, 92, 9869 }, // U+F0125
    { 16, 19, 256, 1, 19, 76, 9961 }, // U+F0126
    { 17, 19, 289, 1, 18, 81, 10037 }, // U+F0127
    { 12, 18, 189, 0, 18, 54, 10118 }, // U+F0128
    { 13, 19, 193, 0, 18, 62, 10172 }, // U+F0129
    { 13, 20, 216, 1, 19, 65, 10234 }, // U+F012A
    { 16, 19, 257, 1, 18, 76, 10299 }, // U+F012B
    { 12, 18, 193, 1, 17, 54, 10375 }, // U+F012C
    { 16, 17, 243, 0, 18, 68, 10429 }, // U+F012D
    { 14, 18, 200, 0, 18, 63, 10497 }, // U+F012E
    { 16, 18, 258, 1, 18, 72, 10560 }, // U+F012F
    { 19, 26, 292, 1, 18, 124, 10632 }, // U+F0130
    { 24, 25, 379, 1, 18, 150, 10756 }, // U+F0131
    { 16, 20, 260, 1, 18, 80, 10906 }, // U+F0132
    { 15, 19, 244, 1, 18, 72, 10986 }, // U+F0133
    { 16, 23, 241, 0, 18, 92, 11058 }, // U+F0134
    { 18, 23, 262, 0, 18, 104, 11150 }, // U+F0135
    { 14, 23, 212, 0, 18, 81, 11254 }, // U+F0136
    { 13, 23, 205, 1, 18, 75, 11335 }, // U+F0137
    { 17, 30, 229, 0, 18, 128, 11410 }, // U+F0138
    { 15, 23, 219, 0, 18, 87, 11538 }, // U+F0139
    { 19, 30, 344, 1, 18, 143, 11625 }, // U+F013A
    { 24, 25, 379, 1, 18, 150, 11768 }, // U+F013B
    { 20, 24, 295, -1, 19, 120, 11918 }, // U+F013C
    { 16, 23, 230, -1, 18, 92, 12038 }, // U+F013D
    { 16, 30, 211, 1, 18, 120, 12130 }, // U+F013E
    { 17, 30, 241, 1, 18, 128, 12250 }, // U+F013F
    { 17, 30, 225, 0, 18, 128, 12378 }, // U+F0140
    { 16, 30, 241, 1, 18, 120, 12506 }, // U+F0141
    { 17, 24, 290, 2, 18, 102, 12626 }, // U+F0142
    { 12, 18, 178, 0, 16, 54, 12728 }, // U+F0143
    { 13, 24, 200, 1, 18, 78, 12782 }, // U+F0144
    { 19, 26, 229, 1, 18, 124, 12860 }, // U+F0145
    { 13, 26, 198, 1, 20, 85, 12984 }, // U+F0146
    { 10, 18, 164, 1, 12, 45, 13069 }, // U+F0147
    { 13, 23, 181, 0, 18, 75, 13114 }, // U+F0148
    { 16, 26, 241, 0, 18, 104, 13189 }, // U+F0149
    { 16, 24, 256, 1, 18, 96, 13293 }, // U+F014A
    { 17, 23, 289, 1, 18, 98, 13389 }, // U+F014B
    { 12, 23, 189, 0, 18, 69, 13487 }, // U+F014C
    { 13, 24, 193, 0, 18, 78, 13556 }, // U+F014D
    { 15, 30, 208, 0, 18, 113, 13634 }, // U+F014E
    { 13, 25, 216, 1, 19, 82, 13747 }, // U+F014F
    { 16, 24, 257, 1, 18, 96, 13829 }, // U+F0150
    { 12, 22, 193, 1, 16, 66, 13925 }, // U+F0151
    { 16, 24, 243, 0, 18, 96, 13991 }, // U+F0152
    { 14, 23, 200, 0, 18, 81, 14087 }, // U+F0153
    { 16, 23, 258, 1, 18, 92, 14168 }, // U+F0154
    { 19, 26, 292, 1, 18, 124, 14260 }, // U+F0155
    { 26, 18, 417, 0, 18, 117, 14384 }, // U+F0156
    { 30, 18, 481, 0, 18, 135, 14501 }, // U+F0157
    { 20, 18, 316, 0, 18, 90, 14636 }, // U+F0158
    { 14, 26, 234, 1, 18, 91, 14726 }, // U+F0159
    { 16, 26, 234, -1, 18, 104, 14817 }, // U+F015A
    { 15, 26, 234, 0, 18, 98, 14921 }, // U+F015B
    { 16, 26, 234, -1, 18, 104, 0 }, // U+F015C
    { 30, 18, 482, 0, 18, 135, 104 }, // U+F015D
    { 37, 18, 612, 1, 18, 167, 239 }, // U+F015E
    { 19, 26, 341, 1, 18, 124, 406 }, // U+F015F
    { 37, 18, 614, 1, 18, 167, 530 }, // U+F0160
    { 24, 18, 378, 0, 18, 108, 697 }, // U+F0161
    { 23, 18, 376, 0, 18, 104, 805 }, // U+F0162
    { 13, 25, 213, 1, 18, 82, 909 }, // U+F0163
    { 14, 30, 213, 0, 18, 105, 991 }, // U+F0164
    { 15, 30, 213, 1, 18, 113, 1096 }, // U+F0165
    { 12, 25, 213, 1, 18, 75, 1209 }, // U+F0166
    { 14, 30, 213, 1, 18, 105, 1284 }, // U+F0167
    { 27, 18, 460, 1, 18, 122, 1389 }, // U+F0168
    { 27, 18, 459, 1, 18, 122, 1511 }, // U+F0169
    { 13, 25, 239, 1, 18, 82, 1633 }, // U+F016A
    { 14, 30, 239, 0, 18, 105, 1715 }, // U+F016B
    { 30, 18, 496, 1, 18, 135, 1820 }, // U+F016C
    { 14, 25, 222, 0, 18, 88, 1955 }, // U+F016D
    { 14, 30, 222, 0, 18, 105, 2043 }, // U+F016E
    { 15, 25, 222, 0, 18, 94, 2148 }, // U+F016F
    { 29, 18, 473, 0, 18, 131, 2242 }, // U+F0170
    { 14, 25, 239, 1, 18, 88, 2373 }, // U+F0171
    { 30, 18, 497, 1, 18, 135, 2461 }, // U+F0172
    { 19, 19, 312, 0, 19, 91, 2596 }, // U+F0173
    { 15, 24, 229, 1, 19, 90, 2687 }, // U+F0174
    { 22, 22, 334, 1, 18, 121, 2777 }, // U+F0175
    { 14, 22, 218, 1, 18, 77, 2898 }, // U+F0176
    { 22, 23, 334, 1, 19, 127, 2975 }, // U+F0177
    { 15, 23, 229, 1, 19, 87, 3102 }, // U+F0178
    { 20, 22, 298, 1, 18, 110, 3189 }, // U+F0179
    { 19, 26, 271, 1, 18, 124, 3299 }, // U+F017A
    { 19, 21, 329, 1, 21, 100, 3423 }, // U+F017B
    { 16, 21, 283, 1, 21, 84, 3523 }, // U+F017C
    { 20, 22, 294, 1, 18, 110, 3607 }, // U+F017D
    { 17, 18, 285, 1, 18, 77, 3717 }, // U+F017E
    { 29, 23, 481, 1, 18, 167, 3794 }, // U+F017F
    { 30, 18, 496, 1, 18, 135, 3961 }, // U+F0180
    { 26, 18, 417, 0, 18, 117, 4096 }, // U+F0181
    { 21, 18, 342, 0, 18, 95, 4213 }, // U+F0182
    { 32, 18, 507, 0, 18, 144, 4308 }, // U+F0183
    { 25, 18, 403, 0, 18, 113, 4452 }, // U+F0184
    { 22, 18, 347, 0, 18, 99, 4565 }, // U+F0185
    { 22, 25, 347, 0, 18, 138, 4664 }, // U+F0186
    { 24, 18, 385, 0, 18, 108, 4802 }, // U+F0187
    { 24, 25, 385, 0, 18, 150, 4910 }, // U+F0188
    { 30, 18, 484, 1, 18, 135, 5060 }, // U+F0189
    { 19, 22, 326, 1, 18, 105, 5195 }, // U+F018A
    { 18, 22, 299, 1, 18, 99, 5300 }, // U+F018B
    { 22, 22, 376, 1, 18, 121, 5399 }, // U+F018C
    { 22, 22, 376, 1, 18, 121, 5520 }, // U+F018D
    { 19, 22, 317, 1, 18, 105, 5641 }, // U+F018E
    { 18, 22, 308, 1, 18, 99, 5746 }, // U+F018F
    { 14, 14, 217, 0, 14, 49, 5845 }, // U+F0190
    { 14, 14, 196, 0, 18, 49, 5894 }, // U+F0191
    { 28, 27, 124, 3, 27, 189, 5943 }, // U+F0192
    { 31, 27, 124, 3, 27, 210, 6132 }, // U+F0193
    { 35, 27, 124, 3, 27, 237, 6342 }, // U+F0194
    { 34, 27, 124, 3, 27, 230, 6579 }, // U+F0195
    { 13, 27, 124, -5, 27, 88, 6809 }, // U+F0196
    { 15, 27, 124, -5, 27, 102, 6897 }, // U+F0197
    { 15, 27, 124, -5, 27, 102, 6999 }, // U+F0198
    { 11, 7, 0, -12, 26, 20, 7101 }, // U+F0199
    { 16, 9, 0, -13, 27, 36, 7121 }, // U+F019A
    { 16, 9, 0, -13, 27, 36, 7157 }, // U+F019B
    { 11, 8, 0, -12, 27, 22, 7193 }, // U+F019C
    { 14, 8, 0, -12, 27, 28, 7215 }, // U+F019D
    { 14, 8, 0, -12, 27, 28, 7243 }, // U+F019E
    { 14, 9, 0, -14, 27, 32, 7271 }, // U+F019F
    { 17, 9, 0, -15, 27, 39, 7303 }, // U+F01A0
    { 16, 9, 0, -14, 27, 36, 7342 }, // U+F01A1
    { 12, 26, 124, -5, 26, 78, 7378 }, // U+F01A2
    { 16, 27, 124, -5, 27, 108, 7456 }, // U+F01A3
    { 15, 27, 124, -5, 27, 102, 7564 }, // U+F01A4
    { 13, 27, 124, -4, 27, 88, 7666 }, // U+F01A5
    { 14, 27, 124, -4, 27, 95, 7754 }, // U+F01A6
    { 14, 27, 124, -4, 27, 95, 7849 }, // U+F01A7
    { 15, 27, 124, -6, 27, 102, 7944 }, // U+F01A8
    { 16, 27, 124, -6, 27, 108, 8046 }, // U+F01A9
    { 16, 27, 124, -6, 27, 108, 8154 }, // U+F01AA
    { 8, 9, 0, -6, 27, 18, 8262 }, // U+F01AB
    { 15, 27, 292, 2, 27, 102, 8280 }, // U+F01AC
    { 24, 26, 414, 2, 26, 156, 8382 }, // U+F01AD
    { 16, 25, 296, 1, 25, 100, 8538 }, // U+F01AE
    { 19, 27, 296, 1, 27, 129, 8638 }, // U+F01AF
    { 26, 26, 412, 0, 26, 169, 8767 }, // U+F01B0
    { 26, 27, 412, 0, 27, 176, 8936 }, // U+F01B1
    { 26, 27, 412, 0, 27, 176, 9112 }, // U+F01B2
    { 33, 26, 536, 0, 26, 215, 9288 }, // U+F01B3
    { 34, 27, 536, 0, 27, 230, 9503 }, // U+F01B4
    { 34, 27, 536, 0, 27, 230, 9733 }, // U+F01B5
    { 29, 18, 475, 1, 18, 131, 9963 }, // U+F01B6
    { 27, 23, 463, 1, 18, 156, 10094 }, // U+F01B7
    { 23, 26, 383, 2, 18, 150, 10250 }, // U+F01B8
    { 23, 26, 384, 2, 18, 150, 10400 }, // U+F01B9
    { 12, 25, 218, 1, 18, 75, 10550 }, // U+F01BA
    { 19, 18, 319, 0, 18, 86, 10625 }, // U+F01BB
    { 13, 24, 209, 0, 18, 78, 10711 }, // U+F01BC
    { 16, 22, 269, 1, 18, 88, 10789 }, // U+F01BD
    { 14, 22, 239, 1, 18, 77, 10877 }, // U+F01BE
    { 15, 22, 241, 0, 18, 83, 10954 }, // U+F01BF
    { 29, 23, 475, 1, 18, 167, 11037 }, // U+F01C0
    { 27, 25, 463, 1, 18, 169, 11204 }, // U+F01C1
    { 29, 19, 475, 1, 18, 138, 11373 }, // U+F01C2
    { 27, 23, 463, 1, 18, 156, 11511 }, // U+F01C3
    { 23, 26, 383, 2, 18, 150, 11667 }, // U+F01C4
    { 23, 26, 384, 2, 18, 150, 11817 }, // U+F01C5
    { 13, 25, 218, 1, 18, 82, 11967 }, // U+F01C6
    { 19, 21, 319, 0, 18, 100, 12049 }, // U+F01C7
    { 12, 25, 209, 1, 18, 75, 12149 }, // U+F01C8
    { 16, 25, 269, 1, 18, 100, 12224 }, // U+F01C9
    { 14, 23, 239, 1, 18, 81, 12324 }, // U+F01CA
    { 15, 23, 241, 1, 18, 87, 12405 }, // U+F01CB
    { 20, 21, 348, 0, 19, 105, 12492 }, // U+F01CC
    { 17, 20, 305, 0, 18, 85, 12597 }, // U+F01CD
    { 14, 20, 289, 1, 18, 70, 12682 }, // U+F01CE
    { 17, 20, 308, 0, 18, 85, 12752 }, // U+F01CF
    { 18, 20, 323, 0, 18, 90, 12837 }, // U+F01D0
    { 19, 23, 383, 2, 18, 110, 12927 }, // U+F01D1
    { 13, 20, 267, 1, 19, 65, 13037 }, // U+F01D2
    { 15, 20, 292, 1, 18, 75, 13102 }, // U+F01D3
    { 14, 22, 283, 1, 20, 77, 13177 }, // U+F01D4
    { 13, 20, 255, 1, 19, 65, 13254 }, // U+F01D5
    { 14, 21, 265, 0, 19, 74, 13319 }, // U+F01D6
    { 18, 20, 343, 1, 19, 90, 13393 }, // U+F01D7
    { 20, 20, 378, 1, 18, 100, 13483 }, // U+F01D8
    { 14, 21, 277, 1, 19, 74, 13583 }, // U+F01D9
    { 15, 20, 277, 0, 18, 75, 13657 }, // U+F01DA
    { 15, 20, 304, 1, 18, 75, 13732 }, // U+F01DB
    { 18, 21, 350, 1, 19, 95, 13807 }, // U+F01DC
    { 13, 20, 269, 1, 19, 65, 13902 }, // U+F01DD
    { 16, 21, 316, 1, 19, 84, 13967 }, // U+F01DE
    { 15, 21, 270, 0, 19, 79, 14051 }, // U+F01DF
    { 18, 20, 332, 1, 18, 90, 14130 }, // U+F01E0
    { 17, 20, 335, 1, 18, 85, 14220 }, // U+F01E1
    { 17, 20, 322, 1, 19, 85, 14305 }, // U+F01E2
    { 20, 21, 348, 0, 19, 105, 14390 }, // U+F01E3
    { 17, 19, 305, 0, 18, 81, 14495 }, // U+F01E4
    { 14, 20, 289, 1, 18, 70, 14576 }, // U+F01E5
    { 17, 19, 308, 0, 18, 81, 14646 }, // U+F01E6
    { 18, 19, 323, 0, 18, 86, 14727 }, // U+F01E7
    { 19, 24, 383, 2, 18, 114, 14813 }, // U+F01E8
    { 13, 24, 267, 1, 19, 78, 14927 }, // U+F01E9
    { 15, 20, 292, 1, 18, 75, 15005 }, // U+F01EA
    { 14, 21, 283, 1, 20, 74, 15080 }, // U+F01EB
    { 13, 20, 255, 1, 19, 65, 15154 }, // U+F01EC
    { 14, 21, 265, 0, 19, 74, 0 }, // U+F01ED
    { 18, 20, 343, 1, 19, 90, 74 }, // U+F01EE
    { 20, 19, 378, 1, 18, 95, 164 }, // U+F01EF
    { 14, 20, 277, 1, 19, 70, 259 }, // U+F01F0
    { 15, 20, 277, 0, 18, 75, 329 }, // U+F01F1
    { 15, 20, 304, 1, 19, 75, 404 }, // U+F01F2
    { 18, 20, 350, 1, 19, 90, 479 }, // U+F01F3
    { 13, 20, 269, 1, 19, 65, 569 }, // U+F01F4
    { 16, 22, 316, 1, 19, 88, 634 }, // U+F01F5
    { 15, 21, 270, 0, 19, 79, 722 }, // U+F01F6
    { 17, 21, 332, 1, 18, 90, 801 }, // U+F01F7
    { 20, 21, 348, 0, 19, 105, 891 }, // U+F01F8
    { 17, 20, 305, 0, 18, 85, 996 }, // U+F01F9
    { 14, 20, 290, 1, 18, 70, 1081 }, // U+F01FA
    { 17, 20, 309, 0, 18, 85, 1151 }, // U+F01FB
    { 18, 20, 323, 0, 18, 90, 1236 }, // U+F01FC
    { 19, 23, 384, 2, 18, 110, 1326 }, // U+F01FD
    { 15, 20, 272, 0, 19, 75, 1436 }, // U+F01FE
    { 15, 20, 292, 1, 18, 75, 1511 }, // U+F01FF
    { 14, 22, 283, 1, 20, 77, 1586 }, // U+F0200
    { 13, 20, 255, 1, 19, 65, 1663 }, // U+F0201
    { 14, 21, 265, 0, 19, 74, 1728 }, // U+F0202
    { 18, 20, 343, 1, 19, 90, 1802 }, // U+F0203
    { 20, 20, 378, 1, 18, 100, 1892 }, // U+F0204
    { 14, 21, 278, 1, 19, 74, 1992 }, // U+F0205
    { 15, 20, 277, 0, 18, 75, 2066 }, // U+F0206
    { 15, 20, 304, 1, 19, 75, 2141 }, // U+F0207
    { 18, 21, 350, 1, 19, 95, 2216 }, // U+F0208
    { 13, 20, 270, 1, 19, 65, 2311 }, // U+F0209
    { 18, 20, 336, 0, 18, 90, 2376 }, // U+F020A
    { 15, 21, 270, 0, 19, 79, 2466 }, // U+F020B
    { 18, 20, 341, 1, 18, 90, 2545 }, // U+F020C
    { 15, 22, 294, 1, 18, 83, 2635 }, // U+F020D
    { 18, 20, 353, 1, 18, 90, 2718 }, // U+F020E
    { 18, 20, 329, 1, 19, 90, 2808 }, // U+F020F
    { 20, 24, 348, 0, 19, 120, 2898 }, // U+F0210
    { 16, 23, 305, 0, 18, 92, 3018 }, // U+F0211
    { 14, 23, 290, 1, 18, 81, 3110 }, // U+F0212
    { 17, 23, 309, 0, 18, 98, 3191 }, // U+F0213
    { 18, 23, 323, -1, 18, 104, 3289 }, // U+F0214
    { 19, 24, 384, 2, 18, 114, 3393 }, // U+F0215
    { 14, 20, 272, 0, 18, 70, 3507 }, // U+F0216
    { 15, 24, 292, 1, 18, 90, 3577 }, // U+F0217
    { 14, 26, 283, 1, 20, 91, 3667 }, // U+F0218
    { 13, 25, 255, 1, 19, 82, 3758 }, // U+F0219
    { 14, 24, 265, 0, 19, 84, 3840 }, // U+F021A
    { 18, 24, 343, 1, 18, 108, 3924 }, // U+F021B
    { 20, 23, 378, 1, 18, 115, 4032 }, // U+F021C
    { 14, 24, 278, 1, 19, 84, 4147 }, // U+F021D
    { 15, 24, 277, 0, 18, 90, 4231 }, // U+F021E
    { 15, 25, 304, 1, 19, 94, 4321 }, // U+F021F
    { 18, 24, 350, 1, 19, 108, 4415 }, // U+F0220
    { 13, 24, 270, 1, 18, 78, 4523 }, // U+F0221
    { 18, 24, 336, 0, 18, 108, 4601 }, // U+F0222
    { 15, 24, 270, 0, 19, 90, 4709 }, // U+F0223
    { 18, 23, 341, 1, 18, 104, 4799 }, // U+F0224
    { 15, 25, 294, 1, 18, 94, 4903 }, // U+F0225
    { 28, 19, 481, 0, 18, 133, 4997 }, // U+F0226
    { 18, 19, 316, 0, 18, 86, 5130 }, // U+F0227
    { 27, 19, 482, 0, 18, 129, 5216 }, // U+F0228
    { 35, 19, 612, 1, 18, 167, 5345 }, // U+F0229
    { 35, 19, 614, 1, 18, 167, 5512 }, // U+F022A
    { 21, 20, 378, 0, 18, 105, 5679 }, // U+F022B
    { 21, 19, 376, 0, 18, 100, 5784 }, // U+F022C
    { 25, 19, 460, 1, 18, 119, 5884 }, // U+F022D
    { 25, 19, 459, 1, 18, 119, 6003 }, // U+F022E
    { 27, 19, 496, 1, 18, 129, 6122 }, // U+F022F
    { 27, 19, 473, 0, 18, 129, 6251 }, // U+F0230
    { 27, 19, 497, 1, 18, 129, 6380 }, // U+F0231
    { 17, 20, 312, 0, 19, 85, 6509 }, // U+F0232
    { 17, 22, 329, 1, 21, 94, 6594 }, // U+F0233
    { 14, 22, 283, 1, 21, 77, 6688 }, // U+F0234
    { 15, 20, 285, 1, 18, 75, 6765 }, // U+F0235
    { 27, 23, 481, 1, 18, 156, 6840 }, // U+F0236
    { 27, 20, 496, 1, 18, 135, 6996 }, // U+F0237
    { 23, 20, 417, 0, 18, 115, 7131 }, // U+F0238
    { 19, 19, 342, 0, 18, 91, 7246 }, // U+F0239
    { 29, 20, 507, 0, 18, 145, 7337 }, // U+F023A
    { 23, 20, 403, 0, 18, 115, 7482 }, // U+F023B
    { 27, 20, 484, 1, 18, 135, 7597 }, // U+F023C
    { 17, 22, 326, 1, 18, 94, 7732 }, // U+F023D
    { 15, 22, 299, 1, 18, 83, 7826 }, // U+F023E
    { 20, 22, 376, 1, 18, 110, 7909 }, // U+F023F
    { 20, 22, 376, 1, 18, 110, 8019 }, // U+F0240
    { 16, 23, 317, 1, 18, 92, 8129 }, // U+F0241
    { 16, 22, 308, 1, 18, 88, 8221 }, // U+F0242
    { 15, 14, 243, -1, 18, 53, 8309 }, // U+F0243
    { 19, 15, 339, 1, 18, 72, 8362 }, // U+F0244
    { 24, 15, 391, 1, 18, 90, 8434 }, // U+F0245
    { 13, 14, 213, 1, 18, 46, 8524 }, // U+F0246
    { 13, 14, 239, 1, 18, 46, 8570 }, // U+F0247
    { 14, 14, 221, -1, 18, 49, 8616 }, // U+F0248
    { 14, 14, 239, 1, 18, 49, 8665 }, // U+F0249
    { 24, 19, 391, 1, 18, 114, 8714 }, // U+F024A
    { 16, 22, 229, -1, 19, 88, 8828 }, // U+F024B
    { 20, 21, 337, 1, 18, 105, 8916 }, // U+F024C
    { 12, 20, 218, 1, 18, 60, 9021 }, // U+F024D
    { 20, 21, 337, 1, 18, 105, 9081 }, // U+F024E
    { 15, 21, 229, 0, 18, 79, 9186 }, // U+F024F
    { 14, 21, 229, 1, 19, 74, 9265 }, // U+F0250
    { 14, 20, 239, 1, 18, 70, 9339 }, // U+F0251
    { 15, 20, 241, 0, 18, 75, 9409 }, // U+F0252
    { 13, 15, 207, 0, 18, 49, 9484 }, // U+F0253
    { 15, 16, 243, 0, 18, 60, 9533 }, // U+F0254
    { 19, 19, 339, 1, 18, 91, 9593 }, // U+F0255
    { 24, 15, 391, 1, 18, 90, 9684 }, // U+F0256
    { 13, 16, 213, 1, 18, 52, 9774 }, // U+F0257
    { 13, 17, 239, 1, 18, 56, 9826 }, // U+F0258
    { 14, 16, 221, 0, 18, 56, 9882 }, // U+F0259
    { 14, 17, 239, 1, 18, 60, 9938 }, // U+F025A
    { 14, 24, 229, 1, 19, 84, 9998 }, // U+F025B
    { 15, 20, 239, 0, 18, 75, 10082 }, // U+F025C
    { 15, 20, 241, 0, 18, 75, 10157 }, // U+F025D
    { 13, 15, 207, 0, 18, 49, 10232 }, // U+F025E
    { 14, 12, 0, -15, 0, 42, 10281 }, // U+F025F
    { 15, 12, 0, -16, 0, 45, 10323 }, // U+F0260
    { 16, 12, 0, -14, 0, 48, 10368 }, // U+F0261
    { 18, 12, 0, -16, 0, 54, 10416 }, // U+F0262
    { 13, 12, 0, -13, 0, 39, 10470 }, // U+F0263
    { 15, 12, 0, -16, 0, 45, 10509 }, // U+F0264
    { 13, 17, 0, -13, 4, 56, 10554 }, // U+F0265
    { 16, 16, 0, -13, 4, 64, 10610 }, // U+F0266
    { 18, 16, 0, -13, 4, 72, 10674 }, // U+F0267
    { 15, 12, 0, -14, 0, 45, 10746 }, // U+F0268
    { 17, 12, 0, -15, 0, 51, 10791 }, // U+F0269
    { 15, 8, 0, -14, -3, 30, 10842 }, // U+F026A
    { 15, 8, 0, -10, -3, 30, 10872 }, // U+F026B
    { 9, 9, 0, -8, -2, 21, 10902 }, // U+F026C
    { 11, 7, 0, -6, -3, 20, 10923 }, // U+F026D
    { 3, 4, 0, -9, -2, 3, 10943 }, // U+F026E
    { 13, 27, 124, 3, 27, 88, 10946 }, // U+F026F
    { 16, 27, 124, 3, 27, 108, 11034 }, // U+F0270
    { 18, 27, 124, 3, 27, 122, 11142 }, // U+F0271
    { 21, 27, 124, 3, 27, 142, 11264 }, // U+F0272
    { 23, 27, 124, 3, 27, 156, 11406 }, // U+F0273
    { 26, 27, 124, 3, 27, 176, 11562 }, // U+F0274
    { 15, 27, 124, 3, 27, 102, 11738 }, // U+F0275
    { 18, 27, 124, 3, 27, 122, 11840 }, // U+F0276
    { 20, 27, 124, 3, 27, 135, 11962 }, // U+F0277
    { 23, 27, 124, 3, 27, 156, 12097 }, // U+F0278
    { 26, 27, 124, 3, 27, 176, 12253 }, // U+F0279
    { 28, 27, 124, 3, 27, 189, 12429 }, // U+F027A
    { 18, 27, 124, 3, 27, 122, 12618 }, // U+F027B
    { 21, 27, 124, 3, 27, 142, 12740 }, // U+F027C
    { 24, 27, 124, 3, 27, 162, 12882 }, // U+F027D
    { 27, 27, 124, 3, 27, 183, 13044 }, // U+F027E
    { 29, 27, 124, 3, 27, 196, 13227 }, // U+F027F
    { 32, 27, 124, 3, 27, 216, 13423 }, // U+F0280
    { 18, 27, 124, 3, 27, 122, 13639 }, // U+F0281
    { 20, 27, 124, 3, 27, 135, 13761 }, // U+F0282
    { 23, 27, 124, 3, 27, 156, 13896 }, // U+F0283
    { 26, 27, 124, 3, 27, 176, 14052 }, // U+F0284
    { 29, 27, 124, 3, 27, 196, 14228 }, // U+F0285
    { 31, 27, 124, 3, 27, 210, 14424 }, // U+F0286
    { 0, 0, 0, 0, 0, 0, 14634 }, // U+F0287
    { 14, 27, 124, -6, 27, 95, 14634 }, // U+F0288
    { 14, 27, 124, -6, 27, 95, 14729 }, // U+F0289
    { 13, 27, 124, -6, 27, 88, 14824 }, // U+F028A
    { 15, 27, 124, -6, 27, 102, 14912 }, // U+F028B
    { 16, 27, 124, -6, 27, 108, 15014 }, // U+F028C
    { 16, 27, 124, -6, 27, 108, 0 }, // U+F028D
    { 15, 27, 124, -6, 27, 102, 108 }, // U+F028E
    { 16, 27, 124, -6, 27, 108, 210 }, // U+F028F
    { 17, 8, 0, -16, 0, 34, 318 }, // U+F0290
    { 19, 8, 0, -14, 0, 38, 352 }, // U+F0291
    { 13, 9, 0, -12, 1, 30, 390 }, // U+F0292
    { 15, 12, 0, -12, 0, 45, 420 }, // U+F0293
    { 20, 12, 0, -18, 0, 60, 465 }, // U+F0294
    { 23, 14, 0, -18, 1, 81, 525 }, // U+F0295
    { 17, 8, 0, -16, 0, 34, 606 }, // U+F0296
    { 19, 8, 0, -14, 0, 38, 640 }, // U+F0297
    { 13, 9, 0, -12, 1, 30, 678 }, // U+F0298
    { 15, 12, 0, -12, 0, 45, 708 }, // U+F0299
    { 20, 12, 0, -18, 0, 60, 753 }, // U+F029A
    { 23, 14, 0, -18, 1, 81, 813 }, // U+F029B
    { 14, 8, 0, -13, 0, 28, 894 }, // U+F029C
    { 14, 8, 0, -13, -3, 28, 922 }, // U+F029D
    { 13, 7, 0, -10, 27, 23, 950 }, // U+F029E
    { 3, 4, 0, -5, 25, 3, 973 }, // U+F029F
    { 8, 9, 0, -7, 27, 18, 976 }, // U+F02A0
    { 8, 9, 0, -7, 27, 18, 994 }, // U+F02A1
    { 15, 7, 0, -10, -1, 27, 1012 }, // U+F02A2
    { 15, 26, 239, 1, 18, 98, 1039 }, // U+F02A3
    { 16, 26, 225, 0, 18, 104, 1137 }, // U+F02A4
    { 15, 26, 241, 1, 18, 98, 1241 }, // U+F02A5
    { 16, 26, 241, 0, 18, 104, 1339 }, // U+F02A6
    { 18, 26, 239, 1, 18, 117, 1443 }, // U+F02A7
    { 19, 26, 225, 0, 18, 124, 1560 }, // U+F02A8
    { 18, 26, 241, 1, 18, 117, 1684 }, // U+F02A9
    { 19, 26, 241, 0, 18, 124, 1801 }, // U+F02AA
    { 4, 18, 177, 5, 18, 18, 1925 }, // U+F02AB
    { 10, 18, 280, 5, 18, 45, 1943 }, // U+F02AC
    { 2, 28, 0, -1, 23, 14, 1988 }, // U+F02AD
    { 10, 28, 0, -5, 23, 70, 2002 }, // U+F02AE
    { 13, 13, 238, 1, 16, 43, 2072 }, // U+F02AF
    { 31, 18, 491, 0, 18, 140, 2115 }, // U+F02B0
    { 29, 20, 491, 0, 18, 145, 2255 }, // U+F02B1
    { 26, 18, 440, 1, 18, 117, 2400 }, // U+F02B2
    { 27, 18, 456, 1, 18, 122, 2517 }, // U+F02B3
    { 25, 20, 456, 1, 18, 125, 2639 }, // U+F02B4
    { 30, 18, 496, 1, 18, 135, 2764 }, // U+F02B5
    { 26, 18, 405, 1, 18, 117, 2899 }, // U+F02B6
    { 28, 20, 496, 1, 18, 140, 3016 }, // U+F02B7
    { 11, 7, 119, 1, 13, 20, 3156 }, // U+F02B8
    { 14, 13, 145, 0, 18, 46, 3176 }, // U+F02B9
    { 13, 14, 161, 0, 18, 46, 3222 }, // U+F02BA
    { 16, 18, 208, 1, 18, 72, 3268 }, // U+F02BB
    { 20, 9, 0, -17, 27, 45, 3340 }, // U+F02BC
    { 16, 9, 0, -16, 27, 36, 3385 }, // U+F02BD
    { 15, 9, 0, -15, 27, 34, 3421 }, // U+F02BE
    { 19, 9, 0, -18, 27, 43, 3455 }, // U+F02BF
    { 19, 7, 0, -17, 27, 34, 3498 }, // U+F02C0
    { 18, 7, 0, -16, 26, 32, 3532 }, // U+F02C1
    { 21, 7, 0, -18, 26, 37, 3564 }, // U+F02C2
    { 17, 9, 0, -15, 27, 39, 3601 }, // U+F02C3
    { 7, 7, 0, -11, 27, 13, 3640 }, // U+F02C4
    { 15, 8, 0, -13, 27, 30, 3653 }, // U+F02C5
    { 17, 8, 0, -15, 27, 34, 3683 }, // U+F02C6
    { 15, 27, 124, -5, 27, 102, 3717 }, // U+F02C7
    { 17, 27, 124, -7, 27, 115, 3819 }, // U+F02C8
    { 16, 11, 0, -18, 30, 44, 3934 }, // U+F02C9
    { 15, 8, 0, -14, 27, 30, 3978 }, // U+F02CA
    { 17, 9, 0, -16, 27, 39, 4008 }, // U+F02CB
    { 19, 8, 0, -20, 27, 38, 4047 }, // U+F02CC
    { 21, 9, 0, -23, 27, 48, 4085 }, // U+F02CD
    { 16, 8, 0, -14, 27, 32, 4133 }, // U+F02CE
    { 17, 9, 0, -15, 27, 39, 4165 }, // U+F02CF
    { 22, 9, 0, -21, 27, 50, 4204 }, // U+F02D0
    { 23, 8, 0, -19, 27, 46, 4254 }, // U+F02D1
    { 25, 8, 0, -21, 27, 50, 4300 }, // U+F02D2
    { 24, 8, 0, -19, 27, 48, 4350 }, // U+F02D3
    { 26, 9, 0, -21, 27, 59, 4398 }, // U+F02D4
    { 27, 8, 0, -23, 27, 54, 4457 }, // U+F02D5
    { 29, 9, 0, -25, 27, 66, 4511 }, // U+F02D6
    { 23, 27, 124, -13, 27, 156, 4577 }, // U+F02D7
    { 25, 27, 124, -15, 27, 169, 4733 }, // U+F02D8
};

static const EpdUnicodeInterval gujarati_14_regularIntervals[] = {
    { 0x964, 0x965, 0x0 },
    { 0xA81, 0xA83, 0x2 },
    { 0xA85, 0xA8D, 0x5 },
    { 0xA8F, 0xA91, 0xE },
    { 0xA93, 0xAA8, 0x11 },
    { 0xAAA, 0xAB0, 0x27 },
    { 0xAB2, 0xAB3, 0x2E },
    { 0xAB5, 0xAB9, 0x30 },
    { 0xABC, 0xAC5, 0x35 },
    { 0xAC7, 0xAC9, 0x3F },
    { 0xACB, 0xACD, 0x42 },
    { 0xAD0, 0xAD0, 0x45 },
    { 0xAE0, 0xAE3, 0x46 },
    { 0xAE6, 0xAF1, 0x4A },
    { 0xAF9, 0xAFF, 0x56 },
    { 0x200C, 0x200D, 0x5D },
    { 0x25CC, 0x25CC, 0x5F },
    { 0xF0000, 0xF02D8, 0x60 },
};

static const EpdFontGroup gujarati_14_regularGroups[] = {
    { 0, 3140, 7928, 93, 0 },
    { 3140, 2, 0, 2, 93 },
    { 3142, 5446, 16321, 190, 95 },
    { 8588, 5677, 16325, 159, 285 },
    { 14265, 6302, 16372, 145, 444 },
    { 20567, 6082, 16332, 160, 589 },
    { 26649, 2267, 5267, 76, 749 },
};

static BuiltinShapingFace gujarati_14_regularShaping = {
    gujaratiLayout,
    sizeof(gujaratiLayout),
    0xB01B32E1,
    1867,
    &gujarati_14_regularGlyphs[96],
    729,
    nullptr,
};

static constexpr EpdFontData gujarati_14_regular = {
    gujarati_14_regularBitmaps,
    gujarati_14_regularGlyphs,
    gujarati_14_regularIntervals,
    18,
    38,
    27,
    -12,
    true,
    gujarati_14_regularGroups,
    7,
    nullptr,
    nullptr,
    nullptr,
    nullptr,
    nullptr,
    nullptr,
    nullptr,
    nullptr,
    nullptr,
    nullptr,
    nullptr,
    0,
    0,
    0,
    0,
    nullptr,
    0,
    nullptr,  // glyphMissHandler
    nullptr,  // glyphMissCtx
    nullptr,  // coverageHandler
    &builtinShaping::shape,
    &gujarati_14_regularShaping,
};
