/**
 * generated by fontconvert.py
 * name: inter_12_regular
 * size: 12
 * mode: 1-bit
 * Command used: fontconvert.py inter_12_regular 12 ../builtinFonts/source/Inter/Inter-Regular.ttf ../builtinFonts/source/IBMPlexSansHebrew/IBMPlexSansHebrew-Regular.ttf ../builtinFonts/source/NotoSansArabic/NotoSansArabic-Regular.ttf ../builtinFonts/source/NotoSansDevanagari/NotoSansDevanagari-Regular.ttf --additional-intervals 0x05D0,0x05EA --additional-intervals 0x060C,0x060C --additional-intervals 0x061B,0x061B --additional-intervals 0x061F,0x061F --additional-intervals 0x0621,0x0621 --additional-intervals 0x0640,0x0640 --additional-intervals 0x0660,0x0669 --additional-intervals 0x06BA,0x06BA --additional-intervals 0x06D4,0x06D4 --additional-intervals 0x06F0,0x06F9 --additional-intervals 0xFB56,0xFB59 --additional-intervals 0xFB66,0xFB69 --additional-intervals 0xFB7A,0xFB7D --additional-intervals 0xFB88,0xFB95 --additional-intervals 0xFB9E,0xFB9F --additional-intervals 0xFBA6,0xFBB1 --additional-intervals 0xFBFC,0xFBFF --additional-intervals 0xFE80,0xFEFC --additional-intervals 0x0900,0x097F --additional-intervals 0x25CC,0x25CC --font-include-intervals 3:0x0900,0x097F --font-include-intervals 3:0x25CC,0x25CC --shaping-font ../builtinFonts/source/NotoSansDevanagari/NotoSansDevanagari-Regular.ttf --shaping-layout-symbol devanagariSansLayout --shaping-layout-header devanagari_sans_layout.h
 */
#pragma once
#include "EpdFontData.h"

#include "BuiltinShaping.h"
#include "devanagari_sans_layout.h"

static const uint8_t inter_12_regularBitmaps[68823] = {
    0x63, 0x9C, 0xE7, 0x39, 0xCE, 0x73, 0x9C, 0xE7, 0x38, 0x00, 0x77, 0x9C, 0x40, 0x67, 0xDF, 0xBF,
    0x7E, 0xFD, 0xFB, 0xF7, 0x06, 0x08, 0x06, 0x1C, 0x06, 0x1C, 0x0E, 0x18, 0x0E, 0x18, 0x3F, 0xFE,
    0x7F, 0xFF, 0x7F, 0xFE, 0x0C, 0x38, 0x1C, 0x30, 0x1C, 0x30, 0x1C, 0x70, 0xFF, 0xFE, 0xFF, 0xFC,
    0x18, 0x70, 0x38, 0x60, 0x38, 0x60, 0x38, 0xE0, 0x38, 0xE0, 0x03, 0x00, 0x0C, 0x00, 0x78, 0x07,
    0xF8, 0x3F, 0xF1, 0xED, 0xE7, 0x33, 0xB8, 0xC7, 0xF3, 0x01, 0xEC, 0x07, 0xF0, 0x0F, 0xF8, 0x07,
    0xF0, 0x0F, 0xE0, 0x33, 0xC0, 0xC7, 0xE3, 0x1F, 0xCC, 0xF7, 0xB7, 0x9F, 0xFE, 0x1F, 0xE0, 0x1E,
    0x00, 0x30, 0x00, 0xC0, 0x3C, 0x01, 0x87, 0xE0, 0x38, 0x7F, 0x07, 0x0E, 0x70, 0x70, 0xE3, 0x0E,
    0x0E, 0x71, 0xC0, 0xE7, 0x1C, 0x07, 0xE3, 0x80, 0x3E, 0x70, 0x00, 0x07, 0x00, 0x00, 0xE0, 0x00,
    0x1C, 0x7C, 0x01, 0xCF, 0xE0, 0x38, 0xE6, 0x07, 0x0C, 0x70, 0x60, 0xC7, 0x0E, 0x0C, 0x71, 0xC0,
    0xFE, 0x38, 0x07, 0xE0, 0x00, 0x38, 0x0F, 0x00, 0x3F, 0x80, 0xFF, 0x03, 0xC7, 0x07, 0x0E, 0x0E,
    0x1C, 0x0E, 0x70, 0x1F, 0xE0, 0x1F, 0x80, 0x3C, 0x00, 0xFC, 0x03, 0xFC, 0xEF, 0x3D, 0xDC, 0x3F,
    0xB8, 0x3E, 0x70, 0x3C, 0xF0, 0xF8, 0xFF, 0xF8, 0xFF, 0x78, 0x30, 0x00, 0x7F, 0xFF, 0xFF, 0x1C,
    0x73, 0x8E, 0x39, 0xC7, 0x1C, 0xE3, 0x8E, 0x38, 0xE3, 0x8E, 0x38, 0xE1, 0xC7, 0x1C, 0x38, 0xE1,
    0xC7, 0xC3, 0x8E, 0x1C, 0x70, 0xE3, 0x8E, 0x38, 0xE1, 0xC7, 0x1C, 0x71, 0xCE, 0x38, 0xE3, 0x9C,
    0x71, 0xCE, 0x38, 0x0C, 0x01, 0x81, 0x30, 0x76, 0xEF, 0xFC, 0x7E, 0x0F, 0xC7, 0xFE, 0xED, 0xC1,
    0x80, 0x30, 0x00, 0x00, 0x07, 0x00, 0x38, 0x01, 0xC0, 0x0E, 0x00, 0x70, 0x7F, 0xFB, 0xFF, 0xC0,
    0xE0, 0x07, 0x00, 0x38, 0x01, 0xC0, 0x0E, 0x00, 0x37, 0x77, 0xEE, 0xEC, 0xFF, 0xFF, 0xDF, 0xE0,
    0x03, 0xBC, 0xE2, 0x00, 0x00, 0x01, 0xC0, 0xC0, 0xE0, 0x70, 0x30, 0x38, 0x1C, 0x0E, 0x06, 0x07,
    0x03, 0x81, 0xC0, 0xC0, 0xE0, 0x70, 0x38, 0x38, 0x1C, 0x0E, 0x06, 0x07, 0x03, 0x80, 0x07, 0x80,
    0x7F, 0x83, 0xFF, 0x1E, 0x1C, 0x70, 0x39, 0xC0, 0xEE, 0x03, 0xB8, 0x06, 0xE0, 0x1F, 0x80, 0x7E,
    0x01, 0xF8, 0x07, 0xE0, 0x1B, 0x80, 0xE7, 0x03, 0x9C, 0x1E, 0x38, 0xF0, 0xFF, 0x81, 0xFC, 0x00,
    0xC0, 0x0E, 0x3D, 0xFF, 0xFE, 0xF9, 0xC3, 0x87, 0x0E, 0x1C, 0x38, 0x70, 0xE1, 0xC3, 0x87, 0x0E,
    0x1C, 0x38, 0x0F, 0x80, 0xFE, 0x0F, 0xF8, 0xE1, 0xE7, 0x07, 0x70, 0x19, 0x81, 0xC0, 0x0E, 0x00,
    0xF0, 0x07, 0x00, 0x70, 0x07, 0x80, 0x78, 0x07, 0x80, 0x78, 0x07, 0x80, 0x78, 0x07, 0xFF, 0xFF,
    0xFE, 0x07, 0x80, 0xFF, 0x0F, 0xFC, 0xF0, 0xE7, 0x07, 0xB0, 0x1C, 0x00, 0xE0, 0x0E, 0x07, 0xF0,
    0x3E, 0x01, 0xFC, 0x00, 0xF0, 0x03, 0x80, 0x1F, 0x80, 0xFE, 0x07, 0x78, 0x7B, 0xFF, 0x87, 0xF8,
    0x0E, 0x00, 0x00, 0x60, 0x03, 0xC0, 0x1F, 0x00, 0xFC, 0x03, 0xF0, 0x1D, 0xC0, 0xE7, 0x03, 0x9C,
    0x1C, 0x70, 0xE1, 0xC3, 0x87, 0x1C, 0x1C, 0xF0, 0x73, 0xFF, 0xFF, 0xFF, 0xDF, 0xFE, 0x00, 0x70,
    0x01, 0xC0, 0x07, 0x00, 0x3F, 0xE3, 0xFF, 0x9F, 0xFC, 0xE0, 0x07, 0x00, 0x38, 0x01, 0xC0, 0x0F,
    0xF8, 0xFF, 0xE7, 0xCF, 0x98, 0x1C, 0x00, 0xF0, 0x03, 0x80, 0x1F, 0x80, 0xFC, 0x0E, 0x78, 0xF3,
    0xFF, 0x0F, 0xF0, 0x0E, 0x00, 0x07, 0x80, 0xFF, 0x0F, 0xFC, 0x70, 0xF7, 0x03, 0xB8, 0x1F, 0x80,
    0x1D, 0xF8, 0xFF, 0xE7, 0xFF, 0xBC, 0x1F, 0xE0, 0x7E, 0x03, 0xF0, 0x1D, 0x80, 0xEE, 0x07, 0x78,
    0xF1, 0xFF, 0x87, 0xF8, 0x06, 0x00, 0xFF, 0xFF, 0xFF, 0xFF, 0xF0, 0x07, 0x00, 0xE0, 0x0E, 0x01,
    0xC0, 0x1C, 0x03, 0x80, 0x38, 0x07, 0x00, 0x70, 0x0E, 0x00, 0xE0, 0x1C, 0x01, 0xC0, 0x38, 0x03,
    0x80, 0x70, 0x00, 0x07, 0x80, 0xFF, 0x0F, 0xFC, 0xF0, 0xE7, 0x07, 0x38, 0x1D, 0xC1, 0xCE, 0x0E,
    0x3F, 0xE0, 0xFE, 0x0F, 0xFC, 0xE0, 0xEE, 0x03, 0xF0, 0x1F, 0x80, 0xFC, 0x07, 0x78, 0x7B, 0xFF,
    0x8F, 0xF8, 0x0E, 0x00, 0x0F, 0x01, 0xFE, 0x1F, 0xF8, 0xF1, 0xEF, 0x07, 0xF0, 0x1F, 0x80, 0xFC,
    0x07, 0xE0, 0x3B, 0x83, 0xDF, 0xFE, 0x7F, 0xF0, 0xFB, 0x80, 0x1F, 0x80, 0xFE, 0x0E, 0x78, 0xF3,
    0xFF, 0x07, 0xF0, 0x0C, 0x00, 0x03, 0xBC, 0xE2, 0x00, 0x00, 0x00, 0x00, 0xEF, 0x38, 0x80, 0x03,
    0x9E, 0xE2, 0x00, 0x00, 0x00, 0x00, 0x67, 0x39, 0xDC, 0xE7, 0x30, 0x00, 0x30, 0x0F, 0x03, 0xF0,
    0xFE, 0x3F, 0x87, 0xC0, 0xF0, 0x0F, 0x80, 0x7E, 0x01, 0xF8, 0x07, 0xE0, 0x1F, 0x00, 0x70, 0x01,
    0xFF, 0xFF, 0xFF, 0x7F, 0xF0, 0x00, 0x00, 0x0F, 0xFF, 0xFF, 0xFF, 0xFF, 0xC0, 0x07, 0x80, 0x3F,
    0x00, 0x7E, 0x00, 0xFC, 0x01, 0xF8, 0x03, 0xE0, 0x1F, 0x07, 0xE0, 0xFC, 0x1F, 0x81, 0xF0, 0x0E,
    0x00, 0x20, 0x00, 0x0F, 0x03, 0xFC, 0x3F, 0xE7, 0x8F, 0x70, 0x77, 0x07, 0x00, 0x70, 0x0F, 0x01,
    0xE0, 0x7C, 0x07, 0x80, 0x70, 0x0E, 0x00, 0xE0, 0x00, 0x00, 0x00, 0x0F, 0x00, 0xF0, 0x0F, 0x00,
    0x00, 0x00, 0xFE, 0x00, 0x1F, 0xFE, 0x00, 0xFF, 0xFE, 0x07, 0x80, 0x3C, 0x3C, 0x00, 0x71, 0xE0,
    0xC0, 0xE7, 0x0F, 0xF1, 0x9C, 0x7F, 0xC7, 0xE3, 0x87, 0x1F, 0x8C, 0x1C, 0x7E, 0x70, 0x31, 0xF9,
    0xC0, 0xC7, 0xE7, 0x03, 0x1F, 0x8C, 0x1C, 0x7E, 0x38, 0x71, 0xD8, 0xFF, 0xFE, 0x71, 0xFF, 0xF9,
    0xC1, 0xE7, 0xC3, 0x80, 0x00, 0x07, 0x80, 0x00, 0x0F, 0xC3, 0x80, 0x1F, 0xFE, 0x00, 0x1F, 0xF0,
    0x00, 0x01, 0xC0, 0x00, 0xE0, 0x00, 0xF8, 0x00, 0x7C, 0x00, 0x77, 0x00, 0x3B, 0x80, 0x1D, 0xC0,
    0x1C, 0x70, 0x0E, 0x38, 0x07, 0x1C, 0x07, 0x07, 0x03, 0x83, 0x81, 0xFF, 0xC1, 0xFF, 0xF0, 0xE0,
    0x38, 0xF0, 0x1E, 0x70, 0x07, 0x38, 0x03, 0xBC, 0x00, 0xE0, 0xFF, 0x07, 0xFE, 0x3F, 0xFD, 0xC1,
    0xEE, 0x07, 0x70, 0x1F, 0x80, 0xFC, 0x0E, 0xFF, 0xF7, 0xFE, 0x3F, 0xFD, 0xC0, 0xFE, 0x03, 0xF0,
    0x1F, 0x80, 0xFC, 0x07, 0xE0, 0xFF, 0xFF, 0xBF, 0xF8, 0x03, 0xE0, 0x0F, 0xF8, 0x1F, 0xFC, 0x3C,
    0x1E, 0x78, 0x0F, 0x70, 0x07, 0xF0, 0x07, 0xE0, 0x00, 0xE0, 0x00, 0xE0, 0x00, 0xE0, 0x00, 0xE0,
    0x00, 0xE0, 0x00, 0x70, 0x07, 0x70, 0x07, 0x78, 0x0F, 0x3E, 0x3E, 0x1F, 0xFC, 0x0F, 0xF8, 0x01,
    0xC0, 0xFE, 0x01, 0xFF, 0xC3, 0xFF, 0xC7, 0x07, 0xCE, 0x03, 0xDC, 0x03, 0xB8, 0x07, 0x70, 0x07,
    0xE0, 0x0F, 0xC0, 0x1F, 0x80, 0x3F, 0x00, 0x7E, 0x00, 0xFC, 0x03, 0xB8, 0x07, 0x70, 0x1C, 0xE1,
    0xF9, 0xFF, 0xE3, 0xFF, 0x00, 0xFF, 0xEF, 0xFF, 0xFF, 0xFE, 0x00, 0xE0, 0x0E, 0x00, 0xE0, 0x0E,
    0x00, 0xFF, 0xEF, 0xFE, 0xFF, 0xEE, 0x00, 0xE0, 0x0E, 0x00, 0xE0, 0x0E, 0x00, 0xE0, 0x0F, 0xFF,
    0xFF, 0xF0, 0xFF, 0xEF, 0xFF, 0xFF, 0xFE, 0x00, 0xE0, 0x0E, 0x00, 0xE0, 0x0E, 0x00, 0xE0, 0x0F,
    0xFE, 0xFF, 0xEE, 0x00, 0xE0, 0x0E, 0x00, 0xE0, 0x0E, 0x00, 0xE0, 0x0E, 0x00, 0xE0, 0x00, 0x03,
    0xE0, 0x07, 0xFC, 0x07, 0xFF, 0x07, 0x83, 0xC7, 0x80, 0xF3, 0x80, 0x3B, 0xC0, 0x1D, 0xC0, 0x00,
    0xE0, 0x00, 0x70, 0x1F, 0xB8, 0x1F, 0xDC, 0x0F, 0xEE, 0x00, 0x73, 0x80, 0x39, 0xC0, 0x1C, 0xF0,
    0x1E, 0x3E, 0x3E, 0x0F, 0xFE, 0x03, 0xFE, 0x00, 0x38, 0x00, 0xC0, 0x0D, 0xC0, 0x1F, 0x80, 0x3F,
    0x00, 0x7E, 0x00, 0xFC, 0x01, 0xF8, 0x03, 0xF0, 0x07, 0xFF, 0xFF, 0xFF, 0xFF, 0xFF, 0xFF, 0x00,
    0x7E, 0x00, 0xFC, 0x01, 0xF8, 0x03, 0xF0, 0x07, 0xE0, 0x0F, 0xC0, 0x1F, 0x80, 0x38, 0xDF, 0xFF,
    0xFF, 0xFF, 0xFF, 0xFF, 0xFF, 0x80, 0x00, 0x60, 0x1C, 0x03, 0x80, 0x70, 0x0E, 0x01, 0xC0, 0x38,
    0x07, 0x00, 0xE0, 0x1C, 0x03, 0x80, 0x7C, 0x0F, 0xC1, 0xF8, 0x3F, 0x07, 0xF1, 0xEF, 0xF8, 0xFE,
    0x07, 0x00, 0xC0, 0x1F, 0x80, 0xFE, 0x07, 0xB8, 0x3C, 0xE1, 0xE3, 0x8F, 0x0E, 0x78, 0x3B, 0xC0,
    0xFE, 0x03, 0xFC, 0x0F, 0xF0, 0x3D, 0xE0, 0xE3, 0xC3, 0x87, 0x0E, 0x0E, 0x38, 0x3C, 0xE0, 0x7B,
    0x80, 0xEE, 0x03, 0xC0, 0xC0, 0x1C, 0x03, 0x80, 0x70, 0x0E, 0x01, 0xC0, 0x38, 0x07, 0x00, 0xE0,
    0x1C, 0x03, 0x80, 0x70, 0x0E, 0x01, 0xC0, 0x38, 0x07, 0x00, 0xE0, 0x1F, 0xFF, 0xFF, 0x80, 0xE0,
    0x01, 0xDE, 0x00, 0x7F, 0xC0, 0x0F, 0xFC, 0x01, 0xFF, 0x80, 0x7F, 0xF8, 0x0F, 0xFF, 0x03, 0xBF,
    0xE0, 0x77, 0xEE, 0x0E, 0xFD, 0xC3, 0x9F, 0xBC, 0x73, 0xF3, 0x9C, 0x7E, 0x73, 0x8F, 0xC7, 0x71,
    0xF8, 0xFC, 0x3F, 0x1F, 0x87, 0xE1, 0xF0, 0xFC, 0x3C, 0x1F, 0x83, 0x83, 0x80, 0xE0, 0x0D, 0xE0,
    0x1F, 0xC0, 0x3F, 0xC0, 0x7F, 0xC0, 0xFF, 0x81, 0xFF, 0x83, 0xF7, 0x07, 0xE7, 0x0F, 0xCF, 0x1F,
    0x8E, 0x3F, 0x0E, 0x7E, 0x1E, 0xFC, 0x1D, 0xF8, 0x3F, 0xF0, 0x3F, 0xE0, 0x3F, 0xC0, 0x7F, 0x80,
    0x78, 0x03, 0xE0, 0x07, 0xFC, 0x07, 0xFF, 0x07, 0x83, 0xC7, 0x80, 0xF3, 0x80, 0x3B, 0xC0, 0x1F,
    0xC0, 0x07, 0xE0, 0x03, 0xF0, 0x01, 0xF8, 0x00, 0xFC, 0x00, 0x7E, 0x00, 0x3B, 0x80, 0x39, 0xC0,
    0x1C, 0xF0, 0x1E, 0x3E, 0x3E, 0x0F, 0xFE, 0x03, 0xFE, 0x00, 0x38, 0x00, 0xFE, 0x07, 0xFE, 0x3F,
    0xFD, 0xC1, 0xEE, 0x07, 0xF0, 0x1F, 0x80, 0xFC, 0x07, 0xE0, 0x7F, 0x07, 0xBF, 0xFD, 0xFF, 0xCF,
    0xF0, 0x70, 0x03, 0x80, 0x1C, 0x00, 0xE0, 0x07, 0x00, 0x38, 0x00, 0x03, 0xE0, 0x07, 0xFC, 0x07,
    0xFF, 0x07, 0x83, 0xC7, 0x80, 0xF3, 0x80, 0x3B, 0xC0, 0x1F, 0xC0, 0x07, 0xE0, 0x03, 0xF0, 0x01,
    0xF8, 0x00, 0xFC, 0x00, 0x7E, 0x00, 0x3B, 0x87, 0x39, 0xC3, 0x9C, 0xF0, 0xFE, 0x3E, 0x3E, 0x0F,
    0xFE, 0x03, 0xFF, 0x80, 0x39, 0xC0, 0x00, 0x70, 0xFE, 0x03, 0xFF, 0x8F, 0xFF, 0x38, 0x3C, 0xE0,
    0x3B, 0x80, 0xEE, 0x03, 0xB8, 0x0E, 0xE0, 0x7B, 0xFF, 0xCF, 0xFE, 0x3F, 0xF0, 0xE1, 0xC3, 0x87,
    0x8E, 0x0E, 0x38, 0x3C, 0xE0, 0x73, 0x81, 0xEE, 0x03, 0x80, 0x07, 0x80, 0x7F, 0x83, 0xFF, 0x1E,
    0x1E, 0x70, 0x3B, 0x80, 0x7F, 0x00, 0x1E, 0x00, 0x7F, 0x00, 0xFF, 0x80, 0x7F, 0x00, 0x3E, 0x00,
    0x3C, 0x00, 0x7E, 0x01, 0xFC, 0x0F, 0x78, 0x79, 0xFF, 0xE1, 0xFE, 0x01, 0xE0, 0xFF, 0xFF, 0xFF,
    0xFF, 0xFF, 0xC1, 0xE0, 0x07, 0x80, 0x1E, 0x00, 0x78, 0x01, 0xE0, 0x07, 0x80, 0x1E, 0x00, 0x78,
    0x01, 0xE0, 0x07, 0x80, 0x1E, 0x00, 0x78, 0x01, 0xE0, 0x07, 0x80, 0x1E, 0x00, 0x78, 0x00, 0xC0,
    0x0D, 0xC0, 0x1F, 0x80, 0x3F, 0x00, 0x7E, 0x00, 0xFC, 0x01, 0xF8, 0x03, 0xF0, 0x07, 0xE0, 0x0F,
    0xC0, 0x1F, 0x80, 0x3F, 0x00, 0x7E, 0x00, 0xFC, 0x01, 0xF8, 0x07, 0x78, 0x0E, 0x78, 0x7C, 0x7F,
    0xF0, 0x7F, 0xC0, 0x3C, 0x00, 0x60, 0x03, 0x78, 0x03, 0xDC, 0x01, 0xCE, 0x00, 0xE3, 0x80, 0xF1,
    0xC0, 0x70, 0xE0, 0x38, 0x38, 0x38, 0x1C, 0x1C, 0x0E, 0x0E, 0x03, 0x8E, 0x01, 0xC7, 0x00, 0xF3,
    0x80, 0x3B, 0x80, 0x1D, 0xC0, 0x06, 0xE0, 0x03, 0xE0, 0x01, 0xF0, 0x00, 0x70, 0x00, 0x60, 0x18,
    0x03, 0xE0, 0x3C, 0x07, 0x70, 0x3C, 0x07, 0x70, 0x3E, 0x0F, 0x70, 0x3E, 0x0E, 0x70, 0x7E, 0x0E,
    0x38, 0x7E, 0x0E, 0x38, 0x77, 0x1C, 0x38, 0x67, 0x1C, 0x1C, 0xE7, 0x1C, 0x1C, 0xE3, 0x1C, 0x1C,
    0xE3, 0xB8, 0x1D, 0xC3, 0xB8, 0x0F, 0xC3, 0xB8, 0x0F, 0xC1, 0xB8, 0x0F, 0xC1, 0xF0, 0x0F, 0x81,
    0xF0, 0x07, 0x81, 0xF0, 0x07, 0x80, 0xE0, 0x70, 0x07, 0x3C, 0x07, 0x8E, 0x03, 0x87, 0x83, 0x81,
    0xE3, 0xC0, 0x71, 0xC0, 0x3D, 0xC0, 0x0F, 0xE0, 0x03, 0xE0, 0x00, 0xE0, 0x00, 0xF8, 0x00, 0xFE,
    0x00, 0x77, 0x00, 0x73, 0xC0, 0x78, 0xF0, 0x38, 0x38, 0x38, 0x1E, 0x3C, 0x07, 0x9C, 0x01, 0xC0,
    0x60, 0x03, 0x38, 0x03, 0x9E, 0x03, 0xC7, 0x01, 0xC3, 0xC1, 0xC0, 0xE1, 0xE0, 0x38, 0xE0, 0x1E,
    0xE0, 0x07, 0x70, 0x01, 0xF0, 0x00, 0xF8, 0x00, 0x38, 0x00, 0x1C, 0x00, 0x0E, 0x00, 0x07, 0x00,
    0x03, 0x80, 0x01, 0xC0, 0x00, 0xE0, 0x00, 0x70, 0x00, 0x7F, 0xFB, 0xFF, 0xFF, 0xFF, 0xC0, 0x0E,
    0x00, 0x70, 0x03, 0xC0, 0x1E, 0x00, 0x70, 0x03, 0x80, 0x1E, 0x00, 0x70, 0x03, 0x80, 0x1E, 0x00,
    0x70, 0x03, 0x80, 0x1E, 0x00, 0x70, 0x03, 0xFF, 0xFF, 0xFF, 0xC0, 0x7B, 0xFF, 0xF8, 0xE3, 0x8E,
    0x38, 0xE3, 0x8E, 0x38, 0xE3, 0x8E, 0x38, 0xE3, 0x8E, 0x38, 0xE3, 0xFF, 0xFF, 0x00, 0x70, 0x18,
    0x0E, 0x07, 0x03, 0x80, 0xC0, 0x70, 0x38, 0x1C, 0x06, 0x03, 0x81, 0xC0, 0xE0, 0x38, 0x1C, 0x0E,
    0x03, 0x01, 0xC0, 0xE0, 0x70, 0x18, 0x0E, 0xFB, 0xFF, 0xC7, 0x1C, 0x71, 0xC7, 0x1C, 0x71, 0xC7,
    0x1C, 0x71, 0xC7, 0x1C, 0x71, 0xC7, 0x1F, 0xFF, 0xFE, 0x0E, 0x01, 0xE0, 0x7C, 0x0F, 0xC3, 0xB8,
    0x73, 0x9C, 0x73, 0x87, 0x00, 0x00, 0xFF, 0xFF, 0xFF, 0x00, 0x00, 0x73, 0x8E, 0x70, 0x1F, 0x8F,
    0xF9, 0xFF, 0xF0, 0x72, 0x0E, 0x01, 0xCF, 0xFB, 0xFF, 0xF8, 0xFC, 0x1F, 0x83, 0xF0, 0xFF, 0xFE,
    0xFF, 0xC7, 0x00, 0x60, 0x07, 0x00, 0x38, 0x01, 0xC0, 0x0E, 0x00, 0x73, 0xE3, 0xBF, 0x9F, 0xFE,
    0xF8, 0x77, 0x81, 0xFC, 0x0F, 0xC0, 0x7E, 0x03, 0xF0, 0x1F, 0xC0, 0xFE, 0x0F, 0xF8, 0x77, 0xFF,
    0xBB, 0xF8, 0x06, 0x00, 0x0F, 0x83, 0xFE, 0x7F, 0xE7, 0x07, 0xE0, 0x7E, 0x00, 0xE0, 0x0E, 0x00,
    0xE0, 0x0E, 0x00, 0xF0, 0x77, 0x8F, 0x3F, 0xE1, 0xFC, 0x07, 0x00, 0x00, 0x30, 0x01, 0xC0, 0x0E,
    0x00, 0x70, 0x03, 0x8F, 0x9C, 0xFE, 0xEF, 0xFF, 0x70, 0xFF, 0x03, 0xF8, 0x0F, 0xC0, 0x7E, 0x03,
    0xF0, 0x1F, 0x81, 0xFE, 0x0F, 0x78, 0xFB, 0xFF, 0xCF, 0xEE, 0x0C, 0x00, 0x0F, 0x81, 0xFE, 0x1F,
    0xF8, 0xE0, 0xEE, 0x07, 0x70, 0x1B, 0xFF, 0xFF, 0xFF, 0xE0, 0x07, 0x00, 0x38, 0x1C, 0xF1, 0xE3,
    0xFE, 0x0F, 0xE0, 0x1C, 0x00, 0x0F, 0x8F, 0xC7, 0xC7, 0x03, 0x87, 0xFB, 0xFD, 0xFE, 0x38, 0x1C,
    0x0E, 0x07, 0x03, 0x81, 0xC0, 0xE0, 0x70, 0x38, 0x1C, 0x0E, 0x00, 0x1F, 0x31, 0xFF, 0xDF, 0xFE,
    0xE0, 0xFE, 0x07, 0xF0, 0x1F, 0x80, 0xFC, 0x07, 0xE0, 0x3F, 0x03, 0xFC, 0x1E, 0xFB, 0xF3, 0xFF,
    0x8F, 0xDC, 0x00, 0xE4, 0x0E, 0x70, 0x73, 0xFF, 0x8F, 0xF8, 0x1E, 0x00, 0x60, 0x0E, 0x00, 0xE0,
    0x0E, 0x00, 0xE0, 0x0E, 0x78, 0xFF, 0xEF, 0xFE, 0xF0, 0xFF, 0x07, 0xE0, 0x7E, 0x07, 0xE0, 0x7E,
    0x07, 0xE0, 0x7E, 0x07, 0xE0, 0x7E, 0x07, 0xE0, 0x70, 0x6F, 0xF4, 0x06, 0xEE, 0xEE, 0xEE, 0xEE,
    0xEE, 0xEE, 0xE0, 0x18, 0xF3, 0xC4, 0x00, 0x63, 0x8E, 0x38, 0xE3, 0x8E, 0x38, 0xE3, 0x8E, 0x38,
    0xE3, 0x8E, 0x38, 0xEF, 0xBC, 0x00, 0x60, 0x07, 0x00, 0x38, 0x01, 0xC0, 0x0E, 0x00, 0x70, 0x3B,
    0x83, 0x9C, 0x38, 0xE3, 0x87, 0x38, 0x3B, 0x81, 0xFC, 0x0F, 0xF0, 0x7B, 0x83, 0x9E, 0x1C, 0x78,
    0xE1, 0xE7, 0x07, 0x38, 0x1C, 0x6E, 0xEE, 0xEE, 0xEE, 0xEE, 0xEE, 0xEE, 0xEE, 0xEE, 0xE0, 0x67,
    0x8F, 0x9F, 0xFB, 0xFB, 0xFF, 0xFF, 0xF8, 0x78, 0x7F, 0x0E, 0x0F, 0xC1, 0xC1, 0xF8, 0x38, 0x3F,
    0x07, 0x07, 0xE0, 0xE0, 0xFC, 0x1C, 0x1F, 0x83, 0x83, 0xF0, 0x70, 0x7E, 0x0E, 0x0F, 0xC1, 0xC1,
    0xC0, 0x67, 0x8F, 0xFE, 0xFF, 0xEF, 0x0F, 0xF0, 0x7E, 0x07, 0xE0, 0x7E, 0x07, 0xE0, 0x7E, 0x07,
    0xE0, 0x7E, 0x07, 0xE0, 0x7E, 0x07, 0x0F, 0x81, 0xFF, 0x1F, 0xF8, 0xE0, 0xEE, 0x07, 0x70, 0x1F,
    0x80, 0xFC, 0x07, 0xE0, 0x3F, 0x01, 0xFC, 0x1C, 0xF1, 0xE3, 0xFE, 0x0F, 0xE0, 0x1C, 0x00, 0x67,
    0xC7, 0x7F, 0x3F, 0xFD, 0xF0, 0xEF, 0x03, 0xF8, 0x1F, 0x80, 0xFC, 0x07, 0xE0, 0x3F, 0x81, 0xFC,
    0x1F, 0xF0, 0xEF, 0xFF, 0x77, 0xF3, 0x8C, 0x1C, 0x00, 0xE0, 0x07, 0x00, 0x38, 0x00, 0x00, 0x00,
    0x1F, 0x31, 0xFD, 0xDF, 0xFE, 0xE1, 0xFE, 0x07, 0xF0, 0x1F, 0x80, 0xFC, 0x07, 0xE0, 0x3F, 0x03,
    0xFC, 0x1E, 0xF1, 0xF7, 0xFF, 0x9F, 0xDC, 0x18, 0xE0, 0x07, 0x00, 0x38, 0x01, 0xC0, 0x0E, 0x00,
    0x00, 0x6F, 0xFF, 0xFF, 0xF0, 0xF0, 0xE0, 0xE0, 0xE0, 0xE0, 0xE0, 0xE0, 0xE0, 0xE0, 0xE0, 0x1F,
    0x0F, 0xF9, 0xFF, 0x70, 0x7E, 0x01, 0xE0, 0x1F, 0xC1, 0xFE, 0x07, 0xE0, 0x1F, 0x83, 0xF8, 0xF7,
    0xFC, 0x7F, 0x03, 0x80, 0x38, 0x38, 0x38, 0xFF, 0xFF, 0xFE, 0x38, 0x38, 0x38, 0x38, 0x38, 0x38,
    0x38, 0x38, 0x38, 0x3F, 0x1F, 0x00, 0x60, 0x7E, 0x07, 0xE0, 0x7E, 0x07, 0xE0, 0x7E, 0x07, 0xE0,
    0x7E, 0x07, 0xE0, 0x7E, 0x07, 0x70, 0x77, 0x8F, 0x7F, 0xF3, 0xFF, 0x04, 0x00, 0xE0, 0x39, 0xC0,
    0xE7, 0x03, 0x9C, 0x1C, 0x38, 0x70, 0xE1, 0xC3, 0xCE, 0x07, 0x38, 0x1C, 0xE0, 0x3F, 0x00, 0xFC,
    0x03, 0xE0, 0x07, 0x80, 0x1E, 0x00, 0x60, 0x70, 0x77, 0x0F, 0x0E, 0x70, 0xF0, 0xE7, 0x0F, 0x0E,
    0x39, 0xF8, 0xE3, 0x9F, 0x9C, 0x39, 0xD9, 0xC1, 0x99, 0x9C, 0x1F, 0x9F, 0x81, 0xF9, 0xF8, 0x1F,
    0x0F, 0x80, 0xF0, 0xF0, 0x0F, 0x0F, 0x00, 0xF0, 0x70, 0x70, 0x3B, 0xC3, 0x8E, 0x3C, 0x39, 0xC1,
    0xDC, 0x07, 0xE0, 0x1E, 0x00, 0xF0, 0x0F, 0x80, 0xFE, 0x07, 0x78, 0x71, 0xC7, 0x87, 0x38, 0x3C,
    0xE0, 0x39, 0xC0, 0xE7, 0x03, 0x9C, 0x1C, 0x38, 0x70, 0xE1, 0xC3, 0xCE, 0x07, 0x38, 0x1C, 0xC0,
    0x3F, 0x00, 0xFC, 0x03, 0xE0, 0x07, 0x80, 0x1E, 0x00, 0x70, 0x01, 0xC0, 0x0E, 0x00, 0xF8, 0x07,
    0xC0, 0x0C, 0x00, 0xFF, 0xFF, 0xFF, 0xFF, 0x80, 0xE0, 0x38, 0x0F, 0x01, 0xC0, 0x70, 0x1C, 0x07,
    0x81, 0xE0, 0x38, 0x0F, 0xFF, 0xFF, 0xC0, 0x03, 0x07, 0x83, 0xC3, 0x81, 0xC0, 0xE0, 0x70, 0x38,
    0x1C, 0x0E, 0x0E, 0x1F, 0x0F, 0x83, 0xC0, 0x70, 0x38, 0x1C, 0x0E, 0x07, 0x03, 0x81, 0xC0, 0xF8,
    0x3C, 0x06, 0x3F, 0xFF, 0xFF, 0xFF, 0xFF, 0xFF, 0xFF, 0xFC, 0xC0, 0xF0, 0xF8, 0x38, 0x18, 0x18,
    0x18, 0x18, 0x18, 0x1C, 0x1E, 0x0F, 0x0F, 0x1F, 0x1C, 0x18, 0x18, 0x18, 0x18, 0x18, 0x38, 0xF8,
    0xF0, 0xE0, 0x1C, 0x00, 0xFC, 0x77, 0xF9, 0xDC, 0xFE, 0x61, 0xF0, 0x00, 0x00, 0x77, 0x9C, 0xE0,
    0x01, 0xCE, 0x73, 0x9C, 0xE7, 0x39, 0xCE, 0x73, 0x9C, 0x02, 0x00, 0x60, 0x06, 0x01, 0xFC, 0x3F,
    0xE7, 0xEF, 0xF6, 0x7E, 0x62, 0xE6, 0x0E, 0x60, 0xE6, 0x0E, 0x60, 0xE6, 0x77, 0x67, 0x7F, 0xF3,
    0xFE, 0x1F, 0x80, 0x60, 0x06, 0x00, 0x03, 0x80, 0x7F, 0x07, 0xFC, 0x78, 0xF3, 0x83, 0x9C, 0x1C,
    0xE0, 0x07, 0x00, 0x38, 0x07, 0xFE, 0x3F, 0xF0, 0x70, 0x03, 0x80, 0x1C, 0x00, 0xE0, 0x07, 0x07,
    0x70, 0x3F, 0xFF, 0xFF, 0xFC, 0x00, 0x00, 0x6F, 0xE6, 0xFF, 0xFF, 0x7C, 0x7E, 0x78, 0x1E, 0x70,
    0x0E, 0x60, 0x0E, 0xE0, 0x07, 0xE0, 0x07, 0xE0, 0x07, 0x60, 0x0E, 0x70, 0x0E, 0x78, 0x1E, 0x7C,
    0x3E, 0xFF, 0xFF, 0x6F, 0xF6, 0x01, 0x80, 0xE0, 0x1B, 0xC0, 0xE7, 0x03, 0x9C, 0x1C, 0x38, 0x70,
    0xE3, 0x81, 0xCE, 0x07, 0x70, 0x0F, 0xC0, 0x3F, 0x07, 0xFF, 0x1F, 0xFC, 0x07, 0x01, 0xFF, 0xC7,
    0xFF, 0x01, 0xC0, 0x07, 0x00, 0x1C, 0x00, 0x70, 0x00, 0xDF, 0xFF, 0xFF, 0xE0, 0x00, 0x3F, 0xFF,
    0xFF, 0xF8, 0x0F, 0x03, 0xFC, 0x3F, 0xC7, 0x0E, 0x70, 0xE7, 0x00, 0x3C, 0x03, 0xE0, 0x7F, 0x8E,
    0x3C, 0xE1, 0xEE, 0x07, 0x70, 0x77, 0xC7, 0x1F, 0xE0, 0xFE, 0x03, 0xC0, 0x1E, 0x60, 0xE7, 0x0E,
    0x7F, 0xE3, 0xFC, 0x1F, 0x80, 0xE3, 0x73, 0xF9, 0xC8, 0x40, 0x00, 0xF8, 0x00, 0x7F, 0xE0, 0x0F,
    0xFF, 0x81, 0xF0, 0x7C, 0x3C, 0x71, 0xC3, 0x9F, 0xCE, 0x73, 0xFE, 0xE7, 0x78, 0xE7, 0x77, 0x07,
    0x76, 0x70, 0x07, 0x67, 0x00, 0x77, 0x70, 0x67, 0x77, 0x8E, 0x77, 0x3F, 0xEE, 0x39, 0xFC, 0xE3,
    0xC2, 0x3C, 0x1F, 0x0F, 0x80, 0xFF, 0xF0, 0x03, 0xFE, 0x00, 0x07, 0x00, 0x1F, 0x0F, 0xE7, 0xFD,
    0xC7, 0x03, 0xCF, 0xF7, 0xFF, 0x87, 0xE1, 0xDF, 0xF3, 0xFC, 0x00, 0x00, 0x00, 0x73, 0x87, 0xB8,
    0x7B, 0xC7, 0xBC, 0x3B, 0xC3, 0x9C, 0x1E, 0xF0, 0x7B, 0xC1, 0xEF, 0x07, 0x38, 0x1C, 0xE0, 0x63,
    0x00, 0x00, 0x1F, 0xFF, 0xFF, 0x80, 0x70, 0x0E, 0x01, 0xC0, 0x18, 0x07, 0x80, 0x3F, 0xC0, 0xFF,
    0xE3, 0x81, 0xCE, 0xF9, 0xDD, 0xF9, 0xB3, 0xB3, 0xE7, 0xE7, 0xCF, 0xCF, 0xDD, 0x9B, 0xBB, 0x73,
    0x81, 0xE3, 0xC7, 0x83, 0xFE, 0x03, 0xF0, 0x00, 0xFF, 0xFE, 0x1C, 0x1F, 0x9F, 0xDC, 0x7E, 0x3F,
    0x1D, 0xDE, 0xFE, 0x3E, 0x00, 0x07, 0x00, 0x70, 0x07, 0x00, 0x70, 0xFF, 0xFF, 0xFF, 0x07, 0x00,
    0x70, 0x07, 0x00, 0x60, 0x00, 0x0F, 0xFF, 0xFF, 0xF7, 0xFF, 0x7E, 0x7F, 0xB8, 0xF8, 0x70, 0x70,
    0x70, 0xF0, 0xF0, 0xFF, 0xFF, 0xC0, 0x00, 0x3E, 0x3F, 0xB8, 0xE0, 0x71, 0xF0, 0xF8, 0x0F, 0xC7,
    0xFF, 0xBF, 0x87, 0x00, 0x39, 0xDC, 0xC0, 0x60, 0x73, 0x81, 0xCE, 0x07, 0x38, 0x1C, 0xE0, 0x73,
    0x81, 0xCE, 0x07, 0x38, 0x1C, 0xE0, 0x73, 0x81, 0xCF, 0x07, 0x3E, 0x3C, 0xFF, 0xFF, 0xBE, 0xFE,
    0x20, 0x38, 0x00, 0xE0, 0x03, 0x80, 0x0E, 0x00, 0x00, 0x00, 0x07, 0xF3, 0xFF, 0x7F, 0xF7, 0xF7,
    0xFF, 0x7F, 0xF7, 0xFF, 0x7F, 0xF7, 0xFF, 0x77, 0xF7, 0x7F, 0x73, 0xF7, 0x06, 0x70, 0x07, 0x00,
    0x70, 0x07, 0x00, 0x70, 0x07, 0x00, 0x70, 0x03, 0xBC, 0xE2, 0x00, 0x61, 0x87, 0x9E, 0x7B, 0xE0,
    0x00, 0x7F, 0xFF, 0x73, 0x9C, 0xE7, 0x39, 0xC0, 0x0F, 0x07, 0xF9, 0xFF, 0x38, 0x77, 0x0E, 0xC1,
    0xD8, 0x3B, 0x87, 0x71, 0xE7, 0xF8, 0x7E, 0x00, 0x00, 0x00, 0x01, 0xCE, 0x03, 0x9C, 0x07, 0x38,
    0x1E, 0xF0, 0x3D, 0xE0, 0x73, 0x83, 0xDE, 0x0E, 0xF0, 0x73, 0x83, 0x9C, 0x1C, 0xE0, 0x63, 0x00,
    0x00, 0x01, 0x07, 0x80, 0x71, 0xF0, 0x1C, 0x7E, 0x07, 0x01, 0xC0, 0xE0, 0x38, 0x38, 0x07, 0x0E,
    0x00, 0xE3, 0x80, 0x1C, 0x70, 0x03, 0x9C, 0x78, 0x77, 0x0F, 0x00, 0xE3, 0xE0, 0x38, 0xFC, 0x0E,
    0x1F, 0x81, 0xC7, 0x70, 0x70, 0xFF, 0x1C, 0x1F, 0xE3, 0x83, 0xFC, 0xE0, 0x07, 0x00, 0x00, 0x01,
    0x03, 0xC0, 0x38, 0x7C, 0x07, 0x0F, 0xC0, 0xE0, 0x1C, 0x0E, 0x01, 0xC1, 0xC0, 0x1C, 0x38, 0x01,
    0xC7, 0x00, 0x1C, 0x70, 0x01, 0xCE, 0x7E, 0x1D, 0xC7, 0xE0, 0x1C, 0xE7, 0x03, 0x80, 0x70, 0x70,
    0x0E, 0x07, 0x01, 0xE0, 0xE0, 0x3C, 0x1C, 0x07, 0x81, 0xC0, 0x7F, 0x38, 0x0F, 0xF0, 0x00, 0x00,
    0x87, 0xC0, 0x1C, 0xFE, 0x03, 0x8E, 0x70, 0x70, 0x06, 0x07, 0x03, 0xE0, 0xE0, 0x3E, 0x1C, 0x00,
    0x71, 0x80, 0xC7, 0x38, 0x0F, 0xF7, 0x1E, 0x7E, 0xE1, 0xE0, 0x0E, 0x3E, 0x01, 0xC7, 0xE0, 0x38,
    0x7E, 0x03, 0x8E, 0xE0, 0x70, 0xFF, 0x0E, 0x0F, 0xF0, 0xE0, 0xFF, 0x1C, 0x00, 0xE0, 0x06, 0x01,
    0xE0, 0x3C, 0x03, 0x00, 0x00, 0x0C, 0x01, 0x80, 0x70, 0x0E, 0x03, 0xC1, 0xF0, 0x3C, 0x0E, 0x01,
    0xC0, 0x38, 0x3F, 0x07, 0xF3, 0xEF, 0xF8, 0xFE, 0x00, 0x07, 0x00, 0x01, 0xC0, 0x00, 0xE0, 0x00,
    0x38, 0x00, 0x00, 0x00, 0x0E, 0x00, 0x07, 0x00, 0x07, 0xC0, 0x03, 0xE0, 0x03, 0xB8, 0x01, 0xDC,
    0x00, 0xEE, 0x00, 0xE3, 0x80, 0x71, 0xC0, 0x38, 0xE0, 0x38, 0x38, 0x1C, 0x1C, 0x0F, 0xFE, 0x0F,
    0xFF, 0x87, 0x01, 0xC7, 0x80, 0xF3, 0x80, 0x39, 0xC0, 0x1D, 0xE0, 0x07, 0x00, 0x70, 0x00, 0x70,
    0x00, 0x38, 0x00, 0x38, 0x00, 0x00, 0x00, 0x0E, 0x00, 0x07, 0x00, 0x07, 0xC0, 0x03, 0xE0, 0x03,
    0xB8, 0x01, 0xDC, 0x00, 0xEE, 0x00, 0xE3, 0x80, 0x71, 0xC0, 0x38, 0xE0, 0x38, 0x38, 0x1C, 0x1C,
    0x0F, 0xFE, 0x0F, 0xFF, 0x87, 0x01, 0xC7, 0x80, 0xF3, 0x80, 0x39, 0xC0, 0x1D, 0xE0, 0x07, 0x01,
    0xC0, 0x01, 0xF0, 0x01, 0xDC, 0x00, 0xC7, 0x00, 0x00, 0x00, 0x0E, 0x00, 0x07, 0x00, 0x07, 0xC0,
    0x03, 0xE0, 0x03, 0xB8, 0x01, 0xDC, 0x00, 0xEE, 0x00, 0xE3, 0x80, 0x71, 0xC0, 0x38, 0xE0, 0x38,
    0x38, 0x1C, 0x1C, 0x0F, 0xFE, 0x0F, 0xFF, 0x87, 0x01, 0xC7, 0x80, 0xF3, 0x80, 0x39, 0xC0, 0x1D,
    0xE0, 0x07, 0x03, 0x30, 0x03, 0xF8, 0x01, 0xFC, 0x00, 0x00, 0x00, 0x00, 0x00, 0x0E, 0x00, 0x07,
    0x00, 0x07, 0xC0, 0x03, 0xE0, 0x03, 0xB8, 0x01, 0xDC, 0x00, 0xEE, 0x00, 0xE3, 0x80, 0x71, 0xC0,
    0x38, 0xE0, 0x38, 0x38, 0x1C, 0x1C, 0x0F, 0xFE, 0x0F, 0xFF, 0x87, 0x01, 0xC7, 0x80, 0xF3, 0x80,
    0x39, 0xC0, 0x1D, 0xE0, 0x07, 0x06, 0x30, 0x07, 0xBC, 0x03, 0xDE, 0x00, 0x82, 0x00, 0x00, 0x00,
    0x0E, 0x00, 0x07, 0x00, 0x07, 0xC0, 0x03, 0xE0, 0x03, 0xB8, 0x01, 0xDC, 0x00, 0xEE, 0x00, 0xE3,
    0x80, 0x71, 0xC0, 0x38, 0xE0, 0x38, 0x38, 0x1C, 0x1C, 0x0F, 0xFE, 0x0F, 0xFF, 0x87, 0x01, 0xC7,
    0x80, 0xF3, 0x80, 0x39, 0xC0, 0x1D, 0xE0, 0x07, 0x03, 0xE0, 0x03, 0xF8, 0x01, 0xDC, 0x00, 0xE6,
    0x00, 0x7F, 0x00, 0x1F, 0x00, 0x07, 0x00, 0x03, 0x80, 0x03, 0xE0, 0x01, 0xF0, 0x01, 0xDC, 0x00,
    0xEE, 0x00, 0x77, 0x00, 0x71, 0xC0, 0x38, 0xE0, 0x1C, 0x70, 0x1C, 0x1C, 0x0E, 0x0E, 0x07, 0xFF,
    0x07, 0xFF, 0xC3, 0x80, 0xE3, 0xC0, 0x79, 0xC0, 0x1C, 0xE0, 0x0E, 0xF0, 0x03, 0x80, 0x00, 0x7F,
    0xFE, 0x00, 0xFF, 0xFF, 0x00, 0xFF, 0xFE, 0x00, 0xEE, 0x00, 0x01, 0xCE, 0x00, 0x01, 0xCE, 0x00,
    0x03, 0x8E, 0x00, 0x03, 0x8E, 0x00, 0x07, 0x0F, 0xFC, 0x07, 0x0F, 0xFE, 0x0E, 0x0F, 0xFE, 0x0E,
    0x1E, 0x00, 0x1F, 0xFE, 0x00, 0x1F, 0xFE, 0x00, 0x3C, 0x0E, 0x00, 0x38, 0x0E, 0x00, 0x78, 0x0E,
    0x00, 0x70, 0x0F, 0xFF, 0xF0, 0x0F, 0xFF, 0x03, 0xE0, 0x0F, 0xF8, 0x1F, 0xFC, 0x3C, 0x1E, 0x78,
    0x0F, 0x70, 0x07, 0xF0, 0x07, 0xE0, 0x00, 0xE0, 0x00, 0xE0, 0x00, 0xE0, 0x00, 0xE0, 0x00, 0xE0,
    0x00, 0x70, 0x07, 0x70, 0x07, 0x78, 0x0F, 0x3E, 0x3E, 0x1F, 0xFC, 0x0F, 0xF8, 0x01, 0xC0, 0x01,
    0xE0, 0x00, 0xF0, 0x01, 0xF0, 0x01, 0xE0, 0x00, 0x00, 0x3C, 0x01, 0xC0, 0x0E, 0x00, 0xE0, 0x00,
    0x0F, 0xFE, 0xFF, 0xFF, 0xFF, 0xE0, 0x0E, 0x00, 0xE0, 0x0E, 0x00, 0xE0, 0x0F, 0xFE, 0xFF, 0xEF,
    0xFE, 0xE0, 0x0E, 0x00, 0xE0, 0x0E, 0x00, 0xE0, 0x0E, 0x00, 0xFF, 0xFF, 0xFF, 0x03, 0x80, 0x38,
    0x07, 0x00, 0x60, 0x00, 0x0F, 0xFE, 0xFF, 0xFF, 0xFF, 0xE0, 0x0E, 0x00, 0xE0, 0x0E, 0x00, 0xE0,
    0x0F, 0xFE, 0xFF, 0xEF, 0xFE, 0xE0, 0x0E, 0x00, 0xE0, 0x0E, 0x00, 0xE0, 0x0E, 0x00, 0xFF, 0xFF,
    0xFF, 0x0F, 0x01, 0xF0, 0x3B, 0x83, 0x9C, 0x00, 0x0F, 0xFE, 0xFF, 0xFF, 0xFF, 0xE0, 0x0E, 0x00,
    0xE0, 0x0E, 0x00, 0xE0, 0x0F, 0xFE, 0xFF, 0xEF, 0xFE, 0xE0, 0x0E, 0x00, 0xE0, 0x0E, 0x00, 0xE0,
    0x0E, 0x00, 0xFF, 0xFF, 0xFF, 0x31, 0xC7, 0x9C, 0x39, 0xC1, 0x08, 0x00, 0x0F, 0xFE, 0xFF, 0xFF,
    0xFF, 0xE0, 0x0E, 0x00, 0xE0, 0x0E, 0x00, 0xE0, 0x0F, 0xFE, 0xFF, 0xEF, 0xFE, 0xE0, 0x0E, 0x00,
    0xE0, 0x0E, 0x00, 0xE0, 0x0E, 0x00, 0xFF, 0xFF, 0xFF, 0xE7, 0x1C, 0x60, 0x18, 0xE7, 0x39, 0xCE,
    0x73, 0x9C, 0xE7, 0x39, 0xCE, 0x73, 0x9C, 0xE7, 0x7B, 0x99, 0xC0, 0x63, 0x9C, 0xE7, 0x39, 0xCE,
    0x73, 0x9C, 0xE7, 0x39, 0xCE, 0x73, 0x9C, 0x3C, 0x1F, 0x1D, 0xDC, 0x60, 0x00, 0xC0, 0x70, 0x38,
    0x1C, 0x0E, 0x07, 0x03, 0x81, 0xC0, 0xE0, 0x70, 0x38, 0x1C, 0x0E, 0x07, 0x03, 0x81, 0xC0, 0xE0,
    0x70, 0x38, 0xE3, 0x73, 0xF9, 0xC8, 0x40, 0x00, 0xC0, 0x70, 0x38, 0x1C, 0x0E, 0x07, 0x03, 0x81,
    0xC0, 0xE0, 0x70, 0x38, 0x1C, 0x0E, 0x07, 0x03, 0x81, 0xC0, 0xE0, 0x70, 0x38, 0x1F, 0xC0, 0x1F,
    0xFC, 0x0F, 0xFF, 0x07, 0x07, 0xC3, 0x80, 0xF1, 0xC0, 0x38, 0xE0, 0x0E, 0x70, 0x07, 0x38, 0x03,
    0xFF, 0xE1, 0xFF, 0xF0, 0xE7, 0x00, 0x73, 0x80, 0x39, 0xC0, 0x1C, 0xE0, 0x1C, 0x70, 0x1E, 0x38,
    0x7E, 0x1F, 0xFE, 0x0F, 0xFE, 0x00, 0x06, 0x60, 0x1F, 0xC0, 0x7F, 0x80, 0x00, 0x00, 0x00, 0x1C,
    0x01, 0xBC, 0x03, 0xF8, 0x07, 0xF8, 0x0F, 0xF8, 0x1F, 0xF0, 0x3F, 0xF0, 0x7E, 0xE0, 0xFC, 0xE1,
    0xF9, 0xE3, 0xF1, 0xC7, 0xE1, 0xCF, 0xC3, 0xDF, 0x83, 0xBF, 0x07, 0xFE, 0x07, 0xFC, 0x07, 0xF8,
    0x0F, 0xF0, 0x0F, 0x07, 0x00, 0x01, 0xC0, 0x00, 0xE0, 0x00, 0x38, 0x00, 0x00, 0x00, 0x1F, 0x00,
    0x3F, 0xE0, 0x3F, 0xF8, 0x3C, 0x1E, 0x3C, 0x07, 0x9C, 0x01, 0xDE, 0x00, 0xFE, 0x00, 0x3F, 0x00,
    0x1F, 0x80, 0x0F, 0xC0, 0x07, 0xE0, 0x03, 0xF0, 0x01, 0xDC, 0x01, 0xCE, 0x00, 0xE7, 0x80, 0xF1,
    0xF1, 0xF0, 0x7F, 0xF0, 0x1F, 0xF0, 0x01, 0xC0, 0x00, 0x00, 0x70, 0x00, 0x70, 0x00, 0x38, 0x00,
    0x38, 0x00, 0x00, 0x00, 0x1F, 0x00, 0x3F, 0xE0, 0x3F, 0xF8, 0x3C, 0x1E, 0x3C, 0x07, 0x9C, 0x01,
    0xDE, 0x00, 0xFE, 0x00, 0x3F, 0x00, 0x1F, 0x80, 0x0F, 0xC0, 0x07, 0xE0, 0x03, 0xF0, 0x01, 0xDC,
    0x01, 0xCE, 0x00, 0xE7, 0x80, 0xF1, 0xF1, 0xF0, 0x7F, 0xF0, 0x1F, 0xF0, 0x01, 0xC0, 0x00, 0x01,
    0xC0, 0x01, 0xF0, 0x01, 0xDC, 0x00, 0xC7, 0x00, 0x00, 0x00, 0x1F, 0x00, 0x3F, 0xE0, 0x3F, 0xF8,
    0x3C, 0x1E, 0x3C, 0x07, 0x9C, 0x01, 0xDE, 0x00, 0xFE, 0x00, 0x3F, 0x00, 0x1F, 0x80, 0x0F, 0xC0,
    0x07, 0xE0, 0x03, 0xF0, 0x01, 0xDC, 0x01, 0xCE, 0x00, 0xE7, 0x80, 0xF1, 0xF1, 0xF0, 0x7F, 0xF0,
    0x1F, 0xF0, 0x01, 0xC0, 0x00, 0x03, 0x30, 0x03, 0xF8, 0x01, 0xFC, 0x00, 0x00, 0x00, 0x00, 0x00,
    0x1F, 0x00, 0x3F, 0xE0, 0x3F, 0xF8, 0x3C, 0x1E, 0x3C, 0x07, 0x9C, 0x01, 0xDE, 0x00, 0xFE, 0x00,
    0x3F, 0x00, 0x1F, 0x80, 0x0F, 0xC0, 0x07, 0xE0, 0x03, 0xF0, 0x01, 0xDC, 0x01, 0xCE, 0x00, 0xE7,
    0x80, 0xF1, 0xF1, 0xF0, 0x7F, 0xF0, 0x1F, 0xF0, 0x01, 0xC0, 0x00, 0x06, 0x30, 0x07, 0xBC, 0x03,
    0xDE, 0x00, 0x82, 0x00, 0x00, 0x00, 0x1F, 0x00, 0x3F, 0xE0, 0x3F, 0xF8, 0x3C, 0x1E, 0x3C, 0x07,
    0x9C, 0x01, 0xDE, 0x00, 0xFE, 0x00, 0x3F, 0x00, 0x1F, 0x80, 0x0F, 0xC0, 0x07, 0xE0, 0x03, 0xF0,
    0x01, 0xDC, 0x01, 0xCE, 0x00, 0xE7, 0x80, 0xF1, 0xF1, 0xF0, 0x7F, 0xF0, 0x1F, 0xF0, 0x01, 0xC0,
    0x00, 0x60, 0x2F, 0x07, 0x78, 0xF3, 0xDE, 0x1F, 0xC0, 0xF8, 0x0F, 0x81, 0xFC, 0x3D, 0xE7, 0x8F,
    0xF0, 0x76, 0x02, 0x03, 0xE2, 0x07, 0xFF, 0x87, 0xFF, 0xC7, 0x83, 0xC7, 0x81, 0xF3, 0x81, 0xFB,
    0xC1, 0xFF, 0xC0, 0xE7, 0xE0, 0xE3, 0xF0, 0xE1, 0xF8, 0xF0, 0xFC, 0x70, 0x7E, 0x70, 0x3B, 0xF8,
    0x39, 0xF8, 0x1C, 0xF8, 0x1E, 0x3E, 0x3E, 0x3F, 0xFE, 0x1F, 0xFE, 0x04, 0x38, 0x00, 0x0E, 0x00,
    0x1C, 0x00, 0x1C, 0x00, 0x18, 0x00, 0x00, 0x18, 0x01, 0xB8, 0x03, 0xF0, 0x07, 0xE0, 0x0F, 0xC0,
    0x1F, 0x80, 0x3F, 0x00, 0x7E, 0x00, 0xFC, 0x01, 0xF8, 0x03, 0xF0, 0x07, 0xE0, 0x0F, 0xC0, 0x1F,
    0x80, 0x3F, 0x00, 0xEF, 0x01, 0xCF, 0x0F, 0x8F, 0xFE, 0x0F, 0xF8, 0x07, 0x80, 0x01, 0xC0, 0x03,
    0x80, 0x0E, 0x00, 0x1C, 0x00, 0x00, 0x18, 0x01, 0xB8, 0x03, 0xF0, 0x07, 0xE0, 0x0F, 0xC0, 0x1F,
    0x80, 0x3F, 0x00, 0x7E, 0x00, 0xFC, 0x01, 0xF8, 0x03, 0xF0, 0x07, 0xE0, 0x0F, 0xC0, 0x1F, 0x80,
    0x3F, 0x00, 0xEF, 0x01, 0xCF, 0x0F, 0x8F, 0xFE, 0x0F, 0xF8, 0x07, 0x80, 0x07, 0x80, 0x0F, 0x80,
    0x3B, 0x80, 0xE7, 0x00, 0x00, 0x18, 0x01, 0xB8, 0x03, 0xF0, 0x07, 0xE0, 0x0F, 0xC0, 0x1F, 0x80,
    0x3F, 0x00, 0x7E, 0x00, 0xFC, 0x01, 0xF8, 0x03, 0xF0, 0x07, 0xE0, 0x0F, 0xC0, 0x1F, 0x80, 0x3F,
    0x00, 0xEF, 0x01, 0xCF, 0x0F, 0x8F, 0xFE, 0x0F, 0xF8, 0x07, 0x80, 0x1C, 0x60, 0x39, 0xE0, 0x73,
    0x80, 0x42, 0x00, 0x00, 0x18, 0x01, 0xB8, 0x03, 0xF0, 0x07, 0xE0, 0x0F, 0xC0, 0x1F, 0x80, 0x3F,
    0x00, 0x7E, 0x00, 0xFC, 0x01, 0xF8, 0x03, 0xF0, 0x07, 0xE0, 0x0F, 0xC0, 0x1F, 0x80, 0x3F, 0x00,
    0xEF, 0x01, 0xCF, 0x0F, 0x8F, 0xFE, 0x0F, 0xF8, 0x07, 0x80, 0x00, 0x70, 0x00, 0x70, 0x00, 0x30,
    0x00, 0x38, 0x00, 0x00, 0x03, 0x00, 0x19, 0xC0, 0x1C, 0xF0, 0x1E, 0x38, 0x0E, 0x1E, 0x0E, 0x07,
    0x0F, 0x01, 0xC7, 0x00, 0xF7, 0x00, 0x3B, 0x80, 0x0F, 0x80, 0x07, 0xC0, 0x01, 0xC0, 0x00, 0xE0,
    0x00, 0x70, 0x00, 0x38, 0x00, 0x1C, 0x00, 0x0E, 0x00, 0x07, 0x00, 0x03, 0x80, 0x60, 0x03, 0x80,
    0x1C, 0x00, 0xE0, 0x07, 0xF8, 0x3F, 0xF1, 0xFF, 0xCE, 0x0F, 0x70, 0x3B, 0x81, 0xDC, 0x0E, 0xE0,
    0x77, 0x0F, 0x3F, 0xF9, 0xFF, 0x0E, 0x00, 0x70, 0x03, 0x80, 0x1C, 0x00, 0x1E, 0x03, 0xF8, 0x7F,
    0xCF, 0x1E, 0xE0, 0xEE, 0x0E, 0xE0, 0xEE, 0x0E, 0xE7, 0xCE, 0xF8, 0xEF, 0xEE, 0x0F, 0xE0, 0x7E,
    0x07, 0xE0, 0x7E, 0x07, 0xE1, 0xFE, 0xFE, 0xEF, 0xC0, 0x38, 0x03, 0x80, 0x30, 0x07, 0x00, 0x00,
    0x3F, 0x1F, 0xF3, 0xFF, 0xE0, 0xE4, 0x1C, 0x03, 0x9F, 0xF7, 0xFF, 0xF1, 0xF8, 0x3F, 0x07, 0xE1,
    0xFF, 0xFD, 0xFF, 0x8E, 0x00, 0x03, 0x80, 0xE0, 0x1C, 0x03, 0x00, 0x00, 0x3F, 0x1F, 0xF3, 0xFF,
    0xE0, 0xE4, 0x1C, 0x03, 0x9F, 0xF7, 0xFF, 0xF1, 0xF8, 0x3F, 0x07, 0xE1, 0xFF, 0xFD, 0xFF, 0x8E,
    0x00, 0x0F, 0x03, 0xE0, 0xEE, 0x18, 0xE0, 0x00, 0x3F, 0x1F, 0xF3, 0xFF, 0xE0, 0xE4, 0x1C, 0x03,
    0x9F, 0xF7, 0xFF, 0xF1, 0xF8, 0x3F, 0x07, 0xE1, 0xFF, 0xFD, 0xFF, 0x8E, 0x00, 0x18, 0x87, 0xF8,
    0xFE, 0x00, 0x00, 0x00, 0x3F, 0x1F, 0xF3, 0xFF, 0xE0, 0xE4, 0x1C, 0x03, 0x9F, 0xF7, 0xFF, 0xF1,
    0xF8, 0x3F, 0x07, 0xE1, 0xFF, 0xFD, 0xFF, 0x8E, 0x00, 0x31, 0xCF, 0x38, 0xE7, 0x08, 0x40, 0x00,
    0x3F, 0x1F, 0xF3, 0xFF, 0xE0, 0xE4, 0x1C, 0x03, 0x9F, 0xF7, 0xFF, 0xF1, 0xF8, 0x3F, 0x07, 0xE1,
    0xFF, 0xFD, 0xFF, 0x8E, 0x00, 0x0E, 0x03, 0xE0, 0xFE, 0x1C, 0xC3, 0xB8, 0x3F, 0x03, 0x80, 0xFC,
    0x7F, 0xCF, 0xFF, 0x83, 0x90, 0x70, 0x0E, 0x7F, 0xDF, 0xFF, 0xC7, 0xE0, 0xFC, 0x1F, 0x87, 0xFF,
    0xF7, 0xFE, 0x38, 0x00, 0x1F, 0x0F, 0x83, 0xFE, 0xFF, 0x1F, 0xFF, 0xFD, 0xC1, 0xE0, 0xE2, 0x0F,
    0x03, 0x80, 0x70, 0x1C, 0xFF, 0xFF, 0xEF, 0xFF, 0xFF, 0xF8, 0xE0, 0x07, 0x07, 0x00, 0x38, 0x3C,
    0x0D, 0xC3, 0xF0, 0xEF, 0xFF, 0xFF, 0x3F, 0xCF, 0xF0, 0x70, 0x1C, 0x00, 0x0F, 0x83, 0xFE, 0x7F,
    0xE7, 0x07, 0xE0, 0x7E, 0x00, 0xE0, 0x0E, 0x00, 0xE0, 0x0E, 0x00, 0xF0, 0x77, 0x8F, 0x3F, 0xE1,
    0xFC, 0x07, 0x00, 0x78, 0x07, 0xC0, 0x7C, 0x07, 0x80, 0x00, 0x1C, 0x00, 0xE0, 0x03, 0x80, 0x0C,
    0x00, 0x00, 0x07, 0xC0, 0xFF, 0x0F, 0xFC, 0x70, 0x77, 0x03, 0xB8, 0x0D, 0xFF, 0xFF, 0xFF, 0xF0,
    0x03, 0x80, 0x1C, 0x0E, 0x78, 0xF1, 0xFF, 0x07, 0xF0, 0x0E, 0x00, 0x03, 0xC0, 0x1C, 0x01, 0xC0,
    0x0E, 0x00, 0x00, 0x07, 0xC0, 0xFF, 0x0F, 0xFC, 0x70, 0x77, 0x03, 0xB8, 0x0D, 0xFF, 0xFF, 0xFF,
    0xF0, 0x03, 0x80, 0x1C, 0x0E, 0x78, 0xF1, 0xFF, 0x07, 0xF0, 0x0E, 0x00, 0x0F, 0x00, 0x7C, 0x07,
    0x70, 0x73, 0x80, 0x00, 0x07, 0xC0, 0xFF, 0x0F, 0xFC, 0x70, 0x77, 0x03, 0xB8, 0x0D, 0xFF, 0xFF,
    0xFF, 0xF0, 0x03, 0x80, 0x1C, 0x0E, 0x78, 0xF1, 0xFF, 0x07, 0xF0, 0x0E, 0x00, 0x38, 0xC1, 0xCF,
    0x0E, 0x70, 0x21, 0x00, 0x00, 0x07, 0xC0, 0xFF, 0x0F, 0xFC, 0x70, 0x77, 0x03, 0xB8, 0x0D, 0xFF,
    0xFF, 0xFF, 0xF0, 0x03, 0x80, 0x1C, 0x0E, 0x78, 0xF1, 0xFF, 0x07, 0xF0, 0x0E, 0x00, 0x71, 0xC3,
    0x8E, 0x00, 0x63, 0x8E, 0x38, 0xE3, 0x8E, 0x38, 0xE3, 0x8E, 0x38, 0xE3, 0x80, 0x38, 0xE7, 0x18,
    0x01, 0x8E, 0x38, 0xE3, 0x8E, 0x38, 0xE3, 0x8E, 0x38, 0xE3, 0x8E, 0x00, 0x3C, 0x7E, 0xEE, 0xE7,
    0x00, 0x18, 0x38, 0x38, 0x38, 0x38, 0x38, 0x38, 0x38, 0x38, 0x38, 0x38, 0x38, 0x38, 0x38, 0x73,
    0xB9, 0xDC, 0xE4, 0x20, 0x00, 0x60, 0x70, 0x38, 0x1C, 0x0E, 0x07, 0x03, 0x81, 0xC0, 0xE0, 0x70,
    0x38, 0x1C, 0x0E, 0x07, 0x00, 0x00, 0x00, 0xE3, 0x07, 0xF8, 0x1F, 0x81, 0xF8, 0x0E, 0xE0, 0x03,
    0x83, 0xFC, 0x3F, 0xF3, 0xCF, 0xBC, 0x1D, 0xC0, 0xEE, 0x03, 0xF0, 0x1F, 0x80, 0xDC, 0x0E, 0xE0,
    0x73, 0x87, 0x9F, 0xF8, 0x7F, 0x80, 0x70, 0x00, 0x0C, 0xC1, 0xFC, 0x3F, 0xC0, 0x00, 0x00, 0x06,
    0x78, 0xFF, 0xEF, 0xFE, 0xF0, 0xFF, 0x07, 0xE0, 0x7E, 0x07, 0xE0, 0x7E, 0x07, 0xE0, 0x7E, 0x07,
    0xE0, 0x7E, 0x07, 0xE0, 0x70, 0x1C, 0x00, 0x70, 0x03, 0x80, 0x0C, 0x00, 0x00, 0x07, 0xC0, 0xFF,
    0x8F, 0xFC, 0x70, 0x77, 0x03, 0xB8, 0x0F, 0xC0, 0x7E, 0x03, 0xF0, 0x1F, 0x80, 0xFE, 0x0E, 0x78,
    0xF1, 0xFF, 0x07, 0xF0, 0x0E, 0x00, 0x01, 0xC0, 0x1C, 0x00, 0xC0, 0x0E, 0x00, 0x00, 0x07, 0xC0,
    0xFF, 0x8F, 0xFC, 0x70, 0x77, 0x03, 0xB8, 0x0F, 0xC0, 0x7E, 0x03, 0xF0, 0x1F, 0x80, 0xFE, 0x0E,
    0x78, 0xF1, 0xFF, 0x07, 0xF0, 0x0E, 0x00, 0x07, 0x00, 0x7C, 0x07, 0x70, 0x71, 0x80, 0x00, 0x07,
    0xC0, 0xFF, 0x8F, 0xFC, 0x70, 0x77, 0x03, 0xB8, 0x0F, 0xC0, 0x7E, 0x03, 0xF0, 0x1F, 0x80, 0xFE,
    0x0E, 0x78, 0xF1, 0xFF, 0x07, 0xF0, 0x0E, 0x00, 0x0C, 0xC0, 0xFE, 0x07, 0xF0, 0x00, 0x00, 0x00,
    0x07, 0xC0, 0xFF, 0x8F, 0xFC, 0x70, 0x77, 0x03, 0xB8, 0x0F, 0xC0, 0x7E, 0x03, 0xF0, 0x1F, 0x80,
    0xFE, 0x0E, 0x78, 0xF1, 0xFF, 0x07, 0xF0, 0x0E, 0x00, 0x18, 0xC1, 0xEF, 0x0E, 0x78, 0x21, 0x00,
    0x00, 0x07, 0xC0, 0xFF, 0x8F, 0xFC, 0x70, 0x77, 0x03, 0xB8, 0x0F, 0xC0, 0x7E, 0x03, 0xF0, 0x1F,
    0x80, 0xFE, 0x0E, 0x78, 0xF1, 0xFF, 0x07, 0xF0, 0x0E, 0x00, 0x06, 0x00, 0xF0, 0x0F, 0x00, 0x70,
    0x00, 0x07, 0xFF, 0xFF, 0xFF, 0xFF, 0x00, 0x00, 0x00, 0x0F, 0x00, 0xF0, 0x0F, 0x00, 0x00, 0x00,
    0x00, 0x1F, 0x31, 0xFF, 0xCF, 0xFE, 0x38, 0x79, 0xC3, 0xE7, 0x1D, 0xDC, 0xF7, 0x73, 0x9D, 0xDC,
    0x77, 0xE1, 0xDF, 0x0E, 0x3C, 0x79, 0xFF, 0xC7, 0xFE, 0x08, 0xE0, 0x1C, 0x01, 0xE0, 0x0E, 0x00,
    0x60, 0x00, 0x06, 0x07, 0xE0, 0x7E, 0x07, 0xE0, 0x7E, 0x07, 0xE0, 0x7E, 0x07, 0xE0, 0x7E, 0x07,
    0xE0, 0x77, 0x07, 0x78, 0xF7, 0xFF, 0x3F, 0xF0, 0x40, 0x03, 0xC0, 0x38, 0x03, 0x00, 0x70, 0x00,
    0x06, 0x07, 0xE0, 0x7E, 0x07, 0xE0, 0x7E, 0x07, 0xE0, 0x7E, 0x07, 0xE0, 0x7E, 0x07, 0xE0, 0x77,
    0x07, 0x78, 0xF7, 0xFF, 0x3F, 0xF0, 0x40, 0x0F, 0x00, 0xF8, 0x1D, 0xC3, 0x8C, 0x00, 0x06, 0x07,
    0xE0, 0x7E, 0x07, 0xE0, 0x7E, 0x07, 0xE0, 0x7E, 0x07, 0xE0, 0x7E, 0x07, 0xE0, 0x77, 0x07, 0x78,
    0xF7, 0xFF, 0x3F, 0xF0, 0x40, 0x38, 0xC3, 0x9E, 0x39, 0xC1, 0x08, 0x00, 0x06, 0x07, 0xE0, 0x7E,
    0x07, 0xE0, 0x7E, 0x07, 0xE0, 0x7E, 0x07, 0xE0, 0x7E, 0x07, 0xE0, 0x77, 0x07, 0x78, 0xF7, 0xFF,
    0x3F, 0xF0, 0x40, 0x01, 0xC0, 0x07, 0x00, 0x38, 0x00, 0xC0, 0x00, 0x03, 0x80, 0xE7, 0x03, 0x9C,
    0x0E, 0x70, 0x70, 0xE1, 0xC3, 0x87, 0x0F, 0x38, 0x1C, 0xE0, 0x73, 0x00, 0xFC, 0x03, 0xF0, 0x0F,
    0x80, 0x1E, 0x00, 0x78, 0x01, 0xC0, 0x07, 0x00, 0x38, 0x03, 0xE0, 0x1F, 0x00, 0x30, 0x00, 0x60,
    0x07, 0x00, 0x38, 0x01, 0xC0, 0x0E, 0x00, 0x73, 0xE3, 0xBF, 0x9F, 0xFE, 0xF8, 0x77, 0x81, 0xFC,
    0x0F, 0xC0, 0x7E, 0x03, 0xF0, 0x1F, 0xC0, 0xFE, 0x0F, 0xF8, 0x77, 0xFF, 0xBB, 0xF9, 0xC6, 0x0E,
    0x00, 0x70, 0x03, 0x80, 0x1C, 0x00, 0x00, 0x00, 0x1C, 0xE0, 0x73, 0x81, 0xCE, 0x02, 0x10, 0x00,
    0x03, 0x80, 0xE7, 0x03, 0x9C, 0x0E, 0x70, 0x70, 0xE1, 0xC3, 0x87, 0x0F, 0x38, 0x1C, 0xE0, 0x73,
    0x00, 0xFC, 0x03, 0xF0, 0x0F, 0x80, 0x1E, 0x00, 0x78, 0x01, 0xC0, 0x07, 0x00, 0x38, 0x03, 0xE0,
    0x1F, 0x00, 0x30, 0x00, 0x07, 0xF0, 0x03, 0xF8, 0x00, 0x00, 0x00, 0x00, 0x00, 0x1C, 0x00, 0x0E,
    0x00, 0x0F, 0x80, 0x07, 0xC0, 0x07, 0x70, 0x03, 0xB8, 0x01, 0xDC, 0x01, 0xC7, 0x00, 0xE3, 0x80,
    0x71, 0xC0, 0x70, 0x70, 0x38, 0x38, 0x1F, 0xFC, 0x1F, 0xFF, 0x0E, 0x03, 0x8F, 0x01, 0xE7, 0x00,
    0x73, 0x80, 0x3B, 0xC0, 0x0E, 0x3F, 0x87, 0xF0, 0x00, 0x00, 0x01, 0xF8, 0xFF, 0x9F, 0xFF, 0x07,
    0x20, 0xE0, 0x1C, 0xFF, 0xBF, 0xFF, 0x8F, 0xC1, 0xF8, 0x3F, 0x0F, 0xFF, 0xEF, 0xFC, 0x70, 0x00,
    0x06, 0x30, 0x03, 0xB8, 0x01, 0xFC, 0x00, 0x38, 0x00, 0x00, 0x00, 0x0E, 0x00, 0x07, 0x00, 0x07,
    0xC0, 0x03, 0xE0, 0x03, 0xB8, 0x01, 0xDC, 0x00, 0xEE, 0x00, 0xE3, 0x80, 0x71, 0xC0, 0x38, 0xE0,
    0x38, 0x38, 0x1C, 0x1C, 0x0F, 0xFE, 0x0F, 0xFF, 0x87, 0x01, 0xC7, 0x80, 0xF3, 0x80, 0x39, 0xC0,
    0x1D, 0xE0, 0x07, 0x31, 0xC7, 0x30, 0x7E, 0x07, 0x80, 0x00, 0x3F, 0x1F, 0xF3, 0xFF, 0xE0, 0xE4,
    0x1C, 0x03, 0x9F, 0xF7, 0xFF, 0xF1, 0xF8, 0x3F, 0x07, 0xE1, 0xFF, 0xFD, 0xFF, 0x8E, 0x00, 0x01,
    0xC0, 0x00, 0x70, 0x00, 0x3E, 0x00, 0x0F, 0x80, 0x07, 0x70, 0x01, 0xDC, 0x00, 0x77, 0x00, 0x38,
    0xE0, 0x0E, 0x38, 0x03, 0x8E, 0x01, 0xC1, 0xC0, 0x70, 0x70, 0x1F, 0xFC, 0x0F, 0xFF, 0x83, 0x80,
    0xE1, 0xE0, 0x3C, 0x70, 0x07, 0x1C, 0x01, 0xCF, 0x00, 0x38, 0x00, 0x1C, 0x00, 0x0E, 0x00, 0x03,
    0x80, 0x00, 0xF8, 0x00, 0x3E, 0x00, 0x03, 0x00, 0x1F, 0x87, 0xFC, 0x7F, 0xEE, 0x0E, 0x20, 0xE0,
    0x0E, 0x3F, 0xE7, 0xFE, 0xF8, 0xEE, 0x0E, 0xE0, 0xEE, 0x1E, 0xFF, 0xE7, 0xFE, 0x1D, 0xE0, 0x1C,
    0x03, 0x80, 0x1F, 0x01, 0xF0, 0x04, 0x00, 0x70, 0x00, 0xE0, 0x00, 0xE0, 0x01, 0xC0, 0x00, 0x00,
    0x03, 0xE0, 0x0F, 0xF8, 0x1F, 0xFC, 0x3C, 0x1E, 0x78, 0x0F, 0x70, 0x07, 0xF0, 0x07, 0xE0, 0x00,
    0xE0, 0x00, 0xE0, 0x00, 0xE0, 0x00, 0xE0, 0x00, 0xE0, 0x00, 0x70, 0x07, 0x70, 0x07, 0x78, 0x0F,
    0x3E, 0x3E, 0x1F, 0xFC, 0x0F, 0xF8, 0x01, 0xC0, 0x01, 0xC0, 0x38, 0x03, 0x00, 0x70, 0x00, 0x00,
    0xF8, 0x3F, 0xE7, 0xFE, 0x70, 0x7E, 0x07, 0xE0, 0x0E, 0x00, 0xE0, 0x0E, 0x00, 0xE0, 0x0F, 0x07,
    0x78, 0xF3, 0xFE, 0x1F, 0xC0, 0x70, 0x01, 0xC0, 0x03, 0xE0, 0x07, 0x70, 0x0E, 0x30, 0x00, 0x00,
    0x03, 0xE0, 0x0F, 0xF8, 0x1F, 0xFC, 0x3C, 0x1E, 0x78, 0x0F, 0x70, 0x07, 0xF0, 0x07, 0xE0, 0x00,
    0xE0, 0x00, 0xE0, 0x00, 0xE0, 0x00, 0xE0, 0x00, 0xE0, 0x00, 0x70, 0x07, 0x70, 0x07, 0x78, 0x0F,
    0x3E, 0x3E, 0x1F, 0xFC, 0x0F, 0xF8, 0x01, 0xC0, 0x07, 0x00, 0xF8, 0x1D, 0xC3, 0x8C, 0x00, 0x00,
    0xF8, 0x3F, 0xE7, 0xFE, 0x70, 0x7E, 0x07, 0xE0, 0x0E, 0x00, 0xE0, 0x0E, 0x00, 0xE0, 0x0F, 0x07,
    0x78, 0xF3, 0xFE, 0x1F, 0xC0, 0x70, 0x01, 0xC0, 0x01, 0xC0, 0x01, 0xC0, 0x00, 0x80, 0x00, 0x00,
    0x03, 0xE0, 0x0F, 0xF8, 0x1F, 0xFC, 0x3C, 0x1E, 0x78, 0x0F, 0x70, 0x07, 0xF0, 0x07, 0xE0, 0x00,
    0xE0, 0x00, 0xE0, 0x00, 0xE0, 0x00, 0xE0, 0x00, 0xE0, 0x00, 0x70, 0x07, 0x70, 0x07, 0x78, 0x0F,
    0x3E, 0x3E, 0x1F, 0xFC, 0x0F, 0xF8, 0x01, 0xC0, 0x07, 0x00, 0x70, 0x07, 0x00, 0x20, 0x00, 0x00,
    0xF8, 0x3F, 0xE7, 0xFE, 0x70, 0x7E, 0x07, 0xE0, 0x0E, 0x00, 0xE0, 0x0E, 0x00, 0xE0, 0x0F, 0x07,
    0x78, 0xF3, 0xFE, 0x1F, 0xC0, 0x70, 0x0E, 0x30, 0x07, 0x70, 0x03, 0xE0, 0x01, 0xC0, 0x00, 0x00,
    0x03, 0xE0, 0x0F, 0xF8, 0x1F, 0xFC, 0x3C, 0x1E, 0x78, 0x0F, 0x70, 0x07, 0xF0, 0x07, 0xE0, 0x00,
    0xE0, 0x00, 0xE0, 0x00, 0xE0, 0x00, 0xE0, 0x00, 0xE0, 0x00, 0x70, 0x07, 0x70, 0x07, 0x78, 0x0F,
    0x3E, 0x3E, 0x1F, 0xFC, 0x0F, 0xF8, 0x01, 0xC0, 0x39, 0xC1, 0xDC, 0x0F, 0x80, 0x70, 0x00, 0x00,
    0xF8, 0x3F, 0xE7, 0xFE, 0x70, 0x7E, 0x07, 0xE0, 0x0E, 0x00, 0xE0, 0x0E, 0x00, 0xE0, 0x0F, 0x07,
    0x78, 0xF3, 0xFE, 0x1F, 0xC0, 0x70, 0x73, 0x80, 0x77, 0x00, 0x7C, 0x00, 0x70, 0x00, 0x00, 0x1F,
    0xC0, 0x3F, 0xF8, 0x7F, 0xF8, 0xE0, 0xF9, 0xC0, 0x7B, 0x80, 0x77, 0x00, 0xEE, 0x00, 0xFC, 0x01,
    0xF8, 0x03, 0xF0, 0x07, 0xE0, 0x0F, 0xC0, 0x1F, 0x80, 0x77, 0x00, 0xEE, 0x03, 0x9C, 0x3F, 0x3F,
    0xFC, 0x7F, 0xE0, 0x00, 0x00, 0x00, 0x19, 0x80, 0x0E, 0xC0, 0x07, 0x60, 0x03, 0xB0, 0x01, 0xD8,
    0x7C, 0xE0, 0x7F, 0x70, 0x7F, 0xF8, 0x38, 0x7C, 0x38, 0x1E, 0x1C, 0x07, 0x0E, 0x03, 0x87, 0x01,
    0xC3, 0x80, 0xE1, 0xC0, 0xF0, 0xF0, 0x78, 0x3C, 0x7C, 0x1F, 0xFE, 0x07, 0xF7, 0x00, 0x60, 0x00,
    0x1F, 0xC0, 0x1F, 0xFC, 0x0F, 0xFF, 0x07, 0x07, 0xC3, 0x80, 0xF1, 0xC0, 0x38, 0xE0, 0x0E, 0x70,
    0x07, 0x38, 0x03, 0xFF, 0xE1, 0xFF, 0xF0, 0xE7, 0x00, 0x73, 0x80, 0x39, 0xC0, 0x1C, 0xE0, 0x1C,
    0x70, 0x1E, 0x38, 0x7E, 0x1F, 0xFE, 0x0F, 0xFE, 0x00, 0x00, 0x30, 0x00, 0x70, 0x0F, 0xF0, 0x1F,
    0xE0, 0x03, 0x83, 0xE7, 0x0F, 0xEE, 0x3F, 0xFC, 0x70, 0xF9, 0xC0, 0xF3, 0x80, 0xE7, 0x01, 0xCE,
    0x03, 0x9C, 0x07, 0x38, 0x1E, 0x78, 0x3C, 0x78, 0xF8, 0xFF, 0xF0, 0xFE, 0xE0, 0x30, 0x00, 0x3F,
    0xC3, 0xFC, 0x00, 0x00, 0x00, 0xFF, 0xEF, 0xFF, 0xFF, 0xFE, 0x00, 0xE0, 0x0E, 0x00, 0xE0, 0x0E,
    0x00, 0xFF, 0xEF, 0xFE, 0xFF, 0xEE, 0x00, 0xE0, 0x0E, 0x00, 0xE0, 0x0E, 0x00, 0xE0, 0x0F, 0xFF,
    0xFF, 0xF0, 0x3F, 0xC1, 0xFE, 0x00, 0x00, 0x00, 0x00, 0xF8, 0x1F, 0xE1, 0xFF, 0x8E, 0x0E, 0xE0,
    0x77, 0x01, 0xBF, 0xFF, 0xFF, 0xFE, 0x00, 0x70, 0x03, 0x81, 0xCF, 0x1E, 0x3F, 0xE0, 0xFE, 0x01,
    0xC0, 0x31, 0xC3, 0x98, 0x1F, 0x80, 0xF0, 0x00, 0x0F, 0xFE, 0xFF, 0xFF, 0xFF, 0xE0, 0x0E, 0x00,
    0xE0, 0x0E, 0x00, 0xE0, 0x0F, 0xFE, 0xFF, 0xEF, 0xFE, 0xE0, 0x0E, 0x00, 0xE0, 0x0E, 0x00, 0xE0,
    0x0E, 0x00, 0xFF, 0xFF, 0xFF, 0x38, 0xC0, 0xCE, 0x07, 0xE0, 0x1E, 0x00, 0x00, 0x07, 0xC0, 0xFF,
    0x0F, 0xFC, 0x70, 0x77, 0x03, 0xB8, 0x0D, 0xFF, 0xFF, 0xFF, 0xF0, 0x03, 0x80, 0x1C, 0x0E, 0x78,
    0xF1, 0xFF, 0x07, 0xF0, 0x0E, 0x00, 0x0E, 0x00, 0xF0, 0x0E, 0x00, 0x40, 0x00, 0x0F, 0xFE, 0xFF,
    0xFF, 0xFF, 0xE0, 0x0E, 0x00, 0xE0, 0x0E, 0x00, 0xE0, 0x0F, 0xFE, 0xFF, 0xEF, 0xFE, 0xE0, 0x0E,
    0x00, 0xE0, 0x0E, 0x00, 0xE0, 0x0E, 0x00, 0xFF, 0xFF, 0xFF, 0x07, 0x00, 0x78, 0x01, 0xC0, 0x04,
    0x00, 0x00, 0x07, 0xC0, 0xFF, 0x0F, 0xFC, 0x70, 0x77, 0x03, 0xB8, 0x0D, 0xFF, 0xFF, 0xFF, 0xF0,
    0x03, 0x80, 0x1C, 0x0E, 0x78, 0xF1, 0xFF, 0x07, 0xF0, 0x0E, 0x00, 0xFF, 0xE7, 0xFF, 0xBF, 0xFD,
    0xC0, 0x0E, 0x00, 0x70, 0x03, 0x80, 0x1C, 0x00, 0xFF, 0xE7, 0xFF, 0x3F, 0xF9, 0xC0, 0x0E, 0x00,
    0x70, 0x03, 0x80, 0x1C, 0x00, 0xE0, 0x07, 0xFF, 0xBF, 0xFC, 0x01, 0xC0, 0x1C, 0x00, 0xE0, 0x07,
    0xC0, 0x3E, 0x00, 0x60, 0x0F, 0x81, 0xFE, 0x1F, 0xF8, 0xE0, 0xEE, 0x07, 0x70, 0x1B, 0xFF, 0xFF,
    0xFF, 0xE0, 0x07, 0x00, 0x38, 0x1C, 0xF1, 0xE3, 0xFF, 0x0F, 0xF0, 0x1F, 0x00, 0x38, 0x03, 0x80,
    0x1F, 0x80, 0x7C, 0x01, 0xC0, 0x39, 0xC3, 0xF8, 0x1F, 0x00, 0xE0, 0x00, 0x0F, 0xFE, 0xFF, 0xFF,
    0xFF, 0xE0, 0x0E, 0x00, 0xE0, 0x0E, 0x00, 0xE0, 0x0F, 0xFE, 0xFF, 0xEF, 0xFE, 0xE0, 0x0E, 0x00,
    0xE0, 0x0E, 0x00, 0xE0, 0x0E, 0x00, 0xFF, 0xFF, 0xFF, 0x39, 0xC0, 0xFC, 0x03, 0xE0, 0x0E, 0x00,
    0x00, 0x07, 0xC0, 0xFF, 0x0F, 0xFC, 0x70, 0x77, 0x03, 0xB8, 0x0D, 0xFF, 0xFF, 0xFF, 0xF0, 0x03,
    0x80, 0x1C, 0x0E, 0x78, 0xF1, 0xFF, 0x07, 0xF0, 0x0E, 0x00, 0x01, 0xC0, 0x01, 0xF0, 0x01, 0xDC,
    0x01, 0xC6, 0x00, 0x00, 0x00, 0x1F, 0x00, 0x3F, 0xE0, 0x3F, 0xF8, 0x3C, 0x1E, 0x3C, 0x07, 0x9C,
    0x01, 0xDE, 0x00, 0xEE, 0x00, 0x07, 0x00, 0x03, 0x80, 0xFD, 0xC0, 0xFE, 0xE0, 0x7F, 0x70, 0x03,
    0x9C, 0x01, 0xCE, 0x00, 0xE7, 0x80, 0xF1, 0xF1, 0xF0, 0x7F, 0xF0, 0x1F, 0xF0, 0x01, 0xC0, 0x00,
    0x0F, 0x00, 0x7C, 0x07, 0x70, 0x71, 0x80, 0x00, 0x0F, 0x98, 0xFF, 0xEF, 0xFF, 0x70, 0x7F, 0x03,
    0xF8, 0x0F, 0xC0, 0x7E, 0x03, 0xF0, 0x1F, 0x81, 0xFE, 0x0F, 0x7D, 0xF9, 0xFF, 0xC7, 0xEE, 0x00,
    0x72, 0x07, 0x38, 0x39, 0xFF, 0xC7, 0xFC, 0x0F, 0x00, 0x06, 0x30, 0x03, 0xB8, 0x01, 0xFC, 0x00,
    0x38, 0x00, 0x00, 0x00, 0x1F, 0x00, 0x3F, 0xE0, 0x3F, 0xF8, 0x3C, 0x1E, 0x3C, 0x07, 0x9C, 0x01,
    0xDE, 0x00, 0xEE, 0x00, 0x07, 0x00, 0x03, 0x80, 0xFD, 0xC0, 0xFE, 0xE0, 0x7F, 0x70, 0x03, 0x9C,
    0x01, 0xCE, 0x00, 0xE7, 0x80, 0xF1, 0xF1, 0xF0, 0x7F, 0xF0, 0x1F, 0xF0, 0x01, 0xC0, 0x00, 0x38,
    0xC0, 0xCE, 0x07, 0xE0, 0x1E, 0x00, 0x00, 0x0F, 0x98, 0xFF, 0xEF, 0xFF, 0x70, 0x7F, 0x03, 0xF8,
    0x0F, 0xC0, 0x7E, 0x03, 0xF0, 0x1F, 0x81, 0xFE, 0x0F, 0x7D, 0xF9, 0xFF, 0xC7, 0xEE, 0x00, 0x72,
    0x07, 0x38, 0x39, 0xFF, 0xC7, 0xFC, 0x0F, 0x00, 0x01, 0xC0, 0x00, 0xE0, 0x00, 0x70, 0x00, 0x10,
    0x00, 0x00, 0x00, 0x1F, 0x00, 0x3F, 0xE0, 0x3F, 0xF8, 0x3C, 0x1E, 0x3C, 0x07, 0x9C, 0x01, 0xDE,
    0x00, 0xEE, 0x00, 0x07, 0x00, 0x03, 0x80, 0xFD, 0xC0, 0xFE, 0xE0, 0x7F, 0x70, 0x03, 0x9C, 0x01,
    0xCE, 0x00, 0xE7, 0x80, 0xF1, 0xF1, 0xF0, 0x7F, 0xF0, 0x1F, 0xF0, 0x01, 0xC0, 0x00, 0x07, 0x00,
    0x78, 0x01, 0xC0, 0x04, 0x00, 0x00, 0x0F, 0x98, 0xFF, 0xEF, 0xFF, 0x70, 0x7F, 0x03, 0xF8, 0x0F,
    0xC0, 0x7E, 0x03, 0xF0, 0x1F, 0x81, 0xFE, 0x0F, 0x7D, 0xF9, 0xFF, 0xC7, 0xEE, 0x00, 0x72, 0x07,
    0x38, 0x39, 0xFF, 0xC7, 0xFC, 0x0F, 0x00, 0x03, 0xE0, 0x07, 0xFC, 0x07, 0xFF, 0x07, 0x83, 0xC7,
    0x80, 0xF3, 0x80, 0x3B, 0xC0, 0x1D, 0xC0, 0x00, 0xE0, 0x00, 0x70, 0x1F, 0xB8, 0x1F, 0xDC, 0x0F,
    0xEE, 0x00, 0x73, 0x80, 0x39, 0xC0, 0x1C, 0xF0, 0x1E, 0x3E, 0x3E, 0x0F, 0xFE, 0x03, 0xFE, 0x00,
    0x38, 0x00, 0x1C, 0x00, 0x0E, 0x00, 0x0E, 0x00, 0x07, 0x00, 0x03, 0x80, 0x00, 0x00, 0x00, 0x00,
    0x00, 0x18, 0x01, 0xC0, 0x0E, 0x00, 0x70, 0x03, 0x80, 0x00, 0x03, 0xE6, 0x3F, 0xFB, 0xFF, 0xDC,
    0x1F, 0xC0, 0xFE, 0x03, 0xF0, 0x1F, 0x80, 0xFC, 0x07, 0xE0, 0x7F, 0x83, 0xDF, 0x7E, 0x7F, 0xF1,
    0xFB, 0x80, 0x1C, 0x81, 0xCE, 0x0E, 0x7F, 0xF1, 0xFF, 0x03, 0xC0, 0x07, 0x80, 0x1F, 0x80, 0x3B,
    0x80, 0xE7, 0x00, 0x00, 0x18, 0x01, 0xB8, 0x03, 0xF0, 0x07, 0xE0, 0x0F, 0xC0, 0x1F, 0x80, 0x3F,
    0x00, 0x7E, 0x00, 0xFF, 0xFF, 0xFF, 0xFF, 0xFF, 0xFF, 0xE0, 0x0F, 0xC0, 0x1F, 0x80, 0x3F, 0x00,
    0x7E, 0x00, 0xFC, 0x01, 0xF8, 0x03, 0xF0, 0x07, 0x3C, 0x01, 0xF8, 0x0E, 0xE0, 0x39, 0xC0, 0x00,
    0x00, 0x60, 0x03, 0x80, 0x0E, 0x00, 0x38, 0x00, 0xE0, 0x03, 0x9E, 0x0F, 0xFE, 0x3F, 0xF8, 0xF0,
    0xF3, 0xC1, 0xCE, 0x07, 0x38, 0x1C, 0xE0, 0x73, 0x81, 0xCE, 0x07, 0x38, 0x1C, 0xE0, 0x73, 0x81,
    0xCE, 0x07, 0x30, 0x03, 0x1C, 0x01, 0xC7, 0x00, 0x71, 0xC0, 0x1C, 0xFF, 0xFF, 0xBF, 0xFF, 0xEF,
    0xFF, 0xF9, 0xC0, 0x1C, 0x7F, 0xFF, 0x1F, 0xFF, 0xC7, 0xFF, 0xF1, 0xC0, 0x1C, 0x70, 0x07, 0x1C,
    0x01, 0xC7, 0x00, 0x71, 0xC0, 0x1C, 0x70, 0x07, 0x1C, 0x01, 0xC7, 0x00, 0x70, 0x30, 0x03, 0x80,
    0x3F, 0xC1, 0xFE, 0x07, 0x00, 0x39, 0xE1, 0xFF, 0xCF, 0xFE, 0x78, 0x7B, 0xC1, 0xDC, 0x0E, 0xE0,
    0x77, 0x03, 0xB8, 0x1D, 0xC0, 0xEE, 0x07, 0x70, 0x3B, 0x81, 0xDC, 0x0E, 0x33, 0x7F, 0xFF, 0x00,
    0x00, 0x18, 0x1C, 0x1C, 0x1C, 0x1C, 0x1C, 0x1C, 0x1C, 0x1C, 0x1C, 0x1C, 0x1C, 0x1C, 0x1C, 0x1C,
    0x1C, 0x1C, 0x1C, 0x1C, 0x73, 0xFF, 0xFE, 0x00, 0x00, 0x18, 0x38, 0x38, 0x38, 0x38, 0x38, 0x38,
    0x38, 0x38, 0x38, 0x38, 0x38, 0x38, 0x38, 0xFF, 0x7F, 0x00, 0x00, 0x18, 0x1C, 0x1C, 0x1C, 0x1C,
    0x1C, 0x1C, 0x1C, 0x1C, 0x1C, 0x1C, 0x1C, 0x1C, 0x1C, 0x1C, 0x1C, 0x1C, 0x1C, 0x1C, 0xFF, 0xFF,
    0x00, 0x00, 0x18, 0x38, 0x38, 0x38, 0x38, 0x38, 0x38, 0x38, 0x38, 0x38, 0x38, 0x38, 0x38, 0x38,
    0xE3, 0x67, 0x7E, 0x3C, 0x00, 0x18, 0x1C, 0x1C, 0x1C, 0x1C, 0x1C, 0x1C, 0x1C, 0x1C, 0x1C, 0x1C,
    0x1C, 0x1C, 0x1C, 0x1C, 0x1C, 0x1C, 0x1C, 0x1C, 0xC7, 0xE7, 0x7E, 0x3C, 0x00, 0x18, 0x38, 0x38,
    0x38, 0x38, 0x38, 0x38, 0x38, 0x38, 0x38, 0x38, 0x38, 0x38, 0x38, 0x30, 0xE3, 0x8E, 0x38, 0xE3,
    0x8E, 0x38, 0xE3, 0x8E, 0x38, 0xE3, 0x8E, 0x38, 0xE3, 0x9C, 0xE3, 0x8F, 0xBE, 0x30, 0x18, 0xF3,
    0xC4, 0x00, 0x63, 0x8E, 0x38, 0xE3, 0x8E, 0x38, 0xE3, 0x8E, 0x38, 0xE3, 0x8E, 0x71, 0x87, 0xDF,
    0x18, 0x7F, 0x72, 0x06, 0x77, 0x77, 0x77, 0x77, 0x77, 0x77, 0x77, 0x77, 0x77, 0x6E, 0xEE, 0xEE,
    0xEE, 0xEE, 0xEE, 0xEE, 0xC0, 0x03, 0x70, 0x01, 0xF8, 0x00, 0xFC, 0x00, 0x7E, 0x00, 0x3F, 0x00,
    0x1F, 0x80, 0x0F, 0xC0, 0x07, 0xE0, 0x03, 0xF0, 0x01, 0xF8, 0x00, 0xFC, 0x00, 0x7E, 0x30, 0x3F,
    0x38, 0x1F, 0x9C, 0x0F, 0xCF, 0x0F, 0xE3, 0xC7, 0x71, 0xFF, 0xB8, 0x7F, 0x80, 0x06, 0x00, 0x63,
    0xBC, 0xFF, 0x39, 0x04, 0x00, 0x18, 0xEE, 0x3B, 0x8E, 0xE3, 0xB8, 0xEE, 0x3B, 0x8E, 0xE3, 0xB8,
    0xEE, 0x3B, 0x8E, 0xE3, 0xB8, 0xEE, 0x38, 0x0E, 0x03, 0x80, 0xE0, 0xF8, 0x3C, 0x00, 0x00, 0x00,
    0xF0, 0x07, 0xE0, 0x3B, 0x80, 0xE7, 0x00, 0x00, 0x01, 0x80, 0x0E, 0x00, 0x38, 0x00, 0xE0, 0x03,
    0x80, 0x0E, 0x00, 0x38, 0x00, 0xE0, 0x03, 0x80, 0x0E, 0x00, 0x38, 0x00, 0xE3, 0x03, 0x8E, 0x0E,
    0x38, 0x38, 0xE0, 0xE3, 0xC7, 0x87, 0xFC, 0x0F, 0xE0, 0x0E, 0x00, 0x3C, 0x7E, 0xEE, 0xE7, 0x00,
    0x18, 0x38, 0x38, 0x38, 0x38, 0x38, 0x38, 0x38, 0x38, 0x38, 0x38, 0x38, 0x38, 0x38, 0x38, 0x38,
    0x38, 0xF8, 0xF0, 0x00, 0xC0, 0x1F, 0x80, 0xFE, 0x07, 0xB8, 0x3C, 0xE1, 0xE3, 0x8F, 0x0E, 0x78,
    0x3B, 0xC0, 0xFE, 0x03, 0xFC, 0x0F, 0xF0, 0x3D, 0xE0, 0xE3, 0xC3, 0x87, 0x0E, 0x0E, 0x38, 0x3C,
    0xE0, 0x7B, 0x80, 0xEE, 0x03, 0xC0, 0x00, 0x07, 0x00, 0x1C, 0x00, 0x60, 0x03, 0x80, 0x0E, 0x00,
    0x00, 0x00, 0x60, 0x07, 0x00, 0x38, 0x01, 0xC0, 0x0E, 0x00, 0x70, 0x3B, 0x83, 0x9C, 0x38, 0xE3,
    0x87, 0x38, 0x3B, 0x81, 0xFC, 0x0F, 0xF0, 0x7B, 0x83, 0x9E, 0x1C, 0x78, 0xE1, 0xE7, 0x07, 0x38,
    0x1C, 0x00, 0x00, 0x60, 0x07, 0x00, 0x38, 0x01, 0x80, 0x0C, 0x00, 0x00, 0x00, 0x60, 0x7E, 0x0E,
    0xE1, 0xCE, 0x3C, 0xE7, 0x8E, 0xF0, 0xFE, 0x0F, 0xC0, 0xEE, 0x0E, 0x70, 0xE7, 0x8E, 0x3C, 0xE1,
    0xEE, 0x0F, 0x78, 0x0E, 0x01, 0x80, 0x70, 0x00, 0x01, 0x80, 0x38, 0x07, 0x00, 0xE0, 0x1C, 0x03,
    0x80, 0x70, 0x0E, 0x01, 0xC0, 0x38, 0x07, 0x00, 0xE0, 0x1C, 0x03, 0x80, 0x70, 0x0E, 0x01, 0xC0,
    0x3F, 0xFF, 0xFF, 0x38, 0xE7, 0x18, 0x01, 0x8E, 0x38, 0xE3, 0x8E, 0x38, 0xE3, 0x8E, 0x38, 0xE3,
    0x8E, 0x38, 0xE3, 0x8E, 0x38, 0xC0, 0x1C, 0x03, 0x80, 0x70, 0x0E, 0x01, 0xC0, 0x38, 0x07, 0x00,
    0xE0, 0x1C, 0x03, 0x80, 0x70, 0x0E, 0x01, 0xC0, 0x38, 0x07, 0x00, 0xE0, 0x1F, 0xFF, 0xFF, 0x80,
    0x00, 0xE0, 0x1C, 0x07, 0x00, 0xE0, 0x1C, 0x00, 0x00, 0x33, 0x9C, 0xE7, 0x39, 0xCE, 0x73, 0x9C,
    0xE7, 0x39, 0xCE, 0x73, 0x9C, 0x07, 0x39, 0xCC, 0x60, 0x00, 0x00, 0x18, 0xE3, 0x9C, 0x73, 0x8E,
    0x71, 0xCC, 0x38, 0x07, 0x00, 0xE0, 0x1C, 0x03, 0x80, 0x70, 0x0E, 0x01, 0xC0, 0x38, 0x07, 0x00,
    0xE0, 0x1C, 0x03, 0xFF, 0xFF, 0xF0, 0x00, 0xDF, 0xBF, 0x7E, 0xFD, 0xF8, 0x70, 0xE1, 0xC3, 0x87,
    0x0E, 0x1C, 0x38, 0x70, 0xE1, 0xC3, 0x87, 0x00, 0xC0, 0x1C, 0x03, 0x80, 0x70, 0x0E, 0x01, 0xC0,
    0x38, 0x07, 0x38, 0xE7, 0x1C, 0xE3, 0x88, 0x70, 0x0E, 0x01, 0xC0, 0x38, 0x07, 0x00, 0xE0, 0x1F,
    0xFF, 0xFF, 0x80, 0x60, 0xE0, 0xE0, 0xE0, 0xE0, 0xE0, 0xE0, 0xE0, 0xE7, 0xEF, 0xEF, 0xE0, 0xE0,
    0xE0, 0xE0, 0xE0, 0xE0, 0xE0, 0xE0, 0x18, 0x00, 0xF0, 0x03, 0xC0, 0x0F, 0x00, 0x3C, 0x00, 0xF3,
    0x03, 0xFC, 0x0F, 0xF0, 0x3F, 0x01, 0xF8, 0x0F, 0xC0, 0x3F, 0x00, 0xBC, 0x00, 0xF0, 0x03, 0xC0,
    0x0F, 0x00, 0x3C, 0x00, 0xFF, 0xF3, 0xFF, 0xC0, 0x18, 0x38, 0x38, 0x38, 0x38, 0x3A, 0x3E, 0x3E,
    0x7C, 0xF8, 0xF8, 0x38, 0x38, 0x38, 0x38, 0x38, 0x38, 0x38, 0x38, 0x01, 0xE0, 0x03, 0x80, 0x06,
    0x00, 0x1C, 0x00, 0x00, 0x1C, 0x01, 0xBC, 0x03, 0xF8, 0x07, 0xF8, 0x0F, 0xF8, 0x1F, 0xF0, 0x3F,
    0xF0, 0x7E, 0xE0, 0xFC, 0xE1, 0xF9, 0xE3, 0xF1, 0xC7, 0xE1, 0xCF, 0xC3, 0xDF, 0x83, 0xBF, 0x07,
    0xFE, 0x07, 0xFC, 0x07, 0xF8, 0x0F, 0xF0, 0x0F, 0x03, 0xC0, 0x38, 0x03, 0x00, 0x70, 0x00, 0x06,
    0x78, 0xFF, 0xEF, 0xFE, 0xF0, 0xFF, 0x07, 0xE0, 0x7E, 0x07, 0xE0, 0x7E, 0x07, 0xE0, 0x7E, 0x07,
    0xE0, 0x7E, 0x07, 0xE0, 0x70, 0xE0, 0x0D, 0xE0, 0x1F, 0xC0, 0x3F, 0xC0, 0x7F, 0xC0, 0xFF, 0x81,
    0xFF, 0x83, 0xF7, 0x07, 0xE7, 0x0F, 0xCF, 0x1F, 0x8E, 0x3F, 0x0E, 0x7E, 0x1E, 0xFC, 0x1D, 0xF8,
    0x3F, 0xF0, 0x3F, 0xE0, 0x3F, 0xC0, 0x7F, 0x80, 0x78, 0x00, 0x00, 0x38, 0x00, 0x60, 0x01, 0xC0,
    0x03, 0x80, 0x06, 0x00, 0x00, 0x00, 0x67, 0x8F, 0xFE, 0xFF, 0xEF, 0x0F, 0xF0, 0x7E, 0x07, 0xE0,
    0x7E, 0x07, 0xE0, 0x7E, 0x07, 0xE0, 0x7E, 0x07, 0xE0, 0x7E, 0x07, 0x00, 0x00, 0x70, 0x06, 0x00,
    0xE0, 0x0E, 0x00, 0xC0, 0x00, 0x00, 0x1C, 0xE0, 0x1F, 0xC0, 0x1F, 0x00, 0x1C, 0x00, 0x00, 0x1C,
    0x01, 0xBC, 0x03, 0xF8, 0x07, 0xF8, 0x0F, 0xF8, 0x1F, 0xF0, 0x3F, 0xF0, 0x7E, 0xE0, 0xFC, 0xE1,
    0xF9, 0xE3, 0xF1, 0xC7, 0xE1, 0xCF, 0xC3, 0xDF, 0x83, 0xBF, 0x07, 0xFE, 0x07, 0xFC, 0x07, 0xF8,
    0x0F, 0xF0, 0x0F, 0x39, 0xC1, 0xFC, 0x0F, 0x80, 0x70, 0x00, 0x06, 0x78, 0xFF, 0xEF, 0xFE, 0xF0,
    0xFF, 0x07, 0xE0, 0x7E, 0x07, 0xE0, 0x7E, 0x07, 0xE0, 0x7E, 0x07, 0xE0, 0x7E, 0x07, 0xE0, 0x70,
    0xE0, 0x0D, 0xE0, 0x1F, 0xC0, 0x3F, 0xC0, 0x7F, 0xC0, 0xFF, 0x81, 0xFF, 0x83, 0xF7, 0x07, 0xE7,
    0x0F, 0xCF, 0x1F, 0x8E, 0x3F, 0x0E, 0x7E, 0x1E, 0xFC, 0x1D, 0xF8, 0x3F, 0xF0, 0x3F, 0xE0, 0x3F,
    0xC0, 0x7F, 0x80, 0x78, 0x00, 0x70, 0x00, 0xE0, 0x01, 0xC0, 0x1F, 0x80, 0x3E, 0x00, 0x30, 0x67,
    0x8F, 0xFE, 0xFF, 0xEF, 0x0F, 0xF0, 0x7E, 0x07, 0xE0, 0x7E, 0x07, 0xE0, 0x7E, 0x07, 0xE0, 0x7E,
    0x07, 0xE0, 0x7E, 0x07, 0x00, 0x70, 0x07, 0x00, 0x70, 0x1F, 0x03, 0xE0, 0x18, 0x07, 0xF0, 0x03,
    0xF8, 0x00, 0x00, 0x00, 0x00, 0x00, 0x3E, 0x00, 0x7F, 0xC0, 0x7F, 0xF0, 0x78, 0x3C, 0x78, 0x0F,
    0x38, 0x03, 0xBC, 0x01, 0xFC, 0x00, 0x7E, 0x00, 0x3F, 0x00, 0x1F, 0x80, 0x0F, 0xC0, 0x07, 0xE0,
    0x03, 0xB8, 0x03, 0x9C, 0x01, 0xCF, 0x01, 0xE3, 0xE3, 0xE0, 0xFF, 0xE0, 0x3F, 0xE0, 0x03, 0x80,
    0x1F, 0xC0, 0xFE, 0x00, 0x00, 0x00, 0x00, 0xF8, 0x1F, 0xF1, 0xFF, 0x8E, 0x0E, 0xE0, 0x77, 0x01,
    0xF8, 0x0F, 0xC0, 0x7E, 0x03, 0xF0, 0x1F, 0xC1, 0xCF, 0x1E, 0x3F, 0xE0, 0xFE, 0x01, 0xC0, 0x06,
    0x30, 0x03, 0xB8, 0x01, 0xFC, 0x00, 0x38, 0x00, 0x00, 0x00, 0x1F, 0x00, 0x3F, 0xE0, 0x3F, 0xF8,
    0x3C, 0x1E, 0x3C, 0x07, 0x9C, 0x01, 0xDE, 0x00, 0xFE, 0x00, 0x3F, 0x00, 0x1F, 0x80, 0x0F, 0xC0,
    0x07, 0xE0, 0x03, 0xF0, 0x01, 0xDC, 0x01, 0xCE, 0x00, 0xE7, 0x80, 0xF1, 0xF1, 0xF0, 0x7F, 0xF0,
    0x1F, 0xF0, 0x01, 0xC0, 0x00, 0x38, 0xC0, 0xEE, 0x07, 0xE0, 0x1E, 0x00, 0x00, 0x07, 0xC0, 0xFF,
    0x8F, 0xFC, 0x70, 0x77, 0x03, 0xB8, 0x0F, 0xC0, 0x7E, 0x03, 0xF0, 0x1F, 0x80, 0xFE, 0x0E, 0x78,
    0xF1, 0xFF, 0x07, 0xF0, 0x0E, 0x00, 0x03, 0xB8, 0x03, 0x9C, 0x01, 0xDC, 0x00, 0xCC, 0x00, 0x00,
    0x00, 0x1F, 0x00, 0x3F, 0xE0, 0x3F, 0xF8, 0x3C, 0x1E, 0x3C, 0x07, 0x9C, 0x01, 0xDE, 0x00, 0xFE,
    0x00, 0x3F, 0x00, 0x1F, 0x80, 0x0F, 0xC0, 0x07, 0xE0, 0x03, 0xF0, 0x01, 0xDC, 0x01, 0xCE, 0x00,
    0xE7, 0x80, 0xF1, 0xF1, 0xF0, 0x7F, 0xF0, 0x1F, 0xF0, 0x01, 0xC0, 0x00, 0x1E, 0xE0, 0xEE, 0x07,
    0x70, 0x77, 0x00, 0x00, 0x07, 0xC0, 0xFF, 0x8F, 0xFC, 0x70, 0x77, 0x03, 0xB8, 0x0F, 0xC0, 0x7E,
    0x03, 0xF0, 0x1F, 0x80, 0xFE, 0x0E, 0x78, 0xF1, 0xFF, 0x07, 0xF0, 0x0E, 0x00, 0x00, 0xFF, 0xFC,
    0x1F, 0xFF, 0xFC, 0x7F, 0xFF, 0xF9, 0xF0, 0xE0, 0x07, 0x81, 0xC0, 0x0E, 0x03, 0x80, 0x1C, 0x07,
    0x00, 0x70, 0x0E, 0x00, 0xE0, 0x1F, 0xFD, 0xC0, 0x3F, 0xFB, 0x80, 0x7F, 0xF7, 0x00, 0xE0, 0x0E,
    0x01, 0xC0, 0x0E, 0x03, 0x80, 0x1C, 0x07, 0x00, 0x1C, 0x0E, 0x00, 0x3F, 0x1C, 0x00, 0x3F, 0xFF,
    0xFC, 0x1F, 0xFF, 0xF8, 0x0F, 0x83, 0xE0, 0x7F, 0xDF, 0xF1, 0xFF, 0xFF, 0xF3, 0x83, 0xE0, 0xEE,
    0x07, 0x81, 0xFC, 0x07, 0x01, 0xF8, 0x0F, 0xFF, 0xF0, 0x1F, 0xFF, 0xE0, 0x38, 0x01, 0xC0, 0x70,
    0x03, 0xC1, 0xF0, 0x33, 0xC7, 0xF0, 0xE3, 0xFE, 0xFF, 0xC3, 0xF8, 0xFF, 0x01, 0xC0, 0x70, 0x00,
    0x03, 0x80, 0x0E, 0x00, 0x70, 0x01, 0x80, 0x00, 0x03, 0xF8, 0x0F, 0xFE, 0x3F, 0xFC, 0xE0, 0xF3,
    0x80, 0xEE, 0x03, 0xB8, 0x0E, 0xE0, 0x3B, 0x81, 0xEF, 0xFF, 0x3F, 0xF8, 0xFF, 0xC3, 0x87, 0x0E,
    0x1E, 0x38, 0x38, 0xE0, 0xF3, 0x81, 0xCE, 0x07, 0xB8, 0x0E, 0x0E, 0x0E, 0x1C, 0x18, 0x00, 0x6F,
    0xFF, 0xFF, 0xF0, 0xF0, 0xE0, 0xE0, 0xE0, 0xE0, 0xE0, 0xE0, 0xE0, 0xE0, 0xE0, 0xFE, 0x03, 0xFF,
    0x8F, 0xFF, 0x38, 0x3C, 0xE0, 0x3B, 0x80, 0xEE, 0x03, 0xB8, 0x0E, 0xE0, 0x7B, 0xFF, 0xCF, 0xFE,
    0x3F, 0xF0, 0xE1, 0xC3, 0x87, 0x8E, 0x0E, 0x38, 0x3C, 0xE0, 0x73, 0x81, 0xEE, 0x03, 0x80, 0x00,
    0x06, 0x00, 0x38, 0x00, 0xE0, 0x03, 0x80, 0x0C, 0x00, 0x00, 0x00, 0x37, 0xBF, 0xDF, 0xEF, 0x07,
    0x83, 0x81, 0xC0, 0xE0, 0x70, 0x38, 0x1C, 0x0E, 0x07, 0x03, 0x80, 0x00, 0xE0, 0x70, 0x38, 0x18,
    0x0C, 0x00, 0x00, 0x39, 0xC0, 0x7E, 0x01, 0xF0, 0x03, 0x80, 0x00, 0x03, 0xF8, 0x0F, 0xFE, 0x3F,
    0xFC, 0xE0, 0xF3, 0x80, 0xEE, 0x03, 0xB8, 0x0E, 0xE0, 0x3B, 0x81, 0xEF, 0xFF, 0x3F, 0xF8, 0xFF,
    0xC3, 0x87, 0x0E, 0x1E, 0x38, 0x38, 0xE0, 0xF3, 0x81, 0xCE, 0x07, 0xB8, 0x0E, 0xE7, 0x7E, 0x3C,
    0x3C, 0x00, 0x6F, 0xFF, 0xFF, 0xF0, 0xF0, 0xE0, 0xE0, 0xE0, 0xE0, 0xE0, 0xE0, 0xE0, 0xE0, 0xE0,
    0x01, 0xC0, 0x07, 0x00, 0x38, 0x00, 0xC0, 0x00, 0x00, 0x1E, 0x01, 0xFE, 0x0F, 0xFC, 0x78, 0x79,
    0xC0, 0xEE, 0x01, 0xFC, 0x00, 0x78, 0x01, 0xFC, 0x03, 0xFE, 0x01, 0xFC, 0x00, 0xF8, 0x00, 0xF0,
    0x01, 0xF8, 0x07, 0xF0, 0x3D, 0xE1, 0xE7, 0xFF, 0x87, 0xF8, 0x07, 0x80, 0x03, 0x80, 0xE0, 0x1C,
    0x07, 0x00, 0x00, 0x3E, 0x1F, 0xF3, 0xFE, 0xE0, 0xFC, 0x03, 0xC0, 0x3F, 0x83, 0xFC, 0x0F, 0xC0,
    0x3F, 0x07, 0xF1, 0xEF, 0xF8, 0xFE, 0x07, 0x00, 0x07, 0x80, 0x3F, 0x01, 0xDC, 0x07, 0x38, 0x00,
    0x00, 0x1E, 0x01, 0xFE, 0x0F, 0xFC, 0x78, 0x79, 0xC0, 0xEE, 0x01, 0xFC, 0x00, 0x78, 0x01, 0xFC,
    0x03, 0xFE, 0x01, 0xFC, 0x00, 0xF8, 0x00, 0xF0, 0x01, 0xF8, 0x07, 0xF0, 0x3D, 0xE1, 0xE7, 0xFF,
    0x87, 0xF8, 0x07, 0x80, 0x0E, 0x03, 0xE0, 0xEE, 0x18, 0xE0, 0x00, 0x3E, 0x1F, 0xF3, 0xFE, 0xE0,
    0xFC, 0x03, 0xC0, 0x3F, 0x83, 0xFC, 0x0F, 0xC0, 0x3F, 0x07, 0xF1, 0xEF, 0xF8, 0xFE, 0x07, 0x00,
    0x07, 0x80, 0x7F, 0x83, 0xFF, 0x1E, 0x1E, 0x70, 0x3B, 0x80, 0x7F, 0x00, 0x1E, 0x00, 0x7F, 0x00,
    0xFF, 0x80, 0x7F, 0x00, 0x3E, 0x00, 0x3C, 0x00, 0x7E, 0x01, 0xFC, 0x0F, 0x78, 0x79, 0xFF, 0xE1,
    0xFE, 0x01, 0xE0, 0x03, 0xC0, 0x0F, 0x00, 0x3C, 0x01, 0xF0, 0x00, 0x00, 0x1F, 0x0F, 0xF9, 0xFF,
    0x70, 0x7E, 0x01, 0xE0, 0x1F, 0xC1, 0xFE, 0x07, 0xE0, 0x1F, 0x83, 0xF8, 0xF7, 0xFC, 0x7F, 0x03,
    0x80, 0x78, 0x07, 0x81, 0xF0, 0x3C, 0x00, 0x00, 0x1C, 0xE0, 0x3F, 0x00, 0xF8, 0x01, 0xC0, 0x00,
    0x00, 0x1E, 0x01, 0xFE, 0x0F, 0xFC, 0x78, 0x79, 0xC0, 0xEE, 0x01, 0xFC, 0x00, 0x78, 0x01, 0xFC,
    0x03, 0xFE, 0x01, 0xFC, 0x00, 0xF8, 0x00, 0xF0, 0x01, 0xF8, 0x07, 0xF0, 0x3D, 0xE1, 0xE7, 0xFF,
    0x87, 0xF8, 0x07, 0x80, 0x39, 0xC7, 0x70, 0x7C, 0x07, 0x00, 0x00, 0x3E, 0x1F, 0xF3, 0xFE, 0xE0,
    0xFC, 0x03, 0xC0, 0x3F, 0x83, 0xFC, 0x0F, 0xC0, 0x3F, 0x07, 0xF1, 0xEF, 0xF8, 0xFE, 0x07, 0x00,
    0xFF, 0xFF, 0xFF, 0xFF, 0xFF, 0xC1, 0xE0, 0x07, 0x80, 0x1E, 0x00, 0x78, 0x01, 0xE0, 0x07, 0x80,
    0x1E, 0x00, 0x78, 0x01, 0xE0, 0x07, 0x80, 0x1E, 0x00, 0x78, 0x01, 0xE0, 0x07, 0x80, 0x1E, 0x00,
    0x78, 0x00, 0xC0, 0x03, 0xC0, 0x0F, 0x00, 0x3C, 0x01, 0xF0, 0x00, 0x00, 0x38, 0x1C, 0x0E, 0x1F,
    0xEF, 0xF7, 0xF0, 0xE0, 0x70, 0x38, 0x1C, 0x0E, 0x07, 0x03, 0x81, 0xC0, 0xE0, 0x7E, 0x1F, 0x06,
    0x03, 0xC1, 0xE0, 0xF0, 0xF8, 0x00, 0x1C, 0xE0, 0x3F, 0x00, 0x78, 0x01, 0xE0, 0x00, 0x03, 0xFF,
    0xFF, 0xFF, 0xFF, 0xFF, 0x07, 0x80, 0x1E, 0x00, 0x78, 0x01, 0xE0, 0x07, 0x80, 0x1E, 0x00, 0x78,
    0x01, 0xE0, 0x07, 0x80, 0x1E, 0x00, 0x78, 0x01, 0xE0, 0x07, 0x80, 0x1E, 0x00, 0x78, 0x01, 0xE0,
    0x00, 0x01, 0x80, 0xC0, 0x63, 0xB1, 0xD8, 0xE1, 0xFE, 0xFF, 0x7F, 0x0E, 0x07, 0x03, 0x81, 0xC0,
    0xE0, 0x70, 0x38, 0x1C, 0x0E, 0x07, 0xE1, 0xF0, 0x00, 0xFF, 0xFF, 0xFF, 0xFF, 0xFF, 0xC1, 0xE0,
    0x07, 0x80, 0x1E, 0x00, 0x78, 0x01, 0xE0, 0x07, 0x80, 0xFF, 0xC3, 0xFF, 0x01, 0xE0, 0x07, 0x80,
    0x1E, 0x00, 0x78, 0x01, 0xE0, 0x07, 0x80, 0x1E, 0x00, 0x78, 0x00, 0x38, 0x38, 0x38, 0xFF, 0xFF,
    0xFE, 0x38, 0xFE, 0xFF, 0xFF, 0x38, 0x38, 0x38, 0x38, 0x38, 0x3F, 0x1F, 0x00, 0x0E, 0x60, 0x1F,
    0xC0, 0x7F, 0x80, 0x00, 0x00, 0x00, 0x18, 0x01, 0xB8, 0x03, 0xF0, 0x07, 0xE0, 0x0F, 0xC0, 0x1F,
    0x80, 0x3F, 0x00, 0x7E, 0x00, 0xFC, 0x01, 0xF8, 0x03, 0xF0, 0x07, 0xE0, 0x0F, 0xC0, 0x1F, 0x80,
    0x3F, 0x00, 0xEF, 0x01, 0xCF, 0x0F, 0x8F, 0xFE, 0x0F, 0xF8, 0x07, 0x80, 0x0C, 0xC1, 0xFC, 0x3F,
    0xC0, 0x00, 0x00, 0x06, 0x07, 0xE0, 0x7E, 0x07, 0xE0, 0x7E, 0x07, 0xE0, 0x7E, 0x07, 0xE0, 0x7E,
    0x07, 0xE0, 0x77, 0x07, 0x78, 0xF7, 0xFF, 0x3F, 0xF0, 0x40, 0x1F, 0xE0, 0x3F, 0xC0, 0x00, 0x00,
    0x00, 0x0C, 0x00, 0xDC, 0x01, 0xF8, 0x03, 0xF0, 0x07, 0xE0, 0x0F, 0xC0, 0x1F, 0x80, 0x3F, 0x00,
    0x7E, 0x00, 0xFC, 0x01, 0xF8, 0x03, 0xF0, 0x07, 0xE0, 0x0F, 0xC0, 0x1F, 0x80, 0x77, 0x80, 0xE7,
    0x87, 0xC7, 0xFF, 0x07, 0xFC, 0x03, 0xC0, 0x3F, 0xC1, 0xFC, 0x00, 0x00, 0x00, 0x60, 0x7E, 0x07,
    0xE0, 0x7E, 0x07, 0xE0, 0x7E, 0x07, 0xE0, 0x7E, 0x07, 0xE0, 0x7E, 0x07, 0x70, 0x77, 0x8F, 0x7F,
    0xF3, 0xFF, 0x04, 0x00, 0x1C, 0x60, 0x19, 0xC0, 0x3F, 0x00, 0x3C, 0x00, 0x00, 0x18, 0x01, 0xB8,
    0x03, 0xF0, 0x07, 0xE0, 0x0F, 0xC0, 0x1F, 0x80, 0x3F, 0x00, 0x7E, 0x00, 0xFC, 0x01, 0xF8, 0x03,
    0xF0, 0x07, 0xE0, 0x0F, 0xC0, 0x1F, 0x80, 0x3F, 0x00, 0xEF, 0x01, 0xCF, 0x0F, 0x8F, 0xFE, 0x0F,
    0xF8, 0x07, 0x80, 0x38, 0xC1, 0x9C, 0x1F, 0x80, 0xF0, 0x00, 0x06, 0x07, 0xE0, 0x7E, 0x07, 0xE0,
    0x7E, 0x07, 0xE0, 0x7E, 0x07, 0xE0, 0x7E, 0x07, 0xE0, 0x77, 0x07, 0x78, 0xF7, 0xFF, 0x3F, 0xF0,
    0x40, 0x07, 0x80, 0x1F, 0x80, 0x33, 0x80, 0x67, 0x00, 0xFC, 0x00, 0xF8, 0x30, 0x03, 0x70, 0x07,
    0xE0, 0x0F, 0xC0, 0x1F, 0x80, 0x3F, 0x00, 0x7E, 0x00, 0xFC, 0x01, 0xF8, 0x03, 0xF0, 0x07, 0xE0,
    0x0F, 0xC0, 0x1F, 0x80, 0x3F, 0x00, 0x7E, 0x01, 0xDE, 0x03, 0x9E, 0x1F, 0x1F, 0xFC, 0x1F, 0xF0,
    0x0F, 0x00, 0x07, 0x00, 0xF8, 0x1F, 0xC1, 0x9C, 0x1D, 0xC1, 0xF8, 0x07, 0x06, 0x07, 0xE0, 0x7E,
    0x07, 0xE0, 0x7E, 0x07, 0xE0, 0x7E, 0x07, 0xE0, 0x7E, 0x07, 0xE0, 0x77, 0x07, 0x78, 0xF7, 0xFF,
    0x3F, 0xF0, 0x40, 0x0E, 0x70, 0x1D, 0xC0, 0x33, 0x80, 0xEE, 0x00, 0x00, 0x18, 0x01, 0xB8, 0x03,
    0xF0, 0x07, 0xE0, 0x0F, 0xC0, 0x1F, 0x80, 0x3F, 0x00, 0x7E, 0x00, 0xFC, 0x01, 0xF8, 0x03, 0xF0,
    0x07, 0xE0, 0x0F, 0xC0, 0x1F, 0x80, 0x3F, 0x00, 0xEF, 0x01, 0xCF, 0x0F, 0x8F, 0xFE, 0x0F, 0xF8,
    0x07, 0x80, 0x1C, 0xE1, 0xDC, 0x19, 0xC3, 0xB8, 0x00, 0x06, 0x07, 0xE0, 0x7E, 0x07, 0xE0, 0x7E,
    0x07, 0xE0, 0x7E, 0x07, 0xE0, 0x7E, 0x07, 0xE0, 0x77, 0x07, 0x78, 0xF7, 0xFF, 0x3F, 0xF0, 0x40,
    0xC0, 0x0D, 0xC0, 0x1F, 0x80, 0x3F, 0x00, 0x7E, 0x00, 0xFC, 0x01, 0xF8, 0x03, 0xF0, 0x07, 0xE0,
    0x0F, 0xC0, 0x1F, 0x80, 0x3F, 0x00, 0x7E, 0x00, 0xFC, 0x01, 0xF8, 0x07, 0xF8, 0x0E, 0x78, 0x7C,
    0x7F, 0xF0, 0x7F, 0xC0, 0x3E, 0x00, 0x70, 0x00, 0xE0, 0x01, 0xF0, 0x03, 0xE0, 0x01, 0x80, 0x60,
    0x77, 0x03, 0xB8, 0x1D, 0xC0, 0xEE, 0x07, 0x70, 0x3B, 0x81, 0xDC, 0x0E, 0xE0, 0x77, 0x03, 0x9C,
    0x1C, 0xF1, 0xE7, 0xFF, 0x1F, 0xF8, 0x13, 0xC0, 0x1C, 0x01, 0xC0, 0x0F, 0x80, 0x3E, 0x00, 0xC0,
    0x00, 0x3C, 0x00, 0x00, 0x3E, 0x00, 0x00, 0x77, 0x00, 0x00, 0xE7, 0x00, 0x00, 0x00, 0x00, 0x60,
    0x18, 0x03, 0xE0, 0x3C, 0x07, 0x70, 0x3C, 0x07, 0x70, 0x3E, 0x0F, 0x70, 0x3E, 0x0E, 0x70, 0x7E,
    0x0E, 0x38, 0x7E, 0x0E, 0x38, 0x77, 0x1C, 0x38, 0x67, 0x1C, 0x1C, 0xE7, 0x1C, 0x1C, 0xE3, 0x1C,
    0x1C, 0xE3, 0xB8, 0x1D, 0xC3, 0xB8, 0x0F, 0xC3, 0xB8, 0x0F, 0xC1, 0xB8, 0x0F, 0xC1, 0xF0, 0x0F,
    0x81, 0xF0, 0x07, 0x81, 0xF0, 0x07, 0x80, 0xE0, 0x00, 0xF0, 0x00, 0x1F, 0x80, 0x03, 0xFC, 0x00,
    0x39, 0xC0, 0x00, 0x00, 0x06, 0x07, 0x07, 0x70, 0xF0, 0xE7, 0x0F, 0x0E, 0x70, 0xF0, 0xE3, 0x9F,
    0x8E, 0x39, 0xF9, 0xC3, 0x9D, 0x9C, 0x19, 0x99, 0xC1, 0xF9, 0xF8, 0x1F, 0x9F, 0x81, 0xF0, 0xF8,
    0x0F, 0x0F, 0x00, 0xF0, 0xF0, 0x0F, 0x07, 0x00, 0x01, 0xC0, 0x01, 0xF0, 0x01, 0xDC, 0x01, 0xC6,
    0x00, 0x00, 0x03, 0x00, 0x19, 0xC0, 0x1C, 0xF0, 0x1E, 0x38, 0x0E, 0x1E, 0x0E, 0x07, 0x0F, 0x01,
    0xC7, 0x00, 0xF7, 0x00, 0x3B, 0x80, 0x0F, 0x80, 0x07, 0xC0, 0x01, 0xC0, 0x00, 0xE0, 0x00, 0x70,
    0x00, 0x38, 0x00, 0x1C, 0x00, 0x0E, 0x00, 0x07, 0x00, 0x03, 0x80, 0x07, 0x80, 0x3F, 0x01, 0xDC,
    0x07, 0x38, 0x00, 0x03, 0x80, 0xE7, 0x03, 0x9C, 0x0E, 0x70, 0x70, 0xE1, 0xC3, 0x87, 0x0F, 0x38,
    0x1C, 0xE0, 0x73, 0x00, 0xFC, 0x03, 0xF0, 0x0F, 0x80, 0x1E, 0x00, 0x78, 0x01, 0xC0, 0x07, 0x00,
    0x38, 0x03, 0xE0, 0x1F, 0x00, 0x30, 0x00, 0x06, 0x30, 0x07, 0xBC, 0x03, 0x9E, 0x00, 0x84, 0x00,
    0x00, 0x03, 0x00, 0x19, 0xC0, 0x1C, 0xF0, 0x1E, 0x38, 0x0E, 0x1E, 0x0E, 0x07, 0x0F, 0x01, 0xC7,
    0x00, 0xF7, 0x00, 0x3B, 0x80, 0x0F, 0x80, 0x07, 0xC0, 0x01, 0xC0, 0x00, 0xE0, 0x00, 0x70, 0x00,
    0x38, 0x00, 0x1C, 0x00, 0x0E, 0x00, 0x07, 0x00, 0x03, 0x80, 0x01, 0xC0, 0x07, 0x00, 0x38, 0x00,
    0xC0, 0x00, 0x01, 0xFF, 0xEF, 0xFF, 0xFF, 0xFF, 0x00, 0x38, 0x01, 0xC0, 0x0F, 0x00, 0x78, 0x01,
    0xC0, 0x0E, 0x00, 0x78, 0x01, 0xC0, 0x0E, 0x00, 0x78, 0x01, 0xC0, 0x0E, 0x00, 0x78, 0x01, 0xC0,
    0x0F, 0xFF, 0xFF, 0xFF, 0x03, 0x80, 0xE0, 0x1C, 0x07, 0x00, 0x01, 0xFF, 0xFF, 0xFF, 0xFF, 0x01,
    0xC0, 0x70, 0x1E, 0x03, 0x80, 0xE0, 0x38, 0x0F, 0x03, 0xC0, 0x70, 0x1F, 0xFF, 0xFF, 0x80, 0x03,
    0x00, 0x1E, 0x00, 0x78, 0x00, 0x80, 0x00, 0x01, 0xFF, 0xEF, 0xFF, 0xFF, 0xFF, 0x00, 0x38, 0x01,
    0xC0, 0x0F, 0x00, 0x78, 0x01, 0xC0, 0x0E, 0x00, 0x78, 0x01, 0xC0, 0x0E, 0x00, 0x78, 0x01, 0xC0,
    0x0E, 0x00, 0x78, 0x01, 0xC0, 0x0F, 0xFF, 0xFF, 0xFF, 0x0E, 0x01, 0xC0, 0x38, 0x02, 0x00, 0x01,
    0xFF, 0xFF, 0xFF, 0xFF, 0x01, 0xC0, 0x70, 0x1E, 0x03, 0x80, 0xE0, 0x38, 0x0F, 0x03, 0xC0, 0x70,
    0x1F, 0xFF, 0xFF, 0x80, 0x1C, 0xE0, 0x3F, 0x00, 0xF8, 0x01, 0xC0, 0x00, 0x01, 0xFF, 0xEF, 0xFF,
    0xFF, 0xFF, 0x00, 0x38, 0x01, 0xC0, 0x0F, 0x00, 0x78, 0x01, 0xC0, 0x0E, 0x00, 0x78, 0x01, 0xC0,
    0x0E, 0x00, 0x78, 0x01, 0xC0, 0x0E, 0x00, 0x78, 0x01, 0xC0, 0x0F, 0xFF, 0xFF, 0xFF, 0x39, 0xC7,
    0x70, 0x7C, 0x07, 0x00, 0x01, 0xFF, 0xFF, 0xFF, 0xFF, 0x01, 0xC0, 0x70, 0x1E, 0x03, 0x80, 0xE0,
    0x38, 0x0F, 0x03, 0xC0, 0x70, 0x1F, 0xFF, 0xFF, 0x80, 0x3E, 0xFD, 0xF7, 0x0E, 0x1C, 0x38, 0x70,
    0xE1, 0xC3, 0x87, 0x0E, 0x1C, 0x38, 0x70, 0xE1, 0xC3, 0x80, 0x00, 0x03, 0x80, 0x01, 0xC0, 0xFF,
    0xE1, 0xFF, 0xF1, 0xFF, 0xF1, 0xE0, 0xF1, 0xE0, 0x3C, 0xE0, 0x0E, 0xF0, 0x07, 0xF0, 0x01, 0xF8,
    0x00, 0xFC, 0x00, 0x7E, 0x00, 0x3F, 0x00, 0x1F, 0x80, 0x0E, 0xE0, 0x0E, 0x70, 0x07, 0x3C, 0x07,
    0x8F, 0x8F, 0x83, 0xFF, 0x80, 0xFF, 0x80, 0x0E, 0x00, 0x00, 0x18, 0x01, 0xC0, 0x0E, 0x1F, 0xF3,
    0xFF, 0xBF, 0xF1, 0xC1, 0xDC, 0x0E, 0xE0, 0x3F, 0x01, 0xF8, 0x0F, 0xC0, 0x7E, 0x03, 0xF8, 0x39,
    0xE3, 0xC7, 0xFC, 0x1F, 0xC0, 0x38, 0x00, 0x00, 0x03, 0x80, 0x01, 0xF0, 0x03, 0xFC, 0x01, 0xFE,
    0x00, 0xF7, 0x00, 0x73, 0x80, 0x39, 0xC0, 0x1C, 0xE0, 0x0E, 0x70, 0x07, 0x38, 0x03, 0x9C, 0x01,
    0xCE, 0x00, 0xE7, 0x00, 0x73, 0x80, 0x39, 0xC0, 0x1C, 0xE0, 0x1C, 0x78, 0x0E, 0x1E, 0x1F, 0x07,
    0xFF, 0x01, 0xFF, 0x00, 0x3C, 0x00, 0x00, 0x0C, 0x00, 0x70, 0x01, 0xD8, 0x1F, 0xE0, 0x7F, 0x81,
    0xCE, 0x07, 0x38, 0x1C, 0xE0, 0x73, 0x81, 0xCE, 0x07, 0x38, 0x1C, 0xE0, 0x71, 0xC1, 0xC7, 0x8F,
    0x1F, 0xFC, 0x3F, 0xF0, 0x10, 0x00, 0xFE, 0x00, 0x39, 0xCF, 0xFE, 0x01, 0xDC, 0xFF, 0xF0, 0x0F,
    0x8E, 0x0F, 0x80, 0x70, 0xE0, 0x3C, 0x00, 0x0E, 0x01, 0xC7, 0xFF, 0xE0, 0x1C, 0x7F, 0xFE, 0x00,
    0xE7, 0xFF, 0xE0, 0x0E, 0x00, 0xEE, 0x00, 0xE0, 0x1C, 0xE0, 0x0E, 0x03, 0xCE, 0x00, 0xE0, 0x78,
    0xE0, 0x0E, 0x07, 0x0E, 0x01, 0xC0, 0xE0, 0xE0, 0x1C, 0x1E, 0x0E, 0x03, 0x83, 0xC0, 0xE1, 0xF8,
    0x38, 0x0F, 0xFF, 0x07, 0xFF, 0xFF, 0xC0, 0x7F, 0xF0, 0x00, 0x30, 0x73, 0x80, 0x0E, 0x1D, 0xC0,
    0x03, 0x83, 0xE0, 0x00, 0xE0, 0x70, 0x00, 0x38, 0x00, 0x07, 0xCE, 0x7F, 0xF3, 0xFB, 0x9F, 0xFD,
    0xFF, 0xE7, 0xFF, 0x70, 0xF8, 0x03, 0xB8, 0x1E, 0x01, 0xEE, 0x03, 0x80, 0xF3, 0x80, 0xE0, 0x38,
    0xE0, 0x38, 0x1C, 0x38, 0x0E, 0x0E, 0x0E, 0x07, 0x87, 0x83, 0xC1, 0xE3, 0xC0, 0x78, 0xF8, 0xE0,
    0x1F, 0xFE, 0x7F, 0xF3, 0xFB, 0x9F, 0xFC, 0x18, 0x00, 0x00, 0xC0, 0x00, 0x03, 0xE0, 0x00, 0x07,
    0xE0, 0x00, 0x07, 0xE0, 0x00, 0x07, 0xE0, 0x00, 0x07, 0xE0, 0x00, 0x07, 0xE0, 0x00, 0x07, 0xE0,
    0x00, 0x07, 0xE0, 0x00, 0x07, 0xE0, 0x00, 0x07, 0xE0, 0x00, 0x07, 0xE0, 0x00, 0x07, 0xE0, 0x06,
    0x07, 0xE0, 0x07, 0x07, 0xE0, 0x07, 0x07, 0xE0, 0x07, 0x07, 0xE0, 0x07, 0x8F, 0xFF, 0xE3, 0xFE,
    0xFF, 0xE1, 0xFC, 0x00, 0x00, 0x70, 0xC0, 0x03, 0x70, 0x03, 0xF8, 0x01, 0xFC, 0x00, 0x4E, 0x00,
    0x07, 0x00, 0x1B, 0x80, 0x1D, 0xC0, 0x0E, 0xE0, 0x07, 0x70, 0x03, 0xB8, 0x01, 0xDC, 0x00, 0xEE,
    0x00, 0x77, 0x00, 0x3B, 0x80, 0x1D, 0xC0, 0x0E, 0xE0, 0x07, 0x7F, 0xF3, 0xBF, 0xF9, 0xC0, 0x00,
    0xE0, 0x00, 0x70, 0x00, 0x38, 0x00, 0x7C, 0x00, 0x3C, 0x00, 0x00, 0x00, 0x63, 0xB8, 0xFE, 0x3B,
    0x84, 0xE0, 0x38, 0xEE, 0x3B, 0x8E, 0xE3, 0xB8, 0xEE, 0x3B, 0x8E, 0xE3, 0xB8, 0xEE, 0x3B, 0x8E,
    0xE3, 0xB8, 0xEE, 0x38, 0x0E, 0x03, 0x80, 0xE0, 0xF8, 0x3C, 0x00, 0x00, 0xE0, 0x0C, 0x00, 0x37,
    0x80, 0x70, 0x01, 0xFC, 0x03, 0x80, 0x0F, 0xF0, 0x1C, 0x00, 0x7F, 0xC0, 0xE0, 0x03, 0xFE, 0x07,
    0x00, 0x1F, 0xF8, 0x38, 0x00, 0xFD, 0xC1, 0xC0, 0x07, 0xE7, 0x0E, 0x00, 0x3F, 0x3C, 0x70, 0x01,
    0xF8, 0xE3, 0x80, 0x0F, 0xC3, 0x9C, 0x00, 0x7E, 0x1E, 0xE3, 0x03, 0xF0, 0x77, 0x38, 0x1F, 0x83,
    0xF9, 0xC0, 0xFC, 0x0F, 0xC7, 0x07, 0xE0, 0x3E, 0x3C, 0x77, 0x01, 0xF1, 0xFF, 0xB8, 0x07, 0x83,
    0xF8, 0x00, 0x00, 0x06, 0x00, 0xE0, 0x0C, 0x3B, 0xC0, 0x38, 0xEF, 0x00, 0xE3, 0xBE, 0x03, 0x84,
    0xFC, 0x0E, 0x03, 0xF0, 0x38, 0xEF, 0xE0, 0xE3, 0xBB, 0x83, 0x8E, 0xE7, 0x0E, 0x3B, 0x9E, 0x38,
    0xEE, 0x38, 0xE3, 0xB8, 0x73, 0x8E, 0xE1, 0xEE, 0x3B, 0x83, 0xB8, 0xEE, 0x0F, 0xE3, 0xB8, 0x1F,
    0x8E, 0xE0, 0x3E, 0x3B, 0x80, 0xF8, 0xEE, 0x01, 0xE3, 0x80, 0x00, 0x0E, 0x00, 0x00, 0x38, 0x00,
    0x00, 0xE0, 0x00, 0x0F, 0x00, 0x00, 0x3C, 0x00, 0x00, 0x00, 0x00, 0x01, 0xC0, 0x00, 0x70, 0x00,
    0x1C, 0x00, 0x02, 0x00, 0x00, 0x19, 0xE0, 0x7F, 0xFE, 0x1F, 0xFF, 0x87, 0xF0, 0xF1, 0xFC, 0x1C,
    0x7E, 0x07, 0x1F, 0x81, 0xC7, 0xE0, 0x71, 0xF8, 0x1C, 0x7E, 0x07, 0x1F, 0x81, 0xC7, 0xE0, 0x71,
    0xF8, 0x1C, 0x7E, 0x07, 0x1C, 0x00, 0x07, 0x00, 0x01, 0xC0, 0x00, 0x70, 0x00, 0x78, 0x00, 0x1E,
    0x00, 0x00, 0x00, 0x07, 0x38, 0x03, 0xB8, 0x00, 0xF8, 0x00, 0x38, 0x00, 0x00, 0x00, 0x0E, 0x00,
    0x07, 0x00, 0x07, 0xC0, 0x03, 0xE0, 0x03, 0xB8, 0x01, 0xDC, 0x00, 0xEE, 0x00, 0xE3, 0x80, 0x71,
    0xC0, 0x38, 0xE0, 0x38, 0x38, 0x1C, 0x1C, 0x0F, 0xFE, 0x0F, 0xFF, 0x87, 0x01, 0xC7, 0x80, 0xF3,
    0x80, 0x39, 0xC0, 0x1D, 0xE0, 0x07, 0x39, 0xC7, 0xF0, 0x7C, 0x07, 0x00, 0x00, 0x3F, 0x1F, 0xF3,
    0xFF, 0xE0, 0xE4, 0x1C, 0x03, 0x9F, 0xF7, 0xFF, 0xF1, 0xF8, 0x3F, 0x07, 0xE1, 0xFF, 0xFD, 0xFF,
    0x8E, 0x00, 0xE7, 0x3F, 0x8F, 0x83, 0x80, 0x00, 0xC0, 0x70, 0x38, 0x1C, 0x0E, 0x07, 0x03, 0x81,
    0xC0, 0xE0, 0x70, 0x38, 0x1C, 0x0E, 0x07, 0x03, 0x81, 0xC0, 0xE0, 0x70, 0x38, 0xE7, 0x7E, 0x3C,
    0x38, 0x00, 0x18, 0x38, 0x38, 0x38, 0x38, 0x38, 0x38, 0x38, 0x38, 0x38, 0x38, 0x38, 0x38, 0x38,
    0x06, 0x38, 0x03, 0xB8, 0x00, 0xF8, 0x00, 0x38, 0x00, 0x00, 0x00, 0x1F, 0x00, 0x3F, 0xE0, 0x3F,
    0xF8, 0x3C, 0x1E, 0x3C, 0x07, 0x9C, 0x01, 0xDE, 0x00, 0xFE, 0x00, 0x3F, 0x00, 0x1F, 0x80, 0x0F,
    0xC0, 0x07, 0xE0, 0x03, 0xF0, 0x01, 0xDC, 0x01, 0xCE, 0x00, 0xE7, 0x80, 0xF1, 0xF1, 0xF0, 0x7F,
    0xF0, 0x1F, 0xF0, 0x01, 0xC0, 0x00, 0x39, 0xC0, 0xEE, 0x03, 0xE0, 0x0E, 0x00, 0x00, 0x07, 0xC0,
    0xFF, 0x8F, 0xFC, 0x70, 0x77, 0x03, 0xB8, 0x0F, 0xC0, 0x7E, 0x03, 0xF0, 0x1F, 0x80, 0xFE, 0x0E,
    0x78, 0xF1, 0xFF, 0x07, 0xF0, 0x0E, 0x00, 0x1C, 0xE0, 0x1F, 0x80, 0x1F, 0x00, 0x1C, 0x00, 0x00,
    0x18, 0x01, 0xB8, 0x03, 0xF0, 0x07, 0xE0, 0x0F, 0xC0, 0x1F, 0x80, 0x3F, 0x00, 0x7E, 0x00, 0xFC,
    0x01, 0xF8, 0x03, 0xF0, 0x07, 0xE0, 0x0F, 0xC0, 0x1F, 0x80, 0x3F, 0x00, 0xEF, 0x01, 0xCF, 0x0F,
    0x8F, 0xFE, 0x0F, 0xF8, 0x07, 0x80, 0x39, 0xC1, 0xFC, 0x0F, 0x80, 0x70, 0x00, 0x06, 0x07, 0xE0,
    0x7E, 0x07, 0xE0, 0x7E, 0x07, 0xE0, 0x7E, 0x07, 0xE0, 0x7E, 0x07, 0xE0, 0x77, 0x07, 0x78, 0xF7,
    0xFF, 0x3F, 0xF0, 0x40, 0x0F, 0xE0, 0x3F, 0xC0, 0x00, 0x00, 0x42, 0x01, 0xCE, 0x03, 0x9E, 0x07,
    0x18, 0x00, 0x00, 0xC0, 0x0D, 0xC0, 0x1F, 0x80, 0x3F, 0x00, 0x7E, 0x00, 0xFC, 0x01, 0xF8, 0x03,
    0xF0, 0x07, 0xE0, 0x0F, 0xC0, 0x1F, 0x80, 0x3F, 0x00, 0x7E, 0x00, 0xFC, 0x01, 0xF8, 0x07, 0x78,
    0x0E, 0x78, 0x7C, 0x7F, 0xF0, 0x7F, 0xC0, 0x3C, 0x00, 0x1F, 0xC1, 0xFC, 0x00, 0x01, 0x08, 0x39,
    0xE3, 0x9E, 0x18, 0xC0, 0x00, 0x60, 0x7E, 0x07, 0xE0, 0x7E, 0x07, 0xE0, 0x7E, 0x07, 0xE0, 0x7E,
    0x07, 0xE0, 0x7E, 0x07, 0x70, 0x77, 0x8F, 0x7F, 0xF3, 0xFF, 0x04, 0x00, 0x01, 0xE0, 0x03, 0x80,
    0x0E, 0x00, 0x1C, 0x00, 0x84, 0x03, 0x9C, 0x07, 0x3C, 0x0E, 0x30, 0x00, 0x01, 0x80, 0x1B, 0x80,
    0x3F, 0x00, 0x7E, 0x00, 0xFC, 0x01, 0xF8, 0x03, 0xF0, 0x07, 0xE0, 0x0F, 0xC0, 0x1F, 0x80, 0x3F,
    0x00, 0x7E, 0x00, 0xFC, 0x01, 0xF8, 0x03, 0xF0, 0x0E, 0xF0, 0x1C, 0xF0, 0xF8, 0xFF, 0xE0, 0xFF,
    0x80, 0x78, 0x00, 0x01, 0xC0, 0x38, 0x07, 0x00, 0x70, 0x10, 0x83, 0x9E, 0x39, 0xE1, 0x8C, 0x00,
    0x06, 0x07, 0xE0, 0x7E, 0x07, 0xE0, 0x7E, 0x07, 0xE0, 0x7E, 0x07, 0xE0, 0x7E, 0x07, 0xE0, 0x77,
    0x07, 0x78, 0xF7, 0xFF, 0x3F, 0xF0, 0x40, 0x1C, 0xE0, 0x1D, 0xC0, 0x1F, 0x00, 0x1C, 0x00, 0x84,
    0x03, 0x9C, 0x07, 0x3C, 0x0E, 0x30, 0x00, 0x01, 0x80, 0x1B, 0x80, 0x3F, 0x00, 0x7E, 0x00, 0xFC,
    0x01, 0xF8, 0x03, 0xF0, 0x07, 0xE0, 0x0F, 0xC0, 0x1F, 0x80, 0x3F, 0x00, 0x7E, 0x00, 0xFC, 0x01,
    0xF8, 0x03, 0xF0, 0x0E, 0xF0, 0x1C, 0xF0, 0xF8, 0xFF, 0xE0, 0xFF, 0x80, 0x78, 0x00, 0x39, 0xC1,
    0xDC, 0x0F, 0x80, 0x70, 0x10, 0x83, 0x9E, 0x39, 0xE1, 0x8C, 0x00, 0x06, 0x07, 0xE0, 0x7E, 0x07,
    0xE0, 0x7E, 0x07, 0xE0, 0x7E, 0x07, 0xE0, 0x7E, 0x07, 0xE0, 0x77, 0x07, 0x78, 0xF7, 0xFF, 0x3F,
    0xF0, 0x40, 0x0E, 0x00, 0x1C, 0x00, 0x1C, 0x00, 0x18, 0x00, 0x84, 0x03, 0x9C, 0x07, 0x3C, 0x0E,
    0x30, 0x00, 0x01, 0x80, 0x1B, 0x80, 0x3F, 0x00, 0x7E, 0x00, 0xFC, 0x01, 0xF8, 0x03, 0xF0, 0x07,
    0xE0, 0x0F, 0xC0, 0x1F, 0x80, 0x3F, 0x00, 0x7E, 0x00, 0xFC, 0x01, 0xF8, 0x03, 0xF0, 0x0E, 0xF0,
    0x1C, 0xF0, 0xF8, 0xFF, 0xE0, 0xFF, 0x80, 0x78, 0x00, 0x1C, 0x01, 0xC0, 0x0E, 0x00, 0x60, 0x10,
    0x83, 0x9E, 0x39, 0xE1, 0x8C, 0x00, 0x06, 0x07, 0xE0, 0x7E, 0x07, 0xE0, 0x7E, 0x07, 0xE0, 0x7E,
    0x07, 0xE0, 0x7E, 0x07, 0xE0, 0x77, 0x07, 0x78, 0xF7, 0xFF, 0x3F, 0xF0, 0x40, 0x1F, 0x83, 0xFE,
    0x1F, 0xF9, 0xC1, 0xE2, 0x07, 0x00, 0x3B, 0xFF, 0xDF, 0xFF, 0xFF, 0xF7, 0x03, 0xB8, 0x1C, 0xE1,
    0xC7, 0xFE, 0x1F, 0xE0, 0x18, 0x00, 0x07, 0xF0, 0x03, 0xF8, 0x00, 0x00, 0x00, 0xC2, 0x00, 0xF7,
    0x80, 0x7B, 0xC0, 0x18, 0xC0, 0x00, 0x00, 0x01, 0xC0, 0x00, 0xE0, 0x00, 0xF8, 0x00, 0x7C, 0x00,
    0x77, 0x00, 0x3B, 0x80, 0x1D, 0xC0, 0x1C, 0x70, 0x0E, 0x38, 0x07, 0x1C, 0x07, 0x07, 0x03, 0x83,
    0x81, 0xFF, 0xC1, 0xFF, 0xF0, 0xE0, 0x38, 0xF0, 0x1E, 0x70, 0x07, 0x38, 0x03, 0xBC, 0x00, 0xE0,
    0x3F, 0x87, 0xF0, 0x00, 0x08, 0x43, 0x9C, 0xF3, 0x8C, 0x70, 0x00, 0x1F, 0x8F, 0xF9, 0xFF, 0xF0,
    0x72, 0x0E, 0x01, 0xCF, 0xFB, 0xFF, 0xF8, 0xFC, 0x1F, 0x83, 0xF0, 0xFF, 0xFE, 0xFF, 0xC7, 0x00,
    0x07, 0xF0, 0x03, 0xF8, 0x00, 0x00, 0x00, 0x10, 0x00, 0x1C, 0x00, 0x0E, 0x00, 0x07, 0x00, 0x00,
    0x00, 0x01, 0xC0, 0x00, 0xE0, 0x00, 0xF8, 0x00, 0x7C, 0x00, 0x77, 0x00, 0x3B, 0x80, 0x1D, 0xC0,
    0x1C, 0x70, 0x0E, 0x38, 0x07, 0x1C, 0x07, 0x07, 0x03, 0x83, 0x81, 0xFF, 0xC1, 0xFF, 0xF0, 0xE0,
    0x38, 0xF0, 0x1E, 0x70, 0x07, 0x38, 0x03, 0xBC, 0x00, 0xE0, 0x3F, 0x87, 0xF0, 0x00, 0x02, 0x00,
    0xE0, 0x1E, 0x01, 0x80, 0x00, 0x1F, 0x8F, 0xF9, 0xFF, 0xF0, 0x72, 0x0E, 0x01, 0xCF, 0xFB, 0xFF,
    0xF8, 0xFC, 0x1F, 0x83, 0xF0, 0xFF, 0xFE, 0xFF, 0xC7, 0x00, 0x00, 0x0F, 0xF0, 0x00, 0x0F, 0xF0,
    0x00, 0x00, 0x00, 0x00, 0x00, 0x00, 0x00, 0x7F, 0xFE, 0x00, 0xFF, 0xFF, 0x00, 0xFF, 0xFE, 0x00,
    0xEE, 0x00, 0x01, 0xCE, 0x00, 0x01, 0xCE, 0x00, 0x03, 0x8E, 0x00, 0x03, 0x8E, 0x00, 0x07, 0x0F,
    0xFC, 0x07, 0x0F, 0xFE, 0x0E, 0x0F, 0xFE, 0x0E, 0x1E, 0x00, 0x1F, 0xFE, 0x00, 0x1F, 0xFE, 0x00,
    0x3C, 0x0E, 0x00, 0x38, 0x0E, 0x00, 0x78, 0x0E, 0x00, 0x70, 0x0F, 0xFF, 0xF0, 0x0F, 0xFF, 0x03,
    0xFC, 0x00, 0x1F, 0xE0, 0x00, 0x00, 0x00, 0x00, 0x00, 0x01, 0xF0, 0xF8, 0x3F, 0xEF, 0xF1, 0xFF,
    0xFF, 0xDC, 0x1E, 0x0E, 0x20, 0xF0, 0x38, 0x07, 0x01, 0xCF, 0xFF, 0xFE, 0xFF, 0xFF, 0xFF, 0x8E,
    0x00, 0x70, 0x70, 0x03, 0x83, 0xC0, 0xDC, 0x3F, 0x0E, 0xFF, 0xFF, 0xF3, 0xFC, 0xFF, 0x07, 0x01,
    0xC0, 0x03, 0xE0, 0x07, 0xFC, 0x07, 0xFF, 0x07, 0x83, 0xC7, 0x80, 0xF3, 0x80, 0x3B, 0xC0, 0x1D,
    0xC0, 0x00, 0xE0, 0x00, 0x70, 0x1F, 0xB8, 0x1F, 0xDC, 0x0F, 0xEE, 0x00, 0x73, 0x83, 0xFD, 0xC1,
    0xFE, 0xF0, 0x1E, 0x3E, 0x3E, 0x0F, 0xFE, 0x03, 0xFE, 0x00, 0x38, 0x00, 0x1F, 0x30, 0x3F, 0xF8,
    0x7F, 0xF8, 0x70, 0x78, 0xE0, 0x78, 0xE0, 0x38, 0xE1, 0xFE, 0xE1, 0xFE, 0xE0, 0x38, 0xE0, 0x78,
    0xF0, 0x78, 0x7D, 0xF8, 0x3F, 0xF8, 0x1F, 0xB8, 0x00, 0x38, 0x20, 0x70, 0x70, 0x70, 0x7F, 0xF0,
    0x3F, 0xE0, 0x0F, 0x00, 0x0E, 0x70, 0x03, 0xB8, 0x00, 0xF8, 0x00, 0x38, 0x00, 0x00, 0x00, 0x1F,
    0x00, 0x3F, 0xE0, 0x3F, 0xF8, 0x3C, 0x1E, 0x3C, 0x07, 0x9C, 0x01, 0xDE, 0x00, 0xEE, 0x00, 0x07,
    0x00, 0x03, 0x80, 0xFD, 0xC0, 0xFE, 0xE0, 0x7F, 0x70, 0x03, 0x9C, 0x01, 0xCE, 0x00, 0xE7, 0x80,
    0xF1, 0xF1, 0xF0, 0x7F, 0xF0, 0x1F, 0xF0, 0x01, 0xC0, 0x00, 0x39, 0xC0, 0xFE, 0x03, 0xE0, 0x0E,
    0x00, 0x00, 0x0F, 0x98, 0xFF, 0xEF, 0xFF, 0x70, 0x7F, 0x03, 0xF8, 0x0F, 0xC0, 0x7E, 0x03, 0xF0,
    0x1F, 0x81, 0xFE, 0x0F, 0x7D, 0xF9, 0xFF, 0xC7, 0xEE, 0x00, 0x72, 0x07, 0x38, 0x39, 0xFF, 0xC7,
    0xFC, 0x0F, 0x00, 0x39, 0xC0, 0x77, 0x00, 0xF8, 0x01, 0xC0, 0x00, 0x03, 0x00, 0x7E, 0x03, 0xF8,
    0x1E, 0xE0, 0xF3, 0x87, 0x8E, 0x3C, 0x39, 0xE0, 0xEF, 0x03, 0xF8, 0x0F, 0xF0, 0x3F, 0xC0, 0xF7,
    0x83, 0x8F, 0x0E, 0x1C, 0x38, 0x38, 0xE0, 0xF3, 0x81, 0xEE, 0x03, 0xB8, 0x0F, 0xE7, 0x00, 0xFC,
    0x00, 0xF0, 0x01, 0xC0, 0x00, 0x00, 0x03, 0x00, 0x0E, 0x00, 0x1C, 0x00, 0x38, 0x00, 0x70, 0x00,
    0xE0, 0x71, 0xC1, 0xC3, 0x87, 0x07, 0x1C, 0x0E, 0x70, 0x1D, 0xC0, 0x3F, 0x80, 0x7F, 0x80, 0xF7,
    0x01, 0xCF, 0x03, 0x8F, 0x07, 0x0F, 0x0E, 0x0E, 0x1C, 0x0E, 0x03, 0xE0, 0x07, 0xFC, 0x07, 0xFF,
    0x07, 0x83, 0xC7, 0x80, 0xF3, 0x80, 0x3B, 0xC0, 0x1F, 0xC0, 0x07, 0xE0, 0x03, 0xF0, 0x01, 0xF8,
    0x00, 0xFC, 0x00, 0x7E, 0x00, 0x3B, 0x80, 0x3D, 0xC0, 0x1C, 0xF0, 0x1E, 0x3E, 0x3E, 0x0F, 0xFE,
    0x03, 0xFE, 0x00, 0x3C, 0x00, 0x3C, 0x00, 0x1C, 0x00, 0x0F, 0x80, 0x03, 0xC0, 0x00, 0xC0, 0x00,
    0x0F, 0x81, 0xFF, 0x1F, 0xF8, 0xE0, 0xEE, 0x07, 0x70, 0x1F, 0x80, 0xFC, 0x07, 0xE0, 0x3F, 0x01,
    0xFC, 0x1C, 0xF1, 0xE3, 0xFE, 0x0F, 0xE0, 0x1E, 0x01, 0xC0, 0x0E, 0x00, 0x7C, 0x03, 0xE0, 0x06,
    0x00, 0x07, 0xF0, 0x03, 0xF8, 0x00, 0x00, 0x00, 0x00, 0x00, 0x3E, 0x00, 0x7F, 0xC0, 0x7F, 0xF0,
    0x78, 0x3C, 0x78, 0x0F, 0x38, 0x03, 0xBC, 0x01, 0xFC, 0x00, 0x7E, 0x00, 0x3F, 0x00, 0x1F, 0x80,
    0x0F, 0xC0, 0x07, 0xE0, 0x03, 0xB8, 0x03, 0xDC, 0x01, 0xCF, 0x01, 0xE3, 0xE3, 0xE0, 0xFF, 0xE0,
    0x3F, 0xE0, 0x03, 0xC0, 0x03, 0xC0, 0x01, 0xC0, 0x00, 0xF8, 0x00, 0x3C, 0x00, 0x0C, 0x00, 0x1F,
    0xC0, 0xFE, 0x00, 0x00, 0x00, 0x00, 0xF8, 0x1F, 0xF1, 0xFF, 0x8E, 0x0E, 0xE0, 0x77, 0x01, 0xF8,
    0x0F, 0xC0, 0x7E, 0x03, 0xF0, 0x1F, 0xC1, 0xCF, 0x1E, 0x3F, 0xE0, 0xFE, 0x01, 0xE0, 0x1C, 0x00,
    0xE0, 0x07, 0xC0, 0x3E, 0x00, 0x60, 0x1C, 0xE0, 0x1D, 0xC0, 0x1F, 0x00, 0x1C, 0x00, 0x00, 0x0F,
    0xFF, 0x9F, 0xFF, 0x3F, 0xFE, 0x00, 0x3C, 0x00, 0xF0, 0x03, 0xC0, 0x0F, 0x00, 0x3C, 0x00, 0xF0,
    0x01, 0xF0, 0x03, 0xF8, 0x01, 0xF8, 0x00, 0x78, 0x00, 0x70, 0x00, 0xF0, 0x00, 0xE0, 0x01, 0xC0,
    0x03, 0xF0, 0x07, 0xE0, 0x1D, 0xE0, 0x39, 0xE1, 0xF1, 0xFF, 0xC1, 0xFF, 0x00, 0xF0, 0x00, 0x1C,
    0xE0, 0xEE, 0x03, 0xE0, 0x0E, 0x00, 0x00, 0x1F, 0xF9, 0xFF, 0xEF, 0xFF, 0x00, 0xF0, 0x0F, 0x00,
    0xF0, 0x07, 0x00, 0x70, 0x07, 0xC0, 0x3F, 0x80, 0x3E, 0x00, 0x78, 0x01, 0xC0, 0x0F, 0xC0, 0x7F,
    0x03, 0xBC, 0x3D, 0xFF, 0xC3, 0xFC, 0x07, 0x00, 0xE7, 0x7E, 0x3C, 0x38, 0x00, 0x18, 0x38, 0x38,
    0x38, 0x38, 0x38, 0x38, 0x38, 0x38, 0x38, 0x38, 0x38, 0x38, 0x38, 0x38, 0x38, 0x38, 0xF8, 0xF0,
    0x00, 0xFE, 0x00, 0x7F, 0xFD, 0xFF, 0xC0, 0xFF, 0xFB, 0xFF, 0xC1, 0xFF, 0xF7, 0x07, 0xC0, 0x01,
    0xEE, 0x03, 0xC0, 0x03, 0x9C, 0x03, 0x80, 0x0E, 0x38, 0x07, 0x00, 0x3C, 0x70, 0x07, 0x00, 0x70,
    0xE0, 0x0E, 0x01, 0xC1, 0xC0, 0x1C, 0x07, 0x83, 0x80, 0x38, 0x0E, 0x07, 0x00, 0x70, 0x38, 0x0E,
    0x00, 0xE0, 0xF0, 0x1C, 0x03, 0x83, 0xC0, 0x38, 0x07, 0x07, 0x00, 0x70, 0x1C, 0x1C, 0x00, 0xE1,
    0xF8, 0x78, 0x01, 0xFF, 0xE0, 0xFF, 0xFF, 0xFF, 0x01, 0xFF, 0xF8, 0xFE, 0x00, 0x00, 0x0F, 0xFE,
    0x00, 0x00, 0xFF, 0xF0, 0x00, 0x0E, 0x0F, 0x80, 0x00, 0xE0, 0x3C, 0x00, 0x0E, 0x01, 0xC7, 0xFF,
    0xE0, 0x1C, 0x7F, 0xFE, 0x00, 0xE7, 0xFF, 0xE0, 0x0E, 0x00, 0xEE, 0x00, 0xE0, 0x1C, 0xE0, 0x0E,
    0x03, 0xCE, 0x00, 0xE0, 0x78, 0xE0, 0x0E, 0x07, 0x0E, 0x01, 0xC0, 0xE0, 0xE0, 0x1C, 0x1E, 0x0E,
    0x03, 0x83, 0xC0, 0xE1, 0xF8, 0x38, 0x0F, 0xFF, 0x07, 0xFF, 0xFF, 0xC0, 0x7F, 0xF0, 0x00, 0x30,
    0x00, 0x00, 0x0E, 0x00, 0x00, 0x03, 0x80, 0x00, 0x00, 0xE0, 0x00, 0x00, 0x38, 0x00, 0x07, 0xCE,
    0x7F, 0xF3, 0xFB, 0x9F, 0xFD, 0xFF, 0xE7, 0xFF, 0x70, 0xF8, 0x03, 0xB8, 0x1E, 0x01, 0xEE, 0x03,
    0x80, 0xF3, 0x80, 0xE0, 0x38, 0xE0, 0x38, 0x1C, 0x38, 0x0E, 0x0E, 0x0E, 0x07, 0x87, 0x83, 0xC1,
    0xE3, 0xC0, 0x78, 0xF8, 0xE0, 0x1F, 0xFE, 0x7F, 0xF3, 0xFB, 0x9F, 0xFC, 0x18, 0x00, 0x00, 0x00,
    0x70, 0x00, 0x70, 0x00, 0x38, 0x00, 0x38, 0x00, 0x00, 0x00, 0x1F, 0x00, 0x3F, 0xE0, 0x3F, 0xF8,
    0x3C, 0x1E, 0x3C, 0x07, 0x9C, 0x01, 0xDE, 0x00, 0xEE, 0x00, 0x07, 0x00, 0x03, 0x80, 0xFD, 0xC0,
    0xFE, 0xE0, 0x7F, 0x70, 0x03, 0x9C, 0x01, 0xCE, 0x00, 0xE7, 0x80, 0xF1, 0xF1, 0xF0, 0x7F, 0xF0,
    0x1F, 0xF0, 0x01, 0xC0, 0x00, 0x03, 0xC0, 0x1C, 0x01, 0xC0, 0x0E, 0x00, 0x00, 0x0F, 0x98, 0xFF,
    0xEF, 0xFF, 0x70, 0x7F, 0x03, 0xF8, 0x0F, 0xC0, 0x7E, 0x03, 0xF0, 0x1F, 0x81, 0xFE, 0x0F, 0x7D,
    0xF9, 0xFF, 0xC7, 0xEE, 0x00, 0x72, 0x07, 0x38, 0x39, 0xFF, 0xC7, 0xFC, 0x0F, 0x00, 0xC0, 0x0C,
    0x00, 0xE0, 0x0E, 0x00, 0xE0, 0x0E, 0x00, 0xE0, 0x0E, 0x00, 0xE0, 0x0E, 0x00, 0xE0, 0x0E, 0x07,
    0xE0, 0x0E, 0x07, 0xE0, 0x0E, 0x07, 0xFF, 0xFE, 0x07, 0xFF, 0xFE, 0x07, 0xFF, 0xFE, 0x07, 0xE0,
    0x0E, 0x07, 0xE0, 0x0E, 0x07, 0xE0, 0x0E, 0x07, 0xE0, 0x0E, 0x07, 0xE0, 0x0E, 0x07, 0xE0, 0x0F,
    0x0E, 0xE0, 0x07, 0xFE, 0xE0, 0x03, 0xFC, 0x00, 0x00, 0xE0, 0xEF, 0x83, 0xFF, 0x8F, 0xFF, 0x3C,
    0x3E, 0xE0, 0x3B, 0x80, 0xEE, 0x03, 0xF8, 0x0F, 0xE0, 0x3F, 0x80, 0xFE, 0x03, 0xF8, 0x0E, 0xE0,
    0x3B, 0x81, 0xEE, 0x07, 0x38, 0x3C, 0xE1, 0xE3, 0x9F, 0x0F, 0xF8, 0x3F, 0xC0, 0xFC, 0x03, 0x80,
    0x0E, 0x00, 0x38, 0x00, 0x00, 0x00, 0x0E, 0x00, 0x0E, 0x00, 0x1C, 0x00, 0x18, 0x00, 0x00, 0x1C,
    0x01, 0xBC, 0x03, 0xF8, 0x07, 0xF8, 0x0F, 0xF8, 0x1F, 0xF0, 0x3F, 0xF0, 0x7E, 0xE0, 0xFC, 0xE1,
    0xF9, 0xE3, 0xF1, 0xC7, 0xE1, 0xCF, 0xC3, 0xDF, 0x83, 0xBF, 0x07, 0xFE, 0x07, 0xFC, 0x07, 0xF8,
    0x0F, 0xF0, 0x0F, 0x1C, 0x01, 0xE0, 0x0E, 0x00, 0x60, 0x00, 0x06, 0x78, 0xFF, 0xEF, 0xFE, 0xF0,
    0xFF, 0x07, 0xE0, 0x7E, 0x07, 0xE0, 0x7E, 0x07, 0xE0, 0x7E, 0x07, 0xE0, 0x7E, 0x07, 0xE0, 0x70,
    0x00, 0x70, 0x00, 0x70, 0x00, 0x30, 0x00, 0x7C, 0x00, 0x7F, 0x00, 0x3B, 0x80, 0x1C, 0xC0, 0x0F,
    0xE0, 0x03, 0xE0, 0x00, 0xE0, 0x00, 0x70, 0x00, 0x7C, 0x00, 0x3E, 0x00, 0x3B, 0x80, 0x1D, 0xC0,
    0x0E, 0xE0, 0x0E, 0x38, 0x07, 0x1C, 0x03, 0x8E, 0x03, 0x83, 0x81, 0xC1, 0xC0, 0xFF, 0xE0, 0xFF,
    0xF8, 0x70, 0x1C, 0x78, 0x0F, 0x38, 0x03, 0x9C, 0x01, 0xDE, 0x00, 0x70, 0x03, 0x80, 0x70, 0x18,
    0x07, 0x01, 0xF0, 0x7F, 0x0E, 0x61, 0xDC, 0x1F, 0x81, 0xC0, 0x7E, 0x3F, 0xE7, 0xFF, 0xC1, 0xC8,
    0x38, 0x07, 0x3F, 0xEF, 0xFF, 0xE3, 0xF0, 0x7E, 0x0F, 0xC3, 0xFF, 0xFB, 0xFF, 0x1C, 0x00, 0x00,
    0x00, 0xE0, 0x00, 0x00, 0xE0, 0x00, 0x01, 0xC0, 0x00, 0x01, 0xC0, 0x00, 0x00, 0x00, 0x00, 0x7F,
    0xFE, 0x00, 0xFF, 0xFF, 0x00, 0xFF, 0xFE, 0x00, 0xEE, 0x00, 0x01, 0xCE, 0x00, 0x01, 0xCE, 0x00,
    0x03, 0x8E, 0x00, 0x03, 0x8E, 0x00, 0x07, 0x0F, 0xFC, 0x07, 0x0F, 0xFE, 0x0E, 0x0F, 0xFE, 0x0E,
    0x1E, 0x00, 0x1F, 0xFE, 0x00, 0x1F, 0xFE, 0x00, 0x3C, 0x0E, 0x00, 0x38, 0x0E, 0x00, 0x78, 0x0E,
    0x00, 0x70, 0x0F, 0xFF, 0xF0, 0x0F, 0xFF, 0x00, 0x38, 0x00, 0x01, 0xC0, 0x00, 0x1C, 0x00, 0x00,
    0xE0, 0x00, 0x00, 0x00, 0x0F, 0x87, 0xC1, 0xFF, 0x7F, 0x8F, 0xFF, 0xFE, 0xE0, 0xF0, 0x71, 0x07,
    0x81, 0xC0, 0x38, 0x0E, 0x7F, 0xFF, 0xF7, 0xFF, 0xFF, 0xFC, 0x70, 0x03, 0x83, 0x80, 0x1C, 0x1E,
    0x06, 0xE1, 0xF8, 0x77, 0xFF, 0xFF, 0x9F, 0xE7, 0xF8, 0x38, 0x0E, 0x00, 0x00, 0x70, 0x00, 0x70,
    0x00, 0x38, 0x00, 0x38, 0x00, 0x00, 0x00, 0x1F, 0x10, 0x3F, 0xFC, 0x3F, 0xFE, 0x3C, 0x1E, 0x3C,
    0x0F, 0x9C, 0x0F, 0xDE, 0x0F, 0xFE, 0x07, 0x3F, 0x07, 0x1F, 0x87, 0x0F, 0xC7, 0x87, 0xE3, 0x83,
    0xF3, 0x81, 0xDF, 0xC1, 0xCF, 0xC0, 0xE7, 0xC0, 0xF1, 0xF1, 0xF1, 0xFF, 0xF0, 0xFF, 0xF0, 0x21,
    0xC0, 0x00, 0x00, 0xE0, 0x07, 0x00, 0x18, 0x00, 0xE0, 0x00, 0x00, 0x1F, 0x31, 0xFF, 0xCF, 0xFE,
    0x38, 0x79, 0xC3, 0xE7, 0x1D, 0xDC, 0xF7, 0x73, 0x9D, 0xDC, 0x77, 0xE1, 0xDF, 0x0E, 0x3C, 0x79,
    0xFF, 0xC7, 0xFE, 0x08, 0xE0, 0x1D, 0xC0, 0x07, 0x70, 0x03, 0xB8, 0x00, 0xEE, 0x00, 0x00, 0x00,
    0x0E, 0x00, 0x07, 0x00, 0x07, 0xC0, 0x03, 0xE0, 0x03, 0xB8, 0x01, 0xDC, 0x00, 0xEE, 0x00, 0xE3,
    0x80, 0x71, 0xC0, 0x38, 0xE0, 0x38, 0x38, 0x1C, 0x1C, 0x0F, 0xFE, 0x0F, 0xFF, 0x87, 0x01, 0xC7,
    0x80, 0xF3, 0x80, 0x39, 0xC0, 0x1D, 0xE0, 0x07, 0xE7, 0x0E, 0xE1, 0xCC, 0x1D, 0xC0, 0x00, 0x3F,
    0x1F, 0xF3, 0xFF, 0xE0, 0xE4, 0x1C, 0x03, 0x9F, 0xF7, 0xFF, 0xF1, 0xF8, 0x3F, 0x07, 0xE1, 0xFF,
    0xFD, 0xFF, 0x8E, 0x00, 0x00, 0x00, 0x01, 0xF0, 0x01, 0xFC, 0x00, 0xC6, 0x00, 0x63, 0x00, 0x00,
    0x00, 0x07, 0x00, 0x03, 0x80, 0x03, 0xE0, 0x01, 0xF0, 0x01, 0xDC, 0x00, 0xEE, 0x00, 0x77, 0x00,
    0x71, 0xC0, 0x38, 0xE0, 0x1C, 0x70, 0x1C, 0x1C, 0x0E, 0x0E, 0x07, 0xFF, 0x07, 0xFF, 0xC3, 0x80,
    0xE3, 0xC0, 0x79, 0xC0, 0x1C, 0xE0, 0x0E, 0xF0, 0x03, 0x80, 0x00, 0x03, 0xE0, 0xFE, 0x18, 0xE3,
    0x1C, 0x00, 0x07, 0xE3, 0xFE, 0x7F, 0xFC, 0x1C, 0x83, 0x80, 0x73, 0xFE, 0xFF, 0xFE, 0x3F, 0x07,
    0xE0, 0xFC, 0x3F, 0xFF, 0xBF, 0xF1, 0xC0, 0xE7, 0x07, 0x70, 0x33, 0x83, 0xB8, 0x00, 0x0F, 0xFE,
    0xFF, 0xFF, 0xFF, 0xE0, 0x0E, 0x00, 0xE0, 0x0E, 0x00, 0xE0, 0x0F, 0xFE, 0xFF, 0xEF, 0xFE, 0xE0,
    0x0E, 0x00, 0xE0, 0x0E, 0x00, 0xE0, 0x0E, 0x00, 0xFF, 0xFF, 0xFF, 0x77, 0x03, 0x9C, 0x0E, 0xE0,
    0x33, 0x00, 0x00, 0x07, 0xC0, 0xFF, 0x0F, 0xFC, 0x70, 0x77, 0x03, 0xB8, 0x0D, 0xFF, 0xFF, 0xFF,
    0xF0, 0x03, 0x80, 0x1C, 0x0E, 0x78, 0xF1, 0xFF, 0x07, 0xF0, 0x0E, 0x00, 0x00, 0x01, 0xF0, 0x3F,
    0x83, 0x1C, 0x30, 0xC0, 0x00, 0xFF, 0xEF, 0xFF, 0xFF, 0xFE, 0x00, 0xE0, 0x0E, 0x00, 0xE0, 0x0E,
    0x00, 0xFF, 0xEF, 0xFE, 0xFF, 0xEE, 0x00, 0xE0, 0x0E, 0x00, 0xE0, 0x0E, 0x00, 0xE0, 0x0F, 0xFF,
    0xFF, 0xF0, 0x00, 0x00, 0x7C, 0x07, 0xF0, 0x71, 0x83, 0x0C, 0x00, 0x00, 0x3E, 0x07, 0xF8, 0x7F,
    0xE3, 0x83, 0xB8, 0x1D, 0xC0, 0x6F, 0xFF, 0xFF, 0xFF, 0x80, 0x1C, 0x00, 0xE0, 0x73, 0xC7, 0x8F,
    0xF8, 0x3F, 0x80, 0x70, 0x00, 0x77, 0x1C, 0xE3, 0xB8, 0x66, 0x00, 0x01, 0x80, 0x70, 0x1C, 0x07,
    0x01, 0xC0, 0x70, 0x1C, 0x07, 0x01, 0xC0, 0x70, 0x1C, 0x07, 0x01, 0xC0, 0x70, 0x1C, 0x07, 0x01,
    0xC0, 0x70, 0x1C, 0xE7, 0x3B, 0x8E, 0xE7, 0x70, 0x00, 0x30, 0x38, 0x1C, 0x0E, 0x07, 0x03, 0x81,
    0xC0, 0xE0, 0x70, 0x38, 0x1C, 0x0E, 0x07, 0x03, 0x80, 0x00, 0x3E, 0x7F, 0xE3, 0xC3, 0x00, 0x18,
    0x1C, 0x1C, 0x1C, 0x1C, 0x1C, 0x1C, 0x1C, 0x1C, 0x1C, 0x1C, 0x1C, 0x1C, 0x1C, 0x1C, 0x1C, 0x1C,
    0x1C, 0x1C, 0x00, 0x7E, 0xFE, 0xE7, 0xC3, 0x00, 0x18, 0x38, 0x38, 0x38, 0x38, 0x38, 0x38, 0x38,
    0x38, 0x38, 0x38, 0x38, 0x38, 0x38, 0x1D, 0xC0, 0x07, 0x70, 0x03, 0xB8, 0x00, 0xEE, 0x00, 0x00,
    0x00, 0x1F, 0x00, 0x3F, 0xE0, 0x3F, 0xF8, 0x3C, 0x1E, 0x3C, 0x07, 0x9C, 0x01, 0xDE, 0x00, 0xFE,
    0x00, 0x3F, 0x00, 0x1F, 0x80, 0x0F, 0xC0, 0x07, 0xE0, 0x03, 0xF0, 0x01, 0xDC, 0x01, 0xCE, 0x00,
    0xE7, 0x80, 0xF1, 0xF1, 0xF0, 0x7F, 0xF0, 0x1F, 0xF0, 0x01, 0xC0, 0x00, 0x77, 0x03, 0x9C, 0x0E,
    0xE0, 0x33, 0x00, 0x00, 0x07, 0xC0, 0xFF, 0x8F, 0xFC, 0x70, 0x77, 0x03, 0xB8, 0x0F, 0xC0, 0x7E,
    0x03, 0xF0, 0x1F, 0x80, 0xFE, 0x0E, 0x78, 0xF1, 0xFF, 0x07, 0xF0, 0x0E, 0x00, 0x00, 0x00, 0x01,
    0xF0, 0x01, 0xFC, 0x00, 0xC6, 0x00, 0x63, 0x00, 0x00, 0x00, 0x0F, 0x80, 0x1F, 0xF0, 0x1F, 0xFC,
    0x1E, 0x0F, 0x1E, 0x03, 0xCE, 0x00, 0xEF, 0x00, 0x7F, 0x00, 0x1F, 0x80, 0x0F, 0xC0, 0x07, 0xE0,
    0x03, 0xF0, 0x01, 0xF8, 0x00, 0xEE, 0x00, 0xE7, 0x00, 0x73, 0xC0, 0x78, 0xF8, 0xF8, 0x3F, 0xF8,
    0x0F, 0xF8, 0x00, 0xE0, 0x00, 0x00, 0x00, 0x7C, 0x07, 0xF0, 0x71, 0x83, 0x8C, 0x00, 0x00, 0x3E,
    0x07, 0xFC, 0x7F, 0xE3, 0x83, 0xB8, 0x1D, 0xC0, 0x7E, 0x03, 0xF0, 0x1F, 0x80, 0xFC, 0x07, 0xF0,
    0x73, 0xC7, 0x8F, 0xF8, 0x3F, 0x80, 0x70, 0x00, 0xE7, 0x01, 0xDC, 0x03, 0xB8, 0x0E, 0xE0, 0x00,
    0x03, 0xF8, 0x0F, 0xFE, 0x3F, 0xFC, 0xE0, 0xF3, 0x80, 0xEE, 0x03, 0xB8, 0x0E, 0xE0, 0x3B, 0x81,
    0xEF, 0xFF, 0x3F, 0xF8, 0xFF, 0xC3, 0x87, 0x0E, 0x1E, 0x38, 0x38, 0xE0, 0xF3, 0x81, 0xCE, 0x07,
    0xB8, 0x0E, 0xF7, 0x1D, 0xC3, 0xB8, 0x66, 0x00, 0x06, 0xF3, 0xFC, 0xFF, 0x3C, 0x0F, 0x03, 0x80,
    0xE0, 0x38, 0x0E, 0x03, 0x80, 0xE0, 0x38, 0x0E, 0x03, 0x80, 0x00, 0x00, 0x7E, 0x03, 0xF8, 0x0E,
    0x70, 0x30, 0xC0, 0x00, 0x0F, 0xE0, 0x3F, 0xF8, 0xFF, 0xF3, 0x83, 0xCE, 0x03, 0xB8, 0x0E, 0xE0,
    0x3B, 0x80, 0xEE, 0x07, 0xBF, 0xFC, 0xFF, 0xE3, 0xFF, 0x0E, 0x1C, 0x38, 0x78, 0xE0, 0xE3, 0x83,
    0xCE, 0x07, 0x38, 0x1E, 0xE0, 0x38, 0x00, 0x7E, 0x7F, 0xE7, 0xC3, 0x00, 0x6F, 0xFF, 0xFF, 0xF0,
    0xF0, 0xE0, 0xE0, 0xE0, 0xE0, 0xE0, 0xE0, 0xE0, 0xE0, 0xE0, 0x3B, 0x80, 0x73, 0x80, 0x77, 0x00,
    0x66, 0x00, 0x00, 0x18, 0x01, 0xB8, 0x03, 0xF0, 0x07, 0xE0, 0x0F, 0xC0, 0x1F, 0x80, 0x3F, 0x00,
    0x7E, 0x00, 0xFC, 0x01, 0xF8, 0x03, 0xF0, 0x07, 0xE0, 0x0F, 0xC0, 0x1F, 0x80, 0x3F, 0x00, 0xEF,
    0x01, 0xCF, 0x0F, 0x8F, 0xFE, 0x0F, 0xF8, 0x07, 0x80, 0x77, 0x07, 0x38, 0x3B, 0x81, 0x98, 0x00,
    0x06, 0x07, 0xE0, 0x7E, 0x07, 0xE0, 0x7E, 0x07, 0xE0, 0x7E, 0x07, 0xE0, 0x7E, 0x07, 0xE0, 0x77,
    0x07, 0x78, 0xF7, 0xFF, 0x3F, 0xF0, 0x40, 0x00, 0x00, 0x0F, 0x80, 0x3F, 0x80, 0xE3, 0x01, 0x86,
    0x00, 0x00, 0x30, 0x03, 0x70, 0x07, 0xE0, 0x0F, 0xC0, 0x1F, 0x80, 0x3F, 0x00, 0x7E, 0x00, 0xFC,
    0x01, 0xF8, 0x03, 0xF0, 0x07, 0xE0, 0x0F, 0xC0, 0x1F, 0x80, 0x3F, 0x00, 0x7E, 0x01, 0xDE, 0x03,
    0x9E, 0x1F, 0x1F, 0xFC, 0x1F, 0xF0, 0x0F, 0x00, 0x00, 0x00, 0xF8, 0x1F, 0xC3, 0x8C, 0x30, 0xC0,
    0x00, 0x60, 0x7E, 0x07, 0xE0, 0x7E, 0x07, 0xE0, 0x7E, 0x07, 0xE0, 0x7E, 0x07, 0xE0, 0x7E, 0x07,
    0x70, 0x77, 0x8F, 0x7F, 0xF3, 0xFF, 0x04, 0x00, 0x07, 0x80, 0x7F, 0x83, 0xFF, 0x1E, 0x1E, 0x70,
    0x3B, 0x80, 0x7F, 0x00, 0x1E, 0x00, 0x7F, 0x00, 0xFF, 0x80, 0x7F, 0x00, 0x3E, 0x00, 0x3C, 0x00,
    0x7E, 0x01, 0xFC, 0x0F, 0x78, 0x79, 0xFF, 0xE1, 0xFE, 0x01, 0xE0, 0x07, 0x00, 0x1C, 0x00, 0x70,
    0x01, 0x80, 0x06, 0x00, 0x00, 0x00, 0x1F, 0x0F, 0xF9, 0xFF, 0x70, 0x7E, 0x01, 0xE0, 0x1F, 0xC1,
    0xFE, 0x07, 0xE0, 0x1F, 0x83, 0xF8, 0xF7, 0xFC, 0x7F, 0x03, 0x80, 0x70, 0x0E, 0x01, 0x80, 0x70,
    0x0E, 0x00, 0x00, 0xFF, 0xFF, 0xFF, 0xFF, 0xFF, 0xC1, 0xE0, 0x07, 0x80, 0x1E, 0x00, 0x78, 0x01,
    0xE0, 0x07, 0x80, 0x1E, 0x00, 0x78, 0x01, 0xE0, 0x07, 0x80, 0x1E, 0x00, 0x78, 0x01, 0xE0, 0x07,
    0x80, 0x1E, 0x00, 0x78, 0x00, 0x00, 0x03, 0x00, 0x1C, 0x00, 0x70, 0x01, 0x80, 0x06, 0x00, 0x00,
    0x00, 0x38, 0x38, 0x38, 0xFF, 0xFF, 0xFE, 0x38, 0x38, 0x38, 0x38, 0x38, 0x38, 0x38, 0x38, 0x38,
    0x3F, 0x1F, 0x00, 0x1C, 0x1C, 0x18, 0x38, 0x38, 0x00, 0x0F, 0x80, 0xFF, 0x87, 0xFF, 0x1E, 0x1E,
    0xF0, 0x3B, 0x80, 0xE0, 0x03, 0x80, 0x0E, 0x00, 0x78, 0x03, 0xC0, 0x1F, 0x01, 0xFE, 0x3F, 0xB9,
    0xF8, 0xE7, 0x03, 0xC0, 0x0F, 0x00, 0x38, 0x00, 0xE0, 0x07, 0x80, 0x3C, 0x03, 0xE0, 0x7F, 0x07,
    0xF8, 0x1F, 0x00, 0x20, 0x00, 0x1F, 0x8F, 0xF9, 0xFF, 0xF8, 0x7E, 0x0E, 0x01, 0xC0, 0x70, 0x1E,
    0x0F, 0xCF, 0xFD, 0xF3, 0xB0, 0x70, 0x0E, 0x01, 0xC0, 0x78, 0x1E, 0x1F, 0x8F, 0xE1, 0xF0, 0x10,
    0x00, 0x1C, 0xE0, 0x1F, 0x80, 0x1F, 0x00, 0x1C, 0x00, 0x00, 0x18, 0x01, 0xB8, 0x03, 0xF0, 0x07,
    0xE0, 0x0F, 0xC0, 0x1F, 0x80, 0x3F, 0x00, 0x7E, 0x00, 0xFF, 0xFF, 0xFF, 0xFF, 0xFF, 0xFF, 0xE0,
    0x0F, 0xC0, 0x1F, 0x80, 0x3F, 0x00, 0x7E, 0x00, 0xFC, 0x01, 0xF8, 0x03, 0xF0, 0x07, 0xE7, 0x01,
    0xF8, 0x03, 0xC0, 0x0E, 0x00, 0x00, 0x00, 0x60, 0x03, 0x80, 0x0E, 0x00, 0x38, 0x00, 0xE0, 0x03,
    0x9E, 0x0F, 0xFE, 0x3F, 0xF8, 0xF0, 0xF3, 0xC1, 0xCE, 0x07, 0x38, 0x1C, 0xE0, 0x73, 0x81, 0xCE,
    0x07, 0x38, 0x1C, 0xE0, 0x73, 0x81, 0xCE, 0x07, 0x73, 0x8E, 0x70, 0x39, 0xDC, 0xC0, 0x3C, 0x7E,
    0x77, 0xE7, 0x33, 0x7F, 0xFF, 0x00, 0xFF, 0xFE, 0xC7, 0xE6, 0x7E, 0x3C, 0x6F, 0xF4, 0xE3, 0x73,
    0xF9, 0xC8, 0x40, 0xF7, 0x8C, 0xE0, 0x38, 0xFB, 0xFF, 0x3E, 0xEF, 0xCE, 0x00, 0x33, 0x77, 0x66,
    0xEE, 0xCC, 0xE7, 0x7E, 0x3E, 0x1C, 0x77, 0x3B, 0x8E, 0xE3, 0x30, 0x37, 0x7E, 0xEE, 0xE0, 0x31,
    0xCE, 0x73, 0xB9, 0xCC, 0x31, 0xCE, 0x73, 0xB9, 0xCC, 0x77, 0x76, 0xEC, 0x6F, 0xF4, 0x37, 0x77,
    0xE6, 0x61, 0x87, 0x9E, 0x7B, 0xE0, 0x00, 0x33, 0xB9, 0xCF, 0xFC, 0xC0, 0xE7, 0x7E, 0x3E, 0x1C,
    0x00, 0xE0, 0x18, 0x07, 0x00, 0xC0, 0x38, 0x06, 0x01, 0xC0, 0x30, 0x0E, 0x01, 0x80, 0x70, 0x0C,
    0x03, 0x80, 0x60, 0x1C, 0x03, 0x00, 0x60, 0x00, 0x00, 0x06, 0x00, 0x18, 0x00, 0x70, 0x00, 0xC0,
    0x03, 0x00, 0x0E, 0x00, 0x18, 0x00, 0x70, 0x00, 0xC0, 0x03, 0x00, 0x0E, 0x00, 0x18, 0x00, 0x60,
    0x01, 0xC0, 0x03, 0x00, 0x0E, 0x00, 0x18, 0x00, 0x60, 0x01, 0xC0, 0x03, 0x00, 0x00, 0x73, 0x7F,
    0xFE, 0x00, 0x77, 0x6E, 0xE0, 0xFF, 0xFF, 0xF8, 0x7C, 0x3E, 0x18, 0x00, 0xFF, 0xFF, 0x00, 0x7F,
    0xFF, 0x00, 0x01, 0xDB, 0xB7, 0x6E, 0xDD, 0x80, 0xFF, 0xF7, 0xC7, 0x1C, 0x20, 0x00, 0x3F, 0xFF,
    0xFF, 0xFD, 0xF0, 0xC0, 0x0E, 0x07, 0x80, 0xE0, 0xE7, 0x7F, 0xDB, 0xE6, 0xF0, 0x78, 0x0E, 0x00,
    0x00, 0x10, 0x9F, 0xFF, 0xF9, 0xE7, 0x7F, 0xB9, 0xC0, 0x19, 0x86, 0x39, 0xFF, 0xBF, 0xF3, 0x1C,
    0x33, 0x00, 0x18, 0x79, 0xFE, 0xF1, 0x83, 0x00, 0x00, 0x38, 0x0F, 0xC1, 0xFC, 0x0F, 0xC1, 0xF1,
    0xFF, 0xF8, 0xF8, 0x30, 0x00, 0x7F, 0x6E, 0x40, 0x3C, 0xFE, 0xE7, 0xC7, 0x38, 0x3C, 0x38, 0x00,
    0xDD, 0xF1, 0xE7, 0xCD, 0xC1, 0x00, 0x00, 0x1C, 0xFF, 0xCF, 0xC3, 0xC1, 0x80, 0x01, 0xC3, 0xF0,
    0xF7, 0xFE, 0x30, 0x00, 0x00, 0x23, 0xC1, 0xC7, 0xC7, 0x07, 0xBC, 0x3E, 0xD9, 0xE7, 0x64, 0x19,
    0xC0, 0x4F, 0x73, 0x7F, 0x60, 0x6F, 0xF4, 0x00, 0xCF, 0xBF, 0x71, 0xE4, 0x00, 0x33, 0x3F, 0xEC,
    0xCF, 0x33, 0xFF, 0xDF, 0xE0, 0x31, 0xC6, 0x1F, 0x78, 0x63, 0x80, 0x40, 0x00, 0xBC, 0x00, 0xE7,
    0xF3, 0xF0, 0x7F, 0xF8, 0x03, 0xF0, 0x00, 0x40, 0x00, 0xBC, 0x00, 0xE7, 0xF3, 0xF0, 0x7F, 0xF8,
    0x03, 0xF0, 0x00, 0x7F, 0xFE, 0xFF, 0xFE, 0xFF, 0xFE, 0x7F, 0xFE, 0xFF, 0xFE, 0xFF, 0xFE, 0x3F,
    0x80, 0x03, 0x7F, 0xFF, 0xFF, 0xFF, 0xFF, 0xFE, 0xC0, 0x07, 0xFC, 0x00, 0xC0, 0x03, 0xFF, 0x03,
    0xFF, 0xF1, 0xE0, 0x1E, 0xE0, 0x01, 0xC0, 0x00, 0x03, 0x00, 0x00, 0x3C, 0xFF, 0xFF, 0xEF, 0xFF,
    0xFE, 0x00, 0x01, 0xC0, 0x00, 0x38, 0x39, 0xFB, 0x33, 0xEF, 0xD9, 0xBF, 0x3E, 0x39, 0xFB, 0x37,
    0xEF, 0xD9, 0xBF, 0x1C, 0xFF, 0xFF, 0xF0, 0x3C, 0x7E, 0x66, 0x67, 0x67, 0x66, 0x7E, 0x3C, 0xCF,
    0x3C, 0xF3, 0xCF, 0x3F, 0xDF, 0x3C, 0xFD, 0x9B, 0x06, 0x0C, 0xDF, 0x9E, 0x06, 0x0C, 0x19, 0xF7,
    0xEC, 0xF9, 0xF3, 0x66, 0xFC, 0xF8, 0xC3, 0x0C, 0x3E, 0xFF, 0x3C, 0xF3, 0xCF, 0x3C, 0xC0, 0xFB,
    0xBF, 0xFC, 0xCF, 0x33, 0xCC, 0xF3, 0x3C, 0xCF, 0x33, 0xF7, 0xB9, 0x8C, 0x63, 0x18, 0x23, 0xBF,
    0xF7, 0x39, 0xCE, 0x39, 0xC0, 0x66, 0x66, 0x7E, 0x3E, 0x3C, 0x3C, 0x18, 0x18, 0xE6, 0xDD, 0xF1,
    0xC3, 0x8F, 0x9B, 0xF3, 0x3C, 0x01, 0xC0, 0x0E, 0x00, 0xE0, 0x00, 0x0F, 0xFE, 0xFF, 0xFF, 0xFF,
    0xE0, 0x0E, 0x00, 0xE0, 0x0E, 0x00, 0xE0, 0x0F, 0xFE, 0xFF, 0xEF, 0xFE, 0xE0, 0x0E, 0x00, 0xE0,
    0x0E, 0x00, 0xE0, 0x0E, 0x00, 0xFF, 0xFF, 0xFF, 0x31, 0xC7, 0x9C, 0x39, 0xC1, 0x08, 0x00, 0x0F,
    0xFE, 0xFF, 0xFF, 0xFF, 0xE0, 0x0E, 0x00, 0xE0, 0x0E, 0x00, 0xE0, 0x0F, 0xFE, 0xFF, 0xEF, 0xFE,
    0xE0, 0x0E, 0x00, 0xE0, 0x0E, 0x00, 0xE0, 0x0E, 0x00, 0xFF, 0xFF, 0xFF, 0xFF, 0xFC, 0x1F, 0xFF,
    0x83, 0xFF, 0xF0, 0x03, 0xC0, 0x00, 0x78, 0x00, 0x0F, 0x00, 0x01, 0xE0, 0x00, 0x3C, 0xE0, 0x07,
    0xFF, 0x00, 0xFF, 0xF0, 0x1F, 0x8F, 0x03, 0xC0, 0xF0, 0x78, 0x0E, 0x0F, 0x01, 0xC1, 0xE0, 0x38,
    0x3C, 0x07, 0x07, 0x81, 0xE0, 0xF0, 0xF8, 0x1E, 0x7E, 0x00, 0x0F, 0x80, 0x00, 0x00, 0x03, 0x80,
    0x70, 0x07, 0x00, 0x60, 0x00, 0x0F, 0xFE, 0xFF, 0xFF, 0xFF, 0xE0, 0x0E, 0x00, 0xE0, 0x0E, 0x00,
    0xE0, 0x0E, 0x00, 0xE0, 0x0E, 0x00, 0xE0, 0x0E, 0x00, 0xE0, 0x0E, 0x00, 0xE0, 0x0E, 0x00, 0xE0,
    0x0E, 0x00, 0x03, 0xE0, 0x0F, 0xF8, 0x1F, 0xFC, 0x3C, 0x1E, 0x78, 0x0F, 0x70, 0x07, 0xF0, 0x07,
    0xE0, 0x00, 0xFF, 0xC0, 0xFF, 0xE0, 0xFF, 0xE0, 0xE0, 0x00, 0xE0, 0x00, 0x70, 0x07, 0x70, 0x07,
    0x78, 0x0F, 0x3E, 0x3E, 0x1F, 0xFC, 0x0F, 0xF8, 0x01, 0xC0, 0x07, 0x80, 0x7F, 0x83, 0xFF, 0x1E,
    0x1E, 0x70, 0x3B, 0x80, 0x7F, 0x00, 0x1E, 0x00, 0x7F, 0x00, 0xFF, 0x80, 0x7F, 0x00, 0x3E, 0x00,
    0x3C, 0x00, 0x7E, 0x01, 0xFC, 0x0F, 0x78, 0x79, 0xFF, 0xE1, 0xFE, 0x01, 0xE0, 0xDF, 0xFF, 0xFF,
    0xFF, 0xFF, 0xFF, 0xFF, 0x80, 0xE3, 0x73, 0xF9, 0xC8, 0x40, 0x00, 0xC0, 0x70, 0x38, 0x1C, 0x0E,
    0x07, 0x03, 0x81, 0xC0, 0xE0, 0x70, 0x38, 0x1C, 0x0E, 0x07, 0x03, 0x81, 0xC0, 0xE0, 0x70, 0x38,
    0x00, 0x60, 0x1C, 0x03, 0x80, 0x70, 0x0E, 0x01, 0xC0, 0x38, 0x07, 0x00, 0xE0, 0x1C, 0x03, 0x80,
    0x7C, 0x0F, 0xC1, 0xF8, 0x3F, 0x07, 0xF1, 0xEF, 0xF8, 0xFE, 0x07, 0x00, 0x0F, 0xFE, 0x00, 0x03,
    0xFF, 0x80, 0x00, 0xFF, 0xE0, 0x00, 0x30, 0x38, 0x00, 0x1C, 0x0E, 0x00, 0x07, 0x03, 0x80, 0x01,
    0xC0, 0xE0, 0x00, 0x70, 0x38, 0x00, 0x1C, 0x0F, 0xFE, 0x07, 0x03, 0xFF, 0xC1, 0xC0, 0xE0, 0xF8,
    0x70, 0x38, 0x0F, 0x1C, 0x0E, 0x01, 0xC7, 0x03, 0x80, 0x71, 0xC0, 0xE0, 0x1C, 0xE0, 0x38, 0x0E,
    0x38, 0x0E, 0x0F, 0xBE, 0x03, 0xFF, 0xCF, 0x00, 0xFF, 0xE0, 0xC0, 0x0C, 0x00, 0x70, 0x07, 0x00,
    0x38, 0x03, 0x80, 0x1C, 0x01, 0xC0, 0x0E, 0x00, 0xE0, 0x07, 0x00, 0x70, 0x03, 0x80, 0x38, 0x01,
    0xC0, 0x1C, 0x00, 0xFF, 0xFF, 0xFC, 0x7F, 0xFF, 0xFF, 0xB8, 0x03, 0x83, 0xDC, 0x01, 0xC0, 0xFE,
    0x00, 0xE0, 0x3F, 0x00, 0x70, 0x1F, 0x80, 0x38, 0x0F, 0xC0, 0x1C, 0x0F, 0xE0, 0x0E, 0x0F, 0x70,
    0x07, 0xFF, 0xB8, 0x03, 0xFF, 0x00, 0xFF, 0xFE, 0x0F, 0xFF, 0xE0, 0xFF, 0xFE, 0x00, 0x78, 0x00,
    0x07, 0x80, 0x00, 0x78, 0x00, 0x07, 0x80, 0x00, 0x78, 0x00, 0x07, 0xFF, 0x80, 0x7F, 0xFC, 0x07,
    0xE3, 0xE0, 0x78, 0x0E, 0x07, 0x80, 0xE0, 0x78, 0x0E, 0x07, 0x80, 0xE0, 0x78, 0x0E, 0x07, 0x80,
    0xE0, 0x78, 0x0E, 0x07, 0x80, 0xE0, 0x03, 0xC0, 0x0E, 0x00, 0x30, 0x01, 0xC0, 0x00, 0x03, 0x00,
    0x6E, 0x03, 0xF8, 0x1E, 0xE0, 0xF3, 0x83, 0x8E, 0x1E, 0x38, 0xF0, 0xE7, 0x83, 0xFC, 0x0F, 0xE0,
    0x3F, 0xC0, 0xE7, 0x83, 0x8F, 0x0E, 0x1C, 0x38, 0x78, 0xE0, 0xF3, 0x81, 0xEE, 0x03, 0xB8, 0x0F,
    0x0E, 0x00, 0x0E, 0x00, 0x1C, 0x00, 0x18, 0x00, 0x00, 0x18, 0x01, 0xB8, 0x07, 0xF0, 0x1F, 0xE0,
    0x3F, 0xC0, 0xFF, 0x83, 0xFF, 0x07, 0x7E, 0x1E, 0xFC, 0x79, 0xF8, 0xE3, 0xF3, 0xC7, 0xE7, 0x0F,
    0xDC, 0x1F, 0xF8, 0x3F, 0xE0, 0x7F, 0x80, 0xFF, 0x01, 0xFC, 0x03, 0xF8, 0x07, 0x0C, 0x70, 0x1C,
    0xC0, 0x1F, 0x80, 0x1E, 0x00, 0x00, 0x0C, 0x00, 0xFC, 0x03, 0xB8, 0x0F, 0x78, 0x1C, 0x70, 0x38,
    0xF0, 0xE0, 0xE1, 0xC1, 0xC7, 0x81, 0xCE, 0x03, 0x9C, 0x03, 0xF0, 0x07, 0xE0, 0x0F, 0xC0, 0x0F,
    0x00, 0x1E, 0x00, 0x38, 0x00, 0xF0, 0x07, 0xC0, 0x0F, 0x00, 0xC0, 0x0F, 0x80, 0x7E, 0x01, 0xF8,
    0x07, 0xE0, 0x1F, 0x80, 0x7E, 0x01, 0xF8, 0x07, 0xE0, 0x1F, 0x80, 0x7E, 0x01, 0xF8, 0x07, 0xE0,
    0x1F, 0x80, 0x7E, 0x01, 0xF8, 0x07, 0xE0, 0x1F, 0xFF, 0xFF, 0xFF, 0xC1, 0xC0, 0x07, 0x00, 0x1C,
    0x00, 0x70, 0x00, 0x01, 0xC0, 0x00, 0xE0, 0x00, 0xF8, 0x00, 0x7C, 0x00, 0x77, 0x00, 0x3B, 0x80,
    0x1D, 0xC0, 0x1C, 0x70, 0x0E, 0x38, 0x07, 0x1C, 0x07, 0x07, 0x03, 0x83, 0x81, 0xFF, 0xC1, 0xFF,
    0xF0, 0xE0, 0x38, 0xF0, 0x1E, 0x70, 0x07, 0x38, 0x03, 0xBC, 0x00, 0xE0, 0xFF, 0xE7, 0xFF, 0x3F,
    0xF9, 0xC0, 0x0E, 0x00, 0x70, 0x03, 0x80, 0x1C, 0x00, 0xFF, 0x87, 0xFF, 0x3F, 0xFD, 0xC0, 0xFE,
    0x03, 0xF0, 0x1F, 0x80, 0xFC, 0x0F, 0xE0, 0xF7, 0xFF, 0xBF, 0xF0, 0xFF, 0x07, 0xFE, 0x3F, 0xFD,
    0xC1, 0xEE, 0x07, 0x70, 0x1F, 0x80, 0xFC, 0x0E, 0xFF, 0xF7, 0xFE, 0x3F, 0xFD, 0xC0, 0xFE, 0x03,
    0xF0, 0x1F, 0x80, 0xFC, 0x07, 0xE0, 0xFF, 0xFF, 0xBF, 0xF8, 0xFF, 0xEF, 0xFF, 0xFF, 0xFE, 0x00,
    0xE0, 0x0E, 0x00, 0xE0, 0x0E, 0x00, 0xE0, 0x0E, 0x00, 0xE0, 0x0E, 0x00, 0xE0, 0x0E, 0x00, 0xE0,
    0x0E, 0x00, 0xE0, 0x0E, 0x00, 0xE0, 0x00, 0x07, 0xFF, 0x01, 0xFF, 0xE0, 0x3F, 0xFC, 0x07, 0x03,
    0x80, 0xE0, 0x70, 0x1C, 0x0E, 0x03, 0x81, 0xC0, 0x70, 0x38, 0x0E, 0x07, 0x01, 0xC0, 0xE0, 0x38,
    0x1C, 0x0E, 0x03, 0x81, 0xC0, 0x70, 0x38, 0x0E, 0x07, 0x01, 0xC1, 0xC0, 0x38, 0x78, 0x07, 0x9F,
    0xFF, 0xFB, 0xFF, 0xFF, 0x70, 0x00, 0x6E, 0x00, 0x0D, 0xC0, 0x01, 0xB8, 0x00, 0x30, 0xFF, 0xEF,
    0xFF, 0xFF, 0xFE, 0x00, 0xE0, 0x0E, 0x00, 0xE0, 0x0E, 0x00, 0xFF, 0xEF, 0xFE, 0xFF, 0xEE, 0x00,
    0xE0, 0x0E, 0x00, 0xE0, 0x0E, 0x00, 0xE0, 0x0F, 0xFF, 0xFF, 0xF0, 0x70, 0x18, 0x0C, 0x78, 0x38,
    0x1E, 0x38, 0x38, 0x1C, 0x3C, 0x38, 0x38, 0x1C, 0x38, 0x78, 0x0E, 0x38, 0x70, 0x0F, 0x38, 0xF0,
    0x07, 0x38, 0xE0, 0x07, 0xBD, 0xC0, 0x03, 0xFF, 0xC0, 0x07, 0xFF, 0xC0, 0x07, 0x38, 0xE0, 0x0F,
    0x38, 0xF0, 0x0E, 0x38, 0x70, 0x1C, 0x38, 0x78, 0x3C, 0x38, 0x38, 0x38, 0x38, 0x1C, 0x78, 0x38,
    0x1E, 0x70, 0x38, 0x0E, 0x07, 0x80, 0xFF, 0x0F, 0xFC, 0xF0, 0xE7, 0x07, 0xB0, 0x1C, 0x00, 0xE0,
    0x0E, 0x07, 0xF0, 0x3E, 0x01, 0xFC, 0x00, 0xF0, 0x03, 0x80, 0x1F, 0x80, 0xFE, 0x07, 0x78, 0x7B,
    0xFF, 0x87, 0xF8, 0x0E, 0x00, 0xC0, 0x0D, 0xC0, 0x3F, 0x80, 0xFF, 0x01, 0xFE, 0x07, 0xFC, 0x1F,
    0xF8, 0x3B, 0xF0, 0xF7, 0xE3, 0xCF, 0xC7, 0x1F, 0x9E, 0x3F, 0x38, 0x7E, 0xE0, 0xFF, 0xC1, 0xFF,
    0x03, 0xFC, 0x07, 0xF8, 0x0F, 0xE0, 0x1F, 0xC0, 0x38, 0x1C, 0x60, 0x1D, 0xC0, 0x3F, 0x00, 0x3C,
    0x00, 0x00, 0x18, 0x01, 0xB8, 0x07, 0xF0, 0x1F, 0xE0, 0x3F, 0xC0, 0xFF, 0x83, 0xFF, 0x07, 0x7E,
    0x1E, 0xFC, 0x79, 0xF8, 0xE3, 0xF3, 0xC7, 0xE7, 0x0F, 0xDC, 0x1F, 0xF8, 0x3F, 0xE0, 0x7F, 0x80,
    0xFF, 0x01, 0xFC, 0x03, 0xF8, 0x07, 0xC0, 0x1B, 0x80, 0xFE, 0x07, 0xB8, 0x3C, 0xE0, 0xE3, 0x87,
    0x8E, 0x3C, 0x39, 0xE0, 0xFF, 0x03, 0xF8, 0x0F, 0xF0, 0x39, 0xE0, 0xE3, 0xC3, 0x87, 0x0E, 0x1E,
    0x38, 0x3C, 0xE0, 0x7B, 0x80, 0xEE, 0x03, 0xC0, 0x0F, 0xFE, 0x0F, 0xFF, 0x0F, 0xFF, 0x0E, 0x07,
    0x1C, 0x07, 0x1C, 0x07, 0x1C, 0x07, 0x1C, 0x07, 0x1C, 0x07, 0x1C, 0x07, 0x1C, 0x07, 0x1C, 0x07,
    0x1C, 0x07, 0x1C, 0x07, 0x1C, 0x07, 0x38, 0x07, 0x78, 0x07, 0xF8, 0x07, 0xF0, 0x07, 0xE0, 0x01,
    0xDE, 0x00, 0x7F, 0xC0, 0x0F, 0xFC, 0x01, 0xFF, 0x80, 0x7F, 0xF8, 0x0F, 0xFF, 0x03, 0xBF, 0xE0,
    0x77, 0xEE, 0x0E, 0xFD, 0xC3, 0x9F, 0xBC, 0x73, 0xF3, 0x9C, 0x7E, 0x73, 0x8F, 0xC7, 0x71, 0xF8,
    0xFC, 0x3F, 0x1F, 0x87, 0xE1, 0xF0, 0xFC, 0x3C, 0x1F, 0x83, 0x83, 0x80, 0xC0, 0x0D, 0xC0, 0x1F,
    0x80, 0x3F, 0x00, 0x7E, 0x00, 0xFC, 0x01, 0xF8, 0x03, 0xF0, 0x07, 0xFF, 0xFF, 0xFF, 0xFF, 0xFF,
    0xFF, 0x00, 0x7E, 0x00, 0xFC, 0x01, 0xF8, 0x03, 0xF0, 0x07, 0xE0, 0x0F, 0xC0, 0x1F, 0x80, 0x38,
    0x03, 0xE0, 0x07, 0xFC, 0x07, 0xFF, 0x07, 0x83, 0xC7, 0x80, 0xF3, 0x80, 0x3B, 0xC0, 0x1F, 0xC0,
    0x07, 0xE0, 0x03, 0xF0, 0x01, 0xF8, 0x00, 0xFC, 0x00, 0x7E, 0x00, 0x3B, 0x80, 0x39, 0xC0, 0x1C,
    0xF0, 0x1E, 0x3E, 0x3E, 0x0F, 0xFE, 0x03, 0xFE, 0x00, 0x38, 0x00, 0xFF, 0xFD, 0xFF, 0xFF, 0xFF,
    0xFF, 0x00, 0x7E, 0x00, 0xFC, 0x01, 0xF8, 0x03, 0xF0, 0x07, 0xE0, 0x0F, 0xC0, 0x1F, 0x80, 0x3F,
    0x00, 0x7E, 0x00, 0xFC, 0x01, 0xF8, 0x03, 0xF0, 0x07, 0xE0, 0x0F, 0xC0, 0x1F, 0x80, 0x38, 0xFE,
    0x07, 0xFE, 0x3F, 0xFD, 0xC1, 0xEE, 0x07, 0xF0, 0x1F, 0x80, 0xFC, 0x07, 0xE0, 0x7F, 0x07, 0xBF,
    0xFD, 0xFF, 0xCF, 0xF0, 0x70, 0x03, 0x80, 0x1C, 0x00, 0xE0, 0x07, 0x00, 0x38, 0x00, 0x03, 0xE0,
    0x0F, 0xF8, 0x1F, 0xFC, 0x3C, 0x1E, 0x78, 0x0F, 0x70, 0x07, 0xF0, 0x07, 0xE0, 0x00, 0xE0, 0x00,
    0xE0, 0x00, 0xE0, 0x00, 0xE0, 0x00, 0xE0, 0x00, 0x70, 0x07, 0x70, 0x07, 0x78, 0x0F, 0x3E, 0x3E,
    0x1F, 0xFC, 0x0F, 0xF8, 0x01, 0xC0, 0xFF, 0xFF, 0xFF, 0xFF, 0xFF, 0xC1, 0xE0, 0x07, 0x80, 0x1E,
    0x00, 0x78, 0x01, 0xE0, 0x07, 0x80, 0x1E, 0x00, 0x78, 0x01, 0xE0, 0x07, 0x80, 0x1E, 0x00, 0x78,
    0x01, 0xE0, 0x07, 0x80, 0x1E, 0x00, 0x78, 0x00, 0x60, 0x07, 0xE0, 0x1D, 0xC0, 0x7B, 0xC0, 0xE3,
    0x81, 0xC7, 0x87, 0x07, 0x0E, 0x0E, 0x3C, 0x0E, 0x70, 0x1C, 0xE0, 0x1F, 0x80, 0x3F, 0x00, 0x7E,
    0x00, 0x78, 0x00, 0xF0, 0x01, 0xC0, 0x07, 0x80, 0x3E, 0x00, 0x78, 0x00, 0x00, 0xC0, 0x00, 0x1C,
    0x00, 0x03, 0x80, 0x03, 0xFE, 0x01, 0xFF, 0xF0, 0x7F, 0xFF, 0x1E, 0x38, 0xE3, 0x87, 0x0E, 0xE0,
    0xE1, 0xDC, 0x1C, 0x3B, 0x83, 0x83, 0xF0, 0x70, 0x7E, 0x0E, 0x1D, 0xC1, 0xC3, 0x9C, 0x38, 0x73,
    0xC7, 0x3C, 0x3F, 0xFF, 0x83, 0xFF, 0xC0, 0x1F, 0xF0, 0x00, 0x70, 0x00, 0x0E, 0x00, 0x00, 0x00,
    0x00, 0x70, 0x07, 0x3C, 0x07, 0x8E, 0x03, 0x87, 0x83, 0x81, 0xE3, 0xC0, 0x71, 0xC0, 0x3D, 0xC0,
    0x0F, 0xE0, 0x03, 0xE0, 0x00, 0xE0, 0x00, 0xF8, 0x00, 0xFE, 0x00, 0x77, 0x00, 0x73, 0xC0, 0x78,
    0xF0, 0x38, 0x38, 0x38, 0x1E, 0x3C, 0x07, 0x9C, 0x01, 0xC0, 0xC0, 0x0C, 0xE0, 0x1C, 0xE0, 0x1C,
    0xE0, 0x1C, 0xE0, 0x1C, 0xE0, 0x1C, 0xE0, 0x1C, 0xE0, 0x1C, 0xE0, 0x1C, 0xE0, 0x1C, 0xE0, 0x1C,
    0xE0, 0x1C, 0xE0, 0x1C, 0xE0, 0x1C, 0xE0, 0x1C, 0xE0, 0x1C, 0xE0, 0x1C, 0xFF, 0xFF, 0xFF, 0xFF,
    0x00, 0x07, 0x00, 0x07, 0x00, 0x07, 0x00, 0x07, 0x60, 0x0D, 0xE0, 0x1F, 0xC0, 0x3F, 0x80, 0x7F,
    0x00, 0xFE, 0x01, 0xFC, 0x03, 0xB8, 0x07, 0x70, 0x1E, 0xF0, 0xFC, 0xFF, 0xF8, 0xFF, 0xF0, 0x30,
    0xE0, 0x01, 0xC0, 0x03, 0x80, 0x07, 0x00, 0x0E, 0x00, 0x1C, 0x00, 0x38, 0xC0, 0x60, 0x6E, 0x0E,
    0x07, 0xE0, 0xE0, 0x7E, 0x0E, 0x07, 0xE0, 0xE0, 0x7E, 0x0E, 0x07, 0xE0, 0xE0, 0x7E, 0x0E, 0x07,
    0xE0, 0xE0, 0x7E, 0x0E, 0x07, 0xE0, 0xE0, 0x7E, 0x0E, 0x07, 0xE0, 0xE0, 0x7E, 0x0E, 0x07, 0xE0,
    0xE0, 0x7E, 0x0E, 0x07, 0xE0, 0xE0, 0x7F, 0xFF, 0xFF, 0xFF, 0xFF, 0xF0, 0xC0, 0x60, 0x63, 0x83,
    0x81, 0xCE, 0x0E, 0x07, 0x38, 0x38, 0x1C, 0xE0, 0xE0, 0x73, 0x83, 0x81, 0xCE, 0x0E, 0x07, 0x38,
    0x38, 0x1C, 0xE0, 0xE0, 0x73, 0x83, 0x81, 0xCE, 0x0E, 0x07, 0x38, 0x38, 0x1C, 0xE0, 0xE0, 0x73,
    0x83, 0x81, 0xCE, 0x0E, 0x07, 0x38, 0x38, 0x1C, 0xE0, 0xE0, 0x73, 0xFF, 0xFF, 0xFF, 0xFF, 0xFF,
    0xC0, 0x00, 0x07, 0x00, 0x00, 0x1C, 0x00, 0x00, 0x70, 0x00, 0x01, 0xC0, 0xFE, 0x00, 0x1F, 0xE0,
    0x03, 0xFC, 0x00, 0x03, 0x80, 0x00, 0x70, 0x00, 0x0E, 0x00, 0x01, 0xC0, 0x00, 0x38, 0x00, 0x07,
    0xFF, 0x00, 0xFF, 0xF0, 0x1C, 0x1F, 0x03, 0x80, 0xE0, 0x70, 0x1C, 0x0E, 0x03, 0x81, 0xC0, 0x70,
    0x38, 0x0E, 0x07, 0x07, 0xC0, 0xFF, 0xF0, 0x1F, 0xFC, 0x00, 0xC0, 0x01, 0xB8, 0x00, 0x7E, 0x00,
    0x1F, 0x80, 0x07, 0xE0, 0x01, 0xF8, 0x00, 0x7E, 0x00, 0x1F, 0x80, 0x07, 0xFF, 0xC1, 0xFF, 0xFC,
    0x7E, 0x0F, 0x9F, 0x80, 0xE7, 0xE0, 0x39, 0xF8, 0x0E, 0x7E, 0x03, 0x9F, 0x80, 0xE7, 0xE0, 0xF1,
    0xFF, 0xFC, 0x7F, 0xFC, 0x1C, 0xC0, 0x07, 0x00, 0x38, 0x01, 0xC0, 0x0E, 0x00, 0x70, 0x03, 0x80,
    0x1C, 0x00, 0xFF, 0xC7, 0xFF, 0xB8, 0x3F, 0xC0, 0x7E, 0x03, 0xF0, 0x1F, 0x80, 0xFC, 0x07, 0xE0,
    0xF7, 0xFF, 0xBF, 0xF0, 0x07, 0xC0, 0x1F, 0xF0, 0x3F, 0xF8, 0x78, 0x3C, 0x70, 0x1E, 0xE0, 0x0E,
    0xE0, 0x07, 0x00, 0x07, 0x03, 0xFF, 0x03, 0xFF, 0x03, 0xFF, 0x00, 0x07, 0x00, 0x07, 0xE0, 0x07,
    0xE0, 0x0E, 0x70, 0x1E, 0x7C, 0x7C, 0x3F, 0xF8, 0x1F, 0xF0, 0x03, 0x80, 0xC0, 0x1F, 0x03, 0x81,
    0xFF, 0x0E, 0x0F, 0xFE, 0x38, 0x7C, 0x3C, 0xE1, 0xC0, 0x7B, 0x8E, 0x00, 0xEE, 0x38, 0x01, 0xF9,
    0xE0, 0x07, 0xFF, 0x00, 0x1F, 0xFC, 0x00, 0x7F, 0xF0, 0x01, 0xF9, 0xC0, 0x07, 0xE3, 0x80, 0x1F,
    0x8E, 0x00, 0x7E, 0x38, 0x03, 0xB8, 0x70, 0x1E, 0xE1, 0xF1, 0xF3, 0x83, 0xFF, 0x8E, 0x03, 0xFC,
    0x00, 0x03, 0x80, 0x01, 0xFC, 0x7F, 0xF3, 0xFF, 0xCF, 0x07, 0x78, 0x1D, 0xC0, 0x77, 0x01, 0xDC,
    0x07, 0x78, 0x1C, 0xFF, 0xF1, 0xFF, 0xC3, 0xFF, 0x0E, 0x1C, 0x78, 0x71, 0xC1, 0xCF, 0x07, 0x38,
    0x1D, 0xE0, 0x77, 0x01, 0xC0, 0x1F, 0x8F, 0xF9, 0xFF, 0xF0, 0x72, 0x0E, 0x01, 0xCF, 0xFB, 0xFF,
    0xF8, 0xFC, 0x1F, 0x83, 0xF0, 0xFF, 0xFE, 0xFF, 0xC7, 0x00, 0x00, 0x20, 0x03, 0x83, 0xF8, 0x7F,
    0xC7, 0xE0, 0x38, 0x03, 0xBF, 0x1F, 0xFC, 0xF8, 0xF7, 0x83, 0xB8, 0x0F, 0xC0, 0x7E, 0x03, 0xF0,
    0x1F, 0x80, 0xFC, 0x0E, 0x70, 0xF1, 0xFF, 0x07, 0xF0, 0x0E, 0x00, 0x7F, 0x8F, 0xFC, 0xFF, 0xEE,
    0x0F, 0xE0, 0x7E, 0x0E, 0xFF, 0xCF, 0xFE, 0xE0, 0xFE, 0x07, 0xE0, 0x7E, 0x0F, 0xFF, 0xEF, 0xFC,
    0x7F, 0xFF, 0xFF, 0xFF, 0x80, 0xE0, 0x38, 0x0E, 0x03, 0x80, 0xE0, 0x38, 0x0E, 0x03, 0x80, 0xE0,
    0x38, 0x00, 0x0F, 0xF8, 0x3F, 0xF0, 0x7F, 0xE0, 0xE1, 0xC1, 0xC3, 0x83, 0x87, 0x07, 0x0E, 0x0E,
    0x1C, 0x1C, 0x38, 0x30, 0x70, 0xE0, 0xE3, 0xC1, 0xCF, 0xFF, 0xFF, 0xFF, 0xF8, 0x03, 0xF0, 0x07,
    0xE0, 0x0F, 0xC0, 0x1C, 0x0F, 0x81, 0xFE, 0x1F, 0xF8, 0xE0, 0xEE, 0x07, 0x70, 0x1B, 0xFF, 0xFF,
    0xFF, 0xE0, 0x07, 0x00, 0x38, 0x1C, 0xF1, 0xE3, 0xFE, 0x0F, 0xE0, 0x1C, 0x00, 0x70, 0x60, 0xE7,
    0x87, 0x1E, 0x38, 0x71, 0xC1, 0xC7, 0x38, 0x0E, 0x77, 0x00, 0xF7, 0xF0, 0x07, 0xFE, 0x00, 0x7F,
    0xE0, 0x07, 0xFE, 0x00, 0xE7, 0x70, 0x1E, 0x77, 0x83, 0xC7, 0x3C, 0x78, 0x71, 0xE7, 0x07, 0x0E,
    0x1F, 0x0F, 0xF3, 0xFF, 0x70, 0xE0, 0x1C, 0x07, 0x83, 0xE0, 0x7C, 0x03, 0xC0, 0x3B, 0x87, 0x70,
    0xEF, 0xFC, 0xFF, 0x03, 0x00, 0x60, 0x7E, 0x07, 0xE0, 0xFE, 0x1F, 0xE1, 0xFE, 0x3F, 0xE7, 0x7E,
    0x77, 0xEE, 0x7F, 0xC7, 0xFC, 0x7F, 0x87, 0xF0, 0x7F, 0x07, 0x38, 0xC1, 0x9C, 0x1F, 0x80, 0xF0,
    0x00, 0x06, 0x07, 0xE0, 0x7E, 0x0F, 0xE1, 0xFE, 0x1F, 0xE3, 0xFE, 0x77, 0xE7, 0x7E, 0xE7, 0xFC,
    0x7F, 0xC7, 0xF8, 0x7F, 0x07, 0xF0, 0x70, 0x60, 0x77, 0x07, 0xB8, 0x79, 0xC7, 0x8E, 0x78, 0x73,
    0x83, 0xF8, 0x1F, 0xC0, 0xFF, 0x07, 0x3C, 0x38, 0xF1, 0xC3, 0xCE, 0x0E, 0x70, 0x78, 0x1F, 0xF8,
    0xFF, 0xC7, 0xFE, 0x38, 0x71, 0xC3, 0x8E, 0x1C, 0x70, 0xE3, 0x07, 0x38, 0x39, 0xC1, 0xCE, 0x0E,
    0xF0, 0x7F, 0x03, 0xF8, 0x1C, 0x70, 0x07, 0x7C, 0x07, 0xFE, 0x03, 0xFF, 0x83, 0xFF, 0xC1, 0xFF,
    0x71, 0xDF, 0xB8, 0xEF, 0xDC, 0x77, 0xE7, 0x73, 0xF3, 0xB9, 0xF8, 0xF8, 0xFC, 0x7C, 0x7E, 0x1C,
    0x3F, 0x0E, 0x1C, 0x60, 0x7E, 0x07, 0xE0, 0x7E, 0x07, 0xE0, 0x7E, 0x07, 0xFF, 0xFF, 0xFF, 0xE0,
    0x7E, 0x07, 0xE0, 0x7E, 0x07, 0xE0, 0x7E, 0x07, 0x0F, 0x81, 0xFF, 0x1F, 0xF8, 0xE0, 0xEE, 0x07,
    0x70, 0x1F, 0x80, 0xFC, 0x07, 0xE0, 0x3F, 0x01, 0xFC, 0x1C, 0xF1, 0xE3, 0xFE, 0x0F, 0xE0, 0x1C,
    0x00, 0x7F, 0xFF, 0xFF, 0xFF, 0xFE, 0x07, 0xE0, 0x7E, 0x07, 0xE0, 0x7E, 0x07, 0xE0, 0x7E, 0x07,
    0xE0, 0x7E, 0x07, 0xE0, 0x7E, 0x07, 0x67, 0xC7, 0x7F, 0x3F, 0xFD, 0xF0, 0xEF, 0x03, 0xF8, 0x1F,
    0x80, 0xFC, 0x07, 0xE0, 0x3F, 0x81, 0xFC, 0x1F, 0xF0, 0xEF, 0xFF, 0x77, 0xF3, 0x8C, 0x1C, 0x00,
    0xE0, 0x07, 0x00, 0x38, 0x00, 0x00, 0x00, 0x0F, 0x83, 0xFE, 0x7F, 0xE7, 0x07, 0xE0, 0x7E, 0x00,
    0xE0, 0x0E, 0x00, 0xE0, 0x0E, 0x00, 0xF0, 0x77, 0x8F, 0x3F, 0xE1, 0xFC, 0x07, 0x00, 0xFF, 0xFF,
    0xFF, 0xFF, 0xF0, 0xE0, 0x0E, 0x00, 0xE0, 0x0E, 0x00, 0xE0, 0x0E, 0x00, 0xE0, 0x0E, 0x00, 0xE0,
    0x0E, 0x00, 0xE0, 0xE0, 0x39, 0xC0, 0xE7, 0x03, 0x9C, 0x1C, 0x38, 0x70, 0xE1, 0xC3, 0xCE, 0x07,
    0x38, 0x1C, 0xC0, 0x3F, 0x00, 0xFC, 0x03, 0xE0, 0x07, 0x80, 0x1E, 0x00, 0x70, 0x01, 0xC0, 0x0E,
    0x00, 0xF8, 0x07, 0xC0, 0x0C, 0x00, 0x01, 0x00, 0x07, 0x00, 0x0E, 0x00, 0x1C, 0x00, 0x38, 0x01,
    0xFC, 0x0F, 0xFE, 0x3F, 0xFE, 0x73, 0x9D, 0xC7, 0x1F, 0x8E, 0x3F, 0x1C, 0x7E, 0x38, 0xFC, 0x71,
    0xF8, 0xE3, 0xF9, 0xCF, 0x73, 0x9C, 0x7F, 0xF0, 0x7F, 0xC0, 0x3E, 0x00, 0x38, 0x00, 0x70, 0x00,
    0xE0, 0x01, 0xC0, 0x00, 0x00, 0x70, 0x3B, 0xC3, 0x8E, 0x3C, 0x39, 0xC1, 0xDC, 0x07, 0xE0, 0x1E,
    0x00, 0xF0, 0x0F, 0x80, 0xFE, 0x07, 0x78, 0x71, 0xC7, 0x87, 0x38, 0x3C, 0x60, 0x73, 0x81, 0xCE,
    0x07, 0x38, 0x1C, 0xE0, 0x73, 0x81, 0xCE, 0x07, 0x38, 0x1C, 0xE0, 0x73, 0x81, 0xCE, 0x07, 0x38,
    0x1C, 0xFF, 0xFF, 0xFF, 0xF0, 0x01, 0xC0, 0x07, 0x00, 0x1C, 0x00, 0x70, 0x60, 0x7E, 0x07, 0xE0,
    0x7E, 0x07, 0xE0, 0x76, 0x07, 0x70, 0x77, 0xFF, 0x3F, 0xF1, 0xFF, 0x00, 0x70, 0x07, 0x00, 0x70,
    0x07, 0x60, 0xC1, 0xF8, 0x38, 0x7E, 0x0E, 0x1F, 0x83, 0x87, 0xE0, 0xE1, 0xF8, 0x38, 0x7E, 0x0E,
    0x1F, 0x83, 0x87, 0xE0, 0xE1, 0xF8, 0x38, 0x7E, 0x0E, 0x1F, 0x83, 0x87, 0xFF, 0xFF, 0xFF, 0xFF,
    0xF0, 0x60, 0xC1, 0xCE, 0x0E, 0x1C, 0xE0, 0xE1, 0xCE, 0x0E, 0x1C, 0xE0, 0xE1, 0xCE, 0x0E, 0x1C,
    0xE0, 0xE1, 0xCE, 0x0E, 0x1C, 0xE0, 0xE1, 0xCE, 0x0E, 0x1C, 0xE0, 0xE1, 0xCE, 0x0E, 0x1C, 0xFF,
    0xFF, 0xFF, 0xFF, 0xFF, 0x00, 0x00, 0x70, 0x00, 0x07, 0x00, 0x00, 0x70, 0x00, 0x07, 0xFC, 0x01,
    0xFC, 0x03, 0xF8, 0x00, 0x70, 0x00, 0xE0, 0x01, 0xFF, 0x03, 0xFF, 0x07, 0xFF, 0x0E, 0x0E, 0x1C,
    0x1C, 0x38, 0x38, 0x70, 0xF0, 0xFF, 0xC1, 0xFF, 0x00, 0x60, 0x07, 0xE0, 0x07, 0xE0, 0x07, 0xE0,
    0x07, 0xE0, 0x07, 0xFF, 0x87, 0xFF, 0xE7, 0xFF, 0xE7, 0xE0, 0x77, 0xE0, 0x77, 0xE0, 0x77, 0xE1,
    0xF7, 0xFF, 0xE7, 0xFF, 0xC7, 0x60, 0x0E, 0x00, 0xE0, 0x0E, 0x00, 0xE0, 0x0F, 0xF8, 0xFF, 0xEF,
    0xFE, 0xE0, 0x7E, 0x07, 0xE0, 0x7E, 0x1F, 0xFF, 0xEF, 0xFC, 0x1F, 0x07, 0xFC, 0x7F, 0xEE, 0x0E,
    0xE0, 0x70, 0x07, 0x1F, 0xF1, 0xFF, 0x0F, 0xF0, 0x07, 0xE0, 0xFF, 0x1E, 0x7F, 0xC3, 0xF8, 0x0E,
    0x00, 0x60, 0x3E, 0x1C, 0x1F, 0xF3, 0x87, 0xFE, 0x70, 0xE0, 0xEE, 0x38, 0x1D, 0xC7, 0x01, 0xFF,
    0xE0, 0x3F, 0xFC, 0x07, 0xFF, 0x80, 0xFC, 0x70, 0x1F, 0x8F, 0x07, 0x70, 0xF1, 0xEE, 0x0F, 0xF9,
    0xC0, 0xFE, 0x00, 0x07, 0x00, 0x0F, 0xF3, 0xFF, 0x7F, 0xF7, 0x07, 0x70, 0x77, 0x07, 0x78, 0x73,
    0xFF, 0x1F, 0xF1, 0xC7, 0x3C, 0x73, 0x87, 0x70, 0x7F, 0x07, 0x1C, 0x00, 0xE0, 0x03, 0x80, 0x0C,
    0x00, 0x00, 0x07, 0xC0, 0xFF, 0x0F, 0xFC, 0x70, 0x77, 0x03, 0xB8, 0x0D, 0xFF, 0xFF, 0xFF, 0xF0,
    0x03, 0x80, 0x1C, 0x0E, 0x78, 0xF1, 0xFF, 0x07, 0xF0, 0x0E, 0x00, 0x38, 0xC1, 0xCF, 0x0E, 0x70,
    0x21, 0x00, 0x00, 0x07, 0xC0, 0xFF, 0x0F, 0xFC, 0x70, 0x77, 0x03, 0xB8, 0x0D, 0xFF, 0xFF, 0xFF,
    0xF0, 0x03, 0x80, 0x1C, 0x0E, 0x78, 0xF1, 0xFF, 0x07, 0xF0, 0x0E, 0x00, 0x30, 0x03, 0x80, 0x3F,
    0xC1, 0xFE, 0x07, 0x00, 0x39, 0xE1, 0xFF, 0xCF, 0xFE, 0x78, 0x7B, 0xC1, 0xDC, 0x0E, 0xE0, 0x77,
    0x03, 0xB8, 0x1D, 0xC0, 0xEE, 0x07, 0x70, 0x3B, 0x81, 0xDC, 0x0E, 0x00, 0x70, 0x03, 0x80, 0x1C,
    0x03, 0xE0, 0x1E, 0x00, 0xC0, 0x07, 0x01, 0xC0, 0xE0, 0x30, 0x00, 0x1F, 0xFF, 0xFF, 0xFF, 0xE0,
    0x38, 0x0E, 0x03, 0x80, 0xE0, 0x38, 0x0E, 0x03, 0x80, 0xE0, 0x38, 0x0E, 0x00, 0x0F, 0x83, 0xFE,
    0x7F, 0xE7, 0x07, 0xE0, 0x7E, 0x00, 0xFF, 0x8F, 0xF8, 0xFF, 0x0E, 0x00, 0xF0, 0x77, 0x8F, 0x3F,
    0xE1, 0xFC, 0x07, 0x00, 0x1F, 0x0F, 0xF9, 0xFF, 0x70, 0x7E, 0x01, 0xE0, 0x1F, 0xC1, 0xFE, 0x07,
    0xE0, 0x1F, 0x83, 0xF8, 0xF7, 0xFC, 0x7F, 0x03, 0x80, 0x6F, 0xF4, 0x06, 0xEE, 0xEE, 0xEE, 0xEE,
    0xEE, 0xEE, 0xE0, 0x73, 0xB9, 0xDC, 0xE4, 0x20, 0x00, 0x60, 0x70, 0x38, 0x1C, 0x0E, 0x07, 0x03,
    0x81, 0xC0, 0xE0, 0x70, 0x38, 0x1C, 0x0E, 0x07, 0x00, 0x18, 0xF3, 0xC4, 0x00, 0x63, 0x8E, 0x38,
    0xE3, 0x8E, 0x38, 0xE3, 0x8E, 0x38, 0xE3, 0x8E, 0x38, 0xEF, 0xBC, 0x00, 0x1F, 0xF8, 0x00, 0x7F,
    0xF0, 0x01, 0xFF, 0xC0, 0x07, 0x0F, 0x00, 0x1C, 0x3C, 0x00, 0x70, 0xFF, 0xC1, 0xC3, 0xFF, 0x87,
    0x0F, 0xFF, 0x1C, 0x3C, 0x1C, 0x70, 0xF0, 0x73, 0x83, 0xC1, 0xCE, 0x0F, 0x0F, 0xF8, 0x3F, 0xFB,
    0xC0, 0xFF, 0xC0, 0x60, 0x70, 0x07, 0x03, 0x80, 0x38, 0x1C, 0x01, 0xC0, 0xE0, 0x0E, 0x07, 0x00,
    0x70, 0x38, 0x03, 0xFF, 0xFF, 0x1F, 0xFF, 0xFE, 0xF0, 0x70, 0xF7, 0x03, 0x83, 0xB8, 0x1C, 0x1D,
    0xC0, 0xE1, 0xEE, 0x07, 0xFF, 0x70, 0x3F, 0xF0, 0x30, 0x03, 0x80, 0x3F, 0xC1, 0xFE, 0x07, 0x00,
    0x39, 0xE1, 0xFF, 0xCF, 0xFE, 0x78, 0x7B, 0xC1, 0xDC, 0x0E, 0xE0, 0x77, 0x03, 0xB8, 0x1D, 0xC0,
    0xEE, 0x07, 0x70, 0x3B, 0x81, 0xDC, 0x0E, 0x03, 0x80, 0x38, 0x01, 0xC0, 0x0C, 0x00, 0x00, 0x30,
    0x3B, 0x83, 0xDC, 0x3C, 0xE3, 0xC7, 0x3C, 0x39, 0xC1, 0xFC, 0x0F, 0xE0, 0x7F, 0x83, 0x9E, 0x1C,
    0x78, 0xE1, 0xE7, 0x07, 0x38, 0x3C, 0x1C, 0x00, 0xE0, 0x0E, 0x00, 0x60, 0x00, 0x06, 0x07, 0xE0,
    0x7E, 0x0F, 0xE1, 0xFE, 0x1F, 0xE3, 0xFE, 0x77, 0xE7, 0x7E, 0xE7, 0xFC, 0x7F, 0xC7, 0xF8, 0x7F,
    0x07, 0xF0, 0x70, 0x18, 0xE0, 0x73, 0x80, 0xFC, 0x01, 0xE0, 0x00, 0x03, 0x80, 0xE7, 0x03, 0x9C,
    0x0E, 0x70, 0x70, 0xE1, 0xC3, 0x87, 0x0F, 0x38, 0x1C, 0xE0, 0x73, 0x00, 0xFC, 0x03, 0xF0, 0x0F,
    0x80, 0x1E, 0x00, 0x78, 0x01, 0xC0, 0x07, 0x00, 0x38, 0x03, 0xE0, 0x1F, 0x00, 0x30, 0x00, 0x60,
    0x7E, 0x07, 0xE0, 0x7E, 0x07, 0xE0, 0x7E, 0x07, 0xE0, 0x7E, 0x07, 0xE0, 0x7E, 0x07, 0xE0, 0x7E,
    0x07, 0xFF, 0xFF, 0xFF, 0x07, 0x00, 0x70, 0x07, 0x00, 0x70, 0xC0, 0xC0, 0xDC, 0x1C, 0x3B, 0x83,
    0x87, 0x70, 0x70, 0xEE, 0x0E, 0x1D, 0xC1, 0xC3, 0xB8, 0x38, 0x77, 0x07, 0x0E, 0xE0, 0xE1, 0xDC,
    0x1C, 0x3B, 0x83, 0x87, 0x70, 0x70, 0xEE, 0x0E, 0x1D, 0xC1, 0xC3, 0xB8, 0x38, 0x77, 0x0F, 0x0E,
    0xF3, 0xF3, 0xCF, 0xFF, 0xF0, 0xFE, 0xFC, 0x06, 0x06, 0x00, 0x60, 0xC1, 0xB8, 0x30, 0x6E, 0x0C,
    0x1B, 0x83, 0x06, 0xE0, 0xC1, 0xB8, 0x30, 0x6E, 0x0C, 0x1B, 0x83, 0x06, 0xE0, 0xC1, 0xB8, 0x30,
    0x67, 0x1E, 0x39, 0xC7, 0x8E, 0x7F, 0xFF, 0x8F, 0xCF, 0xC0, 0xC0, 0xC0, 0x18, 0x00, 0x1C, 0x00,
    0x1C, 0x00, 0x1C, 0x00, 0xFF, 0xE0, 0xFF, 0xC0, 0x1C, 0x00, 0x1C, 0x00, 0x1F, 0xFC, 0x1F, 0xFE,
    0x1C, 0x1F, 0x1C, 0x07, 0x1C, 0x07, 0x1C, 0x07, 0x1C, 0x07, 0x1C, 0x07, 0x1C, 0x1F, 0x1F, 0xFE,
    0x1F, 0xF8, 0x18, 0x00, 0x38, 0x00, 0x70, 0x00, 0xE0, 0x01, 0xC0, 0x1F, 0xF8, 0x3F, 0xF0, 0x7F,
    0xE0, 0x1C, 0x00, 0x38, 0x00, 0x7F, 0xC0, 0xFF, 0xC1, 0xFF, 0xC3, 0x83, 0x87, 0x07, 0x0E, 0x0E,
    0x1C, 0x3C, 0x3F, 0xF0, 0x7F, 0xC0, 0xC0, 0x1E, 0x07, 0x03, 0xFE, 0x38, 0x7F, 0xF9, 0xC3, 0xC3,
    0xEE, 0x38, 0x07, 0x73, 0xC0, 0x3F, 0x9C, 0x00, 0xFC, 0xE0, 0x00, 0xFF, 0xFC, 0x07, 0xFF, 0xF0,
    0x3F, 0xFF, 0x81, 0xCE, 0x00, 0x0E, 0x70, 0x00, 0x73, 0x80, 0x1F, 0x8E, 0x01, 0xDC, 0x78, 0x1E,
    0xE1, 0xE1, 0xE7, 0x07, 0xFF, 0x38, 0x1F, 0xE0, 0x00, 0x1C, 0x00, 0x60, 0x7C, 0x38, 0x3F, 0xCE,
    0x1F, 0xFB, 0x8F, 0x0E, 0xE3, 0x81, 0xB9, 0xC0, 0x0F, 0xFF, 0xC3, 0xFF, 0xF0, 0xFF, 0xF8, 0x39,
    0xE0, 0x0E, 0x38, 0x3B, 0x8F, 0x0E, 0xE1, 0xFF, 0x38, 0x3F, 0x80, 0x03, 0x80, 0x01, 0xC0, 0x00,
    0xE0, 0x00, 0xF8, 0x00, 0x7C, 0x00, 0x77, 0x00, 0x3B, 0x80, 0x1D, 0xC0, 0x1C, 0x70, 0x0E, 0x38,
    0x07, 0x1C, 0x07, 0x07, 0x03, 0xFF, 0x81, 0xFF, 0xC1, 0xFF, 0xF0, 0xE7, 0x38, 0xF3, 0x9E, 0x71,
    0xC7, 0x38, 0xE3, 0xBC, 0x70, 0xE0, 0x03, 0x00, 0x1E, 0x00, 0x78, 0x03, 0xF0, 0x0F, 0xC0, 0x3F,
    0x81, 0xCE, 0x07, 0x38, 0x3F, 0xF0, 0xFF, 0xC3, 0xBF, 0x9C, 0xCE, 0x73, 0x3B, 0x8C, 0x70, 0xC0,
    0x0C, 0x07, 0x00, 0xF0, 0x38, 0x0F, 0x81, 0xC0, 0x7C, 0x0E, 0x03, 0xF0, 0x70, 0x3B, 0x83, 0x81,
    0xDC, 0x1C, 0x0E, 0x70, 0xE0, 0xE3, 0x87, 0x07, 0x0E, 0x38, 0x78, 0x71, 0xFF, 0xFF, 0x8F, 0xFF,
    0xFE, 0x7F, 0xFF, 0xF3, 0x8E, 0x73, 0x9C, 0x73, 0x8E, 0xE7, 0x1C, 0x77, 0x38, 0xE3, 0xF9, 0xC7,
    0x0E, 0x60, 0x38, 0x38, 0x1E, 0x0E, 0x07, 0x83, 0x81, 0xF0, 0xE0, 0xFC, 0x38, 0x3B, 0x8E, 0x1C,
    0xE3, 0xFF, 0x38, 0xFF, 0xFF, 0x3F, 0xFF, 0xCE, 0x3B, 0xBB, 0x9C, 0xEE, 0xE7, 0x3B, 0xB9, 0xCE,
    0x70, 0x3F, 0xFF, 0x87, 0xFF, 0xF0, 0x7F, 0xFC, 0x0F, 0x07, 0x80, 0xE0, 0xE0, 0x0E, 0x3C, 0x01,
    0xE7, 0x00, 0x1D, 0xC0, 0x03, 0xF8, 0x03, 0xFF, 0xE0, 0xFF, 0xFE, 0x3E, 0x73, 0xE7, 0x0E, 0x1C,
    0xE1, 0xC1, 0xFC, 0x38, 0x3F, 0x87, 0x07, 0xF0, 0xE0, 0xFE, 0x1C, 0x1F, 0xC3, 0x83, 0x80, 0x7F,
    0xFC, 0x3F, 0xFC, 0x3F, 0xF8, 0x1C, 0x78, 0x0E, 0x70, 0x0E, 0xE0, 0x0F, 0xF0, 0x3F, 0xFC, 0x7F,
    0xFE, 0xF3, 0x8E, 0xE3, 0x8E, 0xE3, 0x87, 0xE3, 0x87, 0xE3, 0x87, 0xC0, 0x7F, 0xFE, 0x70, 0x7F,
    0xFF, 0x38, 0x1F, 0xFF, 0x9C, 0x07, 0x03, 0x8E, 0x03, 0xC3, 0x87, 0x00, 0xE1, 0xC3, 0x80, 0x39,
    0xC1, 0xC0, 0x1D, 0xE0, 0xE0, 0x07, 0xE0, 0x7F, 0xFF, 0xFE, 0x3F, 0xFF, 0xFF, 0xDC, 0x3F, 0x71,
    0xEE, 0x1C, 0x38, 0x7F, 0x0E, 0x1C, 0x1F, 0x87, 0x0E, 0x0F, 0xC3, 0x87, 0x07, 0xE1, 0xC3, 0x83,
    0xF0, 0xE1, 0xC1, 0xF8, 0x70, 0xE0, 0xE0, 0x60, 0xFF, 0xFB, 0x83, 0xFF, 0xCE, 0x07, 0xFF, 0x38,
    0x1E, 0x38, 0xE0, 0x39, 0xC3, 0x80, 0x77, 0x0F, 0xFF, 0xFC, 0x3F, 0xFF, 0xFC, 0xFF, 0xFF, 0xFB,
    0x87, 0x1C, 0xFE, 0x18, 0x71, 0xF8, 0xE1, 0xC7, 0xE3, 0x87, 0x1F, 0x8E, 0x1C, 0x70, 0x30, 0xC1,
    0x9C, 0x0F, 0x80, 0xF0, 0x02, 0x07, 0xC0, 0x7F, 0x87, 0xFC, 0x01, 0xE0, 0x0E, 0x00, 0xE0, 0x0E,
    0x01, 0xE1, 0xFC, 0x3F, 0x83, 0xFC, 0x01, 0xE0, 0x0E, 0x00, 0xE0, 0x0E, 0x00, 0xE0, 0x1E, 0x3F,
    0xC7, 0xF8, 0xFE, 0x0E, 0x00, 0xE0, 0x07, 0x80, 0x38, 0x01, 0x00, 0x73, 0x8F, 0xC1, 0xF0, 0x38,
    0x00, 0x3F, 0x8F, 0xFB, 0xFF, 0x01, 0xC0, 0x70, 0x1C, 0xFE, 0x3F, 0x8F, 0xF0, 0x1C, 0x07, 0x03,
    0xDF, 0xFF, 0xFB, 0x80, 0xC0, 0x38, 0x0F, 0x81, 0xE0, 0x00, 0x00, 0xC0, 0xC0, 0xF8, 0x70, 0x7E,
    0x1C, 0x1F, 0x87, 0x07, 0xE1, 0xC1, 0xF8, 0x70, 0x7E, 0x1C, 0x1F, 0x87, 0x07, 0xE1, 0xC1, 0xFC,
    0x70, 0xE7, 0x1C, 0x78, 0xFF, 0xFC, 0x1F, 0xFE, 0x01, 0xFE, 0x00, 0x1C, 0x00, 0x07, 0x00, 0x01,
    0xC0, 0x00, 0x70, 0x00, 0x1C, 0x00, 0x01, 0xC0, 0x00, 0xE0, 0x00, 0x70, 0x0C, 0x38, 0x7E, 0x1C,
    0x3F, 0x0E, 0x1F, 0x87, 0x0F, 0xC3, 0x87, 0xE1, 0xC3, 0xF0, 0xE1, 0xF8, 0x70, 0xEE, 0x38, 0x77,
    0x1C, 0x73, 0x8E, 0x38, 0xE7, 0x3C, 0x7F, 0xFC, 0x1F, 0xFC, 0x01, 0xF0, 0x00, 0x70, 0x00, 0x38,
    0x00, 0x1C, 0x00, 0x0E, 0x00, 0x00, 0x00, 0x03, 0xE0, 0x07, 0xFC, 0x07, 0xFF, 0x07, 0x83, 0xC7,
    0x80, 0xF3, 0x80, 0x3B, 0xC0, 0x1F, 0xC0, 0x07, 0xE0, 0x03, 0xFF, 0xFF, 0xFF, 0xFF, 0xFC, 0x00,
    0x7E, 0x00, 0x3B, 0x80, 0x39, 0xC0, 0x1C, 0xF0, 0x1E, 0x3E, 0x3E, 0x0F, 0xFE, 0x03, 0xFE, 0x00,
    0x38, 0x00, 0x0F, 0x81, 0xFF, 0x1F, 0xF8, 0xE0, 0xEE, 0x07, 0x70, 0x1F, 0xFD, 0xFF, 0xFF, 0xE3,
    0xFF, 0x01, 0xFC, 0x1C, 0xF1, 0xE3, 0xFE, 0x0F, 0xE0, 0x1C, 0x00, 0x60, 0x01, 0xF8, 0x01, 0xDC,
    0x01, 0xEE, 0x00, 0xE3, 0x80, 0xE1, 0xC0, 0x70, 0xE0, 0x38, 0x38, 0x38, 0x1C, 0x1C, 0x0E, 0x1E,
    0x03, 0x8E, 0x01, 0xC7, 0x00, 0xE7, 0x00, 0x3B, 0x80, 0x1D, 0xC0, 0x07, 0xC0, 0x03, 0xE0, 0x01,
    0xF0, 0x00, 0x70, 0x00, 0xE0, 0x1C, 0xE0, 0x79, 0xC1, 0xF3, 0x83, 0x83, 0x87, 0x07, 0x1C, 0x0E,
    0x38, 0x0E, 0x70, 0x1D, 0xC0, 0x1B, 0x80, 0x3F, 0x00, 0x7C, 0x00, 0x78, 0x00, 0xE0, 0x00, 0x1C,
    0xE0, 0x07, 0x70, 0x03, 0x98, 0x00, 0xEE, 0x00, 0x00, 0x03, 0x00, 0x0F, 0xC0, 0x0E, 0xE0, 0x0F,
    0x70, 0x07, 0x1C, 0x07, 0x0E, 0x03, 0x87, 0x01, 0xC1, 0xC1, 0xC0, 0xE0, 0xE0, 0x70, 0xF0, 0x1C,
    0x70, 0x0E, 0x38, 0x07, 0x38, 0x01, 0xDC, 0x00, 0xEE, 0x00, 0x3E, 0x00, 0x1F, 0x00, 0x0F, 0x80,
    0x03, 0x80, 0x73, 0x80, 0x77, 0x00, 0xE6, 0x00, 0xEE, 0x00, 0x00, 0x1C, 0x03, 0x9C, 0x0F, 0x38,
    0x3E, 0x70, 0x70, 0x70, 0xE0, 0xE3, 0x81, 0xC7, 0x01, 0xCE, 0x03, 0xB8, 0x03, 0x70, 0x07, 0xE0,
    0x0F, 0x80, 0x0F, 0x00, 0x1C, 0x00, 0x03, 0xE0, 0x00, 0x00, 0x0F, 0xF8, 0x00, 0x00, 0x1F, 0xFC,
    0x00, 0x00, 0x3C, 0x1E, 0x00, 0x00, 0x78, 0x0F, 0x00, 0x00, 0x70, 0x07, 0x38, 0x06, 0xF0, 0x07,
    0x9C, 0x0E, 0xE0, 0x03, 0x9C, 0x0E, 0xE0, 0x03, 0x9C, 0x1C, 0xE0, 0x03, 0x8E, 0x1C, 0xE0, 0x03,
    0x8E, 0x1C, 0xE0, 0x03, 0x87, 0x38, 0xE0, 0x03, 0x87, 0x38, 0x70, 0x07, 0x07, 0x38, 0x70, 0x07,
    0x03, 0xF0, 0x78, 0x0F, 0x03, 0xF0, 0x3E, 0x3E, 0x03, 0xE0, 0x1F, 0xFC, 0x01, 0xE0, 0x0F, 0xF8,
    0x01, 0xE0, 0x01, 0xC0, 0x01, 0xC0, 0x00, 0x00, 0x01, 0xC0, 0x00, 0x00, 0x03, 0x80, 0x00, 0x00,
    0x0F, 0x80, 0x00, 0x00, 0x1F, 0x00, 0x00, 0x00, 0x04, 0x00, 0x0F, 0x83, 0x80, 0xE7, 0xFC, 0x70,
    0x39, 0xFF, 0x8E, 0x07, 0x38, 0x38, 0xE0, 0xEE, 0x07, 0x1C, 0x39, 0xC0, 0x73, 0x87, 0x38, 0x0E,
    0x39, 0xC7, 0x01, 0xC7, 0x38, 0xE0, 0x38, 0xE7, 0x1C, 0x07, 0x0F, 0xC3, 0xC1, 0xC1, 0xF8, 0x3C,
    0x78, 0x1F, 0x03, 0xFE, 0x03, 0xC0, 0x3F, 0x80, 0x78, 0x01, 0xC0, 0x0E, 0x00, 0x00, 0x01, 0xC0,
    0x00, 0x00, 0x78, 0x00, 0x00, 0x3E, 0x00, 0x00, 0x07, 0x80, 0x00, 0x00, 0x40, 0x00, 0x03, 0xE0,
    0x0F, 0xF8, 0x3F, 0xFC, 0x3C, 0x3E, 0x78, 0x0E, 0x70, 0x0E, 0xE0, 0x00, 0xE0, 0x00, 0xE0, 0x00,
    0xE0, 0x00, 0xE0, 0x00, 0xE0, 0x06, 0x70, 0x0F, 0x78, 0x0F, 0x3C, 0x3F, 0x3F, 0xFF, 0x0F, 0xF7,
    0x03, 0xC7, 0x00, 0x07, 0x0F, 0x83, 0xFE, 0x7F, 0xE7, 0x07, 0xE0, 0x7E, 0x00, 0xE0, 0x0E, 0x00,
    0xE0, 0x0E, 0x00, 0xF0, 0x07, 0x80, 0x3F, 0x01, 0xF0, 0x07, 0x00, 0x70, 0x07, 0x00, 0x70, 0x07,
    0x00, 0x00, 0x38, 0x00, 0xC0, 0x87, 0x03, 0xB8, 0x0F, 0xE0, 0x1F, 0x00, 0x1F, 0x00, 0xFE, 0x43,
    0xBB, 0xDC, 0x0F, 0xE0, 0x0F, 0x80, 0x1F, 0x80, 0x7F, 0x03, 0x9C, 0x0E, 0x00, 0x70, 0x00, 0x01,
    0xFF, 0xFF, 0xFF, 0x80, 0xE0, 0x00, 0x0F, 0xDF, 0xFB, 0xE3, 0x00, 0x00, 0xEE, 0x73, 0x00, 0x77,
    0x6C, 0x00, 0x7E, 0x1F, 0xFB, 0x1F, 0x00, 0x00, 0x00, 0x3C, 0x00, 0x00, 0x3F, 0x00, 0x00, 0x19,
    0x80, 0x01, 0x80, 0x07, 0x01, 0xF0, 0x07, 0xC1, 0x98, 0x03, 0x60, 0x00, 0x00, 0x00, 0x00, 0x00,
    0x00, 0x00, 0x00, 0x00, 0x18, 0x00, 0x03, 0x1E, 0x00, 0x07, 0xD9, 0x80, 0x03, 0x70, 0x00, 0x00,
    0x00, 0x00, 0x00, 0x00, 0x00, 0x00, 0x00, 0x00, 0x00, 0x00, 0x1E, 0x00, 0x78, 0x1F, 0x80, 0x3E,
    0x0C, 0xC0, 0x13, 0x00, 0x03, 0x80, 0x00, 0x03, 0xE0, 0x00, 0x03, 0xB0, 0x00, 0x00, 0x00, 0x00,
    0x00, 0x0C, 0x00, 0x00, 0x18, 0x00, 0x00, 0x18, 0x00, 0x0C, 0x18, 0x00, 0x0E, 0x18, 0x38, 0x06,
    0x00, 0xF0, 0x07, 0x00, 0xE0, 0x02, 0x00, 0x00, 0x00, 0x00, 0x00, 0x00, 0x00, 0x00, 0xF0, 0x00,
    0x18, 0x78, 0x00, 0x1F, 0x18, 0x00, 0x0F, 0x00, 0x00, 0x00, 0x00, 0x00, 0x00, 0x00, 0x00, 0x00,
    0x02, 0x00, 0x60, 0x07, 0x00, 0x60, 0x1E, 0x08, 0x70, 0x18, 0x1C, 0x30, 0x00, 0x18, 0x30, 0x00,
    0x18, 0x00, 0x00, 0x30, 0x00, 0x00, 0x00, 0x00, 0x1C, 0x60, 0x07, 0x70, 0x03, 0xF0, 0x00, 0xF0,
    0x00, 0x00, 0x06, 0x00, 0x63, 0x80, 0x79, 0xC0, 0x7C, 0xE0, 0x3E, 0x70, 0x3F, 0x38, 0x3F, 0x9C,
    0x1D, 0xCE, 0x1E, 0xE7, 0x1E, 0x73, 0x8E, 0x39, 0xCF, 0x1C, 0xE7, 0x0E, 0x77, 0x07, 0x3F, 0x83,
    0x9F, 0x81, 0xCF, 0x80, 0xE7, 0xC0, 0x73, 0xC0, 0x3F, 0xE0, 0x1F, 0x00, 0x03, 0x80, 0x03, 0x80,
    0x01, 0xC0, 0x00, 0xE0, 0x38, 0xC0, 0x33, 0x80, 0x7E, 0x00, 0x78, 0x00, 0x00, 0x0C, 0x0E, 0x38,
    0x1C, 0x70, 0x78, 0xE1, 0xF1, 0xC3, 0xE3, 0x8F, 0xC7, 0x3B, 0x8E, 0x77, 0x1D, 0xCE, 0x3F, 0x1C,
    0x7E, 0x38, 0xF8, 0x71, 0xE0, 0xFB, 0xC1, 0xF0, 0x00, 0xE0, 0x01, 0x80, 0x07, 0x00, 0x0E, 0x00,
    0x18, 0x00, 0x1C, 0x00, 0x1C, 0x00, 0x1C, 0x00, 0xFF, 0xE0, 0xFF, 0xC0, 0x1C, 0x00, 0x1C, 0x00,
    0x1F, 0xFC, 0x1F, 0xFE, 0x1C, 0x1F, 0x1C, 0x07, 0x1C, 0x07, 0x1C, 0x07, 0x1C, 0x07, 0x1C, 0x07,
    0x1C, 0x1F, 0x1F, 0xFE, 0x1F, 0xF8, 0x1C, 0x00, 0x38, 0x00, 0x70, 0x07, 0xFE, 0x0F, 0xFC, 0x1F,
    0xF8, 0x07, 0x00, 0x0E, 0x00, 0x1F, 0xF0, 0x3F, 0xF0, 0x7F, 0xF0, 0xE0, 0xE1, 0xC1, 0xC3, 0x83,
    0x87, 0x0F, 0x0F, 0xFC, 0x1F, 0xF0, 0xFE, 0x07, 0xFE, 0x3F, 0xFD, 0xC1, 0xEE, 0x07, 0xF0, 0x1F,
    0x80, 0xFC, 0x37, 0xE3, 0xFF, 0x0F, 0xBF, 0xFD, 0xFF, 0xCF, 0xF7, 0x70, 0x3B, 0x80, 0x1C, 0x00,
    0xE0, 0x07, 0x00, 0x38, 0x00, 0x67, 0xC7, 0x7F, 0x3F, 0xFD, 0xF0, 0xEF, 0x03, 0xF8, 0x1F, 0x80,
    0xFC, 0x07, 0xE0, 0x3F, 0x85, 0xFC, 0x7F, 0xF1, 0xEF, 0xFF, 0x77, 0xFF, 0x8C, 0xDC, 0x00, 0xE0,
    0x07, 0x00, 0x38, 0x00, 0x00, 0x00, 0x00, 0x60, 0x06, 0x00, 0x6F, 0xFF, 0xFF, 0xFF, 0xFF, 0xE0,
    0x0E, 0x00, 0xE0, 0x0E, 0x00, 0xE0, 0x0E, 0x00, 0xE0, 0x0E, 0x00, 0xE0, 0x0E, 0x00, 0xE0, 0x0E,
    0x00, 0xE0, 0x0E, 0x00, 0xE0, 0x0E, 0x00, 0x01, 0xC0, 0x70, 0x1D, 0xFF, 0xFF, 0xFF, 0xFE, 0x03,
    0x80, 0xE0, 0x38, 0x0E, 0x03, 0x80, 0xE0, 0x38, 0x0E, 0x03, 0x80, 0xE0, 0x00, 0x1F, 0xFC, 0x3F,
    0xFC, 0x7F, 0xF8, 0xE0, 0x01, 0xC0, 0x03, 0x80, 0x07, 0x00, 0x0E, 0x00, 0x1C, 0x01, 0xFF, 0xC3,
    0xFF, 0x80, 0xE0, 0x01, 0xC0, 0x03, 0x80, 0x07, 0x00, 0x0E, 0x00, 0x1C, 0x00, 0x38, 0x00, 0x70,
    0x00, 0x3F, 0xEF, 0xFD, 0xFF, 0xB8, 0x07, 0x00, 0xE0, 0x3F, 0xC7, 0xF8, 0x70, 0x0E, 0x01, 0xC0,
    0x38, 0x07, 0x00, 0xE0, 0x00, 0xFF, 0xE7, 0xFF, 0xBF, 0xFD, 0xC0, 0x0E, 0x00, 0x70, 0x03, 0x80,
    0x1C, 0xE0, 0xFF, 0xC7, 0xFF, 0xBE, 0x3D, 0xE0, 0xFE, 0x03, 0xF0, 0x1F, 0x80, 0xFC, 0x07, 0xE0,
    0x7F, 0x0F, 0xB9, 0xFC, 0x0F, 0x80, 0x00, 0x00, 0x7F, 0xCF, 0xFC, 0xFF, 0xCE, 0x00, 0xE0, 0x0E,
    0x00, 0xE7, 0x0F, 0xFC, 0xFF, 0xEF, 0x0E, 0xF0, 0x6E, 0x07, 0xE0, 0x7E, 0x06, 0x00, 0xE0, 0x3E,
    0x0F, 0xC0, 0xF8, 0x70, 0x18, 0x0C, 0x3C, 0x1C, 0x0F, 0x0E, 0x0E, 0x07, 0x07, 0x87, 0x07, 0x01,
    0xC3, 0x87, 0x80, 0x71, 0xC3, 0x80, 0x3C, 0xE3, 0xC0, 0x0E, 0x71, 0xC0, 0x07, 0xBD, 0xC0, 0x01,
    0xFF, 0xE0, 0x01, 0xFF, 0xF0, 0x00, 0xE7, 0x1C, 0x00, 0xF3, 0x8F, 0x00, 0x71, 0xC3, 0x80, 0x70,
    0xE1, 0xE0, 0x78, 0x70, 0x70, 0x38, 0x38, 0x1C, 0x3C, 0x1C, 0x0F, 0xDC, 0x0E, 0x03, 0xE0, 0x00,
    0x00, 0x70, 0x00, 0x00, 0x38, 0x00, 0x00, 0x1C, 0x00, 0x00, 0x0E, 0x70, 0x60, 0xE3, 0xC3, 0x8F,
    0x0E, 0x1C, 0x70, 0x38, 0xE7, 0x00, 0xE7, 0x70, 0x07, 0xBF, 0x80, 0x1F, 0xF8, 0x00, 0xFF, 0xC0,
    0x07, 0xFE, 0x00, 0x73, 0xB8, 0x07, 0x9D, 0xE0, 0x78, 0xE7, 0x87, 0x87, 0x1F, 0xB8, 0x38, 0x7C,
    0x00, 0x00, 0xE0, 0x00, 0x07, 0x00, 0x00, 0x38, 0x00, 0x01, 0xC0, 0x07, 0x80, 0xFF, 0x0F, 0xFC,
    0xF0, 0xE7, 0x07, 0xB0, 0x1C, 0x00, 0xE0, 0x0E, 0x07, 0xF0, 0x3E, 0x01, 0xFC, 0x00, 0xF0, 0x03,
    0x80, 0x1F, 0x80, 0xFE, 0x07, 0x78, 0x7B, 0xFF, 0x87, 0xF8, 0x0E, 0x00, 0x3C, 0x01, 0xE0, 0x0F,
    0x00, 0xF8, 0x00, 0x00, 0x1F, 0x0F, 0xF3, 0xFF, 0x70, 0xE0, 0x1C, 0x07, 0x83, 0xE0, 0x7C, 0x03,
    0xC0, 0x3B, 0x87, 0x70, 0xEF, 0xFC, 0xFF, 0x03, 0x00, 0x78, 0x0F, 0x01, 0xE0, 0x7C, 0x00, 0x00,
    0xC0, 0x18, 0xE0, 0x3C, 0xE0, 0x78, 0xE0, 0xF0, 0xE0, 0xE0, 0xE1, 0xE0, 0xE3, 0xC0, 0xE7, 0x80,
    0xFF, 0x00, 0xFE, 0x00, 0xFF, 0x00, 0xE7, 0x80, 0xE3, 0xC0, 0xE1, 0xC0, 0xE1, 0xE0, 0xE0, 0xF0,
    0xE0, 0x78, 0xE0, 0x3E, 0xE0, 0x3E, 0x00, 0x0E, 0x00, 0x0E, 0x00, 0x0E, 0x00, 0x0E, 0x60, 0x77,
    0x07, 0xB8, 0x79, 0xC7, 0x8E, 0x78, 0x73, 0x83, 0xF8, 0x1F, 0xC0, 0xFF, 0x07, 0x3C, 0x38, 0xF1,
    0xC3, 0xCE, 0x0F, 0xF0, 0x7C, 0x00, 0xE0, 0x07, 0x00, 0x38, 0x01, 0xC0, 0xC0, 0x1B, 0x80, 0xFE,
    0x03, 0xB8, 0x1E, 0xE0, 0x73, 0x83, 0x8F, 0xCE, 0x3F, 0x70, 0xFF, 0xC3, 0xFE, 0x0F, 0xF8, 0x3F,
    0xF0, 0xFD, 0xE3, 0xF3, 0x8E, 0x0F, 0x38, 0x1C, 0xE0, 0x7B, 0x80, 0xEE, 0x01, 0xC0, 0x60, 0x3B,
    0x81, 0xEE, 0x07, 0x38, 0x3C, 0xEE, 0xE3, 0xBF, 0x0F, 0xF8, 0x3F, 0xE0, 0xFF, 0xC3, 0xBF, 0x8E,
    0xEE, 0x38, 0x1C, 0xE0, 0x7B, 0x80, 0xE0, 0xFE, 0x00, 0xEF, 0xF0, 0x1E, 0xFF, 0x03, 0xC0, 0x70,
    0x38, 0x07, 0x07, 0x00, 0x70, 0xF0, 0x07, 0x1E, 0x00, 0x71, 0xC0, 0x07, 0xF8, 0x00, 0x7F, 0x80,
    0x07, 0xF8, 0x00, 0x73, 0xC0, 0x07, 0x1E, 0x00, 0x70, 0xE0, 0x07, 0x07, 0x00, 0x70, 0x78, 0x07,
    0x03, 0xC0, 0x70, 0x1C, 0x07, 0x00, 0xE0, 0xFC, 0x0E, 0xFE, 0x1E, 0xFE, 0x3C, 0x0E, 0x38, 0x0E,
    0x70, 0x0E, 0xF0, 0x0F, 0xE0, 0x0F, 0xE0, 0x0F, 0xE0, 0x0E, 0x70, 0x0E, 0x78, 0x0E, 0x3C, 0x0E,
    0x1E, 0x0E, 0x0E, 0xC0, 0x0C, 0x70, 0x07, 0x38, 0x03, 0x9C, 0x01, 0xCE, 0x00, 0xE7, 0x00, 0x73,
    0x80, 0x39, 0xC0, 0x1C, 0xFF, 0xFE, 0x7F, 0xFF, 0x3F, 0xFF, 0x9C, 0x01, 0xCE, 0x00, 0xE7, 0x00,
    0x73, 0x80, 0x39, 0xC0, 0x1C, 0xE0, 0x0E, 0x70, 0x07, 0xB8, 0x03, 0xC0, 0x00, 0xE0, 0x00, 0x70,
    0x00, 0x38, 0x00, 0x1C, 0x60, 0x73, 0x81, 0xCE, 0x07, 0x38, 0x1C, 0xE0, 0x73, 0x81, 0xCF, 0xFF,
    0x3F, 0xFC, 0xE0, 0x73, 0x81, 0xCE, 0x07, 0x38, 0x1C, 0xE0, 0x7F, 0x81, 0xF0, 0x01, 0xC0, 0x07,
    0x00, 0x1C, 0x00, 0x70, 0xC0, 0x0F, 0xFB, 0x80, 0x3F, 0xFE, 0x00, 0xFF, 0xF8, 0x03, 0x80, 0xE0,
    0x0E, 0x03, 0x80, 0x38, 0x0E, 0x00, 0xE0, 0x38, 0x03, 0x80, 0xFF, 0xFE, 0x03, 0xFF, 0xF8, 0x0F,
    0xFF, 0xE0, 0x38, 0x03, 0x80, 0xE0, 0x0E, 0x03, 0x80, 0x38, 0x0E, 0x00, 0xE0, 0x38, 0x03, 0x80,
    0xE0, 0x0E, 0x03, 0x80, 0x38, 0x0E, 0x00, 0xE0, 0x00, 0x60, 0x7F, 0xE0, 0x7F, 0xE0, 0x7F, 0xE0,
    0x70, 0xE0, 0x70, 0xE0, 0x70, 0xFF, 0xF0, 0xFF, 0xF0, 0xE0, 0x70, 0xE0, 0x70, 0xE0, 0x70, 0xE0,
    0x70, 0xE0, 0x70, 0xE0, 0x70, 0xFF, 0xFC, 0x00, 0x7F, 0xFF, 0x00, 0x3F, 0xFF, 0x80, 0x1C, 0x01,
    0xC0, 0x0E, 0x00, 0xE0, 0x07, 0x00, 0x70, 0x03, 0x80, 0x38, 0x01, 0xC0, 0x1C, 0xC0, 0xE0, 0x0F,
    0xFC, 0x70, 0x07, 0xFF, 0x38, 0x03, 0xC7, 0xDC, 0x01, 0xC0, 0xEE, 0x00, 0xE0, 0x7F, 0x00, 0x70,
    0x1F, 0x80, 0x38, 0x0F, 0xC0, 0x1C, 0x0F, 0xE0, 0x0E, 0x07, 0x70, 0x07, 0x0F, 0xB8, 0x03, 0xBF,
    0x80, 0x00, 0x1F, 0x80, 0x00, 0x00, 0x00, 0x7F, 0xF0, 0x07, 0xFF, 0x80, 0x3F, 0xFC, 0x01, 0xC0,
    0xE0, 0x0E, 0x07, 0x00, 0x70, 0x38, 0x03, 0x81, 0xFE, 0x1C, 0x0F, 0xFC, 0xE0, 0x7F, 0xF7, 0x03,
    0x83, 0xF8, 0x1C, 0x0F, 0xC0, 0xE0, 0x7E, 0x07, 0x03, 0xF0, 0x38, 0x1C, 0x00, 0x01, 0xC0, 0x00,
    0x3E, 0x00, 0x01, 0xE0, 0x00, 0x0C, 0x00, 0x03, 0x80, 0x00, 0x1F, 0x00, 0x00, 0x7E, 0x00, 0x01,
    0xE0, 0x7F, 0x07, 0x83, 0xFF, 0x0E, 0x07, 0x9E, 0x3C, 0x1E, 0x0E, 0x70, 0x38, 0x1C, 0xE0, 0x70,
    0x39, 0xC0, 0xE0, 0x73, 0x81, 0xC0, 0xE7, 0x03, 0x81, 0xCE, 0x07, 0x07, 0x8E, 0x07, 0x0E, 0x1C,
    0x0F, 0x3C, 0x3C, 0x0F, 0xF0, 0x3E, 0x1F, 0xC4, 0x3F, 0xFF, 0xF8, 0x1F, 0xFF, 0xF8, 0x07, 0x03,
    0x80, 0x0E, 0x00, 0x0F, 0x80, 0x07, 0xC7, 0xC1, 0xC7, 0xF8, 0xE1, 0xEF, 0x38, 0xE1, 0xEE, 0x38,
    0x3B, 0x8E, 0x0E, 0xE3, 0x83, 0xB8, 0xF1, 0xCF, 0x1C, 0xF1, 0xE3, 0xF8, 0x3F, 0xFF, 0xC7, 0xFF,
    0xF0, 0x38, 0x70, 0x03, 0xE0, 0x0F, 0xF8, 0x1F, 0xFC, 0x3C, 0x1E, 0x78, 0x0F, 0x70, 0x07, 0xF0,
    0x07, 0xE0, 0x00, 0xE0, 0x00, 0xE0, 0x00, 0xE0, 0x00, 0xE0, 0x00, 0xE0, 0x00, 0x70, 0x07, 0x70,
    0x07, 0x78, 0x0F, 0x3E, 0x3E, 0x1F, 0xFC, 0x0F, 0xF8, 0x01, 0xC0, 0x01, 0xE0, 0x00, 0xF0, 0x01,
    0xF0, 0x01, 0xE0, 0x00, 0x00, 0x0F, 0x83, 0xFE, 0x7F, 0xE7, 0x07, 0xE0, 0x7E, 0x00, 0xE0, 0x0E,
    0x00, 0xE0, 0x0E, 0x00, 0xF0, 0x77, 0x8F, 0x3F, 0xE1, 0xFC, 0x07, 0x00, 0x78, 0x07, 0xC0, 0x7C,
    0x07, 0x80, 0x00, 0xFF, 0xFF, 0xFF, 0xFF, 0xFF, 0xC1, 0xE0, 0x07, 0x80, 0x1E, 0x00, 0x78, 0x01,
    0xE0, 0x07, 0x80, 0x1E, 0x00, 0x78, 0x01, 0xE0, 0x07, 0x80, 0x1E, 0x00, 0x78, 0x01, 0xE0, 0x07,
    0x80, 0x1F, 0x00, 0x7C, 0x00, 0x70, 0x01, 0xC0, 0x07, 0x00, 0x1C, 0x00, 0xFF, 0xFF, 0xFF, 0xFF,
    0xF0, 0xE0, 0x0E, 0x00, 0xE0, 0x0E, 0x00, 0xE0, 0x0E, 0x00, 0xE0, 0x0E, 0x00, 0xE0, 0x0F, 0x80,
    0xF8, 0x03, 0x80, 0x38, 0x03, 0x80, 0x38, 0x60, 0x03, 0x38, 0x03, 0x9E, 0x03, 0xC7, 0x01, 0xC3,
    0xC1, 0xC0, 0xE1, 0xE0, 0x38, 0xE0, 0x1E, 0xE0, 0x07, 0x70, 0x01, 0xF0, 0x00, 0xF8, 0x00, 0x38,
    0x00, 0x1C, 0x00, 0x0E, 0x00, 0x07, 0x00, 0x03, 0x80, 0x01, 0xC0, 0x00, 0xE0, 0x00, 0x70, 0x00,
    0xE0, 0x39, 0xC0, 0xE7, 0x03, 0x9C, 0x1C, 0x38, 0x70, 0xE1, 0xC3, 0xCE, 0x07, 0x38, 0x1C, 0xE0,
    0x3F, 0x00, 0xFC, 0x03, 0xE0, 0x07, 0x80, 0x1E, 0x00, 0x70, 0x01, 0xC0, 0x07, 0x00, 0x1C, 0x00,
    0x70, 0x00, 0x00, 0x60, 0x03, 0x38, 0x03, 0x9E, 0x03, 0xC7, 0x01, 0xC3, 0xC1, 0xC0, 0xE1, 0xE0,
    0x38, 0xE0, 0x1E, 0xE0, 0x07, 0x70, 0x01, 0xF0, 0x00, 0xF8, 0x00, 0x38, 0x00, 0x1C, 0x00, 0xFF,
    0xE0, 0x7F, 0xF0, 0x03, 0x80, 0x01, 0xC0, 0x00, 0xE0, 0x00, 0x70, 0x00, 0xE0, 0x39, 0xC0, 0xE7,
    0x03, 0x9C, 0x1C, 0x38, 0x70, 0xE1, 0xC3, 0xCE, 0x07, 0x38, 0x1C, 0xE0, 0x3F, 0x00, 0xFC, 0x03,
    0xE0, 0x07, 0x80, 0x1E, 0x01, 0xFE, 0x07, 0xF8, 0x07, 0x00, 0x1C, 0x00, 0x70, 0x00, 0x00, 0x70,
    0x07, 0x1E, 0x03, 0xC3, 0x80, 0xE0, 0xF0, 0x70, 0x1E, 0x3C, 0x03, 0x8E, 0x00, 0xF7, 0x00, 0x1F,
    0xC0, 0x03, 0xE0, 0x00, 0x70, 0x00, 0x3E, 0x00, 0x1F, 0xC0, 0x07, 0x70, 0x03, 0x9E, 0x01, 0xE3,
    0xC0, 0x70, 0x70, 0x38, 0x1E, 0x1E, 0x03, 0xF7, 0x00, 0x7C, 0x00, 0x07, 0x00, 0x01, 0xC0, 0x00,
    0x70, 0x00, 0x1C, 0x70, 0x39, 0xE1, 0xC3, 0x8F, 0x07, 0x38, 0x1D, 0xC0, 0x3F, 0x00, 0x78, 0x01,
    0xE0, 0x0F, 0x80, 0x7F, 0x01, 0xDE, 0x0E, 0x38, 0x78, 0x7D, 0xC1, 0xF0, 0x01, 0xC0, 0x07, 0x00,
    0x1C, 0x00, 0x70, 0xFF, 0xFC, 0x63, 0xFF, 0xF1, 0xCF, 0xFF, 0xC7, 0x01, 0xC0, 0x1C, 0x07, 0x00,
    0x70, 0x1C, 0x01, 0xC0, 0x70, 0x07, 0x01, 0xC0, 0x1C, 0x07, 0x00, 0x70, 0x1C, 0x01, 0xC0, 0x70,
    0x07, 0x01, 0xC0, 0x1C, 0x07, 0x00, 0x70, 0x1C, 0x01, 0xC0, 0x70, 0x07, 0x01, 0xC0, 0x1C, 0x07,
    0x00, 0x70, 0x1F, 0xFF, 0xF0, 0x7F, 0xFF, 0xC0, 0x00, 0x07, 0x00, 0x00, 0x1C, 0x00, 0x00, 0x70,
    0x00, 0x01, 0xC0, 0xFF, 0x8E, 0x7F, 0xC7, 0x3F, 0xE3, 0x83, 0x81, 0xC1, 0xC0, 0xE0, 0xE0, 0x70,
    0x70, 0x38, 0x38, 0x1C, 0x1C, 0x0E, 0x0E, 0x07, 0x07, 0x03, 0x83, 0x81, 0xC1, 0xFF, 0xF0, 0xFF,
    0xF8, 0x00, 0x1C, 0x00, 0x0E, 0x00, 0x07, 0x00, 0x03, 0x80, 0x60, 0x0C, 0xF0, 0x0E, 0xF0, 0x0E,
    0xF0, 0x0E, 0xF0, 0x0E, 0xF0, 0x0E, 0xF0, 0x0E, 0x70, 0x0E, 0x70, 0x1E, 0x78, 0x7E, 0x3F, 0xFE,
    0x1F, 0xFE, 0x03, 0x0E, 0x00, 0x0E, 0x00, 0x0E, 0x00, 0x0E, 0x00, 0x0E, 0x00, 0x0F, 0x00, 0x0F,
    0x00, 0x07, 0x00, 0x07, 0x00, 0x07, 0x00, 0x07, 0x60, 0x73, 0x81, 0xCE, 0x07, 0x38, 0x1C, 0xE0,
    0x71, 0x81, 0xC7, 0x07, 0x1F, 0xFC, 0x3F, 0xF0, 0x7F, 0xC0, 0x07, 0x00, 0x1C, 0x00, 0x7C, 0x01,
    0xF0, 0x01, 0xC0, 0x07, 0x00, 0x1C, 0x00, 0x70, 0x60, 0x0D, 0xE0, 0x1F, 0xC0, 0x3F, 0x80, 0x7F,
    0x00, 0xFE, 0x01, 0xFC, 0x03, 0xB9, 0xC7, 0x73, 0x9E, 0xF7, 0xFC, 0xFF, 0xF8, 0xFF, 0xF0, 0x38,
    0xE0, 0x71, 0xC0, 0xE3, 0x80, 0x07, 0x00, 0x0E, 0x00, 0x1C, 0x00, 0x38, 0x60, 0x7E, 0x07, 0xE0,
    0x7E, 0x07, 0xE0, 0x76, 0x77, 0x77, 0x77, 0xFF, 0x3F, 0xF1, 0xFF, 0x07, 0x70, 0x77, 0x06, 0x70,
    0x07, 0xC0, 0x03, 0x80, 0x0E, 0x00, 0x38, 0x00, 0xE0, 0x03, 0x80, 0x0E, 0x00, 0x39, 0xF0, 0xFF,
    0xF3, 0xFF, 0xEF, 0x07, 0xB8, 0x0F, 0xE0, 0x1F, 0x80, 0x7E, 0x01, 0xF8, 0x07, 0xE0, 0x1F, 0x80,
    0x7E, 0x01, 0xC0, 0x60, 0x0E, 0x00, 0xE0, 0x0E, 0x00, 0xE0, 0x0E, 0x78, 0xFF, 0xEF, 0xFE, 0xF0,
    0xFF, 0x07, 0xE0, 0x7E, 0x07, 0xE0, 0x7E, 0x07, 0xE0, 0x7E, 0x07, 0xE0, 0x7E, 0x07, 0xE0, 0x70,
    0x00, 0x3C, 0x00, 0x1F, 0xF0, 0x03, 0xFF, 0xC0, 0x7C, 0x3C, 0x07, 0x01, 0xE0, 0xE0, 0x0E, 0xEE,
    0x00, 0xFE, 0xE0, 0x07, 0xFE, 0x00, 0x7F, 0xFF, 0xFF, 0x7F, 0xFF, 0xF1, 0xE0, 0x00, 0x0E, 0x00,
    0x00, 0xE0, 0x07, 0x0F, 0x00, 0xE0, 0x70, 0x1E, 0x07, 0xC3, 0xC0, 0x3F, 0xF8, 0x00, 0xFF, 0x00,
    0x03, 0x80, 0x00, 0xF8, 0x01, 0xFF, 0x00, 0xFF, 0xD8, 0xE0, 0xEE, 0x70, 0x3F, 0x70, 0x1D, 0xFF,
    0xFE, 0x7F, 0xFF, 0x0E, 0x00, 0x07, 0x00, 0x01, 0xC0, 0xC0, 0xF0, 0xE0, 0x3F, 0xF0, 0x0F, 0xF0,
    0x01, 0xC0, 0x00, 0x3C, 0x00, 0x1F, 0xF0, 0x03, 0xFF, 0xC0, 0x7C, 0x3C, 0x07, 0x01, 0xE0, 0xE0,
    0x0E, 0xEE, 0x00, 0xFE, 0xE0, 0x07, 0xFE, 0x00, 0x7F, 0xFF, 0xFF, 0x7F, 0xFF, 0xF1, 0xE0, 0x00,
    0x0E, 0x00, 0x00, 0xE0, 0x07, 0x0F, 0x00, 0xE0, 0x70, 0x1E, 0x07, 0xC3, 0xC0, 0x3F, 0xF8, 0x00,
    0xFF, 0x00, 0x03, 0x80, 0x00, 0x38, 0x00, 0x03, 0x80, 0x00, 0x38, 0x00, 0x00, 0xF8, 0x01, 0xFF,
    0x00, 0xFF, 0xD8, 0xE0, 0xEE, 0x70, 0x3F, 0x70, 0x1D, 0xFF, 0xFE, 0x7F, 0xFF, 0x0E, 0x00, 0x07,
    0x00, 0x01, 0xC0, 0xC0, 0xF0, 0xE0, 0x3F, 0xF0, 0x0F, 0xF0, 0x01, 0xC0, 0x00, 0xF0, 0x00, 0x3C,
    0x00, 0x3E, 0x00, 0x1E, 0x00, 0x00, 0x00, 0xDF, 0xFF, 0xFF, 0xFF, 0xFF, 0xFF, 0xFF, 0x80, 0x00,
    0xC7, 0x00, 0x00, 0xE7, 0x00, 0x00, 0x7E, 0x00, 0x00, 0x3C, 0x00, 0x00, 0x00, 0x00, 0x70, 0x18,
    0x0C, 0x78, 0x38, 0x1E, 0x38, 0x38, 0x1C, 0x3C, 0x38, 0x38, 0x1C, 0x38, 0x78, 0x0E, 0x38, 0x70,
    0x0F, 0x38, 0xF0, 0x07, 0x38, 0xE0, 0x07, 0xBD, 0xC0, 0x03, 0xFF, 0xC0, 0x07, 0xFF, 0xC0, 0x07,
    0x38, 0xE0, 0x0F, 0x38, 0xF0, 0x0E, 0x38, 0x70, 0x1C, 0x38, 0x78, 0x3C, 0x38, 0x38, 0x38, 0x38,
    0x1C, 0x78, 0x38, 0x1E, 0x70, 0x38, 0x0E, 0x03, 0x8C, 0x00, 0x39, 0xC0, 0x01, 0xF8, 0x00, 0x0F,
    0x00, 0x00, 0x00, 0x07, 0x06, 0x0E, 0x78, 0x71, 0xE3, 0x87, 0x1C, 0x1C, 0x73, 0x80, 0xE7, 0x70,
    0x0F, 0x7F, 0x00, 0x7F, 0xE0, 0x07, 0xFE, 0x00, 0x7F, 0xE0, 0x0E, 0x77, 0x01, 0xE7, 0x78, 0x3C,
    0x73, 0xC7, 0x87, 0x1E, 0x70, 0x70, 0xE0, 0xC0, 0x1B, 0x80, 0xEE, 0x07, 0xB8, 0x3C, 0xE1, 0xE3,
    0x87, 0x0E, 0x38, 0x39, 0xE0, 0xFF, 0x03, 0xFF, 0x0F, 0xFF, 0x38, 0x3C, 0xE0, 0x3B, 0x80, 0xEE,
    0x01, 0xF8, 0x07, 0xE0, 0x1F, 0x80, 0xFE, 0x03, 0x80, 0x1E, 0x01, 0xF0, 0x07, 0xC0, 0x1C, 0x00,
    0x60, 0x77, 0x07, 0xB8, 0x79, 0xC7, 0x8E, 0x78, 0x73, 0x83, 0xFE, 0x1F, 0xFC, 0xFF, 0xF7, 0x03,
    0xB8, 0x1D, 0xC0, 0x7E, 0x03, 0xF0, 0x38, 0x03, 0xC0, 0x3C, 0x01, 0xC0, 0x00, 0x00, 0x0F, 0xFE,
    0x03, 0xFF, 0xC0, 0xFF, 0xF0, 0x38, 0x1C, 0x1C, 0x07, 0x07, 0x01, 0xC1, 0xC0, 0x70, 0x70, 0x1C,
    0x1C, 0x07, 0x07, 0x01, 0xC1, 0xC0, 0x70, 0x70, 0x1C, 0x1C, 0x07, 0x07, 0x01, 0xC1, 0xC0, 0x70,
    0xE0, 0x1C, 0x78, 0x07, 0x3E, 0x01, 0xFF, 0x00, 0x7C, 0x00, 0x0E, 0x00, 0x03, 0x80, 0x00, 0xE0,
    0x00, 0x30, 0x1F, 0xF8, 0x3F, 0xF0, 0x7F, 0xE0, 0xE1, 0xC1, 0xC3, 0x83, 0x87, 0x07, 0x0E, 0x0C,
    0x1C, 0x38, 0x38, 0x70, 0x70, 0xE0, 0xE3, 0xC1, 0xCF, 0x03, 0xFE, 0x07, 0xC0, 0x03, 0x00, 0x0E,
    0x00, 0x1C, 0x00, 0x38, 0xC0, 0x0D, 0xC0, 0x1F, 0x80, 0x3F, 0x00, 0x7E, 0x00, 0xFC, 0x01, 0xF8,
    0x03, 0xF0, 0x07, 0xFF, 0xFF, 0xFF, 0xFF, 0xFF, 0xFF, 0x00, 0x7E, 0x00, 0xFC, 0x01, 0xF8, 0x03,
    0xF0, 0x07, 0xE0, 0x0F, 0xC0, 0x1F, 0x80, 0x38, 0x00, 0x70, 0x00, 0xE0, 0x03, 0xC0, 0x1F, 0x00,
    0x3E, 0x00, 0x30, 0x60, 0x7E, 0x07, 0xE0, 0x7E, 0x07, 0xE0, 0x7E, 0x07, 0xFF, 0xFF, 0xFF, 0xE0,
    0x7E, 0x07, 0xE0, 0x7E, 0x07, 0xE0, 0x7E, 0x07, 0x00, 0x70, 0x07, 0x00, 0x70, 0x1F, 0x03, 0xE0,
    0x18, 0xC0, 0x0C, 0x70, 0x07, 0x38, 0x03, 0x9C, 0x01, 0xCE, 0x00, 0xE7, 0x00, 0x73, 0x80, 0x39,
    0xC0, 0x1C, 0xFF, 0xFE, 0x7F, 0xFF, 0x3F, 0xFF, 0x9C, 0x01, 0xCE, 0x00, 0xE7, 0x00, 0x73, 0x80,
    0x39, 0xC0, 0x1C, 0xE0, 0x0E, 0x70, 0x07, 0xF8, 0x03, 0xE0, 0x00, 0xE0, 0x00, 0x70, 0x00, 0x38,
    0x00, 0x38, 0x60, 0x71, 0xC0, 0xE3, 0x81, 0xC7, 0x03, 0x8E, 0x07, 0x1C, 0x0E, 0x3F, 0xFC, 0x7F,
    0xF8, 0xE0, 0x71, 0xC0, 0xE3, 0x81, 0xC7, 0x03, 0x8E, 0x07, 0xDC, 0x0F, 0x80, 0x07, 0x00, 0x1C,
    0x00, 0x38, 0x00, 0x70, 0x60, 0x0C, 0xF0, 0x0E, 0xF0, 0x0E, 0xF0, 0x0E, 0xF0, 0x0E, 0xF0, 0x0E,
    0xF0, 0x0E, 0x70, 0x0E, 0x70, 0x1E, 0x78, 0x7E, 0x3F, 0xFE, 0x1F, 0xFE, 0x03, 0x0E, 0x00, 0x0E,
    0x00, 0x0E, 0x00, 0x0E, 0x00, 0x0E, 0x00, 0x0F, 0x00, 0x0F, 0x00, 0x07, 0x00, 0x07, 0x00, 0x07,
    0x00, 0x07, 0x60, 0x73, 0x81, 0xCE, 0x07, 0x38, 0x1C, 0xE0, 0x71, 0x81, 0xC7, 0x07, 0x1F, 0xFC,
    0x3F, 0xF0, 0x7F, 0xC0, 0x07, 0x00, 0x1C, 0x00, 0x7C, 0x01, 0xF0, 0x01, 0xC0, 0x07, 0x00, 0x1C,
    0x00, 0x70, 0xE0, 0x01, 0xC7, 0x80, 0x1F, 0x3C, 0x00, 0xF9, 0xF0, 0x07, 0xCF, 0x80, 0x7E, 0x7E,
    0x03, 0xF3, 0xF0, 0x3B, 0x9F, 0x81, 0xDC, 0xEE, 0x0E, 0xE7, 0x70, 0xE7, 0x3B, 0xC7, 0x39, 0xCE,
    0x71, 0xCE, 0x73, 0x8E, 0x71, 0xDC, 0x73, 0x8F, 0xC3, 0x9C, 0x7E, 0x1C, 0xE1, 0xF0, 0xE7, 0x0F,
    0x07, 0xF8, 0x38, 0x3C, 0x00, 0x00, 0xE0, 0x00, 0x07, 0x00, 0x00, 0x38, 0x00, 0x03, 0x80, 0x70,
    0x07, 0x1F, 0x01, 0xF3, 0xE0, 0x3E, 0x7E, 0x0F, 0xCF, 0xC1, 0xF9, 0xDC, 0x77, 0x3B, 0x8E, 0xE7,
    0x71, 0xDC, 0xE7, 0x73, 0x9C, 0xEE, 0x73, 0x8F, 0x8E, 0x71, 0xF1, 0xCE, 0x1C, 0x3F, 0xC3, 0x87,
    0x80, 0x00, 0x70, 0x00, 0x0E, 0x00, 0x01, 0xC0, 0x00, 0x70, 0x6E, 0xEE, 0xEE, 0xEE, 0xEE, 0xEE,
    0xEE, 0xEE, 0xEE, 0xE0, 0x06, 0x30, 0x03, 0xB8, 0x01, 0xFC, 0x00, 0x38, 0x00, 0x00, 0x00, 0x0E,
    0x00, 0x07, 0x00, 0x07, 0xC0, 0x03, 0xE0, 0x03, 0xB8, 0x01, 0xDC, 0x00, 0xEE, 0x00, 0xE3, 0x80,
    0x71, 0xC0, 0x38, 0xE0, 0x38, 0x38, 0x1C, 0x1C, 0x0F, 0xFE, 0x0F, 0xFF, 0x87, 0x01, 0xC7, 0x80,
    0xF3, 0x80, 0x39, 0xC0, 0x1D, 0xE0, 0x07, 0x31, 0xC7, 0x30, 0x7E, 0x07, 0x80, 0x00, 0x3F, 0x1F,
    0xF3, 0xFF, 0xE0, 0xE4, 0x1C, 0x03, 0x9F, 0xF7, 0xFF, 0xF1, 0xF8, 0x3F, 0x07, 0xE1, 0xFF, 0xFD,
    0xFF, 0x8E, 0x00, 0x06, 0x30, 0x07, 0xBC, 0x03, 0xDE, 0x00, 0x82, 0x00, 0x00, 0x00, 0x0E, 0x00,
    0x07, 0x00, 0x07, 0xC0, 0x03, 0xE0, 0x03, 0xB8, 0x01, 0xDC, 0x00, 0xEE, 0x00, 0xE3, 0x80, 0x71,
    0xC0, 0x38, 0xE0, 0x38, 0x38, 0x1C, 0x1C, 0x0F, 0xFE, 0x0F, 0xFF, 0x87, 0x01, 0xC7, 0x80, 0xF3,
    0x80, 0x39, 0xC0, 0x1D, 0xE0, 0x07, 0x31, 0xCF, 0x38, 0xE7, 0x08, 0x40, 0x00, 0x3F, 0x1F, 0xF3,
    0xFF, 0xE0, 0xE4, 0x1C, 0x03, 0x9F, 0xF7, 0xFF, 0xF1, 0xF8, 0x3F, 0x07, 0xE1, 0xFF, 0xFD, 0xFF,
    0x8E, 0x00, 0x00, 0x7F, 0xFE, 0x00, 0xFF, 0xFF, 0x00, 0xFF, 0xFE, 0x00, 0xEE, 0x00, 0x01, 0xCE,
    0x00, 0x01, 0xCE, 0x00, 0x03, 0x8E, 0x00, 0x03, 0x8E, 0x00, 0x07, 0x0F, 0xFC, 0x07, 0x0F, 0xFE,
    0x0E, 0x0F, 0xFE, 0x0E, 0x1E, 0x00, 0x1F, 0xFE, 0x00, 0x1F, 0xFE, 0x00, 0x3C, 0x0E, 0x00, 0x38,
    0x0E, 0x00, 0x78, 0x0E, 0x00, 0x70, 0x0F, 0xFF, 0xF0, 0x0F, 0xFF, 0x1F, 0x0F, 0x83, 0xFE, 0xFF,
    0x1F, 0xFF, 0xFD, 0xC1, 0xE0, 0xE2, 0x0F, 0x03, 0x80, 0x70, 0x1C, 0xFF, 0xFF, 0xEF, 0xFF, 0xFF,
    0xF8, 0xE0, 0x07, 0x07, 0x00, 0x38, 0x3C, 0x0D, 0xC3, 0xF0, 0xEF, 0xFF, 0xFF, 0x3F, 0xCF, 0xF0,
    0x70, 0x1C, 0x00, 0x31, 0xC3, 0x98, 0x1F, 0x80, 0xF0, 0x00, 0x0F, 0xFE, 0xFF, 0xFF, 0xFF, 0xE0,
    0x0E, 0x00, 0xE0, 0x0E, 0x00, 0xE0, 0x0F, 0xFE, 0xFF, 0xEF, 0xFE, 0xE0, 0x0E, 0x00, 0xE0, 0x0E,
    0x00, 0xE0, 0x0E, 0x00, 0xFF, 0xFF, 0xFF, 0x38, 0xC0, 0xCE, 0x07, 0xE0, 0x1E, 0x00, 0x00, 0x07,
    0xC0, 0xFF, 0x0F, 0xFC, 0x70, 0x77, 0x03, 0xB8, 0x0D, 0xFF, 0xFF, 0xFF, 0xF0, 0x03, 0x80, 0x1C,
    0x0E, 0x78, 0xF1, 0xFF, 0x07, 0xF0, 0x0E, 0x00, 0x03, 0xC0, 0x07, 0xFC, 0x0F, 0xFF, 0x0F, 0x87,
    0xC7, 0x80, 0xE7, 0x80, 0x7B, 0x80, 0x1C, 0x00, 0x0E, 0x00, 0x07, 0x7F, 0xFF, 0xFF, 0xFF, 0xFC,
    0x00, 0xEE, 0x00, 0x77, 0x80, 0x39, 0xC0, 0x3C, 0xF0, 0x3C, 0x3C, 0x3E, 0x0F, 0xFE, 0x03, 0xFC,
    0x00, 0x30, 0x00, 0x1F, 0x83, 0xFE, 0x1F, 0xF9, 0xC1, 0xE2, 0x07, 0x00, 0x3B, 0xFF, 0xDF, 0xFF,
    0xFF, 0xF7, 0x03, 0xB8, 0x1C, 0xE1, 0xC7, 0xFE, 0x1F, 0xE0, 0x18, 0x00, 0x0E, 0x70, 0x07, 0x38,
    0x03, 0x9C, 0x00, 0x84, 0x00, 0x00, 0x00, 0x1E, 0x00, 0x3F, 0xE0, 0x7F, 0xF8, 0x7C, 0x3E, 0x3C,
    0x07, 0x3C, 0x03, 0xDC, 0x00, 0xE0, 0x00, 0x70, 0x00, 0x3B, 0xFF, 0xFF, 0xFF, 0xFF, 0xE0, 0x07,
    0x70, 0x03, 0xBC, 0x01, 0xCE, 0x01, 0xE7, 0x81, 0xE1, 0xE1, 0xF0, 0x7F, 0xF0, 0x1F, 0xE0, 0x01,
    0x80, 0x00, 0x18, 0xC1, 0xEF, 0x0E, 0x78, 0x21, 0x00, 0x00, 0x0F, 0xC1, 0xFF, 0x0F, 0xFC, 0xE0,
    0xF1, 0x03, 0x80, 0x1D, 0xFF, 0xEF, 0xFF, 0xFF, 0xFB, 0x81, 0xDC, 0x0E, 0x70, 0xE3, 0xFF, 0x0F,
    0xF0, 0x0C, 0x00, 0x00, 0xE7, 0x00, 0x00, 0xE7, 0x00, 0x00, 0xE7, 0x00, 0x00, 0x42, 0x00, 0x00,
    0x00, 0x00, 0x70, 0x18, 0x0C, 0x78, 0x38, 0x1E, 0x38, 0x38, 0x1C, 0x3C, 0x38, 0x38, 0x1C, 0x38,
    0x78, 0x0E, 0x38, 0x70, 0x0F, 0x38, 0xF0, 0x07, 0x38, 0xE0, 0x07, 0xBD, 0xC0, 0x03, 0xFF, 0xC0,
    0x07, 0xFF, 0xC0, 0x07, 0x38, 0xE0, 0x0F, 0x38, 0xF0, 0x0E, 0x38, 0x70, 0x1C, 0x38, 0x78, 0x3C,
    0x38, 0x38, 0x38, 0x38, 0x1C, 0x78, 0x38, 0x1E, 0x70, 0x38, 0x0E, 0x03, 0x9C, 0x00, 0x39, 0xC0,
    0x03, 0x9C, 0x00, 0x10, 0x80, 0x00, 0x00, 0x07, 0x06, 0x0E, 0x78, 0x71, 0xE3, 0x87, 0x1C, 0x1C,
    0x73, 0x80, 0xE7, 0x70, 0x0F, 0x7F, 0x00, 0x7F, 0xE0, 0x07, 0xFE, 0x00, 0x7F, 0xE0, 0x0E, 0x77,
    0x01, 0xE7, 0x78, 0x3C, 0x73, 0xC7, 0x87, 0x1E, 0x70, 0x70, 0xE0, 0x18, 0xC1, 0xEF, 0x0F, 0x38,
    0x10, 0x80, 0x00, 0x03, 0xC0, 0x7F, 0x87, 0xFE, 0x78, 0x73, 0x83, 0xD8, 0x0E, 0x00, 0x70, 0x07,
    0x03, 0xF8, 0x1F, 0x00, 0xFE, 0x00, 0x78, 0x01, 0xC0, 0x0F, 0xC0, 0x7F, 0x03, 0xBC, 0x3D, 0xFF,
    0xC3, 0xFC, 0x07, 0x00, 0x73, 0x8E, 0x71, 0xCE, 0x10, 0x80, 0x00, 0x3E, 0x1F, 0xE7, 0xFE, 0xE1,
    0xC0, 0x38, 0x0F, 0x07, 0xC0, 0xF8, 0x07, 0x80, 0x77, 0x0E, 0xE1, 0xDF, 0xF9, 0xFE, 0x06, 0x00,
    0x3F, 0xF3, 0xFF, 0xDF, 0xFE, 0x01, 0xE0, 0x1E, 0x01, 0xE0, 0x0E, 0x00, 0xE0, 0x0F, 0x80, 0x7F,
    0x00, 0x7C, 0x00, 0xF0, 0x03, 0x80, 0x1F, 0x80, 0xFE, 0x07, 0x78, 0x7B, 0xFF, 0x87, 0xF8, 0x0E,
    0x00, 0x3F, 0xF3, 0xFF, 0xDF, 0xFE, 0x01, 0xE0, 0x1E, 0x01, 0xE0, 0x0E, 0x00, 0xE0, 0x0F, 0x80,
    0x7F, 0x00, 0x7C, 0x00, 0xF0, 0x03, 0x80, 0x1F, 0x80, 0xFE, 0x07, 0x78, 0x7B, 0xFF, 0x87, 0xF8,
    0x0E, 0x00, 0x0F, 0xE0, 0x1F, 0xC0, 0x00, 0x00, 0x00, 0x0C, 0x00, 0xDC, 0x03, 0xF8, 0x0F, 0xF0,
    0x1F, 0xE0, 0x7F, 0xC1, 0xFF, 0x83, 0xBF, 0x0F, 0x7E, 0x3C, 0xFC, 0x71, 0xF9, 0xE3, 0xF3, 0x87,
    0xEE, 0x0F, 0xFC, 0x1F, 0xF0, 0x3F, 0xC0, 0x7F, 0x80, 0xFE, 0x01, 0xFC, 0x03, 0x80, 0x1F, 0xC1,
    0xFC, 0x00, 0x00, 0x00, 0x60, 0x7E, 0x07, 0xE0, 0xFE, 0x1F, 0xE1, 0xFE, 0x3F, 0xE7, 0x7E, 0x77,
    0xEE, 0x7F, 0xC7, 0xFC, 0x7F, 0x87, 0xF0, 0x7F, 0x07, 0x0C, 0x60, 0x3D, 0xE0, 0x73, 0xC0, 0x42,
    0x00, 0x00, 0x18, 0x01, 0xB8, 0x07, 0xF0, 0x1F, 0xE0, 0x3F, 0xC0, 0xFF, 0x83, 0xFF, 0x07, 0x7E,
    0x1E, 0xFC, 0x79, 0xF8, 0xE3, 0xF3, 0xC7, 0xE7, 0x0F, 0xDC, 0x1F, 0xF8, 0x3F, 0xE0, 0x7F, 0x80,
    0xFF, 0x01, 0xFC, 0x03, 0xF8, 0x07, 0x18, 0xC3, 0x9E, 0x39, 0xC1, 0x08, 0x00, 0x06, 0x07, 0xE0,
    0x7E, 0x0F, 0xE1, 0xFE, 0x1F, 0xE3, 0xFE, 0x77, 0xE7, 0x7E, 0xE7, 0xFC, 0x7F, 0xC7, 0xF8, 0x7F,
    0x07, 0xF0, 0x70, 0x06, 0x30, 0x07, 0xBC, 0x03, 0xDE, 0x00, 0x82, 0x00, 0x00, 0x00, 0x1F, 0x00,
    0x3F, 0xE0, 0x3F, 0xF8, 0x3C, 0x1E, 0x3C, 0x07, 0x9C, 0x01, 0xDE, 0x00, 0xFE, 0x00, 0x3F, 0x00,
    0x1F, 0x80, 0x0F, 0xC0, 0x07, 0xE0, 0x03, 0xF0, 0x01, 0xDC, 0x01, 0xCE, 0x00, 0xE7, 0x80, 0xF1,
    0xF1, 0xF0, 0x7F, 0xF0, 0x1F, 0xF0, 0x01, 0xC0, 0x00, 0x18, 0xC1, 0xEF, 0x0E, 0x78, 0x21, 0x00,
    0x00, 0x07, 0xC0, 0xFF, 0x8F, 0xFC, 0x70, 0x77, 0x03, 0xB8, 0x0F, 0xC0, 0x7E, 0x03, 0xF0, 0x1F,
    0x80, 0xFE, 0x0E, 0x78, 0xF1, 0xFF, 0x07, 0xF0, 0x0E, 0x00, 0x03, 0xE0, 0x07, 0xFC, 0x07, 0xFF,
    0x07, 0x83, 0xC7, 0x80, 0xF3, 0x80, 0x3B, 0xC0, 0x1F, 0xC0, 0x07, 0xE0, 0x03, 0xFF, 0xFF, 0xFF,
    0xFF, 0xFC, 0x00, 0x7E, 0x00, 0x3B, 0x80, 0x39, 0xC0, 0x1C, 0xF0, 0x1E, 0x3E, 0x3E, 0x0F, 0xFE,
    0x03, 0xFE, 0x00, 0x38, 0x00, 0x0F, 0x81, 0xFF, 0x1F, 0xF8, 0xE0, 0xEE, 0x07, 0x70, 0x1F, 0xFD,
    0xFF, 0xFF, 0xE3, 0xFF, 0x01, 0xFC, 0x1C, 0xF1, 0xE3, 0xFE, 0x0F, 0xE0, 0x1C, 0x00, 0x06, 0x30,
    0x07, 0xBC, 0x03, 0xDE, 0x00, 0x82, 0x00, 0x00, 0x00, 0x1F, 0x00, 0x3F, 0xE0, 0x3F, 0xF8, 0x3C,
    0x1E, 0x3C, 0x07, 0x9C, 0x01, 0xDE, 0x00, 0xFE, 0x00, 0x3F, 0x00, 0x1F, 0xFF, 0xFF, 0xFF, 0xFF,
    0xE0, 0x03, 0xF0, 0x01, 0xDC, 0x01, 0xCE, 0x00, 0xE7, 0x80, 0xF1, 0xF1, 0xF0, 0x7F, 0xF0, 0x1F,
    0xF0, 0x01, 0xC0, 0x00, 0x18, 0xC1, 0xEF, 0x0E, 0x78, 0x21, 0x00, 0x00, 0x07, 0xC0, 0xFF, 0x8F,
    0xFC, 0x70, 0x77, 0x03, 0xB8, 0x0F, 0xFE, 0xFF, 0xFF, 0xF1, 0xFF, 0x80, 0xFE, 0x0E, 0x78, 0xF1,
    0xFF, 0x07, 0xF0, 0x0E, 0x00, 0x0C, 0x60, 0x1E, 0xF0, 0x1E, 0x70, 0x04, 0x20, 0x00, 0x00, 0x07,
    0xC0, 0x1F, 0xF0, 0x3F, 0xF8, 0x78, 0x3C, 0x70, 0x1E, 0xE0, 0x0E, 0xE0, 0x07, 0x00, 0x07, 0x03,
    0xFF, 0x03, 0xFF, 0x03, 0xFF, 0x00, 0x07, 0x00, 0x07, 0xE0, 0x07, 0xE0, 0x0E, 0x70, 0x1E, 0x7C,
    0x7C, 0x3F, 0xF8, 0x1F, 0xF0, 0x03, 0x80, 0x31, 0x87, 0xBC, 0x79, 0xC1, 0x08, 0x00, 0x01, 0xF0,
    0x7F, 0xC7, 0xFE, 0xE0, 0xEE, 0x07, 0x00, 0x71, 0xFF, 0x1F, 0xF0, 0xFF, 0x00, 0x7E, 0x0F, 0xF1,
    0xE7, 0xFC, 0x3F, 0x80, 0xE0, 0x0F, 0xF0, 0x1F, 0xC0, 0x00, 0x00, 0x00, 0x06, 0x00, 0x7E, 0x01,
    0xDC, 0x07, 0xBC, 0x0E, 0x38, 0x1C, 0x78, 0x70, 0x70, 0xE0, 0xE3, 0xC0, 0xE7, 0x01, 0xCE, 0x01,
    0xF8, 0x03, 0xF0, 0x07, 0xE0, 0x07, 0x80, 0x0F, 0x00, 0x1C, 0x00, 0x78, 0x03, 0xE0, 0x07, 0x80,
    0x00, 0x1F, 0xE0, 0x7F, 0x80, 0x00, 0x00, 0x00, 0xE0, 0x39, 0xC0, 0xE7, 0x03, 0x9C, 0x1C, 0x38,
    0x70, 0xE1, 0xC3, 0xCE, 0x07, 0x38, 0x1C, 0xC0, 0x3F, 0x00, 0xFC, 0x03, 0xE0, 0x07, 0x80, 0x1E,
    0x00, 0x70, 0x01, 0xC0, 0x0E, 0x00, 0xF8, 0x07, 0xC0, 0x0C, 0x00, 0x0C, 0x70, 0x3C, 0xE0, 0x39,
    0xC0, 0x21, 0x00, 0x00, 0x0C, 0x00, 0xFC, 0x03, 0xB8, 0x0F, 0x78, 0x1C, 0x70, 0x38, 0xF0, 0xE0,
    0xE1, 0xC1, 0xC7, 0x81, 0xCE, 0x03, 0x9C, 0x03, 0xF0, 0x07, 0xE0, 0x0F, 0xC0, 0x0F, 0x00, 0x1E,
    0x00, 0x38, 0x00, 0xF0, 0x07, 0xC0, 0x0F, 0x00, 0x1C, 0xE0, 0x73, 0x81, 0xCE, 0x02, 0x10, 0x00,
    0x03, 0x80, 0xE7, 0x03, 0x9C, 0x0E, 0x70, 0x70, 0xE1, 0xC3, 0x87, 0x0F, 0x38, 0x1C, 0xE0, 0x73,
    0x00, 0xFC, 0x03, 0xF0, 0x0F, 0x80, 0x1E, 0x00, 0x78, 0x01, 0xC0, 0x07, 0x00, 0x38, 0x03, 0xE0,
    0x1F, 0x00, 0x30, 0x00, 0x07, 0x70, 0x0C, 0xE0, 0x3B, 0x80, 0x66, 0x00, 0x00, 0x0C, 0x00, 0xFC,
    0x03, 0xB8, 0x0F, 0x78, 0x1C, 0x70, 0x38, 0xF0, 0xE0, 0xE1, 0xC1, 0xC7, 0x81, 0xCE, 0x03, 0x9C,
    0x03, 0xF0, 0x07, 0xE0, 0x0F, 0xC0, 0x0F, 0x00, 0x1E, 0x00, 0x38, 0x00, 0xF0, 0x07, 0xC0, 0x0F,
    0x00, 0x0E, 0xF0, 0x3B, 0x81, 0xDC, 0x06, 0x60, 0x00, 0x03, 0x80, 0xE7, 0x03, 0x9C, 0x0E, 0x70,
    0x70, 0xE1, 0xC3, 0x87, 0x0F, 0x38, 0x1C, 0xE0, 0x73, 0x00, 0xFC, 0x03, 0xF0, 0x0F, 0x80, 0x1E,
    0x00, 0x78, 0x01, 0xC0, 0x07, 0x00, 0x38, 0x03, 0xE0, 0x1F, 0x00, 0x30, 0x00, 0x0C, 0x60, 0x3D,
    0xE0, 0x7B, 0xC0, 0x41, 0x00, 0x00, 0x0C, 0x01, 0xBC, 0x03, 0xF8, 0x07, 0xF0, 0x0F, 0xE0, 0x1F,
    0xC0, 0x3F, 0x80, 0x77, 0x00, 0xEE, 0x03, 0xDE, 0x1F, 0x9F, 0xFF, 0x1F, 0xFE, 0x06, 0x1C, 0x00,
    0x38, 0x00, 0x70, 0x00, 0xE0, 0x01, 0xC0, 0x03, 0x80, 0x07, 0x39, 0xC3, 0x9C, 0x39, 0xC1, 0x08,
    0x00, 0x06, 0x07, 0xE0, 0x7E, 0x07, 0xE0, 0x7E, 0x07, 0x60, 0x77, 0x07, 0x7F, 0xF3, 0xFF, 0x1F,
    0xF0, 0x07, 0x00, 0x70, 0x07, 0x00, 0x70, 0xFF, 0xEF, 0xFF, 0xFF, 0xFE, 0x00, 0xE0, 0x0E, 0x00,
    0xE0, 0x0E, 0x00, 0xE0, 0x0E, 0x00, 0xE0, 0x0E, 0x00, 0xE0, 0x0E, 0x00, 0xE0, 0x0E, 0x00, 0xE0,
    0x0F, 0x80, 0xF8, 0x03, 0x80, 0x38, 0x03, 0x80, 0x38, 0x00, 0x7F, 0xFF, 0xFF, 0xFF, 0x80, 0xE0,
    0x38, 0x0E, 0x03, 0x80, 0xE0, 0x38, 0x0E, 0x03, 0x80, 0xF8, 0x3E, 0x03, 0x80, 0xE0, 0x38, 0x0E,
    0x00, 0x06, 0x30, 0x03, 0xDE, 0x00, 0xF7, 0x80, 0x10, 0x40, 0x00, 0x00, 0x30, 0x00, 0x6E, 0x00,
    0x1F, 0x80, 0x07, 0xE0, 0x01, 0xF8, 0x00, 0x7E, 0x00, 0x1F, 0x80, 0x07, 0xE0, 0x01, 0xFF, 0xF0,
    0x7F, 0xFF, 0x1F, 0x83, 0xE7, 0xE0, 0x39, 0xF8, 0x0E, 0x7E, 0x03, 0x9F, 0x80, 0xE7, 0xE0, 0x39,
    0xF8, 0x3C, 0x7F, 0xFF, 0x1F, 0xFF, 0x07, 0x0E, 0x70, 0x0E, 0x70, 0x0E, 0x70, 0x04, 0x20, 0x00,
    0x00, 0x60, 0x07, 0xE0, 0x07, 0xE0, 0x07, 0xE0, 0x07, 0xE0, 0x07, 0xFF, 0x87, 0xFF, 0xE7, 0xFF,
    0xE7, 0xE0, 0x77, 0xE0, 0x77, 0xE0, 0x77, 0xE1, 0xF7, 0xFF, 0xE7, 0xFF, 0xC7, 0x1F, 0xF8, 0xFF,
    0xF3, 0xFF, 0xCE, 0x00, 0x38, 0x00, 0xE0, 0x03, 0x80, 0x0E, 0x00, 0x38, 0x03, 0xFF, 0x0F, 0xFC,
    0x0E, 0x00, 0x38, 0x00, 0xE0, 0x03, 0x80, 0x0E, 0x00, 0x38, 0x00, 0xF8, 0x03, 0xE0, 0x03, 0x80,
    0x0E, 0x00, 0x38, 0x07, 0xE0, 0x1F, 0x00, 0x30, 0x00, 0x3F, 0xEF, 0xFD, 0xFF, 0xB8, 0x07, 0x00,
    0xE0, 0x3F, 0xC7, 0xF8, 0x70, 0x0E, 0x01, 0xC0, 0x38, 0x07, 0xC0, 0xF8, 0x03, 0x00, 0x60, 0x1C,
    0x0F, 0x81, 0xE0, 0x30, 0x00, 0x70, 0x07, 0x1E, 0x03, 0xC3, 0x80, 0xE0, 0xF0, 0x70, 0x1E, 0x3C,
    0x03, 0x8E, 0x00, 0xF7, 0x00, 0x1F, 0xC0, 0x03, 0xE0, 0x00, 0x70, 0x00, 0x3E, 0x00, 0x1F, 0xC0,
    0x07, 0x70, 0x03, 0x9E, 0x01, 0xE3, 0xC0, 0x70, 0x70, 0x38, 0x1E, 0x1E, 0x03, 0xF7, 0x00, 0x7C,
    0x00, 0x07, 0x00, 0x01, 0xC0, 0x00, 0x70, 0x00, 0xF8, 0x00, 0x3E, 0x00, 0x04, 0x00, 0x70, 0x73,
    0x83, 0x8E, 0x38, 0x73, 0xC1, 0xDC, 0x0F, 0xC0, 0x3E, 0x01, 0xE0, 0x0F, 0x80, 0xFE, 0x07, 0x70,
    0x71, 0xC7, 0x8E, 0x38, 0x38, 0x01, 0xC0, 0x0E, 0x00, 0x70, 0x1F, 0x80, 0xF8, 0x03, 0x00, 0x70,
    0x07, 0x3C, 0x07, 0x8E, 0x03, 0x87, 0x83, 0x81, 0xE3, 0xC0, 0x71, 0xC0, 0x3D, 0xC0, 0x0F, 0xE0,
    0x3F, 0xFE, 0x1F, 0xFF, 0x0F, 0xFF, 0x80, 0xFE, 0x00, 0x77, 0x00, 0x73, 0xC0, 0x78, 0xF0, 0x38,
    0x38, 0x38, 0x1E, 0x3C, 0x07, 0x9C, 0x01, 0xC0, 0x70, 0x3B, 0xC3, 0x8E, 0x3C, 0x39, 0xC1, 0xDC,
    0x07, 0xE1, 0xFF, 0xCF, 0xFE, 0x0F, 0x80, 0xFE, 0x07, 0x78, 0x71, 0xC7, 0x87, 0x38, 0x3C, 0x70,
    0x3B, 0xC1, 0xCE, 0x0E, 0x38, 0x71, 0xC3, 0x87, 0x1C, 0x7D, 0xEF, 0xFE, 0x73, 0xE3, 0x8E, 0x1C,
    0x70, 0xE1, 0xC7, 0x07, 0x38, 0x39, 0xC0, 0xE0, 0xFF, 0xCF, 0xFC, 0x01, 0xC0, 0x1C, 0x01, 0xC0,
    0x1C, 0x01, 0xC0, 0x1C, 0x01, 0xC0, 0x1C, 0x01, 0xC0, 0x1C, 0x01, 0xCF, 0xFF, 0xFF, 0xF0, 0xFC,
    0xFC, 0x0E, 0x0E, 0x0E, 0x0E, 0x0E, 0x06, 0x06, 0x07, 0x07, 0x0F, 0x7F, 0xF7, 0xE7, 0xFF, 0xFF,
    0xFF, 0xC0, 0x38, 0x01, 0xC0, 0x0E, 0x00, 0x70, 0x03, 0x80, 0x1C, 0x00, 0xE0, 0x07, 0x00, 0x38,
    0x01, 0xC0, 0x0E, 0x00, 0x70, 0x03, 0x80, 0xFF, 0xCF, 0xFE, 0x00, 0xF0, 0x07, 0x00, 0x70, 0x07,
    0x00, 0x7E, 0x07, 0xE0, 0x7E, 0x07, 0xE0, 0x7E, 0x07, 0xE0, 0x7E, 0x07, 0xE0, 0x70, 0xFF, 0xFF,
    0xFF, 0xFF, 0xFF, 0xF8, 0xFF, 0xFF, 0x18, 0x38, 0x30, 0x30, 0x30, 0x30, 0x30, 0x38, 0x38, 0x38,
    0x38, 0x18, 0x1C, 0xFF, 0xC7, 0xFF, 0x38, 0x3D, 0xC0, 0xEE, 0x03, 0x70, 0x1B, 0x80, 0xDC, 0x06,
    0xE0, 0x37, 0x01, 0xB8, 0x0D, 0xC0, 0x6E, 0x03, 0x70, 0x1B, 0x80, 0xC0, 0xE1, 0xF3, 0x87, 0xEE,
    0x07, 0xB8, 0x07, 0xE0, 0x1F, 0x80, 0x7E, 0x01, 0xF8, 0x07, 0xE0, 0x1D, 0x80, 0x77, 0x01, 0xDC,
    0x0E, 0x7C, 0xF8, 0xFF, 0xC1, 0xFE, 0x00, 0x66, 0x66, 0x66, 0x66, 0xFF, 0x1F, 0xF8, 0x1F, 0x00,
    0xF0, 0x0E, 0x01, 0xC0, 0x18, 0x03, 0x00, 0x60, 0x0C, 0x01, 0x80, 0x30, 0x06, 0x00, 0xC0, 0x18,
    0x03, 0x00, 0x60, 0x0C, 0x01, 0x80, 0x30, 0xFF, 0x1F, 0xF0, 0x0F, 0x00, 0xF0, 0x0E, 0x01, 0xC0,
    0x38, 0x07, 0x00, 0xE0, 0x1C, 0x03, 0x80, 0xF0, 0x3D, 0xFF, 0x3F, 0xC0, 0xE0, 0x0E, 0x00, 0xE0,
    0x0E, 0x00, 0xFF, 0xFF, 0xFF, 0x00, 0x70, 0x0E, 0x00, 0xE0, 0x1C, 0x01, 0xC0, 0x1C, 0x03, 0x80,
    0x38, 0x07, 0x00, 0x70, 0x07, 0x00, 0xE0, 0x0E, 0x00, 0xFF, 0xC7, 0xFF, 0x38, 0x3D, 0xC0, 0xEE,
    0x03, 0x70, 0x1B, 0x80, 0xDC, 0x06, 0xE0, 0x37, 0x01, 0xB8, 0x0D, 0xC0, 0x6E, 0x03, 0x7F, 0xFB,
    0xFF, 0xC0, 0x73, 0xF0, 0xDF, 0xE3, 0xE7, 0x8E, 0x0E, 0x38, 0x1C, 0xE0, 0x73, 0x01, 0xDC, 0x07,
    0x70, 0x1D, 0xC0, 0x77, 0x01, 0xD8, 0x07, 0xE0, 0x1F, 0x8F, 0xFE, 0x3F, 0xC0, 0xFF, 0xFF, 0xFF,
    0xFF, 0xFF, 0xFF, 0xFF, 0xF0, 0xFB, 0xF3, 0xC7, 0x1C, 0x71, 0xC7, 0x1C, 0x71, 0xC7, 0x1F, 0xFF,
    0xC0, 0xFF, 0xE3, 0xFF, 0xC3, 0x0F, 0x9C, 0x0E, 0x60, 0x1F, 0x80, 0x7E, 0x01, 0xF8, 0x07, 0xE0,
    0x1F, 0x80, 0x76, 0x01, 0xDC, 0x0E, 0x7C, 0xF8, 0xFF, 0xC0, 0xFE, 0x00, 0x70, 0x19, 0xC0, 0x67,
    0x01, 0x8E, 0x06, 0x38, 0x18, 0x70, 0x61, 0xC1, 0x87, 0x06, 0x0E, 0x38, 0x38, 0xE0, 0xE3, 0x81,
    0xDC, 0x07, 0xF0, 0xFF, 0x87, 0xF8, 0x1F, 0x00, 0xFF, 0xC7, 0xFF, 0x38, 0x7D, 0xC0, 0xEE, 0x03,
    0xF0, 0x1F, 0x80, 0xFC, 0x07, 0xFE, 0x3B, 0xF1, 0xC0, 0x0E, 0x00, 0x70, 0x03, 0x80, 0x1C, 0x00,
    0xE0, 0x07, 0x00, 0x38, 0x01, 0xC0, 0x0E, 0x00, 0x70, 0xFF, 0x87, 0xFF, 0x38, 0x79, 0xC0, 0xEE,
    0x07, 0x70, 0x1B, 0x80, 0xFF, 0x87, 0xFC, 0x38, 0x01, 0x80, 0x1C, 0x00, 0xE0, 0x1E, 0x7F, 0xF3,
    0xFE, 0x00, 0xE0, 0x7E, 0x07, 0x70, 0x77, 0x07, 0x70, 0x73, 0x87, 0x38, 0x73, 0x87, 0x1D, 0xE1,
    0xFE, 0x1F, 0x80, 0xE0, 0x0E, 0x00, 0xE0, 0x07, 0x00, 0x70, 0x07, 0x00, 0x38, 0x03, 0x80, 0x38,
    0x70, 0x77, 0x87, 0x38, 0x71, 0xC7, 0x1C, 0x70, 0xE7, 0x07, 0xF0, 0x7E, 0x03, 0x80, 0x1C, 0x01,
    0xC0, 0x0E, 0x00, 0x77, 0xFF, 0x7F, 0xF0, 0xFF, 0xFF, 0xFF, 0xC0, 0x0E, 0x00, 0x60, 0x07, 0x00,
    0x38, 0x03, 0x9C, 0x1C, 0xE0, 0xC7, 0x0E, 0x38, 0x71, 0xC7, 0x0E, 0x38, 0x71, 0xC3, 0x9C, 0x1C,
    0x00, 0xE0, 0x07, 0x00, 0x38, 0x01, 0xC0, 0x00, 0xFF, 0x8F, 0xFC, 0x01, 0xE0, 0x0E, 0x00, 0x60,
    0x06, 0x00, 0x60, 0x06, 0x00, 0x60, 0x06, 0x00, 0x60, 0x06, 0x00, 0x60, 0x06, 0x00, 0x60, 0xE1,
    0xC3, 0xE1, 0xC3, 0xE1, 0xC3, 0xE1, 0xC3, 0xE1, 0xC3, 0xE1, 0xC3, 0xE1, 0xC3, 0x7F, 0xC7, 0x7F,
    0x87, 0x60, 0x07, 0x70, 0x07, 0x78, 0x0E, 0x3E, 0x3E, 0x1F, 0xFC, 0x0F, 0xF8, 0xFF, 0xF3, 0xFF,
    0xE0, 0xC7, 0x86, 0x07, 0x38, 0x1C, 0xE0, 0x73, 0x81, 0xCE, 0x07, 0x38, 0x1C, 0xE0, 0x73, 0x81,
    0xCE, 0x07, 0x38, 0x1F, 0xE0, 0x7F, 0x81, 0xC0, 0x67, 0xEE, 0xFF, 0x00, 0x19, 0xCE, 0x77, 0x39,
    0xC0, 0x00, 0x1D, 0xE7, 0x30, 0x00, 0x07, 0xF9, 0xFF, 0x78, 0x6E, 0x01, 0xC0, 0x38, 0x07, 0x80,
    0x78, 0x07, 0x80, 0x78, 0x07, 0x00, 0x60, 0x0C, 0x00, 0x00, 0x00, 0x0F, 0x01, 0xE0, 0x3C, 0x03,
    0x00, 0x1F, 0x0F, 0xC7, 0xA1, 0xC0, 0x70, 0x1C, 0x03, 0xF8, 0x7F, 0xFF, 0x3F, 0x04, 0x00, 0xFF,
    0xFF, 0xFC, 0x03, 0x3C, 0xE2, 0x00, 0x07, 0x39, 0xCE, 0x31, 0xCE, 0x73, 0x9C, 0xE7, 0x18, 0xC7,
    0x39, 0xC0, 0x00, 0x1C, 0x1B, 0x83, 0x70, 0xEF, 0xFC, 0xFF, 0x1F, 0x03, 0x80, 0x70, 0x0E, 0x01,
    0xC0, 0x38, 0x07, 0x00, 0x60, 0x0E, 0x01, 0xC0, 0x38, 0x07, 0x00, 0x00, 0x00, 0x00, 0x01, 0x86,
    0x67, 0x19, 0xDC, 0x67, 0x73, 0x9D, 0xFF, 0xF3, 0xFF, 0x8F, 0x98, 0x38, 0x00, 0xE0, 0x03, 0x80,
    0x0E, 0x00, 0x38, 0x00, 0xE0, 0x03, 0x80, 0x06, 0x00, 0x18, 0x00, 0x60, 0x00, 0x00, 0x00, 0x00,
    0x01, 0xC0, 0xF8, 0x3E, 0x0F, 0x01, 0xC0, 0x30, 0x07, 0x00, 0xFE, 0x0F, 0xC1, 0xF0, 0x38, 0x0E,
    0x01, 0xC0, 0x38, 0x07, 0x86, 0xFF, 0xEF, 0xF8, 0x00, 0x00, 0x1F, 0x07, 0xF1, 0xFE, 0x70, 0xEE,
    0x1D, 0xC1, 0xB8, 0x3F, 0x07, 0xE0, 0xDC, 0x3B, 0xCF, 0x3F, 0xC3, 0xF8, 0x00, 0x00, 0x00, 0x07,
    0xFC, 0x7F, 0xC7, 0xFC, 0x00, 0xC0, 0x0C, 0x00, 0xC0, 0x0C, 0x00, 0xE0, 0x0E, 0x00, 0xE0, 0x0E,
    0x00, 0xE0, 0x0E, 0x00, 0x60, 0x06, 0x00, 0x70, 0x07, 0x00, 0x00, 0x00, 0x03, 0x80, 0x7F, 0x01,
    0xDC, 0x0E, 0x70, 0x38, 0xE0, 0xE3, 0x87, 0x0E, 0x1C, 0x1C, 0x60, 0x73, 0x81, 0xCE, 0x03, 0xB0,
    0x0F, 0xC0, 0x3F, 0x00, 0x78, 0x01, 0xE0, 0x07, 0x80, 0x0C, 0x00, 0x20, 0x00, 0x00, 0x00, 0x0E,
    0x00, 0x38, 0x01, 0xE0, 0x07, 0xC0, 0x1F, 0x00, 0xFC, 0x03, 0xF8, 0x0E, 0xE0, 0x73, 0x81, 0xCF,
    0x06, 0x1C, 0x38, 0x70, 0xE0, 0xE7, 0x03, 0x9C, 0x0E, 0xF0, 0x1F, 0x80, 0x70, 0x00, 0x80, 0x3E,
    0x0F, 0xE3, 0xDC, 0x71, 0xCC, 0x39, 0xC7, 0x3C, 0xE3, 0xFC, 0x3F, 0x80, 0x30, 0x07, 0x00, 0xE0,
    0x1C, 0x03, 0x80, 0x70, 0x06, 0x00, 0xC0, 0x00, 0x00, 0x0E, 0x00, 0x0E, 0x00, 0x0E, 0x20, 0x07,
    0x70, 0x07, 0x70, 0x07, 0x60, 0x07, 0xE0, 0x07, 0xE0, 0x07, 0x70, 0x07, 0x78, 0x1E, 0x7F, 0xFC,
    0x3F, 0xF8, 0x0F, 0xF0, 0xFF, 0xF0, 0x03, 0x3C, 0xE2, 0x00, 0x07, 0x39, 0xCE, 0x31, 0xCE, 0x73,
    0x9C, 0xE7, 0x18, 0xC7, 0x39, 0xC0, 0x00, 0x1C, 0x1B, 0x83, 0x70, 0xEF, 0xFC, 0xFF, 0x1F, 0x03,
    0x80, 0x70, 0x0E, 0x01, 0xC0, 0x38, 0x07, 0x00, 0x60, 0x0E, 0x01, 0xC0, 0x38, 0x07, 0x00, 0x00,
    0x00, 0x00, 0x01, 0x86, 0x67, 0x19, 0xDC, 0x67, 0x73, 0x9D, 0xFF, 0xF3, 0xFF, 0x8F, 0x98, 0x38,
    0x00, 0xE0, 0x03, 0x80, 0x0E, 0x00, 0x38, 0x00, 0xE0, 0x03, 0x80, 0x06, 0x00, 0x18, 0x00, 0x60,
    0x00, 0x00, 0x00, 0xE7, 0x9D, 0xF3, 0xB8, 0x77, 0x0F, 0xFC, 0xFF, 0xDF, 0xE3, 0x80, 0x70, 0x0E,
    0x01, 0xC0, 0x38, 0x03, 0x00, 0x60, 0x0C, 0x01, 0xC0, 0x38, 0x00, 0x06, 0x00, 0xF0, 0x07, 0x00,
    0xF8, 0x1F, 0x81, 0xDC, 0x39, 0xC3, 0x8E, 0x70, 0xE7, 0x06, 0x60, 0x76, 0x07, 0x60, 0x76, 0x67,
    0x76, 0x67, 0xFE, 0x3F, 0xC0, 0x1F, 0x8F, 0xE3, 0x91, 0xC0, 0x70, 0x1C, 0x03, 0x88, 0xFF, 0x1F,
    0x83, 0xC1, 0xE0, 0x70, 0x38, 0x0E, 0x07, 0x01, 0xC0, 0xE0, 0x00, 0x00, 0x00, 0x03, 0x80, 0x7F,
    0x01, 0xDC, 0x0E, 0x70, 0x38, 0xE0, 0xE3, 0x87, 0x0E, 0x1C, 0x1C, 0x60, 0x73, 0x81, 0xCE, 0x03,
    0xB0, 0x0F, 0xC0, 0x3F, 0x00, 0x78, 0x01, 0xE0, 0x07, 0x80, 0x0C, 0x00, 0x20, 0x00, 0x00, 0x00,
    0x0E, 0x00, 0x38, 0x01, 0xE0, 0x07, 0xC0, 0x1F, 0x00, 0xFC, 0x03, 0xF8, 0x0E, 0xE0, 0x73, 0x81,
    0xCF, 0x06, 0x1C, 0x38, 0x70, 0xE0, 0xE7, 0x03, 0x9C, 0x0E, 0xF0, 0x1F, 0x80, 0x70, 0x00, 0x80,
    0x3E, 0x0F, 0xE3, 0xDC, 0x71, 0xCC, 0x39, 0xC7, 0x3C, 0xE3, 0xFC, 0x3F, 0x80, 0x30, 0x07, 0x00,
    0xE0, 0x1C, 0x03, 0x80, 0x70, 0x06, 0x00, 0xC0, 0x00, 0x0E, 0x07, 0xF1, 0xFF, 0x3F, 0xEE, 0xEC,
    0xDD, 0x80, 0x0E, 0x1D, 0xD9, 0xFF, 0x3F, 0xE3, 0xF8, 0x1C, 0x00, 0xEE, 0xE0, 0xFF, 0xF0, 0x00,
    0x01, 0xC7, 0x1C, 0x00, 0x00, 0x1C, 0x71, 0xC0, 0x00, 0x00, 0x80, 0x00, 0x1C, 0x00, 0x01, 0xFC,
    0x00, 0x0F, 0xF0, 0x00, 0x7F, 0x00, 0x00, 0x38, 0x00, 0x03, 0x80, 0xFC, 0x7F, 0x1F, 0xE7, 0xF0,
    0xC7, 0x38, 0x00, 0x73, 0x80, 0x07, 0x38, 0x01, 0xE3, 0x82, 0x7E, 0x38, 0x67, 0xFF, 0x87, 0x07,
    0xF8, 0x70, 0x7F, 0x83, 0x87, 0x38, 0x3C, 0x73, 0x81, 0xFF, 0x38, 0x0F, 0xE3, 0x80, 0x38, 0x38,
    0x00, 0x03, 0x80, 0x0F, 0xC7, 0xF1, 0xFE, 0x7F, 0x0C, 0x73, 0x80, 0x07, 0x38, 0x00, 0x73, 0x80,
    0x1E, 0x38, 0x27, 0xE3, 0x86, 0x7F, 0xF8, 0x70, 0x7F, 0x87, 0x07, 0xF8, 0x38, 0x73, 0x83, 0xC7,
    0x38, 0x1F, 0xF3, 0x80, 0xFE, 0x38, 0x03, 0x83, 0x80, 0x00, 0x38, 0x0F, 0xC7, 0xFF, 0xC7, 0xF9,
    0xFF, 0xF0, 0xC7, 0x38, 0x70, 0x01, 0xCE, 0x1C, 0x00, 0x73, 0x87, 0x00, 0x78, 0xE1, 0xC2, 0x7E,
    0x38, 0x71, 0x9F, 0xFE, 0x1C, 0x70, 0x7F, 0x87, 0x1C, 0x1F, 0xE1, 0xC3, 0x87, 0x38, 0x70, 0xF1,
    0xCE, 0x1C, 0x1F, 0xF3, 0x87, 0x03, 0xF8, 0xE1, 0xC0, 0x38, 0x38, 0x70, 0x00, 0x0E, 0x1C, 0xFF,
    0xFF, 0xFF, 0xC0, 0x30, 0x3F, 0x83, 0xFC, 0x3F, 0xE1, 0xC0, 0x0E, 0x00, 0x7F, 0x81, 0xFF, 0x07,
    0xF8, 0x00, 0xC2, 0x07, 0x38, 0x71, 0xFF, 0x87, 0xF8, 0x0E, 0x00, 0x78, 0x01, 0xE0, 0x06, 0x00,
    0x00, 0x00, 0x01, 0xF8, 0x1F, 0xC0, 0xE0, 0x07, 0x00, 0x38, 0x01, 0xC0, 0x07, 0x1F, 0xFF, 0xFF,
    0xF8, 0x06, 0x07, 0xF0, 0x7F, 0x87, 0xFC, 0x38, 0x01, 0xC0, 0x0F, 0xF0, 0x3F, 0xE0, 0xFF, 0x00,
    0x18, 0x40, 0xE7, 0x0E, 0x3F, 0xF0, 0xFF, 0x01, 0xC0, 0x0F, 0x00, 0x3C, 0x00, 0xC0, 0x00, 0x00,
    0xFF, 0xFD, 0xFF, 0xF8, 0x01, 0xC0, 0x03, 0x80, 0x07, 0x00, 0x0E, 0x00, 0xFC, 0x33, 0xF0, 0xE3,
    0xF0, 0xE0, 0xE1, 0xC0, 0xE1, 0xC1, 0xC3, 0x83, 0x83, 0x8F, 0x03, 0xFC, 0x03, 0xF0, 0xFF, 0xFF,
    0xFF, 0xFF, 0xFF, 0x00, 0x70, 0x00, 0x07, 0x00, 0x00, 0x70, 0x00, 0x07, 0x00, 0x03, 0xF0, 0x06,
    0x7E, 0x70, 0xE7, 0xFF, 0xC7, 0x07, 0xFE, 0x70, 0x38, 0xE3, 0x83, 0x8E, 0x38, 0x38, 0xE1, 0xC7,
    0x8E, 0x0F, 0xF1, 0xC0, 0x7E, 0x18, 0x00, 0x00, 0x00, 0xFF, 0xFF, 0xFF, 0xFF, 0xFF, 0xF0, 0x07,
    0x00, 0x00, 0x1C, 0x00, 0x3C, 0x71, 0x83, 0xFD, 0xCF, 0x07, 0xFF, 0x3E, 0x00, 0xFF, 0xF0, 0x01,
    0xFF, 0xC0, 0x0F, 0xF3, 0x80, 0xFF, 0x1E, 0x0F, 0xDC, 0xF8, 0x7C, 0x77, 0x00, 0xC1, 0xDC, 0x00,
    0x07, 0x3F, 0x80, 0x1C, 0xFE, 0x00, 0x00, 0xF0, 0xFF, 0xFF, 0xFF, 0xFF, 0xF0, 0x01, 0xC0, 0x00,
    0x70, 0x0E, 0x3C, 0x0F, 0xFF, 0x87, 0xFF, 0xF1, 0xC7, 0x8C, 0x71, 0xC3, 0x9C, 0x70, 0xE7, 0x1C,
    0x39, 0xC0, 0x3C, 0x38, 0x1F, 0x0F, 0x0F, 0x01, 0xF3, 0x80, 0x18, 0xE0, 0x00, 0x1F, 0xC0, 0x07,
    0xF0, 0x00, 0x78, 0x18, 0x20, 0x70, 0xE0, 0xE1, 0xC0, 0xFF, 0x00, 0xFE, 0x00, 0xF0, 0x00, 0x00,
    0x7F, 0xFF, 0xFF, 0xFE, 0x60, 0xE0, 0xC1, 0xC1, 0x83, 0x83, 0x07, 0x06, 0x0E, 0x0C, 0x1C, 0x18,
    0x78, 0x38, 0xE0, 0x79, 0x80, 0x7C, 0x00, 0x7E, 0x00, 0x3E, 0x00, 0x1E, 0x00, 0x1C, 0x00, 0x38,
    0x00, 0x70, 0x00, 0x40, 0x30, 0x00, 0x70, 0x00, 0xFE, 0x00, 0xFE, 0x00, 0xFE, 0x00, 0x0E, 0x00,
    0x1C, 0x7F, 0xFF, 0xFF, 0xFE, 0x60, 0xE0, 0xC1, 0xC1, 0x83, 0x83, 0x07, 0x06, 0x0E, 0x0C, 0x1C,
    0x18, 0x78, 0x38, 0xE0, 0x79, 0x80, 0x7C, 0x00, 0x7E, 0x00, 0x3E, 0x00, 0x1E, 0x00, 0x1C, 0x00,
    0x38, 0x00, 0x70, 0x00, 0x40, 0xFF, 0xFF, 0xFF, 0xFC, 0xC1, 0xC1, 0x83, 0x83, 0x07, 0x06, 0x0E,
    0x0C, 0x1C, 0x18, 0x38, 0x30, 0xF0, 0x71, 0xC0, 0xF3, 0x00, 0xF8, 0x00, 0xFC, 0x00, 0x7C, 0x00,
    0x3C, 0x00, 0x38, 0x00, 0x70, 0x00, 0xE0, 0x00, 0x80, 0x0F, 0x00, 0x3F, 0x00, 0x3F, 0x00, 0x07,
    0x00, 0x0E, 0x00, 0x0C, 0x00, 0x1C, 0x00, 0x38, 0xFF, 0xFF, 0xFF, 0xFC, 0xC1, 0xC1, 0x83, 0x83,
    0x07, 0x06, 0x0E, 0x0C, 0x1C, 0x18, 0x38, 0x30, 0xF0, 0x71, 0xC0, 0xF3, 0x00, 0xF8, 0x00, 0xFC,
    0x00, 0x7C, 0x00, 0x3C, 0x00, 0x38, 0x00, 0x70, 0x00, 0xE0, 0x00, 0x80, 0x00, 0x01, 0x82, 0x00,
    0x00, 0xE0, 0xC0, 0x00, 0x1C, 0x70, 0x00, 0x07, 0xFC, 0x00, 0x00, 0xFE, 0x00, 0x00, 0x0E, 0x00,
    0x00, 0x00, 0x00, 0x3F, 0x1F, 0xFF, 0x1F, 0xE7, 0xFF, 0xC3, 0x1C, 0xE1, 0xC0, 0x07, 0x38, 0x70,
    0x01, 0xCE, 0x1C, 0x01, 0xE3, 0x87, 0x09, 0xF8, 0xE1, 0xC6, 0x7F, 0xF8, 0x71, 0xC1, 0xFE, 0x1C,
    0x70, 0x7F, 0x87, 0x0E, 0x1C, 0xE1, 0xC3, 0xC7, 0x38, 0x70, 0x7F, 0xCE, 0x1C, 0x0F, 0xE3, 0x87,
    0x00, 0xE0, 0xE1, 0xC0, 0x00, 0x38, 0x70, 0x00, 0x03, 0x00, 0x00, 0x00, 0xC0, 0x00, 0x00, 0x3F,
    0x80, 0x00, 0x07, 0xF0, 0x00, 0x00, 0xFE, 0x00, 0x00, 0x03, 0x80, 0x00, 0x00, 0x60, 0x3F, 0x1F,
    0xFF, 0x1F, 0xE7, 0xFF, 0xC3, 0x1C, 0xE1, 0xC0, 0x07, 0x38, 0x70, 0x01, 0xCE, 0x1C, 0x01, 0xE3,
    0x87, 0x09, 0xF8, 0xE1, 0xC6, 0x7F, 0xF8, 0x71, 0xC1, 0xFE, 0x1C, 0x70, 0x7F, 0x87, 0x0E, 0x1C,
    0xE1, 0xC3, 0xC7, 0x38, 0x70, 0x7F, 0xCE, 0x1C, 0x0F, 0xE3, 0x87, 0x00, 0xE0, 0xE1, 0xC0, 0x00,
    0x38, 0x70, 0x00, 0x00, 0xE0, 0x00, 0x00, 0x7E, 0x00, 0x00, 0x1F, 0xC0, 0x00, 0x00, 0x70, 0x00,
    0x00, 0x0E, 0x00, 0x00, 0x03, 0x80, 0x00, 0x00, 0x60, 0x00, 0x00, 0x18, 0x0F, 0xC7, 0xFF, 0xC7,
    0xF9, 0xFF, 0xF0, 0xC7, 0x38, 0x70, 0x01, 0xCE, 0x1C, 0x00, 0x73, 0x87, 0x00, 0x78, 0xE1, 0xC2,
    0x7E, 0x38, 0x71, 0x9F, 0xFE, 0x1C, 0x70, 0x7F, 0x87, 0x1C, 0x1F, 0xE1, 0xC3, 0x87, 0x38, 0x70,
    0xF1, 0xCE, 0x1C, 0x1F, 0xF3, 0x87, 0x03, 0xF8, 0xE1, 0xC0, 0x38, 0x38, 0x70, 0x00, 0x0E, 0x1C,
    0x00, 0x00, 0xE0, 0x00, 0x00, 0x7E, 0x00, 0x00, 0x1F, 0x80, 0x00, 0x03, 0xF0, 0x00, 0x01, 0xFC,
    0x00, 0x00, 0x7F, 0x80, 0x00, 0x00, 0xE0, 0x00, 0x00, 0x18, 0x0F, 0xC7, 0xFF, 0xC7, 0xF9, 0xFF,
    0xF0, 0xC7, 0x38, 0x70, 0x01, 0xCE, 0x1C, 0x00, 0x73, 0x87, 0x00, 0x78, 0xE1, 0xC2, 0x7E, 0x38,
    0x71, 0x9F, 0xFE, 0x1C, 0x70, 0x7F, 0x87, 0x1C, 0x1F, 0xE1, 0xC3, 0x87, 0x38, 0x70, 0xF1, 0xCE,
    0x1C, 0x1F, 0xF3, 0x87, 0x03, 0xF8, 0xE1, 0xC0, 0x38, 0x38, 0x70, 0x00, 0x0E, 0x1C, 0xFF, 0xFF,
    0xFF, 0xFF, 0xFF, 0x00, 0x70, 0x00, 0xF7, 0x00, 0x3F, 0xF0, 0x03, 0xFF, 0x70, 0x70, 0x7F, 0x87,
    0x07, 0xFC, 0x70, 0x79, 0xC7, 0x07, 0x0C, 0x70, 0xF0, 0xC3, 0xFF, 0x1C, 0x3F, 0xF1, 0xC0, 0xE7,
    0x38, 0x00, 0x71, 0x80, 0x07, 0x00, 0xFF, 0xFF, 0xFF, 0xFF, 0xFF, 0xC1, 0xC0, 0x38, 0x0E, 0x1D,
    0xC0, 0x73, 0xFE, 0x13, 0xBF, 0xF1, 0xF9, 0xC3, 0x8F, 0xCC, 0x1C, 0x7C, 0x70, 0xE3, 0xC3, 0xFF,
    0x0E, 0x0F, 0xF8, 0x38, 0x3F, 0xC1, 0xE0, 0x0E, 0x07, 0xC1, 0xF0, 0x0F, 0xFF, 0x80, 0x3F, 0xFC,
    0xFF, 0xFF, 0xFF, 0xFC, 0x71, 0xC0, 0xE3, 0x81, 0xC7, 0x03, 0x8E, 0x0F, 0x1C, 0x3E, 0x38, 0x7C,
    0x70, 0xF8, 0xE0, 0xE1, 0xC0, 0xC3, 0x80, 0x07, 0x00, 0x0E, 0x00, 0x1C, 0x00, 0x38, 0xFF, 0xFF,
    0xFF, 0xFE, 0x70, 0x38, 0x70, 0x38, 0x70, 0x38, 0x3F, 0x38, 0x3F, 0x38, 0x3F, 0x38, 0x78, 0x38,
    0x70, 0x38, 0x38, 0x78, 0x3F, 0xF8, 0x1F, 0xF8, 0x07, 0xB8, 0x00, 0x38, 0x00, 0x38, 0xFF, 0xFF,
    0xFF, 0xFF, 0xF0, 0x03, 0x80, 0x1F, 0xE0, 0x0F, 0xF8, 0x07, 0xFC, 0x01, 0xC0, 0x38, 0x70, 0x1E,
    0x1F, 0xE3, 0x83, 0xFE, 0x00, 0x7F, 0x80, 0xC0, 0x70, 0x78, 0x1C, 0x0F, 0x8E, 0x01, 0xFF, 0x80,
    0x3F, 0xC0, 0xFF, 0xFF, 0xFF, 0xFF, 0xC0, 0x07, 0x00, 0x03, 0x87, 0xFD, 0xC3, 0xFE, 0xE1, 0xFF,
    0x70, 0x38, 0x38, 0x1C, 0x1C, 0x0E, 0x0E, 0x07, 0x0F, 0x01, 0xFF, 0x80, 0xFF, 0xC0, 0x1E, 0xE0,
    0x00, 0x70, 0x00, 0x38, 0xFF, 0xFF, 0xFF, 0xFF, 0xF0, 0x01, 0xC0, 0x78, 0x70, 0x3F, 0x7E, 0x1F,
    0x9F, 0xC7, 0x0E, 0x31, 0xC3, 0x8E, 0x7F, 0x73, 0x8F, 0xDE, 0xE3, 0xF1, 0xF0, 0xE0, 0x1C, 0x38,
    0x0E, 0x0F, 0x0F, 0x81, 0xFF, 0xC0, 0x3F, 0xC0, 0xFF, 0xFF, 0xFF, 0xFF, 0xFC, 0x00, 0x0E, 0x00,
    0x01, 0xC0, 0x1F, 0xF8, 0xC3, 0xFF, 0x1C, 0x7F, 0xE3, 0x87, 0x1C, 0x30, 0x63, 0x87, 0x0E, 0x70,
    0x71, 0xCE, 0x0F, 0xF9, 0xC0, 0xFE, 0x38, 0x07, 0x07, 0x00, 0x00, 0xE0, 0x00, 0x1C, 0xFF, 0xFF,
    0xFF, 0xFF, 0xFF, 0x00, 0xC3, 0x81, 0xFC, 0x38, 0x3F, 0xC3, 0x87, 0xFC, 0x38, 0x70, 0x03, 0x87,
    0x00, 0x38, 0x7F, 0xFF, 0x83, 0xFF, 0xF8, 0x1F, 0xFF, 0x80, 0x06, 0x38, 0x70, 0x73, 0x87, 0x8E,
    0x38, 0x7F, 0xE3, 0x83, 0xFC, 0x38, 0x0E, 0x00, 0x00, 0x70, 0x00, 0x07, 0x80, 0x00, 0x30, 0x00,
    0x00, 0x00, 0x00, 0xFF, 0xFF, 0xFF, 0xFF, 0xFC, 0x00, 0x0E, 0x00, 0x01, 0xC0, 0x3C, 0x38, 0x0F,
    0xC7, 0x09, 0xFC, 0xE3, 0x01, 0xFC, 0x70, 0x3F, 0x87, 0x0F, 0xF0, 0xFF, 0xCE, 0x07, 0xF1, 0xC0,
    0x38, 0x38, 0x00, 0x07, 0x00, 0x00, 0xE0, 0x00, 0x1C, 0xFF, 0xFF, 0xFF, 0xC0, 0x30, 0x01, 0x80,
    0x7C, 0x0F, 0xE0, 0xFF, 0x0F, 0x00, 0x70, 0x03, 0x80, 0x1C, 0x00, 0xE0, 0x07, 0x01, 0x1E, 0x38,
    0xFF, 0xC1, 0xFC, 0xFF, 0xFF, 0xFF, 0xFC, 0x07, 0x00, 0x0E, 0x00, 0x1C, 0x00, 0xF8, 0x07, 0xFC,
    0x1F, 0xFC, 0x78, 0x38, 0xE0, 0x39, 0xC0, 0x73, 0x80, 0xE7, 0x01, 0xC7, 0x8F, 0x0F, 0xFC, 0x07,
    0xF0, 0xFF, 0xFF, 0xFF, 0xFC, 0x00, 0xE0, 0x3F, 0xC0, 0xFF, 0x83, 0xFE, 0x07, 0x00, 0x0E, 0x00,
    0x1F, 0xE0, 0x1F, 0xF0, 0x1F, 0xE1, 0x80, 0xE7, 0x81, 0xC7, 0xC7, 0x07, 0xFE, 0x07, 0xF8, 0xFF,
    0xFF, 0xFF, 0xFC, 0x01, 0x80, 0x03, 0x00, 0x7E, 0x03, 0xFC, 0x0F, 0xF8, 0x3C, 0x00, 0x70, 0xE0,
    0xE7, 0xF1, 0xCF, 0xE3, 0x98, 0xC7, 0x31, 0x87, 0xE7, 0x07, 0xFE, 0x07, 0xF0, 0xFF, 0xFF, 0xFF,
    0xFF, 0xFC, 0xC3, 0x9C, 0x18, 0x73, 0x83, 0x0E, 0x70, 0x61, 0xCE, 0x0C, 0x39, 0xC1, 0x87, 0x38,
    0x30, 0xE7, 0x07, 0x1C, 0xE0, 0xFF, 0x1C, 0x0F, 0xE3, 0x80, 0x70, 0x70, 0x00, 0x0E, 0x00, 0x01,
    0xC0, 0x00, 0x38, 0xFF, 0xFF, 0xFF, 0xFC, 0x00, 0xC0, 0x01, 0x80, 0x03, 0x01, 0xFE, 0x0F, 0xFC,
    0x3F, 0xF8, 0x70, 0x30, 0xE0, 0x61, 0xC0, 0xC3, 0x81, 0x87, 0x03, 0x07, 0x06, 0x07, 0x0C, 0x06,
    0x18, 0x00, 0x00, 0x7E, 0xFF, 0xFF, 0xFF, 0xE7, 0x38, 0xE7, 0x38, 0x77, 0x38, 0x77, 0x38, 0x0F,
    0x38, 0xFE, 0x38, 0xFC, 0x38, 0x70, 0x38, 0x78, 0x78, 0x3F, 0xF8, 0x1F, 0xF8, 0x07, 0xB8, 0x00,
    0x38, 0x00, 0x38, 0xFF, 0xFF, 0xFF, 0xF0, 0x0E, 0x00, 0x38, 0x07, 0xE0, 0x7F, 0x83, 0xFE, 0x1E,
    0x00, 0x70, 0x01, 0xC1, 0x87, 0x0F, 0x1E, 0x3C, 0x3F, 0xF0, 0x7F, 0x80, 0x7E, 0x00, 0x1C, 0x00,
    0x70, 0x00, 0x80, 0x7E, 0xFF, 0xFD, 0xFF, 0x9C, 0xE7, 0x31, 0xCE, 0xE3, 0x9C, 0x07, 0x1F, 0xCE,
    0x1F, 0x9C, 0x7E, 0x38, 0xE0, 0x71, 0xC1, 0xE1, 0xFF, 0xC3, 0xFF, 0x81, 0xF7, 0x00, 0x0E, 0x00,
    0x1C, 0xFF, 0xFF, 0xFF, 0xFC, 0x01, 0xC0, 0x03, 0x80, 0x07, 0x00, 0x0E, 0x1F, 0xFC, 0x3F, 0xF8,
    0x7F, 0xF0, 0xF0, 0xE0, 0xE1, 0xC0, 0x83, 0x80, 0x07, 0x00, 0x0E, 0x00, 0x1C, 0x00, 0x38, 0xFF,
    0xFF, 0xFF, 0xFC, 0x01, 0xC0, 0x03, 0x80, 0x07, 0x00, 0x0E, 0x1F, 0xFC, 0x3F, 0xF8, 0x7F, 0xF0,
    0xF0, 0xE0, 0xE1, 0xC0, 0x83, 0x80, 0x07, 0x00, 0x0E, 0x07, 0x1C, 0x0E, 0x38, 0x1C, 0x00, 0xFF,
    0xFF, 0xFF, 0xFC, 0xC0, 0xC1, 0x81, 0x83, 0x03, 0x06, 0x06, 0x0C, 0x0C, 0x18, 0x18, 0x38, 0x70,
    0x7F, 0xE0, 0x7F, 0xC0, 0x3D, 0x80, 0x03, 0x00, 0x06, 0x00, 0x0C, 0x00, 0x18, 0xFF, 0xFF, 0xFF,
    0xFF, 0xFF, 0x30, 0x70, 0x03, 0x07, 0x00, 0x30, 0x70, 0x03, 0x07, 0x70, 0x30, 0x7F, 0x83, 0x07,
    0xFC, 0x38, 0x78, 0xC3, 0xFF, 0x0E, 0x1F, 0xF0, 0xE0, 0xFF, 0x1C, 0x00, 0x71, 0xC0, 0x07, 0x3C,
    0x00, 0x71, 0x80, 0x07, 0x00, 0xFF, 0xFF, 0xFF, 0xFC, 0x00, 0xC0, 0x39, 0x81, 0xFB, 0x07, 0xF6,
    0x1F, 0x8C, 0x3B, 0x18, 0x77, 0x30, 0xE7, 0x61, 0xC7, 0xC1, 0xFF, 0x83, 0xFF, 0x01, 0xE6, 0x00,
    0x0C, 0x00, 0x18, 0x7C, 0x7F, 0xFF, 0x3F, 0xFB, 0x83, 0x9C, 0xE1, 0xCF, 0x70, 0xE3, 0xB8, 0x70,
    0x5C, 0x38, 0x1F, 0xFC, 0x1F, 0xFE, 0x0F, 0xFF, 0x07, 0xC3, 0x81, 0xC1, 0xC0, 0x00, 0xE0, 0x00,
    0x70, 0x00, 0x38, 0x00, 0x1C, 0xFF, 0xFF, 0xFF, 0xFF, 0x1C, 0x38, 0x1C, 0x38, 0x1C, 0x38, 0x1C,
    0x38, 0x1C, 0x38, 0x7F, 0xF8, 0x7F, 0xF8, 0x7F, 0xF8, 0x7C, 0x38, 0x38, 0x38, 0x00, 0x38, 0x00,
    0x38, 0x00, 0x38, 0x00, 0x38, 0xFF, 0xFF, 0xFF, 0xFC, 0x70, 0xE0, 0x71, 0xC0, 0xE3, 0x83, 0xC7,
    0x1F, 0x0E, 0x3C, 0x1C, 0x70, 0x38, 0xF0, 0xF0, 0xFF, 0xE0, 0xFF, 0xC0, 0x7B, 0x80, 0x07, 0x00,
    0x0E, 0x00, 0x1C, 0xFF, 0xFF, 0xFC, 0x0E, 0x01, 0xC0, 0x38, 0x07, 0x1D, 0xC3, 0xF8, 0x7E, 0x0F,
    0x00, 0xE0, 0x0E, 0x00, 0xE0, 0x0E, 0x00, 0xE0, 0x0C, 0x00, 0x00, 0xFF, 0xFF, 0xFC, 0x0E, 0x01,
    0xC0, 0x38, 0x07, 0x1D, 0xC3, 0xF8, 0x7E, 0x0F, 0x00, 0xE0, 0x0E, 0x00, 0xE0, 0x7E, 0x1E, 0xE1,
    0x8C, 0x00, 0x00, 0xFF, 0xFF, 0xFF, 0xFF, 0xF0, 0x00, 0xE0, 0x00, 0x38, 0x0E, 0x1E, 0x0F, 0xFF,
    0x87, 0xFF, 0xE1, 0xC7, 0xB8, 0x71, 0xCE, 0x1C, 0x73, 0x87, 0x18, 0xE1, 0xC0, 0x38, 0x38, 0x0E,
    0x0F, 0x03, 0x81, 0xF0, 0xE0, 0x18, 0x38, 0x00, 0x00, 0x00, 0xFF, 0xFF, 0xFF, 0xFF, 0xFF, 0x00,
    0x0E, 0x00, 0x00, 0xE0, 0x0E, 0x0E, 0x01, 0xF9, 0xF0, 0x3F, 0xFF, 0x87, 0x1F, 0x1C, 0x70, 0xE1,
    0xC7, 0x0E, 0x1C, 0x70, 0xE1, 0xC7, 0x0C, 0x1C, 0x71, 0xE1, 0xC3, 0xFF, 0xF8, 0x3F, 0xBF, 0x80,
    0xE0, 0xE0, 0xFF, 0xFF, 0xFF, 0xFF, 0xFF, 0x00, 0x0E, 0x00, 0x00, 0xE0, 0x0E, 0x0E, 0x01, 0xF9,
    0xF0, 0x3F, 0xFF, 0x87, 0x1F, 0x1C, 0x70, 0xE1, 0xC7, 0x0E, 0x1C, 0x70, 0xE1, 0xC7, 0x0C, 0x1C,
    0x71, 0xE1, 0xC3, 0xFF, 0xF8, 0x3F, 0xBF, 0x80, 0xE0, 0xE0, 0x00, 0x00, 0x00, 0x0E, 0x00, 0x00,
    0xE0, 0x00, 0x0E, 0x00, 0xFF, 0xFF, 0xFF, 0xFC, 0x01, 0xC0, 0x7B, 0x83, 0xFF, 0x07, 0xFE, 0x1C,
    0x1C, 0x38, 0x38, 0x70, 0x70, 0xE0, 0xE1, 0xC3, 0xC1, 0xFF, 0x83, 0xFF, 0x01, 0xEE, 0x00, 0x1C,
    0x00, 0x38, 0x1F, 0x3F, 0xCF, 0xEF, 0xF3, 0x9C, 0xE0, 0xC7, 0x38, 0x39, 0xCE, 0x0F, 0xF3, 0x80,
    0xFC, 0xE0, 0x07, 0x38, 0x03, 0x8E, 0x1F, 0xC3, 0x8F, 0xE0, 0xE1, 0xF8, 0x38, 0x0F, 0x0E, 0x01,
    0xC3, 0x80, 0x38, 0xE0, 0x0E, 0x38, 0x01, 0x00, 0x00, 0xFF, 0xFF, 0xFF, 0xFC, 0xF0, 0xE1, 0xF1,
    0xC3, 0x73, 0x86, 0x67, 0x0C, 0xEE, 0x18, 0xFC, 0x38, 0xF8, 0x71, 0xF0, 0xFF, 0xE0, 0xFF, 0xC0,
    0x73, 0x80, 0x07, 0x00, 0x0E, 0x00, 0x1C, 0xFF, 0xFF, 0xFF, 0xFF, 0xF0, 0x70, 0xE0, 0x1C, 0x38,
    0x07, 0x0E, 0x09, 0xC3, 0x87, 0xF0, 0xE1, 0xFF, 0xF8, 0x7F, 0xFE, 0x1E, 0x7F, 0x83, 0x80, 0xE0,
    0x70, 0x38, 0x1E, 0x0E, 0x03, 0xC3, 0x80, 0x78, 0xE0, 0x0E, 0x38, 0x00, 0x00, 0x00, 0xFF, 0xFF,
    0xFF, 0xF0, 0x06, 0x03, 0xF8, 0x3F, 0xE0, 0xFF, 0x87, 0x00, 0x1C, 0x00, 0x3F, 0x80, 0x7F, 0x83,
    0xFF, 0x0E, 0x1C, 0x70, 0x31, 0xC1, 0xC3, 0x8F, 0x0F, 0x18, 0x1E, 0x00, 0x3F, 0x00, 0x7C, 0x00,
    0x60, 0xFF, 0xFE, 0x00, 0x38, 0x70, 0xE1, 0xC3, 0x9F, 0xFF, 0x9C, 0x38, 0x70, 0xE1, 0xC3, 0x87,
    0x0E, 0x1C, 0x38, 0x70, 0xE1, 0xC3, 0x80, 0x6F, 0xE0, 0x1F, 0xC7, 0xF8, 0xE0, 0x1C, 0x03, 0xC0,
    0x3C, 0x03, 0xC0, 0x3C, 0x03, 0xC4, 0x3D, 0xC3, 0xB8, 0x73, 0x8E, 0x7F, 0xC7, 0xF0, 0x38, 0xFF,
    0xFC, 0xE1, 0xC3, 0x87, 0x0E, 0x1C, 0x38, 0x70, 0xE1, 0xC3, 0x87, 0x0E, 0x1C, 0x1F, 0xF0, 0x07,
    0xFF, 0x81, 0xF0, 0xF8, 0x38, 0x07, 0x87, 0x00, 0x38, 0xE0, 0x03, 0x9C, 0x00, 0x3F, 0xF0, 0x00,
    0xFE, 0x00, 0x07, 0x00, 0x00, 0xE0, 0x00, 0x1C, 0x00, 0x03, 0x80, 0x00, 0x70, 0x00, 0x0E, 0x00,
    0x01, 0xC0, 0x00, 0x38, 0x00, 0x07, 0x00, 0x00, 0xE0, 0x00, 0x1C, 0x00, 0x03, 0x80, 0x00, 0x70,
    0x00, 0x0E, 0x00, 0x00, 0x3E, 0x03, 0xF8, 0x3C, 0xE1, 0xC3, 0x0E, 0x1C, 0x70, 0xE1, 0xC3, 0x00,
    0x7F, 0x03, 0xF8, 0x07, 0x00, 0x38, 0x01, 0xC0, 0x0E, 0x00, 0x70, 0x03, 0x80, 0x1C, 0x00, 0xE0,
    0x07, 0x00, 0x38, 0x01, 0xC0, 0x0E, 0x00, 0x70, 0x03, 0x80, 0x01, 0xC0, 0x3F, 0x99, 0xFD, 0xE4,
    0x77, 0x83, 0x9F, 0xF8, 0x7F, 0xC0, 0x78, 0x1E, 0x03, 0xFC, 0x1F, 0xF1, 0xC3, 0xCE, 0x0E, 0x3F,
    0x39, 0xF9, 0xC3, 0xC6, 0x38, 0x78, 0xE0, 0xE0, 0xE0, 0xFF, 0x7F, 0x1C, 0x78, 0x7C, 0x38, 0x1C,
    0x0F, 0xF3, 0xF9, 0xF0, 0xC0, 0x7F, 0x3F, 0x87, 0x80, 0x60, 0x9C, 0x19, 0xC7, 0x3F, 0xE3, 0xF8,
    0x1C, 0x00, 0xC0, 0x38, 0x0F, 0xE1, 0xFC, 0x3F, 0x80, 0x60, 0x1C, 0x07, 0x78, 0x7E, 0x1F, 0x80,
    0xE0, 0x70, 0x18, 0x0E, 0x07, 0x78, 0x3E, 0x1F, 0x8E, 0xCF, 0xF7, 0xF8, 0x1E, 0x07, 0x60, 0xB8,
    0x7E, 0x1D, 0xFE, 0x3F, 0x87, 0x80, 0x00, 0x7F, 0x1F, 0xC1, 0xC0, 0x70, 0x1C, 0x07, 0x01, 0xC0,
    0x70, 0x1C, 0x07, 0x01, 0xC0, 0x70, 0x1C, 0x07, 0x01, 0xC0, 0x70, 0x60, 0x07, 0x00, 0x1F, 0xC0,
    0xFF, 0x01, 0xF8, 0x00, 0xE0, 0x03, 0x00, 0x7F, 0x03, 0xF8, 0x07, 0x00, 0x38, 0x01, 0xC0, 0x0E,
    0x00, 0x70, 0x03, 0x80, 0x1C, 0x00, 0xE0, 0x07, 0x00, 0x38, 0x01, 0xC0, 0x0E, 0x00, 0x70, 0x03,
    0x80, 0x70, 0x1F, 0x83, 0xF8, 0x07, 0x00, 0x60, 0x0E, 0x00, 0xC0, 0x18, 0x0F, 0xE1, 0xFC, 0x0E,
    0x01, 0xC0, 0x38, 0x07, 0x00, 0xE0, 0x1C, 0x03, 0x80, 0x70, 0x0E, 0x01, 0xC0, 0x38, 0x07, 0x00,
    0xE0, 0x1C, 0x38, 0x07, 0xE0, 0x7E, 0x03, 0xF0, 0x7F, 0x07, 0xF8, 0x03, 0x80, 0x18, 0x07, 0xF0,
    0x7F, 0x01, 0xC0, 0x1C, 0x01, 0xC0, 0x1C, 0x01, 0xC0, 0x1C, 0x01, 0xC0, 0x1C, 0x01, 0xC0, 0x1C,
    0x01, 0xC0, 0x1C, 0x01, 0xC0, 0x1C, 0xF0, 0x7E, 0x3F, 0x81, 0xE0, 0x70, 0x18, 0x00, 0xFF, 0xFE,
    0x38, 0xE3, 0x8E, 0x38, 0xE3, 0x8E, 0x38, 0xE3, 0x8E, 0x38, 0x0E, 0x00, 0x70, 0x01, 0xE0, 0xC7,
    0x87, 0xEE, 0x3F, 0xF0, 0x7F, 0x80, 0x3C, 0x03, 0xF8, 0x1F, 0xC0, 0x38, 0x01, 0xC0, 0x0E, 0x00,
    0x70, 0x03, 0x80, 0x1C, 0x00, 0xE0, 0x07, 0x00, 0x38, 0x01, 0xC0, 0x0E, 0x00, 0x70, 0x03, 0x80,
    0x1C, 0x00, 0x03, 0x00, 0x00, 0xDD, 0xC0, 0x03, 0xB7, 0x00, 0x0F, 0x38, 0x00, 0x1F, 0xE0, 0x00,
    0x3F, 0x01, 0xFC, 0x00, 0x07, 0xF8, 0x10, 0x08, 0x71, 0xF8, 0x01, 0xCF, 0xE0, 0x07, 0x71, 0xC1,
    0xFB, 0x87, 0x67, 0xFE, 0x1D, 0x8F, 0xF0, 0x77, 0x07, 0xB1, 0xDC, 0x1C, 0xFE, 0x38, 0x73, 0xF8,
    0xF1, 0xC3, 0x81, 0xFF, 0x00, 0x03, 0xF8, 0x00, 0x03, 0x80, 0x00, 0x7F, 0xFE, 0x00, 0x7F, 0xDF,
    0xF7, 0xFC, 0xF3, 0x9C, 0x71, 0x80, 0x3B, 0xDC, 0xCE, 0x00, 0x60, 0xDC, 0x77, 0xFC, 0xFE, 0x7F,
    0xDF, 0xF7, 0xFC, 0xC0, 0xFF, 0xF7, 0xFC, 0x78, 0xC0, 0xDF, 0xF9, 0xFF, 0x6F, 0x2F, 0xFD, 0xFF,
    0x87, 0xC0, 0xFF, 0xFF, 0xFF, 0xFF, 0xFF, 0x00, 0x70, 0x00, 0xF7, 0x00, 0x3F, 0xF0, 0x03, 0xFF,
    0x70, 0x70, 0x7F, 0x87, 0x07, 0xFC, 0x70, 0x79, 0xC7, 0x07, 0x0C, 0x70, 0xF0, 0xC3, 0xFF, 0x1C,
    0x3F, 0xF1, 0xC0, 0xE7, 0x38, 0x38, 0x71, 0x83, 0x87, 0x00, 0x38, 0x00, 0x00, 0xFF, 0xFF, 0xFF,
    0xFF, 0xFF, 0xC1, 0xC0, 0x38, 0x0E, 0x1D, 0xC0, 0x73, 0xFE, 0x13, 0xBF, 0xF1, 0xF9, 0xC3, 0x8F,
    0xCC, 0x1C, 0x7C, 0x70, 0xE3, 0xC3, 0xFF, 0x0E, 0x0F, 0xF8, 0x38, 0x3F, 0xC1, 0xE0, 0x0E, 0x07,
    0xC1, 0xF1, 0xCF, 0xFF, 0x8E, 0x3F, 0xFC, 0x70, 0x00, 0x00, 0xFF, 0xFF, 0xFF, 0xFC, 0x71, 0xC0,
    0xE3, 0x81, 0xC7, 0x03, 0x8E, 0x0F, 0x1C, 0x3E, 0x38, 0x7C, 0x70, 0xF8, 0xE0, 0xE1, 0xC0, 0xC3,
    0x80, 0x07, 0x00, 0x0E, 0x06, 0x1C, 0x1E, 0x38, 0x18, 0x00, 0xFF, 0xFF, 0xFF, 0xFF, 0xFC, 0x00,
    0x0E, 0x00, 0x01, 0xC0, 0x1F, 0xF8, 0xC3, 0xFF, 0x1C, 0x7F, 0xE3, 0x87, 0x1C, 0x30, 0x63, 0x87,
    0x0E, 0x70, 0x71, 0xCE, 0x0F, 0xF9, 0xC0, 0xFE, 0x38, 0x07, 0x07, 0x00, 0x00, 0xE0, 0x00, 0x1C,
    0x03, 0x00, 0x00, 0xF0, 0x00, 0x0C, 0x00, 0x00, 0xFF, 0xFF, 0xFF, 0xFC, 0x00, 0xE0, 0x3F, 0xC0,
    0xFF, 0x83, 0xFE, 0x07, 0x00, 0x0E, 0x00, 0x1F, 0xE0, 0x1F, 0xF0, 0x1F, 0xE1, 0x80, 0xE7, 0x81,
    0xC7, 0xC7, 0x07, 0xFE, 0x07, 0xF8, 0x00, 0x00, 0x00, 0x00, 0x0E, 0x00, 0x1C, 0x00, 0x38, 0x00,
    0xFF, 0xFF, 0xFF, 0xFC, 0x01, 0x80, 0x03, 0x00, 0x7E, 0x03, 0xFC, 0x0F, 0xF8, 0x3C, 0x00, 0x70,
    0xE0, 0xE7, 0xF1, 0xCF, 0xE3, 0x98, 0xC7, 0x31, 0x87, 0xE7, 0x07, 0xFE, 0x07, 0xF0, 0x00, 0x00,
    0x00, 0x00, 0x0E, 0x00, 0x3C, 0x00, 0x38, 0x00, 0xFF, 0xFF, 0xFF, 0xFF, 0xFF, 0x30, 0x70, 0x03,
    0x07, 0x00, 0x30, 0x70, 0x03, 0x07, 0x70, 0x30, 0x7F, 0x83, 0x07, 0xFC, 0x38, 0x78, 0xC3, 0xFF,
    0x0E, 0x1F, 0xF0, 0xE0, 0xFF, 0x1C, 0x00, 0x71, 0xC0, 0x07, 0x3C, 0x1C, 0x71, 0x83, 0xC7, 0x00,
    0x1C, 0x00, 0x00, 0xFF, 0xFF, 0xFF, 0xFC, 0x70, 0xE0, 0x71, 0xC0, 0xE3, 0x83, 0xC7, 0x1F, 0x0E,
    0x3C, 0x1C, 0x70, 0x38, 0xF0, 0xF0, 0xFF, 0xE0, 0xFF, 0xC0, 0x7B, 0x80, 0x07, 0x0E, 0x0E, 0x1E,
    0x1C, 0x38, 0x00, 0xFF, 0xFF, 0xFF, 0xFF, 0xFF, 0xF0, 0x07, 0x00, 0x00, 0x1C, 0x00, 0x3C, 0x71,
    0x83, 0xFD, 0xCF, 0x07, 0xFF, 0x3E, 0x00, 0xFF, 0xF0, 0x01, 0xFF, 0xC0, 0x0F, 0xFB, 0x80, 0xFF,
    0x1E, 0x0F, 0xDC, 0xF8, 0x7C, 0x73, 0x00, 0xC1, 0xCC, 0x60, 0x07, 0x3F, 0x80, 0x1C, 0xFE, 0x00,
    0x03, 0x00, 0x00, 0x0F, 0xE0, 0x00, 0x1F, 0xC0, 0x00, 0x3C, 0xFF, 0xFF, 0xDF, 0xFF, 0xF8, 0x00,
    0x70, 0x00, 0x0E, 0x00, 0xE3, 0xC0, 0x7F, 0xFC, 0x1F, 0xFF, 0xC3, 0x8F, 0x18, 0x71, 0xC3, 0x8E,
    0x38, 0x71, 0xC7, 0x3E, 0x38, 0x0F, 0x83, 0x81, 0xF0, 0x78, 0x70, 0x07, 0xCE, 0x10, 0x30, 0xFE,
    0x00, 0x1F, 0xC0, 0x03, 0xE0, 0x00, 0x71, 0x00, 0x0F, 0xF0, 0x00, 0xFE, 0x00, 0x0F, 0x00, 0x1C,
    0xE1, 0xFF, 0xC7, 0xFF, 0xB8, 0xC6, 0x67, 0x19, 0xC1, 0xE7, 0x8F, 0x0F, 0x30, 0x08, 0xFC, 0x01,
    0xF0, 0x03, 0x80, 0x1C, 0xE0, 0xFF, 0xE1, 0xFF, 0xE7, 0x39, 0xC6, 0x77, 0x8E, 0x1E, 0x1E, 0x3F,
    0x1E, 0x3E, 0x08, 0xF8, 0x01, 0xF8, 0x01, 0xF0, 0x01, 0xC0, 0x7F, 0xFF, 0xFF, 0xFF, 0xFF, 0xFF,
    0x63, 0xF1, 0xF8, 0xFC, 0x7E, 0x3F, 0x1F, 0x8F, 0xC7, 0xE3, 0xF1, 0xF8, 0xFC, 0x7E, 0x3F, 0x1F,
    0x8F, 0xC7, 0x0E, 0x07, 0xF1, 0xFF, 0x38, 0xEE, 0x0F, 0xC1, 0xF8, 0x3F, 0x07, 0x71, 0xCF, 0xF8,
    0xFE, 0x07, 0x00, 0x3E, 0x3F, 0xB8, 0xFC, 0x7E, 0x3B, 0x9D, 0xFC, 0x3C, 0x3C, 0x7C, 0x3E, 0x07,
    0xC0, 0xF0, 0x38, 0x1C, 0x0E, 0x07, 0x00, 0x3F, 0x0F, 0xF1, 0x8F, 0x00, 0xE0, 0x0C, 0x01, 0x98,
    0x77, 0x8E, 0xFF, 0x8F, 0xE0, 0xF8, 0x07, 0x00, 0xE0, 0x0E, 0x01, 0xE0, 0x1C, 0x03, 0x00, 0x7F,
    0x0F, 0xF1, 0x8F, 0x00, 0xE0, 0x1C, 0x07, 0x8F, 0xE1, 0xFC, 0x19, 0xC0, 0x39, 0x83, 0x78, 0xEF,
    0xFC, 0xFF, 0x0F, 0xC0, 0x70, 0x0E, 0x00, 0xE0, 0x18, 0x00, 0x00, 0x1C, 0x1F, 0x83, 0xF0, 0x7E,
    0x0F, 0xE3, 0xDE, 0xF1, 0xFC, 0x1F, 0x07, 0xF1, 0xE7, 0x38, 0xE7, 0x1C, 0xE3, 0x9F, 0xF1, 0xFC,
    0x0E, 0x00, 0x10, 0x07, 0x01, 0xE0, 0x38, 0x0E, 0x01, 0xC0, 0x38, 0x77, 0x0F, 0x71, 0xEF, 0xFC,
    0xFF, 0x07, 0xE0, 0x0C, 0x01, 0x80, 0x38, 0x07, 0x00, 0xE0, 0x3F, 0x8F, 0xF1, 0xE0, 0x38, 0x07,
    0x00, 0xEE, 0x0F, 0xE3, 0xFC, 0x70, 0x0E, 0x01, 0x86, 0x30, 0xE7, 0x1E, 0xFF, 0x8F, 0xF0, 0x7E,
    0x00, 0xE0, 0x1C, 0x01, 0x00, 0x30, 0x03, 0x00, 0x70, 0x07, 0x1C, 0x73, 0xE7, 0x7F, 0x77, 0x76,
    0x73, 0x67, 0x37, 0x7F, 0x73, 0xF7, 0x0F, 0x78, 0x73, 0xFE, 0x1F, 0xC0, 0x70, 0x01, 0x80, 0x70,
    0x1E, 0x07, 0x81, 0xE0, 0x38, 0x0E, 0x03, 0xC0, 0x70, 0x0E, 0x01, 0x80, 0x30, 0x07, 0x0C, 0xFF,
    0xCF, 0xF0, 0x78, 0x7E, 0x3F, 0xB9, 0xDC, 0x7E, 0x3F, 0x3B, 0xFC, 0xFC, 0x3C, 0x0F, 0x03, 0xC0,
    0xF0, 0x38, 0x1C, 0x0E, 0x07, 0x03, 0x00, 0x1C, 0x3F, 0x1F, 0xDC, 0x6E, 0x33, 0xF9, 0xF8, 0x38,
    0x7F, 0x70, 0x00, 0x10, 0x20, 0x03, 0x87, 0x00, 0x38, 0x70, 0x01, 0xFE, 0x00, 0x1F, 0xC0, 0x00,
    0x78, 0x00, 0x00, 0x00, 0xFC, 0x7F, 0x1F, 0xE7, 0xF0, 0xC7, 0x38, 0x00, 0x73, 0x80, 0x07, 0x38,
    0x01, 0xE3, 0x82, 0x7E, 0x38, 0x67, 0xFF, 0x87, 0x07, 0xF8, 0x70, 0x7F, 0x83, 0x87, 0x38, 0x3C,
    0x73, 0x81, 0xFF, 0x38, 0x0F, 0xE3, 0x80, 0x38, 0x38, 0x00, 0x03, 0x80, 0x00, 0x03, 0x80, 0x00,
    0x38, 0x00, 0x03, 0x80, 0x00, 0x38, 0x00, 0x03, 0x80, 0xFC, 0x7F, 0x1F, 0xE7, 0xF0, 0xC7, 0x38,
    0x00, 0x73, 0x80, 0x07, 0x38, 0x01, 0xE3, 0x82, 0x7E, 0x38, 0x67, 0xFF, 0x87, 0x07, 0xF8, 0x70,
    0x7F, 0x83, 0x87, 0x38, 0x3C, 0x73, 0x81, 0xFF, 0x38, 0x0F, 0xE3, 0x80, 0x38, 0x38, 0x00, 0x03,
    0x80, 0x00, 0x00, 0x07, 0x00, 0x00, 0x01, 0xC0, 0x00, 0x00, 0x70, 0x00, 0x00, 0x1C, 0x00, 0x00,
    0x07, 0x03, 0xF1, 0xFF, 0xF1, 0xFE, 0x7F, 0xFC, 0x31, 0xCE, 0x1C, 0x00, 0x73, 0x87, 0x00, 0x1C,
    0xE1, 0xC0, 0x1E, 0x38, 0x70, 0x9F, 0x8E, 0x1C, 0x67, 0xFF, 0x87, 0x1C, 0x1F, 0xE1, 0xC7, 0x07,
    0xF8, 0x70, 0xE1, 0xCE, 0x1C, 0x3C, 0x73, 0x87, 0x07, 0xFC, 0xE1, 0xC0, 0xFE, 0x38, 0x70, 0x0E,
    0x0E, 0x1C, 0x00, 0x03, 0x87, 0x00, 0x00, 0x00, 0x30, 0x00, 0x00, 0x1C, 0x00, 0x00, 0x03, 0xC0,
    0x00, 0x0C, 0x7C, 0x00, 0x03, 0xF7, 0x00, 0x00, 0xFF, 0xC0, 0x00, 0x0F, 0xF0, 0x00, 0x00, 0x1C,
    0x0F, 0xC7, 0xFF, 0xC7, 0xF9, 0xFF, 0xF0, 0xC7, 0x38, 0x70, 0x01, 0xCE, 0x1C, 0x00, 0x73, 0x87,
    0x00, 0x78, 0xE1, 0xC2, 0x7E, 0x38, 0x71, 0x9F, 0xFE, 0x1C, 0x70, 0x7F, 0x87, 0x1C, 0x1F, 0xE1,
    0xC3, 0x87, 0x38, 0x70, 0xF1, 0xCE, 0x1C, 0x1F, 0xF3, 0x87, 0x03, 0xF8, 0xE1, 0xC0, 0x38, 0x38,
    0x70, 0x00, 0x0E, 0x1C, 0x0F, 0xC7, 0xF1, 0xFE, 0x7F, 0x0C, 0x73, 0x80, 0x07, 0x38, 0x00, 0x73,
    0x80, 0x1E, 0x38, 0x27, 0xE3, 0x86, 0x7F, 0xF8, 0x70, 0x7F, 0x87, 0x07, 0xF8, 0x38, 0x73, 0x83,
    0xC7, 0x38, 0x1F, 0xF3, 0x80, 0xFE, 0x38, 0x03, 0x83, 0x80, 0x00, 0x38, 0x00, 0x00, 0x00, 0x18,
    0x18, 0x01, 0xFF, 0x80, 0x0F, 0xF8, 0x00, 0x3C, 0x00, 0x0F, 0xC7, 0xF1, 0xFE, 0x7F, 0x0C, 0x73,
    0x80, 0x07, 0x38, 0x00, 0x73, 0x80, 0x1E, 0x38, 0x27, 0xE3, 0x86, 0x7F, 0xF8, 0x70, 0x7F, 0x87,
    0x07, 0xF8, 0x38, 0x73, 0x83, 0xC7, 0x38, 0x1F, 0xF3, 0x80, 0xFE, 0x38, 0x03, 0x83, 0x80, 0x00,
    0x38, 0x01, 0x81, 0x80, 0x1F, 0xF8, 0x00, 0xFF, 0x80, 0x0B, 0xC8, 0x01, 0xFF, 0x80, 0x1F, 0xF8,
    0x00, 0x3E, 0x00, 0xFF, 0xFF, 0xFF, 0xFC, 0x70, 0x00, 0xE0, 0x01, 0xC0, 0x03, 0xF0, 0x0F, 0xF8,
    0x3F, 0xF8, 0x7C, 0x78, 0xF8, 0x70, 0xF0, 0xE0, 0xC1, 0xC0, 0x03, 0x80, 0x07, 0x00, 0x1C, 0x00,
    0x38, 0x00, 0x20, 0xFF, 0xFF, 0xFF, 0xFF, 0xFC, 0x00, 0x0E, 0x00, 0xFF, 0xC6, 0x1F, 0xF8, 0xC3,
    0xFF, 0x1C, 0x78, 0xE3, 0x83, 0x1C, 0x38, 0x73, 0x83, 0x8E, 0x70, 0x7F, 0xCE, 0x07, 0xF1, 0xC0,
    0x38, 0x38, 0x1C, 0xC7, 0x03, 0xBC, 0xE0, 0x7F, 0x1C, 0x03, 0x80, 0x00, 0x70, 0x00, 0xFF, 0xFF,
    0xFF, 0xFC, 0x70, 0xE0, 0x71, 0xC0, 0xF3, 0x83, 0xF7, 0x1F, 0xEE, 0x3C, 0xFC, 0x70, 0xF8, 0xF0,
    0xF0, 0xFF, 0xE0, 0xFF, 0xC0, 0x7B, 0x80, 0x07, 0x00, 0x0E, 0x00, 0x1C, 0xFF, 0xFF, 0xFF, 0xFC,
    0x71, 0xC0, 0xE3, 0x81, 0xC7, 0x03, 0x8E, 0x1F, 0x1C, 0x3E, 0x38, 0x7C, 0x70, 0xF8, 0xE0, 0xE1,
    0xC0, 0x03, 0x80, 0x07, 0x00, 0x0E, 0x0F, 0xFC, 0x1F, 0xF8, 0xFF, 0xFF, 0xFF, 0xFF, 0xFC, 0x00,
    0x0E, 0x00, 0xFF, 0xC6, 0x1F, 0xF8, 0xC3, 0xFF, 0x1C, 0x78, 0xE3, 0x87, 0x1C, 0x38, 0x73, 0x83,
    0x8E, 0x70, 0x7F, 0xCE, 0x07, 0xF1, 0xC0, 0x3C, 0x38, 0x00, 0x07, 0x0F, 0xFF, 0xE1, 0xFF, 0xFC,
    0x7F, 0x3F, 0xE6, 0x3C, 0x07, 0x01, 0xC0, 0x70, 0x1C, 0x1E, 0x1F, 0x07, 0x01, 0xC0, 0x70, 0x1C,
    0x07, 0x01, 0xC0, 0x70, 0xFF, 0xFF, 0xFF, 0xFC, 0x00, 0xE0, 0x3F, 0xC0, 0xFF, 0x83, 0xFF, 0x07,
    0x00, 0x0F, 0xF0, 0x0F, 0xF8, 0x4F, 0xF8, 0xE0, 0x73, 0xFF, 0xE1, 0xFF, 0x80, 0x7C, 0x0F, 0xFF,
    0x1F, 0xFE, 0xFF, 0xFF, 0xFF, 0xFC, 0x00, 0xC0, 0x7D, 0x83, 0xFB, 0x0F, 0xF6, 0x1F, 0x8C, 0x3B,
    0x98, 0x73, 0xB0, 0xE7, 0xE1, 0xFF, 0xC1, 0xFF, 0x80, 0xF3, 0x00, 0x06, 0x0F, 0xFC, 0x1F, 0xF8,
    0x01, 0xC0, 0x00, 0xE0, 0x00, 0xF8, 0x00, 0x7C, 0x00, 0x77, 0x00, 0x3B, 0x80, 0x1D, 0xC0, 0x1C,
    0x70, 0x0E, 0x38, 0x07, 0x1C, 0x07, 0x07, 0x03, 0x83, 0x81, 0xFF, 0xC1, 0xFF, 0xF0, 0xE0, 0x38,
    0xF0, 0x1E, 0x70, 0x07, 0x38, 0x03, 0xBC, 0x00, 0xE0, 0x00, 0x00, 0x00, 0x00, 0x0E, 0x00, 0x07,
    0x00, 0x03, 0x80, 0x00, 0x80, 0x00, 0x1F, 0x8F, 0xF9, 0xFF, 0xF0, 0x72, 0x0E, 0x01, 0xCF, 0xFB,
    0xFF, 0xF8, 0xFC, 0x1F, 0x83, 0xF0, 0xFF, 0xFE, 0xFF, 0xC7, 0x00, 0x00, 0x0E, 0x01, 0xE0, 0x38,
    0x02, 0x00, 0x03, 0xC0, 0x01, 0xF0, 0x00, 0x30, 0x00, 0x38, 0x00, 0x00, 0x00, 0x0E, 0x00, 0x07,
    0x00, 0x07, 0xC0, 0x03, 0xE0, 0x03, 0xB8, 0x01, 0xDC, 0x00, 0xEE, 0x00, 0xE3, 0x80, 0x71, 0xC0,
    0x38, 0xE0, 0x38, 0x38, 0x1C, 0x1C, 0x0F, 0xFE, 0x0F, 0xFF, 0x87, 0x01, 0xC7, 0x80, 0xF3, 0x80,
    0x39, 0xC0, 0x1D, 0xE0, 0x07, 0x1E, 0x03, 0xE0, 0x1C, 0x03, 0x00, 0x00, 0x3F, 0x1F, 0xF3, 0xFF,
    0xE0, 0xE4, 0x1C, 0x03, 0x9F, 0xF7, 0xFF, 0xF1, 0xF8, 0x3F, 0x07, 0xE1, 0xFF, 0xFD, 0xFF, 0x8E,
    0x00, 0x00, 0x1C, 0x00, 0x0E, 0x00, 0x0E, 0x00, 0x07, 0x00, 0x1C, 0x00, 0x1F, 0x00, 0x1D, 0xC0,
    0x0E, 0x70, 0x00, 0x00, 0x00, 0xE0, 0x00, 0x70, 0x00, 0x7C, 0x00, 0x3E, 0x00, 0x3B, 0x80, 0x1D,
    0xC0, 0x0E, 0xE0, 0x0E, 0x38, 0x07, 0x1C, 0x03, 0x8E, 0x03, 0x83, 0x81, 0xC1, 0xC0, 0xFF, 0xE0,
    0xFF, 0xF8, 0x70, 0x1C, 0x78, 0x0F, 0x38, 0x03, 0x9C, 0x01, 0xDE, 0x00, 0x70, 0x00, 0x70, 0x0E,
    0x00, 0xC0, 0x1C, 0x0E, 0x01, 0xF0, 0x1F, 0x83, 0x9C, 0x00, 0x01, 0xF8, 0x7F, 0xC7, 0xFE, 0xE0,
    0xE2, 0x0E, 0x00, 0xE3, 0xFE, 0x7F, 0xEF, 0x8E, 0xE0, 0xEE, 0x0E, 0xE1, 0xEF, 0xFE, 0x7F, 0xE1,
    0xC0, 0x00, 0xE0, 0x00, 0x38, 0x00, 0x0C, 0x00, 0x07, 0x00, 0x1C, 0x00, 0x1F, 0x00, 0x1D, 0xC0,
    0x0E, 0x70, 0x00, 0x00, 0x00, 0xE0, 0x00, 0x70, 0x00, 0x7C, 0x00, 0x3E, 0x00, 0x3B, 0x80, 0x1D,
    0xC0, 0x0E, 0xE0, 0x0E, 0x38, 0x07, 0x1C, 0x03, 0x8E, 0x03, 0x83, 0x81, 0xC1, 0xC0, 0xFF, 0xE0,
    0xFF, 0xF8, 0x70, 0x1C, 0x78, 0x0F, 0x38, 0x03, 0x9C, 0x01, 0xDE, 0x00, 0x70, 0x03, 0x80, 0x70,
    0x07, 0x00, 0x60, 0xE0, 0x3E, 0x07, 0xE1, 0xCE, 0x00, 0x03, 0xF1, 0xFF, 0x3F, 0xFE, 0x0E, 0x41,
    0xC0, 0x39, 0xFF, 0x7F, 0xFF, 0x1F, 0x83, 0xF0, 0x7E, 0x1F, 0xFF, 0xDF, 0xF8, 0xE0, 0x00, 0x78,
    0x00, 0x3C, 0x00, 0x0E, 0x00, 0x06, 0x00, 0x1C, 0x00, 0x1F, 0x00, 0x1D, 0xC0, 0x0E, 0x70, 0x00,
    0x00, 0x00, 0xE0, 0x00, 0x70, 0x00, 0x7C, 0x00, 0x3E, 0x00, 0x3B, 0x80, 0x1D, 0xC0, 0x0E, 0xE0,
    0x0E, 0x38, 0x07, 0x1C, 0x03, 0x8E, 0x03, 0x83, 0x81, 0xC1, 0xC0, 0xFF, 0xE0, 0xFF, 0xF8, 0x70,
    0x1C, 0x78, 0x0F, 0x38, 0x03, 0x9C, 0x01, 0xDE, 0x00, 0x70, 0x03, 0xC0, 0x78, 0x03, 0x00, 0xE0,
    0xE0, 0x3E, 0x07, 0xE1, 0xCE, 0x00, 0x03, 0xF1, 0xFF, 0x3F, 0xFE, 0x0E, 0x41, 0xC0, 0x39, 0xFF,
    0x7F, 0xFF, 0x1F, 0x83, 0xF0, 0x7E, 0x1F, 0xFF, 0xDF, 0xF8, 0xE0, 0x03, 0x10, 0x03, 0xF8, 0x01,
    0xFC, 0x00, 0x8C, 0x00, 0x1C, 0x00, 0x1F, 0x00, 0x1D, 0xC0, 0x0E, 0x70, 0x00, 0x00, 0x00, 0xE0,
    0x00, 0x70, 0x00, 0x7C, 0x00, 0x3E, 0x00, 0x3B, 0x80, 0x1D, 0xC0, 0x0E, 0xE0, 0x0E, 0x38, 0x07,
    0x1C, 0x03, 0x8E, 0x03, 0x83, 0x81, 0xC1, 0xC0, 0xFF, 0xE0, 0xFF, 0xF8, 0x70, 0x1C, 0x78, 0x0F,
    0x38, 0x03, 0x9C, 0x01, 0xDE, 0x00, 0x70, 0x18, 0x87, 0xF8, 0xFE, 0x18, 0x80, 0xE0, 0x3E, 0x07,
    0xE1, 0xCE, 0x00, 0x03, 0xF1, 0xFF, 0x3F, 0xFE, 0x0E, 0x41, 0xC0, 0x39, 0xFF, 0x7F, 0xFF, 0x1F,
    0x83, 0xF0, 0x7E, 0x1F, 0xFF, 0xDF, 0xF8, 0xE0, 0x01, 0xC0, 0x01, 0xF0, 0x01, 0xDC, 0x00, 0xC7,
    0x00, 0x00, 0x00, 0x0E, 0x00, 0x07, 0x00, 0x07, 0xC0, 0x03, 0xE0, 0x03, 0xB8, 0x01, 0xDC, 0x00,
    0xEE, 0x00, 0xE3, 0x80, 0x71, 0xC0, 0x38, 0xE0, 0x38, 0x38, 0x1C, 0x1C, 0x0F, 0xFE, 0x0F, 0xFF,
    0x87, 0x01, 0xC7, 0x80, 0xF3, 0x80, 0x39, 0xC0, 0x1D, 0xE0, 0x07, 0x00, 0x00, 0x00, 0x00, 0x00,
    0x70, 0x00, 0x38, 0x00, 0x1C, 0x00, 0x04, 0x00, 0x0F, 0x03, 0xE0, 0xEE, 0x18, 0xE0, 0x00, 0x3F,
    0x1F, 0xF3, 0xFF, 0xE0, 0xE4, 0x1C, 0x03, 0x9F, 0xF7, 0xFF, 0xF1, 0xF8, 0x3F, 0x07, 0xE1, 0xFF,
    0xFD, 0xFF, 0x8E, 0x00, 0x00, 0x1C, 0x03, 0xC0, 0x70, 0x04, 0x00, 0x00, 0x70, 0x00, 0x70, 0x00,
    0x38, 0x00, 0x18, 0x00, 0x63, 0x00, 0x31, 0x80, 0x1F, 0xC0, 0x07, 0xC0, 0x00, 0x00, 0x00, 0xE0,
    0x00, 0x70, 0x00, 0x7C, 0x00, 0x3E, 0x00, 0x3B, 0x80, 0x1D, 0xC0, 0x0E, 0xE0, 0x0E, 0x38, 0x07,
    0x1C, 0x03, 0x8E, 0x03, 0x83, 0x81, 0xC1, 0xC0, 0xFF, 0xE0, 0xFF, 0xF8, 0x70, 0x1C, 0x78, 0x0F,
    0x38, 0x03, 0x9C, 0x01, 0xDE, 0x00, 0x70, 0x03, 0x80, 0x70, 0x1C, 0x03, 0x03, 0x1C, 0x73, 0x8F,
    0xE0, 0xF8, 0x00, 0x03, 0xF1, 0xFF, 0x3F, 0xFE, 0x0E, 0x41, 0xC0, 0x39, 0xFF, 0x7F, 0xFF, 0x1F,
    0x83, 0xF0, 0x7E, 0x1F, 0xFF, 0xDF, 0xF8, 0xE0, 0x07, 0x00, 0x01, 0xC0, 0x00, 0xE0, 0x00, 0x38,
    0x00, 0x63, 0x00, 0x31, 0x80, 0x1F, 0xC0, 0x07, 0xC0, 0x00, 0x00, 0x00, 0xE0, 0x00, 0x70, 0x00,
    0x7C, 0x00, 0x3E, 0x00, 0x3B, 0x80, 0x1D, 0xC0, 0x0E, 0xE0, 0x0E, 0x38, 0x07, 0x1C, 0x03, 0x8E,
    0x03, 0x83, 0x81, 0xC1, 0xC0, 0xFF, 0xE0, 0xFF, 0xF8, 0x70, 0x1C, 0x78, 0x0F, 0x38, 0x03, 0x9C,
    0x01, 0xDE, 0x00, 0x70, 0x38, 0x03, 0x80, 0x30, 0x07, 0x03, 0x18, 0x63, 0x0F, 0xE0, 0xF8, 0x00,
    0x03, 0xF1, 0xFF, 0x3F, 0xFE, 0x0E, 0x41, 0xC0, 0x39, 0xFF, 0x7F, 0xFF, 0x1F, 0x83, 0xF0, 0x7E,
    0x1F, 0xFF, 0xDF, 0xF8, 0xE0, 0x03, 0xC0, 0x01, 0xF0, 0x00, 0x38, 0x00, 0x18, 0x00, 0x63, 0x00,
    0x31, 0x80, 0x1F, 0xC0, 0x07, 0xC0, 0x00, 0x00, 0x00, 0xE0, 0x00, 0x70, 0x00, 0x7C, 0x00, 0x3E,
    0x00, 0x3B, 0x80, 0x1D, 0xC0, 0x0E, 0xE0, 0x0E, 0x38, 0x07, 0x1C, 0x03, 0x8E, 0x03, 0x83, 0x81,
    0xC1, 0xC0, 0xFF, 0xE0, 0xFF, 0xF8, 0x70, 0x1C, 0x78, 0x0F, 0x38, 0x03, 0x9C, 0x01, 0xDE, 0x00,
    0x70, 0x1E, 0x03, 0xE0, 0x1C, 0x03, 0x03, 0x1C, 0x73, 0x8F, 0xE0, 0xF8, 0x00, 0x03, 0xF1, 0xFF,
    0x3F, 0xFE, 0x0E, 0x41, 0xC0, 0x39, 0xFF, 0x7F, 0xFF, 0x1F, 0x83, 0xF0, 0x7E, 0x1F, 0xFF, 0xDF,
    0xF8, 0xE0, 0x03, 0x10, 0x03, 0xF8, 0x01, 0xFC, 0x00, 0xCC, 0x00, 0x63, 0x00, 0x31, 0x80, 0x1F,
    0xC0, 0x07, 0xC0, 0x00, 0x00, 0x00, 0xE0, 0x00, 0x70, 0x00, 0x7C, 0x00, 0x3E, 0x00, 0x3B, 0x80,
    0x1D, 0xC0, 0x0E, 0xE0, 0x0E, 0x38, 0x07, 0x1C, 0x03, 0x8E, 0x03, 0x83, 0x81, 0xC1, 0xC0, 0xFF,
    0xE0, 0xFF, 0xF8, 0x70, 0x1C, 0x78, 0x0F, 0x38, 0x03, 0x9C, 0x01, 0xDE, 0x00, 0x70, 0x18, 0x87,
    0xF8, 0xFE, 0x18, 0x83, 0x18, 0x73, 0x0F, 0xE0, 0xF8, 0x00, 0x03, 0xF1, 0xFF, 0x3F, 0xFE, 0x0E,
    0x41, 0xC0, 0x39, 0xFF, 0x7F, 0xFF, 0x1F, 0x83, 0xF0, 0x7E, 0x1F, 0xFF, 0xDF, 0xF8, 0xE0, 0x06,
    0x30, 0x03, 0xB8, 0x01, 0xFC, 0x00, 0x38, 0x00, 0x00, 0x00, 0x0E, 0x00, 0x07, 0x00, 0x07, 0xC0,
    0x03, 0xE0, 0x03, 0xB8, 0x01, 0xDC, 0x00, 0xEE, 0x00, 0xE3, 0x80, 0x71, 0xC0, 0x38, 0xE0, 0x38,
    0x38, 0x1C, 0x1C, 0x0F, 0xFE, 0x0F, 0xFF, 0x87, 0x01, 0xC7, 0x80, 0xF3, 0x80, 0x39, 0xC0, 0x1D,
    0xE0, 0x07, 0x00, 0x00, 0x00, 0x00, 0x00, 0x70, 0x00, 0x38, 0x00, 0x1C, 0x00, 0x04, 0x00, 0x31,
    0xC7, 0x30, 0x7E, 0x07, 0x80, 0x00, 0x3F, 0x1F, 0xF3, 0xFF, 0xE0, 0xE4, 0x1C, 0x03, 0x9F, 0xF7,
    0xFF, 0xF1, 0xF8, 0x3F, 0x07, 0xE1, 0xFF, 0xFD, 0xFF, 0x8E, 0x00, 0x00, 0x1C, 0x03, 0xC0, 0x70,
    0x04, 0x00, 0xFF, 0xEF, 0xFF, 0xFF, 0xFE, 0x00, 0xE0, 0x0E, 0x00, 0xE0, 0x0E, 0x00, 0xFF, 0xEF,
    0xFE, 0xFF, 0xEE, 0x00, 0xE0, 0x0E, 0x00, 0xE0, 0x0E, 0x00, 0xE0, 0x0F, 0xFF, 0xFF, 0xF0, 0x00,
    0x00, 0x00, 0x60, 0x0F, 0x00, 0xF0, 0x04, 0x00, 0x0F, 0x81, 0xFE, 0x1F, 0xF8, 0xE0, 0xEE, 0x07,
    0x70, 0x1B, 0xFF, 0xFF, 0xFF, 0xE0, 0x07, 0x00, 0x38, 0x1C, 0xF1, 0xE3, 0xFE, 0x0F, 0xE0, 0x1C,
    0x00, 0x00, 0x07, 0x00, 0x78, 0x01, 0xC0, 0x04, 0x00, 0x1E, 0x01, 0xF0, 0x07, 0x00, 0x60, 0x00,
    0x0F, 0xFE, 0xFF, 0xFF, 0xFF, 0xE0, 0x0E, 0x00, 0xE0, 0x0E, 0x00, 0xE0, 0x0F, 0xFE, 0xFF, 0xEF,
    0xFE, 0xE0, 0x0E, 0x00, 0xE0, 0x0E, 0x00, 0xE0, 0x0E, 0x00, 0xFF, 0xFF, 0xFF, 0x0F, 0x00, 0x78,
    0x00, 0xC0, 0x0E, 0x00, 0x00, 0x07, 0xC0, 0xFF, 0x0F, 0xFC, 0x70, 0x77, 0x03, 0xB8, 0x0D, 0xFF,
    0xFF, 0xFF, 0xF0, 0x03, 0x80, 0x1C, 0x0E, 0x78, 0xF1, 0xFF, 0x07, 0xF0, 0x0E, 0x00, 0x18, 0xC3,
    0xFC, 0x3F, 0x80, 0x00, 0x00, 0x0F, 0xFE, 0xFF, 0xFF, 0xFF, 0xE0, 0x0E, 0x00, 0xE0, 0x0E, 0x00,
    0xE0, 0x0F, 0xFE, 0xFF, 0xEF, 0xFE, 0xE0, 0x0E, 0x00, 0xE0, 0x0E, 0x00, 0xE0, 0x0E, 0x00, 0xFF,
    0xFF, 0xFF, 0x0C, 0xC0, 0xFE, 0x0F, 0xF0, 0x00, 0x00, 0x00, 0x07, 0xC0, 0xFF, 0x0F, 0xFC, 0x70,
    0x77, 0x03, 0xB8, 0x0D, 0xFF, 0xFF, 0xFF, 0xF0, 0x03, 0x80, 0x1C, 0x0E, 0x78, 0xF1, 0xFF, 0x07,
    0xF0, 0x0E, 0x00, 0x00, 0x70, 0x0E, 0x00, 0xC0, 0x1C, 0x0E, 0x01, 0xF0, 0x1F, 0x83, 0x9C, 0x00,
    0x0F, 0xFE, 0xFF, 0xFF, 0xFF, 0xE0, 0x0E, 0x00, 0xE0, 0x0E, 0x00, 0xE0, 0x0F, 0xFE, 0xFF, 0xEF,
    0xFE, 0xE0, 0x0E, 0x00, 0xE0, 0x0E, 0x00, 0xE0, 0x0E, 0x00, 0xFF, 0xFF, 0xFF, 0x00, 0x70, 0x03,
    0x80, 0x38, 0x01, 0x80, 0x70, 0x07, 0xC0, 0x7F, 0x07, 0x38, 0x00, 0x00, 0x7C, 0x0F, 0xF0, 0xFF,
    0xC7, 0x07, 0x70, 0x3B, 0x80, 0xDF, 0xFF, 0xFF, 0xFF, 0x00, 0x38, 0x01, 0xC0, 0xE7, 0x8F, 0x1F,
    0xF0, 0x7F, 0x00, 0xE0, 0x03, 0x80, 0x38, 0x01, 0xC0, 0x0C, 0x0E, 0x01, 0xF0, 0x1F, 0x83, 0x9C,
    0x00, 0x0F, 0xFE, 0xFF, 0xFF, 0xFF, 0xE0, 0x0E, 0x00, 0xE0, 0x0E, 0x00, 0xE0, 0x0F, 0xFE, 0xFF,
    0xEF, 0xFE, 0xE0, 0x0E, 0x00, 0xE0, 0x0E, 0x00, 0xE0, 0x0E, 0x00, 0xFF, 0xFF, 0xFF, 0x03, 0x80,
    0x0E, 0x00, 0x70, 0x01, 0x80, 0x70, 0x07, 0xC0, 0x7F, 0x07, 0x38, 0x00, 0x00, 0x7C, 0x0F, 0xF0,
    0xFF, 0xC7, 0x07, 0x70, 0x3B, 0x80, 0xDF, 0xFF, 0xFF, 0xFF, 0x00, 0x38, 0x01, 0xC0, 0xE7, 0x8F,
    0x1F, 0xF0, 0x7F, 0x00, 0xE0, 0x03, 0xC0, 0x3C, 0x00, 0xC0, 0x1C, 0x0E, 0x01, 0xF0, 0x1F, 0x83,
    0x9C, 0x00, 0x0F, 0xFE, 0xFF, 0xFF, 0xFF, 0xE0, 0x0E, 0x00, 0xE0, 0x0E, 0x00, 0xE0, 0x0F, 0xFE,
    0xFF, 0xEF, 0xFE, 0xE0, 0x0E, 0x00, 0xE0, 0x0E, 0x00, 0xE0, 0x0E, 0x00, 0xFF, 0xFF, 0xFF, 0x03,
    0xC0, 0x1F, 0x00, 0x38, 0x01, 0x80, 0x70, 0x07, 0xC0, 0x7F, 0x07, 0x38, 0x00, 0x00, 0x7C, 0x0F,
    0xF0, 0xFF, 0xC7, 0x07, 0x70, 0x3B, 0x80, 0xDF, 0xFF, 0xFF, 0xFF, 0x00, 0x38, 0x01, 0xC0, 0xE7,
    0x8F, 0x1F, 0xF0, 0x7F, 0x00, 0xE0, 0x18, 0x83, 0xFC, 0x3F, 0x83, 0x10, 0x0E, 0x01, 0xF0, 0x1F,
    0x83, 0x9C, 0x00, 0x0F, 0xFE, 0xFF, 0xFF, 0xFF, 0xE0, 0x0E, 0x00, 0xE0, 0x0E, 0x00, 0xE0, 0x0F,
    0xFE, 0xFF, 0xEF, 0xFE, 0xE0, 0x0E, 0x00, 0xE0, 0x0E, 0x00, 0xE0, 0x0E, 0x00, 0xFF, 0xFF, 0xFF,
    0x0C, 0xC0, 0xFE, 0x0F, 0xF0, 0x22, 0x00, 0x70, 0x07, 0xC0, 0x7F, 0x07, 0x38, 0x00, 0x00, 0x7C,
    0x0F, 0xF0, 0xFF, 0xC7, 0x07, 0x70, 0x3B, 0x80, 0xDF, 0xFF, 0xFF, 0xFF, 0x00, 0x38, 0x01, 0xC0,
    0xE7, 0x8F, 0x1F, 0xF0, 0x7F, 0x00, 0xE0, 0x0F, 0x01, 0xF0, 0x3B, 0x83, 0x9C, 0x00, 0x0F, 0xFE,
    0xFF, 0xFF, 0xFF, 0xE0, 0x0E, 0x00, 0xE0, 0x0E, 0x00, 0xE0, 0x0F, 0xFE, 0xFF, 0xEF, 0xFE, 0xE0,
    0x0E, 0x00, 0xE0, 0x0E, 0x00, 0xE0, 0x0E, 0x00, 0xFF, 0xFF, 0xFF, 0x00, 0x00, 0x00, 0x06, 0x00,
    0xF0, 0x0F, 0x00, 0x40, 0x0F, 0x00, 0x7C, 0x07, 0x70, 0x73, 0x80, 0x00, 0x07, 0xC0, 0xFF, 0x0F,
    0xFC, 0x70, 0x77, 0x03, 0xB8, 0x0D, 0xFF, 0xFF, 0xFF, 0xF0, 0x03, 0x80, 0x1C, 0x0E, 0x78, 0xF1,
    0xFF, 0x07, 0xF0, 0x0E, 0x00, 0x00, 0x03, 0x80, 0x3C, 0x00, 0xE0, 0x02, 0x00, 0xF7, 0x8C, 0xE0,
    0x31, 0xCE, 0x73, 0x9C, 0xE7, 0x39, 0xCE, 0x73, 0x9C, 0xE7, 0x39, 0xCE, 0x7B, 0xCE, 0x60, 0x19,
    0xCE, 0x73, 0x9C, 0xE7, 0x39, 0xCE, 0x73, 0x9C, 0x67, 0x77, 0x77, 0x77, 0x77, 0x77, 0x77, 0x77,
    0x77, 0x70, 0x07, 0xF7, 0x20, 0x6F, 0xF4, 0x06, 0xEE, 0xEE, 0xEE, 0xEE, 0xEE, 0xEE, 0xE0, 0x06,
    0xFF, 0x40, 0x03, 0xE0, 0x07, 0xFC, 0x07, 0xFF, 0x07, 0x83, 0xC7, 0x80, 0xF3, 0x80, 0x3B, 0xC0,
    0x1F, 0xC0, 0x07, 0xE0, 0x03, 0xF0, 0x01, 0xF8, 0x00, 0xFC, 0x00, 0x7E, 0x00, 0x3B, 0x80, 0x39,
    0xC0, 0x1C, 0xF0, 0x1E, 0x3E, 0x3E, 0x0F, 0xFE, 0x03, 0xFE, 0x00, 0x38, 0x00, 0x00, 0x00, 0x0E,
    0x00, 0x07, 0x00, 0x03, 0x80, 0x00, 0x80, 0x00, 0x0F, 0x81, 0xFF, 0x1F, 0xF8, 0xE0, 0xEE, 0x07,
    0x70, 0x1F, 0x80, 0xFC, 0x07, 0xE0, 0x3F, 0x01, 0xFC, 0x1C, 0xF1, 0xE3, 0xFE, 0x0F, 0xE0, 0x1C,
    0x00, 0x00, 0x07, 0x00, 0x38, 0x01, 0xC0, 0x04, 0x00, 0x03, 0xC0, 0x01, 0xF0, 0x00, 0x30, 0x00,
    0x38, 0x00, 0x00, 0x00, 0x1F, 0x00, 0x3F, 0xE0, 0x3F, 0xF8, 0x3C, 0x1E, 0x3C, 0x07, 0x9C, 0x01,
    0xDE, 0x00, 0xFE, 0x00, 0x3F, 0x00, 0x1F, 0x80, 0x0F, 0xC0, 0x07, 0xE0, 0x03, 0xF0, 0x01, 0xDC,
    0x01, 0xCE, 0x00, 0xE7, 0x80, 0xF1, 0xF1, 0xF0, 0x7F, 0xF0, 0x1F, 0xF0, 0x01, 0xC0, 0x00, 0x0F,
    0x00, 0x78, 0x00, 0xC0, 0x0E, 0x00, 0x00, 0x07, 0xC0, 0xFF, 0x8F, 0xFC, 0x70, 0x77, 0x03, 0xB8,
    0x0F, 0xC0, 0x7E, 0x03, 0xF0, 0x1F, 0x80, 0xFE, 0x0E, 0x78, 0xF1, 0xFF, 0x07, 0xF0, 0x0E, 0x00,
    0x00, 0x1C, 0x00, 0x0E, 0x00, 0x0E, 0x00, 0x07, 0x00, 0x1C, 0x00, 0x1F, 0x00, 0x1D, 0xC0, 0x0E,
    0x70, 0x00, 0x00, 0x01, 0xF0, 0x03, 0xFE, 0x03, 0xFF, 0x83, 0xC1, 0xE3, 0xC0, 0x79, 0xC0, 0x1D,
    0xE0, 0x0F, 0xE0, 0x03, 0xF0, 0x01, 0xF8, 0x00, 0xFC, 0x00, 0x7E, 0x00, 0x3F, 0x00, 0x1D, 0xC0,
    0x1C, 0xE0, 0x0E, 0x78, 0x0F, 0x1F, 0x1F, 0x07, 0xFF, 0x01, 0xFF, 0x00, 0x1C, 0x00, 0x00, 0x70,
    0x03, 0x80, 0x38, 0x01, 0x80, 0x70, 0x07, 0xC0, 0x77, 0x07, 0x38, 0x00, 0x00, 0x7C, 0x0F, 0xF8,
    0xFF, 0xC7, 0x07, 0x70, 0x3B, 0x80, 0xFC, 0x07, 0xE0, 0x3F, 0x01, 0xF8, 0x0F, 0xE0, 0xE7, 0x8F,
    0x1F, 0xF0, 0x7F, 0x00, 0xE0, 0x00, 0xE0, 0x00, 0x38, 0x00, 0x0C, 0x00, 0x07, 0x00, 0x1C, 0x00,
    0x1F, 0x00, 0x1D, 0xC0, 0x0E, 0x70, 0x00, 0x00, 0x01, 0xF0, 0x03, 0xFE, 0x03, 0xFF, 0x83, 0xC1,
    0xE3, 0xC0, 0x79, 0xC0, 0x1D, 0xE0, 0x0F, 0xE0, 0x03, 0xF0, 0x01, 0xF8, 0x00, 0xFC, 0x00, 0x7E,
    0x00, 0x3F, 0x00, 0x1D, 0xC0, 0x1C, 0xE0, 0x0E, 0x78, 0x0F, 0x1F, 0x1F, 0x07, 0xFF, 0x01, 0xFF,
    0x00, 0x1C, 0x00, 0x03, 0x80, 0x0E, 0x00, 0x70, 0x01, 0xC0, 0x70, 0x07, 0xC0, 0x77, 0x07, 0x38,
    0x00, 0x00, 0x7C, 0x0F, 0xF8, 0xFF, 0xC7, 0x07, 0x70, 0x3B, 0x80, 0xFC, 0x07, 0xE0, 0x3F, 0x01,
    0xF8, 0x0F, 0xE0, 0xE7, 0x8F, 0x1F, 0xF0, 0x7F, 0x00, 0xE0, 0x00, 0x78, 0x00, 0x3C, 0x00, 0x0E,
    0x00, 0x06, 0x00, 0x1C, 0x00, 0x1F, 0x00, 0x1D, 0xC0, 0x0E, 0x70, 0x00, 0x00, 0x01, 0xF0, 0x03,
    0xFE, 0x03, 0xFF, 0x83, 0xC1, 0xE3, 0xC0, 0x79, 0xC0, 0x1D, 0xE0, 0x0F, 0xE0, 0x03, 0xF0, 0x01,
    0xF8, 0x00, 0xFC, 0x00, 0x7E, 0x00, 0x3F, 0x00, 0x1D, 0xC0, 0x1C, 0xE0, 0x0E, 0x78, 0x0F, 0x1F,
    0x1F, 0x07, 0xFF, 0x01, 0xFF, 0x00, 0x1C, 0x00, 0x03, 0xC0, 0x1F, 0x00, 0x38, 0x01, 0x80, 0x70,
    0x07, 0xC0, 0x77, 0x07, 0x38, 0x00, 0x00, 0x7C, 0x0F, 0xF8, 0xFF, 0xC7, 0x07, 0x70, 0x3B, 0x80,
    0xFC, 0x07, 0xE0, 0x3F, 0x01, 0xF8, 0x0F, 0xE0, 0xE7, 0x8F, 0x1F, 0xF0, 0x7F, 0x00, 0xE0, 0x03,
    0x10, 0x03, 0xF8, 0x01, 0xFC, 0x00, 0x8C, 0x00, 0x1C, 0x00, 0x1F, 0x00, 0x1D, 0xC0, 0x0E, 0x70,
    0x00, 0x00, 0x01, 0xF0, 0x03, 0xFE, 0x03, 0xFF, 0x83, 0xC1, 0xE3, 0xC0, 0x79, 0xC0, 0x1D, 0xE0,
    0x0F, 0xE0, 0x03, 0xF0, 0x01, 0xF8, 0x00, 0xFC, 0x00, 0x7E, 0x00, 0x3F, 0x00, 0x1D, 0xC0, 0x1C,
    0xE0, 0x0E, 0x78, 0x0F, 0x1F, 0x1F, 0x07, 0xFF, 0x01, 0xFF, 0x00, 0x1C, 0x00, 0x0C, 0xC0, 0xFE,
    0x07, 0xF0, 0x23, 0x00, 0x70, 0x07, 0xC0, 0x77, 0x07, 0x38, 0x00, 0x00, 0x7C, 0x0F, 0xF8, 0xFF,
    0xC7, 0x07, 0x70, 0x3B, 0x80, 0xFC, 0x07, 0xE0, 0x3F, 0x01, 0xF8, 0x0F, 0xE0, 0xE7, 0x8F, 0x1F,
    0xF0, 0x7F, 0x00, 0xE0, 0x01, 0xC0, 0x01, 0xF0, 0x01, 0xDC, 0x00, 0xC7, 0x00, 0x00, 0x00, 0x1F,
    0x00, 0x3F, 0xE0, 0x3F, 0xF8, 0x3C, 0x1E, 0x3C, 0x07, 0x9C, 0x01, 0xDE, 0x00, 0xFE, 0x00, 0x3F,
    0x00, 0x1F, 0x80, 0x0F, 0xC0, 0x07, 0xE0, 0x03, 0xF0, 0x01, 0xDC, 0x01, 0xCE, 0x00, 0xE7, 0x80,
    0xF1, 0xF1, 0xF0, 0x7F, 0xF0, 0x1F, 0xF0, 0x01, 0xC0, 0x00, 0x00, 0x00, 0x70, 0x00, 0x38, 0x00,
    0x1C, 0x00, 0x04, 0x00, 0x07, 0x00, 0x7C, 0x07, 0x70, 0x71, 0x80, 0x00, 0x07, 0xC0, 0xFF, 0x8F,
    0xFC, 0x70, 0x77, 0x03, 0xB8, 0x0F, 0xC0, 0x7E, 0x03, 0xF0, 0x1F, 0x80, 0xFE, 0x0E, 0x78, 0xF1,
    0xFF, 0x07, 0xF0, 0x0E, 0x00, 0x00, 0x03, 0x80, 0x1C, 0x00, 0xE0, 0x02, 0x00, 0x00, 0x70, 0x00,
    0x70, 0x00, 0x38, 0x00, 0x38, 0x70, 0x00, 0x38, 0x1F, 0xFC, 0x3F, 0xFE, 0x3F, 0xFE, 0x3C, 0x1E,
    0x3C, 0x07, 0x9C, 0x01, 0xDE, 0x00, 0xFE, 0x00, 0x3F, 0x00, 0x1F, 0x80, 0x0F, 0xC0, 0x07, 0xE0,
    0x03, 0xF0, 0x01, 0xDC, 0x01, 0xCE, 0x00, 0xE7, 0x80, 0xF1, 0xF1, 0xF0, 0x7F, 0xF0, 0x1F, 0xF0,
    0x01, 0xC0, 0x00, 0x01, 0xC0, 0x1C, 0x00, 0xC6, 0x0E, 0x70, 0x03, 0x87, 0xFC, 0xFF, 0xEF, 0xFC,
    0x70, 0x77, 0x03, 0xB8, 0x0F, 0xC0, 0x7E, 0x03, 0xF0, 0x1F, 0x80, 0xFE, 0x0E, 0x78, 0xF1, 0xFF,
    0x07, 0xF0, 0x0E, 0x00, 0x07, 0x00, 0x01, 0xC0, 0x00, 0xE0, 0x00, 0x38, 0x70, 0x00, 0x38, 0x1F,
    0xFC, 0x3F, 0xFE, 0x3F, 0xFE, 0x3C, 0x1E, 0x3C, 0x07, 0x9C, 0x01, 0xDE, 0x00, 0xFE, 0x00, 0x3F,
    0x00, 0x1F, 0x80, 0x0F, 0xC0, 0x07, 0xE0, 0x03, 0xF0, 0x01, 0xDC, 0x01, 0xCE, 0x00, 0xE7, 0x80,
    0xF1, 0xF1, 0xF0, 0x7F, 0xF0, 0x1F, 0xF0, 0x01, 0xC0, 0x00, 0x1C, 0x00, 0x70, 0x03, 0x86, 0x0C,
    0x70, 0x03, 0x87, 0xFC, 0xFF, 0xEF, 0xFC, 0x70, 0x77, 0x03, 0xB8, 0x0F, 0xC0, 0x7E, 0x03, 0xF0,
    0x1F, 0x80, 0xFE, 0x0E, 0x78, 0xF1, 0xFF, 0x07, 0xF0, 0x0E, 0x00, 0x03, 0xC0, 0x01, 0xF0, 0x00,
    0x30, 0x00, 0x38, 0x70, 0x00, 0x38, 0x1F, 0xFC, 0x3F, 0xFE, 0x3F, 0xFE, 0x3C, 0x1E, 0x3C, 0x07,
    0x9C, 0x01, 0xDE, 0x00, 0xFE, 0x00, 0x3F, 0x00, 0x1F, 0x80, 0x0F, 0xC0, 0x07, 0xE0, 0x03, 0xF0,
    0x01, 0xDC, 0x01, 0xCE, 0x00, 0xE7, 0x80, 0xF1, 0xF1, 0xF0, 0x7F, 0xF0, 0x1F, 0xF0, 0x01, 0xC0,
    0x00, 0x0F, 0x00, 0x78, 0x00, 0xC6, 0x0E, 0x70, 0x03, 0x87, 0xFC, 0xFF, 0xEF, 0xFC, 0x70, 0x77,
    0x03, 0xB8, 0x0F, 0xC0, 0x7E, 0x03, 0xF0, 0x1F, 0x80, 0xFE, 0x0E, 0x78, 0xF1, 0xFF, 0x07, 0xF0,
    0x0E, 0x00, 0x03, 0x30, 0x03, 0xF8, 0x01, 0xFC, 0x00, 0x00, 0x70, 0x00, 0x38, 0x1F, 0xFC, 0x3F,
    0xFE, 0x3F, 0xFE, 0x3C, 0x1E, 0x3C, 0x07, 0x9C, 0x01, 0xDE, 0x00, 0xFE, 0x00, 0x3F, 0x00, 0x1F,
    0x80, 0x0F, 0xC0, 0x07, 0xE0, 0x03, 0xF0, 0x01, 0xDC, 0x01, 0xCE, 0x00, 0xE7, 0x80, 0xF1, 0xF1,
    0xF0, 0x7F, 0xF0, 0x1F, 0xF0, 0x01, 0xC0, 0x00, 0x0C, 0xC0, 0xFE, 0x07, 0xF6, 0x00, 0x70, 0x03,
    0x87, 0xFC, 0xFF, 0xEF, 0xFC, 0x70, 0x77, 0x03, 0xB8, 0x0F, 0xC0, 0x7E, 0x03, 0xF0, 0x1F, 0x80,
    0xFE, 0x0E, 0x78, 0xF1, 0xFF, 0x07, 0xF0, 0x0E, 0x00, 0x00, 0x03, 0x80, 0x01, 0xC0, 0xFF, 0xE1,
    0xFF, 0xF1, 0xFF, 0xF1, 0xE0, 0xF1, 0xE0, 0x3C, 0xE0, 0x0E, 0xF0, 0x07, 0xF0, 0x01, 0xF8, 0x00,
    0xFC, 0x00, 0x7E, 0x00, 0x3F, 0x00, 0x1F, 0x80, 0x0E, 0xE0, 0x0E, 0x70, 0x07, 0x3C, 0x07, 0x8F,
    0x8F, 0x83, 0xFF, 0x80, 0xFF, 0x80, 0x0E, 0x00, 0x00, 0x00, 0x03, 0x80, 0x01, 0xC0, 0x00, 0xE0,
    0x00, 0x20, 0x00, 0x00, 0x18, 0x01, 0xC0, 0x0E, 0x1F, 0xF3, 0xFF, 0xBF, 0xF1, 0xC1, 0xDC, 0x0E,
    0xE0, 0x3F, 0x01, 0xF8, 0x0F, 0xC0, 0x7E, 0x03, 0xF8, 0x39, 0xE3, 0xC7, 0xFC, 0x1F, 0xC0, 0x38,
    0x00, 0x00, 0x0E, 0x00, 0x70, 0x03, 0x80, 0x08, 0x00, 0xC0, 0x0D, 0xC0, 0x1F, 0x80, 0x3F, 0x00,
    0x7E, 0x00, 0xFC, 0x01, 0xF8, 0x03, 0xF0, 0x07, 0xE0, 0x0F, 0xC0, 0x1F, 0x80, 0x3F, 0x00, 0x7E,
    0x00, 0xFC, 0x01, 0xF8, 0x07, 0x78, 0x0E, 0x78, 0x7C, 0x7F, 0xF0, 0x7F, 0xC0, 0x3C, 0x00, 0x00,
    0x00, 0x70, 0x01, 0xE0, 0x01, 0xC0, 0x01, 0x00, 0x60, 0x7E, 0x07, 0xE0, 0x7E, 0x07, 0xE0, 0x7E,
    0x07, 0xE0, 0x7E, 0x07, 0xE0, 0x7E, 0x07, 0x70, 0x77, 0x8F, 0x7F, 0xF3, 0xFF, 0x04, 0x00, 0x00,
    0x07, 0x00, 0x70, 0x07, 0x00, 0x20, 0x07, 0x80, 0x0F, 0x00, 0x06, 0x00, 0x1C, 0x00, 0x00, 0x18,
    0x01, 0xB8, 0x03, 0xF0, 0x07, 0xE0, 0x0F, 0xC0, 0x1F, 0x80, 0x3F, 0x00, 0x7E, 0x00, 0xFC, 0x01,
    0xF8, 0x03, 0xF0, 0x07, 0xE0, 0x0F, 0xC0, 0x1F, 0x80, 0x3F, 0x00, 0xEF, 0x01, 0xCF, 0x0F, 0x8F,
    0xFE, 0x0F, 0xF8, 0x07, 0x80, 0x0F, 0x00, 0xF0, 0x03, 0x00, 0x70, 0x00, 0x06, 0x07, 0xE0, 0x7E,
    0x07, 0xE0, 0x7E, 0x07, 0xE0, 0x7E, 0x07, 0xE0, 0x7E, 0x07, 0xE0, 0x77, 0x07, 0x78, 0xF7, 0xFF,
    0x3F, 0xF0, 0x40, 0x01, 0xC0, 0x00, 0xE0, 0x00, 0xE0, 0x00, 0x70, 0x70, 0x00, 0x3E, 0x00, 0x7F,
    0x80, 0x3F, 0xC0, 0x1E, 0xE0, 0x0E, 0x70, 0x07, 0x38, 0x03, 0x9C, 0x01, 0xCE, 0x00, 0xE7, 0x00,
    0x73, 0x80, 0x39, 0xC0, 0x1C, 0xE0, 0x0E, 0x70, 0x07, 0x38, 0x03, 0x9C, 0x03, 0x8F, 0x01, 0xC3,
    0xC3, 0xE0, 0xFF, 0xE0, 0x3F, 0xE0, 0x07, 0x80, 0x00, 0x03, 0xC0, 0x0E, 0x00, 0x30, 0xC1, 0xC7,
    0x00, 0x1D, 0x81, 0xFE, 0x07, 0xF8, 0x1C, 0xE0, 0x73, 0x81, 0xCE, 0x07, 0x38, 0x1C, 0xE0, 0x73,
    0x81, 0xCE, 0x07, 0x1C, 0x1C, 0x78, 0xF1, 0xFF, 0xC3, 0xFF, 0x01, 0x00, 0x0E, 0x00, 0x07, 0x00,
    0x01, 0xC0, 0x00, 0x60, 0x70, 0x00, 0x3E, 0x00, 0x7F, 0x80, 0x3F, 0xC0, 0x1E, 0xE0, 0x0E, 0x70,
    0x07, 0x38, 0x03, 0x9C, 0x01, 0xCE, 0x00, 0xE7, 0x00, 0x73, 0x80, 0x39, 0xC0, 0x1C, 0xE0, 0x0E,
    0x70, 0x07, 0x38, 0x03, 0x9C, 0x03, 0x8F, 0x01, 0xC3, 0xC3, 0xE0, 0xFF, 0xE0, 0x3F, 0xE0, 0x07,
    0x80, 0x00, 0x1C, 0x00, 0x78, 0x00, 0xE0, 0xC1, 0x87, 0x00, 0x1D, 0x81, 0xFE, 0x07, 0xF8, 0x1C,
    0xE0, 0x73, 0x81, 0xCE, 0x07, 0x38, 0x1C, 0xE0, 0x73, 0x81, 0xCE, 0x07, 0x1C, 0x1C, 0x78, 0xF1,
    0xFF, 0xC3, 0xFF, 0x01, 0x00, 0x07, 0x80, 0x03, 0xC0, 0x00, 0x60, 0x00, 0x70, 0x70, 0x00, 0x3E,
    0x00, 0x7F, 0x80, 0x3F, 0xC0, 0x1E, 0xE0, 0x0E, 0x70, 0x07, 0x38, 0x03, 0x9C, 0x01, 0xCE, 0x00,
    0xE7, 0x00, 0x73, 0x80, 0x39, 0xC0, 0x1C, 0xE0, 0x0E, 0x70, 0x07, 0x38, 0x03, 0x9C, 0x03, 0x8F,
    0x01, 0xC3, 0xC3, 0xE0, 0xFF, 0xE0, 0x3F, 0xE0, 0x07, 0x80, 0x00, 0x0F, 0x00, 0x3C, 0x00, 0x30,
    0xC1, 0xC7, 0x00, 0x1D, 0x81, 0xFE, 0x07, 0xF8, 0x1C, 0xE0, 0x73, 0x81, 0xCE, 0x07, 0x38, 0x1C,
    0xE0, 0x73, 0x81, 0xCE, 0x07, 0x1C, 0x1C, 0x78, 0xF1, 0xFF, 0xC3, 0xFF, 0x01, 0x00, 0x0E, 0x60,
    0x07, 0xF0, 0x07, 0xF8, 0x00, 0x00, 0x70, 0x00, 0x3E, 0x00, 0x7F, 0x80, 0x3F, 0xC0, 0x1E, 0xE0,
    0x0E, 0x70, 0x07, 0x38, 0x03, 0x9C, 0x01, 0xCE, 0x00, 0xE7, 0x00, 0x73, 0x80, 0x39, 0xC0, 0x1C,
    0xE0, 0x0E, 0x70, 0x07, 0x38, 0x03, 0x9C, 0x03, 0x8F, 0x01, 0xC3, 0xC3, 0xE0, 0xFF, 0xE0, 0x3F,
    0xE0, 0x07, 0x80, 0x00, 0x0C, 0xC0, 0x7F, 0x03, 0xFC, 0xC0, 0x07, 0x00, 0x1D, 0x81, 0xFE, 0x07,
    0xF8, 0x1C, 0xE0, 0x73, 0x81, 0xCE, 0x07, 0x38, 0x1C, 0xE0, 0x73, 0x81, 0xCE, 0x07, 0x1C, 0x1C,
    0x78, 0xF1, 0xFF, 0xC3, 0xFF, 0x01, 0x00, 0x00, 0x03, 0x80, 0x01, 0xF0, 0x03, 0xFC, 0x01, 0xFE,
    0x00, 0xF7, 0x00, 0x73, 0x80, 0x39, 0xC0, 0x1C, 0xE0, 0x0E, 0x70, 0x07, 0x38, 0x03, 0x9C, 0x01,
    0xCE, 0x00, 0xE7, 0x00, 0x73, 0x80, 0x39, 0xC0, 0x1C, 0xE0, 0x1C, 0x78, 0x0E, 0x1E, 0x1F, 0x07,
    0xFF, 0x01, 0xFF, 0x00, 0x3C, 0x00, 0x00, 0x00, 0x07, 0x00, 0x07, 0x80, 0x01, 0xC0, 0x00, 0x40,
    0x00, 0x00, 0x0C, 0x00, 0x70, 0x01, 0xD8, 0x1F, 0xE0, 0x7F, 0x81, 0xCE, 0x07, 0x38, 0x1C, 0xE0,
    0x73, 0x81, 0xCE, 0x07, 0x38, 0x1C, 0xE0, 0x71, 0xC1, 0xC7, 0x8F, 0x1F, 0xFC, 0x3F, 0xF0, 0x10,
    0x00, 0x00, 0x01, 0xC0, 0x07, 0x00, 0x1C, 0x00, 0x20, 0x00, 0x07, 0x00, 0x01, 0xC0, 0x00, 0xE0,
    0x00, 0x30, 0x00, 0x00, 0x03, 0x00, 0x19, 0xC0, 0x1C, 0xF0, 0x1E, 0x38, 0x0E, 0x1E, 0x0E, 0x07,
    0x0F, 0x01, 0xC7, 0x00, 0xF7, 0x00, 0x3B, 0x80, 0x0F, 0x80, 0x07, 0xC0, 0x01, 0xC0, 0x00, 0xE0,
    0x00, 0x70, 0x00, 0x38, 0x00, 0x1C, 0x00, 0x0E, 0x00, 0x07, 0x00, 0x03, 0x80, 0x0E, 0x00, 0x38,
    0x00, 0x70, 0x01, 0xC0, 0x00, 0x03, 0x80, 0xE7, 0x03, 0x9C, 0x0E, 0x70, 0x70, 0xE1, 0xC3, 0x87,
    0x0F, 0x38, 0x1C, 0xE0, 0x73, 0x00, 0xFC, 0x03, 0xF0, 0x0F, 0x80, 0x1E, 0x00, 0x78, 0x01, 0xC0,
    0x07, 0x00, 0x38, 0x03, 0xE0, 0x1F, 0x00, 0x30, 0x00, 0x60, 0x03, 0x38, 0x03, 0x9E, 0x03, 0xC7,
    0x01, 0xC3, 0xC1, 0xC0, 0xE1, 0xE0, 0x38, 0xE0, 0x1E, 0xE0, 0x07, 0x70, 0x01, 0xF0, 0x00, 0xF8,
    0x00, 0x38, 0x00, 0x1C, 0x00, 0x0E, 0x00, 0x07, 0x00, 0x03, 0x80, 0x01, 0xC0, 0x00, 0xE0, 0x00,
    0x70, 0x00, 0x00, 0x00, 0x00, 0x00, 0x0E, 0x00, 0x07, 0x00, 0x03, 0x80, 0x00, 0x80, 0x00, 0xE0,
    0x39, 0xC0, 0xE7, 0x03, 0x9C, 0x1C, 0x38, 0x70, 0xE1, 0xC3, 0xCE, 0x07, 0x38, 0x1C, 0xC0, 0x3F,
    0x00, 0xFC, 0x03, 0xE0, 0x07, 0x80, 0x1E, 0x00, 0x70, 0x01, 0xC0, 0x0E, 0x70, 0xFB, 0xC7, 0xC7,
    0x0C, 0x08, 0x03, 0xC0, 0x01, 0xF0, 0x00, 0x30, 0x00, 0x38, 0x00, 0x00, 0x03, 0x00, 0x19, 0xC0,
    0x1C, 0xF0, 0x1E, 0x38, 0x0E, 0x1E, 0x0E, 0x07, 0x0F, 0x01, 0xC7, 0x00, 0xF7, 0x00, 0x3B, 0x80,
    0x0F, 0x80, 0x07, 0xC0, 0x01, 0xC0, 0x00, 0xE0, 0x00, 0x70, 0x00, 0x38, 0x00, 0x1C, 0x00, 0x0E,
    0x00, 0x07, 0x00, 0x03, 0x80, 0x07, 0x80, 0x1E, 0x00, 0x38, 0x00, 0xC0, 0x00, 0x03, 0x80, 0xE7,
    0x03, 0x9C, 0x0E, 0x70, 0x70, 0xE1, 0xC3, 0x87, 0x0F, 0x38, 0x1C, 0xE0, 0x73, 0x00, 0xFC, 0x03,
    0xF0, 0x0F, 0x80, 0x1E, 0x00, 0x78, 0x01, 0xC0, 0x07, 0x00, 0x38, 0x03, 0xE0, 0x1F, 0x00, 0x30,
    0x00, 0x03, 0x30, 0x03, 0xF8, 0x01, 0xFC, 0x00, 0x00, 0x00, 0x00, 0x03, 0x00, 0x19, 0xC0, 0x1C,
    0xF0, 0x1E, 0x38, 0x0E, 0x1E, 0x0E, 0x07, 0x0F, 0x01, 0xC7, 0x00, 0xF7, 0x00, 0x3B, 0x80, 0x0F,
    0x80, 0x07, 0xC0, 0x01, 0xC0, 0x00, 0xE0, 0x00, 0x70, 0x00, 0x38, 0x00, 0x1C, 0x00, 0x0E, 0x00,
    0x07, 0x00, 0x03, 0x80, 0x0E, 0x60, 0x7F, 0x81, 0xFC, 0x00, 0x00, 0x00, 0x03, 0x80, 0xE7, 0x03,
    0x9C, 0x0E, 0x70, 0x70, 0xE1, 0xC3, 0x87, 0x0F, 0x38, 0x1C, 0xE0, 0x73, 0x00, 0xFC, 0x03, 0xF0,
    0x0F, 0x80, 0x1E, 0x00, 0x78, 0x01, 0xC0, 0x07, 0x00, 0x38, 0x03, 0xE0, 0x1F, 0x00, 0x30, 0x00,
    0xFF, 0xFF, 0xFF, 0xE0, 0xFF, 0xFF, 0xFF, 0xE0, 0x7F, 0xFF, 0xFF, 0xFF, 0xFF, 0xC0, 0xFF, 0xFF,
    0xFF, 0xFF, 0xFE, 0xFF, 0xFF, 0xFF, 0xFF, 0xFF, 0xFF, 0xFF, 0xFF, 0xFF, 0xE0, 0xFF, 0xFF, 0xFF,
    0xFF, 0xFF, 0xFF, 0xFF, 0xFF, 0xFF, 0xE0, 0x03, 0x7D, 0xF7, 0xDF, 0x7D, 0xF7, 0xDF, 0x7D, 0xF7,
    0xDF, 0x7D, 0xF7, 0xDF, 0x7D, 0xF7, 0xDF, 0x7D, 0xF7, 0xDF, 0x7D, 0xF7, 0xDF, 0x7D, 0xC0, 0x7F,
    0xFB, 0xFF, 0xC0, 0x00, 0xFF, 0xF7, 0xFF, 0x80, 0x00, 0x11, 0xCC, 0xE7, 0x39, 0xCE, 0x33, 0x9C,
    0xE7, 0x31, 0x8C, 0x77, 0x76, 0xEE, 0xEC, 0x63, 0x9C, 0xE3, 0x18, 0xE7, 0x11, 0x1D, 0xCC, 0xEE,
    0x77, 0x33, 0xB9, 0xDC, 0xEE, 0x33, 0x39, 0xDD, 0xCE, 0xE7, 0x73, 0x39, 0x98, 0xCC, 0x73, 0x3B,
    0x9D, 0xCC, 0xEE, 0x67, 0x33, 0xB9, 0x9C, 0x67, 0x3B, 0x9D, 0xCE, 0x63, 0x39, 0x9C, 0xEE, 0x73,
    0x0C, 0x03, 0x00, 0xC0, 0x30, 0xFF, 0xFF, 0xFF, 0xFC, 0x30, 0x0C, 0x03, 0x00, 0xC0, 0x30, 0x0C,
    0x03, 0x00, 0xC0, 0x0C, 0x03, 0x00, 0xC0, 0x30, 0xFF, 0xFF, 0xFF, 0xFC, 0x30, 0x0C, 0x03, 0x8F,
    0xFF, 0xFF, 0x0C, 0x03, 0x00, 0xC0, 0x30, 0x0C, 0x03, 0x00, 0xC0, 0x00, 0x1F, 0x9F, 0xCF, 0xF7,
    0xFB, 0xFD, 0xFE, 0x7E, 0x1E, 0x00, 0x01, 0x83, 0xC7, 0xCF, 0xFF, 0xBE, 0x70, 0x80, 0x03, 0xBC,
    0xE2, 0x00, 0x00, 0x0E, 0x1F, 0xC7, 0xB8, 0x72, 0x00, 0x00, 0x00, 0x1C, 0x38, 0xFF, 0x1E, 0x3D,
    0xC3, 0x8F, 0x20, 0x00, 0x00, 0x03, 0xBC, 0xE2, 0x00, 0x3C, 0x01, 0x80, 0x07, 0xE0, 0x38, 0x00,
    0x7F, 0x07, 0x00, 0x0E, 0x70, 0x70, 0x00, 0xE3, 0x0E, 0x00, 0x0E, 0x71, 0xC0, 0x00, 0xE7, 0x1C,
    0x00, 0x07, 0xE3, 0x80, 0x00, 0x3E, 0x70, 0x00, 0x00, 0x07, 0x00, 0x00, 0x00, 0xE0, 0x00, 0x00,
    0x1C, 0x7C, 0x3E, 0x01, 0xCF, 0xE7, 0xF0, 0x38, 0xE6, 0x67, 0x07, 0x0C, 0x7E, 0x30, 0x60, 0xC7,
    0xE3, 0x0E, 0x0C, 0x7E, 0x31, 0xC0, 0xFE, 0x7F, 0x38, 0x07, 0xE7, 0xE0, 0x00, 0x38, 0x1C, 0x3C,
    0x01, 0x80, 0x00, 0x03, 0xF0, 0x1C, 0x00, 0x00, 0x1F, 0xC1, 0xC0, 0x00, 0x01, 0xCE, 0x0E, 0x00,
    0x00, 0x0E, 0x30, 0xE0, 0x00, 0x00, 0x73, 0x8E, 0x00, 0x00, 0x03, 0x9C, 0x70, 0x00, 0x00, 0x0F,
    0xC7, 0x00, 0x00, 0x00, 0x3E, 0x70, 0x00, 0x00, 0x00, 0x03, 0x80, 0x00, 0x00, 0x00, 0x38, 0x00,
    0x00, 0x00, 0x03, 0x8F, 0x87, 0xC7, 0xE0, 0x1C, 0xFE, 0x7F, 0x3F, 0x81, 0xC7, 0x33, 0x3B, 0x9C,
    0x1C, 0x31, 0xF8, 0xDC, 0xE0, 0xC1, 0x8F, 0xC6, 0xE7, 0x0E, 0x0C, 0x7E, 0x37, 0x38, 0xE0, 0x7F,
    0x3F, 0x9F, 0xCE, 0x01, 0xF9, 0xF8, 0xFC, 0x00, 0x07, 0x03, 0x81, 0x80, 0x6E, 0xEE, 0xEE, 0xCC,
    0x63, 0x71, 0xF8, 0xFC, 0xEE, 0x77, 0x3B, 0x1D, 0x8C, 0x63, 0x0F, 0x8E, 0x7E, 0x39, 0xF9, 0xC7,
    0xE7, 0x1B, 0x9C, 0x6C, 0x71, 0xB1, 0x86, 0xCE, 0xEE, 0x66, 0x76, 0xC3, 0x73, 0xB9, 0xDC, 0x76,
    0x3B, 0x1D, 0xCE, 0xC3, 0xC3, 0x1B, 0x9C, 0x7E, 0x71, 0xF8, 0xE7, 0x63, 0x9D, 0x8E, 0x77, 0x38,
    0xD8, 0x63, 0x1C, 0x0F, 0x83, 0xE1, 0xDC, 0xE3, 0xB8, 0xE0, 0x00, 0x0E, 0x1E, 0x3C, 0x78, 0x70,
    0xE0, 0xF0, 0x78, 0x3C, 0x1C, 0x0E, 0x06, 0x00, 0x38, 0x0E, 0x03, 0x81, 0xE0, 0x78, 0x1C, 0x1E,
    0x0E, 0x0E, 0x0E, 0x0E, 0x06, 0x00, 0x00, 0x00, 0x1C, 0x03, 0x7B, 0x1E, 0xDE, 0x3C, 0xF0, 0x7F,
    0x8E, 0xFD, 0xF9, 0xEF, 0xEF, 0xDC, 0x7F, 0x83, 0xCF, 0x1E, 0xDE, 0x37, 0xB0, 0x1E, 0x00, 0x30,
    0x00, 0x60, 0xCE, 0x1D, 0xC3, 0xB8, 0x77, 0x0E, 0xE1, 0xDC, 0x3B, 0x87, 0x70, 0xEE, 0x1D, 0xC3,
    0xB8, 0x77, 0x0E, 0xE1, 0x80, 0x00, 0x00, 0x70, 0xFE, 0x3D, 0xC3, 0x90, 0x00, 0x0F, 0x03, 0xFC,
    0x3F, 0xE7, 0x0E, 0x70, 0x76, 0x67, 0x0E, 0x70, 0xEE, 0x0F, 0xE0, 0xFC, 0x07, 0x80, 0x70, 0x06,
    0x00, 0x60, 0x00, 0x00, 0x00, 0x0E, 0x00, 0xF0, 0x0E, 0x00, 0x00, 0xFF, 0xFF, 0xFF, 0x00, 0x00,
    0x60, 0x00, 0x67, 0x80, 0x1F, 0x7F, 0xFF, 0xE1, 0xFF, 0xF8, 0x07, 0xFE, 0x00, 0x07, 0xFE, 0x01,
    0xFF, 0xF8, 0x7F, 0xFF, 0xE7, 0x80, 0x1F, 0x20, 0x00, 0x20, 0x00, 0x00, 0x18, 0x07, 0x00, 0xC0,
    0x38, 0x0E, 0x01, 0xC0, 0x70, 0x0E, 0x03, 0xC0, 0xFC, 0x19, 0xC7, 0x38, 0xC3, 0x00, 0x00, 0x00,
    0x00, 0x05, 0xC0, 0x07, 0xE0, 0x07, 0xE0, 0x0F, 0xF0, 0x03, 0xC0, 0x07, 0xE0, 0x01, 0x80, 0x18,
    0x18, 0x7E, 0x7E, 0x7E, 0x7E, 0xFF, 0xFF, 0xFF, 0xFF, 0x7E, 0x7E, 0x7E, 0x7E, 0x18, 0x18, 0x7E,
    0xFF, 0xFE, 0x00, 0x02, 0x00, 0x06, 0x00, 0x0E, 0x00, 0x1C, 0x00, 0x38, 0x00, 0x38, 0x00, 0x70,
    0x00, 0xE0, 0x00, 0xE0, 0x01, 0xC0, 0x03, 0x80, 0x03, 0x80, 0x07, 0x00, 0x0E, 0x00, 0x0E, 0x00,
    0x1C, 0x00, 0x38, 0x00, 0x30, 0x00, 0x70, 0x00, 0x7B, 0xFF, 0xF8, 0xE3, 0x8E, 0x38, 0xE3, 0x8E,
    0x3F, 0xFF, 0x8E, 0x38, 0xE3, 0x8E, 0x38, 0xE3, 0xFF, 0xFF, 0xFB, 0xFF, 0xC7, 0x1C, 0x71, 0xC7,
    0x1C, 0x71, 0xFF, 0xFC, 0x71, 0xC7, 0x1C, 0x71, 0xC7, 0x1F, 0xFF, 0xFE, 0x0F, 0x00, 0x78, 0x1F,
    0xE0, 0xFF, 0x0F, 0xF8, 0xFF, 0xCF, 0x1E, 0x70, 0xF7, 0x07, 0x38, 0x3B, 0x83, 0x98, 0x1C, 0x01,
    0xC0, 0x0E, 0x01, 0xE0, 0x0E, 0x01, 0xE0, 0x0F, 0x03, 0xE0, 0x1F, 0x01, 0xE0, 0x0E, 0x00, 0xE0,
    0x0F, 0x00, 0xE0, 0x07, 0x00, 0x70, 0x03, 0x80, 0x00, 0x00, 0x00, 0x00, 0x00, 0x00, 0x0F, 0x00,
    0x70, 0x07, 0x80, 0x3C, 0x03, 0xC0, 0x1C, 0x00, 0x00, 0x00, 0x00, 0x0F, 0x01, 0x8F, 0xF0, 0x73,
    0xFE, 0x1D, 0xE3, 0xC7, 0x70, 0x71, 0xDC, 0x1C, 0x70, 0x07, 0x1C, 0x03, 0xC7, 0x01, 0xE1, 0xC1,
    0xF0, 0x70, 0x78, 0x1C, 0x1C, 0x07, 0x0E, 0x01, 0xC3, 0x80, 0x70, 0x00, 0x00, 0x00, 0x00, 0x0F,
    0x01, 0xC3, 0xC0, 0xF0, 0xF0, 0x1C, 0x00, 0x00, 0x60, 0x3C, 0x1C, 0x3F, 0xC7, 0x1F, 0xF9, 0xC7,
    0x0E, 0x71, 0xC1, 0xDC, 0x60, 0x77, 0x00, 0x1D, 0xC0, 0x0E, 0x70, 0x0F, 0x9C, 0x07, 0xC7, 0x01,
    0xC1, 0xC0, 0xE0, 0x70, 0x38, 0x1C, 0x0E, 0x00, 0x00, 0x00, 0x00, 0x00, 0x70, 0x38, 0x3C, 0x0F,
    0x07, 0x03, 0x80, 0x80, 0x40, 0xFF, 0xFF, 0xFF, 0xE0, 0x70, 0x38, 0x1C, 0x0E, 0x06, 0x03, 0x01,
    0x81, 0xC0, 0xE0, 0x70, 0x38, 0x1C, 0x0E, 0x07, 0x03, 0x01, 0x80, 0x00, 0xFE, 0x0F, 0xF8, 0xFF,
    0xEE, 0xFE, 0xEF, 0xFE, 0xFF, 0xEF, 0xFE, 0xFF, 0xEF, 0xFE, 0xFE, 0xEF, 0xEE, 0xFC, 0xE6, 0x0E,
    0x00, 0xE0, 0x0E, 0x00, 0xE0, 0x0E, 0x00, 0xE0, 0x00, 0x0F, 0xF3, 0xFF, 0x7F, 0xF7, 0xF7, 0xFF,
    0x7F, 0xF7, 0xFF, 0x77, 0xF7, 0x7F, 0x73, 0xFF, 0x1F, 0xF0, 0x7F, 0x0F, 0xFC, 0xFF, 0xEE, 0x7F,
    0xE7, 0xFE, 0x7F, 0xE7, 0xFE, 0x7F, 0xE7, 0xFF, 0xFE, 0xFF, 0xC0, 0x0C, 0x01, 0x81, 0x30, 0x76,
    0xEF, 0xFC, 0x7E, 0x0F, 0xC7, 0xFE, 0xED, 0xC1, 0x80, 0x30, 0x00, 0x00, 0x77, 0x9C, 0x40, 0x00,
    0x00, 0x00, 0x1C, 0xE7, 0x1C, 0xE7, 0x18, 0xC0, 0x07, 0xFE, 0x01, 0xFF, 0xF8, 0x7F, 0xFF, 0xE7,
    0x80, 0x1E, 0x60, 0x00, 0x60, 0x00, 0x00, 0x00, 0x00, 0x00, 0x00, 0x00, 0x00, 0x00, 0x00, 0x00,
    0x00, 0x00, 0x00, 0x00, 0x00, 0x00, 0x00, 0x00, 0x00, 0x00, 0x00, 0x00, 0x00, 0x00, 0x00, 0x00,
    0x00, 0x00, 0x00, 0x00, 0x00, 0x00, 0x00, 0x00, 0x00, 0x00, 0x60, 0x00, 0x67, 0x80, 0x1E, 0x7F,
    0xFF, 0xE1, 0xFF, 0xF8, 0x07, 0xFE, 0x00, 0x04, 0x01, 0xC1, 0x39, 0x3F, 0xE7, 0xFC, 0x7E, 0x0F,
    0xE7, 0xFE, 0x6E, 0xC1, 0xC0, 0x38, 0x00, 0x00, 0x00, 0x08, 0x03, 0x82, 0x72, 0x7F, 0xCF, 0xF8,
    0xFC, 0x1F, 0xCF, 0xFC, 0xDD, 0x83, 0x80, 0x70, 0x00, 0x00, 0x00, 0x06, 0x00, 0x0E, 0x00, 0x0C,
    0x70, 0x1C, 0xF8, 0x38, 0xF8, 0x70, 0x70, 0x70, 0x00, 0xE0, 0x01, 0xC0, 0x01, 0xC0, 0x03, 0x80,
    0x07, 0x00, 0x07, 0x0E, 0x0E, 0x1F, 0x1C, 0x1F, 0x1C, 0x1F, 0x38, 0x0E, 0x70, 0x00, 0x60, 0x00,
    0x00, 0x00, 0x3F, 0x00, 0xFF, 0xC6, 0x67, 0xFF, 0x00, 0xFE, 0x00, 0x38, 0x03, 0xFC, 0x01, 0xFF,
    0xF8, 0x3F, 0xFF, 0xC7, 0xE0, 0x7F, 0x70, 0x00, 0x60, 0x06, 0x06, 0xD9, 0xFF, 0x1F, 0xCF, 0xFF,
    0xFF, 0xDF, 0xF9, 0xFE, 0x7F, 0xC5, 0xD8, 0x18, 0x00, 0x63, 0x0C, 0x6E, 0x39, 0xCE, 0xE3, 0x9C,
    0xEE, 0x71, 0xCE, 0xE7, 0x18, 0xEE, 0x71, 0x8C, 0xC7, 0x18, 0xCC, 0x61, 0x8C, 0x3E, 0x1F, 0xCF,
    0x3B, 0x8E, 0xE1, 0xF8, 0x7E, 0x3B, 0x8E, 0x7F, 0x9F, 0xC0, 0xC0, 0x5F, 0xFF, 0xFF, 0xFF, 0x80,
    0x0F, 0x03, 0xC1, 0xF0, 0xFC, 0x77, 0x1D, 0xCF, 0xFB, 0xFF, 0xFF, 0x81, 0xC0, 0x00, 0x7F, 0x3F,
    0x98, 0x1F, 0xCF, 0xF7, 0xBC, 0x0F, 0xC7, 0xFF, 0xBF, 0x86, 0x00, 0x3E, 0x3F, 0xBC, 0xFD, 0xCF,
    0xF7, 0xFF, 0x8F, 0xC7, 0xFF, 0xBF, 0x87, 0x00, 0x7F, 0xBF, 0xC0, 0xE0, 0xE0, 0x70, 0x70, 0x38,
    0x38, 0x38, 0x1C, 0x00, 0x00, 0x7E, 0x7F, 0xB8, 0xFC, 0x77, 0xF3, 0xFB, 0x8F, 0xC7, 0xFF, 0xBF,
    0x87, 0x00, 0x7E, 0x7F, 0xB8, 0xFC, 0x7E, 0x7F, 0xFC, 0xFF, 0xC7, 0xFF, 0x3F, 0x06, 0x00, 0x1C,
    0x0E, 0x1F, 0xDF, 0xEF, 0xF0, 0xE0, 0x70, 0x7F, 0x7F, 0xBF, 0xC0, 0xFF, 0xFF, 0x00, 0xFF, 0xFF,
    0x00, 0x39, 0x9C, 0xE6, 0x73, 0x9C, 0xE3, 0x9C, 0xE3, 0x80, 0x63, 0x9C, 0x73, 0x9C, 0xE7, 0x39,
    0xCC, 0xE6, 0x00, 0xCE, 0x7F, 0xBF, 0xDC, 0x7E, 0x3F, 0x1F, 0x8F, 0xC7, 0x00, 0x00, 0x3E, 0x1F,
    0xCF, 0x3B, 0x8E, 0xE1, 0xF8, 0x7E, 0x3B, 0x8E, 0x7F, 0x9F, 0xC0, 0xC0, 0x7F, 0xFF, 0x73, 0x9C,
    0xE7, 0x39, 0xC0, 0x7E, 0x7F, 0xB8, 0xF8, 0x70, 0x70, 0x70, 0xF0, 0xF0, 0xFF, 0xFF, 0xC0, 0x00,
    0x3E, 0x3F, 0xB8, 0xE0, 0x71, 0xF0, 0xF8, 0x0F, 0xC7, 0xFF, 0xBF, 0x87, 0x00, 0x0F, 0x03, 0xC1,
    0xF0, 0xFC, 0x77, 0x1D, 0xCF, 0xFB, 0xFF, 0xFF, 0x81, 0xC0, 0x00, 0x7F, 0x3F, 0x98, 0x1F, 0xCF,
    0xF7, 0xBC, 0x0F, 0xC7, 0xFF, 0xBF, 0x86, 0x00, 0x3E, 0x3F, 0xBC, 0xFD, 0xCF, 0xF7, 0xFF, 0x8F,
    0xC7, 0xFF, 0xBF, 0x87, 0x00, 0x7F, 0xBF, 0xC0, 0xE0, 0xE0, 0x70, 0x70, 0x38, 0x38, 0x38, 0x1C,
    0x00, 0x00, 0x7E, 0x7F, 0xB8, 0xFC, 0x77, 0xF3, 0xFB, 0x8F, 0xC7, 0xFF, 0xBF, 0x87, 0x00, 0x7E,
    0x7F, 0xB8, 0xFC, 0x7E, 0x7F, 0xFC, 0xFF, 0xC7, 0xFF, 0x3F, 0x06, 0x00, 0x1C, 0x0E, 0x1F, 0xDF,
    0xEF, 0xF0, 0xE0, 0x70, 0x7F, 0x7F, 0xBF, 0xC0, 0xFF, 0xFF, 0x00, 0xFF, 0xFF, 0x00, 0x39, 0x9C,
    0xE6, 0x73, 0x9C, 0xE3, 0x9C, 0xE3, 0x80, 0x63, 0x9C, 0x73, 0x9C, 0xE7, 0x39, 0xCC, 0xE6, 0x00,
    0x1E, 0x3F, 0x9D, 0xE3, 0xF7, 0xFB, 0x9D, 0xFE, 0xFF, 0x18, 0x00, 0x1E, 0x0F, 0xC7, 0xB9, 0xFE,
    0x7F, 0xDC, 0x07, 0xF8, 0xFE, 0x0C, 0x00, 0x1E, 0x0F, 0xE7, 0xF9, 0xC7, 0x61, 0xDC, 0x77, 0xF8,
    0xFC, 0x0C, 0x00, 0x61, 0x9C, 0xE3, 0xF0, 0xF8, 0x1E, 0x0F, 0xC7, 0xF1, 0xCE, 0x00, 0x00, 0x3E,
    0x3F, 0xCF, 0x78, 0x0E, 0xFF, 0xBF, 0xEF, 0xFB, 0x8E, 0x7F, 0x9F, 0xC1, 0xC0, 0xE0, 0x70, 0x3B,
    0x9F, 0xEF, 0xF7, 0x1F, 0x8F, 0xC7, 0xE3, 0xF1, 0xC0, 0x00, 0xE0, 0x70, 0x39, 0xDD, 0xEF, 0xE7,
    0xE3, 0xF1, 0xFC, 0xEE, 0x73, 0x80, 0x00, 0xFF, 0xFF, 0xFF, 0xFC, 0x00, 0xCC, 0x77, 0xFF, 0xFF,
    0xFF, 0xCE, 0x7E, 0x73, 0xF3, 0x9F, 0x9C, 0xFC, 0xE7, 0x00, 0x00, 0xCE, 0x7F, 0xBF, 0xDC, 0x7E,
    0x3F, 0x1F, 0x8F, 0xC7, 0x00, 0x00, 0xEE, 0x7F, 0xBF, 0xFC, 0x7E, 0x3F, 0x1F, 0xFF, 0xFE, 0xEC,
    0x70, 0x38, 0x00, 0x1E, 0x3F, 0x9D, 0xEF, 0x83, 0xF1, 0x7D, 0xFE, 0xFE, 0x1C, 0x00, 0x01, 0xCF,
    0xFF, 0xF9, 0xC7, 0x1C, 0x7C, 0xF1, 0x80, 0x0F, 0x80, 0x3F, 0xC0, 0x7D, 0xE0, 0x70, 0xE0, 0x70,
    0x70, 0x70, 0x00, 0x73, 0xFE, 0x73, 0xFF, 0x73, 0xFE, 0x73, 0x80, 0x7B, 0x80, 0x3F, 0xFC, 0x1F,
    0xFE, 0x07, 0xFC, 0x03, 0x80, 0x03, 0x80, 0x03, 0x80, 0x03, 0xFE, 0x03, 0xFF, 0x00, 0x00, 0x00,
    0x64, 0x00, 0x6C, 0x03, 0xEC, 0x0F, 0xF8, 0x1F, 0xFC, 0x3C, 0xDE, 0x79, 0x9F, 0x71, 0xB7, 0xF1,
    0xB7, 0xE3, 0x30, 0xE3, 0x60, 0xE3, 0x60, 0xE2, 0x60, 0xE6, 0xC0, 0xE6, 0xC0, 0x76, 0xC7, 0x7C,
    0x87, 0x7D, 0x8F, 0x3F, 0xBE, 0x1F, 0xFC, 0x1F, 0xF8, 0x1B, 0xC0, 0x33, 0x00, 0x12, 0x00, 0x03,
    0xE0, 0x0F, 0xF8, 0x1F, 0xFC, 0x3C, 0x1E, 0x78, 0x0F, 0x70, 0x07, 0xF0, 0x07, 0xE0, 0x00, 0xE1,
    0x9C, 0xE1, 0xFE, 0xE1, 0xFC, 0xE1, 0xE0, 0xE1, 0xC0, 0x71, 0xC7, 0x71, 0xC7, 0x79, 0xCE, 0x3F,
    0xFE, 0x1F, 0xFC, 0x0F, 0xF8, 0x01, 0xC0, 0x0F, 0xFC, 0x3F, 0xFC, 0x7F, 0xF8, 0xE0, 0x01, 0xC0,
    0x03, 0x80, 0x07, 0x00, 0x0E, 0x00, 0x1C, 0x00, 0x3F, 0xF8, 0x7F, 0xF0, 0xE0, 0x01, 0xC0, 0x03,
    0x80, 0x3F, 0xE0, 0x7F, 0xC0, 0x1C, 0x00, 0x38, 0x00, 0x70, 0x00, 0x03, 0x80, 0x7F, 0x07, 0xFC,
    0x78, 0xF3, 0x83, 0x9C, 0x1C, 0xE0, 0x1F, 0xF8, 0xFF, 0xC7, 0xFE, 0x0E, 0x01, 0xFF, 0x8F, 0xFC,
    0x1C, 0x00, 0xE0, 0x07, 0x07, 0x70, 0x3F, 0xFF, 0xFF, 0xFC, 0x00, 0x38, 0x00, 0x07, 0x01, 0x9E,
    0xFE, 0x7F, 0xFF, 0xEF, 0xFF, 0xFD, 0xE1, 0xE3, 0xFC, 0x38, 0x3F, 0x07, 0x07, 0xE1, 0xE0, 0xFC,
    0x3C, 0x1F, 0x8F, 0x83, 0xF1, 0xF0, 0x7E, 0x3E, 0x0F, 0xCF, 0xC1, 0xF9, 0xF8, 0x3F, 0x77, 0x07,
    0x0E, 0x00, 0x01, 0xC0, 0x00, 0x38, 0x01, 0x87, 0x80, 0x70, 0xF8, 0x0E, 0x1F, 0x01, 0xC3, 0xF0,
    0x38, 0x7E, 0x07, 0x0E, 0xE0, 0xE7, 0xFF, 0xFF, 0xFF, 0xFF, 0xFF, 0xFF, 0xFC, 0xE3, 0xCE, 0x7F,
    0xFF, 0xFF, 0xFF, 0xFE, 0x70, 0x7F, 0x0E, 0x07, 0xE1, 0xC0, 0xFC, 0x38, 0x0F, 0x87, 0x00, 0xF0,
    0xE0, 0x1E, 0x00, 0xFE, 0x00, 0x07, 0xFE, 0x00, 0x3F, 0xFC, 0x71, 0xC1, 0xE3, 0x8E, 0x07, 0x9C,
    0x70, 0x1F, 0xFF, 0x80, 0xFF, 0xFC, 0x07, 0xFF, 0xE0, 0x79, 0xC7, 0x07, 0x8E, 0x3F, 0xFC, 0x71,
    0xFF, 0xC3, 0x8F, 0xF0, 0x1C, 0x70, 0x00, 0xE3, 0x80, 0x07, 0x1C, 0x00, 0x38, 0xE0, 0x01, 0xE7,
    0x00, 0x07, 0xF8, 0x00, 0x3E, 0x00, 0x00, 0x20, 0xFE, 0x00, 0x00, 0x7F, 0xF0, 0x00, 0x3F, 0xFC,
    0x00, 0x1C, 0x1E, 0x00, 0x0E, 0x03, 0x80, 0x07, 0x01, 0xC3, 0xE3, 0x80, 0xE7, 0xF9, 0xC0, 0x73,
    0xFE, 0xE0, 0x7B, 0x83, 0xFF, 0xF9, 0xC0, 0x3F, 0xF8, 0xF0, 0x1F, 0xF8, 0x3F, 0x8E, 0x1C, 0x0F,
    0xF7, 0x0F, 0x00, 0xFB, 0x83, 0x80, 0x0F, 0xC1, 0xE7, 0x07, 0xE0, 0x73, 0x87, 0xF0, 0x3D, 0xFF,
    0xB8, 0x0E, 0x7F, 0x80, 0x00, 0x07, 0x00, 0x60, 0x18, 0x06, 0xE0, 0x3C, 0x0E, 0x70, 0x3C, 0x0E,
    0x70, 0x7C, 0x0E, 0x70, 0x7C, 0x0E, 0x70, 0x7E, 0x1C, 0x38, 0x7E, 0x1C, 0xFF, 0xFF, 0xFE, 0xFF,
    0xFF, 0xFE, 0x38, 0xE7, 0x38, 0x1C, 0xE7, 0x38, 0xFF, 0xFF, 0xFE, 0xFF, 0xFF, 0xFE, 0x1F, 0xC3,
    0xF0, 0x0F, 0x83, 0xF0, 0x0F, 0x81, 0xF0, 0x0F, 0x81, 0xE0, 0x07, 0x81, 0xE0, 0x07, 0x01, 0xE0,
    0xFF, 0xC3, 0x7F, 0xF3, 0xBF, 0xFD, 0xDC, 0x0E, 0xEE, 0x67, 0x77, 0x73, 0xBB, 0xB9, 0xDD, 0xDC,
    0xEE, 0xEE, 0x77, 0x77, 0x3B, 0xBB, 0x81, 0xDD, 0xC1, 0xEE, 0xFF, 0xF7, 0x7F, 0xF0, 0x00, 0x30,
    0x00, 0x70, 0x0F, 0xF0, 0x1F, 0xE0, 0x03, 0x83, 0xE7, 0x0F, 0xEE, 0x3F, 0xFC, 0x70, 0xF9, 0xC0,
    0xF3, 0x80, 0xE7, 0x01, 0xCE, 0x03, 0x9C, 0x07, 0x38, 0x1E, 0x78, 0x3C, 0x78, 0xF8, 0xFF, 0xF0,
    0xFE, 0xE0, 0x30, 0x00, 0x00, 0x00, 0x00, 0x3F, 0xFE, 0x7F, 0xFC, 0x00, 0x00, 0x00, 0xF0, 0x03,
    0xFC, 0x07, 0xFE, 0x0F, 0x0E, 0x0E, 0x00, 0x1C, 0x00, 0x1C, 0x00, 0x7F, 0xF8, 0xFF, 0xF8, 0x38,
    0x00, 0x7F, 0xE0, 0x7F, 0xE0, 0xFF, 0xE0, 0x1C, 0x00, 0x1C, 0x00, 0x0E, 0x00, 0x0F, 0x8E, 0x07,
    0xFE, 0x03, 0xFC, 0x00, 0x70, 0x18, 0x03, 0x87, 0x01, 0xE1, 0xC0, 0xF0, 0x70, 0x78, 0x1C, 0x3C,
    0x07, 0x1E, 0x01, 0xCF, 0x00, 0x77, 0x80, 0xFF, 0xFF, 0xBF, 0xFF, 0xEF, 0xFF, 0xF8, 0x7F, 0xC0,
    0x1E, 0x70, 0x07, 0x0E, 0x01, 0xC3, 0xC0, 0x70, 0x78, 0x1C, 0x0E, 0x07, 0x01, 0xC1, 0xC0, 0x78,
    0xFF, 0xFF, 0xFF, 0xFF, 0xFF, 0xC1, 0xE0, 0x07, 0x80, 0x1E, 0x00, 0x7F, 0x01, 0xFC, 0x1F, 0xC0,
    0xFE, 0x83, 0xFF, 0x01, 0xF8, 0x1F, 0x80, 0xFE, 0x03, 0x78, 0x01, 0xE0, 0x07, 0x80, 0x1E, 0x00,
    0x78, 0x00, 0x07, 0x00, 0x00, 0x00, 0x03, 0x80, 0x00, 0x00, 0x01, 0xFC, 0x00, 0x00, 0x07, 0xFF,
    0xC0, 0x00, 0x03, 0xFF, 0xF0, 0x00, 0x01, 0xF8, 0x7C, 0x00, 0x00, 0x1C, 0x0E, 0x00, 0x00, 0x0E,
    0x03, 0x81, 0xF0, 0x07, 0x01, 0xC3, 0xFC, 0x03, 0x80, 0xE3, 0xFF, 0x01, 0xC0, 0x39, 0xC3, 0xC0,
    0xE0, 0x1D, 0xC0, 0xE0, 0x70, 0x0E, 0xE0, 0x70, 0x38, 0x07, 0x70, 0x1C, 0xFC, 0x07, 0x38, 0x0E,
    0xFE, 0x03, 0x9C, 0x07, 0xFF, 0x01, 0xCE, 0x07, 0x73, 0xC1, 0xE7, 0x03, 0xB9, 0xF1, 0xE3, 0xC3,
    0xDF, 0xFF, 0xE1, 0xFF, 0xC7, 0xCF, 0xE0, 0xFF, 0xC0, 0xC1, 0xC0, 0x73, 0x80, 0x00, 0x00, 0x38,
    0x00, 0x00, 0x00, 0x1C, 0x00, 0x00, 0x00, 0x0E, 0x00, 0x00, 0x00, 0x07, 0x00, 0x00, 0x00, 0x00,
    0x00, 0x00, 0x1F, 0x80, 0x3F, 0xF0, 0x3F, 0xF8, 0x38, 0x3C, 0x7F, 0xFF, 0xFF, 0xFF, 0x7F, 0xFF,
    0x38, 0x0E, 0xFF, 0xFF, 0xFF, 0xFF, 0x38, 0x1C, 0x38, 0x7C, 0x3F, 0xF8, 0x3F, 0xF0, 0x38, 0x00,
    0x38, 0x00, 0x38, 0x00, 0x38, 0x00, 0x38, 0x00, 0x01, 0xC0, 0x00, 0xE0, 0x00, 0xF8, 0x01, 0xFF,
    0x01, 0xFF, 0xC1, 0xEE, 0xF1, 0xE7, 0x3C, 0xE3, 0x8E, 0xF1, 0xC7, 0x70, 0xE0, 0x38, 0x70, 0x1C,
    0x3F, 0xEE, 0x1F, 0xF7, 0x0F, 0xFB, 0x87, 0x1C, 0xE3, 0x8E, 0x71, 0xC7, 0x3C, 0xE7, 0x8F, 0xFF,
    0x83, 0xFF, 0x80, 0xFF, 0x80, 0x0E, 0x00, 0x07, 0x00, 0x03, 0x00, 0x01, 0xC0, 0x00, 0xE0, 0x00,
    0xF8, 0x00, 0x7C, 0x00, 0x77, 0x00, 0x3B, 0x80, 0x1D, 0xC0, 0x1C, 0x70, 0x7F, 0xFF, 0x3F, 0xFF,
    0x87, 0x07, 0x03, 0x83, 0x87, 0xFF, 0xF3, 0xFF, 0xF9, 0xFF, 0xFC, 0xF0, 0x1E, 0x70, 0x07, 0x38,
    0x03, 0xBC, 0x00, 0xE0, 0x07, 0x80, 0x7F, 0x83, 0xFF, 0x1E, 0x1C, 0x70, 0x70, 0xC1, 0xC0, 0x07,
    0x3F, 0xFF, 0xFF, 0xFC, 0x00, 0x0F, 0xFF, 0xFF, 0xFF, 0xFF, 0xFD, 0xC0, 0x07, 0x03, 0x9C, 0x0E,
    0x78, 0xF8, 0xFF, 0xC1, 0xFE, 0x01, 0xC0, 0x01, 0xC0, 0x01, 0xC0, 0x03, 0xE0, 0x0F, 0xF8, 0x1F,
    0xFC, 0x3D, 0xDE, 0x79, 0xCF, 0x71, 0xC7, 0xF1, 0xC7, 0xE1, 0xC0, 0xE1, 0xC0, 0xE1, 0xC0, 0xE1,
    0xC0, 0xE1, 0xC0, 0xE1, 0xC0, 0x71, 0xC7, 0x71, 0xC7, 0x79, 0xCF, 0x3F, 0xFE, 0x1F, 0xFC, 0x0F,
    0xF8, 0x01, 0xC0, 0x01, 0xC0, 0x01, 0xC0, 0xFF, 0xFF, 0xFF, 0xFF, 0xFF, 0xC0, 0x00, 0xFF, 0xFF,
    0xFF, 0xFF, 0xFF, 0xC1, 0xE0, 0x07, 0x80, 0x1E, 0x00, 0x78, 0x01, 0xE0, 0x07, 0x80, 0x1E, 0x00,
    0x78, 0x01, 0xE0, 0x07, 0x80, 0x1E, 0x00, 0x78, 0x00, 0x7F, 0xFB, 0xFF, 0xFF, 0xFE, 0x07, 0x80,
    0x1C, 0x3F, 0xFF, 0xFF, 0xEF, 0xFE, 0x01, 0xC3, 0xFE, 0x3F, 0xE0, 0xFC, 0x03, 0x80, 0x1E, 0x00,
    0x78, 0x01, 0xE0, 0x07, 0x80, 0x1E, 0x00, 0xF0, 0x18, 0x01, 0xC0, 0x0E, 0x60, 0x7F, 0x03, 0xF8,
    0x3F, 0x03, 0xE2, 0x1F, 0xF0, 0x3F, 0x83, 0xF8, 0x3F, 0x01, 0xF0, 0x7B, 0x87, 0x9C, 0x38, 0xE1,
    0xC7, 0x1E, 0x39, 0xE1, 0xFE, 0x0F, 0xE0, 0x38, 0x00, 0x01, 0x80, 0x03, 0xC0, 0x03, 0xC0, 0x07,
    0xE0, 0x1F, 0xF8, 0x3F, 0xFC, 0x3B, 0xDC, 0x73, 0xDE, 0x73, 0xCE, 0x73, 0xCE, 0xE3, 0xCF, 0xE3,
    0xC7, 0xE3, 0xC7, 0xE3, 0xC7, 0x0F, 0xE0, 0x0F, 0xFE, 0x07, 0xFF, 0x83, 0x81, 0xE1, 0xC0, 0x70,
    0xE0, 0x38, 0x70, 0x1C, 0x38, 0x0E, 0x1C, 0x07, 0x3F, 0xFF, 0xBF, 0xFF, 0x8F, 0xFF, 0x01, 0xC0,
    0x03, 0xFE, 0x03, 0xFF, 0x00, 0xFF, 0x80, 0x1C, 0x00, 0x0E, 0x00, 0x07, 0x00, 0x00, 0x06, 0x60,
    0x06, 0xE0, 0x07, 0xE0, 0x0F, 0xF0, 0x1F, 0xF8, 0x3E, 0xFC, 0x7E, 0xFE, 0x76, 0xEE, 0x76, 0xEE,
    0xE6, 0xEF, 0xE6, 0x67, 0xE0, 0x00, 0x70, 0x00, 0x70, 0x00, 0x70, 0x00, 0x38, 0x00, 0x1F, 0x00,
    0xFF, 0xFE, 0xFF, 0xFE, 0x3B, 0x01, 0xD8, 0x3F, 0xC1, 0xFF, 0x8F, 0xFF, 0x70, 0x7B, 0x81, 0xDC,
    0x07, 0xE0, 0x3F, 0x03, 0xBF, 0xFD, 0xFF, 0x8F, 0xFF, 0x70, 0x3F, 0x80, 0xFC, 0x07, 0xE0, 0x3F,
    0x01, 0xF8, 0x3F, 0xFF, 0xEF, 0xFE, 0x1D, 0x80, 0xEC, 0x02, 0x60, 0x01, 0x80, 0x00, 0x78, 0x00,
    0x1E, 0x00, 0x07, 0x80, 0x01, 0xE0, 0x00, 0x78, 0x00, 0x1E, 0x00, 0x07, 0xFF, 0xFF, 0xFF, 0xFF,
    0xEF, 0x00, 0x00, 0xF0, 0x00, 0x0F, 0x00, 0x00, 0xF0, 0x00, 0x0F, 0x00, 0x00, 0xF0, 0x00, 0x0C,
    0x00, 0x00, 0x80, 0x00, 0xE0, 0x00, 0xF8, 0x00, 0xFE, 0x00, 0xFF, 0x80, 0xEF, 0xE0, 0xF7, 0x78,
    0xF3, 0x9E, 0xF1, 0xC7, 0x30, 0xE1, 0x80, 0x70, 0x00, 0x38, 0x00, 0x1C, 0x00, 0x0E, 0x00, 0x07,
    0x00, 0x03, 0x80, 0x01, 0xC0, 0x00, 0xE0, 0x00, 0x70, 0x00, 0x00, 0x60, 0x00, 0x0E, 0x00, 0x01,
    0xE0, 0x00, 0x1E, 0x00, 0x01, 0xE0, 0x00, 0x0E, 0x00, 0x00, 0xE7, 0xFF, 0xFE, 0xFF, 0xFF, 0xC0,
    0x00, 0x70, 0x00, 0x1C, 0x00, 0x07, 0x00, 0x01, 0xC0, 0x00, 0x70, 0x00, 0x1C, 0x00, 0x03, 0x00,
    0x01, 0x80, 0x00, 0xE0, 0x00, 0x70, 0x00, 0x38, 0x00, 0x1C, 0x00, 0x0E, 0x00, 0x07, 0x00, 0x03,
    0x80, 0x01, 0xC0, 0x00, 0xE0, 0x18, 0x70, 0xDE, 0x38, 0xE7, 0x9C, 0xF1, 0xEE, 0xF0, 0x7F, 0xF0,
    0x1F, 0xF0, 0x07, 0xF0, 0x01, 0xF0, 0x00, 0x70, 0x00, 0x00, 0x00, 0x01, 0x80, 0x0C, 0x00, 0x1E,
    0x00, 0xF0, 0x01, 0xE0, 0x03, 0xC0, 0x1E, 0x00, 0x0F, 0x01, 0xE0, 0x00, 0x3C, 0x1E, 0x00, 0x00,
    0xF1, 0xE0, 0x00, 0x03, 0xDF, 0xFF, 0xFF, 0xFF, 0xFF, 0xFF, 0xFF, 0xFB, 0xC0, 0x00, 0x07, 0x8F,
    0x00, 0x00, 0x78, 0x3C, 0x00, 0x07, 0x80, 0xF0, 0x00, 0x78, 0x03, 0xC0, 0x07, 0x80, 0x0F, 0x00,
    0x78, 0x00, 0x30, 0x01, 0x80, 0x00, 0x00, 0x00, 0xE0, 0x00, 0xF8, 0x00, 0xFE, 0x00, 0xFF, 0x80,
    0xFF, 0xE0, 0xF7, 0x78, 0xF3, 0x9E, 0xF1, 0xC7, 0x30, 0xE1, 0x80, 0x70, 0x00, 0x38, 0x00, 0x1C,
    0x00, 0x0E, 0x00, 0x07, 0x00, 0x03, 0x80, 0x01, 0xC0, 0x00, 0xE0, 0x00, 0x70, 0x00, 0x38, 0x06,
    0x1C, 0x37, 0x8E, 0x39, 0xE7, 0x3C, 0x7B, 0xBC, 0x1F, 0xFC, 0x07, 0xFC, 0x01, 0xFC, 0x00, 0x7C,
    0x00, 0x1C, 0x00, 0x00, 0x00, 0x7F, 0xF0, 0xFF, 0xF1, 0xFF, 0xC3, 0xE0, 0x07, 0xE0, 0x0D, 0xE0,
    0x19, 0xE0, 0x31, 0xE0, 0x61, 0xE0, 0xC1, 0xE1, 0x81, 0xE3, 0x01, 0xE0, 0x01, 0xE0, 0x01, 0x80,
    0x00, 0x00, 0x1F, 0xFC, 0x3F, 0xFC, 0x7F, 0xF8, 0x03, 0xF0, 0x0F, 0xE0, 0x3D, 0xC0, 0xF3, 0x83,
    0xC7, 0x0F, 0x0E, 0x3C, 0x1C, 0xF0, 0x3B, 0xC0, 0x77, 0x00, 0x0C, 0x00, 0x00, 0x00, 0x00, 0x20,
    0x00, 0xE0, 0x01, 0xE0, 0x31, 0xE0, 0x71, 0xE0, 0xE1, 0xE1, 0xC1, 0xE3, 0x81, 0xE7, 0x01, 0xEE,
    0x01, 0xFC, 0x01, 0xF8, 0x01, 0xF1, 0xFF, 0xE3, 0xFF, 0xC0, 0x00, 0x0C, 0x00, 0x3D, 0x80, 0xF3,
    0x03, 0xC6, 0x0F, 0x0C, 0x3C, 0x18, 0xF0, 0x33, 0xC0, 0x6F, 0x00, 0xDC, 0x01, 0xF0, 0x03, 0xC0,
    0x07, 0xFF, 0x8F, 0xFF, 0x00, 0x00, 0x00, 0x78, 0x00, 0x00, 0x3E, 0x00, 0x00, 0x1F, 0x80, 0x30,
    0x00, 0xE0, 0x3C, 0x00, 0x70, 0x3C, 0x00, 0x1C, 0x3C, 0x00, 0x0E, 0x3C, 0x00, 0x0E, 0x3C, 0x00,
    0x07, 0x3C, 0x00, 0x0F, 0xBF, 0xFF, 0xFF, 0x9F, 0xFF, 0xFF, 0x87, 0x80, 0x00, 0x01, 0xE0, 0x00,
    0x00, 0x78, 0x00, 0x00, 0x1E, 0x00, 0x00, 0x07, 0x80, 0x00, 0x01, 0xE0, 0x00, 0x00, 0x60, 0x00,
    0x00, 0x1E, 0x00, 0x00, 0x1F, 0x80, 0x00, 0x1F, 0x80, 0x00, 0x1E, 0x00, 0x30, 0x0E, 0x00, 0x1C,
    0x07, 0x00, 0x0F, 0x03, 0x80, 0x03, 0xC1, 0xC0, 0x00, 0xF0, 0xF0, 0x00, 0x3C, 0x3C, 0x00, 0x0F,
    0x0F, 0xFF, 0xFF, 0xC3, 0xFF, 0xFF, 0xE0, 0x00, 0x00, 0xE0, 0x00, 0x01, 0xE0, 0x00, 0x01, 0xE0,
    0x00, 0x01, 0xE0, 0x00, 0x01, 0xE0, 0x00, 0x00, 0xE0, 0x00, 0x00, 0x60, 0x00, 0x04, 0x00, 0x00,
    0x60, 0x00, 0x07, 0x00, 0x00, 0x78, 0x00, 0x07, 0xFF, 0xFF, 0x7F, 0xFF, 0xFD, 0xFF, 0xFF, 0xC7,
    0x80, 0x06, 0x1C, 0x00, 0x30, 0x60, 0x01, 0x81, 0x00, 0x0C, 0x00, 0x00, 0x60, 0x00, 0x03, 0x00,
    0x00, 0x18, 0x00, 0x00, 0xC0, 0x00, 0x06, 0x00, 0x00, 0x30, 0x00, 0x01, 0x80, 0x00, 0x0C, 0x00,
    0x03, 0x00, 0x00, 0x1C, 0x00, 0x00, 0xF0, 0x00, 0x07, 0xCF, 0xFF, 0xFF, 0x7F, 0xFF, 0xFB, 0xFF,
    0xFF, 0xDC, 0x00, 0x7C, 0xE0, 0x03, 0xC7, 0x00, 0x1C, 0x38, 0x00, 0xC1, 0xC0, 0x00, 0x0E, 0x00,
    0x00, 0x70, 0x00, 0x03, 0x80, 0x00, 0x1C, 0x00, 0x00, 0xE0, 0x00, 0x07, 0x00, 0x00, 0x38, 0x00,
    0x00, 0x00, 0x18, 0x00, 0xC0, 0x06, 0x00, 0x30, 0x01, 0x80, 0x0C, 0x00, 0x61, 0xC3, 0x1C, 0x19,
    0xC0, 0xDC, 0x07, 0xFF, 0xFF, 0xFF, 0xBC, 0x00, 0xF0, 0x03, 0xC0, 0x0C, 0x00, 0x40, 0x00, 0x07,
    0x00, 0x00, 0x38, 0x00, 0x01, 0xC0, 0x00, 0x0E, 0x00, 0x00, 0x70, 0x00, 0x03, 0x80, 0x0C, 0x1C,
    0x00, 0x70, 0xE0, 0x03, 0xC7, 0x00, 0x1F, 0x3F, 0xFF, 0xFD, 0xFF, 0xFF, 0xE0, 0x00, 0x3E, 0x00,
    0x01, 0xE0, 0x00, 0x0E, 0x00, 0x00, 0x60, 0x00, 0x00, 0x00, 0x7F, 0xF0, 0x7F, 0xF8, 0x3F, 0xFC,
    0x00, 0x06, 0x00, 0x03, 0x00, 0x01, 0x80, 0x00, 0xC0, 0x00, 0x60, 0x00, 0x30, 0x00, 0x18, 0x00,
    0x0C, 0x00, 0x06, 0x00, 0x03, 0x00, 0x01, 0x80, 0x0F, 0xFC, 0x03, 0xFC, 0x00, 0xFC, 0x00, 0x3C,
    0x00, 0x0C, 0x00, 0x00, 0x00, 0x00, 0x00, 0x30, 0x00, 0x01, 0x80, 0x00, 0x0C, 0x00, 0x00, 0x60,
    0x00, 0x03, 0x00, 0x00, 0x18, 0x30, 0x00, 0xC3, 0x80, 0x06, 0x3C, 0x00, 0x33, 0xE0, 0x01, 0xBF,
    0xFF, 0xFF, 0xFF, 0xFF, 0xF7, 0xC0, 0x00, 0x1E, 0x00, 0x00, 0x70, 0x00, 0x01, 0x80, 0x00, 0x00,
    0x00, 0x00, 0x00, 0x7F, 0x00, 0x07, 0xFE, 0x00, 0x78, 0xF0, 0x07, 0x01, 0xC0, 0x70, 0x07, 0x03,
    0x00, 0x38, 0x18, 0x00, 0xC1, 0xC0, 0x06, 0x0E, 0x00, 0x32, 0x72, 0x00, 0x3B, 0xB8, 0x00, 0xFF,
    0x80, 0x03, 0xF8, 0x00, 0x0F, 0x80, 0x00, 0x38, 0x00, 0x00, 0x80, 0x00, 0x0F, 0xE0, 0x00, 0xFF,
    0xC0, 0x0F, 0x9F, 0x00, 0xF0, 0x1C, 0x07, 0x00, 0x60, 0x70, 0x03, 0x83, 0x80, 0x1C, 0x1C, 0x00,
    0x60, 0xC0, 0x03, 0x00, 0x01, 0x99, 0x80, 0x0E, 0xDC, 0x00, 0x7F, 0xE0, 0x01, 0xFE, 0x00, 0x07,
    0xE0, 0x00, 0x1E, 0x00, 0x00, 0x60, 0x00, 0x00, 0x00, 0x0C, 0x00, 0x03, 0x80, 0x00, 0xF0, 0x00,
    0x3E, 0x00, 0x0F, 0xF8, 0x01, 0xFF, 0xC0, 0x1F, 0x7C, 0x01, 0xE3, 0xC0, 0x1C, 0x38, 0x01, 0x83,
    0x80, 0x00, 0x70, 0x00, 0x0E, 0x00, 0x00, 0xF8, 0x00, 0x1B, 0x00, 0x07, 0x70, 0x00, 0xEE, 0x00,
    0x1C, 0xE0, 0x07, 0x1E, 0x01, 0xC1, 0xF9, 0xF8, 0x1F, 0xFC, 0x00, 0xFF, 0x00, 0x00, 0x00, 0x00,
    0x0C, 0x00, 0x01, 0xC0, 0x00, 0x3C, 0x00, 0x07, 0xC0, 0x07, 0xFC, 0x03, 0xFF, 0x80, 0xFB, 0xE0,
    0x3C, 0x78, 0x0F, 0x0E, 0x01, 0xC1, 0x80, 0x38, 0x00, 0x0E, 0x00, 0x01, 0xC0, 0x00, 0x38, 0x00,
    0x1B, 0x00, 0x07, 0x70, 0x00, 0xEE, 0x00, 0x1C, 0xE0, 0x07, 0x1E, 0x01, 0xC1, 0xF9, 0xF8, 0x1F,
    0xFC, 0x00, 0xFF, 0x00, 0x00, 0x00, 0x00, 0x01, 0x80, 0x00, 0x38, 0x00, 0x03, 0x80, 0x00, 0x39,
    0xFF, 0xFF, 0xBF, 0xFF, 0xF0, 0x00, 0x1C, 0x00, 0x07, 0x01, 0xC1, 0xC0, 0x78, 0x30, 0x1E, 0x00,
    0x07, 0x80, 0x01, 0xFF, 0xFF, 0xFF, 0xFF, 0xFB, 0xC0, 0x00, 0x3C, 0x00, 0x03, 0xC0, 0x00, 0x38,
    0x00, 0x00, 0x00, 0x00, 0x00, 0x00, 0x01, 0xC0, 0x00, 0x78, 0x00, 0x1E, 0x00, 0x07, 0x80, 0x01,
    0xFF, 0xFF, 0xFF, 0xFF, 0xFB, 0xC0, 0x00, 0x3C, 0x00, 0x03, 0xC1, 0x80, 0x38, 0x38, 0x00, 0x03,
    0x80, 0x00, 0x39, 0xFF, 0xFF, 0xBF, 0xFF, 0xF0, 0x00, 0x1C, 0x00, 0x07, 0x00, 0x01, 0xC0, 0x00,
    0x30, 0x00, 0x00, 0x00, 0x01, 0x80, 0x00, 0x78, 0x00, 0x1E, 0x00, 0x07, 0x80, 0x01, 0xE0, 0x00,
    0x7F, 0xFF, 0xDF, 0xFF, 0xFF, 0x80, 0x00, 0xF0, 0x00, 0x0F, 0xFF, 0xFC, 0xFF, 0xFF, 0x8F, 0xFF,
    0xE0, 0xF0, 0x00, 0x0F, 0x00, 0x00, 0xF0, 0x00, 0x0C, 0x00, 0x00, 0x00, 0x00, 0x00, 0x60, 0x00,
    0x0E, 0x00, 0x01, 0xE0, 0x00, 0x1E, 0x00, 0x01, 0xE1, 0xFF, 0xFE, 0x3F, 0xFF, 0xE0, 0x00, 0x1E,
    0x00, 0x01, 0xDF, 0xFF, 0xF3, 0xFF, 0xFC, 0x7F, 0xFF, 0x00, 0x01, 0xC0, 0x00, 0x70, 0x00, 0x1C,
    0x00, 0x03, 0x00, 0x00, 0x00, 0x00, 0x01, 0x80, 0x0C, 0x00, 0x1E, 0x00, 0xF0, 0x01, 0xE0, 0x03,
    0xC0, 0x1E, 0x00, 0x0F, 0x01, 0xE0, 0x00, 0x3C, 0x1F, 0xFF, 0xFF, 0xF1, 0xFF, 0xFF, 0xFF, 0xDE,
    0x00, 0x00, 0x0F, 0xF0, 0x00, 0x00, 0x7B, 0xFF, 0xFF, 0xFF, 0x8F, 0xFF, 0xFF, 0xF8, 0x3F, 0xFF,
    0xFF, 0x80, 0xF0, 0x00, 0x78, 0x03, 0xC0, 0x07, 0x80, 0x0F, 0x00, 0x78, 0x00, 0x30, 0x01, 0x80,
    0x00, 0x00, 0x00, 0x00, 0x04, 0x01, 0xC0, 0x7C, 0x1F, 0xC7, 0xFD, 0xFF, 0xC3, 0x80, 0x70, 0x7F,
    0xCF, 0xF9, 0xFF, 0x07, 0x07, 0xFC, 0xFF, 0x9F, 0xF0, 0x70, 0x0E, 0x01, 0xC0, 0x38, 0x00, 0x0E,
    0x01, 0xC0, 0x38, 0x07, 0x00, 0xE0, 0xFF, 0x9F, 0xF0, 0x70, 0x0E, 0x0F, 0xF9, 0xFF, 0x07, 0x00,
    0xE0, 0x1C, 0x3F, 0xFB, 0xFE, 0x3F, 0x83, 0xE0, 0x38, 0x02, 0x00, 0xC0, 0x00, 0x07, 0x06, 0x00,
    0x38, 0x70, 0x01, 0xC7, 0x80, 0x0E, 0x7C, 0x00, 0x77, 0xFF, 0xFF, 0xBF, 0xFF, 0xFC, 0xF8, 0x00,
    0xE3, 0xC0, 0x07, 0x0E, 0x00, 0x38, 0x30, 0x01, 0x80, 0x00, 0x00, 0x00, 0x00, 0x18, 0x00, 0x40,
    0xC0, 0x03, 0x06, 0x00, 0x1C, 0x30, 0x01, 0xF1, 0xFF, 0xFF, 0xCF, 0xFF, 0xFE, 0x60, 0x01, 0xE3,
    0x00, 0x0E, 0x18, 0x00, 0x60, 0xC0, 0x02, 0x06, 0x00, 0x00, 0x30, 0x00, 0x20, 0x00, 0x01, 0xC0,
    0x00, 0x0F, 0x80, 0x00, 0x7F, 0x00, 0x03, 0xCE, 0x00, 0x1E, 0x1C, 0x00, 0xF0, 0x38, 0x07, 0x80,
    0x70, 0x3C, 0x00, 0xE1, 0xFC, 0x0F, 0xCF, 0xF0, 0x3F, 0x81, 0xC0, 0xC0, 0x07, 0x03, 0x00, 0x1C,
    0x0C, 0x00, 0x70, 0x30, 0x01, 0xC0, 0xC0, 0x07, 0x03, 0x00, 0x1C, 0x0C, 0x00, 0x7F, 0xF0, 0x01,
    0xFF, 0xC0, 0x00, 0x20, 0x00, 0x01, 0xC0, 0x00, 0x0F, 0x80, 0x00, 0x7F, 0x00, 0x03, 0xCE, 0x00,
    0x1E, 0x1C, 0x00, 0xF0, 0x38, 0x07, 0x80, 0x70, 0x3C, 0x00, 0xE1, 0xFC, 0x0F, 0xCF, 0xF0, 0x3F,
    0x81, 0xC0, 0xC0, 0x07, 0x03, 0x00, 0x1C, 0x0C, 0x00, 0x7F, 0xF0, 0x01, 0xFF, 0xC0, 0x03, 0xFF,
    0x00, 0x00, 0x00, 0x00, 0x7F, 0xF0, 0x01, 0xFF, 0xC0, 0x07, 0x03, 0x00, 0x1C, 0x0C, 0x00, 0x7F,
    0xF0, 0x01, 0xFF, 0xC0, 0x1F, 0x01, 0xFE, 0x0F, 0xF8, 0x43, 0xE0, 0x07, 0x00, 0x38, 0x3C, 0xE3,
    0xFF, 0x3F, 0xFB, 0xC3, 0xDC, 0x0E, 0xE0, 0x77, 0x03, 0xB8, 0x1D, 0xC0, 0xEE, 0x0E, 0x78, 0xF1,
    0xFF, 0x07, 0xF0, 0x06, 0x00, 0x00, 0x00, 0x1F, 0xCC, 0x7F, 0xF9, 0xFF, 0xE7, 0x83, 0xCE, 0x0F,
    0xB8, 0x3B, 0xF0, 0xE7, 0xE3, 0x8F, 0xCE, 0x1D, 0xF8, 0x73, 0xE1, 0xE7, 0xC7, 0x8F, 0xFF, 0x3B,
    0xF8, 0x61, 0xC0, 0x01, 0xC0, 0x00, 0xE0, 0x00, 0xF8, 0x00, 0x7C, 0x00, 0x7E, 0x00, 0x3B, 0x80,
    0x1D, 0xC0, 0x1C, 0xE0, 0x0E, 0x38, 0x07, 0x1C, 0x07, 0x0F, 0x03, 0x83, 0x81, 0xC1, 0xC1, 0xC0,
    0x70, 0xE0, 0x38, 0xF0, 0x1C, 0x70, 0x07, 0x3F, 0xFF, 0xBF, 0xFF, 0xC0, 0xFF, 0xFF, 0xFF, 0xFF,
    0xFF, 0xF8, 0x07, 0xE0, 0x1F, 0x80, 0x7E, 0x01, 0xF8, 0x07, 0xE0, 0x1F, 0x80, 0x7E, 0x01, 0xF8,
    0x07, 0xE0, 0x1F, 0x80, 0x7E, 0x01, 0xF8, 0x07, 0xE0, 0x1F, 0x80, 0x7E, 0x01, 0xF8, 0x07, 0xE0,
    0x1F, 0x80, 0x70, 0x7F, 0xFC, 0xFF, 0xF9, 0xFF, 0xF3, 0xC0, 0x03, 0xC0, 0x03, 0xC0, 0x03, 0xC0,
    0x03, 0x80, 0x07, 0x80, 0x07, 0x80, 0x07, 0x80, 0x07, 0x00, 0x1E, 0x00, 0x78, 0x00, 0xE0, 0x03,
    0x80, 0x0F, 0x00, 0x3C, 0x00, 0xF0, 0x03, 0xC0, 0x07, 0xFF, 0xEF, 0xFF, 0xDF, 0xFF, 0x80, 0x7F,
    0xFF, 0xFF, 0xFF, 0xF0, 0x00, 0x0E, 0x00, 0x18, 0x00, 0x60, 0x01, 0xC0, 0x07, 0x00, 0x0C, 0x00,
    0x38, 0x00, 0xE0, 0x01, 0x80, 0x06, 0x00, 0x1C, 0x00, 0x70, 0x00, 0xC0, 0x03, 0x80, 0x0E, 0x00,
    0x18, 0x00, 0x60, 0x00, 0x00, 0x0E, 0x00, 0x1C, 0x00, 0x78, 0x00, 0xE0, 0x01, 0xC0, 0x07, 0x80,
    0x0E, 0x00, 0x1C, 0x00, 0x70, 0xF0, 0xE3, 0xF3, 0xC3, 0xE7, 0x01, 0xCE, 0x01, 0xFC, 0x03, 0xF0,
    0x07, 0xE0, 0x07, 0x80, 0x0F, 0x00, 0x0E, 0x00, 0x1F, 0x03, 0xC3, 0xFC, 0x7F, 0x9F, 0xF7, 0xFF,
    0xC3, 0xF8, 0x7E, 0x0F, 0x83, 0xF0, 0x3C, 0x1F, 0x83, 0xE0, 0xFE, 0x7F, 0xCF, 0x7F, 0xDF, 0xF1,
    0xFC, 0x3F, 0x03, 0x00, 0x60, 0x01, 0x81, 0xF0, 0xFC, 0x38, 0x1C, 0x07, 0x01, 0xC0, 0x70, 0x1C,
    0x07, 0x01, 0xC0, 0x70, 0x1C, 0x07, 0x01, 0xC0, 0x70, 0x1C, 0x07, 0x01, 0xC0, 0x70, 0x1C, 0x07,
    0x01, 0xC1, 0xF0, 0xFC, 0x3E, 0x00, 0x03, 0xBC, 0xE2, 0x00, 0x00, 0x00, 0x00, 0xEF, 0x38, 0x80,
    0x00, 0x00, 0xF8, 0x77, 0xF1, 0xDD, 0xFE, 0x61, 0xF8, 0x03, 0xC3, 0xE1, 0x9F, 0xC7, 0x7F, 0xFD,
    0x8F, 0xE6, 0x1F, 0x00, 0x01, 0xC0, 0x1C, 0x01, 0x8F, 0xFF, 0xFF, 0xF7, 0xFF, 0x07, 0x00, 0x60,
    0xFF, 0xFF, 0xFF, 0xFF, 0xF1, 0xC0, 0x18, 0x03, 0x80, 0x00, 0x30, 0x1F, 0x0F, 0xF7, 0xF8, 0xFC,
    0x0F, 0xE0, 0x3F, 0xC0, 0x7F, 0x01, 0xF0, 0x03, 0x00, 0x0F, 0xFF, 0xFF, 0xF7, 0xFF, 0xE0, 0x0F,
    0xC0, 0xFF, 0x01, 0xFE, 0x03, 0xF0, 0x7F, 0x3F, 0xEF, 0xF0, 0xF8, 0x0C, 0x00, 0x00, 0x0F, 0xFF,
    0xFF, 0xF7, 0xFF, 0x00, 0x00, 0xE0, 0x00, 0x00, 0x03, 0xFF, 0xC0, 0x00, 0x01, 0xFF, 0xFF, 0x00,
    0x00, 0x7F, 0x07, 0xF0, 0x00, 0x3F, 0x00, 0x1F, 0x80, 0x0F, 0x80, 0x00, 0xF8, 0x03, 0xC0, 0x00,
    0x07, 0x80, 0xF0, 0x00, 0x00, 0x70, 0x1C, 0x00, 0x00, 0x07, 0x07, 0x00, 0x18, 0x00, 0xF0, 0xE0,
    0x03, 0x80, 0x0E, 0x38, 0x00, 0x70, 0x00, 0xE7, 0x00, 0x0E, 0x00, 0x1D, 0xC0, 0x01, 0xC0, 0x03,
    0xB8, 0x00, 0x38, 0x00, 0x37, 0x00, 0x07, 0x00, 0x07, 0xE0, 0x00, 0xE0, 0x00, 0xFC, 0x0F, 0xFF,
    0xF8, 0x1F, 0x81, 0xFF, 0xFF, 0x03, 0xF0, 0x00, 0x70, 0x00, 0x7E, 0x00, 0x0E, 0x00, 0x0F, 0xC0,
    0x01, 0xC0, 0x01, 0x98, 0x00, 0x38, 0x00, 0x73, 0x80, 0x07, 0x00, 0x0E, 0x70, 0x00, 0xE0, 0x03,
    0xC7, 0x00, 0x1C, 0x00, 0x70, 0xF0, 0x00, 0x00, 0x1E, 0x0E, 0x00, 0x00, 0x07, 0x80, 0xE0, 0x00,
    0x01, 0xE0, 0x1E, 0x00, 0x00, 0x78, 0x01, 0xF0, 0x00, 0x1E, 0x00, 0x1F, 0x80, 0x0F, 0x80, 0x00,
    0xFF, 0xBF, 0xE0, 0x00, 0x07, 0xFF, 0xF0, 0x00, 0x00, 0x3F, 0xF8, 0x00, 0x00, 0x00, 0x00, 0xE0,
    0x00, 0x00, 0x03, 0xFF, 0xC0, 0x00, 0x01, 0xFF, 0xFF, 0x00, 0x00, 0x7F, 0x07, 0xF0, 0x00, 0x3F,
    0x00, 0x1F, 0x80, 0x0F, 0x80, 0x00, 0xF8, 0x03, 0xC0, 0x00, 0x07, 0x80, 0xF0, 0x00, 0x00, 0x70,
    0x1C, 0x00, 0x00, 0x07, 0x07, 0x00, 0x00, 0x00, 0xF0, 0xE0, 0x00, 0x00, 0x0E, 0x38, 0x00, 0x00,
    0x00, 0xE7, 0x00, 0x00, 0x00, 0x1D, 0xC0, 0x00, 0x00, 0x03, 0xB8, 0x00, 0x00, 0x00, 0x37, 0x00,
    0x00, 0x00, 0x07, 0xE0, 0x0F, 0xFE, 0x00, 0xFC, 0x03, 0xFF, 0xC0, 0x1F, 0x80, 0x7F, 0xF8, 0x03,
    0xF0, 0x00, 0x00, 0x00, 0x7E, 0x00, 0x00, 0x00, 0x0F, 0xC0, 0x00, 0x00, 0x01, 0x98, 0x00, 0x00,
    0x00, 0x73, 0x80, 0x00, 0x00, 0x0E, 0x70, 0x00, 0x00, 0x03, 0xC7, 0x00, 0x00, 0x00, 0x70, 0xF0,
    0x00, 0x00, 0x1E, 0x0E, 0x00, 0x00, 0x07, 0x80, 0xE0, 0x00, 0x01, 0xE0, 0x1E, 0x00, 0x00, 0x78,
    0x01, 0xF0, 0x00, 0x1E, 0x00, 0x1F, 0x80, 0x0F, 0x80, 0x00, 0xFF, 0xBF, 0xE0, 0x00, 0x07, 0xFF,
    0xF0, 0x00, 0x00, 0x3F, 0xF8, 0x00, 0x00, 0x00, 0x00, 0xE0, 0x00, 0x00, 0x03, 0xFF, 0xC0, 0x00,
    0x01, 0xFF, 0xFF, 0x00, 0x00, 0x7F, 0x07, 0xF0, 0x00, 0x3F, 0x00, 0x1F, 0x80, 0x0F, 0x80, 0x00,
    0xF8, 0x03, 0xC0, 0x00, 0x07, 0x80, 0xF0, 0x00, 0x00, 0x70, 0x1C, 0x00, 0x00, 0x07, 0x07, 0x00,
    0x00, 0x00, 0xF0, 0xE0, 0x00, 0x00, 0x0E, 0x38, 0x00, 0x00, 0x00, 0xE7, 0x00, 0xC0, 0x60, 0x1D,
    0xC0, 0x1C, 0x1C, 0x03, 0xB8, 0x03, 0xC7, 0x80, 0x37, 0x00, 0x3D, 0xE0, 0x07, 0xE0, 0x03, 0xF8,
    0x00, 0xFC, 0x00, 0x3E, 0x00, 0x1F, 0x80, 0x07, 0xC0, 0x03, 0xF0, 0x01, 0xFC, 0x00, 0x7E, 0x00,
    0x7B, 0xC0, 0x0F, 0xC0, 0x1E, 0x3C, 0x01, 0x98, 0x03, 0x83, 0x80, 0x73, 0x80, 0x60, 0x20, 0x0E,
    0x70, 0x00, 0x00, 0x03, 0xC7, 0x00, 0x00, 0x00, 0x70, 0xF0, 0x00, 0x00, 0x1E, 0x0E, 0x00, 0x00,
    0x07, 0x80, 0xE0, 0x00, 0x01, 0xE0, 0x1E, 0x00, 0x00, 0x78, 0x01, 0xF0, 0x00, 0x1E, 0x00, 0x1F,
    0x80, 0x0F, 0x80, 0x00, 0xFF, 0xBF, 0xE0, 0x00, 0x07, 0xFF, 0xF0, 0x00, 0x00, 0x3F, 0xF8, 0x00,
    0x00, 0x00, 0x00, 0xE0, 0x00, 0x00, 0x03, 0xFF, 0xC0, 0x00, 0x01, 0xFF, 0xFF, 0x00, 0x00, 0x7F,
    0x07, 0xF0, 0x00, 0x3F, 0x00, 0x1F, 0x80, 0x0F, 0x80, 0x00, 0xF8, 0x03, 0xC0, 0x00, 0x07, 0x80,
    0xF0, 0x00, 0x00, 0x70, 0x1C, 0x00, 0x00, 0x07, 0x07, 0x00, 0x00, 0x00, 0xF0, 0xE0, 0x00, 0x08,
    0x0E, 0x38, 0x00, 0x03, 0x80, 0xE7, 0x00, 0x00, 0xF0, 0x1D, 0xC0, 0x00, 0x3C, 0x03, 0xB8, 0x00,
    0x0F, 0x00, 0x37, 0x00, 0x01, 0xC0, 0x07, 0xE0, 0x00, 0x70, 0x00, 0xFC, 0x00, 0x1E, 0x00, 0x1F,
    0x80, 0x07, 0x80, 0x03, 0xF0, 0x01, 0xE0, 0x00, 0x7E, 0x00, 0x78, 0x00, 0x0F, 0xC0, 0x0E, 0x00,
    0x01, 0x98, 0x03, 0x80, 0x00, 0x73, 0x80, 0xF0, 0x00, 0x0E, 0x70, 0x1C, 0x00, 0x03, 0xC7, 0x00,
    0x00, 0x00, 0x70, 0xF0, 0x00, 0x00, 0x1E, 0x0E, 0x00, 0x00, 0x07, 0x80, 0xE0, 0x00, 0x01, 0xE0,
    0x1E, 0x00, 0x00, 0x78, 0x01, 0xF0, 0x00, 0x1E, 0x00, 0x1F, 0x80, 0x0F, 0x80, 0x00, 0xFF, 0xBF,
    0xE0, 0x00, 0x07, 0xFF, 0xF0, 0x00, 0x00, 0x3F, 0xF8, 0x00, 0x00, 0x05, 0xB0, 0x0F, 0xB0, 0x30,
    0x0C, 0x10, 0x0C, 0x60, 0x06, 0x60, 0x06, 0x40, 0x00, 0xE0, 0x03, 0x40, 0x02, 0x60, 0x06, 0x60,
    0x06, 0x10, 0x0C, 0x30, 0x0C, 0x0F, 0xB0, 0x05, 0xB0, 0x1F, 0x30, 0xFB, 0xC6, 0x0C, 0x70, 0x03,
    0x80, 0x1C, 0x03, 0xFF, 0xDF, 0xFE, 0x38, 0x31, 0xC1, 0x8E, 0x0C, 0x70, 0x63, 0x83, 0x1C, 0x18,
    0xE0, 0xC7, 0x06, 0x38, 0x31, 0xC1, 0x8E, 0x0C, 0x1F, 0x38, 0x3E, 0x70, 0x60, 0xE1, 0xC1, 0xC3,
    0x83, 0x87, 0x07, 0x3F, 0xCE, 0x7F, 0x9C, 0x38, 0x38, 0x70, 0x70, 0xE0, 0xE1, 0xC1, 0xC3, 0x83,
    0x87, 0x07, 0x0E, 0x0E, 0x1C, 0x1C, 0x38, 0x38, 0x70, 0x7C, 0xE0, 0xF8, 0x00, 0x00, 0x00, 0x00,
    0x00, 0x0E, 0x60, 0x00, 0x0E, 0x70, 0x00, 0x07, 0x60, 0x00, 0x07, 0xE0, 0x00, 0x07, 0xE0, 0x00,
    0x07, 0xF0, 0x00, 0x07, 0x78, 0x00, 0x1E, 0x7F, 0xFF, 0xFE, 0x1F, 0xFF, 0xF8, 0x07, 0xFF, 0x80,
    0x00, 0x00, 0x00, 0x00, 0x00, 0x00, 0x00, 0x76, 0x00, 0x00, 0x7E, 0x00, 0x00, 0x76, 0x00, 0x00,
    0x1C, 0x00, 0x00, 0x1C, 0x00, 0x00, 0x18, 0x00, 0x60, 0x00, 0x00, 0x03, 0x80, 0x00, 0x00, 0x18,
    0x00, 0x00, 0x01, 0xC0, 0x00, 0x06, 0x0E, 0x00, 0x00, 0x78, 0x78, 0x00, 0x0F, 0x81, 0xE0, 0x03,
    0xFF, 0x0F, 0xFF, 0xFF, 0x7F, 0x1F, 0xFF, 0xE1, 0xF8, 0x3F, 0xF0, 0x00, 0x00, 0x00, 0x00, 0x00,
    0x00, 0x00, 0x00, 0x00, 0x06, 0xE0, 0x00, 0x00, 0x77, 0x00, 0x00, 0x01, 0xB0, 0x00, 0x00, 0x07,
    0x00, 0x00, 0x00, 0x38, 0x00, 0x00, 0x00, 0x80, 0x00, 0x00, 0x00, 0x18, 0x38, 0x70, 0xE0, 0xC1,
    0x83, 0x0E, 0xFD, 0xF0, 0x00, 0x0D, 0xDF, 0xB7, 0x38, 0x70, 0x60, 0x00, 0x01, 0xC0, 0x30, 0x0E,
    0x01, 0xC0, 0x7C, 0x3F, 0xFF, 0xBF, 0x00, 0x00, 0x00, 0xD8, 0x3B, 0x83, 0x60, 0x38, 0x07, 0x00,
    0x40, 0x00, 0x30, 0x00, 0x00, 0x30, 0x00, 0x00, 0x3E, 0x00, 0x00, 0x3F, 0x00, 0x00, 0x3B, 0x00,
    0x00, 0x7F, 0x00, 0x00, 0x7E, 0x00, 0x00, 0x00, 0x00, 0x00, 0x00, 0x0E, 0x60, 0x00, 0x0E, 0x70,
    0x00, 0x07, 0x60, 0x00, 0x07, 0xE0, 0x00, 0x07, 0xE0, 0x00, 0x07, 0xF0, 0x00, 0x07, 0x78, 0x00,
    0x1E, 0x7F, 0xFF, 0xFE, 0x1F, 0xFF, 0xF8, 0x07, 0xFF, 0x80, 0x00, 0x30, 0x00, 0x00, 0x01, 0x80,
    0x00, 0x00, 0x0F, 0x80, 0x00, 0x00, 0x7E, 0x00, 0x00, 0x03, 0xB0, 0x00, 0x00, 0x3F, 0x80, 0x00,
    0x01, 0xF8, 0x00, 0x00, 0x00, 0x00, 0x00, 0x00, 0x00, 0x00, 0x03, 0x00, 0x00, 0x00, 0x1C, 0x00,
    0x00, 0x00, 0xC0, 0x00, 0x00, 0x0E, 0x00, 0x00, 0x30, 0x70, 0x00, 0x03, 0xC3, 0xC0, 0x00, 0x7C,
    0x0F, 0x00, 0x1F, 0xF8, 0x7F, 0xFF, 0xFB, 0xF8, 0xFF, 0xFF, 0x0F, 0xC1, 0xFF, 0x80, 0x00, 0x60,
    0xC1, 0xF3, 0xF7, 0x7F, 0xFF, 0x00, 0x00, 0x00, 0xE1, 0xC3, 0x83, 0x87, 0x0E, 0x1C, 0x7B, 0xE7,
    0x80, 0x00, 0x18, 0x03, 0x00, 0x7C, 0x0F, 0xC1, 0xD8, 0x7F, 0x0F, 0xC0, 0x00, 0x00, 0x00, 0x00,
    0x38, 0x06, 0x01, 0xC0, 0x38, 0x0F, 0x87, 0xFF, 0xF7, 0xE0, 0x00, 0x3C, 0x00, 0x7F, 0xC0, 0x7F,
    0xFE, 0x01, 0xFE, 0x01, 0xFE, 0x07, 0xF0, 0x0F, 0x80, 0x1E, 0x00, 0x38, 0x00, 0x70, 0x00, 0x73,
    0x70, 0xE7, 0xF0, 0xE3, 0x70, 0xE1, 0xC0, 0xE1, 0xC0, 0xE0, 0xC0, 0xF0, 0x00, 0x78, 0x00, 0x3F,
    0xFE, 0x1F, 0xFF, 0x07, 0xFC, 0x3C, 0x00, 0x07, 0xFC, 0x00, 0x7F, 0xFE, 0x00, 0x1F, 0xE0, 0x01,
    0xFE, 0x00, 0x7F, 0xC0, 0x0F, 0x9C, 0x01, 0xE0, 0xE0, 0x38, 0x0F, 0x07, 0x00, 0x7E, 0x73, 0x73,
    0xEE, 0x7F, 0x00, 0xE3, 0x70, 0x0E, 0x1C, 0x00, 0xE1, 0xC0, 0x0E, 0x0C, 0x00, 0xF0, 0x00, 0x07,
    0x80, 0x00, 0x3F, 0xFE, 0x01, 0xFF, 0xF0, 0x07, 0xFC, 0x00, 0x7F, 0x01, 0xFF, 0x03, 0xFE, 0x00,
    0x3F, 0x00, 0xFC, 0x0F, 0xE1, 0xFC, 0x3F, 0xC0, 0xFC, 0x00, 0x00, 0x00, 0x00, 0x03, 0xF0, 0x0F,
    0xC0, 0x37, 0x00, 0x30, 0x01, 0xC0, 0x03, 0x00, 0x7F, 0x00, 0x1F, 0xF0, 0x03, 0xFE, 0x00, 0x03,
    0xF0, 0x00, 0xFC, 0x00, 0xFE, 0x01, 0xFF, 0xC3, 0xFC, 0x7E, 0xFC, 0x0F, 0x80, 0x00, 0x00, 0x00,
    0x00, 0x36, 0x00, 0x1D, 0xC0, 0x03, 0x60, 0x00, 0x70, 0x00, 0x1C, 0x00, 0x02, 0x00, 0x00, 0x18,
    0x03, 0x00, 0x7C, 0x0F, 0xC1, 0xD8, 0x7F, 0x0F, 0xC0, 0x00, 0x00, 0x00, 0x00, 0x0C, 0x03, 0xC0,
    0x38, 0x07, 0x80, 0x70, 0x07, 0x00, 0xE0, 0x1C, 0x03, 0xB8, 0xF7, 0xFC, 0xFF, 0x01, 0x00, 0x18,
    0x00, 0x30, 0x00, 0x7C, 0x00, 0xFC, 0x01, 0xDC, 0x07, 0xF0, 0x0F, 0xE0, 0x00, 0x00, 0x00, 0x00,
    0x00, 0x00, 0x0C, 0x00, 0x38, 0x00, 0x38, 0x00, 0x78, 0x00, 0x70, 0x00, 0x70, 0x00, 0xE0, 0x01,
    0xC0, 0x03, 0xC3, 0x8F, 0xC7, 0xFF, 0xEF, 0xF3, 0xC1, 0x00, 0x00, 0x04, 0x07, 0x03, 0x83, 0x63,
    0xB9, 0xD8, 0x00, 0x00, 0x02, 0x03, 0x81, 0xC0, 0x60, 0x38, 0x1C, 0x0E, 0x07, 0x03, 0x83, 0x83,
    0xC3, 0xCF, 0xC7, 0xC1, 0x80, 0x0C, 0x00, 0x70, 0x03, 0x80, 0x76, 0x03, 0xF0, 0x1D, 0x80, 0x00,
    0x00, 0x00, 0x02, 0x00, 0x38, 0x01, 0xC0, 0x06, 0x00, 0x38, 0x01, 0xC0, 0x0F, 0x00, 0x7E, 0x03,
    0xF0, 0x38, 0x03, 0xC0, 0x3C, 0x0F, 0xC0, 0x7C, 0x01, 0x80, 0x00, 0x18, 0x06, 0x01, 0xF0, 0x7E,
    0x1D, 0x8F, 0xE3, 0xF0, 0x00, 0x00, 0x00, 0x00, 0x20, 0x1C, 0x07, 0x00, 0xC0, 0x38, 0x0E, 0x03,
    0x80, 0xE0, 0x38, 0x1C, 0x0F, 0x07, 0x8F, 0xC3, 0xE0, 0x60, 0x00, 0x18, 0x00, 0xC0, 0x07, 0xC0,
    0x3F, 0x01, 0xD8, 0x1F, 0xC0, 0xFC, 0x00, 0x00, 0x00, 0x00, 0x00, 0x00, 0x80, 0x0E, 0x00, 0x70,
    0x01, 0x80, 0x0E, 0x00, 0x70, 0x03, 0xC0, 0x1F, 0x80, 0xFC, 0x0E, 0x00, 0xF0, 0x0F, 0x03, 0xF0,
    0x1F, 0x00, 0x60, 0x00, 0x00, 0x00, 0x0C, 0x00, 0x00, 0x78, 0x00, 0x03, 0xF0, 0x00, 0x1F, 0x80,
    0x00, 0x7C, 0x00, 0x01, 0xE0, 0x00, 0x03, 0x80, 0x00, 0x07, 0x80, 0x00, 0x07, 0x80, 0xC0, 0x03,
    0x81, 0xC0, 0x03, 0x83, 0x00, 0x03, 0x8E, 0x00, 0x07, 0x1C, 0x00, 0x07, 0x3C, 0x00, 0x0E, 0x3C,
    0x00, 0x3C, 0x7F, 0xFF, 0xF0, 0x3F, 0xFF, 0xC0, 0x1F, 0xFC, 0x00, 0x00, 0x00, 0x0C, 0x00, 0x00,
    0x0F, 0x00, 0x00, 0x0F, 0xC0, 0x00, 0x0F, 0xC0, 0x00, 0x07, 0xC0, 0x00, 0x03, 0xC0, 0x00, 0x00,
    0xE0, 0x00, 0x00, 0x3C, 0x00, 0x00, 0x07, 0x80, 0x18, 0x00, 0xF0, 0x07, 0x00, 0x1E, 0x01, 0x80,
    0x03, 0xC0, 0xE0, 0x00, 0x70, 0x38, 0x00, 0x0E, 0x0F, 0x00, 0x03, 0xC1, 0xE0, 0x03, 0xF8, 0x7F,
    0xFF, 0xFF, 0xC7, 0xFF, 0xF9, 0xF0, 0x7F, 0xF0, 0x00, 0x00, 0x40, 0x3C, 0x1F, 0x8F, 0xC7, 0xE0,
    0xF0, 0x3C, 0x03, 0xC0, 0x3C, 0x03, 0xC0, 0x3C, 0x03, 0x80, 0x38, 0x07, 0x00, 0xE0, 0x3C, 0xFF,
    0x1F, 0xC3, 0x00, 0x00, 0x00, 0x40, 0x0F, 0x80, 0x7E, 0x07, 0xE0, 0x7E, 0x01, 0xE0, 0x0E, 0x00,
    0x1C, 0x00, 0x78, 0x00, 0x70, 0x00, 0xE0, 0x01, 0xC0, 0x03, 0x80, 0x0E, 0x00, 0x3C, 0x01, 0xFC,
    0xFF, 0xFF, 0xF9, 0xFC, 0x00, 0x00, 0x00, 0x00, 0x10, 0x00, 0x00, 0xF0, 0x00, 0x03, 0xE0, 0x00,
    0x1F, 0x60, 0x00, 0xFB, 0xC0, 0x01, 0xDF, 0x80, 0x02, 0xFC, 0x00, 0x03, 0xE0, 0x00, 0x0F, 0x00,
    0x00, 0x1C, 0x00, 0x00, 0x3C, 0x00, 0x00, 0x3C, 0x06, 0x00, 0x1C, 0x0E, 0x00, 0x1C, 0x18, 0x00,
    0x1C, 0x70, 0x00, 0x38, 0xE0, 0x00, 0x39, 0xE0, 0x00, 0x71, 0xE0, 0x01, 0xE3, 0xFF, 0xFF, 0x81,
    0xFF, 0xFE, 0x00, 0xFF, 0xE0, 0x00, 0x00, 0x00, 0x10, 0x00, 0x00, 0x1E, 0x00, 0x00, 0x0F, 0x80,
    0x00, 0x0F, 0xB0, 0x00, 0x0F, 0xBC, 0x00, 0x03, 0xBF, 0x00, 0x00, 0xBF, 0x00, 0x00, 0x1F, 0x00,
    0x00, 0x0F, 0x00, 0x00, 0x03, 0x80, 0x00, 0x00, 0xF0, 0x00, 0x00, 0x1E, 0x00, 0x60, 0x03, 0xC0,
    0x1C, 0x00, 0x78, 0x06, 0x00, 0x0F, 0x03, 0x80, 0x01, 0xC0, 0xE0, 0x00, 0x38, 0x3C, 0x00, 0x0F,
    0x07, 0x80, 0x0F, 0xE1, 0xFF, 0xFF, 0xFF, 0x1F, 0xFF, 0xE7, 0xC1, 0xFF, 0xC0, 0x00, 0x00, 0x80,
    0x70, 0x3E, 0x1F, 0x27, 0x9F, 0xEF, 0xF7, 0xE3, 0xF0, 0x78, 0x1E, 0x01, 0xE0, 0x1E, 0x01, 0xE0,
    0x1E, 0x01, 0xC0, 0x1C, 0x03, 0x80, 0x70, 0x1E, 0x7F, 0x8F, 0xE1, 0x80, 0x00, 0x00, 0x80, 0x0E,
    0x00, 0xF8, 0x0F, 0x90, 0x7B, 0xE3, 0xDF, 0x8D, 0xF8, 0x1F, 0x80, 0x78, 0x03, 0x80, 0x07, 0x00,
    0x1E, 0x00, 0x1C, 0x00, 0x38, 0x00, 0x70, 0x00, 0xE0, 0x03, 0x80, 0x0F, 0x00, 0x7F, 0x3F, 0xFF,
    0xFE, 0x7F, 0x00, 0x00, 0x00, 0x0E, 0x00, 0x0E, 0x00, 0x0E, 0x20, 0x07, 0x70, 0x07, 0x70, 0x07,
    0x60, 0x07, 0xE0, 0x07, 0xE0, 0x07, 0x70, 0x07, 0x78, 0x1E, 0x7F, 0xFC, 0x3F, 0xF8, 0x0F, 0xF0,
    0x00, 0x00, 0x00, 0x00, 0xE0, 0x00, 0x07, 0x02, 0x00, 0x70, 0x70, 0x07, 0x07, 0x00, 0x78, 0x60,
    0x07, 0xFE, 0x00, 0x7F, 0xE0, 0x07, 0x07, 0x00, 0x70, 0x70, 0x0E, 0x07, 0xFF, 0xE0, 0x3F, 0xFC,
    0x00, 0xFF, 0x00, 0x08, 0x07, 0x81, 0xE0, 0xFC, 0x3B, 0x9C, 0x66, 0x1F, 0x87, 0xE1, 0xDC, 0xE7,
    0xF8, 0xFC, 0x04, 0x00, 0xFC, 0x07, 0xF8, 0x3C, 0xE0, 0xE1, 0x83, 0x87, 0x0E, 0x1E, 0x18, 0x3E,
    0x60, 0x78, 0x00, 0x00, 0x00, 0xE3, 0x8E, 0x1C, 0x71, 0xC7, 0x3F, 0xEF, 0x04, 0x30, 0x87, 0x0C,
    0x38, 0x03, 0xC0, 0x3E, 0x3D, 0xF3, 0xE3, 0xBE, 0x0D, 0xC0, 0x7C, 0x03, 0xE0, 0x0F, 0x00, 0x38,
    0x01, 0x80, 0x01, 0x00, 0x03, 0x80, 0x03, 0xC0, 0x03, 0xF0, 0x07, 0xF8, 0x0E, 0x7C, 0x0E, 0x3E,
    0x0E, 0x7E, 0x0E, 0x77, 0x07, 0xF7, 0x07, 0xE7, 0xFF, 0xFF, 0xFF, 0xFE, 0x18, 0x18, 0x00, 0x60,
    0x00, 0xF8, 0x00, 0xFE, 0x00, 0x77, 0x00, 0x73, 0x80, 0x39, 0xC0, 0x1C, 0xE0, 0x0C, 0xF0, 0x4F,
    0xF8, 0x7F, 0xFF, 0xFF, 0xFF, 0xE1, 0xC1, 0x80, 0x70, 0xC0, 0x3C, 0x60, 0x0F, 0xF0, 0x03, 0xF8,
    0x00, 0xF0, 0x00, 0x08, 0x00, 0x38, 0x00, 0xF0, 0x07, 0xE0, 0x3F, 0xC0, 0xE7, 0x83, 0x1F, 0x0C,
    0x7E, 0x39, 0xF8, 0xFE, 0x71, 0xF1, 0xFF, 0xFE, 0xFF, 0xF8, 0x01, 0x80, 0x03, 0x80, 0x1F, 0x00,
    0xFC, 0x07, 0x38, 0x1C, 0xE0, 0xE3, 0x83, 0x8C, 0x0E, 0x70, 0x3F, 0xC3, 0xFF, 0xFF, 0xFF, 0xCE,
    0x1C, 0x38, 0x70, 0xF1, 0xC1, 0xFE, 0x03, 0xF8, 0x03, 0x80, 0x03, 0x00, 0x00, 0x0F, 0x00, 0x00,
    0x1F, 0x00, 0x00, 0x7F, 0x00, 0x01, 0xCE, 0x00, 0x07, 0x8C, 0x00, 0x1E, 0x10, 0x00, 0x38, 0x00,
    0x00, 0xE0, 0x00, 0x00, 0xF0, 0x00, 0x0D, 0xFF, 0xFF, 0xF8, 0xFF, 0xFF, 0xF0, 0x3F, 0xFE, 0x00,
    0x07, 0xFE, 0x7F, 0xFD, 0xFF, 0xF7, 0x80, 0x0C, 0x00, 0x1C, 0x00, 0x3F, 0x80, 0x1F, 0xFF, 0x0F,
    0xFE, 0x0C, 0x00, 0x00, 0x78, 0x00, 0x00, 0xC0, 0x00, 0x01, 0x80, 0x00, 0x01, 0xE0, 0x00, 0x07,
    0xC0, 0x00, 0x0C, 0xC0, 0x00, 0x03, 0xC0, 0x00, 0x07, 0xC0, 0x00, 0x1F, 0xC0, 0x00, 0x73, 0x80,
    0x01, 0xE3, 0x00, 0x07, 0x84, 0x00, 0x0E, 0x00, 0x00, 0x38, 0x00, 0x00, 0x3C, 0x00, 0x03, 0x7F,
    0xFF, 0xFE, 0x3F, 0xFF, 0xFC, 0x0F, 0xFF, 0x80, 0x0C, 0x00, 0x78, 0x00, 0xC0, 0x01, 0x80, 0x01,
    0xE0, 0x07, 0xC0, 0x0C, 0x00, 0x03, 0xFF, 0x3F, 0xFE, 0xFF, 0xFB, 0xC0, 0x06, 0x00, 0x0E, 0x00,
    0x1F, 0xC0, 0x0F, 0xFF, 0x87, 0xFF, 0x00, 0x03, 0xC0, 0x01, 0xFC, 0x00, 0x7F, 0x00, 0x1E, 0x00,
    0x03, 0x80, 0x00, 0xE0, 0x08, 0x1C, 0x03, 0x83, 0xE0, 0x70, 0x3F, 0x0C, 0x01, 0xFB, 0x80, 0x07,
    0x70, 0x00, 0xE7, 0x00, 0x3C, 0xF0, 0x0F, 0x1F, 0xFF, 0xC1, 0xFF, 0xF0, 0x0F, 0xF0, 0x00, 0x20,
    0x00, 0x07, 0x00, 0xC0, 0x70, 0x0F, 0x86, 0x00, 0xFF, 0xE0, 0x03, 0xFE, 0x00, 0x1C, 0x70, 0x01,
    0xC7, 0x80, 0x78, 0x3F, 0xFF, 0x81, 0xFF, 0xE0, 0x0F, 0xF8, 0x00, 0x00, 0x18, 0x38, 0x70, 0xE0,
    0xC1, 0x83, 0x0E, 0xFD, 0xF0, 0x00, 0x0D, 0xDF, 0xB7, 0x00, 0x01, 0xC0, 0x30, 0x0E, 0x01, 0xC0,
    0x7C, 0x3F, 0xFF, 0xBF, 0x00, 0x00, 0x00, 0xD8, 0x3B, 0x83, 0x60, 0x1F, 0x0F, 0xC7, 0xA1, 0xC0,
    0x70, 0x1C, 0x03, 0xF8, 0x7F, 0xFF, 0x3F, 0x04, 0x00, 0x38, 0x7F, 0xD3, 0xC0, 0x00, 0x00, 0xE0,
    0x70, 0x38, 0x0C, 0x06, 0x03, 0x01, 0x80, 0xC0, 0x60, 0x30, 0x18, 0x0E, 0x07, 0x03, 0x81, 0xC0,
    0xE0, 0x38, 0x1F, 0xF1, 0x3C, 0x00, 0x00, 0x00, 0x38, 0x07, 0x00, 0x60, 0x0C, 0x01, 0x80, 0x30,
    0x06, 0x00, 0xE0, 0x1C, 0x03, 0x80, 0x70, 0x0E, 0x01, 0xC0, 0x38, 0x07, 0x00, 0xF0, 0x1F, 0xC1,
    0xF8, 0x00, 0x33, 0xCC, 0x30, 0xFB, 0xEC, 0x00, 0x71, 0xC7, 0x0C, 0x30, 0xC3, 0x0C, 0x30, 0xC3,
    0x0E, 0x38, 0xE3, 0x8E, 0x30, 0x78, 0x30, 0x18, 0x0F, 0x87, 0xC3, 0x00, 0x00, 0x70, 0x38, 0x0C,
    0x06, 0x03, 0x01, 0x80, 0xC0, 0x70, 0x38, 0x1C, 0x0E, 0x07, 0x03, 0x81, 0xC0, 0xE0, 0x78, 0x3F,
    0x8F, 0xC0, 0x00, 0x0C, 0x1E, 0x0C, 0x06, 0x03, 0xE1, 0xF0, 0xC0, 0x38, 0x3F, 0x3F, 0x9C, 0xFC,
    0x7E, 0x3F, 0x1D, 0xFE, 0xFF, 0x0F, 0x83, 0x87, 0xDF, 0xCF, 0xC7, 0x00, 0x0C, 0x01, 0xE0, 0x0C,
    0x00, 0x60, 0x03, 0xE0, 0x1F, 0x00, 0xC0, 0x00, 0x00, 0x1C, 0x01, 0xF8, 0x1F, 0xC0, 0xE7, 0x0E,
    0x38, 0x71, 0xC3, 0xCE, 0x0F, 0xFE, 0x7F, 0xF0, 0x3F, 0x01, 0xC0, 0x3E, 0x0F, 0xE0, 0x7E, 0x03,
    0x80, 0x00, 0xE3, 0x8E, 0x18, 0x61, 0x86, 0x18, 0x61, 0x86, 0x1C, 0x71, 0xC7, 0x1C, 0x71, 0xC0,
    0x0C, 0xF3, 0x0C, 0x1E, 0xFB, 0x00, 0xE0, 0xE0, 0x60, 0x60, 0x60, 0x60, 0x60, 0x70, 0x70, 0x70,
    0x70, 0x70, 0x70, 0x70, 0x70, 0x78, 0x7F, 0x3F, 0x00, 0x30, 0xF0, 0xC0, 0xC0, 0x78, 0xF8, 0xC0,
    0x0E, 0x00, 0x03, 0xC0, 0x78, 0x60, 0x3F, 0x8C, 0x0F, 0xE1, 0xF3, 0xC0, 0x3E, 0x70, 0x06, 0x1C,
    0x01, 0x03, 0x80, 0x70, 0x7C, 0x0E, 0x07, 0xE1, 0x80, 0x3F, 0x70, 0x00, 0xEE, 0x00, 0x1C, 0xE0,
    0x07, 0x9E, 0x01, 0xE3, 0xFF, 0xF8, 0x3F, 0xFE, 0x01, 0xFE, 0x00, 0x0E, 0x00, 0x01, 0xE0, 0x00,
    0x18, 0x00, 0x01, 0x80, 0x00, 0x1F, 0x00, 0x01, 0xF0, 0x00, 0x18, 0x00, 0x02, 0x00, 0x00, 0x70,
    0x0C, 0x07, 0x00, 0xF8, 0x60, 0x0F, 0xFE, 0x00, 0x3F, 0xE0, 0x01, 0xC7, 0x00, 0x1C, 0x78, 0x07,
    0x83, 0xFF, 0xF8, 0x1F, 0xFE, 0x00, 0xFF, 0x80, 0x31, 0xEE, 0x38, 0x7F, 0xF6, 0x00, 0x38, 0xE3,
    0x87, 0x1C, 0x71, 0xCF, 0xFB, 0xC0, 0x00, 0x18, 0x1E, 0x06, 0x01, 0x80, 0x3C, 0x1F, 0x06, 0x00,
    0x00, 0x1C, 0x07, 0x01, 0xC0, 0x70, 0x3E, 0x3F, 0xFF, 0x7C, 0x00, 0xEE, 0xE6, 0x66, 0x66, 0x66,
    0x67, 0x77, 0x77, 0x77, 0xE0, 0xE0, 0x60, 0x60, 0x60, 0x60, 0x60, 0x70, 0x70, 0x70, 0x70, 0x70,
    0x70, 0x70, 0x70, 0x78, 0x7F, 0x3F, 0x00, 0x00, 0x00, 0x00, 0x00, 0x00, 0x0E, 0x60, 0x00, 0x0E,
    0x70, 0x00, 0x07, 0x60, 0x00, 0x07, 0xE0, 0x00, 0x07, 0xE0, 0x00, 0x07, 0xF0, 0x00, 0x07, 0x78,
    0x00, 0x1E, 0x7F, 0xFF, 0xFE, 0x1F, 0xFF, 0xF8, 0x07, 0xFF, 0x80, 0x00, 0x00, 0x00, 0x00, 0x00,
    0x00, 0x00, 0x18, 0x00, 0x00, 0x1C, 0x00, 0x00, 0x18, 0x00, 0x60, 0x00, 0x00, 0x03, 0x80, 0x00,
    0x00, 0x18, 0x00, 0x00, 0x01, 0xC0, 0x00, 0x06, 0x0E, 0x00, 0x00, 0x78, 0x78, 0x00, 0x0F, 0x81,
    0xE0, 0x03, 0xFF, 0x0F, 0xFF, 0xFF, 0x7F, 0x1F, 0xFF, 0xE1, 0xF8, 0x3F, 0xF0, 0x00, 0x00, 0x00,
    0x00, 0x00, 0x00, 0x00, 0x00, 0x00, 0x03, 0x80, 0x00, 0x00, 0x1C, 0x00, 0x00, 0x00, 0xE0, 0x00,
    0x00, 0x00, 0xE3, 0x8E, 0x1C, 0x71, 0xC7, 0x3F, 0xEF, 0x00, 0x01, 0xC7, 0x1C, 0x00, 0x07, 0x01,
    0xC0, 0x70, 0x1C, 0x0F, 0x8F, 0xFF, 0xDF, 0x00, 0x00, 0x01, 0x80, 0x70, 0x18, 0x00, 0x3B, 0x0F,
    0xE3, 0xB0, 0x00, 0x00, 0x02, 0x01, 0xE0, 0x78, 0x3F, 0x0E, 0xE7, 0x19, 0x87, 0xE1, 0xF8, 0x77,
    0x39, 0xFE, 0x3F, 0x00, 0x1D, 0x80, 0x7E, 0x01, 0xD8, 0x00, 0x00, 0x00, 0x00, 0x00, 0x00, 0x18,
    0x00, 0x60, 0x0F, 0xC0, 0x7F, 0x03, 0xFC, 0x1C, 0x70, 0x61, 0xC3, 0x87, 0x07, 0xFC, 0x1F, 0xF0,
    0x3F, 0xE0, 0x03, 0xF0, 0x07, 0xC0, 0x00, 0x00, 0x76, 0x00, 0x00, 0x7E, 0x00, 0x00, 0x76, 0x00,
    0x00, 0x00, 0x0E, 0x60, 0x00, 0x0E, 0x70, 0x00, 0x07, 0x60, 0x00, 0x07, 0xE0, 0x00, 0x07, 0xE0,
    0x00, 0x07, 0xF0, 0x00, 0x07, 0x78, 0x00, 0x1E, 0x7F, 0xFF, 0xFE, 0x1F, 0xFF, 0xF8, 0x07, 0xFF,
    0x80, 0x00, 0x76, 0x00, 0x00, 0x03, 0xF8, 0x00, 0x00, 0x1D, 0x80, 0x00, 0x00, 0x00, 0x00, 0x06,
    0x00, 0x00, 0x00, 0x38, 0x00, 0x00, 0x01, 0x80, 0x00, 0x00, 0x1C, 0x00, 0x00, 0x60, 0xE0, 0x00,
    0x07, 0x87, 0x80, 0x00, 0xF8, 0x1E, 0x00, 0x3F, 0xF0, 0xFF, 0xFF, 0xF7, 0xF1, 0xFF, 0xFE, 0x1F,
    0x83, 0xFF, 0x00, 0x00, 0xED, 0xFF, 0xB0, 0x00, 0x00, 0x0E, 0x1C, 0x38, 0x38, 0x70, 0xE1, 0xC7,
    0xBE, 0x78, 0x00, 0x33, 0x07, 0xE0, 0xFC, 0x00, 0x00, 0x00, 0x00, 0x03, 0x80, 0x60, 0x1C, 0x03,
    0x80, 0xF8, 0x7F, 0xFF, 0x7E, 0x00, 0x00, 0x00, 0x18, 0x00, 0x00, 0x1C, 0x00, 0x00, 0x1C, 0x00,
    0x00, 0x76, 0x00, 0x00, 0x7E, 0x00, 0x00, 0x76, 0x00, 0x00, 0x00, 0x0E, 0x60, 0x00, 0x0E, 0x70,
    0x00, 0x07, 0x60, 0x00, 0x07, 0xE0, 0x00, 0x07, 0xE0, 0x00, 0x07, 0xF0, 0x00, 0x07, 0x78, 0x00,
    0x1E, 0x7F, 0xFF, 0xFE, 0x1F, 0xFF, 0xF8, 0x07, 0xFF, 0x80, 0x00, 0x18, 0x00, 0x00, 0x00, 0xE0,
    0x00, 0x00, 0x07, 0x00, 0x00, 0x00, 0xEC, 0x00, 0x00, 0x07, 0xF0, 0x00, 0x00, 0x3B, 0x00, 0x00,
    0x00, 0x00, 0x00, 0x0C, 0x00, 0x00, 0x00, 0x70, 0x00, 0x00, 0x03, 0x00, 0x00, 0x00, 0x38, 0x00,
    0x00, 0xC1, 0xC0, 0x00, 0x0F, 0x0F, 0x00, 0x01, 0xF0, 0x3C, 0x00, 0x7F, 0xE1, 0xFF, 0xFF, 0xEF,
    0xE3, 0xFF, 0xFC, 0x3F, 0x07, 0xFE, 0x00, 0x00, 0x30, 0x70, 0xE7, 0x6F, 0xFD, 0x80, 0x00, 0x00,
    0x70, 0xE1, 0xC1, 0xC3, 0x87, 0x0E, 0x3D, 0xF3, 0xC0, 0x00, 0x0C, 0x03, 0x80, 0x30, 0x19, 0x83,
    0xF0, 0x7E, 0x00, 0x00, 0x00, 0x00, 0x01, 0xC0, 0x30, 0x0E, 0x01, 0xC0, 0x7C, 0x3F, 0xFF, 0xBF,
    0x00, 0x00, 0x3C, 0x00, 0xFF, 0x01, 0xFF, 0xF0, 0x0F, 0xF0, 0x1F, 0xE0, 0xFC, 0x03, 0xC0, 0x0F,
    0x00, 0x38, 0x00, 0xE0, 0x01, 0xC0, 0x07, 0x04, 0x0E, 0x1C, 0x1C, 0x38, 0x38, 0x20, 0x70, 0x00,
    0xF0, 0x00, 0xF0, 0x00, 0xFF, 0xF8, 0xFF, 0xF0, 0x7F, 0x80, 0x3C, 0x00, 0x1F, 0xE0, 0x07, 0xFF,
    0xC0, 0x07, 0xF8, 0x01, 0xFE, 0x01, 0xFC, 0x00, 0xF3, 0x00, 0x78, 0xE0, 0x38, 0x3C, 0x1C, 0x07,
    0xF7, 0x00, 0xFF, 0x82, 0x00, 0xE1, 0xC0, 0x38, 0x70, 0x0E, 0x08, 0x03, 0x80, 0x00, 0xF0, 0x00,
    0x1E, 0x00, 0x03, 0xFF, 0xE0, 0x7F, 0xF8, 0x07, 0xF8, 0x00, 0x7F, 0x01, 0xFF, 0x03, 0xFE, 0x00,
    0x3F, 0x00, 0xFC, 0x0F, 0xE1, 0xFC, 0x3F, 0xC0, 0xFC, 0x00, 0x00, 0x00, 0x00, 0x00, 0xC0, 0x07,
    0x80, 0x0C, 0x00, 0x7F, 0x00, 0x1F, 0xF0, 0x03, 0xFE, 0x00, 0x03, 0xF0, 0x00, 0xFC, 0x00, 0xFE,
    0x01, 0xFF, 0xC3, 0xFC, 0x7E, 0xFC, 0x0F, 0x80, 0x00, 0x00, 0x00, 0x00, 0x1C, 0x00, 0x07, 0x00,
    0x01, 0xC0, 0x00, 0x3C, 0x00, 0xFF, 0x01, 0xFF, 0xF0, 0x0F, 0xF0, 0x1F, 0xE0, 0xFC, 0x03, 0xC0,
    0x0F, 0x00, 0x38, 0x00, 0xE0, 0x01, 0xC0, 0x07, 0x00, 0x0E, 0x00, 0x1C, 0x00, 0x38, 0x00, 0x70,
    0x00, 0xF0, 0x00, 0xF0, 0x00, 0xFF, 0xF8, 0xFF, 0xF0, 0x7F, 0x80, 0x3C, 0x00, 0x1F, 0xE0, 0x07,
    0xFF, 0xC0, 0x07, 0xF8, 0x01, 0xFE, 0x01, 0xFC, 0x00, 0xF3, 0x00, 0x78, 0xE0, 0x38, 0x3C, 0x1C,
    0x07, 0xF7, 0x00, 0xFF, 0x80, 0x00, 0xE0, 0x00, 0x38, 0x00, 0x0E, 0x00, 0x03, 0x80, 0x00, 0xF0,
    0x00, 0x1E, 0x00, 0x03, 0xFF, 0xE0, 0x7F, 0xF8, 0x07, 0xF8, 0x00, 0x7F, 0x01, 0xFF, 0x03, 0xFE,
    0x00, 0x3F, 0x00, 0xFC, 0x0F, 0xE1, 0xFC, 0x3F, 0xC0, 0xFC, 0x00, 0x00, 0x00, 0x7F, 0x00, 0x1F,
    0xF0, 0x03, 0xFE, 0x00, 0x03, 0xF0, 0x00, 0xFC, 0x00, 0xFE, 0x01, 0xFF, 0xC3, 0xFC, 0x7E, 0xFC,
    0x0F, 0x80, 0x00, 0x00, 0x01, 0x80, 0x07, 0x00, 0x0E, 0x00, 0x00, 0x00, 0x00, 0x07, 0x80, 0x1F,
    0xE0, 0x3F, 0xFE, 0x01, 0xFE, 0x03, 0xFC, 0x1F, 0x80, 0x78, 0x01, 0xE0, 0x07, 0x00, 0x1C, 0x00,
    0x38, 0x00, 0xE0, 0x01, 0xC0, 0x03, 0x80, 0x07, 0x00, 0x0E, 0x00, 0x1E, 0x00, 0x1E, 0x00, 0x1F,
    0xFF, 0x1F, 0xFE, 0x0F, 0xF0, 0x01, 0x80, 0x00, 0xE0, 0x00, 0x38, 0x00, 0x00, 0x00, 0x00, 0x00,
    0x0F, 0x00, 0x07, 0xF8, 0x01, 0xFF, 0xF0, 0x01, 0xFE, 0x00, 0x7F, 0x80, 0x7F, 0x00, 0x3C, 0xC0,
    0x1E, 0x38, 0x0E, 0x0F, 0x07, 0x01, 0xFD, 0xC0, 0x3F, 0xE0, 0x00, 0x38, 0x00, 0x0E, 0x00, 0x03,
    0x80, 0x00, 0xE0, 0x00, 0x3C, 0x00, 0x07, 0x80, 0x00, 0xFF, 0xF8, 0x1F, 0xFE, 0x01, 0xFE, 0x00,
    0x18, 0x00, 0x70, 0x01, 0x80, 0x00, 0x00, 0x00, 0x01, 0xFC, 0x07, 0xFC, 0x0F, 0xF8, 0x00, 0xFC,
    0x03, 0xF0, 0x3F, 0x87, 0xF0, 0xFF, 0x03, 0xF0, 0x00, 0x00, 0x00, 0x18, 0x00, 0x0E, 0x00, 0x01,
    0x80, 0x00, 0x00, 0x00, 0x00, 0x00, 0x1F, 0xC0, 0x07, 0xFC, 0x00, 0xFF, 0x80, 0x00, 0xFC, 0x00,
    0x3F, 0x00, 0x3F, 0x80, 0x7F, 0xF0, 0xFF, 0x1F, 0xBF, 0x03, 0xE0, 0x00, 0x00, 0x03, 0x00, 0xF0,
    0x0E, 0x01, 0xE0, 0x1C, 0x01, 0xC0, 0x38, 0x07, 0x00, 0xEE, 0x3D, 0xFF, 0x3F, 0xC0, 0x40, 0x03,
    0x00, 0x0E, 0x00, 0x0E, 0x00, 0x1E, 0x00, 0x1C, 0x00, 0x1C, 0x00, 0x38, 0x00, 0x70, 0x00, 0xF0,
    0xE3, 0xF1, 0xFF, 0xFB, 0xFC, 0xF0, 0x40, 0x00, 0x0C, 0x01, 0xC0, 0x38, 0x00, 0x00, 0x00, 0x06,
    0x01, 0xE0, 0x1C, 0x03, 0xC0, 0x38, 0x03, 0x80, 0x70, 0x0E, 0x01, 0xDC, 0x7B, 0xFE, 0x7F, 0x80,
    0x80, 0x0E, 0x00, 0x1C, 0x00, 0x38, 0x00, 0x00, 0x00, 0x00, 0x00, 0x60, 0x01, 0xC0, 0x01, 0xC0,
    0x03, 0xC0, 0x03, 0x80, 0x03, 0x80, 0x07, 0x00, 0x0E, 0x00, 0x1E, 0x1C, 0x7E, 0x3F, 0xFF, 0x7F,
    0x9E, 0x08, 0x00, 0x02, 0x03, 0x81, 0xC0, 0x60, 0x38, 0x1C, 0x0E, 0x07, 0x03, 0x83, 0x83, 0xC3,
    0xCF, 0xC7, 0xC1, 0x80, 0x02, 0x00, 0x38, 0x01, 0xC0, 0x06, 0x00, 0x38, 0x01, 0xC0, 0x0F, 0x00,
    0x7E, 0x03, 0xF0, 0x38, 0x03, 0xC0, 0x3C, 0x0F, 0xC0, 0x7C, 0x01, 0x80, 0x00, 0x0E, 0x07, 0x03,
    0x80, 0x00, 0x00, 0x10, 0x1C, 0x0E, 0x03, 0x01, 0xC0, 0xE0, 0x70, 0x38, 0x1C, 0x1C, 0x1E, 0x1E,
    0x7E, 0x3E, 0x0C, 0x00, 0x0C, 0x00, 0xF0, 0x03, 0x00, 0x00, 0x00, 0x00, 0x01, 0x00, 0x1C, 0x00,
    0xE0, 0x03, 0x00, 0x1C, 0x00, 0xE0, 0x07, 0x80, 0x3F, 0x01, 0xF8, 0x1C, 0x01, 0xE0, 0x1E, 0x07,
    0xE0, 0x3E, 0x00, 0xC0, 0x00, 0x00, 0x00, 0x00, 0x00, 0x00, 0x00, 0x01, 0x80, 0x00, 0x00, 0x0E,
    0x00, 0x00, 0x00, 0x70, 0x00, 0xE0, 0xE3, 0x80, 0x03, 0x87, 0x0C, 0x80, 0x1C, 0x38, 0x6E, 0x00,
    0xE1, 0xC3, 0x70, 0x07, 0x9E, 0x3B, 0x00, 0x3F, 0xFF, 0xF8, 0x01, 0xFF, 0xFD, 0xC0, 0x0E, 0x00,
    0x07, 0x00, 0x70, 0x00, 0x3C, 0x07, 0x00, 0x00, 0xFF, 0xF8, 0x00, 0x03, 0xFF, 0x80, 0x00, 0x0F,
    0xF0, 0x00, 0x00, 0x00, 0x00, 0x00, 0x38, 0x00, 0x00, 0x00, 0x1C, 0x00, 0x03, 0x83, 0x8E, 0x00,
    0x00, 0xE1, 0xC3, 0x02, 0x00, 0x70, 0xE1, 0x83, 0x80, 0x38, 0x71, 0xE1, 0xC0, 0x1E, 0x78, 0xF8,
    0xC0, 0x0F, 0xFF, 0xFF, 0xE0, 0x07, 0xFF, 0xE7, 0xF0, 0x03, 0x80, 0x00, 0x1C, 0x01, 0xC0, 0x00,
    0x0F, 0x01, 0xC0, 0x00, 0x03, 0xFF, 0xE0, 0x00, 0x00, 0xFF, 0xE0, 0x00, 0x00, 0x3F, 0xC0, 0x00,
    0x00, 0x00, 0x00, 0x00, 0x00, 0x38, 0x00, 0x07, 0x00, 0x00, 0xE1, 0xC3, 0x8C, 0x38, 0x61, 0xC7,
    0x0C, 0x39, 0xC3, 0x87, 0x3C, 0x79, 0xDF, 0xFF, 0xFB, 0xFF, 0x7E, 0x00, 0x00, 0x00, 0x00, 0x00,
    0xC0, 0x00, 0x01, 0x80, 0x70, 0xE3, 0x80, 0xE1, 0x87, 0x01, 0xC3, 0x0E, 0x07, 0x0E, 0x1C, 0x0F,
    0x1E, 0x7C, 0x7F, 0xFF, 0xFF, 0xFF, 0xDF, 0xBE, 0x00, 0x00, 0x00, 0x00, 0x00, 0x08, 0x00, 0x00,
    0x00, 0xE0, 0x00, 0x00, 0x07, 0x00, 0x00, 0x00, 0x6C, 0x00, 0x00, 0x07, 0x70, 0x00, 0x00, 0x1B,
    0x80, 0x00, 0x00, 0x00, 0x00, 0x00, 0x00, 0x06, 0x00, 0x00, 0x00, 0x38, 0x00, 0x00, 0x01, 0xC0,
    0x03, 0x83, 0x8E, 0x00, 0x0E, 0x1C, 0x32, 0x00, 0x70, 0xE1, 0xB8, 0x03, 0x87, 0x0D, 0xC0, 0x1E,
    0x78, 0xEC, 0x00, 0xFF, 0xFF, 0xE0, 0x07, 0xFF, 0xF7, 0x00, 0x38, 0x00, 0x1C, 0x01, 0xC0, 0x00,
    0xF0, 0x1C, 0x00, 0x03, 0xFF, 0xE0, 0x00, 0x0F, 0xFE, 0x00, 0x00, 0x3F, 0xC0, 0x00, 0x00, 0x00,
    0x00, 0x08, 0x00, 0x00, 0x00, 0x0E, 0x00, 0x00, 0x00, 0x07, 0x00, 0x00, 0x00, 0x06, 0xC0, 0x00,
    0x00, 0x07, 0x70, 0x00, 0x00, 0x01, 0xB8, 0x00, 0x00, 0x00, 0x00, 0x00, 0x00, 0x00, 0x00, 0x00,
    0x00, 0x00, 0x00, 0x38, 0x00, 0x00, 0x00, 0x1C, 0x00, 0x03, 0x83, 0x8E, 0x00, 0x00, 0xE1, 0xC3,
    0x02, 0x00, 0x70, 0xE1, 0x83, 0x80, 0x38, 0x71, 0xE1, 0xC0, 0x1E, 0x78, 0xF8, 0xC0, 0x0F, 0xFF,
    0xFF, 0xE0, 0x07, 0xFF, 0xE7, 0xF0, 0x03, 0x80, 0x00, 0x1C, 0x01, 0xC0, 0x00, 0x0F, 0x01, 0xC0,
    0x00, 0x03, 0xFF, 0xE0, 0x00, 0x00, 0xFF, 0xE0, 0x00, 0x00, 0x3F, 0xC0, 0x00, 0x00, 0x00, 0x30,
    0x00, 0x0E, 0x00, 0x01, 0xC0, 0x00, 0x6E, 0x00, 0x1F, 0xC0, 0x01, 0xB8, 0x00, 0x00, 0x00, 0x00,
    0x0E, 0x00, 0x01, 0xC0, 0x00, 0x38, 0x70, 0xE3, 0x0E, 0x18, 0x71, 0xC3, 0x0E, 0x70, 0xE1, 0xCF,
    0x1E, 0x77, 0xFF, 0xFE, 0xFF, 0xDF, 0x80, 0x00, 0x00, 0x00, 0x30, 0x00, 0x00, 0xE0, 0x00, 0x01,
    0xC0, 0x00, 0x06, 0xE0, 0x00, 0x1F, 0xC0, 0x00, 0x1B, 0x80, 0x00, 0x00, 0x00, 0x00, 0x00, 0x00,
    0x00, 0x00, 0xC0, 0x00, 0x01, 0x80, 0x70, 0xE3, 0x80, 0xE1, 0x87, 0x01, 0xC3, 0x0E, 0x07, 0x0E,
    0x1C, 0x0F, 0x1E, 0x7C, 0x7F, 0xFF, 0xFF, 0xFF, 0xDF, 0xBE, 0x00, 0x00, 0x00, 0x00, 0x00, 0x00,
    0x78, 0x00, 0x00, 0x01, 0xFC, 0x00, 0x00, 0x03, 0xFE, 0x00, 0x0E, 0x0F, 0x8F, 0x00, 0x07, 0x1E,
    0x07, 0x20, 0x07, 0x1C, 0x07, 0x70, 0x07, 0x38, 0x07, 0x70, 0x07, 0xF0, 0x1E, 0x60, 0x07, 0xFF,
    0xFC, 0xE0, 0x07, 0xFF, 0xF8, 0xE0, 0x07, 0x1F, 0x80, 0x70, 0x07, 0x00, 0x00, 0x78, 0x0E, 0x00,
    0x00, 0x3F, 0xFE, 0x00, 0x00, 0x1F, 0xFC, 0x00, 0x00, 0x0F, 0xF0, 0x00, 0x00, 0x00, 0x00, 0x00,
    0x78, 0x00, 0x00, 0x00, 0x1F, 0xC0, 0x00, 0x00, 0x03, 0xFE, 0x00, 0x00, 0xE0, 0xF8, 0xF0, 0x00,
    0x07, 0x1E, 0x07, 0x02, 0x00, 0x71, 0xC0, 0x70, 0x70, 0x07, 0x38, 0x07, 0x07, 0x00, 0x7F, 0x01,
    0xF0, 0x60, 0x07, 0xFF, 0xFF, 0xEE, 0x00, 0x7F, 0xFF, 0xFE, 0xE0, 0x07, 0x1F, 0x80, 0x07, 0x00,
    0x70, 0x00, 0x00, 0x78, 0x0E, 0x00, 0x00, 0x03, 0xFF, 0xE0, 0x00, 0x00, 0x1F, 0xFC, 0x00, 0x00,
    0x00, 0xFF, 0x00, 0x00, 0x00, 0x00, 0x00, 0xC0, 0x00, 0x1F, 0xC0, 0x00, 0xFF, 0x87, 0x07, 0x8F,
    0x1C, 0x38, 0x1C, 0x71, 0xC0, 0x73, 0xCE, 0x01, 0xDF, 0x70, 0x1E, 0xFF, 0xFF, 0xF3, 0x9F, 0xFF,
    0x80, 0x1F, 0xF0, 0x00, 0x00, 0x00, 0xC0, 0x00, 0x03, 0xF8, 0x00, 0x03, 0xFE, 0x03, 0x83, 0xC7,
    0x81, 0xC3, 0x81, 0xC0, 0xE3, 0x80, 0xE0, 0xF3, 0x80, 0x70, 0xFB, 0x80, 0xF8, 0xFF, 0xFF, 0xFF,
    0xF3, 0xFF, 0xFF, 0xC0, 0x7F, 0xC0, 0x00, 0x00, 0x00, 0x00, 0x60, 0x00, 0x00, 0x00, 0x70, 0x00,
    0x00, 0x00, 0x70, 0x00, 0x00, 0x00, 0x00, 0x00, 0x00, 0x00, 0x00, 0x00, 0x00, 0x00, 0x78, 0x00,
    0x00, 0x01, 0xFC, 0x00, 0x00, 0x03, 0xFE, 0x00, 0x0E, 0x0F, 0x8F, 0x00, 0x07, 0x1E, 0x07, 0x20,
    0x07, 0x1C, 0x07, 0x70, 0x07, 0x38, 0x07, 0x70, 0x07, 0xF0, 0x1E, 0x60, 0x07, 0xFF, 0xFC, 0xE0,
    0x07, 0xFF, 0xF8, 0xE0, 0x07, 0x1F, 0x80, 0x70, 0x07, 0x00, 0x00, 0x78, 0x0E, 0x00, 0x00, 0x3F,
    0xFE, 0x00, 0x00, 0x1F, 0xFC, 0x00, 0x00, 0x0F, 0xF0, 0x00, 0x00, 0x00, 0x00, 0x00, 0x60, 0x00,
    0x00, 0x00, 0x07, 0x00, 0x00, 0x00, 0x00, 0x70, 0x00, 0x00, 0x00, 0x00, 0x00, 0x00, 0x00, 0x00,
    0x00, 0x00, 0x00, 0x00, 0x07, 0x80, 0x00, 0x00, 0x01, 0xFC, 0x00, 0x00, 0x00, 0x3F, 0xE0, 0x00,
    0x0E, 0x0F, 0x8F, 0x00, 0x00, 0x71, 0xE0, 0x70, 0x20, 0x07, 0x1C, 0x07, 0x07, 0x00, 0x73, 0x80,
    0x70, 0x70, 0x07, 0xF0, 0x1F, 0x06, 0x00, 0x7F, 0xFF, 0xFE, 0xE0, 0x07, 0xFF, 0xFF, 0xEE, 0x00,
    0x71, 0xF8, 0x00, 0x70, 0x07, 0x00, 0x00, 0x07, 0x80, 0xE0, 0x00, 0x00, 0x3F, 0xFE, 0x00, 0x00,
    0x01, 0xFF, 0xC0, 0x00, 0x00, 0x0F, 0xF0, 0x00, 0x00, 0x00, 0x00, 0x01, 0x80, 0x00, 0x07, 0x00,
    0x00, 0x1C, 0x00, 0x00, 0x00, 0x00, 0x00, 0x00, 0x00, 0x03, 0x00, 0x00, 0x7F, 0x00, 0x03, 0xFE,
    0x1C, 0x1E, 0x3C, 0x70, 0xE0, 0x71, 0xC7, 0x01, 0xCF, 0x38, 0x07, 0x7D, 0xC0, 0x7B, 0xFF, 0xFF,
    0xCE, 0x7F, 0xFE, 0x00, 0x7F, 0xC0, 0x00, 0x01, 0x80, 0x00, 0x00, 0xE0, 0x00, 0x00, 0x70, 0x00,
    0x00, 0x00, 0x00, 0x00, 0x00, 0x00, 0x00, 0x06, 0x00, 0x00, 0x1F, 0xC0, 0x00, 0x1F, 0xF0, 0x1C,
    0x1E, 0x3C, 0x0E, 0x1C, 0x0E, 0x07, 0x1C, 0x07, 0x07, 0x9C, 0x03, 0x87, 0xDC, 0x07, 0xC7, 0xFF,
    0xFF, 0xFF, 0x9F, 0xFF, 0xFE, 0x03, 0xFE, 0x00, 0x0E, 0x00, 0x01, 0xC0, 0x00, 0x18, 0x00, 0x03,
    0x00, 0x00, 0x60, 0x00, 0x0C, 0x00, 0x01, 0x80, 0x00, 0x30, 0x00, 0x07, 0x07, 0x00, 0xE7, 0xF0,
    0x1D, 0xFF, 0x03, 0xF8, 0xF0, 0x7C, 0x0E, 0x0F, 0x01, 0xC1, 0xC0, 0x38, 0x70, 0x1E, 0xFF, 0xFF,
    0x9F, 0xFF, 0xE0, 0x7F, 0xC0, 0x00, 0x0E, 0x00, 0x00, 0x1C, 0x00, 0x00, 0x18, 0x00, 0x00, 0x30,
    0x00, 0x00, 0x60, 0x00, 0x00, 0xC0, 0x00, 0x01, 0x80, 0x00, 0x03, 0x00, 0x00, 0x07, 0x07, 0x00,
    0x0E, 0x7F, 0x00, 0x1D, 0xFF, 0x00, 0x3F, 0x8F, 0x00, 0x7C, 0x0E, 0x00, 0xF0, 0x1C, 0x01, 0xC0,
    0x38, 0x07, 0x01, 0xF0, 0xFF, 0xFF, 0xFD, 0xFF, 0xFF, 0xF8, 0x7F, 0xC0, 0x00, 0x30, 0x00, 0x30,
    0x00, 0x30, 0x00, 0x30, 0x00, 0x30, 0x00, 0x30, 0x00, 0x38, 0x00, 0x38, 0x00, 0x38, 0x30, 0x38,
    0xFE, 0x3B, 0xFE, 0x3F, 0xC7, 0x3F, 0x07, 0x3E, 0x07, 0x3C, 0x07, 0x78, 0x7E, 0xFF, 0xFC, 0xFF,
    0xF0, 0xF0, 0x00, 0x30, 0x00, 0x06, 0x00, 0x00, 0xC0, 0x00, 0x18, 0x00, 0x03, 0x00, 0x00, 0x60,
    0x00, 0x0E, 0x00, 0x01, 0xC0, 0x00, 0x38, 0x30, 0x07, 0x1F, 0xC0, 0xEF, 0xF8, 0x1F, 0xE3, 0x83,
    0xF0, 0x70, 0x7C, 0x0E, 0x0F, 0x01, 0xC3, 0xC3, 0xF8, 0xFF, 0xFF, 0xFF, 0xFE, 0xFF, 0xC0, 0x00,
    0x00, 0x0E, 0x00, 0x01, 0xC0, 0x00, 0x18, 0x00, 0x03, 0x03, 0x00, 0x60, 0x70, 0x0C, 0x0C, 0x01,
    0x80, 0x00, 0x30, 0x00, 0x07, 0x07, 0x00, 0xE7, 0xF0, 0x1D, 0xFF, 0x03, 0xF8, 0xF0, 0x7C, 0x0E,
    0x0F, 0x01, 0xC1, 0xC0, 0x38, 0x70, 0x1E, 0xFF, 0xFF, 0x9F, 0xFF, 0xE0, 0x7F, 0xC0, 0x00, 0x0E,
    0x00, 0x00, 0x1C, 0x00, 0x00, 0x18, 0x00, 0x00, 0x30, 0x60, 0x00, 0x61, 0xC0, 0x00, 0xC1, 0x80,
    0x01, 0x80, 0x00, 0x03, 0x00, 0x00, 0x07, 0x07, 0x00, 0x0E, 0x7F, 0x00, 0x1D, 0xFF, 0x00, 0x3F,
    0x8F, 0x00, 0x7C, 0x0E, 0x00, 0xF0, 0x1C, 0x01, 0xC0, 0x38, 0x07, 0x01, 0xF0, 0xFF, 0xFF, 0xFD,
    0xFF, 0xFF, 0xF8, 0x7F, 0xC0, 0x00, 0x30, 0x00, 0x30, 0x00, 0x30, 0x00, 0x30, 0x60, 0x30, 0x70,
    0x30, 0x60, 0x38, 0x00, 0x38, 0x00, 0x38, 0x30, 0x38, 0xFE, 0x3B, 0xFE, 0x3F, 0xC7, 0x3F, 0x07,
    0x3E, 0x07, 0x3C, 0x07, 0x78, 0x7E, 0xFF, 0xFC, 0xFF, 0xF0, 0xF0, 0x00, 0x30, 0x00, 0x06, 0x00,
    0x00, 0xC0, 0x00, 0x18, 0x30, 0x03, 0x07, 0x00, 0x60, 0xC0, 0x0E, 0x00, 0x01, 0xC0, 0x00, 0x38,
    0x30, 0x07, 0x1F, 0xC0, 0xEF, 0xF8, 0x1F, 0xE3, 0x83, 0xF0, 0x70, 0x7C, 0x0E, 0x0F, 0x01, 0xC3,
    0xC3, 0xF8, 0xFF, 0xFF, 0xFF, 0xFE, 0xFF, 0xC0, 0x00, 0x00, 0x0F, 0x00, 0x7F, 0x01, 0xFE, 0x03,
    0x80, 0x06, 0x00, 0x0C, 0x00, 0x1C, 0x10, 0x3F, 0xF0, 0x3F, 0xE0, 0x3E, 0x00, 0xF0, 0x03, 0xC0,
    0x07, 0x00, 0x1C, 0x00, 0x38, 0x00, 0x70, 0x00, 0xE0, 0x01, 0xC0, 0x03, 0x80, 0x03, 0xC0, 0x07,
    0xFF, 0xC7, 0xFF, 0xC3, 0xFE, 0x00, 0x03, 0x80, 0x3F, 0x80, 0xFF, 0x83, 0xC7, 0x07, 0x86, 0x07,
    0x9C, 0x07, 0xF0, 0x07, 0xE0, 0x0F, 0xE0, 0x3F, 0xFC, 0xF3, 0xFB, 0xC0, 0x0F, 0x00, 0x1C, 0x00,
    0x38, 0x00, 0x70, 0x00, 0xE0, 0x01, 0xE0, 0x11, 0xFF, 0xF1, 0xFF, 0xE1, 0xFF, 0x00, 0x0F, 0xC1,
    0xFC, 0x3E, 0x83, 0x80, 0x30, 0x03, 0x00, 0x38, 0x03, 0xE7, 0x1F, 0xFF, 0xFE, 0xFF, 0x00, 0x00,
    0x03, 0x80, 0x3F, 0x80, 0xFF, 0x83, 0xC7, 0x07, 0x06, 0x07, 0x9C, 0x07, 0xF8, 0x07, 0xE0, 0x1F,
    0xE1, 0xFF, 0xFB, 0xE3, 0xF8, 0x00, 0x00, 0x06, 0x00, 0x1E, 0x00, 0x18, 0x00, 0x00, 0x00, 0x00,
    0x01, 0xE0, 0x0F, 0xE0, 0x3F, 0xC0, 0x70, 0x00, 0xC0, 0x01, 0x80, 0x03, 0x82, 0x07, 0xFE, 0x07,
    0xFC, 0x07, 0xC0, 0x1E, 0x00, 0x78, 0x00, 0xE0, 0x03, 0x80, 0x07, 0x00, 0x0E, 0x00, 0x1C, 0x00,
    0x38, 0x00, 0x70, 0x00, 0x78, 0x00, 0xFF, 0xF8, 0xFF, 0xF8, 0x7F, 0xC0, 0x03, 0x00, 0x07, 0x00,
    0x0E, 0x00, 0x00, 0x00, 0x00, 0x00, 0x70, 0x07, 0xF0, 0x1F, 0xF0, 0x78, 0xE0, 0xF0, 0xC0, 0xF3,
    0x80, 0xFE, 0x00, 0xFC, 0x01, 0xFC, 0x07, 0xFF, 0x9E, 0x7F, 0x78, 0x01, 0xE0, 0x03, 0x80, 0x07,
    0x00, 0x0E, 0x00, 0x1C, 0x00, 0x3C, 0x02, 0x3F, 0xFE, 0x3F, 0xFC, 0x3F, 0xE0, 0x03, 0x00, 0x70,
    0x07, 0x00, 0x00, 0x00, 0x00, 0xFC, 0x1F, 0xC3, 0xE8, 0x38, 0x03, 0x00, 0x30, 0x03, 0x80, 0x3E,
    0x71, 0xFF, 0xFF, 0xEF, 0xF0, 0x00, 0x00, 0x03, 0x00, 0x0E, 0x00, 0x0C, 0x00, 0x00, 0x00, 0x00,
    0x00, 0x70, 0x07, 0xF0, 0x1F, 0xF0, 0x78, 0xE0, 0xE0, 0xC0, 0xF3, 0x80, 0xFF, 0x00, 0xFC, 0x03,
    0xFC, 0x3F, 0xFF, 0x7C, 0x7F, 0x00, 0x00, 0x00, 0x00, 0x30, 0x00, 0x00, 0x78, 0x00, 0x00, 0x30,
    0x00, 0x00, 0x00, 0x00, 0x00, 0x00, 0x00, 0x00, 0x38, 0x00, 0x00, 0x7C, 0x00, 0x00, 0xFE, 0x00,
    0x01, 0xCE, 0x60, 0x01, 0xC7, 0x70, 0x01, 0xC7, 0x60, 0x01, 0xC7, 0xE0, 0x01, 0xFF, 0xE0, 0x00,
    0xFF, 0xF0, 0x00, 0x07, 0x78, 0x00, 0x0E, 0x7F, 0xFF, 0xFE, 0x1F, 0xFF, 0xFC, 0x07, 0xFF, 0xE0,
    0x00, 0x00, 0x0C, 0x00, 0x00, 0x00, 0x70, 0x00, 0x00, 0x03, 0x80, 0x00, 0x00, 0x00, 0x00, 0x00,
    0x00, 0x00, 0x00, 0x00, 0x07, 0x00, 0x00, 0x00, 0xFC, 0x0C, 0x00, 0x07, 0xF0, 0x70, 0x00, 0x73,
    0xC3, 0x00, 0x03, 0x8E, 0x38, 0x00, 0x1C, 0x71, 0xC0, 0x00, 0xE3, 0x8F, 0x00, 0x07, 0xB8, 0x3C,
    0x00, 0x1F, 0xC1, 0xFF, 0xFF, 0xFF, 0xE3, 0xFF, 0xFF, 0xFF, 0x07, 0xFF, 0x80, 0x00, 0x0E, 0x01,
    0xC0, 0x38, 0x00, 0x00, 0x00, 0x1E, 0x07, 0xE1, 0xFE, 0x39, 0xC6, 0x39, 0xC3, 0x1C, 0x63, 0xFC,
    0x3F, 0x80, 0x70, 0x3C, 0xFF, 0x9F, 0xC0, 0x00, 0x00, 0x06, 0x00, 0x1C, 0x00, 0x60, 0x00, 0x00,
    0x00, 0x00, 0x1C, 0x01, 0xF8, 0x07, 0xF0, 0x39, 0xE0, 0xE3, 0x83, 0x0E, 0x0E, 0x38, 0x3D, 0xC0,
    0x7F, 0x0F, 0xFF, 0xFF, 0xFF, 0x00, 0x00, 0x00, 0x1B, 0x80, 0x07, 0xF0, 0x00, 0x6E, 0x00, 0x00,
    0x00, 0x00, 0x00, 0x00, 0x0E, 0x00, 0x07, 0xE0, 0x00, 0xFE, 0x00, 0x39, 0xC0, 0x07, 0x19, 0xC0,
    0xC3, 0xB8, 0x1C, 0x77, 0x03, 0xFF, 0xC0, 0x3F, 0xB8, 0x01, 0xF7, 0x00, 0x0E, 0x70, 0x03, 0xCF,
    0x00, 0xF0, 0xFF, 0xFC, 0x0F, 0xFF, 0x00, 0x7F, 0x80, 0x00, 0x1D, 0x80, 0x00, 0x7F, 0x00, 0x01,
    0xD8, 0x00, 0x00, 0x00, 0x00, 0x00, 0x00, 0x00, 0x18, 0x00, 0x00, 0xF8, 0x00, 0x07, 0xF0, 0x00,
    0x39, 0xC0, 0x00, 0xE7, 0x03, 0x03, 0x0E, 0x1C, 0x0E, 0x38, 0x70, 0x3F, 0xFD, 0x80, 0x7F, 0xFE,
    0x00, 0x3F, 0x38, 0x00, 0x70, 0x70, 0x03, 0xC1, 0xE0, 0x1E, 0x03, 0xFF, 0xF0, 0x0F, 0xFF, 0x80,
    0x0F, 0xF8, 0x00, 0x1B, 0x07, 0x70, 0x6E, 0x00, 0x00, 0x00, 0x1E, 0x07, 0xE1, 0xFE, 0x39, 0xC6,
    0x39, 0xC3, 0x1C, 0x63, 0xFC, 0x3F, 0x80, 0x70, 0x3C, 0xFF, 0x9F, 0xC0, 0x00, 0x00, 0x1D, 0x80,
    0x7E, 0x01, 0xD8, 0x00, 0x00, 0x00, 0x00, 0x1C, 0x01, 0xF8, 0x07, 0xF0, 0x39, 0xE0, 0xE3, 0x83,
    0x0E, 0x0E, 0x38, 0x3D, 0xC0, 0x7F, 0x0F, 0xFF, 0xFF, 0xFF, 0x00, 0x00, 0x00, 0x00, 0x30, 0x00,
    0x01, 0x80, 0x00, 0x0E, 0x00, 0x00, 0x70, 0x00, 0x83, 0x80, 0x1E, 0x1C, 0x00, 0xE0, 0xE0, 0x0E,
    0x07, 0x00, 0x38, 0x3B, 0x00, 0xC1, 0xDC, 0x0F, 0x0E, 0xC1, 0xF0, 0x7E, 0x06, 0x03, 0xF0, 0x00,
    0x1F, 0xC0, 0x00, 0xEF, 0x00, 0x1E, 0x7F, 0xFF, 0xF0, 0xFF, 0xFF, 0x01, 0xFF, 0x80, 0x00, 0x00,
    0x30, 0x00, 0x00, 0x18, 0x00, 0x00, 0x0E, 0x00, 0x00, 0x07, 0x00, 0x00, 0x83, 0x80, 0x01, 0xE1,
    0xC0, 0x00, 0xE0, 0xE0, 0x00, 0xE0, 0x70, 0x00, 0x38, 0x38, 0x30, 0x0C, 0x1C, 0x1C, 0x0F, 0x0E,
    0x0C, 0x1F, 0x07, 0x0E, 0x06, 0x03, 0x87, 0x00, 0x01, 0xC3, 0xC0, 0x00, 0xE0, 0xF0, 0x01, 0xF8,
    0x7F, 0xFF, 0xFF, 0x8F, 0xFF, 0xF7, 0xC1, 0xFF, 0xC0, 0x00, 0x00, 0x40, 0x3C, 0x1F, 0x8F, 0xC7,
    0xE0, 0xF0, 0x3C, 0x03, 0xC0, 0x3C, 0x03, 0xC0, 0x3C, 0x03, 0x80, 0x38, 0x07, 0x00, 0xE0, 0x3C,
    0xFF, 0x1F, 0xC3, 0x00, 0x00, 0x00, 0x40, 0x0F, 0x80, 0x7E, 0x07, 0xE0, 0x7E, 0x01, 0xE0, 0x0E,
    0x00, 0x1C, 0x00, 0x78, 0x00, 0x70, 0x00, 0xE0, 0x01, 0xC0, 0x03, 0x80, 0x0E, 0x00, 0x3C, 0x01,
    0xFC, 0xFF, 0xFF, 0xF9, 0xFC, 0x00, 0x00, 0x00, 0x07, 0x00, 0x07, 0x00, 0x07, 0x00, 0x07, 0x00,
    0x07, 0x00, 0x07, 0x00, 0x07, 0x00, 0x07, 0x00, 0x07, 0x00, 0x07, 0x00, 0x07, 0x00, 0x07, 0x00,
    0x07, 0x20, 0x07, 0x70, 0x07, 0x70, 0x07, 0x60, 0x07, 0xE0, 0x07, 0xE0, 0x07, 0x70, 0x0E, 0x78,
    0x1E, 0x7F, 0xFC, 0x3F, 0xF8, 0x0F, 0xF0, 0x00, 0x07, 0x00, 0x00, 0x70, 0x00, 0x07, 0x00, 0x00,
    0x70, 0x00, 0x07, 0x00, 0x00, 0x70, 0x00, 0x07, 0x00, 0x00, 0x70, 0x00, 0x07, 0x00, 0x00, 0x70,
    0x00, 0x07, 0x00, 0x00, 0x70, 0x00, 0x07, 0x02, 0x00, 0x70, 0x70, 0x07, 0x07, 0x00, 0x78, 0x60,
    0x07, 0xFE, 0x00, 0x7F, 0xE0, 0x07, 0x07, 0x00, 0xF0, 0x78, 0x1E, 0x03, 0xFF, 0xC0, 0x1F, 0xF8,
    0x00, 0xFE, 0x00, 0x38, 0xE3, 0x8E, 0x38, 0xE3, 0x8E, 0x38, 0xE3, 0x8E, 0x18, 0x61, 0x8E, 0xFB,
    0xC0, 0x00, 0x38, 0x1C, 0x0E, 0x07, 0x03, 0x81, 0xC0, 0xE0, 0x70, 0x38, 0x1C, 0x0E, 0x07, 0x01,
    0x80, 0xC0, 0x70, 0x7C, 0xFF, 0xFB, 0xC0, 0x00, 0x07, 0x81, 0xFC, 0x3F, 0xE3, 0x8E, 0x30, 0x60,
    0x06, 0x0F, 0xE3, 0xFE, 0x7F, 0xEF, 0x00, 0xE0, 0x0E, 0x00, 0xE0, 0x0E, 0x00, 0xE0, 0x06, 0x00,
    0x60, 0x07, 0x00, 0x70, 0x07, 0x00, 0x00, 0x00, 0x07, 0xC0, 0x0F, 0xE0, 0x1F, 0xE0, 0x3C, 0x70,
    0x78, 0x70, 0x7C, 0x30, 0xFE, 0x38, 0xEF, 0xFF, 0xE7, 0xFF, 0xE1, 0xC0, 0xE0, 0x00, 0xE0, 0x00,
    0xE0, 0x00, 0xE0, 0x00, 0x60, 0x00, 0x70, 0x00, 0x70, 0x00, 0x70, 0x00, 0x70, 0x00, 0x07, 0xC0,
    0xFE, 0x0F, 0xE1, 0xC7, 0x18, 0x73, 0x87, 0x7E, 0x7F, 0xFE, 0xE7, 0xE0, 0x00, 0x00, 0x00, 0x07,
    0xC0, 0x0F, 0xE0, 0x0E, 0xE0, 0x1C, 0x70, 0x38, 0x70, 0x3C, 0x38, 0x7E, 0x3C, 0xFF, 0xFF, 0xE7,
    0xFF, 0x01, 0xC0, 0x01, 0x80, 0x01, 0xC0, 0x01, 0xC0, 0x00, 0x00, 0x00, 0x00, 0x00, 0x0E, 0x00,
    0x0E, 0x00, 0x0E, 0x20, 0x07, 0x70, 0x07, 0x70, 0x07, 0x60, 0x07, 0xE0, 0x07, 0xE0, 0x07, 0x70,
    0x07, 0x78, 0x1E, 0x7F, 0xFC, 0x3F, 0xF8, 0x0F, 0xF0, 0x01, 0x80, 0x00, 0x1C, 0x00, 0x01, 0xC0,
    0x00, 0x00, 0x00, 0x00, 0x00, 0x00, 0x00, 0x00, 0x00, 0x0E, 0x00, 0x00, 0x70, 0x20, 0x07, 0x07,
    0x00, 0x70, 0x70, 0x07, 0x86, 0x00, 0x7F, 0xE0, 0x07, 0xFE, 0x00, 0x70, 0x70, 0x07, 0x07, 0x00,
    0xE0, 0x7F, 0xFE, 0x03, 0xFF, 0xC0, 0x0F, 0xF0, 0x00, 0x30, 0xE3, 0x00, 0x00, 0x03, 0x8E, 0x38,
    0x71, 0xC7, 0x1C, 0xFF, 0xBC, 0x00, 0x18, 0x0E, 0x01, 0x80, 0x00, 0x00, 0x00, 0x01, 0xC0, 0x70,
    0x1C, 0x07, 0x03, 0xE3, 0xFF, 0xF7, 0xC0, 0x00, 0x08, 0x07, 0x81, 0xE0, 0xFC, 0x3B, 0x9C, 0x66,
    0x1F, 0x87, 0xE1, 0xDC, 0xE7, 0xF8, 0xFC, 0x01, 0x80, 0x06, 0x00, 0xFC, 0x07, 0xF0, 0x3F, 0xC1,
    0xC7, 0x06, 0x1C, 0x38, 0x70, 0x7F, 0xC1, 0xFF, 0x03, 0xFE, 0x00, 0x3F, 0x00, 0x7C, 0x00, 0x00,
    0x08, 0x00, 0x38, 0x00, 0xF0, 0x07, 0xE0, 0x3F, 0xC0, 0xE7, 0x83, 0x1F, 0x0C, 0x7E, 0x39, 0xF8,
    0xFE, 0x71, 0xF1, 0xFF, 0xFE, 0xFF, 0xF8, 0x01, 0x80, 0x03, 0x80, 0x1F, 0x00, 0xFC, 0x07, 0x38,
    0x1C, 0xE0, 0xE3, 0x83, 0x8C, 0x0E, 0x70, 0x3F, 0xC3, 0xFF, 0xFF, 0xFF, 0xCE, 0x1C, 0x38, 0x70,
    0xF1, 0xC1, 0xFE, 0x03, 0xF8, 0x03, 0x80, 0x1C, 0x1F, 0x9F, 0xCE, 0x7E, 0x3F, 0x1F, 0x8E, 0xFF,
    0x7F, 0x87, 0xC1, 0xC3, 0xEF, 0xE7, 0xE3, 0x80, 0x1C, 0x01, 0xF8, 0x1F, 0xC0, 0xE7, 0x0E, 0x38,
    0x71, 0xC3, 0xCE, 0x0F, 0xFE, 0x7F, 0xF0, 0x3F, 0x01, 0xC0, 0x3E, 0x0F, 0xE0, 0x7E, 0x03, 0x80,
    0x00, 0x00, 0x03, 0xC0, 0x01, 0xFC, 0x00, 0x7F, 0x00, 0x1E, 0x00, 0x03, 0x80, 0x00, 0xE0, 0x08,
    0x1C, 0x03, 0x83, 0xE0, 0x70, 0x3F, 0x0C, 0x01, 0xFB, 0x80, 0x07, 0x70, 0x00, 0xE7, 0x00, 0x3C,
    0xF0, 0x0F, 0x1F, 0xFF, 0xC1, 0xFF, 0xF0, 0x0F, 0xF0, 0x00, 0x20, 0x00, 0x07, 0x00, 0xC0, 0x70,
    0x0F, 0x86, 0x00, 0xFF, 0xE0, 0x03, 0xFE, 0x00, 0x1C, 0x70, 0x01, 0xC7, 0x80, 0x78, 0x3F, 0xFF,
    0x81, 0xFF, 0xE0, 0x0F, 0xF8, 0x00, 0x00, 0x03, 0xC0, 0x01, 0xFC, 0x00, 0x7F, 0x00, 0x1E, 0x00,
    0x03, 0x80, 0x00, 0xE0, 0x08, 0x1C, 0x03, 0x83, 0xE0, 0x70, 0x3F, 0x0C, 0x01, 0xFB, 0x80, 0x07,
    0x70, 0x00, 0xE7, 0x00, 0x3C, 0xF0, 0x0F, 0x1F, 0xFF, 0xC1, 0xFF, 0xF0, 0x0F, 0xF0, 0x00, 0x00,
    0x00, 0x00, 0x00, 0x01, 0xB8, 0x00, 0x3F, 0x00, 0x06, 0xE0, 0x00, 0x20, 0x00, 0x07, 0x00, 0xC0,
    0x70, 0x0F, 0x86, 0x00, 0xFF, 0xE0, 0x03, 0xFE, 0x00, 0x1C, 0x70, 0x01, 0xC7, 0x80, 0x78, 0x3F,
    0xFF, 0x81, 0xFF, 0xE0, 0x0F, 0xF8, 0x00, 0x00, 0x00, 0x00, 0x00, 0x00, 0x76, 0x00, 0x07, 0xF0,
    0x00, 0x76, 0x00, 0x00, 0x18, 0x38, 0x70, 0xE0, 0xC1, 0x83, 0x0E, 0xFD, 0xF0, 0x00, 0x0D, 0xDF,
    0xB7, 0x00, 0x01, 0xC0, 0x30, 0x0E, 0x01, 0xC0, 0x7C, 0x3F, 0xFF, 0xBF, 0x00, 0x00, 0x00, 0xD8,
    0x3B, 0x83, 0x60, 0x78, 0x01, 0xFF, 0x3B, 0x3C, 0x70, 0x00, 0xE0, 0x81, 0xC3, 0x83, 0x87, 0xC7,
    0x07, 0xCE, 0x03, 0xDC, 0x03, 0xF8, 0x03, 0xE0, 0x01, 0xC0, 0x07, 0xC0, 0x1F, 0xC0, 0x7B, 0x81,
    0xE3, 0x07, 0x8E, 0x1F, 0xFC, 0x3F, 0xF0, 0x38, 0x00, 0x0F, 0xF3, 0x81, 0x3E, 0x70, 0x00, 0x0E,
    0x00, 0x01, 0xC0, 0x30, 0x38, 0x07, 0x07, 0x00, 0x70, 0xE0, 0x07, 0x1C, 0x00, 0x73, 0x80, 0x07,
    0x70, 0x00, 0x7E, 0x00, 0x0F, 0xC0, 0x00, 0xF8, 0x00, 0x0F, 0x00, 0x01, 0xF0, 0x01, 0xFE, 0x03,
    0xFD, 0xF8, 0x7F, 0x1F, 0x00, 0x00, 0x00, 0x38, 0x01, 0xE0, 0x06, 0x00, 0x18, 0x00, 0x7C, 0x39,
    0xF0, 0xE6, 0x03, 0x84, 0x0E, 0x38, 0x38, 0xF8, 0xE1, 0xF3, 0x81, 0xEE, 0x03, 0xF8, 0x07, 0xC0,
    0x07, 0x00, 0x3E, 0x01, 0xFC, 0x0F, 0x70, 0x78, 0xC3, 0xC7, 0x1F, 0xFC, 0x7F, 0xE0, 0x30, 0x00,
    0x78, 0x00, 0x30, 0x00, 0x18, 0x00, 0x07, 0x87, 0x07, 0xC3, 0x83, 0x01, 0xC0, 0x00, 0xE0, 0x60,
    0x70, 0x38, 0x38, 0x0E, 0x1C, 0x03, 0x8E, 0x00, 0xE7, 0x00, 0x3B, 0x80, 0x0F, 0xC0, 0x07, 0xE0,
    0x01, 0xF0, 0x00, 0x78, 0x00, 0x3E, 0x00, 0xFF, 0x07, 0xFB, 0xF3, 0xF8, 0xF8, 0x00, 0x00, 0x00,
    0xE0, 0x0E, 0x00, 0xE4, 0x0E, 0xE0, 0xEF, 0x8E, 0x7C, 0xE1, 0xEE, 0x0F, 0xE0, 0x7C, 0x01, 0xC0,
    0x3E, 0x07, 0xF0, 0xF7, 0x1E, 0x33, 0xC7, 0x7F, 0xF7, 0xFE, 0x00, 0x03, 0x80, 0x78, 0x06, 0x00,
    0x60, 0x07, 0xC0, 0x7C, 0x06, 0x00, 0x00, 0xE0, 0x00, 0xE0, 0x00, 0xE0, 0x00, 0xE0, 0xC0, 0xE0,
    0xE0, 0xE0, 0x70, 0xE0, 0x38, 0xE0, 0x1C, 0xE0, 0x0E, 0xE0, 0x07, 0xE0, 0x07, 0xE0, 0x03, 0xE0,
    0x01, 0xE0, 0x01, 0xF0, 0x0F, 0xF0, 0xFF, 0x7E, 0xFE, 0x3E, 0x00, 0x00, 0x0C, 0x00, 0x1E, 0x00,
    0x38, 0x00, 0x38, 0x00, 0x1F, 0x00, 0x3F, 0x00, 0x18, 0x00, 0x00, 0xE0, 0x0E, 0x00, 0xE4, 0x0E,
    0xE0, 0xEF, 0x8E, 0x7C, 0xE1, 0xEE, 0x0F, 0xE0, 0x7C, 0x01, 0xC0, 0x3E, 0x07, 0xF0, 0xF7, 0x1E,
    0x33, 0xC7, 0x7F, 0xF7, 0xFE, 0x00, 0xE0, 0x00, 0xE0, 0x00, 0xE0, 0x00, 0xE0, 0xC0, 0xE0, 0xE0,
    0xE0, 0x70, 0xE0, 0x38, 0xE0, 0x1C, 0xE0, 0x0E, 0xE0, 0x07, 0xE0, 0x07, 0xE0, 0x03, 0xE0, 0x01,
    0xE0, 0x01, 0xF0, 0x0F, 0xF0, 0xFF, 0x7E, 0xFE, 0x3E, 0x00, 0x00, 0x00, 0x1F, 0xFF, 0xFF, 0xE0,
    0x3C, 0x07, 0x80, 0xF0, 0x1E, 0x03, 0xC0, 0x78, 0x0F, 0x01, 0xE0, 0x3C, 0x07, 0x80, 0xF0, 0x1E,
    0x03, 0xC0, 0x78, 0x0F, 0xFF, 0xFF, 0xF0, 0x0F, 0xC7, 0xF1, 0xFE, 0x7F, 0x0C, 0x73, 0x80, 0x07,
    0x38, 0x00, 0x73, 0x80, 0x1E, 0x38, 0x27, 0xE3, 0x86, 0x7F, 0xF8, 0x70, 0x7F, 0x87, 0x07, 0xF8,
    0x38, 0x73, 0x83, 0xC7, 0x38, 0x1F, 0xF3, 0x80, 0xFE, 0x38, 0x03, 0x83, 0x80, 0x00, 0x38, 0x0F,
    0xC7, 0xFF, 0xC7, 0xF9, 0xFF, 0xF0, 0xC7, 0x38, 0x70, 0x01, 0xCE, 0x1C, 0x00, 0x73, 0x87, 0x00,
    0x78, 0xE1, 0xC2, 0x7E, 0x38, 0x71, 0x9F, 0xFE, 0x1C, 0x70, 0x7F, 0x87, 0x1C, 0x1F, 0xE1, 0xC3,
    0x87, 0x38, 0x70, 0xF1, 0xCE, 0x1C, 0x1F, 0xF3, 0x87, 0x03, 0xF8, 0xE1, 0xC0, 0x38, 0x38, 0x70,
    0x00, 0x0E, 0x1C, 0xFF, 0xFF, 0xFF, 0xC0, 0x30, 0x3F, 0x83, 0xFC, 0x3F, 0xE1, 0xC0, 0x0E, 0x00,
    0x7F, 0x81, 0xFF, 0x07, 0xF8, 0x00, 0xC2, 0x07, 0x38, 0x71, 0xFF, 0x87, 0xF8, 0x0E, 0x00, 0x78,
    0x01, 0xE0, 0x06, 0x00, 0x00, 0x00, 0x01, 0xF8, 0x1F, 0xC0, 0xE0, 0x07, 0x00, 0x38, 0x01, 0xC0,
    0x07, 0x1F, 0xFF, 0xFF, 0xF8, 0x06, 0x07, 0xF0, 0x7F, 0x87, 0xFC, 0x38, 0x01, 0xC0, 0x0F, 0xF0,
    0x3F, 0xE0, 0xFF, 0x00, 0x18, 0x40, 0xE7, 0x0E, 0x3F, 0xF0, 0xFF, 0x01, 0xC0, 0x0F, 0x00, 0x3C,
    0x00, 0xC0, 0x00, 0x00, 0xFF, 0xFD, 0xFF, 0xF8, 0x01, 0xC0, 0x03, 0x80, 0x07, 0x00, 0x0E, 0x00,
    0xFC, 0x33, 0xF0, 0xE3, 0xF0, 0xE0, 0xE1, 0xC0, 0xE1, 0xC1, 0xC3, 0x83, 0x83, 0x8F, 0x03, 0xFC,
    0x03, 0xF0, 0xFF, 0xFF, 0xFF, 0xFF, 0xFF, 0x00, 0x70, 0x00, 0x07, 0x00, 0x00, 0x70, 0x00, 0x07,
    0x00, 0x03, 0xF0, 0x06, 0x7E, 0x70, 0xE7, 0xFF, 0xC7, 0x07, 0xFE, 0x70, 0x38, 0xE3, 0x83, 0x8E,
    0x38, 0x38, 0xE1, 0xC7, 0x8E, 0x0F, 0xF1, 0xC0, 0x7E, 0x18, 0x00, 0x00, 0x00, 0xFF, 0xFF, 0xFF,
    0xFF, 0xFF, 0xF0, 0x07, 0x00, 0x00, 0x1C, 0x00, 0x3C, 0x71, 0x83, 0xFD, 0xCF, 0x07, 0xFF, 0x3E,
    0x00, 0xFF, 0xF0, 0x01, 0xFF, 0xC0, 0x0F, 0xF3, 0x80, 0xFF, 0x1E, 0x0F, 0xDC, 0xF8, 0x7C, 0x77,
    0x00, 0xC1, 0xDC, 0x00, 0x07, 0x3F, 0x80, 0x1C, 0xFE, 0x00, 0x00, 0xF0, 0xFF, 0xFF, 0xFF, 0xFF,
    0xFF, 0xF0, 0x07, 0x00, 0x00, 0x1C, 0x00, 0x3C, 0x71, 0x83, 0xFD, 0xCF, 0x07, 0xFF, 0x3E, 0x00,
    0xFF, 0xF0, 0x01, 0xFF, 0xC0, 0x0F, 0xFB, 0x80, 0xFF, 0x1E, 0x0F, 0xDC, 0xF8, 0x7C, 0x73, 0x00,
    0xC1, 0xCC, 0x60, 0x07, 0x3F, 0x80, 0x1C, 0xFE, 0x00, 0x03, 0x00, 0x00, 0x0F, 0xE0, 0x00, 0x1F,
    0xC0, 0x00, 0x3C, 0xFF, 0xFF, 0xFF, 0xFF, 0xF0, 0x01, 0xC0, 0x00, 0x70, 0x0E, 0x3C, 0x0F, 0xFF,
    0x87, 0xFF, 0xF1, 0xC7, 0x8C, 0x71, 0xC3, 0x9C, 0x70, 0xE7, 0x1C, 0x39, 0xC0, 0x3C, 0x38, 0x1F,
    0x0F, 0x0F, 0x01, 0xF3, 0x80, 0x18, 0xE0, 0x00, 0x1F, 0xC0, 0x07, 0xF0, 0x00, 0x78, 0xFF, 0xFF,
    0xDF, 0xFF, 0xF8, 0x00, 0x70, 0x00, 0x0E, 0x00, 0xE3, 0xC0, 0x7F, 0xFC, 0x1F, 0xFF, 0xC3, 0x8F,
    0x18, 0x71, 0xC3, 0x8E, 0x38, 0x71, 0xC7, 0x3E, 0x38, 0x0F, 0x83, 0x81, 0xF0, 0x78, 0x70, 0x07,
    0xCE, 0x10, 0x30, 0xFE, 0x00, 0x1F, 0xC0, 0x03, 0xE0, 0x00, 0x71, 0x00, 0x0F, 0xF0, 0x00, 0xFE,
    0x00, 0x0F, 0x00, 0xFF, 0xFF, 0xFF, 0xFC, 0xC1, 0xC1, 0x83, 0x83, 0x07, 0x06, 0x0E, 0x0C, 0x1C,
    0x18, 0x38, 0x30, 0xF0, 0x71, 0xC0, 0xF3, 0x00, 0xF8, 0x00, 0xFC, 0x00, 0x7C, 0x00, 0x3C, 0x00,
    0x38, 0x00, 0x70, 0x00, 0xE0, 0x00, 0x80, 0x0F, 0x00, 0x3F, 0x00, 0x3F, 0x00, 0x07, 0x00, 0x0E,
    0x00, 0x0C, 0x00, 0x1C, 0x00, 0x38, 0xFF, 0xFF, 0xFF, 0xFC, 0xC1, 0xC1, 0x83, 0x83, 0x07, 0x06,
    0x0E, 0x0C, 0x1C, 0x18, 0x38, 0x30, 0xF0, 0x71, 0xC0, 0xF3, 0x00, 0xF8, 0x00, 0xFC, 0x00, 0x7C,
    0x00, 0x3C, 0x00, 0x38, 0x00, 0x70, 0x00, 0xE0, 0x00, 0x80, 0x00, 0x00, 0xE0, 0x00, 0x00, 0x7E,
    0x00, 0x00, 0x1F, 0xC0, 0x00, 0x00, 0x70, 0x00, 0x00, 0x0E, 0x00, 0x00, 0x03, 0x80, 0x00, 0x00,
    0x60, 0x00, 0x00, 0x18, 0x0F, 0xC7, 0xFF, 0xC7, 0xF9, 0xFF, 0xF0, 0xC7, 0x38, 0x70, 0x01, 0xCE,
    0x1C, 0x00, 0x73, 0x87, 0x00, 0x78, 0xE1, 0xC2, 0x7E, 0x38, 0x71, 0x9F, 0xFE, 0x1C, 0x70, 0x7F,
    0x87, 0x1C, 0x1F, 0xE1, 0xC3, 0x87, 0x38, 0x70, 0xF1, 0xCE, 0x1C, 0x1F, 0xF3, 0x87, 0x03, 0xF8,
    0xE1, 0xC0, 0x38, 0x38, 0x70, 0x00, 0x0E, 0x1C, 0x00, 0x00, 0xE0, 0x00, 0x00, 0x7E, 0x00, 0x00,
    0x1F, 0x80, 0x00, 0x03, 0xF0, 0x00, 0x01, 0xFC, 0x00, 0x00, 0x7F, 0x80, 0x00, 0x00, 0xE0, 0x00,
    0x00, 0x18, 0x0F, 0xC7, 0xFF, 0xC7, 0xF9, 0xFF, 0xF0, 0xC7, 0x38, 0x70, 0x01, 0xCE, 0x1C, 0x00,
    0x73, 0x87, 0x00, 0x78, 0xE1, 0xC2, 0x7E, 0x38, 0x71, 0x9F, 0xFE, 0x1C, 0x70, 0x7F, 0x87, 0x1C,
    0x1F, 0xE1, 0xC3, 0x87, 0x38, 0x70, 0xF1, 0xCE, 0x1C, 0x1F, 0xF3, 0x87, 0x03, 0xF8, 0xE1, 0xC0,
    0x38, 0x38, 0x70, 0x00, 0x0E, 0x1C, 0x00, 0x10, 0x20, 0x03, 0x87, 0x00, 0x38, 0x70, 0x01, 0xFE,
    0x00, 0x1F, 0xC0, 0x00, 0x78, 0x00, 0x00, 0x00, 0xFC, 0x7F, 0x1F, 0xE7, 0xF0, 0xC7, 0x38, 0x00,
    0x73, 0x80, 0x07, 0x38, 0x01, 0xE3, 0x82, 0x7E, 0x38, 0x67, 0xFF, 0x87, 0x07, 0xF8, 0x70, 0x7F,
    0x83, 0x87, 0x38, 0x3C, 0x73, 0x81, 0xFF, 0x38, 0x0F, 0xE3, 0x80, 0x38, 0x38, 0x00, 0x03, 0x80,
    0x18, 0x20, 0x70, 0xE0, 0xE1, 0xC0, 0xFF, 0x00, 0xFE, 0x00, 0xF0, 0x00, 0x00, 0x7F, 0xFF, 0xFF,
    0xFE, 0x60, 0xE0, 0xC1, 0xC1, 0x83, 0x83, 0x07, 0x06, 0x0E, 0x0C, 0x1C, 0x18, 0x78, 0x38, 0xE0,
    0x79, 0x80, 0x7C, 0x00, 0x7E, 0x00, 0x3E, 0x00, 0x1E, 0x00, 0x1C, 0x00, 0x38, 0x00, 0x70, 0x00,
    0x40, 0x00, 0x01, 0x82, 0x00, 0x00, 0xE0, 0xC0, 0x00, 0x1C, 0x70, 0x00, 0x07, 0xFC, 0x00, 0x00,
    0xFE, 0x00, 0x00, 0x0E, 0x00, 0x00, 0x00, 0x00, 0x3F, 0x1F, 0xFF, 0x1F, 0xE7, 0xFF, 0xC3, 0x1C,
    0xE1, 0xC0, 0x07, 0x38, 0x70, 0x01, 0xCE, 0x1C, 0x01, 0xE3, 0x87, 0x09, 0xF8, 0xE1, 0xC6, 0x7F,
    0xF8, 0x71, 0xC1, 0xFE, 0x1C, 0x70, 0x7F, 0x87, 0x0E, 0x1C, 0xE1, 0xC3, 0xC7, 0x38, 0x70, 0x7F,
    0xCE, 0x1C, 0x0F, 0xE3, 0x87, 0x00, 0xE0, 0xE1, 0xC0, 0x00, 0x38, 0x70, 0x00, 0x80, 0x00, 0x1C,
    0x00, 0x01, 0xFC, 0x00, 0x0F, 0xF0, 0x00, 0x7F, 0x00, 0x00, 0x38, 0x00, 0x03, 0x80, 0xFC, 0x7F,
    0x1F, 0xE7, 0xF0, 0xC7, 0x38, 0x00, 0x73, 0x80, 0x07, 0x38, 0x01, 0xE3, 0x82, 0x7E, 0x38, 0x67,
    0xFF, 0x87, 0x07, 0xF8, 0x70, 0x7F, 0x83, 0x87, 0x38, 0x3C, 0x73, 0x81, 0xFF, 0x38, 0x0F, 0xE3,
    0x80, 0x38, 0x38, 0x00, 0x03, 0x80, 0x30, 0x00, 0x70, 0x00, 0xFE, 0x00, 0xFE, 0x00, 0xFE, 0x00,
    0x0E, 0x00, 0x1C, 0x7F, 0xFF, 0xFF, 0xFE, 0x60, 0xE0, 0xC1, 0xC1, 0x83, 0x83, 0x07, 0x06, 0x0E,
    0x0C, 0x1C, 0x18, 0x78, 0x38, 0xE0, 0x79, 0x80, 0x7C, 0x00, 0x7E, 0x00, 0x3E, 0x00, 0x1E, 0x00,
    0x1C, 0x00, 0x38, 0x00, 0x70, 0x00, 0x40, 0x00, 0x03, 0x00, 0x00, 0x00, 0xC0, 0x00, 0x00, 0x3F,
    0x80, 0x00, 0x07, 0xF0, 0x00, 0x00, 0xFE, 0x00, 0x00, 0x03, 0x80, 0x00, 0x00, 0x60, 0x3F, 0x1F,
    0xFF, 0x1F, 0xE7, 0xFF, 0xC3, 0x1C, 0xE1, 0xC0, 0x07, 0x38, 0x70, 0x01, 0xCE, 0x1C, 0x01, 0xE3,
    0x87, 0x09, 0xF8, 0xE1, 0xC6, 0x7F, 0xF8, 0x71, 0xC1, 0xFE, 0x1C, 0x70, 0x7F, 0x87, 0x0E, 0x1C,
    0xE1, 0xC3, 0xC7, 0x38, 0x70, 0x7F, 0xCE, 0x1C, 0x0F, 0xE3, 0x87, 0x00, 0xE0, 0xE1, 0xC0, 0x00,
    0x38, 0x70, 0x0F, 0xC7, 0xF1, 0xFE, 0x7F, 0x0C, 0x73, 0x80, 0x07, 0x38, 0x00, 0x73, 0x80, 0x1E,
    0x38, 0x27, 0xE3, 0x86, 0x7F, 0xF8, 0x70, 0x7F, 0x87, 0x07, 0xF8, 0x38, 0x73, 0x83, 0xC7, 0x38,
    0x1F, 0xF3, 0x80, 0xFE, 0x38, 0x03, 0x83, 0x80, 0x00, 0x38, 0x00, 0x00, 0x00, 0x18, 0x18, 0x01,
    0xFF, 0x80, 0x0F, 0xF8, 0x00, 0x3C, 0x00, 0x0F, 0xC7, 0xF1, 0xFE, 0x7F, 0x0C, 0x73, 0x80, 0x07,
    0x38, 0x00, 0x73, 0x80, 0x1E, 0x38, 0x27, 0xE3, 0x86, 0x7F, 0xF8, 0x70, 0x7F, 0x87, 0x07, 0xF8,
    0x38, 0x73, 0x83, 0xC7, 0x38, 0x1F, 0xF3, 0x80, 0xFE, 0x38, 0x03, 0x83, 0x80, 0x00, 0x38, 0x01,
    0x81, 0x80, 0x1F, 0xF8, 0x00, 0xFF, 0x80, 0x0B, 0xC8, 0x01, 0xFF, 0x80, 0x1F, 0xF8, 0x00, 0x3E,
    0x00, 0x00, 0x03, 0x80, 0x00, 0x38, 0x00, 0x03, 0x80, 0x00, 0x38, 0x00, 0x03, 0x80, 0xFC, 0x7F,
    0x1F, 0xE7, 0xF0, 0xC7, 0x38, 0x00, 0x73, 0x80, 0x07, 0x38, 0x01, 0xE3, 0x82, 0x7E, 0x38, 0x67,
    0xFF, 0x87, 0x07, 0xF8, 0x70, 0x7F, 0x83, 0x87, 0x38, 0x3C, 0x73, 0x81, 0xFF, 0x38, 0x0F, 0xE3,
    0x80, 0x38, 0x38, 0x00, 0x03, 0x80, 0x00, 0x00, 0x07, 0x00, 0x00, 0x01, 0xC0, 0x00, 0x00, 0x70,
    0x00, 0x00, 0x1C, 0x00, 0x00, 0x07, 0x03, 0xF1, 0xFF, 0xF1, 0xFE, 0x7F, 0xFC, 0x31, 0xCE, 0x1C,
    0x00, 0x73, 0x87, 0x00, 0x1C, 0xE1, 0xC0, 0x1E, 0x38, 0x70, 0x9F, 0x8E, 0x1C, 0x67, 0xFF, 0x87,
    0x1C, 0x1F, 0xE1, 0xC7, 0x07, 0xF8, 0x70, 0xE1, 0xCE, 0x1C, 0x3C, 0x73, 0x87, 0x07, 0xFC, 0xE1,
    0xC0, 0xFE, 0x38, 0x70, 0x0E, 0x0E, 0x1C, 0x00, 0x03, 0x87, 0x00, 0x00, 0x00, 0x30, 0x00, 0x00,
    0x1C, 0x00, 0x00, 0x03, 0xC0, 0x00, 0x0C, 0x7C, 0x00, 0x03, 0xF7, 0x00, 0x00, 0xFF, 0xC0, 0x00,
    0x0F, 0xF0, 0x00, 0x00, 0x1C, 0x0F, 0xC7, 0xFF, 0xC7, 0xF9, 0xFF, 0xF0, 0xC7, 0x38, 0x70, 0x01,
    0xCE, 0x1C, 0x00, 0x73, 0x87, 0x00, 0x78, 0xE1, 0xC2, 0x7E, 0x38, 0x71, 0x9F, 0xFE, 0x1C, 0x70,
    0x7F, 0x87, 0x1C, 0x1F, 0xE1, 0xC3, 0x87, 0x38, 0x70, 0xF1, 0xCE, 0x1C, 0x1F, 0xF3, 0x87, 0x03,
    0xF8, 0xE1, 0xC0, 0x38, 0x38, 0x70, 0x00, 0x0E, 0x1C, 0xFF, 0xFC, 0xE1, 0xC3, 0x87, 0x0E, 0x1C,
    0x38, 0x70, 0xE1, 0xC3, 0x87, 0x0E, 0x1C, 0x1F, 0xF0, 0x07, 0xFF, 0x81, 0xF0, 0xF8, 0x38, 0x07,
    0x87, 0x00, 0x38, 0xE0, 0x03, 0x9C, 0x00, 0x3F, 0xF0, 0x00, 0xFE, 0x00, 0x07, 0x00, 0x00, 0xE0,
    0x00, 0x1C, 0x00, 0x03, 0x80, 0x00, 0x70, 0x00, 0x0E, 0x00, 0x01, 0xC0, 0x00, 0x38, 0x00, 0x07,
    0x00, 0x00, 0xE0, 0x00, 0x1C, 0x00, 0x03, 0x80, 0x00, 0x70, 0x00, 0x0E, 0x00, 0x00, 0x3E, 0x03,
    0xF8, 0x3C, 0xE1, 0xC3, 0x0E, 0x1C, 0x70, 0xE1, 0xC3, 0x00, 0x7F, 0x03, 0xF8, 0x07, 0x00, 0x38,
    0x01, 0xC0, 0x0E, 0x00, 0x70, 0x03, 0x80, 0x1C, 0x00, 0xE0, 0x07, 0x00, 0x38, 0x01, 0xC0, 0x0E,
    0x00, 0x70, 0x03, 0x80, 0x01, 0xC0, 0x3F, 0x99, 0xFD, 0xE4, 0x77, 0x83, 0x9F, 0xF8, 0x7F, 0xC0,
    0x78, 0x1E, 0x03, 0xFC, 0x1F, 0xF1, 0xC3, 0xCE, 0x0E, 0x3F, 0x39, 0xF9, 0xC3, 0xC6, 0x38, 0x78,
    0xE0, 0xE0, 0xE0, 0xFF, 0x7F, 0x1C, 0x78, 0x7C, 0x38, 0x1C, 0x0F, 0xF3, 0xF9, 0xF0, 0xC0, 0x7F,
    0x3F, 0x87, 0x80, 0x1C, 0xE1, 0xFF, 0xC7, 0xFF, 0xB8, 0xC6, 0x67, 0x19, 0xC1, 0xE7, 0x8F, 0x0F,
    0x30, 0x08, 0xFC, 0x01, 0xF0, 0x03, 0x80, 0x1C, 0xE0, 0xFF, 0xE1, 0xFF, 0xE7, 0x39, 0xC6, 0x77,
    0x8E, 0x1E, 0x1E, 0x3F, 0x1E, 0x3E, 0x08, 0xF8, 0x01, 0xF8, 0x01, 0xF0, 0x01, 0xC0, 0x78, 0x7E,
    0x1F, 0x80, 0xE0, 0x70, 0x18, 0x0E, 0x07, 0x78, 0x3E, 0x1F, 0x8E, 0xCF, 0xF7, 0xF8, 0x1E, 0x07,
    0x70, 0x1F, 0x83, 0xF8, 0x07, 0x00, 0x60, 0x0E, 0x00, 0xC0, 0x18, 0x0F, 0xE1, 0xFC, 0x0E, 0x01,
    0xC0, 0x38, 0x07, 0x00, 0xE0, 0x1C, 0x03, 0x80, 0x70, 0x0E, 0x01, 0xC0, 0x38, 0x07, 0x00, 0xE0,
    0x1C, 0x38, 0x07, 0xE0, 0x7E, 0x03, 0xF0, 0x7F, 0x07, 0xF8, 0x03, 0x80, 0x18, 0x07, 0xF0, 0x7F,
    0x01, 0xC0, 0x1C, 0x01, 0xC0, 0x1C, 0x01, 0xC0, 0x1C, 0x01, 0xC0, 0x1C, 0x01, 0xC0, 0x1C, 0x01,
    0xC0, 0x1C, 0x01, 0xC0, 0x1C, 0x60, 0x9C, 0x19, 0xC7, 0x3F, 0xE3, 0xF8, 0x1C, 0x00, 0x60, 0xB8,
    0x7E, 0x1D, 0xFE, 0x3F, 0x87, 0x80, 0x00, 0x7F, 0x1F, 0xC1, 0xC0, 0x70, 0x1C, 0x07, 0x01, 0xC0,
    0x70, 0x1C, 0x07, 0x01, 0xC0, 0x70, 0x1C, 0x07, 0x01, 0xC0, 0x70, 0xC0, 0x38, 0x0F, 0xE1, 0xFC,
    0x3F, 0x80, 0x60, 0x1C, 0x07, 0x60, 0x07, 0x00, 0x1F, 0xC0, 0xFF, 0x01, 0xF8, 0x00, 0xE0, 0x03,
    0x00, 0x7F, 0x03, 0xF8, 0x07, 0x00, 0x38, 0x01, 0xC0, 0x0E, 0x00, 0x70, 0x03, 0x80, 0x1C, 0x00,
    0xE0, 0x07, 0x00, 0x38, 0x01, 0xC0, 0x0E, 0x00, 0x70, 0x03, 0x80, 0xC0, 0xFF, 0xF7, 0xFC, 0x78,
    0xC0, 0xDF, 0xF9, 0xFF, 0x6F, 0x2F, 0xFD, 0xFF, 0x87, 0xC0, 0xFF, 0xFE, 0x00, 0x38, 0x70, 0xE1,
    0xC3, 0x9F, 0xFF, 0x9C, 0x38, 0x70, 0xE1, 0xC3, 0x87, 0x0E, 0x1C, 0x38, 0x70, 0xE1, 0xC3, 0x80,
    0x0C, 0x01, 0x80, 0x3E, 0x73, 0xEF, 0xEC, 0xFF, 0xCF, 0xF0, 0x0E, 0x00, 0x00, 0x0E, 0x00, 0x70,
    0x01, 0xE0, 0xC7, 0x87, 0xEE, 0x3F, 0xF0, 0x7F, 0x80, 0x3C, 0x03, 0xF8, 0x1F, 0xC0, 0x38, 0x01,
    0xC0, 0x0E, 0x00, 0x70, 0x03, 0x80, 0x1C, 0x00, 0xE0, 0x07, 0x00, 0x38, 0x01, 0xC0, 0x0E, 0x00,
    0x70, 0x03, 0x80, 0x1C, 0xFF, 0xFE, 0x38, 0xE3, 0x8E, 0x38, 0xE3, 0x8E, 0x38, 0xE3, 0x8E, 0x38,
    0x60, 0xDC, 0x77, 0xFC, 0xFE, 0x7F, 0xDF, 0xF7, 0xFC, 0xFF, 0xFF, 0xFF, 0xFF, 0xFF, 0x00, 0x70,
    0x00, 0xF7, 0x00, 0x3F, 0xF0, 0x03, 0xFF, 0x70, 0x70, 0x7F, 0x87, 0x07, 0xFC, 0x70, 0x79, 0xC7,
    0x07, 0x0C, 0x70, 0xF0, 0xC3, 0xFF, 0x1C, 0x3F, 0xF1, 0xC0, 0xE7, 0x38, 0x00, 0x71, 0x80, 0x07,
    0x00, 0xFF, 0xFF, 0xFF, 0xFF, 0xFF, 0xC1, 0xC0, 0x38, 0x0E, 0x1D, 0xC0, 0x73, 0xFE, 0x13, 0xBF,
    0xF1, 0xF9, 0xC3, 0x8F, 0xCC, 0x1C, 0x7C, 0x70, 0xE3, 0xC3, 0xFF, 0x0E, 0x0F, 0xF8, 0x38, 0x3F,
    0xC1, 0xE0, 0x0E, 0x07, 0xC1, 0xF0, 0x0F, 0xFF, 0x80, 0x3F, 0xFC, 0xFF, 0xFF, 0xFF, 0xFC, 0x71,
    0xC0, 0xE3, 0x81, 0xC7, 0x03, 0x8E, 0x0F, 0x1C, 0x3E, 0x38, 0x7C, 0x70, 0xF8, 0xE0, 0xE1, 0xC0,
    0xC3, 0x80, 0x07, 0x00, 0x0E, 0x00, 0x1C, 0x00, 0x38, 0xFF, 0xFF, 0xFF, 0xFE, 0x70, 0x38, 0x70,
    0x38, 0x70, 0x38, 0x3F, 0x38, 0x3F, 0x38, 0x3F, 0x38, 0x78, 0x38, 0x70, 0x38, 0x38, 0x78, 0x3F,
    0xF8, 0x1F, 0xF8, 0x07, 0xB8, 0x00, 0x38, 0x00, 0x38, 0xFF, 0xFF, 0xFF, 0xFF, 0xF0, 0x03, 0x80,
    0x1F, 0xE0, 0x0F, 0xF8, 0x07, 0xFC, 0x01, 0xC0, 0x38, 0x70, 0x1E, 0x1F, 0xE3, 0x83, 0xFE, 0x00,
    0x7F, 0x80, 0xC0, 0x70, 0x78, 0x1C, 0x0F, 0x8E, 0x01, 0xFF, 0x80, 0x3F, 0xC0, 0xFF, 0xFF, 0xFF,
    0xFF, 0xC0, 0x07, 0x00, 0x03, 0x87, 0xFD, 0xC3, 0xFE, 0xE1, 0xFF, 0x70, 0x38, 0x38, 0x1C, 0x1C,
    0x0E, 0x0E, 0x07, 0x0F, 0x01, 0xFF, 0x80, 0xFF, 0xC0, 0x1E, 0xE0, 0x00, 0x70, 0x00, 0x38, 0xFF,
    0xFF, 0xFF, 0xFF, 0xF0, 0x01, 0xC0, 0x78, 0x70, 0x3F, 0x7E, 0x1F, 0x9F, 0xC7, 0x0E, 0x31, 0xC3,
    0x8E, 0x7F, 0x73, 0x8F, 0xDE, 0xE3, 0xF1, 0xF0, 0xE0, 0x1C, 0x38, 0x0E, 0x0F, 0x0F, 0x81, 0xFF,
    0xC0, 0x3F, 0xC0, 0xFF, 0xFF, 0xFF, 0xFF, 0xFC, 0x00, 0x0E, 0x00, 0x01, 0xC0, 0x1F, 0xF8, 0xC3,
    0xFF, 0x1C, 0x7F, 0xE3, 0x87, 0x1C, 0x30, 0x63, 0x87, 0x0E, 0x70, 0x71, 0xCE, 0x0F, 0xF9, 0xC0,
    0xFE, 0x38, 0x07, 0x07, 0x00, 0x00, 0xE0, 0x00, 0x1C, 0xFF, 0xFF, 0xFF, 0xFF, 0xFF, 0x00, 0xC3,
    0x81, 0xFC, 0x38, 0x3F, 0xC3, 0x87, 0xFC, 0x38, 0x70, 0x03, 0x87, 0x00, 0x38, 0x7F, 0xFF, 0x83,
    0xFF, 0xF8, 0x1F, 0xFF, 0x80, 0x06, 0x38, 0x70, 0x73, 0x87, 0x8E, 0x38, 0x7F, 0xE3, 0x83, 0xFC,
    0x38, 0x0E, 0x00, 0x00, 0x70, 0x00, 0x07, 0x80, 0x00, 0x30, 0x00, 0x00, 0x00, 0x00, 0xFF, 0xFF,
    0xFF, 0xFF, 0xFC, 0x00, 0x0E, 0x00, 0x01, 0xC0, 0x3C, 0x38, 0x0F, 0xC7, 0x09, 0xFC, 0xE3, 0x01,
    0xFC, 0x70, 0x3F, 0x87, 0x0F, 0xF0, 0xFF, 0xCE, 0x07, 0xF1, 0xC0, 0x38, 0x38, 0x00, 0x07, 0x00,
    0x00, 0xE0, 0x00, 0x1C, 0xFF, 0xFF, 0xFF, 0xC0, 0x30, 0x01, 0x80, 0x7C, 0x0F, 0xE0, 0xFF, 0x0F,
    0x00, 0x70, 0x03, 0x80, 0x1C, 0x00, 0xE0, 0x07, 0x01, 0x1E, 0x38, 0xFF, 0xC1, 0xFC, 0xFF, 0xFF,
    0xFF, 0xFC, 0x07, 0x00, 0x0E, 0x00, 0x1C, 0x00, 0xF8, 0x07, 0xFC, 0x1F, 0xFC, 0x78, 0x38, 0xE0,
    0x39, 0xC0, 0x73, 0x80, 0xE7, 0x01, 0xC7, 0x8F, 0x0F, 0xFC, 0x07, 0xF0, 0xFF, 0xFF, 0xFF, 0xFC,
    0x00, 0xE0, 0x3F, 0xC0, 0xFF, 0x83, 0xFE, 0x07, 0x00, 0x0E, 0x00, 0x1F, 0xE0, 0x1F, 0xF0, 0x1F,
    0xE1, 0x80, 0xE7, 0x81, 0xC7, 0xC7, 0x07, 0xFE, 0x07, 0xF8, 0xFF, 0xFF, 0xFF, 0xFC, 0x01, 0x80,
    0x03, 0x00, 0x7E, 0x03, 0xFC, 0x0F, 0xF8, 0x3C, 0x00, 0x70, 0xE0, 0xE7, 0xF1, 0xCF, 0xE3, 0x98,
    0xC7, 0x31, 0x87, 0xE7, 0x07, 0xFE, 0x07, 0xF0, 0xFF, 0xFF, 0xFF, 0xFF, 0xFC, 0xC3, 0x9C, 0x18,
    0x73, 0x83, 0x0E, 0x70, 0x61, 0xCE, 0x0C, 0x39, 0xC1, 0x87, 0x38, 0x30, 0xE7, 0x07, 0x1C, 0xE0,
    0xFF, 0x1C, 0x0F, 0xE3, 0x80, 0x70, 0x70, 0x00, 0x0E, 0x00, 0x01, 0xC0, 0x00, 0x38, 0xFF, 0xFF,
    0xFF, 0xFC, 0x00, 0xC0, 0x01, 0x80, 0x03, 0x01, 0xFE, 0x0F, 0xFC, 0x3F, 0xF8, 0x70, 0x30, 0xE0,
    0x61, 0xC0, 0xC3, 0x81, 0x87, 0x03, 0x07, 0x06, 0x07, 0x0C, 0x06, 0x18, 0x00, 0x00, 0x7E, 0xFF,
    0xFF, 0xFF, 0xE7, 0x38, 0xE7, 0x38, 0x77, 0x38, 0x77, 0x38, 0x0F, 0x38, 0xFE, 0x38, 0xFC, 0x38,
    0x70, 0x38, 0x78, 0x78, 0x3F, 0xF8, 0x1F, 0xF8, 0x07, 0xB8, 0x00, 0x38, 0x00, 0x38, 0xFF, 0xFF,
    0xFF, 0xF0, 0x0E, 0x00, 0x38, 0x07, 0xE0, 0x7F, 0x83, 0xFE, 0x1E, 0x00, 0x70, 0x01, 0xC1, 0x87,
    0x0F, 0x1E, 0x3C, 0x3F, 0xF0, 0x7F, 0x80, 0x7E, 0x00, 0x1C, 0x00, 0x70, 0x00, 0x80, 0x7E, 0xFF,
    0xFD, 0xFF, 0x9C, 0xE7, 0x31, 0xCE, 0xE3, 0x9C, 0x07, 0x1F, 0xCE, 0x1F, 0x9C, 0x7E, 0x38, 0xE0,
    0x71, 0xC1, 0xE1, 0xFF, 0xC3, 0xFF, 0x81, 0xF7, 0x00, 0x0E, 0x00, 0x1C, 0xFF, 0xFF, 0xFF, 0xFC,
    0x01, 0xC0, 0x03, 0x80, 0x07, 0x00, 0x0E, 0x1F, 0xFC, 0x3F, 0xF8, 0x7F, 0xF0, 0xF0, 0xE0, 0xE1,
    0xC0, 0x83, 0x80, 0x07, 0x00, 0x0E, 0x00, 0x1C, 0x00, 0x38, 0xFF, 0xFF, 0xFF, 0xFC, 0xC0, 0xC1,
    0x81, 0x83, 0x03, 0x06, 0x06, 0x0C, 0x0C, 0x18, 0x18, 0x38, 0x70, 0x7F, 0xE0, 0x7F, 0xC0, 0x3D,
    0x80, 0x03, 0x00, 0x06, 0x00, 0x0C, 0x00, 0x18, 0xFF, 0xFF, 0xFF, 0xFF, 0xFF, 0x30, 0x70, 0x03,
    0x07, 0x00, 0x30, 0x70, 0x03, 0x07, 0x70, 0x30, 0x7F, 0x83, 0x07, 0xFC, 0x38, 0x78, 0xC3, 0xFF,
    0x0E, 0x1F, 0xF0, 0xE0, 0xFF, 0x1C, 0x00, 0x71, 0xC0, 0x07, 0x3C, 0x00, 0x71, 0x80, 0x07, 0x00,
    0xFF, 0xFF, 0xFF, 0xFC, 0x00, 0xC0, 0x39, 0x81, 0xFB, 0x07, 0xF6, 0x1F, 0x8C, 0x3B, 0x18, 0x77,
    0x30, 0xE7, 0x61, 0xC7, 0xC1, 0xFF, 0x83, 0xFF, 0x01, 0xE6, 0x00, 0x0C, 0x00, 0x18, 0x7C, 0x7F,
    0xFF, 0x3F, 0xFB, 0x83, 0x9C, 0xE1, 0xCF, 0x70, 0xE3, 0xB8, 0x70, 0x5C, 0x38, 0x1F, 0xFC, 0x1F,
    0xFE, 0x0F, 0xFF, 0x07, 0xC3, 0x81, 0xC1, 0xC0, 0x00, 0xE0, 0x00, 0x70, 0x00, 0x38, 0x00, 0x1C,
    0xFF, 0xFF, 0xFF, 0xFF, 0x1C, 0x38, 0x1C, 0x38, 0x1C, 0x38, 0x1C, 0x38, 0x1C, 0x38, 0x7F, 0xF8,
    0x7F, 0xF8, 0x7F, 0xF8, 0x7C, 0x38, 0x38, 0x38, 0x00, 0x38, 0x00, 0x38, 0x00, 0x38, 0x00, 0x38,
    0xFF, 0xFF, 0xFF, 0xFC, 0x70, 0xE0, 0x71, 0xC0, 0xE3, 0x83, 0xC7, 0x1F, 0x0E, 0x3C, 0x1C, 0x70,
    0x38, 0xF0, 0xF0, 0xFF, 0xE0, 0xFF, 0xC0, 0x7B, 0x80, 0x07, 0x00, 0x0E, 0x00, 0x1C, 0xFF, 0xFF,
    0xFC, 0x0E, 0x01, 0xC0, 0x38, 0x07, 0x1D, 0xC3, 0xF8, 0x7E, 0x0F, 0x00, 0xE0, 0x0E, 0x00, 0xE0,
    0x0E, 0x00, 0xE0, 0x0C, 0x00, 0x00, 0xFF, 0xFF, 0xFF, 0xFF, 0xF0, 0x00, 0xE0, 0x00, 0x38, 0x0E,
    0x1E, 0x0F, 0xFF, 0x87, 0xFF, 0xE1, 0xC7, 0xB8, 0x71, 0xCE, 0x1C, 0x73, 0x87, 0x18, 0xE1, 0xC0,
    0x38, 0x38, 0x0E, 0x0F, 0x03, 0x81, 0xF0, 0xE0, 0x18, 0x38, 0x00, 0x00, 0x00, 0xFF, 0xFF, 0xFF,
    0xFC, 0x01, 0xC0, 0x7B, 0x83, 0xFF, 0x07, 0xFE, 0x1C, 0x1C, 0x38, 0x38, 0x70, 0x70, 0xE0, 0xE1,
    0xC3, 0xC1, 0xFF, 0x83, 0xFF, 0x01, 0xEE, 0x00, 0x1C, 0x00, 0x38, 0x1F, 0x3F, 0xCF, 0xEF, 0xF3,
    0x9C, 0xE0, 0xC7, 0x38, 0x39, 0xCE, 0x0F, 0xF3, 0x80, 0xFC, 0xE0, 0x07, 0x38, 0x03, 0x8E, 0x1F,
    0xC3, 0x8F, 0xE0, 0xE1, 0xF8, 0x38, 0x0F, 0x0E, 0x01, 0xC3, 0x80, 0x38, 0xE0, 0x0E, 0x38, 0x01,
    0x00, 0x00, 0xFF, 0xFF, 0xFF, 0xFC, 0xF0, 0xE1, 0xF1, 0xC3, 0x73, 0x86, 0x67, 0x0C, 0xEE, 0x18,
    0xFC, 0x38, 0xF8, 0x71, 0xF0, 0xFF, 0xE0, 0xFF, 0xC0, 0x73, 0x80, 0x07, 0x00, 0x0E, 0x00, 0x1C,
    0xFF, 0xFF, 0xFF, 0xFF, 0xF0, 0x70, 0xE0, 0x1C, 0x38, 0x07, 0x0E, 0x09, 0xC3, 0x87, 0xF0, 0xE1,
    0xFF, 0xF8, 0x7F, 0xFE, 0x1E, 0x7F, 0x83, 0x80, 0xE0, 0x70, 0x38, 0x1E, 0x0E, 0x03, 0xC3, 0x80,
    0x78, 0xE0, 0x0E, 0x38, 0x00, 0x00, 0x00, 0xFF, 0xFF, 0xFF, 0xF0, 0x06, 0x03, 0xF8, 0x3F, 0xE0,
    0xFF, 0x87, 0x00, 0x1C, 0x00, 0x3F, 0x80, 0x7F, 0x83, 0xFF, 0x0E, 0x1C, 0x70, 0x31, 0xC1, 0xC3,
    0x8F, 0x0F, 0x18, 0x1E, 0x00, 0x3F, 0x00, 0x7C, 0x00, 0x60, 0xFF, 0xFF, 0xFF, 0xFF, 0xFF, 0x00,
    0x0E, 0x00, 0x00, 0xE0, 0x0E, 0x0E, 0x01, 0xF9, 0xF0, 0x3F, 0xFF, 0x87, 0x1F, 0x1C, 0x70, 0xE1,
    0xC7, 0x0E, 0x1C, 0x70, 0xE1, 0xC7, 0x0C, 0x1C, 0x71, 0xE1, 0xC3, 0xFF, 0xF8, 0x3F, 0xBF, 0x80,
    0xE0, 0xE0, 0x3F, 0x3F, 0xDF, 0xEF, 0xF7, 0x38, 0xE1, 0xC6, 0x38, 0x73, 0x8E, 0x0F, 0xE3, 0x81,
    0xFF, 0xE0, 0xFF, 0xF8, 0x79, 0xFE, 0x38, 0x03, 0x8E, 0x00, 0xE3, 0x8F, 0x38, 0xE3, 0xCE, 0x1F,
    0xF3, 0x87, 0xF8, 0xE0, 0x7E, 0x38, 0x01, 0xC0, 0x00, 0x70, 0x00, 0x08, 0x00, 0xFF, 0xFF, 0xFF,
    0xFF, 0xC0, 0x07, 0x00, 0x03, 0x81, 0xFF, 0xC1, 0xFF, 0xE0, 0xFF, 0xF0, 0x1E, 0x38, 0x03, 0x9C,
    0x00, 0xCE, 0x00, 0x67, 0x0E, 0x73, 0x87, 0xF9, 0xC3, 0xF8, 0xE0, 0x70, 0x70, 0x1C, 0x38, 0x07,
    0x00, 0x01, 0x00, 0x00, 0xFF, 0xFF, 0xFF, 0xFC, 0x71, 0xC0, 0xE3, 0x81, 0xC7, 0x03, 0x8E, 0x1F,
    0x1C, 0x3E, 0x38, 0x7C, 0x70, 0xF8, 0xE0, 0xE1, 0xC0, 0x03, 0x80, 0x07, 0x00, 0x0E, 0x0F, 0xFC,
    0x1F, 0xF8, 0xFF, 0xFF, 0xFF, 0xFF, 0xFC, 0x00, 0x0E, 0x00, 0xFF, 0xC6, 0x1F, 0xF8, 0xC3, 0xFF,
    0x1C, 0x78, 0xE3, 0x87, 0x1C, 0x38, 0x73, 0x83, 0x8E, 0x70, 0x7F, 0xCE, 0x07, 0xF1, 0xC0, 0x3C,
    0x38, 0x00, 0x07, 0x0F, 0xFF, 0xE1, 0xFF, 0xFC, 0xFF, 0xFF, 0xFF, 0xFC, 0x00, 0xE0, 0x3F, 0xC0,
    0xFF, 0x83, 0xFF, 0x07, 0x00, 0x0F, 0xF0, 0x0F, 0xF8, 0x4F, 0xF8, 0xE0, 0x73, 0xFF, 0xE1, 0xFF,
    0x80, 0x7C, 0x0F, 0xFF, 0x1F, 0xFE, 0xFF, 0xFF, 0xFF, 0xFC, 0x00, 0xC0, 0x7D, 0x83, 0xFB, 0x0F,
    0xF6, 0x1F, 0x8C, 0x3B, 0x98, 0x73, 0xB0, 0xE7, 0xE1, 0xFF, 0xC1, 0xFF, 0x80, 0xF3, 0x00, 0x06,
    0x0F, 0xFC, 0x1F, 0xF8, 0xFF, 0xFF, 0xFF, 0xFF, 0xFC, 0x00, 0x0E, 0x00, 0xFF, 0xC6, 0x1F, 0xF8,
    0xC3, 0xFF, 0x1C, 0x78, 0xE3, 0x83, 0x1C, 0x38, 0x73, 0x83, 0x8E, 0x70, 0x7F, 0xCE, 0x07, 0xF1,
    0xC0, 0x38, 0x38, 0x1C, 0xC7, 0x03, 0xBC, 0xE0, 0x7F, 0x1C, 0x03, 0x80, 0x00, 0x70, 0x00, 0xFF,
    0xFF, 0xFF, 0xFC, 0x70, 0xE0, 0x71, 0xC0, 0xF3, 0x83, 0xF7, 0x1F, 0xEE, 0x3C, 0xFC, 0x70, 0xF8,
    0xF0, 0xF0, 0xFF, 0xE0, 0xFF, 0xC0, 0x7B, 0x80, 0x07, 0x00, 0x0E, 0x00, 0x1C, 0xFF, 0xFF, 0xFF,
    0xFC, 0x70, 0x00, 0xE0, 0x01, 0xC0, 0x03, 0xF0, 0x0F, 0xF8, 0x3F, 0xF8, 0x7C, 0x78, 0xF8, 0x70,
    0xF0, 0xE0, 0xC1, 0xC0, 0x03, 0x80, 0x07, 0x00, 0x1C, 0x00, 0x38, 0x00, 0x20, 0x7C, 0x7F, 0xFF,
    0xFC, 0xFF, 0xFF, 0xB8, 0x38, 0x07, 0x38, 0x70, 0x0F, 0x70, 0xE0, 0x0E, 0xE1, 0xDC, 0x05, 0xC3,
    0xFC, 0x07, 0xFF, 0xFC, 0x1F, 0xFF, 0x38, 0x3F, 0xFC, 0x30, 0x7C, 0x38, 0x60, 0x70, 0x71, 0xC0,
    0x00, 0xE3, 0x80, 0x01, 0xCE, 0x00, 0x03, 0x9C, 0x00, 0x07, 0x00, 0xEE, 0xE0, 0x0E, 0x1D, 0xD9,
    0xFF, 0x3F, 0xE3, 0xF8, 0x1C, 0x00, 0xFF, 0xF0, 0x00, 0x01, 0xC7, 0x1C, 0x00, 0x00, 0x1C, 0x71,
    0xC0, 0x00, 0xF0, 0x7E, 0x3F, 0x81, 0xE0, 0x70, 0x18, 0x00, 0x6F, 0xE0, 0x1F, 0xC7, 0xF8, 0xE0,
    0x1C, 0x03, 0xC0, 0x3C, 0x03, 0xC0, 0x3C, 0x03, 0xC4, 0x3D, 0xC3, 0xB8, 0x73, 0x8E, 0x7F, 0xC7,
    0xF0, 0x38, 0x7F, 0x3F, 0xE6, 0x3C, 0x07, 0x01, 0xC0, 0x70, 0x1C, 0x1E, 0x1F, 0x07, 0x01, 0xC0,
    0x70, 0x1C, 0x07, 0x01, 0xC0, 0x70, 0x7F, 0x70, 0x7F, 0xFE, 0x00, 0x7F, 0xDF, 0xF7, 0xFC, 0xF3,
    0x9C, 0x71, 0x80, 0x3B, 0xDC, 0xCE, 0x00, 0x0E, 0x07, 0xF1, 0xFF, 0x3F, 0xEE, 0xEC, 0xDD, 0x80,
    0x0E, 0x07, 0xF1, 0xFF, 0x38, 0xEE, 0x0F, 0xC1, 0xF8, 0x3F, 0x07, 0x71, 0xCF, 0xF8, 0xFE, 0x07,
    0x00, 0x3E, 0x3F, 0xB8, 0xFC, 0x7E, 0x3B, 0x9D, 0xFC, 0x3C, 0x3C, 0x7C, 0x3E, 0x07, 0xC0, 0xF0,
    0x38, 0x1C, 0x0E, 0x07, 0x00, 0x3F, 0x0F, 0xF1, 0x8F, 0x00, 0xE0, 0x0C, 0x01, 0x98, 0x77, 0x8E,
    0xFF, 0x8F, 0xE0, 0xF8, 0x07, 0x00, 0xE0, 0x0E, 0x01, 0xE0, 0x1C, 0x03, 0x00, 0x7F, 0x0F, 0xF1,
    0x8F, 0x00, 0xE0, 0x1C, 0x07, 0x8F, 0xE1, 0xFC, 0x19, 0xC0, 0x39, 0x83, 0x78, 0xEF, 0xFC, 0xFF,
    0x0F, 0xC0, 0x70, 0x0E, 0x00, 0xE0, 0x18, 0x00, 0x00, 0x1C, 0x1F, 0x83, 0xF0, 0x7E, 0x0F, 0xE3,
    0xDE, 0xF1, 0xFC, 0x1F, 0x07, 0xF1, 0xE7, 0x38, 0xE7, 0x1C, 0xE3, 0x9F, 0xF1, 0xFC, 0x0E, 0x00,
    0x10, 0x07, 0x01, 0xE0, 0x38, 0x0E, 0x01, 0xC0, 0x38, 0x77, 0x0F, 0x71, 0xEF, 0xFC, 0xFF, 0x07,
    0xE0, 0x0C, 0x01, 0x80, 0x38, 0x07, 0x00, 0xE0, 0x3F, 0x8F, 0xF1, 0xE0, 0x38, 0x07, 0x00, 0xEE,
    0x0F, 0xE3, 0xFC, 0x70, 0x0E, 0x01, 0x86, 0x30, 0xE7, 0x1E, 0xFF, 0x8F, 0xF0, 0x7E, 0x00, 0xE0,
    0x1C, 0x01, 0x00, 0x30, 0x03, 0x00, 0x70, 0x07, 0x1C, 0x73, 0xE7, 0x7F, 0x77, 0x76, 0x73, 0x67,
    0x37, 0x7F, 0x73, 0xF7, 0x0F, 0x78, 0x73, 0xFE, 0x1F, 0xC0, 0x70, 0x01, 0x80, 0x70, 0x1E, 0x07,
    0x81, 0xE0, 0x38, 0x0E, 0x03, 0xC0, 0x70, 0x0E, 0x01, 0x80, 0x30, 0x07, 0x0C, 0xFF, 0xCF, 0xF0,
    0x78, 0x7E, 0x3F, 0xB9, 0xDC, 0x7E, 0x3F, 0x3B, 0xFC, 0xFC, 0x3C, 0x0F, 0x03, 0xC0, 0xF0, 0x38,
    0x1C, 0x0E, 0x07, 0x03, 0x00, 0xE0, 0xFC, 0x1F, 0x83, 0xF0, 0x7E, 0x0E, 0xE3, 0xDF, 0xF9, 0xFF,
    0x1E, 0xE0, 0x19, 0xC7, 0x3C, 0xE7, 0xFC, 0xFF, 0x0F, 0x80, 0x70, 0x07, 0x00, 0xE0, 0x08, 0x00,
    0xFF, 0xFF, 0xFF, 0xFF, 0x9C, 0x07, 0x00, 0xE0, 0x1C, 0x03, 0x80, 0x70, 0x07, 0xF0, 0xFF, 0x07,
    0xF0, 0x0E, 0x01, 0xC0, 0x38, 0x00, 0x61, 0x06, 0x38, 0x63, 0xFE, 0x7F, 0xE7, 0x38, 0x60, 0x06,
    0x00, 0x60, 0x07, 0x00, 0x7F, 0x83, 0xFE, 0x0F, 0xE0, 0x06, 0x00, 0xE0, 0x0E, 0x00, 0x60, 0x00,
    0x03, 0x00, 0x00, 0xDD, 0xC0, 0x03, 0xB7, 0x00, 0x0F, 0x38, 0x00, 0x1F, 0xE0, 0x00, 0x3F, 0x01,
    0xFC, 0x00, 0x07, 0xF8, 0x10, 0x08, 0x71, 0xF8, 0x01, 0xCF, 0xE0, 0x07, 0x71, 0xC1, 0xFB, 0x87,
    0x67, 0xFE, 0x1D, 0x8F, 0xF0, 0x77, 0x07, 0xB1, 0xDC, 0x1C, 0xFE, 0x38, 0x73, 0xF8, 0xF1, 0xC3,
    0x81, 0xFF, 0x00, 0x03, 0xF8, 0x00, 0x03, 0x80, 0x00, 0x1C, 0x3F, 0x1F, 0xDC, 0x6E, 0x33, 0xF9,
    0xF8, 0x38, 0x7F, 0xFF, 0xFF, 0xFF, 0xFF, 0xFF, 0x63, 0xF1, 0xF8, 0xFC, 0x7E, 0x3F, 0x1F, 0x8F,
    0xC7, 0xE3, 0xF1, 0xF8, 0xFC, 0x7E, 0x3F, 0x1F, 0x8F, 0xC7, 0xFF, 0xFF, 0xFF, 0xFF, 0xFF, 0x00,
    0x70, 0x00, 0xF7, 0x00, 0x3F, 0xF0, 0x03, 0xFF, 0x70, 0x70, 0x7F, 0x87, 0x07, 0xFC, 0x70, 0x79,
    0xC7, 0x07, 0x0C, 0x70, 0xF0, 0xC3, 0xFF, 0x1C, 0x3F, 0xF1, 0xC0, 0xE7, 0x38, 0x38, 0x71, 0x83,
    0x87, 0x00, 0x38, 0x00, 0x00, 0xFF, 0xFF, 0xFF, 0xFF, 0xFF, 0xC1, 0xC0, 0x38, 0x0E, 0x1D, 0xC0,
    0x73, 0xFE, 0x13, 0xBF, 0xF1, 0xF9, 0xC3, 0x8F, 0xCC, 0x1C, 0x7C, 0x70, 0xE3, 0xC3, 0xFF, 0x0E,
    0x0F, 0xF8, 0x38, 0x3F, 0xC1, 0xE0, 0x0E, 0x07, 0xC1, 0xF1, 0xCF, 0xFF, 0x8E, 0x3F, 0xFC, 0x70,
    0x00, 0x00, 0xFF, 0xFF, 0xFF, 0xFC, 0x71, 0xC0, 0xE3, 0x81, 0xC7, 0x03, 0x8E, 0x0F, 0x1C, 0x3E,
    0x38, 0x7C, 0x70, 0xF8, 0xE0, 0xE1, 0xC0, 0xC3, 0x80, 0x07, 0x00, 0x0E, 0x06, 0x1C, 0x1E, 0x38,
    0x18, 0x00, 0xFF, 0xFF, 0xFF, 0xFF, 0xFC, 0x00, 0x0E, 0x00, 0x01, 0xC0, 0x1F, 0xF8, 0xC3, 0xFF,
    0x1C, 0x7F, 0xE3, 0x87, 0x1C, 0x30, 0x63, 0x87, 0x0E, 0x70, 0x71, 0xCE, 0x0F, 0xF9, 0xC0, 0xFE,
    0x38, 0x07, 0x07, 0x00, 0x00, 0xE0, 0x00, 0x1C, 0x03, 0x00, 0x00, 0xF0, 0x00, 0x0C, 0x00, 0x00,
    0xFF, 0xFF, 0xFF, 0xFC, 0x00, 0xE0, 0x3F, 0xC0, 0xFF, 0x83, 0xFE, 0x07, 0x00, 0x0E, 0x00, 0x1F,
    0xE0, 0x1F, 0xF0, 0x1F, 0xE1, 0x80, 0xE7, 0x81, 0xC7, 0xC7, 0x07, 0xFE, 0x07, 0xF8, 0x00, 0x00,
    0x00, 0x00, 0x0E, 0x00, 0x1C, 0x00, 0x38, 0x00, 0xFF, 0xFF, 0xFF, 0xFC, 0x01, 0x80, 0x03, 0x00,
    0x7E, 0x03, 0xFC, 0x0F, 0xF8, 0x3C, 0x00, 0x70, 0xE0, 0xE7, 0xF1, 0xCF, 0xE3, 0x98, 0xC7, 0x31,
    0x87, 0xE7, 0x07, 0xFE, 0x07, 0xF0, 0x00, 0x00, 0x00, 0x00, 0x0E, 0x00, 0x3C, 0x00, 0x38, 0x00,
    0xFF, 0xFF, 0xFF, 0xFC, 0x01, 0xC0, 0x03, 0x80, 0x07, 0x00, 0x0E, 0x1F, 0xFC, 0x3F, 0xF8, 0x7F,
    0xF0, 0xF0, 0xE0, 0xE1, 0xC0, 0x83, 0x80, 0x07, 0x00, 0x0E, 0x07, 0x1C, 0x0E, 0x38, 0x1C, 0x00,
    0xFF, 0xFF, 0xFF, 0xFF, 0xFF, 0x30, 0x70, 0x03, 0x07, 0x00, 0x30, 0x70, 0x03, 0x07, 0x70, 0x30,
    0x7F, 0x83, 0x07, 0xFC, 0x38, 0x78, 0xC3, 0xFF, 0x0E, 0x1F, 0xF0, 0xE0, 0xFF, 0x1C, 0x00, 0x71,
    0xC0, 0x07, 0x3C, 0x1C, 0x71, 0x83, 0xC7, 0x00, 0x1C, 0x00, 0x00, 0xFF, 0xFF, 0xFF, 0xFC, 0x70,
    0xE0, 0x71, 0xC0, 0xE3, 0x83, 0xC7, 0x1F, 0x0E, 0x3C, 0x1C, 0x70, 0x38, 0xF0, 0xF0, 0xFF, 0xE0,
    0xFF, 0xC0, 0x7B, 0x80, 0x07, 0x0E, 0x0E, 0x1E, 0x1C, 0x38, 0x00, 0xFF, 0xFF, 0xFC, 0x0E, 0x01,
    0xC0, 0x38, 0x07, 0x1D, 0xC3, 0xF8, 0x7E, 0x0F, 0x00, 0xE0, 0x0E, 0x00, 0xE0, 0x7E, 0x1E, 0xE1,
    0x8C, 0x00, 0x00, 0xFF, 0xFF, 0xFF, 0xFF, 0xFF, 0x00, 0x0E, 0x00, 0x00, 0xE0, 0x0E, 0x0E, 0x01,
    0xF9, 0xF0, 0x3F, 0xFF, 0x87, 0x1F, 0x1C, 0x70, 0xE1, 0xC7, 0x0E, 0x1C, 0x70, 0xE1, 0xC7, 0x0C,
    0x1C, 0x71, 0xE1, 0xC3, 0xFF, 0xF8, 0x3F, 0xBF, 0x80, 0xE0, 0xE0, 0x00, 0x00, 0x00, 0x0E, 0x00,
    0x00, 0xE0, 0x00, 0x0E, 0x00, 0xFF, 0xFF, 0x7F, 0xFF, 0x80, 0x1C, 0x01, 0xEE, 0x03, 0xFF, 0x01,
    0xFF, 0x81, 0xC1, 0xDC, 0xE0, 0xFE, 0x70, 0x7F, 0x38, 0x38, 0x1C, 0x3C, 0x07, 0xFE, 0x03, 0xFF,
    0x00, 0x73, 0x80, 0x01, 0xC0, 0x00, 0xE0, 0xFF, 0xFF, 0xBF, 0xFF, 0xE0, 0x70, 0x00, 0x1C, 0x78,
    0x07, 0x3F, 0x09, 0xDF, 0xC7, 0xE7, 0x01, 0xF9, 0x80, 0x7C, 0x70, 0x1E, 0x1F, 0xE3, 0x83, 0xF8,
    0x70, 0x38, 0x1E, 0x00, 0x83, 0xE0, 0xF0, 0x3F, 0xFC, 0x07, 0xFC, 0xFF, 0xFF, 0x1C, 0x1C, 0x1C,
    0x1C, 0x1C, 0x7C, 0x7C, 0x7C, 0x38, 0x18, 0xFF, 0xCF, 0xFC, 0x70, 0x07, 0x00, 0x70, 0x03, 0xF0,
    0x3F, 0x03, 0xF0, 0x78, 0x07, 0x02, 0x30, 0x73, 0xFF, 0x1F, 0xC0, 0x70, 0xFF, 0xE7, 0xFF, 0x00,
    0x00, 0x00, 0x07, 0xFC, 0x3F, 0xE1, 0xFF, 0x03, 0x80, 0x1C, 0x00, 0xE0, 0x87, 0x0E, 0x1F, 0xF0,
    0xFF, 0x01, 0xE0, 0xFF, 0xFF, 0xFF, 0xFF, 0xF0, 0x00, 0x00, 0x78, 0x70, 0x3F, 0x7E, 0x1F, 0x9F,
    0xC7, 0x0E, 0x31, 0xC3, 0x8E, 0x7F, 0x73, 0x8F, 0xDE, 0xE3, 0xF1, 0xF0, 0xE0, 0x1C, 0x38, 0x0E,
    0x0F, 0x0F, 0x81, 0xFF, 0xC0, 0x3F, 0xC0, 0xFF, 0xFF, 0xFF, 0xFC, 0x00, 0x00, 0x00, 0x00, 0x1F,
    0xCC, 0x3F, 0xDC, 0x7F, 0xB8, 0x70, 0x30, 0x60, 0x70, 0xE0, 0x71, 0xC0, 0xFF, 0x80, 0xFE, 0x00,
    0x70, 0x00, 0xFF, 0xF9, 0xFF, 0xF0, 0x03, 0x00, 0xFE, 0x03, 0xFC, 0x0F, 0xF8, 0x1C, 0x00, 0x38,
    0x00, 0x7F, 0xFE, 0x7F, 0xFC, 0x7F, 0xF8, 0x03, 0x07, 0x07, 0x0F, 0x1C, 0x1F, 0xF8, 0x1F, 0xE0,
    0x0E, 0x00, 0x0E, 0x00, 0x1E, 0x00, 0x18, 0x00, 0x00, 0x00, 0xFF, 0xFD, 0xFF, 0xF8, 0x00, 0x00,
    0x00, 0x00, 0x3C, 0x00, 0xFC, 0x09, 0xFC, 0x30, 0x1F, 0x70, 0x3E, 0x70, 0xFC, 0xFF, 0xC0, 0x7F,
    0x00, 0x38, 0x00, 0xFF, 0xFF, 0xFF, 0xCC, 0x38, 0x61, 0xC3, 0x0E, 0x18, 0x70, 0xC3, 0x86, 0x1C,
    0x30, 0xE1, 0xC7, 0x0F, 0xF0, 0x3F, 0x80, 0x70, 0x00, 0xFF, 0xBF, 0xE0, 0x00, 0x00, 0x00, 0x03,
    0xF3, 0xFD, 0xFF, 0x70, 0x1C, 0x07, 0x01, 0xC0, 0x70, 0x0E, 0x01, 0xC0, 0x30, 0x00, 0x00, 0x7E,
    0x0F, 0xF0, 0xE7, 0x0E, 0x70, 0x77, 0x07, 0x70, 0x0F, 0x0F, 0xE0, 0xFC, 0x07, 0x02, 0x78, 0x73,
    0xFF, 0x1F, 0xE0, 0x78, 0x7E, 0x0F, 0xE0, 0xE7, 0x0E, 0x60, 0xEE, 0x0E, 0x00, 0x7F, 0x03, 0xF0,
    0x7E, 0x07, 0x00, 0x70, 0x63, 0xFE, 0x3F, 0xC0, 0xF0, 0xFF, 0xFF, 0xE0, 0x00, 0x00, 0x00, 0x00,
    0x07, 0xFD, 0xFF, 0x7F, 0xDE, 0x03, 0x80, 0xFF, 0x9F, 0xF0, 0xC0, 0x18, 0x03, 0x00, 0x60, 0x0C,
    0x01, 0x80, 0x38, 0x07, 0x0C, 0xFF, 0x8F, 0xE0, 0x70, 0xFF, 0xFF, 0x7F, 0xFF, 0x8C, 0x1C, 0x06,
    0x0E, 0x03, 0x07, 0x01, 0x83, 0x80, 0xC1, 0xDC, 0x60, 0xFF, 0x38, 0x7F, 0x1F, 0xF8, 0x07, 0xFC,
    0x01, 0xFE, 0x00, 0x07, 0x00, 0x03, 0x80, 0x01, 0xC0, 0x00, 0xE0, 0xFF, 0xEF, 0xFE, 0x00, 0x00,
    0x70, 0x1F, 0x83, 0xF8, 0x7E, 0x07, 0x60, 0x77, 0x07, 0x3A, 0x71, 0xE3, 0xFE, 0x3F, 0xC0, 0xF0,
    0x7C, 0x7F, 0xF3, 0xFB, 0x81, 0xCE, 0x0F, 0x70, 0x3B, 0x80, 0x5C, 0x01, 0xFF, 0x1F, 0xF8, 0xFF,
    0xC7, 0xC0, 0x1E, 0x00, 0x60, 0x00, 0xFF, 0x9F, 0xF0, 0x70, 0x0E, 0x01, 0xC0, 0x38, 0x07, 0x03,
    0xFF, 0x7F, 0xEF, 0xFD, 0xF0, 0x1C, 0x00, 0xFF, 0x8F, 0xF8, 0x1C, 0x00, 0xE0, 0x0E, 0x01, 0xE0,
    0x7C, 0x07, 0x80, 0x70, 0x07, 0x86, 0x3F, 0xF1, 0xFE, 0x07, 0x80, 0xFF, 0xFB, 0xFF, 0xE0, 0x00,
    0x00, 0x00, 0x0E, 0x18, 0xFF, 0xF7, 0xFF, 0xDC, 0x78, 0x71, 0xC1, 0xC7, 0x07, 0x18, 0x1C, 0x00,
    0x38, 0x00, 0xF0, 0x01, 0xF0, 0x01, 0x80, 0x00, 0x00, 0xFF, 0xEF, 0xFE, 0x00, 0x00, 0xF0, 0x3F,
    0x83, 0xF8, 0x70, 0x07, 0x00, 0x70, 0x07, 0x06, 0x70, 0xE3, 0xFE, 0x3F, 0xC0, 0xF0, 0x1F, 0x0F,
    0xE3, 0x9C, 0xC7, 0x39, 0xCF, 0xF0, 0xFC, 0x07, 0x03, 0x9F, 0xCF, 0xE1, 0xF8, 0x0F, 0x01, 0xC0,
    0x38, 0x0E, 0x01, 0x00, 0xFF, 0xCF, 0xFC, 0x3C, 0x03, 0xE0, 0x37, 0x03, 0x30, 0x33, 0x83, 0x1C,
    0x38, 0xE3, 0x8E, 0x3F, 0xE1, 0xFC, 0x07, 0x00, 0xFF, 0xFF, 0xFF, 0xC1, 0xC0, 0x0E, 0x00, 0x70,
    0x33, 0x81, 0xFC, 0x0F, 0xFE, 0x7F, 0xFB, 0xCF, 0xCE, 0x00, 0x38, 0x01, 0xE0, 0x07, 0x80, 0x1E,
    0x00, 0x70, 0x00, 0x00, 0xFF, 0xFF, 0xFF, 0xC0, 0x70, 0x1F, 0x83, 0xFC, 0x1F, 0xE1, 0xC0, 0x0E,
    0x00, 0x3F, 0xF8, 0xFF, 0xCF, 0xFE, 0x70, 0x07, 0x00, 0x38, 0x00, 0xE0, 0x07, 0x80, 0x1E, 0x00,
    0x7E, 0x01, 0xF0, 0x01, 0x00, 0xFF, 0xFF, 0xFF, 0xFF, 0xFC, 0x00, 0x00, 0x00, 0x00, 0x00, 0xE0,
    0xE0, 0x7F, 0x7F, 0x0F, 0xFF, 0xE3, 0x8F, 0x8E, 0x70, 0xE1, 0xCE, 0x1C, 0x39, 0xC3, 0x87, 0x38,
    0x60, 0xE7, 0x1E, 0x1C, 0x7F, 0xFF, 0x0F, 0xEF, 0xE0, 0x70, 0x70, 0x7C, 0x7F, 0xFF, 0xCF, 0xFF,
    0xB8, 0x38, 0x73, 0x87, 0x0F, 0x70, 0xE0, 0xEE, 0x1C, 0x05, 0xC3, 0xB8, 0x7F, 0xFF, 0x1F, 0xFF,
    0xE3, 0xFF, 0xC0, 0x7C, 0x38, 0x07, 0x07, 0x00, 0x00, 0xE0, 0x00, 0x1C, 0x00, 0x03, 0x80, 0x00,
    0x70, 0x3F, 0x01, 0xFE, 0x07, 0x38, 0x1C, 0x60, 0x73, 0x80, 0xFE, 0x01, 0xF0, 0xCF, 0xFF, 0x7B,
    0xFF, 0x83, 0xCE, 0x00, 0x38, 0xE0, 0xE3, 0xC1, 0xFF, 0x07, 0xF8, 0x07, 0xE0, 0x01, 0xC0, 0x07,
    0x00, 0x08, 0x00, 0xFF, 0xE7, 0xFF, 0x00, 0x00, 0x00, 0x01, 0xFF, 0x1F, 0xFC, 0xFF, 0xC1, 0xE0,
    0x03, 0x80, 0x0C, 0x00, 0x60, 0xE7, 0x07, 0xF8, 0x3F, 0x80, 0x70, 0x01, 0xC0, 0x07, 0x00, 0x10,
    0x00, 0xFF, 0xFF, 0x1C, 0x1C, 0x1C, 0x1C, 0x7C, 0x7C, 0x7C, 0x7C, 0x38, 0x00, 0x00, 0x00, 0x7F,
    0x7F, 0xFF, 0xFF, 0xFF, 0xFC, 0x00, 0x00, 0x0F, 0xF6, 0x1F, 0xEC, 0x3F, 0xDC, 0x78, 0x38, 0x70,
    0x38, 0x70, 0x38, 0xE0, 0x7F, 0xC0, 0x7F, 0x00, 0x3C, 0x00, 0x00, 0x0F, 0xFF, 0x9F, 0xFF, 0xFF,
    0xEF, 0xFE, 0x00, 0x00, 0xF8, 0x3F, 0x87, 0xF8, 0x7E, 0x07, 0x70, 0x73, 0x87, 0x3E, 0x7F, 0xE3,
    0xFC, 0x0F, 0x00, 0x00, 0x3F, 0xE3, 0xFE, 0xFF, 0xFF, 0xFF, 0xFC, 0x00, 0x00, 0x0F, 0xE6, 0x1F,
    0xEC, 0x3F, 0xDC, 0x78, 0x38, 0x70, 0x38, 0x70, 0x38, 0xE0, 0x7F, 0xC0, 0x7F, 0x00, 0x38, 0x01,
    0xCC, 0x03, 0xBC, 0x07, 0xF0, 0x03, 0x80, 0x07, 0x00, 0xFF, 0x8F, 0xF8, 0x1C, 0x00, 0xE0, 0x0F,
    0x01, 0xF8, 0x7F, 0x87, 0x9C, 0x70, 0xE7, 0x86, 0x3F, 0xF1, 0xFE, 0x07, 0x80, 0xFF, 0xFF, 0x7F,
    0xFF, 0x80, 0x1C, 0x01, 0xEE, 0x03, 0xFF, 0x01, 0xFF, 0x81, 0xC1, 0xDC, 0xE0, 0xFE, 0x70, 0x7F,
    0x38, 0x38, 0x1C, 0x3C, 0x07, 0xFE, 0x03, 0xFF, 0x00, 0x73, 0x80, 0xE1, 0xC0, 0x70, 0xE0, 0x38,
    0x00, 0x00, 0xFF, 0xFF, 0xBF, 0xFF, 0xE0, 0x70, 0x00, 0x1C, 0x78, 0x07, 0x3F, 0x09, 0xDF, 0xC7,
    0xE7, 0x01, 0xF9, 0x80, 0x7C, 0x70, 0x1E, 0x1F, 0xE3, 0x83, 0xF8, 0x70, 0x38, 0x1E, 0x00, 0x83,
    0xE0, 0xF7, 0x3F, 0xFD, 0xC7, 0xFC, 0x70, 0x00, 0x00, 0xFF, 0xFF, 0x1C, 0x1C, 0x1C, 0x1C, 0x1C,
    0x7C, 0x7C, 0x7C, 0x38, 0x18, 0x00, 0x00, 0x18, 0x3C, 0x18, 0xFF, 0xCF, 0xFC, 0x70, 0x07, 0x00,
    0x70, 0x03, 0xF0, 0x3F, 0x03, 0xF0, 0x78, 0x07, 0x02, 0x30, 0x73, 0xFF, 0x1F, 0xC0, 0x70, 0x38,
    0x03, 0xC0, 0x38, 0x00, 0xFF, 0xE7, 0xFF, 0x00, 0x00, 0x00, 0x07, 0xFC, 0x3F, 0xE1, 0xFF, 0x03,
    0x80, 0x1C, 0x00, 0xE0, 0x87, 0x0E, 0x1F, 0xF0, 0xFF, 0x01, 0xE0, 0x70, 0x03, 0xC0, 0x1C, 0x00,
    0xFF, 0xFF, 0xFF, 0xFF, 0xF0, 0x00, 0x00, 0x78, 0x70, 0x3F, 0x7E, 0x1F, 0x9F, 0xC7, 0x0E, 0x31,
    0xC3, 0x8E, 0x7F, 0x73, 0x8F, 0xDE, 0xE3, 0xF1, 0xF0, 0xE0, 0x1C, 0x38, 0x0E, 0x0F, 0x0F, 0x81,
    0xFF, 0xC0, 0x3F, 0xC0, 0x00, 0x00, 0x00, 0x00, 0x00, 0x18, 0x00, 0x0F, 0x00, 0x03, 0x80, 0x00,
    0xFF, 0xFF, 0xFF, 0xFC, 0x00, 0x00, 0x00, 0x00, 0x1F, 0xCC, 0x3F, 0xDC, 0x7F, 0xB8, 0x70, 0x30,
    0x60, 0x70, 0xE0, 0x71, 0xC0, 0xFF, 0x80, 0xFE, 0x00, 0x70, 0x00, 0x00, 0x00, 0x00, 0x03, 0x00,
    0x0F, 0x00, 0x0C, 0x00, 0xFF, 0xF9, 0xFF, 0xF0, 0x03, 0x00, 0xFE, 0x03, 0xFC, 0x0F, 0xF8, 0x1C,
    0x00, 0x38, 0x00, 0x7F, 0xFE, 0x7F, 0xFC, 0x7F, 0xF8, 0x03, 0x07, 0x07, 0x0F, 0x1C, 0x1F, 0xF8,
    0x1F, 0xE0, 0x0E, 0x00, 0xEE, 0x01, 0xDE, 0x03, 0x98, 0x00, 0x00, 0x00, 0xFF, 0xFD, 0xFF, 0xF8,
    0x00, 0x00, 0x00, 0x00, 0x3C, 0x00, 0xFC, 0x09, 0xFC, 0x30, 0x1F, 0x70, 0x3E, 0x70, 0xFC, 0xFF,
    0xC0, 0x7F, 0x00, 0x38, 0x00, 0x00, 0x00, 0x00, 0x01, 0xC0, 0x03, 0x80, 0x07, 0x00, 0xFF, 0xFF,
    0xFF, 0xCC, 0x38, 0x61, 0xC3, 0x0E, 0x18, 0x70, 0xC3, 0x86, 0x1C, 0x30, 0xE1, 0xC7, 0x0F, 0xF0,
    0x3F, 0x80, 0x70, 0x00, 0x00, 0x1C, 0x00, 0xE0, 0x07, 0x00, 0xFF, 0xBF, 0xE0, 0x00, 0x00, 0x00,
    0x03, 0xF3, 0xFD, 0xFF, 0x70, 0x1C, 0x07, 0x01, 0xC0, 0x70, 0x0E, 0x01, 0xC0, 0x30, 0x00, 0x00,
    0x01, 0xC0, 0x70, 0x1C, 0x00, 0x7E, 0x0F, 0xF0, 0xE7, 0x0E, 0x70, 0x77, 0x07, 0x70, 0x0F, 0x0F,
    0xE0, 0xFC, 0x07, 0x02, 0x78, 0x73, 0xFF, 0x1F, 0xE0, 0x78, 0x38, 0x03, 0xC0, 0x38, 0x00, 0x7E,
    0x0F, 0xE0, 0xE7, 0x0E, 0x60, 0xEE, 0x0E, 0x00, 0x7F, 0x03, 0xF0, 0x7E, 0x07, 0x00, 0x70, 0x63,
    0xFE, 0x3F, 0xC0, 0xF0, 0x38, 0x03, 0xC0, 0x38, 0x00, 0xFF, 0xFF, 0xE0, 0x00, 0x00, 0x00, 0x00,
    0x07, 0xFD, 0xFF, 0x7F, 0xDE, 0x03, 0x80, 0x00, 0x00, 0x00, 0x03, 0x80, 0xF0, 0x38, 0x00, 0xFF,
    0x9F, 0xF0, 0xC0, 0x18, 0x03, 0x00, 0x60, 0x0C, 0x01, 0x80, 0x38, 0x07, 0x0C, 0xFF, 0x8F, 0xE0,
    0x70, 0x00, 0x07, 0x01, 0xE0, 0x1C, 0x00, 0xFF, 0xFF, 0x7F, 0xFF, 0x8C, 0x1C, 0x06, 0x0E, 0x03,
    0x07, 0x01, 0x83, 0x80, 0xC1, 0xDC, 0x60, 0xFF, 0x38, 0x7F, 0x1F, 0xF8, 0x07, 0xFC, 0x01, 0xFE,
    0x00, 0x07, 0x00, 0x03, 0x80, 0x71, 0xC0, 0x78, 0xE0, 0x1C, 0x00, 0x00, 0xFF, 0xEF, 0xFE, 0x00,
    0x00, 0x70, 0x1F, 0x83, 0xF8, 0x7E, 0x07, 0x60, 0x77, 0x07, 0x3A, 0x71, 0xE3, 0xFE, 0x3F, 0xC0,
    0xF0, 0x38, 0x03, 0x80, 0x38, 0x00, 0x7C, 0x7F, 0xF3, 0xFB, 0x81, 0xCE, 0x0F, 0x70, 0x3B, 0x80,
    0x5C, 0x01, 0xFF, 0x1F, 0xF8, 0xFF, 0xC7, 0xC0, 0x1E, 0x00, 0x60, 0x00, 0x00, 0x38, 0x01, 0xE0,
    0x0E, 0x00, 0xFF, 0x9F, 0xF0, 0x70, 0x0E, 0x01, 0xC0, 0x38, 0x07, 0x03, 0xFF, 0x7F, 0xEF, 0xFD,
    0xF0, 0x1C, 0x00, 0x00, 0x00, 0x0E, 0x01, 0xE0, 0x38, 0x00, 0xFF, 0x8F, 0xF8, 0x1C, 0x00, 0xE0,
    0x0E, 0x01, 0xE0, 0x7C, 0x07, 0x80, 0x70, 0x07, 0x86, 0x3F, 0xF1, 0xFE, 0x07, 0x80, 0x00, 0x38,
    0x03, 0x80, 0x38, 0x00, 0xFF, 0xFB, 0xFF, 0xE0, 0x00, 0x00, 0x00, 0x0E, 0x18, 0xFF, 0xF7, 0xFF,
    0xDC, 0x78, 0x71, 0xC1, 0xC7, 0x07, 0x18, 0x1C, 0x00, 0x38, 0x00, 0xF0, 0x01, 0xF0, 0x01, 0x80,
    0x00, 0x00, 0x00, 0x00, 0xC0, 0x07, 0x80, 0x0C, 0x00, 0xFF, 0xEF, 0xFE, 0x00, 0x00, 0xF0, 0x3F,
    0x83, 0xF8, 0x70, 0x07, 0x00, 0x70, 0x07, 0x06, 0x70, 0xE3, 0xFE, 0x3F, 0xC0, 0xF0, 0x38, 0x03,
    0x80, 0x38, 0x00, 0x1F, 0x0F, 0xE3, 0x9C, 0xC7, 0x39, 0xCF, 0xF0, 0xFC, 0x07, 0x03, 0x9F, 0xCF,
    0xE1, 0xF8, 0x0F, 0x01, 0xC7, 0x39, 0xEE, 0x71, 0x00, 0xFF, 0xCF, 0xFC, 0x3C, 0x03, 0xE0, 0x37,
    0x03, 0x30, 0x33, 0x83, 0x1C, 0x38, 0xE3, 0x8E, 0x3F, 0xE1, 0xFC, 0x07, 0x00, 0x00, 0x1C, 0x03,
    0xC0, 0x1C, 0x00, 0xFF, 0xFF, 0xFF, 0xC1, 0xC0, 0x0E, 0x00, 0x70, 0x33, 0x81, 0xFC, 0x0F, 0xFE,
    0x7F, 0xFB, 0xCF, 0xCE, 0x00, 0x38, 0x01, 0xE0, 0x3F, 0x81, 0xDE, 0x0E, 0x70, 0x00, 0x00, 0xFF,
    0xFF, 0xFF, 0xC0, 0x70, 0x1F, 0x83, 0xFC, 0x1F, 0xE1, 0xC0, 0x0E, 0x00, 0x3F, 0xF8, 0xFF, 0xCF,
    0xFE, 0x70, 0x07, 0x00, 0x38, 0x00, 0xE0, 0x07, 0x80, 0x1E, 0x00, 0x7E, 0x01, 0xF0, 0x31, 0x03,
    0xC0, 0x0C, 0x00, 0xFF, 0xFF, 0xFF, 0xFF, 0xFC, 0x00, 0x00, 0x00, 0x00, 0x00, 0xE0, 0xE0, 0x7F,
    0x7F, 0x0F, 0xFF, 0xE3, 0x8F, 0x8E, 0x70, 0xE1, 0xCE, 0x1C, 0x39, 0xC3, 0x87, 0x38, 0x60, 0xE7,
    0x1E, 0x1C, 0x7F, 0xFF, 0x0F, 0xEF, 0xE0, 0x70, 0x70, 0x00, 0x00, 0x00, 0x1C, 0x00, 0x03, 0x80,
    0x00, 0x70, 0x00, 0x7C, 0x7F, 0xFF, 0xCF, 0xFF, 0xB8, 0x38, 0x73, 0x87, 0x0F, 0x70, 0xE0, 0xEE,
    0x1C, 0x05, 0xC3, 0xB8, 0x7F, 0xFF, 0x1F, 0xFF, 0xE3, 0xFF, 0xC0, 0x7C, 0x38, 0x07, 0x07, 0x00,
    0x00, 0xE0, 0x00, 0x1C, 0x01, 0xC3, 0x80, 0x38, 0x70, 0x07, 0x00, 0x00, 0xFF, 0xFF, 0xFF, 0xFF,
    0xFF, 0x00, 0x70, 0x00, 0xF7, 0x00, 0x3F, 0xF0, 0x03, 0xFF, 0x70, 0x70, 0x7F, 0x87, 0x07, 0xFC,
    0x70, 0x79, 0xC7, 0x07, 0x0C, 0x79, 0xF0, 0xC3, 0xFF, 0x1C, 0x1F, 0xF1, 0xC1, 0xE7, 0x38, 0x7C,
    0x71, 0x83, 0x07, 0x00, 0x00, 0x00, 0x00, 0xFF, 0xFF, 0xFF, 0xFF, 0xFF, 0xC1, 0xC0, 0x38, 0x0E,
    0x1D, 0xC0, 0x73, 0xFE, 0x13, 0xBF, 0xF1, 0xF9, 0xC3, 0x8F, 0xCC, 0x1C, 0x7C, 0x70, 0xE3, 0xC3,
    0xFF, 0x0E, 0x0F, 0xF8, 0x38, 0x3F, 0xC1, 0xE0, 0x3E, 0x07, 0xFF, 0xF0, 0x0F, 0xFF, 0x80, 0x1F,
    0x1C, 0x07, 0xE0, 0x00, 0x3C, 0x00, 0x00, 0x80, 0x00, 0xFF, 0xFF, 0xFF, 0xFC, 0x71, 0xC0, 0xE3,
    0x81, 0xC7, 0x03, 0x8E, 0x0F, 0x1C, 0x3E, 0x38, 0x7C, 0x70, 0xF8, 0xE0, 0xE1, 0xC0, 0xCF, 0x80,
    0x3F, 0x01, 0xFE, 0x07, 0xDC, 0x0E, 0x38, 0x08, 0x00, 0xFF, 0xFF, 0xFF, 0xFE, 0x70, 0x38, 0x70,
    0x38, 0x70, 0x38, 0x3F, 0x38, 0x3F, 0x38, 0x3F, 0x38, 0x70, 0x38, 0x70, 0x38, 0x38, 0x78, 0x3F,
    0xF8, 0x1F, 0xF8, 0x0F, 0xB8, 0x3E, 0x38, 0x38, 0x38, 0x30, 0x00, 0xFF, 0xFF, 0xFF, 0xFF, 0xC0,
    0x07, 0x00, 0x03, 0x87, 0xFD, 0xC3, 0xFE, 0xE1, 0xFF, 0x70, 0x38, 0x38, 0x1C, 0x1C, 0x0E, 0x0E,
    0x07, 0x0F, 0x01, 0xFF, 0x80, 0x7F, 0xC0, 0x3E, 0xE0, 0x7C, 0x70, 0x3C, 0x38, 0x08, 0x00, 0x00,
    0xFF, 0xFF, 0xEF, 0xFF, 0xFE, 0x00, 0x03, 0x80, 0x00, 0x38, 0x01, 0xFF, 0x86, 0x3F, 0xF8, 0x73,
    0xFF, 0x87, 0x1C, 0x38, 0x38, 0xE3, 0x83, 0x8E, 0x38, 0x1F, 0xE3, 0x80, 0xFC, 0xF8, 0x03, 0x9F,
    0x80, 0x07, 0xF8, 0x00, 0xFB, 0x80, 0x0E, 0x38, 0x00, 0xC0, 0x00, 0xFF, 0xFF, 0xFF, 0xFF, 0xFF,
    0xC0, 0x30, 0x38, 0x3F, 0x81, 0xC3, 0xFC, 0x0E, 0x3F, 0xE0, 0x71, 0xC0, 0x03, 0x8E, 0x00, 0x1C,
    0x7F, 0xFF, 0xE1, 0xFF, 0xFF, 0x07, 0xFF, 0xF8, 0x00, 0xC3, 0xC7, 0x07, 0x3E, 0x3C, 0x73, 0xF1,
    0xFF, 0xFB, 0x87, 0xFB, 0x9C, 0x0E, 0x08, 0x00, 0x38, 0x00, 0x01, 0xE0, 0x00, 0x06, 0x00, 0x00,
    0x00, 0x00, 0x00, 0xFF, 0xFF, 0xFF, 0xFF, 0xFF, 0x00, 0x01, 0x80, 0x38, 0x18, 0x07, 0xE1, 0x80,
    0x7F, 0x18, 0x64, 0x73, 0x87, 0x03, 0xF8, 0x70, 0x3F, 0x83, 0x87, 0xD8, 0x1F, 0xF1, 0x80, 0xFE,
    0x78, 0x03, 0x9F, 0x80, 0x03, 0xF8, 0x00, 0xF9, 0x80, 0x0F, 0x18, 0x00, 0x40, 0x00, 0xFF, 0xFF,
    0xFF, 0xFF, 0xFC, 0xC3, 0x9C, 0x18, 0x73, 0x83, 0x0E, 0x70, 0x61, 0xCE, 0x0C, 0x39, 0xC1, 0x87,
    0x38, 0x30, 0xE7, 0x07, 0x1C, 0xE0, 0xFF, 0x1C, 0x0F, 0xE7, 0x80, 0x73, 0xF0, 0x00, 0xFE, 0x00,
    0x7D, 0xC0, 0x0E, 0x38, 0x00, 0x80, 0x00, 0xFF, 0xFF, 0xFF, 0xFC, 0x01, 0xC0, 0x03, 0x83, 0xC7,
    0x1F, 0xEE, 0x1F, 0xFC, 0x01, 0xF8, 0x01, 0xF0, 0x07, 0xE0, 0x3F, 0xC1, 0xFB, 0x87, 0xC7, 0x06,
    0x0E, 0x00, 0x1C, 0x00, 0x38, 0x7E, 0xFF, 0xFF, 0xFF, 0xE7, 0x38, 0xE7, 0x38, 0x77, 0x38, 0x77,
    0x38, 0x0F, 0x38, 0xFE, 0x38, 0xFC, 0x38, 0x70, 0x38, 0x78, 0xF8, 0x3F, 0xF8, 0x1F, 0xF8, 0x0F,
    0xB8, 0x1F, 0x38, 0x3C, 0x38, 0x10, 0x00, 0xFF, 0xFF, 0xFF, 0xF0, 0x0E, 0x00, 0x38, 0x07, 0xE0,
    0x7F, 0x83, 0xFE, 0x1E, 0x00, 0x70, 0x01, 0xC1, 0x87, 0x0F, 0x0F, 0x3C, 0x3F, 0xF0, 0x3F, 0x81,
    0xFE, 0x1F, 0x9C, 0x78, 0x70, 0x80, 0x80, 0x7E, 0xFF, 0xFD, 0xFF, 0x9C, 0xE7, 0x31, 0xCE, 0xE3,
    0x9C, 0x07, 0x1F, 0xCE, 0x1F, 0x9C, 0x7E, 0x38, 0xE0, 0x71, 0xC1, 0xE1, 0xEF, 0xC3, 0xFF, 0x81,
    0xF7, 0x0F, 0x8E, 0x3E, 0x1C, 0x70, 0x00, 0x00, 0x00, 0xFF, 0xFF, 0xFF, 0xFC, 0x01, 0xC0, 0x03,
    0x80, 0x07, 0x00, 0x0E, 0x1F, 0xFC, 0x3F, 0xF8, 0x7F, 0xF0, 0xF0, 0xE0, 0xE3, 0xC0, 0x8F, 0x80,
    0x7F, 0x01, 0xEE, 0x0F, 0x9C, 0x0E, 0x38, 0x10, 0x00, 0xFF, 0xFF, 0xFF, 0xFC, 0xC0, 0xC1, 0x81,
    0x83, 0x03, 0x06, 0x06, 0x0C, 0x0C, 0x18, 0x18, 0x38, 0x70, 0x79, 0xE0, 0x7F, 0xC0, 0x7F, 0x80,
    0xF3, 0x07, 0xC6, 0x1E, 0x0C, 0x38, 0x18, 0x00, 0x00, 0xFF, 0xFF, 0xFF, 0xFF, 0xFF, 0x30, 0x70,
    0x03, 0x07, 0x00, 0x30, 0x70, 0x03, 0x07, 0x70, 0x30, 0x7F, 0x83, 0x07, 0xFC, 0x38, 0x78, 0xC3,
    0xDF, 0x0E, 0x1F, 0xF0, 0xE0, 0xFF, 0x1C, 0x0F, 0x71, 0xC3, 0xE7, 0x3C, 0x78, 0x71, 0x87, 0x07,
    0x00, 0x00, 0x00, 0x00, 0xFF, 0xFF, 0xFF, 0xFC, 0x00, 0xC0, 0x39, 0x83, 0xFB, 0x07, 0xF6, 0x1F,
    0x8C, 0x3B, 0x18, 0x77, 0x30, 0xE7, 0x61, 0xE7, 0xC1, 0xFF, 0x81, 0xFF, 0x03, 0xF6, 0x0F, 0x8C,
    0x1C, 0x18, 0x30, 0x00, 0x7C, 0x7F, 0xFF, 0x3F, 0xFB, 0x83, 0x9C, 0xE1, 0xCF, 0x70, 0xE3, 0xB8,
    0x70, 0x5C, 0x38, 0x1F, 0xFC, 0x1F, 0xFE, 0x0F, 0xFF, 0x07, 0xC3, 0x81, 0xC3, 0xC0, 0x07, 0xE0,
    0x07, 0xF0, 0x0F, 0xB8, 0x0F, 0x1C, 0x03, 0x00, 0x00, 0xFF, 0xFF, 0xFF, 0xFF, 0x1C, 0x38, 0x1C,
    0x38, 0x1C, 0x38, 0x1C, 0x38, 0x1C, 0x38, 0x7F, 0xF8, 0x7F, 0xF8, 0x7F, 0xF8, 0x7C, 0x38, 0x38,
    0x78, 0x01, 0xF8, 0x03, 0xF8, 0x0F, 0xB8, 0x0E, 0x38, 0x04, 0x00, 0xFF, 0xFF, 0xFF, 0xFC, 0x70,
    0xE0, 0x71, 0xC0, 0xE3, 0x83, 0xC7, 0x1F, 0x0E, 0x3C, 0x1C, 0x70, 0x38, 0xF0, 0xF0, 0xFF, 0xE0,
    0xFF, 0xC0, 0xFB, 0x83, 0xE7, 0x1F, 0x0E, 0x3C, 0x1C, 0x20, 0x00, 0xFF, 0xFF, 0xFF, 0xFF, 0xF0,
    0x00, 0x60, 0x00, 0x18, 0x0E, 0x1E, 0x0F, 0xFF, 0x87, 0xFF, 0xE1, 0xC7, 0x98, 0x71, 0xC6, 0x1C,
    0x71, 0x87, 0x19, 0xE1, 0xC0, 0xF8, 0x38, 0x7E, 0x0F, 0x3D, 0x81, 0xF6, 0x60, 0x18, 0x18, 0x00,
    0x00, 0x00, 0xFF, 0xFF, 0xFF, 0xFC, 0x01, 0xC0, 0x7B, 0x83, 0xFF, 0x07, 0xFE, 0x1C, 0x1C, 0x38,
    0x38, 0x70, 0x70, 0xE0, 0xE1, 0xF7, 0xC1, 0xFF, 0x81, 0xFF, 0x03, 0xEE, 0x0F, 0x1C, 0x1C, 0x38,
    0x20, 0x00, 0x0F, 0xDF, 0xC3, 0xFB, 0xF8, 0xF3, 0x9C, 0x1C, 0x73, 0x83, 0x8E, 0x70, 0x3B, 0x8E,
    0x03, 0xF1, 0xC0, 0xFF, 0xF8, 0x7F, 0xFF, 0x0F, 0x0F, 0xE1, 0x81, 0xFC, 0x00, 0xFB, 0x80, 0x3E,
    0x70, 0x1F, 0x0E, 0x01, 0xC1, 0xC0, 0x20, 0x38, 0xFF, 0xFF, 0xFF, 0xFC, 0xF0, 0xE1, 0xF1, 0xC3,
    0x73, 0x86, 0x67, 0x0C, 0xEE, 0x18, 0xFC, 0x38, 0xF8, 0x71, 0xF0, 0x7F, 0xE0, 0x7F, 0xC0, 0xFB,
    0x87, 0xC7, 0x1F, 0x0E, 0x38, 0x1C, 0x00, 0x00, 0xFF, 0xFF, 0xFF, 0xFF, 0xF0, 0x70, 0xE0, 0x1C,
    0x38, 0x07, 0x0E, 0x01, 0xC3, 0x87, 0xFF, 0xE1, 0xFF, 0xF8, 0x7D, 0xFE, 0x1E, 0x07, 0x83, 0x87,
    0xE0, 0x73, 0xF8, 0x1E, 0xEE, 0x03, 0xC3, 0x80, 0x78, 0xE0, 0x0E, 0x38, 0x00, 0x00, 0x00, 0xFF,
    0xFF, 0xFF, 0xF0, 0x06, 0x03, 0xF8, 0x3F, 0xE0, 0xFF, 0x87, 0x00, 0x1C, 0x00, 0x3F, 0x80, 0x7F,
    0x83, 0xFF, 0x0E, 0x3E, 0x73, 0xF9, 0xCE, 0xE3, 0x37, 0x0E, 0x1C, 0x1E, 0x00, 0x3C, 0x00, 0x78,
    0x00, 0xC0, 0x7C, 0x7F, 0xFF, 0xFC, 0xFF, 0xFF, 0xB8, 0x38, 0x07, 0x38, 0x70, 0x0F, 0x70, 0xE0,
    0x0E, 0xE1, 0xDC, 0x05, 0xC3, 0xFC, 0x07, 0xFF, 0xFC, 0x1F, 0xFF, 0x38, 0x3F, 0xFC, 0x30, 0x7C,
    0x38, 0x60, 0x70, 0xF1, 0xC0, 0x07, 0xE3, 0x80, 0x1F, 0xCE, 0x00, 0xFB, 0x9C, 0x03, 0xC7, 0x00,
    0x03, 0x00, 0x00, 0xFF, 0xFF, 0xFF, 0xFC, 0x71, 0xC0, 0xE3, 0x81, 0xC7, 0x03, 0x8E, 0x1F, 0x1C,
    0x3E, 0x38, 0x7C, 0x70, 0x73, 0xE0, 0x6F, 0xC0, 0x3F, 0x80, 0xF7, 0x01, 0xCE, 0x00, 0x1C, 0x1F,
    0xF8, 0x3F, 0xF0, 0x7F, 0xE0, 0xFF, 0xFF, 0xEF, 0xFF, 0xFE, 0x00, 0x03, 0x80, 0x00, 0x38, 0x23,
    0xFF, 0x86, 0x3F, 0xF8, 0x71, 0xFF, 0x87, 0x0E, 0x38, 0x38, 0xE3, 0x83, 0x8E, 0x38, 0x1F, 0xEF,
    0x80, 0xFD, 0xF8, 0x03, 0xFF, 0x80, 0x0F, 0xB8, 0x00, 0xE3, 0x83, 0xFF, 0xF8, 0x3F, 0xFF, 0x83,
    0xFF, 0xF8, 0xFF, 0xFF, 0xFF, 0xFC, 0x00, 0xC0, 0x7D, 0x83, 0xFB, 0x0F, 0xF6, 0x1F, 0x8C, 0x3B,
    0x98, 0x73, 0xB0, 0xE7, 0xE1, 0xFF, 0xC1, 0xFF, 0x80, 0xFB, 0x03, 0xC6, 0x0F, 0x0C, 0x08, 0x18,
    0x3F, 0xF0, 0x7F, 0xE0, 0xFF, 0xC0, 0x3F, 0x3F, 0xDF, 0xEF, 0xF7, 0x38, 0x71, 0x8E, 0x1C, 0x73,
    0x87, 0x0F, 0xC1, 0xC3, 0xFF, 0xF0, 0xFF, 0xFC, 0x7B, 0xFF, 0x38, 0x01, 0xCE, 0x00, 0x73, 0x9E,
    0x3C, 0xE7, 0x9F, 0x3F, 0xEF, 0xC7, 0xFF, 0x70, 0x7E, 0x9C, 0x03, 0x80, 0x00, 0x70, 0x00, 0x10,
    0x00, 0xFF, 0xFF, 0xFF, 0xFF, 0xFC, 0x00, 0x1C, 0x00, 0x03, 0x81, 0xFF, 0xF0, 0x7F, 0xFE, 0x0F,
    0xFF, 0xC0, 0x78, 0x38, 0x03, 0x87, 0x00, 0x30, 0xE0, 0x06, 0x3C, 0x39, 0xCF, 0x87, 0xFB, 0xF0,
    0xFE, 0xFE, 0x07, 0x1D, 0xC0, 0x70, 0x38, 0x07, 0x00, 0x00, 0x40, 0x00, 0xFF, 0xFF, 0xFF, 0xFF,
    0xFC, 0x00, 0x0C, 0x00, 0xFF, 0x86, 0x3F, 0xF0, 0xC7, 0xFE, 0x1C, 0x70, 0xC3, 0x87, 0x18, 0x38,
    0x63, 0x07, 0x9C, 0x60, 0x7F, 0x9C, 0x07, 0xE7, 0x80, 0x38, 0xF0, 0x33, 0xBE, 0x0F, 0x7E, 0xC0,
    0xFF, 0xD8, 0x07, 0x00, 0x00, 0xC0, 0x00, 0xFF, 0xFF, 0xFF, 0xFC, 0x70, 0xE0, 0x71, 0xC0, 0xF3,
    0x83, 0xF7, 0x1F, 0xEE, 0x3C, 0xFC, 0x70, 0xF8, 0xF0, 0xF0, 0xFF, 0xE0, 0xFF, 0xC0, 0xFB, 0x83,
    0xE7, 0x1F, 0x0E, 0x3C, 0x1C, 0x20, 0x00, 0xFF, 0xFF, 0xFF, 0xFF, 0xFF, 0x00, 0x70, 0x00, 0x07,
    0x00, 0x3C, 0x70, 0x07, 0xF7, 0x70, 0x7F, 0xFF, 0x80, 0x3F, 0xFC, 0x01, 0xF9, 0xC0, 0x3F, 0x0C,
    0x0F, 0xF0, 0xC1, 0xF7, 0x1C, 0x7C, 0x71, 0xC3, 0x87, 0x38, 0x00, 0x71, 0x80, 0x07, 0x00, 0xFF,
    0xFF, 0xFF, 0xFF, 0xFF, 0x00, 0x70, 0x00, 0xF7, 0x00, 0x3F, 0xF0, 0x03, 0xFF, 0x70, 0x70, 0x7F,
    0x87, 0x07, 0xFC, 0x70, 0x79, 0xC7, 0x07, 0x0C, 0x79, 0xF0, 0xC3, 0xFF, 0x1C, 0x1F, 0xF1, 0xC1,
    0xE7, 0x38, 0x7C, 0x71, 0x83, 0x07, 0x00, 0x00, 0x00, 0x00, 0x60, 0x00, 0x0F, 0x00, 0x00, 0x70,
    0x00, 0x7F, 0xFF, 0xFD, 0xFF, 0xFF, 0xF0, 0x38, 0x07, 0x00, 0xE3, 0xDC, 0x03, 0x9F, 0xF0, 0x4E,
    0xFF, 0xC3, 0xF3, 0x87, 0x0F, 0xCC, 0x1C, 0x3E, 0x38, 0x70, 0xF0, 0xFF, 0xC1, 0xC1, 0xFF, 0x03,
    0x83, 0xFC, 0x0F, 0x01, 0xF0, 0x1F, 0xFF, 0xC3, 0x9F, 0xF7, 0x0E, 0x1F, 0x1C, 0x3B, 0xF0, 0x00,
    0x0F, 0x00, 0x00, 0x10, 0x00, 0x00, 0xFF, 0xFF, 0xFF, 0xFC, 0x71, 0xC0, 0xE3, 0x81, 0xC7, 0x03,
    0x8E, 0x0F, 0x1C, 0x3E, 0x38, 0x7C, 0x70, 0xF8, 0xE0, 0xE1, 0xC0, 0xCF, 0x80, 0x3F, 0x01, 0xFE,
    0x07, 0xDC, 0x0E, 0x38, 0x08, 0x00, 0x00, 0x00, 0x30, 0x00, 0xF0, 0x00, 0xE0, 0x00, 0xFF, 0xFF,
    0xFF, 0xFE, 0x70, 0x38, 0x70, 0x38, 0x70, 0x38, 0x3F, 0x38, 0x3F, 0x38, 0x3F, 0x38, 0x70, 0x38,
    0x70, 0x38, 0x38, 0x78, 0x3F, 0xF8, 0x1F, 0xF8, 0x0F, 0xB8, 0x3E, 0x38, 0x38, 0x38, 0x30, 0x00,
    0x03, 0x80, 0x07, 0x80, 0x03, 0x80, 0xFF, 0xFF, 0xFF, 0xFF, 0xC0, 0x07, 0x00, 0x03, 0x87, 0xFD,
    0xC3, 0xFE, 0xE1, 0xFF, 0x70, 0x38, 0x38, 0x1C, 0x1C, 0x0E, 0x0E, 0x07, 0x0F, 0x01, 0xFF, 0x80,
    0x7F, 0xC0, 0x3E, 0xE0, 0x7C, 0x70, 0x3C, 0x38, 0x08, 0x00, 0x00, 0xE0, 0x00, 0x70, 0x00, 0x38,
    0x00, 0xFF, 0xFF, 0xEF, 0xFF, 0xFE, 0x00, 0x03, 0x80, 0x00, 0x38, 0x01, 0xFF, 0x86, 0x3F, 0xF8,
    0x73, 0xFF, 0x87, 0x1C, 0x38, 0x38, 0xE3, 0x83, 0x8E, 0x38, 0x1F, 0xE3, 0x80, 0xFC, 0xF8, 0x03,
    0x9F, 0x80, 0x07, 0xF8, 0x1C, 0xFB, 0x81, 0xCE, 0x38, 0x1C, 0xC0, 0x00, 0xFF, 0xFF, 0xFF, 0xFF,
    0xFF, 0xC0, 0x30, 0x38, 0x3F, 0x81, 0xC3, 0xFC, 0x0E, 0x3F, 0xE0, 0x71, 0xC0, 0x03, 0x8E, 0x00,
    0x1C, 0x7F, 0xFF, 0xE1, 0xFF, 0xFF, 0x07, 0xFF, 0xF8, 0x00, 0xC3, 0xC7, 0x07, 0x3E, 0x3C, 0x73,
    0xF1, 0xFF, 0xFB, 0x87, 0xFB, 0x9C, 0x0E, 0x08, 0x03, 0xB8, 0x00, 0x1D, 0xE0, 0x00, 0xE6, 0x00,
    0x00, 0x00, 0x00, 0x00, 0xFF, 0xFF, 0xFF, 0xFF, 0xFF, 0x00, 0x01, 0x80, 0x38, 0x18, 0x07, 0xE1,
    0x80, 0x7F, 0x18, 0x64, 0x73, 0x87, 0x03, 0xF8, 0x70, 0x3F, 0x83, 0x87, 0xD8, 0x1F, 0xF1, 0x80,
    0xFE, 0x78, 0x03, 0x9F, 0x80, 0x03, 0xF8, 0x1C, 0xF9, 0x81, 0xEF, 0x18, 0x1C, 0x40, 0x00, 0xFF,
    0xFF, 0xFF, 0xFF, 0xFC, 0xC3, 0x9C, 0x18, 0x73, 0x83, 0x0E, 0x70, 0x61, 0xCE, 0x0C, 0x39, 0xC1,
    0x87, 0x38, 0x30, 0xE7, 0x07, 0x1C, 0xE0, 0xFF, 0x1C, 0x0F, 0xE7, 0x80, 0x73, 0xF0, 0x00, 0xFE,
    0x0E, 0x7D, 0xC1, 0xCE, 0x38, 0x38, 0x80, 0x00, 0xFF, 0xFF, 0xFF, 0xFC, 0x01, 0xC0, 0x03, 0x83,
    0xC7, 0x1F, 0xEE, 0x1F, 0xFC, 0x01, 0xF8, 0x01, 0xF0, 0x07, 0xE0, 0x3F, 0xC1, 0xFB, 0x87, 0xC7,
    0x06, 0x0E, 0x00, 0x1C, 0x00, 0x38, 0x06, 0x00, 0x1E, 0x00, 0x18, 0x00, 0x7E, 0xFF, 0xFF, 0xFF,
    0xE7, 0x38, 0xE7, 0x38, 0x77, 0x38, 0x77, 0x38, 0x0F, 0x38, 0xFE, 0x38, 0xFC, 0x38, 0x70, 0x38,
    0x78, 0xF8, 0x3F, 0xF8, 0x1F, 0xF8, 0x0F, 0xB8, 0x1F, 0x38, 0x3C, 0x38, 0x10, 0x00, 0x03, 0x80,
    0x03, 0x80, 0x03, 0x80, 0xFF, 0xFF, 0xFF, 0xF0, 0x0E, 0x00, 0x38, 0x07, 0xE0, 0x7F, 0x83, 0xFE,
    0x1E, 0x00, 0x70, 0x01, 0xC1, 0x87, 0x0F, 0x0F, 0x3C, 0x3F, 0xF0, 0x3F, 0x81, 0xFE, 0x1F, 0x9C,
    0x78, 0x70, 0x80, 0x80, 0x70, 0x01, 0xC0, 0x07, 0x00, 0x7E, 0xFF, 0xFD, 0xFF, 0x9C, 0xE7, 0x31,
    0xCE, 0xE3, 0x9C, 0x07, 0x1F, 0xCE, 0x1F, 0x9C, 0x7E, 0x38, 0xE0, 0x71, 0xC1, 0xE1, 0xEF, 0xC3,
    0xFF, 0x81, 0xF7, 0x0F, 0x8E, 0x3E, 0x1C, 0x70, 0x00, 0x06, 0x00, 0x1E, 0x00, 0x18, 0x00, 0xFF,
    0xFF, 0xFF, 0xFC, 0x01, 0xC0, 0x03, 0x80, 0x07, 0x00, 0x0E, 0x1F, 0xFC, 0x3F, 0xF8, 0x7F, 0xF0,
    0xF0, 0xE0, 0xE3, 0xC0, 0x8F, 0x80, 0x7F, 0x01, 0xEE, 0x0F, 0x9C, 0x0E, 0x38, 0x10, 0x00, 0x00,
    0x00, 0x0E, 0x00, 0x1C, 0x00, 0x38, 0x00, 0xFF, 0xFF, 0xFF, 0xFC, 0xC0, 0xC1, 0x81, 0x83, 0x03,
    0x06, 0x06, 0x0C, 0x0C, 0x18, 0x18, 0x38, 0x70, 0x79, 0xE0, 0x7F, 0xC0, 0x7F, 0x80, 0xF3, 0x07,
    0xC6, 0x1E, 0x0C, 0x38, 0x18, 0x00, 0x00, 0x0E, 0x00, 0x1E, 0x00, 0x38, 0x00, 0xFF, 0xFF, 0xFF,
    0xFF, 0xFF, 0x30, 0x70, 0x03, 0x07, 0x00, 0x30, 0x70, 0x03, 0x07, 0x70, 0x30, 0x7F, 0x83, 0x07,
    0xFC, 0x38, 0x78, 0xC3, 0xDF, 0x0E, 0x1F, 0xF0, 0xE0, 0xFF, 0x1C, 0x0F, 0x71, 0xC3, 0xE7, 0x3C,
    0x78, 0x71, 0x87, 0x07, 0x00, 0x00, 0x00, 0x00, 0x70, 0x00, 0x07, 0x00, 0x00, 0x70, 0x00, 0xFF,
    0xFF, 0xFF, 0xFC, 0x00, 0xC0, 0x39, 0x83, 0xFB, 0x07, 0xF6, 0x1F, 0x8C, 0x3B, 0x18, 0x77, 0x30,
    0xE7, 0x61, 0xE7, 0xC1, 0xFF, 0x81, 0xFF, 0x03, 0xF6, 0x0F, 0x8C, 0x1C, 0x18, 0x30, 0x00, 0x07,
    0x00, 0x0E, 0x00, 0x1C, 0x00, 0x7C, 0x7F, 0xFF, 0x3F, 0xFB, 0x83, 0x9C, 0xE1, 0xCF, 0x70, 0xE3,
    0xB8, 0x70, 0x5C, 0x38, 0x1F, 0xFC, 0x1F, 0xFE, 0x0F, 0xFF, 0x07, 0xC3, 0x81, 0xC3, 0xC0, 0x07,
    0xE0, 0x07, 0xF0, 0x0F, 0xB8, 0x0F, 0x1C, 0x03, 0x00, 0x00, 0x00, 0x00, 0x18, 0x00, 0x1E, 0x00,
    0x06, 0x00, 0xFF, 0xFF, 0xFF, 0xFF, 0x1C, 0x38, 0x1C, 0x38, 0x1C, 0x38, 0x1C, 0x38, 0x1C, 0x38,
    0x7F, 0xF8, 0x7F, 0xF8, 0x7F, 0xF8, 0x7C, 0x38, 0x38, 0x78, 0x01, 0xF8, 0x03, 0xF8, 0x0F, 0xB8,
    0x0E, 0x38, 0x04, 0x00, 0x00, 0x00, 0x01, 0xC0, 0x01, 0xC0, 0x01, 0xC0, 0xFF, 0xFF, 0xFF, 0xFC,
    0x70, 0xE0, 0x71, 0xC0, 0xE3, 0x83, 0xC7, 0x1F, 0x0E, 0x3C, 0x1C, 0x70, 0x38, 0xF0, 0xF0, 0xFF,
    0xE0, 0xFF, 0xC0, 0xFB, 0x83, 0xE7, 0x1F, 0x0E, 0x3C, 0x1C, 0x20, 0x00, 0x0E, 0x00, 0x1C, 0x00,
    0x38, 0x00, 0xFF, 0xFF, 0xFF, 0xFF, 0xF0, 0x00, 0x60, 0x00, 0x18, 0x0E, 0x1E, 0x0F, 0xFF, 0x87,
    0xFF, 0xE1, 0xC7, 0x98, 0x71, 0xC6, 0x1C, 0x71, 0x87, 0x19, 0xE1, 0xC0, 0xF8, 0x38, 0x7E, 0x0F,
    0x3D, 0x81, 0xF6, 0x60, 0x18, 0x18, 0x00, 0x00, 0x06, 0x00, 0x03, 0xC0, 0x00, 0x70, 0x00, 0xFF,
    0xFF, 0xFF, 0xFC, 0x01, 0xC0, 0x7B, 0x83, 0xFF, 0x07, 0xFE, 0x1C, 0x1C, 0x38, 0x38, 0x70, 0x70,
    0xE0, 0xE1, 0xF7, 0xC1, 0xFF, 0x81, 0xFF, 0x03, 0xEE, 0x0F, 0x1C, 0x1C, 0x38, 0x20, 0x00, 0x0E,
    0x00, 0x1E, 0x00, 0x38, 0x00, 0x0F, 0xDF, 0xC3, 0xFB, 0xF8, 0xF3, 0x9C, 0x1C, 0x73, 0x83, 0x8E,
    0x70, 0x3B, 0x8E, 0x03, 0xF1, 0xC0, 0xFF, 0xF8, 0x7F, 0xFF, 0x0F, 0x0F, 0xE1, 0x81, 0xFC, 0x00,
    0xFB, 0x80, 0x3E, 0x70, 0x1F, 0x0E, 0x01, 0xC1, 0xC0, 0x20, 0x38, 0x00, 0x00, 0x00, 0x0C, 0x00,
    0x03, 0xC0, 0x00, 0x30, 0x00, 0xFF, 0xFF, 0xFF, 0xFC, 0xF0, 0xE1, 0xF1, 0xC3, 0x73, 0x86, 0x67,
    0x0C, 0xEE, 0x18, 0xFC, 0x38, 0xF8, 0x71, 0xF0, 0x7F, 0xE0, 0x7F, 0xC0, 0xFB, 0x87, 0xC7, 0x1F,
    0x0E, 0x38, 0x1C, 0x00, 0x00, 0x0E, 0x00, 0x1C, 0x00, 0x38, 0x00, 0xFF, 0xFF, 0xFF, 0xFF, 0xF0,
    0x70, 0xE0, 0x1C, 0x38, 0x07, 0x0E, 0x01, 0xC3, 0x87, 0xFF, 0xE1, 0xFF, 0xF8, 0x7D, 0xFE, 0x1E,
    0x07, 0x83, 0x87, 0xE0, 0x73, 0xF8, 0x1E, 0xEE, 0x03, 0xC3, 0x87, 0x78, 0xE1, 0xCE, 0x38, 0x70,
    0x00, 0x00, 0xFF, 0xFF, 0xFF, 0xF0, 0x06, 0x03, 0xF8, 0x3F, 0xE0, 0xFF, 0x87, 0x00, 0x1C, 0x00,
    0x3F, 0x80, 0x7F, 0x83, 0xFF, 0x0E, 0x3E, 0x73, 0xF9, 0xCE, 0xE3, 0x37, 0x0E, 0x1C, 0x1E, 0x00,
    0x3C, 0x03, 0xF8, 0x1E, 0xC0, 0x38, 0x00, 0x7C, 0x7F, 0xFF, 0xFC, 0xFF, 0xFF, 0xB8, 0x38, 0x07,
    0x38, 0x70, 0x0F, 0x70, 0xE0, 0x0E, 0xE1, 0xDC, 0x05, 0xC3, 0xFC, 0x07, 0xFF, 0xFC, 0x1F, 0xFF,
    0x38, 0x3F, 0xFC, 0x30, 0x7C, 0x38, 0x60, 0x70, 0xF1, 0xC0, 0x07, 0xE3, 0x80, 0x1F, 0xCE, 0x00,
    0xFB, 0x9C, 0x03, 0xC7, 0x00, 0x03, 0x00, 0x00, 0x00, 0x00, 0x00, 0x03, 0x80, 0x00, 0x07, 0x80,
    0x00, 0x0E, 0x00, 0x00, 0xFF, 0xFF, 0x7F, 0xFF, 0x80, 0x1C, 0x01, 0xEE, 0x03, 0xFF, 0x01, 0xFF,
    0x81, 0xC1, 0xDC, 0xE0, 0xFE, 0x70, 0x7F, 0x38, 0x38, 0x1E, 0x7C, 0x07, 0xFE, 0x01, 0xFF, 0x00,
    0xF3, 0x81, 0xF1, 0xC0, 0x60, 0xE0, 0x00, 0x00, 0x00, 0xFF, 0xFF, 0xFF, 0xFF, 0xC1, 0xC0, 0x00,
    0xE3, 0xC0, 0x73, 0xF1, 0x3B, 0xF9, 0xF9, 0xC0, 0xFC, 0xC0, 0x7C, 0x70, 0x3C, 0x3F, 0xCE, 0x0F,
    0xE3, 0x81, 0xC1, 0xE0, 0x38, 0x7E, 0x7C, 0x0F, 0xFC, 0x01, 0xF8, 0x01, 0xF0, 0x01, 0xE0, 0x00,
    0xE0, 0x00, 0x00, 0x00, 0xFF, 0x9F, 0xF0, 0x70, 0x0E, 0x01, 0xC0, 0x38, 0x07, 0x03, 0xE0, 0x7C,
    0x0F, 0x80, 0xE0, 0x0C, 0x70, 0x3E, 0x0F, 0x87, 0xC0, 0xF0, 0x08, 0x00, 0xFF, 0xCF, 0xFC, 0x70,
    0x07, 0x00, 0x70, 0x03, 0xF0, 0x3F, 0x03, 0xF0, 0x70, 0x07, 0x02, 0x38, 0x73, 0xFF, 0x1F, 0xC0,
    0xF8, 0x1E, 0x03, 0xC0, 0x10, 0x00, 0xFF, 0xE7, 0xFF, 0x00, 0x00, 0x00, 0x07, 0xFC, 0x3F, 0xE1,
    0xFF, 0x03, 0x80, 0x1C, 0x00, 0xE0, 0x87, 0x0E, 0x1F, 0xF0, 0x7E, 0x03, 0xE0, 0x7C, 0x03, 0xC0,
    0x08, 0x00, 0xFF, 0xFF, 0xFF, 0xFF, 0xF0, 0x00, 0x00, 0x78, 0x70, 0x3F, 0x7E, 0x1F, 0x9F, 0xC7,
    0x0E, 0x31, 0xC3, 0x8E, 0x7F, 0x73, 0x8F, 0xDE, 0xE3, 0xF1, 0xF0, 0xE0, 0x1C, 0x38, 0x0E, 0x0F,
    0x0F, 0x81, 0xFF, 0xC0, 0x3F, 0xC0, 0x00, 0xE0, 0x00, 0x7C, 0x00, 0x3F, 0xC0, 0x1E, 0x78, 0x0E,
    0x0E, 0x01, 0x01, 0x00, 0xFF, 0xFF, 0x7F, 0xFF, 0x80, 0x00, 0x00, 0x00, 0x00, 0x1F, 0xE3, 0x0F,
    0xF9, 0xC7, 0xF8, 0xE1, 0xC0, 0x38, 0x70, 0x1E, 0x38, 0x07, 0xFC, 0x01, 0xFC, 0xE0, 0x38, 0xF0,
    0x01, 0xF0, 0x03, 0xE0, 0x01, 0xE0, 0x00, 0x40, 0x00, 0xFF, 0xFF, 0xBF, 0xFF, 0xE0, 0x0C, 0x00,
    0x7F, 0x00, 0x3F, 0xC0, 0x1F, 0xF0, 0x07, 0x00, 0x01, 0xC0, 0x00, 0x7F, 0xFF, 0x0F, 0xFF, 0xE1,
    0xFF, 0xF0, 0x01, 0x86, 0x70, 0x73, 0x9E, 0x39, 0xC7, 0xFF, 0xE0, 0xFF, 0x70, 0x0E, 0x08, 0x01,
    0xC0, 0x00, 0x78, 0x00, 0x0C, 0x00, 0x00, 0x00, 0x00, 0xFF, 0xFF, 0x7F, 0xFF, 0x80, 0x00, 0x00,
    0x70, 0x00, 0x7E, 0x00, 0x3F, 0x81, 0x91, 0xC8, 0xE0, 0x7C, 0x70, 0x3E, 0x1C, 0x3E, 0x07, 0xFC,
    0x01, 0xFC, 0xE0, 0x39, 0xF0, 0x01, 0xF0, 0x03, 0xE0, 0x01, 0xE0, 0x00, 0x40, 0x00, 0xFF, 0xF9,
    0xFF, 0xF0, 0xC3, 0x81, 0x87, 0x03, 0x0E, 0x06, 0x1C, 0x0C, 0x38, 0x18, 0x70, 0x30, 0xE0, 0x71,
    0xC0, 0xFF, 0x00, 0xFE, 0x70, 0x73, 0xE0, 0x0F, 0x80, 0x7C, 0x00, 0xF0, 0x00, 0x80, 0xFF, 0xDF,
    0xF8, 0x00, 0x00, 0x03, 0xC1, 0xFE, 0x1F, 0xE0, 0x1E, 0x01, 0xC0, 0x78, 0x3F, 0x1F, 0x87, 0xC0,
    0x60, 0x00, 0x00, 0x7E, 0x0F, 0xF0, 0xE7, 0x0E, 0x70, 0x77, 0x07, 0x70, 0x0F, 0x0F, 0xE0, 0xFC,
    0x07, 0x02, 0x78, 0x73, 0xFF, 0x1F, 0xC0, 0xF8, 0x3E, 0x03, 0xC0, 0x30, 0x00, 0x7E, 0x0F, 0xE0,
    0xE7, 0x0E, 0x60, 0xEE, 0x0E, 0x00, 0x7F, 0x03, 0xF0, 0x7E, 0x07, 0x00, 0x70, 0x63, 0x9E, 0x3F,
    0xE0, 0xF8, 0x1F, 0x03, 0xC0, 0x38, 0x00, 0x00, 0xFF, 0xDF, 0xF8, 0x00, 0x00, 0x00, 0x00, 0x00,
    0x1F, 0xF3, 0xFE, 0x7F, 0xCF, 0x00, 0xE0, 0x00, 0x70, 0x3E, 0x1F, 0x07, 0xC0, 0xE0, 0x08, 0x00,
    0xFF, 0x9F, 0xF0, 0xC0, 0x18, 0x03, 0x00, 0x60, 0x0C, 0x01, 0x80, 0x38, 0x07, 0x0C, 0x7F, 0x87,
    0xE0, 0xF0, 0x7C, 0x1E, 0x03, 0x80, 0x00, 0x00, 0xFF, 0xFF, 0x7F, 0xFF, 0x8C, 0x1C, 0x06, 0x0E,
    0x03, 0x07, 0x01, 0x83, 0x80, 0xC1, 0xDC, 0x60, 0xFF, 0x38, 0x7F, 0x1C, 0x78, 0x07, 0xFC, 0x01,
    0xFE, 0x00, 0xF7, 0x01, 0xF3, 0x81, 0xE1, 0xC0, 0xE0, 0xE0, 0x00, 0x00, 0x00, 0xFF, 0xEF, 0xFE,
    0x00, 0x00, 0x70, 0x3F, 0x83, 0xF8, 0x7E, 0x07, 0x60, 0x77, 0x07, 0x3A, 0x71, 0xE3, 0xFE, 0x1F,
    0xC0, 0xF0, 0x3E, 0x03, 0x80, 0x30, 0x00, 0x7C, 0x7B, 0xF9, 0xEE, 0xE0, 0x39, 0xC0, 0xF7, 0x01,
    0xDC, 0x01, 0x70, 0x03, 0xFE, 0x1F, 0xF8, 0x7F, 0xE1, 0xF0, 0x03, 0xC6, 0x06, 0x7C, 0x03, 0xC0,
    0x3E, 0x01, 0xE0, 0x03, 0x00, 0xFF, 0xEF, 0xFE, 0x1C, 0x01, 0xC0, 0x1C, 0x01, 0xC0, 0x1C, 0x07,
    0xFE, 0x7F, 0xE7, 0xFE, 0x7C, 0x03, 0x87, 0x01, 0xF0, 0x3C, 0x0F, 0x80, 0xE0, 0x04, 0x00, 0xFF,
    0x8F, 0xF8, 0x1C, 0x00, 0xE0, 0x0E, 0x01, 0xE0, 0x7C, 0x07, 0x80, 0x70, 0x07, 0x06, 0x3C, 0xF1,
    0xFE, 0x0F, 0x81, 0xF0, 0x7C, 0x07, 0x80, 0x20, 0x00, 0xFF, 0xF9, 0xFF, 0xF0, 0x00, 0x00, 0x00,
    0x00, 0xE1, 0x87, 0xFF, 0x9F, 0xFF, 0x38, 0xF0, 0x71, 0xC0, 0xE3, 0x81, 0xC6, 0x73, 0x81, 0xE3,
    0x87, 0x87, 0x9E, 0x07, 0xD8, 0x03, 0x00, 0x00, 0x00, 0xFF, 0xEF, 0xFE, 0x00, 0x00, 0xF0, 0x3F,
    0x83, 0xF8, 0x70, 0x07, 0x00, 0x70, 0x07, 0x06, 0x79, 0xE3, 0xFE, 0x1F, 0xC1, 0xF0, 0x7C, 0x07,
    0x80, 0x20, 0x00, 0x0F, 0xDC, 0x7F, 0x73, 0xCE, 0x0E, 0x38, 0x38, 0xE0, 0x77, 0x00, 0xFC, 0x07,
    0xFC, 0x7F, 0xFD, 0xE1, 0xF6, 0x07, 0xC0, 0x7C, 0x03, 0xE0, 0x3E, 0x00, 0x60, 0x01, 0x00, 0xFF,
    0xCF, 0xFC, 0x3C, 0x03, 0xE0, 0x37, 0x03, 0x30, 0x33, 0x83, 0x1C, 0x38, 0xE3, 0xCE, 0x1F, 0xE1,
    0xFC, 0x0F, 0x83, 0xE0, 0x7C, 0x07, 0x00, 0x00, 0x00, 0xFF, 0xFF, 0xFF, 0xFC, 0x1C, 0x00, 0x38,
    0x00, 0x70, 0x00, 0xE0, 0x1F, 0xFF, 0x3F, 0xFE, 0x7D, 0xFC, 0xF0, 0x3C, 0xE0, 0xF0, 0xE3, 0xC1,
    0xE7, 0x01, 0xE0, 0x01, 0xE0, 0x01, 0xC0, 0x00, 0x00, 0xFF, 0xFF, 0xFF, 0xFF, 0xFC, 0x00, 0x00,
    0x00, 0x00, 0x00, 0xE0, 0xE0, 0x7F, 0x7F, 0x0F, 0xFF, 0xE3, 0x8F, 0x8E, 0x70, 0xE1, 0xCE, 0x1C,
    0x39, 0xC3, 0x87, 0x38, 0x60, 0xE7, 0x1E, 0x1C, 0x7F, 0xFF, 0x0F, 0xEF, 0xE0, 0x70, 0xF0, 0x00,
    0x3F, 0x00, 0x0F, 0xF0, 0x03, 0xCF, 0x00, 0x70, 0xE0, 0x04, 0x08, 0xFF, 0x9F, 0xF0, 0x70, 0x0E,
    0x01, 0xC0, 0x38, 0x1F, 0x03, 0xE0, 0x7C, 0x47, 0x3C, 0x6F, 0x03, 0xC0, 0xF0, 0x18, 0x00, 0x01,
    0xFE, 0x3F, 0xC7, 0xF8, 0xFF, 0xF8, 0xFF, 0xF8, 0x00, 0x00, 0x00, 0x00, 0x23, 0xFC, 0x63, 0xFE,
    0x71, 0xFC, 0x70, 0xE0, 0x38, 0xE0, 0x38, 0xE0, 0x1F, 0xEE, 0x0F, 0xDE, 0x03, 0xFC, 0x00, 0xF8,
    0x00, 0xE0, 0x3F, 0xFC, 0x3F, 0xFE, 0x3F, 0xFC, 0xFF, 0xDF, 0xF8, 0x00, 0x07, 0xC3, 0xF8, 0xFF,
    0x1F, 0x83, 0xB8, 0x73, 0x8E, 0x7D, 0xFF, 0x9F, 0xE0, 0xF8, 0x3C, 0x0F, 0x00, 0x80, 0x3F, 0xC7,
    0xF8, 0xFF, 0x00, 0x3F, 0x00, 0xFF, 0x01, 0xCE, 0x03, 0x8C, 0x07, 0x38, 0x07, 0xF0, 0x07, 0xC3,
    0x1F, 0xFE, 0x7B, 0xFD, 0xC1, 0xE3, 0x80, 0x17, 0x1C, 0x7E, 0x3D, 0xEF, 0xFB, 0x9F, 0xFE, 0x0F,
    0xD8, 0x01, 0xC0, 0x03, 0x80, 0x02, 0x00, 0xFF, 0xFD, 0xFF, 0xF8, 0x00, 0x00, 0x00, 0x01, 0xFF,
    0xC7, 0xFF, 0x8F, 0xFF, 0x07, 0x80, 0x03, 0x80, 0x03, 0x08, 0x06, 0x3B, 0x9C, 0xE7, 0xFB, 0xCF,
    0xEF, 0x07, 0x0C, 0x07, 0x00, 0x07, 0x00, 0x04, 0x00, 0xFF, 0xFF, 0x7F, 0xFF, 0x80, 0x00, 0x00,
    0x3F, 0xC6, 0x1F, 0xF3, 0x0F, 0xF1, 0xC7, 0x80, 0xE1, 0xE0, 0x38, 0x70, 0x0E, 0x38, 0x07, 0xFC,
    0x41, 0xFC, 0x60, 0xFC, 0x70, 0xE7, 0x70, 0x73, 0xF0, 0x06, 0x38, 0x07, 0x88, 0x01, 0x80, 0x00,
    0xFF, 0x9F, 0xF0, 0x70, 0x07, 0x00, 0xE0, 0x3E, 0x1F, 0xE3, 0xCE, 0x71, 0xCE, 0x1C, 0xF7, 0x8F,
    0xF0, 0xF8, 0x3E, 0x1F, 0x03, 0xC0, 0x20, 0x00, 0xFF, 0xFF, 0x7F, 0xFF, 0x80, 0x1C, 0x01, 0xEE,
    0x03, 0xFF, 0x01, 0xFF, 0x81, 0xC1, 0xDC, 0xE0, 0xFE, 0x70, 0x7F, 0x38, 0x38, 0x1E, 0x7C, 0x07,
    0xFE, 0x01, 0xFF, 0x00, 0xF3, 0x81, 0xF1, 0xC0, 0x60, 0xE0, 0x00, 0x00, 0x03, 0x00, 0x03, 0xC0,
    0x00, 0xE0, 0x00, 0xFF, 0xFF, 0xFF, 0xFF, 0xC1, 0xC0, 0x00, 0xE3, 0xC0, 0x73, 0xF1, 0x3B, 0xF9,
    0xF9, 0xC0, 0xFC, 0xC0, 0x7C, 0x70, 0x3C, 0x3F, 0xCE, 0x0F, 0xE3, 0x81, 0xC1, 0xE0, 0x38, 0x7E,
    0x7D, 0xCF, 0xFC, 0xE1, 0xF8, 0x71, 0xF0, 0x01, 0xE0, 0x00, 0xE0, 0x00, 0x00, 0x00, 0xFF, 0x9F,
    0xF0, 0x70, 0x0E, 0x01, 0xC0, 0x38, 0x07, 0x03, 0xE0, 0x7C, 0x0F, 0x80, 0xE0, 0x0C, 0x70, 0x3E,
    0x0F, 0x87, 0xC0, 0xF0, 0x08, 0x00, 0x00, 0x30, 0x0F, 0x00, 0xE0, 0xFF, 0xCF, 0xFC, 0x70, 0x07,
    0x00, 0x70, 0x03, 0xF0, 0x3F, 0x03, 0xF0, 0x70, 0x07, 0x02, 0x38, 0x73, 0xFF, 0x1F, 0xC0, 0xF8,
    0x1E, 0x03, 0xC0, 0x10, 0x00, 0x70, 0x07, 0x00, 0x70, 0xFF, 0xE7, 0xFF, 0x00, 0x00, 0x00, 0x07,
    0xFC, 0x3F, 0xE1, 0xFF, 0x03, 0x80, 0x1C, 0x00, 0xE0, 0x87, 0x0E, 0x1F, 0xF0, 0x7E, 0x03, 0xE0,
    0x7C, 0x03, 0xC0, 0x08, 0x00, 0x1C, 0x00, 0xE0, 0x07, 0x00, 0xFF, 0xFF, 0x7F, 0xFF, 0x80, 0x00,
    0x00, 0x00, 0x00, 0x1F, 0xE3, 0x0F, 0xF9, 0xC7, 0xF8, 0xE1, 0xC0, 0x38, 0x70, 0x1E, 0x38, 0x07,
    0xFC, 0x01, 0xFC, 0xE0, 0x38, 0xF0, 0x01, 0xF0, 0x03, 0xE0, 0x01, 0xE0, 0x00, 0x40, 0x01, 0x80,
    0x01, 0xE0, 0x00, 0x60, 0x00, 0xFF, 0xFF, 0xBF, 0xFF, 0xE0, 0x0C, 0x00, 0x7F, 0x00, 0x3F, 0xC0,
    0x1F, 0xF0, 0x07, 0x00, 0x01, 0xC0, 0x00, 0x7F, 0xFF, 0x0F, 0xFF, 0xE1, 0xFF, 0xF0, 0x01, 0x86,
    0x70, 0x73, 0x9E, 0x39, 0xC7, 0xFF, 0xE0, 0xFF, 0x70, 0x0E, 0x08, 0x1D, 0xC0, 0x07, 0x78, 0x01,
    0xCC, 0x00, 0x00, 0x00, 0x00, 0xFF, 0xFF, 0x7F, 0xFF, 0x80, 0x00, 0x00, 0x70, 0x00, 0x7E, 0x00,
    0x3F, 0x81, 0x91, 0xC8, 0xE0, 0x7C, 0x70, 0x3E, 0x1C, 0x3E, 0x07, 0xFC, 0x01, 0xFC, 0xE0, 0x39,
    0xF0, 0x01, 0xF0, 0x3B, 0xE0, 0x1D, 0xE0, 0x0E, 0x40, 0x00, 0xFF, 0xF9, 0xFF, 0xF0, 0xC3, 0x81,
    0x87, 0x03, 0x0E, 0x06, 0x1C, 0x0C, 0x38, 0x18, 0x70, 0x30, 0xE0, 0x71, 0xC0, 0xFF, 0x00, 0xFE,
    0x70, 0x73, 0xE0, 0x0F, 0x87, 0x7C, 0x1E, 0xF0, 0x1C, 0x80, 0xFF, 0xDF, 0xF8, 0x00, 0x00, 0x03,
    0xC1, 0xFE, 0x1F, 0xE0, 0x1E, 0x01, 0xC0, 0x78, 0x3F, 0x1F, 0x87, 0xC0, 0x60, 0x00, 0x00, 0x00,
    0x0E, 0x01, 0xC0, 0x38, 0x00, 0x7E, 0x0F, 0xF0, 0xE7, 0x0E, 0x70, 0x77, 0x07, 0x70, 0x0F, 0x0F,
    0xE0, 0xFC, 0x07, 0x02, 0x78, 0x73, 0xFF, 0x1F, 0xC0, 0xF8, 0x3E, 0x03, 0xC0, 0x30, 0x00, 0x30,
    0x07, 0x80, 0x30, 0x7E, 0x0F, 0xE0, 0xE7, 0x0E, 0x60, 0xEE, 0x0E, 0x00, 0x7F, 0x03, 0xF0, 0x7E,
    0x07, 0x00, 0x70, 0x63, 0x9E, 0x3F, 0xE0, 0xF8, 0x1F, 0x03, 0xC0, 0x38, 0x00, 0x70, 0x07, 0x00,
    0x70, 0xFF, 0xDF, 0xF8, 0x00, 0x00, 0x00, 0x00, 0x00, 0x1F, 0xF3, 0xFE, 0x7F, 0xCF, 0x00, 0xE0,
    0x00, 0x70, 0x3E, 0x1F, 0x07, 0xC0, 0xE0, 0x08, 0x00, 0x00, 0x30, 0x0F, 0x00, 0xE0, 0xFF, 0x9F,
    0xF0, 0xC0, 0x18, 0x03, 0x00, 0x60, 0x0C, 0x01, 0x80, 0x38, 0x07, 0x0C, 0x7F, 0x87, 0xE0, 0xF0,
    0x7C, 0x1E, 0x03, 0x80, 0x00, 0x01, 0xC0, 0x3C, 0x07, 0x00, 0xFF, 0xFF, 0x7F, 0xFF, 0x8C, 0x1C,
    0x06, 0x0E, 0x03, 0x07, 0x01, 0x83, 0x80, 0xC1, 0xDC, 0x60, 0xFF, 0x38, 0x7F, 0x1C, 0x78, 0x07,
    0xFC, 0x01, 0xFE, 0x00, 0xF7, 0x01, 0xF3, 0x81, 0xE1, 0xC0, 0xE0, 0xE0, 0x00, 0x00, 0x07, 0x00,
    0x03, 0xC0, 0x01, 0xC0, 0x00, 0xFF, 0xEF, 0xFE, 0x00, 0x00, 0x70, 0x3F, 0x83, 0xF8, 0x7E, 0x07,
    0x60, 0x77, 0x07, 0x3A, 0x71, 0xE3, 0xFE, 0x1F, 0xC0, 0xF0, 0x3E, 0x03, 0x80, 0x30, 0x00, 0x70,
    0x07, 0x00, 0x70, 0x7C, 0x7B, 0xF9, 0xEE, 0xE0, 0x39, 0xC0, 0xF7, 0x01, 0xDC, 0x01, 0x70, 0x03,
    0xFE, 0x1F, 0xF8, 0x7F, 0xE1, 0xF0, 0x03, 0xC6, 0x06, 0x7C, 0x03, 0xC0, 0x3E, 0x01, 0xE0, 0x03,
    0x00, 0x00, 0x00, 0x07, 0x00, 0x1C, 0x00, 0x70, 0xFF, 0xEF, 0xFE, 0x1C, 0x01, 0xC0, 0x1C, 0x01,
    0xC0, 0x1C, 0x07, 0xFE, 0x7F, 0xE7, 0xFE, 0x7C, 0x03, 0x87, 0x01, 0xF0, 0x3C, 0x0F, 0x80, 0xE0,
    0x04, 0x00, 0x00, 0x01, 0xC0, 0x1C, 0x01, 0xC0, 0xFF, 0x8F, 0xF8, 0x1C, 0x00, 0xE0, 0x0E, 0x01,
    0xE0, 0x7C, 0x07, 0x80, 0x70, 0x07, 0x06, 0x3C, 0xF1, 0xFE, 0x0F, 0x81, 0xF0, 0x7C, 0x07, 0x80,
    0x20, 0x00, 0x70, 0x07, 0x00, 0x70, 0xFF, 0xF9, 0xFF, 0xF0, 0x00, 0x00, 0x00, 0x00, 0xE1, 0x87,
    0xFF, 0x9F, 0xFF, 0x38, 0xF0, 0x71, 0xC0, 0xE3, 0x81, 0xC6, 0x73, 0x81, 0xE3, 0x87, 0x87, 0x9E,
    0x07, 0xD8, 0x03, 0x00, 0x00, 0x00, 0x00, 0x00, 0x07, 0x00, 0x0E, 0x00, 0x1C, 0x00, 0xFF, 0xEF,
    0xFE, 0x00, 0x00, 0xF0, 0x3F, 0x83, 0xF8, 0x70, 0x07, 0x00, 0x70, 0x07, 0x06, 0x79, 0xE3, 0xFE,
    0x1F, 0xC1, 0xF0, 0x7C, 0x07, 0x80, 0x20, 0x00, 0x70, 0x0F, 0x00, 0x70, 0x0F, 0xDC, 0x7F, 0x73,
    0xCE, 0x0E, 0x38, 0x38, 0xE0, 0x77, 0x00, 0xFC, 0x07, 0xFC, 0x7F, 0xFD, 0xE1, 0xF6, 0x07, 0xC0,
    0x7C, 0x03, 0xE0, 0x3E, 0x00, 0x60, 0x01, 0x00, 0x00, 0x00, 0x03, 0x80, 0x0E, 0x00, 0x38, 0xFF,
    0xCF, 0xFC, 0x3C, 0x03, 0xE0, 0x37, 0x03, 0x30, 0x33, 0x83, 0x1C, 0x38, 0xE3, 0xCE, 0x1F, 0xE1,
    0xFC, 0x0F, 0x83, 0xE0, 0x7C, 0x07, 0x00, 0x00, 0x00, 0x38, 0x03, 0x80, 0x38, 0xFF, 0xFF, 0xFF,
    0xFC, 0x1C, 0x00, 0x38, 0x00, 0x70, 0x00, 0xE0, 0x1F, 0xFF, 0x3F, 0xFE, 0x7D, 0xFC, 0xF0, 0x3C,
    0xE0, 0xF0, 0xE3, 0xC1, 0xE7, 0x01, 0xE0, 0x1D, 0xE0, 0x39, 0xC0, 0x70, 0x00, 0xFF, 0xFF, 0xFF,
    0xFF, 0xFC, 0x00, 0x00, 0x00, 0x00, 0x00, 0xE0, 0xE0, 0x7F, 0x7F, 0x0F, 0xFF, 0xE3, 0x8F, 0x8E,
    0x70, 0xE1, 0xCE, 0x1C, 0x39, 0xC3, 0x87, 0x38, 0x60, 0xE7, 0x1E, 0x1C, 0x7F, 0xFF, 0x0F, 0xEF,
    0xE0, 0x7E, 0x70, 0x01, 0xDF, 0x00, 0x3F, 0xF0, 0x01, 0xE7, 0x00, 0x38, 0x60, 0x02, 0x08, 0xFF,
    0xFF, 0xFF, 0xFF, 0xFF, 0xF0, 0x01, 0xC0, 0x00, 0x07, 0x00, 0x00, 0x1C, 0x01, 0xFF, 0xF7, 0x07,
    0xFF, 0xFE, 0x1F, 0xFF, 0xFC, 0x0E, 0x1C, 0x70, 0x70, 0x71, 0xC1, 0xC1, 0xC7, 0x03, 0x07, 0x1C,
    0x0E, 0x1C, 0x70, 0x3C, 0x73, 0x80, 0x71, 0xCC, 0x00, 0xC7, 0x00, 0x00, 0x00, 0x00, 0xFF, 0xFF,
    0xFF, 0xFF, 0xF0, 0x01, 0x80, 0x00, 0x60, 0x00, 0x18, 0x1F, 0xFE, 0x07, 0xFF, 0xBD, 0xFF, 0xFF,
    0x1C, 0x1F, 0xC7, 0x07, 0x01, 0xC1, 0x80, 0x70, 0x60, 0x0E, 0x18, 0x03, 0x86, 0x00, 0x71, 0x80,
    0x0C, 0x60, 0x00, 0x00, 0x00, 0xFF, 0xFF, 0xFF, 0xFF, 0xFF, 0x00, 0x70, 0x01, 0xC7, 0x00, 0x7F,
    0x70, 0x07, 0xFF, 0x70, 0x63, 0xFF, 0x80, 0x1F, 0xFC, 0x3F, 0xF8, 0xC7, 0xFF, 0x0E, 0x7F, 0xF0,
    0xC0, 0x7F, 0x1C, 0x0F, 0x71, 0xC3, 0xE7, 0x38, 0x3C, 0x71, 0x81, 0x07, 0x00, 0xFF, 0xFF, 0xFF,
    0xFE, 0xFF, 0xFF, 0xFF, 0xFE, 0x00, 0x38, 0x00, 0x38, 0x07, 0xFF, 0xF8, 0x38, 0x0F, 0xFF, 0xFE,
    0x38, 0x1F, 0xFF, 0xFF, 0x38, 0x1C, 0x00, 0x07, 0x38, 0x1C, 0x03, 0x87, 0x38, 0x1F, 0xF3, 0x9F,
    0x38, 0x0F, 0xFB, 0xBE, 0x38, 0x07, 0x38, 0x38, 0x38, 0x30, 0x1C, 0x38, 0x38, 0x78, 0x1C, 0x1F,
    0xF8, 0x3E, 0x38, 0x0F, 0xF8, 0x1F, 0xF8, 0x07, 0xB8, 0x0F, 0xF0, 0x00, 0x38, 0xFF, 0xFF, 0xFF,
    0xFF, 0xF0, 0x03, 0x80, 0x1F, 0xE0, 0x0F, 0xF8, 0x03, 0xFE, 0xC1, 0xC0, 0x38, 0x3F, 0x8E, 0x0F,
    0xF8, 0x0C, 0xFF, 0x07, 0x81, 0xC0, 0xFF, 0xF0, 0x1F, 0xF8, 0x00, 0xF8, 0x01, 0xFF, 0x80, 0xFF,
    0xF0, 0x39, 0xFC, 0x0F, 0xF3, 0x01, 0xFD, 0xC0, 0x3F, 0x60, 0x01, 0xC0, 0x00, 0xFF, 0xFF, 0xFF,
    0xFF, 0xF0, 0x03, 0x80, 0x1F, 0xE0, 0x0F, 0xF8, 0x03, 0xFE, 0xC1, 0xC0, 0x38, 0x3F, 0x8E, 0x0F,
    0xF8, 0x0C, 0xFF, 0x07, 0x81, 0xC0, 0xFF, 0xF0, 0x1F, 0xF8, 0x03, 0xFE, 0x02, 0xDF, 0x81, 0xFF,
    0xE0, 0x3F, 0xF8, 0x0E, 0x7E, 0x01, 0xFF, 0x80, 0x3F, 0xE0, 0x03, 0xF0, 0x00, 0xFF, 0xFF, 0xFF,
    0xFF, 0xF0, 0x03, 0x80, 0x1F, 0xE0, 0x0F, 0xF8, 0x03, 0xFE, 0xC1, 0xC0, 0x38, 0x3F, 0x8E, 0x0F,
    0xF8, 0x0C, 0xFF, 0x07, 0x81, 0xC0, 0xFF, 0xF0, 0x1F, 0xF8, 0x01, 0xFE, 0x00, 0x73, 0x80, 0x7C,
    0xE0, 0x1F, 0x38, 0x07, 0xCE, 0x01, 0xF3, 0x80, 0x38, 0xE0, 0x00, 0x30, 0x00, 0xFF, 0xFF, 0xFF,
    0xFF, 0xF0, 0x03, 0x80, 0x1F, 0xE0, 0x0F, 0xF8, 0x03, 0xFE, 0xC1, 0xC0, 0x38, 0x3F, 0x8E, 0x0F,
    0xF8, 0x0C, 0xFF, 0x07, 0x81, 0xC0, 0xFF, 0xF0, 0x1F, 0xF8, 0x07, 0xFE, 0x01, 0xFB, 0x80, 0x3E,
    0xE0, 0x1C, 0x38, 0x07, 0xFE, 0x00, 0xFF, 0x80, 0x1F, 0xE0, 0x00, 0x30, 0x00, 0xFF, 0xFF, 0xFF,
    0xFF, 0xF0, 0x03, 0x80, 0x1F, 0xE0, 0x0F, 0xF8, 0x03, 0xFE, 0xC1, 0xC0, 0x38, 0x3F, 0x8E, 0x0F,
    0xF8, 0x0C, 0xFF, 0x07, 0x81, 0xC0, 0xFF, 0xF0, 0x1F, 0xF8, 0x03, 0xFE, 0x00, 0xE3, 0x80, 0x7F,
    0xE0, 0x3F, 0xF8, 0x0F, 0xFE, 0x01, 0xE3, 0x80, 0x38, 0xE0, 0x00, 0x38, 0x00, 0xFF, 0xFF, 0xFF,
    0xEF, 0xFF, 0xFF, 0xFE, 0x00, 0x00, 0x0E, 0x00, 0x00, 0xF0, 0xE0, 0x7F, 0x9F, 0xBF, 0x87, 0xFF,
    0xFB, 0xF8, 0x7F, 0xB8, 0x31, 0xC1, 0xC3, 0x83, 0x1C, 0x1C, 0x3F, 0xB9, 0xC1, 0xC1, 0xFB, 0xFC,
    0x1C, 0x1F, 0x8D, 0xC0, 0xFF, 0xC0, 0x38, 0x0F, 0xFC, 0x07, 0x80, 0x3F, 0xE1, 0xF0, 0x00, 0x0F,
    0xFE, 0x00, 0x00, 0x7F, 0x80, 0xFF, 0xFF, 0xFF, 0xFF, 0xFF, 0xFF, 0xFF, 0x00, 0x0F, 0x0E, 0x00,
    0x01, 0xF9, 0xF0, 0x7F, 0xBF, 0xBF, 0x87, 0xFF, 0x83, 0x1C, 0x7F, 0xB9, 0xB9, 0xC1, 0xC1, 0xFB,
    0xFC, 0x1C, 0x0F, 0x9D, 0xC1, 0xC1, 0xC0, 0x38, 0x1C, 0x3C, 0x07, 0x80, 0xFF, 0xFF, 0xF0, 0x0F,
    0xFF, 0xFE, 0x00, 0x3C, 0x3F, 0xE0, 0x00, 0x03, 0x0E, 0x00, 0x00, 0x30, 0xE0, 0x00, 0x03, 0xFE,
    0x00, 0x00, 0x3F, 0xE0, 0x00, 0x00, 0xFE, 0x00, 0x00, 0x00, 0xE0, 0x00, 0x00, 0x0C, 0x00, 0xFF,
    0xFF, 0xFF, 0xFF, 0xFF, 0xFF, 0xFF, 0xFF, 0x00, 0x1C, 0x00, 0x18, 0x1E, 0x1F, 0xFC, 0x18, 0x3F,
    0x7F, 0xFE, 0x18, 0x7E, 0x7F, 0xFF, 0x18, 0x70, 0xE3, 0x87, 0x18, 0x70, 0xE3, 0x87, 0x18, 0x7F,
    0x73, 0x8F, 0x18, 0x3F, 0x7B, 0xBE, 0x18, 0x3F, 0x1F, 0x3C, 0x18, 0x38, 0x07, 0x1C, 0x38, 0x38,
    0x0E, 0x1F, 0xF8, 0x3C, 0x3E, 0x0F, 0xF8, 0x1F, 0xFC, 0x03, 0xD8, 0x0F, 0xF0, 0x00, 0x18, 0xFF,
    0xFF, 0xFF, 0xFF, 0xF1, 0xE1, 0xC1, 0xFD, 0xF8, 0x7E, 0x7F, 0x1C, 0x38, 0xC7, 0x2E, 0x39, 0xFD,
    0xEE, 0x1F, 0x3B, 0x0E, 0x01, 0xC3, 0x81, 0xE0, 0xFF, 0xF8, 0x1F, 0xF8, 0x01, 0xFE, 0x00, 0xE1,
    0x80, 0x38, 0x60, 0x07, 0xF8, 0x01, 0xFE, 0x00, 0x1F, 0x80, 0x00, 0x60, 0x00, 0x18, 0x00, 0xFF,
    0xFF, 0xFF, 0xF0, 0x0E, 0x01, 0xF8, 0x1F, 0xE0, 0xFF, 0x83, 0x80, 0x0E, 0x00, 0x38, 0x00, 0xE0,
    0xE1, 0xFF, 0x87, 0xFC, 0x07, 0xE0, 0x03, 0x80, 0xFE, 0x07, 0xF8, 0x3C, 0x00, 0xE0, 0x03, 0x80,
    0x0F, 0xFE, 0x1F, 0xF8, 0x1F, 0x80, 0xFF, 0xFF, 0xFF, 0xF0, 0x0E, 0x01, 0xF8, 0x1F, 0xE0, 0xFF,
    0x83, 0x80, 0x0E, 0x00, 0x38, 0x00, 0xE0, 0xE1, 0xFF, 0x87, 0xFC, 0x07, 0xC0, 0x03, 0x00, 0xFE,
    0x07, 0xFC, 0x3E, 0x78, 0xE0, 0xE3, 0x81, 0x8E, 0x0E, 0x1F, 0xF8, 0x7F, 0xC0, 0x7C, 0x00, 0xFF,
    0xFF, 0xFF, 0xFF, 0xFF, 0xFF, 0xF0, 0x0C, 0x00, 0x70, 0x03, 0x00, 0x1C, 0x07, 0xFF, 0x07, 0x07,
    0xFF, 0xF1, 0xC3, 0xFF, 0xFC, 0x71, 0xE0, 0x03, 0x9C, 0x70, 0x01, 0xE7, 0x1C, 0x01, 0xF1, 0xC7,
    0x00, 0xF8, 0x71, 0xC0, 0x1C, 0x3C, 0x70, 0x17, 0xFF, 0x0F, 0x1C, 0xFF, 0xC3, 0xFF, 0x0F, 0x70,
    0x3F, 0x80, 0x1C, 0xFF, 0xFF, 0xFF, 0xFC, 0x07, 0x00, 0x3E, 0x03, 0xFE, 0x0F, 0xFE, 0x1C, 0x0E,
    0x38, 0x0C, 0x70, 0x18, 0xE0, 0x70, 0xFF, 0xE0, 0xFF, 0x00, 0x7C, 0x00, 0x38, 0x07, 0xF8, 0x1F,
    0xF8, 0x7C, 0x78, 0xE0, 0x71, 0xC0, 0xE3, 0x81, 0xC3, 0xFF, 0x83, 0xFE, 0x01, 0xE0, 0x00, 0xFF,
    0xFF, 0xFF, 0xFF, 0xFF, 0xFF, 0xFF, 0xC0, 0x70, 0x00, 0x30, 0x03, 0xFF, 0xC1, 0x80, 0x1F, 0xFF,
    0x8C, 0x03, 0xFF, 0xFC, 0x60, 0x7F, 0xC0, 0x63, 0x07, 0xFF, 0x07, 0x18, 0x78, 0x38, 0xF8, 0xC3,
    0x80, 0xEF, 0x86, 0x1C, 0x07, 0x70, 0x30, 0xE0, 0x39, 0xC3, 0x87, 0x01, 0xCF, 0xFC, 0x1C, 0x3C,
    0x3F, 0xE0, 0xFF, 0xC0, 0x73, 0x01, 0xFC, 0x00, 0x18, 0xFF, 0xFF, 0xFF, 0xFC, 0x00, 0xE0, 0x3F,
    0xC0, 0xFF, 0x81, 0xFF, 0x07, 0x00, 0x07, 0xF0, 0x0F, 0xF8, 0x67, 0xF9, 0xE0, 0x71, 0xFF, 0xE1,
    0xFF, 0x81, 0xFC, 0x07, 0x00, 0x07, 0xF0, 0x0F, 0xF8, 0x0F, 0xF0, 0xC0, 0x73, 0xE0, 0xE3, 0xFF,
    0x81, 0xFF, 0x00, 0xF8, 0x00, 0xFF, 0xFF, 0xFF, 0xFC, 0x00, 0xE0, 0x3F, 0xC0, 0xFF, 0x81, 0xFF,
    0x07, 0x00, 0x07, 0xF0, 0x0F, 0xF8, 0x67, 0xF9, 0xE0, 0x71, 0xFF, 0xE1, 0xFF, 0x83, 0xFC, 0x0F,
    0x00, 0x1C, 0x38, 0x39, 0xF8, 0x73, 0xF8, 0xEE, 0x71, 0xFC, 0xE1, 0xFF, 0x81, 0xFF, 0x00, 0xF8,
    0x00, 0xFF, 0xFF, 0xFF, 0xFF, 0xFF, 0xFF, 0xFF, 0xC0, 0x0E, 0x00, 0x30, 0x0F, 0xFF, 0xC1, 0x80,
    0xFF, 0xFF, 0x8C, 0x0F, 0xFF, 0xFC, 0x60, 0x70, 0x00, 0x63, 0x03, 0x80, 0x07, 0x18, 0x1F, 0xE0,
    0x78, 0xC0, 0x7F, 0xCF, 0x86, 0x01, 0xFE, 0x78, 0x30, 0x60, 0x39, 0xC3, 0x87, 0x81, 0xCF, 0xFC,
    0x1F, 0x1C, 0x3F, 0xE0, 0x7F, 0xE0, 0x73, 0x01, 0xFE, 0x00, 0x18, 0xFF, 0xFF, 0xFF, 0xFF, 0xFF,
    0xFF, 0xFF, 0xC0, 0x0E, 0x00, 0x30, 0x0F, 0xFF, 0xC1, 0x80, 0xFF, 0xFF, 0x8C, 0x0F, 0xFF, 0xFC,
    0x60, 0x70, 0x00, 0x63, 0x03, 0x80, 0x07, 0x18, 0x1F, 0xE0, 0x78, 0xC0, 0x7F, 0xCF, 0x86, 0x01,
    0xFE, 0x78, 0x30, 0x60, 0x39, 0xC3, 0x87, 0x81, 0xCF, 0xFC, 0x1F, 0x1C, 0x3F, 0xE0, 0x7F, 0xE0,
    0x73, 0x01, 0xFE, 0x00, 0x18, 0x03, 0xC0, 0x00, 0x00, 0x3F, 0x00, 0x00, 0x03, 0xFC, 0x00, 0x00,
    0x3C, 0xF0, 0x00, 0x01, 0xC3, 0x80, 0x00, 0x04, 0x08, 0x00, 0x00, 0xFF, 0xFF, 0xFF, 0xFC, 0x01,
    0xC0, 0x3F, 0x81, 0xFF, 0x07, 0xFC, 0x1E, 0x38, 0x39, 0xF8, 0x73, 0xF8, 0xE6, 0x31, 0xCC, 0xE1,
    0xFF, 0xC1, 0xFF, 0x07, 0xF8, 0x1E, 0x38, 0x39, 0xF8, 0x73, 0xF8, 0xE6, 0x31, 0xCC, 0xE1, 0xFF,
    0xC1, 0xFF, 0x00, 0xF8, 0x00, 0xFF, 0xFF, 0xFF, 0xF7, 0xFF, 0xFF, 0xFF, 0x80, 0x18, 0x00, 0x70,
    0x00, 0xC0, 0x03, 0x80, 0x3F, 0xFC, 0x1C, 0x0F, 0xFF, 0xF8, 0xE0, 0xFF, 0xFF, 0xE7, 0x0F, 0x00,
    0x07, 0x38, 0x70, 0xE0, 0x79, 0xC3, 0x9F, 0xCF, 0x8E, 0x1C, 0xFE, 0x78, 0x70, 0xE6, 0x33, 0x83,
    0x87, 0x31, 0x8F, 0xFC, 0x1F, 0x9C, 0x3F, 0xE0, 0x7F, 0xE0, 0xF7, 0x01, 0xFC, 0x00, 0x38, 0xFF,
    0xFF, 0xFF, 0xFF, 0xF0, 0x00, 0x60, 0x00, 0x18, 0x00, 0x06, 0x1F, 0xFF, 0x87, 0xFF, 0xE1, 0xFF,
    0xF8, 0x0E, 0x06, 0x03, 0x81, 0x80, 0xE0, 0x60, 0x38, 0x18, 0x0E, 0x06, 0x01, 0xC1, 0x80, 0x38,
    0x60, 0x06, 0x18, 0x00, 0x00, 0x00, 0xFF, 0xF7, 0xFF, 0x80, 0x00, 0x00, 0x00, 0x00, 0x3F, 0xFD,
    0xFF, 0xEF, 0xFF, 0x0E, 0x00, 0x70, 0x03, 0x80, 0x1C, 0x00, 0xE0, 0x03, 0x80, 0x0E, 0x00, 0x30,
    0x00, 0x00, 0xFF, 0xFF, 0xFF, 0xF0, 0x06, 0x00, 0x18, 0x07, 0xE0, 0x7F, 0x83, 0xFE, 0x1E, 0x00,
    0x70, 0x01, 0xC1, 0x87, 0x0F, 0x0E, 0x3C, 0x3F, 0xF0, 0x7F, 0x81, 0xFE, 0x0F, 0x1C, 0x7C, 0x70,
    0xF0, 0xE3, 0xC3, 0x86, 0x0E, 0x00, 0x00, 0xFF, 0xFF, 0xFF, 0xFF, 0xF0, 0x00, 0x60, 0x00, 0x18,
    0x00, 0x7E, 0x00, 0xFF, 0x80, 0x3F, 0xE0, 0x3E, 0x00, 0x3F, 0x00, 0x1F, 0xC3, 0xC7, 0x70, 0xF1,
    0x8E, 0x3C, 0x63, 0xFF, 0x1D, 0xFF, 0x83, 0xF7, 0xE0, 0x38, 0x3C, 0x0E, 0x1F, 0x03, 0xFE, 0xE0,
    0x7F, 0x38, 0x07, 0x0E, 0x00, 0x00, 0x00, 0xFF, 0xFF, 0xFF, 0xC0, 0x30, 0x3F, 0x83, 0xFC, 0x3F,
    0xE1, 0xC0, 0x0E, 0x00, 0x7F, 0x81, 0xFC, 0x1F, 0xE0, 0xE0, 0x07, 0x0C, 0x38, 0xF1, 0xC7, 0x87,
    0xFC, 0x1F, 0xC0, 0x3E, 0x00, 0x38, 0x00, 0xC0, 0x04, 0x00, 0xFF, 0xFF, 0xFF, 0xFF, 0xFF, 0xFF,
    0xF0, 0x0C, 0x00, 0x60, 0x7F, 0xFC, 0x18, 0x3F, 0xFF, 0xC6, 0x1F, 0xFF, 0xF1, 0x87, 0x00, 0x0C,
    0x61, 0xC0, 0x03, 0x18, 0x7F, 0x83, 0xC6, 0x0F, 0xE3, 0xE1, 0x87, 0xF8, 0xF0, 0x61, 0xC0, 0x1C,
    0x38, 0x70, 0xC7, 0xFE, 0x1C, 0x78, 0xFF, 0x87, 0x1E, 0x0F, 0x60, 0xFF, 0x80, 0x18, 0x1F, 0xC0,
    0x00, 0x01, 0xF0, 0x00, 0x00, 0x0E, 0x00, 0x00, 0x01, 0x80, 0x00, 0x00, 0x40, 0x00, 0x00, 0xFF,
    0xFF, 0xFF, 0xFF, 0xFF, 0xC0, 0x00, 0x70, 0x00, 0x03, 0x80, 0x00, 0xFC, 0x00, 0x3F, 0xE0, 0x03,
    0xFF, 0x03, 0x9C, 0x00, 0x7E, 0xE0, 0x03, 0xF6, 0x0E, 0x19, 0xF8, 0xF8, 0xCD, 0xC3, 0xC6, 0x07,
    0xFE, 0x3C, 0xDF, 0xE0, 0xFE, 0x3F, 0x01, 0xF0, 0x78, 0x0E, 0x07, 0xE0, 0x70, 0x77, 0x03, 0xFF,
    0x1C, 0x0F, 0xF0, 0xE0, 0x1E, 0x00, 0x00, 0xFF, 0xFF, 0xFF, 0xFF, 0xFF, 0xFF, 0xFF, 0xFF, 0xF0,
    0x00, 0x1C, 0x00, 0xE0, 0x00, 0x07, 0x00, 0x38, 0x00, 0x0F, 0xFF, 0x0E, 0x00, 0x1F, 0xFF, 0xF3,
    0x80, 0x0F, 0xFF, 0xFC, 0xE0, 0x73, 0x80, 0x03, 0x38, 0x7E, 0xE0, 0x03, 0xCE, 0x1F, 0xB0, 0x73,
    0xF3, 0x86, 0x7E, 0x3E, 0xF0, 0xE1, 0x9B, 0x87, 0x9C, 0x38, 0x60, 0x7F, 0xE7, 0xFE, 0x1E, 0xEF,
    0xF0, 0xFF, 0x83, 0xF8, 0xFC, 0x0E, 0xE0, 0x3E, 0x0F, 0x00, 0x38, 0x0E, 0x07, 0xE0, 0x00, 0x03,
    0x83, 0xB8, 0x00, 0x00, 0xFF, 0xC7, 0x00, 0x00, 0x1F, 0xE1, 0xC0, 0x00, 0x01, 0xE0, 0x00, 0x00,
    0x00, 0xFF, 0xFF, 0xFF, 0xFC, 0x00, 0xE0, 0x01, 0xC0, 0x3F, 0x81, 0xFF, 0x07, 0xFC, 0x0E, 0x00,
    0x38, 0x00, 0x70, 0x60, 0xE1, 0xE0, 0xE3, 0xE3, 0xFF, 0x8F, 0xFE, 0x1B, 0xFE, 0x33, 0xBC, 0x73,
    0xF8, 0xFF, 0xB8, 0xFE, 0x70, 0x70, 0x60, 0x00, 0x00, 0xFF, 0xFF, 0xFF, 0xFF, 0xFF, 0x00, 0x01,
    0xC0, 0x00, 0x1C, 0x00, 0x1F, 0xC0, 0x07, 0xFC, 0x00, 0xFF, 0xC0, 0x0E, 0x00, 0x00, 0xC0, 0x03,
    0x8C, 0x1C, 0x7E, 0xE3, 0xE7, 0xEF, 0x3E, 0xE7, 0x7F, 0xCE, 0xF3, 0xFC, 0x7F, 0xBF, 0xC7, 0xBF,
    0xDC, 0x07, 0xE0, 0xC0, 0x7C, 0x0E, 0x07, 0xC0, 0xE0, 0x18, 0x04, 0xFF, 0xFF, 0xFF, 0xFF, 0xFC,
    0x07, 0x0C, 0x0F, 0xE1, 0x83, 0xFC, 0x30, 0xFF, 0x86, 0x18, 0x00, 0xC3, 0x00, 0x18, 0x7F, 0x03,
    0x07, 0xF8, 0x60, 0x7F, 0x0C, 0x01, 0xFF, 0x80, 0x3F, 0xF0, 0x07, 0xFE, 0x00, 0xF8, 0xC0, 0x0E,
    0x18, 0xFF, 0xFF, 0x7F, 0xFF, 0x80, 0xE7, 0x03, 0xF3, 0x87, 0xF9, 0xC3, 0xFC, 0xE1, 0x80, 0x70,
    0xE0, 0x38, 0x7F, 0x9C, 0x1F, 0xCE, 0x0F, 0xE7, 0x06, 0x03, 0x87, 0x03, 0xC1, 0xC7, 0xE0, 0xFF,
    0xF0, 0x3F, 0xB8, 0xFF, 0xF7, 0xFF, 0x80, 0xE0, 0x3F, 0x07, 0xF8, 0x3F, 0xC1, 0x80, 0x0E, 0x00,
    0x7F, 0x81, 0xFC, 0x0F, 0xE0, 0x60, 0x27, 0x03, 0x9C, 0x7C, 0xFF, 0xC3, 0xF8, 0xFF, 0xFF, 0xFF,
    0xFC, 0x00, 0xC0, 0x01, 0x80, 0x3F, 0x01, 0xFE, 0x07, 0xFC, 0x1E, 0x00, 0x38, 0x00, 0x70, 0x60,
    0xE1, 0xE0, 0xE3, 0xC3, 0xFF, 0x8F, 0xFE, 0x1C, 0x7C, 0x30, 0x3C, 0x70, 0xF8, 0xFF, 0xB8, 0xFE,
    0x70, 0x70, 0x60, 0x00, 0x00, 0xFF, 0xFF, 0xFF, 0xFF, 0xFF, 0xFF, 0xFF, 0xC0, 0x0C, 0x00, 0x70,
    0x00, 0x60, 0x03, 0x80, 0x3F, 0xFE, 0x1C, 0x07, 0xFF, 0xFC, 0xE0, 0x7F, 0xFF, 0xE7, 0x07, 0x80,
    0x03, 0xB8, 0x38, 0x00, 0x39, 0xC1, 0xC1, 0x8F, 0xCE, 0x0E, 0x1E, 0x78, 0x70, 0x38, 0xF3, 0xC3,
    0x83, 0xFF, 0x8F, 0xFC, 0x3F, 0xF8, 0x3F, 0xE1, 0xC7, 0xC0, 0x77, 0x0C, 0x0F, 0x00, 0x38, 0x70,
    0xF8, 0x00, 0x03, 0xFE, 0xE0, 0x00, 0x0F, 0xE7, 0x00, 0x00, 0x1C, 0x18, 0x00, 0x00, 0x00, 0x00,
    0x00, 0x00, 0xFF, 0xFF, 0xFF, 0xFF, 0x00, 0x18, 0x00, 0x18, 0x3F, 0xF8, 0x7F, 0xF8, 0x3F, 0xF8,
    0x3C, 0x18, 0x1C, 0x78, 0x08, 0xF8, 0x01, 0xF8, 0x07, 0x98, 0x0F, 0x18, 0x1F, 0x18, 0x1F, 0x18,
    0x0F, 0x18, 0xFF, 0xFF, 0xFF, 0xFC, 0xC0, 0xC1, 0x81, 0x83, 0x03, 0x06, 0x06, 0x0C, 0x0C, 0x1C,
    0x38, 0x38, 0xF0, 0x3F, 0xE0, 0x3F, 0xC0, 0xF9, 0x87, 0xC3, 0x0F, 0x86, 0x1F, 0x0C, 0x1E, 0x18,
    0xFF, 0xBE, 0x7F, 0xFF, 0xFF, 0x7F, 0x00, 0x73, 0x18, 0x00, 0x63, 0x18, 0x0F, 0xF7, 0x18, 0x3F,
    0xF0, 0x18, 0x7F, 0x3F, 0x18, 0x7E, 0x1F, 0x18, 0x77, 0x3F, 0x18, 0x73, 0xB8, 0x18, 0x71, 0xF8,
    0x38, 0x7F, 0xFF, 0xF8, 0x3F, 0xDF, 0xF8, 0x0F, 0x07, 0xD8, 0x00, 0x00, 0x18, 0x00, 0x00, 0x18,
    0xFF, 0xFF, 0xFF, 0xFF, 0xFF, 0xFF, 0x00, 0x0E, 0x38, 0x0F, 0x06, 0x38, 0x3F, 0x86, 0x38, 0x3F,
    0x8E, 0x38, 0x70, 0x7E, 0x38, 0x70, 0x7C, 0x38, 0x70, 0x38, 0x38, 0x70, 0x78, 0x38, 0x70, 0xFF,
    0xF8, 0x3F, 0xFF, 0xF8, 0x3F, 0xC7, 0xB8, 0x0F, 0x00, 0x38, 0x00, 0x00, 0x38, 0x00, 0x00, 0x38,
    0x0F, 0x9F, 0xC7, 0xF7, 0xF3, 0x8E, 0x60, 0xE3, 0x98, 0x39, 0xC6, 0x07, 0xF1, 0x80, 0xF8, 0x60,
    0xFF, 0xF8, 0x7D, 0xFE, 0x1C, 0x27, 0x84, 0x1C, 0x60, 0x1F, 0x18, 0x1F, 0x86, 0x07, 0xE7, 0x80,
    0x9F, 0xE0, 0x07, 0xF8, 0x00, 0x06, 0x00, 0x0F, 0x80, 0x3F, 0x80, 0xE3, 0x81, 0xC7, 0x03, 0x9C,
    0x03, 0xF8, 0x03, 0xE0, 0x1F, 0xFE, 0x7D, 0xFC, 0xE1, 0x39, 0x07, 0x18, 0x3E, 0x31, 0xF8, 0xE3,
    0xF3, 0xC2, 0x7F, 0x00, 0xFC, 0x1F, 0x9F, 0xC7, 0xFB, 0xF8, 0xE7, 0x1C, 0x1C, 0x63, 0x83, 0x9C,
    0x70, 0x7F, 0x8E, 0x07, 0xE1, 0xC0, 0xFF, 0x38, 0x7F, 0xFF, 0x0F, 0x0F, 0xE1, 0x81, 0xFC, 0x00,
    0xFB, 0x80, 0x7C, 0x70, 0x0F, 0x0E, 0x01, 0xF1, 0xC0, 0x1E, 0x38, 0x0F, 0x8F, 0xFF, 0xF1, 0xFC,
    0xFF, 0xFF, 0x38, 0xE0, 0x01, 0x83, 0x8E, 0x00, 0x18, 0x39, 0xC0, 0x01, 0x81, 0xFC, 0x3C, 0x78,
    0x0F, 0x8F, 0xFF, 0x83, 0xFF, 0xFF, 0xF8, 0x7D, 0xFC, 0x79, 0x87, 0x01, 0xC7, 0x18, 0x40, 0x1C,
    0x71, 0x80, 0x01, 0xC0, 0x18, 0x00, 0x0E, 0x01, 0x80, 0x00, 0xF0, 0x18, 0x00, 0x07, 0xC1, 0x80,
    0x00, 0x3C, 0x18, 0x00, 0x00, 0x80, 0x00, 0x0F, 0x9F, 0xC7, 0xF7, 0xF3, 0x9E, 0x60, 0xE3, 0x98,
    0x38, 0xC6, 0x07, 0x71, 0x81, 0xF8, 0x60, 0x7F, 0x18, 0x7F, 0xFE, 0x1E, 0x3F, 0x86, 0x1F, 0xE0,
    0x0E, 0x18, 0x03, 0x8E, 0x00, 0xE7, 0x80, 0x3F, 0xE0, 0x07, 0xF8, 0x00, 0x06, 0x00, 0x0F, 0x80,
    0x3F, 0x80, 0xE7, 0x81, 0xC7, 0x03, 0x8C, 0x03, 0xB8, 0x07, 0xE0, 0x0F, 0xE0, 0x7F, 0xFC, 0xF1,
    0xF9, 0x87, 0xF8, 0x1C, 0x30, 0x38, 0xE0, 0x73, 0xC0, 0x7F, 0x00, 0xFC, 0xFF, 0xFF, 0xFF, 0xFC,
    0xF8, 0xE1, 0xF9, 0xC3, 0x7B, 0x87, 0x7F, 0x0E, 0x7E, 0x1F, 0xFC, 0x1F, 0xF0, 0x7F, 0xC0, 0xE0,
    0x01, 0x80, 0x03, 0x80, 0x07, 0x87, 0x07, 0xFE, 0x07, 0xF8, 0xFF, 0xFF, 0xFF, 0xFF, 0xFF, 0xFF,
    0xFF, 0x3E, 0x38, 0x01, 0xC3, 0xF3, 0x80, 0x1C, 0x37, 0xBF, 0xC1, 0xC3, 0xBF, 0xFF, 0x1C, 0x39,
    0xFF, 0xF9, 0xC3, 0xFF, 0x83, 0x9C, 0x1F, 0xF0, 0x79, 0xC3, 0xFE, 0x1F, 0x1C, 0x38, 0x01, 0xE1,
    0xC3, 0x00, 0x1C, 0x3C, 0x38, 0x01, 0xFF, 0xC3, 0xC3, 0x8F, 0xFC, 0x1F, 0xF8, 0x3D, 0xC0, 0xFF,
    0x00, 0x1C, 0xFF, 0xFE, 0xFF, 0xFE, 0x3E, 0x38, 0x3F, 0x38, 0x37, 0xB8, 0x3B, 0xF8, 0x39, 0xF8,
    0x3F, 0xF8, 0x1F, 0xF0, 0x3F, 0xF8, 0x38, 0x3C, 0x70, 0x1C, 0x30, 0x1C, 0x3C, 0x3C, 0x1F, 0xF8,
    0x0F, 0xF0, 0xFF, 0xFF, 0xFF, 0xFF, 0xFF, 0xFF, 0xFF, 0xCF, 0x8E, 0x00, 0x30, 0x7E, 0x70, 0x01,
    0x83, 0x7B, 0xFE, 0x0C, 0x1D, 0xFF, 0xFC, 0x60, 0xE7, 0xFF, 0xE3, 0x07, 0xFF, 0x03, 0x18, 0x1F,
    0xF0, 0x38, 0xC1, 0xFF, 0xCF, 0xC6, 0x0E, 0x0F, 0x78, 0x30, 0xE0, 0x39, 0xC3, 0x83, 0x01, 0xCF,
    0xFC, 0x1E, 0x1E, 0x3F, 0xE0, 0x7F, 0xE0, 0x73, 0x01, 0xFE, 0x00, 0x18, 0xFF, 0xFF, 0xFF, 0xFF,
    0x00, 0x1C, 0x0F, 0xFC, 0x3F, 0xFC, 0x3F, 0xF8, 0x70, 0x00, 0x73, 0xF0, 0x3F, 0xFC, 0x3F, 0xFC,
    0x3F, 0xFC, 0x77, 0xEC, 0x77, 0xEC, 0x77, 0xEC, 0x77, 0xEC, 0x3B, 0xCC, 0x38, 0x0C, 0x1C, 0x0C,
    0x0F, 0x0C, 0x06, 0x00, 0x00, 0x00, 0xFF, 0xFF, 0xFF, 0xFF, 0x00, 0x1C, 0x0F, 0xFC, 0x3F, 0xFC,
    0x3F, 0xF8, 0x70, 0x00, 0x73, 0xF0, 0x3F, 0xF8, 0x3F, 0xFC, 0x38, 0x1C, 0x70, 0x0C, 0x71, 0xFC,
    0x73, 0xFC, 0x73, 0xFC, 0x71, 0xCC, 0x38, 0x8C, 0x1C, 0x0C, 0x1E, 0x0C, 0x0F, 0x00, 0x02, 0x00,
    0xFF, 0xFF, 0xFF, 0xFF, 0xFF, 0xC0, 0x18, 0x70, 0x1F, 0xC3, 0x83, 0xFE, 0x1C, 0x1F, 0xF0, 0xE1,
    0xC0, 0x07, 0x0E, 0x00, 0x38, 0x3F, 0x81, 0xC1, 0xFF, 0x0E, 0x0F, 0xF8, 0x70, 0xF0, 0xE3, 0x87,
    0x0F, 0xFC, 0x38, 0xFF, 0xE1, 0xC7, 0xFF, 0x06, 0x1E, 0x38, 0x38, 0x71, 0xC0, 0xE0, 0x0E, 0x03,
    0x80, 0x70, 0x0E, 0x00, 0x00, 0x20, 0x00, 0x00, 0xFF, 0xFF, 0xF7, 0xFF, 0xFF, 0x80, 0x18, 0x70,
    0x1F, 0xC3, 0x83, 0xFE, 0x1C, 0x1F, 0xF0, 0xE1, 0xC0, 0x07, 0x0E, 0x70, 0x38, 0x3F, 0xE1, 0xC1,
    0xFF, 0x8E, 0x0E, 0x1C, 0x70, 0xE0, 0x63, 0x87, 0x0F, 0x1C, 0x38, 0xF0, 0xE1, 0xC7, 0x07, 0x0E,
    0x1F, 0xF8, 0x38, 0x7F, 0xC0, 0xE1, 0xFE, 0x07, 0x80, 0x70, 0x0E, 0x03, 0x80, 0x20, 0x00, 0x00,
    0xFF, 0xFF, 0xFF, 0xFF, 0xC0, 0x07, 0x01, 0xFF, 0x83, 0xFF, 0xC1, 0xFF, 0xC1, 0xC0, 0x00, 0xE7,
    0xE0, 0x3F, 0xF8, 0x1F, 0xFE, 0x0E, 0x07, 0x0E, 0x3B, 0x87, 0x3F, 0xC3, 0x9F, 0xE1, 0xCD, 0xB0,
    0xE6, 0xD8, 0x3B, 0xCC, 0x1E, 0xE6, 0x07, 0x80, 0x01, 0xC0, 0x00, 0x40, 0x00, 0xFF, 0xFF, 0xFF,
    0xFF, 0xC0, 0x07, 0x01, 0xFF, 0x83, 0xFF, 0xC1, 0xFF, 0xC1, 0xC0, 0x00, 0xE0, 0x00, 0x3F, 0xF0,
    0x1F, 0xFE, 0x0F, 0xFF, 0x0F, 0x1D, 0x87, 0x1E, 0xC3, 0x9F, 0x61, 0xCE, 0x30, 0xE7, 0x18, 0x3B,
    0xFC, 0x1C, 0xFE, 0x07, 0x3B, 0x01, 0xC1, 0x80, 0x40, 0x00, 0xFF, 0xFF, 0xFF, 0xF7, 0xFF, 0xFF,
    0xFF, 0x80, 0x18, 0x1C, 0x70, 0x1F, 0xC0, 0xE3, 0x83, 0xFE, 0x07, 0x1C, 0x1F, 0xF0, 0x38, 0xE1,
    0xC0, 0x07, 0xC7, 0x0E, 0x00, 0x7C, 0x38, 0x3F, 0x83, 0x81, 0xC1, 0xFF, 0x1C, 0x0E, 0x0F, 0xFC,
    0x70, 0xF0, 0x70, 0xFF, 0xFF, 0x87, 0x0F, 0xFF, 0xFC, 0x38, 0x7F, 0xFE, 0xE1, 0xC3, 0xC0, 0x07,
    0x07, 0x0E, 0x00, 0x38, 0x38, 0x00, 0x00, 0x00, 0xE0, 0x00, 0x00, 0x03, 0xC0, 0x00, 0x00, 0x0E,
    0x00, 0x00, 0x00, 0x20, 0x00, 0x00, 0x00, 0xFF, 0xFF, 0xFF, 0xFF, 0xF0, 0x01, 0xC0, 0x00, 0x70,
    0x0E, 0x3C, 0x0F, 0xFF, 0x87, 0xFF, 0xF1, 0xC7, 0x8C, 0x71, 0xC3, 0x9C, 0x70, 0xE7, 0x1C, 0x39,
    0xC0, 0x1C, 0x38, 0x07, 0x0F, 0x03, 0xC1, 0xF1, 0xE0, 0x18, 0x70, 0x00, 0x00, 0x00, 0xFF, 0xFF,
    0xFF, 0xFF, 0xF0, 0x01, 0xC0, 0x00, 0x70, 0x0E, 0x3C, 0x0F, 0xFF, 0x87, 0xFF, 0xF1, 0xC7, 0x9C,
    0x71, 0xCF, 0x9C, 0x77, 0xE7, 0x1F, 0xB9, 0xC0, 0x5C, 0x38, 0x07, 0x0F, 0x03, 0xC1, 0xF1, 0xE0,
    0x18, 0x70, 0x00, 0x00, 0x00, 0xFF, 0xFF, 0xFF, 0xFF, 0xF0, 0x01, 0xC0, 0x00, 0x70, 0x0E, 0x3C,
    0x0F, 0xFF, 0x87, 0xFF, 0xF1, 0xC7, 0x9C, 0x71, 0xCF, 0x9C, 0x77, 0xE7, 0x1F, 0xB9, 0xC0, 0x5C,
    0x38, 0x07, 0x0F, 0x03, 0xC1, 0xF1, 0xE0, 0x18, 0x70, 0x00, 0x00, 0x00, 0x00, 0x00, 0xC0, 0x00,
    0x78, 0x00, 0x0C, 0x00, 0x00, 0x0F, 0x9F, 0xFF, 0xF1, 0xFD, 0xFF, 0xFF, 0x38, 0xE0, 0x07, 0x03,
    0x8E, 0x00, 0x70, 0x39, 0xC0, 0x07, 0x01, 0xFC, 0x78, 0xF0, 0x0F, 0x8F, 0xFF, 0xC3, 0xFF, 0xFF,
    0xFC, 0x7D, 0xFC, 0x71, 0xC7, 0x03, 0x87, 0x0E, 0x40, 0x18, 0x70, 0xC0, 0x01, 0xC2, 0x1C, 0x00,
    0x1C, 0x01, 0xC0, 0x00, 0xF0, 0x38, 0x00, 0x07, 0x87, 0x80, 0x00, 0x38, 0x70, 0x00, 0x01, 0x86,
    0x00, 0xFF, 0xFF, 0xFF, 0xFF, 0xF0, 0xE0, 0xE0, 0x78, 0x38, 0x7F, 0x0E, 0x1F, 0xE3, 0x86, 0x1C,
    0xE0, 0x07, 0x38, 0x01, 0xCE, 0x00, 0x73, 0x87, 0x3C, 0xE3, 0xFE, 0x38, 0x7F, 0x0E, 0x03, 0x83,
    0x80, 0xF0, 0xE0, 0x1E, 0x38, 0x03, 0x00, 0x00, 0xFF, 0xFF, 0xFE, 0x0E, 0x01, 0xE0, 0x7F, 0x07,
    0xF8, 0x61, 0xC0, 0x1C, 0x01, 0xC0, 0x1C, 0x73, 0xCF, 0xF8, 0x7F, 0x00, 0xE0, 0x0F, 0x00, 0x78,
    0x03, 0x00, 0x00, 0xFF, 0xFF, 0xFE, 0x0E, 0x01, 0xE0, 0x7F, 0x07, 0xF8, 0x61, 0xC0, 0x1C, 0x01,
    0xC0, 0x1C, 0x73, 0xCF, 0xF8, 0x7F, 0x00, 0xE0, 0x0F, 0x06, 0x78, 0xF3, 0x06, 0x00, 0xFF, 0xFF,
    0xFF, 0xFF, 0xFF, 0xFF, 0x03, 0x80, 0x1C, 0x03, 0xF8, 0x1C, 0x03, 0xFE, 0x1C, 0x73, 0xFF, 0x1C,
    0x7F, 0x07, 0x1C, 0x7E, 0x07, 0x1C, 0x7C, 0x0F, 0x1C, 0x38, 0x3E, 0x1C, 0x38, 0x1C, 0x1C, 0x1C,
    0x1C, 0x3C, 0x0E, 0x0F, 0xFC, 0x07, 0x0F, 0xFC, 0x03, 0x83, 0xDC, 0x01, 0x80, 0x1C, 0x00, 0x00,
    0x00, 0xFF, 0xFF, 0xFF, 0xFF, 0xC7, 0x00, 0x03, 0xF0, 0x03, 0xFF, 0x03, 0xFF, 0xC1, 0xF0, 0xF0,
    0xF8, 0x38, 0x3C, 0x1C, 0x0C, 0x3E, 0x00, 0xFF, 0x00, 0xFF, 0x80, 0xF3, 0xC0, 0x73, 0xF0, 0x33,
    0xFC, 0x19, 0xCE, 0x0E, 0xE7, 0x03, 0xFF, 0x00, 0xFF, 0x80, 0x1E, 0x00, 0xFF, 0xFF, 0xFF, 0xFC,
    0x70, 0x00, 0xE0, 0x01, 0xC0, 0x03, 0xF0, 0x0F, 0xF8, 0x3F, 0xF8, 0x7C, 0x78, 0xF9, 0xF0, 0xF7,
    0xE0, 0xFF, 0xC0, 0x7B, 0x80, 0xC7, 0x00, 0x1C, 0x00, 0x38, 0x00, 0x20, 0xFF, 0xFF, 0xFF, 0xFF,
    0xFF, 0xC7, 0x00, 0x30, 0x3F, 0x81, 0x83, 0xFF, 0x0C, 0x3F, 0xFC, 0x61, 0xF0, 0xE3, 0x0F, 0x87,
    0x18, 0x38, 0x78, 0xC0, 0xCF, 0x86, 0x00, 0x38, 0x30, 0x01, 0xC3, 0x80, 0x0F, 0xFC, 0x00, 0x3F,
    0xE0, 0x00, 0x7B, 0x00, 0x00, 0x18, 0xFF, 0xFF, 0xFF, 0xFF, 0xFF, 0x18, 0x00, 0x01, 0xF0, 0x00,
    0x7F, 0xC0, 0x07, 0xFE, 0x00, 0x78, 0x7E, 0x07, 0x8F, 0xF8, 0x38, 0xFF, 0xC0, 0x0F, 0x9C, 0x00,
    0xF8, 0xE0, 0x07, 0x0E, 0x00, 0x00, 0xE0, 0x00, 0x0E, 0x00, 0x01, 0xC0, 0x00, 0x1C, 0xFF, 0xFD,
    0xFF, 0xF8, 0x03, 0x80, 0x07, 0x00, 0x7E, 0x03, 0xFC, 0x0F, 0xF8, 0x3C, 0x00, 0x70, 0x00, 0xE1,
    0xE1, 0xC3, 0xC3, 0xC7, 0x83, 0xFF, 0x03, 0xFC, 0x01, 0xF8, 0x00, 0x38, 0x00, 0xF8, 0x03, 0xF8,
    0x67, 0x79, 0xE0, 0x71, 0xF1, 0xE0, 0xFF, 0x80, 0xFE, 0x00, 0xFF, 0xFC, 0x3F, 0xFF, 0x00, 0x0E,
    0x00, 0x03, 0x80, 0x07, 0xE0, 0x07, 0xF8, 0x03, 0xFE, 0x01, 0xE0, 0x00, 0x70, 0x00, 0x1C, 0x18,
    0x07, 0x0F, 0x01, 0xE3, 0xC0, 0x3F, 0xF0, 0x07, 0xF8, 0x00, 0x7E, 0x00, 0x01, 0xC0, 0x00, 0xF8,
    0x00, 0xFF, 0x00, 0x3F, 0xE0, 0x1C, 0x3C, 0x07, 0x07, 0x80, 0xFC, 0xE0, 0x1F, 0x18, 0x00, 0x04,
    0xFF, 0xFD, 0xFF, 0xF8, 0x03, 0x80, 0x07, 0x00, 0x7E, 0x03, 0xFC, 0x0F, 0xF8, 0x3C, 0x00, 0x70,
    0x00, 0xE0, 0xC1, 0xC3, 0xC3, 0xC7, 0x83, 0xFF, 0x03, 0xFC, 0x01, 0xF8, 0x00, 0x38, 0x00, 0xF0,
    0x03, 0xC0, 0x07, 0x00, 0x0C, 0x00, 0x1C, 0xC0, 0x3F, 0xC0, 0x3F, 0x00, 0xFF, 0xFF, 0xFF, 0xFF,
    0x03, 0x80, 0x03, 0x80, 0x03, 0xF0, 0x23, 0xF8, 0x7F, 0xFC, 0x7F, 0x1C, 0x7E, 0x1C, 0x78, 0x1C,
    0x38, 0x3C, 0x1C, 0x38, 0x0E, 0x10, 0x07, 0x00, 0x03, 0x80, 0x01, 0x80, 0x00, 0x00, 0xFF, 0xFF,
    0xFF, 0xFF, 0xFF, 0x03, 0x80, 0x00, 0x38, 0x00, 0x03, 0x9C, 0x00, 0x3B, 0xF0, 0x7F, 0xFF, 0x87,
    0xFE, 0x3C, 0x7E, 0x61, 0xC7, 0x87, 0xEE, 0x38, 0x7E, 0xE1, 0xC1, 0xE6, 0x0E, 0x00, 0x40, 0x70,
    0x00, 0x03, 0x80, 0x00, 0x18, 0x00, 0x00, 0x00, 0x00, 0xFF, 0xFF, 0xFF, 0xFF, 0x03, 0x80, 0x03,
    0x80, 0x03, 0xF0, 0x23, 0xF8, 0x7F, 0xFC, 0x7F, 0x1C, 0x7E, 0x1C, 0x78, 0x1C, 0x38, 0x3C, 0x1C,
    0x38, 0x0E, 0x10, 0x3F, 0x00, 0x7B, 0x80, 0x31, 0x80, 0x00, 0x00, 0xFF, 0xFF, 0xFF, 0xFF, 0xFF,
    0x03, 0x80, 0x00, 0x38, 0x00, 0x03, 0x9C, 0x00, 0x3B, 0xF0, 0x7F, 0xFF, 0x87, 0xFE, 0x3C, 0x7E,
    0x61, 0xC7, 0x87, 0xEE, 0x38, 0x7E, 0xE1, 0xC1, 0xE6, 0x0E, 0x00, 0x43, 0xF0, 0x00, 0x7B, 0x80,
    0x03, 0x18, 0x00, 0x00, 0x00, 0x00, 0x0F, 0x9F, 0xC3, 0xFB, 0xF8, 0xE7, 0x9C, 0x1C, 0x73, 0x83,
    0x8C, 0x70, 0x3B, 0x8E, 0x07, 0xE1, 0xC0, 0xFF, 0x38, 0xFF, 0xFF, 0x1F, 0x0F, 0xE1, 0x00, 0x1C,
    0x00, 0x03, 0x80, 0x00, 0x70, 0x00, 0x0E, 0x00, 0x01, 0xC0, 0x00, 0x38, 0x00, 0x0F, 0x00, 0x03,
    0xE0, 0x00, 0x60, 0x00, 0x1C, 0x00, 0x01, 0x8C, 0x00, 0x3F, 0x80, 0x03, 0xF0, 0xFF, 0xFF, 0xFF,
    0xF0, 0x06, 0x03, 0xF8, 0x3F, 0xE0, 0xFF, 0x87, 0x00, 0x1C, 0x00, 0x3F, 0x80, 0x7F, 0x83, 0xFF,
    0x0E, 0x1C, 0x70, 0x31, 0xC1, 0xC3, 0x0F, 0x0E, 0x18, 0x1D, 0xC0, 0x7F, 0xC0, 0x7F, 0x08, 0x8C,
    0x70, 0x39, 0xE0, 0xC3, 0xFF, 0x03, 0xF8, 0x03, 0xC0, 0xFF, 0xFD, 0xFF, 0xF8, 0x01, 0x80, 0x7F,
    0x03, 0xFE, 0x07, 0xFC, 0x1C, 0x00, 0x38, 0x00, 0x3F, 0x80, 0x3F, 0xC0, 0xFF, 0xC1, 0xC3, 0x87,
    0x03, 0x0E, 0x0E, 0x0C, 0x3C, 0x1C, 0x30, 0x1E, 0x00, 0x1F, 0x00, 0x7F, 0x81, 0xEF, 0x83, 0x87,
    0x87, 0x07, 0x07, 0xE7, 0x0F, 0xC6, 0x07, 0x08, 0xFF, 0xFF, 0xFF, 0xF8, 0x01, 0x80, 0x7F, 0x03,
    0xFE, 0x07, 0xFC, 0x1C, 0x00, 0x38, 0x00, 0x3F, 0x80, 0x7F, 0xC0, 0xFF, 0xC3, 0xC3, 0x87, 0x0F,
    0x0E, 0x3E, 0x1C, 0x70, 0x1C, 0xE0, 0x39, 0xFC, 0x3D, 0xF8, 0x3D, 0xF0, 0x30, 0x00, 0x00, 0x00,
    0xFF, 0xFF, 0xFF, 0xF8, 0x01, 0x80, 0x7F, 0x03, 0xFE, 0x07, 0xFC, 0x1C, 0x00, 0x38, 0x00, 0x3F,
    0x80, 0x7F, 0xC0, 0xFF, 0xC3, 0xC3, 0x87, 0x0F, 0x0E, 0x3E, 0x1C, 0x70, 0x1C, 0xE0, 0x39, 0xFC,
    0x3D, 0xF8, 0x3F, 0xE0, 0x36, 0x00, 0x0F, 0xE0, 0x0F, 0xC0, 0x0F, 0x00, 0xFF, 0xFF, 0xFF, 0xF0,
    0x06, 0x03, 0xF8, 0x3F, 0xE0, 0xFF, 0x87, 0x00, 0x0C, 0x00, 0x3F, 0x80, 0x7F, 0x83, 0xFF, 0x1E,
    0x0C, 0x70, 0x30, 0xC3, 0xC3, 0x86, 0x0F, 0x70, 0xFF, 0xF3, 0xDF, 0xCE, 0x23, 0x06, 0x0E, 0x1C,
    0x70, 0x7F, 0xC0, 0x7E, 0x00, 0xFF, 0xFC, 0xFF, 0xFC, 0x00, 0x60, 0x0F, 0xE0, 0x3F, 0xE0, 0x3F,
    0xE0, 0x70, 0x00, 0x30, 0x00, 0x3F, 0x80, 0x1F, 0xE0, 0x3F, 0xF0, 0x78, 0x30, 0x70, 0x30, 0x30,
    0xF0, 0x3C, 0x60, 0x7F, 0xC0, 0xEF, 0xF0, 0xEF, 0xF8, 0x7C, 0x3C, 0x1C, 0x1C, 0x1C, 0x4E, 0x0F,
    0xCE, 0x07, 0xC6, 0xFF, 0xFF, 0xFF, 0xF0, 0x06, 0x03, 0xF8, 0x3F, 0xE0, 0xFF, 0x87, 0x00, 0x1C,
    0x00, 0x3F, 0x80, 0x7F, 0x83, 0xFF, 0x0E, 0x3E, 0x73, 0xF9, 0xCE, 0xE3, 0x37, 0x0E, 0x1C, 0x1D,
    0xC0, 0x7F, 0xC0, 0x7F, 0x08, 0x8C, 0x70, 0x39, 0xE0, 0xC3, 0xFF, 0x03, 0xF8, 0x03, 0xC0, 0xFF,
    0xFD, 0xFF, 0xF8, 0x01, 0x80, 0x7F, 0x03, 0xFE, 0x07, 0xFC, 0x1C, 0x00, 0x38, 0x00, 0x3F, 0x80,
    0x3F, 0xC0, 0xFF, 0xC1, 0xC7, 0xC7, 0x3F, 0x8E, 0x77, 0x0E, 0xDC, 0x1E, 0x38, 0x1F, 0x80, 0x1F,
    0xC0, 0x7F, 0xC1, 0xC3, 0xC3, 0x83, 0x83, 0xF3, 0x87, 0xF3, 0x03, 0xC6, 0x00, 0x00, 0x3E, 0x7E,
    0x70, 0x60, 0x60, 0x70, 0x38, 0xFF, 0xEF, 0xFE, 0x00, 0x00, 0x00, 0x00, 0x00, 0x00, 0x60, 0x0F,
    0xFE, 0x3F, 0xE0, 0x7C, 0x0F, 0x01, 0xF8, 0x3F, 0xC7, 0x9E, 0x70, 0xE2, 0x04, 0xEE, 0xE0, 0x7D,
    0xFB, 0x86, 0xED, 0xDF, 0x9C, 0x00, 0x7C, 0x7E, 0x39, 0x1B, 0xED, 0xF7, 0xF9, 0xC0, 0xFC, 0xEF,
    0xDD, 0x3B, 0x83, 0x80, 0x30, 0x07, 0x00, 0xE0, 0xFC, 0x30, 0xFF, 0xFD, 0x3F, 0xF0, 0x3F, 0xE0,
    0x37, 0x00, 0x70, 0x00, 0xE0, 0x00, 0xFD, 0xF3, 0xFF, 0x93, 0xE0, 0x0E, 0x00, 0x30, 0x01, 0xC0,
    0x0E, 0x00, 0xFD, 0xF3, 0xFF, 0x93, 0xE0, 0x0E, 0xE0, 0x37, 0x01, 0xF8, 0x0E, 0x00, 0xFD, 0xF0,
    0xFF, 0xE1, 0x3E, 0x40, 0x3B, 0xE0, 0x37, 0xC0, 0x7F, 0x80, 0xE0, 0x00, 0x7C, 0xEF, 0xFC, 0x3B,
    0xFB, 0x8F, 0xF0, 0xFE, 0x00, 0xE0, 0x7C, 0x70, 0xFF, 0xF9, 0xFF, 0xF7, 0xFF, 0xEF, 0xF7, 0x08,
    0xE0, 0x00, 0xE0, 0x00, 0x7D, 0xF3, 0xFF, 0x83, 0xE1, 0xEE, 0x0F, 0xF0, 0x3F, 0xC0, 0x0E, 0x00,
    0x7D, 0xF7, 0xFF, 0x0F, 0x8F, 0x72, 0xFF, 0x77, 0xFF, 0x03, 0xA0, 0x7D, 0xF0, 0xFF, 0xE0, 0x3E,
    0x47, 0xBB, 0xEF, 0xF7, 0xCF, 0xFF, 0x80, 0xE0, 0x00, 0x0C, 0x38, 0x79, 0xF9, 0xFF, 0xFF, 0x87,
    0xFE, 0x1F, 0xE0, 0x07, 0x00, 0x0C, 0x0D, 0x07, 0xBF, 0xF9, 0xFF, 0xFF, 0xFF, 0xE7, 0xFE, 0xE1,
    0xFE, 0x00, 0x07, 0x00, 0x0E, 0x7E, 0x1E, 0xF9, 0x9F, 0x83, 0xFF, 0x07, 0xFE, 0x03, 0xFC, 0x00,
    0x38, 0x00, 0x0E, 0x3E, 0x1E, 0xFD, 0x9F, 0x83, 0xFF, 0x67, 0xFF, 0xC7, 0xFD, 0x80, 0x38, 0x00,
    0x0E, 0x3E, 0x07, 0xBF, 0x19, 0xF9, 0x0F, 0xFF, 0xF7, 0xFF, 0xF8, 0xFF, 0x78, 0x03, 0x80, 0x0E,
    0x1D, 0xD9, 0xFF, 0x3F, 0xE3, 0xF8, 0x1C, 0x00, 0x60, 0xFD, 0xC1, 0xF9, 0xC7, 0x83, 0xFE, 0x03,
    0xFC, 0x01, 0xDC, 0x00, 0x1C, 0x00, 0x60, 0xFD, 0xC1, 0xF9, 0xC7, 0x83, 0xFE, 0xE3, 0xFD, 0xC1,
    0xDF, 0x80, 0x1C, 0x00, 0x60, 0xFC, 0x70, 0x7E, 0x1C, 0x79, 0x0F, 0xFB, 0xE3, 0xFD, 0xF0, 0x77,
    0xF8, 0x01, 0xC0, 0x00, 0x63, 0x0F, 0xFE, 0x3F, 0xFF, 0xFF, 0x7F, 0xF8, 0x71, 0xC0, 0x00, 0x0E,
    0x07, 0xFE, 0x77, 0xF7, 0x3F, 0x80, 0x18, 0x01, 0xC0, 0x1C, 0xC0, 0x58, 0xE0, 0xFE, 0xFE, 0xFE,
    0x7F, 0xFE, 0x3F, 0xB8, 0x01, 0xC0, 0x01, 0xC0, 0xC0, 0xFB, 0x87, 0xEF, 0xFC, 0x1F, 0xE0, 0x3F,
    0x80, 0x07, 0x00, 0x1C, 0x00, 0xC0, 0xFF, 0x0F, 0xFF, 0xF0, 0xFF, 0x73, 0xFB, 0x80, 0xFC, 0x07,
    0x00, 0xC0, 0xF9, 0xC3, 0xF3, 0xFF, 0x23, 0xFF, 0xF3, 0xFF, 0xE0, 0x3F, 0x80, 0x70, 0x00, 0x0F,
    0xFF, 0xBF, 0x0E, 0x1C, 0x00, 0x00, 0x07, 0x03, 0xFB, 0xFF, 0x77, 0xEE, 0x71, 0xC0, 0x38, 0x00,
    0x07, 0xC1, 0xFB, 0xB8, 0x7E, 0x0E, 0xC1, 0xDC, 0x3B, 0x80, 0x07, 0xC3, 0xFE, 0xE3, 0xF7, 0xED,
    0xFB, 0x7E, 0xE0, 0x07, 0xC0, 0xFC, 0xEE, 0x4F, 0xFF, 0xEF, 0xFE, 0xDE, 0xEE, 0x00, 0x1F, 0x80,
    0xFF, 0x87, 0x8F, 0x1C, 0x1C, 0x70, 0x39, 0xC0, 0x77, 0x01, 0xFF, 0x80, 0xFE, 0x00, 0xE0, 0x03,
    0x80, 0x0E, 0x00, 0x38, 0x00, 0xE0, 0x03, 0x80, 0x0E, 0x00, 0x38, 0x00, 0xE0, 0x03, 0x80, 0x0E,
    0x00, 0x38, 0x00, 0xE0, 0x03, 0x80, 0x00, 0x1F, 0xC0, 0x1F, 0xF8, 0x1E, 0x1E, 0x0E, 0x03, 0x87,
    0x00, 0xE3, 0x80, 0x39, 0xC0, 0x1D, 0xFC, 0x00, 0xFE, 0x00, 0x1C, 0x00, 0x0E, 0x00, 0x07, 0x00,
    0x03, 0x80, 0x01, 0xC0, 0x00, 0xE0, 0x00, 0x70, 0x00, 0x38, 0x00, 0x1C, 0x00, 0x0E, 0x00, 0x07,
    0x00, 0x03, 0x80, 0x01, 0xC0, 0x00, 0xE0, 0x00, 0x1F, 0xE0, 0x0F, 0xFE, 0x07, 0x87, 0xC1, 0xC0,
    0x78, 0x70, 0x07, 0x1C, 0x00, 0xE7, 0x00, 0x1F, 0xF8, 0x00, 0xFE, 0x00, 0x0E, 0x00, 0x03, 0x80,
    0x00, 0xE0, 0x00, 0x38, 0x00, 0x0E, 0x00, 0x03, 0x80, 0x00, 0xE0, 0x00, 0x38, 0x00, 0x0E, 0x00,
    0x03, 0x80, 0x00, 0xE0, 0x00, 0x38, 0x00, 0x0E, 0x00, 0x03, 0x80, 0x00, 0x1F, 0xE0, 0x07, 0xFF,
    0x01, 0xE0, 0xF8, 0x38, 0x07, 0x87, 0x00, 0x78, 0xE0, 0x07, 0x1C, 0x00, 0x77, 0xF0, 0x00, 0xFE,
    0x00, 0x07, 0x00, 0x00, 0xE0, 0x00, 0x1C, 0x00, 0x03, 0x80, 0x00, 0x70, 0x00, 0x0E, 0x00, 0x01,
    0xC0, 0x00, 0x38, 0x00, 0x07, 0x00, 0x00, 0xE0, 0x00, 0x1C, 0x00, 0x03, 0x80, 0x00, 0x70, 0x00,
    0x0E, 0x00, 0x00, 0x1F, 0xF0, 0x07, 0xFF, 0x81, 0xF0, 0xF8, 0x38, 0x07, 0x87, 0x00, 0x38, 0xE0,
    0x03, 0x9C, 0x00, 0x3F, 0xF0, 0x00, 0xFE, 0x00, 0x07, 0x00, 0x00, 0xE0, 0x00, 0x1C, 0x00, 0x03,
    0x80, 0x00, 0x70, 0x00, 0x0E, 0x00, 0x01, 0xC0, 0x00, 0x38, 0x00, 0x07, 0x00, 0x00, 0xE0, 0x00,
    0x1C, 0x00, 0x03, 0x80, 0x00, 0x70, 0x00, 0x0E, 0x00, 0x00, 0x1F, 0xF0, 0x03, 0xFF, 0xC0, 0x7C,
    0x3F, 0x07, 0x00, 0x78, 0x70, 0x01, 0xC7, 0x00, 0x0E, 0x70, 0x00, 0x7F, 0xE0, 0x00, 0xFE, 0x00,
    0x03, 0x80, 0x00, 0x38, 0x00, 0x03, 0x80, 0x00, 0x38, 0x00, 0x03, 0x80, 0x00, 0x38, 0x00, 0x03,
    0x80, 0x00, 0x38, 0x00, 0x03, 0x80, 0x00, 0x38, 0x00, 0x03, 0x80, 0x00, 0x38, 0x00, 0x03, 0x80,
    0x00, 0x38, 0x00, 0x00, 0x1F, 0xF0, 0x01, 0xFF, 0xE0, 0x1F, 0x0F, 0xC0, 0xE0, 0x0F, 0x07, 0x00,
    0x1C, 0x38, 0x00, 0x71, 0xC0, 0x01, 0xDF, 0xC0, 0x00, 0xFE, 0x00, 0x01, 0xC0, 0x00, 0x0E, 0x00,
    0x00, 0x70, 0x00, 0x03, 0x80, 0x00, 0x1C, 0x00, 0x00, 0xE0, 0x00, 0x07, 0x00, 0x00, 0x38, 0x00,
    0x01, 0xC0, 0x00, 0x0E, 0x00, 0x00, 0x70, 0x00, 0x03, 0x80, 0x00, 0x1C, 0x00, 0x00, 0xE0, 0x00,
    0x00, 0x1F, 0xF8, 0x00, 0xFF, 0xF8, 0x07, 0xC1, 0xF8, 0x1C, 0x00, 0xF0, 0x70, 0x00, 0xF1, 0xC0,
    0x01, 0xE7, 0x00, 0x03, 0xBF, 0x80, 0x00, 0xFE, 0x00, 0x00, 0xE0, 0x00, 0x03, 0x80, 0x00, 0x0E,
    0x00, 0x00, 0x38, 0x00, 0x00, 0xE0, 0x00, 0x03, 0x80, 0x00, 0x0E, 0x00, 0x00, 0x38, 0x00, 0x00,
    0xE0, 0x00, 0x03, 0x80, 0x00, 0x0E, 0x00, 0x00, 0x38, 0x00, 0x00, 0xE0, 0x00, 0x03, 0x80, 0x00,
    0x00, 0x1F, 0xF8, 0x00, 0xFF, 0xFC, 0x07, 0xC1, 0xF8, 0x1C, 0x00, 0xF8, 0x70, 0x00, 0xF1, 0xC0,
    0x01, 0xE7, 0x00, 0x01, 0xFF, 0x80, 0x00, 0xFE, 0x00, 0x00, 0xE0, 0x00, 0x03, 0x80, 0x00, 0x0E,
    0x00, 0x00, 0x38, 0x00, 0x00, 0xE0, 0x00, 0x03, 0x80, 0x00, 0x0E, 0x00, 0x00, 0x38, 0x00, 0x00,
    0xE0, 0x00, 0x03, 0x80, 0x00, 0x0E, 0x00, 0x00, 0x38, 0x00, 0x00, 0xE0, 0x00, 0x03, 0x80, 0x00,
    0x00, 0x0F, 0xFC, 0x00, 0x7F, 0xFE, 0x01, 0xF0, 0x7F, 0x03, 0x80, 0x0F, 0x07, 0x00, 0x07, 0x8E,
    0x00, 0x07, 0x9C, 0x00, 0x07, 0xFF, 0x00, 0x00, 0xFE, 0x00, 0x00, 0x70, 0x00, 0x00, 0xE0, 0x00,
    0x01, 0xC0, 0x00, 0x03, 0x80, 0x00, 0x07, 0x00, 0x00, 0x0E, 0x00, 0x00, 0x1C, 0x00, 0x00, 0x38,
    0x00, 0x00, 0x70, 0x00, 0x00, 0xE0, 0x00, 0x01, 0xC0, 0x00, 0x03, 0x80, 0x00, 0x07, 0x00, 0x00,
    0x0E, 0x00, 0x00, 0x00, 0x0F, 0xFE, 0x00, 0x1F, 0xFF, 0xC0, 0x1F, 0x03, 0xF8, 0x0E, 0x00, 0x1F,
    0x07, 0x00, 0x03, 0xE3, 0x80, 0x00, 0x79, 0xC0, 0x00, 0x1F, 0xFC, 0x00, 0x00, 0xFE, 0x00, 0x00,
    0x1C, 0x00, 0x00, 0x0E, 0x00, 0x00, 0x07, 0x00, 0x00, 0x03, 0x80, 0x00, 0x01, 0xC0, 0x00, 0x00,
    0xE0, 0x00, 0x00, 0x70, 0x00, 0x00, 0x38, 0x00, 0x00, 0x1C, 0x00, 0x00, 0x0E, 0x00, 0x00, 0x07,
    0x00, 0x00, 0x03, 0x80, 0x00, 0x01, 0xC0, 0x00, 0x00, 0xE0, 0x00, 0x00, 0x0F, 0xFF, 0x00, 0x03,
    0xFF, 0xFE, 0x00, 0x7C, 0x07, 0xF8, 0x07, 0x00, 0x07, 0xE0, 0x70, 0x00, 0x0F, 0x87, 0x00, 0x00,
    0x3C, 0x70, 0x00, 0x01, 0xEF, 0xE0, 0x00, 0x00, 0xFE, 0x00, 0x00, 0x03, 0x80, 0x00, 0x00, 0x38,
    0x00, 0x00, 0x03, 0x80, 0x00, 0x00, 0x38, 0x00, 0x00, 0x03, 0x80, 0x00, 0x00, 0x38, 0x00, 0x00,
    0x03, 0x80, 0x00, 0x00, 0x38, 0x00, 0x00, 0x03, 0x80, 0x00, 0x00, 0x38, 0x00, 0x00, 0x03, 0x80,
    0x00, 0x00, 0x38, 0x00, 0x00, 0x03, 0x80, 0x00, 0x00, 0x38, 0x00, 0x00, 0x00, 0x0F, 0xFF, 0x80,
    0x01, 0xFF, 0xFF, 0x80, 0x1F, 0x80, 0xFF, 0x80, 0xE0, 0x00, 0x3E, 0x07, 0x00, 0x00, 0x7C, 0x38,
    0x00, 0x00, 0xF9, 0xC0, 0x00, 0x01, 0xFF, 0xC0, 0x00, 0x00, 0xFE, 0x00, 0x00, 0x01, 0xC0, 0x00,
    0x00, 0x0E, 0x00, 0x00, 0x00, 0x70, 0x00, 0x00, 0x03, 0x80, 0x00, 0x00, 0x1C, 0x00, 0x00, 0x00,
    0xE0, 0x00, 0x00, 0x07, 0x00, 0x00, 0x00, 0x38, 0x00, 0x00, 0x01, 0xC0, 0x00, 0x00, 0x0E, 0x00,
    0x00, 0x00, 0x70, 0x00, 0x00, 0x03, 0x80, 0x00, 0x00, 0x1C, 0x00, 0x00, 0x00, 0xE0, 0x00, 0x00,
    0x00, 0x0F, 0xFF, 0xC0, 0x00, 0x3F, 0xFF, 0xFC, 0x00, 0x7E, 0x01, 0xFF, 0x80, 0x70, 0x00, 0x0F,
    0xE0, 0x70, 0x00, 0x00, 0xF8, 0x70, 0x00, 0x00, 0x3C, 0x70, 0x00, 0x00, 0x0F, 0xFE, 0x00, 0x00,
    0x00, 0xFE, 0x00, 0x00, 0x00, 0x38, 0x00, 0x00, 0x00, 0x38, 0x00, 0x00, 0x00, 0x38, 0x00, 0x00,
    0x00, 0x38, 0x00, 0x00, 0x00, 0x38, 0x00, 0x00, 0x00, 0x38, 0x00, 0x00, 0x00, 0x38, 0x00, 0x00,
    0x00, 0x38, 0x00, 0x00, 0x00, 0x38, 0x00, 0x00, 0x00, 0x38, 0x00, 0x00, 0x00, 0x38, 0x00, 0x00,
    0x00, 0x38, 0x00, 0x00, 0x00, 0x38, 0x00, 0x00, 0x00, 0x38, 0x00, 0x00, 0x00, 0x0F, 0xFF, 0xF0,
    0x00, 0x07, 0xFF, 0xFF, 0xE0, 0x00, 0xFC, 0x01, 0xFF, 0x80, 0x38, 0x00, 0x00, 0xFE, 0x07, 0x00,
    0x00, 0x03, 0xF0, 0xE0, 0x00, 0x00, 0x0F, 0x1C, 0x00, 0x00, 0x00, 0x7F, 0xF0, 0x00, 0x00, 0x00,
    0xFE, 0x00, 0x00, 0x00, 0x07, 0x00, 0x00, 0x00, 0x00, 0xE0, 0x00, 0x00, 0x00, 0x1C, 0x00, 0x00,
    0x00, 0x03, 0x80, 0x00, 0x00, 0x00, 0x70, 0x00, 0x00, 0x00, 0x0E, 0x00, 0x00, 0x00, 0x01, 0xC0,
    0x00, 0x00, 0x00, 0x38, 0x00, 0x00, 0x00, 0x07, 0x00, 0x00, 0x00, 0x00, 0xE0, 0x00, 0x00, 0x00,
    0x1C, 0x00, 0x00, 0x00, 0x03, 0x80, 0x00, 0x00, 0x00, 0x70, 0x00, 0x00, 0x00, 0x0E, 0x00, 0x00,
    0x00, 0x00, 0x1F, 0x80, 0x3F, 0xE7, 0x78, 0xF7, 0x70, 0x77, 0x70, 0x38, 0x70, 0x1C, 0x70, 0x1C,
    0xFE, 0x00, 0xFE, 0x00, 0x38, 0x00, 0x38, 0x00, 0x38, 0x00, 0x38, 0x00, 0x38, 0x00, 0x38, 0x00,
    0x38, 0x00, 0x38, 0x00, 0x38, 0x00, 0x38, 0x00, 0x38, 0x00, 0x38, 0x00, 0x38, 0x00, 0x38, 0x00,
    0x1F, 0xC0, 0x0F, 0xFC, 0x77, 0x87, 0x9D, 0xC0, 0x77, 0x70, 0x0E, 0x1C, 0x01, 0xC7, 0x00, 0x73,
    0xF8, 0x00, 0xFE, 0x00, 0x0E, 0x00, 0x03, 0x80, 0x00, 0xE0, 0x00, 0x38, 0x00, 0x0E, 0x00, 0x03,
    0x80, 0x00, 0xE0, 0x00, 0x38, 0x00, 0x0E, 0x00, 0x03, 0x80, 0x00, 0xE0, 0x00, 0x38, 0x00, 0x0E,
    0x00, 0x03, 0x80, 0x00, 0x1F, 0xE0, 0x07, 0xFF, 0x1D, 0xE1, 0xF3, 0xB8, 0x0F, 0x77, 0x00, 0x70,
    0xE0, 0x07, 0x1C, 0x00, 0x77, 0xF0, 0x00, 0xFE, 0x00, 0x07, 0x00, 0x00, 0xE0, 0x00, 0x1C, 0x00,
    0x03, 0x80, 0x00, 0x70, 0x00, 0x0E, 0x00, 0x01, 0xC0, 0x00, 0x38, 0x00, 0x07, 0x00, 0x00, 0xE0,
    0x00, 0x1C, 0x00, 0x03, 0x80, 0x00, 0x70, 0x00, 0x0E, 0x00, 0x00, 0x1F, 0xE0, 0x03, 0xFF, 0x87,
    0x78, 0x3E, 0xF7, 0x00, 0xF7, 0x70, 0x07, 0x87, 0x00, 0x38, 0x70, 0x01, 0xCF, 0xE0, 0x00, 0xFE,
    0x00, 0x03, 0x80, 0x00, 0x38, 0x00, 0x03, 0x80, 0x00, 0x38, 0x00, 0x03, 0x80, 0x00, 0x38, 0x00,
    0x03, 0x80, 0x00, 0x38, 0x00, 0x03, 0x80, 0x00, 0x38, 0x00, 0x03, 0x80, 0x00, 0x38, 0x00, 0x03,
    0x80, 0x00, 0x38, 0x00, 0x00, 0x1F, 0xF0, 0x03, 0xFF, 0xC7, 0x7C, 0x3E, 0x77, 0x00, 0xF7, 0x70,
    0x03, 0x87, 0x00, 0x1C, 0x70, 0x00, 0xEF, 0xE0, 0x00, 0xFE, 0x00, 0x03, 0x80, 0x00, 0x38, 0x00,
    0x03, 0x80, 0x00, 0x38, 0x00, 0x03, 0x80, 0x00, 0x38, 0x00, 0x03, 0x80, 0x00, 0x38, 0x00, 0x03,
    0x80, 0x00, 0x38, 0x00, 0x03, 0x80, 0x00, 0x38, 0x00, 0x03, 0x80, 0x00, 0x38, 0x00, 0x00, 0x1F,
    0xF0, 0x00, 0xFF, 0xF0, 0xE7, 0xC3, 0xF3, 0x9C, 0x01, 0xEE, 0x70, 0x01, 0xC1, 0xC0, 0x03, 0x87,
    0x00, 0x07, 0x3F, 0x80, 0x00, 0xFE, 0x00, 0x00, 0xE0, 0x00, 0x03, 0x80, 0x00, 0x0E, 0x00, 0x00,
    0x38, 0x00, 0x00, 0xE0, 0x00, 0x03, 0x80, 0x00, 0x0E, 0x00, 0x00, 0x38, 0x00, 0x00, 0xE0, 0x00,
    0x03, 0x80, 0x00, 0x0E, 0x00, 0x00, 0x38, 0x00, 0x00, 0xE0, 0x00, 0x03, 0x80, 0x00, 0x00, 0x1F,
    0xF0, 0x00, 0xFF, 0xF0, 0xE7, 0xC3, 0xF3, 0xDC, 0x01, 0xEE, 0x70, 0x01, 0xC1, 0xC0, 0x03, 0x87,
    0x00, 0x07, 0x3F, 0x80, 0x00, 0xFE, 0x00, 0x00, 0xE0, 0x00, 0x03, 0x80, 0x00, 0x0E, 0x00, 0x00,
    0x38, 0x00, 0x00, 0xE0, 0x00, 0x03, 0x80, 0x00, 0x0E, 0x00, 0x00, 0x38, 0x00, 0x00, 0xE0, 0x00,
    0x03, 0x80, 0x00, 0x0E, 0x00, 0x00, 0x38, 0x00, 0x00, 0xE0, 0x00, 0x03, 0x80, 0x00, 0x00, 0x1F,
    0xF8, 0x00, 0x7F, 0xFC, 0x19, 0xF0, 0x7E, 0x7B, 0x80, 0x1E, 0x67, 0x00, 0x0F, 0x0E, 0x00, 0x0F,
    0x1C, 0x00, 0x0E, 0x7F, 0x00, 0x00, 0xFE, 0x00, 0x00, 0x70, 0x00, 0x00, 0xE0, 0x00, 0x01, 0xC0,
    0x00, 0x03, 0x80, 0x00, 0x07, 0x00, 0x00, 0x0E, 0x00, 0x00, 0x1C, 0x00, 0x00, 0x38, 0x00, 0x00,
    0x70, 0x00, 0x00, 0xE0, 0x00, 0x01, 0xC0, 0x00, 0x03, 0x80, 0x00, 0x07, 0x00, 0x00, 0x0E, 0x00,
    0x00, 0x00, 0x1F, 0xF8, 0x00, 0x7F, 0xFE, 0x1D, 0xF0, 0x7E, 0x3B, 0x80, 0x1F, 0x77, 0x00, 0x0F,
    0x0E, 0x00, 0x0F, 0x1C, 0x00, 0x07, 0x7F, 0x00, 0x00, 0xFE, 0x00, 0x00, 0x70, 0x00, 0x00, 0xE0,
    0x00, 0x01, 0xC0, 0x00, 0x03, 0x80, 0x00, 0x07, 0x00, 0x00, 0x0E, 0x00, 0x00, 0x1C, 0x00, 0x00,
    0x38, 0x00, 0x00, 0x70, 0x00, 0x00, 0xE0, 0x00, 0x01, 0xC0, 0x00, 0x03, 0x80, 0x00, 0x07, 0x00,
    0x00, 0x0E, 0x00, 0x00, 0x00, 0x0F, 0xFC, 0x00, 0x3F, 0xFF, 0x07, 0x7C, 0x1F, 0xC7, 0x70, 0x01,
    0xE7, 0x70, 0x00, 0x78, 0x70, 0x00, 0x3C, 0x70, 0x00, 0x1E, 0xFE, 0x00, 0x00, 0xFE, 0x00, 0x00,
    0x38, 0x00, 0x00, 0x38, 0x00, 0x00, 0x38, 0x00, 0x00, 0x38, 0x00, 0x00, 0x38, 0x00, 0x00, 0x38,
    0x00, 0x00, 0x38, 0x00, 0x00, 0x38, 0x00, 0x00, 0x38, 0x00, 0x00, 0x38, 0x00, 0x00, 0x38, 0x00,
    0x00, 0x38, 0x00, 0x00, 0x38, 0x00, 0x00, 0x38, 0x00, 0x00, 0x0F, 0xFE, 0x00, 0x0F, 0xFF, 0xE0,
    0xE7, 0xC0, 0xFE, 0x39, 0xC0, 0x03, 0xEE, 0x70, 0x00, 0x3E, 0x1C, 0x00, 0x03, 0xC7, 0x00, 0x00,
    0x7B, 0xF8, 0x00, 0x00, 0xFE, 0x00, 0x00, 0x0E, 0x00, 0x00, 0x03, 0x80, 0x00, 0x00, 0xE0, 0x00,
    0x00, 0x38, 0x00, 0x00, 0x0E, 0x00, 0x00, 0x03, 0x80, 0x00, 0x00, 0xE0, 0x00, 0x00, 0x38, 0x00,
    0x00, 0x0E, 0x00, 0x00, 0x03, 0x80, 0x00, 0x00, 0xE0, 0x00, 0x00, 0x38, 0x00, 0x00, 0x0E, 0x00,
    0x00, 0x03, 0x80, 0x00, 0x00, 0x0F, 0xFF, 0x00, 0x03, 0xFF, 0xFE, 0x07, 0x7C, 0x07, 0xF8, 0x77,
    0x00, 0x07, 0xE7, 0x70, 0x00, 0x0F, 0x87, 0x00, 0x00, 0x3C, 0x70, 0x00, 0x01, 0xEF, 0xE0, 0x00,
    0x00, 0xFE, 0x00, 0x00, 0x03, 0x80, 0x00, 0x00, 0x38, 0x00, 0x00, 0x03, 0x80, 0x00, 0x00, 0x38,
    0x00, 0x00, 0x03, 0x80, 0x00, 0x00, 0x38, 0x00, 0x00, 0x03, 0x80, 0x00, 0x00, 0x38, 0x00, 0x00,
    0x03, 0x80, 0x00, 0x00, 0x38, 0x00, 0x00, 0x03, 0x80, 0x00, 0x00, 0x38, 0x00, 0x00, 0x03, 0x80,
    0x00, 0x00, 0x38, 0x00, 0x00, 0x00, 0x0F, 0xFF, 0x80, 0x00, 0xFF, 0xFF, 0xC0, 0x67, 0xE0, 0x3F,
    0xE3, 0xDC, 0x00, 0x07, 0xCE, 0x70, 0x00, 0x07, 0xC1, 0xC0, 0x00, 0x07, 0xC7, 0x00, 0x00, 0x07,
    0xBF, 0x80, 0x00, 0x00, 0xFE, 0x00, 0x00, 0x00, 0xE0, 0x00, 0x00, 0x03, 0x80, 0x00, 0x00, 0x0E,
    0x00, 0x00, 0x00, 0x38, 0x00, 0x00, 0x00, 0xE0, 0x00, 0x00, 0x03, 0x80, 0x00, 0x00, 0x0E, 0x00,
    0x00, 0x00, 0x38, 0x00, 0x00, 0x00, 0xE0, 0x00, 0x00, 0x03, 0x80, 0x00, 0x00, 0x0E, 0x00, 0x00,
    0x00, 0x38, 0x00, 0x00, 0x00, 0xE0, 0x00, 0x00, 0x03, 0x80, 0x00, 0x00, 0x00, 0x0F, 0xFF, 0xC0,
    0x00, 0x1F, 0xFF, 0xFE, 0x03, 0x9F, 0x80, 0x7F, 0xE1, 0xEE, 0x00, 0x01, 0xFC, 0xE7, 0x00, 0x00,
    0x0F, 0x83, 0x80, 0x00, 0x01, 0xE1, 0xC0, 0x00, 0x00, 0x3D, 0xFC, 0x00, 0x00, 0x00, 0xFE, 0x00,
    0x00, 0x00, 0x1C, 0x00, 0x00, 0x00, 0x0E, 0x00, 0x00, 0x00, 0x07, 0x00, 0x00, 0x00, 0x03, 0x80,
    0x00, 0x00, 0x01, 0xC0, 0x00, 0x00, 0x00, 0xE0, 0x00, 0x00, 0x00, 0x70, 0x00, 0x00, 0x00, 0x38,
    0x00, 0x00, 0x00, 0x1C, 0x00, 0x00, 0x00, 0x0E, 0x00, 0x00, 0x00, 0x07, 0x00, 0x00, 0x00, 0x03,
    0x80, 0x00, 0x00, 0x01, 0xC0, 0x00, 0x00, 0x00, 0xE0, 0x00, 0x00, 0x00, 0x0F, 0xFF, 0xF0, 0x00,
    0x03, 0xFF, 0xFF, 0xF0, 0x07, 0x3F, 0x00, 0x7F, 0xE0, 0x77, 0x00, 0x00, 0x1F, 0xC7, 0x70, 0x00,
    0x00, 0x3F, 0x07, 0x00, 0x00, 0x00, 0x78, 0x70, 0x00, 0x00, 0x01, 0xEF, 0xE0, 0x00, 0x00, 0x00,
    0xFE, 0x00, 0x00, 0x00, 0x03, 0x80, 0x00, 0x00, 0x00, 0x38, 0x00, 0x00, 0x00, 0x03, 0x80, 0x00,
    0x00, 0x00, 0x38, 0x00, 0x00, 0x00, 0x03, 0x80, 0x00, 0x00, 0x00, 0x38, 0x00, 0x00, 0x00, 0x03,
    0x80, 0x00, 0x00, 0x00, 0x38, 0x00, 0x00, 0x00, 0x03, 0x80, 0x00, 0x00, 0x00, 0x38, 0x00, 0x00,
    0x00, 0x03, 0x80, 0x00, 0x00, 0x00, 0x38, 0x00, 0x00, 0x00, 0x03, 0x80, 0x00, 0x00, 0x00, 0x38,
    0x00, 0x00, 0x00, 0x00, 0x1F, 0x83, 0x47, 0xFD, 0xFD, 0xE3, 0xFF, 0xB8, 0x3F, 0xE7, 0x03, 0xB8,
    0xE0, 0x38, 0x1C, 0x07, 0x07, 0xF0, 0x00, 0xFE, 0x00, 0x07, 0x00, 0x00, 0xE0, 0x00, 0x1C, 0x00,
    0x03, 0x80, 0x00, 0x70, 0x00, 0x0E, 0x00, 0x01, 0xC0, 0x00, 0x38, 0x00, 0x07, 0x00, 0x00, 0xE0,
    0x00, 0x1C, 0x00, 0x03, 0x80, 0x00, 0x70, 0x00, 0x0E, 0x00, 0x00, 0x1F, 0xC0, 0xE1, 0xFF, 0x9F,
    0xDE, 0x1E, 0xFE, 0xE0, 0x3F, 0xE7, 0x00, 0xEE, 0x38, 0x03, 0x81, 0xC0, 0x1C, 0x1F, 0xC0, 0x00,
    0xFE, 0x00, 0x01, 0xC0, 0x00, 0x0E, 0x00, 0x00, 0x70, 0x00, 0x03, 0x80, 0x00, 0x1C, 0x00, 0x00,
    0xE0, 0x00, 0x07, 0x00, 0x00, 0x38, 0x00, 0x01, 0xC0, 0x00, 0x0E, 0x00, 0x00, 0x70, 0x00, 0x03,
    0x80, 0x00, 0x1C, 0x00, 0x00, 0xE0, 0x00, 0x00, 0x1F, 0xE0, 0x70, 0xFF, 0xE7, 0xF7, 0x87, 0xDF,
    0xDC, 0x07, 0xFE, 0x70, 0x07, 0x71, 0xC0, 0x0E, 0x07, 0x00, 0x1C, 0x3F, 0x80, 0x00, 0xFE, 0x00,
    0x00, 0xE0, 0x00, 0x03, 0x80, 0x00, 0x0E, 0x00, 0x00, 0x38, 0x00, 0x00, 0xE0, 0x00, 0x03, 0x80,
    0x00, 0x0E, 0x00, 0x00, 0x38, 0x00, 0x00, 0xE0, 0x00, 0x03, 0x80, 0x00, 0x0E, 0x00, 0x00, 0x38,
    0x00, 0x00, 0xE0, 0x00, 0x03, 0x80, 0x00, 0x00, 0x1F, 0xE0, 0x30, 0x7F, 0xF3, 0xFD, 0xE0, 0xFB,
    0xFB, 0x80, 0x7F, 0xE7, 0x00, 0x7B, 0x8E, 0x00, 0x70, 0x1C, 0x00, 0x70, 0x7F, 0x00, 0x00, 0xFE,
    0x00, 0x00, 0x70, 0x00, 0x00, 0xE0, 0x00, 0x01, 0xC0, 0x00, 0x03, 0x80, 0x00, 0x07, 0x00, 0x00,
    0x0E, 0x00, 0x00, 0x1C, 0x00, 0x00, 0x38, 0x00, 0x00, 0x70, 0x00, 0x00, 0xE0, 0x00, 0x01, 0xC0,
    0x00, 0x03, 0x80, 0x00, 0x07, 0x00, 0x00, 0x0E, 0x00, 0x00, 0x00, 0x1F, 0xF0, 0x38, 0x7F, 0xF9,
    0xFD, 0xF0, 0xFB, 0xFB, 0x80, 0x7F, 0xE7, 0x00, 0x3B, 0x8E, 0x00, 0x38, 0x1C, 0x00, 0x38, 0x7F,
    0x00, 0x00, 0xFE, 0x00, 0x00, 0x70, 0x00, 0x00, 0xE0, 0x00, 0x01, 0xC0, 0x00, 0x03, 0x80, 0x00,
    0x07, 0x00, 0x00, 0x0E, 0x00, 0x00, 0x1C, 0x00, 0x00, 0x38, 0x00, 0x00, 0x70, 0x00, 0x00, 0xE0,
    0x00, 0x01, 0xC0, 0x00, 0x03, 0x80, 0x00, 0x07, 0x00, 0x00, 0x0E, 0x00, 0x00, 0x00, 0x1F, 0xF0,
    0x1C, 0x3F, 0xFC, 0x7F, 0x7C, 0x3F, 0x7F, 0x70, 0x07, 0xBE, 0x70, 0x01, 0xD8, 0x70, 0x00, 0xE0,
    0x70, 0x00, 0x70, 0xFE, 0x00, 0x00, 0xFE, 0x00, 0x00, 0x38, 0x00, 0x00, 0x38, 0x00, 0x00, 0x38,
    0x00, 0x00, 0x38, 0x00, 0x00, 0x38, 0x00, 0x00, 0x38, 0x00, 0x00, 0x38, 0x00, 0x00, 0x38, 0x00,
    0x00, 0x38, 0x00, 0x00, 0x38, 0x00, 0x00, 0x38, 0x00, 0x00, 0x38, 0x00, 0x00, 0x38, 0x00, 0x00,
    0x38, 0x00, 0x00, 0x1F, 0xF0, 0x1C, 0x1F, 0xFE, 0x3F, 0x9F, 0x0F, 0xDF, 0xCE, 0x00, 0xF7, 0xC7,
    0x00, 0x1C, 0xC3, 0x80, 0x07, 0x01, 0xC0, 0x01, 0xC1, 0xFC, 0x00, 0x00, 0xFE, 0x00, 0x00, 0x1C,
    0x00, 0x00, 0x0E, 0x00, 0x00, 0x07, 0x00, 0x00, 0x03, 0x80, 0x00, 0x01, 0xC0, 0x00, 0x00, 0xE0,
    0x00, 0x00, 0x70, 0x00, 0x00, 0x38, 0x00, 0x00, 0x1C, 0x00, 0x00, 0x0E, 0x00, 0x00, 0x07, 0x00,
    0x00, 0x03, 0x80, 0x00, 0x01, 0xC0, 0x00, 0x00, 0xE0, 0x00, 0x00, 0x1F, 0xF8, 0x16, 0x0F, 0xFF,
    0x8F, 0xE7, 0xC1, 0xFB, 0xF9, 0xC0, 0x0F, 0x7E, 0x70, 0x00, 0xF6, 0x1C, 0x00, 0x1E, 0x07, 0x00,
    0x03, 0x83, 0xF8, 0x00, 0x00, 0xFE, 0x00, 0x00, 0x0E, 0x00, 0x00, 0x03, 0x80, 0x00, 0x00, 0xE0,
    0x00, 0x00, 0x38, 0x00, 0x00, 0x0E, 0x00, 0x00, 0x03, 0x80, 0x00, 0x00, 0xE0, 0x00, 0x00, 0x38,
    0x00, 0x00, 0x0E, 0x00, 0x00, 0x03, 0x80, 0x00, 0x00, 0xE0, 0x00, 0x00, 0x38, 0x00, 0x00, 0x0E,
    0x00, 0x00, 0x03, 0x80, 0x00, 0x00, 0x1F, 0xF8, 0x06, 0x0F, 0xFF, 0xCF, 0xF7, 0xC1, 0xF9, 0xF9,
    0xC0, 0x0F, 0xFE, 0x70, 0x00, 0xF6, 0x1C, 0x00, 0x1E, 0x07, 0x00, 0x01, 0xC3, 0xF8, 0x00, 0x00,
    0xFE, 0x00, 0x00, 0x0E, 0x00, 0x00, 0x03, 0x80, 0x00, 0x00, 0xE0, 0x00, 0x00, 0x38, 0x00, 0x00,
    0x0E, 0x00, 0x00, 0x03, 0x80, 0x00, 0x00, 0xE0, 0x00, 0x00, 0x38, 0x00, 0x00, 0x0E, 0x00, 0x00,
    0x03, 0x80, 0x00, 0x00, 0xE0, 0x00, 0x00, 0x38, 0x00, 0x00, 0x0E, 0x00, 0x00, 0x03, 0x80, 0x00,
    0x00, 0x0F, 0xFC, 0x03, 0x07, 0xFF, 0xE3, 0xFD, 0xF0, 0x7F, 0x7F, 0x38, 0x00, 0xF7, 0xE7, 0x00,
    0x07, 0xB0, 0xE0, 0x00, 0x78, 0x1C, 0x00, 0x07, 0x87, 0xF0, 0x00, 0x00, 0xFE, 0x00, 0x00, 0x07,
    0x00, 0x00, 0x00, 0xE0, 0x00, 0x00, 0x1C, 0x00, 0x00, 0x03, 0x80, 0x00, 0x00, 0x70, 0x00, 0x00,
    0x0E, 0x00, 0x00, 0x01, 0xC0, 0x00, 0x00, 0x38, 0x00, 0x00, 0x07, 0x00, 0x00, 0x00, 0xE0, 0x00,
    0x00, 0x1C, 0x00, 0x00, 0x03, 0x80, 0x00, 0x00, 0x70, 0x00, 0x00, 0x0E, 0x00, 0x00, 0x00, 0x0F,
    0xFE, 0x01, 0xC3, 0xFF, 0xF8, 0x7F, 0x7C, 0x0F, 0xE7, 0xF7, 0x00, 0x0F, 0xBE, 0x70, 0x00, 0x3F,
    0xC7, 0x00, 0x00, 0xF0, 0x70, 0x00, 0x07, 0x8F, 0xE0, 0x00, 0x00, 0xFE, 0x00, 0x00, 0x03, 0x80,
    0x00, 0x00, 0x38, 0x00, 0x00, 0x03, 0x80, 0x00, 0x00, 0x38, 0x00, 0x00, 0x03, 0x80, 0x00, 0x00,
    0x38, 0x00, 0x00, 0x03, 0x80, 0x00, 0x00, 0x38, 0x00, 0x00, 0x03, 0x80, 0x00, 0x00, 0x38, 0x00,
    0x00, 0x03, 0x80, 0x00, 0x00, 0x38, 0x00, 0x00, 0x03, 0x80, 0x00, 0x00, 0x38, 0x00, 0x00, 0x00,
    0x0F, 0xFF, 0x00, 0x30, 0x7F, 0xFF, 0xC3, 0xFD, 0xF0, 0x1F, 0xE3, 0xFB, 0x80, 0x03, 0xF7, 0xE7,
    0x00, 0x00, 0xFB, 0x0E, 0x00, 0x00, 0x78, 0x1C, 0x00, 0x00, 0x78, 0x7F, 0x00, 0x00, 0x00, 0xFE,
    0x00, 0x00, 0x00, 0x70, 0x00, 0x00, 0x00, 0xE0, 0x00, 0x00, 0x01, 0xC0, 0x00, 0x00, 0x03, 0x80,
    0x00, 0x00, 0x07, 0x00, 0x00, 0x00, 0x0E, 0x00, 0x00, 0x00, 0x1C, 0x00, 0x00, 0x00, 0x38, 0x00,
    0x00, 0x00, 0x70, 0x00, 0x00, 0x00, 0xE0, 0x00, 0x00, 0x01, 0xC0, 0x00, 0x00, 0x03, 0x80, 0x00,
    0x00, 0x07, 0x00, 0x00, 0x00, 0x0E, 0x00, 0x00, 0x00, 0x00, 0x0F, 0xFF, 0x80, 0x2C, 0x1F, 0xFF,
    0xF8, 0x3F, 0x9F, 0x80, 0xFF, 0x9F, 0xCE, 0x00, 0x03, 0xE7, 0xE7, 0x00, 0x00, 0x7C, 0xC3, 0x80,
    0x00, 0x0F, 0x81, 0xC0, 0x00, 0x01, 0xE1, 0xFC, 0x00, 0x00, 0x00, 0xFE, 0x00, 0x00, 0x00, 0x1C,
    0x00, 0x00, 0x00, 0x0E, 0x00, 0x00, 0x00, 0x07, 0x00, 0x00, 0x00, 0x03, 0x80, 0x00, 0x00, 0x01,
    0xC0, 0x00, 0x00, 0x00, 0xE0, 0x00, 0x00, 0x00, 0x70, 0x00, 0x00, 0x00, 0x38, 0x00, 0x00, 0x00,
    0x1C, 0x00, 0x00, 0x00, 0x0E, 0x00, 0x00, 0x00, 0x07, 0x00, 0x00, 0x00, 0x03, 0x80, 0x00, 0x00,
    0x01, 0xC0, 0x00, 0x00, 0x00, 0xE0, 0x00, 0x00, 0x00, 0x0F, 0xFF, 0xC0, 0x03, 0x87, 0xFF, 0xFF,
    0x81, 0xFD, 0xF8, 0x07, 0xFE, 0x3F, 0xB8, 0x00, 0x07, 0xF3, 0xE7, 0x00, 0x00, 0x0F, 0xB0, 0xE0,
    0x00, 0x00, 0x78, 0x1C, 0x00, 0x00, 0x03, 0xC7, 0xF0, 0x00, 0x00, 0x00, 0xFE, 0x00, 0x00, 0x00,
    0x07, 0x00, 0x00, 0x00, 0x00, 0xE0, 0x00, 0x00, 0x00, 0x1C, 0x00, 0x00, 0x00, 0x03, 0x80, 0x00,
    0x00, 0x00, 0x70, 0x00, 0x00, 0x00, 0x0E, 0x00, 0x00, 0x00, 0x01, 0xC0, 0x00, 0x00, 0x00, 0x38,
    0x00, 0x00, 0x00, 0x07, 0x00, 0x00, 0x00, 0x00, 0xE0, 0x00, 0x00, 0x00, 0x1C, 0x00, 0x00, 0x00,
    0x03, 0x80, 0x00, 0x00, 0x00, 0x70, 0x00, 0x00, 0x00, 0x0E, 0x00, 0x00, 0x00, 0x00, 0x0F, 0xFF,
    0xF0, 0x00, 0x70, 0xFF, 0xFF, 0xFC, 0x07, 0xB3, 0xF0, 0x07, 0xFE, 0x1F, 0xDC, 0x00, 0x00, 0x7F,
    0x7E, 0x70, 0x00, 0x00, 0x3F, 0x61, 0xC0, 0x00, 0x00, 0x1E, 0x07, 0x00, 0x00, 0x00, 0x1E, 0x3F,
    0x80, 0x00, 0x00, 0x00, 0xFE, 0x00, 0x00, 0x00, 0x00, 0xE0, 0x00, 0x00, 0x00, 0x03, 0x80, 0x00,
    0x00, 0x00, 0x0E, 0x00, 0x00, 0x00, 0x00, 0x38, 0x00, 0x00, 0x00, 0x00, 0xE0, 0x00, 0x00, 0x00,
    0x03, 0x80, 0x00, 0x00, 0x00, 0x0E, 0x00, 0x00, 0x00, 0x00, 0x38, 0x00, 0x00, 0x00, 0x00, 0xE0,
    0x00, 0x00, 0x00, 0x03, 0x80, 0x00, 0x00, 0x00, 0x0E, 0x00, 0x00, 0x00, 0x00, 0x38, 0x00, 0x00,
    0x00, 0x00, 0xE0, 0x00, 0x00, 0x00, 0x03, 0x80, 0x00, 0x00, 0x00, 0x00, 0x1F, 0x8F, 0x8F, 0xFF,
    0xE7, 0x8F, 0xC1, 0xC1, 0xF0, 0x70, 0x3C, 0x1C, 0x07, 0x07, 0x01, 0xC3, 0xF8, 0x00, 0xFE, 0x00,
    0x0E, 0x00, 0x03, 0x80, 0x00, 0xE0, 0x00, 0x38, 0x00, 0x0E, 0x00, 0x03, 0x80, 0x00, 0xE0, 0x00,
    0x38, 0x00, 0x0E, 0x00, 0x03, 0x80, 0x00, 0xE0, 0x00, 0x38, 0x00, 0x0E, 0x00, 0x03, 0x80, 0x00,
    0x1F, 0xC3, 0xF3, 0xFF, 0x7E, 0x78, 0x7F, 0x07, 0x01, 0xF0, 0x70, 0x0F, 0x07, 0x00, 0x70, 0x70,
    0x07, 0x0F, 0xE0, 0x00, 0xFE, 0x00, 0x03, 0x80, 0x00, 0x38, 0x00, 0x03, 0x80, 0x00, 0x38, 0x00,
    0x03, 0x80, 0x00, 0x38, 0x00, 0x03, 0x80, 0x00, 0x38, 0x00, 0x03, 0x80, 0x00, 0x38, 0x00, 0x03,
    0x80, 0x00, 0x38, 0x00, 0x03, 0x80, 0x00, 0x38, 0x00, 0x00, 0x1F, 0xE0, 0xF9, 0xFF, 0xCF, 0xDE,
    0x1F, 0xE0, 0xE0, 0x3F, 0x07, 0x00, 0x78, 0x38, 0x01, 0xC1, 0xC0, 0x07, 0x1F, 0xC0, 0x00, 0xFE,
    0x00, 0x01, 0xC0, 0x00, 0x0E, 0x00, 0x00, 0x70, 0x00, 0x03, 0x80, 0x00, 0x1C, 0x00, 0x00, 0xE0,
    0x00, 0x07, 0x00, 0x00, 0x38, 0x00, 0x01, 0xC0, 0x00, 0x0E, 0x00, 0x00, 0x70, 0x00, 0x03, 0x80,
    0x00, 0x1C, 0x00, 0x00, 0xE0, 0x00, 0x00, 0x1F, 0xE0, 0xF8, 0xFF, 0xE7, 0xE7, 0x83, 0xFC, 0x1C,
    0x03, 0xE0, 0x70, 0x07, 0x81, 0xC0, 0x0F, 0x07, 0x00, 0x1C, 0x3F, 0x80, 0x00, 0xFE, 0x00, 0x00,
    0xE0, 0x00, 0x03, 0x80, 0x00, 0x0E, 0x00, 0x00, 0x38, 0x00, 0x00, 0xE0, 0x00, 0x03, 0x80, 0x00,
    0x0E, 0x00, 0x00, 0x38, 0x00, 0x00, 0xE0, 0x00, 0x03, 0x80, 0x00, 0x0E, 0x00, 0x00, 0x38, 0x00,
    0x00, 0xE0, 0x00, 0x03, 0x80, 0x00, 0x00, 0x1F, 0xE0, 0xFC, 0xFF, 0xE3, 0xF7, 0x83, 0xFC, 0x1C,
    0x03, 0xF0, 0x70, 0x03, 0xC1, 0xC0, 0x07, 0x07, 0x00, 0x0E, 0x3F, 0x80, 0x00, 0xFE, 0x00, 0x00,
    0xE0, 0x00, 0x03, 0x80, 0x00, 0x0E, 0x00, 0x00, 0x38, 0x00, 0x00, 0xE0, 0x00, 0x03, 0x80, 0x00,
    0x0E, 0x00, 0x00, 0x38, 0x00, 0x00, 0xE0, 0x00, 0x03, 0x80, 0x00, 0x0E, 0x00, 0x00, 0x38, 0x00,
    0x00, 0xE0, 0x00, 0x03, 0x80, 0x00, 0x00, 0x1F, 0xF0, 0x3E, 0x7F, 0xF8, 0xFD, 0xE0, 0xFD, 0xC3,
    0x80, 0x3F, 0x07, 0x00, 0x1E, 0x0E, 0x00, 0x1E, 0x1C, 0x00, 0x1C, 0x7F, 0x00, 0x00, 0xFE, 0x00,
    0x00, 0x70, 0x00, 0x00, 0xE0, 0x00, 0x01, 0xC0, 0x00, 0x03, 0x80, 0x00, 0x07, 0x00, 0x00, 0x0E,
    0x00, 0x00, 0x1C, 0x00, 0x00, 0x38, 0x00, 0x00, 0x70, 0x00, 0x00, 0xE0, 0x00, 0x01, 0xC0, 0x00,
    0x03, 0x80, 0x00, 0x07, 0x00, 0x00, 0x0E, 0x00, 0x00, 0x00, 0x1F, 0xF0, 0x3E, 0x3F, 0xFC, 0x7E,
    0x78, 0x3F, 0x70, 0x70, 0x07, 0xE0, 0x70, 0x01, 0xE0, 0x70, 0x00, 0xF0, 0x70, 0x00, 0x70, 0xFE,
    0x00, 0x00, 0xFE, 0x00, 0x00, 0x38, 0x00, 0x00, 0x38, 0x00, 0x00, 0x38, 0x00, 0x00, 0x38, 0x00,
    0x00, 0x38, 0x00, 0x00, 0x38, 0x00, 0x00, 0x38, 0x00, 0x00, 0x38, 0x00, 0x00, 0x38, 0x00, 0x00,
    0x38, 0x00, 0x00, 0x38, 0x00, 0x00, 0x38, 0x00, 0x00, 0x38, 0x00, 0x00, 0x38, 0x00, 0x00, 0x1F,
    0xF8, 0x1F, 0x9F, 0xFF, 0x1F, 0xDF, 0x07, 0xEE, 0x0E, 0x00, 0x7F, 0x07, 0x00, 0x0F, 0x83, 0x80,
    0x03, 0xC1, 0xC0, 0x00, 0xF1, 0xFC, 0x00, 0x00, 0xFE, 0x00, 0x00, 0x1C, 0x00, 0x00, 0x0E, 0x00,
    0x00, 0x07, 0x00, 0x00, 0x03, 0x80, 0x00, 0x01, 0xC0, 0x00, 0x00, 0xE0, 0x00, 0x00, 0x70, 0x00,
    0x00, 0x38, 0x00, 0x00, 0x1C, 0x00, 0x00, 0x0E, 0x00, 0x00, 0x07, 0x00, 0x00, 0x03, 0x80, 0x00,
    0x01, 0xC0, 0x00, 0x00, 0xE0, 0x00, 0x00, 0x1F, 0xF8, 0x0F, 0x9F, 0xFF, 0x0F, 0xDF, 0x07, 0xE7,
    0x0E, 0x00, 0x7F, 0x07, 0x00, 0x0F, 0x83, 0x80, 0x03, 0xC1, 0xC0, 0x00, 0x71, 0xFC, 0x00, 0x00,
    0xFE, 0x00, 0x00, 0x1C, 0x00, 0x00, 0x0E, 0x00, 0x00, 0x07, 0x00, 0x00, 0x03, 0x80, 0x00, 0x01,
    0xC0, 0x00, 0x00, 0xE0, 0x00, 0x00, 0x70, 0x00, 0x00, 0x38, 0x00, 0x00, 0x1C, 0x00, 0x00, 0x0E,
    0x00, 0x00, 0x07, 0x00, 0x00, 0x03, 0x80, 0x00, 0x01, 0xC0, 0x00, 0x00, 0xE0, 0x00, 0x00, 0x0F,
    0xF8, 0x07, 0xCF, 0xFF, 0xC3, 0xF7, 0xC0, 0xFD, 0xC1, 0xC0, 0x07, 0xF0, 0x70, 0x00, 0x7C, 0x1C,
    0x00, 0x0F, 0x07, 0x00, 0x01, 0xE3, 0xF8, 0x00, 0x00, 0xFE, 0x00, 0x00, 0x0E, 0x00, 0x00, 0x03,
    0x80, 0x00, 0x00, 0xE0, 0x00, 0x00, 0x38, 0x00, 0x00, 0x0E, 0x00, 0x00, 0x03, 0x80, 0x00, 0x00,
    0xE0, 0x00, 0x00, 0x38, 0x00, 0x00, 0x0E, 0x00, 0x00, 0x03, 0x80, 0x00, 0x00, 0xE0, 0x00, 0x00,
    0x38, 0x00, 0x00, 0x0E, 0x00, 0x00, 0x03, 0x80, 0x00, 0x00, 0x0F, 0xFE, 0x01, 0xF3, 0xFF, 0xF8,
    0x3F, 0x7C, 0x0F, 0xE7, 0x07, 0x00, 0x0F, 0xF0, 0x70, 0x00, 0x3F, 0x07, 0x00, 0x00, 0xF0, 0x70,
    0x00, 0x07, 0x8F, 0xE0, 0x00, 0x00, 0xFE, 0x00, 0x00, 0x03, 0x80, 0x00, 0x00, 0x38, 0x00, 0x00,
    0x03, 0x80, 0x00, 0x00, 0x38, 0x00, 0x00, 0x03, 0x80, 0x00, 0x00, 0x38, 0x00, 0x00, 0x03, 0x80,
    0x00, 0x00, 0x38, 0x00, 0x00, 0x03, 0x80, 0x00, 0x00, 0x38, 0x00, 0x00, 0x03, 0x80, 0x00, 0x00,
    0x38, 0x00, 0x00, 0x03, 0x80, 0x00, 0x00, 0x38, 0x00, 0x00, 0x00, 0x0F, 0xFF, 0x00, 0x7E, 0x7F,
    0xFF, 0xC1, 0xF9, 0xF0, 0x1F, 0xE3, 0x83, 0x80, 0x01, 0xF7, 0x07, 0x00, 0x00, 0xFE, 0x0E, 0x00,
    0x00, 0x7C, 0x1C, 0x00, 0x00, 0x78, 0x7F, 0x00, 0x00, 0x00, 0xFE, 0x00, 0x00, 0x00, 0x70, 0x00,
    0x00, 0x00, 0xE0, 0x00, 0x00, 0x01, 0xC0, 0x00, 0x00, 0x03, 0x80, 0x00, 0x00, 0x07, 0x00, 0x00,
    0x00, 0x0E, 0x00, 0x00, 0x00, 0x1C, 0x00, 0x00, 0x00, 0x38, 0x00, 0x00, 0x00, 0x70, 0x00, 0x00,
    0x00, 0xE0, 0x00, 0x00, 0x01, 0xC0, 0x00, 0x00, 0x03, 0x80, 0x00, 0x00, 0x07, 0x00, 0x00, 0x00,
    0x0E, 0x00, 0x00, 0x00, 0x00, 0x0F, 0xFF, 0x00, 0x1F, 0x3F, 0xFF, 0xF0, 0x3F, 0x7E, 0x03, 0xFC,
    0x70, 0x70, 0x00, 0x1F, 0x70, 0x70, 0x00, 0x07, 0xF0, 0x70, 0x00, 0x01, 0xF0, 0x70, 0x00, 0x00,
    0x78, 0xFE, 0x00, 0x00, 0x00, 0xFE, 0x00, 0x00, 0x00, 0x38, 0x00, 0x00, 0x00, 0x38, 0x00, 0x00,
    0x00, 0x38, 0x00, 0x00, 0x00, 0x38, 0x00, 0x00, 0x00, 0x38, 0x00, 0x00, 0x00, 0x38, 0x00, 0x00,
    0x00, 0x38, 0x00, 0x00, 0x00, 0x38, 0x00, 0x00, 0x00, 0x38, 0x00, 0x00, 0x00, 0x38, 0x00, 0x00,
    0x00, 0x38, 0x00, 0x00, 0x00, 0x38, 0x00, 0x00, 0x00, 0x38, 0x00, 0x00, 0x00, 0x38, 0x00, 0x00,
    0x00, 0x0F, 0xFF, 0xC0, 0x03, 0xE7, 0xFF, 0xFF, 0x80, 0xFD, 0xF8, 0x07, 0xFE, 0x38, 0x38, 0x00,
    0x07, 0xF7, 0x07, 0x00, 0x00, 0x0F, 0xE0, 0xE0, 0x00, 0x00, 0x7C, 0x1C, 0x00, 0x00, 0x03, 0xC7,
    0xF0, 0x00, 0x00, 0x00, 0xFE, 0x00, 0x00, 0x00, 0x07, 0x00, 0x00, 0x00, 0x00, 0xE0, 0x00, 0x00,
    0x00, 0x1C, 0x00, 0x00, 0x00, 0x03, 0x80, 0x00, 0x00, 0x00, 0x70, 0x00, 0x00, 0x00, 0x0E, 0x00,
    0x00, 0x00, 0x01, 0xC0, 0x00, 0x00, 0x00, 0x38, 0x00, 0x00, 0x00, 0x07, 0x00, 0x00, 0x00, 0x00,
    0xE0, 0x00, 0x00, 0x00, 0x1C, 0x00, 0x00, 0x00, 0x03, 0x80, 0x00, 0x00, 0x00, 0x70, 0x00, 0x00,
    0x00, 0x0E, 0x00, 0x00, 0x00, 0x00, 0x0F, 0xFF, 0xF0, 0x00, 0x7C, 0xFF, 0xFF, 0xFC, 0x03, 0xF3,
    0xE0, 0x07, 0xFE, 0x0E, 0x1C, 0x00, 0x00, 0x7F, 0x70, 0x70, 0x00, 0x00, 0x3F, 0xC1, 0xC0, 0x00,
    0x00, 0x1F, 0x07, 0x00, 0x00, 0x00, 0x1E, 0x3F, 0x80, 0x00, 0x00, 0x00, 0xFE, 0x00, 0x00, 0x00,
    0x00, 0xE0, 0x00, 0x00, 0x00, 0x03, 0x80, 0x00, 0x00, 0x00, 0x0E, 0x00, 0x00, 0x00, 0x00, 0x38,
    0x00, 0x00, 0x00, 0x00, 0xE0, 0x00, 0x00, 0x00, 0x03, 0x80, 0x00, 0x00, 0x00, 0x0E, 0x00, 0x00,
    0x00, 0x00, 0x38, 0x00, 0x00, 0x00, 0x00, 0xE0, 0x00, 0x00, 0x00, 0x03, 0x80, 0x00, 0x00, 0x00,
    0x0E, 0x00, 0x00, 0x00, 0x00, 0x38, 0x00, 0x00, 0x00, 0x00, 0xE0, 0x00, 0x00, 0x00, 0x03, 0x80,
    0x00, 0x00, 0x00, 0x00, 0x1F, 0x8F, 0x8F, 0xFF, 0xE7, 0x8F, 0xC1, 0xC1, 0xE6, 0x70, 0x3B, 0x9C,
    0x07, 0x67, 0x01, 0xC3, 0xF8, 0x00, 0xFE, 0x00, 0x0E, 0x00, 0x03, 0x80, 0x00, 0xE0, 0x00, 0x38,
    0x00, 0x0E, 0x00, 0x03, 0x80, 0x00, 0xE0, 0x00, 0x38, 0x00, 0x0E, 0x00, 0x03, 0x80, 0x00, 0xE0,
    0x00, 0x38, 0x00, 0x0E, 0x00, 0x03, 0x80, 0x00, 0x1F, 0xC3, 0xF3, 0xFF, 0x7E, 0x78, 0x7F, 0x07,
    0x01, 0xF6, 0x70, 0x0F, 0xE7, 0x00, 0x76, 0x70, 0x07, 0x0F, 0xE0, 0x00, 0xFE, 0x00, 0x03, 0x80,
    0x00, 0x38, 0x00, 0x03, 0x80, 0x00, 0x38, 0x00, 0x03, 0x80, 0x00, 0x38, 0x00, 0x03, 0x80, 0x00,
    0x38, 0x00, 0x03, 0x80, 0x00, 0x38, 0x00, 0x03, 0x80, 0x00, 0x38, 0x00, 0x03, 0x80, 0x00, 0x38,
    0x00, 0x00, 0x1F, 0xE0, 0xF9, 0xFF, 0xCF, 0xDE, 0x1F, 0xE0, 0xE0, 0x1F, 0x67, 0x00, 0x7B, 0xB8,
    0x01, 0xD9, 0xC0, 0x07, 0x1F, 0xC0, 0x00, 0xFE, 0x00, 0x01, 0xC0, 0x00, 0x0E, 0x00, 0x00, 0x70,
    0x00, 0x03, 0x80, 0x00, 0x1C, 0x00, 0x00, 0xE0, 0x00, 0x07, 0x00, 0x00, 0x38, 0x00, 0x01, 0xC0,
    0x00, 0x0E, 0x00, 0x00, 0x70, 0x00, 0x03, 0x80, 0x00, 0x1C, 0x00, 0x00, 0xE0, 0x00, 0x00, 0x1F,
    0xE0, 0xF8, 0xFF, 0xE7, 0xE7, 0x83, 0xFC, 0x1C, 0x03, 0xE6, 0x70, 0x07, 0xF9, 0xC0, 0x0F, 0x67,
    0x00, 0x1C, 0x3F, 0x80, 0x00, 0xFE, 0x00, 0x00, 0xE0, 0x00, 0x03, 0x80, 0x00, 0x0E, 0x00, 0x00,
    0x38, 0x00, 0x00, 0xE0, 0x00, 0x03, 0x80, 0x00, 0x0E, 0x00, 0x00, 0x38, 0x00, 0x00, 0xE0, 0x00,
    0x03, 0x80, 0x00, 0x0E, 0x00, 0x00, 0x38, 0x00, 0x00, 0xE0, 0x00, 0x03, 0x80, 0x00, 0x00, 0x1F,
    0xE0, 0x7C, 0xFF, 0xE3, 0xF7, 0x83, 0xFC, 0x1C, 0x03, 0xF6, 0x70, 0x03, 0xDD, 0xC0, 0x07, 0x67,
    0x00, 0x0E, 0x3F, 0x80, 0x00, 0xFE, 0x00, 0x00, 0xE0, 0x00, 0x03, 0x80, 0x00, 0x0E, 0x00, 0x00,
    0x38, 0x00, 0x00, 0xE0, 0x00, 0x03, 0x80, 0x00, 0x0E, 0x00, 0x00, 0x38, 0x00, 0x00, 0xE0, 0x00,
    0x03, 0x80, 0x00, 0x0E, 0x00, 0x00, 0x38, 0x00, 0x00, 0xE0, 0x00, 0x03, 0x80, 0x00, 0x00, 0x1F,
    0xF0, 0x3E, 0x7F, 0xF8, 0xFD, 0xE0, 0xFD, 0xC3, 0x80, 0x3F, 0x77, 0x00, 0x1E, 0xEE, 0x00, 0x1F,
    0xDC, 0x00, 0x1C, 0x7F, 0x00, 0x00, 0xFE, 0x00, 0x00, 0x70, 0x00, 0x00, 0xE0, 0x00, 0x01, 0xC0,
    0x00, 0x03, 0x80, 0x00, 0x07, 0x00, 0x00, 0x0E, 0x00, 0x00, 0x1C, 0x00, 0x00, 0x38, 0x00, 0x00,
    0x70, 0x00, 0x00, 0xE0, 0x00, 0x01, 0xC0, 0x00, 0x03, 0x80, 0x00, 0x07, 0x00, 0x00, 0x0E, 0x00,
    0x00, 0x00, 0x1F, 0xF0, 0x3E, 0x3F, 0xFC, 0x7E, 0x78, 0x1F, 0x70, 0x70, 0x07, 0xEE, 0x70, 0x01,
    0xEE, 0x70, 0x00, 0xFE, 0x70, 0x00, 0x70, 0xFE, 0x00, 0x00, 0xFE, 0x00, 0x00, 0x38, 0x00, 0x00,
    0x38, 0x00, 0x00, 0x38, 0x00, 0x00, 0x38, 0x00, 0x00, 0x38, 0x00, 0x00, 0x38, 0x00, 0x00, 0x38,
    0x00, 0x00, 0x38, 0x00, 0x00, 0x38, 0x00, 0x00, 0x38, 0x00, 0x00, 0x38, 0x00, 0x00, 0x38, 0x00,
    0x00, 0x38, 0x00, 0x00, 0x38, 0x00, 0x00, 0x1F, 0xF8, 0x1F, 0x9F, 0xFF, 0x0F, 0xDE, 0x07, 0xEE,
    0x0E, 0x00, 0x7F, 0x67, 0x00, 0x0F, 0xFB, 0x80, 0x03, 0xD9, 0xC0, 0x00, 0xF1, 0xFC, 0x00, 0x00,
    0xFE, 0x00, 0x00, 0x1C, 0x00, 0x00, 0x0E, 0x00, 0x00, 0x07, 0x00, 0x00, 0x03, 0x80, 0x00, 0x01,
    0xC0, 0x00, 0x00, 0xE0, 0x00, 0x00, 0x70, 0x00, 0x00, 0x38, 0x00, 0x00, 0x1C, 0x00, 0x00, 0x0E,
    0x00, 0x00, 0x07, 0x00, 0x00, 0x03, 0x80, 0x00, 0x01, 0xC0, 0x00, 0x00, 0xE0, 0x00, 0x00, 0x1F,
    0xF8, 0x0F, 0x9F, 0xFF, 0x8F, 0xDF, 0x07, 0xE7, 0x0E, 0x00, 0x7F, 0x77, 0x00, 0x0F, 0xBB, 0x80,
    0x03, 0xFD, 0xC0, 0x00, 0x71, 0xFC, 0x00, 0x00, 0xFE, 0x00, 0x00, 0x1C, 0x00, 0x00, 0x0E, 0x00,
    0x00, 0x07, 0x00, 0x00, 0x03, 0x80, 0x00, 0x01, 0xC0, 0x00, 0x00, 0xE0, 0x00, 0x00, 0x70, 0x00,
    0x00, 0x38, 0x00, 0x00, 0x1C, 0x00, 0x00, 0x0E, 0x00, 0x00, 0x07, 0x00, 0x00, 0x03, 0x80, 0x00,
    0x01, 0xC0, 0x00, 0x00, 0xE0, 0x00, 0x00, 0x0F, 0xFC, 0x07, 0xCF, 0xFF, 0xC3, 0xF7, 0xC0, 0xFD,
    0xC1, 0xC0, 0x07, 0xF7, 0x70, 0x00, 0x7D, 0xDC, 0x00, 0x0F, 0x77, 0x00, 0x01, 0xE3, 0xF8, 0x00,
    0x00, 0xFE, 0x00, 0x00, 0x0E, 0x00, 0x00, 0x03, 0x80, 0x00, 0x00, 0xE0, 0x00, 0x00, 0x38, 0x00,
    0x00, 0x0E, 0x00, 0x00, 0x03, 0x80, 0x00, 0x00, 0xE0, 0x00, 0x00, 0x38, 0x00, 0x00, 0x0E, 0x00,
    0x00, 0x03, 0x80, 0x00, 0x00, 0xE0, 0x00, 0x00, 0x38, 0x00, 0x00, 0x0E, 0x00, 0x00, 0x03, 0x80,
    0x00, 0x00, 0x0F, 0xFE, 0x01, 0xF3, 0xFF, 0xF8, 0x3F, 0x7C, 0x07, 0xE7, 0x07, 0x00, 0x0F, 0xF7,
    0x70, 0x00, 0x3F, 0x77, 0x00, 0x00, 0xF7, 0x70, 0x00, 0x07, 0x8F, 0xE0, 0x00, 0x00, 0xFE, 0x00,
    0x00, 0x03, 0x80, 0x00, 0x00, 0x38, 0x00, 0x00, 0x03, 0x80, 0x00, 0x00, 0x38, 0x00, 0x00, 0x03,
    0x80, 0x00, 0x00, 0x38, 0x00, 0x00, 0x03, 0x80, 0x00, 0x00, 0x38, 0x00, 0x00, 0x03, 0x80, 0x00,
    0x00, 0x38, 0x00, 0x00, 0x03, 0x80, 0x00, 0x00, 0x38, 0x00, 0x00, 0x03, 0x80, 0x00, 0x00, 0x38,
    0x00, 0x00, 0x00, 0x0F, 0xFF, 0x00, 0x7E, 0x7F, 0xFF, 0xC1, 0xFD, 0xF0, 0x0F, 0xE3, 0x83, 0x80,
    0x01, 0xF7, 0x67, 0x00, 0x00, 0xFF, 0xEE, 0x00, 0x00, 0x7D, 0x9C, 0x00, 0x00, 0x78, 0x7F, 0x00,
    0x00, 0x00, 0xFE, 0x00, 0x00, 0x00, 0x70, 0x00, 0x00, 0x00, 0xE0, 0x00, 0x00, 0x01, 0xC0, 0x00,
    0x00, 0x03, 0x80, 0x00, 0x00, 0x07, 0x00, 0x00, 0x00, 0x0E, 0x00, 0x00, 0x00, 0x1C, 0x00, 0x00,
    0x00, 0x38, 0x00, 0x00, 0x00, 0x70, 0x00, 0x00, 0x00, 0xE0, 0x00, 0x00, 0x01, 0xC0, 0x00, 0x00,
    0x03, 0x80, 0x00, 0x00, 0x07, 0x00, 0x00, 0x00, 0x0E, 0x00, 0x00, 0x00, 0x00, 0x0F, 0xFF, 0x00,
    0x1F, 0x3F, 0xFF, 0xF0, 0x3F, 0x7C, 0x03, 0xFC, 0x70, 0x70, 0x00, 0x1F, 0x77, 0x70, 0x00, 0x07,
    0xF7, 0x70, 0x00, 0x01, 0xF7, 0x70, 0x00, 0x00, 0x78, 0xFE, 0x00, 0x00, 0x00, 0xFE, 0x00, 0x00,
    0x00, 0x38, 0x00, 0x00, 0x00, 0x38, 0x00, 0x00, 0x00, 0x38, 0x00, 0x00, 0x00, 0x38, 0x00, 0x00,
    0x00, 0x38, 0x00, 0x00, 0x00, 0x38, 0x00, 0x00, 0x00, 0x38, 0x00, 0x00, 0x00, 0x38, 0x00, 0x00,
    0x00, 0x38, 0x00, 0x00, 0x00, 0x38, 0x00, 0x00, 0x00, 0x38, 0x00, 0x00, 0x00, 0x38, 0x00, 0x00,
    0x00, 0x38, 0x00, 0x00, 0x00, 0x38, 0x00, 0x00, 0x00, 0x0F, 0xFF, 0xC0, 0x03, 0xE7, 0xFF, 0xFF,
    0x80, 0xFD, 0xF0, 0x03, 0xFE, 0x38, 0x38, 0x00, 0x03, 0xF7, 0x67, 0x00, 0x00, 0x0F, 0xEE, 0xE0,
    0x00, 0x00, 0x7D, 0xDC, 0x00, 0x00, 0x03, 0xC7, 0xF0, 0x00, 0x00, 0x00, 0xFE, 0x00, 0x00, 0x00,
    0x07, 0x00, 0x00, 0x00, 0x00, 0xE0, 0x00, 0x00, 0x00, 0x1C, 0x00, 0x00, 0x00, 0x03, 0x80, 0x00,
    0x00, 0x00, 0x70, 0x00, 0x00, 0x00, 0x0E, 0x00, 0x00, 0x00, 0x01, 0xC0, 0x00, 0x00, 0x00, 0x38,
    0x00, 0x00, 0x00, 0x07, 0x00, 0x00, 0x00, 0x00, 0xE0, 0x00, 0x00, 0x00, 0x1C, 0x00, 0x00, 0x00,
    0x03, 0x80, 0x00, 0x00, 0x00, 0x70, 0x00, 0x00, 0x00, 0x0E, 0x00, 0x00, 0x00, 0x00, 0x0F, 0xFF,
    0xF0, 0x00, 0x7C, 0xFF, 0xFF, 0xFC, 0x03, 0xF3, 0xE0, 0x03, 0xFE, 0x0E, 0x1C, 0x00, 0x00, 0x7F,
    0x77, 0x70, 0x00, 0x00, 0x3F, 0xDD, 0xC0, 0x00, 0x00, 0x1F, 0x77, 0x00, 0x00, 0x00, 0x1E, 0x3F,
    0x80, 0x00, 0x00, 0x00, 0xFE, 0x00, 0x00, 0x00, 0x00, 0xE0, 0x00, 0x00, 0x00, 0x03, 0x80, 0x00,
    0x00, 0x00, 0x0E, 0x00, 0x00, 0x00, 0x00, 0x38, 0x00, 0x00, 0x00, 0x00, 0xE0, 0x00, 0x00, 0x00,
    0x03, 0x80, 0x00, 0x00, 0x00, 0x0E, 0x00, 0x00, 0x00, 0x00, 0x38, 0x00, 0x00, 0x00, 0x00, 0xE0,
    0x00, 0x00, 0x00, 0x03, 0x80, 0x00, 0x00, 0x00, 0x0E, 0x00, 0x00, 0x00, 0x00, 0x38, 0x00, 0x00,
    0x00, 0x00, 0xE0, 0x00, 0x00, 0x00, 0x03, 0x80, 0x00, 0x00, 0x00, 0x00, 0x1F, 0x8F, 0x87, 0xFF,
    0xF1, 0xE3, 0xF2, 0x38, 0x3D, 0xF7, 0x03, 0xBE, 0xE0, 0x3F, 0x9C, 0x07, 0x07, 0xF0, 0x00, 0xFE,
    0x00, 0x07, 0x00, 0x00, 0xE0, 0x00, 0x1C, 0x00, 0x03, 0x80, 0x00, 0x70, 0x00, 0x0E, 0x00, 0x01,
    0xC0, 0x00, 0x38, 0x00, 0x07, 0x00, 0x00, 0xE0, 0x00, 0x1C, 0x00, 0x03, 0x80, 0x00, 0x70, 0x00,
    0x0E, 0x00, 0x00, 0x1F, 0xC3, 0xF1, 0xFF, 0xBF, 0x1E, 0x1F, 0xC8, 0xE0, 0x3F, 0xF7, 0x00, 0xFF,
    0xB8, 0x03, 0xF9, 0xC0, 0x1C, 0x1F, 0xC0, 0x00, 0xFE, 0x00, 0x01, 0xC0, 0x00, 0x0E, 0x00, 0x00,
    0x70, 0x00, 0x03, 0x80, 0x00, 0x1C, 0x00, 0x00, 0xE0, 0x00, 0x07, 0x00, 0x00, 0x38, 0x00, 0x01,
    0xC0, 0x00, 0x0E, 0x00, 0x00, 0x70, 0x00, 0x03, 0x80, 0x00, 0x1C, 0x00, 0x00, 0xE0, 0x00, 0x00,
    0x1F, 0xE0, 0xF8, 0x7F, 0xF3, 0xF1, 0xE1, 0xFE, 0x43, 0x80, 0x7F, 0xE7, 0x00, 0x7F, 0xCE, 0x00,
    0x77, 0x9C, 0x00, 0x70, 0x7F, 0x00, 0x00, 0xFE, 0x00, 0x00, 0x70, 0x00, 0x00, 0xE0, 0x00, 0x01,
    0xC0, 0x00, 0x03, 0x80, 0x00, 0x07, 0x00, 0x00, 0x0E, 0x00, 0x00, 0x1C, 0x00, 0x00, 0x38, 0x00,
    0x00, 0x70, 0x00, 0x00, 0xE0, 0x00, 0x01, 0xC0, 0x00, 0x03, 0x80, 0x00, 0x07, 0x00, 0x00, 0x0E,
    0x00, 0x00, 0x00, 0x1F, 0xE0, 0xF8, 0x7F, 0xF3, 0xF1, 0xE0, 0xFF, 0x23, 0x80, 0x7D, 0xF7, 0x00,
    0x7F, 0xEE, 0x00, 0x7F, 0x9C, 0x00, 0x70, 0x7F, 0x00, 0x00, 0xFE, 0x00, 0x00, 0x70, 0x00, 0x00,
    0xE0, 0x00, 0x01, 0xC0, 0x00, 0x03, 0x80, 0x00, 0x07, 0x00, 0x00, 0x0E, 0x00, 0x00, 0x1C, 0x00,
    0x00, 0x38, 0x00, 0x00, 0x70, 0x00, 0x00, 0xE0, 0x00, 0x01, 0xC0, 0x00, 0x03, 0x80, 0x00, 0x07,
    0x00, 0x00, 0x0E, 0x00, 0x00, 0x00, 0x1F, 0xE0, 0x7C, 0x7F, 0xF1, 0xF9, 0xE0, 0xFF, 0x23, 0x80,
    0x7F, 0xF7, 0x00, 0x3F, 0xEE, 0x00, 0x3B, 0xDC, 0x00, 0x38, 0x7F, 0x00, 0x00, 0xFE, 0x00, 0x00,
    0x70, 0x00, 0x00, 0xE0, 0x00, 0x01, 0xC0, 0x00, 0x03, 0x80, 0x00, 0x07, 0x00, 0x00, 0x0E, 0x00,
    0x00, 0x1C, 0x00, 0x00, 0x38, 0x00, 0x00, 0x70, 0x00, 0x00, 0xE0, 0x00, 0x01, 0xC0, 0x00, 0x03,
    0x80, 0x00, 0x07, 0x00, 0x00, 0x0E, 0x00, 0x00, 0x00, 0x1F, 0xF0, 0x3E, 0x1F, 0xFE, 0x3F, 0x1E,
    0x0F, 0xDC, 0x8E, 0x00, 0xFD, 0xF7, 0x00, 0x1E, 0xFB, 0x80, 0x07, 0xF9, 0xC0, 0x01, 0xC1, 0xFC,
    0x00, 0x00, 0xFE, 0x00, 0x00, 0x1C, 0x00, 0x00, 0x0E, 0x00, 0x00, 0x07, 0x00, 0x00, 0x03, 0x80,
    0x00, 0x01, 0xC0, 0x00, 0x00, 0xE0, 0x00, 0x00, 0x70, 0x00, 0x00, 0x38, 0x00, 0x00, 0x1C, 0x00,
    0x00, 0x0E, 0x00, 0x00, 0x07, 0x00, 0x00, 0x03, 0x80, 0x00, 0x01, 0xC0, 0x00, 0x00, 0xE0, 0x00,
    0x00, 0x1F, 0xF0, 0x3E, 0x1F, 0xFE, 0x3F, 0x1E, 0x07, 0xDC, 0x8E, 0x00, 0xFD, 0xF7, 0x00, 0x1E,
    0xFB, 0x80, 0x07, 0xF9, 0xC0, 0x01, 0xC1, 0xFC, 0x00, 0x00, 0xFE, 0x00, 0x00, 0x1C, 0x00, 0x00,
    0x0E, 0x00, 0x00, 0x07, 0x00, 0x00, 0x03, 0x80, 0x00, 0x01, 0xC0, 0x00, 0x00, 0xE0, 0x00, 0x00,
    0x70, 0x00, 0x00, 0x38, 0x00, 0x00, 0x1C, 0x00, 0x00, 0x0E, 0x00, 0x00, 0x07, 0x00, 0x00, 0x03,
    0x80, 0x00, 0x01, 0xC0, 0x00, 0x00, 0xE0, 0x00, 0x00, 0x1F, 0xF8, 0x1F, 0x8F, 0xFF, 0x87, 0xE7,
    0x81, 0xFB, 0x91, 0xC0, 0x0F, 0xFF, 0x70, 0x00, 0xFF, 0xDC, 0x00, 0x1E, 0xF7, 0x00, 0x03, 0xC3,
    0xF8, 0x00, 0x00, 0xFE, 0x00, 0x00, 0x0E, 0x00, 0x00, 0x03, 0x80, 0x00, 0x00, 0xE0, 0x00, 0x00,
    0x38, 0x00, 0x00, 0x0E, 0x00, 0x00, 0x03, 0x80, 0x00, 0x00, 0xE0, 0x00, 0x00, 0x38, 0x00, 0x00,
    0x0E, 0x00, 0x00, 0x03, 0x80, 0x00, 0x00, 0xE0, 0x00, 0x00, 0x38, 0x00, 0x00, 0x0E, 0x00, 0x00,
    0x03, 0x80, 0x00, 0x00, 0x1F, 0xF8, 0x0F, 0x87, 0xFF, 0xE3, 0xF1, 0xF0, 0x7E, 0x76, 0x38, 0x01,
    0xFD, 0xF7, 0x00, 0x0F, 0xBE, 0xE0, 0x00, 0xFF, 0x9C, 0x00, 0x07, 0x07, 0xF0, 0x00, 0x00, 0xFE,
    0x00, 0x00, 0x07, 0x00, 0x00, 0x00, 0xE0, 0x00, 0x00, 0x1C, 0x00, 0x00, 0x03, 0x80, 0x00, 0x00,
    0x70, 0x00, 0x00, 0x0E, 0x00, 0x00, 0x01, 0xC0, 0x00, 0x00, 0x38, 0x00, 0x00, 0x07, 0x00, 0x00,
    0x00, 0xE0, 0x00, 0x00, 0x1C, 0x00, 0x00, 0x03, 0x80, 0x00, 0x00, 0x70, 0x00, 0x00, 0x0E, 0x00,
    0x00, 0x00, 0x0F, 0xFC, 0x07, 0xC3, 0xFF, 0xF0, 0xFC, 0x7C, 0x0F, 0xDC, 0x87, 0x00, 0x1F, 0xFE,
    0x70, 0x00, 0x7F, 0xE7, 0x00, 0x03, 0xDE, 0x70, 0x00, 0x1E, 0x0F, 0xE0, 0x00, 0x00, 0xFE, 0x00,
    0x00, 0x03, 0x80, 0x00, 0x00, 0x38, 0x00, 0x00, 0x03, 0x80, 0x00, 0x00, 0x38, 0x00, 0x00, 0x03,
    0x80, 0x00, 0x00, 0x38, 0x00, 0x00, 0x03, 0x80, 0x00, 0x00, 0x38, 0x00, 0x00, 0x03, 0x80, 0x00,
    0x00, 0x38, 0x00, 0x00, 0x03, 0x80, 0x00, 0x00, 0x38, 0x00, 0x00, 0x03, 0x80, 0x00, 0x00, 0x38,
    0x00, 0x00, 0x00, 0x0F, 0xFE, 0x01, 0xF0, 0xFF, 0xFE, 0x0F, 0xC7, 0xC0, 0x7E, 0x72, 0x1C, 0x00,
    0x3F, 0xFE, 0x70, 0x00, 0x3F, 0xF9, 0xC0, 0x00, 0x3D, 0xE7, 0x00, 0x00, 0x78, 0x3F, 0x80, 0x00,
    0x00, 0xFE, 0x00, 0x00, 0x00, 0xE0, 0x00, 0x00, 0x03, 0x80, 0x00, 0x00, 0x0E, 0x00, 0x00, 0x00,
    0x38, 0x00, 0x00, 0x00, 0xE0, 0x00, 0x00, 0x03, 0x80, 0x00, 0x00, 0x0E, 0x00, 0x00, 0x00, 0x38,
    0x00, 0x00, 0x00, 0xE0, 0x00, 0x00, 0x03, 0x80, 0x00, 0x00, 0x0E, 0x00, 0x00, 0x00, 0x38, 0x00,
    0x00, 0x00, 0xE0, 0x00, 0x00, 0x03, 0x80, 0x00, 0x00, 0x00, 0x0F, 0xFF, 0x00, 0x7E, 0x3F, 0xFF,
    0xE0, 0xFE, 0x7C, 0x03, 0xF8, 0xE4, 0x70, 0x00, 0x3E, 0xFF, 0x70, 0x00, 0x0F, 0xFF, 0x70, 0x00,
    0x03, 0xFE, 0x70, 0x00, 0x01, 0xE0, 0xFE, 0x00, 0x00, 0x00, 0xFE, 0x00, 0x00, 0x00, 0x38, 0x00,
    0x00, 0x00, 0x38, 0x00, 0x00, 0x00, 0x38, 0x00, 0x00, 0x00, 0x38, 0x00, 0x00, 0x00, 0x38, 0x00,
    0x00, 0x00, 0x38, 0x00, 0x00, 0x00, 0x38, 0x00, 0x00, 0x00, 0x38, 0x00, 0x00, 0x00, 0x38, 0x00,
    0x00, 0x00, 0x38, 0x00, 0x00, 0x00, 0x38, 0x00, 0x00, 0x00, 0x38, 0x00, 0x00, 0x00, 0x38, 0x00,
    0x00, 0x00, 0x38, 0x00, 0x00, 0x00, 0x0F, 0xFF, 0x00, 0x1F, 0x0F, 0xFF, 0xFC, 0x0F, 0xC7, 0xC0,
    0x3F, 0xC7, 0x21, 0xC0, 0x00, 0x7D, 0xFE, 0x70, 0x00, 0x07, 0xFF, 0x9C, 0x00, 0x00, 0x7D, 0xE7,
    0x00, 0x00, 0x07, 0x83, 0xF8, 0x00, 0x00, 0x00, 0xFE, 0x00, 0x00, 0x00, 0x0E, 0x00, 0x00, 0x00,
    0x03, 0x80, 0x00, 0x00, 0x00, 0xE0, 0x00, 0x00, 0x00, 0x38, 0x00, 0x00, 0x00, 0x0E, 0x00, 0x00,
    0x00, 0x03, 0x80, 0x00, 0x00, 0x00, 0xE0, 0x00, 0x00, 0x00, 0x38, 0x00, 0x00, 0x00, 0x0E, 0x00,
    0x00, 0x00, 0x03, 0x80, 0x00, 0x00, 0x00, 0xE0, 0x00, 0x00, 0x00, 0x38, 0x00, 0x00, 0x00, 0x0E,
    0x00, 0x00, 0x00, 0x03, 0x80, 0x00, 0x00, 0x00, 0x0F, 0xFF, 0xC0, 0x03, 0xE1, 0xFF, 0xFF, 0xE0,
    0x3F, 0x1F, 0x00, 0x3F, 0xE3, 0x90, 0xE0, 0x00, 0x0F, 0xDF, 0xE7, 0x00, 0x00, 0x0F, 0xFF, 0x38,
    0x00, 0x00, 0x1F, 0x79, 0xC0, 0x00, 0x00, 0x3C, 0x1F, 0xC0, 0x00, 0x00, 0x00, 0xFE, 0x00, 0x00,
    0x00, 0x01, 0xC0, 0x00, 0x00, 0x00, 0x0E, 0x00, 0x00, 0x00, 0x00, 0x70, 0x00, 0x00, 0x00, 0x03,
    0x80, 0x00, 0x00, 0x00, 0x1C, 0x00, 0x00, 0x00, 0x00, 0xE0, 0x00, 0x00, 0x00, 0x07, 0x00, 0x00,
    0x00, 0x00, 0x38, 0x00, 0x00, 0x00, 0x01, 0xC0, 0x00, 0x00, 0x00, 0x0E, 0x00, 0x00, 0x00, 0x00,
    0x70, 0x00, 0x00, 0x00, 0x03, 0x80, 0x00, 0x00, 0x00, 0x1C, 0x00, 0x00, 0x00, 0x00, 0xE0, 0x00,
    0x00, 0x00, 0x00, 0x0F, 0xFF, 0xF0, 0x00, 0x7C, 0x3F, 0xFF, 0xFF, 0x00, 0xFC, 0x3E, 0x00, 0x3F,
    0xE0, 0xEC, 0x70, 0x00, 0x01, 0xFD, 0xFF, 0x70, 0x00, 0x00, 0x3F, 0xFF, 0x70, 0x00, 0x00, 0x07,
    0xDE, 0x70, 0x00, 0x00, 0x01, 0xE0, 0xFE, 0x00, 0x00, 0x00, 0x00, 0xFE, 0x00, 0x00, 0x00, 0x00,
    0x38, 0x00, 0x00, 0x00, 0x00, 0x38, 0x00, 0x00, 0x00, 0x00, 0x38, 0x00, 0x00, 0x00, 0x00, 0x38,
    0x00, 0x00, 0x00, 0x00, 0x38, 0x00, 0x00, 0x00, 0x00, 0x38, 0x00, 0x00, 0x00, 0x00, 0x38, 0x00,
    0x00, 0x00, 0x00, 0x38, 0x00, 0x00, 0x00, 0x00, 0x38, 0x00, 0x00, 0x00, 0x00, 0x38, 0x00, 0x00,
    0x00, 0x00, 0x38, 0x00, 0x00, 0x00, 0x00, 0x38, 0x00, 0x00, 0x00, 0x00, 0x38, 0x00, 0x00, 0x00,
    0x00, 0x38, 0x00, 0x00, 0x00, 0x00, 0x7E, 0x03, 0xFE, 0x0E, 0x38, 0x38, 0x70, 0xE0, 0xE3, 0x83,
    0x8E, 0x06, 0x00, 0x7F, 0x01, 0xFC, 0x01, 0xC0, 0x07, 0x00, 0x1C, 0x00, 0x70, 0x01, 0xC0, 0x07,
    0x00, 0x1C, 0x00, 0x70, 0x01, 0xC0, 0x07, 0x00, 0x1C, 0x00, 0x70, 0x01, 0xC0, 0x07, 0x00, 0x3F,
    0x00, 0xFF, 0x03, 0xCF, 0x07, 0x07, 0x0E, 0x06, 0x1C, 0x0E, 0x18, 0x0C, 0x00, 0x7F, 0x00, 0xFE,
    0x00, 0x70, 0x00, 0xE0, 0x01, 0xC0, 0x03, 0x80, 0x07, 0x00, 0x0E, 0x00, 0x1C, 0x00, 0x38, 0x00,
    0x70, 0x00, 0xE0, 0x01, 0xC0, 0x03, 0x80, 0x07, 0x00, 0x0E, 0x00, 0x3F, 0x80, 0x1F, 0xF8, 0x0F,
    0x1F, 0x03, 0x81, 0xE0, 0xE0, 0x1C, 0x38, 0x03, 0x8E, 0x00, 0xE0, 0x00, 0x7F, 0x00, 0x1F, 0xC0,
    0x01, 0xC0, 0x00, 0x70, 0x00, 0x1C, 0x00, 0x07, 0x00, 0x01, 0xC0, 0x00, 0x70, 0x00, 0x1C, 0x00,
    0x07, 0x00, 0x01, 0xC0, 0x00, 0x70, 0x00, 0x1C, 0x00, 0x07, 0x00, 0x01, 0xC0, 0x00, 0x70, 0x3E,
    0x03, 0xF9, 0xFC, 0xFF, 0xC3, 0x7E, 0x1C, 0x70, 0xE1, 0xC3, 0x00, 0x7F, 0x03, 0xF8, 0x07, 0x00,
    0x38, 0x01, 0xC0, 0x0E, 0x00, 0x70, 0x03, 0x80, 0x1C, 0x00, 0xE0, 0x07, 0x00, 0x38, 0x01, 0xC0,
    0x0E, 0x00, 0x70, 0x03, 0x80, 0x7E, 0x03, 0xFE, 0xEE, 0x3B, 0xF8, 0x7E, 0xE0, 0xE3, 0x83, 0x8E,
    0x06, 0x00, 0x7F, 0x01, 0xFC, 0x01, 0xC0, 0x07, 0x00, 0x1C, 0x00, 0x70, 0x01, 0xC0, 0x07, 0x00,
    0x1C, 0x00, 0x70, 0x01, 0xC0, 0x07, 0x00, 0x1C, 0x00, 0x70, 0x01, 0xC0, 0x07, 0x00, 0x3F, 0x00,
    0xFF, 0x3B, 0xCF, 0x77, 0x07, 0xEE, 0x06, 0x1C, 0x0E, 0x18, 0x0C, 0x00, 0x7F, 0x00, 0xFE, 0x00,
    0x70, 0x00, 0xE0, 0x01, 0xC0, 0x03, 0x80, 0x07, 0x00, 0x0E, 0x00, 0x1C, 0x00, 0x38, 0x00, 0x70,
    0x00, 0xE0, 0x01, 0xC0, 0x03, 0x80, 0x07, 0x00, 0x0E, 0x00, 0x3F, 0x80, 0x1F, 0xF8, 0xEF, 0x1F,
    0x7B, 0x81, 0xEE, 0xE0, 0x1C, 0x38, 0x03, 0x8E, 0x00, 0xE0, 0x00, 0x7F, 0x00, 0x1F, 0xC0, 0x01,
    0xC0, 0x00, 0x70, 0x00, 0x1C, 0x00, 0x07, 0x00, 0x01, 0xC0, 0x00, 0x70, 0x00, 0x1C, 0x00, 0x07,
    0x00, 0x01, 0xC0, 0x00, 0x70, 0x00, 0x1C, 0x00, 0x07, 0x00, 0x01, 0xC0, 0x00, 0x70, 0x3E, 0x1C,
    0x3F, 0xBF, 0xBC, 0xFF, 0xDC, 0x37, 0xEE, 0x1D, 0xC7, 0x0E, 0x01, 0xC3, 0x00, 0x07, 0xF0, 0x03,
    0xF8, 0x00, 0x70, 0x00, 0x38, 0x00, 0x1C, 0x00, 0x0E, 0x00, 0x07, 0x00, 0x03, 0x80, 0x01, 0xC0,
    0x00, 0xE0, 0x00, 0x70, 0x00, 0x38, 0x00, 0x1C, 0x00, 0x0E, 0x00, 0x07, 0x00, 0x03, 0x80, 0x7E,
    0x0E, 0x7F, 0xDF, 0xF8, 0xEF, 0xFC, 0x3F, 0xEE, 0x0E, 0xE7, 0x07, 0x03, 0x81, 0x80, 0x03, 0xF8,
    0x01, 0xFC, 0x00, 0x38, 0x00, 0x1C, 0x00, 0x0E, 0x00, 0x07, 0x00, 0x03, 0x80, 0x01, 0xC0, 0x00,
    0xE0, 0x00, 0x70, 0x00, 0x38, 0x00, 0x1C, 0x00, 0x0E, 0x00, 0x07, 0x00, 0x03, 0x80, 0x01, 0xC0,
    0x3F, 0x06, 0x9F, 0xE7, 0xFF, 0x3D, 0xFF, 0x83, 0xFE, 0xE0, 0x67, 0x38, 0x1C, 0x06, 0x03, 0x00,
    0x03, 0xF8, 0x00, 0xFE, 0x00, 0x0E, 0x00, 0x03, 0x80, 0x00, 0xE0, 0x00, 0x38, 0x00, 0x0E, 0x00,
    0x03, 0x80, 0x00, 0xE0, 0x00, 0x38, 0x00, 0x0E, 0x00, 0x03, 0x80, 0x00, 0xE0, 0x00, 0x38, 0x00,
    0x0E, 0x00, 0x03, 0x80, 0x3F, 0x81, 0xC7, 0xFE, 0x7F, 0xF1, 0xF7, 0xFE, 0x07, 0xBF, 0xE0, 0x1D,
    0xCE, 0x00, 0xE0, 0xE0, 0x0E, 0x00, 0x01, 0xFC, 0x00, 0x1F, 0xC0, 0x00, 0x70, 0x00, 0x07, 0x00,
    0x00, 0x70, 0x00, 0x07, 0x00, 0x00, 0x70, 0x00, 0x07, 0x00, 0x00, 0x70, 0x00, 0x07, 0x00, 0x00,
    0x70, 0x00, 0x07, 0x00, 0x00, 0x70, 0x00, 0x07, 0x00, 0x00, 0x70, 0x00, 0x07, 0x00, 0x3E, 0xFD,
    0xFF, 0xFF, 0x3C, 0x38, 0x70, 0xE1, 0xC3, 0x87, 0x07, 0x0C, 0x00, 0xFE, 0x03, 0xF8, 0x03, 0x80,
    0x0E, 0x00, 0x38, 0x00, 0xE0, 0x03, 0x80, 0x0E, 0x00, 0x38, 0x00, 0xE0, 0x03, 0x80, 0x0E, 0x00,
    0x38, 0x00, 0xE0, 0x03, 0x80, 0x0E, 0x00, 0x7E, 0x7F, 0xFF, 0xFF, 0x8F, 0x87, 0x0F, 0x0E, 0x0E,
    0x1C, 0x1C, 0x38, 0x18, 0x00, 0xFE, 0x01, 0xFC, 0x00, 0xE0, 0x01, 0xC0, 0x03, 0x80, 0x07, 0x00,
    0x0E, 0x00, 0x1C, 0x00, 0x38, 0x00, 0x70, 0x00, 0xE0, 0x01, 0xC0, 0x03, 0x80, 0x07, 0x00, 0x0E,
    0x00, 0x1C, 0x00, 0x3F, 0x3F, 0x7F, 0xBF, 0xF3, 0xF0, 0xE0, 0xF0, 0xE0, 0x70, 0xE0, 0x70, 0x60,
    0x30, 0x00, 0xFE, 0x00, 0xFE, 0x00, 0x38, 0x00, 0x38, 0x00, 0x38, 0x00, 0x38, 0x00, 0x38, 0x00,
    0x38, 0x00, 0x38, 0x00, 0x38, 0x00, 0x38, 0x00, 0x38, 0x00, 0x38, 0x00, 0x38, 0x00, 0x38, 0x00,
    0x38, 0x3F, 0x87, 0xEF, 0xFD, 0xFF, 0xC7, 0xF8, 0x70, 0x3F, 0x0E, 0x01, 0xC1, 0xC0, 0x1C, 0x38,
    0x03, 0x80, 0x00, 0xFE, 0x00, 0x1F, 0xC0, 0x00, 0xE0, 0x00, 0x1C, 0x00, 0x03, 0x80, 0x00, 0x70,
    0x00, 0x0E, 0x00, 0x01, 0xC0, 0x00, 0x38, 0x00, 0x07, 0x00, 0x00, 0xE0, 0x00, 0x1C, 0x00, 0x03,
    0x80, 0x00, 0x70, 0x00, 0x0E, 0x00, 0x01, 0xC0, 0x3E, 0xFD, 0xFF, 0xFF, 0x3C, 0x38, 0x76, 0xE1,
    0xFB, 0x87, 0x67, 0x0C, 0x00, 0xFE, 0x03, 0xF8, 0x03, 0x80, 0x0E, 0x00, 0x38, 0x00, 0xE0, 0x03,
    0x80, 0x0E, 0x00, 0x38, 0x00, 0xE0, 0x03, 0x80, 0x0E, 0x00, 0x38, 0x00, 0xE0, 0x03, 0x80, 0x0E,
    0x00, 0x7E, 0x7F, 0xFF, 0xFF, 0x8F, 0x87, 0x0F, 0xEE, 0x0F, 0xDC, 0x1F, 0xB8, 0x18, 0x00, 0xFE,
    0x01, 0xFC, 0x00, 0xE0, 0x01, 0xC0, 0x03, 0x80, 0x07, 0x00, 0x0E, 0x00, 0x1C, 0x00, 0x38, 0x00,
    0x70, 0x00, 0xE0, 0x01, 0xC0, 0x03, 0x80, 0x07, 0x00, 0x0E, 0x00, 0x1C, 0x00, 0x3F, 0x3F, 0x7F,
    0xBF, 0xF3, 0xF0, 0xE0, 0xFE, 0xE0, 0x7E, 0xE0, 0x7E, 0x60, 0x30, 0x00, 0xFE, 0x00, 0xFE, 0x00,
    0x38, 0x00, 0x38, 0x00, 0x38, 0x00, 0x38, 0x00, 0x38, 0x00, 0x38, 0x00, 0x38, 0x00, 0x38, 0x00,
    0x38, 0x00, 0x38, 0x00, 0x38, 0x00, 0x38, 0x00, 0x38, 0x00, 0x38, 0x3F, 0x87, 0xEF, 0xFD, 0xFF,
    0xC7, 0xF8, 0x70, 0x3F, 0xEE, 0x01, 0xDD, 0xC0, 0x1F, 0xB8, 0x03, 0x80, 0x00, 0xFE, 0x00, 0x1F,
    0xC0, 0x00, 0xE0, 0x00, 0x1C, 0x00, 0x03, 0x80, 0x00, 0x70, 0x00, 0x0E, 0x00, 0x01, 0xC0, 0x00,
    0x38, 0x00, 0x07, 0x00, 0x00, 0xE0, 0x00, 0x1C, 0x00, 0x03, 0x80, 0x00, 0x70, 0x00, 0x0E, 0x00,
    0x01, 0xC0, 0x3E, 0xF8, 0x7F, 0xF8, 0xF3, 0xC8, 0xE1, 0xFF, 0xE1, 0xFF, 0xE1, 0xDE, 0x70, 0xC0,
    0x03, 0xF8, 0x03, 0xF8, 0x00, 0xE0, 0x00, 0xE0, 0x00, 0xE0, 0x00, 0xE0, 0x00, 0xE0, 0x00, 0xE0,
    0x00, 0xE0, 0x00, 0xE0, 0x00, 0xE0, 0x00, 0xE0, 0x00, 0xE0, 0x00, 0xE0, 0x00, 0xE0, 0x00, 0xE0,
    0x7E, 0x7C, 0x7F, 0xFE, 0x38, 0xF9, 0x1C, 0x3F, 0xFE, 0x0F, 0xFF, 0x07, 0x7B, 0x81, 0x80, 0x03,
    0xF8, 0x01, 0xFC, 0x00, 0x38, 0x00, 0x1C, 0x00, 0x0E, 0x00, 0x07, 0x00, 0x03, 0x80, 0x01, 0xC0,
    0x00, 0xE0, 0x00, 0x70, 0x00, 0x38, 0x00, 0x1C, 0x00, 0x0E, 0x00, 0x07, 0x00, 0x03, 0x80, 0x01,
    0xC0, 0x3F, 0x3E, 0x1F, 0xEF, 0x8F, 0x3F, 0x33, 0x83, 0xFF, 0xE0, 0x7F, 0xF8, 0x1D, 0xE6, 0x03,
    0x00, 0x03, 0xF8, 0x00, 0xFE, 0x00, 0x0E, 0x00, 0x03, 0x80, 0x00, 0xE0, 0x00, 0x38, 0x00, 0x0E,
    0x00, 0x03, 0x80, 0x00, 0xE0, 0x00, 0x38, 0x00, 0x0E, 0x00, 0x03, 0x80, 0x00, 0xE0, 0x00, 0x38,
    0x00, 0x0E, 0x00, 0x03, 0x80, 0x3F, 0x87, 0xC3, 0xFF, 0x7E, 0x3C, 0x7F, 0x91, 0xC0, 0xFF, 0xFE,
    0x01, 0xDF, 0x70, 0x07, 0x7B, 0x80, 0x38, 0x00, 0x03, 0xF8, 0x00, 0x1F, 0xC0, 0x00, 0x38, 0x00,
    0x01, 0xC0, 0x00, 0x0E, 0x00, 0x00, 0x70, 0x00, 0x03, 0x80, 0x00, 0x1C, 0x00, 0x00, 0xE0, 0x00,
    0x07, 0x00, 0x00, 0x38, 0x00, 0x01, 0xC0, 0x00, 0x0E, 0x00, 0x00, 0x70, 0x00, 0x03, 0x80, 0x00,
    0x1C, 0x00, 0xFF, 0xFF, 0xFF, 0xFC, 0x00, 0x00, 0x00, 0x00, 0x1F, 0xCC, 0x3F, 0xDC, 0x7F, 0xB8,
    0x70, 0x30, 0x60, 0x70, 0xE0, 0x71, 0xC0, 0xFF, 0x80, 0xFE, 0x00, 0x70, 0x00, 0xFF, 0xFF, 0xFF,
    0xFC, 0x00, 0x00, 0x00, 0x00, 0x1F, 0xCC, 0x3F, 0xDC, 0x7F, 0xB8, 0x70, 0x30, 0x60, 0x70, 0xE0,
    0x71, 0xC0, 0xFF, 0x80, 0xFE, 0x00, 0x70, 0x00, 0x00, 0x00, 0x00, 0x03, 0x00, 0x0F, 0x00, 0x0C,
    0x00, 0xFF, 0x1F, 0xC0, 0x00, 0x00, 0x00, 0x00, 0x00, 0x1F, 0xFB, 0xFF, 0x7F, 0xEF, 0x00, 0xE0,
    0x0C, 0x00, 0xFF, 0xE7, 0xFF, 0x07, 0x00, 0x38, 0x01, 0xC0, 0x0E, 0x00, 0x70, 0x0F, 0xFF, 0x7F,
    0xFB, 0xFF, 0xDF, 0x00, 0x70, 0x00, 0xFF, 0xFF, 0xBF, 0xFF, 0xE0, 0x03, 0x80, 0x1F, 0xE0, 0x0F,
    0xF8, 0x03, 0xFE, 0xC1, 0xCE, 0x78, 0x3F, 0xEC, 0x0F, 0xF8, 0x0C, 0x87, 0x07, 0x81, 0xC0, 0xFF,
    0xE0, 0x1F, 0xF8, 0x00, 0xF8, 0x00, 0xFF, 0xFF, 0xFF, 0xFF, 0xF1, 0xE1, 0xC1, 0xFD, 0xF8, 0x7E,
    0x7F, 0x1C, 0x38, 0xC7, 0x2E, 0x39, 0xFD, 0xEE, 0x1F, 0x3B, 0x0E, 0x01, 0xC3, 0x81, 0xE0, 0xFF,
    0xF8, 0x1F, 0xF8, 0x01, 0xF8, 0x00, 0xFF, 0xFF, 0xFF, 0xC0, 0x30, 0x0F, 0x81, 0xFC, 0x1F, 0xE1,
    0xC0, 0x0E, 0x00, 0x70, 0x03, 0x81, 0x8F, 0xFC, 0x3F, 0xE0, 0x78, 0x00, 0xFF, 0xFF, 0xFF, 0xFC,
    0x07, 0x00, 0x3E, 0x01, 0xFF, 0x07, 0xFF, 0x1C, 0x0F, 0x38, 0x0E, 0x70, 0x1C, 0xE0, 0x78, 0xFF,
    0xE0, 0xFF, 0x80, 0x7C, 0x00, 0xFF, 0xFF, 0xFF, 0xFC, 0x00, 0xE0, 0x3F, 0xC0, 0xFF, 0x81, 0xFF,
    0x07, 0x38, 0x07, 0xFC, 0x0F, 0xF8, 0x64, 0x39, 0xE0, 0x71, 0xFF, 0xC1, 0xFF, 0x80, 0x7C, 0x00,
    0xFF, 0xFF, 0xFF, 0xFC, 0x03, 0x80, 0x3F, 0x01, 0xFE, 0x07, 0xFC, 0x1C, 0x38, 0x39, 0xFC, 0x73,
    0xF8, 0xF6, 0x30, 0xFF, 0xE0, 0xFF, 0x80, 0x7C, 0x00, 0xFF, 0xFF, 0xFF, 0xF0, 0x06, 0x03, 0xF8,
    0x3F, 0xE0, 0xFF, 0x87, 0x00, 0x0C, 0x00, 0x3F, 0x80, 0x7F, 0x83, 0xFF, 0x1E, 0x0C, 0x70, 0x31,
    0xC3, 0xC3, 0x86, 0x0F, 0x00, 0x1F, 0x00, 0x1C, 0x00, 0x00, 0x00, 0xFF, 0xFF, 0xFF, 0xF0, 0x06,
    0x03, 0xF8, 0x3F, 0xE0, 0xFF, 0x87, 0x00, 0x0C, 0x00, 0x3F, 0xC0, 0xFF, 0xC3, 0xFF, 0x1E, 0x7E,
    0x73, 0xF8, 0xCC, 0xE3, 0x87, 0x0F, 0x08, 0x1F, 0x00, 0x1C, 0x00, 0x20, 0x00, 0xFF, 0xFF, 0xFF,
    0xC0, 0x30, 0x3F, 0x87, 0xFC, 0x3F, 0xE1, 0xC0, 0x0F, 0xF0, 0x3F, 0x83, 0xFC, 0x1C, 0x10, 0xE3,
    0xC7, 0xFE, 0x1F, 0xF0, 0x3F, 0x00, 0x1C, 0x00, 0x60, 0x02, 0x00, 0xFF, 0xFF, 0xF7, 0xFF, 0xFF,
    0x80, 0x00, 0x70, 0x00, 0x1F, 0x80, 0x03, 0xFC, 0x00, 0x3F, 0xE0, 0x03, 0xC0, 0x00, 0x1C, 0x00,
    0x38, 0xE1, 0x83, 0xF7, 0x1F, 0x3F, 0x9C, 0xF9, 0xCE, 0xFF, 0x8F, 0xF1, 0xFC, 0x3F, 0xFF, 0xE0,
    0xEF, 0xC3, 0x80, 0xF8, 0x1C, 0x07, 0xC0, 0x60, 0x1E, 0x00, 0x00, 0xFF, 0xFF, 0xFF, 0xFF, 0xFF,
    0x00, 0x0E, 0x00, 0xE0, 0xE0, 0x3F, 0xBF, 0x87, 0xFF, 0xFC, 0x70, 0xF1, 0xC7, 0x0E, 0x1C, 0x70,
    0xE1, 0xC7, 0x1E, 0x1C, 0x7F, 0xFF, 0xC3, 0xFB, 0xF8, 0x0E, 0x0E, 0x00, 0x6F, 0x60, 0x07, 0x81,
    0xF9, 0x1F, 0xF0, 0x77, 0x0E, 0xF1, 0xCF, 0xF0, 0xFC, 0x00, 0x78, 0x01, 0xF8, 0x11, 0xFB, 0x70,
    0x7F, 0x70, 0xEC, 0xF1, 0xC0, 0xFF, 0x00, 0xFC, 0x01, 0xE0, 0x03, 0xFC, 0x01, 0xFF, 0x0F, 0xC3,
    0xC7, 0xE0, 0xE3, 0xBF, 0x38, 0x1F, 0x9C, 0x03, 0xC6, 0x03, 0x80, 0x78, 0x0E, 0x0E, 0xE0, 0xFE,
    0x0E, 0xFF, 0x07, 0xF0, 0x1C, 0x07, 0x80, 0x7C, 0x1B, 0x81, 0xFC, 0x06, 0xFF, 0x03, 0xF8, 0x1F,
    0x00, 0xC0, 0x07, 0xF0, 0x3F, 0x80, 0x78, 0x01, 0xCE, 0x01, 0xFF, 0xC0, 0x7F, 0xF9, 0xF8, 0xC6,
    0x76, 0x71, 0x9D, 0xC1, 0xE0, 0x78, 0xF0, 0x0F, 0x30, 0x00, 0x8F, 0xC0, 0x01, 0xF0, 0x00, 0x38,
    0x01, 0xCE, 0x00, 0xFF, 0xE0, 0x1F, 0xFE, 0x3F, 0x39, 0xC7, 0x67, 0x78, 0xEE, 0x1E, 0x01, 0xE3,
    0xF0, 0x1E, 0x3E, 0x00, 0x8F, 0x80, 0x01, 0xF8, 0x00, 0x1F, 0x00, 0x01, 0xC0, 0xEC, 0x1F, 0x7F,
    0xF9, 0xFC, 0x87, 0x80, 0x00, 0x00, 0x61, 0xFB, 0xFF, 0xDF, 0xEE, 0xFF, 0x07, 0xFC, 0x3F, 0xC0,
    0x0F, 0x03, 0x7E, 0x3F, 0xF8, 0xE1, 0xE0, 0x07, 0x00, 0x18, 0x00, 0x00, 0x0F, 0x03, 0xF0, 0xFF,
    0x3C, 0xF3, 0x7E, 0x1F, 0x1B, 0xF3, 0x8E, 0x7F, 0xC7, 0xF0, 0x3C, 0x00, 0x1E, 0x07, 0xE1, 0xFE,
    0x79, 0xE7, 0xDC, 0x7E, 0x1F, 0xE3, 0x8E, 0x7E, 0xC7, 0xDC, 0x70, 0x00, 0x1E, 0x0F, 0xC7, 0xFB,
    0xCF, 0x6F, 0xCF, 0x83, 0x80, 0xC0, 0x3F, 0x07, 0xE0, 0xE0, 0x0C, 0x07, 0x87, 0xFB, 0xCF, 0xFF,
    0xDF, 0xA3, 0x80, 0xC0, 0x3F, 0x87, 0xE3, 0xE0, 0xE2, 0x1F, 0xC7, 0xE0, 0x70, 0x0C, 0x03, 0xC1,
    0xFE, 0x79, 0xEE, 0x1C, 0xF7, 0x1F, 0xF7, 0xFE, 0xEC, 0xDC, 0x39, 0xCC, 0x19, 0xE0, 0x3E, 0x03,
    0x80, 0x0C, 0x03, 0xC1, 0xFE, 0x79, 0xEE, 0x1C, 0xFF, 0x1F, 0xF7, 0xFE, 0xEF, 0xCE, 0x78, 0xCF,
    0x81, 0xE0, 0x3E, 0x03, 0x80, 0x1E, 0x0F, 0xC7, 0xFB, 0xCF, 0x61, 0xF0, 0x3F, 0xFF, 0xFF, 0x1E,
    0x00, 0x1E, 0x0F, 0xC7, 0xFB, 0xCF, 0x41, 0xB8, 0x7F, 0xFD, 0xFE, 0xFF, 0xFF, 0xF1, 0xE0, 0x1E,
    0x07, 0xE1, 0xFE, 0x79, 0xE7, 0xDC, 0x3E, 0x07, 0xE0, 0x1C, 0x01, 0xC0, 0x18, 0x00, 0x00, 0xE7,
    0x0E, 0xF8, 0xFF, 0xC3, 0xCF, 0x38, 0x71, 0x02, 0xE7, 0x8E, 0xFC, 0xFF, 0xE1, 0xCE, 0x1F, 0x60,
    0x7C, 0x37, 0xC3, 0x8E, 0x3F, 0xC1, 0xFC, 0x07, 0x00, 0xE7, 0x87, 0x7E, 0x3F, 0xF8, 0x39, 0xC1,
    0xFE, 0x07, 0xE0, 0x7F, 0x83, 0x8E, 0x1F, 0xF0, 0x7D, 0x81, 0xC0, 0xE7, 0x8E, 0xFC, 0xFF, 0xE1,
    0xCE, 0x1F, 0xE0, 0xF8, 0x0E, 0x00, 0xC0, 0x0F, 0xC0, 0x7E, 0x03, 0x80, 0xE7, 0x8E, 0xFC, 0xFF,
    0xE1, 0xDE, 0x1F, 0xE0, 0xF0, 0x0C, 0x00, 0xFE, 0x07, 0xE0, 0x78, 0x0E, 0x00, 0x7E, 0x07, 0xE0,
    0x1C, 0xE7, 0x87, 0x7E, 0x3F, 0xF8, 0x39, 0xC1, 0xCE, 0x0F, 0xF0, 0xFF, 0xC7, 0x6E, 0x3B, 0x70,
    0xE6, 0x07, 0x3C, 0x01, 0xF0, 0x07, 0x00, 0xE7, 0x87, 0x7E, 0x3F, 0xF8, 0x39, 0xC1, 0xCE, 0x0F,
    0xF0, 0xFF, 0xC7, 0x6E, 0x38, 0xF0, 0xE7, 0x83, 0x3C, 0x01, 0xF0, 0x07, 0x00, 0xE7, 0x8E, 0xFC,
    0xFF, 0xE1, 0xCE, 0x18, 0x63, 0x03, 0x3F, 0xF3, 0xFF, 0x07, 0x80, 0x67, 0x0F, 0x78, 0x7F, 0xC1,
    0xCE, 0x08, 0x63, 0x87, 0x3F, 0xF3, 0xFE, 0x3F, 0xF3, 0xFF, 0x07, 0x80, 0xE7, 0x87, 0x7E, 0x3F,
    0xF8, 0x39, 0xC1, 0xF6, 0x03, 0xE0, 0x1F, 0x80, 0x0E, 0x00, 0x70, 0x01, 0x80, 0x03, 0x80, 0xFE,
    0x67, 0xFF, 0x07, 0x7F, 0xF3, 0xFE, 0x07, 0x80, 0x1E, 0x07, 0xF8, 0x7F, 0xCE, 0x1E, 0x7E, 0xF7,
    0xE7, 0x1C, 0x00, 0x18, 0x78, 0x78, 0x7E, 0x7F, 0x7C, 0x7F, 0x3F, 0x37, 0x1F, 0xF3, 0xFF, 0x66,
    0xEE, 0x38, 0xE7, 0x8C, 0xF8, 0x0E, 0x77, 0x1F, 0xF3, 0xFF, 0x6F, 0xEE, 0x3E, 0xE7, 0xC8, 0xD8,
    0x0F, 0x03, 0x01, 0xE0, 0x3C, 0x77, 0xEE, 0xFF, 0xDF, 0x03, 0xF8, 0x3F, 0x03, 0x70, 0x1F, 0xF0,
    0x3F, 0xF7, 0x66, 0xEF, 0xE3, 0x9C, 0xE7, 0x80, 0xCF, 0x80, 0x0E, 0x07, 0x70, 0x1F, 0xF0, 0x3F,
    0xF3, 0xEF, 0xE7, 0xE3, 0xEE, 0xE7, 0xC0, 0x8D, 0x80, 0x0F, 0x40, 0xDF, 0xFD, 0xFF, 0x0F, 0x80,
    0x40, 0xDF, 0xF9, 0xFF, 0x3F, 0xEF, 0xFC, 0x7F, 0x00, 0xDB, 0x6C, 0x00, 0xDB, 0x6C, 0x00, 0xFF,
    0xFE, 0x00, 0x7F, 0xFE, 0x00, 0xFF, 0xFE, 0x00, 0x7F, 0xDF, 0xF7, 0xFC, 0xFF, 0xFF, 0xFF, 0xF0,
    0x06, 0x03, 0xF8, 0x3F, 0xE0, 0xFF, 0x87, 0x00, 0x0C, 0x00, 0x3F, 0x80, 0x7F, 0x83, 0xFF, 0x1E,
    0x0C, 0x70, 0x30, 0xC3, 0xC3, 0x86, 0x0F, 0x70, 0x1F, 0xF0, 0x1F, 0xC2, 0x23, 0x1C, 0x0E, 0x7C,
    0x70, 0x7F, 0xC0, 0xFE, 0x00, 0xFF, 0xFD, 0xFF, 0xF8, 0x01, 0x80, 0x7F, 0x03, 0xFE, 0x07, 0xFC,
    0x1C, 0x00, 0x18, 0x00, 0x3F, 0x80, 0x3F, 0xC0, 0xFF, 0xC3, 0xC1, 0x87, 0x03, 0x06, 0x1E, 0x0F,
    0x18, 0x0F, 0xC0, 0x0F, 0xE0, 0x3F, 0xE0, 0x61, 0xE1, 0xC1, 0xE1, 0xC9, 0xC3, 0xF1, 0xC3, 0xE3,
    0x00, 0xFF, 0xFF, 0xFF, 0xF0, 0x06, 0x03, 0xF8, 0x3F, 0xE0, 0xFF, 0x87, 0x00, 0x0C, 0x00, 0x3F,
    0xC0, 0xFF, 0xC3, 0xFF, 0x1E, 0x7E, 0x73, 0xF8, 0xCC, 0xE3, 0x87, 0x0F, 0x38, 0x1F, 0xF0, 0x1F,
    0xC2, 0x23, 0x1C, 0x0E, 0x7C, 0x70, 0x7F, 0xC0, 0xFE, 0x00, 0xFF, 0xFD, 0xFF, 0xF8, 0x01, 0x80,
    0x7F, 0x03, 0xFE, 0x07, 0xFC, 0x1C, 0x00, 0x18, 0x00, 0x3F, 0xC0, 0x7F, 0xE0, 0xFF, 0xC3, 0xCF,
    0xC7, 0x3F, 0x86, 0x67, 0x0F, 0x1C, 0x0F, 0xD0, 0x0F, 0xE0, 0x3F, 0xE0, 0x61, 0xE1, 0xC1, 0xE1,
    0xC9, 0xC3, 0xF1, 0xC3, 0xE3, 0x00, 0x1E, 0x0F, 0xC7, 0xFB, 0xFF, 0x7E, 0x8E, 0x03, 0xF8, 0x7E,
    0x1F, 0x87, 0xF0, 0xF8, 0x1E, 0x07, 0xE3, 0xFF, 0x39, 0xE7, 0xFD, 0xFF, 0xB3, 0x37, 0x1E, 0x73,
    0xC6, 0x7C, 0x03, 0x80, 0x1E, 0x03, 0xF0, 0xFF, 0xC7, 0x3C, 0xFF, 0xCF, 0xFC, 0xCF, 0xCF, 0x3E,
    0x71, 0xE0, 0x3A, 0x01, 0xE0, 0x00, 0xFF, 0xFF, 0xFF, 0xFF, 0xFF, 0xFF, 0xC3, 0xE7, 0x7E, 0x3C,
    0x3C, 0x7E, 0xFF, 0x18, 0x18, 0x18, 0x18, 0x18, 0x18, 0x18, 0x18, 0x18, 0x18, 0x18, 0x18, 0x18,
    0x18, 0x18, 0x18, 0x18, 0x00, 0x01, 0x80, 0x10, 0x30, 0x62, 0x08, 0x00, 0x30, 0x1A, 0x02, 0x00,
    0x0C, 0x18, 0xB2, 0x02, 0x00, 0x6F, 0xE0,
};

static const EpdGlyph inter_12_regularGlyphs[] = {
    { 0, 0, 0, 0, 0, 0, 0 }, // U+0000
    { 0, 0, 0, 0, 0, 0, 0 }, // U+0001
    { 0, 0, 0, 0, 0, 0, 0 }, // U+0002
    { 0, 0, 0, 0, 0, 0, 0 }, // U+0003
    { 0, 0, 0, 0, 0, 0, 0 }, // U+0004
    { 0, 0, 0, 0, 0, 0, 0 }, // U+0005
    { 0, 0, 0, 0, 0, 0, 0 }, // U+0006
    { 0, 0, 0, 0, 0, 0, 0 }, // U+0007
    { 0, 0, 0, 0, 0, 0, 0 }, // U+0008
    { 0, 0, 0, 0, 0, 0, 0 }, // U+0009
    { 0, 0, 0, 0, 0, 0, 0 }, // U+000A
    { 0, 0, 0, 0, 0, 0, 0 }, // U+000B
    { 0, 0, 0, 0, 0, 0, 0 }, // U+000C
    { 0, 0, 0, 0, 0, 0, 0 }, // U+000D
    { 0, 0, 0, 0, 0, 0, 0 }, // U+000E
    { 0, 0, 0, 0, 0, 0, 0 }, // U+000F
    { 0, 0, 0, 0, 0, 0, 0 }, // U+0010
    { 0, 0, 0, 0, 0, 0, 0 }, // U+0011
    { 0, 0, 0, 0, 0, 0, 0 }, // U+0012
    { 0, 0, 0, 0, 0, 0, 0 }, // U+0013
    { 0, 0, 0, 0, 0, 0, 0 }, // U+0014
    { 0, 0, 0, 0, 0, 0, 0 }, // U+0015
    { 0, 0, 0, 0, 0, 0, 0 }, // U+0016
    { 0, 0, 0, 0, 0, 0, 0 }, // U+0017
    { 0, 0, 0, 0, 0, 0, 0 }, // U+0018
    { 0, 0, 0, 0, 0, 0, 0 }, // U+0019
    { 0, 0, 0, 0, 0, 0, 0 }, // U+001A
    { 0, 0, 0, 0, 0, 0, 0 }, // U+001B
    { 0, 0, 0, 0, 0, 0, 0 }, // U+001C
    { 0, 0, 0, 0, 0, 0, 0 }, // U+001D
    { 0, 0, 0, 0, 0, 0, 0 }, // U+001E
    { 0, 0, 0, 0, 0, 0, 0 }, // U+001F
    { 0, 0, 110, 0, 0, 0, 0 }, // U+0020
    { 5, 20, 109, 1, 19, 13, 0 }, // !
    { 7, 8, 181, 2, 19, 7, 13 }, // "
    { 16, 19, 250, 0, 19, 38, 20 }, // #
    { 14, 24, 254, 1, 21, 42, 58 }, // $
    { 20, 20, 380, 2, 19, 50, 100 }, // %
    { 15, 20, 254, 1, 19, 38, 150 }, // &
    { 3, 8, 116, 2, 19, 3, 188 }, // '
    { 6, 24, 140, 2, 20, 18, 191 }, // (
    { 6, 24, 140, 1, 20, 18, 209 }, // )
    { 11, 12, 197, 1, 19, 17, 227 }, // *
    { 13, 12, 262, 2, 13, 20, 244 }, // +
    { 4, 8, 109, 1, 3, 4, 264 }, // ,
    { 9, 3, 181, 1, 9, 4, 268 }, // -
    { 5, 5, 109, 1, 4, 4, 272 }, // .
    { 9, 23, 141, 0, 20, 26, 276 }, // /
    { 14, 20, 251, 1, 19, 35, 302 }, // 0
    { 7, 19, 159, 1, 19, 17, 337 }, // 1
    { 13, 19, 240, 1, 19, 31, 354 }, // 2
    { 13, 20, 245, 1, 19, 33, 385 }, // 3
    { 14, 19, 256, 1, 19, 34, 418 }, // 4
    { 13, 20, 236, 1, 19, 33, 452 }, // 5
    { 13, 20, 245, 1, 19, 33, 485 }, // 6
    { 12, 19, 222, 1, 19, 29, 518 }, // 7
    { 13, 20, 244, 1, 19, 33, 547 }, // 8
    { 13, 20, 245, 1, 19, 33, 580 }, // 9
    { 5, 15, 109, 1, 14, 10, 613 }, // :
    { 5, 19, 114, 1, 14, 12, 623 }, // ;
    { 12, 14, 262, 2, 14, 21, 635 }, // <
    { 12, 8, 262, 2, 11, 12, 656 }, // =
    { 13, 14, 262, 2, 14, 23, 668 }, // >
    { 12, 20, 206, 0, 19, 30, 691 }, // ?
    { 22, 23, 387, 1, 18, 64, 721 }, // @
    { 17, 19, 273, 0, 19, 41, 785 }, // A
    { 13, 19, 260, 2, 19, 31, 826 }, // B
    { 16, 20, 291, 1, 19, 40, 857 }, // C
    { 15, 19, 286, 2, 19, 36, 897 }, // D
    { 12, 19, 238, 2, 19, 29, 933 }, // E
    { 12, 19, 233, 2, 19, 29, 962 }, // F
    { 17, 20, 297, 1, 19, 43, 991 }, // G
    { 15, 19, 294, 2, 19, 36, 1034 }, // H
    { 3, 19, 104, 2, 19, 8, 1070 }, // I
    { 11, 20, 225, 1, 19, 28, 1078 }, // J
    { 14, 19, 265, 2, 19, 34, 1106 }, // K
    { 11, 19, 223, 2, 19, 27, 1140 }, // L
    { 19, 19, 357, 2, 19, 46, 1167 }, // M
    { 15, 19, 297, 2, 19, 36, 1213 }, // N
    { 17, 20, 304, 1, 19, 43, 1249 }, // O
    { 13, 19, 253, 2, 19, 31, 1292 }, // P
    { 17, 21, 304, 1, 19, 45, 1323 }, // Q
    { 14, 19, 256, 2, 19, 34, 1368 }, // R
    { 14, 20, 254, 1, 19, 35, 1402 }, // S
    { 14, 19, 255, 1, 19, 34, 1437 }, // T
    { 15, 20, 294, 2, 19, 38, 1471 }, // U
    { 17, 19, 273, 0, 19, 41, 1509 }, // V
    { 24, 19, 391, 0, 19, 57, 1550 }, // W
    { 17, 19, 270, 0, 19, 41, 1607 }, // X
    { 17, 19, 268, 0, 19, 41, 1648 }, // Y
    { 14, 19, 250, 1, 19, 34, 1689 }, // Z
    { 6, 24, 140, 2, 20, 18, 1723 }, // [
    { 9, 23, 141, 0, 20, 26, 1741 }, // <backslash>
    { 6, 24, 140, 1, 20, 18, 1767 }, // ]
    { 11, 9, 186, 0, 18, 13, 1785 }, // ^
    { 12, 3, 182, 0, 0, 5, 1798 }, // _
    { 5, 4, 122, 1, 19, 3, 1803 }, // `
    { 11, 15, 221, 1, 14, 21, 1806 }, // a
    { 13, 20, 241, 1, 19, 33, 1827 }, // b
    { 12, 15, 224, 1, 14, 23, 1860 }, // c
    { 13, 20, 241, 1, 19, 33, 1883 }, // d
    { 13, 15, 229, 1, 14, 25, 1916 }, // e
    { 9, 19, 142, 0, 19, 22, 1941 }, // f
    { 13, 20, 241, 1, 14, 33, 1963 }, // g
    { 12, 19, 233, 1, 19, 29, 1996 }, // h
    { 4, 19, 94, 1, 19, 10, 2025 }, // i
    { 6, 25, 94, -1, 19, 19, 2035 }, // j
    { 13, 19, 216, 1, 19, 31, 2054 }, // k
    { 4, 19, 94, 1, 19, 10, 2085 }, // l
    { 19, 14, 347, 1, 14, 34, 2095 }, // m
    { 12, 14, 232, 1, 14, 21, 2129 }, // n
    { 13, 15, 235, 1, 14, 25, 2150 }, // o
    { 13, 20, 241, 1, 14, 33, 2175 }, // p
    { 13, 20, 241, 1, 14, 33, 2208 }, // q
    { 8, 14, 146, 1, 14, 14, 2241 }, // r
    { 11, 15, 206, 1, 14, 21, 2255 }, // s
    { 8, 18, 129, 0, 17, 18, 2276 }, // t
    { 12, 15, 233, 1, 14, 23, 2294 }, // u
    { 14, 14, 220, 0, 14, 25, 2317 }, // v
    { 20, 14, 321, 0, 14, 35, 2342 }, // w
    { 13, 14, 215, 0, 14, 23, 2377 }, // x
    { 14, 20, 220, 0, 14, 35, 2400 }, // y
    { 11, 14, 214, 1, 14, 20, 2435 }, // z
    { 9, 24, 167, 1, 20, 27, 2455 }, // {
    { 2, 31, 130, 3, 25, 8, 2482 }, // |
    { 8, 24, 167, 1, 20, 24, 2490 }, // }
    { 14, 6, 262, 1, 10, 11, 2514 }, // ~
    { 0, 0, 0, 0, 0, 0, 2525 }, // U+007F
    { 0, 0, 0, 0, 0, 0, 2525 }, // U+0080
    { 0, 0, 0, 0, 0, 0, 2525 }, // U+0081
    { 0, 0, 0, 0, 0, 0, 2525 }, // U+0082
    { 0, 0, 0, 0, 0, 0, 2525 }, // U+0083
    { 0, 0, 0, 0, 0, 0, 2525 }, // U+0084
    { 0, 0, 0, 0, 0, 0, 2525 }, // U+0085
    { 0, 0, 0, 0, 0, 0, 2525 }, // U+0086
    { 0, 0, 0, 0, 0, 0, 2525 }, // U+0087
    { 0, 0, 0, 0, 0, 0, 2525 }, // U+0088
    { 0, 0, 0, 0, 0, 0, 2525 }, // U+0089
    { 0, 0, 0, 0, 0, 0, 2525 }, // U+008A
    { 0, 0, 0, 0, 0, 0, 2525 }, // U+008B
    { 0, 0, 0, 0, 0, 0, 2525 }, // U+008C
    { 0, 0, 0, 0, 0, 0, 2525 }, // U+008D
    { 0, 0, 0, 0, 0, 0, 2525 }, // U+008E
    { 0, 0, 0, 0, 0, 0, 2525 }, // U+008F
    { 0, 0, 0, 0, 0, 0, 2525 }, // U+0090
    { 0, 0, 0, 0, 0, 0, 2525 }, // U+0091
    { 0, 0, 0, 0, 0, 0, 2525 }, // U+0092
    { 0, 0, 0, 0, 0, 0, 2525 }, // U+0093
    { 0, 0, 0, 0, 0, 0, 2525 }, // U+0094
    { 0, 0, 0, 0, 0, 0, 2525 }, // U+0095
    { 0, 0, 0, 0, 0, 0, 2525 }, // U+0096
    { 0, 0, 0, 0, 0, 0, 2525 }, // U+0097
    { 0, 0, 0, 0, 0, 0, 2525 }, // U+0098
    { 0, 0, 0, 0, 0, 0, 2525 }, // U+0099
    { 0, 0, 0, 0, 0, 0, 2525 }, // U+009A
    { 0, 0, 0, 0, 0, 0, 2525 }, // U+009B
    { 0, 0, 0, 0, 0, 0, 2525 }, // U+009C
    { 0, 0, 0, 0, 0, 0, 2525 }, // U+009D
    { 0, 0, 0, 0, 0, 0, 2525 }, // U+009E
    { 0, 0, 0, 0, 0, 0, 2525 }, // U+009F
    { 0, 0, 110, 0, 0, 0, 2525 }, // U+00A0
    { 5, 19, 110, 1, 14, 12, 2525 }, // U+00A1
    { 12, 19, 224, 1, 19, 29, 2537 }, // U+00A2
    { 13, 19, 242, 1, 19, 31, 2566 }, // U+00A3
    { 16, 17, 287, 1, 16, 34, 2597 }, // U+00A4
    { 14, 19, 217, 0, 19, 34, 2631 }, // U+00A5
    { 3, 23, 105, 2, 19, 9, 2665 }, // U+00A6
    { 12, 23, 225, 1, 19, 35, 2674 }, // U+00A7
    { 9, 4, 232, 3, 19, 5, 2709 }, // U+00A8
    { 20, 20, 363, 1, 19, 50, 2714 }, // U+00A9
    { 10, 12, 179, 0, 19, 15, 2764 }, // U+00AA
    { 13, 13, 228, 1, 14, 22, 2779 }, // U+00AB
    { 11, 7, 262, 2, 10, 10, 2801 }, // U+00AC
    { 0, 0, 0, 0, 0, 0, 2811 }, // U+00AD
    { 15, 15, 263, 1, 19, 29, 2811 }, // U+00AE
    { 8, 2, 185, 2, 18, 2, 2840 }, // U+00AF
    { 9, 9, 179, 1, 19, 11, 2842 }, // U+00B0
    { 12, 14, 262, 2, 14, 21, 2853 }, // U+00B1
    { 9, 11, 172, 1, 21, 13, 2874 }, // U+00B2
    { 9, 11, 174, 1, 21, 13, 2887 }, // U+00B3
    { 5, 4, 122, 1, 19, 3, 2900 }, // U+00B4
    { 14, 20, 231, 1, 14, 35, 2903 }, // U+00B5
    { 12, 19, 238, 1, 19, 29, 2938 }, // U+00B6
    { 5, 5, 109, 1, 11, 4, 2967 }, // U+00B7
    { 6, 7, 104, 1, 1, 6, 2971 }, // U+00B8
    { 5, 11, 118, 1, 21, 7, 2977 }, // U+00B9
    { 11, 12, 190, 0, 19, 17, 2984 }, // U+00BA
    { 14, 13, 228, 0, 14, 23, 3001 }, // U+00BB
    { 19, 19, 314, 0, 19, 46, 3024 }, // U+00BC
    { 20, 19, 331, 0, 19, 48, 3070 }, // U+00BD
    { 20, 19, 346, 1, 19, 48, 3118 }, // U+00BE
    { 11, 19, 206, 1, 14, 27, 3166 }, // U+00BF
    { 17, 24, 273, 0, 24, 51, 3193 }, // U+00C0
    { 17, 24, 273, 0, 24, 51, 3244 }, // U+00C1
    { 17, 24, 273, 0, 24, 51, 3295 }, // U+00C2
    { 17, 24, 273, 0, 24, 51, 3346 }, // U+00C3
    { 17, 24, 273, 0, 24, 51, 3397 }, // U+00C4
    { 17, 25, 273, 0, 25, 54, 3448 }, // U+00C5
    { 24, 19, 395, 0, 19, 57, 3502 }, // U+00C6
    { 16, 25, 291, 1, 19, 50, 3559 }, // U+00C7
    { 12, 24, 238, 2, 24, 36, 3609 }, // U+00C8
    { 12, 24, 238, 2, 24, 36, 3645 }, // U+00C9
    { 12, 24, 238, 2, 24, 36, 3681 }, // U+00CA
    { 12, 24, 238, 2, 24, 36, 3717 }, // U+00CB
    { 5, 24, 104, 0, 24, 15, 3753 }, // U+00CC
    { 5, 24, 104, 2, 24, 15, 3768 }, // U+00CD
    { 9, 24, 104, -1, 24, 27, 3783 }, // U+00CE
    { 9, 24, 104, -1, 24, 27, 3810 }, // U+00CF
    { 17, 19, 293, 0, 19, 41, 3837 }, // U+00D0
    { 15, 24, 297, 2, 24, 45, 3878 }, // U+00D1
    { 17, 25, 304, 1, 24, 54, 3923 }, // U+00D2
    { 17, 25, 304, 1, 24, 54, 3977 }, // U+00D3
    { 17, 25, 304, 1, 24, 54, 4031 }, // U+00D4
    { 17, 25, 304, 1, 24, 54, 4085 }, // U+00D5
    { 17, 25, 304, 1, 24, 54, 4139 }, // U+00D6
    { 12, 12, 262, 2, 13, 18, 4193 }, // U+00D7
    { 17, 20, 304, 1, 19, 43, 4211 }, // U+00D8
    { 15, 25, 294, 2, 24, 47, 4254 }, // U+00D9
    { 15, 25, 294, 2, 24, 47, 4301 }, // U+00DA
    { 15, 25, 294, 2, 24, 47, 4348 }, // U+00DB
    { 15, 25, 294, 2, 24, 47, 4395 }, // U+00DC
    { 17, 24, 268, 0, 24, 51, 4442 }, // U+00DD
    { 13, 19, 251, 1, 19, 31, 4493 }, // U+00DE
    { 12, 19, 243, 2, 19, 29, 4524 }, // U+00DF
    { 11, 20, 221, 1, 19, 28, 4553 }, // U+00E0
    { 11, 20, 221, 1, 19, 28, 4581 }, // U+00E1
    { 11, 20, 221, 1, 19, 28, 4609 }, // U+00E2
    { 11, 20, 221, 1, 19, 28, 4637 }, // U+00E3
    { 11, 20, 221, 1, 19, 28, 4665 }, // U+00E4
    { 11, 22, 221, 1, 21, 31, 4693 }, // U+00E5
    { 21, 15, 363, 1, 14, 40, 4724 }, // U+00E6
    { 12, 20, 224, 1, 14, 30, 4764 }, // U+00E7
    { 13, 20, 229, 1, 19, 33, 4794 }, // U+00E8
    { 13, 20, 229, 1, 19, 33, 4827 }, // U+00E9
    { 13, 20, 229, 1, 19, 33, 4860 }, // U+00EA
    { 13, 20, 229, 1, 19, 33, 4893 }, // U+00EB
    { 6, 19, 94, -1, 19, 15, 4926 }, // U+00EC
    { 6, 19, 94, 1, 19, 15, 4941 }, // U+00ED
    { 8, 19, 94, -1, 19, 19, 4956 }, // U+00EE
    { 9, 19, 94, -2, 19, 22, 4975 }, // U+00EF
    { 13, 21, 230, 1, 20, 35, 4997 }, // U+00F0
    { 12, 19, 232, 1, 19, 29, 5032 }, // U+00F1
    { 13, 20, 235, 1, 19, 33, 5061 }, // U+00F2
    { 13, 20, 235, 1, 19, 33, 5094 }, // U+00F3
    { 13, 20, 235, 1, 19, 33, 5127 }, // U+00F4
    { 13, 20, 235, 1, 19, 33, 5160 }, // U+00F5
    { 13, 20, 235, 1, 19, 33, 5193 }, // U+00F6
    { 12, 14, 262, 2, 14, 21, 5226 }, // U+00F7
    { 14, 16, 235, 0, 15, 28, 5247 }, // U+00F8
    { 12, 20, 233, 1, 19, 30, 5275 }, // U+00F9
    { 12, 20, 233, 1, 19, 30, 5305 }, // U+00FA
    { 12, 20, 233, 1, 19, 30, 5335 }, // U+00FB
    { 12, 20, 233, 1, 19, 30, 5365 }, // U+00FC
    { 14, 25, 220, 0, 19, 44, 5395 }, // U+00FD
    { 13, 25, 241, 1, 19, 41, 5439 }, // U+00FE
    { 14, 25, 220, 0, 19, 44, 5480 }, // U+00FF
    { 17, 23, 273, 0, 23, 49, 5524 }, // U+0100
    { 11, 19, 221, 1, 18, 27, 5573 }, // U+0101
    { 17, 24, 273, 0, 24, 51, 5600 }, // U+0102
    { 11, 20, 221, 1, 19, 28, 5651 }, // U+0103
    { 18, 25, 273, 0, 19, 57, 5679 }, // U+0104
    { 12, 20, 221, 1, 14, 30, 5736 }, // U+0105
    { 16, 25, 291, 1, 24, 50, 5766 }, // U+0106
    { 12, 20, 224, 1, 19, 30, 5816 }, // U+0107
    { 16, 25, 291, 1, 24, 50, 5846 }, // U+0108
    { 12, 20, 224, 1, 19, 30, 5896 }, // U+0109
    { 16, 25, 291, 1, 24, 50, 5926 }, // U+010A
    { 12, 20, 224, 1, 19, 30, 5976 }, // U+010B
    { 16, 25, 291, 1, 24, 50, 6006 }, // U+010C
    { 12, 20, 224, 1, 19, 30, 6056 }, // U+010D
    { 15, 24, 286, 2, 24, 45, 6086 }, // U+010E
    { 17, 21, 280, 1, 20, 45, 6131 }, // U+010F
    { 17, 19, 293, 0, 19, 41, 6176 }, // U+0110
    { 15, 20, 241, 1, 19, 38, 6217 }, // U+0111
    { 12, 23, 238, 2, 23, 35, 6255 }, // U+0112
    { 13, 19, 229, 1, 18, 31, 6290 }, // U+0113
    { 12, 24, 238, 2, 24, 36, 6321 }, // U+0114
    { 13, 20, 229, 1, 19, 33, 6357 }, // U+0115
    { 12, 24, 238, 2, 24, 36, 6390 }, // U+0116
    { 13, 20, 229, 1, 19, 33, 6426 }, // U+0117
    { 13, 25, 238, 2, 19, 41, 6459 }, // U+0118
    { 13, 20, 229, 1, 14, 33, 6500 }, // U+0119
    { 12, 24, 238, 2, 24, 36, 6533 }, // U+011A
    { 13, 20, 229, 1, 19, 33, 6569 }, // U+011B
    { 17, 25, 297, 1, 24, 54, 6602 }, // U+011C
    { 13, 25, 241, 1, 19, 41, 6656 }, // U+011D
    { 17, 25, 297, 1, 24, 54, 6697 }, // U+011E
    { 13, 25, 241, 1, 19, 41, 6751 }, // U+011F
    { 17, 25, 297, 1, 24, 54, 6792 }, // U+0120
    { 13, 25, 241, 1, 19, 41, 6846 }, // U+0121
    { 17, 26, 297, 1, 19, 56, 6887 }, // U+0122
    { 13, 27, 241, 1, 21, 44, 6943 }, // U+0123
    { 15, 24, 294, 2, 24, 45, 6987 }, // U+0124
    { 14, 24, 233, -1, 24, 42, 7032 }, // U+0125
    { 18, 19, 306, 1, 19, 43, 7074 }, // U+0126
    { 13, 19, 233, 0, 19, 31, 7117 }, // U+0127
    { 8, 24, 104, -1, 24, 24, 7148 }, // U+0128
    { 8, 19, 94, -1, 19, 19, 7172 }, // U+0129
    { 8, 23, 104, -1, 23, 23, 7191 }, // U+012A
    { 8, 18, 94, -1, 18, 18, 7214 }, // U+012B
    { 8, 24, 104, -1, 24, 24, 7232 }, // U+012C
    { 8, 19, 94, -1, 19, 19, 7256 }, // U+012D
    { 6, 25, 104, 0, 19, 19, 7275 }, // U+012E
    { 6, 25, 94, -1, 19, 19, 7294 }, // U+012F
    { 4, 24, 104, 1, 24, 12, 7313 }, // U+0130
    { 4, 14, 94, 1, 14, 7, 7325 }, // U+0131
    { 17, 20, 329, 2, 19, 43, 7332 }, // U+0132
    { 10, 25, 187, 1, 19, 32, 7375 }, // U+0133
    { 14, 25, 225, 1, 24, 44, 7407 }, // U+0134
    { 8, 25, 94, -1, 19, 25, 7451 }, // U+0135
    { 14, 26, 265, 2, 19, 46, 7476 }, // U+0136
    { 13, 26, 216, 1, 19, 43, 7522 }, // U+0137
    { 12, 14, 207, 1, 14, 21, 7565 }, // U+0138
    { 11, 24, 223, 2, 24, 33, 7586 }, // U+0139
    { 6, 24, 94, 1, 24, 18, 7619 }, // U+013A
    { 11, 26, 223, 2, 19, 36, 7637 }, // U+013B
    { 5, 26, 94, 0, 19, 17, 7673 }, // U+013C
    { 11, 20, 223, 2, 20, 28, 7690 }, // U+013D
    { 7, 20, 133, 1, 20, 18, 7718 }, // U+013E
    { 11, 19, 222, 2, 19, 27, 7736 }, // U+013F
    { 8, 19, 141, 1, 19, 19, 7763 }, // U+0140
    { 14, 19, 235, 0, 19, 34, 7782 }, // U+0141
    { 8, 19, 94, -1, 19, 19, 7816 }, // U+0142
    { 15, 24, 297, 2, 24, 45, 7835 }, // U+0143
    { 12, 19, 232, 1, 19, 29, 7880 }, // U+0144
    { 15, 26, 297, 2, 19, 49, 7909 }, // U+0145
    { 12, 21, 232, 1, 14, 32, 7958 }, // U+0146
    { 15, 24, 297, 2, 24, 45, 7990 }, // U+0147
    { 12, 19, 232, 1, 19, 29, 8035 }, // U+0148
    { 15, 25, 297, 2, 19, 47, 8064 }, // U+014A
    { 12, 20, 232, 1, 14, 30, 8111 }, // U+014B
    { 17, 24, 304, 1, 23, 51, 8141 }, // U+014C
    { 13, 19, 235, 1, 18, 31, 8192 }, // U+014D
    { 17, 25, 304, 1, 24, 54, 8223 }, // U+014E
    { 13, 20, 235, 1, 19, 33, 8277 }, // U+014F
    { 17, 25, 304, 1, 24, 54, 8310 }, // U+0150
    { 13, 20, 235, 1, 19, 33, 8364 }, // U+0151
    { 23, 19, 400, 1, 19, 55, 8397 }, // U+0152
    { 23, 15, 394, 1, 14, 44, 8452 }, // U+0153
    { 14, 24, 256, 2, 24, 42, 8496 }, // U+0154
    { 8, 19, 146, 1, 19, 19, 8538 }, // U+0155
    { 14, 26, 256, 2, 19, 46, 8557 }, // U+0156
    { 9, 21, 146, 0, 14, 24, 8603 }, // U+0157
    { 14, 24, 256, 2, 24, 42, 8627 }, // U+0158
    { 8, 19, 146, 1, 19, 19, 8669 }, // U+0159
    { 14, 25, 254, 1, 24, 44, 8688 }, // U+015A
    { 11, 20, 206, 1, 19, 28, 8732 }, // U+015B
    { 14, 25, 254, 1, 24, 44, 8760 }, // U+015C
    { 11, 20, 206, 1, 19, 28, 8804 }, // U+015D
    { 14, 25, 254, 1, 19, 44, 8832 }, // U+015E
    { 11, 20, 206, 1, 14, 28, 8876 }, // U+015F
    { 14, 25, 254, 1, 24, 44, 8904 }, // U+0160
    { 11, 20, 206, 1, 19, 28, 8948 }, // U+0161
    { 14, 25, 255, 1, 19, 44, 8976 }, // U+0162
    { 9, 23, 129, 0, 17, 26, 9020 }, // U+0163
    { 14, 24, 255, 1, 24, 42, 9046 }, // U+0164
    { 9, 22, 149, 0, 21, 25, 9088 }, // U+0165
    { 14, 19, 255, 1, 19, 34, 9113 }, // U+0166
    { 8, 18, 129, 0, 17, 18, 9147 }, // U+0167
    { 15, 25, 294, 2, 24, 47, 9165 }, // U+0168
    { 12, 20, 233, 1, 19, 30, 9212 }, // U+0169
    { 15, 24, 294, 2, 23, 45, 9242 }, // U+016A
    { 12, 19, 233, 1, 18, 29, 9287 }, // U+016B
    { 15, 25, 294, 2, 24, 47, 9316 }, // U+016C
    { 12, 20, 233, 1, 19, 30, 9363 }, // U+016D
    { 15, 26, 294, 2, 25, 49, 9393 }, // U+016E
    { 12, 22, 233, 1, 21, 33, 9442 }, // U+016F
    { 15, 25, 294, 2, 24, 47, 9475 }, // U+0170
    { 12, 20, 233, 1, 19, 30, 9522 }, // U+0171
    { 15, 25, 294, 2, 19, 47, 9552 }, // U+0172
    { 13, 20, 233, 1, 14, 33, 9599 }, // U+0173
    { 24, 24, 391, 0, 24, 72, 9632 }, // U+0174
    { 20, 19, 321, 0, 19, 48, 9704 }, // U+0175
    { 17, 24, 268, 0, 24, 51, 9752 }, // U+0176
    { 14, 25, 220, 0, 19, 44, 9803 }, // U+0177
    { 17, 24, 268, 0, 24, 51, 9847 }, // U+0178
    { 14, 24, 250, 1, 24, 42, 9898 }, // U+0179
    { 11, 19, 214, 1, 19, 27, 9940 }, // U+017A
    { 14, 24, 250, 1, 24, 42, 9967 }, // U+017B
    { 11, 19, 214, 1, 19, 27, 10009 }, // U+017C
    { 14, 24, 250, 1, 24, 42, 10036 }, // U+017D
    { 11, 19, 214, 1, 19, 27, 10078 }, // U+017E
    { 7, 19, 120, 1, 19, 17, 10105 }, // U+017F
    { 17, 22, 304, 1, 21, 47, 10122 }, // U+01A0
    { 13, 18, 234, 1, 17, 30, 10169 }, // U+01A1
    { 17, 22, 293, 2, 21, 47, 10199 }, // U+01AF
    { 14, 18, 246, 1, 17, 32, 10246 }, // U+01B0
    { 28, 19, 500, 2, 19, 67, 10278 }, // U+01C5
    { 26, 20, 455, 1, 19, 65, 10345 }, // U+01C6
    { 24, 20, 449, 2, 19, 60, 10410 }, // U+01C7
    { 17, 25, 317, 2, 19, 54, 10470 }, // U+01C8
    { 10, 25, 187, 1, 19, 32, 10524 }, // U+01C9
    { 29, 20, 523, 2, 19, 73, 10556 }, // U+01CA
    { 22, 25, 391, 2, 19, 69, 10629 }, // U+01CB
    { 18, 25, 326, 1, 19, 57, 10698 }, // U+01CC
    { 17, 24, 273, 0, 24, 51, 10755 }, // U+01CD
    { 11, 20, 221, 1, 19, 28, 10806 }, // U+01CE
    { 9, 24, 104, -1, 24, 27, 10834 }, // U+01CF
    { 8, 19, 94, -1, 19, 19, 10861 }, // U+01D0
    { 17, 25, 304, 1, 24, 54, 10880 }, // U+01D1
    { 13, 20, 235, 1, 19, 33, 10934 }, // U+01D2
    { 15, 25, 294, 2, 24, 47, 10967 }, // U+01D3
    { 12, 20, 233, 1, 19, 30, 11014 }, // U+01D4
    { 15, 28, 294, 2, 27, 53, 11044 }, // U+01D5
    { 12, 23, 233, 1, 22, 35, 11097 }, // U+01D6
    { 15, 29, 294, 2, 28, 55, 11132 }, // U+01D7
    { 12, 24, 233, 1, 23, 36, 11187 }, // U+01D8
    { 15, 29, 294, 2, 28, 55, 11223 }, // U+01D9
    { 12, 24, 233, 1, 23, 36, 11278 }, // U+01DA
    { 15, 29, 294, 2, 28, 55, 11314 }, // U+01DB
    { 12, 24, 233, 1, 23, 36, 11369 }, // U+01DC
    { 13, 15, 229, 1, 14, 25, 11405 }, // U+01DD
    { 17, 27, 273, 0, 27, 58, 11430 }, // U+01DE
    { 11, 23, 221, 1, 22, 32, 11488 }, // U+01DF
    { 17, 27, 273, 0, 27, 58, 11520 }, // U+01E0
    { 11, 23, 221, 1, 22, 32, 11578 }, // U+01E1
    { 24, 23, 395, 0, 23, 69, 11610 }, // U+01E2
    { 21, 19, 363, 1, 18, 50, 11679 }, // U+01E3
    { 17, 20, 297, 1, 19, 43, 11729 }, // U+01E4
    { 16, 20, 266, 1, 14, 40, 11772 }, // U+01E5
    { 17, 25, 297, 1, 24, 54, 11812 }, // U+01E6
    { 13, 25, 241, 1, 19, 41, 11866 }, // U+01E7
    { 14, 24, 265, 2, 24, 42, 11907 }, // U+01E8
    { 15, 24, 216, -1, 24, 45, 11949 }, // U+01E9
    { 17, 25, 304, 1, 19, 54, 11994 }, // U+01EA
    { 13, 20, 235, 1, 14, 33, 12048 }, // U+01EB
    { 17, 29, 304, 1, 23, 62, 12081 }, // U+01EC
    { 13, 24, 235, 1, 18, 39, 12143 }, // U+01ED
    { 15, 30, 270, 1, 24, 57, 12182 }, // U+01EE
    { 13, 25, 246, 1, 19, 41, 12239 }, // U+01EF
    { 8, 25, 94, -1, 19, 25, 12280 }, // U+01F0
    { 31, 19, 536, 2, 19, 74, 12305 }, // U+01F1
    { 28, 19, 500, 2, 19, 67, 12379 }, // U+01F2
    { 26, 20, 455, 1, 19, 65, 12446 }, // U+01F3
    { 17, 25, 297, 1, 24, 54, 12511 }, // U+01F4
    { 13, 25, 241, 1, 19, 41, 12565 }, // U+01F5
    { 24, 20, 440, 2, 19, 60, 12606 }, // U+01F6
    { 14, 25, 251, 1, 19, 44, 12666 }, // U+01F7
    { 15, 24, 297, 2, 24, 45, 12710 }, // U+01F8
    { 12, 19, 232, 1, 19, 29, 12755 }, // U+01F9
    { 17, 28, 273, 0, 28, 60, 12784 }, // U+01FA
    { 11, 25, 221, 1, 24, 35, 12844 }, // U+01FB
    { 24, 24, 395, 0, 24, 72, 12879 }, // U+01FC
    { 21, 20, 363, 1, 19, 53, 12951 }, // U+01FD
    { 17, 25, 304, 1, 24, 54, 13004 }, // U+01FE
    { 14, 20, 235, 0, 19, 35, 13058 }, // U+01FF
    { 17, 24, 273, 0, 24, 51, 13093 }, // U+0200
    { 11, 20, 221, 1, 19, 28, 13144 }, // U+0201
    { 17, 25, 273, 0, 25, 54, 13172 }, // U+0202
    { 11, 21, 221, 1, 20, 29, 13226 }, // U+0203
    { 12, 24, 238, 2, 24, 36, 13255 }, // U+0204
    { 13, 20, 229, 1, 19, 33, 13291 }, // U+0205
    { 12, 25, 238, 2, 25, 38, 13324 }, // U+0206
    { 13, 21, 229, 1, 20, 35, 13362 }, // U+0207
    { 10, 24, 104, -3, 24, 30, 13397 }, // U+0208
    { 9, 19, 94, -3, 19, 22, 13427 }, // U+0209
    { 8, 25, 104, -1, 25, 25, 13449 }, // U+020A
    { 8, 20, 94, -1, 20, 20, 13474 }, // U+020B
    { 17, 25, 304, 1, 24, 54, 13494 }, // U+020C
    { 13, 20, 235, 1, 19, 33, 13548 }, // U+020D
    { 17, 26, 304, 1, 25, 56, 13581 }, // U+020E
    { 13, 21, 235, 1, 20, 35, 13637 }, // U+020F
    { 14, 24, 256, 2, 24, 42, 13672 }, // U+0210
    { 10, 19, 146, -1, 19, 24, 13714 }, // U+0211
    { 14, 25, 256, 2, 25, 44, 13738 }, // U+0212
    { 8, 20, 146, 1, 20, 20, 13782 }, // U+0213
    { 15, 25, 294, 2, 24, 47, 13802 }, // U+0214
    { 12, 20, 233, 1, 19, 30, 13849 }, // U+0215
    { 15, 26, 294, 2, 25, 49, 13879 }, // U+0216
    { 12, 21, 233, 1, 20, 32, 13928 }, // U+0217
    { 14, 26, 254, 1, 19, 46, 13960 }, // U+0218
    { 11, 21, 206, 1, 14, 29, 14006 }, // U+0219
    { 14, 26, 255, 1, 19, 46, 14035 }, // U+021A
    { 8, 24, 129, 0, 17, 24, 14081 }, // U+021B
    { 14, 25, 250, 1, 19, 44, 14105 }, // U+021C
    { 11, 20, 214, 1, 14, 28, 14149 }, // U+021D
    { 15, 24, 294, 2, 24, 45, 14177 }, // U+021E
    { 14, 24, 233, -1, 24, 42, 14222 }, // U+021F
    { 5, 4, 0, 1, 19, 3, 14264 }, // U+0300
    { 5, 4, 0, 1, 19, 3, 14267 }, // U+0301
    { 8, 4, 0, 1, 19, 4, 14270 }, // U+0302
    { 8, 4, 0, 2, 19, 4, 14274 }, // U+0303
    { 8, 2, 0, 2, 18, 2, 14278 }, // U+0304
    { 8, 4, 0, 1, 19, 4, 14280 }, // U+0306
    { 4, 4, 0, 1, 19, 2, 14284 }, // U+0307
    { 9, 4, 0, 3, 19, 5, 14286 }, // U+0308
    { 5, 4, 0, 1, 19, 3, 14291 }, // U+0309
    { 7, 7, 0, 0, 21, 7, 14294 }, // U+030A
    { 8, 5, 0, -3, 20, 5, 14301 }, // U+030B
    { 8, 4, 0, 1, 19, 4, 14306 }, // U+030C
    { 9, 4, 0, 1, 19, 5, 14310 }, // U+030F
    { 4, 7, 0, -2, 18, 4, 14315 }, // U+0312
    { 5, 8, 0, 4, 13, 5, 14319 }, // U+0313
    { 5, 8, 0, 4, 13, 5, 14324 }, // U+0315
    { 4, 6, 0, -5, 18, 3, 14329 }, // U+031B
    { 4, 4, 94, 1, -2, 2, 14332 }, // U+0323
    { 4, 6, 0, -10, -1, 3, 14334 }, // U+0326
    { 6, 7, 0, 1, 1, 6, 14337 }, // U+0327
    { 5, 7, 0, 1, 1, 5, 14343 }, // U+0328
    { 8, 4, 0, 1, -2, 4, 14348 }, // U+032C
    { 11, 17, 0, -13, 15, 24, 14352 }, // U+0337
    { 15, 20, 0, -15, 19, 38, 14376 }, // U+0338
    { 8, 4, 0, -11, 19, 4, 14414 }, // U+0342
    { 4, 6, 0, 0, 16, 3, 14418 }, // U+0343
    { 9, 6, 0, -12, 20, 7, 14421 }, // U+0346
    { 8, 6, 0, -12, -3, 6, 14428 }, // U+0347
    { 7, 6, 0, -10, 0, 6, 14434 }, // U+0348
    { 6, 6, 0, -10, -1, 5, 14440 }, // U+0349
    { 9, 6, 0, -12, 20, 7, 14445 }, // U+034A
    { 10, 10, 0, -13, 23, 13, 14452 }, // U+034B
    { 10, 6, 0, -12, 21, 8, 14465 }, // U+034C
    { 11, 6, 0, -13, -1, 9, 14473 }, // U+034D
    { 7, 6, 0, -11, -1, 6, 14482 }, // U+034E
    { 0, 0, 0, 0, 0, 0, 14488 }, // U+034F
    { 10, 10, 0, -12, 25, 13, 14488 }, // U+0350
    { 3, 6, 0, -8, 19, 3, 14501 }, // U+0351
    { 8, 7, 0, -11, 21, 7, 14504 }, // U+0352
    { 7, 7, 0, -10, 0, 7, 14511 }, // U+0353
    { 7, 7, 0, -10, 0, 7, 14518 }, // U+0354
    { 7, 7, 0, -9, 0, 7, 14525 }, // U+0355
    { 14, 7, 0, -12, 0, 13, 14532 }, // U+0356
    { 4, 7, 0, 0, 21, 4, 14545 }, // U+0357
    { 4, 4, 0, 1, 19, 2, 14549 }, // U+0358
    { 6, 7, 0, -10, 0, 6, 14551 }, // U+0359
    { 10, 6, 0, -12, 0, 8, 14557 }, // U+035A
    { 6, 7, 0, -10, 21, 6, 14565 }, // U+035B
    { 18, 5, 0, -9, 0, 12, 14571 }, // U+035C
    { 18, 5, 0, -9, 19, 12, 14583 }, // U+035D
    { 16, 3, 0, -15, 19, 6, 14595 }, // U+035E
    { 16, 3, 0, -15, -2, 6, 14601 }, // U+035F
    { 24, 4, 0, -12, 19, 12, 14607 }, // U+0360
    { 18, 5, 0, -9, 19, 12, 14619 }, // U+0361
    { 20, 6, 0, -9, -1, 15, 14631 }, // U+0362
    { 7, 8, 0, -10, 22, 7, 14646 }, // U+0363
    { 7, 8, 0, -10, 22, 7, 14653 }, // U+0364
    { 2, 10, 0, -8, 24, 3, 14660 }, // U+0365
    { 8, 8, 0, -11, 22, 8, 14663 }, // U+0366
    { 6, 8, 0, -10, 22, 6, 14671 }, // U+0367
    { 7, 8, 0, -11, 22, 7, 14677 }, // U+0368
    { 7, 11, 0, -11, 25, 10, 14684 }, // U+0369
    { 6, 11, 0, -10, 25, 9, 14694 }, // U+036A
    { 10, 8, 0, -12, 22, 10, 14703 }, // U+036B
    { 5, 8, 0, -9, 22, 5, 14713 }, // U+036C
    { 5, 10, 0, 0, 24, 7, 14718 }, // U+036D
    { 8, 8, 0, -11, 22, 8, 14725 }, // U+036E
    { 7, 8, 0, -10, 22, 7, 14733 }, // U+036F
    { 12, 24, 238, 2, 24, 36, 14740 }, // U+0400
    { 12, 24, 238, 2, 24, 36, 14776 }, // U+0401
    { 19, 21, 334, 1, 19, 50, 14812 }, // U+0402
    { 12, 24, 228, 2, 24, 36, 14862 }, // U+0403
    { 16, 20, 291, 1, 19, 40, 14898 }, // U+0404
    { 14, 20, 254, 1, 19, 35, 14938 }, // U+0405
    { 3, 19, 104, 2, 19, 8, 14973 }, // U+0406
    { 9, 24, 104, -1, 24, 27, 14981 }, // U+0407
    { 11, 20, 225, 1, 19, 28, 15008 }, // U+0408
    { 26, 19, 442, 1, 19, 62, 15036 }, // U+0409
    { 25, 19, 447, 2, 19, 60, 15098 }, // U+040A
    { 20, 19, 351, 1, 19, 48, 15158 }, // U+040B
    { 14, 24, 265, 2, 24, 42, 15206 }, // U+040C
    { 15, 24, 297, 2, 24, 45, 15248 }, // U+040D
    { 15, 24, 248, 0, 24, 45, 15293 }, // U+040E
    { 14, 23, 286, 2, 19, 41, 15338 }, // U+040F
    { 17, 19, 273, 0, 19, 41, 15379 }, // U+0410
    { 13, 19, 255, 2, 19, 31, 15420 }, // U+0411
    { 13, 19, 260, 2, 19, 31, 15451 }, // U+0412
    { 12, 19, 228, 2, 19, 29, 15482 }, // U+0413
    { 19, 23, 323, 1, 19, 55, 15511 }, // U+0414
    { 12, 19, 238, 2, 19, 29, 15566 }, // U+0415
    { 24, 19, 380, 0, 19, 57, 15595 }, // U+0416
    { 13, 20, 245, 1, 19, 33, 15652 }, // U+0417
    { 15, 19, 297, 2, 19, 36, 15685 }, // U+0418
    { 15, 24, 297, 2, 24, 45, 15721 }, // U+0419
    { 14, 19, 265, 2, 19, 34, 15766 }, // U+041A
    { 16, 19, 296, 1, 19, 38, 15800 }, // U+041B
    { 19, 19, 357, 2, 19, 46, 15838 }, // U+041C
    { 15, 19, 294, 2, 19, 36, 15884 }, // U+041D
    { 17, 20, 304, 1, 19, 43, 15920 }, // U+041E
    { 15, 19, 294, 2, 19, 36, 15963 }, // U+041F
    { 13, 19, 253, 2, 19, 31, 15999 }, // U+0420
    { 16, 20, 291, 1, 19, 40, 16030 }, // U+0421
    { 14, 19, 255, 1, 19, 34, 16070 }, // U+0422
    { 15, 19, 248, 0, 19, 36, 16104 }, // U+0423
    { 19, 22, 330, 1, 20, 53, 16140 }, // U+0424
    { 17, 19, 270, 0, 19, 41, 16193 }, // U+0425
    { 16, 23, 286, 2, 19, 46, 16234 }, // U+0426
    { 15, 19, 277, 1, 19, 36, 16280 }, // U+0427
    { 20, 19, 380, 2, 19, 48, 16316 }, // U+0428
    { 22, 23, 385, 2, 19, 64, 16364 }, // U+0429
    { 19, 19, 323, 1, 19, 46, 16428 }, // U+042A
    { 18, 19, 347, 2, 19, 43, 16474 }, // U+042B
    { 13, 19, 257, 2, 19, 31, 16517 }, // U+042C
    { 16, 20, 291, 1, 19, 40, 16548 }, // U+042D
    { 22, 20, 404, 2, 19, 55, 16588 }, // U+042E
    { 14, 19, 256, 0, 19, 34, 16643 }, // U+042F
    { 11, 15, 221, 1, 14, 21, 16677 }, // U+0430
    { 13, 20, 233, 1, 19, 33, 16698 }, // U+0431
    { 12, 14, 222, 1, 14, 21, 16731 }, // U+0432
    { 10, 14, 173, 1, 14, 18, 16752 }, // U+0433
    { 15, 18, 244, 0, 14, 34, 16770 }, // U+0434
    { 13, 15, 229, 1, 14, 25, 16804 }, // U+0435
    { 20, 14, 321, 0, 14, 35, 16829 }, // U+0436
    { 11, 15, 195, 1, 14, 21, 16864 }, // U+0437
    { 12, 14, 233, 1, 14, 21, 16885 }, // U+0438
    { 12, 19, 233, 1, 19, 29, 16906 }, // U+0439
    { 13, 14, 213, 1, 14, 23, 16935 }, // U+043A
    { 13, 14, 228, 0, 14, 23, 16958 }, // U+043B
    { 17, 14, 304, 1, 14, 30, 16981 }, // U+043C
    { 12, 14, 232, 1, 14, 21, 17011 }, // U+043D
    { 13, 15, 235, 1, 14, 25, 17032 }, // U+043E
    { 12, 14, 232, 1, 14, 21, 17057 }, // U+043F
    { 13, 20, 241, 1, 14, 33, 17078 }, // U+0440
    { 12, 15, 224, 1, 14, 23, 17111 }, // U+0441
    { 12, 14, 186, 0, 14, 21, 17134 }, // U+0442
    { 14, 20, 220, 0, 14, 35, 17155 }, // U+0443
    { 15, 25, 271, 1, 19, 47, 17190 }, // U+0444
    { 13, 14, 215, 0, 14, 23, 17237 }, // U+0445
    { 14, 18, 236, 1, 14, 32, 17260 }, // U+0446
    { 12, 14, 228, 1, 14, 21, 17292 }, // U+0447
    { 18, 14, 326, 1, 14, 32, 17313 }, // U+0448
    { 20, 18, 331, 1, 14, 45, 17345 }, // U+0449
    { 15, 14, 255, 0, 14, 27, 17390 }, // U+044A
    { 16, 14, 290, 1, 14, 28, 17417 }, // U+044B
    { 12, 14, 220, 1, 14, 21, 17445 }, // U+044C
    { 12, 15, 224, 1, 14, 23, 17466 }, // U+044D
    { 19, 15, 332, 1, 14, 36, 17489 }, // U+044E
    { 12, 14, 219, 0, 14, 21, 17525 }, // U+044F
    { 13, 20, 229, 1, 19, 33, 17546 }, // U+0450
    { 13, 20, 229, 1, 19, 33, 17579 }, // U+0451
    { 13, 25, 233, 0, 19, 41, 17612 }, // U+0452
    { 10, 19, 173, 1, 19, 24, 17653 }, // U+0453
    { 12, 15, 224, 1, 14, 23, 17677 }, // U+0454
    { 11, 15, 206, 1, 14, 21, 17700 }, // U+0455
    { 4, 19, 94, 1, 19, 10, 17721 }, // U+0456
    { 9, 19, 94, -2, 19, 22, 17731 }, // U+0457
    { 6, 25, 94, -1, 19, 19, 17753 }, // U+0458
    { 22, 14, 367, 0, 14, 39, 17772 }, // U+0459
    { 21, 14, 356, 1, 14, 37, 17811 }, // U+045A
    { 13, 19, 233, 0, 19, 31, 17848 }, // U+045B
    { 13, 19, 213, 1, 19, 31, 17879 }, // U+045C
    { 12, 19, 233, 1, 19, 29, 17910 }, // U+045D
    { 14, 25, 220, 0, 19, 44, 17939 }, // U+045E
    { 12, 18, 232, 1, 14, 27, 17983 }, // U+045F
    { 19, 20, 355, 2, 19, 48, 18010 }, // U+0460
    { 18, 15, 319, 1, 14, 34, 18058 }, // U+0461
    { 16, 19, 274, 0, 19, 38, 18092 }, // U+0462
    { 15, 19, 243, 0, 19, 36, 18130 }, // U+0463
    { 21, 20, 379, 2, 19, 53, 18166 }, // U+0464
    { 18, 15, 309, 1, 14, 34, 18219 }, // U+0465
    { 17, 19, 273, 0, 19, 41, 18253 }, // U+0466
    { 14, 14, 226, 0, 14, 25, 18294 }, // U+0467
    { 21, 19, 372, 2, 19, 50, 18319 }, // U+0468
    { 18, 14, 308, 1, 14, 32, 18369 }, // U+0469
    { 19, 19, 338, 1, 19, 46, 18401 }, // U+046A
    { 16, 14, 277, 1, 14, 28, 18447 }, // U+046B
    { 25, 19, 455, 2, 19, 60, 18475 }, // U+046C
    { 22, 14, 381, 1, 14, 39, 18535 }, // U+046D
    { 12, 30, 215, 1, 24, 45, 18574 }, // U+046E
    { 10, 25, 205, 1, 19, 32, 18619 }, // U+046F
    { 18, 19, 349, 2, 19, 43, 18651 }, // U+0470
    { 17, 23, 308, 1, 17, 49, 18694 }, // U+0471
    { 17, 20, 304, 1, 19, 43, 18743 }, // U+0472
    { 13, 15, 235, 1, 14, 25, 18786 }, // U+0473
    { 17, 19, 279, 0, 19, 41, 18811 }, // U+0474
    { 15, 14, 234, 0, 14, 27, 18852 }, // U+0475
    { 17, 24, 279, 0, 24, 51, 18879 }, // U+0476
    { 15, 19, 234, 0, 19, 36, 18930 }, // U+0477
    { 32, 25, 525, 1, 19, 100, 18966 }, // U+0478
    { 27, 20, 448, 1, 14, 68, 19066 }, // U+0479
    { 16, 19, 283, 1, 19, 38, 19134 }, // U+0480
    { 12, 19, 222, 1, 14, 29, 19172 }, // U+0481
    { 14, 17, 250, 1, 17, 30, 19201 }, // U+0482
    { 10, 5, 0, -12, 19, 7, 19231 }, // U+0483
    { 11, 4, 0, -12, 19, 6, 19238 }, // U+0484
    { 4, 5, 0, -9, 20, 3, 19244 }, // U+0485
    { 4, 5, 0, -8, 20, 3, 19247 }, // U+0486
    { 11, 4, 0, -12, 19, 6, 19250 }, // U+0487
    { 25, 22, 0, -19, 18, 69, 19256 }, // U+0488
    { 24, 25, 0, -19, 19, 75, 19325 }, // U+0489
    { 17, 28, 297, 2, 24, 60, 19400 }, // U+048A
    { 15, 23, 233, 1, 19, 44, 19460 }, // U+048B
    { 16, 19, 274, 0, 19, 38, 19504 }, // U+048C
    { 15, 17, 243, 0, 17, 32, 19542 }, // U+048D
    { 13, 19, 251, 2, 19, 31, 19574 }, // U+048E
    { 13, 20, 241, 1, 14, 33, 19605 }, // U+048F
    { 12, 22, 228, 2, 22, 33, 19638 }, // U+0490
    { 10, 17, 173, 1, 17, 22, 19671 }, // U+0491
    { 15, 19, 228, -1, 19, 36, 19693 }, // U+0492
    { 11, 14, 173, 0, 14, 20, 19729 }, // U+0493
    { 13, 21, 258, 2, 19, 35, 19749 }, // U+0494
    { 12, 18, 214, 1, 14, 27, 19784 }, // U+0495
    { 25, 23, 388, 0, 19, 72, 19811 }, // U+0496
    { 21, 18, 328, 0, 14, 48, 19883 }, // U+0497
    { 13, 25, 245, 1, 19, 41, 19931 }, // U+0498
    { 11, 20, 195, 1, 14, 28, 19972 }, // U+0499
    { 16, 23, 280, 2, 19, 46, 20000 }, // U+049A
    { 13, 18, 222, 1, 14, 30, 20046 }, // U+049B
    { 14, 19, 263, 2, 19, 34, 20076 }, // U+049C
    { 14, 14, 231, 1, 14, 25, 20110 }, // U+049D
    { 20, 19, 332, 1, 19, 48, 20135 }, // U+04A0
    { 16, 14, 249, 0, 14, 28, 20183 }, // U+04A1
    { 17, 23, 300, 2, 19, 49, 20211 }, // U+04A2
    { 14, 18, 238, 1, 14, 32, 20260 }, // U+04A3
    { 22, 19, 391, 2, 19, 53, 20292 }, // U+04A4
    { 16, 14, 270, 1, 14, 28, 20345 }, // U+04A5
    { 25, 21, 440, 2, 19, 66, 20373 }, // U+04A6
    { 21, 18, 366, 1, 14, 48, 20439 }, // U+04A7
    { 23, 20, 391, 1, 19, 58, 20487 }, // U+04A8
    { 18, 15, 309, 1, 14, 34, 20545 }, // U+04A9
    { 16, 25, 291, 1, 19, 50, 20579 }, // U+04AA
    { 12, 20, 224, 1, 14, 30, 20629 }, // U+04AB
    { 14, 23, 255, 1, 19, 41, 20659 }, // U+04AC
    { 12, 18, 186, 0, 14, 27, 20700 }, // U+04AD
    { 17, 19, 268, 0, 19, 41, 20727 }, // U+04AE
    { 14, 20, 220, 0, 14, 35, 20768 }, // U+04AF
    { 17, 19, 268, 0, 19, 41, 20803 }, // U+04B0
    { 14, 20, 220, 0, 14, 35, 20844 }, // U+04B1
    { 18, 23, 277, 0, 19, 52, 20879 }, // U+04B2
    { 14, 18, 224, 0, 14, 32, 20931 }, // U+04B3
    { 22, 23, 364, 1, 19, 64, 20963 }, // U+04B4
    { 17, 18, 262, 0, 14, 39, 21027 }, // U+04B5
    { 16, 23, 282, 1, 19, 46, 21066 }, // U+04B6
    { 14, 18, 233, 1, 14, 32, 21112 }, // U+04B7
    { 15, 19, 277, 1, 19, 36, 21144 }, // U+04B8
    { 12, 14, 228, 1, 14, 21, 21180 }, // U+04B9
    { 14, 19, 277, 2, 19, 34, 21201 }, // U+04BA
    { 12, 19, 233, 1, 19, 29, 21235 }, // U+04BB
    { 20, 20, 335, 0, 19, 50, 21264 }, // U+04BC
    { 17, 15, 283, 0, 14, 32, 21314 }, // U+04BD
    { 20, 23, 335, 0, 19, 58, 21346 }, // U+04BE
    { 17, 20, 283, 0, 14, 43, 21404 }, // U+04BF
    { 3, 19, 104, 2, 19, 8, 21447 }, // U+04C0
    { 24, 24, 380, 0, 24, 72, 21455 }, // U+04C1
    { 20, 19, 321, 0, 19, 48, 21527 }, // U+04C2
    { 14, 23, 270, 2, 19, 41, 21575 }, // U+04C3
    { 13, 18, 232, 1, 14, 30, 21616 }, // U+04C4
    { 18, 23, 296, 1, 19, 52, 21646 }, // U+04C5
    { 15, 18, 228, 0, 14, 34, 21698 }, // U+04C6
    { 15, 25, 294, 2, 19, 47, 21732 }, // U+04C7
    { 12, 20, 232, 1, 14, 30, 21779 }, // U+04C8
    { 17, 23, 294, 2, 19, 49, 21809 }, // U+04C9
    { 15, 18, 232, 1, 14, 34, 21858 }, // U+04CA
    { 16, 23, 282, 1, 19, 46, 21892 }, // U+04CB
    { 14, 18, 233, 1, 14, 32, 21938 }, // U+04CC
    { 21, 23, 357, 2, 19, 61, 21970 }, // U+04CD
    { 19, 18, 304, 1, 14, 43, 22031 }, // U+04CE
    { 4, 19, 94, 1, 19, 10, 22074 }, // U+04CF
    { 17, 24, 273, 0, 24, 51, 22084 }, // U+04D0
    { 11, 20, 221, 1, 19, 28, 22135 }, // U+04D1
    { 17, 24, 273, 0, 24, 51, 22163 }, // U+04D2
    { 11, 20, 221, 1, 19, 28, 22214 }, // U+04D3
    { 24, 19, 395, 0, 19, 57, 22242 }, // U+04D4
    { 21, 15, 363, 1, 14, 40, 22299 }, // U+04D5
    { 12, 24, 238, 2, 24, 36, 22339 }, // U+04D6
    { 13, 20, 229, 1, 19, 33, 22375 }, // U+04D7
    { 17, 20, 297, 1, 19, 43, 22408 }, // U+04D8
    { 13, 15, 229, 1, 14, 25, 22451 }, // U+04D9
    { 17, 25, 297, 1, 24, 54, 22476 }, // U+04DA
    { 13, 20, 229, 1, 19, 33, 22530 }, // U+04DB
    { 24, 24, 380, 0, 24, 72, 22563 }, // U+04DC
    { 20, 19, 321, 0, 19, 48, 22635 }, // U+04DD
    { 13, 25, 245, 1, 24, 41, 22683 }, // U+04DE
    { 11, 20, 195, 1, 19, 28, 22724 }, // U+04DF
    { 13, 20, 246, 1, 19, 33, 22752 }, // U+04E0
    { 13, 20, 246, 1, 14, 33, 22785 }, // U+04E1
    { 15, 23, 297, 2, 23, 44, 22818 }, // U+04E2
    { 12, 18, 233, 1, 18, 27, 22862 }, // U+04E3
    { 15, 24, 297, 2, 24, 45, 22889 }, // U+04E4
    { 12, 19, 233, 1, 19, 29, 22934 }, // U+04E5
    { 17, 25, 304, 1, 24, 54, 22963 }, // U+04E6
    { 13, 20, 235, 1, 19, 33, 23017 }, // U+04E7
    { 17, 20, 304, 1, 19, 43, 23050 }, // U+04E8
    { 13, 15, 235, 1, 14, 25, 23093 }, // U+04E9
    { 17, 25, 304, 1, 24, 54, 23118 }, // U+04EA
    { 13, 20, 235, 1, 19, 33, 23172 }, // U+04EB
    { 16, 25, 291, 1, 24, 50, 23205 }, // U+04EC
    { 12, 20, 224, 1, 19, 30, 23255 }, // U+04ED
    { 15, 23, 248, 0, 23, 44, 23285 }, // U+04EE
    { 14, 24, 220, 0, 18, 42, 23329 }, // U+04EF
    { 15, 24, 248, 0, 24, 45, 23371 }, // U+04F0
    { 14, 25, 220, 0, 19, 44, 23416 }, // U+04F1
    { 15, 24, 248, 0, 24, 45, 23460 }, // U+04F2
    { 14, 25, 220, 0, 19, 44, 23505 }, // U+04F3
    { 15, 24, 277, 1, 24, 45, 23549 }, // U+04F4
    { 12, 19, 228, 1, 19, 29, 23594 }, // U+04F5
    { 12, 23, 228, 2, 19, 35, 23623 }, // U+04F6
    { 10, 18, 173, 1, 14, 23, 23658 }, // U+04F7
    { 18, 24, 347, 2, 24, 54, 23681 }, // U+04F8
    { 16, 19, 290, 1, 19, 38, 23735 }, // U+04F9
    { 14, 25, 235, 0, 19, 44, 23773 }, // U+04FA
    { 11, 20, 173, 0, 14, 28, 23817 }, // U+04FB
    { 18, 25, 279, 0, 19, 57, 23845 }, // U+04FC
    { 13, 20, 205, 0, 14, 33, 23902 }, // U+04FD
    { 17, 19, 270, 0, 19, 41, 23935 }, // U+04FE
    { 13, 14, 215, 0, 14, 23, 23976 }, // U+04FF
    { 13, 15, 251, 1, 15, 25, 23999 }, // U+05D0
    { 12, 15, 221, 1, 15, 23, 24024 }, // U+05D1
    { 8, 15, 168, 1, 15, 15, 24047 }, // U+05D2
    { 13, 15, 211, 0, 15, 25, 24062 }, // U+05D3
    { 12, 15, 255, 2, 15, 23, 24087 }, // U+05D4
    { 3, 15, 104, 2, 15, 6, 24110 }, // U+05D5
    { 8, 15, 152, 1, 15, 15, 24116 }, // U+05D6
    { 13, 15, 259, 2, 15, 25, 24131 }, // U+05D7
    { 14, 15, 258, 1, 15, 27, 24156 }, // U+05D8
    { 4, 8, 96, 1, 15, 4, 24183 }, // U+05D9
    { 11, 20, 207, 0, 15, 28, 24187 }, // U+05DA
    { 11, 15, 212, 1, 15, 21, 24215 }, // U+05DB
    { 12, 19, 190, 0, 19, 29, 24236 }, // U+05DC
    { 13, 15, 259, 2, 15, 25, 24265 }, // U+05DD
    { 14, 15, 262, 1, 15, 27, 24290 }, // U+05DE
    { 3, 20, 104, 2, 15, 8, 24317 }, // U+05DF
    { 6, 15, 139, 1, 15, 12, 24325 }, // U+05E0
    { 14, 15, 257, 1, 15, 27, 24337 }, // U+05E1
    { 14, 16, 237, 0, 15, 28, 24364 }, // U+05E2
    { 13, 20, 252, 1, 15, 33, 24392 }, // U+05E3
    { 13, 15, 249, 2, 15, 25, 24425 }, // U+05E4
    { 12, 20, 206, 0, 15, 30, 24450 }, // U+05E5
    { 12, 15, 217, 0, 15, 23, 24480 }, // U+05E6
    { 13, 20, 243, 2, 15, 33, 24503 }, // U+05E7
    { 12, 15, 210, 0, 15, 23, 24536 }, // U+05E8
    { 16, 15, 301, 1, 15, 30, 24559 }, // U+05E9
    { 14, 15, 266, 1, 15, 27, 24589 }, // U+05EA
    { 4, 7, 131, 2, 6, 4, 24616 }, // U+060C
    { 5, 14, 138, 1, 13, 9, 24620 }, // U+061B
    { 11, 20, 174, 0, 19, 28, 24629 }, // U+061F
    { 10, 11, 164, 0, 9, 14, 24657 }, // U+0621
    { 8, 3, 108, 0, 2, 3, 24671 }, // U+0640
    { 5, 5, 229, 5, 10, 4, 24674 }, // U+0660
    { 5, 19, 229, 5, 18, 12, 24678 }, // U+0661
    { 11, 19, 229, 2, 18, 27, 24690 }, // U+0662
    { 14, 19, 229, 0, 18, 34, 24717 }, // U+0663
    { 11, 19, 229, 2, 18, 27, 24751 }, // U+0664
    { 11, 14, 229, 2, 13, 20, 24778 }, // U+0665
    { 12, 19, 229, 1, 18, 29, 24798 }, // U+0666
    { 14, 19, 229, 0, 18, 34, 24827 }, // U+0667
    { 14, 19, 229, 0, 18, 34, 24861 }, // U+0668
    { 11, 18, 229, 2, 17, 25, 24895 }, // U+0669
    { 16, 14, 274, 0, 8, 28, 24920 }, // U+06BA
    { 6, 2, 120, 1, 2, 2, 24948 }, // U+06D4
    { 5, 5, 229, 5, 10, 4, 24950 }, // U+06F0
    { 5, 19, 229, 5, 18, 12, 24954 }, // U+06F1
    { 11, 19, 229, 2, 18, 27, 24966 }, // U+06F2
    { 14, 19, 229, 0, 18, 34, 24993 }, // U+06F3
    { 11, 17, 229, 2, 17, 24, 25027 }, // U+06F4
    { 12, 17, 229, 1, 17, 26, 25051 }, // U+06F5
    { 10, 18, 229, 2, 17, 23, 25077 }, // U+06F6
    { 14, 19, 229, 0, 18, 34, 25100 }, // U+06F7
    { 14, 19, 229, 0, 18, 34, 25134 }, // U+06F8
    { 11, 18, 229, 2, 17, 25, 25168 }, // U+06F9
    { 11, 6, 0, -9, 24, 9, 25193 }, // U+0900
    { 11, 6, 0, -9, 23, 9, 25202 }, // U+0901
    { 4, 3, 0, -5, 21, 2, 25211 }, // U+0902
    { 6, 15, 81, 0, 16, 12, 25213 }, // U+0903
    { 20, 23, 306, 0, 23, 58, 25225 }, // U+0904
    { 20, 16, 306, 0, 16, 40, 25283 }, // U+0905
    { 26, 16, 409, 0, 16, 52, 25323 }, // U+0906
    { 13, 21, 196, 0, 16, 35, 25375 }, // U+0907
    { 13, 28, 196, 0, 23, 46, 25410 }, // U+0908
    { 15, 16, 219, 0, 16, 30, 25456 }, // U+0909
    { 20, 17, 314, 0, 16, 43, 25486 }, // U+090A
    { 22, 17, 341, 0, 16, 47, 25529 }, // U+090B
    { 18, 19, 280, 0, 16, 43, 25576 }, // U+090C
    { 15, 26, 221, 0, 23, 49, 25619 }, // U+090D
    { 15, 26, 221, 0, 23, 49, 25668 }, // U+090E
    { 15, 19, 221, 0, 16, 36, 25717 }, // U+090F
    { 15, 27, 221, 0, 24, 51, 25753 }, // U+0910
    { 26, 23, 409, 0, 23, 75, 25804 }, // U+0911
    { 26, 23, 409, 0, 23, 75, 25879 }, // U+0912
    { 26, 24, 409, 0, 24, 78, 25954 }, // U+0913
    { 26, 24, 409, 0, 24, 78, 26032 }, // U+0914
    { 20, 16, 307, 0, 16, 40, 26110 }, // U+0915
    { 21, 16, 327, 0, 16, 42, 26150 }, // U+0916
    { 15, 16, 225, 0, 16, 30, 26192 }, // U+0917
    { 16, 16, 236, 0, 16, 32, 26222 }, // U+0918
    { 18, 16, 255, -1, 16, 36, 26254 }, // U+0919
    { 17, 16, 254, 0, 16, 34, 26290 }, // U+091A
    { 18, 16, 280, 0, 16, 36, 26324 }, // U+091B
    { 19, 16, 297, 0, 16, 38, 26360 }, // U+091C
    { 20, 21, 302, 0, 16, 53, 26398 }, // U+091D
    { 19, 16, 297, 0, 16, 38, 26451 }, // U+091E
    { 13, 16, 202, 0, 16, 26, 26489 }, // U+091F
    { 15, 16, 232, 0, 16, 30, 26515 }, // U+0920
    { 15, 16, 214, -1, 16, 30, 26545 }, // U+0921
    { 15, 16, 225, 0, 16, 30, 26575 }, // U+0922
    { 19, 16, 289, 0, 16, 38, 26605 }, // U+0923
    { 15, 17, 228, 0, 16, 32, 26643 }, // U+0924
    { 16, 16, 256, 1, 16, 32, 26675 }, // U+0925
    { 14, 18, 212, 0, 16, 32, 26707 }, // U+0926
    { 15, 16, 246, 1, 16, 30, 26739 }, // U+0927
    { 15, 16, 222, 0, 16, 30, 26769 }, // U+0928
    { 15, 17, 222, 0, 16, 32, 26799 }, // U+0929
    { 15, 16, 227, 0, 16, 30, 26831 }, // U+092A
    { 20, 16, 308, 0, 16, 40, 26861 }, // U+092B
    { 15, 16, 228, 0, 16, 30, 26901 }, // U+092C
    { 17, 16, 281, 1, 16, 34, 26931 }, // U+092D
    { 16, 16, 239, 0, 16, 32, 26965 }, // U+092E
    { 15, 16, 232, 0, 16, 30, 26997 }, // U+092F
    { 11, 17, 164, 0, 16, 24, 27027 }, // U+0930
    { 11, 17, 164, 0, 16, 24, 27051 }, // U+0931
    { 18, 17, 271, 0, 16, 39, 27075 }, // U+0932
    { 20, 16, 304, 0, 16, 40, 27114 }, // U+0933
    { 20, 20, 304, 0, 16, 50, 27154 }, // U+0934
    { 15, 16, 222, 0, 16, 30, 27204 }, // U+0935
    { 18, 17, 272, 0, 16, 39, 27234 }, // U+0936
    { 15, 16, 231, 0, 16, 30, 27273 }, // U+0937
    { 18, 17, 270, 0, 16, 39, 27303 }, // U+0938
    { 14, 20, 212, 0, 16, 35, 27342 }, // U+0939
    { 3, 6, 0, -5, 21, 3, 27377 }, // U+093A
    { 7, 21, 104, 0, 21, 19, 27380 }, // U+093B
    { 4, 3, 0, -9, -2, 2, 27399 }, // U+093C
    { 11, 16, 187, 0, 16, 22, 27401 }, // U+093D
    { 7, 16, 104, 0, 16, 14, 27423 }, // U+093E
    { 19, 23, 104, 0, 23, 55, 27437 }, // U+093F
    { 13, 23, 104, -6, 23, 38, 27492 }, // U+0940
    { 13, 8, 0, -12, 1, 13, 27530 }, // U+0941
    { 13, 8, 0, -9, 1, 13, 27543 }, // U+0942
    { 8, 8, 0, -7, 1, 8, 27556 }, // U+0943
    { 9, 11, 0, -7, 0, 13, 27564 }, // U+0944
    { 11, 6, 0, -9, 23, 9, 27577 }, // U+0945
    { 10, 8, 0, -12, 23, 10, 27586 }, // U+0946
    { 9, 8, 0, -11, 24, 9, 27596 }, // U+0947
    { 9, 8, 0, -11, 24, 9, 27605 }, // U+0948
    { 10, 23, 104, -3, 23, 29, 27614 }, // U+0949
    { 13, 23, 104, -6, 23, 38, 27643 }, // U+094A
    { 11, 24, 104, -4, 24, 33, 27681 }, // U+094B
    { 12, 24, 104, -5, 24, 36, 27714 }, // U+094C
    { 9, 7, 0, -5, 0, 8, 27750 }, // U+094D
    { 6, 16, 109, 2, 16, 12, 27758 }, // U+094E
    { 13, 24, 104, -6, 24, 39, 27770 }, // U+094F
    { 22, 21, 365, 0, 22, 58, 27809 }, // U+0950
    { 3, 6, 0, -5, 22, 3, 27867 }, // U+0951
    { 10, 3, 0, -12, -1, 4, 27870 }, // U+0952
    { 5, 5, 0, -7, 22, 4, 27874 }, // U+0953
    { 5, 5, 0, -5, 22, 4, 27878 }, // U+0954
    { 10, 7, 0, -9, 23, 9, 27882 }, // U+0955
    { 10, 4, 0, -12, -1, 5, 27891 }, // U+0956
    { 11, 7, 0, -12, 0, 10, 27896 }, // U+0957
    { 20, 17, 307, 0, 16, 43, 27906 }, // U+0958
    { 21, 17, 327, 0, 16, 45, 27949 }, // U+0959
    { 15, 17, 225, 0, 16, 32, 27994 }, // U+095A
    { 19, 19, 297, 0, 16, 46, 28026 }, // U+095B
    { 15, 21, 214, -1, 16, 40, 28072 }, // U+095C
    { 15, 21, 225, 0, 16, 40, 28112 }, // U+095D
    { 20, 17, 308, 0, 16, 43, 28152 }, // U+095E
    { 15, 17, 232, 0, 16, 32, 28195 }, // U+095F
    { 22, 20, 341, 0, 16, 55, 28227 }, // U+0960
    { 19, 22, 280, 0, 16, 53, 28282 }, // U+0961
    { 14, 11, 0, -11, 1, 20, 28335 }, // U+0962
    { 15, 12, 0, -11, 1, 23, 28355 }, // U+0963
    { 3, 16, 152, 4, 16, 6, 28378 }, // U+0964
    { 9, 16, 240, 4, 16, 18, 28384 }, // U+0965
    { 11, 12, 208, 1, 14, 17, 28402 }, // U+0966
    { 9, 17, 208, 2, 16, 20, 28419 }, // U+0967
    { 11, 17, 208, 1, 16, 24, 28439 }, // U+0968
    { 11, 19, 208, 1, 16, 27, 28463 }, // U+0969
    { 11, 17, 208, 1, 17, 24, 28490 }, // U+096A
    { 11, 17, 208, 1, 17, 24, 28514 }, // U+096B
    { 11, 19, 208, 1, 16, 27, 28538 }, // U+096C
    { 12, 16, 208, 0, 17, 24, 28565 }, // U+096D
    { 11, 16, 208, 1, 16, 22, 28589 }, // U+096E
    { 9, 17, 208, 2, 16, 20, 28611 }, // U+096F
    { 9, 8, 170, 1, 15, 9, 28631 }, // U+0970
    { 4, 4, 127, 2, 17, 2, 28640 }, // U+0971
    { 20, 23, 306, 0, 23, 58, 28642 }, // U+0972
    { 20, 21, 306, 0, 21, 53, 28700 }, // U+0973
    { 26, 21, 409, 0, 21, 69, 28753 }, // U+0974
    { 26, 24, 409, 0, 24, 78, 28822 }, // U+0975
    { 20, 21, 306, 0, 16, 53, 28900 }, // U+0976
    { 20, 23, 306, 0, 16, 58, 28953 }, // U+0977
    { 15, 17, 222, 0, 16, 32, 29011 }, // U+0978
    { 19, 18, 297, 0, 16, 43, 29043 }, // U+0979
    { 15, 16, 232, 0, 16, 30, 29086 }, // U+097A
    { 15, 16, 226, 0, 16, 30, 29116 }, // U+097B
    { 19, 16, 297, 0, 16, 38, 29146 }, // U+097C
    { 10, 16, 188, 1, 16, 20, 29184 }, // U+097D
    { 15, 16, 216, -1, 16, 30, 29204 }, // U+097E
    { 15, 16, 228, 0, 16, 30, 29234 }, // U+097F
    { 17, 25, 273, 0, 19, 54, 29264 }, // U+1EA0
    { 11, 20, 221, 1, 14, 28, 29318 }, // U+1EA1
    { 17, 24, 273, 0, 24, 51, 29346 }, // U+1EA2
    { 11, 20, 221, 1, 19, 28, 29397 }, // U+1EA3
    { 17, 28, 273, 0, 28, 60, 29425 }, // U+1EA4
    { 12, 24, 221, 1, 23, 36, 29485 }, // U+1EA5
    { 17, 28, 273, 0, 28, 60, 29521 }, // U+1EA6
    { 11, 24, 221, 1, 23, 33, 29581 }, // U+1EA7
    { 17, 28, 273, 0, 28, 60, 29614 }, // U+1EA8
    { 11, 24, 221, 1, 23, 33, 29674 }, // U+1EA9
    { 17, 28, 273, 0, 28, 60, 29707 }, // U+1EAA
    { 11, 24, 221, 1, 23, 33, 29767 }, // U+1EAB
    { 17, 30, 273, 0, 24, 64, 29800 }, // U+1EAC
    { 11, 25, 221, 1, 19, 35, 29864 }, // U+1EAD
    { 17, 28, 273, 0, 28, 60, 29899 }, // U+1EAE
    { 11, 24, 221, 1, 23, 33, 29959 }, // U+1EAF
    { 17, 28, 273, 0, 28, 60, 29992 }, // U+1EB0
    { 11, 24, 221, 1, 23, 33, 30052 }, // U+1EB1
    { 17, 28, 273, 0, 28, 60, 30085 }, // U+1EB2
    { 11, 24, 221, 1, 23, 33, 30145 }, // U+1EB3
    { 17, 28, 273, 0, 28, 60, 30178 }, // U+1EB4
    { 11, 24, 221, 1, 23, 33, 30238 }, // U+1EB5
    { 17, 30, 273, 0, 24, 64, 30271 }, // U+1EB6
    { 11, 25, 221, 1, 19, 35, 30335 }, // U+1EB7
    { 12, 25, 238, 2, 19, 38, 30370 }, // U+1EB8
    { 13, 20, 229, 1, 14, 33, 30408 }, // U+1EB9
    { 12, 24, 238, 2, 24, 36, 30441 }, // U+1EBA
    { 13, 20, 229, 1, 19, 33, 30477 }, // U+1EBB
    { 12, 24, 238, 2, 24, 36, 30510 }, // U+1EBC
    { 13, 20, 229, 1, 19, 33, 30546 }, // U+1EBD
    { 12, 28, 238, 2, 28, 42, 30579 }, // U+1EBE
    { 13, 24, 229, 1, 23, 39, 30621 }, // U+1EBF
    { 12, 28, 238, 2, 28, 42, 30660 }, // U+1EC0
    { 13, 24, 229, 1, 23, 39, 30702 }, // U+1EC1
    { 12, 28, 238, 2, 28, 42, 30741 }, // U+1EC2
    { 13, 24, 229, 1, 23, 39, 30783 }, // U+1EC3
    { 12, 28, 238, 2, 28, 42, 30822 }, // U+1EC4
    { 13, 24, 229, 1, 23, 39, 30864 }, // U+1EC5
    { 12, 30, 238, 2, 24, 45, 30903 }, // U+1EC6
    { 13, 25, 229, 1, 19, 41, 30948 }, // U+1EC7
    { 5, 24, 104, 1, 24, 15, 30989 }, // U+1EC8
    { 5, 19, 94, 0, 19, 12, 31004 }, // U+1EC9
    { 4, 25, 104, 1, 19, 13, 31016 }, // U+1ECA
    { 4, 25, 94, 1, 19, 13, 31029 }, // U+1ECB
    { 17, 25, 304, 1, 19, 54, 31042 }, // U+1ECC
    { 13, 20, 235, 1, 14, 33, 31096 }, // U+1ECD
    { 17, 25, 304, 1, 24, 54, 31129 }, // U+1ECE
    { 13, 20, 235, 1, 19, 33, 31183 }, // U+1ECF
    { 17, 29, 304, 1, 28, 62, 31216 }, // U+1ED0
    { 13, 24, 235, 1, 23, 39, 31278 }, // U+1ED1
    { 17, 29, 304, 1, 28, 62, 31317 }, // U+1ED2
    { 13, 24, 235, 1, 23, 39, 31379 }, // U+1ED3
    { 17, 29, 304, 1, 28, 62, 31418 }, // U+1ED4
    { 13, 24, 235, 1, 23, 39, 31480 }, // U+1ED5
    { 17, 29, 304, 1, 28, 62, 31519 }, // U+1ED6
    { 13, 24, 235, 1, 23, 39, 31581 }, // U+1ED7
    { 17, 30, 304, 1, 24, 64, 31620 }, // U+1ED8
    { 13, 25, 235, 1, 19, 41, 31684 }, // U+1ED9
    { 17, 25, 304, 1, 24, 54, 31725 }, // U+1EDA
    { 13, 20, 234, 1, 19, 33, 31779 }, // U+1EDB
    { 17, 25, 304, 1, 24, 54, 31812 }, // U+1EDC
    { 13, 20, 234, 1, 19, 33, 31866 }, // U+1EDD
    { 17, 25, 304, 1, 24, 54, 31899 }, // U+1EDE
    { 13, 20, 234, 1, 19, 33, 31953 }, // U+1EDF
    { 17, 25, 304, 1, 24, 54, 31986 }, // U+1EE0
    { 13, 20, 234, 1, 19, 33, 32040 }, // U+1EE1
    { 17, 27, 304, 1, 21, 58, 32073 }, // U+1EE2
    { 13, 23, 234, 1, 17, 38, 32131 }, // U+1EE3
    { 15, 25, 294, 2, 19, 47, 32169 }, // U+1EE4
    { 12, 20, 233, 1, 14, 30, 32216 }, // U+1EE5
    { 15, 25, 294, 2, 24, 47, 32246 }, // U+1EE6
    { 12, 20, 233, 1, 19, 30, 32293 }, // U+1EE7
    { 17, 25, 293, 2, 24, 54, 32323 }, // U+1EE8
    { 14, 20, 246, 1, 19, 35, 32377 }, // U+1EE9
    { 17, 25, 293, 2, 24, 54, 32412 }, // U+1EEA
    { 14, 20, 246, 1, 19, 35, 32466 }, // U+1EEB
    { 17, 25, 293, 2, 24, 54, 32501 }, // U+1EEC
    { 14, 20, 246, 1, 19, 35, 32555 }, // U+1EED
    { 17, 25, 293, 2, 24, 54, 32590 }, // U+1EEE
    { 14, 20, 246, 1, 19, 35, 32644 }, // U+1EEF
    { 17, 27, 293, 2, 21, 58, 32679 }, // U+1EF0
    { 14, 23, 246, 1, 17, 41, 32737 }, // U+1EF1
    { 17, 24, 268, 0, 24, 51, 32778 }, // U+1EF2
    { 14, 25, 220, 0, 19, 44, 32829 }, // U+1EF3
    { 17, 25, 268, 0, 19, 54, 32873 }, // U+1EF4
    { 14, 20, 220, 0, 14, 35, 32927 }, // U+1EF5
    { 17, 24, 268, 0, 24, 51, 32962 }, // U+1EF6
    { 14, 25, 220, 0, 19, 44, 33013 }, // U+1EF7
    { 17, 24, 268, 0, 24, 51, 33057 }, // U+1EF8
    { 14, 25, 220, 0, 19, 44, 33108 }, // U+1EF9
    { 0, 0, 218, 0, 0, 0, 33152 }, // U+2000
    { 0, 0, 436, 0, 0, 0, 33152 }, // U+2001
    { 0, 0, 200, 0, 0, 0, 33152 }, // U+2002
    { 0, 0, 400, 0, 0, 0, 33152 }, // U+2003
    { 0, 0, 134, 0, 0, 0, 33152 }, // U+2004
    { 0, 0, 100, 0, 0, 0, 33152 }, // U+2005
    { 0, 0, 66, 0, 0, 0, 33152 }, // U+2006
    { 0, 0, 259, 0, 0, 0, 33152 }, // U+2007
    { 0, 0, 109, 0, 0, 0, 33152 }, // U+2008
    { 0, 0, 70, 0, 0, 0, 33152 }, // U+2009
    { 0, 0, 34, 0, 0, 0, 33152 }, // U+200A
    { 0, 0, 0, 0, 0, 0, 33152 }, // U+200B
    { 0, 0, 0, 0, 0, 0, 33152 }, // U+200C
    { 0, 0, 0, 0, 0, 0, 33152 }, // U+200D
    { 0, 0, 0, 0, 0, 0, 33152 }, // U+200E
    { 0, 0, 0, 0, 0, 0, 33152 }, // U+200F
    { 9, 3, 141, 0, 9, 4, 33152 }, // U+2010
    { 9, 3, 141, 0, 9, 4, 33156 }, // U+2011
    { 14, 3, 259, 1, 10, 6, 33160 }, // U+2012
    { 13, 3, 200, 0, 9, 5, 33166 }, // U+2013
    { 25, 3, 400, 0, 9, 10, 33171 }, // U+2014
    { 25, 3, 400, 0, 9, 10, 33181 }, // U+2015
    { 6, 31, 188, 3, 25, 24, 33191 }, // U+2016
    { 13, 6, 178, -1, 0, 10, 33215 }, // U+2017
    { 5, 8, 98, 1, 19, 5, 33225 }, // U+2018
    { 5, 8, 98, 1, 19, 5, 33230 }, // U+2019
    { 4, 8, 91, 1, 3, 4, 33235 }, // U+201A
    { 5, 8, 98, 0, 19, 5, 33239 }, // U+201B
    { 9, 8, 167, 1, 19, 9, 33244 }, // U+201C
    { 9, 8, 167, 1, 19, 9, 33253 }, // U+201D
    { 9, 8, 160, 1, 3, 9, 33262 }, // U+201E
    { 9, 8, 167, 0, 19, 9, 33271 }, // U+201F
    { 10, 15, 193, 1, 19, 19, 33280 }, // U+2020
    { 10, 19, 193, 1, 19, 24, 33299 }, // U+2021
    { 9, 9, 220, 2, 12, 11, 33323 }, // U+2022
    { 7, 9, 220, 4, 12, 8, 33334 }, // U+2023
    { 5, 5, 109, 1, 4, 4, 33342 }, // U+2024
    { 11, 5, 218, 1, 4, 7, 33346 }, // U+2025
    { 18, 5, 328, 1, 4, 12, 33353 }, // U+2026
    { 5, 5, 109, 1, 11, 4, 33365 }, // U+2027
    { 0, 0, 0, 0, 0, 0, 33369 }, // U+202A
    { 0, 0, 0, 0, 0, 0, 33369 }, // U+202B
    { 0, 0, 0, 0, 0, 0, 33369 }, // U+202C
    { 0, 0, 0, 0, 0, 0, 33369 }, // U+202D
    { 0, 0, 0, 0, 0, 0, 33369 }, // U+202E
    { 0, 0, 70, 0, 0, 0, 33369 }, // U+202F
    { 28, 20, 520, 2, 19, 70, 33369 }, // U+2030
    { 37, 20, 660, 2, 19, 93, 33439 }, // U+2031
    { 4, 8, 86, 1, 19, 4, 33532 }, // U+2032
    { 9, 8, 171, 1, 19, 9, 33536 }, // U+2033
    { 14, 8, 256, 1, 19, 14, 33545 }, // U+2034
    { 4, 8, 86, 1, 19, 4, 33559 }, // U+2035
    { 9, 8, 171, 1, 19, 9, 33563 }, // U+2036
    { 14, 8, 256, 1, 19, 14, 33572 }, // U+2037
    { 10, 6, 179, 1, -1, 8, 33586 }, // U+2038
    { 8, 13, 148, 1, 14, 13, 33594 }, // U+2039
    { 9, 13, 148, 0, 14, 15, 33607 }, // U+203A
    { 14, 15, 252, 1, 16, 27, 33622 }, // U+203B
    { 11, 20, 218, 1, 19, 28, 33649 }, // U+203C
    { 12, 20, 201, 0, 19, 30, 33677 }, // U+203D
    { 12, 3, 213, 1, 21, 5, 33707 }, // U+203E
    { 20, 5, 324, 0, -1, 13, 33712 }, // U+203F
    { 20, 5, 324, 0, 19, 13, 33725 }, // U+2040
    { 11, 15, 178, 0, 8, 21, 33738 }, // U+2041
    { 16, 16, 286, 1, 17, 32, 33759 }, // U+2042
    { 8, 3, 220, 3, 9, 3, 33791 }, // U+2043
    { 16, 19, 71, -6, 19, 38, 33794 }, // U+2044
    { 6, 24, 140, 2, 20, 18, 33832 }, // U+2045
    { 6, 24, 140, 1, 20, 18, 33850 }, // U+2046
    { 25, 20, 411, 0, 19, 63, 33868 }, // U+2047
    { 18, 20, 315, 0, 19, 45, 33931 }, // U+2048
    { 18, 20, 315, 1, 19, 45, 33976 }, // U+2049
    { 9, 20, 173, 1, 14, 23, 34021 }, // U+204A
    { 12, 19, 238, 2, 19, 29, 34044 }, // U+204B
    { 12, 11, 234, 1, 13, 17, 34073 }, // U+204C
    { 12, 11, 234, 1, 13, 17, 34090 }, // U+204D
    { 11, 12, 197, 1, 9, 17, 34107 }, // U+204E
    { 5, 18, 114, 1, 13, 12, 34124 }, // U+204F
    { 20, 25, 322, 0, 19, 63, 34136 }, // U+2050
    { 11, 25, 213, 2, 19, 35, 34199 }, // U+2051
    { 16, 19, 285, 1, 19, 38, 34234 }, // U+2052
    { 16, 6, 287, 1, 12, 12, 34272 }, // U+2053
    { 20, 5, 324, 0, -1, 13, 34284 }, // U+2054
    { 11, 11, 216, 1, 12, 16, 34297 }, // U+2055
    { 20, 8, 341, 1, 19, 20, 34313 }, // U+2057
    { 0, 0, 110, 0, 0, 0, 34333 }, // U+205F
    { 0, 0, 0, 0, 0, 0, 34333 }, // U+2060
    { 0, 0, 0, 0, 0, 0, 34333 }, // U+2061
    { 0, 0, 0, 0, 0, 0, 34333 }, // U+2062
    { 0, 0, 0, 0, 0, 0, 34333 }, // U+2063
    { 0, 0, 0, 0, 0, 0, 34333 }, // U+2064
    { 0, 0, 0, 0, 0, 0, 34333 }, // U+2066
    { 0, 0, 0, 0, 0, 0, 34333 }, // U+2067
    { 0, 0, 0, 0, 0, 0, 34333 }, // U+2068
    { 0, 0, 0, 0, 0, 0, 34333 }, // U+2069
    { 0, 0, 0, 0, 0, 0, 34333 }, // U+206A
    { 0, 0, 0, 0, 0, 0, 34333 }, // U+206B
    { 0, 0, 0, 0, 0, 0, 34333 }, // U+206C
    { 0, 0, 0, 0, 0, 0, 34333 }, // U+206D
    { 0, 0, 0, 0, 0, 0, 34333 }, // U+206E
    { 0, 0, 0, 0, 0, 0, 34333 }, // U+206F
    { 10, 11, 180, 1, 21, 14, 34333 }, // U+2070
    { 3, 12, 77, 1, 22, 5, 34347 }, // U+2071
    { 10, 11, 179, 1, 21, 14, 34352 }, // U+2074
    { 9, 11, 171, 1, 21, 13, 34366 }, // U+2075
    { 9, 11, 173, 1, 21, 13, 34379 }, // U+2076
    { 9, 11, 158, 0, 21, 13, 34392 }, // U+2077
    { 9, 11, 175, 1, 21, 13, 34405 }, // U+2078
    { 9, 11, 173, 1, 21, 13, 34418 }, // U+2079
    { 9, 7, 171, 1, 19, 8, 34431 }, // U+207A
    { 9, 3, 171, 1, 17, 4, 34439 }, // U+207B
    { 8, 6, 171, 1, 18, 6, 34443 }, // U+207C
    { 5, 13, 104, 1, 22, 9, 34449 }, // U+207D
    { 5, 13, 104, 0, 22, 9, 34458 }, // U+207E
    { 9, 9, 169, 1, 19, 11, 34467 }, // U+207F
    { 10, 11, 180, 1, 6, 14, 34478 }, // U+2080
    { 5, 11, 118, 1, 6, 7, 34492 }, // U+2081
    { 9, 11, 172, 1, 6, 13, 34499 }, // U+2082
    { 9, 11, 174, 1, 6, 13, 34512 }, // U+2083
    { 10, 11, 179, 1, 6, 14, 34525 }, // U+2084
    { 9, 11, 171, 1, 6, 13, 34539 }, // U+2085
    { 9, 11, 173, 1, 6, 13, 34552 }, // U+2086
    { 9, 11, 158, 0, 6, 13, 34565 }, // U+2087
    { 9, 11, 175, 1, 6, 13, 34578 }, // U+2088
    { 9, 11, 173, 1, 6, 13, 34591 }, // U+2089
    { 9, 7, 171, 1, 4, 8, 34604 }, // U+208A
    { 9, 3, 171, 1, 2, 4, 34612 }, // U+208B
    { 8, 6, 171, 1, 3, 6, 34616 }, // U+208C
    { 5, 13, 104, 1, 7, 9, 34622 }, // U+208D
    { 5, 13, 104, 0, 7, 9, 34631 }, // U+208E
    { 9, 9, 157, 0, 4, 11, 34640 }, // U+2090
    { 10, 9, 162, 0, 4, 12, 34651 }, // U+2091
    { 10, 9, 166, 0, 4, 12, 34663 }, // U+2092
    { 10, 9, 156, 0, 4, 12, 34675 }, // U+2093
    { 10, 11, 177, 1, 5, 14, 34687 }, // U+2094
    { 9, 11, 169, 1, 6, 13, 34701 }, // U+2095
    { 9, 11, 155, 1, 6, 13, 34714 }, // U+2096
    { 3, 11, 77, 1, 6, 5, 34727 }, // U+2097
    { 13, 9, 244, 1, 4, 15, 34732 }, // U+2098
    { 9, 9, 169, 1, 4, 11, 34747 }, // U+2099
    { 9, 11, 170, 1, 4, 13, 34758 }, // U+209A
    { 9, 9, 151, 0, 4, 11, 34771 }, // U+209B
    { 6, 11, 98, 0, 6, 9, 34782 }, // U+209C
    { 16, 20, 288, 1, 19, 40, 34791 }, // U+20A0
    { 16, 24, 291, 1, 21, 48, 34831 }, // U+20A1
    { 16, 20, 289, 1, 19, 40, 34879 }, // U+20A2
    { 15, 19, 240, -1, 19, 36, 34919 }, // U+20A3
    { 13, 19, 242, 1, 19, 31, 34955 }, // U+20A4
    { 19, 18, 340, 1, 16, 43, 34986 }, // U+20A5
    { 19, 19, 305, 0, 19, 46, 35029 }, // U+20A6
    { 21, 20, 376, 2, 19, 53, 35075 }, // U+20A7
    { 25, 20, 444, 2, 19, 63, 35128 }, // U+20A8
    { 24, 19, 379, 0, 19, 57, 35191 }, // U+20A9
    { 17, 14, 323, 2, 14, 30, 35248 }, // U+20AA
    { 15, 25, 241, 1, 19, 47, 35278 }, // U+20AB
    { 16, 20, 264, 0, 19, 40, 35325 }, // U+20AC
    { 18, 19, 281, 0, 19, 43, 35365 }, // U+20AD
    { 14, 19, 255, 1, 19, 34, 35408 }, // U+20AE
    { 33, 27, 550, 1, 21, 112, 35442 }, // U+20AF
    { 16, 19, 263, 0, 19, 38, 35554 }, // U+20B1
    { 17, 24, 297, 1, 21, 51, 35592 }, // U+20B2
    { 17, 19, 273, 0, 19, 41, 35643 }, // U+20B3
    { 14, 20, 250, 1, 19, 35, 35684 }, // U+20B4
    { 16, 24, 291, 1, 21, 48, 35719 }, // U+20B5
    { 14, 19, 255, 1, 19, 34, 35767 }, // U+20B8
    { 13, 19, 214, 0, 19, 31, 35801 }, // U+20B9
    { 13, 20, 235, 1, 19, 33, 35832 }, // U+20BA
    { 16, 14, 288, 1, 14, 28, 35865 }, // U+20BC
    { 17, 19, 277, 0, 19, 41, 35893 }, // U+20BD
    { 16, 19, 287, 1, 19, 38, 35934 }, // U+20BE
    { 13, 24, 260, 2, 21, 39, 35972 }, // U+20BF
    { 19, 16, 379, 2, 16, 38, 36011 }, // U+2190
    { 17, 19, 331, 2, 19, 41, 36049 }, // U+2191
    { 19, 16, 379, 3, 16, 38, 36090 }, // U+2192
    { 17, 20, 331, 2, 19, 43, 36128 }, // U+2193
    { 29, 16, 534, 2, 16, 58, 36171 }, // U+2194
    { 17, 30, 331, 2, 23, 64, 36229 }, // U+2195
    { 15, 15, 306, 2, 14, 29, 36293 }, // U+2196
    { 15, 15, 306, 2, 14, 29, 36322 }, // U+2197
    { 15, 14, 306, 2, 14, 27, 36351 }, // U+2198
    { 15, 14, 306, 2, 14, 27, 36378 }, // U+2199
    { 25, 19, 455, 2, 19, 60, 36405 }, // U+21A9
    { 25, 19, 455, 2, 19, 60, 36465 }, // U+21AA
    { 21, 19, 392, 2, 19, 50, 36525 }, // U+21B0
    { 21, 19, 392, 2, 19, 50, 36575 }, // U+21B1
    { 13, 17, 328, 3, 17, 28, 36625 }, // U+21B2
    { 21, 17, 392, 2, 19, 45, 36653 }, // U+21B3
    { 17, 20, 330, 2, 19, 43, 36698 }, // U+21B4
    { 21, 17, 392, 2, 19, 45, 36741 }, // U+21B5
    { 21, 16, 328, 0, 17, 42, 36786 }, // U+21B6
    { 21, 16, 328, 0, 17, 42, 36828 }, // U+21B7
    { 19, 23, 379, 2, 23, 55, 36870 }, // U+21BA
    { 19, 23, 379, 2, 23, 55, 36925 }, // U+21BB
    { 19, 20, 328, 1, 19, 48, 36980 }, // U+21C4
    { 19, 20, 328, 1, 19, 48, 37028 }, // U+21C6
    { 19, 17, 379, 2, 16, 41, 37076 }, // U+21D0
    { 19, 17, 379, 3, 16, 41, 37117 }, // U+21D2
    { 29, 17, 534, 2, 16, 62, 37158 }, // U+21D4
    { 11, 19, 240, 2, 19, 27, 37220 }, // U+21DE
    { 11, 20, 240, 2, 19, 28, 37247 }, // U+21DF
    { 21, 12, 403, 2, 15, 32, 37275 }, // U+21E4
    { 21, 12, 403, 2, 15, 32, 37307 }, // U+21E5
    { 22, 20, 409, 2, 20, 55, 37339 }, // U+21E7
    { 22, 24, 409, 2, 20, 66, 37394 }, // U+21EA
    { 13, 20, 250, 1, 19, 33, 37460 }, // U+2202
    { 15, 16, 271, 1, 15, 30, 37493 }, // U+2205
    { 17, 19, 269, 0, 19, 41, 37523 }, // U+2206
    { 14, 22, 286, 2, 19, 39, 37564 }, // U+220F
    { 15, 23, 251, 0, 19, 44, 37603 }, // U+2211
    { 12, 3, 262, 2, 9, 5, 37647 }, // U+2212
    { 15, 17, 59, -6, 17, 32, 37652 }, // U+2215
    { 15, 19, 249, 0, 19, 36, 37684 }, // U+221A
    { 21, 11, 371, 1, 13, 29, 37720 }, // U+221E
    { 10, 26, 144, -1, 20, 33, 37749 }, // U+222B
    { 5, 15, 109, 1, 17, 10, 37782 }, // U+2236
    { 14, 11, 262, 1, 13, 20, 37792 }, // U+2248
    { 12, 14, 262, 2, 14, 21, 37812 }, // U+2260
    { 12, 14, 262, 2, 14, 21, 37833 }, // U+2264
    { 12, 14, 262, 2, 14, 21, 37854 }, // U+2265
    { 35, 35, 556, 0, 27, 154, 37875 }, // U+2295
    { 35, 35, 556, 0, 27, 154, 38029 }, // U+2296
    { 35, 35, 556, 0, 27, 154, 38183 }, // U+2297
    { 35, 35, 556, 0, 27, 154, 38337 }, // U+2298
    { 16, 15, 263, 0, 15, 30, 38491 }, // U+25CC
    { 13, 19, 227, 0, 19, 31, 38521 }, // U+FB01
    { 15, 19, 238, 0, 19, 36, 38552 }, // U+FB02
    { 24, 20, 397, 0, 11, 60, 38588 }, // U+FB56
    { 29, 18, 437, 0, 9, 66, 38648 }, // U+FB57
    { 7, 19, 120, -1, 11, 17, 38714 }, // U+FB58
    { 11, 16, 149, 0, 8, 22, 38731 }, // U+FB59
    { 24, 19, 397, 0, 18, 57, 38753 }, // U+FB66
    { 29, 19, 437, 0, 18, 69, 38810 }, // U+FB67
    { 7, 21, 108, 0, 20, 19, 38879 }, // U+FB68
    { 11, 18, 149, 0, 17, 25, 38898 }, // U+FB69
    { 16, 21, 264, 0, 11, 42, 38923 }, // U+FB7A
    { 20, 21, 288, 0, 11, 53, 38965 }, // U+FB7B
    { 14, 17, 236, 0, 9, 30, 39018 }, // U+FB7C
    { 18, 17, 255, 0, 9, 39, 39048 }, // U+FB7D
    { 11, 23, 191, 0, 22, 32, 39087 }, // U+FB88
    { 15, 23, 213, 0, 22, 44, 39119 }, // U+FB89
    { 9, 23, 147, -1, 17, 26, 39163 }, // U+FB8A
    { 13, 23, 158, -1, 17, 38, 39189 }, // U+FB8B
    { 10, 25, 147, -1, 19, 32, 39227 }, // U+FB8C
    { 13, 25, 158, -1, 19, 41, 39259 }, // U+FB8D
    { 23, 19, 351, 0, 18, 55, 39300 }, // U+FB8E
    { 26, 19, 390, 0, 18, 62, 39355 }, // U+FB8F
    { 11, 19, 165, 0, 18, 27, 39417 }, // U+FB90
    { 14, 19, 203, 0, 18, 34, 39444 }, // U+FB91
    { 23, 22, 351, 0, 21, 64, 39478 }, // U+FB92
    { 26, 22, 390, 0, 21, 72, 39542 }, // U+FB93
    { 11, 22, 165, 0, 21, 31, 39614 }, // U+FB94
    { 14, 22, 203, 0, 21, 39, 39645 }, // U+FB95
    { 16, 14, 274, 0, 8, 28, 39684 }, // U+FB9E
    { 20, 14, 292, 0, 8, 35, 39712 }, // U+FB9F
    { 10, 12, 162, 0, 12, 15, 39747 }, // U+FBA6
    { 14, 10, 192, 0, 9, 18, 39762 }, // U+FBA7
    { 6, 16, 108, 0, 11, 12, 39780 }, // U+FBA8
    { 13, 11, 175, 0, 4, 18, 39792 }, // U+FBA9
    { 16, 14, 269, 0, 13, 28, 39810 }, // U+FBAA
    { 17, 17, 246, 0, 11, 37, 39838 }, // U+FBAB
    { 14, 14, 230, 0, 13, 25, 39875 }, // U+FBAC
    { 14, 17, 203, 0, 11, 30, 39900 }, // U+FBAD
    { 23, 13, 377, 0, 12, 38, 39930 }, // U+FBAE
    { 15, 9, 220, 0, 2, 17, 39968 }, // U+FBAF
    { 23, 19, 377, 0, 18, 55, 39985 }, // U+FBB0
    { 15, 16, 220, 0, 9, 30, 40040 }, // U+FBB1
    { 19, 17, 304, 0, 11, 41, 40070 }, // U+FBFC
    { 20, 11, 294, 0, 5, 28, 40111 }, // U+FBFD
    { 7, 16, 120, -1, 11, 14, 40139 }, // U+FBFE
    { 11, 13, 149, 0, 8, 18, 40153 }, // U+FBFF
    { 10, 11, 164, 0, 9, 14, 40171 }, // U+FE80
    { 9, 21, 94, -2, 21, 24, 40185 }, // U+FE81
    { 11, 24, 116, -2, 23, 33, 40209 }, // U+FE82
    { 6, 24, 94, 0, 24, 18, 40242 }, // U+FE83
    { 9, 27, 116, 0, 26, 31, 40260 }, // U+FE84
    { 9, 22, 179, 1, 16, 25, 40291 }, // U+FE85
    { 13, 23, 189, 1, 17, 38, 40316 }, // U+FE86
    { 6, 26, 95, 1, 18, 20, 40354 }, // U+FE87
    { 8, 26, 116, 1, 18, 26, 40374 }, // U+FE88
    { 19, 18, 304, 0, 12, 43, 40400 }, // U+FE89
    { 20, 18, 294, 0, 12, 45, 40443 }, // U+FE8A
    { 6, 19, 108, 0, 18, 15, 40488 }, // U+FE8B
    { 10, 16, 137, 0, 15, 20, 40503 }, // U+FE8C
    { 4, 18, 95, 1, 18, 9, 40523 }, // U+FE8D
    { 8, 19, 116, 1, 18, 19, 40532 }, // U+FE8E
    { 24, 17, 397, 0, 11, 51, 40551 }, // U+FE8F
    { 29, 15, 437, 0, 9, 55, 40602 }, // U+FE90
    { 6, 16, 108, 0, 11, 12, 40657 }, // U+FE91
    { 10, 13, 137, 0, 8, 17, 40669 }, // U+FE92
    { 10, 17, 162, 0, 17, 22, 40686 }, // U+FE93
    { 14, 20, 194, 0, 19, 35, 40708 }, // U+FE94
    { 24, 14, 397, 0, 13, 42, 40743 }, // U+FE95
    { 29, 14, 437, 0, 13, 51, 40785 }, // U+FE96
    { 7, 17, 108, 0, 16, 15, 40836 }, // U+FE97
    { 11, 14, 149, 0, 13, 20, 40851 }, // U+FE98
    { 24, 17, 397, 0, 16, 51, 40871 }, // U+FE99
    { 29, 17, 437, 0, 16, 62, 40922 }, // U+FE9A
    { 7, 20, 108, 0, 19, 18, 40984 }, // U+FE9B
    { 11, 17, 149, 0, 16, 24, 41002 }, // U+FE9C
    { 15, 21, 256, 0, 11, 40, 41026 }, // U+FE9D
    { 18, 21, 260, 0, 11, 48, 41066 }, // U+FE9E
    { 14, 14, 236, 0, 9, 25, 41114 }, // U+FE9F
    { 18, 14, 255, 0, 9, 32, 41139 }, // U+FEA0
    { 15, 21, 256, 0, 11, 40, 41171 }, // U+FEA1
    { 18, 21, 260, 0, 11, 48, 41211 }, // U+FEA2
    { 14, 10, 236, 0, 9, 18, 41259 }, // U+FEA3
    { 18, 10, 255, 0, 9, 23, 41277 }, // U+FEA4
    { 15, 26, 256, 0, 16, 49, 41300 }, // U+FEA5
    { 18, 26, 260, 0, 16, 59, 41349 }, // U+FEA6
    { 14, 15, 236, 0, 14, 27, 41408 }, // U+FEA7
    { 18, 15, 255, 0, 14, 34, 41435 }, // U+FEA8
    { 11, 13, 191, 0, 12, 18, 41469 }, // U+FEA9
    { 15, 13, 213, 0, 12, 25, 41487 }, // U+FEAA
    { 11, 18, 191, 0, 17, 25, 41512 }, // U+FEAB
    { 15, 18, 213, 0, 17, 34, 41537 }, // U+FEAC
    { 9, 15, 147, -1, 9, 17, 41571 }, // U+FEAD
    { 13, 15, 158, -1, 9, 25, 41588 }, // U+FEAE
    { 9, 20, 147, -1, 14, 23, 41613 }, // U+FEAF
    { 13, 20, 158, -1, 14, 33, 41636 }, // U+FEB0
    { 29, 17, 484, 0, 11, 62, 41669 }, // U+FEB1
    { 33, 15, 508, 0, 9, 62, 41731 }, // U+FEB2
    { 19, 12, 314, 0, 11, 29, 41793 }, // U+FEB3
    { 23, 10, 340, 0, 9, 29, 41822 }, // U+FEB4
    { 29, 23, 484, 0, 17, 84, 41851 }, // U+FEB5
    { 33, 23, 508, 0, 17, 95, 41935 }, // U+FEB6
    { 19, 18, 314, 0, 17, 43, 42030 }, // U+FEB7
    { 23, 18, 340, 0, 17, 52, 42073 }, // U+FEB8
    { 32, 16, 522, 0, 10, 64, 42125 }, // U+FEB9
    { 36, 16, 541, 0, 10, 72, 42189 }, // U+FEBA
    { 22, 11, 361, 0, 10, 31, 42261 }, // U+FEBB
    { 25, 11, 380, 0, 10, 35, 42292 }, // U+FEBC
    { 32, 21, 522, 0, 15, 84, 42327 }, // U+FEBD
    { 36, 21, 541, 0, 15, 95, 42411 }, // U+FEBE
    { 22, 16, 361, 0, 15, 44, 42506 }, // U+FEBF
    { 25, 16, 380, 0, 15, 50, 42550 }, // U+FEC0
    { 19, 19, 315, 0, 18, 46, 42600 }, // U+FEC1
    { 23, 19, 332, 0, 18, 55, 42646 }, // U+FEC2
    { 16, 19, 271, 0, 18, 38, 42701 }, // U+FEC3
    { 19, 19, 284, 0, 18, 46, 42739 }, // U+FEC4
    { 19, 19, 315, 0, 18, 46, 42785 }, // U+FEC5
    { 23, 19, 332, 0, 18, 55, 42831 }, // U+FEC6
    { 16, 19, 271, 0, 18, 38, 42886 }, // U+FEC7
    { 19, 19, 284, 0, 18, 46, 42924 }, // U+FEC8
    { 15, 23, 203, 0, 13, 44, 42970 }, // U+FEC9
    { 15, 21, 212, 0, 11, 40, 43014 }, // U+FECA
    { 12, 12, 201, 0, 11, 18, 43054 }, // U+FECB
    { 15, 12, 208, 0, 11, 23, 43072 }, // U+FECC
    { 15, 28, 203, 0, 18, 53, 43095 }, // U+FECD
    { 15, 26, 212, 0, 16, 49, 43148 }, // U+FECE
    { 12, 17, 201, 0, 16, 26, 43197 }, // U+FECF
    { 15, 17, 208, 0, 16, 32, 43223 }, // U+FED0
    { 24, 19, 393, 0, 18, 57, 43255 }, // U+FED1
    { 29, 17, 439, 0, 16, 62, 43312 }, // U+FED2
    { 11, 19, 179, 0, 18, 27, 43374 }, // U+FED3
    { 14, 17, 198, 0, 16, 30, 43401 }, // U+FED4
    { 19, 21, 310, 0, 16, 50, 43431 }, // U+FED5
    { 22, 21, 323, 0, 14, 58, 43481 }, // U+FED6
    { 11, 19, 179, 0, 18, 27, 43539 }, // U+FED7
    { 14, 17, 198, 0, 16, 30, 43566 }, // U+FED8
    { 21, 19, 353, 0, 18, 50, 43596 }, // U+FED9
    { 25, 19, 369, 0, 18, 60, 43646 }, // U+FEDA
    { 11, 19, 165, 0, 18, 27, 43706 }, // U+FEDB
    { 14, 19, 203, 0, 18, 34, 43733 }, // U+FEDC
    { 16, 24, 278, 0, 18, 48, 43767 }, // U+FEDD
    { 20, 24, 292, 0, 18, 60, 43815 }, // U+FEDE
    { 6, 19, 104, 0, 18, 15, 43875 }, // U+FEDF
    { 9, 19, 120, 0, 18, 22, 43890 }, // U+FEE0
    { 12, 20, 194, 0, 10, 30, 43912 }, // U+FEE1
    { 16, 20, 225, 0, 10, 40, 43942 }, // U+FEE2
    { 12, 10, 210, 0, 9, 15, 43982 }, // U+FEE3
    { 16, 11, 231, 0, 10, 22, 43997 }, // U+FEE4
    { 16, 19, 274, 0, 13, 38, 44019 }, // U+FEE5
    { 20, 19, 292, 0, 13, 48, 44057 }, // U+FEE6
    { 6, 17, 108, 0, 16, 13, 44105 }, // U+FEE7
    { 10, 14, 137, 0, 13, 18, 44118 }, // U+FEE8
    { 10, 12, 162, 0, 12, 15, 44136 }, // U+FEE9
    { 14, 14, 194, 0, 13, 25, 44151 }, // U+FEEA
    { 14, 14, 230, 0, 13, 25, 44176 }, // U+FEEB
    { 14, 17, 203, 0, 11, 30, 44201 }, // U+FEEC
    { 9, 15, 179, 1, 9, 17, 44231 }, // U+FEED
    { 13, 15, 189, 1, 9, 25, 44248 }, // U+FEEE
    { 19, 17, 304, 0, 11, 41, 44273 }, // U+FEEF
    { 20, 11, 294, 0, 5, 28, 44314 }, // U+FEF0
    { 19, 22, 304, 0, 11, 53, 44342 }, // U+FEF1
    { 20, 16, 294, 0, 5, 40, 44395 }, // U+FEF2
    { 7, 16, 120, -1, 11, 14, 44435 }, // U+FEF3
    { 11, 13, 149, 0, 8, 18, 44449 }, // U+FEF4
    { 15, 19, 233, -2, 19, 36, 44467 }, // U+FEF5
    { 19, 20, 240, -2, 19, 48, 44503 }, // U+FEF6
    { 14, 22, 233, -1, 22, 39, 44551 }, // U+FEF7
    { 17, 23, 240, 0, 22, 49, 44590 }, // U+FEF8
    { 12, 26, 233, 1, 18, 39, 44639 }, // U+FEF9
    { 16, 26, 240, 1, 18, 52, 44678 }, // U+FEFA
    { 12, 18, 233, 1, 18, 27, 44730 }, // U+FEFB
    { 16, 19, 240, 1, 18, 38, 44757 }, // U+FEFC
    { 11, 20, 240, 2, 19, 28, 44795 }, // U+F0000
    { 0, 0, 104, 0, 0, 0, 44823 }, // U+F0001
    { 20, 16, 306, 0, 16, 40, 44823 }, // U+F0002
    { 26, 16, 409, 0, 16, 52, 44863 }, // U+F0003
    { 13, 21, 196, 0, 16, 35, 44915 }, // U+F0004
    { 13, 28, 196, 0, 23, 46, 44950 }, // U+F0005
    { 15, 16, 219, 0, 16, 30, 44996 }, // U+F0006
    { 20, 17, 314, 0, 16, 43, 45026 }, // U+F0007
    { 22, 17, 341, 0, 16, 47, 45069 }, // U+F0008
    { 22, 20, 341, 0, 16, 55, 45116 }, // U+F0009
    { 18, 19, 280, 0, 16, 43, 45171 }, // U+F000A
    { 19, 22, 280, 0, 16, 53, 45214 }, // U+F000B
    { 15, 19, 221, 0, 16, 36, 45267 }, // U+F000C
    { 15, 27, 221, 0, 24, 51, 45303 }, // U+F000D
    { 26, 24, 409, 0, 24, 78, 45354 }, // U+F000E
    { 26, 24, 409, 0, 24, 78, 45432 }, // U+F000F
    { 20, 23, 306, 0, 23, 58, 45510 }, // U+F0010
    { 15, 26, 221, 0, 23, 49, 45568 }, // U+F0011
    { 26, 23, 409, 0, 23, 75, 45617 }, // U+F0012
    { 20, 23, 306, 0, 23, 58, 45692 }, // U+F0013
    { 15, 26, 221, 0, 23, 49, 45750 }, // U+F0014
    { 26, 23, 409, 0, 23, 75, 45799 }, // U+F0015
    { 20, 21, 306, 0, 16, 53, 45874 }, // U+F0016
    { 20, 23, 306, 0, 16, 58, 45927 }, // U+F0017
    { 20, 21, 306, 0, 21, 53, 45985 }, // U+F0018
    { 26, 21, 409, 0, 21, 69, 46038 }, // U+F0019
    { 26, 24, 409, 0, 24, 78, 46107 }, // U+F001A
    { 7, 16, 104, 0, 16, 14, 46185 }, // U+F001B
    { 19, 23, 104, 0, 23, 55, 46199 }, // U+F001C
    { 13, 23, 104, -6, 23, 38, 46254 }, // U+F001D
    { 13, 8, 0, -12, 1, 13, 46292 }, // U+F001E
    { 13, 8, 0, -9, 1, 13, 46305 }, // U+F001F
    { 8, 8, 0, -7, 1, 8, 46318 }, // U+F0020
    { 9, 11, 0, -7, 0, 13, 46326 }, // U+F0021
    { 14, 11, 0, -11, 1, 20, 46339 }, // U+F0022
    { 15, 12, 0, -11, 1, 23, 46359 }, // U+F0023
    { 9, 8, 0, -11, 24, 9, 46382 }, // U+F0024
    { 9, 8, 0, -11, 24, 9, 46391 }, // U+F0025
    { 11, 24, 104, -4, 24, 33, 46400 }, // U+F0026
    { 12, 24, 104, -5, 24, 36, 46433 }, // U+F0027
    { 11, 6, 0, -9, 23, 9, 46469 }, // U+F0028
    { 10, 23, 104, -3, 23, 29, 46478 }, // U+F0029
    { 10, 8, 0, -12, 23, 10, 46507 }, // U+F002A
    { 13, 23, 104, -6, 23, 38, 46517 }, // U+F002B
    { 10, 4, 0, -12, -1, 5, 46555 }, // U+F002C
    { 11, 7, 0, -12, 0, 10, 46560 }, // U+F002D
    { 3, 6, 0, -5, 21, 3, 46570 }, // U+F002E
    { 7, 21, 104, 0, 21, 19, 46573 }, // U+F002F
    { 11, 9, 0, -12, 24, 13, 46592 }, // U+F0030
    { 13, 24, 104, -6, 24, 39, 46605 }, // U+F0031
    { 6, 16, 109, 2, 16, 12, 46644 }, // U+F0032
    { 10, 7, 0, -9, 23, 9, 46656 }, // U+F0033
    { 20, 16, 307, 0, 16, 40, 46665 }, // U+F0034
    { 21, 16, 327, 0, 16, 42, 46705 }, // U+F0035
    { 15, 16, 225, 0, 16, 30, 46747 }, // U+F0036
    { 16, 16, 236, 0, 16, 32, 46777 }, // U+F0037
    { 18, 16, 255, -1, 16, 36, 46809 }, // U+F0038
    { 17, 16, 254, 0, 16, 34, 46845 }, // U+F0039
    { 18, 16, 280, 0, 16, 36, 46879 }, // U+F003A
    { 19, 16, 297, 0, 16, 38, 46915 }, // U+F003B
    { 20, 21, 302, 0, 16, 53, 46953 }, // U+F003C
    { 19, 16, 297, 0, 16, 38, 47006 }, // U+F003D
    { 13, 16, 202, 0, 16, 26, 47044 }, // U+F003E
    { 15, 16, 232, 0, 16, 30, 47070 }, // U+F003F
    { 15, 16, 214, -1, 16, 30, 47100 }, // U+F0040
    { 15, 16, 225, 0, 16, 30, 47130 }, // U+F0041
    { 19, 16, 289, 0, 16, 38, 47160 }, // U+F0042
    { 15, 17, 228, 0, 16, 32, 47198 }, // U+F0043
    { 16, 16, 256, 1, 16, 32, 47230 }, // U+F0044
    { 14, 18, 212, 0, 16, 32, 47262 }, // U+F0045
    { 15, 16, 246, 1, 16, 30, 47294 }, // U+F0046
    { 15, 16, 222, 0, 16, 30, 47324 }, // U+F0047
    { 15, 16, 227, 0, 16, 30, 47354 }, // U+F0048
    { 20, 16, 308, 0, 16, 40, 47384 }, // U+F0049
    { 15, 16, 228, 0, 16, 30, 47424 }, // U+F004A
    { 17, 16, 281, 1, 16, 34, 47454 }, // U+F004B
    { 16, 16, 239, 0, 16, 32, 47488 }, // U+F004C
    { 15, 16, 232, 0, 16, 30, 47520 }, // U+F004D
    { 11, 17, 164, 0, 16, 24, 47550 }, // U+F004E
    { 18, 17, 271, 0, 16, 39, 47574 }, // U+F004F
    { 15, 16, 222, 0, 16, 30, 47613 }, // U+F0050
    { 18, 17, 272, 0, 16, 39, 47643 }, // U+F0051
    { 15, 16, 231, 0, 16, 30, 47682 }, // U+F0052
    { 18, 17, 270, 0, 16, 39, 47712 }, // U+F0053
    { 14, 20, 212, 0, 16, 35, 47751 }, // U+F0054
    { 20, 16, 304, 0, 16, 40, 47786 }, // U+F0055
    { 18, 19, 287, 1, 16, 43, 47826 }, // U+F0056
    { 17, 18, 256, 0, 16, 39, 47869 }, // U+F0057
    { 15, 16, 226, 0, 16, 30, 47908 }, // U+F0058
    { 19, 16, 297, 0, 16, 38, 47938 }, // U+F0059
    { 15, 16, 216, -1, 16, 30, 47976 }, // U+F005A
    { 15, 16, 228, 0, 16, 30, 48006 }, // U+F005B
    { 19, 18, 297, 0, 16, 43, 48036 }, // U+F005C
    { 15, 16, 232, 0, 16, 30, 48079 }, // U+F005D
    { 15, 17, 222, 0, 16, 32, 48109 }, // U+F005E
    { 23, 16, 370, 1, 16, 46, 48141 }, // U+F005F
    { 4, 3, 0, -5, 21, 2, 48187 }, // U+F0060
    { 11, 6, 0, -9, 23, 9, 48189 }, // U+F0061
    { 6, 15, 81, 0, 16, 12, 48198 }, // U+F0062
    { 9, 7, 0, -5, 0, 8, 48210 }, // U+F0063
    { 4, 3, 0, -9, -2, 2, 48218 }, // U+F0064
    { 11, 16, 187, 0, 16, 22, 48220 }, // U+F0065
    { 10, 16, 188, 1, 16, 20, 48242 }, // U+F0066
    { 4, 4, 127, 2, 17, 2, 48262 }, // U+F0067
    { 3, 6, 0, -5, 22, 3, 48264 }, // U+F0068
    { 10, 3, 0, -12, -1, 4, 48267 }, // U+F0069
    { 5, 5, 0, -7, 22, 4, 48271 }, // U+F006A
    { 5, 5, 0, -5, 22, 4, 48275 }, // U+F006B
    { 11, 6, 0, -9, 24, 9, 48279 }, // U+F006C
    { 11, 12, 208, 1, 14, 17, 48288 }, // U+F006D
    { 9, 17, 208, 2, 16, 20, 48305 }, // U+F006E
    { 11, 17, 208, 1, 16, 24, 48325 }, // U+F006F
    { 11, 19, 208, 1, 16, 27, 48349 }, // U+F0070
    { 11, 17, 208, 1, 17, 24, 48376 }, // U+F0071
    { 11, 17, 208, 1, 17, 24, 48400 }, // U+F0072
    { 11, 19, 208, 1, 16, 27, 48424 }, // U+F0073
    { 12, 16, 208, 0, 17, 24, 48451 }, // U+F0074
    { 11, 16, 208, 1, 16, 22, 48475 }, // U+F0075
    { 9, 17, 208, 2, 16, 20, 48497 }, // U+F0076
    { 11, 19, 208, 1, 16, 27, 48517 }, // U+F0077
    { 11, 15, 208, 1, 15, 21, 48544 }, // U+F0078
    { 12, 17, 208, 1, 17, 26, 48565 }, // U+F0079
    { 22, 21, 365, 0, 22, 58, 48591 }, // U+F007A
    { 9, 8, 170, 1, 15, 9, 48649 }, // U+F007B
    { 3, 16, 152, 4, 16, 6, 48658 }, // U+F007C
    { 9, 16, 240, 4, 16, 18, 48664 }, // U+F007D
    { 20, 17, 307, 0, 16, 43, 48682 }, // U+F007E
    { 21, 17, 327, 0, 16, 45, 48725 }, // U+F007F
    { 15, 17, 225, 0, 16, 32, 48770 }, // U+F0080
    { 19, 19, 297, 0, 16, 46, 48802 }, // U+F0081
    { 15, 21, 214, -1, 16, 40, 48848 }, // U+F0082
    { 15, 21, 225, 0, 16, 40, 48888 }, // U+F0083
    { 15, 17, 222, 0, 16, 32, 48928 }, // U+F0084
    { 20, 17, 308, 0, 16, 43, 48960 }, // U+F0085
    { 15, 17, 232, 0, 16, 32, 49003 }, // U+F0086
    { 11, 17, 164, 0, 16, 24, 49035 }, // U+F0087
    { 20, 20, 304, 0, 16, 50, 49059 }, // U+F0088
    { 17, 16, 244, 0, 16, 34, 49109 }, // U+F0089
    { 18, 16, 259, 0, 16, 36, 49143 }, // U+F008A
    { 8, 12, 112, 0, 16, 12, 49179 }, // U+F008B
    { 12, 14, 140, 0, 16, 21, 49191 }, // U+F008C
    { 13, 14, 158, 0, 16, 23, 49212 }, // U+F008D
    { 18, 16, 280, 0, 16, 36, 49235 }, // U+F008E
    { 15, 14, 229, 0, 16, 27, 49271 }, // U+F008F
    { 15, 21, 199, 0, 16, 40, 49298 }, // U+F0090
    { 15, 13, 212, 0, 16, 25, 49338 }, // U+F0091
    { 13, 13, 190, 0, 16, 22, 49363 }, // U+F0092
    { 10, 17, 140, 0, 16, 22, 49385 }, // U+F0093
    { 12, 14, 154, 1, 16, 21, 49407 }, // U+F0094
    { 12, 14, 150, 1, 16, 21, 49428 }, // U+F0095
    { 10, 11, 143, 0, 16, 14, 49449 }, // U+F0096
    { 11, 13, 123, 0, 16, 18, 49463 }, // U+F0097
    { 17, 16, 245, 0, 16, 34, 49481 }, // U+F0098
    { 12, 14, 160, 0, 16, 21, 49515 }, // U+F0099
    { 13, 13, 176, 1, 16, 22, 49536 }, // U+F009A
    { 11, 12, 140, 0, 16, 17, 49558 }, // U+F009B
    { 12, 13, 131, 0, 16, 20, 49575 }, // U+F009C
    { 14, 17, 200, 0, 16, 30, 49595 }, // U+F009D
    { 12, 14, 157, 0, 16, 21, 49625 }, // U+F009E
    { 10, 17, 170, 0, 16, 22, 49646 }, // U+F009F
    { 12, 13, 150, 0, 16, 20, 49668 }, // U+F00A0
    { 13, 17, 156, 0, 16, 28, 49688 }, // U+F00A1
    { 13, 20, 181, 0, 16, 33, 49716 }, // U+F00A2
    { 19, 16, 296, 0, 16, 38, 49749 }, // U+F00A3
    { 19, 16, 306, 1, 16, 38, 49787 }, // U+F00A4
    { 14, 19, 186, 1, 16, 34, 49825 }, // U+F00A5
    { 13, 18, 167, 0, 16, 30, 49859 }, // U+F00A6
    { 8, 16, 112, 0, 16, 16, 49889 }, // U+F00A7
    { 15, 16, 229, 0, 16, 30, 49905 }, // U+F00A8
    { 12, 16, 160, 0, 16, 24, 49935 }, // U+F00A9
    { 15, 18, 229, 0, 16, 34, 49959 }, // U+F00AA
    { 12, 13, 131, 0, 16, 20, 49993 }, // U+F00AB
    { 17, 17, 244, 0, 16, 37, 50013 }, // U+F00AC
    { 18, 17, 259, 0, 16, 39, 50050 }, // U+F00AD
    { 8, 17, 112, 0, 16, 17, 50089 }, // U+F00AE
    { 12, 17, 140, 0, 16, 26, 50106 }, // U+F00AF
    { 13, 17, 158, 0, 16, 28, 50132 }, // U+F00B0
    { 18, 21, 280, 0, 16, 48, 50160 }, // U+F00B1
    { 15, 19, 229, 0, 16, 36, 50208 }, // U+F00B2
    { 15, 21, 199, 0, 16, 40, 50244 }, // U+F00B3
    { 15, 18, 216, 0, 16, 34, 50284 }, // U+F00B4
    { 13, 17, 187, 0, 16, 28, 50318 }, // U+F00B5
    { 10, 21, 140, 0, 16, 27, 50346 }, // U+F00B6
    { 12, 17, 156, 1, 16, 26, 50373 }, // U+F00B7
    { 12, 17, 145, 1, 16, 26, 50399 }, // U+F00B8
    { 10, 17, 143, 0, 16, 22, 50425 }, // U+F00B9
    { 11, 17, 123, 0, 16, 24, 50447 }, // U+F00BA
    { 17, 17, 245, 0, 16, 37, 50471 }, // U+F00BB
    { 12, 17, 160, 0, 16, 26, 50508 }, // U+F00BC
    { 13, 17, 176, 1, 16, 28, 50534 }, // U+F00BD
    { 11, 17, 140, 0, 16, 24, 50562 }, // U+F00BE
    { 12, 17, 131, 0, 16, 26, 50586 }, // U+F00BF
    { 14, 21, 200, 0, 16, 37, 50612 }, // U+F00C0
    { 12, 17, 157, 0, 16, 26, 50649 }, // U+F00C1
    { 10, 17, 163, 0, 16, 22, 50675 }, // U+F00C2
    { 12, 17, 150, 0, 16, 26, 50697 }, // U+F00C3
    { 13, 17, 156, 0, 16, 28, 50723 }, // U+F00C4
    { 13, 22, 173, 0, 16, 36, 50751 }, // U+F00C5
    { 19, 20, 296, 0, 16, 48, 50787 }, // U+F00C6
    { 19, 17, 306, 1, 16, 41, 50835 }, // U+F00C7
    { 20, 17, 307, 0, 16, 43, 50876 }, // U+F00C8
    { 21, 19, 328, 0, 16, 50, 50919 }, // U+F00C9
    { 15, 17, 226, 0, 16, 32, 50969 }, // U+F00CA
    { 16, 17, 236, 0, 16, 34, 51001 }, // U+F00CB
    { 17, 17, 254, 0, 16, 37, 51035 }, // U+F00CC
    { 20, 17, 299, 0, 16, 43, 51072 }, // U+F00CD
    { 21, 21, 327, 0, 16, 56, 51115 }, // U+F00CE
    { 20, 17, 309, 0, 16, 43, 51171 }, // U+F00CF
    { 19, 17, 289, 0, 16, 41, 51214 }, // U+F00D0
    { 15, 16, 221, 0, 16, 30, 51255 }, // U+F00D1
    { 16, 17, 256, 1, 16, 34, 51285 }, // U+F00D2
    { 14, 18, 212, 0, 16, 32, 51319 }, // U+F00D3
    { 15, 18, 246, 1, 16, 34, 51351 }, // U+F00D4
    { 15, 17, 222, 0, 16, 32, 51385 }, // U+F00D5
    { 15, 17, 228, 0, 16, 32, 51417 }, // U+F00D6
    { 20, 17, 308, 0, 16, 43, 51449 }, // U+F00D7
    { 15, 17, 228, 0, 16, 32, 51492 }, // U+F00D8
    { 17, 17, 281, 1, 16, 37, 51524 }, // U+F00D9
    { 16, 17, 239, 0, 16, 34, 51561 }, // U+F00DA
    { 15, 17, 232, 0, 16, 32, 51595 }, // U+F00DB
    { 18, 17, 276, 0, 16, 39, 51627 }, // U+F00DC
    { 15, 17, 222, 0, 16, 32, 51666 }, // U+F00DD
    { 19, 16, 283, 0, 16, 38, 51698 }, // U+F00DE
    { 15, 17, 231, 0, 16, 32, 51736 }, // U+F00DF
    { 18, 17, 274, 0, 16, 39, 51768 }, // U+F00E0
    { 14, 20, 212, 0, 16, 35, 51807 }, // U+F00E1
    { 23, 17, 370, 1, 16, 49, 51842 }, // U+F00E2
    { 15, 18, 226, 0, 16, 34, 51891 }, // U+F00E3
    { 20, 18, 299, 0, 16, 45, 51925 }, // U+F00E4
    { 15, 19, 228, 0, 16, 36, 51970 }, // U+F00E5
    { 18, 19, 297, 1, 16, 43, 52006 }, // U+F00E6
    { 19, 18, 285, 0, 16, 43, 52049 }, // U+F00E7
    { 19, 18, 293, 0, 16, 43, 52092 }, // U+F00E8
    { 15, 17, 232, 0, 16, 32, 52135 }, // U+F00E9
    { 20, 16, 306, 0, 16, 40, 52167 }, // U+F00EA
    { 20, 20, 307, 0, 16, 50, 52207 }, // U+F00EB
    { 22, 19, 327, -1, 16, 53, 52257 }, // U+F00EC
    { 15, 21, 226, 0, 16, 40, 52310 }, // U+F00ED
    { 16, 20, 236, 0, 16, 40, 52350 }, // U+F00EE
    { 17, 20, 254, 0, 16, 43, 52390 }, // U+F00EF
    { 20, 17, 299, 0, 16, 43, 52433 }, // U+F00F0
    { 21, 21, 327, 0, 16, 56, 52476 }, // U+F00F1
    { 20, 17, 309, 0, 16, 43, 52532 }, // U+F00F2
    { 19, 17, 289, 0, 16, 41, 52575 }, // U+F00F3
    { 15, 19, 221, 0, 16, 36, 52616 }, // U+F00F4
    { 16, 20, 256, 1, 16, 40, 52652 }, // U+F00F5
    { 14, 21, 212, 0, 16, 37, 52692 }, // U+F00F6
    { 15, 20, 246, 1, 16, 38, 52729 }, // U+F00F7
    { 15, 21, 222, 0, 16, 40, 52767 }, // U+F00F8
    { 15, 20, 228, 0, 16, 38, 52807 }, // U+F00F9
    { 20, 20, 308, 0, 16, 50, 52845 }, // U+F00FA
    { 15, 20, 228, 0, 16, 38, 52895 }, // U+F00FB
    { 17, 21, 281, 1, 16, 45, 52933 }, // U+F00FC
    { 16, 21, 239, 0, 16, 42, 52978 }, // U+F00FD
    { 15, 20, 232, 0, 16, 38, 53020 }, // U+F00FE
    { 18, 20, 276, 0, 16, 45, 53058 }, // U+F00FF
    { 15, 20, 222, 0, 16, 38, 53103 }, // U+F0100
    { 19, 20, 283, 0, 16, 48, 53141 }, // U+F0101
    { 15, 20, 231, 0, 16, 38, 53189 }, // U+F0102
    { 18, 17, 274, 0, 16, 39, 53227 }, // U+F0103
    { 14, 21, 212, 0, 16, 37, 53266 }, // U+F0104
    { 23, 21, 370, 1, 16, 61, 53303 }, // U+F0105
    { 17, 17, 244, 0, 16, 37, 53364 }, // U+F0106
    { 17, 20, 259, 0, 16, 43, 53401 }, // U+F0107
    { 11, 17, 134, 0, 16, 24, 53444 }, // U+F0108
    { 12, 17, 140, 0, 16, 26, 53468 }, // U+F0109
    { 13, 17, 158, 0, 16, 28, 53494 }, // U+F010A
    { 18, 22, 280, 0, 16, 50, 53522 }, // U+F010B
    { 17, 17, 242, 0, 16, 37, 53572 }, // U+F010C
    { 18, 21, 259, 0, 16, 48, 53609 }, // U+F010D
    { 17, 17, 240, 0, 16, 37, 53657 }, // U+F010E
    { 15, 17, 198, 0, 16, 32, 53694 }, // U+F010F
    { 11, 15, 153, 0, 16, 21, 53726 }, // U+F0110
    { 12, 17, 156, 1, 16, 26, 53747 }, // U+F0111
    { 12, 18, 145, 1, 16, 27, 53773 }, // U+F0112
    { 11, 17, 154, 0, 16, 24, 53800 }, // U+F0113
    { 11, 17, 123, 0, 16, 24, 53824 }, // U+F0114
    { 17, 17, 245, 0, 16, 37, 53848 }, // U+F0115
    { 12, 17, 160, 0, 16, 26, 53885 }, // U+F0116
    { 14, 17, 213, 1, 16, 30, 53911 }, // U+F0117
    { 12, 17, 171, 0, 16, 26, 53941 }, // U+F0118
    { 12, 17, 131, 0, 16, 26, 53967 }, // U+F0119
    { 15, 17, 200, 0, 16, 32, 53993 }, // U+F011A
    { 12, 17, 157, 0, 16, 26, 54025 }, // U+F011B
    { 14, 16, 215, 0, 16, 28, 54051 }, // U+F011C
    { 12, 17, 150, 0, 16, 26, 54079 }, // U+F011D
    { 15, 17, 222, 0, 16, 32, 54105 }, // U+F011E
    { 19, 21, 296, 0, 16, 50, 54137 }, // U+F011F
    { 11, 18, 117, 0, 16, 25, 54187 }, // U+F0120
    { 16, 18, 203, 0, 16, 36, 54212 }, // U+F0121
    { 11, 19, 136, 0, 16, 27, 54248 }, // U+F0122
    { 15, 19, 234, 1, 16, 36, 54275 }, // U+F0123
    { 15, 18, 219, 0, 16, 34, 54311 }, // U+F0124
    { 17, 18, 242, 0, 16, 39, 54345 }, // U+F0125
    { 11, 17, 131, 0, 16, 24, 54384 }, // U+F0126
    { 17, 20, 244, 0, 16, 43, 54408 }, // U+F0127
    { 17, 20, 259, 0, 16, 43, 54451 }, // U+F0128
    { 11, 21, 134, 0, 16, 29, 54494 }, // U+F0129
    { 12, 20, 140, 0, 16, 30, 54523 }, // U+F012A
    { 13, 20, 158, 0, 16, 33, 54553 }, // U+F012B
    { 17, 20, 242, 0, 16, 43, 54586 }, // U+F012C
    { 18, 21, 259, 0, 16, 48, 54629 }, // U+F012D
    { 17, 17, 240, 0, 16, 37, 54677 }, // U+F012E
    { 15, 17, 198, 0, 16, 32, 54714 }, // U+F012F
    { 11, 19, 153, 0, 16, 27, 54746 }, // U+F0130
    { 12, 20, 156, 1, 16, 30, 54773 }, // U+F0131
    { 12, 20, 145, 1, 16, 30, 54803 }, // U+F0132
    { 11, 21, 154, 0, 16, 29, 54833 }, // U+F0133
    { 11, 20, 123, 0, 16, 28, 54862 }, // U+F0134
    { 17, 20, 245, 0, 16, 43, 54890 }, // U+F0135
    { 12, 20, 160, 0, 16, 30, 54933 }, // U+F0136
    { 14, 21, 213, 1, 16, 37, 54963 }, // U+F0137
    { 12, 21, 171, 0, 16, 32, 55000 }, // U+F0138
    { 12, 20, 131, 0, 16, 30, 55032 }, // U+F0139
    { 15, 21, 200, 0, 16, 40, 55062 }, // U+F013A
    { 12, 20, 157, 0, 16, 30, 55102 }, // U+F013B
    { 14, 20, 215, 0, 16, 35, 55132 }, // U+F013C
    { 12, 20, 150, 0, 16, 30, 55167 }, // U+F013D
    { 15, 17, 222, 0, 16, 32, 55197 }, // U+F013E
    { 19, 21, 296, 0, 16, 50, 55229 }, // U+F013F
    { 22, 17, 334, 0, 16, 47, 55279 }, // U+F0140
    { 18, 17, 273, 0, 16, 39, 55326 }, // U+F0141
    { 20, 16, 308, 0, 16, 40, 55365 }, // U+F0142
    { 32, 16, 476, -1, 16, 64, 55405 }, // U+F0143
    { 18, 21, 253, -1, 16, 48, 55469 }, // U+F0144
    { 18, 21, 253, -1, 16, 48, 55517 }, // U+F0145
    { 18, 21, 253, -1, 16, 48, 55565 }, // U+F0146
    { 18, 21, 253, -1, 16, 48, 55613 }, // U+F0147
    { 18, 21, 253, -1, 16, 48, 55661 }, // U+F0148
    { 28, 16, 428, 0, 16, 56, 55709 }, // U+F0149
    { 28, 21, 429, 0, 16, 74, 55765 }, // U+F014A
    { 32, 16, 500, 0, 16, 64, 55839 }, // U+F014B
    { 18, 21, 281, 0, 16, 48, 55903 }, // U+F014C
    { 14, 22, 196, -1, 16, 39, 55951 }, // U+F014D
    { 14, 23, 196, -1, 16, 41, 55990 }, // U+F014E
    { 26, 16, 406, 0, 16, 52, 56031 }, // U+F014F
    { 15, 23, 228, 0, 16, 44, 56083 }, // U+F0150
    { 29, 16, 452, 0, 16, 58, 56127 }, // U+F0151
    { 15, 23, 217, -1, 16, 44, 56185 }, // U+F0152
    { 15, 23, 217, -1, 16, 44, 56229 }, // U+F0153
    { 29, 16, 435, -1, 16, 58, 56273 }, // U+F0154
    { 29, 22, 435, -1, 16, 80, 56331 }, // U+F0155
    { 15, 22, 222, 0, 16, 42, 56411 }, // U+F0156
    { 29, 16, 443, 0, 16, 58, 56453 }, // U+F0157
    { 18, 17, 276, 0, 16, 39, 56511 }, // U+F0158
    { 13, 17, 188, 0, 16, 28, 56550 }, // U+F0159
    { 14, 21, 213, 0, 16, 37, 56578 }, // U+F015A
    { 18, 21, 277, 0, 16, 48, 56615 }, // U+F015B
    { 13, 21, 194, 0, 16, 35, 56663 }, // U+F015C
    { 26, 21, 404, 0, 16, 69, 56698 }, // U+F015D
    { 21, 21, 320, 0, 16, 56, 56767 }, // U+F015E
    { 34, 21, 529, 0, 16, 90, 56823 }, // U+F015F
    { 15, 21, 232, 0, 16, 40, 56913 }, // U+F0160
    { 20, 20, 316, 0, 16, 50, 56953 }, // U+F0161
    { 19, 16, 293, 0, 16, 38, 57003 }, // U+F0162
    { 17, 16, 252, 0, 16, 34, 57041 }, // U+F0163
    { 13, 16, 152, 0, 16, 26, 57075 }, // U+F0164
    { 15, 21, 230, 0, 16, 40, 57101 }, // U+F0165
    { 29, 21, 448, 0, 16, 77, 57141 }, // U+F0166
    { 16, 16, 228, -1, 16, 32, 57218 }, // U+F0167
    { 15, 16, 228, 0, 16, 30, 57250 }, // U+F0168
    { 24, 16, 372, 0, 16, 48, 57280 }, // U+F0169
    { 24, 16, 369, 0, 16, 48, 57328 }, // U+F016A
    { 18, 17, 277, 0, 16, 39, 57376 }, // U+F016B
    { 15, 16, 205, 0, 16, 30, 57415 }, // U+F016C
    { 19, 16, 283, 0, 16, 38, 57445 }, // U+F016D
    { 28, 17, 436, 0, 16, 60, 57483 }, // U+F016E
    { 18, 17, 275, 0, 16, 39, 57543 }, // U+F016F
    { 15, 16, 205, 0, 16, 30, 57582 }, // U+F0170
    { 15, 16, 234, 0, 16, 30, 57612 }, // U+F0171
    { 28, 16, 440, 0, 16, 56, 57642 }, // U+F0172
    { 16, 16, 236, 0, 16, 32, 57698 }, // U+F0173
    { 29, 16, 451, 0, 16, 58, 57730 }, // U+F0174
    { 16, 21, 249, 0, 16, 42, 57788 }, // U+F0175
    { 16, 21, 249, 0, 16, 42, 57830 }, // U+F0176
    { 21, 21, 320, 0, 16, 56, 57872 }, // U+F0177
    { 21, 21, 315, 0, 16, 56, 57928 }, // U+F0178
    { 17, 21, 246, 0, 16, 45, 57984 }, // U+F0179
    { 17, 21, 249, 0, 16, 45, 58029 }, // U+F017A
    { 29, 21, 444, 0, 16, 77, 58074 }, // U+F017B
    { 18, 17, 280, 0, 16, 39, 58151 }, // U+F017C
    { 18, 17, 280, 0, 16, 39, 58190 }, // U+F017D
    { 18, 21, 280, 0, 16, 48, 58229 }, // U+F017E
    { 28, 17, 436, 0, 16, 60, 58277 }, // U+F017F
    { 18, 17, 269, 0, 16, 39, 58337 }, // U+F0180
    { 12, 18, 173, 0, 16, 27, 58376 }, // U+F0181
    { 12, 18, 173, 0, 16, 27, 58403 }, // U+F0182
    { 24, 17, 377, 0, 16, 51, 58430 }, // U+F0183
    { 17, 20, 264, 0, 16, 43, 58481 }, // U+F0184
    { 15, 17, 222, 0, 16, 32, 58524 }, // U+F0185
    { 21, 16, 326, 0, 16, 42, 58556 }, // U+F0186
    { 20, 16, 312, 0, 16, 40, 58598 }, // U+F0187
    { 15, 23, 212, 0, 16, 44, 58638 }, // U+F0188
    { 18, 24, 212, 0, 16, 54, 58682 }, // U+F0189
    { 15, 23, 212, 0, 16, 44, 58736 }, // U+F018A
    { 16, 17, 239, 0, 16, 34, 58780 }, // U+F018B
    { 20, 17, 311, 0, 16, 43, 58814 }, // U+F018C
    { 16, 17, 225, 0, 16, 34, 58857 }, // U+F018D
    { 20, 17, 315, 0, 16, 43, 58891 }, // U+F018E
    { 19, 23, 278, 0, 16, 55, 58934 }, // U+F018F
    { 14, 25, 212, 0, 16, 44, 58989 }, // U+F0190
    { 15, 25, 212, 0, 16, 47, 59033 }, // U+F0191
    { 15, 21, 220, 0, 16, 40, 59080 }, // U+F0192
    { 15, 23, 220, 0, 16, 44, 59120 }, // U+F0193
    { 14, 23, 212, 0, 16, 41, 59164 }, // U+F0194
    { 16, 23, 212, 0, 16, 46, 59205 }, // U+F0195
    { 14, 25, 212, 0, 16, 44, 59251 }, // U+F0196
    { 15, 25, 212, 0, 16, 47, 59295 }, // U+F0197
    { 8, 7, 0, -7, 23, 7, 59342 }, // U+F0198
    { 12, 10, 152, 0, 16, 15, 59349 }, // U+F0199
    { 12, 6, 0, -11, 0, 9, 59364 }, // U+F019A
    { 4, 3, 0, -5, 21, 2, 59373 }, // U+F019B
    { 7, 7, 0, -6, 23, 7, 59375 }, // U+F019C
    { 9, 7, 0, -6, 23, 8, 59382 }, // U+F019D
    { 11, 7, 0, -11, 23, 10, 59390 }, // U+F019E
    { 15, 7, 0, -11, 23, 14, 59400 }, // U+F019F
    { 13, 7, 0, -11, 23, 12, 59414 }, // U+F01A0
    { 13, 7, 0, -11, 23, 12, 59426 }, // U+F01A1
    { 15, 7, 0, -11, 23, 14, 59438 }, // U+F01A2
    { 11, 7, 0, -11, 23, 10, 59452 }, // U+F01A3
    { 15, 7, 0, -11, 23, 14, 59462 }, // U+F01A4
    { 13, 7, 0, -11, 23, 12, 59476 }, // U+F01A5
    { 12, 7, 0, -11, 23, 11, 59488 }, // U+F01A6
    { 15, 7, 0, -11, 23, 14, 59499 }, // U+F01A7
    { 13, 7, 0, -12, 23, 12, 59513 }, // U+F01A8
    { 17, 7, 0, -12, 23, 15, 59525 }, // U+F01A9
    { 15, 7, 0, -13, 23, 14, 59540 }, // U+F01AA
    { 15, 7, 0, -13, 23, 14, 59554 }, // U+F01AB
    { 17, 7, 0, -13, 23, 15, 59568 }, // U+F01AC
    { 11, 6, 0, -9, 23, 9, 59583 }, // U+F01AD
    { 15, 7, 0, -14, 23, 14, 59592 }, // U+F01AE
    { 15, 7, 0, -14, 23, 14, 59606 }, // U+F01AF
    { 17, 7, 0, -14, 23, 15, 59620 }, // U+F01B0
    { 14, 6, 0, -12, 23, 11, 59635 }, // U+F01B1
    { 12, 8, 0, -12, 24, 12, 59646 }, // U+F01B2
    { 16, 7, 0, -12, 23, 14, 59658 }, // U+F01B3
    { 14, 7, 0, -12, 23, 13, 59672 }, // U+F01B4
    { 13, 7, 0, -12, 23, 12, 59685 }, // U+F01B5
    { 15, 7, 0, -12, 23, 14, 59697 }, // U+F01B6
    { 7, 7, 0, -5, 22, 7, 59711 }, // U+F01B7
    { 11, 7, 0, -5, 23, 10, 59718 }, // U+F01B8
    { 11, 7, 0, -7, 23, 10, 59728 }, // U+F01B9
    { 10, 7, 0, -7, 23, 9, 59738 }, // U+F01BA
    { 12, 7, 0, -7, 23, 11, 59747 }, // U+F01BB
    { 14, 23, 104, 0, 23, 41, 59758 }, // U+F01BC
    { 17, 23, 104, 0, 23, 49, 59799 }, // U+F01BD
    { 18, 23, 104, 0, 23, 52, 59848 }, // U+F01BE
    { 19, 23, 104, 0, 23, 55, 59900 }, // U+F01BF
    { 19, 23, 104, 0, 23, 55, 59955 }, // U+F01C0
    { 20, 23, 104, 0, 23, 58, 60010 }, // U+F01C1
    { 21, 23, 104, 0, 23, 61, 60068 }, // U+F01C2
    { 22, 23, 104, 0, 23, 64, 60129 }, // U+F01C3
    { 22, 23, 104, 0, 23, 64, 60193 }, // U+F01C4
    { 23, 23, 104, 0, 23, 67, 60257 }, // U+F01C5
    { 25, 23, 104, 0, 23, 72, 60324 }, // U+F01C6
    { 28, 23, 104, 0, 23, 81, 60396 }, // U+F01C7
    { 29, 23, 104, 0, 23, 84, 60477 }, // U+F01C8
    { 32, 23, 104, 0, 23, 92, 60561 }, // U+F01C9
    { 35, 23, 104, 0, 23, 101, 60653 }, // U+F01CA
    { 16, 23, 104, 0, 23, 46, 60754 }, // U+F01CB
    { 18, 23, 104, 0, 23, 52, 60800 }, // U+F01CC
    { 19, 23, 104, 0, 23, 55, 60852 }, // U+F01CD
    { 20, 23, 104, 0, 23, 58, 60907 }, // U+F01CE
    { 20, 23, 104, 0, 23, 58, 60965 }, // U+F01CF
    { 22, 23, 104, 0, 23, 64, 61023 }, // U+F01D0
    { 22, 23, 104, 0, 23, 64, 61087 }, // U+F01D1
    { 23, 23, 104, 0, 23, 67, 61151 }, // U+F01D2
    { 23, 23, 104, 0, 23, 67, 61218 }, // U+F01D3
    { 24, 23, 104, 0, 23, 69, 61285 }, // U+F01D4
    { 26, 23, 104, 0, 23, 75, 61354 }, // U+F01D5
    { 28, 23, 104, 0, 23, 81, 61429 }, // U+F01D6
    { 30, 23, 104, 0, 23, 87, 61510 }, // U+F01D7
    { 33, 23, 104, 0, 23, 95, 61597 }, // U+F01D8
    { 36, 23, 104, 0, 23, 104, 61692 }, // U+F01D9
    { 19, 23, 104, 0, 23, 55, 61796 }, // U+F01DA
    { 21, 23, 104, 0, 23, 61, 61851 }, // U+F01DB
    { 22, 23, 104, 0, 23, 64, 61912 }, // U+F01DC
    { 23, 23, 104, 0, 23, 67, 61976 }, // U+F01DD
    { 23, 23, 104, 0, 23, 67, 62043 }, // U+F01DE
    { 24, 23, 104, 0, 23, 69, 62110 }, // U+F01DF
    { 25, 23, 104, 0, 23, 72, 62179 }, // U+F01E0
    { 26, 23, 104, 0, 23, 75, 62251 }, // U+F01E1
    { 26, 23, 104, 0, 23, 75, 62326 }, // U+F01E2
    { 27, 23, 104, 0, 23, 78, 62401 }, // U+F01E3
    { 28, 23, 104, 0, 23, 81, 62479 }, // U+F01E4
    { 31, 23, 104, 0, 23, 90, 62560 }, // U+F01E5
    { 33, 23, 104, 0, 23, 95, 62650 }, // U+F01E6
    { 35, 23, 104, 0, 23, 101, 62745 }, // U+F01E7
    { 38, 23, 104, 0, 23, 110, 62846 }, // U+F01E8
    { 18, 23, 104, 0, 23, 52, 62956 }, // U+F01E9
    { 20, 23, 104, 0, 23, 58, 63008 }, // U+F01EA
    { 21, 23, 104, 0, 23, 61, 63066 }, // U+F01EB
    { 22, 23, 104, 0, 23, 64, 63127 }, // U+F01EC
    { 22, 23, 104, 0, 23, 64, 63191 }, // U+F01ED
    { 23, 23, 104, 0, 23, 67, 63255 }, // U+F01EE
    { 24, 23, 104, 0, 23, 69, 63322 }, // U+F01EF
    { 25, 23, 104, 0, 23, 72, 63391 }, // U+F01F0
    { 25, 23, 104, 0, 23, 72, 63463 }, // U+F01F1
    { 26, 23, 104, 0, 23, 75, 63535 }, // U+F01F2
    { 28, 23, 104, 0, 23, 81, 63610 }, // U+F01F3
    { 31, 23, 104, 0, 23, 90, 63691 }, // U+F01F4
    { 32, 23, 104, 0, 23, 92, 63781 }, // U+F01F5
    { 35, 23, 104, 0, 23, 101, 63873 }, // U+F01F6
    { 38, 23, 104, 0, 23, 110, 63974 }, // U+F01F7
    { 18, 23, 104, 0, 23, 52, 64084 }, // U+F01F8
    { 20, 23, 104, 0, 23, 58, 64136 }, // U+F01F9
    { 21, 23, 104, 0, 23, 61, 64194 }, // U+F01FA
    { 22, 23, 104, 0, 23, 64, 64255 }, // U+F01FB
    { 22, 23, 104, 0, 23, 64, 64319 }, // U+F01FC
    { 23, 23, 104, 0, 23, 67, 64383 }, // U+F01FD
    { 24, 23, 104, 0, 23, 69, 64450 }, // U+F01FE
    { 25, 23, 104, 0, 23, 72, 64519 }, // U+F01FF
    { 25, 23, 104, 0, 23, 72, 64591 }, // U+F0200
    { 26, 23, 104, 0, 23, 75, 64663 }, // U+F0201
    { 28, 23, 104, 0, 23, 81, 64738 }, // U+F0202
    { 31, 23, 104, 0, 23, 90, 64819 }, // U+F0203
    { 32, 23, 104, 0, 23, 92, 64909 }, // U+F0204
    { 35, 23, 104, 0, 23, 101, 65001 }, // U+F0205
    { 38, 23, 104, 0, 23, 110, 65102 }, // U+F0206
    { 19, 23, 104, 0, 23, 55, 65212 }, // U+F0207
    { 21, 23, 104, 0, 23, 61, 65267 }, // U+F0208
    { 23, 23, 104, 0, 23, 67, 65328 }, // U+F0209
    { 23, 23, 104, 0, 23, 67, 65395 }, // U+F020A
    { 23, 23, 104, 0, 23, 67, 65462 }, // U+F020B
    { 25, 23, 104, 0, 23, 72, 65529 }, // U+F020C
    { 25, 23, 104, 0, 23, 72, 65601 }, // U+F020D
    { 26, 23, 104, 0, 23, 75, 65673 }, // U+F020E
    { 27, 23, 104, 0, 23, 78, 65748 }, // U+F020F
    { 28, 23, 104, 0, 23, 81, 65826 }, // U+F0210
    { 30, 23, 104, 0, 23, 87, 65907 }, // U+F0211
    { 32, 23, 104, 0, 23, 92, 65994 }, // U+F0212
    { 34, 23, 104, 0, 23, 98, 66086 }, // U+F0213
    { 37, 23, 104, 0, 23, 107, 66184 }, // U+F0214
    { 40, 23, 104, 0, 23, 115, 66291 }, // U+F0215
    { 14, 23, 104, -7, 23, 41, 66406 }, // U+F0216
    { 15, 23, 104, -8, 23, 44, 66447 }, // U+F0217
    { 18, 23, 104, -11, 23, 52, 66491 }, // U+F0218
    { 13, 23, 104, -6, 23, 38, 66543 }, // U+F0219
    { 14, 23, 104, -7, 23, 41, 66581 }, // U+F021A
    { 15, 23, 104, -8, 23, 44, 66622 }, // U+F021B
    { 18, 23, 104, -11, 23, 52, 66666 }, // U+F021C
    { 17, 23, 104, -6, 23, 49, 66718 }, // U+F021D
    { 17, 23, 104, -7, 23, 49, 66767 }, // U+F021E
    { 18, 23, 104, -8, 23, 52, 66816 }, // U+F021F
    { 20, 23, 104, -11, 23, 58, 66868 }, // U+F0220
    { 14, 23, 104, -6, 23, 41, 66926 }, // U+F0221
    { 15, 23, 104, -7, 23, 44, 66967 }, // U+F0222
    { 16, 23, 104, -8, 23, 46, 67011 }, // U+F0223
    { 19, 23, 104, -11, 23, 55, 67057 }, // U+F0224
    { 14, 23, 104, -6, 23, 41, 67112 }, // U+F0225
    { 15, 23, 104, -7, 23, 44, 67153 }, // U+F0226
    { 16, 23, 104, -8, 23, 46, 67197 }, // U+F0227
    { 19, 23, 104, -11, 23, 55, 67243 }, // U+F0228
    { 16, 23, 104, -6, 23, 46, 67298 }, // U+F0229
    { 17, 23, 104, -7, 23, 49, 67344 }, // U+F022A
    { 18, 23, 104, -8, 23, 52, 67393 }, // U+F022B
    { 21, 23, 104, -11, 23, 61, 67445 }, // U+F022C
    { 15, 14, 229, 0, 16, 27, 67506 }, // U+F022D
    { 15, 19, 229, 0, 16, 36, 67533 }, // U+F022E
    { 11, 12, 107, 0, 16, 17, 67569 }, // U+F022F
    { 13, 12, 140, 0, 16, 20, 67586 }, // U+F0230
    { 18, 14, 249, -1, 16, 32, 67606 }, // U+F0231
    { 18, 14, 281, 0, 16, 32, 67638 }, // U+F0232
    { 13, 13, 202, 0, 16, 22, 67670 }, // U+F0233
    { 15, 13, 234, 0, 16, 25, 67692 }, // U+F0234
    { 15, 14, 217, -1, 16, 27, 67717 }, // U+F0235
    { 15, 13, 226, 0, 16, 25, 67744 }, // U+F0236
    { 14, 19, 212, 0, 16, 34, 67769 }, // U+F0237
    { 14, 19, 213, 0, 16, 34, 67803 }, // U+F0238
    { 13, 18, 194, 0, 16, 30, 67837 }, // U+F0239
    { 21, 18, 317, 0, 16, 48, 67867 }, // U+F023A
    { 20, 13, 304, 0, 16, 33, 67915 }, // U+F023B
    { 4, 3, 0, -9, 0, 2, 67948 }, // U+F023C
    { 11, 8, 0, -10, 1, 11, 67950 }, // U+F023D
    { 15, 8, 0, -14, 1, 15, 67961 }, // U+F023E
    { 17, 8, 0, -13, 1, 17, 67976 }, // U+F023F
    { 12, 8, 0, -11, 1, 12, 67993 }, // U+F0240
    { 13, 11, 0, -11, 0, 18, 68005 }, // U+F0241
    { 18, 11, 0, -15, 1, 25, 68023 }, // U+F0242
    { 19, 12, 0, -15, 1, 29, 68048 }, // U+F0243
    { 13, 4, 0, -14, -2, 7, 68077 }, // U+F0244
    { 13, 7, 0, -14, 0, 12, 68084 }, // U+F0245
    { 13, 7, 0, -9, 0, 12, 68096 }, // U+F0246
    { 11, 11, 0, -11, 0, 16, 68108 }, // U+F0247
    { 11, 11, 0, -10, 0, 16, 68124 }, // U+F0248
    { 10, 11, 0, -10, 0, 14, 68140 }, // U+F0249
    { 10, 15, 0, -10, 1, 19, 68154 }, // U+F024A
    { 11, 14, 0, -10, 1, 20, 68173 }, // U+F024B
    { 11, 14, 0, -10, 1, 20, 68193 }, // U+F024C
    { 10, 9, 0, -10, 0, 12, 68213 }, // U+F024D
    { 10, 11, 0, -10, 1, 14, 68225 }, // U+F024E
    { 11, 11, 0, -10, 0, 16, 68239 }, // U+F024F
    { 12, 6, 0, -11, 0, 9, 68255 }, // U+F0250
    { 12, 11, 0, -11, 0, 17, 68264 }, // U+F0251
    { 13, 11, 0, -11, 0, 18, 68281 }, // U+F0252
    { 12, 11, 0, -11, 0, 17, 68299 }, // U+F0253
    { 12, 14, 0, -11, 0, 21, 68316 }, // U+F0254
    { 13, 13, 0, -11, 0, 22, 68337 }, // U+F0255
    { 13, 13, 0, -11, 0, 22, 68359 }, // U+F0256
    { 12, 9, 0, -11, 0, 14, 68381 }, // U+F0257
    { 12, 11, 0, -11, 1, 17, 68395 }, // U+F0258
    { 13, 10, 0, -11, 0, 17, 68412 }, // U+F0259
    { 12, 7, 0, -11, 1, 11, 68429 }, // U+F025A
    { 12, 7, 0, -9, 1, 11, 68440 }, // U+F025B
    { 8, 8, 0, -7, 1, 8, 68451 }, // U+F025C
    { 11, 8, 0, -9, 1, 11, 68459 }, // U+F025D
    { 11, 8, 0, -9, 1, 11, 68470 }, // U+F025E
    { 11, 8, 0, -10, 1, 11, 68481 }, // U+F025F
    { 15, 8, 0, -13, 1, 15, 68492 }, // U+F0260
    { 15, 8, 0, -13, 1, 15, 68507 }, // U+F0261
    { 11, 4, 0, -13, -1, 6, 68522 }, // U+F0262
    { 11, 6, 0, -13, -1, 9, 68528 }, // U+F0263
    { 3, 6, 0, -3, 22, 3, 68537 }, // U+F0264
    { 3, 6, 0, 0, 22, 3, 68540 }, // U+F0265
    { 3, 6, 0, 2, 22, 3, 68543 }, // U+F0266
    { 3, 6, 0, 1, 22, 3, 68546 }, // U+F0267
    { 3, 6, 0, 2, 22, 3, 68549 }, // U+F0268
    { 10, 3, 0, -12, -7, 4, 68552 }, // U+F0269
    { 14, 23, 212, 0, 16, 41, 68556 }, // U+F026A
    { 15, 23, 212, 0, 16, 44, 68597 }, // U+F026B
    { 14, 23, 212, 0, 16, 41, 68641 }, // U+F026C
    { 15, 23, 212, 0, 16, 44, 68682 }, // U+F026D
    { 10, 11, 0, -10, 1, 14, 68726 }, // U+F026E
    { 11, 11, 0, -10, 0, 16, 68740 }, // U+F026F
    { 12, 12, 0, -10, 1, 18, 68756 }, // U+F0270
    { 0, 0, 0, 0, 0, 0, 68774 }, // U+F0271
    { 2, 24, 0, -1, 20, 6, 68774 }, // U+F0272
    { 8, 24, 0, -4, 20, 24, 68780 }, // U+F0273
    { 11, 12, 204, 1, 14, 17, 68804 }, // U+F0274
    { 4, 3, 0, -9, -2, 2, 68821 }, // U+F0275
};

static const EpdUnicodeInterval inter_12_regularIntervals[] = {
    { 0x0, 0x148, 0x0 },
    { 0x14A, 0x17F, 0x149 },
    { 0x1A0, 0x1A1, 0x17F },
    { 0x1AF, 0x1B0, 0x181 },
    { 0x1C5, 0x21F, 0x183 },
    { 0x300, 0x304, 0x1DE },
    { 0x306, 0x30C, 0x1E3 },
    { 0x30F, 0x30F, 0x1EA },
    { 0x312, 0x313, 0x1EB },
    { 0x315, 0x315, 0x1ED },
    { 0x31B, 0x31B, 0x1EE },
    { 0x323, 0x323, 0x1EF },
    { 0x326, 0x328, 0x1F0 },
    { 0x32C, 0x32C, 0x1F3 },
    { 0x337, 0x338, 0x1F4 },
    { 0x342, 0x343, 0x1F6 },
    { 0x346, 0x36F, 0x1F8 },
    { 0x400, 0x479, 0x222 },
    { 0x480, 0x49D, 0x29C },
    { 0x4A0, 0x4FF, 0x2BA },
    { 0x5D0, 0x5EA, 0x31A },
    { 0x60C, 0x60C, 0x335 },
    { 0x61B, 0x61B, 0x336 },
    { 0x61F, 0x61F, 0x337 },
    { 0x621, 0x621, 0x338 },
    { 0x640, 0x640, 0x339 },
    { 0x660, 0x669, 0x33A },
    { 0x6BA, 0x6BA, 0x344 },
    { 0x6D4, 0x6D4, 0x345 },
    { 0x6F0, 0x6F9, 0x346 },
    { 0x900, 0x97F, 0x350 },
    { 0x1EA0, 0x1EF9, 0x3D0 },
    { 0x2000, 0x2027, 0x42A },
    { 0x202A, 0x2055, 0x452 },
    { 0x2057, 0x2057, 0x47E },
    { 0x205F, 0x2064, 0x47F },
    { 0x2066, 0x2071, 0x485 },
    { 0x2074, 0x208E, 0x491 },
    { 0x2090, 0x209C, 0x4AC },
    { 0x20A0, 0x20AF, 0x4B9 },
    { 0x20B1, 0x20B5, 0x4C9 },
    { 0x20B8, 0x20BA, 0x4CE },
    { 0x20BC, 0x20BF, 0x4D1 },
    { 0x2190, 0x2199, 0x4D5 },
    { 0x21A9, 0x21AA, 0x4DF },
    { 0x21B0, 0x21B7, 0x4E1 },
    { 0x21BA, 0x21BB, 0x4E9 },
    { 0x21C4, 0x21C4, 0x4EB },
    { 0x21C6, 0x21C6, 0x4EC },
    { 0x21D0, 0x21D0, 0x4ED },
    { 0x21D2, 0x21D2, 0x4EE },
    { 0x21D4, 0x21D4, 0x4EF },
    { 0x21DE, 0x21DF, 0x4F0 },
    { 0x21E4, 0x21E5, 0x4F2 },
    { 0x21E7, 0x21E7, 0x4F4 },
    { 0x21EA, 0x21EA, 0x4F5 },
    { 0x2202, 0x2202, 0x4F6 },
    { 0x2205, 0x2206, 0x4F7 },
    { 0x220F, 0x220F, 0x4F9 },
    { 0x2211, 0x2212, 0x4FA },
    { 0x2215, 0x2215, 0x4FC },
    { 0x221A, 0x221A, 0x4FD },
    { 0x221E, 0x221E, 0x4FE },
    { 0x222B, 0x222B, 0x4FF },
    { 0x2236, 0x2236, 0x500 },
    { 0x2248, 0x2248, 0x501 },
    { 0x2260, 0x2260, 0x502 },
    { 0x2264, 0x2265, 0x503 },
    { 0x2295, 0x2298, 0x505 },
    { 0x25CC, 0x25CC, 0x509 },
    { 0xFB01, 0xFB02, 0x50A },
    { 0xFB56, 0xFB59, 0x50C },
    { 0xFB66, 0xFB69, 0x510 },
    { 0xFB7A, 0xFB7D, 0x514 },
    { 0xFB88, 0xFB95, 0x518 },
    { 0xFB9E, 0xFB9F, 0x526 },
    { 0xFBA6, 0xFBB1, 0x528 },
    { 0xFBFC, 0xFBFF, 0x534 },
    { 0xFE80, 0xFEFC, 0x538 },
    { 0xF0000, 0xF0275, 0x5B5 },
};

static const uint16_t inter_12_regularKernLeftCodepoints[] = {
    0x0022, 0x0024, 0x0025, 0x0026, 0x0027, 0x0028, 0x0029, 0x002A, 0x002B, 0x002C, 0x002D, 0x002E,
    0x002F, 0x0030, 0x0031, 0x0032, 0x0033, 0x0034, 0x0035, 0x0036, 0x0037, 0x0038, 0x0039, 0x003A,
    0x003B, 0x003D, 0x003E, 0x003F, 0x0040, 0x0041, 0x0042, 0x0043, 0x0044, 0x0045, 0x0046, 0x0047,
    0x0048, 0x0049, 0x004A, 0x004B, 0x004C, 0x004D, 0x004E, 0x004F, 0x0050, 0x0051, 0x0052, 0x0053,
    0x0054, 0x0055, 0x0056, 0x0057, 0x0058, 0x0059, 0x005A, 0x005B, 0x005C, 0x005D, 0x005E, 0x005F,
    0x0061, 0x0062, 0x0063, 0x0064, 0x0065, 0x0066, 0x0067, 0x0068, 0x0069, 0x006A, 0x006B, 0x006C,
    0x006D, 0x006E, 0x006F, 0x0070, 0x0071, 0x0072, 0x0073, 0x0074, 0x0075, 0x0076, 0x0077, 0x0078,
    0x0079, 0x007A, 0x007B, 0x007C, 0x007D, 0x007E, 0x00A1, 0x00A2, 0x00A5, 0x00A9, 0x00AA, 0x00AB,
    0x00AC, 0x00AD, 0x00AE, 0x00B0, 0x00B1, 0x00B2, 0x00B5, 0x00B6, 0x00B7, 0x00BA, 0x00BB, 0x00BF,
    0x00C0, 0x00C1, 0x00C2, 0x00C3, 0x00C4, 0x00C5, 0x00C6, 0x00C7, 0x00C8, 0x00C9, 0x00CA, 0x00CB,
    0x00CC, 0x00CD, 0x00CE, 0x00CF, 0x00D0, 0x00D1, 0x00D2, 0x00D3, 0x00D4, 0x00D5, 0x00D6, 0x00D7,
    0x00D8, 0x00D9, 0x00DA, 0x00DB, 0x00DC, 0x00DD, 0x00DE, 0x00DF, 0x00E0, 0x00E1, 0x00E2, 0x00E3,
    0x00E4, 0x00E5, 0x00E6, 0x00E7, 0x00E8, 0x00E9, 0x00EA, 0x00EB, 0x00EC, 0x00ED, 0x00EE, 0x00EF,
    0x00F0, 0x00F1, 0x00F2, 0x00F3, 0x00F4, 0x00F5, 0x00F6, 0x00F7, 0x00F8, 0x00F9, 0x00FA, 0x00FB,
    0x00FC, 0x00FD, 0x00FE, 0x00FF, 0x0100, 0x0101, 0x0102, 0x0103, 0x0104, 0x0105, 0x0106, 0x0107,
    0x0108, 0x0109, 0x010A, 0x010B, 0x010C, 0x010D, 0x010E, 0x010F, 0x0111, 0x0112, 0x0113, 0x0114,
    0x0115, 0x0116, 0x0117, 0x0118, 0x0119, 0x011A, 0x011B, 0x011C, 0x011D, 0x011E, 0x011F, 0x0120,
    0x0121, 0x0122, 0x0123, 0x0124, 0x0125, 0x0126, 0x0127, 0x0128, 0x0129, 0x012A, 0x012B, 0x012C,
    0x012D, 0x012E, 0x012F, 0x0130, 0x0131, 0x0133, 0x0134, 0x0135, 0x0136, 0x0137, 0x0138, 0x0139,
    0x013A, 0x013B, 0x013C, 0x013D, 0x013E, 0x013F, 0x0140, 0x0141, 0x0142, 0x0143, 0x0144, 0x0145,
    0x0146, 0x0147, 0x0148, 0x014A, 0x014C, 0x014D, 0x014E, 0x014F, 0x0150, 0x0151, 0x0152, 0x0153,
    0x0154, 0x0155, 0x0156, 0x0157, 0x0158, 0x0159, 0x015A, 0x015B, 0x015C, 0x015D, 0x015E, 0x015F,
    0x0160, 0x0161, 0x0162, 0x0163, 0x0164, 0x0165, 0x0166, 0x0167, 0x0168, 0x0169, 0x016A, 0x016B,
    0x016C, 0x016D, 0x016E, 0x016F, 0x0170, 0x0171, 0x0172, 0x0173, 0x0174, 0x0175, 0x0176, 0x0177,
    0x0178, 0x0179, 0x017A, 0x017B, 0x017C, 0x017D, 0x017E, 0x017F, 0x01A0, 0x01A1, 0x01AF, 0x01B0,
    0x01C5, 0x01C6, 0x01C8, 0x01C9, 0x01CB, 0x01CC, 0x01CD, 0x01CE, 0x01CF, 0x01D0, 0x01D1, 0x01D2,
    0x01D3, 0x01D4, 0x01D5, 0x01D6, 0x01D7, 0x01D8, 0x01D9, 0x01DA, 0x01DB, 0x01DC, 0x01DD, 0x01DE,
    0x01DF, 0x01E0, 0x01E1, 0x01E2, 0x01E3, 0x01E4, 0x01E5, 0x01E6, 0x01E7, 0x01E8, 0x01E9, 0x01EA,
    0x01EB, 0x01EC, 0x01ED, 0x01F0, 0x01F1, 0x01F2, 0x01F3, 0x01F4, 0x01F5, 0x01F6, 0x01F8, 0x01F9,
    0x01FA, 0x01FB, 0x01FC, 0x01FD, 0x01FE, 0x01FF, 0x0200, 0x0201, 0x0202, 0x0203, 0x0204, 0x0205,
    0x0206, 0x0207, 0x0208, 0x0209, 0x020A, 0x020B, 0x020C, 0x020D, 0x020E, 0x020F, 0x0210, 0x0211,
    0x0212, 0x0213, 0x0214, 0x0215, 0x0216, 0x0217, 0x0218, 0x0219, 0x021A, 0x021B, 0x021E, 0x021F,
    0x0400, 0x0401, 0x0402, 0x0403, 0x0404, 0x0405, 0x0406, 0x0407, 0x0408, 0x0409, 0x040A, 0x040B,
    0x040C, 0x040D, 0x040F, 0x0410, 0x0411, 0x0412, 0x0413, 0x0414, 0x0415, 0x0416, 0x0417, 0x0418,
    0x0419, 0x041A, 0x041B, 0x041C, 0x041D, 0x041E, 0x041F, 0x0420, 0x0421, 0x0422, 0x0423, 0x0424,
    0x0425, 0x0426, 0x0427, 0x0428, 0x0429, 0x042A, 0x042B, 0x042C, 0x042D, 0x042E, 0x0430, 0x0432,
    0x0433, 0x0434, 0x0435, 0x0436, 0x0437, 0x0438, 0x0439, 0x043A, 0x043B, 0x043C, 0x043D, 0x043E,
    0x043F, 0x0440, 0x0441, 0x0442, 0x0443, 0x0444, 0x0445, 0x0446, 0x0447, 0x0448, 0x0449, 0x044A,
    0x044B, 0x044C, 0x044D, 0x044E, 0x044F, 0x0450, 0x0451, 0x0452, 0x0453, 0x0454, 0x0455, 0x0456,
    0x0457, 0x0458, 0x0459, 0x045A, 0x045B, 0x045C, 0x045D, 0x045E, 0x045F, 0x0460, 0x0462, 0x0463,
    0x0464, 0x0465, 0x0466, 0x0467, 0x0468, 0x046E, 0x0472, 0x0473, 0x0474, 0x0475, 0x0476, 0x0477,
    0x0479, 0x0481, 0x048A, 0x048B, 0x048C, 0x048D, 0x048E, 0x048F, 0x0490, 0x0491, 0x0492, 0x0493,
    0x0497, 0x0498, 0x049A, 0x049B, 0x049C, 0x049D, 0x04A0, 0x04A1, 0x04A2, 0x04A3, 0x04A4, 0x04A5,
    0x04A6, 0x04A7, 0x04A9, 0x04AA, 0x04AB, 0x04AC, 0x04AD, 0x04AE, 0x04AF, 0x04B0, 0x04B1, 0x04B3,
    0x04B5, 0x04B7, 0x04B9, 0x04BA, 0x04BB, 0x04BD, 0x04BF, 0x04C0, 0x04C1, 0x04C3, 0x04C4, 0x04C6,
    0x04C7, 0x04C8, 0x04C9, 0x04CA, 0x04CC, 0x04CD, 0x04CE, 0x04CF, 0x04D0, 0x04D1, 0x04D2, 0x04D3,
    0x04D4, 0x04D5, 0x04D6, 0x04D7, 0x04D9, 0x04DA, 0x04DB, 0x04DC, 0x04E0, 0x04E2, 0x04E3, 0x04E4,
    0x04E5, 0x04E6, 0x04E7, 0x04E8, 0x04E9, 0x04EA, 0x04EB, 0x04ED, 0x04EF, 0x04F1, 0x04F3, 0x04F5,
    0x04F6, 0x04F7, 0x04F9, 0x04FA, 0x04FB, 0x04FC, 0x04FD, 0x04FE, 0x04FF, 0x05D1, 0x05D2, 0x05D3,
    0x05D4, 0x05D7, 0x05D9, 0x05DA, 0x05DB, 0x05DC, 0x05DD, 0x05E0, 0x05E1, 0x05E2, 0x05E6, 0x05E7,
    0x05E8, 0x05EA, 0x1EA0, 0x1EA1, 0x1EA2, 0x1EA3, 0x1EA4, 0x1EA5, 0x1EA6, 0x1EA7, 0x1EA8, 0x1EA9,
    0x1EAA, 0x1EAB, 0x1EAC, 0x1EAD, 0x1EAE, 0x1EAF, 0x1EB0, 0x1EB1, 0x1EB2, 0x1EB3, 0x1EB4, 0x1EB5,
    0x1EB6, 0x1EB7, 0x1EB8, 0x1EB9, 0x1EBA, 0x1EBB, 0x1EBC, 0x1EBD, 0x1EBE, 0x1EBF, 0x1EC0, 0x1EC1,
    0x1EC2, 0x1EC3, 0x1EC4, 0x1EC5, 0x1EC6, 0x1EC7, 0x1EC8, 0x1EC9, 0x1ECA, 0x1ECB, 0x1ECC, 0x1ECD,
    0x1ECE, 0x1ECF, 0x1ED0, 0x1ED1, 0x1ED2, 0x1ED3, 0x1ED4, 0x1ED5, 0x1ED6, 0x1ED7, 0x1ED8, 0x1ED9,
    0x1EDA, 0x1EDB, 0x1EDC, 0x1EDD, 0x1EDE, 0x1EDF, 0x1EE0, 0x1EE1, 0x1EE2, 0x1EE3, 0x1EE4, 0x1EE5,
    0x1EE6, 0x1EE7, 0x1EE8, 0x1EE9, 0x1EEA, 0x1EEB, 0x1EEC, 0x1EED, 0x1EEE, 0x1EEF, 0x1EF0, 0x1EF1,
    0x1EF2, 0x1EF3, 0x1EF4, 0x1EF5, 0x1EF6, 0x1EF7, 0x1EF8, 0x1EF9, 0x2018, 0x2019, 0x201A, 0x201C,
    0x201D, 0x201E, 0x2020, 0x2021, 0x2022, 0x2023, 0x2026, 0x2034, 0x2039, 0x203A, 0x203D, 0x2043,
    0x204B, 0x204C, 0x204D, 0x204F, 0x2071, 0x2074, 0x2077, 0x207A, 0x207B, 0x2080, 0x2081, 0x2082,
    0x2083, 0x2084, 0x2085, 0x2086, 0x2087, 0x2088, 0x2089, 0x208A, 0x208B, 0x208C, 0x208D, 0x208E,
    0x2090, 0x2091, 0x2092, 0x2093, 0x2095, 0x2096, 0x2097, 0x2098, 0x2099, 0x209A, 0x209B, 0x209C,
    0x20A1, 0x20A7, 0x20A8, 0x20A9, 0x20AC, 0x20AF, 0x20B2, 0x20B5, 0x20BD, 0x20BF, 0x2190, 0x21D0,
    0x2206, 0x2212, 0x221E, 0x2248, 0x2260, 0x2264, 0x2265, 0xFB02, 0xFB8C, 0xFEAD, 0xFEAE, 0xFEAF,
};

static const uint8_t inter_12_regularKernLeftClassIds[] = {
      1,   2,   3,   4,   1,   5,   6,   7,   8,   9,   8,   9,  10,  11,  12,  13,
     14,  15,  16,  17,  18,  14,  11,  19,  19,  20,  21,  22,  23,  24,  25,  26,
     23,  27,  28,  29,  12,  12,  30,  31,  32,  12,  12,  23,  33,  23,  34,   2,
     35,  30,  36,  37,  38,  39,  40,  41,  42,   6,   7,  43,  44,  45,  45,  12,
     45,  46,  47,  44,  48,  48,  49,  12,  44,  44,  45,  45,  47,  50,  51,  52,
     53,  54,  55,  56,  54,  57,   5,  12,   6,  58,  59,  45,  60,  23,  61,  62,
     47,  63,  64,   7,  20,  65,  66,  12,  67,  61,  68,  69,  24,  24,  24,  24,
     24,  24,  27,  26,  27,  27,  27,  27,  12,  12,  70,  70,  23,  12,  23,  23,
     23,  23,  23,  71,  23,  30,  30,  30,  30,  39,  72,  73,  44,  44,  44,  44,
     44,  44,  74,  45,  45,  45,  45,  45,  48,  48,  75,  76,  45,  77,  45,  45,
     45,  78,  78,   8,  45,  53,  53,  53,  53,  54,  45,  54,  24,  79,  24,  44,
     24,  44,  26,  45,  26,  45,  26,  45,  26,  45,  23,  80,  81,  27,  45,  27,
     45,  27,  45,  27,  45,  27,  45,  29,  47,  29,  47,  29,  47,  29,  47,  12,
     44,  12,  44,  70,  82,  70,  83,  70,  84,  12,  48,  12,  48,  48,  30,  85,
     31,  49,  49,  86,  87,  32,  12,  88,  12,  89,  90,  91,  92,  12,  44,  12,
     44,  12,  44,  12,  23,  45,  23,  45,  23,  45,  27,  45,  34,  50,  34,  50,
     34,  50,   2,  51,   2,  51,   2,  51,   2,  51,  93,  52,  94,  52,  95,  52,
     30,  53,  30,  53,  30,  53,  30,  53,  30,  53,  30,  53,  37,  55,  39,  54,
     39,  40,  57,  40,  57,  40,  57,  96,  97,  98,  99, 100, 101,  57,  48,  48,
     48,  48,  24,  44,  87, 102,  23,  45,  30,  53,  30,  53,  30,  53,  30,  53,
     30,  53, 103,  24,  44,  24,  44,  27,  74,  29,  47,  29,  47,  31,  49,  23,
     45,  23,  45,  48, 104,  57,  57,  29,  47, 105,  12,  44,  24,  44,  27,  74,
     23,  45,  24,  44,  24,  44,  27,  45,  27,  45, 106, 107,  70, 108,  23,  45,
     23,  45,  34,  50,  34,  50,  30,  53,  30,  53,   2,  51,  35,  52,  12,  44,
     27,  27,  45,  35,  98,   2,  12,  70,  30,  45,  45,  44,  31,  12,  12,  24,
     25,  25,  35, 109,  27, 110,  14,  12,  12,  31,  12,  12,  12,  23,  12,  33,
     26,  35,  39, 111,  38, 109,  12,  12, 109,  45,  12,  45,  23, 112,  44,  51,
     50, 113,  45,  56,  44,  44,  44,  49,  44,  44,  44,  45,  44,  45,  45, 114,
     54,  45,  56, 113,  44,  44, 113, 115,  48, 115,  45,  45,  44,  45,  45,  44,
     50,  45,  51,  48,  76,  48, 115, 115,  44,  49,  44,  54,  53,  12,  45,  45,
     26,  45,  24,  24,  24,  25,  23,  45,  36,  54,  36,  54,  46,  45,  12,  52,
     45,  45,  33,  45,  35,  50,  35,  50,  56,  14,  31,  49,  31,  49,  31,  49,
     52,  52,  35,  50,  45, 115,  74,  26,  45,  35,  50,  39,  54, 116,  54,  56,
    113,  52,  44,  44,  44,  45,  74,  12,  38,  25,  44,  52,  12,  44,  52,  52,
     44,  12,  52,  12,  24,  44,  24,  44,  27,  74,  27,  45,  45,  23,  45,  38,
     14,  12,  44,  12,  44,  23,  45,  23,  45,  23,  45,  45,  54,  54,  54,  44,
     35,  50,  44,  35,  50,  38,  56,  38,  56, 117, 117, 118, 119, 119, 120, 118,
    117, 121, 119, 117, 122, 123, 124, 119, 118, 125,  24,  44,  24,  44,  24,  44,
     24,  44,  24,  44,  24,  44,  24,  44,  24,  44,  24,  44,  24,  44,  24,  44,
     24,  44,  27,  45,  27,  45,  27,  45,  27,  45,  27,  45,  27,  45,  27,  45,
     27,  45,  12, 107,  12, 126,  23,  45,  23,  45,  23,  45,  23,  45,  23, 127,
     23,  45,  23,  45,  23,  45,  23,  45,  23,  45,  23,  45,  23,  45,  30,  53,
     30,  53, 128,  53, 128,  53, 128, 100, 128,  53, 128,  53,  39,  54, 129,  54,
    129,  54, 129,  54, 130, 131, 132, 130, 131, 132,  61,  61, 133, 133, 134, 131,
     62,  68,  22, 133,  33,  44, 133,  19, 135, 136, 137, 138, 138, 139, 139, 139,
    139, 139, 140, 139, 141, 139, 139, 139, 139, 139, 139, 139, 139, 139, 139, 139,
    139, 139, 139, 139, 139, 139, 139, 139,  26,  52,  51, 142, 143,  45,  29,  26,
    144,  25,   8,  20,  24,   8,  89,  20,  20,  20,  20, 145, 146, 146, 146, 146,
};

static const uint16_t inter_12_regularKernRightCodepoints[] = {
    0x0022, 0x0023, 0x0024, 0x0025, 0x0026, 0x0027, 0x0029, 0x002A, 0x002B, 0x002C, 0x002D, 0x002E,
    0x002F, 0x0030, 0x0031, 0x0032, 0x0033, 0x0034, 0x0035, 0x0036, 0x0037, 0x0038, 0x0039, 0x003A,
    0x003B, 0x003C, 0x003D, 0x003F, 0x0040, 0x0041, 0x0042, 0x0043, 0x0044, 0x0045, 0x0046, 0x0047,
    0x0048, 0x0049, 0x004A, 0x004B, 0x004C, 0x004D, 0x004E, 0x004F, 0x0050, 0x0051, 0x0052, 0x0053,
    0x0054, 0x0055, 0x0056, 0x0057, 0x0058, 0x0059, 0x005A, 0x005C, 0x005D, 0x005E, 0x005F, 0x0061,
    0x0062, 0x0063, 0x0064, 0x0065, 0x0066, 0x0067, 0x0068, 0x0069, 0x006A, 0x006B, 0x006C, 0x006D,
    0x006E, 0x006F, 0x0070, 0x0071, 0x0072, 0x0073, 0x0074, 0x0075, 0x0076, 0x0077, 0x0078, 0x0079,
    0x007A, 0x007C, 0x007D, 0x007E, 0x00A2, 0x00A5, 0x00A9, 0x00AA, 0x00AB, 0x00AC, 0x00AD, 0x00AE,
    0x00B0, 0x00B1, 0x00B2, 0x00B5, 0x00B6, 0x00B7, 0x00B9, 0x00BA, 0x00BB, 0x00BF, 0x00C0, 0x00C1,
    0x00C2, 0x00C3, 0x00C4, 0x00C5, 0x00C6, 0x00C7, 0x00C8, 0x00C9, 0x00CA, 0x00CB, 0x00CC, 0x00CD,
    0x00CE, 0x00CF, 0x00D0, 0x00D1, 0x00D2, 0x00D3, 0x00D4, 0x00D5, 0x00D6, 0x00D7, 0x00D8, 0x00D9,
    0x00DA, 0x00DB, 0x00DC, 0x00DD, 0x00DE, 0x00DF, 0x00E0, 0x00E1, 0x00E2, 0x00E3, 0x00E4, 0x00E5,
    0x00E6, 0x00E7, 0x00E8, 0x00E9, 0x00EA, 0x00EB, 0x00EC, 0x00ED, 0x00EE, 0x00EF, 0x00F0, 0x00F1,
    0x00F2, 0x00F3, 0x00F4, 0x00F5, 0x00F6, 0x00F7, 0x00F8, 0x00F9, 0x00FA, 0x00FB, 0x00FC, 0x00FD,
    0x00FE, 0x00FF, 0x0100, 0x0101, 0x0102, 0x0103, 0x0104, 0x0105, 0x0106, 0x0107, 0x0108, 0x0109,
    0x010A, 0x010B, 0x010C, 0x010D, 0x010E, 0x010F, 0x0110, 0x0111, 0x0112, 0x0113, 0x0114, 0x0115,
    0x0116, 0x0117, 0x0118, 0x0119, 0x011A, 0x011B, 0x011C, 0x011D, 0x011E, 0x011F, 0x0120, 0x0121,
    0x0122, 0x0123, 0x0124, 0x0125, 0x0126, 0x0127, 0x0128, 0x0129, 0x012A, 0x012B, 0x012C, 0x012D,
    0x012E, 0x012F, 0x0130, 0x0131, 0x0133, 0x0134, 0x0135, 0x0136, 0x0137, 0x0138, 0x0139, 0x013A,
    0x013B, 0x013C, 0x013D, 0x013E, 0x0140, 0x0141, 0x0142, 0x0143, 0x0144, 0x0145, 0x0146, 0x0147,
    0x0148, 0x014A, 0x014B, 0x014C, 0x014D, 0x014E, 0x014F, 0x0150, 0x0151, 0x0152, 0x0153, 0x0154,
    0x0155, 0x0156, 0x0157, 0x0158, 0x0159, 0x015A, 0x015B, 0x015C, 0x015D, 0x015E, 0x015F, 0x0160,
    0x0161, 0x0162, 0x0163, 0x0164, 0x0165, 0x0166, 0x0167, 0x0168, 0x0169, 0x016A, 0x016B, 0x016C,
    0x016D, 0x016E, 0x016F, 0x0170, 0x0171, 0x0172, 0x0173, 0x0174, 0x0175, 0x0176, 0x0177, 0x0178,
    0x0179, 0x017A, 0x017B, 0x017C, 0x017D, 0x017E, 0x017F, 0x01A0, 0x01A1, 0x01AF, 0x01B0, 0x01C5,
    0x01C6, 0x01C8, 0x01C9, 0x01CB, 0x01CC, 0x01CD, 0x01CE, 0x01CF, 0x01D0, 0x01D1, 0x01D2, 0x01D3,
    0x01D4, 0x01D5, 0x01D6, 0x01D7, 0x01D8, 0x01D9, 0x01DA, 0x01DB, 0x01DC, 0x01DD, 0x01DE, 0x01DF,
    0x01E0, 0x01E1, 0x01E2, 0x01E3, 0x01E4, 0x01E5, 0x01E6, 0x01E7, 0x01E8, 0x01E9, 0x01EA, 0x01EB,
    0x01EC, 0x01ED, 0x01EF, 0x01F0, 0x01F2, 0x01F3, 0x01F4, 0x01F5, 0x01F6, 0x01F8, 0x01F9, 0x01FA,
    0x01FB, 0x01FC, 0x01FD, 0x01FE, 0x01FF, 0x0200, 0x0201, 0x0202, 0x0203, 0x0204, 0x0205, 0x0206,
    0x0207, 0x0208, 0x0209, 0x020A, 0x020B, 0x020C, 0x020D, 0x020E, 0x020F, 0x0210, 0x0211, 0x0212,
    0x0213, 0x0214, 0x0215, 0x0216, 0x0217, 0x0218, 0x0219, 0x021A, 0x021B, 0x021E, 0x021F, 0x0400,
    0x0401, 0x0402, 0x0403, 0x0404, 0x0405, 0x0406, 0x0407, 0x0408, 0x0409, 0x040A, 0x040B, 0x040C,
    0x040D, 0x040F, 0x0410, 0x0411, 0x0412, 0x0413, 0x0414, 0x0415, 0x0416, 0x0417, 0x0418, 0x0419,
    0x041A, 0x041B, 0x041C, 0x041D, 0x041E, 0x041F, 0x0420, 0x0421, 0x0422, 0x0423, 0x0424, 0x0425,
    0x0426, 0x0427, 0x0428, 0x0429, 0x042A, 0x042B, 0x042C, 0x042D, 0x042E, 0x0430, 0x0431, 0x0432,
    0x0433, 0x0434, 0x0435, 0x0436, 0x0437, 0x0438, 0x0439, 0x043A, 0x043B, 0x043C, 0x043D, 0x043E,
    0x043F, 0x0440, 0x0441, 0x0442, 0x0443, 0x0444, 0x0445, 0x0446, 0x0447, 0x0448, 0x0449, 0x044A,
    0x044B, 0x044C, 0x044D, 0x044E, 0x044F, 0x0450, 0x0451, 0x0452, 0x0453, 0x0454, 0x0455, 0x0456,
    0x0457, 0x0458, 0x0459, 0x045A, 0x045B, 0x045C, 0x045D, 0x045E, 0x045F, 0x0460, 0x0463, 0x0464,
    0x0465, 0x0466, 0x0467, 0x0468, 0x046C, 0x046E, 0x0472, 0x0473, 0x0474, 0x0475, 0x0476, 0x0477,
    0x0478, 0x0479, 0x0481, 0x048A, 0x048B, 0x048D, 0x048E, 0x048F, 0x0490, 0x0491, 0x0493, 0x0494,
    0x0495, 0x0497, 0x049A, 0x049B, 0x049C, 0x049D, 0x04A0, 0x04A1, 0x04A2, 0x04A3, 0x04A4, 0x04A5,
    0x04A6, 0x04A7, 0x04A9, 0x04AA, 0x04AB, 0x04AC, 0x04AD, 0x04AE, 0x04AF, 0x04B0, 0x04B1, 0x04B2,
    0x04B3, 0x04B4, 0x04B5, 0x04B7, 0x04B9, 0x04BA, 0x04BB, 0x04BD, 0x04C0, 0x04C1, 0x04C3, 0x04C4,
    0x04C6, 0x04C7, 0x04C8, 0x04C9, 0x04CA, 0x04CD, 0x04CE, 0x04CF, 0x04D0, 0x04D1, 0x04D2, 0x04D3,
    0x04D4, 0x04D5, 0x04D6, 0x04D7, 0x04D9, 0x04DA, 0x04DB, 0x04DC, 0x04E1, 0x04E2, 0x04E3, 0x04E4,
    0x04E5, 0x04E6, 0x04E7, 0x04E8, 0x04E9, 0x04EA, 0x04EB, 0x04ED, 0x04EF, 0x04F1, 0x04F3, 0x04F7,
    0x04F9, 0x04FB, 0x04FC, 0x04FD, 0x04FE, 0x04FF, 0x05D0, 0x05D1, 0x05D2, 0x05D3, 0x05D4, 0x05D6,
    0x05D7, 0x05D8, 0x05D9, 0x05DA, 0x05DB, 0x05DC, 0x05DD, 0x05DE, 0x05E1, 0x05E2, 0x05E3, 0x05E4,
    0x05E7, 0x05E8, 0x05E9, 0x05EA, 0x1EA0, 0x1EA1, 0x1EA2, 0x1EA3, 0x1EA4, 0x1EA5, 0x1EA6, 0x1EA7,
    0x1EA8, 0x1EA9, 0x1EAA, 0x1EAB, 0x1EAC, 0x1EAD, 0x1EAE, 0x1EAF, 0x1EB0, 0x1EB1, 0x1EB2, 0x1EB3,
    0x1EB4, 0x1EB5, 0x1EB6, 0x1EB7, 0x1EB8, 0x1EB9, 0x1EBA, 0x1EBB, 0x1EBC, 0x1EBD, 0x1EBE, 0x1EBF,
    0x1EC0, 0x1EC1, 0x1EC2, 0x1EC3, 0x1EC4, 0x1EC5, 0x1EC6, 0x1EC7, 0x1EC8, 0x1EC9, 0x1ECA, 0x1ECB,
    0x1ECC, 0x1ECD, 0x1ECE, 0x1ECF, 0x1ED0, 0x1ED1, 0x1ED2, 0x1ED3, 0x1ED4, 0x1ED5, 0x1ED6, 0x1ED7,
    0x1ED8, 0x1ED9, 0x1EDA, 0x1EDB, 0x1EDC, 0x1EDD, 0x1EDE, 0x1EDF, 0x1EE0, 0x1EE1, 0x1EE2, 0x1EE3,
    0x1EE4, 0x1EE5, 0x1EE6, 0x1EE7, 0x1EE8, 0x1EE9, 0x1EEA, 0x1EEB, 0x1EEC, 0x1EED, 0x1EEE, 0x1EEF,
    0x1EF0, 0x1EF1, 0x1EF2, 0x1EF3, 0x1EF4, 0x1EF5, 0x1EF6, 0x1EF7, 0x1EF8, 0x1EF9, 0x2018, 0x2019,
    0x201A, 0x201B, 0x201C, 0x201D, 0x201E, 0x201F, 0x2020, 0x2021, 0x2022, 0x2023, 0x2026, 0x2034,
    0x2039, 0x203A, 0x203D, 0x2043, 0x2044, 0x204A, 0x204B, 0x204C, 0x204D, 0x204F, 0x2074, 0x2077,
    0x2079, 0x207E, 0x207F, 0x2080, 0x2081, 0x2082, 0x2083, 0x2084, 0x2086, 0x2087, 0x2088, 0x2089,
    0x208A, 0x208B, 0x208C, 0x208D, 0x208E, 0x2091, 0x2092, 0x2093, 0x2095, 0x2096, 0x2097, 0x2098,
    0x2099, 0x209A, 0x209B, 0x209C, 0x20A1, 0x20A7, 0x20A8, 0x20A9, 0x20AB, 0x20B2, 0x20B4, 0x20B5,
    0x20B8, 0x20BF, 0x2192, 0x21D2, 0x2206, 0x2212, 0x221E, 0x222B, 0x2236, 0x2248, 0x2260, 0x2264,
    0x2265, 0xFB8E, 0xFBA6, 0xFBAA, 0xFE8D, 0xFEA3, 0xFEA9, 0xFEB1, 0xFEB3, 0xFEB9, 0xFEBB, 0xFEC1,
    0xFEC3, 0xFECB, 0xFEDB, 0xFEDF, 0xFEE1, 0xFEE3, 0xFEE9, 0xFEEB,
};

static const uint8_t inter_12_regularKernRightClassIds[] = {
      1,   2,   3,   4,   5,   1,   6,   7,   8,   9,  10,  11,  12,  13,  14,  15,
     16,  17,  18,  13,  19,  20,  21,  22,  22,  23,  24,  25,  26,  27,  28,  29,
     28,  28,  28,  29,  28,  28,  30,  28,  28,  28,  28,  29,  28,  29,  28,   3,
     31,  32,  33,  34,  35,  36,  37,  33,   6,  38,  39,  40,  28,  41,  41,  41,
     42,  41,  28,  43,  44,  28,  28,  45,  45,  41,  45,  41,  45,  46,  47,  48,
     49,  50,  51,  49,  52,  28,   6,  53,  41,  54,  29,  55,  56,  57,  58,  59,
     60,  24,  61,  62,  63,  64,  65,  55,  66,  67,  27,  27,  27,  27,  27,  27,
     27,  29,  28,  28,  28,  28,  28,  28,  68,  68,  69,  28,  29,  29,  29,  29,
     29,  70,  29,  32,  32,  32,  32,  36,  28,  28,  40,  40,  40,  71,  72,  40,
     40,  41,  41,  41,  41,  73,  74,  75,  76,  77,  41,  45,  41,  41,  41,  78,
     73,   8,  41,  48,  48,  48,  79,  49,  28,  80,  27,  81,  27,  40,  27,  40,
     29,  41,  29,  41,  29,  41,  29,  41,  28,  41,  82,  41,  28,  41,  28,  41,
     28,  41,  28,  41,  28,  41,  29,  41,  29,  41,  29,  41,  29,  41,  28,  28,
     28,  83,  68,  84,  68,  85,  68,  77,  28,  43,  28,  43,  43,  30,  86,  28,
     28,  45,  28,  28,  28,  28,  28,  28,  28,  28,  28,  28,  45,  28,  45,  28,
     45,  28,  45,  29,  87,  29,  41,  29,  41,  29,  41,  28,  45,  28,  45,  28,
     45,   3,  46,   3,  46,   3,  46,   3,  46,  88,  47,  89,  47,  90,  47,  32,
     91,  32,  48,  32,  48,  32,  48,  32,  48,  32,  48,  34,  50,  36,  49,  36,
     37,  52,  37,  52,  37,  52,  28,  29,  41,  32,  48,  92,  41,  28,  28,  28,
     45,  27,  40,  28,  93,  29,  41,  32,  48,  32,  48,  32,  48,  32,  48,  32,
     48,  87,  27,  40,  27,  40,  27,  40,  29,  41,  29,  41,  28,  28,  29,  41,
     29,  41,  47,  44,  28,  87,  29,  41,  92,  28,  45,  27,  40,  27,  40,  29,
     41,  27,  40,  27,  40,  28,  41,  28,  41,  68,  94,  68,  95,  29,  41,  29,
     41,  28,  45,  28,  45,  32,  48,  32,  48,   3,  46,  31,  47,  28,  28,  28,
     28,  31,  28,  29,   3,  28,  68,  30,  96,  28,  31,  28,  28,  28,  27,  28,
     28,  28,  97,  28,  98,  99,  92,  28,  28,  96,  28,  28,  29,  28,  28,  29,
     31,  33, 100,  35,  28, 101,  28,  28, 102,  28,  28,  29,  28,  40,  13,  45,
     45, 103,  41,  51,  41,  45,  45,  45, 104,  45,  45,  41,  45,  45,  41, 105,
     49,  41,  51,  45, 106,  45,  45, 107,  43,  45,  41,  45, 108,  41,  41,  28,
     45,  41,  46,  43,  77,  44, 104,  45,  28,  45,  45,  49,  48,  28,  47,  28,
     45,  27,  27,  28,  28,  28,  29,  41,  33,  49,  33,  49,  29,  41,  41,  92,
     45,  47,  28,  45,  28,  45,  47,  28,  45,  51,  28,  45,  28,  45,  31,  47,
     28,  45,  28,  45,  28,  45,  41,  29,  41,  31,  47,  36,  49, 109,  49,  35,
     51,  31,  47,  40,  40,  28,  28,  47,  28,  35,  28,  45, 104,  92,  45,  28,
     45,  28,  45,  28,  27,  40,  27,  40,  27,  40,  28,  41,  41,  29,  41,  35,
     47,  28,  45,  28,  45,  29,  41,  29,  41,  29,  41,  41,  49,  49,  49,  45,
     45,  47,  35,  51,  35,  51, 110, 111, 112, 113, 114, 115, 114, 116, 117, 114,
    116, 118, 114, 114, 116, 119, 114, 116, 118, 114, 119, 114,  27,  40,  27,  40,
     27,  40,  27,  40,  27,  40,  27,  40,  27,  40,  27,  40,  27,  40,  27,  40,
     27,  40,  27,  40,  28,  41,  28,  41,  28,  41,  28,  41,  28,  41,  28,  41,
     28,  41,  28,  41,  28,  43,  28,  43,  29,  41,  29,  41,  29,  41,  29,  41,
     29,  41,  29,  41,  29,  41,  29,  41,  29,  41,  29,  41,  29,  41,  29,  41,
     32,  48,  32,  48,  32,  48,  32,  48,  32,  48,  32,  48,  32,  48,  36,  49,
    120,  49, 120,  49, 120,  49, 121, 122, 123, 124, 121, 122, 123, 125,  55,  55,
    126, 126, 127, 128,  56,  66,  25, 126, 129,  47,  28, 126,  45,  22, 130, 131,
    132, 133, 134, 135, 135, 135, 135, 136, 135, 137, 135, 135, 135, 135, 135, 135,
    135, 135, 135, 135, 135, 135, 135, 135, 135, 135, 135, 135,  29,  28,  28,  54,
     41,  29, 138,  29, 139,  28,   8,  24,  27,   8, 140,  44,  22,  24,  24,  24,
     24, 141, 141, 141, 142, 141, 143, 143, 143, 143, 143, 143, 143, 142, 141, 142,
    141, 141, 141, 141,
};

static const uint16_t inter_12_regularKernRowOffsets[] = {
        0,    15,    27,    30,    47,    54,    56,    69,    92,   119,   125,   142,   154,   155,   165,   178,
      189,   194,   236,   243,   261,   279,   280,   303,   360,   370,   378,   383,   412,   429,   437,   475,
      515,   542,   563,   626,   673,   709,   747,   801,   817,   824,   881,   924,   942,   974,  1017,  1022,
     1032,  1049,  1105,  1125,  1168,  1189,  1236,  1256,  1280,  1289,  1312,  1322,  1328,  1335,  1344,  1346,
     1368,  1369,  1390,  1413,  1440,  1450,  1455,  1468,  1482,  1492,  1497,  1507,  1537,  1555,  1587,  1605,
     1637,  1657,  1687,  1717,  1747,  1757,  1797,  1809,  1849,  1852,  1864,  1904,  1916,  1979,  2042,  2105,
     2129,  2133,  2136,  2141,  2150,  2159,  2169,  2201,  2202,  2223,  2228,  2238,  2268,  2276,  2314,  2337,
     2342,  2372,  2428,  2449,  2503,  2506,  2514,  2515,  2517,  2519,  2521,  2522,  2525,  2527,  2537,  2569,
     2573,  2627,  2647,  2698,  2724,  2737,  2764,  2765,  2767,  2771,  2773,  2794,  2795,  2796,  2797,  2798,
     2803,  2804,  2807,
};

static const uint8_t inter_12_regularKernSparseCols[] = {
      4,   8,  10,  16,  26,  29,  40,  45,  72,  77,  86,  95,  96, 107, 126,  30,
     34,  76,  83,  84,  87,  88,  89,  94,  97, 101, 135, 120, 121, 127,   0,  30,
     32,  33,  35,  48,  49,  54,  58,  79,  87,  88,  89, 101, 108, 119, 120,  40,
     43,  72,  77,  85,  86,  93,  93, 120,   4,   8,  10,  16,  25,  26,  28,  29,
     38,  95,  96,  99, 126,  14,  15,  18,  26,  29,  30,  32,  33,  34,  35,  48,
     50,  62,  79,  87,  88,  89,  97,  98, 101, 108, 119, 120,   0,  12,  13,  15,
     17,  18,  19,  20,  24,  25,  28,  30,  35,  62,  87,  88,  89,  98,  99, 101,
    105, 108, 119, 121, 123, 124, 127,   8,  10,  26,  29,  93, 126,   8,  10,  18,
     26,  32,  34,  35,  38,  46,  97, 104, 106, 108, 119, 120, 122, 126,  46,  48,
     68,  76,  79,  81,  83,  84,  93,  94, 104, 106,  16,   6,   8,  10,  34,  37,
     55,  59,  97, 122, 126,   6,   8,  10,  13,  18,  37,  46,  58,  59,  62, 104,
    106, 126,   6,   8,  10,  13,  37,  46,  58,  59, 104, 106, 126,   8,  10,  38,
    122, 126,   1,   3,   4,   6,   8,  10,  12,  15,  16,  17,  18,  19,  20,  21,
     22,  26,  29,  37,  38,  39,  40,  44,  45,  55,  59,  70,  71,  72,  76,  77,
     80,  83,  84,  86,  94,  95,  96,  98, 107, 122, 126, 135,  30,  32,  87,  88,
     89, 101, 120,  26,  30,  32,  33,  34,  35,  48,  50,  79,  87,  88,  89,  97,
    101, 108, 119, 120, 138,  18,  30,  32,  33,  34,  35,  36,  87,  88,  89,  95,
     96,  97, 101, 108, 119, 120, 138,  26,   8,  10,  11,  26,  30,  32,  33,  34,
     35,  38,  58,  87,  88,  89,  97, 101, 108, 119, 120, 122, 126, 134, 135,   0,
      6,   7,   9,  11,  12,  13,  23,  24,  25,  26,  28,  30,  31,  32,  33,  35,
     37,  40,  42,  46,  48,  49,  52,  54,  55,  56,  58,  59,  62,  63,  65,  69,
     72,  73,  74,  75,  77,  79,  86,  87,  88,  89,  92,  99, 101, 104, 105, 106,
    108, 119, 120, 121, 125, 127, 128, 138,  30,  76,  83,  84,  87,  88,  89,  94,
    101, 120,  26,  34,  38,  76,  83,  84,  94,  97,  76,  83,  84,  93,  94,   8,
     10,  11,  25,  26,  28,  29,  38,  39,  40,  44,  47,  48,  51,  61,  70,  71,
     72,  77,  78,  79,  80,  86,  90,  93,  99, 122, 126, 135,  26,  30,  32,  34,
     35,  76,  83,  84,  87,  88,  89,  93,  94,  97, 101, 108, 119,   8,  10,  11,
     26,  38,  93, 122, 126,   2,   7,   9,  22,  23,  25,  28,  40,  42,  47,  48,
     49,  52,  55,  56,  58,  61,  63,  69,  72,  73,  74,  75,  76,  77,  78,  79,
     83,  84,  86,  90,  92,  93,  94,  99, 105, 125, 139,   0,   6,   7,   9,  13,
     24,  25,  28,  30,  32,  35,  37,  46,  48,  52,  54,  55,  56,  58,  59,  62,
     63,  69,  79,  87,  88,  89,  99, 101, 104, 105, 106, 108, 119, 120, 121, 123,
    124, 125, 127,   4,   7,   8,   9,  10,  26,  29,  30,  39,  40,  44,  52,  56,
     63,  70,  71,  72,  77,  80,  86,  87,  88,  89, 101, 122, 126, 135,  30,  32,
     35,  39,  40,  70,  71,  72,  76,  77,  80,  83,  84,  86,  87,  88,  89,  94,
    101, 108, 119,   4,   7,   8,   9,  10,  11,  12,  16,  18,  21,  22,  23,  25,
     26,  28,  29,  35,  38,  39,  40,  41,  44,  45,  46,  47,  48,  49,  50,  51,
     52,  55,  56,  61,  63,  65,  69,  70,  71,  72,  76,  77,  78,  79,  80,  83,
     84,  86,  90,  93,  94,  95,  96,  99, 104, 105, 106, 107, 108, 119, 122, 125,
    126, 135,   4,   7,   8,   9,  10,  11,  12,  16,  21,  22,  23,  25,  26,  28,
     29,  32,  38,  39,  40,  44,  45,  52,  55,  56,  63,  69,  70,  71,  72,  76,
     77,  80,  83,  84,  86,  93,  94,  95,  96,  99, 105, 107, 122, 125, 126, 134,
    135,   4,   7,   8,   9,  10,  16,  21,  22,  23,  25,  26,  28,  29,  33,  39,
     40,  44,  45,  52,  55,  56,  63,  70,  71,  72,  77,  80,  86,  93,  99, 105,
    107, 122, 126, 134, 135,   2,   7,   9,  12,  15,  16,  19,  22,  23,  25,  28,
     30,  39,  40,  52,  55,  56,  58,  63,  69,  70,  71,  72,  77,  80,  86,  87,
     88,  89,  93,  98,  99, 100, 101, 104, 105, 125, 137,   4,   7,   8,   9,  10,
     16,  21,  22,  23,  25,  26,  28,  29,  30,  39,  40,  42,  44,  45,  47,  52,
     55,  56,  58,  61,  63,  65,  69,  70,  71,  72,  73,  74,  75,  77,  78,  80,
     86,  87,  88,  89,  90,  92,  93,  99, 101, 105, 107, 122, 125, 126, 134, 135,
    139,   7,   9,  22,  25,  28,  52,  55,  56,  63,  76,  83,  84,  93,  94,  99,
    105,  40,  43,  72,  77,  85,  86,  93,   0,   6,   7,   9,  11,  12,  13,  23,
     24,  25,  26,  28,  30,  31,  32,  33,  35,  37,  40,  42,  46,  48,  49,  52,
     54,  55,  56,  58,  59,  62,  63,  65,  69,  72,  73,  74,  75,  77,  79,  86,
     87,  88,  89,  92,  99, 101, 104, 105, 106, 108, 119, 120, 121, 125, 127, 128,
    138,   6,  12,  13,  15,  16,  17,  19,  20,  25,  27,  28,  30,  31,  32,  37,
     42,  43,  44,  48,  59,  62,  73,  74,  75,  79,  82,  85,  87,  88,  89,  91,
     92,  95,  96,  98,  99, 100, 101, 102, 103, 105, 120, 138,   0,  13,  30,  32,
     33,  35,  48,  58,  79,  87,  88,  89, 101, 108, 119, 120, 121, 127,   0,   5,
     13,  26,  30,  32,  33,  34,  35,  39,  48,  49,  50,  51,  54,  58,  70,  71,
     79,  80,  87,  88,  89,  93,  97, 101, 105, 108, 119, 120, 121, 127,   7,   8,
      9,  10,  11,  16,  26,  29,  35,  38,  39,  40,  41,  45,  46,  49,  52,  55,
     56,  63,  69,  70,  71,  72,  76,  77,  80,  83,  84,  86,  93,  94,  95,  96,
    104, 106, 107, 108, 119, 122, 125, 126, 135,  30,  87,  88,  89, 101,   5,  46,
     53,  76,  83,  84,  93,  94, 104, 106,   7,   9,  16,  22,  30,  40,  52,  55,
     56,  63,  72,  77,  86,  87,  88,  89, 101,   7,   8,   9,  10,  11,  22,  26,
     27,  29,  30,  36,  39,  40,  41,  42,  43,  44,  46,  48,  49,  50,  52,  56,
     63,  70,  71,  72,  73,  74,  75,  76,  77,  79,  80,  82,  83,  84,  85,  86,
     87,  88,  89,  91,  92,  94, 101, 102, 103, 104, 106, 120, 121, 122, 126, 127,
    135,   0,  30,  32,  33,  35,  46,  48,  58,  79,  87,  88,  89, 101, 104, 105,
    106, 108, 119, 120, 122,   7,   9,  16,  22,  30,  32,  33,  35,  39,  40,  41,
     43,  45,  46,  48,  49,  52,  56,  63,  69,  70,  71,  72,  77,  79,  80,  85,
     86,  87,  88,  89,  93, 101, 104, 106, 107, 108, 119, 120, 121, 125, 127, 135,
      7,   9,  11,  22,  30,  35,  38,  52,  56,  63,  81,  87,  88,  89, 101, 108,
    119, 120, 121, 127, 135,   7,   8,   9,  10,  11,  22,  23,  26,  27,  29,  30,
     35,  38,  39,  40,  41,  45,  46,  52,  55,  56,  63,  70,  71,  72,  77,  80,
     82,  86,  87,  88,  89,  91,  93, 101, 102, 103, 104, 106, 107, 108, 119, 121,
    122, 126, 127, 135,   4,   8,  10,  26,  29,  30,  36,  40,  55,  72,  77,  86,
     87,  88,  89, 101, 121, 122, 126, 127,   7,   9,  23,  30,  39,  40,  41,  46,
     52,  55,  56,  63,  70,  71,  72,  77,  80,  86,  87,  88,  89, 101, 104, 106,
     30,  40,  72,  77,  86,  87,  88,  89, 101,  14,  15,  18,  26,  29,  30,  32,
     33,  34,  35,  48,  50,  62,  79,  87,  88,  89,  97,  98, 101, 108, 119, 120,
     30,  32,  35,  87,  88,  89, 101, 108, 119, 120,  42,  73,  74,  75,  92,  93,
      4,  26,  29,  40,  72,  77,  86,  26,  30,  35,  87,  88,  89, 101, 108, 119,
    110, 112,   4,  16,  25,  26,  28,  29,  34,  35,  39,  40,  45,  70,  71,  72,
     77,  80,  86,  97,  99, 107, 108, 119, 129,   7,   9,  11,  22,  30,  35,  38,
     52,  56,  63,  81,  87,  88,  89, 101, 108, 119, 120, 121, 127, 135,  14,  15,
     18,  26,  29,  30,  32,  33,  34,  35,  48,  50,  62,  79,  87,  88,  89,  97,
     98, 101, 108, 119, 120,  13,  14,  15,  18,  19,  26,  30,  32,  33,  34,  35,
     36,  48,  49,  50,  79,  87,  88,  89,  95,  96,  97,  98, 101, 108, 119, 120,
     30,  32,  33,  87,  88,  89, 101, 120, 121, 127,  76,  83,  84,  93,  94,  26,
     30,  32,  34,  35,  87,  88,  89,  97, 101, 108, 119, 138,   8,  10,  26,  29,
     30,  32,  36,  87,  88,  89, 101, 120, 122, 126,  30,  76,  83,  84,  87,  88,
     89,  94, 101, 120,  30,  87,  88,  89, 101,   5,  46,  53,  76,  83,  84,  93,
     94, 104, 106,  13,  18,  27,  30,  32,  36,  41,  42,  43,  44,  46,  67,  73,
     74,  75,  76,  82,  83,  84,  85,  87,  88,  89,  91,  92,  93,  94, 101, 104,
    106,   0,  13,  30,  32,  33,  35,  48,  58,  79,  87,  88,  89, 101, 108, 119,
    120, 121, 127,   0,   5,  13,  26,  30,  32,  33,  34,  35,  39,  48,  49,  50,
     51,  54,  58,  70,  71,  79,  80,  87,  88,  89,  93,  97, 101, 105, 108, 119,
    120, 121, 127,   0,  13,  30,  32,  33,  35,  48,  58,  79,  87,  88,  89, 101,
    108, 119, 120, 121, 127,   0,   5,   6,  13,  18,  27,  30,  37,  42,  43,  44,
     54,  58,  59,  73,  74,  75,  76,  82,  83,  84,  85,  87,  88,  89,  91,  92,
     93,  94, 101, 120, 135,  27,  30,  42,  43,  73,  74,  75,  76,  82,  83,  84,
     85,  87,  88,  89,  91,  92,  93,  94, 101,  13,  18,  27,  30,  32,  36,  41,
     42,  43,  44,  46,  67,  73,  74,  75,  76,  82,  83,  84,  85,  87,  88,  89,
     91,  92,  93,  94, 101, 104, 106,  13,  18,  27,  30,  32,  36,  41,  42,  43,
     44,  46,  67,  73,  74,  75,  76,  82,  83,  84,  85,  87,  88,  89,  91,  92,
     93,  94, 101, 104, 106,  13,  18,  27,  30,  32,  36,  41,  42,  43,  44,  46,
     67,  73,  74,  75,  76,  82,  83,  84,  85,  87,  88,  89,  91,  92,  93,  94,
    101, 104, 106,   5,  46,  53,  76,  83,  84,  93,  94, 104, 106,   0,   6,   7,
      9,  13,  24,  25,  28,  30,  32,  35,  37,  46,  48,  52,  54,  55,  56,  58,
     59,  62,  63,  69,  79,  87,  88,  89,  99, 101, 104, 105, 106, 108, 119, 120,
    121, 123, 124, 125, 127,  46,  48,  68,  76,  79,  81,  83,  84,  93,  94, 104,
    106,   0,   6,   7,   9,  13,  24,  25,  28,  30,  32,  35,  37,  46,  48,  52,
     54,  55,  56,  58,  59,  62,  63,  69,  79,  87,  88,  89,  99, 101, 104, 105,
    106, 108, 119, 120, 121, 123, 124, 125, 127,  35, 108, 119,  46,  48,  68,  76,
     79,  81,  83,  84,  93,  94, 104, 106,   0,   6,   7,   9,  13,  24,  25,  28,
     30,  32,  35,  37,  46,  48,  52,  54,  55,  56,  58,  59,  62,  63,  69,  79,
     87,  88,  89,  99, 101, 104, 105, 106, 108, 119, 120, 121, 123, 124, 125, 127,
     46,  48,  68,  76,  79,  81,  83,  84,  93,  94, 104, 106,   4,   7,   8,   9,
     10,  11,  12,  16,  18,  21,  22,  23,  25,  26,  28,  29,  35,  38,  39,  40,
     41,  44,  45,  46,  47,  48,  49,  50,  51,  52,  55,  56,  61,  63,  65,  69,
     70,  71,  72,  76,  77,  78,  79,  80,  83,  84,  86,  90,  93,  94,  95,  96,
     99, 104, 105, 106, 107, 108, 119, 122, 125, 126, 135,   4,   7,   8,   9,  10,
     11,  12,  16,  18,  21,  22,  23,  25,  26,  28,  29,  35,  38,  39,  40,  41,
     44,  45,  46,  47,  48,  49,  50,  51,  52,  55,  56,  61,  63,  65,  69,  70,
     71,  72,  76,  77,  78,  79,  80,  83,  84,  86,  90,  93,  94,  95,  96,  99,
    104, 105, 106, 107, 108, 119, 122, 125, 126, 135,   4,   7,   8,   9,  10,  11,
     12,  16,  18,  21,  22,  23,  25,  26,  28,  29,  35,  38,  39,  40,  41,  44,
     45,  46,  47,  48,  49,  50,  51,  52,  55,  56,  61,  63,  65,  69,  70,  71,
     72,  76,  77,  78,  79,  80,  83,  84,  86,  90,  93,  94,  95,  96,  99, 104,
    105, 106, 107, 108, 119, 122, 125, 126, 135,  39,  40,  41,  44,  45,  46,  47,
     48,  49,  50,  51,  61,  70,  71,  72,  77,  78,  79,  80,  86,  90, 104, 106,
    107,   8,  10,  26, 126,   8,  10, 126,  30,  87,  88,  89, 101,  40,  46,  48,
     72,  77,  79,  86, 104, 106,  30,  40,  72,  77,  86,  87,  88,  89, 101,   5,
     46,  53,  76,  83,  84,  93,  94, 104, 106,   0,   5,  13,  26,  30,  32,  33,
     34,  35,  39,  48,  49,  50,  51,  54,  58,  70,  71,  79,  80,  87,  88,  89,
     93,  97, 101, 105, 108, 119, 120, 121, 127,  93,   7,   9,  11,  22,  30,  35,
     38,  52,  56,  63,  81,  87,  88,  89, 101, 108, 119, 120, 121, 127, 135,  76,
     83,  84,  93,  94,   5,  46,  53,  76,  83,  84,  93,  94, 104, 106,  13,  18,
     27,  30,  32,  36,  41,  42,  43,  44,  46,  67,  73,  74,  75,  76,  82,  83,
     84,  85,  87,  88,  89,  91,  92,  93,  94, 101, 104, 106,  30,  38,  87,  88,
     89,  95,  96, 101,   2,   7,   9,  12,  15,  16,  19,  22,  23,  25,  28,  30,
     39,  40,  52,  55,  56,  58,  63,  69,  70,  71,  72,  77,  80,  86,  87,  88,
     89,  93,  98,  99, 100, 101, 104, 105, 125, 137,   8,  10,  11,  26,  30,  32,
     33,  34,  35,  38,  58,  87,  88,  89,  97, 101, 108, 119, 120, 122, 126, 134,
    135,   8,  10,  38, 122, 126,   0,   6,   7,   8,   9,  10,  12,  16,  19,  37,
     40,  41,  46,  48,  49,  52,  56,  59,  62,  63,  72,  77,  79,  86, 104, 105,
    106, 121, 126, 127,   7,   8,   9,  10,  11,  22,  26,  27,  29,  30,  36,  39,
     40,  41,  42,  43,  44,  46,  48,  49,  50,  52,  56,  63,  70,  71,  72,  73,
     74,  75,  76,  77,  79,  80,  82,  83,  84,  85,  86,  87,  88,  89,  91,  92,
     94, 101, 102, 103, 104, 106, 120, 121, 122, 126, 127, 135,   5,  30,  32,  34,
     35,  46,  48,  49,  50,  54,  79,  87,  88,  89,  97, 101, 104, 106, 108, 119,
    120,   4,   7,   8,   9,  10,  16,  21,  22,  23,  25,  26,  28,  29,  30,  39,
     40,  42,  44,  45,  47,  52,  55,  56,  58,  61,  63,  65,  69,  70,  71,  72,
     73,  74,  75,  77,  78,  80,  86,  87,  88,  89,  90,  92,  93,  99, 101, 105,
    107, 122, 125, 126, 134, 135, 139,  57, 115, 118,  57, 109, 110, 111, 112, 113,
    115, 117, 112, 110, 117, 113, 117, 116, 117, 115, 111, 114, 115,  57, 115,   5,
     46,  53,  76,  83,  84,  93,  94, 104, 106,   0,   5,  13,  26,  30,  32,  33,
     34,  35,  39,  48,  49,  50,  51,  54,  58,  70,  71,  79,  80,  87,  88,  89,
     93,  97, 101, 105, 108, 119, 120, 121, 127,   8,  10,  93, 126,   4,   7,   8,
      9,  10,  16,  21,  22,  23,  25,  26,  28,  29,  30,  39,  40,  42,  44,  45,
     47,  52,  55,  56,  58,  61,  63,  65,  69,  70,  71,  72,  73,  74,  75,  77,
     78,  80,  86,  87,  88,  89,  90,  92,  93,  99, 101, 105, 107, 122, 125, 126,
    134, 135, 139,   4,   8,  10,  11,  16,  26,  29,  40,  45,  66,  72,  77,  86,
     95,  96, 102, 103, 107, 122, 126,   1,   4,   7,   8,   9,  10,  11,  12,  16,
     18,  19,  21,  22,  23,  25,  26,  28,  29,  38,  39,  40,  44,  45,  46,  47,
     48,  52,  55,  56,  61,  62,  63,  66,  70,  71,  72,  77,  78,  79,  80,  86,
     90,  95,  96,  99, 102, 103, 104, 106, 107, 126,  13,  30,  32,  33,  35,  39,
     48,  70,  71,  79,  80,  87,  88,  89,  95,  96, 100, 101, 102, 103, 104, 108,
    119, 120, 121, 127,  26,  30,  32,  34,  35,  87,  88,  89,  97, 101, 108, 119,
    138,   0,  12,  13,  15,  17,  18,  19,  20,  24,  25,  28,  30,  35,  62,  87,
     88,  89,  98,  99, 101, 105, 108, 119, 121, 123, 124, 127, 132,  64, 130, 129,
    130, 131, 133,  60, 130,  13,  25,  28,  30,  32,  33,  35,  43,  48,  79,  85,
     87,  88,  89,  99, 100, 101, 108, 119, 135, 136, 134, 135,  93,  12,   8,  10,
     11,  38, 126,  57, 140, 141, 142,
};

static const int8_t inter_12_regularKernSparseValues[] = {
     -13,  -33,  -33,  -25,  -32,  -66,   -9,   -3,   -9,   -9,   -9,  -18,  -18,   -3,  -33,   -3,
      -4,   18,   18,   18,   -3,   -3,   -3,   18,   -4,   -3,  -26,  -25,  -27,  -27,  -13,  -23,
     -25,  -16,  -29,  -13,  -13,  -16,   -9,  -13,  -23,  -23,  -23,  -23,  -29,  -29,  -36,   -4,
      11,   -4,   -4,   11,   -4,   57,    3,  -13,  -13,  -54,  -54,  -18,   -4,  -32,   -4,  -38,
     -27,  -13,  -13,   -4,  -54,  -13,   -4,   -9,  -13,  -18,  -29,  -20,  -20,  -15,  -32,   -1,
      -9,   -7,   -1,  -43,  -43,  -29,  -58,  -25,  -57,  -32,  -32,  -25,  -33,  -10,  -36,   -9,
      -6,   -6,   -8,   -3,  -40,  -18,  -18,  -13,  -13,  -21,  -13,  -13,  -13,   -9,  -18,  -13,
     -18,  -13,  -27,  -23,  -54,  -54,  -23,  -16,  -16,  -10,  -25,   27,  -16,  -10,  -10,   -8,
      -2,   -5,  -14,  -13,  -18,    6,  -14,    6,    6,  -13,  -13,  -18,  -20,  -10,    5,    2,
      13,   25,    2,   13,   25,   25,   19,   25,    5,    5,   -6,   -7,   -9,   -9,   -8,   -7,
     -13,   -7,   -8,  -20,   -9,  -10,  -13,  -13,  -10,   -4,  -10,   -2,   -2,  -10,  -16,   -2,
      -2,  -13,   -2,  -11,  -11,   -2,   -2,   -1,   -2,   -2,   -1,   -1,  -11,  -13,  -13,  -18,
     -18,  -13,  -23,    1,  -18,    2,  -50,  -50,   -6,   -7,  -23,   -4,    8,   -6,   -4,  -13,
     -36,  -43,  -38,    2,  -63,  -18,  -20,  -20,  -18,  -25,    2,  -18,  -18,  -20,   36,  -20,
     -18,   36,   36,  -20,   36,  -41,  -41,   -7,  -18,  -57,  -50,  -36,  -13,  -25,  -13,  -13,
     -13,  -34,  -18,  -20,  -18,  -27,  -25,  -20,  -38,  -16,  -13,  -16,  -18,  -18,  -18,  -20,
     -18,  -38,  -38,  -23,  -16,  -29,  -32,  -29,  -29,  -23,  -36,  -25,  -32,  -32,  -32,  -13,
     -13,  -20,  -29,  -36,  -36,  -38,  -29,  -25,  -18,  -18,  -16,  -13,  -13,  -13,   -2,  -16,
     -15,  -16,   -2,  -13,  -13,  -13,  -36,  -27,  -15,  -15,  -13,  -16,  -18,  -16,  -40,  -32,
     -32,  -13,  -13,    8,   -2,  -17,  -20,  -25,  -13,    5,  -13,  -35,  -10,  -30,  -23,  -32,
     -32,   -2,    2,   -9,  -27,  -27,  -13,  -29,  -13,  -13,  -28,  -32,  -20,  -13,  -13,  -13,
      -2,    2,    2,    2,   -2,  -27,   -2,  -35,  -35,  -58,    2,  -13,  -35,   -9,  -28,   -9,
     -32,  -32,  -52,  -41,  -13,  -41,   -3,  -20,  -21,   13,   13,   13,  -21,  -21,  -21,   13,
     -21,  -20,   -7,   -2,  -16,   13,   13,   13,   13,   -2,   29,   29,   29,   22,   29,  -16,
     -29,   -1,   -1,  -36,   -1,  -27,  -13,   -9,  -13,  -10,  -13,  -13,  -13,  -13,   -9,   -9,
     -13,  -13,  -13,  -13,   -9,  -13,  -13,   46,   -1,  -48,  -50,  -23,   -9,  -12,   -9,   -2,
      -9,   13,   13,   13,  -12,  -12,  -12,    9,   13,   -2,  -12,   -9,   -9,  -13,  -13,  -23,
     -10,  -20,   19,  -32,  -13,   -5,  -43,  -43,  -27,  -13,  -14,  -14,  -16,    5,  -13,  -16,
     -25,  -43,  -20,  -63,   -6,  -13,  -61,  -13,  -16,    5,    5,    5,   34,  -16,  -13,  -16,
      34,   34,  -16,  -13,    5,   34,   34,  -14,  -41,  -13,  -13,  -36,  -68,  -34,  -54,  -18,
      -7,  -11,  -11,  -39,  -27,  -23,  -52,   -9,  -27,  -50,  -38,  -25,  -86,  -32,  -70,  -35,
     -59,  -13,  -27,  -39,  -39,  -39,  -11,  -39,   -9,  -60,   -9,  -23,  -45,  -34,  -16,  -18,
     -18,  -13,  -43,  -13,  -18,  -16,  -18,  -29,  -29,  -38,   -1,   -2,   -4,   -1,  -18,  -18,
     -18,   -2,   -2,   -4,   -4,   -2,   -4,   -1,   -1,   -1,   -1,  -57,  -54,  -32,   -2,   -7,
     -10,   -2,   -6,   -2,   -2,   -6,   18,   -6,   -2,   18,   18,   -6,   -2,   -2,   -2,   18,
      -2,  -10,  -10,  -13,  -29,  -13,  -29,  -13,  -52,  -13,  -27,  -32,  -13,  -32,  -13,  -13,
     -35,  -13,  -36,    6,  -23,  -33,  -35,   -1,  -26,  -33,  -33,  -31,  -29,  -29,  -28,  -23,
     -29,  -52,  -29,  -72,  -61,  -20,  -13,  -49,  -49,  -55,   36,  -55,  -55,  -43,  -33,   36,
      36,  -35,  -47,   51,   36,  -53,  -53,  -13,  -33,  -25,  -33,  -33,    6,    6,  -48,  -13,
     -47,  -50,  -20,  -20,  -38,  -20,  -38,  -19,   -5,  -13,  -25,  -29,  -25,  -27,  -30,  -13,
     -38,    7,  -32,  -21,  -22,   -4,  -18,  -20,  -23,  -45,  -36,  -16,  -21,  -37,  -22,   34,
     -40,  -21,   34,   34,  -22,   16,   34,  -49,  -49,  -13,   -6,  -18,  -45,  -16,  -38,  -53,
     -61,  -20,  -20,  -38,  -20,  -38,  -13,  -20,  -29,  -25,   -2,  -23,   -2,  -25,    9,  -20,
     -20,  -12,  -13,  -20,  -23,  -20,  -34,  -20,  -20,  -20,  -20,  -20,  -20,   34,   -2,  -12,
     -13,  -43,  -38,  -35,  -43,   -4,  -15,  -15,  -14,   -8,  -16,   -8,  -23,  -20,  -16,  -16,
     -12,  -23,  -11,  -29,  -16,  -35,   -3,  -33,  -18,  -23,  -23,  -11,  -11,  -23,  -11,  -12,
     -12,  -12,   34,   -8,  -36,  -13,  -12,  -25,  -32,  -18,  -13,  -25,  -32,  -13,  -32,  -13,
     -27,  -25,  -41,  -38,  -15,  -32,  -15,  -13,    6,  -31,  -33,  -11,  -18,  -27,  -16,  -32,
     -36,  -52,   -3,  -16,  -52,  -25,  -34,  -58,  -49,  -33,  -11,  -23,  -11,  -33,  -16,  -51,
     -55,    6,    6,    6,  -16,  -11,   34,  -15,    6,  -23,  -27,  -43,  -16,  -52,  -60,  -71,
     -13,  -16,  -16,  -25,  -13,  -13,  -16,  -13,  -16,  -29,   34,   34,   34,   13,   34,  -13,
     -12,   -4,   11,   -4,   -4,   11,   -4,   34,  -32,  -32,  -13,  -13,    8,   -2,  -17,  -20,
     -25,  -13,    5,  -13,  -51,  -10,  -49,  -46,  -32,  -32,   -2,    2,   -9,  -47,  -27,  -13,
     -29,  -13,  -13,  -28,  -32,  -20,  -13,  -13,  -13,   -2,    2,    2,    2,   -2,  -47,   -2,
     -51,  -51,  -51,    2,  -13,  -51,   -9,  -28,   -9,  -32,  -32,  -69,  -63,  -13,  -63,   -3,
     -20,  -27,  -18,  -43,  -18,  -23,  -18,  -18,  -18,  -16,   11,  -16,  -23,  -16,  -32,  -27,
      11,   38,   11,  -32,  -27,  -18,   11,   11,   11,  -32,   11,   38,  -23,  -23,  -23,   11,
      11,   23,   23,  -18,  -16,  -43,  -20,   18,   18,   -4,  -16,  -20,   -4,  -16,  -30,  -20,
     -20,  -29,   -7,   -3,   -7,  -30,  -30,  -30,  -30,  -29,  -29,  -18,  -10,  -10,   -9,   -4,
     -13,  -12,  -36,  -22,  -20,  -11,  -35,    4,   -8,   -7,  -10,   -6,  -13,   -4,    4,    4,
      -8,    4,  -36,  -36,  -36,   14,  -11,  -36,   -5,  -69,  -35,  -25,   -9,   -9,  -11,  -23,
     -11,  -23,  -11,  -25,  -13,  -25,    4,   -6,   -6,  -10,  -15,   -9,  -14,    7,  -11,  -16,
     -11,  -11,   -9,   -6,   -6,  -10,   40,  -10,   -6,   40,   56,  -10,   18,   54,  -28,  -28,
     -14,  -14,   -9,    4,    4,  -36,   -9,  -23,  -16,  -20,  -20,  -20,  -20,  -20,    3,    1,
       3,   28,   41,   28,   34,   41,    1,    1,  -18,  -18,  -18,  -34,  -23,   -9,  -18,  -20,
     -45,  -18,   -9,   -9,   -9,  -23,  -23,  -23,  -23,  -16,  -25,  -16,  -25,  -13,  -16,  -16,
       4,  -23,  -23,  -13,   -1,   -6,    6,    3,    5,    5,    6,    6,    3,    5,  -16,  -29,
     -16,   -1,   -1,   -6,    3,    3,    3,   11,   -6,    6,   -1,    4,   11,   11,    5,   -6,
     -23,  -23,  -23,    4,    3,   11,  -23,   -9,   -9,    6,    6,  -16,    6,  -32,  -25,    6,
     -20,   -3,  -29,  -18,  -13,  -29,    1,   -1,   -3,   -1,  -29,  -29,  -29,  -29,    1,   -1,
       1,  -29,  -29,  -20,   -4,   -8,   -8,   -6,  -11,  -13,   -4,   -4,   -6,    3,   -4,   -8,
       4,   -4,   -3,    9,    7,   -8,   -8,   -8,   -4,    3,    3,   -4,   -4,    9,    3,    4,
      -4,  -13,  -13,  -13,   18,  -13,   -3,   -3,   -4,   -6,   -6,  -16,    3,   -4,    3,   13,
     -16,  -16,  -13,  -16,  -20,  -23,  -13,  -16,  -29,  -16,    3,  -20,  -50,  -20,  -20,  -23,
     -23,  -16,    6,    6,  -25,  -13,  -19,  -13,  -19,  -23,  -13,  -16,  -27,    2,  -25,  -13,
     -13,  -32,   -3,   -8,    6,   -1,    6,  -13,  -16,  -13,  -13,   -3,   -3,   -8,   -8,   -3,
       2,   -8,  -13,  -38,  -13,    2,    3,  -13,  -18,  -18,    6,    6,   -1,  -13,  -13,    3,
     -32,  -49,    3,  -20,  -13,  -29,  -29,  -27,  -23,  -20,  -13,   -7,  -13,   -7,   -7,   -7,
     -20,  -20,  -20,  -20,    4,  -32,  -29,    4,   -9,   -9,  -13,  -25,   -1,  -10,    7,    7,
      -9,  -13,   -9,   -9,   -1,   -1,  -10,  -10,   -1,  -10,  -25,  -25,  -25,  -25,    7,    7,
     -13,   -6,   -6,   -6,   -6,  -13,  -13,  -13,  -13,  -13,   -4,   -9,  -13,  -18,  -29,  -20,
     -20,  -29,  -32,   -1,   -9,   -7,   -1,  -43,  -43,  -29,  -29,  -25,  -57,  -32,  -32,  -25,
     -27,  -13,  -27,  -27,  -27,  -27,  -27,  -27,  -27,  -13,   13,   13,   13,   13,   13,   18,
     -16,  -29,  -29,  -13,  -13,  -13,  -13,  -13,  -20,  -25,  -20,  -20,  -20,  -47,  -25,  -25,
     -12,  -12,  -13,  -20,   -2,  -28,   -2,  -28,   -3,   -3,   -4,  -11,   -4,   -4,   -4,  -11,
     -11,   -4,  -11,   -3,   -2,   -4,   -3,   -3,   -4,  -16,  -16,  -13,  -16,  -20,  -23,  -13,
     -16,  -29,  -16,    3,  -20,  -50,  -20,  -20,  -23,  -23,  -36,    6,    6,  -25,  -13,   -4,
      -9,  -13,  -18,  -61,  -36,  -20,  -33,  -52,   -1,   -9,   -7,   -1,  -61,  -61,  -61,  -33,
     -25,  -61,  -52,  -52,  -25,  -16,  -20,  -18,  -20,  -13,  -13,  -52,  -25,  -23,  -16,  -36,
     -13,  -13,  -13,  -13,  -13,  -52,  -52,  -52,  -13,  -13,  -36,  -18,  -79,  -36,  -36,  -34,
     -27,  -33,  -29,  -27,  -27,  -27,  -27,  -25,  -13,  -13,    9,    9,    9,   16,    9,  -13,
     -36,  -16,  -18,  -18,  -36,  -36,  -36,  -18,  -36,  -18,  -18,  -13,  -41,  -41,  -16,  -16,
     -23,  -20,  -16,  -23,  -23,  -23,  -23,  -23,  -50,  -41,  -21,   13,   13,   13,  -21,  -21,
     -21,   13,  -21,  -47,  -32,  -32,  -32,  -32,  -32,    3,    1,    3,   41,   44,   41,   29,
      41,    1,    1,   18,   36,   25,   36,   34,   36,   16,   28,   28,   11,   20,    9,   41,
      28,   41,   69,   25,   69,   69,   41,   36,   36,   36,   55,   41,   20,   69,   36,   20,
      20,   -4,  -16,  -50,  -20,  -20,  -29,   -7,   -3,   -7,  -50,  -50,  -50,  -50,  -29,  -29,
     -18,  -10,  -10,   -9,   -4,  -13,  -12,  -56,  -22,  -20,  -11,  -35,    4,   -8,   -7,  -10,
      -6,  -13,   -4,    4,    4,   -8,    4,  -56,  -56,  -56,   14,  -11,  -56,   -5,  -69,  -35,
     -25,   -9,   -9,   -4,  -16,  -59,  -20,  -20,  -29,   -7,   -3,   -7,  -59,  -59,  -59,  -59,
     -29,  -29,  -18,  -10,  -10,   13,   39,   23,   18,   18,   13,   16,   23,   16,   11,   11,
      17,    7,   23,   16,   16,   35,   20,   13,   20,   20,   11,   16,   16,   16,   13,   36,
      18,   20,   16,   13,  -16,   13,   13,   13,   16,   13,   13,   16,   16,   16,   16,   16,
      16,   13,   13,   13,   13,   13,   16,   16,   13,   18,   36,   25,   36,   34,   36,   16,
      44,   41,   11,   20,    9,   44,   44,   44,   69,   25,   69,   69,   41,   36,   36,   36,
      55,   44,   43,   69,   36,   20,   20,   18,   36,   25,   36,   34,   36,   16,   44,   44,
      11,   20,    9,   44,   44,   44,   69,   25,   69,   69,   44,   36,   36,   36,   55,   44,
      20,   69,   36,   20,   20,   18,   36,   25,   36,   34,   36,   16,   44,   28,   11,   20,
       9,   44,   44,   44,   69,   25,   69,   69,   41,   36,   36,   36,   55,   44,   20,   69,
      36,   20,   20,    3,    1,    3,   41,   44,   41,   29,   44,    1,    1,  -36,  -70,  -54,
     -54,  -18,   -7,  -11,  -11,  -39,  -27,  -23,  -70,   -9,  -27,  -52,  -38,  -25,  -54,  -32,
     -70,  -35,  -54,  -13,  -27,  -39,  -39,  -39,  -11,  -39,   -9,  -60,   -9,  -23,  -45,  -34,
     -16,  -18,  -18,  -13,  -43,    5,    2,   13,   25,    2,   13,   25,   25,   35,   25,    5,
       5,  -36,  -68,  -50,  -50,  -18,   -7,  -11,  -11,  -39,  -27,  -23,  -52,   -9,  -27,  -47,
     -38,  -25,  -50,  -32,  -70,  -35,  -50,  -13,  -27,  -39,  -39,  -39,  -11,  -39,   -9,  -60,
      -9,  -23,  -45,  -34,  -16,  -18,  -18,  -13,  -43,  -13,  -13,  -13,    5,    2,   27,   25,
       2,   13,   25,   25,   19,   25,    5,    5,  -36,  -66,  -34,  -54,  -18,   -7,  -11,  -11,
     -39,  -27,  -45,  -66,   -9,  -27,  -50,  -38,  -25,  -86,  -32,  -66,  -35,  -59,  -13,  -27,
     -39,  -39,  -39,  -11,  -39,   -9,  -60,   -9,  -45,  -45,  -34,  -29,  -18,  -18,  -13,  -29,
      13,    2,   27,   25,    2,   13,   25,   25,   19,   25,   13,   13,  -13,  -43,  -13,  -43,
     -13,  -52,  -13,  -27,  -32,  -13,  -32,  -13,  -13,  -35,  -13,  -36,    6,  -23,  -33,  -35,
      -1,  -26,  -33,  -33,  -45,  -29,  -29,  -56,  -37,  -43,  -52,  -43,  -45,  -43,  -20,  -13,
     -49,  -49,  -55,   36,  -55,  -45,  -43,  -33,   36,   36,  -35,  -45,   51,   36,  -53,  -53,
     -13,  -33,  -25,  -33,  -33,    6,    6,  -48,  -13,  -47,  -50,  -13,  -43,  -13,  -43,  -13,
     -52,  -13,  -27,  -32,  -13,  -32,  -13,  -13,  -35,  -13,  -36,    6,  -23,  -33,  -35,   -1,
     -26,  -33,  -33,  -31,  -29,  -29,  -28,  -23,  -43,  -52,  -43,  -72,  -43,  -20,  -13,  -49,
     -49,  -55,   36,  -55,  -55,  -43,  -33,   36,   36,  -35,  -47,   51,   36,  -53,  -53,  -13,
     -33,  -25,  -33,  -33,    6,    6,  -48,  -13,  -47,  -50,  -13,  -29,  -13,  -29,  -13,  -52,
     -13,  -27,  -32,  -13,  -32,  -13,  -13,  -58,  -13,  -84,    6,  -23,  -33,  -35,   -1,  -26,
     -33,  -33,  -31,  -29,  -29,  -28,  -23,  -29,  -52,  -29,  -72,  -61,  -20,  -13,  -49,  -49,
     -55,   36,  -55,  -55,  -43,  -33,   36,   36,  -35,  -47,   51,   36,  -53,  -53,  -13,  -33,
     -25,  -33,  -33,    6,    6,  -48,  -13,  -47,  -79,  -21,  -25,  -12,  -21,  -21,  -11,  -21,
     -21,  -21,  -21,  -21,  -21,  -21,  -21,  -25,  -25,  -21,  -21,  -21,  -25,  -21,  -11,  -11,
     -21,  -18,  -18,  -14,  -18,  -18,  -18,  -18,   16,   16,   16,   16,   16,  -14,   12,    6,
     -14,  -14,    6,  -14,   12,   12,  -29,   -6,   -6,   -6,   -6,  -29,  -29,  -29,  -29,    3,
       1,    3,   41,   41,   41,   47,   41,    1,    1,   -9,   -4,  -13,  -12,  -67,  -22,  -20,
     -11,  -35,    4,   -8,   -7,  -10,   -6,  -13,   -4,    4,    4,   -8,    4,  -67,  -67,  -67,
      14,  -11,  -67,   -5,  -69,  -35,  -25,   -9,   -9,   13,  -16,  -16,  -13,  -16,  -38,  -23,
     -13,  -16,  -29,  -16,    3,  -38,  -38,  -38,  -38,  -23,  -23,  -16,    6,    6,  -25,    9,
       9,    9,   29,    9,    3,    1,    3,   41,   41,   41,   34,   41,    1,    1,   18,   36,
      25,   36,   34,   36,   16,   41,   44,   11,   20,    9,   41,   41,   41,   69,   25,   69,
      69,   44,   36,   36,   36,   55,   41,   38,   85,   36,   20,   20,  -14,   25,  -14,  -14,
     -14,   11,   11,  -14,   -4,  -58,  -58,  -14,   -8,  -16,   -8,  -20,  -20,  -16,  -16,  -12,
     -23,  -11,  -58,  -36,  -58,   -3,  -58,  -18,  -23,  -23,  -11,  -11,  -23,  -11,  -12,  -12,
     -12,   34,   -8,  -36,  -13,  -12,  -25,  -32,  -18,  -13,  -18,  -18,  -16,  -13,  -13,  -13,
      -2,  -16,  -15,  -16,   -2,  -13,  -13,  -13,  -36,  -27,  -15,  -15,  -13,  -36,  -18,  -16,
     -40,  -18,  -18,  -16,  -13,  -18,  -11,  -11,  -11,    6,  -11,    6,   -4,   -9,   -4,  -11,
      -5,  -10,  -10,   -8,  -10,  -11,  -11,  -11,  -10,  -11,   -5,   -5,   -8,   -5,  -10,   -6,
     -10,  -11,    6,  -11,  -16,  -50,  -16,  -50,  -13,  -16,  -16,    4,  -23,  -23,  -13,   -1,
      -6,    6,    3,    5,    5,    6,    6,    3,    5,  -16,  -29,  -16,   -1,   -1,   -6,    3,
       3,    3,   11,   -6,    6,   -1,    4,   11,   11,    5,   -6,  -23,  -23,  -23,    4,    3,
      11,  -23,   -9,   -9,    6,    6,  -16,    6,  -61,  -50,    6,  -20,  -11,  -40,  -40,  -11,
     -68,  -10,  -11,  -11,   -9,  -23,  -11,  -40,  -40,  -40,  -11,  -40,  -10,  -46,  -68,  -68,
     -28,  -25,  -32,  -13,  -32,  -13,  -27,  -25,  -41,  -38,  -15,  -32,  -15,  -13,    6,  -31,
     -64,  -11,  -18,  -27,  -16,  -32,  -36,  -52,   -3,  -16,  -52,  -25,  -34,  -58,  -49,  -64,
     -11,  -23,  -11,  -64,  -16,  -51,  -64,    6,    6,    6,  -16,  -11,   34,  -15,    6,  -23,
     -27,  -43,  -16,  -52,  -60,  -71,  -13,  -12,   -4,   -4,  -18,   -4,  -12,  -12,    6,  -12,
     -12,   12,   -4,   -4,    2,   -8,    8,   16,   12,   -4,    2,    2,   -4,  -12,   -4,    3,
       1,    3,   28,   41,   28,   29,   41,    1,    1,   -9,   -4,  -13,  -12,  -36,  -22,  -20,
     -11,  -35,    4,   -8,   -7,  -10,   -6,  -13,   -4,    4,    4,   -8,    4,  -36,  -36,  -36,
      28,  -11,  -36,   -5,  -69,  -35,  -25,   -9,   -9,  -13,  -13,   16,  -13,  -25,  -32,  -27,
     -32,  -27,  -27,  -25,  -41,  -38,  -15,  -32,  -15,  -13,    6,  -31,  -33,  -11,  -18,  -27,
     -16,  -32,  -36,  -52,   -3,  -16,  -52,  -25,  -34,  -58,  -49,  -33,  -11,  -23,  -11,  -33,
     -16,  -51,  -55,    6,    6,    6,  -16,  -11,   34,  -15,    6,  -23,  -27,  -43,  -16,  -27,
     -60,  -71,  -13,  -25,  -34,  -34,  -38,  -25,  -38,  -59,  -16,  -10,  -25,  -16,  -16,  -16,
     -25,  -45,  -57,  -34,  -10,  -25,  -34,  -50,  -27,  -25,  -40,  -25,  -40,  -57,  -18,  -38,
     -25,  -16,  -23,  -38,  -23,  -23,  -55,  -23,  -50,  -16,  -23,  -25,   -8,  -31,    6,  -16,
       6,  -43,  -34,  -25,  -34,   -4,  -25,  -27,  -23,  -23,  -25,  -25,  -16,    6,  -23,  -25,
     -16,  -20,  -36,  -23,  -48,  -25,    6,    6,  -44,  -40,  -27,  -38,  -36,  -25,  -43,  -13,
     -20,  -13,  -13,  -20,  -13,  -38,  -38,  -38,   20,   20,  -25,  -59,   25,   25,  -20,  -43,
     -43,  -50,  -38,  -38,  -13,  -13,  -16,  -18,  -18,  -13,  -13,  -13,  -18,  -43,  -18,  -18,
     -13,  -33,  -10,  -36,   -9,   -6,   -6,   -8,   -3,  -40,  -18,  -18,  -13,  -13,  -21,  -13,
     -13,  -13,   -9,  -18,  -13,  -18,  -13,  -27,  -23,  -54,  -73,  -23,    9,   -3,   -6,  -21,
       5,   -3,  -13,   -9,   -6,  -36,  -16,  -16,  -50,  -53,  -35,  -60,    5,  -20,  -20,    5,
     -50,  -50,  -79,  -16,  -16,  -63,  -60,  -60,  -10,   -6,   -6,  -20,   16,   -2,  -27,  -27,
     -16,  -20,  -27,   -4,  -16,  -10,  -12,
};

static BuiltinShapingFace inter_12_regularShaping = {
    devanagariSansLayout,
    sizeof(devanagariSansLayout),
    0x19FB3245,
    1600,
    &inter_12_regularGlyphs[1461],
    630,
    nullptr,
};

static constexpr EpdFontData inter_12_regular = {
    inter_12_regularBitmaps,
    inter_12_regularGlyphs,
    inter_12_regularIntervals,
    80,
    30,
    25,
    -7,
    false,
    nullptr,
    0,
    nullptr,
    nullptr,  // kernLeftClasses: built-in fonts use split arrays
    nullptr,  // kernRightClasses
    inter_12_regularKernLeftCodepoints,
    inter_12_regularKernLeftClassIds,
    inter_12_regularKernRightCodepoints,
    inter_12_regularKernRightClassIds,
    nullptr,  // kernMatrix: built-in fonts use sparse rows
    inter_12_regularKernRowOffsets,
    inter_12_regularKernSparseCols,
    inter_12_regularKernSparseValues,
    768,
    788,
    146,
    143,
    nullptr,
    0,
    nullptr,  // glyphMissHandler
    nullptr,  // glyphMissCtx
    nullptr,  // coverageHandler
    &builtinShaping::shape,
    &inter_12_regularShaping,
};
