/**
 * generated by fontconvert.py
 * name: kannada_12_regular
 * size: 12
 * mode: 2-bit  compressed: true
 * Command used: fontconvert.py kannada_12_regular 12 ../builtinFonts/source/NotoSansKannada/NotoSansKannada-Regular.ttf --no-default-intervals --additional-intervals 0x0C80,0x0CFF --additional-intervals 0x0964,0x0965 --additional-intervals 0x200C,0x200D --additional-intervals 0x25CC,0x25CC --shaping-font ../builtinFonts/source/NotoSansKannada/NotoSansKannada-Regular.ttf --shaping-scripts kannada --shaping-layout-symbol kannadaLayout --shaping-layout-header kannada_layout.h --shaping-layout-font ../builtinFonts/source/NotoSansKannada/NotoSansKannada-Regular.ttf --2bit --compress --pnum --darken-aa --zopfli --max-group-bytes 16384
 */
#pragma once
#include "EpdFontData.h"

#include "BuiltinShaping.h"
#include "kannada_layout.h"

static const uint8_t kannada_12_regularBitmaps[17855] = {
    0xB5, 0x98, 0x31, 0xB0, 0xE4, 0xC6, 0x71, 0xF7, 0x7F, 0x00, 0x54, 0x84, 0xBE, 0x42, 0x7D, 0x1A,
    0x06, 0xCE, 0xEC, 0xAA, 0x71, 0xE0, 0x40, 0x89, 0x6E, 0x12, 0x07, 0x0C, 0x76, 0x17, 0x20, 0xE9,
    0x32, 0x03, 0x06, 0x72, 0x9E, 0x98, 0x79, 0x72, 0x29, 0x83, 0x7D, 0x0B, 0x90, 0x0C, 0x14, 0x28,
    0x30, 0xF3, 0x44, 0x0E, 0x9C, 0x97, 0x02, 0x06, 0x2F, 0xC0, 0x7B, 0x18, 0xF1, 0x02, 0x86, 0x04,
    0x95, 0x38, 0x70, 0x20, 0xC8, 0x66, 0x95, 0x5C, 0xE5, 0x40, 0x63, 0x73, 0x2C, 0x0D, 0xEB, 0x66,
    0xD1, 0xC6, 0x00, 0xB5, 0x28, 0xDF, 0xF9, 0x68, 0x91, 0x76, 0x19, 0xF7, 0xFA, 0xDF, 0x83, 0xC5,
    0x5C, 0xFF, 0x7B, 0x7A, 0x7A, 0x7B, 0x7A, 0x71, 0x78, 0xD5, 0xC5, 0x41, 0xFD, 0xAF, 0xFE, 0x80,
    0x8F, 0x79, 0x0D, 0xFF, 0x44, 0xE1, 0x6B, 0xB5, 0xEA, 0x88, 0xA1, 0x7D, 0xF3, 0x11, 0x23, 0x91,
    0x52, 0x46, 0x80, 0xAF, 0x3E, 0xB3, 0xBF, 0xFF, 0xCC, 0x5E, 0xB5, 0x6D, 0xA5, 0xD1, 0x91, 0x5C,
    0x3A, 0x25, 0xBE, 0x7E, 0x33, 0xF6, 0x9C, 0x02, 0xC6, 0xA3, 0xB7, 0xBF, 0x80, 0xE9, 0x39, 0x2D,
    0x9F, 0x6B, 0x71, 0xCB, 0x1C, 0x30, 0x76, 0x70, 0x5F, 0x2F, 0xFF, 0x06, 0x67, 0xEC, 0xCB, 0x77,
    0x95, 0x4C, 0x40, 0x2B, 0x33, 0xE4, 0x73, 0xD3, 0x5A, 0xAA, 0x89, 0xCA, 0xA1, 0x3A, 0x32, 0x7F,
    0x6F, 0x32, 0x69, 0xA2, 0x3F, 0x2D, 0x73, 0x8E, 0xFE, 0xA8, 0x3E, 0xF4, 0xA7, 0x05, 0xE9, 0xCD,
    0x82, 0x7F, 0x71, 0xD6, 0xFE, 0xA4, 0xE2, 0x82, 0xA6, 0x88, 0xBD, 0x0E, 0xAA, 0x23, 0xE8, 0xBE,
    0xF2, 0x95, 0x33, 0xE7, 0x5C, 0x64, 0xAC, 0x4F, 0x98, 0x99, 0x93, 0x01, 0xE8, 0x55, 0x07, 0x84,
    0x6A, 0x82, 0xC2, 0xE5, 0x11, 0xF4, 0xC8, 0x30, 0xBE, 0x26, 0x0D, 0x5A, 0x24, 0x40, 0x36, 0x48,
    0x47, 0x31, 0x33, 0x8C, 0x5A, 0x3E, 0x94, 0x70, 0xAA, 0x9E, 0xB9, 0x87, 0xBE, 0x7C, 0x36, 0xD6,
    0x51, 0x7F, 0x3A, 0x69, 0x91, 0x26, 0x68, 0xB9, 0x8A, 0x68, 0x8F, 0x88, 0x89, 0x40, 0x7D, 0x07,
    0xDC, 0xD5, 0x1D, 0x59, 0x54, 0x5F, 0xF3, 0xD4, 0xE5, 0x22, 0xD2, 0x61, 0xE4, 0xCB, 0xD5, 0xCA,
    0xB4, 0x5B, 0x89, 0xC9, 0xCA, 0x21, 0x59, 0x39, 0x88, 0x34, 0xF7, 0x21, 0x59, 0x71, 0x01, 0x91,
    0x10, 0x81, 0xF3, 0x25, 0x41, 0xDD, 0x41, 0xB2, 0xA2, 0x57, 0x2B, 0x16, 0x2D, 0xCB, 0xD8, 0x9B,
    0x89, 0xF6, 0x3A, 0x44, 0xA2, 0xF1, 0x17, 0x7C, 0x35, 0x1A, 0x7C, 0x61, 0x15, 0x9F, 0x80, 0x82,
    0x15, 0x5A, 0xAF, 0xC8, 0x45, 0x34, 0xC5, 0x64, 0xAE, 0x14, 0x36, 0x8F, 0x14, 0xAE, 0x0A, 0xE9,
    0xB3, 0x1E, 0xDA, 0x70, 0x04, 0x38, 0x71, 0xBB, 0xDE, 0xD8, 0xD4, 0xDD, 0xA6, 0xCC, 0xA6, 0xD4,
    0x0B, 0xCA, 0x00, 0x4A, 0x64, 0xCE, 0xE7, 0xA4, 0x7C, 0x25, 0x1D, 0x5F, 0xBF, 0xE6, 0xD5, 0x4F,
    0x6D, 0x31, 0x72, 0x56, 0x6F, 0xDB, 0xAA, 0xC3, 0xA8, 0x8F, 0xAC, 0x6A, 0xD0, 0xE5, 0xAF, 0xEC,
    0x20, 0xE9, 0x62, 0x55, 0x11, 0x05, 0x8A, 0x23, 0xAA, 0xC3, 0xA0, 0xA9, 0x2C, 0x17, 0x14, 0xC5,
    0xD7, 0xAF, 0x45, 0x0C, 0x88, 0x38, 0x06, 0xF8, 0x63, 0x69, 0xE8, 0xB9, 0x5D, 0xC5, 0x4C, 0x3D,
    0x91, 0xD6, 0xFB, 0x81, 0xC4, 0xC2, 0xB3, 0xC4, 0xCB, 0x5F, 0xB2, 0x48, 0x0A, 0x99, 0xA1, 0x26,
    0xEA, 0x67, 0x56, 0xA3, 0x1B, 0x91, 0xB7, 0x17, 0xAD, 0xBA, 0xE7, 0xD7, 0xC2, 0x26, 0xCB, 0x9E,
    0xA4, 0x4B, 0x1B, 0x28, 0x46, 0xB5, 0xE8, 0x9E, 0x62, 0x71, 0xA9, 0xB4, 0x27, 0x2A, 0xAB, 0x3A,
    0x65, 0xF5, 0xF8, 0xB4, 0xAB, 0xA6, 0xB6, 0x29, 0x65, 0xA6, 0x58, 0x84, 0xC1, 0x27, 0xD9, 0xF8,
    0xD2, 0x68, 0x63, 0xA4, 0x92, 0x79, 0xE3, 0x44, 0x8F, 0x6D, 0x77, 0x63, 0xAD, 0xEC, 0xC6, 0x7B,
    0xA4, 0x98, 0x36, 0xE6, 0x03, 0xB9, 0xDB, 0xB8, 0xCF, 0xE0, 0x3C, 0xEB, 0xC8, 0x74, 0x2E, 0xF1,
    0x2F, 0xA3, 0xC1, 0xBA, 0xD5, 0x03, 0xCE, 0xF2, 0x0B, 0xB7, 0xFA, 0xD0, 0xF4, 0xBE, 0x70, 0xC9,
    0x0B, 0xF5, 0x45, 0xB8, 0x56, 0xE3, 0xE6, 0x87, 0x6B, 0xA5, 0x4B, 0xDC, 0x88, 0x55, 0x57, 0x00,
    0x3A, 0x00, 0x28, 0xDC, 0xA6, 0x09, 0x9B, 0xDA, 0x23, 0x74, 0xDE, 0x14, 0x11, 0xD0, 0xA1, 0x94,
    0xF0, 0x03, 0x18, 0xA4, 0x94, 0xD1, 0x58, 0x42, 0x6B, 0x5B, 0x94, 0x23, 0x0C, 0x53, 0x95, 0x36,
    0x7E, 0xF8, 0xDA, 0xE5, 0x8E, 0x3B, 0xCC, 0xE4, 0x08, 0xD4, 0x80, 0xA3, 0x47, 0xA3, 0x27, 0xC7,
    0x19, 0xC5, 0x10, 0x36, 0x1D, 0x1E, 0x36, 0xED, 0x2F, 0x1E, 0xC1, 0x10, 0x87, 0xF9, 0x6D, 0x19,
    0x1F, 0x69, 0xC5, 0xC8, 0x3F, 0x49, 0x44, 0x87, 0x5C, 0x9A, 0x61, 0x42, 0x3B, 0xE3, 0x69, 0xA3,
    0x5C, 0x53, 0xFE, 0xB5, 0x78, 0x65, 0x35, 0xBE, 0xEC, 0x0C, 0x9F, 0xC0, 0x09, 0xC8, 0x03, 0xA0,
    0x26, 0xA0, 0xDE, 0x5D, 0xF7, 0x00, 0xB1, 0x6A, 0x60, 0x10, 0x0B, 0x7A, 0x86, 0xFA, 0x9F, 0x81,
    0x5A, 0x46, 0xE0, 0x69, 0x04, 0x18, 0x00, 0xB4, 0xD5, 0x8E, 0x62, 0xAA, 0x23, 0xB9, 0x8B, 0x3D,
    0x38, 0x7F, 0xFE, 0xB3, 0x05, 0xE8, 0x71, 0x81, 0x98, 0xB9, 0xC7, 0x52, 0xDE, 0x71, 0xB5, 0x7C,
    0x2E, 0xB6, 0x9A, 0x73, 0x01, 0x00, 0xC5, 0x05, 0x54, 0x23, 0x13, 0xEA, 0xD3, 0xE7, 0x6B, 0x39,
    0x6A, 0xC9, 0xA4, 0x51, 0x16, 0xD2, 0x36, 0x38, 0x72, 0x57, 0x47, 0xB2, 0x57, 0xD8, 0xCB, 0x57,
    0x7B, 0xD3, 0x6E, 0x2F, 0xC5, 0x32, 0x32, 0xC8, 0x53, 0x69, 0x42, 0x75, 0xD5, 0xD6, 0xE7, 0xAE,
    0x98, 0x1A, 0xC8, 0x9D, 0x76, 0x64, 0xC9, 0x0A, 0x2F, 0x5A, 0xC9, 0x5E, 0x61, 0x65, 0x46, 0x07,
    0x60, 0x98, 0x81, 0x68, 0x00, 0xAF, 0x80, 0xA0, 0x81, 0x3F, 0xBD, 0x6C, 0xF1, 0xC9, 0x3A, 0x35,
    0xA6, 0x55, 0x26, 0xCB, 0x07, 0x7C, 0xB6, 0x40, 0x5C, 0xCC, 0x97, 0x73, 0xE9, 0xCC, 0x62, 0x65,
    0x2C, 0xE7, 0x42, 0x9A, 0xCA, 0x02, 0x75, 0x82, 0x13, 0xC0, 0x01, 0xE0, 0x08, 0xA0, 0x81, 0x8D,
    0xA3, 0x95, 0xFF, 0xCA, 0xF1, 0xDE, 0x77, 0xE1, 0x68, 0x45, 0x3C, 0x0B, 0x08, 0x18, 0x9E, 0x5A,
    0x14, 0xE5, 0x84, 0x22, 0x77, 0x18, 0xF5, 0x85, 0xAB, 0x67, 0xF3, 0xAF, 0xAE, 0x9D, 0xEB, 0x5F,
    0xBB, 0x68, 0x8E, 0xB9, 0xF3, 0xAA, 0xAE, 0xC6, 0xA0, 0xB5, 0xD8, 0xF7, 0x2E, 0xE5, 0x9C, 0x38,
    0x78, 0x81, 0x23, 0x6C, 0x1C, 0xEE, 0x54, 0x4A, 0xE2, 0xF8, 0x99, 0x8C, 0xD5, 0xB5, 0x14, 0xE0,
    0xFF, 0xDF, 0xEA, 0x47, 0x07, 0xA5, 0xDD, 0x44, 0x59, 0x11, 0x69, 0x44, 0xAE, 0xA0, 0xB7, 0xC7,
    0x22, 0x62, 0x93, 0xA8, 0xAE, 0xE7, 0x84, 0xE1, 0x80, 0x5A, 0x25, 0x8D, 0xEB, 0x6E, 0x40, 0x49,
    0x24, 0x97, 0x09, 0xA0, 0x03, 0xB2, 0x40, 0x39, 0x67, 0xD2, 0x18, 0x19, 0xCD, 0x78, 0x2A, 0x5D,
    0xE1, 0x4E, 0x53, 0x24, 0xD6, 0xEE, 0xCC, 0x9D, 0x1A, 0x0F, 0xD4, 0x70, 0xC0, 0x68, 0x7F, 0x40,
    0x0F, 0xD2, 0xA3, 0xA3, 0x0E, 0x18, 0x5F, 0x44, 0x4E, 0xB1, 0x92, 0x0F, 0x62, 0x2B, 0x3F, 0x16,
    0xAF, 0x43, 0x26, 0x23, 0x14, 0xCD, 0xE6, 0x53, 0x31, 0x41, 0xE6, 0x36, 0x29, 0x9C, 0x88, 0x8C,
    0xC9, 0xC7, 0x6A, 0xBC, 0xA0, 0x51, 0xCD, 0x89, 0xCA, 0x9E, 0x29, 0xC6, 0x9E, 0x62, 0x0A, 0xE4,
    0xCE, 0x93, 0xBD, 0x52, 0x80, 0x6C, 0xDC, 0xBF, 0xBD, 0x10, 0x00, 0x38, 0xEF, 0x08, 0x11, 0x59,
    0x2E, 0x3F, 0x26, 0xFC, 0x62, 0x9F, 0x74, 0x0F, 0x67, 0x88, 0x15, 0x07, 0xED, 0xEE, 0x2B, 0x7B,
    0x68, 0x53, 0xCD, 0xEE, 0x63, 0x4F, 0x2E, 0xC1, 0x9F, 0xC9, 0x64, 0xF2, 0x6F, 0xBC, 0x9F, 0x39,
    0xD6, 0x8C, 0xE3, 0x31, 0x5F, 0x52, 0x8E, 0x35, 0xE7, 0xA8, 0xE6, 0xC7, 0xF9, 0x65, 0x8E, 0x84,
    0x26, 0x54, 0x57, 0x86, 0xB9, 0x95, 0x2E, 0x6A, 0x6F, 0xAC, 0x57, 0x56, 0xD9, 0x7B, 0xF5, 0x44,
    0x59, 0x8E, 0x35, 0xE4, 0xE1, 0x49, 0xDE, 0xA8, 0x11, 0xD5, 0xD5, 0xFC, 0x55, 0xD9, 0x1D, 0xF0,
    0x45, 0x77, 0xC8, 0x42, 0xD1, 0x9C, 0xCA, 0x59, 0x91, 0xF6, 0x8F, 0x6A, 0x2E, 0x03, 0x00, 0x0D,
    0x50, 0x58, 0x20, 0x9F, 0x00, 0xDC, 0x0D, 0x72, 0x67, 0x82, 0x92, 0x69, 0x98, 0x95, 0x74, 0xC1,
    0xA0, 0xF1, 0x0A, 0xCD, 0xBD, 0x56, 0xE2, 0xB8, 0x2C, 0x90, 0x07, 0x94, 0xDD, 0x72, 0x84, 0xD7,
    0x53, 0x8E, 0xB8, 0x6C, 0x81, 0x90, 0x6F, 0x79, 0x98, 0x38, 0xEC, 0x96, 0x23, 0x40, 0xB7, 0x87,
    0xCC, 0x03, 0xF4, 0xFB, 0x5A, 0x62, 0x3E, 0x97, 0x12, 0x94, 0x7C, 0x26, 0x63, 0xFD, 0xAE, 0x6D,
    0x39, 0x17, 0xB6, 0xB2, 0x0F, 0x95, 0xCD, 0x9D, 0x48, 0x87, 0x7F, 0x7E, 0x85, 0xDE, 0x03, 0xE7,
    0x15, 0x02, 0x67, 0xCE, 0x3D, 0x57, 0x62, 0x5D, 0xCA, 0x87, 0x5E, 0xCB, 0x3F, 0xC8, 0x54, 0xCA,
    0x9D, 0x34, 0x9B, 0xB5, 0x1D, 0x8C, 0xA7, 0x62, 0xB8, 0xA2, 0x88, 0xBA, 0x51, 0x78, 0xF5, 0xA5,
    0xE1, 0x5E, 0xC9, 0xCC, 0xEB, 0x47, 0x13, 0xC8, 0x3D, 0x59, 0xA7, 0x2C, 0xE5, 0x58, 0xC3, 0xEE,
    0x78, 0xC8, 0x76, 0xC7, 0xF7, 0xE4, 0x2E, 0x3A, 0xB6, 0xAB, 0x1C, 0x37, 0x4D, 0xEE, 0x36, 0x0D,
    0x2F, 0x0D, 0xF6, 0x47, 0x22, 0x32, 0x1D, 0x50, 0xEB, 0xA0, 0x19, 0xD6, 0x4D, 0x18, 0x9F, 0x36,
    0xDA, 0x96, 0x8E, 0x13, 0xA5, 0x2D, 0x1C, 0x91, 0x9E, 0x7C, 0xC2, 0x73, 0x22, 0x90, 0x39, 0x7A,
    0x0C, 0x1E, 0x1C, 0x67, 0xF4, 0x36, 0x38, 0xA0, 0xB6, 0x47, 0x69, 0x10, 0xC9, 0xB7, 0xC1, 0x85,
    0x32, 0xF0, 0x88, 0xA1, 0x1E, 0x9F, 0xCA, 0x5B, 0xA9, 0x7C, 0x57, 0x22, 0x4A, 0xBE, 0x92, 0x48,
    0x36, 0x7C, 0x99, 0xCB, 0xCF, 0xDA, 0x09, 0x00, 0x34, 0xBC, 0x62, 0x90, 0x7A, 0x8B, 0x76, 0x6C,
    0xAF, 0xC3, 0x55, 0x7C, 0xAA, 0xEE, 0x53, 0x4C, 0xED, 0x45, 0x77, 0xF6, 0xE9, 0x18, 0x3D, 0xA7,
    0x06, 0xA3, 0x79, 0x1F, 0x50, 0x6C, 0x2D, 0xC6, 0xD6, 0x63, 0x6C, 0x4D, 0xC6, 0xD6, 0x65, 0x6C,
    0x6D, 0xC6, 0xD6, 0x67, 0xEC, 0x8D, 0x06, 0x7B, 0xA7, 0x51, 0x4D, 0x7C, 0x1F, 0xE3, 0xD0, 0x5D,
    0x0D, 0x7A, 0x3A, 0xAE, 0x19, 0xD4, 0x80, 0x53, 0x33, 0x38, 0x2D, 0xB6, 0x70, 0x75, 0x65, 0xC5,
    0xF6, 0x85, 0x95, 0xE6, 0x5A, 0xD9, 0x72, 0xDA, 0xB6, 0x78, 0x86, 0xDE, 0xF3, 0x23, 0xCE, 0x81,
    0x9A, 0xFE, 0x92, 0xC9, 0x07, 0x31, 0x1D, 0x4A, 0xAE, 0x94, 0x66, 0x18, 0x21, 0xEF, 0xA0, 0x48,
    0xDA, 0x01, 0xAB, 0xA4, 0x71, 0x8A, 0xF2, 0x22, 0x5D, 0x8A, 0x6D, 0x0A, 0xEB, 0x99, 0x7C, 0x0A,
    0xD5, 0x07, 0xCE, 0x2B, 0xEB, 0x7C, 0xD5, 0xB9, 0x14, 0xBD, 0x14, 0xB8, 0x0B, 0xE5, 0xB4, 0x84,
    0xCB, 0x56, 0x22, 0x64, 0x83, 0x07, 0xF8, 0x01, 0x80, 0x6E, 0x80, 0xCA, 0x02, 0xC5, 0x0E, 0x95,
    0x95, 0x64, 0x72, 0x91, 0x2B, 0x95, 0xCF, 0x7A, 0x4C, 0xA3, 0x84, 0x23, 0xB5, 0xD0, 0x73, 0xD2,
    0x4D, 0x58, 0xA0, 0xF3, 0x18, 0xB1, 0x9E, 0xEA, 0x2B, 0xEB, 0x0B, 0x5B, 0xD8, 0x50, 0x4E, 0xA5,
    0x7D, 0xD0, 0xC1, 0xD8, 0x7A, 0x6E, 0x85, 0x2A, 0xE8, 0xF0, 0xAD, 0x39, 0xCA, 0xC4, 0xA1, 0xFF,
    0x7B, 0x8E, 0x2C, 0x71, 0x14, 0x0B, 0xC7, 0x63, 0x95, 0x38, 0xA4, 0x16, 0xAA, 0xAF, 0x9F, 0x07,
    0xB6, 0x5A, 0xB4, 0x43, 0x75, 0xCD, 0xA5, 0x6B, 0xE5, 0x73, 0x71, 0xD7, 0x52, 0xDE, 0x8A, 0x9E,
    0xC8, 0x9D, 0xE7, 0x13, 0x4E, 0x0F, 0x80, 0x31, 0x2E, 0xBF, 0xEA, 0xDA, 0x55, 0xA2, 0x1F, 0x50,
    0x3F, 0xD3, 0x1E, 0xA5, 0xCC, 0x02, 0x9C, 0xE2, 0x9F, 0xA8, 0x2F, 0x62, 0x3B, 0x97, 0x5B, 0xB5,
    0xB4, 0x50, 0x02, 0xD5, 0x37, 0x55, 0x4B, 0xE0, 0x08, 0x28, 0x30, 0x02, 0x22, 0x0D, 0xC1, 0x58,
    0x2F, 0xB3, 0xF3, 0xCB, 0x29, 0x92, 0xAA, 0x66, 0x4F, 0xE1, 0xEA, 0xCE, 0x8C, 0x5A, 0xA4, 0xCB,
    0xE5, 0xBB, 0x04, 0xE2, 0xB5, 0x90, 0x26, 0x9D, 0x38, 0x82, 0x6A, 0xFA, 0x7C, 0xAA, 0x6C, 0x28,
    0x5C, 0x69, 0x7D, 0x3E, 0x15, 0xD6, 0x43, 0x82, 0x65, 0x14, 0x72, 0x9F, 0x02, 0x71, 0xD5, 0xB6,
    0x96, 0xA7, 0x42, 0x35, 0x3F, 0x8F, 0x2F, 0x07, 0xE2, 0x7F, 0x4A, 0x09, 0x0B, 0x25, 0x94, 0x1B,
    0xDB, 0x06, 0xB9, 0x2B, 0x36, 0x37, 0x1E, 0xD5, 0x55, 0x77, 0x5B, 0xEC, 0x43, 0x15, 0x01, 0x4A,
    0x00, 0xB5, 0x35, 0x21, 0x40, 0xEE, 0x6E, 0x90, 0x92, 0x7A, 0x3B, 0xEB, 0x66, 0x4A, 0x9F, 0x5F,
    0x13, 0x87, 0xE1, 0x98, 0xCC, 0xF7, 0x69, 0x72, 0x80, 0x62, 0xF2, 0x69, 0xF2, 0x06, 0x99, 0xCB,
    0x5D, 0x28, 0x42, 0x31, 0x3D, 0x56, 0x73, 0x35, 0xA6, 0x65, 0x75, 0xD5, 0xFC, 0xFB, 0xF9, 0x15,
    0xCB, 0xFA, 0x73, 0xA0, 0x07, 0x4E, 0x80, 0x66, 0x93, 0x3A, 0xAD, 0x65, 0x11, 0x0F, 0xC6, 0xB2,
    0x55, 0xD8, 0x08, 0x1C, 0xF5, 0x44, 0xDD, 0x46, 0x4C, 0x3C, 0xA1, 0xBD, 0x6A, 0xB4, 0x2F, 0xAD,
    0x09, 0x85, 0xBB, 0xF4, 0x48, 0x3C, 0x60, 0x26, 0xB6, 0x2B, 0xEF, 0x80, 0x72, 0x5B, 0xC1, 0x4B,
    0xB5, 0x3F, 0x2D, 0x63, 0x4A, 0xD0, 0xB1, 0x5D, 0xF7, 0xAA, 0x81, 0x58, 0x59, 0xED, 0xEE, 0x8B,
    0xA9, 0xFD, 0xF6, 0x3D, 0xDC, 0xFF, 0x2D, 0xC7, 0xA3, 0x00, 0x67, 0x5E, 0x00, 0x40, 0x07, 0x26,
    0x86, 0x39, 0x8B, 0x44, 0x83, 0xE0, 0x15, 0xC6, 0x06, 0x4D, 0x35, 0x2E, 0x5D, 0x5A, 0xE1, 0xF2,
    0x54, 0x1D, 0xD4, 0x08, 0xAE, 0x06, 0x52, 0x07, 0xC5, 0x7E, 0x72, 0x55, 0x93, 0x49, 0x96, 0xCB,
    0xB9, 0x98, 0x01, 0x72, 0xF6, 0x3C, 0x9A, 0xF6, 0xBD, 0xD8, 0xBC, 0xD7, 0xFB, 0xE9, 0x18, 0x0D,
    0x0F, 0x89, 0x43, 0x37, 0xF7, 0x9A, 0xD2, 0xBE, 0xBE, 0x70, 0x4C, 0xAF, 0xE4, 0xC8, 0x76, 0x8E,
    0xF5, 0x74, 0x9C, 0x53, 0xED, 0xC3, 0xF3, 0x02, 0x50, 0x34, 0xEC, 0xA4, 0x1B, 0xED, 0x4E, 0x7C,
    0x53, 0x85, 0x03, 0x59, 0xAE, 0xF1, 0xFD, 0x55, 0x35, 0x03, 0x90, 0x45, 0x8C, 0x05, 0x6A, 0x4A,
    0x07, 0x28, 0x9B, 0x79, 0xED, 0x28, 0x46, 0xFA, 0xB5, 0xD9, 0xE0, 0x1C, 0xFB, 0xF5, 0x44, 0x59,
    0x82, 0xB9, 0x2A, 0xFA, 0xA4, 0x02, 0x31, 0x0F, 0xF4, 0x29, 0xA4, 0xF2, 0x56, 0x48, 0x41, 0xFD,
    0x95, 0xB8, 0xD4, 0xE8, 0xE6, 0xD2, 0xED, 0xEB, 0xBF, 0x79, 0xB3, 0xBB, 0xB3, 0x3B, 0x02, 0x8E,
    0xFD, 0xF0, 0xCB, 0x64, 0x52, 0x32, 0xBD, 0x41, 0x25, 0x51, 0x49, 0xD7, 0x62, 0xBA, 0x81, 0x2B,
    0xC6, 0xDE, 0xA1, 0x3A, 0xDD, 0x94, 0xAE, 0xA7, 0xB2, 0xE5, 0xE2, 0x96, 0xA7, 0xB0, 0xC5, 0x44,
    0x4C, 0x3A, 0x73, 0x9C, 0x93, 0x26, 0xB9, 0x94, 0xB4, 0xE7, 0x90, 0xE6, 0x25, 0x7D, 0x87, 0x9A,
    0xF2, 0x48, 0x5F, 0x77, 0xC3, 0xB5, 0x5A, 0xBC, 0x53, 0x12, 0xD7, 0x12, 0x97, 0xC9, 0x58, 0xCD,
    0x99, 0x74, 0xDB, 0xF9, 0x5C, 0x7E, 0xD3, 0xD9, 0xD0, 0xDC, 0xCE, 0x86, 0x74, 0xDA, 0xA6, 0xDD,
    0xF0, 0x90, 0xE4, 0x1B, 0xCF, 0x86, 0x7C, 0x66, 0xE8, 0x50, 0xF2, 0xA9, 0x38, 0xEA, 0x77, 0x9F,
    0xFD, 0x3A, 0x72, 0x2E, 0x9E, 0x8D, 0x27, 0x1E, 0xAA, 0x67, 0xAE, 0x46, 0xD2, 0xC5, 0xF3, 0x05,
    0x7E, 0x8B, 0x07, 0x14, 0x1B, 0x06, 0x0E, 0x68, 0x7A, 0x2E, 0xD4, 0xD4, 0x6F, 0xC9, 0xC7, 0x57,
    0xB4, 0xFC, 0x46, 0x02, 0x85, 0x34, 0x32, 0x02, 0x40, 0x39, 0x33, 0xA1, 0xE5, 0x83, 0x48, 0x3A,
    0x00, 0xE9, 0x4B, 0x6B, 0xBA, 0xA8, 0xAD, 0xB2, 0x22, 0x4D, 0x69, 0x9F, 0x5F, 0x6F, 0x15, 0x27,
    0x42, 0x69, 0xEF, 0x40, 0xD9, 0xBA, 0xC1, 0x34, 0xCA, 0xBF, 0x36, 0x53, 0x88, 0x04, 0x78, 0x2A,
    0x1D, 0xC0, 0x1F, 0xED, 0x39, 0x7E, 0x02, 0x50, 0x3B, 0x18, 0xAA, 0x60, 0x84, 0x5A, 0x4C, 0xA4,
    0x37, 0x9C, 0x09, 0x06, 0x8D, 0xCC, 0x28, 0x24, 0xA0, 0x78, 0x20, 0x79, 0x37, 0xE6, 0x33, 0x5A,
    0xD6, 0x56, 0x5B, 0x46, 0xB8, 0x37, 0x40, 0xD0, 0x80, 0x08, 0x60, 0xC2, 0x9E, 0x7E, 0x2F, 0x67,
    0x7C, 0x82, 0xED, 0x1C, 0x90, 0x31, 0x41, 0x03, 0x59, 0x04, 0xA8, 0x01, 0x94, 0x5D, 0x13, 0x2D,
    0xA5, 0xD9, 0xB4, 0x26, 0x59, 0x4A, 0xB1, 0x6F, 0xFE, 0x05, 0xF5, 0x87, 0x7A, 0x72, 0x53, 0x0A,
    0xC7, 0xEC, 0xF7, 0xF6, 0x98, 0x7D, 0x35, 0x51, 0xFE, 0x9B, 0xAB, 0xE4, 0x17, 0xAE, 0xFE, 0x3A,
    0x73, 0xD7, 0xB5, 0x68, 0x16, 0x2E, 0x50, 0x8D, 0x69, 0xA7, 0x6A, 0x99, 0xA9, 0x64, 0xFA, 0xCE,
    0x35, 0xA6, 0x7A, 0xA1, 0xC6, 0x64, 0xBF, 0x74, 0x71, 0x71, 0x34, 0xF9, 0x1C, 0x92, 0xCF, 0x87,
    0xE4, 0xB3, 0x49, 0x3E, 0xFF, 0x78, 0xF7, 0x59, 0x1C, 0xC0, 0x04, 0x7C, 0x9B, 0x4A, 0x0C, 0x54,
    0xDD, 0xCF, 0x51, 0x36, 0x2C, 0xFA, 0x4E, 0x4F, 0x9C, 0xBE, 0xA9, 0x12, 0xBF, 0xF1, 0x5D, 0x2B,
    0xB1, 0xBA, 0x4D, 0xA8, 0xAE, 0xBF, 0x9B, 0x57, 0x4E, 0xFB, 0x98, 0x7A, 0xD6, 0x90, 0x85, 0x14,
    0x70, 0xCF, 0x0A, 0xDB, 0xED, 0xFA, 0xA0, 0x96, 0xBF, 0x5E, 0xBB, 0xF0, 0x99, 0xFB, 0x27, 0xB1,
    0xBE, 0x7F, 0x52, 0xC9, 0x64, 0x64, 0x3A, 0xC1, 0x11, 0xEA, 0x06, 0xE5, 0xC9, 0x05, 0xCC, 0x48,
    0xE1, 0x7A, 0x52, 0x27, 0x5C, 0xBF, 0xED, 0x94, 0x4C, 0xB9, 0x34, 0x2B, 0xDF, 0xB6, 0x20, 0x5E,
    0xBB, 0xB2, 0xEF, 0x75, 0x77, 0xCB, 0x8E, 0xD2, 0xC2, 0xE3, 0x02, 0xB9, 0x2C, 0x50, 0xCC, 0xD5,
    0x02, 0xA3, 0xEA, 0x28, 0x7C, 0x0D, 0x99, 0xCC, 0x40, 0xED, 0x01, 0xF2, 0xB4, 0x4B, 0x56, 0xFD,
    0x64, 0x52, 0x3F, 0x71, 0x4A, 0x5C, 0x71, 0x75, 0x3F, 0x67, 0x71, 0xCE, 0x19, 0x19, 0x4B, 0x49,
    0x4F, 0x21, 0x4D, 0x00, 0x96, 0x39, 0x09, 0x3F, 0x72, 0x09, 0xC5, 0x55, 0x81, 0x65, 0x72, 0x2D,
    0x2C, 0xF3, 0x53, 0x85, 0x2D, 0x9D, 0x53, 0x18, 0xF9, 0xA5, 0x37, 0x94, 0xF2, 0xD6, 0xCA, 0x90,
    0x8B, 0xDF, 0x23, 0xC6, 0x86, 0x01, 0x80, 0x0B, 0x00, 0xC6, 0x02, 0x54, 0xEE, 0x85, 0x82, 0xC5,
    0xF7, 0x00, 0x93, 0x64, 0x84, 0x72, 0x3F, 0x31, 0x01, 0x03, 0x68, 0x40, 0xAD, 0xF2, 0xFD, 0xED,
    0xE7, 0x29, 0x7A, 0x7C, 0xA4, 0x94, 0x08, 0xC3, 0xB4, 0x32, 0x8E, 0x80, 0x96, 0x00, 0xD4, 0x6F,
    0xCE, 0x40, 0x8F, 0x01, 0x02, 0xAA, 0x03, 0x4F, 0x65, 0x13, 0x16, 0x09, 0xEB, 0x15, 0xE5, 0xA3,
    0x15, 0xDF, 0xB1, 0x07, 0x9C, 0xAB, 0xEC, 0x12, 0xDF, 0x68, 0xBA, 0x74, 0x70, 0x08, 0x99, 0x34,
    0x3A, 0x00, 0xC0, 0xFB, 0x70, 0x80, 0x93, 0x72, 0xA6, 0x8E, 0x3A, 0x9C, 0xB5, 0x3B, 0x6B, 0x89,
    0x46, 0xDC, 0xE5, 0x2E, 0x4F, 0xAA, 0xDC, 0xB3, 0x97, 0x5A, 0xFC, 0xED, 0xAD, 0x29, 0x07, 0xDA,
    0x46, 0xB9, 0x27, 0x28, 0x5B, 0x47, 0x4D, 0x69, 0xEF, 0xCF, 0x5A, 0x3F, 0xB3, 0xEE, 0xAC, 0xEB,
    0x67, 0x56, 0xA2, 0x3E, 0x7D, 0x66, 0xC5, 0xD5, 0x27, 0x6D, 0x3D, 0x17, 0x23, 0x5C, 0xF2, 0x58,
    0x45, 0x8C, 0x38, 0x60, 0x37, 0x08, 0xDA, 0x43, 0x7B, 0x85, 0x50, 0x83, 0x53, 0x10, 0x15, 0xF4,
    0x1A, 0x68, 0x19, 0xE4, 0xBA, 0xC8, 0xB4, 0xCD, 0x81, 0xE1, 0x0A, 0xE0, 0x6B, 0xD8, 0x66, 0x41,
    0xBF, 0x22, 0x2D, 0x30, 0xC8, 0x4C, 0x3B, 0x0E, 0xE2, 0xB7, 0xC6, 0xAF, 0x9C, 0x7A, 0x40, 0x75,
    0xE7, 0x84, 0x1F, 0xC4, 0x84, 0xE2, 0x57, 0x1C, 0x13, 0x36, 0x7B, 0x2E, 0x51, 0x5A, 0x80, 0xC2,
    0x03, 0x30, 0x03, 0x50, 0x6F, 0xFB, 0xD6, 0xED, 0x1E, 0x6E, 0xE4, 0x1B, 0x37, 0x51, 0xED, 0xCC,
    0xED, 0xCA, 0x9B, 0xC0, 0xF3, 0x2D, 0x2F, 0xB5, 0xC2, 0xCB, 0x8D, 0xE1, 0xF6, 0x20, 0x8F, 0xAA,
    0x43, 0x49, 0x69, 0xD1, 0xBA, 0xB0, 0xFC, 0x28, 0x81, 0x49, 0xB7, 0x26, 0x2A, 0x8B, 0x6A, 0xDA,
    0x8E, 0x32, 0xD1, 0x21, 0xFE, 0x16, 0x93, 0x2D, 0x76, 0x00, 0xB1, 0xDD, 0xB4, 0x53, 0xB0, 0x47,
    0x88, 0x2D, 0x96, 0x7B, 0x94, 0x58, 0x63, 0xCA, 0x10, 0x56, 0x97, 0x4B, 0x91, 0x2D, 0x10, 0x93,
    0x19, 0x01, 0x0C, 0x85, 0x03, 0x38, 0x81, 0x07, 0x38, 0x42, 0xBF, 0x69, 0xCE, 0xAB, 0x56, 0xE3,
    0xA6, 0x6B, 0xB7, 0xE9, 0xD3, 0xD4, 0x83, 0xE2, 0x70, 0x20, 0x40, 0x35, 0xC5, 0x25, 0xBB, 0x20,
    0x97, 0xA0, 0x65, 0x02, 0xDA, 0xB1, 0x94, 0x66, 0xF7, 0x73, 0x77, 0xF5, 0x05, 0x6F, 0x77, 0x87,
    0x5F, 0xF0, 0x79, 0x77, 0x7B, 0xF7, 0x9C, 0x17, 0x9C, 0xCF, 0xE7, 0xDD, 0x7F, 0x25, 0xF6, 0xB6,
    0x04, 0xF3, 0xAE, 0xBD, 0xAD, 0xE2, 0x50, 0xD8, 0xDB, 0x42, 0x8E, 0xCA, 0xDE, 0xD6, 0xD2, 0x4A,
    0x77, 0x5B, 0xCE, 0xE6, 0xCA, 0xBA, 0xA2, 0x03, 0xDC, 0x16, 0x75, 0x84, 0xDB, 0xBA, 0x0C, 0xDC,
    0x96, 0xA6, 0x2C, 0xB7, 0xD5, 0x15, 0x81, 0x7D, 0x81, 0x91, 0x7D, 0x8D, 0x3F, 0xBC, 0xB9, 0x27,
    0x5D, 0x82, 0x00, 0x4F, 0x32, 0x01, 0x85, 0x69, 0x50, 0x28, 0x8B, 0xA1, 0xB4, 0xB5, 0x50, 0xD8,
    0x3A, 0xD4, 0xC9, 0x35, 0xF9, 0x28, 0xC1, 0x3B, 0x16, 0x5C, 0x65, 0x21, 0x9A, 0x06, 0x86, 0x19,
    0xF6, 0x68, 0x95, 0x33, 0x18, 0x81, 0xCB, 0xF7, 0xA1, 0x07, 0x91, 0x09, 0x91, 0x08, 0xFE, 0x0C,
    0x71, 0x91, 0x36, 0x82, 0x76, 0xE4, 0x33, 0x4A, 0xBA, 0x65, 0xE1, 0xCB, 0x82, 0xCF, 0x85, 0x7D,
    0x50, 0x76, 0x90, 0x66, 0xB8, 0x72, 0x86, 0x03, 0x3C, 0x01, 0xD5, 0x51, 0x3A, 0xB2, 0xB8, 0xB7,
    0xA6, 0xAF, 0xAF, 0xA3, 0x13, 0x68, 0xD0, 0xEB, 0x94, 0xB3, 0x72, 0xC7, 0x3A, 0x9A, 0xFF, 0xF4,
    0xAD, 0xAF, 0x1F, 0xF2, 0x6B, 0x2D, 0xBE, 0x94, 0xCE, 0x6C, 0xA5, 0x7F, 0x0A, 0x40, 0x92, 0x56,
    0x36, 0xB9, 0xDD, 0x0F, 0x2F, 0xDD, 0x8B, 0x80, 0x11, 0xB6, 0x56, 0x46, 0xC9, 0x33, 0x71, 0x6B,
    0x23, 0xB3, 0xF4, 0x31, 0xF6, 0xB8, 0xB4, 0x31, 0xD3, 0x45, 0xE4, 0x43, 0x91, 0xE7, 0x57, 0xDA,
    0xDF, 0x7A, 0x40, 0xAF, 0x10, 0x38, 0x63, 0x7A, 0x66, 0x4E, 0xF5, 0x5F, 0xCA, 0xC7, 0x51, 0xCB,
    0xDF, 0x27, 0xEE, 0x37, 0xC5, 0x02, 0x74, 0xF0, 0xD2, 0xFB, 0x6A, 0x08, 0xFB, 0xA8, 0xDF, 0x47,
    0xE7, 0x7D, 0x14, 0xE1, 0xF6, 0xE6, 0x3A, 0x95, 0xCB, 0xED, 0xDD, 0x35, 0x5A, 0xC2, 0xF6, 0xF6,
    0x7A, 0x2D, 0x9B, 0x61, 0x18, 0x2B, 0x4B, 0x8F, 0xD9, 0xDE, 0x60, 0xAF, 0xE5, 0xD3, 0x4C, 0x0E,
    0xBF, 0x95, 0x50, 0x1C, 0xFD, 0x5A, 0x46, 0xB7, 0xF7, 0xD8, 0xA9, 0x94, 0x6E, 0x6F, 0xB2, 0x53,
    0x39, 0x0D, 0x0F, 0xEB, 0xE8, 0xF9, 0x3B, 0xD6, 0x5F, 0x3C, 0xD7, 0xB5, 0xAC, 0xC6, 0x61, 0x2E,
    0xE4, 0xA3, 0x54, 0x5A, 0x5B, 0x31, 0xF2, 0x2F, 0x6B, 0x79, 0xD5, 0x21, 0x97, 0x37, 0x53, 0x89,
    0xFD, 0x86, 0xB7, 0xDA, 0x8D, 0xE1, 0x13, 0xB8, 0xFC, 0xC1, 0xB7, 0xDA, 0xAD, 0x58, 0x68, 0xE7,
    0x17, 0x1E, 0x5C, 0x4B, 0xBB, 0x3D, 0x40, 0xCF, 0x00, 0xB4, 0xEF, 0x06, 0x44, 0x66, 0x42, 0xA8,
    0xF1, 0xEF, 0x69, 0xDE, 0xE3, 0x02, 0x65, 0x00, 0xB5, 0x16, 0x40, 0x50, 0xD2, 0x90, 0x0B, 0xF5,
    0xB3, 0x6D, 0x5E, 0x78, 0x34, 0xF8, 0x1F, 0x6A, 0xFE, 0x0E, 0x81, 0x62, 0x82, 0xE2, 0xD7, 0x50,
    0x48, 0xB3, 0xC9, 0x98, 0xB4, 0x85, 0xA1, 0x63, 0x98, 0x28, 0xE5, 0x8A, 0x1A, 0xDB, 0xA6, 0x46,
    0xD9, 0x33, 0xC5, 0xD4, 0x93, 0xBB, 0xBD, 0x9F, 0x85, 0x17, 0xFA, 0xDA, 0xF4, 0xEC, 0x8E, 0x62,
    0x4A, 0x73, 0xD3, 0xFF, 0x29, 0x65, 0x26, 0xD9, 0x00, 0x60, 0xF8, 0x92, 0x74, 0xAF, 0xC7, 0xB6,
    0xAB, 0xA9, 0xFE, 0x80, 0xAD, 0xED, 0xE7, 0xFC, 0x91, 0x62, 0x4C, 0x73, 0x75, 0xA3, 0x3A, 0x65,
    0x0D, 0x39, 0xFF, 0x0F, 0xAA, 0x19, 0x6A, 0xB1, 0x3C, 0x56, 0x13, 0x21, 0x73, 0x78, 0x02, 0xFE,
    0xD0, 0x13, 0xFB, 0x33, 0x6D, 0x38, 0xA0, 0xA7, 0x03, 0x70, 0x93, 0x33, 0xD0, 0x03, 0x7E, 0xCB,
    0xA1, 0xA7, 0x6B, 0x93, 0x27, 0xE2, 0x29, 0xAF, 0xA0, 0xA5, 0xA1, 0x56, 0x96, 0x43, 0x31, 0x71,
    0x38, 0x39, 0x8E, 0x67, 0x87, 0x09, 0x8E, 0x6A, 0xF2, 0x40, 0xD2, 0x8E, 0x76, 0x76, 0x44, 0x33,
    0xE1, 0xCB, 0x11, 0x5F, 0x4D, 0xC4, 0xB4, 0x9B, 0xF3, 0xE5, 0x7B, 0xDA, 0x9B, 0x08, 0x65, 0x2C,
    0xE7, 0xA2, 0x31, 0xF2, 0x37, 0xE3, 0xA5, 0xFA, 0xCC, 0xC5, 0xD2, 0xC6, 0xA0, 0x6D, 0x2F, 0xD2,
    0x1C, 0xE4, 0xCA, 0x21, 0xC0, 0xB9, 0x87, 0xBE, 0x26, 0x73, 0x6A, 0xAA, 0xC6, 0x5C, 0x04, 0xDA,
    0x08, 0xD1, 0x80, 0x57, 0x9B, 0x1E, 0x04, 0x4C, 0x40, 0xBB, 0x32, 0xB4, 0x51, 0xCF, 0xB1, 0xAD,
    0x8D, 0x37, 0x47, 0x1D, 0xD4, 0x9D, 0x1E, 0xD4, 0xE3, 0xA9, 0xAE, 0x7E, 0x15, 0xB3, 0xEA, 0xB7,
    0x1E, 0x23, 0x63, 0x21, 0xBF, 0x74, 0xFA, 0x37, 0xD6, 0xD7, 0xA5, 0xED, 0x17, 0xAE, 0xB3, 0xAF,
    0x16, 0x51, 0xDD, 0x39, 0x1A, 0x62, 0x3B, 0x67, 0x5E, 0x7B, 0xFE, 0xB6, 0xB6, 0x50, 0x3B, 0xB6,
    0xDF, 0x44, 0x9B, 0x26, 0x97, 0x91, 0x4A, 0x3C, 0x66, 0x8C, 0xB4, 0xF6, 0xCC, 0xF3, 0x29, 0xF2,
    0x3B, 0x09, 0xF8, 0x61, 0xC4, 0x03, 0x01, 0x78, 0x00, 0xEA, 0x8F, 0x41, 0x89, 0xC4, 0x6C, 0x91,
    0x52, 0x40, 0xCB, 0x48, 0xFD, 0x8E, 0xE3, 0x98, 0x39, 0x4E, 0x8B, 0x98, 0x4F, 0x1D, 0x55, 0xEA,
    0x93, 0x8C, 0x65, 0x2D, 0x71, 0x01, 0xEA, 0x0E, 0x1E, 0x36, 0x1B, 0xBB, 0xAD, 0x47, 0xA0, 0x16,
    0x89, 0xD5, 0x22, 0xF9, 0x9C, 0xCF, 0x4A, 0x7E, 0x3A, 0xD7, 0xEF, 0x7E, 0xDE, 0x9D, 0xCB, 0xCF,
    0x9B, 0x5E, 0x7D, 0xDE, 0x89, 0xBC, 0x6B, 0xE5, 0x5A, 0x58, 0x4F, 0x31, 0x79, 0xF2, 0x6D, 0xCF,
    0xC1, 0xF5, 0xE0, 0xCE, 0xE0, 0x4E, 0xE0, 0x74, 0x53, 0x38, 0xE5, 0x75, 0x8A, 0x59, 0x43, 0x1B,
    0x00, 0x58, 0xC6, 0x41, 0x2F, 0xD2, 0x76, 0x10, 0x37, 0x3E, 0xFE, 0x5D, 0x3A, 0x44, 0x26, 0xDA,
    0x0F, 0x5D, 0x92, 0x34, 0x4E, 0x9F, 0xED, 0xBE, 0xF4, 0x40, 0xDD, 0x80, 0x8E, 0x90, 0x47, 0x68,
    0x45, 0x9A, 0x5A, 0x04, 0xDD, 0x1C, 0xA9, 0x6C, 0x20, 0xFF, 0x6A, 0x02, 0xB1, 0x50, 0x03, 0xC9,
    0xF0, 0xF3, 0x91, 0xE2, 0x1F, 0x1D, 0x95, 0xED, 0x31, 0xD4, 0x69, 0x7E, 0x37, 0x88, 0x58, 0x00,
    0x94, 0x2F, 0xAF, 0xD4, 0x57, 0x2D, 0x4D, 0x5F, 0xD7, 0xCA, 0x06, 0x7D, 0x2C, 0xAD, 0x57, 0xE7,
    0x62, 0x85, 0xED, 0xF6, 0x21, 0x3D, 0x58, 0xA7, 0xE8, 0x34, 0xD9, 0x4C, 0x43, 0x08, 0x7D, 0xE8,
    0x87, 0x60, 0xA6, 0xFF, 0x00, 0x03, 0x00, 0xC5, 0x9A, 0x31, 0xAC, 0x25, 0xC7, 0x95, 0x9E, 0xBF,
    0xDB, 0xAD, 0x65, 0x73, 0xDD, 0xB0, 0x8A, 0x80, 0x0D, 0xD8, 0x80, 0xD6, 0x5B, 0x1B, 0x10, 0xB0,
    0x02, 0xEF, 0x94, 0x83, 0x0D, 0x18, 0xDC, 0x77, 0xBB, 0x49, 0xDA, 0x66, 0xC0, 0x40, 0x72, 0x1E,
    0x2C, 0x33, 0x67, 0x1E, 0x27, 0x06, 0x18, 0xDC, 0x79, 0xB7, 0x49, 0x06, 0x0C, 0x14, 0x48, 0x79,
    0xA2, 0x0D, 0x0C, 0xC7, 0x0A, 0x14, 0xBC, 0xA0, 0xDF, 0xEB, 0xE2, 0x4C, 0x30, 0xB0, 0x1D, 0xB0,
    0x29, 0x01, 0xDE, 0xC0, 0x81, 0x5A, 0x16, 0x81, 0x35, 0xE0, 0x40, 0xC5, 0x9D, 0x96, 0x58, 0xDC,
    0xA9, 0xDB, 0xC7, 0x5D, 0xD5, 0xB7, 0xDF, 0xBC, 0x79, 0x3B, 0x43, 0xCD, 0x88, 0xD0, 0xFA, 0xBC,
    0x57, 0xE7, 0xF4, 0xBD, 0xB7, 0x50, 0xE7, 0x54, 0xF5, 0xA9, 0xD3, 0xFF, 0xA9, 0xD3, 0xBC, 0xC1,
    0xAB, 0xAF, 0xBF, 0xFE, 0x27, 0xB3, 0x48, 0xF4, 0x13, 0xCA, 0xF7, 0xF8, 0x23, 0xE0, 0x5B, 0xBC,
    0x16, 0xBF, 0x7C, 0x03, 0x5E, 0x47, 0xC4, 0xF5, 0xFC, 0x6B, 0xFB, 0xC2, 0xFF, 0x73, 0x67, 0x11,
    0xF7, 0x23, 0x5E, 0x61, 0xBC, 0xA3, 0x18, 0x2B, 0x95, 0x64, 0xC0, 0x70, 0x78, 0xF3, 0x0A, 0x23,
    0x81, 0x42, 0x7A, 0x80, 0x47, 0x0F, 0xED, 0x97, 0x0F, 0xED, 0x51, 0xDB, 0x83, 0xD4, 0x3A, 0x90,
    0x49, 0xA3, 0x64, 0xAC, 0xDE, 0x0C, 0x2D, 0x3B, 0x8F, 0x19, 0xD1, 0xCB, 0xBF, 0xC7, 0xB4, 0xEC,
    0xE6, 0xEF, 0xB5, 0xB8, 0xB9, 0x0F, 0x18, 0xDB, 0xB9, 0xAF, 0xE6, 0xBF, 0xCE, 0x19, 0x7B, 0xFB,
    0x53, 0x29, 0x03, 0x70, 0x90, 0x09, 0xB2, 0xA9, 0x3E, 0x58, 0xCA, 0x81, 0xD2, 0xA1, 0x1A, 0x36,
    0xE3, 0x85, 0xD9, 0x48, 0x1D, 0xC6, 0xDD, 0xDC, 0xE7, 0x6C, 0x3C, 0x53, 0x1F, 0x8E, 0xBB, 0x99,
    0xD3, 0x9A, 0x99, 0xFF, 0x9B, 0xBD, 0x1E, 0x77, 0x2A, 0xCC, 0xDC, 0xE4, 0xA1, 0xD5, 0x5E, 0x35,
    0x78, 0xDD, 0x96, 0x63, 0xE9, 0xCC, 0x3E, 0x13, 0xE9, 0xAB, 0x1D, 0x66, 0x62, 0x67, 0x00, 0x5A,
    0xD5, 0x00, 0xBE, 0x1C, 0x20, 0x77, 0x59, 0x00, 0xDD, 0xD3, 0xF5, 0xAF, 0x48, 0x8D, 0x16, 0xF1,
    0xB0, 0xE9, 0xA4, 0x21, 0x9F, 0xE8, 0x7A, 0x2D, 0x1F, 0x8A, 0xDF, 0x95, 0x0F, 0xDC, 0x65, 0x5B,
    0x3C, 0xE8, 0xAB, 0xA0, 0xEF, 0x0F, 0x5A, 0xA4, 0xF6, 0x5A, 0x8E, 0x22, 0x7A, 0x44, 0xC4, 0x04,
    0xA0, 0xBA, 0x07, 0xDC, 0xAB, 0x1A, 0x36, 0x41, 0x7D, 0xC5, 0x5D, 0x97, 0x89, 0x48, 0x83, 0x91,
    0xCF, 0xD3, 0x28, 0xC3, 0xF5, 0x28, 0x21, 0x8E, 0xB2, 0x8D, 0xA3, 0x6C, 0x45, 0xEA, 0x0B, 0x1F,
    0x47, 0x71, 0x1E, 0x11, 0x1F, 0x80, 0xFD, 0x79, 0x64, 0x55, 0x03, 0x71, 0x14, 0x9D, 0x46, 0xB1,
    0x68, 0x99, 0xAF, 0x47, 0x33, 0x70, 0x38, 0x76, 0x81, 0x60, 0xC6, 0x73, 0xC6, 0xB2, 0x37, 0x8C,
    0xB9, 0x55, 0xFC, 0x14, 0x14, 0x24, 0x76, 0x18, 0x15, 0x99, 0x88, 0x26, 0x1F, 0xCC, 0x91, 0xDC,
    0x66, 0x81, 0xDC, 0x95, 0x3E, 0x7E, 0xD7, 0xC2, 0xC1, 0x9F, 0x01, 0xEC, 0x38, 0xD1, 0xEA, 0x2F,
    0xF7, 0x16, 0x61, 0x16, 0xA1, 0x9E, 0x12, 0x06, 0x50, 0x22, 0x53, 0x36, 0x45, 0x31, 0x96, 0xD2,
    0xF0, 0xD5, 0x2B, 0xA3, 0xFA, 0x81, 0xCD, 0x7B, 0xF6, 0xEA, 0x6D, 0x5B, 0x36, 0x18, 0xF5, 0x91,
    0x55, 0x35, 0xBA, 0xF8, 0x85, 0xED, 0x24, 0x12, 0x49, 0x04, 0x14, 0x28, 0xCE, 0x50, 0x0D, 0x06,
    0x4D, 0x69, 0x39, 0x47, 0x91, 0x7F, 0xF5, 0x4A, 0xC0, 0x80, 0x88, 0xA3, 0x83, 0xEF, 0x48, 0x4D,
    0xCB, 0x4A, 0xF9, 0x44, 0x35, 0x10, 0xE7, 0xFB, 0x81, 0x84, 0x7C, 0x64, 0x5E, 0xAF, 0xF1, 0x7C,
    0x13, 0x88, 0x4B, 0x66, 0xA8, 0x08, 0xFA, 0x81, 0xD5, 0xE8, 0x5A, 0xE4, 0xED, 0x59, 0xAA, 0xE6,
    0xF1, 0x31, 0xB7, 0x71, 0xE4, 0x91, 0x28, 0x0B, 0xEB, 0xC9, 0x7B, 0x35, 0xCB, 0x96, 0x7C, 0x36,
    0xA9, 0xB0, 0x3B, 0x4A, 0xAB, 0x1A, 0x65, 0x75, 0x7F, 0xB7, 0x29, 0x87, 0x43, 0x5D, 0xC8, 0x44,
    0x3E, 0x37, 0xBA, 0x31, 0xB5, 0xA4, 0x2F, 0x5D, 0x25, 0x8D, 0x94, 0x32, 0x2D, 0x3A, 0xD1, 0xFD,
    0xA1, 0x59, 0xB5, 0x96, 0x76, 0xD1, 0x7B, 0x46, 0x3E, 0x2C, 0x9A, 0xB7, 0x64, 0x6E, 0xD1, 0xBD,
    0x07, 0x37, 0x92, 0xAE, 0x4C, 0xE3, 0xA2, 0xFE, 0xF9, 0xAA, 0xB3, 0x2E, 0x59, 0xC0, 0x5E, 0x3E,
    0x71, 0xC9, 0x86, 0xBA, 0x1D, 0x73, 0x17, 0xAD, 0x50, 0x9F, 0xF9, 0x63, 0xD9, 0x2F, 0x76, 0xB8,
    0x83, 0x34, 0xC9, 0x12, 0xB1, 0xEA, 0x08, 0x40, 0x43, 0xA2, 0xDC, 0xB1, 0x90, 0x3F, 0xC9, 0x75,
    0x85, 0xF6, 0x27, 0x19, 0x00, 0xED, 0x0B, 0xF1, 0xDF, 0x86, 0x4E, 0x0A, 0xE9, 0x8D, 0xC5, 0x1F,
    0xEC, 0x01, 0xE5, 0xF0, 0xDD, 0x50, 0xC6, 0x1B, 0xDF, 0x7D, 0xE5, 0x32, 0xC7, 0x3D, 0xCC, 0xE0,
    0xF0, 0x54, 0x80, 0xA3, 0x45, 0xA3, 0x07, 0xC7, 0x1E, 0x45, 0xE7, 0x17, 0xE9, 0x2F, 0x17, 0x39,
    0x9E, 0x8F, 0x08, 0x86, 0xD0, 0x4D, 0x6F, 0x4B, 0x7F, 0xC5, 0x41, 0x8C, 0xFC, 0x4A, 0x02, 0xDA,
    0x67, 0x52, 0x77, 0x03, 0xDA, 0x99, 0x91, 0x43, 0x90, 0x63, 0xF4, 0xBF, 0x03, 0xA3, 0xB2, 0x9A,
    0xB1, 0x68, 0x4C, 0xF4, 0xBF, 0x1D, 0x90, 0x79, 0x40, 0x0D, 0x40, 0x75, 0x6D, 0xFA, 0x08, 0x10,
    0xCA, 0x3A, 0x5A, 0x69, 0x41, 0x4F, 0x50, 0xFD, 0x1F, 0xA0, 0x92, 0x1E, 0xB8, 0x1B, 0x00, 0x3A,
    0x00, 0x6D, 0xB5, 0x23, 0x1F, 0xAA, 0x40, 0xE6, 0x42, 0x0B, 0x6E, 0xDC, 0xBF, 0x3E, 0x33, 0x5A,
    0x9C, 0x27, 0x6C, 0xDC, 0x55, 0x21, 0xEF, 0xB8, 0x4A, 0x3E, 0x15, 0x5B, 0x4E, 0x99, 0xAC, 0x1E,
    0x7A, 0x0E, 0xAA, 0x96, 0x01, 0x75, 0xFF, 0x71, 0x0A, 0x47, 0x07, 0x36, 0x52, 0x2B, 0x0B, 0xF1,
    0x36, 0x38, 0x32, 0x57, 0x05, 0x36, 0xCF, 0x18, 0x2F, 0x4B, 0xE3, 0x0D, 0xD7, 0xE3, 0xC5, 0xB5,
    0x0C, 0x74, 0x72, 0x57, 0x6A, 0x5F, 0x1E, 0xB5, 0x1D, 0x33, 0x97, 0x0F, 0x35, 0x64, 0x4E, 0x3B,
    0x36, 0x71, 0x14, 0x9E, 0x1E, 0x65, 0xF3, 0x8C, 0x51, 0x26, 0xB4, 0x07, 0xBA, 0x09, 0x08, 0x06,
    0x18, 0x15, 0xE0, 0x35, 0xF0, 0x67, 0xE7, 0xCB, 0xFA, 0x6C, 0x1A, 0xD5, 0xC7, 0x59, 0xC6, 0x91,
    0xB7, 0x8C, 0x9B, 0x99, 0x85, 0x79, 0xF8, 0x62, 0x2A, 0x9C, 0x99, 0x47, 0xE9, 0x8B, 0x29, 0x97,
    0xBA, 0xB4, 0x40, 0x65, 0xD7, 0x8D, 0xBA, 0x05, 0x38, 0x03, 0xD0, 0xC0, 0xA2, 0xE3, 0x20, 0x7F,
    0x5F, 0xC7, 0x7B, 0x2F, 0xA3, 0xE3, 0x20, 0x32, 0x32, 0x33, 0x01, 0xC3, 0x5D, 0x8B, 0xA2, 0x18,
    0x50, 0x64, 0x0E, 0xA3, 0x3E, 0x73, 0xD5, 0x64, 0xBE, 0x70, 0x87, 0xA9, 0xFA, 0xA5, 0x0B, 0xE6,
    0x2C, 0x73, 0xA3, 0xAA, 0xCA, 0xDE, 0x6B, 0x2D, 0xF6, 0xBD, 0xF3, 0x62, 0x8A, 0x3A, 0x78, 0x4A,
    0x87, 0x3F, 0xE9, 0xD8, 0x15, 0x12, 0x75, 0xFC, 0x58, 0xFA, 0xF2, 0x58, 0x08, 0xF0, 0x8F, 0xD7,
    0xF8, 0xD1, 0x40, 0x61, 0x97, 0xA6, 0xAC, 0x88, 0xD4, 0x22, 0x47, 0xD0, 0xCB, 0xCF, 0x22, 0x62,
    0x63, 0x53, 0x4D, 0xCB, 0x0E, 0xC3, 0x16, 0x95, 0x5A, 0xBC, 0xAE, 0x9A, 0x0E, 0x25, 0x81, 0x4C,
    0x86, 0x75, 0x7B, 0x6C, 0x3C, 0xC5, 0xB4, 0x91, 0xDA, 0x48, 0x6F, 0xFA, 0x5D, 0xE1, 0x72, 0xB7,
    0x1B, 0x02, 0xA1, 0x72, 0x7B, 0xEE, 0xA9, 0x7E, 0x4B, 0x05, 0x5B, 0x8C, 0x1E, 0xB7, 0xE8, 0x4E,
    0x5A, 0x74, 0xD0, 0x1E, 0x33, 0xE6, 0x81, 0x5D, 0x28, 0xE5, 0x83, 0x70, 0x90, 0xEF, 0xC9, 0xA8,
    0xFD, 0x46, 0x7A, 0xC8, 0xEB, 0xC5, 0xA6, 0x7C, 0x80, 0x8D, 0x5B, 0x5A, 0xEE, 0x44, 0xA4, 0x8F,
    0x36, 0x96, 0xFD, 0x39, 0x1A, 0x55, 0xC7, 0xFD, 0xBB, 0x27, 0xEF, 0x5B, 0xF2, 0xC1, 0x93, 0xB9,
    0x91, 0xCD, 0x33, 0x1B, 0xB0, 0xE9, 0x6F, 0xEC, 0x5E, 0x9F, 0xF8, 0xFE, 0x06, 0x0F, 0xC8, 0x4C,
    0x63, 0x1F, 0xF9, 0x67, 0xD7, 0x9D, 0x2E, 0xD2, 0xCF, 0xA1, 0x64, 0xAB, 0xDD, 0x45, 0x69, 0xB7,
    0x87, 0x18, 0xB3, 0xDB, 0xD0, 0x92, 0x89, 0x1F, 0xF7, 0x6C, 0x64, 0x18, 0xDF, 0x78, 0x7F, 0xE3,
    0x48, 0x1E, 0xC7, 0x55, 0x36, 0xBB, 0x1C, 0xC9, 0xE7, 0x28, 0xA7, 0xAB, 0xE9, 0xB6, 0x8E, 0xC8,
    0x8D, 0x2F, 0x8F, 0x74, 0xD3, 0x41, 0x9A, 0xA0, 0x47, 0x63, 0x47, 0x65, 0x95, 0xBD, 0x50, 0x77,
    0x94, 0xE5, 0xAC, 0x82, 0xCC, 0xDF, 0xC9, 0x6A, 0xD5, 0xA3, 0x9A, 0x8A, 0xEF, 0x17, 0xCD, 0x96,
    0x31, 0x6F, 0xB6, 0x1B, 0x9F, 0xD7, 0xBB, 0x62, 0x52, 0xC4, 0xFB, 0x47, 0x39, 0x15, 0x8B, 0xF5,
    0x35, 0x90, 0x5B, 0x20, 0x1B, 0x00, 0xDC, 0xCA, 0x32, 0x67, 0xBC, 0x92, 0xA1, 0x9B, 0x94, 0x34,
    0xDE, 0xA0, 0x19, 0x15, 0x9A, 0x0B, 0xAD, 0xC4, 0x71, 0x3E, 0xB3, 0xCC, 0xA3, 0xEC, 0xC9, 0x47,
    0x5E, 0x8B, 0x3E, 0xE2, 0xA2, 0x8F, 0xF8, 0x6C, 0xF1, 0xC3, 0xA8, 0xC3, 0x9E, 0x7C, 0x04, 0x9A,
    0xEB, 0x25, 0x1B, 0x01, 0xDA, 0xEB, 0xB9, 0x84, 0x6C, 0x2A, 0xC4, 0x2B, 0x79, 0x28, 0x7D, 0xF5,
    0xAE, 0x3D, 0xB0, 0xCF, 0x6D, 0x69, 0x2F, 0x4B, 0x9B, 0x39, 0x91, 0x86, 0xF1, 0xF1, 0x11, 0xDA,
    0x11, 0xD8, 0x27, 0xE6, 0xD9, 0xB3, 0x6F, 0x39, 0x12, 0xAA, 0x42, 0x3E, 0x1C, 0xB5, 0xFC, 0x2F,
    0x19, 0x0A, 0xB9, 0x27, 0xF5, 0x69, 0xB4, 0x95, 0x99, 0x91, 0x92, 0xEE, 0x88, 0x22, 0xE8, 0x5A,
    0x31, 0xAA, 0xCF, 0x0D, 0x17, 0x4A, 0x26, 0x5E, 0x3B, 0x33, 0x9E, 0x6C, 0x8C, 0x1B, 0xC8, 0x52,
    0xF4, 0x15, 0x3C, 0x31, 0x3C, 0x6D, 0xA0, 0xA7, 0x9D, 0x3B, 0x6F, 0x58, 0xA8, 0xE8, 0x59, 0x28,
    0x73, 0x9C, 0xE8, 0xF6, 0xC5, 0xFA, 0x93, 0x88, 0x0C, 0x5B, 0x54, 0xBA, 0xA8, 0xBB, 0x74, 0x13,
    0xFA, 0xBB, 0xB5, 0xB6, 0x85, 0x63, 0x47, 0x61, 0x73, 0x47, 0xA0, 0x8D, 0x6B, 0x3D, 0xB2, 0xC3,
    0xB3, 0x71, 0xB4, 0x18, 0x46, 0x70, 0xEC, 0xD1, 0xCB, 0xC5, 0x16, 0x95, 0x7E, 0x4A, 0x17, 0x81,
    0x6C, 0xB9, 0x38, 0xA7, 0xF0, 0x5C, 0x61, 0xA8, 0xFA, 0xBB, 0xF2, 0x56, 0x0C, 0xDF, 0xA5, 0x88,
    0x92, 0x47, 0x12, 0xD8, 0x74, 0x9F, 0x67, 0xF2, 0xE3, 0xC3, 0x40, 0x22, 0x0D, 0xCF, 0xB8, 0x88,
    0xD8, 0xE2, 0xD0, 0xCF, 0xE0, 0xE2, 0x28, 0x63, 0x8C, 0xEE, 0x43, 0x88, 0xF0, 0xA2, 0xD9, 0x47,
    0x7C, 0x51, 0xEF, 0x23, 0xC0, 0xA8, 0xDF, 0x07, 0x14, 0x0B, 0xC4, 0x58, 0x30, 0xC6, 0x02, 0x32,
    0x16, 0x94, 0xB1, 0xC0, 0x8C, 0x05, 0x67, 0xAC, 0x40, 0xE3, 0x06, 0xD2, 0x28, 0x07, 0x5E, 0xC5,
    0x38, 0x74, 0x53, 0x81, 0x1E, 0xCE, 0x92, 0x07, 0xD5, 0xE0, 0xD4, 0x04, 0x4E, 0x8B, 0xCD, 0x5D,
    0x55, 0x5A, 0xB1, 0x6D, 0x6E, 0xA5, 0x3E, 0x96, 0xB6, 0x18, 0x96, 0x5B, 0x3C, 0xA5, 0x5B, 0xFC,
    0xE7, 0xEC, 0x3D, 0x15, 0xED, 0xF9, 0x66, 0xDE, 0xC0, 0xF1, 0xA1, 0xE4, 0x0A, 0xA9, 0xBB, 0x1E,
    0xB2, 0x06, 0xF2, 0x28, 0x1D, 0x70, 0x6A, 0xD1, 0x3B, 0x64, 0x98, 0x5B, 0x13, 0xD7, 0x36, 0x2E,
    0xEB, 0x9E, 0x6C, 0xF0, 0xE5, 0x07, 0x6E, 0x54, 0xD6, 0x8D, 0x65, 0xE3, 0xE2, 0xEA, 0xC5, 0x85,
    0x3B, 0xA7, 0x18, 0xE6, 0xE5, 0xB2, 0xA5, 0x08, 0x9B, 0x6E, 0x04, 0xF8, 0x36, 0x80, 0xAE, 0x81,
    0xD2, 0x02, 0xF9, 0x35, 0x2B, 0xAD, 0xC4, 0x21, 0xE7, 0x76, 0xA4, 0x1C, 0x37, 0x2D, 0xA6, 0x56,
    0xC2, 0x19, 0x95, 0xD0, 0xB2, 0xD3, 0xB5, 0x9F, 0x59, 0x33, 0x62, 0xC4, 0x8E, 0x94, 0x8F, 0xEC,
    0x98, 0xDB, 0xDC, 0xFA, 0x62, 0x28, 0xEC, 0xA5, 0xF6, 0xC6, 0x56, 0xD3, 0x41, 0x28, 0xBD, 0xF6,
    0x2F, 0xAC, 0xA3, 0x88, 0x3A, 0xF4, 0xD7, 0xEB, 0xD8, 0x44, 0x1D, 0xF9, 0xAC, 0xE3, 0xAA, 0x8C,
    0x3A, 0xA4, 0x12, 0xCA, 0xAF, 0x1E, 0x7B, 0xD8, 0x38, 0x6E, 0xB0, 0xF2, 0x98, 0x49, 0x73, 0x90,
    0x4F, 0xC5, 0x1D, 0x0B, 0x79, 0x2B, 0x8C, 0x04, 0xEE, 0x8D, 0xFC, 0x94, 0xDD, 0x25, 0x60, 0x8C,
    0xCB, 0x8E, 0xBA, 0x72, 0xA5, 0xE8, 0x4B, 0xD4, 0x8F, 0xF5, 0x88, 0x52, 0x66, 0x66, 0xEC, 0xC2,
    0x9F, 0xA8, 0xCF, 0xC2, 0x61, 0x2A, 0x96, 0x68, 0x69, 0xA1, 0x00, 0xCA, 0xE7, 0x45, 0x4B, 0xE0,
    0x0C, 0x50, 0x60, 0x04, 0x44, 0x6A, 0xBC, 0xB1, 0xA3, 0x4C, 0x6E, 0x9C, 0x9F, 0x22, 0x9E, 0x2C,
    0xE2, 0x21, 0x57, 0x35, 0xA6, 0xD7, 0x22, 0x4D, 0x26, 0x2F, 0xB3, 0x10, 0xAF, 0xF8, 0xD8, 0x69,
    0xC7, 0x19, 0xA8, 0xBA, 0xCD, 0x86, 0xD2, 0xFA, 0xDC, 0x15, 0x76, 0xCC, 0x86, 0xDC, 0x8E, 0x10,
    0xD9, 0x7C, 0xE5, 0xB3, 0x31, 0x2E, 0xC4, 0x51, 0xDB, 0x4A, 0xEE, 0x0A, 0xE5, 0xF4, 0x38, 0xDC,
    0x5E, 0x88, 0xDF, 0x57, 0x65, 0xFC, 0xD5, 0x43, 0xB1, 0x6A, 0x23, 0x4F, 0x00, 0x61, 0x31, 0xE3,
    0x4A, 0x1D, 0x75, 0xB3, 0xAC, 0xBD, 0x2F, 0x03, 0x40, 0x01, 0x70, 0x02, 0x21, 0x40, 0xE6, 0x56,
    0x56, 0x0C, 0x72, 0x7A, 0xD6, 0x4D, 0x14, 0x63, 0x76, 0x8C, 0x3A, 0x0C, 0x67, 0x71, 0xF8, 0x36,
    0x76, 0xF6, 0x90, 0x0F, 0x63, 0xEC, 0xBC, 0xB0, 0x8D, 0xCB, 0x9C, 0xCF, 0x7D, 0x3E, 0x5C, 0x95,
    0x53, 0xD9, 0xC7, 0x69, 0x35, 0xE5, 0xF4, 0xE5, 0xF4, 0x8C, 0x69, 0xFD, 0x05, 0xD0, 0x9E, 0xF6,
    0x9B, 0x3E, 0xB5, 0x2A, 0xCE, 0x65, 0x6E, 0x23, 0x18, 0x7B, 0x8A, 0xB0, 0x01, 0x38, 0xD3, 0x03,
    0xD5, 0x21, 0x60, 0xC2, 0x0E, 0x3D, 0xAA, 0x5A, 0x8F, 0x85, 0x35, 0x3E, 0x77, 0xE7, 0x2D, 0x12,
    0xB6, 0x98, 0x81, 0x85, 0xB2, 0x06, 0x28, 0x96, 0x19, 0xDC, 0x8A, 0xFD, 0x72, 0xDA, 0x61, 0xD2,
    0xB0, 0xD0, 0x85, 0xAA, 0x21, 0x94, 0x56, 0xBB, 0x8B, 0x7C, 0x38, 0xBC, 0x38, 0x86, 0xFB, 0xC3,
    0xEA, 0xB8, 0x12, 0x6E, 0xC5, 0xFE, 0x44, 0xDA, 0x33, 0xD0, 0x4D, 0x9B, 0x40, 0x30, 0x08, 0xA3,
    0xC2, 0x58, 0xAF, 0x29, 0xFB, 0x19, 0xA5, 0xE5, 0x2E, 0x22, 0x28, 0xA7, 0x7A, 0x70, 0x15, 0x10,
    0x11, 0x14, 0xD7, 0x4F, 0xAE, 0x72, 0x30, 0x71, 0xE4, 0x62, 0xCA, 0xA7, 0x64, 0x3D, 0xD7, 0x7E,
    0x34, 0x00, 0x9B, 0x1B, 0xD6, 0xEB, 0xEB, 0xA7, 0x63, 0x30, 0x5C, 0x46, 0x1D, 0xBA, 0xBE, 0xD0,
    0x14, 0xF6, 0xB5, 0x59, 0xC7, 0xF0, 0x4C, 0x1D, 0x9B, 0x55, 0xC7, 0xF2, 0x74, 0x9C, 0x62, 0xEC,
    0x63, 0xE4, 0x29, 0x46, 0x5E, 0xB3, 0x2A, 0x5D, 0xD5, 0xAE, 0x8A, 0x57, 0x91, 0x3B, 0x90, 0x99,
    0xFA, 0xF7, 0x93, 0xA8, 0x3B, 0x60, 0x13, 0x30, 0x16, 0xA8, 0x28, 0x1C, 0xA0, 0xEC, 0x66, 0x8C,
    0x70, 0xBB, 0xA7, 0x4D, 0x60, 0x83, 0x7D, 0x68, 0xD3, 0x13, 0x65, 0x5E, 0xCC, 0x24, 0x68, 0xA3,
    0x88, 0x80, 0xC3, 0xD3, 0xC6, 0x25, 0x95, 0xB7, 0x7C, 0x5C, 0xD4, 0x5F, 0x88, 0x8B, 0x40, 0x37,
    0x93, 0x66, 0x9D, 0xFF, 0x6A, 0xCD, 0x6A, 0xCE, 0x0D, 0x43, 0xE0, 0x24, 0x33, 0x47, 0x44, 0x31,
    0x4A, 0x86, 0x37, 0x28, 0x25, 0x28, 0x69, 0x0E, 0x98, 0xA6, 0xE3, 0x88, 0xB1, 0xF7, 0x50, 0x8D,
    0xAE, 0x0B, 0xD7, 0x52, 0xDA, 0x62, 0x36, 0x6B, 0x24, 0xB7, 0xF9, 0x40, 0x88, 0x72, 0xE3, 0xD8,
    0x47, 0x49, 0x34, 0x29, 0xCA, 0x91, 0x6D, 0xEC, 0x17, 0xE5, 0x3D, 0xD4, 0x90, 0x05, 0xDA, 0xAA,
    0xE9, 0x8E, 0xE5, 0x6C, 0x9D, 0x92, 0x90, 0x42, 0xDC, 0x46, 0xFA, 0x72, 0xDA, 0x48, 0x03, 0x79,
    0x03, 0xC5, 0xF3, 0x9E, 0x0D, 0xF5, 0xFA, 0x6C, 0x88, 0x4F, 0x5B, 0x9F, 0x00, 0x1C, 0xB1, 0x3D,
    0xF7, 0xD9, 0x90, 0x4D, 0x74, 0x0D, 0x4A, 0xEE, 0x8B, 0xA3, 0x7A, 0xF7, 0xC1, 0x2F, 0x03, 0xFB,
    0xFC, 0x41, 0xBF, 0xE3, 0xB2, 0x7C, 0xE0, 0x2A, 0x24, 0x12, 0x8F, 0x67, 0xF6, 0x6B, 0x46, 0x40,
    0x9D, 0xB8, 0x67, 0x8B, 0xA6, 0xE5, 0x9C, 0x8A, 0xEA, 0x2D, 0xF9, 0xD1, 0x11, 0x2D, 0x7F, 0x23,
    0x9E, 0x5C, 0x6A, 0xE9, 0x49, 0x54, 0x4C, 0x0C, 0x31, 0xF9, 0x0C, 0xC4, 0x07, 0x20, 0x6D, 0x61,
    0x4D, 0x13, 0xB4, 0x8D, 0x30, 0xB9, 0x2E, 0xEC, 0xE3, 0xE3, 0x1A, 0x71, 0x02, 0x14, 0xF6, 0x1E,
    0x28, 0x5B, 0xD5, 0x98, 0x5A, 0x8D, 0xAF, 0x4C, 0xE4, 0x22, 0x1E, 0xEE, 0x4A, 0x03, 0xF0, 0x4F,
    0xAF, 0x7D, 0x7C, 0x07, 0xA0, 0xAE, 0x99, 0xA1, 0xF4, 0x46, 0xA8, 0xC4, 0x04, 0x5A, 0xC3, 0x9E,
    0x04, 0xD8, 0x64, 0x42, 0x21, 0x1E, 0xC5, 0x25, 0xD1, 0xBA, 0x3E, 0xE6, 0x2F, 0x92, 0xA0, 0xB6,
    0xF4, 0x70, 0x61, 0xD6, 0xBC, 0x42, 0x04, 0x30, 0x7E, 0x75, 0xBF, 0xDB, 0x1E, 0xBF, 0xB0, 0xDC,
    0x25, 0x97, 0x8B, 0xAC, 0x4E, 0xEE, 0xB6, 0x66, 0x81, 0xCA, 0x26, 0x47, 0x8B, 0x6E, 0x36, 0x24,
    0x27, 0x8B, 0x2E, 0xF6, 0xFC, 0x0C, 0xEA, 0x77, 0x61, 0x72, 0x53, 0x08, 0x67, 0x9B, 0x2F, 0xED,
    0xD9, 0xE6, 0xD1, 0x40, 0xF1, 0xB7, 0xAE, 0x94, 0x4F, 0x5C, 0xF5, 0xD5, 0xC6, 0x1D, 0x53, 0xD0,
    0xCC, 0x9D, 0xA7, 0xEC, 0xE3, 0x9D, 0xAA, 0x64, 0xA2, 0x94, 0xE1, 0xA5, 0x63, 0x4C, 0xF9, 0x54,
    0x8C, 0xD9, 0xFC, 0xCC, 0x85, 0xD9, 0xD0, 0x68, 0xB3, 0x8F, 0x36, 0x6F, 0xA3, 0xCD, 0x26, 0xDA,
    0xFC, 0xBD, 0x6B, 0x9B, 0xC5, 0x01, 0x0C, 0xC0, 0x8B, 0x44, 0x62, 0xA0, 0x6C, 0x7E, 0x82, 0xB2,
    0x7E, 0x96, 0xF7, 0xF4, 0xC0, 0xEE, 0x79, 0x91, 0xF8, 0x8D, 0x97, 0x8D, 0xC4, 0x6A, 0xED, 0x50,
    0x1E, 0x7F, 0x3B, 0x25, 0x9D, 0xF6, 0x2A, 0x62, 0x56, 0xBF, 0xF1, 0x71, 0xC1, 0x47, 0x16, 0x96,
    0x3E, 0xA6, 0x1F, 0x2A, 0xF9, 0xCB, 0x84, 0xC2, 0x27, 0x2E, 0xEE, 0x84, 0xEA, 0xE2, 0x4E, 0x29,
    0x83, 0x91, 0x61, 0x07, 0x67, 0x50, 0xD5, 0xA8, 0x91, 0x4C, 0xC0, 0xF4, 0x31, 0x1B, 0x21, 0x22,
    0xE1, 0xEA, 0x6D, 0xA7, 0x64, 0xC8, 0xA4, 0x4E, 0xFA, 0x4E, 0x13, 0x7A, 0xE5, 0xF8, 0xE4, 0x5E,
    0x37, 0xAB, 0x77, 0x14, 0x16, 0xAE, 0x66, 0x96, 0xC9, 0xCC, 0xF2, 0xA9, 0x9C, 0x59, 0xAF, 0x1A,
    0xF2, 0xB1, 0x82, 0x8D, 0x4C, 0x40, 0x35, 0x02, 0x64, 0xF1, 0x2E, 0x59, 0xF5, 0xF1, 0xA0, 0x3E,
    0x76, 0x4A, 0x5C, 0x7E, 0x74, 0x3F, 0x61, 0x36, 0xCE, 0x19, 0xE9, 0x0B, 0x89, 0xBF, 0x42, 0xEC,
    0x00, 0xCC, 0x7D, 0x22, 0xFF, 0xC8, 0x45, 0x2E, 0x11, 0x6B, 0xCE, 0x9D, 0x2B, 0x61, 0xEE, 0x1F,
    0x23, 0x6C, 0xE1, 0x9C, 0xC2, 0xC8, 0xCF, 0x46, 0xC3, 0x8C, 0x71, 0x92, 0x86, 0x4C, 0xC6, 0xEB,
    0x15, 0xE3, 0x66, 0x46, 0x76, 0x9E, 0xB8, 0xB1, 0x00, 0xA5, 0x7B, 0x2A, 0x60, 0xF1, 0x2D, 0xC0,
    0xC4, 0xD6, 0x43, 0x71, 0xFD, 0xC4, 0x3C, 0x7D, 0xA9, 0x01, 0x95, 0xDA, 0xAB, 0xA7, 0xF4, 0x54,
    0xF7, 0x57, 0x14, 0x12, 0xA0, 0x1B, 0x92, 0xC6, 0x1E, 0xD0, 0xE2, 0x81, 0xEA, 0xCD, 0x09, 0x68,
    0x31, 0x80, 0x4F, 0x2B, 0x33, 0x52, 0xDA, 0xC8, 0xF3, 0xC8, 0xAB, 0xC4, 0xE5, 0xA3, 0xC4, 0xDF,
    0xB1, 0x5B, 0x9C, 0x2B, 0xED, 0xBC, 0xBE, 0xC1, 0x34, 0xF1, 0xC1, 0x21, 0x6C, 0xA4, 0xD6, 0x9E,
    0x44, 0xEF, 0xC3, 0x16, 0x76, 0xCA, 0x99, 0x2A, 0x68, 0xBF, 0xD7, 0x6E, 0xAF, 0x25, 0x18, 0x71,
    0xE7, 0xF7, 0xB2, 0x28, 0x8A, 0x6B, 0xEF, 0xA5, 0x92, 0x71, 0x3D, 0x35, 0x65, 0xCB, 0xA1, 0x56,
    0xEE, 0x0E, 0xCA, 0x56, 0x41, 0x53, 0xD8, 0x8B, 0xBD, 0xD6, 0x0F, 0xAC, 0xDB, 0xEB, 0xEA, 0x81,
    0x95, 0xA0, 0x77, 0x0F, 0xAD, 0xB8, 0x6A, 0xA7, 0xED, 0xC8, 0xB9, 0x11, 0xCE, 0xB3, 0x50, 0x06,
    0x8C, 0x38, 0xE0, 0xC6, 0x80, 0x7A, 0x84, 0xC3, 0x11, 0x7C, 0x05, 0x4E, 0x41, 0x50, 0xD0, 0x6A,
    0xE0, 0x40, 0x27, 0xC7, 0xB9, 0x0D, 0x4B, 0x1F, 0xE8, 0x8E, 0x00, 0x63, 0x05, 0x4B, 0x2F, 0x68,
    0x13, 0xE7, 0x00, 0x74, 0x32, 0x71, 0xE8, 0x3B, 0x19, 0x17, 0xE0, 0x57, 0x0C, 0x6D, 0xF2, 0x96,
    0x7D, 0xE4, 0x1F, 0x84, 0xC8, 0x65, 0x4C, 0xBC, 0x8F, 0xBC, 0x5E, 0x7D, 0x69, 0xF1, 0x23, 0xC8,
    0x47, 0x00, 0xA6, 0xC4, 0x2B, 0xBB, 0x6C, 0xA2, 0x6B, 0x0B, 0x57, 0xE5, 0x49, 0x77, 0x50, 0xD7,
    0x9A, 0x0F, 0x49, 0x6F, 0x64, 0x23, 0x2F, 0x48, 0x2A, 0xB1, 0xDB, 0xC0, 0x70, 0xF9, 0x21, 0x0B,
    0xAA, 0x41, 0x45, 0x7F, 0xD6, 0x3A, 0xB7, 0xFC, 0x79, 0x64, 0x26, 0x7E, 0x34, 0x41, 0x59, 0x54,
    0x7D, 0x68, 0x28, 0xA2, 0x3A, 0x64, 0x5C, 0xD7, 0x24, 0xAD, 0x5D, 0xA2, 0x70, 0x58, 0xA4, 0x53,
    0xC0, 0x6A, 0x26, 0xA7, 0xB5, 0x5C, 0x57, 0x89, 0xB4, 0xA6, 0x74, 0x3E, 0x99, 0x5C, 0x88, 0x2C,
    0x0B, 0x31, 0x98, 0x1E, 0xC0, 0x9C, 0x72, 0xE4, 0x1D, 0x8C, 0x2C, 0x4E, 0xD9, 0x9E, 0xE4, 0x3E,
    0x49, 0xD5, 0x2F, 0xB2, 0x72, 0x8B, 0xDC, 0xC5, 0x55, 0x56, 0x6C, 0xB7, 0x78, 0x28, 0x87, 0x30,
    0x7B, 0x17, 0x64, 0xE2, 0xF5, 0x72, 0xB4, 0xDE, 0x17, 0x52, 0xAF, 0x76, 0xDE, 0x34, 0x75, 0xB5,
    0xF6, 0x69, 0x83, 0x57, 0x9B, 0x6F, 0x99, 0xBD, 0x5A, 0x7E, 0xD3, 0xF8, 0x6C, 0xBA, 0xB6, 0x5F,
    0x89, 0x5D, 0xA7, 0x60, 0xDE, 0xB5, 0xEB, 0x2C, 0xB6, 0xB9, 0x5D, 0x27, 0x72, 0xA6, 0xEC, 0x3A,
    0x97, 0x83, 0x34, 0xEB, 0x74, 0x92, 0x29, 0xCB, 0x8C, 0xB6, 0xB0, 0x4E, 0xEA, 0x0C, 0xD6, 0x79,
    0x19, 0x58, 0xA7, 0xA6, 0x2C, 0xEB, 0xEC, 0x72, 0xCF, 0xF5, 0x04, 0x03, 0xD7, 0x73, 0xFC, 0xEE,
    0x6A, 0x9E, 0x34, 0x91, 0x79, 0xB8, 0xB3, 0x11, 0x50, 0x98, 0x1A, 0x85, 0xB2, 0x18, 0x0A, 0x5B,
    0x09, 0xB9, 0xAD, 0x7C, 0xDA, 0x96, 0x69, 0x57, 0xCA, 0x3B, 0x16, 0x5C, 0x69, 0x21, 0x98, 0xFA,
    0x74, 0xA8, 0xB7, 0xAE, 0x56, 0x31, 0x81, 0x11, 0x38, 0x7F, 0x15, 0x5A, 0x10, 0x19, 0x10, 0x09,
    0x30, 0xEE, 0x21, 0xCC, 0xED, 0x10, 0x40, 0x3B, 0xD2, 0x89, 0x79, 0x33, 0x4F, 0x7C, 0x9E, 0xF0,
    0x3E, 0xB7, 0x97, 0xCA, 0x76, 0x52, 0x77, 0x47, 0xF6, 0xB0, 0x85, 0x3B, 0xC9, 0xC7, 0x0B, 0xC7,
    0x26, 0x5C, 0x43, 0xD3, 0xD7, 0xD2, 0xD5, 0x0E, 0x34, 0xE8, 0xD4, 0x65, 0xAF, 0xDC, 0x59, 0x15,
    0xCC, 0x8D, 0x5D, 0x5F, 0x5D, 0x66, 0xC7, 0x4A, 0xC6, 0x42, 0x9A, 0x04, 0x49, 0x94, 0x3C, 0x10,
    0x97, 0x00, 0xC9, 0x8C, 0x47, 0xEC, 0xD9, 0x0C, 0x47, 0x86, 0x73, 0x91, 0x0F, 0x45, 0x1E, 0x1F,
    0x39, 0xFC, 0x7A, 0x5C, 0xAD, 0xD6, 0x9E, 0x3D, 0xA6, 0x65, 0x62, 0x57, 0xFD, 0x3B, 0xF9, 0x51,
    0xD0, 0xF2, 0xD7, 0x71, 0x8C, 0x37, 0xC5, 0x02, 0x34, 0x70, 0xEB, 0xDC, 0x19, 0x3C, 0x2B, 0xB5,
    0xAC, 0xB4, 0x67, 0xA5, 0x00, 0xEB, 0x09, 0x74, 0x0A, 0x7B, 0xE9, 0x0C, 0x1A, 0x2D, 0x3E, 0x9D,
    0x42, 0x2F, 0xE1, 0xCF, 0x77, 0x7D, 0x69, 0x69, 0x31, 0xCB, 0x49, 0x74, 0x0A, 0x83, 0x66, 0x70,
    0x8C, 0xA7, 0x50, 0xE8, 0x68, 0x53, 0x38, 0x4C, 0xE7, 0xD1, 0x29, 0x24, 0xA6, 0x13, 0xE9, 0x14,
    0x16, 0xFD, 0x65, 0xBA, 0x7A, 0xFC, 0x8E, 0x8D, 0xA7, 0xD2, 0xC7, 0x14, 0x1E, 0x43, 0x37, 0xE5,
    0xF2, 0x51, 0x0C, 0x91, 0x07, 0x31, 0xF2, 0x7F, 0x53, 0x98, 0x8C, 0x67, 0xD3, 0x6F, 0xC6, 0x50,
    0xF9, 0x9C, 0xD3, 0xE9, 0x3A, 0x9D, 0x4E, 0x9F, 0xFF, 0xCE, 0xD3, 0xE9, 0x83, 0x58, 0x38, 0x4C,
    0x4F, 0xFD, 0x70, 0x2C, 0xE2, 0x77, 0xEB, 0xB1, 0x35, 0x70, 0x78, 0xD7, 0x23, 0x32, 0xE1, 0x7D,
    0xC5, 0xF8, 0x9E, 0xE6, 0xBD, 0x38, 0x70, 0xE1, 0x41, 0xA5, 0x40, 0x06, 0x4A, 0x6A, 0x32, 0xA1,
    0x7A, 0x70, 0xEA, 0x77, 0x65, 0x18, 0xBF, 0xAB, 0xF9, 0x2F, 0xC8, 0x82, 0x67, 0xF2, 0x5F, 0x12,
    0xA1, 0xDF, 0xD2, 0xFA, 0x28, 0x2D, 0x74, 0x0D, 0xDD, 0x40, 0x21, 0x47, 0x54, 0x7F, 0xA8, 0x2B,
    0x94, 0xDD, 0x93, 0x0F, 0x2D, 0x99, 0xBB, 0x89, 0x4B, 0x6F, 0xE2, 0xD3, 0xF8, 0xDB, 0x3D, 0xF2,
    0x21, 0xF6, 0x55, 0xFD, 0x52, 0xD4, 0x88, 0x63, 0x24, 0xEA, 0x3E, 0x27, 0x7E, 0x8E, 0xE5, 0x8B,
    0x8A, 0xF2, 0x6B, 0xC7, 0x5A, 0xD3, 0xF2, 0x33, 0xF2, 0x3E, 0xF6, 0xD5, 0x75, 0x2C, 0x95, 0x18,
    0x32, 0xFE, 0x18, 0xCA, 0x09, 0x2A, 0xB1, 0x5C, 0x95, 0x03, 0x7E, 0xE3, 0x18, 0xF1, 0x8C, 0xDB,
    0x96, 0xD0, 0xEE, 0x39, 0xF8, 0x2D, 0x7A, 0xD8, 0x02, 0x6B, 0xDB, 0x9F, 0xFC, 0x64, 0x5C, 0x7C,
    0xE8, 0x6E, 0x02, 0x6B, 0x22, 0x23, 0xC5, 0x11, 0xB4, 0xD4, 0x54, 0xCA, 0xB2, 0xCD, 0x07, 0xB6,
    0x3B, 0xC7, 0xD9, 0xDE, 0x61, 0xBC, 0xA3, 0x1C, 0x46, 0x20, 0x4A, 0xC7, 0x61, 0x72, 0x04, 0x33,
    0x30, 0x16, 0x3D, 0x63, 0x39, 0x10, 0xE2, 0xDD, 0x9C, 0xCE, 0xBF, 0xA5, 0x47, 0x13, 0xA0, 0x08,
    0xC5, 0x94, 0xD7, 0x46, 0x7E, 0xD8, 0x9F, 0x97, 0x0F, 0x5D, 0x28, 0x6C, 0xF0, 0xDA, 0xB6, 0x22,
    0xF5, 0x56, 0x8E, 0x6C, 0x3D, 0xEC, 0x5B, 0x68, 0xAB, 0x98, 0x55, 0x0D, 0x65, 0x9F, 0x89, 0x2C,
    0x9B, 0x30, 0x18, 0x18, 0xD5, 0x22, 0x3B, 0x01, 0x13, 0xDD, 0xA4, 0xF0, 0x87, 0xA0, 0xA7, 0x70,
    0xA8, 0xCC, 0x68, 0xCE, 0xB4, 0x57, 0xF7, 0x74, 0xA7, 0xAE, 0x76, 0x55, 0xF9, 0x8B, 0xB0, 0x29,
    0x7F, 0x3D, 0x62, 0xA4, 0xCF, 0xE5, 0x67, 0x4E, 0xFF, 0x8D, 0x1D, 0xAB, 0xC2, 0xB6, 0xB3, 0xAE,
    0xFD, 0x58, 0xCE, 0x4D, 0x35, 0xFB, 0x60, 0x08, 0x87, 0x69, 0x33, 0xEA, 0x91, 0xBF, 0xAA, 0x2C,
    0x54, 0xEE, 0x94, 0xDB, 0x2C, 0x32, 0x6D, 0x84, 0x52, 0x46, 0x4C, 0x1F, 0x38, 0xD8, 0x3D, 0x8F,
    0x87, 0xC0, 0x6F, 0xC5, 0x33, 0x76, 0x3D, 0x23, 0xE0, 0x81, 0x4B, 0xA0, 0xFA, 0x11, 0x28, 0x91,
    0xB0, 0x99, 0x5B, 0x21, 0xA0, 0xA5, 0xA7, 0x7A, 0xC7, 0x71, 0xB6, 0x71, 0xEC, 0xE6, 0x66, 0xEE,
    0x3B, 0xCA, 0x88, 0x77, 0x8C, 0x25, 0x85, 0x2A, 0x0F, 0x55, 0x03, 0x97, 0xA7, 0x31, 0xD6, 0xB1,
    0xAE, 0x16, 0x6C, 0x19, 0xCA, 0xB9, 0x65, 0x53, 0x36, 0x29, 0xF9, 0xC1, 0x54, 0xBD, 0xFB, 0x69,
    0xB3, 0x2F, 0x3E, 0xAD, 0x5B, 0xF5, 0x69, 0x23, 0xF2, 0xAE, 0x95, 0x63, 0x6E, 0xC7, 0x74, 0xAC,
    0x90, 0x9D, 0xEE, 0x39, 0xAE, 0x05, 0xB7, 0x07, 0xB7, 0x03, 0xA7, 0xEB, 0xDC, 0xA9, 0x51, 0xC7,
    0x35, 0xAB, 0x39, 0x78, 0x00, 0xE6, 0x6B, 0xAF, 0xE7, 0x76, 0x68, 0x20, 0x9C, 0xF4, 0xFD, 0x26,
    0x21, 0xBE, 0x81, 0xC3, 0x87, 0x2E, 0xB6, 0x74, 0x1D, 0xBF, 0x5B, 0x6D, 0x69, 0x49, 0xA0, 0x11,
    0x1D, 0x20, 0x0B, 0x70, 0x10, 0xA9, 0x2B, 0x11, 0x74, 0x7D, 0x46, 0x69, 0x3D, 0xD9, 0xA3, 0x01,
    0xC4, 0x42, 0x05, 0xC4, 0x81, 0x1F, 0xF7, 0xE4, 0xFF, 0xDB, 0xA5, 0xA3, 0x0F, 0x43, 0x15, 0xFB,
    0x37, 0x9D, 0x88, 0x05, 0x40, 0x8D, 0xC5, 0x91, 0xEA, 0xA8, 0xA5, 0x6E, 0xAB, 0x4A, 0x59, 0xAF,
    0xCF, 0x0A, 0x3B, 0xAA, 0x7D, 0xBE, 0xB0, 0xF4, 0xF1, 0x32, 0xFE, 0x90, 0xBA, 0xE8, 0xD8, 0xB9,
    0x14, 0xB1, 0xD5, 0xDC, 0x12, 0x10, 0x38, 0xB5, 0x4B, 0xC0, 0x48, 0x93, 0xDA, 0xE5, 0x8D, 0xEF,
    0x8F, 0xC0, 0xC1, 0x82, 0xB6, 0x60, 0x16, 0xF8, 0x3C, 0x78, 0x60, 0x2D, 0xAC, 0xC4, 0xB6, 0x7E,
    0xEE, 0x6E, 0x7D, 0x16, 0x01, 0x13, 0xDB, 0xD0, 0x79, 0xDF, 0xFA, 0xB6, 0xF3, 0x66, 0xB8, 0x71,
    0xA0, 0x6C, 0x9E, 0x3E, 0x50, 0xBE, 0xF7, 0xBC, 0x03, 0xE5, 0xCD, 0xF8, 0x8C, 0x03, 0x65, 0x80,
    0x3B, 0x65, 0x43, 0xDA, 0x2B, 0xCB, 0x15, 0xE4, 0xBF, 0xCF, 0x09, 0x49, 0x1F, 0xB3, 0x17, 0x17,
    0x77, 0xBD, 0x03, 0x37, 0xBA, 0xDF, 0x7D, 0x42, 0xF2, 0x93, 0xFD, 0x05, 0xB8, 0x7D, 0x00, 0xC7,
    0x05, 0xC0, 0x66, 0x48, 0x6E, 0x1D, 0xFF, 0xE3, 0x45, 0x3A, 0xB6, 0xB2, 0xFB, 0x3B, 0x8C, 0x8A,
    0xA0, 0xE9, 0x64, 0xCD, 0x08, 0x97, 0x22, 0x8F, 0x8A, 0xAD, 0x51, 0x63, 0x61, 0xAB, 0x63, 0x6E,
    0x77, 0x55, 0x6E, 0xBF, 0xAB, 0x73, 0x5B, 0xFD, 0x38, 0xB7, 0x9D, 0xA8, 0xB9, 0x49, 0x63, 0x7E,
    0x76, 0x04, 0x28, 0x3D, 0x11, 0x6D, 0xEA, 0x66, 0x36, 0xD3, 0x17, 0x76, 0xCC, 0xE7, 0xFF, 0x7E,
    0xFE, 0x07, 0xFE, 0x08, 0x40, 0xAF, 0x08, 0xEC, 0xDB, 0xA9, 0x56, 0x14, 0x41, 0x43, 0x29, 0xB6,
    0xAA, 0xF3, 0x09, 0xB1, 0xB9, 0xE5, 0xEF, 0xFE, 0xFB, 0xCC, 0xBC, 0xF9, 0x81, 0x25, 0x39, 0x8B,
    0x19, 0x26, 0x40, 0xB3, 0x32, 0xC0, 0xFC, 0x2A, 0x44, 0x67, 0xE2, 0xE2, 0xD2, 0xF0, 0x9F, 0x1F,
    0x7D, 0x8A, 0xFA, 0xE8, 0x7E, 0x73, 0xA6, 0xDF, 0x49, 0xDE, 0xA1, 0x07, 0xA9, 0xA1, 0x3C, 0xA1,
    0xBA, 0x22, 0x35, 0x33, 0x94, 0xCD, 0xC1, 0x89, 0xBB, 0x98, 0xDB, 0x3F, 0x99, 0xAF, 0xF5, 0x3F,
    0xCA, 0xED, 0x59, 0x35, 0xF7, 0x7F, 0x9C, 0xFA, 0x73, 0x7B, 0x92, 0xBA, 0x2F, 0xEC, 0xC1, 0xE5,
    0x76, 0x9A, 0x9B, 0xC4, 0xD6, 0xE7, 0xD6, 0x9B, 0xB9, 0x3C, 0xF1, 0x58, 0x1A, 0xFD, 0xCB, 0x09,
    0xF4, 0x13, 0x63, 0xCC, 0xA0, 0x38, 0x1C, 0x15, 0x17, 0x9D, 0xF0, 0xEF, 0xBF, 0x3C, 0xD6, 0xEA,
    0xDF, 0xCE, 0x63, 0x9B, 0x8F, 0x4F, 0xB6, 0x74, 0x35, 0x00, 0xDA, 0x7F, 0x7B, 0x63, 0x0F, 0x93,
    0x7E, 0xE0, 0x42, 0x55, 0xB8, 0x30, 0xAA, 0x8D, 0xDB, 0x8F, 0x0A, 0xB7, 0x0D, 0xD5, 0x87, 0xBE,
    0x3D, 0x88, 0x48, 0xD0, 0xAE, 0xFB, 0xA1, 0x7B, 0xFA, 0x20, 0xA8, 0xFA, 0xC1, 0xCF, 0x83, 0xCC,
    0xE4, 0xFD, 0x64, 0xC6, 0xD7, 0xF6, 0xFA, 0x6D, 0xBF, 0xFF, 0xA3, 0x52, 0x2E, 0x50, 0xEF, 0x3A,
    0x4A, 0x71, 0x31, 0x3B, 0x02, 0xFE, 0x0A, 0x28, 0x01, 0x55, 0xAF, 0x53, 0xD6, 0x7D, 0x69, 0x0F,
    0x5F, 0x48, 0xF3, 0x77, 0x5F, 0x08, 0xE2, 0xCA, 0xC5, 0xFC, 0xAA, 0x8C, 0xE6, 0x5B, 0xFD, 0xD9,
    0x92, 0x70, 0x1D, 0x39, 0x48, 0x7D, 0x54, 0x76, 0x7C, 0x14, 0xFF, 0xE7, 0x8B, 0xF9, 0xA3, 0x3A,
    0xB2, 0xA4, 0x06, 0x95, 0x8C, 0x57, 0x59, 0xF0, 0x65, 0x3B, 0x7E, 0x67, 0xF2, 0x97, 0xFF, 0xB1,
    0x93, 0x60, 0x3E, 0x8E, 0x68, 0xC4, 0xC8, 0xD8, 0xBD, 0x19, 0x7C, 0xDE, 0x8E, 0xFF, 0x6C, 0xF2,
    0x5D, 0xFA, 0xFE, 0xC1, 0xC8, 0x19, 0xF1, 0x1F, 0xA8, 0x1E, 0x1C, 0x89, 0xAE, 0xEA, 0xEF, 0xCD,
    0xC3, 0xE5, 0x8F, 0xEC, 0x41, 0x7D, 0x69, 0x47, 0x75, 0xB0, 0xF2, 0x3F, 0xA4, 0x39, 0x7C, 0x38,
    0x01, 0x5D, 0x93, 0xAA, 0x7C, 0xF9, 0xDF, 0x3A, 0xF2, 0xCF, 0xE6, 0xF6, 0xAB, 0x35, 0xE9, 0xBF,
    0x56, 0xEC, 0xAE, 0xCE, 0x83, 0xDF, 0xEE, 0xC7, 0xEF, 0x6E, 0xFD, 0xE5, 0x3E, 0x2A, 0x78, 0xE8,
    0xD8, 0xC3, 0xFE, 0x49, 0x87, 0x68, 0x19, 0xFB, 0xF1, 0xF5, 0xAD, 0x0F, 0xFB, 0xEE, 0xD7, 0xA1,
    0xFA, 0xD8, 0x01, 0xBC, 0x22, 0x3D, 0x46, 0x02, 0x57, 0xF5, 0x15, 0x1E, 0xCD, 0xF8, 0x5D, 0x85,
    0xEF, 0xA2, 0x17, 0x0B, 0xE6, 0x41, 0x48, 0x26, 0xA6, 0xC6, 0x6B, 0xC0, 0x08, 0xB4, 0xC0, 0x1E,
    0x33, 0xEC, 0xE9, 0xFC, 0x1E, 0x7F, 0xEF, 0x82, 0x51, 0x39, 0x82, 0xEA, 0x39, 0x48, 0x8F, 0xFE,
    0x8D, 0xDC, 0x00, 0xBE, 0x7F, 0x0A, 0xA8, 0x53, 0x4A, 0x52, 0xD8, 0xAA, 0xC9, 0x6D, 0xF4, 0xD4,
    0xDF, 0xFC, 0xB7, 0xC5, 0x2D, 0xBA, 0xD9, 0x2D, 0x4C, 0x74, 0x8B, 0x44, 0xDF, 0x7E, 0xBA, 0x6F,
    0xBD, 0xF4, 0x8D, 0x4E, 0x1D, 0x7D, 0x3A, 0xED, 0x93, 0x5B, 0x2E, 0x04, 0xFF, 0x62, 0xF9, 0x90,
    0xC0, 0x53, 0x99, 0x5C, 0xEF, 0x62, 0x6E, 0xFF, 0x72, 0xC8, 0xAD, 0xFE, 0xE3, 0xE8, 0xAA, 0xDF,
    0xB3, 0xD5, 0xEA, 0x7A, 0xB7, 0x5C, 0xD5, 0x0C, 0xC5, 0xD3, 0xFD, 0x93, 0x6B, 0xFF, 0xC0, 0x56,
    0xF2, 0xB4, 0xAB, 0x6E, 0x92, 0x41, 0x31, 0x53, 0x4F, 0xFF, 0xA5, 0x50, 0x89, 0xED, 0x1E, 0xDA,
    0xC7, 0x7F, 0x6D, 0xBF, 0x14, 0xEB, 0x85, 0xAB, 0xCD, 0x45, 0xB5, 0xBC, 0xFA, 0x51, 0x78, 0xD4,
    0x84, 0xBA, 0x8B, 0x82, 0xD2, 0x9A, 0x5F, 0x0D, 0x07, 0x37, 0x5E, 0xB8, 0xF6, 0x3F, 0x0C, 0x5B,
    0x5D, 0x6F, 0xCF, 0x68, 0x77, 0x29, 0x25, 0x8D, 0x3D, 0x13, 0x15, 0x35, 0x28, 0x0B, 0xF9, 0x8D,
    0x56, 0x5A, 0xD0, 0xCD, 0xEB, 0x1B, 0xE1, 0x20, 0x61, 0x3D, 0xBC, 0x42, 0x7F, 0x26, 0x1C, 0x1E,
    0x89, 0x9D, 0x1E, 0xFD, 0xDC, 0x89, 0x48, 0x6A, 0xFE, 0x4E, 0xEE, 0x66, 0xBF, 0xEC, 0xE7, 0xDF,
    0x6A, 0x00, 0x73, 0x3F, 0xD0, 0x89, 0x2C, 0xB8, 0x6A, 0xAB, 0xF0, 0x68, 0xEE, 0xB1, 0xE3, 0x4F,
    0x79, 0x9F, 0x85, 0xBE, 0x0F, 0x0E, 0x2E, 0x4C, 0xBF, 0xEF, 0xDC, 0xF6, 0x0B, 0xB7, 0x95, 0x61,
    0x3F, 0x6D, 0x42, 0x25, 0xA3, 0x92, 0x3E, 0xFF, 0x55, 0x93, 0x09, 0x2B, 0xDD, 0xB8, 0x0D, 0xC9,
    0x24, 0x25, 0x0D, 0xEA, 0x48, 0xD5, 0x68, 0xA4, 0x2F, 0xE7, 0xDB, 0x57, 0xA4, 0xDB, 0x97, 0x6E,
    0xC9, 0x30, 0xB1, 0xB1, 0x64, 0x03, 0x38, 0xF8, 0x29, 0x95, 0x27, 0x1A, 0xD1, 0x35, 0xFF, 0xF5,
    0x4B, 0x5B, 0x3D, 0x88, 0x61, 0xCC, 0x6B, 0x2B, 0x52, 0x1B, 0x7F, 0x3D, 0x74, 0x65, 0x8B, 0xB4,
    0xB3, 0x7E, 0xF3, 0x3F, 0xF3, 0xC1, 0xEB, 0x8F, 0x5D, 0x27, 0xE2, 0xCC, 0x90, 0xB6, 0xE4, 0x09,
    0x2F, 0xDC, 0xBC, 0xBB, 0xEA, 0xBA, 0x44, 0x6E, 0x6C, 0x6E, 0xBB, 0x58, 0x59, 0x68, 0x73, 0x3B,
    0x1A, 0x65, 0xBD, 0x92, 0xE6, 0x8D, 0x6C, 0x02, 0xC0, 0x3C, 0xF0, 0x4F, 0x66, 0x7F, 0xA6, 0x92,
    0xEC, 0x64, 0x4A, 0xDF, 0x03, 0xE8, 0x5E, 0xEA, 0x79, 0x05, 0xFB, 0xE9, 0xD1, 0xBC, 0x73, 0x1E,
    0x89, 0x93, 0x5E, 0x9C, 0xAF, 0xDE, 0x8A, 0x2B, 0x38, 0x5C, 0xAF, 0xE0, 0xA0, 0x39, 0x1C, 0x4D,
    0x0A, 0x48, 0xAF, 0xCD, 0x01, 0xA9, 0xB4, 0xA5, 0xBD, 0xA3, 0xA2, 0x57, 0xAC, 0x41, 0x49, 0x48,
    0xE4, 0x5C, 0x6C, 0x5F, 0xEB, 0xB5, 0x5F, 0xDD, 0xF4, 0xDA, 0xE1, 0x89, 0x37, 0xE5, 0x9F, 0x6E,
    0xC9, 0xED, 0x16, 0x11, 0x17, 0xDB, 0x4B, 0x97, 0xF9, 0x8B, 0x09, 0xB1, 0x46, 0x7A, 0xB1, 0xBB,
    0xC2, 0x29, 0xBB, 0x1B, 0x42, 0xE6, 0x62, 0x4E, 0xDB, 0xC6, 0xE2, 0xFE, 0xEE, 0x19, 0xC5, 0x7D,
    0x3D, 0xE6, 0x81, 0x2A, 0x16, 0xF7, 0x8F, 0xB1, 0xB8, 0xEF, 0x53, 0x71, 0x5F, 0x24, 0x10, 0x5B,
    0xD9, 0xEF, 0xD1, 0x28, 0x5E, 0xA2, 0x88, 0x0F, 0x48, 0xA4, 0x3E, 0xF1, 0x3F, 0x68, 0x99, 0x5E,
    0x05, 0xBA, 0x69, 0x66, 0xDF, 0xA4, 0x84, 0x1E, 0x71, 0x1F, 0x6A, 0x56, 0xC4, 0x0B, 0x15, 0xC9,
    0xDF, 0x67, 0xDF, 0x12, 0x52, 0x91, 0xFC, 0xED, 0x31, 0x96, 0x33, 0x86, 0x62, 0x3A, 0xBF, 0x5D,
    0x24, 0x47, 0x7B, 0x75, 0x8C, 0xA6, 0x09, 0x41, 0x37, 0x8A, 0x51, 0x8D, 0x11, 0xD3, 0x44, 0xAF,
    0x39, 0xD3, 0x09, 0xD3, 0xD0, 0x28, 0xFB, 0xF7, 0xDF, 0x00, 0xA9, 0x0A, 0xB9, 0x7E, 0xCB, 0x24,
    0x93, 0xFA, 0x9B, 0x14, 0xC9, 0xC5, 0x9E, 0x8A, 0xE4, 0x62, 0x4F, 0x45, 0x72, 0x65, 0x4F, 0x45,
    0xF2, 0xCD, 0xB8, 0x16, 0xC9, 0xF7, 0x6B, 0x91, 0x7C, 0xF7, 0xA2, 0x45, 0xF2, 0xF0, 0x0D, 0x8A,
    0xE4, 0xE5, 0x00, 0x18, 0x07, 0x54, 0xC0, 0x52, 0x98, 0x35, 0x75, 0x25, 0x8D, 0x9A, 0x28, 0xAC,
    0x16, 0x5B, 0xD8, 0xAA, 0x7C, 0x20, 0x4D, 0x9B, 0x3F, 0x10, 0x8E, 0xA5, 0xFD, 0x4E, 0x2F, 0xD2,
    0x6C, 0xD6, 0x22, 0xF6, 0x5F, 0x2C, 0xAF, 0x28, 0xB4, 0xE7, 0x73, 0xC6, 0x1A, 0xA2, 0x63, 0xC4,
    0x52, 0x4A, 0xAA, 0x38, 0x32, 0xB7, 0x38, 0xC7, 0x66, 0x47, 0xD1, 0xEF, 0xC9, 0xDC, 0x8B, 0x14,
    0xAB, 0x93, 0x6B, 0x26, 0x56, 0x7E, 0xBE, 0x09, 0x98, 0x5A, 0x4D, 0xD7, 0xA5, 0x62, 0x83, 0x9F,
    0xD9, 0xEF, 0x2C, 0x47, 0x2B, 0x7F, 0x63, 0x94, 0x22, 0x8E, 0xA2, 0x9F, 0x3F, 0xCA, 0x4B, 0x14,
    0x9C, 0x65, 0x26, 0x9B, 0x98, 0x8E, 0xA5, 0xE7, 0x6E, 0x9E, 0xEB, 0x78, 0x2C, 0xE6, 0x59, 0x8F,
    0x04, 0x76, 0x81, 0xD7, 0x30, 0xD5, 0x52, 0x75, 0x56, 0xA9, 0xEA, 0xFC, 0x97, 0xA9, 0xEA, 0x5C,
    0xCD, 0x05, 0xE7, 0x0F, 0x2E, 0xBB, 0xA9, 0x14, 0x6F, 0x6E, 0xEE, 0x60, 0xD8, 0x3D, 0xA7, 0xB0,
    0xFC, 0xC5, 0x33, 0x0B, 0xCB, 0x37, 0xA6, 0x34, 0xBE, 0x32, 0xA2, 0x6B, 0xCE, 0x38, 0x03, 0x45,
    0x2C, 0x1D, 0x37, 0xBF, 0x5F, 0xE9, 0xF8, 0xF6, 0xA0, 0xE6, 0xC9, 0xA0, 0x50, 0x36, 0xB7, 0x8B,
    0xC3, 0x79, 0x1C, 0x34, 0x77, 0xA5, 0xBD, 0xD2, 0x37, 0x8A, 0xC3, 0xCF, 0x32, 0x6D, 0xF7, 0x35,
    0xA3, 0x6C, 0x5C, 0x1C, 0xE5, 0x64, 0x5A, 0xF3, 0x75, 0xA6, 0xD9, 0xD8, 0xC0, 0x34, 0x90, 0x3B,
    0xC0, 0xBF, 0x68, 0x99, 0x57, 0x44, 0xC2, 0xC2, 0xAE, 0x53, 0x08, 0x20, 0xA8, 0x54, 0x00, 0xE9,
    0x53, 0x91, 0xF5, 0x05, 0x8A, 0x36, 0xDF, 0x7C, 0x94, 0x25, 0x40, 0xDE, 0x8E, 0x40, 0x72, 0x8A,
    0x40, 0x86, 0x2E, 0x05, 0xC7, 0x26, 0x56, 0x50, 0xFB, 0xD7, 0x5E, 0xA4, 0x4A, 0x9B, 0x2A, 0xA8,
    0xC5, 0x84, 0xF6, 0x66, 0xA2, 0x9B, 0x66, 0x16, 0xCC, 0xE6, 0x78, 0xAB, 0x0E, 0xDB, 0xC7, 0x51,
    0x86, 0x9B, 0xA3, 0x38, 0x62, 0x6E, 0x96, 0x0D, 0x71, 0x14, 0x6B, 0x52, 0xC1, 0xFD, 0xF8, 0xE5,
    0x11, 0x70, 0x5C, 0xB3, 0x97, 0xAD, 0xC3, 0xFE, 0x5C, 0x92, 0x78, 0x5B, 0x80, 0x4D, 0xE0, 0x00,
    0x50, 0x51, 0xF6, 0x4B, 0x1D, 0xD6, 0x2D, 0x75, 0x58, 0xFF, 0x0F, 0x5B, 0x87, 0x15, 0xBB, 0xD4,
    0x61, 0xC5, 0x2E, 0x75, 0x58, 0x7D, 0xAA, 0xC3, 0xE6, 0xA7, 0x3A, 0x2C, 0x6B, 0x1D, 0xB6, 0xFD,
    0xA6, 0x75, 0xD8, 0xDB, 0xE1, 0xAD, 0x25, 0x73, 0x2F, 0x52, 0x6F, 0x2D, 0x26, 0x15, 0xD0, 0xF2,
    0xC3, 0xC0, 0xAE, 0xB4, 0x15, 0x6D, 0x61, 0x55, 0x7D, 0xD4, 0xB6, 0x8C, 0x40, 0x2B, 0x7F, 0xE1,
    0xB2, 0x68, 0xE9, 0x95, 0xA3, 0x92, 0x99, 0xB5, 0x86, 0x7B, 0x5F, 0x5B, 0xF8, 0xF4, 0xCF, 0x2F,
    0x7C, 0xDE, 0xF4, 0xEF, 0x8D, 0xBF, 0x51, 0xEE, 0xBA, 0x2E, 0x6D, 0x3E, 0xE5, 0xDF, 0x17, 0xCF,
    0xDB, 0x25, 0x21, 0xB5, 0x1B, 0x25, 0xCC, 0xFE, 0x45, 0x4A, 0x98, 0x32, 0xD3, 0xC2, 0xD6, 0xDD,
    0x55, 0x34, 0x10, 0xF2, 0xB8, 0xBB, 0x32, 0x77, 0x08, 0x9B, 0x5F, 0x5E, 0x17, 0x29, 0xDB, 0xB8,
    0xBB, 0xCE, 0x9C, 0xE7, 0xA8, 0xA2, 0xF6, 0x77, 0x6F, 0x15, 0x29, 0x7B, 0xE0, 0x66, 0xBC, 0x78,
    0xD9, 0x62, 0xE4, 0xCD, 0x95, 0xF8, 0x26, 0xE5, 0x46, 0xED, 0x4D, 0x04, 0x17, 0x46, 0x08, 0xE6,
    0x09, 0xB8, 0x10, 0x59, 0x0F, 0x4C, 0x56, 0x70, 0xF1, 0xF2, 0x07, 0x26, 0xCF, 0x89, 0x44, 0xCB,
    0x91, 0x48, 0xBF, 0x1E, 0x89, 0xCC, 0xF6, 0xB9, 0xAF, 0x89, 0x44, 0xCF, 0x3D, 0x12, 0x91, 0x1E,
    0x28, 0x64, 0x00, 0xD4, 0x27, 0xCD, 0x35, 0xAA, 0x95, 0x63, 0xE2, 0xD2, 0xA0, 0x39, 0x2B, 0x2D,
    0x26, 0x55, 0xF2, 0x45, 0x7E, 0x21, 0x91, 0x3F, 0x9C, 0x88, 0x88, 0x97, 0x84, 0x73, 0x61, 0x8B,
    0x5A, 0xF9, 0xF2, 0x4D, 0xC2, 0xBE, 0x24, 0xF4, 0x4B, 0xC2, 0xBF, 0x27, 0x5A, 0xF6, 0xF6, 0x5A,
    0xFE, 0x04, 0xFD, 0x21, 0x89, 0x76, 0xA4, 0xD7, 0x5F, 0x45, 0x3C, 0x46, 0x3E, 0x8B, 0x7A, 0xD9,
    0x15, 0x4E, 0x37, 0x7B, 0x4D, 0x15, 0xA1, 0xF2, 0x4E, 0x93, 0xD0, 0xB2, 0x11, 0x22, 0x60, 0x3E,
    0x2B, 0x43, 0xD2, 0x67, 0x80, 0x04, 0x9B, 0x81, 0x84, 0x9C, 0x81, 0x04, 0x9E, 0x81, 0x84, 0x9F,
    0x81, 0x04, 0xA1, 0x81, 0x84, 0xA2, 0x81, 0x04, 0xA4, 0xB9, 0x49, 0xC6, 0x03, 0x74, 0x69, 0x23,
    0x8C, 0x7F, 0x06, 0xE4, 0xC3, 0x69, 0xEE, 0x89, 0x0F, 0xE5, 0x70, 0x5E, 0xDC, 0x77, 0x1A, 0xF5,
    0xB6, 0x75, 0x3B, 0x8A, 0x07, 0x5F, 0xB8, 0x3D, 0xF9, 0x67, 0xE2, 0x22, 0x5C, 0x3B, 0x34, 0x09,
    0x90, 0x31, 0x9E, 0x38, 0xCF, 0xE7, 0x27, 0xDA, 0x48, 0xCD, 0x69, 0x0D, 0x1A, 0x9E, 0x5A, 0x04,
    0xEE, 0x80, 0x2C, 0xE4, 0xD7, 0x8B, 0x89, 0x44, 0xFE, 0xCC, 0xB0, 0x80, 0xF5, 0xCA, 0x70, 0xC2,
    0xEB, 0xC2, 0x02, 0xD9, 0x0B, 0xCF, 0x82, 0xDA, 0x81, 0x05, 0xB8, 0x03, 0x0B, 0x76, 0x07, 0x16,
    0xF8, 0x0E, 0x27, 0x04, 0x0F, 0x27, 0x10, 0x0F, 0x27, 0x1C, 0x0F, 0xD7, 0x50, 0x1E, 0xD8, 0xF3,
    0xDC, 0x8B, 0x44, 0xFA, 0xC8, 0x42, 0x87, 0x89, 0x85, 0xC2, 0x3F, 0xBF, 0x8E, 0xC3, 0xC6, 0x47,
    0x1F, 0x16, 0xE9, 0xBB, 0xA9, 0x93, 0x8F, 0xD3, 0x39, 0x8E, 0xFE, 0x4A, 0xD9, 0xFC, 0x51, 0xDF,
    0x7A, 0x65, 0x0B, 0xB7, 0x79, 0xE4, 0xDA, 0x9F, 0xAA, 0x3B, 0xD9, 0x94, 0x7F, 0x21, 0x9E, 0x5D,
    0x85, 0x96, 0xE1, 0x30, 0x64, 0xE1, 0x4E, 0x76, 0x5F, 0x1A, 0x48, 0x69, 0x01, 0x40, 0xC5, 0xF7,
    0x17, 0x53, 0xB7, 0x8C, 0x9B, 0xE5, 0x62, 0x73, 0x32, 0x7E, 0x17, 0xB7, 0x0B, 0x40, 0xDC, 0x32,
    0x27, 0xE3, 0x73, 0xB9, 0x65, 0xDF, 0x6A, 0x5D, 0xB4, 0x6D, 0xB5, 0x4C, 0x2D, 0x76, 0xA9, 0x64,
    0x95, 0x41, 0xE7, 0xD1, 0xA6, 0x59, 0xCC, 0x16, 0x69, 0x25, 0x5F, 0x48, 0x48, 0xE9, 0xC9, 0x61,
    0x48, 0x09, 0xCA, 0x6A, 0x4B, 0xB4, 0x24, 0x1A, 0xB0, 0xC5, 0x11, 0x45, 0xDC, 0xF6, 0x90, 0xB6,
    0xEC, 0xB5, 0x05, 0xEB, 0xB6, 0x5D, 0x6C, 0x81, 0xC5, 0x38, 0x80, 0x54, 0x4B, 0x4B, 0xE4, 0x21,
    0x9B, 0xE2, 0xCA, 0x0C, 0x28, 0x79, 0x38, 0xCB, 0x90, 0xD2, 0x9A, 0x37, 0xDD, 0x3E, 0x66, 0x36,
    0x45, 0xEF, 0xF7, 0x5C, 0x95, 0x76, 0xE3, 0xBA, 0x80, 0x48, 0x83, 0x37, 0x8E, 0xDF, 0x1E, 0x61,
    0x0F, 0x8C, 0xC0, 0xF6, 0x86, 0xF4, 0xEC, 0x4F, 0x75, 0x89, 0x23, 0x2D, 0x50, 0xBD, 0x23, 0x1F,
    0x8E, 0x40, 0x7A, 0x33, 0x18, 0x48, 0x2F, 0x07, 0xAF, 0x37, 0xEE, 0x99, 0x12, 0x30, 0x63, 0x12,
    0xE2, 0xB9, 0xF6, 0x79, 0xF2, 0xE1, 0xB4, 0x4A, 0xCD, 0xB2, 0x4A, 0x83, 0xD7, 0x8D, 0x7A, 0xE7,
    0xBE, 0xF3, 0x6A, 0x34, 0xF3, 0x99, 0xF6, 0x4F, 0x55, 0x27, 0x71, 0x23, 0xC7, 0x4C, 0xA9, 0x6B,
    0xB2, 0x91, 0xCC, 0x82, 0xB2, 0xA7, 0x55, 0x7A, 0x2F, 0x73, 0x10, 0x33, 0xA6, 0x28, 0x16, 0x47,
    0xAB, 0xE2, 0x89, 0x2C, 0xA4, 0xBC, 0x09, 0x96, 0xCC, 0xE9, 0x69, 0x2A, 0x2C, 0x2B, 0xE5, 0x3D,
    0x2B, 0x65, 0xEE, 0x49, 0x58, 0x72, 0x5C, 0xC7, 0x26, 0xC7, 0x12, 0xA0, 0xD6, 0x0E, 0x66, 0x4D,
    0xA9, 0x3A, 0x91, 0xE3, 0x29, 0xA9, 0xEA, 0xD6, 0xF7, 0x63, 0xB5, 0x2D, 0x87, 0xB3, 0xD2, 0x2E,
    0x89, 0x15, 0xF1, 0x24, 0xB0, 0x25, 0xD5, 0xEA, 0xF6, 0x5A, 0xEC, 0xFA, 0x06, 0x72, 0x31, 0x3D,
    0x49, 0xAF, 0x78, 0x92, 0x60, 0xF1, 0x24, 0xC5, 0xE2, 0x49, 0x92, 0xC5, 0x92, 0x66, 0x75, 0x18,
    0x78, 0x92, 0x68, 0x41, 0x29, 0xD3, 0x92, 0x6A, 0x71, 0x2B, 0xD9, 0x02, 0x0D, 0x5F, 0x7F, 0x79,
    0x3D, 0x4D, 0x9E, 0x4C, 0x93, 0x75, 0x9A, 0x27, 0x32, 0xD7, 0x6F, 0x31, 0x8B, 0xC4, 0xC7, 0x8B,
    0x4C, 0x32, 0x1E, 0xE2, 0x34, 0x83, 0x76, 0x87, 0xBE, 0xA5, 0x3A, 0x2B, 0x63, 0x1E, 0x64, 0xEA,
    0x03, 0xBA, 0x2A, 0xAD, 0x27, 0x16, 0xED, 0x87, 0x4A, 0x8B, 0x05, 0x14, 0x1B, 0x89, 0x78, 0x31,
    0x5D, 0x62, 0x3C, 0xEB, 0x8B, 0xCE, 0x6B, 0x41, 0x64, 0x35, 0x26, 0xBE, 0xF2, 0xBC, 0x5E, 0xDA,
    0xCC, 0xAF, 0x97, 0xAE, 0xF4, 0x4F, 0xFA, 0xB6, 0x00, 0xAC, 0xAF, 0x41, 0xAF, 0xB4, 0xE3, 0xD9,
    0xA4, 0x8F, 0xE5, 0x00, 0xF1, 0x58, 0xC6, 0x01, 0xE1, 0x5B, 0xD5, 0x72, 0x67, 0xCF, 0x48, 0xFB,
    0xD0, 0xD4, 0x51, 0x78, 0x35, 0x91, 0x3F, 0xE8, 0xDB, 0x98, 0x63, 0x3E, 0x70, 0x6D, 0x55, 0x7E,
    0x22, 0x1F, 0x48, 0x68, 0xF3, 0x4F, 0x64, 0x9E, 0xC2, 0xB1, 0xB4, 0x71, 0x84, 0x94, 0xEE, 0x43,
    0xCA, 0x36, 0x61, 0xE4, 0x5F, 0xB1, 0x07, 0xCF, 0x8E, 0x16, 0xD2, 0x8B, 0xD3, 0x90, 0x5E, 0x9D,
    0x86, 0x42, 0xEA, 0xCE, 0x92, 0x48, 0x9D, 0x82, 0x80, 0x24, 0x71, 0x7C, 0x75, 0x75, 0x2B, 0x89,
    0x34, 0x2C, 0x22, 0x44, 0xF0, 0xF6, 0x51, 0xDF, 0xB2, 0xA3, 0xF8, 0xF9, 0xB8, 0x67, 0x4F, 0x16,
    0x83, 0x40, 0x4C, 0x52, 0x0F, 0x03, 0x31, 0x4F, 0x05, 0x62, 0xAA, 0xBA, 0x3A, 0xC4, 0xC9, 0x19,
    0x20, 0x82, 0xBA, 0xC5, 0x09, 0x2C, 0x50, 0x8A, 0x00, 0x09, 0xDD, 0xAD, 0xB4, 0x14, 0x2D, 0x4F,
    0xF0, 0xA4, 0x18, 0x9A, 0x05, 0x56, 0x71, 0x8A, 0xE7, 0x92, 0xC8, 0x96, 0x23, 0xF7, 0x74, 0x61,
    0x4D, 0x5D, 0x8A, 0xFA, 0xD8, 0xC6, 0xEC, 0xB4, 0x14, 0xDB, 0xB2, 0x2B, 0x33, 0x89, 0xF3, 0x53,
    0x0D, 0xA4, 0x1C, 0x15, 0x52, 0x96, 0x0A, 0x29, 0xDB, 0x85, 0x94, 0xEF, 0x42, 0xCA, 0x78, 0x21,
    0xE5, 0xBC, 0xA4, 0xAC, 0xF7, 0xA5, 0xB4, 0x17, 0x8B, 0x76, 0xFD, 0xE2, 0xDA, 0x37, 0x8B, 0xF6,
    0x3C, 0x69, 0x4F, 0x99, 0x32, 0xA4, 0x1C, 0x90, 0x94, 0x2D, 0xAF, 0xC8, 0xFC, 0xB6, 0x48, 0xB4,
    0x6E, 0x7D, 0x25, 0x4D, 0x92, 0xE6, 0xAD, 0x6B, 0xE7, 0x79, 0xFA, 0x71, 0x37, 0xA1, 0x23, 0xFC,
    0xDF, 0x1B, 0x3A, 0xF9, 0x85, 0x8C, 0x3B, 0x43, 0x88, 0x19, 0xB6, 0x99, 0x48, 0x49, 0x76, 0xE9,
    0x39, 0x02, 0x06, 0x48, 0xA9, 0x76, 0x92, 0x4A, 0xA2, 0x4C, 0x09, 0x37, 0x90, 0x72, 0x6E, 0x20,
    0xA5, 0xDD, 0x40, 0xCA, 0xBC, 0x81, 0x94, 0x7C, 0x3F, 0x15, 0xFD, 0xC4, 0x3F, 0xEF, 0x79, 0x0F,
    0xF1, 0x79, 0x0F, 0x3A, 0x96, 0xF2, 0xAA, 0x14, 0xF5, 0x62, 0x54, 0x6C, 0xF0, 0x55, 0x0F, 0x31,
    0x4B, 0x87, 0xF8, 0x02, 0x38, 0xF8, 0xE4, 0x11, 0x31, 0x57, 0x87, 0x98, 0xAD, 0x83, 0x12, 0xA9,
    0x21, 0x93, 0x97, 0xBA, 0x1D, 0x4D, 0x7C, 0x37, 0x5B, 0xC7, 0x52, 0x35, 0xBB, 0x78, 0x6E, 0x09,
    0xEA, 0x7B, 0x0F, 0x6D, 0xCC, 0xEC, 0x1F, 0x4A, 0x7A, 0x1F, 0xFB, 0x93, 0x89, 0x94, 0xDD, 0xC3,
    0x08, 0x8B, 0x48, 0x9F, 0x52, 0x8E, 0x0F, 0x29, 0xCB, 0x87, 0x94, 0x4C, 0x93, 0xD2, 0xE9, 0xE7,
    0xDF, 0x8E, 0x17, 0xF6, 0x90, 0x68, 0x52, 0x91, 0x4C, 0x4A, 0x1E, 0x82, 0x7A, 0x37, 0x7A, 0x08,
    0xE5, 0x7D, 0xC1, 0x43, 0x71, 0xD3, 0x96, 0x1F, 0x25, 0x91, 0xB9, 0x28, 0xA2, 0xB9, 0x16, 0xD2,
    0x0B, 0xE4, 0x4F, 0x3C, 0x24, 0x94, 0xE1, 0x0F, 0xAC, 0x7D, 0x73, 0xD2, 0xEE, 0xD7, 0x05, 0x69,
    0x5E, 0x74, 0x41, 0x56, 0x50, 0x5A, 0x8A, 0xBD, 0x81, 0xC6, 0x76, 0xF0, 0x94, 0x6B, 0x02, 0xDA,
    0xEE, 0x35, 0x90, 0xD0, 0x28, 0x24, 0x30, 0x0A, 0x09, 0x8B, 0x6A, 0x87, 0x01, 0x0E, 0x01, 0x0D,
    0x84, 0x0A, 0x05, 0x8C, 0xAA, 0x4E, 0xA2, 0xB0, 0x9A, 0x68, 0xD9, 0x78, 0x0E, 0xB4, 0xC8, 0x09,
    0xBA, 0x0E, 0xF0, 0x0C, 0x14, 0x4A, 0xB7, 0x98, 0xEA, 0xD7, 0x67, 0xB2, 0xDC, 0xF0, 0xCC, 0xD3,
    0x9A, 0x7D, 0xE2, 0xE0, 0xA2, 0xFC, 0x28, 0x3A, 0x60, 0x28, 0xEE, 0x8B, 0x4B, 0xEF, 0x75, 0x76,
    0x36, 0x1D, 0x49, 0x40, 0x68, 0xC1, 0xC1, 0x9C, 0x38, 0x25, 0x41, 0x8B, 0xBB, 0x06, 0x7F, 0x29,
    0x25, 0xB8, 0x06, 0x7E, 0x31, 0x81, 0xFB, 0xFF, 0xA8, 0x7D, 0x05, 0x9D, 0x7B, 0x6E, 0x89, 0x97,
    0x84, 0x72, 0x97, 0x27, 0x28, 0xF7, 0xB6, 0x6B, 0xFF, 0x93, 0x9E, 0xED, 0x8B, 0x50, 0x8E, 0x3C,
    0x02, 0xCB, 0x25, 0x6E, 0xA7, 0xA3, 0x90, 0x04, 0x52, 0xA2, 0xD8, 0x32, 0x72, 0x13, 0xA4, 0x4C,
    0xE5, 0x00, 0x46, 0x7E, 0x28, 0x16, 0xE2, 0x2B, 0xF0, 0xFF, 0x30, 0xDA, 0x37, 0x4F, 0x69, 0x5F,
    0x81, 0xE4, 0xE3, 0x45, 0xD9, 0xC8, 0x2D, 0x71, 0x8B, 0x8A, 0xE6, 0x36, 0x6C, 0x4A, 0xA6, 0x51,
    0x4C, 0xAB, 0x5F, 0x1B, 0x59, 0xAF, 0x76, 0xAF, 0xAE, 0xA7, 0x36, 0xED, 0x7A, 0x70, 0xB3, 0x3E,
    0x02, 0xDF, 0x5E, 0x93, 0xFF, 0x40, 0xD5, 0x8C, 0x7B, 0x80, 0x8A, 0xA2, 0x0F, 0x7B, 0x4E, 0x87,
    0x38, 0x87, 0xC0, 0xE9, 0x1C, 0x67, 0x16, 0xA7, 0xA3, 0x1C, 0xE0, 0x74, 0x9A, 0x43, 0xBA, 0xCB,
    0xEB, 0x15, 0xED, 0xE9, 0xEA, 0x74, 0xAC, 0x03, 0x9C, 0x4E, 0x76, 0x80, 0xD3, 0xE1, 0x0E, 0xF0,
    0xE4, 0x7C, 0xE7, 0xFF, 0x01, 0xE5, 0x7A, 0x01, 0xA4, 0x26, 0xD9, 0xB6, 0xDE, 0x57, 0x55, 0xF7,
    0x4D, 0x25, 0xB7, 0xBC, 0xD9, 0x8D, 0xCB, 0x0B, 0xF3, 0x72, 0xF7, 0xC3, 0x25, 0x17, 0x79, 0xBD,
    0x01, 0x06, 0xFF, 0x39, 0xBB, 0xA6, 0x47, 0x0C, 0x06, 0x37, 0x02, 0x00, 0x77, 0x04, 0x02, 0xA4,
    0x1F, 0x22, 0x06, 0x7F, 0x9F, 0xBF, 0xA6, 0x87, 0x34, 0x9A, 0xCC, 0x0D, 0x08, 0x60, 0x82, 0x08,
    0x20, 0x1E, 0x06, 0x87, 0x54, 0x9F, 0xDA, 0xDD, 0x87, 0x1C, 0xEF, 0x0E, 0xBA, 0x7A, 0x86, 0x0C,
    0x2E, 0x99, 0xEA, 0xE9, 0x21, 0x08, 0xB9, 0xBB, 0xE7, 0xD4, 0x9D, 0xDE, 0x73, 0x4F, 0xFD, 0xB5,
    0xB2, 0xD7, 0xAA, 0xAA, 0x73, 0xCE, 0x7F, 0xFB, 0xF4, 0xF4, 0x6D, 0x99, 0x1B, 0x78, 0xDB, 0xD9,
    0x6B, 0xED, 0x53, 0x7F, 0xFD, 0xB5, 0xD6, 0x5E, 0x7B, 0xED, 0xB5, 0xD6, 0xB7, 0xEB, 0xC7, 0x6E,
    0x2B, 0x2A, 0x2C, 0x2D, 0x6B, 0xB1, 0xB4, 0xD4, 0x03, 0x39, 0x95, 0x32, 0xF6, 0x80, 0xA6, 0x6A,
    0x19, 0xDA, 0xD7, 0xCE, 0x6F, 0xA8, 0x81, 0x84, 0x3A, 0x45, 0x5F, 0x11, 0x51, 0x8F, 0x82, 0x06,
    0x45, 0x37, 0xE2, 0x70, 0x84, 0xA9, 0x1A, 0x6C, 0x23, 0xED, 0x0D, 0x6E, 0x41, 0x55, 0xBA, 0xCC,
    0xBB, 0xC1, 0xA0, 0x46, 0xE1, 0x72, 0x97, 0xF8, 0x0D, 0xA1, 0x47, 0xE6, 0x32, 0x8F, 0x41, 0x07,
    0x19, 0x26, 0x1E, 0x6B, 0x40, 0x86, 0xF0, 0x58, 0x2D, 0xC3, 0x9E, 0x87, 0xFC, 0xB5, 0x79, 0xC8,
    0x0F, 0xEB, 0xD2, 0x81, 0xE5, 0xC2, 0x56, 0xCD, 0xB6, 0xA0, 0xDB, 0x01, 0x80, 0xA2, 0x61, 0x43,
    0x0F, 0xC9, 0x83, 0xD5, 0x69, 0x8B, 0x31, 0xA1, 0x65, 0x4A, 0x6A, 0x2B, 0x6C, 0x43, 0xC2, 0xB6,
    0xFF, 0x60, 0x51, 0x9C, 0xB8, 0x75, 0x13, 0x1B, 0xA0, 0xDA, 0x9B, 0x1F, 0xB6, 0x35, 0xF6, 0x91,
    0x7F, 0xDE, 0xAF, 0x51, 0x23, 0x7D, 0x4A, 0x03, 0x02, 0xA2, 0xA2, 0x1D, 0x7A, 0x99, 0xF3, 0xCC,
    0xF8, 0x22, 0xB3, 0x41, 0x1E, 0x82, 0x03, 0xE4, 0x1D, 0x6B, 0xD2, 0xDE, 0x74, 0x00, 0x0A, 0x12,
    0x29, 0x49, 0xD3, 0xE3, 0x52, 0xDB, 0xB4, 0x8B, 0x41, 0xA9, 0x9B, 0x47, 0x79, 0x57, 0x5D, 0x98,
    0x3E, 0x1D, 0xD1, 0x54, 0x96, 0x6D, 0xA6, 0xE8, 0x01, 0xF5, 0x71, 0x44, 0x95, 0x7D, 0xF7, 0xB8,
    0xAB, 0x61, 0xD5, 0xBB, 0x6E, 0x9D, 0x1D, 0xB7, 0x06, 0x5A, 0x7D, 0xEA, 0x8E, 0x8A, 0xE3, 0xA8,
    0x8E, 0xCD, 0xC9, 0x91, 0xB4, 0x31, 0x19, 0xF1, 0x6D, 0xE4, 0x0F, 0x6F, 0x86, 0x49, 0x3D, 0x28,
    0x40, 0x46, 0x3F, 0x99, 0x47, 0x01, 0x2B, 0x68, 0x19, 0xD5, 0x68, 0xB0, 0x2F, 0x23, 0x7B, 0x83,
    0xDA, 0x41, 0x46, 0x9A, 0xFE, 0x17, 0x05, 0x19, 0x65, 0x54, 0x36, 0xED, 0x25, 0x85, 0xFB, 0x49,
    0xDB, 0x30, 0xA9, 0xFA, 0x1E, 0x33, 0x55, 0x21, 0x1F, 0x15, 0x11, 0x95, 0x9A, 0x3E, 0x62, 0xCB,
    0xED, 0x17, 0xCE, 0xEA, 0xD4, 0x1F, 0xE6, 0x4E, 0xFD, 0xE2, 0x81, 0xDF, 0x6A, 0x57, 0x7C, 0x4A,
    0x1D, 0x51, 0x99, 0xDD, 0xA7, 0xEA, 0x6C, 0x8B, 0xCC, 0xB1, 0x78, 0x61, 0x03, 0x90, 0x3B, 0x5E,
    0x38, 0xA8, 0xC8, 0x6C, 0x09, 0x53, 0x02, 0xAA, 0x7F, 0x6D, 0x14, 0xC9, 0x93, 0x94, 0x9B, 0xCB,
    0x7A, 0xF1, 0xF2, 0x31, 0x2B, 0x26, 0x5B, 0xE9, 0x0F, 0xF8, 0x3A, 0xAB, 0x5E, 0x04, 0x43, 0xB4,
    0x85, 0xA5, 0xC8, 0xA8, 0xAA, 0xA3, 0x57, 0xAD, 0x0B, 0x17, 0x0C, 0xB4, 0x2D, 0x1C, 0x9B, 0xCE,
    0x50, 0x45, 0x01, 0x2A, 0x1F, 0x71, 0x0F, 0xB0, 0xB2, 0x26, 0x29, 0x4B, 0xD0, 0x93, 0x84, 0x94,
    0xA6, 0xE7, 0x1E, 0x1A, 0xA6, 0x08, 0x5A, 0x18, 0x91, 0x30, 0x13, 0x98, 0x5E, 0x1E, 0x36, 0x83,
    0xE8, 0x12, 0xFE, 0x8A, 0x59, 0xD6, 0x81, 0xA4, 0x55, 0x13, 0xF3, 0x40, 0x32, 0xE4, 0xF7, 0x3D,
    0xDF, 0x9E, 0x3D, 0x66, 0x56, 0x3C, 0x20, 0xAF, 0x3D, 0xB2, 0xB6, 0x71, 0x9B, 0xC9, 0x33, 0x86,
    0x5A, 0xFC, 0xA4, 0x5F, 0xFF, 0x0C, 0xCC, 0x50, 0x33, 0x0B, 0x18, 0xF8, 0xE2, 0x51, 0x4E, 0xEF,
    0x74, 0x80, 0x8D, 0x0E, 0xEB, 0x80, 0x62, 0x4C, 0xC7, 0x1D, 0xE1, 0x2C, 0x5B, 0x44, 0x2F, 0x92,
    0x17, 0xC1, 0x7E, 0x3F, 0xA7, 0x3B, 0xF7, 0xFD, 0x5E, 0xF2, 0xEC, 0xF8, 0xB1, 0xFF, 0x47, 0xC9,
    0x37, 0x5F, 0x91, 0x47, 0xFE, 0xD4, 0x37, 0x55, 0x41, 0x8E, 0x77, 0xE5, 0x77, 0x60, 0xC1, 0x93,
    0x5C, 0x64, 0x22, 0xAF, 0x68, 0x81, 0x11, 0x9B, 0x8A, 0xA5, 0x8D, 0x8B, 0x59, 0x77, 0x36, 0x06,
    0xEF, 0x8C, 0x65, 0x6B, 0xEC, 0xEC, 0x0D, 0x5A, 0x66, 0x3D, 0xCC, 0x81, 0xA1, 0x66, 0xF3, 0x15,
    0x1F, 0xF6, 0x6B, 0x00, 0x71, 0xFA, 0x34, 0x40, 0xFB, 0xC3, 0xAC, 0xDB, 0x74, 0xD8, 0x0C, 0xC9,
    0x23, 0x0F, 0x9E, 0x74, 0xE2, 0x3D, 0x64, 0xD6, 0x41, 0x38, 0xEA, 0x3D, 0xE6, 0x01, 0x83, 0xF1,
    0x90, 0x89, 0xFF, 0xA2, 0xC3, 0x32, 0x73, 0x99, 0x3A, 0x79, 0x4C, 0xAD, 0xC5, 0x6E, 0x4B, 0xA9,
    0x82, 0x28, 0xEC, 0x98, 0xE9, 0xDB, 0x98, 0xFD, 0x80, 0xB8, 0x85, 0x89, 0x4D, 0x9A, 0xAF, 0x35,
    0x6F, 0xA3, 0x4F, 0xF6, 0x23, 0x53, 0xAE, 0x36, 0xC4, 0xFF, 0xED, 0x17, 0xAC, 0x1D, 0x0C, 0xCF,
    0x2F, 0x8E, 0x58, 0x37, 0x0B, 0xC5, 0x2A, 0xA9, 0x52, 0x58, 0xEE, 0x0C, 0x2B, 0x96, 0xF5, 0x07,
    0xB2, 0x3B, 0x64, 0x92, 0x6F, 0xC2, 0x2C, 0xD6, 0xD9, 0xDD, 0x0A, 0x09, 0x05, 0x66, 0x99, 0x97,
    0xAD, 0x50, 0xB8, 0x59, 0x7A, 0x39, 0xB1, 0x8E, 0xAF, 0xA8, 0x1B, 0x9E, 0x4D, 0xA7, 0x1E, 0xF8,
    0x62, 0xFB, 0x8C, 0x72, 0xF2, 0xBC, 0x8D, 0xE3, 0x56, 0x38, 0xCA, 0xC7, 0x9C, 0x57, 0x22, 0x09,
    0xD3, 0xB2, 0xF4, 0xB8, 0x60, 0xF3, 0xC5, 0xF9, 0x16, 0x4B, 0xBF, 0x14, 0x77, 0xD8, 0xE6, 0xE3,
    0x73, 0x56, 0xB8, 0x30, 0xC4, 0x62, 0x8B, 0xC5, 0x1C, 0x12, 0x3C, 0x1A, 0x62, 0xD7, 0xA7, 0x63,
    0xF2, 0x71, 0x44, 0x88, 0xC1, 0xE3, 0x71, 0x40, 0xBD, 0xD6, 0x88, 0xC1, 0xC3, 0xED, 0x63, 0xB5,
    0xAF, 0x11, 0x83, 0x47, 0xD7, 0xB4, 0x6C, 0x1D, 0xA2, 0xDB, 0xBC, 0xA8, 0x45, 0xC0, 0xB7, 0x5B,
    0x34, 0x1F, 0xCB, 0x94, 0x79, 0x96, 0x7A, 0x09, 0x1E, 0xF3, 0x28, 0xE0, 0x96, 0xD8, 0x4F, 0xCC,
    0xB3, 0x04, 0x8F, 0x77, 0xE8, 0xD1, 0x12, 0x3C, 0xBE, 0xA0, 0x5E, 0x46, 0x39, 0x49, 0xB0, 0x5D,
    0x9A, 0xE9, 0x85, 0x51, 0x60, 0x9A, 0xF4, 0xCB, 0x06, 0x32, 0x41, 0xF6, 0x6D, 0x33, 0x32, 0xEB,
    0x82, 0xA9, 0xD4, 0x3B, 0x0F, 0x7C, 0x50, 0xBD, 0xC9, 0xBE, 0xF2, 0x9F, 0xA8, 0x86, 0x38, 0x36,
    0xAE, 0x75, 0x40, 0x53, 0xA5, 0x1E, 0xA9, 0x93, 0x58, 0x91, 0x75, 0x3C, 0xC5, 0x7F, 0xCE, 0x1E,
    0xB9, 0x82, 0x4F, 0x98, 0x25, 0x81, 0xFF, 0xB3, 0x93, 0xC5, 0x0C, 0x7D, 0x3C, 0x5B, 0x8C, 0x70,
    0xD1, 0xAE, 0x4F, 0xD9, 0xCC, 0x2A, 0xB7, 0xFC, 0xF7, 0x6A, 0x5B, 0x1B, 0x90, 0xAD, 0x7D, 0xA8,
    0xDE, 0xE6, 0xAD, 0x3D, 0xC8, 0xD6, 0x6E, 0x0F, 0x65, 0x6B, 0xCB, 0x12, 0x23, 0xF8, 0x69, 0x8B,
    0xF9, 0x9F, 0x09, 0x43, 0xCD, 0x2C, 0x60, 0x48, 0xAF, 0xD8, 0xDA, 0x47, 0xE3, 0xE4, 0xA2, 0x42,
    0xFF, 0x76, 0x7D, 0xC8, 0xCC, 0xAF, 0x07, 0x61, 0x38, 0x3C, 0x5F, 0x64, 0x5E, 0xDE, 0x16, 0xEA,
    0x43, 0x3F, 0x75, 0xF2, 0xC8, 0xB6, 0x5E, 0xB4, 0x83, 0x12, 0x6F, 0x73, 0xDC, 0x75, 0xC5, 0x19,
    0xCA, 0x60, 0x05, 0xC5, 0x9D, 0xC7, 0x9C, 0x03, 0x39, 0xF9, 0xCD, 0xB9, 0xA5, 0x10, 0x71, 0x86,
    0x65, 0x63, 0x3F, 0xF7, 0x4C, 0x8B, 0x41, 0xAE, 0xEC, 0x21, 0x1F, 0x8B, 0x60, 0x60, 0x58, 0x4E,
    0xC9, 0x9F, 0xA9, 0x6A, 0xBF, 0x1B, 0x50, 0x38, 0xEB, 0xD7, 0xC8, 0x9D, 0x6A, 0x57, 0x91, 0x02,
    0x4C, 0x75, 0xCF, 0xB4, 0x21, 0xCE, 0xBA, 0x9C, 0x9E, 0x55, 0xD5, 0x67, 0x03, 0x74, 0x39, 0x14,
    0x14, 0xA5, 0x6D, 0xE8, 0x17, 0xBC, 0xF5, 0x43, 0x42, 0x1D, 0x72, 0xAA, 0xA0, 0xC9, 0xC3, 0xBE,
    0x35, 0x60, 0x35, 0x69, 0x56, 0xED, 0xD9, 0xCF, 0x9D, 0xA5, 0xB3, 0x56, 0xB5, 0x07, 0x9D, 0x81,
    0xEA, 0xF6, 0x51, 0x44, 0x09, 0x99, 0x3F, 0x8C, 0x3D, 0x20, 0xF5, 0x3D, 0x92, 0x2B, 0xFB, 0xB2,
    0x4A, 0x32, 0xA0, 0x81, 0x69, 0x6F, 0x2F, 0x28, 0x11, 0x92, 0x16, 0xF6, 0x4B, 0x0E, 0x6C, 0xD7,
    0x2C, 0x10, 0xD0, 0x6C, 0xD9, 0xB0, 0x9B, 0xFE, 0x35, 0xAC, 0xB4, 0x47, 0x51, 0xAD, 0xEC, 0x80,
    0xAC, 0xAB, 0x87, 0x9A, 0x53, 0x57, 0xBF, 0xE6, 0xBA, 0xA4, 0x7F, 0xFF, 0xCD, 0xC4, 0x23, 0xA0,
    0x4E, 0x3D, 0x8E, 0x52, 0x5E, 0x9A, 0x69, 0x65, 0x8A, 0xF1, 0x60, 0x5C, 0xD6, 0x65, 0x97, 0x4A,
    0x93, 0x80, 0xAC, 0xC8, 0x45, 0xC2, 0xAB, 0xA9, 0xDE, 0xF6, 0x26, 0x28, 0xF2, 0xCD, 0x98, 0x8D,
    0x3E, 0x98, 0x28, 0xA4, 0x57, 0xD0, 0xD5, 0xA1, 0xE6, 0x85, 0x3A, 0x88, 0x24, 0x65, 0x1B, 0xA9,
    0x16, 0x59, 0x6B, 0x71, 0x2D, 0xF5, 0xEC, 0xAC, 0x91, 0x84, 0xD4, 0x8B, 0xA3, 0x1A, 0x16, 0x99,
    0x8F, 0x19, 0x01, 0x53, 0x80, 0xA1, 0x51, 0x66, 0x55, 0x46, 0xB2, 0x71, 0x00, 0x3D, 0xF3, 0xE9,
    0x68, 0x5B, 0xCF, 0x02, 0x83, 0x7D, 0xD7, 0xA1, 0x5E, 0x67, 0x0E, 0xEB, 0x7B, 0x85, 0xC3, 0x8A,
    0xA8, 0xC2, 0x2A, 0xA6, 0x53, 0xEC, 0xF5, 0x00, 0x56, 0x42, 0x02, 0xD6, 0x58, 0xD7, 0xD8, 0x62,
    0xB0, 0x39, 0xDD, 0xEE, 0x79, 0x27, 0x76, 0x39, 0xDD, 0xA3, 0x52, 0xE6, 0x70, 0x99, 0x48, 0x2B,
    0x82, 0x44, 0x5C, 0x00, 0x7B, 0xB6, 0x62, 0xE2, 0x4C, 0x6F, 0xC9, 0x35, 0x83, 0xFE, 0xD2, 0x0D,
    0x1A, 0xDA, 0xF5, 0xAA, 0xDB, 0x54, 0x87, 0xAA, 0x21, 0x5C, 0xDB, 0xD3, 0x01, 0x69, 0x8F, 0xB4,
    0x54, 0x0E, 0xAA, 0xB4, 0x40, 0x51, 0xAE, 0x30, 0x64, 0x13, 0x89, 0xD2, 0x14, 0xE2, 0x64, 0x46,
    0xC4, 0xC9, 0x04, 0x59, 0x7B, 0x69, 0x9A, 0x7A, 0xE1, 0xD1, 0x0B, 0xB6, 0xC2, 0xD9, 0x15, 0x96,
    0x81, 0x72, 0x32, 0xD8, 0x6B, 0x9E, 0x38, 0x76, 0x59, 0x18, 0x1A, 0xBB, 0xA6, 0xD4, 0x2D, 0x74,
    0x7B, 0xD3, 0x6B, 0x97, 0x7B, 0xAE, 0xB9, 0x3C, 0xD7, 0x81, 0x5C, 0x75, 0x79, 0xF4, 0xD8, 0x9F,
    0x4A, 0xAC, 0x1A, 0x66, 0x2A, 0xB9, 0xD6, 0xD0, 0x32, 0xE0, 0x87, 0xC9, 0x47, 0x32, 0x18, 0x90,
    0xCA, 0x80, 0x2B, 0xB0, 0x80, 0x23, 0x18, 0xAE, 0xC1, 0x28, 0xD6, 0x36, 0x47, 0x28, 0x88, 0x14,
    0x9D, 0xD2, 0xC0, 0x75, 0x58, 0x4A, 0x1F, 0x6F, 0xBA, 0x59, 0x4D, 0xE0, 0x45, 0x03, 0xD9, 0x82,
    0x45, 0x57, 0x90, 0x33, 0x5E, 0xDD, 0xF6, 0x96, 0x77, 0xE1, 0x1E, 0x6F, 0x43, 0x53, 0x66, 0x5B,
    0xAF, 0xC6, 0x28, 0x4B, 0x93, 0x2B, 0x5A, 0x5B, 0x1C, 0x53, 0x59, 0x67, 0xC7, 0x84, 0x6D, 0xE1,
    0x94, 0x23, 0xAA, 0x32, 0x7F, 0x36, 0x8A, 0xFF, 0xC6, 0x34, 0x1F, 0xB0, 0x4A, 0xFC, 0x41, 0xF4,
    0x32, 0x6F, 0xE8, 0x53, 0x6A, 0xF3, 0x31, 0xA5, 0x72, 0xDA, 0x20, 0x3D, 0x9B, 0x66, 0xD9, 0x20,
    0x6E, 0x6F, 0xF3, 0xC4, 0xB1, 0x19, 0xD8, 0x02, 0x3C, 0x79, 0x9E, 0x77, 0x28, 0x3E, 0xF0, 0xBD,
    0x72, 0xBE, 0x2F, 0x2A, 0xCF, 0x73, 0xE4, 0xE9, 0xC5, 0x99, 0xB5, 0x26, 0x16, 0x96, 0x05, 0x11,
    0x4F, 0x05, 0x29, 0x7D, 0x2D, 0xE5, 0x4C, 0x09, 0x5B, 0xDE, 0xEC, 0xB0, 0x42, 0x1A, 0x22, 0xC1,
    0x2D, 0xEC, 0x99, 0xD1, 0xF0, 0x07, 0xBF, 0x85, 0xEA, 0x93, 0xA6, 0xB2, 0xA5, 0xA2, 0xEA, 0x16,
    0x2C, 0x71, 0xB8, 0x30, 0x55, 0x60, 0xD2, 0x73, 0x50, 0xE8, 0x51, 0x9C, 0xBA, 0x3E, 0x75, 0x99,
    0x0B, 0x59, 0x97, 0xBB, 0x7B, 0x3A, 0x98, 0xCA, 0x8E, 0x1B, 0x42, 0x11, 0x74, 0xF8, 0xA1, 0x1E,
    0x9F, 0x2C, 0x8F, 0x3F, 0x2A, 0x82, 0x71, 0x96, 0x2C, 0xA1, 0xF8, 0xEE, 0x2C, 0x80, 0x17, 0xEE,
    0x32, 0xE1, 0xBD, 0x70, 0x11, 0x8E, 0xC3, 0xBE, 0x50, 0x73, 0x51, 0x94, 0x99, 0x2F, 0x99, 0x42,
    0xA1, 0xD8, 0xA6, 0x74, 0x13, 0x5C, 0xDD, 0x0F, 0xD8, 0xE6, 0x74, 0x83, 0x93, 0xE7, 0x80, 0x75,
    0xA4, 0x9F, 0x60, 0x1F, 0xF7, 0xF8, 0x56, 0x18, 0x9F, 0x6E, 0x35, 0xAC, 0x2F, 0x48, 0xC7, 0x2B,
    0xEA, 0x23, 0xF6, 0x18, 0xA5, 0x0C, 0x53, 0xEC, 0x63, 0xF8, 0x4B, 0xF5, 0x68, 0xC0, 0x66, 0xCC,
    0xA9, 0x97, 0xB8, 0xE5, 0x90, 0x52, 0x29, 0x51, 0x56, 0xBD, 0x3D, 0xC4, 0x2D, 0x4E, 0x71, 0xFC,
    0x51, 0x99, 0x8D, 0x85, 0x03, 0x72, 0x27, 0xE1, 0xB3, 0x89, 0x3D, 0xA8, 0xD8, 0x4D, 0xD7, 0x37,
    0xA3, 0xEF, 0xCD, 0x53, 0x89, 0x5D, 0x35, 0x32, 0x6F, 0x2B, 0xD3, 0x2A, 0xA2, 0x32, 0x25, 0xB6,
    0x59, 0x27, 0x36, 0xE3, 0xB2, 0x76, 0xD3, 0x62, 0x85, 0x4C, 0x40, 0xCA, 0xC0, 0x36, 0xB3, 0x30,
    0x44, 0x5F, 0x72, 0xA1, 0x7B, 0x56, 0x99, 0x12, 0xD6, 0xED, 0x49, 0x7D, 0x92, 0x76, 0x85, 0x0B,
    0x99, 0xCF, 0xE3, 0x42, 0x74, 0x59, 0xDB, 0x03, 0x99, 0xEB, 0xD1, 0x65, 0x2E, 0xA4, 0x3D, 0xDB,
    0x6C, 0xAB, 0x2B, 0x4B, 0x37, 0x09, 0xC5, 0x78, 0x36, 0xEC, 0xDA, 0x0C, 0x2F, 0x92, 0x56, 0x7F,
    0x8F, 0x34, 0x20, 0x4A, 0xE3, 0x59, 0xF5, 0xC0, 0x22, 0x2D, 0xF5, 0xD9, 0xA4, 0xC1, 0x91, 0x12,
    0x69, 0xBC, 0x42, 0xA1, 0x18, 0x7E, 0xA8, 0xC7, 0x27, 0xF2, 0xF8, 0x38, 0x99, 0x83, 0xEF, 0x9D,
    0x0C, 0x9A, 0x0E, 0xC8, 0x68, 0x84, 0x54, 0xCD, 0xC8, 0x1E, 0x3D, 0xF3, 0xC8, 0xA8, 0x0B, 0x40,
    0x13, 0xBD, 0x0B, 0x80, 0x65, 0xA2, 0x67, 0xEC, 0xC1, 0x82, 0xC0, 0x82, 0xB4, 0x8F, 0x64, 0x33,
    0x44, 0x32, 0x58, 0x96, 0xAB, 0xCA, 0xC2, 0x45, 0x59, 0xAA, 0x8A, 0xF6, 0xB3, 0xA8, 0x41, 0x23,
    0xEF, 0xB3, 0x1D, 0xFC, 0x65, 0xFC, 0x92, 0x50, 0xFA, 0x0D, 0x13, 0x3B, 0xFB, 0x18, 0x27, 0x13,
    0x48, 0x2E, 0x41, 0xB3, 0xCD, 0x4B, 0x6C, 0x7A, 0xC5, 0x8F, 0xCF, 0x3A, 0xCB, 0xBB, 0x6F, 0xA8,
    0x01, 0xDF, 0xAF, 0xDF, 0x8B, 0x04, 0x87, 0xF0, 0x52, 0xBA, 0x73, 0x76, 0xF7, 0x92, 0x41, 0xB8,
    0x68, 0x7F, 0xFE, 0xF1, 0xF6, 0x95, 0x1F, 0xFF, 0xB3, 0x48, 0xB0, 0xE6, 0xC7, 0x6F, 0x77, 0x1F,
    0x2F, 0xF9, 0x69, 0x37, 0x9C, 0x8B, 0xC5, 0x52, 0x96, 0x94, 0x75, 0x0D, 0x13, 0x71, 0xE4, 0xD3,
    0x56, 0x87, 0xE6, 0xB6, 0x6F, 0x46, 0xA0, 0x1F, 0x0C, 0x10, 0x7A, 0x05, 0xD4, 0x41, 0x03, 0xEB,
    0xBF, 0x3A, 0x88, 0x24, 0x0D, 0x91, 0xA8, 0x36, 0x12, 0x8B, 0x48, 0x56, 0x5C, 0xB0, 0xAC, 0x30,
    0x20, 0xD8, 0x9C, 0x24, 0x37, 0x71, 0xA4, 0xCA, 0xC6, 0x1F, 0xF6, 0xF1, 0x01, 0x61, 0x4E, 0x7D,
    0x1F, 0xF3, 0xE3, 0x9F, 0x49, 0xC2, 0xC3, 0x65, 0x62, 0xBE, 0x83, 0x4C, 0x89, 0x5A, 0x66, 0x41,
    0x05, 0x61, 0xE6, 0x00, 0x62, 0x2E, 0x5D, 0x49, 0x25, 0x99, 0xBB, 0x9F, 0x4E, 0x75, 0xB7, 0x75,
    0xE2, 0x35, 0x85, 0x07, 0xA4, 0x6C, 0x66, 0x56, 0x63, 0xAD, 0x3D, 0x5B, 0x66, 0xDF, 0x0E, 0xCC,
    0xCC, 0x50, 0x33, 0xD3, 0x6C, 0x54, 0x66, 0xA8, 0x51, 0x43, 0x07, 0x6C, 0x31, 0xC2, 0x46, 0xD3,
    0xBE, 0x4D, 0xED, 0x3D, 0x4B, 0x9F, 0xC6, 0x6C, 0x19, 0x18, 0x77, 0x4C, 0x88, 0xB7, 0xA9, 0x20,
    0x12, 0x16, 0x20, 0xFC, 0x68, 0x9C, 0x39, 0x4D, 0x9C, 0xBE, 0x74, 0x72, 0xC0, 0x41, 0x6F, 0xBB,
    0x37, 0x51, 0xD0, 0x20, 0xB6, 0xE1, 0xA3, 0x8D, 0xD4, 0x1B, 0xC7, 0xE7, 0x1A, 0x89, 0xE7, 0x00,
    0x5E, 0x38, 0xF8, 0xA4, 0x9F, 0xCF, 0x2E, 0x06, 0xE1, 0x3D, 0xD6, 0xCB, 0x59, 0xC6, 0xC2, 0xF9,
    0xBE, 0x24, 0x72, 0x3E, 0xC2, 0xC8, 0x02, 0x6A, 0x23, 0xE7, 0x17, 0x37, 0x82, 0x1C, 0x5E, 0x7C,
    0x44, 0x3E, 0xA1, 0x96, 0x83, 0x5D, 0x75, 0x65, 0xD2, 0x68, 0xAE, 0x48, 0x1A, 0x92, 0x79, 0xC0,
    0xFD, 0x85, 0x49, 0x03, 0xE0, 0x79, 0xEE, 0x2C, 0x6B, 0x85, 0x94, 0x9E, 0xB9, 0x7C, 0x6C, 0x3E,
    0x6C, 0x35, 0x55, 0xA9, 0xB7, 0xAC, 0x55, 0x9D, 0x47, 0x32, 0xE8, 0x48, 0x88, 0xCA, 0xC4, 0x9F,
    0x6D, 0xA5, 0x52, 0x43, 0xE6, 0xF9, 0x8B, 0xAD, 0x60, 0x77, 0x46, 0xEE, 0x95, 0xE0, 0x76, 0x41,
    0xED, 0x82, 0xD9, 0x39, 0x92, 0xCE, 0xA8, 0x52, 0xDD, 0xEE, 0x23, 0xF9, 0x70, 0xE0, 0x7F, 0xFF,
    0x2B, 0x8A, 0xDF, 0x8F, 0x1A, 0x96, 0xA0, 0x50, 0x9B, 0x48, 0x7A, 0x26, 0x34, 0x32, 0x09, 0x30,
    0x1C, 0xB5, 0x37, 0xB0, 0xED, 0x6B, 0x03, 0x34, 0x11, 0x67, 0x36, 0xAA, 0x66, 0x68, 0x1E, 0xF4,
    0xB2, 0x7D, 0x4C, 0x58, 0xDC, 0x84, 0x9D, 0x84, 0x5D, 0x44, 0x1C, 0x44, 0xDC, 0xA3, 0x14, 0xE7,
    0x00, 0x4F, 0xE7, 0x3C, 0x9F, 0x4C, 0x4E, 0x21, 0x2E, 0x21, 0x0E, 0x21, 0xEE, 0x20, 0xCE, 0x20,
    0xAE, 0xC0, 0x8E, 0x10, 0xD8, 0x0D, 0x64, 0x87, 0x75, 0xE2, 0x02, 0x2C, 0xA2, 0x21, 0x7E, 0x2C,
    0x57, 0x5E, 0x1D, 0x9A, 0xC1, 0xC3, 0x74, 0x3D, 0x72, 0x56, 0x92, 0x06, 0xD8, 0x84, 0xCA, 0x3D,
    0x34, 0xEE, 0xAF, 0x71, 0xEA, 0xF1, 0xC6, 0x63, 0xAF, 0xA8, 0xF2, 0x9B, 0xAF, 0xE1, 0x07, 0x36,
    0xBA, 0x2C, 0x40, 0xDE, 0x1D, 0x61, 0xE3, 0x2C, 0x11, 0x0A, 0xFA, 0xFA, 0x95, 0xE3, 0x4D, 0xC1,
    0x01, 0xE1, 0xED, 0xCE, 0x0E, 0xE9, 0x57, 0x7E, 0xA8, 0x53, 0xCF, 0xF1, 0x26, 0x70, 0xBC, 0x59,
    0x79, 0x81, 0xCC, 0x82, 0x97, 0x97, 0x78, 0x43, 0x1E, 0xBB, 0x30, 0x99, 0xA3, 0x26, 0x23, 0x85,
    0x47, 0x03, 0xB2, 0x36, 0x76, 0x16, 0x49, 0x6B, 0xA0, 0x1C, 0x18, 0xB0, 0xFE, 0x6D, 0x32, 0x9D,
    0xF3, 0xEC, 0xE9, 0x0E, 0x96, 0x31, 0xF0, 0xB0, 0x0F, 0xDD, 0xAB, 0x52, 0x33, 0xF4, 0x0D, 0x99,
    0x3F, 0x60, 0xD0, 0xBB, 0x83, 0x78, 0x05, 0x3C, 0x58, 0x72, 0xC0, 0x5E, 0xD1, 0x45, 0x32, 0x81,
    0xD2, 0x48, 0x8A, 0xEF, 0x22, 0x41, 0xCE, 0x6B, 0xCC, 0xEB, 0xC4, 0xBA, 0x40, 0xB4, 0x12, 0xE4,
    0x2A, 0x28, 0x56, 0x10, 0xAD, 0x10, 0xF9, 0x57, 0x3E, 0xD8, 0x0D, 0x94, 0xBB, 0x95, 0xA8, 0xA9,
    0x58, 0x33, 0xA7, 0x03, 0x57, 0xA2, 0xA3, 0x7A, 0xE6, 0x06, 0xC3, 0x81, 0x5C, 0xF5, 0xB1, 0xAC,
    0x56, 0x44, 0xB8, 0x76, 0x6B, 0xAA, 0x44, 0x51, 0x29, 0x27, 0x65, 0x35, 0xB8, 0xAC, 0x1E, 0x92,
    0x89, 0x58, 0x0E, 0x94, 0x73, 0xE8, 0x12, 0x07, 0x14, 0xA4, 0x97, 0x55, 0x80, 0xCD, 0x1C, 0x8F,
    0xDC, 0xAB, 0xC4, 0xE6, 0xE2, 0x8A, 0xD8, 0x9C, 0xFC, 0x51, 0xB1, 0x39, 0xAC, 0xDF, 0x07, 0x06,
    0x86, 0x73, 0x81, 0xC1, 0x9C, 0x0A, 0xD3, 0xF4, 0x38, 0x7C, 0xF5, 0x85, 0xC3, 0x90, 0x3B, 0xD4,
    0x91, 0x43, 0x33, 0xBA, 0x84, 0x6C, 0x9A, 0xEB, 0xAC, 0x15, 0xCE, 0x21, 0x9D, 0x7A, 0x29, 0xA4,
    0x83, 0xF6, 0x72, 0x88, 0xC1, 0xE2, 0x38, 0x3A, 0x7A, 0x0D, 0x60, 0x60, 0x52, 0x1B, 0xF0, 0x27,
    0xF9, 0x08, 0x1A, 0x0C, 0xB5, 0x7C, 0x3C, 0xE4, 0x95, 0xDB, 0xEF, 0xD8, 0x40, 0x7E, 0x8D, 0x9A,
    0x21, 0xDD, 0x9E, 0x14, 0xE3, 0x0C, 0xE8, 0x34, 0xE3, 0x39, 0xCD, 0x70, 0x4E, 0x33, 0x9A, 0xB3,
    0x43, 0x41, 0x1F, 0x6C, 0x19, 0xCB, 0x05, 0x2E, 0x89, 0x5A, 0x24, 0x54, 0x4E, 0x20, 0xF4, 0x1D,
    0x0F, 0x75, 0xDF, 0xA3, 0x88, 0x1D, 0xB9, 0x27, 0xA2, 0x96, 0x95, 0xCF, 0xDB, 0x03, 0x68, 0x46,
    0x8E, 0x28, 0xDC, 0x5A, 0x0E, 0x83, 0xB2, 0xEE, 0x25, 0x68, 0x4E, 0xF0, 0x41, 0x46, 0x3C, 0x54,
    0x8F, 0x02, 0xD3, 0xB2, 0x66, 0xEA, 0xD6, 0x92, 0xCE, 0x79, 0x8C, 0x64, 0x80, 0xC0, 0xEE, 0x96,
    0xE9, 0x07, 0x1E, 0xF3, 0x46, 0x3E, 0x14, 0xFB, 0x0E, 0x8A, 0x91, 0xDD, 0xA1, 0x72, 0xAB, 0xCD,
    0xF3, 0xC8, 0xEE, 0xCD, 0xBF, 0x11, 0x64, 0x17, 0x04, 0xD9, 0x8D, 0xF9, 0x05, 0xB2, 0xDB, 0x5C,
    0x8D, 0xEC, 0x64, 0x82, 0xC8, 0xA9, 0x05, 0xD4, 0xB1, 0x8F, 0x04, 0x4C, 0x5C, 0x24, 0x05, 0x13,
    0xE4, 0x82, 0xF1, 0xBA, 0xE8, 0x8C, 0x54, 0x05, 0xC3, 0x98, 0x43, 0x45, 0xC2, 0x18, 0xAF, 0xC7,
    0x41, 0x24, 0x69, 0x80, 0x76, 0x8C, 0xF1, 0xBA, 0xAB, 0x31, 0xDE, 0xC7, 0xE4, 0x96, 0x83, 0x88,
    0x8D, 0x63, 0x69, 0x8C, 0xDF, 0x1F, 0x87, 0x48, 0x78, 0xA6, 0x99, 0x5F, 0x43, 0xEA, 0x47, 0x9E,
    0x72, 0x3A, 0x66, 0xE4, 0xF9, 0xB8, 0xC6, 0x45, 0xB4, 0x67, 0xB1, 0xCE, 0x5C, 0xEE, 0x22, 0xDA,
    0x4B, 0x3D, 0x87, 0xC1, 0xC0, 0x68, 0xAF, 0xEE, 0x59, 0x6D, 0x21, 0x33, 0xDA, 0x1B, 0xCF, 0xD1,
    0xDE, 0x6F, 0x26, 0xB4, 0x57, 0x3D, 0x57, 0x1E, 0xA4, 0x61, 0xD9, 0xC4, 0xEA, 0x23, 0x26, 0x79,
    0xC9, 0x53, 0x8D, 0xA4, 0x38, 0x89, 0x04, 0xBA, 0x34, 0xBD, 0xA2, 0xB2, 0x19, 0x14, 0xB1, 0xFF,
    0x58, 0x30, 0xEE, 0x43, 0xC4, 0x7D, 0xE3, 0x05, 0xEE, 0xC3, 0x82, 0xFB, 0xF2, 0x72, 0x85, 0x70,
    0x8E, 0xFB, 0xC6, 0x73, 0xDC, 0x97, 0x87, 0xD9, 0x90, 0xC0, 0x6C, 0x4C, 0x6E, 0xEA, 0xC4, 0xCF,
    0x03, 0x2C, 0x03, 0x37, 0x0F, 0xC4, 0x8D, 0xA4, 0xE5, 0xD3, 0x80, 0x1D, 0xEA, 0x4D, 0x28, 0x19,
    0xA0, 0x81, 0x6A, 0xF9, 0xEC, 0xBD, 0x5C, 0x90, 0xA0, 0x5B, 0x90, 0x60, 0x87, 0x1E, 0x7B, 0x3F,
    0x20, 0x12, 0xFC, 0xFA, 0x8F, 0x41, 0x82, 0x54, 0xCD, 0x0E, 0xAB, 0xEE, 0x87, 0x48, 0x50, 0x17,
    0x9D, 0x72, 0x6B, 0xE3, 0x0B, 0x57, 0x5B, 0x20, 0x09, 0x7B, 0xD0, 0x8C, 0x09, 0x35, 0x39, 0x35,
    0x22, 0x73, 0x91, 0xE7, 0x8E, 0x31, 0xA1, 0x63, 0x4C, 0x58, 0x6E, 0x0B, 0xF7, 0x46, 0x47, 0x54,
    0x25, 0xFD, 0xD9, 0x28, 0x4B, 0x18, 0x53, 0x0F, 0x43, 0xA8, 0x3A, 0x62, 0xC2, 0xB7, 0x06, 0xC6,
    0x84, 0x3E, 0x1F, 0x13, 0x72, 0x6C, 0x40, 0xB6, 0x9D, 0xF8, 0xA1, 0x42, 0xEC, 0xEE, 0xB9, 0xED,
    0xC6, 0x36, 0x61, 0x73, 0xAC, 0x91, 0x76, 0x2F, 0xC0, 0x86, 0x9D, 0xDD, 0x49, 0xF3, 0xF9, 0x56,
    0xA0, 0x78, 0x09, 0xEC, 0x6B, 0x07, 0xAC, 0xB2, 0x48, 0x2C, 0x13, 0x23, 0x89, 0x52, 0xBB, 0xE5,
    0xC4, 0x72, 0x40, 0xDE, 0x27, 0x35, 0x74, 0x59, 0x10, 0xF6, 0x60, 0x09, 0x75, 0xFC, 0x46, 0x19,
    0x22, 0xB9, 0x1A, 0xC6, 0xA9, 0x05, 0xC6, 0x31, 0x48, 0xD8, 0x11, 0x64, 0xD5, 0x0F, 0x20, 0x08,
    0x2C, 0x28, 0xDD, 0xC5, 0x8B, 0xDB, 0x2B, 0xE0, 0x02, 0x60, 0xBB, 0x39, 0x98, 0xCB, 0xA1, 0x6D,
    0xD6, 0x99, 0x48, 0xBC, 0xE6, 0x6D, 0x35, 0x05, 0x42, 0x62, 0x99, 0x4C, 0x3A, 0xCD, 0x55, 0x54,
    0x43, 0x0F, 0xA9, 0xDF, 0xE6, 0xD1, 0xF4, 0x3D, 0xA2, 0xD0, 0x01, 0xD7, 0x60, 0x2C, 0xE3, 0x44,
    0xEB, 0x15, 0xE9, 0x7B, 0x50, 0xBF, 0xD4, 0x0C, 0x12, 0x6D, 0x44, 0x87, 0x1F, 0xDC, 0x6B, 0xC6,
    0x82, 0x82, 0x99, 0x03, 0x21, 0x7B, 0xB6, 0x83, 0xBA, 0xD3, 0xE1, 0xF5, 0x74, 0x0E, 0x86, 0x0F,
    0x78, 0x75, 0xBA, 0x29, 0x6A, 0x8F, 0x98, 0xC2, 0xB8, 0x9C, 0x66, 0x00, 0x8C, 0x98, 0x83, 0x76,
    0x3D, 0x8D, 0xBE, 0xB7, 0xBB, 0x30, 0x51, 0x13, 0x55, 0x29, 0x85, 0x57, 0x59, 0x9D, 0x80, 0xBC,
    0x7F, 0x2D, 0x40, 0x97, 0xD8, 0x07, 0x63, 0xAC, 0x72, 0x17, 0x30, 0xBA, 0xAB, 0x01, 0xE3, 0xD5,
    0x46, 0xFB, 0x7F, 0x92, 0xBB, 0x8B, 0xED, 0xDC, 0x8B, 0xA1, 0xE3, 0xF0, 0x72, 0xAF, 0x78, 0x75,
    0x41, 0x0B, 0x88, 0x7C, 0xE9, 0x04, 0xB5, 0x97, 0xE4, 0x28, 0xB9, 0x91, 0x9D, 0x61, 0xD0, 0x73,
    0x62, 0xDC, 0xCC, 0xDE, 0xD0, 0xB1, 0x70, 0x76, 0x12, 0x00, 0x2F, 0xAD, 0x87, 0x56, 0x53, 0x3D,
    0xB4, 0x9B, 0x2D, 0x4E, 0x76, 0xB3, 0x85, 0x04, 0x34, 0xD9, 0xA9, 0xB2, 0x55, 0x47, 0xCC, 0xED,
    0x50, 0x95, 0xC0, 0x50, 0xB8, 0xE9, 0xA5, 0xC8, 0x1F, 0x62, 0xBC, 0xFA, 0x2A, 0x08, 0x49, 0xFF,
    0x9F, 0x04, 0x1D, 0xD0, 0xF3, 0x60, 0x52, 0xE4, 0x66, 0x22, 0xF7, 0xCE, 0x8E, 0xDC, 0x7C, 0x96,
    0xAB, 0x83, 0xA2, 0x96, 0xD3, 0x61, 0x39, 0x70, 0xC1, 0xCE, 0xE9, 0xB0, 0x3C, 0xD4, 0xC8, 0xDD,
    0xB5, 0x03, 0x64, 0x5D, 0xCA, 0x91, 0x88, 0x71, 0x9F, 0xB7, 0x88, 0x84, 0x71, 0xDF, 0x79, 0x3A,
    0x2C, 0x3A, 0x49, 0x87, 0x0C, 0x2B, 0xFF, 0x44, 0x82, 0x92, 0x1D, 0x41, 0xC5, 0x78, 0xF6, 0x1C,
    0xC0, 0x64, 0xB9, 0x4C, 0x65, 0x2B, 0x83, 0x65, 0x77, 0xC2, 0x12, 0x2F, 0x4C, 0x44, 0xCB, 0xB6,
    0x5E, 0x52, 0x13, 0xC5, 0xE6, 0xDE, 0x67, 0x36, 0xA2, 0x99, 0x2A, 0x13, 0xE3, 0x00, 0x18, 0xFE,
    0x94, 0x35, 0x4E, 0x7A, 0x79, 0xC3, 0x87, 0x9A, 0x8B, 0x11, 0x2F, 0xF8, 0x82, 0x33, 0x50, 0x34,
    0xBB, 0x30, 0xD4, 0xCC, 0x02, 0x86, 0x34, 0xA0, 0x66, 0xE3, 0x47, 0x60, 0xC7, 0xE6, 0xFF, 0x92,
    0x3C, 0xD7, 0xC0, 0x29, 0x55, 0x93, 0x2D, 0x76, 0x32, 0x27, 0x5B, 0x44, 0x38, 0x66, 0xEE, 0xFC,
    0x6E, 0xD6, 0x64, 0xD9, 0xF2, 0x7E, 0xBD, 0x15, 0xF8, 0xA9, 0xA8, 0xDC, 0x08, 0xFC, 0xBC, 0x07,
    0xE3, 0xE6, 0xD7, 0xEA, 0x7E, 0x7E, 0xA7, 0x2E, 0xF0, 0x33, 0xEB, 0x30, 0x2C, 0x6F, 0xD3, 0x77,
    0xE0, 0x67, 0x2F, 0xF0, 0x53, 0xF8, 0xF2, 0x06, 0xDD, 0x5E, 0x86, 0x9F, 0x0F, 0xC9, 0x2F, 0x2F,
    0xCE, 0x2F, 0xF2, 0xD3, 0xC9, 0x4B, 0xF3, 0x13, 0x67, 0xEA, 0x5D, 0x18, 0xFA, 0xF2, 0xFC, 0x64,
    0xAF, 0x8E, 0x44, 0x39, 0x57, 0x5E, 0x9A, 0x3E, 0x1A, 0xB1, 0x5F, 0xC4, 0xB9, 0xD5, 0xB9, 0xD3,
    0xE0, 0xD7, 0xCA, 0x15, 0x51, 0x99, 0xB9, 0xB3, 0xED, 0x12, 0x1B, 0xE4, 0x75, 0xF2, 0x39, 0x20,
    0x2D, 0xFF, 0x10, 0x90, 0x42, 0xB3, 0xB4, 0x0D, 0x4B, 0x0B, 0x9B, 0xF3, 0x7A, 0x59, 0x09, 0x36,
    0x04, 0x7F, 0x82, 0x22, 0xD8, 0x11, 0x96, 0xEC, 0xC0, 0x81, 0x62, 0x0D, 0x29, 0xF6, 0x16, 0x68,
    0xAA, 0xE4, 0xED, 0xF1, 0xF4, 0xEE, 0x58, 0x93, 0x14, 0xE1, 0xD4, 0x5E, 0x0D, 0x4D, 0x91, 0xD0,
    0xE2, 0x5E, 0xEC, 0x5C, 0xE2, 0x5A, 0xE2, 0x58, 0xE2, 0x56, 0xCB, 0xCE, 0x75, 0xE2, 0x50, 0xE2,
    0x4E, 0xFC, 0x45, 0x26, 0x13, 0xD4, 0x68, 0xC5, 0x8D, 0x16, 0xA8, 0x11, 0x09, 0x3B, 0x10, 0xBB,
    0x8F, 0xEC, 0xDC, 0xEE, 0x02, 0x3C, 0x7D, 0x4F, 0x42, 0xF2, 0xB3, 0x00, 0x98, 0x9C, 0x10, 0x5F,
    0x0B, 0xBB, 0xBD, 0xE4, 0xB4, 0x43, 0xFE, 0x8D, 0x2F, 0xE8, 0xBE, 0xB7, 0xDF, 0x25, 0x7E, 0x42,
    0xF1, 0x99, 0x0F, 0x28, 0xDA, 0xE9, 0x57, 0x06, 0x23, 0x83, 0xF5, 0xAB, 0xAB, 0xE1, 0xAB, 0xC3,
    0x0E, 0xBD, 0x20, 0xEC, 0xA4, 0x9F, 0xF9, 0x21, 0x6A, 0xCC, 0xCA, 0x07, 0x56, 0xFE, 0xC5, 0x90,
    0x95, 0xC5, 0xFD, 0x61, 0xA8, 0xEE, 0xCC, 0xA5, 0x50, 0x7D, 0x70, 0x11, 0xAA, 0x01, 0x14, 0xD5,
    0xDF, 0x40, 0xB9, 0x21, 0xF2, 0x25, 0x54, 0x9B, 0xEF, 0x83, 0xAE, 0xAF, 0x30, 0x95, 0x91, 0xAF,
    0x63, 0xCA, 0x05, 0xC5, 0xF6, 0x5B, 0x76, 0x02, 0x7A, 0x09, 0x88, 0xED, 0x2C, 0xDD, 0x94, 0xC2,
    0x7E, 0xDC, 0x59, 0x70, 0x06, 0x49, 0xBC, 0x16, 0xBB, 0x0B, 0xDE, 0xE9, 0xA0, 0x04, 0xCE, 0x12,
    0x06, 0x53, 0x29, 0xF4, 0xAA, 0x37, 0x38, 0x54, 0x34, 0x46, 0x38, 0x6B, 0x2E, 0xC1, 0xD9, 0x6E,
    0x86, 0xB3, 0xBD, 0x20, 0x08, 0x86, 0xB3, 0xE3, 0xC5, 0x49, 0xDC, 0x39, 0x9C, 0x2D, 0x2A, 0xC9,
    0xA5, 0x32, 0xDA, 0x9D, 0xE5, 0x9D, 0x57, 0xCC, 0x13, 0x2D, 0x2F, 0x98, 0x8F, 0x22, 0x83, 0xE7,
    0x6D, 0xEA, 0x5F, 0x9E, 0x27, 0xE4, 0x4D, 0xA5, 0x5F, 0x0F, 0xF3, 0x5B, 0xCA, 0x86, 0x46, 0x30,
    0xA5, 0x0E, 0x2B, 0x1C, 0xBE, 0x11, 0xB0, 0x1F, 0xF9, 0x3D, 0xA8, 0xB6, 0x86, 0x95, 0x73, 0x07,
    0x2D, 0xA7, 0x87, 0x4A, 0x40, 0x08, 0xD3, 0x62, 0x60, 0xAA, 0x6A, 0xCD, 0xB4, 0xB4, 0x4C, 0xDB,
    0x7B, 0x62, 0x3C, 0xD9, 0x39, 0xD4, 0x4E, 0xDB, 0xB4, 0xD9, 0x4E, 0x98, 0x9C, 0xEF, 0xAE, 0x63,
    0xC7, 0x66, 0xBA, 0xD6, 0x04, 0xFC, 0x53, 0x29, 0xFB, 0x57, 0x22, 0x83, 0x25, 0xF0, 0xF3, 0x2F,
    0xB5, 0xC4, 0x01, 0xC8, 0x2E, 0x9D, 0xFB, 0x30, 0xD9, 0x63, 0x62, 0x2E, 0x8E, 0x8D, 0xAF, 0x20,
    0xFC, 0x48, 0xDE, 0xDF, 0xFC, 0x0D, 0xF5, 0x75, 0x1E, 0x90, 0x8A, 0xDB, 0x99, 0xF1, 0xF2, 0x0F,
    0x74, 0x14, 0x6D, 0x01, 0x30, 0x0E, 0x2F, 0x21, 0x37, 0x3A, 0x11, 0x93, 0xB5, 0x92, 0x5A, 0x52,
    0x2F, 0x2C, 0x11, 0x66, 0x04, 0xB3, 0x86, 0x46, 0xD6, 0xA0, 0xA6, 0xDB, 0xCC, 0xD6, 0x7D, 0xD6,
    0x31, 0xDB, 0x2A, 0x77, 0x2D, 0xB2, 0x0D, 0x55, 0x6B, 0x9E, 0xDE, 0x16, 0x3C, 0x53, 0x80, 0xE5,
    0xF6, 0xC0, 0x2C, 0x19, 0xB8, 0x39, 0xE2, 0xBC, 0xFD, 0x25, 0x8B, 0x9D, 0x4F, 0xBC, 0x0B, 0x07,
    0x11, 0xC9, 0xF2, 0x44, 0xD8, 0x4E, 0xE7, 0x6B, 0xD7, 0x90, 0x75, 0x6B, 0x14, 0xAD, 0xFD, 0xD5,
    0xA6, 0x62, 0x2F, 0x4B, 0xF8, 0x81, 0xCB, 0x64, 0x24, 0x6E, 0x65, 0xA1, 0xE8, 0xE5, 0x49, 0x83,
    0x3C, 0x53, 0xEA, 0x2D, 0x18, 0xA1, 0x3A, 0xD2, 0x1B, 0x81, 0xE9, 0xDD, 0x21, 0xD2, 0xE2, 0x61,
    0x30, 0x40, 0xFE, 0xB0, 0xDC, 0x67, 0xDA, 0x0E, 0x91, 0x9E, 0x50, 0xB8, 0x86, 0xC2, 0x51, 0x7B,
    0x28, 0x16, 0xD8, 0x54, 0x9B, 0x12, 0x60, 0x39, 0x58, 0x24, 0x25, 0x00, 0x38, 0x7A, 0xB3, 0x90,
    0x64, 0xD8, 0xD5, 0x9D, 0xF3, 0x37, 0x63, 0xDF, 0xD8, 0x39, 0x51, 0xF0, 0xF1, 0x4E, 0xF1, 0xB5,
    0xA9, 0x52, 0x22, 0xE0, 0xA6, 0xAC, 0xD9, 0x94, 0x16, 0x68, 0x14, 0xEF, 0xD8, 0x54, 0x80, 0x91,
    0xEF, 0xED, 0x83, 0xCD, 0xB7, 0x87, 0xD4, 0x33, 0x05, 0x53, 0xE5, 0xFC, 0xFB, 0xD8, 0xB3, 0x9D,
    0xBF, 0x15, 0xE9, 0x23, 0x6F, 0xB0, 0x5A, 0xA5, 0x5E, 0x75, 0xB5, 0x2D, 0xBA, 0x8C, 0x82, 0x21,
    0x87, 0x4D, 0x97, 0x8F, 0xF3, 0x1E, 0xD9, 0xC5, 0xA6, 0x0B, 0x3A, 0xDD, 0xC1, 0xA7, 0x3B, 0x08,
    0x75, 0xD9, 0x41, 0x3B, 0x28, 0x75, 0xC1, 0xA9, 0xAC, 0x25, 0x0F, 0xCB, 0x46, 0x54, 0xE5, 0xBC,
    0x07, 0xE3, 0xA0, 0xA3, 0xBE, 0x3C, 0xAB, 0xDC, 0xC3, 0xA2, 0x90, 0x2C, 0x98, 0x30, 0x5E, 0xCD,
    0x24, 0x19, 0x62, 0xC0, 0x0A, 0xA9, 0x9F, 0x31, 0xEB, 0x1A, 0x98, 0x86, 0x2B, 0xAC, 0x8D, 0x20,
    0x38, 0x19, 0x36, 0x8E, 0x13, 0xA5, 0x0C, 0x63, 0xB0, 0x16, 0xEC, 0x7A, 0x8F, 0x5D, 0xC7, 0x4F,
    0xE8, 0xF5, 0x3F, 0x0C, 0xDB, 0xA2, 0x15, 0xFC, 0xFA, 0x8C, 0xFA, 0x0D, 0x55, 0xD3, 0xBB, 0xCC,
    0xA6, 0x55, 0xDB, 0x5D, 0xE8, 0x7A, 0xF5, 0x50, 0x22, 0xD5, 0xE5, 0xF2, 0xE7, 0xA2, 0x02, 0xBA,
    0x28, 0x82, 0x2E, 0xEA, 0xA0, 0x8B, 0x52, 0x68, 0x17, 0xA8, 0x93, 0x43, 0x41, 0x95, 0x8C, 0x80,
    0x0D, 0xF5, 0x73, 0x1E, 0x1B, 0x53, 0x51, 0xC2, 0xB0, 0xFA, 0x76, 0xB2, 0x65, 0xD6, 0x41, 0x95,
    0x92, 0xD6, 0xB2, 0x16, 0x85, 0x93, 0xF3, 0x9A, 0x38, 0xCA, 0x9D, 0x24, 0xB8, 0xAC, 0x3D, 0xCA,
    0x5D, 0xBF, 0xFE, 0x49, 0x1C, 0x7D, 0x46, 0x71, 0xF4, 0x93, 0x3A, 0x8E, 0x3E, 0xFF, 0x3F, 0x85,
    0xE3, 0x7C, 0xD7, 0x67, 0xC7, 0x9D, 0xAA, 0x38, 0x0C, 0x8D, 0xEA, 0xB8, 0xB7, 0xE0, 0x58, 0xF4,
    0x5B, 0xFA, 0x80, 0x46, 0x70, 0xFA, 0xCB, 0xB7, 0xB0, 0x3D, 0xF0, 0xC2, 0xB5, 0xBD, 0xF3, 0xEA,
    0x6B, 0x3B, 0xD5, 0x53, 0x48, 0xA9, 0x9A, 0x4B, 0x2A, 0x68, 0x0A, 0x73, 0x55, 0x25, 0x67, 0xEE,
    0x53, 0x61, 0x05, 0x0E, 0x6E, 0x53, 0x6D, 0x85, 0x00, 0x55, 0xCD, 0xE5, 0x55, 0x8F, 0xC2, 0xCD,
    0x15, 0x56, 0x8F, 0x5C, 0x86, 0x88, 0xC3, 0xA3, 0x79, 0xD8, 0xE3, 0x5B, 0xCA, 0xDD, 0x5C, 0x6A,
    0x3D, 0x1B, 0x0B, 0x27, 0xD5, 0x56, 0xC0, 0x69, 0xAB, 0xAA, 0xA9, 0xE0, 0x7A, 0xFB, 0xB4, 0xB7,
    0x90, 0x9A, 0xEB, 0x4B, 0x7A, 0x24, 0xBB, 0xB6, 0x95, 0xC3, 0x68, 0x99, 0xE6, 0x9F, 0x03, 0x30,
    0xF3, 0x26, 0xCA, 0xDD, 0xD4, 0x95, 0x9B, 0xA0, 0xD3, 0x16, 0x30, 0xBB, 0xA7, 0x87, 0xE6, 0xAD,
    0x7A, 0x3E, 0x1D, 0x51, 0xD2, 0x07, 0x18, 0x34, 0x65, 0x03, 0xCB, 0xD8, 0x9B, 0x3E, 0x2B, 0x4D,
    0xD4, 0xBD, 0xE9, 0xD2, 0xF6, 0xDB, 0x2E, 0xE9, 0xFC, 0xDD, 0x0F, 0x7C, 0xD0, 0xC7, 0x7E, 0x33,
    0x92, 0xD7, 0xFD, 0xBD, 0xCB, 0xC1, 0x04, 0x44, 0x9E, 0xFB, 0x0F, 0xF0, 0xFC, 0xCF, 0xAF, 0x7C,
    0xFE, 0x12, 0xF3, 0x91, 0x53, 0x27, 0x5E, 0x57, 0x9D, 0xCB, 0xA1, 0xAD, 0x50, 0xAA, 0x60, 0xB0,
    0x57, 0xB8, 0x48, 0x6D, 0xC1, 0xB2, 0xBF, 0x24, 0xA6, 0x27, 0x23, 0x0C, 0x03, 0x44, 0xD1, 0x02,
    0xAC, 0xC3, 0x42, 0x45, 0x17, 0x88, 0x36, 0x90, 0xB3, 0x7A, 0x88, 0x46, 0x00, 0xEB, 0x04, 0xB0,
    0x56, 0x00, 0xEB, 0x05, 0xB0, 0x66, 0x00, 0xCF, 0x1D, 0x60, 0xED, 0x80, 0x59, 0x3F, 0xE0, 0x32,
    0x7D, 0x85, 0x1F, 0xE3, 0xBC, 0x8A, 0x6D, 0x7A, 0xB6, 0xCD, 0xC7, 0x89, 0x0F, 0xE6, 0x43, 0xBF,
    0x21, 0xF2, 0xDA, 0x6F, 0x77, 0x6C, 0xF3, 0x0A, 0xA7, 0xC6, 0xAF, 0x20, 0x3B, 0x73, 0x4D, 0x3B,
    0xAD, 0xCB, 0xD3, 0x8F, 0xE2, 0xBA, 0x98, 0x63, 0x91, 0x6D, 0xBA, 0x5D, 0xD9, 0xA6, 0x47, 0x81,
    0x66, 0xCB, 0x4F, 0x50, 0xA5, 0x42, 0x9F, 0x7F, 0x6D, 0x70, 0x58, 0xF0, 0x81, 0xE0, 0x75, 0x1D,
    0x90, 0xC4, 0xBF, 0xAA, 0x70, 0xFC, 0x42, 0x69, 0xAA, 0x57, 0x3E, 0xF9, 0x9E, 0x7A, 0x25, 0x0F,
    0x47, 0xD6, 0x29, 0x22, 0xF2, 0x2A, 0xBF, 0xF3, 0xC8, 0xAB, 0x24, 0xBB, 0xEF, 0x7F, 0x64, 0x8F,
    0xDD, 0x35, 0xD0, 0x99, 0x93, 0x52, 0x7C, 0x39, 0x79, 0xFF, 0x2D, 0x7F, 0xE1, 0xB5, 0x12, 0x3A,
    0xA8, 0x2D, 0xA6, 0x62, 0x49, 0x55, 0x2C, 0xBC, 0x17, 0xE1, 0x74, 0x2E, 0x1C, 0x55, 0xC1, 0xC7,
    0xAD, 0x7F, 0x0A, 0xE1, 0x2F, 0xF9, 0xA9, 0x9A, 0x9A, 0x7E, 0xAA, 0xC6, 0xAC, 0x0B, 0x6A, 0xFA,
    0xA9, 0x5A, 0x3E, 0xFD, 0x54, 0xAD, 0xD8, 0x10, 0x57, 0x09, 0x7F, 0xAD, 0x02, 0x9A, 0x2A, 0xE9,
    0xA5, 0x10, 0x29, 0x9C, 0x38, 0x87, 0xC1, 0x7B, 0x9C, 0xB3, 0x58, 0x55, 0x61, 0xC3, 0xCE, 0x4F,
    0xD5, 0xF8, 0x70, 0x1A, 0xAC, 0x32, 0xB8, 0x5D, 0xA8, 0x0D, 0x88, 0xE2, 0x80, 0xA8, 0x0E, 0x88,
    0xF2, 0xC0, 0xA4, 0x3E, 0xA6, 0x09, 0x4C, 0x53, 0x58, 0x26, 0xB1, 0x4C, 0x63, 0x99, 0xC8, 0xD5,
    0x2F, 0x57, 0xD4, 0xE5, 0x97, 0x2B, 0xD3, 0x5B, 0xF2, 0x5E, 0x57, 0x8B, 0x81, 0x87, 0xC9, 0xC0,
    0xAC, 0x79, 0x6B, 0x5E, 0xFE, 0x72, 0xE5, 0x6A, 0x03, 0x7F, 0x7E, 0x85, 0x81, 0x9F, 0xF1, 0x17,
    0xD2, 0xF2, 0x95, 0xAA, 0xE5, 0x5D, 0x07, 0x18, 0xBF, 0xCF, 0x01, 0x86, 0xC9, 0x01, 0xAE, 0xD0,
    0xCF, 0x2C, 0xFA, 0x9D, 0xFC, 0xD1, 0x0E, 0x90, 0x74, 0xB1, 0xEF, 0x54, 0x54, 0x3F, 0x02, 0xD1,
    0xFF, 0x8C, 0xFD, 0x21, 0xD6, 0xD7, 0xB9, 0x7E, 0x57, 0x18, 0xB4, 0x46, 0x43, 0x16, 0x26, 0x1C,
    0x01, 0x6F, 0x0C, 0x20, 0xEA, 0x40, 0xE3, 0x64, 0x6E, 0x43, 0x79, 0x75, 0xA0, 0xEF, 0xBA, 0xA1,
    0x38, 0x76, 0x21, 0x3F, 0x76, 0x7D, 0xC6, 0xFD, 0x8B, 0xD8, 0xF9, 0xAD, 0xB1, 0x29, 0x11, 0x91,
    0xA9, 0xE1, 0xD4, 0x22, 0xB8, 0xB4, 0x80, 0x14, 0xC3, 0x17, 0x3F, 0x65, 0x80, 0x6E, 0x8B, 0xFB,
    0xB0, 0x4F, 0xE9, 0x6E, 0xF9, 0xFB, 0xA7, 0xA4, 0x1C, 0x79, 0x75, 0xC7, 0x51, 0x9B, 0x9D, 0xB8,
    0xFE, 0x7A, 0x24, 0xC3, 0xE6, 0xDD, 0x4F, 0xDD, 0xE6, 0x8C, 0x1E, 0x56, 0xFA, 0xD1, 0x68, 0x59,
    0x6B, 0xAE, 0x8C, 0xC9, 0x47, 0x32, 0x32, 0x3E, 0x2F, 0x61, 0xC8, 0xBF, 0xBF, 0xB9, 0xD1, 0xD7,
    0x43, 0x1E, 0xD6, 0x7D, 0xB1, 0x5A, 0xF5, 0x6F, 0x6C, 0x57, 0xE1, 0xDE, 0x7A, 0xDD, 0xD0, 0x30,
    0xD8, 0x3B, 0xDF, 0xF4, 0xC0, 0xCD, 0x2E, 0xE1, 0x03, 0x69, 0xF1, 0xF0, 0xA6, 0xAA, 0x90, 0xD1,
    0x93, 0x0E, 0xD9, 0x57, 0xDF, 0x78, 0x64, 0x9F, 0x3D, 0x65, 0xC4, 0xF0, 0x98, 0xC9, 0x0D, 0xCF,
    0x4A, 0xB1, 0x31, 0x1A, 0x07, 0x4D, 0x23, 0x22, 0xE9, 0x16, 0x09, 0xFF, 0x66, 0x73, 0x23, 0x84,
    0x01, 0xF5, 0xBA, 0xC7, 0x6A, 0xDD, 0xBF, 0xBF, 0x5A, 0x87, 0x61, 0x5D, 0x37, 0xBF, 0x1D, 0x82,
    0xB9, 0x7B, 0xEA, 0x59, 0x42, 0x2A, 0xBF, 0x85, 0xE9, 0x31, 0xB7, 0x7F, 0xCC, 0x44, 0x31, 0x11,
    0xD8, 0x92, 0x3F, 0x28, 0x6D, 0x95, 0x7D, 0xEA, 0xC8, 0x45, 0xE3, 0x7C, 0xF7, 0x77, 0x91, 0x04,
    0xF3, 0xEE, 0xB1, 0x6B, 0xCE, 0xE8, 0xAE, 0x33, 0x8F, 0x47, 0x5D, 0x4D, 0x8E, 0xA2, 0x69, 0x60,
    0x7B, 0xFE, 0x0A, 0x73, 0xFB, 0xF3, 0x8B, 0xB2, 0xBD, 0x82, 0xE9, 0x72, 0x87, 0x8D, 0xCF, 0xEE,
    0xB7, 0x87, 0x3E, 0x16, 0x0B, 0xFF, 0xA4, 0xCB, 0x1E, 0x78, 0xFD, 0xE3, 0xB8, 0xC4, 0x7B, 0xF6,
    0x6E, 0xC4, 0xB9, 0x44, 0xB7, 0xBD, 0xEE, 0xC6, 0xAC, 0x83, 0x86, 0x72, 0xD0, 0x49, 0x53, 0xE2,
    0xC7, 0x52, 0xC2, 0x5F, 0x3C, 0x0F, 0x8A, 0x15, 0xB4, 0x7C, 0x71, 0xEF, 0x3A, 0xD0, 0xD4, 0x80,
    0x54, 0xA2, 0xD9, 0x37, 0x67, 0xFC, 0xDB, 0x13, 0x36, 0xC8, 0xE7, 0x3E, 0x70, 0x6C, 0x5D, 0x47,
    0x82, 0x35, 0xEF, 0xDF, 0x1A, 0xD8, 0x4F, 0xC3, 0xF2, 0x0E, 0x74, 0xF6, 0xB4, 0x14, 0xCB, 0xD4,
    0x78, 0x09, 0x99, 0x66, 0x91, 0x36, 0x65, 0xA4, 0x19, 0x43, 0x28, 0x64, 0x4F, 0x3A, 0x4B, 0x2E,
    0x6B, 0xCB, 0xE6, 0xC4, 0x25, 0x3D, 0xCE, 0xBE, 0x38, 0xD9, 0xD6, 0x78, 0x16, 0xDD, 0xD5, 0x20,
    0xD0, 0x4F, 0x75, 0xAC, 0x74, 0x92, 0xC3, 0x5B, 0xB9, 0xB3, 0x71, 0x25, 0xF2, 0x78, 0xBF, 0x62,
    0x95, 0xA1, 0x2A, 0xAE, 0x7F, 0x8B, 0xB9, 0xB6, 0xFE, 0x1A, 0xE7, 0xAD, 0x63, 0xB2, 0xC0, 0x9C,
    0xA6, 0xAA, 0x19, 0xA2, 0xAC, 0x11, 0x03, 0x51, 0x24, 0x9F, 0x79, 0xD6, 0xB5, 0xAB, 0x23, 0x29,
    0x03, 0xB0, 0x9D, 0xDE, 0xD7, 0xB6, 0x40, 0x31, 0x22, 0xB9, 0x52, 0xCD, 0x85, 0x16, 0x23, 0xCF,
    0xCF, 0x92, 0xC3, 0x1E, 0xA2, 0x9A, 0x30, 0x51, 0xCD, 0xE3, 0x41, 0x8B, 0x9A, 0x0A, 0x81, 0xAE,
    0x1B, 0x85, 0xA3, 0x64, 0x88, 0x94, 0x11, 0xB2, 0x46, 0x41, 0x14, 0x2C, 0x00, 0x2D, 0x3F, 0xF0,
    0x53, 0xF3, 0x0F, 0xEA, 0xDB, 0x0B, 0x34, 0xB6, 0x0B, 0xC4, 0xB0, 0x5E, 0x46, 0x89, 0x67, 0xAD,
    0x7B, 0xD6, 0xBA, 0xDE, 0xD5, 0x9A, 0x49, 0x35, 0xB0, 0xD6, 0x3D, 0x6B, 0xDD, 0xB1, 0x52, 0xE5,
    0x85, 0xD6, 0x3F, 0x11, 0xAD, 0xF7, 0x44, 0x5F, 0x23, 0x54, 0x89, 0xD6, 0x0A, 0x86, 0x1C, 0xB4,
    0x68, 0xBD, 0x12, 0xAD, 0xF7, 0x45, 0x6B, 0xFD, 0x9C, 0xD6, 0xEA, 0x5C, 0x6B, 0xF3, 0xD6, 0x28,
    0x5A, 0x0F, 0xAC, 0x90, 0x68, 0x9D, 0x22, 0x11, 0xCF, 0x9A, 0x60, 0x4A, 0xD6, 0x41, 0xEA, 0xB9,
    0x89, 0x2E, 0x57, 0xB4, 0x2B, 0xDC, 0xB5, 0xA4, 0xA1, 0xAC, 0xDD, 0x10, 0xD1, 0x03, 0xBF, 0xA1,
    0xFF, 0x78, 0x22, 0xD1, 0xEB, 0x8E, 0x50, 0x92, 0x03, 0x18, 0xCA, 0xA4, 0x30, 0xD0, 0x2D, 0xC0,
    0x1B, 0xED, 0xE2, 0x68, 0xA8, 0x93, 0xA9, 0xF3, 0x1F, 0x0F, 0x88, 0x1C, 0x7B, 0xD6, 0x75, 0xF4,
    0x1C, 0x50, 0xD0, 0x10, 0xDF, 0x76, 0xE1, 0xE8, 0x4A, 0x94, 0x51, 0x7D, 0xEE, 0xEC, 0x36, 0xA2,
    0x25, 0x9B, 0xB9, 0x9F, 0xEB, 0xCC, 0xD9, 0x8F, 0x33, 0xD7, 0x90, 0x8A, 0x9D, 0x2A, 0xF3, 0xD9,
    0x38, 0xC7, 0x78, 0x43, 0x38, 0xD0, 0xD5, 0x50, 0xB8, 0x90, 0xBB, 0x3E, 0x8B, 0x7F, 0x6D, 0xFC,
    0x03, 0xF0, 0x67, 0x17, 0xB0, 0xD7, 0x01, 0xAF, 0x4B, 0xDD, 0xF8, 0xAE, 0x63, 0x45, 0x9D, 0x2D,
    0xB3, 0x11, 0xE4, 0x32, 0x87, 0xDF, 0xFF, 0x3A, 0x92, 0xB8, 0x71, 0x1D, 0x63, 0x79, 0x07, 0xD3,
    0x8D, 0xCB, 0x97, 0x84, 0xB0, 0xFA, 0x4F, 0x06, 0x6C, 0x88, 0x70, 0x78, 0xCF, 0xE0, 0xDF, 0x9E,
    0x3E, 0x84, 0xFE, 0xF0, 0x41, 0xB5, 0xA7, 0xDF, 0x71, 0x96, 0xC8, 0xE9, 0x8E, 0xF7, 0x40, 0x81,
    0x05, 0xDE, 0x71, 0x37, 0x5D, 0x51, 0x6D, 0x3C, 0xF9, 0xC3, 0xD8, 0xFF, 0x22, 0x8E, 0xF5, 0xEB,
    0x99, 0xDB, 0xB3, 0xF1, 0xFE, 0x33, 0xB9, 0xFF, 0xB9, 0x49, 0xEA, 0xB6, 0x70, 0x1B, 0x9F, 0xB9,
    0x31, 0x76, 0xE2, 0xDE, 0x66, 0x1C, 0x10, 0x38, 0xCE, 0x95, 0xFA, 0xF1, 0x16, 0xD0, 0x17, 0xCA,
    0x98, 0x4E, 0x61, 0xB3, 0x55, 0x38, 0x6C, 0x08, 0xFF, 0xE2, 0xD9, 0xB6, 0xD4, 0xFF, 0x2C, 0x3E,
    0xDB, 0xDC, 0x99, 0x75, 0x11, 0x6C, 0x0E, 0xE8, 0xF0, 0x7A, 0xE2, 0x36, 0xA3, 0x3E, 0xF6, 0x83,
    0xCD, 0xFD, 0xD0, 0xAB, 0xC4, 0xAF, 0x7B, 0x05, 0xBF, 0x1A, 0xEC, 0xED, 0x50, 0xF3, 0xD2, 0x0D,
    0xDA, 0x37, 0x1F, 0xF9, 0x9D, 0xA3, 0x61, 0xD8, 0xBB, 0x9F, 0x0F, 0x14, 0x5B, 0x08, 0xA3, 0xE9,
    0xAF, 0xAD, 0xF5, 0xDB, 0xC3, 0xFA, 0xCF, 0x0A, 0x3A, 0x8C, 0x26, 0xF3, 0x28, 0x96, 0x82, 0x0F,
    0xFF, 0x69, 0x8E, 0xDA, 0xAA, 0x5C, 0xA6, 0x2C, 0xEA, 0x3F, 0xA5, 0x2A, 0xC6, 0x6B, 0x90, 0x2F,
    0x26, 0xF5, 0x6D, 0xBC, 0xC6, 0xD3, 0x7D, 0x34, 0xAD, 0xD1, 0x16, 0x1B, 0x2A, 0xB7, 0xCA, 0xF5,
    0xA7, 0xFC, 0x17, 0x07, 0xF1, 0xDF, 0x62, 0x3B, 0xE1, 0x96, 0xCA, 0x52, 0x7F, 0x94, 0x0E, 0xA1,
    0xA8, 0xFB, 0x37, 0xC6, 0x70, 0xEF, 0x5F, 0x37, 0x34, 0x98, 0x3B, 0x7D, 0xBC, 0x6E, 0xA8, 0x6F,
    0xDE, 0x1A, 0x42, 0x56, 0xF7, 0x7F, 0x31, 0x86, 0x46, 0xAE, 0x1F, 0x33, 0xA0, 0xE4, 0x3F, 0xD6,
    0xF7, 0x58, 0xCA, 0xE4, 0x2A, 0xDC, 0x8A, 0x8F, 0xCB, 0x4E, 0xDD, 0x26, 0x26, 0xF5, 0x5E, 0x6D,
    0x1C, 0x7D, 0x4A, 0xD5, 0xE6, 0xF6, 0x28, 0xD1, 0x9D, 0x37, 0x19, 0x32, 0x8E, 0x64, 0x8F, 0x62,
    0x7F, 0xB2, 0x1C, 0xD5, 0x96, 0x8B, 0x60, 0x7F, 0x74, 0x30, 0x84, 0x18, 0xC2, 0x7F, 0xCE, 0x39,
    0x82, 0x05, 0x9C, 0x30, 0x3A, 0xE5, 0xBF, 0xE5, 0x06, 0xD6, 0x0C, 0xEB, 0xFE, 0x67, 0xAB, 0x30,
    0xAC, 0x63, 0x84, 0xB7, 0x13, 0xB6, 0x7A, 0x8D, 0x5A, 0x29, 0xB0, 0x8F, 0xCA, 0x23, 0x04, 0x68,
    0xF4, 0x3F, 0x57, 0x08, 0x0D, 0x7B, 0x31, 0xC1, 0x1C, 0x0F, 0xA2, 0xA2, 0x74, 0x69, 0xFD, 0xBC,
    0xF3, 0xD7, 0x30, 0xDD, 0x1A, 0x4D, 0x58, 0x23, 0xDC, 0x3A, 0x44, 0xAF, 0x3C, 0x06, 0xD5, 0x62,
    0x43, 0x2D, 0xF4, 0xEF, 0x08, 0xC0, 0x06, 0x53, 0xFB, 0xE9, 0xEC, 0x1A, 0x85, 0x00, 0x1E, 0x5B,
    0x65, 0x8E, 0x3D, 0xF5, 0x77, 0x7F, 0x27, 0x6E, 0xC1, 0x69, 0xA2, 0x8A, 0x59, 0x02, 0x53, 0x7B,
    0x7D, 0xF7, 0xDE, 0x72, 0xBA, 0x97, 0x9D, 0x9A, 0x7D, 0xBA, 0x21, 0xB9, 0x77, 0xC7, 0x85, 0xA6,
    0x74, 0xA4, 0xC5, 0xF5, 0x4C, 0x37, 0xB9, 0xDE, 0x61, 0xEC, 0x31, 0x85, 0x38, 0xFD, 0x0F, 0xD9,
    0x55, 0x7F, 0xC1, 0xAE, 0x5A, 0x69, 0x91, 0xB1, 0xEB, 0xAA, 0x9C, 0x75, 0x76, 0xEE, 0xFF, 0x31,
    0xDF, 0x7F, 0xD7, 0x59, 0xE2, 0xFB, 0x2F, 0xE4, 0x24, 0xA2, 0x50, 0xEE, 0x90, 0xC9, 0x5F, 0x41,
    0xE0, 0xB2, 0xEB, 0xC4, 0x9D, 0x7D, 0xE1, 0x9E, 0x91, 0x0B, 0x84, 0x18, 0xF0, 0x2D, 0xF5, 0x0C,
    0xA4, 0xF3, 0x00, 0x35, 0x42, 0xDD, 0x64, 0x09, 0x85, 0x33, 0x4F, 0xBA, 0x8D, 0xEF, 0x0F, 0x7D,
    0xFD, 0xAF, 0xBA, 0x95, 0x2E, 0x57, 0x7B, 0xA8, 0xF7, 0xD3, 0xC1, 0x90, 0xE7, 0x3B, 0xA5, 0x15,
    0xCB, 0x29, 0xD0, 0x45, 0x9F, 0x01, 0xE1, 0x52, 0x5D, 0x58, 0x0A, 0xB1, 0xCF, 0x3B, 0xE1, 0x11,
    0x61, 0x73, 0x4A, 0x6E, 0x3C, 0xFD, 0x9C, 0xD7, 0x5E, 0x7A, 0xB8, 0x9E, 0xF9, 0xE8, 0x9B, 0x6D,
    0xFC, 0x4C, 0x6E, 0x32, 0x0F, 0x06, 0x59, 0xB7, 0x58, 0x2E, 0xA1, 0x5F, 0x29, 0x59, 0xCF, 0x5B,
    0xD8, 0x8F, 0xAB, 0xF0, 0x3E, 0xA6, 0xF6, 0x2B, 0x89, 0x5A, 0x87, 0xA6, 0x5D, 0x37, 0x7E, 0xF5,
    0xD4, 0xAF, 0xA8, 0x5B, 0x8F, 0xC9, 0x10, 0xF5, 0x57, 0xD4, 0x66, 0x4F, 0xCA, 0x94, 0x30, 0xB5,
    0x9D, 0xA5, 0x10, 0x35, 0x15, 0x55, 0xE0, 0x43, 0xAE, 0x4A, 0x83, 0xDA, 0xC2, 0xFD, 0xEE, 0xD7,
    0xB9, 0x2C, 0xA1, 0x2C, 0x4B, 0x37, 0x72, 0xA1, 0x9C, 0x76, 0xF2, 0xF0, 0x4F, 0x60, 0x03, 0x58,
    0x89, 0xA6, 0xFA, 0x2F, 0xCF, 0x9C, 0xE5, 0xDA, 0xC9, 0x05, 0xED, 0x88, 0x4A, 0x13, 0xCE, 0x1F,
    0x6D, 0x5D, 0x2E, 0xBB, 0xEB, 0x77, 0xFF, 0x23, 0xEB, 0x82, 0xBE, 0xE3, 0x9B, 0x1D, 0xF8, 0x92,
    0x30, 0xBF, 0xB4, 0xC2, 0xEA, 0x1C, 0x32, 0x0B, 0xF4, 0xE1, 0x97, 0x87, 0x75, 0xE6, 0x7A, 0xA3,
    0x5C, 0x88, 0x6A, 0xBD, 0x99, 0x8E, 0xE0, 0x66, 0x8E, 0xC3, 0xC5, 0xEC, 0xF7, 0x94, 0xF0, 0x86,
    0x46, 0xB9, 0xCE, 0x4D, 0xB7, 0x54, 0x46, 0x0B, 0xB6, 0xE3, 0x69, 0xDC, 0x3D, 0xA7, 0xE4, 0xA9,
    0x25, 0x1F, 0xEC, 0x0D, 0xB6, 0x60, 0x77, 0x6E, 0xC1, 0x4E, 0x63, 0xB3, 0x35, 0x12, 0x94, 0xAE,
    0xC5, 0xA0, 0x54, 0xB8, 0xC2, 0x5D, 0x57, 0xEC, 0x19, 0x4B, 0x60, 0x22, 0x48, 0xF3, 0x9E, 0xFB,
    0x1F, 0xEF, 0xB9, 0xDD, 0x85, 0x47, 0x65, 0x0F, 0x57, 0xC8, 0xDC, 0x0A, 0xDC, 0x78, 0x61, 0xE2,
    0x68, 0x5F, 0x79, 0x63, 0x07, 0x1D, 0xD6, 0xDA, 0xAF, 0x35, 0xB1, 0x97, 0x1C, 0xDC, 0x4A, 0x99,
    0xE5, 0xEC, 0x2C, 0x56, 0xCA, 0xAF, 0x0D, 0x8D, 0xB2, 0x13, 0x37, 0x95, 0xEA, 0xAF, 0xA3, 0x70,
    0xF1, 0x7E, 0xF5, 0xA1, 0x8B, 0x5F, 0x89, 0x26, 0xF6, 0x42, 0xC9, 0x9B, 0x7D, 0xE5, 0x7A, 0xEC,
    0x1B, 0x2A, 0x0F, 0xD2, 0xA1, 0xD8, 0xC2, 0xC8, 0x37, 0xF9, 0x21, 0xDC, 0xF8, 0xB8, 0x12, 0xD8,
    0x17, 0x25, 0xB4, 0xA0, 0xCE, 0xB5, 0xF2, 0x7B, 0x76, 0x30, 0x97, 0xE4, 0xDA, 0x7B, 0xE9, 0x36,
    0xCA, 0x9B, 0xBF, 0x62, 0xDF, 0xE5, 0xA5, 0x1C, 0x11, 0x82, 0x45, 0xFF, 0x9E, 0xC6, 0x7B, 0x38,
    0x00, 0xF2, 0x30, 0xAF, 0xC8, 0x07, 0x10, 0xAF, 0xE0, 0xC3, 0x8D, 0xE3, 0xF9, 0x3E, 0x36, 0xFD,
    0xCF, 0x35, 0xFE, 0x33, 0x08, 0x90, 0xC4, 0xFB, 0x38, 0x76, 0x2A, 0xA7, 0xDE, 0x32, 0x77, 0x1C,
    0xCC, 0xFE, 0xFE, 0x95, 0xE7, 0x48, 0xE3, 0xDF, 0xA8, 0x2A, 0x28, 0xBA, 0xEB, 0xA0, 0xEE, 0x9E,
    0x44, 0xF2, 0xEE, 0x09, 0xC3, 0xFD, 0x8F, 0x22, 0xD9, 0x9A, 0x0A, 0xD7, 0x5E, 0x23, 0x5E, 0xE4,
    0xC0, 0xA4, 0xFA, 0x53, 0x94, 0xE7, 0xBF, 0x7F, 0x61, 0x79, 0xCE, 0xF1, 0x1F, 0x9A, 0xAA, 0x3F,
    0x4D, 0x79, 0x3E, 0x32, 0x61, 0x0F, 0x10, 0xF6, 0xBF, 0x2B, 0x61, 0x2D, 0x53, 0xA4, 0x9E, 0x69,
    0x3E, 0x06, 0x91, 0x45, 0xB7, 0x00, 0x34, 0xFF, 0x5E, 0x19, 0x70, 0xB2, 0x3B, 0xD0, 0x5C, 0xBF,
    0x9F, 0x76, 0xCC, 0xE2, 0xEE, 0x34, 0x91, 0x3D, 0xA1, 0xEA, 0x08, 0x44, 0xF4, 0x1B, 0x1A, 0x98,
    0xDD, 0xA0, 0x56, 0x0A, 0x76, 0x2A, 0x8B, 0x4A, 0xCA, 0x73, 0x87, 0xEC, 0xF3, 0x2E, 0x5B, 0x42,
    0x75, 0xEA, 0xB9, 0x82, 0xDB, 0xD6, 0xE0, 0xDF, 0xE6, 0x18, 0x34, 0x27, 0x0F, 0x7F, 0xA9, 0xAA,
    0xB3, 0x2F, 0xFE, 0xFB, 0x41, 0xEE, 0x9E, 0xD1, 0x83, 0x3E, 0x77, 0x81, 0x32, 0x57, 0xB8, 0xA3,
    0xE4, 0xBF, 0x75, 0xA6, 0xB2, 0x74, 0x4A, 0x84, 0x82, 0xAA, 0xA6, 0xC7, 0xA5, 0xD6, 0x09, 0xF5,
    0x42, 0x0F, 0x01, 0x68, 0xBF, 0x06, 0xB0, 0x09, 0x91, 0x36, 0xA1, 0x5E, 0x23, 0x25, 0x1F, 0x69,
    0x76, 0x4A, 0xA1, 0x66, 0x2D, 0xBB, 0x10, 0x95, 0xDC, 0xE6, 0x9E, 0x96, 0xB7, 0x35, 0xEF, 0x3E,
    0x5F, 0xAB, 0x2B, 0x64, 0x33, 0xE5, 0xAB, 0x05, 0x81, 0x0A, 0x67, 0xE9, 0x98, 0x4E, 0x62, 0x56,
    0xF9, 0xF4, 0x2E, 0x27, 0x96, 0x87, 0xC5, 0x89, 0xE3, 0xAA, 0xF7, 0xAE, 0x0B, 0xA4, 0x46, 0x86,
    0x14, 0xCD, 0xAF, 0x36, 0xB0, 0xF4, 0x8C, 0xB6, 0xA2, 0x61, 0x87, 0x65, 0x3B, 0x2F, 0xC5, 0x38,
    0xF6, 0x85, 0xEA, 0x4B, 0x74, 0xFF, 0xFC, 0xD3, 0xB8, 0xC7, 0x01, 0xD8, 0xC1, 0x00, 0xCD, 0x50,
    0x6B, 0xA4, 0xD4, 0x47, 0x9A, 0x7D, 0x43, 0x83, 0x61, 0x9D, 0xBD, 0x8D, 0xA5, 0xFB, 0x36, 0xD9,
    0x12, 0xB7, 0x10, 0xFB, 0x3B, 0x54, 0x5D, 0x40, 0xA1, 0xDC, 0xB1, 0xFE, 0x99, 0x67, 0xFD, 0x13,
    0x9F, 0x3B, 0xA6, 0x92, 0xAC, 0x3A, 0xA6, 0xB9, 0x63, 0xFD, 0xB3, 0x96, 0xF5, 0x7F, 0xE0, 0x59,
    0xFF, 0xFB, 0x9E, 0xF5, 0xBF, 0xEF, 0x59, 0xFF, 0xDB, 0x3E, 0x50, 0x31, 0x66, 0x3E, 0x5A, 0xB8,
    0x35, 0xF1, 0x9E, 0xA7, 0x44, 0x55, 0xD4, 0x7F, 0x13, 0x20, 0xED, 0x47, 0x3B, 0x87, 0xDA, 0xAA,
    0x9A, 0xE5, 0x9D, 0xB3, 0xA2, 0x5A, 0x5E, 0x36, 0x68, 0x56, 0xE1, 0x78, 0x50, 0x65, 0x64, 0x5F,
    0x92, 0xE4, 0xCC, 0xD1, 0x48, 0x85, 0x3A, 0x08, 0x53, 0x34, 0xF2, 0x45, 0xB3, 0x09, 0xCA, 0xC5,
    0x6D, 0xAF, 0xCB, 0xA6, 0xB4, 0x14, 0x0A, 0x1A, 0x39, 0x7B, 0x26, 0xD4, 0xFD, 0xA0, 0x35, 0xFB,
    0xB8, 0xD4, 0xEC, 0xDB, 0x1F, 0xA2, 0x66, 0xFF, 0xF6, 0x95, 0x6A, 0xF6, 0x7F, 0x79, 0xFA, 0x6B,
    0xE8, 0x7F, 0xF7, 0xF6, 0xA5, 0x3A, 0x99, 0xCA, 0xFF, 0x0B, 0xA5, 0x54, 0x01, 0x84, 0x1D, 0x47,
    0x18, 0xFE, 0xDE, 0xDB, 0xA6, 0x9B, 0x66, 0x25, 0x73, 0x14, 0x45, 0xDB, 0x4C, 0x71, 0xF4, 0x20,
    0x1D, 0x80, 0x60, 0x2F, 0xB3, 0x6D, 0x55, 0x10, 0x84, 0x02, 0x80, 0x02, 0x05, 0x5A, 0x80, 0x60,
    0xD3, 0x5D, 0x81, 0x43, 0xD0, 0x02, 0x00, 0x02, 0x8A, 0xA2, 0x8A, 0xD0, 0x87, 0x97, 0xDB, 0x69,
    0x0F, 0xA7, 0x29, 0xB2, 0x27, 0xB4, 0x40, 0x6D, 0x04, 0x00, 0x9D, 0xF4, 0xCD, 0xF5, 0x8D, 0xDC,
    0xEC, 0xFE, 0xFD, 0x67, 0xF7, 0x2E, 0xB9, 0x68, 0xB4, 0xB4, 0xDF, 0xFB, 0xBF, 0xB7, 0xBB, 0xB3,
    0x9F, 0x99, 0x7F, 0xFF, 0xFF, 0x9B, 0x01, 0x32, 0x30, 0x0D, 0x90, 0x8E, 0x54, 0x5D, 0x56, 0x57,
    0x96, 0xEC, 0x82, 0xF9, 0x3A, 0xDF, 0xCB, 0x0B, 0x89, 0xD9, 0xD6, 0x57, 0x8D, 0x3E, 0x22, 0x23,
    0x3B, 0xC2, 0x84, 0xF3, 0x4C, 0x11, 0x59, 0xCB, 0x36, 0x33, 0x95, 0x4D, 0xCC, 0xC0, 0xA4, 0xC8,
    0x36, 0x31, 0x5E, 0x5D, 0x33, 0xD5, 0x11, 0x15, 0xF2, 0x51, 0x0F, 0x48, 0x4C, 0x64, 0xA8, 0x4E,
    0xA0, 0xEA, 0x05, 0x16, 0x0D, 0xE1, 0xE3, 0x75, 0x5F, 0xC8, 0x8F, 0x78, 0x6E, 0xB5, 0x63, 0x34,
    0xC5, 0xB9, 0x9B, 0x02, 0x11, 0xD2, 0x5F, 0x98, 0x99, 0x6A, 0x90, 0x7B, 0x36, 0xE8, 0xD4, 0x06,
    0x27, 0x66, 0xB6, 0x74, 0x02, 0x36, 0x0F, 0xFA, 0x96, 0x5F, 0x56, 0x44, 0x14, 0xA4, 0x6D, 0xBE,
    0xB4, 0x00, 0x1C, 0x4E, 0xFE, 0xA0, 0x6F, 0x3F, 0x0C, 0xC4, 0xF0, 0x7E, 0x50, 0x6E, 0xA3, 0x94,
    0x1F, 0xFA, 0xF2, 0x4C, 0x46, 0x0B, 0x88, 0x6B, 0x16, 0x19, 0x59, 0x24, 0xBD, 0x05, 0x70, 0x87,
    0x99, 0x8D, 0x69, 0x9F, 0x7C, 0xF2, 0x98, 0xFE, 0x13, 0xAA, 0x9F, 0x3E, 0x21, 0x90, 0xCD, 0xA6,
    0xF4, 0x35, 0x8F, 0xC5, 0xCF, 0x3D, 0x18, 0xC0, 0xC8, 0x7A, 0x54, 0x54, 0xF4, 0xC2, 0xB8, 0x55,
    0x0C, 0xBE, 0xE1, 0x47, 0xD1, 0x83, 0x91, 0x52, 0xAD, 0xC9, 0xDD, 0x4B, 0x82, 0xCF, 0x96, 0xEE,
    0xCD, 0xC1, 0xDF, 0xFB, 0xAC, 0xA1, 0xA0, 0x76, 0x1C, 0x8F, 0x2B, 0x72, 0xCD, 0xFB, 0xC1, 0x27,
    0x4B, 0xF7, 0xC6, 0xE0, 0x9B, 0x71, 0x7C, 0xCF, 0x61, 0x1B, 0x1C, 0x11, 0x7A, 0xAF, 0x07, 0x11,
    0xD5, 0xFE, 0x26, 0x4F, 0x97, 0xAC, 0x4C, 0x25, 0xD6, 0xC6, 0x89, 0xCA, 0xD0, 0xCF, 0x54, 0x57,
    0xB7, 0xE2, 0xBA, 0x4D, 0x8D, 0x39, 0x75, 0x48, 0xFE, 0xB0, 0x48, 0x0E, 0x98, 0x8F, 0x2D, 0xEB,
    0x5B, 0x66, 0x71, 0xB2, 0xB0, 0xDD, 0xFD, 0x22, 0xF8, 0xBC, 0x74, 0x5B, 0xB9, 0xBF, 0x57, 0xC6,
    0x05, 0xF6, 0x2D, 0x4A, 0x70, 0x3C, 0x17, 0xCC, 0x83, 0x47, 0xE9, 0x36, 0x73, 0x1F, 0xCA, 0xE6,
    0xF7, 0xA0, 0x77, 0x2C, 0x18, 0xAF, 0x52, 0x0B, 0x45, 0x01, 0xBB, 0xC5, 0x2E, 0x3C, 0x24, 0xDC,
    0x96, 0x80, 0x6F, 0x24, 0x1A, 0x22, 0xA8, 0xBD, 0x30, 0xA5, 0xC8, 0x9C, 0xE0, 0x98, 0x4B, 0x66,
    0x09, 0xD5, 0x95, 0x68, 0x7C, 0x09, 0x7F, 0x73, 0x01, 0x27, 0x2C, 0x82, 0x68, 0x51, 0x51, 0x0B,
    0x79, 0x48, 0x00, 0x2A, 0x4C, 0xB8, 0x78, 0x6C, 0x8D, 0xAC, 0x8E, 0xF5, 0xD5, 0x75, 0x62, 0xC8,
    0x24, 0xE6, 0xF0, 0xA7, 0xC9, 0x16, 0xCD, 0x11, 0x97, 0xE6, 0xD1, 0x80, 0x09, 0x17, 0x5E, 0xD4,
    0x16, 0x93, 0xF6, 0xCF, 0xFB, 0x51, 0x7B, 0xDB, 0x34, 0x34, 0x69, 0x4F, 0x5B, 0x08, 0x78, 0xFB,
    0xF8, 0x41, 0xD4, 0xAA, 0x9B, 0xAC, 0xB7, 0x60, 0xBE, 0xDB, 0x25, 0x46, 0xBE, 0x16, 0xAD, 0x7A,
    0xDD, 0xE8, 0xD1, 0x7A, 0xC3, 0xDF, 0xAC, 0xAA, 0xBA, 0xF4, 0x45, 0xFD, 0xB9, 0xA8, 0xBF, 0x1D,
    0xED, 0x57, 0xCB, 0x53, 0xEB, 0xCC, 0xC6, 0x84, 0x52, 0x83, 0x64, 0x8C, 0x8C, 0xA0, 0xC9, 0x34,
    0xFB, 0xE6, 0xE8, 0x57, 0xB3, 0x26, 0xE3, 0x09, 0xBB, 0xB3, 0x85, 0x26, 0x97, 0x51, 0x0D, 0x46,
    0xEA, 0x21, 0x06, 0x08, 0x09, 0x11, 0x3D, 0xA5, 0x1E, 0x77, 0x95, 0x75, 0x0B, 0xBB, 0xFC, 0xB4,
    0xCB, 0x65, 0x91, 0x6F, 0x63, 0x79, 0x65, 0x1E, 0x14, 0xD9, 0x63, 0x31, 0xE6, 0x63, 0x26, 0xD3,
    0x66, 0x4B, 0x4E, 0x31, 0x63, 0xCA, 0x7A, 0x73, 0x46, 0xA8, 0x28, 0xE0, 0xF3, 0x63, 0xB5, 0x3C,
    0xE0, 0xE7, 0x15, 0x99, 0x61, 0xF5, 0x30, 0x76, 0xDF, 0x3E, 0xFD, 0xF6, 0x1B, 0x1B, 0x74, 0x62,
    0xD9, 0x9D, 0x2D, 0xBF, 0x2B, 0xC0, 0x50, 0x3F, 0x86, 0xB1, 0x73, 0x7E, 0x57, 0xC1, 0xE5, 0x62,
    0xEC, 0xE8, 0x4D, 0x5C, 0xE1, 0x3E, 0xDC, 0xC0, 0x84, 0xAF, 0x00, 0x0B, 0x2C, 0x54, 0x5B, 0x36,
    0x36, 0x7F, 0x62, 0x73, 0xEA, 0xCA, 0x61, 0x16, 0x34, 0x39, 0xC1, 0x6E, 0x7F, 0x5C, 0xCC, 0x09,
    0x13, 0x4E, 0x37, 0x63, 0x4A, 0x49, 0x50, 0x0D, 0xD1, 0x43, 0xD7, 0x12, 0xD4, 0x66, 0xE6, 0xF0,
    0x7E, 0x1A, 0x9B, 0x38, 0x35, 0xA6, 0x1B, 0x30, 0x33, 0x98, 0x77, 0xE3, 0xE4, 0x77, 0xA1, 0x3D,
    0x62, 0x12, 0x4D, 0xFD, 0xF5, 0xDA, 0xE8, 0x3D, 0xE3, 0x59, 0x29, 0x0D, 0x51, 0xA1, 0xFC, 0xB3,
    0xA9, 0xB5, 0x49, 0xC7, 0xFD, 0x75, 0xF8, 0x4B, 0xD2, 0x79, 0xB9, 0x63, 0x79, 0x1A, 0xAB, 0xBA,
    0x71, 0x63, 0x32, 0x67, 0xCC, 0xD3, 0x3D, 0x16, 0xCF, 0x2A, 0xA5, 0xD8, 0x13, 0x8D, 0x65, 0x4F,
    0x2C, 0x13, 0xE3, 0x94, 0x30, 0x9E, 0xD3, 0xBA, 0x3C, 0x9F, 0xFA, 0xAB, 0xF6, 0xFC, 0xF3, 0xAF,
    0xDF, 0x16, 0xE3, 0xB5, 0xA1, 0x61, 0x1C, 0x8F, 0x90, 0x2D, 0x15, 0x5C, 0xC1, 0x76, 0x58, 0xF1,
    0xFE, 0x59, 0x91, 0xA5, 0x03, 0xB2, 0x5E, 0x7F, 0x10, 0x2B, 0xD8, 0x3D, 0xAB, 0x60, 0x27, 0x51,
    0xF5, 0x6A, 0x3C, 0x96, 0x36, 0xF8, 0x58, 0xCA, 0x4C, 0x66, 0xDE, 0x13, 0xD1, 0x1B, 0x27, 0x47,
    0x13, 0x61, 0x84, 0xB5, 0x91, 0xFF, 0xE8, 0xDD, 0xA7, 0xA7, 0xBD, 0xDB, 0x3D, 0xF7, 0x54, 0xF2,
    0x20, 0x47, 0x62, 0x72, 0xB8, 0x08, 0x00, 0x44, 0x81, 0x23, 0x7F, 0x19, 0x90, 0x8B, 0xFF, 0x15,
    0x88, 0xF9, 0x08, 0x7B, 0x69, 0x91, 0xE7, 0x4E, 0x6C, 0x00, 0x20, 0xC6, 0xBA, 0x3D, 0xF9, 0x6D,
    0x71, 0xE6, 0x39, 0x24, 0x34, 0x7B, 0x44, 0x1C, 0x04, 0xA4, 0xE4, 0x30, 0x9B, 0xFC, 0xC6, 0xD7,
    0x68, 0x77, 0x07, 0xF1, 0x43, 0x88, 0xEF, 0x47, 0xDD, 0x16, 0xCE, 0xE3, 0xCE, 0x39, 0x38, 0x11,
    0x23, 0x68, 0xAE, 0x14, 0xA4, 0x43, 0xC4, 0x6A, 0x7F, 0xDF, 0xAC, 0x99, 0xBD, 0xDC, 0x37, 0x15,
    0x5D, 0x35, 0x32, 0x44, 0xDB, 0x80, 0x2D, 0xC6, 0xA1, 0x53, 0xAB, 0xA8, 0x4D, 0x09, 0xFF, 0x01,
    0x53, 0x71, 0xA6, 0x25, 0x1E, 0x2C, 0xD7, 0xCC, 0x5E, 0x3E, 0x58, 0x56, 0x74, 0x7D, 0x29, 0x83,
    0x58, 0xDE, 0xB1, 0x2F, 0x07, 0xDE, 0x39, 0x7B, 0xE3, 0xD2, 0xC5, 0xBB, 0x69, 0x9B, 0x75, 0xCA,
    0x7F, 0xFF, 0x5B, 0x62, 0xFE, 0xED, 0x07, 0xE0, 0x32, 0xCE, 0x6E, 0x6E, 0xBE, 0xC5, 0x97, 0x11,
    0xDF, 0x21, 0xFB, 0x04, 0x67, 0x00, 0xBC, 0x82, 0x0D, 0x1E, 0x8C, 0xC3, 0x9B, 0xF8, 0x0B,
};

static const EpdGlyph kannada_12_regularGlyphs[] = {
    { 3, 22, 152, 4, 18, 17, 0 }, // U+0964
    { 9, 22, 240, 4, 18, 50, 17 }, // U+0965
    { 13, 8, 222, 1, 9, 26, 67 }, // U+0C80
    { 9, 6, 0, -11, 21, 14, 93 }, // U+0C81
    { 12, 13, 220, 1, 13, 39, 107 }, // U+0C82
    { 7, 14, 122, 1, 14, 25, 146 }, // U+0C83
    { 24, 23, 418, 1, 19, 138, 171 }, // U+0C84
    { 20, 14, 345, 1, 14, 70, 309 }, // U+0C85
    { 20, 14, 336, 1, 14, 70, 379 }, // U+0C86
    { 17, 16, 284, 1, 14, 68, 449 }, // U+0C87
    { 26, 20, 404, 0, 20, 130, 517 }, // U+0C88
    { 29, 15, 489, 1, 15, 109, 647 }, // U+0C89
    { 39, 14, 639, 1, 14, 137, 756 }, // U+0C8A
    { 29, 20, 476, 1, 20, 145, 893 }, // U+0C8B
    { 18, 14, 282, 1, 14, 63, 1038 }, // U+0C8C
    { 19, 14, 315, 1, 14, 67, 1101 }, // U+0C8E
    { 19, 16, 315, 1, 16, 76, 1168 }, // U+0C8F
    { 19, 14, 323, 1, 14, 67, 1244 }, // U+0C90
    { 18, 14, 310, 1, 14, 63, 1311 }, // U+0C92
    { 18, 20, 310, 1, 20, 90, 1374 }, // U+0C93
    { 18, 20, 311, 1, 20, 90, 1464 }, // U+0C94
    { 13, 20, 230, 1, 20, 65, 1554 }, // U+0C95
    { 20, 16, 340, 1, 16, 80, 1619 }, // U+0C96
    { 14, 20, 259, 1, 20, 70, 1699 }, // U+0C97
    { 24, 23, 398, 1, 20, 138, 1769 }, // U+0C98
    { 17, 14, 310, 1, 14, 60, 1907 }, // U+0C99
    { 18, 20, 319, 1, 20, 90, 1967 }, // U+0C9A
    { 19, 23, 337, 1, 20, 110, 2057 }, // U+0C9B
    { 18, 14, 310, 1, 14, 63, 2167 }, // U+0C9C
    { 33, 23, 552, 1, 20, 190, 2230 }, // U+0C9D
    { 23, 16, 386, 1, 14, 92, 2420 }, // U+0C9E
    { 19, 17, 326, 1, 17, 81, 2512 }, // U+0C9F
    { 15, 20, 260, 1, 20, 75, 2593 }, // U+0CA0
    { 18, 20, 307, 1, 20, 90, 2668 }, // U+0CA1
    { 18, 23, 307, 1, 20, 104, 2758 }, // U+0CA2
    { 20, 14, 346, 1, 14, 70, 2862 }, // U+0CA3
    { 14, 20, 249, 1, 20, 70, 2932 }, // U+0CA4
    { 18, 23, 306, 1, 20, 104, 3002 }, // U+0CA5
    { 18, 20, 306, 1, 20, 90, 3106 }, // U+0CA6
    { 18, 23, 306, 1, 20, 104, 3196 }, // U+0CA7
    { 16, 21, 284, 1, 20, 84, 3300 }, // U+0CA8
    { 19, 20, 317, 1, 20, 95, 3384 }, // U+0CAA
    { 19, 23, 317, 1, 20, 110, 3479 }, // U+0CAB
    { 19, 15, 320, 1, 15, 72, 3589 }, // U+0CAC
    { 19, 23, 322, 1, 20, 110, 3661 }, // U+0CAD
    { 28, 20, 462, 1, 20, 140, 3771 }, // U+0CAE
    { 32, 20, 534, 1, 20, 160, 3911 }, // U+0CAF
    { 15, 20, 260, 1, 20, 75, 4071 }, // U+0CB0
    { 21, 14, 357, 1, 14, 74, 4146 }, // U+0CB1
    { 18, 15, 304, 1, 15, 68, 4220 }, // U+0CB2
    { 17, 20, 284, 1, 20, 85, 4288 }, // U+0CB3
    { 18, 20, 318, 1, 20, 90, 4373 }, // U+0CB5
    { 14, 20, 252, 1, 20, 70, 4463 }, // U+0CB6
    { 19, 22, 320, 1, 20, 105, 4533 }, // U+0CB7
    { 16, 21, 284, 1, 20, 84, 4638 }, // U+0CB8
    { 19, 20, 320, 1, 20, 95, 4722 }, // U+0CB9
    { 8, 3, 0, -11, -2, 6, 4817 }, // U+0CBC
    { 11, 14, 178, 0, 14, 39, 4823 }, // U+0CBD
    { 17, 14, 180, -6, 14, 60, 4862 }, // U+0CBE
    { 11, 11, 131, -3, 19, 31, 4922 }, // U+0CBF
    { 21, 19, 291, -3, 18, 100, 4953 }, // U+0CC0
    { 13, 15, 146, -4, 15, 49, 5053 }, // U+0CC1
    { 22, 14, 298, -4, 14, 77, 5102 }, // U+0CC2
    { 12, 13, 49, -8, 3, 39, 5179 }, // U+0CC3
    { 22, 14, 198, -8, 3, 77, 5218 }, // U+0CC4
    { 13, 10, 0, -13, 22, 33, 5295 }, // U+0CC6
    { 23, 21, 163, -13, 20, 121, 5328 }, // U+0CC7
    { 18, 30, 0, -13, 20, 135, 5449 }, // U+0CC8
    { 31, 21, 0, -13, 21, 163, 5584 }, // U+0CCA
    { 42, 21, 0, -13, 21, 221, 5747 }, // U+0CCB
    { 18, 15, 172, -7, 20, 68, 5968 }, // U+0CCC
    { 13, 11, 125, -4, 18, 36, 6036 }, // U+0CCD
    { 10, 16, 163, 0, 14, 40, 6072 }, // U+0CD5
    { 12, 16, 73, -7, 6, 48, 6112 }, // U+0CD6
    { 14, 14, 240, 1, 14, 49, 6160 }, // U+0CDD
    { 20, 14, 348, 1, 14, 70, 6209 }, // U+0CDE
    { 38, 20, 628, 1, 20, 190, 6279 }, // U+0CE0
    { 18, 19, 282, 1, 14, 86, 6469 }, // U+0CE1
    { 13, 11, 29, -9, 0, 36, 6555 }, // U+0CE2
    { 14, 12, 29, -9, -1, 42, 6591 }, // U+0CE3
    { 15, 18, 275, 1, 18, 68, 6633 }, // U+0CE6
    { 15, 19, 275, 1, 19, 72, 6701 }, // U+0CE7
    { 16, 18, 275, 1, 18, 72, 6773 }, // U+0CE8
    { 16, 18, 275, 2, 18, 72, 6845 }, // U+0CE9
    { 16, 18, 275, 1, 18, 72, 6917 }, // U+0CEA
    { 16, 18, 275, 1, 18, 72, 6989 }, // U+0CEB
    { 15, 18, 275, 2, 18, 68, 7061 }, // U+0CEC
    { 15, 18, 275, 2, 18, 68, 7129 }, // U+0CED
    { 16, 18, 275, 1, 18, 72, 7197 }, // U+0CEE
    { 15, 18, 275, 2, 18, 68, 7269 }, // U+0CEF
    { 13, 14, 212, 0, 14, 46, 7337 }, // U+0CF1
    { 18, 11, 301, 1, 12, 50, 7383 }, // U+0CF2
    { 7, 6, 125, 1, 18, 11, 7433 }, // U+0CF3
    { 0, 0, 0, 0, 0, 0, 0 }, // U+200C
    { 0, 0, 0, 0, 0, 0, 0 }, // U+200D
    { 12, 12, 224, 1, 12, 36, 0 }, // U+25CC
    { 11, 18, 240, 2, 18, 50, 36 }, // U+F0000
    { 0, 0, 115, 0, 0, 0, 86 }, // U+F0001
    { 13, 8, 222, 1, 9, 26, 86 }, // U+F0002
    { 9, 6, 0, -11, 21, 14, 112 }, // U+F0003
    { 12, 13, 220, 1, 13, 39, 126 }, // U+F0004
    { 7, 14, 122, 1, 14, 25, 165 }, // U+F0005
    { 24, 23, 418, 1, 19, 138, 190 }, // U+F0006
    { 20, 14, 345, 1, 14, 70, 328 }, // U+F0007
    { 20, 14, 336, 1, 14, 70, 398 }, // U+F0008
    { 17, 16, 284, 1, 14, 68, 468 }, // U+F0009
    { 26, 20, 404, 0, 20, 130, 536 }, // U+F000A
    { 29, 15, 489, 1, 15, 109, 666 }, // U+F000B
    { 39, 14, 639, 1, 14, 137, 775 }, // U+F000C
    { 29, 20, 476, 1, 20, 145, 912 }, // U+F000D
    { 18, 14, 282, 1, 14, 63, 1057 }, // U+F000E
    { 19, 14, 315, 1, 14, 67, 1120 }, // U+F000F
    { 19, 16, 315, 1, 16, 76, 1187 }, // U+F0010
    { 19, 14, 323, 1, 14, 67, 1263 }, // U+F0011
    { 18, 14, 310, 1, 14, 63, 1330 }, // U+F0012
    { 18, 20, 310, 1, 20, 90, 1393 }, // U+F0013
    { 18, 20, 311, 1, 20, 90, 1483 }, // U+F0014
    { 13, 20, 230, 1, 20, 65, 1573 }, // U+F0015
    { 20, 16, 340, 1, 16, 80, 1638 }, // U+F0016
    { 14, 20, 259, 1, 20, 70, 1718 }, // U+F0017
    { 24, 23, 398, 1, 20, 138, 1788 }, // U+F0018
    { 17, 14, 310, 1, 14, 60, 1926 }, // U+F0019
    { 18, 20, 319, 1, 20, 90, 1986 }, // U+F001A
    { 19, 23, 337, 1, 20, 110, 2076 }, // U+F001B
    { 18, 14, 310, 1, 14, 63, 2186 }, // U+F001C
    { 33, 23, 552, 1, 20, 190, 2249 }, // U+F001D
    { 23, 16, 386, 1, 14, 92, 2439 }, // U+F001E
    { 19, 17, 326, 1, 17, 81, 2531 }, // U+F001F
    { 15, 20, 260, 1, 20, 75, 2612 }, // U+F0020
    { 18, 20, 307, 1, 20, 90, 2687 }, // U+F0021
    { 18, 23, 307, 1, 20, 104, 2777 }, // U+F0022
    { 20, 14, 346, 1, 14, 70, 2881 }, // U+F0023
    { 14, 20, 249, 1, 20, 70, 2951 }, // U+F0024
    { 18, 23, 306, 1, 20, 104, 3021 }, // U+F0025
    { 18, 20, 306, 1, 20, 90, 3125 }, // U+F0026
    { 18, 23, 306, 1, 20, 104, 3215 }, // U+F0027
    { 16, 21, 284, 1, 20, 84, 3319 }, // U+F0028
    { 19, 20, 317, 1, 20, 95, 3403 }, // U+F0029
    { 19, 23, 317, 1, 20, 110, 3498 }, // U+F002A
    { 19, 15, 320, 1, 15, 72, 3608 }, // U+F002B
    { 19, 23, 322, 1, 20, 110, 3680 }, // U+F002C
    { 28, 20, 462, 1, 20, 140, 3790 }, // U+F002D
    { 32, 20, 534, 1, 20, 160, 3930 }, // U+F002E
    { 15, 20, 260, 1, 20, 75, 4090 }, // U+F002F
    { 21, 14, 357, 1, 14, 74, 4165 }, // U+F0030
    { 18, 15, 304, 1, 15, 68, 4239 }, // U+F0031
    { 17, 20, 284, 1, 20, 85, 4307 }, // U+F0032
    { 18, 20, 318, 1, 20, 90, 4392 }, // U+F0033
    { 14, 20, 252, 1, 20, 70, 4482 }, // U+F0034
    { 19, 22, 320, 1, 20, 105, 4552 }, // U+F0035
    { 16, 21, 284, 1, 20, 84, 4657 }, // U+F0036
    { 19, 20, 320, 1, 20, 95, 4741 }, // U+F0037
    { 8, 3, 0, -11, -2, 6, 4836 }, // U+F0038
    { 11, 14, 178, 0, 14, 39, 4842 }, // U+F0039
    { 17, 14, 180, -6, 14, 60, 4881 }, // U+F003A
    { 11, 11, 131, -3, 19, 31, 4941 }, // U+F003B
    { 21, 19, 291, -3, 18, 100, 4972 }, // U+F003C
    { 13, 15, 146, -4, 15, 49, 5072 }, // U+F003D
    { 22, 14, 298, -4, 14, 77, 5121 }, // U+F003E
    { 12, 13, 49, -8, 3, 39, 5198 }, // U+F003F
    { 22, 14, 198, -8, 3, 77, 5237 }, // U+F0040
    { 13, 10, 0, -13, 22, 33, 5314 }, // U+F0041
    { 23, 21, 163, -13, 20, 121, 5347 }, // U+F0042
    { 18, 30, 0, -13, 20, 135, 5468 }, // U+F0043
    { 31, 21, 0, -13, 21, 163, 5603 }, // U+F0044
    { 42, 21, 0, -13, 21, 221, 5766 }, // U+F0045
    { 18, 15, 172, -7, 20, 68, 5987 }, // U+F0046
    { 13, 11, 125, -4, 18, 36, 6055 }, // U+F0047
    { 10, 16, 163, 0, 14, 40, 6091 }, // U+F0048
    { 12, 16, 73, -7, 6, 48, 6131 }, // U+F0049
    { 20, 14, 348, 1, 14, 70, 6179 }, // U+F004A
    { 38, 20, 628, 1, 20, 190, 6249 }, // U+F004B
    { 18, 19, 282, 1, 14, 86, 6439 }, // U+F004C
    { 13, 11, 29, -9, 0, 36, 6525 }, // U+F004D
    { 14, 12, 29, -9, -1, 42, 6561 }, // U+F004E
    { 15, 18, 275, 1, 18, 68, 6603 }, // U+F004F
    { 15, 19, 275, 1, 19, 72, 6671 }, // U+F0050
    { 16, 18, 275, 1, 18, 72, 6743 }, // U+F0051
    { 16, 18, 275, 2, 18, 72, 6815 }, // U+F0052
    { 16, 18, 275, 1, 18, 72, 6887 }, // U+F0053
    { 16, 18, 275, 1, 18, 72, 6959 }, // U+F0054
    { 15, 18, 275, 2, 18, 68, 7031 }, // U+F0055
    { 15, 18, 275, 2, 18, 68, 7099 }, // U+F0056
    { 16, 18, 275, 1, 18, 72, 7167 }, // U+F0057
    { 15, 18, 275, 2, 18, 68, 7239 }, // U+F0058
    { 13, 14, 212, 0, 14, 46, 7307 }, // U+F0059
    { 18, 11, 301, 1, 12, 50, 7353 }, // U+F005A
    { 13, 14, 227, 1, 14, 46, 7403 }, // U+F005B
    { 14, 14, 240, 1, 14, 49, 7449 }, // U+F005C
    { 7, 6, 125, 1, 18, 11, 7498 }, // U+F005D
    { 18, 18, 310, 1, 14, 81, 7509 }, // U+F005E
    { 19, 24, 317, 1, 20, 114, 7590 }, // U+F005F
    { 9, 13, 70, -3, 4, 30, 7704 }, // U+F0060
    { 14, 12, 48, -9, 3, 42, 7734 }, // U+F0061
    { 10, 9, 8, -7, 0, 23, 7776 }, // U+F0062
    { 17, 14, 99, -10, 4, 60, 7799 }, // U+F0063
    { 14, 9, 32, -9, 0, 32, 7859 }, // U+F0064
    { 14, 12, 54, -10, 3, 42, 7891 }, // U+F0065
    { 14, 14, 48, -9, 3, 49, 7933 }, // U+F0066
    { 14, 9, 32, -9, 0, 32, 7982 }, // U+F0067
    { 20, 11, 71, -11, 0, 55, 8014 }, // U+F0068
    { 16, 11, 60, -11, 0, 44, 8069 }, // U+F0069
    { 14, 12, 54, -9, 3, 42, 8113 }, // U+F006A
    { 10, 9, 9, -7, 0, 23, 8155 }, // U+F006B
    { 12, 9, 28, -8, 0, 27, 8178 }, // U+F006C
    { 12, 10, 28, -8, -1, 30, 8205 }, // U+F006D
    { 14, 9, 45, -9, 0, 32, 8235 }, // U+F006E
    { 14, 7, 26, -11, -1, 25, 8267 }, // U+F006F
    { 12, 11, 25, -8, 0, 33, 8292 }, // U+F0070
    { 12, 9, 25, -8, 0, 27, 8325 }, // U+F0071
    { 13, 11, 25, -8, 0, 36, 8352 }, // U+F0072
    { 13, 12, 42, -8, 3, 39, 8388 }, // U+F0073
    { 14, 11, 48, -9, 3, 39, 8427 }, // U+F0074
    { 14, 13, 48, -9, 3, 46, 8466 }, // U+F0075
    { 14, 12, 48, -9, 3, 42, 8512 }, // U+F0076
    { 14, 14, 48, -9, 3, 49, 8554 }, // U+F0077
    { 11, 14, 100, -2, 4, 39, 8603 }, // U+F0078
    { 12, 14, 104, -5, 4, 42, 8642 }, // U+F0079
    { 14, 11, 54, -10, 4, 39, 8684 }, // U+F007A
    { 14, 9, 49, -9, 0, 32, 8723 }, // U+F007B
    { 13, 9, 25, -9, 0, 30, 8755 }, // U+F007C
    { 12, 13, 50, -7, 2, 39, 8785 }, // U+F007D
    { 13, 13, 51, -10, 4, 43, 8824 }, // U+F007E
    { 10, 13, 81, -3, 3, 33, 8867 }, // U+F007F
    { 14, 11, 40, -9, 0, 39, 8900 }, // U+F0080
    { 14, 12, 48, -9, 3, 42, 8939 }, // U+F0081
    { 13, 7, 36, -9, -1, 23, 8981 }, // U+F0082
    { 15, 9, 49, -9, 0, 34, 9004 }, // U+F0083
    { 14, 13, 32, -9, 0, 46, 9038 }, // U+F0084
    { 14, 15, 48, -9, 3, 53, 9084 }, // U+F0085
    { 13, 14, 230, 1, 14, 46, 9137 }, // U+F0086
    { 20, 14, 344, 1, 14, 70, 9183 }, // U+F0087
    { 14, 14, 259, 1, 14, 49, 9253 }, // U+F0088
    { 24, 18, 398, 1, 15, 108, 9302 }, // U+F0089
    { 18, 14, 318, 1, 14, 63, 9410 }, // U+F008A
    { 19, 17, 337, 1, 14, 81, 9473 }, // U+F008B
    { 18, 14, 310, 1, 14, 63, 9554 }, // U+F008C
    { 33, 23, 552, 1, 20, 190, 9617 }, // U+F008D
    { 19, 17, 326, 1, 17, 81, 9807 }, // U+F008E
    { 15, 14, 260, 1, 14, 53, 9888 }, // U+F008F
    { 18, 14, 307, 1, 14, 63, 9941 }, // U+F0090
    { 18, 17, 307, 1, 14, 77, 10004 }, // U+F0091
    { 20, 14, 348, 1, 14, 70, 10081 }, // U+F0092
    { 14, 14, 249, 1, 14, 49, 10151 }, // U+F0093
    { 18, 17, 306, 1, 14, 77, 10200 }, // U+F0094
    { 18, 14, 306, 1, 14, 63, 10277 }, // U+F0095
    { 18, 17, 306, 1, 14, 77, 10340 }, // U+F0096
    { 16, 15, 284, 1, 14, 60, 10417 }, // U+F0097
    { 18, 14, 317, 1, 14, 63, 10477 }, // U+F0098
    { 18, 17, 317, 1, 14, 77, 10540 }, // U+F0099
    { 19, 14, 322, 1, 14, 67, 10617 }, // U+F009A
    { 18, 17, 322, 1, 14, 77, 10684 }, // U+F009B
    { 28, 20, 462, 1, 20, 140, 10761 }, // U+F009C
    { 32, 20, 534, 1, 20, 160, 10901 }, // U+F009D
    { 15, 14, 260, 1, 14, 53, 11061 }, // U+F009E
    { 18, 14, 308, 1, 14, 63, 11114 }, // U+F009F
    { 17, 14, 284, 1, 14, 60, 11177 }, // U+F00A0
    { 18, 14, 318, 1, 14, 63, 11237 }, // U+F00A1
    { 14, 14, 252, 1, 14, 49, 11300 }, // U+F00A2
    { 19, 16, 320, 1, 14, 76, 11349 }, // U+F00A3
    { 16, 15, 284, 1, 14, 60, 11425 }, // U+F00A4
    { 19, 14, 320, 1, 14, 67, 11485 }, // U+F00A5
    { 18, 18, 310, 1, 14, 81, 11552 }, // U+F00A6
    { 18, 18, 317, 1, 14, 81, 11633 }, // U+F00A7
    { 22, 18, 355, 1, 18, 99, 11714 }, // U+F00A8
    { 30, 18, 468, 1, 18, 135, 11813 }, // U+F00A9
    { 24, 19, 384, 1, 19, 114, 11948 }, // U+F00AA
    { 33, 21, 541, 1, 18, 174, 12062 }, // U+F00AB
    { 36, 18, 574, 1, 18, 162, 12236 }, // U+F00AC
    { 28, 18, 445, 1, 18, 126, 12398 }, // U+F00AD
    { 29, 21, 462, 1, 18, 153, 12524 }, // U+F00AE
    { 27, 18, 435, 1, 18, 122, 12677 }, // U+F00AF
    { 42, 24, 676, 1, 21, 252, 12799 }, // U+F00B0
    { 42, 20, 668, 1, 18, 210, 13051 }, // U+F00B1
    { 28, 18, 451, 1, 18, 126, 13261 }, // U+F00B2
    { 25, 18, 386, 1, 18, 113, 13387 }, // U+F00B3
    { 27, 18, 426, 1, 18, 122, 13500 }, // U+F00B4
    { 27, 21, 426, 1, 18, 142, 13622 }, // U+F00B5
    { 29, 18, 473, 1, 18, 131, 13764 }, // U+F00B6
    { 23, 18, 374, 1, 18, 104, 13895 }, // U+F00B7
    { 27, 21, 431, 1, 18, 142, 13999 }, // U+F00B8
    { 27, 18, 431, 1, 18, 122, 14141 }, // U+F00B9
    { 27, 21, 431, 1, 18, 142, 14263 }, // U+F00BA
    { 26, 19, 409, 1, 18, 124, 14405 }, // U+F00BB
    { 28, 18, 442, 1, 18, 126, 14529 }, // U+F00BC
    { 28, 21, 442, 1, 18, 147, 14655 }, // U+F00BD
    { 28, 18, 447, 1, 18, 126, 14802 }, // U+F00BE
    { 28, 21, 447, 1, 18, 147, 14928 }, // U+F00BF
    { 37, 21, 588, 1, 21, 195, 15075 }, // U+F00C0
    { 41, 21, 660, 1, 21, 216, 0 }, // U+F00C1
    { 25, 18, 386, 1, 18, 113, 216 }, // U+F00C2
    { 38, 18, 615, 1, 18, 171, 329 }, // U+F00C3
    { 27, 18, 436, 1, 18, 122, 500 }, // U+F00C4
    { 26, 18, 418, 1, 18, 117, 622 }, // U+F00C5
    { 28, 18, 442, 1, 18, 126, 739 }, // U+F00C6
    { 24, 18, 378, 1, 18, 108, 865 }, // U+F00C7
    { 29, 20, 446, 1, 18, 145, 973 }, // U+F00C8
    { 26, 19, 408, 1, 18, 124, 1118 }, // U+F00C9
    { 27, 18, 431, 1, 18, 122, 1242 }, // U+F00CA
    { 38, 18, 606, 1, 18, 171, 1364 }, // U+F00CB
    { 27, 22, 435, 1, 18, 149, 1535 }, // U+F00CC
    { 28, 22, 442, 1, 18, 154, 1684 }, // U+F00CD
    { 13, 19, 230, 1, 19, 62, 1838 }, // U+F00CE
    { 21, 19, 360, 1, 19, 100, 1900 }, // U+F00CF
    { 14, 19, 259, 1, 19, 67, 2000 }, // U+F00D0
    { 24, 22, 398, 1, 19, 132, 2067 }, // U+F00D1
    { 18, 19, 319, 1, 19, 86, 2199 }, // U+F00D2
    { 20, 22, 344, 1, 19, 110, 2285 }, // U+F00D3
    { 17, 19, 310, 1, 19, 81, 2395 }, // U+F00D4
    { 33, 22, 552, 1, 19, 182, 2476 }, // U+F00D5
    { 19, 19, 326, 1, 19, 91, 2658 }, // U+F00D6
    { 15, 19, 260, 1, 19, 72, 2749 }, // U+F00D7
    { 18, 19, 307, 1, 19, 86, 2821 }, // U+F00D8
    { 18, 22, 307, 1, 19, 99, 2907 }, // U+F00D9
    { 21, 21, 346, 1, 21, 111, 3006 }, // U+F00DA
    { 14, 18, 246, 1, 18, 63, 3117 }, // U+F00DB
    { 18, 22, 306, 1, 19, 99, 3180 }, // U+F00DC
    { 18, 19, 306, 1, 19, 86, 3279 }, // U+F00DD
    { 18, 22, 306, 1, 19, 99, 3365 }, // U+F00DE
    { 17, 20, 297, 1, 19, 85, 3464 }, // U+F00DF
    { 19, 19, 315, 1, 19, 91, 3549 }, // U+F00E0
    { 19, 22, 315, 1, 19, 105, 3640 }, // U+F00E1
    { 19, 19, 329, 1, 19, 91, 3745 }, // U+F00E2
    { 19, 22, 329, 1, 19, 105, 3836 }, // U+F00E3
    { 28, 19, 472, 1, 19, 133, 3941 }, // U+F00E4
    { 32, 19, 534, 1, 19, 152, 4074 }, // U+F00E5
    { 15, 19, 260, 1, 19, 72, 4226 }, // U+F00E6
    { 18, 19, 318, 1, 19, 86, 4298 }, // U+F00E7
    { 17, 19, 288, 1, 19, 81, 4384 }, // U+F00E8
    { 19, 19, 327, 1, 19, 91, 4465 }, // U+F00E9
    { 15, 20, 252, 1, 20, 75, 4556 }, // U+F00EA
    { 19, 21, 319, 1, 19, 100, 4631 }, // U+F00EB
    { 16, 20, 282, 1, 19, 80, 4731 }, // U+F00EC
    { 19, 19, 318, 1, 19, 91, 4811 }, // U+F00ED
    { 18, 23, 310, 1, 19, 104, 4902 }, // U+F00EE
    { 19, 23, 315, 1, 19, 110, 5006 }, // U+F00EF
    { 13, 21, 230, 1, 21, 69, 5116 }, // U+F00F0
    { 20, 21, 345, 1, 21, 105, 5185 }, // U+F00F1
    { 14, 20, 259, 1, 20, 70, 5290 }, // U+F00F2
    { 24, 24, 398, 1, 21, 144, 5360 }, // U+F00F3
    { 19, 21, 319, 1, 21, 100, 5504 }, // U+F00F4
    { 19, 24, 337, 1, 21, 114, 5604 }, // U+F00F5
    { 17, 21, 310, 1, 21, 90, 5718 }, // U+F00F6
    { 33, 24, 552, 1, 21, 198, 5808 }, // U+F00F7
    { 19, 21, 326, 1, 21, 100, 6006 }, // U+F00F8
    { 15, 21, 260, 1, 21, 79, 6106 }, // U+F00F9
    { 18, 21, 307, 1, 21, 95, 6185 }, // U+F00FA
    { 18, 24, 307, 1, 21, 108, 6280 }, // U+F00FB
    { 20, 21, 348, 1, 21, 105, 6388 }, // U+F00FC
    { 14, 21, 249, 1, 21, 74, 6493 }, // U+F00FD
    { 18, 24, 306, 1, 21, 108, 6567 }, // U+F00FE
    { 18, 21, 306, 1, 21, 95, 6675 }, // U+F00FF
    { 18, 24, 306, 1, 21, 108, 6770 }, // U+F0100
    { 16, 22, 284, 1, 21, 88, 6878 }, // U+F0101
    { 19, 21, 317, 1, 21, 100, 6966 }, // U+F0102
    { 19, 24, 317, 1, 21, 114, 7066 }, // U+F0103
    { 19, 21, 322, 1, 21, 100, 7180 }, // U+F0104
    { 19, 24, 322, 1, 21, 114, 7280 }, // U+F0105
    { 28, 21, 462, 1, 21, 147, 7394 }, // U+F0106
    { 32, 21, 534, 1, 21, 168, 7541 }, // U+F0107
    { 15, 21, 260, 1, 21, 79, 7709 }, // U+F0108
    { 18, 21, 308, 1, 21, 95, 7788 }, // U+F0109
    { 17, 21, 284, 1, 21, 90, 7883 }, // U+F010A
    { 18, 21, 318, 1, 21, 95, 7973 }, // U+F010B
    { 14, 21, 252, 1, 21, 74, 8068 }, // U+F010C
    { 19, 23, 320, 1, 21, 110, 8142 }, // U+F010D
    { 16, 22, 284, 1, 21, 88, 8252 }, // U+F010E
    { 19, 21, 320, 1, 21, 100, 8340 }, // U+F010F
    { 18, 25, 310, 1, 21, 113, 8440 }, // U+F0110
    { 19, 25, 317, 1, 21, 119, 8553 }, // U+F0111
    { 21, 14, 285, -3, 14, 74, 8672 }, // U+F0112
    { 13, 14, 139, -3, 20, 46, 8746 }, // U+F0113
    { 17, 18, 101, -11, 14, 77, 8792 }, // U+F0114
    { 26, 18, 258, -11, 14, 117, 8869 }, // U+F0115
    { 15, 18, 101, -9, 14, 68, 8986 }, // U+F0116
    { 24, 18, 258, -9, 14, 108, 9054 }, // U+F0117
    { 14, 15, 150, -5, 15, 53, 9162 }, // U+F0118
    { 23, 14, 298, -5, 14, 81, 9215 }, // U+F0119
    { 43, 24, 704, 1, 21, 258, 9296 }, // U+F011A
    { 37, 21, 616, 1, 21, 195, 9554 }, // U+F011B
    { 41, 21, 686, 1, 21, 216, 9749 }, // U+F011C
    { 14, 30, 230, 1, 20, 105, 9965 }, // U+F011D
    { 14, 24, 230, 1, 14, 84, 10070 }, // U+F011E
    { 22, 28, 355, 1, 18, 154, 10154 }, // U+F011F
    { 14, 29, 230, 1, 19, 102, 10308 }, // U+F0120
    { 14, 31, 230, 1, 21, 109, 10410 }, // U+F0121
    { 18, 25, 310, 1, 14, 113, 10519 }, // U+F0122
    { 18, 25, 310, 1, 14, 113, 10632 }, // U+F0123
    { 27, 29, 435, 1, 18, 196, 10745 }, // U+F0124
    { 18, 30, 310, 1, 19, 135, 10941 }, // U+F0125
    { 18, 32, 310, 1, 21, 144, 11076 }, // U+F0126
    { 13, 16, 126, -3, 3, 52, 11220 }, // U+F0127
    { 14, 12, 74, -7, -1, 42, 11272 }, // U+F0128
    { 17, 16, 100, -9, 3, 68, 11314 }, // U+F0129
    { 16, 12, 90, -8, -1, 48, 11382 }, // U+F012A
    { 18, 10, 83, -11, -1, 45, 11430 }, // U+F012B
    { 15, 12, 87, -8, -1, 45, 11475 }, // U+F012C
    { 18, 14, 107, -9, 3, 63, 11520 }, // U+F012D
    { 18, 16, 112, -9, 3, 72, 11583 }, // U+F012E
    { 20, 16, 135, -11, 3, 80, 11655 }, // U+F012F
    { 22, 17, 302, -2, 4, 94, 11735 }, // U+F0130
    { 19, 13, 109, -11, 3, 62, 11829 }, // U+F0131
    { 21, 17, 274, -2, 4, 90, 11891 }, // U+F0132
    { 19, 16, 127, -11, 6, 76, 11981 }, // U+F0133
    { 21, 17, 293, -2, 4, 90, 12057 }, // U+F0134
    { 22, 16, 191, -10, 3, 88, 12147 }, // U+F0135
    { 9, 13, 109, 1, 0, 30, 12235 }, // U+F0136
    { 14, 12, 161, -1, -1, 42, 12265 }, // U+F0137
    { 10, 9, 109, 0, -4, 23, 12307 }, // U+F0138
    { 17, 14, 255, 1, 1, 60, 12330 }, // U+F0139
    { 14, 9, 166, 0, -4, 32, 12390 }, // U+F013A
    { 14, 12, 187, 0, -1, 42, 12422 }, // U+F013B
    { 14, 14, 200, 1, 1, 49, 12464 }, // U+F013C
    { 14, 9, 166, 0, -4, 32, 12513 }, // U+F013D
    { 20, 11, 274, 1, -2, 55, 12545 }, // U+F013E
    { 16, 11, 222, 1, -3, 44, 12600 }, // U+F013F
    { 14, 12, 190, 0, -1, 42, 12644 }, // U+F0140
    { 10, 9, 116, 1, -4, 23, 12686 }, // U+F0141
    { 12, 9, 151, 0, -4, 27, 12709 }, // U+F0142
    { 12, 10, 159, 1, -3, 30, 12736 }, // U+F0143
    { 14, 9, 183, 1, -4, 32, 12766 }, // U+F0144
    { 14, 7, 79, -7, -6, 25, 12798 }, // U+F0145
    { 12, 11, 154, 1, -2, 33, 12823 }, // U+F0146
    { 12, 9, 146, 0, -4, 27, 12856 }, // U+F0147
    { 13, 11, 154, 1, -2, 36, 12883 }, // U+F0148
    { 13, 12, 160, 1, -1, 39, 12919 }, // U+F0149
    { 14, 11, 172, 0, -2, 39, 12958 }, // U+F014A
    { 14, 13, 196, 1, 0, 46, 12997 }, // U+F014B
    { 14, 12, 184, 0, -1, 42, 13043 }, // U+F014C
    { 14, 14, 198, 0, 1, 49, 13085 }, // U+F014D
    { 11, 14, 109, 1, 1, 39, 13134 }, // U+F014E
    { 12, 14, 177, 0, 1, 42, 13173 }, // U+F014F
    { 14, 12, 44, -9, -1, 42, 13215 }, // U+F0150
    { 14, 9, 189, 0, -4, 32, 13257 }, // U+F0151
    { 13, 9, 154, 0, -5, 30, 13289 }, // U+F0152
    { 12, 13, 168, 1, -1, 39, 13319 }, // U+F0153
    { 13, 13, 182, 0, 0, 43, 13358 }, // U+F0154
    { 10, 13, 118, 1, 0, 33, 13401 }, // U+F0155
    { 14, 11, 186, 1, -3, 39, 13434 }, // U+F0156
    { 14, 12, 164, -1, -2, 42, 13473 }, // U+F0157
    { 13, 7, 158, 0, -6, 23, 13515 }, // U+F0158
    { 15, 9, 186, 1, -4, 34, 13538 }, // U+F0159
    { 14, 13, 176, 0, 0, 46, 13572 }, // U+F015A
    { 14, 15, 203, 1, 2, 53, 13618 }, // U+F015B
    { 12, 13, 172, 1, 0, 39, 13671 }, // U+F015C
    { 22, 12, 324, 1, -1, 66, 13710 }, // U+F015D
    { 12, 16, 191, 1, 3, 48, 13776 }, // U+F015E
    { 13, 11, 175, 1, -2, 36, 13824 }, // U+F015F
    { 14, 12, 178, 1, -1, 42, 13860 }, // U+F0160
    { 13, 16, 188, 1, 3, 52, 13902 }, // U+F0161
    { 14, 12, 203, 1, -1, 42, 13954 }, // U+F0162
    { 17, 16, 262, 1, 3, 68, 13996 }, // U+F0163
    { 16, 12, 236, 1, -1, 48, 14064 }, // U+F0164
    { 17, 10, 204, -2, -3, 43, 14112 }, // U+F0165
    { 15, 12, 231, 1, -1, 45, 14155 }, // U+F0166
    { 18, 14, 268, 1, 1, 63, 14200 }, // U+F0167
    { 18, 16, 264, 0, 3, 72, 14263 }, // U+F0168
    { 25, 14, 282, -7, 1, 88, 14335 }, // U+F0169
    { 22, 14, 335, 1, 1, 77, 14423 }, // U+F016A
    { 23, 13, 248, -7, 0, 75, 14500 }, // U+F016B
    { 21, 14, 327, 1, 1, 74, 14575 }, // U+F016C
    { 24, 16, 272, -7, 3, 96, 14649 }, // U+F016D
    { 22, 16, 350, 1, 3, 88, 14745 }, // U+F016E
    { 25, 16, 249, -9, 3, 100, 14833 }, // U+F016F
    { 9, 13, 71, -3, 3, 30, 14933 }, // U+F0170
    { 14, 12, 88, -7, 0, 42, 14963 }, // U+F0171
    { 10, 9, 8, -6, -2, 23, 15005 }, // U+F0172
    { 17, 14, 103, -9, 1, 60, 15028 }, // U+F0173
    { 14, 9, 74, -6, -3, 32, 15088 }, // U+F0174
    { 14, 12, 103, -6, 0, 42, 0 }, // U+F0175
    { 14, 14, 119, -5, 1, 49, 42 }, // U+F0176
    { 14, 9, 74, -6, -3, 32, 91 }, // U+F0177
    { 20, 11, 172, -6, -2, 55, 123 }, // U+F0178
    { 16, 11, 114, -6, -2, 44, 178 }, // U+F0179
    { 14, 12, 102, -6, 0, 42, 222 }, // U+F017A
    { 10, 9, 15, -6, -3, 23, 264 }, // U+F017B
    { 12, 9, 45, -7, -3, 27, 287 }, // U+F017C
    { 12, 10, 61, -6, -3, 30, 314 }, // U+F017D
    { 14, 9, 85, -6, -3, 32, 344 }, // U+F017E
    { 14, 7, 46, -10, -2, 25, 376 }, // U+F017F
    { 12, 11, 56, -6, -2, 33, 401 }, // U+F0180
    { 12, 9, 40, -7, -3, 27, 434 }, // U+F0181
    { 13, 11, 56, -6, -2, 36, 461 }, // U+F0182
    { 13, 12, 65, -6, 0, 39, 497 }, // U+F0183
    { 14, 11, 58, -9, 0, 39, 536 }, // U+F0184
    { 14, 13, 58, -9, 0, 46, 575 }, // U+F0185
    { 14, 12, 100, -6, 0, 42, 621 }, // U+F0186
    { 14, 14, 129, -4, 1, 49, 663 }, // U+F0187
    { 11, 14, 69, -3, 2, 39, 712 }, // U+F0188
    { 12, 16, 90, -6, 3, 48, 751 }, // U+F0189
    { 14, 11, 54, -10, 3, 39, 799 }, // U+F018A
    { 14, 9, 94, -6, -3, 32, 838 }, // U+F018B
    { 13, 9, 62, -6, -3, 30, 870 }, // U+F018C
    { 12, 13, 89, -5, 0, 39, 900 }, // U+F018D
    { 13, 13, 56, -9, 1, 43, 939 }, // U+F018E
    { 10, 13, 50, -4, 1, 33, 982 }, // U+F018F
    { 14, 11, 42, -9, -3, 39, 1015 }, // U+F0190
    { 14, 12, 52, -9, 0, 42, 1054 }, // U+F0191
    { 13, 7, 75, -6, -3, 23, 1096 }, // U+F0192
    { 15, 9, 90, -6, -3, 34, 1119 }, // U+F0193
    { 14, 13, 114, -4, 0, 46, 1153 }, // U+F0194
    { 14, 15, 105, -6, 2, 53, 1199 }, // U+F0195
    { 3, 5, 0, -8, 20, 4, 1252 }, // U+F0196
    { 11, 3, 0, -12, -1, 9, 1256 }, // U+F0197
    { 3, 22, 152, 4, 18, 17, 1265 }, // U+F0198
    { 9, 22, 240, 4, 18, 50, 1282 }, // U+F0199
    { 8, 6, 0, -11, 20, 12, 1332 }, // U+F019A
    { 8, 3, 0, -11, 20, 6, 1344 }, // U+F019B
    { 6, 5, 0, -9, 20, 8, 1350 }, // U+F019C
    { 13, 13, 205, 0, 13, 43, 1358 }, // U+F019D
    { 9, 6, 0, -11, 21, 14, 1401 }, // U+F019E
    { 13, 6, 0, -13, 21, 20, 1415 }, // U+F019F
    { 11, 25, 0, -12, 21, 69, 1435 }, // U+F01A0
    { 15, 6, 0, -15, 21, 23, 1504 }, // U+F01A1
    { 2, 25, 0, -1, 20, 13, 1527 }, // U+F01A2
    { 8, 25, 0, -4, 20, 50, 1540 }, // U+F01A3
    { 12, 12, 224, 1, 12, 36, 1590 }, // U+F01A4
};

static const EpdUnicodeInterval kannada_12_regularIntervals[] = {
    { 0x964, 0x965, 0x0 },
    { 0xC80, 0xC8C, 0x2 },
    { 0xC8E, 0xC90, 0xF },
    { 0xC92, 0xCA8, 0x12 },
    { 0xCAA, 0xCB3, 0x29 },
    { 0xCB5, 0xCB9, 0x33 },
    { 0xCBC, 0xCC4, 0x38 },
    { 0xCC6, 0xCC8, 0x41 },
    { 0xCCA, 0xCCD, 0x44 },
    { 0xCD5, 0xCD6, 0x48 },
    { 0xCDD, 0xCDE, 0x4A },
    { 0xCE0, 0xCE3, 0x4C },
    { 0xCE6, 0xCEF, 0x50 },
    { 0xCF1, 0xCF3, 0x5A },
    { 0x200C, 0x200D, 0x5D },
    { 0x25CC, 0x25CC, 0x5F },
    { 0xF0000, 0xF01A4, 0x60 },
};

static const EpdFontGroup kannada_12_regularGroups[] = {
    { 0, 3621, 8003, 93, 0 },
    { 3621, 2, 0, 2, 93 },
    { 3623, 6558, 16349, 194, 95 },
    { 10181, 6709, 16365, 180, 289 },
    { 16890, 965, 1825, 48, 469 },
};

static BuiltinShapingFace kannada_12_regularShaping = {
    kannadaLayout,
    sizeof(kannadaLayout),
    0x76C162B3,
    1600,
    &kannada_12_regularGlyphs[96],
    421,
    nullptr,
};

static constexpr EpdFontData kannada_12_regular = {
    kannada_12_regularBitmaps,
    kannada_12_regularGlyphs,
    kannada_12_regularIntervals,
    17,
    34,
    21,
    -14,
    true,
    kannada_12_regularGroups,
    5,
    nullptr,
    nullptr,
    nullptr,
    nullptr,
    nullptr,
    nullptr,
    nullptr,
    nullptr,
    nullptr,
    nullptr,
    nullptr,
    0,
    0,
    0,
    0,
    nullptr,
    0,
    nullptr,  // glyphMissHandler
    nullptr,  // glyphMissCtx
    nullptr,  // coverageHandler
    &builtinShaping::shape,
    &kannada_12_regularShaping,
};
