/**
 * generated by fontconvert.py
 * name: kannada_10_regular
 * size: 10
 * mode: 2-bit  compressed: true
 * Command used: fontconvert.py kannada_10_regular 10 ../builtinFonts/source/NotoSansKannada/NotoSansKannada-Regular.ttf --no-default-intervals --additional-intervals 0x0C80,0x0CFF --additional-intervals 0x0964,0x0965 --additional-intervals 0x200C,0x200D --additional-intervals 0x25CC,0x25CC --shaping-font ../builtinFonts/source/NotoSansKannada/NotoSansKannada-Regular.ttf --shaping-scripts kannada --shaping-layout-symbol kannadaLayout --shaping-layout-header kannada_layout.h --shaping-layout-font ../builtinFonts/source/NotoSansKannada/NotoSansKannada-Regular.ttf --2bit --compress --pnum --darken-aa --zopfli --max-group-bytes 16384
 */
#pragma once
#include "EpdFontData.h"

#include "BuiltinShaping.h"
#include "kannada_layout.h"

static const uint8_t kannada_10_regularBitmaps[12497] = {
    0x9D, 0x97, 0x3F, 0x8C, 0x24, 0xC7, 0x75, 0xC6, 0x7F, 0xD3, 0x6D, 0xB3, 0x0D, 0xB6, 0xAD, 0x62,
    0x68, 0xF3, 0xCC, 0x6D, 0x86, 0x0E, 0xC4, 0x2D, 0x07, 0x0C, 0x2E, 0xA8, 0xDD, 0x6E, 0x93, 0x39,
    0x40, 0xC0, 0xCE, 0xE1, 0x1C, 0x86, 0xEC, 0x80, 0xC1, 0x02, 0x9E, 0xBB, 0xA9, 0xC3, 0x05, 0x0A,
    0x14, 0xF0, 0x00, 0xE7, 0xD0, 0x05, 0x8E, 0x09, 0x06, 0x1B, 0x0C, 0xA4, 0xE1, 0x75, 0xC9, 0x17,
    0x38, 0x60, 0xC0, 0xA6, 0x19, 0x3A, 0x70, 0x51, 0x14, 0x20, 0x07, 0x82, 0xF9, 0xEE, 0xB6, 0x6D,
    0x36, 0x7D, 0x3D, 0xF3, 0x5C, 0x35, 0x33, 0x5C, 0xEC, 0x91, 0x27, 0x8A, 0x56, 0xCF, 0xBE, 0xF7,
    0x66, 0x07, 0xEF, 0xFB, 0xEA, 0x7B, 0xF5, 0xB7, 0xEB, 0xA1, 0x7C, 0xF3, 0x79, 0xF8, 0x17, 0xE2,
    0x7E, 0xD7, 0xE7, 0x1D, 0xDE, 0x91, 0xB5, 0xC8, 0x2C, 0x72, 0x29, 0x9B, 0x32, 0xB6, 0x1A, 0xEA,
    0x1D, 0x70, 0xF5, 0xDE, 0xD3, 0x9F, 0xF6, 0x3B, 0x3B, 0x16, 0x13, 0x8D, 0xFA, 0xB3, 0x7A, 0xB8,
    0x2C, 0x44, 0x38, 0xFE, 0x8D, 0x8B, 0x94, 0x3A, 0xB4, 0xEA, 0xEB, 0x2D, 0x2D, 0x1A, 0xAE, 0xD2,
    0xA7, 0xF7, 0xA7, 0xC7, 0xEF, 0x1A, 0x5A, 0x60, 0x35, 0x41, 0xA9, 0xEA, 0x31, 0xBE, 0x12, 0xCE,
    0x60, 0x92, 0x65, 0xFD, 0xC0, 0xC9, 0xE5, 0x6A, 0x3A, 0x15, 0x19, 0xEF, 0x18, 0x11, 0x69, 0x92,
    0xD3, 0xF7, 0x8C, 0x5C, 0xB6, 0xC9, 0x39, 0x4E, 0xCD, 0xDA, 0x76, 0x1B, 0xB3, 0xAC, 0x75, 0x3C,
    0x3D, 0xE3, 0xFD, 0xCE, 0x35, 0xC0, 0xA6, 0x1E, 0x28, 0xA4, 0xD8, 0xF2, 0xF7, 0x81, 0x95, 0xEE,
    0xA0, 0x78, 0xF4, 0x00, 0x23, 0x66, 0xA2, 0x9D, 0x5B, 0xE5, 0xD2, 0x39, 0xE3, 0x75, 0xFE, 0x41,
    0x19, 0xF4, 0x73, 0x7D, 0x1C, 0xA4, 0x4C, 0x6E, 0x82, 0xCA, 0x2F, 0xC1, 0x74, 0xAD, 0xE7, 0x11,
    0xB5, 0xEA, 0x04, 0x7D, 0x96, 0x22, 0xF5, 0x94, 0x51, 0x19, 0xA4, 0xF3, 0x1F, 0x1B, 0xFD, 0x42,
    0xFF, 0x4E, 0x6A, 0x7D, 0x7F, 0x02, 0xB3, 0x84, 0xC6, 0x7A, 0x3E, 0xCC, 0xD9, 0x39, 0xD9, 0x7E,
    0xA2, 0xE8, 0x33, 0x0D, 0xD2, 0x96, 0x51, 0xFE, 0x0C, 0xE9, 0x40, 0x0A, 0xF5, 0x29, 0xFD, 0x7F,
    0xA2, 0x61, 0x15, 0x0C, 0x4D, 0x97, 0x72, 0x43, 0xA1, 0x9F, 0x06, 0x28, 0x92, 0xFD, 0x00, 0xC0,
    0x40, 0x6E, 0x1D, 0x28, 0x03, 0x50, 0x07, 0x5A, 0xD5, 0x32, 0xB5, 0x39, 0x1B, 0x4D, 0x10, 0x63,
    0x1C, 0xD5, 0x8F, 0x7F, 0xAA, 0xE9, 0xD9, 0x66, 0x37, 0x39, 0xAA, 0xE0, 0xCE, 0x30, 0xDE, 0x34,
    0x9D, 0xC5, 0x54, 0xBA, 0xE5, 0x11, 0x7D, 0x64, 0x02, 0x00, 0x23, 0xD5, 0x76, 0x11, 0xDA, 0xD9,
    0xEA, 0x5B, 0x72, 0xE9, 0xCE, 0xEA, 0xB0, 0xD1, 0xD9, 0x95, 0xE1, 0x4C, 0x63, 0xF2, 0x8D, 0x90,
    0xBC, 0x39, 0xF8, 0xF5, 0xDE, 0x9F, 0x33, 0x95, 0xD1, 0x36, 0x2A, 0xE8, 0x9C, 0xD4, 0xD2, 0x4A,
    0x66, 0xA0, 0x52, 0x9F, 0x39, 0x3A, 0xAB, 0x07, 0x96, 0x3B, 0xCC, 0x7B, 0x9E, 0x91, 0x03, 0x93,
    0x70, 0x22, 0xE4, 0x38, 0x1F, 0xD8, 0x9E, 0xEE, 0x0E, 0x7C, 0x57, 0xBF, 0x69, 0x32, 0xE3, 0x70,
    0x35, 0x9C, 0x25, 0xCE, 0x85, 0x7E, 0x76, 0x60, 0xED, 0xFD, 0x2A, 0x02, 0xAF, 0x03, 0xE0, 0x00,
    0x38, 0xE1, 0xBA, 0x7A, 0x2C, 0xD8, 0xD8, 0x6E, 0x6B, 0x74, 0x6B, 0xA3, 0x19, 0x44, 0x17, 0x52,
    0x8C, 0xFD, 0xAF, 0xBD, 0x63, 0x79, 0xF2, 0x76, 0x38, 0xE5, 0xF4, 0xD5, 0xB7, 0x83, 0xC1, 0xF4,
    0x9F, 0x66, 0xFF, 0xE4, 0x4B, 0x9F, 0xBC, 0xE8, 0xD0, 0x86, 0xF3, 0x7E, 0xA7, 0x3B, 0x9D, 0xAD,
    0xD8, 0xB8, 0x8A, 0x76, 0xD8, 0xE5, 0xFE, 0xF7, 0xD2, 0x26, 0x59, 0x27, 0x65, 0x78, 0x48, 0xED,
    0xE1, 0x1C, 0x16, 0x23, 0x94, 0x21, 0x5B, 0x47, 0xA9, 0x11, 0xB2, 0xA0, 0x07, 0xD0, 0xEF, 0x20,
    0x4F, 0x12, 0x0A, 0xB1, 0x81, 0xA9, 0x17, 0x9C, 0x64, 0x7B, 0x3B, 0xB8, 0xB1, 0x8E, 0xCB, 0x95,
    0xEA, 0xD8, 0x4C, 0x76, 0xF8, 0xD3, 0xA2, 0xC3, 0x95, 0x33, 0xD6, 0xF4, 0x9D, 0xD9, 0xD5, 0x43,
    0xF1, 0xAB, 0x85, 0x00, 0xEB, 0x84, 0x71, 0xBF, 0x0D, 0x93, 0xF4, 0xF8, 0xA4, 0x4D, 0xC4, 0xF8,
    0xF1, 0x6F, 0x17, 0x2C, 0xBF, 0x9D, 0x3B, 0xAC, 0x53, 0xAE, 0x34, 0x53, 0x9B, 0x72, 0x41, 0x27,
    0x10, 0x07, 0x72, 0x01, 0x6F, 0x09, 0x18, 0xCF, 0xBB, 0x4B, 0x70, 0x52, 0xA6, 0x5C, 0x33, 0xB8,
    0xC4, 0x35, 0xD9, 0xB1, 0x8D, 0x2F, 0x75, 0x60, 0x93, 0x9D, 0x01, 0xEE, 0x68, 0xA7, 0x40, 0x2B,
    0xDF, 0x9F, 0xA3, 0xD7, 0xAF, 0x50, 0xD5, 0xC0, 0xBA, 0x12, 0x1C, 0x6B, 0xDC, 0xDA, 0xF1, 0xB3,
    0xAD, 0x6B, 0xAF, 0x66, 0xA7, 0xCF, 0xC2, 0x5A, 0xCE, 0x54, 0x1E, 0x2C, 0x57, 0xBE, 0x10, 0x5E,
    0x37, 0x9E, 0xF5, 0x72, 0x81, 0x93, 0xCA, 0x27, 0x8E, 0xB0, 0x4C, 0x1C, 0xA3, 0x95, 0xD5, 0x00,
    0x11, 0x04, 0x2E, 0xC0, 0xC1, 0x46, 0x75, 0x54, 0xF5, 0x38, 0x54, 0x67, 0xD5, 0x69, 0x59, 0x0C,
    0x82, 0x08, 0xB2, 0x29, 0xA4, 0xD5, 0xA1, 0xDE, 0x71, 0x7C, 0x6C, 0x47, 0x3D, 0xD9, 0x88, 0xD5,
    0xC5, 0x4C, 0xFB, 0xB1, 0x3F, 0xA7, 0x7D, 0x1C, 0x4C, 0x67, 0xEE, 0x87, 0xCA, 0xDF, 0xBA, 0x1F,
    0xCA, 0xD0, 0x7F, 0x99, 0xDC, 0xB8, 0xF2, 0x55, 0x90, 0x66, 0x30, 0x5D, 0xBF, 0x55, 0xC5, 0x46,
    0x3B, 0x01, 0xB7, 0xC1, 0xC1, 0x09, 0x18, 0xB0, 0xFB, 0xC5, 0x10, 0x1B, 0xC4, 0x25, 0xF5, 0xBC,
    0xB1, 0x9F, 0x8D, 0xE6, 0xE6, 0xDF, 0x01, 0x00, 0xEE, 0x7A, 0xAA, 0x19, 0x00, 0x8B, 0x26, 0xE8,
    0xBB, 0xC9, 0xC5, 0x25, 0xA5, 0xE7, 0x84, 0x32, 0x44, 0x93, 0x47, 0xDF, 0xF6, 0xC2, 0x6A, 0x2B,
    0xC2, 0x79, 0x94, 0xBF, 0x0E, 0x8E, 0x34, 0x42, 0x4B, 0x56, 0xA9, 0x5C, 0xF2, 0x18, 0x91, 0xF2,
    0xB8, 0xE1, 0x52, 0x2F, 0x7A, 0x55, 0x15, 0x39, 0x2F, 0xE4, 0xE1, 0x9B, 0xF1, 0xE1, 0x42, 0xE4,
    0x15, 0xE3, 0x11, 0xB7, 0xE8, 0x3E, 0x90, 0x32, 0xFC, 0x43, 0x42, 0x4B, 0xAF, 0x1A, 0x13, 0xD6,
    0x1F, 0xE7, 0xFD, 0x05, 0xF0, 0x43, 0xE0, 0xCF, 0x73, 0x6C, 0xA3, 0x4E, 0xE9, 0x13, 0xC5, 0x11,
    0xE3, 0x85, 0xCE, 0x85, 0xE8, 0x9C, 0xF0, 0xD3, 0x7E, 0xBC, 0x2A, 0xBE, 0xEE, 0xEB, 0xC9, 0xCA,
    0xF5, 0xBA, 0x71, 0xC7, 0x42, 0x0C, 0x60, 0xAB, 0xA9, 0xDD, 0xDA, 0x5D, 0x1B, 0x2F, 0x4C, 0x42,
    0xEE, 0x58, 0x3E, 0x9B, 0x72, 0x27, 0x60, 0x64, 0xD1, 0x99, 0xD4, 0xBE, 0xD9, 0xD4, 0x72, 0xDE,
    0x6A, 0x3F, 0xD7, 0x53, 0x13, 0xF7, 0x82, 0x8F, 0x66, 0x23, 0x51, 0x67, 0x44, 0xDA, 0xB7, 0x44,
    0xFE, 0x51, 0x87, 0x22, 0xBE, 0x8F, 0xE9, 0xF2, 0x3C, 0xB9, 0x1E, 0xE3, 0xEB, 0x79, 0x72, 0xEC,
    0x41, 0x70, 0xDC, 0x58, 0xB0, 0x98, 0x43, 0xB0, 0x00, 0xAA, 0x5B, 0xD3, 0x9D, 0xA4, 0x20, 0x26,
    0xDA, 0x70, 0xC6, 0x7A, 0x31, 0x95, 0x92, 0xC6, 0x03, 0xC7, 0x28, 0x18, 0x4E, 0x59, 0xE6, 0x60,
    0x70, 0xC7, 0x30, 0x62, 0x73, 0xB8, 0x43, 0x1F, 0x5A, 0xBF, 0xB1, 0xFA, 0x54, 0x55, 0xE5, 0x25,
    0xF5, 0xAB, 0xB8, 0x0A, 0xD7, 0xE4, 0x37, 0x83, 0xFD, 0x64, 0x67, 0x44, 0x9F, 0xA9, 0xCE, 0xD2,
    0x96, 0xA3, 0xCB, 0xFB, 0xAA, 0xEB, 0x40, 0xFE, 0xA0, 0x50, 0x2F, 0xE4, 0xAD, 0x15, 0x43, 0xC2,
    0x1A, 0x9A, 0x8E, 0x5A, 0x35, 0x70, 0xD8, 0x5E, 0x29, 0x02, 0xA6, 0x5B, 0x74, 0x6D, 0x57, 0x8A,
    0x83, 0xE9, 0x0C, 0x9C, 0x11, 0x9C, 0x9D, 0xD9, 0x2C, 0x9D, 0x95, 0x71, 0x69, 0x45, 0xA7, 0xD4,
    0x71, 0x0F, 0x38, 0x91, 0xBC, 0x19, 0xD6, 0xD1, 0xB6, 0xDA, 0x6F, 0x4D, 0x2A, 0xFD, 0x45, 0x73,
    0x4D, 0x52, 0x71, 0x79, 0xA2, 0xDD, 0x36, 0x92, 0x79, 0xCC, 0xC8, 0xE9, 0x1D, 0x52, 0x01, 0x63,
    0xD2, 0x01, 0x45, 0xB6, 0x01, 0x90, 0x83, 0x2D, 0x44, 0x55, 0x63, 0xB2, 0xAE, 0xC1, 0x7A, 0x87,
    0x86, 0x4B, 0x9E, 0x06, 0x41, 0xA3, 0x70, 0x57, 0xA4, 0x46, 0xC6, 0xE6, 0x9E, 0xA4, 0xD9, 0x35,
    0x34, 0xD2, 0x77, 0xFF, 0x6F, 0xBC, 0x41, 0x46, 0x7B, 0xC4, 0xC7, 0x84, 0x37, 0x70, 0x34, 0xEC,
    0x68, 0x47, 0xD2, 0x08, 0x6E, 0x91, 0x7A, 0x68, 0x90, 0xA2, 0xAB, 0x7D, 0xEB, 0xEB, 0xFB, 0xA1,
    0x0D, 0xED, 0xE7, 0x61, 0xE2, 0xBF, 0xAF, 0x82, 0x20, 0xBF, 0xF6, 0xF2, 0xCA, 0x68, 0xBA, 0x7E,
    0x5C, 0x29, 0x36, 0x4D, 0x52, 0xE0, 0xCD, 0x6F, 0x2F, 0x2F, 0x7E, 0x24, 0x85, 0x8E, 0xE5, 0x30,
    0xFF, 0x52, 0x77, 0xA2, 0xEF, 0x09, 0xCD, 0x86, 0xBB, 0xAD, 0xCE, 0x95, 0x0E, 0x07, 0xC9, 0xE5,
    0x37, 0x25, 0x0F, 0xC9, 0x68, 0x30, 0x9D, 0xAB, 0xCB, 0x70, 0x69, 0x16, 0x51, 0x40, 0xE4, 0x0F,
    0x39, 0x4A, 0xFE, 0xC5, 0x0B, 0x25, 0xFF, 0x4E, 0x2E, 0x12, 0x17, 0x47, 0x2E, 0x90, 0xEB, 0xF2,
    0xF5, 0xC8, 0x45, 0x11, 0x92, 0xC5, 0x17, 0x77, 0x9F, 0xF1, 0x09, 0x3F, 0x5C, 0x82, 0x3C, 0x8F,
    0xF7, 0x59, 0x4B, 0x4C, 0x78, 0xFF, 0xBC, 0x96, 0x97, 0x81, 0xBA, 0xBB, 0x5E, 0x30, 0x54, 0x21,
    0xF3, 0xA8, 0x4E, 0xC0, 0x12, 0x68, 0x78, 0x35, 0x75, 0xE9, 0x2A, 0x96, 0x61, 0x1C, 0xCB, 0x20,
    0x2E, 0xD9, 0x49, 0x15, 0x2E, 0x6B, 0xED, 0x6E, 0x17, 0x5B, 0x8E, 0xCF, 0x43, 0x60, 0x04, 0xDC,
    0xD1, 0x96, 0x9A, 0x08, 0x92, 0x3D, 0xA0, 0xBC, 0x17, 0x49, 0x10, 0x1B, 0xB8, 0x78, 0xEE, 0x3C,
    0xA8, 0x86, 0xEB, 0xB3, 0xE3, 0xF7, 0xC2, 0x9B, 0x84, 0xDF, 0x65, 0x7C, 0x3B, 0xDC, 0x5C, 0xEF,
    0x00, 0x36, 0xFE, 0x09, 0x3A, 0x59, 0x2F, 0xAE, 0x8A, 0x72, 0xC1, 0xF8, 0x96, 0x70, 0x61, 0x3C,
    0xEE, 0x70, 0x36, 0xEC, 0xD7, 0xFC, 0x26, 0x9F, 0x55, 0x76, 0x4C, 0x58, 0x78, 0x07, 0x90, 0x9B,
    0x6D, 0xDB, 0xB8, 0x9A, 0x74, 0x5A, 0x0D, 0xA9, 0xD6, 0x21, 0xE1, 0xA5, 0x78, 0x0E, 0xBF, 0x6F,
    0x3B, 0xE3, 0x47, 0xFB, 0xED, 0xB6, 0x1F, 0xC2, 0xB1, 0x12, 0x70, 0x37, 0xFC, 0x12, 0x72, 0x45,
    0x67, 0xE4, 0x9A, 0x5A, 0x0F, 0x75, 0xA8, 0x22, 0x2C, 0x84, 0x5C, 0xD9, 0x9A, 0x75, 0xAE, 0xED,
    0x50, 0xDD, 0xA1, 0x3E, 0xF2, 0xE9, 0xBA, 0x62, 0x5A, 0xA9, 0x3E, 0x53, 0xC9, 0xBD, 0xA4, 0x1E,
    0x20, 0xBB, 0x3D, 0x0E, 0x80, 0x35, 0x37, 0xDA, 0x60, 0x03, 0x95, 0xBE, 0xA5, 0xE3, 0x6D, 0xAC,
    0x7E, 0xA6, 0xBE, 0xE5, 0x0E, 0x63, 0x1D, 0x8C, 0x1F, 0x59, 0x2E, 0x24, 0x95, 0x82, 0x63, 0xBD,
    0x38, 0x34, 0xC1, 0xD7, 0x61, 0x64, 0x99, 0xC3, 0x9D, 0x85, 0xA2, 0x85, 0x58, 0xFD, 0xF7, 0xD4,
    0x5C, 0xA8, 0x76, 0x0B, 0xBD, 0xA7, 0xDD, 0x77, 0x6D, 0x0B, 0x18, 0xE1, 0x9B, 0xDB, 0x42, 0x35,
    0x9B, 0x11, 0xAB, 0xED, 0x8E, 0x0B, 0xE3, 0x0C, 0x9A, 0x1E, 0xFF, 0x2C, 0xE9, 0x0F, 0x02, 0x65,
    0x72, 0x5D, 0x72, 0x8B, 0xA1, 0x0A, 0x9B, 0x52, 0x4C, 0xD7, 0x6A, 0xAF, 0xD4, 0xB3, 0x99, 0x00,
    0x30, 0xF2, 0x1A, 0xED, 0x6C, 0xBB, 0x4B, 0x57, 0x87, 0xFD, 0xE1, 0x10, 0x11, 0x01, 0x19, 0x41,
    0x36, 0x14, 0xB1, 0xED, 0x52, 0x21, 0xAA, 0xDD, 0x42, 0x27, 0xA0, 0xE8, 0xA0, 0xBA, 0xB1, 0x04,
    0x0A, 0x69, 0xA2, 0xC6, 0xD5, 0xAC, 0x41, 0xD2, 0x49, 0xAC, 0x13, 0xA2, 0x0F, 0x16, 0xB2, 0xEA,
    0x6E, 0xC5, 0x46, 0xD5, 0x17, 0x9A, 0x59, 0x04, 0x54, 0xA0, 0x0D, 0xDF, 0x3D, 0x5D, 0xA9, 0x03,
    0x2C, 0xF6, 0x83, 0xF2, 0xDB, 0x5E, 0x75, 0x5E, 0xD8, 0x2D, 0xCE, 0xAC, 0x9D, 0x79, 0x83, 0x95,
    0xB1, 0x93, 0xF9, 0x0A, 0x23, 0x9C, 0x8E, 0x6C, 0xFA, 0x04, 0x50, 0xFF, 0xFD, 0xA6, 0xF7, 0x1F,
    0xA5, 0xE9, 0x7D, 0xE6, 0x44, 0x4C, 0x6A, 0xEF, 0xA3, 0xCD, 0x58, 0x7D, 0x3A, 0x1F, 0x5E, 0x97,
    0xEC, 0x71, 0xAF, 0x7A, 0x19, 0x30, 0xDF, 0x5C, 0xA6, 0x5E, 0xF5, 0x2B, 0x70, 0xAF, 0xC1, 0x6D,
    0xC3, 0xAD, 0xEF, 0xB7, 0x4C, 0x2F, 0x5F, 0xA8, 0xC3, 0x74, 0x34, 0x5F, 0xFE, 0xC7, 0x90, 0x6B,
    0x9C, 0xEA, 0x61, 0x99, 0xA7, 0x79, 0xB6, 0xA9, 0x3E, 0x2E, 0xB3, 0xFD, 0x52, 0x11, 0x17, 0x6F,
    0x1B, 0xF5, 0xAD, 0x76, 0x0E, 0xCE, 0xC1, 0x44, 0x78, 0x04, 0xC6, 0x5F, 0xA4, 0xD4, 0x32, 0xA4,
    0x5A, 0xAB, 0x1D, 0xBD, 0x4E, 0x24, 0x9A, 0x0E, 0xEA, 0xEB, 0x21, 0xA2, 0x8C, 0x82, 0x91, 0x64,
    0x39, 0x16, 0x91, 0x7A, 0x7F, 0x6E, 0xB1, 0xF8, 0x67, 0x6A, 0xC5, 0x18, 0x6F, 0xEA, 0x90, 0x7E,
    0x2A, 0x3E, 0x0F, 0x17, 0x55, 0x48, 0xF4, 0xD5, 0x96, 0x72, 0x06, 0x8C, 0x66, 0x97, 0x79, 0x8C,
    0x06, 0xA5, 0xF8, 0xFC, 0xB1, 0xA6, 0x8C, 0x8F, 0xDE, 0x4E, 0x39, 0xEF, 0x95, 0xA1, 0xDA, 0x1A,
    0xF5, 0x60, 0x76, 0x80, 0x01, 0xA8, 0x3B, 0x8E, 0x0B, 0xB1, 0x10, 0x80, 0x0F, 0x01, 0x7E, 0xC8,
    0xF5, 0xF3, 0x01, 0x6C, 0xC1, 0xEE, 0x95, 0x95, 0x03, 0x8B, 0x08, 0x02, 0xF2, 0x97, 0x0B, 0x59,
    0x96, 0xB1, 0x49, 0xED, 0xEF, 0x00, 0x3B, 0x01, 0x59, 0x7F, 0x21, 0x39, 0x2D, 0x14, 0x31, 0x39,
    0x84, 0xF2, 0x71, 0x4C, 0xEE, 0x63, 0xC9, 0xEE, 0xA1, 0x9C, 0x55, 0x1F, 0x17, 0x09, 0xF2, 0x93,
    0x0C, 0x2A, 0x14, 0x0E, 0x0D, 0x17, 0x43, 0x7D, 0x2F, 0xAE, 0xA2, 0xA4, 0x47, 0x45, 0xF4, 0x5F,
    0xA2, 0xE4, 0x72, 0xBC, 0xD9, 0xC2, 0x42, 0xFF, 0x13, 0xCA, 0x3D, 0x6F, 0xB8, 0x15, 0x52, 0x5A,
    0x91, 0x13, 0x11, 0x91, 0xA7, 0x51, 0xF4, 0x90, 0xFE, 0xC5, 0xFD, 0x41, 0xAA, 0xC7, 0xEA, 0x13,
    0xE4, 0x6F, 0xC8, 0x20, 0xE8, 0xBB, 0x52, 0x87, 0x32, 0x4A, 0x11, 0x85, 0x85, 0xA8, 0xC6, 0xCC,
    0xF0, 0x23, 0x32, 0x5F, 0x80, 0xF2, 0xDF, 0x24, 0xB9, 0x28, 0x50, 0x44, 0x39, 0x96, 0xBD, 0x3F,
    0x24, 0xF4, 0x7F, 0xE9, 0x27, 0x40, 0x1C, 0x49, 0xD4, 0x32, 0x39, 0x1D, 0xB3, 0x1B, 0x92, 0x4B,
    0x06, 0x02, 0x30, 0x01, 0x9C, 0x03, 0x98, 0xE3, 0x1B, 0x04, 0x40, 0xA6, 0xCF, 0xEC, 0x99, 0xBC,
    0x1C, 0xE4, 0x40, 0x5D, 0x48, 0x26, 0x26, 0xF1, 0xBE, 0xF0, 0x39, 0x1E, 0x69, 0x37, 0x8E, 0xA4,
    0x3C, 0xC8, 0xF7, 0x07, 0xDA, 0xCF, 0x84, 0xB5, 0x08, 0x92, 0x4C, 0xA3, 0xF0, 0xF3, 0x7B, 0x82,
    0xAB, 0x07, 0xAC, 0x7A, 0x5E, 0x9A, 0x72, 0x7D, 0x00, 0xA9, 0xC6, 0x7D, 0x48, 0xC9, 0x1C, 0x6B,
    0xB9, 0x16, 0x79, 0x1C, 0x4B, 0xD5, 0x40, 0x1F, 0xB3, 0x80, 0x52, 0xB7, 0x00, 0x75, 0xB0, 0x00,
    0x86, 0xDA, 0xEF, 0x43, 0x19, 0x72, 0x30, 0x8F, 0xF7, 0xC1, 0xE6, 0xF0, 0x8A, 0x39, 0xCF, 0x61,
    0x6C, 0xCE, 0x72, 0x4A, 0xBB, 0x6B, 0x14, 0xA8, 0xA7, 0x6A, 0x3E, 0x36, 0x7B, 0xDD, 0xF0, 0x75,
    0xD3, 0x37, 0x1B, 0x07, 0x81, 0x1B, 0x02, 0xAE, 0x25, 0xAC, 0xC2, 0x41, 0x44, 0xA1, 0x72, 0x90,
    0x51, 0x06, 0x39, 0x08, 0xF9, 0xB1, 0xC6, 0x83, 0x94, 0x8F, 0xD4, 0x1F, 0xC4, 0xFC, 0xAB, 0xE7,
    0x20, 0x27, 0x09, 0x39, 0x08, 0x7A, 0x2C, 0x1C, 0x25, 0xCD, 0x1C, 0x45, 0xB5, 0xDD, 0x51, 0x56,
    0xCD, 0x4A, 0x7F, 0x45, 0xAF, 0xEA, 0xB9, 0xBC, 0x15, 0x71, 0x08, 0x1B, 0xD6, 0xED, 0x88, 0x6B,
    0xFF, 0x49, 0x5C, 0xCA, 0x71, 0x98, 0x0F, 0x2E, 0x30, 0xDD, 0x48, 0xA5, 0x91, 0x45, 0xEE, 0xC3,
    0x88, 0x9D, 0x58, 0xBE, 0xCE, 0x98, 0x70, 0x61, 0xA5, 0x82, 0x08, 0xBD, 0x60, 0x43, 0x35, 0x35,
    0x3B, 0x67, 0xDE, 0x6D, 0xFA, 0x6D, 0x3F, 0x5E, 0xE0, 0x38, 0xC5, 0xF8, 0x52, 0xF8, 0xE0, 0x58,
    0xAF, 0xA7, 0x38, 0x4E, 0x7F, 0xCA, 0xA1, 0xBE, 0x1F, 0x56, 0x9F, 0xC5, 0xE3, 0xAC, 0xFD, 0x85,
    0x48, 0x35, 0xB4, 0x1A, 0xCC, 0x96, 0x95, 0xCE, 0xAA, 0xB3, 0x40, 0x3F, 0xA1, 0x23, 0x87, 0x2F,
    0xFD, 0xFE, 0x8B, 0x8E, 0xB4, 0x13, 0xD5, 0x64, 0xA2, 0xDD, 0xB5, 0xF3, 0x85, 0x71, 0x6F, 0xE8,
    0xAE, 0xD5, 0x67, 0x93, 0xF9, 0x42, 0xC0, 0x08, 0x9D, 0x91, 0x22, 0x9A, 0x4D, 0x25, 0xA7, 0xFB,
    0xD7, 0xF2, 0xB9, 0x91, 0xEB, 0xEB, 0x30, 0x38, 0x9E, 0x7B, 0xC3, 0xC6, 0x1C, 0xA3, 0x85, 0xC3,
    0xC5, 0x98, 0x7A, 0xB7, 0xBF, 0x1A, 0xD3, 0xEA, 0xFE, 0x72, 0xCC, 0xA6, 0x90, 0xFD, 0xF5, 0x58,
    0x58, 0xEF, 0x2F, 0xC8, 0x82, 0xDB, 0x5F, 0x91, 0x65, 0x76, 0xFB, 0x4B, 0xF2, 0xD3, 0xD9, 0xED,
    0xAF, 0xC9, 0x57, 0xBF, 0x71, 0xA2, 0x43, 0x7B, 0xEF, 0x6A, 0x58, 0xF7, 0x3B, 0x55, 0xFD, 0x4C,
    0xC5, 0x8A, 0x8D, 0xBD, 0x5F, 0x05, 0xFB, 0xC9, 0x8D, 0xEB, 0xF2, 0x6B, 0xDF, 0x71, 0x5D, 0x2E,
    0xD4, 0x1F, 0xFF, 0x7F, 0x87, 0x52, 0x05, 0xFA, 0xF0, 0xC6, 0xAB, 0x9D, 0x6A, 0x7C, 0xFA, 0x44,
    0xA4, 0x93, 0xAE, 0x8A, 0x9C, 0x76, 0x38, 0xB0, 0x23, 0x66, 0x5C, 0xD9, 0xA0, 0x2A, 0x4F, 0xA2,
    0xC8, 0x4B, 0x82, 0x7D, 0x87, 0xB3, 0x57, 0xF2, 0xEF, 0x4D, 0xA4, 0x99, 0xA8, 0xA7, 0xC4, 0x65,
    0x54, 0x5A, 0xE6, 0x25, 0x67, 0x97, 0xDF, 0xBA, 0xB4, 0xA5, 0x5F, 0xD2, 0xEF, 0x2D, 0xB3, 0x51,
    0xC9, 0xAD, 0xBE, 0x4F, 0xAD, 0xD1, 0xFE, 0xD5, 0xB4, 0xBF, 0xE4, 0x9D, 0xBE, 0x30, 0xD9, 0xE1,
    0x2C, 0x93, 0x41, 0x00, 0x5E, 0x7E, 0x08, 0xED, 0x0C, 0x93, 0x05, 0x31, 0x1D, 0xF2, 0x65, 0xA0,
    0xBF, 0x0A, 0xEC, 0xA7, 0x7F, 0x79, 0xC3, 0x2A, 0x0F, 0xA6, 0x83, 0x36, 0x0F, 0x29, 0xBD, 0x0E,
    0x34, 0x23, 0xAC, 0xB6, 0x30, 0x36, 0x20, 0xB5, 0xA7, 0x4F, 0x50, 0xFB, 0xE9, 0x35, 0x04, 0xFB,
    0x79, 0xE0, 0x91, 0x7A, 0xC4, 0x92, 0xCC, 0xEF, 0x31, 0x36, 0x6A, 0x00, 0x1B, 0x8C, 0xBC, 0x49,
    0x3B, 0x6F, 0xB9, 0x74, 0x16, 0x59, 0xD6, 0x5E, 0xA7, 0x32, 0x3C, 0x7B, 0x50, 0x06, 0xA1, 0xF2,
    0x4B, 0x0C, 0xB6, 0xFB, 0x90, 0x5A, 0xE5, 0xB0, 0x8B, 0x04, 0xC9, 0x76, 0xEC, 0x48, 0x8F, 0xF5,
    0x3D, 0xFD, 0x2F, 0xD5, 0xCB, 0xD5, 0xE3, 0x20, 0x3F, 0x7F, 0x1C, 0xE6, 0xBB, 0x9F, 0x06, 0xE7,
    0xB4, 0xA3, 0xDD, 0x51, 0xE8, 0x23, 0x9A, 0xD9, 0xB0, 0x74, 0xB5, 0xDF, 0x9F, 0x60, 0xD9, 0xD6,
    0x75, 0xE8, 0xA5, 0xE9, 0x6C, 0x78, 0x99, 0x53, 0x60, 0xE5, 0x6F, 0x54, 0xF5, 0x15, 0x18, 0xF5,
    0xB4, 0x55, 0xA0, 0x7F, 0x3B, 0x90, 0x06, 0x97, 0xA7, 0x3B, 0x10, 0x60, 0x04, 0xEE, 0x00, 0x56,
    0xB5, 0xAB, 0x54, 0x7D, 0x11, 0xA1, 0xD9, 0xC2, 0x79, 0x03, 0xCE, 0x80, 0x4D, 0x56, 0x67, 0xC2,
    0x39, 0x45, 0x81, 0xD6, 0xC3, 0x06, 0x10, 0xAE, 0xF1, 0xFB, 0x63, 0xAC, 0x49, 0xD8, 0x5A, 0x6E,
    0x05, 0x3B, 0xF7, 0x61, 0xE9, 0x46, 0xD6, 0x4B, 0x41, 0xA7, 0x35, 0xCF, 0x1E, 0x38, 0x84, 0x33,
    0x84, 0x13, 0x04, 0xC3, 0x65, 0xB2, 0x8B, 0x64, 0x2E, 0x59, 0xD3, 0x9D, 0x53, 0xEB, 0xCC, 0x42,
    0x07, 0x16, 0xBD, 0x26, 0x8A, 0xBB, 0x1D, 0x23, 0x08, 0x3C, 0x59, 0xA3, 0x3B, 0xEE, 0x1A, 0x1E,
    0x99, 0xFC, 0xE5, 0xC9, 0x84, 0xC0, 0x1A, 0xDA, 0x81, 0x7A, 0xA0, 0xD7, 0xB1, 0x55, 0x31, 0x65,
    0xA8, 0x3E, 0x66, 0xB1, 0x85, 0x99, 0xE2, 0xBF, 0xA8, 0x7F, 0xE2, 0x4F, 0xCA, 0xA1, 0xD5, 0xB1,
    0xD7, 0xB9, 0xF6, 0xD6, 0xB7, 0xA2, 0xB2, 0xFE, 0x99, 0x4C, 0xD2, 0x06, 0xF7, 0xB5, 0x8D, 0x77,
    0xE3, 0x7A, 0x35, 0xAA, 0xD8, 0x61, 0x35, 0xBC, 0xDA, 0xF5, 0xC3, 0x13, 0x11, 0xD1, 0xD8, 0xFA,
    0xFF, 0x03, 0x03, 0x00, 0x9C, 0x99, 0x3F, 0xAC, 0x1D, 0xC7, 0x75, 0xFF, 0x3F, 0x77, 0xF7, 0xF7,
    0xD3, 0x35, 0xB4, 0x89, 0x47, 0x5D, 0x12, 0xC9, 0x7E, 0xEB, 0x22, 0x85, 0x8B, 0xE8, 0x8D, 0x0B,
    0x17, 0x2C, 0xE6, 0xBD, 0xD9, 0x48, 0x65, 0x0A, 0x0B, 0x48, 0x7A, 0xBB, 0x47, 0x60, 0xBB, 0x60,
    0xF1, 0x80, 0x5C, 0xEA, 0x8E, 0xCC, 0xC2, 0x85, 0x0A, 0x31, 0x48, 0x0F, 0xAB, 0x70, 0x2D, 0xD0,
    0xC0, 0x0B, 0x70, 0x61, 0x5F, 0x71, 0xC7, 0x61, 0x21, 0x20, 0x02, 0xC2, 0x75, 0x58, 0xB8, 0x70,
    0xE1, 0x91, 0x29, 0xC0, 0x2E, 0x0C, 0xEB, 0x90, 0x6F, 0x13, 0x2D, 0xC3, 0xBD, 0xF7, 0x64, 0xF6,
    0xDE, 0x4B, 0xF2, 0xD1, 0xA2, 0x1D, 0x25, 0xF3, 0xF6, 0x9C, 0xB9, 0xDC, 0x3D, 0xDF, 0xEF, 0x39,
    0x67, 0xFE, 0xEC, 0xCC, 0x2C, 0x69, 0x20, 0xF2, 0xB5, 0x12, 0xA6, 0x3A, 0x36, 0x34, 0xB0, 0xFB,
    0x67, 0x04, 0xF0, 0x1A, 0xBF, 0xC6, 0xE7, 0xBA, 0xB2, 0xE5, 0x1B, 0xBC, 0x21, 0x2B, 0x91, 0x51,
    0xE4, 0x5C, 0xD6, 0x65, 0xCA, 0x77, 0xAA, 0x2D, 0x70, 0xF1, 0xCE, 0x83, 0x1F, 0xB4, 0x5B, 0xDB,
    0x17, 0x03, 0xB5, 0x86, 0x93, 0xAA, 0x3B, 0x2F, 0x44, 0x38, 0x5C, 0xFD, 0x2C, 0x9B, 0x76, 0x5E,
    0x43, 0xB5, 0xC1, 0xA3, 0xF1, 0x22, 0xFF, 0xB5, 0xE1, 0xF8, 0xF0, 0x5B, 0xA3, 0x07, 0x96, 0x03,
    0x94, 0xAA, 0x01, 0x13, 0xE6, 0xC2, 0x09, 0x0C, 0xB2, 0xA8, 0x6E, 0x38, 0x39, 0x5F, 0x0E, 0xC7,
    0x22, 0xFD, 0x35, 0x23, 0x22, 0x75, 0x56, 0xFA, 0x8E, 0x91, 0x73, 0x9F, 0x95, 0xE3, 0xD8, 0xAC,
    0x6C, 0xB3, 0x36, 0x8B, 0x4A, 0xFB, 0xE3, 0x13, 0xDE, 0x6B, 0x5C, 0x0D, 0xAC, 0xAB, 0x8E, 0x42,
    0x8A, 0x0D, 0xDF, 0x89, 0x2C, 0x75, 0x0B, 0xC5, 0xAD, 0x1B, 0x18, 0x31, 0x03, 0x7E, 0xF4, 0xCA,
    0xB9, 0x73, 0x26, 0xE8, 0xF8, 0xC5, 0x32, 0xEA, 0x3D, 0xBD, 0x1D, 0xA5, 0xCC, 0x6A, 0x80, 0x79,
    0x58, 0x80, 0x69, 0x7C, 0xE0, 0x16, 0x95, 0xEA, 0x00, 0xED, 0x14, 0x8A, 0x54, 0xC3, 0x84, 0x9A,
    0x40, 0x3A, 0xFE, 0x89, 0xD1, 0x4F, 0xF4, 0xEF, 0xA5, 0xD2, 0xF7, 0x06, 0x30, 0x0B, 0xA8, 0x6D,
    0xE0, 0xFD, 0xC9, 0x7A, 0x32, 0xB6, 0x3F, 0x53, 0xF4, 0x91, 0x46, 0xF1, 0x65, 0x92, 0xBF, 0x40,
    0x1A, 0x90, 0x42, 0x43, 0x36, 0xFF, 0xCF, 0x64, 0x58, 0x46, 0x43, 0xDD, 0x64, 0xDB, 0x58, 0xE8,
    0xDD, 0x08, 0x45, 0x96, 0x2F, 0x02, 0x18, 0x98, 0xBC, 0x03, 0x65, 0x04, 0xAA, 0x88, 0x57, 0x2D,
    0xB3, 0xCF, 0xD1, 0x68, 0x86, 0x18, 0xE3, 0x98, 0x7F, 0xFF, 0x07, 0x9A, 0xCB, 0x66, 0x52, 0x83,
    0x63, 0x1E, 0xDD, 0x09, 0x26, 0x98, 0xBA, 0xB1, 0x98, 0xB9, 0x6E, 0xB8, 0x45, 0x9B, 0x18, 0x00,
    0xC0, 0xC8, 0x7C, 0x33, 0x8B, 0x7E, 0xB4, 0xFA, 0x9A, 0x9C, 0xBB, 0x93, 0x2A, 0xAE, 0x75, 0x74,
    0x65, 0x3C, 0xD1, 0x94, 0x75, 0x2D, 0x64, 0x6D, 0xF6, 0x7A, 0xB5, 0xD3, 0xA7, 0x0C, 0x65, 0xB2,
    0xB5, 0x0A, 0x3A, 0xE6, 0x68, 0xF1, 0x32, 0x31, 0x30, 0xD7, 0x30, 0x71, 0x34, 0x56, 0xF7, 0x2C,
    0xD7, 0x18, 0x77, 0x3C, 0x3D, 0x7B, 0x26, 0xE1, 0x48, 0x98, 0xEA, 0x71, 0xCF, 0xF6, 0x60, 0xBB,
    0xE7, 0xBB, 0xF8, 0x6D, 0x3D, 0x31, 0x76, 0x17, 0xDD, 0x49, 0xE6, 0x9C, 0xE9, 0x47, 0x7B, 0xD6,
    0x36, 0x2C, 0x13, 0xF0, 0x15, 0x00, 0x1C, 0x00, 0x47, 0x3C, 0xC9, 0x1E, 0x0B, 0x36, 0xF9, 0x4D,
    0x85, 0x6E, 0x6C, 0x32, 0x9D, 0xE8, 0x4C, 0x8A, 0xBE, 0xFD, 0x75, 0x70, 0x2C, 0x8E, 0x5E, 0x8F,
    0xC7, 0x1C, 0xBF, 0xFC, 0x7A, 0x34, 0x98, 0xF6, 0xEE, 0xA4, 0xEF, 0x7F, 0x1A, 0xB2, 0x16, 0xED,
    0x7C, 0x3C, 0x6D, 0xB7, 0xBA, 0xD5, 0xD1, 0x8A, 0x4D, 0xCB, 0x64, 0xBB, 0xED, 0xD4, 0xFE, 0x41,
    0x7C, 0x0E, 0xEB, 0xA8, 0x8C, 0xEF, 0x52, 0x05, 0x38, 0x85, 0x59, 0x0F, 0x65, 0x9C, 0xA4, 0xA1,
    0xD4, 0x04, 0x53, 0x40, 0x37, 0xA0, 0xDD, 0xC2, 0x34, 0x48, 0x28, 0xC4, 0x46, 0x86, 0x56, 0x70,
    0x32, 0xC9, 0xEB, 0xD1, 0xF5, 0x55, 0x5A, 0x2C, 0x55, 0xFB, 0x7A, 0xB0, 0xDD, 0x9F, 0x17, 0x0D,
    0xAE, 0x1C, 0xB1, 0xA6, 0x6D, 0xCC, 0xB6, 0xEA, 0x8A, 0x8F, 0x67, 0x02, 0xAC, 0x32, 0xC6, 0xFD,
    0x21, 0x4C, 0x8E, 0x27, 0xE4, 0xD8, 0x44, 0x4C, 0xE8, 0xBF, 0x35, 0x63, 0xF1, 0x59, 0xDB, 0x6E,
    0x95, 0x6D, 0xA5, 0x1E, 0x7C, 0xB6, 0x05, 0x1D, 0x40, 0x1C, 0xC8, 0x19, 0xBC, 0x26, 0x60, 0x02,
    0x57, 0x17, 0xE0, 0xA4, 0xCC, 0xB6, 0xA6, 0x73, 0x99, 0x6B, 0xB0, 0xBD, 0x4F, 0x2F, 0x34, 0x60,
    0xB3, 0x9C, 0x00, 0xEE, 0x20, 0xC7, 0x80, 0x97, 0xCF, 0xCF, 0xD1, 0xEA, 0x43, 0x54, 0x35, 0xB2,
    0x9A, 0x0B, 0x8E, 0x15, 0x6E, 0xE5, 0xF8, 0xF1, 0xC6, 0xF9, 0x8B, 0xD1, 0xE9, 0xA3, 0xB8, 0x92,
    0x13, 0x95, 0x1B, 0x8B, 0x65, 0x28, 0x84, 0xAF, 0x98, 0xC0, 0x6A, 0x31, 0xC3, 0xC9, 0x3C, 0x64,
    0x8E, 0xB8, 0xC8, 0x1C, 0xBD, 0x95, 0x65, 0x07, 0x09, 0x04, 0xCE, 0xC0, 0xC1, 0x5A, 0xB5, 0x57,
    0x0D, 0x38, 0x54, 0x47, 0xD5, 0x61, 0x51, 0x74, 0x82, 0x08, 0xB2, 0x2E, 0xC4, 0x6B, 0x57, 0x6D,
    0x39, 0x14, 0xDB, 0x50, 0x0D, 0x36, 0x61, 0x75, 0x36, 0xE2, 0xEF, 0x84, 0x53, 0xFC, 0xED, 0x68,
    0x1A, 0x73, 0x3D, 0xCE, 0xC3, 0x2B, 0xD7, 0x63, 0x19, 0xDB, 0x4F, 0xB3, 0xEA, 0x97, 0x61, 0x1E,
    0xA5, 0xEE, 0x4C, 0xD3, 0x6E, 0x54, 0xB1, 0xC9, 0x0E, 0xC0, 0x15, 0x70, 0x70, 0x04, 0x06, 0xEC,
    0x6E, 0x32, 0xA4, 0x1A, 0x71, 0xB8, 0x15, 0xAF, 0xEE, 0x46, 0xA3, 0xB9, 0x7C, 0xED, 0x01, 0x3B,
    0xC8, 0x0E, 0xB4, 0x83, 0x81, 0x45, 0x33, 0xF4, 0x6A, 0x56, 0x69, 0x41, 0x19, 0x38, 0xA2, 0x8C,
    0xC9, 0x4C, 0xBD, 0x6F, 0x5B, 0x61, 0xB9, 0x11, 0xE1, 0x34, 0xC9, 0xDF, 0x46, 0x47, 0xEE, 0xA1,
    0x05, 0xCB, 0x9C, 0x2E, 0x53, 0x1F, 0x91, 0xED, 0xB8, 0xA4, 0x7C, 0x6A, 0x83, 0xAA, 0x8A, 0x9C,
    0x16, 0xF2, 0xEE, 0xD7, 0xD3, 0xBB, 0x33, 0x91, 0x97, 0x4C, 0x40, 0xDC, 0xAC, 0xB9, 0x29, 0x65,
    0xFC, 0x6E, 0x46, 0x4B, 0xAB, 0x9A, 0x32, 0x36, 0x1C, 0xC6, 0xFD, 0x19, 0xF0, 0x57, 0xC0, 0x97,
    0xA6, 0xDA, 0x27, 0x1D, 0xF2, 0x5F, 0x12, 0x47, 0x4A, 0x67, 0x3A, 0x16, 0xA2, 0x63, 0xC6, 0x0F,
    0xBB, 0xFE, 0x9A, 0xF3, 0xB8, 0xAD, 0x07, 0x2B, 0x4F, 0xE6, 0x8D, 0x3B, 0x24, 0x62, 0x00, 0x3B,
    0x1F, 0xFC, 0xC6, 0x6E, 0x7D, 0x3A, 0x33, 0x19, 0xB9, 0x65, 0xF1, 0x68, 0x98, 0x1A, 0x01, 0x23,
    0xB3, 0xC6, 0x64, 0xFF, 0x66, 0x5D, 0xC9, 0xA9, 0xD7, 0x76, 0xAC, 0x86, 0x3A, 0xED, 0x02, 0x3E,
    0x88, 0x4D, 0x24, 0x1D, 0x11, 0xF1, 0xAF, 0x89, 0xFC, 0x83, 0x76, 0x45, 0x7A, 0x0F, 0xD3, 0x1C,
    0xC6, 0xC9, 0xBE, 0x8F, 0x9F, 0x8C, 0x93, 0x43, 0x0B, 0x82, 0xE3, 0xD2, 0x84, 0xC5, 0xEC, 0x2B,
    0x0B, 0xA0, 0xBA, 0x31, 0xCD, 0x11, 0xAA, 0x62, 0x92, 0x8D, 0x27, 0xAC, 0x66, 0x43, 0x29, 0xB9,
    0x3F, 0x70, 0xF4, 0x82, 0xE1, 0x98, 0xC5, 0x54, 0x19, 0xDC, 0xA1, 0xEA, 0xB1, 0x53, 0x75, 0x8D,
    0x36, 0xFA, 0xB0, 0xB6, 0xFA, 0x40, 0x55, 0xE5, 0x05, 0x0D, 0xCB, 0xB4, 0x8C, 0x07, 0xF2, 0x67,
    0x2B, 0xFB, 0xB3, 0xAD, 0x11, 0x7D, 0xA4, 0x3A, 0x8A, 0x2F, 0x7B, 0x37, 0xBD, 0x57, 0x5D, 0x03,
    0xF2, 0xFF, 0x0A, 0x0D, 0xC2, 0xF4, 0x6A, 0xC5, 0x90, 0xB1, 0x86, 0xBA, 0xA1, 0x52, 0x8D, 0xEC,
    0x5F, 0xAF, 0x14, 0x11, 0xD3, 0xCC, 0x1A, 0xDF, 0x94, 0xE2, 0x60, 0x38, 0x01, 0x67, 0x04, 0x67,
    0x47, 0xD6, 0x0B, 0x67, 0xA5, 0x5F, 0x58, 0xD1, 0x21, 0x37, 0xDC, 0x0D, 0x8E, 0x64, 0x7A, 0x19,
    0x56, 0xC9, 0x7A, 0x6D, 0x37, 0x26, 0xA7, 0xFE, 0xBC, 0xB1, 0x26, 0x39, 0xB9, 0x69, 0xA0, 0x5D,
    0x31, 0x32, 0xF1, 0x98, 0x9E, 0xE3, 0x6B, 0xE4, 0x04, 0xFA, 0x1C, 0x07, 0x14, 0x93, 0x74, 0x80,
    0xEC, 0x65, 0x26, 0xAA, 0x9A, 0xB2, 0x34, 0x35, 0x36, 0x38, 0x34, 0x9E, 0xF3, 0x20, 0x0A, 0x9A,
    0x84, 0x37, 0x45, 0x2A, 0xA4, 0xAF, 0xDF, 0x92, 0xE5, 0x56, 0xBB, 0x5A, 0xDA, 0xE6, 0x7F, 0x8D,
    0x37, 0x48, 0x6F, 0x0F, 0xF8, 0x94, 0xF1, 0x06, 0x1E, 0x8B, 0xED, 0x6D, 0x4F, 0xBB, 0xD5, 0x0D,
    0x52, 0x75, 0x35, 0x52, 0x34, 0x55, 0xF0, 0xA1, 0xBA, 0x1E, 0x7D, 0xF4, 0xF7, 0xE2, 0xC0, 0x7F,
    0x5C, 0x44, 0x41, 0x7E, 0x1D, 0xE4, 0xA5, 0xDE, 0x34, 0x6D, 0xBF, 0x54, 0x6C, 0xAA, 0x07, 0xE0,
    0xEB, 0x9F, 0x9D, 0x5E, 0x7C, 0x5B, 0x0A, 0xED, 0xCB, 0x6E, 0xFC, 0x95, 0x6E, 0x45, 0xDF, 0x11,
    0xEA, 0x35, 0x6F, 0x7A, 0x1D, 0xE7, 0xDA, 0xED, 0x43, 0x2E, 0x7F, 0x3F, 0xE4, 0x2E, 0x0B, 0x35,
    0xA6, 0x71, 0x55, 0x19, 0xCF, 0xCD, 0x2C, 0x09, 0x88, 0xFC, 0x7F, 0x0E, 0x21, 0xFF, 0xF4, 0xB9,
    0x21, 0xFF, 0x8F, 0x5C, 0x64, 0x2E, 0x0E, 0x5C, 0xF0, 0x34, 0x7D, 0x3D, 0x70, 0x51, 0xC4, 0x2C,
    0xE9, 0xF9, 0xCD, 0x67, 0x42, 0xC6, 0x77, 0xE7, 0x20, 0xCF, 0xE2, 0xC3, 0x14, 0x4B, 0xCA, 0xF8,
    0xF0, 0x6C, 0x2C, 0x2F, 0x02, 0x55, 0xF3, 0x64, 0xC2, 0x30, 0x8F, 0x13, 0x8F, 0xEA, 0x00, 0x2C,
    0x80, 0x9A, 0x97, 0x73, 0x93, 0x2E, 0x53, 0x19, 0xFB, 0xBE, 0x8C, 0xE2, 0xB2, 0x1C, 0xCD, 0xE3,
    0x79, 0xA5, 0xCD, 0x95, 0x62, 0xC3, 0xA1, 0xBC, 0x0B, 0xF4, 0x80, 0x3B, 0xC8, 0x42, 0x33, 0x41,
    0x96, 0x1B, 0x94, 0x6F, 0x25, 0x32, 0xC4, 0x46, 0xCE, 0x9E, 0x59, 0x0F, 0xE6, 0xDD, 0x93, 0xB5,
    0xE3, 0xFF, 0x84, 0x37, 0x19, 0xBF, 0x9D, 0xF0, 0xBE, 0xBB, 0x3C, 0xDF, 0x01, 0x6C, 0xFA, 0x53,
    0x74, 0xB0, 0x41, 0xDC, 0x3C, 0xC9, 0x19, 0xFD, 0x6B, 0xC2, 0x99, 0x09, 0xB8, 0xFD, 0xDA, 0xB0,
    0x9B, 0xF3, 0xEB, 0x69, 0xAD, 0xB2, 0x7D, 0xC6, 0xC2, 0x1B, 0x80, 0x5C, 0xF6, 0x6D, 0xD3, 0x72,
    0xD0, 0x61, 0xD9, 0x89, 0x2B, 0xBB, 0x8C, 0x97, 0xE2, 0x19, 0xFC, 0xCE, 0xF7, 0x84, 0xEF, 0xED,
    0x67, 0x7D, 0xBF, 0x0B, 0x87, 0x4C, 0xC0, 0x5D, 0xD2, 0x0B, 0x98, 0x32, 0x3A, 0x61, 0xCA, 0xC9,
    0x07, 0xA8, 0xE2, 0x3C, 0xC1, 0x4C, 0x98, 0x32, 0x5B, 0xB1, 0x9A, 0x72, 0xDB, 0x67, 0xB7, 0xCF,
    0x8F, 0x69, 0x75, 0x5D, 0x32, 0x2C, 0x55, 0x1F, 0xA9, 0x4C, 0xAD, 0xA4, 0x01, 0x60, 0xA7, 0x26,
    0x1C, 0x00, 0x2B, 0x2E, 0xF9, 0x60, 0x0D, 0x73, 0x7D, 0x4D, 0xFB, 0x2B, 0x58, 0xFD, 0x48, 0x83,
    0xE7, 0x1A, 0x7D, 0x15, 0x4D, 0xE8, 0x59, 0xCC, 0x24, 0xA7, 0x82, 0x63, 0x35, 0xDB, 0xBB, 0xE0,
    0x71, 0x95, 0x9F, 0x4D, 0xD5, 0xB5, 0x99, 0xA2, 0x85, 0x58, 0xFD, 0x45, 0x76, 0x17, 0xE7, 0xDB,
    0x99, 0xBE, 0xA5, 0xCD, 0x1F, 0x7B, 0x2D, 0x60, 0x84, 0xDF, 0x7F, 0x2D, 0xCC, 0x47, 0xD3, 0x63,
    0xD5, 0x6F, 0x39, 0x33, 0xCE, 0xA0, 0xB9, 0x84, 0x47, 0x39, 0xFE, 0x28, 0x50, 0x66, 0xD5, 0x64,
    0x35, 0xEB, 0xE6, 0x71, 0x5D, 0x8A, 0x69, 0xBC, 0xB6, 0x4A, 0x35, 0x9A, 0x01, 0x00, 0x23, 0x5F,
    0xC6, 0x8F, 0xB6, 0x39, 0x77, 0x55, 0xDC, 0x2D, 0x0E, 0x09, 0x11, 0x90, 0x1E, 0x64, 0x4D, 0x91,
    0x7C, 0x93, 0x13, 0x51, 0x6D, 0x66, 0x3A, 0x00, 0x45, 0x03, 0xF3, 0x4B, 0x53, 0xA0, 0x90, 0x3A,
    0x69, 0x5A, 0x8E, 0x1A, 0x65, 0x51, 0x74, 0x3A, 0x20, 0x7A, 0x63, 0x26, 0xCB, 0xE6, 0x95, 0x54,
    0xAB, 0x86, 0x42, 0x27, 0x16, 0x01, 0x15, 0xF0, 0xF1, 0x8F, 0x0F, 0x57, 0xAA, 0x08, 0xB3, 0x5D,
    0xA7, 0xFC, 0xA1, 0xAD, 0xCE, 0x73, 0x9B, 0xC5, 0x99, 0x95, 0x33, 0xAF, 0xB2, 0x34, 0x76, 0x30,
    0x0F, 0x31, 0xC2, 0x71, 0xCF, 0xBA, 0xCD, 0x00, 0x0D, 0x9F, 0x6F, 0x78, 0x7F, 0xE1, 0xAC, 0x95,
    0x13, 0x27, 0x62, 0xB2, 0xBF, 0x0F, 0xD7, 0xFD, 0xFC, 0xEE, 0xB8, 0xDF, 0x2E, 0xD9, 0xC3, 0xBB,
    0xEA, 0x45, 0xC0, 0xFC, 0xFE, 0x34, 0x0D, 0xAA, 0x0F, 0xC1, 0x7D, 0x19, 0xAE, 0x18, 0x5E, 0xF9,
    0x7C, 0xD3, 0xF4, 0xFC, 0xB9, 0x71, 0x98, 0x86, 0xFA, 0xD3, 0x5F, 0x76, 0x53, 0x8E, 0x43, 0xD5,
    0x2D, 0xA6, 0x61, 0x3E, 0xC9, 0x50, 0x1D, 0xA6, 0xD9, 0x6E, 0xAA, 0x88, 0x4B, 0x57, 0x8C, 0x06,
    0xAF, 0x8D, 0x83, 0x53, 0x30, 0x09, 0x6E, 0x81, 0x09, 0x67, 0xD9, 0xB4, 0x8C, 0x39, 0xD7, 0xF9,
    0x96, 0x56, 0x07, 0x32, 0x4D, 0x03, 0xD5, 0xD3, 0x2E, 0x2A, 0x93, 0x60, 0x24, 0xCB, 0x54, 0x17,
    0x89, 0x6A, 0xB7, 0x6E, 0x31, 0xFB, 0x21, 0x95, 0x62, 0x4C, 0x30, 0x55, 0xCC, 0xB7, 0x8A, 0x7B,
    0xF1, 0x6C, 0x1E, 0x33, 0xFD, 0x7C, 0x43, 0x39, 0x02, 0x46, 0x27, 0x35, 0xF1, 0x18, 0x8D, 0x4A,
    0x71, 0xEF, 0xB6, 0x66, 0x8B, 0x0F, 0x5F, 0xCF, 0x36, 0xEF, 0x94, 0x71, 0xBE, 0x31, 0x1A, 0xC0,
    0x6C, 0x01, 0x03, 0x50, 0x35, 0x1C, 0x26, 0x62, 0x21, 0x00, 0xEF, 0x73, 0xD8, 0x82, 0x1C, 0xCA,
    0x4D, 0xD8, 0x80, 0xDD, 0x45, 0x56, 0x76, 0xCC, 0x12, 0x08, 0xC8, 0xD7, 0x66, 0xB2, 0x28, 0x53,
    0x9D, 0xFD, 0x6F, 0x01, 0x3B, 0x00, 0x53, 0xFC, 0x85, 0x4C, 0x66, 0xB1, 0x48, 0x59, 0x21, 0x94,
    0xB7, 0x53, 0x56, 0x77, 0x64, 0x52, 0xEF, 0xCA, 0xC9, 0xFC, 0x4E, 0x91, 0x21, 0x6F, 0x4F, 0xA0,
    0x42, 0x61, 0xEF, 0xB8, 0xE8, 0xAA, 0xB7, 0xD2, 0x32, 0x49, 0x2E, 0x9A, 0xAF, 0x7F, 0x49, 0x32,
    0xA5, 0x13, 0xCC, 0x06, 0x66, 0xFA, 0x1B, 0x28, 0x77, 0xBC, 0xF1, 0x95, 0x98, 0xCD, 0x8A, 0xC9,
    0x10, 0x11, 0x79, 0x90, 0x44, 0xF7, 0xE6, 0x9F, 0x5C, 0xEF, 0x64, 0x7E, 0x5B, 0x43, 0x86, 0xFC,
    0x1D, 0x13, 0x08, 0xDA, 0xA6, 0xD4, 0xAE, 0x4C, 0x52, 0x24, 0x61, 0x26, 0xAA, 0x69, 0x62, 0xF8,
    0x36, 0x13, 0x5F, 0x84, 0xF2, 0xDF, 0x85, 0x5D, 0xDB, 0x92, 0x9F, 0x1F, 0xD2, 0xDE, 0x2D, 0x12,
    0xFA, 0x5F, 0xB4, 0x03, 0x20, 0x0E, 0x8A, 0x6E, 0x91, 0x95, 0xF6, 0x93, 0xEA, 0x0E, 0xCB, 0x2E,
    0x02, 0x30, 0x00, 0x9C, 0x02, 0x98, 0xC3, 0x0E, 0x02, 0x60, 0xA2, 0x9F, 0xD8, 0x27, 0xF2, 0xB2,
    0x93, 0x3D, 0x75, 0x21, 0x13, 0x31, 0x99, 0xF7, 0xB9, 0xE5, 0xB0, 0xA4, 0x5D, 0x5A, 0x92, 0xA6,
    0x4E, 0xBE, 0xDE, 0xE1, 0x3F, 0x12, 0x56, 0xB2, 0xCB, 0x13, 0x4D, 0xC2, 0x4F, 0xDE, 0x12, 0x5C,
    0xD5, 0x61, 0x35, 0xF0, 0xC2, 0x30, 0xE5, 0x07, 0x90, 0x73, 0xDC, 0x55, 0xD9, 0x98, 0x43, 0x2E,
    0x87, 0x20, 0x0F, 0x49, 0x81, 0x6A, 0xA4, 0x4D, 0x53, 0x00, 0xA5, 0x6E, 0x00, 0xAA, 0x68, 0x01,
    0x0C, 0x55, 0xD8, 0x55, 0x65, 0x9C, 0x2A, 0x73, 0x7B, 0x57, 0xD9, 0xA9, 0x7A, 0xC9, 0x9C, 0x4E,
    0x55, 0x5F, 0x9F, 0x4C, 0x26, 0x7E, 0x5B, 0x2B, 0x50, 0x0D, 0xF3, 0xF1, 0xE0, 0xF6, 0xA9, 0xE3,
    0x83, 0xEB, 0x67, 0x9C, 0x83, 0xC0, 0xD3, 0x00, 0x9E, 0x86, 0xB0, 0x8C, 0xFB, 0x20, 0x0A, 0x95,
    0x7D, 0x18, 0x65, 0x94, 0x7D, 0x20, 0xDF, 0xD7, 0xB4, 0x0F, 0xE5, 0x43, 0x0D, 0xFB, 0x60, 0x3E,
    0x08, 0xEC, 0xC3, 0x99, 0x02, 0xD9, 0x05, 0x74, 0x5B, 0x38, 0x84, 0x34, 0x72, 0x08, 0xCA, 0x37,
    0x87, 0xB0, 0x2A, 0x96, 0xFA, 0x31, 0xAD, 0x6A, 0xE0, 0xFC, 0x95, 0x84, 0x43, 0x58, 0xB3, 0xF2,
    0x3D, 0xCE, 0xFF, 0x93, 0xB8, 0x6C, 0xE3, 0x30, 0x37, 0xCF, 0x30, 0x4D, 0xCF, 0x5C, 0x13, 0xB3,
    0xA9, 0x0D, 0x13, 0x76, 0x60, 0xF1, 0x15, 0x7A, 0x5A, 0x8D, 0x4B, 0x15, 0x44, 0x68, 0x05, 0x1B,
    0xE7, 0x43, 0xBD, 0x75, 0xE6, 0x6A, 0xDD, 0x6E, 0xDA, 0xFE, 0x0C, 0xC7, 0x31, 0x26, 0x94, 0xC2,
    0xCD, 0x43, 0xBE, 0x81, 0xE2, 0x30, 0xFC, 0x29, 0xBB, 0xEA, 0x7A, 0x5C, 0x7E, 0x94, 0x0E, 0xA3,
    0xF6, 0xA7, 0x22, 0xF3, 0xCE, 0x6B, 0x34, 0x1B, 0xE6, 0x83, 0x49, 0x76, 0xEB, 0xC7, 0x33, 0xE3,
    0x5E, 0xD5, 0xAD, 0xD7, 0x47, 0x83, 0xF9, 0x44, 0xC0, 0x08, 0x8D, 0x91, 0x22, 0x99, 0xF5, 0x5C,
    0x8E, 0x77, 0xBB, 0xEE, 0xB1, 0x96, 0x27, 0xA7, 0x5D, 0x70, 0x3C, 0xB3, 0x81, 0xC6, 0x1C, 0x6A,
    0x0B, 0xFB, 0x73, 0x2F, 0xD5, 0x76, 0x77, 0xF2, 0xC5, 0xEB, 0xEE, 0xEC, 0xCB, 0xBA, 0x90, 0xDD,
    0xE9, 0x57, 0x58, 0xED, 0xCE, 0xBF, 0x82, 0xDB, 0x9D, 0x80, 0x65, 0x74, 0xBB, 0x33, 0xF0, 0x83,
    0xD1, 0xED, 0x4E, 0xC1, 0x17, 0xBF, 0x75, 0xA2, 0x9D, 0x7F, 0xEB, 0xA2, 0x5B, 0xB5, 0x5B, 0x55,
    0xFD, 0x48, 0xC5, 0x8A, 0x4D, 0x6D, 0x58, 0x46, 0xFB, 0xB3, 0x4B, 0xA7, 0xE1, 0x2F, 0xFF, 0x91,
    0xD3, 0x70, 0xA1, 0xE1, 0xF0, 0xEF, 0x37, 0x28, 0x55, 0xA0, 0x8D, 0xAF, 0xBE, 0xDC, 0xA8, 0xA6,
    0x07, 0xF7, 0x45, 0x1A, 0x69, 0xE6, 0x89, 0xE3, 0x06, 0x07, 0xB6, 0xC7, 0xF4, 0x4B, 0x1B, 0x55,
    0xE5, 0x7E, 0x12, 0x79, 0x41, 0xB0, 0x6F, 0x70, 0xF2, 0xD2, 0x74, 0xBF, 0x4E, 0xD4, 0x03, 0xD5,
    0x90, 0xB9, 0x8C, 0x8A, 0x67, 0x5C, 0x70, 0x72, 0xFE, 0x99, 0x33, 0x59, 0xBE, 0x93, 0xEF, 0x7B,
    0x46, 0xA3, 0x32, 0x79, 0x7D, 0x8F, 0x4A, 0x93, 0xFD, 0xEB, 0x61, 0x77, 0x86, 0x3B, 0x7E, 0xAE,
    0xB1, 0xC3, 0x59, 0x06, 0x83, 0x00, 0xBC, 0xF8, 0x2E, 0xF8, 0x11, 0x06, 0x0B, 0x62, 0x1A, 0xE4,
    0xD3, 0x48, 0x7B, 0x11, 0xD9, 0x8D, 0xEE, 0xF2, 0x92, 0xCC, 0x03, 0x98, 0x06, 0x3C, 0x4B, 0x1D,
    0x69, 0xB5, 0xA3, 0xEE, 0x61, 0xB9, 0x81, 0xBE, 0x06, 0xA9, 0x02, 0x6D, 0x86, 0xDA, 0xBB, 0x4F,
    0x21, 0xF6, 0x5E, 0xE4, 0x96, 0x06, 0xC4, 0x92, 0x25, 0xEC, 0x30, 0x36, 0x69, 0x04, 0x1B, 0x8D,
    0x7C, 0x1D, 0x3F, 0x6E, 0x38, 0x77, 0x16, 0x59, 0x54, 0x41, 0x87, 0x32, 0x3E, 0xBA, 0x51, 0x46,
    0x61, 0x1E, 0x16, 0x18, 0x6C, 0xF3, 0x3E, 0x95, 0xCA, 0xFE, 0x25, 0x11, 0x65, 0x92, 0x43, 0x43,
    0x06, 0x6C, 0x68, 0x69, 0x7F, 0xA5, 0x41, 0x2E, 0x6E, 0x47, 0xF9, 0xC9, 0xED, 0x38, 0xBE, 0x79,
    0x37, 0x3A, 0xA7, 0x0D, 0x7E, 0x4B, 0xA1, 0xB7, 0xA8, 0x47, 0xC3, 0xC2, 0x55, 0x41, 0xDC, 0x61,
    0x91, 0x5A, 0x55, 0xB1, 0x95, 0xBA, 0xB1, 0xF1, 0x45, 0x8E, 0x81, 0x65, 0xB8, 0x94, 0xD5, 0x43,
    0x30, 0x1A, 0xF0, 0xF3, 0x48, 0xFB, 0x7A, 0x24, 0x77, 0x2E, 0x0F, 0xB6, 0x20, 0x40, 0x0F, 0x5C,
    0x03, 0xAC, 0x6A, 0x33, 0x57, 0x0D, 0x45, 0x82, 0x7A, 0x03, 0xA7, 0x35, 0x38, 0x03, 0x36, 0x4B,
    0x35, 0x11, 0x8E, 0x50, 0x09, 0xF8, 0x00, 0x6B, 0x40, 0x78, 0x8A, 0x5F, 0x66, 0x6C, 0x9D, 0xB1,
    0x95, 0xBC, 0x12, 0xED, 0xD8, 0xC6, 0x85, 0xEB, 0x59, 0x2D, 0x04, 0x1D, 0x56, 0x3C, 0xBA, 0xE1,
    0x10, 0x4E, 0x10, 0x8E, 0x10, 0x0C, 0xE7, 0x59, 0xCE, 0xB2, 0xB8, 0x2C, 0x75, 0x73, 0x4A, 0xA5,
    0x23, 0x33, 0xED, 0x98, 0xB5, 0x9A, 0x29, 0xDE, 0x6C, 0xE8, 0x41, 0xE0, 0xFE, 0x0A, 0xDD, 0xF2,
    0xA6, 0xE1, 0x96, 0x99, 0x7E, 0xDC, 0x1F, 0x10, 0x58, 0x81, 0xEF, 0xA8, 0x3A, 0x5A, 0xED, 0xBD,
    0x8A, 0x29, 0xE3, 0xFC, 0x0E, 0xB3, 0x0D, 0x8C, 0x14, 0xBF, 0xA3, 0x7A, 0x3B, 0x1C, 0x95, 0x9D,
    0xD7, 0xBE, 0xD5, 0xB1, 0x0A, 0x36, 0x78, 0x51, 0x59, 0xFD, 0x58, 0x06, 0xF1, 0xD1, 0x3D, 0x96,
    0xFE, 0xCD, 0xB4, 0x5A, 0xF6, 0x2A, 0xB6, 0x5B, 0x76, 0x56, 0x87, 0xCC, 0x23, 0x20, 0xB0, 0x1C,
    0xF1, 0x23, 0x03, 0x08, 0xF4, 0xD0, 0x36, 0xD8, 0x30, 0x0D, 0x01, 0xD5, 0x51, 0xA0, 0x1D, 0xD0,
    0x9E, 0xFD, 0x8F, 0x76, 0xF7, 0x43, 0x7B, 0xFC, 0xC0, 0xCB, 0x4D, 0xDB, 0xDD, 0x17, 0x11, 0x4D,
    0x3E, 0xD8, 0x34, 0xDB, 0x9F, 0x8F, 0xDB, 0xD7, 0xB2, 0x68, 0x57, 0xFC, 0xF4, 0xC7, 0xD4, 0x70,
    0xF5, 0x0C, 0x9C, 0x98, 0xEC, 0xB9, 0x7E, 0xFC, 0x1D, 0x65, 0x99, 0x00, 0x48, 0x57, 0x40, 0x1C,
    0x87, 0x92, 0xFE, 0xF0, 0xC6, 0xE6, 0x7B, 0x1D, 0x65, 0x14, 0xDF, 0xB0, 0x6A, 0x23, 0xEE, 0x22,
    0xCB, 0xFD, 0xF2, 0xB3, 0xFB, 0xF6, 0xF2, 0xFA, 0xBF, 0x51, 0xDE, 0xBE, 0x03, 0xC0, 0xAC, 0x9B,
    0x09, 0x32, 0xC5, 0xA3, 0xE3, 0xD9, 0x57, 0xE5, 0x4B, 0xED, 0x68, 0xE5, 0xF1, 0xBA, 0x7D, 0x56,
    0x05, 0x67, 0xFB, 0x57, 0xDD, 0xFA, 0xD5, 0xBF, 0x74, 0xAF, 0xFA, 0xD5, 0x49, 0xAB, 0xA3, 0x7F,
    0x5B, 0xAA, 0x1B, 0x7E, 0x58, 0x9F, 0xC8, 0x91, 0x98, 0xE9, 0x0F, 0x68, 0x9E, 0x1E, 0x2B, 0x45,
    0x60, 0x29, 0x4B, 0x7C, 0xA7, 0x8D, 0xE3, 0xC1, 0xC2, 0xA1, 0x3A, 0x62, 0x3F, 0x90, 0x27, 0xD1,
    0x1E, 0x1F, 0x35, 0xAA, 0xF1, 0xDE, 0xC3, 0xAE, 0xBE, 0xF2, 0xAD, 0xAB, 0x53, 0xF6, 0xE2, 0xBF,
    0x31, 0x81, 0x1F, 0x6F, 0xF0, 0x9C, 0xBF, 0xAD, 0x3F, 0xBA, 0xA7, 0x55, 0xBC, 0xE2, 0x9C, 0xF3,
    0x3A, 0xD6, 0x19, 0x7B, 0x48, 0xFA, 0x66, 0x15, 0xAE, 0x2C, 0xC5, 0x3D, 0x14, 0xA7, 0x9D, 0x13,
    0xE7, 0x5A, 0x1D, 0xEC, 0xDD, 0xB4, 0x03, 0xE1, 0x3B, 0xF9, 0x91, 0x4A, 0xF5, 0xF6, 0x0F, 0xDD,
    0x95, 0x09, 0x65, 0x3F, 0x94, 0x2A, 0x84, 0x37, 0x96, 0xF7, 0x65, 0xEC, 0xD7, 0xEB, 0xD3, 0x6C,
    0x6C, 0x64, 0xE1, 0x4C, 0xAB, 0xBA, 0xB5, 0xBF, 0xF8, 0xF5, 0xF0, 0x38, 0x9A, 0x37, 0xED, 0x0F,
    0x1A, 0x55, 0x8D, 0xF7, 0xFF, 0xF1, 0x22, 0x56, 0xBD, 0x34, 0x46, 0x3B, 0x8C, 0x46, 0xE6, 0x8F,
    0x22, 0xCC, 0x02, 0xF0, 0x5D, 0x38, 0x03, 0x57, 0x05, 0xB7, 0xBC, 0x18, 0x1E, 0x5E, 0x88, 0x76,
    0x8B, 0x9D, 0xE7, 0xD1, 0xDE, 0x95, 0x2A, 0x2D, 0xC7, 0xE1, 0x38, 0x7F, 0x91, 0xFE, 0x66, 0xBB,
    0xA9, 0xFB, 0x17, 0x7E, 0x83, 0xD7, 0x66, 0x5D, 0x47, 0x39, 0x8D, 0xB2, 0x4C, 0xAA, 0x9D, 0xF7,
    0xE1, 0x70, 0xD3, 0x44, 0x39, 0x8A, 0xF2, 0x9D, 0xDD, 0xCD, 0x3A, 0x20, 0x20, 0xB9, 0x51, 0xFA,
    0x56, 0x37, 0x57, 0x5D, 0xED, 0xE7, 0xBF, 0xBC, 0x6A, 0xBE, 0xD3, 0xDE, 0xD9, 0xF8, 0xEF, 0x0F,
    0xCC, 0x3E, 0xA6, 0xDA, 0x60, 0x6A, 0x8C, 0xD9, 0xED, 0x71, 0xFB, 0x17, 0x06, 0xBC, 0x86, 0xF7,
    0xE7, 0x9D, 0xE4, 0x92, 0x44, 0x35, 0xF9, 0x3A, 0xEE, 0x19, 0x9E, 0x3E, 0x42, 0x44, 0x0E, 0x8F,
    0x9E, 0x77, 0xF3, 0x60, 0xCF, 0x0C, 0xE6, 0x81, 0x32, 0x1E, 0xBF, 0x1E, 0xF3, 0x0B, 0x5E, 0x3E,
    0x0D, 0xE2, 0x69, 0x37, 0xD8, 0x5F, 0x26, 0x4A, 0x01, 0x40, 0xE0, 0x1C, 0xDC, 0x12, 0xA7, 0x8D,
    0x7B, 0x70, 0xE6, 0x54, 0x07, 0xFF, 0x76, 0x7A, 0xFC, 0xE8, 0xEA, 0xD3, 0x47, 0x8B, 0xE9, 0xD1,
    0xD4, 0xAF, 0x8E, 0xE9, 0xA2, 0x61, 0x26, 0xD0, 0xB7, 0xCD, 0xD9, 0xBD, 0xE8, 0x6A, 0xDC, 0x55,
    0x59, 0x4C, 0x13, 0xEF, 0x1B, 0x09, 0x9A, 0x3D, 0xD6, 0x47, 0xF7, 0xA3, 0x6E, 0x6A, 0xC8, 0x5D,
    0xBF, 0x0E, 0xF5, 0x07, 0xE9, 0x31, 0x96, 0x2F, 0x82, 0xD9, 0x5F, 0x1F, 0xE3, 0xB7, 0xB4, 0x35,
    0x8F, 0x94, 0x8B, 0x91, 0xA1, 0x08, 0x4B, 0x8D, 0xF5, 0x16, 0xAA, 0x80, 0x17, 0xDC, 0x39, 0x0E,
    0x0C, 0xFE, 0xE7, 0xF1, 0xFC, 0x41, 0xFA, 0xB3, 0x24, 0x16, 0x71, 0x4F, 0xFF, 0x6F, 0x80, 0x5D,
    0xF0, 0x67, 0x1C, 0x78, 0x57, 0x14, 0xD3, 0xE4, 0x6A, 0xB7, 0x54, 0xDF, 0x4B, 0xCB, 0x4F, 0xC6,
    0x87, 0x7A, 0xAC, 0xAA, 0xF2, 0xD5, 0x3A, 0x37, 0xBB, 0xFD, 0x60, 0x38, 0xAE, 0x42, 0xAB, 0xE9,
    0x7E, 0x2F, 0x53, 0x99, 0x78, 0xE2, 0x17, 0x8A, 0xE6, 0xB0, 0xA9, 0x2A, 0xBA, 0x2A, 0x88, 0x17,
    0xF9, 0x67, 0x91, 0xB6, 0x93, 0x93, 0x79, 0x32, 0x1A, 0xCA, 0x7F, 0xE5, 0xF1, 0x9E, 0xFE, 0xE6,
    0xC1, 0x8B, 0x1F, 0xF0, 0x69, 0x89, 0x68, 0x73, 0xE5, 0xD0, 0x56, 0xD3, 0x60, 0x2D, 0x43, 0x19,
    0x67, 0x69, 0x29, 0x3A, 0x3E, 0xF8, 0x9D, 0xFF, 0x86, 0x58, 0xDD, 0x2C, 0x7B, 0x00, 0xBA, 0x9D,
    0xE9, 0xD9, 0x83, 0xAB, 0x6B, 0xD5, 0xD1, 0xBF, 0xB3, 0x06, 0x07, 0x5F, 0xBD, 0xDC, 0xEE, 0xBE,
    0xD9, 0x0D, 0x6D, 0x71, 0xE2, 0x87, 0xAB, 0x26, 0x01, 0x2F, 0x4F, 0x51, 0x8A, 0xEC, 0xA2, 0x54,
    0x15, 0xFF, 0xCD, 0x38, 0x25, 0xA3, 0xBB, 0x64, 0x7E, 0xAE, 0xE2, 0x0E, 0xC9, 0x00, 0x3E, 0xDD,
    0x9C, 0x66, 0xC0, 0xDF, 0xFC, 0xF0, 0xCA, 0xE2, 0xE9, 0xBC, 0x29, 0xBE, 0x17, 0xCA, 0xDB, 0xF1,
    0xB2, 0x8B, 0x6B, 0x38, 0xC5, 0xDD, 0x77, 0xBB, 0xFE, 0xFB, 0x85, 0xE0, 0x78, 0xF1, 0x24, 0x98,
    0x22, 0xAA, 0xA2, 0x0A, 0x0E, 0x55, 0xC9, 0xD7, 0x67, 0x3F, 0xAE, 0x56, 0x83, 0x17, 0xAC, 0x66,
    0xE5, 0xEF, 0x84, 0x01, 0x7F, 0x3B, 0x5A, 0xCC, 0xF5, 0x58, 0x35, 0xCF, 0x7C, 0x52, 0x2D, 0x77,
    0x9F, 0x54, 0xC3, 0xD3, 0x4F, 0xAA, 0xAA, 0x31, 0x5F, 0x47, 0x45, 0xE7, 0x90, 0x15, 0xFF, 0xDD,
    0xBA, 0xF5, 0xC3, 0x38, 0x6E, 0x1D, 0xEF, 0x4F, 0xD2, 0xF9, 0xF4, 0x03, 0xF8, 0x8B, 0x9F, 0xFB,
    0x05, 0xC2, 0xC6, 0xA5, 0x2D, 0x36, 0x29, 0x16, 0x30, 0xB5, 0xE4, 0xD9, 0xE9, 0x8C, 0x20, 0x45,
    0x7A, 0xA4, 0x6F, 0xB6, 0x56, 0x21, 0x5B, 0x74, 0x13, 0x17, 0x29, 0xB2, 0x7D, 0x91, 0x36, 0x45,
    0x8A, 0x5C, 0xB1, 0x85, 0xCE, 0x90, 0x4D, 0xE6, 0x52, 0xB8, 0x70, 0x11, 0xD9, 0xEE, 0x61, 0xDA,
    0xBE, 0x22, 0x80, 0x01, 0x7B, 0xCE, 0x47, 0xC0, 0x74, 0x8E, 0xA7, 0x97, 0xF7, 0xCD, 0x23, 0x57,
    0x5C, 0x69, 0x6F, 0xA5, 0x33, 0x8E, 0x38, 0xCD, 0xD3, 0xED, 0x2E, 0xDF, 0x9F, 0xE1, 0x7B, 0x33,
    0xDF, 0x7C, 0x33, 0x9C, 0x09, 0xE2, 0x9D, 0x7F, 0x2D, 0xCA, 0xB3, 0xB6, 0xA2, 0x68, 0x08, 0x92,
    0x26, 0xBF, 0x98, 0x2F, 0x4D, 0x0A, 0x5B, 0x27, 0x85, 0xE7, 0x3B, 0x13, 0xCB, 0xA9, 0x93, 0x5B,
    0xF6, 0xBC, 0x23, 0xED, 0x60, 0xE9, 0xED, 0x6A, 0x1D, 0x95, 0x8E, 0xDB, 0x14, 0x87, 0xB2, 0x64,
    0x66, 0x06, 0x55, 0xCB, 0x6D, 0x4E, 0x6E, 0xE4, 0x36, 0x89, 0xB2, 0xFA, 0xDC, 0xA6, 0xD8, 0xB5,
    0x6D, 0x72, 0x91, 0xE4, 0x9E, 0xC8, 0x5B, 0x76, 0x3D, 0x28, 0xCF, 0x89, 0x02, 0x4E, 0xB7, 0x63,
    0xAC, 0x5F, 0x98, 0xDB, 0xA4, 0x8A, 0xC4, 0x94, 0xD6, 0x73, 0x9B, 0xE3, 0xB5, 0xE7, 0x36, 0xC5,
    0x73, 0x9B, 0xB3, 0xA3, 0xB9, 0xCD, 0xF5, 0x8D, 0xDC, 0xA6, 0x42, 0x94, 0xD4, 0xCF, 0x61, 0x0A,
    0x2B, 0x46, 0xDC, 0xE4, 0x1A, 0xCC, 0xE7, 0x71, 0x54, 0x55, 0xF3, 0xB0, 0xBA, 0xCE, 0x4F, 0xCA,
    0x15, 0x3F, 0xE9, 0xF7, 0xC1, 0x14, 0x2B, 0xA2, 0xA6, 0xD8, 0xC8, 0xE9, 0x2E, 0xF3, 0x40, 0xE6,
    0x8C, 0x9F, 0x30, 0x8D, 0xD6, 0x31, 0xAC, 0x5C, 0xE2, 0xB1, 0xD0, 0x8F, 0x0B, 0x92, 0xB9, 0x04,
    0x88, 0xAB, 0xB0, 0x58, 0xBA, 0x47, 0x25, 0xA1, 0xE4, 0xC5, 0xAD, 0x7F, 0xCB, 0x55, 0x45, 0xDB,
    0xBF, 0xED, 0x33, 0x65, 0x5C, 0x1C, 0x85, 0xB2, 0x8D, 0x1B, 0x88, 0x21, 0xDB, 0x38, 0xCA, 0x5C,
    0xCC, 0x4D, 0x26, 0x3F, 0x29, 0xF2, 0x6F, 0x8B, 0x8A, 0x08, 0x4D, 0x5E, 0x93, 0x3F, 0xA6, 0xF4,
    0xE6, 0x48, 0xD6, 0x57, 0x9B, 0xAE, 0xC7, 0x2C, 0x7E, 0x2F, 0xF6, 0xF7, 0x7D, 0x66, 0xB1, 0x9B,
    0x8F, 0x32, 0x77, 0x81, 0x63, 0xEE, 0xCC, 0x40, 0x8E, 0x61, 0x11, 0xFB, 0xF7, 0x79, 0xC6, 0x6F,
    0xD0, 0x67, 0xFC, 0xAE, 0x11, 0xAE, 0x87, 0xFE, 0xB6, 0x63, 0x17, 0xF7, 0xC7, 0x68, 0xF8, 0x69,
    0x99, 0x40, 0x73, 0x90, 0x09, 0xB4, 0xBA, 0x5A, 0xC2, 0xC2, 0xEC, 0x20, 0xEB, 0xB7, 0xFF, 0xB7,
    0xC7, 0x31, 0x7C, 0x44, 0xA9, 0xB6, 0xB6, 0x1C, 0x9F, 0xEC, 0xDE, 0x72, 0x28, 0x78, 0xD3, 0x64,
    0x30, 0x73, 0x4D, 0x05, 0xA6, 0xA6, 0x32, 0x9A, 0x25, 0x6B, 0x88, 0x58, 0xA2, 0x32, 0x2F, 0x41,
    0x2A, 0x8F, 0x89, 0x8A, 0x0A, 0x32, 0xC3, 0x94, 0xD1, 0x5C, 0x04, 0xDE, 0x00, 0xDE, 0x91, 0x72,
    0xAF, 0xA5, 0x95, 0x29, 0x13, 0x25, 0x91, 0x3D, 0x9D, 0x4C, 0x72, 0xA0, 0x27, 0x0E, 0xF3, 0x7A,
    0x96, 0xF2, 0xC2, 0x6A, 0x38, 0xC8, 0xA8, 0x63, 0x20, 0x9E, 0x42, 0xC2, 0xE5, 0xCB, 0xE4, 0xF5,
    0xAC, 0xE7, 0xF5, 0x6C, 0xCB, 0xEB, 0xA5, 0x9E, 0xD7, 0x2B, 0x3C, 0xAF, 0x57, 0x1E, 0xE6, 0xF5,
    0xD6, 0x2D, 0xAF, 0xD7, 0x3F, 0x4E, 0x37, 0x12, 0x79, 0x46, 0x2C, 0x92, 0xC6, 0x3A, 0x36, 0x6E,
    0x48, 0x70, 0x78, 0x69, 0x4B, 0xC4, 0x02, 0x1E, 0x78, 0xCC, 0x57, 0x40, 0x9D, 0xA4, 0x63, 0x31,
    0xD6, 0x16, 0x83, 0xFC, 0x67, 0x84, 0x65, 0x83, 0x45, 0xB3, 0x81, 0xCC, 0x87, 0x45, 0x8F, 0x79,
    0x5B, 0xDF, 0xC4, 0xBC, 0x75, 0x8F, 0xDC, 0xB3, 0x77, 0x78, 0x0E, 0xCB, 0x96, 0xB7, 0xDB, 0x83,
    0xE7, 0x26, 0x36, 0x97, 0xB1, 0x79, 0x03, 0x8B, 0x57, 0xF7, 0x69, 0xB5, 0x9D, 0xFD, 0x53, 0x79,
    0x0A, 0xED, 0xAC, 0xA5, 0xD0, 0x3E, 0x75, 0x14, 0xDA, 0x17, 0x7D, 0x0A, 0xED, 0xF5, 0xAB, 0xBD,
    0x1C, 0xBF, 0x4A, 0xBA, 0x2C, 0x3D, 0x49, 0xC7, 0xC5, 0x51, 0x7B, 0xF9, 0x08, 0x6A, 0xEC, 0xCA,
    0x12, 0xE7, 0xF7, 0x5A, 0x14, 0xED, 0x22, 0x1D, 0xE0, 0xF4, 0x08, 0x14, 0xDD, 0x8D, 0x93, 0xB5,
    0xEB, 0x20, 0x62, 0x9E, 0xDD, 0x8E, 0x98, 0xFF, 0x9D, 0x39, 0xC4, 0x5C, 0xC0, 0x5F, 0x4A, 0x9F,
    0xDB, 0x75, 0xBB, 0x77, 0x46, 0xAA, 0x64, 0x4B, 0xC1, 0x5E, 0x9F, 0x7C, 0xE9, 0x84, 0xD8, 0x74,
    0x4A, 0x7D, 0x5F, 0x2A, 0xF4, 0xEA, 0x04, 0x43, 0x6E, 0xAD, 0x83, 0x00, 0x3A, 0xC4, 0x82, 0x81,
    0x4D, 0xD9, 0x04, 0x96, 0x12, 0x66, 0xA0, 0xCD, 0x04, 0x4C, 0x61, 0x32, 0x1F, 0x10, 0x31, 0xD4,
    0xD9, 0xD0, 0xE7, 0xAE, 0xCE, 0x42, 0x06, 0xA1, 0x61, 0xB8, 0x41, 0xF0, 0x4E, 0x11, 0xBC, 0xFD,
    0x08, 0xEA, 0x79, 0xC1, 0x30, 0x93, 0x8D, 0x7A, 0x5F, 0x40, 0xFD, 0x2F, 0xA0, 0x1E, 0x18, 0xDE,
    0x07, 0xEB, 0x35, 0xFC, 0x0F, 0x7C, 0xB4, 0x86, 0xE9, 0xFF, 0x71, 0xB7, 0xEB, 0x74, 0x4B, 0x8A,
    0x3A, 0x44, 0x59, 0xC5, 0x31, 0x7E, 0xB3, 0xA8, 0x97, 0x38, 0x0D, 0x4B, 0x61, 0xF6, 0xB0, 0x15,
    0xFF, 0xBF, 0x27, 0x78, 0x75, 0x48, 0xC8, 0xF8, 0x26, 0xEC, 0x4E, 0x8E, 0xD5, 0x4B, 0x7C, 0xD3,
    0x50, 0x31, 0x93, 0x69, 0x4C, 0xFD, 0x9A, 0xA8, 0x89, 0x1E, 0xA6, 0x4D, 0x74, 0xB7, 0x54, 0x87,
    0x0E, 0xD0, 0xA5, 0x3F, 0x02, 0xD4, 0xA9, 0xC3, 0xBB, 0x75, 0x78, 0xC7, 0x0E, 0xEF, 0xDA, 0xBD,
    0x5E, 0xF7, 0x9B, 0xAD, 0xFE, 0xFD, 0x23, 0xF0, 0x27, 0x98, 0x2A, 0x6C, 0x0D, 0x55, 0xFE, 0x79,
    0xFB, 0x2C, 0x1E, 0xF3, 0x71, 0x90, 0x26, 0x80, 0x0B, 0x8B, 0xD7, 0xA7, 0xB2, 0xF8, 0xE0, 0x47,
    0x5B, 0x0C, 0x44, 0xC6, 0x76, 0x7D, 0x0E, 0x93, 0x5D, 0x5C, 0x9E, 0xFB, 0x14, 0x37, 0x47, 0x06,
    0x37, 0x17, 0xFC, 0x4C, 0xB4, 0xCD, 0xA9, 0x7B, 0x9D, 0x4B, 0x54, 0xA2, 0xBD, 0x82, 0x8A, 0x32,
    0x51, 0x39, 0x7F, 0x8D, 0x52, 0x90, 0x94, 0x1C, 0x45, 0xC3, 0x2F, 0x91, 0xD8, 0x36, 0x95, 0xA4,
    0x33, 0xDB, 0x24, 0xEB, 0xA1, 0xA0, 0x22, 0x49, 0xCB, 0xDE, 0xE7, 0x43, 0xC4, 0x80, 0x8C, 0x53,
    0x27, 0x99, 0x72, 0x05, 0x72, 0x5D, 0xA8, 0x4F, 0x71, 0xF3, 0x1A, 0xAB, 0x1E, 0xA3, 0x86, 0x32,
    0xBE, 0x43, 0xB9, 0x84, 0x03, 0x28, 0xD6, 0x92, 0x08, 0xB2, 0xB6, 0x66, 0x02, 0xB6, 0x9E, 0x13,
    0xA6, 0x30, 0x49, 0x82, 0x37, 0x83, 0x0B, 0x51, 0x57, 0x41, 0xB0, 0xA2, 0x73, 0x77, 0x92, 0x80,
    0x05, 0x20, 0x64, 0x01, 0x98, 0x90, 0xF5, 0xFA, 0xD8, 0x91, 0x5C, 0x51, 0x45, 0x99, 0x0B, 0xA5,
    0x70, 0x15, 0xC3, 0x12, 0x91, 0x28, 0xAF, 0xDD, 0x30, 0x99, 0xEC, 0x80, 0xCD, 0x93, 0xAF, 0x65,
    0xFD, 0x96, 0xFD, 0xDC, 0x96, 0x04, 0x37, 0x93, 0xD4, 0xA4, 0x84, 0xBB, 0xF3, 0x41, 0xAA, 0xAB,
    0xA0, 0x9E, 0x08, 0x72, 0xB8, 0x0A, 0xEA, 0x48, 0x81, 0x0E, 0xCF, 0x3A, 0x76, 0x88, 0x28, 0x4C,
    0x3A, 0xA5, 0x99, 0x4E, 0x6F, 0xFA, 0x65, 0xDE, 0xFD, 0x4A, 0x68, 0x1A, 0x4C, 0x6B, 0x53, 0xC4,
    0x48, 0xEE, 0xA4, 0x47, 0x40, 0x85, 0x48, 0x8B, 0x81, 0xF2, 0x0E, 0x05, 0x9D, 0x64, 0x2D, 0x00,
    0x02, 0xAE, 0xBE, 0xB4, 0x58, 0x08, 0x68, 0xD1, 0x10, 0xD0, 0xE2, 0x21, 0xA0, 0x87, 0x88, 0xFC,
    0xB0, 0x37, 0x7F, 0xE9, 0x66, 0xA8, 0x57, 0x22, 0xBE, 0xC5, 0x8C, 0x6A, 0xE1, 0x25, 0x9A, 0x19,
    0xAE, 0x12, 0xCE, 0x90, 0xD9, 0xE1, 0x84, 0xFA, 0x99, 0x8C, 0x24, 0x42, 0x2C, 0xEA, 0xC7, 0xA3,
    0xF5, 0x3C, 0x2F, 0xFD, 0x52, 0xAA, 0x93, 0x4C, 0xB3, 0xC5, 0x27, 0x17, 0x60, 0xC6, 0xD8, 0x0F,
    0xCD, 0xAC, 0x71, 0xFB, 0x25, 0x4C, 0xD9, 0x6A, 0xF6, 0x98, 0x6D, 0x97, 0x41, 0xD6, 0xAF, 0x45,
    0x6F, 0x32, 0x8A, 0xD7, 0x2A, 0x22, 0x36, 0x3A, 0x13, 0x28, 0x21, 0x42, 0x15, 0x19, 0xE1, 0xCA,
    0xCE, 0x56, 0x61, 0x53, 0xC9, 0x32, 0x8E, 0x24, 0x59, 0xD7, 0x73, 0x34, 0x80, 0xAD, 0xA9, 0x4D,
    0x87, 0xE0, 0xAE, 0x76, 0x02, 0x51, 0x5C, 0xB7, 0x13, 0x88, 0xE4, 0xB6, 0x5B, 0x2C, 0x6A, 0x74,
    0x83, 0xED, 0x1C, 0xFF, 0x29, 0x56, 0xF5, 0xDC, 0xE9, 0x7B, 0x51, 0x4B, 0x6C, 0xDC, 0xD6, 0x3A,
    0x35, 0x5E, 0xC7, 0xA8, 0x30, 0xA1, 0x6E, 0xA9, 0x57, 0xCF, 0x64, 0x67, 0xFD, 0xE3, 0x67, 0x29,
    0x07, 0x82, 0xAD, 0x05, 0xB4, 0x5E, 0x16, 0x21, 0xC8, 0xBD, 0xC6, 0xB0, 0x3F, 0x6A, 0x4A, 0x59,
    0xCE, 0x21, 0x9C, 0x26, 0x88, 0xF6, 0x00, 0x62, 0x43, 0x80, 0xE8, 0x50, 0x4F, 0xBC, 0x00, 0x44,
    0x7D, 0x2F, 0xA5, 0x67, 0xBF, 0x2B, 0xA2, 0xBD, 0x9E, 0x0D, 0xD0, 0x97, 0x7D, 0x1B, 0x66, 0x54,
    0x86, 0x7D, 0x03, 0x26, 0x2A, 0x1B, 0x22, 0xCE, 0x69, 0x4C, 0xC8, 0x19, 0x35, 0xC4, 0x9C, 0x7F,
    0x2A, 0x15, 0x74, 0x42, 0x51, 0x27, 0x14, 0x76, 0x42, 0x71, 0x27, 0x14, 0x78, 0x2A, 0xF2, 0xDC,
    0x6E, 0xA8, 0x88, 0x22, 0xF6, 0x31, 0xA9, 0x4E, 0x9D, 0x42, 0xF0, 0x0F, 0xA9, 0x64, 0xE8, 0xC0,
    0x91, 0x8C, 0x1E, 0x36, 0x27, 0xD9, 0x37, 0xF6, 0x07, 0xC0, 0x41, 0x53, 0x27, 0x38, 0x85, 0x15,
    0xD9, 0xB5, 0xC4, 0x36, 0x84, 0x1E, 0xEB, 0x63, 0x15, 0x62, 0xDE, 0x71, 0x64, 0x5F, 0x30, 0x7A,
    0x68, 0x35, 0x15, 0x4E, 0x85, 0xE8, 0xBF, 0x57, 0x54, 0x1A, 0x4A, 0x82, 0x59, 0x2A, 0x84, 0xBD,
    0x10, 0x6C, 0xDE, 0xA8, 0x90, 0xE3, 0xC7, 0x82, 0x8E, 0x85, 0xDE, 0x58, 0x77, 0xFA, 0x63, 0xDD,
    0xE3, 0x58, 0x4F, 0xFD, 0x58, 0x36, 0xFD, 0xE5, 0x3D, 0xEF, 0xAF, 0xE2, 0x83, 0xA3, 0x56, 0xA1,
    0xBF, 0x19, 0x59, 0x4A, 0x3A, 0xE0, 0x0E, 0xB6, 0xDB, 0xA6, 0x1D, 0x11, 0x58, 0x19, 0xA7, 0x70,
    0x84, 0x81, 0x25, 0xB4, 0xBE, 0xB7, 0x04, 0x01, 0x09, 0x50, 0x55, 0x94, 0x12, 0x53, 0x12, 0x96,
    0x00, 0x04, 0x26, 0x40, 0x07, 0x4D, 0x6E, 0xF4, 0x02, 0x14, 0x90, 0x76, 0x15, 0x2A, 0x05, 0x83,
    0x7B, 0x17, 0x95, 0xF2, 0xB3, 0xB9, 0x38, 0x9F, 0xB7, 0x3C, 0xC9, 0x14, 0x8E, 0x42, 0xBC, 0x24,
    0x1C, 0x05, 0x21, 0x39, 0x40, 0x70, 0x03, 0x10, 0x77, 0xBD, 0xBC, 0x9E, 0x09, 0x5C, 0x3A, 0x47,
    0x4A, 0x3F, 0xBA, 0xEF, 0x05, 0x0E, 0xFB, 0x32, 0xDA, 0x61, 0xA6, 0xE1, 0x2B, 0xB9, 0x98, 0x11,
    0x2B, 0x12, 0xEC, 0x9F, 0x64, 0x44, 0xEF, 0xF4, 0x02, 0x94, 0x32, 0xCE, 0x8C, 0x8E, 0x75, 0x06,
    0x10, 0xF6, 0x7B, 0x2F, 0x70, 0x5B, 0xCF, 0x0B, 0xED, 0x79, 0xA1, 0x3D, 0x0F, 0x7D, 0xCF, 0xB3,
    0xDD, 0x9E, 0xB7, 0xBE, 0xAC, 0x32, 0xE5, 0xB6, 0xE7, 0x3A, 0x7A, 0x9E, 0x2F, 0x63, 0x80, 0xB0,
    0x0D, 0x11, 0x54, 0x69, 0x61, 0x7B, 0xEC, 0x72, 0x61, 0xDB, 0x7A, 0x38, 0x26, 0xB3, 0xD1, 0x32,
    0x0C, 0x59, 0xFB, 0x29, 0x35, 0x6C, 0xF8, 0xD7, 0xD7, 0xA2, 0x81, 0xC3, 0x63, 0x5B, 0xFA, 0xD0,
    0x61, 0x92, 0x52, 0xA7, 0x9D, 0x56, 0x3B, 0xBD, 0xB2, 0xF5, 0x21, 0x04, 0xE0, 0x83, 0x08, 0x60,
    0x1B, 0x46, 0x00, 0xEB, 0xDD, 0xEC, 0x15, 0x96, 0xDD, 0xA6, 0x8F, 0x3B, 0x94, 0x12, 0x77, 0x30,
    0x65, 0xC9, 0xF9, 0x33, 0xB6, 0x10, 0x6B, 0xDB, 0xE8, 0x82, 0x7A, 0xF7, 0xF1, 0x85, 0x63, 0x6B,
    0x7C, 0x84, 0xF1, 0xD0, 0x76, 0x31, 0xC6, 0x39, 0xDA, 0xF0, 0x02, 0xDB, 0x2F, 0x6D, 0xA4, 0x01,
    0xB4, 0xB1, 0x06, 0xD0, 0x46, 0x1B, 0x40, 0x1B, 0x6F, 0xBC, 0x80, 0xD1, 0x07, 0x8D, 0x3E, 0x0E,
    0x18, 0xFD, 0xAE, 0xB7, 0xAE, 0xC3, 0xAE, 0x4F, 0xED, 0x96, 0x45, 0x08, 0x11, 0xD1, 0x8A, 0x4D,
    0x9E, 0x85, 0x8A, 0x57, 0xE2, 0x20, 0x8D, 0xAB, 0xB8, 0x89, 0x36, 0xA6, 0x9C, 0x27, 0xD5, 0x53,
    0xEA, 0xAC, 0x1E, 0xA4, 0x64, 0xC7, 0x3E, 0xBB, 0x00, 0xA4, 0x7D, 0x86, 0xAC, 0x4C, 0x60, 0xAB,
    0xC5, 0x09, 0x50, 0x9F, 0x65, 0x01, 0xF8, 0x12, 0x85, 0x5B, 0xF0, 0x8A, 0x51, 0xBC, 0x92, 0x28,
    0x5E, 0x71, 0xF1, 0x92, 0xC3, 0x2B, 0xB6, 0xC1, 0x03, 0x5B, 0x32, 0x66, 0x9A, 0x70, 0x14, 0x05,
    0x07, 0xDC, 0x0F, 0x8C, 0x9C, 0x00, 0xC6, 0x4E, 0x80, 0x51, 0xD7, 0xCB, 0xF8, 0xC9, 0x5F, 0x0A,
    0x0F, 0x86, 0xD6, 0xB3, 0x47, 0x29, 0x94, 0x65, 0x0C, 0x4B, 0xA2, 0xED, 0x45, 0xC3, 0xFE, 0x65,
    0x3E, 0xFC, 0xEA, 0x43, 0xC6, 0x57, 0x3F, 0xD9, 0x8C, 0x11, 0xD6, 0x03, 0x30, 0xC6, 0x02, 0x18,
    0x65, 0xB5, 0xC9, 0x5D, 0x40, 0x84, 0xD2, 0xAA, 0x4C, 0x8A, 0x63, 0x6D, 0x04, 0x82, 0xA2, 0xD2,
    0x9D, 0x97, 0x33, 0x1E, 0xBB, 0xBC, 0xF1, 0x24, 0x07, 0xFD, 0x93, 0x1C, 0xAD, 0x0F, 0x3D, 0xD0,
    0xD8, 0xB8, 0x07, 0xFA, 0xBA, 0x71, 0x0F, 0x14, 0x0B, 0xF7, 0x40, 0xA3, 0xDA, 0x00, 0x3F, 0xFB,
    0xA7, 0x3A, 0x01, 0x2A, 0x6A, 0x22, 0xD7, 0xBE, 0x6C, 0x76, 0xBC, 0xB9, 0x91, 0x2B, 0x73, 0xF3,
    0x5B, 0x35, 0x37, 0xB1, 0x4E, 0x32, 0x74, 0x92, 0x05, 0x13, 0x00, 0x4B, 0x26, 0x78, 0x24, 0xDA,
    0x03, 0x51, 0x43, 0x91, 0xE0, 0x91, 0x86, 0x38, 0x9E, 0x18, 0xC3, 0xA8, 0xF0, 0x5D, 0xCB, 0x32,
    0x8A, 0x0F, 0x8E, 0x37, 0xC4, 0x7B, 0x4E, 0x65, 0x78, 0x93, 0x53, 0x61, 0xEA, 0xF5, 0xCB, 0x22,
    0xFC, 0xE9, 0x87, 0x2F, 0x6C, 0x41, 0x53, 0x7B, 0x0E, 0x46, 0x8F, 0x1E, 0xEA, 0x77, 0xB2, 0xEE,
    0x29, 0x99, 0x31, 0xE5, 0x2E, 0x26, 0xA4, 0x76, 0xB6, 0x86, 0x0C, 0x10, 0x66, 0x67, 0x09, 0x54,
    0x0B, 0x66, 0x68, 0xB9, 0x6E, 0xB7, 0xD5, 0x23, 0xC4, 0x95, 0x34, 0xD1, 0x34, 0x2A, 0xE7, 0xB9,
    0xD8, 0x26, 0xB2, 0xC4, 0x82, 0x3F, 0x96, 0x77, 0xFF, 0x42, 0x28, 0x28, 0xAD, 0x6B, 0x92, 0xE1,
    0x5A, 0x5B, 0x66, 0x6F, 0x81, 0x0E, 0x9E, 0x01, 0xCA, 0x2F, 0x1E, 0x0B, 0xCD, 0x73, 0x85, 0xE6,
    0x7F, 0x27, 0x34, 0x1F, 0x16, 0x9F, 0x60, 0x92, 0x86, 0xCA, 0x44, 0xCF, 0x5E, 0xD1, 0x6D, 0x63,
    0x74, 0xDB, 0x44, 0x3D, 0x68, 0x2E, 0x6D, 0xE4, 0xDB, 0x45, 0xBF, 0x54, 0xEB, 0x8B, 0x39, 0xB3,
    0xD1, 0xC3, 0x75, 0xE7, 0x72, 0x92, 0xB7, 0x53, 0x87, 0xC2, 0x19, 0x25, 0x03, 0x4F, 0x54, 0x3E,
    0x1E, 0xDD, 0xE6, 0x72, 0x98, 0x65, 0x42, 0x97, 0x67, 0xF2, 0x88, 0xAB, 0xD1, 0xCA, 0x93, 0x20,
    0x33, 0x46, 0x2B, 0x4F, 0xBE, 0xCB, 0x10, 0xB6, 0x7C, 0x73, 0x3C, 0x2C, 0xF7, 0x8A, 0x79, 0x73,
    0x3D, 0x65, 0xC2, 0xEE, 0x1A, 0x7E, 0xFB, 0x9E, 0x3F, 0x33, 0x08, 0x6A, 0x04, 0x59, 0x64, 0x31,
    0x2E, 0x12, 0x17, 0x94, 0x17, 0x8E, 0x88, 0x1E, 0x15, 0x86, 0x91, 0xF0, 0x35, 0x22, 0x3A, 0xC8,
    0x24, 0x5C, 0x87, 0xAC, 0xED, 0xDD, 0x30, 0x08, 0xAE, 0x10, 0x94, 0xCC, 0x2D, 0x30, 0x3F, 0xA3,
    0x43, 0x3D, 0x78, 0x76, 0x99, 0xD8, 0x65, 0x34, 0x6C, 0x62, 0x34, 0x4B, 0xCC, 0xAB, 0x7D, 0x5E,
    0x3A, 0x4F, 0xDB, 0xE2, 0x8D, 0x11, 0xE1, 0x93, 0x56, 0x7D, 0x70, 0x36, 0x97, 0xF8, 0x44, 0xB0,
    0xE2, 0xBE, 0x9B, 0xE0, 0x1C, 0xBB, 0x34, 0xF5, 0xA3, 0x5D, 0x9A, 0xBA, 0xDA, 0xA7, 0xA9, 0xFD,
    0xD6, 0xCD, 0xB5, 0xCC, 0x8A, 0x9F, 0xA4, 0xCC, 0x1B, 0x5B, 0x4F, 0x66, 0x12, 0x0F, 0xA4, 0x57,
    0xA6, 0x5B, 0xED, 0x95, 0xE9, 0xD2, 0xC7, 0x0E, 0x99, 0x0D, 0xE1, 0xE6, 0x1E, 0x89, 0x6B, 0x97,
    0x70, 0x0B, 0x18, 0xBB, 0x88, 0x30, 0xDA, 0x20, 0x9C, 0x19, 0x18, 0xBB, 0x81, 0x71, 0x54, 0xB6,
    0xE9, 0x51, 0xD9, 0xE1, 0x2A, 0x90, 0x69, 0x62, 0x6D, 0xC3, 0xA2, 0xE8, 0xEB, 0xA5, 0x73, 0xB9,
    0xDA, 0x3F, 0x56, 0xD9, 0xB8, 0x8F, 0x24, 0x5F, 0x58, 0xB1, 0xD5, 0x47, 0x22, 0xEF, 0x8F, 0x58,
    0xB6, 0x5B, 0x0C, 0xCB, 0x8F, 0xC8, 0xC3, 0x08, 0xCF, 0x8C, 0x04, 0xD9, 0x7D, 0x37, 0x0F, 0x71,
    0xF3, 0x28, 0x23, 0xA7, 0xDE, 0xBB, 0x8F, 0xE0, 0x77, 0x71, 0xCA, 0x66, 0x15, 0x94, 0x6C, 0x64,
    0x50, 0x69, 0xE3, 0xB7, 0xD2, 0x47, 0x76, 0xCE, 0xB2, 0xDD, 0xC4, 0x6E, 0x7C, 0xD9, 0x6E, 0xCE,
    0xB2, 0xDD, 0x4B, 0x44, 0x2F, 0xAF, 0x6C, 0x97, 0x40, 0xD0, 0xA4, 0x8B, 0x26, 0x49, 0x65, 0x12,
    0xA3, 0x5A, 0x4C, 0xB1, 0xB0, 0x46, 0x4E, 0xFE, 0xEA, 0xCB, 0x6F, 0x13, 0x96, 0xDF, 0x92, 0xDE,
    0x7E, 0xCF, 0x05, 0x47, 0x21, 0x81, 0x85, 0x3B, 0xED, 0x51, 0xE2, 0x08, 0x47, 0x53, 0x45, 0x95,
    0x5B, 0x00, 0x33, 0x73, 0x41, 0xE9, 0x26, 0x2D, 0x98, 0xBB, 0xC9, 0xBA, 0x89, 0xBA, 0x49, 0xBA,
    0x09, 0xEE, 0xB3, 0xDD, 0x6E, 0x12, 0x77, 0xFF, 0xCB, 0xD5, 0x56, 0xF8, 0x78, 0xB0, 0x21, 0x58,
    0xCF, 0x58, 0xC1, 0x31, 0xCB, 0x6B, 0x89, 0x98, 0x95, 0x49, 0xA3, 0x6A, 0x0E, 0x5B, 0x55, 0x90,
    0x1E, 0xAB, 0x7D, 0x9D, 0x01, 0x3F, 0xFE, 0xFE, 0xC3, 0xAC, 0x38, 0x63, 0x97, 0x8E, 0x32, 0x32,
    0x34, 0x90, 0x81, 0x3A, 0xB6, 0xBF, 0xF9, 0x0D, 0x16, 0x55, 0xD1, 0xD3, 0x8C, 0x85, 0x1A, 0xDB,
    0xE2, 0xDC, 0xF4, 0x86, 0xE2, 0xDC, 0x62, 0xA7, 0x38, 0x37, 0x78, 0xC6, 0xFA, 0xA0, 0xD8, 0x94,
    0xD3, 0x89, 0x84, 0xCD, 0xF2, 0x6E, 0x19, 0xE3, 0x7C, 0x3E, 0xB4, 0xCD, 0x68, 0xFD, 0xEC, 0x1B,
    0x6B, 0xBB, 0xCA, 0xDC, 0xF7, 0x3C, 0x7F, 0x7E, 0xF7, 0x67, 0xAE, 0xA6, 0xC4, 0xC7, 0x77, 0x1B,
    0xC2, 0x3B, 0x08, 0x82, 0x6C, 0xE6, 0xC2, 0xA2, 0xC8, 0x6E, 0xD6, 0x11, 0x8C, 0xCC, 0x83, 0x91,
    0x54, 0x47, 0x72, 0xEA, 0xFB, 0x7D, 0x99, 0xEC, 0x81, 0xFD, 0xB6, 0x48, 0xBA, 0xBE, 0xE0, 0xFA,
    0xDA, 0xE5, 0xCE, 0x93, 0x7B, 0xC2, 0x20, 0x83, 0x21, 0xC6, 0xF1, 0xF7, 0x1F, 0xE6, 0xDE, 0x87,
    0x9B, 0x54, 0xAB, 0x2C, 0xCC, 0x88, 0xA6, 0x2A, 0xC2, 0xA8, 0x31, 0x6D, 0x6D, 0xC4, 0x90, 0x6C,
    0x9F, 0x86, 0xFA, 0x27, 0x19, 0x64, 0x21, 0x90, 0x6A, 0x09, 0x91, 0x98, 0xEE, 0x70, 0x54, 0x3A,
    0x0F, 0x55, 0x9C, 0x0E, 0x37, 0x9D, 0xE3, 0xA3, 0xDD, 0xA0, 0xD9, 0xA0, 0xD5, 0xF0, 0x26, 0xEC,
    0x13, 0xA1, 0xAB, 0x2A, 0x71, 0xBE, 0x4B, 0xC0, 0xB2, 0x32, 0x76, 0xCB, 0x69, 0xBE, 0xD8, 0xBD,
    0xC5, 0xF5, 0x7B, 0xFB, 0x47, 0x7B, 0xB4, 0x81, 0x66, 0xB2, 0xCD, 0x58, 0x5C, 0x7B, 0x89, 0x51,
    0x13, 0x47, 0x25, 0xA6, 0x24, 0x0B, 0x24, 0x86, 0x91, 0x19, 0xCC, 0xDB, 0x02, 0xB3, 0xE5, 0xF0,
    0x8B, 0x49, 0x97, 0xB9, 0x22, 0xE0, 0x7E, 0xE1, 0xFB, 0x47, 0xEE, 0xFE, 0xA0, 0xDC, 0xDE, 0xDF,
    0x9F, 0x8B, 0x8F, 0x0C, 0xEC, 0x86, 0xD2, 0xC7, 0xE3, 0xF6, 0x09, 0x7F, 0x94, 0x64, 0xD5, 0xAF,
    0xD4, 0xF1, 0x84, 0x44, 0x24, 0xF1, 0x98, 0x3F, 0x9B, 0x68, 0x7C, 0x18, 0xEA, 0x7B, 0x2F, 0x06,
    0x71, 0x2E, 0x94, 0xE2, 0xE5, 0x1F, 0x8A, 0x50, 0x99, 0xFC, 0x24, 0x5B, 0x2E, 0x6C, 0xBE, 0x51,
    0x96, 0x59, 0x4D, 0x43, 0x0B, 0x16, 0x13, 0xAB, 0x4D, 0x1C, 0x15, 0xFE, 0x7F, 0x3E, 0x1F, 0x56,
    0x0A, 0xC3, 0xE9, 0x14, 0xC2, 0x0A, 0xDD, 0x12, 0xCB, 0x05, 0x99, 0x7C, 0xCC, 0x4D, 0xA6, 0x18,
    0xDA, 0x57, 0xE8, 0xC6, 0x37, 0x55, 0xE8, 0x2E, 0x3D, 0x93, 0xBF, 0x21, 0x93, 0xFF, 0x95, 0xFD,
    0xCE, 0x16, 0x63, 0x4B, 0x64, 0x8D, 0x5B, 0x2C, 0xC7, 0x1E, 0xB1, 0x4F, 0xF3, 0xD5, 0xD3, 0x65,
    0x09, 0x43, 0x9F, 0x5A, 0x2F, 0x8D, 0x20, 0x4E, 0x1A, 0xC4, 0x97, 0x31, 0x62, 0xEB, 0xDA, 0x1E,
    0xD9, 0xBF, 0x5C, 0x61, 0x20, 0x49, 0x1A, 0xAC, 0xBB, 0xD2, 0x5B, 0x5D, 0x5E, 0x62, 0xB9, 0xB0,
    0x0C, 0x09, 0xFB, 0x79, 0x5C, 0x86, 0x25, 0x64, 0xD1, 0x40, 0x64, 0x0E, 0x71, 0xC0, 0x5A, 0xEC,
    0xC5, 0xA8, 0x7C, 0x3F, 0x0D, 0x8B, 0xC8, 0x5A, 0xEC, 0x95, 0xDE, 0x26, 0x25, 0xB5, 0xAF, 0xBA,
    0xA7, 0xE6, 0xA9, 0x77, 0x6A, 0xBD, 0xF7, 0x62, 0x4F, 0x48, 0x6D, 0xE7, 0x6D, 0xB5, 0xA8, 0xD3,
    0xF3, 0xAF, 0x9D, 0x96, 0xA7, 0x4E, 0xC7, 0x0D, 0x35, 0x1C, 0x95, 0xC8, 0x1B, 0xC8, 0x19, 0x72,
    0x8B, 0xE8, 0xD3, 0x14, 0x8E, 0x0A, 0xB1, 0x45, 0xC2, 0xF7, 0xB3, 0xEA, 0x78, 0xFC, 0xF1, 0x20,
    0x0F, 0x93, 0xDA, 0xA8, 0xC7, 0x99, 0xD4, 0x58, 0x2D, 0x1C, 0xF6, 0xB1, 0xD9, 0xE1, 0x6D, 0x7C,
    0x67, 0xE9, 0x2B, 0x6F, 0x43, 0xB7, 0x8D, 0xFF, 0xBC, 0xAA, 0xCC, 0x97, 0x8D, 0x1A, 0xBA, 0x2A,
    0xD1, 0xCA, 0x5B, 0x9A, 0x37, 0x62, 0x3E, 0x1A, 0x37, 0xF3, 0x6E, 0xE1, 0x2B, 0x57, 0x9F, 0x16,
    0x18, 0xD9, 0xDF, 0x61, 0xB0, 0x64, 0xD5, 0xED, 0x78, 0x2F, 0x25, 0x76, 0xDF, 0xDD, 0xC0, 0x1B,
    0x3B, 0x58, 0x13, 0xB9, 0xAF, 0x71, 0x08, 0x4C, 0x23, 0x20, 0xB2, 0x40, 0xF0, 0x03, 0x60, 0xC8,
    0x88, 0x55, 0xC9, 0x3A, 0xD9, 0xDC, 0x56, 0x71, 0xDB, 0xF7, 0x8A, 0x0F, 0x25, 0xF9, 0xC6, 0x8A,
    0xAD, 0x97, 0x5D, 0xB1, 0x4E, 0xD1, 0x16, 0xEB, 0x5C, 0x92, 0x12, 0x15, 0x93, 0xF5, 0xD2, 0x0C,
    0xC9, 0x5E, 0x9A, 0xE1, 0xF9, 0x7A, 0xF8, 0x7C, 0x8D, 0xF3, 0xC1, 0xC1, 0xE3, 0x3C, 0xFC, 0xF6,
    0x33, 0x8C, 0x9E, 0xB4, 0x00, 0x2A, 0x2F, 0xDC, 0xED, 0x23, 0x59, 0x0E, 0xD9, 0x39, 0xB1, 0x2B,
    0xAD, 0xF2, 0x26, 0xC5, 0xEC, 0x96, 0xF7, 0xA1, 0x54, 0x1F, 0xC6, 0x52, 0x7C, 0x98, 0x01, 0xCE,
    0x09, 0x74, 0x18, 0xC4, 0x64, 0x41, 0x6D, 0x18, 0x7E, 0x9A, 0x9A, 0xC9, 0x85, 0xB9, 0xBE, 0x23,
    0x75, 0x4C, 0x42, 0x1F, 0xA1, 0x80, 0x5B, 0x6F, 0x82, 0xC6, 0x80, 0x54, 0xE1, 0x99, 0x0E, 0xBF,
    0x8E, 0x6E, 0x7B, 0x4D, 0x2A, 0x12, 0x00, 0x0A, 0x78, 0xEB, 0x89, 0x32, 0x30, 0x57, 0x1E, 0xFC,
    0xEC, 0x35, 0x86, 0x04, 0x33, 0xA6, 0xF2, 0xDE, 0x6B, 0xDF, 0x95, 0xFA, 0xE7, 0x0D, 0xB9, 0xFF,
    0x94, 0xA0, 0xAA, 0xB8, 0x1D, 0x54, 0x09, 0x87, 0xE0, 0x08, 0xED, 0x00, 0xFC, 0xBC, 0x9F, 0xB0,
    0xB2, 0xA9, 0xCE, 0x4B, 0x89, 0x07, 0x7C, 0x07, 0xCA, 0x0E, 0x25, 0xDF, 0x6C, 0xDF, 0x81, 0x4A,
    0x7B, 0xE0, 0x6A, 0x51, 0xB6, 0x1B, 0xA7, 0x01, 0x4E, 0x27, 0xC0, 0x1B, 0x5D, 0x1F, 0x67, 0x8E,
    0x8A, 0x6F, 0xA2, 0x4D, 0xF4, 0x9C, 0xF7, 0xA0, 0xD6, 0xCF, 0xAD, 0x15, 0xA0, 0x89, 0xF3, 0x11,
    0x4A, 0x29, 0x40, 0x79, 0x5F, 0x4B, 0x47, 0x78, 0xBA, 0x4B, 0x6E, 0x29, 0x2B, 0xB2, 0x78, 0xA7,
    0xFF, 0x7E, 0xD4, 0x7D, 0x0F, 0xB4, 0xD2, 0x6B, 0x40, 0xAB, 0x0B, 0x45, 0x92, 0x46, 0x9B, 0xA9,
    0xAF, 0x21, 0x98, 0x5C, 0xC7, 0x42, 0x67, 0x77, 0x70, 0xC7, 0x93, 0xE9, 0x8A, 0xA7, 0x8D, 0x10,
    0x6F, 0xAD, 0x5E, 0xE8, 0x35, 0xA9, 0xE5, 0x51, 0x78, 0x6B, 0xAB, 0x63, 0x93, 0xAE, 0x4C, 0x92,
    0xC2, 0xC4, 0x4E, 0xC7, 0xD3, 0x81, 0x6D, 0xCC, 0xE3, 0xAE, 0xAC, 0x20, 0xA9, 0x88, 0xBB, 0xBA,
    0xB2, 0x82, 0x5D, 0xDC, 0xC5, 0xF5, 0x24, 0x0D, 0xA6, 0x13, 0x5D, 0x43, 0xB7, 0x7D, 0xDA, 0xCC,
    0xE8, 0x9B, 0x37, 0x16, 0x1A, 0x6C, 0x8F, 0x91, 0x08, 0x86, 0xD2, 0xD5, 0x3A, 0x4B, 0x1B, 0xA6,
    0xE0, 0xB6, 0xB7, 0x97, 0x3A, 0x90, 0xB0, 0xED, 0xA3, 0xFC, 0xE5, 0x7D, 0x5C, 0x83, 0x60, 0x41,
    0x43, 0x7D, 0x58, 0x6A, 0x9F, 0xD9, 0xE7, 0x68, 0xD4, 0x3B, 0x5A, 0x5D, 0x14, 0xDA, 0x5C, 0x2B,
    0x5B, 0x48, 0x0F, 0x95, 0x2D, 0x50, 0xBD, 0x79, 0xC3, 0x0D, 0xBC, 0xDA, 0xEA, 0xE6, 0xD0, 0x2B,
    0x52, 0xDD, 0xBA, 0xBE, 0xDE, 0x5B, 0xD7, 0xED, 0x05, 0x0E, 0x5C, 0xD7, 0x3E, 0x00, 0x3A, 0xDC,
    0xDF, 0xE1, 0x62, 0x86, 0x97, 0xD2, 0x47, 0x7F, 0x4E, 0x57, 0xEE, 0xE0, 0xC3, 0x02, 0x41, 0x57,
    0x86, 0x1B, 0x68, 0x5F, 0x3E, 0x4D, 0xB7, 0x3A, 0xF2, 0x95, 0x29, 0xC6, 0x5D, 0xB6, 0x82, 0x86,
    0x56, 0xCB, 0xAE, 0x7C, 0x72, 0xE5, 0x29, 0xFF, 0x4D, 0xF6, 0xDC, 0xA2, 0x88, 0x60, 0x9B, 0x0C,
    0x7E, 0xC1, 0x3E, 0x0E, 0x03, 0x35, 0xC6, 0xA5, 0xE0, 0xB3, 0x3F, 0x8D, 0x81, 0x37, 0xAE, 0xFA,
    0x8B, 0xCA, 0xA4, 0xB2, 0x75, 0x54, 0xDC, 0xF8, 0x3A, 0xD4, 0x78, 0xED, 0xFA, 0x93, 0x79, 0xDE,
    0x66, 0xED, 0x09, 0x72, 0x7C, 0x10, 0xCF, 0x3E, 0xE2, 0x9D, 0x3E, 0x92, 0xE2, 0xF9, 0xAF, 0x54,
    0x95, 0xAB, 0xDC, 0xF2, 0x95, 0xAA, 0xE8, 0xDA, 0x9C, 0xFE, 0x07, 0xD5, 0x55, 0x01, 0xA4, 0x65,
    0xD7, 0x7A, 0xFE, 0xF6, 0xDE, 0x6D, 0x4E, 0x64, 0x57, 0xD6, 0xB4, 0x5E, 0xB5, 0x92, 0xE7, 0x9C,
    0xE0, 0x61, 0x5A, 0xB9, 0x67, 0x17, 0xC1, 0xE5, 0xAD, 0x7B, 0xF7, 0x4E, 0x83, 0x87, 0x87, 0x84,
    0x3E, 0x00, 0x12, 0x0A, 0x40, 0x12, 0x5C, 0x7A, 0x70, 0x92, 0xBD, 0x33, 0x53, 0x42, 0x83, 0x49,
    0x15, 0x4A, 0x91, 0x20, 0xA0, 0xF0, 0x12, 0x6E, 0xF5, 0xE0, 0xCC, 0xEC, 0x95, 0x5C, 0x4C, 0x75,
    0xE8, 0xEC, 0xF7, 0x06, 0xC1, 0x60, 0xD6, 0x7B, 0x33, 0xCF, 0x1B, 0x1E, 0x9D, 0xFF, 0xDE, 0xB3,
    0xDB, 0xD9, 0xD7, 0x3D, 0xE7, 0xFC, 0xFD, 0xFF, 0xB5, 0xEF, 0x99, 0xDC, 0xCC, 0x9B, 0x69, 0x92,
    0xA4, 0x5A, 0xFD, 0xCF, 0x5A, 0xDF, 0xDE, 0x67, 0xEF, 0xB5, 0xD6, 0xF7, 0xAD, 0x7F, 0xED, 0xB5,
    0x3E, 0x20, 0x6B, 0x20, 0xC1, 0xAD, 0x62, 0x3B, 0x55, 0x9C, 0x59, 0x68, 0xF4, 0x38, 0x07, 0x98,
    0x99, 0x76, 0x15, 0xAB, 0xDC, 0x01, 0xA9, 0x1B, 0x78, 0x20, 0x22, 0x50, 0xE6, 0x30, 0xC3, 0xAC,
    0x26, 0x58, 0x58, 0xEA, 0xF1, 0x25, 0x27, 0xD8, 0xA6, 0x4D, 0x89, 0xAE, 0x5C, 0xF3, 0x09, 0xD3,
    0xA8, 0xCD, 0x1B, 0xAE, 0xB0, 0xA1, 0x01, 0x13, 0x34, 0xFC, 0xAC, 0xBF, 0x58, 0x9C, 0xA1, 0x42,
    0x07, 0x0C, 0xB8, 0x60, 0xDA, 0x46, 0xC6, 0x9E, 0x8B, 0x1C, 0x6F, 0xA1, 0x4D, 0x9D, 0xA9, 0x5A,
    0x4C, 0x23, 0x4A, 0x1A, 0xA5, 0xD8, 0x8F, 0x7A, 0x26, 0x6C, 0x2E, 0xF2, 0x4E, 0x2F, 0x6F, 0x45,
    0x0C, 0x8E, 0x29, 0xE3, 0x9B, 0xC2, 0xEA, 0x06, 0xEB, 0x88, 0xDF, 0xE1, 0x02, 0x69, 0x8B, 0x7C,
    0x89, 0x9D, 0x21, 0xC6, 0x06, 0x90, 0xB2, 0xCB, 0xBC, 0x64, 0xA6, 0x1D, 0xCC, 0x67, 0xD8, 0x22,
    0x98, 0xBE, 0xB4, 0x18, 0xBF, 0x85, 0x79, 0xC6, 0x6D, 0xAC, 0x4A, 0x6B, 0x87, 0x98, 0x09, 0x89,
    0x48, 0x8C, 0xC9, 0xF6, 0xE2, 0xA2, 0xCE, 0x10, 0x53, 0xBE, 0x64, 0xB7, 0x6F, 0x63, 0xCF, 0x4B,
    0xEC, 0xB3, 0x87, 0x25, 0xC0, 0xB6, 0xC0, 0x74, 0x0E, 0x74, 0x79, 0x31, 0x20, 0xC3, 0xEC, 0xA2,
    0xFA, 0x18, 0x80, 0x50, 0x27, 0xEC, 0x90, 0x5C, 0xF0, 0x48, 0x1C, 0x01, 0x90, 0x3A, 0xF0, 0xA3,
    0x5F, 0x72, 0x53, 0xAE, 0xB8, 0xA2, 0x69, 0xDC, 0x70, 0x07, 0xE2, 0xF7, 0x23, 0x2A, 0x8B, 0x67,
    0xFD, 0x88, 0xB9, 0x8A, 0xB9, 0x05, 0x88, 0xFA, 0x04, 0xE5, 0xEE, 0x34, 0x61, 0xDC, 0x86, 0x35,
    0xE9, 0x57, 0x44, 0xEB, 0x9C, 0x99, 0x49, 0x6A, 0xA5, 0xEB, 0xA0, 0xAB, 0x90, 0xB9, 0x7E, 0x05,
    0x88, 0x42, 0xF6, 0x35, 0xF7, 0x53, 0xC9, 0x7C, 0xAB, 0x79, 0xDF, 0x4C, 0x7F, 0xFC, 0xD0, 0xF4,
    0xAD, 0x99, 0x58, 0xB3, 0x85, 0xD2, 0x64, 0x9D, 0x39, 0xD6, 0x0C, 0x8C, 0x5B, 0xCC, 0x6B, 0xE9,
    0xC3, 0x55, 0x4F, 0x5B, 0xB7, 0x40, 0x37, 0x15, 0xB6, 0x87, 0x68, 0xD7, 0x15, 0x92, 0x4A, 0xA7,
    0x24, 0xB4, 0x4F, 0x4E, 0x6A, 0xDA, 0x15, 0x5A, 0x23, 0xB4, 0x57, 0xE7, 0x6D, 0x7A, 0x63, 0x29,
    0xB4, 0x34, 0xEA, 0xF2, 0x0E, 0xC0, 0x0B, 0x88, 0x57, 0x40, 0xCA, 0x05, 0xCC, 0xBB, 0x0E, 0xE9,
    0x81, 0x83, 0x74, 0x52, 0xC9, 0xCC, 0x0C, 0xE6, 0xBB, 0x80, 0x7D, 0x1A, 0xD8, 0x36, 0x78, 0xB6,
    0x18, 0x54, 0xA5, 0x4F, 0x5C, 0xDB, 0xCA, 0xA0, 0x56, 0xEA, 0x70, 0xE0, 0xF6, 0xA5, 0xDF, 0xB6,
    0xF4, 0xD7, 0x38, 0xA3, 0xC7, 0xFE, 0xB6, 0x1E, 0xAE, 0x60, 0x0A, 0x8C, 0xEE, 0xDF, 0x6A, 0x4A,
    0xE6, 0xB6, 0x93, 0xA9, 0x53, 0xE2, 0xAC, 0x56, 0xBD, 0x2F, 0x57, 0x9A, 0x86, 0xB2, 0x01, 0x32,
    0xDF, 0xA7, 0x92, 0xA6, 0x52, 0x37, 0x63, 0xCC, 0x32, 0x62, 0xE2, 0x25, 0x13, 0xD5, 0x2F, 0x4A,
    0xE5, 0x26, 0xFE, 0xF4, 0x0A, 0x46, 0xA2, 0x6A, 0x02, 0x58, 0x32, 0x95, 0x6D, 0xB3, 0xC6, 0xD6,
    0x6B, 0xEE, 0x32, 0x2A, 0x3D, 0x34, 0xFC, 0xF6, 0x69, 0x77, 0x7C, 0xC5, 0xF2, 0x68, 0x9E, 0xDE,
    0x69, 0x34, 0x4F, 0x79, 0x21, 0xCB, 0xE3, 0x60, 0x17, 0x52, 0x0F, 0x45, 0x57, 0x6B, 0xCE, 0x2C,
    0x4F, 0xE2, 0x90, 0x5C, 0xFC, 0x37, 0x24, 0x07, 0xD7, 0x11, 0x82, 0xD9, 0x2B, 0xAC, 0x60, 0xE1,
    0x33, 0x98, 0x77, 0x28, 0xAD, 0x06, 0xDC, 0x48, 0xAB, 0xD7, 0x5F, 0xBE, 0xE8, 0x80, 0xFC, 0x40,
    0x41, 0xEF, 0x6C, 0xAA, 0x0B, 0xC5, 0x00, 0xD2, 0x25, 0xF0, 0x3A, 0x22, 0x76, 0xC9, 0xCF, 0x29,
    0xF1, 0x14, 0x7B, 0x42, 0x4C, 0x31, 0xBB, 0xDF, 0xE7, 0x6A, 0x2F, 0x71, 0x3B, 0x89, 0x33, 0xEC,
    0xE2, 0x35, 0xFA, 0x18, 0x4A, 0x35, 0x52, 0x07, 0xA7, 0xCB, 0x11, 0xF7, 0xFB, 0x18, 0x38, 0x53,
    0x23, 0x6F, 0x91, 0x34, 0xA3, 0xC2, 0xB8, 0x01, 0x73, 0x9F, 0x79, 0xA0, 0x54, 0x4C, 0x38, 0x10,
    0x3A, 0xE3, 0x00, 0x23, 0x6D, 0x14, 0x23, 0x2F, 0x68, 0x1C, 0x09, 0x66, 0x5E, 0x71, 0xF7, 0x53,
    0xC5, 0x9D, 0x44, 0x9F, 0x8F, 0xD8, 0xED, 0xC1, 0x0C, 0xD6, 0xD8, 0x45, 0xA6, 0xCC, 0xBC, 0x14,
    0x8C, 0xD8, 0x43, 0x43, 0x99, 0x02, 0xE1, 0x34, 0x64, 0x6E, 0x0C, 0x4D, 0xBD, 0xD9, 0x94, 0xE1,
    0x73, 0xD8, 0x99, 0x63, 0x99, 0x31, 0x85, 0x2D, 0x19, 0x71, 0xF3, 0x60, 0x80, 0x0C, 0x39, 0xB4,
    0x8B, 0x29, 0x14, 0x07, 0x95, 0x60, 0x9E, 0x38, 0xC1, 0x3A, 0x64, 0xE6, 0x64, 0xA0, 0xD8, 0x1A,
    0x7D, 0x5E, 0x32, 0xCE, 0xC1, 0x8E, 0x3A, 0xEC, 0x40, 0x7B, 0x8E, 0x98, 0x04, 0x75, 0xC0, 0x3E,
    0x9E, 0x07, 0xF2, 0x02, 0x69, 0x83, 0x98, 0x00, 0xDD, 0xC7, 0xD2, 0x98, 0x60, 0xA7, 0x98, 0x66,
    0x68, 0x53, 0xA6, 0x28, 0xEC, 0x32, 0x4D, 0x5E, 0xAE, 0xFC, 0x73, 0x6D, 0x46, 0x98, 0x29, 0x58,
    0x81, 0xCE, 0x5A, 0x2C, 0x96, 0x76, 0x17, 0x8B, 0xCE, 0x9A, 0x77, 0x16, 0x6E, 0x96, 0xF0, 0x2F,
    0x99, 0x50, 0x57, 0xB5, 0xD3, 0x8D, 0xD7, 0x47, 0xBE, 0x44, 0x08, 0x3D, 0x83, 0xFA, 0xD0, 0xAD,
    0xD8, 0xC7, 0x83, 0x9B, 0xDD, 0xCD, 0xF2, 0x2F, 0x4D, 0x20, 0x64, 0x26, 0xD3, 0x28, 0xA9, 0x9C,
    0x53, 0x51, 0xAB, 0xC4, 0x72, 0x5A, 0xC1, 0x2A, 0x39, 0xC1, 0x60, 0xAC, 0x02, 0xF4, 0xC6, 0xA8,
    0x88, 0x70, 0xA3, 0x42, 0x5A, 0x64, 0x7A, 0x73, 0xD7, 0xBE, 0x25, 0x1A, 0xF2, 0x17, 0x45, 0x50,
    0xC6, 0x47, 0xCC, 0x2A, 0xEA, 0x09, 0x96, 0x4D, 0x16, 0x84, 0x6D, 0x68, 0x1F, 0x75, 0x93, 0x35,
    0xC0, 0xC6, 0x0A, 0x36, 0x66, 0x70, 0xC6, 0x0E, 0x80, 0xCD, 0x75, 0xDE, 0xAB, 0x65, 0xC2, 0x48,
    0xC5, 0x72, 0x85, 0x9A, 0xC3, 0xEE, 0x8E, 0xDA, 0x84, 0x00, 0x3D, 0xAA, 0xD1, 0xEA, 0xC1, 0x94,
    0x38, 0x4C, 0xF4, 0x70, 0x4A, 0x0E, 0xC8, 0x92, 0x5E, 0xAF, 0x89, 0xDE, 0xBF, 0x70, 0x36, 0xB9,
    0xFE, 0xF1, 0x54, 0x0E, 0xAA, 0xB7, 0x93, 0xEB, 0x45, 0x2B, 0xBB, 0x81, 0xF9, 0xDD, 0x70, 0x72,
    0xFC, 0x7C, 0x1D, 0x9D, 0xB1, 0x8A, 0x8D, 0x59, 0x6C, 0xEC, 0x62, 0x63, 0x18, 0x0F, 0x89, 0x41,
    0x07, 0x9C, 0xDA, 0x06, 0xB2, 0xAE, 0x37, 0x0E, 0x30, 0x17, 0xC1, 0x3A, 0x62, 0x4A, 0x5D, 0x6F,
    0x1E, 0x2E, 0xF6, 0xC1, 0x3E, 0x44, 0x92, 0x2A, 0x51, 0x4D, 0xFE, 0xF4, 0xE6, 0x3A, 0xA9, 0x89,
    0xE8, 0x8D, 0x17, 0x1B, 0x59, 0x63, 0x3D, 0xB8, 0x1E, 0x7B, 0x35, 0x12, 0xE6, 0xF7, 0x7A, 0x2B,
    0xB9, 0xB0, 0x8E, 0x59, 0xC9, 0x01, 0x02, 0x26, 0x81, 0x7B, 0xCE, 0xDC, 0xEA, 0xCC, 0x2D, 0xC2,
    0x99, 0xDA, 0xC9, 0x91, 0x4E, 0x20, 0x29, 0xB2, 0x5A, 0x39, 0x37, 0xE9, 0xFA, 0xB9, 0x21, 0x6C,
    0xED, 0xB6, 0x16, 0xFF, 0x32, 0x6C, 0x77, 0xB3, 0xF2, 0x84, 0xD3, 0x0B, 0xB7, 0x42, 0xA6, 0x7F,
    0x97, 0x19, 0x52, 0x42, 0x47, 0x92, 0xF2, 0xA8, 0x8E, 0xD3, 0x4D, 0xC7, 0xFC, 0x6C, 0xC7, 0x4D,
    0x66, 0xEA, 0xE6, 0x74, 0xDB, 0xC6, 0x0E, 0x2C, 0x11, 0xC0, 0x31, 0x2F, 0x6E, 0x08, 0x10, 0x17,
    0x3B, 0xBA, 0x05, 0xF6, 0x41, 0x00, 0x6D, 0xA0, 0xFF, 0x78, 0x73, 0x76, 0x80, 0x10, 0x00, 0x42,
    0x01, 0x08, 0x09, 0x20, 0x34, 0x40, 0xBB, 0x93, 0x03, 0x42, 0x05, 0x04, 0xB2, 0x40, 0x17, 0x08,
    0xE3, 0x25, 0x52, 0x86, 0x49, 0x2B, 0x63, 0x5C, 0xCA, 0x2E, 0xFE, 0x4D, 0x85, 0xD1, 0xA9, 0x6E,
    0xF1, 0xC1, 0x2F, 0xEB, 0x3E, 0xD7, 0x4F, 0xF8, 0x48, 0x74, 0xEF, 0x7C, 0x69, 0xC2, 0x42, 0x14,
    0x33, 0x25, 0x34, 0x0B, 0x76, 0x2A, 0xA5, 0xD3, 0x11, 0xD6, 0x05, 0x26, 0x8F, 0xCB, 0xDD, 0xB9,
    0x31, 0x6C, 0x5D, 0x6D, 0xDD, 0xFF, 0xFB, 0x61, 0xFB, 0x76, 0x56, 0x32, 0x3F, 0x7B, 0xE1, 0x7A,
    0x3F, 0x54, 0xE6, 0xA1, 0xEE, 0x4B, 0x94, 0xFF, 0x39, 0xD1, 0x0F, 0xB9, 0x89, 0xFC, 0xEB, 0x30,
    0x05, 0xF6, 0x2C, 0x30, 0xA1, 0x41, 0x65, 0x5B, 0xE3, 0xA6, 0xF5, 0x9A, 0xDB, 0xAC, 0xCD, 0x3D,
    0x24, 0x46, 0xBF, 0xB9, 0xDF, 0xEE, 0x5E, 0xB9, 0x32, 0xB7, 0x7F, 0x6C, 0x6D, 0xB4, 0xB6, 0x48,
    0xB8, 0x93, 0x4A, 0x88, 0x78, 0x1F, 0xC0, 0x73, 0xC8, 0x88, 0x1D, 0x2F, 0x6B, 0xA2, 0xFC, 0xC5,
    0xB3, 0xE3, 0x4D, 0x2C, 0x30, 0xFD, 0x36, 0xE3, 0x85, 0x36, 0xAD, 0x62, 0x4D, 0x8A, 0x74, 0x0E,
    0xE1, 0x98, 0xCD, 0x82, 0x59, 0x09, 0x13, 0xB3, 0x17, 0xAE, 0xC5, 0x2F, 0xA8, 0xF9, 0x21, 0xFF,
    0x8C, 0xBD, 0xF2, 0x8D, 0x0B, 0x65, 0x04, 0x6C, 0x04, 0x0B, 0x28, 0x2B, 0xA0, 0xBC, 0x80, 0x32,
    0x03, 0xC2, 0xDD, 0x40, 0x62, 0xC3, 0x0F, 0xA8, 0x02, 0x40, 0x35, 0x00, 0xAA, 0x02, 0xAA, 0x23,
    0x20, 0x01, 0xA7, 0x5A, 0x36, 0x6A, 0x6A, 0xE1, 0x67, 0x87, 0xE4, 0x33, 0x2F, 0x95, 0x72, 0x39,
    0x0C, 0xB8, 0x9B, 0x6D, 0xF2, 0xE7, 0x22, 0x7F, 0x45, 0xE7, 0xFB, 0x71, 0xC8, 0x5F, 0xAA, 0xF3,
    0x6D, 0x4E, 0xE7, 0x5B, 0x36, 0x0F, 0xE6, 0x7B, 0x59, 0xE6, 0xFB, 0xBD, 0xC7, 0xCD, 0x77, 0x63,
    0x83, 0x7E, 0x2E, 0x75, 0x63, 0x83, 0xDD, 0xC6, 0x5A, 0x1F, 0x9D, 0xD7, 0x42, 0xF3, 0xFA, 0x10,
    0xCF, 0x2D, 0xDA, 0xBD, 0xBC, 0x12, 0x9E, 0x37, 0x6D, 0xB4, 0x7A, 0x53, 0x38, 0xBC, 0xD4, 0x46,
    0x66, 0xE7, 0x01, 0xBC, 0x82, 0x48, 0x6E, 0x09, 0x10, 0x62, 0x0F, 0x5E, 0xEE, 0xF3, 0x72, 0x36,
    0x39, 0x6F, 0xE9, 0xFB, 0xB6, 0x5E, 0x4E, 0x33, 0x6A, 0x31, 0xA0, 0x9A, 0x1D, 0x1F, 0x23, 0x7D,
    0x1F, 0x79, 0xF7, 0xC2, 0x7C, 0xC7, 0xD2, 0xD0, 0x92, 0xD1, 0xE2, 0x9F, 0x9E, 0x21, 0xA6, 0x8C,
    0x9B, 0x7C, 0x05, 0xE0, 0x4D, 0xA9, 0x93, 0xA0, 0x51, 0xE6, 0x8A, 0x7C, 0xD1, 0x35, 0xC7, 0x0B,
    0x22, 0x6E, 0xA6, 0x44, 0xD6, 0x52, 0xF7, 0x96, 0xA5, 0xF2, 0xE4, 0x98, 0xD2, 0x0B, 0xBF, 0x6E,
    0xF0, 0xA7, 0x75, 0x85, 0x5A, 0xFA, 0xFC, 0x61, 0x81, 0x27, 0xEE, 0x02, 0x39, 0xFF, 0x08, 0x97,
    0xCD, 0xB5, 0x8A, 0xC6, 0x07, 0x8E, 0xDE, 0xB8, 0xED, 0x0E, 0x0F, 0x6F, 0xBB, 0x9A, 0xAF, 0x55,
    0xE3, 0xA7, 0xDE, 0x40, 0xF4, 0x8F, 0xAB, 0x20, 0x38, 0xFA, 0x89, 0x66, 0xFF, 0x0E, 0x90, 0xAE,
    0xB6, 0x61, 0x46, 0x16, 0xC6, 0x58, 0xE6, 0x95, 0xD4, 0x76, 0x0E, 0xC4, 0x6D, 0xB0, 0x91, 0x7C,
    0x8D, 0xB8, 0x03, 0x32, 0xBE, 0x88, 0xCB, 0x83, 0xCF, 0x2B, 0x8A, 0x16, 0x8E, 0x3E, 0x5C, 0xC8,
    0x78, 0x0B, 0x19, 0xEF, 0x66, 0x35, 0x4E, 0xDF, 0x40, 0x7C, 0x76, 0xBC, 0x10, 0x5E, 0xEA, 0xC7,
    0xAA, 0x5D, 0x37, 0xC6, 0x3E, 0x17, 0x76, 0xBA, 0x78, 0xCD, 0xDA, 0x76, 0x3E, 0xB5, 0xF5, 0xBD,
    0x76, 0xF6, 0xCC, 0x8F, 0xFE, 0x8E, 0x50, 0xB2, 0x43, 0xA9, 0x73, 0x2C, 0x4E, 0xBD, 0x7C, 0x1F,
    0xB9, 0xB3, 0xCF, 0x7D, 0xD2, 0xD8, 0xFD, 0xBF, 0x74, 0xD6, 0x8E, 0x7E, 0x62, 0xAD, 0x9D, 0x5A,
    0x9B, 0xCB, 0x6E, 0x1B, 0xDD, 0xF4, 0x2D, 0x6C, 0x42, 0xE1, 0x3C, 0x48, 0x8E, 0x21, 0x31, 0x0B,
    0xC6, 0x28, 0x90, 0x5C, 0xAD, 0x90, 0x9C, 0xA8, 0xB7, 0xAF, 0x09, 0x3A, 0x01, 0x81, 0xE1, 0x30,
    0x58, 0x93, 0x80, 0x37, 0x40, 0xE2, 0x32, 0x6D, 0xAB, 0x54, 0xB5, 0xC7, 0xEF, 0x41, 0xC2, 0x9C,
    0x42, 0x5A, 0x08, 0xE4, 0x4E, 0x0D, 0xD7, 0x97, 0x6B, 0x58, 0xB0, 0xC1, 0x08, 0x27, 0xEB, 0xFC,
    0x52, 0x71, 0x74, 0xE7, 0x9F, 0x0F, 0xDC, 0x72, 0x70, 0xEB, 0xC0, 0xE5, 0xFC, 0x76, 0xE2, 0x9E,
    0xBA, 0x6B, 0x53, 0xA7, 0x59, 0x2D, 0x00, 0xB3, 0x3C, 0x7B, 0xA4, 0x3F, 0x8F, 0xE8, 0xA3, 0xA1,
    0x64, 0xD0, 0xC0, 0xBC, 0x2A, 0xD5, 0x18, 0xE6, 0xF5, 0x98, 0xB9, 0xDD, 0xE9, 0xBF, 0xF1, 0xBA,
    0x79, 0xF2, 0x0C, 0xE3, 0x06, 0x84, 0xD1, 0x40, 0x18, 0x8D, 0x30, 0x8E, 0x07, 0xD5, 0xC9, 0x9A,
    0x0F, 0xDC, 0xE1, 0xAF, 0x6E, 0x0B, 0x63, 0xCA, 0xCA, 0xC8, 0x3F, 0xAE, 0x9E, 0xBA, 0xEB, 0x47,
    0x05, 0xB4, 0x51, 0x68, 0x2E, 0xF1, 0x82, 0xD4, 0x1D, 0xA9, 0xE6, 0xB4, 0x6E, 0x09, 0xB3, 0x15,
    0xE6, 0xE1, 0x19, 0xE6, 0x11, 0x73, 0xB7, 0x2B, 0xCC, 0x4B, 0x9D, 0xEC, 0x86, 0xF9, 0x69, 0x05,
    0x53, 0x85, 0x5C, 0x8C, 0x3A, 0x01, 0x19, 0x34, 0xAD, 0x84, 0xD9, 0x14, 0xC2, 0x7C, 0xF5, 0xCB,
    0xCC, 0x2F, 0xB9, 0xA7, 0xEE, 0x78, 0x53, 0x09, 0x33, 0x6F, 0x98, 0x43, 0xA8, 0x11, 0x61, 0x12,
    0x7B, 0xC0, 0x82, 0x4E, 0x61, 0x16, 0x37, 0x88, 0x4F, 0x2E, 0x36, 0x35, 0x33, 0x51, 0xBD, 0x9E,
    0x10, 0x01, 0x75, 0x80, 0x46, 0x60, 0x9A, 0x78, 0x20, 0xEB, 0x8F, 0x70, 0x44, 0x4D, 0x44, 0xA0,
    0xC8, 0xF3, 0x92, 0x97, 0x93, 0xF3, 0xF4, 0xFD, 0x7A, 0x99, 0x11, 0xD0, 0x7F, 0x26, 0x93, 0xB4,
    0xB2, 0x59, 0x6B, 0xED, 0x7C, 0xEB, 0x07, 0x76, 0x2B, 0x9F, 0xD9, 0x9A, 0x97, 0xF9, 0x7B, 0x3E,
    0x7D, 0x3F, 0xEF, 0xE6, 0x3B, 0x34, 0x24, 0xA3, 0xBF, 0xFE, 0x43, 0x11, 0x3E, 0x28, 0xB1, 0x72,
    0x94, 0x54, 0x22, 0x6F, 0xB8, 0xB0, 0x38, 0x9A, 0x06, 0x53, 0x43, 0x76, 0x35, 0x08, 0x0B, 0x75,
    0x3C, 0x2C, 0x98, 0xDD, 0xED, 0xE3, 0x66, 0x64, 0x5F, 0xDB, 0x13, 0x71, 0x4C, 0xF9, 0xCB, 0x0D,
    0x34, 0xB6, 0xC3, 0x7B, 0x9B, 0x1F, 0xF0, 0x27, 0xB7, 0x39, 0x75, 0xDB, 0x56, 0x3F, 0xB2, 0xE5,
    0x48, 0xFA, 0x6A, 0x78, 0x51, 0x94, 0x56, 0xDB, 0x25, 0xD9, 0x63, 0xB2, 0xDC, 0x58, 0xB2, 0x22,
    0xA7, 0xCB, 0x6E, 0x50, 0xE8, 0x24, 0x84, 0xF4, 0x09, 0x53, 0xFA, 0xDE, 0x47, 0x76, 0xFB, 0xB4,
    0x57, 0x5A, 0x55, 0xAF, 0x95, 0x87, 0xB4, 0x6C, 0xE7, 0xF3, 0x5D, 0x69, 0x6C, 0x68, 0x6A, 0x4D,
    0xCD, 0xBC, 0xCE, 0x6E, 0xDE, 0xEF, 0x36, 0x6A, 0xDE, 0xCE, 0x3E, 0x10, 0x35, 0xEC, 0x0E, 0xFF,
    0x76, 0xE1, 0xD2, 0x96, 0x0A, 0xC3, 0x0D, 0x0C, 0x3B, 0x0C, 0x4E, 0x1C, 0x10, 0x55, 0xBA, 0xD1,
    0x7B, 0x9B, 0x96, 0x44, 0x94, 0x8B, 0xEE, 0x3F, 0x16, 0xBA, 0xC5, 0x03, 0xF3, 0x52, 0x98, 0x53,
    0x5F, 0x2E, 0xBB, 0xF1, 0xE2, 0xD2, 0xD1, 0xAB, 0xF5, 0x6A, 0xD4, 0xCA, 0xE6, 0xCE, 0xB9, 0xB8,
    0x3C, 0x72, 0xB4, 0xEB, 0xA8, 0xF4, 0xCC, 0x4D, 0x9E, 0x55, 0xA7, 0x0F, 0x8D, 0xA3, 0xA1, 0xEC,
    0xF6, 0xF0, 0xF0, 0xD5, 0x2A, 0x24, 0x4A, 0x92, 0xD2, 0xD6, 0xBC, 0xDA, 0xB3, 0xA3, 0x7C, 0x70,
    0x6B, 0xCF, 0xBC, 0x51, 0x5F, 0x5F, 0xE5, 0xEF, 0x76, 0xBA, 0xEB, 0xD3, 0x15, 0xCC, 0x08, 0xE1,
    0xAB, 0x61, 0xEE, 0x9E, 0xE8, 0x90, 0x73, 0x75, 0x79, 0xD0, 0x90, 0x27, 0x29, 0xCC, 0x3E, 0x1F,
    0xB9, 0x7E, 0x84, 0x2F, 0x5E, 0x81, 0x24, 0xFA, 0x57, 0x8F, 0x7C, 0xD8, 0xB7, 0x47, 0x04, 0x0C,
    0x2A, 0x24, 0x6E, 0xFC, 0x92, 0xAB, 0x6F, 0x38, 0xBA, 0x5F, 0x51, 0x0E, 0x5E, 0x21, 0xBB, 0xE5,
    0x91, 0x10, 0x34, 0x04, 0xF7, 0x01, 0x5B, 0xC2, 0x72, 0x61, 0x8F, 0x26, 0x56, 0x04, 0xC8, 0x8A,
    0x6F, 0x5E, 0xED, 0x7D, 0xF1, 0x6A, 0xAA, 0xAF, 0x74, 0x5D, 0x2D, 0xB4, 0xA0, 0x08, 0xC7, 0x6A,
    0x5B, 0x17, 0x93, 0xDB, 0xCE, 0x8E, 0x60, 0xF7, 0x68, 0x5A, 0x73, 0x9B, 0xBF, 0xEC, 0xF5, 0x15,
    0x08, 0x98, 0xE4, 0xCE, 0x7E, 0xD2, 0x68, 0x22, 0xC3, 0xBA, 0x76, 0xA3, 0xAB, 0x7E, 0xD3, 0x17,
    0x4F, 0x03, 0xA6, 0x2F, 0x77, 0xF4, 0x58, 0xAB, 0x65, 0xAB, 0x33, 0x16, 0x4B, 0xB4, 0x71, 0x55,
    0xB2, 0x1B, 0xAD, 0x81, 0xB4, 0x42, 0x2E, 0x5C, 0xFB, 0xB0, 0xDA, 0x2E, 0xFF, 0xDC, 0xED, 0x1F,
    0xF9, 0x3F, 0xF2, 0x94, 0x81, 0x6C, 0xE2, 0x73, 0x76, 0xE9, 0xFA, 0x74, 0x33, 0xF4, 0xCB, 0x15,
    0xCA, 0x14, 0xD0, 0x03, 0x5D, 0xDE, 0x96, 0xC7, 0x48, 0x2F, 0xF8, 0xF2, 0xDE, 0xF2, 0x98, 0xC7,
    0xCC, 0xFC, 0x9F, 0x57, 0x3E, 0x90, 0xCC, 0x67, 0x57, 0xBB, 0x71, 0x5A, 0xD5, 0xEC, 0x0F, 0x5B,
    0xD2, 0xD0, 0xA1, 0xDC, 0x93, 0x71, 0x01, 0x89, 0xB8, 0x42, 0xDC, 0xA4, 0x92, 0x1E, 0xA2, 0x7F,
    0x22, 0xAA, 0x1B, 0xDA, 0x19, 0x78, 0xC3, 0x55, 0xF2, 0xAF, 0x88, 0x57, 0xD8, 0xEC, 0x8E, 0x40,
    0x94, 0x77, 0xC8, 0x7D, 0x09, 0xE2, 0x62, 0xFB, 0x34, 0x5D, 0x92, 0x13, 0x24, 0x55, 0x22, 0x8E,
    0x58, 0x12, 0x2F, 0x8F, 0xFE, 0x3D, 0x7F, 0x99, 0x32, 0x5E, 0xE5, 0x2D, 0x34, 0xA4, 0xE9, 0xC7,
    0x5C, 0x4C, 0x8E, 0x26, 0x53, 0xD6, 0xBD, 0xB4, 0x0C, 0x42, 0xCF, 0x9F, 0x4D, 0x7D, 0x5E, 0x84,
    0xAF, 0x9B, 0x2C, 0xE5, 0xDD, 0x9E, 0xF1, 0x00, 0x9E, 0x51, 0x95, 0x44, 0x41, 0x25, 0x33, 0xE5,
    0xAF, 0x3A, 0x9D, 0x0C, 0x87, 0xC9, 0x7C, 0xCE, 0x64, 0x47, 0xFD, 0x64, 0x00, 0x51, 0xF2, 0xB1,
    0x6E, 0x82, 0x1F, 0x7F, 0x74, 0x7E, 0xFA, 0xC5, 0xD6, 0x89, 0x2F, 0x54, 0xC9, 0x81, 0x3B, 0x4B,
    0xF1, 0x36, 0x2C, 0xC3, 0x1E, 0xDA, 0xB0, 0x84, 0x37, 0x75, 0x19, 0x9E, 0xDA, 0xA9, 0x4C, 0x1C,
    0xDA, 0x24, 0x4E, 0x67, 0xFE, 0x8E, 0x2F, 0x7D, 0xA0, 0x93, 0xF2, 0x99, 0xA7, 0x81, 0xCB, 0xB9,
    0x4A, 0x57, 0x40, 0xC4, 0x77, 0x81, 0x84, 0xB9, 0x40, 0xEC, 0x9E, 0x75, 0xD2, 0x2C, 0xD6, 0x86,
    0x20, 0xA2, 0x85, 0x36, 0xE6, 0x0F, 0xA5, 0xF9, 0xBD, 0x8B, 0x0D, 0x0D, 0x0E, 0xB8, 0x92, 0x2E,
    0xDF, 0x83, 0x76, 0x0A, 0x91, 0x54, 0x88, 0x3D, 0x40, 0x5A, 0x92, 0x26, 0xBD, 0xE8, 0xCA, 0x5F,
    0xF8, 0x53, 0x82, 0x4F, 0x89, 0xC2, 0x1A, 0x9A, 0x35, 0xB6, 0x9E, 0x29, 0x98, 0xFD, 0xD1, 0x21,
    0x51, 0x41, 0xC5, 0xC0, 0x63, 0x1C, 0xF2, 0x93, 0xB5, 0x30, 0x6D, 0x99, 0x39, 0x66, 0x3A, 0x94,
    0x4E, 0x4F, 0x10, 0xB2, 0x57, 0xB0, 0x73, 0x4E, 0x9F, 0x8F, 0xBC, 0x9E, 0x84, 0x69, 0xF7, 0xFF,
    0xC7, 0xD6, 0x25, 0x44, 0x86, 0x47, 0xD6, 0x11, 0xEC, 0x34, 0x54, 0xF9, 0x22, 0xA5, 0xFE, 0x43,
    0x03, 0x4D, 0x2C, 0x77, 0xDF, 0xC9, 0xD6, 0xB7, 0xD4, 0xD6, 0xD1, 0xDB, 0x3A, 0xFD, 0xB7, 0xB6,
    0xBE, 0xF7, 0x4D, 0x6C, 0x1D, 0xE3, 0x80, 0xEC, 0x14, 0x8F, 0x1A, 0x45, 0x7A, 0xE0, 0xB4, 0xA8,
    0x5F, 0x05, 0xA2, 0x5F, 0xDD, 0xB8, 0x56, 0xC9, 0x7A, 0x8F, 0x2E, 0x3A, 0x98, 0xD1, 0x3C, 0x11,
    0x34, 0x64, 0xAA, 0x70, 0x88, 0x41, 0x3F, 0xB4, 0x2E, 0xCC, 0xBC, 0x7A, 0x1A, 0xC8, 0xC9, 0x40,
    0x64, 0x2A, 0xC8, 0x8E, 0x1F, 0x1A, 0xE4, 0xEB, 0xF2, 0xAA, 0xAB, 0x47, 0x7F, 0xF5, 0x99, 0x3F,
    0x61, 0x53, 0xD1, 0x62, 0xB9, 0x03, 0x6A, 0xE3, 0x79, 0xE2, 0x4B, 0xAE, 0xD9, 0x8D, 0x56, 0x9B,
    0xDD, 0xFD, 0x80, 0x70, 0x4B, 0xEA, 0x6C, 0x08, 0x0C, 0xD6, 0x06, 0xD1, 0x3D, 0x63, 0x90, 0x32,
    0x1B, 0xA1, 0x5D, 0x8E, 0x85, 0xB5, 0x98, 0xB2, 0x44, 0x27, 0xA5, 0x6E, 0xA0, 0x21, 0x94, 0x28,
    0x82, 0xC9, 0x0A, 0x44, 0xDE, 0xDC, 0xD1, 0x9D, 0xBD, 0xCE, 0x89, 0xEA, 0x91, 0x38, 0xD0, 0x09,
    0xD7, 0x24, 0x94, 0xF5, 0xCF, 0x84, 0xB2, 0x4B, 0x9A, 0x92, 0xEF, 0x3D, 0x92, 0x72, 0xAC, 0x60,
    0x36, 0xD0, 0x2B, 0x10, 0x18, 0xB0, 0x2A, 0x78, 0xF9, 0x81, 0x82, 0x95, 0x80, 0xA9, 0x76, 0x59,
    0x62, 0xA9, 0x0A, 0x3C, 0x42, 0x28, 0xB9, 0x40, 0xEC, 0x55, 0x0B, 0x99, 0x53, 0x88, 0x1B, 0xD1,
    0x72, 0xA1, 0xC9, 0xD7, 0x99, 0x6A, 0x79, 0x41, 0xB5, 0x94, 0xAA, 0xA5, 0x6C, 0x44, 0xCB, 0x4C,
    0xA7, 0xFF, 0x53, 0xD5, 0x32, 0x38, 0xA3, 0x05, 0xC3, 0x80, 0xA6, 0xDA, 0x8C, 0xF9, 0x5C, 0xC0,
    0x7D, 0x98, 0x02, 0xB0, 0x13, 0x03, 0x60, 0x97, 0xD3, 0x0A, 0xC8, 0x2F, 0xE9, 0xF3, 0xD2, 0x28,
    0x9E, 0xAC, 0x05, 0x07, 0x8B, 0x2E, 0x2D, 0x72, 0xFE, 0xB4, 0x79, 0x03, 0x72, 0x1E, 0x96, 0xED,
    0xE3, 0x9D, 0x5F, 0x70, 0x7F, 0xE3, 0xFC, 0xF6, 0x07, 0xD6, 0x06, 0xE7, 0xEF, 0xF2, 0x4B, 0xFF,
    0x63, 0xCE, 0xBF, 0xFD, 0x15, 0xCE, 0xBF, 0xF3, 0x1D, 0x9C, 0x3F, 0xBB, 0xF6, 0x38, 0xE7, 0xE7,
    0xEC, 0xE6, 0xAF, 0x97, 0xDF, 0xD2, 0xF9, 0x8F, 0xBF, 0xDA, 0xF9, 0x67, 0x67, 0x9D, 0x3F, 0xFF,
    0xFA, 0xCE, 0xFF, 0xD3, 0xFF, 0x2B, 0xE7, 0xAF, 0xBF, 0x93, 0xF3, 0xFB, 0xAF, 0xED, 0xFC, 0x7B,
    0xDF, 0xC2, 0xF9, 0xBB, 0x6F, 0xEC, 0xFC, 0xB2, 0x5C, 0x33, 0xC0, 0x6E, 0x8A, 0x9E, 0xEA, 0x35,
    0xBB, 0x7A, 0x8D, 0x2F, 0xCC, 0x92, 0x99, 0xCE, 0x8F, 0xFE, 0xD7, 0x9D, 0xBF, 0x6C, 0xA1, 0xD1,
    0x68, 0x53, 0xCC, 0x8E, 0xF6, 0xE6, 0xEA, 0xFC, 0x97, 0xE6, 0x5F, 0xC7, 0xF9, 0x87, 0xDF, 0xCC,
    0xF9, 0xFD, 0xB7, 0x76, 0xFE, 0x9E, 0xC0, 0x49, 0xF9, 0x90, 0x1E, 0x8E, 0x0F, 0xCF, 0x93, 0xFD,
    0xAA, 0x5F, 0xE2, 0x52, 0x1A, 0x6E, 0xDB, 0xE7, 0xCF, 0xFD, 0x8E, 0x1E, 0x26, 0x2C, 0x11, 0x8C,
    0x94, 0x6C, 0x44, 0xD9, 0xA0, 0x31, 0x5C, 0x45, 0x33, 0x48, 0x91, 0x1B, 0xF9, 0x2B, 0x0F, 0xE5,
    0x15, 0x80, 0x30, 0xF2, 0xB4, 0x6E, 0xB3, 0x06, 0xC0, 0xE2, 0x92, 0x3D, 0xFA, 0xC0, 0xD6, 0x6B,
    0x3D, 0x76, 0xFE, 0xE4, 0x6F, 0x90, 0x5F, 0x47, 0xCE, 0x48, 0x3B, 0x7C, 0xFD, 0xE8, 0x27, 0x80,
    0x30, 0xD6, 0xC2, 0x1D, 0x7D, 0xB0, 0x90, 0xD5, 0x5F, 0xB8, 0xAC, 0x5D, 0xB8, 0x57, 0x3E, 0xFC,
    0xED, 0x78, 0x05, 0xD0, 0xA3, 0x21, 0x71, 0x86, 0x76, 0xE7, 0x7F, 0xF0, 0xD7, 0x71, 0xF5, 0xB8,
    0x5F, 0x54, 0xA0, 0x00, 0x1C, 0xFE, 0x2C, 0x01, 0xF4, 0xEA, 0xC2, 0xFF, 0xF0, 0x37, 0x90, 0xFD,
    0x17,
};

static const EpdGlyph kannada_10_regularGlyphs[] = {
    { 2, 18, 126, 4, 15, 9, 0 }, // U+0964
    { 7, 18, 200, 4, 15, 32, 9 }, // U+0965
    { 10, 7, 185, 1, 8, 18, 41 }, // U+0C80
    { 8, 5, 0, -9, 17, 10, 59 }, // U+0C81
    { 10, 11, 183, 1, 11, 28, 69 }, // U+0C82
    { 5, 11, 102, 1, 11, 14, 97 }, // U+0C83
    { 20, 19, 348, 1, 15, 95, 111 }, // U+0C84
    { 17, 11, 288, 1, 11, 47, 206 }, // U+0C85
    { 16, 11, 280, 1, 11, 44, 253 }, // U+0C86
    { 14, 12, 237, 1, 11, 42, 297 }, // U+0C87
    { 20, 16, 337, 1, 16, 80, 339 }, // U+0C88
    { 24, 12, 407, 1, 12, 72, 419 }, // U+0C89
    { 32, 11, 532, 1, 11, 88, 491 }, // U+0C8A
    { 24, 16, 397, 1, 16, 96, 579 }, // U+0C8B
    { 14, 11, 235, 1, 11, 39, 675 }, // U+0C8C
    { 15, 11, 262, 1, 11, 42, 714 }, // U+0C8E
    { 15, 13, 262, 1, 13, 49, 756 }, // U+0C8F
    { 15, 11, 269, 1, 11, 42, 805 }, // U+0C90
    { 15, 11, 258, 1, 11, 42, 847 }, // U+0C92
    { 15, 17, 258, 1, 17, 64, 889 }, // U+0C93
    { 15, 17, 259, 1, 17, 64, 953 }, // U+0C94
    { 11, 16, 191, 1, 16, 44, 1017 }, // U+0C95
    { 17, 13, 283, 1, 13, 56, 1061 }, // U+0C96
    { 12, 16, 216, 1, 16, 48, 1117 }, // U+0C97
    { 20, 19, 332, 1, 16, 95, 1165 }, // U+0C98
    { 14, 11, 258, 1, 11, 39, 1260 }, // U+0C99
    { 15, 16, 266, 1, 16, 60, 1299 }, // U+0C9A
    { 16, 19, 281, 1, 16, 76, 1359 }, // U+0C9B
    { 15, 11, 258, 1, 11, 42, 1435 }, // U+0C9C
    { 27, 19, 460, 1, 16, 129, 1477 }, // U+0C9D
    { 19, 12, 322, 1, 11, 57, 1606 }, // U+0C9E
    { 16, 14, 272, 1, 14, 56, 1663 }, // U+0C9F
    { 12, 16, 217, 1, 16, 48, 1719 }, // U+0CA0
    { 14, 16, 256, 1, 16, 56, 1767 }, // U+0CA1
    { 14, 19, 256, 1, 16, 67, 1823 }, // U+0CA2
    { 17, 11, 288, 1, 11, 47, 1890 }, // U+0CA3
    { 12, 16, 207, 1, 16, 48, 1937 }, // U+0CA4
    { 14, 19, 255, 1, 16, 67, 1985 }, // U+0CA5
    { 14, 16, 255, 1, 16, 56, 2052 }, // U+0CA6
    { 15, 19, 255, 1, 16, 72, 2108 }, // U+0CA7
    { 13, 17, 237, 1, 16, 56, 2180 }, // U+0CA8
    { 15, 16, 264, 1, 16, 60, 2236 }, // U+0CAA
    { 15, 19, 264, 1, 16, 72, 2296 }, // U+0CAB
    { 15, 12, 267, 1, 12, 45, 2368 }, // U+0CAC
    { 15, 19, 268, 1, 16, 72, 2413 }, // U+0CAD
    { 23, 16, 385, 1, 16, 92, 2485 }, // U+0CAE
    { 26, 16, 445, 1, 16, 104, 2577 }, // U+0CAF
    { 12, 16, 217, 1, 16, 48, 2681 }, // U+0CB0
    { 17, 11, 298, 1, 11, 47, 2729 }, // U+0CB1
    { 14, 12, 253, 1, 12, 42, 2776 }, // U+0CB2
    { 14, 16, 237, 1, 16, 56, 2818 }, // U+0CB3
    { 15, 16, 265, 1, 16, 60, 2874 }, // U+0CB5
    { 12, 16, 210, 1, 16, 48, 2934 }, // U+0CB6
    { 15, 17, 267, 1, 16, 64, 2982 }, // U+0CB7
    { 13, 17, 236, 1, 16, 56, 3046 }, // U+0CB8
    { 15, 16, 267, 1, 16, 60, 3102 }, // U+0CB9
    { 7, 3, 0, -9, -1, 6, 3162 }, // U+0CBC
    { 9, 11, 149, 0, 11, 25, 3168 }, // U+0CBD
    { 14, 11, 150, -6, 11, 39, 3193 }, // U+0CBE
    { 9, 9, 109, -2, 15, 21, 3232 }, // U+0CBF
    { 17, 16, 243, -2, 14, 68, 3253 }, // U+0CC0
    { 10, 13, 121, -3, 13, 33, 3321 }, // U+0CC1
    { 18, 11, 249, -3, 11, 50, 3354 }, // U+0CC2
    { 10, 11, 41, -6, 2, 28, 3404 }, // U+0CC3
    { 18, 11, 165, -6, 2, 50, 3432 }, // U+0CC4
    { 10, 7, 0, -10, 17, 18, 3482 }, // U+0CC6
    { 19, 19, 136, -10, 17, 91, 3500 }, // U+0CC7
    { 14, 27, 0, -10, 17, 95, 3591 }, // U+0CC8
    { 25, 17, 0, -10, 17, 107, 3686 }, // U+0CCA
    { 34, 17, 0, -10, 17, 145, 3793 }, // U+0CCB
    { 15, 12, 143, -6, 17, 45, 3938 }, // U+0CCC
    { 11, 9, 104, -4, 15, 25, 3983 }, // U+0CCD
    { 8, 13, 136, 0, 11, 26, 4008 }, // U+0CD5
    { 10, 14, 61, -6, 5, 35, 4034 }, // U+0CD6
    { 11, 11, 200, 1, 11, 31, 4069 }, // U+0CDD
    { 16, 11, 290, 1, 11, 44, 4100 }, // U+0CDE
    { 31, 16, 523, 1, 16, 124, 4144 }, // U+0CE0
    { 15, 15, 235, 1, 11, 57, 4268 }, // U+0CE1
    { 11, 9, 24, -7, -1, 25, 4325 }, // U+0CE2
    { 11, 10, 24, -7, -1, 28, 4350 }, // U+0CE3
    { 12, 15, 229, 1, 15, 45, 4378 }, // U+0CE6
    { 12, 16, 229, 1, 15, 48, 4423 }, // U+0CE7
    { 13, 15, 229, 0, 15, 49, 4471 }, // U+0CE8
    { 14, 15, 229, 2, 15, 53, 4520 }, // U+0CE9
    { 13, 15, 229, 1, 15, 49, 4573 }, // U+0CEA
    { 13, 15, 229, 1, 15, 49, 4622 }, // U+0CEB
    { 13, 15, 229, 1, 15, 49, 4671 }, // U+0CEC
    { 13, 15, 229, 1, 15, 49, 4720 }, // U+0CED
    { 13, 15, 229, 1, 15, 49, 4769 }, // U+0CEE
    { 12, 15, 229, 2, 15, 45, 4818 }, // U+0CEF
    { 11, 11, 177, 0, 11, 31, 4863 }, // U+0CF1
    { 15, 9, 251, 1, 10, 34, 4894 }, // U+0CF2
    { 6, 6, 104, 1, 16, 9, 4928 }, // U+0CF3
    { 0, 0, 0, 0, 0, 0, 0 }, // U+200C
    { 0, 0, 0, 0, 0, 0, 0 }, // U+200D
    { 10, 10, 187, 1, 10, 25, 0 }, // U+25CC
    { 10, 15, 200, 1, 15, 38, 25 }, // U+F0000
    { 0, 0, 96, 0, 0, 0, 63 }, // U+F0001
    { 10, 7, 185, 1, 8, 18, 63 }, // U+F0002
    { 8, 5, 0, -9, 17, 10, 81 }, // U+F0003
    { 10, 11, 183, 1, 11, 28, 91 }, // U+F0004
    { 5, 11, 102, 1, 11, 14, 119 }, // U+F0005
    { 20, 19, 348, 1, 15, 95, 133 }, // U+F0006
    { 17, 11, 288, 1, 11, 47, 228 }, // U+F0007
    { 16, 11, 280, 1, 11, 44, 275 }, // U+F0008
    { 14, 12, 237, 1, 11, 42, 319 }, // U+F0009
    { 20, 16, 337, 1, 16, 80, 361 }, // U+F000A
    { 24, 12, 407, 1, 12, 72, 441 }, // U+F000B
    { 32, 11, 532, 1, 11, 88, 513 }, // U+F000C
    { 24, 16, 397, 1, 16, 96, 601 }, // U+F000D
    { 14, 11, 235, 1, 11, 39, 697 }, // U+F000E
    { 15, 11, 262, 1, 11, 42, 736 }, // U+F000F
    { 15, 13, 262, 1, 13, 49, 778 }, // U+F0010
    { 15, 11, 269, 1, 11, 42, 827 }, // U+F0011
    { 15, 11, 258, 1, 11, 42, 869 }, // U+F0012
    { 15, 17, 258, 1, 17, 64, 911 }, // U+F0013
    { 15, 17, 259, 1, 17, 64, 975 }, // U+F0014
    { 11, 16, 191, 1, 16, 44, 1039 }, // U+F0015
    { 17, 13, 283, 1, 13, 56, 1083 }, // U+F0016
    { 12, 16, 216, 1, 16, 48, 1139 }, // U+F0017
    { 20, 19, 332, 1, 16, 95, 1187 }, // U+F0018
    { 14, 11, 258, 1, 11, 39, 1282 }, // U+F0019
    { 15, 16, 266, 1, 16, 60, 1321 }, // U+F001A
    { 16, 19, 281, 1, 16, 76, 1381 }, // U+F001B
    { 15, 11, 258, 1, 11, 42, 1457 }, // U+F001C
    { 27, 19, 460, 1, 16, 129, 1499 }, // U+F001D
    { 19, 12, 322, 1, 11, 57, 1628 }, // U+F001E
    { 16, 14, 272, 1, 14, 56, 1685 }, // U+F001F
    { 12, 16, 217, 1, 16, 48, 1741 }, // U+F0020
    { 14, 16, 256, 1, 16, 56, 1789 }, // U+F0021
    { 14, 19, 256, 1, 16, 67, 1845 }, // U+F0022
    { 17, 11, 288, 1, 11, 47, 1912 }, // U+F0023
    { 12, 16, 207, 1, 16, 48, 1959 }, // U+F0024
    { 14, 19, 255, 1, 16, 67, 2007 }, // U+F0025
    { 14, 16, 255, 1, 16, 56, 2074 }, // U+F0026
    { 15, 19, 255, 1, 16, 72, 2130 }, // U+F0027
    { 13, 17, 237, 1, 16, 56, 2202 }, // U+F0028
    { 15, 16, 264, 1, 16, 60, 2258 }, // U+F0029
    { 15, 19, 264, 1, 16, 72, 2318 }, // U+F002A
    { 15, 12, 267, 1, 12, 45, 2390 }, // U+F002B
    { 15, 19, 268, 1, 16, 72, 2435 }, // U+F002C
    { 23, 16, 385, 1, 16, 92, 2507 }, // U+F002D
    { 26, 16, 445, 1, 16, 104, 2599 }, // U+F002E
    { 12, 16, 217, 1, 16, 48, 2703 }, // U+F002F
    { 17, 11, 298, 1, 11, 47, 2751 }, // U+F0030
    { 14, 12, 253, 1, 12, 42, 2798 }, // U+F0031
    { 14, 16, 237, 1, 16, 56, 2840 }, // U+F0032
    { 15, 16, 265, 1, 16, 60, 2896 }, // U+F0033
    { 12, 16, 210, 1, 16, 48, 2956 }, // U+F0034
    { 15, 17, 267, 1, 16, 64, 3004 }, // U+F0035
    { 13, 17, 236, 1, 16, 56, 3068 }, // U+F0036
    { 15, 16, 267, 1, 16, 60, 3124 }, // U+F0037
    { 7, 3, 0, -9, -1, 6, 3184 }, // U+F0038
    { 9, 11, 149, 0, 11, 25, 3190 }, // U+F0039
    { 14, 11, 150, -6, 11, 39, 3215 }, // U+F003A
    { 9, 9, 109, -2, 15, 21, 3254 }, // U+F003B
    { 17, 16, 243, -2, 14, 68, 3275 }, // U+F003C
    { 10, 13, 121, -3, 13, 33, 3343 }, // U+F003D
    { 18, 11, 249, -3, 11, 50, 3376 }, // U+F003E
    { 10, 11, 41, -6, 2, 28, 3426 }, // U+F003F
    { 18, 11, 165, -6, 2, 50, 3454 }, // U+F0040
    { 10, 7, 0, -10, 17, 18, 3504 }, // U+F0041
    { 19, 19, 136, -10, 17, 91, 3522 }, // U+F0042
    { 14, 27, 0, -10, 17, 95, 3613 }, // U+F0043
    { 25, 17, 0, -10, 17, 107, 3708 }, // U+F0044
    { 34, 17, 0, -10, 17, 145, 3815 }, // U+F0045
    { 15, 12, 143, -6, 17, 45, 3960 }, // U+F0046
    { 11, 9, 104, -4, 15, 25, 4005 }, // U+F0047
    { 8, 13, 136, 0, 11, 26, 4030 }, // U+F0048
    { 10, 14, 61, -6, 5, 35, 4056 }, // U+F0049
    { 16, 11, 290, 1, 11, 44, 4091 }, // U+F004A
    { 31, 16, 523, 1, 16, 124, 4135 }, // U+F004B
    { 15, 15, 235, 1, 11, 57, 4259 }, // U+F004C
    { 11, 9, 24, -7, -1, 25, 4316 }, // U+F004D
    { 11, 10, 24, -7, -1, 28, 4341 }, // U+F004E
    { 12, 15, 229, 1, 15, 45, 4369 }, // U+F004F
    { 12, 16, 229, 1, 15, 48, 4414 }, // U+F0050
    { 13, 15, 229, 0, 15, 49, 4462 }, // U+F0051
    { 14, 15, 229, 2, 15, 53, 4511 }, // U+F0052
    { 13, 15, 229, 1, 15, 49, 4564 }, // U+F0053
    { 13, 15, 229, 1, 15, 49, 4613 }, // U+F0054
    { 13, 15, 229, 1, 15, 49, 4662 }, // U+F0055
    { 13, 15, 229, 1, 15, 49, 4711 }, // U+F0056
    { 13, 15, 229, 1, 15, 49, 4760 }, // U+F0057
    { 12, 15, 229, 2, 15, 45, 4809 }, // U+F0058
    { 11, 11, 177, 0, 11, 31, 4854 }, // U+F0059
    { 15, 9, 251, 1, 10, 34, 4885 }, // U+F005A
    { 11, 11, 189, 1, 11, 31, 4919 }, // U+F005B
    { 11, 11, 200, 1, 11, 31, 4950 }, // U+F005C
    { 6, 6, 104, 1, 16, 9, 4981 }, // U+F005D
    { 15, 15, 258, 1, 11, 57, 4990 }, // U+F005E
    { 15, 20, 264, 1, 16, 75, 5047 }, // U+F005F
    { 7, 10, 58, -3, 2, 18, 5122 }, // U+F0060
    { 12, 10, 40, -8, 2, 30, 5140 }, // U+F0061
    { 8, 7, 7, -6, 0, 14, 5170 }, // U+F0062
    { 14, 12, 83, -9, 3, 42, 5184 }, // U+F0063
    { 10, 7, 27, -7, -1, 18, 5226 }, // U+F0064
    { 12, 10, 45, -8, 2, 30, 5244 }, // U+F0065
    { 11, 12, 40, -8, 2, 33, 5274 }, // U+F0066
    { 11, 6, 27, -8, -2, 17, 5307 }, // U+F0067
    { 16, 9, 59, -9, -1, 36, 5324 }, // U+F0068
    { 13, 8, 50, -9, -1, 26, 5360 }, // U+F0069
    { 11, 10, 45, -8, 2, 28, 5386 }, // U+F006A
    { 8, 7, 8, -6, -1, 14, 5414 }, // U+F006B
    { 10, 7, 24, -7, -1, 18, 5428 }, // U+F006C
    { 10, 9, 24, -7, -1, 23, 5446 }, // U+F006D
    { 12, 7, 38, -8, -1, 21, 5469 }, // U+F006E
    { 12, 6, 22, -9, 0, 18, 5490 }, // U+F006F
    { 10, 9, 21, -7, -1, 23, 5508 }, // U+F0070
    { 10, 7, 21, -7, -1, 18, 5531 }, // U+F0071
    { 10, 9, 21, -7, -1, 23, 5549 }, // U+F0072
    { 10, 10, 35, -6, 2, 25, 5572 }, // U+F0073
    { 11, 9, 40, -8, 2, 25, 5597 }, // U+F0074
    { 11, 11, 40, -8, 2, 31, 5622 }, // U+F0075
    { 11, 9, 40, -7, 1, 25, 5653 }, // U+F0076
    { 11, 11, 40, -8, 1, 31, 5678 }, // U+F0077
    { 10, 12, 83, -1, 4, 30, 5709 }, // U+F0078
    { 11, 12, 87, -5, 4, 33, 5739 }, // U+F0079
    { 11, 9, 45, -8, 3, 25, 5772 }, // U+F007A
    { 12, 7, 41, -8, -1, 21, 5797 }, // U+F007B
    { 10, 7, 21, -8, -1, 18, 5818 }, // U+F007C
    { 10, 11, 42, -7, 3, 28, 5836 }, // U+F007D
    { 11, 11, 43, -8, 3, 31, 5864 }, // U+F007E
    { 8, 11, 67, -2, 3, 22, 5895 }, // U+F007F
    { 11, 9, 33, -8, 0, 25, 5917 }, // U+F0080
    { 11, 10, 40, -7, 2, 28, 5942 }, // U+F0081
    { 11, 6, 30, -7, -1, 17, 5970 }, // U+F0082
    { 12, 7, 41, -8, -1, 21, 5987 }, // U+F0083
    { 11, 10, 27, -8, -1, 28, 6008 }, // U+F0084
    { 11, 12, 40, -8, 2, 33, 6036 }, // U+F0085
    { 10, 11, 191, 1, 11, 28, 6069 }, // U+F0086
    { 17, 11, 286, 1, 11, 47, 6097 }, // U+F0087
    { 11, 11, 216, 1, 11, 31, 6144 }, // U+F0088
    { 20, 15, 332, 1, 12, 75, 6175 }, // U+F0089
    { 16, 11, 265, 1, 11, 44, 6250 }, // U+F008A
    { 16, 14, 281, 1, 11, 56, 6294 }, // U+F008B
    { 15, 11, 258, 1, 11, 42, 6350 }, // U+F008C
    { 27, 19, 460, 1, 16, 129, 6392 }, // U+F008D
    { 16, 14, 272, 1, 14, 56, 6521 }, // U+F008E
    { 12, 11, 217, 1, 11, 33, 6577 }, // U+F008F
    { 15, 11, 256, 1, 11, 42, 6610 }, // U+F0090
    { 15, 14, 256, 1, 11, 53, 6652 }, // U+F0091
    { 17, 11, 290, 1, 11, 47, 6705 }, // U+F0092
    { 12, 11, 207, 1, 11, 33, 6752 }, // U+F0093
    { 14, 14, 255, 1, 11, 49, 6785 }, // U+F0094
    { 14, 11, 255, 1, 11, 39, 6834 }, // U+F0095
    { 14, 14, 255, 1, 11, 49, 6873 }, // U+F0096
    { 13, 12, 237, 1, 11, 39, 6922 }, // U+F0097
    { 15, 11, 264, 1, 11, 42, 6961 }, // U+F0098
    { 15, 14, 264, 1, 11, 53, 7003 }, // U+F0099
    { 16, 11, 268, 1, 11, 44, 7056 }, // U+F009A
    { 17, 14, 268, 1, 11, 60, 7100 }, // U+F009B
    { 23, 16, 385, 1, 16, 92, 7160 }, // U+F009C
    { 26, 16, 445, 1, 16, 104, 7252 }, // U+F009D
    { 12, 11, 217, 1, 11, 33, 7356 }, // U+F009E
    { 15, 11, 256, 1, 11, 42, 7389 }, // U+F009F
    { 14, 11, 237, 1, 11, 39, 7431 }, // U+F00A0
    { 15, 11, 265, 1, 11, 42, 7470 }, // U+F00A1
    { 12, 11, 210, 1, 11, 33, 7512 }, // U+F00A2
    { 15, 12, 267, 1, 11, 45, 7545 }, // U+F00A3
    { 13, 12, 236, 1, 11, 39, 7590 }, // U+F00A4
    { 15, 11, 267, 1, 11, 42, 7629 }, // U+F00A5
    { 15, 15, 258, 1, 11, 57, 7671 }, // U+F00A6
    { 15, 15, 264, 1, 11, 57, 7728 }, // U+F00A7
    { 18, 15, 296, 1, 15, 68, 7785 }, // U+F00A8
    { 25, 15, 390, 1, 15, 94, 7853 }, // U+F00A9
    { 20, 15, 320, 1, 15, 75, 7947 }, // U+F00AA
    { 28, 18, 451, 1, 15, 126, 8022 }, // U+F00AB
    { 30, 15, 478, 1, 15, 113, 8148 }, // U+F00AC
    { 23, 15, 371, 1, 15, 87, 8261 }, // U+F00AD
    { 24, 18, 385, 1, 15, 108, 8348 }, // U+F00AE
    { 23, 15, 363, 1, 15, 87, 8456 }, // U+F00AF
    { 35, 20, 564, 1, 17, 175, 8543 }, // U+F00B0
    { 35, 16, 557, 1, 15, 140, 8718 }, // U+F00B1
    { 23, 15, 376, 1, 15, 87, 8858 }, // U+F00B2
    { 20, 15, 321, 1, 15, 75, 8945 }, // U+F00B3
    { 22, 15, 355, 1, 15, 83, 9020 }, // U+F00B4
    { 22, 18, 355, 1, 15, 99, 9103 }, // U+F00B5
    { 24, 15, 394, 1, 15, 90, 9202 }, // U+F00B6
    { 19, 15, 311, 1, 15, 72, 9292 }, // U+F00B7
    { 22, 18, 359, 1, 15, 99, 9364 }, // U+F00B8
    { 22, 15, 359, 1, 15, 83, 9463 }, // U+F00B9
    { 22, 18, 359, 1, 15, 99, 9546 }, // U+F00BA
    { 21, 16, 341, 1, 15, 84, 9645 }, // U+F00BB
    { 23, 15, 368, 1, 15, 87, 9729 }, // U+F00BC
    { 23, 18, 368, 1, 15, 104, 9816 }, // U+F00BD
    { 23, 15, 373, 1, 15, 87, 9920 }, // U+F00BE
    { 23, 18, 373, 1, 15, 104, 10007 }, // U+F00BF
    { 31, 17, 490, 1, 17, 132, 10111 }, // U+F00C0
    { 34, 17, 550, 1, 17, 145, 10243 }, // U+F00C1
    { 20, 15, 321, 1, 15, 75, 10388 }, // U+F00C2
    { 32, 15, 512, 1, 15, 120, 10463 }, // U+F00C3
    { 23, 15, 364, 1, 15, 87, 10583 }, // U+F00C4
    { 22, 15, 348, 1, 15, 83, 10670 }, // U+F00C5
    { 23, 15, 369, 1, 15, 87, 10753 }, // U+F00C6
    { 20, 15, 315, 1, 15, 75, 10840 }, // U+F00C7
    { 23, 16, 371, 1, 15, 92, 10915 }, // U+F00C8
    { 21, 16, 340, 1, 15, 84, 11007 }, // U+F00C9
    { 22, 15, 359, 1, 15, 83, 11091 }, // U+F00CA
    { 31, 15, 505, 1, 15, 117, 11174 }, // U+F00CB
    { 23, 19, 363, 1, 15, 110, 11291 }, // U+F00CC
    { 23, 19, 368, 1, 15, 110, 11401 }, // U+F00CD
    { 10, 15, 191, 1, 15, 38, 11511 }, // U+F00CE
    { 17, 16, 300, 1, 16, 68, 11549 }, // U+F00CF
    { 11, 16, 216, 1, 16, 44, 11617 }, // U+F00D0
    { 20, 18, 331, 1, 15, 90, 11661 }, // U+F00D1
    { 15, 15, 266, 1, 15, 57, 11751 }, // U+F00D2
    { 16, 19, 287, 1, 16, 76, 11808 }, // U+F00D3
    { 14, 15, 258, 1, 15, 53, 11884 }, // U+F00D4
    { 27, 19, 460, 1, 16, 129, 11937 }, // U+F00D5
    { 16, 15, 272, 1, 15, 60, 12066 }, // U+F00D6
    { 12, 16, 217, 1, 16, 48, 12126 }, // U+F00D7
    { 15, 16, 256, 1, 16, 60, 12174 }, // U+F00D8
    { 15, 19, 256, 1, 16, 72, 12234 }, // U+F00D9
    { 17, 17, 288, 1, 17, 73, 12306 }, // U+F00DA
    { 12, 15, 205, 1, 15, 45, 12379 }, // U+F00DB
    { 14, 19, 255, 1, 16, 67, 12424 }, // U+F00DC
    { 14, 16, 255, 1, 16, 56, 12491 }, // U+F00DD
    { 14, 19, 255, 1, 16, 67, 12547 }, // U+F00DE
    { 14, 17, 247, 1, 16, 60, 12614 }, // U+F00DF
    { 15, 15, 262, 1, 15, 57, 12674 }, // U+F00E0
    { 15, 18, 262, 1, 15, 68, 12731 }, // U+F00E1
    { 16, 16, 274, 1, 16, 64, 12799 }, // U+F00E2
    { 16, 19, 274, 1, 16, 76, 12863 }, // U+F00E3
    { 23, 16, 393, 1, 16, 92, 12939 }, // U+F00E4
    { 26, 16, 445, 1, 16, 104, 13031 }, // U+F00E5
    { 12, 16, 217, 1, 16, 48, 13135 }, // U+F00E6
    { 15, 16, 265, 1, 16, 60, 13183 }, // U+F00E7
    { 14, 16, 240, 1, 16, 56, 13243 }, // U+F00E8
    { 16, 16, 273, 1, 16, 64, 13299 }, // U+F00E9
    { 12, 17, 210, 1, 17, 51, 13363 }, // U+F00EA
    { 15, 16, 266, 1, 15, 60, 13414 }, // U+F00EB
    { 13, 16, 235, 1, 15, 52, 13474 }, // U+F00EC
    { 15, 15, 265, 1, 15, 57, 13526 }, // U+F00ED
    { 15, 19, 258, 1, 15, 72, 13583 }, // U+F00EE
    { 15, 19, 262, 1, 15, 72, 13655 }, // U+F00EF
    { 11, 17, 191, 1, 17, 47, 13727 }, // U+F00F0
    { 17, 17, 288, 1, 17, 73, 13774 }, // U+F00F1
    { 12, 17, 216, 1, 17, 51, 13847 }, // U+F00F2
    { 20, 20, 332, 1, 17, 100, 13898 }, // U+F00F3
    { 16, 17, 266, 1, 17, 68, 13998 }, // U+F00F4
    { 16, 20, 281, 1, 17, 80, 14066 }, // U+F00F5
    { 14, 17, 258, 1, 17, 60, 14146 }, // U+F00F6
    { 27, 20, 460, 1, 17, 135, 14206 }, // U+F00F7
    { 16, 17, 272, 1, 17, 68, 14341 }, // U+F00F8
    { 12, 17, 217, 1, 17, 51, 14409 }, // U+F00F9
    { 14, 17, 256, 1, 17, 60, 14460 }, // U+F00FA
    { 14, 20, 256, 1, 17, 70, 14520 }, // U+F00FB
    { 17, 17, 290, 1, 17, 73, 14590 }, // U+F00FC
    { 12, 17, 207, 1, 17, 51, 14663 }, // U+F00FD
    { 14, 20, 255, 1, 17, 70, 14714 }, // U+F00FE
    { 14, 17, 255, 1, 17, 60, 14784 }, // U+F00FF
    { 14, 20, 255, 1, 17, 70, 14844 }, // U+F0100
    { 13, 18, 237, 1, 17, 59, 14914 }, // U+F0101
    { 15, 17, 264, 1, 17, 64, 14973 }, // U+F0102
    { 15, 20, 264, 1, 17, 75, 15037 }, // U+F0103
    { 15, 17, 268, 1, 17, 64, 15112 }, // U+F0104
    { 15, 20, 268, 1, 17, 75, 15176 }, // U+F0105
    { 23, 17, 385, 1, 17, 98, 0 }, // U+F0106
    { 26, 17, 445, 1, 17, 111, 98 }, // U+F0107
    { 12, 17, 217, 1, 17, 51, 209 }, // U+F0108
    { 15, 17, 256, 1, 17, 64, 260 }, // U+F0109
    { 14, 17, 237, 1, 17, 60, 324 }, // U+F010A
    { 15, 17, 265, 1, 17, 64, 384 }, // U+F010B
    { 12, 17, 210, 1, 17, 51, 448 }, // U+F010C
    { 15, 18, 267, 1, 17, 68, 499 }, // U+F010D
    { 13, 18, 236, 1, 17, 59, 567 }, // U+F010E
    { 15, 17, 267, 1, 17, 64, 626 }, // U+F010F
    { 15, 21, 258, 1, 17, 79, 690 }, // U+F0110
    { 15, 21, 264, 1, 17, 79, 769 }, // U+F0111
    { 17, 11, 237, -3, 11, 47, 848 }, // U+F0112
    { 10, 12, 116, -2, 17, 30, 895 }, // U+F0113
    { 14, 15, 84, -9, 12, 53, 925 }, // U+F0114
    { 22, 14, 215, -9, 11, 77, 978 }, // U+F0115
    { 12, 15, 84, -7, 12, 45, 1055 }, // U+F0116
    { 21, 14, 215, -8, 11, 74, 1100 }, // U+F0117
    { 11, 13, 125, -4, 13, 36, 1174 }, // U+F0118
    { 19, 11, 249, -4, 11, 53, 1210 }, // U+F0119
    { 35, 20, 587, 1, 17, 175, 1263 }, // U+F011A
    { 31, 17, 513, 1, 17, 132, 1438 }, // U+F011B
    { 34, 17, 572, 1, 17, 145, 1570 }, // U+F011C
    { 12, 24, 191, 1, 16, 72, 1715 }, // U+F011D
    { 12, 19, 191, 1, 11, 57, 1787 }, // U+F011E
    { 18, 23, 296, 1, 15, 104, 1844 }, // U+F011F
    { 12, 23, 191, 1, 15, 69, 1948 }, // U+F0120
    { 12, 25, 191, 1, 17, 75, 2017 }, // U+F0121
    { 15, 20, 258, 1, 11, 75, 2092 }, // U+F0122
    { 15, 20, 258, 1, 11, 75, 2167 }, // U+F0123
    { 23, 24, 363, 1, 15, 138, 2242 }, // U+F0124
    { 15, 24, 258, 1, 15, 90, 2380 }, // U+F0125
    { 15, 26, 258, 1, 17, 98, 2470 }, // U+F0126
    { 11, 13, 105, -3, 2, 36, 2568 }, // U+F0127
    { 11, 10, 62, -6, -1, 28, 2604 }, // U+F0128
    { 14, 14, 83, -8, 3, 49, 2632 }, // U+F0129
    { 13, 11, 75, -7, 0, 36, 2681 }, // U+F012A
    { 15, 9, 69, -9, -1, 34, 2717 }, // U+F012B
    { 13, 11, 72, -7, 0, 36, 2751 }, // U+F012C
    { 15, 12, 89, -8, 2, 45, 2787 }, // U+F012D
    { 15, 13, 93, -8, 2, 49, 2832 }, // U+F012E
    { 17, 12, 113, -9, 2, 51, 2881 }, // U+F012F
    { 18, 14, 252, -1, 3, 63, 2932 }, // U+F0130
    { 16, 11, 91, -9, 2, 44, 2995 }, // U+F0131
    { 17, 14, 229, -1, 3, 60, 3039 }, // U+F0132
    { 16, 13, 106, -9, 4, 52, 3099 }, // U+F0133
    { 17, 14, 244, -1, 3, 60, 3151 }, // U+F0134
    { 18, 14, 159, -8, 3, 63, 3211 }, // U+F0135
    { 7, 10, 91, 1, -1, 18, 3274 }, // U+F0136
    { 12, 10, 134, -1, -1, 30, 3292 }, // U+F0137
    { 8, 7, 91, 0, -4, 14, 3322 }, // U+F0138
    { 14, 12, 212, 1, 1, 42, 3336 }, // U+F0139
    { 10, 7, 138, 1, -4, 18, 3378 }, // U+F013A
    { 12, 10, 156, 0, -1, 30, 3396 }, // U+F013B
    { 11, 12, 167, 1, 1, 33, 3426 }, // U+F013C
    { 11, 6, 138, 0, -5, 17, 3459 }, // U+F013D
    { 16, 9, 229, 1, -2, 36, 3476 }, // U+F013E
    { 13, 8, 185, 1, -3, 26, 3512 }, // U+F013F
    { 11, 10, 158, 0, -1, 28, 3538 }, // U+F0140
    { 8, 7, 96, 1, -4, 14, 3566 }, // U+F0141
    { 10, 7, 126, 0, -4, 18, 3580 }, // U+F0142
    { 10, 9, 132, 1, -2, 23, 3598 }, // U+F0143
    { 12, 7, 152, 0, -4, 21, 3621 }, // U+F0144
    { 12, 6, 66, -6, -5, 18, 3642 }, // U+F0145
    { 10, 9, 128, 1, -2, 23, 3660 }, // U+F0146
    { 10, 7, 122, 0, -4, 18, 3683 }, // U+F0147
    { 10, 9, 128, 1, -2, 23, 3701 }, // U+F0148
    { 10, 10, 133, 1, -1, 25, 3724 }, // U+F0149
    { 11, 9, 144, 0, -2, 25, 3749 }, // U+F014A
    { 11, 11, 163, 1, 0, 31, 3774 }, // U+F014B
    { 11, 9, 153, 1, -2, 25, 3805 }, // U+F014C
    { 11, 11, 165, 0, 0, 31, 3830 }, // U+F014D
    { 10, 12, 91, 1, 1, 30, 3861 }, // U+F014E
    { 11, 12, 147, 0, 1, 33, 3891 }, // U+F014F
    { 11, 10, 37, -7, -1, 28, 3924 }, // U+F0150
    { 12, 7, 157, 0, -4, 21, 3952 }, // U+F0151
    { 10, 7, 129, 0, -4, 18, 3973 }, // U+F0152
    { 10, 11, 140, 0, 0, 28, 3991 }, // U+F0153
    { 11, 11, 151, 0, 0, 31, 4019 }, // U+F0154
    { 8, 11, 99, 1, 0, 22, 4050 }, // U+F0155
    { 11, 9, 155, 1, -2, 25, 4072 }, // U+F0156
    { 11, 10, 137, -1, -2, 28, 4097 }, // U+F0157
    { 11, 6, 132, 0, -5, 17, 4125 }, // U+F0158
    { 12, 7, 155, 1, -4, 21, 4142 }, // U+F0159
    { 11, 10, 147, 0, -1, 28, 4163 }, // U+F015A
    { 11, 12, 169, 1, 1, 33, 4191 }, // U+F015B
    { 10, 11, 143, 1, 0, 28, 4224 }, // U+F015C
    { 18, 11, 270, 1, 0, 50, 4252 }, // U+F015D
    { 10, 14, 159, 1, 3, 35, 4302 }, // U+F015E
    { 11, 9, 146, 1, -2, 25, 4337 }, // U+F015F
    { 11, 10, 148, 1, -1, 28, 4362 }, // U+F0160
    { 11, 13, 156, 1, 2, 36, 4390 }, // U+F0161
    { 11, 10, 169, 1, -1, 28, 4426 }, // U+F0162
    { 14, 14, 219, 1, 3, 49, 4454 }, // U+F0163
    { 13, 11, 196, 1, 0, 36, 4503 }, // U+F0164
    { 14, 9, 170, -2, -2, 32, 4539 }, // U+F0165
    { 13, 11, 192, 1, 0, 36, 4571 }, // U+F0166
    { 15, 12, 223, 1, 1, 45, 4607 }, // U+F0167
    { 15, 13, 220, 0, 2, 49, 4652 }, // U+F0168
    { 22, 12, 235, -6, 1, 66, 4701 }, // U+F0169
    { 19, 12, 279, 1, 1, 57, 4767 }, // U+F016A
    { 20, 11, 207, -6, 0, 55, 4824 }, // U+F016B
    { 18, 12, 272, 1, 1, 54, 4879 }, // U+F016C
    { 20, 14, 227, -6, 3, 70, 4933 }, // U+F016D
    { 18, 14, 292, 1, 3, 63, 5003 }, // U+F016E
    { 21, 14, 207, -7, 3, 74, 5066 }, // U+F016F
    { 7, 10, 59, -3, 1, 18, 5140 }, // U+F0170
    { 12, 10, 73, -6, 0, 30, 5158 }, // U+F0171
    { 8, 7, 7, -5, -2, 14, 5188 }, // U+F0172
    { 14, 12, 86, -8, 1, 42, 5202 }, // U+F0173
    { 10, 7, 62, -4, -3, 18, 5244 }, // U+F0174
    { 12, 10, 86, -5, 0, 30, 5262 }, // U+F0175
    { 11, 12, 99, -4, 1, 33, 5292 }, // U+F0176
    { 11, 6, 62, -5, -4, 17, 5325 }, // U+F0177
    { 16, 9, 143, -5, -2, 36, 5342 }, // U+F0178
    { 13, 8, 95, -5, -3, 26, 5378 }, // U+F0179
    { 11, 10, 85, -5, 0, 28, 5404 }, // U+F017A
    { 8, 7, 13, -5, -3, 14, 5432 }, // U+F017B
    { 10, 7, 37, -5, -3, 18, 5446 }, // U+F017C
    { 10, 9, 51, -5, -2, 23, 5464 }, // U+F017D
    { 12, 7, 71, -5, -3, 21, 5487 }, // U+F017E
    { 12, 6, 38, -8, -1, 18, 5508 }, // U+F017F
    { 10, 9, 47, -5, -2, 23, 5526 }, // U+F0180
    { 10, 7, 33, -5, -3, 18, 5549 }, // U+F0181
    { 10, 9, 47, -5, -2, 23, 5567 }, // U+F0182
    { 10, 10, 54, -5, 0, 25, 5590 }, // U+F0183
    { 11, 9, 48, -7, 0, 25, 5615 }, // U+F0184
    { 11, 11, 48, -7, 0, 31, 5640 }, // U+F0185
    { 11, 9, 83, -4, -1, 25, 5671 }, // U+F0186
    { 11, 11, 108, -4, 0, 31, 5696 }, // U+F0187
    { 10, 12, 57, -2, 2, 30, 5727 }, // U+F0188
    { 11, 12, 75, -5, 2, 33, 5757 }, // U+F0189
    { 11, 10, 45, -8, 3, 28, 5790 }, // U+F018A
    { 12, 7, 78, -5, -3, 21, 5818 }, // U+F018B
    { 10, 7, 52, -5, -3, 18, 5839 }, // U+F018C
    { 10, 11, 74, -4, 1, 28, 5857 }, // U+F018D
    { 11, 11, 47, -7, 1, 31, 5885 }, // U+F018E
    { 8, 11, 42, -3, 1, 22, 5916 }, // U+F018F
    { 11, 9, 35, -7, -2, 25, 5938 }, // U+F0190
    { 11, 10, 43, -7, 0, 28, 5963 }, // U+F0191
    { 11, 6, 62, -5, -3, 17, 5991 }, // U+F0192
    { 12, 7, 75, -5, -3, 21, 6008 }, // U+F0193
    { 11, 10, 95, -3, -1, 28, 6029 }, // U+F0194
    { 11, 12, 88, -5, 1, 33, 6057 }, // U+F0195
    { 2, 4, 0, -6, 16, 2, 6090 }, // U+F0196
    { 9, 2, 0, -10, -2, 5, 6092 }, // U+F0197
    { 2, 18, 126, 4, 15, 9, 6097 }, // U+F0198
    { 7, 18, 200, 4, 15, 32, 6106 }, // U+F0199
    { 8, 5, 0, -10, 17, 10, 6138 }, // U+F019A
    { 7, 2, 0, -9, 16, 4, 6148 }, // U+F019B
    { 4, 4, 0, -8, 16, 4, 6152 }, // U+F019C
    { 11, 12, 171, 0, 11, 33, 6156 }, // U+F019D
    { 7, 5, 0, -9, 18, 9, 6189 }, // U+F019E
    { 11, 5, 0, -11, 17, 14, 6198 }, // U+F019F
    { 9, 20, 0, -10, 16, 45, 6212 }, // U+F01A0
    { 13, 5, 0, -12, 17, 17, 6257 }, // U+F01A1
    { 2, 21, 0, -1, 17, 11, 6274 }, // U+F01A2
    { 8, 21, 0, -4, 17, 42, 6285 }, // U+F01A3
    { 10, 10, 187, 1, 10, 25, 6327 }, // U+F01A4
};

static const EpdUnicodeInterval kannada_10_regularIntervals[] = {
    { 0x964, 0x965, 0x0 },
    { 0xC80, 0xC8C, 0x2 },
    { 0xC8E, 0xC90, 0xF },
    { 0xC92, 0xCA8, 0x12 },
    { 0xCAA, 0xCB3, 0x29 },
    { 0xCB5, 0xCB9, 0x33 },
    { 0xCBC, 0xCC4, 0x38 },
    { 0xCC6, 0xCC8, 0x41 },
    { 0xCCA, 0xCCD, 0x44 },
    { 0xCD5, 0xCD6, 0x48 },
    { 0xCDD, 0xCDE, 0x4A },
    { 0xCE0, 0xCE3, 0x4C },
    { 0xCE6, 0xCEF, 0x50 },
    { 0xCF1, 0xCF3, 0x5A },
    { 0x200C, 0x200D, 0x5D },
    { 0x25CC, 0x25CC, 0x5F },
    { 0xF0000, 0xF01A4, 0x60 },
};

static const EpdFontGroup kannada_10_regularGroups[] = {
    { 0, 2658, 5361, 93, 0 },
    { 2658, 2, 0, 2, 93 },
    { 2660, 6759, 16326, 263, 95 },
    { 9419, 3078, 6904, 159, 358 },
};

static BuiltinShapingFace kannada_10_regularShaping = {
    kannadaLayout,
    sizeof(kannadaLayout),
    0x76C162B3,
    1333,
    &kannada_10_regularGlyphs[96],
    421,
    nullptr,
};

static constexpr EpdFontData kannada_10_regular = {
    kannada_10_regularBitmaps,
    kannada_10_regularGlyphs,
    kannada_10_regularIntervals,
    17,
    28,
    17,
    -12,
    true,
    kannada_10_regularGroups,
    4,
    nullptr,
    nullptr,
    nullptr,
    nullptr,
    nullptr,
    nullptr,
    nullptr,
    nullptr,
    nullptr,
    nullptr,
    nullptr,
    0,
    0,
    0,
    0,
    nullptr,
    0,
    nullptr,  // glyphMissHandler
    nullptr,  // glyphMissCtx
    nullptr,  // coverageHandler
    &builtinShaping::shape,
    &kannada_10_regularShaping,
};
