/**
 * generated by gen_builtin_shaping_layout.py
 * font: NotoSansKannada-Regular.ttf
 * scripts: kannada
 * 54896 bytes, 421 glyphs, FNV-1a 0x76C162B3
 */
#pragma once
#include <cstdint>

// clang-format off
alignas(4) inline constexpr uint8_t kannadaLayout[54896] = {
    0x00, 0x01, 0x00, 0x00, 0x00, 0x0A, 0x00, 0x80, 0x00, 0x03, 0x00, 0x20, 0x43, 0x50, 0x61, 0x63,
    0xAE, 0x66, 0x22, 0x77, 0x00, 0x00, 0x08, 0x64, 0x00, 0x00, 0x2B, 0x14, 0x43, 0x50, 0x70, 0x6C,
    0x75, 0x5A, 0x85, 0xEF, 0x00, 0x00, 0x33, 0x78, 0x00, 0x00, 0x01, 0xBE, 0x47, 0x44, 0x45, 0x46,
    0x3E, 0x1A, 0x41, 0x52, 0x00, 0x00, 0x35, 0x38, 0x00, 0x00, 0x01, 0xD0, 0x47, 0x50, 0x4F, 0x53,
    0x32, 0xC4, 0xED, 0x10, 0x00, 0x00, 0x37, 0x08, 0x00, 0x00, 0x13, 0x94, 0x47, 0x53, 0x55, 0x42,
    0x30, 0x95, 0x6B, 0x1F, 0x00, 0x00, 0x4A, 0x9C, 0x00, 0x00, 0x8B, 0xD4, 0x63, 0x6D, 0x61, 0x70,
    0x87, 0x14, 0x92, 0x19, 0x00, 0x00, 0x07, 0xA4, 0x00, 0x00, 0x00, 0xBE, 0x68, 0x65, 0x61, 0x64,
    0x1D, 0xE1, 0x19, 0x02, 0x00, 0x00, 0x00, 0xAC, 0x00, 0x00, 0x00, 0x36, 0x68, 0x68, 0x65, 0x61,
    0x07, 0x9D, 0x05, 0xEA, 0x00, 0x00, 0x00, 0xE4, 0x00, 0x00, 0x00, 0x24, 0x68, 0x6D, 0x74, 0x78,
    0xE5, 0xED, 0x80, 0xE7, 0x00, 0x00, 0x01, 0x10, 0x00, 0x00, 0x06, 0x94, 0x6D, 0x61, 0x78, 0x70,
    0x01, 0xA5, 0x50, 0x00, 0x00, 0x00, 0x01, 0x08, 0x00, 0x00, 0x00, 0x06, 0x00, 0x01, 0x00, 0x00,
    0x00, 0x02, 0x01, 0x89, 0x98, 0x58, 0x82, 0xED, 0x5F, 0x0F, 0x3C, 0xF5, 0x00, 0x03, 0x03, 0xE8,
    0x00, 0x00, 0x00, 0x00, 0xD7, 0x46, 0x83, 0x99, 0x00, 0x00, 0x00, 0x00, 0xE3, 0x11, 0x51, 0xE8,
    0xFD, 0xB6, 0xFD, 0xEC, 0x06, 0xBB, 0x03, 0x29, 0x00, 0x00, 0x00, 0x06, 0x00, 0x02, 0x00, 0x00,
    0x00, 0x00, 0x00, 0x00, 0x00, 0x01, 0x00, 0x00, 0x03, 0x29, 0xFD, 0xE4, 0x00, 0x00, 0x06, 0xE1,
    0xFD, 0xB6, 0xFB, 0x98, 0x06, 0xBB, 0x03, 0xE8, 0x00, 0x00, 0x00, 0x00, 0x00, 0x00, 0x00, 0x00,
    0x00, 0x00, 0x00, 0x00, 0x00, 0x00, 0x01, 0xA5, 0x00, 0x00, 0x50, 0x00, 0x01, 0xA5, 0x00, 0x00,
    0x02, 0x57, 0x00, 0x5E, 0x01, 0x20, 0x00, 0x00, 0x02, 0x2C, 0x00, 0x25, 0x00, 0x00, 0xFE, 0x3C,
    0x02, 0x26, 0x00, 0x25, 0x01, 0x31, 0x00, 0x21, 0x04, 0x14, 0x00, 0x2C, 0x03, 0x5F, 0x00, 0x25,
    0x03, 0x49, 0x00, 0x25, 0x02, 0xC7, 0x00, 0x1A, 0x03, 0xF2, 0x00, 0x14, 0x04, 0xC6, 0x00, 0x25,
    0x06, 0x3D, 0x00, 0x25, 0x04, 0xA7, 0x00, 0x1B, 0x02, 0xC2, 0x00, 0x1A, 0x03, 0x13, 0x00, 0x1D,
    0x03, 0x13, 0x00, 0x1D, 0x03, 0x27, 0x00, 0x22, 0x03, 0x07, 0x00, 0x1A, 0x03, 0x07, 0x00, 0x1A,
    0x03, 0x0A, 0x00, 0x1A, 0x02, 0x3E, 0x00, 0x24, 0x03, 0x51, 0x00, 0x18, 0x02, 0x88, 0x00, 0x2F,
    0x03, 0xE4, 0x00, 0x1F, 0x03, 0x07, 0x00, 0x1A, 0x03, 0x1D, 0x00, 0x1A, 0x03, 0x4B, 0x00, 0x2A,
    0x03, 0x07, 0x00, 0x1A, 0x05, 0x63, 0x00, 0x2A, 0x03, 0xC6, 0x00, 0x1A, 0x03, 0x2F, 0x00, 0x28,
    0x02, 0x8B, 0x00, 0x2A, 0x03, 0x00, 0x00, 0x2A, 0x03, 0x00, 0x00, 0x2A, 0x03, 0x60, 0x00, 0x1F,
    0x02, 0x6E, 0x00, 0x21, 0x02, 0xFD, 0x00, 0x2A, 0x02, 0xFD, 0x00, 0x2A, 0x02, 0xFD, 0x00, 0x2A,
    0x02, 0xC7, 0x00, 0x1F, 0x03, 0x18, 0x00, 0x1F, 0x03, 0x18, 0x00, 0x1F, 0x03, 0x20, 0x00, 0x1A,
    0x03, 0x25, 0x00, 0x1A, 0x04, 0x84, 0x00, 0x1F, 0x05, 0x38, 0x00, 0x28, 0x02, 0x8B, 0x00, 0x2A,
    0x03, 0x7D, 0x00, 0x2A, 0x02, 0xF7, 0x00, 0x25, 0x02, 0xC6, 0x00, 0x1E, 0x03, 0x1A, 0x00, 0x1F,
    0x02, 0x76, 0x00, 0x1F, 0x03, 0x21, 0x00, 0x1F, 0x02, 0xC5, 0x00, 0x1F, 0x03, 0x21, 0x00, 0x21,
    0x00, 0x00, 0xFE, 0x40, 0x01, 0xBE, 0x00, 0x10, 0x01, 0xC1, 0xFF, 0x06, 0x01, 0x47, 0xFF, 0x9B,
    0x02, 0xD8, 0xFF, 0x9B, 0x01, 0x6C, 0xFF, 0x89, 0x02, 0xEA, 0xFF, 0x89, 0x00, 0x7B, 0xFE, 0xC4,
    0x01, 0xEE, 0xFE, 0xC4, 0x00, 0x00, 0xFE, 0x03, 0x01, 0x98, 0xFE, 0x03, 0x00, 0x00, 0xFE, 0x03,
    0x00, 0x00, 0xFE, 0x03, 0x00, 0x00, 0xFE, 0x03, 0x01, 0xAE, 0xFE, 0xF3, 0x01, 0x39, 0xFF, 0x5C,
    0x01, 0x98, 0x00, 0x24, 0x00, 0xB7, 0xFE, 0xD0, 0x03, 0x65, 0x00, 0x2A, 0x06, 0x22, 0x00, 0x1B,
    0x02, 0xC2, 0x00, 0x1A, 0x00, 0x49, 0xFE, 0xA4, 0x00, 0x49, 0xFE, 0xA4, 0x02, 0xB0, 0x00, 0x36,
    0x02, 0xB0, 0x00, 0x36, 0x02, 0xB0, 0x00, 0x1E, 0x02, 0xB0, 0x00, 0x4F, 0x02, 0xB0, 0x00, 0x26,
    0x02, 0xB0, 0x00, 0x1D, 0x02, 0xB0, 0x00, 0x3E, 0x02, 0xB0, 0x00, 0x3F, 0x02, 0xB0, 0x00, 0x33,
    0x02, 0xB0, 0x00, 0x56, 0x02, 0x13, 0x00, 0x10, 0x02, 0xF0, 0x00, 0x21, 0x02, 0x37, 0x00, 0x20,
    0x02, 0x57, 0x00, 0x30, 0x01, 0x38, 0x00, 0x1B, 0x03, 0x07, 0x00, 0x1A, 0x03, 0x18, 0x00, 0x1F,
    0x00, 0xAF, 0xFF, 0x7B, 0x00, 0x78, 0xFE, 0x95, 0x00, 0x14, 0xFE, 0xDC, 0x00, 0xF8, 0xFE, 0x5C,
    0x00, 0x51, 0xFE, 0x9A, 0x00, 0x88, 0xFE, 0x90, 0x00, 0x78, 0xFE, 0x88, 0x00, 0x51, 0xFE, 0x9A,
    0x00, 0xB2, 0xFE, 0x34, 0x00, 0x96, 0xFE, 0x44, 0x00, 0x87, 0xFE, 0x81, 0x00, 0x17, 0xFE, 0xD9,
    0x00, 0x47, 0xFE, 0xAC, 0x00, 0x47, 0xFE, 0xAC, 0x00, 0x71, 0xFE, 0x8F, 0x00, 0x41, 0xFE, 0x41,
    0x00, 0x3F, 0xFE, 0xB0, 0x00, 0x3F, 0xFE, 0xB0, 0x00, 0x3F, 0xFE, 0xB0, 0x00, 0x69, 0xFE, 0xC5,
    0x00, 0x78, 0xFE, 0x86, 0x00, 0x78, 0xFE, 0x86, 0x00, 0x78, 0xFE, 0x97, 0x00, 0x78, 0xFE, 0x97,
    0x00, 0xFA, 0xFF, 0xB4, 0x01, 0x04, 0xFF, 0x35, 0x00, 0x86, 0xFE, 0x8B, 0x00, 0x7B, 0xFE, 0x81,
    0x00, 0x3F, 0xFE, 0x91, 0x00, 0x7D, 0xFE, 0xD2, 0x00, 0x80, 0xFE, 0x7C, 0x00, 0xCA, 0xFF, 0x8A,
    0x00, 0x63, 0xFE, 0x88, 0x00, 0x78, 0xFE, 0x94, 0x00, 0x5A, 0xFE, 0x99, 0x00, 0x7B, 0xFE, 0x8D,
    0x00, 0x51, 0xFE, 0x9A, 0x00, 0x78, 0xFE, 0x86, 0x02, 0x3E, 0x00, 0x24, 0x03, 0x5B, 0x00, 0x18,
    0x02, 0x88, 0x00, 0x2F, 0x03, 0xE4, 0x00, 0x1F, 0x03, 0x1A, 0x00, 0x1A, 0x03, 0x4B, 0x00, 0x2A,
    0x03, 0x07, 0x00, 0x1A, 0x05, 0x63, 0x00, 0x2A, 0x03, 0x2F, 0x00, 0x28, 0x02, 0x8B, 0x00, 0x2A,
    0x03, 0x00, 0x00, 0x2A, 0x03, 0x00, 0x00, 0x2A, 0x03, 0x65, 0x00, 0x26, 0x02, 0x6E, 0x00, 0x21,
    0x02, 0xFD, 0x00, 0x2A, 0x02, 0xFD, 0x00, 0x2A, 0x02, 0xFD, 0x00, 0x2A, 0x02, 0xC7, 0x00, 0x1F,
    0x03, 0x18, 0x00, 0x1F, 0x03, 0x18, 0x00, 0x1F, 0x03, 0x25, 0x00, 0x1A, 0x03, 0x25, 0x00, 0x1A,
    0x04, 0x84, 0x00, 0x1F, 0x05, 0x38, 0x00, 0x28, 0x02, 0x8B, 0x00, 0x2A, 0x03, 0x01, 0x00, 0x25,
    0x02, 0xC6, 0x00, 0x1E, 0x03, 0x1A, 0x00, 0x1F, 0x02, 0x76, 0x00, 0x1F, 0x03, 0x21, 0x00, 0x1F,
    0x02, 0xC5, 0x00, 0x1F, 0x03, 0x21, 0x00, 0x21, 0x03, 0x07, 0x00, 0x1A, 0x03, 0x18, 0x00, 0x1F,
    0x03, 0x77, 0x00, 0x24, 0x04, 0x93, 0x00, 0x18, 0x03, 0xC0, 0x00, 0x2F, 0x05, 0x49, 0x00, 0x1F,
    0x05, 0x9B, 0x00, 0x1A, 0x04, 0x59, 0x00, 0x1A, 0x04, 0x84, 0x00, 0x2A, 0x04, 0x40, 0x00, 0x1A,
    0x06, 0x9B, 0x00, 0x2A, 0x06, 0x87, 0x00, 0x1A, 0x04, 0x68, 0x00, 0x28, 0x03, 0xC4, 0x00, 0x2A,
    0x04, 0x2A, 0x00, 0x2A, 0x04, 0x2A, 0x00, 0x2A, 0x04, 0x9E, 0x00, 0x26, 0x03, 0xA6, 0x00, 0x21,
    0x04, 0x35, 0x00, 0x2A, 0x04, 0x35, 0x00, 0x2A, 0x04, 0x35, 0x00, 0x2A, 0x03, 0xFF, 0x00, 0x1F,
    0x04, 0x50, 0x00, 0x1F, 0x04, 0x50, 0x00, 0x1F, 0x04, 0x5E, 0x00, 0x1A, 0x04, 0x5E, 0x00, 0x1A,
    0x05, 0xBD, 0x00, 0x1F, 0x06, 0x71, 0x00, 0x28, 0x03, 0xC4, 0x00, 0x2A, 0x06, 0x01, 0x00, 0x28,
    0x04, 0x43, 0x00, 0x25, 0x04, 0x15, 0x00, 0x1E, 0x04, 0x52, 0x00, 0x1F, 0x03, 0xB1, 0x00, 0x1F,
    0x04, 0x5A, 0x00, 0x1F, 0x03, 0xFD, 0x00, 0x1F, 0x04, 0x35, 0x00, 0x21, 0x05, 0xEB, 0x00, 0x29,
    0x04, 0x40, 0x00, 0x1A, 0x04, 0x50, 0x00, 0x1F, 0x02, 0x3E, 0x00, 0x24, 0x03, 0x84, 0x00, 0x18,
    0x02, 0x88, 0x00, 0x32, 0x03, 0xE2, 0x00, 0x1D, 0x03, 0x1D, 0x00, 0x1A, 0x03, 0x5C, 0x00, 0x2A,
    0x03, 0x07, 0x00, 0x1A, 0x05, 0x63, 0x00, 0x2A, 0x03, 0x2F, 0x00, 0x28, 0x02, 0x8B, 0x00, 0x2A,
    0x03, 0x00, 0x00, 0x2A, 0x03, 0x00, 0x00, 0x2A, 0x03, 0x60, 0x00, 0x1F, 0x02, 0x68, 0x00, 0x1D,
    0x02, 0xFD, 0x00, 0x2A, 0x02, 0xFD, 0x00, 0x2A, 0x02, 0xFD, 0x00, 0x2A, 0x02, 0xE6, 0x00, 0x1D,
    0x03, 0x13, 0x00, 0x1D, 0x03, 0x13, 0x00, 0x1D, 0x03, 0x36, 0x00, 0x1A, 0x03, 0x36, 0x00, 0x1A,
    0x04, 0x9C, 0x00, 0x1D, 0x05, 0x38, 0x00, 0x28, 0x02, 0x8B, 0x00, 0x2A, 0x03, 0x1B, 0x00, 0x25,
    0x02, 0xD0, 0x00, 0x1E, 0x03, 0x32, 0x00, 0x1D, 0x02, 0x76, 0x00, 0x1D, 0x03, 0x1D, 0x00, 0x1D,
    0x02, 0xC1, 0x00, 0x1D, 0x03, 0x1C, 0x00, 0x1F, 0x03, 0x07, 0x00, 0x1A, 0x03, 0x13, 0x00, 0x1D,
    0x02, 0x3E, 0x00, 0x24, 0x03, 0x5F, 0x00, 0x18, 0x02, 0x88, 0x00, 0x2F, 0x03, 0xE4, 0x00, 0x1F,
    0x03, 0x1D, 0x00, 0x1A, 0x03, 0x4B, 0x00, 0x2A, 0x03, 0x07, 0x00, 0x1A, 0x05, 0x63, 0x00, 0x2A,
    0x03, 0x2F, 0x00, 0x28, 0x02, 0x8B, 0x00, 0x2A, 0x03, 0x00, 0x00, 0x2A, 0x03, 0x00, 0x00, 0x2A,
    0x03, 0x65, 0x00, 0x26, 0x02, 0x6E, 0x00, 0x21, 0x02, 0xFD, 0x00, 0x2A, 0x02, 0xFD, 0x00, 0x2A,
    0x02, 0xFD, 0x00, 0x2A, 0x02, 0xC7, 0x00, 0x1F, 0x03, 0x18, 0x00, 0x1F, 0x03, 0x18, 0x00, 0x1F,
    0x03, 0x25, 0x00, 0x1A, 0x03, 0x25, 0x00, 0x1A, 0x04, 0x84, 0x00, 0x1F, 0x05, 0x38, 0x00, 0x28,
    0x02, 0x8B, 0x00, 0x2A, 0x03, 0x01, 0x00, 0x25, 0x02, 0xC6, 0x00, 0x1E, 0x03, 0x1A, 0x00, 0x1F,
    0x02, 0x76, 0x00, 0x1F, 0x03, 0x21, 0x00, 0x1F, 0x02, 0xC5, 0x00, 0x1F, 0x03, 0x21, 0x00, 0x21,
    0x03, 0x07, 0x00, 0x1A, 0x03, 0x18, 0x00, 0x1F, 0x02, 0xC8, 0xFF, 0x94, 0x01, 0x5C, 0xFF, 0x97,
    0x00, 0xFC, 0xFE, 0x66, 0x02, 0x84, 0xFE, 0x66, 0x00, 0xFC, 0xFE, 0xAD, 0x02, 0x84, 0xFE, 0xAD,
    0x01, 0x76, 0xFF, 0x50, 0x02, 0xEA, 0xFF, 0x50, 0x06, 0xE1, 0x00, 0x2A, 0x06, 0x04, 0x00, 0x1F,
    0x06, 0xB3, 0x00, 0x28, 0x02, 0x3E, 0x00, 0x24, 0x02, 0x3E, 0x00, 0x24, 0x03, 0x77, 0x00, 0x24,
    0x02, 0x3E, 0x00, 0x24, 0x02, 0x3E, 0x00, 0x24, 0x03, 0x07, 0x00, 0x1A, 0x03, 0x07, 0x00, 0x1A,
    0x04, 0x40, 0x00, 0x1A, 0x03, 0x07, 0x00, 0x1A, 0x03, 0x07, 0x00, 0x1A, 0x01, 0x3C, 0xFF, 0x7B,
    0x00, 0xBA, 0xFE, 0xDC, 0x00, 0xF9, 0xFE, 0x81, 0x00, 0xE0, 0xFE, 0xAC, 0x00, 0xD0, 0xFE, 0x41,
    0x00, 0xD9, 0xFE, 0xB0, 0x01, 0x0B, 0xFE, 0x86, 0x01, 0x17, 0xFE, 0x97, 0x01, 0x52, 0xFE, 0x41,
    0x02, 0xF3, 0xFF, 0xB4, 0x01, 0x10, 0xFE, 0x41, 0x02, 0xAE, 0xFF, 0xB4, 0x01, 0x3E, 0xFE, 0x41,
    0x02, 0xDD, 0xFF, 0xB4, 0x01, 0xDE, 0xFE, 0x8B, 0x01, 0x11, 0x00, 0x09, 0x01, 0x93, 0xFF, 0xEC,
    0x01, 0x10, 0xFF, 0xF6, 0x02, 0x7D, 0x00, 0x0A, 0x01, 0x9E, 0x00, 0x0A, 0x01, 0xD3, 0x00, 0x09,
    0x01, 0xF4, 0x00, 0x0A, 0x01, 0x9E, 0x00, 0x0A, 0x02, 0xAE, 0x00, 0x0A, 0x02, 0x2B, 0x00, 0x0A,
    0x01, 0xDA, 0x00, 0x00, 0x01, 0x21, 0x00, 0x05, 0x01, 0x79, 0x00, 0x00, 0x01, 0x8D, 0x00, 0x14,
    0x01, 0xC9, 0x00, 0x09, 0x00, 0xC5, 0xFE, 0xF1, 0x01, 0x80, 0x00, 0x13, 0x01, 0x6D, 0x00, 0x00,
    0x01, 0x80, 0x00, 0x13, 0x01, 0x90, 0x00, 0x0B, 0x01, 0xAF, 0xFF, 0xE8, 0x01, 0xEA, 0x00, 0x0A,
    0x01, 0xCB, 0x00, 0x0A, 0x01, 0xEE, 0x00, 0x13, 0x01, 0x11, 0x00, 0x02, 0x01, 0xBA, 0x00, 0x09,
    0x00, 0x6E, 0xFE, 0xBC, 0x01, 0xD8, 0x00, 0x00, 0x01, 0x82, 0xFF, 0xF6, 0x01, 0xA3, 0x00, 0x0F,
    0x01, 0xC6, 0xFF, 0xE8, 0x01, 0x28, 0x00, 0x0A, 0x01, 0xD1, 0x00, 0x09, 0x01, 0x9A, 0xFF, 0xE1,
    0x01, 0x8B, 0xFF, 0xF1, 0x01, 0xD1, 0x00, 0x05, 0x01, 0xB8, 0x00, 0x10, 0x01, 0xFC, 0x00, 0x0F,
    0x01, 0xAE, 0x00, 0x0A, 0x03, 0x29, 0x00, 0x0A, 0x01, 0xDD, 0x00, 0x09, 0x01, 0xB5, 0x00, 0x13,
    0x01, 0xBD, 0x00, 0x13, 0x01, 0xD5, 0x00, 0x13, 0x01, 0xFB, 0x00, 0x1D, 0x02, 0x90, 0x00, 0x19,
    0x02, 0x4D, 0x00, 0x19, 0x01, 0xFF, 0xFF, 0x9F, 0x02, 0x41, 0x00, 0x18, 0x02, 0x9D, 0x00, 0x19,
    0x02, 0x94, 0x00, 0x13, 0x02, 0xC2, 0xFE, 0xF1, 0x03, 0x46, 0x00, 0x02, 0x02, 0x6D, 0xFE, 0xF1,
    0x03, 0x31, 0x00, 0x02, 0x02, 0xA9, 0xFE, 0xF1, 0x03, 0x6C, 0x00, 0x02, 0x02, 0x6E, 0xFE, 0xBC,
    0x00, 0xB2, 0xFF, 0x7E, 0x00, 0xDC, 0xFF, 0x04, 0x00, 0x14, 0xFE, 0xFA, 0x01, 0x01, 0xFE, 0x85,
    0x00, 0xB9, 0xFF, 0x24, 0x01, 0x01, 0xFF, 0x24, 0x01, 0x2A, 0xFF, 0x40, 0x00, 0xB9, 0xFF, 0x24,
    0x01, 0xAD, 0xFF, 0x09, 0x01, 0x1E, 0xFE, 0xFD, 0x00, 0xFF, 0xFF, 0x14, 0x00, 0x26, 0xFF, 0x0A,
    0x00, 0x70, 0xFE, 0xF7, 0x00, 0x98, 0xFF, 0x1F, 0x00, 0xD4, 0xFF, 0x14, 0x00, 0x72, 0xFE, 0x7C,
    0x00, 0x8C, 0xFF, 0x1E, 0x00, 0x64, 0xFE, 0xF6, 0x00, 0x8C, 0xFF, 0x1E, 0x00, 0xA3, 0xFF, 0x10,
    0x00, 0x90, 0xFE, 0xA2, 0x00, 0x90, 0xFE, 0xA2, 0x00, 0xFA, 0xFF, 0x24, 0x01, 0x43, 0xFF, 0x5F,
    0x00, 0xAC, 0xFF, 0x8D, 0x00, 0xE2, 0xFF, 0x24, 0x00, 0x86, 0xFE, 0x8B, 0x00, 0xEB, 0xFF, 0x13,
    0x00, 0x9C, 0xFF, 0x06, 0x00, 0xDF, 0xFF, 0x40, 0x00, 0x8C, 0xFE, 0x9E, 0x00, 0x7E, 0xFF, 0x5E,
    0x00, 0x68, 0xFE, 0xA1, 0x00, 0x82, 0xFE, 0xA7, 0x00, 0xBB, 0xFF, 0x18, 0x00, 0xE0, 0xFF, 0x14,
    0x01, 0x1C, 0xFF, 0x74, 0x01, 0x07, 0xFF, 0x1A, 0x00, 0x00, 0xFE, 0xC6, 0x00, 0x00, 0xFE, 0x15,
    0x01, 0x7B, 0x00, 0xC2, 0x02, 0x57, 0x00, 0xC2, 0x00, 0x00, 0xFE, 0x4A, 0x00, 0x00, 0xFE, 0x46,
    0x00, 0x00, 0xFE, 0x87, 0x02, 0x01, 0x00, 0x19, 0x00, 0x00, 0xFE, 0x4B, 0x00, 0x00, 0xFD, 0xEF,
    0x00, 0x00, 0xFE, 0x15, 0x00, 0x00, 0xFD, 0xB6, 0x00, 0x00, 0xFF, 0xE6, 0x00, 0x00, 0xFF, 0x6E,
    0x02, 0x31, 0x00, 0x39, 0x00, 0x00, 0x00, 0x02, 0x00, 0x00, 0x00, 0x03, 0x00, 0x00, 0x00, 0x14,
    0x00, 0x03, 0x00, 0x01, 0x00, 0x00, 0x00, 0x14, 0x00, 0x04, 0x00, 0xAA, 0x00, 0x00, 0x00, 0x24,
    0x00, 0x20, 0x00, 0x04, 0x00, 0x04, 0x00, 0x20, 0x09, 0x65, 0x0C, 0x8C, 0x0C, 0x90, 0x0C, 0xA8,
    0x0C, 0xB3, 0x0C, 0xB9, 0x0C, 0xC4, 0x0C, 0xC8, 0x0C, 0xCD, 0x0C, 0xD6, 0x0C, 0xDE, 0x0C, 0xE3,
    0x0C, 0xEF, 0x0C, 0xF3, 0x20, 0x0D, 0x25, 0xCC, 0xFF, 0xFF, 0x00, 0x00, 0x00, 0x20, 0x09, 0x64,
    0x0C, 0x80, 0x0C, 0x8E, 0x0C, 0x92, 0x0C, 0xAA, 0x0C, 0xB5, 0x0C, 0xBC, 0x0C, 0xC6, 0x0C, 0xCA,
    0x0C, 0xD5, 0x0C, 0xDD, 0x0C, 0xE0, 0x0C, 0xE6, 0x0C, 0xF1, 0x20, 0x0C, 0x25, 0xCC, 0xFF, 0xFF,
    0xFF, 0xE1, 0xF8, 0x34, 0xF3, 0x82, 0xF3, 0x81, 0xF3, 0x80, 0xF3, 0x7F, 0xF3, 0x7E, 0xF3, 0x7C,
    0xF3, 0x7B, 0xF3, 0x7A, 0xF3, 0x73, 0x00, 0x00, 0xF3, 0x6B, 0xF3, 0x69, 0x00, 0x00, 0xE1, 0x96,
    0xDB, 0xD8, 0x00, 0x01, 0x00, 0x00, 0x00, 0x00, 0x00, 0x00, 0x00, 0x00, 0x00, 0x00, 0x00, 0x00,
    0x00, 0x00, 0x00, 0x00, 0x00, 0x00, 0x00, 0x00, 0x00, 0x00, 0x00, 0x0E, 0x00, 0x00, 0x00, 0x00,
    0x00, 0x0C, 0x00, 0x00, 0x00, 0x00, 0x00, 0x00, 0x00, 0x5C, 0x00, 0x4A, 0x00, 0x59, 0x00, 0x5A,
    0x00, 0x5D, 0x00, 0x00, 0x00, 0x01, 0x00, 0x00, 0x00, 0xC0, 0x00, 0x0B, 0x00, 0x00, 0x00, 0xCD,
    0x00, 0x00, 0x00, 0x11, 0x2E, 0x00, 0x20, 0x00, 0x00, 0x00, 0x00, 0x00, 0x00, 0x00, 0x80, 0xFD,
    0xFF, 0x79, 0xFE, 0x00, 0x23, 0x00, 0x00, 0x00, 0x00, 0x00, 0x00, 0x00, 0xFF, 0x01, 0x7E, 0x06,
    0x00, 0x00, 0x00, 0x00, 0xFF, 0xFF, 0xFF, 0xFF, 0xFF, 0xFF, 0xFF, 0xFF, 0x77, 0x00, 0x00, 0x00,
    0x00, 0x00, 0x00, 0x00, 0x00, 0x00, 0x06, 0x00, 0x00, 0x00, 0x00, 0x00, 0x00, 0x00, 0x00, 0x20,
    0x04, 0x00, 0x00, 0x00, 0x10, 0x00, 0x00, 0x00, 0x00, 0x00, 0x00, 0x00, 0x10, 0x00, 0x02, 0x00,
    0x00, 0x00, 0x00, 0x00, 0x80, 0x00, 0x00, 0x20, 0x00, 0x00, 0x00, 0x00, 0x12, 0x00, 0x00, 0x00,
    0x00, 0x00, 0x00, 0x00, 0x10, 0x00, 0x04, 0x00, 0x00, 0x00, 0x00, 0x00, 0x80, 0x00, 0x00, 0x00,
    0x04, 0x00, 0x00, 0x00, 0x12, 0x00, 0x00, 0x00, 0x00, 0x00, 0x00, 0x00, 0x0E, 0x00, 0x00, 0x00,
    0x00, 0x00, 0x00, 0x00, 0x00, 0x00, 0x60, 0x00, 0x00, 0x86, 0x00, 0x80, 0x01, 0x00, 0x00, 0x00,
    0x00, 0x00, 0x00, 0x00, 0x18, 0x00, 0x00, 0x00, 0x00, 0x00, 0x00, 0x00, 0x42, 0x00, 0x00, 0x00,
    0x00, 0x00, 0x00, 0x6C, 0x03, 0x00, 0x00, 0x00, 0x00, 0x00, 0x00, 0x00, 0x00, 0x01, 0x00, 0x00,
    0x00, 0x00, 0x00, 0x00, 0x30, 0x00, 0x00, 0x00, 0x00, 0x00, 0x00, 0x00, 0x04, 0x00, 0x00, 0x00,
    0x00, 0x00, 0x00, 0x00, 0x00, 0x01, 0x00, 0x00, 0x00, 0x00, 0x00, 0x00, 0x30, 0x00, 0x00, 0x00,
    0x00, 0x00, 0x00, 0x00, 0x04, 0x00, 0x00, 0x00, 0x00, 0x00, 0x00, 0x00, 0x00, 0x01, 0x00, 0x00,
    0x00, 0x00, 0x00, 0x00, 0x30, 0x00, 0x00, 0x00, 0x00, 0x00, 0x00, 0x00, 0x04, 0x00, 0x00, 0x00,
    0x00, 0x00, 0x00, 0x00, 0x00, 0x01, 0x00, 0x00, 0x00, 0x00, 0x00, 0x00, 0x30, 0x00, 0x00, 0x00,
    0x00, 0x00, 0x00, 0x00, 0x04, 0x00, 0x00, 0x00, 0x00, 0x00, 0x00, 0x00, 0x00, 0x01, 0x00, 0x00,
    0x00, 0x00, 0x00, 0x00, 0x30, 0x00, 0x00, 0x00, 0x00, 0x00, 0x00, 0x00, 0x04, 0x00, 0x00, 0x00,
    0x00, 0x00, 0x00, 0x00, 0x18, 0x00, 0x00, 0x00, 0x00, 0x00, 0x00, 0x00, 0x42, 0x00, 0x00, 0x00,
    0x00, 0x00, 0x00, 0x6C, 0x03, 0x00, 0x00, 0x00, 0x00, 0x00, 0x00, 0x00, 0x00, 0x01, 0x00, 0x00,
    0x00, 0x00, 0x00, 0x00, 0x30, 0x00, 0x00, 0x00, 0x00, 0x00, 0x00, 0x00, 0x04, 0x00, 0x00, 0x00,
    0x00, 0x00, 0x00, 0x00, 0x11, 0x00, 0x00, 0x00, 0x00, 0x00, 0x00, 0x00, 0x30, 0x01, 0x00, 0x00,
    0x00, 0x00, 0x00, 0x00, 0x03, 0x00, 0x00, 0x00, 0x00, 0x00, 0x00, 0x00, 0x20, 0x00, 0x00, 0x00,
    0x00, 0x00, 0x00, 0x00, 0x00, 0x00, 0x00, 0x08, 0x00, 0x00, 0x00, 0x00, 0x02, 0x00, 0x00, 0x00,
    0x00, 0x00, 0x00, 0x00, 0x20, 0x00, 0x00, 0x00, 0x00, 0x00, 0x00, 0x00, 0x00, 0x00, 0x00, 0x08,
    0x00, 0x00, 0x00, 0x00, 0x02, 0x00, 0x00, 0x00, 0x00, 0x00, 0x00, 0x00, 0x08, 0x00, 0x00, 0x00,
    0x00, 0x00, 0x00, 0x00, 0x00, 0x00, 0x00, 0x00, 0x00, 0x00, 0x00, 0x40, 0x01, 0x00, 0x00, 0x00,
    0x00, 0x00, 0x00, 0x00, 0x18, 0x00, 0x00, 0x00, 0x00, 0x00, 0x00, 0x00, 0x02, 0x00, 0x00, 0x00,
    0x00, 0x00, 0x00, 0x04, 0x03, 0x00, 0x00, 0x00, 0x00, 0x00, 0x00, 0x00, 0x2E, 0x00, 0x06, 0x00,
    0x00, 0x00, 0x00, 0x00, 0x00, 0x00, 0xE0, 0xFD, 0xFF, 0xFF, 0xFE, 0x00, 0x13, 0x00, 0x00, 0x00,
    0x00, 0x00, 0x00, 0x00, 0x2E, 0x00, 0x06, 0x00, 0x00, 0x00, 0x00, 0x00, 0x00, 0x00, 0xE0, 0xFD,
    0xFF, 0xFF, 0xFE, 0x00, 0x13, 0x00, 0x00, 0x00, 0x00, 0x00, 0x00, 0x00, 0xC0, 0x01, 0x00, 0x00,
    0x00, 0x00, 0x00, 0x00, 0x0F, 0x00, 0x00, 0x00, 0xFF, 0xFF, 0xFF, 0xFF, 0x06, 0x00, 0x00, 0x00,
    0x00, 0x00, 0x00, 0x00, 0xD8, 0x01, 0x0C, 0x00, 0x00, 0x00, 0x00, 0x00, 0x3F, 0x62, 0x00, 0x00,
    0xFF, 0xFF, 0xFF, 0xFF, 0x17, 0x00, 0x00, 0x00, 0x00, 0x00, 0x00, 0x00, 0x01, 0x00, 0x00, 0x06,
    0x00, 0x00, 0x00, 0x00, 0x08, 0x00, 0xC0, 0xDC, 0x03, 0x00, 0x00, 0x00, 0x41, 0x00, 0x00, 0x00,
    0x00, 0x00, 0x00, 0x00, 0xF9, 0x01, 0x7C, 0x02, 0x00, 0x00, 0x00, 0x00, 0xFF, 0xFF, 0xFF, 0xFB,
    0xFF, 0xFF, 0xFF, 0xFF, 0x77, 0x00, 0x00, 0x00, 0x00, 0x00, 0x00, 0x00, 0xF9, 0x01, 0x7C, 0x02,
    0x00, 0x00, 0x00, 0x00, 0xFF, 0xFF, 0xFF, 0xFB, 0xFF, 0xFF, 0xFF, 0xFF, 0x77, 0x00, 0x00, 0x00,
    0x00, 0x00, 0x00, 0x00, 0xF9, 0x01, 0x7C, 0x02, 0x00, 0x00, 0x00, 0x00, 0xFF, 0xFF, 0xFF, 0xFB,
    0xFF, 0xFF, 0xFF, 0xFF, 0x77, 0x00, 0x00, 0x00, 0x00, 0x00, 0x00, 0x00, 0xF9, 0x01, 0x7C, 0x06,
    0x00, 0x00, 0x00, 0x00, 0xFF, 0xFF, 0xFF, 0xFB, 0xFF, 0xFF, 0xFF, 0xFF, 0x77, 0x00, 0x00, 0x00,
    0x00, 0x00, 0x00, 0x00, 0xF9, 0x01, 0x7C, 0x02, 0x00, 0x00, 0x00, 0x00, 0xFF, 0xFF, 0xFF, 0xFB,
    0xFF, 0xFF, 0xFF, 0xFF, 0x77, 0x00, 0x00, 0x00, 0x00, 0x00, 0x00, 0x00, 0xF9, 0x01, 0x7C, 0x02,
    0x00, 0x00, 0x00, 0x00, 0xFF, 0xFF, 0xFF, 0xFB, 0xFF, 0xFF, 0xFF, 0xFF, 0x77, 0x00, 0x00, 0x00,
    0x00, 0x00, 0x00, 0x00, 0xF9, 0x01, 0x7C, 0x02, 0x00, 0x00, 0x00, 0x00, 0xFF, 0xFF, 0xFF, 0xFB,
    0xFF, 0xFF, 0xFF, 0xFF, 0x77, 0x00, 0x00, 0x00, 0x00, 0x00, 0x00, 0x00, 0xF9, 0x01, 0x7C, 0x02,
    0x00, 0x00, 0x00, 0x00, 0xFF, 0xFF, 0xFF, 0xFB, 0xFF, 0xFF, 0xFF, 0xFF, 0x77, 0x00, 0x00, 0x00,
    0x00, 0x00, 0x00, 0x00, 0xF9, 0x01, 0x7C, 0x02, 0x00, 0x00, 0x00, 0x00, 0xFF, 0xFF, 0xFF, 0xFB,
    0xFF, 0xFF, 0xFF, 0xFF, 0x77, 0x00, 0x00, 0x00, 0x00, 0x00, 0x00, 0x00, 0xF9, 0x01, 0x7C, 0x02,
    0x00, 0x00, 0x00, 0x00, 0xFF, 0xFF, 0xFF, 0xFB, 0xFF, 0xFF, 0xFF, 0xFF, 0x77, 0x00, 0x00, 0x00,
    0x00, 0x00, 0x00, 0x00, 0x01, 0x00, 0x00, 0x06, 0x00, 0x00, 0x00, 0x00, 0x08, 0x00, 0xC0, 0xDC,
    0x03, 0x00, 0x00, 0x00, 0x41, 0x00, 0x00, 0x00, 0x00, 0x00, 0x00, 0x00, 0x01, 0x00, 0x00, 0x06,
    0x00, 0x00, 0x00, 0x00, 0x08, 0x00, 0xC0, 0xDC, 0x03, 0x00, 0x00, 0x00, 0x41, 0x00, 0x00, 0x00,
    0x00, 0x00, 0x00, 0x00, 0x01, 0x00, 0x00, 0x06, 0x00, 0x00, 0x00, 0x00, 0x08, 0x00, 0xC0, 0xDC,
    0x03, 0x00, 0x00, 0x00, 0x41, 0x00, 0x00, 0x00, 0x00, 0x00, 0x00, 0x00, 0x01, 0x00, 0x00, 0x06,
    0x00, 0x00, 0x00, 0x00, 0x08, 0x00, 0xC0, 0xDC, 0x03, 0x00, 0x00, 0x00, 0x41, 0x00, 0x00, 0x00,
    0x00, 0x00, 0x00, 0x00, 0x01, 0x00, 0x00, 0x06, 0x00, 0x00, 0x00, 0x00, 0x08, 0x00, 0xC0, 0xDC,
    0x03, 0x00, 0x00, 0x00, 0x41, 0x00, 0x00, 0x00, 0x00, 0x00, 0x00, 0x00, 0x01, 0x00, 0x00, 0x06,
    0x00, 0x00, 0x00, 0x00, 0x08, 0x00, 0xC0, 0xDC, 0x03, 0x00, 0x00, 0x00, 0x41, 0x00, 0x00, 0x00,
    0x00, 0x00, 0x00, 0x00, 0x01, 0x00, 0x00, 0x06, 0x00, 0x00, 0x00, 0x00, 0x08, 0x00, 0xC0, 0xDC,
    0x03, 0x00, 0x00, 0x00, 0x41, 0x00, 0x00, 0x00, 0x00, 0x00, 0x00, 0x00, 0x01, 0x00, 0x00, 0x06,
    0x00, 0x00, 0x00, 0x00, 0x08, 0x00, 0xC0, 0xDC, 0x03, 0x00, 0x00, 0x00, 0x41, 0x00, 0x00, 0x00,
    0x00, 0x00, 0x00, 0x00, 0x01, 0x00, 0x00, 0x06, 0x00, 0x00, 0x00, 0x00, 0x08, 0x00, 0xC0, 0xDC,
    0x03, 0x00, 0x00, 0x00, 0x41, 0x00, 0x00, 0x00, 0x00, 0x00, 0x00, 0x00, 0x01, 0x00, 0x00, 0x06,
    0x00, 0x00, 0x00, 0x00, 0x08, 0x00, 0xC0, 0xDC, 0x03, 0x00, 0x00, 0x00, 0x41, 0x00, 0x00, 0x00,
    0x00, 0x00, 0x00, 0x00, 0x01, 0x00, 0x00, 0x06, 0x00, 0x00, 0x00, 0x00, 0x08, 0x00, 0xC0, 0xDC,
    0x03, 0x00, 0x00, 0x00, 0x41, 0x00, 0x00, 0x00, 0x00, 0x00, 0x00, 0x00, 0x01, 0x00, 0x00, 0x06,
    0x00, 0x00, 0x00, 0x00, 0x08, 0x00, 0xC0, 0xDC, 0x03, 0x00, 0x00, 0x00, 0x41, 0x00, 0x00, 0x00,
    0x00, 0x00, 0x00, 0x00, 0x01, 0x00, 0x00, 0x06, 0x00, 0x00, 0x00, 0x00, 0x08, 0x00, 0xC0, 0xDC,
    0x03, 0x00, 0x00, 0x00, 0x41, 0x00, 0x00, 0x00, 0x00, 0x00, 0x00, 0x00, 0x01, 0x00, 0x00, 0x06,
    0x00, 0x00, 0x00, 0x00, 0x08, 0x00, 0xC0, 0xDC, 0x03, 0x00, 0x00, 0x00, 0x41, 0x00, 0x00, 0x00,
    0x00, 0x00, 0x00, 0x00, 0x01, 0x00, 0x00, 0x06, 0x00, 0x00, 0x00, 0x00, 0x08, 0x00, 0xC0, 0xDC,
    0x03, 0x00, 0x00, 0x00, 0x41, 0x00, 0x00, 0x00, 0x00, 0x00, 0x00, 0x00, 0x01, 0x00, 0x00, 0x06,
    0x00, 0x00, 0x00, 0x00, 0x08, 0x00, 0xC0, 0xDC, 0x03, 0x00, 0x00, 0x00, 0x41, 0x00, 0x00, 0x00,
    0x00, 0x00, 0x00, 0x00, 0x01, 0x00, 0x00, 0x06, 0x00, 0x00, 0x00, 0x00, 0x08, 0x00, 0xC0, 0xDC,
    0x03, 0x00, 0x00, 0x00, 0x41, 0x00, 0x00, 0x00, 0x00, 0x00, 0x00, 0x00, 0x01, 0x00, 0x00, 0x06,
    0x00, 0x00, 0x00, 0x00, 0x08, 0x00, 0xC0, 0xDC, 0x03, 0x00, 0x00, 0x00, 0x41, 0x00, 0x00, 0x00,
    0x00, 0x00, 0x00, 0x00, 0x01, 0x00, 0x00, 0x06, 0x00, 0x00, 0x00, 0x00, 0x08, 0x00, 0xC0, 0xDC,
    0x03, 0x00, 0x00, 0x00, 0x41, 0x00, 0x00, 0x00, 0x00, 0x00, 0x00, 0x00, 0x01, 0x00, 0x00, 0x06,
    0x00, 0x00, 0x00, 0x00, 0x08, 0x00, 0xC0, 0xDC, 0x03, 0x00, 0x00, 0x00, 0x41, 0x00, 0x00, 0x00,
    0x00, 0x00, 0x00, 0x00, 0x01, 0x00, 0x00, 0x06, 0x00, 0x00, 0x00, 0x00, 0x08, 0x00, 0xC0, 0xDC,
    0x03, 0x00, 0x00, 0x00, 0x41, 0x00, 0x00, 0x00, 0x00, 0x00, 0x00, 0x00, 0x01, 0x00, 0x00, 0x06,
    0x00, 0x00, 0x00, 0x00, 0x08, 0x00, 0xC0, 0xDC, 0x03, 0x00, 0x00, 0x00, 0x41, 0x00, 0x00, 0x00,
    0x00, 0x00, 0x00, 0x00, 0x01, 0x00, 0x00, 0x06, 0x00, 0x00, 0x00, 0x00, 0x08, 0x00, 0xC0, 0xDC,
    0x03, 0x00, 0x00, 0x00, 0x41, 0x00, 0x00, 0x00, 0x00, 0x00, 0x00, 0x00, 0x01, 0x00, 0x00, 0x06,
    0x00, 0x00, 0x00, 0x00, 0x08, 0x00, 0xC0, 0xDC, 0x03, 0x00, 0x00, 0x00, 0x41, 0x00, 0x00, 0x00,
    0x00, 0x00, 0x00, 0x00, 0x01, 0x00, 0x00, 0x06, 0x00, 0x00, 0x00, 0x00, 0x08, 0x00, 0xC0, 0xDC,
    0x03, 0x00, 0x00, 0x00, 0x41, 0x00, 0x00, 0x00, 0x00, 0x00, 0x00, 0x00, 0x01, 0x00, 0x00, 0x06,
    0x00, 0x00, 0x00, 0x00, 0x08, 0x00, 0xC0, 0xDC, 0x03, 0x00, 0x00, 0x00, 0x41, 0x00, 0x00, 0x00,
    0x00, 0x00, 0x00, 0x00, 0x01, 0x00, 0x00, 0x06, 0x00, 0x00, 0x00, 0x00, 0x08, 0x00, 0xC0, 0xDC,
    0x03, 0x00, 0x00, 0x00, 0x41, 0x00, 0x00, 0x00, 0x00, 0x00, 0x00, 0x00, 0x01, 0x00, 0x00, 0x06,
    0x00, 0x00, 0x00, 0x00, 0x08, 0x00, 0xC0, 0xDC, 0x03, 0x00, 0x00, 0x00, 0x41, 0x00, 0x00, 0x00,
    0x00, 0x00, 0x00, 0x00, 0x01, 0x00, 0x00, 0x06, 0x00, 0x00, 0x00, 0x00, 0x08, 0x00, 0xC0, 0xDC,
    0x03, 0x00, 0x00, 0x00, 0x41, 0x00, 0x00, 0x00, 0x00, 0x00, 0x00, 0x00, 0x01, 0x00, 0x00, 0x06,
    0x00, 0x00, 0x00, 0x00, 0x08, 0x00, 0xC0, 0xDC, 0x03, 0x00, 0x00, 0x00, 0x41, 0x00, 0x00, 0x00,
    0x00, 0x00, 0x00, 0x00, 0x01, 0x00, 0x00, 0x06, 0x00, 0x00, 0x00, 0x00, 0x08, 0x00, 0xC0, 0xDC,
    0x03, 0x00, 0x00, 0x00, 0x41, 0x00, 0x00, 0x00, 0x00, 0x00, 0x00, 0x00, 0x01, 0x00, 0x00, 0x06,
    0x00, 0x00, 0x00, 0x00, 0x08, 0x00, 0xC0, 0xDC, 0x03, 0x00, 0x00, 0x00, 0x41, 0x00, 0x00, 0x00,
    0x00, 0x00, 0x00, 0x00, 0x01, 0x00, 0x00, 0x06, 0x00, 0x00, 0x00, 0x00, 0x08, 0x00, 0xC0, 0xDC,
    0x03, 0x00, 0x00, 0x00, 0x41, 0x00, 0x00, 0x00, 0x00, 0x00, 0x00, 0x00, 0x01, 0x00, 0x00, 0x06,
    0x00, 0x00, 0x00, 0x00, 0x08, 0x00, 0xC0, 0xDC, 0x03, 0x00, 0x00, 0x00, 0x41, 0x00, 0x00, 0x00,
    0x00, 0x00, 0x00, 0x00, 0x01, 0x00, 0x00, 0x06, 0x00, 0x00, 0x00, 0x00, 0x08, 0x00, 0xC0, 0xDC,
    0x03, 0x00, 0x00, 0x00, 0x41, 0x00, 0x00, 0x00, 0x00, 0x00, 0x00, 0x00, 0x01, 0x00, 0x00, 0x06,
    0x00, 0x00, 0x00, 0x00, 0x08, 0x00, 0xC0, 0xDC, 0x03, 0x00, 0x00, 0x00, 0x41, 0x00, 0x00, 0x00,
    0x00, 0x00, 0x00, 0x00, 0x01, 0x00, 0x00, 0x06, 0x00, 0x00, 0x00, 0x00, 0x08, 0x00, 0xC0, 0xDC,
    0x03, 0x00, 0x00, 0x00, 0x41, 0x00, 0x00, 0x00, 0x00, 0x00, 0x00, 0x00, 0x01, 0x00, 0x00, 0x06,
    0x00, 0x00, 0x00, 0x00, 0x08, 0x00, 0xC0, 0xDC, 0x03, 0x00, 0x00, 0x00, 0x41, 0x00, 0x00, 0x00,
    0x00, 0x00, 0x00, 0x00, 0x01, 0x00, 0x00, 0x06, 0x00, 0x00, 0x00, 0x00, 0x08, 0x00, 0xC0, 0xDC,
    0x03, 0x00, 0x00, 0x00, 0x41, 0x00, 0x00, 0x00, 0x00, 0x00, 0x00, 0x00, 0x01, 0x00, 0x00, 0x06,
    0x00, 0x00, 0x00, 0x00, 0x08, 0x00, 0xC0, 0xDC, 0x03, 0x00, 0x00, 0x00, 0x41, 0x00, 0x00, 0x00,
    0x00, 0x00, 0x00, 0x00, 0x01, 0x00, 0x00, 0x06, 0x00, 0x00, 0x00, 0x00, 0x08, 0x00, 0xC0, 0xDC,
    0x03, 0x00, 0x00, 0x00, 0x41, 0x00, 0x00, 0x00, 0x00, 0x00, 0x00, 0x00, 0x01, 0x00, 0x00, 0x06,
    0x00, 0x00, 0x00, 0x00, 0x08, 0x00, 0xC0, 0xDC, 0x03, 0x00, 0x00, 0x00, 0x41, 0x00, 0x00, 0x00,
    0x00, 0x00, 0x00, 0x00, 0x01, 0x00, 0x00, 0x06, 0x00, 0x00, 0x00, 0x00, 0x08, 0x00, 0xC0, 0xDC,
    0x03, 0x00, 0x00, 0x00, 0x41, 0x00, 0x00, 0x00, 0x00, 0x00, 0x00, 0x00, 0x01, 0x00, 0x00, 0x06,
    0x00, 0x00, 0x00, 0x00, 0x08, 0x00, 0xC0, 0xDC, 0x03, 0x00, 0x00, 0x00, 0x41, 0x00, 0x00, 0x00,
    0x00, 0x00, 0x00, 0x00, 0x01, 0x00, 0x00, 0x06, 0x00, 0x00, 0x00, 0x00, 0x08, 0x00, 0xC0, 0xDC,
    0x03, 0x00, 0x00, 0x00, 0x41, 0x00, 0x00, 0x00, 0x00, 0x00, 0x00, 0x00, 0x01, 0x00, 0x00, 0x06,
    0x00, 0x00, 0x00, 0x00, 0x08, 0x00, 0xC0, 0xDC, 0x03, 0x00, 0x00, 0x00, 0x41, 0x00, 0x00, 0x00,
    0x00, 0x00, 0x00, 0x00, 0x01, 0x00, 0x00, 0x06, 0x00, 0x00, 0x00, 0x00, 0x08, 0x00, 0xC0, 0xDC,
    0x03, 0x00, 0x00, 0x00, 0x41, 0x00, 0x00, 0x00, 0x00, 0x00, 0x00, 0x00, 0x01, 0x00, 0x00, 0x06,
    0x00, 0x00, 0x00, 0x00, 0x08, 0x00, 0xC0, 0xDC, 0x03, 0x00, 0x00, 0x00, 0x41, 0x00, 0x00, 0x00,
    0x00, 0x00, 0x00, 0x00, 0x01, 0x00, 0x00, 0x06, 0x00, 0x00, 0x00, 0x00, 0x08, 0x00, 0xC0, 0xDC,
    0x03, 0x00, 0x00, 0x00, 0x41, 0x00, 0x00, 0x00, 0x00, 0x00, 0x00, 0x00, 0x01, 0x00, 0x00, 0x06,
    0x00, 0x00, 0x00, 0x00, 0x08, 0x00, 0xC0, 0xDC, 0x03, 0x00, 0x00, 0x00, 0x41, 0x00, 0x00, 0x00,
    0x00, 0x00, 0x00, 0x00, 0x01, 0x00, 0x00, 0x06, 0x00, 0x00, 0x00, 0x00, 0x08, 0x00, 0xC0, 0xDC,
    0x03, 0x00, 0x00, 0x00, 0x41, 0x00, 0x00, 0x00, 0x00, 0x00, 0x00, 0x00, 0x01, 0x00, 0x00, 0x06,
    0x00, 0x00, 0x00, 0x00, 0x08, 0x00, 0xC0, 0xDC, 0x03, 0x00, 0x00, 0x00, 0x41, 0x00, 0x00, 0x00,
    0x00, 0x00, 0x00, 0x00, 0x01, 0x00, 0x00, 0x06, 0x00, 0x00, 0x00, 0x00, 0x08, 0x00, 0xC0, 0xDC,
    0x03, 0x00, 0x00, 0x00, 0x41, 0x00, 0x00, 0x00, 0x00, 0x00, 0x00, 0x00, 0x01, 0x00, 0x00, 0x06,
    0x00, 0x00, 0x00, 0x00, 0x08, 0x00, 0xC0, 0xDC, 0x03, 0x00, 0x00, 0x00, 0x41, 0x00, 0x00, 0x00,
    0x00, 0x00, 0x00, 0x00, 0x01, 0x00, 0x00, 0x06, 0x00, 0x00, 0x00, 0x00, 0x08, 0x00, 0xC0, 0xDC,
    0x03, 0x00, 0x00, 0x00, 0x41, 0x00, 0x00, 0x00, 0x00, 0x00, 0x00, 0x00, 0x01, 0x00, 0x00, 0x06,
    0x00, 0x00, 0x00, 0x00, 0x08, 0x00, 0xC0, 0xDC, 0x03, 0x00, 0x00, 0x00, 0x41, 0x00, 0x00, 0x00,
    0x00, 0x00, 0x00, 0x00, 0x01, 0x00, 0x00, 0x06, 0x00, 0x00, 0x00, 0x00, 0x08, 0x00, 0xC0, 0xDC,
    0x03, 0x00, 0x00, 0x00, 0x41, 0x00, 0x00, 0x00, 0x00, 0x00, 0x00, 0x00, 0x01, 0x00, 0x00, 0x06,
    0x00, 0x00, 0x00, 0x00, 0x08, 0x00, 0xC0, 0xDC, 0x03, 0x00, 0x00, 0x00, 0x41, 0x00, 0x00, 0x00,
    0x00, 0x00, 0x00, 0x00, 0x01, 0x00, 0x00, 0x06, 0x00, 0x00, 0x00, 0x00, 0x08, 0x00, 0xC0, 0xDC,
    0x03, 0x00, 0x00, 0x00, 0x41, 0x00, 0x00, 0x00, 0x00, 0x00, 0x00, 0x00, 0x01, 0x00, 0x00, 0x06,
    0x00, 0x00, 0x00, 0x00, 0x08, 0x00, 0xC0, 0xDC, 0x03, 0x00, 0x00, 0x00, 0x41, 0x00, 0x00, 0x00,
    0x00, 0x00, 0x00, 0x00, 0x01, 0x00, 0x00, 0x06, 0x00, 0x00, 0x00, 0x00, 0x08, 0x00, 0xC0, 0xDC,
    0x03, 0x00, 0x00, 0x00, 0x41, 0x00, 0x00, 0x00, 0x00, 0x00, 0x00, 0x00, 0x01, 0x00, 0x00, 0x06,
    0x00, 0x00, 0x00, 0x00, 0x08, 0x00, 0xC0, 0xDC, 0x03, 0x00, 0x00, 0x00, 0x41, 0x00, 0x00, 0x00,
    0x00, 0x00, 0x00, 0x00, 0x01, 0x00, 0x00, 0x06, 0x00, 0x00, 0x00, 0x00, 0x08, 0x00, 0xC0, 0xDC,
    0x03, 0x00, 0x00, 0x00, 0x41, 0x00, 0x00, 0x00, 0x00, 0x00, 0x00, 0x00, 0x01, 0x00, 0x00, 0x06,
    0x00, 0x00, 0x00, 0x00, 0x08, 0x00, 0xC0, 0xDC, 0x03, 0x00, 0x00, 0x00, 0x41, 0x00, 0x00, 0x00,
    0x00, 0x00, 0x00, 0x00, 0x01, 0x00, 0x00, 0x06, 0x00, 0x00, 0x00, 0x00, 0x08, 0x00, 0xC0, 0xDC,
    0x03, 0x00, 0x00, 0x00, 0x41, 0x00, 0x00, 0x00, 0x00, 0x00, 0x00, 0x00, 0x01, 0x00, 0x00, 0x06,
    0x00, 0x00, 0x00, 0x00, 0x08, 0x00, 0xC0, 0xDC, 0x03, 0x00, 0x00, 0x00, 0x41, 0x00, 0x00, 0x00,
    0x00, 0x00, 0x00, 0x00, 0x01, 0x00, 0x00, 0x06, 0x00, 0x00, 0x00, 0x00, 0x08, 0x00, 0xC0, 0xDC,
    0x03, 0x00, 0x00, 0x00, 0x41, 0x00, 0x00, 0x00, 0x00, 0x00, 0x00, 0x00, 0x01, 0x00, 0x00, 0x06,
    0x00, 0x00, 0x00, 0x00, 0x08, 0x00, 0xC0, 0xDC, 0x03, 0x00, 0x00, 0x00, 0x41, 0x00, 0x00, 0x00,
    0x00, 0x00, 0x00, 0x00, 0x01, 0x00, 0x00, 0x06, 0x00, 0x00, 0x00, 0x00, 0x08, 0x00, 0xC0, 0xDC,
    0x03, 0x00, 0x00, 0x00, 0x41, 0x00, 0x00, 0x00, 0x00, 0x00, 0x00, 0x00, 0x01, 0x00, 0x00, 0x06,
    0x00, 0x00, 0x00, 0x00, 0x08, 0x00, 0xC0, 0xDC, 0x03, 0x00, 0x00, 0x00, 0x41, 0x00, 0x00, 0x00,
    0x00, 0x00, 0x00, 0x00, 0x01, 0x00, 0x00, 0x06, 0x00, 0x00, 0x00, 0x00, 0x08, 0x00, 0xC0, 0xDC,
    0x03, 0x00, 0x00, 0x00, 0x41, 0x00, 0x00, 0x00, 0x00, 0x00, 0x00, 0x00, 0x01, 0x00, 0x00, 0x06,
    0x00, 0x00, 0x00, 0x00, 0x08, 0x00, 0xC0, 0xDC, 0x03, 0x00, 0x00, 0x00, 0x41, 0x00, 0x00, 0x00,
    0x00, 0x00, 0x00, 0x00, 0x01, 0x00, 0x00, 0x06, 0x00, 0x00, 0x00, 0x00, 0x08, 0x00, 0xC0, 0xDC,
    0x03, 0x00, 0x00, 0x00, 0x41, 0x00, 0x00, 0x00, 0x00, 0x00, 0x00, 0x00, 0x01, 0x00, 0x00, 0x06,
    0x00, 0x00, 0x00, 0x00, 0x08, 0x00, 0xC0, 0xDC, 0x03, 0x00, 0x00, 0x00, 0x41, 0x00, 0x00, 0x00,
    0x00, 0x00, 0x00, 0x00, 0x01, 0x00, 0x00, 0x06, 0x00, 0x00, 0x00, 0x00, 0x08, 0x00, 0xC0, 0xDC,
    0x03, 0x00, 0x00, 0x00, 0x41, 0x00, 0x00, 0x00, 0x00, 0x00, 0x00, 0x00, 0x01, 0x00, 0x00, 0x06,
    0x00, 0x00, 0x00, 0x00, 0x08, 0x00, 0xC0, 0xDC, 0x03, 0x00, 0x00, 0x00, 0x41, 0x00, 0x00, 0x00,
    0x00, 0x00, 0x00, 0x00, 0x01, 0x00, 0x00, 0x06, 0x00, 0x00, 0x00, 0x00, 0x08, 0x00, 0xC0, 0xDC,
    0x03, 0x00, 0x00, 0x00, 0x41, 0x00, 0x00, 0x00, 0x00, 0x00, 0x00, 0x00, 0x01, 0x00, 0x00, 0x06,
    0x00, 0x00, 0x00, 0x00, 0x08, 0x00, 0xC0, 0xDC, 0x03, 0x00, 0x00, 0x00, 0x41, 0x00, 0x00, 0x00,
    0x00, 0x00, 0x00, 0x00, 0x01, 0x00, 0x00, 0x06, 0x00, 0x00, 0x00, 0x00, 0x08, 0x00, 0xC0, 0xDC,
    0x03, 0x00, 0x00, 0x00, 0x41, 0x00, 0x00, 0x00, 0x00, 0x00, 0x00, 0x00, 0x01, 0x00, 0x00, 0x06,
    0x00, 0x00, 0x00, 0x00, 0x08, 0x00, 0xC0, 0xDC, 0x03, 0x00, 0x00, 0x00, 0x41, 0x00, 0x00, 0x00,
    0x00, 0x00, 0x00, 0x00, 0x01, 0x00, 0x00, 0x06, 0x00, 0x00, 0x00, 0x00, 0x08, 0x00, 0xC0, 0xDC,
    0x03, 0x00, 0x00, 0x00, 0x41, 0x00, 0x00, 0x00, 0x00, 0x00, 0x00, 0x00, 0x01, 0x00, 0x00, 0x06,
    0x00, 0x00, 0x00, 0x00, 0x08, 0x00, 0xC0, 0xDC, 0x03, 0x00, 0x00, 0x00, 0x41, 0x00, 0x00, 0x00,
    0x00, 0x00, 0x00, 0x00, 0x01, 0x00, 0x00, 0x06, 0x00, 0x00, 0x00, 0x00, 0x08, 0x00, 0xC0, 0xDC,
    0x03, 0x00, 0x00, 0x00, 0x41, 0x00, 0x00, 0x00, 0x00, 0x00, 0x00, 0x00, 0x01, 0x00, 0x00, 0x06,
    0x00, 0x00, 0x00, 0x00, 0x08, 0x00, 0xC0, 0xDC, 0x03, 0x00, 0x00, 0x00, 0x41, 0x00, 0x00, 0x00,
    0x00, 0x00, 0x00, 0x00, 0x01, 0x00, 0x00, 0x06, 0x00, 0x00, 0x00, 0x00, 0x08, 0x00, 0xC0, 0xDC,
    0x03, 0x00, 0x00, 0x00, 0x41, 0x00, 0x00, 0x00, 0x00, 0x00, 0x00, 0x00, 0x01, 0x00, 0x00, 0x06,
    0x00, 0x00, 0x00, 0x00, 0x08, 0x00, 0xC0, 0xDC, 0x03, 0x00, 0x00, 0x00, 0x41, 0x00, 0x00, 0x00,
    0x00, 0x00, 0x00, 0x00, 0x01, 0x00, 0x00, 0x06, 0x00, 0x00, 0x00, 0x00, 0x08, 0x00, 0xC0, 0xDC,
    0x03, 0x00, 0x00, 0x00, 0x41, 0x00, 0x00, 0x00, 0x00, 0x00, 0x00, 0x00, 0x01, 0x00, 0x00, 0x06,
    0x00, 0x00, 0x00, 0x00, 0x08, 0x00, 0xC0, 0xDC, 0x03, 0x00, 0x00, 0x00, 0x41, 0x00, 0x00, 0x00,
    0x00, 0x00, 0x00, 0x00, 0x01, 0x00, 0x00, 0x06, 0x00, 0x00, 0x00, 0x00, 0x08, 0x00, 0xC0, 0xDC,
    0x03, 0x00, 0x00, 0x00, 0x41, 0x00, 0x00, 0x00, 0x00, 0x00, 0x00, 0x00, 0x01, 0x00, 0x00, 0x06,
    0x00, 0x00, 0x00, 0x00, 0x08, 0x00, 0xC0, 0xDC, 0x03, 0x00, 0x00, 0x00, 0x41, 0x00, 0x00, 0x00,
    0x00, 0x00, 0x00, 0x00, 0x01, 0x00, 0x00, 0x06, 0x00, 0x00, 0x00, 0x00, 0x08, 0x00, 0xC0, 0xDC,
    0x03, 0x00, 0x00, 0x00, 0x41, 0x00, 0x00, 0x00, 0x00, 0x00, 0x00, 0x00, 0x01, 0x00, 0x00, 0x06,
    0x00, 0x00, 0x00, 0x00, 0x08, 0x00, 0xC0, 0xDC, 0x03, 0x00, 0x00, 0x00, 0x41, 0x00, 0x00, 0x00,
    0x00, 0x00, 0x00, 0x00, 0x01, 0x00, 0x00, 0x06, 0x00, 0x00, 0x00, 0x00, 0x08, 0x00, 0xC0, 0xDC,
    0x03, 0x00, 0x00, 0x00, 0x41, 0x00, 0x00, 0x00, 0x00, 0x00, 0x00, 0x00, 0x01, 0x00, 0x00, 0x06,
    0x00, 0x00, 0x00, 0x00, 0x08, 0x00, 0xC0, 0xDC, 0x03, 0x00, 0x00, 0x00, 0x41, 0x00, 0x00, 0x00,
    0x00, 0x00, 0x00, 0x00, 0x01, 0x00, 0x00, 0x06, 0x00, 0x00, 0x00, 0x00, 0x08, 0x00, 0xC0, 0xDC,
    0x03, 0x00, 0x00, 0x00, 0x41, 0x00, 0x00, 0x00, 0x00, 0x00, 0x00, 0x00, 0x01, 0x00, 0x00, 0x06,
    0x00, 0x00, 0x00, 0x00, 0x08, 0x00, 0xC0, 0xDC, 0x03, 0x00, 0x00, 0x00, 0x41, 0x00, 0x00, 0x00,
    0x00, 0x00, 0x00, 0x00, 0x01, 0x00, 0x00, 0x06, 0x00, 0x00, 0x00, 0x00, 0x08, 0x00, 0xC0, 0xDC,
    0x03, 0x00, 0x00, 0x00, 0x41, 0x00, 0x00, 0x00, 0x00, 0x00, 0x00, 0x00, 0x01, 0x00, 0x00, 0x06,
    0x00, 0x00, 0x00, 0x00, 0x08, 0x00, 0xC0, 0xDC, 0x03, 0x00, 0x00, 0x00, 0x41, 0x00, 0x00, 0x00,
    0x00, 0x00, 0x00, 0x00, 0x01, 0x00, 0x00, 0x06, 0x00, 0x00, 0x00, 0x00, 0x08, 0x00, 0xC0, 0xDC,
    0x03, 0x00, 0x00, 0x00, 0x41, 0x00, 0x00, 0x00, 0x00, 0x00, 0x00, 0x00, 0x01, 0x00, 0x00, 0x06,
    0x00, 0x00, 0x00, 0x00, 0x08, 0x00, 0xC0, 0xDC, 0x03, 0x00, 0x00, 0x00, 0x41, 0x00, 0x00, 0x00,
    0x00, 0x00, 0x00, 0x00, 0x01, 0x00, 0x00, 0x06, 0x00, 0x00, 0x00, 0x00, 0x08, 0x00, 0xC0, 0xDC,
    0x03, 0x00, 0x00, 0x00, 0x41, 0x00, 0x00, 0x00, 0x00, 0x00, 0x00, 0x00, 0x01, 0x00, 0x00, 0x06,
    0x00, 0x00, 0x00, 0x00, 0x08, 0x00, 0xC0, 0xDC, 0x03, 0x00, 0x00, 0x00, 0x41, 0x00, 0x00, 0x00,
    0x00, 0x00, 0x00, 0x00, 0x01, 0x00, 0x00, 0x06, 0x00, 0x00, 0x00, 0x00, 0x08, 0x00, 0xC0, 0xDC,
    0x03, 0x00, 0x00, 0x00, 0x41, 0x00, 0x00, 0x00, 0x00, 0x00, 0x00, 0x00, 0x01, 0x00, 0x00, 0x06,
    0x00, 0x00, 0x00, 0x00, 0x08, 0x00, 0xC0, 0xDC, 0x03, 0x00, 0x00, 0x00, 0x41, 0x00, 0x00, 0x00,
    0x00, 0x00, 0x00, 0x00, 0x01, 0x00, 0x00, 0x06, 0x00, 0x00, 0x00, 0x00, 0x08, 0x00, 0xC0, 0xDC,
    0x03, 0x00, 0x00, 0x00, 0x41, 0x00, 0x00, 0x00, 0x00, 0x00, 0x00, 0x00, 0x01, 0x00, 0x00, 0x06,
    0x00, 0x00, 0x00, 0x00, 0x08, 0x00, 0xC0, 0xDC, 0x03, 0x00, 0x00, 0x00, 0x41, 0x00, 0x00, 0x00,
    0x00, 0x00, 0x00, 0x00, 0x01, 0x00, 0x00, 0x06, 0x00, 0x00, 0x00, 0x00, 0x08, 0x00, 0xC0, 0xDC,
    0x03, 0x00, 0x00, 0x00, 0x41, 0x00, 0x00, 0x00, 0x00, 0x00, 0x00, 0x00, 0x01, 0x00, 0x00, 0x06,
    0x00, 0x00, 0x00, 0x00, 0x08, 0x00, 0xC0, 0xDC, 0x03, 0x00, 0x00, 0x00, 0x41, 0x00, 0x00, 0x00,
    0x00, 0x00, 0x00, 0x00, 0x01, 0x00, 0x00, 0x06, 0x00, 0x00, 0x00, 0x00, 0x08, 0x00, 0xC0, 0xDC,
    0x03, 0x00, 0x00, 0x00, 0x41, 0x00, 0x00, 0x00, 0x00, 0x00, 0x00, 0x00, 0x01, 0x00, 0x00, 0x06,
    0x00, 0x00, 0x00, 0x00, 0x08, 0x00, 0xC0, 0xDC, 0x03, 0x00, 0x00, 0x00, 0x41, 0x00, 0x00, 0x00,
    0x00, 0x00, 0x00, 0x00, 0x01, 0x00, 0x00, 0x06, 0x00, 0x00, 0x00, 0x00, 0x08, 0x00, 0xC0, 0xDC,
    0x03, 0x00, 0x00, 0x00, 0x41, 0x00, 0x00, 0x00, 0x00, 0x00, 0x00, 0x00, 0x01, 0x00, 0x00, 0x06,
    0x00, 0x00, 0x00, 0x00, 0x08, 0x00, 0xC0, 0xDC, 0x03, 0x00, 0x00, 0x00, 0x41, 0x00, 0x00, 0x00,
    0x00, 0x00, 0x00, 0x00, 0x01, 0x00, 0x00, 0x06, 0x00, 0x00, 0x00, 0x00, 0x08, 0x00, 0xC0, 0xDC,
    0x03, 0x00, 0x00, 0x00, 0x41, 0x00, 0x00, 0x00, 0x00, 0x00, 0x00, 0x00, 0x01, 0x00, 0x00, 0x06,
    0x00, 0x00, 0x00, 0x00, 0x08, 0x00, 0xC0, 0xDC, 0x03, 0x00, 0x00, 0x00, 0x41, 0x00, 0x00, 0x00,
    0x00, 0x00, 0x00, 0x00, 0x01, 0x00, 0x00, 0x06, 0x00, 0x00, 0x00, 0x00, 0x08, 0x00, 0xC0, 0xDC,
    0x03, 0x00, 0x00, 0x00, 0x41, 0x00, 0x00, 0x00, 0x00, 0x00, 0x00, 0x00, 0x01, 0x00, 0x00, 0x06,
    0x00, 0x00, 0x00, 0x00, 0x08, 0x00, 0xC0, 0xDC, 0x03, 0x00, 0x00, 0x00, 0x41, 0x00, 0x00, 0x00,
    0x00, 0x00, 0x00, 0x00, 0x01, 0x00, 0x00, 0x06, 0x00, 0x00, 0x00, 0x00, 0x08, 0x00, 0xC0, 0xDC,
    0x03, 0x00, 0x00, 0x00, 0x41, 0x00, 0x00, 0x00, 0x00, 0x00, 0x00, 0x00, 0xC0, 0x01, 0x00, 0x00,
    0x00, 0x00, 0x00, 0x00, 0x3F, 0x00, 0x00, 0x00, 0xFF, 0xFF, 0xFF, 0xFF, 0x06, 0x00, 0x00, 0x00,
    0x00, 0x00, 0x00, 0x00, 0x00, 0x00, 0x78, 0x00, 0x00, 0x00, 0x00, 0x00, 0xFF, 0xFF, 0xFF, 0x0F,
    0xFE, 0x07, 0xC0, 0xFF, 0x30, 0x00, 0x00, 0x00, 0x00, 0x00, 0x00, 0x00, 0x10, 0x00, 0x00, 0x00,
    0x00, 0x00, 0x00, 0x00, 0x00, 0x02, 0x00, 0x00, 0x00, 0x00, 0x00, 0x00, 0x02, 0x00, 0x00, 0x00,
    0x00, 0x00, 0x00, 0x00, 0x20, 0x00, 0x00, 0x00, 0x00, 0x00, 0x00, 0x00, 0x00, 0x00, 0x00, 0x08,
    0x00, 0x00, 0x00, 0x00, 0x02, 0x00, 0x00, 0x00, 0x00, 0x00, 0x00, 0x00, 0x18, 0x00, 0x00, 0x00,
    0x00, 0x00, 0x00, 0x00, 0x01, 0x00, 0x00, 0x00, 0x00, 0x00, 0x00, 0x80, 0x03, 0x00, 0x00, 0x00,
    0x00, 0x00, 0x00, 0x00, 0x20, 0x00, 0x00, 0x00, 0x00, 0x00, 0x00, 0x00, 0x00, 0x00, 0x00, 0x08,
    0x00, 0x00, 0x00, 0x00, 0x02, 0x00, 0x00, 0x00, 0x00, 0x00, 0x00, 0x00, 0x80, 0x00, 0x00, 0x00,
    0x00, 0x00, 0x00, 0x00, 0x00, 0x00, 0x00, 0x00, 0x00, 0x00, 0x00, 0x04, 0x02, 0x00, 0x00, 0x00,
    0x00, 0x00, 0x00, 0x00, 0x10, 0x00, 0x00, 0x00, 0x00, 0x00, 0x00, 0x00, 0x00, 0x01, 0x00, 0x00,
    0x00, 0x00, 0x00, 0x00, 0x02, 0x00, 0x00, 0x00, 0x00, 0x00, 0x00, 0x00, 0x06, 0x00, 0x00, 0x00,
    0x00, 0x00, 0x00, 0x00, 0x00, 0x00, 0x00, 0x10, 0x00, 0x04, 0x00, 0x00, 0x01, 0x00, 0x00, 0x00,
    0x00, 0x00, 0x00, 0x00, 0x02, 0x00, 0x00, 0x00, 0x00, 0x00, 0x00, 0x00, 0x00, 0x00, 0x20, 0x10,
    0x00, 0x00, 0x00, 0x00, 0x01, 0x00, 0x00, 0x00, 0x00, 0x00, 0x00, 0x00, 0x04, 0x00, 0x00, 0x00,
    0x00, 0x00, 0x00, 0x00, 0x00, 0x00, 0x00, 0x00, 0x00, 0x80, 0x00, 0x00, 0x01, 0x00, 0x00, 0x00,
    0x00, 0x00, 0x00, 0x00, 0x10, 0x00, 0x00, 0x00, 0x00, 0x00, 0x00, 0x00, 0x80, 0x00, 0x00, 0x00,
    0x00, 0x00, 0x00, 0x00, 0x02, 0x00, 0x00, 0x00, 0x00, 0x00, 0x00, 0x00, 0x3E, 0x00, 0x06, 0x00,
    0x00, 0x00, 0x00, 0x00, 0x00, 0x04, 0xE0, 0xFF, 0xFF, 0xFF, 0xFF, 0x00, 0x13, 0x00, 0x00, 0x00,
    0x00, 0x00, 0x00, 0x00, 0x10, 0x00, 0x06, 0x00, 0x00, 0x00, 0x00, 0x00, 0x80, 0x00, 0x00, 0x20,
    0x04, 0x00, 0x00, 0x00, 0x12, 0x00, 0x00, 0x00, 0x00, 0x00, 0x00, 0x00, 0x24, 0x00, 0x00, 0x00,
    0x00, 0x00, 0x00, 0x00, 0x00, 0x00, 0x00, 0x06, 0x00, 0x80, 0x00, 0x00, 0x03, 0x00, 0x00, 0x00,
    0x00, 0x00, 0x00, 0x00, 0x00, 0x01, 0x00, 0x00, 0x00, 0x00, 0x00, 0x00, 0x30, 0x00, 0x00, 0x00,
    0x00, 0x00, 0x00, 0x00, 0x04, 0x00, 0x00, 0x00, 0x00, 0x00, 0x00, 0x00, 0x3E, 0x00, 0x06, 0x00,
    0x00, 0x00, 0x00, 0x00, 0x00, 0x04, 0xE0, 0xFF, 0xFF, 0xFF, 0xFF, 0x00, 0x13, 0x00, 0x00, 0x00,
    0x00, 0x00, 0x00, 0x00, 0xC0, 0x01, 0x00, 0x00, 0x00, 0x00, 0x00, 0x00, 0x0F, 0x00, 0x00, 0x00,
    0xFF, 0xFF, 0xFF, 0xFF, 0x06, 0x00, 0x00, 0x00, 0x00, 0x00, 0x00, 0x00, 0xC0, 0x00, 0x00, 0x00,
    0x00, 0x00, 0x00, 0x00, 0x00, 0x00, 0x00, 0x00, 0x05, 0x94, 0x92, 0x05, 0x02, 0x00, 0x00, 0x00,
    0x00, 0x00, 0x00, 0x00, 0x08, 0x00, 0x00, 0x00, 0x00, 0x00, 0x00, 0x00, 0x00, 0x00, 0x00, 0x00,
    0x00, 0x00, 0x00, 0x60, 0x01, 0x00, 0x00, 0x00, 0x00, 0x00, 0x00, 0x00, 0x08, 0x00, 0x00, 0x00,
    0x00, 0x00, 0x00, 0x00, 0x00, 0x00, 0x00, 0x00, 0x00, 0x00, 0x00, 0x60, 0x01, 0x00, 0x00, 0x00,
    0x00, 0x00, 0x00, 0x00, 0x08, 0x00, 0x00, 0x00, 0x00, 0x00, 0x00, 0x00, 0x00, 0x00, 0x00, 0x00,
    0x00, 0x00, 0x00, 0x60, 0x01, 0x00, 0x00, 0x00, 0x00, 0x00, 0x00, 0x00, 0x08, 0x00, 0x00, 0x00,
    0x00, 0x00, 0x00, 0x00, 0x00, 0x00, 0x00, 0x00, 0x00, 0x00, 0x00, 0x60, 0x01, 0x00, 0x00, 0x00,
    0x00, 0x00, 0x00, 0x00, 0x00, 0x80, 0x01, 0x00, 0x00, 0x00, 0x00, 0x00, 0xC0, 0x00, 0x00, 0x00,
    0x00, 0x00, 0x80, 0x00, 0x18, 0x00, 0x00, 0x00, 0x00, 0x00, 0x00, 0x00, 0x11, 0x00, 0x00, 0x00,
    0x00, 0x00, 0x00, 0x00, 0x30, 0x01, 0x00, 0x00, 0x00, 0x00, 0x00, 0x00, 0x03, 0x00, 0x00, 0x00,
    0x00, 0x00, 0x00, 0x00, 0x01, 0x00, 0x00, 0x00, 0x00, 0x00, 0x00, 0x00, 0x08, 0x00, 0x00, 0x00,
    0x00, 0x00, 0x00, 0x00, 0x01, 0x00, 0x00, 0x00, 0x00, 0x00, 0x00, 0x00, 0xD8, 0x01, 0x0C, 0x00,
    0x00, 0x00, 0x00, 0x00, 0x3F, 0x62, 0x00, 0x00, 0xFF, 0xFF, 0xFF, 0xFF, 0x17, 0x00, 0x00, 0x00,
    0x00, 0x00, 0x00, 0x00, 0x01, 0x00, 0x00, 0x02, 0x00, 0x00, 0x00, 0x00, 0x30, 0x00, 0x00, 0x20,
    0x00, 0x00, 0x00, 0x00, 0x41, 0x00, 0x00, 0x00, 0x00, 0x00, 0x00, 0x00, 0x20, 0x00, 0x00, 0x00,
    0x00, 0x00, 0x00, 0x00, 0x00, 0x00, 0x00, 0x08, 0x00, 0x00, 0x00, 0x00, 0x02, 0x00, 0x00, 0x00,
    0x00, 0x00, 0x00, 0x00, 0x18, 0x00, 0x68, 0x00, 0x00, 0x00, 0x00, 0x00, 0x81, 0x63, 0x00, 0xF0,
    0x01, 0xF8, 0x3E, 0x80, 0x33, 0x00, 0x00, 0x00, 0x00, 0x00, 0x00, 0x00, 0x00, 0x00, 0x78, 0x00,
    0x00, 0x00, 0x00, 0x00, 0xFF, 0xFF, 0xFF, 0x03, 0xFE, 0x07, 0xC0, 0xFF, 0x30, 0x00, 0x00, 0x00,
    0x00, 0x00, 0x00, 0x00, 0xC0, 0x01, 0x0C, 0x00, 0x00, 0x00, 0x00, 0x00, 0x0F, 0x00, 0x00, 0x00,
    0xFF, 0xFF, 0xFF, 0xFF, 0x16, 0x00, 0x00, 0x00, 0x00, 0x00, 0x00, 0x00, 0x10, 0x00, 0x00, 0x00,
    0x00, 0x00, 0x00, 0x00, 0x00, 0x60, 0x00, 0x00, 0x00, 0x00, 0x00, 0x00, 0x02, 0x00, 0x00, 0x00,
    0x00, 0x00, 0x00, 0x00, 0xC0, 0x01, 0x00, 0x00, 0x00, 0x00, 0x00, 0x00, 0x3F, 0x00, 0x00, 0x00,
    0xFF, 0xFF, 0xFF, 0xFF, 0x06, 0x00, 0x00, 0x00, 0x00, 0x00, 0x00, 0x00, 0xC0, 0x01, 0x00, 0x00,
    0x00, 0x00, 0x00, 0x00, 0x3F, 0x00, 0x00, 0x00, 0xFF, 0xFF, 0xFF, 0xFF, 0x06, 0x00, 0x00, 0x00,
    0x00, 0x00, 0x00, 0x00, 0x38, 0x00, 0x00, 0x00, 0x00, 0x00, 0x00, 0x00, 0x01, 0x02, 0x00, 0x08,
    0x00, 0x00, 0x00, 0x80, 0x03, 0x00, 0x00, 0x00, 0x00, 0x00, 0x00, 0x00, 0x20, 0x00, 0x00, 0x00,
    0x00, 0x00, 0x00, 0x00, 0x00, 0x00, 0x00, 0x08, 0x00, 0x00, 0x00, 0x00, 0x02, 0x00, 0x00, 0x00,
    0x00, 0x00, 0x00, 0x00, 0x10, 0x00, 0x00, 0x00, 0x00, 0x00, 0x00, 0x00, 0x00, 0x01, 0x00, 0x00,
    0x00, 0x00, 0x00, 0x00, 0x02, 0x00, 0x00, 0x00, 0x00, 0x00, 0x00, 0x00, 0x00, 0x00, 0x00, 0x04,
    0x00, 0x00, 0x00, 0x00, 0x00, 0x00, 0x00, 0x00, 0x01, 0x00, 0x00, 0x00, 0x40, 0x00, 0x00, 0x00,
    0x00, 0x00, 0x00, 0x00, 0x3E, 0x00, 0x06, 0x00, 0x00, 0x00, 0x00, 0x00, 0x00, 0x04, 0xE0, 0xFF,
    0xFF, 0xFF, 0xFF, 0x00, 0x13, 0x00, 0x00, 0x00, 0x00, 0x00, 0x00, 0x00, 0x00, 0x00, 0x06, 0x00,
    0x00, 0x00, 0x00, 0x00, 0x00, 0x00, 0x00, 0x80, 0x10, 0x00, 0x00, 0x00, 0x10, 0x00, 0x00, 0x00,
    0x00, 0x00, 0x00, 0x00, 0x00, 0x00, 0x00, 0x00, 0x00, 0x00, 0x00, 0x01, 0x00, 0x00, 0x00, 0x02,
    0x00, 0x00, 0x00, 0x03, 0x00, 0x00, 0x00, 0x04, 0x00, 0x00, 0x00, 0x05, 0x00, 0x00, 0x00, 0x06,
    0x00, 0x00, 0x00, 0x07, 0x00, 0x00, 0x00, 0x08, 0x00, 0x00, 0x00, 0x09, 0x00, 0x00, 0x00, 0x0A,
    0x00, 0x00, 0x00, 0x0B, 0x00, 0x00, 0x00, 0x0C, 0x00, 0x00, 0x00, 0x0D, 0x00, 0x00, 0x00, 0x0E,
    0x00, 0x00, 0x00, 0x0F, 0x00, 0x00, 0x00, 0x10, 0x00, 0x00, 0x00, 0x11, 0x00, 0x00, 0x00, 0x12,
    0x00, 0x00, 0x00, 0x13, 0x00, 0x00, 0x00, 0x14, 0x00, 0x00, 0x00, 0x15, 0x00, 0x00, 0x00, 0x16,
    0x00, 0x00, 0x00, 0x17, 0x00, 0x00, 0x00, 0x18, 0x00, 0x00, 0x00, 0x19, 0x00, 0x00, 0x00, 0x1A,
    0x00, 0x00, 0x00, 0x1B, 0x00, 0x00, 0x00, 0x1C, 0x00, 0x00, 0x00, 0x1D, 0x00, 0x00, 0x00, 0x1E,
    0x00, 0x00, 0x00, 0x1F, 0x00, 0x00, 0x00, 0x20, 0x00, 0x00, 0x00, 0x21, 0x00, 0x00, 0x00, 0x22,
    0x00, 0x00, 0x00, 0x23, 0x00, 0x00, 0x00, 0x24, 0x00, 0x00, 0x00, 0x25, 0x00, 0x00, 0x00, 0x26,
    0x00, 0x00, 0x00, 0x27, 0x00, 0x00, 0x00, 0x28, 0x00, 0x00, 0x00, 0x29, 0x00, 0x00, 0x00, 0x2A,
    0x00, 0x00, 0x00, 0x2B, 0x00, 0x00, 0x00, 0x2C, 0x00, 0x00, 0x00, 0x2D, 0x00, 0x00, 0x00, 0x2E,
    0x00, 0x00, 0x00, 0x2F, 0x00, 0x00, 0x00, 0x30, 0x00, 0x00, 0x00, 0x31, 0x00, 0x00, 0x00, 0x32,
    0x00, 0x00, 0x00, 0x33, 0x00, 0x00, 0x00, 0x34, 0x00, 0x00, 0x00, 0x35, 0x00, 0x00, 0x00, 0x36,
    0x00, 0x00, 0x00, 0x37, 0x00, 0x00, 0x00, 0x38, 0x00, 0x00, 0x00, 0x39, 0x00, 0x00, 0x00, 0x3A,
    0x00, 0x00, 0x00, 0x3B, 0x00, 0x00, 0x00, 0x3C, 0x00, 0x00, 0x00, 0x3D, 0x00, 0x00, 0x00, 0x3E,
    0x00, 0x00, 0x00, 0x3F, 0x00, 0x00, 0x00, 0x40, 0x00, 0x00, 0x00, 0x41, 0x00, 0x00, 0x00, 0x42,
    0x00, 0x00, 0x00, 0x43, 0x00, 0x00, 0x00, 0x44, 0x00, 0x00, 0x00, 0x45, 0x00, 0x00, 0x00, 0x46,
    0x00, 0x00, 0x00, 0x47, 0x00, 0x00, 0x00, 0x48, 0x00, 0x00, 0x00, 0x49, 0x00, 0x00, 0x00, 0x4A,
    0x00, 0x00, 0x00, 0x4B, 0x00, 0x00, 0x00, 0x4C, 0x00, 0x00, 0x00, 0x4D, 0x00, 0x00, 0x00, 0x4E,
    0x00, 0x00, 0x00, 0x4F, 0x00, 0x00, 0x00, 0x50, 0x00, 0x00, 0x00, 0x51, 0x00, 0x00, 0x00, 0x52,
    0x00, 0x00, 0x00, 0x53, 0x00, 0x00, 0x00, 0x54, 0x00, 0x00, 0x00, 0x55, 0x00, 0x00, 0x00, 0x56,
    0x00, 0x00, 0x00, 0x57, 0x00, 0x00, 0x00, 0x58, 0x00, 0x00, 0x00, 0x59, 0x00, 0x00, 0x00, 0x5A,
    0x00, 0x00, 0x00, 0x5B, 0x00, 0x00, 0x00, 0x5C, 0x00, 0x00, 0x00, 0x5D, 0x00, 0x00, 0x00, 0x5E,
    0x00, 0x00, 0x00, 0x5F, 0x00, 0x00, 0x00, 0x60, 0x00, 0x00, 0x00, 0x61, 0x00, 0x00, 0x00, 0x62,
    0x00, 0x00, 0x00, 0x63, 0x00, 0x00, 0x00, 0x64, 0x00, 0x00, 0x00, 0x65, 0x00, 0x00, 0x00, 0x66,
    0x00, 0x00, 0x00, 0x67, 0x00, 0x00, 0x00, 0x68, 0x00, 0x00, 0x00, 0x69, 0x00, 0x00, 0x00, 0x6A,
    0x00, 0x00, 0x00, 0x6B, 0x00, 0x00, 0x00, 0x6C, 0x00, 0x00, 0x00, 0x6D, 0x00, 0x00, 0x00, 0x6E,
    0x00, 0x00, 0x00, 0x6F, 0x00, 0x00, 0x00, 0x70, 0x00, 0x00, 0x00, 0x71, 0x00, 0x00, 0x00, 0x72,
    0x00, 0x00, 0x00, 0x73, 0x00, 0x00, 0x00, 0x74, 0x00, 0x00, 0x00, 0x75, 0x00, 0x00, 0x00, 0x76,
    0x00, 0x00, 0x00, 0x77, 0x00, 0x00, 0x00, 0x78, 0x00, 0x00, 0x00, 0x79, 0x00, 0x00, 0x00, 0x7A,
    0x00, 0x00, 0x00, 0x7B, 0x00, 0x00, 0x00, 0x7C, 0x00, 0x00, 0x00, 0x7D, 0x00, 0x00, 0x00, 0x7E,
    0x00, 0x00, 0x00, 0x7F, 0x00, 0x00, 0x00, 0x80, 0x00, 0x00, 0x00, 0x81, 0x00, 0x00, 0x00, 0x82,
    0x00, 0x00, 0x00, 0x83, 0x00, 0x00, 0x00, 0x84, 0x00, 0x00, 0x00, 0x85, 0x00, 0x00, 0x00, 0x86,
    0x00, 0x00, 0x00, 0x87, 0x00, 0x00, 0x00, 0x88, 0x00, 0x00, 0x00, 0x89, 0x00, 0x00, 0x00, 0x8A,
    0x00, 0x00, 0x00, 0x8B, 0x00, 0x00, 0x00, 0x8C, 0x00, 0x00, 0x00, 0x8D, 0x00, 0x00, 0x00, 0x8E,
    0x00, 0x00, 0x00, 0x8F, 0x00, 0x00, 0x00, 0x90, 0x00, 0x00, 0x00, 0x91, 0x00, 0x00, 0x00, 0x92,
    0x00, 0x00, 0x00, 0x93, 0x00, 0x00, 0x00, 0x94, 0x00, 0x00, 0x00, 0x95, 0x00, 0x00, 0x00, 0x96,
    0x00, 0x00, 0x00, 0x97, 0x00, 0x00, 0x00, 0x98, 0x00, 0x00, 0x00, 0x99, 0x00, 0x00, 0x00, 0x9A,
    0x00, 0x00, 0x00, 0x9B, 0x00, 0x00, 0x00, 0x9C, 0x00, 0x00, 0x00, 0x9D, 0x00, 0x00, 0x00, 0x9E,
    0x00, 0x00, 0x00, 0x9F, 0x00, 0x00, 0x00, 0xA0, 0x00, 0x00, 0x00, 0xA1, 0x00, 0x00, 0x00, 0xA2,
    0x00, 0x00, 0x00, 0xA3, 0x00, 0x00, 0x00, 0xA4, 0x00, 0x00, 0x00, 0xA5, 0x00, 0x00, 0x00, 0xA6,
    0x00, 0x00, 0x00, 0xA7, 0x00, 0x00, 0x00, 0xAF, 0x00, 0x00, 0x00, 0xB0, 0x00, 0x00, 0x00, 0xB1,
    0x00, 0x00, 0x00, 0xB4, 0x00, 0x00, 0x00, 0xB5, 0x00, 0x00, 0x00, 0xB6, 0x00, 0x00, 0x00, 0xB7,
    0x00, 0x00, 0x00, 0xB8, 0x00, 0x00, 0x00, 0xB9, 0x00, 0x00, 0x00, 0xBA, 0x00, 0x00, 0x00, 0xBB,
    0x00, 0x00, 0x00, 0xBC, 0x00, 0x00, 0x00, 0xBD, 0x00, 0x00, 0x00, 0xBE, 0x00, 0x00, 0x00, 0xBF,
    0x00, 0x00, 0x00, 0xC0, 0x00, 0x00, 0x00, 0xC1, 0x00, 0x00, 0x00, 0xC2, 0x00, 0x00, 0x00, 0xC3,
    0x00, 0x00, 0x00, 0xC8, 0x00, 0x00, 0x00, 0xC9, 0x00, 0x00, 0x00, 0xCA, 0x00, 0x00, 0x00, 0xCB,
    0x00, 0x00, 0x00, 0xCC, 0x2E, 0x00, 0x20, 0x00, 0x00, 0x00, 0x00, 0x00, 0x00, 0x00, 0x80, 0xFD,
    0xFF, 0x79, 0xFE, 0x00, 0x23, 0x00, 0x00, 0x00, 0x00, 0x00, 0x00, 0x00, 0xFF, 0x01, 0x7E, 0x06,
    0x00, 0x00, 0x00, 0x00, 0xFF, 0xFF, 0xFF, 0xFF, 0xFF, 0xFF, 0xFF, 0xFF, 0x77, 0x00, 0x00, 0x00,
    0x00, 0x00, 0x00, 0x00, 0x00, 0x00, 0x06, 0x00, 0x00, 0x00, 0x00, 0x00, 0x00, 0x00, 0x00, 0x20,
    0x04, 0x00, 0x00, 0x00, 0x10, 0x00, 0x00, 0x00, 0x00, 0x00, 0x00, 0x00, 0x10, 0x00, 0x02, 0x00,
    0x00, 0x00, 0x00, 0x00, 0x80, 0x00, 0x00, 0x20, 0x00, 0x00, 0x00, 0x00, 0x12, 0x00, 0x00, 0x00,
    0x00, 0x00, 0x00, 0x00, 0x10, 0x00, 0x04, 0x00, 0x00, 0x00, 0x00, 0x00, 0x80, 0x00, 0x00, 0x00,
    0x04, 0x00, 0x00, 0x00, 0x12, 0x00, 0x00, 0x00, 0x00, 0x00, 0x00, 0x00, 0x0E, 0x00, 0x00, 0x00,
    0x00, 0x00, 0x00, 0x00, 0x00, 0x00, 0x60, 0x00, 0x00, 0x86, 0x00, 0x80, 0x01, 0x00, 0x00, 0x00,
    0x00, 0x00, 0x00, 0x00, 0x18, 0x00, 0x00, 0x00, 0x00, 0x00, 0x00, 0x00, 0x42, 0x00, 0x00, 0x00,
    0x00, 0x00, 0x00, 0x6C, 0x03, 0x00, 0x00, 0x00, 0x00, 0x00, 0x00, 0x00, 0x00, 0x01, 0x00, 0x00,
    0x00, 0x00, 0x00, 0x00, 0x30, 0x00, 0x00, 0x00, 0x00, 0x00, 0x00, 0x00, 0x04, 0x00, 0x00, 0x00,
    0x00, 0x00, 0x00, 0x00, 0x00, 0x01, 0x00, 0x00, 0x00, 0x00, 0x00, 0x00, 0x30, 0x00, 0x00, 0x00,
    0x00, 0x00, 0x00, 0x00, 0x04, 0x00, 0x00, 0x00, 0x00, 0x00, 0x00, 0x00, 0x00, 0x01, 0x00, 0x00,
    0x00, 0x00, 0x00, 0x00, 0x30, 0x00, 0x00, 0x00, 0x00, 0x00, 0x00, 0x00, 0x04, 0x00, 0x00, 0x00,
    0x00, 0x00, 0x00, 0x00, 0x00, 0x01, 0x00, 0x00, 0x00, 0x00, 0x00, 0x00, 0x30, 0x00, 0x00, 0x00,
    0x00, 0x00, 0x00, 0x00, 0x04, 0x00, 0x00, 0x00, 0x00, 0x00, 0x00, 0x00, 0x00, 0x01, 0x00, 0x00,
    0x00, 0x00, 0x00, 0x00, 0x30, 0x00, 0x00, 0x00, 0x00, 0x00, 0x00, 0x00, 0x04, 0x00, 0x00, 0x00,
    0x00, 0x00, 0x00, 0x00, 0x18, 0x00, 0x00, 0x00, 0x00, 0x00, 0x00, 0x00, 0x42, 0x00, 0x00, 0x00,
    0x00, 0x00, 0x00, 0x6C, 0x03, 0x00, 0x00, 0x00, 0x00, 0x00, 0x00, 0x00, 0x00, 0x01, 0x00, 0x00,
    0x00, 0x00, 0x00, 0x00, 0x30, 0x00, 0x00, 0x00, 0x00, 0x00, 0x00, 0x00, 0x04, 0x00, 0x00, 0x00,
    0x00, 0x00, 0x00, 0x00, 0x11, 0x00, 0x00, 0x00, 0x00, 0x00, 0x00, 0x00, 0x30, 0x01, 0x00, 0x00,
    0x00, 0x00, 0x00, 0x00, 0x03, 0x00, 0x00, 0x00, 0x00, 0x00, 0x00, 0x00, 0x20, 0x00, 0x00, 0x00,
    0x00, 0x00, 0x00, 0x00, 0x00, 0x00, 0x00, 0x08, 0x00, 0x00, 0x00, 0x00, 0x02, 0x00, 0x00, 0x00,
    0x00, 0x00, 0x00, 0x00, 0x20, 0x00, 0x00, 0x00, 0x00, 0x00, 0x00, 0x00, 0x00, 0x00, 0x00, 0x08,
    0x00, 0x00, 0x00, 0x00, 0x02, 0x00, 0x00, 0x00, 0x00, 0x00, 0x00, 0x00, 0x08, 0x00, 0x00, 0x00,
    0x00, 0x00, 0x00, 0x00, 0x00, 0x00, 0x00, 0x00, 0x00, 0x00, 0x00, 0x40, 0x01, 0x00, 0x00, 0x00,
    0x00, 0x00, 0x00, 0x00, 0x18, 0x00, 0x00, 0x00, 0x00, 0x00, 0x00, 0x00, 0x02, 0x00, 0x00, 0x00,
    0x00, 0x00, 0x00, 0x04, 0x03, 0x00, 0x00, 0x00, 0x00, 0x00, 0x00, 0x00, 0x2E, 0x00, 0x06, 0x00,
    0x00, 0x00, 0x00, 0x00, 0x00, 0x00, 0xE0, 0xFD, 0xFF, 0xFF, 0xFE, 0x00, 0x13, 0x00, 0x00, 0x00,
    0x00, 0x00, 0x00, 0x00, 0x2E, 0x00, 0x06, 0x00, 0x00, 0x00, 0x00, 0x00, 0x00, 0x00, 0xE0, 0xFD,
    0xFF, 0xFF, 0xFE, 0x00, 0x13, 0x00, 0x00, 0x00, 0x00, 0x00, 0x00, 0x00, 0xC0, 0x01, 0x00, 0x00,
    0x00, 0x00, 0x00, 0x00, 0x0F, 0x00, 0x00, 0x00, 0xFF, 0xFF, 0xFF, 0xFF, 0x06, 0x00, 0x00, 0x00,
    0x00, 0x00, 0x00, 0x00, 0xD8, 0x01, 0x0C, 0x00, 0x00, 0x00, 0x00, 0x00, 0x3F, 0x62, 0x00, 0x00,
    0xFF, 0xFF, 0xFF, 0xFF, 0x17, 0x00, 0x00, 0x00, 0x00, 0x00, 0x00, 0x00, 0x01, 0x00, 0x00, 0x06,
    0x00, 0x00, 0x00, 0x00, 0x08, 0x00, 0xC0, 0xDC, 0x03, 0x00, 0x00, 0x00, 0x41, 0x00, 0x00, 0x00,
    0x00, 0x00, 0x00, 0x00, 0xF9, 0x01, 0x7C, 0x02, 0x00, 0x00, 0x00, 0x00, 0xFF, 0xFF, 0xFF, 0xFB,
    0xFF, 0xFF, 0xFF, 0xFF, 0x77, 0x00, 0x00, 0x00, 0x00, 0x00, 0x00, 0x00, 0xF9, 0x01, 0x7C, 0x02,
    0x00, 0x00, 0x00, 0x00, 0xFF, 0xFF, 0xFF, 0xFB, 0xFF, 0xFF, 0xFF, 0xFF, 0x77, 0x00, 0x00, 0x00,
    0x00, 0x00, 0x00, 0x00, 0xF9, 0x01, 0x7C, 0x02, 0x00, 0x00, 0x00, 0x00, 0xFF, 0xFF, 0xFF, 0xFB,
    0xFF, 0xFF, 0xFF, 0xFF, 0x77, 0x00, 0x00, 0x00, 0x00, 0x00, 0x00, 0x00, 0xF9, 0x01, 0x7C, 0x06,
    0x00, 0x00, 0x00, 0x00, 0xFF, 0xFF, 0xFF, 0xFB, 0xFF, 0xFF, 0xFF, 0xFF, 0x77, 0x00, 0x00, 0x00,
    0x00, 0x00, 0x00, 0x00, 0xF9, 0x01, 0x7C, 0x02, 0x00, 0x00, 0x00, 0x00, 0xFF, 0xFF, 0xFF, 0xFB,
    0xFF, 0xFF, 0xFF, 0xFF, 0x77, 0x00, 0x00, 0x00, 0x00, 0x00, 0x00, 0x00, 0xF9, 0x01, 0x7C, 0x02,
    0x00, 0x00, 0x00, 0x00, 0xFF, 0xFF, 0xFF, 0xFB, 0xFF, 0xFF, 0xFF, 0xFF, 0x77, 0x00, 0x00, 0x00,
    0x00, 0x00, 0x00, 0x00, 0xF9, 0x01, 0x7C, 0x02, 0x00, 0x00, 0x00, 0x00, 0xFF, 0xFF, 0xFF, 0xFB,
    0xFF, 0xFF, 0xFF, 0xFF, 0x77, 0x00, 0x00, 0x00, 0x00, 0x00, 0x00, 0x00, 0xF9, 0x01, 0x7C, 0x02,
    0x00, 0x00, 0x00, 0x00, 0xFF, 0xFF, 0xFF, 0xFB, 0xFF, 0xFF, 0xFF, 0xFF, 0x77, 0x00, 0x00, 0x00,
    0x00, 0x00, 0x00, 0x00, 0xF9, 0x01, 0x7C, 0x02, 0x00, 0x00, 0x00, 0x00, 0xFF, 0xFF, 0xFF, 0xFB,
    0xFF, 0xFF, 0xFF, 0xFF, 0x77, 0x00, 0x00, 0x00, 0x00, 0x00, 0x00, 0x00, 0xF9, 0x01, 0x7C, 0x02,
    0x00, 0x00, 0x00, 0x00, 0xFF, 0xFF, 0xFF, 0xFB, 0xFF, 0xFF, 0xFF, 0xFF, 0x77, 0x00, 0x00, 0x00,
    0x00, 0x00, 0x00, 0x00, 0x01, 0x00, 0x00, 0x06, 0x00, 0x00, 0x00, 0x00, 0x08, 0x00, 0xC0, 0xDC,
    0x03, 0x00, 0x00, 0x00, 0x41, 0x00, 0x00, 0x00, 0x00, 0x00, 0x00, 0x00, 0x01, 0x00, 0x00, 0x06,
    0x00, 0x00, 0x00, 0x00, 0x08, 0x00, 0xC0, 0xDC, 0x03, 0x00, 0x00, 0x00, 0x41, 0x00, 0x00, 0x00,
    0x00, 0x00, 0x00, 0x00, 0x01, 0x00, 0x00, 0x06, 0x00, 0x00, 0x00, 0x00, 0x08, 0x00, 0xC0, 0xDC,
    0x03, 0x00, 0x00, 0x00, 0x41, 0x00, 0x00, 0x00, 0x00, 0x00, 0x00, 0x00, 0x01, 0x00, 0x00, 0x06,
    0x00, 0x00, 0x00, 0x00, 0x08, 0x00, 0xC0, 0xDC, 0x03, 0x00, 0x00, 0x00, 0x41, 0x00, 0x00, 0x00,
    0x00, 0x00, 0x00, 0x00, 0x01, 0x00, 0x00, 0x06, 0x00, 0x00, 0x00, 0x00, 0x08, 0x00, 0xC0, 0xDC,
    0x03, 0x00, 0x00, 0x00, 0x41, 0x00, 0x00, 0x00, 0x00, 0x00, 0x00, 0x00, 0x01, 0x00, 0x00, 0x06,
    0x00, 0x00, 0x00, 0x00, 0x08, 0x00, 0xC0, 0xDC, 0x03, 0x00, 0x00, 0x00, 0x41, 0x00, 0x00, 0x00,
    0x00, 0x00, 0x00, 0x00, 0x01, 0x00, 0x00, 0x06, 0x00, 0x00, 0x00, 0x00, 0x08, 0x00, 0xC0, 0xDC,
    0x03, 0x00, 0x00, 0x00, 0x41, 0x00, 0x00, 0x00, 0x00, 0x00, 0x00, 0x00, 0x01, 0x00, 0x00, 0x06,
    0x00, 0x00, 0x00, 0x00, 0x08, 0x00, 0xC0, 0xDC, 0x03, 0x00, 0x00, 0x00, 0x41, 0x00, 0x00, 0x00,
    0x00, 0x00, 0x00, 0x00, 0x01, 0x00, 0x00, 0x06, 0x00, 0x00, 0x00, 0x00, 0x08, 0x00, 0xC0, 0xDC,
    0x03, 0x00, 0x00, 0x00, 0x41, 0x00, 0x00, 0x00, 0x00, 0x00, 0x00, 0x00, 0x01, 0x00, 0x00, 0x06,
    0x00, 0x00, 0x00, 0x00, 0x08, 0x00, 0xC0, 0xDC, 0x03, 0x00, 0x00, 0x00, 0x41, 0x00, 0x00, 0x00,
    0x00, 0x00, 0x00, 0x00, 0x01, 0x00, 0x00, 0x06, 0x00, 0x00, 0x00, 0x00, 0x08, 0x00, 0xC0, 0xDC,
    0x03, 0x00, 0x00, 0x00, 0x41, 0x00, 0x00, 0x00, 0x00, 0x00, 0x00, 0x00, 0x01, 0x00, 0x00, 0x06,
    0x00, 0x00, 0x00, 0x00, 0x08, 0x00, 0xC0, 0xDC, 0x03, 0x00, 0x00, 0x00, 0x41, 0x00, 0x00, 0x00,
    0x00, 0x00, 0x00, 0x00, 0x01, 0x00, 0x00, 0x06, 0x00, 0x00, 0x00, 0x00, 0x08, 0x00, 0xC0, 0xDC,
    0x03, 0x00, 0x00, 0x00, 0x41, 0x00, 0x00, 0x00, 0x00, 0x00, 0x00, 0x00, 0x01, 0x00, 0x00, 0x06,
    0x00, 0x00, 0x00, 0x00, 0x08, 0x00, 0xC0, 0xDC, 0x03, 0x00, 0x00, 0x00, 0x41, 0x00, 0x00, 0x00,
    0x00, 0x00, 0x00, 0x00, 0x01, 0x00, 0x00, 0x06, 0x00, 0x00, 0x00, 0x00, 0x08, 0x00, 0xC0, 0xDC,
    0x03, 0x00, 0x00, 0x00, 0x41, 0x00, 0x00, 0x00, 0x00, 0x00, 0x00, 0x00, 0x01, 0x00, 0x00, 0x06,
    0x00, 0x00, 0x00, 0x00, 0x08, 0x00, 0xC0, 0xDC, 0x03, 0x00, 0x00, 0x00, 0x41, 0x00, 0x00, 0x00,
    0x00, 0x00, 0x00, 0x00, 0x01, 0x00, 0x00, 0x06, 0x00, 0x00, 0x00, 0x00, 0x08, 0x00, 0xC0, 0xDC,
    0x03, 0x00, 0x00, 0x00, 0x41, 0x00, 0x00, 0x00, 0x00, 0x00, 0x00, 0x00, 0x01, 0x00, 0x00, 0x06,
    0x00, 0x00, 0x00, 0x00, 0x08, 0x00, 0xC0, 0xDC, 0x03, 0x00, 0x00, 0x00, 0x41, 0x00, 0x00, 0x00,
    0x00, 0x00, 0x00, 0x00, 0x01, 0x00, 0x00, 0x06, 0x00, 0x00, 0x00, 0x00, 0x08, 0x00, 0xC0, 0xDC,
    0x03, 0x00, 0x00, 0x00, 0x41, 0x00, 0x00, 0x00, 0x00, 0x00, 0x00, 0x00, 0x01, 0x00, 0x00, 0x06,
    0x00, 0x00, 0x00, 0x00, 0x08, 0x00, 0xC0, 0xDC, 0x03, 0x00, 0x00, 0x00, 0x41, 0x00, 0x00, 0x00,
    0x00, 0x00, 0x00, 0x00, 0x01, 0x00, 0x00, 0x06, 0x00, 0x00, 0x00, 0x00, 0x08, 0x00, 0xC0, 0xDC,
    0x03, 0x00, 0x00, 0x00, 0x41, 0x00, 0x00, 0x00, 0x00, 0x00, 0x00, 0x00, 0x01, 0x00, 0x00, 0x06,
    0x00, 0x00, 0x00, 0x00, 0x08, 0x00, 0xC0, 0xDC, 0x03, 0x00, 0x00, 0x00, 0x41, 0x00, 0x00, 0x00,
    0x00, 0x00, 0x00, 0x00, 0x01, 0x00, 0x00, 0x06, 0x00, 0x00, 0x00, 0x00, 0x08, 0x00, 0xC0, 0xDC,
    0x03, 0x00, 0x00, 0x00, 0x41, 0x00, 0x00, 0x00, 0x00, 0x00, 0x00, 0x00, 0x01, 0x00, 0x00, 0x06,
    0x00, 0x00, 0x00, 0x00, 0x08, 0x00, 0xC0, 0xDC, 0x03, 0x00, 0x00, 0x00, 0x41, 0x00, 0x00, 0x00,
    0x00, 0x00, 0x00, 0x00, 0x01, 0x00, 0x00, 0x06, 0x00, 0x00, 0x00, 0x00, 0x08, 0x00, 0xC0, 0xDC,
    0x03, 0x00, 0x00, 0x00, 0x41, 0x00, 0x00, 0x00, 0x00, 0x00, 0x00, 0x00, 0x01, 0x00, 0x00, 0x06,
    0x00, 0x00, 0x00, 0x00, 0x08, 0x00, 0xC0, 0xDC, 0x03, 0x00, 0x00, 0x00, 0x41, 0x00, 0x00, 0x00,
    0x00, 0x00, 0x00, 0x00, 0x01, 0x00, 0x00, 0x06, 0x00, 0x00, 0x00, 0x00, 0x08, 0x00, 0xC0, 0xDC,
    0x03, 0x00, 0x00, 0x00, 0x41, 0x00, 0x00, 0x00, 0x00, 0x00, 0x00, 0x00, 0x01, 0x00, 0x00, 0x06,
    0x00, 0x00, 0x00, 0x00, 0x08, 0x00, 0xC0, 0xDC, 0x03, 0x00, 0x00, 0x00, 0x41, 0x00, 0x00, 0x00,
    0x00, 0x00, 0x00, 0x00, 0x01, 0x00, 0x00, 0x06, 0x00, 0x00, 0x00, 0x00, 0x08, 0x00, 0xC0, 0xDC,
    0x03, 0x00, 0x00, 0x00, 0x41, 0x00, 0x00, 0x00, 0x00, 0x00, 0x00, 0x00, 0x01, 0x00, 0x00, 0x06,
    0x00, 0x00, 0x00, 0x00, 0x08, 0x00, 0xC0, 0xDC, 0x03, 0x00, 0x00, 0x00, 0x41, 0x00, 0x00, 0x00,
    0x00, 0x00, 0x00, 0x00, 0x01, 0x00, 0x00, 0x06, 0x00, 0x00, 0x00, 0x00, 0x08, 0x00, 0xC0, 0xDC,
    0x03, 0x00, 0x00, 0x00, 0x41, 0x00, 0x00, 0x00, 0x00, 0x00, 0x00, 0x00, 0x01, 0x00, 0x00, 0x06,
    0x00, 0x00, 0x00, 0x00, 0x08, 0x00, 0xC0, 0xDC, 0x03, 0x00, 0x00, 0x00, 0x41, 0x00, 0x00, 0x00,
    0x00, 0x00, 0x00, 0x00, 0x01, 0x00, 0x00, 0x06, 0x00, 0x00, 0x00, 0x00, 0x08, 0x00, 0xC0, 0xDC,
    0x03, 0x00, 0x00, 0x00, 0x41, 0x00, 0x00, 0x00, 0x00, 0x00, 0x00, 0x00, 0x01, 0x00, 0x00, 0x06,
    0x00, 0x00, 0x00, 0x00, 0x08, 0x00, 0xC0, 0xDC, 0x03, 0x00, 0x00, 0x00, 0x41, 0x00, 0x00, 0x00,
    0x00, 0x00, 0x00, 0x00, 0x01, 0x00, 0x00, 0x06, 0x00, 0x00, 0x00, 0x00, 0x08, 0x00, 0xC0, 0xDC,
    0x03, 0x00, 0x00, 0x00, 0x41, 0x00, 0x00, 0x00, 0x00, 0x00, 0x00, 0x00, 0x01, 0x00, 0x00, 0x06,
    0x00, 0x00, 0x00, 0x00, 0x08, 0x00, 0xC0, 0xDC, 0x03, 0x00, 0x00, 0x00, 0x41, 0x00, 0x00, 0x00,
    0x00, 0x00, 0x00, 0x00, 0x01, 0x00, 0x00, 0x06, 0x00, 0x00, 0x00, 0x00, 0x08, 0x00, 0xC0, 0xDC,
    0x03, 0x00, 0x00, 0x00, 0x41, 0x00, 0x00, 0x00, 0x00, 0x00, 0x00, 0x00, 0x01, 0x00, 0x00, 0x06,
    0x00, 0x00, 0x00, 0x00, 0x08, 0x00, 0xC0, 0xDC, 0x03, 0x00, 0x00, 0x00, 0x41, 0x00, 0x00, 0x00,
    0x00, 0x00, 0x00, 0x00, 0x01, 0x00, 0x00, 0x06, 0x00, 0x00, 0x00, 0x00, 0x08, 0x00, 0xC0, 0xDC,
    0x03, 0x00, 0x00, 0x00, 0x41, 0x00, 0x00, 0x00, 0x00, 0x00, 0x00, 0x00, 0x01, 0x00, 0x00, 0x06,
    0x00, 0x00, 0x00, 0x00, 0x08, 0x00, 0xC0, 0xDC, 0x03, 0x00, 0x00, 0x00, 0x41, 0x00, 0x00, 0x00,
    0x00, 0x00, 0x00, 0x00, 0x01, 0x00, 0x00, 0x06, 0x00, 0x00, 0x00, 0x00, 0x08, 0x00, 0xC0, 0xDC,
    0x03, 0x00, 0x00, 0x00, 0x41, 0x00, 0x00, 0x00, 0x00, 0x00, 0x00, 0x00, 0x01, 0x00, 0x00, 0x06,
    0x00, 0x00, 0x00, 0x00, 0x08, 0x00, 0xC0, 0xDC, 0x03, 0x00, 0x00, 0x00, 0x41, 0x00, 0x00, 0x00,
    0x00, 0x00, 0x00, 0x00, 0x01, 0x00, 0x00, 0x06, 0x00, 0x00, 0x00, 0x00, 0x08, 0x00, 0xC0, 0xDC,
    0x03, 0x00, 0x00, 0x00, 0x41, 0x00, 0x00, 0x00, 0x00, 0x00, 0x00, 0x00, 0x01, 0x00, 0x00, 0x06,
    0x00, 0x00, 0x00, 0x00, 0x08, 0x00, 0xC0, 0xDC, 0x03, 0x00, 0x00, 0x00, 0x41, 0x00, 0x00, 0x00,
    0x00, 0x00, 0x00, 0x00, 0x01, 0x00, 0x00, 0x06, 0x00, 0x00, 0x00, 0x00, 0x08, 0x00, 0xC0, 0xDC,
    0x03, 0x00, 0x00, 0x00, 0x41, 0x00, 0x00, 0x00, 0x00, 0x00, 0x00, 0x00, 0x01, 0x00, 0x00, 0x06,
    0x00, 0x00, 0x00, 0x00, 0x08, 0x00, 0xC0, 0xDC, 0x03, 0x00, 0x00, 0x00, 0x41, 0x00, 0x00, 0x00,
    0x00, 0x00, 0x00, 0x00, 0x01, 0x00, 0x00, 0x06, 0x00, 0x00, 0x00, 0x00, 0x08, 0x00, 0xC0, 0xDC,
    0x03, 0x00, 0x00, 0x00, 0x41, 0x00, 0x00, 0x00, 0x00, 0x00, 0x00, 0x00, 0x01, 0x00, 0x00, 0x06,
    0x00, 0x00, 0x00, 0x00, 0x08, 0x00, 0xC0, 0xDC, 0x03, 0x00, 0x00, 0x00, 0x41, 0x00, 0x00, 0x00,
    0x00, 0x00, 0x00, 0x00, 0x01, 0x00, 0x00, 0x06, 0x00, 0x00, 0x00, 0x00, 0x08, 0x00, 0xC0, 0xDC,
    0x03, 0x00, 0x00, 0x00, 0x41, 0x00, 0x00, 0x00, 0x00, 0x00, 0x00, 0x00, 0x01, 0x00, 0x00, 0x06,
    0x00, 0x00, 0x00, 0x00, 0x08, 0x00, 0xC0, 0xDC, 0x03, 0x00, 0x00, 0x00, 0x41, 0x00, 0x00, 0x00,
    0x00, 0x00, 0x00, 0x00, 0x01, 0x00, 0x00, 0x06, 0x00, 0x00, 0x00, 0x00, 0x08, 0x00, 0xC0, 0xDC,
    0x03, 0x00, 0x00, 0x00, 0x41, 0x00, 0x00, 0x00, 0x00, 0x00, 0x00, 0x00, 0x01, 0x00, 0x00, 0x06,
    0x00, 0x00, 0x00, 0x00, 0x08, 0x00, 0xC0, 0xDC, 0x03, 0x00, 0x00, 0x00, 0x41, 0x00, 0x00, 0x00,
    0x00, 0x00, 0x00, 0x00, 0x01, 0x00, 0x00, 0x06, 0x00, 0x00, 0x00, 0x00, 0x08, 0x00, 0xC0, 0xDC,
    0x03, 0x00, 0x00, 0x00, 0x41, 0x00, 0x00, 0x00, 0x00, 0x00, 0x00, 0x00, 0x01, 0x00, 0x00, 0x06,
    0x00, 0x00, 0x00, 0x00, 0x08, 0x00, 0xC0, 0xDC, 0x03, 0x00, 0x00, 0x00, 0x41, 0x00, 0x00, 0x00,
    0x00, 0x00, 0x00, 0x00, 0x01, 0x00, 0x00, 0x06, 0x00, 0x00, 0x00, 0x00, 0x08, 0x00, 0xC0, 0xDC,
    0x03, 0x00, 0x00, 0x00, 0x41, 0x00, 0x00, 0x00, 0x00, 0x00, 0x00, 0x00, 0x01, 0x00, 0x00, 0x06,
    0x00, 0x00, 0x00, 0x00, 0x08, 0x00, 0xC0, 0xDC, 0x03, 0x00, 0x00, 0x00, 0x41, 0x00, 0x00, 0x00,
    0x00, 0x00, 0x00, 0x00, 0x01, 0x00, 0x00, 0x06, 0x00, 0x00, 0x00, 0x00, 0x08, 0x00, 0xC0, 0xDC,
    0x03, 0x00, 0x00, 0x00, 0x41, 0x00, 0x00, 0x00, 0x00, 0x00, 0x00, 0x00, 0x01, 0x00, 0x00, 0x06,
    0x00, 0x00, 0x00, 0x00, 0x08, 0x00, 0xC0, 0xDC, 0x03, 0x00, 0x00, 0x00, 0x41, 0x00, 0x00, 0x00,
    0x00, 0x00, 0x00, 0x00, 0x01, 0x00, 0x00, 0x06, 0x00, 0x00, 0x00, 0x00, 0x08, 0x00, 0xC0, 0xDC,
    0x03, 0x00, 0x00, 0x00, 0x41, 0x00, 0x00, 0x00, 0x00, 0x00, 0x00, 0x00, 0x01, 0x00, 0x00, 0x06,
    0x00, 0x00, 0x00, 0x00, 0x08, 0x00, 0xC0, 0xDC, 0x03, 0x00, 0x00, 0x00, 0x41, 0x00, 0x00, 0x00,
    0x00, 0x00, 0x00, 0x00, 0x01, 0x00, 0x00, 0x06, 0x00, 0x00, 0x00, 0x00, 0x08, 0x00, 0xC0, 0xDC,
    0x03, 0x00, 0x00, 0x00, 0x41, 0x00, 0x00, 0x00, 0x00, 0x00, 0x00, 0x00, 0x01, 0x00, 0x00, 0x06,
    0x00, 0x00, 0x00, 0x00, 0x08, 0x00, 0xC0, 0xDC, 0x03, 0x00, 0x00, 0x00, 0x41, 0x00, 0x00, 0x00,
    0x00, 0x00, 0x00, 0x00, 0x01, 0x00, 0x00, 0x06, 0x00, 0x00, 0x00, 0x00, 0x08, 0x00, 0xC0, 0xDC,
    0x03, 0x00, 0x00, 0x00, 0x41, 0x00, 0x00, 0x00, 0x00, 0x00, 0x00, 0x00, 0x01, 0x00, 0x00, 0x06,
    0x00, 0x00, 0x00, 0x00, 0x08, 0x00, 0xC0, 0xDC, 0x03, 0x00, 0x00, 0x00, 0x41, 0x00, 0x00, 0x00,
    0x00, 0x00, 0x00, 0x00, 0x01, 0x00, 0x00, 0x06, 0x00, 0x00, 0x00, 0x00, 0x08, 0x00, 0xC0, 0xDC,
    0x03, 0x00, 0x00, 0x00, 0x41, 0x00, 0x00, 0x00, 0x00, 0x00, 0x00, 0x00, 0x01, 0x00, 0x00, 0x06,
    0x00, 0x00, 0x00, 0x00, 0x08, 0x00, 0xC0, 0xDC, 0x03, 0x00, 0x00, 0x00, 0x41, 0x00, 0x00, 0x00,
    0x00, 0x00, 0x00, 0x00, 0x01, 0x00, 0x00, 0x06, 0x00, 0x00, 0x00, 0x00, 0x08, 0x00, 0xC0, 0xDC,
    0x03, 0x00, 0x00, 0x00, 0x41, 0x00, 0x00, 0x00, 0x00, 0x00, 0x00, 0x00, 0x01, 0x00, 0x00, 0x06,
    0x00, 0x00, 0x00, 0x00, 0x08, 0x00, 0xC0, 0xDC, 0x03, 0x00, 0x00, 0x00, 0x41, 0x00, 0x00, 0x00,
    0x00, 0x00, 0x00, 0x00, 0x01, 0x00, 0x00, 0x06, 0x00, 0x00, 0x00, 0x00, 0x08, 0x00, 0xC0, 0xDC,
    0x03, 0x00, 0x00, 0x00, 0x41, 0x00, 0x00, 0x00, 0x00, 0x00, 0x00, 0x00, 0x01, 0x00, 0x00, 0x06,
    0x00, 0x00, 0x00, 0x00, 0x08, 0x00, 0xC0, 0xDC, 0x03, 0x00, 0x00, 0x00, 0x41, 0x00, 0x00, 0x00,
    0x00, 0x00, 0x00, 0x00, 0x01, 0x00, 0x00, 0x06, 0x00, 0x00, 0x00, 0x00, 0x08, 0x00, 0xC0, 0xDC,
    0x03, 0x00, 0x00, 0x00, 0x41, 0x00, 0x00, 0x00, 0x00, 0x00, 0x00, 0x00, 0x01, 0x00, 0x00, 0x06,
    0x00, 0x00, 0x00, 0x00, 0x08, 0x00, 0xC0, 0xDC, 0x03, 0x00, 0x00, 0x00, 0x41, 0x00, 0x00, 0x00,
    0x00, 0x00, 0x00, 0x00, 0x01, 0x00, 0x00, 0x06, 0x00, 0x00, 0x00, 0x00, 0x08, 0x00, 0xC0, 0xDC,
    0x03, 0x00, 0x00, 0x00, 0x41, 0x00, 0x00, 0x00, 0x00, 0x00, 0x00, 0x00, 0x01, 0x00, 0x00, 0x06,
    0x00, 0x00, 0x00, 0x00, 0x08, 0x00, 0xC0, 0xDC, 0x03, 0x00, 0x00, 0x00, 0x41, 0x00, 0x00, 0x00,
    0x00, 0x00, 0x00, 0x00, 0x01, 0x00, 0x00, 0x06, 0x00, 0x00, 0x00, 0x00, 0x08, 0x00, 0xC0, 0xDC,
    0x03, 0x00, 0x00, 0x00, 0x41, 0x00, 0x00, 0x00, 0x00, 0x00, 0x00, 0x00, 0x01, 0x00, 0x00, 0x06,
    0x00, 0x00, 0x00, 0x00, 0x08, 0x00, 0xC0, 0xDC, 0x03, 0x00, 0x00, 0x00, 0x41, 0x00, 0x00, 0x00,
    0x00, 0x00, 0x00, 0x00, 0x01, 0x00, 0x00, 0x06, 0x00, 0x00, 0x00, 0x00, 0x08, 0x00, 0xC0, 0xDC,
    0x03, 0x00, 0x00, 0x00, 0x41, 0x00, 0x00, 0x00, 0x00, 0x00, 0x00, 0x00, 0x01, 0x00, 0x00, 0x06,
    0x00, 0x00, 0x00, 0x00, 0x08, 0x00, 0xC0, 0xDC, 0x03, 0x00, 0x00, 0x00, 0x41, 0x00, 0x00, 0x00,
    0x00, 0x00, 0x00, 0x00, 0x01, 0x00, 0x00, 0x06, 0x00, 0x00, 0x00, 0x00, 0x08, 0x00, 0xC0, 0xDC,
    0x03, 0x00, 0x00, 0x00, 0x41, 0x00, 0x00, 0x00, 0x00, 0x00, 0x00, 0x00, 0x01, 0x00, 0x00, 0x06,
    0x00, 0x00, 0x00, 0x00, 0x08, 0x00, 0xC0, 0xDC, 0x03, 0x00, 0x00, 0x00, 0x41, 0x00, 0x00, 0x00,
    0x00, 0x00, 0x00, 0x00, 0x01, 0x00, 0x00, 0x06, 0x00, 0x00, 0x00, 0x00, 0x08, 0x00, 0xC0, 0xDC,
    0x03, 0x00, 0x00, 0x00, 0x41, 0x00, 0x00, 0x00, 0x00, 0x00, 0x00, 0x00, 0x01, 0x00, 0x00, 0x06,
    0x00, 0x00, 0x00, 0x00, 0x08, 0x00, 0xC0, 0xDC, 0x03, 0x00, 0x00, 0x00, 0x41, 0x00, 0x00, 0x00,
    0x00, 0x00, 0x00, 0x00, 0x01, 0x00, 0x00, 0x06, 0x00, 0x00, 0x00, 0x00, 0x08, 0x00, 0xC0, 0xDC,
    0x03, 0x00, 0x00, 0x00, 0x41, 0x00, 0x00, 0x00, 0x00, 0x00, 0x00, 0x00, 0x01, 0x00, 0x00, 0x06,
    0x00, 0x00, 0x00, 0x00, 0x08, 0x00, 0xC0, 0xDC, 0x03, 0x00, 0x00, 0x00, 0x41, 0x00, 0x00, 0x00,
    0x00, 0x00, 0x00, 0x00, 0x01, 0x00, 0x00, 0x06, 0x00, 0x00, 0x00, 0x00, 0x08, 0x00, 0xC0, 0xDC,
    0x03, 0x00, 0x00, 0x00, 0x41, 0x00, 0x00, 0x00, 0x00, 0x00, 0x00, 0x00, 0x01, 0x00, 0x00, 0x06,
    0x00, 0x00, 0x00, 0x00, 0x08, 0x00, 0xC0, 0xDC, 0x03, 0x00, 0x00, 0x00, 0x41, 0x00, 0x00, 0x00,
    0x00, 0x00, 0x00, 0x00, 0x01, 0x00, 0x00, 0x06, 0x00, 0x00, 0x00, 0x00, 0x08, 0x00, 0xC0, 0xDC,
    0x03, 0x00, 0x00, 0x00, 0x41, 0x00, 0x00, 0x00, 0x00, 0x00, 0x00, 0x00, 0x01, 0x00, 0x00, 0x06,
    0x00, 0x00, 0x00, 0x00, 0x08, 0x00, 0xC0, 0xDC, 0x03, 0x00, 0x00, 0x00, 0x41, 0x00, 0x00, 0x00,
    0x00, 0x00, 0x00, 0x00, 0x01, 0x00, 0x00, 0x06, 0x00, 0x00, 0x00, 0x00, 0x08, 0x00, 0xC0, 0xDC,
    0x03, 0x00, 0x00, 0x00, 0x41, 0x00, 0x00, 0x00, 0x00, 0x00, 0x00, 0x00, 0x01, 0x00, 0x00, 0x06,
    0x00, 0x00, 0x00, 0x00, 0x08, 0x00, 0xC0, 0xDC, 0x03, 0x00, 0x00, 0x00, 0x41, 0x00, 0x00, 0x00,
    0x00, 0x00, 0x00, 0x00, 0x01, 0x00, 0x00, 0x06, 0x00, 0x00, 0x00, 0x00, 0x08, 0x00, 0xC0, 0xDC,
    0x03, 0x00, 0x00, 0x00, 0x41, 0x00, 0x00, 0x00, 0x00, 0x00, 0x00, 0x00, 0x01, 0x00, 0x00, 0x06,
    0x00, 0x00, 0x00, 0x00, 0x08, 0x00, 0xC0, 0xDC, 0x03, 0x00, 0x00, 0x00, 0x41, 0x00, 0x00, 0x00,
    0x00, 0x00, 0x00, 0x00, 0x01, 0x00, 0x00, 0x06, 0x00, 0x00, 0x00, 0x00, 0x08, 0x00, 0xC0, 0xDC,
    0x03, 0x00, 0x00, 0x00, 0x41, 0x00, 0x00, 0x00, 0x00, 0x00, 0x00, 0x00, 0x01, 0x00, 0x00, 0x06,
    0x00, 0x00, 0x00, 0x00, 0x08, 0x00, 0xC0, 0xDC, 0x03, 0x00, 0x00, 0x00, 0x41, 0x00, 0x00, 0x00,
    0x00, 0x00, 0x00, 0x00, 0x01, 0x00, 0x00, 0x06, 0x00, 0x00, 0x00, 0x00, 0x08, 0x00, 0xC0, 0xDC,
    0x03, 0x00, 0x00, 0x00, 0x41, 0x00, 0x00, 0x00, 0x00, 0x00, 0x00, 0x00, 0x01, 0x00, 0x00, 0x06,
    0x00, 0x00, 0x00, 0x00, 0x08, 0x00, 0xC0, 0xDC, 0x03, 0x00, 0x00, 0x00, 0x41, 0x00, 0x00, 0x00,
    0x00, 0x00, 0x00, 0x00, 0x01, 0x00, 0x00, 0x06, 0x00, 0x00, 0x00, 0x00, 0x08, 0x00, 0xC0, 0xDC,
    0x03, 0x00, 0x00, 0x00, 0x41, 0x00, 0x00, 0x00, 0x00, 0x00, 0x00, 0x00, 0x01, 0x00, 0x00, 0x06,
    0x00, 0x00, 0x00, 0x00, 0x08, 0x00, 0xC0, 0xDC, 0x03, 0x00, 0x00, 0x00, 0x41, 0x00, 0x00, 0x00,
    0x00, 0x00, 0x00, 0x00, 0x01, 0x00, 0x00, 0x06, 0x00, 0x00, 0x00, 0x00, 0x08, 0x00, 0xC0, 0xDC,
    0x03, 0x00, 0x00, 0x00, 0x41, 0x00, 0x00, 0x00, 0x00, 0x00, 0x00, 0x00, 0x01, 0x00, 0x00, 0x06,
    0x00, 0x00, 0x00, 0x00, 0x08, 0x00, 0xC0, 0xDC, 0x03, 0x00, 0x00, 0x00, 0x41, 0x00, 0x00, 0x00,
    0x00, 0x00, 0x00, 0x00, 0x01, 0x00, 0x00, 0x06, 0x00, 0x00, 0x00, 0x00, 0x08, 0x00, 0xC0, 0xDC,
    0x03, 0x00, 0x00, 0x00, 0x41, 0x00, 0x00, 0x00, 0x00, 0x00, 0x00, 0x00, 0x01, 0x00, 0x00, 0x06,
    0x00, 0x00, 0x00, 0x00, 0x08, 0x00, 0xC0, 0xDC, 0x03, 0x00, 0x00, 0x00, 0x41, 0x00, 0x00, 0x00,
    0x00, 0x00, 0x00, 0x00, 0x01, 0x00, 0x00, 0x06, 0x00, 0x00, 0x00, 0x00, 0x08, 0x00, 0xC0, 0xDC,
    0x03, 0x00, 0x00, 0x00, 0x41, 0x00, 0x00, 0x00, 0x00, 0x00, 0x00, 0x00, 0x01, 0x00, 0x00, 0x06,
    0x00, 0x00, 0x00, 0x00, 0x08, 0x00, 0xC0, 0xDC, 0x03, 0x00, 0x00, 0x00, 0x41, 0x00, 0x00, 0x00,
    0x00, 0x00, 0x00, 0x00, 0x01, 0x00, 0x00, 0x06, 0x00, 0x00, 0x00, 0x00, 0x08, 0x00, 0xC0, 0xDC,
    0x03, 0x00, 0x00, 0x00, 0x41, 0x00, 0x00, 0x00, 0x00, 0x00, 0x00, 0x00, 0x01, 0x00, 0x00, 0x06,
    0x00, 0x00, 0x00, 0x00, 0x08, 0x00, 0xC0, 0xDC, 0x03, 0x00, 0x00, 0x00, 0x41, 0x00, 0x00, 0x00,
    0x00, 0x00, 0x00, 0x00, 0x01, 0x00, 0x00, 0x06, 0x00, 0x00, 0x00, 0x00, 0x08, 0x00, 0xC0, 0xDC,
    0x03, 0x00, 0x00, 0x00, 0x41, 0x00, 0x00, 0x00, 0x00, 0x00, 0x00, 0x00, 0x01, 0x00, 0x00, 0x06,
    0x00, 0x00, 0x00, 0x00, 0x08, 0x00, 0xC0, 0xDC, 0x03, 0x00, 0x00, 0x00, 0x41, 0x00, 0x00, 0x00,
    0x00, 0x00, 0x00, 0x00, 0x01, 0x00, 0x00, 0x06, 0x00, 0x00, 0x00, 0x00, 0x08, 0x00, 0xC0, 0xDC,
    0x03, 0x00, 0x00, 0x00, 0x41, 0x00, 0x00, 0x00, 0x00, 0x00, 0x00, 0x00, 0x01, 0x00, 0x00, 0x06,
    0x00, 0x00, 0x00, 0x00, 0x08, 0x00, 0xC0, 0xDC, 0x03, 0x00, 0x00, 0x00, 0x41, 0x00, 0x00, 0x00,
    0x00, 0x00, 0x00, 0x00, 0x01, 0x00, 0x00, 0x06, 0x00, 0x00, 0x00, 0x00, 0x08, 0x00, 0xC0, 0xDC,
    0x03, 0x00, 0x00, 0x00, 0x41, 0x00, 0x00, 0x00, 0x00, 0x00, 0x00, 0x00, 0x01, 0x00, 0x00, 0x06,
    0x00, 0x00, 0x00, 0x00, 0x08, 0x00, 0xC0, 0xDC, 0x03, 0x00, 0x00, 0x00, 0x41, 0x00, 0x00, 0x00,
    0x00, 0x00, 0x00, 0x00, 0x01, 0x00, 0x00, 0x06, 0x00, 0x00, 0x00, 0x00, 0x08, 0x00, 0xC0, 0xDC,
    0x03, 0x00, 0x00, 0x00, 0x41, 0x00, 0x00, 0x00, 0x00, 0x00, 0x00, 0x00, 0x01, 0x00, 0x00, 0x06,
    0x00, 0x00, 0x00, 0x00, 0x08, 0x00, 0xC0, 0xDC, 0x03, 0x00, 0x00, 0x00, 0x41, 0x00, 0x00, 0x00,
    0x00, 0x00, 0x00, 0x00, 0x01, 0x00, 0x00, 0x06, 0x00, 0x00, 0x00, 0x00, 0x08, 0x00, 0xC0, 0xDC,
    0x03, 0x00, 0x00, 0x00, 0x41, 0x00, 0x00, 0x00, 0x00, 0x00, 0x00, 0x00, 0x01, 0x00, 0x00, 0x06,
    0x00, 0x00, 0x00, 0x00, 0x08, 0x00, 0xC0, 0xDC, 0x03, 0x00, 0x00, 0x00, 0x41, 0x00, 0x00, 0x00,
    0x00, 0x00, 0x00, 0x00, 0x01, 0x00, 0x00, 0x06, 0x00, 0x00, 0x00, 0x00, 0x08, 0x00, 0xC0, 0xDC,
    0x03, 0x00, 0x00, 0x00, 0x41, 0x00, 0x00, 0x00, 0x00, 0x00, 0x00, 0x00, 0xC0, 0x01, 0x00, 0x00,
    0x00, 0x00, 0x00, 0x00, 0x3F, 0x00, 0x00, 0x00, 0xFF, 0xFF, 0xFF, 0xFF, 0x06, 0x00, 0x00, 0x00,
    0x00, 0x00, 0x00, 0x00, 0x00, 0x00, 0x78, 0x00, 0x00, 0x00, 0x00, 0x00, 0xFF, 0xFF, 0xFF, 0x0F,
    0xFE, 0x07, 0xC0, 0xFF, 0x30, 0x00, 0x00, 0x00, 0x00, 0x00, 0x00, 0x00, 0x10, 0x00, 0x00, 0x00,
    0x00, 0x00, 0x00, 0x00, 0x00, 0x02, 0x00, 0x00, 0x00, 0x00, 0x00, 0x00, 0x02, 0x00, 0x00, 0x00,
    0x00, 0x00, 0x00, 0x00, 0x20, 0x00, 0x00, 0x00, 0x00, 0x00, 0x00, 0x00, 0x00, 0x00, 0x00, 0x08,
    0x00, 0x00, 0x00, 0x00, 0x02, 0x00, 0x00, 0x00, 0x00, 0x00, 0x00, 0x00, 0x18, 0x00, 0x00, 0x00,
    0x00, 0x00, 0x00, 0x00, 0x01, 0x00, 0x00, 0x00, 0x00, 0x00, 0x00, 0x80, 0x03, 0x00, 0x00, 0x00,
    0x00, 0x00, 0x00, 0x00, 0x20, 0x00, 0x00, 0x00, 0x00, 0x00, 0x00, 0x00, 0x00, 0x00, 0x00, 0x08,
    0x00, 0x00, 0x00, 0x00, 0x02, 0x00, 0x00, 0x00, 0x00, 0x00, 0x00, 0x00, 0x80, 0x00, 0x00, 0x00,
    0x00, 0x00, 0x00, 0x00, 0x00, 0x00, 0x00, 0x00, 0x00, 0x00, 0x00, 0x04, 0x02, 0x00, 0x00, 0x00,
    0x00, 0x00, 0x00, 0x00, 0x10, 0x00, 0x00, 0x00, 0x00, 0x00, 0x00, 0x00, 0x00, 0x01, 0x00, 0x00,
    0x00, 0x00, 0x00, 0x00, 0x02, 0x00, 0x00, 0x00, 0x00, 0x00, 0x00, 0x00, 0x06, 0x00, 0x00, 0x00,
    0x00, 0x00, 0x00, 0x00, 0x00, 0x00, 0x00, 0x10, 0x00, 0x04, 0x00, 0x00, 0x01, 0x00, 0x00, 0x00,
    0x00, 0x00, 0x00, 0x00, 0x02, 0x00, 0x00, 0x00, 0x00, 0x00, 0x00, 0x00, 0x00, 0x00, 0x20, 0x10,
    0x00, 0x00, 0x00, 0x00, 0x01, 0x00, 0x00, 0x00, 0x00, 0x00, 0x00, 0x00, 0x04, 0x00, 0x00, 0x00,
    0x00, 0x00, 0x00, 0x00, 0x00, 0x00, 0x00, 0x00, 0x00, 0x80, 0x00, 0x00, 0x01, 0x00, 0x00, 0x00,
    0x00, 0x00, 0x00, 0x00, 0x10, 0x00, 0x00, 0x00, 0x00, 0x00, 0x00, 0x00, 0x80, 0x00, 0x00, 0x00,
    0x00, 0x00, 0x00, 0x00, 0x02, 0x00, 0x00, 0x00, 0x00, 0x00, 0x00, 0x00, 0x3E, 0x00, 0x06, 0x00,
    0x00, 0x00, 0x00, 0x00, 0x00, 0x04, 0xE0, 0xFF, 0xFF, 0xFF, 0xFF, 0x00, 0x13, 0x00, 0x00, 0x00,
    0x00, 0x00, 0x00, 0x00, 0x10, 0x00, 0x06, 0x00, 0x00, 0x00, 0x00, 0x00, 0x80, 0x00, 0x00, 0x20,
    0x04, 0x00, 0x00, 0x00, 0x12, 0x00, 0x00, 0x00, 0x00, 0x00, 0x00, 0x00, 0x24, 0x00, 0x00, 0x00,
    0x00, 0x00, 0x00, 0x00, 0x00, 0x00, 0x00, 0x06, 0x00, 0x80, 0x00, 0x00, 0x03, 0x00, 0x00, 0x00,
    0x00, 0x00, 0x00, 0x00, 0x00, 0x01, 0x00, 0x00, 0x00, 0x00, 0x00, 0x00, 0x30, 0x00, 0x00, 0x00,
    0x00, 0x00, 0x00, 0x00, 0x04, 0x00, 0x00, 0x00, 0x00, 0x00, 0x00, 0x00, 0x2E, 0x00, 0x06, 0x00,
    0x00, 0x00, 0x00, 0x00, 0x00, 0x00, 0xE0, 0xFD, 0xFF, 0xFF, 0xFE, 0x00, 0x13, 0x00, 0x00, 0x00,
    0x00, 0x00, 0x00, 0x00, 0x2E, 0x00, 0x06, 0x00, 0x00, 0x00, 0x00, 0x00, 0x00, 0x00, 0xE0, 0xFD,
    0xFF, 0xFF, 0xFE, 0x00, 0x13, 0x00, 0x00, 0x00, 0x00, 0x00, 0x00, 0x00, 0x2E, 0x00, 0x06, 0x00,
    0x00, 0x00, 0x00, 0x00, 0x00, 0x00, 0xE0, 0xFD, 0xFF, 0xFF, 0xFE, 0x00, 0x13, 0x00, 0x00, 0x00,
    0x00, 0x00, 0x00, 0x00, 0x2E, 0x00, 0x06, 0x00, 0x00, 0x00, 0x00, 0x00, 0x00, 0x00, 0xE0, 0xFD,
    0xFF, 0xFF, 0xFE, 0x00, 0x13, 0x00, 0x00, 0x00, 0x00, 0x00, 0x00, 0x00, 0x3A, 0x00, 0x00, 0x00,
    0x00, 0x00, 0x00, 0x00, 0x00, 0x04, 0x00, 0x46, 0x00, 0x00, 0x01, 0x00, 0x03, 0x00, 0x00, 0x00,
    0x00, 0x00, 0x00, 0x00, 0x3A, 0x00, 0x00, 0x00, 0x00, 0x00, 0x00, 0x00, 0x00, 0x04, 0x00, 0x46,
    0x00, 0x00, 0x01, 0x00, 0x03, 0x00, 0x00, 0x00, 0x00, 0x00, 0x00, 0x00, 0x3A, 0x00, 0x00, 0x00,
    0x00, 0x00, 0x00, 0x00, 0x00, 0x04, 0x00, 0x46, 0x00, 0x00, 0x01, 0x00, 0x03, 0x00, 0x00, 0x00,
    0x00, 0x00, 0x00, 0x00, 0x3A, 0x00, 0x00, 0x00, 0x00, 0x00, 0x00, 0x00, 0x00, 0x04, 0x00, 0x46,
    0x00, 0x00, 0x01, 0x00, 0x03, 0x00, 0x00, 0x00, 0x00, 0x00, 0x00, 0x00, 0xC0, 0x01, 0x00, 0x00,
    0x00, 0x00, 0x00, 0x00, 0x0F, 0x00, 0x00, 0x00, 0xFF, 0xFF, 0xFF, 0xFF, 0x06, 0x00, 0x00, 0x00,
    0x00, 0x00, 0x00, 0x00, 0xC0, 0x00, 0x00, 0x00, 0x00, 0x00, 0x00, 0x00, 0x00, 0x00, 0x00, 0x00,
    0x05, 0x94, 0x92, 0x05, 0x02, 0x00, 0x00, 0x00, 0x00, 0x00, 0x00, 0x00, 0x08, 0x00, 0x00, 0x00,
    0x00, 0x00, 0x00, 0x00, 0x00, 0x00, 0x00, 0x00, 0x00, 0x00, 0x00, 0x60, 0x01, 0x00, 0x00, 0x00,
    0x00, 0x00, 0x00, 0x00, 0x08, 0x00, 0x00, 0x00, 0x00, 0x00, 0x00, 0x00, 0x00, 0x00, 0x00, 0x00,
    0x00, 0x00, 0x00, 0x60, 0x01, 0x00, 0x00, 0x00, 0x00, 0x00, 0x00, 0x00, 0x08, 0x00, 0x00, 0x00,
    0x00, 0x00, 0x00, 0x00, 0x00, 0x00, 0x00, 0x00, 0x00, 0x00, 0x00, 0x60, 0x01, 0x00, 0x00, 0x00,
    0x00, 0x00, 0x00, 0x00, 0x08, 0x00, 0x00, 0x00, 0x00, 0x00, 0x00, 0x00, 0x00, 0x00, 0x00, 0x00,
    0x00, 0x00, 0x00, 0x60, 0x01, 0x00, 0x00, 0x00, 0x00, 0x00, 0x00, 0x00, 0x08, 0x00, 0x00, 0x00,
    0x00, 0x00, 0x00, 0x00, 0x00, 0x00, 0x00, 0x00, 0x00, 0x00, 0x00, 0x60, 0x01, 0x00, 0x00, 0x00,
    0x00, 0x00, 0x00, 0x00, 0x08, 0x00, 0x00, 0x00, 0x00, 0x00, 0x00, 0x00, 0x00, 0x00, 0x00, 0x00,
    0x00, 0x00, 0x00, 0x60, 0x01, 0x00, 0x00, 0x00, 0x00, 0x00, 0x00, 0x00, 0x00, 0x80, 0x01, 0x00,
    0x00, 0x00, 0x00, 0x00, 0xC0, 0x00, 0x00, 0x00, 0x00, 0x00, 0x80, 0x00, 0x18, 0x00, 0x00, 0x00,
    0x00, 0x00, 0x00, 0x00, 0x11, 0x00, 0x00, 0x00, 0x00, 0x00, 0x00, 0x00, 0x30, 0x01, 0x00, 0x00,
    0x00, 0x00, 0x00, 0x00, 0x03, 0x00, 0x00, 0x00, 0x00, 0x00, 0x00, 0x00, 0x01, 0x00, 0x00, 0x00,
    0x00, 0x00, 0x00, 0x00, 0x08, 0x00, 0x00, 0x00, 0x00, 0x00, 0x00, 0x00, 0x01, 0x00, 0x00, 0x00,
    0x00, 0x00, 0x00, 0x00, 0xD8, 0x01, 0x0C, 0x00, 0x00, 0x00, 0x00, 0x00, 0x3F, 0x62, 0x00, 0x00,
    0xFF, 0xFF, 0xFF, 0xFF, 0x17, 0x00, 0x00, 0x00, 0x00, 0x00, 0x00, 0x00, 0x01, 0x00, 0x00, 0x02,
    0x00, 0x00, 0x00, 0x00, 0x30, 0x00, 0x00, 0x20, 0x00, 0x00, 0x00, 0x00, 0x41, 0x00, 0x00, 0x00,
    0x00, 0x00, 0x00, 0x00, 0x20, 0x00, 0x00, 0x00, 0x00, 0x00, 0x00, 0x00, 0x00, 0x00, 0x00, 0x08,
    0x00, 0x00, 0x00, 0x00, 0x02, 0x00, 0x00, 0x00, 0x00, 0x00, 0x00, 0x00, 0x18, 0x00, 0x68, 0x00,
    0x00, 0x00, 0x00, 0x00, 0x81, 0x63, 0x00, 0xF0, 0x01, 0xF8, 0x3E, 0x80, 0x33, 0x00, 0x00, 0x00,
    0x00, 0x00, 0x00, 0x00, 0x00, 0x00, 0x78, 0x00, 0x00, 0x00, 0x00, 0x00, 0xFF, 0xFF, 0xFF, 0x03,
    0xFE, 0x07, 0xC0, 0xFF, 0x30, 0x00, 0x00, 0x00, 0x00, 0x00, 0x00, 0x00, 0xC0, 0x01, 0x0C, 0x00,
    0x00, 0x00, 0x00, 0x00, 0x0F, 0x00, 0x00, 0x00, 0xFF, 0xFF, 0xFF, 0xFF, 0x16, 0x00, 0x00, 0x00,
    0x00, 0x00, 0x00, 0x00, 0x10, 0x00, 0x00, 0x00, 0x00, 0x00, 0x00, 0x00, 0x00, 0x60, 0x00, 0x00,
    0x00, 0x00, 0x00, 0x00, 0x02, 0x00, 0x00, 0x00, 0x00, 0x00, 0x00, 0x00, 0xC0, 0x01, 0x00, 0x00,
    0x00, 0x00, 0x00, 0x00, 0x3F, 0x00, 0x00, 0x00, 0xFF, 0xFF, 0xFF, 0xFF, 0x06, 0x00, 0x00, 0x00,
    0x00, 0x00, 0x00, 0x00, 0xC0, 0x01, 0x00, 0x00, 0x00, 0x00, 0x00, 0x00, 0x3F, 0x00, 0x00, 0x00,
    0xFF, 0xFF, 0xFF, 0xFF, 0x06, 0x00, 0x00, 0x00, 0x00, 0x00, 0x00, 0x00, 0x20, 0x00, 0x00, 0x00,
    0x00, 0x00, 0x00, 0x00, 0x00, 0x00, 0x00, 0x08, 0x00, 0x00, 0x00, 0x00, 0x02, 0x00, 0x00, 0x00,
    0x00, 0x00, 0x00, 0x00, 0x20, 0x00, 0x00, 0x00, 0x00, 0x00, 0x00, 0x00, 0x00, 0x00, 0x00, 0x08,
    0x00, 0x00, 0x00, 0x00, 0x02, 0x00, 0x00, 0x00, 0x00, 0x00, 0x00, 0x00, 0x08, 0x00, 0x00, 0x00,
    0x00, 0x00, 0x00, 0x00, 0x00, 0x00, 0x00, 0x00, 0x00, 0x00, 0x00, 0x80, 0x01, 0x00, 0x00, 0x00,
    0x00, 0x00, 0x00, 0x00, 0x10, 0x00, 0x00, 0x00, 0x00, 0x00, 0x00, 0x00, 0x01, 0x00, 0x00, 0x00,
    0x00, 0x00, 0x00, 0x00, 0x02, 0x00, 0x00, 0x00, 0x00, 0x00, 0x00, 0x00, 0x10, 0x00, 0x00, 0x00,
    0x00, 0x00, 0x00, 0x00, 0x00, 0x02, 0x00, 0x00, 0x00, 0x00, 0x00, 0x00, 0x02, 0x00, 0x00, 0x00,
    0x00, 0x00, 0x00, 0x00, 0x20, 0x00, 0x00, 0x00, 0x00, 0x00, 0x00, 0x00, 0x00, 0x00, 0x00, 0x08,
    0x00, 0x00, 0x00, 0x00, 0x02, 0x00, 0x00, 0x00, 0x00, 0x00, 0x00, 0x00, 0x10, 0x00, 0x00, 0x00,
    0x00, 0x00, 0x00, 0x00, 0x00, 0x01, 0x00, 0x00, 0x00, 0x00, 0x00, 0x00, 0x02, 0x00, 0x00, 0x00,
    0x00, 0x00, 0x00, 0x00, 0x00, 0x00, 0x00, 0x04, 0x00, 0x00, 0x00, 0x00, 0x00, 0x00, 0x00, 0x00,
    0x01, 0x00, 0x00, 0x00, 0x40, 0x00, 0x00, 0x00, 0x00, 0x00, 0x00, 0x00, 0x3E, 0x00, 0x06, 0x00,
    0x00, 0x00, 0x00, 0x00, 0x00, 0x04, 0xE0, 0xFF, 0xFF, 0xFF, 0xFF, 0x00, 0x13, 0x00, 0x00, 0x00,
    0x00, 0x00, 0x00, 0x00, 0x00, 0x00, 0x06, 0x00, 0x00, 0x00, 0x00, 0x00, 0x00, 0x00, 0x00, 0x80,
    0x10, 0x00, 0x00, 0x00, 0x10, 0x00, 0x00, 0x00, 0x00, 0x00, 0x00, 0x00, 0x00, 0x00, 0x00, 0x02,
    0x00, 0x00, 0x00, 0x00, 0x00, 0x00, 0x80, 0x00, 0x00, 0x00, 0x00, 0x00, 0x40, 0x00, 0x00, 0x00,
    0x00, 0x00, 0x00, 0x00, 0x09, 0x00, 0x00, 0x06, 0x00, 0x00, 0x00, 0x00, 0x08, 0x00, 0xC0, 0x90,
    0x02, 0x00, 0x00, 0x01, 0x41, 0x00, 0x00, 0x00, 0x00, 0x00, 0x00, 0x00, 0x18, 0x00, 0x00, 0x00,
    0x00, 0x00, 0x00, 0x00, 0x01, 0x62, 0x00, 0x00, 0x00, 0x00, 0x00, 0x80, 0x03, 0x00, 0x00, 0x00,
    0x00, 0x00, 0x00, 0x00, 0x18, 0x00, 0x00, 0x00, 0x00, 0x00, 0x00, 0x00, 0x01, 0x62, 0x00, 0x00,
    0x00, 0x00, 0x00, 0x80, 0x03, 0x00, 0x00, 0x00, 0x00, 0x00, 0x00, 0x00, 0x24, 0x80, 0x03, 0x00,
    0x00, 0x00, 0x00, 0x00, 0x09, 0x00, 0x03, 0xD8, 0xA0, 0x04, 0x00, 0x40, 0x1B, 0x00, 0x00, 0x00,
    0x00, 0x00, 0x00, 0x00, 0xFF, 0xFF, 0x7F, 0x00, 0x00, 0x00, 0x00, 0x00, 0xFF, 0xFF, 0xFF, 0xFF,
    0xFF, 0xFF, 0xFF, 0xFF, 0x3F, 0x00, 0x00, 0x00, 0x00, 0x00, 0x00, 0x00, 0x19, 0x00, 0x00, 0x06,
    0x00, 0x00, 0x00, 0x00, 0x09, 0x62, 0xC0, 0x90, 0x02, 0x00, 0x00, 0x81, 0x43, 0x00, 0x00, 0x00,
    0x00, 0x00, 0x00, 0x00, 0x09, 0x00, 0x00, 0x06, 0x00, 0x00, 0x00, 0x00, 0x08, 0x00, 0xC0, 0xDC,
    0x03, 0x00, 0x00, 0x01, 0x41, 0x00, 0x00, 0x00, 0x00, 0x00, 0x00, 0x00, 0x09, 0x00, 0x00, 0x06,
    0x00, 0x00, 0x00, 0x00, 0x08, 0x00, 0xC0, 0xDC, 0x03, 0x00, 0x00, 0x01, 0x41, 0x00, 0x00, 0x00,
    0x00, 0x00, 0x00, 0x00, 0x10, 0x00, 0x06, 0x00, 0x00, 0x00, 0x00, 0x00, 0x00, 0x60, 0x00, 0xE0,
    0x7F, 0x00, 0x00, 0x00, 0x12, 0x00, 0x00, 0x00, 0x00, 0x00, 0x00, 0x00, 0xC0, 0x01, 0xFC, 0x03,
    0x00, 0x00, 0x00, 0x00, 0xFF, 0xFF, 0xFF, 0xFF, 0xFF, 0xFF, 0xFF, 0xFF, 0x76, 0x00, 0x00, 0x00,
    0x00, 0x00, 0x00, 0x00, 0x00, 0x00, 0x00, 0x00, 0x00, 0x00, 0x00, 0x01, 0x00, 0x00, 0x00, 0x02,
    0x00, 0x00, 0x00, 0x03, 0x00, 0x00, 0x00, 0x04, 0x00, 0x00, 0x00, 0x05, 0x00, 0x00, 0x00, 0x06,
    0x00, 0x00, 0x00, 0x0D, 0x00, 0x00, 0x00, 0x0E, 0x00, 0x00, 0x00, 0x0F, 0x00, 0x00, 0x00, 0x10,
    0x00, 0x00, 0x00, 0x02, 0x00, 0x00, 0x00, 0x00, 0x00, 0x00, 0x80, 0x00, 0x00, 0x00, 0x00, 0x00,
    0x40, 0x00, 0x00, 0x00, 0x00, 0x00, 0x00, 0x00, 0x09, 0x00, 0x00, 0x06, 0x00, 0x00, 0x00, 0x00,
    0x08, 0x00, 0xC0, 0x90, 0x02, 0x00, 0x00, 0x01, 0x41, 0x00, 0x00, 0x00, 0x00, 0x00, 0x00, 0x00,
    0x18, 0x00, 0x00, 0x00, 0x00, 0x00, 0x00, 0x00, 0x01, 0x62, 0x00, 0x00, 0x00, 0x00, 0x00, 0x80,
    0x03, 0x00, 0x00, 0x00, 0x00, 0x00, 0x00, 0x00, 0x18, 0x00, 0x00, 0x00, 0x00, 0x00, 0x00, 0x00,
    0x01, 0x62, 0x00, 0x00, 0x00, 0x00, 0x00, 0x80, 0x03, 0x00, 0x00, 0x00, 0x00, 0x00, 0x00, 0x00,
    0x24, 0x80, 0x03, 0x00, 0x00, 0x00, 0x00, 0x00, 0x09, 0x00, 0x03, 0xD8, 0xA0, 0x04, 0x00, 0x40,
    0x1B, 0x00, 0x00, 0x00, 0x00, 0x00, 0x00, 0x00, 0xFF, 0xFF, 0x7F, 0x00, 0x00, 0x00, 0x00, 0x00,
    0xFF, 0xFF, 0xFF, 0xFF, 0xFF, 0xFF, 0xFF, 0xFF, 0x3F, 0x00, 0x00, 0x00, 0x00, 0x00, 0x00, 0x00,
    0x08, 0x00, 0x00, 0x00, 0x00, 0x00, 0x00, 0x00, 0x00, 0x00, 0x00, 0x00, 0x00, 0x00, 0x00, 0x01,
    0x01, 0x00, 0x00, 0x00, 0x00, 0x00, 0x00, 0x00, 0x18, 0x00, 0x00, 0x00, 0x00, 0x00, 0x00, 0x00,
    0x01, 0x62, 0x00, 0x00, 0x00, 0x00, 0x00, 0x80, 0x03, 0x00, 0x00, 0x00, 0x00, 0x00, 0x00, 0x00,
    0x01, 0x00, 0x00, 0x06, 0x00, 0x00, 0x00, 0x00, 0x08, 0x00, 0x40, 0x90, 0x02, 0x00, 0x00, 0x00,
    0x41, 0x00, 0x00, 0x00, 0x00, 0x00, 0x00, 0x00, 0x00, 0x00, 0x00, 0x02, 0x00, 0x00, 0x00, 0x00,
    0x00, 0x00, 0x80, 0x00, 0x00, 0x00, 0x00, 0x00, 0x40, 0x00, 0x00, 0x00, 0x00, 0x00, 0x00, 0x00,
    0x00, 0x00, 0x00, 0x02, 0x00, 0x00, 0x00, 0x00, 0x00, 0x00, 0x80, 0x00, 0x00, 0x00, 0x00, 0x00,
    0x40, 0x00, 0x00, 0x00, 0x00, 0x00, 0x00, 0x00, 0x00, 0x00, 0x00, 0x02, 0x00, 0x00, 0x00, 0x00,
    0x00, 0x00, 0x80, 0x00, 0x00, 0x00, 0x00, 0x00, 0x40, 0x00, 0x00, 0x00, 0x00, 0x00, 0x00, 0x00,
    0x00, 0x00, 0x00, 0x02, 0x00, 0x00, 0x00, 0x00, 0x00, 0x00, 0x80, 0x00, 0x00, 0x00, 0x00, 0x00,
    0x40, 0x00, 0x00, 0x00, 0x00, 0x00, 0x00, 0x00, 0x09, 0x00, 0x00, 0x06, 0x00, 0x00, 0x00, 0x00,
    0x08, 0x00, 0xC0, 0xDC, 0x03, 0x00, 0x00, 0x01, 0x41, 0x00, 0x00, 0x00, 0x00, 0x00, 0x00, 0x00,
    0x09, 0x00, 0x00, 0x06, 0x00, 0x00, 0x00, 0x00, 0x08, 0x00, 0xC0, 0xDC, 0x03, 0x00, 0x00, 0x01,
    0x41, 0x00, 0x00, 0x00, 0x00, 0x00, 0x00, 0x00, 0x10, 0x00, 0x06, 0x00, 0x00, 0x00, 0x00, 0x00,
    0x00, 0x60, 0x00, 0xE0, 0x7F, 0x00, 0x00, 0x00, 0x12, 0x00, 0x00, 0x00, 0x00, 0x00, 0x00, 0x00,
    0xC0, 0x01, 0xFC, 0x03, 0x00, 0x00, 0x00, 0x00, 0xFF, 0xFF, 0xFF, 0xFF, 0xFF, 0xFF, 0xFF, 0xFF,
    0x76, 0x00, 0x00, 0x00, 0x00, 0x00, 0x00, 0x00, 0x00, 0x01, 0x00, 0x01, 0x07, 0x00, 0x00, 0x00,
    0x00, 0x00, 0x00, 0x00, 0x00, 0x00, 0x00, 0x00, 0x00, 0x12, 0x6B, 0x6E, 0x64, 0x32, 0x01, 0x00,
    0x00, 0x00, 0x80, 0x00, 0x00, 0x00, 0x00, 0x00, 0x00, 0x40, 0x00, 0x00, 0x00, 0x00, 0x00, 0x00,
    0x00, 0x10, 0x00, 0x00, 0x00, 0x00, 0x00, 0x00, 0x00, 0x20, 0x00, 0x00, 0x00, 0x00, 0x00, 0x00,
    0x00, 0x00, 0x00, 0x00, 0x00, 0x00, 0x00, 0x00, 0x00, 0x00, 0x00, 0x00, 0x00, 0x00, 0x05, 0xFF,
    0x08, 0xFF, 0xFF, 0x00, 0x00, 0x00, 0x00, 0x11, 0x00, 0x1D, 0x00, 0x00, 0x00, 0x00, 0x00, 0x00,
    0x01, 0x00, 0x00, 0x00, 0x02, 0x00, 0x00, 0x01, 0x00, 0x00, 0x00, 0x02, 0x00, 0x00, 0x00, 0x03,
    0x00, 0x00, 0x00, 0x03, 0x00, 0x00, 0x00, 0x03, 0x00, 0x00, 0x00, 0x04, 0x00, 0x00, 0x00, 0x04,
    0x00, 0x00, 0x00, 0x05, 0x00, 0x00, 0x00, 0x05, 0x00, 0x00, 0x00, 0x05, 0x00, 0x00, 0x00, 0x05,
    0x00, 0x00, 0x00, 0x05, 0x03, 0x00, 0x00, 0x1D, 0x00, 0x00, 0x00, 0x1D, 0x00, 0x00, 0x00, 0x9F,
    0x08, 0x00, 0x80, 0x00, 0x00, 0x00, 0x00, 0xA0, 0x08, 0x00, 0x80, 0x00, 0x00, 0x00, 0x00, 0xA1,
    0x08, 0x00, 0x00, 0x00, 0x00, 0x40, 0x00, 0xA2, 0x08, 0x00, 0x00, 0x00, 0x00, 0x10, 0x00, 0xA3,
    0x08, 0x00, 0x00, 0x00, 0x00, 0x20, 0x00, 0xA4, 0x08, 0x00, 0x80, 0x00, 0x00, 0x00, 0x00, 0xA5,
    0x08, 0x00, 0x80, 0x00, 0x00, 0x00, 0x00, 0xA6, 0x08, 0x00, 0x80, 0x00, 0x00, 0x00, 0x00, 0xA7,
    0x08, 0x00, 0x80, 0x00, 0x00, 0x00, 0x00, 0xA8, 0x08, 0x00, 0x80, 0x00, 0x00, 0x00, 0x00, 0xA9,
    0x08, 0x00, 0x80, 0x00, 0x00, 0x00, 0x00, 0xAA, 0x08, 0x00, 0x80, 0x00, 0x00, 0x00, 0x00, 0xAE,
    0x08, 0x00, 0x80, 0x00, 0x00, 0x00, 0x00, 0xAF, 0x08, 0x00, 0x80, 0x00, 0x00, 0x00, 0x00, 0xB0,
    0x08, 0x00, 0x80, 0x00, 0x00, 0x00, 0x00, 0xB1, 0x08, 0x00, 0x80, 0x00, 0x00, 0x00, 0x00, 0xB2,
    0x08, 0x00, 0x80, 0x00, 0x00, 0x00, 0x00, 0xB3, 0x08, 0x00, 0x80, 0x00, 0x00, 0x00, 0x00, 0xB4,
    0x08, 0x00, 0x80, 0x00, 0x00, 0x00, 0x00, 0xB5, 0x08, 0x00, 0x80, 0x00, 0x00, 0x00, 0x00, 0xB6,
    0x08, 0x00, 0x80, 0x00, 0x00, 0x00, 0x00, 0xB7, 0x08, 0x00, 0x80, 0x00, 0x00, 0x00, 0x00, 0xB8,
    0x08, 0x00, 0x80, 0x00, 0x00, 0x00, 0x00, 0xB9, 0x08, 0x00, 0x80, 0x00, 0x00, 0x00, 0x00, 0xBA,
    0x08, 0x00, 0x80, 0x00, 0x00, 0x00, 0x00, 0xBC, 0x08, 0x00, 0x80, 0x00, 0x00, 0x00, 0x00, 0xBD,
    0x08, 0x00, 0x80, 0x00, 0x00, 0x00, 0x00, 0xBE, 0x08, 0x00, 0x80, 0x00, 0x00, 0x00, 0x00, 0xBF,
    0x08, 0x00, 0x80, 0x00, 0x00, 0x00, 0x00, 0x01, 0x00, 0x07, 0x00, 0x07, 0x00, 0x00, 0x00, 0x04,
    0x03, 0x00, 0x80, 0x00, 0x00, 0x00, 0x00, 0x05, 0x03, 0x00, 0x80, 0x00, 0x00, 0x00, 0x00, 0x06,
    0x03, 0x00, 0x80, 0x00, 0x00, 0x00, 0x00, 0x07, 0x03, 0x00, 0x80, 0x00, 0x00, 0x00, 0x00, 0x08,
    0x00, 0x00, 0x80, 0x00, 0x00, 0x00, 0x00, 0x09, 0x03, 0x00, 0x80, 0x00, 0x00, 0x00, 0x00, 0x0A,
    0x03, 0x00, 0x80, 0x00, 0x00, 0x00, 0x00, 0x00, 0x00, 0x01, 0x00, 0x02, 0x00, 0x0E, 0x00, 0x00,
    0x00, 0x00, 0x00, 0xF0, 0x01, 0x0C, 0x00, 0x02, 0x00, 0x25, 0x00, 0x02, 0x00, 0x02, 0x00, 0x01,
    0x00, 0x03, 0x00, 0x03, 0x00, 0x03, 0x00, 0x05, 0x00, 0x05, 0x00, 0x03, 0x00, 0x07, 0x00, 0x37,
    0x00, 0x01, 0x00, 0x38, 0x00, 0x38, 0x00, 0x03, 0x00, 0x3A, 0x00, 0x3E, 0x00, 0x03, 0x00, 0x41,
    0x00, 0x41, 0x00, 0x03, 0x00, 0x43, 0x00, 0x46, 0x00, 0x03, 0x00, 0x48, 0x00, 0x48, 0x00, 0x03,
    0x00, 0x4A, 0x00, 0x5A, 0x00, 0x01, 0x00, 0x5D, 0x00, 0x5D, 0x00, 0x03, 0x00, 0x5E, 0x00, 0x5F,
    0x00, 0x01, 0x00, 0x60, 0x00, 0x85, 0x00, 0x03, 0x00, 0x86, 0x00, 0xBD, 0x00, 0x01, 0x00, 0xBE,
    0x00, 0xBE, 0x00, 0x03, 0x00, 0xBF, 0x01, 0x11, 0x00, 0x01, 0x01, 0x12, 0x01, 0x19, 0x00, 0x03,
    0x01, 0x1A, 0x01, 0x26, 0x00, 0x01, 0x01, 0x27, 0x01, 0x30, 0x00, 0x03, 0x01, 0x35, 0x01, 0x35,
    0x00, 0x01, 0x01, 0x36, 0x01, 0x5B, 0x00, 0x03, 0x01, 0x5C, 0x01, 0x60, 0x00, 0x01, 0x01, 0x61,
    0x01, 0x6A, 0x00, 0x03, 0x01, 0x6B, 0x01, 0x7D, 0x00, 0x01, 0x01, 0x7E, 0x01, 0x7E, 0x00, 0x03,
    0x01, 0x7F, 0x01, 0x82, 0x00, 0x01, 0x01, 0x83, 0x01, 0x83, 0x00, 0x03, 0x01, 0x84, 0x01, 0x85,
    0x00, 0x01, 0x01, 0x86, 0x01, 0x87, 0x00, 0x03, 0x01, 0x88, 0x01, 0x8F, 0x00, 0x01, 0x01, 0x90,
    0x01, 0x90, 0x00, 0x03, 0x01, 0x91, 0x01, 0x95, 0x00, 0x01, 0x01, 0x96, 0x01, 0x97, 0x00, 0x03,
    0x01, 0x9A, 0x01, 0x9C, 0x00, 0x03, 0x01, 0x9E, 0x01, 0xA1, 0x00, 0x03, 0x01, 0xA3, 0x01, 0xA3,
    0x00, 0x03, 0x01, 0xA4, 0x01, 0xA4, 0x00, 0x01, 0x00, 0x02, 0x00, 0x04, 0x00, 0x3A, 0x00, 0x3E,
    0x00, 0x01, 0x00, 0x41, 0x00, 0x46, 0x00, 0x01, 0x00, 0x48, 0x00, 0x48, 0x00, 0x01, 0x01, 0x12,
    0x01, 0x19, 0x00, 0x01, 0x00, 0x01, 0x00, 0x04, 0x00, 0x00, 0x00, 0x14, 0x00, 0x00, 0x00, 0x1C,
    0x00, 0x00, 0x00, 0x44, 0x00, 0x00, 0x00, 0x66, 0x00, 0x01, 0x00, 0x02, 0x00, 0x38, 0x01, 0xA3,
    0x00, 0x02, 0x00, 0x06, 0x00, 0x4D, 0x00, 0x4E, 0x00, 0x00, 0x00, 0x60, 0x00, 0x85, 0x00, 0x02,
    0x01, 0x1D, 0x01, 0x1D, 0x00, 0x28, 0x01, 0x20, 0x01, 0x22, 0x00, 0x29, 0x01, 0x25, 0x01, 0x5B,
    0x00, 0x2C, 0x01, 0x61, 0x01, 0x6F, 0x00, 0x63, 0x00, 0x02, 0x00, 0x05, 0x00, 0x3A, 0x00, 0x3E,
    0x00, 0x00, 0x00, 0x41, 0x00, 0x46, 0x00, 0x05, 0x00, 0x48, 0x00, 0x48, 0x00, 0x0B, 0x00, 0x60,
    0x00, 0x85, 0x00, 0x0C, 0x01, 0x12, 0x01, 0x19, 0x00, 0x32, 0x00, 0x02, 0x00, 0x0F, 0x00, 0x05,
    0x00, 0x05, 0x00, 0x00, 0x00, 0x3A, 0x00, 0x3E, 0x00, 0x01, 0x00, 0x46, 0x00, 0x46, 0x00, 0x06,
    0x00, 0x48, 0x00, 0x48, 0x00, 0x07, 0x00, 0x5D, 0x00, 0x5D, 0x00, 0x08, 0x00, 0x60, 0x00, 0x85,
    0x00, 0x09, 0x00, 0xBE, 0x00, 0xBE, 0x00, 0x2F, 0x01, 0x12, 0x01, 0x19, 0x00, 0x30, 0x01, 0x27,
    0x01, 0x30, 0x00, 0x38, 0x01, 0x36, 0x01, 0x5B, 0x00, 0x42, 0x01, 0x61, 0x01, 0x6A, 0x00, 0x68,
    0x01, 0x7E, 0x01, 0x7E, 0x00, 0x72, 0x01, 0x83, 0x01, 0x83, 0x00, 0x73, 0x01, 0x86, 0x01, 0x87,
    0x00, 0x74, 0x01, 0x90, 0x01, 0x90, 0x00, 0x76, 0x00, 0x01, 0x00, 0x00, 0x00, 0x0A, 0x00, 0x36,
    0x00, 0x1E, 0x00, 0x03, 0x44, 0x46, 0x4C, 0x54, 0x00, 0x52, 0x6B, 0x6E, 0x64, 0x32, 0x00, 0x56,
    0x6B, 0x6E, 0x64, 0x61, 0x00, 0x5A, 0x00, 0x0B, 0x00, 0x4A, 0x00, 0x52, 0x00, 0x5A, 0x00, 0x62,
    0x00, 0x92, 0x00, 0x6A, 0x00, 0x9C, 0x00, 0x72, 0x00, 0x7A, 0x00, 0x82, 0x00, 0x8A, 0x00, 0x06,
    0x61, 0x62, 0x76, 0x6D, 0x00, 0x98, 0x63, 0x75, 0x72, 0x73, 0x00, 0xAA, 0x64, 0x69, 0x73, 0x74,
    0x00, 0x9E, 0x64, 0x69, 0x73, 0x74, 0x00, 0xBA, 0x64, 0x69, 0x73, 0x74, 0x00, 0xB2, 0x6D, 0x61,
    0x72, 0x6B, 0x00, 0xA4, 0x00, 0xA6, 0x00, 0x00, 0x00, 0xB0, 0x00, 0x00, 0x00, 0x96, 0x00, 0x00,
    0x00, 0x01, 0x00, 0x00, 0x00, 0x01, 0x00, 0xB6, 0x00, 0x01, 0x00, 0x00, 0x00, 0x01, 0x00, 0xF2,
    0x00, 0x01, 0x00, 0x00, 0x00, 0x01, 0x00, 0xC6, 0x00, 0x01, 0x00, 0x00, 0x00, 0x01, 0x00, 0xD0,
    0x00, 0x02, 0x00, 0x00, 0x00, 0x01, 0x01, 0xCC, 0x00, 0x04, 0x00, 0x00, 0x00, 0x01, 0x00, 0x96,
    0x00, 0x04, 0x00, 0x00, 0x00, 0x01, 0x00, 0x9A, 0x00, 0x03, 0x00, 0x08, 0x00, 0x01, 0x01, 0x7E,
    0x00, 0x03, 0x00, 0x09, 0x00, 0x01, 0x03, 0x64, 0x00, 0x02, 0x00, 0x10, 0x00, 0x01, 0x01, 0x4C,
    0x00, 0x03, 0x00, 0x08, 0x00, 0x00, 0x00, 0x07, 0x00, 0xBE, 0x01, 0x2C, 0x00, 0xD0, 0x00, 0xE2,
    0x01, 0x18, 0x00, 0xF4, 0x01, 0x06, 0x00, 0x00, 0x00, 0x01, 0x00, 0x07, 0x00, 0x00, 0x00, 0x01,
    0x00, 0x06, 0x00, 0x00, 0x00, 0x01, 0x00, 0x08, 0x00, 0x00, 0x00, 0x02, 0x00, 0x09, 0x00, 0x0A,
    0x00, 0x00, 0x00, 0x02, 0x00, 0x04, 0x00, 0x05, 0x00, 0x00, 0x00, 0x03, 0x00, 0x04, 0x00, 0x05,
    0x00, 0x06, 0x00, 0x00, 0xFF, 0xFF, 0x00, 0x01, 0x00, 0x04, 0x00, 0x00, 0xFF, 0xFF, 0x00, 0x04,
    0x00, 0x00, 0x00, 0x01, 0x00, 0x02, 0x00, 0x05, 0x00, 0x00, 0xFF, 0xFF, 0x00, 0x04, 0x00, 0x00,
    0x00, 0x01, 0x00, 0x03, 0x00, 0x05, 0x00, 0x01, 0x05, 0x30, 0x00, 0x02, 0xFF, 0x9B, 0x00, 0x01,
    0x05, 0x4C, 0x06, 0x2E, 0x00, 0x01, 0x05, 0xE8, 0x08, 0x34, 0x00, 0x01, 0x05, 0x40, 0x05, 0x26,
    0x00, 0x01, 0x05, 0xDC, 0x05, 0x22, 0x00, 0x02, 0x05, 0x20, 0x00, 0x04, 0x00, 0x05, 0x00, 0xA0,
    0x00, 0xA0, 0x00, 0xA0, 0x00, 0xAA, 0x00, 0xAA, 0x00, 0x02, 0x05, 0x0E, 0x00, 0x01, 0x00, 0x05,
    0x00, 0xA0, 0x00, 0xA0, 0x00, 0xA0, 0x00, 0xAA, 0x00, 0xAA, 0x00, 0x02, 0x05, 0x2A, 0x00, 0x02,
    0x00, 0x07, 0x00, 0xEB, 0xFF, 0x9E, 0x00, 0xEB, 0xFE, 0x3E, 0x00, 0xEB, 0x00, 0xEB, 0x00, 0xEB,
    0x00, 0x03, 0x00, 0x01, 0x06, 0x3C, 0x00, 0x01, 0x04, 0xF4, 0x00, 0x00, 0x00, 0x01, 0x00, 0x00,
    0x00, 0x01, 0x00, 0x03, 0x00, 0x01, 0x05, 0x5A, 0x00, 0x01, 0x05, 0x4C, 0x00, 0x00, 0x00, 0x01,
    0x00, 0x00, 0x00, 0x01, 0x00, 0x03, 0x00, 0x01, 0x05, 0x48, 0x00, 0x01, 0x04, 0xB2, 0x00, 0x00,
    0x00, 0x01, 0x00, 0x00, 0x00, 0x01, 0x00, 0x03, 0x00, 0x00, 0x00, 0x01, 0x04, 0xA0, 0x00, 0x01,
    0x04, 0xF0, 0x00, 0x01, 0x00, 0x00, 0x00, 0x00, 0x00, 0x03, 0x00, 0x00, 0x00, 0x01, 0x04, 0x8E,
    0x00, 0x01, 0x05, 0x34, 0x00, 0x01, 0x00, 0x00, 0x00, 0x00, 0x00, 0x03, 0x00, 0x00, 0x00, 0x01,
    0x04, 0x7C, 0x00, 0x02, 0x04, 0xD6, 0x05, 0x22, 0x00, 0x01, 0x00, 0x00, 0x00, 0x00, 0x00, 0x03,
    0x00, 0x01, 0x04, 0x86, 0x00, 0x01, 0x04, 0x78, 0x00, 0x00, 0x00, 0x02, 0x00, 0x00, 0x00, 0x03,
    0x00, 0x00, 0x00, 0x02, 0x00, 0x01, 0x05, 0x8C, 0x00, 0x04, 0x00, 0x00, 0x00, 0x0C, 0x05, 0x08,
    0x05, 0x08, 0x05, 0x08, 0x04, 0xB6, 0x05, 0xF8, 0x04, 0xBC, 0x04, 0xC2, 0x04, 0xC8, 0x04, 0xC8,
    0x04, 0xC8, 0x04, 0xCE, 0x04, 0xD4, 0x00, 0x01, 0x05, 0x86, 0x00, 0x0C, 0x00, 0x00, 0x05, 0x30,
    0x00, 0x00, 0x05, 0x30, 0x00, 0x00, 0x05, 0x24, 0x00, 0x00, 0x05, 0x1E, 0x00, 0x00, 0x05, 0x1E,
    0x00, 0x00, 0x05, 0x24, 0x00, 0x00, 0x05, 0x24, 0x00, 0x00, 0x05, 0x2A, 0x00, 0x00, 0x05, 0x2A,
    0x00, 0x00, 0x05, 0x2A, 0x00, 0x00, 0x05, 0x2A, 0x00, 0x00, 0x05, 0x2A, 0x00, 0x01, 0x0F, 0x38,
    0x00, 0x04, 0x00, 0x00, 0x00, 0xD7, 0x06, 0x80, 0x06, 0x74, 0x06, 0x8C, 0x06, 0x38, 0x06, 0x20,
    0x06, 0x98, 0x06, 0x8C, 0x06, 0x98, 0x06, 0x20, 0x06, 0x2C, 0x06, 0x1A, 0x06, 0x1A, 0x06, 0x20,
    0x06, 0x92, 0x09, 0x3A, 0x08, 0xF6, 0x06, 0x80, 0x08, 0xE8, 0x08, 0xBE, 0x06, 0x26, 0x06, 0x2C,
    0x09, 0x28, 0x06, 0xAA, 0x09, 0x7C, 0x06, 0x98, 0x06, 0x98, 0x06, 0x32, 0x09, 0x04, 0x06, 0x38,
    0x06, 0x98, 0x0D, 0xAC, 0x06, 0x98, 0x06, 0x3E, 0x0E, 0x72, 0x06, 0x98, 0x08, 0xCC, 0x06, 0x44,
    0x0C, 0x3C, 0x09, 0x16, 0x06, 0x50, 0x06, 0x4A, 0x06, 0x50, 0x06, 0x50, 0x06, 0x50, 0x06, 0x50,
    0x06, 0x50, 0x06, 0x50, 0x06, 0x50, 0x06, 0x50, 0x06, 0x4A, 0x06, 0x50, 0x06, 0x50, 0x06, 0x50,
    0x06, 0x50, 0x06, 0x50, 0x06, 0x50, 0x06, 0x50, 0x06, 0x50, 0x06, 0x50, 0x06, 0x50, 0x06, 0x50,
    0x06, 0x50, 0x06, 0xB6, 0x06, 0xC0, 0x06, 0xCA, 0x06, 0x50, 0x06, 0x50, 0x06, 0x50, 0x06, 0x50,
    0x06, 0x50, 0x06, 0x50, 0x06, 0x50, 0x06, 0x50, 0x06, 0x50, 0x06, 0x50, 0x06, 0x50, 0x06, 0xD4,
    0x06, 0x56, 0x06, 0x5C, 0x06, 0x62, 0x06, 0xDE, 0x06, 0x68, 0x06, 0x6E, 0x0C, 0xEA, 0x0C, 0xEA,
    0x0C, 0xEA, 0x0C, 0xEA, 0x0C, 0xEA, 0x0C, 0xEA, 0x0C, 0xEA, 0x0C, 0xEA, 0x0C, 0xEA, 0x0C, 0xEA,
    0x0C, 0xEA, 0x0C, 0xEA, 0x0C, 0xEA, 0x0C, 0xEA, 0x0C, 0xEA, 0x0C, 0xEA, 0x0C, 0xEA, 0x0C, 0xEA,
    0x0C, 0xEA, 0x0C, 0xEA, 0x0C, 0xEA, 0x0C, 0xEA, 0x0C, 0xEA, 0x0C, 0xEA, 0x0C, 0xEA, 0x0C, 0xEA,
    0x0C, 0xEA, 0x0C, 0xEA, 0x0C, 0xEA, 0x0C, 0xEA, 0x0C, 0xEA, 0x0C, 0xEA, 0x0C, 0xEA, 0x0C, 0xEA,
    0x0C, 0xEA, 0x0C, 0xEA, 0x0C, 0xEA, 0x0C, 0xEA, 0x06, 0x92, 0x06, 0x8C, 0x06, 0x8C, 0x06, 0x8C,
    0x08, 0xDA, 0x06, 0x74, 0x08, 0xE8, 0x06, 0x7A, 0x06, 0x8C, 0x06, 0x8C, 0x06, 0x8C, 0x06, 0x7A,
    0x06, 0x92, 0x09, 0x50, 0x06, 0x8C, 0x06, 0xE8, 0x06, 0x80, 0x06, 0x9E, 0x09, 0x96, 0x06, 0x86,
    0x06, 0x86, 0x06, 0x98, 0x06, 0x98, 0x06, 0x8C, 0x06, 0x92, 0x06, 0x98, 0x06, 0x9E, 0x06, 0x9E,
    0x06, 0xA4, 0x08, 0xF6, 0x06, 0xF2, 0x09, 0x28, 0x06, 0xAA, 0x09, 0x7C, 0x06, 0xFC, 0x09, 0xB4,
    0x09, 0xB4, 0x06, 0xB0, 0x09, 0x66, 0x09, 0x66, 0x09, 0x66, 0x09, 0x66, 0x09, 0x66, 0x09, 0x66,
    0x09, 0x66, 0x09, 0x66, 0x09, 0x66, 0x09, 0x66, 0x09, 0x66, 0x09, 0x66, 0x09, 0x66, 0x09, 0x66,
    0x09, 0x66, 0x09, 0x66, 0x09, 0x66, 0x09, 0x66, 0x09, 0x66, 0x09, 0x66, 0x09, 0x66, 0x09, 0x66,
    0x09, 0x66, 0x09, 0x66, 0x09, 0x66, 0x09, 0x66, 0x09, 0x66, 0x09, 0x66, 0x09, 0x66, 0x09, 0x66,
    0x09, 0x66, 0x09, 0x66, 0x09, 0x66, 0x09, 0x66, 0x09, 0x66, 0x09, 0x66, 0x09, 0x66, 0x09, 0x66,
    0x09, 0x66, 0x09, 0x66, 0x09, 0x66, 0x09, 0x66, 0x09, 0x66, 0x09, 0x66, 0x09, 0x66, 0x09, 0x66,
    0x09, 0x66, 0x09, 0x66, 0x09, 0x66, 0x09, 0x66, 0x09, 0x66, 0x09, 0x66, 0x09, 0x66, 0x09, 0x66,
    0x09, 0x66, 0x09, 0x66, 0x00, 0x01, 0x0A, 0x62, 0x00, 0x8F, 0x00, 0x00, 0x08, 0x22, 0x00, 0x00,
    0x08, 0x64, 0x00, 0x00, 0x08, 0x28, 0x00, 0x00, 0x09, 0xD8, 0x00, 0x00, 0x08, 0x94, 0x00, 0x00,
    0x08, 0x5E, 0x00, 0x00, 0x08, 0x64, 0x00, 0x00, 0x08, 0x94, 0x00, 0x00, 0x08, 0x2E, 0x00, 0x00,
    0x08, 0x34, 0x00, 0x00, 0x08, 0x3A, 0x00, 0x00, 0x08, 0x40, 0x00, 0x00, 0x08, 0x46, 0x00, 0x00,
    0x08, 0x46, 0x00, 0x00, 0x08, 0x4C, 0x00, 0x00, 0x08, 0x52, 0x00, 0x00, 0x08, 0x58, 0x00, 0x00,
    0x08, 0x58, 0x00, 0x00, 0x08, 0x58, 0x00, 0x00, 0x08, 0x5E, 0x00, 0x00, 0x03, 0x42, 0x00, 0x00,
    0x03, 0x42, 0x00, 0x00, 0x08, 0x64, 0x00, 0x00, 0x08, 0x64, 0x00, 0x00, 0x08, 0xCA, 0x00, 0x00,
    0x08, 0xD0, 0x00, 0x00, 0x08, 0x8E, 0x00, 0x00, 0x08, 0x6A, 0x00, 0x00, 0x08, 0x70, 0x00, 0x00,
    0x08, 0x76, 0x00, 0x00, 0x08, 0x7C, 0x00, 0x00, 0x08, 0x82, 0x00, 0x00, 0x03, 0x42, 0x00, 0x00,
    0x08, 0x88, 0x00, 0x00, 0x08, 0x8E, 0x00, 0x00, 0x08, 0x94, 0x00, 0x00, 0x03, 0x42, 0x00, 0x00,
    0x08, 0x9A, 0x00, 0x00, 0x08, 0xA0, 0x00, 0x00, 0x08, 0xA6, 0x00, 0x00, 0x08, 0xAC, 0x00, 0x00,
    0x08, 0xB2, 0x00, 0x00, 0x08, 0xB8, 0x00, 0x00, 0x08, 0xBE, 0x00, 0x00, 0x08, 0xC4, 0x00, 0x00,
    0x08, 0xCA, 0x00, 0x00, 0x08, 0xD0, 0x09, 0x9C, 0x08, 0xD6, 0x09, 0x9C, 0x08, 0xDC, 0x09, 0x9C,
    0x08, 0xE2, 0x09, 0x9C, 0x08, 0xE8, 0x09, 0x9C, 0x08, 0xF4, 0x09, 0x9C, 0x08, 0xEE, 0x09, 0x9C,
    0x09, 0x7E, 0x09, 0x9C, 0x08, 0xF4, 0x09, 0x9C, 0x08, 0xFA, 0x09, 0x9C, 0x09, 0x00, 0x09, 0x9C,
    0x09, 0x06, 0x09, 0x9C, 0x09, 0xCC, 0x09, 0x9C, 0x09, 0x0C, 0x09, 0x9C, 0x09, 0x12, 0x09, 0x9C,
    0x09, 0x18, 0x09, 0x9C, 0x09, 0x1E, 0x09, 0x9C, 0x09, 0x2A, 0x09, 0x9C, 0x09, 0x24, 0x09, 0x9C,
    0x09, 0x2A, 0x09, 0x9C, 0x09, 0x2A, 0x09, 0x9C, 0x09, 0x30, 0x09, 0x9C, 0x09, 0x7E, 0x09, 0x9C,
    0x09, 0x36, 0x09, 0x9C, 0x09, 0x3C, 0x09, 0x9C, 0x09, 0x42, 0x09, 0x9C, 0x09, 0x48, 0x09, 0x9C,
    0x09, 0x4E, 0x09, 0x9C, 0x09, 0x54, 0x09, 0x9C, 0x09, 0x5A, 0x09, 0x9C, 0x09, 0x60, 0x09, 0x9C,
    0x09, 0x66, 0x09, 0x9C, 0x09, 0x6C, 0x09, 0x9C, 0x09, 0x7E, 0x09, 0x9C, 0x09, 0x72, 0x09, 0x9C,
    0x09, 0x78, 0x09, 0x9C, 0x09, 0x7E, 0x09, 0x9C, 0x09, 0x84, 0x09, 0x9C, 0x09, 0x8A, 0x09, 0x9C,
    0x00, 0x00, 0x09, 0x9C, 0x00, 0x00, 0x09, 0x9C, 0x00, 0x00, 0x09, 0x9C, 0x09, 0x90, 0x09, 0x9C,
    0x09, 0x96, 0x09, 0x9C, 0x00, 0x00, 0x09, 0x9C, 0x00, 0x00, 0x09, 0x9C, 0x00, 0x00, 0x09, 0x9C,
    0x00, 0x00, 0x09, 0x9C, 0x00, 0x00, 0x09, 0x9C, 0x00, 0x00, 0x09, 0x9C, 0x00, 0x00, 0x09, 0x9C,
    0x00, 0x00, 0x09, 0x9C, 0x00, 0x00, 0x09, 0x9C, 0x00, 0x00, 0x09, 0x9C, 0x00, 0x00, 0x09, 0x9C,
    0x00, 0x00, 0x09, 0x9C, 0x00, 0x00, 0x09, 0x9C, 0x00, 0x00, 0x09, 0x9C, 0x00, 0x00, 0x00, 0x00,
    0x09, 0xA2, 0x00, 0x00, 0x0A, 0x1A, 0x00, 0x00, 0x09, 0xA8, 0x00, 0x00, 0x09, 0xAE, 0x00, 0x00,
    0x09, 0xC0, 0x00, 0x00, 0x09, 0xB4, 0x00, 0x00, 0x09, 0xBA, 0x00, 0x00, 0x09, 0xC0, 0x00, 0x00,
    0x09, 0xC6, 0x00, 0x00, 0x09, 0xCC, 0x00, 0x00, 0x09, 0xD2, 0x00, 0x00, 0x09, 0xD8, 0x00, 0x00,
    0x09, 0xDE, 0x00, 0x00, 0x09, 0xE4, 0x00, 0x00, 0x09, 0xEA, 0x00, 0x00, 0x09, 0xF0, 0x00, 0x00,
    0x09, 0xFC, 0x00, 0x00, 0x09, 0xF6, 0x00, 0x00, 0x09, 0xFC, 0x00, 0x00, 0x0A, 0x02, 0x00, 0x00,
    0x0A, 0x08, 0x00, 0x00, 0x0A, 0x08, 0x00, 0x00, 0x0A, 0x0E, 0x00, 0x00, 0x0A, 0x14, 0x00, 0x00,
    0x0A, 0x1A, 0x00, 0x00, 0x0A, 0x2C, 0x00, 0x00, 0x0A, 0x20, 0x00, 0x00, 0x0A, 0x26, 0x00, 0x00,
    0x0A, 0x2C, 0x00, 0x00, 0x0A, 0x32, 0x00, 0x00, 0x0A, 0x44, 0x00, 0x00, 0x0A, 0x38, 0x00, 0x00,
    0x0A, 0x3E, 0x00, 0x00, 0x0A, 0x44, 0x00, 0x00, 0x0A, 0x4A, 0x00, 0x00, 0x0A, 0x50, 0x00, 0x00,
    0x0A, 0x56, 0x00, 0x00, 0x0A, 0x5C, 0x00, 0x01, 0x00, 0x01, 0x01, 0x97, 0x00, 0x01, 0x0C, 0x1A,
    0x00, 0x01, 0x00, 0x01, 0x01, 0xA4, 0x00, 0x01, 0x00, 0x05, 0x00, 0x3F, 0x00, 0x40, 0x00, 0x49,
    0x00, 0x4D, 0x00, 0x4E, 0x00, 0x01, 0x00, 0x01, 0x00, 0x38, 0x00, 0x01, 0x00, 0x0B, 0x00, 0x03,
    0x00, 0x38, 0x01, 0x96, 0x01, 0x97, 0x01, 0x9A, 0x01, 0x9B, 0x01, 0x9C, 0x01, 0x9E, 0x01, 0x9F,
    0x01, 0xA0, 0x01, 0xA1, 0x00, 0x01, 0x00, 0x07, 0x00, 0x03, 0x00, 0x38, 0x01, 0x96, 0x01, 0x97,
    0x01, 0x9C, 0x01, 0x9F, 0x01, 0xA1, 0x00, 0x02, 0x00, 0x01, 0x01, 0x27, 0x01, 0x2E, 0x00, 0x00,
    0x00, 0x02, 0x00, 0x01, 0x00, 0x01, 0x01, 0xA4, 0x00, 0x00, 0x00, 0x01, 0x00, 0x04, 0xFF, 0xC5,
    0x00, 0x01, 0x00, 0x3F, 0x00, 0x84, 0x00, 0x01, 0x00, 0x3F, 0x00, 0xA1, 0x00, 0x01, 0x00, 0x49,
    0x00, 0x05, 0x00, 0x01, 0x00, 0x49, 0x00, 0x84, 0x00, 0x01, 0x00, 0x49, 0x00, 0xA1, 0x00, 0x01,
    0x00, 0x05, 0x00, 0x03, 0x01, 0x96, 0x01, 0x9C, 0x01, 0x9F, 0x01, 0xA1, 0x00, 0x02, 0x00, 0x02,
    0x01, 0x36, 0x01, 0x5B, 0x00, 0x00, 0x01, 0x61, 0x01, 0x6A, 0x00, 0x26, 0x00, 0x01, 0x00, 0x06,
    0x01, 0x45, 0x01, 0x50, 0x01, 0x69, 0x01, 0x6B, 0x01, 0x6D, 0x01, 0x6F, 0x00, 0x02, 0x00, 0x3F,
    0x00, 0x0F, 0x00, 0x40, 0x00, 0x0F, 0x00, 0x0B, 0x00, 0x00, 0x0B, 0x78, 0x00, 0x00, 0x0B, 0x66,
    0x00, 0x00, 0x0B, 0x72, 0x00, 0x00, 0x0B, 0x6C, 0x00, 0x00, 0x0B, 0x72, 0x00, 0x00, 0x0B, 0x72,
    0x00, 0x00, 0x0B, 0x72, 0x00, 0x00, 0x0B, 0x78, 0x00, 0x00, 0x0B, 0x78, 0x00, 0x00, 0x0B, 0x78,
    0x00, 0x00, 0x0B, 0x78, 0x00, 0x01, 0x02, 0x7A, 0xFF, 0x70, 0x00, 0x01, 0x02, 0x72, 0xFF, 0x3D,
    0x00, 0x01, 0x02, 0xC8, 0xFF, 0x3D, 0x00, 0x01, 0x00, 0xA9, 0xFF, 0x3D, 0x00, 0x02, 0x00, 0x08,
    0x00, 0x02, 0x00, 0x02, 0x00, 0x00, 0x00, 0x07, 0x00, 0x37, 0x00, 0x01, 0x00, 0x4A, 0x00, 0x4C,
    0x00, 0x32, 0x00, 0x4F, 0x00, 0x5A, 0x00, 0x35, 0x00, 0x5E, 0x00, 0x5F, 0x00, 0x41, 0x00, 0x86,
    0x00, 0xBD, 0x00, 0x43, 0x00, 0xBF, 0x01, 0x11, 0x00, 0x7B, 0x01, 0x1A, 0x01, 0x26, 0x00, 0xCE,
    0x00, 0x01, 0x00, 0x0C, 0x00, 0x25, 0x00, 0x27, 0x00, 0x2A, 0x00, 0x5B, 0x00, 0x5C, 0x00, 0x5E,
    0x00, 0x5F, 0x00, 0xFE, 0x01, 0x00, 0x01, 0x03, 0x01, 0x10, 0x01, 0x11, 0x00, 0x02, 0x00, 0x02,
    0x00, 0x4D, 0x00, 0x4E, 0x00, 0x00, 0x01, 0x1D, 0x01, 0x26, 0x00, 0x02, 0x00, 0x01, 0x00, 0x1E,
    0x00, 0x18, 0x00, 0x1B, 0x00, 0x22, 0x00, 0x25, 0x00, 0x27, 0x00, 0x2C, 0x00, 0x89, 0x00, 0x8B,
    0x00, 0x91, 0x00, 0x94, 0x00, 0x96, 0x00, 0x9B, 0x00, 0xAB, 0x00, 0xAE, 0x00, 0xB5, 0x00, 0xB8,
    0x00, 0xBA, 0x00, 0xBF, 0x00, 0xD1, 0x00, 0xD3, 0x00, 0xD9, 0x00, 0xDC, 0x00, 0xDE, 0x00, 0xE3,
    0x00, 0xF3, 0x00, 0xF5, 0x00, 0xFB, 0x00, 0xFE, 0x01, 0x00, 0x01, 0x05, 0x00, 0x1E, 0x00, 0x0B,
    0xFF, 0xEC, 0x00, 0x0C, 0xFF, 0xEC, 0x00, 0x0F, 0xFF, 0xB0, 0x00, 0x10, 0xFF, 0xE2, 0x00, 0x16,
    0xFF, 0xCE, 0x00, 0x1B, 0xFF, 0xD8, 0x00, 0x2E, 0xFF, 0xE2, 0x00, 0x30, 0xFF, 0xE2, 0x00, 0x31,
    0xFF, 0xEC, 0x00, 0xCE, 0xFF, 0xE2, 0x00, 0xCF, 0xFF, 0xE2, 0x00, 0xD1, 0xFF, 0xBA, 0x00, 0xD3,
    0xFF, 0xE2, 0x00, 0xD5, 0xFF, 0xF6, 0x00, 0xD6, 0xFF, 0xEC, 0x00, 0xD8, 0xFF, 0xEC, 0x00, 0xD9,
    0xFF, 0xEC, 0x00, 0xDB, 0xFF, 0xE2, 0x00, 0xDC, 0xFF, 0xF6, 0x00, 0xDD, 0xFF, 0xF6, 0x00, 0xDE,
    0xFF, 0xF6, 0x00, 0xDF, 0xFF, 0xC4, 0x00, 0xE0, 0xFF, 0xBA, 0x00, 0xE1, 0xFF, 0xBA, 0x00, 0xE4,
    0xFF, 0xBA, 0x00, 0xE5, 0xFF, 0xEC, 0x00, 0xE7, 0xFF, 0xF1, 0x00, 0xE9, 0xFF, 0xBA, 0x00, 0xEB,
    0xFF, 0xBA, 0x00, 0xEC, 0xFF, 0xCE, 0x00, 0x01, 0x00, 0x5D, 0xFF, 0x7E, 0x00, 0x01, 0x00, 0x5D,
    0xFF, 0xBA, 0x00, 0x01, 0x00, 0x5D, 0xFF, 0xF6, 0x00, 0x01, 0x00, 0x5D, 0xFF, 0xC4, 0x00, 0x01,
    0x00, 0x5D, 0xFF, 0xAB, 0x00, 0x01, 0x00, 0x5D, 0xFF, 0xB0, 0x00, 0x01, 0x00, 0x5D, 0xFF, 0xBF,
    0x00, 0x01, 0x00, 0x05, 0xFF, 0xF6, 0x00, 0x01, 0x00, 0x48, 0xFF, 0xF1, 0x00, 0x01, 0x00, 0x48,
    0xFF, 0xD4, 0x00, 0x01, 0x00, 0x46, 0x00, 0x0A, 0x00, 0x01, 0x00, 0x46, 0xFF, 0xEC, 0x00, 0x01,
    0x00, 0x46, 0x00, 0x0F, 0x00, 0x01, 0x00, 0x3A, 0xFF, 0xFC, 0x00, 0x01, 0x00, 0x46, 0xFF, 0xF1,
    0x00, 0x01, 0x00, 0x5D, 0xFF, 0xEC, 0x00, 0x01, 0x00, 0x5D, 0x00, 0x0A, 0x00, 0x01, 0x00, 0x5D,
    0xFF, 0xCE, 0x00, 0x01, 0x00, 0x5D, 0xFF, 0xE7, 0x00, 0x01, 0x00, 0x5D, 0xFF, 0xE2, 0x00, 0x01,
    0x00, 0x5D, 0xFF, 0xD8, 0x00, 0x01, 0x00, 0x5D, 0xFF, 0xA6, 0x00, 0x01, 0x00, 0x5D, 0xFF, 0x9C,
    0x00, 0x01, 0x00, 0x5D, 0xFF, 0x74, 0x00, 0x01, 0x00, 0x7E, 0x00, 0x31, 0x00, 0x01, 0x01, 0x4F,
    0x00, 0x32, 0x00, 0x02, 0x00, 0x04, 0xFF, 0xC1, 0x00, 0x48, 0xFF, 0xD4, 0x00, 0x02, 0x00, 0x04,
    0xFF, 0xEC, 0x00, 0x48, 0xFF, 0xD4, 0x00, 0x02, 0x00, 0x04, 0xFF, 0xED, 0x00, 0x48, 0xFF, 0xD4,
    0x00, 0x02, 0x00, 0x3A, 0xFF, 0xDE, 0x00, 0x46, 0x00, 0x27, 0x00, 0x02, 0x00, 0x3A, 0xFF, 0xE3,
    0x00, 0x46, 0x00, 0x0F, 0x00, 0x02, 0x00, 0x5D, 0xFF, 0xE2, 0x00, 0x7E, 0x00, 0x31, 0x00, 0x02,
    0x00, 0x6A, 0x00, 0x22, 0x00, 0x76, 0x00, 0x1D, 0x00, 0x02, 0x00, 0x3E, 0xFF, 0x7B, 0x00, 0x49,
    0xFF, 0xA5, 0x00, 0xDB, 0x09, 0x32, 0x09, 0x38, 0x09, 0x3E, 0x0A, 0x10, 0x09, 0xE6, 0x09, 0x44,
    0x09, 0x4A, 0x09, 0x50, 0x09, 0x7A, 0x09, 0x56, 0x09, 0x56, 0x09, 0x5C, 0x09, 0x62, 0x09, 0x62,
    0x09, 0x68, 0x0A, 0x2E, 0x09, 0xB6, 0x09, 0xBC, 0x0A, 0x22, 0x0A, 0x34, 0x0A, 0x34, 0x09, 0xC2,
    0x0A, 0x34, 0x09, 0xC8, 0x09, 0xC2, 0x09, 0xCE, 0x09, 0xF8, 0x09, 0xE0, 0x09, 0xE0, 0x09, 0xCE,
    0x09, 0xDA, 0x09, 0xE0, 0x09, 0xE0, 0x09, 0xE0, 0x09, 0xE6, 0x0A, 0x22, 0x0A, 0x22, 0x0A, 0x34,
    0x0A, 0x34, 0x09, 0xEC, 0x09, 0xF2, 0x09, 0xF8, 0x09, 0x6E, 0x09, 0xFE, 0x0A, 0x04, 0x0A, 0x22,
    0x0A, 0x0A, 0x0A, 0x22, 0x0A, 0x10, 0x0A, 0x16, 0x09, 0x92, 0x09, 0x74, 0x09, 0x7A, 0x09, 0x80,
    0x09, 0x80, 0x09, 0x80, 0x09, 0x80, 0x09, 0x80, 0x09, 0x80, 0x09, 0x80, 0x09, 0x80, 0x09, 0x80,
    0x09, 0x80, 0x09, 0x86, 0x09, 0x8C, 0x0A, 0x34, 0x0A, 0x22, 0x0A, 0x2E, 0x09, 0xB6, 0x09, 0xBC,
    0x0A, 0x22, 0x0A, 0x34, 0x09, 0xC2, 0x0A, 0x34, 0x09, 0xC8, 0x09, 0xCE, 0x09, 0xF8, 0x09, 0xE0,
    0x09, 0xE0, 0x09, 0xD4, 0x09, 0xDA, 0x09, 0xE0, 0x09, 0xE0, 0x09, 0xE0, 0x09, 0xE6, 0x0A, 0x22,
    0x0A, 0x22, 0x0A, 0x34, 0x0A, 0x34, 0x09, 0xEC, 0x09, 0xF2, 0x09, 0xF8, 0x09, 0xFE, 0x0A, 0x04,
    0x0A, 0x22, 0x0A, 0x0A, 0x0A, 0x22, 0x0A, 0x10, 0x0A, 0x16, 0x0A, 0x34, 0x0A, 0x22, 0x0A, 0x2E,
    0x09, 0xB6, 0x09, 0xBC, 0x0A, 0x22, 0x0A, 0x34, 0x0A, 0x34, 0x09, 0xC2, 0x0A, 0x34, 0x09, 0xC8,
    0x09, 0x92, 0x09, 0xCE, 0x09, 0xF8, 0x09, 0xE0, 0x09, 0xE0, 0x09, 0xD4, 0x09, 0xDA, 0x09, 0xE0,
    0x09, 0xE0, 0x09, 0xE0, 0x09, 0xE6, 0x0A, 0x22, 0x0A, 0x22, 0x0A, 0x34, 0x09, 0xEC, 0x09, 0xF2,
    0x09, 0xF8, 0x09, 0x98, 0x09, 0xFE, 0x0A, 0x04, 0x0A, 0x22, 0x0A, 0x0A, 0x0A, 0x22, 0x0A, 0x10,
    0x0A, 0x16, 0x09, 0xCE, 0x0A, 0x34, 0x0A, 0x22, 0x0A, 0x2E, 0x09, 0xB6, 0x09, 0xBC, 0x0A, 0x22,
    0x0A, 0x34, 0x09, 0xC2, 0x0A, 0x34, 0x09, 0xC8, 0x09, 0xCE, 0x09, 0xF8, 0x09, 0xE0, 0x09, 0xE0,
    0x09, 0xCE, 0x09, 0x9E, 0x09, 0xE0, 0x09, 0xE0, 0x09, 0xE0, 0x09, 0xA4, 0x0A, 0x22, 0x0A, 0x22,
    0x0A, 0x34, 0x0A, 0x34, 0x09, 0xEC, 0x09, 0xF2, 0x09, 0xF8, 0x09, 0xFE, 0x0A, 0x04, 0x0A, 0x22,
    0x09, 0xAA, 0x0A, 0x22, 0x09, 0xB0, 0x0A, 0x16, 0x0A, 0x34, 0x0A, 0x22, 0x0A, 0x2E, 0x09, 0xB6,
    0x09, 0xBC, 0x0A, 0x22, 0x0A, 0x34, 0x09, 0xC2, 0x0A, 0x34, 0x09, 0xC8, 0x09, 0xCE, 0x09, 0xF8,
    0x09, 0xE0, 0x09, 0xE0, 0x09, 0xD4, 0x09, 0xDA, 0x09, 0xE0, 0x09, 0xE0, 0x09, 0xE0, 0x09, 0xE6,
    0x0A, 0x22, 0x0A, 0x22, 0x0A, 0x34, 0x0A, 0x34, 0x09, 0xEC, 0x09, 0xF2, 0x09, 0xF8, 0x09, 0xFE,
    0x0A, 0x04, 0x0A, 0x22, 0x0A, 0x0A, 0x0A, 0x22, 0x0A, 0x10, 0x0A, 0x16, 0x0A, 0x34, 0x0A, 0x22,
    0x0A, 0x1C, 0x0A, 0x22, 0x0A, 0x28, 0x0A, 0x2E, 0x0A, 0x2E, 0x0A, 0x2E, 0x0A, 0x2E, 0x0A, 0x2E,
    0x0A, 0x34, 0x0A, 0x34, 0x0A, 0x34, 0x0A, 0x34, 0x0A, 0x34, 0x00, 0x03, 0x00, 0x3E, 0xFF, 0x8A,
    0x00, 0x46, 0x00, 0x2C, 0x00, 0x5D, 0xFF, 0xEC, 0x00, 0x03, 0x00, 0x3B, 0xFF, 0xD4, 0x01, 0x12,
    0xFF, 0xC9, 0x01, 0x13, 0xFF, 0xCA, 0x00, 0x03, 0x00, 0x5D, 0xFF, 0xE7, 0x00, 0x66, 0x00, 0x0F,
    0x00, 0x6A, 0x00, 0x26, 0x00, 0x03, 0x00, 0x5D, 0xFF, 0xA6, 0x00, 0x6A, 0x00, 0x22, 0x00, 0x76,
    0x00, 0x1D, 0x00, 0x03, 0x00, 0x66, 0x00, 0x21, 0x00, 0x6A, 0x00, 0x36, 0x00, 0x7E, 0x00, 0x0F,
    0x00, 0x04, 0x00, 0x3B, 0xFF, 0xD4, 0x00, 0x5D, 0xFF, 0xC4, 0x01, 0x12, 0xFF, 0xC9, 0x01, 0x13,
    0xFF, 0xCA, 0x00, 0x04, 0x00, 0x04, 0xFF, 0xD9, 0x00, 0x48, 0xFF, 0xD4, 0x01, 0x5C, 0x00, 0x34,
    0x01, 0x5D, 0x00, 0x34, 0x00, 0x04, 0x00, 0x70, 0x00, 0x1D, 0x00, 0x73, 0x00, 0x0F, 0x00, 0x7C,
    0x00, 0x3B, 0x00, 0x7E, 0x00, 0x31, 0x00, 0x05, 0x00, 0x3B, 0xFF, 0xDE, 0x00, 0x46, 0x00, 0x0A,
    0x00, 0x5D, 0xFF, 0xC4, 0x01, 0x12, 0xFF, 0xD9, 0x01, 0x13, 0xFF, 0xD9, 0x00, 0x05, 0x00, 0x5D,
    0xFF, 0xE2, 0x00, 0x70, 0x00, 0x1D, 0x00, 0x73, 0x00, 0x0F, 0x00, 0x7C, 0x00, 0x3B, 0x00, 0x7E,
    0x00, 0x31, 0x00, 0x05, 0x00, 0x04, 0xFF, 0xE0, 0x00, 0x05, 0xFF, 0xE0, 0x00, 0x48, 0xFF, 0x99,
    0x00, 0x5B, 0xFF, 0xE0, 0x01, 0x9D, 0xFF, 0xE0, 0x00, 0x06, 0x00, 0x63, 0x00, 0x5D, 0x00, 0x6A,
    0x00, 0x45, 0x00, 0x74, 0x00, 0x36, 0x00, 0x7C, 0x00, 0x36, 0x00, 0x7D, 0x00, 0x05, 0x00, 0x81,
    0x00, 0x27, 0x00, 0x07, 0x00, 0x5D, 0xFF, 0x9C, 0x00, 0x63, 0x00, 0x5D, 0x00, 0x6A, 0x00, 0x45,
    0x00, 0x74, 0x00, 0x36, 0x00, 0x7C, 0x00, 0x36, 0x00, 0x7D, 0x00, 0x05, 0x00, 0x81, 0x00, 0x27,
    0x00, 0x09, 0x01, 0x27, 0x00, 0x1D, 0x01, 0x28, 0x00, 0xA1, 0x01, 0x29, 0x01, 0x0D, 0x01, 0x2A,
    0x00, 0xCE, 0x01, 0x2B, 0x00, 0x5D, 0x01, 0x2C, 0x00, 0xD2, 0x01, 0x2D, 0x00, 0xF9, 0x01, 0x2E,
    0x01, 0x0D, 0x01, 0x2F, 0x00, 0x5D, 0x00, 0x01, 0x00, 0xE5, 0xFF, 0x3D, 0x00, 0x01, 0x00, 0x68,
    0xFF, 0x3D, 0x00, 0x01, 0x01, 0x37, 0xFF, 0x3D, 0x00, 0x01, 0x00, 0xAB, 0xFF, 0x3D, 0x00, 0x01,
    0x00, 0xA0, 0xFF, 0x3D, 0x00, 0x01, 0x00, 0x58, 0xFF, 0x3D, 0x00, 0x01, 0x00, 0x8B, 0xFF, 0x3D,
    0x00, 0x01, 0x00, 0xB7, 0xFF, 0x3D, 0x00, 0x01, 0x00, 0x5B, 0xFF, 0x3D, 0x00, 0x01, 0x00, 0x81,
    0xFF, 0x3D, 0x00, 0x01, 0x00, 0xA7, 0xFF, 0x3D, 0x00, 0x01, 0x00, 0xAD, 0xFF, 0x3D, 0x00, 0x01,
    0x00, 0x7C, 0xFF, 0x3D, 0x00, 0x01, 0x00, 0x94, 0xFF, 0x3D, 0x00, 0x01, 0x00, 0x99, 0xFF, 0x3D,
    0x00, 0x01, 0x01, 0x06, 0xFF, 0x3D, 0x00, 0x01, 0x00, 0xC4, 0xFF, 0x3D, 0x00, 0x01, 0x00, 0x8F,
    0xFF, 0x3D, 0x00, 0x01, 0x00, 0xBC, 0xFF, 0x3D, 0x00, 0x01, 0x00, 0x92, 0xFF, 0x3D, 0x00, 0x01,
    0x01, 0x87, 0xFF, 0x3D, 0x00, 0x01, 0x01, 0x04, 0xFF, 0x3D, 0x00, 0x01, 0x01, 0x43, 0xFF, 0x3D,
    0x00, 0x01, 0x01, 0x2B, 0xFF, 0x3D, 0x00, 0x01, 0x01, 0x1B, 0xFF, 0x3D, 0x00, 0x01, 0x01, 0x24,
    0xFF, 0x3D, 0x00, 0x01, 0x01, 0x55, 0xFF, 0x3D, 0x00, 0x01, 0x01, 0x62, 0xFF, 0x3D, 0x00, 0x01,
    0x01, 0x4F, 0xFF, 0x3D, 0x00, 0x01, 0x00, 0x4E, 0xFF, 0x3D, 0x00, 0x01, 0x01, 0x81, 0xFF, 0x3D,
    0x00, 0x01, 0x02, 0x0F, 0xFF, 0x3D, 0x00, 0x01, 0x01, 0x78, 0xFF, 0x3D, 0x00, 0x01, 0x02, 0x7F,
    0xFF, 0x3D, 0x00, 0x01, 0x02, 0x2D, 0xFF, 0x3D, 0x00, 0x01, 0x02, 0x06, 0xFF, 0x3D, 0x00, 0x01,
    0x03, 0x16, 0xFF, 0x3D, 0x00, 0x01, 0x02, 0x9D, 0xFF, 0x3D, 0x00, 0x01, 0x02, 0x24, 0xFF, 0x3D,
    0x00, 0x01, 0x01, 0xE1, 0xFF, 0x3D, 0x00, 0x01, 0x01, 0xF5, 0xFF, 0x3D, 0x00, 0x01, 0x02, 0x31,
    0xFF, 0x3D, 0x00, 0x01, 0x01, 0x2D, 0xFF, 0x3D, 0x00, 0x01, 0x01, 0xD6, 0xFF, 0x3D, 0x00, 0x01,
    0x01, 0xE8, 0xFF, 0x3D, 0x00, 0x01, 0x02, 0x17, 0xFF, 0x3D, 0x00, 0x01, 0x02, 0x2A, 0xFF, 0x3D,
    0x00, 0x01, 0x02, 0x33, 0xFF, 0x3D, 0x00, 0x01, 0x01, 0x9D, 0xFF, 0x3D, 0x00, 0x01, 0x01, 0xD1,
    0xFF, 0x3D, 0x00, 0x01, 0x00, 0xB4, 0xFF, 0x3D, 0x00, 0x01, 0x02, 0x40, 0xFF, 0x3D, 0x00, 0x01,
    0x01, 0xEA, 0xFF, 0x3D, 0x00, 0x01, 0x01, 0xE9, 0xFF, 0x3D, 0x00, 0x01, 0x02, 0x07, 0xFF, 0x3D,
    0x00, 0x01, 0x01, 0x90, 0xFF, 0x3D, 0x00, 0x01, 0x02, 0x02, 0xFF, 0x3D, 0x00, 0x01, 0x01, 0xF3,
    0xFF, 0x3D, 0x00, 0x01, 0x02, 0x39, 0xFF, 0x3D, 0x00, 0x01, 0x02, 0x0C, 0xFF, 0x3D, 0x00, 0x01,
    0x02, 0x3E, 0xFF, 0x3D, 0x00, 0x01, 0x02, 0x18, 0xFE, 0xFA, 0x00, 0x01, 0x02, 0x18, 0xFF, 0x3D,
    0x00, 0x01, 0x00, 0x00, 0xFF, 0x3D, 0x00, 0x01, 0x00, 0xF4, 0xFF, 0x3D, 0x00, 0x01, 0x00, 0x96,
    0xFF, 0x3D, 0x00, 0x01, 0x01, 0x02, 0xFF, 0x3D, 0x00, 0x01, 0x01, 0x46, 0xFF, 0x3D, 0x00, 0x01,
    0x01, 0x77, 0xFF, 0x3D, 0x00, 0x01, 0x01, 0x26, 0xFF, 0x3D, 0x00, 0x01, 0x02, 0x1D, 0xFF, 0x3D,
    0x00, 0x01, 0x01, 0x89, 0xFF, 0x3D, 0x00, 0x01, 0x01, 0x41, 0xFF, 0x3D, 0x00, 0x01, 0x00, 0x97,
    0xFF, 0x3D, 0x00, 0x01, 0x00, 0xDB, 0xFF, 0x3D, 0x00, 0x01, 0x01, 0x03, 0xFF, 0x3D, 0x00, 0x01,
    0x01, 0x49, 0xFF, 0x3D, 0x00, 0x01, 0x00, 0xB9, 0xFF, 0x3D, 0x00, 0x01, 0x00, 0xD4, 0xFF, 0x3D,
    0x00, 0x01, 0x00, 0xFC, 0xFF, 0x3D, 0x00, 0x01, 0x00, 0xF3, 0xFF, 0x3D, 0x00, 0x01, 0x00, 0xD8,
    0xFF, 0x3D, 0x00, 0x01, 0x01, 0x4C, 0xFF, 0x3D, 0x00, 0x01, 0x01, 0x86, 0xFF, 0x3D, 0x00, 0x01,
    0x01, 0x2E, 0xFF, 0x3D, 0x00, 0x01, 0x00, 0x52, 0xFF, 0x3D, 0x00, 0x01, 0x01, 0x5F, 0xFF, 0x3D,
    0x00, 0x01, 0x00, 0xFD, 0xFF, 0x3D, 0x00, 0x01, 0x01, 0x1F, 0xFF, 0x3D, 0x00, 0x01, 0x00, 0xE8,
    0xFF, 0x3D, 0x00, 0x01, 0x00, 0xE0, 0xFF, 0x3D, 0x00, 0x01, 0x00, 0xCC, 0xFF, 0x3D, 0x00, 0x01,
    0x01, 0x1A, 0xFF, 0x3D, 0x00, 0x01, 0x01, 0x53, 0xFF, 0x3D, 0x00, 0x01, 0x01, 0x76, 0xFF, 0x3D,
    0x00, 0x01, 0x01, 0x50, 0xFF, 0x3D, 0x00, 0x02, 0x00, 0x05, 0x00, 0x60, 0x00, 0x78, 0x00, 0x00,
    0x00, 0x7A, 0x00, 0x85, 0x00, 0x19, 0x01, 0x27, 0x01, 0x2E, 0x00, 0x25, 0x01, 0x30, 0x01, 0x30,
    0x00, 0x2D, 0x01, 0x35, 0x01, 0x95, 0x00, 0x2E, 0x00, 0x2B, 0x00, 0x07, 0xFF, 0xE2, 0x00, 0x08,
    0xFF, 0xE2, 0x00, 0x0A, 0xFF, 0xE2, 0x00, 0x0B, 0xFF, 0xD8, 0x00, 0x0C, 0xFF, 0xD8, 0x00, 0x0F,
    0xFF, 0x88, 0x00, 0x10, 0xFF, 0xD8, 0x00, 0x11, 0xFF, 0xE6, 0x00, 0x16, 0xFF, 0xBA, 0x00, 0x1B,
    0xFF, 0xC9, 0x00, 0x1F, 0xFF, 0xE0, 0x00, 0x23, 0xFF, 0xEC, 0x00, 0x2E, 0xFF, 0xC4, 0x00, 0x30,
    0xFF, 0xC4, 0x00, 0x31, 0xFF, 0xD8, 0x00, 0x32, 0xFF, 0xE8, 0x00, 0xCE, 0xFF, 0xCE, 0x00, 0xCF,
    0xFF, 0xC9, 0x00, 0xD0, 0xFF, 0xEC, 0x00, 0xD1, 0xFF, 0x9C, 0x00, 0xD3, 0xFF, 0xC4, 0x00, 0xD5,
    0xFF, 0xEC, 0x00, 0xD6, 0xFF, 0xD8, 0x00, 0xD7, 0xFF, 0xEC, 0x00, 0xD8, 0xFF, 0xE7, 0x00, 0xD9,
    0xFF, 0xE7, 0x00, 0xDA, 0xFF, 0xEC, 0x00, 0xDB, 0xFF, 0xE2, 0x00, 0xDC, 0xFF, 0xEC, 0x00, 0xDD,
    0xFF, 0xEC, 0x00, 0xDE, 0xFF, 0xEC, 0x00, 0xDF, 0xFF, 0xB0, 0x00, 0xE0, 0xFF, 0x92, 0x00, 0xE1,
    0xFF, 0x9C, 0x00, 0xE4, 0xFF, 0x9C, 0x00, 0xE5, 0xFF, 0xC4, 0x00, 0xE6, 0xFF, 0xEC, 0x00, 0xE7,
    0xFF, 0xD8, 0x00, 0xE8, 0xFF, 0xEC, 0x00, 0xE9, 0xFF, 0x9C, 0x00, 0xEB, 0xFF, 0x9C, 0x00, 0xEC,
    0xFF, 0xB5, 0x00, 0xED, 0xFF, 0xE7, 0x00, 0x30, 0x00, 0x60, 0xFF, 0xB2, 0x00, 0x61, 0xFF, 0xB2,
    0x00, 0x62, 0xFF, 0xF1, 0x00, 0x63, 0xFF, 0xB2, 0x00, 0x64, 0xFF, 0xB2, 0x00, 0x65, 0xFF, 0xB2,
    0x00, 0x66, 0xFF, 0xB2, 0x00, 0x67, 0xFF, 0xB2, 0x00, 0x68, 0xFF, 0xB2, 0x00, 0x69, 0xFF, 0xB2,
    0x00, 0x6A, 0xFF, 0xB2, 0x00, 0x6B, 0xFF, 0xF1, 0x00, 0x6C, 0xFF, 0xC1, 0x00, 0x6D, 0xFF, 0xC1,
    0x00, 0x6E, 0xFF, 0xB2, 0x00, 0x6F, 0xFF, 0xC1, 0x00, 0x70, 0xFF, 0xC1, 0x00, 0x71, 0xFF, 0xC1,
    0x00, 0x72, 0xFF, 0xC1, 0x00, 0x73, 0xFF, 0xB2, 0x00, 0x74, 0xFF, 0xB2, 0x00, 0x75, 0xFF, 0xB2,
    0x00, 0x76, 0xFF, 0xB2, 0x00, 0x77, 0xFF, 0xB2, 0x00, 0x78, 0xFF, 0xB2, 0x00, 0x79, 0xFF, 0xB2,
    0x00, 0x7A, 0xFF, 0xB2, 0x00, 0x7B, 0xFF, 0xB2, 0x00, 0x7C, 0xFF, 0xC1, 0x00, 0x7D, 0xFF, 0xB2,
    0x00, 0x7E, 0xFF, 0xB2, 0x00, 0x7F, 0xFF, 0xB2, 0x00, 0x80, 0xFF, 0xB2, 0x00, 0x81, 0xFF, 0xB2,
    0x00, 0x82, 0xFF, 0xB2, 0x00, 0x83, 0xFF, 0xB2, 0x00, 0x84, 0xFF, 0xB2, 0x00, 0x85, 0xFF, 0xB2,
    0x01, 0x27, 0xFF, 0xB2, 0x01, 0x28, 0xFF, 0xB2, 0x01, 0x29, 0xFF, 0xB2, 0x01, 0x2A, 0xFF, 0xB2,
    0x01, 0x2B, 0xFF, 0xB2, 0x01, 0x2C, 0xFF, 0xB2, 0x01, 0x2D, 0xFF, 0xB2, 0x01, 0x2E, 0xFF, 0xB2,
    0x01, 0x2F, 0xFF, 0xB2, 0x01, 0x30, 0xFF, 0xB2, 0x00, 0x31, 0x00, 0x04, 0xFF, 0xDE, 0x00, 0x60,
    0xFF, 0xB2, 0x00, 0x61, 0xFF, 0xB2, 0x00, 0x62, 0xFF, 0xF1, 0x00, 0x63, 0xFF, 0xB2, 0x00, 0x64,
    0xFF, 0xB2, 0x00, 0x65, 0xFF, 0xB2, 0x00, 0x66, 0xFF, 0xB2, 0x00, 0x67, 0xFF, 0xB2, 0x00, 0x68,
    0xFF, 0xB2, 0x00, 0x69, 0xFF, 0xB2, 0x00, 0x6A, 0xFF, 0xB2, 0x00, 0x6B, 0xFF, 0xF1, 0x00, 0x6C,
    0xFF, 0xC1, 0x00, 0x6D, 0xFF, 0xC1, 0x00, 0x6E, 0xFF, 0xB2, 0x00, 0x6F, 0xFF, 0xC1, 0x00, 0x70,
    0xFF, 0xC1, 0x00, 0x71, 0xFF, 0xC1, 0x00, 0x72, 0xFF, 0xC1, 0x00, 0x73, 0xFF, 0xB2, 0x00, 0x74,
    0xFF, 0xB2, 0x00, 0x75, 0xFF, 0xB2, 0x00, 0x76, 0xFF, 0xB2, 0x00, 0x77, 0xFF, 0xB2, 0x00, 0x78,
    0xFF, 0xB2, 0x00, 0x79, 0xFF, 0xB2, 0x00, 0x7A, 0xFF, 0xB2, 0x00, 0x7B, 0xFF, 0xB2, 0x00, 0x7C,
    0xFF, 0xC1, 0x00, 0x7D, 0xFF, 0xB2, 0x00, 0x7E, 0xFF, 0xB2, 0x00, 0x7F, 0xFF, 0xB2, 0x00, 0x80,
    0xFF, 0xB2, 0x00, 0x81, 0xFF, 0xB2, 0x00, 0x82, 0xFF, 0xB2, 0x00, 0x83, 0xFF, 0xB2, 0x00, 0x84,
    0xFF, 0xB2, 0x00, 0x85, 0xFF, 0xB2, 0x01, 0x27, 0xFF, 0xB2, 0x01, 0x28, 0xFF, 0xB2, 0x01, 0x29,
    0xFF, 0xB2, 0x01, 0x2A, 0xFF, 0xB2, 0x01, 0x2B, 0xFF, 0xB2, 0x01, 0x2C, 0xFF, 0xB2, 0x01, 0x2D,
    0xFF, 0xB2, 0x01, 0x2E, 0xFF, 0xB2, 0x01, 0x2F, 0xFF, 0xB2, 0x01, 0x30, 0xFF, 0xB2, 0x00, 0x31,
    0x00, 0x04, 0xFF, 0xF6, 0x00, 0x60, 0xFF, 0xB2, 0x00, 0x61, 0xFF, 0xB2, 0x00, 0x62, 0xFF, 0xF1,
    0x00, 0x63, 0xFF, 0xB2, 0x00, 0x64, 0xFF, 0xB2, 0x00, 0x65, 0xFF, 0xB2, 0x00, 0x66, 0xFF, 0xB2,
    0x00, 0x67, 0xFF, 0xB2, 0x00, 0x68, 0xFF, 0xB2, 0x00, 0x69, 0xFF, 0xB2, 0x00, 0x6A, 0xFF, 0xB2,
    0x00, 0x6B, 0xFF, 0xF1, 0x00, 0x6C, 0xFF, 0xC1, 0x00, 0x6D, 0xFF, 0xC1, 0x00, 0x6E, 0xFF, 0xB2,
    0x00, 0x6F, 0xFF, 0xC1, 0x00, 0x70, 0xFF, 0xC1, 0x00, 0x71, 0xFF, 0xC1, 0x00, 0x72, 0xFF, 0xC1,
    0x00, 0x73, 0xFF, 0xB2, 0x00, 0x74, 0xFF, 0xB2, 0x00, 0x75, 0xFF, 0xB2, 0x00, 0x76, 0xFF, 0xB2,
    0x00, 0x77, 0xFF, 0xB2, 0x00, 0x78, 0xFF, 0xB2, 0x00, 0x79, 0xFF, 0xB2, 0x00, 0x7A, 0xFF, 0xB2,
    0x00, 0x7B, 0xFF, 0xB2, 0x00, 0x7C, 0xFF, 0xC1, 0x00, 0x7D, 0xFF, 0xB2, 0x00, 0x7E, 0xFF, 0xB2,
    0x00, 0x7F, 0xFF, 0xB2, 0x00, 0x80, 0xFF, 0xB2, 0x00, 0x81, 0xFF, 0xB2, 0x00, 0x82, 0xFF, 0xB2,
    0x00, 0x83, 0xFF, 0xB2, 0x00, 0x84, 0xFF, 0xB2, 0x00, 0x85, 0xFF, 0xB2, 0x01, 0x27, 0xFF, 0xB2,
    0x01, 0x28, 0xFF, 0xB2, 0x01, 0x29, 0xFF, 0xB2, 0x01, 0x2A, 0xFF, 0xB2, 0x01, 0x2B, 0xFF, 0xB2,
    0x01, 0x2C, 0xFF, 0xB2, 0x01, 0x2D, 0xFF, 0xB2, 0x01, 0x2E, 0xFF, 0xB2, 0x01, 0x2F, 0xFF, 0xB2,
    0x01, 0x30, 0xFF, 0xB2, 0x00, 0x02, 0x00, 0x25, 0x00, 0x07, 0x00, 0x09, 0x00, 0x00, 0x00, 0x0B,
    0x00, 0x13, 0x00, 0x03, 0x00, 0x16, 0x00, 0x16, 0x00, 0x0C, 0x00, 0x18, 0x00, 0x19, 0x00, 0x0D,
    0x00, 0x1B, 0x00, 0x1F, 0x00, 0x0F, 0x00, 0x23, 0x00, 0x23, 0x00, 0x14, 0x00, 0x25, 0x00, 0x25,
    0x00, 0x15, 0x00, 0x27, 0x00, 0x27, 0x00, 0x16, 0x00, 0x2A, 0x00, 0x2B, 0x00, 0x17, 0x00, 0x2D,
    0x00, 0x2E, 0x00, 0x19, 0x00, 0x30, 0x00, 0x31, 0x00, 0x1B, 0x00, 0x3A, 0x00, 0x3B, 0x00, 0x1D,
    0x00, 0x3D, 0x00, 0x3E, 0x00, 0x1F, 0x00, 0x46, 0x00, 0x46, 0x00, 0x21, 0x00, 0x49, 0x00, 0x4A,
    0x00, 0x22, 0x00, 0x5B, 0x00, 0x5B, 0x00, 0x24, 0x00, 0x5D, 0x00, 0x5D, 0x00, 0x25, 0x00, 0x60,
    0x00, 0x85, 0x00, 0x26, 0x00, 0x89, 0x00, 0x8A, 0x00, 0x4C, 0x00, 0x8C, 0x00, 0x8C, 0x00, 0x4E,
    0x00, 0x9F, 0x00, 0xA0, 0x00, 0x4F, 0x00, 0xA2, 0x00, 0xA2, 0x00, 0x51, 0x00, 0xA5, 0x00, 0xA5,
    0x00, 0x52, 0x00, 0xA8, 0x00, 0xD1, 0x00, 0x53, 0x00, 0xD3, 0x00, 0xE6, 0x00, 0x7D, 0x00, 0xE9,
    0x00, 0xED, 0x00, 0x91, 0x00, 0xF5, 0x00, 0xF5, 0x00, 0x96, 0x00, 0xF7, 0x00, 0xF7, 0x00, 0x97,
    0x00, 0xFE, 0x00, 0xFE, 0x00, 0x98, 0x01, 0x00, 0x01, 0x00, 0x00, 0x99, 0x01, 0x03, 0x01, 0x03,
    0x00, 0x9A, 0x01, 0x13, 0x01, 0x14, 0x00, 0x9B, 0x01, 0x16, 0x01, 0x16, 0x00, 0x9D, 0x01, 0x1D,
    0x01, 0x1D, 0x00, 0x9E, 0x01, 0x27, 0x01, 0x30, 0x00, 0x9F, 0x01, 0x36, 0x01, 0x59, 0x00, 0xA9,
    0x01, 0x61, 0x01, 0x6A, 0x00, 0xCD, 0x00, 0x01, 0x01, 0x1D, 0xFF, 0xE8, 0x00, 0x01, 0xFE, 0xE9,
    0xFF, 0xE8, 0x00, 0x01, 0xFE, 0xEA, 0x01, 0x47, 0x00, 0x01, 0xFE, 0xEA, 0xFE, 0xF3, 0x00, 0x01,
    0xFE, 0xEA, 0xFE, 0xFD, 0x00, 0x01, 0x01, 0x16, 0xFF, 0xD8, 0x00, 0x01, 0x01, 0xAF, 0xFF, 0xE8,
    0x00, 0x01, 0x01, 0xA3, 0xFF, 0xE8, 0x00, 0x01, 0x02, 0x63, 0xFF, 0xE8, 0x00, 0x01, 0x03, 0x1E,
    0xFF, 0xE8, 0x00, 0x01, 0x02, 0x54, 0xFF, 0xE8, 0x00, 0x01, 0x01, 0x8A, 0xFF, 0xE8, 0x00, 0x01,
    0x01, 0x93, 0xFF, 0xE8, 0x00, 0x01, 0x01, 0x83, 0xFF, 0xE8, 0x00, 0x01, 0x01, 0x82, 0xFF, 0xE8,
    0x00, 0x01, 0x01, 0xBE, 0xFF, 0xE8, 0x00, 0x01, 0x03, 0x11, 0xFF, 0xE8, 0x00, 0x01, 0x01, 0x61,
    0xFF, 0xE8, 0x00, 0x01, 0x01, 0x58, 0xFF, 0xE8, 0x00, 0x01, 0x01, 0x09, 0xFF, 0xE8, 0x00, 0x01,
    0x01, 0x77, 0xFF, 0xE8, 0x00, 0x01, 0x01, 0xB1, 0xFF, 0xE8, 0x00, 0x01, 0x01, 0xBC, 0xFF, 0xE8,
    0x00, 0x01, 0x01, 0x3D, 0xFF, 0xE8, 0x00, 0x01, 0x01, 0x66, 0xFF, 0xE8, 0x00, 0x01, 0x01, 0x39,
    0xFF, 0xE8, 0x00, 0x01, 0x01, 0x60, 0xFF, 0xE8, 0x00, 0x01, 0x01, 0xA8, 0xFF, 0xE8, 0x00, 0x01,
    0x01, 0x44, 0xFF, 0xE8, 0x00, 0x01, 0x01, 0xB2, 0xFF, 0xE8, 0x00, 0x01, 0x02, 0x50, 0xFF, 0xE8,
    0x00, 0x01, 0x01, 0xB0, 0xFF, 0xE8, 0x00, 0x01, 0x01, 0xB4, 0xFF, 0xE8, 0x00, 0x01, 0x01, 0x3C,
    0xFF, 0xE8, 0x00, 0x01, 0x01, 0x7E, 0xFF, 0xE8, 0x00, 0x01, 0x01, 0x63, 0xFF, 0xE8, 0x00, 0x01,
    0x02, 0x42, 0xFF, 0xE8, 0x00, 0x01, 0x02, 0x9D, 0xFF, 0xE8, 0x00, 0x01, 0x01, 0x46, 0xFF, 0xE8,
    0x00, 0x01, 0x01, 0x7B, 0xFF, 0xE8, 0x00, 0x01, 0x01, 0x6B, 0xFF, 0xE8, 0x00, 0x01, 0x01, 0x3B,
    0xFF, 0xE8, 0x00, 0x01, 0x01, 0x62, 0xFF, 0xE8, 0x00, 0x01, 0x01, 0x90, 0xFF, 0xE8, 0x00, 0x01,
    0x01, 0xFE, 0xFF, 0xE8, 0x00, 0x01, 0x01, 0x9A, 0xFF, 0xE8, 0x00, 0x01, 0x01, 0xE6, 0xFF, 0xE8,
    0x00, 0x01, 0x01, 0x1F, 0xFF, 0xE8, 0x00, 0x01, 0x01, 0x8B, 0xFF, 0xE8, 0x00, 0x01, 0x00, 0x00,
    0x00, 0x0A, 0x00, 0x18, 0x00, 0x56, 0x00, 0x02, 0x44, 0x46, 0x4C, 0x54, 0x01, 0xCE, 0x6B, 0x6E,
    0x64, 0x32, 0x01, 0xCE, 0x00, 0x0A, 0x61, 0x61, 0x6C, 0x74, 0x01, 0xE2, 0x61, 0x62, 0x76, 0x73,
    0x01, 0xFA, 0x61, 0x6B, 0x68, 0x6E, 0x01, 0xC4, 0x62, 0x6C, 0x77, 0x66, 0x01, 0xCA, 0x62, 0x6C,
    0x77, 0x73, 0x01, 0xEA, 0x68, 0x61, 0x6C, 0x66, 0x01, 0xD0, 0x68, 0x61, 0x6C, 0x6E, 0x01, 0xF2,
    0x6E, 0x75, 0x6B, 0x74, 0x01, 0xD6, 0x70, 0x73, 0x74, 0x73, 0x02, 0x06, 0x72, 0x70, 0x68, 0x66,
    0x01, 0xDC, 0x00, 0xC0, 0x01, 0xEC, 0x01, 0xF4, 0x01, 0xFC, 0x02, 0x04, 0x02, 0x0C, 0x02, 0x14,
    0x02, 0x1C, 0x02, 0x24, 0x02, 0x2C, 0x02, 0x34, 0x02, 0x3C, 0x02, 0x44, 0x02, 0x4C, 0x02, 0x54,
    0x02, 0x5C, 0x02, 0x64, 0x02, 0x6C, 0x02, 0x74, 0x02, 0x7C, 0x02, 0x84, 0x02, 0x8C, 0x02, 0x94,
    0x02, 0x9C, 0x02, 0xA4, 0x02, 0xAC, 0x02, 0xB4, 0x02, 0xBC, 0x02, 0xC4, 0x02, 0xCC, 0x02, 0xD4,
    0x02, 0xDC, 0x02, 0xE4, 0x02, 0xEC, 0x02, 0xF4, 0x02, 0xFC, 0x03, 0x04, 0x03, 0x0C, 0x03, 0x14,
    0x03, 0x1C, 0x03, 0x24, 0x03, 0x2C, 0x03, 0x34, 0x03, 0x3C, 0x03, 0x44, 0x03, 0x4C, 0x03, 0x54,
    0x03, 0x5C, 0x03, 0x64, 0x03, 0x6C, 0x03, 0x74, 0x03, 0x7C, 0x03, 0x84, 0x03, 0x8C, 0x03, 0x94,
    0x03, 0x9C, 0x03, 0xA4, 0x03, 0xAC, 0x03, 0xB4, 0x03, 0xBC, 0x03, 0xC4, 0x03, 0xCC, 0x03, 0xD4,
    0x03, 0xDC, 0x03, 0xE4, 0x03, 0xEC, 0x03, 0xF4, 0x03, 0xFC, 0x04, 0x04, 0x04, 0x0C, 0x04, 0x14,
    0x04, 0x1C, 0x04, 0x24, 0x04, 0x2C, 0x04, 0x34, 0x04, 0x3C, 0x04, 0x44, 0x04, 0x4C, 0x04, 0x54,
    0x04, 0x5C, 0x04, 0x64, 0x04, 0x6C, 0x04, 0x74, 0x04, 0x7C, 0x04, 0x84, 0x04, 0x8C, 0x04, 0x94,
    0x04, 0x9C, 0x04, 0xA4, 0x04, 0xAC, 0x04, 0xB4, 0x04, 0xBC, 0x04, 0xC4, 0x04, 0xCC, 0x04, 0xD4,
    0x04, 0xDC, 0x04, 0xE4, 0x04, 0xEC, 0x04, 0xF4, 0x04, 0xFC, 0x05, 0x04, 0x05, 0x0C, 0x05, 0x14,
    0x05, 0x1C, 0x05, 0x24, 0x05, 0x2C, 0x05, 0x34, 0x05, 0x3C, 0x05, 0x44, 0x05, 0x4C, 0x05, 0x54,
    0x05, 0x5C, 0x05, 0x64, 0x05, 0x6C, 0x05, 0x74, 0x05, 0x7C, 0x05, 0x84, 0x05, 0x8C, 0x05, 0x94,
    0x05, 0x9C, 0x05, 0xA4, 0x05, 0xAC, 0x05, 0xB4, 0x05, 0xBC, 0x05, 0xC4, 0x05, 0xCC, 0x05, 0xD4,
    0x05, 0xDC, 0x05, 0xE4, 0x05, 0xEC, 0x05, 0xF4, 0x05, 0xFC, 0x06, 0x04, 0x06, 0x0C, 0x06, 0x14,
    0x06, 0x1C, 0x06, 0x24, 0x06, 0x2C, 0x06, 0x34, 0x06, 0x3C, 0x06, 0x44, 0x06, 0x4C, 0x06, 0x54,
    0x06, 0x5C, 0x06, 0x64, 0x06, 0x6C, 0x06, 0x74, 0x06, 0x7C, 0x06, 0x84, 0x06, 0x8C, 0x06, 0x94,
    0x06, 0x9C, 0x06, 0xA4, 0x06, 0xAC, 0x06, 0xB4, 0x06, 0xBC, 0x06, 0xC4, 0x06, 0xCC, 0x06, 0xD4,
    0x06, 0xDC, 0x07, 0xAC, 0x07, 0xB6, 0x06, 0xE4, 0x06, 0xEC, 0x06, 0xF4, 0x06, 0xFC, 0x07, 0x04,
    0x07, 0x0C, 0x07, 0xFA, 0x07, 0x14, 0x07, 0x1C, 0x07, 0xDE, 0x07, 0x24, 0x07, 0x2C, 0x07, 0x34,
    0x07, 0x3C, 0x07, 0x44, 0x07, 0x4C, 0x07, 0xC0, 0x07, 0x54, 0x07, 0x5C, 0x07, 0x64, 0x07, 0x6C,
    0x07, 0x74, 0x07, 0x7C, 0x07, 0xCA, 0x07, 0xD4, 0x07, 0xEA, 0x07, 0x84, 0x07, 0x8C, 0x07, 0x94,
    0x07, 0x9C, 0x07, 0xA4, 0x06, 0x8E, 0x00, 0x00, 0x00, 0x00, 0x00, 0x01, 0x00, 0xA0, 0x00, 0x00,
    0x00, 0x01, 0x00, 0xA2, 0x00, 0x00, 0x00, 0x01, 0x00, 0xA3, 0x00, 0x00, 0x00, 0x01, 0x00, 0x9F,
    0x00, 0x00, 0x00, 0x01, 0x00, 0xA1, 0x00, 0x00, 0x00, 0x02, 0x00, 0x00, 0x00, 0x01, 0x00, 0x00,
    0x00, 0x02, 0x00, 0xA8, 0x00, 0xA9, 0x00, 0x00, 0x00, 0x02, 0x00, 0xBE, 0x00, 0xBF, 0x00, 0x00,
    0x00, 0x04, 0x00, 0xA4, 0x00, 0xA5, 0x00, 0xA6, 0x00, 0xA7, 0x00, 0x00, 0x00, 0x10, 0x00, 0xAA,
    0x00, 0xAE, 0x00, 0xAF, 0x00, 0xB0, 0x00, 0xB1, 0x00, 0xB2, 0x00, 0xB3, 0x00, 0xB4, 0x00, 0xB5,
    0x00, 0xB6, 0x00, 0xB7, 0x00, 0xB8, 0x00, 0xB9, 0x00, 0xBA, 0x00, 0xBC, 0x00, 0xBD, 0x00, 0x01,
    0x00, 0x00, 0x00, 0x01, 0x15, 0x8E, 0x00, 0x03, 0x00, 0x00, 0x00, 0x01, 0x22, 0x78, 0x00, 0x02,
    0x00, 0x00, 0x00, 0x01, 0x06, 0xA6, 0x00, 0x01, 0x00, 0x00, 0x00, 0x01, 0x06, 0xA8, 0x00, 0x01,
    0x00, 0x00, 0x00, 0x01, 0x06, 0xAA, 0x00, 0x01, 0x00, 0x00, 0x00, 0x01, 0x07, 0x7A, 0x00, 0x01,
    0x00, 0x00, 0x00, 0x01, 0x07, 0x84, 0x00, 0x01, 0x00, 0x00, 0x00, 0x01, 0x06, 0x9C, 0x00, 0x01,
    0x00, 0x00, 0x00, 0x01, 0x06, 0x9E, 0x00, 0x01, 0x00, 0x00, 0x00, 0x01, 0x06, 0xA0, 0x00, 0x01,
    0x00, 0x00, 0x00, 0x01, 0x06, 0xA2, 0x00, 0x01, 0x00, 0x00, 0x00, 0x01, 0x06, 0xA4, 0x00, 0x01,
    0x00, 0x00, 0x00, 0x01, 0x07, 0x66, 0x00, 0x01, 0x00, 0x00, 0x00, 0x01, 0x06, 0x9E, 0x00, 0x01,
    0x00, 0x00, 0x00, 0x01, 0x06, 0xC8, 0x00, 0x01, 0x00, 0x00, 0x00, 0x01, 0x05, 0xC6, 0x00, 0x01,
    0x00, 0x00, 0x00, 0x01, 0x05, 0xC4, 0x00, 0x01, 0x00, 0x00, 0x00, 0x01, 0x05, 0xC2, 0x00, 0x01,
    0x00, 0x00, 0x00, 0x01, 0x06, 0x80, 0x00, 0x04, 0x01, 0x00, 0x00, 0x01, 0x15, 0x3A, 0x00, 0x01,
    0x00, 0x00, 0x00, 0x01, 0x15, 0x80, 0x00, 0x02, 0x00, 0x00, 0x00, 0x01, 0x15, 0xC6, 0x00, 0x01,
    0x00, 0x00, 0x00, 0x01, 0x17, 0xE2, 0x00, 0x01, 0x00, 0x00, 0x00, 0x01, 0x07, 0xB0, 0x00, 0x01,
    0x00, 0x00, 0x00, 0x01, 0x18, 0x4C, 0x00, 0x01, 0x00, 0x00, 0x00, 0x01, 0x19, 0x36, 0x00, 0x01,
    0x00, 0x00, 0x00, 0x01, 0x1A, 0x20, 0x00, 0x01, 0x00, 0x00, 0x00, 0x01, 0x1B, 0x0A, 0x00, 0x01,
    0x00, 0x00, 0x00, 0x01, 0x1B, 0xF4, 0x00, 0x01, 0x00, 0x00, 0x00, 0x01, 0x1C, 0xDE, 0x00, 0x01,
    0x00, 0x00, 0x00, 0x01, 0x1D, 0xC8, 0x00, 0x01, 0x00, 0x00, 0x00, 0x01, 0x1E, 0xB2, 0x00, 0x01,
    0x00, 0x00, 0x00, 0x01, 0x1F, 0x9C, 0x00, 0x01, 0x00, 0x00, 0x00, 0x01, 0x20, 0x86, 0x00, 0x01,
    0x00, 0x00, 0x00, 0x01, 0x07, 0x72, 0x00, 0x01, 0x00, 0x00, 0x00, 0x01, 0x07, 0x84, 0x00, 0x01,
    0x00, 0x00, 0x00, 0x01, 0x07, 0x96, 0x00, 0x01, 0x00, 0x00, 0x00, 0x01, 0x07, 0xA8, 0x00, 0x01,
    0x00, 0x00, 0x00, 0x01, 0x07, 0xBA, 0x00, 0x01, 0x00, 0x00, 0x00, 0x01, 0x07, 0xCC, 0x00, 0x01,
    0x00, 0x00, 0x00, 0x01, 0x07, 0xDE, 0x00, 0x01, 0x00, 0x00, 0x00, 0x01, 0x07, 0xF0, 0x00, 0x01,
    0x00, 0x00, 0x00, 0x01, 0x08, 0x02, 0x00, 0x01, 0x00, 0x00, 0x00, 0x01, 0x08, 0x14, 0x00, 0x01,
    0x00, 0x00, 0x00, 0x01, 0x08, 0x26, 0x00, 0x01, 0x00, 0x00, 0x00, 0x01, 0x08, 0x38, 0x00, 0x01,
    0x00, 0x00, 0x00, 0x01, 0x08, 0x4A, 0x00, 0x01, 0x00, 0x00, 0x00, 0x01, 0x08, 0x5C, 0x00, 0x01,
    0x00, 0x00, 0x00, 0x01, 0x08, 0x6E, 0x00, 0x01, 0x00, 0x00, 0x00, 0x01, 0x08, 0x80, 0x00, 0x01,
    0x00, 0x00, 0x00, 0x01, 0x08, 0x92, 0x00, 0x01, 0x00, 0x00, 0x00, 0x01, 0x08, 0xA4, 0x00, 0x01,
    0x00, 0x00, 0x00, 0x01, 0x08, 0xB6, 0x00, 0x01, 0x00, 0x00, 0x00, 0x01, 0x08, 0xC8, 0x00, 0x01,
    0x00, 0x00, 0x00, 0x01, 0x08, 0xDA, 0x00, 0x01, 0x00, 0x00, 0x00, 0x01, 0x08, 0xEC, 0x00, 0x01,
    0x00, 0x00, 0x00, 0x01, 0x08, 0xFE, 0x00, 0x01, 0x00, 0x00, 0x00, 0x01, 0x09, 0x10, 0x00, 0x01,
    0x00, 0x00, 0x00, 0x01, 0x09, 0x22, 0x00, 0x01, 0x00, 0x00, 0x00, 0x01, 0x09, 0x34, 0x00, 0x01,
    0x00, 0x00, 0x00, 0x01, 0x09, 0x46, 0x00, 0x01, 0x00, 0x00, 0x00, 0x01, 0x09, 0x58, 0x00, 0x01,
    0x00, 0x00, 0x00, 0x01, 0x09, 0x6A, 0x00, 0x01, 0x00, 0x00, 0x00, 0x01, 0x09, 0x7C, 0x00, 0x01,
    0x00, 0x00, 0x00, 0x01, 0x09, 0x8E, 0x00, 0x01, 0x00, 0x00, 0x00, 0x01, 0x09, 0xA0, 0x00, 0x01,
    0x00, 0x00, 0x00, 0x01, 0x09, 0xB2, 0x00, 0x01, 0x00, 0x00, 0x00, 0x01, 0x09, 0xC4, 0x00, 0x01,
    0x00, 0x00, 0x00, 0x01, 0x09, 0xD6, 0x00, 0x01, 0x00, 0x00, 0x00, 0x01, 0x09, 0xE8, 0x00, 0x01,
    0x00, 0x00, 0x00, 0x01, 0x09, 0xFA, 0x00, 0x01, 0x00, 0x00, 0x00, 0x01, 0x0A, 0x0C, 0x00, 0x01,
    0x00, 0x00, 0x00, 0x01, 0x0A, 0x1E, 0x00, 0x01, 0x00, 0x00, 0x00, 0x01, 0x0A, 0x30, 0x00, 0x01,
    0x00, 0x00, 0x00, 0x01, 0x0A, 0x42, 0x00, 0x01, 0x00, 0x00, 0x00, 0x01, 0x0A, 0x54, 0x00, 0x01,
    0x00, 0x00, 0x00, 0x01, 0x0A, 0x66, 0x00, 0x01, 0x00, 0x00, 0x00, 0x01, 0x0A, 0x78, 0x00, 0x01,
    0x00, 0x00, 0x00, 0x01, 0x0A, 0x8A, 0x00, 0x01, 0x00, 0x00, 0x00, 0x01, 0x0A, 0x9C, 0x00, 0x01,
    0x00, 0x00, 0x00, 0x01, 0x0A, 0xAE, 0x00, 0x01, 0x00, 0x00, 0x00, 0x01, 0x0A, 0xC0, 0x00, 0x01,
    0x00, 0x00, 0x00, 0x01, 0x0A, 0xD2, 0x00, 0x01, 0x00, 0x00, 0x00, 0x01, 0x0A, 0xE4, 0x00, 0x01,
    0x00, 0x00, 0x00, 0x01, 0x0A, 0xF6, 0x00, 0x01, 0x00, 0x00, 0x00, 0x01, 0x0B, 0x08, 0x00, 0x01,
    0x00, 0x00, 0x00, 0x01, 0x0B, 0x1A, 0x00, 0x01, 0x00, 0x00, 0x00, 0x01, 0x0B, 0x2C, 0x00, 0x01,
    0x00, 0x00, 0x00, 0x01, 0x0B, 0x3E, 0x00, 0x01, 0x00, 0x00, 0x00, 0x01, 0x0B, 0x50, 0x00, 0x01,
    0x00, 0x00, 0x00, 0x01, 0x0B, 0x62, 0x00, 0x01, 0x00, 0x00, 0x00, 0x01, 0x0B, 0x74, 0x00, 0x01,
    0x00, 0x00, 0x00, 0x01, 0x0B, 0x86, 0x00, 0x01, 0x00, 0x00, 0x00, 0x01, 0x0B, 0x98, 0x00, 0x01,
    0x00, 0x00, 0x00, 0x01, 0x0B, 0xAA, 0x00, 0x01, 0x00, 0x00, 0x00, 0x01, 0x0B, 0xBC, 0x00, 0x01,
    0x00, 0x00, 0x00, 0x01, 0x0B, 0xCE, 0x00, 0x01, 0x00, 0x00, 0x00, 0x01, 0x0B, 0xE0, 0x00, 0x01,
    0x00, 0x00, 0x00, 0x01, 0x0B, 0xF2, 0x00, 0x01, 0x00, 0x00, 0x00, 0x01, 0x0C, 0x04, 0x00, 0x01,
    0x00, 0x00, 0x00, 0x01, 0x0C, 0x16, 0x00, 0x01, 0x00, 0x00, 0x00, 0x01, 0x0C, 0x28, 0x00, 0x01,
    0x00, 0x00, 0x00, 0x01, 0x0C, 0x3A, 0x00, 0x01, 0x00, 0x00, 0x00, 0x01, 0x0C, 0x4C, 0x00, 0x01,
    0x00, 0x00, 0x00, 0x01, 0x0C, 0x5E, 0x00, 0x01, 0x00, 0x00, 0x00, 0x01, 0x0C, 0x70, 0x00, 0x01,
    0x00, 0x00, 0x00, 0x01, 0x0C, 0x82, 0x00, 0x01, 0x00, 0x00, 0x00, 0x01, 0x0C, 0x94, 0x00, 0x01,
    0x00, 0x00, 0x00, 0x01, 0x0C, 0xA6, 0x00, 0x01, 0x00, 0x00, 0x00, 0x01, 0x0C, 0xB8, 0x00, 0x01,
    0x00, 0x00, 0x00, 0x01, 0x0C, 0xCA, 0x00, 0x01, 0x00, 0x00, 0x00, 0x01, 0x0C, 0xDC, 0x00, 0x01,
    0x00, 0x00, 0x00, 0x01, 0x0C, 0xEE, 0x00, 0x01, 0x00, 0x00, 0x00, 0x01, 0x0D, 0x00, 0x00, 0x01,
    0x00, 0x00, 0x00, 0x01, 0x0D, 0x12, 0x00, 0x01, 0x00, 0x00, 0x00, 0x01, 0x0D, 0x24, 0x00, 0x01,
    0x00, 0x00, 0x00, 0x01, 0x0D, 0x36, 0x00, 0x01, 0x00, 0x00, 0x00, 0x01, 0x0D, 0x48, 0x00, 0x01,
    0x00, 0x00, 0x00, 0x01, 0x0D, 0x5A, 0x00, 0x01, 0x00, 0x00, 0x00, 0x01, 0x0D, 0x6C, 0x00, 0x01,
    0x00, 0x00, 0x00, 0x01, 0x0D, 0x7E, 0x00, 0x01, 0x00, 0x00, 0x00, 0x01, 0x0D, 0x90, 0x00, 0x01,
    0x00, 0x00, 0x00, 0x01, 0x0D, 0xA2, 0x00, 0x01, 0x00, 0x00, 0x00, 0x01, 0x0D, 0xB4, 0x00, 0x01,
    0x00, 0x00, 0x00, 0x01, 0x0D, 0xC6, 0x00, 0x01, 0x00, 0x00, 0x00, 0x01, 0x0D, 0xD8, 0x00, 0x01,
    0x00, 0x00, 0x00, 0x01, 0x0D, 0xEA, 0x00, 0x01, 0x00, 0x00, 0x00, 0x01, 0x0D, 0xFC, 0x00, 0x01,
    0x00, 0x00, 0x00, 0x01, 0x0E, 0x0E, 0x00, 0x01, 0x00, 0x00, 0x00, 0x01, 0x0E, 0x20, 0x00, 0x01,
    0x00, 0x00, 0x00, 0x01, 0x0E, 0x32, 0x00, 0x01, 0x00, 0x00, 0x00, 0x01, 0x0E, 0x44, 0x00, 0x01,
    0x00, 0x00, 0x00, 0x01, 0x0E, 0x56, 0x00, 0x01, 0x00, 0x00, 0x00, 0x01, 0x0E, 0x68, 0x00, 0x01,
    0x00, 0x00, 0x00, 0x01, 0x0E, 0x7A, 0x00, 0x01, 0x00, 0x00, 0x00, 0x01, 0x0E, 0x8C, 0x00, 0x01,
    0x00, 0x00, 0x00, 0x01, 0x0E, 0x9E, 0x00, 0x01, 0x00, 0x00, 0x00, 0x01, 0x0E, 0xB0, 0x00, 0x01,
    0x00, 0x00, 0x00, 0x01, 0x0E, 0xC2, 0x00, 0x01, 0x00, 0x00, 0x00, 0x01, 0x0E, 0xD4, 0x00, 0x01,
    0x00, 0x00, 0x00, 0x01, 0x0E, 0xE6, 0x00, 0x01, 0x00, 0x00, 0x00, 0x01, 0x0E, 0xF8, 0x00, 0x01,
    0x00, 0x00, 0x00, 0x01, 0x0F, 0x0A, 0x00, 0x01, 0x00, 0x00, 0x00, 0x01, 0x0F, 0x1C, 0x00, 0x01,
    0x00, 0x00, 0x00, 0x01, 0x0F, 0x2E, 0x00, 0x01, 0x00, 0x00, 0x00, 0x01, 0x0F, 0x40, 0x00, 0x01,
    0x00, 0x00, 0x00, 0x01, 0x0F, 0x52, 0x00, 0x01, 0x00, 0x00, 0x00, 0x01, 0x0F, 0x64, 0x00, 0x01,
    0x00, 0x00, 0x00, 0x01, 0x0F, 0x76, 0x00, 0x01, 0x00, 0x00, 0x00, 0x01, 0x0F, 0x88, 0x00, 0x01,
    0x00, 0x00, 0x00, 0x01, 0x0F, 0x9A, 0x00, 0x01, 0x00, 0x00, 0x00, 0x01, 0x01, 0x98, 0x00, 0x01,
    0x00, 0x00, 0x00, 0x01, 0x13, 0x6C, 0x00, 0x04, 0x00, 0x00, 0x00, 0x01, 0x01, 0xBE, 0x00, 0x01,
    0x00, 0x00, 0x00, 0x01, 0x01, 0x86, 0x00, 0x01, 0x00, 0x00, 0x00, 0x01, 0x02, 0x42, 0x00, 0x01,
    0x00, 0x00, 0x00, 0x01, 0x01, 0x7C, 0x00, 0x01, 0x00, 0x00, 0x00, 0x01, 0x01, 0x7A, 0x00, 0x01,
    0x00, 0x00, 0x00, 0x01, 0x01, 0x78, 0x00, 0x04, 0x00, 0x00, 0x00, 0x01, 0x01, 0x96, 0x00, 0x04,
    0x00, 0x00, 0x00, 0x01, 0x01, 0x96, 0x00, 0x04, 0x00, 0x00, 0x00, 0x01, 0x11, 0xB4, 0x00, 0x05,
    0x00, 0x00, 0x00, 0x01, 0x02, 0x34, 0x00, 0x05, 0x00, 0x08, 0x00, 0x01, 0x02, 0x38, 0x00, 0x05,
    0x00, 0x08, 0x00, 0x01, 0x02, 0x04, 0x00, 0x06, 0x00, 0x00, 0x00, 0x01, 0x02, 0xB0, 0x00, 0x04,
    0x00, 0x00, 0x00, 0x01, 0x0F, 0x34, 0x00, 0x01, 0x00, 0x00, 0x00, 0x01, 0x01, 0x36, 0x00, 0x01,
    0x00, 0x00, 0x00, 0x01, 0x01, 0x34, 0x00, 0x01, 0x00, 0x00, 0x00, 0x01, 0x01, 0x32, 0x00, 0x04,
    0x00, 0x00, 0x00, 0x01, 0x02, 0x0C, 0x00, 0x05, 0x00, 0x00, 0x00, 0x01, 0x02, 0x10, 0x00, 0x04,
    0x00, 0x00, 0x00, 0x01, 0x01, 0x3E, 0x00, 0x05, 0x00, 0x00, 0x00, 0x01, 0x02, 0x0C, 0x00, 0x05,
    0x00, 0x00, 0x00, 0x01, 0x01, 0x36, 0x00, 0x05, 0x00, 0x00, 0x00, 0x01, 0x0F, 0xE4, 0x00, 0x05,
    0x00, 0x00, 0x00, 0x01, 0x11, 0xE8, 0x00, 0x05, 0x00, 0x00, 0x00, 0x01, 0x12, 0x42, 0x00, 0x05,
    0x00, 0x00, 0x00, 0x01, 0x01, 0x9E, 0x00, 0x01, 0x00, 0x08, 0x00, 0x01, 0x00, 0xE8, 0x00, 0x05,
    0x00, 0x00, 0x00, 0x01, 0x02, 0x4A, 0x00, 0x02, 0x00, 0x00, 0x00, 0x01, 0x01, 0x06, 0x00, 0x04,
    0x00, 0x0C, 0x00, 0x01, 0x11, 0x62, 0x00, 0x05, 0x00, 0x08, 0x00, 0x01, 0x01, 0xDC, 0x00, 0x04,
    0x00, 0x10, 0x00, 0x01, 0x01, 0xC0, 0x00, 0x00, 0x00, 0x04, 0x00, 0x10, 0x00, 0x01, 0x01, 0xC0,
    0x00, 0x00, 0x00, 0x06, 0x00, 0x10, 0x00, 0x01, 0x02, 0x28, 0x00, 0x01, 0x00, 0x06, 0x00, 0x10,
    0x00, 0x01, 0x02, 0x30, 0x00, 0x00, 0x00, 0x06, 0x00, 0x10, 0x00, 0x01, 0x02, 0x38, 0x00, 0x02,
    0x00, 0x06, 0x00, 0x00, 0x00, 0x03, 0x02, 0x40, 0x02, 0x52, 0x02, 0x64, 0x00, 0x06, 0x00, 0x08,
    0x00, 0x05, 0x0E, 0x80, 0x0E, 0x92, 0x0F, 0x2E, 0x0F, 0x46, 0x0E, 0xA6, 0x00, 0x05, 0x01, 0x00,
    0x00, 0x08, 0x0E, 0xAA, 0x0E, 0xB8, 0x0E, 0xC6, 0x0E, 0xD4, 0x0E, 0xE2, 0x0E, 0xFE, 0x0E, 0xF0,
    0x0F, 0x0E, 0x00, 0x00, 0xFF, 0xFF, 0x00, 0x0A, 0x00, 0x00, 0x00, 0x01, 0x00, 0x02, 0x00, 0x03,
    0x00, 0x04, 0x00, 0x05, 0x00, 0x06, 0x00, 0x07, 0x00, 0x08, 0x00, 0x09, 0x00, 0x01, 0x1D, 0x80,
    0xFF, 0xA9, 0x00, 0x01, 0x1D, 0x7A, 0xFF, 0xAA, 0x00, 0x01, 0x1D, 0x5A, 0x00, 0x0A, 0x00, 0x01,
    0x1D, 0xD4, 0x01, 0x10, 0x00, 0x01, 0x1D, 0x68, 0x01, 0x02, 0x00, 0x01, 0x1D, 0x62, 0x01, 0x01,
    0x00, 0x01, 0x1D, 0x56, 0xFF, 0xCE, 0x00, 0x01, 0x1D, 0x4A, 0x00, 0x32, 0x00, 0x01, 0x1D, 0x6E,
    0x00, 0xD7, 0x00, 0x01, 0x1D, 0x68, 0x00, 0xD9, 0x00, 0x01, 0x1D, 0x62, 0x00, 0xDB, 0x00, 0x01,
    0x1D, 0x3E, 0x00, 0x1F, 0x00, 0x01, 0x1D, 0x64, 0x00, 0x01, 0x1D, 0x24, 0x00, 0x01, 0x1D, 0x36,
    0x00, 0x01, 0x1D, 0x20, 0x00, 0x01, 0x1D, 0x4E, 0x00, 0x01, 0x23, 0xFC, 0x00, 0x01, 0x1D, 0x2C,
    0x00, 0x01, 0x1D, 0x52, 0x00, 0x01, 0x1D, 0x18, 0x00, 0x01, 0x1E, 0x5E, 0x00, 0x01, 0x1D, 0x22,
    0x00, 0x01, 0x1D, 0x28, 0x00, 0x01, 0x1D, 0x78, 0x00, 0x02, 0x1D, 0x80, 0x1D, 0x88, 0x00, 0x02,
    0x1D, 0x86, 0x00, 0x02, 0x00, 0x60, 0x00, 0x80, 0x00, 0x02, 0x1D, 0x84, 0x00, 0x02, 0x00, 0x67,
    0x00, 0x69, 0x00, 0x02, 0x1D, 0x92, 0x00, 0x02, 0x00, 0x46, 0x00, 0x46, 0x00, 0x02, 0x1D, 0x88,
    0x00, 0x02, 0x00, 0x3D, 0x00, 0x3D, 0x00, 0x02, 0x1D, 0x7E, 0x00, 0x02, 0x00, 0x41, 0x00, 0x41,
    0x00, 0x02, 0x1D, 0x74, 0x00, 0x02, 0x00, 0x3B, 0x00, 0x3B, 0x00, 0x02, 0x1D, 0x6A, 0x00, 0x02,
    0x00, 0x3A, 0x00, 0x3A, 0x00, 0x02, 0x1D, 0x60, 0x00, 0x02, 0x00, 0x3E, 0x00, 0x3E, 0x00, 0x02,
    0x1D, 0x46, 0x00, 0x02, 0x01, 0x12, 0x01, 0x13, 0x00, 0x02, 0x1D, 0x44, 0x00, 0x02, 0x00, 0x7A,
    0x00, 0x7A, 0x00, 0x01, 0x1D, 0x42, 0x00, 0x02, 0x1D, 0xB4, 0x1D, 0xC2, 0x00, 0x01, 0x1D, 0x40,
    0x00, 0x02, 0x1E, 0x24, 0x1E, 0x3A, 0x00, 0x02, 0x1D, 0x84, 0x00, 0x03, 0x00, 0x5B, 0x00, 0x5B,
    0x00, 0x3E, 0x00, 0x01, 0x1D, 0x5A, 0x00, 0x03, 0x1D, 0x32, 0x1C, 0xB4, 0x1C, 0xB4, 0x00, 0x01,
    0x1D, 0x58, 0x00, 0x03, 0x1D, 0x2C, 0x1D, 0x32, 0x1D, 0x38, 0x00, 0x01, 0x1D, 0x56, 0x00, 0x03,
    0x1C, 0xA0, 0x1C, 0xA4, 0x1C, 0xA8, 0x00, 0x01, 0x1D, 0x54, 0x00, 0x03, 0x1C, 0xA0, 0x1C, 0xA4,
    0x1C, 0xA8, 0x00, 0x01, 0x1D, 0x52, 0x00, 0x03, 0x1E, 0x0A, 0x1E, 0x20, 0x1E, 0x36, 0x00, 0x01,
    0x1D, 0x0E, 0x00, 0x02, 0x1C, 0x94, 0x1C, 0x98, 0x00, 0x01, 0x1D, 0x0C, 0x00, 0x02, 0x1C, 0x92,
    0x1C, 0x96, 0x00, 0x03, 0x00, 0x02, 0x00, 0x01, 0x1D, 0x3C, 0x1D, 0xAE, 0x00, 0x01, 0x00, 0x98,
    0x00, 0x02, 0x1E, 0x1E, 0x00, 0x06, 0x00, 0x60, 0x00, 0x61, 0x00, 0x74, 0x00, 0x75, 0x00, 0x0D,
    0x00, 0x5B, 0x00, 0x02, 0x1E, 0x1C, 0x00, 0x06, 0x00, 0x85, 0x00, 0x85, 0x00, 0x85, 0x00, 0x85,
    0x00, 0x85, 0x00, 0x85, 0x00, 0x02, 0x1E, 0x0A, 0x00, 0x06, 0x00, 0x84, 0x00, 0x84, 0x00, 0x84,
    0x00, 0x84, 0x00, 0x84, 0x00, 0x84, 0x00, 0x03, 0x00, 0x00, 0x00, 0x01, 0x1D, 0x22, 0x00, 0x01,
    0x1D, 0x1C, 0x00, 0x01, 0x00, 0x00, 0x00, 0x15, 0x00, 0x03, 0x00, 0x02, 0x00, 0x02, 0x1B, 0xC8,
    0x1B, 0xCE, 0x00, 0x00, 0x00, 0x9E, 0x00, 0x01, 0x00, 0x9D, 0x00, 0x03, 0x00, 0x01, 0x1E, 0xC2,
    0x00, 0x01, 0x1E, 0xA0, 0x00, 0x00, 0x00, 0x01, 0x00, 0x00, 0x00, 0x16, 0x00, 0x03, 0x00, 0x01,
    0x1C, 0xE6, 0x00, 0x01, 0x1C, 0x16, 0x00, 0x00, 0x00, 0x01, 0x00, 0x00, 0x00, 0x97, 0x00, 0x03,
    0x00, 0x01, 0x1E, 0x0E, 0x00, 0x01, 0x1C, 0x04, 0x00, 0x00, 0x00, 0x01, 0x00, 0x00, 0x00, 0x97,
    0x00, 0x03, 0x00, 0x01, 0x1D, 0xAE, 0x00, 0x01, 0x1B, 0xAA, 0x00, 0x00, 0x00, 0x01, 0x00, 0x00,
    0x00, 0xAB, 0x00, 0x03, 0x00, 0x01, 0x1C, 0xD6, 0x00, 0x01, 0x1B, 0x98, 0x00, 0x00, 0x00, 0x01,
    0x00, 0x00, 0x00, 0xAC, 0x00, 0x03, 0x00, 0x01, 0x1D, 0x96, 0x00, 0x01, 0x1B, 0x86, 0x00, 0x00,
    0x00, 0x01, 0x00, 0x00, 0x00, 0xAD, 0x00, 0x02, 0x1E, 0x04, 0x00, 0x0A, 0x01, 0x9D, 0x01, 0x9D,
    0x01, 0x9D, 0x01, 0x9D, 0x01, 0x9D, 0x01, 0x9D, 0x01, 0x9D, 0x01, 0x9D, 0x01, 0x9D, 0x01, 0x9D,
    0x00, 0x02, 0x1D, 0xEA, 0x00, 0x0A, 0x00, 0x05, 0x00, 0x05, 0x00, 0x05, 0x00, 0x05, 0x00, 0x05,
    0x00, 0x05, 0x00, 0x05, 0x00, 0x05, 0x00, 0x05, 0x00, 0x05, 0x00, 0x02, 0x1D, 0xD0, 0x00, 0x0A,
    0x00, 0x04, 0x00, 0x04, 0x00, 0x04, 0x00, 0x04, 0x00, 0x04, 0x00, 0x04, 0x00, 0x04, 0x00, 0x04,
    0x00, 0x04, 0x00, 0x04, 0x00, 0x02, 0x1D, 0xB6, 0x00, 0x0A, 0x00, 0x5B, 0x00, 0x5B, 0x00, 0x5B,
    0x00, 0x5B, 0x00, 0x5B, 0x00, 0x5B, 0x00, 0x5B, 0x00, 0x5B, 0x00, 0x5B, 0x00, 0x5B, 0x00, 0x02,
    0x1D, 0x9C, 0x00, 0x0A, 0x01, 0x6F, 0x01, 0x6F, 0x01, 0x6F, 0x01, 0x6F, 0x01, 0x6F, 0x01, 0x6F,
    0x01, 0x6F, 0x01, 0x6F, 0x01, 0x6F, 0x01, 0x6F, 0x00, 0x02, 0x1D, 0x82, 0x00, 0x0A, 0x01, 0x6E,
    0x01, 0x6E, 0x01, 0x6E, 0x01, 0x6E, 0x01, 0x6E, 0x01, 0x6E, 0x01, 0x6E, 0x01, 0x6E, 0x01, 0x6E,
    0x01, 0x6E, 0x00, 0x02, 0x1D, 0x68, 0x00, 0x0A, 0x01, 0x6D, 0x01, 0x6D, 0x01, 0x6D, 0x01, 0x6D,
    0x01, 0x6D, 0x01, 0x6D, 0x01, 0x6D, 0x01, 0x6D, 0x01, 0x6D, 0x01, 0x6D, 0x00, 0x02, 0x1D, 0x4E,
    0x00, 0x0A, 0x01, 0x6C, 0x01, 0x6C, 0x01, 0x6C, 0x01, 0x6C, 0x01, 0x6C, 0x01, 0x6C, 0x01, 0x6C,
    0x01, 0x6C, 0x01, 0x6C, 0x01, 0x6C, 0x00, 0x02, 0x1D, 0x34, 0x00, 0x0A, 0x01, 0x6B, 0x01, 0x6B,
    0x01, 0x6B, 0x01, 0x6B, 0x01, 0x6B, 0x01, 0x6B, 0x01, 0x6B, 0x01, 0x6B, 0x01, 0x6B, 0x01, 0x6B,
    0x00, 0x02, 0x1D, 0x1A, 0x00, 0x0A, 0x01, 0x60, 0x01, 0x60, 0x01, 0x60, 0x01, 0x60, 0x01, 0x60,
    0x01, 0x60, 0x01, 0x60, 0x01, 0x60, 0x01, 0x60, 0x01, 0x60, 0x00, 0x02, 0x1D, 0x00, 0x00, 0x0A,
    0x01, 0x5F, 0x01, 0x5F, 0x01, 0x5F, 0x01, 0x5F, 0x01, 0x5F, 0x01, 0x5F, 0x01, 0x5F, 0x01, 0x5F,
    0x01, 0x5F, 0x01, 0x5F, 0x00, 0x02, 0x1C, 0xE6, 0x00, 0x0A, 0x01, 0x5E, 0x01, 0x5E, 0x01, 0x5E,
    0x01, 0x5E, 0x01, 0x5E, 0x01, 0x5E, 0x01, 0x5E, 0x01, 0x5E, 0x01, 0x5E, 0x01, 0x5E, 0x00, 0x02,
    0x1C, 0xCC, 0x00, 0x0A, 0x01, 0x5D, 0x01, 0x5D, 0x01, 0x5D, 0x01, 0x5D, 0x01, 0x5D, 0x01, 0x5D,
    0x01, 0x5D, 0x01, 0x5D, 0x01, 0x5D, 0x01, 0x5D, 0x00, 0x02, 0x1C, 0xB2, 0x00, 0x0A, 0x01, 0x5C,
    0x01, 0x5C, 0x01, 0x5C, 0x01, 0x5C, 0x01, 0x5C, 0x01, 0x5C, 0x01, 0x5C, 0x01, 0x5C, 0x01, 0x5C,
    0x01, 0x5C, 0x00, 0x02, 0x1C, 0x98, 0x00, 0x0A, 0x01, 0x35, 0x01, 0x35, 0x01, 0x35, 0x01, 0x35,
    0x01, 0x35, 0x01, 0x35, 0x01, 0x35, 0x01, 0x35, 0x01, 0x35, 0x01, 0x35, 0x00, 0x02, 0x1C, 0x7E,
    0x00, 0x0A, 0x01, 0x34, 0x01, 0x34, 0x01, 0x34, 0x01, 0x34, 0x01, 0x34, 0x01, 0x34, 0x01, 0x34,
    0x01, 0x34, 0x01, 0x34, 0x01, 0x34, 0x00, 0x02, 0x1C, 0x64, 0x00, 0x0A, 0x01, 0x33, 0x01, 0x33,
    0x01, 0x33, 0x01, 0x33, 0x01, 0x33, 0x01, 0x33, 0x01, 0x33, 0x01, 0x33, 0x01, 0x33, 0x01, 0x33,
    0x00, 0x02, 0x1C, 0x4A, 0x00, 0x0A, 0x01, 0x32, 0x01, 0x32, 0x01, 0x32, 0x01, 0x32, 0x01, 0x32,
    0x01, 0x32, 0x01, 0x32, 0x01, 0x32, 0x01, 0x32, 0x01, 0x32, 0x00, 0x02, 0x1C, 0x30, 0x00, 0x0A,
    0x01, 0x31, 0x01, 0x31, 0x01, 0x31, 0x01, 0x31, 0x01, 0x31, 0x01, 0x31, 0x01, 0x31, 0x01, 0x31,
    0x01, 0x31, 0x01, 0x31, 0x00, 0x02, 0x1C, 0x16, 0x00, 0x0A, 0x00, 0x4E, 0x00, 0x4E, 0x00, 0x4E,
    0x00, 0x4E, 0x00, 0x4E, 0x00, 0x4E, 0x00, 0x4E, 0x00, 0x4E, 0x00, 0x4E, 0x00, 0x4E, 0x00, 0x02,
    0x1B, 0xFC, 0x00, 0x0A, 0x00, 0x4D, 0x00, 0x4D, 0x00, 0x4D, 0x00, 0x4D, 0x00, 0x4D, 0x00, 0x4D,
    0x00, 0x4D, 0x00, 0x4D, 0x00, 0x4D, 0x00, 0x4D, 0x00, 0x02, 0x1B, 0xE2, 0x00, 0x0A, 0x00, 0x49,
    0x00, 0x49, 0x00, 0x49, 0x00, 0x49, 0x00, 0x49, 0x00, 0x49, 0x00, 0x49, 0x00, 0x49, 0x00, 0x49,
    0x00, 0x49, 0x00, 0x02, 0x1B, 0xC8, 0x00, 0x0A, 0x00, 0x48, 0x00, 0x48, 0x00, 0x48, 0x00, 0x48,
    0x00, 0x48, 0x00, 0x48, 0x00, 0x48, 0x00, 0x48, 0x00, 0x48, 0x00, 0x48, 0x00, 0x02, 0x1B, 0xAE,
    0x00, 0x0A, 0x00, 0x47, 0x00, 0x47, 0x00, 0x47, 0x00, 0x47, 0x00, 0x47, 0x00, 0x47, 0x00, 0x47,
    0x00, 0x47, 0x00, 0x47, 0x00, 0x47, 0x00, 0x02, 0x1B, 0x94, 0x00, 0x0A, 0x00, 0x40, 0x00, 0x40,
    0x00, 0x40, 0x00, 0x40, 0x00, 0x40, 0x00, 0x40, 0x00, 0x40, 0x00, 0x40, 0x00, 0x40, 0x00, 0x40,
    0x00, 0x02, 0x1B, 0x7A, 0x00, 0x0A, 0x00, 0x3F, 0x00, 0x3F, 0x00, 0x3F, 0x00, 0x3F, 0x00, 0x3F,
    0x00, 0x3F, 0x00, 0x3F, 0x00, 0x3F, 0x00, 0x3F, 0x00, 0x3F, 0x00, 0x02, 0x1B, 0x60, 0x00, 0x0A,
    0x01, 0x6A, 0x01, 0x6A, 0x01, 0x6A, 0x01, 0x6A, 0x01, 0x6A, 0x01, 0x6A, 0x01, 0x6A, 0x01, 0x6A,
    0x01, 0x6A, 0x01, 0x6A, 0x00, 0x02, 0x1B, 0x46, 0x00, 0x0A, 0x01, 0x69, 0x01, 0x69, 0x01, 0x69,
    0x01, 0x69, 0x01, 0x69, 0x01, 0x69, 0x01, 0x69, 0x01, 0x69, 0x01, 0x69, 0x01, 0x69, 0x00, 0x02,
    0x1B, 0x2C, 0x00, 0x0A, 0x01, 0x68, 0x01, 0x68, 0x01, 0x68, 0x01, 0x68, 0x01, 0x68, 0x01, 0x68,
    0x01, 0x68, 0x01, 0x68, 0x01, 0x68, 0x01, 0x68, 0x00, 0x02, 0x1B, 0x12, 0x00, 0x0A, 0x01, 0x67,
    0x01, 0x67, 0x01, 0x67, 0x01, 0x67, 0x01, 0x67, 0x01, 0x67, 0x01, 0x67, 0x01, 0x67, 0x01, 0x67,
    0x01, 0x67, 0x00, 0x02, 0x1A, 0xF8, 0x00, 0x0A, 0x01, 0x66, 0x01, 0x66, 0x01, 0x66, 0x01, 0x66,
    0x01, 0x66, 0x01, 0x66, 0x01, 0x66, 0x01, 0x66, 0x01, 0x66, 0x01, 0x66, 0x00, 0x02, 0x1A, 0xDE,
    0x00, 0x0A, 0x01, 0x65, 0x01, 0x65, 0x01, 0x65, 0x01, 0x65, 0x01, 0x65, 0x01, 0x65, 0x01, 0x65,
    0x01, 0x65, 0x01, 0x65, 0x01, 0x65, 0x00, 0x02, 0x1A, 0xC4, 0x00, 0x0A, 0x01, 0x64, 0x01, 0x64,
    0x01, 0x64, 0x01, 0x64, 0x01, 0x64, 0x01, 0x64, 0x01, 0x64, 0x01, 0x64, 0x01, 0x64, 0x01, 0x64,
    0x00, 0x02, 0x1A, 0xAA, 0x00, 0x0A, 0x01, 0x63, 0x01, 0x63, 0x01, 0x63, 0x01, 0x63, 0x01, 0x63,
    0x01, 0x63, 0x01, 0x63, 0x01, 0x63, 0x01, 0x63, 0x01, 0x63, 0x00, 0x02, 0x1A, 0x90, 0x00, 0x0A,
    0x01, 0x62, 0x01, 0x62, 0x01, 0x62, 0x01, 0x62, 0x01, 0x62, 0x01, 0x62, 0x01, 0x62, 0x01, 0x62,
    0x01, 0x62, 0x01, 0x62, 0x00, 0x02, 0x1A, 0x76, 0x00, 0x0A, 0x01, 0x61, 0x01, 0x61, 0x01, 0x61,
    0x01, 0x61, 0x01, 0x61, 0x01, 0x61, 0x01, 0x61, 0x01, 0x61, 0x01, 0x61, 0x01, 0x61, 0x00, 0x02,
    0x1A, 0x5C, 0x00, 0x0A, 0x01, 0x59, 0x01, 0x59, 0x01, 0x59, 0x01, 0x59, 0x01, 0x59, 0x01, 0x59,
    0x01, 0x59, 0x01, 0x59, 0x01, 0x59, 0x01, 0x59, 0x00, 0x02, 0x1A, 0x42, 0x00, 0x0A, 0x01, 0x58,
    0x01, 0x58, 0x01, 0x58, 0x01, 0x58, 0x01, 0x58, 0x01, 0x58, 0x01, 0x58, 0x01, 0x58, 0x01, 0x58,
    0x01, 0x58, 0x00, 0x02, 0x1A, 0x28, 0x00, 0x0A, 0x01, 0x57, 0x01, 0x57, 0x01, 0x57, 0x01, 0x57,
    0x01, 0x57, 0x01, 0x57, 0x01, 0x57, 0x01, 0x57, 0x01, 0x57, 0x01, 0x57, 0x00, 0x02, 0x1A, 0x0E,
    0x00, 0x0A, 0x01, 0x56, 0x01, 0x56, 0x01, 0x56, 0x01, 0x56, 0x01, 0x56, 0x01, 0x56, 0x01, 0x56,
    0x01, 0x56, 0x01, 0x56, 0x01, 0x56, 0x00, 0x02, 0x19, 0xF4, 0x00, 0x0A, 0x01, 0x55, 0x01, 0x55,
    0x01, 0x55, 0x01, 0x55, 0x01, 0x55, 0x01, 0x55, 0x01, 0x55, 0x01, 0x55, 0x01, 0x55, 0x01, 0x55,
    0x00, 0x02, 0x19, 0xDA, 0x00, 0x0A, 0x01, 0x54, 0x01, 0x54, 0x01, 0x54, 0x01, 0x54, 0x01, 0x54,
    0x01, 0x54, 0x01, 0x54, 0x01, 0x54, 0x01, 0x54, 0x01, 0x54, 0x00, 0x02, 0x19, 0xC0, 0x00, 0x0A,
    0x01, 0x53, 0x01, 0x53, 0x01, 0x53, 0x01, 0x53, 0x01, 0x53, 0x01, 0x53, 0x01, 0x53, 0x01, 0x53,
    0x01, 0x53, 0x01, 0x53, 0x00, 0x02, 0x19, 0xA6, 0x00, 0x0A, 0x01, 0x52, 0x01, 0x52, 0x01, 0x52,
    0x01, 0x52, 0x01, 0x52, 0x01, 0x52, 0x01, 0x52, 0x01, 0x52, 0x01, 0x52, 0x01, 0x52, 0x00, 0x02,
    0x19, 0x8C, 0x00, 0x0A, 0x01, 0x51, 0x01, 0x51, 0x01, 0x51, 0x01, 0x51, 0x01, 0x51, 0x01, 0x51,
    0x01, 0x51, 0x01, 0x51, 0x01, 0x51, 0x01, 0x51, 0x00, 0x02, 0x19, 0x72, 0x00, 0x0A, 0x01, 0x50,
    0x01, 0x50, 0x01, 0x50, 0x01, 0x50, 0x01, 0x50, 0x01, 0x50, 0x01, 0x50, 0x01, 0x50, 0x01, 0x50,
    0x01, 0x50, 0x00, 0x02, 0x19, 0x58, 0x00, 0x0A, 0x01, 0x4F, 0x01, 0x4F, 0x01, 0x4F, 0x01, 0x4F,
    0x01, 0x4F, 0x01, 0x4F, 0x01, 0x4F, 0x01, 0x4F, 0x01, 0x4F, 0x01, 0x4F, 0x00, 0x02, 0x19, 0x3E,
    0x00, 0x0A, 0x01, 0x4E, 0x01, 0x4E, 0x01, 0x4E, 0x01, 0x4E, 0x01, 0x4E, 0x01, 0x4E, 0x01, 0x4E,
    0x01, 0x4E, 0x01, 0x4E, 0x01, 0x4E, 0x00, 0x02, 0x19, 0x24, 0x00, 0x0A, 0x01, 0x4D, 0x01, 0x4D,
    0x01, 0x4D, 0x01, 0x4D, 0x01, 0x4D, 0x01, 0x4D, 0x01, 0x4D, 0x01, 0x4D, 0x01, 0x4D, 0x01, 0x4D,
    0x00, 0x02, 0x19, 0x0A, 0x00, 0x0A, 0x01, 0x4C, 0x01, 0x4C, 0x01, 0x4C, 0x01, 0x4C, 0x01, 0x4C,
    0x01, 0x4C, 0x01, 0x4C, 0x01, 0x4C, 0x01, 0x4C, 0x01, 0x4C, 0x00, 0x02, 0x18, 0xF0, 0x00, 0x0A,
    0x01, 0x4B, 0x01, 0x4B, 0x01, 0x4B, 0x01, 0x4B, 0x01, 0x4B, 0x01, 0x4B, 0x01, 0x4B, 0x01, 0x4B,
    0x01, 0x4B, 0x01, 0x4B, 0x00, 0x02, 0x18, 0xD6, 0x00, 0x0A, 0x01, 0x4A, 0x01, 0x4A, 0x01, 0x4A,
    0x01, 0x4A, 0x01, 0x4A, 0x01, 0x4A, 0x01, 0x4A, 0x01, 0x4A, 0x01, 0x4A, 0x01, 0x4A, 0x00, 0x02,
    0x18, 0xBC, 0x00, 0x0A, 0x01, 0x49, 0x01, 0x49, 0x01, 0x49, 0x01, 0x49, 0x01, 0x49, 0x01, 0x49,
    0x01, 0x49, 0x01, 0x49, 0x01, 0x49, 0x01, 0x49, 0x00, 0x02, 0x18, 0xA2, 0x00, 0x0A, 0x01, 0x48,
    0x01, 0x48, 0x01, 0x48, 0x01, 0x48, 0x01, 0x48, 0x01, 0x48, 0x01, 0x48, 0x01, 0x48, 0x01, 0x48,
    0x01, 0x48, 0x00, 0x02, 0x18, 0x88, 0x00, 0x0A, 0x01, 0x47, 0x01, 0x47, 0x01, 0x47, 0x01, 0x47,
    0x01, 0x47, 0x01, 0x47, 0x01, 0x47, 0x01, 0x47, 0x01, 0x47, 0x01, 0x47, 0x00, 0x02, 0x18, 0x6E,
    0x00, 0x0A, 0x01, 0x46, 0x01, 0x46, 0x01, 0x46, 0x01, 0x46, 0x01, 0x46, 0x01, 0x46, 0x01, 0x46,
    0x01, 0x46, 0x01, 0x46, 0x01, 0x46, 0x00, 0x02, 0x18, 0x54, 0x00, 0x0A, 0x01, 0x45, 0x01, 0x45,
    0x01, 0x45, 0x01, 0x45, 0x01, 0x45, 0x01, 0x45, 0x01, 0x45, 0x01, 0x45, 0x01, 0x45, 0x01, 0x45,
    0x00, 0x02, 0x18, 0x3A, 0x00, 0x0A, 0x01, 0x44, 0x01, 0x44, 0x01, 0x44, 0x01, 0x44, 0x01, 0x44,
    0x01, 0x44, 0x01, 0x44, 0x01, 0x44, 0x01, 0x44, 0x01, 0x44, 0x00, 0x02, 0x18, 0x20, 0x00, 0x0A,
    0x01, 0x43, 0x01, 0x43, 0x01, 0x43, 0x01, 0x43, 0x01, 0x43, 0x01, 0x43, 0x01, 0x43, 0x01, 0x43,
    0x01, 0x43, 0x01, 0x43, 0x00, 0x02, 0x18, 0x06, 0x00, 0x0A, 0x01, 0x42, 0x01, 0x42, 0x01, 0x42,
    0x01, 0x42, 0x01, 0x42, 0x01, 0x42, 0x01, 0x42, 0x01, 0x42, 0x01, 0x42, 0x01, 0x42, 0x00, 0x02,
    0x17, 0xEC, 0x00, 0x0A, 0x01, 0x41, 0x01, 0x41, 0x01, 0x41, 0x01, 0x41, 0x01, 0x41, 0x01, 0x41,
    0x01, 0x41, 0x01, 0x41, 0x01, 0x41, 0x01, 0x41, 0x00, 0x02, 0x17, 0xD2, 0x00, 0x0A, 0x01, 0x40,
    0x01, 0x40, 0x01, 0x40, 0x01, 0x40, 0x01, 0x40, 0x01, 0x40, 0x01, 0x40, 0x01, 0x40, 0x01, 0x40,
    0x01, 0x40, 0x00, 0x02, 0x17, 0xB8, 0x00, 0x0A, 0x01, 0x3F, 0x01, 0x3F, 0x01, 0x3F, 0x01, 0x3F,
    0x01, 0x3F, 0x01, 0x3F, 0x01, 0x3F, 0x01, 0x3F, 0x01, 0x3F, 0x01, 0x3F, 0x00, 0x02, 0x17, 0x9E,
    0x00, 0x0A, 0x01, 0x3E, 0x01, 0x3E, 0x01, 0x3E, 0x01, 0x3E, 0x01, 0x3E, 0x01, 0x3E, 0x01, 0x3E,
    0x01, 0x3E, 0x01, 0x3E, 0x01, 0x3E, 0x00, 0x02, 0x17, 0x84, 0x00, 0x0A, 0x01, 0x3D, 0x01, 0x3D,
    0x01, 0x3D, 0x01, 0x3D, 0x01, 0x3D, 0x01, 0x3D, 0x01, 0x3D, 0x01, 0x3D, 0x01, 0x3D, 0x01, 0x3D,
    0x00, 0x02, 0x17, 0x6A, 0x00, 0x0A, 0x01, 0x3C, 0x01, 0x3C, 0x01, 0x3C, 0x01, 0x3C, 0x01, 0x3C,
    0x01, 0x3C, 0x01, 0x3C, 0x01, 0x3C, 0x01, 0x3C, 0x01, 0x3C, 0x00, 0x02, 0x17, 0x50, 0x00, 0x0A,
    0x01, 0x3B, 0x01, 0x3B, 0x01, 0x3B, 0x01, 0x3B, 0x01, 0x3B, 0x01, 0x3B, 0x01, 0x3B, 0x01, 0x3B,
    0x01, 0x3B, 0x01, 0x3B, 0x00, 0x02, 0x17, 0x36, 0x00, 0x0A, 0x01, 0x3A, 0x01, 0x3A, 0x01, 0x3A,
    0x01, 0x3A, 0x01, 0x3A, 0x01, 0x3A, 0x01, 0x3A, 0x01, 0x3A, 0x01, 0x3A, 0x01, 0x3A, 0x00, 0x02,
    0x17, 0x1C, 0x00, 0x0A, 0x01, 0x39, 0x01, 0x39, 0x01, 0x39, 0x01, 0x39, 0x01, 0x39, 0x01, 0x39,
    0x01, 0x39, 0x01, 0x39, 0x01, 0x39, 0x01, 0x39, 0x00, 0x02, 0x17, 0x02, 0x00, 0x0A, 0x01, 0x38,
    0x01, 0x38, 0x01, 0x38, 0x01, 0x38, 0x01, 0x38, 0x01, 0x38, 0x01, 0x38, 0x01, 0x38, 0x01, 0x38,
    0x01, 0x38, 0x00, 0x02, 0x16, 0xE8, 0x00, 0x0A, 0x01, 0x37, 0x01, 0x37, 0x01, 0x37, 0x01, 0x37,
    0x01, 0x37, 0x01, 0x37, 0x01, 0x37, 0x01, 0x37, 0x01, 0x37, 0x01, 0x37, 0x00, 0x02, 0x16, 0xCE,
    0x00, 0x0A, 0x01, 0x36, 0x01, 0x36, 0x01, 0x36, 0x01, 0x36, 0x01, 0x36, 0x01, 0x36, 0x01, 0x36,
    0x01, 0x36, 0x01, 0x36, 0x01, 0x36, 0x00, 0x02, 0x16, 0xB4, 0x00, 0x0A, 0x01, 0x30, 0x01, 0x30,
    0x01, 0x30, 0x01, 0x30, 0x01, 0x30, 0x01, 0x30, 0x01, 0x30, 0x01, 0x30, 0x01, 0x30, 0x01, 0x30,
    0x00, 0x02, 0x16, 0x9A, 0x00, 0x0A, 0x01, 0x2F, 0x01, 0x2F, 0x01, 0x2F, 0x01, 0x2F, 0x01, 0x2F,
    0x01, 0x2F, 0x01, 0x2F, 0x01, 0x2F, 0x01, 0x2F, 0x01, 0x2F, 0x00, 0x02, 0x16, 0x80, 0x00, 0x0A,
    0x01, 0x2E, 0x01, 0x2E, 0x01, 0x2E, 0x01, 0x2E, 0x01, 0x2E, 0x01, 0x2E, 0x01, 0x2E, 0x01, 0x2E,
    0x01, 0x2E, 0x01, 0x2E, 0x00, 0x02, 0x16, 0x66, 0x00, 0x0A, 0x01, 0x2D, 0x01, 0x2D, 0x01, 0x2D,
    0x01, 0x2D, 0x01, 0x2D, 0x01, 0x2D, 0x01, 0x2D, 0x01, 0x2D, 0x01, 0x2D, 0x01, 0x2D, 0x00, 0x02,
    0x16, 0x4C, 0x00, 0x0A, 0x01, 0x2C, 0x01, 0x2C, 0x01, 0x2C, 0x01, 0x2C, 0x01, 0x2C, 0x01, 0x2C,
    0x01, 0x2C, 0x01, 0x2C, 0x01, 0x2C, 0x01, 0x2C, 0x00, 0x02, 0x16, 0x32, 0x00, 0x0A, 0x01, 0x2B,
    0x01, 0x2B, 0x01, 0x2B, 0x01, 0x2B, 0x01, 0x2B, 0x01, 0x2B, 0x01, 0x2B, 0x01, 0x2B, 0x01, 0x2B,
    0x01, 0x2B, 0x00, 0x02, 0x16, 0x18, 0x00, 0x0A, 0x01, 0x2A, 0x01, 0x2A, 0x01, 0x2A, 0x01, 0x2A,
    0x01, 0x2A, 0x01, 0x2A, 0x01, 0x2A, 0x01, 0x2A, 0x01, 0x2A, 0x01, 0x2A, 0x00, 0x02, 0x15, 0xFE,
    0x00, 0x0A, 0x01, 0x29, 0x01, 0x29, 0x01, 0x29, 0x01, 0x29, 0x01, 0x29, 0x01, 0x29, 0x01, 0x29,
    0x01, 0x29, 0x01, 0x29, 0x01, 0x29, 0x00, 0x02, 0x15, 0xE4, 0x00, 0x0A, 0x01, 0x28, 0x01, 0x28,
    0x01, 0x28, 0x01, 0x28, 0x01, 0x28, 0x01, 0x28, 0x01, 0x28, 0x01, 0x28, 0x01, 0x28, 0x01, 0x28,
    0x00, 0x02, 0x15, 0xCA, 0x00, 0x0A, 0x01, 0x27, 0x01, 0x27, 0x01, 0x27, 0x01, 0x27, 0x01, 0x27,
    0x01, 0x27, 0x01, 0x27, 0x01, 0x27, 0x01, 0x27, 0x01, 0x27, 0x00, 0x02, 0x15, 0xB0, 0x00, 0x0A,
    0x00, 0x83, 0x00, 0x83, 0x00, 0x83, 0x00, 0x83, 0x00, 0x83, 0x00, 0x83, 0x00, 0x83, 0x00, 0x83,
    0x00, 0x83, 0x00, 0x83, 0x00, 0x02, 0x15, 0x96, 0x00, 0x0A, 0x00, 0x82, 0x00, 0x82, 0x00, 0x82,
    0x00, 0x82, 0x00, 0x82, 0x00, 0x82, 0x00, 0x82, 0x00, 0x82, 0x00, 0x82, 0x00, 0x82, 0x00, 0x02,
    0x15, 0x7C, 0x00, 0x0A, 0x00, 0x81, 0x00, 0x81, 0x00, 0x81, 0x00, 0x81, 0x00, 0x81, 0x00, 0x81,
    0x00, 0x81, 0x00, 0x81, 0x00, 0x81, 0x00, 0x81, 0x00, 0x02, 0x15, 0x62, 0x00, 0x0A, 0x00, 0x80,
    0x00, 0x80, 0x00, 0x80, 0x00, 0x80, 0x00, 0x80, 0x00, 0x80, 0x00, 0x80, 0x00, 0x80, 0x00, 0x80,
    0x00, 0x80, 0x00, 0x02, 0x15, 0x48, 0x00, 0x0A, 0x00, 0x7F, 0x00, 0x7F, 0x00, 0x7F, 0x00, 0x7F,
    0x00, 0x7F, 0x00, 0x7F, 0x00, 0x7F, 0x00, 0x7F, 0x00, 0x7F, 0x00, 0x7F, 0x00, 0x02, 0x15, 0x2E,
    0x00, 0x0A, 0x00, 0x7E, 0x00, 0x7E, 0x00, 0x7E, 0x00, 0x7E, 0x00, 0x7E, 0x00, 0x7E, 0x00, 0x7E,
    0x00, 0x7E, 0x00, 0x7E, 0x00, 0x7E, 0x00, 0x02, 0x15, 0x14, 0x00, 0x0A, 0x00, 0x7D, 0x00, 0x7D,
    0x00, 0x7D, 0x00, 0x7D, 0x00, 0x7D, 0x00, 0x7D, 0x00, 0x7D, 0x00, 0x7D, 0x00, 0x7D, 0x00, 0x7D,
    0x00, 0x02, 0x14, 0xFA, 0x00, 0x0A, 0x00, 0x7C, 0x00, 0x7C, 0x00, 0x7C, 0x00, 0x7C, 0x00, 0x7C,
    0x00, 0x7C, 0x00, 0x7C, 0x00, 0x7C, 0x00, 0x7C, 0x00, 0x7C, 0x00, 0x02, 0x14, 0xE0, 0x00, 0x0A,
    0x00, 0x7B, 0x00, 0x7B, 0x00, 0x7B, 0x00, 0x7B, 0x00, 0x7B, 0x00, 0x7B, 0x00, 0x7B, 0x00, 0x7B,
    0x00, 0x7B, 0x00, 0x7B, 0x00, 0x02, 0x14, 0xC6, 0x00, 0x0A, 0x00, 0x7A, 0x00, 0x7A, 0x00, 0x7A,
    0x00, 0x7A, 0x00, 0x7A, 0x00, 0x7A, 0x00, 0x7A, 0x00, 0x7A, 0x00, 0x7A, 0x00, 0x7A, 0x00, 0x02,
    0x14, 0xAC, 0x00, 0x0A, 0x00, 0x79, 0x00, 0x79, 0x00, 0x79, 0x00, 0x79, 0x00, 0x79, 0x00, 0x79,
    0x00, 0x79, 0x00, 0x79, 0x00, 0x79, 0x00, 0x79, 0x00, 0x02, 0x14, 0x92, 0x00, 0x0A, 0x00, 0x78,
    0x00, 0x78, 0x00, 0x78, 0x00, 0x78, 0x00, 0x78, 0x00, 0x78, 0x00, 0x78, 0x00, 0x78, 0x00, 0x78,
    0x00, 0x78, 0x00, 0x02, 0x14, 0x78, 0x00, 0x0A, 0x00, 0x77, 0x00, 0x77, 0x00, 0x77, 0x00, 0x77,
    0x00, 0x77, 0x00, 0x77, 0x00, 0x77, 0x00, 0x77, 0x00, 0x77, 0x00, 0x77, 0x00, 0x02, 0x14, 0x5E,
    0x00, 0x0A, 0x00, 0x76, 0x00, 0x76, 0x00, 0x76, 0x00, 0x76, 0x00, 0x76, 0x00, 0x76, 0x00, 0x76,
    0x00, 0x76, 0x00, 0x76, 0x00, 0x76, 0x00, 0x02, 0x14, 0x44, 0x00, 0x0A, 0x00, 0x75, 0x00, 0x75,
    0x00, 0x75, 0x00, 0x75, 0x00, 0x75, 0x00, 0x75, 0x00, 0x75, 0x00, 0x75, 0x00, 0x75, 0x00, 0x75,
    0x00, 0x02, 0x14, 0x2A, 0x00, 0x0A, 0x00, 0x74, 0x00, 0x74, 0x00, 0x74, 0x00, 0x74, 0x00, 0x74,
    0x00, 0x74, 0x00, 0x74, 0x00, 0x74, 0x00, 0x74, 0x00, 0x74, 0x00, 0x02, 0x14, 0x10, 0x00, 0x0A,
    0x00, 0x73, 0x00, 0x73, 0x00, 0x73, 0x00, 0x73, 0x00, 0x73, 0x00, 0x73, 0x00, 0x73, 0x00, 0x73,
    0x00, 0x73, 0x00, 0x73, 0x00, 0x02, 0x13, 0xF6, 0x00, 0x0A, 0x00, 0x72, 0x00, 0x72, 0x00, 0x72,
    0x00, 0x72, 0x00, 0x72, 0x00, 0x72, 0x00, 0x72, 0x00, 0x72, 0x00, 0x72, 0x00, 0x72, 0x00, 0x02,
    0x13, 0xDC, 0x00, 0x0A, 0x00, 0x71, 0x00, 0x71, 0x00, 0x71, 0x00, 0x71, 0x00, 0x71, 0x00, 0x71,
    0x00, 0x71, 0x00, 0x71, 0x00, 0x71, 0x00, 0x71, 0x00, 0x02, 0x13, 0xC2, 0x00, 0x0A, 0x00, 0x70,
    0x00, 0x70, 0x00, 0x70, 0x00, 0x70, 0x00, 0x70, 0x00, 0x70, 0x00, 0x70, 0x00, 0x70, 0x00, 0x70,
    0x00, 0x70, 0x00, 0x02, 0x13, 0xA8, 0x00, 0x0A, 0x00, 0x6F, 0x00, 0x6F, 0x00, 0x6F, 0x00, 0x6F,
    0x00, 0x6F, 0x00, 0x6F, 0x00, 0x6F, 0x00, 0x6F, 0x00, 0x6F, 0x00, 0x6F, 0x00, 0x02, 0x13, 0x8E,
    0x00, 0x0A, 0x00, 0x6E, 0x00, 0x6E, 0x00, 0x6E, 0x00, 0x6E, 0x00, 0x6E, 0x00, 0x6E, 0x00, 0x6E,
    0x00, 0x6E, 0x00, 0x6E, 0x00, 0x6E, 0x00, 0x02, 0x13, 0x74, 0x00, 0x0A, 0x00, 0x6D, 0x00, 0x6D,
    0x00, 0x6D, 0x00, 0x6D, 0x00, 0x6D, 0x00, 0x6D, 0x00, 0x6D, 0x00, 0x6D, 0x00, 0x6D, 0x00, 0x6D,
    0x00, 0x02, 0x13, 0x5A, 0x00, 0x0A, 0x00, 0x6C, 0x00, 0x6C, 0x00, 0x6C, 0x00, 0x6C, 0x00, 0x6C,
    0x00, 0x6C, 0x00, 0x6C, 0x00, 0x6C, 0x00, 0x6C, 0x00, 0x6C, 0x00, 0x02, 0x13, 0x40, 0x00, 0x0A,
    0x00, 0x6B, 0x00, 0x6B, 0x00, 0x6B, 0x00, 0x6B, 0x00, 0x6B, 0x00, 0x6B, 0x00, 0x6B, 0x00, 0x6B,
    0x00, 0x6B, 0x00, 0x6B, 0x00, 0x02, 0x13, 0x26, 0x00, 0x0A, 0x00, 0x6A, 0x00, 0x6A, 0x00, 0x6A,
    0x00, 0x6A, 0x00, 0x6A, 0x00, 0x6A, 0x00, 0x6A, 0x00, 0x6A, 0x00, 0x6A, 0x00, 0x6A, 0x00, 0x02,
    0x13, 0x0C, 0x00, 0x0A, 0x00, 0x69, 0x00, 0x69, 0x00, 0x69, 0x00, 0x69, 0x00, 0x69, 0x00, 0x69,
    0x00, 0x69, 0x00, 0x69, 0x00, 0x69, 0x00, 0x69, 0x00, 0x02, 0x12, 0xF2, 0x00, 0x0A, 0x00, 0x68,
    0x00, 0x68, 0x00, 0x68, 0x00, 0x68, 0x00, 0x68, 0x00, 0x68, 0x00, 0x68, 0x00, 0x68, 0x00, 0x68,
    0x00, 0x68, 0x00, 0x02, 0x12, 0xD8, 0x00, 0x0A, 0x00, 0x67, 0x00, 0x67, 0x00, 0x67, 0x00, 0x67,
    0x00, 0x67, 0x00, 0x67, 0x00, 0x67, 0x00, 0x67, 0x00, 0x67, 0x00, 0x67, 0x00, 0x02, 0x12, 0xBE,
    0x00, 0x0A, 0x00, 0x66, 0x00, 0x66, 0x00, 0x66, 0x00, 0x66, 0x00, 0x66, 0x00, 0x66, 0x00, 0x66,
    0x00, 0x66, 0x00, 0x66, 0x00, 0x66, 0x00, 0x02, 0x12, 0xA4, 0x00, 0x0A, 0x00, 0x65, 0x00, 0x65,
    0x00, 0x65, 0x00, 0x65, 0x00, 0x65, 0x00, 0x65, 0x00, 0x65, 0x00, 0x65, 0x00, 0x65, 0x00, 0x65,
    0x00, 0x02, 0x12, 0x8A, 0x00, 0x0A, 0x00, 0x64, 0x00, 0x64, 0x00, 0x64, 0x00, 0x64, 0x00, 0x64,
    0x00, 0x64, 0x00, 0x64, 0x00, 0x64, 0x00, 0x64, 0x00, 0x64, 0x00, 0x02, 0x12, 0x70, 0x00, 0x0A,
    0x00, 0x63, 0x00, 0x63, 0x00, 0x63, 0x00, 0x63, 0x00, 0x63, 0x00, 0x63, 0x00, 0x63, 0x00, 0x63,
    0x00, 0x63, 0x00, 0x63, 0x00, 0x02, 0x12, 0x56, 0x00, 0x0A, 0x00, 0x62, 0x00, 0x62, 0x00, 0x62,
    0x00, 0x62, 0x00, 0x62, 0x00, 0x62, 0x00, 0x62, 0x00, 0x62, 0x00, 0x62, 0x00, 0x62, 0x00, 0x02,
    0x12, 0x3C, 0x00, 0x0A, 0x00, 0x61, 0x00, 0x61, 0x00, 0x61, 0x00, 0x61, 0x00, 0x61, 0x00, 0x61,
    0x00, 0x61, 0x00, 0x61, 0x00, 0x61, 0x00, 0x61, 0x00, 0x02, 0x12, 0x22, 0x00, 0x0A, 0x00, 0x60,
    0x00, 0x60, 0x00, 0x60, 0x00, 0x60, 0x00, 0x60, 0x00, 0x60, 0x00, 0x60, 0x00, 0x60, 0x00, 0x60,
    0x00, 0x60, 0x00, 0x01, 0x12, 0x20, 0x00, 0x0A, 0x10, 0xBE, 0x10, 0xC2, 0x10, 0xC6, 0x10, 0xCA,
    0x11, 0xB4, 0x10, 0xCE, 0x10, 0xD2, 0x10, 0xD6, 0x11, 0x94, 0x10, 0xDA, 0x00, 0x03, 0x00, 0x01,
    0x11, 0xC4, 0x00, 0x01, 0x0F, 0x40, 0x00, 0x00, 0x00, 0x01, 0x00, 0x00, 0x00, 0xBB, 0x00, 0x03,
    0x00, 0x02, 0x0F, 0x54, 0x11, 0xB2, 0x00, 0x01, 0x0F, 0x2E, 0x00, 0x00, 0x00, 0x01, 0x00, 0x00,
    0x00, 0xBB, 0x00, 0x03, 0x00, 0x01, 0x11, 0x9E, 0x00, 0x02, 0x0F, 0x46, 0x0F, 0x1A, 0x00, 0x00,
    0x00, 0x01, 0x00, 0x00, 0x00, 0x99, 0x00, 0x03, 0x00, 0x02, 0x00, 0x01, 0x13, 0xFC, 0x11, 0x54,
    0x00, 0x00, 0x00, 0x14, 0x00, 0x03, 0x00, 0x02, 0x00, 0x01, 0x13, 0xEE, 0x11, 0x3A, 0x00, 0x00,
    0x00, 0x14, 0x00, 0x03, 0x00, 0x02, 0x00, 0x01, 0x13, 0xE0, 0x11, 0x32, 0x00, 0x00, 0x00, 0x13,
    0x00, 0x03, 0x00, 0x02, 0x00, 0x01, 0x13, 0xD2, 0x11, 0x30, 0x00, 0x00, 0x00, 0x13, 0x00, 0x03,
    0x00, 0x02, 0x00, 0x01, 0x11, 0x6C, 0x11, 0x1C, 0x00, 0x01, 0x00, 0x12, 0x00, 0x03, 0x00, 0x02,
    0x00, 0x01, 0x11, 0x5E, 0x11, 0x14, 0x00, 0x01, 0x00, 0x12, 0x00, 0x03, 0x00, 0x03, 0x00, 0x01,
    0x11, 0x50, 0x11, 0x44, 0x11, 0x00, 0x00, 0x02, 0x00, 0x12, 0x00, 0x03, 0x00, 0x03, 0x00, 0x01,
    0x11, 0x40, 0x11, 0x34, 0x10, 0xF6, 0x00, 0x02, 0x00, 0x12, 0x00, 0x03, 0x00, 0x01, 0x11, 0x16,
    0x00, 0x02, 0x10, 0xF6, 0x0E, 0x92, 0x00, 0x00, 0x00, 0x02, 0x00, 0x00, 0x00, 0x9B, 0x00, 0x01,
    0x00, 0x9C, 0x00, 0x03, 0x00, 0x01, 0x10, 0xFE, 0x00, 0x02, 0x10, 0xE4, 0x0E, 0x7A, 0x00, 0x00,
    0x00, 0x02, 0x00, 0x00, 0x00, 0x9B, 0x00, 0x01, 0x00, 0x9A, 0x00, 0x01, 0x15, 0x84, 0x00, 0x16,
    0x11, 0x8A, 0x11, 0xA0, 0x11, 0xB6, 0x11, 0xCC, 0x11, 0xE2, 0x11, 0xF8, 0x10, 0x0C, 0x12, 0x0E,
    0x12, 0x24, 0x12, 0x3A, 0x12, 0x50, 0x12, 0x66, 0x12, 0x7C, 0x12, 0x92, 0x12, 0xA8, 0x12, 0xBE,
    0x12, 0xD4, 0x12, 0xEA, 0x13, 0x00, 0x13, 0x16, 0x13, 0x2C, 0x13, 0x42, 0x00, 0x02, 0x16, 0xBA,
    0x00, 0x1F, 0x00, 0x88, 0x00, 0x89, 0x00, 0x8A, 0x00, 0x8B, 0x00, 0x8C, 0x00, 0x8D, 0x00, 0x8E,
    0x00, 0x8F, 0x00, 0x90, 0x00, 0x91, 0x00, 0x92, 0x00, 0x93, 0x00, 0x94, 0x00, 0x95, 0x00, 0x96,
    0x00, 0x97, 0x00, 0x9A, 0x00, 0x9B, 0x00, 0x9C, 0x00, 0x9D, 0x00, 0x9F, 0x00, 0xA0, 0x00, 0xA1,
    0x00, 0xA2, 0x00, 0xA3, 0x00, 0xA4, 0x00, 0xA5, 0x00, 0xA6, 0x00, 0xA7, 0x00, 0x84, 0x00, 0x85,
    0x00, 0x01, 0x12, 0xE2, 0x00, 0x24, 0x13, 0x10, 0x13, 0x16, 0x13, 0x1C, 0x13, 0x22, 0x13, 0x28,
    0x13, 0x2E, 0x13, 0x34, 0x13, 0x3A, 0x13, 0x40, 0x13, 0x46, 0x13, 0x4C, 0x13, 0x52, 0x13, 0x58,
    0x13, 0x5E, 0x13, 0x64, 0x13, 0x6A, 0x13, 0x70, 0x13, 0x76, 0x13, 0x7C, 0x13, 0x82, 0x13, 0x88,
    0x13, 0x8E, 0x13, 0x94, 0x13, 0x9A, 0x13, 0xA0, 0x13, 0xA6, 0x13, 0xAC, 0x13, 0xB2, 0x13, 0xB8,
    0x13, 0xBE, 0x13, 0xC4, 0x13, 0xCA, 0x13, 0xD0, 0x13, 0xD6, 0x13, 0xDC, 0x13, 0xE2, 0x00, 0x02,
    0x12, 0x94, 0x00, 0x24, 0x00, 0x86, 0x00, 0x87, 0x00, 0x88, 0x00, 0x89, 0x00, 0x8A, 0x00, 0x8B,
    0x00, 0x8C, 0x00, 0x8D, 0x00, 0x8E, 0x00, 0x8F, 0x00, 0x90, 0x00, 0x91, 0x00, 0x92, 0x00, 0x93,
    0x00, 0x94, 0x00, 0x95, 0x00, 0x96, 0x00, 0x97, 0x00, 0x98, 0x00, 0x99, 0x00, 0x9A, 0x00, 0x9B,
    0x00, 0x9C, 0x00, 0x9D, 0x00, 0x9E, 0x00, 0x9F, 0x00, 0xA0, 0x00, 0xA1, 0x00, 0xA2, 0x00, 0xA3,
    0x00, 0xA4, 0x00, 0xA5, 0x00, 0xA6, 0x00, 0xA7, 0x01, 0x1E, 0x01, 0x23, 0x00, 0x01, 0x0E, 0x8C,
    0x00, 0x24, 0x13, 0x4C, 0x13, 0x52, 0x13, 0x58, 0x13, 0x5E, 0x13, 0x64, 0x13, 0x6A, 0x13, 0x70,
    0x13, 0x76, 0x13, 0x7C, 0x13, 0x82, 0x13, 0x88, 0x13, 0x8E, 0x13, 0x94, 0x13, 0x9A, 0x13, 0xA0,
    0x13, 0xA6, 0x13, 0xAC, 0x13, 0xB2, 0x13, 0xB8, 0x13, 0xBE, 0x13, 0xC4, 0x13, 0xCA, 0x13, 0xD0,
    0x13, 0xD6, 0x13, 0xDC, 0x13, 0xE2, 0x13, 0xE8, 0x13, 0xEE, 0x13, 0xF4, 0x13, 0xFA, 0x14, 0x00,
    0x14, 0x06, 0x14, 0x0C, 0x14, 0x12, 0x14, 0x18, 0x14, 0x1E, 0x00, 0x01, 0x15, 0xDA, 0x00, 0x28,
    0x14, 0x4C, 0x14, 0x50, 0x14, 0x54, 0x14, 0x58, 0x14, 0x5C, 0x14, 0x60, 0x14, 0x64, 0x14, 0x68,
    0x14, 0x6C, 0x14, 0x70, 0x14, 0x74, 0x14, 0x78, 0x14, 0x7C, 0x14, 0x80, 0x14, 0x84, 0x14, 0x88,
    0x14, 0x8C, 0x14, 0x90, 0x14, 0x94, 0x14, 0x98, 0x14, 0x9C, 0x14, 0xA0, 0x14, 0xA4, 0x14, 0xA8,
    0x14, 0xAC, 0x14, 0xB0, 0x14, 0xB4, 0x14, 0xB8, 0x14, 0xBC, 0x14, 0xC0, 0x14, 0xC4, 0x14, 0xC8,
    0x14, 0xCC, 0x14, 0xD0, 0x14, 0xD4, 0x14, 0xD8, 0x14, 0xDC, 0x14, 0xE0, 0x14, 0xE4, 0x14, 0xE8,
    0x00, 0x01, 0x15, 0x84, 0x00, 0x28, 0x14, 0x96, 0x14, 0x9A, 0x14, 0x9E, 0x14, 0xA2, 0x14, 0xA6,
    0x14, 0xAA, 0x14, 0xAE, 0x14, 0xB2, 0x14, 0xB6, 0x14, 0xBA, 0x14, 0xBE, 0x14, 0xC2, 0x14, 0xC6,
    0x14, 0xCA, 0x14, 0xCE, 0x14, 0xD2, 0x14, 0xD6, 0x14, 0xDA, 0x14, 0xDE, 0x14, 0xE2, 0x14, 0xE6,
    0x14, 0xEA, 0x14, 0xEE, 0x14, 0xF2, 0x14, 0xF6, 0x14, 0xFA, 0x14, 0xFE, 0x15, 0x02, 0x15, 0x06,
    0x15, 0x0A, 0x15, 0x0E, 0x15, 0x12, 0x15, 0x16, 0x15, 0x1A, 0x15, 0x1E, 0x15, 0x22, 0x15, 0x26,
    0x15, 0x2A, 0x15, 0x2E, 0x15, 0x32, 0x00, 0x01, 0x15, 0x0E, 0x00, 0x2E, 0x15, 0x50, 0x15, 0x66,
    0x15, 0x7C, 0x15, 0x92, 0x15, 0xA8, 0x15, 0xBE, 0x15, 0xD4, 0x15, 0xEA, 0x16, 0x00, 0x16, 0x16,
    0x16, 0x2C, 0x16, 0x42, 0x16, 0x58, 0x16, 0x6E, 0x16, 0x84, 0x16, 0x9A, 0x16, 0xB0, 0x16, 0xC6,
    0x16, 0xDC, 0x16, 0xF2, 0x17, 0x08, 0x17, 0x1E, 0x17, 0x34, 0x17, 0x4A, 0x17, 0x60, 0x17, 0x76,
    0x17, 0x8C, 0x17, 0xA2, 0x17, 0xB8, 0x17, 0xCE, 0x17, 0xE4, 0x17, 0xFA, 0x18, 0x10, 0x18, 0x26,
    0x18, 0x3C, 0x18, 0x52, 0x18, 0x68, 0x18, 0x7E, 0x18, 0x94, 0x18, 0xAA, 0x18, 0xC0, 0x18, 0xD6,
    0x18, 0xEC, 0x19, 0x02, 0x19, 0x18, 0x19, 0x2E, 0x00, 0x01, 0x14, 0xBC, 0x00, 0x2E, 0x18, 0xE2,
    0x18, 0xF8, 0x19, 0x0E, 0x19, 0x24, 0x19, 0x3A, 0x19, 0x50, 0x19, 0x66, 0x19, 0x7C, 0x19, 0x92,
    0x19, 0xA8, 0x19, 0xBE, 0x19, 0xD4, 0x19, 0xEA, 0x1A, 0x00, 0x1A, 0x16, 0x1A, 0x2C, 0x1A, 0x42,
    0x1A, 0x58, 0x1A, 0x6E, 0x1A, 0x84, 0x1A, 0x9A, 0x1A, 0xB0, 0x1A, 0xC6, 0x1A, 0xDC, 0x1A, 0xF2,
    0x1B, 0x08, 0x1B, 0x1E, 0x1B, 0x34, 0x1B, 0x4A, 0x1B, 0x60, 0x1B, 0x76, 0x1B, 0x8C, 0x1B, 0xA2,
    0x1B, 0xB8, 0x1B, 0xCE, 0x1B, 0xE4, 0x1B, 0xFA, 0x1C, 0x10, 0x1C, 0x26, 0x1C, 0x3C, 0x1C, 0x52,
    0x1C, 0x68, 0x1C, 0x7E, 0x1C, 0x94, 0x1C, 0xAA, 0x1C, 0xC0, 0x00, 0x02, 0x0D, 0x16, 0x00, 0x30,
    0x01, 0x70, 0x01, 0x71, 0x01, 0x72, 0x01, 0x73, 0x01, 0x74, 0x01, 0x75, 0x01, 0x76, 0x01, 0x77,
    0x01, 0x78, 0x01, 0x79, 0x01, 0x7A, 0x01, 0x7B, 0x01, 0x7C, 0x01, 0x7D, 0x01, 0x7E, 0x01, 0x7F,
    0x01, 0x80, 0x01, 0x81, 0x01, 0x82, 0x01, 0x83, 0x01, 0x84, 0x01, 0x85, 0x01, 0x86, 0x01, 0x87,
    0x01, 0x88, 0x01, 0x89, 0x01, 0x8A, 0x01, 0x8B, 0x01, 0x8C, 0x01, 0x8D, 0x01, 0x8E, 0x01, 0x8F,
    0x01, 0x90, 0x01, 0x91, 0x01, 0x92, 0x01, 0x93, 0x00, 0x84, 0x00, 0x85, 0x01, 0x27, 0x01, 0x28,
    0x01, 0x29, 0x01, 0x2A, 0x01, 0x2B, 0x01, 0x2C, 0x01, 0x2D, 0x01, 0x2E, 0x01, 0x2F, 0x01, 0x30,
    0x00, 0x02, 0x0E, 0x0A, 0x00, 0x3A, 0x01, 0x5C, 0x01, 0x5D, 0x01, 0x5E, 0x01, 0x5F, 0x01, 0x60,
    0x01, 0x36, 0x01, 0x37, 0x01, 0x38, 0x01, 0x39, 0x01, 0x3A, 0x01, 0x3B, 0x01, 0x3C, 0x01, 0x3D,
    0x01, 0x3E, 0x01, 0x3F, 0x01, 0x40, 0x01, 0x41, 0x01, 0x42, 0x01, 0x43, 0x01, 0x44, 0x01, 0x45,
    0x01, 0x46, 0x01, 0x47, 0x01, 0x48, 0x01, 0x49, 0x01, 0x4A, 0x01, 0x4B, 0x01, 0x4C, 0x01, 0x4D,
    0x01, 0x4E, 0x01, 0x4F, 0x01, 0x50, 0x01, 0x51, 0x01, 0x52, 0x01, 0x53, 0x01, 0x54, 0x01, 0x55,
    0x01, 0x56, 0x01, 0x57, 0x01, 0x58, 0x01, 0x59, 0x01, 0x5A, 0x01, 0x5B, 0x01, 0x61, 0x01, 0x62,
    0x01, 0x63, 0x01, 0x64, 0x01, 0x65, 0x01, 0x66, 0x01, 0x67, 0x01, 0x68, 0x01, 0x69, 0x01, 0x6A,
    0x01, 0x6B, 0x01, 0x6C, 0x01, 0x6D, 0x01, 0x6E, 0x01, 0x6F, 0x00, 0x02, 0x1B, 0xC4, 0x00, 0x76,
    0x01, 0x9E, 0x01, 0x9E, 0x01, 0x9E, 0x01, 0x9E, 0x01, 0x9E, 0x01, 0x9E, 0x01, 0x9E, 0x01, 0x9E,
    0x01, 0x9E, 0x01, 0x9E, 0x01, 0x9E, 0x01, 0x9E, 0x01, 0x9E, 0x01, 0x9E, 0x01, 0x9E, 0x01, 0x9E,
    0x01, 0x9E, 0x01, 0x9E, 0x01, 0x9E, 0x01, 0x9E, 0x01, 0x9E, 0x01, 0x9E, 0x01, 0x9E, 0x01, 0x9E,
    0x01, 0x9E, 0x01, 0x9E, 0x01, 0x9E, 0x01, 0x9E, 0x01, 0x9E, 0x01, 0x9E, 0x01, 0x9E, 0x01, 0x9E,
    0x01, 0x9E, 0x01, 0x9E, 0x01, 0x9E, 0x01, 0x9E, 0x01, 0x9E, 0x01, 0x9E, 0x01, 0x9E, 0x01, 0x9E,
    0x01, 0x9E, 0x01, 0x9E, 0x01, 0x9E, 0x01, 0x9E, 0x01, 0x9E, 0x01, 0x9E, 0x01, 0x9E, 0x01, 0x9E,
    0x01, 0x9E, 0x01, 0x9E, 0x01, 0x9E, 0x01, 0x9E, 0x01, 0x9E, 0x01, 0x9E, 0x01, 0x9E, 0x01, 0x9E,
    0x01, 0x9E, 0x01, 0x9E, 0x01, 0x9E, 0x01, 0x9E, 0x01, 0x9E, 0x01, 0x9E, 0x01, 0x9E, 0x01, 0x9E,
    0x01, 0x9E, 0x01, 0x9E, 0x01, 0x9E, 0x01, 0x9E, 0x01, 0x9E, 0x01, 0x9E, 0x01, 0x9E, 0x01, 0x9E,
    0x01, 0x9E, 0x01, 0x9E, 0x01, 0x9E, 0x01, 0x9E, 0x01, 0x9E, 0x01, 0x9E, 0x01, 0x9E, 0x01, 0x9E,
    0x01, 0x9E, 0x01, 0x9E, 0x01, 0x9E, 0x01, 0x9E, 0x01, 0x9E, 0x01, 0x9E, 0x01, 0x9E, 0x01, 0x9E,
    0x01, 0x9E, 0x01, 0x9E, 0x01, 0x9E, 0x01, 0x9E, 0x01, 0x9E, 0x01, 0x9E, 0x01, 0x9E, 0x01, 0x9E,
    0x01, 0x9E, 0x01, 0x9E, 0x01, 0x9E, 0x01, 0x9E, 0x01, 0x9E, 0x01, 0x9E, 0x01, 0x9E, 0x01, 0x9E,
    0x01, 0x9E, 0x01, 0x9E, 0x01, 0x9E, 0x01, 0x9E, 0x01, 0x9E, 0x01, 0x9E, 0x01, 0x9E, 0x01, 0x9E,
    0x01, 0x9E, 0x01, 0x9E, 0x01, 0x9E, 0x01, 0x9E, 0x01, 0x9E, 0x01, 0x9E, 0x00, 0x02, 0x1A, 0xD2,
    0x00, 0x76, 0x01, 0x9B, 0x01, 0x9B, 0x01, 0x9B, 0x01, 0x9B, 0x01, 0x9B, 0x01, 0x9B, 0x01, 0x9B,
    0x01, 0x9B, 0x01, 0x9B, 0x01, 0x9B, 0x01, 0x9B, 0x01, 0x9B, 0x01, 0x9B, 0x01, 0x9B, 0x01, 0x9B,
    0x01, 0x9B, 0x01, 0x9B, 0x01, 0x9B, 0x01, 0x9B, 0x01, 0x9B, 0x01, 0x9B, 0x01, 0x9B, 0x01, 0x9B,
    0x01, 0x9B, 0x01, 0x9B, 0x01, 0x9B, 0x01, 0x9B, 0x01, 0x9B, 0x01, 0x9B, 0x01, 0x9B, 0x01, 0x9B,
    0x01, 0x9B, 0x01, 0x9B, 0x01, 0x9B, 0x01, 0x9B, 0x01, 0x9B, 0x01, 0x9B, 0x01, 0x9B, 0x01, 0x9B,
    0x01, 0x9B, 0x01, 0x9B, 0x01, 0x9B, 0x01, 0x9B, 0x01, 0x9B, 0x01, 0x9B, 0x01, 0x9B, 0x01, 0x9B,
    0x01, 0x9B, 0x01, 0x9B, 0x01, 0x9B, 0x01, 0x9B, 0x01, 0x9B, 0x01, 0x9B, 0x01, 0x9B, 0x01, 0x9B,
    0x01, 0x9B, 0x01, 0x9B, 0x01, 0x9B, 0x01, 0x9B, 0x01, 0x9B, 0x01, 0x9B, 0x01, 0x9B, 0x01, 0x9B,
    0x01, 0x9B, 0x01, 0x9B, 0x01, 0x9B, 0x01, 0x9B, 0x01, 0x9B, 0x01, 0x9B, 0x01, 0x9B, 0x01, 0x9B,
    0x01, 0x9B, 0x01, 0x9B, 0x01, 0x9B, 0x01, 0x9B, 0x01, 0x9B, 0x01, 0x9B, 0x01, 0x9B, 0x01, 0x9B,
    0x01, 0x9B, 0x01, 0x9B, 0x01, 0x9B, 0x01, 0x9B, 0x01, 0x9B, 0x01, 0x9B, 0x01, 0x9B, 0x01, 0x9B,
    0x01, 0x9B, 0x01, 0x9B, 0x01, 0x9B, 0x01, 0x9B, 0x01, 0x9B, 0x01, 0x9B, 0x01, 0x9B, 0x01, 0x9B,
    0x01, 0x9B, 0x01, 0x9B, 0x01, 0x9B, 0x01, 0x9B, 0x01, 0x9B, 0x01, 0x9B, 0x01, 0x9B, 0x01, 0x9B,
    0x01, 0x9B, 0x01, 0x9B, 0x01, 0x9B, 0x01, 0x9B, 0x01, 0x9B, 0x01, 0x9B, 0x01, 0x9B, 0x01, 0x9B,
    0x01, 0x9B, 0x01, 0x9B, 0x01, 0x9B, 0x01, 0x9B, 0x01, 0x9B, 0x01, 0x9B, 0x01, 0x9B, 0x00, 0x02,
    0x19, 0xE0, 0x00, 0x76, 0x01, 0x9A, 0x01, 0x9A, 0x01, 0x9A, 0x01, 0x9A, 0x01, 0x9A, 0x01, 0x9A,
    0x01, 0x9A, 0x01, 0x9A, 0x01, 0x9A, 0x01, 0x9A, 0x01, 0x9A, 0x01, 0x9A, 0x01, 0x9A, 0x01, 0x9A,
    0x01, 0x9A, 0x01, 0x9A, 0x01, 0x9A, 0x01, 0x9A, 0x01, 0x9A, 0x01, 0x9A, 0x01, 0x9A, 0x01, 0x9A,
    0x01, 0x9A, 0x01, 0x9A, 0x01, 0x9A, 0x01, 0x9A, 0x01, 0x9A, 0x01, 0x9A, 0x01, 0x9A, 0x01, 0x9A,
    0x01, 0x9A, 0x01, 0x9A, 0x01, 0x9A, 0x01, 0x9A, 0x01, 0x9A, 0x01, 0x9A, 0x01, 0x9A, 0x01, 0x9A,
    0x01, 0x9A, 0x01, 0x9A, 0x01, 0x9A, 0x01, 0x9A, 0x01, 0x9A, 0x01, 0x9A, 0x01, 0x9A, 0x01, 0x9A,
    0x01, 0x9A, 0x01, 0x9A, 0x01, 0x9A, 0x01, 0x9A, 0x01, 0x9A, 0x01, 0x9A, 0x01, 0x9A, 0x01, 0x9A,
    0x01, 0x9A, 0x01, 0x9A, 0x01, 0x9A, 0x01, 0x9A, 0x01, 0x9A, 0x01, 0x9A, 0x01, 0x9A, 0x01, 0x9A,
    0x01, 0x9A, 0x01, 0x9A, 0x01, 0x9A, 0x01, 0x9A, 0x01, 0x9A, 0x01, 0x9A, 0x01, 0x9A, 0x01, 0x9A,
    0x01, 0x9A, 0x01, 0x9A, 0x01, 0x9A, 0x01, 0x9A, 0x01, 0x9A, 0x01, 0x9A, 0x01, 0x9A, 0x01, 0x9A,
    0x01, 0x9A, 0x01, 0x9A, 0x01, 0x9A, 0x01, 0x9A, 0x01, 0x9A, 0x01, 0x9A, 0x01, 0x9A, 0x01, 0x9A,
    0x01, 0x9A, 0x01, 0x9A, 0x01, 0x9A, 0x01, 0x9A, 0x01, 0x9A, 0x01, 0x9A, 0x01, 0x9A, 0x01, 0x9A,
    0x01, 0x9A, 0x01, 0x9A, 0x01, 0x9A, 0x01, 0x9A, 0x01, 0x9A, 0x01, 0x9A, 0x01, 0x9A, 0x01, 0x9A,
    0x01, 0x9A, 0x01, 0x9A, 0x01, 0x9A, 0x01, 0x9A, 0x01, 0x9A, 0x01, 0x9A, 0x01, 0x9A, 0x01, 0x9A,
    0x01, 0x9A, 0x01, 0x9A, 0x01, 0x9A, 0x01, 0x9A, 0x01, 0x9A, 0x01, 0x9A, 0x01, 0x9A, 0x01, 0x9A,
    0x00, 0x02, 0x19, 0x44, 0x00, 0x76, 0x01, 0xA1, 0x01, 0xA1, 0x01, 0xA1, 0x01, 0xA1, 0x01, 0xA1,
    0x01, 0xA1, 0x01, 0xA1, 0x01, 0xA1, 0x01, 0xA1, 0x01, 0xA1, 0x01, 0xA1, 0x01, 0xA1, 0x01, 0xA1,
    0x01, 0xA1, 0x01, 0xA1, 0x01, 0xA1, 0x01, 0xA1, 0x01, 0xA1, 0x01, 0xA1, 0x01, 0xA1, 0x01, 0xA1,
    0x01, 0xA1, 0x01, 0xA1, 0x01, 0xA1, 0x01, 0xA1, 0x01, 0xA1, 0x01, 0xA1, 0x01, 0xA1, 0x01, 0xA1,
    0x01, 0xA1, 0x01, 0xA1, 0x01, 0xA1, 0x01, 0xA1, 0x01, 0xA1, 0x01, 0xA1, 0x01, 0xA1, 0x01, 0xA1,
    0x01, 0xA1, 0x01, 0xA1, 0x01, 0xA1, 0x01, 0xA1, 0x01, 0xA1, 0x01, 0xA1, 0x01, 0xA1, 0x01, 0xA1,
    0x01, 0xA1, 0x01, 0xA1, 0x01, 0xA1, 0x01, 0xA1, 0x01, 0xA1, 0x01, 0xA1, 0x01, 0xA1, 0x01, 0xA1,
    0x01, 0xA1, 0x01, 0xA1, 0x01, 0xA1, 0x01, 0xA1, 0x01, 0xA1, 0x01, 0xA1, 0x01, 0xA1, 0x01, 0xA1,
    0x01, 0xA1, 0x01, 0xA1, 0x01, 0xA1, 0x01, 0xA1, 0x01, 0xA1, 0x01, 0xA1, 0x01, 0xA1, 0x01, 0xA1,
    0x01, 0xA1, 0x01, 0xA1, 0x01, 0xA1, 0x01, 0xA1, 0x01, 0xA1, 0x01, 0xA1, 0x01, 0xA1, 0x01, 0xA1,
    0x01, 0xA1, 0x01, 0xA1, 0x01, 0xA1, 0x01, 0xA1, 0x01, 0xA1, 0x01, 0xA1, 0x01, 0xA1, 0x01, 0xA1,
    0x01, 0xA1, 0x01, 0xA1, 0x01, 0xA1, 0x01, 0xA1, 0x01, 0xA1, 0x01, 0xA1, 0x01, 0xA1, 0x01, 0xA1,
    0x01, 0xA1, 0x01, 0xA1, 0x01, 0xA1, 0x01, 0xA1, 0x01, 0xA1, 0x01, 0xA1, 0x01, 0xA1, 0x01, 0xA1,
    0x01, 0xA1, 0x01, 0xA1, 0x01, 0xA1, 0x01, 0xA1, 0x01, 0xA1, 0x01, 0xA1, 0x01, 0xA1, 0x01, 0xA1,
    0x01, 0xA1, 0x01, 0xA1, 0x01, 0xA1, 0x01, 0xA1, 0x01, 0xA1, 0x01, 0xA1, 0x01, 0xA1, 0x01, 0xA1,
    0x01, 0x9F, 0x00, 0x02, 0x17, 0xFC, 0x00, 0x76, 0x01, 0xA0, 0x01, 0xA0, 0x01, 0xA0, 0x01, 0xA0,
    0x01, 0xA0, 0x01, 0xA0, 0x01, 0xA0, 0x01, 0xA0, 0x01, 0xA0, 0x01, 0xA0, 0x01, 0xA0, 0x01, 0xA0,
    0x01, 0xA0, 0x01, 0xA0, 0x01, 0xA0, 0x01, 0xA0, 0x01, 0xA0, 0x01, 0xA0, 0x01, 0xA0, 0x01, 0xA0,
    0x01, 0xA0, 0x01, 0xA0, 0x01, 0xA0, 0x01, 0xA0, 0x01, 0xA0, 0x01, 0xA0, 0x01, 0xA0, 0x01, 0xA0,
    0x01, 0xA0, 0x01, 0xA0, 0x01, 0xA0, 0x01, 0xA0, 0x01, 0xA0, 0x01, 0xA0, 0x01, 0xA0, 0x01, 0xA0,
    0x01, 0xA0, 0x01, 0xA0, 0x01, 0xA0, 0x01, 0xA0, 0x01, 0xA0, 0x01, 0xA0, 0x01, 0xA0, 0x01, 0xA0,
    0x01, 0xA0, 0x01, 0xA0, 0x01, 0xA0, 0x01, 0xA0, 0x01, 0xA0, 0x01, 0xA0, 0x01, 0xA0, 0x01, 0xA0,
    0x01, 0xA0, 0x01, 0xA0, 0x01, 0xA0, 0x01, 0xA0, 0x01, 0xA0, 0x01, 0xA0, 0x01, 0xA0, 0x01, 0xA0,
    0x01, 0xA0, 0x01, 0xA0, 0x01, 0xA0, 0x01, 0xA0, 0x01, 0xA0, 0x01, 0xA0, 0x01, 0xA0, 0x01, 0xA0,
    0x01, 0xA0, 0x01, 0xA0, 0x01, 0xA0, 0x01, 0xA0, 0x01, 0xA0, 0x01, 0xA0, 0x01, 0xA0, 0x01, 0xA0,
    0x01, 0xA0, 0x01, 0xA0, 0x01, 0xA0, 0x01, 0xA0, 0x01, 0xA0, 0x01, 0xA0, 0x01, 0xA0, 0x01, 0xA0,
    0x01, 0xA0, 0x01, 0xA0, 0x01, 0xA0, 0x01, 0xA0, 0x01, 0xA0, 0x01, 0xA0, 0x01, 0xA0, 0x01, 0xA0,
    0x01, 0xA0, 0x01, 0xA0, 0x01, 0xA0, 0x01, 0xA0, 0x01, 0xA0, 0x01, 0xA0, 0x01, 0xA0, 0x01, 0xA0,
    0x01, 0xA0, 0x01, 0xA0, 0x01, 0xA0, 0x01, 0xA0, 0x01, 0xA0, 0x01, 0xA0, 0x01, 0xA0, 0x01, 0xA0,
    0x01, 0xA0, 0x01, 0xA0, 0x01, 0xA0, 0x01, 0xA0, 0x01, 0xA0, 0x01, 0xA0, 0x01, 0xA0, 0x01, 0xA0,
    0x01, 0xA0, 0x01, 0xA0, 0x00, 0x02, 0x17, 0x0A, 0x00, 0x76, 0x01, 0x9F, 0x01, 0x9F, 0x01, 0x9F,
    0x01, 0x9F, 0x01, 0x9F, 0x01, 0x9F, 0x01, 0x9F, 0x01, 0x9F, 0x01, 0x9F, 0x01, 0x9F, 0x01, 0x9F,
    0x01, 0x9F, 0x01, 0x9F, 0x01, 0x9F, 0x01, 0x9F, 0x01, 0x9F, 0x01, 0x9F, 0x01, 0x9F, 0x01, 0x9F,
    0x01, 0x9F, 0x01, 0x9F, 0x01, 0x9F, 0x01, 0x9F, 0x01, 0x9F, 0x01, 0x9F, 0x01, 0x9F, 0x01, 0x9F,
    0x01, 0x9F, 0x01, 0x9F, 0x01, 0x9F, 0x01, 0x9F, 0x01, 0x9F, 0x01, 0x9F, 0x01, 0x9F, 0x01, 0x9F,
    0x01, 0x9F, 0x01, 0x9F, 0x01, 0x9F, 0x01, 0x9F, 0x01, 0x9F, 0x01, 0x9F, 0x01, 0x9F, 0x01, 0x9F,
    0x01, 0x9F, 0x01, 0x9F, 0x01, 0x9F, 0x01, 0x9F, 0x01, 0x9F, 0x01, 0x9F, 0x01, 0x9F, 0x01, 0x9F,
    0x01, 0x9F, 0x01, 0x9F, 0x01, 0x9F, 0x01, 0x9F, 0x01, 0x9F, 0x01, 0x9F, 0x01, 0x9F, 0x01, 0x9F,
    0x01, 0x9F, 0x01, 0x9F, 0x01, 0x9F, 0x01, 0x9F, 0x01, 0x9F, 0x01, 0x9F, 0x01, 0x9F, 0x01, 0x9F,
    0x01, 0x9F, 0x01, 0x9F, 0x01, 0x9F, 0x01, 0x9F, 0x01, 0x9F, 0x01, 0x9F, 0x01, 0x9F, 0x01, 0x9F,
    0x01, 0x9F, 0x01, 0x9F, 0x01, 0x9F, 0x01, 0x9F, 0x01, 0x9F, 0x01, 0x9F, 0x01, 0x9F, 0x01, 0x9F,
    0x01, 0x9F, 0x01, 0x9F, 0x01, 0x9F, 0x01, 0x9F, 0x01, 0x9F, 0x01, 0x9F, 0x01, 0x9F, 0x01, 0x9F,
    0x01, 0x9F, 0x01, 0x9F, 0x01, 0x9F, 0x01, 0x9F, 0x01, 0x9F, 0x01, 0x9F, 0x01, 0x9F, 0x01, 0x9F,
    0x01, 0x9F, 0x01, 0x9F, 0x01, 0x9F, 0x01, 0x9F, 0x01, 0x9F, 0x01, 0x9F, 0x01, 0x9F, 0x01, 0x9F,
    0x01, 0x9F, 0x01, 0x9F, 0x01, 0x9F, 0x01, 0x9F, 0x01, 0x9F, 0x01, 0x9F, 0x01, 0x9F, 0x01, 0x9F,
    0x01, 0x9F, 0x01, 0x9F, 0x01, 0x9F, 0x00, 0x02, 0x16, 0x18, 0x00, 0x76, 0x01, 0x9C, 0x01, 0x9C,
    0x01, 0x9C, 0x01, 0x9C, 0x01, 0x9C, 0x01, 0x9C, 0x01, 0x9C, 0x01, 0x9C, 0x01, 0x9C, 0x01, 0x9C,
    0x01, 0x9C, 0x01, 0x9C, 0x01, 0x9C, 0x01, 0x9C, 0x01, 0x9C, 0x01, 0x9C, 0x01, 0x9C, 0x01, 0x9C,
    0x01, 0x9C, 0x01, 0x9C, 0x01, 0x9C, 0x01, 0x9C, 0x01, 0x9C, 0x01, 0x9C, 0x01, 0x9C, 0x01, 0x9C,
    0x01, 0x9C, 0x01, 0x9C, 0x01, 0x9C, 0x01, 0x9C, 0x01, 0x9C, 0x01, 0x9C, 0x01, 0x9C, 0x01, 0x9C,
    0x01, 0x9C, 0x01, 0x9C, 0x01, 0x9C, 0x01, 0x9C, 0x01, 0x9C, 0x01, 0x9C, 0x01, 0x9C, 0x01, 0x9C,
    0x01, 0x9C, 0x01, 0x9C, 0x01, 0x9C, 0x01, 0x9C, 0x01, 0x9C, 0x01, 0x9C, 0x01, 0x9C, 0x01, 0x9C,
    0x01, 0x9C, 0x01, 0x9C, 0x01, 0x9C, 0x01, 0x9C, 0x01, 0x9C, 0x01, 0x9C, 0x01, 0x9C, 0x01, 0x9C,
    0x01, 0x9C, 0x01, 0x9C, 0x01, 0x9C, 0x01, 0x9C, 0x01, 0x9C, 0x01, 0x9C, 0x01, 0x9C, 0x01, 0x9C,
    0x01, 0x9C, 0x01, 0x9C, 0x01, 0x9C, 0x01, 0x9C, 0x01, 0x9C, 0x01, 0x9C, 0x01, 0x9C, 0x01, 0x9C,
    0x01, 0x9C, 0x01, 0x9C, 0x01, 0x9C, 0x01, 0x9C, 0x01, 0x9C, 0x01, 0x9C, 0x01, 0x9C, 0x01, 0x9C,
    0x01, 0x9C, 0x01, 0x9C, 0x01, 0x9C, 0x01, 0x9C, 0x01, 0x9C, 0x01, 0x9C, 0x01, 0x9C, 0x01, 0x9C,
    0x01, 0x9C, 0x01, 0x9C, 0x01, 0x9C, 0x01, 0x9C, 0x01, 0x9C, 0x01, 0x9C, 0x01, 0x9C, 0x01, 0x9C,
    0x01, 0x9C, 0x01, 0x9C, 0x01, 0x9C, 0x01, 0x9C, 0x01, 0x9C, 0x01, 0x9C, 0x01, 0x9C, 0x01, 0x9C,
    0x01, 0x9C, 0x01, 0x9C, 0x01, 0x9C, 0x01, 0x9C, 0x01, 0x9C, 0x01, 0x9C, 0x01, 0x9C, 0x01, 0x9C,
    0x01, 0x9C, 0x01, 0x9C, 0x01, 0x9C, 0x01, 0x9C, 0x00, 0x02, 0x15, 0x26, 0x00, 0x76, 0x01, 0x97,
    0x01, 0x97, 0x01, 0x97, 0x01, 0x97, 0x01, 0x97, 0x01, 0x97, 0x01, 0x97, 0x01, 0x97, 0x01, 0x97,
    0x01, 0x97, 0x01, 0x97, 0x01, 0x97, 0x01, 0x97, 0x01, 0x97, 0x01, 0x97, 0x01, 0x97, 0x01, 0x97,
    0x01, 0x97, 0x01, 0x97, 0x01, 0x97, 0x01, 0x97, 0x01, 0x97, 0x01, 0x97, 0x01, 0x97, 0x01, 0x97,
    0x01, 0x97, 0x01, 0x97, 0x01, 0x97, 0x01, 0x97, 0x01, 0x97, 0x01, 0x97, 0x01, 0x97, 0x01, 0x97,
    0x01, 0x97, 0x01, 0x97, 0x01, 0x97, 0x01, 0x97, 0x01, 0x97, 0x01, 0x97, 0x01, 0x97, 0x01, 0x97,
    0x01, 0x97, 0x01, 0x97, 0x01, 0x97, 0x01, 0x97, 0x01, 0x97, 0x01, 0x97, 0x01, 0x97, 0x01, 0x97,
    0x01, 0x97, 0x01, 0x97, 0x01, 0x97, 0x01, 0x97, 0x01, 0x97, 0x01, 0x97, 0x01, 0x97, 0x01, 0x97,
    0x01, 0x97, 0x01, 0x97, 0x01, 0x97, 0x01, 0x97, 0x01, 0x97, 0x01, 0x97, 0x01, 0x97, 0x01, 0x97,
    0x01, 0x97, 0x01, 0x97, 0x01, 0x97, 0x01, 0x97, 0x01, 0x97, 0x01, 0x97, 0x01, 0x97, 0x01, 0x97,
    0x01, 0x97, 0x01, 0x97, 0x01, 0x97, 0x01, 0x97, 0x01, 0x97, 0x01, 0x97, 0x01, 0x97, 0x01, 0x97,
    0x01, 0x97, 0x01, 0x97, 0x01, 0x97, 0x01, 0x97, 0x01, 0x97, 0x01, 0x97, 0x01, 0x97, 0x01, 0x97,
    0x01, 0x97, 0x01, 0x97, 0x01, 0x97, 0x01, 0x97, 0x01, 0x97, 0x01, 0x97, 0x01, 0x97, 0x01, 0x97,
    0x01, 0x97, 0x01, 0x97, 0x01, 0x97, 0x01, 0x97, 0x01, 0x97, 0x01, 0x97, 0x01, 0x97, 0x01, 0x97,
    0x01, 0x97, 0x01, 0x97, 0x01, 0x97, 0x01, 0x97, 0x01, 0x97, 0x01, 0x97, 0x01, 0x97, 0x01, 0x97,
    0x01, 0x97, 0x01, 0x97, 0x01, 0x97, 0x01, 0x97, 0x01, 0x97, 0x00, 0x02, 0x14, 0x34, 0x00, 0x76,
    0x01, 0x96, 0x01, 0x96, 0x01, 0x96, 0x01, 0x96, 0x01, 0x96, 0x01, 0x96, 0x01, 0x96, 0x01, 0x96,
    0x01, 0x96, 0x01, 0x96, 0x01, 0x96, 0x01, 0x96, 0x01, 0x96, 0x01, 0x96, 0x01, 0x96, 0x01, 0x96,
    0x01, 0x96, 0x01, 0x96, 0x01, 0x96, 0x01, 0x96, 0x01, 0x96, 0x01, 0x96, 0x01, 0x96, 0x01, 0x96,
    0x01, 0x96, 0x01, 0x96, 0x01, 0x96, 0x01, 0x96, 0x01, 0x96, 0x01, 0x96, 0x01, 0x96, 0x01, 0x96,
    0x01, 0x96, 0x01, 0x96, 0x01, 0x96, 0x01, 0x96, 0x01, 0x96, 0x01, 0x96, 0x01, 0x96, 0x01, 0x96,
    0x01, 0x96, 0x01, 0x96, 0x01, 0x96, 0x01, 0x96, 0x01, 0x96, 0x01, 0x96, 0x01, 0x96, 0x01, 0x96,
    0x01, 0x96, 0x01, 0x96, 0x01, 0x96, 0x01, 0x96, 0x01, 0x96, 0x01, 0x96, 0x01, 0x96, 0x01, 0x96,
    0x01, 0x96, 0x01, 0x96, 0x01, 0x96, 0x01, 0x96, 0x01, 0x96, 0x01, 0x96, 0x01, 0x96, 0x01, 0x96,
    0x01, 0x96, 0x01, 0x96, 0x01, 0x96, 0x01, 0x96, 0x01, 0x96, 0x01, 0x96, 0x01, 0x96, 0x01, 0x96,
    0x01, 0x96, 0x01, 0x96, 0x01, 0x96, 0x01, 0x96, 0x01, 0x96, 0x01, 0x96, 0x01, 0x96, 0x01, 0x96,
    0x01, 0x96, 0x01, 0x96, 0x01, 0x96, 0x01, 0x96, 0x01, 0x96, 0x01, 0x96, 0x01, 0x96, 0x01, 0x96,
    0x01, 0x96, 0x01, 0x96, 0x01, 0x96, 0x01, 0x96, 0x01, 0x96, 0x01, 0x96, 0x01, 0x96, 0x01, 0x96,
    0x01, 0x96, 0x01, 0x96, 0x01, 0x96, 0x01, 0x96, 0x01, 0x96, 0x01, 0x96, 0x01, 0x96, 0x01, 0x96,
    0x01, 0x96, 0x01, 0x96, 0x01, 0x96, 0x01, 0x96, 0x01, 0x96, 0x01, 0x96, 0x01, 0x96, 0x01, 0x96,
    0x01, 0x96, 0x01, 0x96, 0x01, 0x96, 0x01, 0x96, 0x01, 0x96, 0x01, 0x96, 0x00, 0x02, 0x13, 0x42,
    0x00, 0x76, 0x00, 0x03, 0x00, 0x03, 0x00, 0x03, 0x00, 0x03, 0x00, 0x03, 0x00, 0x03, 0x00, 0x03,
    0x00, 0x03, 0x00, 0x03, 0x00, 0x03, 0x00, 0x03, 0x00, 0x03, 0x00, 0x03, 0x00, 0x03, 0x00, 0x03,
    0x00, 0x03, 0x00, 0x03, 0x00, 0x03, 0x00, 0x03, 0x00, 0x03, 0x00, 0x03, 0x00, 0x03, 0x00, 0x03,
    0x00, 0x03, 0x00, 0x03, 0x00, 0x03, 0x00, 0x03, 0x00, 0x03, 0x00, 0x03, 0x00, 0x03, 0x00, 0x03,
    0x00, 0x03, 0x00, 0x03, 0x00, 0x03, 0x00, 0x03, 0x00, 0x03, 0x00, 0x03, 0x00, 0x03, 0x00, 0x03,
    0x00, 0x03, 0x00, 0x03, 0x00, 0x03, 0x00, 0x03, 0x00, 0x03, 0x00, 0x03, 0x00, 0x03, 0x00, 0x03,
    0x00, 0x03, 0x00, 0x03, 0x00, 0x03, 0x00, 0x03, 0x00, 0x03, 0x00, 0x03, 0x00, 0x03, 0x00, 0x03,
    0x00, 0x03, 0x00, 0x03, 0x00, 0x03, 0x00, 0x03, 0x00, 0x03, 0x00, 0x03, 0x00, 0x03, 0x00, 0x03,
    0x00, 0x03, 0x00, 0x03, 0x00, 0x03, 0x00, 0x03, 0x00, 0x03, 0x00, 0x03, 0x00, 0x03, 0x00, 0x03,
    0x00, 0x03, 0x00, 0x03, 0x00, 0x03, 0x00, 0x03, 0x00, 0x03, 0x00, 0x03, 0x00, 0x03, 0x00, 0x03,
    0x00, 0x03, 0x00, 0x03, 0x00, 0x03, 0x00, 0x03, 0x00, 0x03, 0x00, 0x03, 0x00, 0x03, 0x00, 0x03,
    0x00, 0x03, 0x00, 0x03, 0x00, 0x03, 0x00, 0x03, 0x00, 0x03, 0x00, 0x03, 0x00, 0x03, 0x00, 0x03,
    0x00, 0x03, 0x00, 0x03, 0x00, 0x03, 0x00, 0x03, 0x00, 0x03, 0x00, 0x03, 0x00, 0x03, 0x00, 0x03,
    0x00, 0x03, 0x00, 0x03, 0x00, 0x03, 0x00, 0x03, 0x00, 0x03, 0x00, 0x03, 0x00, 0x03, 0x00, 0x03,
    0x00, 0x03, 0x00, 0x03, 0x00, 0x03, 0x00, 0x03, 0x00, 0x03, 0x00, 0x03, 0x00, 0x03, 0x00, 0x01,
    0x1D, 0x78, 0x00, 0x8F, 0x1D, 0xDC, 0x13, 0x2E, 0x13, 0x2E, 0x12, 0x20, 0x12, 0x26, 0x12, 0x2C,
    0x12, 0x32, 0x12, 0x38, 0x12, 0x8A, 0x12, 0x3E, 0x12, 0x9A, 0x12, 0xE6, 0x1D, 0x20, 0x19, 0x5E,
    0x12, 0x92, 0x12, 0x3E, 0x13, 0x46, 0x19, 0x78, 0x13, 0x5E, 0x13, 0x76, 0x13, 0x8E, 0x1D, 0x58,
    0x19, 0x92, 0x19, 0xAC, 0x19, 0xC6, 0x19, 0xE0, 0x19, 0xFA, 0x1A, 0x14, 0x1A, 0x2E, 0x1A, 0x48,
    0x1A, 0x62, 0x1A, 0x7C, 0x1A, 0x96, 0x1A, 0xB0, 0x1A, 0xCA, 0x1A, 0xE4, 0x1A, 0xFE, 0x1B, 0x18,
    0x1B, 0x32, 0x1B, 0x4C, 0x1B, 0x66, 0x1B, 0x80, 0x1B, 0x9A, 0x1B, 0xB4, 0x1B, 0xCE, 0x1B, 0xE8,
    0x1C, 0x02, 0x1C, 0x1C, 0x1D, 0x3C, 0x1C, 0x36, 0x1C, 0x50, 0x1C, 0x6A, 0x1C, 0x84, 0x1C, 0x9E,
    0x1C, 0xB8, 0x1C, 0xD2, 0x1C, 0xEC, 0x1D, 0x06, 0x12, 0xF4, 0x13, 0x06, 0x12, 0x44, 0x12, 0x4A,
    0x13, 0xA6, 0x13, 0xBE, 0x13, 0xD6, 0x13, 0xEE, 0x14, 0x06, 0x14, 0x1E, 0x14, 0x36, 0x14, 0x4E,
    0x14, 0x66, 0x14, 0x7E, 0x14, 0x96, 0x14, 0xAE, 0x14, 0xC6, 0x14, 0xDE, 0x14, 0xF6, 0x15, 0x0E,
    0x15, 0x26, 0x15, 0x3E, 0x15, 0x56, 0x15, 0x6E, 0x15, 0x86, 0x15, 0x9E, 0x15, 0xB6, 0x15, 0xCE,
    0x15, 0xE6, 0x15, 0xFE, 0x16, 0x16, 0x16, 0x2E, 0x16, 0x46, 0x16, 0x5E, 0x16, 0x76, 0x16, 0x8E,
    0x16, 0xA6, 0x16, 0xBE, 0x16, 0xD6, 0x16, 0xEE, 0x17, 0x06, 0x17, 0x1E, 0x17, 0x36, 0x17, 0x4E,
    0x17, 0x66, 0x17, 0x7E, 0x17, 0x96, 0x17, 0xAE, 0x17, 0xC6, 0x17, 0xDE, 0x17, 0xF6, 0x18, 0x0E,
    0x18, 0x26, 0x18, 0x3E, 0x18, 0x56, 0x13, 0x18, 0x13, 0x18, 0x13, 0x18, 0x13, 0x18, 0x13, 0x18,
    0x18, 0x6E, 0x18, 0x86, 0x18, 0x9E, 0x18, 0xB6, 0x18, 0xCE, 0x18, 0xE6, 0x18, 0xFE, 0x19, 0x16,
    0x19, 0x2E, 0x19, 0x46, 0x13, 0x18, 0x13, 0x18, 0x13, 0x18, 0x13, 0x18, 0x13, 0x18, 0x1D, 0xDC,
    0x1D, 0xDC, 0x1D, 0xDC, 0x1D, 0xDC, 0x1D, 0xDC, 0x13, 0x18, 0x1D, 0xDC, 0x1D, 0xDC, 0x1D, 0xDC,
    0x1E, 0xCA, 0x00, 0x01, 0x00, 0x01, 0x00, 0x3E, 0x00, 0x01, 0x1E, 0x90, 0x00, 0x01, 0x1E, 0x92,
    0x00, 0x01, 0x00, 0x01, 0x00, 0x48, 0x00, 0x01, 0x00, 0x01, 0x00, 0x7A, 0x00, 0x01, 0x00, 0x01,
    0x00, 0x5B, 0x00, 0x01, 0x00, 0x01, 0x00, 0x2F, 0x00, 0x01, 0x00, 0x01, 0x00, 0x03, 0x00, 0x01,
    0x00, 0x01, 0x01, 0xA0, 0x00, 0x02, 0x00, 0x03, 0x01, 0x97, 0x00, 0x01, 0x00, 0x02, 0x00, 0x3D,
    0x00, 0x3E, 0x00, 0x01, 0x00, 0x01, 0x00, 0x47, 0x00, 0x01, 0x00, 0x01, 0x00, 0x49, 0x00, 0x03,
    0x1E, 0x56, 0x1E, 0x5C, 0x1E, 0x62, 0x00, 0x01, 0x1E, 0x8E, 0x00, 0x01, 0x1E, 0x5C, 0x00, 0x01,
    0x1E, 0x5E, 0x00, 0x01, 0x1E, 0x60, 0x00, 0x01, 0x1E, 0xB8, 0x00, 0x01, 0x1E, 0xC2, 0x00, 0x01,
    0x1E, 0xCC, 0x00, 0x01, 0x1E, 0x56, 0x00, 0x01, 0x1E, 0x58, 0x00, 0x01, 0x1E, 0x5A, 0x00, 0x01,
    0x1E, 0x5E, 0x00, 0x02, 0x00, 0x01, 0x00, 0x60, 0x00, 0x85, 0x00, 0x00, 0x00, 0x01, 0x00, 0x02,
    0x01, 0x1D, 0x01, 0x22, 0x00, 0x03, 0x00, 0x15, 0x00, 0x47, 0x00, 0x35, 0x00, 0x03, 0x00, 0x1C,
    0x00, 0x47, 0x00, 0x1E, 0x00, 0x01, 0x00, 0x02, 0x00, 0x47, 0x01, 0x1D, 0x00, 0x01, 0x00, 0x02,
    0x00, 0x47, 0x01, 0x22, 0x00, 0x01, 0x00, 0x02, 0x00, 0x3A, 0x00, 0x41, 0x00, 0x01, 0x00, 0x02,
    0x00, 0x3F, 0x00, 0x40, 0x00, 0x01, 0x00, 0x02, 0x00, 0x84, 0x00, 0x85, 0x00, 0x01, 0x00, 0x02,
    0x00, 0x4D, 0x00, 0x4E, 0x00, 0x02, 0x1E, 0x74, 0x1E, 0x82, 0x00, 0x02, 0x1E, 0x14, 0x1E, 0x8A,
    0x00, 0x02, 0x1E, 0x16, 0x1E, 0x20, 0x00, 0x02, 0x1E, 0x24, 0x1E, 0x2E, 0x00, 0x01, 0x00, 0x02,
    0x00, 0x1C, 0x00, 0x2A, 0x00, 0x01, 0x00, 0x02, 0x00, 0x15, 0x00, 0x1C, 0x00, 0x01, 0x00, 0x03,
    0x00, 0x47, 0x01, 0x1D, 0x01, 0x22, 0x00, 0x01, 0x00, 0x03, 0x00, 0x2F, 0x00, 0x59, 0x00, 0x5A,
    0x00, 0x01, 0x00, 0x03, 0x00, 0xF7, 0x01, 0x06, 0x01, 0x07, 0x00, 0x01, 0x00, 0x03, 0x00, 0x04,
    0x00, 0x05, 0x00, 0x48, 0x00, 0x01, 0x00, 0x03, 0x00, 0x04, 0x00, 0x05, 0x01, 0x9D, 0x00, 0x01,
    0x00, 0x02, 0x01, 0x1F, 0x01, 0x24, 0x00, 0x06, 0x1E, 0x6C, 0x1E, 0x7A, 0x1E, 0x88, 0x1E, 0x96,
    0x1E, 0xA4, 0x1E, 0xB2, 0x00, 0x06, 0x1E, 0xB2, 0x1E, 0xC0, 0x1E, 0xCE, 0x1E, 0xDC, 0x1E, 0xEA,
    0x1E, 0xF8, 0x00, 0x01, 0x00, 0x01, 0x00, 0x38, 0x00, 0x02, 0x00, 0x01, 0x00, 0x60, 0x00, 0x83,
    0x00, 0x00, 0x00, 0x0A, 0x1F, 0x12, 0x1F, 0x20, 0x1F, 0x2E, 0x1F, 0x3C, 0x1F, 0x4A, 0x1F, 0x58,
    0x1F, 0x66, 0x1F, 0x74, 0x1F, 0x82, 0x1F, 0x90, 0x00, 0x01, 0x00, 0x02, 0x00, 0x2A, 0x01, 0x03,
    0x00, 0x01, 0x1D, 0xF2, 0x00, 0x01, 0x1D, 0xF4, 0x00, 0x01, 0x1D, 0xF6, 0x00, 0x01, 0x1D, 0xF8,
    0x00, 0x01, 0x1D, 0xFA, 0x00, 0x01, 0x1D, 0xFC, 0x00, 0x01, 0x1D, 0xFE, 0x00, 0x01, 0x1E, 0x00,
    0x00, 0x02, 0x00, 0x02, 0x01, 0x36, 0x01, 0x5B, 0x00, 0x00, 0x01, 0x61, 0x01, 0x6A, 0x00, 0x26,
    0x00, 0x0A, 0x20, 0x06, 0x20, 0x14, 0x20, 0x22, 0x20, 0x30, 0x20, 0x3E, 0x20, 0x4C, 0x20, 0x5A,
    0x1F, 0x50, 0x1F, 0x5E, 0x1F, 0x6C, 0x00, 0x0A, 0x1F, 0x64, 0x1F, 0x72, 0x1F, 0x80, 0x1F, 0x8E,
    0x1F, 0x9C, 0x1F, 0xAA, 0x1F, 0xB8, 0x1F, 0xC6, 0x1F, 0xD4, 0x1F, 0xE2, 0x00, 0x0A, 0x20, 0x3C,
    0x20, 0x4A, 0x20, 0x58, 0x20, 0x66, 0x20, 0x74, 0x20, 0x82, 0x20, 0x90, 0x20, 0x9E, 0x20, 0xAC,
    0x20, 0xBA, 0x00, 0x0A, 0x20, 0xB2, 0x20, 0xC0, 0x20, 0xCE, 0x20, 0xDC, 0x20, 0xEA, 0x20, 0xF8,
    0x21, 0x06, 0x21, 0x14, 0x21, 0x22, 0x21, 0x30, 0x00, 0x0A, 0x21, 0x28, 0x21, 0x36, 0x21, 0x44,
    0x21, 0x52, 0x21, 0x60, 0x21, 0x6E, 0x21, 0x7C, 0x21, 0x8A, 0x21, 0x98, 0x21, 0xA6, 0x00, 0x01,
    0x00, 0x06, 0x00, 0x15, 0x00, 0x16, 0x00, 0x29, 0x00, 0x2A, 0x00, 0x2F, 0x00, 0x3F, 0x00, 0x01,
    0x00, 0x06, 0x00, 0x3A, 0x00, 0x3B, 0x00, 0x3D, 0x00, 0x3E, 0x00, 0x41, 0x00, 0x46, 0x00, 0x01,
    0x00, 0x04, 0x00, 0x29, 0x00, 0x33, 0x01, 0x02, 0x01, 0x0B, 0x00, 0x01, 0x00, 0x04, 0x00, 0x18,
    0x00, 0x32, 0x00, 0xF3, 0x01, 0x0A, 0x00, 0x03, 0x1D, 0xF4, 0x1D, 0xFA, 0x1E, 0x00, 0x00, 0x01,
    0x00, 0x01, 0x00, 0x46, 0x00, 0x01, 0x00, 0x01, 0x00, 0x3B, 0x00, 0x01, 0x00, 0x01, 0x00, 0x3A,
    0x00, 0x01, 0x00, 0x01, 0x00, 0x41, 0x00, 0x04, 0x1D, 0xE6, 0x1D, 0xEC, 0x1D, 0xF2, 0x1D, 0xF8,
    0x00, 0x01, 0x00, 0x01, 0x00, 0x3F, 0x00, 0x01, 0x00, 0x01, 0x00, 0x40, 0x00, 0x01, 0x00, 0x08,
    0x00, 0x5E, 0x00, 0x5F, 0x00, 0xEE, 0x00, 0xEF, 0x01, 0x10, 0x01, 0x11, 0x01, 0x14, 0x01, 0x16,
    0x00, 0x01, 0x00, 0x05, 0x00, 0x2F, 0x00, 0x9E, 0x00, 0xC2, 0x00, 0xE6, 0x01, 0x08, 0x00, 0x01,
    0x00, 0x04, 0x00, 0x60, 0x00, 0x61, 0x00, 0x74, 0x00, 0x75, 0x00, 0x01, 0x00, 0x06, 0x00, 0x19,
    0x00, 0x1E, 0x00, 0x30, 0x00, 0x4A, 0x00, 0x59, 0x00, 0x5A, 0x00, 0x01, 0x00, 0x0A, 0x00, 0x03,
    0x01, 0x96, 0x01, 0x97, 0x01, 0x9A, 0x01, 0x9B, 0x01, 0x9C, 0x01, 0x9E, 0x01, 0x9F, 0x01, 0xA0,
    0x01, 0xA1, 0x00, 0x01, 0x00, 0x0A, 0x00, 0x60, 0x00, 0x62, 0x00, 0x6A, 0x00, 0x6C, 0x00, 0x6F,
    0x00, 0x71, 0x00, 0x74, 0x00, 0x77, 0x00, 0x78, 0x00, 0x7A, 0x00, 0x02, 0x00, 0x05, 0x00, 0x3F,
    0x00, 0x40, 0x00, 0x00, 0x00, 0x49, 0x00, 0x49, 0x00, 0x02, 0x00, 0x4D, 0x00, 0x4E, 0x00, 0x03,
    0x00, 0x60, 0x00, 0x85, 0x00, 0x05, 0x01, 0x27, 0x01, 0x35, 0x00, 0x2B, 0x00, 0x02, 0x00, 0x06,
    0x00, 0x4D, 0x00, 0x4E, 0x00, 0x00, 0x00, 0x60, 0x00, 0x85, 0x00, 0x02, 0x01, 0x1D, 0x01, 0x1D,
    0x00, 0x28, 0x01, 0x20, 0x01, 0x22, 0x00, 0x29, 0x01, 0x25, 0x01, 0x5B, 0x00, 0x2C, 0x01, 0x61,
    0x01, 0x6F, 0x00, 0x63, 0x00, 0x0A, 0x20, 0x78, 0x20, 0x86, 0x20, 0x94, 0x20, 0xA2, 0x20, 0xB0,
    0x20, 0xBE, 0x20, 0xCC, 0x20, 0xDA, 0x20, 0xE8, 0x20, 0xF6, 0x00, 0x0A, 0x20, 0xEE, 0x20, 0xFC,
    0x21, 0x0A, 0x21, 0x18, 0x21, 0x26, 0x21, 0x34, 0x21, 0x42, 0x21, 0x50, 0x21, 0x5E, 0x21, 0x6C,
    0x00, 0x0A, 0x21, 0x64, 0x21, 0x72, 0x21, 0x80, 0x21, 0x8E, 0x21, 0x9C, 0x21, 0xAA, 0x21, 0xB8,
    0x21, 0xC6, 0x21, 0xD4, 0x21, 0xE2, 0x00, 0x0A, 0x21, 0xDA, 0x21, 0xE8, 0x21, 0xF6, 0x22, 0x04,
    0x22, 0x12, 0x22, 0x20, 0x22, 0x2E, 0x22, 0x3C, 0x22, 0x4A, 0x22, 0x58, 0x00, 0x0A, 0x22, 0x50,
    0x22, 0x5E, 0x22, 0x6C, 0x22, 0x7A, 0x22, 0x88, 0x22, 0x96, 0x22, 0xA4, 0x22, 0xB2, 0x22, 0xC0,
    0x22, 0xCE, 0x00, 0x0A, 0x1E, 0x04, 0x1E, 0x12, 0x1E, 0x20, 0x1E, 0x2E, 0x1E, 0x3C, 0x1E, 0x4A,
    0x1E, 0x58, 0x2A, 0xFA, 0x2B, 0x0A, 0x2B, 0x1A, 0x00, 0x0A, 0x22, 0xB0, 0x22, 0xBE, 0x22, 0xCC,
    0x22, 0xDA, 0x22, 0xE8, 0x22, 0xF6, 0x23, 0x04, 0x23, 0x12, 0x23, 0x20, 0x23, 0x2E, 0x00, 0x0A,
    0x23, 0x26, 0x23, 0x34, 0x23, 0x42, 0x23, 0x50, 0x23, 0x5E, 0x23, 0x6C, 0x23, 0x7A, 0x23, 0x88,
    0x23, 0x96, 0x23, 0xA4, 0x00, 0x0A, 0x23, 0x9C, 0x23, 0xAA, 0x23, 0xB8, 0x23, 0xC6, 0x23, 0xD4,
    0x23, 0xE2, 0x23, 0xF0, 0x23, 0xFE, 0x24, 0x0C, 0x24, 0x1A, 0x00, 0x0A, 0x24, 0x12, 0x24, 0x20,
    0x24, 0x2E, 0x24, 0x3C, 0x24, 0x4A, 0x24, 0x58, 0x24, 0x66, 0x24, 0x74, 0x24, 0x82, 0x24, 0x90,
    0x00, 0x0A, 0x24, 0x88, 0x24, 0x96, 0x24, 0xA4, 0x24, 0xB2, 0x24, 0xC0, 0x24, 0xCE, 0x24, 0xDC,
    0x24, 0xEA, 0x24, 0xF8, 0x25, 0x06, 0x00, 0x0A, 0x24, 0xFE, 0x25, 0x0C, 0x25, 0x1A, 0x25, 0x28,
    0x25, 0x36, 0x25, 0x44, 0x25, 0x52, 0x25, 0x60, 0x25, 0x6E, 0x25, 0x7C, 0x00, 0x0A, 0x25, 0x74,
    0x25, 0x82, 0x25, 0x90, 0x25, 0x9E, 0x25, 0xAC, 0x25, 0xBA, 0x25, 0xC8, 0x25, 0xD6, 0x25, 0xE4,
    0x25, 0xF2, 0x00, 0x0A, 0x25, 0xEA, 0x25, 0xF8, 0x26, 0x06, 0x26, 0x14, 0x26, 0x22, 0x26, 0x30,
    0x26, 0x3E, 0x26, 0x4C, 0x26, 0x5A, 0x26, 0x68, 0x00, 0x0A, 0x26, 0x60, 0x26, 0x6E, 0x26, 0x7C,
    0x26, 0x8A, 0x26, 0x98, 0x26, 0xA6, 0x26, 0xB4, 0x26, 0xC2, 0x26, 0xD0, 0x26, 0xDE, 0x00, 0x0A,
    0x26, 0xD6, 0x26, 0xE4, 0x26, 0xF2, 0x27, 0x00, 0x27, 0x0E, 0x27, 0x1C, 0x27, 0x2A, 0x27, 0x38,
    0x27, 0x46, 0x27, 0x54, 0x00, 0x0A, 0x27, 0x4C, 0x27, 0x5A, 0x27, 0x68, 0x27, 0x76, 0x27, 0x84,
    0x27, 0x92, 0x27, 0xA0, 0x27, 0xAE, 0x27, 0xBC, 0x27, 0xCA, 0x00, 0x0A, 0x27, 0xC2, 0x27, 0xD0,
    0x27, 0xDE, 0x27, 0xEC, 0x27, 0xFA, 0x28, 0x08, 0x28, 0x16, 0x28, 0x24, 0x28, 0x32, 0x28, 0x40,
    0x00, 0x0A, 0x28, 0x38, 0x28, 0x46, 0x28, 0x54, 0x28, 0x62, 0x28, 0x70, 0x28, 0x7E, 0x28, 0x8C,
    0x28, 0x9A, 0x28, 0xA8, 0x28, 0xB6, 0x00, 0x0A, 0x28, 0xAE, 0x28, 0xBC, 0x28, 0xCA, 0x28, 0xD8,
    0x28, 0xE6, 0x28, 0xF4, 0x29, 0x02, 0x29, 0x10, 0x29, 0x1E, 0x29, 0x2C, 0x00, 0x0A, 0x29, 0x24,
    0x29, 0x32, 0x29, 0x40, 0x29, 0x4E, 0x29, 0x5C, 0x29, 0x6A, 0x29, 0x78, 0x29, 0x86, 0x29, 0x94,
    0x29, 0xA2, 0x00, 0x02, 0x00, 0x07, 0x00, 0x15, 0x00, 0x18, 0x00, 0x00, 0x00, 0x1A, 0x00, 0x1D,
    0x00, 0x04, 0x00, 0x1F, 0x00, 0x2F, 0x00, 0x08, 0x00, 0x31, 0x00, 0x37, 0x00, 0x19, 0x00, 0x5E,
    0x00, 0x5F, 0x00, 0x20, 0x01, 0x1D, 0x01, 0x1D, 0x00, 0x22, 0x01, 0x22, 0x01, 0x22, 0x00, 0x23,
    0x00, 0x02, 0x29, 0x9C, 0x29, 0xA2, 0x00, 0x02, 0x29, 0xA2, 0x29, 0xA8, 0x00, 0x02, 0x29, 0xA8,
    0x29, 0xAE, 0x00, 0x02, 0x29, 0xAE, 0x29, 0xB4, 0x00, 0x02, 0x29, 0xB4, 0x29, 0xBA, 0x00, 0x02,
    0x29, 0xBA, 0x29, 0xC0, 0x00, 0x02, 0x29, 0xC0, 0x29, 0xC6, 0x00, 0x02, 0x29, 0xC6, 0x29, 0xCC,
    0x00, 0x02, 0x29, 0xCC, 0x29, 0xD2, 0x00, 0x02, 0x29, 0xD2, 0x29, 0xD8, 0x00, 0x02, 0x29, 0xD8,
    0x29, 0xDE, 0x00, 0x02, 0x29, 0xDE, 0x29, 0xE4, 0x00, 0x02, 0x29, 0xE4, 0x29, 0xEA, 0x00, 0x02,
    0x29, 0xEA, 0x29, 0xF0, 0x00, 0x02, 0x29, 0xF0, 0x29, 0xF6, 0x00, 0x02, 0x29, 0xF6, 0x29, 0xFC,
    0x00, 0x02, 0x29, 0xFC, 0x2A, 0x02, 0x00, 0x02, 0x2A, 0x02, 0x2A, 0x08, 0x00, 0x02, 0x2A, 0x08,
    0x2A, 0x0E, 0x00, 0x02, 0x2A, 0x0E, 0x2A, 0x14, 0x00, 0x02, 0x2A, 0x14, 0x2A, 0x1A, 0x00, 0x02,
    0x2A, 0x1A, 0x2A, 0x20, 0x00, 0x02, 0x2A, 0x20, 0x2A, 0x26, 0x00, 0x02, 0x2A, 0x26, 0x2A, 0x2C,
    0x00, 0x02, 0x2A, 0x2C, 0x2A, 0x32, 0x00, 0x02, 0x2A, 0x32, 0x2A, 0x38, 0x00, 0x02, 0x2A, 0x38,
    0x2A, 0x3E, 0x00, 0x02, 0x2A, 0x3E, 0x2A, 0x44, 0x00, 0x02, 0x2A, 0x44, 0x2A, 0x4A, 0x00, 0x02,
    0x2A, 0x4A, 0x2A, 0x50, 0x00, 0x02, 0x2A, 0x50, 0x2A, 0x56, 0x00, 0x02, 0x2A, 0x56, 0x2A, 0x5C,
    0x00, 0x02, 0x2A, 0x5C, 0x2A, 0x62, 0x00, 0x02, 0x2A, 0x62, 0x2A, 0x68, 0x00, 0x02, 0x2A, 0x68,
    0x2A, 0x6E, 0x00, 0x02, 0x2A, 0x6E, 0x2A, 0x74, 0x00, 0x02, 0x00, 0x47, 0x00, 0x15, 0x00, 0x02,
    0x00, 0x47, 0x00, 0x16, 0x00, 0x02, 0x00, 0x47, 0x00, 0x17, 0x00, 0x02, 0x00, 0x47, 0x00, 0x18,
    0x00, 0x02, 0x00, 0x47, 0x00, 0x19, 0x00, 0x02, 0x00, 0x47, 0x00, 0x1A, 0x00, 0x02, 0x00, 0x47,
    0x00, 0x1B, 0x00, 0x02, 0x00, 0x47, 0x00, 0x1C, 0x00, 0x02, 0x00, 0x47, 0x00, 0x1D, 0x00, 0x02,
    0x00, 0x47, 0x00, 0x1E, 0x00, 0x02, 0x00, 0x47, 0x00, 0x1F, 0x00, 0x02, 0x00, 0x47, 0x00, 0x20,
    0x00, 0x02, 0x00, 0x47, 0x00, 0x21, 0x00, 0x02, 0x00, 0x47, 0x00, 0x22, 0x00, 0x02, 0x00, 0x47,
    0x00, 0x23, 0x00, 0x02, 0x00, 0x47, 0x00, 0x24, 0x00, 0x02, 0x00, 0x47, 0x00, 0x25, 0x00, 0x02,
    0x00, 0x47, 0x00, 0x26, 0x00, 0x02, 0x00, 0x47, 0x00, 0x27, 0x00, 0x02, 0x00, 0x47, 0x00, 0x28,
    0x00, 0x02, 0x00, 0x47, 0x00, 0x29, 0x00, 0x02, 0x00, 0x47, 0x00, 0x2A, 0x00, 0x02, 0x00, 0x47,
    0x00, 0x2B, 0x00, 0x02, 0x00, 0x47, 0x00, 0x2C, 0x00, 0x02, 0x00, 0x47, 0x00, 0x2D, 0x00, 0x02,
    0x00, 0x47, 0x00, 0x2E, 0x00, 0x02, 0x00, 0x47, 0x00, 0x2F, 0x00, 0x02, 0x00, 0x47, 0x00, 0x30,
    0x00, 0x02, 0x00, 0x47, 0x00, 0x31, 0x00, 0x02, 0x00, 0x47, 0x00, 0x32, 0x00, 0x02, 0x00, 0x47,
    0x00, 0x33, 0x00, 0x02, 0x00, 0x47, 0x00, 0x34, 0x00, 0x02, 0x00, 0x47, 0x00, 0x35, 0x00, 0x02,
    0x00, 0x47, 0x00, 0x36, 0x00, 0x02, 0x00, 0x47, 0x00, 0x37, 0x00, 0x02, 0x00, 0x47, 0x00, 0x4A,
    0x00, 0x26, 0x29, 0x9C, 0x29, 0xA2, 0x29, 0xA8, 0x29, 0xAE, 0x29, 0xB4, 0x29, 0xBA, 0x29, 0xC0,
    0x29, 0xC6, 0x29, 0xCC, 0x29, 0xD2, 0x29, 0xD8, 0x29, 0xDE, 0x29, 0xE4, 0x29, 0xEA, 0x29, 0xF0,
    0x29, 0xF6, 0x29, 0xFC, 0x2A, 0x02, 0x2A, 0x08, 0x2A, 0x0E, 0x2A, 0x14, 0x2A, 0x1A, 0x2A, 0x20,
    0x2A, 0x26, 0x2A, 0x2C, 0x2A, 0x32, 0x2A, 0x38, 0x2A, 0x3E, 0x2A, 0x44, 0x2A, 0x4A, 0x2A, 0x50,
    0x2A, 0x56, 0x2A, 0x5C, 0x2A, 0x62, 0x2A, 0x68, 0x2A, 0x6E, 0x2A, 0x74, 0x2A, 0x7A, 0x00, 0x02,
    0x00, 0x06, 0x00, 0x3F, 0x00, 0x40, 0x00, 0x00, 0x00, 0x47, 0x00, 0x49, 0x00, 0x02, 0x00, 0x4D,
    0x00, 0x4E, 0x00, 0x05, 0x01, 0x31, 0x01, 0x35, 0x00, 0x07, 0x01, 0x5C, 0x01, 0x60, 0x00, 0x0C,
    0x01, 0x6B, 0x01, 0x6F, 0x00, 0x11, 0x00, 0x01, 0x2A, 0xFA, 0x00, 0x01, 0x2A, 0xFE, 0x00, 0x01,
    0x2B, 0x02, 0x00, 0x01, 0x2B, 0x06, 0x00, 0x01, 0x2B, 0x0A, 0x00, 0x01, 0x2B, 0x0E, 0x00, 0x01,
    0x2B, 0x12, 0x00, 0x01, 0x2B, 0x16, 0x00, 0x01, 0x2B, 0x1A, 0x00, 0x01, 0x2B, 0x1E, 0x00, 0x01,
    0x2B, 0x22, 0x00, 0x01, 0x2B, 0x26, 0x00, 0x01, 0x2B, 0x2A, 0x00, 0x01, 0x2B, 0x2E, 0x00, 0x01,
    0x2B, 0x32, 0x00, 0x01, 0x2B, 0x36, 0x00, 0x01, 0x2B, 0x3A, 0x00, 0x01, 0x2B, 0x3E, 0x00, 0x01,
    0x2B, 0x42, 0x00, 0x01, 0x2B, 0x46, 0x00, 0x01, 0x2B, 0x4A, 0x00, 0x01, 0x2B, 0x4E, 0x00, 0x01,
    0x2B, 0x52, 0x00, 0x01, 0x2B, 0x56, 0x00, 0x01, 0x2B, 0x5A, 0x00, 0x01, 0x2B, 0x5E, 0x00, 0x01,
    0x2B, 0x62, 0x00, 0x01, 0x2B, 0x66, 0x00, 0x01, 0x2B, 0x6A, 0x00, 0x01, 0x2B, 0x6E, 0x00, 0x01,
    0x2B, 0x72, 0x00, 0x01, 0x2B, 0x76, 0x00, 0x01, 0x2B, 0x7A, 0x00, 0x01, 0x2B, 0x7E, 0x00, 0x01,
    0x2B, 0x82, 0x00, 0x01, 0x2B, 0x86, 0x00, 0x01, 0x2B, 0x8A, 0x00, 0x01, 0x2B, 0x8E, 0x00, 0x01,
    0x2B, 0x92, 0x00, 0x01, 0x2B, 0x96, 0x00, 0x01, 0x29, 0x6A, 0x00, 0x01, 0x29, 0x6C, 0x00, 0x01,
    0x29, 0x6E, 0x00, 0x01, 0x29, 0x70, 0x00, 0x01, 0x29, 0x72, 0x00, 0x01, 0x29, 0x74, 0x00, 0x01,
    0x29, 0x76, 0x00, 0x01, 0x29, 0x78, 0x00, 0x01, 0x29, 0x7A, 0x00, 0x01, 0x29, 0x7C, 0x00, 0x01,
    0x29, 0x7E, 0x00, 0x01, 0x29, 0x80, 0x00, 0x01, 0x29, 0x82, 0x00, 0x01, 0x29, 0x84, 0x00, 0x01,
    0x29, 0x86, 0x00, 0x01, 0x29, 0x88, 0x00, 0x01, 0x29, 0x8A, 0x00, 0x01, 0x29, 0x8C, 0x00, 0x01,
    0x29, 0x8E, 0x00, 0x01, 0x29, 0x90, 0x00, 0x01, 0x29, 0x92, 0x00, 0x01, 0x29, 0x94, 0x00, 0x01,
    0x29, 0x96, 0x00, 0x01, 0x29, 0x98, 0x00, 0x01, 0x29, 0x9A, 0x00, 0x01, 0x29, 0x9C, 0x00, 0x01,
    0x29, 0x9E, 0x00, 0x01, 0x29, 0xA0, 0x00, 0x01, 0x29, 0xA2, 0x00, 0x01, 0x29, 0xA4, 0x00, 0x01,
    0x29, 0xA6, 0x00, 0x01, 0x29, 0xA8, 0x00, 0x01, 0x29, 0xAA, 0x00, 0x01, 0x29, 0xAC, 0x00, 0x01,
    0x29, 0xAE, 0x00, 0x01, 0x29, 0xB0, 0x00, 0x01, 0x29, 0xB2, 0x00, 0x01, 0x29, 0xB4, 0x00, 0x01,
    0x29, 0xB6, 0x00, 0x01, 0x29, 0xB8, 0x00, 0x02, 0x00, 0x07, 0x00, 0x17, 0x00, 0x18, 0x00, 0x00,
    0x00, 0x1A, 0x00, 0x1D, 0x00, 0x02, 0x00, 0x1F, 0x00, 0x28, 0x00, 0x06, 0x00, 0x2B, 0x00, 0x2E,
    0x00, 0x10, 0x00, 0x31, 0x00, 0x37, 0x00, 0x14, 0x00, 0x5E, 0x00, 0x5F, 0x00, 0x1B, 0x01, 0x5A,
    0x01, 0x5B, 0x00, 0x1D, 0x00, 0x02, 0x00, 0x02, 0x01, 0x36, 0x01, 0x59, 0x00, 0x00, 0x01, 0x61,
    0x01, 0x6A, 0x00, 0x24, 0x00, 0x02, 0x00, 0x02, 0x00, 0x60, 0x00, 0x83, 0x00, 0x00, 0x01, 0x27,
    0x01, 0x30, 0x00, 0x24, 0x00, 0x02, 0x00, 0x05, 0x00, 0x15, 0x00, 0x37, 0x00, 0x00, 0x00, 0x4A,
    0x00, 0x4A, 0x00, 0x23, 0x00, 0x5E, 0x00, 0x5F, 0x00, 0x24, 0x01, 0x1D, 0x01, 0x1D, 0x00, 0x26,
    0x01, 0x22, 0x01, 0x22, 0x00, 0x27, 0x00, 0x0A, 0x2A, 0x8A, 0x2A, 0x98, 0x2A, 0xA6, 0x2A, 0xB4,
    0x2A, 0xC2, 0x2A, 0xD0, 0x2A, 0xDE, 0x2A, 0xEC, 0x2A, 0xFA, 0x2B, 0x08, 0x00, 0x0A, 0x2B, 0x00,
    0x2B, 0x0E, 0x2B, 0x1C, 0x2B, 0x2A, 0x2B, 0x38, 0x2B, 0x46, 0x2B, 0x54, 0x2B, 0x62, 0x2B, 0x70,
    0x2B, 0x7E, 0x00, 0x0A, 0x2B, 0x76, 0x2B, 0x84, 0x2B, 0x92, 0x2B, 0xA0, 0x2B, 0xAE, 0x2B, 0xBC,
    0x2B, 0xCA, 0x2B, 0xD8, 0x2B, 0xE6, 0x2B, 0xF4, 0x00, 0x0A, 0x2B, 0xEC, 0x2B, 0xFA, 0x2C, 0x08,
    0x2C, 0x16, 0x2C, 0x24, 0x2C, 0x32, 0x2C, 0x40, 0x2C, 0x4E, 0x2C, 0x5C, 0x2C, 0x6A, 0x00, 0x0A,
    0x2C, 0x62, 0x2C, 0x70, 0x2C, 0x7E, 0x2C, 0x8C, 0x2C, 0x9A, 0x2C, 0xA8, 0x2C, 0xB6, 0x2C, 0xC4,
    0x2C, 0xD2, 0x2C, 0xE0, 0x00, 0x0A, 0x2C, 0xD8, 0x2C, 0xE6, 0x2C, 0xF4, 0x2D, 0x02, 0x2D, 0x10,
    0x2D, 0x1E, 0x2D, 0x2C, 0x2D, 0x3A, 0x2D, 0x48, 0x2D, 0x56, 0x00, 0x0A, 0x2D, 0x4E, 0x2D, 0x5C,
    0x2D, 0x6A, 0x2D, 0x78, 0x2D, 0x86, 0x2D, 0x94, 0x2D, 0xA2, 0x2D, 0xB0, 0x2D, 0xBE, 0x2D, 0xCC,
    0x00, 0x0A, 0x2D, 0xC4, 0x2D, 0xD2, 0x2D, 0xE0, 0x2D, 0xEE, 0x2D, 0xFC, 0x2E, 0x0A, 0x2E, 0x18,
    0x2E, 0x26, 0x2E, 0x34, 0x2E, 0x42, 0x00, 0x0A, 0x2E, 0x3A, 0x2E, 0x48, 0x2E, 0x56, 0x2E, 0x64,
    0x2E, 0x72, 0x2E, 0x80, 0x2E, 0x8E, 0x2E, 0x9C, 0x2E, 0xAA, 0x2E, 0xB8, 0x00, 0x0A, 0x2E, 0xB0,
    0x2E, 0xBE, 0x2E, 0xCC, 0x2E, 0xDA, 0x2E, 0xE8, 0x2E, 0xF6, 0x2F, 0x04, 0x2F, 0x12, 0x2F, 0x20,
    0x2F, 0x2E, 0x00, 0x0A, 0x2F, 0x26, 0x2F, 0x34, 0x2F, 0x42, 0x2F, 0x50, 0x2F, 0x5E, 0x2F, 0x6C,
    0x2F, 0x7A, 0x2F, 0x88, 0x2F, 0x96, 0x2F, 0xA4, 0x00, 0x0A, 0x2F, 0x9C, 0x2F, 0xAA, 0x2F, 0xB8,
    0x2F, 0xC6, 0x2F, 0xD4, 0x2F, 0xE2, 0x2F, 0xF0, 0x2F, 0xFE, 0x30, 0x0C, 0x30, 0x1A, 0x00, 0x0A,
    0x30, 0x12, 0x30, 0x20, 0x30, 0x2E, 0x30, 0x3C, 0x30, 0x4A, 0x30, 0x58, 0x30, 0x66, 0x30, 0x74,
    0x30, 0x82, 0x30, 0x90, 0x00, 0x0A, 0x30, 0x88, 0x30, 0x96, 0x30, 0xA4, 0x30, 0xB2, 0x30, 0xC0,
    0x30, 0xCE, 0x30, 0xDC, 0x30, 0xEA, 0x30, 0xF8, 0x31, 0x06, 0x00, 0x0A, 0x30, 0xFE, 0x31, 0x0C,
    0x31, 0x1A, 0x31, 0x28, 0x31, 0x36, 0x31, 0x44, 0x31, 0x52, 0x31, 0x60, 0x31, 0x6E, 0x31, 0x7C,
    0x00, 0x0A, 0x31, 0x74, 0x31, 0x82, 0x31, 0x90, 0x31, 0x9E, 0x31, 0xAC, 0x31, 0xBA, 0x31, 0xC8,
    0x31, 0xD6, 0x31, 0xE4, 0x31, 0xF2, 0x00, 0x0A, 0x31, 0xEA, 0x31, 0xF8, 0x32, 0x06, 0x32, 0x14,
    0x32, 0x22, 0x32, 0x30, 0x32, 0x3E, 0x32, 0x4C, 0x32, 0x5A, 0x32, 0x68, 0x00, 0x0A, 0x32, 0x60,
    0x32, 0x6E, 0x32, 0x7C, 0x32, 0x8A, 0x32, 0x98, 0x32, 0xA6, 0x32, 0xB4, 0x32, 0xC2, 0x32, 0xD0,
    0x32, 0xDE, 0x00, 0x0A, 0x32, 0xD6, 0x32, 0xE4, 0x32, 0xF2, 0x33, 0x00, 0x33, 0x0E, 0x33, 0x1C,
    0x33, 0x2A, 0x33, 0x38, 0x33, 0x46, 0x33, 0x54, 0x00, 0x0A, 0x33, 0x4C, 0x33, 0x5A, 0x33, 0x68,
    0x33, 0x76, 0x33, 0x84, 0x33, 0x92, 0x33, 0xA0, 0x33, 0xAE, 0x33, 0xBC, 0x33, 0xCA, 0x00, 0x0A,
    0x33, 0xC2, 0x33, 0xD0, 0x33, 0xDE, 0x33, 0xEC, 0x33, 0xFA, 0x34, 0x08, 0x34, 0x16, 0x34, 0x24,
    0x34, 0x32, 0x34, 0x40, 0x00, 0x0A, 0x34, 0x38, 0x34, 0x46, 0x34, 0x54, 0x34, 0x62, 0x34, 0x70,
    0x34, 0x7E, 0x34, 0x8C, 0x34, 0x9A, 0x34, 0xA8, 0x34, 0xB6, 0x00, 0x0A, 0x34, 0xAE, 0x34, 0xBC,
    0x34, 0xCA, 0x34, 0xD8, 0x34, 0xE6, 0x34, 0xF4, 0x35, 0x02, 0x35, 0x10, 0x35, 0x1E, 0x35, 0x2C,
    0x00, 0x0A, 0x35, 0x24, 0x35, 0x32, 0x35, 0x40, 0x35, 0x4E, 0x35, 0x5C, 0x35, 0x6A, 0x35, 0x78,
    0x35, 0x86, 0x35, 0x94, 0x35, 0xA2, 0x00, 0x0A, 0x35, 0x9A, 0x35, 0xA8, 0x35, 0xB6, 0x35, 0xC4,
    0x35, 0xD2, 0x35, 0xE0, 0x35, 0xEE, 0x35, 0xFC, 0x36, 0x0A, 0x36, 0x18, 0x00, 0x0A, 0x36, 0x10,
    0x36, 0x1E, 0x36, 0x2C, 0x36, 0x3A, 0x36, 0x48, 0x36, 0x56, 0x36, 0x64, 0x36, 0x72, 0x36, 0x80,
    0x36, 0x8E, 0x00, 0x0A, 0x36, 0x86, 0x36, 0x94, 0x36, 0xA2, 0x36, 0xB0, 0x36, 0xBE, 0x36, 0xCC,
    0x36, 0xDA, 0x36, 0xE8, 0x36, 0xF6, 0x37, 0x04, 0x00, 0x0A, 0x36, 0xFC, 0x37, 0x0A, 0x37, 0x18,
    0x37, 0x26, 0x37, 0x34, 0x37, 0x42, 0x37, 0x50, 0x37, 0x5E, 0x37, 0x6C, 0x37, 0x7A, 0x00, 0x0A,
    0x37, 0x72, 0x37, 0x80, 0x37, 0x8E, 0x37, 0x9C, 0x37, 0xAA, 0x37, 0xB8, 0x37, 0xC6, 0x37, 0xD4,
    0x37, 0xE2, 0x37, 0xF0, 0x00, 0x0A, 0x37, 0xE8, 0x37, 0xF6, 0x38, 0x04, 0x38, 0x12, 0x38, 0x20,
    0x38, 0x2E, 0x38, 0x3C, 0x38, 0x4A, 0x38, 0x58, 0x38, 0x66, 0x00, 0x0A, 0x38, 0x5E, 0x38, 0x6C,
    0x38, 0x7A, 0x38, 0x88, 0x38, 0x96, 0x38, 0xA4, 0x38, 0xB2, 0x38, 0xC0, 0x38, 0xCE, 0x38, 0xDC,
    0x00, 0x0A, 0x38, 0xD4, 0x38, 0xE2, 0x38, 0xF0, 0x38, 0xFE, 0x39, 0x0C, 0x39, 0x1A, 0x39, 0x28,
    0x39, 0x36, 0x39, 0x44, 0x39, 0x52, 0x00, 0x0A, 0x39, 0x4A, 0x39, 0x58, 0x39, 0x66, 0x39, 0x74,
    0x39, 0x82, 0x39, 0x90, 0x39, 0x9E, 0x39, 0xAC, 0x39, 0xBA, 0x39, 0xC8, 0x00, 0x0A, 0x39, 0xC0,
    0x39, 0xCE, 0x39, 0xDC, 0x39, 0xEA, 0x39, 0xF8, 0x3A, 0x06, 0x3A, 0x14, 0x3A, 0x22, 0x3A, 0x30,
    0x3A, 0x3E, 0x00, 0x0A, 0x3A, 0x36, 0x3A, 0x44, 0x3A, 0x52, 0x3A, 0x60, 0x3A, 0x6E, 0x3A, 0x7C,
    0x3A, 0x8A, 0x3A, 0x98, 0x3A, 0xA6, 0x3A, 0xB4, 0x00, 0x0A, 0x3A, 0xAC, 0x3A, 0xBA, 0x3A, 0xC8,
    0x3A, 0xD6, 0x3A, 0xE4, 0x3A, 0xF2, 0x3B, 0x00, 0x3B, 0x0E, 0x3B, 0x1C, 0x3B, 0x2A, 0x00, 0x0A,
    0x3B, 0x22, 0x3B, 0x30, 0x3B, 0x3E, 0x3B, 0x4C, 0x3B, 0x5A, 0x3B, 0x68, 0x3B, 0x76, 0x3B, 0x84,
    0x3B, 0x92, 0x3B, 0xA0, 0x00, 0x0A, 0x3B, 0x98, 0x3B, 0xA6, 0x3B, 0xB4, 0x3B, 0xC2, 0x3B, 0xD0,
    0x3B, 0xDE, 0x3B, 0xEC, 0x3B, 0xFA, 0x3C, 0x08, 0x3C, 0x16, 0x00, 0x0A, 0x3C, 0x0E, 0x3C, 0x1C,
    0x3C, 0x2A, 0x3C, 0x38, 0x3C, 0x46, 0x3C, 0x54, 0x3C, 0x62, 0x3C, 0x70, 0x3C, 0x7E, 0x3C, 0x8C,
    0x00, 0x0A, 0x3C, 0x84, 0x3C, 0x92, 0x3C, 0xA0, 0x3C, 0xAE, 0x3C, 0xBC, 0x3C, 0xCA, 0x3C, 0xD8,
    0x3C, 0xE6, 0x3C, 0xF4, 0x3D, 0x02, 0x00, 0x0A, 0x3C, 0xFA, 0x3D, 0x08, 0x3D, 0x16, 0x3D, 0x24,
    0x3D, 0x32, 0x3D, 0x40, 0x3D, 0x4E, 0x3D, 0x5C, 0x3D, 0x6A, 0x3D, 0x78, 0x00, 0x0A, 0x3D, 0x70,
    0x3D, 0x7E, 0x3D, 0x8C, 0x3D, 0x9A, 0x3D, 0xA8, 0x3D, 0xB6, 0x3D, 0xC4, 0x3D, 0xD2, 0x3D, 0xE0,
    0x3D, 0xEE, 0x00, 0x0A, 0x3D, 0xE6, 0x3D, 0xF4, 0x3E, 0x02, 0x3E, 0x10, 0x3E, 0x1E, 0x3E, 0x2C,
    0x3E, 0x3A, 0x3E, 0x48, 0x3E, 0x56, 0x3E, 0x64, 0x00, 0x0A, 0x3E, 0x5C, 0x3E, 0x6A, 0x3E, 0x78,
    0x3E, 0x86, 0x3E, 0x94, 0x3E, 0xA2, 0x3E, 0xB0, 0x3E, 0xBE, 0x3E, 0xCC, 0x3E, 0xDA, 0x00, 0x0A,
    0x3E, 0xD2, 0x3E, 0xE0, 0x3E, 0xEE, 0x3E, 0xFC, 0x3F, 0x0A, 0x3F, 0x18, 0x3F, 0x26, 0x3F, 0x34,
    0x3F, 0x42, 0x3F, 0x50, 0x00, 0x0A, 0x3F, 0x48, 0x3F, 0x56, 0x3F, 0x64, 0x3F, 0x72, 0x3F, 0x80,
    0x3F, 0x8E, 0x3F, 0x9C, 0x3F, 0xAA, 0x3F, 0xB8, 0x3F, 0xC6, 0x00, 0x0A, 0x3F, 0xBE, 0x3F, 0xCC,
    0x3F, 0xDA, 0x3F, 0xE8, 0x3F, 0xF6, 0x40, 0x04, 0x40, 0x12, 0x40, 0x20, 0x40, 0x2E, 0x40, 0x3C,
    0x00, 0x0A, 0x40, 0x34, 0x40, 0x42, 0x40, 0x50, 0x40, 0x5E, 0x40, 0x6C, 0x40, 0x7A, 0x40, 0x88,
    0x40, 0x96, 0x40, 0xA4, 0x40, 0xB2, 0x00, 0x0A, 0x40, 0xAA, 0x40, 0xB8, 0x40, 0xC6, 0x40, 0xD4,
    0x40, 0xE2, 0x40, 0xF0, 0x40, 0xFE, 0x41, 0x0C, 0x41, 0x1A, 0x41, 0x28, 0x00, 0x0A, 0x41, 0x20,
    0x41, 0x2E, 0x41, 0x3C, 0x41, 0x4A, 0x41, 0x58, 0x41, 0x66, 0x41, 0x74, 0x41, 0x82, 0x41, 0x90,
    0x41, 0x9E, 0x00, 0x0A, 0x41, 0x96, 0x41, 0xA4, 0x41, 0xB2, 0x41, 0xC0, 0x41, 0xCE, 0x41, 0xDC,
    0x41, 0xEA, 0x41, 0xF8, 0x42, 0x06, 0x42, 0x14, 0x00, 0x0A, 0x42, 0x0C, 0x42, 0x1A, 0x42, 0x28,
    0x42, 0x36, 0x42, 0x44, 0x42, 0x52, 0x42, 0x60, 0x42, 0x6E, 0x42, 0x7C, 0x42, 0x8A, 0x00, 0x0A,
    0x42, 0x82, 0x42, 0x90, 0x42, 0x9E, 0x42, 0xAC, 0x42, 0xBA, 0x42, 0xC8, 0x42, 0xD6, 0x42, 0xE4,
    0x42, 0xF2, 0x43, 0x00, 0x00, 0x0A, 0x42, 0xF8, 0x43, 0x06, 0x43, 0x14, 0x43, 0x22, 0x43, 0x30,
    0x43, 0x3E, 0x43, 0x4C, 0x43, 0x5A, 0x43, 0x68, 0x43, 0x76, 0x00, 0x0A, 0x43, 0x6E, 0x43, 0x7C,
    0x43, 0x8A, 0x43, 0x98, 0x43, 0xA6, 0x43, 0xB4, 0x43, 0xC2, 0x43, 0xD0, 0x43, 0xDE, 0x43, 0xEC,
    0x00, 0x0A, 0x43, 0xE4, 0x43, 0xF2, 0x44, 0x00, 0x44, 0x0E, 0x44, 0x1C, 0x44, 0x2A, 0x44, 0x38,
    0x44, 0x46, 0x44, 0x54, 0x44, 0x62, 0x00, 0x0A, 0x44, 0x5A, 0x44, 0x68, 0x44, 0x76, 0x44, 0x84,
    0x44, 0x92, 0x44, 0xA0, 0x44, 0xAE, 0x44, 0xBC, 0x44, 0xCA, 0x44, 0xD8, 0x00, 0x0A, 0x44, 0xD0,
    0x44, 0xDE, 0x44, 0xEC, 0x44, 0xFA, 0x45, 0x08, 0x45, 0x16, 0x45, 0x24, 0x45, 0x32, 0x45, 0x40,
    0x45, 0x4E, 0x00, 0x0A, 0x45, 0x46, 0x45, 0x54, 0x45, 0x62, 0x45, 0x70, 0x45, 0x7E, 0x45, 0x8C,
    0x45, 0x9A, 0x45, 0xA8, 0x45, 0xB6, 0x45, 0xC4, 0x00, 0x0A, 0x45, 0xBC, 0x45, 0xCA, 0x45, 0xD8,
    0x45, 0xE6, 0x45, 0xF4, 0x46, 0x02, 0x46, 0x10, 0x46, 0x1E, 0x46, 0x2C, 0x46, 0x3A, 0x00, 0x0A,
    0x46, 0x32, 0x46, 0x40, 0x46, 0x4E, 0x46, 0x5C, 0x46, 0x6A, 0x46, 0x78, 0x46, 0x86, 0x46, 0x94,
    0x46, 0xA2, 0x46, 0xB0, 0x00, 0x0A, 0x46, 0xA8, 0x46, 0xB6, 0x46, 0xC4, 0x46, 0xD2, 0x46, 0xE0,
    0x46, 0xEE, 0x46, 0xFC, 0x47, 0x0A, 0x47, 0x18, 0x47, 0x26, 0x00, 0x0A, 0x47, 0x1E, 0x47, 0x2C,
    0x47, 0x3A, 0x47, 0x48, 0x47, 0x56, 0x47, 0x64, 0x47, 0x72, 0x47, 0x80, 0x47, 0x8E, 0x47, 0x9C,
    0x00, 0x0A, 0x47, 0x94, 0x47, 0xA2, 0x47, 0xB0, 0x47, 0xBE, 0x47, 0xCC, 0x47, 0xDA, 0x47, 0xE8,
    0x47, 0xF6, 0x48, 0x04, 0x48, 0x12, 0x00, 0x0A, 0x48, 0x0A, 0x48, 0x18, 0x48, 0x26, 0x48, 0x34,
    0x48, 0x42, 0x48, 0x50, 0x48, 0x5E, 0x48, 0x6C, 0x48, 0x7A, 0x48, 0x88, 0x00, 0x0A, 0x48, 0x80,
    0x48, 0x8E, 0x48, 0x9C, 0x48, 0xAA, 0x48, 0xB8, 0x48, 0xC6, 0x48, 0xD4, 0x48, 0xE2, 0x48, 0xF0,
    0x48, 0xFE, 0x00, 0x0A, 0x48, 0xF6, 0x49, 0x04, 0x49, 0x12, 0x49, 0x20, 0x49, 0x2E, 0x49, 0x3C,
    0x49, 0x4A, 0x49, 0x58, 0x49, 0x66, 0x49, 0x74, 0x00, 0x0A, 0x49, 0x6C, 0x49, 0x7A, 0x49, 0x88,
    0x49, 0x96, 0x49, 0xA4, 0x49, 0xB2, 0x49, 0xC0, 0x49, 0xCE, 0x49, 0xDC, 0x49, 0xEA, 0x00, 0x0A,
    0x49, 0xE2, 0x49, 0xF0, 0x49, 0xFE, 0x4A, 0x0C, 0x4A, 0x1A, 0x4A, 0x28, 0x4A, 0x36, 0x4A, 0x44,
    0x4A, 0x52, 0x4A, 0x60, 0x00, 0x0A, 0x4A, 0x58, 0x4A, 0x66, 0x4A, 0x74, 0x4A, 0x82, 0x4A, 0x90,
    0x4A, 0x9E, 0x4A, 0xAC, 0x4A, 0xBA, 0x4A, 0xC8, 0x4A, 0xD6, 0x00, 0x0A, 0x4A, 0xCE, 0x4A, 0xDC,
    0x4A, 0xEA, 0x4A, 0xF8, 0x4B, 0x06, 0x4B, 0x14, 0x4B, 0x22, 0x4B, 0x30, 0x4B, 0x3E, 0x4B, 0x4C,
    0x00, 0x0A, 0x4B, 0x44, 0x4B, 0x52, 0x4B, 0x60, 0x4B, 0x6E, 0x4B, 0x7C, 0x4B, 0x8A, 0x4B, 0x98,
    0x4B, 0xA6, 0x4B, 0xB4, 0x4B, 0xC2, 0x00, 0x0A, 0x4B, 0xBA, 0x4B, 0xC8, 0x4B, 0xD6, 0x4B, 0xE4,
    0x4B, 0xF2, 0x4C, 0x00, 0x4C, 0x0E, 0x4C, 0x1C, 0x4C, 0x2A, 0x4C, 0x38, 0x00, 0x0A, 0x4C, 0x30,
    0x4C, 0x3E, 0x4C, 0x4C, 0x4C, 0x5A, 0x4C, 0x68, 0x4C, 0x76, 0x4C, 0x84, 0x4C, 0x92, 0x4C, 0xA0,
    0x4C, 0xAE, 0x00, 0x0A, 0x4C, 0xA6, 0x4C, 0xB4, 0x4C, 0xC2, 0x4C, 0xD0, 0x4C, 0xDE, 0x4C, 0xEC,
    0x4C, 0xFA, 0x4D, 0x08, 0x4D, 0x16, 0x4D, 0x24, 0x00, 0x0A, 0x4D, 0x1C, 0x4D, 0x2A, 0x4D, 0x38,
    0x4D, 0x46, 0x4D, 0x54, 0x4D, 0x62, 0x4D, 0x70, 0x4D, 0x7E, 0x4D, 0x8C, 0x4D, 0x9A, 0x00, 0x0A,
    0x4D, 0x92, 0x4D, 0xA0, 0x4D, 0xAE, 0x4D, 0xBC, 0x4D, 0xCA, 0x4D, 0xD8, 0x4D, 0xE6, 0x4D, 0xF4,
    0x4E, 0x02, 0x4E, 0x10, 0x00, 0x0A, 0x4E, 0x08, 0x4E, 0x16, 0x4E, 0x24, 0x4E, 0x32, 0x4E, 0x40,
    0x4E, 0x4E, 0x4E, 0x5C, 0x4E, 0x6A, 0x4E, 0x78, 0x4E, 0x86, 0x00, 0x0A, 0x4E, 0x7E, 0x4E, 0x8C,
    0x4E, 0x9A, 0x4E, 0xA8, 0x4E, 0xB6, 0x4E, 0xC4, 0x4E, 0xD2, 0x4E, 0xE0, 0x4E, 0xEE, 0x4E, 0xFC,
    0x00, 0x0A, 0x4E, 0xF4, 0x4F, 0x02, 0x4F, 0x10, 0x4F, 0x1E, 0x4F, 0x2C, 0x4F, 0x3A, 0x4F, 0x48,
    0x4F, 0x56, 0x4F, 0x64, 0x4F, 0x72, 0x00, 0x0A, 0x4F, 0x6A, 0x4F, 0x78, 0x4F, 0x86, 0x4F, 0x94,
    0x4F, 0xA2, 0x4F, 0xB0, 0x4F, 0xBE, 0x4F, 0xCC, 0x4F, 0xDA, 0x4F, 0xE8, 0x00, 0x0A, 0x4F, 0xE0,
    0x4F, 0xEE, 0x4F, 0xFC, 0x50, 0x0A, 0x50, 0x18, 0x50, 0x26, 0x50, 0x34, 0x50, 0x42, 0x50, 0x50,
    0x50, 0x5E, 0x00, 0x0A, 0x50, 0x56, 0x50, 0x64, 0x50, 0x72, 0x50, 0x80, 0x50, 0x8E, 0x50, 0x9C,
    0x50, 0xAA, 0x50, 0xB8, 0x50, 0xC6, 0x50, 0xD4, 0x00, 0x0A, 0x50, 0xCC, 0x50, 0xDA, 0x50, 0xE8,
    0x50, 0xF6, 0x51, 0x04, 0x51, 0x12, 0x51, 0x20, 0x51, 0x2E, 0x51, 0x3C, 0x51, 0x4A, 0x00, 0x0A,
    0x51, 0x42, 0x51, 0x50, 0x51, 0x5E, 0x51, 0x6C, 0x51, 0x7A, 0x51, 0x88, 0x51, 0x96, 0x51, 0xA4,
    0x51, 0xB2, 0x51, 0xC0, 0x00, 0x0A, 0x51, 0xB8, 0x51, 0xC6, 0x51, 0xD4, 0x51, 0xE2, 0x51, 0xF0,
    0x51, 0xFE, 0x52, 0x0C, 0x52, 0x1A, 0x52, 0x28, 0x52, 0x36, 0x00, 0x0A, 0x52, 0x2E, 0x52, 0x3C,
    0x52, 0x4A, 0x52, 0x58, 0x52, 0x66, 0x52, 0x74, 0x52, 0x82, 0x52, 0x90, 0x52, 0x9E, 0x52, 0xAC,
    0x00, 0x0A, 0x52, 0xA4, 0x52, 0xB2, 0x52, 0xC0, 0x52, 0xCE, 0x52, 0xDC, 0x52, 0xEA, 0x52, 0xF8,
    0x53, 0x06, 0x53, 0x14, 0x53, 0x22, 0x00, 0x0A, 0x53, 0x1A, 0x53, 0x28, 0x53, 0x36, 0x53, 0x44,
    0x53, 0x52, 0x53, 0x60, 0x53, 0x6E, 0x53, 0x7C, 0x53, 0x8A, 0x53, 0x98, 0x00, 0x0A, 0x53, 0x90,
    0x53, 0x9E, 0x53, 0xAC, 0x53, 0xBA, 0x53, 0xC8, 0x53, 0xD6, 0x53, 0xE4, 0x53, 0xF2, 0x54, 0x00,
    0x54, 0x0E, 0x00, 0x0A, 0x54, 0x06, 0x54, 0x14, 0x54, 0x22, 0x54, 0x30, 0x54, 0x3E, 0x54, 0x4C,
    0x54, 0x5A, 0x54, 0x68, 0x54, 0x76, 0x54, 0x84, 0x00, 0x0A, 0x54, 0x7C, 0x54, 0x8A, 0x54, 0x98,
    0x54, 0xA6, 0x54, 0xB4, 0x54, 0xC2, 0x54, 0xD0, 0x54, 0xDE, 0x54, 0xEC, 0x54, 0xFA, 0x00, 0x02,
    0x00, 0x60, 0x00, 0x86, 0x00, 0x02, 0x00, 0x61, 0x00, 0x87, 0x00, 0x02, 0x00, 0x74, 0x00, 0x98,
    0x00, 0x02, 0x00, 0x75, 0x00, 0x99, 0x00, 0x02, 0x00, 0x0D, 0x00, 0x9E, 0x00, 0x02, 0x00, 0x84,
    0x00, 0x85, 0x00, 0x02, 0x00, 0x80, 0x01, 0x1E, 0x00, 0x02, 0x00, 0x69, 0x01, 0x23, 0x00, 0x02,
    0x00, 0x09, 0x00, 0x04, 0x00, 0x05, 0x00, 0x00, 0x00, 0x3F, 0x00, 0x40, 0x00, 0x02, 0x00, 0x47,
    0x00, 0x49, 0x00, 0x04, 0x00, 0x4D, 0x00, 0x4E, 0x00, 0x07, 0x00, 0x5B, 0x00, 0x5B, 0x00, 0x09,
    0x00, 0x60, 0x00, 0x83, 0x00, 0x0A, 0x01, 0x27, 0x01, 0x59, 0x00, 0x2E, 0x01, 0x5C, 0x01, 0x6F,
    0x00, 0x61, 0x01, 0x9D, 0x01, 0x9D, 0x00, 0x75, 0x00, 0x03, 0x00, 0x84, 0x00, 0x85, 0x01, 0x12,
    0x00, 0x03, 0x00, 0x84, 0x00, 0x85, 0x01, 0x13, 0x00, 0x05, 0x00, 0x84, 0x00, 0x85, 0x01, 0x14,
    0x01, 0x16, 0x01, 0x18, 0x00, 0x02, 0x00, 0x0A, 0x00, 0x04, 0x00, 0x05, 0x00, 0x00, 0x00, 0x3F,
    0x00, 0x40, 0x00, 0x02, 0x00, 0x48, 0x00, 0x49, 0x00, 0x04, 0x00, 0x4D, 0x00, 0x4E, 0x00, 0x06,
    0x00, 0x5B, 0x00, 0x5B, 0x00, 0x08, 0x00, 0x60, 0x00, 0x83, 0x00, 0x09, 0x01, 0x27, 0x01, 0x59,
    0x00, 0x2D, 0x01, 0x5C, 0x01, 0x6F, 0x00, 0x60, 0x01, 0x9D, 0x01, 0x9D, 0x00, 0x74, 0x01, 0xA1,
    0x01, 0xA1, 0x00, 0x75, 0x00, 0x06, 0x00, 0x84, 0x00, 0x85, 0x01, 0x15, 0x01, 0x17, 0x01, 0x19,
    0x00, 0x48, 0x00, 0x08, 0x00, 0x3A, 0x00, 0x3B, 0x00, 0x41, 0x00, 0x3D, 0x00, 0x46, 0x00, 0x3E,
    0x01, 0x5A, 0x01, 0x94, 0x00, 0x08, 0x00, 0x3A, 0x00, 0x3B, 0x00, 0x41, 0x00, 0x3D, 0x00, 0x46,
    0x00, 0x3E, 0x01, 0x5B, 0x01, 0x95, 0x00, 0x0A, 0x00, 0x03, 0x01, 0x96, 0x01, 0x97, 0x01, 0x9C,
    0x01, 0x9F, 0x01, 0xA0, 0x01, 0xA1, 0x01, 0x9A, 0x01, 0x9B, 0x01, 0x9E, 0x00, 0x0B, 0x00, 0x5B,
    0x00, 0x03, 0x01, 0x96, 0x01, 0x97, 0x01, 0x9C, 0x01, 0x9F, 0x01, 0xA0, 0x01, 0xA1, 0x01, 0x9A,
    0x01, 0x9B, 0x01, 0x9E, 0x00, 0x0B, 0x00, 0x60, 0x00, 0x67, 0x00, 0x03, 0x01, 0x96, 0x01, 0x97,
    0x01, 0x9C, 0x01, 0x9F, 0x01, 0xA0, 0x01, 0x9A, 0x01, 0x9B, 0x01, 0x9E, 0x00, 0x0B, 0x01, 0x5E,
    0x00, 0x03, 0x01, 0x96, 0x01, 0x97, 0x01, 0x9C, 0x01, 0x9F, 0x01, 0xA0, 0x01, 0xA1, 0x01, 0x9A,
    0x01, 0x9B, 0x01, 0x9E, 0x00, 0x0B, 0x01, 0x5F, 0x00, 0x03, 0x01, 0x96, 0x01, 0x97, 0x01, 0x9C,
    0x01, 0x9F, 0x01, 0xA0, 0x01, 0xA1, 0x01, 0x9A, 0x01, 0x9B, 0x01, 0x9E, 0x00, 0x0B, 0x01, 0x60,
    0x00, 0x03, 0x01, 0x96, 0x01, 0x97, 0x01, 0x9C, 0x01, 0x9F, 0x01, 0xA0, 0x01, 0xA1, 0x01, 0x9A,
    0x01, 0x9B, 0x01, 0x9E, 0x00, 0x0B, 0x01, 0x61, 0x00, 0x03, 0x01, 0x96, 0x01, 0x97, 0x01, 0x9C,
    0x01, 0x9F, 0x01, 0xA0, 0x01, 0xA1, 0x01, 0x9A, 0x01, 0x9B, 0x01, 0x9E, 0x00, 0x0B, 0x01, 0x62,
    0x00, 0x03, 0x01, 0x96, 0x01, 0x97, 0x01, 0x9C, 0x01, 0x9F, 0x01, 0xA0, 0x01, 0xA1, 0x01, 0x9A,
    0x01, 0x9B, 0x01, 0x9E, 0x00, 0x0B, 0x01, 0x63, 0x00, 0x03, 0x01, 0x96, 0x01, 0x97, 0x01, 0x9C,
    0x01, 0x9F, 0x01, 0xA0, 0x01, 0xA1, 0x01, 0x9A, 0x01, 0x9B, 0x01, 0x9E, 0x00, 0x0B, 0x01, 0x64,
    0x00, 0x03, 0x01, 0x96, 0x01, 0x97, 0x01, 0x9C, 0x01, 0x9F, 0x01, 0xA0, 0x01, 0xA1, 0x01, 0x9A,
    0x01, 0x9B, 0x01, 0x9E, 0x00, 0x0B, 0x01, 0x65, 0x00, 0x03, 0x01, 0x96, 0x01, 0x97, 0x01, 0x9C,
    0x01, 0x9F, 0x01, 0xA0, 0x01, 0xA1, 0x01, 0x9A, 0x01, 0x9B, 0x01, 0x9E, 0x00, 0x0B, 0x01, 0x66,
    0x00, 0x03, 0x01, 0x96, 0x01, 0x97, 0x01, 0x9C, 0x01, 0x9F, 0x01, 0xA0, 0x01, 0xA1, 0x01, 0x9A,
    0x01, 0x9B, 0x01, 0x9E, 0x00, 0x0B, 0x01, 0x67, 0x00, 0x03, 0x01, 0x96, 0x01, 0x97, 0x01, 0x9C,
    0x01, 0x9F, 0x01, 0xA0, 0x01, 0xA1, 0x01, 0x9A, 0x01, 0x9B, 0x01, 0x9E, 0x00, 0x0B, 0x01, 0x68,
    0x00, 0x03, 0x01, 0x96, 0x01, 0x97, 0x01, 0x9C, 0x01, 0x9F, 0x01, 0xA0, 0x01, 0xA1, 0x01, 0x9A,
    0x01, 0x9B, 0x01, 0x9E, 0x00, 0x0B, 0x01, 0x69, 0x00, 0x03, 0x01, 0x96, 0x01, 0x97, 0x01, 0x9C,
    0x01, 0x9F, 0x01, 0xA0, 0x01, 0xA1, 0x01, 0x9A, 0x01, 0x9B, 0x01, 0x9E, 0x00, 0x0B, 0x01, 0x6A,
    0x00, 0x03, 0x01, 0x96, 0x01, 0x97, 0x01, 0x9C, 0x01, 0x9F, 0x01, 0xA0, 0x01, 0xA1, 0x01, 0x9A,
    0x01, 0x9B, 0x01, 0x9E, 0x00, 0x0B, 0x01, 0x6B, 0x00, 0x03, 0x01, 0x96, 0x01, 0x97, 0x01, 0x9C,
    0x01, 0x9F, 0x01, 0xA0, 0x01, 0xA1, 0x01, 0x9A, 0x01, 0x9B, 0x01, 0x9E, 0x00, 0x0B, 0x01, 0x6C,
    0x00, 0x03, 0x01, 0x96, 0x01, 0x97, 0x01, 0x9C, 0x01, 0x9F, 0x01, 0xA0, 0x01, 0xA1, 0x01, 0x9A,
    0x01, 0x9B, 0x01, 0x9E, 0x00, 0x0B, 0x01, 0x6D, 0x00, 0x03, 0x01, 0x96, 0x01, 0x97, 0x01, 0x9C,
    0x01, 0x9F, 0x01, 0xA0, 0x01, 0xA1, 0x01, 0x9A, 0x01, 0x9B, 0x01, 0x9E, 0x00, 0x0B, 0x01, 0x6E,
    0x00, 0x03, 0x01, 0x96, 0x01, 0x97, 0x01, 0x9C, 0x01, 0x9F, 0x01, 0xA0, 0x01, 0xA1, 0x01, 0x9A,
    0x01, 0x9B, 0x01, 0x9E, 0x00, 0x0B, 0x01, 0x6F, 0x00, 0x03, 0x01, 0x96, 0x01, 0x97, 0x01, 0x9C,
    0x01, 0x9F, 0x01, 0xA0, 0x01, 0xA1, 0x01, 0x9A, 0x01, 0x9B, 0x01, 0x9E, 0x00, 0x0B, 0x00, 0x03,
    0x01, 0x96, 0x01, 0x97, 0x01, 0x9C, 0x01, 0x9F, 0x01, 0xA0, 0x01, 0xA1, 0x01, 0x9A, 0x01, 0x9B,
    0x01, 0x9E, 0x01, 0x70, 0x00, 0x0B, 0x00, 0x03, 0x01, 0x96, 0x01, 0x97, 0x01, 0x9C, 0x01, 0x9F,
    0x01, 0xA0, 0x01, 0xA1, 0x01, 0x9A, 0x01, 0x9B, 0x01, 0x9E, 0x01, 0x71, 0x00, 0x0B, 0x00, 0x03,
    0x01, 0x96, 0x01, 0x97, 0x01, 0x9C, 0x01, 0x9F, 0x01, 0xA0, 0x01, 0xA1, 0x01, 0x9A, 0x01, 0x9B,
    0x01, 0x9E, 0x01, 0x72, 0x00, 0x0B, 0x00, 0x03, 0x01, 0x96, 0x01, 0x97, 0x01, 0x9C, 0x01, 0x9F,
    0x01, 0xA0, 0x01, 0xA1, 0x01, 0x9A, 0x01, 0x9B, 0x01, 0x9E, 0x01, 0x73, 0x00, 0x0B, 0x00, 0x03,
    0x01, 0x96, 0x01, 0x97, 0x01, 0x9C, 0x01, 0x9F, 0x01, 0xA0, 0x01, 0xA1, 0x01, 0x9A, 0x01, 0x9B,
    0x01, 0x9E, 0x01, 0x74, 0x00, 0x0B, 0x00, 0x03, 0x01, 0x96, 0x01, 0x97, 0x01, 0x9C, 0x01, 0x9F,
    0x01, 0xA0, 0x01, 0xA1, 0x01, 0x9A, 0x01, 0x9B, 0x01, 0x9E, 0x01, 0x75, 0x00, 0x0B, 0x00, 0x03,
    0x01, 0x96, 0x01, 0x97, 0x01, 0x9C, 0x01, 0x9F, 0x01, 0xA0, 0x01, 0xA1, 0x01, 0x9A, 0x01, 0x9B,
    0x01, 0x9E, 0x01, 0x76, 0x00, 0x0B, 0x00, 0x03, 0x01, 0x96, 0x01, 0x97, 0x01, 0x9C, 0x01, 0x9F,
    0x01, 0xA0, 0x01, 0xA1, 0x01, 0x9A, 0x01, 0x9B, 0x01, 0x9E, 0x01, 0x77, 0x00, 0x0B, 0x00, 0x03,
    0x01, 0x96, 0x01, 0x97, 0x01, 0x9C, 0x01, 0x9F, 0x01, 0xA0, 0x01, 0xA1, 0x01, 0x9A, 0x01, 0x9B,
    0x01, 0x9E, 0x01, 0x78, 0x00, 0x0B, 0x00, 0x03, 0x01, 0x96, 0x01, 0x97, 0x01, 0x9C, 0x01, 0x9F,
    0x01, 0xA0, 0x01, 0xA1, 0x01, 0x9A, 0x01, 0x9B, 0x01, 0x9E, 0x01, 0x79, 0x00, 0x0B, 0x00, 0x03,
    0x01, 0x96, 0x01, 0x97, 0x01, 0x9C, 0x01, 0x9F, 0x01, 0xA0, 0x01, 0xA1, 0x01, 0x9A, 0x01, 0x9B,
    0x01, 0x9E, 0x01, 0x7A, 0x00, 0x0B, 0x00, 0x03, 0x01, 0x96, 0x01, 0x97, 0x01, 0x9C, 0x01, 0x9F,
    0x01, 0xA0, 0x01, 0xA1, 0x01, 0x9A, 0x01, 0x9B, 0x01, 0x9E, 0x01, 0x7B, 0x00, 0x0B, 0x00, 0x03,
    0x01, 0x96, 0x01, 0x97, 0x01, 0x9C, 0x01, 0x9F, 0x01, 0xA0, 0x01, 0xA1, 0x01, 0x9A, 0x01, 0x9B,
    0x01, 0x9E, 0x01, 0x7C, 0x00, 0x0B, 0x00, 0x03, 0x01, 0x96, 0x01, 0x97, 0x01, 0x9C, 0x01, 0x9F,
    0x01, 0xA0, 0x01, 0xA1, 0x01, 0x9A, 0x01, 0x9B, 0x01, 0x9E, 0x01, 0x7D, 0x00, 0x0B, 0x00, 0x03,
    0x01, 0x96, 0x01, 0x97, 0x01, 0x9C, 0x01, 0x9F, 0x01, 0xA0, 0x01, 0xA1, 0x01, 0x9A, 0x01, 0x9B,
    0x01, 0x9E, 0x01, 0x7E, 0x00, 0x0B, 0x00, 0x03, 0x01, 0x96, 0x01, 0x97, 0x01, 0x9C, 0x01, 0x9F,
    0x01, 0xA0, 0x01, 0xA1, 0x01, 0x9A, 0x01, 0x9B, 0x01, 0x9E, 0x01, 0x7F, 0x00, 0x0B, 0x00, 0x03,
    0x01, 0x96, 0x01, 0x97, 0x01, 0x9C, 0x01, 0x9F, 0x01, 0xA0, 0x01, 0xA1, 0x01, 0x9A, 0x01, 0x9B,
    0x01, 0x9E, 0x01, 0x80, 0x00, 0x0B, 0x00, 0x03, 0x01, 0x96, 0x01, 0x97, 0x01, 0x9C, 0x01, 0x9F,
    0x01, 0xA0, 0x01, 0xA1, 0x01, 0x9A, 0x01, 0x9B, 0x01, 0x9E, 0x01, 0x81, 0x00, 0x0B, 0x00, 0x03,
    0x01, 0x96, 0x01, 0x97, 0x01, 0x9C, 0x01, 0x9F, 0x01, 0xA0, 0x01, 0xA1, 0x01, 0x9A, 0x01, 0x9B,
    0x01, 0x9E, 0x01, 0x82, 0x00, 0x0B, 0x00, 0x03, 0x01, 0x96, 0x01, 0x97, 0x01, 0x9C, 0x01, 0x9F,
    0x01, 0xA0, 0x01, 0xA1, 0x01, 0x9A, 0x01, 0x9B, 0x01, 0x9E, 0x01, 0x83, 0x00, 0x0B, 0x00, 0x03,
    0x01, 0x96, 0x01, 0x97, 0x01, 0x9C, 0x01, 0x9F, 0x01, 0xA0, 0x01, 0xA1, 0x01, 0x9A, 0x01, 0x9B,
    0x01, 0x9E, 0x01, 0x84, 0x00, 0x0B, 0x00, 0x03, 0x01, 0x96, 0x01, 0x97, 0x01, 0x9C, 0x01, 0x9F,
    0x01, 0xA0, 0x01, 0xA1, 0x01, 0x9A, 0x01, 0x9B, 0x01, 0x9E, 0x01, 0x85, 0x00, 0x0B, 0x00, 0x03,
    0x01, 0x96, 0x01, 0x97, 0x01, 0x9C, 0x01, 0x9F, 0x01, 0xA0, 0x01, 0xA1, 0x01, 0x9A, 0x01, 0x9B,
    0x01, 0x9E, 0x01, 0x86, 0x00, 0x0B, 0x00, 0x03, 0x01, 0x96, 0x01, 0x97, 0x01, 0x9C, 0x01, 0x9F,
    0x01, 0xA0, 0x01, 0xA1, 0x01, 0x9A, 0x01, 0x9B, 0x01, 0x9E, 0x01, 0x87, 0x00, 0x0B, 0x00, 0x03,
    0x01, 0x96, 0x01, 0x97, 0x01, 0x9C, 0x01, 0x9F, 0x01, 0xA0, 0x01, 0xA1, 0x01, 0x9A, 0x01, 0x9B,
    0x01, 0x9E, 0x01, 0x88, 0x00, 0x0B, 0x00, 0x03, 0x01, 0x96, 0x01, 0x97, 0x01, 0x9C, 0x01, 0x9F,
    0x01, 0xA0, 0x01, 0xA1, 0x01, 0x9A, 0x01, 0x9B, 0x01, 0x9E, 0x01, 0x89, 0x00, 0x0B, 0x00, 0x03,
    0x01, 0x96, 0x01, 0x97, 0x01, 0x9C, 0x01, 0x9F, 0x01, 0xA0, 0x01, 0xA1, 0x01, 0x9A, 0x01, 0x9B,
    0x01, 0x9E, 0x01, 0x8A, 0x00, 0x0B, 0x00, 0x03, 0x01, 0x96, 0x01, 0x97, 0x01, 0x9C, 0x01, 0x9F,
    0x01, 0xA0, 0x01, 0xA1, 0x01, 0x9A, 0x01, 0x9B, 0x01, 0x9E, 0x01, 0x8B, 0x00, 0x0B, 0x00, 0x03,
    0x01, 0x96, 0x01, 0x97, 0x01, 0x9C, 0x01, 0x9F, 0x01, 0xA0, 0x01, 0xA1, 0x01, 0x9A, 0x01, 0x9B,
    0x01, 0x9E, 0x01, 0x8C, 0x00, 0x0B, 0x00, 0x03, 0x01, 0x96, 0x01, 0x97, 0x01, 0x9C, 0x01, 0x9F,
    0x01, 0xA0, 0x01, 0xA1, 0x01, 0x9A, 0x01, 0x9B, 0x01, 0x9E, 0x01, 0x8D, 0x00, 0x0B, 0x00, 0x03,
    0x01, 0x96, 0x01, 0x97, 0x01, 0x9C, 0x01, 0x9F, 0x01, 0xA0, 0x01, 0xA1, 0x01, 0x9A, 0x01, 0x9B,
    0x01, 0x9E, 0x01, 0x8E, 0x00, 0x0B, 0x00, 0x03, 0x01, 0x96, 0x01, 0x97, 0x01, 0x9C, 0x01, 0x9F,
    0x01, 0xA0, 0x01, 0xA1, 0x01, 0x9A, 0x01, 0x9B, 0x01, 0x9E, 0x01, 0x8F, 0x00, 0x0B, 0x00, 0x03,
    0x01, 0x96, 0x01, 0x97, 0x01, 0x9C, 0x01, 0x9F, 0x01, 0xA0, 0x01, 0xA1, 0x01, 0x9A, 0x01, 0x9B,
    0x01, 0x9E, 0x01, 0x90, 0x00, 0x0B, 0x00, 0x03, 0x01, 0x96, 0x01, 0x97, 0x01, 0x9C, 0x01, 0x9F,
    0x01, 0xA0, 0x01, 0xA1, 0x01, 0x9A, 0x01, 0x9B, 0x01, 0x9E, 0x01, 0x91, 0x00, 0x0B, 0x00, 0x03,
    0x01, 0x96, 0x01, 0x97, 0x01, 0x9C, 0x01, 0x9F, 0x01, 0xA0, 0x01, 0xA1, 0x01, 0x9A, 0x01, 0x9B,
    0x01, 0x9E, 0x01, 0x92, 0x00, 0x0B, 0x00, 0x03, 0x01, 0x96, 0x01, 0x97, 0x01, 0x9C, 0x01, 0x9F,
    0x01, 0xA0, 0x01, 0xA1, 0x01, 0x9A, 0x01, 0x9B, 0x01, 0x9E, 0x01, 0x93, 0x00, 0x0B, 0x00, 0x03,
    0x01, 0x96, 0x01, 0x97, 0x01, 0x9C, 0x01, 0x9F, 0x01, 0xA0, 0x01, 0xA1, 0x01, 0x9A, 0x01, 0x9B,
    0x01, 0x9E, 0x01, 0x27, 0x00, 0x0B, 0x00, 0x03, 0x01, 0x96, 0x01, 0x97, 0x01, 0x9C, 0x01, 0x9F,
    0x01, 0xA0, 0x01, 0xA1, 0x01, 0x9A, 0x01, 0x9B, 0x01, 0x9E, 0x01, 0x28, 0x00, 0x0B, 0x00, 0x03,
    0x01, 0x96, 0x01, 0x97, 0x01, 0x9C, 0x01, 0x9F, 0x01, 0xA0, 0x01, 0xA1, 0x01, 0x9A, 0x01, 0x9B,
    0x01, 0x9E, 0x01, 0x29, 0x00, 0x0B, 0x00, 0x03, 0x01, 0x96, 0x01, 0x97, 0x01, 0x9C, 0x01, 0x9F,
    0x01, 0xA0, 0x01, 0xA1, 0x01, 0x9A, 0x01, 0x9B, 0x01, 0x9E, 0x01, 0x2A, 0x00, 0x0B, 0x00, 0x03,
    0x01, 0x96, 0x01, 0x97, 0x01, 0x9C, 0x01, 0x9F, 0x01, 0xA0, 0x01, 0xA1, 0x01, 0x9A, 0x01, 0x9B,
    0x01, 0x9E, 0x01, 0x2B, 0x00, 0x0B, 0x00, 0x03, 0x01, 0x96, 0x01, 0x97, 0x01, 0x9C, 0x01, 0x9F,
    0x01, 0xA0, 0x01, 0xA1, 0x01, 0x9A, 0x01, 0x9B, 0x01, 0x9E, 0x01, 0x2C, 0x00, 0x0B, 0x00, 0x03,
    0x01, 0x96, 0x01, 0x97, 0x01, 0x9C, 0x01, 0x9F, 0x01, 0xA0, 0x01, 0xA1, 0x01, 0x9A, 0x01, 0x9B,
    0x01, 0x9E, 0x01, 0x2D, 0x00, 0x0B, 0x00, 0x03, 0x01, 0x96, 0x01, 0x97, 0x01, 0x9C, 0x01, 0x9F,
    0x01, 0xA0, 0x01, 0xA1, 0x01, 0x9A, 0x01, 0x9B, 0x01, 0x9E, 0x01, 0x2E, 0x00, 0x0B, 0x00, 0x03,
    0x01, 0x96, 0x01, 0x97, 0x01, 0x9C, 0x01, 0x9F, 0x01, 0xA0, 0x01, 0xA1, 0x01, 0x9A, 0x01, 0x9B,
    0x01, 0x9E, 0x01, 0x2F, 0x00, 0x0B, 0x00, 0x03, 0x01, 0x96, 0x01, 0x97, 0x01, 0x9C, 0x01, 0x9F,
    0x01, 0xA0, 0x01, 0xA1, 0x01, 0x9A, 0x01, 0x9B, 0x01, 0x9E, 0x01, 0x30, 0x00, 0x0C, 0x01, 0x5D,
    0x00, 0x03, 0x01, 0x96, 0x01, 0x97, 0x01, 0x9C, 0x01, 0x9F, 0x01, 0xA0, 0x01, 0xA1, 0x01, 0x9A,
    0x01, 0x9B, 0x01, 0x9E, 0x00, 0x7A, 0x00, 0x0C, 0x00, 0x3E, 0x00, 0x03, 0x01, 0x96, 0x01, 0x97,
    0x01, 0x9C, 0x01, 0x9F, 0x01, 0xA0, 0x01, 0xA1, 0x01, 0x9A, 0x01, 0x9B, 0x01, 0x9E, 0x00, 0x7A,
    0x00, 0x0C, 0x01, 0x36, 0x00, 0x03, 0x01, 0x96, 0x01, 0x97, 0x01, 0x9C, 0x01, 0x9F, 0x01, 0xA0,
    0x01, 0xA1, 0x01, 0x9A, 0x01, 0x9B, 0x01, 0x9E, 0x01, 0x70, 0x00, 0x0C, 0x01, 0x37, 0x00, 0x03,
    0x01, 0x96, 0x01, 0x97, 0x01, 0x9C, 0x01, 0x9F, 0x01, 0xA0, 0x01, 0xA1, 0x01, 0x9A, 0x01, 0x9B,
    0x01, 0x9E, 0x01, 0x71, 0x00, 0x0C, 0x01, 0x38, 0x00, 0x03, 0x01, 0x96, 0x01, 0x97, 0x01, 0x9C,
    0x01, 0x9F, 0x01, 0xA0, 0x01, 0xA1, 0x01, 0x9A, 0x01, 0x9B, 0x01, 0x9E, 0x01, 0x72, 0x00, 0x0C,
    0x01, 0x39, 0x00, 0x03, 0x01, 0x96, 0x01, 0x97, 0x01, 0x9C, 0x01, 0x9F, 0x01, 0xA0, 0x01, 0xA1,
    0x01, 0x9A, 0x01, 0x9B, 0x01, 0x9E, 0x01, 0x73, 0x00, 0x0C, 0x01, 0x3A, 0x00, 0x03, 0x01, 0x96,
    0x01, 0x97, 0x01, 0x9C, 0x01, 0x9F, 0x01, 0xA0, 0x01, 0xA1, 0x01, 0x9A, 0x01, 0x9B, 0x01, 0x9E,
    0x01, 0x74, 0x00, 0x0C, 0x01, 0x3B, 0x00, 0x03, 0x01, 0x96, 0x01, 0x97, 0x01, 0x9C, 0x01, 0x9F,
    0x01, 0xA0, 0x01, 0xA1, 0x01, 0x9A, 0x01, 0x9B, 0x01, 0x9E, 0x01, 0x75, 0x00, 0x0C, 0x01, 0x3C,
    0x00, 0x03, 0x01, 0x96, 0x01, 0x97, 0x01, 0x9C, 0x01, 0x9F, 0x01, 0xA0, 0x01, 0xA1, 0x01, 0x9A,
    0x01, 0x9B, 0x01, 0x9E, 0x01, 0x76, 0x00, 0x0C, 0x01, 0x3D, 0x00, 0x03, 0x01, 0x96, 0x01, 0x97,
    0x01, 0x9C, 0x01, 0x9F, 0x01, 0xA0, 0x01, 0xA1, 0x01, 0x9A, 0x01, 0x9B, 0x01, 0x9E, 0x01, 0x77,
    0x00, 0x0C, 0x01, 0x3E, 0x00, 0x03, 0x01, 0x96, 0x01, 0x97, 0x01, 0x9C, 0x01, 0x9F, 0x01, 0xA0,
    0x01, 0xA1, 0x01, 0x9A, 0x01, 0x9B, 0x01, 0x9E, 0x01, 0x78, 0x00, 0x0C, 0x01, 0x3F, 0x00, 0x03,
    0x01, 0x96, 0x01, 0x97, 0x01, 0x9C, 0x01, 0x9F, 0x01, 0xA0, 0x01, 0xA1, 0x01, 0x9A, 0x01, 0x9B,
    0x01, 0x9E, 0x01, 0x79, 0x00, 0x0C, 0x01, 0x40, 0x00, 0x03, 0x01, 0x96, 0x01, 0x97, 0x01, 0x9C,
    0x01, 0x9F, 0x01, 0xA0, 0x01, 0xA1, 0x01, 0x9A, 0x01, 0x9B, 0x01, 0x9E, 0x01, 0x7A, 0x00, 0x0C,
    0x01, 0x41, 0x00, 0x03, 0x01, 0x96, 0x01, 0x97, 0x01, 0x9C, 0x01, 0x9F, 0x01, 0xA0, 0x01, 0xA1,
    0x01, 0x9A, 0x01, 0x9B, 0x01, 0x9E, 0x01, 0x7B, 0x00, 0x0C, 0x01, 0x42, 0x00, 0x03, 0x01, 0x96,
    0x01, 0x97, 0x01, 0x9C, 0x01, 0x9F, 0x01, 0xA0, 0x01, 0xA1, 0x01, 0x9A, 0x01, 0x9B, 0x01, 0x9E,
    0x01, 0x7C, 0x00, 0x0C, 0x01, 0x43, 0x00, 0x03, 0x01, 0x96, 0x01, 0x97, 0x01, 0x9C, 0x01, 0x9F,
    0x01, 0xA0, 0x01, 0xA1, 0x01, 0x9A, 0x01, 0x9B, 0x01, 0x9E, 0x01, 0x7D, 0x00, 0x0C, 0x01, 0x44,
    0x00, 0x03, 0x01, 0x96, 0x01, 0x97, 0x01, 0x9C, 0x01, 0x9F, 0x01, 0xA0, 0x01, 0xA1, 0x01, 0x9A,
    0x01, 0x9B, 0x01, 0x9E, 0x01, 0x7E, 0x00, 0x0C, 0x01, 0x45, 0x00, 0x03, 0x01, 0x96, 0x01, 0x97,
    0x01, 0x9C, 0x01, 0x9F, 0x01, 0xA0, 0x01, 0xA1, 0x01, 0x9A, 0x01, 0x9B, 0x01, 0x9E, 0x01, 0x7F,
    0x00, 0x0C, 0x01, 0x46, 0x00, 0x03, 0x01, 0x96, 0x01, 0x97, 0x01, 0x9C, 0x01, 0x9F, 0x01, 0xA0,
    0x01, 0xA1, 0x01, 0x9A, 0x01, 0x9B, 0x01, 0x9E, 0x01, 0x80, 0x00, 0x0C, 0x01, 0x47, 0x00, 0x03,
    0x01, 0x96, 0x01, 0x97, 0x01, 0x9C, 0x01, 0x9F, 0x01, 0xA0, 0x01, 0xA1, 0x01, 0x9A, 0x01, 0x9B,
    0x01, 0x9E, 0x01, 0x81, 0x00, 0x0C, 0x01, 0x48, 0x00, 0x03, 0x01, 0x96, 0x01, 0x97, 0x01, 0x9C,
    0x01, 0x9F, 0x01, 0xA0, 0x01, 0xA1, 0x01, 0x9A, 0x01, 0x9B, 0x01, 0x9E, 0x01, 0x82, 0x00, 0x0C,
    0x01, 0x49, 0x00, 0x03, 0x01, 0x96, 0x01, 0x97, 0x01, 0x9C, 0x01, 0x9F, 0x01, 0xA0, 0x01, 0xA1,
    0x01, 0x9A, 0x01, 0x9B, 0x01, 0x9E, 0x01, 0x83, 0x00, 0x0C, 0x01, 0x4A, 0x00, 0x03, 0x01, 0x96,
    0x01, 0x97, 0x01, 0x9C, 0x01, 0x9F, 0x01, 0xA0, 0x01, 0xA1, 0x01, 0x9A, 0x01, 0x9B, 0x01, 0x9E,
    0x01, 0x84, 0x00, 0x0C, 0x01, 0x4B, 0x00, 0x03, 0x01, 0x96, 0x01, 0x97, 0x01, 0x9C, 0x01, 0x9F,
    0x01, 0xA0, 0x01, 0xA1, 0x01, 0x9A, 0x01, 0x9B, 0x01, 0x9E, 0x01, 0x85, 0x00, 0x0C, 0x01, 0x4C,
    0x00, 0x03, 0x01, 0x96, 0x01, 0x97, 0x01, 0x9C, 0x01, 0x9F, 0x01, 0xA0, 0x01, 0xA1, 0x01, 0x9A,
    0x01, 0x9B, 0x01, 0x9E, 0x01, 0x86, 0x00, 0x0C, 0x01, 0x4D, 0x00, 0x03, 0x01, 0x96, 0x01, 0x97,
    0x01, 0x9C, 0x01, 0x9F, 0x01, 0xA0, 0x01, 0xA1, 0x01, 0x9A, 0x01, 0x9B, 0x01, 0x9E, 0x01, 0x87,
    0x00, 0x0C, 0x01, 0x4E, 0x00, 0x03, 0x01, 0x96, 0x01, 0x97, 0x01, 0x9C, 0x01, 0x9F, 0x01, 0xA0,
    0x01, 0xA1, 0x01, 0x9A, 0x01, 0x9B, 0x01, 0x9E, 0x01, 0x88, 0x00, 0x0C, 0x01, 0x4F, 0x00, 0x03,
    0x01, 0x96, 0x01, 0x97, 0x01, 0x9C, 0x01, 0x9F, 0x01, 0xA0, 0x01, 0xA1, 0x01, 0x9A, 0x01, 0x9B,
    0x01, 0x9E, 0x01, 0x89, 0x00, 0x0C, 0x01, 0x51, 0x00, 0x03, 0x01, 0x96, 0x01, 0x97, 0x01, 0x9C,
    0x01, 0x9F, 0x01, 0xA0, 0x01, 0xA1, 0x01, 0x9A, 0x01, 0x9B, 0x01, 0x9E, 0x01, 0x8B, 0x00, 0x0C,
    0x01, 0x52, 0x00, 0x03, 0x01, 0x96, 0x01, 0x97, 0x01, 0x9C, 0x01, 0x9F, 0x01, 0xA0, 0x01, 0xA1,
    0x01, 0x9A, 0x01, 0x9B, 0x01, 0x9E, 0x01, 0x8C, 0x00, 0x0C, 0x01, 0x53, 0x00, 0x03, 0x01, 0x96,
    0x01, 0x97, 0x01, 0x9C, 0x01, 0x9F, 0x01, 0xA0, 0x01, 0xA1, 0x01, 0x9A, 0x01, 0x9B, 0x01, 0x9E,
    0x01, 0x8D, 0x00, 0x0C, 0x01, 0x54, 0x00, 0x03, 0x01, 0x96, 0x01, 0x97, 0x01, 0x9C, 0x01, 0x9F,
    0x01, 0xA0, 0x01, 0xA1, 0x01, 0x9A, 0x01, 0x9B, 0x01, 0x9E, 0x01, 0x8E, 0x00, 0x0C, 0x01, 0x55,
    0x00, 0x03, 0x01, 0x96, 0x01, 0x97, 0x01, 0x9C, 0x01, 0x9F, 0x01, 0xA0, 0x01, 0xA1, 0x01, 0x9A,
    0x01, 0x9B, 0x01, 0x9E, 0x01, 0x8F, 0x00, 0x0C, 0x01, 0x56, 0x00, 0x03, 0x01, 0x96, 0x01, 0x97,
    0x01, 0x9C, 0x01, 0x9F, 0x01, 0xA0, 0x01, 0xA1, 0x01, 0x9A, 0x01, 0x9B, 0x01, 0x9E, 0x01, 0x90,
    0x00, 0x0C, 0x01, 0x57, 0x00, 0x03, 0x01, 0x96, 0x01, 0x97, 0x01, 0x9C, 0x01, 0x9F, 0x01, 0xA0,
    0x01, 0xA1, 0x01, 0x9A, 0x01, 0x9B, 0x01, 0x9E, 0x01, 0x91, 0x00, 0x0C, 0x01, 0x58, 0x00, 0x03,
    0x01, 0x96, 0x01, 0x97, 0x01, 0x9C, 0x01, 0x9F, 0x01, 0xA0, 0x01, 0xA1, 0x01, 0x9A, 0x01, 0x9B,
    0x01, 0x9E, 0x01, 0x92, 0x00, 0x0C, 0x01, 0x59, 0x00, 0x03, 0x01, 0x96, 0x01, 0x97, 0x01, 0x9C,
    0x01, 0x9F, 0x01, 0xA0, 0x01, 0xA1, 0x01, 0x9A, 0x01, 0x9B, 0x01, 0x9E, 0x01, 0x93, 0x00, 0x0D,
    0x00, 0x5B, 0x01, 0x5C, 0x00, 0x03, 0x01, 0x96, 0x01, 0x97, 0x01, 0x9C, 0x01, 0x9F, 0x01, 0xA0,
    0x01, 0xA1, 0x01, 0x9A, 0x01, 0x9B, 0x01, 0x9E, 0x00, 0x7A, 0x00, 0x0D, 0x01, 0x50, 0x00, 0x03,
    0x01, 0x96, 0x01, 0x97, 0x01, 0x9C, 0x01, 0x9F, 0x01, 0xA0, 0x01, 0xA1, 0x01, 0x9A, 0x01, 0x9B,
    0x01, 0x9E, 0x01, 0x8A, 0x00, 0x48, 0x00, 0x0F, 0x00, 0x04, 0x00, 0x05, 0x00, 0x03, 0x01, 0x96,
    0x01, 0x97, 0x01, 0x9C, 0x01, 0x9F, 0x01, 0xA0, 0x01, 0xA1, 0x01, 0x9A, 0x01, 0x9B, 0x01, 0x9E,
    0x00, 0x7A, 0x01, 0x5C, 0x01, 0x5D, 0x00, 0x02, 0x00, 0x10, 0x00, 0x03, 0x00, 0x05, 0x00, 0x00,
    0x00, 0x15, 0x00, 0x16, 0x00, 0x03, 0x00, 0x29, 0x00, 0x2A, 0x00, 0x05, 0x00, 0x2F, 0x00, 0x2F,
    0x00, 0x07, 0x00, 0x3A, 0x00, 0x3B, 0x00, 0x08, 0x00, 0x3D, 0x00, 0x41, 0x00, 0x0A, 0x00, 0x46,
    0x00, 0x49, 0x00, 0x0F, 0x00, 0x4D, 0x00, 0x4E, 0x00, 0x13, 0x00, 0x5B, 0x00, 0x5B, 0x00, 0x15,
    0x00, 0x60, 0x00, 0x85, 0x00, 0x16, 0x01, 0x1D, 0x01, 0x1D, 0x00, 0x3C, 0x01, 0x22, 0x01, 0x22,
    0x00, 0x3D, 0x01, 0x27, 0x01, 0x59, 0x00, 0x3E, 0x01, 0x5C, 0x01, 0x6F, 0x00, 0x71, 0x01, 0x96,
    0x01, 0x97, 0x00, 0x85, 0x01, 0x9A, 0x01, 0xA1, 0x00, 0x87, 0x00, 0x76, 0x00, 0x04, 0x00, 0x05,
    0x01, 0x9D, 0x00, 0x5B, 0x00, 0x3F, 0x00, 0x40, 0x00, 0x47, 0x00, 0x48, 0x00, 0x49, 0x00, 0x4D,
    0x00, 0x4E, 0x01, 0x31, 0x01, 0x32, 0x01, 0x33, 0x01, 0x34, 0x01, 0x35, 0x01, 0x5C, 0x01, 0x5D,
    0x01, 0x5E, 0x01, 0x5F, 0x01, 0x60, 0x01, 0x6B, 0x01, 0x6C, 0x01, 0x6D, 0x01, 0x6E, 0x01, 0x6F,
    0x01, 0x36, 0x01, 0x37, 0x01, 0x38, 0x01, 0x39, 0x01, 0x3A, 0x01, 0x3B, 0x01, 0x3C, 0x01, 0x3D,
    0x01, 0x3E, 0x01, 0x3F, 0x01, 0x40, 0x01, 0x41, 0x01, 0x42, 0x01, 0x43, 0x01, 0x44, 0x01, 0x45,
    0x01, 0x46, 0x01, 0x47, 0x01, 0x48, 0x01, 0x49, 0x01, 0x4A, 0x01, 0x4B, 0x01, 0x4C, 0x01, 0x4D,
    0x01, 0x4E, 0x01, 0x4F, 0x01, 0x50, 0x01, 0x51, 0x01, 0x52, 0x01, 0x53, 0x01, 0x54, 0x01, 0x55,
    0x01, 0x56, 0x01, 0x57, 0x01, 0x58, 0x01, 0x59, 0x01, 0x61, 0x01, 0x62, 0x01, 0x63, 0x01, 0x64,
    0x01, 0x65, 0x01, 0x66, 0x01, 0x67, 0x01, 0x68, 0x01, 0x69, 0x01, 0x6A, 0x00, 0x60, 0x00, 0x61,
    0x00, 0x62, 0x00, 0x63, 0x00, 0x64, 0x00, 0x65, 0x00, 0x66, 0x00, 0x67, 0x00, 0x68, 0x00, 0x69,
    0x00, 0x6A, 0x00, 0x6B, 0x00, 0x6C, 0x00, 0x6D, 0x00, 0x6E, 0x00, 0x6F, 0x00, 0x70, 0x00, 0x71,
    0x00, 0x72, 0x00, 0x73, 0x00, 0x74, 0x00, 0x75, 0x00, 0x76, 0x00, 0x77, 0x00, 0x78, 0x00, 0x79,
    0x00, 0x7A, 0x00, 0x7B, 0x00, 0x7C, 0x00, 0x7D, 0x00, 0x7E, 0x00, 0x7F, 0x00, 0x80, 0x00, 0x81,
    0x00, 0x82, 0x00, 0x83, 0x01, 0x27, 0x01, 0x28, 0x01, 0x29, 0x01, 0x2A, 0x01, 0x2B, 0x01, 0x2C,
    0x01, 0x2D, 0x01, 0x2E, 0x01, 0x2F, 0x01, 0x30, 0x00, 0x77, 0x00, 0x04, 0x01, 0x9F, 0x00, 0x05,
    0x01, 0x9D, 0x00, 0x5B, 0x00, 0x3F, 0x00, 0x40, 0x00, 0x47, 0x00, 0x48, 0x00, 0x49, 0x00, 0x4D,
    0x00, 0x4E, 0x01, 0x31, 0x01, 0x32, 0x01, 0x33, 0x01, 0x34, 0x01, 0x35, 0x01, 0x5C, 0x01, 0x5D,
    0x01, 0x5E, 0x01, 0x5F, 0x01, 0x60, 0x01, 0x6B, 0x01, 0x6C, 0x01, 0x6D, 0x01, 0x6E, 0x01, 0x6F,
    0x01, 0x36, 0x01, 0x37, 0x01, 0x38, 0x01, 0x39, 0x01, 0x3A, 0x01, 0x3B, 0x01, 0x3C, 0x01, 0x3D,
    0x01, 0x3E, 0x01, 0x3F, 0x01, 0x40, 0x01, 0x41, 0x01, 0x42, 0x01, 0x43, 0x01, 0x44, 0x01, 0x45,
    0x01, 0x46, 0x01, 0x47, 0x01, 0x48, 0x01, 0x49, 0x01, 0x4A, 0x01, 0x4B, 0x01, 0x4C, 0x01, 0x4D,
    0x01, 0x4E, 0x01, 0x4F, 0x01, 0x50, 0x01, 0x51, 0x01, 0x52, 0x01, 0x53, 0x01, 0x54, 0x01, 0x55,
    0x01, 0x56, 0x01, 0x57, 0x01, 0x58, 0x01, 0x59, 0x01, 0x61, 0x01, 0x62, 0x01, 0x63, 0x01, 0x64,
    0x01, 0x65, 0x01, 0x66, 0x01, 0x67, 0x01, 0x68, 0x01, 0x69, 0x01, 0x6A, 0x00, 0x60, 0x00, 0x61,
    0x00, 0x62, 0x00, 0x63, 0x00, 0x64, 0x00, 0x65, 0x00, 0x66, 0x00, 0x67, 0x00, 0x68, 0x00, 0x69,
    0x00, 0x6A, 0x00, 0x6B, 0x00, 0x6C, 0x00, 0x6D, 0x00, 0x6E, 0x00, 0x6F, 0x00, 0x70, 0x00, 0x71,
    0x00, 0x72, 0x00, 0x73, 0x00, 0x74, 0x00, 0x75, 0x00, 0x76, 0x00, 0x77, 0x00, 0x78, 0x00, 0x79,
    0x00, 0x7A, 0x00, 0x7B, 0x00, 0x7C, 0x00, 0x7D, 0x00, 0x7E, 0x00, 0x7F, 0x00, 0x80, 0x00, 0x81,
    0x00, 0x82, 0x00, 0x83, 0x01, 0x27, 0x01, 0x28, 0x01, 0x29, 0x01, 0x2A, 0x01, 0x2B, 0x01, 0x2C,
    0x01, 0x2D, 0x01, 0x2E, 0x01, 0x2F, 0x01, 0x30, 0x01, 0x35, 0x00, 0x02, 0x00, 0x5B, 0x00, 0x5B,
    0x00, 0x02, 0x00, 0x47, 0x01, 0x9F, 0x00, 0x02, 0x01, 0x96, 0x01, 0xA0, 0x00, 0x02, 0x01, 0x97,
    0x01, 0xA1, 0x00, 0x02, 0x01, 0x9C, 0x01, 0x1A, 0x00, 0x02, 0x00, 0x3E, 0x01, 0x1B, 0x00, 0x02,
    0x00, 0x3E, 0x01, 0x1C, 0x00, 0x02, 0x00, 0x3E, 0x00, 0x5E, 0x00, 0x02, 0x00, 0x38, 0x00, 0x5F,
    0x00, 0x02, 0x00, 0x38, 0x01, 0x1D, 0x00, 0x03, 0x00, 0x47, 0x00, 0x35, 0x01, 0x22, 0x00, 0x03,
    0x00, 0x47, 0x00, 0x1E, 0x00, 0x02, 0x00, 0x01, 0x00, 0x38, 0x00, 0x00, 0x00, 0x02, 0x00, 0x03,
    0x00, 0x00, 0x00, 0x3F, 0x00, 0x5B, 0x00, 0x02, 0x00, 0x01, 0x00, 0x15, 0x00, 0x01, 0x00, 0x05,
    0x00, 0x02, 0x00, 0x01, 0x00, 0x16, 0x00, 0x01, 0x00, 0x05, 0x00, 0x02, 0x00, 0x01, 0x00, 0x29,
    0x00, 0x01, 0x00, 0x05, 0x00, 0x02, 0x00, 0x01, 0x00, 0x2A, 0x00, 0x01, 0x00, 0x05, 0x00, 0x02,
    0x00, 0x02, 0x00, 0x5B, 0x00, 0x00, 0x00, 0x0E, 0x00, 0x01, 0x00, 0x0F, 0x00, 0x02, 0x00, 0x02,
    0x00, 0x5B, 0x00, 0x00, 0x00, 0x0E, 0x00, 0x01, 0x00, 0x10, 0x00, 0x02, 0x00, 0x02, 0x00, 0x3E,
    0x00, 0x00, 0x00, 0x0E, 0x00, 0x01, 0x00, 0x11, 0x00, 0x02, 0x00, 0x02, 0x01, 0x1D, 0x00, 0x00,
    0x00, 0x03, 0x00, 0x01, 0x00, 0x03, 0x00, 0x02, 0x00, 0x02, 0x01, 0x22, 0x00, 0x00, 0x00, 0x04,
    0x00, 0x01, 0x00, 0x04, 0x00, 0x02, 0x00, 0x02, 0x00, 0x3F, 0x00, 0x00, 0x00, 0x05, 0x00, 0x01,
    0x00, 0x05, 0x01, 0x27, 0x00, 0x02, 0x00, 0x7A, 0x01, 0x28, 0x00, 0x02, 0x00, 0x7A, 0x01, 0x29,
    0x00, 0x02, 0x00, 0x7A, 0x01, 0x2A, 0x00, 0x02, 0x00, 0x7A, 0x01, 0x2C, 0x00, 0x02, 0x00, 0x7A,
    0x01, 0x2D, 0x00, 0x02, 0x00, 0x7A, 0x01, 0x2E, 0x00, 0x02, 0x00, 0x7A, 0x01, 0x35, 0x00, 0x02,
    0x00, 0x49, 0x00, 0x02, 0x00, 0x02, 0x00, 0x3A, 0x00, 0x00, 0x00, 0x0B, 0x00, 0x01, 0x00, 0x0C,
    0x00, 0x02, 0x00, 0x02, 0x00, 0x3B, 0x00, 0x00, 0x00, 0x0A, 0x00, 0x01, 0x00, 0x0C, 0x00, 0x02,
    0x00, 0x02, 0x00, 0x41, 0x00, 0x00, 0x00, 0x09, 0x00, 0x01, 0x00, 0x0C, 0x00, 0x02, 0x00, 0x02,
    0x00, 0x3D, 0x00, 0x00, 0x00, 0x08, 0x00, 0x01, 0x00, 0x0C, 0x00, 0x02, 0x00, 0x02, 0x00, 0x46,
    0x00, 0x00, 0x00, 0x07, 0x00, 0x01, 0x00, 0x0C, 0x00, 0x02, 0x00, 0x02, 0x00, 0x3E, 0x00, 0x00,
    0x00, 0x0D, 0x00, 0x01, 0x00, 0x0C, 0x00, 0x02, 0x00, 0x02, 0x00, 0x3A, 0x00, 0x00, 0x00, 0x0B,
    0x00, 0x01, 0x00, 0x06, 0x00, 0x02, 0x00, 0x02, 0x00, 0x3B, 0x00, 0x00, 0x00, 0x0A, 0x00, 0x01,
    0x00, 0x06, 0x00, 0x02, 0x00, 0x02, 0x00, 0x41, 0x00, 0x00, 0x00, 0x09, 0x00, 0x01, 0x00, 0x06,
    0x00, 0x02, 0x00, 0x02, 0x00, 0x3D, 0x00, 0x00, 0x00, 0x08, 0x00, 0x01, 0x00, 0x06, 0x00, 0x02,
    0x00, 0x02, 0x00, 0x46, 0x00, 0x00, 0x00, 0x07, 0x00, 0x01, 0x00, 0x06, 0x00, 0x02, 0x00, 0x02,
    0x00, 0x3E, 0x00, 0x00, 0x00, 0x0D, 0x00, 0x01, 0x00, 0x06, 0x01, 0x34, 0x00, 0x02, 0x00, 0x49,
    0x01, 0x32, 0x00, 0x02, 0x00, 0x3F, 0x01, 0x30, 0x00, 0x02, 0x00, 0x79, 0x01, 0x33, 0x00, 0x02,
    0x00, 0x49, 0x01, 0x2B, 0x00, 0x02, 0x00, 0x7A, 0x01, 0x31, 0x00, 0x02, 0x00, 0x3F, 0x01, 0x2F,
    0x00, 0x02, 0x00, 0x79, 0x00, 0x02, 0x00, 0x02, 0x00, 0x03, 0x00, 0x00, 0x00, 0x21, 0x00, 0x01,
    0x00, 0x24, 0x00, 0x02, 0x00, 0x02, 0x01, 0x96, 0x00, 0x00, 0x00, 0x20, 0x00, 0x01, 0x00, 0x24,
    0x00, 0x02, 0x00, 0x02, 0x01, 0x97, 0x00, 0x00, 0x00, 0x1F, 0x00, 0x01, 0x00, 0x24, 0x00, 0x02,
    0x00, 0x02, 0x01, 0x9C, 0x00, 0x00, 0x00, 0x1E, 0x00, 0x01, 0x00, 0x24, 0x00, 0x02, 0x00, 0x02,
    0x01, 0x9F, 0x00, 0x00, 0x00, 0x1D, 0x00, 0x01, 0x00, 0x24, 0x00, 0x02, 0x00, 0x02, 0x01, 0xA0,
    0x00, 0x00, 0x00, 0x1C, 0x00, 0x01, 0x00, 0x24, 0x00, 0x02, 0x00, 0x02, 0x01, 0xA1, 0x00, 0x00,
    0x00, 0x1B, 0x00, 0x01, 0x00, 0x24, 0x00, 0x02, 0x00, 0x02, 0x01, 0x9A, 0x00, 0x00, 0x00, 0x1A,
    0x00, 0x01, 0x00, 0x24, 0x00, 0x02, 0x00, 0x02, 0x01, 0x9B, 0x00, 0x00, 0x00, 0x19, 0x00, 0x01,
    0x00, 0x24, 0x00, 0x02, 0x00, 0x02, 0x01, 0x9E, 0x00, 0x00, 0x00, 0x18, 0x00, 0x01, 0x00, 0x24,
    0x00, 0x02, 0x00, 0x02, 0x01, 0x9A, 0x00, 0x00, 0x00, 0x1A, 0x00, 0x01, 0x00, 0x35, 0x00, 0x02,
    0x00, 0x02, 0x01, 0x9B, 0x00, 0x00, 0x00, 0x19, 0x00, 0x01, 0x00, 0x35, 0x00, 0x02, 0x00, 0x02,
    0x01, 0x9E, 0x00, 0x00, 0x00, 0x18, 0x00, 0x01, 0x00, 0x35, 0x00, 0x02, 0x00, 0x02, 0x00, 0x03,
    0x00, 0x00, 0x00, 0x21, 0x00, 0x01, 0x00, 0x34, 0x00, 0x02, 0x00, 0x02, 0x01, 0x96, 0x00, 0x00,
    0x00, 0x20, 0x00, 0x01, 0x00, 0x34, 0x00, 0x02, 0x00, 0x02, 0x01, 0x97, 0x00, 0x00, 0x00, 0x1F,
    0x00, 0x01, 0x00, 0x34, 0x00, 0x02, 0x00, 0x02, 0x01, 0x9C, 0x00, 0x00, 0x00, 0x1E, 0x00, 0x01,
    0x00, 0x34, 0x00, 0x02, 0x00, 0x02, 0x01, 0x9F, 0x00, 0x00, 0x00, 0x1D, 0x00, 0x01, 0x00, 0x34,
    0x00, 0x02, 0x00, 0x02, 0x01, 0xA0, 0x00, 0x00, 0x00, 0x1C, 0x00, 0x01, 0x00, 0x34, 0x00, 0x02,
    0x00, 0x02, 0x01, 0xA1, 0x00, 0x00, 0x00, 0x1B, 0x00, 0x01, 0x00, 0x34, 0x00, 0x02, 0x00, 0x02,
    0x01, 0x9A, 0x00, 0x00, 0x00, 0x1A, 0x00, 0x01, 0x00, 0x34, 0x00, 0x02, 0x00, 0x02, 0x01, 0x9B,
    0x00, 0x00, 0x00, 0x19, 0x00, 0x01, 0x00, 0x34, 0x00, 0x02, 0x00, 0x02, 0x01, 0x9E, 0x00, 0x00,
    0x00, 0x18, 0x00, 0x01, 0x00, 0x34, 0x00, 0x02, 0x00, 0x02, 0x00, 0x03, 0x00, 0x00, 0x00, 0x21,
    0x00, 0x01, 0x00, 0x35, 0x00, 0x02, 0x00, 0x02, 0x01, 0x96, 0x00, 0x00, 0x00, 0x20, 0x00, 0x01,
    0x00, 0x35, 0x00, 0x02, 0x00, 0x02, 0x01, 0x97, 0x00, 0x00, 0x00, 0x1F, 0x00, 0x01, 0x00, 0x35,
    0x00, 0x02, 0x00, 0x02, 0x01, 0x9C, 0x00, 0x00, 0x00, 0x1E, 0x00, 0x01, 0x00, 0x35, 0x00, 0x02,
    0x00, 0x02, 0x01, 0x9F, 0x00, 0x00, 0x00, 0x1D, 0x00, 0x01, 0x00, 0x35, 0x00, 0x02, 0x00, 0x02,
    0x01, 0xA0, 0x00, 0x00, 0x00, 0x1C, 0x00, 0x01, 0x00, 0x35, 0x00, 0x02, 0x00, 0x02, 0x01, 0xA1,
    0x00, 0x00, 0x00, 0x1B, 0x00, 0x01, 0x00, 0x35, 0x00, 0x02, 0x00, 0x02, 0x00, 0x03, 0x00, 0x00,
    0x00, 0x21, 0x00, 0x01, 0x00, 0x23, 0x00, 0x02, 0x00, 0x02, 0x01, 0x96, 0x00, 0x00, 0x00, 0x20,
    0x00, 0x01, 0x00, 0x23, 0x00, 0x02, 0x00, 0x02, 0x01, 0x97, 0x00, 0x00, 0x00, 0x1F, 0x00, 0x01,
    0x00, 0x23, 0x00, 0x02, 0x00, 0x02, 0x01, 0x9C, 0x00, 0x00, 0x00, 0x1E, 0x00, 0x01, 0x00, 0x23,
    0x00, 0x02, 0x00, 0x02, 0x01, 0x9F, 0x00, 0x00, 0x00, 0x1D, 0x00, 0x01, 0x00, 0x23, 0x00, 0x02,
    0x00, 0x02, 0x01, 0xA0, 0x00, 0x00, 0x00, 0x1C, 0x00, 0x01, 0x00, 0x23, 0x00, 0x02, 0x00, 0x02,
    0x01, 0xA1, 0x00, 0x00, 0x00, 0x1B, 0x00, 0x01, 0x00, 0x23, 0x00, 0x02, 0x00, 0x02, 0x01, 0x9A,
    0x00, 0x00, 0x00, 0x1A, 0x00, 0x01, 0x00, 0x23, 0x00, 0x02, 0x00, 0x02, 0x01, 0x9B, 0x00, 0x00,
    0x00, 0x19, 0x00, 0x01, 0x00, 0x23, 0x00, 0x02, 0x00, 0x02, 0x01, 0x9E, 0x00, 0x00, 0x00, 0x18,
    0x00, 0x01, 0x00, 0x23, 0x00, 0x02, 0x00, 0x02, 0x00, 0x03, 0x00, 0x00, 0x00, 0x21, 0x00, 0x01,
    0x00, 0x22, 0x00, 0x02, 0x00, 0x02, 0x01, 0x96, 0x00, 0x00, 0x00, 0x20, 0x00, 0x01, 0x00, 0x22,
    0x00, 0x02, 0x00, 0x02, 0x01, 0x97, 0x00, 0x00, 0x00, 0x1F, 0x00, 0x01, 0x00, 0x22, 0x00, 0x02,
    0x00, 0x02, 0x01, 0x9C, 0x00, 0x00, 0x00, 0x1E, 0x00, 0x01, 0x00, 0x22, 0x00, 0x02, 0x00, 0x02,
    0x01, 0x9F, 0x00, 0x00, 0x00, 0x1D, 0x00, 0x01, 0x00, 0x22, 0x00, 0x02, 0x00, 0x02, 0x01, 0xA0,
    0x00, 0x00, 0x00, 0x1C, 0x00, 0x01, 0x00, 0x22, 0x00, 0x02, 0x00, 0x02, 0x01, 0xA1, 0x00, 0x00,
    0x00, 0x1B, 0x00, 0x01, 0x00, 0x22, 0x00, 0x02, 0x00, 0x02, 0x01, 0x9A, 0x00, 0x00, 0x00, 0x1A,
    0x00, 0x01, 0x00, 0x22, 0x00, 0x02, 0x00, 0x02, 0x01, 0x9B, 0x00, 0x00, 0x00, 0x19, 0x00, 0x01,
    0x00, 0x22, 0x00, 0x02, 0x00, 0x02, 0x01, 0x9E, 0x00, 0x00, 0x00, 0x18, 0x00, 0x01, 0x00, 0x22,
    0x00, 0x02, 0x00, 0x02, 0x00, 0x03, 0x00, 0x00, 0x00, 0x21, 0x00, 0x01, 0x00, 0x17, 0x00, 0x02,
    0x00, 0x02, 0x01, 0x96, 0x00, 0x00, 0x00, 0x20, 0x00, 0x01, 0x00, 0x17, 0x00, 0x02, 0x00, 0x02,
    0x01, 0x97, 0x00, 0x00, 0x00, 0x1F, 0x00, 0x01, 0x00, 0x17, 0x00, 0x02, 0x00, 0x02, 0x01, 0x9C,
    0x00, 0x00, 0x00, 0x1E, 0x00, 0x01, 0x00, 0x17, 0x00, 0x02, 0x00, 0x02, 0x01, 0x9F, 0x00, 0x00,
    0x00, 0x1D, 0x00, 0x01, 0x00, 0x17, 0x00, 0x02, 0x00, 0x02, 0x01, 0xA0, 0x00, 0x00, 0x00, 0x1C,
    0x00, 0x01, 0x00, 0x17, 0x00, 0x02, 0x00, 0x02, 0x01, 0xA1, 0x00, 0x00, 0x00, 0x1B, 0x00, 0x01,
    0x00, 0x17, 0x00, 0x02, 0x00, 0x02, 0x01, 0x9A, 0x00, 0x00, 0x00, 0x1A, 0x00, 0x01, 0x00, 0x17,
    0x00, 0x02, 0x00, 0x02, 0x01, 0x9B, 0x00, 0x00, 0x00, 0x19, 0x00, 0x01, 0x00, 0x17, 0x00, 0x02,
    0x00, 0x02, 0x01, 0x9E, 0x00, 0x00, 0x00, 0x18, 0x00, 0x01, 0x00, 0x17, 0x00, 0x02, 0x00, 0x02,
    0x00, 0x03, 0x00, 0x00, 0x00, 0x21, 0x00, 0x01, 0x00, 0x3A, 0x00, 0x02, 0x00, 0x02, 0x01, 0x96,
    0x00, 0x00, 0x00, 0x20, 0x00, 0x01, 0x00, 0x3A, 0x00, 0x02, 0x00, 0x02, 0x01, 0x97, 0x00, 0x00,
    0x00, 0x1F, 0x00, 0x01, 0x00, 0x3A, 0x00, 0x02, 0x00, 0x02, 0x01, 0x9C, 0x00, 0x00, 0x00, 0x1E,
    0x00, 0x01, 0x00, 0x3A, 0x00, 0x02, 0x00, 0x02, 0x01, 0x9F, 0x00, 0x00, 0x00, 0x1D, 0x00, 0x01,
    0x00, 0x3A, 0x00, 0x02, 0x00, 0x02, 0x01, 0xA0, 0x00, 0x00, 0x00, 0x1C, 0x00, 0x01, 0x00, 0x3A,
    0x00, 0x02, 0x00, 0x02, 0x01, 0xA1, 0x00, 0x00, 0x00, 0x1B, 0x00, 0x01, 0x00, 0x3A, 0x00, 0x02,
    0x00, 0x02, 0x01, 0x9A, 0x00, 0x00, 0x00, 0x1A, 0x00, 0x01, 0x00, 0x3A, 0x00, 0x02, 0x00, 0x02,
    0x01, 0x9B, 0x00, 0x00, 0x00, 0x19, 0x00, 0x01, 0x00, 0x3A, 0x00, 0x02, 0x00, 0x02, 0x01, 0x9E,
    0x00, 0x00, 0x00, 0x18, 0x00, 0x01, 0x00, 0x3A, 0x00, 0x02, 0x00, 0x02, 0x00, 0x03, 0x00, 0x00,
    0x00, 0x21, 0x00, 0x01, 0x00, 0x39, 0x00, 0x02, 0x00, 0x02, 0x01, 0x96, 0x00, 0x00, 0x00, 0x20,
    0x00, 0x01, 0x00, 0x39, 0x00, 0x02, 0x00, 0x02, 0x01, 0x97, 0x00, 0x00, 0x00, 0x1F, 0x00, 0x01,
    0x00, 0x39, 0x00, 0x02, 0x00, 0x02, 0x01, 0x9C, 0x00, 0x00, 0x00, 0x1E, 0x00, 0x01, 0x00, 0x39,
    0x00, 0x02, 0x00, 0x02, 0x01, 0x9F, 0x00, 0x00, 0x00, 0x1D, 0x00, 0x01, 0x00, 0x39, 0x00, 0x02,
    0x00, 0x02, 0x01, 0xA0, 0x00, 0x00, 0x00, 0x1C, 0x00, 0x01, 0x00, 0x39, 0x00, 0x02, 0x00, 0x02,
    0x01, 0xA1, 0x00, 0x00, 0x00, 0x1B, 0x00, 0x01, 0x00, 0x39, 0x00, 0x02, 0x00, 0x02, 0x01, 0x9A,
    0x00, 0x00, 0x00, 0x1A, 0x00, 0x01, 0x00, 0x39, 0x00, 0x02, 0x00, 0x02, 0x01, 0x9B, 0x00, 0x00,
    0x00, 0x19, 0x00, 0x01, 0x00, 0x39, 0x00, 0x02, 0x00, 0x02, 0x01, 0x9E, 0x00, 0x00, 0x00, 0x18,
    0x00, 0x01, 0x00, 0x39, 0x00, 0x02, 0x00, 0x02, 0x00, 0x03, 0x00, 0x00, 0x00, 0x21, 0x00, 0x01,
    0x00, 0x38, 0x00, 0x02, 0x00, 0x02, 0x01, 0x96, 0x00, 0x00, 0x00, 0x20, 0x00, 0x01, 0x00, 0x38,
    0x00, 0x02, 0x00, 0x02, 0x01, 0x97, 0x00, 0x00, 0x00, 0x1F, 0x00, 0x01, 0x00, 0x38, 0x00, 0x02,
    0x00, 0x02, 0x01, 0x9C, 0x00, 0x00, 0x00, 0x1E, 0x00, 0x01, 0x00, 0x38, 0x00, 0x02, 0x00, 0x02,
    0x01, 0x9F, 0x00, 0x00, 0x00, 0x1D, 0x00, 0x01, 0x00, 0x38, 0x00, 0x02, 0x00, 0x02, 0x01, 0xA0,
    0x00, 0x00, 0x00, 0x1C, 0x00, 0x01, 0x00, 0x38, 0x00, 0x02, 0x00, 0x02, 0x01, 0xA1, 0x00, 0x00,
    0x00, 0x1B, 0x00, 0x01, 0x00, 0x38, 0x00, 0x02, 0x00, 0x02, 0x01, 0x9A, 0x00, 0x00, 0x00, 0x1A,
    0x00, 0x01, 0x00, 0x38, 0x00, 0x02, 0x00, 0x02, 0x01, 0x9B, 0x00, 0x00, 0x00, 0x19, 0x00, 0x01,
    0x00, 0x38, 0x00, 0x02, 0x00, 0x02, 0x01, 0x9E, 0x00, 0x00, 0x00, 0x18, 0x00, 0x01, 0x00, 0x38,
    0x00, 0x02, 0x00, 0x02, 0x00, 0x03, 0x00, 0x00, 0x00, 0x21, 0x00, 0x01, 0x00, 0x37, 0x00, 0x02,
    0x00, 0x02, 0x01, 0x96, 0x00, 0x00, 0x00, 0x20, 0x00, 0x01, 0x00, 0x37, 0x00, 0x02, 0x00, 0x02,
    0x01, 0x97, 0x00, 0x00, 0x00, 0x1F, 0x00, 0x01, 0x00, 0x37, 0x00, 0x02, 0x00, 0x02, 0x01, 0x9C,
    0x00, 0x00, 0x00, 0x1E, 0x00, 0x01, 0x00, 0x37, 0x00, 0x02, 0x00, 0x02, 0x01, 0x9F, 0x00, 0x00,
    0x00, 0x1D, 0x00, 0x01, 0x00, 0x37, 0x00, 0x02, 0x00, 0x02, 0x01, 0xA0, 0x00, 0x00, 0x00, 0x1C,
    0x00, 0x01, 0x00, 0x37, 0x00, 0x02, 0x00, 0x02, 0x01, 0xA1, 0x00, 0x00, 0x00, 0x1B, 0x00, 0x01,
    0x00, 0x37, 0x00, 0x02, 0x00, 0x02, 0x01, 0x9A, 0x00, 0x00, 0x00, 0x1A, 0x00, 0x01, 0x00, 0x37,
    0x00, 0x02, 0x00, 0x02, 0x01, 0x9B, 0x00, 0x00, 0x00, 0x19, 0x00, 0x01, 0x00, 0x37, 0x00, 0x02,
    0x00, 0x02, 0x01, 0x9E, 0x00, 0x00, 0x00, 0x18, 0x00, 0x01, 0x00, 0x37, 0x00, 0x02, 0x00, 0x02,
    0x00, 0x03, 0x00, 0x00, 0x00, 0x21, 0x00, 0x01, 0x00, 0x36, 0x00, 0x02, 0x00, 0x02, 0x01, 0x96,
    0x00, 0x00, 0x00, 0x20, 0x00, 0x01, 0x00, 0x36, 0x00, 0x02, 0x00, 0x02, 0x01, 0x97, 0x00, 0x00,
    0x00, 0x1F, 0x00, 0x01, 0x00, 0x36, 0x00, 0x02, 0x00, 0x02, 0x01, 0x9C, 0x00, 0x00, 0x00, 0x1E,
    0x00, 0x01, 0x00, 0x36, 0x00, 0x02, 0x00, 0x02, 0x01, 0x9F, 0x00, 0x00, 0x00, 0x1D, 0x00, 0x01,
    0x00, 0x36, 0x00, 0x02, 0x00, 0x02, 0x01, 0xA0, 0x00, 0x00, 0x00, 0x1C, 0x00, 0x01, 0x00, 0x36,
    0x00, 0x02, 0x00, 0x02, 0x01, 0xA1, 0x00, 0x00, 0x00, 0x1B, 0x00, 0x01, 0x00, 0x36, 0x00, 0x02,
    0x00, 0x02, 0x01, 0x9A, 0x00, 0x00, 0x00, 0x1A, 0x00, 0x01, 0x00, 0x36, 0x00, 0x02, 0x00, 0x02,
    0x01, 0x9B, 0x00, 0x00, 0x00, 0x19, 0x00, 0x01, 0x00, 0x36, 0x00, 0x02, 0x00, 0x02, 0x01, 0x9E,
    0x00, 0x00, 0x00, 0x18, 0x00, 0x01, 0x00, 0x36, 0x00, 0x02, 0x00, 0x02, 0x00, 0x03, 0x00, 0x00,
    0x00, 0x21, 0x00, 0x01, 0x00, 0x33, 0x00, 0x02, 0x00, 0x02, 0x01, 0x96, 0x00, 0x00, 0x00, 0x20,
    0x00, 0x01, 0x00, 0x33, 0x00, 0x02, 0x00, 0x02, 0x01, 0x97, 0x00, 0x00, 0x00, 0x1F, 0x00, 0x01,
    0x00, 0x33, 0x00, 0x02, 0x00, 0x02, 0x01, 0x9C, 0x00, 0x00, 0x00, 0x1E, 0x00, 0x01, 0x00, 0x33,
    0x00, 0x02, 0x00, 0x02, 0x01, 0x9F, 0x00, 0x00, 0x00, 0x1D, 0x00, 0x01, 0x00, 0x33, 0x00, 0x02,
    0x00, 0x02, 0x01, 0xA0, 0x00, 0x00, 0x00, 0x1C, 0x00, 0x01, 0x00, 0x33, 0x00, 0x02, 0x00, 0x02,
    0x01, 0xA1, 0x00, 0x00, 0x00, 0x1B, 0x00, 0x01, 0x00, 0x33, 0x00, 0x02, 0x00, 0x02, 0x01, 0x9A,
    0x00, 0x00, 0x00, 0x1A, 0x00, 0x01, 0x00, 0x33, 0x00, 0x02, 0x00, 0x02, 0x01, 0x9B, 0x00, 0x00,
    0x00, 0x19, 0x00, 0x01, 0x00, 0x33, 0x00, 0x02, 0x00, 0x02, 0x01, 0x9E, 0x00, 0x00, 0x00, 0x18,
    0x00, 0x01, 0x00, 0x33, 0x00, 0x02, 0x00, 0x02, 0x00, 0x03, 0x00, 0x00, 0x00, 0x21, 0x00, 0x01,
    0x00, 0x32, 0x00, 0x02, 0x00, 0x02, 0x01, 0x96, 0x00, 0x00, 0x00, 0x20, 0x00, 0x01, 0x00, 0x32,
    0x00, 0x02, 0x00, 0x02, 0x01, 0x97, 0x00, 0x00, 0x00, 0x1F, 0x00, 0x01, 0x00, 0x32, 0x00, 0x02,
    0x00, 0x02, 0x01, 0x9C, 0x00, 0x00, 0x00, 0x1E, 0x00, 0x01, 0x00, 0x32, 0x00, 0x02, 0x00, 0x02,
    0x01, 0x9F, 0x00, 0x00, 0x00, 0x1D, 0x00, 0x01, 0x00, 0x32, 0x00, 0x02, 0x00, 0x02, 0x01, 0xA0,
    0x00, 0x00, 0x00, 0x1C, 0x00, 0x01, 0x00, 0x32, 0x00, 0x02, 0x00, 0x02, 0x01, 0xA1, 0x00, 0x00,
    0x00, 0x1B, 0x00, 0x01, 0x00, 0x32, 0x00, 0x02, 0x00, 0x02, 0x01, 0x9A, 0x00, 0x00, 0x00, 0x1A,
    0x00, 0x01, 0x00, 0x32, 0x00, 0x02, 0x00, 0x02, 0x01, 0x9B, 0x00, 0x00, 0x00, 0x19, 0x00, 0x01,
    0x00, 0x32, 0x00, 0x02, 0x00, 0x02, 0x01, 0x9E, 0x00, 0x00, 0x00, 0x18, 0x00, 0x01, 0x00, 0x32,
    0x00, 0x02, 0x00, 0x02, 0x00, 0x03, 0x00, 0x00, 0x00, 0x21, 0x00, 0x01, 0x00, 0x31, 0x00, 0x02,
    0x00, 0x02, 0x01, 0x96, 0x00, 0x00, 0x00, 0x20, 0x00, 0x01, 0x00, 0x31, 0x00, 0x02, 0x00, 0x02,
    0x01, 0x97, 0x00, 0x00, 0x00, 0x1F, 0x00, 0x01, 0x00, 0x31, 0x00, 0x02, 0x00, 0x02, 0x01, 0x9C,
    0x00, 0x00, 0x00, 0x1E, 0x00, 0x01, 0x00, 0x31, 0x00, 0x02, 0x00, 0x02, 0x01, 0x9F, 0x00, 0x00,
    0x00, 0x1D, 0x00, 0x01, 0x00, 0x31, 0x00, 0x02, 0x00, 0x02, 0x01, 0xA0, 0x00, 0x00, 0x00, 0x1C,
    0x00, 0x01, 0x00, 0x31, 0x00, 0x02, 0x00, 0x02, 0x01, 0xA1, 0x00, 0x00, 0x00, 0x1B, 0x00, 0x01,
    0x00, 0x31, 0x00, 0x02, 0x00, 0x02, 0x01, 0x9A, 0x00, 0x00, 0x00, 0x1A, 0x00, 0x01, 0x00, 0x31,
    0x00, 0x02, 0x00, 0x02, 0x01, 0x9B, 0x00, 0x00, 0x00, 0x19, 0x00, 0x01, 0x00, 0x31, 0x00, 0x02,
    0x00, 0x02, 0x01, 0x9E, 0x00, 0x00, 0x00, 0x18, 0x00, 0x01, 0x00, 0x31, 0x00, 0x02, 0x00, 0x02,
    0x00, 0x03, 0x00, 0x00, 0x00, 0x21, 0x00, 0x01, 0x00, 0x30, 0x00, 0x02, 0x00, 0x02, 0x01, 0x96,
    0x00, 0x00, 0x00, 0x20, 0x00, 0x01, 0x00, 0x30, 0x00, 0x02, 0x00, 0x02, 0x01, 0x97, 0x00, 0x00,
    0x00, 0x1F, 0x00, 0x01, 0x00, 0x30, 0x00, 0x02, 0x00, 0x02, 0x01, 0x9C, 0x00, 0x00, 0x00, 0x1E,
    0x00, 0x01, 0x00, 0x30, 0x00, 0x02, 0x00, 0x02, 0x01, 0x9F, 0x00, 0x00, 0x00, 0x1D, 0x00, 0x01,
    0x00, 0x30, 0x00, 0x02, 0x00, 0x02, 0x01, 0xA0, 0x00, 0x00, 0x00, 0x1C, 0x00, 0x01, 0x00, 0x30,
    0x00, 0x02, 0x00, 0x02, 0x01, 0xA1, 0x00, 0x00, 0x00, 0x1B, 0x00, 0x01, 0x00, 0x30, 0x00, 0x02,
    0x00, 0x02, 0x01, 0x9A, 0x00, 0x00, 0x00, 0x1A, 0x00, 0x01, 0x00, 0x30, 0x00, 0x02, 0x00, 0x02,
    0x01, 0x9B, 0x00, 0x00, 0x00, 0x19, 0x00, 0x01, 0x00, 0x30, 0x00, 0x02, 0x00, 0x02, 0x01, 0x9E,
    0x00, 0x00, 0x00, 0x18, 0x00, 0x01, 0x00, 0x30, 0x00, 0x02, 0x00, 0x02, 0x00, 0x03, 0x00, 0x00,
    0x00, 0x21, 0x00, 0x01, 0x00, 0x2F, 0x00, 0x02, 0x00, 0x02, 0x01, 0x96, 0x00, 0x00, 0x00, 0x20,
    0x00, 0x01, 0x00, 0x2F, 0x00, 0x02, 0x00, 0x02, 0x01, 0x97, 0x00, 0x00, 0x00, 0x1F, 0x00, 0x01,
    0x00, 0x2F, 0x00, 0x02, 0x00, 0x02, 0x01, 0x9C, 0x00, 0x00, 0x00, 0x1E, 0x00, 0x01, 0x00, 0x2F,
    0x00, 0x02, 0x00, 0x02, 0x01, 0x9F, 0x00, 0x00, 0x00, 0x1D, 0x00, 0x01, 0x00, 0x2F, 0x00, 0x02,
    0x00, 0x02, 0x01, 0xA0, 0x00, 0x00, 0x00, 0x1C, 0x00, 0x01, 0x00, 0x2F, 0x00, 0x02, 0x00, 0x02,
    0x01, 0xA1, 0x00, 0x00, 0x00, 0x1B, 0x00, 0x01, 0x00, 0x2F, 0x00, 0x02, 0x00, 0x02, 0x01, 0x9A,
    0x00, 0x00, 0x00, 0x1A, 0x00, 0x01, 0x00, 0x2F, 0x00, 0x02, 0x00, 0x02, 0x01, 0x9B, 0x00, 0x00,
    0x00, 0x19, 0x00, 0x01, 0x00, 0x2F, 0x00, 0x02, 0x00, 0x02, 0x01, 0x9E, 0x00, 0x00, 0x00, 0x18,
    0x00, 0x01, 0x00, 0x2F, 0x00, 0x02, 0x00, 0x02, 0x00, 0x03, 0x00, 0x00, 0x00, 0x21, 0x00, 0x01,
    0x00, 0x2E, 0x00, 0x02, 0x00, 0x02, 0x01, 0x96, 0x00, 0x00, 0x00, 0x20, 0x00, 0x01, 0x00, 0x2E,
    0x00, 0x02, 0x00, 0x02, 0x01, 0x97, 0x00, 0x00, 0x00, 0x1F, 0x00, 0x01, 0x00, 0x2E, 0x00, 0x02,
    0x00, 0x02, 0x01, 0x9C, 0x00, 0x00, 0x00, 0x1E, 0x00, 0x01, 0x00, 0x2E, 0x00, 0x02, 0x00, 0x02,
    0x01, 0x9F, 0x00, 0x00, 0x00, 0x1D, 0x00, 0x01, 0x00, 0x2E, 0x00, 0x02, 0x00, 0x02, 0x01, 0xA0,
    0x00, 0x00, 0x00, 0x1C, 0x00, 0x01, 0x00, 0x2E, 0x00, 0x02, 0x00, 0x02, 0x01, 0xA1, 0x00, 0x00,
    0x00, 0x1B, 0x00, 0x01, 0x00, 0x2E, 0x00, 0x02, 0x00, 0x02, 0x01, 0x9A, 0x00, 0x00, 0x00, 0x1A,
    0x00, 0x01, 0x00, 0x2E, 0x00, 0x02, 0x00, 0x02, 0x01, 0x9B, 0x00, 0x00, 0x00, 0x19, 0x00, 0x01,
    0x00, 0x2E, 0x00, 0x02, 0x00, 0x02, 0x01, 0x9E, 0x00, 0x00, 0x00, 0x18, 0x00, 0x01, 0x00, 0x2E,
    0x00, 0x02, 0x00, 0x02, 0x00, 0x03, 0x00, 0x00, 0x00, 0x21, 0x00, 0x01, 0x00, 0x2D, 0x00, 0x02,
    0x00, 0x02, 0x01, 0x96, 0x00, 0x00, 0x00, 0x20, 0x00, 0x01, 0x00, 0x2D, 0x00, 0x02, 0x00, 0x02,
    0x01, 0x97, 0x00, 0x00, 0x00, 0x1F, 0x00, 0x01, 0x00, 0x2D, 0x00, 0x02, 0x00, 0x02, 0x01, 0x9C,
    0x00, 0x00, 0x00, 0x1E, 0x00, 0x01, 0x00, 0x2D, 0x00, 0x02, 0x00, 0x02, 0x01, 0x9F, 0x00, 0x00,
    0x00, 0x1D, 0x00, 0x01, 0x00, 0x2D, 0x00, 0x02, 0x00, 0x02, 0x01, 0xA0, 0x00, 0x00, 0x00, 0x1C,
    0x00, 0x01, 0x00, 0x2D, 0x00, 0x02, 0x00, 0x02, 0x01, 0xA1, 0x00, 0x00, 0x00, 0x1B, 0x00, 0x01,
    0x00, 0x2D, 0x00, 0x02, 0x00, 0x02, 0x01, 0x9A, 0x00, 0x00, 0x00, 0x1A, 0x00, 0x01, 0x00, 0x2D,
    0x00, 0x02, 0x00, 0x02, 0x01, 0x9B, 0x00, 0x00, 0x00, 0x19, 0x00, 0x01, 0x00, 0x2D, 0x00, 0x02,
    0x00, 0x02, 0x01, 0x9E, 0x00, 0x00, 0x00, 0x18, 0x00, 0x01, 0x00, 0x2D, 0x00, 0x02, 0x00, 0x02,
    0x00, 0x03, 0x00, 0x00, 0x00, 0x21, 0x00, 0x01, 0x00, 0x2C, 0x00, 0x02, 0x00, 0x02, 0x01, 0x96,
    0x00, 0x00, 0x00, 0x20, 0x00, 0x01, 0x00, 0x2C, 0x00, 0x02, 0x00, 0x02, 0x01, 0x97, 0x00, 0x00,
    0x00, 0x1F, 0x00, 0x01, 0x00, 0x2C, 0x00, 0x02, 0x00, 0x02, 0x01, 0x9C, 0x00, 0x00, 0x00, 0x1E,
    0x00, 0x01, 0x00, 0x2C, 0x00, 0x02, 0x00, 0x02, 0x01, 0x9F, 0x00, 0x00, 0x00, 0x1D, 0x00, 0x01,
    0x00, 0x2C, 0x00, 0x02, 0x00, 0x02, 0x01, 0xA0, 0x00, 0x00, 0x00, 0x1C, 0x00, 0x01, 0x00, 0x2C,
    0x00, 0x02, 0x00, 0x02, 0x01, 0xA1, 0x00, 0x00, 0x00, 0x1B, 0x00, 0x01, 0x00, 0x2C, 0x00, 0x02,
    0x00, 0x02, 0x01, 0x9A, 0x00, 0x00, 0x00, 0x1A, 0x00, 0x01, 0x00, 0x2C, 0x00, 0x02, 0x00, 0x02,
    0x01, 0x9B, 0x00, 0x00, 0x00, 0x19, 0x00, 0x01, 0x00, 0x2C, 0x00, 0x02, 0x00, 0x02, 0x01, 0x9E,
    0x00, 0x00, 0x00, 0x18, 0x00, 0x01, 0x00, 0x2C, 0x00, 0x02, 0x00, 0x02, 0x00, 0x03, 0x00, 0x00,
    0x00, 0x21, 0x00, 0x01, 0x00, 0x2B, 0x00, 0x02, 0x00, 0x02, 0x01, 0x96, 0x00, 0x00, 0x00, 0x20,
    0x00, 0x01, 0x00, 0x2B, 0x00, 0x02, 0x00, 0x02, 0x01, 0x97, 0x00, 0x00, 0x00, 0x1F, 0x00, 0x01,
    0x00, 0x2B, 0x00, 0x02, 0x00, 0x02, 0x01, 0x9C, 0x00, 0x00, 0x00, 0x1E, 0x00, 0x01, 0x00, 0x2B,
    0x00, 0x02, 0x00, 0x02, 0x01, 0x9F, 0x00, 0x00, 0x00, 0x1D, 0x00, 0x01, 0x00, 0x2B, 0x00, 0x02,
    0x00, 0x02, 0x01, 0xA0, 0x00, 0x00, 0x00, 0x1C, 0x00, 0x01, 0x00, 0x2B, 0x00, 0x02, 0x00, 0x02,
    0x01, 0xA1, 0x00, 0x00, 0x00, 0x1B, 0x00, 0x01, 0x00, 0x2B, 0x00, 0x02, 0x00, 0x02, 0x01, 0x9A,
    0x00, 0x00, 0x00, 0x1A, 0x00, 0x01, 0x00, 0x2B, 0x00, 0x02, 0x00, 0x02, 0x01, 0x9B, 0x00, 0x00,
    0x00, 0x19, 0x00, 0x01, 0x00, 0x2B, 0x00, 0x02, 0x00, 0x02, 0x01, 0x9E, 0x00, 0x00, 0x00, 0x18,
    0x00, 0x01, 0x00, 0x2B, 0x00, 0x02, 0x00, 0x02, 0x00, 0x03, 0x00, 0x00, 0x00, 0x21, 0x00, 0x01,
    0x00, 0x2A, 0x00, 0x02, 0x00, 0x02, 0x01, 0x96, 0x00, 0x00, 0x00, 0x20, 0x00, 0x01, 0x00, 0x2A,
    0x00, 0x02, 0x00, 0x02, 0x01, 0x97, 0x00, 0x00, 0x00, 0x1F, 0x00, 0x01, 0x00, 0x2A, 0x00, 0x02,
    0x00, 0x02, 0x01, 0x9C, 0x00, 0x00, 0x00, 0x1E, 0x00, 0x01, 0x00, 0x2A, 0x00, 0x02, 0x00, 0x02,
    0x01, 0x9F, 0x00, 0x00, 0x00, 0x1D, 0x00, 0x01, 0x00, 0x2A, 0x00, 0x02, 0x00, 0x02, 0x01, 0xA0,
    0x00, 0x00, 0x00, 0x1C, 0x00, 0x01, 0x00, 0x2A, 0x00, 0x02, 0x00, 0x02, 0x01, 0xA1, 0x00, 0x00,
    0x00, 0x1B, 0x00, 0x01, 0x00, 0x2A, 0x00, 0x02, 0x00, 0x02, 0x01, 0x9A, 0x00, 0x00, 0x00, 0x1A,
    0x00, 0x01, 0x00, 0x2A, 0x00, 0x02, 0x00, 0x02, 0x01, 0x9B, 0x00, 0x00, 0x00, 0x19, 0x00, 0x01,
    0x00, 0x2A, 0x00, 0x02, 0x00, 0x02, 0x01, 0x9E, 0x00, 0x00, 0x00, 0x18, 0x00, 0x01, 0x00, 0x2A,
    0x00, 0x02, 0x00, 0x02, 0x00, 0x03, 0x00, 0x00, 0x00, 0x21, 0x00, 0x01, 0x00, 0x29, 0x00, 0x02,
    0x00, 0x02, 0x01, 0x96, 0x00, 0x00, 0x00, 0x20, 0x00, 0x01, 0x00, 0x29, 0x00, 0x02, 0x00, 0x02,
    0x01, 0x97, 0x00, 0x00, 0x00, 0x1F, 0x00, 0x01, 0x00, 0x29, 0x00, 0x02, 0x00, 0x02, 0x01, 0x9C,
    0x00, 0x00, 0x00, 0x1E, 0x00, 0x01, 0x00, 0x29, 0x00, 0x02, 0x00, 0x02, 0x01, 0x9F, 0x00, 0x00,
    0x00, 0x1D, 0x00, 0x01, 0x00, 0x29, 0x00, 0x02, 0x00, 0x02, 0x01, 0xA0, 0x00, 0x00, 0x00, 0x1C,
    0x00, 0x01, 0x00, 0x29, 0x00, 0x02, 0x00, 0x02, 0x01, 0xA1, 0x00, 0x00, 0x00, 0x1B, 0x00, 0x01,
    0x00, 0x29, 0x00, 0x02, 0x00, 0x02, 0x01, 0x9A, 0x00, 0x00, 0x00, 0x1A, 0x00, 0x01, 0x00, 0x29,
    0x00, 0x02, 0x00, 0x02, 0x01, 0x9B, 0x00, 0x00, 0x00, 0x19, 0x00, 0x01, 0x00, 0x29, 0x00, 0x02,
    0x00, 0x02, 0x01, 0x9E, 0x00, 0x00, 0x00, 0x18, 0x00, 0x01, 0x00, 0x29, 0x00, 0x02, 0x00, 0x02,
    0x00, 0x03, 0x00, 0x00, 0x00, 0x21, 0x00, 0x01, 0x00, 0x28, 0x00, 0x02, 0x00, 0x02, 0x01, 0x96,
    0x00, 0x00, 0x00, 0x20, 0x00, 0x01, 0x00, 0x28, 0x00, 0x02, 0x00, 0x02, 0x01, 0x97, 0x00, 0x00,
    0x00, 0x1F, 0x00, 0x01, 0x00, 0x28, 0x00, 0x02, 0x00, 0x02, 0x01, 0x9C, 0x00, 0x00, 0x00, 0x1E,
    0x00, 0x01, 0x00, 0x28, 0x00, 0x02, 0x00, 0x02, 0x01, 0x9F, 0x00, 0x00, 0x00, 0x1D, 0x00, 0x01,
    0x00, 0x28, 0x00, 0x02, 0x00, 0x02, 0x01, 0xA0, 0x00, 0x00, 0x00, 0x1C, 0x00, 0x01, 0x00, 0x28,
    0x00, 0x02, 0x00, 0x02, 0x01, 0xA1, 0x00, 0x00, 0x00, 0x1B, 0x00, 0x01, 0x00, 0x28, 0x00, 0x02,
    0x00, 0x02, 0x01, 0x9A, 0x00, 0x00, 0x00, 0x1A, 0x00, 0x01, 0x00, 0x28, 0x00, 0x02, 0x00, 0x02,
    0x01, 0x9B, 0x00, 0x00, 0x00, 0x19, 0x00, 0x01, 0x00, 0x28, 0x00, 0x02, 0x00, 0x02, 0x01, 0x9E,
    0x00, 0x00, 0x00, 0x18, 0x00, 0x01, 0x00, 0x28, 0x00, 0x02, 0x00, 0x02, 0x00, 0x03, 0x00, 0x00,
    0x00, 0x21, 0x00, 0x01, 0x00, 0x27, 0x00, 0x02, 0x00, 0x02, 0x01, 0x96, 0x00, 0x00, 0x00, 0x20,
    0x00, 0x01, 0x00, 0x27, 0x00, 0x02, 0x00, 0x02, 0x01, 0x97, 0x00, 0x00, 0x00, 0x1F, 0x00, 0x01,
    0x00, 0x27, 0x00, 0x02, 0x00, 0x02, 0x01, 0x9C, 0x00, 0x00, 0x00, 0x1E, 0x00, 0x01, 0x00, 0x27,
    0x00, 0x02, 0x00, 0x02, 0x01, 0x9F, 0x00, 0x00, 0x00, 0x1D, 0x00, 0x01, 0x00, 0x27, 0x00, 0x02,
    0x00, 0x02, 0x01, 0xA0, 0x00, 0x00, 0x00, 0x1C, 0x00, 0x01, 0x00, 0x27, 0x00, 0x02, 0x00, 0x02,
    0x01, 0xA1, 0x00, 0x00, 0x00, 0x1B, 0x00, 0x01, 0x00, 0x27, 0x00, 0x02, 0x00, 0x02, 0x01, 0x9A,
    0x00, 0x00, 0x00, 0x1A, 0x00, 0x01, 0x00, 0x27, 0x00, 0x02, 0x00, 0x02, 0x01, 0x9B, 0x00, 0x00,
    0x00, 0x19, 0x00, 0x01, 0x00, 0x27, 0x00, 0x02, 0x00, 0x02, 0x01, 0x9E, 0x00, 0x00, 0x00, 0x18,
    0x00, 0x01, 0x00, 0x27, 0x00, 0x02, 0x00, 0x02, 0x00, 0x03, 0x00, 0x00, 0x00, 0x21, 0x00, 0x01,
    0x00, 0x26, 0x00, 0x02, 0x00, 0x02, 0x01, 0x96, 0x00, 0x00, 0x00, 0x20, 0x00, 0x01, 0x00, 0x26,
    0x00, 0x02, 0x00, 0x02, 0x01, 0x97, 0x00, 0x00, 0x00, 0x1F, 0x00, 0x01, 0x00, 0x26, 0x00, 0x02,
    0x00, 0x02, 0x01, 0x9C, 0x00, 0x00, 0x00, 0x1E, 0x00, 0x01, 0x00, 0x26, 0x00, 0x02, 0x00, 0x02,
    0x01, 0x9F, 0x00, 0x00, 0x00, 0x1D, 0x00, 0x01, 0x00, 0x26, 0x00, 0x02, 0x00, 0x02, 0x01, 0xA0,
    0x00, 0x00, 0x00, 0x1C, 0x00, 0x01, 0x00, 0x26, 0x00, 0x02, 0x00, 0x02, 0x01, 0xA1, 0x00, 0x00,
    0x00, 0x1B, 0x00, 0x01, 0x00, 0x26, 0x00, 0x02, 0x00, 0x02, 0x01, 0x9A, 0x00, 0x00, 0x00, 0x1A,
    0x00, 0x01, 0x00, 0x26, 0x00, 0x02, 0x00, 0x02, 0x01, 0x9B, 0x00, 0x00, 0x00, 0x19, 0x00, 0x01,
    0x00, 0x26, 0x00, 0x02, 0x00, 0x02, 0x01, 0x9E, 0x00, 0x00, 0x00, 0x18, 0x00, 0x01, 0x00, 0x26,
    0x00, 0x02, 0x00, 0x02, 0x00, 0x03, 0x00, 0x00, 0x00, 0x21, 0x00, 0x01, 0x00, 0x25, 0x00, 0x02,
    0x00, 0x02, 0x01, 0x96, 0x00, 0x00, 0x00, 0x20, 0x00, 0x01, 0x00, 0x25, 0x00, 0x02, 0x00, 0x02,
    0x01, 0x97, 0x00, 0x00, 0x00, 0x1F, 0x00, 0x01, 0x00, 0x25, 0x00, 0x02, 0x00, 0x02, 0x01, 0x9C,
    0x00, 0x00, 0x00, 0x1E, 0x00, 0x01, 0x00, 0x25, 0x00, 0x02, 0x00, 0x02, 0x01, 0x9F, 0x00, 0x00,
    0x00, 0x1D, 0x00, 0x01, 0x00, 0x25, 0x00, 0x02, 0x00, 0x02, 0x01, 0xA0, 0x00, 0x00, 0x00, 0x1C,
    0x00, 0x01, 0x00, 0x25, 0x00, 0x02, 0x00, 0x02, 0x01, 0xA1, 0x00, 0x00, 0x00, 0x1B, 0x00, 0x01,
    0x00, 0x25, 0x00, 0x02, 0x00, 0x02, 0x01, 0x9A, 0x00, 0x00, 0x00, 0x1A, 0x00, 0x01, 0x00, 0x25,
    0x00, 0x02, 0x00, 0x02, 0x01, 0x9B, 0x00, 0x00, 0x00, 0x19, 0x00, 0x01, 0x00, 0x25, 0x00, 0x02,
    0x00, 0x02, 0x01, 0x9E, 0x00, 0x00, 0x00, 0x18, 0x00, 0x01, 0x00, 0x25, 0x00, 0x03, 0x00, 0x02,
    0x01, 0x9A, 0x01, 0x9C, 0x00, 0x00, 0x00, 0x1E, 0x00, 0x01, 0x00, 0x35, 0x00, 0x03, 0x00, 0x02,
    0x01, 0x9B, 0x01, 0x9C, 0x00, 0x00, 0x00, 0x1E, 0x00, 0x01, 0x00, 0x35, 0x00, 0x03, 0x00, 0x02,
    0x01, 0x9E, 0x01, 0x9C, 0x00, 0x00, 0x00, 0x1E, 0x00, 0x01, 0x00, 0x35, 0x00, 0xF0, 0x00, 0x02,
    0x00, 0x41, 0x00, 0xCE, 0x00, 0x02, 0x00, 0x3B, 0x00, 0xF1, 0x00, 0x02, 0x00, 0x41, 0x00, 0xCF,
    0x00, 0x02, 0x00, 0x3B, 0x00, 0xF2, 0x00, 0x02, 0x00, 0x41, 0x00, 0xD0, 0x00, 0x02, 0x00, 0x3B,
    0x00, 0xF3, 0x00, 0x02, 0x00, 0x41, 0x00, 0xD1, 0x00, 0x02, 0x00, 0x3B, 0x00, 0xF4, 0x00, 0x02,
    0x00, 0x41, 0x00, 0xD2, 0x00, 0x02, 0x00, 0x3B, 0x00, 0xF5, 0x00, 0x02, 0x00, 0x41, 0x00, 0xD3,
    0x00, 0x02, 0x00, 0x3B, 0x00, 0xF6, 0x00, 0x02, 0x00, 0x41, 0x00, 0xD4, 0x00, 0x02, 0x00, 0x3B,
    0x00, 0xF7, 0x00, 0x02, 0x00, 0x41, 0x00, 0xD5, 0x00, 0x02, 0x00, 0x3B, 0x00, 0xF8, 0x00, 0x02,
    0x00, 0x41, 0x00, 0xD6, 0x00, 0x02, 0x00, 0x3B, 0x00, 0xF9, 0x00, 0x02, 0x00, 0x41, 0x00, 0xD7,
    0x00, 0x02, 0x00, 0x3B, 0x00, 0xFA, 0x00, 0x02, 0x00, 0x41, 0x00, 0xD8, 0x00, 0x02, 0x00, 0x3B,
    0x00, 0xFB, 0x00, 0x02, 0x00, 0x41, 0x00, 0xD9, 0x00, 0x02, 0x00, 0x3B, 0x00, 0xFC, 0x00, 0x02,
    0x00, 0x41, 0x00, 0xDA, 0x00, 0x02, 0x00, 0x3B, 0x00, 0xFD, 0x00, 0x02, 0x00, 0x41, 0x00, 0xDB,
    0x00, 0x02, 0x00, 0x3B, 0x00, 0xFE, 0x00, 0x02, 0x00, 0x41, 0x00, 0xDC, 0x00, 0x02, 0x00, 0x3B,
    0x00, 0xFF, 0x00, 0x02, 0x00, 0x41, 0x00, 0xDD, 0x00, 0x02, 0x00, 0x3B, 0x01, 0x00, 0x00, 0x02,
    0x00, 0x41, 0x00, 0xDE, 0x00, 0x02, 0x00, 0x3B, 0x01, 0x01, 0x00, 0x02, 0x00, 0x41, 0x00, 0xDF,
    0x00, 0x02, 0x00, 0x3B, 0x01, 0x02, 0x00, 0x02, 0x00, 0x41, 0x00, 0xE0, 0x00, 0x02, 0x00, 0x3B,
    0x01, 0x03, 0x00, 0x02, 0x00, 0x41, 0x00, 0xE1, 0x00, 0x02, 0x00, 0x3B, 0x01, 0x04, 0x00, 0x02,
    0x00, 0x41, 0x00, 0xE2, 0x00, 0x02, 0x00, 0x3B, 0x01, 0x05, 0x00, 0x02, 0x00, 0x41, 0x00, 0xE3,
    0x00, 0x02, 0x00, 0x3B, 0x01, 0x06, 0x00, 0x02, 0x00, 0x41, 0x00, 0xE4, 0x00, 0x02, 0x00, 0x3B,
    0x01, 0x07, 0x00, 0x02, 0x00, 0x41, 0x00, 0xE5, 0x00, 0x02, 0x00, 0x3B, 0x01, 0x08, 0x00, 0x02,
    0x00, 0x41, 0x00, 0xE6, 0x00, 0x02, 0x00, 0x3B, 0x01, 0x09, 0x00, 0x02, 0x00, 0x41, 0x00, 0xE7,
    0x00, 0x02, 0x00, 0x3B, 0x01, 0x0A, 0x00, 0x02, 0x00, 0x41, 0x00, 0xE8, 0x00, 0x02, 0x00, 0x3B,
    0x01, 0x0B, 0x00, 0x02, 0x00, 0x41, 0x00, 0xE9, 0x00, 0x02, 0x00, 0x3B, 0x01, 0x0C, 0x00, 0x02,
    0x00, 0x41, 0x00, 0xEA, 0x00, 0x02, 0x00, 0x3B, 0x01, 0x0D, 0x00, 0x02, 0x00, 0x41, 0x00, 0xEB,
    0x00, 0x02, 0x00, 0x3B, 0x01, 0x0E, 0x00, 0x02, 0x00, 0x41, 0x00, 0xEC, 0x00, 0x02, 0x00, 0x3B,
    0x01, 0x0F, 0x00, 0x02, 0x00, 0x41, 0x00, 0xED, 0x00, 0x02, 0x00, 0x3B, 0x01, 0x10, 0x00, 0x02,
    0x00, 0x41, 0x00, 0xEE, 0x00, 0x02, 0x00, 0x3B, 0x01, 0x11, 0x00, 0x02, 0x00, 0x41, 0x00, 0xEF,
    0x00, 0x02, 0x00, 0x3B, 0x01, 0x21, 0x00, 0x02, 0x00, 0x41, 0x01, 0x20, 0x00, 0x02, 0x00, 0x3B,
    0x01, 0x26, 0x00, 0x02, 0x00, 0x41, 0x01, 0x25, 0x00, 0x02, 0x00, 0x3B, 0x00, 0x76, 0x00, 0x02,
    0x00, 0x2B, 0x00, 0x77, 0x00, 0x02, 0x00, 0x2C, 0x00, 0x65, 0x00, 0x02, 0x00, 0x1A, 0x00, 0x66,
    0x00, 0x02, 0x00, 0x1B, 0x00, 0x71, 0x00, 0x02, 0x00, 0x26, 0x00, 0x6C, 0x00, 0x02, 0x00, 0x21,
    0x00, 0x6D, 0x00, 0x02, 0x00, 0x22, 0x00, 0x72, 0x00, 0x02, 0x00, 0x27, 0x00, 0x83, 0x00, 0x02,
    0x00, 0x4A, 0x00, 0x62, 0x00, 0x02, 0x00, 0x17, 0x00, 0x63, 0x00, 0x02, 0x00, 0x18, 0x00, 0x82,
    0x00, 0x02, 0x00, 0x37, 0x00, 0x67, 0x00, 0x02, 0x00, 0x1C, 0x00, 0x84, 0x00, 0x02, 0x00, 0x5E,
    0x00, 0x68, 0x00, 0x02, 0x00, 0x1D, 0x00, 0x60, 0x00, 0x02, 0x00, 0x15, 0x00, 0x61, 0x00, 0x02,
    0x00, 0x16, 0x00, 0x7C, 0x00, 0x02, 0x00, 0x31, 0x00, 0x7D, 0x00, 0x02, 0x00, 0x32, 0x00, 0x78,
    0x00, 0x02, 0x00, 0x2D, 0x00, 0x73, 0x00, 0x02, 0x00, 0x28, 0x00, 0x64, 0x00, 0x02, 0x00, 0x19,
    0x00, 0x6E, 0x00, 0x02, 0x00, 0x23, 0x00, 0x69, 0x00, 0x02, 0x00, 0x1E, 0x00, 0x74, 0x00, 0x02,
    0x00, 0x29, 0x00, 0x75, 0x00, 0x02, 0x00, 0x2A, 0x00, 0x85, 0x00, 0x02, 0x00, 0x5F, 0x00, 0x7A,
    0x00, 0x02, 0x00, 0x2F, 0x00, 0x7B, 0x00, 0x02, 0x00, 0x30, 0x00, 0x81, 0x00, 0x02, 0x00, 0x36,
    0x00, 0x7F, 0x00, 0x02, 0x00, 0x34, 0x00, 0x80, 0x00, 0x02, 0x00, 0x35, 0x00, 0x6F, 0x00, 0x02,
    0x00, 0x24, 0x00, 0x70, 0x00, 0x02, 0x00, 0x25, 0x00, 0x6A, 0x00, 0x02, 0x00, 0x1F, 0x00, 0x6B,
    0x00, 0x02, 0x00, 0x20, 0x00, 0x7E, 0x00, 0x02, 0x00, 0x33, 0x00, 0x79, 0x00, 0x02, 0x00, 0x2E,
    0x00, 0xA8, 0x00, 0x02, 0x00, 0x47, 0x00, 0xA9, 0x00, 0x02, 0x00, 0x47, 0x00, 0xAA, 0x00, 0x02,
    0x00, 0x47, 0x00, 0xAB, 0x00, 0x02, 0x00, 0x47, 0x00, 0xAC, 0x00, 0x02, 0x00, 0x47, 0x00, 0xAD,
    0x00, 0x02, 0x00, 0x47, 0x00, 0xAE, 0x00, 0x02, 0x00, 0x47, 0x00, 0xAF, 0x00, 0x02, 0x00, 0x47,
    0x00, 0xB0, 0x00, 0x02, 0x00, 0x47, 0x00, 0xB1, 0x00, 0x02, 0x00, 0x47, 0x00, 0xB2, 0x00, 0x02,
    0x00, 0x47, 0x00, 0xB3, 0x00, 0x02, 0x00, 0x47, 0x00, 0xB4, 0x00, 0x02, 0x00, 0x47, 0x00, 0xB5,
    0x00, 0x02, 0x00, 0x47, 0x00, 0xB6, 0x00, 0x02, 0x00, 0x47, 0x00, 0xB7, 0x00, 0x02, 0x00, 0x47,
    0x00, 0xB8, 0x00, 0x02, 0x00, 0x47, 0x00, 0xB9, 0x00, 0x02, 0x00, 0x47, 0x00, 0xBA, 0x00, 0x02,
    0x00, 0x47, 0x00, 0xBB, 0x00, 0x02, 0x00, 0x47, 0x00, 0xBC, 0x00, 0x02, 0x00, 0x47, 0x00, 0xBD,
    0x00, 0x02, 0x00, 0x47, 0x00, 0xBE, 0x00, 0x02, 0x00, 0x47, 0x00, 0xBF, 0x00, 0x02, 0x00, 0x47,
    0x00, 0xC0, 0x00, 0x02, 0x00, 0x47, 0x00, 0xC1, 0x00, 0x02, 0x00, 0x47, 0x00, 0xC2, 0x00, 0x02,
    0x00, 0x47, 0x00, 0xC3, 0x00, 0x02, 0x00, 0x47, 0x00, 0xC4, 0x00, 0x02, 0x00, 0x47, 0x00, 0xC5,
    0x00, 0x02, 0x00, 0x47, 0x00, 0xC6, 0x00, 0x02, 0x00, 0x47, 0x00, 0xC7, 0x00, 0x02, 0x00, 0x47,
    0x00, 0xC8, 0x00, 0x02, 0x00, 0x47, 0x00, 0xC9, 0x00, 0x02, 0x00, 0x47, 0x00, 0xCA, 0x00, 0x02,
    0x00, 0x47, 0x00, 0xCB, 0x00, 0x02, 0x00, 0x47, 0x00, 0xCC, 0x00, 0x02, 0x00, 0x47, 0x00, 0xCD,
    0x00, 0x02, 0x00, 0x47, 0x01, 0x1F, 0x00, 0x02, 0x00, 0x47, 0x01, 0x24, 0x00, 0x02, 0x00, 0x47,
    0x00, 0xA8, 0x00, 0x03, 0x00, 0x47, 0x01, 0xA3, 0x00, 0xA9, 0x00, 0x03, 0x00, 0x47, 0x01, 0xA3,
    0x00, 0xAA, 0x00, 0x03, 0x00, 0x47, 0x01, 0xA3, 0x00, 0xAB, 0x00, 0x03, 0x00, 0x47, 0x01, 0xA3,
    0x00, 0xAC, 0x00, 0x03, 0x00, 0x47, 0x01, 0xA3, 0x00, 0xAD, 0x00, 0x03, 0x00, 0x47, 0x01, 0xA3,
    0x00, 0xAE, 0x00, 0x03, 0x00, 0x47, 0x01, 0xA3, 0x00, 0xAF, 0x00, 0x03, 0x00, 0x47, 0x01, 0xA3,
    0x00, 0xB0, 0x00, 0x03, 0x00, 0x47, 0x01, 0xA3, 0x00, 0xB1, 0x00, 0x03, 0x00, 0x47, 0x01, 0xA3,
    0x00, 0xB2, 0x00, 0x03, 0x00, 0x47, 0x01, 0xA3, 0x00, 0xB3, 0x00, 0x03, 0x00, 0x47, 0x01, 0xA3,
    0x00, 0xB4, 0x00, 0x03, 0x00, 0x47, 0x01, 0xA3, 0x00, 0xB5, 0x00, 0x03, 0x00, 0x47, 0x01, 0xA3,
    0x00, 0xB6, 0x00, 0x03, 0x00, 0x47, 0x01, 0xA3, 0x00, 0xB7, 0x00, 0x03, 0x00, 0x47, 0x01, 0xA3,
    0x00, 0xB8, 0x00, 0x03, 0x00, 0x47, 0x01, 0xA3, 0x00, 0xB9, 0x00, 0x03, 0x00, 0x47, 0x01, 0xA3,
    0x00, 0xBA, 0x00, 0x03, 0x00, 0x47, 0x01, 0xA3, 0x00, 0xBB, 0x00, 0x03, 0x00, 0x47, 0x01, 0xA3,
    0x00, 0xBC, 0x00, 0x03, 0x00, 0x47, 0x01, 0xA3, 0x00, 0xBD, 0x00, 0x03, 0x00, 0x47, 0x01, 0xA3,
    0x00, 0xBE, 0x00, 0x03, 0x00, 0x47, 0x01, 0xA3, 0x00, 0xBF, 0x00, 0x03, 0x00, 0x47, 0x01, 0xA3,
    0x00, 0xC0, 0x00, 0x03, 0x00, 0x47, 0x01, 0xA3, 0x00, 0xC1, 0x00, 0x03, 0x00, 0x47, 0x01, 0xA3,
    0x00, 0xC2, 0x00, 0x03, 0x00, 0x47, 0x01, 0xA3, 0x00, 0xC3, 0x00, 0x03, 0x00, 0x47, 0x01, 0xA3,
    0x00, 0xC4, 0x00, 0x03, 0x00, 0x47, 0x01, 0xA3, 0x00, 0xC5, 0x00, 0x03, 0x00, 0x47, 0x01, 0xA3,
    0x00, 0xC6, 0x00, 0x03, 0x00, 0x47, 0x01, 0xA3, 0x00, 0xC7, 0x00, 0x03, 0x00, 0x47, 0x01, 0xA3,
    0x00, 0xC8, 0x00, 0x03, 0x00, 0x47, 0x01, 0xA3, 0x00, 0xC9, 0x00, 0x03, 0x00, 0x47, 0x01, 0xA3,
    0x00, 0xCA, 0x00, 0x03, 0x00, 0x47, 0x01, 0xA3, 0x00, 0xCB, 0x00, 0x03, 0x00, 0x47, 0x01, 0xA3,
    0x00, 0xCC, 0x00, 0x03, 0x00, 0x47, 0x01, 0xA3, 0x00, 0xCD, 0x00, 0x03, 0x00, 0x47, 0x01, 0xA3,
    0x01, 0x1F, 0x00, 0x03, 0x00, 0x47, 0x01, 0xA3, 0x01, 0x24, 0x00, 0x03, 0x00, 0x47, 0x01, 0xA3,
    0x00, 0x02, 0x00, 0x02, 0x00, 0x03, 0x00, 0x00, 0x00, 0x21, 0x00, 0x01, 0x00, 0x68, 0x00, 0x02,
    0x00, 0x02, 0x01, 0x96, 0x00, 0x00, 0x00, 0x20, 0x00, 0x01, 0x00, 0x68, 0x00, 0x02, 0x00, 0x02,
    0x01, 0x97, 0x00, 0x00, 0x00, 0x1F, 0x00, 0x01, 0x00, 0x68, 0x00, 0x02, 0x00, 0x02, 0x01, 0x9C,
    0x00, 0x00, 0x00, 0x1E, 0x00, 0x01, 0x00, 0x68, 0x00, 0x02, 0x00, 0x02, 0x01, 0x9F, 0x00, 0x00,
    0x00, 0x1D, 0x00, 0x01, 0x00, 0x68, 0x00, 0x02, 0x00, 0x02, 0x01, 0xA0, 0x00, 0x00, 0x00, 0x1C,
    0x00, 0x01, 0x00, 0x68, 0x00, 0x02, 0x00, 0x02, 0x01, 0xA1, 0x00, 0x00, 0x00, 0x1B, 0x00, 0x01,
    0x00, 0x68, 0x00, 0x02, 0x00, 0x02, 0x01, 0x9A, 0x00, 0x00, 0x00, 0x1A, 0x00, 0x01, 0x00, 0x68,
    0x00, 0x02, 0x00, 0x02, 0x01, 0x9B, 0x00, 0x00, 0x00, 0x19, 0x00, 0x01, 0x00, 0x68, 0x00, 0x02,
    0x00, 0x02, 0x01, 0x9E, 0x00, 0x00, 0x00, 0x18, 0x00, 0x01, 0x00, 0x68, 0x00, 0x02, 0x00, 0x02,
    0x00, 0x03, 0x00, 0x00, 0x00, 0x21, 0x00, 0x01, 0x00, 0x67, 0x00, 0x02, 0x00, 0x02, 0x01, 0x96,
    0x00, 0x00, 0x00, 0x20, 0x00, 0x01, 0x00, 0x67, 0x00, 0x02, 0x00, 0x02, 0x01, 0x97, 0x00, 0x00,
    0x00, 0x1F, 0x00, 0x01, 0x00, 0x67, 0x00, 0x02, 0x00, 0x02, 0x01, 0x9C, 0x00, 0x00, 0x00, 0x1E,
    0x00, 0x01, 0x00, 0x67, 0x00, 0x02, 0x00, 0x02, 0x01, 0x9F, 0x00, 0x00, 0x00, 0x1D, 0x00, 0x01,
    0x00, 0x67, 0x00, 0x02, 0x00, 0x02, 0x01, 0xA0, 0x00, 0x00, 0x00, 0x1C, 0x00, 0x01, 0x00, 0x67,
    0x00, 0x02, 0x00, 0x02, 0x01, 0xA1, 0x00, 0x00, 0x00, 0x1B, 0x00, 0x01, 0x00, 0x67, 0x00, 0x02,
    0x00, 0x02, 0x01, 0x9A, 0x00, 0x00, 0x00, 0x1A, 0x00, 0x01, 0x00, 0x67, 0x00, 0x02, 0x00, 0x02,
    0x01, 0x9B, 0x00, 0x00, 0x00, 0x19, 0x00, 0x01, 0x00, 0x67, 0x00, 0x02, 0x00, 0x02, 0x01, 0x9E,
    0x00, 0x00, 0x00, 0x18, 0x00, 0x01, 0x00, 0x67, 0x00, 0x02, 0x00, 0x02, 0x00, 0x03, 0x00, 0x00,
    0x00, 0x21, 0x00, 0x01, 0x00, 0x66, 0x00, 0x02, 0x00, 0x02, 0x01, 0x96, 0x00, 0x00, 0x00, 0x20,
    0x00, 0x01, 0x00, 0x66, 0x00, 0x02, 0x00, 0x02, 0x01, 0x97, 0x00, 0x00, 0x00, 0x1F, 0x00, 0x01,
    0x00, 0x66, 0x00, 0x02, 0x00, 0x02, 0x01, 0x9C, 0x00, 0x00, 0x00, 0x1E, 0x00, 0x01, 0x00, 0x66,
    0x00, 0x02, 0x00, 0x02, 0x01, 0x9F, 0x00, 0x00, 0x00, 0x1D, 0x00, 0x01, 0x00, 0x66, 0x00, 0x02,
    0x00, 0x02, 0x01, 0xA0, 0x00, 0x00, 0x00, 0x1C, 0x00, 0x01, 0x00, 0x66, 0x00, 0x02, 0x00, 0x02,
    0x01, 0xA1, 0x00, 0x00, 0x00, 0x1B, 0x00, 0x01, 0x00, 0x66, 0x00, 0x02, 0x00, 0x02, 0x01, 0x9A,
    0x00, 0x00, 0x00, 0x1A, 0x00, 0x01, 0x00, 0x66, 0x00, 0x02, 0x00, 0x02, 0x01, 0x9B, 0x00, 0x00,
    0x00, 0x19, 0x00, 0x01, 0x00, 0x66, 0x00, 0x02, 0x00, 0x02, 0x01, 0x9E, 0x00, 0x00, 0x00, 0x18,
    0x00, 0x01, 0x00, 0x66, 0x00, 0x02, 0x00, 0x02, 0x00, 0x03, 0x00, 0x00, 0x00, 0x21, 0x00, 0x01,
    0x00, 0x65, 0x00, 0x02, 0x00, 0x02, 0x01, 0x96, 0x00, 0x00, 0x00, 0x20, 0x00, 0x01, 0x00, 0x65,
    0x00, 0x02, 0x00, 0x02, 0x01, 0x97, 0x00, 0x00, 0x00, 0x1F, 0x00, 0x01, 0x00, 0x65, 0x00, 0x02,
    0x00, 0x02, 0x01, 0x9C, 0x00, 0x00, 0x00, 0x1E, 0x00, 0x01, 0x00, 0x65, 0x00, 0x02, 0x00, 0x02,
    0x01, 0x9F, 0x00, 0x00, 0x00, 0x1D, 0x00, 0x01, 0x00, 0x65, 0x00, 0x02, 0x00, 0x02, 0x01, 0xA0,
    0x00, 0x00, 0x00, 0x1C, 0x00, 0x01, 0x00, 0x65, 0x00, 0x02, 0x00, 0x02, 0x01, 0xA1, 0x00, 0x00,
    0x00, 0x1B, 0x00, 0x01, 0x00, 0x65, 0x00, 0x02, 0x00, 0x02, 0x01, 0x9A, 0x00, 0x00, 0x00, 0x1A,
    0x00, 0x01, 0x00, 0x65, 0x00, 0x02, 0x00, 0x02, 0x01, 0x9B, 0x00, 0x00, 0x00, 0x19, 0x00, 0x01,
    0x00, 0x65, 0x00, 0x02, 0x00, 0x02, 0x01, 0x9E, 0x00, 0x00, 0x00, 0x18, 0x00, 0x01, 0x00, 0x65,
    0x00, 0x02, 0x00, 0x02, 0x00, 0x03, 0x00, 0x00, 0x00, 0x21, 0x00, 0x01, 0x00, 0x64, 0x00, 0x02,
    0x00, 0x02, 0x01, 0x96, 0x00, 0x00, 0x00, 0x20, 0x00, 0x01, 0x00, 0x64, 0x00, 0x02, 0x00, 0x02,
    0x01, 0x97, 0x00, 0x00, 0x00, 0x1F, 0x00, 0x01, 0x00, 0x64, 0x00, 0x02, 0x00, 0x02, 0x01, 0x9C,
    0x00, 0x00, 0x00, 0x1E, 0x00, 0x01, 0x00, 0x64, 0x00, 0x02, 0x00, 0x02, 0x01, 0x9F, 0x00, 0x00,
    0x00, 0x1D, 0x00, 0x01, 0x00, 0x64, 0x00, 0x02, 0x00, 0x02, 0x01, 0xA0, 0x00, 0x00, 0x00, 0x1C,
    0x00, 0x01, 0x00, 0x64, 0x00, 0x02, 0x00, 0x02, 0x01, 0xA1, 0x00, 0x00, 0x00, 0x1B, 0x00, 0x01,
    0x00, 0x64, 0x00, 0x02, 0x00, 0x02, 0x01, 0x9A, 0x00, 0x00, 0x00, 0x1A, 0x00, 0x01, 0x00, 0x64,
    0x00, 0x02, 0x00, 0x02, 0x01, 0x9B, 0x00, 0x00, 0x00, 0x19, 0x00, 0x01, 0x00, 0x64, 0x00, 0x02,
    0x00, 0x02, 0x01, 0x9E, 0x00, 0x00, 0x00, 0x18, 0x00, 0x01, 0x00, 0x64, 0x00, 0x02, 0x00, 0x02,
    0x00, 0x03, 0x00, 0x00, 0x00, 0x21, 0x00, 0x01, 0x00, 0x63, 0x00, 0x02, 0x00, 0x02, 0x01, 0x96,
    0x00, 0x00, 0x00, 0x20, 0x00, 0x01, 0x00, 0x63, 0x00, 0x02, 0x00, 0x02, 0x01, 0x97, 0x00, 0x00,
    0x00, 0x1F, 0x00, 0x01, 0x00, 0x63, 0x00, 0x02, 0x00, 0x02, 0x01, 0x9C, 0x00, 0x00, 0x00, 0x1E,
    0x00, 0x01, 0x00, 0x63, 0x00, 0x02, 0x00, 0x02, 0x01, 0x9F, 0x00, 0x00, 0x00, 0x1D, 0x00, 0x01,
    0x00, 0x63, 0x00, 0x02, 0x00, 0x02, 0x01, 0xA0, 0x00, 0x00, 0x00, 0x1C, 0x00, 0x01, 0x00, 0x63,
    0x00, 0x02, 0x00, 0x02, 0x01, 0xA1, 0x00, 0x00, 0x00, 0x1B, 0x00, 0x01, 0x00, 0x63, 0x00, 0x02,
    0x00, 0x02, 0x01, 0x9A, 0x00, 0x00, 0x00, 0x1A, 0x00, 0x01, 0x00, 0x63, 0x00, 0x02, 0x00, 0x02,
    0x01, 0x9B, 0x00, 0x00, 0x00, 0x19, 0x00, 0x01, 0x00, 0x63, 0x00, 0x02, 0x00, 0x02, 0x01, 0x9E,
    0x00, 0x00, 0x00, 0x18, 0x00, 0x01, 0x00, 0x63, 0x00, 0x02, 0x00, 0x02, 0x00, 0x03, 0x00, 0x00,
    0x00, 0x21, 0x00, 0x01, 0x00, 0x62, 0x00, 0x02, 0x00, 0x02, 0x01, 0x96, 0x00, 0x00, 0x00, 0x20,
    0x00, 0x01, 0x00, 0x62, 0x00, 0x02, 0x00, 0x02, 0x01, 0x97, 0x00, 0x00, 0x00, 0x1F, 0x00, 0x01,
    0x00, 0x62, 0x00, 0x02, 0x00, 0x02, 0x01, 0x9C, 0x00, 0x00, 0x00, 0x1E, 0x00, 0x01, 0x00, 0x62,
    0x00, 0x02, 0x00, 0x02, 0x01, 0x9F, 0x00, 0x00, 0x00, 0x1D, 0x00, 0x01, 0x00, 0x62, 0x00, 0x02,
    0x00, 0x02, 0x01, 0xA0, 0x00, 0x00, 0x00, 0x1C, 0x00, 0x01, 0x00, 0x62, 0x00, 0x02, 0x00, 0x02,
    0x01, 0xA1, 0x00, 0x00, 0x00, 0x1B, 0x00, 0x01, 0x00, 0x62, 0x00, 0x02, 0x00, 0x02, 0x01, 0x9A,
    0x00, 0x00, 0x00, 0x1A, 0x00, 0x01, 0x00, 0x62, 0x00, 0x02, 0x00, 0x02, 0x01, 0x9B, 0x00, 0x00,
    0x00, 0x19, 0x00, 0x01, 0x00, 0x62, 0x00, 0x02, 0x00, 0x02, 0x01, 0x9E, 0x00, 0x00, 0x00, 0x18,
    0x00, 0x01, 0x00, 0x62, 0x00, 0x02, 0x00, 0x02, 0x00, 0x03, 0x00, 0x00, 0x00, 0x21, 0x00, 0x01,
    0x00, 0x61, 0x00, 0x02, 0x00, 0x02, 0x01, 0x96, 0x00, 0x00, 0x00, 0x20, 0x00, 0x01, 0x00, 0x61,
    0x00, 0x02, 0x00, 0x02, 0x01, 0x97, 0x00, 0x00, 0x00, 0x1F, 0x00, 0x01, 0x00, 0x61, 0x00, 0x02,
    0x00, 0x02, 0x01, 0x9C, 0x00, 0x00, 0x00, 0x1E, 0x00, 0x01, 0x00, 0x61, 0x00, 0x02, 0x00, 0x02,
    0x01, 0x9F, 0x00, 0x00, 0x00, 0x1D, 0x00, 0x01, 0x00, 0x61, 0x00, 0x02, 0x00, 0x02, 0x01, 0xA0,
    0x00, 0x00, 0x00, 0x1C, 0x00, 0x01, 0x00, 0x61, 0x00, 0x02, 0x00, 0x02, 0x01, 0xA1, 0x00, 0x00,
    0x00, 0x1B, 0x00, 0x01, 0x00, 0x61, 0x00, 0x02, 0x00, 0x02, 0x01, 0x9A, 0x00, 0x00, 0x00, 0x1A,
    0x00, 0x01, 0x00, 0x61, 0x00, 0x02, 0x00, 0x02, 0x01, 0x9B, 0x00, 0x00, 0x00, 0x19, 0x00, 0x01,
    0x00, 0x61, 0x00, 0x02, 0x00, 0x02, 0x01, 0x9E, 0x00, 0x00, 0x00, 0x18, 0x00, 0x01, 0x00, 0x61,
    0x00, 0x02, 0x00, 0x02, 0x00, 0x03, 0x00, 0x00, 0x00, 0x21, 0x00, 0x01, 0x00, 0x60, 0x00, 0x02,
    0x00, 0x02, 0x01, 0x96, 0x00, 0x00, 0x00, 0x20, 0x00, 0x01, 0x00, 0x60, 0x00, 0x02, 0x00, 0x02,
    0x01, 0x97, 0x00, 0x00, 0x00, 0x1F, 0x00, 0x01, 0x00, 0x60, 0x00, 0x02, 0x00, 0x02, 0x01, 0x9C,
    0x00, 0x00, 0x00, 0x1E, 0x00, 0x01, 0x00, 0x60, 0x00, 0x02, 0x00, 0x02, 0x01, 0x9F, 0x00, 0x00,
    0x00, 0x1D, 0x00, 0x01, 0x00, 0x60, 0x00, 0x02, 0x00, 0x02, 0x01, 0xA0, 0x00, 0x00, 0x00, 0x1C,
    0x00, 0x01, 0x00, 0x60, 0x00, 0x02, 0x00, 0x02, 0x01, 0xA1, 0x00, 0x00, 0x00, 0x1B, 0x00, 0x01,
    0x00, 0x60, 0x00, 0x02, 0x00, 0x02, 0x01, 0x9A, 0x00, 0x00, 0x00, 0x1A, 0x00, 0x01, 0x00, 0x60,
    0x00, 0x02, 0x00, 0x02, 0x01, 0x9B, 0x00, 0x00, 0x00, 0x19, 0x00, 0x01, 0x00, 0x60, 0x00, 0x02,
    0x00, 0x02, 0x01, 0x9E, 0x00, 0x00, 0x00, 0x18, 0x00, 0x01, 0x00, 0x60, 0x00, 0x02, 0x00, 0x02,
    0x00, 0x03, 0x00, 0x00, 0x00, 0x21, 0x00, 0x01, 0x00, 0x5F, 0x00, 0x02, 0x00, 0x02, 0x01, 0x96,
    0x00, 0x00, 0x00, 0x20, 0x00, 0x01, 0x00, 0x5F, 0x00, 0x02, 0x00, 0x02, 0x01, 0x97, 0x00, 0x00,
    0x00, 0x1F, 0x00, 0x01, 0x00, 0x5F, 0x00, 0x02, 0x00, 0x02, 0x01, 0x9C, 0x00, 0x00, 0x00, 0x1E,
    0x00, 0x01, 0x00, 0x5F, 0x00, 0x02, 0x00, 0x02, 0x01, 0x9F, 0x00, 0x00, 0x00, 0x1D, 0x00, 0x01,
    0x00, 0x5F, 0x00, 0x02, 0x00, 0x02, 0x01, 0xA0, 0x00, 0x00, 0x00, 0x1C, 0x00, 0x01, 0x00, 0x5F,
    0x00, 0x02, 0x00, 0x02, 0x01, 0xA1, 0x00, 0x00, 0x00, 0x1B, 0x00, 0x01, 0x00, 0x5F, 0x00, 0x02,
    0x00, 0x02, 0x01, 0x9A, 0x00, 0x00, 0x00, 0x1A, 0x00, 0x01, 0x00, 0x5F, 0x00, 0x02, 0x00, 0x02,
    0x01, 0x9B, 0x00, 0x00, 0x00, 0x19, 0x00, 0x01, 0x00, 0x5F, 0x00, 0x02, 0x00, 0x02, 0x01, 0x9E,
    0x00, 0x00, 0x00, 0x18, 0x00, 0x01, 0x00, 0x5F, 0x00, 0x02, 0x00, 0x02, 0x00, 0x03, 0x00, 0x00,
    0x00, 0x21, 0x00, 0x01, 0x00, 0x5E, 0x00, 0x02, 0x00, 0x02, 0x01, 0x96, 0x00, 0x00, 0x00, 0x20,
    0x00, 0x01, 0x00, 0x5E, 0x00, 0x02, 0x00, 0x02, 0x01, 0x97, 0x00, 0x00, 0x00, 0x1F, 0x00, 0x01,
    0x00, 0x5E, 0x00, 0x02, 0x00, 0x02, 0x01, 0x9C, 0x00, 0x00, 0x00, 0x1E, 0x00, 0x01, 0x00, 0x5E,
    0x00, 0x02, 0x00, 0x02, 0x01, 0x9F, 0x00, 0x00, 0x00, 0x1D, 0x00, 0x01, 0x00, 0x5E, 0x00, 0x02,
    0x00, 0x02, 0x01, 0xA0, 0x00, 0x00, 0x00, 0x1C, 0x00, 0x01, 0x00, 0x5E, 0x00, 0x02, 0x00, 0x02,
    0x01, 0xA1, 0x00, 0x00, 0x00, 0x1B, 0x00, 0x01, 0x00, 0x5E, 0x00, 0x02, 0x00, 0x02, 0x01, 0x9A,
    0x00, 0x00, 0x00, 0x1A, 0x00, 0x01, 0x00, 0x5E, 0x00, 0x02, 0x00, 0x02, 0x01, 0x9B, 0x00, 0x00,
    0x00, 0x19, 0x00, 0x01, 0x00, 0x5E, 0x00, 0x02, 0x00, 0x02, 0x01, 0x9E, 0x00, 0x00, 0x00, 0x18,
    0x00, 0x01, 0x00, 0x5E, 0x00, 0x02, 0x00, 0x02, 0x00, 0x03, 0x00, 0x00, 0x00, 0x21, 0x00, 0x01,
    0x00, 0x5D, 0x00, 0x02, 0x00, 0x02, 0x01, 0x96, 0x00, 0x00, 0x00, 0x20, 0x00, 0x01, 0x00, 0x5D,
    0x00, 0x02, 0x00, 0x02, 0x01, 0x97, 0x00, 0x00, 0x00, 0x1F, 0x00, 0x01, 0x00, 0x5D, 0x00, 0x02,
    0x00, 0x02, 0x01, 0x9C, 0x00, 0x00, 0x00, 0x1E, 0x00, 0x01, 0x00, 0x5D, 0x00, 0x02, 0x00, 0x02,
    0x01, 0x9F, 0x00, 0x00, 0x00, 0x1D, 0x00, 0x01, 0x00, 0x5D, 0x00, 0x02, 0x00, 0x02, 0x01, 0xA0,
    0x00, 0x00, 0x00, 0x1C, 0x00, 0x01, 0x00, 0x5D, 0x00, 0x02, 0x00, 0x02, 0x01, 0xA1, 0x00, 0x00,
    0x00, 0x1B, 0x00, 0x01, 0x00, 0x5D, 0x00, 0x02, 0x00, 0x02, 0x01, 0x9A, 0x00, 0x00, 0x00, 0x1A,
    0x00, 0x01, 0x00, 0x5D, 0x00, 0x02, 0x00, 0x02, 0x01, 0x9B, 0x00, 0x00, 0x00, 0x19, 0x00, 0x01,
    0x00, 0x5D, 0x00, 0x02, 0x00, 0x02, 0x01, 0x9E, 0x00, 0x00, 0x00, 0x18, 0x00, 0x01, 0x00, 0x5D,
    0x00, 0x02, 0x00, 0x02, 0x00, 0x03, 0x00, 0x00, 0x00, 0x21, 0x00, 0x01, 0x00, 0x5C, 0x00, 0x02,
    0x00, 0x02, 0x01, 0x96, 0x00, 0x00, 0x00, 0x20, 0x00, 0x01, 0x00, 0x5C, 0x00, 0x02, 0x00, 0x02,
    0x01, 0x97, 0x00, 0x00, 0x00, 0x1F, 0x00, 0x01, 0x00, 0x5C, 0x00, 0x02, 0x00, 0x02, 0x01, 0x9C,
    0x00, 0x00, 0x00, 0x1E, 0x00, 0x01, 0x00, 0x5C, 0x00, 0x02, 0x00, 0x02, 0x01, 0x9F, 0x00, 0x00,
    0x00, 0x1D, 0x00, 0x01, 0x00, 0x5C, 0x00, 0x02, 0x00, 0x02, 0x01, 0xA0, 0x00, 0x00, 0x00, 0x1C,
    0x00, 0x01, 0x00, 0x5C, 0x00, 0x02, 0x00, 0x02, 0x01, 0xA1, 0x00, 0x00, 0x00, 0x1B, 0x00, 0x01,
    0x00, 0x5C, 0x00, 0x02, 0x00, 0x02, 0x01, 0x9A, 0x00, 0x00, 0x00, 0x1A, 0x00, 0x01, 0x00, 0x5C,
    0x00, 0x02, 0x00, 0x02, 0x01, 0x9B, 0x00, 0x00, 0x00, 0x19, 0x00, 0x01, 0x00, 0x5C, 0x00, 0x02,
    0x00, 0x02, 0x01, 0x9E, 0x00, 0x00, 0x00, 0x18, 0x00, 0x01, 0x00, 0x5C, 0x00, 0x02, 0x00, 0x02,
    0x00, 0x03, 0x00, 0x00, 0x00, 0x21, 0x00, 0x01, 0x00, 0x5B, 0x00, 0x02, 0x00, 0x02, 0x01, 0x96,
    0x00, 0x00, 0x00, 0x20, 0x00, 0x01, 0x00, 0x5B, 0x00, 0x02, 0x00, 0x02, 0x01, 0x97, 0x00, 0x00,
    0x00, 0x1F, 0x00, 0x01, 0x00, 0x5B, 0x00, 0x02, 0x00, 0x02, 0x01, 0x9C, 0x00, 0x00, 0x00, 0x1E,
    0x00, 0x01, 0x00, 0x5B, 0x00, 0x02, 0x00, 0x02, 0x01, 0x9F, 0x00, 0x00, 0x00, 0x1D, 0x00, 0x01,
    0x00, 0x5B, 0x00, 0x02, 0x00, 0x02, 0x01, 0xA0, 0x00, 0x00, 0x00, 0x1C, 0x00, 0x01, 0x00, 0x5B,
    0x00, 0x02, 0x00, 0x02, 0x01, 0xA1, 0x00, 0x00, 0x00, 0x1B, 0x00, 0x01, 0x00, 0x5B, 0x00, 0x02,
    0x00, 0x02, 0x01, 0x9A, 0x00, 0x00, 0x00, 0x1A, 0x00, 0x01, 0x00, 0x5B, 0x00, 0x02, 0x00, 0x02,
    0x01, 0x9B, 0x00, 0x00, 0x00, 0x19, 0x00, 0x01, 0x00, 0x5B, 0x00, 0x02, 0x00, 0x02, 0x01, 0x9E,
    0x00, 0x00, 0x00, 0x18, 0x00, 0x01, 0x00, 0x5B, 0x00, 0x02, 0x00, 0x02, 0x00, 0x03, 0x00, 0x00,
    0x00, 0x21, 0x00, 0x01, 0x00, 0x5A, 0x00, 0x02, 0x00, 0x02, 0x01, 0x96, 0x00, 0x00, 0x00, 0x20,
    0x00, 0x01, 0x00, 0x5A, 0x00, 0x02, 0x00, 0x02, 0x01, 0x97, 0x00, 0x00, 0x00, 0x1F, 0x00, 0x01,
    0x00, 0x5A, 0x00, 0x02, 0x00, 0x02, 0x01, 0x9C, 0x00, 0x00, 0x00, 0x1E, 0x00, 0x01, 0x00, 0x5A,
    0x00, 0x02, 0x00, 0x02, 0x01, 0x9F, 0x00, 0x00, 0x00, 0x1D, 0x00, 0x01, 0x00, 0x5A, 0x00, 0x02,
    0x00, 0x02, 0x01, 0xA0, 0x00, 0x00, 0x00, 0x1C, 0x00, 0x01, 0x00, 0x5A, 0x00, 0x02, 0x00, 0x02,
    0x01, 0xA1, 0x00, 0x00, 0x00, 0x1B, 0x00, 0x01, 0x00, 0x5A, 0x00, 0x02, 0x00, 0x02, 0x01, 0x9A,
    0x00, 0x00, 0x00, 0x1A, 0x00, 0x01, 0x00, 0x5A, 0x00, 0x02, 0x00, 0x02, 0x01, 0x9B, 0x00, 0x00,
    0x00, 0x19, 0x00, 0x01, 0x00, 0x5A, 0x00, 0x02, 0x00, 0x02, 0x01, 0x9E, 0x00, 0x00, 0x00, 0x18,
    0x00, 0x01, 0x00, 0x5A, 0x00, 0x02, 0x00, 0x02, 0x00, 0x03, 0x00, 0x00, 0x00, 0x21, 0x00, 0x01,
    0x00, 0x59, 0x00, 0x02, 0x00, 0x02, 0x01, 0x96, 0x00, 0x00, 0x00, 0x20, 0x00, 0x01, 0x00, 0x59,
    0x00, 0x02, 0x00, 0x02, 0x01, 0x97, 0x00, 0x00, 0x00, 0x1F, 0x00, 0x01, 0x00, 0x59, 0x00, 0x02,
    0x00, 0x02, 0x01, 0x9C, 0x00, 0x00, 0x00, 0x1E, 0x00, 0x01, 0x00, 0x59, 0x00, 0x02, 0x00, 0x02,
    0x01, 0x9F, 0x00, 0x00, 0x00, 0x1D, 0x00, 0x01, 0x00, 0x59, 0x00, 0x02, 0x00, 0x02, 0x01, 0xA0,
    0x00, 0x00, 0x00, 0x1C, 0x00, 0x01, 0x00, 0x59, 0x00, 0x02, 0x00, 0x02, 0x01, 0xA1, 0x00, 0x00,
    0x00, 0x1B, 0x00, 0x01, 0x00, 0x59, 0x00, 0x02, 0x00, 0x02, 0x01, 0x9A, 0x00, 0x00, 0x00, 0x1A,
    0x00, 0x01, 0x00, 0x59, 0x00, 0x02, 0x00, 0x02, 0x01, 0x9B, 0x00, 0x00, 0x00, 0x19, 0x00, 0x01,
    0x00, 0x59, 0x00, 0x02, 0x00, 0x02, 0x01, 0x9E, 0x00, 0x00, 0x00, 0x18, 0x00, 0x01, 0x00, 0x59,
    0x00, 0x02, 0x00, 0x02, 0x00, 0x03, 0x00, 0x00, 0x00, 0x21, 0x00, 0x01, 0x00, 0x58, 0x00, 0x02,
    0x00, 0x02, 0x01, 0x96, 0x00, 0x00, 0x00, 0x20, 0x00, 0x01, 0x00, 0x58, 0x00, 0x02, 0x00, 0x02,
    0x01, 0x97, 0x00, 0x00, 0x00, 0x1F, 0x00, 0x01, 0x00, 0x58, 0x00, 0x02, 0x00, 0x02, 0x01, 0x9C,
    0x00, 0x00, 0x00, 0x1E, 0x00, 0x01, 0x00, 0x58, 0x00, 0x02, 0x00, 0x02, 0x01, 0x9F, 0x00, 0x00,
    0x00, 0x1D, 0x00, 0x01, 0x00, 0x58, 0x00, 0x02, 0x00, 0x02, 0x01, 0xA0, 0x00, 0x00, 0x00, 0x1C,
    0x00, 0x01, 0x00, 0x58, 0x00, 0x02, 0x00, 0x02, 0x01, 0xA1, 0x00, 0x00, 0x00, 0x1B, 0x00, 0x01,
    0x00, 0x58, 0x00, 0x02, 0x00, 0x02, 0x01, 0x9A, 0x00, 0x00, 0x00, 0x1A, 0x00, 0x01, 0x00, 0x58,
    0x00, 0x02, 0x00, 0x02, 0x01, 0x9B, 0x00, 0x00, 0x00, 0x19, 0x00, 0x01, 0x00, 0x58, 0x00, 0x02,
    0x00, 0x02, 0x01, 0x9E, 0x00, 0x00, 0x00, 0x18, 0x00, 0x01, 0x00, 0x58, 0x00, 0x02, 0x00, 0x02,
    0x00, 0x03, 0x00, 0x00, 0x00, 0x21, 0x00, 0x01, 0x00, 0x57, 0x00, 0x02, 0x00, 0x02, 0x01, 0x96,
    0x00, 0x00, 0x00, 0x20, 0x00, 0x01, 0x00, 0x57, 0x00, 0x02, 0x00, 0x02, 0x01, 0x97, 0x00, 0x00,
    0x00, 0x1F, 0x00, 0x01, 0x00, 0x57, 0x00, 0x02, 0x00, 0x02, 0x01, 0x9C, 0x00, 0x00, 0x00, 0x1E,
    0x00, 0x01, 0x00, 0x57, 0x00, 0x02, 0x00, 0x02, 0x01, 0x9F, 0x00, 0x00, 0x00, 0x1D, 0x00, 0x01,
    0x00, 0x57, 0x00, 0x02, 0x00, 0x02, 0x01, 0xA0, 0x00, 0x00, 0x00, 0x1C, 0x00, 0x01, 0x00, 0x57,
    0x00, 0x02, 0x00, 0x02, 0x01, 0xA1, 0x00, 0x00, 0x00, 0x1B, 0x00, 0x01, 0x00, 0x57, 0x00, 0x02,
    0x00, 0x02, 0x01, 0x9A, 0x00, 0x00, 0x00, 0x1A, 0x00, 0x01, 0x00, 0x57, 0x00, 0x02, 0x00, 0x02,
    0x01, 0x9B, 0x00, 0x00, 0x00, 0x19, 0x00, 0x01, 0x00, 0x57, 0x00, 0x02, 0x00, 0x02, 0x01, 0x9E,
    0x00, 0x00, 0x00, 0x18, 0x00, 0x01, 0x00, 0x57, 0x00, 0x02, 0x00, 0x02, 0x00, 0x03, 0x00, 0x00,
    0x00, 0x21, 0x00, 0x01, 0x00, 0x56, 0x00, 0x02, 0x00, 0x02, 0x01, 0x96, 0x00, 0x00, 0x00, 0x20,
    0x00, 0x01, 0x00, 0x56, 0x00, 0x02, 0x00, 0x02, 0x01, 0x97, 0x00, 0x00, 0x00, 0x1F, 0x00, 0x01,
    0x00, 0x56, 0x00, 0x02, 0x00, 0x02, 0x01, 0x9C, 0x00, 0x00, 0x00, 0x1E, 0x00, 0x01, 0x00, 0x56,
    0x00, 0x02, 0x00, 0x02, 0x01, 0x9F, 0x00, 0x00, 0x00, 0x1D, 0x00, 0x01, 0x00, 0x56, 0x00, 0x02,
    0x00, 0x02, 0x01, 0xA0, 0x00, 0x00, 0x00, 0x1C, 0x00, 0x01, 0x00, 0x56, 0x00, 0x02, 0x00, 0x02,
    0x01, 0xA1, 0x00, 0x00, 0x00, 0x1B, 0x00, 0x01, 0x00, 0x56, 0x00, 0x02, 0x00, 0x02, 0x01, 0x9A,
    0x00, 0x00, 0x00, 0x1A, 0x00, 0x01, 0x00, 0x56, 0x00, 0x02, 0x00, 0x02, 0x01, 0x9B, 0x00, 0x00,
    0x00, 0x19, 0x00, 0x01, 0x00, 0x56, 0x00, 0x02, 0x00, 0x02, 0x01, 0x9E, 0x00, 0x00, 0x00, 0x18,
    0x00, 0x01, 0x00, 0x56, 0x00, 0x02, 0x00, 0x02, 0x00, 0x03, 0x00, 0x00, 0x00, 0x21, 0x00, 0x01,
    0x00, 0x55, 0x00, 0x02, 0x00, 0x02, 0x01, 0x96, 0x00, 0x00, 0x00, 0x20, 0x00, 0x01, 0x00, 0x55,
    0x00, 0x02, 0x00, 0x02, 0x01, 0x97, 0x00, 0x00, 0x00, 0x1F, 0x00, 0x01, 0x00, 0x55, 0x00, 0x02,
    0x00, 0x02, 0x01, 0x9C, 0x00, 0x00, 0x00, 0x1E, 0x00, 0x01, 0x00, 0x55, 0x00, 0x02, 0x00, 0x02,
    0x01, 0x9F, 0x00, 0x00, 0x00, 0x1D, 0x00, 0x01, 0x00, 0x55, 0x00, 0x02, 0x00, 0x02, 0x01, 0xA0,
    0x00, 0x00, 0x00, 0x1C, 0x00, 0x01, 0x00, 0x55, 0x00, 0x02, 0x00, 0x02, 0x01, 0xA1, 0x00, 0x00,
    0x00, 0x1B, 0x00, 0x01, 0x00, 0x55, 0x00, 0x02, 0x00, 0x02, 0x01, 0x9A, 0x00, 0x00, 0x00, 0x1A,
    0x00, 0x01, 0x00, 0x55, 0x00, 0x02, 0x00, 0x02, 0x01, 0x9B, 0x00, 0x00, 0x00, 0x19, 0x00, 0x01,
    0x00, 0x55, 0x00, 0x02, 0x00, 0x02, 0x01, 0x9E, 0x00, 0x00, 0x00, 0x18, 0x00, 0x01, 0x00, 0x55,
    0x00, 0x02, 0x00, 0x02, 0x00, 0x03, 0x00, 0x00, 0x00, 0x21, 0x00, 0x01, 0x00, 0x54, 0x00, 0x02,
    0x00, 0x02, 0x01, 0x96, 0x00, 0x00, 0x00, 0x20, 0x00, 0x01, 0x00, 0x54, 0x00, 0x02, 0x00, 0x02,
    0x01, 0x97, 0x00, 0x00, 0x00, 0x1F, 0x00, 0x01, 0x00, 0x54, 0x00, 0x02, 0x00, 0x02, 0x01, 0x9C,
    0x00, 0x00, 0x00, 0x1E, 0x00, 0x01, 0x00, 0x54, 0x00, 0x02, 0x00, 0x02, 0x01, 0x9F, 0x00, 0x00,
    0x00, 0x1D, 0x00, 0x01, 0x00, 0x54, 0x00, 0x02, 0x00, 0x02, 0x01, 0xA0, 0x00, 0x00, 0x00, 0x1C,
    0x00, 0x01, 0x00, 0x54, 0x00, 0x02, 0x00, 0x02, 0x01, 0xA1, 0x00, 0x00, 0x00, 0x1B, 0x00, 0x01,
    0x00, 0x54, 0x00, 0x02, 0x00, 0x02, 0x01, 0x9A, 0x00, 0x00, 0x00, 0x1A, 0x00, 0x01, 0x00, 0x54,
    0x00, 0x02, 0x00, 0x02, 0x01, 0x9B, 0x00, 0x00, 0x00, 0x19, 0x00, 0x01, 0x00, 0x54, 0x00, 0x02,
    0x00, 0x02, 0x01, 0x9E, 0x00, 0x00, 0x00, 0x18, 0x00, 0x01, 0x00, 0x54, 0x00, 0x02, 0x00, 0x02,
    0x00, 0x03, 0x00, 0x00, 0x00, 0x21, 0x00, 0x01, 0x00, 0x53, 0x00, 0x02, 0x00, 0x02, 0x01, 0x96,
    0x00, 0x00, 0x00, 0x20, 0x00, 0x01, 0x00, 0x53, 0x00, 0x02, 0x00, 0x02, 0x01, 0x97, 0x00, 0x00,
    0x00, 0x1F, 0x00, 0x01, 0x00, 0x53, 0x00, 0x02, 0x00, 0x02, 0x01, 0x9C, 0x00, 0x00, 0x00, 0x1E,
    0x00, 0x01, 0x00, 0x53, 0x00, 0x02, 0x00, 0x02, 0x01, 0x9F, 0x00, 0x00, 0x00, 0x1D, 0x00, 0x01,
    0x00, 0x53, 0x00, 0x02, 0x00, 0x02, 0x01, 0xA0, 0x00, 0x00, 0x00, 0x1C, 0x00, 0x01, 0x00, 0x53,
    0x00, 0x02, 0x00, 0x02, 0x01, 0xA1, 0x00, 0x00, 0x00, 0x1B, 0x00, 0x01, 0x00, 0x53, 0x00, 0x02,
    0x00, 0x02, 0x01, 0x9A, 0x00, 0x00, 0x00, 0x1A, 0x00, 0x01, 0x00, 0x53, 0x00, 0x02, 0x00, 0x02,
    0x01, 0x9B, 0x00, 0x00, 0x00, 0x19, 0x00, 0x01, 0x00, 0x53, 0x00, 0x02, 0x00, 0x02, 0x01, 0x9E,
    0x00, 0x00, 0x00, 0x18, 0x00, 0x01, 0x00, 0x53, 0x00, 0x02, 0x00, 0x02, 0x00, 0x03, 0x00, 0x00,
    0x00, 0x21, 0x00, 0x01, 0x00, 0x52, 0x00, 0x02, 0x00, 0x02, 0x01, 0x96, 0x00, 0x00, 0x00, 0x20,
    0x00, 0x01, 0x00, 0x52, 0x00, 0x02, 0x00, 0x02, 0x01, 0x97, 0x00, 0x00, 0x00, 0x1F, 0x00, 0x01,
    0x00, 0x52, 0x00, 0x02, 0x00, 0x02, 0x01, 0x9C, 0x00, 0x00, 0x00, 0x1E, 0x00, 0x01, 0x00, 0x52,
    0x00, 0x02, 0x00, 0x02, 0x01, 0x9F, 0x00, 0x00, 0x00, 0x1D, 0x00, 0x01, 0x00, 0x52, 0x00, 0x02,
    0x00, 0x02, 0x01, 0xA0, 0x00, 0x00, 0x00, 0x1C, 0x00, 0x01, 0x00, 0x52, 0x00, 0x02, 0x00, 0x02,
    0x01, 0xA1, 0x00, 0x00, 0x00, 0x1B, 0x00, 0x01, 0x00, 0x52, 0x00, 0x02, 0x00, 0x02, 0x01, 0x9A,
    0x00, 0x00, 0x00, 0x1A, 0x00, 0x01, 0x00, 0x52, 0x00, 0x02, 0x00, 0x02, 0x01, 0x9B, 0x00, 0x00,
    0x00, 0x19, 0x00, 0x01, 0x00, 0x52, 0x00, 0x02, 0x00, 0x02, 0x01, 0x9E, 0x00, 0x00, 0x00, 0x18,
    0x00, 0x01, 0x00, 0x52, 0x00, 0x02, 0x00, 0x02, 0x00, 0x03, 0x00, 0x00, 0x00, 0x21, 0x00, 0x01,
    0x00, 0x51, 0x00, 0x02, 0x00, 0x02, 0x01, 0x96, 0x00, 0x00, 0x00, 0x20, 0x00, 0x01, 0x00, 0x51,
    0x00, 0x02, 0x00, 0x02, 0x01, 0x97, 0x00, 0x00, 0x00, 0x1F, 0x00, 0x01, 0x00, 0x51, 0x00, 0x02,
    0x00, 0x02, 0x01, 0x9C, 0x00, 0x00, 0x00, 0x1E, 0x00, 0x01, 0x00, 0x51, 0x00, 0x02, 0x00, 0x02,
    0x01, 0x9F, 0x00, 0x00, 0x00, 0x1D, 0x00, 0x01, 0x00, 0x51, 0x00, 0x02, 0x00, 0x02, 0x01, 0xA0,
    0x00, 0x00, 0x00, 0x1C, 0x00, 0x01, 0x00, 0x51, 0x00, 0x02, 0x00, 0x02, 0x01, 0xA1, 0x00, 0x00,
    0x00, 0x1B, 0x00, 0x01, 0x00, 0x51, 0x00, 0x02, 0x00, 0x02, 0x01, 0x9A, 0x00, 0x00, 0x00, 0x1A,
    0x00, 0x01, 0x00, 0x51, 0x00, 0x02, 0x00, 0x02, 0x01, 0x9B, 0x00, 0x00, 0x00, 0x19, 0x00, 0x01,
    0x00, 0x51, 0x00, 0x02, 0x00, 0x02, 0x01, 0x9E, 0x00, 0x00, 0x00, 0x18, 0x00, 0x01, 0x00, 0x51,
    0x00, 0x02, 0x00, 0x02, 0x00, 0x03, 0x00, 0x00, 0x00, 0x21, 0x00, 0x01, 0x00, 0x50, 0x00, 0x02,
    0x00, 0x02, 0x01, 0x96, 0x00, 0x00, 0x00, 0x20, 0x00, 0x01, 0x00, 0x50, 0x00, 0x02, 0x00, 0x02,
    0x01, 0x97, 0x00, 0x00, 0x00, 0x1F, 0x00, 0x01, 0x00, 0x50, 0x00, 0x02, 0x00, 0x02, 0x01, 0x9C,
    0x00, 0x00, 0x00, 0x1E, 0x00, 0x01, 0x00, 0x50, 0x00, 0x02, 0x00, 0x02, 0x01, 0x9F, 0x00, 0x00,
    0x00, 0x1D, 0x00, 0x01, 0x00, 0x50, 0x00, 0x02, 0x00, 0x02, 0x01, 0xA0, 0x00, 0x00, 0x00, 0x1C,
    0x00, 0x01, 0x00, 0x50, 0x00, 0x02, 0x00, 0x02, 0x01, 0xA1, 0x00, 0x00, 0x00, 0x1B, 0x00, 0x01,
    0x00, 0x50, 0x00, 0x02, 0x00, 0x02, 0x01, 0x9A, 0x00, 0x00, 0x00, 0x1A, 0x00, 0x01, 0x00, 0x50,
    0x00, 0x02, 0x00, 0x02, 0x01, 0x9B, 0x00, 0x00, 0x00, 0x19, 0x00, 0x01, 0x00, 0x50, 0x00, 0x02,
    0x00, 0x02, 0x01, 0x9E, 0x00, 0x00, 0x00, 0x18, 0x00, 0x01, 0x00, 0x50, 0x00, 0x02, 0x00, 0x02,
    0x00, 0x03, 0x00, 0x00, 0x00, 0x21, 0x00, 0x01, 0x00, 0x4F, 0x00, 0x02, 0x00, 0x02, 0x01, 0x96,
    0x00, 0x00, 0x00, 0x20, 0x00, 0x01, 0x00, 0x4F, 0x00, 0x02, 0x00, 0x02, 0x01, 0x97, 0x00, 0x00,
    0x00, 0x1F, 0x00, 0x01, 0x00, 0x4F, 0x00, 0x02, 0x00, 0x02, 0x01, 0x9C, 0x00, 0x00, 0x00, 0x1E,
    0x00, 0x01, 0x00, 0x4F, 0x00, 0x02, 0x00, 0x02, 0x01, 0x9F, 0x00, 0x00, 0x00, 0x1D, 0x00, 0x01,
    0x00, 0x4F, 0x00, 0x02, 0x00, 0x02, 0x01, 0xA0, 0x00, 0x00, 0x00, 0x1C, 0x00, 0x01, 0x00, 0x4F,
    0x00, 0x02, 0x00, 0x02, 0x01, 0xA1, 0x00, 0x00, 0x00, 0x1B, 0x00, 0x01, 0x00, 0x4F, 0x00, 0x02,
    0x00, 0x02, 0x01, 0x9A, 0x00, 0x00, 0x00, 0x1A, 0x00, 0x01, 0x00, 0x4F, 0x00, 0x02, 0x00, 0x02,
    0x01, 0x9B, 0x00, 0x00, 0x00, 0x19, 0x00, 0x01, 0x00, 0x4F, 0x00, 0x02, 0x00, 0x02, 0x01, 0x9E,
    0x00, 0x00, 0x00, 0x18, 0x00, 0x01, 0x00, 0x4F, 0x00, 0x02, 0x00, 0x02, 0x00, 0x03, 0x00, 0x00,
    0x00, 0x21, 0x00, 0x01, 0x00, 0x4E, 0x00, 0x02, 0x00, 0x02, 0x01, 0x96, 0x00, 0x00, 0x00, 0x20,
    0x00, 0x01, 0x00, 0x4E, 0x00, 0x02, 0x00, 0x02, 0x01, 0x97, 0x00, 0x00, 0x00, 0x1F, 0x00, 0x01,
    0x00, 0x4E, 0x00, 0x02, 0x00, 0x02, 0x01, 0x9C, 0x00, 0x00, 0x00, 0x1E, 0x00, 0x01, 0x00, 0x4E,
    0x00, 0x02, 0x00, 0x02, 0x01, 0x9F, 0x00, 0x00, 0x00, 0x1D, 0x00, 0x01, 0x00, 0x4E, 0x00, 0x02,
    0x00, 0x02, 0x01, 0xA0, 0x00, 0x00, 0x00, 0x1C, 0x00, 0x01, 0x00, 0x4E, 0x00, 0x02, 0x00, 0x02,
    0x01, 0xA1, 0x00, 0x00, 0x00, 0x1B, 0x00, 0x01, 0x00, 0x4E, 0x00, 0x02, 0x00, 0x02, 0x01, 0x9A,
    0x00, 0x00, 0x00, 0x1A, 0x00, 0x01, 0x00, 0x4E, 0x00, 0x02, 0x00, 0x02, 0x01, 0x9B, 0x00, 0x00,
    0x00, 0x19, 0x00, 0x01, 0x00, 0x4E, 0x00, 0x02, 0x00, 0x02, 0x01, 0x9E, 0x00, 0x00, 0x00, 0x18,
    0x00, 0x01, 0x00, 0x4E, 0x00, 0x02, 0x00, 0x02, 0x00, 0x03, 0x00, 0x00, 0x00, 0x21, 0x00, 0x01,
    0x00, 0x4D, 0x00, 0x02, 0x00, 0x02, 0x01, 0x96, 0x00, 0x00, 0x00, 0x20, 0x00, 0x01, 0x00, 0x4D,
    0x00, 0x02, 0x00, 0x02, 0x01, 0x97, 0x00, 0x00, 0x00, 0x1F, 0x00, 0x01, 0x00, 0x4D, 0x00, 0x02,
    0x00, 0x02, 0x01, 0x9C, 0x00, 0x00, 0x00, 0x1E, 0x00, 0x01, 0x00, 0x4D, 0x00, 0x02, 0x00, 0x02,
    0x01, 0x9F, 0x00, 0x00, 0x00, 0x1D, 0x00, 0x01, 0x00, 0x4D, 0x00, 0x02, 0x00, 0x02, 0x01, 0xA0,
    0x00, 0x00, 0x00, 0x1C, 0x00, 0x01, 0x00, 0x4D, 0x00, 0x02, 0x00, 0x02, 0x01, 0xA1, 0x00, 0x00,
    0x00, 0x1B, 0x00, 0x01, 0x00, 0x4D, 0x00, 0x02, 0x00, 0x02, 0x01, 0x9A, 0x00, 0x00, 0x00, 0x1A,
    0x00, 0x01, 0x00, 0x4D, 0x00, 0x02, 0x00, 0x02, 0x01, 0x9B, 0x00, 0x00, 0x00, 0x19, 0x00, 0x01,
    0x00, 0x4D, 0x00, 0x02, 0x00, 0x02, 0x01, 0x9E, 0x00, 0x00, 0x00, 0x18, 0x00, 0x01, 0x00, 0x4D,
    0x00, 0x02, 0x00, 0x02, 0x00, 0x03, 0x00, 0x00, 0x00, 0x21, 0x00, 0x01, 0x00, 0x4C, 0x00, 0x02,
    0x00, 0x02, 0x01, 0x96, 0x00, 0x00, 0x00, 0x20, 0x00, 0x01, 0x00, 0x4C, 0x00, 0x02, 0x00, 0x02,
    0x01, 0x97, 0x00, 0x00, 0x00, 0x1F, 0x00, 0x01, 0x00, 0x4C, 0x00, 0x02, 0x00, 0x02, 0x01, 0x9C,
    0x00, 0x00, 0x00, 0x1E, 0x00, 0x01, 0x00, 0x4C, 0x00, 0x02, 0x00, 0x02, 0x01, 0x9F, 0x00, 0x00,
    0x00, 0x1D, 0x00, 0x01, 0x00, 0x4C, 0x00, 0x02, 0x00, 0x02, 0x01, 0xA0, 0x00, 0x00, 0x00, 0x1C,
    0x00, 0x01, 0x00, 0x4C, 0x00, 0x02, 0x00, 0x02, 0x01, 0xA1, 0x00, 0x00, 0x00, 0x1B, 0x00, 0x01,
    0x00, 0x4C, 0x00, 0x02, 0x00, 0x02, 0x01, 0x9A, 0x00, 0x00, 0x00, 0x1A, 0x00, 0x01, 0x00, 0x4C,
    0x00, 0x02, 0x00, 0x02, 0x01, 0x9B, 0x00, 0x00, 0x00, 0x19, 0x00, 0x01, 0x00, 0x4C, 0x00, 0x02,
    0x00, 0x02, 0x01, 0x9E, 0x00, 0x00, 0x00, 0x18, 0x00, 0x01, 0x00, 0x4C, 0x00, 0x02, 0x00, 0x02,
    0x00, 0x03, 0x00, 0x00, 0x00, 0x21, 0x00, 0x01, 0x00, 0x4B, 0x00, 0x02, 0x00, 0x02, 0x01, 0x96,
    0x00, 0x00, 0x00, 0x20, 0x00, 0x01, 0x00, 0x4B, 0x00, 0x02, 0x00, 0x02, 0x01, 0x97, 0x00, 0x00,
    0x00, 0x1F, 0x00, 0x01, 0x00, 0x4B, 0x00, 0x02, 0x00, 0x02, 0x01, 0x9C, 0x00, 0x00, 0x00, 0x1E,
    0x00, 0x01, 0x00, 0x4B, 0x00, 0x02, 0x00, 0x02, 0x01, 0x9F, 0x00, 0x00, 0x00, 0x1D, 0x00, 0x01,
    0x00, 0x4B, 0x00, 0x02, 0x00, 0x02, 0x01, 0xA0, 0x00, 0x00, 0x00, 0x1C, 0x00, 0x01, 0x00, 0x4B,
    0x00, 0x02, 0x00, 0x02, 0x01, 0xA1, 0x00, 0x00, 0x00, 0x1B, 0x00, 0x01, 0x00, 0x4B, 0x00, 0x02,
    0x00, 0x02, 0x01, 0x9A, 0x00, 0x00, 0x00, 0x1A, 0x00, 0x01, 0x00, 0x4B, 0x00, 0x02, 0x00, 0x02,
    0x01, 0x9B, 0x00, 0x00, 0x00, 0x19, 0x00, 0x01, 0x00, 0x4B, 0x00, 0x02, 0x00, 0x02, 0x01, 0x9E,
    0x00, 0x00, 0x00, 0x18, 0x00, 0x01, 0x00, 0x4B, 0x00, 0x02, 0x00, 0x02, 0x00, 0x03, 0x00, 0x00,
    0x00, 0x21, 0x00, 0x01, 0x00, 0x4A, 0x00, 0x02, 0x00, 0x02, 0x01, 0x96, 0x00, 0x00, 0x00, 0x20,
    0x00, 0x01, 0x00, 0x4A, 0x00, 0x02, 0x00, 0x02, 0x01, 0x97, 0x00, 0x00, 0x00, 0x1F, 0x00, 0x01,
    0x00, 0x4A, 0x00, 0x02, 0x00, 0x02, 0x01, 0x9C, 0x00, 0x00, 0x00, 0x1E, 0x00, 0x01, 0x00, 0x4A,
    0x00, 0x02, 0x00, 0x02, 0x01, 0x9F, 0x00, 0x00, 0x00, 0x1D, 0x00, 0x01, 0x00, 0x4A, 0x00, 0x02,
    0x00, 0x02, 0x01, 0xA0, 0x00, 0x00, 0x00, 0x1C, 0x00, 0x01, 0x00, 0x4A, 0x00, 0x02, 0x00, 0x02,
    0x01, 0xA1, 0x00, 0x00, 0x00, 0x1B, 0x00, 0x01, 0x00, 0x4A, 0x00, 0x02, 0x00, 0x02, 0x01, 0x9A,
    0x00, 0x00, 0x00, 0x1A, 0x00, 0x01, 0x00, 0x4A, 0x00, 0x02, 0x00, 0x02, 0x01, 0x9B, 0x00, 0x00,
    0x00, 0x19, 0x00, 0x01, 0x00, 0x4A, 0x00, 0x02, 0x00, 0x02, 0x01, 0x9E, 0x00, 0x00, 0x00, 0x18,
    0x00, 0x01, 0x00, 0x4A, 0x00, 0x02, 0x00, 0x02, 0x00, 0x03, 0x00, 0x00, 0x00, 0x21, 0x00, 0x01,
    0x00, 0x49, 0x00, 0x02, 0x00, 0x02, 0x01, 0x96, 0x00, 0x00, 0x00, 0x20, 0x00, 0x01, 0x00, 0x49,
    0x00, 0x02, 0x00, 0x02, 0x01, 0x97, 0x00, 0x00, 0x00, 0x1F, 0x00, 0x01, 0x00, 0x49, 0x00, 0x02,
    0x00, 0x02, 0x01, 0x9C, 0x00, 0x00, 0x00, 0x1E, 0x00, 0x01, 0x00, 0x49, 0x00, 0x02, 0x00, 0x02,
    0x01, 0x9F, 0x00, 0x00, 0x00, 0x1D, 0x00, 0x01, 0x00, 0x49, 0x00, 0x02, 0x00, 0x02, 0x01, 0xA0,
    0x00, 0x00, 0x00, 0x1C, 0x00, 0x01, 0x00, 0x49, 0x00, 0x02, 0x00, 0x02, 0x01, 0xA1, 0x00, 0x00,
    0x00, 0x1B, 0x00, 0x01, 0x00, 0x49, 0x00, 0x02, 0x00, 0x02, 0x01, 0x9A, 0x00, 0x00, 0x00, 0x1A,
    0x00, 0x01, 0x00, 0x49, 0x00, 0x02, 0x00, 0x02, 0x01, 0x9B, 0x00, 0x00, 0x00, 0x19, 0x00, 0x01,
    0x00, 0x49, 0x00, 0x02, 0x00, 0x02, 0x01, 0x9E, 0x00, 0x00, 0x00, 0x18, 0x00, 0x01, 0x00, 0x49,
    0x00, 0x02, 0x00, 0x02, 0x00, 0x03, 0x00, 0x00, 0x00, 0x21, 0x00, 0x01, 0x00, 0x48, 0x00, 0x02,
    0x00, 0x02, 0x01, 0x96, 0x00, 0x00, 0x00, 0x20, 0x00, 0x01, 0x00, 0x48, 0x00, 0x02, 0x00, 0x02,
    0x01, 0x97, 0x00, 0x00, 0x00, 0x1F, 0x00, 0x01, 0x00, 0x48, 0x00, 0x02, 0x00, 0x02, 0x01, 0x9C,
    0x00, 0x00, 0x00, 0x1E, 0x00, 0x01, 0x00, 0x48, 0x00, 0x02, 0x00, 0x02, 0x01, 0x9F, 0x00, 0x00,
    0x00, 0x1D, 0x00, 0x01, 0x00, 0x48, 0x00, 0x02, 0x00, 0x02, 0x01, 0xA0, 0x00, 0x00, 0x00, 0x1C,
    0x00, 0x01, 0x00, 0x48, 0x00, 0x02, 0x00, 0x02, 0x01, 0xA1, 0x00, 0x00, 0x00, 0x1B, 0x00, 0x01,
    0x00, 0x48, 0x00, 0x02, 0x00, 0x02, 0x01, 0x9A, 0x00, 0x00, 0x00, 0x1A, 0x00, 0x01, 0x00, 0x48,
    0x00, 0x02, 0x00, 0x02, 0x01, 0x9B, 0x00, 0x00, 0x00, 0x19, 0x00, 0x01, 0x00, 0x48, 0x00, 0x02,
    0x00, 0x02, 0x01, 0x9E, 0x00, 0x00, 0x00, 0x18, 0x00, 0x01, 0x00, 0x48, 0x00, 0x02, 0x00, 0x02,
    0x00, 0x03, 0x00, 0x00, 0x00, 0x21, 0x00, 0x01, 0x00, 0x47, 0x00, 0x02, 0x00, 0x02, 0x01, 0x96,
    0x00, 0x00, 0x00, 0x20, 0x00, 0x01, 0x00, 0x47, 0x00, 0x02, 0x00, 0x02, 0x01, 0x97, 0x00, 0x00,
    0x00, 0x1F, 0x00, 0x01, 0x00, 0x47, 0x00, 0x02, 0x00, 0x02, 0x01, 0x9C, 0x00, 0x00, 0x00, 0x1E,
    0x00, 0x01, 0x00, 0x47, 0x00, 0x02, 0x00, 0x02, 0x01, 0x9F, 0x00, 0x00, 0x00, 0x1D, 0x00, 0x01,
    0x00, 0x47, 0x00, 0x02, 0x00, 0x02, 0x01, 0xA0, 0x00, 0x00, 0x00, 0x1C, 0x00, 0x01, 0x00, 0x47,
    0x00, 0x02, 0x00, 0x02, 0x01, 0xA1, 0x00, 0x00, 0x00, 0x1B, 0x00, 0x01, 0x00, 0x47, 0x00, 0x02,
    0x00, 0x02, 0x01, 0x9A, 0x00, 0x00, 0x00, 0x1A, 0x00, 0x01, 0x00, 0x47, 0x00, 0x02, 0x00, 0x02,
    0x01, 0x9B, 0x00, 0x00, 0x00, 0x19, 0x00, 0x01, 0x00, 0x47, 0x00, 0x02, 0x00, 0x02, 0x01, 0x9E,
    0x00, 0x00, 0x00, 0x18, 0x00, 0x01, 0x00, 0x47, 0x00, 0x02, 0x00, 0x02, 0x00, 0x03, 0x00, 0x00,
    0x00, 0x21, 0x00, 0x01, 0x00, 0x46, 0x00, 0x02, 0x00, 0x02, 0x01, 0x96, 0x00, 0x00, 0x00, 0x20,
    0x00, 0x01, 0x00, 0x46, 0x00, 0x02, 0x00, 0x02, 0x01, 0x97, 0x00, 0x00, 0x00, 0x1F, 0x00, 0x01,
    0x00, 0x46, 0x00, 0x02, 0x00, 0x02, 0x01, 0x9C, 0x00, 0x00, 0x00, 0x1E, 0x00, 0x01, 0x00, 0x46,
    0x00, 0x02, 0x00, 0x02, 0x01, 0x9F, 0x00, 0x00, 0x00, 0x1D, 0x00, 0x01, 0x00, 0x46, 0x00, 0x02,
    0x00, 0x02, 0x01, 0xA0, 0x00, 0x00, 0x00, 0x1C, 0x00, 0x01, 0x00, 0x46, 0x00, 0x02, 0x00, 0x02,
    0x01, 0xA1, 0x00, 0x00, 0x00, 0x1B, 0x00, 0x01, 0x00, 0x46, 0x00, 0x02, 0x00, 0x02, 0x01, 0x9A,
    0x00, 0x00, 0x00, 0x1A, 0x00, 0x01, 0x00, 0x46, 0x00, 0x02, 0x00, 0x02, 0x01, 0x9B, 0x00, 0x00,
    0x00, 0x19, 0x00, 0x01, 0x00, 0x46, 0x00, 0x02, 0x00, 0x02, 0x01, 0x9E, 0x00, 0x00, 0x00, 0x18,
    0x00, 0x01, 0x00, 0x46, 0x00, 0x02, 0x00, 0x02, 0x00, 0x03, 0x00, 0x00, 0x00, 0x21, 0x00, 0x01,
    0x00, 0x45, 0x00, 0x02, 0x00, 0x02, 0x01, 0x96, 0x00, 0x00, 0x00, 0x20, 0x00, 0x01, 0x00, 0x45,
    0x00, 0x02, 0x00, 0x02, 0x01, 0x97, 0x00, 0x00, 0x00, 0x1F, 0x00, 0x01, 0x00, 0x45, 0x00, 0x02,
    0x00, 0x02, 0x01, 0x9C, 0x00, 0x00, 0x00, 0x1E, 0x00, 0x01, 0x00, 0x45, 0x00, 0x02, 0x00, 0x02,
    0x01, 0x9F, 0x00, 0x00, 0x00, 0x1D, 0x00, 0x01, 0x00, 0x45, 0x00, 0x02, 0x00, 0x02, 0x01, 0xA0,
    0x00, 0x00, 0x00, 0x1C, 0x00, 0x01, 0x00, 0x45, 0x00, 0x02, 0x00, 0x02, 0x01, 0xA1, 0x00, 0x00,
    0x00, 0x1B, 0x00, 0x01, 0x00, 0x45, 0x00, 0x02, 0x00, 0x02, 0x01, 0x9A, 0x00, 0x00, 0x00, 0x1A,
    0x00, 0x01, 0x00, 0x45, 0x00, 0x02, 0x00, 0x02, 0x01, 0x9B, 0x00, 0x00, 0x00, 0x19, 0x00, 0x01,
    0x00, 0x45, 0x00, 0x02, 0x00, 0x02, 0x01, 0x9E, 0x00, 0x00, 0x00, 0x18, 0x00, 0x01, 0x00, 0x45,
    0x00, 0x02, 0x00, 0x02, 0x00, 0x03, 0x00, 0x00, 0x00, 0x21, 0x00, 0x01, 0x00, 0x44, 0x00, 0x02,
    0x00, 0x02, 0x01, 0x96, 0x00, 0x00, 0x00, 0x20, 0x00, 0x01, 0x00, 0x44, 0x00, 0x02, 0x00, 0x02,
    0x01, 0x97, 0x00, 0x00, 0x00, 0x1F, 0x00, 0x01, 0x00, 0x44, 0x00, 0x02, 0x00, 0x02, 0x01, 0x9C,
    0x00, 0x00, 0x00, 0x1E, 0x00, 0x01, 0x00, 0x44, 0x00, 0x02, 0x00, 0x02, 0x01, 0x9F, 0x00, 0x00,
    0x00, 0x1D, 0x00, 0x01, 0x00, 0x44, 0x00, 0x02, 0x00, 0x02, 0x01, 0xA0, 0x00, 0x00, 0x00, 0x1C,
    0x00, 0x01, 0x00, 0x44, 0x00, 0x02, 0x00, 0x02, 0x01, 0xA1, 0x00, 0x00, 0x00, 0x1B, 0x00, 0x01,
    0x00, 0x44, 0x00, 0x02, 0x00, 0x02, 0x01, 0x9A, 0x00, 0x00, 0x00, 0x1A, 0x00, 0x01, 0x00, 0x44,
    0x00, 0x02, 0x00, 0x02, 0x01, 0x9B, 0x00, 0x00, 0x00, 0x19, 0x00, 0x01, 0x00, 0x44, 0x00, 0x02,
    0x00, 0x02, 0x01, 0x9E, 0x00, 0x00, 0x00, 0x18, 0x00, 0x01, 0x00, 0x44, 0x00, 0x02, 0x00, 0x02,
    0x00, 0x03, 0x00, 0x00, 0x00, 0x21, 0x00, 0x01, 0x00, 0x43, 0x00, 0x02, 0x00, 0x02, 0x01, 0x96,
    0x00, 0x00, 0x00, 0x20, 0x00, 0x01, 0x00, 0x43, 0x00, 0x02, 0x00, 0x02, 0x01, 0x97, 0x00, 0x00,
    0x00, 0x1F, 0x00, 0x01, 0x00, 0x43, 0x00, 0x02, 0x00, 0x02, 0x01, 0x9C, 0x00, 0x00, 0x00, 0x1E,
    0x00, 0x01, 0x00, 0x43, 0x00, 0x02, 0x00, 0x02, 0x01, 0x9F, 0x00, 0x00, 0x00, 0x1D, 0x00, 0x01,
    0x00, 0x43, 0x00, 0x02, 0x00, 0x02, 0x01, 0xA0, 0x00, 0x00, 0x00, 0x1C, 0x00, 0x01, 0x00, 0x43,
    0x00, 0x02, 0x00, 0x02, 0x01, 0xA1, 0x00, 0x00, 0x00, 0x1B, 0x00, 0x01, 0x00, 0x43, 0x00, 0x02,
    0x00, 0x02, 0x01, 0x9A, 0x00, 0x00, 0x00, 0x1A, 0x00, 0x01, 0x00, 0x43, 0x00, 0x02, 0x00, 0x02,
    0x01, 0x9B, 0x00, 0x00, 0x00, 0x19, 0x00, 0x01, 0x00, 0x43, 0x00, 0x02, 0x00, 0x02, 0x01, 0x9E,
    0x00, 0x00, 0x00, 0x18, 0x00, 0x01, 0x00, 0x43, 0x00, 0x02, 0x00, 0x02, 0x00, 0x03, 0x00, 0x00,
    0x00, 0x21, 0x00, 0x01, 0x00, 0x42, 0x00, 0x02, 0x00, 0x02, 0x01, 0x96, 0x00, 0x00, 0x00, 0x20,
    0x00, 0x01, 0x00, 0x42, 0x00, 0x02, 0x00, 0x02, 0x01, 0x97, 0x00, 0x00, 0x00, 0x1F, 0x00, 0x01,
    0x00, 0x42, 0x00, 0x02, 0x00, 0x02, 0x01, 0x9C, 0x00, 0x00, 0x00, 0x1E, 0x00, 0x01, 0x00, 0x42,
    0x00, 0x02, 0x00, 0x02, 0x01, 0x9F, 0x00, 0x00, 0x00, 0x1D, 0x00, 0x01, 0x00, 0x42, 0x00, 0x02,
    0x00, 0x02, 0x01, 0xA0, 0x00, 0x00, 0x00, 0x1C, 0x00, 0x01, 0x00, 0x42, 0x00, 0x02, 0x00, 0x02,
    0x01, 0xA1, 0x00, 0x00, 0x00, 0x1B, 0x00, 0x01, 0x00, 0x42, 0x00, 0x02, 0x00, 0x02, 0x01, 0x9A,
    0x00, 0x00, 0x00, 0x1A, 0x00, 0x01, 0x00, 0x42, 0x00, 0x02, 0x00, 0x02, 0x01, 0x9B, 0x00, 0x00,
    0x00, 0x19, 0x00, 0x01, 0x00, 0x42, 0x00, 0x02, 0x00, 0x02, 0x01, 0x9E, 0x00, 0x00, 0x00, 0x18,
    0x00, 0x01, 0x00, 0x42, 0x00, 0x02, 0x00, 0x02, 0x00, 0x03, 0x00, 0x00, 0x00, 0x21, 0x00, 0x01,
    0x00, 0x41, 0x00, 0x02, 0x00, 0x02, 0x01, 0x96, 0x00, 0x00, 0x00, 0x20, 0x00, 0x01, 0x00, 0x41,
    0x00, 0x02, 0x00, 0x02, 0x01, 0x97, 0x00, 0x00, 0x00, 0x1F, 0x00, 0x01, 0x00, 0x41, 0x00, 0x02,
    0x00, 0x02, 0x01, 0x9C, 0x00, 0x00, 0x00, 0x1E, 0x00, 0x01, 0x00, 0x41, 0x00, 0x02, 0x00, 0x02,
    0x01, 0x9F, 0x00, 0x00, 0x00, 0x1D, 0x00, 0x01, 0x00, 0x41, 0x00, 0x02, 0x00, 0x02, 0x01, 0xA0,
    0x00, 0x00, 0x00, 0x1C, 0x00, 0x01, 0x00, 0x41, 0x00, 0x02, 0x00, 0x02, 0x01, 0xA1, 0x00, 0x00,
    0x00, 0x1B, 0x00, 0x01, 0x00, 0x41, 0x00, 0x02, 0x00, 0x02, 0x01, 0x9A, 0x00, 0x00, 0x00, 0x1A,
    0x00, 0x01, 0x00, 0x41, 0x00, 0x02, 0x00, 0x02, 0x01, 0x9B, 0x00, 0x00, 0x00, 0x19, 0x00, 0x01,
    0x00, 0x41, 0x00, 0x02, 0x00, 0x02, 0x01, 0x9E, 0x00, 0x00, 0x00, 0x18, 0x00, 0x01, 0x00, 0x41,
    0x00, 0x02, 0x00, 0x02, 0x00, 0x03, 0x00, 0x00, 0x00, 0x21, 0x00, 0x01, 0x00, 0x40, 0x00, 0x02,
    0x00, 0x02, 0x01, 0x96, 0x00, 0x00, 0x00, 0x20, 0x00, 0x01, 0x00, 0x40, 0x00, 0x02, 0x00, 0x02,
    0x01, 0x97, 0x00, 0x00, 0x00, 0x1F, 0x00, 0x01, 0x00, 0x40, 0x00, 0x02, 0x00, 0x02, 0x01, 0x9C,
    0x00, 0x00, 0x00, 0x1E, 0x00, 0x01, 0x00, 0x40, 0x00, 0x02, 0x00, 0x02, 0x01, 0x9F, 0x00, 0x00,
    0x00, 0x1D, 0x00, 0x01, 0x00, 0x40, 0x00, 0x02, 0x00, 0x02, 0x01, 0xA0, 0x00, 0x00, 0x00, 0x1C,
    0x00, 0x01, 0x00, 0x40, 0x00, 0x02, 0x00, 0x02, 0x01, 0xA1, 0x00, 0x00, 0x00, 0x1B, 0x00, 0x01,
    0x00, 0x40, 0x00, 0x02, 0x00, 0x02, 0x01, 0x9A, 0x00, 0x00, 0x00, 0x1A, 0x00, 0x01, 0x00, 0x40,
    0x00, 0x02, 0x00, 0x02, 0x01, 0x9B, 0x00, 0x00, 0x00, 0x19, 0x00, 0x01, 0x00, 0x40, 0x00, 0x02,
    0x00, 0x02, 0x01, 0x9E, 0x00, 0x00, 0x00, 0x18, 0x00, 0x01, 0x00, 0x40, 0x00, 0x02, 0x00, 0x02,
    0x00, 0x03, 0x00, 0x00, 0x00, 0x21, 0x00, 0x01, 0x00, 0x3F, 0x00, 0x02, 0x00, 0x02, 0x01, 0x96,
    0x00, 0x00, 0x00, 0x20, 0x00, 0x01, 0x00, 0x3F, 0x00, 0x02, 0x00, 0x02, 0x01, 0x97, 0x00, 0x00,
    0x00, 0x1F, 0x00, 0x01, 0x00, 0x3F, 0x00, 0x02, 0x00, 0x02, 0x01, 0x9C, 0x00, 0x00, 0x00, 0x1E,
    0x00, 0x01, 0x00, 0x3F, 0x00, 0x02, 0x00, 0x02, 0x01, 0x9F, 0x00, 0x00, 0x00, 0x1D, 0x00, 0x01,
    0x00, 0x3F, 0x00, 0x02, 0x00, 0x02, 0x01, 0xA0, 0x00, 0x00, 0x00, 0x1C, 0x00, 0x01, 0x00, 0x3F,
    0x00, 0x02, 0x00, 0x02, 0x01, 0xA1, 0x00, 0x00, 0x00, 0x1B, 0x00, 0x01, 0x00, 0x3F, 0x00, 0x02,
    0x00, 0x02, 0x01, 0x9A, 0x00, 0x00, 0x00, 0x1A, 0x00, 0x01, 0x00, 0x3F, 0x00, 0x02, 0x00, 0x02,
    0x01, 0x9B, 0x00, 0x00, 0x00, 0x19, 0x00, 0x01, 0x00, 0x3F, 0x00, 0x02, 0x00, 0x02, 0x01, 0x9E,
    0x00, 0x00, 0x00, 0x18, 0x00, 0x01, 0x00, 0x3F, 0x00, 0x02, 0x00, 0x02, 0x00, 0x03, 0x00, 0x00,
    0x00, 0x21, 0x00, 0x01, 0x00, 0x3E, 0x00, 0x02, 0x00, 0x02, 0x01, 0x96, 0x00, 0x00, 0x00, 0x20,
    0x00, 0x01, 0x00, 0x3E, 0x00, 0x02, 0x00, 0x02, 0x01, 0x97, 0x00, 0x00, 0x00, 0x1F, 0x00, 0x01,
    0x00, 0x3E, 0x00, 0x02, 0x00, 0x02, 0x01, 0x9C, 0x00, 0x00, 0x00, 0x1E, 0x00, 0x01, 0x00, 0x3E,
    0x00, 0x02, 0x00, 0x02, 0x01, 0x9F, 0x00, 0x00, 0x00, 0x1D, 0x00, 0x01, 0x00, 0x3E, 0x00, 0x02,
    0x00, 0x02, 0x01, 0xA0, 0x00, 0x00, 0x00, 0x1C, 0x00, 0x01, 0x00, 0x3E, 0x00, 0x02, 0x00, 0x02,
    0x01, 0xA1, 0x00, 0x00, 0x00, 0x1B, 0x00, 0x01, 0x00, 0x3E, 0x00, 0x02, 0x00, 0x02, 0x01, 0x9A,
    0x00, 0x00, 0x00, 0x1A, 0x00, 0x01, 0x00, 0x3E, 0x00, 0x02, 0x00, 0x02, 0x01, 0x9B, 0x00, 0x00,
    0x00, 0x19, 0x00, 0x01, 0x00, 0x3E, 0x00, 0x02, 0x00, 0x02, 0x01, 0x9E, 0x00, 0x00, 0x00, 0x18,
    0x00, 0x01, 0x00, 0x3E, 0x00, 0x02, 0x00, 0x02, 0x00, 0x03, 0x00, 0x00, 0x00, 0x21, 0x00, 0x01,
    0x00, 0x3D, 0x00, 0x02, 0x00, 0x02, 0x01, 0x96, 0x00, 0x00, 0x00, 0x20, 0x00, 0x01, 0x00, 0x3D,
    0x00, 0x02, 0x00, 0x02, 0x01, 0x97, 0x00, 0x00, 0x00, 0x1F, 0x00, 0x01, 0x00, 0x3D, 0x00, 0x02,
    0x00, 0x02, 0x01, 0x9C, 0x00, 0x00, 0x00, 0x1E, 0x00, 0x01, 0x00, 0x3D, 0x00, 0x02, 0x00, 0x02,
    0x01, 0x9F, 0x00, 0x00, 0x00, 0x1D, 0x00, 0x01, 0x00, 0x3D, 0x00, 0x02, 0x00, 0x02, 0x01, 0xA0,
    0x00, 0x00, 0x00, 0x1C, 0x00, 0x01, 0x00, 0x3D, 0x00, 0x02, 0x00, 0x02, 0x01, 0xA1, 0x00, 0x00,
    0x00, 0x1B, 0x00, 0x01, 0x00, 0x3D, 0x00, 0x02, 0x00, 0x02, 0x01, 0x9A, 0x00, 0x00, 0x00, 0x1A,
    0x00, 0x01, 0x00, 0x3D, 0x00, 0x02, 0x00, 0x02, 0x01, 0x9B, 0x00, 0x00, 0x00, 0x19, 0x00, 0x01,
    0x00, 0x3D, 0x00, 0x02, 0x00, 0x02, 0x01, 0x9E, 0x00, 0x00, 0x00, 0x18, 0x00, 0x01, 0x00, 0x3D,
    0x00, 0x02, 0x00, 0x02, 0x00, 0x03, 0x00, 0x00, 0x00, 0x21, 0x00, 0x01, 0x00, 0x3C, 0x00, 0x02,
    0x00, 0x02, 0x01, 0x96, 0x00, 0x00, 0x00, 0x20, 0x00, 0x01, 0x00, 0x3C, 0x00, 0x02, 0x00, 0x02,
    0x01, 0x97, 0x00, 0x00, 0x00, 0x1F, 0x00, 0x01, 0x00, 0x3C, 0x00, 0x02, 0x00, 0x02, 0x01, 0x9C,
    0x00, 0x00, 0x00, 0x1E, 0x00, 0x01, 0x00, 0x3C, 0x00, 0x02, 0x00, 0x02, 0x01, 0x9F, 0x00, 0x00,
    0x00, 0x1D, 0x00, 0x01, 0x00, 0x3C, 0x00, 0x02, 0x00, 0x02, 0x01, 0xA0, 0x00, 0x00, 0x00, 0x1C,
    0x00, 0x01, 0x00, 0x3C, 0x00, 0x02, 0x00, 0x02, 0x01, 0xA1, 0x00, 0x00, 0x00, 0x1B, 0x00, 0x01,
    0x00, 0x3C, 0x00, 0x02, 0x00, 0x02, 0x01, 0x9A, 0x00, 0x00, 0x00, 0x1A, 0x00, 0x01, 0x00, 0x3C,
    0x00, 0x02, 0x00, 0x02, 0x01, 0x9B, 0x00, 0x00, 0x00, 0x19, 0x00, 0x01, 0x00, 0x3C, 0x00, 0x02,
    0x00, 0x02, 0x01, 0x9E, 0x00, 0x00, 0x00, 0x18, 0x00, 0x01, 0x00, 0x3C, 0x00, 0x02, 0x00, 0x02,
    0x00, 0x03, 0x00, 0x00, 0x00, 0x21, 0x00, 0x01, 0x00, 0x3B, 0x00, 0x02, 0x00, 0x02, 0x01, 0x96,
    0x00, 0x00, 0x00, 0x20, 0x00, 0x01, 0x00, 0x3B, 0x00, 0x02, 0x00, 0x02, 0x01, 0x97, 0x00, 0x00,
    0x00, 0x1F, 0x00, 0x01, 0x00, 0x3B, 0x00, 0x02, 0x00, 0x02, 0x01, 0x9C, 0x00, 0x00, 0x00, 0x1E,
    0x00, 0x01, 0x00, 0x3B, 0x00, 0x02, 0x00, 0x02, 0x01, 0x9F, 0x00, 0x00, 0x00, 0x1D, 0x00, 0x01,
    0x00, 0x3B, 0x00, 0x02, 0x00, 0x02, 0x01, 0xA0, 0x00, 0x00, 0x00, 0x1C, 0x00, 0x01, 0x00, 0x3B,
    0x00, 0x02, 0x00, 0x02, 0x01, 0xA1, 0x00, 0x00, 0x00, 0x1B, 0x00, 0x01, 0x00, 0x3B, 0x00, 0x02,
    0x00, 0x02, 0x01, 0x9A, 0x00, 0x00, 0x00, 0x1A, 0x00, 0x01, 0x00, 0x3B, 0x00, 0x02, 0x00, 0x02,
    0x01, 0x9B, 0x00, 0x00, 0x00, 0x19, 0x00, 0x01, 0x00, 0x3B, 0x00, 0x02, 0x00, 0x02, 0x01, 0x9E,
    0x00, 0x00, 0x00, 0x18, 0x00, 0x01, 0x00, 0x3B, 0x00, 0x02, 0x00, 0x02, 0x00, 0x03, 0x00, 0x00,
    0x00, 0x21, 0x00, 0x01, 0x00, 0x96, 0x00, 0x02, 0x00, 0x02, 0x01, 0x96, 0x00, 0x00, 0x00, 0x20,
    0x00, 0x01, 0x00, 0x96, 0x00, 0x02, 0x00, 0x02, 0x01, 0x97, 0x00, 0x00, 0x00, 0x1F, 0x00, 0x01,
    0x00, 0x96, 0x00, 0x02, 0x00, 0x02, 0x01, 0x9C, 0x00, 0x00, 0x00, 0x1E, 0x00, 0x01, 0x00, 0x96,
    0x00, 0x02, 0x00, 0x02, 0x01, 0x9F, 0x00, 0x00, 0x00, 0x1D, 0x00, 0x01, 0x00, 0x96, 0x00, 0x02,
    0x00, 0x02, 0x01, 0xA0, 0x00, 0x00, 0x00, 0x1C, 0x00, 0x01, 0x00, 0x96, 0x00, 0x02, 0x00, 0x02,
    0x01, 0xA1, 0x00, 0x00, 0x00, 0x1B, 0x00, 0x01, 0x00, 0x96, 0x00, 0x02, 0x00, 0x02, 0x01, 0x9A,
    0x00, 0x00, 0x00, 0x1A, 0x00, 0x01, 0x00, 0x96, 0x00, 0x02, 0x00, 0x02, 0x01, 0x9B, 0x00, 0x00,
    0x00, 0x19, 0x00, 0x01, 0x00, 0x96, 0x00, 0x02, 0x00, 0x02, 0x01, 0x9E, 0x00, 0x00, 0x00, 0x18,
    0x00, 0x01, 0x00, 0x96, 0x00, 0x02, 0x00, 0x02, 0x00, 0x03, 0x00, 0x00, 0x00, 0x21, 0x00, 0x01,
    0x00, 0x95, 0x00, 0x02, 0x00, 0x02, 0x01, 0x96, 0x00, 0x00, 0x00, 0x20, 0x00, 0x01, 0x00, 0x95,
    0x00, 0x02, 0x00, 0x02, 0x01, 0x97, 0x00, 0x00, 0x00, 0x1F, 0x00, 0x01, 0x00, 0x95, 0x00, 0x02,
    0x00, 0x02, 0x01, 0x9C, 0x00, 0x00, 0x00, 0x1E, 0x00, 0x01, 0x00, 0x95, 0x00, 0x02, 0x00, 0x02,
    0x01, 0x9F, 0x00, 0x00, 0x00, 0x1D, 0x00, 0x01, 0x00, 0x95, 0x00, 0x02, 0x00, 0x02, 0x01, 0xA0,
    0x00, 0x00, 0x00, 0x1C, 0x00, 0x01, 0x00, 0x95, 0x00, 0x02, 0x00, 0x02, 0x01, 0xA1, 0x00, 0x00,
    0x00, 0x1B, 0x00, 0x01, 0x00, 0x95, 0x00, 0x02, 0x00, 0x02, 0x01, 0x9A, 0x00, 0x00, 0x00, 0x1A,
    0x00, 0x01, 0x00, 0x95, 0x00, 0x02, 0x00, 0x02, 0x01, 0x9B, 0x00, 0x00, 0x00, 0x19, 0x00, 0x01,
    0x00, 0x95, 0x00, 0x02, 0x00, 0x02, 0x01, 0x9E, 0x00, 0x00, 0x00, 0x18, 0x00, 0x01, 0x00, 0x95,
    0x00, 0x02, 0x00, 0x02, 0x00, 0x03, 0x00, 0x00, 0x00, 0x21, 0x00, 0x01, 0x00, 0x94, 0x00, 0x02,
    0x00, 0x02, 0x01, 0x96, 0x00, 0x00, 0x00, 0x20, 0x00, 0x01, 0x00, 0x94, 0x00, 0x02, 0x00, 0x02,
    0x01, 0x97, 0x00, 0x00, 0x00, 0x1F, 0x00, 0x01, 0x00, 0x94, 0x00, 0x02, 0x00, 0x02, 0x01, 0x9C,
    0x00, 0x00, 0x00, 0x1E, 0x00, 0x01, 0x00, 0x94, 0x00, 0x02, 0x00, 0x02, 0x01, 0x9F, 0x00, 0x00,
    0x00, 0x1D, 0x00, 0x01, 0x00, 0x94, 0x00, 0x02, 0x00, 0x02, 0x01, 0xA0, 0x00, 0x00, 0x00, 0x1C,
    0x00, 0x01, 0x00, 0x94, 0x00, 0x02, 0x00, 0x02, 0x01, 0xA1, 0x00, 0x00, 0x00, 0x1B, 0x00, 0x01,
    0x00, 0x94, 0x00, 0x02, 0x00, 0x02, 0x01, 0x9A, 0x00, 0x00, 0x00, 0x1A, 0x00, 0x01, 0x00, 0x94,
    0x00, 0x02, 0x00, 0x02, 0x01, 0x9B, 0x00, 0x00, 0x00, 0x19, 0x00, 0x01, 0x00, 0x94, 0x00, 0x02,
    0x00, 0x02, 0x01, 0x9E, 0x00, 0x00, 0x00, 0x18, 0x00, 0x01, 0x00, 0x94, 0x00, 0x02, 0x00, 0x02,
    0x00, 0x03, 0x00, 0x00, 0x00, 0x21, 0x00, 0x01, 0x00, 0x93, 0x00, 0x02, 0x00, 0x02, 0x01, 0x96,
    0x00, 0x00, 0x00, 0x20, 0x00, 0x01, 0x00, 0x93, 0x00, 0x02, 0x00, 0x02, 0x01, 0x97, 0x00, 0x00,
    0x00, 0x1F, 0x00, 0x01, 0x00, 0x93, 0x00, 0x02, 0x00, 0x02, 0x01, 0x9C, 0x00, 0x00, 0x00, 0x1E,
    0x00, 0x01, 0x00, 0x93, 0x00, 0x02, 0x00, 0x02, 0x01, 0x9F, 0x00, 0x00, 0x00, 0x1D, 0x00, 0x01,
    0x00, 0x93, 0x00, 0x02, 0x00, 0x02, 0x01, 0xA0, 0x00, 0x00, 0x00, 0x1C, 0x00, 0x01, 0x00, 0x93,
    0x00, 0x02, 0x00, 0x02, 0x01, 0xA1, 0x00, 0x00, 0x00, 0x1B, 0x00, 0x01, 0x00, 0x93, 0x00, 0x02,
    0x00, 0x02, 0x01, 0x9A, 0x00, 0x00, 0x00, 0x1A, 0x00, 0x01, 0x00, 0x93, 0x00, 0x02, 0x00, 0x02,
    0x01, 0x9B, 0x00, 0x00, 0x00, 0x19, 0x00, 0x01, 0x00, 0x93, 0x00, 0x02, 0x00, 0x02, 0x01, 0x9E,
    0x00, 0x00, 0x00, 0x18, 0x00, 0x01, 0x00, 0x93, 0x00, 0x02, 0x00, 0x02, 0x00, 0x03, 0x00, 0x00,
    0x00, 0x21, 0x00, 0x01, 0x00, 0x92, 0x00, 0x02, 0x00, 0x02, 0x01, 0x96, 0x00, 0x00, 0x00, 0x20,
    0x00, 0x01, 0x00, 0x92, 0x00, 0x02, 0x00, 0x02, 0x01, 0x97, 0x00, 0x00, 0x00, 0x1F, 0x00, 0x01,
    0x00, 0x92, 0x00, 0x02, 0x00, 0x02, 0x01, 0x9C, 0x00, 0x00, 0x00, 0x1E, 0x00, 0x01, 0x00, 0x92,
    0x00, 0x02, 0x00, 0x02, 0x01, 0x9F, 0x00, 0x00, 0x00, 0x1D, 0x00, 0x01, 0x00, 0x92, 0x00, 0x02,
    0x00, 0x02, 0x01, 0xA0, 0x00, 0x00, 0x00, 0x1C, 0x00, 0x01, 0x00, 0x92, 0x00, 0x02, 0x00, 0x02,
    0x01, 0xA1, 0x00, 0x00, 0x00, 0x1B, 0x00, 0x01, 0x00, 0x92, 0x00, 0x02, 0x00, 0x02, 0x01, 0x9A,
    0x00, 0x00, 0x00, 0x1A, 0x00, 0x01, 0x00, 0x92, 0x00, 0x02, 0x00, 0x02, 0x01, 0x9B, 0x00, 0x00,
    0x00, 0x19, 0x00, 0x01, 0x00, 0x92, 0x00, 0x02, 0x00, 0x02, 0x01, 0x9E, 0x00, 0x00, 0x00, 0x18,
    0x00, 0x01, 0x00, 0x92, 0x00, 0x02, 0x00, 0x02, 0x00, 0x03, 0x00, 0x00, 0x00, 0x21, 0x00, 0x01,
    0x00, 0x91, 0x00, 0x02, 0x00, 0x02, 0x01, 0x96, 0x00, 0x00, 0x00, 0x20, 0x00, 0x01, 0x00, 0x91,
    0x00, 0x02, 0x00, 0x02, 0x01, 0x97, 0x00, 0x00, 0x00, 0x1F, 0x00, 0x01, 0x00, 0x91, 0x00, 0x02,
    0x00, 0x02, 0x01, 0x9C, 0x00, 0x00, 0x00, 0x1E, 0x00, 0x01, 0x00, 0x91, 0x00, 0x02, 0x00, 0x02,
    0x01, 0x9F, 0x00, 0x00, 0x00, 0x1D, 0x00, 0x01, 0x00, 0x91, 0x00, 0x02, 0x00, 0x02, 0x01, 0xA0,
    0x00, 0x00, 0x00, 0x1C, 0x00, 0x01, 0x00, 0x91, 0x00, 0x02, 0x00, 0x02, 0x01, 0xA1, 0x00, 0x00,
    0x00, 0x1B, 0x00, 0x01, 0x00, 0x91, 0x00, 0x02, 0x00, 0x02, 0x01, 0x9A, 0x00, 0x00, 0x00, 0x1A,
    0x00, 0x01, 0x00, 0x91, 0x00, 0x02, 0x00, 0x02, 0x01, 0x9B, 0x00, 0x00, 0x00, 0x19, 0x00, 0x01,
    0x00, 0x91, 0x00, 0x02, 0x00, 0x02, 0x01, 0x9E, 0x00, 0x00, 0x00, 0x18, 0x00, 0x01, 0x00, 0x91,
    0x00, 0x02, 0x00, 0x02, 0x00, 0x03, 0x00, 0x00, 0x00, 0x21, 0x00, 0x01, 0x00, 0x90, 0x00, 0x02,
    0x00, 0x02, 0x01, 0x96, 0x00, 0x00, 0x00, 0x20, 0x00, 0x01, 0x00, 0x90, 0x00, 0x02, 0x00, 0x02,
    0x01, 0x97, 0x00, 0x00, 0x00, 0x1F, 0x00, 0x01, 0x00, 0x90, 0x00, 0x02, 0x00, 0x02, 0x01, 0x9C,
    0x00, 0x00, 0x00, 0x1E, 0x00, 0x01, 0x00, 0x90, 0x00, 0x02, 0x00, 0x02, 0x01, 0x9F, 0x00, 0x00,
    0x00, 0x1D, 0x00, 0x01, 0x00, 0x90, 0x00, 0x02, 0x00, 0x02, 0x01, 0xA0, 0x00, 0x00, 0x00, 0x1C,
    0x00, 0x01, 0x00, 0x90, 0x00, 0x02, 0x00, 0x02, 0x01, 0xA1, 0x00, 0x00, 0x00, 0x1B, 0x00, 0x01,
    0x00, 0x90, 0x00, 0x02, 0x00, 0x02, 0x01, 0x9A, 0x00, 0x00, 0x00, 0x1A, 0x00, 0x01, 0x00, 0x90,
    0x00, 0x02, 0x00, 0x02, 0x01, 0x9B, 0x00, 0x00, 0x00, 0x19, 0x00, 0x01, 0x00, 0x90, 0x00, 0x02,
    0x00, 0x02, 0x01, 0x9E, 0x00, 0x00, 0x00, 0x18, 0x00, 0x01, 0x00, 0x90, 0x00, 0x02, 0x00, 0x02,
    0x00, 0x03, 0x00, 0x00, 0x00, 0x21, 0x00, 0x01, 0x00, 0x8F, 0x00, 0x02, 0x00, 0x02, 0x01, 0x96,
    0x00, 0x00, 0x00, 0x20, 0x00, 0x01, 0x00, 0x8F, 0x00, 0x02, 0x00, 0x02, 0x01, 0x97, 0x00, 0x00,
    0x00, 0x1F, 0x00, 0x01, 0x00, 0x8F, 0x00, 0x02, 0x00, 0x02, 0x01, 0x9C, 0x00, 0x00, 0x00, 0x1E,
    0x00, 0x01, 0x00, 0x8F, 0x00, 0x02, 0x00, 0x02, 0x01, 0x9F, 0x00, 0x00, 0x00, 0x1D, 0x00, 0x01,
    0x00, 0x8F, 0x00, 0x02, 0x00, 0x02, 0x01, 0xA0, 0x00, 0x00, 0x00, 0x1C, 0x00, 0x01, 0x00, 0x8F,
    0x00, 0x02, 0x00, 0x02, 0x01, 0xA1, 0x00, 0x00, 0x00, 0x1B, 0x00, 0x01, 0x00, 0x8F, 0x00, 0x02,
    0x00, 0x02, 0x01, 0x9A, 0x00, 0x00, 0x00, 0x1A, 0x00, 0x01, 0x00, 0x8F, 0x00, 0x02, 0x00, 0x02,
    0x01, 0x9B, 0x00, 0x00, 0x00, 0x19, 0x00, 0x01, 0x00, 0x8F, 0x00, 0x02, 0x00, 0x02, 0x01, 0x9E,
    0x00, 0x00, 0x00, 0x18, 0x00, 0x01, 0x00, 0x8F, 0x00, 0x02, 0x00, 0x02, 0x00, 0x03, 0x00, 0x00,
    0x00, 0x21, 0x00, 0x01, 0x00, 0x8E, 0x00, 0x02, 0x00, 0x02, 0x01, 0x96, 0x00, 0x00, 0x00, 0x20,
    0x00, 0x01, 0x00, 0x8E, 0x00, 0x02, 0x00, 0x02, 0x01, 0x97, 0x00, 0x00, 0x00, 0x1F, 0x00, 0x01,
    0x00, 0x8E, 0x00, 0x02, 0x00, 0x02, 0x01, 0x9C, 0x00, 0x00, 0x00, 0x1E, 0x00, 0x01, 0x00, 0x8E,
    0x00, 0x02, 0x00, 0x02, 0x01, 0x9F, 0x00, 0x00, 0x00, 0x1D, 0x00, 0x01, 0x00, 0x8E, 0x00, 0x02,
    0x00, 0x02, 0x01, 0xA0, 0x00, 0x00, 0x00, 0x1C, 0x00, 0x01, 0x00, 0x8E, 0x00, 0x02, 0x00, 0x02,
    0x01, 0xA1, 0x00, 0x00, 0x00, 0x1B, 0x00, 0x01, 0x00, 0x8E, 0x00, 0x02, 0x00, 0x02, 0x01, 0x9A,
    0x00, 0x00, 0x00, 0x1A, 0x00, 0x01, 0x00, 0x8E, 0x00, 0x02, 0x00, 0x02, 0x01, 0x9B, 0x00, 0x00,
    0x00, 0x19, 0x00, 0x01, 0x00, 0x8E, 0x00, 0x02, 0x00, 0x02, 0x01, 0x9E, 0x00, 0x00, 0x00, 0x18,
    0x00, 0x01, 0x00, 0x8E, 0x00, 0x02, 0x00, 0x02, 0x00, 0x03, 0x00, 0x00, 0x00, 0x21, 0x00, 0x01,
    0x00, 0x8D, 0x00, 0x02, 0x00, 0x02, 0x01, 0x96, 0x00, 0x00, 0x00, 0x20, 0x00, 0x01, 0x00, 0x8D,
    0x00, 0x02, 0x00, 0x02, 0x01, 0x97, 0x00, 0x00, 0x00, 0x1F, 0x00, 0x01, 0x00, 0x8D, 0x00, 0x02,
    0x00, 0x02, 0x01, 0x9C, 0x00, 0x00, 0x00, 0x1E, 0x00, 0x01, 0x00, 0x8D, 0x00, 0x02, 0x00, 0x02,
    0x01, 0x9F, 0x00, 0x00, 0x00, 0x1D, 0x00, 0x01, 0x00, 0x8D, 0x00, 0x02, 0x00, 0x02, 0x01, 0xA0,
    0x00, 0x00, 0x00, 0x1C, 0x00, 0x01, 0x00, 0x8D, 0x00, 0x02, 0x00, 0x02, 0x01, 0xA1, 0x00, 0x00,
    0x00, 0x1B, 0x00, 0x01, 0x00, 0x8D, 0x00, 0x02, 0x00, 0x02, 0x01, 0x9A, 0x00, 0x00, 0x00, 0x1A,
    0x00, 0x01, 0x00, 0x8D, 0x00, 0x02, 0x00, 0x02, 0x01, 0x9B, 0x00, 0x00, 0x00, 0x19, 0x00, 0x01,
    0x00, 0x8D, 0x00, 0x02, 0x00, 0x02, 0x01, 0x9E, 0x00, 0x00, 0x00, 0x18, 0x00, 0x01, 0x00, 0x8D,
    0x00, 0x02, 0x00, 0x02, 0x00, 0x03, 0x00, 0x00, 0x00, 0x21, 0x00, 0x01, 0x00, 0x8C, 0x00, 0x02,
    0x00, 0x02, 0x01, 0x96, 0x00, 0x00, 0x00, 0x20, 0x00, 0x01, 0x00, 0x8C, 0x00, 0x02, 0x00, 0x02,
    0x01, 0x97, 0x00, 0x00, 0x00, 0x1F, 0x00, 0x01, 0x00, 0x8C, 0x00, 0x02, 0x00, 0x02, 0x01, 0x9C,
    0x00, 0x00, 0x00, 0x1E, 0x00, 0x01, 0x00, 0x8C, 0x00, 0x02, 0x00, 0x02, 0x01, 0x9F, 0x00, 0x00,
    0x00, 0x1D, 0x00, 0x01, 0x00, 0x8C, 0x00, 0x02, 0x00, 0x02, 0x01, 0xA0, 0x00, 0x00, 0x00, 0x1C,
    0x00, 0x01, 0x00, 0x8C, 0x00, 0x02, 0x00, 0x02, 0x01, 0xA1, 0x00, 0x00, 0x00, 0x1B, 0x00, 0x01,
    0x00, 0x8C, 0x00, 0x02, 0x00, 0x02, 0x01, 0x9A, 0x00, 0x00, 0x00, 0x1A, 0x00, 0x01, 0x00, 0x8C,
    0x00, 0x02, 0x00, 0x02, 0x01, 0x9B, 0x00, 0x00, 0x00, 0x19, 0x00, 0x01, 0x00, 0x8C, 0x00, 0x02,
    0x00, 0x02, 0x01, 0x9E, 0x00, 0x00, 0x00, 0x18, 0x00, 0x01, 0x00, 0x8C, 0x00, 0x02, 0x00, 0x02,
    0x00, 0x03, 0x00, 0x00, 0x00, 0x21, 0x00, 0x01, 0x00, 0x8B, 0x00, 0x02, 0x00, 0x02, 0x01, 0x96,
    0x00, 0x00, 0x00, 0x20, 0x00, 0x01, 0x00, 0x8B, 0x00, 0x02, 0x00, 0x02, 0x01, 0x97, 0x00, 0x00,
    0x00, 0x1F, 0x00, 0x01, 0x00, 0x8B, 0x00, 0x02, 0x00, 0x02, 0x01, 0x9C, 0x00, 0x00, 0x00, 0x1E,
    0x00, 0x01, 0x00, 0x8B, 0x00, 0x02, 0x00, 0x02, 0x01, 0x9F, 0x00, 0x00, 0x00, 0x1D, 0x00, 0x01,
    0x00, 0x8B, 0x00, 0x02, 0x00, 0x02, 0x01, 0xA0, 0x00, 0x00, 0x00, 0x1C, 0x00, 0x01, 0x00, 0x8B,
    0x00, 0x02, 0x00, 0x02, 0x01, 0xA1, 0x00, 0x00, 0x00, 0x1B, 0x00, 0x01, 0x00, 0x8B, 0x00, 0x02,
    0x00, 0x02, 0x01, 0x9A, 0x00, 0x00, 0x00, 0x1A, 0x00, 0x01, 0x00, 0x8B, 0x00, 0x02, 0x00, 0x02,
    0x01, 0x9B, 0x00, 0x00, 0x00, 0x19, 0x00, 0x01, 0x00, 0x8B, 0x00, 0x02, 0x00, 0x02, 0x01, 0x9E,
    0x00, 0x00, 0x00, 0x18, 0x00, 0x01, 0x00, 0x8B, 0x00, 0x02, 0x00, 0x02, 0x00, 0x03, 0x00, 0x00,
    0x00, 0x21, 0x00, 0x01, 0x00, 0x8A, 0x00, 0x02, 0x00, 0x02, 0x01, 0x96, 0x00, 0x00, 0x00, 0x20,
    0x00, 0x01, 0x00, 0x8A, 0x00, 0x02, 0x00, 0x02, 0x01, 0x97, 0x00, 0x00, 0x00, 0x1F, 0x00, 0x01,
    0x00, 0x8A, 0x00, 0x02, 0x00, 0x02, 0x01, 0x9C, 0x00, 0x00, 0x00, 0x1E, 0x00, 0x01, 0x00, 0x8A,
    0x00, 0x02, 0x00, 0x02, 0x01, 0x9F, 0x00, 0x00, 0x00, 0x1D, 0x00, 0x01, 0x00, 0x8A, 0x00, 0x02,
    0x00, 0x02, 0x01, 0xA0, 0x00, 0x00, 0x00, 0x1C, 0x00, 0x01, 0x00, 0x8A, 0x00, 0x02, 0x00, 0x02,
    0x01, 0xA1, 0x00, 0x00, 0x00, 0x1B, 0x00, 0x01, 0x00, 0x8A, 0x00, 0x02, 0x00, 0x02, 0x01, 0x9A,
    0x00, 0x00, 0x00, 0x1A, 0x00, 0x01, 0x00, 0x8A, 0x00, 0x02, 0x00, 0x02, 0x01, 0x9B, 0x00, 0x00,
    0x00, 0x19, 0x00, 0x01, 0x00, 0x8A, 0x00, 0x02, 0x00, 0x02, 0x01, 0x9E, 0x00, 0x00, 0x00, 0x18,
    0x00, 0x01, 0x00, 0x8A, 0x00, 0x02, 0x00, 0x02, 0x00, 0x03, 0x00, 0x00, 0x00, 0x21, 0x00, 0x01,
    0x00, 0x89, 0x00, 0x02, 0x00, 0x02, 0x01, 0x96, 0x00, 0x00, 0x00, 0x20, 0x00, 0x01, 0x00, 0x89,
    0x00, 0x02, 0x00, 0x02, 0x01, 0x97, 0x00, 0x00, 0x00, 0x1F, 0x00, 0x01, 0x00, 0x89, 0x00, 0x02,
    0x00, 0x02, 0x01, 0x9C, 0x00, 0x00, 0x00, 0x1E, 0x00, 0x01, 0x00, 0x89, 0x00, 0x02, 0x00, 0x02,
    0x01, 0x9F, 0x00, 0x00, 0x00, 0x1D, 0x00, 0x01, 0x00, 0x89, 0x00, 0x02, 0x00, 0x02, 0x01, 0xA0,
    0x00, 0x00, 0x00, 0x1C, 0x00, 0x01, 0x00, 0x89, 0x00, 0x02, 0x00, 0x02, 0x01, 0xA1, 0x00, 0x00,
    0x00, 0x1B, 0x00, 0x01, 0x00, 0x89, 0x00, 0x02, 0x00, 0x02, 0x01, 0x9A, 0x00, 0x00, 0x00, 0x1A,
    0x00, 0x01, 0x00, 0x89, 0x00, 0x02, 0x00, 0x02, 0x01, 0x9B, 0x00, 0x00, 0x00, 0x19, 0x00, 0x01,
    0x00, 0x89, 0x00, 0x02, 0x00, 0x02, 0x01, 0x9E, 0x00, 0x00, 0x00, 0x18, 0x00, 0x01, 0x00, 0x89,
    0x00, 0x02, 0x00, 0x02, 0x00, 0x03, 0x00, 0x00, 0x00, 0x21, 0x00, 0x01, 0x00, 0x88, 0x00, 0x02,
    0x00, 0x02, 0x01, 0x96, 0x00, 0x00, 0x00, 0x20, 0x00, 0x01, 0x00, 0x88, 0x00, 0x02, 0x00, 0x02,
    0x01, 0x97, 0x00, 0x00, 0x00, 0x1F, 0x00, 0x01, 0x00, 0x88, 0x00, 0x02, 0x00, 0x02, 0x01, 0x9C,
    0x00, 0x00, 0x00, 0x1E, 0x00, 0x01, 0x00, 0x88, 0x00, 0x02, 0x00, 0x02, 0x01, 0x9F, 0x00, 0x00,
    0x00, 0x1D, 0x00, 0x01, 0x00, 0x88, 0x00, 0x02, 0x00, 0x02, 0x01, 0xA0, 0x00, 0x00, 0x00, 0x1C,
    0x00, 0x01, 0x00, 0x88, 0x00, 0x02, 0x00, 0x02, 0x01, 0xA1, 0x00, 0x00, 0x00, 0x1B, 0x00, 0x01,
    0x00, 0x88, 0x00, 0x02, 0x00, 0x02, 0x01, 0x9A, 0x00, 0x00, 0x00, 0x1A, 0x00, 0x01, 0x00, 0x88,
    0x00, 0x02, 0x00, 0x02, 0x01, 0x9B, 0x00, 0x00, 0x00, 0x19, 0x00, 0x01, 0x00, 0x88, 0x00, 0x02,
    0x00, 0x02, 0x01, 0x9E, 0x00, 0x00, 0x00, 0x18, 0x00, 0x01, 0x00, 0x88, 0x00, 0x02, 0x00, 0x02,
    0x00, 0x03, 0x00, 0x00, 0x00, 0x21, 0x00, 0x01, 0x00, 0x87, 0x00, 0x02, 0x00, 0x02, 0x01, 0x96,
    0x00, 0x00, 0x00, 0x20, 0x00, 0x01, 0x00, 0x87, 0x00, 0x02, 0x00, 0x02, 0x01, 0x97, 0x00, 0x00,
    0x00, 0x1F, 0x00, 0x01, 0x00, 0x87, 0x00, 0x02, 0x00, 0x02, 0x01, 0x9C, 0x00, 0x00, 0x00, 0x1E,
    0x00, 0x01, 0x00, 0x87, 0x00, 0x02, 0x00, 0x02, 0x01, 0x9F, 0x00, 0x00, 0x00, 0x1D, 0x00, 0x01,
    0x00, 0x87, 0x00, 0x02, 0x00, 0x02, 0x01, 0xA0, 0x00, 0x00, 0x00, 0x1C, 0x00, 0x01, 0x00, 0x87,
    0x00, 0x02, 0x00, 0x02, 0x01, 0xA1, 0x00, 0x00, 0x00, 0x1B, 0x00, 0x01, 0x00, 0x87, 0x00, 0x02,
    0x00, 0x02, 0x01, 0x9A, 0x00, 0x00, 0x00, 0x1A, 0x00, 0x01, 0x00, 0x87, 0x00, 0x02, 0x00, 0x02,
    0x01, 0x9B, 0x00, 0x00, 0x00, 0x19, 0x00, 0x01, 0x00, 0x87, 0x00, 0x02, 0x00, 0x02, 0x01, 0x9E,
    0x00, 0x00, 0x00, 0x18, 0x00, 0x01, 0x00, 0x87, 0x00, 0x02, 0x00, 0x02, 0x00, 0x03, 0x00, 0x00,
    0x00, 0x21, 0x00, 0x01, 0x00, 0x86, 0x00, 0x02, 0x00, 0x02, 0x01, 0x96, 0x00, 0x00, 0x00, 0x20,
    0x00, 0x01, 0x00, 0x86, 0x00, 0x02, 0x00, 0x02, 0x01, 0x97, 0x00, 0x00, 0x00, 0x1F, 0x00, 0x01,
    0x00, 0x86, 0x00, 0x02, 0x00, 0x02, 0x01, 0x9C, 0x00, 0x00, 0x00, 0x1E, 0x00, 0x01, 0x00, 0x86,
    0x00, 0x02, 0x00, 0x02, 0x01, 0x9F, 0x00, 0x00, 0x00, 0x1D, 0x00, 0x01, 0x00, 0x86, 0x00, 0x02,
    0x00, 0x02, 0x01, 0xA0, 0x00, 0x00, 0x00, 0x1C, 0x00, 0x01, 0x00, 0x86, 0x00, 0x02, 0x00, 0x02,
    0x01, 0xA1, 0x00, 0x00, 0x00, 0x1B, 0x00, 0x01, 0x00, 0x86, 0x00, 0x02, 0x00, 0x02, 0x01, 0x9A,
    0x00, 0x00, 0x00, 0x1A, 0x00, 0x01, 0x00, 0x86, 0x00, 0x02, 0x00, 0x02, 0x01, 0x9B, 0x00, 0x00,
    0x00, 0x19, 0x00, 0x01, 0x00, 0x86, 0x00, 0x02, 0x00, 0x02, 0x01, 0x9E, 0x00, 0x00, 0x00, 0x18,
    0x00, 0x01, 0x00, 0x86, 0x00, 0x02, 0x00, 0x02, 0x00, 0x03, 0x00, 0x00, 0x00, 0x21, 0x00, 0x01,
    0x00, 0x85, 0x00, 0x02, 0x00, 0x02, 0x01, 0x96, 0x00, 0x00, 0x00, 0x20, 0x00, 0x01, 0x00, 0x85,
    0x00, 0x02, 0x00, 0x02, 0x01, 0x97, 0x00, 0x00, 0x00, 0x1F, 0x00, 0x01, 0x00, 0x85, 0x00, 0x02,
    0x00, 0x02, 0x01, 0x9C, 0x00, 0x00, 0x00, 0x1E, 0x00, 0x01, 0x00, 0x85, 0x00, 0x02, 0x00, 0x02,
    0x01, 0x9F, 0x00, 0x00, 0x00, 0x1D, 0x00, 0x01, 0x00, 0x85, 0x00, 0x02, 0x00, 0x02, 0x01, 0xA0,
    0x00, 0x00, 0x00, 0x1C, 0x00, 0x01, 0x00, 0x85, 0x00, 0x02, 0x00, 0x02, 0x01, 0xA1, 0x00, 0x00,
    0x00, 0x1B, 0x00, 0x01, 0x00, 0x85, 0x00, 0x02, 0x00, 0x02, 0x01, 0x9A, 0x00, 0x00, 0x00, 0x1A,
    0x00, 0x01, 0x00, 0x85, 0x00, 0x02, 0x00, 0x02, 0x01, 0x9B, 0x00, 0x00, 0x00, 0x19, 0x00, 0x01,
    0x00, 0x85, 0x00, 0x02, 0x00, 0x02, 0x01, 0x9E, 0x00, 0x00, 0x00, 0x18, 0x00, 0x01, 0x00, 0x85,
    0x00, 0x02, 0x00, 0x02, 0x00, 0x03, 0x00, 0x00, 0x00, 0x21, 0x00, 0x01, 0x00, 0x84, 0x00, 0x02,
    0x00, 0x02, 0x01, 0x96, 0x00, 0x00, 0x00, 0x20, 0x00, 0x01, 0x00, 0x84, 0x00, 0x02, 0x00, 0x02,
    0x01, 0x97, 0x00, 0x00, 0x00, 0x1F, 0x00, 0x01, 0x00, 0x84, 0x00, 0x02, 0x00, 0x02, 0x01, 0x9C,
    0x00, 0x00, 0x00, 0x1E, 0x00, 0x01, 0x00, 0x84, 0x00, 0x02, 0x00, 0x02, 0x01, 0x9F, 0x00, 0x00,
    0x00, 0x1D, 0x00, 0x01, 0x00, 0x84, 0x00, 0x02, 0x00, 0x02, 0x01, 0xA0, 0x00, 0x00, 0x00, 0x1C,
    0x00, 0x01, 0x00, 0x84, 0x00, 0x02, 0x00, 0x02, 0x01, 0xA1, 0x00, 0x00, 0x00, 0x1B, 0x00, 0x01,
    0x00, 0x84, 0x00, 0x02, 0x00, 0x02, 0x01, 0x9A, 0x00, 0x00, 0x00, 0x1A, 0x00, 0x01, 0x00, 0x84,
    0x00, 0x02, 0x00, 0x02, 0x01, 0x9B, 0x00, 0x00, 0x00, 0x19, 0x00, 0x01, 0x00, 0x84, 0x00, 0x02,
    0x00, 0x02, 0x01, 0x9E, 0x00, 0x00, 0x00, 0x18, 0x00, 0x01, 0x00, 0x84, 0x00, 0x02, 0x00, 0x02,
    0x00, 0x03, 0x00, 0x00, 0x00, 0x21, 0x00, 0x01, 0x00, 0x83, 0x00, 0x02, 0x00, 0x02, 0x01, 0x96,
    0x00, 0x00, 0x00, 0x20, 0x00, 0x01, 0x00, 0x83, 0x00, 0x02, 0x00, 0x02, 0x01, 0x97, 0x00, 0x00,
    0x00, 0x1F, 0x00, 0x01, 0x00, 0x83, 0x00, 0x02, 0x00, 0x02, 0x01, 0x9C, 0x00, 0x00, 0x00, 0x1E,
    0x00, 0x01, 0x00, 0x83, 0x00, 0x02, 0x00, 0x02, 0x01, 0x9F, 0x00, 0x00, 0x00, 0x1D, 0x00, 0x01,
    0x00, 0x83, 0x00, 0x02, 0x00, 0x02, 0x01, 0xA0, 0x00, 0x00, 0x00, 0x1C, 0x00, 0x01, 0x00, 0x83,
    0x00, 0x02, 0x00, 0x02, 0x01, 0xA1, 0x00, 0x00, 0x00, 0x1B, 0x00, 0x01, 0x00, 0x83, 0x00, 0x02,
    0x00, 0x02, 0x01, 0x9A, 0x00, 0x00, 0x00, 0x1A, 0x00, 0x01, 0x00, 0x83, 0x00, 0x02, 0x00, 0x02,
    0x01, 0x9B, 0x00, 0x00, 0x00, 0x19, 0x00, 0x01, 0x00, 0x83, 0x00, 0x02, 0x00, 0x02, 0x01, 0x9E,
    0x00, 0x00, 0x00, 0x18, 0x00, 0x01, 0x00, 0x83, 0x00, 0x02, 0x00, 0x02, 0x00, 0x03, 0x00, 0x00,
    0x00, 0x21, 0x00, 0x01, 0x00, 0x82, 0x00, 0x02, 0x00, 0x02, 0x01, 0x96, 0x00, 0x00, 0x00, 0x20,
    0x00, 0x01, 0x00, 0x82, 0x00, 0x02, 0x00, 0x02, 0x01, 0x97, 0x00, 0x00, 0x00, 0x1F, 0x00, 0x01,
    0x00, 0x82, 0x00, 0x02, 0x00, 0x02, 0x01, 0x9C, 0x00, 0x00, 0x00, 0x1E, 0x00, 0x01, 0x00, 0x82,
    0x00, 0x02, 0x00, 0x02, 0x01, 0x9F, 0x00, 0x00, 0x00, 0x1D, 0x00, 0x01, 0x00, 0x82, 0x00, 0x02,
    0x00, 0x02, 0x01, 0xA0, 0x00, 0x00, 0x00, 0x1C, 0x00, 0x01, 0x00, 0x82, 0x00, 0x02, 0x00, 0x02,
    0x01, 0xA1, 0x00, 0x00, 0x00, 0x1B, 0x00, 0x01, 0x00, 0x82, 0x00, 0x02, 0x00, 0x02, 0x01, 0x9A,
    0x00, 0x00, 0x00, 0x1A, 0x00, 0x01, 0x00, 0x82, 0x00, 0x02, 0x00, 0x02, 0x01, 0x9B, 0x00, 0x00,
    0x00, 0x19, 0x00, 0x01, 0x00, 0x82, 0x00, 0x02, 0x00, 0x02, 0x01, 0x9E, 0x00, 0x00, 0x00, 0x18,
    0x00, 0x01, 0x00, 0x82, 0x00, 0x02, 0x00, 0x02, 0x00, 0x03, 0x00, 0x00, 0x00, 0x21, 0x00, 0x01,
    0x00, 0x81, 0x00, 0x02, 0x00, 0x02, 0x01, 0x96, 0x00, 0x00, 0x00, 0x20, 0x00, 0x01, 0x00, 0x81,
    0x00, 0x02, 0x00, 0x02, 0x01, 0x97, 0x00, 0x00, 0x00, 0x1F, 0x00, 0x01, 0x00, 0x81, 0x00, 0x02,
    0x00, 0x02, 0x01, 0x9C, 0x00, 0x00, 0x00, 0x1E, 0x00, 0x01, 0x00, 0x81, 0x00, 0x02, 0x00, 0x02,
    0x01, 0x9F, 0x00, 0x00, 0x00, 0x1D, 0x00, 0x01, 0x00, 0x81, 0x00, 0x02, 0x00, 0x02, 0x01, 0xA0,
    0x00, 0x00, 0x00, 0x1C, 0x00, 0x01, 0x00, 0x81, 0x00, 0x02, 0x00, 0x02, 0x01, 0xA1, 0x00, 0x00,
    0x00, 0x1B, 0x00, 0x01, 0x00, 0x81, 0x00, 0x02, 0x00, 0x02, 0x01, 0x9A, 0x00, 0x00, 0x00, 0x1A,
    0x00, 0x01, 0x00, 0x81, 0x00, 0x02, 0x00, 0x02, 0x01, 0x9B, 0x00, 0x00, 0x00, 0x19, 0x00, 0x01,
    0x00, 0x81, 0x00, 0x02, 0x00, 0x02, 0x01, 0x9E, 0x00, 0x00, 0x00, 0x18, 0x00, 0x01, 0x00, 0x81,
    0x00, 0x02, 0x00, 0x02, 0x00, 0x03, 0x00, 0x00, 0x00, 0x21, 0x00, 0x01, 0x00, 0x80, 0x00, 0x02,
    0x00, 0x02, 0x01, 0x96, 0x00, 0x00, 0x00, 0x20, 0x00, 0x01, 0x00, 0x80, 0x00, 0x02, 0x00, 0x02,
    0x01, 0x97, 0x00, 0x00, 0x00, 0x1F, 0x00, 0x01, 0x00, 0x80, 0x00, 0x02, 0x00, 0x02, 0x01, 0x9C,
    0x00, 0x00, 0x00, 0x1E, 0x00, 0x01, 0x00, 0x80, 0x00, 0x02, 0x00, 0x02, 0x01, 0x9F, 0x00, 0x00,
    0x00, 0x1D, 0x00, 0x01, 0x00, 0x80, 0x00, 0x02, 0x00, 0x02, 0x01, 0xA0, 0x00, 0x00, 0x00, 0x1C,
    0x00, 0x01, 0x00, 0x80, 0x00, 0x02, 0x00, 0x02, 0x01, 0xA1, 0x00, 0x00, 0x00, 0x1B, 0x00, 0x01,
    0x00, 0x80, 0x00, 0x02, 0x00, 0x02, 0x01, 0x9A, 0x00, 0x00, 0x00, 0x1A, 0x00, 0x01, 0x00, 0x80,
    0x00, 0x02, 0x00, 0x02, 0x01, 0x9B, 0x00, 0x00, 0x00, 0x19, 0x00, 0x01, 0x00, 0x80, 0x00, 0x02,
    0x00, 0x02, 0x01, 0x9E, 0x00, 0x00, 0x00, 0x18, 0x00, 0x01, 0x00, 0x80, 0x00, 0x02, 0x00, 0x02,
    0x00, 0x03, 0x00, 0x00, 0x00, 0x21, 0x00, 0x01, 0x00, 0x7F, 0x00, 0x02, 0x00, 0x02, 0x01, 0x96,
    0x00, 0x00, 0x00, 0x20, 0x00, 0x01, 0x00, 0x7F, 0x00, 0x02, 0x00, 0x02, 0x01, 0x97, 0x00, 0x00,
    0x00, 0x1F, 0x00, 0x01, 0x00, 0x7F, 0x00, 0x02, 0x00, 0x02, 0x01, 0x9C, 0x00, 0x00, 0x00, 0x1E,
    0x00, 0x01, 0x00, 0x7F, 0x00, 0x02, 0x00, 0x02, 0x01, 0x9F, 0x00, 0x00, 0x00, 0x1D, 0x00, 0x01,
    0x00, 0x7F, 0x00, 0x02, 0x00, 0x02, 0x01, 0xA0, 0x00, 0x00, 0x00, 0x1C, 0x00, 0x01, 0x00, 0x7F,
    0x00, 0x02, 0x00, 0x02, 0x01, 0xA1, 0x00, 0x00, 0x00, 0x1B, 0x00, 0x01, 0x00, 0x7F, 0x00, 0x02,
    0x00, 0x02, 0x01, 0x9A, 0x00, 0x00, 0x00, 0x1A, 0x00, 0x01, 0x00, 0x7F, 0x00, 0x02, 0x00, 0x02,
    0x01, 0x9B, 0x00, 0x00, 0x00, 0x19, 0x00, 0x01, 0x00, 0x7F, 0x00, 0x02, 0x00, 0x02, 0x01, 0x9E,
    0x00, 0x00, 0x00, 0x18, 0x00, 0x01, 0x00, 0x7F, 0x00, 0x02, 0x00, 0x02, 0x00, 0x03, 0x00, 0x00,
    0x00, 0x21, 0x00, 0x01, 0x00, 0x7E, 0x00, 0x02, 0x00, 0x02, 0x01, 0x96, 0x00, 0x00, 0x00, 0x20,
    0x00, 0x01, 0x00, 0x7E, 0x00, 0x02, 0x00, 0x02, 0x01, 0x97, 0x00, 0x00, 0x00, 0x1F, 0x00, 0x01,
    0x00, 0x7E, 0x00, 0x02, 0x00, 0x02, 0x01, 0x9C, 0x00, 0x00, 0x00, 0x1E, 0x00, 0x01, 0x00, 0x7E,
    0x00, 0x02, 0x00, 0x02, 0x01, 0x9F, 0x00, 0x00, 0x00, 0x1D, 0x00, 0x01, 0x00, 0x7E, 0x00, 0x02,
    0x00, 0x02, 0x01, 0xA0, 0x00, 0x00, 0x00, 0x1C, 0x00, 0x01, 0x00, 0x7E, 0x00, 0x02, 0x00, 0x02,
    0x01, 0xA1, 0x00, 0x00, 0x00, 0x1B, 0x00, 0x01, 0x00, 0x7E, 0x00, 0x02, 0x00, 0x02, 0x01, 0x9A,
    0x00, 0x00, 0x00, 0x1A, 0x00, 0x01, 0x00, 0x7E, 0x00, 0x02, 0x00, 0x02, 0x01, 0x9B, 0x00, 0x00,
    0x00, 0x19, 0x00, 0x01, 0x00, 0x7E, 0x00, 0x02, 0x00, 0x02, 0x01, 0x9E, 0x00, 0x00, 0x00, 0x18,
    0x00, 0x01, 0x00, 0x7E, 0x00, 0x02, 0x00, 0x02, 0x00, 0x03, 0x00, 0x00, 0x00, 0x21, 0x00, 0x01,
    0x00, 0x7D, 0x00, 0x02, 0x00, 0x02, 0x01, 0x96, 0x00, 0x00, 0x00, 0x20, 0x00, 0x01, 0x00, 0x7D,
    0x00, 0x02, 0x00, 0x02, 0x01, 0x97, 0x00, 0x00, 0x00, 0x1F, 0x00, 0x01, 0x00, 0x7D, 0x00, 0x02,
    0x00, 0x02, 0x01, 0x9C, 0x00, 0x00, 0x00, 0x1E, 0x00, 0x01, 0x00, 0x7D, 0x00, 0x02, 0x00, 0x02,
    0x01, 0x9F, 0x00, 0x00, 0x00, 0x1D, 0x00, 0x01, 0x00, 0x7D, 0x00, 0x02, 0x00, 0x02, 0x01, 0xA0,
    0x00, 0x00, 0x00, 0x1C, 0x00, 0x01, 0x00, 0x7D, 0x00, 0x02, 0x00, 0x02, 0x01, 0xA1, 0x00, 0x00,
    0x00, 0x1B, 0x00, 0x01, 0x00, 0x7D, 0x00, 0x02, 0x00, 0x02, 0x01, 0x9A, 0x00, 0x00, 0x00, 0x1A,
    0x00, 0x01, 0x00, 0x7D, 0x00, 0x02, 0x00, 0x02, 0x01, 0x9B, 0x00, 0x00, 0x00, 0x19, 0x00, 0x01,
    0x00, 0x7D, 0x00, 0x02, 0x00, 0x02, 0x01, 0x9E, 0x00, 0x00, 0x00, 0x18, 0x00, 0x01, 0x00, 0x7D,
    0x00, 0x02, 0x00, 0x02, 0x00, 0x03, 0x00, 0x00, 0x00, 0x21, 0x00, 0x01, 0x00, 0x7C, 0x00, 0x02,
    0x00, 0x02, 0x01, 0x96, 0x00, 0x00, 0x00, 0x20, 0x00, 0x01, 0x00, 0x7C, 0x00, 0x02, 0x00, 0x02,
    0x01, 0x97, 0x00, 0x00, 0x00, 0x1F, 0x00, 0x01, 0x00, 0x7C, 0x00, 0x02, 0x00, 0x02, 0x01, 0x9C,
    0x00, 0x00, 0x00, 0x1E, 0x00, 0x01, 0x00, 0x7C, 0x00, 0x02, 0x00, 0x02, 0x01, 0x9F, 0x00, 0x00,
    0x00, 0x1D, 0x00, 0x01, 0x00, 0x7C, 0x00, 0x02, 0x00, 0x02, 0x01, 0xA0, 0x00, 0x00, 0x00, 0x1C,
    0x00, 0x01, 0x00, 0x7C, 0x00, 0x02, 0x00, 0x02, 0x01, 0xA1, 0x00, 0x00, 0x00, 0x1B, 0x00, 0x01,
    0x00, 0x7C, 0x00, 0x02, 0x00, 0x02, 0x01, 0x9A, 0x00, 0x00, 0x00, 0x1A, 0x00, 0x01, 0x00, 0x7C,
    0x00, 0x02, 0x00, 0x02, 0x01, 0x9B, 0x00, 0x00, 0x00, 0x19, 0x00, 0x01, 0x00, 0x7C, 0x00, 0x02,
    0x00, 0x02, 0x01, 0x9E, 0x00, 0x00, 0x00, 0x18, 0x00, 0x01, 0x00, 0x7C, 0x00, 0x02, 0x00, 0x02,
    0x00, 0x03, 0x00, 0x00, 0x00, 0x21, 0x00, 0x01, 0x00, 0x7B, 0x00, 0x02, 0x00, 0x02, 0x01, 0x96,
    0x00, 0x00, 0x00, 0x20, 0x00, 0x01, 0x00, 0x7B, 0x00, 0x02, 0x00, 0x02, 0x01, 0x97, 0x00, 0x00,
    0x00, 0x1F, 0x00, 0x01, 0x00, 0x7B, 0x00, 0x02, 0x00, 0x02, 0x01, 0x9C, 0x00, 0x00, 0x00, 0x1E,
    0x00, 0x01, 0x00, 0x7B, 0x00, 0x02, 0x00, 0x02, 0x01, 0x9F, 0x00, 0x00, 0x00, 0x1D, 0x00, 0x01,
    0x00, 0x7B, 0x00, 0x02, 0x00, 0x02, 0x01, 0xA0, 0x00, 0x00, 0x00, 0x1C, 0x00, 0x01, 0x00, 0x7B,
    0x00, 0x02, 0x00, 0x02, 0x01, 0xA1, 0x00, 0x00, 0x00, 0x1B, 0x00, 0x01, 0x00, 0x7B, 0x00, 0x02,
    0x00, 0x02, 0x01, 0x9A, 0x00, 0x00, 0x00, 0x1A, 0x00, 0x01, 0x00, 0x7B, 0x00, 0x02, 0x00, 0x02,
    0x01, 0x9B, 0x00, 0x00, 0x00, 0x19, 0x00, 0x01, 0x00, 0x7B, 0x00, 0x02, 0x00, 0x02, 0x01, 0x9E,
    0x00, 0x00, 0x00, 0x18, 0x00, 0x01, 0x00, 0x7B, 0x00, 0x02, 0x00, 0x02, 0x00, 0x03, 0x00, 0x00,
    0x00, 0x21, 0x00, 0x01, 0x00, 0x7A, 0x00, 0x02, 0x00, 0x02, 0x01, 0x96, 0x00, 0x00, 0x00, 0x20,
    0x00, 0x01, 0x00, 0x7A, 0x00, 0x02, 0x00, 0x02, 0x01, 0x97, 0x00, 0x00, 0x00, 0x1F, 0x00, 0x01,
    0x00, 0x7A, 0x00, 0x02, 0x00, 0x02, 0x01, 0x9C, 0x00, 0x00, 0x00, 0x1E, 0x00, 0x01, 0x00, 0x7A,
    0x00, 0x02, 0x00, 0x02, 0x01, 0x9F, 0x00, 0x00, 0x00, 0x1D, 0x00, 0x01, 0x00, 0x7A, 0x00, 0x02,
    0x00, 0x02, 0x01, 0xA0, 0x00, 0x00, 0x00, 0x1C, 0x00, 0x01, 0x00, 0x7A, 0x00, 0x02, 0x00, 0x02,
    0x01, 0xA1, 0x00, 0x00, 0x00, 0x1B, 0x00, 0x01, 0x00, 0x7A, 0x00, 0x02, 0x00, 0x02, 0x01, 0x9A,
    0x00, 0x00, 0x00, 0x1A, 0x00, 0x01, 0x00, 0x7A, 0x00, 0x02, 0x00, 0x02, 0x01, 0x9B, 0x00, 0x00,
    0x00, 0x19, 0x00, 0x01, 0x00, 0x7A, 0x00, 0x02, 0x00, 0x02, 0x01, 0x9E, 0x00, 0x00, 0x00, 0x18,
    0x00, 0x01, 0x00, 0x7A, 0x00, 0x02, 0x00, 0x02, 0x00, 0x03, 0x00, 0x00, 0x00, 0x21, 0x00, 0x01,
    0x00, 0x79, 0x00, 0x02, 0x00, 0x02, 0x01, 0x96, 0x00, 0x00, 0x00, 0x20, 0x00, 0x01, 0x00, 0x79,
    0x00, 0x02, 0x00, 0x02, 0x01, 0x97, 0x00, 0x00, 0x00, 0x1F, 0x00, 0x01, 0x00, 0x79, 0x00, 0x02,
    0x00, 0x02, 0x01, 0x9C, 0x00, 0x00, 0x00, 0x1E, 0x00, 0x01, 0x00, 0x79, 0x00, 0x02, 0x00, 0x02,
    0x01, 0x9F, 0x00, 0x00, 0x00, 0x1D, 0x00, 0x01, 0x00, 0x79, 0x00, 0x02, 0x00, 0x02, 0x01, 0xA0,
    0x00, 0x00, 0x00, 0x1C, 0x00, 0x01, 0x00, 0x79, 0x00, 0x02, 0x00, 0x02, 0x01, 0xA1, 0x00, 0x00,
    0x00, 0x1B, 0x00, 0x01, 0x00, 0x79, 0x00, 0x02, 0x00, 0x02, 0x01, 0x9A, 0x00, 0x00, 0x00, 0x1A,
    0x00, 0x01, 0x00, 0x79, 0x00, 0x02, 0x00, 0x02, 0x01, 0x9B, 0x00, 0x00, 0x00, 0x19, 0x00, 0x01,
    0x00, 0x79, 0x00, 0x02, 0x00, 0x02, 0x01, 0x9E, 0x00, 0x00, 0x00, 0x18, 0x00, 0x01, 0x00, 0x79,
    0x00, 0x02, 0x00, 0x02, 0x00, 0x03, 0x00, 0x00, 0x00, 0x21, 0x00, 0x01, 0x00, 0x78, 0x00, 0x02,
    0x00, 0x02, 0x01, 0x96, 0x00, 0x00, 0x00, 0x20, 0x00, 0x01, 0x00, 0x78, 0x00, 0x02, 0x00, 0x02,
    0x01, 0x97, 0x00, 0x00, 0x00, 0x1F, 0x00, 0x01, 0x00, 0x78, 0x00, 0x02, 0x00, 0x02, 0x01, 0x9C,
    0x00, 0x00, 0x00, 0x1E, 0x00, 0x01, 0x00, 0x78, 0x00, 0x02, 0x00, 0x02, 0x01, 0x9F, 0x00, 0x00,
    0x00, 0x1D, 0x00, 0x01, 0x00, 0x78, 0x00, 0x02, 0x00, 0x02, 0x01, 0xA0, 0x00, 0x00, 0x00, 0x1C,
    0x00, 0x01, 0x00, 0x78, 0x00, 0x02, 0x00, 0x02, 0x01, 0xA1, 0x00, 0x00, 0x00, 0x1B, 0x00, 0x01,
    0x00, 0x78, 0x00, 0x02, 0x00, 0x02, 0x01, 0x9A, 0x00, 0x00, 0x00, 0x1A, 0x00, 0x01, 0x00, 0x78,
    0x00, 0x02, 0x00, 0x02, 0x01, 0x9B, 0x00, 0x00, 0x00, 0x19, 0x00, 0x01, 0x00, 0x78, 0x00, 0x02,
    0x00, 0x02, 0x01, 0x9E, 0x00, 0x00, 0x00, 0x18, 0x00, 0x01, 0x00, 0x78, 0x00, 0x02, 0x00, 0x02,
    0x00, 0x03, 0x00, 0x00, 0x00, 0x21, 0x00, 0x01, 0x00, 0x77, 0x00, 0x02, 0x00, 0x02, 0x01, 0x96,
    0x00, 0x00, 0x00, 0x20, 0x00, 0x01, 0x00, 0x77, 0x00, 0x02, 0x00, 0x02, 0x01, 0x97, 0x00, 0x00,
    0x00, 0x1F, 0x00, 0x01, 0x00, 0x77, 0x00, 0x02, 0x00, 0x02, 0x01, 0x9C, 0x00, 0x00, 0x00, 0x1E,
    0x00, 0x01, 0x00, 0x77, 0x00, 0x02, 0x00, 0x02, 0x01, 0x9F, 0x00, 0x00, 0x00, 0x1D, 0x00, 0x01,
    0x00, 0x77, 0x00, 0x02, 0x00, 0x02, 0x01, 0xA0, 0x00, 0x00, 0x00, 0x1C, 0x00, 0x01, 0x00, 0x77,
    0x00, 0x02, 0x00, 0x02, 0x01, 0xA1, 0x00, 0x00, 0x00, 0x1B, 0x00, 0x01, 0x00, 0x77, 0x00, 0x02,
    0x00, 0x02, 0x01, 0x9A, 0x00, 0x00, 0x00, 0x1A, 0x00, 0x01, 0x00, 0x77, 0x00, 0x02, 0x00, 0x02,
    0x01, 0x9B, 0x00, 0x00, 0x00, 0x19, 0x00, 0x01, 0x00, 0x77, 0x00, 0x02, 0x00, 0x02, 0x01, 0x9E,
    0x00, 0x00, 0x00, 0x18, 0x00, 0x01, 0x00, 0x77, 0x00, 0x02, 0x00, 0x02, 0x00, 0x03, 0x00, 0x00,
    0x00, 0x21, 0x00, 0x01, 0x00, 0x76, 0x00, 0x02, 0x00, 0x02, 0x01, 0x96, 0x00, 0x00, 0x00, 0x20,
    0x00, 0x01, 0x00, 0x76, 0x00, 0x02, 0x00, 0x02, 0x01, 0x97, 0x00, 0x00, 0x00, 0x1F, 0x00, 0x01,
    0x00, 0x76, 0x00, 0x02, 0x00, 0x02, 0x01, 0x9C, 0x00, 0x00, 0x00, 0x1E, 0x00, 0x01, 0x00, 0x76,
    0x00, 0x02, 0x00, 0x02, 0x01, 0x9F, 0x00, 0x00, 0x00, 0x1D, 0x00, 0x01, 0x00, 0x76, 0x00, 0x02,
    0x00, 0x02, 0x01, 0xA0, 0x00, 0x00, 0x00, 0x1C, 0x00, 0x01, 0x00, 0x76, 0x00, 0x02, 0x00, 0x02,
    0x01, 0xA1, 0x00, 0x00, 0x00, 0x1B, 0x00, 0x01, 0x00, 0x76, 0x00, 0x02, 0x00, 0x02, 0x01, 0x9A,
    0x00, 0x00, 0x00, 0x1A, 0x00, 0x01, 0x00, 0x76, 0x00, 0x02, 0x00, 0x02, 0x01, 0x9B, 0x00, 0x00,
    0x00, 0x19, 0x00, 0x01, 0x00, 0x76, 0x00, 0x02, 0x00, 0x02, 0x01, 0x9E, 0x00, 0x00, 0x00, 0x18,
    0x00, 0x01, 0x00, 0x76, 0x00, 0x02, 0x00, 0x02, 0x00, 0x03, 0x00, 0x00, 0x00, 0x21, 0x00, 0x01,
    0x00, 0x75, 0x00, 0x02, 0x00, 0x02, 0x01, 0x96, 0x00, 0x00, 0x00, 0x20, 0x00, 0x01, 0x00, 0x75,
    0x00, 0x02, 0x00, 0x02, 0x01, 0x97, 0x00, 0x00, 0x00, 0x1F, 0x00, 0x01, 0x00, 0x75, 0x00, 0x02,
    0x00, 0x02, 0x01, 0x9C, 0x00, 0x00, 0x00, 0x1E, 0x00, 0x01, 0x00, 0x75, 0x00, 0x02, 0x00, 0x02,
    0x01, 0x9F, 0x00, 0x00, 0x00, 0x1D, 0x00, 0x01, 0x00, 0x75, 0x00, 0x02, 0x00, 0x02, 0x01, 0xA0,
    0x00, 0x00, 0x00, 0x1C, 0x00, 0x01, 0x00, 0x75, 0x00, 0x02, 0x00, 0x02, 0x01, 0xA1, 0x00, 0x00,
    0x00, 0x1B, 0x00, 0x01, 0x00, 0x75, 0x00, 0x02, 0x00, 0x02, 0x01, 0x9A, 0x00, 0x00, 0x00, 0x1A,
    0x00, 0x01, 0x00, 0x75, 0x00, 0x02, 0x00, 0x02, 0x01, 0x9B, 0x00, 0x00, 0x00, 0x19, 0x00, 0x01,
    0x00, 0x75, 0x00, 0x02, 0x00, 0x02, 0x01, 0x9E, 0x00, 0x00, 0x00, 0x18, 0x00, 0x01, 0x00, 0x75,
    0x00, 0x02, 0x00, 0x02, 0x00, 0x03, 0x00, 0x00, 0x00, 0x21, 0x00, 0x01, 0x00, 0x74, 0x00, 0x02,
    0x00, 0x02, 0x01, 0x96, 0x00, 0x00, 0x00, 0x20, 0x00, 0x01, 0x00, 0x74, 0x00, 0x02, 0x00, 0x02,
    0x01, 0x97, 0x00, 0x00, 0x00, 0x1F, 0x00, 0x01, 0x00, 0x74, 0x00, 0x02, 0x00, 0x02, 0x01, 0x9C,
    0x00, 0x00, 0x00, 0x1E, 0x00, 0x01, 0x00, 0x74, 0x00, 0x02, 0x00, 0x02, 0x01, 0x9F, 0x00, 0x00,
    0x00, 0x1D, 0x00, 0x01, 0x00, 0x74, 0x00, 0x02, 0x00, 0x02, 0x01, 0xA0, 0x00, 0x00, 0x00, 0x1C,
    0x00, 0x01, 0x00, 0x74, 0x00, 0x02, 0x00, 0x02, 0x01, 0xA1, 0x00, 0x00, 0x00, 0x1B, 0x00, 0x01,
    0x00, 0x74, 0x00, 0x02, 0x00, 0x02, 0x01, 0x9A, 0x00, 0x00, 0x00, 0x1A, 0x00, 0x01, 0x00, 0x74,
    0x00, 0x02, 0x00, 0x02, 0x01, 0x9B, 0x00, 0x00, 0x00, 0x19, 0x00, 0x01, 0x00, 0x74, 0x00, 0x02,
    0x00, 0x02, 0x01, 0x9E, 0x00, 0x00, 0x00, 0x18, 0x00, 0x01, 0x00, 0x74, 0x00, 0x02, 0x00, 0x02,
    0x00, 0x03, 0x00, 0x00, 0x00, 0x21, 0x00, 0x01, 0x00, 0x73, 0x00, 0x02, 0x00, 0x02, 0x01, 0x96,
    0x00, 0x00, 0x00, 0x20, 0x00, 0x01, 0x00, 0x73, 0x00, 0x02, 0x00, 0x02, 0x01, 0x97, 0x00, 0x00,
    0x00, 0x1F, 0x00, 0x01, 0x00, 0x73, 0x00, 0x02, 0x00, 0x02, 0x01, 0x9C, 0x00, 0x00, 0x00, 0x1E,
    0x00, 0x01, 0x00, 0x73, 0x00, 0x02, 0x00, 0x02, 0x01, 0x9F, 0x00, 0x00, 0x00, 0x1D, 0x00, 0x01,
    0x00, 0x73, 0x00, 0x02, 0x00, 0x02, 0x01, 0xA0, 0x00, 0x00, 0x00, 0x1C, 0x00, 0x01, 0x00, 0x73,
    0x00, 0x02, 0x00, 0x02, 0x01, 0xA1, 0x00, 0x00, 0x00, 0x1B, 0x00, 0x01, 0x00, 0x73, 0x00, 0x02,
    0x00, 0x02, 0x01, 0x9A, 0x00, 0x00, 0x00, 0x1A, 0x00, 0x01, 0x00, 0x73, 0x00, 0x02, 0x00, 0x02,
    0x01, 0x9B, 0x00, 0x00, 0x00, 0x19, 0x00, 0x01, 0x00, 0x73, 0x00, 0x02, 0x00, 0x02, 0x01, 0x9E,
    0x00, 0x00, 0x00, 0x18, 0x00, 0x01, 0x00, 0x73, 0x00, 0x02, 0x00, 0x02, 0x00, 0x03, 0x00, 0x00,
    0x00, 0x21, 0x00, 0x01, 0x00, 0x72, 0x00, 0x02, 0x00, 0x02, 0x01, 0x96, 0x00, 0x00, 0x00, 0x20,
    0x00, 0x01, 0x00, 0x72, 0x00, 0x02, 0x00, 0x02, 0x01, 0x97, 0x00, 0x00, 0x00, 0x1F, 0x00, 0x01,
    0x00, 0x72, 0x00, 0x02, 0x00, 0x02, 0x01, 0x9C, 0x00, 0x00, 0x00, 0x1E, 0x00, 0x01, 0x00, 0x72,
    0x00, 0x02, 0x00, 0x02, 0x01, 0x9F, 0x00, 0x00, 0x00, 0x1D, 0x00, 0x01, 0x00, 0x72, 0x00, 0x02,
    0x00, 0x02, 0x01, 0xA0, 0x00, 0x00, 0x00, 0x1C, 0x00, 0x01, 0x00, 0x72, 0x00, 0x02, 0x00, 0x02,
    0x01, 0xA1, 0x00, 0x00, 0x00, 0x1B, 0x00, 0x01, 0x00, 0x72, 0x00, 0x02, 0x00, 0x02, 0x01, 0x9A,
    0x00, 0x00, 0x00, 0x1A, 0x00, 0x01, 0x00, 0x72, 0x00, 0x02, 0x00, 0x02, 0x01, 0x9B, 0x00, 0x00,
    0x00, 0x19, 0x00, 0x01, 0x00, 0x72, 0x00, 0x02, 0x00, 0x02, 0x01, 0x9E, 0x00, 0x00, 0x00, 0x18,
    0x00, 0x01, 0x00, 0x72, 0x00, 0x02, 0x00, 0x02, 0x00, 0x03, 0x00, 0x00, 0x00, 0x21, 0x00, 0x01,
    0x00, 0x71, 0x00, 0x02, 0x00, 0x02, 0x01, 0x96, 0x00, 0x00, 0x00, 0x20, 0x00, 0x01, 0x00, 0x71,
    0x00, 0x02, 0x00, 0x02, 0x01, 0x97, 0x00, 0x00, 0x00, 0x1F, 0x00, 0x01, 0x00, 0x71, 0x00, 0x02,
    0x00, 0x02, 0x01, 0x9C, 0x00, 0x00, 0x00, 0x1E, 0x00, 0x01, 0x00, 0x71, 0x00, 0x02, 0x00, 0x02,
    0x01, 0x9F, 0x00, 0x00, 0x00, 0x1D, 0x00, 0x01, 0x00, 0x71, 0x00, 0x02, 0x00, 0x02, 0x01, 0xA0,
    0x00, 0x00, 0x00, 0x1C, 0x00, 0x01, 0x00, 0x71, 0x00, 0x02, 0x00, 0x02, 0x01, 0xA1, 0x00, 0x00,
    0x00, 0x1B, 0x00, 0x01, 0x00, 0x71, 0x00, 0x02, 0x00, 0x02, 0x01, 0x9A, 0x00, 0x00, 0x00, 0x1A,
    0x00, 0x01, 0x00, 0x71, 0x00, 0x02, 0x00, 0x02, 0x01, 0x9B, 0x00, 0x00, 0x00, 0x19, 0x00, 0x01,
    0x00, 0x71, 0x00, 0x02, 0x00, 0x02, 0x01, 0x9E, 0x00, 0x00, 0x00, 0x18, 0x00, 0x01, 0x00, 0x71,
    0x00, 0x02, 0x00, 0x02, 0x00, 0x03, 0x00, 0x00, 0x00, 0x21, 0x00, 0x01, 0x00, 0x70, 0x00, 0x02,
    0x00, 0x02, 0x01, 0x96, 0x00, 0x00, 0x00, 0x20, 0x00, 0x01, 0x00, 0x70, 0x00, 0x02, 0x00, 0x02,
    0x01, 0x97, 0x00, 0x00, 0x00, 0x1F, 0x00, 0x01, 0x00, 0x70, 0x00, 0x02, 0x00, 0x02, 0x01, 0x9C,
    0x00, 0x00, 0x00, 0x1E, 0x00, 0x01, 0x00, 0x70, 0x00, 0x02, 0x00, 0x02, 0x01, 0x9F, 0x00, 0x00,
    0x00, 0x1D, 0x00, 0x01, 0x00, 0x70, 0x00, 0x02, 0x00, 0x02, 0x01, 0xA0, 0x00, 0x00, 0x00, 0x1C,
    0x00, 0x01, 0x00, 0x70, 0x00, 0x02, 0x00, 0x02, 0x01, 0xA1, 0x00, 0x00, 0x00, 0x1B, 0x00, 0x01,
    0x00, 0x70, 0x00, 0x02, 0x00, 0x02, 0x01, 0x9A, 0x00, 0x00, 0x00, 0x1A, 0x00, 0x01, 0x00, 0x70,
    0x00, 0x02, 0x00, 0x02, 0x01, 0x9B, 0x00, 0x00, 0x00, 0x19, 0x00, 0x01, 0x00, 0x70, 0x00, 0x02,
    0x00, 0x02, 0x01, 0x9E, 0x00, 0x00, 0x00, 0x18, 0x00, 0x01, 0x00, 0x70, 0x00, 0x02, 0x00, 0x02,
    0x00, 0x03, 0x00, 0x00, 0x00, 0x21, 0x00, 0x01, 0x00, 0x6F, 0x00, 0x02, 0x00, 0x02, 0x01, 0x96,
    0x00, 0x00, 0x00, 0x20, 0x00, 0x01, 0x00, 0x6F, 0x00, 0x02, 0x00, 0x02, 0x01, 0x97, 0x00, 0x00,
    0x00, 0x1F, 0x00, 0x01, 0x00, 0x6F, 0x00, 0x02, 0x00, 0x02, 0x01, 0x9C, 0x00, 0x00, 0x00, 0x1E,
    0x00, 0x01, 0x00, 0x6F, 0x00, 0x02, 0x00, 0x02, 0x01, 0x9F, 0x00, 0x00, 0x00, 0x1D, 0x00, 0x01,
    0x00, 0x6F, 0x00, 0x02, 0x00, 0x02, 0x01, 0xA0, 0x00, 0x00, 0x00, 0x1C, 0x00, 0x01, 0x00, 0x6F,
    0x00, 0x02, 0x00, 0x02, 0x01, 0xA1, 0x00, 0x00, 0x00, 0x1B, 0x00, 0x01, 0x00, 0x6F, 0x00, 0x02,
    0x00, 0x02, 0x01, 0x9A, 0x00, 0x00, 0x00, 0x1A, 0x00, 0x01, 0x00, 0x6F, 0x00, 0x02, 0x00, 0x02,
    0x01, 0x9B, 0x00, 0x00, 0x00, 0x19, 0x00, 0x01, 0x00, 0x6F, 0x00, 0x02, 0x00, 0x02, 0x01, 0x9E,
    0x00, 0x00, 0x00, 0x18, 0x00, 0x01, 0x00, 0x6F, 0x00, 0x02, 0x00, 0x02, 0x00, 0x03, 0x00, 0x00,
    0x00, 0x21, 0x00, 0x01, 0x00, 0x6E, 0x00, 0x02, 0x00, 0x02, 0x01, 0x96, 0x00, 0x00, 0x00, 0x20,
    0x00, 0x01, 0x00, 0x6E, 0x00, 0x02, 0x00, 0x02, 0x01, 0x97, 0x00, 0x00, 0x00, 0x1F, 0x00, 0x01,
    0x00, 0x6E, 0x00, 0x02, 0x00, 0x02, 0x01, 0x9C, 0x00, 0x00, 0x00, 0x1E, 0x00, 0x01, 0x00, 0x6E,
    0x00, 0x02, 0x00, 0x02, 0x01, 0x9F, 0x00, 0x00, 0x00, 0x1D, 0x00, 0x01, 0x00, 0x6E, 0x00, 0x02,
    0x00, 0x02, 0x01, 0xA0, 0x00, 0x00, 0x00, 0x1C, 0x00, 0x01, 0x00, 0x6E, 0x00, 0x02, 0x00, 0x02,
    0x01, 0xA1, 0x00, 0x00, 0x00, 0x1B, 0x00, 0x01, 0x00, 0x6E, 0x00, 0x02, 0x00, 0x02, 0x01, 0x9A,
    0x00, 0x00, 0x00, 0x1A, 0x00, 0x01, 0x00, 0x6E, 0x00, 0x02, 0x00, 0x02, 0x01, 0x9B, 0x00, 0x00,
    0x00, 0x19, 0x00, 0x01, 0x00, 0x6E, 0x00, 0x02, 0x00, 0x02, 0x01, 0x9E, 0x00, 0x00, 0x00, 0x18,
    0x00, 0x01, 0x00, 0x6E, 0x00, 0x02, 0x00, 0x02, 0x00, 0x03, 0x00, 0x00, 0x00, 0x21, 0x00, 0x01,
    0x00, 0x6D, 0x00, 0x02, 0x00, 0x02, 0x01, 0x96, 0x00, 0x00, 0x00, 0x20, 0x00, 0x01, 0x00, 0x6D,
    0x00, 0x02, 0x00, 0x02, 0x01, 0x97, 0x00, 0x00, 0x00, 0x1F, 0x00, 0x01, 0x00, 0x6D, 0x00, 0x02,
    0x00, 0x02, 0x01, 0x9C, 0x00, 0x00, 0x00, 0x1E, 0x00, 0x01, 0x00, 0x6D, 0x00, 0x02, 0x00, 0x02,
    0x01, 0x9F, 0x00, 0x00, 0x00, 0x1D, 0x00, 0x01, 0x00, 0x6D, 0x00, 0x02, 0x00, 0x02, 0x01, 0xA0,
    0x00, 0x00, 0x00, 0x1C, 0x00, 0x01, 0x00, 0x6D, 0x00, 0x02, 0x00, 0x02, 0x01, 0xA1, 0x00, 0x00,
    0x00, 0x1B, 0x00, 0x01, 0x00, 0x6D, 0x00, 0x02, 0x00, 0x02, 0x01, 0x9A, 0x00, 0x00, 0x00, 0x1A,
    0x00, 0x01, 0x00, 0x6D, 0x00, 0x02, 0x00, 0x02, 0x01, 0x9B, 0x00, 0x00, 0x00, 0x19, 0x00, 0x01,
    0x00, 0x6D, 0x00, 0x02, 0x00, 0x02, 0x01, 0x9E, 0x00, 0x00, 0x00, 0x18, 0x00, 0x01, 0x00, 0x6D,
    0x00, 0x02, 0x00, 0x02, 0x00, 0x03, 0x00, 0x00, 0x00, 0x21, 0x00, 0x01, 0x00, 0x6C, 0x00, 0x02,
    0x00, 0x02, 0x01, 0x96, 0x00, 0x00, 0x00, 0x20, 0x00, 0x01, 0x00, 0x6C, 0x00, 0x02, 0x00, 0x02,
    0x01, 0x97, 0x00, 0x00, 0x00, 0x1F, 0x00, 0x01, 0x00, 0x6C, 0x00, 0x02, 0x00, 0x02, 0x01, 0x9C,
    0x00, 0x00, 0x00, 0x1E, 0x00, 0x01, 0x00, 0x6C, 0x00, 0x02, 0x00, 0x02, 0x01, 0x9F, 0x00, 0x00,
    0x00, 0x1D, 0x00, 0x01, 0x00, 0x6C, 0x00, 0x02, 0x00, 0x02, 0x01, 0xA0, 0x00, 0x00, 0x00, 0x1C,
    0x00, 0x01, 0x00, 0x6C, 0x00, 0x02, 0x00, 0x02, 0x01, 0xA1, 0x00, 0x00, 0x00, 0x1B, 0x00, 0x01,
    0x00, 0x6C, 0x00, 0x02, 0x00, 0x02, 0x01, 0x9A, 0x00, 0x00, 0x00, 0x1A, 0x00, 0x01, 0x00, 0x6C,
    0x00, 0x02, 0x00, 0x02, 0x01, 0x9B, 0x00, 0x00, 0x00, 0x19, 0x00, 0x01, 0x00, 0x6C, 0x00, 0x02,
    0x00, 0x02, 0x01, 0x9E, 0x00, 0x00, 0x00, 0x18, 0x00, 0x01, 0x00, 0x6C, 0x00, 0x02, 0x00, 0x02,
    0x00, 0x03, 0x00, 0x00, 0x00, 0x21, 0x00, 0x01, 0x00, 0x6B, 0x00, 0x02, 0x00, 0x02, 0x01, 0x96,
    0x00, 0x00, 0x00, 0x20, 0x00, 0x01, 0x00, 0x6B, 0x00, 0x02, 0x00, 0x02, 0x01, 0x97, 0x00, 0x00,
    0x00, 0x1F, 0x00, 0x01, 0x00, 0x6B, 0x00, 0x02, 0x00, 0x02, 0x01, 0x9C, 0x00, 0x00, 0x00, 0x1E,
    0x00, 0x01, 0x00, 0x6B, 0x00, 0x02, 0x00, 0x02, 0x01, 0x9F, 0x00, 0x00, 0x00, 0x1D, 0x00, 0x01,
    0x00, 0x6B, 0x00, 0x02, 0x00, 0x02, 0x01, 0xA0, 0x00, 0x00, 0x00, 0x1C, 0x00, 0x01, 0x00, 0x6B,
    0x00, 0x02, 0x00, 0x02, 0x01, 0xA1, 0x00, 0x00, 0x00, 0x1B, 0x00, 0x01, 0x00, 0x6B, 0x00, 0x02,
    0x00, 0x02, 0x01, 0x9A, 0x00, 0x00, 0x00, 0x1A, 0x00, 0x01, 0x00, 0x6B, 0x00, 0x02, 0x00, 0x02,
    0x01, 0x9B, 0x00, 0x00, 0x00, 0x19, 0x00, 0x01, 0x00, 0x6B, 0x00, 0x02, 0x00, 0x02, 0x01, 0x9E,
    0x00, 0x00, 0x00, 0x18, 0x00, 0x01, 0x00, 0x6B, 0x00, 0x02, 0x00, 0x02, 0x00, 0x03, 0x00, 0x00,
    0x00, 0x21, 0x00, 0x01, 0x00, 0x6A, 0x00, 0x02, 0x00, 0x02, 0x01, 0x96, 0x00, 0x00, 0x00, 0x20,
    0x00, 0x01, 0x00, 0x6A, 0x00, 0x02, 0x00, 0x02, 0x01, 0x97, 0x00, 0x00, 0x00, 0x1F, 0x00, 0x01,
    0x00, 0x6A, 0x00, 0x02, 0x00, 0x02, 0x01, 0x9C, 0x00, 0x00, 0x00, 0x1E, 0x00, 0x01, 0x00, 0x6A,
    0x00, 0x02, 0x00, 0x02, 0x01, 0x9F, 0x00, 0x00, 0x00, 0x1D, 0x00, 0x01, 0x00, 0x6A, 0x00, 0x02,
    0x00, 0x02, 0x01, 0xA0, 0x00, 0x00, 0x00, 0x1C, 0x00, 0x01, 0x00, 0x6A, 0x00, 0x02, 0x00, 0x02,
    0x01, 0xA1, 0x00, 0x00, 0x00, 0x1B, 0x00, 0x01, 0x00, 0x6A, 0x00, 0x02, 0x00, 0x02, 0x01, 0x9A,
    0x00, 0x00, 0x00, 0x1A, 0x00, 0x01, 0x00, 0x6A, 0x00, 0x02, 0x00, 0x02, 0x01, 0x9B, 0x00, 0x00,
    0x00, 0x19, 0x00, 0x01, 0x00, 0x6A, 0x00, 0x02, 0x00, 0x02, 0x01, 0x9E, 0x00, 0x00, 0x00, 0x18,
    0x00, 0x01, 0x00, 0x6A, 0x00, 0x02, 0x00, 0x02, 0x00, 0x03, 0x00, 0x00, 0x00, 0x21, 0x00, 0x01,
    0x00, 0x69, 0x00, 0x02, 0x00, 0x02, 0x01, 0x96, 0x00, 0x00, 0x00, 0x20, 0x00, 0x01, 0x00, 0x69,
    0x00, 0x02, 0x00, 0x02, 0x01, 0x97, 0x00, 0x00, 0x00, 0x1F, 0x00, 0x01, 0x00, 0x69, 0x00, 0x02,
    0x00, 0x02, 0x01, 0x9C, 0x00, 0x00, 0x00, 0x1E, 0x00, 0x01, 0x00, 0x69, 0x00, 0x02, 0x00, 0x02,
    0x01, 0x9F, 0x00, 0x00, 0x00, 0x1D, 0x00, 0x01, 0x00, 0x69, 0x00, 0x02, 0x00, 0x02, 0x01, 0xA0,
    0x00, 0x00, 0x00, 0x1C, 0x00, 0x01, 0x00, 0x69, 0x00, 0x02, 0x00, 0x02, 0x01, 0xA1, 0x00, 0x00,
    0x00, 0x1B, 0x00, 0x01, 0x00, 0x69, 0x00, 0x02, 0x00, 0x02, 0x01, 0x9A, 0x00, 0x00, 0x00, 0x1A,
    0x00, 0x01, 0x00, 0x69, 0x00, 0x02, 0x00, 0x02, 0x01, 0x9B, 0x00, 0x00, 0x00, 0x19, 0x00, 0x01,
    0x00, 0x69, 0x00, 0x02, 0x00, 0x02, 0x01, 0x9E, 0x00, 0x00, 0x00, 0x18, 0x00, 0x01, 0x00, 0x69,
};
// clang-format on
