/**
 * generated by fontconvert.py
 * name: malayalam_16_regular
 * size: 16
 * mode: 2-bit  compressed: true
 * Command used: fontconvert.py malayalam_16_regular 16 ../builtinFonts/source/NotoSansMalayalam/NotoSansMalayalam-Regular.ttf --no-default-intervals --additional-intervals 0x0D00,0x0D7F --additional-intervals 0x0964,0x0965 --additional-intervals 0x200C,0x200D --additional-intervals 0x25CC,0x25CC --shaping-font ../builtinFonts/source/NotoSansMalayalam/NotoSansMalayalam-Regular.ttf --shaping-scripts malayalam --shaping-layout-symbol malayalamLayout --shaping-layout-header malayalam_layout.h --shaping-layout-font ../builtinFonts/source/NotoSansMalayalam/NotoSansMalayalam-Regular.ttf --2bit --compress --pnum --darken-aa --zopfli --max-group-bytes 16384
 */
#pragma once
#include "EpdFontData.h"

#include "BuiltinShaping.h"
#include "malayalam_layout.h"

static const uint8_t malayalam_16_regularBitmaps[28143] = {
    0xCD, 0x7B, 0x01, 0xC4, 0x36, 0x59, 0x96, 0xDE, 0x53, 0x55, 0xD3, 0x5D, 0x74, 0x91, 0x0A, 0x66,
    0x86, 0x9E, 0xB0, 0x05, 0xC1, 0xEC, 0x0A, 0x05, 0x0B, 0x1B, 0xCB, 0xAD, 0xCE, 0x62, 0x11, 0xA4,
    0xC9, 0xB4, 0x95, 0x81, 0x04, 0x0D, 0x40, 0x07, 0x00, 0xA6, 0xAB, 0x66, 0x83, 0x60, 0x30, 0xBF,
    0x48, 0x00, 0xA4, 0x91, 0x65, 0xF6, 0xFB, 0xC2, 0xB7, 0x08, 0x82, 0xC9, 0x7B, 0x2B, 0x3B, 0x00,
    0x98, 0xDA, 0x5D, 0x11, 0x04, 0x53, 0xB2, 0xC3, 0xCA, 0xF7, 0x63, 0x2A, 0xD9, 0xCA, 0xA6, 0xFE,
    0xAF, 0x6F, 0xDD, 0x93, 0x7A, 0xCE, 0xA9, 0xFB, 0xFE, 0xEF, 0x37, 0xFF, 0xDF, 0x33, 0x6D, 0x26,
    0xC8, 0xED, 0xEF, 0xAF, 0x73, 0xEA, 0x7D, 0xEB, 0xBD, 0x75, 0xCE, 0x39, 0xE7, 0x9C, 0x7B, 0xEE,
    0x39, 0xB7, 0xC3, 0xDB, 0x47, 0xB1, 0xFC, 0x9A, 0x7F, 0xD9, 0xB7, 0xD0, 0x48, 0xE7, 0x64, 0x94,
    0xFA, 0xFC, 0x64, 0x2F, 0x17, 0xFF, 0x30, 0x3B, 0x19, 0xAB, 0x08, 0x00, 0xE1, 0x3F, 0xBA, 0x10,
    0xDC, 0x71, 0x8D, 0xF0, 0xFD, 0xCB, 0xBD, 0x95, 0xAD, 0x94, 0x17, 0x78, 0x1F, 0x28, 0x65, 0x45,
    0x23, 0x3B, 0xDC, 0xE0, 0x71, 0x41, 0x3B, 0x04, 0xD4, 0x63, 0xFA, 0xB7, 0xA3, 0x19, 0x3D, 0xDC,
    0xE0, 0x1E, 0x05, 0xB5, 0x04, 0xE4, 0x32, 0xA1, 0x0E, 0xE8, 0xA5, 0x13, 0x3F, 0x86, 0xE3, 0xFB,
    0xE3, 0x6B, 0x19, 0xDA, 0x88, 0xEC, 0x05, 0x00, 0x54, 0x1B, 0x9C, 0xC0, 0xFB, 0xE1, 0xF8, 0xCA,
    0xFE, 0x0E, 0xDC, 0x09, 0x3F, 0x47, 0xB1, 0xE0, 0xE6, 0x72, 0xD0, 0x57, 0x8F, 0x6F, 0xBB, 0xEC,
    0xD0, 0x57, 0xF2, 0x9D, 0x03, 0x3C, 0x9A, 0xA7, 0x87, 0x1D, 0xA5, 0xC8, 0x0A, 0x78, 0x19, 0x80,
    0x4A, 0x5E, 0x7D, 0x22, 0x2F, 0x0E, 0xBC, 0x03, 0x84, 0x23, 0x54, 0x22, 0x1B, 0x4A, 0x79, 0xF4,
    0x72, 0x2F, 0xFD, 0xD3, 0xBD, 0xA0, 0xD9, 0x10, 0x9A, 0xB1, 0x97, 0x0E, 0xED, 0xE8, 0xC6, 0x62,
    0x29, 0xE7, 0x3A, 0xA0, 0xFD, 0x7C, 0xEE, 0x51, 0x4F, 0xC5, 0x52, 0x6D, 0x10, 0x59, 0x22, 0x6A,
    0x7E, 0xB3, 0x14, 0xF1, 0x61, 0x0B, 0x68, 0xBB, 0x66, 0xD6, 0xBB, 0x10, 0xE0, 0x0A, 0x19, 0x0E,
    0x3A, 0x66, 0x18, 0xDE, 0x91, 0x26, 0xC5, 0xB3, 0x87, 0xC5, 0xF0, 0x1D, 0x0E, 0xF9, 0x66, 0xB8,
    0x87, 0xEB, 0x8C, 0x97, 0x2C, 0xB8, 0xA1, 0x1D, 0x89, 0x57, 0x73, 0xB1, 0xB5, 0x73, 0x3D, 0xE7,
    0x81, 0x73, 0x96, 0x4B, 0x1D, 0xCA, 0xF8, 0xB0, 0x16, 0xC7, 0xBB, 0xFC, 0xF1, 0x4D, 0x26, 0x72,
    0xBC, 0x0B, 0x22, 0x03, 0xFE, 0x04, 0x6D, 0xC4, 0x81, 0xB7, 0xAF, 0x4E, 0xBE, 0x06, 0xF8, 0xD8,
    0x01, 0x27, 0x67, 0x5B, 0xA5, 0x6C, 0xDF, 0xF0, 0x16, 0x01, 0x72, 0xB7, 0x1B, 0x77, 0x6E, 0x00,
    0xAE, 0xFC, 0xA1, 0x1A, 0x81, 0x2B, 0x87, 0x7F, 0x47, 0x16, 0x20, 0xF1, 0x08, 0x91, 0x57, 0x40,
    0x40, 0x3B, 0x28, 0x97, 0xC7, 0x54, 0x23, 0xAE, 0x7C, 0x2E, 0x88, 0x2B, 0x12, 0xA7, 0xA4, 0xFF,
    0x87, 0x48, 0xBC, 0x92, 0x33, 0x87, 0xC4, 0xAD, 0x03, 0x42, 0xDB, 0x25, 0x7E, 0x1D, 0xB2, 0xD0,
    0x0C, 0x89, 0x63, 0xD7, 0x15, 0x5B, 0x3D, 0x1A, 0xCF, 0x9C, 0xE5, 0xE0, 0x79, 0x4C, 0x5C, 0xD7,
    0x4F, 0x7E, 0xAE, 0xC7, 0xC4, 0x77, 0x21, 0x32, 0x34, 0xE3, 0x95, 0x73, 0xBF, 0xA1, 0x1D, 0x71,
    0x33, 0xDC, 0x70, 0x7B, 0xE7, 0x6F, 0x6F, 0xF2, 0xF8, 0x1A, 0xFF, 0x4D, 0xB4, 0xDB, 0xCD, 0x8F,
    0x44, 0x66, 0x5C, 0x47, 0x2F, 0x11, 0x37, 0xE3, 0x9F, 0x74, 0x14, 0x9A, 0xCC, 0xB4, 0xDC, 0x5C,
    0x64, 0x6F, 0x25, 0xA0, 0x8E, 0x77, 0xE2, 0x5F, 0x0A, 0xDF, 0xDD, 0xEE, 0x70, 0x63, 0x2F, 0x43,
    0xBD, 0xA1, 0x9E, 0xBC, 0x2C, 0xE5, 0x8A, 0x6A, 0x96, 0x97, 0x07, 0xC3, 0x28, 0x97, 0x3D, 0x0B,
    0x07, 0x2C, 0x96, 0x80, 0xE7, 0xF0, 0x92, 0x1B, 0x74, 0x2F, 0xD7, 0x03, 0x56, 0x73, 0xA3, 0x2A,
    0xAD, 0xA7, 0x92, 0x42, 0x84, 0x33, 0x8E, 0x32, 0xE9, 0xF0, 0xED, 0xBB, 0xBB, 0x3B, 0xBF, 0xA3,
    0x11, 0x8E, 0x05, 0x3D, 0x41, 0x04, 0xA4, 0x83, 0x8E, 0x80, 0xE7, 0x30, 0x7D, 0xEE, 0x44, 0xC7,
    0x54, 0x9F, 0x90, 0xF3, 0x1C, 0x63, 0x48, 0x7C, 0xC0, 0x4F, 0x4D, 0xBC, 0x72, 0x53, 0xCA, 0xE6,
    0x65, 0x22, 0x4F, 0x72, 0xF0, 0x54, 0x3F, 0xC9, 0x21, 0xF7, 0xF6, 0x8F, 0x8C, 0xB3, 0x76, 0x74,
    0x4B, 0x1E, 0x7A, 0x99, 0x94, 0x3F, 0xD7, 0x35, 0x23, 0xF6, 0xC4, 0xA5, 0x43, 0x3D, 0xA2, 0x97,
    0xDF, 0x33, 0x5E, 0xF5, 0xCE, 0x05, 0xE3, 0x38, 0xDD, 0xC1, 0xEE, 0xDA, 0x8E, 0x77, 0xFB, 0x79,
    0x67, 0x24, 0x26, 0x19, 0x98, 0xCC, 0x93, 0x24, 0xC0, 0x71, 0x49, 0xF2, 0x00, 0xC7, 0x7E, 0x2B,
    0x95, 0x3C, 0x5C, 0x65, 0x83, 0x01, 0xD5, 0x9A, 0x24, 0x84, 0x5C, 0xEE, 0x64, 0x4E, 0x72, 0x22,
    0x6B, 0xD2, 0x25, 0x69, 0xE1, 0x30, 0xE7, 0x35, 0xC9, 0xE6, 0x2A, 0xB1, 0x2F, 0xBE, 0x4B, 0x4F,
    0x3E, 0x97, 0xA5, 0xDD, 0xD5, 0xCF, 0xEE, 0xAE, 0x72, 0x05, 0xEC, 0x35, 0x3F, 0x45, 0xC6, 0x37,
    0x57, 0xF1, 0x20, 0xA6, 0x1D, 0x51, 0xAF, 0x4E, 0x86, 0x3C, 0x78, 0x59, 0x10, 0x0F, 0x9B, 0x80,
    0x8F, 0x79, 0xA0, 0x54, 0xD2, 0x25, 0x66, 0xC7, 0xA5, 0xFF, 0xFD, 0x0D, 0xBD, 0xE3, 0x23, 0x95,
    0x8C, 0x79, 0xC0, 0xC7, 0x68, 0x0E, 0xB6, 0xEE, 0x65, 0x22, 0x37, 0x54, 0xF9, 0x67, 0x46, 0x51,
    0x40, 0xBA, 0xF0, 0x56, 0xE9, 0xDA, 0x6B, 0x5E, 0x48, 0xC5, 0x0F, 0xF4, 0xE5, 0xA8, 0xA4, 0xEB,
    0x57, 0xA3, 0x01, 0xBD, 0xFC, 0xA5, 0x44, 0x28, 0x29, 0x90, 0x7B, 0x79, 0x92, 0xEE, 0x50, 0x6A,
    0xBD, 0xE6, 0x01, 0x74, 0x21, 0x27, 0xD3, 0xA1, 0x80, 0x55, 0x5D, 0x5E, 0xE9, 0xA3, 0x88, 0x51,
    0x2E, 0x87, 0x3A, 0xE1, 0x89, 0xD3, 0x5C, 0x49, 0x5E, 0xC2, 0x49, 0x6F, 0xBE, 0x2A, 0xBE, 0x13,
    0x07, 0x07, 0x4D, 0x39, 0xE1, 0x25, 0xCD, 0x19, 0x3D, 0x51, 0x33, 0x69, 0x44, 0xA2, 0x66, 0xD6,
    0xA6, 0x37, 0x75, 0x56, 0xB2, 0x87, 0x77, 0x01, 0xDF, 0x29, 0x97, 0x40, 0xCD, 0xC0, 0xA4, 0xCC,
    0x82, 0x60, 0x33, 0x9E, 0x61, 0x01, 0x5B, 0xBA, 0xB7, 0xAB, 0x29, 0xBC, 0x5D, 0x61, 0x26, 0x96,
    0x13, 0xAF, 0x6F, 0x70, 0x13, 0x92, 0x0D, 0xBA, 0x40, 0xBB, 0xA3, 0x16, 0x06, 0x95, 0xD1, 0xBD,
    0xDC, 0x8B, 0xF8, 0xB0, 0xF4, 0xF0, 0xD5, 0x52, 0xAC, 0x3B, 0x1C, 0x63, 0x71, 0x20, 0xC0, 0x01,
    0xFA, 0x7A, 0x42, 0x90, 0xEF, 0xC6, 0x6A, 0xAD, 0x82, 0x48, 0x28, 0x44, 0x0E, 0xC0, 0x90, 0xB8,
    0xF5, 0xEF, 0x77, 0x78, 0xF7, 0x1F, 0xAF, 0x6A, 0x97, 0xF5, 0x52, 0xAF, 0x00, 0xFA, 0xB1, 0x94,
    0xC7, 0xBB, 0x07, 0x21, 0xE9, 0x22, 0x5B, 0x02, 0x55, 0xFC, 0x10, 0x5F, 0x97, 0xAE, 0x99, 0xC8,
    0xE0, 0xE4, 0x3A, 0x13, 0x96, 0xC9, 0x2F, 0x81, 0x41, 0x67, 0x69, 0x74, 0x96, 0xA9, 0xD2, 0x59,
    0x06, 0xE8, 0xFA, 0x04, 0xBC, 0x2B, 0x12, 0x3B, 0x5B, 0x67, 0x5B, 0xF5, 0x5E, 0x91, 0x7F, 0x40,
    0xCB, 0x2E, 0xE4, 0xD1, 0xFF, 0x2C, 0xDE, 0xC9, 0x58, 0xAF, 0xA8, 0x64, 0x42, 0xC5, 0x00, 0x5C,
    0x08, 0xAA, 0xB8, 0x39, 0x20, 0x8B, 0x70, 0x12, 0x2E, 0x5F, 0x03, 0x02, 0xE4, 0x3E, 0x46, 0x59,
    0x40, 0x85, 0xEA, 0x94, 0xA1, 0xD8, 0xE0, 0x0E, 0xAE, 0xD4, 0x23, 0x5D, 0x40, 0x9F, 0x10, 0xF7,
    0x1C, 0xE9, 0x2F, 0x44, 0xF2, 0x0D, 0xD1, 0xE1, 0xC2, 0x9F, 0x67, 0xA1, 0x7D, 0x19, 0x38, 0xE1,
    0xC3, 0x56, 0x89, 0x06, 0x7E, 0x99, 0x33, 0x99, 0x10, 0x50, 0x25, 0x2D, 0xB4, 0xF2, 0x22, 0x89,
    0x39, 0x49, 0xBF, 0x8E, 0xF7, 0xF6, 0x2D, 0xBD, 0xD8, 0x99, 0xF3, 0x08, 0x50, 0x2D, 0x44, 0x18,
    0x31, 0x8A, 0x8D, 0x89, 0x44, 0xB1, 0x16, 0x4B, 0x16, 0xC8, 0xE6, 0xF1, 0xC9, 0x82, 0xBD, 0xA5,
    0xFD, 0x12, 0xBB, 0xF4, 0x83, 0xEF, 0xEA, 0x99, 0x04, 0x45, 0xB4, 0x63, 0x3D, 0x19, 0x8D, 0xF5,
    0x58, 0x8F, 0x5F, 0x84, 0x45, 0x34, 0x83, 0x61, 0x3D, 0xDC, 0xDD, 0xC3, 0xE3, 0xFD, 0x82, 0xBE,
    0x1D, 0x9C, 0xC5, 0x87, 0x4B, 0x85, 0x13, 0x53, 0x02, 0x2B, 0xCE, 0x17, 0x88, 0x95, 0xC7, 0x3B,
    0x72, 0xC5, 0x48, 0x41, 0xB1, 0x12, 0xE3, 0xE2, 0x65, 0x94, 0x22, 0x56, 0x4B, 0x33, 0x1A, 0x1F,
    0x32, 0xB9, 0xC1, 0x78, 0x93, 0xE1, 0x37, 0x60, 0xE3, 0x63, 0xE0, 0x1A, 0x09, 0x36, 0x43, 0xE8,
    0x8A, 0xF6, 0x8B, 0x4A, 0xEE, 0xBC, 0xCD, 0xE2, 0x66, 0x94, 0x41, 0x31, 0xDF, 0xC1, 0x28, 0xC0,
    0xCE, 0xC5, 0x4C, 0x65, 0xB0, 0x91, 0xE6, 0xAB, 0x0C, 0xDC, 0x55, 0x06, 0xEE, 0x2A, 0x83, 0x8B,
    0x24, 0x19, 0x84, 0xC4, 0x6F, 0xB5, 0x26, 0xCC, 0x4F, 0x09, 0x93, 0x21, 0xC9, 0xE0, 0x61, 0x49,
    0x32, 0xC8, 0xC3, 0x55, 0x06, 0xF1, 0x2A, 0x83, 0xFE, 0x2A, 0x03, 0x97, 0x64, 0x60, 0x98, 0x52,
    0xD0, 0x27, 0x19, 0x40, 0x92, 0x0C, 0x72, 0xA3, 0xD9, 0xC9, 0x9F, 0x9F, 0x6C, 0xD6, 0xF2, 0x2F,
    0x64, 0x3A, 0x65, 0x90, 0x7D, 0x4C, 0x83, 0x7D, 0x05, 0xDC, 0x58, 0x43, 0x9F, 0x22, 0xA6, 0xD9,
    0x44, 0x2E, 0x8F, 0x7E, 0xBB, 0xB1, 0x8C, 0x6A, 0x43, 0x61, 0x53, 0x9A, 0x7D, 0xD0, 0x51, 0xBC,
    0xDD, 0x4B, 0xFE, 0x59, 0xC5, 0x44, 0x02, 0x26, 0x6D, 0xB3, 0x95, 0xFE, 0x6B, 0x8C, 0x24, 0xF4,
    0x62, 0xB3, 0x98, 0x28, 0x0B, 0x79, 0x96, 0x70, 0xDA, 0x8D, 0x08, 0x65, 0xC0, 0x94, 0xD3, 0xAC,
    0x87, 0x86, 0x5E, 0x6B, 0x1A, 0x6A, 0x36, 0x14, 0xE0, 0x2D, 0x35, 0xBD, 0x5A, 0x92, 0x3B, 0xF0,
    0x24, 0x37, 0xBB, 0x77, 0xC3, 0xEB, 0x7B, 0x3A, 0x81, 0xC7, 0xEB, 0x7B, 0x87, 0x4B, 0x16, 0x35,
    0xD5, 0xB5, 0xFB, 0xC3, 0x25, 0x98, 0xB8, 0x0E, 0xC9, 0xCE, 0x2A, 0x59, 0xAB, 0x19, 0xCD, 0xD5,
    0xDA, 0x32, 0x99, 0x8A, 0x0E, 0xE5, 0xAD, 0xCD, 0xD9, 0x48, 0x96, 0x97, 0x46, 0xB2, 0xBF, 0x34,
    0x92, 0x15, 0xDA, 0x78, 0x6E, 0x8B, 0x36, 0x62, 0x35, 0x37, 0xA3, 0xA1, 0xCF, 0xEC, 0x32, 0x8D,
    0x5A, 0xBA, 0x64, 0x9D, 0xB7, 0x36, 0xEA, 0x65, 0x83, 0x86, 0xDC, 0x01, 0x12, 0xEF, 0x0E, 0xF2,
    0xA2, 0xC6, 0xB0, 0x39, 0x85, 0xA2, 0x72, 0xE9, 0xDF, 0x07, 0x5A, 0xAE, 0x0C, 0xB5, 0x74, 0x22,
    0xA1, 0x8E, 0x38, 0xA4, 0xF8, 0x1E, 0xAD, 0xCB, 0xA3, 0x5C, 0x29, 0xA1, 0x4C, 0x13, 0x59, 0x84,
    0x8B, 0x5E, 0x5D, 0x77, 0x41, 0xCE, 0xE0, 0xF0, 0x8D, 0x87, 0xF5, 0xE0, 0xDF, 0xC2, 0x42, 0x1B,
    0xD3, 0xBB, 0xFA, 0xF4, 0xBE, 0x42, 0xA4, 0xB3, 0x77, 0xD6, 0x4F, 0xFE, 0x7C, 0x6F, 0x3B, 0x56,
    0xE9, 0xDD, 0x28, 0x56, 0x7B, 0xFF, 0xFB, 0xC8, 0x37, 0xA3, 0x81, 0x5A, 0x37, 0x3A, 0x00, 0x04,
    0xA3, 0x85, 0x98, 0xD1, 0x43, 0xCC, 0x68, 0x32, 0x8C, 0x74, 0x7D, 0xE3, 0x4A, 0x1B, 0x53, 0xCF,
    0x44, 0x5F, 0xB1, 0x1A, 0x8D, 0x87, 0xD6, 0x17, 0xA3, 0x93, 0x14, 0x18, 0xAD, 0xA4, 0xCA, 0xE8,
    0x55, 0x4A, 0x8D, 0x66, 0xBF, 0x96, 0xD2, 0x19, 0xD5, 0xA5, 0x44, 0x27, 0xF3, 0x95, 0x6E, 0x79,
    0x58, 0x13, 0xE5, 0xF5, 0x96, 0x85, 0x93, 0xF6, 0xAE, 0x5C, 0xB0, 0x1B, 0xF5, 0x0E, 0xB4, 0x33,
    0xA3, 0x5F, 0x71, 0x67, 0x1C, 0x18, 0x6E, 0x3C, 0xB4, 0x9D, 0xE2, 0x89, 0x0B, 0xC0, 0x5D, 0xF9,
    0x00, 0x7A, 0xE3, 0x44, 0xF1, 0x8B, 0xF2, 0x62, 0xF8, 0x7E, 0xB9, 0xE2, 0xF9, 0x29, 0x73, 0xE0,
    0x3F, 0xA0, 0x5A, 0x8D, 0x23, 0x40, 0x1E, 0xFD, 0x6C, 0x3C, 0x01, 0xA4, 0x3C, 0x69, 0xA1, 0x32,
    0x57, 0x55, 0xDC, 0xE2, 0xD2, 0xAC, 0x48, 0x19, 0x1F, 0x4E, 0x1F, 0x9E, 0xD2, 0x1A, 0x3D, 0xE0,
    0x62, 0xF4, 0xC0, 0x9C, 0xFF, 0x1D, 0x7F, 0xA4, 0x58, 0xFF, 0x5A, 0x7D, 0x97, 0x63, 0x46, 0x63,
    0xC8, 0x0E, 0x37, 0x3B, 0xC0, 0xBD, 0x2B, 0xF0, 0x70, 0x30, 0xA7, 0xB1, 0x5F, 0xD5, 0x63, 0xB0,
    0x79, 0x6C, 0x17, 0x88, 0xFD, 0xB8, 0x08, 0xEA, 0xB9, 0x08, 0xCC, 0x96, 0x1F, 0x25, 0x3E, 0x2C,
    0x77, 0x82, 0x46, 0xA2, 0xC8, 0x9F, 0x6B, 0x40, 0x98, 0x9B, 0x78, 0x5C, 0xF8, 0x8E, 0x57, 0x94,
    0xA5, 0x46, 0x8C, 0x03, 0x6A, 0xA4, 0x38, 0xA0, 0x46, 0x88, 0x03, 0x32, 0x32, 0xC8, 0x01, 0x2D,
    0x22, 0x14, 0xCB, 0xA7, 0x1A, 0x09, 0x8A, 0x45, 0x23, 0xC0, 0x01, 0x45, 0x82, 0x42, 0x7A, 0x3C,
    0xE1, 0x0E, 0xAF, 0xD0, 0x3C, 0xDC, 0xA0, 0x3B, 0xE4, 0x6E, 0x1E, 0x5D, 0x2C, 0xF4, 0x64, 0xCE,
    0x4B, 0x0F, 0xDE, 0x3F, 0xFA, 0x83, 0xA5, 0x92, 0xB5, 0xA4, 0x8F, 0xD2, 0x63, 0x09, 0xF1, 0x19,
    0x32, 0xBF, 0x22, 0xDF, 0x50, 0x8B, 0xE8, 0xEE, 0xF4, 0xC9, 0x8F, 0xCD, 0x84, 0xBE, 0xAB, 0x17,
    0x37, 0x70, 0x8A, 0xB5, 0x07, 0x76, 0xE4, 0x5B, 0x54, 0xAD, 0x84, 0xF0, 0x0B, 0xC0, 0x4E, 0x90,
    0x87, 0x0B, 0xB2, 0xC0, 0xDF, 0x71, 0xD6, 0x6A, 0x71, 0x63, 0xB9, 0xA2, 0xA1, 0x51, 0x2D, 0xF0,
    0xF4, 0x8E, 0x11, 0x9F, 0x02, 0xFD, 0x0E, 0xFC, 0x5D, 0xA8, 0x44, 0x7A, 0x19, 0x50, 0x8F, 0x8D,
    0xE8, 0x2E, 0x76, 0x3B, 0xE3, 0x5A, 0xCB, 0x94, 0x49, 0x43, 0xDA, 0xE8, 0x86, 0x6B, 0x34, 0xBB,
    0x50, 0x79, 0x69, 0xDF, 0x7D, 0xDC, 0x1B, 0x1A, 0xA0, 0x81, 0xEB, 0x82, 0xB6, 0x3B, 0x51, 0x67,
    0x91, 0x49, 0x0E, 0xB4, 0xEE, 0xAE, 0x68, 0x86, 0x6F, 0xDC, 0x45, 0x66, 0xB3, 0xF5, 0x78, 0x4D,
    0xB0, 0xBE, 0x24, 0xBA, 0x7F, 0x74, 0x8C, 0x7F, 0xAA, 0xA8, 0xE8, 0x78, 0x86, 0x96, 0xB2, 0xA1,
    0x91, 0x41, 0xF3, 0x96, 0x0F, 0xC8, 0x03, 0xF3, 0x96, 0xFF, 0x1A, 0xC9, 0x01, 0xF3, 0x96, 0x19,
    0x1E, 0x9A, 0xB7, 0x74, 0x54, 0x0E, 0x4D, 0x13, 0xE8, 0xC1, 0xBC, 0x65, 0x47, 0xBE, 0x43, 0xF3,
    0x16, 0xC8, 0x0A, 0x91, 0x40, 0x64, 0x86, 0xE6, 0x2D, 0xB8, 0xDF, 0xA1, 0x79, 0x0B, 0xE0, 0x3A,
    0x4D, 0x57, 0xC8, 0xF1, 0x6E, 0x08, 0xB9, 0x3D, 0x11, 0xFA, 0x48, 0xA0, 0x91, 0x58, 0xDE, 0xF2,
    0x28, 0x9D, 0xE6, 0x2D, 0x99, 0x44, 0x68, 0xDE, 0x42, 0x19, 0xDB, 0x70, 0x5F, 0x0A, 0xF8, 0x8D,
    0xA0, 0x14, 0x21, 0x38, 0xB4, 0x36, 0xC2, 0x71, 0x35, 0x9E, 0x0F, 0xC0, 0x00, 0x40, 0x80, 0xE2,
    0x06, 0xFC, 0x26, 0xF8, 0xA1, 0xFA, 0x17, 0xDC, 0x21, 0xA5, 0x4F, 0xFE, 0xCB, 0x47, 0xBD, 0x3C,
    0x1B, 0x69, 0x61, 0x8C, 0x1D, 0x6C, 0xB4, 0x94, 0x91, 0x0D, 0x79, 0x7A, 0x10, 0xC3, 0x8A, 0x9D,
    0xE9, 0xA5, 0xA2, 0xF5, 0xC2, 0x6A, 0x04, 0xF0, 0x6E, 0x87, 0x66, 0x04, 0xAD, 0x34, 0x93, 0x1D,
    0xED, 0xC0, 0x5A, 0x04, 0x2A, 0x91, 0xC1, 0x81, 0xA5, 0x08, 0x34, 0x73, 0x3B, 0x3A, 0xB0, 0x12,
    0xC1, 0x95, 0xCF, 0xB6, 0x6B, 0x01, 0xFC, 0x32, 0xA1, 0xB4, 0xFC, 0xE1, 0x8A, 0x36, 0x34, 0x82,
    0x80, 0xAF, 0xA2, 0x5C, 0xEA, 0x99, 0x45, 0x08, 0x4B, 0xDE, 0x37, 0xD6, 0x20, 0xEE, 0xEE, 0xB8,
    0xB6, 0x09, 0x4B, 0x10, 0x89, 0x6C, 0x91, 0xC1, 0xB0, 0x80, 0x76, 0xA7, 0x72, 0x67, 0xAE, 0xF5,
    0xF5, 0xF9, 0x91, 0x93, 0x97, 0x22, 0xF7, 0x82, 0x4B, 0xB5, 0xF8, 0x05, 0xFD, 0xC0, 0x7D, 0xFD,
    0x8C, 0xC6, 0x6A, 0x34, 0x34, 0xD0, 0xD2, 0xA0, 0x7F, 0x98, 0x0E, 0xD8, 0x0E, 0xAD, 0x90, 0x10,
    0x8F, 0x3C, 0xF2, 0x55, 0x34, 0x18, 0x8E, 0x15, 0x3D, 0xC1, 0xE7, 0x3B, 0xA2, 0x6E, 0xFA, 0x7A,
    0xD5, 0x25, 0xE3, 0x28, 0xB7, 0xAD, 0xDF, 0x1F, 0x7A, 0xF8, 0x3B, 0xD9, 0xAA, 0x27, 0x81, 0xD3,
    0xB5, 0x25, 0xA8, 0x3D, 0xC1, 0xCF, 0x5A, 0x10, 0xD1, 0x82, 0x8F, 0x43, 0x3E, 0x00, 0x46, 0x15,
    0xEF, 0xAA, 0x59, 0x0B, 0x22, 0x2A, 0x58, 0x07, 0x6E, 0x6B, 0x57, 0x2A, 0x55, 0x15, 0x99, 0x73,
    0xCB, 0xCB, 0x15, 0xA3, 0x9D, 0xE0, 0x00, 0x41, 0x4F, 0x61, 0x75, 0xAA, 0x5D, 0xB8, 0x2E, 0xAA,
    0xF7, 0x54, 0xAA, 0xCF, 0x76, 0xA0, 0xC8, 0x2D, 0x7F, 0x00, 0xF9, 0x52, 0xF5, 0xDB, 0x5D, 0x3D,
    0x9A, 0x40, 0xDF, 0x7E, 0xB7, 0xDF, 0xDC, 0x35, 0xA3, 0x4F, 0x77, 0x3D, 0x0B, 0x32, 0xFC, 0xAF,
    0x5A, 0x0A, 0x25, 0xA7, 0x47, 0x33, 0x33, 0x43, 0xC9, 0x43, 0x26, 0x73, 0x1E, 0x51, 0x05, 0x35,
    0x37, 0xB9, 0xFF, 0x3F, 0xF1, 0x21, 0x30, 0x13, 0x50, 0x1B, 0x94, 0x3F, 0x13, 0x72, 0xFC, 0xCF,
    0xC9, 0x03, 0xAA, 0x68, 0x01, 0xDE, 0x76, 0x0A, 0xFF, 0x4A, 0x76, 0x9C, 0x9B, 0x05, 0x8E, 0x49,
    0xFD, 0xEE, 0x27, 0xF1, 0x5E, 0x63, 0xAA, 0x6D, 0x19, 0x4A, 0x99, 0x8B, 0xDD, 0xBC, 0x0F, 0xCD,
    0x9F, 0x6E, 0x10, 0x9C, 0x1B, 0x07, 0xB0, 0x9C, 0x67, 0x3E, 0x18, 0xD4, 0xC2, 0x6D, 0xFB, 0xB0,
    0x81, 0x5B, 0x79, 0xDB, 0x41, 0xAC, 0x1A, 0x61, 0xD2, 0x26, 0x82, 0x92, 0x09, 0xE8, 0x6F, 0x70,
    0x77, 0xE2, 0x8D, 0xE2, 0xF6, 0x7C, 0x3B, 0xA4, 0x0D, 0x45, 0x3B, 0xF4, 0xB0, 0x3D, 0xC5, 0x8E,
    0xBE, 0x8B, 0x30, 0xF7, 0xF4, 0x2F, 0x63, 0x19, 0x90, 0x76, 0x16, 0xFC, 0xBD, 0x6D, 0x2E, 0x4A,
    0x99, 0x32, 0x0D, 0x20, 0x2F, 0x0E, 0x54, 0x04, 0xCD, 0xD3, 0xBD, 0x30, 0xF2, 0x55, 0xE6, 0x99,
    0x76, 0x99, 0x6D, 0xCB, 0x37, 0x23, 0xD7, 0x6D, 0xFF, 0x3B, 0x77, 0x9A, 0x31, 0xD8, 0xFE, 0xCC,
    0x2E, 0x5F, 0xA1, 0xC4, 0x1D, 0x05, 0xDD, 0x1F, 0x62, 0xE0, 0xC3, 0x01, 0xF8, 0x44, 0x26, 0xA0,
    0x39, 0x2E, 0x99, 0xC8, 0x8E, 0x4A, 0xEE, 0x65, 0x68, 0x66, 0xB4, 0x13, 0xA7, 0x5F, 0x3C, 0x33,
    0xF2, 0x1D, 0xC8, 0x43, 0x00, 0xF0, 0xF3, 0x17, 0xFD, 0xA2, 0xE7, 0x23, 0xFA, 0xB0, 0xFE, 0x4C,
    0x27, 0xE0, 0x54, 0x36, 0xA9, 0x86, 0xF2, 0x62, 0xC1, 0x3F, 0x83, 0xC6, 0x76, 0xA6, 0xAB, 0x60,
    0xB0, 0x27, 0x26, 0xD0, 0xE8, 0xAF, 0xCA, 0xEF, 0x91, 0x07, 0x62, 0xED, 0x68, 0xEB, 0x03, 0xCB,
    0x1F, 0x3B, 0xA0, 0x58, 0xB5, 0x84, 0x13, 0x2B, 0x7E, 0x09, 0x16, 0x0D, 0x63, 0xFE, 0x46, 0xD5,
    0x59, 0x99, 0x66, 0x40, 0xE4, 0xD2, 0xD5, 0xD8, 0xC2, 0xD5, 0x50, 0xB3, 0xBA, 0x92, 0x49, 0xFF,
    0x52, 0x6C, 0x69, 0xDB, 0x1B, 0x0A, 0xE2, 0x33, 0x2E, 0x38, 0xF9, 0x0D, 0xCD, 0x7E, 0x4E, 0x44,
    0x57, 0x12, 0x13, 0xD5, 0xCD, 0x93, 0x0C, 0x27, 0xD9, 0x6E, 0x68, 0xC6, 0x93, 0x6E, 0x87, 0x72,
    0x3E, 0x09, 0xB7, 0x0A, 0x01, 0x14, 0x1D, 0xCA, 0x44, 0x5C, 0xFB, 0xE4, 0x13, 0x5A, 0x89, 0x24,
    0x34, 0x93, 0xBF, 0x4A, 0x28, 0x50, 0x5D, 0xC9, 0x47, 0x3D, 0x27, 0xFA, 0xD1, 0x8E, 0xC6, 0x40,
    0x00, 0xFC, 0x60, 0x1C, 0xB0, 0x74, 0x85, 0x93, 0x85, 0x47, 0x1F, 0x4E, 0x1E, 0x54, 0xF5, 0xC6,
    0x04, 0xE3, 0xA1, 0x79, 0x81, 0x9F, 0x8F, 0x5B, 0x75, 0x82, 0xDF, 0x97, 0xD8, 0xD8, 0x9E, 0x59,
    0x7E, 0xF6, 0x24, 0xFE, 0x51, 0x77, 0xCD, 0xB5, 0x74, 0x75, 0xD4, 0x40, 0x89, 0x82, 0xEF, 0xB0,
    0x7D, 0x39, 0x53, 0x82, 0x15, 0xC5, 0x46, 0xFB, 0x57, 0x7A, 0x6C, 0x8B, 0x41, 0xD4, 0x32, 0xD0,
    0x84, 0xAA, 0xF1, 0x1B, 0x1A, 0xD0, 0xA7, 0x67, 0x03, 0x9C, 0xA1, 0xF9, 0x76, 0x45, 0x8B, 0xF5,
    0x92, 0xD0, 0x9A, 0x59, 0x87, 0xA1, 0xED, 0x44, 0xB3, 0x57, 0x54, 0x86, 0x4A, 0x56, 0x43, 0x2F,
    0x66, 0xF4, 0x44, 0x7F, 0x1B, 0xA8, 0xE4, 0xA7, 0x2C, 0x58, 0xC3, 0x52, 0x2E, 0x8B, 0x5D, 0xF7,
    0x32, 0xD4, 0x2B, 0x33, 0xD5, 0x7E, 0xB2, 0x78, 0x55, 0x2F, 0x16, 0xA9, 0x8A, 0xCD, 0x62, 0x14,
    0xCD, 0xB5, 0x1D, 0xAA, 0x19, 0xC1, 0xE2, 0x92, 0x42, 0x14, 0x37, 0x70, 0x57, 0x98, 0x85, 0x33,
    0xFE, 0x6C, 0x16, 0x79, 0xAA, 0xC5, 0x62, 0x4E, 0x3B, 0x59, 0xB4, 0x91, 0xC1, 0xE2, 0xCC, 0xE5,
    0x8C, 0x30, 0xBF, 0x6D, 0xF1, 0x77, 0x38, 0x40, 0x26, 0x4A, 0x6F, 0x19, 0x75, 0x21, 0xAE, 0x17,
    0xC8, 0x01, 0xDA, 0xD1, 0x72, 0xC0, 0xE1, 0xC0, 0x82, 0x85, 0xBB, 0x5F, 0x15, 0xEC, 0x1F, 0xF5,
    0xCC, 0x29, 0x44, 0x47, 0x02, 0x28, 0xCF, 0xAA, 0xCA, 0xC0, 0x58, 0x36, 0xD7, 0xCC, 0xA0, 0xDA,
    0x49, 0x2D, 0xCD, 0x6C, 0xBE, 0x9D, 0x22, 0x9C, 0x74, 0x3B, 0x1C, 0x35, 0xF3, 0x5B, 0x5E, 0xB3,
    0x9F, 0x39, 0x00, 0x6A, 0x88, 0x85, 0x5D, 0x76, 0xDA, 0xDA, 0x05, 0x7F, 0xDF, 0x4F, 0x3D, 0xD3,
    0xAB, 0xDF, 0x41, 0xFF, 0x0A, 0x69, 0x50, 0xCD, 0x7F, 0x0F, 0xC5, 0x06, 0xDD, 0x24, 0xF2, 0x8E,
    0x45, 0x50, 0x72, 0x38, 0xBB, 0x4E, 0x95, 0xE2, 0x01, 0x9A, 0xDC, 0x4E, 0x90, 0xFD, 0xF2, 0x84,
    0x2F, 0x63, 0xC2, 0xC7, 0x0C, 0xD1, 0x21, 0x8F, 0x28, 0x59, 0xDD, 0x96, 0xAE, 0x9E, 0xEB, 0xE8,
    0x7F, 0xF2, 0x24, 0x63, 0x41, 0xC3, 0x14, 0x50, 0x97, 0x7E, 0x4D, 0xE0, 0xFC, 0xF0, 0x7C, 0xA4,
    0x9D, 0xF4, 0x07, 0xAE, 0xCB, 0x23, 0xDF, 0x6E, 0x93, 0x7D, 0xF9, 0xB7, 0x9F, 0xE4, 0x9E, 0xC4,
    0x9F, 0xAC, 0x9C, 0x8C, 0x19, 0x9B, 0xC6, 0xF4, 0xEF, 0x22, 0x0D, 0xF5, 0x9B, 0xF5, 0x74, 0x1A,
    0xB1, 0x2A, 0xD3, 0x93, 0x15, 0x99, 0x48, 0x88, 0xF9, 0x0A, 0xFD, 0xDC, 0x48, 0x31, 0x2F, 0x49,
    0x2E, 0x92, 0xFC, 0x23, 0x39, 0x87, 0x79, 0x86, 0x41, 0x47, 0x4A, 0x0C, 0x5E, 0x1D, 0xA2, 0x3A,
    0xBD, 0xA1, 0x39, 0x5D, 0xC1, 0x9F, 0x7E, 0xD0, 0x9F, 0x4E, 0xF0, 0xCD, 0xB4, 0x11, 0xFE, 0x32,
    0xE0, 0x7D, 0x05, 0xA4, 0x9F, 0xAC, 0x4A, 0x24, 0x60, 0xD9, 0xE4, 0x00, 0x5A, 0xAC, 0xA7, 0xFE,
    0xEB, 0x37, 0xC1, 0x8E, 0x66, 0xE0, 0x93, 0x70, 0xFF, 0xE6, 0xD8, 0x03, 0x58, 0x85, 0x64, 0xA9,
    0xA0, 0x00, 0x37, 0xA3, 0x94, 0x9F, 0x1A, 0xD2, 0x8B, 0x28, 0xCC, 0xE4, 0xD1, 0x52, 0xDD, 0x82,
    0x1E, 0x40, 0xA4, 0xA2, 0xAB, 0x13, 0xA9, 0x67, 0xE4, 0x2C, 0x6A, 0xF1, 0x0D, 0x5A, 0xD3, 0x22,
    0x82, 0x40, 0xA2, 0x14, 0x21, 0x59, 0x8A, 0x90, 0x30, 0x45, 0x48, 0xCC, 0x17, 0x20, 0x2C, 0xE4,
    0x28, 0x62, 0x75, 0x9C, 0xBB, 0xBB, 0x54, 0xC6, 0x91, 0x50, 0xE1, 0x44, 0xF0, 0x86, 0xFE, 0x5C,
    0xD2, 0x20, 0x5C, 0xD2, 0x21, 0x5C, 0xD2, 0x22, 0x5C, 0xD2, 0x23, 0x5C, 0xD2, 0x24, 0x5C, 0xD2,
    0x25, 0x5C, 0xD2, 0x26, 0xA7, 0x0F, 0x09, 0x3B, 0x35, 0x6A, 0x15, 0xC3, 0x84, 0xA9, 0x56, 0x13,
    0x46, 0xEE, 0x5D, 0xD2, 0x2C, 0x5C, 0xD2, 0x2D, 0x9C, 0x69, 0xD7, 0x1D, 0xD9, 0x6F, 0x5A, 0xDD,
    0x45, 0x4C, 0xC3, 0xED, 0x81, 0xE1, 0x5D, 0x89, 0x2A, 0xD6, 0x39, 0x97, 0xC7, 0x87, 0xAD, 0xDA,
    0xD8, 0x1E, 0x9A, 0xA0, 0x3D, 0x31, 0x09, 0x7D, 0x26, 0xB2, 0x5C, 0x8A, 0xF8, 0xC7, 0xDD, 0x6E,
    0xAD, 0xBF, 0x0D, 0x4C, 0xDC, 0x65, 0x08, 0xF0, 0xB2, 0x06, 0xBC, 0x73, 0x7F, 0x2E, 0xC7, 0x19,
    0x10, 0x8E, 0xE7, 0xEE, 0xB7, 0x4F, 0x0B, 0x91, 0xE5, 0x77, 0xF0, 0x20, 0xC3, 0x6D, 0x51, 0x9E,
    0x29, 0xEA, 0x54, 0xFD, 0xD5, 0xE6, 0xBA, 0xE2, 0x7F, 0x06, 0xCF, 0xE5, 0x52, 0x3D, 0x4A, 0x8D,
    0x30, 0xB0, 0xBD, 0xC1, 0x00, 0x46, 0xDE, 0xBA, 0xE3, 0x12, 0xE1, 0xB4, 0x4A, 0x1A, 0x9A, 0xF9,
    0xB8, 0xF8, 0x81, 0x14, 0x1F, 0xFB, 0x60, 0xB9, 0x0E, 0xF8, 0x95, 0x79, 0xEF, 0x54, 0xF1, 0x66,
    0x2C, 0xB9, 0xC2, 0x69, 0x83, 0xCE, 0x0D, 0xF5, 0x54, 0xAE, 0x08, 0xAC, 0x0F, 0xB1, 0x72, 0xBA,
    0x83, 0xBE, 0x67, 0x3B, 0x7A, 0x93, 0xD8, 0x73, 0xC8, 0xEF, 0x29, 0xF1, 0x0B, 0x1A, 0x3E, 0xEF,
    0x7B, 0xDD, 0xB1, 0x62, 0x77, 0x63, 0xB5, 0x54, 0x73, 0x1E, 0x9A, 0xA5, 0xD8, 0xDA, 0xB1, 0xDC,
    0xAA, 0x1D, 0x22, 0x68, 0x75, 0x4F, 0x1C, 0xEF, 0x65, 0xB0, 0xD4, 0x78, 0x07, 0xDE, 0xB5, 0x96,
    0x26, 0x33, 0x5E, 0xCB, 0xF7, 0x2C, 0xC3, 0x0D, 0xCC, 0xF1, 0x34, 0xC7, 0xC8, 0xE4, 0x61, 0xE8,
    0x51, 0x8B, 0x70, 0x5B, 0xF4, 0x24, 0x73, 0xD0, 0xFD, 0x2B, 0x59, 0xA4, 0x0B, 0xEC, 0x7A, 0x0D,
    0xEA, 0x07, 0x16, 0xDF, 0x82, 0xAE, 0x25, 0x17, 0xD4, 0x87, 0xB8, 0x74, 0x77, 0xB3, 0xB5, 0x8F,
    0xD2, 0x15, 0x2B, 0xB3, 0x00, 0x7C, 0x96, 0xC9, 0xAC, 0xAB, 0x12, 0x20, 0x1A, 0x1D, 0x58, 0x12,
    0x59, 0xD1, 0x2C, 0x6E, 0x44, 0x11, 0x5C, 0x07, 0xEC, 0x1E, 0x20, 0xDB, 0x20, 0xCF, 0x80, 0xFB,
    0xB9, 0x0B, 0xBF, 0xB8, 0xF4, 0x00, 0x76, 0xD7, 0xB1, 0x64, 0x34, 0xA1, 0x5C, 0x39, 0x81, 0x15,
    0x07, 0xF0, 0x27, 0xF8, 0x5B, 0xB0, 0xE1, 0x23, 0xE0, 0x4A, 0xB2, 0xE3, 0x8E, 0x2E, 0xEE, 0x06,
    0x77, 0xC8, 0x69, 0xA7, 0x9C, 0x70, 0xD1, 0xA9, 0xDC, 0xF3, 0x2B, 0xA5, 0x91, 0xAE, 0xDC, 0x44,
    0xD8, 0xEB, 0xDE, 0x76, 0xD5, 0xED, 0x6A, 0x2F, 0x69, 0x98, 0xFD, 0x51, 0x82, 0xFE, 0x5C, 0x61,
    0xEF, 0xA5, 0x6B, 0x66, 0x70, 0x73, 0xAD, 0x9B, 0x6F, 0xAF, 0xD5, 0x05, 0x36, 0x70, 0xDA, 0x71,
    0xCF, 0xC3, 0x37, 0x04, 0x01, 0xC1, 0x6D, 0x7A, 0x15, 0xB0, 0x89, 0xF3, 0xC9, 0xC8, 0x2E, 0x4E,
    0x35, 0x3B, 0x59, 0x34, 0xC1, 0x61, 0x54, 0xC1, 0xC7, 0x0C, 0x07, 0xEC, 0x3B, 0x78, 0x6B, 0xC4,
    0x0D, 0x7C, 0xE5, 0x2B, 0x48, 0x97, 0x76, 0xCF, 0xE9, 0x6A, 0x9F, 0x38, 0xDB, 0x87, 0xEB, 0x55,
    0x1B, 0x4B, 0xC3, 0x37, 0xD1, 0xC4, 0x8E, 0x5E, 0x3C, 0x5F, 0x0E, 0x15, 0xAE, 0xA1, 0xD8, 0x72,
    0x36, 0xFA, 0x61, 0x97, 0xBD, 0x58, 0xB3, 0xE0, 0xB3, 0x40, 0x8B, 0xDB, 0xAB, 0xA5, 0xDD, 0x5C,
    0xAF, 0xB6, 0xD8, 0x59, 0xF5, 0x2A, 0x7B, 0x18, 0x61, 0xD1, 0x87, 0xBB, 0xC4, 0xE2, 0xC9, 0x0F,
    0xB6, 0x6B, 0xD5, 0x8D, 0x82, 0xE9, 0xCF, 0x41, 0x1F, 0x77, 0x25, 0x75, 0x08, 0x47, 0x25, 0xAC,
    0x70, 0xAA, 0x47, 0x38, 0xD5, 0x10, 0x9C, 0x56, 0xF0, 0x4C, 0x69, 0xFD, 0xA9, 0xC0, 0xE7, 0xE0,
    0xFA, 0xDD, 0xC5, 0x7E, 0xC0, 0x60, 0x12, 0x2C, 0xBA, 0xAC, 0x36, 0xE7, 0xFF, 0xFE, 0xA8, 0x2F,
    0x4E, 0x37, 0x5F, 0x50, 0x13, 0x9C, 0xE3, 0x33, 0xA0, 0x15, 0xC6, 0x49, 0xCB, 0xD8, 0xAB, 0x4D,
    0x1B, 0xAB, 0x4C, 0x53, 0xDD, 0x44, 0x9F, 0x1C, 0x98, 0xEC, 0x3D, 0x6D, 0x3D, 0x29, 0x10, 0x09,
    0x11, 0xD8, 0x0B, 0x79, 0x88, 0x01, 0x08, 0xE5, 0x0A, 0x21, 0xAC, 0x66, 0x38, 0xC2, 0x7A, 0x32,
    0x68, 0x7D, 0x46, 0x83, 0x17, 0x64, 0x84, 0x3D, 0x2B, 0x2D, 0xD5, 0x8C, 0xC8, 0xAC, 0x95, 0xE5,
    0x55, 0x26, 0xB2, 0x79, 0x7C, 0xD8, 0x98, 0xDB, 0x52, 0xB8, 0x9A, 0xEE, 0x36, 0xD1, 0x02, 0xFA,
    0x4C, 0xEA, 0x29, 0x9F, 0x80, 0x82, 0x48, 0xF3, 0x68, 0xB9, 0x27, 0x5C, 0xE7, 0x51, 0x2B, 0x72,
    0xC3, 0x3A, 0xF6, 0x80, 0xF7, 0x19, 0x34, 0xCA, 0x8D, 0x31, 0xBE, 0x5E, 0x9D, 0x9F, 0x19, 0xE3,
    0x4B, 0xAA, 0x5B, 0x63, 0xBC, 0xC8, 0x66, 0x31, 0xFE, 0x1D, 0x7F, 0x46, 0x74, 0xB8, 0xB7, 0x22,
    0x5C, 0x84, 0x14, 0xE1, 0x32, 0xC4, 0xDC, 0xE7, 0x17, 0xC5, 0xF8, 0x94, 0x2F, 0x7C, 0x96, 0x72,
    0x85, 0x7C, 0xB3, 0x74, 0xC1, 0x8F, 0x79, 0x84, 0x66, 0x0C, 0x9A, 0x2A, 0x6B, 0xCE, 0x51, 0x9D,
    0xBB, 0x8A, 0x1D, 0xE5, 0xAF, 0xBF, 0xAB, 0x20, 0x76, 0xEE, 0x2A, 0x34, 0xF1, 0x66, 0xAE, 0x88,
    0xC0, 0xC9, 0xDD, 0x58, 0xD3, 0x25, 0x20, 0x8F, 0xC2, 0x47, 0xE8, 0x94, 0xA4, 0xF8, 0x05, 0xB1,
    0xD2, 0xEA, 0xFF, 0xB7, 0x9D, 0x01, 0x27, 0x32, 0xA5, 0x45, 0xD4, 0xAF, 0xA9, 0xC6, 0x51, 0xEC,
    0xA9, 0xC4, 0x01, 0x51, 0xAC, 0x19, 0x29, 0x7A, 0xBC, 0x6F, 0x1D, 0x00, 0x26, 0x4F, 0x2B, 0xEF,
    0xB9, 0x97, 0x94, 0x08, 0xA7, 0x26, 0x4E, 0x39, 0x1B, 0x46, 0x41, 0x1B, 0x46, 0xB9, 0xDA, 0x73,
    0xC4, 0x38, 0x4B, 0x6B, 0x15, 0xFD, 0x09, 0x70, 0xE0, 0x82, 0x5A, 0x2E, 0x38, 0x20, 0x57, 0xD4,
    0xFB, 0x1D, 0x65, 0x80, 0x8A, 0x3B, 0xF2, 0xD5, 0x94, 0x37, 0xF5, 0x3F, 0xE2, 0x66, 0xE4, 0x9D,
    0x82, 0x72, 0x31, 0x02, 0x27, 0x03, 0xF6, 0x48, 0x3B, 0x18, 0x4B, 0x9D, 0x01, 0xE8, 0xB8, 0x18,
    0x08, 0xC6, 0xA4, 0x81, 0x62, 0xBD, 0xCD, 0x58, 0xAA, 0x39, 0x4D, 0xF2, 0x96, 0xB9, 0xEE, 0x38,
    0x5E, 0x98, 0xE2, 0xE7, 0xC6, 0x40, 0x9A, 0xFC, 0x4B, 0x81, 0xDF, 0x02, 0x10, 0xD2, 0xF8, 0x45,
    0x07, 0x6B, 0x70, 0x1E, 0xBE, 0xE9, 0x23, 0x51, 0x91, 0x81, 0x1B, 0x5A, 0x56, 0x5A, 0xB9, 0x1F,
    0x80, 0x1E, 0x09, 0x31, 0xEA, 0xFE, 0x7F, 0xB8, 0xBE, 0xA3, 0x57, 0xA7, 0x62, 0x6A, 0x55, 0xC3,
    0xF5, 0x93, 0x50, 0x2F, 0xE6, 0x1D, 0x32, 0xC3, 0x42, 0x5C, 0x29, 0xD2, 0x71, 0x07, 0xE3, 0x06,
    0xEE, 0x8D, 0x8A, 0xF5, 0x3F, 0xD1, 0x58, 0x4D, 0x0D, 0xCF, 0xFE, 0xF1, 0x33, 0xE6, 0x3E, 0x2C,
    0xE5, 0xF2, 0xD9, 0xE6, 0xF8, 0x4D, 0x29, 0xA2, 0x73, 0xE4, 0x32, 0x34, 0xB2, 0xB8, 0x97, 0x21,
    0xD2, 0xCF, 0x2F, 0x69, 0x0D, 0xFF, 0xB5, 0xFE, 0x78, 0x9E, 0xA4, 0x16, 0xCD, 0x7F, 0x06, 0xFF,
    0x0F, 0x65, 0xDA, 0x8B, 0x1F, 0x2F, 0xA1, 0xF8, 0xD1, 0xBA, 0x97, 0x7F, 0xBA, 0xF9, 0x87, 0xFF,
    0x1C, 0x9C, 0x74, 0xA1, 0xDA, 0x49, 0xD7, 0xFF, 0xBB, 0x7F, 0xCD, 0x8E, 0x5A, 0x06, 0xB6, 0x19,
    0x98, 0x9E, 0xDE, 0xFC, 0x95, 0x33, 0x6D, 0xB0, 0x9A, 0xA0, 0xA5, 0x38, 0x34, 0x1D, 0x1C, 0x9B,
    0xE3, 0x8D, 0x6C, 0xEE, 0x83, 0xFD, 0x02, 0x1F, 0xE0, 0xEC, 0x2F, 0xC2, 0xF7, 0x7F, 0xB8, 0x3B,
    0xD9, 0x58, 0x5E, 0xFB, 0x08, 0xCD, 0x8E, 0xE6, 0xED, 0x13, 0x2E, 0xCF, 0x27, 0x1C, 0xE0, 0x3A,
    0x9D, 0x70, 0x75, 0xDF, 0xDD, 0x3D, 0xBC, 0x7C, 0x57, 0x3E, 0x17, 0xF9, 0x1B, 0xF9, 0x49, 0xF8,
    0x5A, 0xDB, 0x7F, 0xF0, 0x7A, 0x42, 0x60, 0x37, 0xE5, 0x14, 0x9A, 0xBA, 0x83, 0x94, 0x71, 0x1A,
    0x4E, 0xF2, 0xFC, 0x1F, 0x3F, 0xE3, 0x77, 0x8B, 0x3D, 0x57, 0xDC, 0x2A, 0xF5, 0x62, 0xC6, 0xFF,
    0xB1, 0x43, 0x23, 0xD2, 0x51, 0xC2, 0xF2, 0x01, 0x93, 0xC4, 0x96, 0xFF, 0xBA, 0x1D, 0x3D, 0xFA,
    0x97, 0x3B, 0x5A, 0xA1, 0x75, 0xA8, 0x97, 0xF9, 0xE4, 0xA0, 0xF9, 0x96, 0xBC, 0xB2, 0x5C, 0x92,
    0x63, 0xD6, 0xE3, 0x5B, 0x2E, 0x93, 0x7D, 0x6B, 0xCF, 0x91, 0x5A, 0xFB, 0xAD, 0xCD, 0x82, 0xC8,
    0x4B, 0x6F, 0xA1, 0x20, 0xEB, 0xBE, 0xDA, 0x0E, 0xED, 0xDF, 0x08, 0x0F, 0xB8, 0xC9, 0xF7, 0xC7,
    0xD8, 0x7E, 0xEF, 0xC7, 0x63, 0x68, 0xCA, 0xE3, 0xF2, 0x4E, 0xF6, 0xC9, 0xE8, 0x01, 0xDF, 0xB9,
    0xA7, 0x87, 0x88, 0x5A, 0x64, 0x43, 0xE6, 0x63, 0x97, 0x82, 0xA3, 0xB6, 0x3E, 0xAC, 0xF1, 0x61,
    0x6D, 0x0F, 0x6B, 0x87, 0x5A, 0xCB, 0xC3, 0x5A, 0x9F, 0xD6, 0xEE, 0xB0, 0x66, 0x87, 0xB5, 0x3A,
    0xAC, 0xA5, 0x69, 0x6D, 0x0E, 0x6B, 0x5F, 0x5A, 0x8B, 0xC3, 0xE1, 0x92, 0xEF, 0x2C, 0xAE, 0xD5,
    0x1B, 0xAC, 0x2D, 0x99, 0xC9, 0x94, 0x77, 0xE0, 0x8D, 0xE6, 0x3B, 0x28, 0x25, 0xFA, 0xA1, 0x59,
    0x43, 0x3D, 0x3A, 0x86, 0x85, 0x1E, 0xE2, 0xC7, 0x88, 0x5E, 0x98, 0xB7, 0x07, 0x63, 0x2B, 0x40,
    0x23, 0x3B, 0x73, 0x1D, 0x88, 0x1F, 0x7A, 0xA4, 0x87, 0xEB, 0x2D, 0x34, 0xA3, 0x4E, 0x00, 0x2F,
    0xD1, 0x26, 0x35, 0x2E, 0x6E, 0x79, 0xB9, 0xE5, 0xE8, 0x96, 0xAF, 0x5B, 0xEE, 0x6E, 0x79, 0xBC,
    0xE5, 0xF4, 0x86, 0xDF, 0xE7, 0x5C, 0x27, 0xDE, 0x6F, 0x25, 0xF0, 0x16, 0x39, 0x24, 0x69, 0xDC,
    0xCA, 0xE4, 0x46, 0x32, 0xB7, 0xF2, 0xE1, 0xB5, 0x4A, 0x52, 0xBA, 0x95, 0x95, 0x5D, 0x8D, 0x23,
    0xB6, 0xF6, 0x87, 0xC4, 0x17, 0x77, 0x1F, 0x27, 0x47, 0x28, 0xE4, 0x3E, 0x18, 0x47, 0x6A, 0x9C,
    0x62, 0x1C, 0xA9, 0x11, 0xBB, 0xCE, 0x38, 0xFA, 0x8E, 0x46, 0x77, 0xE3, 0x48, 0x00, 0x34, 0x89,
    0x23, 0x20, 0x71, 0xA4, 0x78, 0xE2, 0xE8, 0x3B, 0x8A, 0x5B, 0x0B, 0x0B, 0xC0, 0x95, 0x2F, 0x64,
    0xC3, 0x95, 0x2F, 0x5A, 0x64, 0x6B, 0x7C, 0xE9, 0x7B, 0x5D, 0x67, 0x1C, 0xD1, 0x31, 0xE4, 0xE4,
    0x0B, 0x39, 0x69, 0x33, 0x8E, 0x48, 0xF3, 0x92, 0x38, 0x42, 0x25, 0x83, 0x29, 0xCD, 0xF2, 0x1F,
    0x6F, 0xF9, 0x21, 0xCB, 0xC2, 0xE2, 0x07, 0xE4, 0xF1, 0x61, 0x6D, 0xD6, 0x43, 0xC3, 0x28, 0x97,
    0x3C, 0xA8, 0xC2, 0xF9, 0xBA, 0xBD, 0x47, 0x6C, 0x47, 0x54, 0x23, 0x2E, 0x11, 0x5E, 0xBA, 0x8B,
    0x25, 0xFA, 0x6D, 0x84, 0x58, 0x8A, 0x9D, 0xBD, 0x48, 0x58, 0xBD, 0xE1, 0x3B, 0x86, 0x39, 0x01,
    0x88, 0xA9, 0x01, 0x21, 0xEB, 0xD0, 0xAB, 0x15, 0x91, 0xB3, 0xCB, 0xEB, 0x99, 0xD5, 0x9E, 0xB4,
    0x79, 0x61, 0x46, 0x55, 0x1C, 0x14, 0x98, 0x65, 0x81, 0x02, 0x4F, 0x94, 0x5E, 0x75, 0x51, 0xED,
    0x4C, 0xD8, 0x4C, 0x1B, 0x04, 0xDF, 0xBB, 0x39, 0x5C, 0x20, 0x0F, 0xF2, 0x78, 0x3D, 0x5A, 0x50,
    0x84, 0x82, 0xA9, 0xC1, 0xA9, 0x13, 0x26, 0xCE, 0xA8, 0xA7, 0x53, 0x2B, 0xC5, 0xA2, 0x1B, 0x9E,
    0x53, 0x2F, 0x7A, 0x97, 0x1A, 0x8A, 0xE9, 0xEE, 0xD4, 0x4D, 0xBE, 0xDA, 0x5D, 0xD2, 0x8E, 0xC6,
    0x8C, 0xA4, 0x1F, 0x4B, 0x0E, 0x4E, 0x0D, 0x9D, 0xCB, 0xFB, 0xA9, 0xA3, 0x33, 0x63, 0x30, 0x2D,
    0xD9, 0x68, 0xC7, 0x53, 0x4F, 0xE0, 0x76, 0xC7, 0x77, 0xA6, 0x29, 0x7E, 0xC1, 0x98, 0x90, 0x74,
    0x85, 0x56, 0x64, 0xBD, 0x6A, 0x0B, 0x99, 0x97, 0x0E, 0xFF, 0x0E, 0xDF, 0xB8, 0x0D, 0xCB, 0x76,
    0x12, 0x37, 0x97, 0x21, 0xE8, 0x50, 0x03, 0x9D, 0x58, 0xC4, 0x7D, 0x4F, 0xCF, 0x5A, 0x34, 0x4A,
    0x79, 0x2D, 0xE7, 0x79, 0xC5, 0xCE, 0xCD, 0x7A, 0xAE, 0x6F, 0x50, 0x4A, 0x6A, 0x16, 0x85, 0x7B,
    0xCD, 0xCF, 0x56, 0xD2, 0x97, 0x6F, 0xEF, 0x6B, 0x62, 0x38, 0xEF, 0xC5, 0xE7, 0x32, 0x6B, 0x38,
    0xD7, 0x03, 0x4F, 0x96, 0x0E, 0x16, 0x31, 0x8F, 0x27, 0xB6, 0xC0, 0x5F, 0x31, 0x77, 0x62, 0xEB,
    0x89, 0xED, 0xF9, 0x86, 0x5E, 0x7F, 0x7B, 0xC1, 0x8E, 0xA8, 0xF3, 0x31, 0xF0, 0xF2, 0x59, 0xCA,
    0xBC, 0x95, 0xF5, 0xC0, 0x9A, 0x91, 0x07, 0x38, 0x86, 0x03, 0x63, 0x6B, 0x0A, 0x3A, 0x3C, 0xCA,
    0x2D, 0xE5, 0x81, 0x99, 0x28, 0xC7, 0xCD, 0x06, 0xF4, 0x16, 0x4E, 0x98, 0x8F, 0x48, 0xBC, 0xBB,
    0x97, 0xA8, 0xCF, 0x5A, 0x3E, 0x64, 0x42, 0xD1, 0xB2, 0xCC, 0x3B, 0x1F, 0xF2, 0xE3, 0x5D, 0xED,
    0x00, 0xC0, 0xDF, 0xEE, 0x47, 0xCB, 0x1E, 0xDF, 0x1E, 0xC8, 0xDB, 0x08, 0x64, 0x66, 0x53, 0x3F,
    0x5B, 0xD0, 0xFE, 0xF8, 0x47, 0x1B, 0xDC, 0x3F, 0x9A, 0x02, 0x3C, 0x95, 0xB6, 0xEB, 0x86, 0x38,
    0x7F, 0x75, 0x5C, 0x60, 0xC5, 0x0A, 0x9A, 0x41, 0x3B, 0x23, 0x30, 0xEF, 0x0E, 0xF9, 0x1E, 0x11,
    0xD8, 0xFF, 0x0D, 0xFD, 0x58, 0x2F, 0x51, 0x3E, 0xFA, 0x83, 0x40, 0x6A, 0xF4, 0xB2, 0x9E, 0xEA,
    0xDD, 0x0D, 0x8A, 0xC1, 0x3C, 0xFE, 0xFB, 0xDB, 0xF4, 0x8F, 0x42, 0x7E, 0x0E, 0x37, 0xA4, 0x2C,
    0x31, 0x89, 0xC2, 0xAA, 0x0B, 0x6E, 0xB4, 0xEA, 0x42, 0x33, 0x59, 0x75, 0xA1, 0x5A, 0xAC, 0xBA,
    0x50, 0x6C, 0x67, 0x75, 0x21, 0x9C, 0xD5, 0x85, 0x78, 0x56, 0x13, 0xFA, 0x2F, 0xAC, 0x2E, 0xD8,
    0xF3, 0xFD, 0x59, 0x5D, 0xB8, 0x38, 0x3B, 0x73, 0xB1, 0x5B, 0x75, 0xA1, 0x08, 0x56, 0x5D, 0x68,
    0xAC, 0xBA, 0xC0, 0xED, 0x60, 0x2F, 0x1C, 0x67, 0x75, 0x61, 0x86, 0x3A, 0xDA, 0x71, 0x55, 0x0A,
    0x1F, 0x23, 0xAE, 0x2B, 0x1D, 0xDC, 0x1B, 0xD7, 0xCB, 0x35, 0xF1, 0xFD, 0x66, 0x16, 0xFA, 0x0D,
    0xAE, 0xF8, 0x5F, 0x22, 0xC3, 0xA5, 0x7C, 0x19, 0xFD, 0x14, 0xEA, 0x1F, 0x1F, 0x5C, 0x84, 0xF6,
    0xFB, 0xEC, 0xC6, 0x3B, 0xD2, 0xB2, 0x5F, 0x0E, 0x8E, 0x16, 0x1F, 0xD8, 0x75, 0xEC, 0xB7, 0x62,
    0x6D, 0xC7, 0x76, 0xCF, 0x22, 0xFB, 0xB4, 0x9A, 0x84, 0x8B, 0x9D, 0x04, 0xF8, 0xB6, 0xFA, 0x2D,
    0x1C, 0x7D, 0x19, 0x3D, 0x29, 0xB9, 0x8B, 0xAA, 0x6B, 0xDB, 0xAD, 0x4D, 0xD0, 0xC4, 0x85, 0x79,
    0xC9, 0x26, 0xC2, 0xE3, 0xE6, 0xC7, 0xBB, 0x3C, 0xDC, 0x52, 0x2E, 0x5C, 0x62, 0x0A, 0x3D, 0x1F,
    0x95, 0x05, 0x5E, 0x71, 0x5E, 0x77, 0xBD, 0x7E, 0x8C, 0xF7, 0x06, 0x84, 0x24, 0x7C, 0x5B, 0xCD,
    0x93, 0xA2, 0xAA, 0x85, 0xA1, 0x96, 0xF5, 0xE5, 0x43, 0x22, 0x03, 0x49, 0x89, 0xEA, 0x93, 0x66,
    0x77, 0xDF, 0xFE, 0xD6, 0xF5, 0x48, 0x93, 0x45, 0x23, 0xA5, 0xD5, 0xBE, 0x2C, 0xFE, 0x07, 0xDE,
    0xA1, 0x2D, 0xA6, 0x27, 0x86, 0x84, 0xBA, 0x39, 0x61, 0xD5, 0x76, 0xFD, 0x7A, 0x47, 0x1A, 0x92,
    0x10, 0x6A, 0xF5, 0x1A, 0x2A, 0x60, 0x51, 0x88, 0x9A, 0x0B, 0x27, 0x36, 0xD5, 0x8B, 0x61, 0xD5,
    0xDC, 0x8E, 0x86, 0xB1, 0x66, 0x63, 0x98, 0xD5, 0xA8, 0x0D, 0xDB, 0xAF, 0x58, 0xF8, 0x52, 0x18,
    0xE5, 0x95, 0x66, 0x7E, 0xBD, 0x67, 0x64, 0xF1, 0xD9, 0x7A, 0x48, 0x5A, 0xBE, 0x6E, 0x76, 0xF4,
    0x43, 0x1D, 0x59, 0x52, 0x64, 0x58, 0xD1, 0x3D, 0x28, 0x43, 0x8D, 0xED, 0x4B, 0xD9, 0x43, 0xB2,
    0x6A, 0x14, 0xDD, 0xD6, 0x0A, 0x52, 0xAD, 0x04, 0xAB, 0x49, 0xF9, 0xC7, 0x68, 0x65, 0xA9, 0x88,
    0xDE, 0x31, 0x93, 0x1F, 0xCF, 0x5A, 0x43, 0x3D, 0x05, 0xF4, 0x17, 0xE0, 0x9D, 0x4F, 0x9E, 0xE2,
    0x7D, 0x0C, 0xE9, 0x0C, 0x7B, 0x40, 0xA9, 0xC8, 0x8B, 0x80, 0x86, 0x81, 0x43, 0x8D, 0x7A, 0x50,
    0xC4, 0x5A, 0x18, 0x56, 0x7C, 0x20, 0x99, 0x9A, 0x3B, 0x68, 0x76, 0xC8, 0x8E, 0xCE, 0xA0, 0xBE,
    0xCF, 0x36, 0x86, 0x86, 0x92, 0x3C, 0x94, 0xAA, 0x3D, 0x6D, 0x64, 0x98, 0x12, 0x3E, 0xD9, 0xB4,
    0x38, 0x58, 0xE8, 0xA9, 0x04, 0x36, 0x82, 0xFC, 0x7F, 0xB3, 0x12, 0x61, 0x29, 0x56, 0x25, 0xCC,
    0x85, 0x85, 0xC2, 0x8B, 0x1D, 0x39, 0x89, 0x3B, 0xB4, 0x54, 0xD6, 0x07, 0x58, 0xD9, 0x5A, 0x61,
    0x3D, 0x19, 0x6C, 0x47, 0xC2, 0x1F, 0x70, 0xCB, 0xBD, 0xC3, 0x5A, 0xA8, 0x1E, 0x60, 0x40, 0x73,
    0xBA, 0x0B, 0xB5, 0x7A, 0x2B, 0xFC, 0xA0, 0x25, 0x91, 0x82, 0x95, 0xC4, 0x62, 0x33, 0x83, 0xC1,
    0x7C, 0xC2, 0xE7, 0x43, 0x8B, 0xCF, 0x35, 0xC1, 0x06, 0x37, 0xC6, 0xBB, 0x07, 0xD6, 0xD8, 0x82,
    0xD6, 0x72, 0xB6, 0x40, 0xF3, 0xA0, 0x35, 0xF7, 0xF4, 0xB6, 0x80, 0xB3, 0xD6, 0x66, 0x35, 0xB6,
    0xE7, 0x20, 0x7D, 0x47, 0xDE, 0xBD, 0xFD, 0x60, 0x0F, 0xD0, 0x1A, 0x4F, 0x40, 0xB3, 0xE8, 0x9C,
    0x5A, 0xFF, 0xD1, 0x8E, 0x8E, 0x20, 0x40, 0x85, 0x82, 0x7E, 0x87, 0x75, 0x7A, 0xDE, 0xB3, 0x1E,
    0x20, 0x48, 0x4E, 0x3B, 0x58, 0x13, 0x50, 0x1E, 0x18, 0x0E, 0xB5, 0x0B, 0x58, 0x2E, 0xB4, 0x91,
    0x95, 0x6D, 0x40, 0x8A, 0xFE, 0x92, 0x0E, 0xB8, 0xD4, 0x13, 0xDF, 0xB5, 0xEF, 0x40, 0xAA, 0x70,
    0xF8, 0xF0, 0x1A, 0x77, 0x5F, 0x06, 0x8F, 0xAF, 0xF1, 0x9E, 0x73, 0x29, 0xDE, 0xE1, 0xC2, 0x7E,
    0xA0, 0x1E, 0xBD, 0x1F, 0xB0, 0x37, 0x7C, 0x8D, 0x1B, 0xE8, 0xE2, 0xBA, 0xC7, 0x7D, 0x14, 0xA0,
    0x8E, 0x0F, 0x8B, 0xB6, 0x04, 0x03, 0x8C, 0x76, 0xED, 0x09, 0xE2, 0xE4, 0xC9, 0xC1, 0xEE, 0xB4,
    0x0E, 0xF6, 0x99, 0x7D, 0x90, 0x1E, 0x35, 0xEF, 0x77, 0xB0, 0x79, 0xB8, 0x7D, 0xCC, 0xA2, 0x7D,
    0xC0, 0x97, 0xD8, 0x39, 0x8F, 0xBE, 0xE3, 0x07, 0x46, 0x01, 0x5B, 0x66, 0x84, 0x70, 0x89, 0x54,
    0x73, 0xCE, 0xE7, 0x1F, 0xD0, 0x36, 0x9F, 0x7F, 0x50, 0xFC, 0xDA, 0x1F, 0xD8, 0xA4, 0x7D, 0x92,
    0xB4, 0xD5, 0x64, 0x68, 0x5F, 0x79, 0x20, 0xE2, 0xAD, 0x34, 0x83, 0x4C, 0x4C, 0x47, 0xD8, 0xAD,
    0x42, 0xF3, 0x1B, 0x0F, 0x9F, 0x27, 0x05, 0x6A, 0xA1, 0xC6, 0xCE, 0x0F, 0x98, 0x76, 0xAD, 0x5E,
    0xD3, 0x44, 0x5B, 0xBC, 0x1A, 0x7A, 0x4D, 0x79, 0x75, 0xE4, 0x5E, 0x16, 0x98, 0x2B, 0x33, 0xE9,
    0x2D, 0x56, 0x73, 0xE6, 0xC8, 0x13, 0xA5, 0xE6, 0xCE, 0x7D, 0x35, 0xC1, 0x9B, 0x43, 0xBB, 0x7A,
    0x4C, 0x2E, 0xDD, 0x13, 0x55, 0xA7, 0xFE, 0x3C, 0xD6, 0x33, 0xBC, 0xB9, 0x75, 0x28, 0x5F, 0x95,
    0xBB, 0x39, 0xF6, 0x9C, 0x8B, 0x6C, 0xC9, 0xB5, 0x7B, 0x99, 0x92, 0x73, 0x67, 0xDF, 0xBA, 0xBA,
    0xF7, 0x8D, 0x83, 0xDF, 0xB8, 0xF8, 0x8D, 0x93, 0xDF, 0xBA, 0xF9, 0xAD, 0xA3, 0x27, 0x57, 0xB7,
    0x61, 0xA7, 0x07, 0x6C, 0x54, 0x72, 0x7D, 0xA4, 0x67, 0xC5, 0xD1, 0x50, 0xE9, 0xAC, 0x89, 0x53,
    0x6D, 0x45, 0x40, 0x15, 0x99, 0x54, 0x39, 0x29, 0x17, 0x8A, 0xA5, 0x96, 0xC5, 0xFB, 0xEF, 0xF1,
    0x1C, 0x7D, 0x6C, 0x5F, 0x6E, 0xC7, 0x1A, 0x36, 0x66, 0x01, 0xE2, 0x3E, 0x08, 0x44, 0x0B, 0x3A,
    0x39, 0x0C, 0x5D, 0xE0, 0x8E, 0x4F, 0xBD, 0xFF, 0xBE, 0xA2, 0xC7, 0xB3, 0x4E, 0xEA, 0x99, 0x68,
    0x2D, 0x4B, 0xB5, 0xE9, 0x01, 0x91, 0x3E, 0xB7, 0x0A, 0x4B, 0xBE, 0xC1, 0x88, 0xC8, 0x62, 0x16,
    0xD2, 0xCA, 0xEF, 0x47, 0x79, 0xD8, 0xAE, 0x29, 0xA2, 0xCC, 0x86, 0x96, 0xA8, 0xA4, 0x4B, 0x07,
    0xD7, 0x23, 0x1A, 0x61, 0xF7, 0x63, 0x74, 0x8F, 0xB1, 0x3C, 0x4C, 0xDD, 0xA3, 0xAF, 0x67, 0x8D,
    0x09, 0x5C, 0xE1, 0xF6, 0xE3, 0x6E, 0xCA, 0x82, 0xE8, 0x77, 0x41, 0xF4, 0xC9, 0x10, 0xFD, 0x8C,
    0xFE, 0x69, 0xEB, 0xCF, 0x93, 0xE7, 0x16, 0x21, 0xEB, 0xF8, 0x21, 0xDE, 0x95, 0x21, 0x3F, 0xBB,
    0x08, 0xBD, 0xD8, 0xD1, 0x89, 0xA7, 0x3B, 0x6E, 0x4A, 0xD7, 0xAF, 0x66, 0x5D, 0x3F, 0xB6, 0x83,
    0xFC, 0xDB, 0xB5, 0x9A, 0x9D, 0x25, 0x81, 0xAE, 0xF8, 0xEF, 0xDB, 0x0F, 0x0F, 0xF0, 0x7B, 0xD3,
    0xFA, 0xBB, 0xE5, 0xD2, 0xFE, 0x59, 0xF7, 0xE1, 0x57, 0x6D, 0x96, 0xAF, 0xCB, 0xA8, 0xB3, 0x44,
    0x4D, 0x58, 0x95, 0xE8, 0xAF, 0xFD, 0xF1, 0x87, 0xE9, 0x1C, 0x8A, 0x49, 0xDD, 0x8E, 0xA1, 0xEC,
    0xC0, 0xF5, 0xD4, 0xFA, 0x00, 0xE8, 0xA6, 0x74, 0x52, 0x7D, 0xDA, 0x19, 0x14, 0xE4, 0x66, 0xE6,
    0x59, 0x3C, 0x48, 0x0B, 0x38, 0x4F, 0x81, 0x39, 0x89, 0x1D, 0xEC, 0x00, 0x8A, 0x3C, 0x1E, 0xC0,
    0xCE, 0x9F, 0x68, 0x72, 0xA3, 0x2D, 0x29, 0xEB, 0x34, 0x05, 0xF4, 0x56, 0x07, 0xD6, 0x7D, 0x92,
    0x95, 0x80, 0xAB, 0x29, 0xA1, 0x7D, 0x39, 0x5F, 0x14, 0x9D, 0x10, 0xF5, 0xDC, 0x1F, 0x7F, 0x96,
    0x05, 0x1E, 0xFD, 0xE3, 0x64, 0x2C, 0x07, 0x2F, 0xD6, 0x99, 0x12, 0x99, 0xCB, 0xE5, 0x6C, 0x4D,
    0x69, 0xF1, 0x34, 0x0D, 0x92, 0x89, 0xA4, 0x9B, 0x2B, 0xEA, 0x07, 0x83, 0xEF, 0x75, 0x55, 0x34,
    0xCC, 0xB6, 0xF4, 0x36, 0x1A, 0x21, 0x9F, 0x36, 0xBE, 0xAE, 0x19, 0xEA, 0xCA, 0xE8, 0x53, 0x89,
    0x34, 0x12, 0xD1, 0x3E, 0xF9, 0x83, 0xA1, 0xA1, 0xFF, 0xB8, 0x0E, 0x95, 0x4C, 0x22, 0xFF, 0x72,
    0x73, 0xB2, 0x88, 0xFC, 0xC5, 0xE2, 0x1F, 0x96, 0xBD, 0xFE, 0xEB, 0x65, 0xCB, 0x97, 0xB5, 0xF8,
    0xEB, 0x65, 0xCD, 0x96, 0xAD, 0x3C, 0xEE, 0x8A, 0xA5, 0x7F, 0xF8, 0xCB, 0xE3, 0xBB, 0xB9, 0x95,
    0x1F, 0x2D, 0xFA, 0xFF, 0xE5, 0x1D, 0x34, 0xC7, 0x34, 0xA7, 0x4D, 0xBA, 0xC3, 0x66, 0xF5, 0x1D,
    0x38, 0x2D, 0x3D, 0xD8, 0xE6, 0x0D, 0xD0, 0x89, 0xEF, 0xA5, 0xE3, 0xCC, 0x21, 0x97, 0x51, 0xA7,
    0xCE, 0x3F, 0x9F, 0x39, 0x37, 0x71, 0x4E, 0x1E, 0x1F, 0xFE, 0x62, 0xD1, 0xD9, 0x8F, 0x7F, 0x3A,
    0xFD, 0x5E, 0x9E, 0x5C, 0xE7, 0x23, 0xC5, 0x81, 0x5C, 0x64, 0x66, 0x84, 0xD5, 0x35, 0x44, 0xD0,
    0xDB, 0xB9, 0x28, 0x6D, 0xF7, 0xA3, 0xFE, 0xF9, 0x0B, 0xBF, 0x18, 0xF4, 0x11, 0x36, 0xA1, 0xEC,
    0x67, 0x05, 0x27, 0xC0, 0x27, 0xD1, 0x26, 0x95, 0xCD, 0xA4, 0xA4, 0xE6, 0xDD, 0x3F, 0xFA, 0x09,
    0x80, 0xA8, 0x1B, 0xE6, 0x41, 0xD3, 0xE2, 0x62, 0x23, 0xA6, 0x07, 0x2B, 0x0C, 0xE0, 0x57, 0x00,
    0xDF, 0xBE, 0x7F, 0xBA, 0xBB, 0x0B, 0x8D, 0x70, 0x84, 0xDE, 0xC0, 0x19, 0x2E, 0x02, 0x6E, 0xC1,
    0xF9, 0xA1, 0xD3, 0x98, 0x88, 0xDA, 0xC0, 0xD1, 0x8C, 0xE9, 0x90, 0x7A, 0x26, 0xB0, 0x9E, 0x89,
    0xAD, 0x99, 0x40, 0xBD, 0xF2, 0xCF, 0xD6, 0x53, 0xD8, 0xEA, 0x0A, 0x5B, 0x6B, 0x15, 0x43, 0x6F,
    0x53, 0xBB, 0xE7, 0xC0, 0xBE, 0xFB, 0x14, 0xB8, 0x80, 0xA8, 0xAD, 0xE6, 0xE6, 0x03, 0xAB, 0xCE,
    0xD9, 0x3C, 0xDD, 0xFD, 0xC0, 0x7A, 0x26, 0xC1, 0x7A, 0x26, 0xE1, 0xB6, 0xF0, 0xBF, 0x01, 0x67,
    0xDD, 0x7F, 0xC0, 0x59, 0xF6, 0x5F, 0xA0, 0x55, 0xFF, 0x81, 0x3B, 0x28, 0x4D, 0xD6, 0x38, 0x9F,
    0xE6, 0x6F, 0x88, 0xFA, 0x0A, 0xA3, 0x2E, 0xE8, 0x9F, 0xFB, 0x85, 0x88, 0x3D, 0x7C, 0x51, 0x16,
    0x42, 0x22, 0x2F, 0x20, 0x37, 0x02, 0x03, 0x4A, 0x92, 0xB8, 0x20, 0x90, 0xC8, 0xCF, 0x8A, 0x0D,
    0x4A, 0xE6, 0x82, 0x19, 0x01, 0x35, 0x91, 0x67, 0x23, 0x33, 0xD0, 0x0C, 0xB7, 0x6E, 0x53, 0x27,
    0x90, 0x3E, 0xAC, 0x64, 0xE3, 0xDB, 0xE4, 0xB0, 0xD4, 0x9D, 0x92, 0xF5, 0xB2, 0xC0, 0x1A, 0xD5,
    0x94, 0x6C, 0x2B, 0xBA, 0xD2, 0x49, 0x3F, 0xE0, 0x82, 0x6A, 0xAB, 0x47, 0x6D, 0x29, 0x57, 0x33,
    0xD2, 0xD9, 0x16, 0x5C, 0x50, 0x10, 0x04, 0x82, 0xDD, 0x80, 0x37, 0xE0, 0xBA, 0x1D, 0x15, 0x8F,
    0x65, 0x79, 0x66, 0x4E, 0xF5, 0xE6, 0x1E, 0x99, 0xC8, 0xAF, 0xB5, 0x44, 0xB0, 0x95, 0x69, 0x1A,
    0xAD, 0xF4, 0x0E, 0xD9, 0xB9, 0x7F, 0xAB, 0x0F, 0x02, 0xF8, 0x41, 0x3F, 0x73, 0xFD, 0x44, 0x26,
    0x24, 0x72, 0xB1, 0x4D, 0x5A, 0xB9, 0x91, 0x77, 0xBF, 0xE5, 0xCC, 0xC4, 0x2A, 0x91, 0x2E, 0xC2,
    0x0D, 0x3C, 0x14, 0xDC, 0xC3, 0xC1, 0xF3, 0x54, 0x70, 0xE7, 0x35, 0x4D, 0x6C, 0x87, 0x4B, 0x4E,
    0x0A, 0x9A, 0x71, 0x2F, 0x56, 0x9C, 0xFF, 0x77, 0x2A, 0xEA, 0x59, 0xE1, 0x7B, 0x7E, 0x54, 0x58,
    0x47, 0x18, 0xDC, 0x15, 0xAE, 0x9C, 0x61, 0xDC, 0x73, 0x3D, 0xAB, 0x35, 0xEE, 0x19, 0x97, 0x72,
    0x16, 0x77, 0x76, 0xCD, 0xED, 0xFB, 0xF3, 0xC4, 0xB2, 0xEB, 0xB8, 0x44, 0x32, 0xFF, 0x68, 0x8E,
    0xFB, 0x1F, 0xA2, 0x9E, 0xBF, 0x82, 0x6A, 0xF9, 0x0A, 0x49, 0xD3, 0xD4, 0x83, 0x5B, 0x67, 0xDD,
    0xFC, 0xEA, 0xFF, 0xCC, 0x7A, 0x1B, 0x8E, 0xBC, 0xC6, 0xA2, 0x94, 0xA3, 0xBF, 0xB8, 0xC9, 0xDB,
    0x5F, 0xE7, 0xF2, 0xED, 0x94, 0xF2, 0xFB, 0x6B, 0xCE, 0xFF, 0xB6, 0xDE, 0xD1, 0x7C, 0xDD, 0x2F,
    0xFC, 0x92, 0x7D, 0xC5, 0x8E, 0x37, 0xF7, 0x24, 0xAE, 0x4B, 0xD8, 0xEB, 0xBD, 0xCB, 0xEB, 0xFD,
    0xCC, 0xEB, 0x3D, 0xCE, 0xEB, 0x7D, 0xCF, 0x9B, 0xFF, 0x7B, 0xA7, 0x7F, 0xF3, 0x7F, 0xEB, 0xFC,
    0x64, 0xBB, 0x86, 0xDF, 0x39, 0x61, 0xE9, 0xCB, 0x77, 0xFF, 0xA8, 0xE3, 0x55, 0x36, 0x2B, 0x4A,
    0x0E, 0x5A, 0x26, 0x5A, 0xC8, 0x5E, 0x45, 0x63, 0xD2, 0x84, 0xBD, 0x03, 0x7A, 0xF0, 0x44, 0xB9,
    0xEB, 0xA2, 0x26, 0xBB, 0xC2, 0x7C, 0xE8, 0x8D, 0x02, 0x6B, 0xBA, 0x5E, 0xF4, 0xCA, 0x95, 0xA4,
    0xD1, 0xC3, 0xC5, 0xED, 0x50, 0x69, 0x6F, 0x8A, 0x4B, 0x87, 0x03, 0x87, 0x58, 0x3E, 0x72, 0xDD,
    0xED, 0x65, 0x9E, 0x0B, 0x9D, 0x86, 0x0F, 0x27, 0x9B, 0x52, 0x85, 0x2F, 0xEE, 0xC5, 0xD6, 0xBF,
    0x6A, 0x2F, 0xF6, 0xD3, 0xD7, 0xBD, 0xD8, 0xEE, 0x79, 0x2F, 0x96, 0x2E, 0xEB, 0xDF, 0xD6, 0x8B,
    0xBD, 0xED, 0x55, 0x59, 0x15, 0xE6, 0x2B, 0x99, 0x5F, 0xD2, 0xFA, 0x45, 0xB0, 0xC1, 0xE8, 0xB5,
    0xC1, 0x07, 0x12, 0xF2, 0xE9, 0x1B, 0x2A, 0x71, 0x6F, 0x20, 0x1E, 0xFD, 0xC6, 0x4C, 0x20, 0x67,
    0x3D, 0xE9, 0x0F, 0x45, 0x62, 0xB3, 0x32, 0x6E, 0xC5, 0x3B, 0xB1, 0xF3, 0x4D, 0x93, 0x56, 0xA5,
    0x90, 0x4B, 0x07, 0x09, 0xB8, 0x50, 0x1D, 0xE5, 0x1E, 0xB1, 0x03, 0x3B, 0x37, 0x1A, 0x16, 0x9C,
    0xFA, 0xAE, 0x1D, 0x14, 0xE1, 0x59, 0x77, 0x22, 0xCC, 0x71, 0x15, 0x51, 0x1B, 0x89, 0x09, 0xE9,
    0x13, 0xE2, 0x06, 0xD0, 0xA9, 0xDA, 0x81, 0x2D, 0xCA, 0x3C, 0xA0, 0xB7, 0x3A, 0xB6, 0xDC, 0x47,
    0x6B, 0x50, 0x3A, 0xD9, 0xAC, 0x3F, 0x59, 0xCA, 0x0B, 0xFC, 0x5F, 0xA5, 0x56, 0x21, 0x8C, 0xDD,
    0xCA, 0x15, 0x3D, 0xCF, 0xAF, 0x95, 0x81, 0xA5, 0x4E, 0x49, 0x22, 0x55, 0x91, 0x6A, 0x8E, 0xCC,
    0xD1, 0xB8, 0x25, 0x85, 0x2D, 0x2F, 0x07, 0x45, 0x29, 0x07, 0x1D, 0xB7, 0x05, 0x05, 0x25, 0xCB,
    0x49, 0x82, 0xDF, 0x82, 0x47, 0x8B, 0xDE, 0x8C, 0x5A, 0x50, 0x50, 0xE2, 0x96, 0x16, 0xC4, 0xAA,
    0x82, 0x76, 0x41, 0x5C, 0xFD, 0x27, 0x7D, 0x67, 0x33, 0x9E, 0xFB, 0xEF, 0xD1, 0xD8, 0xA3, 0xDD,
    0x4D, 0xF4, 0x15, 0xE9, 0x4F, 0x9E, 0xE6, 0x9E, 0x99, 0xF8, 0xCD, 0xBB, 0xF7, 0x9E, 0x33, 0xC7,
    0x8B, 0x47, 0xC3, 0x04, 0x58, 0x1C, 0xC3, 0x8E, 0xCC, 0xBC, 0xA3, 0x3A, 0xEE, 0x08, 0xA9, 0x20,
    0x57, 0x90, 0x1D, 0x76, 0xD4, 0x86, 0x1D, 0x99, 0xAF, 0x44, 0x5D, 0x46, 0xAE, 0xCF, 0xA7, 0x4C,
    0xF0, 0x21, 0x9F, 0x7C, 0x3D, 0xC8, 0x54, 0xAD, 0x44, 0x72, 0xFE, 0x36, 0x9D, 0x17, 0x10, 0xC9,
    0xBF, 0x45, 0x26, 0x45, 0xED, 0x5F, 0x13, 0x3A, 0xA6, 0x82, 0xAE, 0xC7, 0x36, 0xEC, 0x0E, 0x90,
    0xB6, 0xF8, 0xD3, 0x57, 0x71, 0x43, 0x56, 0xE6, 0x82, 0x86, 0x0D, 0xBD, 0xFC, 0x0D, 0xF6, 0xE1,
    0x16, 0xF8, 0x2B, 0x8E, 0x22, 0xBF, 0x12, 0x81, 0x49, 0xFE, 0xDD, 0x83, 0x84, 0x6E, 0xAC, 0xA5,
    0x6F, 0x27, 0xDB, 0x57, 0x09, 0xF5, 0xEC, 0x71, 0x58, 0x71, 0xBC, 0xAE, 0x40, 0x44, 0xB5, 0x44,
    0x86, 0x43, 0x64, 0x00, 0x9E, 0x85, 0x35, 0x07, 0x9F, 0x83, 0xED, 0xC1, 0xA0, 0x55, 0xF2, 0x0B,
    0x66, 0x06, 0xBF, 0x7E, 0x5C, 0x10, 0xF5, 0x30, 0xCC, 0x0C, 0x4C, 0x8C, 0x85, 0x73, 0x66, 0x37,
    0x38, 0xFC, 0xC0, 0xF9, 0x55, 0x02, 0x98, 0xD4, 0x92, 0x03, 0xF7, 0x0E, 0xBF, 0x63, 0xD2, 0xEE,
    0x23, 0x5E, 0x73, 0xE9, 0x16, 0xEE, 0xFF, 0x59, 0x24, 0x32, 0x32, 0xF1, 0x0F, 0xE9, 0x56, 0xFA,
    0xE6, 0xC1, 0x0F, 0xCC, 0x3E, 0xC0, 0x06, 0x33, 0xB6, 0xC1, 0xA2, 0x12, 0xA0, 0x99, 0x4D, 0x30,
    0xE1, 0x82, 0x43, 0x82, 0xFE, 0xB6, 0x09, 0x6D, 0x58, 0xC1, 0xA4, 0x7E, 0x9B, 0xCE, 0x77, 0x32,
    0x44, 0x62, 0x2B, 0x3A, 0x12, 0x88, 0x0F, 0x84, 0xF2, 0x1E, 0xC4, 0xF5, 0xCA, 0x00, 0x10, 0xB3,
    0x02, 0xE2, 0x44, 0x1C, 0x32, 0x76, 0x20, 0x3E, 0x10, 0xC3, 0x0E, 0xC4, 0xC7, 0x85, 0xB8, 0x1B,
    0x11, 0x9B, 0xA9, 0x9E, 0x89, 0xCD, 0x82, 0x78, 0x4C, 0x7E, 0x24, 0xD6, 0xCA, 0x79, 0x7E, 0xE6,
    0xE1, 0x06, 0x11, 0xDD, 0x82, 0x3C, 0x5E, 0x9C, 0x4E, 0x27, 0xB4, 0xA2, 0x23, 0xFF, 0x7E, 0x23,
    0x37, 0x24, 0x7B, 0xCA, 0x27, 0x73, 0xF6, 0x2F, 0x38, 0x27, 0xD2, 0x09, 0x91, 0xC8, 0xF9, 0x8F,
    0x09, 0xCC, 0xCD, 0x83, 0xB3, 0x2D, 0xF3, 0x05, 0x9C, 0xAD, 0x46, 0xA0, 0xBB, 0x8F, 0xCC, 0x41,
    0xAE, 0x6C, 0xA1, 0x8C, 0xE0, 0x60, 0xE7, 0x7F, 0x40, 0x38, 0xCB, 0x47, 0x80, 0xB9, 0x52, 0x8F,
    0xA2, 0x6D, 0x4F, 0x38, 0xEA, 0x67, 0xF6, 0xC1, 0xCC, 0x1A, 0xCC, 0x6C, 0x07, 0x0D, 0xC7, 0xC5,
    0xBD, 0xD0, 0x70, 0x88, 0x5E, 0x66, 0xFD, 0x5E, 0x12, 0x89, 0x1A, 0x9C, 0xE6, 0xAC, 0xC1, 0x46,
    0xF8, 0x1C, 0xEC, 0xA3, 0x70, 0xD1, 0x70, 0x85, 0xD7, 0xC4, 0xAB, 0x88, 0x95, 0x99, 0xCB, 0x6D,
    0x6C, 0xE4, 0x4A, 0x0D, 0x33, 0xF7, 0xA6, 0x08, 0x18, 0xF8, 0x51, 0x41, 0x7F, 0x28, 0xC8, 0x17,
    0x64, 0xBF, 0x80, 0x2E, 0xA8, 0xE5, 0x8A, 0x4E, 0x6E, 0xF4, 0x70, 0x2F, 0xF2, 0x4B, 0x91, 0xD4,
    0xCE, 0x47, 0xB9, 0xF3, 0xEF, 0xD2, 0x49, 0x64, 0x30, 0x57, 0x34, 0x32, 0xA2, 0x8B, 0x54, 0xE2,
    0x51, 0x7A, 0x08, 0x9B, 0x49, 0xCD, 0x34, 0x8B, 0xC7, 0x45, 0x9B, 0xBF, 0xEA, 0xFF, 0x58, 0x90,
    0x00, 0xB6, 0xBC, 0x1B, 0x48, 0x02, 0xFF, 0xB5, 0x81, 0x44, 0xC4, 0x6A, 0x81, 0x09, 0x11, 0x0E,
    0xAC, 0x93, 0xC8, 0x3E, 0x43, 0xAD, 0x4A, 0x90, 0x48, 0x93, 0x18, 0x48, 0x4E, 0xAC, 0xF8, 0x34,
    0xCB, 0x64, 0xA1, 0x09, 0xAC, 0x94, 0x4A, 0x5C, 0x48, 0x94, 0xA2, 0xBA, 0x94, 0xAB, 0x9A, 0xBF,
    0xD9, 0x50, 0x2D, 0xB2, 0x6E, 0xB0, 0x7B, 0x90, 0xFD, 0x09, 0x55, 0xFD, 0x9B, 0x69, 0x77, 0x00,
    0xF3, 0xCF, 0xCC, 0x96, 0x1E, 0x6F, 0xFE, 0xB1, 0xE0, 0x67, 0x24, 0x4E, 0x73, 0xFB, 0x7B, 0x64,
    0xFD, 0xE0, 0xCF, 0x87, 0xD8, 0x49, 0x02, 0xD8, 0xF3, 0x3E, 0xBA, 0xC1, 0xF7, 0x84, 0x1E, 0x51,
    0x58, 0xBB, 0x72, 0xB6, 0x22, 0x46, 0x5A, 0x13, 0x59, 0x2C, 0xD0, 0x4C, 0x05, 0xBA, 0x01, 0x31,
    0xA1, 0x55, 0x9A, 0xFF, 0xCF, 0xDB, 0xE0, 0x60, 0x4F, 0xA7, 0xDB, 0x4F, 0xE9, 0x74, 0x8A, 0x5A,
    0x99, 0xE4, 0x11, 0x1B, 0x14, 0x88, 0xA7, 0x83, 0x44, 0x56, 0xB2, 0x14, 0xDA, 0xE4, 0xDA, 0x89,
    0x84, 0x4D, 0x9A, 0xDA, 0x09, 0xE5, 0xE4, 0xBA, 0x3D, 0xB8, 0xC0, 0x45, 0x7A, 0xF0, 0xDF, 0xB8,
    0x32, 0x4A, 0xCF, 0x0C, 0x26, 0xBA, 0x19, 0x46, 0x3B, 0x02, 0xF6, 0x17, 0x91, 0xED, 0xB2, 0x3D,
    0x53, 0x7B, 0xE9, 0xEF, 0xA3, 0x91, 0x98, 0x7D, 0xB6, 0x11, 0x91, 0xD9, 0xDE, 0x49, 0x5E, 0x39,
    0x5D, 0x0D, 0x1E, 0x76, 0xB0, 0x5C, 0xC9, 0x8D, 0x3E, 0xBD, 0x42, 0x1D, 0xA2, 0xCF, 0x8D, 0x0A,
    0xE0, 0xD4, 0x0D, 0xEC, 0xCA, 0xBE, 0x6A, 0x03, 0xB8, 0xEA, 0xF2, 0xCA, 0xCC, 0x5B, 0xC7, 0x70,
    0x51, 0x02, 0xEB, 0x05, 0xA0, 0x90, 0xC0, 0x13, 0x4F, 0xCA, 0x1E, 0x94, 0xC3, 0x15, 0x68, 0xD9,
    0x00, 0xAE, 0x1C, 0x9B, 0x5D, 0xB3, 0x07, 0x31, 0x57, 0xBC, 0xA9, 0xB1, 0x92, 0x89, 0x35, 0x5F,
    0x37, 0x4E, 0x99, 0x8D, 0x44, 0xD6, 0xBD, 0x66, 0x6A, 0xB9, 0xC3, 0xA4, 0x61, 0x1E, 0xFC, 0x6B,
    0x32, 0x0C, 0xEE, 0x38, 0x9A, 0x40, 0x17, 0x8C, 0xF4, 0x24, 0x9A, 0x3B, 0x49, 0x97, 0xBA, 0xD9,
    0xAC, 0x20, 0xDF, 0xDC, 0x89, 0xDB, 0x5B, 0x2C, 0xD3, 0xFE, 0x78, 0xE7, 0x4A, 0xF6, 0x9F, 0xEC,
    0xB0, 0xAA, 0xE7, 0x3B, 0xB6, 0x7F, 0xBE, 0xE3, 0xF1, 0x64, 0xA7, 0x7A, 0x7B, 0x58, 0x9F, 0xEE,
    0x00, 0xF5, 0xC2, 0x1D, 0x87, 0x43, 0x24, 0x3D, 0x2E, 0x7B, 0x56, 0xA4, 0x22, 0xAB, 0x88, 0x66,
    0x62, 0x83, 0x40, 0xB9, 0xE0, 0x20, 0xA1, 0xBE, 0xA2, 0x9E, 0xB1, 0x02, 0x15, 0x55, 0xF3, 0xF3,
    0xB3, 0x3C, 0xF8, 0x59, 0x0B, 0x3F, 0x47, 0xC0, 0x50, 0x3C, 0x56, 0xFE, 0x47, 0x1D, 0x40, 0xE8,
    0x71, 0x86, 0xC2, 0xE9, 0xB4, 0xCA, 0x95, 0x67, 0x4A, 0xBF, 0xED, 0xD0, 0xF9, 0x3B, 0x21, 0x4D,
    0x22, 0x7F, 0xE2, 0xBA, 0x78, 0x3F, 0x76, 0xE3, 0xC7, 0xEE, 0xFA, 0xD8, 0x2D, 0x1F, 0xBB, 0xDF,
    0x9F, 0x8A, 0xD9, 0x17, 0xA7, 0x2F, 0x36, 0x5F, 0x3C, 0xBE, 0x18, 0x7C, 0x71, 0xF7, 0x62, 0xED,
    0xC5, 0xD7, 0x8B, 0xA9, 0x17, 0x47, 0x2F, 0x76, 0x5E, 0x46, 0x9B, 0x1E, 0x61, 0x09, 0x05, 0xFF,
    0xC4, 0x8F, 0x05, 0x33, 0xCB, 0x32, 0x8E, 0x5F, 0x81, 0x9B, 0xA9, 0x40, 0x52, 0xC0, 0x2B, 0xED,
    0x27, 0xD5, 0x92, 0xEF, 0xE1, 0xF9, 0x12, 0x4F, 0x0D, 0xE5, 0xA7, 0xB6, 0x26, 0x1F, 0x1E, 0xC4,
    0x6B, 0x5F, 0x60, 0x94, 0x7D, 0xE9, 0xF5, 0xD3, 0x48, 0xE0, 0xF5, 0x4E, 0x68, 0x56, 0x74, 0x7F,
    0x99, 0x69, 0x6E, 0x2B, 0xD5, 0xE2, 0xAA, 0x85, 0xF6, 0x16, 0xC1, 0x5A, 0x10, 0xB3, 0xC1, 0xA9,
    0x0B, 0x2C, 0xB8, 0xB0, 0x3D, 0xC4, 0xFA, 0x3F, 0x74, 0x6E, 0x10, 0x67, 0xC3, 0x76, 0x8F, 0xB0,
    0xFD, 0x22, 0xBE, 0xEC, 0x58, 0xCF, 0xA1, 0xDD, 0x11, 0x1F, 0x36, 0x5F, 0x27, 0xDE, 0xCD, 0x9D,
    0x78, 0x77, 0x78, 0xE2, 0x62, 0xF3, 0x24, 0x7D, 0x03, 0xD3, 0xD6, 0xB9, 0xF3, 0x15, 0xD8, 0xBD,
    0x6D, 0x1B, 0x9F, 0x81, 0xC3, 0x0E, 0xAA, 0x25, 0x47, 0x8A, 0x8E, 0xB2, 0x69, 0xE5, 0xCD, 0xB8,
    0xC9, 0x46, 0x06, 0xCA, 0xE6, 0xBF, 0xDA, 0x9E, 0x00, 0xCA, 0x46, 0x3F, 0x33, 0x28, 0x9B, 0xBE,
    0xFD, 0x4F, 0xCC, 0xB2, 0xB1, 0x7D, 0xC2, 0x0A, 0xFD, 0x28, 0x44, 0xA4, 0x5A, 0xA8, 0x03, 0x82,
    0x4A, 0x8F, 0x0A, 0x04, 0xD9, 0xDD, 0x77, 0x90, 0x76, 0xE0, 0x76, 0x40, 0xD9, 0x50, 0x34, 0x03,
    0x65, 0xA3, 0xBD, 0x76, 0x3D, 0x65, 0x03, 0xB9, 0x4F, 0xB9, 0xD5, 0x56, 0x62, 0x96, 0x8D, 0x26,
    0xC0, 0xC4, 0x65, 0xE2, 0xCC, 0x4D, 0xE0, 0x7E, 0x7D, 0xF4, 0x4A, 0xB3, 0x9F, 0xCD, 0x97, 0xBD,
    0xE4, 0x46, 0x3E, 0x5D, 0x41, 0xEA, 0x27, 0xD4, 0xEA, 0x9B, 0x33, 0xE9, 0xF6, 0x11, 0x36, 0x54,
    0xD1, 0xC3, 0x69, 0xE9, 0x76, 0x48, 0x30, 0x23, 0xF3, 0x6C, 0x83, 0x99, 0xA2, 0xD6, 0x55, 0xCF,
    0x3A, 0xE3, 0xB8, 0xCD, 0x2B, 0x38, 0x3B, 0xCE, 0xFA, 0xAC, 0x1A, 0xCA, 0xD4, 0x4E, 0xFA, 0xE4,
    0xD8, 0x44, 0x35, 0x20, 0x3D, 0xE5, 0x28, 0x02, 0xFC, 0x1E, 0xBB, 0x23, 0x97, 0xB7, 0x12, 0xD1,
    0xBC, 0x0B, 0xF4, 0xBC, 0xE0, 0x33, 0x62, 0xF0, 0xBD, 0xA8, 0x90, 0x43, 0xC6, 0xD1, 0xC8, 0xFB,
    0x57, 0x92, 0x7E, 0x3D, 0x02, 0x92, 0xC7, 0x00, 0x56, 0x23, 0xA7, 0xB3, 0x22, 0x56, 0xB4, 0xA0,
    0x92, 0x19, 0xAC, 0xEA, 0x82, 0xE6, 0x9B, 0x98, 0x2B, 0xEB, 0xDB, 0x90, 0x90, 0x68, 0xCD, 0x6A,
    0xE3, 0x24, 0xA9, 0xD3, 0xEC, 0xE9, 0x94, 0xB9, 0x4A, 0xDA, 0xFB, 0x5E, 0xA9, 0x79, 0x84, 0xD6,
    0x82, 0x7C, 0x41, 0x96, 0x95, 0xCF, 0xF4, 0xD4, 0x5C, 0xBD, 0xD3, 0x13, 0x72, 0x07, 0xE8, 0xC5,
    0xD5, 0xC2, 0x2E, 0xD0, 0xA7, 0xD9, 0x09, 0xE6, 0x32, 0x3D, 0xB9, 0xE2, 0xE5, 0x7A, 0x97, 0xAB,
    0xDD, 0xCC, 0xA5, 0xB8, 0x2F, 0xC6, 0x66, 0x2A, 0x57, 0xF8, 0x2D, 0xD0, 0x89, 0xEF, 0x2B, 0x1E,
    0x2B, 0x09, 0xCD, 0x02, 0x23, 0x6A, 0x67, 0xED, 0x88, 0x6E, 0x6A, 0x64, 0xB4, 0x03, 0x5C, 0xDF,
    0xFD, 0x6B, 0x76, 0x80, 0xE7, 0x55, 0x4D, 0x00, 0xEF, 0x61, 0xDC, 0x24, 0x79, 0x61, 0xE4, 0xF5,
    0xDC, 0x74, 0x68, 0xF7, 0xB8, 0x6E, 0x51, 0xC5, 0x1C, 0x19, 0x1D, 0xAB, 0x58, 0xE0, 0xAD, 0xDA,
    0x30, 0xAF, 0xA1, 0xD6, 0xC6, 0x2B, 0x48, 0x7E, 0x03, 0xAF, 0x1F, 0xDC, 0x8A, 0x72, 0xF5, 0x70,
    0x64, 0x85, 0x1B, 0x2A, 0xF7, 0xE9, 0x36, 0x7D, 0xE5, 0x9F, 0x5A, 0xAE, 0xA0, 0xCB, 0x53, 0xE6,
    0xBB, 0xB4, 0x31, 0x7F, 0x10, 0x99, 0x72, 0x33, 0xEA, 0x74, 0xD6, 0x8A, 0x47, 0x40, 0xA7, 0x8A,
    0x22, 0xE5, 0x63, 0xC3, 0xF6, 0x37, 0x2C, 0x27, 0xA7, 0x18, 0xF8, 0xB1, 0x3F, 0x9D, 0xFC, 0x29,
    0xF5, 0xA8, 0x24, 0x0F, 0x65, 0x77, 0x43, 0x32, 0xD8, 0xC9, 0x02, 0x56, 0xB9, 0x1F, 0x3D, 0x88,
    0x54, 0xEF, 0x73, 0x24, 0x72, 0x26, 0x90, 0x5F, 0x9E, 0x97, 0x11, 0xDF, 0xFA, 0x44, 0x02, 0x33,
    0x55, 0xB1, 0x99, 0x9B, 0xD9, 0xDD, 0x49, 0x7A, 0x3D, 0xD3, 0xCB, 0x79, 0x9E, 0x8C, 0x34, 0x73,
    0xE5, 0x97, 0xCC, 0x76, 0x2B, 0xBE, 0x03, 0x03, 0x00, 0xCD, 0x7B, 0x01, 0xC4, 0x2D, 0x5B, 0x96,
    0xDE, 0x77, 0xAA, 0xFA, 0xDE, 0xE2, 0x15, 0x53, 0x41, 0x77, 0xF3, 0x5E, 0x98, 0x82, 0xA0, 0x67,
    0x84, 0x82, 0x81, 0x89, 0x66, 0xD7, 0xCB, 0x60, 0x10, 0xE4, 0x91, 0x7E, 0x46, 0x1A, 0x12, 0x3C,
    0x00, 0x5E, 0x00, 0xA0, 0x5F, 0x55, 0x4F, 0x10, 0x34, 0xFA, 0x8A, 0x04, 0x40, 0x2E, 0x32, 0xF4,
    0xFC, 0x7F, 0x38, 0x83, 0x20, 0xE8, 0x9C, 0x5D, 0x99, 0x06, 0x40, 0xD7, 0xCC, 0x88, 0x20, 0xE8,
    0x92, 0x69, 0x46, 0xFE, 0x8B, 0xAE, 0x64, 0x2A, 0x93, 0xBA, 0xFF, 0xDB, 0xB5, 0x57, 0xEA, 0x5B,
    0xAB, 0xF6, 0xB9, 0xE7, 0xEF, 0x7B, 0x5F, 0xF7, 0xD3, 0xD3, 0xC8, 0xBE, 0xFF, 0xD9, 0x6B, 0xD5,
    0xA9, 0x3A, 0xBB, 0xD6, 0x5A, 0x6B, 0xAD, 0xB5, 0xD7, 0x5E, 0x7B, 0x5F, 0xE4, 0x03, 0xF8, 0x29,
    0x7A, 0xCC, 0x45, 0x8B, 0x19, 0x47, 0xFB, 0x26, 0xF0, 0x1B, 0xFB, 0xA7, 0xC6, 0x4D, 0xE3, 0x33,
    0xFC, 0xA4, 0xDF, 0x88, 0xC8, 0xCC, 0xCF, 0x0C, 0xFC, 0x5A, 0x3F, 0x69, 0xDC, 0xD3, 0xB7, 0x50,
    0x4B, 0xEB, 0x64, 0x90, 0x6A, 0x0E, 0x39, 0xFF, 0xB6, 0x62, 0xF6, 0xE7, 0xC9, 0xC9, 0x50, 0x46,
    0x00, 0x08, 0xFF, 0xC9, 0x85, 0xE0, 0xF6, 0x3E, 0xC2, 0x77, 0xAF, 0xB6, 0x46, 0xD6, 0x42, 0x5E,
    0xE0, 0x7D, 0xA0, 0x90, 0x05, 0xB5, 0x6C, 0x70, 0xBD, 0xC7, 0x05, 0x4D, 0x1F, 0x50, 0x0D, 0xE9,
    0xB3, 0xA1, 0x1E, 0x3C, 0x5C, 0xEF, 0x1E, 0x04, 0x95, 0x04, 0x64, 0x32, 0xA2, 0x0A, 0xE8, 0xA4,
    0x15, 0x3F, 0x84, 0xFD, 0xFE, 0x7E, 0x5B, 0xFA, 0x26, 0xE2, 0xF4, 0x02, 0x00, 0xCA, 0x15, 0x4E,
    0xE0, 0x7D, 0xBF, 0xDF, 0xB2, 0xBF, 0x1D, 0x77, 0xC2, 0xEF, 0x91, 0xCF, 0xB8, 0xE9, 0x76, 0xFA,
    0xAA, 0xE1, 0x5D, 0xDD, 0x06, 0x7D, 0x25, 0xDF, 0xD9, 0xC3, 0xA3, 0x7E, 0x3C, 0x6F, 0x28, 0x44,
    0x16, 0xC0, 0x4B, 0x0F, 0x94, 0xF2, 0xFA, 0x53, 0x79, 0xB1, 0xE3, 0x2D, 0x20, 0x6C, 0xA1, 0x14,
    0x59, 0x51, 0xC8, 0x83, 0x97, 0x7B, 0xE9, 0x1E, 0xEF, 0x05, 0xF5, 0x8A, 0x50, 0x0F, 0x9D, 0xB4,
    0x68, 0x06, 0x37, 0xE4, 0x73, 0x31, 0x55, 0x01, 0xCD, 0xE7, 0x53, 0x87, 0x6A, 0xCC, 0xE7, 0x72,
    0x85, 0xC8, 0x1C, 0x51, 0xF1, 0xCE, 0x9C, 0xC7, 0xF3, 0x1A, 0xD0, 0xB4, 0xF5, 0xA4, 0x57, 0x21,
    0xC0, 0xE5, 0xD2, 0xEF, 0x74, 0x4C, 0x30, 0xBC, 0x25, 0x4D, 0x8A, 0x9F, 0xCE, 0xB3, 0xE1, 0x1B,
    0x1C, 0xB2, 0xD5, 0x70, 0x0F, 0xD7, 0x1A, 0x2F, 0xA7, 0xE0, 0xFA, 0x66, 0x20, 0x5E, 0x4E, 0xF9,
    0xDA, 0x4C, 0xD5, 0x94, 0x05, 0x8E, 0x59, 0xCC, 0x55, 0x28, 0xE2, 0x79, 0xC9, 0xF7, 0x77, 0xF9,
    0xFD, 0xCE, 0x49, 0x64, 0x7F, 0x17, 0x44, 0x7A, 0xFC, 0x09, 0x9A, 0x88, 0x1D, 0x6F, 0x5E, 0x1F,
    0x7C, 0xF5, 0xF0, 0xB1, 0x05, 0x0E, 0xCE, 0xD6, 0x52, 0xD9, 0xBE, 0xE1, 0x2D, 0x02, 0xE4, 0x6E,
    0x33, 0xEE, 0x5C, 0x0F, 0x5C, 0xF9, 0x43, 0x39, 0x00, 0x57, 0x0E, 0xFF, 0xAE, 0xCC, 0x40, 0xE2,
    0x11, 0x22, 0xAF, 0x81, 0x80, 0xA6, 0x57, 0x2E, 0xF7, 0xA1, 0x06, 0x5C, 0xF9, 0x9C, 0x11, 0x17,
    0x24, 0x4E, 0x49, 0xFF, 0x0F, 0x91, 0x78, 0x25, 0x67, 0x0E, 0x89, 0x5B, 0x07, 0x84, 0xA6, 0x4D,
    0xFC, 0x3A, 0x9C, 0x42, 0xDD, 0x27, 0x8E, 0x5D, 0x9B, 0xAF, 0xD5, 0x60, 0x3C, 0x73, 0x94, 0x9D,
    0xE7, 0x21, 0x71, 0x5D, 0x3D, 0xFA, 0xA9, 0x1A, 0x12, 0xDF, 0xB9, 0x48, 0x5F, 0x0F, 0x57, 0xCE,
    0xFD, 0x8A, 0x66, 0xC0, 0x4D, 0x73, 0xFD, 0xED, 0x95, 0xBF, 0xBD, 0xC8, 0xE2, 0x1B, 0xFC, 0xB7,
    0xD0, 0xAC, 0x37, 0x3F, 0x12, 0x99, 0x70, 0x6D, 0x9D, 0x44, 0xDC, 0xB4, 0x7F, 0xDA, 0x52, 0x68,
    0x32, 0xD1, 0x72, 0x33, 0x91, 0xAD, 0x91, 0x80, 0x2A, 0xDE, 0x89, 0x7F, 0x25, 0x7C, 0x77, 0xB3,
    0xC1, 0x0D, 0x9D, 0xF4, 0xD5, 0x8A, 0x6A, 0xF4, 0x32, 0x17, 0x0B, 0xCA, 0x49, 0x5E, 0xED, 0x0C,
    0xA3, 0x98, 0xB7, 0x53, 0xD8, 0x61, 0x3E, 0x07, 0x3C, 0x85, 0x97, 0xCC, 0xA0, 0x7B, 0xB5, 0xEC,
    0xB0, 0x9C, 0x6A, 0x55, 0x69, 0x35, 0x16, 0x14, 0x22, 0x9C, 0x71, 0x74, 0x92, 0x16, 0xDF, 0xBE,
    0xBB, 0xBB, 0xF3, 0x1B, 0x6A, 0x61, 0x9B, 0xD1, 0x11, 0x44, 0x40, 0x5A, 0x68, 0x0B, 0x78, 0x0A,
    0xD3, 0xF7, 0x4E, 0xB4, 0x8D, 0xD5, 0x01, 0x39, 0xCE, 0xDE, 0xFA, 0xC4, 0x07, 0xFC, 0x58, 0xC7,
    0x2B, 0x37, 0x85, 0xAC, 0x5E, 0x46, 0xF2, 0x24, 0x3B, 0x4F, 0xD5, 0xA3, 0xEC, 0x72, 0x6F, 0xFE,
    0xC8, 0x38, 0x6B, 0x06, 0x37, 0x67, 0xA1, 0x93, 0x51, 0xF9, 0x73, 0x6D, 0x3D, 0x60, 0x4B, 0x5C,
    0x3A, 0x54, 0x03, 0x3A, 0xF9, 0x3D, 0xE3, 0x55, 0xAF, 0x5C, 0x30, 0x8E, 0xD3, 0x15, 0xEC, 0xAA,
    0x69, 0x79, 0xB5, 0x1D, 0x57, 0x46, 0x62, 0x92, 0x81, 0xC9, 0x3C, 0x49, 0x02, 0x6C, 0x97, 0x24,
    0x0F, 0xB0, 0x6D, 0xB7, 0x52, 0xC9, 0xC2, 0x55, 0x36, 0xE8, 0x51, 0x2E, 0x49, 0x42, 0xC8, 0xE4,
    0x4E, 0xA6, 0x24, 0x27, 0xB2, 0x26, 0x6D, 0x92, 0x16, 0x76, 0x73, 0x5E, 0xAE, 0xB2, 0x49, 0x12,
    0xFB, 0xE2, 0xAB, 0xF4, 0xE4, 0x53, 0x59, 0xDA, 0x55, 0xF5, 0xE4, 0xEA, 0x2A, 0x57, 0xC0, 0x5E,
    0xF3, 0x53, 0x9C, 0xF8, 0xE6, 0x32, 0xEE, 0xC4, 0x34, 0x03, 0xAA, 0xC5, 0x49, 0x9F, 0x05, 0x2F,
    0x33, 0xE2, 0x6E, 0x13, 0xF0, 0x31, 0x0B, 0x94, 0x4A, 0xEA, 0xE2, 0x69, 0xEF, 0xBA, 0xDF, 0x5F,
    0xD1, 0x39, 0x3E, 0x52, 0xCA, 0x90, 0x05, 0x7C, 0x82, 0x7A, 0x67, 0xEB, 0x5E, 0x46, 0x72, 0x43,
    0x95, 0xBF, 0x34, 0x8A, 0x02, 0x52, 0xA7, 0x97, 0xA4, 0x6B, 0xAB, 0xD8, 0x91, 0x8A, 0x1F, 0xE8,
    0xCB, 0x51, 0x4A, 0xDB, 0x2D, 0x46, 0x03, 0x3A, 0xF9, 0x4B, 0x89, 0x50, 0x52, 0x20, 0xF7, 0xF2,
    0x28, 0xED, 0xAE, 0xD4, 0x6A, 0xC9, 0x02, 0xE8, 0x42, 0x4E, 0xC6, 0x2C, 0xE4, 0x8B, 0xBA, 0xBC,
    0xD2, 0x47, 0x11, 0xA3, 0x98, 0x77, 0x75, 0xC2, 0x13, 0xA7, 0xB9, 0x92, 0xBC, 0x84, 0x93, 0xDE,
    0x6C, 0x51, 0x7C, 0x23, 0x0E, 0x36, 0x9A, 0x72, 0xC2, 0x0B, 0x9A, 0x33, 0x3A, 0xA2, 0x66, 0xD2,
    0x88, 0x44, 0xCD, 0xAC, 0x4D, 0x6F, 0xEA, 0xAC, 0x64, 0x0F, 0xCF, 0x01, 0xDF, 0x2A, 0x97, 0x40,
    0xC5, 0xC0, 0xA4, 0xCC, 0x82, 0x60, 0x35, 0x9E, 0x61, 0x01, 0x5B, 0xDA, 0x77, 0xAB, 0x29, 0xBC,
    0x5B, 0x61, 0x26, 0x96, 0x03, 0xAF, 0x6E, 0x70, 0x13, 0x92, 0x35, 0xBA, 0x40, 0xB3, 0xA1, 0x12,
    0x06, 0x95, 0xC1, 0xBD, 0xDA, 0xF2, 0x78, 0x9E, 0x3B, 0xF8, 0x72, 0xCE, 0x97, 0x0D, 0x8E, 0xB1,
    0x38, 0x10, 0x60, 0x07, 0x5D, 0x35, 0x22, 0xC8, 0x77, 0x63, 0xB9, 0x94, 0x41, 0x24, 0xE4, 0x22,
    0x3B, 0x60, 0x48, 0x5C, 0xBB, 0xF7, 0x5B, 0x3C, 0xFF, 0x27, 0x8B, 0xDA, 0x65, 0x35, 0x57, 0x0B,
    0x80, 0x6E, 0x28, 0xE4, 0xE1, 0xEE, 0x2C, 0x24, 0x5D, 0x64, 0x4D, 0xA0, 0x8C, 0x1F, 0xE1, 0xEB,
    0xD2, 0xD6, 0x23, 0x19, 0x1C, 0x5D, 0x6B, 0xC2, 0x32, 0xF9, 0x25, 0xD0, 0xEB, 0x28, 0xB5, 0x8E,
    0x32, 0x96, 0x3A, 0x4A, 0x0F, 0x9D, 0x9F, 0x80, 0xE7, 0x22, 0xB1, 0xB5, 0x79, 0xB6, 0x51, 0xEF,
    0x15, 0xF9, 0x87, 0xB4, 0xEC, 0x5C, 0x1E, 0xFC, 0xCF, 0xE2, 0x9D, 0x0C, 0xD5, 0x82, 0x52, 0x46,
    0x94, 0x0C, 0xC0, 0xB9, 0xA0, 0x8C, 0xAB, 0x03, 0x4E, 0x11, 0x4E, 0xC2, 0xE5, 0x6B, 0x40, 0x80,
    0xDC, 0xC7, 0x28, 0x33, 0xA8, 0x50, 0x1D, 0x32, 0xE4, 0x2B, 0xDC, 0xCE, 0x95, 0x7A, 0xA4, 0x0B,
    0xE8, 0x12, 0xE2, 0x9E, 0x22, 0xDD, 0x85, 0x48, 0xB6, 0x22, 0x3A, 0x5C, 0xF8, 0xF3, 0x53, 0x68,
    0x5E, 0x05, 0x0E, 0x78, 0x5E, 0x4B, 0xD1, 0xC0, 0x2F, 0xD3, 0x49, 0x46, 0x04, 0x94, 0x49, 0x0B,
    0x8D, 0xBC, 0x48, 0x62, 0x4E, 0xD2, 0xAF, 0xE2, 0xBD, 0xDD, 0xA5, 0x17, 0x3B, 0x73, 0x1E, 0x01,
    0xCA, 0x99, 0x08, 0x23, 0x46, 0xBE, 0x32, 0x91, 0xC8, 0x97, 0x7C, 0x3E, 0x05, 0xB2, 0xB9, 0x7F,
    0x33, 0x63, 0x6B, 0x68, 0xBF, 0xC4, 0x2E, 0x5D, 0xEF, 0xDB, 0x6A, 0x22, 0x41, 0x11, 0xCD, 0x50,
    0x8D, 0x46, 0x63, 0x35, 0x54, 0xC3, 0x17, 0x61, 0x11, 0x75, 0x6F, 0x58, 0x07, 0x77, 0x77, 0x7E,
    0xB8, 0x9F, 0xD1, 0x35, 0xBD, 0xB3, 0xF8, 0x70, 0x29, 0x71, 0x60, 0x4A, 0x60, 0xC9, 0xF1, 0x02,
    0xB1, 0x62, 0x7F, 0x47, 0x46, 0x4C, 0x29, 0xC8, 0x17, 0x62, 0x9C, 0xBC, 0x8C, 0x52, 0xC4, 0x72,
    0xAE, 0x07, 0xE3, 0x43, 0x46, 0xD7, 0x1B, 0x6F, 0xD2, 0xFF, 0x26, 0xAC, 0x7D, 0x02, 0x5C, 0x23,
    0xC1, 0x6A, 0x08, 0x5D, 0xD1, 0x7E, 0x51, 0xCA, 0x9D, 0xB7, 0x51, 0xDC, 0x84, 0x22, 0x28, 0xE6,
    0x5B, 0x18, 0x05, 0xD8, 0x38, 0x99, 0xA9, 0x0C, 0x56, 0xD2, 0x7C, 0x95, 0x81, 0xBB, 0xCA, 0xC0,
    0x5D, 0x65, 0x70, 0x91, 0x24, 0x83, 0x90, 0xF8, 0x2D, 0x97, 0x84, 0xF9, 0x31, 0x61, 0xD2, 0x27,
    0x19, 0x9C, 0xE7, 0x24, 0x83, 0x2C, 0x5C, 0x65, 0x10, 0xAF, 0x32, 0xE8, 0xAE, 0x32, 0x70, 0x49,
    0x06, 0x8A, 0x19, 0x05, 0x5D, 0x92, 0x01, 0x24, 0xC9, 0x20, 0x33, 0x9A, 0x9D, 0xFC, 0xF9, 0xC1,
    0x66, 0x25, 0xFF, 0x52, 0xC6, 0x43, 0x06, 0xA7, 0x4F, 0x68, 0xB0, 0xAF, 0x81, 0x1B, 0x6B, 0xE8,
    0x52, 0xC4, 0x34, 0x9B, 0xC8, 0xE4, 0xC1, 0xAF, 0x37, 0x96, 0x51, 0xAE, 0xC8, 0x37, 0xBC, 0xB1,
    0x0F, 0x3A, 0x8A, 0xB7, 0x6B, 0xC9, 0x5E, 0x96, 0x4C, 0x24, 0x60, 0xD2, 0x36, 0x5B, 0xE9, 0xBE,
    0xC6, 0x48, 0x42, 0x2F, 0x36, 0x8B, 0x89, 0x32, 0x93, 0x67, 0x09, 0x87, 0xDD, 0x88, 0x50, 0x06,
    0x4C, 0x39, 0xCD, 0x7A, 0x68, 0xE8, 0x95, 0xA6, 0xA1, 0x66, 0x43, 0x01, 0xDE, 0x52, 0xD3, 0xAB,
    0x25, 0xB9, 0x1D, 0x4F, 0x72, 0xB3, 0x6B, 0xD7, 0xBF, 0xB9, 0xA6, 0x13, 0x78, 0xBC, 0xB9, 0x76,
    0xB8, 0x9C, 0xA2, 0xA6, 0xBA, 0x76, 0xBD, 0xBB, 0x04, 0x13, 0xD7, 0x3E, 0xD9, 0x59, 0x29, 0x4B,
    0x39, 0xA1, 0xBE, 0x5A, 0xDB, 0x49, 0xC6, 0xBC, 0x45, 0x71, 0x6B, 0x73, 0xD6, 0x92, 0xE5, 0xA5,
    0x96, 0xEC, 0x2F, 0xB5, 0x64, 0x85, 0xD6, 0x9E, 0xDA, 0xA2, 0xB5, 0x58, 0x4E, 0xF5, 0x60, 0xE8,
    0x13, 0xBB, 0x4C, 0xAD, 0x92, 0x36, 0x59, 0xE7, 0xAD, 0x8D, 0x7A, 0x59, 0xA1, 0x21, 0xB7, 0x87,
    0xC4, 0xBB, 0x9D, 0xBC, 0xA8, 0x31, 0x6C, 0x4A, 0xA1, 0xA8, 0x98, 0xBB, 0xF7, 0x81, 0x86, 0x33,
    0x43, 0x25, 0xAD, 0x48, 0xA8, 0x22, 0x76, 0x29, 0xBE, 0x47, 0xEB, 0xF2, 0x28, 0x16, 0x4A, 0xE8,
    0xA4, 0x89, 0x2C, 0xC2, 0x45, 0x7B, 0xD7, 0x5E, 0x90, 0x31, 0x38, 0x7C, 0x70, 0x5E, 0x76, 0xFE,
    0x2D, 0x2C, 0x34, 0x31, 0xBD, 0xAB, 0x4B, 0xEF, 0xCB, 0x45, 0x5A, 0x7B, 0x67, 0xF5, 0xE8, 0x8F,
    0xF7, 0x36, 0x43, 0x99, 0xDE, 0x8D, 0x7C, 0xB1, 0xF7, 0xBF, 0x8F, 0x6C, 0x35, 0x1A, 0xA8, 0x75,
    0xA3, 0x03, 0x40, 0x30, 0x5A, 0x88, 0x19, 0x3D, 0xC4, 0x8C, 0x26, 0x62, 0x46, 0xD7, 0x07, 0x57,
    0xDA, 0x98, 0x7A, 0x26, 0xFA, 0xF2, 0xC5, 0x68, 0xDC, 0xB5, 0x3E, 0x1B, 0x9D, 0xA4, 0xC0, 0x68,
    0x25, 0x55, 0x4A, 0xAF, 0x51, 0x6A, 0x34, 0xFB, 0xA5, 0x90, 0xD6, 0xA8, 0x2E, 0x24, 0x3A, 0x99,
    0xAE, 0x74, 0xCB, 0x79, 0x49, 0x94, 0x57, 0xEB, 0x29, 0x1C, 0xB4, 0xB7, 0xC5, 0x8C, 0xCD, 0xA8,
    0x77, 0xA0, 0x9D, 0x19, 0xFD, 0x8A, 0x3B, 0xE3, 0xC0, 0x70, 0xE3, 0xA1, 0x69, 0x15, 0x4F, 0x5C,
    0x00, 0xEE, 0xCA, 0x07, 0xD0, 0x19, 0x27, 0x8A, 0x5F, 0x94, 0x17, 0xC3, 0xB7, 0xCB, 0x15, 0xCF,
    0x0E, 0x99, 0x03, 0xFF, 0x11, 0xE5, 0x62, 0x1C, 0x01, 0xF2, 0xE0, 0x27, 0xE3, 0x09, 0x20, 0xE5,
    0x49, 0x0B, 0xA5, 0xB9, 0xAA, 0xE2, 0x16, 0x97, 0x26, 0x45, 0x8A, 0x78, 0x3E, 0x7C, 0x78, 0x4C,
    0x73, 0x74, 0x8F, 0x8B, 0xD1, 0x03, 0x73, 0xFE, 0x67, 0x7E, 0x4F, 0xB1, 0xFE, 0x8D, 0xFA, 0x2E,
    0xDB, 0x84, 0xDA, 0x90, 0x0D, 0x6E, 0x72, 0x80, 0x7B, 0x2E, 0xF0, 0x70, 0x30, 0xA7, 0xB1, 0x5F,
    0x55, 0x43, 0xB0, 0x71, 0x6C, 0x15, 0x88, 0x6D, 0xEF, 0x04, 0xD5, 0x94, 0x07, 0x66, 0xCB, 0x0F,
    0x12, 0xCF, 0xF3, 0x9D, 0xA0, 0x96, 0x28, 0xF2, 0xE7, 0x1A, 0x10, 0xA6, 0x3A, 0xEE, 0x1D, 0xDF,
    0xF1, 0x9A, 0xB2, 0xD4, 0x88, 0xB1, 0x43, 0x8D, 0x14, 0x3B, 0xD4, 0x08, 0xB1, 0x43, 0x46, 0x06,
    0xD9, 0xA1, 0x45, 0x84, 0x7C, 0xFE, 0x4C, 0x23, 0x41, 0x3E, 0x6B, 0x04, 0xD8, 0xA1, 0x48, 0x50,
    0x48, 0x8F, 0x27, 0xDC, 0xE0, 0x15, 0x9A, 0x87, 0x1B, 0x74, 0xBB, 0xDC, 0xCD, 0xA3, 0xF3, 0x99,
    0x9E, 0xCC, 0x71, 0xE9, 0xC1, 0xDB, 0xC7, 0x7F, 0x30, 0x97, 0xB2, 0x14, 0xF4, 0x51, 0x7A, 0x2C,
    0x21, 0x5E, 0xE2, 0xE4, 0x17, 0x64, 0x2B, 0x2A, 0x11, 0xD0, 0xC9, 0x1F, 0xFD, 0x50, 0x8F, 0xE8,
    0xDA, 0x6A, 0x76, 0x3D, 0x87, 0x58, 0x3A, 0x60, 0x43, 0xB6, 0x46, 0xD5, 0x4A, 0x08, 0xBF, 0x00,
    0x6C, 0x04, 0x59, 0xB8, 0xE0, 0x14, 0xF8, 0x3B, 0x8E, 0x5A, 0xCE, 0x6E, 0x28, 0x16, 0xD4, 0x34,
    0xAA, 0x19, 0x9E, 0xDE, 0x31, 0xE0, 0x33, 0xA0, 0xDB, 0x80, 0xBF, 0x07, 0x95, 0x48, 0x27, 0x3D,
    0xAA, 0xA1, 0x16, 0x5D, 0xC5, 0xAE, 0x47, 0x5C, 0x6B, 0x98, 0x32, 0x69, 0x48, 0x1B, 0x5C, 0x7F,
    0x8D, 0x66, 0x17, 0x2A, 0x2F, 0xAD, 0xBB, 0xF7, 0x6B, 0x43, 0x03, 0x34, 0x70, 0x5D, 0xD0, 0xB4,
    0x07, 0xEA, 0x2C, 0x32, 0xC9, 0x8E, 0x56, 0xED, 0x15, 0x3D, 0xE1, 0x83, 0xBB, 0xC8, 0x6C, 0xB6,
    0x1A, 0xAE, 0x09, 0xD6, 0x97, 0x44, 0xB7, 0x8F, 0xF7, 0xF6, 0xCF, 0x14, 0x15, 0x6D, 0x4F, 0xD0,
    0x42, 0x56, 0xD4, 0xD2, 0x6B, 0xDE, 0xF2, 0x21, 0x79, 0x60, 0xDE, 0xF2, 0xDF, 0x22, 0x39, 0x60,
    0xDE, 0x32, 0xC1, 0x43, 0xF3, 0x96, 0x96, 0xCA, 0xA1, 0x69, 0x02, 0x1D, 0x98, 0xB7, 0x6C, 0xC8,
    0x36, 0x68, 0xDE, 0x02, 0x59, 0x20, 0x12, 0x88, 0x4C, 0xD0, 0xBC, 0x05, 0xF7, 0x1B, 0x34, 0x6F,
    0x01, 0x5C, 0xAB, 0xE9, 0x0A, 0x39, 0xDE, 0x0C, 0x21, 0xB7, 0x07, 0x42, 0x1F, 0x09, 0x34, 0x12,
    0xCB, 0x5B, 0x1E, 0xA4, 0xD5, 0xBC, 0xE5, 0x24, 0x11, 0x9A, 0xB7, 0x50, 0xC6, 0xD6, 0xDC, 0x97,
    0x02, 0x7E, 0x25, 0x28, 0x44, 0x08, 0x76, 0xAD, 0x0D, 0x70, 0x9C, 0x8D, 0x27, 0x38, 0x30, 0x00,
    0x10, 0x20, 0xBF, 0x01, 0xBF, 0x05, 0x7E, 0xA9, 0xFE, 0x05, 0xB7, 0x4B, 0xE9, 0xD3, 0xFF, 0xFA,
    0x71, 0x27, 0x4F, 0x5A, 0x9A, 0x18, 0x63, 0x0B, 0x6B, 0x0D, 0x65, 0x64, 0x4D, 0x1E, 0xCF, 0x62,
    0x58, 0xBE, 0x31, 0xBD, 0x54, 0xB4, 0x9A, 0x59, 0x8D, 0x00, 0x9E, 0xB7, 0xA8, 0x07, 0xD0, 0x4A,
    0x4F, 0xB2, 0xA1, 0xE9, 0x59, 0x8B, 0x40, 0x29, 0xD2, 0x3B, 0xB0, 0x14, 0x81, 0x7A, 0x6A, 0x06,
    0x07, 0x56, 0x22, 0x38, 0xF3, 0xD9, 0x72, 0x2D, 0x80, 0x37, 0x13, 0x4A, 0xCB, 0xEF, 0xAF, 0x68,
    0x4D, 0x23, 0x08, 0xF8, 0x2A, 0x8A, 0xB9, 0x9A, 0x58, 0x84, 0xB0, 0xE4, 0x7D, 0x65, 0x0D, 0xE2,
    0xEE, 0x8E, 0x73, 0x9B, 0xB0, 0x04, 0x91, 0xC8, 0x16, 0xE9, 0x0D, 0x0B, 0x68, 0x36, 0x2A, 0x77,
    0xE2, 0x5C, 0x5F, 0x1D, 0x5F, 0x39, 0x79, 0x25, 0x72, 0x2F, 0xB8, 0x94, 0xB3, 0x9F, 0xD1, 0xF5,
    0x5C, 0xD7, 0x4F, 0xA8, 0xAD, 0x46, 0x43, 0x03, 0x2D, 0x0C, 0xFA, 0xF3, 0xB8, 0xC3, 0xA6, 0x6F,
    0x84, 0x84, 0x78, 0x64, 0x91, 0xAF, 0xA2, 0xC1, 0xB0, 0x2D, 0xE8, 0x08, 0x3E, 0xDF, 0x10, 0x75,
    0xD1, 0xD7, 0xA9, 0x2E, 0x19, 0x47, 0xB9, 0x6C, 0xFD, 0x7E, 0xDF, 0xC1, 0xDF, 0xC9, 0x5A, 0x3E,
    0x0A, 0x9C, 0xCE, 0x2D, 0x41, 0xED, 0x09, 0x7E, 0xD2, 0x82, 0x88, 0x16, 0x7C, 0x1C, 0xB2, 0x1E,
    0x30, 0xAA, 0x78, 0x55, 0x4E, 0x5A, 0x10, 0x51, 0xC1, 0x3A, 0x70, 0x59, 0xBB, 0x50, 0xA9, 0xAA,
    0xC8, 0x8C, 0x4B, 0x5E, 0xCE, 0x18, 0xCD, 0x08, 0x07, 0x08, 0x3A, 0x0A, 0xAB, 0x55, 0xED, 0xC2,
    0xB5, 0x51, 0xBD, 0xA7, 0x54, 0x7D, 0x36, 0x3D, 0x45, 0x6E, 0xF9, 0x03, 0xC8, 0x97, 0xAA, 0xDF,
    0xAE, 0xAA, 0xC1, 0x04, 0xFA, 0xEE, 0xAB, 0xED, 0xE6, 0xAA, 0x1E, 0x7C, 0xBA, 0xEA, 0x58, 0x90,
    0xE1, 0xBF, 0x72, 0xCE, 0x95, 0x9C, 0x0E, 0xF5, 0xC4, 0x0C, 0x25, 0x0B, 0x27, 0x99, 0xB2, 0x88,
    0x32, 0xA8, 0xB9, 0xC9, 0xFD, 0xFF, 0x8D, 0xE7, 0xC0, 0x4C, 0x40, 0x6D, 0x50, 0xFE, 0x4C, 0xC8,
    0xF1, 0xBF, 0x20, 0x0F, 0x28, 0xA3, 0x05, 0x78, 0x5B, 0x29, 0xFC, 0x6B, 0xD9, 0x70, 0x2C, 0x16,
    0xD8, 0x46, 0xF5, 0xBB, 0x9F, 0xC4, 0x7B, 0x8D, 0xA9, 0xB6, 0x64, 0x28, 0x64, 0xCA, 0x37, 0xF3,
    0x3E, 0xD4, 0x7F, 0xBA, 0x42, 0x70, 0x2C, 0x1C, 0xC0, 0x72, 0x9E, 0xF9, 0x60, 0x50, 0x0B, 0xB7,
    0xE5, 0xC3, 0x0A, 0x2E, 0xE5, 0x6D, 0x05, 0xB1, 0x68, 0x84, 0x49, 0x8B, 0x08, 0x4A, 0x26, 0xA0,
    0xBB, 0xC1, 0xDD, 0x81, 0xD7, 0x8A, 0xDB, 0xF3, 0x4D, 0x9F, 0x16, 0x14, 0x4D, 0xDF, 0xC1, 0xD6,
    0x14, 0x1B, 0xBA, 0x36, 0xC2, 0xDC, 0xD3, 0xBF, 0x8A, 0x45, 0x40, 0x5A, 0x59, 0xF0, 0xF7, 0xB6,
    0xB8, 0x28, 0x64, 0x3C, 0x69, 0x00, 0x79, 0xB1, 0xA3, 0x22, 0xA8, 0x1F, 0xEF, 0x85, 0x91, 0xAF,
    0x34, 0xCF, 0xB4, 0x6E, 0xB2, 0x25, 0xDF, 0x84, 0x4C, 0x97, 0xFD, 0xCF, 0xEE, 0x34, 0x63, 0xB0,
    0xF5, 0x99, 0x75, 0x5F, 0xA1, 0xC4, 0x1D, 0x05, 0xDD, 0xED, 0x62, 0xE0, 0xC3, 0x01, 0xF8, 0x54,
    0x46, 0xA0, 0xDE, 0xBB, 0x93, 0xC8, 0x86, 0x52, 0xEE, 0xA5, 0xAF, 0x27, 0x34, 0x23, 0x87, 0x9F,
    0x3D, 0x33, 0xF2, 0x0D, 0xC8, 0x42, 0x00, 0xF0, 0xF3, 0x9D, 0xDE, 0xE8, 0xF8, 0x88, 0x3E, 0xAC,
    0x3F, 0xD3, 0x01, 0x38, 0x94, 0x0D, 0xAA, 0xA1, 0x3C, 0x9F, 0xF1, 0xCF, 0xA1, 0xB1, 0x9D, 0xE9,
    0x2A, 0x18, 0xEC, 0x89, 0x09, 0x34, 0xFA, 0xAB, 0xF2, 0x3B, 0x64, 0x81, 0x58, 0x33, 0xD8, 0xFC,
    0xC0, 0xF2, 0xC7, 0x06, 0x28, 0x56, 0xCE, 0xE1, 0xC0, 0xF2, 0x5F, 0x82, 0x45, 0xC3, 0x98, 0xBF,
    0x51, 0x75, 0x56, 0xA6, 0xE9, 0x11, 0x39, 0x75, 0xD5, 0x36, 0x71, 0xD5, 0xD4, 0xAC, 0xCE, 0x64,
    0xD2, 0xBD, 0x12, 0x9B, 0xDA, 0xB6, 0x9A, 0x82, 0x78, 0xC9, 0x09, 0x27, 0xBB, 0xA1, 0xD9, 0x4F,
    0x89, 0xE8, 0x52, 0x62, 0xA2, 0xBA, 0x7E, 0x94, 0xFE, 0x20, 0xDB, 0xF5, 0xF5, 0x70, 0xD0, 0xED,
    0x50, 0x4C, 0x07, 0xE1, 0x56, 0x21, 0x80, 0xA2, 0x7D, 0x91, 0x88, 0x6B, 0x1E, 0x7D, 0x42, 0x4B,
    0x91, 0x84, 0x9E, 0xE4, 0xAF, 0x12, 0x0A, 0x94, 0x57, 0xF2, 0x51, 0x4D, 0x89, 0x7E, 0x34, 0x83,
    0x31, 0x10, 0x00, 0xDF, 0x1B, 0x07, 0x2C, 0x5D, 0xE1, 0x60, 0xE1, 0xC1, 0x87, 0x83, 0x07, 0x55,
    0xBD, 0x31, 0xC1, 0x78, 0x68, 0x5E, 0xE0, 0xA7, 0xFD, 0x52, 0x9D, 0xE0, 0xF7, 0x25, 0xD6, 0xB6,
    0x66, 0x96, 0x9F, 0x3D, 0x8A, 0x7F, 0xD0, 0x55, 0x73, 0x25, 0x6D, 0x15, 0x35, 0x50, 0x22, 0xE7,
    0x3B, 0x6C, 0x5D, 0xCE, 0x94, 0x60, 0x41, 0xBE, 0xD2, 0xFE, 0x95, 0x1E, 0x5B, 0x62, 0x10, 0xB5,
    0x0C, 0x34, 0xA1, 0x6A, 0xFC, 0x86, 0x06, 0x74, 0xE9, 0xD9, 0x00, 0x67, 0x68, 0xB6, 0x5E, 0xD1,
    0x7C, 0xB9, 0x24, 0xB4, 0x62, 0xD6, 0x61, 0x68, 0x33, 0xAA, 0xD9, 0x13, 0x95, 0xBE, 0x94, 0xC5,
    0xD0, 0x8B, 0x19, 0x3D, 0xD1, 0xDF, 0x01, 0x4A, 0xF9, 0x29, 0x0B, 0xD6, 0xB0, 0x94, 0xCB, 0x62,
    0xD7, 0xBD, 0xF4, 0xD5, 0xC2, 0x4C, 0xB5, 0x1B, 0x2D, 0x5E, 0x55, 0xB3, 0x45, 0xAA, 0x7C, 0xB5,
    0x18, 0x45, 0x73, 0x6D, 0xFA, 0x72, 0x42, 0xB0, 0xB8, 0xA4, 0x10, 0xF9, 0x0D, 0xDC, 0x14, 0x9E,
    0xC2, 0x11, 0x7F, 0x56, 0x8B, 0x3C, 0xE5, 0x6C, 0x31, 0xA7, 0x19, 0x2D, 0xDA, 0x48, 0x6F, 0x71,
    0xE6, 0x72, 0x44, 0x98, 0xDF, 0xB1, 0xF8, 0xDB, 0x23, 0xE0, 0x24, 0x4A, 0x6F, 0x11, 0x75, 0x22,
    0xAE, 0x66, 0x08, 0x02, 0x9A, 0xC1, 0x72, 0xC0, 0x7E, 0xC7, 0x82, 0x85, 0xBB, 0x5F, 0x15, 0x6C,
    0x1F, 0x77, 0xCC, 0x29, 0x44, 0x5B, 0x02, 0x28, 0x8E, 0xAA, 0x4A, 0xCF, 0x58, 0x36, 0x55, 0xCC,
    0xA0, 0x9A, 0x51, 0x2D, 0xCD, 0x6C, 0xBE, 0x19, 0x23, 0x9C, 0xB4, 0x1B, 0x1C, 0x35, 0xF3, 0xDB,
    0x5E, 0xB3, 0x9F, 0x29, 0x00, 0x6A, 0x88, 0xB9, 0x75, 0x1B, 0x6D, 0xED, 0x82, 0x7F, 0xE0, 0xC7,
    0x8E, 0xE9, 0xD5, 0xEF, 0xA2, 0x7B, 0x8D, 0xD4, 0xA8, 0xE6, 0xBF, 0x8F, 0x7C, 0x85, 0x2E, 0x12,
    0x79, 0xC5, 0x22, 0x28, 0x39, 0x9C, 0x5C, 0xAB, 0x4A, 0xF1, 0x00, 0x4D, 0x6E, 0x23, 0x38, 0xFD,
    0xF2, 0x84, 0xEF, 0xC4, 0x84, 0x8F, 0x19, 0xA2, 0x43, 0x16, 0x51, 0xB0, 0xBA, 0x2D, 0x6D, 0x35,
    0x55, 0xD1, 0xFF, 0xE4, 0x51, 0x86, 0x9C, 0x86, 0x29, 0xA0, 0x2E, 0xFD, 0x92, 0xC0, 0xF1, 0xE5,
    0xF1, 0x48, 0x33, 0xEA, 0x0F, 0x5C, 0x9B, 0x45, 0xBE, 0xDD, 0x06, 0xFB, 0xF2, 0x6F, 0x3F, 0xC8,
    0x3D, 0x88, 0x3F, 0x58, 0x39, 0x18, 0x33, 0x36, 0x8D, 0xE9, 0x6F, 0x42, 0x5B, 0xF2, 0x9B, 0xE5,
    0x70, 0x1A, 0xB1, 0x2A, 0xD3, 0xA3, 0x15, 0x99, 0x48, 0x88, 0xF9, 0x0A, 0xFD, 0xDC, 0x48, 0x31,
    0x2F, 0x49, 0x2E, 0x92, 0xFC, 0x23, 0x39, 0x87, 0x79, 0x86, 0x41, 0x47, 0x4A, 0x0C, 0x5E, 0x1D,
    0xA2, 0x3C, 0xBC, 0xA1, 0x3E, 0x5C, 0xC1, 0x1F, 0x7E, 0xD0, 0x1D, 0x4E, 0xF0, 0x8D, 0xB4, 0x10,
    0xFE, 0x32, 0xE0, 0x7D, 0x05, 0xA4, 0x9F, 0xAC, 0x4A, 0x24, 0x60, 0xD9, 0x64, 0x07, 0x5A, 0xAC,
    0xA7, 0xFE, 0xAB, 0xB7, 0xC1, 0x86, 0xBA, 0xE7, 0x93, 0x70, 0xFF, 0x76, 0x5F, 0x03, 0x58, 0x85,
    0x64, 0x2E, 0xA1, 0x00, 0x37, 0xAD, 0x90, 0x9F, 0x1A, 0xD2, 0x89, 0x28, 0x3C, 0xC9, 0x83, 0xA5,
    0xBA, 0x39, 0x3D, 0x80, 0x48, 0x49, 0x57, 0x27, 0x52, 0x4D, 0xC8, 0x58, 0xD4, 0xE2, 0x1B, 0xB4,
    0xA6, 0x45, 0x04, 0x81, 0x44, 0x29, 0x42, 0xB2, 0x14, 0x21, 0x61, 0x8A, 0x90, 0x98, 0x2F, 0x40,
    0xB4, 0x90, 0x43, 0xC4, 0xEA, 0x38, 0x77, 0x77, 0xA9, 0x8C, 0x23, 0xA1, 0xC4, 0x81, 0xE0, 0x2D,
    0xFD, 0xB9, 0xA4, 0x41, 0xB8, 0xA4, 0x43, 0xB8, 0xA4, 0x45, 0xB8, 0xA4, 0x47, 0xB8, 0xA4, 0x49,
    0xB8, 0xA4, 0x4B, 0xB8, 0xA4, 0x4D, 0x0E, 0x1F, 0x0E, 0x2C, 0x69, 0xD4, 0x2A, 0x86, 0x09, 0x53,
    0xAD, 0x26, 0x8C, 0xDC, 0xBB, 0xA4, 0x59, 0xB8, 0xA4, 0x5B, 0x38, 0xD3, 0xAE, 0xDB, 0xB3, 0xDF,
    0x34, 0xBB, 0x8B, 0x98, 0x86, 0x9B, 0x1D, 0xC3, 0x73, 0x89, 0x2A, 0xD6, 0x29, 0x93, 0x87, 0xF3,
    0x5A, 0xAE, 0xDC, 0x1E, 0x1A, 0xA1, 0x7B, 0x62, 0x12, 0xBA, 0x93, 0xC8, 0x7C, 0xC9, 0xE3, 0x1F,
    0xB7, 0x9B, 0x6D, 0xFD, 0xAD, 0x60, 0xE2, 0x2E, 0x7D, 0x80, 0x97, 0x25, 0xE0, 0xD9, 0xFD, 0x31,
    0x1D, 0x9F, 0x80, 0xB0, 0x3F, 0x77, 0xBF, 0x7E, 0x96, 0x8B, 0xCC, 0xBF, 0x8B, 0xB3, 0xF4, 0xB7,
    0x45, 0x79, 0xA6, 0xA8, 0x63, 0xF9, 0x57, 0xAB, 0x6B, 0xF3, 0xFF, 0x15, 0x3C, 0xA7, 0x4B, 0xF5,
    0x28, 0x35, 0xC2, 0xC0, 0xED, 0x0D, 0x06, 0x30, 0xF2, 0xD6, 0xEE, 0x5D, 0x84, 0xD3, 0x2A, 0x69,
    0xA8, 0xA7, 0xBD, 0xF3, 0x3D, 0x29, 0xDE, 0xD7, 0xC1, 0x72, 0x6D, 0xF0, 0x0B, 0xF3, 0xDE, 0xB1,
    0xE4, 0xC5, 0x50, 0x70, 0x86, 0xD3, 0x0D, 0x3A, 0xD7, 0x57, 0x63, 0xB1, 0x20, 0xB0, 0x3E, 0xC4,
    0xCA, 0xE9, 0x06, 0xFA, 0x9E, 0xAD, 0xE8, 0x4D, 0x62, 0x4F, 0x21, 0xEF, 0x53, 0xE2, 0x17, 0xD4,
    0x7C, 0xDE, 0x77, 0xBA, 0x62, 0xC5, 0xE6, 0x86, 0x72, 0x2E, 0xA7, 0x2C, 0xD4, 0x73, 0xBE, 0x36,
    0x43, 0xB1, 0x96, 0x1B, 0x44, 0xD0, 0xE8, 0x9A, 0x38, 0xDE, 0x4B, 0x6F, 0xA9, 0xF1, 0x06, 0x3C,
    0xB7, 0x2D, 0x4D, 0x66, 0xBC, 0x96, 0xEF, 0x59, 0x86, 0x1B, 0x98, 0xE3, 0x69, 0x8E, 0x71, 0x92,
    0x73, 0xDF, 0xA1, 0x12, 0xE1, 0xB2, 0xE8, 0x51, 0xA6, 0xA0, 0xEB, 0x57, 0xB2, 0x48, 0x17, 0xD8,
    0xB4, 0x0F, 0xEA, 0x07, 0x16, 0xDF, 0x82, 0xCE, 0x25, 0x17, 0x54, 0xBB, 0xB8, 0x74, 0x75, 0xB3,
    0x36, 0x0F, 0xD2, 0xE6, 0x0B, 0xB3, 0x00, 0xBC, 0x3C, 0xC9, 0xA4, 0xB3, 0x12, 0x20, 0x1A, 0x1D,
    0x58, 0x12, 0x59, 0x50, 0xCF, 0x6E, 0x40, 0x1E, 0x5C, 0x0B, 0x6C, 0x1E, 0x20, 0xDB, 0x20, 0xCF,
    0x80, 0xFB, 0xB9, 0x8E, 0x37, 0x2E, 0x1D, 0x80, 0xCD, 0xB5, 0x2C, 0x19, 0x8D, 0x28, 0x16, 0x0E,
    0x60, 0xC5, 0x01, 0xFC, 0x09, 0x7E, 0x03, 0xD6, 0x7C, 0x04, 0x5C, 0x41, 0x76, 0xDC, 0xBE, 0x8B,
    0xBB, 0xC2, 0xED, 0x72, 0xDA, 0x28, 0x27, 0x5C, 0x74, 0x28, 0xF7, 0xB4, 0xA7, 0x34, 0x52, 0xCF,
    0x45, 0x84, 0xBD, 0xEE, 0x5D, 0xBD, 0x2E, 0x57, 0x3B, 0x49, 0xCD, 0xEC, 0x8F, 0x12, 0xF4, 0xC7,
    0x0C, 0x7B, 0x2F, 0x6D, 0x3D, 0x81, 0x8B, 0x6B, 0x5D, 0x7C, 0x7B, 0xAD, 0x2E, 0x70, 0x03, 0xA7,
    0x19, 0xB6, 0x2C, 0x7C, 0x20, 0x08, 0x08, 0x6E, 0xD5, 0x5E, 0xC0, 0x4D, 0x9C, 0x4F, 0x07, 0xEE,
    0xE2, 0x94, 0x93, 0x93, 0x59, 0x13, 0x1C, 0x46, 0x15, 0x7C, 0xC2, 0x70, 0xC0, 0x7D, 0x07, 0x6F,
    0x1B, 0x71, 0x3D, 0x5F, 0xF9, 0x1A, 0xD2, 0xA6, 0xD5, 0x73, 0xEA, 0xED, 0x1B, 0x67, 0xEB, 0x70,
    0xED, 0x75, 0x63, 0xA9, 0xFF, 0x06, 0xEA, 0xD8, 0xD2, 0x8B, 0xA7, 0xCB, 0xAE, 0xC2, 0x25, 0xE4,
    0x6B, 0x16, 0x98, 0x13, 0x5B, 0xB7, 0xE5, 0xCB, 0x29, 0xF8, 0x53, 0xA0, 0xC5, 0x6D, 0xE5, 0xDC,
    0xAC, 0xAE, 0x53, 0x5B, 0x6C, 0xAD, 0x7A, 0x75, 0x3A, 0x0F, 0xB0, 0xE8, 0xC3, 0x55, 0x62, 0xFE,
    0xE8, 0x7B, 0x5D, 0xB5, 0xDA, 0x0A, 0xD6, 0xF4, 0xE7, 0xA0, 0x8F, 0xBB, 0x82, 0x3A, 0x84, 0xA3,
    0x12, 0x16, 0x38, 0xD5, 0x23, 0x9C, 0x6A, 0x08, 0x4E, 0x2B, 0x78, 0xA6, 0xB4, 0xEE, 0x50, 0xE0,
    0x53, 0x70, 0xBD, 0x77, 0xE1, 0x0F, 0x2C, 0x98, 0x04, 0x8B, 0x2E, 0x8B, 0x8D, 0xF9, 0x7F, 0x3E,
    0xEE, 0xF2, 0xC3, 0xCD, 0x67, 0x54, 0x04, 0x47, 0x7B, 0x09, 0x34, 0xC2, 0x38, 0x69, 0x19, 0x7B,
    0xB9, 0xEA, 0xC6, 0x2A, 0xD3, 0x54, 0x37, 0xD2, 0x27, 0x7B, 0x26, 0x7B, 0x8F, 0x6B, 0x47, 0x0A,
    0x44, 0x42, 0x04, 0xB6, 0x5C, 0xCE, 0x31, 0x00, 0xA1, 0x58, 0x20, 0x84, 0xE5, 0x04, 0x47, 0x58,
    0x8D, 0x06, 0x6D, 0x9F, 0xD1, 0xE0, 0x05, 0x27, 0xC2, 0x8E, 0x95, 0x96, 0x72, 0x42, 0x64, 0xD6,
    0xCA, 0xF2, 0x2A, 0x13, 0xD9, 0x2C, 0x9E, 0x57, 0xE6, 0xB6, 0x14, 0xAE, 0xA6, 0xBB, 0x75, 0xB4,
    0x80, 0x3E, 0x91, 0x7A, 0xCA, 0x27, 0x20, 0x27, 0x52, 0x3F, 0x58, 0xEE, 0x09, 0xD7, 0x7A, 0x54,
    0x8A, 0xDC, 0xB0, 0x8E, 0x2D, 0xE0, 0x7D, 0x06, 0x8D, 0x62, 0x65, 0x8C, 0xAF, 0x16, 0xE7, 0x27,
    0xC6, 0xF8, 0x82, 0xEA, 0xD6, 0x18, 0x2F, 0xB2, 0x5A, 0x8C, 0x7F, 0xE6, 0x8F, 0x88, 0x0E, 0xF7,
    0x4E, 0x84, 0x93, 0x90, 0x22, 0x9C, 0x86, 0x98, 0xFB, 0xFC, 0xA2, 0x18, 0x9F, 0xF2, 0x85, 0x97,
    0x29, 0x57, 0xC8, 0x56, 0x4B, 0x17, 0xFC, 0x90, 0x45, 0x68, 0xC6, 0xA0, 0xA9, 0xB2, 0xE6, 0x1C,
    0xE5, 0xB1, 0xAA, 0xD8, 0x50, 0xFC, 0xED, 0x57, 0x15, 0xC4, 0x8E, 0x55, 0x85, 0x26, 0xDE, 0xCC,
    0x15, 0x11, 0x38, 0xB8, 0x1B, 0x2A, 0xBA, 0x04, 0xE4, 0x41, 0xF8, 0x08, 0x9D, 0x92, 0x14, 0xBF,
    0x20, 0x56, 0x58, 0xFD, 0xFF, 0x76, 0x67, 0xC0, 0x89, 0x8C, 0x69, 0x12, 0xF5, 0x4B, 0xAA, 0x71,
    0xE4, 0x5B, 0x2A, 0x71, 0x40, 0x14, 0xAB, 0x07, 0x8A, 0x1E, 0xEF, 0xDB, 0x0E, 0x00, 0x93, 0xA7,
    0x85, 0xD7, 0x5C, 0x4B, 0x4A, 0x84, 0x53, 0x13, 0xA7, 0x9C, 0x0D, 0xA3, 0xA0, 0x0D, 0xA3, 0x5C,
    0xED, 0x39, 0x62, 0x1C, 0xA5, 0xB1, 0x8A, 0xFE, 0x08, 0x38, 0x70, 0x42, 0x2D, 0x66, 0xEC, 0x90,
    0x33, 0xEA, 0xFD, 0x86, 0x22, 0x40, 0xC5, 0x1D, 0xF9, 0x6A, 0xCA, 0x9B, 0xFA, 0x1F, 0x70, 0xD3,
    0xB2, 0x56, 0x41, 0x31, 0x1B, 0x81, 0xA3, 0x01, 0x7B, 0xA4, 0xE9, 0x8D, 0xA5, 0xD6, 0x00, 0xB4,
    0x5D, 0x0C, 0x04, 0x63, 0xD2, 0x40, 0xBE, 0xDC, 0x66, 0x2C, 0xE5, 0x94, 0x06, 0x79, 0xC7, 0x58,
    0x77, 0x6C, 0x2F, 0x4C, 0xF1, 0x53, 0x6D, 0x20, 0x0D, 0xFE, 0xA5, 0xC0, 0x6F, 0x03, 0x08, 0xA9,
    0xFD, 0xA2, 0x83, 0x35, 0x38, 0x0E, 0xDF, 0x74, 0x91, 0xA8, 0x48, 0xCF, 0x05, 0x2D, 0x2B, 0xAD,
    0x5C, 0x0F, 0x40, 0x8F, 0x84, 0x18, 0x75, 0xFF, 0x3F, 0xF4, 0xCF, 0xB4, 0x77, 0x2A, 0xA6, 0x46,
    0x35, 0x5C, 0x3D, 0x0A, 0xF5, 0x62, 0xDE, 0x21, 0x13, 0x2C, 0xC4, 0x15, 0x22, 0x2D, 0x57, 0x30,
    0xAE, 0xE7, 0xDA, 0x28, 0x5F, 0xFE, 0x33, 0x8D, 0xD5, 0xD4, 0xF0, 0xE4, 0xC3, 0xEF, 0x98, 0xFB,
    0xB0, 0x94, 0xCB, 0x67, 0xEB, 0xFD, 0x37, 0x85, 0x88, 0x8E, 0x91, 0x49, 0x5F, 0xCB, 0xEC, 0x5E,
    0x85, 0x48, 0x3F, 0xBF, 0xA4, 0x39, 0xFC, 0x6F, 0xF5, 0xC7, 0xF3, 0x24, 0x95, 0x68, 0xFE, 0xD3,
    0xFB, 0x7F, 0x24, 0xE3, 0x96, 0xFF, 0x78, 0x0E, 0xF9, 0x8F, 0x96, 0xAD, 0xF8, 0xD3, 0xD5, 0x9F,
    0xFF, 0x4B, 0x70, 0xD2, 0x86, 0x72, 0x23, 0x5D, 0xBF, 0xBE, 0x4F, 0xBD, 0xA1, 0x92, 0x9E, 0xDB,
    0x0C, 0x4C, 0x4F, 0x6F, 0xFE, 0x8A, 0x89, 0x36, 0x58, 0x8E, 0xD0, 0x52, 0x1C, 0xEA, 0x16, 0x8E,
    0x9B, 0xE3, 0xB5, 0xAC, 0xEE, 0xC3, 0xED, 0x02, 0x1F, 0xE0, 0xEC, 0x2F, 0xC2, 0x77, 0x7F, 0xB8,
    0x39, 0x59, 0x59, 0x5E, 0xFB, 0x18, 0xF5, 0x86, 0xFA, 0xDD, 0x03, 0xCE, 0x4F, 0x07, 0xEC, 0xE1,
    0x5A, 0x1D, 0x70, 0x71, 0xDF, 0xDD, 0x3C, 0xBC, 0x7C, 0x57, 0x3E, 0x17, 0xF9, 0x1B, 0xF9, 0x49,
    0xF8, 0x5A, 0xD3, 0x7D, 0xF8, 0x66, 0x40, 0x60, 0x33, 0xE5, 0xE4, 0x9A, 0xBA, 0x83, 0x94, 0x71,
    0x18, 0x0E, 0xF2, 0xF4, 0xC3, 0xEF, 0x78, 0x6F, 0xB6, 0xE7, 0xF2, 0x5B, 0xA5, 0x5E, 0xCC, 0xF8,
    0x3F, 0x71, 0xA8, 0x45, 0x5A, 0x4A, 0x58, 0x3E, 0x64, 0x92, 0xD8, 0xF0, 0xD3, 0x6E, 0xE8, 0xD0,
    0xBD, 0xDA, 0xD0, 0x08, 0xAD, 0x43, 0xBD, 0xCC, 0x27, 0x07, 0xCD, 0xD6, 0xE4, 0x95, 0xC5, 0x9C,
    0x1C, 0xB3, 0x1A, 0xDE, 0xD1, 0x8D, 0x76, 0xD7, 0x9E, 0x23, 0xB5, 0xF6, 0x5B, 0x1B, 0x05, 0x91,
    0x5D, 0x67, 0xA1, 0xE0, 0xD4, 0x7E, 0xB5, 0xE9, 0x9B, 0xBF, 0x11, 0x1E, 0x70, 0x93, 0xEF, 0x0F,
    0xB1, 0xF9, 0xDE, 0x8F, 0x87, 0x50, 0x17, 0x7B, 0xF7, 0xEC, 0xF4, 0xE9, 0xE0, 0x01, 0xDF, 0xBA,
    0xC7, 0x73, 0x44, 0x25, 0xB2, 0xE2, 0xE4, 0x63, 0x9B, 0x82, 0xA3, 0x6E, 0x7D, 0xD8, 0xC6, 0x87,
    0x6D, 0x7B, 0xD8, 0x76, 0xA8, 0x6D, 0x79, 0xD8, 0xD6, 0xA7, 0x6D, 0x77, 0xD8, 0x66, 0x87, 0x6D,
    0x75, 0xD8, 0x96, 0xA6, 0x6D, 0x73, 0xD8, 0xF6, 0xA5, 0x6D, 0x71, 0x38, 0x5C, 0xB2, 0x8D, 0xC5,
    0xB5, 0x6A, 0x85, 0x6D, 0x4B, 0x9E, 0x64, 0xCC, 0x5A, 0xF0, 0x42, 0xF3, 0x1D, 0x14, 0x12, 0x7D,
    0x5F, 0x2F, 0xA1, 0x1A, 0x1C, 0xC3, 0x42, 0x07, 0xF1, 0x43, 0x44, 0x27, 0x08, 0xA8, 0x03, 0x82,
    0xF1, 0xA6, 0x91, 0x9D, 0xB9, 0x0E, 0xC4, 0xF7, 0x1D, 0xD2, 0xC3, 0xD5, 0x1A, 0xEA, 0x41, 0x07,
    0x80, 0x97, 0x68, 0x83, 0x1A, 0x17, 0xB7, 0xBC, 0xDC, 0x72, 0x74, 0xCB, 0xD7, 0x2D, 0x77, 0xB7,
    0x3C, 0xDE, 0x72, 0x7A, 0xC3, 0xEF, 0x53, 0xAE, 0x13, 0xEF, 0xB7, 0x12, 0x78, 0x87, 0x1C, 0x92,
    0x34, 0x6E, 0x65, 0x72, 0x2B, 0x99, 0x1B, 0xF9, 0xB0, 0x2F, 0x93, 0x94, 0x6E, 0x65, 0x65, 0x3D,
    0x39, 0xB2, 0xAD, 0xFD, 0x3E, 0xF1, 0xC5, 0xD5, 0xC7, 0xC1, 0x11, 0x72, 0xB9, 0x0F, 0xC6, 0x91,
    0x1A, 0xA7, 0x18, 0x47, 0x6A, 0xC4, 0xAE, 0x35, 0x8E, 0xBE, 0xA3, 0xD1, 0xDD, 0x38, 0x12, 0x00,
    0x75, 0xE2, 0x08, 0x48, 0x1C, 0x29, 0x9E, 0x38, 0xFA, 0x8E, 0xE2, 0xB6, 0x85, 0x05, 0xE0, 0xCA,
    0x17, 0x4E, 0xFD, 0x95, 0x2F, 0x5A, 0x64, 0x63, 0x7C, 0xE9, 0x7B, 0x5D, 0x6B, 0x1C, 0xD1, 0x31,
    0xE4, 0xE0, 0x0B, 0x19, 0x69, 0x33, 0x8E, 0x48, 0xF3, 0x9C, 0x38, 0x42, 0x29, 0xBD, 0x29, 0xCD,
    0xF2, 0x1F, 0x6F, 0xF9, 0x21, 0xCB, 0xC2, 0xE2, 0x7B, 0x64, 0xF1, 0xBC, 0xD4, 0x4B, 0xA8, 0x07,
    0x14, 0x73, 0x16, 0x54, 0xE1, 0x7C, 0xDD, 0xD6, 0x21, 0x36, 0x03, 0xCA, 0x01, 0x97, 0x08, 0x2F,
    0xED, 0xC5, 0x12, 0xFD, 0x26, 0x42, 0x2C, 0xC5, 0x3E, 0xBD, 0x48, 0x58, 0xB5, 0xE2, 0x3B, 0x86,
    0x39, 0x01, 0x88, 0xA9, 0x01, 0xE1, 0xD4, 0xA2, 0x53, 0x2B, 0x22, 0x67, 0x97, 0x37, 0x23, 0xAB,
    0x3D, 0xE9, 0xE6, 0x85, 0x19, 0x55, 0xBE, 0x53, 0x60, 0x96, 0x05, 0x0A, 0xFC, 0x4A, 0x69, 0xD2,
    0x45, 0xB9, 0x31, 0x61, 0x33, 0x6D, 0x10, 0x7C, 0xEF, 0xE6, 0x70, 0x81, 0x9C, 0xE5, 0xE1, 0x7A,
    0xB4, 0x20, 0x0F, 0x39, 0x53, 0x83, 0x43, 0x27, 0x4C, 0x9C, 0x51, 0x8D, 0x87, 0x56, 0xF2, 0x59,
    0x17, 0x3C, 0x87, 0x5E, 0xF4, 0x2A, 0x6D, 0x28, 0xA6, 0xAB, 0x43, 0x37, 0xD9, 0x62, 0x57, 0x49,
    0x3B, 0x1A, 0x33, 0x92, 0x7E, 0x2C, 0x39, 0x38, 0x34, 0x74, 0x4C, 0xEF, 0x87, 0x8E, 0x8E, 0x8C,
    0xC1, 0xB4, 0x64, 0xAD, 0x19, 0x0E, 0x3D, 0x81, 0xCB, 0x1D, 0xDF, 0x9A, 0xA6, 0x78, 0x83, 0x31,
    0x21, 0xE9, 0x0A, 0x8D, 0xC8, 0x72, 0xD5, 0x16, 0x4E, 0x5E, 0x5A, 0xFC, 0x7B, 0x7C, 0x70, 0x1B,
    0x96, 0xED, 0x24, 0x6E, 0x26, 0x7D, 0xD0, 0xA6, 0x06, 0x3A, 0xB2, 0x88, 0xFB, 0x9E, 0x9E, 0xB5,
    0xA8, 0x95, 0xF2, 0x4A, 0x8E, 0xF3, 0x8A, 0xAD, 0x9B, 0xF4, 0x5C, 0x5F, 0xAF, 0x94, 0x54, 0x2C,
    0x0A, 0x77, 0x9A, 0x9F, 0x2D, 0xA4, 0x2F, 0x5B, 0xDF, 0xD7, 0xC4, 0x70, 0xDA, 0xF2, 0xCF, 0x65,
    0xD2, 0x70, 0xAE, 0x07, 0x9E, 0x2C, 0x1D, 0xCC, 0x63, 0x16, 0x0F, 0x6C, 0x86, 0xBF, 0x62, 0xEE,
    0xC0, 0x96, 0x03, 0xDB, 0xB2, 0x15, 0x9D, 0xFE, 0xF6, 0x82, 0x0D, 0x51, 0xC7, 0x63, 0xE0, 0xE5,
    0xB3, 0x94, 0x79, 0x23, 0xCB, 0x8E, 0xD5, 0x03, 0x0F, 0x70, 0xF4, 0x3B, 0xC6, 0xAD, 0x29, 0x68,
    0xF3, 0x28, 0xD6, 0x94, 0x07, 0x9E, 0x44, 0x39, 0xAE, 0x57, 0xA0, 0xB3, 0x70, 0xC2, 0x7C, 0x44,
    0xE2, 0xDD, 0xBD, 0x44, 0x7D, 0xD6, 0xF2, 0x21, 0x13, 0x8A, 0x96, 0x65, 0x9E, 0x7D, 0xC4, 0xAF,
    0x37, 0xB5, 0x03, 0x00, 0x7F, 0xA7, 0x1B, 0x2C, 0x7B, 0x7C, 0x77, 0x20, 0x6F, 0x22, 0x70, 0x32,
    0x9B, 0xFA, 0xD9, 0x8C, 0xE6, 0xC7, 0x3F, 0x5A, 0xE1, 0xFE, 0xF1, 0x18, 0xE0, 0xA9, 0xB4, 0x4D,
    0x17, 0xC4, 0xD9, 0xEB, 0xBD, 0x83, 0x15, 0x2B, 0x68, 0x06, 0xCD, 0x84, 0xC0, 0xBC, 0x3B, 0x64,
    0x5B, 0x44, 0xE0, 0xFE, 0x6F, 0xE8, 0x86, 0x6A, 0x8E, 0xF2, 0xF1, 0x1F, 0x04, 0x52, 0xA3, 0xDD,
    0x72, 0xA8, 0x77, 0x33, 0x28, 0x06, 0xB3, 0xF8, 0x1F, 0x6E, 0xD3, 0x3F, 0x0A, 0xF9, 0x29, 0x5C,
    0x91, 0xB2, 0xC4, 0x24, 0x0A, 0xAB, 0x2E, 0xB8, 0xC1, 0xAA, 0x0B, 0xF5, 0x68, 0xD5, 0x85, 0x72,
    0xB6, 0xEA, 0x42, 0xBE, 0x1E, 0xD5, 0x85, 0x70, 0x54, 0x17, 0xE2, 0x51, 0x4D, 0xE8, 0xBE, 0xB0,
    0xBA, 0x60, 0xCF, 0x77, 0x47, 0x75, 0xE1, 0xE2, 0xEC, 0xCC, 0xC5, 0x66, 0xD5, 0x85, 0x3C, 0x58,
    0x75, 0xA1, 0xB6, 0xEA, 0x02, 0x97, 0x83, 0x9D, 0xB0, 0x1D, 0xD5, 0x85, 0x09, 0xEA, 0x68, 0x7B,
    0xAF, 0x14, 0x3E, 0x44, 0x5C, 0x67, 0x3A, 0xB8, 0xB7, 0xFA, 0xCB, 0x35, 0xF1, 0xFD, 0xC6, 0x29,
    0x74, 0x2B, 0x5C, 0xFE, 0xBF, 0x45, 0xFA, 0x4B, 0xF1, 0x2A, 0xFA, 0x31, 0x54, 0x3F, 0xDE, 0xB9,
    0x08, 0xCD, 0xF7, 0xB9, 0x1B, 0xEF, 0x48, 0xCB, 0x76, 0xD9, 0x39, 0x9A, 0x7D, 0xE0, 0xAE, 0x63,
    0xB7, 0xE6, 0x4B, 0x33, 0x34, 0xDB, 0x29, 0x72, 0x9F, 0x56, 0x93, 0x70, 0xB1, 0x93, 0x00, 0xDF,
    0x56, 0xBF, 0x85, 0xA3, 0x2F, 0xA3, 0x23, 0x25, 0x77, 0x51, 0x75, 0x6D, 0xAB, 0xB5, 0x11, 0x4C,
    0x5C, 0x34, 0x2F, 0x59, 0x45, 0x78, 0xDC, 0x7C, 0x7F, 0x97, 0x87, 0x9B, 0x8B, 0x99, 0x53, 0x4C,
    0xAE, 0xE7, 0xA3, 0x4E, 0x81, 0x3D, 0x8E, 0x7E, 0xD3, 0xFE, 0x13, 0xBC, 0xD7, 0x23, 0x24, 0xE1,
    0xDB, 0x6C, 0x9E, 0x14, 0x55, 0xCE, 0x0C, 0xB5, 0xAC, 0x2F, 0xC7, 0x3B, 0xE9, 0x49, 0x4A, 0x54,
    0x9F, 0x34, 0xBB, 0xFB, 0xF6, 0xB7, 0xAE, 0x47, 0x9A, 0x2C, 0x1A, 0x29, 0xAD, 0x76, 0x33, 0xFF,
    0x9F, 0x78, 0x46, 0x5B, 0x4C, 0x4F, 0xF4, 0x09, 0x75, 0x53, 0xC2, 0xCA, 0xF5, 0x7A, 0x7B, 0x43,
    0x6A, 0x92, 0x10, 0x6A, 0xF5, 0x1A, 0x2A, 0x60, 0x51, 0x88, 0x9A, 0x0B, 0x07, 0x36, 0x56, 0xB3,
    0x61, 0xE5, 0xD4, 0x0C, 0x86, 0xB1, 0x66, 0x63, 0x98, 0xD5, 0xA8, 0x0D, 0xDB, 0xAE, 0x58, 0xF8,
    0x52, 0x18, 0xE5, 0x95, 0x46, 0x7E, 0xB3, 0x66, 0x64, 0xF1, 0xD9, 0xF6, 0x90, 0xB4, 0x7C, 0x5D,
    0x6F, 0xE8, 0xFA, 0x2A, 0xB2, 0xA4, 0xC8, 0xB0, 0xA2, 0x6B, 0x50, 0x86, 0x1A, 0x5B, 0x97, 0x72,
    0x0F, 0xC9, 0xAA, 0x51, 0x74, 0x5B, 0x2B, 0x48, 0x35, 0x12, 0xAC, 0x26, 0xE5, 0x1F, 0xA2, 0x95,
    0xA5, 0x22, 0x3A, 0x37, 0x00, 0x6E, 0x38, 0x6A, 0x0D, 0xD5, 0x18, 0xD0, 0x5D, 0x80, 0x67, 0x9F,
    0x3E, 0xC6, 0xFB, 0x18, 0xD2, 0x19, 0xF6, 0x80, 0x42, 0x91, 0x17, 0x01, 0x35, 0x03, 0x87, 0x1A,
    0x75, 0xAF, 0x88, 0x6D, 0x61, 0x58, 0xF1, 0x81, 0x64, 0x6A, 0xEE, 0xA0, 0xD9, 0x21, 0x77, 0x74,
    0x7A, 0xF5, 0x7D, 0x6E, 0x63, 0x68, 0x28, 0xC9, 0x42, 0xA1, 0xDA, 0xD3, 0x8D, 0x0C, 0x53, 0xC2,
    0xA7, 0xAB, 0x16, 0x07, 0x73, 0x3D, 0x95, 0xC0, 0x8D, 0x20, 0xFF, 0xDF, 0xAD, 0x44, 0x58, 0x88,
    0x55, 0x09, 0x33, 0x61, 0xA1, 0xF0, 0x62, 0x47, 0x4E, 0xE2, 0x06, 0x2D, 0x95, 0x75, 0x01, 0x56,
    0xB6, 0x56, 0x58, 0x8D, 0x06, 0x9B, 0x81, 0xF0, 0x07, 0x5C, 0x72, 0x6F, 0xB0, 0x2D, 0x54, 0x0F,
    0x30, 0xA0, 0x39, 0x5D, 0x85, 0x5A, 0xBD, 0x15, 0xBE, 0xD7, 0x92, 0x48, 0xCE, 0x4A, 0x62, 0xBE,
    0x9A, 0xC1, 0x60, 0x3A, 0xE0, 0xD3, 0xA6, 0xC5, 0xE7, 0x8A, 0x60, 0x85, 0x1B, 0xE2, 0xDD, 0x99,
    0x35, 0xB6, 0xA0, 0xB5, 0x9C, 0x35, 0xD0, 0x3C, 0x68, 0xCD, 0x1D, 0xBD, 0x2D, 0xE0, 0xA8, 0xB5,
    0x59, 0x8D, 0xED, 0x29, 0x48, 0xF7, 0xC8, 0xBB, 0xB7, 0x1F, 0x6C, 0x01, 0x5A, 0xE3, 0x09, 0xA8,
    0x67, 0x1D, 0x53, 0xEB, 0x3F, 0xBA, 0xA3, 0x23, 0x08, 0x50, 0xA1, 0xA0, 0xDB, 0x60, 0x3B, 0x3D,
    0xEF, 0xD9, 0x1E, 0x20, 0x48, 0x4E, 0xD3, 0xDB, 0x26, 0xA0, 0x9C, 0x19, 0x0E, 0x75, 0x17, 0xB0,
    0x98, 0x69, 0x23, 0x0B, 0xB7, 0x01, 0x29, 0xFA, 0x4B, 0x3A, 0xE0, 0x52, 0x8D, 0x7C, 0xD7, 0xB6,
    0x01, 0xA9, 0xC2, 0xE1, 0xC3, 0x1B, 0xDC, 0x7D, 0x19, 0x3C, 0xBE, 0xC1, 0x3B, 0x8E, 0xA5, 0x78,
    0x8B, 0x0B, 0xF7, 0x03, 0xF5, 0xE8, 0x7D, 0x8F, 0xAD, 0xE6, 0x6B, 0x5C, 0x4F, 0x17, 0xD7, 0x35,
    0xEE, 0x83, 0x00, 0x55, 0x3C, 0xCF, 0xBA, 0x25, 0x18, 0xA0, 0xB4, 0xDB, 0x9E, 0x20, 0x0E, 0x9E,
    0x1C, 0xF4, 0xCA, 0xEA, 0x60, 0x2F, 0xED, 0x8B, 0xF4, 0xA8, 0x79, 0xBF, 0x83, 0x8D, 0xC3, 0xE5,
    0xE3, 0x29, 0xDA, 0x17, 0x7C, 0x89, 0x9D, 0xF3, 0xE8, 0x5A, 0x7E, 0x61, 0x14, 0x70, 0xCB, 0x8C,
    0x10, 0x2E, 0x91, 0x6A, 0xCE, 0xF9, 0xF4, 0x0B, 0xDA, 0xE6, 0xD3, 0x2F, 0xF2, 0x5F, 0xC3, 0x17,
    0x1C, 0xB4, 0x4B, 0x92, 0xB6, 0x9A, 0x0C, 0xED, 0x2B, 0x0B, 0x44, 0xBC, 0x95, 0x66, 0x70, 0x12,
    0xD3, 0x11, 0x36, 0xAB, 0xD0, 0xFC, 0xE6, 0xF9, 0xF3, 0xA4, 0x40, 0x2B, 0xD4, 0xE8, 0xF9, 0x01,
    0xD3, 0xAE, 0xD5, 0x6B, 0xEA, 0x68, 0x93, 0x57, 0x4D, 0xAF, 0x29, 0xAE, 0x8E, 0xDC, 0xC9, 0x0C,
    0x73, 0x65, 0x26, 0xBD, 0xF9, 0x62, 0xCE, 0x1C, 0x79, 0xA2, 0xD4, 0xDC, 0xB9, 0x2B, 0x47, 0x78,
    0x73, 0x68, 0x57, 0x0D, 0xC9, 0xA5, 0x3B, 0xA2, 0xEA, 0xD4, 0x9F, 0xC7, 0x6A, 0x82, 0x37, 0xB7,
    0x0E, 0xC5, 0xEB, 0x62, 0x33, 0xC7, 0x9E, 0x32, 0x91, 0x35, 0xB9, 0x76, 0x27, 0x63, 0x72, 0xEE,
    0xD3, 0xB7, 0xAE, 0xEE, 0x7D, 0xE3, 0xE0, 0x37, 0x2E, 0x7E, 0xE3, 0xE4, 0xB7, 0x6E, 0x7E, 0xEB,
    0xE8, 0xC9, 0xD5, 0xAD, 0xD9, 0xE9, 0x01, 0x6B, 0xA5, 0x5C, 0x1F, 0xE9, 0x58, 0x71, 0x34, 0x54,
    0x5A, 0xDB, 0xC4, 0x29, 0xD7, 0x3C, 0xA0, 0x8C, 0x4C, 0xAA, 0x9C, 0x14, 0x33, 0xC5, 0x52, 0xC9,
    0xEC, 0xFD, 0xF7, 0x78, 0x8E, 0x3E, 0x36, 0xAF, 0xD6, 0x7D, 0x0E, 0x1B, 0x4E, 0x01, 0xE2, 0x3E,
    0x0C, 0x44, 0x73, 0x3A, 0x39, 0x0C, 0x9D, 0xE1, 0xF6, 0x6F, 0xBD, 0xFF, 0xBE, 0xA2, 0xFB, 0xB3,
    0x4E, 0xAA, 0x89, 0x68, 0x25, 0x73, 0xB9, 0xEA, 0x01, 0x91, 0x2E, 0xB3, 0x0A, 0x4B, 0xB6, 0xC2,
    0x88, 0x38, 0xC5, 0x53, 0x48, 0x33, 0xBF, 0x1F, 0xE4, 0xBC, 0x5E, 0x53, 0x44, 0x99, 0x0C, 0x2D,
    0x50, 0x4A, 0x9B, 0x0E, 0xAE, 0x47, 0xD4, 0xC2, 0xDD, 0x8F, 0xC1, 0x3D, 0xC4, 0x62, 0x37, 0x75,
    0x8F, 0xAE, 0x9A, 0x34, 0x26, 0x70, 0x86, 0xDB, 0xF6, 0xAB, 0xF1, 0x14, 0x44, 0xEF, 0x05, 0xD1,
    0x27, 0x43, 0xF4, 0x13, 0xBA, 0xC7, 0xB5, 0x3B, 0x4E, 0x9E, 0x5B, 0x84, 0xAC, 0xE2, 0x47, 0x78,
    0x2E, 0x7D, 0x76, 0xEC, 0x22, 0x74, 0x62, 0x47, 0x27, 0x1E, 0xEF, 0xB8, 0x28, 0x5D, 0xBE, 0x7A,
    0x6A, 0xBB, 0xA1, 0xE9, 0xE5, 0xDF, 0x2D, 0xE5, 0xE4, 0x2C, 0x09, 0x74, 0xF9, 0xFF, 0x58, 0x7F,
    0xB8, 0x83, 0xDF, 0x1B, 0x97, 0x6F, 0x16, 0x73, 0xF3, 0x67, 0xED, 0x47, 0x5F, 0xB5, 0x51, 0xBE,
    0x2E, 0x83, 0x8E, 0x12, 0x81, 0x46, 0x47, 0x01, 0xBE, 0xF6, 0xC7, 0x1F, 0xA5, 0x73, 0x28, 0x26,
    0x75, 0x3B, 0x86, 0xB2, 0x01, 0xD7, 0x53, 0xEB, 0x3D, 0xA0, 0x8B, 0xD2, 0x51, 0xF5, 0x69, 0x67,
    0x50, 0x90, 0x99, 0x99, 0x9F, 0xE2, 0x4E, 0x5A, 0xC0, 0x71, 0x0A, 0xCC, 0x49, 0x6C, 0x61, 0x07,
    0x50, 0xE4, 0x61, 0x07, 0x76, 0xFE, 0x44, 0x93, 0x1B, 0xDD, 0x92, 0xB2, 0x9D, 0xA6, 0x80, 0xCE,
    0xEA, 0xC0, 0xBA, 0x4E, 0xB2, 0x12, 0x70, 0x39, 0x26, 0xB4, 0x2B, 0xA6, 0x8B, 0xA2, 0x23, 0xA2,
    0x9E, 0xFB, 0xE3, 0xCF, 0x4E, 0x81, 0x47, 0xFF, 0x38, 0x18, 0xCB, 0xC1, 0xB3, 0xED, 0x4C, 0x89,
    0x4C, 0xC5, 0x7C, 0x6C, 0x4D, 0x69, 0xF1, 0x34, 0x35, 0x92, 0x89, 0xA4, 0x9B, 0x2B, 0xEA, 0x7B,
    0x83, 0xEF, 0xB5, 0x65, 0x34, 0xCC, 0x96, 0xF4, 0xD6, 0x6A, 0x21, 0x9F, 0xD6, 0xBE, 0xAE, 0x19,
    0xEA, 0xC2, 0xE8, 0x53, 0x8A, 0xD4, 0x12, 0xD1, 0x3C, 0xFA, 0x9D, 0xA1, 0xBE, 0xFB, 0xA4, 0x0A,
    0xA5, 0x8C, 0x22, 0xFF, 0x6A, 0x75, 0x32, 0x8B, 0xFC, 0xC5, 0xEC, 0xCF, 0xF3, 0x56, 0xFD, 0xF5,
    0xBC, 0x66, 0xF3, 0x92, 0xFF, 0xF5, 0xBC, 0x9C, 0xE6, 0xB5, 0xD8, 0xAF, 0xF2, 0xB9, 0x3B, 0xFF,
    0xE5, 0x7E, 0x6F, 0x6A, 0xE4, 0x47, 0xB3, 0xFE, 0xBF, 0xBC, 0x9D, 0xE6, 0x98, 0xC6, 0xB4, 0x41,
    0x37, 0xD8, 0xA8, 0xBE, 0x05, 0x87, 0xA5, 0x07, 0xDB, 0xB8, 0x01, 0x3A, 0xF0, 0xBD, 0xB4, 0x1C,
    0x39, 0x64, 0x32, 0xE8, 0xD0, 0xD9, 0xE7, 0x13, 0xC7, 0x26, 0xCE, 0xC1, 0xE3, 0xF9, 0x2F, 0x66,
    0x1D, 0x7D, 0xFF, 0xE8, 0xF0, 0x5B, 0x71, 0x70, 0x9D, 0x0D, 0x14, 0x07, 0x32, 0x91, 0x89, 0x11,
    0x56, 0xE7, 0x10, 0x41, 0x67, 0xE7, 0xA2, 0x74, 0xBB, 0x1F, 0xD5, 0xCF, 0x77, 0xBC, 0xD1, 0xEB,
    0x23, 0xDC, 0x84, 0xB2, 0x9F, 0xE5, 0x1C, 0x00, 0x9F, 0x46, 0x1B, 0x54, 0x56, 0x93, 0x92, 0x9A,
    0x77, 0xF7, 0xE0, 0x47, 0x00, 0xA2, 0x6E, 0x98, 0x05, 0x4D, 0x8B, 0xF3, 0x95, 0x98, 0x1E, 0xAC,
    0x30, 0x80, 0x5F, 0x01, 0x7C, 0xFB, 0xFE, 0xF1, 0xEE, 0x2E, 0xD4, 0xC2, 0x16, 0x3A, 0x03, 0x47,
    0xB8, 0x08, 0xB8, 0x05, 0xC7, 0x97, 0x4E, 0x63, 0x22, 0x2A, 0x03, 0xFB, 0x66, 0x4C, 0x8B, 0xB4,
    0x67, 0x02, 0xDB, 0x33, 0xB1, 0x39, 0x13, 0xA8, 0x16, 0xFE, 0xD9, 0x7C, 0x0A, 0x9B, 0x5D, 0x61,
    0x73, 0xAD, 0x62, 0xE8, 0x6C, 0x68, 0xF7, 0x14, 0xD8, 0xBD, 0xCF, 0x80, 0x0B, 0x88, 0xDA, 0x6C,
    0x6E, 0x3E, 0xB0, 0xE8, 0x98, 0xF5, 0xE3, 0xDD, 0x0F, 0x6C, 0xCF, 0x24, 0xD8, 0x9E, 0x49, 0xB8,
    0x2D, 0xFC, 0xAF, 0xC0, 0x51, 0xF7, 0xEF, 0x71, 0x94, 0xFD, 0x67, 0x68, 0xD5, 0xBF, 0xE7, 0x0A,
    0x4A, 0x93, 0x35, 0x8E, 0xA7, 0xF9, 0x1B, 0xA2, 0xBE, 0x22, 0x24, 0x5A, 0x02, 0xE0, 0x7E, 0x21,
    0x62, 0x0F, 0x5F, 0x94, 0x85, 0x90, 0xC8, 0x0B, 0xC8, 0x8C, 0xC0, 0x80, 0x82, 0x24, 0xCE, 0x08,
    0x24, 0xF2, 0x65, 0xBE, 0x42, 0xC9, 0x9C, 0x31, 0x21, 0xA0, 0x22, 0xF2, 0xA4, 0x9D, 0x0C, 0xD4,
    0xFD, 0xAD, 0xDB, 0x54, 0x09, 0xA4, 0x2F, 0x4B, 0x59, 0xF9, 0x36, 0xD9, 0x2D, 0x75, 0xA3, 0x64,
    0xBD, 0xCC, 0xB0, 0x8D, 0x6A, 0x4A, 0xB6, 0x11, 0x9D, 0xE9, 0xA4, 0xEB, 0x71, 0x41, 0xB9, 0x56,
    0x83, 0x6E, 0x29, 0x97, 0x13, 0xD2, 0xD9, 0x16, 0x5C, 0x90, 0x13, 0x04, 0x82, 0xCD, 0x80, 0x37,
    0xE0, 0xDA, 0x0D, 0x25, 0x8F, 0x65, 0x79, 0x66, 0x4E, 0xD5, 0xEA, 0x1E, 0x98, 0xC8, 0x2F, 0x95,
    0x44, 0x70, 0x2B, 0xD3, 0x34, 0x5A, 0xEA, 0x15, 0x4E, 0xC7, 0xFA, 0xAD, 0xDA, 0x09, 0xE0, 0x17,
    0xDD, 0xC4, 0xF9, 0x73, 0xFF, 0x90, 0xC8, 0xD9, 0x16, 0x69, 0xC5, 0x4A, 0xDE, 0xFD, 0x9A, 0x31,
    0x13, 0x2B, 0x45, 0xDA, 0x08, 0xD7, 0xF3, 0x50, 0x70, 0x07, 0x07, 0xCF, 0x53, 0xC1, 0xAD, 0xD7,
    0x34, 0xB1, 0xE9, 0x2F, 0x19, 0x29, 0xA8, 0x87, 0x2D, 0x5F, 0x70, 0xFC, 0xEF, 0x54, 0x54, 0x93,
    0xC2, 0xF7, 0xFC, 0xA0, 0xB0, 0x8A, 0x30, 0xB8, 0x29, 0x5C, 0x38, 0xC2, 0xB0, 0x65, 0x7A, 0x56,
    0x6B, 0xD8, 0x4E, 0x9C, 0xCA, 0x59, 0xDC, 0xD9, 0x34, 0xB7, 0xEF, 0x8E, 0x13, 0xCB, 0xAE, 0xE5,
    0x14, 0xC9, 0xFC, 0xA3, 0xDE, 0xAF, 0x7F, 0x88, 0x6A, 0xFA, 0x0A, 0xCA, 0xF9, 0x2B, 0x24, 0x4D,
    0x53, 0x0F, 0x2E, 0x9D, 0x75, 0xF1, 0xAB, 0xFF, 0x99, 0xF5, 0x36, 0x1C, 0x79, 0x8D, 0x45, 0x29,
    0x47, 0x7F, 0x71, 0x93, 0xB7, 0xBF, 0xC9, 0xE5, 0x9B, 0x31, 0xE5, 0xF7, 0xD7, 0x9C, 0xFF, 0x5D,
    0x7B, 0x47, 0xD3, 0x75, 0xBD, 0xF0, 0x4B, 0xD6, 0x15, 0x1B, 0xDE, 0x5E, 0x93, 0xB8, 0x36, 0x61,
    0x6F, 0xD6, 0x2E, 0x6F, 0xD6, 0x33, 0x6F, 0xD6, 0x38, 0x6F, 0xD6, 0x3D, 0x6F, 0xFF, 0xF7, 0x4E,
    0xFF, 0xD6, 0x7F, 0xEB, 0x64, 0x3E, 0x9F, 0xC2, 0xEF, 0x94, 0xB0, 0x74, 0xF3, 0xF9, 0x1F, 0xB5,
    0xEC, 0x65, 0xB5, 0xA2, 0x64, 0xAF, 0x65, 0xA2, 0x99, 0xEC, 0x95, 0x34, 0x26, 0x4D, 0xD8, 0x5B,
    0xA0, 0x03, 0x4F, 0x94, 0xBB, 0x36, 0x6A, 0xB2, 0x2B, 0xCC, 0x87, 0xDE, 0x2A, 0xB0, 0xA6, 0xFE,
    0xA2, 0x3D, 0x67, 0x92, 0x5A, 0x0F, 0x17, 0x37, 0x7D, 0xA9, 0x7B, 0x53, 0x9C, 0x3A, 0x1C, 0xD8,
    0xC4, 0xF2, 0x91, 0xEB, 0x6A, 0xEF, 0xE4, 0x39, 0xD1, 0x69, 0xF8, 0x70, 0xB2, 0x2A, 0x55, 0xF8,
    0xE2, 0xBD, 0xD8, 0xEA, 0x57, 0xDD, 0x8B, 0xFD, 0xEC, 0xCD, 0x5E, 0x6C, 0xFB, 0x74, 0x2F, 0x96,
    0x2E, 0xEB, 0xDF, 0xB5, 0x17, 0x7B, 0xBB, 0x57, 0x65, 0x55, 0x98, 0xAF, 0x9C, 0xFC, 0x9C, 0xE6,
    0x2F, 0x82, 0x15, 0x46, 0xAF, 0x35, 0x3E, 0x90, 0x90, 0xCF, 0xDE, 0x52, 0x89, 0x7B, 0x0B, 0xF1,
    0xE8, 0x56, 0x66, 0x02, 0x19, 0xEB, 0x49, 0x7F, 0x28, 0x12, 0xEB, 0x85, 0x71, 0x2B, 0xDE, 0x89,
    0x9D, 0x6F, 0x1A, 0xB5, 0x2A, 0x85, 0x4C, 0x5A, 0x48, 0xC0, 0x85, 0xEA, 0x28, 0xB6, 0x88, 0x0D,
    0xD8, 0xB8, 0xD0, 0xB0, 0xE0, 0xD4, 0xB5, 0x4D, 0xAF, 0x08, 0xCF, 0xBA, 0x13, 0x61, 0x8E, 0xAB,
    0x88, 0xDA, 0x48, 0x4C, 0x48, 0x97, 0x10, 0xD7, 0x83, 0x4E, 0xD5, 0xF4, 0xDC, 0xA2, 0xCC, 0x02,
    0x3A, 0xAB, 0x63, 0xCB, 0x7D, 0xB4, 0x0D, 0x4A, 0x27, 0xAB, 0xED, 0x4F, 0x16, 0xF2, 0x02, 0xFF,
    0x0F, 0xA4, 0x55, 0x37, 0xB0, 0xEC, 0x34, 0x14, 0x3D, 0x6B, 0x33, 0xB3, 0x85, 0x67, 0x10, 0x39,
    0x83, 0xFB, 0xCA, 0x7D, 0x25, 0x93, 0x4B, 0xE8, 0xE9, 0x0B, 0xAA, 0x4F, 0x5F, 0x60, 0x93, 0x73,
    0xE8, 0x9B, 0xFF, 0xEB, 0xFD, 0xC5, 0xB6, 0x54, 0x2B, 0x91, 0x33, 0x18, 0x4A, 0xA2, 0x09, 0x0D,
    0xD9, 0x0C, 0x9E, 0xC1, 0xFF, 0x7D, 0x59, 0x17, 0x9D, 0x91, 0xAD, 0x59, 0x72, 0xBA, 0xCF, 0xA3,
    0x7B, 0x74, 0x77, 0x57, 0xEF, 0x86, 0xA3, 0x63, 0x1C, 0x99, 0xB2, 0xD0, 0xC8, 0xED, 0x8A, 0xD4,
    0xB0, 0xA2, 0xAD, 0x5B, 0x11, 0x7C, 0x42, 0x4D, 0x42, 0xBA, 0x5D, 0x51, 0x69, 0x57, 0xA4, 0xFE,
    0x21, 0xAA, 0x22, 0x6A, 0xEA, 0x78, 0x4A, 0x0F, 0x63, 0xE3, 0xC9, 0xE3, 0x46, 0xFA, 0x6C, 0x26,
    0x92, 0xFD, 0xCF, 0x7E, 0x3F, 0x81, 0x48, 0xDE, 0x13, 0xE9, 0x01, 0x94, 0x4F, 0x78, 0x54, 0x4C,
    0x05, 0x55, 0x8D, 0xC5, 0x34, 0x56, 0xF3, 0x8B, 0xBF, 0xE8, 0x5A, 0xB7, 0x7E, 0x26, 0x43, 0x42,
    0xED, 0x82, 0xAE, 0xB8, 0x13, 0xAB, 0x35, 0x13, 0xCC, 0x88, 0x5C, 0xE4, 0x76, 0x11, 0x28, 0x6F,
    0x3E, 0x3D, 0x11, 0x5B, 0x75, 0x5B, 0xA9, 0xCB, 0x5E, 0xD7, 0x99, 0xC7, 0x76, 0x30, 0xD8, 0xCC,
    0xC8, 0xC7, 0x19, 0x70, 0xC8, 0x26, 0x47, 0xB7, 0x71, 0x74, 0xC0, 0x6F, 0xDC, 0x1C, 0x9D, 0x89,
    0x4E, 0xD7, 0xA0, 0x0B, 0x55, 0xF2, 0x07, 0x6A, 0x00, 0x7F, 0x9E, 0x4F, 0x70, 0xE1, 0x30, 0x0C,
    0x74, 0x4C, 0x8C, 0x85, 0x73, 0x65, 0x37, 0x68, 0xA6, 0xE5, 0x7A, 0xAD, 0x07, 0x98, 0xD4, 0x14,
    0x1D, 0x63, 0x9B, 0xBB, 0x99, 0x74, 0x73, 0x0E, 0xA7, 0xB8, 0x6D, 0x26, 0xC6, 0x1F, 0x10, 0x71,
    0xF4, 0x4C, 0xFC, 0x07, 0x7F, 0x56, 0xEA, 0xE2, 0xC4, 0xB4, 0xCC, 0xDE, 0x42, 0x5B, 0xD5, 0x95,
    0x56, 0x23, 0x13, 0xA0, 0x18, 0x94, 0x55, 0xF6, 0x80, 0x8D, 0x07, 0xF2, 0x51, 0xD9, 0xD2, 0xCE,
    0x60, 0x52, 0x77, 0xF9, 0xFD, 0xD7, 0xD2, 0x3A, 0x62, 0x2D, 0xC1, 0x3C, 0x88, 0x37, 0x42, 0xFB,
    0x12, 0xC4, 0xDB, 0x99, 0x0E, 0x20, 0x66, 0x05, 0xC4, 0x9E, 0xD8, 0x46, 0xDC, 0x80, 0x78, 0x43,
    0x0C, 0xDD, 0x12, 0xE7, 0x13, 0x71, 0xD5, 0xC1, 0x15, 0xFD, 0x76, 0x20, 0x56, 0x13, 0x5C, 0xEE,
    0x4D, 0x47, 0x9C, 0x8F, 0x3C, 0x7F, 0x99, 0xC3, 0xB3, 0x70, 0xA8, 0x26, 0x44, 0xBB, 0x7C, 0xB7,
    0xDB, 0xA1, 0x94, 0x60, 0x1B, 0xA1, 0x15, 0xF2, 0x2C, 0x87, 0xDD, 0xC7, 0x93, 0xB9, 0x9A, 0xCB,
    0xB9, 0x7A, 0x8E, 0x13, 0x22, 0x8E, 0xEB, 0x7D, 0x1E, 0xCC, 0xCD, 0x80, 0xAB, 0x4E, 0xEB, 0x01,
    0x5C, 0x75, 0xF0, 0x40, 0xF5, 0x8D, 0x63, 0x0E, 0x32, 0xB2, 0x85, 0xD2, 0x81, 0xC6, 0xCE, 0xFF,
    0x0F, 0xB7, 0x97, 0x73, 0x00, 0x73, 0x25, 0x1F, 0x25, 0xB4, 0xDD, 0x23, 0x0F, 0xCF, 0x60, 0xAC,
    0x1A, 0x82, 0x53, 0x83, 0x6E, 0x83, 0xCB, 0xA7, 0xE6, 0xF2, 0xE0, 0x36, 0xCE, 0xC8, 0x90, 0x0F,
    0xF0, 0x22, 0x2E, 0xB8, 0x26, 0xE4, 0x1C, 0x9C, 0x76, 0x30, 0xD1, 0xE9, 0x23, 0x77, 0x08, 0x6E,
    0x84, 0x09, 0x89, 0x67, 0x0E, 0x33, 0x33, 0x97, 0xB3, 0xAE, 0x90, 0x91, 0x1C, 0x66, 0xEE, 0x45,
    0x22, 0x30, 0x70, 0x41, 0x42, 0xF7, 0x26, 0x64, 0x12, 0xD2, 0x7F, 0x80, 0x0E, 0xD8, 0xCA, 0x88,
    0x4A, 0x9E, 0xCD, 0x1C, 0x8C, 0xC8, 0x4D, 0x22, 0xBE, 0x1C, 0x72, 0xF9, 0xDA, 0x7C, 0xEA, 0x77,
    0x22, 0xAD, 0x1A, 0x51, 0x48, 0x87, 0xCA, 0x91, 0x89, 0xB9, 0xD4, 0x10, 0x36, 0x93, 0x9C, 0x29,
    0x26, 0x83, 0xC3, 0xE5, 0xC0, 0x8C, 0xCA, 0x6A, 0x70, 0x00, 0x6C, 0x79, 0xD5, 0x72, 0x08, 0xFC,
    0x2B, 0x2D, 0x07, 0xE1, 0xB2, 0x09, 0xCA, 0x3A, 0x34, 0x60, 0x9D, 0x44, 0xFA, 0x37, 0xA8, 0xB4,
    0x07, 0x10, 0x85, 0x24, 0x5A, 0x0E, 0xC7, 0x65, 0xFC, 0x36, 0xCB, 0x64, 0xA1, 0x1E, 0xAC, 0x94,
    0x4C, 0x9C, 0x38, 0xA8, 0x80, 0xB6, 0xA9, 0x5C, 0x9C, 0x22, 0x1B, 0x68, 0x21, 0x28, 0xF3, 0x02,
    0xAB, 0x93, 0x95, 0x49, 0x08, 0xAC, 0x3F, 0xDD, 0xAF, 0x0A, 0xA0, 0x5E, 0x1D, 0x40, 0xCB, 0x1C,
    0xD4, 0x8B, 0x13, 0xAE, 0xE6, 0xE0, 0x26, 0xA8, 0x17, 0x1C, 0xEB, 0x07, 0xFF, 0xBD, 0x75, 0x95,
    0x78, 0x80, 0x3D, 0xAF, 0x5D, 0xD3, 0x9A, 0x9A, 0xD0, 0xC0, 0x09, 0x6B, 0x0F, 0x33, 0x9B, 0xE1,
    0x1C, 0x14, 0x61, 0x3E, 0x25, 0xA8, 0xFA, 0x04, 0x9B, 0x16, 0xCE, 0xA3, 0x0C, 0x63, 0xFE, 0xD1,
    0x03, 0xAE, 0x81, 0xDE, 0xED, 0xCE, 0x9E, 0xF7, 0xBB, 0x9D, 0x0B, 0x95, 0x49, 0x34, 0x57, 0x20,
    0x41, 0xFC, 0xC6, 0xC2, 0x20, 0x33, 0x99, 0xD2, 0xD8, 0x64, 0xAC, 0x44, 0xEC, 0x42, 0xCD, 0xD0,
    0x89, 0x30, 0x93, 0x71, 0xF9, 0xE2, 0x84, 0xC6, 0x51, 0x83, 0x9F, 0xE3, 0x4E, 0x85, 0xF1, 0x0C,
    0x60, 0xA2, 0x8B, 0x60, 0x94, 0x1D, 0xA0, 0x6F, 0x74, 0x6C, 0x97, 0xAE, 0x99, 0xDA, 0x15, 0xE6,
    0x1B, 0xA7, 0xC4, 0x45, 0x9D, 0x2D, 0x44, 0x64, 0xD0, 0x5F, 0x4B, 0xDC, 0x35, 0x61, 0xD7, 0x1A,
    0xE8, 0x56, 0x73, 0x27, 0xCF, 0x2A, 0x8B, 0x19, 0x41, 0x21, 0xEA, 0xD8, 0x28, 0x0B, 0x2E, 0x55,
    0xCB, 0xAE, 0xAC, 0xBB, 0xD2, 0x72, 0x87, 0x2A, 0xEE, 0xD4, 0xB0, 0x74, 0x0C, 0x07, 0x54, 0xED,
    0x76, 0x02, 0x48, 0x24, 0xF0, 0xC4, 0x5D, 0x98, 0x1E, 0xC2, 0x0C, 0x67, 0xA0, 0x64, 0x03, 0xB8,
    0x6B, 0xD8, 0xEC, 0x2D, 0x7B, 0xE0, 0x62, 0xC5, 0x0B, 0x1B, 0x33, 0xE9, 0x59, 0xF3, 0xB8, 0xCC,
    0x94, 0xD9, 0x88, 0x63, 0xDD, 0x33, 0x47, 0x1B, 0x23, 0x4C, 0x1A, 0xEA, 0xC4, 0x9C, 0xE2, 0x84,
    0x19, 0x41, 0x43, 0x11, 0xA8, 0xAC, 0x92, 0x9A, 0x83, 0x66, 0xC4, 0x87, 0x6D, 0x08, 0x16, 0x33,
    0xE7, 0xCD, 0x08, 0xDC, 0xF2, 0x16, 0x8B, 0x63, 0x3F, 0x8E, 0x8C, 0x9C, 0xFE, 0x51, 0x24, 0x56,
    0xF5, 0xDB, 0x88, 0xAE, 0x7F, 0x1B, 0x31, 0x38, 0x8E, 0x20, 0x3B, 0x43, 0x66, 0x1C, 0x47, 0x80,
    0xED, 0xC4, 0x48, 0x83, 0x8D, 0xE3, 0x78, 0x9A, 0xA8, 0x59, 0x8E, 0x8C, 0xCC, 0x1C, 0x8A, 0x1E,
    0x06, 0x00, 0xE9, 0x82, 0x8D, 0xD8, 0xED, 0x88, 0xED, 0x80, 0x19, 0xC8, 0xC8, 0x9A, 0x1B, 0xF6,
    0x72, 0x62, 0x06, 0xE4, 0xB2, 0x77, 0x80, 0x22, 0x79, 0xB4, 0x7C, 0x4E, 0x1E, 0x40, 0xA8, 0x71,
    0x8A, 0xC4, 0xA9, 0x3C, 0xAA, 0x99, 0x67, 0x4A, 0xBD, 0x44, 0xA8, 0xFC, 0x95, 0x70, 0x4C, 0x22,
    0xF7, 0x73, 0x9F, 0xB4, 0x1F, 0xAB, 0xF0, 0x63, 0x55, 0x7D, 0xAC, 0x92, 0x8F, 0x55, 0xEF, 0x77,
    0x49, 0xEC, 0x93, 0xD2, 0x27, 0x99, 0x4F, 0x1A, 0x9F, 0x04, 0x3E, 0xA9, 0x7B, 0x92, 0xF6, 0xA4,
    0xEB, 0x49, 0xD4, 0x93, 0xA2, 0x27, 0x39, 0x4F, 0x56, 0xFA, 0x23, 0x2C, 0x36, 0xE1, 0x0B, 0x4D,
    0x97, 0x30, 0xB3, 0x4C, 0x96, 0xFF, 0x03, 0x5C, 0xF4, 0x09, 0x72, 0x04, 0xBC, 0xD2, 0xA6, 0x0F,
    0x5C, 0x32, 0x35, 0x0C, 0x5F, 0xE2, 0xBE, 0x20, 0xFD, 0x82, 0xAC, 0xC9, 0x0F, 0x27, 0x62, 0x42,
    0x5F, 0xA0, 0x46, 0x28, 0xA9, 0xC3, 0x53, 0x88, 0xE5, 0xF5, 0xF6, 0x28, 0x66, 0x54, 0x8F, 0x0C,
    0x14, 0xB7, 0x99, 0x6C, 0x69, 0xB2, 0x89, 0xF2, 0xE6, 0xC0, 0x5A, 0xE0, 0xA2, 0xC0, 0x05, 0x15,
    0x98, 0x70, 0x60, 0x7B, 0x88, 0xC3, 0x27, 0x54, 0xEE, 0x88, 0x29, 0xD8, 0x68, 0x8E, 0xB0, 0xFE,
    0x43, 0x7C, 0x58, 0x71, 0x38, 0x87, 0x72, 0x47, 0xBC, 0x59, 0x74, 0x9D, 0x78, 0x15, 0x77, 0xE2,
    0x55, 0xE1, 0x89, 0x93, 0xCC, 0x73, 0xE8, 0x0B, 0xE8, 0x97, 0xCE, 0xED, 0x47, 0x60, 0xD5, 0xB6,
    0xC5, 0x7E, 0x07, 0x36, 0x2B, 0xC8, 0xA6, 0xE8, 0x49, 0x3A, 0xD2, 0xA6, 0x94, 0xD3, 0xDD, 0x42,
    0x1B, 0x69, 0x49, 0x9B, 0x0F, 0x43, 0x7B, 0x2C, 0x48, 0x9B, 0xF0, 0x0C, 0x20, 0x6D, 0xEA, 0xF2,
    0x7D, 0x17, 0x69, 0xA3, 0x6B, 0x8F, 0x19, 0xE1, 0x09, 0x10, 0x8E, 0x6C, 0x21, 0x0F, 0x08, 0xC2,
    0xB9, 0xA5, 0x25, 0x88, 0xEA, 0xBE, 0x02, 0xBF, 0x82, 0x66, 0x05, 0xA4, 0x0D, 0x49, 0xD3, 0x92,
    0x36, 0xA1, 0xD7, 0x4D, 0x4D, 0xDA, 0x40, 0xBE, 0xF1, 0xB1, 0xD5, 0x5A, 0x5C, 0xA4, 0x4D, 0x48,
    0x80, 0x89, 0x4B, 0xCF, 0x95, 0x41, 0xE0, 0x9B, 0xF9, 0xE8, 0x95, 0xA6, 0x7F, 0xB7, 0x1E, 0xD6,
    0x92, 0x0B, 0x39, 0x3F, 0x82, 0xA3, 0xEF, 0xB1, 0x0D, 0xBA, 0x39, 0x70, 0xDC, 0xC6, 0x41, 0xDB,
    0xCC, 0x19, 0x34, 0xA1, 0x74, 0xDD, 0x7A, 0xA8, 0x8E, 0x79, 0x96, 0x56, 0xF5, 0x2E, 0xD4, 0xB5,
    0x1D, 0xC2, 0x8A, 0x7C, 0x59, 0x67, 0x70, 0x6D, 0xC0, 0x55, 0xB7, 0x41, 0x50, 0xFA, 0xB2, 0x0F,
    0xDF, 0xEC, 0x0A, 0x17, 0x04, 0x28, 0x9C, 0x92, 0x8B, 0x00, 0xF7, 0x60, 0x55, 0x64, 0xBE, 0x95,
    0x12, 0x1A, 0x56, 0x82, 0xEE, 0x27, 0xFC, 0x6E, 0x30, 0xF8, 0x4B, 0x94, 0x4D, 0xC7, 0xEC, 0x2E,
    0xE4, 0xCB, 0x6B, 0xC5, 0xDF, 0xD1, 0x01, 0x12, 0xAD, 0x05, 0xAB, 0x91, 0xDD, 0x3E, 0x20, 0x56,
    0x34, 0x21, 0x93, 0x01, 0xAC, 0xEA, 0x80, 0xE2, 0x27, 0x17, 0x2B, 0xAB, 0x4B, 0xEB, 0xE1, 0x29,
    0xCD, 0x41, 0xC6, 0x39, 0xA4, 0x2A, 0x64, 0x4F, 0xA5, 0x8C, 0x55, 0x52, 0xDE, 0xD7, 0x4A, 0xD5,
    0x11, 0x9A, 0x13, 0x32, 0x09, 0x69, 0x56, 0x3E, 0x50, 0x53, 0x63, 0xF5, 0x0D, 0x74, 0x1D, 0x3B,
    0x40, 0x2D, 0xCE, 0x26, 0x76, 0x81, 0x3A, 0xCD, 0x4E, 0x30, 0x97, 0x3E, 0x5D, 0xF1, 0x74, 0xBD,
    0xD3, 0xD5, 0x3E, 0xBE, 0xD6, 0xF9, 0x9F, 0xF8, 0xA2, 0x4F, 0x57, 0xF8, 0x0C, 0x50, 0x89, 0xA9,
    0x33, 0x1E, 0x2B, 0x1E, 0xC5, 0x04, 0x25, 0x41, 0xCE, 0xCA, 0x0E, 0x55, 0x5F, 0x48, 0xA7, 0x5B,
    0x34, 0x75, 0xF5, 0xE6, 0xD0, 0x00, 0x86, 0x57, 0xD5, 0x03, 0x1E, 0x0E, 0x6E, 0xA1, 0xE4, 0x81,
    0x9E, 0xD7, 0x73, 0xE1, 0xA1, 0x5E, 0xFD, 0xBC, 0xF8, 0x40, 0x66, 0x47, 0xDF, 0xB0, 0x8A, 0x09,
    0x46, 0x07, 0x19, 0xE6, 0x35, 0x0C, 0xB5, 0xF1, 0x0A, 0x72, 0xBE, 0xF6, 0x97, 0xDE, 0xAD, 0x1F,
    0x56, 0x72, 0xAB, 0x7A, 0x5F, 0xCF, 0xFC, 0x76, 0xFD, 0x23, 0x46, 0xB8, 0x49, 0x22, 0x25, 0x41,
    0x72, 0x4B, 0x90, 0x90, 0x29, 0x68, 0x42, 0x63, 0x23, 0x0A, 0x4A, 0x68, 0x56, 0x51, 0xD2, 0xA4,
    0x09, 0x12, 0xDD, 0xD2, 0x17, 0xB1, 0x45, 0x2F, 0xB1, 0x42, 0xA1, 0xA2, 0xD9, 0x22, 0x48, 0xF0,
    0xA6, 0x18, 0xFA, 0x62, 0xAE, 0x49, 0x7A, 0xE1, 0x20, 0x21, 0x0A, 0x1A, 0x8B, 0x3F, 0x42, 0x7A,
    0xDB, 0x8C, 0xC2, 0x44, 0x72, 0x5E, 0x6C, 0x5F, 0xEE, 0x77, 0x3E, 0x1F, 0xCF, 0x5E, 0xED, 0xF8,
    0xE5, 0x45, 0x49, 0x70, 0x5E, 0x7C, 0x3F, 0xEF, 0xD8, 0x1E, 0xDF, 0xE3, 0xF3, 0xE7, 0x3B, 0xE7,
    0x9E, 0x91, 0x24, 0xA1, 0x1A, 0x19, 0xA6, 0xF8, 0x9C, 0x32, 0x43, 0xA2, 0xC5, 0x9E, 0x76, 0xD3,
    0x1D, 0xA9, 0x56, 0xB5, 0xA0, 0x43, 0xF8, 0xE6, 0xF3, 0x69, 0x7E, 0xF3, 0x11, 0x14, 0x56, 0x84,
    0x11, 0x23, 0xC1, 0x49, 0x5B, 0x09, 0xEF, 0x1B, 0x28, 0x29, 0x4E, 0xAB, 0xC9, 0x61, 0x19, 0xFA,
    0xE4, 0x26, 0xF7, 0xEC, 0xD5, 0x95, 0xBD, 0x9A, 0x4A, 0x08, 0x49, 0xB6, 0xD1, 0x0B, 0x5D, 0x95,
    0xA5, 0xE8, 0x10, 0x34, 0xFD, 0xBB, 0x6F, 0xAD, 0x01, 0xF2, 0xFA, 0x7E, 0x1C, 0xE4, 0x5A, 0xEF,
    0xB5, 0x3D, 0xC2, 0xFD, 0x88, 0x10, 0xF5, 0x81, 0x9C, 0x49, 0xBB, 0xCD, 0x90, 0x1C, 0x93, 0x63,
    0x75, 0xED, 0xA6, 0x87, 0x47, 0xF8, 0x72, 0xB9, 0x5F, 0x1B, 0x39, 0x90, 0x93, 0x0E, 0x6F, 0x36,
    0x57, 0xA6, 0xF5, 0x9E, 0x79, 0x59, 0x27, 0x51, 0xAC, 0x81, 0x49, 0x65, 0x52, 0xD1, 0x74, 0xF1,
    0x56, 0x7B, 0x82, 0x8D, 0x4A, 0x35, 0xDC, 0x98, 0xC6, 0xA9, 0x30, 0x8C, 0xCA, 0xC2, 0xA8, 0x28,
    0x8C, 0x4A, 0x62, 0x11, 0x84, 0xCA, 0xE1, 0x5D, 0xA3, 0x62, 0xE8, 0x54, 0x0A, 0xA3, 0xA1, 0x10,
    0xEE, 0x3B, 0x43, 0x19, 0xD0, 0x0C, 0x70, 0x55, 0xDA, 0x50, 0x02, 0x02, 0x20, 0x00, 0xBF, 0xC3,
    0xFC, 0xB7, 0x70, 0x13, 0x98, 0xFE, 0xFE, 0x78, 0xE5, 0xF5, 0xCD, 0x4D, 0xC8, 0x31, 0x27, 0x23,
    0x93, 0x8F, 0xF4, 0xFD, 0x3F, 0x57, 0x9A, 0x9F, 0xA9, 0xA6, 0x0E, 0x2B, 0x20, 0x81, 0x8F, 0xC7,
    0xB6, 0xF5, 0xB7, 0xD2, 0x19, 0xB5, 0xE1, 0x1C, 0xC3, 0x6D, 0xE3, 0x3E, 0xA1, 0x2D, 0x54, 0xFE,
    0x44, 0x80, 0x8D, 0xB7, 0xF6, 0x1E, 0x20, 0xF1, 0xFB, 0x11, 0x00, 0xDC, 0xCE, 0x91, 0x96, 0x80,
    0x63, 0x79, 0xF0, 0xCE, 0x0B, 0x20, 0x7D, 0x1E, 0x20, 0x42, 0xA5, 0x00, 0x08, 0x4F, 0x00, 0xC8,
    0x84, 0x08, 0x46, 0x63, 0x09, 0x30, 0xF7, 0x4C, 0x41, 0x51, 0x7A, 0x00, 0x8D, 0xB2, 0x72, 0x43,
    0x73, 0x88, 0xF0, 0x15, 0xA0, 0xDE, 0xC9, 0xF8, 0xE0, 0x75, 0x44, 0x9C, 0x53, 0x0C, 0xB2, 0x08,
    0xE2, 0xBD, 0x05, 0xE0, 0x43, 0x3E, 0xE2, 0xD4, 0x71, 0x93, 0x8B, 0x63, 0xBF, 0x19, 0x38, 0xD9,
    0x39, 0x2C, 0xD9, 0x59, 0x68, 0xC9, 0x85, 0x39, 0x3F, 0x36, 0x11, 0x5C, 0x28, 0x92, 0x04, 0xE7,
    0x84, 0xD8, 0x16, 0x37, 0x16, 0x0C, 0x16, 0x51, 0xE1, 0x08, 0x86, 0x61, 0x0D, 0xCC, 0xD8, 0x98,
    0x11, 0x27, 0x4D, 0x4C, 0xB3, 0x0D, 0x33, 0xEB, 0xF5, 0x91, 0x59, 0xB9, 0x84, 0xAC, 0x01, 0x2C,
    0x1F, 0x56, 0x8E, 0x78, 0x07, 0x2B, 0x47, 0x66, 0x0D, 0x2B, 0x07, 0x25, 0xA2, 0x95, 0x1B, 0x23,
    0x56, 0xFE, 0xFF, 0xE6, 0xE2, 0x06, 0x5F, 0xF8, 0x99, 0xB8, 0x4E, 0x16, 0x9C, 0x75, 0x79, 0xAB,
    0x38, 0xC5, 0xFD, 0x97, 0x97, 0xCB, 0xF9, 0x07, 0xA5, 0x06, 0x6E, 0xF4, 0x9C, 0x15, 0x9C, 0xBA,
    0x9F, 0xBB, 0x1B, 0x91, 0xCE, 0xF4, 0xC0, 0xF0, 0xB2, 0xF9, 0xCD, 0x6E, 0x02, 0xB6, 0xFE, 0x81,
    0x45, 0x1E, 0x33, 0x45, 0x3F, 0xC0, 0x0C, 0x3C, 0xA6, 0xEF, 0x46, 0x18, 0x23, 0x06, 0xF7, 0x03,
    0xF6, 0x74, 0xBC, 0x54, 0x5C, 0xCC, 0xF9, 0x07, 0x70, 0x5A, 0x9E, 0x71, 0x64, 0x5E, 0xBE, 0x9A,
    0x7C, 0x8A, 0x8D, 0xFB, 0x2C, 0xDE, 0xE8, 0x73, 0xE0, 0xF1, 0x81, 0xDF, 0xDE, 0x22, 0x76, 0xB2,
    0x85, 0x98, 0xDB, 0xDB, 0xE6, 0x7E, 0x4D, 0x84, 0xE7, 0x5B, 0x47, 0x48, 0x43, 0x88, 0x30, 0x6F,
    0x6E, 0x90, 0xC6, 0x59, 0x46, 0x17, 0xB7, 0xD8, 0x81, 0xC4, 0xD4, 0xA2, 0x69, 0xEE, 0x07, 0x90,
    0x9C, 0x41, 0xFE, 0xFA, 0xD7, 0x09, 0x8E, 0x59, 0xF2, 0x57, 0xF0, 0x6D, 0xCD, 0x5F, 0xE1, 0x04,
    0xA0, 0x9C, 0x70, 0x01, 0xCC, 0x5F, 0xC1, 0xF7, 0xE6, 0xFC, 0x15, 0xC9, 0x09, 0xC9, 0x1D, 0xBE,
    0x8C, 0xD4, 0x0E, 0xE9, 0x0B, 0x89, 0x1D, 0x6C, 0x8E, 0x54, 0x0E, 0xFE, 0x78, 0x24, 0x12, 0x49,
    0x2B, 0x2A, 0x4A, 0x10, 0x3A, 0x7C, 0x15, 0xE9, 0xDC, 0xB5, 0x2B, 0x99, 0xBF, 0x46, 0x6E, 0x32,
    0xCC, 0x5F, 0x37, 0xEE, 0x9F, 0xCF, 0x68, 0x18, 0x2E, 0x5D, 0x01, 0x65, 0x46, 0x90, 0xB7, 0x55,
    0xAD, 0x2A, 0xA5, 0xF2, 0x50, 0xAE, 0xF0, 0x52, 0xF9, 0xEC, 0x1D, 0x3F, 0x2F, 0xB0, 0xBD, 0x00,
    0x68, 0x1E, 0x01, 0x82, 0x3C, 0x00, 0xD2, 0xAB, 0x4E, 0x00, 0xC8, 0x03, 0x00, 0x35, 0x3F, 0x00,
    0xAF, 0x8A, 0x71, 0xCD, 0x3E, 0x1A, 0xC0, 0xAB, 0xC5, 0xC3, 0xBF, 0x3C, 0xA8, 0x16, 0xE2, 0x72,
    0x06, 0xD8, 0x02, 0x3F, 0xA2, 0xBE, 0xE3, 0xB3, 0xB0, 0xFA, 0x95, 0xA7, 0x7D, 0x4B, 0xE0, 0x5F,
    0xB4, 0x42, 0xB6, 0xBE, 0xD1, 0x0A, 0x4B, 0xC5, 0xB9, 0xE8, 0x0A, 0x37, 0x77, 0xB3, 0x73, 0x44,
    0x70, 0xB4, 0xF0, 0x0D, 0x9C, 0x8D, 0x77, 0x87, 0x9F, 0xE2, 0xF6, 0xF7, 0x4B, 0xBC, 0x73, 0xF1,
    0x81, 0x91, 0x1B, 0xBD, 0xE5, 0x6D, 0x25, 0x28, 0x25, 0x08, 0xB3, 0x7E, 0xF2, 0xDB, 0x41, 0x0C,
    0xBF, 0x29, 0xE0, 0x5D, 0xA0, 0x29, 0x75, 0xDA, 0xE1, 0x25, 0x02, 0xE3, 0x73, 0x62, 0x4A, 0x8C,
    0x56, 0x4B, 0x9C, 0x35, 0xAC, 0x93, 0x3D, 0xEF, 0xCF, 0x49, 0xBB, 0xA4, 0xDB, 0xF6, 0x94, 0x61,
    0xDC, 0xC7, 0x47, 0x2F, 0x52, 0x6F, 0x9A, 0xFB, 0xEB, 0x9D, 0xF3, 0x61, 0xB8, 0x5B, 0x04, 0x08,
    0x16, 0x48, 0x38, 0x3C, 0x15, 0x8A, 0x69, 0x62, 0xB4, 0xA6, 0x15, 0x40, 0xF3, 0x52, 0xEB, 0x52,
    0xE3, 0x5A, 0xB5, 0x2D, 0x4A, 0x36, 0x47, 0x3A, 0x9E, 0x6A, 0xBD, 0xA2, 0x70, 0x4F, 0x9C, 0x83,
    0xA0, 0x0E, 0xC9, 0xD1, 0x1E, 0x25, 0x83, 0xF5, 0xF3, 0xE9, 0x20, 0x1A, 0x0F, 0xD2, 0x46, 0x7C,
    0x53, 0x3C, 0x03, 0xBB, 0x6F, 0xFD, 0x3E, 0xAF, 0x91, 0x98, 0xE2, 0x10, 0x09, 0x2E, 0x26, 0xD4,
    0x1B, 0x46, 0x67, 0x18, 0x5B, 0x85, 0xF1, 0x53, 0xD8, 0x1F, 0xE4, 0x5A, 0x22, 0x47, 0xC0, 0x7B,
    0x29, 0x0B, 0x80, 0xD8, 0xFD, 0xB2, 0x06, 0xBF, 0xBB, 0x72, 0x7D, 0x72, 0x03, 0xB5, 0xF4, 0x53,
    0x07, 0xEF, 0x12, 0x8B, 0x46, 0x7E, 0xA7, 0x5B, 0x40, 0x46, 0x94, 0x7F, 0xDC, 0xF1, 0x48, 0x09,
    0x4A, 0xC8, 0x52, 0x42, 0xAA, 0xB2, 0xCE, 0x57, 0xC2, 0xF2, 0xCD, 0x27, 0x96, 0x75, 0x89, 0x8D,
    0xDF, 0x2F, 0x22, 0x33, 0x09, 0x73, 0x90, 0x9B, 0x3D, 0xA6, 0x80, 0x14, 0x99, 0xCC, 0x5D, 0xCC,
    0x6B, 0x3B, 0x82, 0xBD, 0xF7, 0xDE, 0x57, 0x8B, 0xD9, 0xB8, 0x99, 0xC1, 0xD3, 0xE2, 0x8A, 0x92,
    0x2C, 0x3E, 0x11, 0xDB, 0xCA, 0x6B, 0xA8, 0x5D, 0xDA, 0xD2, 0xE4, 0xB2, 0x86, 0x6C, 0x9E, 0x47,
    0xCA, 0xE3, 0x2F, 0x1F, 0x91, 0xD9, 0xEB, 0x75, 0x56, 0x8F, 0xA4, 0xC2, 0x4E, 0x86, 0xBF, 0xED,
    0x59, 0x65, 0x27, 0xCB, 0xDF, 0x0C, 0xA8, 0xB4, 0x4F, 0x86, 0x4C, 0xDF, 0xB8, 0x9D, 0xAF, 0xB6,
    0x4B, 0x95, 0x5A, 0x7C, 0x03, 0x2B, 0xEE, 0x64, 0xFC, 0x88, 0xE9, 0x01, 0x95, 0x79, 0x55, 0xF5,
    0x50, 0xBD, 0xD8, 0x5D, 0x0E, 0xEA, 0xFC, 0x7C, 0x90, 0xDD, 0xB8, 0xF2, 0x29, 0x89, 0x9E, 0xEF,
    0xCD, 0x17, 0xBE, 0xBE, 0xB1, 0x8A, 0xF9, 0x2B, 0x6A, 0x34, 0x0B, 0x99, 0x4E, 0xE8, 0x16, 0x6B,
    0x99, 0x3B, 0x30, 0x29, 0x86, 0x03, 0xA4, 0xB5, 0xDD, 0x76, 0x9C, 0x23, 0x82, 0xC9, 0xDE, 0xEF,
    0x0D, 0x7D, 0x1E, 0xD2, 0x5B, 0xB8, 0xF5, 0x9A, 0x71, 0x01, 0x8A, 0x82, 0x73, 0x24, 0x34, 0x44,
    0xBD, 0x0F, 0xA7, 0x69, 0xC3, 0xE8, 0xB0, 0x3D, 0x31, 0xDC, 0x22, 0x40, 0x30, 0xA7, 0x65, 0x61,
    0xE4, 0x7C, 0x70, 0x2E, 0x73, 0x66, 0x3C, 0xE0, 0x35, 0x64, 0xF0, 0x92, 0x2B, 0xE7, 0x75, 0xC5,
    0x62, 0x34, 0x53, 0xE0, 0xC9, 0xCC, 0x21, 0xC3, 0x3E, 0x99, 0xE0, 0x4C, 0xB4, 0xEA, 0x89, 0x9B,
    0x68, 0xE1, 0xD3, 0xEF, 0x1B, 0x15, 0x32, 0x65, 0x18, 0xEE, 0x21, 0x48, 0x4A, 0x90, 0xA2, 0xBB,
    0x20, 0x33, 0x0B, 0x73, 0x06, 0xA9, 0x2B, 0xFD, 0x79, 0x48, 0xF3, 0xFD, 0x64, 0x13, 0x13, 0x66,
    0xD2, 0xDD, 0x1C, 0x66, 0xFC, 0x88, 0xD4, 0x0B, 0xEC, 0xFA, 0x0A, 0xB7, 0x54, 0xAF, 0x98, 0xEA,
    0xFE, 0xFF, 0xA0, 0x4E, 0x08, 0x8A, 0x48, 0xC6, 0xBC, 0x84, 0xE5, 0xAA, 0x41, 0xEA, 0xB2, 0xAD,
    0x7A, 0x78, 0xFA, 0xF0, 0x70, 0x4F, 0x4F, 0x4E, 0x1F, 0x0E, 0x1F, 0x73, 0x81, 0x1B, 0x66, 0xAE,
    0x15, 0xBA, 0x2C, 0xC9, 0xD7, 0xCE, 0xD5, 0x28, 0x9F, 0xC1, 0x44, 0x6A, 0xA4, 0x90, 0x16, 0xB7,
    0x90, 0x82, 0x99, 0x30, 0x3E, 0x73, 0x69, 0xCF, 0x4F, 0x2B, 0x39, 0x93, 0x57, 0xF1, 0x0E, 0xBC,
    0x1B, 0xEF, 0xCC, 0x6F, 0x31, 0xCA, 0xE8, 0xA3, 0xC7, 0x44, 0x64, 0xCA, 0xB7, 0xC2, 0x2E, 0x51,
    0x18, 0x4F, 0x9A, 0xDB, 0x42, 0x58, 0xE7, 0xCA, 0x74, 0x6F, 0x56, 0xB6, 0x6A, 0x14, 0x31, 0x7C,
    0xD7, 0x90, 0x7C, 0x52, 0x22, 0xE0, 0xA3, 0x80, 0xCE, 0x08, 0x45, 0x05, 0x84, 0x4C, 0x31, 0x05,
    0xA9, 0x90, 0x93, 0xC8, 0x42, 0x9F, 0x3A, 0xCC, 0x4C, 0x60, 0x8C, 0x2B, 0x09, 0xB7, 0x77, 0x80,
    0xD3, 0x72, 0x19, 0xD9, 0xB4, 0xFF, 0x96, 0xA4, 0xC3, 0xB7, 0x48, 0x6E, 0x9D, 0xCD, 0x9C, 0x3B,
    0x83, 0xFA, 0x93, 0x86, 0xBB, 0xEA, 0x89, 0x9B, 0x99, 0xF9, 0x98, 0xC9, 0x6B, 0x7D, 0x8C, 0x38,
    0xB1, 0x51, 0x99, 0x51, 0x13, 0x21, 0xB4, 0xBB, 0xF3, 0x64, 0x70, 0x09, 0x22, 0x12, 0x8C, 0xB3,
    0xF1, 0x2E, 0x56, 0x4F, 0x2A, 0x72, 0xBB, 0xF4, 0xA0, 0xD6, 0x2A, 0x3E, 0x28, 0xBA, 0xCA, 0xCF,
    0xAB, 0x7E, 0xAD, 0x02, 0x2C, 0xEA, 0xAC, 0x51, 0x09, 0x16, 0x26, 0xEE, 0x54, 0x84, 0x78, 0x1C,
    0xCA, 0x10, 0xE7, 0x9C, 0x85, 0x98, 0xE3, 0x16, 0x33, 0x4E, 0x9C, 0x5B, 0x70, 0xE4, 0xFE, 0xBD,
    0x60, 0xE4, 0x74, 0x2A, 0x48, 0x68, 0x81, 0x4A, 0x12, 0x13, 0x9B, 0x45, 0x29, 0x35, 0xDE, 0x59,
    0x96, 0x48, 0x1A, 0x8D, 0x0A, 0xF3, 0xDA, 0x0E, 0x2A, 0x4D, 0xDA, 0x16, 0xC5, 0x19, 0x69, 0x08,
    0x0E, 0xD3, 0x4A, 0xCD, 0x23, 0x6F, 0xC7, 0x9A, 0x62, 0x06, 0x59, 0x66, 0x90, 0x68, 0xAE, 0xE7,
    0x9A, 0xDC, 0x58, 0x28, 0x65, 0xF8, 0x67, 0xA1, 0x34, 0x83, 0x3C, 0xB5, 0x50, 0x7A, 0xED, 0x1A,
    0x2D, 0x94, 0x4E, 0x62, 0x40, 0x2C, 0x94, 0x0E, 0xA4, 0x7B, 0x5C, 0x01, 0x85, 0x85, 0xCD, 0x85,
    0xD2, 0x23, 0x44, 0xAC, 0x85, 0x52, 0xFC, 0x0B, 0xB9, 0x34, 0x31, 0xD9, 0x34, 0x31, 0x2C, 0x53,
    0xCF, 0xD7, 0xE2, 0x28, 0x84, 0xA3, 0x18, 0xB7, 0x3D, 0x28, 0x4E, 0x25, 0x37, 0x15, 0x0C, 0x0B,
    0x3E, 0x17, 0x4A, 0x6B, 0x7A, 0x49, 0x60, 0xB2, 0x6B, 0xE2, 0xEF, 0x85, 0x04, 0x93, 0x5E, 0x67,
    0x0D, 0x28, 0xA9, 0x54, 0x46, 0x49, 0x87, 0xB4, 0x9A, 0xAF, 0x4A, 0x4D, 0x8E, 0x4B, 0x14, 0x73,
    0x7D, 0x81, 0xB1, 0x7D, 0xC7, 0x82, 0x5C, 0xD5, 0x9B, 0xAA, 0x65, 0x44, 0xC7, 0x63, 0x33, 0x98,
    0x7B, 0xF9, 0x30, 0x8E, 0x6F, 0x86, 0xB9, 0x18, 0xE7, 0x07, 0x46, 0x6F, 0x02, 0xB3, 0x0D, 0xC0,
    0x28, 0xC0, 0x4B, 0xC6, 0x0A, 0xF0, 0x62, 0x61, 0x90, 0xF6, 0xA7, 0x33, 0x3E, 0xA7, 0xDD, 0x1C,
    0x9A, 0x8B, 0x86, 0x51, 0x19, 0xEF, 0x82, 0x01, 0xF9, 0xEB, 0x26, 0xD8, 0xE0, 0xB3, 0x2E, 0x8E,
    0x6D, 0x2C, 0x63, 0x72, 0xE2, 0x52, 0x2A, 0x6C, 0x89, 0x93, 0x9F, 0xE7, 0x7C, 0x7F, 0xC9, 0x4F,
    0x49, 0xC8, 0x6A, 0x8C, 0x91, 0x73, 0x27, 0x8C, 0xF1, 0x24, 0x39, 0x11, 0x66, 0xE8, 0x30, 0x52,
    0xF9, 0x51, 0x07, 0x06, 0xE4, 0x32, 0xD3, 0x17, 0x1F, 0xC7, 0x07, 0x15, 0x72, 0x4B, 0xCD, 0x25,
    0x75, 0x54, 0x57, 0xCD, 0xB9, 0x84, 0x7B, 0xB8, 0x65, 0x7A, 0x64, 0x75, 0xC6, 0x79, 0xFF, 0x4C,
    0xAE, 0x48, 0x4D, 0xAF, 0x85, 0x17, 0x74, 0xA0, 0x63, 0x09, 0xD4, 0x8A, 0x2E, 0x97, 0xDE, 0x11,
    0x87, 0x93, 0x29, 0x5C, 0x89, 0x57, 0x21, 0xE6, 0xFE, 0xB2, 0x15, 0xA3, 0x23, 0xB7, 0x8F, 0xC3,
    0x80, 0x36, 0xCE, 0x6B, 0x2A, 0xDF, 0xB7, 0xDE, 0xE8, 0x25, 0x89, 0x7F, 0x4D, 0xDC, 0x14, 0x55,
    0x90, 0xAC, 0x14, 0x37, 0xBF, 0x30, 0xC2, 0x3B, 0x4D, 0x18, 0x51, 0x71, 0xC4, 0xC0, 0xE5, 0xB1,
    0x65, 0x61, 0x2C, 0xDC, 0x8E, 0x10, 0xB9, 0x04, 0xB4, 0x01, 0x91, 0x38, 0xC5, 0x71, 0x76, 0xA4,
    0xC8, 0xE3, 0x9E, 0xC9, 0xA9, 0x68, 0x0D, 0x1E, 0x6C, 0xA2, 0x8F, 0x83, 0x9D, 0xC9, 0x58, 0xAC,
    0x8E, 0x7A, 0xDE, 0x81, 0x79, 0x30, 0x97, 0x89, 0x22, 0xBC, 0xD5, 0xD8, 0xD5, 0xC9, 0x89, 0xDD,
    0x0F, 0xB6, 0x63, 0x33, 0x04, 0x9B, 0x0C, 0x02, 0x17, 0x7D, 0xDB, 0xFC, 0xC0, 0x2B, 0x31, 0x46,
    0xD3, 0x86, 0x12, 0xD1, 0x55, 0xCF, 0x7C, 0x36, 0xB2, 0xE8, 0xA7, 0x46, 0x37, 0xBD, 0xAF, 0x7E,
    0x0F, 0xBF, 0x17, 0xEF, 0xC6, 0x3F, 0x87, 0xCC, 0x6F, 0x33, 0x71, 0x7E, 0xD1, 0xF8, 0xF9, 0xE7,
    0x67, 0x67, 0xB9, 0x8C, 0x8B, 0x9C, 0x28, 0xB7, 0xD3, 0x2C, 0xC7, 0x4E, 0xE5, 0x4A, 0x39, 0x7F,
    0xC3, 0x5C, 0xDA, 0xD6, 0x6B, 0x5E, 0xA7, 0x48, 0xC6, 0xCD, 0x18, 0x53, 0x32, 0x2C, 0x96, 0x89,
    0xE5, 0x70, 0x9E, 0xEF, 0x3E, 0x73, 0xA3, 0x3B, 0x8F, 0x2F, 0x71, 0x84, 0xAB, 0xC6, 0xA8, 0x6B,
    0xD4, 0xBA, 0x40, 0xCD, 0xD5, 0x69, 0x51, 0x8E, 0x8B, 0xE3, 0x28, 0x2B, 0xD2, 0xD0, 0xEB, 0xE2,
    0xD7, 0xA8, 0xEA, 0x71, 0x2D, 0xFA, 0x68, 0x12, 0xC3, 0x71, 0x6D, 0xC3, 0x2D, 0xD6, 0x91, 0xCE,
    0x58, 0xE7, 0x1C, 0xCC, 0x5A, 0xE7, 0xAD, 0x33, 0x0F, 0xB7, 0x58, 0x2B, 0x20, 0xC8, 0xFE, 0x34,
    0x5E, 0x21, 0xD2, 0xC8, 0x7D, 0xE1, 0x56, 0x68, 0x02, 0x12, 0x05, 0x48, 0xB7, 0x10, 0x1B, 0x20,
    0x07, 0x94, 0xAC, 0x06, 0x48, 0x02, 0xC8, 0x0C, 0x90, 0x05, 0x91, 0x48, 0x83, 0x08, 0xF2, 0x20,
    0x82, 0x04, 0xD6, 0x11, 0x56, 0xEA, 0x05, 0x41, 0x32, 0x3E, 0xCD, 0xF6, 0x2B, 0xAD, 0xB3, 0x6C,
    0xA0, 0xA4, 0x89, 0x51, 0x14, 0x6E, 0x41, 0xB2, 0xAD, 0xD9, 0xF5, 0xED, 0x58, 0x13, 0xEF, 0x20,
    0xF7, 0x0E, 0xD2, 0x6F, 0xCD, 0xC0, 0x6F, 0x8D, 0xD2, 0x5E, 0x16, 0x85, 0x46, 0x69, 0x07, 0x2C,
    0x1E, 0xCC, 0x47, 0xE9, 0x06, 0x58, 0x12, 0x1B, 0xE6, 0x8D, 0x8C, 0xD2, 0xB4, 0xC1, 0x39, 0x4A,
    0x23, 0x86, 0xB0, 0xDA, 0x05, 0xD5, 0x07, 0x66, 0x94, 0x36, 0x82, 0x31, 0x4B, 0xC5, 0x8C, 0xD2,
    0xC0, 0x94, 0x8C, 0x62, 0x46, 0xE6, 0xCD, 0x19, 0xE3, 0xE5, 0xE0, 0x9E, 0x82, 0x99, 0xA1, 0x32,
    0x4A, 0x67, 0x2D, 0x30, 0xA3, 0x74, 0x21, 0x35, 0x20, 0xCD, 0x65, 0x9C, 0xD3, 0x28, 0x9D, 0x03,
    0x2B, 0xDF, 0xA1, 0xD3, 0x0F, 0xF6, 0xE4, 0x35, 0x64, 0x34, 0xE0, 0x32, 0x17, 0x58, 0xCC, 0x7D,
    0x37, 0x51, 0x83, 0x3A, 0x54, 0xC9, 0xF7, 0x3D, 0x78, 0x56, 0x24, 0xDF, 0x2E, 0x2B, 0x92, 0x39,
    0xD6, 0xC4, 0x23, 0x28, 0xE4, 0x61, 0x3B, 0xFD, 0xBE, 0x34, 0x23, 0x2C, 0x09, 0xEB, 0x8E, 0xD8,
    0x23, 0x38, 0x20, 0xD5, 0x92, 0xE7, 0xBA, 0xB7, 0x5B, 0x72, 0x86, 0x08, 0x7B, 0x7F, 0xFE, 0xAE,
    0x37, 0xEF, 0x6C, 0x71, 0xED, 0x6B, 0x66, 0x4F, 0x45, 0x0E, 0xDF, 0x6A, 0x30, 0xB0, 0xE5, 0xC0,
    0xD0, 0x1E, 0x0D, 0xA6, 0x49, 0x07, 0x4E, 0xA3, 0x78, 0xA3, 0x3C, 0xD7, 0xA6, 0xA0, 0xF7, 0x98,
    0x8E, 0xE4, 0x67, 0x93, 0xF0, 0x8C, 0xBC, 0x4D, 0xFE, 0xD6, 0x1B, 0x54, 0xE2, 0x3F, 0x1A, 0x8C,
    0xD4, 0xE1, 0xB1, 0x90, 0xE5, 0x07, 0x6B, 0x44, 0xAC, 0xEC, 0x29, 0x68, 0x0B, 0x86, 0x59, 0xBE,
    0x93, 0x12, 0x03, 0x1C, 0x35, 0xE7, 0x83, 0x21, 0xEB, 0x64, 0xB0, 0x35, 0x5F, 0xA7, 0x5F, 0x0B,
    0xF1, 0x03, 0x36, 0x1D, 0xC2, 0x70, 0x44, 0xDD, 0xB8, 0x0C, 0x34, 0x24, 0x69, 0x4C, 0xD2, 0xA0,
    0xB4, 0x16, 0x95, 0xD0, 0xB4, 0x81, 0x32, 0x14, 0x52, 0x2B, 0xC4, 0x67, 0x1F, 0x1D, 0x3D, 0x95,
    0x9E, 0x6C, 0x27, 0x89, 0x97, 0x27, 0x1A, 0x90, 0x31, 0x5A, 0x43, 0x50, 0xBE, 0x57, 0xF7, 0x5B,
    0x2D, 0x4A, 0x75, 0x01, 0xE0, 0x9C, 0x08, 0xE0, 0x60, 0x32, 0x5C, 0x65, 0x4D, 0xA5, 0xAB, 0x18,
    0x45, 0x93, 0x1C, 0x93, 0x0E, 0xEB, 0x61, 0x5E, 0x41, 0x7C, 0x80, 0xEA, 0xB1, 0x68, 0xEF, 0x9C,
    0xC9, 0xB9, 0x54, 0x32, 0xED, 0x24, 0x3E, 0x91, 0x98, 0x41, 0x45, 0x3E, 0x21, 0x55, 0xD3, 0x44,
    0x85, 0x0C, 0x2B, 0x1C, 0x34, 0x29, 0xD1, 0x7C, 0x44, 0x53, 0x11, 0xDB, 0x5F, 0xA8, 0xEF, 0x18,
    0x1A, 0x60, 0x47, 0xD6, 0x37, 0x88, 0xD9, 0x45, 0x92, 0xB4, 0x79, 0xFE, 0x88, 0x84, 0x4D, 0x0A,
    0xFE, 0x07, 0x10, 0xFE, 0x4E, 0x5E, 0x15, 0x3B, 0x27, 0x94, 0xD7, 0xC9, 0x30, 0x60, 0x18, 0x39,
    0x58, 0x43, 0x2A, 0x5D, 0x7A, 0xBA, 0x88, 0xF4, 0x54, 0xEA, 0x0D, 0x69, 0x9F, 0xA3, 0x6E, 0xBC,
    0x3D, 0x31, 0x87, 0x7F, 0x1C, 0xB9, 0x2E, 0x8C, 0xB4, 0xE1, 0x1E, 0xCB, 0x1B, 0x8C, 0xB0, 0x8C,
    0xAF, 0x8C, 0xAE, 0x8C, 0xAD, 0x60, 0xAB, 0xA4, 0xAA, 0xF0, 0x16, 0x57, 0xAE, 0xC5, 0x03, 0x67,
    0x5C, 0xFA, 0x00, 0x03, 0x35, 0xB2, 0x32, 0x34, 0x47, 0x53, 0x5A, 0xBB, 0x29, 0x2E, 0xEC, 0xF1,
    0xE9, 0x01, 0x5F, 0xC3, 0x17, 0xB8, 0x91, 0xE8, 0x19, 0x9F, 0x70, 0xB7, 0xBC, 0x9B, 0x53, 0x6C,
    0x73, 0xBC, 0x1C, 0x35, 0x51, 0x9B, 0xB8, 0x38, 0xB2, 0xB4, 0xAD, 0x95, 0x6D, 0x88, 0x2E, 0xAC,
    0x6B, 0x6B, 0x59, 0x5B, 0x79, 0x69, 0x21, 0x2F, 0xA7, 0xC3, 0x98, 0xDD, 0xEC, 0xA1, 0xF8, 0x50,
    0x94, 0x91, 0x5E, 0x08, 0x42, 0x67, 0xC0, 0xBF, 0x34, 0x42, 0x23, 0x9E, 0x1E, 0x51, 0x87, 0x9C,
    0x3F, 0x37, 0xEB, 0x23, 0xD7, 0x37, 0xCE, 0x55, 0x6C, 0x1D, 0x2F, 0xCC, 0x2E, 0x1C, 0x38, 0x35,
    0xCE, 0x8C, 0x13, 0xE3, 0xBC, 0xC2, 0x69, 0x41, 0x41, 0x45, 0x3D, 0xAD, 0xE6, 0x11, 0x68, 0xD7,
    0x01, 0x21, 0x47, 0xB3, 0x0E, 0x17, 0x83, 0xAC, 0x3B, 0x62, 0x70, 0x4F, 0x7A, 0x48, 0x7C, 0xDC,
    0x0C, 0xCF, 0x39, 0x89, 0x62, 0x79, 0xCF, 0xC1, 0x1F, 0x4D, 0xDE, 0x56, 0x1E, 0x36, 0xA6, 0xFA,
    0x51, 0x2F, 0x09, 0xBD, 0x3B, 0xB2, 0x59, 0xA4, 0xC1, 0x60, 0xDE, 0xE6, 0x9A, 0xFB, 0x9B, 0xDE,
    0x23, 0xB4, 0x2C, 0xE3, 0xD6, 0xB0, 0x0F, 0x68, 0x32, 0xD5, 0x9C, 0x53, 0xD5, 0x41, 0xFF, 0xB1,
    0x20, 0xD5, 0x4E, 0x39, 0xE0, 0xF2, 0xAB, 0xFA, 0x56, 0x77, 0xBD, 0x19, 0x6E, 0x77, 0xD7, 0xDF,
    0x32, 0xD9, 0x84, 0xB5, 0x17, 0x38, 0xBD, 0x83, 0xE4, 0x5A, 0x03, 0x52, 0x2F, 0xA9, 0x91, 0xE9,
    0x7E, 0x14, 0x4E, 0x61, 0xA3, 0x41, 0xF4, 0x69, 0x04, 0x2D, 0xEF, 0x0B, 0x4B, 0xBF, 0x52, 0x42,
    0x4A, 0xB2, 0x42, 0xBE, 0x5F, 0x6A, 0x50, 0x91, 0x91, 0x4E, 0xB4, 0x1B, 0x5B, 0x8B, 0x62, 0xA8,
    0xD1, 0x7E, 0x85, 0x8B, 0x2B, 0x34, 0xA7, 0x82, 0x16, 0x55, 0x52, 0x21, 0x61, 0x54, 0x8C, 0xBF,
    0x19, 0x02, 0xA2, 0x9A, 0x96, 0xA1, 0xB5, 0x68, 0x83, 0xB4, 0x05, 0x10, 0x1B, 0x53, 0xF5, 0x2A,
    0x2E, 0x83, 0xE5, 0x9C, 0x03, 0x2F, 0x67, 0x04, 0x1F, 0x34, 0xAC, 0x9F, 0xF4, 0xBB, 0x3E, 0x86,
    0x5A, 0x6E, 0x97, 0x48, 0xEA, 0xB5, 0x84, 0x80, 0xDB, 0x57, 0xEA, 0xEF, 0x1F, 0xCF, 0x0E, 0x46,
    0x5B, 0x33, 0xA4, 0x37, 0x63, 0xBA, 0x72, 0x8D, 0x84, 0xFE, 0x16, 0x0A, 0x27, 0xDD, 0x19, 0xD9,
    0x8D, 0x78, 0x26, 0x0B, 0xA7, 0x84, 0xEF, 0x18, 0xB7, 0x6E, 0x4F, 0x72, 0xE1, 0x3D, 0x87, 0x13,
    0x00, 0x85, 0x15, 0x90, 0xB6, 0x0A, 0x1A, 0xBA, 0x1B, 0x01, 0xC8, 0x49, 0x00, 0x2A, 0x59, 0xC0,
    0xF5, 0x27, 0x4F, 0x52, 0xDD, 0xD9, 0x42, 0xDD, 0x50, 0xF2, 0xD9, 0x60, 0x0D, 0x06, 0xB9, 0x2B,
    0x93, 0xF6, 0x6A, 0x0C, 0xBB, 0xCB, 0x42, 0x9F, 0xB9, 0x8A, 0xE4, 0x29, 0x83, 0x2C, 0xE5, 0x9C,
    0xA7, 0xA8, 0x2F, 0x0D, 0x73, 0x15, 0x6E, 0xF0, 0xCB, 0x24, 0xC1, 0x09, 0xFA, 0xAD, 0x05, 0x65,
    0xD7, 0xAC, 0x01, 0x41, 0xB9, 0xAC, 0x49, 0x89, 0xF0, 0xDF, 0x82, 0x46, 0x8F, 0x5E, 0x42, 0x2C,
    0x8F, 0x7B, 0x61, 0xB2, 0xE9, 0xA9, 0xB0, 0x9D, 0x30, 0xD9, 0x18, 0xD6, 0x49, 0x26, 0x8B, 0x85,
    0x29, 0x32, 0xD9, 0x7B, 0x56, 0x59, 0xAB, 0x29, 0xD6, 0x10, 0x18, 0x3E, 0x11, 0x38, 0x3E, 0xD2,
    0xE6, 0xDB, 0x99, 0xEC, 0xFF, 0xBC, 0xE6, 0xC9, 0x6E, 0x7A, 0xD6, 0x3C, 0xC9, 0x5E, 0x07, 0xC3,
    0xFC, 0x0E, 0xCB, 0x0B, 0x46, 0x52, 0xBC, 0x12, 0xCA, 0x83, 0x69, 0x60, 0xE1, 0x41, 0x6B, 0x9E,
    0xA3, 0x89, 0xBF, 0xB4, 0x9A, 0x27, 0xA0, 0xD6, 0x3C, 0xB1, 0x9A, 0x21, 0x7D, 0xB3, 0x20, 0xA3,
    0x08, 0x21, 0x88, 0xBA, 0xB8, 0xD2, 0x5D, 0x3B, 0xE4, 0x36, 0x80, 0x85, 0x48, 0xEC, 0x11, 0x60,
    0xEC, 0xDA, 0xB5, 0xC8, 0x76, 0x3B, 0x54, 0x07, 0xA3, 0x2E, 0x26, 0x74, 0x32, 0xEA, 0x66, 0xD6,
    0x56, 0x71, 0x41, 0x60, 0x14, 0x16, 0x4E, 0x9F, 0x21, 0x3A, 0xF7, 0x01, 0x6F, 0x47, 0xFC, 0xE9,
    0x42, 0xA5, 0x71, 0x84, 0xF8, 0xCE, 0xA2, 0x84, 0x96, 0x49, 0x58, 0xCE, 0xD9, 0x0E, 0x59, 0x94,
    0xF2, 0x09, 0x32, 0xA6, 0x82, 0x0E, 0x14, 0x8A, 0x46, 0x28, 0x9A, 0x46, 0x28, 0x6A, 0xC5, 0x73,
    0x05, 0xE2, 0x66, 0x79, 0x2D, 0x30, 0x6D, 0xE5, 0xBE, 0xC8, 0x9B, 0x50, 0xF2, 0x94, 0x15, 0x74,
    0xE9, 0xF1, 0x85, 0xF3, 0xA7, 0xBE, 0x41, 0x74, 0x54, 0x38, 0x2F, 0x56, 0x95, 0xD9, 0x6D, 0x6A,
    0xA7, 0x4A, 0x76, 0xB7, 0xC3, 0x50, 0x0D, 0x43, 0x55, 0x54, 0x75, 0xA4, 0x14, 0x57, 0x55, 0x72,
    0xA5, 0xDD, 0x28, 0x99, 0x64, 0xC6, 0xDA, 0x74, 0x54, 0xB0, 0x63, 0x56, 0x5B, 0x8F, 0xEC, 0x1E,
    0xBF, 0x42, 0xD1, 0x06, 0x24, 0xAC, 0x70, 0x46, 0x6E, 0x69, 0xC8, 0x42, 0xF4, 0xDA, 0xE2, 0x90,
    0x4E, 0x1F, 0x87, 0xD9, 0x9F, 0x1A, 0x6D, 0x49, 0x42, 0x43, 0xBF, 0xFB, 0x71, 0xA3, 0x8D, 0x49,
    0x6D, 0xF1, 0xC4, 0x8D, 0xD2, 0xE4, 0x21, 0x5B, 0xEF, 0x47, 0xAC, 0x96, 0xB2, 0x49, 0x29, 0x1E,
    0x37, 0x92, 0xCF, 0x6A, 0xAB, 0x92, 0xD3, 0xA6, 0x6B, 0xDE, 0xB9, 0xD0, 0x43, 0x7E, 0xEF, 0x72,
    0xA8, 0xCD, 0x08, 0x3C, 0x64, 0x0B, 0xD3, 0x72, 0xAD, 0xAF, 0x3B, 0xFB, 0xB0, 0x1C, 0x4F, 0x0F,
    0x5E, 0xFF, 0x18, 0xC5, 0x34, 0x36, 0x73, 0xA5, 0x5A, 0x4B, 0xF3, 0xCD, 0x08, 0x99, 0x37, 0x37,
    0x3D, 0x34, 0x2F, 0x42, 0x7A, 0x78, 0x88, 0xEF, 0x98, 0x54, 0x56, 0xB6, 0x8B, 0x36, 0x6F, 0xF3,
    0xA6, 0xF2, 0xF7, 0x4C, 0xDB, 0xC9, 0xC5, 0x9E, 0x7C, 0x3B, 0xF7, 0xC1, 0xD1, 0x4F, 0x69, 0xFF,
    0x0F, 0xBF, 0x1F, 0xE2, 0xFF, 0x60, 0xBF, 0xC5, 0xFE, 0x10, 0x7F, 0xE4, 0x3D, 0x74, 0xB5, 0xEF,
    0x9C, 0x6D, 0x72, 0xD7, 0x58, 0x57, 0xC6, 0x5E, 0x53, 0x84, 0x93, 0xB2, 0xF9, 0x54, 0x32, 0xBA,
    0x23, 0xDB, 0x4E, 0x93, 0x8E, 0x21, 0x3C, 0xF8, 0xBF, 0xC5, 0xBF, 0xF3, 0x73, 0xA8, 0x11, 0x24,
    0x2D, 0x71, 0xF1, 0x40, 0xD1, 0xCE, 0x1A, 0xFC, 0x3B, 0x59, 0xDE, 0xE4, 0xFF, 0xC8, 0xBC, 0xA0,
    0xC5, 0x50, 0x6A, 0x49, 0xB8, 0xDE, 0xA0, 0x01, 0x7E, 0x81, 0xBF, 0x17, 0x1E, 0x54, 0xD6, 0x39,
    0xFF, 0x17, 0x89, 0xBB, 0x00, 0x95, 0xEA, 0xF0, 0x78, 0x5C, 0xC9, 0xE6, 0x49, 0x95, 0x3C, 0xD3,
    0x28, 0x7F, 0x43, 0xF8, 0x37, 0xCA, 0x47, 0x95, 0xAC, 0xA2, 0xA5, 0xEE, 0x88, 0xEE, 0x4C, 0xB4,
    0xFA, 0x50, 0xC9, 0x72, 0x4D, 0x00, 0x3B, 0x59, 0x82, 0x53, 0xF5, 0xCA, 0x27, 0x70, 0x08, 0xEA,
    0x16, 0x7A, 0x9F, 0x4E, 0x54, 0xAC, 0x68, 0x44, 0x80, 0xE7, 0x17, 0x42, 0x1E, 0x66, 0xA4, 0x4A,
    0xED, 0x6E, 0xFC, 0x0D, 0xED, 0xAC, 0x4F, 0xD0, 0xF7, 0x2A, 0x23, 0x12, 0x6E, 0x4C, 0x4D, 0x4A,
    0x1B, 0x90, 0x11, 0x6B, 0x88, 0xC1, 0x47, 0xA8, 0x43, 0x5C, 0xA6, 0xA4, 0x02, 0x09, 0x1E, 0xD9,
    0xFA, 0x86, 0x92, 0xF4, 0x66, 0xA0, 0xEA, 0xC4, 0xA7, 0xCD, 0x90, 0x9C, 0xD8, 0x00, 0xE7, 0x23,
    0xF6, 0xA9, 0xE8, 0xA4, 0x07, 0xAE, 0x95, 0x6E, 0x00, 0xED, 0x01, 0xF4, 0xFF, 0x7F, 0x6D, 0x31,
    0x9E, 0x87, 0xEE, 0x43, 0x3B, 0x95, 0x3A, 0xB5, 0x2D, 0xD7, 0xF6, 0x75, 0x76, 0x99, 0xBB, 0xF2,
    0xE9, 0xF9, 0xA8, 0xC6, 0x53, 0x74, 0x1B, 0xF4, 0x34, 0x97, 0xB3, 0xF1, 0xD8, 0x32, 0xF9, 0x90,
    0x55, 0x37, 0x91, 0xAB, 0xF3, 0xBE, 0xE5, 0xE0, 0x4F, 0xE4, 0x4C, 0xDF, 0x83, 0x56, 0x17, 0x60,
    0x97, 0x9C, 0x1E, 0xF3, 0xC8, 0xF8, 0x98, 0xE9, 0xE1, 0x28, 0xBD, 0x6C, 0xB3, 0xF1, 0x30, 0x22,
    0x22, 0x73, 0xC6, 0x61, 0xA4, 0x87, 0xB3, 0xF1, 0xF0, 0x30, 0x3E, 0x72, 0xEE, 0x5A, 0x08, 0xEA,
    0x38, 0x7D, 0x7F, 0x00, 0x55, 0xCA, 0x1B, 0x4A, 0x80, 0x81, 0xB4, 0xB4, 0x25, 0x85, 0x00, 0xFB,
    0xBB, 0x76, 0xDB, 0x69, 0x36, 0x1E, 0x5C, 0xE9, 0xB0, 0x82, 0x4B, 0xE3, 0x31, 0x83, 0xD4, 0x6E,
    0xDA, 0xB5, 0xCE, 0xC5, 0xD3, 0x57, 0xDF, 0xB9, 0x88, 0x9D, 0x3C, 0x79, 0xAF, 0x9D, 0x8B, 0x37,
    0x57, 0xAE, 0xD4, 0xFB, 0xE0, 0x39, 0x73, 0xBC, 0x11, 0x7E, 0x6D, 0x7B, 0xBF, 0x23, 0x38, 0x2F,
    0xBF, 0x73, 0x44, 0x68, 0x20, 0x48, 0x96, 0x58, 0xF3, 0xE6, 0xFE, 0x18, 0x16, 0x2C, 0x9F, 0x57,
    0x50, 0xFC, 0xF6, 0x61, 0x47, 0xA0, 0x4B, 0x07, 0x1B, 0x37, 0x06, 0x4B, 0x08, 0x31, 0xEF, 0x22,
    0xC9, 0xDA, 0xFC, 0xDD, 0x35, 0x85, 0x80, 0x94, 0x93, 0x27, 0x8D, 0xB3, 0x10, 0x5E, 0x9C, 0x28,
    0x84, 0x58, 0x85, 0x90, 0xEB, 0xC3, 0x57, 0xED, 0x40, 0x21, 0x08, 0x73, 0xA4, 0x10, 0x46, 0x15,
    0x02, 0xD2, 0x3E, 0x00, 0x4C, 0x86, 0x42, 0x28, 0x1A, 0x49, 0x1E, 0xBC, 0x10, 0x3C, 0x3D, 0xBC,
    0x72, 0xBC, 0xCF, 0x2F, 0xA4, 0xA3, 0xEE, 0x37, 0xCE, 0xFD, 0x99, 0xD9, 0x71, 0x97, 0x21, 0xF3,
    0xC6, 0xDD, 0x70, 0x72, 0xE9, 0x6F, 0xE2, 0x58, 0x0F, 0x36, 0xCE, 0x41, 0xA2, 0x00, 0x7B, 0xAA,
    0x06, 0xBC, 0xF9, 0x02, 0x46, 0x39, 0xE7, 0x00, 0x15, 0xC3, 0x55, 0xC5, 0xBE, 0x63, 0x35, 0x2F,
    0x77, 0x0D, 0x17, 0x48, 0x63, 0xAC, 0xF8, 0xB5, 0xCF, 0x04, 0x95, 0x20, 0xA6, 0x04, 0x21, 0x25,
    0x8C, 0x28, 0x61, 0x40, 0x09, 0xE3, 0x49, 0x18, 0x4E, 0xC2, 0x68, 0x12, 0x06, 0x93, 0x30, 0x96,
    0x84, 0xA1, 0x24, 0x8C, 0x24, 0x61, 0x20, 0x09, 0xE3, 0x48, 0x18, 0x46, 0xC2, 0x28, 0x12, 0x06,
    0x91, 0x30, 0x86, 0x98, 0x3F, 0x48, 0x47, 0x27, 0x1B, 0x3A, 0xB5, 0x9F, 0x33, 0xEB, 0xA4, 0x14,
    0x32, 0x77, 0x73, 0xCE, 0xCD, 0x9C, 0x87, 0xF5, 0x9F, 0x4C, 0xEA, 0x30, 0xFF, 0xB8, 0x52, 0xCA,
    0xFE, 0xB8, 0x6E, 0x23, 0x25, 0x31, 0x94, 0x7D, 0xB2, 0x26, 0xF3, 0x2F, 0xF8, 0x9E, 0x2D, 0x51,
    0x11, 0x80, 0xC6, 0x39, 0xF7, 0x43, 0xF8, 0xC2, 0xB4, 0x8F, 0x4F, 0x28, 0xA1, 0x70, 0x95, 0x0C,
    0x9D, 0x56, 0x52, 0x5E, 0x11, 0x12, 0x51, 0x98, 0x70, 0x90, 0xCF, 0xF2, 0x1A, 0x2B, 0x6A, 0x7E,
    0xB2, 0x15, 0xB8, 0x5A, 0x4C, 0x76, 0x14, 0xB9, 0xDE, 0x7C, 0x13, 0x76, 0x7C, 0xCE, 0x77, 0x6A,
    0x4C, 0x09, 0x3F, 0xBD, 0x64, 0xB6, 0xB3, 0x9B, 0xE6, 0x64, 0xC7, 0x32, 0xD7, 0x31, 0x05, 0x53,
    0x1D, 0xBF, 0x9F, 0x64, 0x7A, 0xE3, 0xFC, 0xA3, 0xC9, 0xD3, 0x3C, 0x76, 0x18, 0xD1, 0x4C, 0xC8,
    0xD1, 0x5F, 0x32, 0xCA, 0x88, 0x3E, 0xCE, 0x48, 0x12, 0x69, 0xA4, 0x38, 0x18, 0x8B, 0x86, 0x0B,
    0xCA, 0x48, 0x70, 0x22, 0x6F, 0xC7, 0x5B, 0x91, 0xF1, 0x84, 0xF4, 0x06, 0x9E, 0x06, 0xCF, 0x83,
    0xDB, 0xA1, 0xB2, 0x05, 0x29, 0xF3, 0x07, 0x52, 0x94, 0xB4, 0x7B, 0x0B, 0xBF, 0x8C, 0xE2, 0xE2,
    0xB3, 0xFC, 0x24, 0x8A, 0x6B, 0xD2, 0xF2, 0x5B, 0x28, 0x2E, 0x55, 0xCB, 0x8F, 0xA0, 0x48, 0x8B,
    0xFD, 0xB5, 0x7F, 0xA4, 0xA0, 0xF9, 0xB3, 0x27, 0x85, 0x45, 0xB9, 0x40, 0x6B, 0x14, 0x46, 0xE3,
    0xFC, 0x36, 0xF8, 0xDB, 0x37, 0x79, 0x66, 0xFE, 0xF6, 0x4D, 0xDE, 0x0A, 0x7F, 0xFB, 0xC6, 0x95,
    0xF7, 0x8F, 0x70, 0x7B, 0x2E, 0xC8, 0x3B, 0xFC, 0x7C, 0x89, 0xEB, 0xF4, 0xE2, 0xB0, 0x31, 0x05,
    0x85, 0x32, 0x0B, 0x58, 0xCB, 0xB9, 0xC3, 0xE0, 0xDC, 0x76, 0x70, 0xEE, 0x45, 0xD0, 0x06, 0x05,
    0xC8, 0x47, 0xBB, 0x16, 0xCE, 0xB4, 0xFE, 0xCC, 0xF5, 0x6F, 0x47, 0x23, 0x91, 0xBF, 0x76, 0x69,
    0xA4, 0x68, 0xB5, 0xBB, 0x22, 0xA7, 0xC4, 0xA5, 0x21, 0x0A, 0x8F, 0x8D, 0xD9, 0x4E, 0x92, 0x55,
    0x02, 0x0D, 0xDA, 0x73, 0x00, 0x35, 0xF8, 0x39, 0x75, 0x7B, 0x10, 0xDD, 0x8E, 0xA9, 0xDB, 0xE9,
    0xA2, 0xDB, 0x87, 0x2F, 0xAA, 0xDB, 0xF1, 0x91, 0xFD, 0xC9, 0x2D, 0x74, 0xDB, 0xCF, 0x5D, 0x5E,
    0x6C, 0x21, 0xF5, 0x21, 0x28, 0x67, 0xF1, 0xA8, 0x42, 0x2B, 0xD8, 0x08, 0xCB, 0x3C, 0x45, 0xFD,
    0x4F, 0x12, 0xFF, 0x74, 0x5E, 0xC4, 0x48, 0x79, 0xB6, 0x5E, 0xFD, 0x31, 0xF4, 0xF9, 0x07, 0x18,
    0x8E, 0xA9, 0x0E, 0xFD, 0xA6, 0xDF, 0x0C, 0xF9, 0xFB, 0x28, 0xA6, 0xF8, 0x9B, 0x08, 0x43, 0x98,
    0xD0, 0x5F, 0x67, 0xA2, 0x47, 0x58, 0x99, 0x89, 0x5D, 0xFB, 0x8A, 0x24, 0x70, 0x85, 0x1B, 0xAD,
    0x44, 0x08, 0x7B, 0xED, 0x64, 0x75, 0x17, 0xB1, 0x55, 0xDA, 0x66, 0xC9, 0x2F, 0x11, 0x24, 0xF0,
    0xE3, 0x1F, 0x26, 0x17, 0xD7, 0xDE, 0x17, 0xED, 0xFF, 0xB5, 0xB8, 0xEB, 0x93, 0x5A, 0xFF, 0x24,
    0x31, 0xCB, 0xEB, 0x95, 0x2B, 0xC5, 0xEF, 0x40, 0x99, 0x07, 0x5E, 0x45, 0x6F, 0x23, 0x16, 0xC9,
    0xC4, 0x95, 0x3E, 0x86, 0xCB, 0x57, 0x12, 0xB3, 0x86, 0x6F, 0xBB, 0x52, 0xDC, 0xF5, 0xD1, 0x4A,
    0xB7, 0xFD, 0x2B, 0xAE, 0xF4, 0xC2, 0x8E, 0x5D, 0x97, 0xAC, 0x3E, 0x61, 0xFA, 0x99, 0x4F, 0x98,
    0x7C, 0x09, 0x4F, 0x38, 0x3D, 0xF3, 0x84, 0x9D, 0x85, 0x29, 0xFE, 0x1D, 0x8F, 0x3A, 0xC0, 0xCF,
    0xF7, 0x31, 0x18, 0x03, 0xEE, 0xC6, 0x47, 0x30, 0xB9, 0x6D, 0x2A, 0x3E, 0x88, 0x43, 0xEB, 0x27,
    0xC0, 0x93, 0x7E, 0x06, 0x66, 0x38, 0x03, 0x9E, 0x53, 0x0F, 0xA2, 0xE7, 0x26, 0x7B, 0xD2, 0x67,
    0x37, 0x4E, 0x02, 0xF0, 0x11, 0x25, 0x05, 0x38, 0xA2, 0x1A, 0xB6, 0xFE, 0x5F, 0xCD, 0x7B, 0x01,
    0xC4, 0x2E, 0xDB, 0xB9, 0xDE, 0x33, 0x33, 0x3D, 0x67, 0xC8, 0xA8, 0x05, 0xC9, 0x25, 0x3D, 0x65,
    0x0A, 0x85, 0x54, 0x0D, 0x5C, 0x28, 0x69, 0xD6, 0x9C, 0x73, 0x70, 0x51, 0x24, 0xC8, 0x56, 0x4D,
    0x91, 0xE2, 0x04, 0x5A, 0xEC, 0x00, 0xA0, 0xDD, 0x33, 0x3B, 0x51, 0x17, 0x45, 0x76, 0xDB, 0x80,
    0xC2, 0x3D, 0x68, 0xB9, 0xFD, 0x7F, 0x7C, 0x01, 0x40, 0xCE, 0xB7, 0x56, 0xCE, 0x46, 0x11, 0x9C,
    0x49, 0x43, 0x2F, 0x8A, 0x4C, 0xE5, 0x10, 0xF7, 0xDF, 0x38, 0xEB, 0xE6, 0xCC, 0x4D, 0xD7, 0xF9,
    0xB3, 0x66, 0xBD, 0x9D, 0xF7, 0x5D, 0xB3, 0xE6, 0xFF, 0xFE, 0xFF, 0xFC, 0xBD, 0x39, 0x69, 0x52,
    0xF7, 0xCE, 0xFE, 0xFE, 0x79, 0x9F, 0x35, 0xDF, 0x7C, 0x33, 0xEB, 0x79, 0xD6, 0xBB, 0x66, 0xBD,
    0xF3, 0xAE, 0xB5, 0x81, 0xA7, 0x14, 0xFF, 0x39, 0x79, 0xD4, 0x34, 0x03, 0x2D, 0xC9, 0x36, 0x0E,
    0x14, 0x01, 0x8A, 0x57, 0x27, 0xBA, 0x35, 0xBF, 0xA4, 0x2B, 0xEA, 0xEB, 0xD8, 0x43, 0xFF, 0x71,
    0xA8, 0xC9, 0xA3, 0xB3, 0xCA, 0x01, 0x2B, 0xCE, 0xA0, 0x09, 0xCA, 0xEA, 0x11, 0xA5, 0x87, 0x86,
    0xB1, 0x68, 0xED, 0xF0, 0x05, 0x54, 0x0E, 0x1A, 0x43, 0x0F, 0x33, 0x46, 0x72, 0xCD, 0x5C, 0x44,
    0x68, 0xE8, 0x08, 0xA2, 0xA0, 0xA6, 0x61, 0xE1, 0xC2, 0x02, 0x7A, 0x1E, 0x95, 0x1D, 0xF8, 0xC4,
    0x2F, 0x45, 0x04, 0x18, 0x65, 0xFF, 0x41, 0x80, 0x06, 0x74, 0xBF, 0x19, 0x65, 0x61, 0xB8, 0xD0,
    0x5A, 0x2E, 0x4C, 0xD0, 0x5C, 0x50, 0xF6, 0x0C, 0xDD, 0xB8, 0x5C, 0xD0, 0xFD, 0xB9, 0xF2, 0xE9,
    0xB4, 0xCE, 0x76, 0xAF, 0x42, 0x41, 0xD7, 0x2B, 0x5F, 0x8D, 0xC6, 0x86, 0x16, 0x0C, 0xE4, 0xB9,
    0x0E, 0x84, 0x82, 0x26, 0x34, 0x34, 0x72, 0xED, 0x16, 0xA4, 0x4D, 0x7F, 0x26, 0x63, 0x3C, 0x9B,
    0x9A, 0xA8, 0x87, 0x86, 0xBA, 0x35, 0x16, 0x9A, 0x79, 0xCF, 0x7C, 0xFF, 0xBE, 0x4E, 0xD5, 0xA8,
    0x2E, 0xCC, 0xDF, 0x87, 0x1C, 0x04, 0xB8, 0xBE, 0x57, 0x57, 0x57, 0xA7, 0x9B, 0x2B, 0x43, 0xF7,
    0x36, 0x00, 0xA8, 0x82, 0x66, 0xD3, 0x4D, 0x62, 0x08, 0x6C, 0x1A, 0x2F, 0x46, 0x4F, 0x6C, 0x0A,
    0x02, 0x9B, 0x26, 0x5E, 0x5D, 0x19, 0xA0, 0x4E, 0xBF, 0xAB, 0xD8, 0xE4, 0x9A, 0x7D, 0x76, 0x9B,
    0x28, 0xA0, 0x4A, 0x1C, 0x32, 0x89, 0xCC, 0x22, 0xD3, 0xC8, 0x04, 0x0E, 0xFB, 0xC5, 0xCC, 0x04,
    0x72, 0xDE, 0xBF, 0x4C, 0x5C, 0xB0, 0xB3, 0x39, 0x2C, 0x80, 0x22, 0x96, 0x81, 0x6D, 0xFA, 0xDD,
    0x6B, 0x7D, 0x33, 0x6B, 0xEA, 0x41, 0x4E, 0x59, 0x22, 0x5B, 0x52, 0x50, 0xEF, 0x47, 0x63, 0x2B,
    0xFF, 0x43, 0xF5, 0x72, 0x51, 0xB6, 0x72, 0x5F, 0x56, 0x2F, 0xB7, 0xAF, 0xCA, 0x77, 0xBF, 0x5C,
    0xFF, 0xDC, 0xB5, 0x16, 0xF8, 0x61, 0xF9, 0xCB, 0xA0, 0x47, 0xBE, 0x9E, 0xDF, 0xAF, 0xBB, 0x0C,
    0x81, 0xEF, 0x77, 0xF5, 0xEE, 0x6B, 0x3D, 0x60, 0x68, 0xEE, 0xE8, 0xC5, 0x61, 0x15, 0xF1, 0x16,
    0xD0, 0xEC, 0x56, 0xD3, 0x2B, 0xA2, 0x6B, 0x3A, 0xEC, 0xB9, 0x71, 0xC6, 0x61, 0x18, 0x37, 0x3B,
    0xB0, 0x0D, 0x95, 0xEB, 0x66, 0xB4, 0xF6, 0xC2, 0x2A, 0x0B, 0x75, 0xD8, 0xB5, 0x16, 0xFB, 0xA3,
    0xDD, 0x5A, 0x73, 0x9A, 0x36, 0xDB, 0xBD, 0xA4, 0x64, 0xC7, 0x8E, 0x46, 0xF6, 0xC3, 0xAF, 0x7E,
    0x94, 0x2C, 0xCA, 0xC8, 0xAD, 0x1A, 0xF5, 0x5B, 0x62, 0xFD, 0xDE, 0x51, 0x96, 0xB8, 0xDB, 0xA4,
    0x4B, 0x7C, 0xDB, 0x0F, 0x6C, 0x6F, 0x56, 0x44, 0xF0, 0xD6, 0xCD, 0x9B, 0x2D, 0x09, 0x03, 0x02,
    0xC0, 0xA8, 0x0F, 0x40, 0x47, 0xD0, 0x58, 0x59, 0x40, 0x13, 0x10, 0x50, 0xD3, 0xF7, 0xFA, 0x01,
    0xE6, 0xE6, 0xEA, 0x9A, 0x68, 0x02, 0x5D, 0x91, 0x57, 0x37, 0x11, 0x1D, 0xB1, 0x30, 0x80, 0x26,
    0x1A, 0x2B, 0x0A, 0x28, 0x89, 0xE8, 0xCF, 0x01, 0x34, 0x34, 0x03, 0x66, 0xBE, 0xD3, 0xA7, 0x25,
    0xFF, 0x3A, 0xC5, 0x7F, 0x42, 0xCB, 0x21, 0x51, 0x49, 0x79, 0xEB, 0xB3, 0x3A, 0x2A, 0x5E, 0x11,
    0xDD, 0x9E, 0xFE, 0xE4, 0x3F, 0xD1, 0x9C, 0x05, 0xD2, 0x16, 0x9A, 0xFA, 0x67, 0xF5, 0xA4, 0x16,
    0xD6, 0x68, 0x42, 0x6B, 0xCF, 0x80, 0x0A, 0xF0, 0xA5, 0x2B, 0x43, 0x96, 0xC9, 0x03, 0xB5, 0xAF,
    0x1C, 0x02, 0x22, 0x35, 0x72, 0xE8, 0xFD, 0x5F, 0x51, 0x5F, 0x2D, 0xD5, 0x8C, 0xF7, 0x60, 0x0C,
    0xED, 0xA2, 0xD1, 0x5C, 0xB9, 0x66, 0xC2, 0x33, 0xE8, 0x8E, 0xFA, 0xCF, 0x8D, 0x30, 0x6F, 0xD3,
    0x69, 0x91, 0x4B, 0x68, 0xE8, 0x5D, 0xBA, 0xCA, 0x57, 0x21, 0x1F, 0xDA, 0x55, 0x53, 0xAE, 0x38,
    0x0E, 0x25, 0x01, 0xFB, 0xC1, 0x21, 0x1F, 0x1A, 0x62, 0x2F, 0xEE, 0x45, 0xE9, 0xD0, 0x84, 0x01,
    0x51, 0x64, 0xC4, 0xF0, 0x97, 0x0B, 0x1F, 0x6A, 0x1C, 0x62, 0x11, 0x58, 0x49, 0x3C, 0x25, 0x1B,
    0x2A, 0x5F, 0xB9, 0x6A, 0x29, 0x42, 0xED, 0x37, 0x31, 0xAF, 0x88, 0x56, 0x0C, 0x27, 0x57, 0xB9,
    0x92, 0x4E, 0xBE, 0x75, 0xA2, 0x27, 0xBD, 0x40, 0x47, 0x53, 0xE5, 0x58, 0x3C, 0x65, 0x45, 0xA7,
    0xFF, 0xCC, 0x37, 0x60, 0x17, 0x7E, 0x83, 0xFA, 0xD7, 0x81, 0x9A, 0x16, 0x74, 0x74, 0xA2, 0x11,
    0x08, 0x30, 0x44, 0x6F, 0xED, 0xCD, 0x10, 0x2A, 0xBA, 0x31, 0x3F, 0x8B, 0x27, 0x16, 0x13, 0x41,
    0x2D, 0x68, 0x68, 0xD2, 0x27, 0x6B, 0x46, 0x84, 0xCE, 0xF2, 0x15, 0xCE, 0xB5, 0xDB, 0x40, 0xD0,
    0xDC, 0x2D, 0x8A, 0x50, 0x2E, 0x6A, 0x46, 0x38, 0x7F, 0x01, 0x58, 0xA5, 0x46, 0x0E, 0x21, 0x0A,
    0x8D, 0xFD, 0x8F, 0x28, 0x5C, 0x14, 0x9E, 0x47, 0x04, 0x3E, 0x8D, 0x0B, 0x81, 0x7D, 0xA5, 0x8C,
    0xB5, 0x4F, 0x05, 0x8D, 0x00, 0x22, 0x57, 0x1F, 0x85, 0x8E, 0xC6, 0x66, 0x42, 0x38, 0x4B, 0xA1,
    0xF8, 0x3E, 0x94, 0xDC, 0xF4, 0x9C, 0xFC, 0x4B, 0xF7, 0x08, 0xDD, 0xAB, 0x80, 0x50, 0x3C, 0x79,
    0xF2, 0xC4, 0x3C, 0x79, 0x12, 0x1A, 0x62, 0xA1, 0x48, 0xB6, 0x50, 0xD0, 0x74, 0x57, 0xD8, 0x99,
    0x7E, 0x93, 0x99, 0x6E, 0xF6, 0x43, 0xE0, 0x92, 0x2E, 0x4B, 0x33, 0x82, 0x39, 0x7F, 0xB4, 0x73,
    0x6E, 0xE9, 0x8A, 0x1C, 0x76, 0xE2, 0xDF, 0x64, 0xE2, 0x7A, 0x42, 0x1D, 0x90, 0xD8, 0xAF, 0x15,
    0x77, 0x69, 0x42, 0x1D, 0xCF, 0x48, 0x12, 0x78, 0x96, 0xA0, 0xE0, 0x7E, 0x4A, 0x10, 0x1D, 0x98,
    0x4F, 0xED, 0x4A, 0x0F, 0x7A, 0x45, 0xE3, 0x85, 0x18, 0x95, 0x2B, 0x56, 0x68, 0x7B, 0xA1, 0xC8,
    0xF6, 0xCF, 0x43, 0xD9, 0x0B, 0x59, 0xB8, 0x5D, 0xA1, 0xEC, 0x85, 0x36, 0xFC, 0x4F, 0x8E, 0x64,
    0x81, 0xE6, 0x6A, 0xB9, 0x38, 0xC2, 0xBD, 0x77, 0x12, 0x41, 0x3B, 0x7B, 0x29, 0xD5, 0xCA, 0x23,
    0xD5, 0x78, 0xA9, 0xD7, 0xD0, 0x07, 0x18, 0x88, 0x68, 0xE5, 0xE6, 0xA6, 0x74, 0x75, 0x65, 0xAC,
    0xB9, 0x5E, 0x71, 0xA9, 0x1C, 0xD9, 0x8E, 0x3C, 0x2E, 0xE5, 0xA3, 0xB1, 0xA6, 0xF1, 0xCE, 0x5B,
    0xFA, 0x86, 0xFA, 0x43, 0xBE, 0x65, 0x20, 0x97, 0xBC, 0xC5, 0xD0, 0x75, 0x8C, 0xA7, 0xDD, 0x5B,
    0xD6, 0xD6, 0x1A, 0x87, 0x28, 0x7A, 0x95, 0x4B, 0x33, 0x77, 0x13, 0x06, 0x91, 0xAA, 0x72, 0x22,
    0x9E, 0xDE, 0xBD, 0xA5, 0x16, 0xE7, 0x17, 0x81, 0xCA, 0x78, 0x9A, 0xB7, 0x82, 0x11, 0x6D, 0x60,
    0xF8, 0x49, 0x54, 0x26, 0x6F, 0x41, 0xC3, 0x7D, 0xCA, 0x2C, 0xA2, 0x08, 0x06, 0xE2, 0xCD, 0x09,
    0xF5, 0x42, 0xF0, 0xAF, 0xD7, 0x95, 0x0B, 0xD5, 0x9A, 0x9E, 0x3E, 0x67, 0x29, 0x38, 0xEE, 0x26,
    0xD0, 0xBA, 0x3F, 0xB3, 0xAE, 0x68, 0xF8, 0xB9, 0x93, 0x88, 0xC7, 0x6B, 0x79, 0xE8, 0x08, 0x67,
    0x10, 0x51, 0x5F, 0xED, 0xDE, 0x82, 0xF4, 0x08, 0x9E, 0x77, 0xA6, 0xFF, 0x81, 0x3C, 0x1A, 0xFA,
    0xD0, 0x50, 0x8F, 0x83, 0x2E, 0x8D, 0x46, 0x58, 0x23, 0x71, 0xBE, 0xDE, 0xF6, 0x1F, 0xD3, 0x15,
    0xDD, 0x9E, 0x22, 0x12, 0xF1, 0x9A, 0xE6, 0x9A, 0x96, 0x82, 0x3C, 0xA8, 0x17, 0xF6, 0x68, 0xDF,
    0xDF, 0xB0, 0xAD, 0xDD, 0x19, 0xDA, 0x8A, 0x04, 0x18, 0xB0, 0xC2, 0x8C, 0xAD, 0xD5, 0xBD, 0x9A,
    0x45, 0x07, 0x04, 0x09, 0x22, 0x34, 0x94, 0x6D, 0x9C, 0x88, 0x51, 0x78, 0x74, 0x5B, 0xF9, 0x19,
    0x9A, 0xA9, 0x72, 0x44, 0x41, 0x38, 0xB4, 0x56, 0x63, 0x45, 0xBD, 0x29, 0x28, 0xB2, 0x88, 0x07,
    0x70, 0x6B, 0xB3, 0xA6, 0xAC, 0xCD, 0xC3, 0x23, 0xFA, 0xDE, 0x91, 0x5A, 0x8E, 0xE4, 0xEB, 0x04,
    0xD4, 0xAE, 0x99, 0x45, 0xAA, 0xD2, 0xA3, 0x13, 0x2F, 0x69, 0xE6, 0xD6, 0xB2, 0x0D, 0xC5, 0x2A,
    0xB5, 0x19, 0xFA, 0x76, 0xD2, 0xA3, 0x88, 0x06, 0xF3, 0x4A, 0x22, 0x9B, 0x5B, 0x7A, 0x4E, 0x48,
    0xCA, 0x69, 0xE2, 0xEB, 0x29, 0xA2, 0x0D, 0x27, 0xF9, 0x6A, 0x9A, 0xA0, 0x37, 0xBC, 0xE0, 0x5F,
    0xB0, 0x62, 0x2F, 0x64, 0x48, 0x87, 0xBA, 0xBD, 0x26, 0xAB, 0x2D, 0xDA, 0x5E, 0x03, 0x40, 0xDA,
    0x8D, 0x00, 0xDA, 0xDB, 0xFF, 0xDA, 0xA3, 0x21, 0xF2, 0x22, 0x2F, 0xB0, 0x19, 0x39, 0x6C, 0x01,
    0xA8, 0x63, 0xA7, 0xED, 0x97, 0x36, 0x47, 0x85, 0x26, 0x5A, 0x79, 0x17, 0x01, 0x60, 0xE8, 0x01,
    0x74, 0x17, 0xE7, 0xFD, 0x43, 0x2E, 0x0E, 0x1F, 0x16, 0xD4, 0x0F, 0x7C, 0x4A, 0xC9, 0x2D, 0x84,
    0xD7, 0xBE, 0xC5, 0xA7, 0xAE, 0x32, 0x64, 0xBF, 0x8B, 0x8A, 0xC8, 0x6E, 0xA8, 0x08, 0x1C, 0x1B,
    0xB8, 0x0D, 0x95, 0x04, 0x6D, 0xEB, 0x85, 0xBF, 0x1D, 0xFA, 0x01, 0x65, 0xC0, 0xDE, 0x81, 0x0A,
    0x41, 0x6A, 0x5A, 0x01, 0x41, 0x8D, 0x0B, 0x3B, 0xAA, 0x7E, 0x03, 0x8A, 0x3B, 0xAA, 0xDD, 0x00,
    0x6E, 0xA9, 0x05, 0xCD, 0xAC, 0x47, 0x56, 0xD6, 0xA3, 0xB5, 0xED, 0xC4, 0x8A, 0xAE, 0xD0, 0x63,
    0xE3, 0x59, 0x49, 0xF3, 0x8A, 0x50, 0xFA, 0x82, 0x68, 0xD5, 0xB4, 0x02, 0x3F, 0x68, 0x88, 0x66,
    0x25, 0x42, 0xB4, 0xF3, 0xD0, 0x2B, 0xCB, 0x04, 0xB5, 0x6D, 0xAD, 0xB2, 0x6A, 0xE2, 0xDE, 0xAB,
    0x36, 0x54, 0x3B, 0x56, 0x90, 0x51, 0xF5, 0x38, 0xBA, 0x38, 0xAF, 0xB5, 0xCD, 0xDC, 0xCD, 0x6A,
    0x06, 0xD4, 0x54, 0x47, 0x8A, 0xC6, 0x02, 0xD5, 0x5C, 0x52, 0x90, 0x7B, 0x14, 0x16, 0xC3, 0xDC,
    0xFA, 0x43, 0xA1, 0x6F, 0x67, 0x85, 0x70, 0x28, 0x84, 0x3B, 0x85, 0xF4, 0x98, 0x15, 0x6A, 0x1F,
    0x53, 0x68, 0xFE, 0xED, 0x15, 0x32, 0xBB, 0x42, 0x6A, 0xD6, 0xFD, 0xAE, 0x10, 0x33, 0xD6, 0xAC,
    0xD0, 0x30, 0x2A, 0xF7, 0xFA, 0xD3, 0x5B, 0x1A, 0x5E, 0x45, 0x54, 0x8E, 0x64, 0x5B, 0x81, 0x3F,
    0x23, 0xA2, 0x9F, 0x7F, 0x4C, 0x34, 0x42, 0x2D, 0xDD, 0x46, 0xF6, 0xCC, 0xC3, 0xF1, 0x46, 0xB2,
    0x72, 0xA1, 0x9E, 0xA1, 0x7B, 0xF1, 0x7A, 0xAE, 0x2C, 0x18, 0xC5, 0x26, 0x23, 0x43, 0x6E, 0xFF,
    0xB6, 0xDB, 0x50, 0x37, 0xCA, 0xC0, 0xF9, 0xD5, 0x19, 0xCA, 0x96, 0xBE, 0x91, 0x87, 0x7A, 0xE3,
    0x8A, 0x68, 0xE8, 0x86, 0x80, 0x8A, 0x83, 0x1B, 0x76, 0x6D, 0x60, 0x42, 0xEB, 0x5F, 0xA7, 0x29,
    0x3D, 0xF8, 0xCC, 0x52, 0x32, 0xD4, 0x78, 0x5D, 0xBC, 0xF5, 0x8F, 0x28, 0xB6, 0x14, 0xB8, 0xDC,
    0xDA, 0x8A, 0x6E, 0xE8, 0xA3, 0x5B, 0x32, 0x37, 0x24, 0x65, 0xA7, 0x38, 0x38, 0xE9, 0x15, 0xF7,
    0x21, 0xE8, 0x8D, 0x22, 0x3F, 0x06, 0x22, 0x13, 0x64, 0x7A, 0x28, 0x65, 0xD4, 0x5C, 0xC1, 0xFD,
    0x90, 0xCB, 0x58, 0xF9, 0x11, 0x90, 0x04, 0x95, 0xB2, 0x89, 0xE4, 0x2E, 0xCB, 0x9A, 0x28, 0xDC,
    0x2F, 0x3F, 0x8F, 0xF7, 0xCA, 0x01, 0xC3, 0x83, 0xB2, 0xBE, 0x2C, 0x0F, 0x77, 0x65, 0x76, 0x40,
    0x9C, 0xCF, 0x47, 0x79, 0x86, 0x19, 0xF3, 0x80, 0xCA, 0x8D, 0xB2, 0x14, 0x34, 0x55, 0x9E, 0x3B,
    0xBC, 0x94, 0x2B, 0x3A, 0xFD, 0xEF, 0x68, 0x5C, 0x43, 0x4B, 0x2A, 0x83, 0xE8, 0x27, 0x44, 0x56,
    0x3A, 0xBB, 0x94, 0xBB, 0x88, 0x6E, 0x7D, 0xA0, 0x4F, 0x13, 0x1F, 0x08, 0x64, 0x68, 0xBE, 0xA7,
    0x50, 0x41, 0x27, 0x7F, 0x4F, 0xA2, 0xCA, 0x23, 0xDC, 0xD3, 0xA8, 0x72, 0x78, 0x76, 0x4F, 0x24,
    0x6E, 0xD3, 0x7B, 0x2A, 0x55, 0xFE, 0x81, 0x4C, 0x25, 0x5D, 0xD3, 0x7D, 0x9D, 0x0C, 0xD1, 0x7D,
    0xA1, 0xDA, 0x38, 0x3C, 0x50, 0x0A, 0xE6, 0x81, 0x54, 0x88, 0x0F, 0xB4, 0x2A, 0xC3, 0x3D, 0xB1,
    0x2C, 0x6A, 0x7F, 0x4F, 0xAD, 0x19, 0x9D, 0xBB, 0x2F, 0xD7, 0x35, 0xD9, 0x4B, 0xBD, 0x26, 0xA2,
    0x88, 0x7B, 0x82, 0xB5, 0x87, 0x47, 0x79, 0xBC, 0x41, 0x1F, 0xEE, 0x62, 0xD1, 0x73, 0x22, 0xEA,
    0x93, 0x4E, 0xE6, 0x17, 0xD1, 0xD0, 0x2C, 0x12, 0x8D, 0x35, 0xD9, 0xEE, 0x7B, 0x3E, 0x0D, 0x24,
    0x25, 0xF5, 0xEA, 0xFD, 0xDD, 0x7B, 0x0A, 0x82, 0xB2, 0x31, 0x69, 0x82, 0x75, 0xC3, 0xBB, 0x1C,
    0x60, 0x77, 0x1E, 0x88, 0x42, 0xC2, 0x7A, 0x14, 0x6F, 0x11, 0x3C, 0x88, 0xA7, 0x24, 0xBC, 0x32,
    0xD6, 0x82, 0x2B, 0x7F, 0x87, 0x1B, 0xD6, 0x79, 0xC7, 0xDC, 0x10, 0xCC, 0x95, 0xB1, 0x01, 0x74,
    0xA2, 0x09, 0xE2, 0x97, 0xB5, 0xC4, 0x10, 0xC4, 0x1B, 0x93, 0xCB, 0x98, 0x87, 0xCB, 0xC2, 0xCC,
    0x65, 0xA2, 0x15, 0x1B, 0x5A, 0x5B, 0x8A, 0xB8, 0x6B, 0x7D, 0x2B, 0x63, 0x64, 0xAF, 0x22, 0xDA,
    0xF9, 0x68, 0xF1, 0xDA, 0x1D, 0x6D, 0x5D, 0xF9, 0xA3, 0x95, 0x8B, 0x70, 0xB4, 0xAF, 0x04, 0x90,
    0x07, 0x14, 0x3A, 0x02, 0x85, 0x4D, 0x86, 0x3A, 0xC1, 0xD2, 0x1F, 0xB0, 0x5A, 0xCE, 0x19, 0x36,
    0xEE, 0x68, 0xB5, 0xD6, 0x32, 0x11, 0x1E, 0x45, 0x0B, 0xD3, 0x6F, 0x3C, 0x14, 0xB9, 0x21, 0xB4,
    0xC4, 0x6D, 0x64, 0x68, 0x25, 0x32, 0x34, 0x01, 0x65, 0x7C, 0x93, 0x7C, 0xB7, 0x36, 0x2E, 0xBD,
    0xEE, 0xCD, 0x8D, 0x2F, 0x3D, 0xD0, 0x7C, 0xE4, 0x5A, 0x5B, 0x89, 0xCA, 0x8A, 0x82, 0xCA, 0xF0,
    0x96, 0x0E, 0x68, 0xF5, 0x03, 0x58, 0x6E, 0xB0, 0x99, 0x05, 0x56, 0x0B, 0x50, 0xDF, 0x46, 0x86,
    0xCA, 0x01, 0x25, 0x05, 0x81, 0x16, 0xC0, 0x30, 0x33, 0xAC, 0x71, 0xB7, 0xE5, 0x3E, 0x85, 0x37,
    0xC8, 0x67, 0x0F, 0x91, 0x28, 0x75, 0xD7, 0xF2, 0x03, 0xBA, 0x32, 0xB3, 0xF2, 0xD2, 0x89, 0x68,
    0x46, 0xED, 0x76, 0x35, 0xA9, 0xBF, 0x93, 0x73, 0x85, 0x21, 0xB7, 0xEB, 0x19, 0x6A, 0x22, 0xBB,
    0x0B, 0xEA, 0xD5, 0xED, 0x7F, 0x41, 0x56, 0x94, 0xEF, 0x9F, 0x25, 0x55, 0x33, 0x90, 0x35, 0x6D,
    0x28, 0x22, 0x2B, 0x59, 0x12, 0x4D, 0x19, 0xE3, 0x0F, 0x4E, 0xEE, 0x90, 0x15, 0x95, 0xE8, 0x9A,
    0x71, 0xEE, 0x08, 0xEA, 0xF6, 0x34, 0xE7, 0x3E, 0xA0, 0x2E, 0x9E, 0x17, 0xAF, 0x53, 0x04, 0x7B,
    0xC8, 0xD3, 0xD8, 0x37, 0x34, 0xEE, 0x2E, 0x33, 0x0F, 0x92, 0x8C, 0xB9, 0x31, 0xB7, 0xA7, 0x95,
    0x43, 0xEF, 0x56, 0x3A, 0x06, 0x79, 0x79, 0x67, 0x2B, 0xFD, 0x19, 0x7A, 0xE6, 0x44, 0x0B, 0xD3,
    0xEA, 0xBB, 0x09, 0x6A, 0x8E, 0x32, 0xD2, 0xB5, 0x16, 0x1C, 0xCF, 0x74, 0x63, 0xC3, 0x31, 0xA3,
    0x04, 0x3B, 0x7D, 0xED, 0x32, 0x44, 0xF5, 0x00, 0xD6, 0x6E, 0xCD, 0xB0, 0x99, 0x4D, 0x86, 0x6A,
    0xD2, 0xA3, 0x1E, 0x1B, 0x86, 0xDA, 0x76, 0x73, 0x6B, 0xD5, 0xB4, 0x41, 0xD3, 0xAB, 0xC0, 0xE9,
    0x03, 0x65, 0xAB, 0x88, 0xCA, 0x57, 0x44, 0xD8, 0xA0, 0x07, 0x7E, 0x00, 0xE3, 0x37, 0x88, 0x29,
    0xB3, 0xC0, 0x53, 0x9A, 0x77, 0x1A, 0xAE, 0x21, 0x8A, 0x99, 0x87, 0x8E, 0x57, 0x34, 0x6E, 0x44,
    0xCE, 0x1E, 0x44, 0x23, 0x87, 0x5B, 0xB6, 0x5C, 0x9E, 0x41, 0xAF, 0x48, 0x54, 0xE6, 0xAE, 0xEF,
    0x96, 0x92, 0xC8, 0xEE, 0x5C, 0x5C, 0x4B, 0x84, 0x9D, 0xCC, 0xAC, 0x6F, 0xBE, 0x2F, 0xCA, 0x33,
    0x1B, 0x0D, 0x20, 0x73, 0xD0, 0xE3, 0x81, 0x25, 0x40, 0xCF, 0x84, 0x1A, 0xA2, 0xFE, 0x60, 0xF4,
    0x0D, 0x63, 0x0F, 0x4A, 0x50, 0x99, 0x93, 0xE0, 0x4C, 0x4A, 0xDF, 0x98, 0x31, 0xB3, 0xD2, 0x44,
    0x07, 0x2D, 0xF1, 0x34, 0xE1, 0x85, 0xC2, 0xDC, 0x35, 0x8F, 0x22, 0x5A, 0x77, 0x5E, 0x41, 0xBF,
    0x22, 0xE1, 0x35, 0x78, 0xC4, 0x15, 0xE7, 0x61, 0xDA, 0x5B, 0xC8, 0x43, 0x2B, 0xB7, 0x37, 0x91,
    0x83, 0xAE, 0x96, 0x9D, 0xD7, 0x0C, 0x5D, 0x06, 0xE6, 0xA5, 0x66, 0x35, 0xC1, 0x14, 0xE1, 0x68,
    0xA5, 0x15, 0x21, 0x73, 0x29, 0xC3, 0x1D, 0xAE, 0x17, 0x84, 0xCC, 0x4B, 0xCD, 0x08, 0xE6, 0x8E,
    0x7B, 0xD8, 0x79, 0xFD, 0x28, 0x02, 0x61, 0xE7, 0xF5, 0x63, 0xBF, 0xE1, 0x9D, 0x17, 0xDD, 0x5E,
    0x5D, 0x85, 0x9D, 0x17, 0x11, 0x51, 0x10, 0x5E, 0x19, 0x67, 0xAF, 0xEB, 0xF1, 0xB9, 0xDC, 0x60,
    0x83, 0x84, 0x02, 0x87, 0xE7, 0x05, 0x74, 0xF3, 0xEE, 0x7B, 0x8B, 0x04, 0x26, 0x87, 0xF7, 0x19,
    0x94, 0xE1, 0xF0, 0xBF, 0x01, 0x58, 0x77, 0x76, 0x69, 0xB0, 0xCE, 0x3E, 0xC8, 0x05, 0x9D, 0xF9,
    0xE5, 0x02, 0xAA, 0x47, 0x0B, 0xEB, 0x45, 0x61, 0x30, 0x47, 0xA1, 0xC7, 0xF9, 0x68, 0xBC, 0x6E,
    0xC4, 0xDA, 0x4D, 0x7B, 0xEB, 0xB5, 0x53, 0x95, 0x69, 0x5A, 0xA8, 0x78, 0x72, 0x55, 0x48, 0xED,
    0x27, 0x21, 0xDB, 0xE1, 0x97, 0x18, 0xD6, 0xDC, 0x82, 0x25, 0xAD, 0x32, 0xB6, 0xA4, 0x36, 0x6C,
    0xC5, 0xF4, 0x7B, 0x2B, 0x6E, 0x7F, 0xF1, 0x8A, 0xE6, 0xD4, 0x8E, 0x14, 0x65, 0x4C, 0xCA, 0x6C,
    0x17, 0x9C, 0x3B, 0x5B, 0x65, 0xBA, 0x73, 0x11, 0x9A, 0xE9, 0xE0, 0x3B, 0x71, 0x00, 0x75, 0x47,
    0xB8, 0x99, 0x4B, 0x8F, 0x21, 0x33, 0xE6, 0xF7, 0xCF, 0x83, 0x25, 0x57, 0xF3, 0x53, 0xA5, 0xF5,
    0xB2, 0x24, 0xAC, 0x8F, 0x52, 0xCC, 0xB4, 0xD5, 0x5C, 0x86, 0x32, 0x64, 0xAF, 0xAD, 0x5D, 0xB5,
    0x34, 0xCB, 0x5D, 0x67, 0x3C, 0x39, 0x3D, 0x67, 0xCF, 0x05, 0x91, 0xED, 0xC6, 0x4C, 0x9D, 0x39,
    0xFC, 0xED, 0xC4, 0x9D, 0x5E, 0x00, 0xE0, 0xBE, 0x89, 0x1C, 0x35, 0xD6, 0x44, 0x0E, 0xC2, 0xFD,
    0x9A, 0x3B, 0x63, 0x3C, 0x05, 0x28, 0xE1, 0x3E, 0x4C, 0xD0, 0x16, 0x84, 0xC4, 0x5D, 0x39, 0x18,
    0x40, 0xF7, 0x89, 0x7B, 0xB5, 0x20, 0x02, 0xDD, 0x28, 0xDC, 0xC5, 0x47, 0xB9, 0xEF, 0x26, 0x5F,
    0x86, 0x94, 0x94, 0x4D, 0xDC, 0x8F, 0x92, 0x30, 0x7A, 0xBC, 0x94, 0xB8, 0x17, 0x7B, 0x29, 0x71,
    0xAF, 0x7C, 0x2A, 0x25, 0xEE, 0x72, 0x9D, 0xA3, 0xC7, 0xB6, 0x53, 0x2A, 0x25, 0xEE, 0xC3, 0xCD,
    0x55, 0xDC, 0x52, 0x4A, 0x36, 0x71, 0x1F, 0x84, 0x57, 0x6E, 0x76, 0x9D, 0x4B, 0x0D, 0xF9, 0x8E,
    0x26, 0xC0, 0x24, 0xD6, 0xD5, 0xCE, 0x57, 0x89, 0x4B, 0x4B, 0x4F, 0x0D, 0xCF, 0x90, 0x7A, 0x69,
    0xD7, 0x57, 0x3E, 0xF3, 0x4A, 0xAD, 0x89, 0x90, 0xB9, 0xE4, 0x7A, 0x67, 0x9B, 0x6B, 0xBE, 0xD7,
    0x79, 0xD1, 0xE3, 0x76, 0xBE, 0x6B, 0xDC, 0x5E, 0xCF, 0x59, 0x85, 0x66, 0xAB, 0xA1, 0xB1, 0xC9,
    0x23, 0x0D, 0xF0, 0x83, 0x8E, 0x24, 0xA2, 0x86, 0x19, 0x89, 0x35, 0x95, 0x20, 0xA4, 0x5A, 0x50,
    0xFA, 0xAF, 0xB5, 0xAC, 0x63, 0x45, 0x51, 0x59, 0xB0, 0xA5, 0xEF, 0x89, 0xF5, 0xDD, 0x07, 0x62,
    0x9D, 0xFA, 0x60, 0xE2, 0xEF, 0x17, 0xF5, 0x63, 0x1E, 0x2B, 0x8B, 0x68, 0x5E, 0xC6, 0x93, 0x63,
    0x42, 0x05, 0xF3, 0x43, 0xEB, 0xF7, 0x58, 0xD3, 0x0B, 0xC9, 0x9E, 0x19, 0x4E, 0xCA, 0xA3, 0xE1,
    0x6C, 0x5E, 0xE5, 0xF4, 0xB8, 0xED, 0x06, 0x80, 0xDF, 0x69, 0xBF, 0x64, 0x58, 0x71, 0x19, 0xC0,
    0x52, 0x0A, 0x72, 0x0A, 0x90, 0xE1, 0x02, 0xD5, 0xB1, 0x6B, 0xDC, 0x7B, 0xDB, 0x79, 0xD3, 0x19,
    0x03, 0x8D, 0x5F, 0xC1, 0x40, 0x56, 0x5E, 0xBB, 0xC0, 0xE7, 0x01, 0xA8, 0xF6, 0xDD, 0xBB, 0xE0,
    0xAC, 0x5B, 0xDF, 0xCD, 0xA5, 0x88, 0xDC, 0x51, 0x04, 0xF0, 0x07, 0x5F, 0x03, 0x78, 0x2C, 0xCB,
    0xEF, 0x02, 0x56, 0x43, 0x59, 0xAE, 0x8E, 0xD3, 0xE8, 0x9C, 0xF2, 0x5C, 0x1B, 0xD4, 0xBE, 0x9B,
    0xD0, 0xCC, 0x12, 0xEF, 0x8F, 0x2D, 0x8D, 0x1A, 0x58, 0x07, 0xB4, 0x24, 0x0F, 0x8D, 0x33, 0x3E,
    0x77, 0x9A, 0xE4, 0x49, 0xC0, 0xF7, 0x63, 0xC0, 0xD5, 0xCA, 0xA0, 0xD9, 0x41, 0x47, 0xF3, 0x00,
    0x0C, 0x92, 0x0B, 0xA1, 0x1E, 0xE7, 0x80, 0xF8, 0xFD, 0x82, 0x46, 0x6E, 0x94, 0x80, 0x86, 0x23,
    0xF5, 0x33, 0xCC, 0x0D, 0xFD, 0x34, 0x1A, 0xF7, 0x0C, 0x9A, 0xE8, 0x4D, 0x22, 0xFB, 0x8F, 0x50,
    0xD3, 0x87, 0x22, 0xD4, 0xD3, 0x15, 0x6F, 0xD0, 0xCC, 0x3A, 0x8F, 0x44, 0x11, 0x2A, 0x9A, 0x5F,
    0xF0, 0xCC, 0x46, 0xC7, 0x19, 0x0A, 0x74, 0x56, 0xA3, 0xA4, 0x51, 0xE6, 0x19, 0x0A, 0x62, 0xD7,
    0x5E, 0x81, 0x08, 0x18, 0x96, 0x6B, 0x85, 0x59, 0x53, 0x98, 0x68, 0x7C, 0xB2, 0xFF, 0x8A, 0x92,
    0x85, 0x1E, 0xA3, 0x58, 0x1E, 0xC6, 0xB2, 0xFB, 0x26, 0xDB, 0x4D, 0x6C, 0x3B, 0xAB, 0xF8, 0x27,
    0x57, 0xC4, 0x1D, 0x28, 0x80, 0xE5, 0x7A, 0xC1, 0x76, 0x01, 0x77, 0x38, 0xB3, 0xF0, 0x99, 0xC5,
    0x88, 0x4A, 0x02, 0x1A, 0x2E, 0xD4, 0x8E, 0x6B, 0xF6, 0xB3, 0xCD, 0x87, 0xB8, 0x10, 0xC0, 0xD5,
    0xEB, 0xDB, 0x89, 0x4F, 0x63, 0xD7, 0x2B, 0x23, 0x37, 0x80, 0xA4, 0xA4, 0xCF, 0x1C, 0xD4, 0xD4,
    0x52, 0xD0, 0xFD, 0x8A, 0x23, 0x6C, 0xEF, 0x6C, 0xB8, 0x2B, 0xA8, 0xCF, 0x5A, 0x88, 0x47, 0x21,
    0x73, 0xE1, 0x57, 0x8D, 0x09, 0xDD, 0x28, 0x84, 0x2A, 0x8F, 0x6E, 0x86, 0x86, 0xB0, 0xE2, 0x6C,
    0xC8, 0x82, 0x08, 0xA1, 0x06, 0x7A, 0xB5, 0xD2, 0x49, 0x4E, 0x67, 0x3D, 0x24, 0xFF, 0x95, 0x48,
    0xA2, 0xA1, 0xB1, 0xA1, 0x3E, 0x31, 0x15, 0xB2, 0x42, 0x93, 0x3F, 0x3B, 0xC7, 0x2D, 0x70, 0xB3,
    0x4C, 0x70, 0xDC, 0x38, 0xF2, 0x6B, 0x6F, 0x49, 0x4C, 0xB0, 0x72, 0x06, 0xC5, 0xCA, 0x9F, 0xD2,
    0x0B, 0x2F, 0xBE, 0x65, 0x08, 0x3B, 0xC2, 0x6F, 0x40, 0x77, 0xBF, 0x30, 0x3B, 0xAA, 0xBC, 0xEE,
    0x77, 0xE4, 0x3A, 0x9B, 0x90, 0x9A, 0x95, 0x4B, 0x48, 0xDB, 0xCA, 0x27, 0x64, 0x80, 0xFD, 0xD8,
    0x97, 0x71, 0xB1, 0x3D, 0xF5, 0x29, 0xE8, 0xAC, 0x88, 0x7A, 0x22, 0x9A, 0xB8, 0xEE, 0x7F, 0x16,
    0x0D, 0x79, 0x88, 0xEB, 0x34, 0x3F, 0x5F, 0xC1, 0x35, 0x1F, 0xB9, 0xDA, 0xE2, 0x3C, 0x95, 0x93,
    0xF6, 0x88, 0x72, 0x3B, 0x71, 0x9F, 0xC6, 0xB5, 0x49, 0x6D, 0x35, 0xA9, 0x04, 0x3A, 0xBB, 0x03,
    0xCE, 0x6B, 0xAC, 0x0C, 0xA2, 0x3C, 0x08, 0x11, 0x24, 0xF9, 0xC9, 0x15, 0x6E, 0xE7, 0x0D, 0x70,
    0x7D, 0x0D, 0xBB, 0xA5, 0x5A, 0x40, 0x94, 0x1E, 0x7A, 0xD8, 0x9F, 0x70, 0x73, 0x06, 0xF7, 0xB6,
    0xE2, 0x9D, 0x1D, 0xB4, 0xF9, 0x1B, 0x45, 0x2E, 0x81, 0xBF, 0x55, 0xFB, 0x7C, 0x52, 0xD8, 0x01,
    0x3E, 0x05, 0xCA, 0x7C, 0x4E, 0xE5, 0xA4, 0xE5, 0x3A, 0xFA, 0x93, 0x89, 0xB9, 0x7F, 0x87, 0x24,
    0xCF, 0x10, 0x25, 0xC9, 0x67, 0x85, 0xFB, 0xF6, 0x71, 0xEC, 0x93, 0x84, 0xF6, 0xBF, 0x07, 0xE6,
    0x1E, 0xA1, 0xFB, 0x88, 0x95, 0x29, 0x6F, 0x50, 0xB4, 0xE4, 0x51, 0x70, 0x0C, 0x89, 0x57, 0x12,
    0x41, 0x9C, 0xEC, 0x00, 0x31, 0x03, 0x93, 0x81, 0x1E, 0xF7, 0x0C, 0x5C, 0x37, 0xED, 0x89, 0x37,
    0xE5, 0xF7, 0x7C, 0x9B, 0xF8, 0x98, 0x26, 0x0F, 0xCC, 0x7C, 0x84, 0x01, 0xD7, 0x38, 0x96, 0x51,
    0x40, 0xCD, 0x59, 0x0D, 0x61, 0xCC, 0x1D, 0x5A, 0x80, 0xE5, 0xCF, 0xE3, 0x60, 0x42, 0x2B, 0xA0,
    0x99, 0xD1, 0xF5, 0x42, 0x78, 0xC1, 0x90, 0xB5, 0xF8, 0x61, 0x02, 0xDF, 0xC6, 0x1F, 0x22, 0x6F,
    0xBB, 0x1A, 0xFF, 0x9E, 0x62, 0x8F, 0x2A, 0x67, 0x3F, 0xA5, 0xB7, 0xFE, 0x4F, 0x4E, 0x7B, 0x9E,
    0xD6, 0xAC, 0xC9, 0x5C, 0x50, 0x9F, 0x54, 0x79, 0xE9, 0xA1, 0x6D, 0xD2, 0x05, 0x2B, 0xA7, 0x87,
    0x72, 0x6A, 0xB3, 0x71, 0x49, 0x1B, 0x0E, 0xB8, 0x18, 0xA6, 0x24, 0x64, 0xE5, 0xB2, 0x2C, 0xF7,
    0x61, 0xCC, 0xB0, 0x76, 0x43, 0x3A, 0x97, 0x23, 0x83, 0xAC, 0x93, 0xED, 0xEC, 0xA1, 0x94, 0xC9,
    0x5A, 0x51, 0x75, 0xA8, 0xC5, 0x27, 0xE1, 0xC5, 0x9E, 0x8D, 0x9C, 0x72, 0x6F, 0x04, 0x3A, 0xCA,
    0xCF, 0x9D, 0x11, 0x05, 0xD1, 0xB2, 0xF7, 0x49, 0x87, 0x3A, 0x5E, 0x27, 0x2E, 0x63, 0xED, 0xA1,
    0x1C, 0x88, 0xFD, 0x3B, 0x82, 0x6B, 0x6B, 0xA1, 0x47, 0x79, 0xEE, 0x20, 0x6E, 0x08, 0x5D, 0x72,
    0x5D, 0x0C, 0x79, 0xBE, 0x96, 0x0B, 0x9A, 0x0B, 0xEA, 0xB3, 0x16, 0xD2, 0x05, 0xCE, 0xA9, 0x60,
    0xA4, 0xB0, 0xA6, 0x82, 0x74, 0xDA, 0x32, 0xA4, 0x82, 0xF4, 0xDB, 0x7A, 0x49, 0x05, 0xE9, 0xBA,
    0xED, 0xED, 0x95, 0xD9, 0xFB, 0x43, 0x40, 0x47, 0x47, 0x9F, 0x08, 0x50, 0xB9, 0xF0, 0xA9, 0xAD,
    0x72, 0x9F, 0xC5, 0x7C, 0x51, 0x4C, 0x4D, 0x0B, 0x9B, 0x8E, 0x22, 0x9B, 0x61, 0x34, 0xFD, 0x66,
    0x88, 0x25, 0xE0, 0xB6, 0x51, 0x9F, 0x36, 0x11, 0x2D, 0x9B, 0x01, 0xDD, 0xD5, 0xD5, 0xB5, 0xEB,
    0x46, 0x2D, 0x6F, 0x41, 0x52, 0xB5, 0x87, 0x77, 0x28, 0x69, 0x66, 0xA3, 0x28, 0xB0, 0xE9, 0x6E,
    0x22, 0x1B, 0xDD, 0x0F, 0xF7, 0xE6, 0x94, 0x9F, 0xB1, 0x69, 0xAD, 0xFC, 0xBC, 0x19, 0xC5, 0x14,
    0xD8, 0x52, 0xBF, 0xEF, 0xFE, 0xBE, 0xA8, 0xE8, 0x54, 0xF9, 0xF6, 0xD3, 0x54, 0x56, 0xB4, 0xA3,
    0x50, 0xD1, 0x42, 0xA5, 0x37, 0x42, 0xA5, 0x26, 0x36, 0x68, 0x67, 0xCD, 0x7D, 0x54, 0x43, 0x42,
    0xF1, 0xF3, 0xE7, 0x39, 0x6D, 0x0E, 0xA2, 0xEF, 0x72, 0xC8, 0x46, 0xF4, 0x53, 0x8E, 0x89, 0x63,
    0xF3, 0x31, 0x9B, 0x50, 0x89, 0x59, 0xAB, 0x8F, 0x97, 0xDA, 0xC1, 0x34, 0xBF, 0x5C, 0xDB, 0x09,
    0x9A, 0x26, 0x22, 0x0B, 0x45, 0xA3, 0x26, 0x00, 0xEF, 0xA0, 0x78, 0x01, 0xDE, 0x78, 0x9C, 0x4E,
    0x60, 0x20, 0x12, 0x5B, 0xD0, 0x0D, 0x59, 0x21, 0x12, 0xA0, 0x84, 0x52, 0xC3, 0x49, 0x8C, 0xBD,
    0x83, 0x97, 0x9E, 0xD9, 0x29, 0x8B, 0x22, 0x6C, 0xFC, 0x18, 0x20, 0x30, 0x43, 0x01, 0xCC, 0x51,
    0x00, 0x37, 0x98, 0x00, 0x66, 0xF6, 0x7F, 0x01, 0x11, 0xED, 0x28, 0x60, 0x80, 0xE6, 0xD9, 0xEE,
    0xAB, 0x90, 0x1A, 0x8F, 0x28, 0x34, 0xD8, 0x01, 0x00, 0x7A, 0x93, 0xF8, 0xBE, 0x5C, 0x03, 0xDD,
    0xB3, 0xC4, 0xF5, 0x5F, 0xF4, 0xAD, 0x2D, 0xFD, 0x9E, 0xFC, 0x28, 0x02, 0x03, 0x8E, 0xE5, 0x18,
    0x2C, 0x7A, 0x07, 0x56, 0xED, 0x5F, 0x4D, 0x4A, 0xCD, 0x95, 0x07, 0xEA, 0x45, 0xD7, 0x9E, 0xE9,
    0x54, 0x14, 0x2B, 0xA2, 0x09, 0x00, 0x79, 0xC8, 0x9C, 0x0A, 0x5E, 0xEF, 0xF1, 0xDA, 0x8B, 0x23,
    0xD5, 0x01, 0xBD, 0x27, 0x3A, 0x00, 0x5D, 0xD1, 0x8D, 0x8C, 0x96, 0xD0, 0x7B, 0xC6, 0x68, 0x86,
    0x66, 0x57, 0x4C, 0x9E, 0xA3, 0x91, 0x46, 0xCB, 0x9C, 0x14, 0xE4, 0x87, 0x6E, 0x4E, 0x7F, 0x31,
    0x83, 0x90, 0x51, 0x4E, 0x7D, 0x1D, 0x89, 0xAF, 0x9C, 0xEA, 0x2A, 0x7D, 0x46, 0x4C, 0xEF, 0x2C,
    0xA8, 0x71, 0x39, 0xE1, 0xD5, 0x4E, 0x39, 0xDD, 0xA5, 0x6F, 0x72, 0xB2, 0x4B, 0xE7, 0x54, 0x97,
    0x78, 0x78, 0x1E, 0x73, 0x16, 0xBD, 0x23, 0x33, 0xEE, 0xA8, 0x5E, 0xB1, 0x23, 0x3D, 0xEF, 0xA8,
    0x20, 0xEC, 0x48, 0x2D, 0x19, 0xB5, 0x94, 0xAF, 0xA2, 0x0E, 0x54, 0x5E, 0x6D, 0xDB, 0xDF, 0x3C,
    0x35, 0xBA, 0x43, 0x0D, 0x73, 0xA8, 0x31, 0x1C, 0x6A, 0xE8, 0x43, 0x8D, 0xC6, 0xD7, 0x21, 0xA1,
    0xCE, 0x62, 0x47, 0x03, 0xCA, 0x1D, 0x9D, 0x41, 0x2E, 0xA1, 0x00, 0x9A, 0x33, 0xBA, 0xF6, 0x19,
    0xE1, 0x5F, 0x7F, 0x1A, 0x5D, 0x85, 0x84, 0xDE, 0x2B, 0x68, 0x49, 0xE8, 0xDF, 0x14, 0x34, 0xFE,
    0x4D, 0x51, 0xA8, 0x3E, 0x14, 0x52, 0xF6, 0xF0, 0x97, 0xAB, 0x4F, 0xF9, 0x4B, 0xD9, 0x1E, 0x2D,
    0x6D, 0xBF, 0x5E, 0x24, 0xE6, 0xBA, 0x0F, 0x48, 0xCC, 0x9F, 0x21, 0xE0, 0x3D, 0x41, 0x32, 0x52,
    0x26, 0xE2, 0x8F, 0xA2, 0x15, 0x83, 0xA0, 0x58, 0x12, 0x48, 0xD0, 0xF0, 0x8A, 0x5E, 0xAD, 0x82,
    0x3A, 0xFA, 0x60, 0x57, 0xA8, 0x8E, 0x1C, 0xD6, 0x37, 0x3C, 0x28, 0xEF, 0x0A, 0x45, 0x75, 0x28,
    0x44, 0x7F, 0xFD, 0x0A, 0xBD, 0x76, 0xF8, 0xD0, 0x40, 0xBB, 0x42, 0x91, 0x01, 0xA5, 0xD0, 0xA4,
    0x9D, 0x2B, 0x2F, 0x84, 0x64, 0x34, 0x17, 0x81, 0xCC, 0xF3, 0x80, 0x33, 0x23, 0x99, 0xF3, 0x1D,
    0x04, 0xBD, 0xF2, 0xBB, 0x2E, 0xA1, 0x08, 0x19, 0x21, 0xA3, 0x73, 0x11, 0x22, 0x22, 0x23, 0xFD,
    0xCA, 0x0F, 0xAF, 0x42, 0x12, 0xC8, 0x75, 0x49, 0xA1, 0x9A, 0x46, 0x56, 0x88, 0xB3, 0x23, 0x35,
    0x7D, 0x02, 0x14, 0x44, 0xC4, 0x0C, 0x27, 0x34, 0xD1, 0xD0, 0x4F, 0xE8, 0x24, 0x81, 0x6E, 0xF3,
    0x8B, 0x8F, 0x7D, 0xF9, 0x09, 0xC7, 0x77, 0xD5, 0x5F, 0xD0, 0x8C, 0x30, 0xC0, 0xA0, 0x72, 0x64,
    0x11, 0xF4, 0x28, 0x11, 0xFB, 0x88, 0xD0, 0x5A, 0xEE, 0x25, 0xBA, 0x2F, 0x83, 0xDA, 0x90, 0x9A,
    0x34, 0xAA, 0x85, 0x51, 0x67, 0x39, 0xE0, 0x61, 0x34, 0xF4, 0x1A, 0xED, 0xC4, 0x48, 0xE6, 0x4E,
    0xC7, 0x0D, 0x55, 0x1E, 0x5A, 0x62, 0x5F, 0x8E, 0x77, 0x75, 0xED, 0x19, 0x99, 0x11, 0xBA, 0x9B,
    0x37, 0xC4, 0x11, 0xAF, 0xA1, 0x9B, 0xAB, 0x93, 0xA5, 0xBC, 0x5D, 0xA0, 0x1C, 0xC9, 0xE8, 0x1C,
    0xC5, 0xE8, 0x1C, 0xC1, 0xE8, 0x1C, 0xBD, 0xE8, 0x1C, 0xB9, 0x68, 0x93, 0xA3, 0x96, 0x23, 0x62,
    0x09, 0x02, 0xF4, 0x5F, 0x09, 0x8E, 0xE8, 0xE4, 0x88, 0x4C, 0x74, 0xBF, 0x7B, 0xC3, 0x11, 0x91,
    0xA4, 0x68, 0xE4, 0x2F, 0x9F, 0x0C, 0x47, 0x24, 0x72, 0x44, 0x21, 0x38, 0xB6, 0xA7, 0x2B, 0xCC,
    0x27, 0x90, 0x60, 0x99, 0xBE, 0x2B, 0x75, 0xE5, 0x70, 0xEB, 0x23, 0xA9, 0x2C, 0x8E, 0xDA, 0xE2,
    0xA8, 0x2E, 0x8E, 0x28, 0x0B, 0x47, 0x85, 0x91, 0xAB, 0xF5, 0x9B, 0xD0, 0x51, 0x6B, 0x1C, 0xD5,
    0xC6, 0x5D, 0x34, 0x95, 0x2A, 0xCE, 0xF7, 0x95, 0x9A, 0x3F, 0xDD, 0xE2, 0x28, 0x70, 0xD5, 0x1B,
    0xF1, 0x3A, 0xAE, 0xBB, 0x16, 0xC4, 0x9B, 0x79, 0x4E, 0x58, 0x19, 0x70, 0x9D, 0x7A, 0xCD, 0x48,
    0xF2, 0x16, 0x12, 0x30, 0x4B, 0xE6, 0xA2, 0xB5, 0x82, 0xE8, 0xAB, 0x32, 0x96, 0x4A, 0xF6, 0x62,
    0x47, 0x4E, 0x5D, 0xA0, 0x49, 0xCE, 0x2B, 0x43, 0xF7, 0xE3, 0x65, 0xE8, 0x93, 0xF3, 0xBE, 0xBD,
    0xDF, 0x43, 0x47, 0x50, 0x10, 0x54, 0xBC, 0xE0, 0x11, 0x10, 0xAF, 0xB3, 0x1B, 0x62, 0x60, 0x17,
    0x2C, 0xC5, 0xFD, 0x9A, 0xA5, 0xBC, 0x8D, 0x50, 0x13, 0xC2, 0x20, 0xB5, 0xD7, 0xF2, 0x4E, 0xCA,
    0x6E, 0xC5, 0xAE, 0x26, 0x6E, 0xB6, 0xBB, 0x58, 0x72, 0xAF, 0xE4, 0x5A, 0xC9, 0xAD, 0x92, 0x4B,
    0x25, 0x77, 0xD2, 0xE2, 0x4A, 0xC2, 0x6E, 0xDF, 0xAB, 0x59, 0x5B, 0xE6, 0xA5, 0x66, 0x65, 0x9F,
    0x49, 0x24, 0x93, 0x02, 0x99, 0x14, 0xC7, 0xA4, 0x30, 0x26, 0x54, 0xB2, 0x97, 0x20, 0x26, 0xC5,
    0x30, 0x29, 0x84, 0x91, 0x08, 0x26, 0x07, 0x30, 0x66, 0xE9, 0x56, 0x60, 0x12, 0x0D, 0x6D, 0xED,
    0xBA, 0x5B, 0x13, 0xCD, 0x5C, 0x05, 0x3D, 0xAA, 0x89, 0x73, 0xB8, 0x67, 0x74, 0x63, 0x29, 0x49,
    0x62, 0x69, 0x87, 0x41, 0x7A, 0xE6, 0xB6, 0x7B, 0x68, 0xF9, 0x7B, 0x96, 0xFA, 0x8C, 0x96, 0xCF,
    0x3F, 0x0F, 0x12, 0xFF, 0x63, 0xD5, 0xB6, 0xD9, 0xEA, 0x56, 0x86, 0xD6, 0x6D, 0x02, 0xDB, 0x7A,
    0x69, 0x56, 0x10, 0xA1, 0x9B, 0x4A, 0xBA, 0x31, 0xF2, 0x3A, 0x36, 0xA4, 0x2E, 0xC1, 0xDA, 0x0D,
    0x9C, 0x47, 0x02, 0x50, 0x07, 0x25, 0xB6, 0x73, 0xC9, 0xD2, 0x28, 0xB6, 0x0E, 0x10, 0xDB, 0xB9,
    0x64, 0x69, 0x14, 0x5B, 0xC5, 0x27, 0x4F, 0xBE, 0xC9, 0x36, 0x5D, 0x07, 0x45, 0xB2, 0x6F, 0xD0,
    0x22, 0xB0, 0x6F, 0x88, 0x53, 0xA4, 0x0E, 0xCA, 0xEB, 0x11, 0x65, 0x30, 0x00, 0x62, 0x04, 0x98,
    0x0A, 0xA0, 0xEF, 0x76, 0x2B, 0x1F, 0x3B, 0xF3, 0xB7, 0x5A, 0xDA, 0xDB, 0xA2, 0x59, 0x38, 0xBB,
    0x38, 0x55, 0xEE, 0x5B, 0xBA, 0x4F, 0xEF, 0x6C, 0x44, 0x01, 0x55, 0x2C, 0x49, 0xBC, 0x70, 0x54,
    0x73, 0x8A, 0xD1, 0xD4, 0xE5, 0x8E, 0x5F, 0xCE, 0xF8, 0xDB, 0xBE, 0x0A, 0xA0, 0xF4, 0xDC, 0xC7,
    0xDF, 0xDB, 0xFE, 0xC1, 0x44, 0x40, 0xD7, 0x44, 0x33, 0x74, 0x7B, 0x7B, 0x92, 0x1E, 0x5E, 0xAC,
    0x2C, 0x18, 0xCE, 0x52, 0x03, 0x7D, 0x7F, 0xCF, 0x2C, 0xF2, 0x9E, 0xD7, 0xCC, 0xA4, 0x5A, 0x3E,
    0xB6, 0xE7, 0x6F, 0x2F, 0x17, 0x6D, 0x66, 0xEF, 0xDC, 0xF7, 0xC3, 0xFE, 0xA0, 0x01, 0x74, 0x73,
    0x6B, 0xF8, 0x59, 0xC3, 0x2E, 0xAD, 0xB9, 0xBE, 0x8C, 0x79, 0x5F, 0x3B, 0xBE, 0x51, 0x29, 0x6B,
    0xCD, 0xD0, 0x7F, 0x8E, 0xEF, 0xF6, 0x57, 0xD6, 0x76, 0xFD, 0xBD, 0xD6, 0xB6, 0xF9, 0xB0, 0x9D,
    0x4B, 0xDF, 0x4A, 0x9E, 0xE9, 0x2B, 0x9F, 0x2F, 0x02, 0xCE, 0x9A, 0xC6, 0x00, 0xAD, 0x69, 0xDE,
    0xF6, 0x5F, 0x69, 0xDC, 0xB6, 0xFF, 0x72, 0xC5, 0xFB, 0x7F, 0xCC, 0x01, 0xFE, 0xB9, 0x6B, 0xDC,
    0xF0, 0x56, 0x50, 0x34, 0x69, 0xF2, 0x35, 0x8D, 0x0D, 0x4D, 0x78, 0x07, 0xF8, 0x16, 0x77, 0x3F,
    0x7A, 0x01, 0x34, 0xB2, 0x37, 0x44, 0x2B, 0xCA, 0x7D, 0xC1, 0xD8, 0xCD, 0x35, 0xF5, 0x8A, 0xAE,
    0xAE, 0x49, 0xF2, 0x82, 0xDA, 0xEA, 0x49, 0xF6, 0xE2, 0x40, 0x24, 0x7B, 0x43, 0x0E, 0xEA, 0x7D,
    0xE2, 0xBD, 0xA5, 0x57, 0x5E, 0xD6, 0x53, 0x6E, 0xFB, 0x71, 0x2D, 0xC3, 0xDF, 0xA1, 0xCA, 0xF3,
    0x9E, 0x9B, 0x52, 0xFB, 0xCA, 0xF1, 0x5E, 0x30, 0x71, 0x85, 0xF5, 0x8A, 0x58, 0x04, 0x3C, 0x7D,
    0xDF, 0x6F, 0x7B, 0xD3, 0x0F, 0x7F, 0xE4, 0xD1, 0xFC, 0xAF, 0x58, 0xCB, 0xCA, 0x1C, 0x72, 0x3C,
    0xBE, 0xC8, 0x35, 0x1B, 0xB2, 0x1B, 0xEE, 0xE4, 0x5E, 0x5C, 0xDB, 0xC6, 0x15, 0x5F, 0x97, 0xE8,
    0xEA, 0x1B, 0x9B, 0x18, 0x13, 0xEF, 0x69, 0x94, 0xF0, 0x71, 0x6C, 0x89, 0x28, 0x4A, 0xAF, 0xF8,
    0x44, 0xF6, 0x0B, 0x24, 0xC0, 0xDE, 0xF7, 0x01, 0x8F, 0xEF, 0x2F, 0xCF, 0xD1, 0x74, 0x6C, 0x56,
    0xDD, 0x61, 0xBE, 0x57, 0xDE, 0x46, 0x4E, 0xB0, 0x03, 0x1A, 0xDC, 0x41, 0xB8, 0x9D, 0xAF, 0x68,
    0x92, 0x70, 0x62, 0xFB, 0x68, 0x6D, 0x51, 0x05, 0xE8, 0x01, 0x80, 0xE4, 0x5E, 0x01, 0xB3, 0xF7,
    0x8E, 0xBD, 0xA7, 0x3C, 0x34, 0xAB, 0x44, 0x3F, 0xFA, 0x9C, 0x7E, 0x20, 0xBD, 0x07, 0x5A, 0x96,
    0x62, 0xF0, 0x35, 0x8B, 0x61, 0x8B, 0x13, 0x2A, 0xDF, 0x89, 0x73, 0x38, 0x12, 0x53, 0xC6, 0x2A,
    0x54, 0xB2, 0x1A, 0x65, 0x45, 0xD8, 0x04, 0xEB, 0x07, 0x9C, 0xA1, 0xC8, 0x6B, 0x0C, 0x9B, 0x89,
    0x1A, 0xFC, 0x60, 0x33, 0x62, 0xAC, 0x16, 0x33, 0xE9, 0x94, 0xCF, 0x37, 0xDD, 0x4F, 0x56, 0x54,
    0xB4, 0x2A, 0x0A, 0x00, 0xF9, 0x8A, 0x9C, 0xBC, 0x7C, 0x7C, 0x11, 0xFF, 0x3F, 0x19, 0xF5, 0x79,
    0xDC, 0xAC, 0x16, 0xB9, 0x26, 0xBF, 0xC1, 0x57, 0xFB, 0x88, 0xE9, 0x8E, 0xF1, 0xB2, 0xF6, 0x17,
    0x8B, 0xA4, 0x8B, 0x47, 0x16, 0x49, 0x97, 0xF1, 0x72, 0x91, 0x74, 0x73, 0xB9, 0x48, 0xFA, 0x5D,
    0x1C, 0xAB, 0x37, 0x4B, 0x8F, 0x32, 0x2F, 0xDE, 0x6C, 0x3C, 0x54, 0x5E, 0xBB, 0xD9, 0x4E, 0xD0,
    0x73, 0xF7, 0x91, 0x35, 0x32, 0x83, 0x86, 0xA1, 0x3F, 0x37, 0x33, 0x8F, 0x29, 0x03, 0x60, 0x8A,
    0x50, 0xC9, 0xC2, 0xCD, 0x78, 0xB1, 0x6E, 0x33, 0x20, 0xAF, 0x4B, 0x7C, 0x04, 0x2F, 0xC5, 0x81,
    0xCB, 0xB5, 0xF6, 0x8C, 0x57, 0xDC, 0x2D, 0xD9, 0x3C, 0xA3, 0x38, 0x56, 0x6C, 0x0E, 0x28, 0x3D,
    0xE7, 0xE6, 0x64, 0xC1, 0xA6, 0xAD, 0x97, 0xBC, 0x5E, 0x93, 0x57, 0x16, 0xE5, 0xE5, 0x9A, 0x15,
    0x91, 0x3D, 0x16, 0x68, 0x0E, 0x2B, 0x32, 0x16, 0x5E, 0x97, 0x6B, 0x35, 0xEF, 0xC8, 0x89, 0x1D,
    0x71, 0x30, 0xCC, 0x2B, 0x35, 0x85, 0xE6, 0xE5, 0x42, 0x4D, 0xE1, 0xFA, 0xDE, 0xC5, 0x3A, 0x4D,
    0x21, 0x7C, 0xB9, 0x4C, 0x33, 0x3E, 0x5C, 0xA5, 0x19, 0xF0, 0x60, 0x91, 0x66, 0xC0, 0x83, 0x35,
    0x9A, 0x01, 0x9F, 0x5A, 0xA2, 0xF9, 0x60, 0x85, 0xE6, 0x8A, 0x07, 0x0B, 0x34, 0xB3, 0x26, 0xC7,
    0xFA, 0xCC, 0x43, 0x98, 0x63, 0x79, 0xE6, 0xA1, 0x8E, 0x44, 0xD4, 0x06, 0x2C, 0xD1, 0xBD, 0xC5,
    0x99, 0x87, 0x4E, 0x79, 0x6D, 0xE6, 0x21, 0xD6, 0xB1, 0x34, 0x73, 0x62, 0xA5, 0xE6, 0x94, 0x6B,
    0xA1, 0x08, 0xE5, 0x64, 0x0D, 0xB4, 0xAC, 0xA7, 0x9A, 0xB6, 0x12, 0x5F, 0xBB, 0x6F, 0x6F, 0xBD,
    0x01, 0x0C, 0x88, 0xC2, 0xCA, 0xDC, 0xE9, 0x14, 0xB9, 0xFE, 0xF5, 0x02, 0x62, 0xDB, 0xCC, 0xD0,
    0x6C, 0xD5, 0xB4, 0x5B, 0x0B, 0xBD, 0xEE, 0x76, 0x63, 0xC1, 0x76, 0x18, 0x50, 0xF2, 0x79, 0x91,
    0xEB, 0x5C, 0xB9, 0x52, 0x5A, 0x13, 0xF1, 0xE4, 0xEB, 0x54, 0xC3, 0x19, 0x86, 0xD0, 0x12, 0xF5,
    0xD2, 0x71, 0xA6, 0x6E, 0x02, 0xE7, 0x41, 0xF0, 0x4F, 0x65, 0xF1, 0xCC, 0xDA, 0x90, 0x17, 0x77,
    0x68, 0x29, 0x88, 0xD5, 0xEF, 0xEF, 0x16, 0x01, 0x2C, 0x0F, 0xDB, 0x7A, 0x13, 0x5A, 0xBF, 0x15,
    0xC0, 0x93, 0x7D, 0xDD, 0xAB, 0x05, 0x20, 0x9A, 0x14, 0xCD, 0x40, 0x17, 0x51, 0x52, 0xFF, 0x28,
    0xCF, 0xEB, 0xCC, 0xB3, 0x4B, 0x3C, 0x8B, 0xFF, 0xE8, 0x07, 0xE6, 0x39, 0x44, 0xF1, 0xEC, 0x82,
    0x48, 0x78, 0x56, 0x6B, 0x9D, 0x78, 0x3A, 0x98, 0xCF, 0xC0, 0xD3, 0xEF, 0x3C, 0x5D, 0x9D, 0x78,
    0xFE, 0xF9, 0xDB, 0xF1, 0xB4, 0xB0, 0xE8, 0x2B, 0xD1, 0x24, 0xCF, 0xD8, 0x6F, 0x92, 0x05, 0xF4,
    0x8B, 0xC1, 0x36, 0x0E, 0x58, 0xA1, 0x66, 0x9E, 0xB5, 0xF2, 0x5F, 0xAB, 0x5D, 0x11, 0x24, 0xD9,
    0xE1, 0xC0, 0x96, 0xBE, 0x2B, 0xD6, 0x77, 0x2F, 0xC5, 0x3A, 0xF5, 0x72, 0xE1, 0xEF, 0x17, 0xF5,
    0x7E, 0xA8, 0x3C, 0x8A, 0x68, 0x7E, 0x44, 0x69, 0x96, 0x0B, 0x66, 0x9F, 0xE5, 0x6A, 0x63, 0x4A,
    0x1A, 0xCC, 0x29, 0x6D, 0xDD, 0x50, 0x40, 0xC5, 0xA0, 0xBD, 0x89, 0x68, 0x18, 0xE8, 0xDE, 0x40,
    0x09, 0xE0, 0x7F, 0x19, 0xAC, 0x01, 0x5F, 0x44, 0xC7, 0x01, 0x20, 0x27, 0x88, 0xD4, 0xA2, 0xCD,
    0xCC, 0x09, 0xA2, 0x9A, 0x7D, 0x44, 0x12, 0x44, 0x44, 0x3E, 0x25, 0x88, 0x5E, 0x33, 0x7B, 0x3A,
    0x08, 0xFA, 0x51, 0xC0, 0x09, 0x22, 0x01, 0x92, 0x10, 0x33, 0x8F, 0x27, 0x88, 0xD2, 0x43, 0xEB,
    0x75, 0x77, 0x44, 0x0D, 0x09, 0x8C, 0x3B, 0xE8, 0x28, 0x26, 0xD0, 0x1C, 0x99, 0xC9, 0x6F, 0x30,
    0x4F, 0xD9, 0xEA, 0x0C, 0xAA, 0x04, 0xBA, 0xB1, 0x4D, 0x40, 0x13, 0x4D, 0xF9, 0x57, 0xBD, 0x00,
    0x9E, 0x6C, 0xCB, 0x53, 0x47, 0xDF, 0x3E, 0xE6, 0x8D, 0x42, 0x9E, 0x34, 0x2A, 0x28, 0xCD, 0x18,
    0x71, 0x63, 0x8E, 0x79, 0xBA, 0x48, 0x96, 0xF6, 0xA7, 0xB9, 0xA2, 0x39, 0x4F, 0x14, 0xD5, 0x9F,
    0x79, 0x0D, 0xE7, 0xDD, 0x2F, 0x8C, 0x20, 0x59, 0xC3, 0xD9, 0xA7, 0x37, 0x5C, 0x35, 0xC9, 0xDB,
    0x84, 0x3C, 0x1D, 0x94, 0xDB, 0x0C, 0xCC, 0x0D, 0xF5, 0x95, 0x63, 0x9F, 0xEC, 0x68, 0x05, 0x2C,
    0x4B, 0xA3, 0x99, 0xBB, 0x04, 0x7C, 0x34, 0x9A, 0x51, 0xA2, 0xBE, 0xE7, 0x22, 0x2E, 0x87, 0x7E,
    0x2F, 0x3D, 0x9A, 0x59, 0x0A, 0x2F, 0xF9, 0x6E, 0x8F, 0xA3, 0x09, 0xED, 0xCB, 0x05, 0xB5, 0x63,
    0x36, 0xFA, 0x3B, 0x7C, 0x5F, 0x54, 0x1E, 0x06, 0x2B, 0x3A, 0x9B, 0xA2, 0xC3, 0x67, 0x18, 0x00,
    0xFC, 0xE1, 0xA6, 0xC9, 0xDF, 0xDD, 0xFE, 0x1D, 0xDB, 0xA1, 0xD5, 0xBB, 0x59, 0xAB, 0xE2, 0x4E,
    0xAB, 0x78, 0xCC, 0xAE, 0xE9, 0xFE, 0x11, 0xAD, 0xA6, 0x83, 0xF9, 0xFF, 0xDB, 0x7A, 0xD7, 0xAC,
    0xD5, 0x98, 0xB5, 0x4A, 0xB3, 0xD8, 0xA2, 0xD5, 0xB2, 0xA1, 0xD7, 0xE8, 0x86, 0x64, 0x35, 0xD1,
    0x3C, 0x10, 0x6B, 0xF5, 0x42, 0x51, 0xDC, 0xE3, 0x4E, 0x3D, 0x99, 0x65, 0xE8, 0x5B, 0x0B, 0x9C,
    0xD1, 0x4D, 0xED, 0xA8, 0x26, 0x20, 0x20, 0xAD, 0x63, 0xCD, 0xA8, 0x7A, 0x1C, 0x21, 0x1E, 0xE7,
    0x0D, 0x8C, 0x64, 0xBD, 0xAB, 0xE6, 0x23, 0xD1, 0x58, 0x48, 0xD2, 0xB6, 0x94, 0x7B, 0x54, 0x3D,
    0xF7, 0x6C, 0x7F, 0xA1, 0x10, 0x0A, 0xFA, 0x24, 0xCB, 0x54, 0x7A, 0xC9, 0xC9, 0xD9, 0x5D, 0xAB,
    0x32, 0x02, 0xC3, 0xAD, 0x71, 0x59, 0xB0, 0xA1, 0x07, 0xA1, 0x0A, 0x59, 0xB5, 0xCE, 0x96, 0xCC,
    0xEC, 0x98, 0x92, 0x9C, 0x2A, 0x0F, 0x9C, 0xEF, 0xD6, 0x0B, 0x57, 0x5C, 0x9B, 0x43, 0x26, 0x29,
    0xEA, 0xDF, 0xAA, 0x78, 0x08, 0x9B, 0x8A, 0x77, 0xEA, 0x4A, 0xF1, 0x4E, 0x62, 0x29, 0x76, 0x53,
    0xF6, 0x49, 0x29, 0xEE, 0xD3, 0x94, 0x37, 0x74, 0x75, 0x7D, 0xBB, 0x75, 0xDF, 0x3C, 0x51, 0xB9,
    0x6F, 0x69, 0xAA, 0xB2, 0x3E, 0x8A, 0x97, 0x7D, 0xAB, 0x3E, 0xFC, 0xE5, 0xA3, 0xDC, 0xB7, 0x32,
    0xFD, 0x3B, 0xE6, 0x89, 0xF4, 0xEF, 0xBA, 0x3E, 0xDA, 0x3C, 0xE2, 0x2F, 0x77, 0x3C, 0x98, 0xC2,
    0x6B, 0x5F, 0x33, 0x37, 0x04, 0xAE, 0xBD, 0xA1, 0x81, 0x56, 0xA4, 0xF9, 0xBF, 0xFF, 0x91, 0x1E,
    0x3D, 0xEA, 0xC3, 0xD6, 0xED, 0x39, 0x9E, 0xBE, 0x4A, 0xD1, 0x12, 0x9E, 0x7D, 0x51, 0x26, 0x98,
    0x00, 0x10, 0xCD, 0xEC, 0x1F, 0x82, 0x96, 0x1D, 0xC5, 0xB7, 0xC3, 0x8E, 0x02, 0xC2, 0x8A, 0x96,
    0xD1, 0x59, 0xD6, 0x35, 0xF4, 0x29, 0x53, 0xA4, 0x6F, 0x28, 0x25, 0x66, 0x5D, 0x4B, 0xE1, 0xC8,
    0x14, 0x4D, 0x90, 0xAD, 0x30, 0xB1, 0x4F, 0xA8, 0x25, 0x5A, 0x12, 0x32, 0xAF, 0x28, 0xB2, 0x65,
    0x65, 0xCE, 0xC3, 0xC8, 0x88, 0xAB, 0x22, 0x57, 0x4E, 0x51, 0xEC, 0x2C, 0x29, 0xFB, 0x19, 0xBA,
    0x71, 0x92, 0xB3, 0x9F, 0x60, 0x2A, 0xB7, 0x27, 0xED, 0xD7, 0x34, 0x33, 0xC1, 0x6B, 0x30, 0xD2,
    0x3C, 0x8B, 0x92, 0x31, 0x35, 0xF9, 0xB5, 0x9A, 0x33, 0xD2, 0xE3, 0x8E, 0x7E, 0x14, 0x45, 0xBF,
    0x76, 0x54, 0xFF, 0xCD, 0xEF, 0x73, 0x15, 0xA7, 0x8F, 0x6E, 0x8F, 0x99, 0x97, 0x34, 0xF9, 0x92,
    0x11, 0x2E, 0xB7, 0x3C, 0x31, 0x9D, 0xB0, 0x91, 0x19, 0x6B, 0x81, 0x15, 0x5D, 0x47, 0x3A, 0x05,
    0xC1, 0x8D, 0xB8, 0x41, 0xE2, 0xA3, 0xA6, 0xBB, 0xDC, 0x75, 0x67, 0xD3, 0xAC, 0x38, 0x33, 0xD1,
    0x7D, 0x9A, 0x2E, 0x67, 0x2E, 0x7A, 0x9F, 0x5A, 0x64, 0x36, 0x19, 0x33, 0x9F, 0x8C, 0x99, 0x51,
    0xC6, 0x81, 0xCF, 0x1B, 0x19, 0xB7, 0x82, 0x5B, 0xCB, 0x58, 0x8F, 0xC2, 0x6B, 0x66, 0x3C, 0x80,
    0x99, 0xD5, 0x0B, 0xE3, 0x08, 0xE6, 0x76, 0xBD, 0x6E, 0xB8, 0x0A, 0x48, 0xEC, 0x36, 0xDC, 0x38,
    0x08, 0xBF, 0xC0, 0xC7, 0x2D, 0x1E, 0x6E, 0x29, 0x8B, 0x72, 0x7F, 0x10, 0x29, 0xE8, 0xC6, 0x2C,
    0x89, 0xE9, 0xCA, 0x1F, 0xE1, 0xE6, 0x00, 0x12, 0xD4, 0x5A, 0x61, 0xC4, 0xBC, 0x46, 0xE6, 0x29,
    0xAC, 0x7A, 0xA0, 0xCD, 0x9C, 0xEE, 0x18, 0xDD, 0xF1, 0xC9, 0x6C, 0x7A, 0x64, 0x2E, 0xFC, 0xDB,
    0xC4, 0x84, 0xAF, 0x27, 0x3C, 0x2A, 0x87, 0x9D, 0xC5, 0x55, 0x40, 0x7D, 0x70, 0xC8, 0x0C, 0x68,
    0xAC, 0x7C, 0x72, 0x16, 0x95, 0x7C, 0x98, 0x19, 0x89, 0xA2, 0x40, 0xFB, 0x6F, 0xB3, 0x0F, 0xEB,
    0xE4, 0xC3, 0x82, 0x96, 0x8C, 0xBE, 0x13, 0x32, 0xC2, 0x86, 0xDA, 0x1D, 0x45, 0x61, 0x80, 0xEE,
    0xFD, 0x30, 0x8C, 0xC2, 0x4D, 0xD1, 0xA2, 0x49, 0xF8, 0x56, 0x34, 0x37, 0xC9, 0x5F, 0x99, 0xE8,
    0x3F, 0x03, 0x4A, 0x1A, 0x3B, 0x72, 0xC3, 0xAB, 0x10, 0xB1, 0x06, 0x9C, 0xFF, 0x14, 0x03, 0xA0,
    0x7F, 0xC7, 0x4F, 0x4D, 0xE8, 0x68, 0x1A, 0x4E, 0x2E, 0x56, 0x5E, 0x12, 0xB2, 0xFC, 0xC1, 0xEF,
    0xF8, 0x79, 0x07, 0xB2, 0x52, 0x5A, 0x93, 0x07, 0xA9, 0x15, 0xA1, 0x26, 0xFE, 0xEB, 0xD7, 0xE6,
    0xA3, 0xD1, 0x9C, 0x7E, 0x66, 0x35, 0x29, 0xDB, 0x04, 0xD6, 0xE2, 0xF7, 0xF7, 0xC7, 0xF7, 0x54,
    0xFB, 0x3D, 0xCD, 0xA3, 0xF7, 0xFC, 0xAA, 0x6D, 0xD6, 0xDF, 0xEF, 0x3D, 0xDB, 0x15, 0x8A, 0xC6,
    0xCF, 0x99, 0x49, 0x26, 0xFB, 0xEE, 0x3E, 0x32, 0xF8, 0xCF, 0x68, 0xA6, 0xD4, 0x85, 0xD0, 0xF6,
    0x92, 0x4C, 0x9D, 0x5A, 0xF2, 0xFA, 0xCD, 0xF5, 0x2C, 0x2B, 0xD7, 0xD3, 0x27, 0xC2, 0x0C, 0xDF,
    0x59, 0x3B, 0xF2, 0x0D, 0xCD, 0x78, 0x82, 0x76, 0x45, 0xFB, 0x99, 0x2E, 0x38, 0x42, 0xF7, 0x72,
    0xC1, 0x45, 0x3F, 0x5F, 0x0D, 0x0C, 0x3D, 0xA7, 0x5F, 0x13, 0xFD, 0x8A, 0x7E, 0x16, 0xBE, 0xD0,
    0x0D, 0x6F, 0xAE, 0x3A, 0x5F, 0x10, 0x55, 0x48, 0xA1, 0x54, 0xEA, 0xC0, 0xE8, 0xFA, 0xFB, 0xAD,
    0xDF, 0xB3, 0xBF, 0x72, 0x97, 0x3E, 0xEE, 0xE8, 0x25, 0x70, 0x5D, 0x8B, 0xAF, 0xC7, 0x96, 0x68,
    0x20, 0x5E, 0x98, 0x24, 0x55, 0x1D, 0x56, 0xAC, 0xE6, 0x3A, 0x74, 0xE4, 0xE4, 0x9D, 0x05, 0x26,
    0x67, 0x22, 0x4A, 0x9F, 0x63, 0xC1, 0x9A, 0x77, 0xCD, 0x2C, 0x7D, 0xE2, 0x91, 0xDD, 0x24, 0xDF,
    0xE6, 0xF3, 0xAA, 0x25, 0xFF, 0x56, 0xAE, 0x92, 0xFA, 0xD2, 0x90, 0x06, 0x85, 0xA2, 0xFF, 0x7C,
    0x37, 0x76, 0xBF, 0xA2, 0xD6, 0x1A, 0x5E, 0x68, 0x16, 0xBB, 0x7F, 0xF7, 0x81, 0x0D, 0x6D, 0xBD,
    0xED, 0x5E, 0x2B, 0x9E, 0x5A, 0x03, 0x98, 0x5E, 0xCB, 0x7F, 0xDA, 0x22, 0xF2, 0xF2, 0x74, 0xFF,
    0xED, 0x79, 0xF2, 0x9D, 0x99, 0x27, 0x30, 0xFC, 0x69, 0x6E, 0x8C, 0x15, 0x66, 0x78, 0x2B, 0x6A,
    0x0A, 0x49, 0xBB, 0xDF, 0xB1, 0x63, 0x7D, 0xE1, 0xC9, 0x60, 0x88, 0x0C, 0x51, 0x11, 0x20, 0x89,
    0x8F, 0x1C, 0x3A, 0x5A, 0xAE, 0x8B, 0x9C, 0xC4, 0x7C, 0x39, 0x82, 0x93, 0x4F, 0xB8, 0xFF, 0x59,
    0xF9, 0x2B, 0xE9, 0xE0, 0x33, 0x14, 0xB9, 0x92, 0x1C, 0x47, 0xD3, 0x66, 0x29, 0x69, 0x46, 0x43,
    0xD4, 0x52, 0x44, 0x77, 0x6B, 0xE8, 0x86, 0xC6, 0xE1, 0x1D, 0x15, 0x1A, 0x9A, 0x88, 0xFE, 0xD8,
    0x6B, 0x92, 0x6C, 0xB0, 0x39, 0xB9, 0x55, 0x7D, 0xEC, 0x7C, 0xE9, 0x96, 0xEA, 0x63, 0xB7, 0x14,
    0xCE, 0xD7, 0x5B, 0xA9, 0x72, 0xC3, 0xE9, 0xE7, 0xDB, 0x77, 0x73, 0x47, 0x2F, 0x9D, 0x26, 0xDB,
    0xC4, 0xCA, 0x35, 0x11, 0xFB, 0x35, 0xF3, 0x45, 0xD3, 0x55, 0xCD, 0x08, 0xBE, 0x6C, 0x4D, 0x13,
    0xD2, 0x75, 0x03, 0xE4, 0xC2, 0xD7, 0xD4, 0xF3, 0x95, 0x43, 0x49, 0x56, 0x2E, 0x5D, 0xFE, 0x7A,
    0xE6, 0x6B, 0x33, 0xE6, 0x8B, 0xC7, 0xD3, 0x4F, 0x9D, 0x5C, 0x7D, 0xFB, 0x93, 0xCB, 0xAF, 0xF5,
    0x0C, 0xD9, 0x4A, 0xFB, 0x7F, 0x00, 0xBD, 0x95, 0x31, 0x8C, 0xDD, 0xC4, 0x16, 0x86, 0x7F, 0x7B,
    0xDE, 0xAE, 0x0B, 0x4B, 0x6F, 0xBA, 0x27, 0xBD, 0xCA, 0x2D, 0x4A, 0xE3, 0x5E, 0x5A, 0x69, 0x1C,
    0xA5, 0x97, 0x22, 0x01, 0x42, 0xF4, 0xE9, 0xB7, 0x6F, 0xE2, 0x2B, 0x51, 0xA4, 0x64, 0x0B, 0xA0,
    0xA6, 0xA0, 0x61, 0xB7, 0xB8, 0x94, 0x34, 0x59, 0x1B, 0x6E, 0x49, 0x63, 0x85, 0x5E, 0x58, 0x0A,
    0xD5, 0xA6, 0x19, 0x58, 0x4B, 0x98, 0x65, 0xAE, 0x0F, 0x9E, 0xE3, 0xFB, 0x6B, 0x2F, 0x9B, 0x24,
    0x0A, 0xE2, 0x86, 0x59, 0xCF, 0xFC, 0xBA, 0xF6, 0xCC, 0xAC, 0x7F, 0x9F, 0x39, 0xE7, 0x03, 0x1A,
    0x39, 0x03, 0x90, 0x89, 0x48, 0x05, 0x14, 0x37, 0x17, 0xD2, 0x02, 0x6E, 0x85, 0xBC, 0x9A, 0x05,
    0xDA, 0x28, 0xBD, 0x8A, 0x15, 0xE9, 0x01, 0xA4, 0x22, 0x13, 0x00, 0x1C, 0x9D, 0x4B, 0xB5, 0x3C,
    0x6E, 0x55, 0xEC, 0xAD, 0xFC, 0x07, 0x28, 0x66, 0x71, 0x55, 0xDC, 0x0F, 0xF5, 0x74, 0x21, 0x00,
    0x0A, 0x5D, 0x97, 0xCA, 0xDC, 0xC6, 0xB8, 0x57, 0x2D, 0x02, 0xD7, 0x95, 0x52, 0xD5, 0xED, 0xE3,
    0x47, 0x79, 0xC8, 0xA5, 0x13, 0xF9, 0x64, 0x70, 0xE2, 0x45, 0x7E, 0xF4, 0xCD, 0xDA, 0x6F, 0xED,
    0xB5, 0x1F, 0x53, 0x3F, 0x98, 0x6B, 0x3F, 0x24, 0x7E, 0xCC, 0xE6, 0x5F, 0xC6, 0xD7, 0xEB, 0xE7,
    0xF3, 0xB3, 0xBE, 0x94, 0x8D, 0x77, 0xD2, 0xE6, 0x93, 0xF1, 0xF9, 0x16, 0xC0, 0x29, 0xAD, 0xC4,
    0x1F, 0xC5, 0x74, 0x21, 0xF1, 0xDF, 0xB6, 0x70, 0x1D, 0x30, 0x01, 0xB9, 0x47, 0x12, 0x00, 0x33,
    0xC0, 0x8C, 0x40, 0x1A, 0x60, 0x3C, 0x80, 0xD7, 0x48, 0xAA, 0x53, 0xB8, 0x60, 0x59, 0xCE, 0xCD,
    0x74, 0xEB, 0x0A, 0xC8, 0xDF, 0xA1, 0x95, 0x4C, 0x46, 0x00, 0x68, 0x24, 0x7A, 0x30, 0x72, 0xD5,
    0x74, 0x80, 0x1D, 0xF5, 0x25, 0xCA, 0x0E, 0xC6, 0x6B, 0x8C, 0xB2, 0x59, 0x6A, 0xBD, 0x81, 0x4B,
    0x38, 0xA9, 0x80, 0x2D, 0x5C, 0x5C, 0x1D, 0x70, 0x4F, 0x56, 0x51, 0x60, 0x7B, 0x95, 0xCC, 0xAB,
    0x98, 0x5B, 0xD9, 0x2E, 0x8E, 0x2E, 0x71, 0x2F, 0x6E, 0x5D, 0xA3, 0x89, 0x0B, 0x9A, 0xA1, 0x91,
    0x3E, 0xFA, 0x2A, 0x64, 0x42, 0x79, 0xD3, 0xC8, 0x95, 0xAC, 0xEA, 0x47, 0x76, 0xB1, 0xF2, 0x64,
    0xFC, 0xFB, 0x56, 0x26, 0x00, 0xC7, 0x12, 0x47, 0xD4, 0x7A, 0x6E, 0x52, 0xB9, 0x5A, 0x8F, 0x40,
    0x3E, 0xEA, 0xA7, 0x2D, 0x3A, 0x15, 0xB7, 0x2A, 0x65, 0x96, 0x3A, 0x11, 0x89, 0xAF, 0x64, 0xA6,
    0xAF, 0xA3, 0x15, 0x8D, 0x04, 0x82, 0x19, 0x55, 0x52, 0x59, 0x1C, 0x35, 0x32, 0x44, 0x39, 0xBA,
    0x08, 0x51, 0x80, 0x28, 0x89, 0xEE, 0xF2, 0xD4, 0xDC, 0x5C, 0x8C, 0x40, 0xFD, 0x7E, 0xDC, 0x25,
    0x91, 0xE9, 0x74, 0x89, 0xCA, 0x4F, 0xB7, 0x51, 0xB9, 0xFC, 0x20, 0x46, 0xA5, 0x3F, 0xD0, 0x01,
    0x2B, 0x6F, 0x44, 0xBF, 0x59, 0x55, 0x9E, 0xF6, 0xC0, 0x16, 0xF6, 0x07, 0x8F, 0x34, 0xC0, 0x6E,
    0x46, 0x98, 0x11, 0xF6, 0x7B, 0x3D, 0x4B, 0x65, 0xAB, 0xE2, 0x2A, 0x95, 0x06, 0x51, 0x92, 0xAD,
    0x8A, 0x19, 0x55, 0x6C, 0xAF, 0x52, 0xAF, 0xA2, 0xFC, 0x3A, 0x21, 0x8A, 0x4C, 0xE7, 0xE7, 0x51,
    0xE6, 0xB6, 0x2F, 0x76, 0x96, 0xE2, 0xF7, 0x46, 0xBE, 0x90, 0xCA, 0x55, 0x36, 0x24, 0xEB, 0xF6,
    0x52, 0xB2, 0xB1, 0x8C, 0x8E, 0x36, 0xBE, 0x16, 0x2F, 0xEB, 0x6B, 0xBF, 0xCD, 0xFC, 0x90, 0x2D,
    0x56, 0xA2, 0xA3, 0xD4, 0x3F, 0xCD, 0xE3, 0xCD, 0xDE, 0xCD, 0x6E, 0x6B, 0x69, 0xAD, 0x3C, 0xF0,
    0x85, 0x20, 0x79, 0x94, 0x7E, 0x99, 0x3C, 0x04, 0xB3, 0x7F, 0x39, 0xC9, 0x9A, 0xA2, 0x2D, 0x20,
    0x15, 0x0A, 0x0F, 0x13, 0x50, 0xDC, 0x8C, 0xC8, 0x3C, 0x44, 0x02, 0x6C, 0x6F, 0x64, 0x3D, 0xC1,
    0xB6, 0xD9, 0x00, 0x99, 0xC5, 0xF6, 0x70, 0x51, 0xBA, 0x45, 0xDA, 0x28, 0xBD, 0x4A, 0xE6, 0x67,
    0x69, 0x60, 0x42, 0xDE, 0x63, 0x42, 0x22, 0xC6, 0xA7, 0x01, 0x68, 0x9E, 0x4D, 0xEB, 0x01, 0x70,
    0x6D, 0x3C, 0x60, 0xA9, 0x84, 0xE2, 0xF0, 0x29, 0x53, 0xAA, 0x15, 0x23, 0x12, 0x00, 0xD8, 0x25,
    0x45, 0x5D, 0x87, 0x3A, 0x3A, 0x02, 0x2C, 0xB3, 0x7F, 0x49, 0xED, 0x51, 0xD3, 0x3A, 0x79, 0x43,
    0x11, 0x48, 0x02, 0x67, 0xDE, 0x2D, 0x02, 0x2B, 0xCD, 0xB8, 0xD2, 0x43, 0x2A, 0xBD, 0x33, 0x21,
    0x66, 0x4E, 0x2A, 0x3D, 0xB2, 0xBF, 0x64, 0x8E, 0xFB, 0x4A, 0x63, 0xD4, 0xC8, 0x13, 0x8D, 0x91,
    0x06, 0x40, 0x1D, 0x6D, 0x8F, 0xE9, 0x88, 0x31, 0x8A, 0x37, 0xF3, 0xD7, 0xC4, 0xE8, 0x1B, 0x14,
    0x13, 0x80, 0x00, 0xFD, 0x74, 0x63, 0x2A, 0xEB, 0x01, 0x66, 0x30, 0xA3, 0x56, 0x30, 0xE3, 0x41,
    0x89, 0x37, 0x7D, 0x7C, 0xEB, 0x90, 0x8C, 0x66, 0x04, 0x04, 0x41, 0x5F, 0xF7, 0xE7, 0xC7, 0x31,
    0xC3, 0x8B, 0xA5, 0xC0, 0xA7, 0xB2, 0x14, 0x96, 0xA3, 0xF5, 0x5E, 0xB9, 0x3E, 0x42, 0x11, 0xC5,
    0x5E, 0x35, 0x2B, 0xE8, 0xCC, 0x8F, 0xF7, 0xCB, 0xDA, 0xFA, 0x50, 0x31, 0xE2, 0x71, 0x23, 0x6D,
    0x88, 0x1B, 0xF2, 0x86, 0xA4, 0xA1, 0x12, 0x39, 0x64, 0x0E, 0xA1, 0x43, 0xEA, 0x10, 0x3B, 0x34,
    0x42, 0x25, 0x79, 0x88, 0x1E, 0xB2, 0x87, 0xF0, 0xA1, 0x37, 0x1E, 0x40, 0xBA, 0x43, 0xB4, 0x97,
    0x49, 0x8F, 0xC5, 0xDF, 0x04, 0x35, 0x78, 0x2E, 0xAB, 0xE8, 0x30, 0x24, 0xD2, 0x2D, 0x16, 0xFF,
    0xD8, 0x79, 0xBC, 0x56, 0x93, 0xD3, 0xDC, 0xD5, 0xE5, 0xDC, 0x97, 0x92, 0x97, 0x79, 0x68, 0x4B,
    0x3B, 0x16, 0x0C, 0x56, 0x8C, 0x1D, 0x93, 0xC8, 0x11, 0x9E, 0x28, 0x1E, 0x30, 0x72, 0x89, 0xA7,
    0xF0, 0x75, 0x4A, 0x38, 0x81, 0xEB, 0xB8, 0x0F, 0xF7, 0x25, 0xA0, 0x90, 0xBF, 0xC1, 0xEF, 0xE9,
    0xE2, 0xF7, 0x78, 0xE7, 0xB7, 0x3C, 0x80, 0x5F, 0x62, 0x8B, 0xDC, 0x22, 0xB8, 0x48, 0x2E, 0xA2,
    0x8B, 0xEC, 0x22, 0xBC, 0x48, 0x2F, 0xE2, 0x8B, 0xFC, 0x22, 0xC0, 0x48, 0xB0, 0xBB, 0xDF, 0x82,
    0x10, 0x23, 0xC5, 0x88, 0x31, 0x34, 0x63, 0x23, 0xBD, 0xDA, 0x3F, 0x95, 0x09, 0x28, 0x35, 0xBE,
    0xAB, 0x5D, 0x7C, 0xBB, 0x5D, 0x7C, 0xB7, 0xF4, 0x5B, 0xED, 0xFC, 0xB6, 0x3B, 0xBF, 0xFD, 0xDB,
    0xFA, 0x25, 0xDB, 0x08, 0x37, 0xD2, 0x8D, 0x78, 0x23, 0xDF, 0x08, 0x38, 0x12, 0x8E, 0x88, 0x23,
    0xE3, 0x08, 0x39, 0x52, 0x8E, 0x98, 0x23, 0xE7, 0xC0, 0xBE, 0x90, 0x8E, 0xA8, 0x23, 0xEB, 0x08,
    0x3B, 0xD2, 0x0E, 0x8C, 0x6F, 0xE4, 0xDD, 0xB1, 0x78, 0xC6, 0xF7, 0xD0, 0xE7, 0x99, 0x08, 0x24,
    0x03, 0x09, 0x41, 0x52, 0x90, 0x18, 0x24, 0x07, 0x09, 0x42, 0x92, 0x90, 0x28, 0x24, 0x0B, 0x09,
    0x43, 0xD2, 0x90, 0x38, 0x24, 0x0F, 0x49, 0xC2, 0x7D, 0xB5, 0xB2, 0x05, 0x99, 0x88, 0x08, 0x45,
    0x44, 0xDF, 0x92, 0x8D, 0x56, 0x46, 0x88, 0xFA, 0x10, 0x44, 0x2E, 0x4E, 0xF7, 0xA5, 0x1D, 0xA2,
    0xCF, 0x18, 0x5F, 0xAD, 0xBA, 0xBF, 0x2D, 0x68, 0x9C, 0xFB, 0x52, 0x77, 0x37, 0x3E, 0x16, 0xDE,
    0x72, 0xEE, 0x5A, 0x79, 0x3F, 0xCB, 0x7A, 0x2C, 0xAD, 0x62, 0xDD, 0x62, 0x3E, 0xED, 0x40, 0x49,
    0x52, 0x12, 0x95, 0x64, 0x25, 0x61, 0x49, 0x5A, 0x12, 0x97, 0xE4, 0x25, 0x81, 0x49, 0x62, 0x12,
    0x99, 0x64, 0x26, 0xA1, 0x49, 0x6A, 0x12, 0x9B, 0xE4, 0xE6, 0x2B, 0xF3, 0x38, 0x3B, 0x68, 0x1E,
    0x2B, 0x4B, 0x09, 0x53, 0xD2, 0x94, 0x38, 0x25, 0x4F, 0x59, 0x7F, 0xC8, 0x49, 0x22, 0xF5, 0x8D,
    0xF5, 0x2B, 0x09, 0x9C, 0xFF, 0x52, 0xFD, 0x22, 0x5A, 0xC9, 0x56, 0xC2, 0x95, 0x74, 0x25, 0x5E,
    0xC9, 0x57, 0x44, 0xC0, 0xE2, 0xB4, 0x43, 0x24, 0xAC, 0x95, 0xA0, 0xBE, 0x9D, 0x2C, 0xF9, 0xAC,
    0xF1, 0x36, 0xFB, 0xF1, 0xBE, 0xDE, 0x61, 0xF6, 0xF9, 0x9D, 0x78, 0x9B, 0x25, 0xDE, 0x67, 0x7B,
    0xF1, 0x5E, 0x90, 0x4B, 0xE6, 0x12, 0xBA, 0xA4, 0x2E, 0x79, 0x4B, 0x25, 0x78, 0x49, 0x5E, 0xA2,
    0x97, 0xEC, 0x25, 0x7C, 0x49, 0x5F, 0xE2, 0x97, 0xB8, 0x22, 0x80, 0x49, 0x60, 0x22, 0x78, 0xBF,
    0x6E, 0xAF, 0xEF, 0xC4, 0xFB, 0xA0, 0x79, 0xFD, 0x18, 0xA2, 0x7F, 0xEF, 0x21, 0xBC, 0xBA, 0x19,
    0xFF, 0x0F, 0x2F, 0xC4, 0xF6, 0x76, 0xF2, 0x7F, 0x95, 0x4C, 0x86, 0x28, 0xD1, 0x9D, 0x96, 0x83,
    0xA6, 0x9A, 0x45, 0x50, 0xB6, 0xB3, 0x04, 0xD8, 0x97, 0x65, 0x8B, 0x62, 0x15, 0x67, 0xC2, 0x7D,
    0xFE, 0xE1, 0x47, 0xBE, 0xAC, 0x9C, 0x88, 0xF8, 0x1C, 0x65, 0x14, 0xE0, 0xE8, 0xEC, 0xE8, 0x0C,
    0x48, 0x44, 0x22, 0x1F, 0x72, 0x99, 0x5B, 0x8F, 0x62, 0x28, 0x43, 0x31, 0xC0, 0xB5, 0xC1, 0xA5,
    0x01, 0x2E, 0x1D, 0x8A, 0xD5, 0x2C, 0xC6, 0xDB, 0x76, 0x96, 0x07, 0xDE, 0x7E, 0x17, 0x50, 0x6C,
    0x42, 0xB9, 0x19, 0x60, 0x7F, 0x11, 0xF9, 0xB4, 0x47, 0xDA, 0x35, 0x53, 0xBE, 0x02, 0x70, 0xAC,
    0xC9, 0x51, 0x8E, 0x5A, 0xAF, 0x11, 0xB2, 0xA9, 0x69, 0x83, 0xED, 0x6D, 0x17, 0x6C, 0x9B, 0xF7,
    0xF3, 0x90, 0xF9, 0x79, 0x50, 0x47, 0xFF, 0xD6, 0xF0, 0xBF, 0x87, 0x80, 0xBE, 0x8B, 0x15, 0xE9,
    0x43, 0xF9, 0x4C, 0xC6, 0xE0, 0xAA, 0xEB, 0x10, 0x1C, 0xFC, 0x36, 0xB8, 0xFB, 0xFE, 0x32, 0x94,
    0x2F, 0x7C, 0x0D, 0x2B, 0x9D, 0x43, 0x2A, 0x95, 0x03, 0x80, 0x77, 0x3C, 0x20, 0x38, 0x18, 0xBF,
    0x3F, 0xAC, 0x72, 0x1F, 0x8A, 0x9B, 0xA6, 0x0B, 0x99, 0x66, 0x43, 0xA3, 0xA9, 0x70, 0x82, 0x13,
    0x87, 0x60, 0x37, 0xDE, 0x48, 0x0B, 0x01, 0x04, 0x46, 0x5A, 0x2B, 0xDE, 0x9D, 0x84, 0x93, 0x93,
    0xF9, 0x21, 0x0E, 0x73, 0x01, 0x30, 0xAD, 0xF6, 0x6C, 0x05, 0x9F, 0x55, 0xF0, 0xD0, 0xA6, 0x0F,
    0xFF, 0x3B, 0xF7, 0x02, 0xB7, 0x4D, 0xE7, 0xC4, 0xCE, 0x35, 0x00, 0xC2, 0xB7, 0x2E, 0x04, 0x37,
    0x8F, 0x13, 0x9A, 0xFA, 0xC5, 0xB6, 0x94, 0x31, 0x5B, 0x6A, 0x64, 0xB8, 0x7B, 0xFD, 0x09,
};

static const EpdGlyph malayalam_16_regularGlyphs[] = {
    { 3, 22, 187, 6, 20, 17, 0 }, // U+0964
    { 10, 22, 304, 6, 20, 55, 17 }, // U+0965
    { 10, 10, 0, -14, 29, 25, 72 }, // U+0D00
    { 12, 8, 0, -15, 30, 24, 97 }, // U+0D01
    { 13, 13, 242, 1, 13, 43, 121 }, // U+0D02
    { 9, 18, 179, 1, 18, 41, 164 }, // U+0D03
    { 17, 14, 311, 1, 14, 60, 205 }, // U+0D04
    { 47, 18, 797, 1, 18, 212, 265 }, // U+0D05
    { 53, 25, 878, 1, 18, 332, 477 }, // U+0D06
    { 30, 25, 526, 1, 18, 188, 809 }, // U+0D07
    { 56, 25, 931, 1, 18, 350, 997 }, // U+0D08
    { 20, 25, 369, 1, 18, 125, 1347 }, // U+0D09
    { 46, 25, 774, 1, 18, 288, 1472 }, // U+0D0A
    { 27, 26, 464, 1, 18, 176, 1760 }, // U+0D0B
    { 36, 18, 622, 1, 18, 162, 1936 }, // U+0D0C
    { 40, 26, 679, 1, 18, 260, 2098 }, // U+0D0E
    { 40, 26, 678, 1, 18, 260, 2358 }, // U+0D0F
    { 64, 26, 1060, 1, 18, 416, 2618 }, // U+0D10
    { 23, 18, 404, 1, 18, 104, 3034 }, // U+0D12
    { 39, 18, 671, 1, 18, 176, 3138 }, // U+0D13
    { 48, 18, 805, 1, 18, 216, 3314 }, // U+0D14
    { 33, 18, 554, 1, 18, 149, 3530 }, // U+0D15
    { 30, 18, 533, 1, 18, 135, 3679 }, // U+0D16
    { 28, 18, 478, 1, 18, 126, 3814 }, // U+0D17
    { 41, 18, 707, 1, 18, 185, 3940 }, // U+0D18
    { 33, 18, 568, 1, 18, 149, 4125 }, // U+0D19
    { 28, 18, 498, 1, 18, 126, 4274 }, // U+0D1A
    { 43, 18, 719, 1, 18, 194, 4400 }, // U+0D1B
    { 29, 18, 501, 1, 18, 131, 4594 }, // U+0D1C
    { 53, 18, 883, 1, 18, 239, 4725 }, // U+0D1D
    { 45, 18, 771, 1, 18, 203, 4964 }, // U+0D1E
    { 18, 18, 300, 0, 18, 81, 5167 }, // U+0D1F
    { 19, 18, 349, 1, 18, 86, 5248 }, // U+0D20
    { 38, 18, 652, 1, 18, 171, 5334 }, // U+0D21
    { 42, 18, 711, 1, 18, 189, 5505 }, // U+0D22
    { 43, 18, 729, 1, 18, 194, 5694 }, // U+0D23
    { 31, 18, 541, 1, 18, 140, 5888 }, // U+0D24
    { 25, 18, 478, 2, 18, 113, 6028 }, // U+0D25
    { 18, 18, 342, 2, 18, 81, 6141 }, // U+0D26
    { 28, 19, 486, 1, 19, 133, 6222 }, // U+0D27
    { 28, 19, 486, 1, 18, 133, 6355 }, // U+0D28
    { 31, 18, 544, 1, 18, 140, 6488 }, // U+0D29
    { 26, 19, 478, 1, 18, 124, 6628 }, // U+0D2A
    { 35, 19, 602, 1, 18, 167, 6752 }, // U+0D2B
    { 40, 18, 696, 1, 18, 180, 6919 }, // U+0D2C
    { 19, 18, 349, 2, 18, 86, 7099 }, // U+0D2D
    { 20, 18, 386, 2, 18, 90, 7185 }, // U+0D2E
    { 32, 18, 552, 1, 18, 144, 7275 }, // U+0D2F
    { 22, 18, 392, 1, 18, 99, 7419 }, // U+0D30
    { 20, 20, 359, 1, 18, 100, 7518 }, // U+0D31
    { 24, 18, 458, 2, 18, 108, 7618 }, // U+0D32
    { 22, 25, 386, 1, 18, 138, 7726 }, // U+0D33
    { 19, 18, 349, 1, 18, 86, 7864 }, // U+0D34
    { 28, 19, 511, 1, 18, 133, 7950 }, // U+0D35
    { 32, 18, 555, 1, 18, 144, 8083 }, // U+0D36
    { 35, 19, 613, 1, 18, 167, 8227 }, // U+0D37
    { 38, 18, 652, 1, 18, 171, 8394 }, // U+0D38
    { 37, 19, 635, 1, 18, 176, 8565 }, // U+0D39
    { 26, 26, 412, 0, 19, 169, 8741 }, // U+0D3A
    { 3, 9, 0, -10, 29, 7, 8910 }, // U+0D3B
    { 9, 9, 0, -8, 29, 21, 8917 }, // U+0D3C
    { 23, 35, 248, -4, 27, 202, 8938 }, // U+0D3D
    { 15, 18, 269, 0, 18, 68, 9140 }, // U+0D3E
    { 12, 28, 122, -7, 28, 84, 9208 }, // U+0D3F
    { 15, 29, 122, -9, 29, 109, 9292 }, // U+0D40
    { 12, 27, 177, -1, 18, 81, 9401 }, // U+0D41
    { 12, 27, 177, -1, 18, 81, 9482 }, // U+0D42
    { 13, 29, 130, -5, 18, 95, 9563 }, // U+0D43
    { 17, 29, 130, -9, 18, 124, 9658 }, // U+0D44
    { 21, 18, 381, 1, 18, 95, 9782 }, // U+0D46
    { 17, 18, 317, 1, 18, 77, 9877 }, // U+0D47
    { 45, 18, 763, 1, 18, 203, 9954 }, // U+0D48
    { 45, 18, 761, 1, 18, 203, 10157 }, // U+0D4A
    { 40, 18, 689, 1, 18, 180, 10360 }, // U+0D4B
    { 54, 18, 898, 1, 18, 243, 10540 }, // U+0D4C
    { 12, 8, 0, -10, 28, 24, 10783 }, // U+0D4D
    { 3, 6, 0, -11, 27, 5, 10807 }, // U+0D4E
    { 38, 25, 663, 2, 18, 238, 10812 }, // U+0D4F
    { 20, 27, 344, 2, 27, 135, 11050 }, // U+0D54
    { 32, 27, 551, 1, 27, 216, 11185 }, // U+0D55
    { 22, 27, 387, 1, 27, 149, 11401 }, // U+0D56
    { 23, 18, 405, 1, 18, 104, 11550 }, // U+0D57
    { 38, 29, 652, 1, 29, 276, 11654 }, // U+0D58
    { 36, 18, 603, 1, 18, 162, 11930 }, // U+0D59
    { 32, 19, 571, 1, 18, 152, 12092 }, // U+0D5A
    { 28, 19, 511, 2, 19, 133, 12244 }, // U+0D5B
    { 48, 18, 809, 1, 18, 216, 12377 }, // U+0D5C
    { 66, 18, 1072, -1, 18, 297, 12593 }, // U+0D5D
    { 44, 18, 733, 1, 18, 198, 12890 }, // U+0D5E
    { 43, 18, 715, 1, 18, 194, 13088 }, // U+0D5F
    { 27, 25, 464, 1, 18, 169, 13282 }, // U+0D60
    { 42, 25, 704, 1, 18, 263, 13451 }, // U+0D61
    { 26, 12, 0, -27, 1, 78, 13714 }, // U+0D62
    { 30, 13, 0, -27, 1, 98, 13792 }, // U+0D63
    { 17, 16, 307, 1, 17, 68, 13890 }, // U+0D66
    { 27, 25, 478, 1, 18, 169, 13958 }, // U+0D67
    { 27, 19, 458, 1, 18, 129, 14127 }, // U+0D68
    { 34, 19, 578, 1, 18, 162, 14256 }, // U+0D69
    { 25, 24, 425, 1, 24, 150, 14418 }, // U+0D6A
    { 29, 30, 518, 1, 24, 218, 14568 }, // U+0D6B
    { 38, 25, 652, 1, 18, 238, 14786 }, // U+0D6C
    { 22, 25, 396, 1, 18, 138, 15024 }, // U+0D6D
    { 28, 25, 511, 1, 18, 175, 15162 }, // U+0D6E
    { 36, 24, 598, 1, 24, 216, 15337 }, // U+0D6F
    { 37, 26, 578, -2, 19, 241, 0 }, // U+0D70
    { 27, 25, 484, 1, 18, 169, 241 }, // U+0D71
    { 45, 18, 752, 1, 18, 203, 410 }, // U+0D72
    { 24, 18, 418, 1, 18, 108, 613 }, // U+0D73
    { 28, 27, 491, 1, 27, 189, 721 }, // U+0D74
    { 40, 24, 657, 1, 24, 240, 910 }, // U+0D75
    { 43, 19, 740, 1, 18, 205, 1150 }, // U+0D76
    { 55, 18, 913, 1, 18, 248, 1355 }, // U+0D77
    { 71, 18, 1161, -1, 18, 320, 1603 }, // U+0D78
    { 36, 18, 612, 1, 18, 162, 1923 }, // U+0D79
    { 48, 27, 810, 1, 27, 324, 2085 }, // U+0D7A
    { 33, 27, 566, 1, 27, 223, 2409 }, // U+0D7B
    { 22, 27, 392, 1, 27, 149, 2632 }, // U+0D7C
    { 37, 27, 639, 1, 27, 250, 2781 }, // U+0D7D
    { 32, 27, 557, 1, 27, 216, 3031 }, // U+0D7E
    { 38, 27, 643, 1, 27, 257, 3247 }, // U+0D7F
    { 0, 0, 0, 0, 0, 0, 0 }, // U+200C
    { 0, 0, 0, 0, 0, 0, 0 }, // U+200D
    { 16, 15, 300, 1, 16, 60, 0 }, // U+25CC
    { 14, 24, 320, 3, 24, 84, 60 }, // U+F0000
    { 0, 0, 165, 0, 0, 0, 144 }, // U+F0001
    { 10, 10, 0, -14, 29, 25, 144 }, // U+F0002
    { 12, 8, 0, -15, 30, 24, 169 }, // U+F0003
    { 13, 13, 242, 1, 13, 43, 193 }, // U+F0004
    { 9, 18, 179, 1, 18, 41, 236 }, // U+F0005
    { 17, 14, 311, 1, 14, 60, 277 }, // U+F0006
    { 47, 18, 797, 1, 18, 212, 337 }, // U+F0007
    { 53, 25, 878, 1, 18, 332, 549 }, // U+F0008
    { 30, 25, 526, 1, 18, 188, 881 }, // U+F0009
    { 56, 25, 931, 1, 18, 350, 1069 }, // U+F000A
    { 20, 25, 369, 1, 18, 125, 1419 }, // U+F000B
    { 46, 25, 774, 1, 18, 288, 1544 }, // U+F000C
    { 27, 26, 464, 1, 18, 176, 1832 }, // U+F000D
    { 36, 18, 622, 1, 18, 162, 2008 }, // U+F000E
    { 40, 26, 679, 1, 18, 260, 2170 }, // U+F000F
    { 40, 26, 678, 1, 18, 260, 2430 }, // U+F0010
    { 64, 26, 1060, 1, 18, 416, 2690 }, // U+F0011
    { 23, 18, 404, 1, 18, 104, 3106 }, // U+F0012
    { 39, 18, 671, 1, 18, 176, 3210 }, // U+F0013
    { 48, 18, 805, 1, 18, 216, 3386 }, // U+F0014
    { 33, 18, 554, 1, 18, 149, 3602 }, // U+F0015
    { 30, 18, 533, 1, 18, 135, 3751 }, // U+F0016
    { 28, 18, 478, 1, 18, 126, 3886 }, // U+F0017
    { 41, 18, 707, 1, 18, 185, 4012 }, // U+F0018
    { 33, 18, 568, 1, 18, 149, 4197 }, // U+F0019
    { 28, 18, 498, 1, 18, 126, 4346 }, // U+F001A
    { 43, 18, 719, 1, 18, 194, 4472 }, // U+F001B
    { 29, 18, 501, 1, 18, 131, 4666 }, // U+F001C
    { 53, 18, 883, 1, 18, 239, 4797 }, // U+F001D
    { 45, 18, 771, 1, 18, 203, 5036 }, // U+F001E
    { 18, 18, 300, 0, 18, 81, 5239 }, // U+F001F
    { 19, 18, 349, 1, 18, 86, 5320 }, // U+F0020
    { 38, 18, 652, 1, 18, 171, 5406 }, // U+F0021
    { 42, 18, 711, 1, 18, 189, 5577 }, // U+F0022
    { 43, 18, 729, 1, 18, 194, 5766 }, // U+F0023
    { 31, 18, 541, 1, 18, 140, 5960 }, // U+F0024
    { 25, 18, 478, 2, 18, 113, 6100 }, // U+F0025
    { 18, 18, 342, 2, 18, 81, 6213 }, // U+F0026
    { 28, 19, 486, 1, 19, 133, 6294 }, // U+F0027
    { 28, 19, 486, 1, 18, 133, 6427 }, // U+F0028
    { 31, 18, 544, 1, 18, 140, 6560 }, // U+F0029
    { 26, 19, 478, 1, 18, 124, 6700 }, // U+F002A
    { 35, 19, 602, 1, 18, 167, 6824 }, // U+F002B
    { 40, 18, 696, 1, 18, 180, 6991 }, // U+F002C
    { 19, 18, 349, 2, 18, 86, 7171 }, // U+F002D
    { 20, 18, 386, 2, 18, 90, 7257 }, // U+F002E
    { 32, 18, 552, 1, 18, 144, 7347 }, // U+F002F
    { 22, 18, 392, 1, 18, 99, 7491 }, // U+F0030
    { 20, 20, 359, 1, 18, 100, 7590 }, // U+F0031
    { 24, 18, 458, 2, 18, 108, 7690 }, // U+F0032
    { 22, 25, 386, 1, 18, 138, 7798 }, // U+F0033
    { 19, 18, 349, 1, 18, 86, 7936 }, // U+F0034
    { 28, 19, 511, 1, 18, 133, 8022 }, // U+F0035
    { 32, 18, 555, 1, 18, 144, 8155 }, // U+F0036
    { 35, 19, 613, 1, 18, 167, 8299 }, // U+F0037
    { 38, 18, 652, 1, 18, 171, 8466 }, // U+F0038
    { 37, 19, 635, 1, 18, 176, 8637 }, // U+F0039
    { 26, 26, 412, 0, 19, 169, 8813 }, // U+F003A
    { 3, 9, 0, -10, 29, 7, 8982 }, // U+F003B
    { 9, 9, 0, -8, 29, 21, 8989 }, // U+F003C
    { 23, 35, 248, -4, 27, 202, 9010 }, // U+F003D
    { 15, 18, 269, 0, 18, 68, 9212 }, // U+F003E
    { 12, 28, 122, -7, 28, 84, 9280 }, // U+F003F
    { 15, 29, 122, -9, 29, 109, 9364 }, // U+F0040
    { 12, 27, 177, -1, 18, 81, 9473 }, // U+F0041
    { 12, 27, 177, -1, 18, 81, 9554 }, // U+F0042
    { 13, 29, 130, -5, 18, 95, 9635 }, // U+F0043
    { 17, 29, 130, -9, 18, 124, 9730 }, // U+F0044
    { 21, 18, 381, 1, 18, 95, 9854 }, // U+F0045
    { 17, 18, 317, 1, 18, 77, 9949 }, // U+F0046
    { 45, 18, 763, 1, 18, 203, 10026 }, // U+F0047
    { 45, 18, 761, 1, 18, 203, 10229 }, // U+F0048
    { 40, 18, 689, 1, 18, 180, 10432 }, // U+F0049
    { 54, 18, 898, 1, 18, 243, 10612 }, // U+F004A
    { 12, 8, 0, -10, 28, 24, 10855 }, // U+F004B
    { 3, 6, 0, -11, 27, 5, 10879 }, // U+F004C
    { 38, 25, 663, 2, 18, 238, 10884 }, // U+F004D
    { 20, 27, 344, 2, 27, 135, 11122 }, // U+F004E
    { 32, 27, 551, 1, 27, 216, 11257 }, // U+F004F
    { 22, 27, 387, 1, 27, 149, 11473 }, // U+F0050
    { 23, 18, 405, 1, 18, 104, 11622 }, // U+F0051
    { 38, 29, 652, 1, 29, 276, 11726 }, // U+F0052
    { 36, 18, 603, 1, 18, 162, 12002 }, // U+F0053
    { 32, 19, 571, 1, 18, 152, 12164 }, // U+F0054
    { 28, 19, 511, 2, 19, 133, 12316 }, // U+F0055
    { 48, 18, 809, 1, 18, 216, 12449 }, // U+F0056
    { 66, 18, 1072, -1, 18, 297, 12665 }, // U+F0057
    { 44, 18, 733, 1, 18, 198, 12962 }, // U+F0058
    { 43, 18, 715, 1, 18, 194, 13160 }, // U+F0059
    { 27, 25, 464, 1, 18, 169, 13354 }, // U+F005A
    { 42, 25, 704, 1, 18, 263, 13523 }, // U+F005B
    { 26, 12, 0, -27, 1, 78, 13786 }, // U+F005C
    { 30, 13, 0, -27, 1, 98, 13864 }, // U+F005D
    { 17, 16, 307, 1, 17, 68, 13962 }, // U+F005E
    { 27, 25, 478, 1, 18, 169, 14030 }, // U+F005F
    { 27, 19, 458, 1, 18, 129, 14199 }, // U+F0060
    { 34, 19, 578, 1, 18, 162, 14328 }, // U+F0061
    { 25, 24, 425, 1, 24, 150, 14490 }, // U+F0062
    { 29, 30, 518, 1, 24, 218, 14640 }, // U+F0063
    { 38, 25, 652, 1, 18, 238, 14858 }, // U+F0064
    { 22, 25, 396, 1, 18, 138, 15096 }, // U+F0065
    { 28, 25, 511, 1, 18, 175, 15234 }, // U+F0066
    { 36, 24, 598, 1, 24, 216, 15409 }, // U+F0067
    { 37, 26, 578, -2, 19, 241, 0 }, // U+F0068
    { 27, 25, 484, 1, 18, 169, 241 }, // U+F0069
    { 45, 18, 752, 1, 18, 203, 410 }, // U+F006A
    { 24, 18, 418, 1, 18, 108, 613 }, // U+F006B
    { 28, 27, 491, 1, 27, 189, 721 }, // U+F006C
    { 40, 24, 657, 1, 24, 240, 910 }, // U+F006D
    { 43, 19, 740, 1, 18, 205, 1150 }, // U+F006E
    { 55, 18, 913, 1, 18, 248, 1355 }, // U+F006F
    { 71, 18, 1161, -1, 18, 320, 1603 }, // U+F0070
    { 36, 18, 612, 1, 18, 162, 1923 }, // U+F0071
    { 48, 27, 810, 1, 27, 324, 2085 }, // U+F0072
    { 33, 27, 566, 1, 27, 223, 2409 }, // U+F0073
    { 22, 27, 392, 1, 27, 149, 2632 }, // U+F0074
    { 37, 27, 639, 1, 27, 250, 2781 }, // U+F0075
    { 32, 27, 557, 1, 27, 216, 3031 }, // U+F0076
    { 38, 27, 643, 1, 27, 257, 3247 }, // U+F0077
    { 36, 28, 554, 1, 28, 252, 3504 }, // U+F0078
    { 35, 28, 533, 1, 28, 245, 3756 }, // U+F0079
    { 31, 28, 478, 1, 28, 217, 4001 }, // U+F007A
    { 46, 28, 707, 1, 28, 322, 4218 }, // U+F007B
    { 37, 28, 568, 1, 28, 259, 4540 }, // U+F007C
    { 33, 28, 498, 1, 28, 231, 4799 }, // U+F007D
    { 47, 28, 719, 1, 28, 329, 5030 }, // U+F007E
    { 33, 28, 501, 1, 28, 231, 5359 }, // U+F007F
    { 56, 28, 883, 1, 28, 392, 5590 }, // U+F0080
    { 49, 28, 771, 1, 28, 343, 5982 }, // U+F0081
    { 21, 28, 300, 0, 28, 147, 6325 }, // U+F0082
    { 23, 28, 349, 1, 28, 161, 6472 }, // U+F0083
    { 42, 28, 652, 1, 28, 294, 6633 }, // U+F0084
    { 46, 28, 711, 1, 28, 322, 6927 }, // U+F0085
    { 47, 28, 729, 1, 28, 329, 7249 }, // U+F0086
    { 35, 28, 541, 1, 28, 245, 7578 }, // U+F0087
    { 30, 28, 478, 2, 28, 210, 7823 }, // U+F0088
    { 22, 28, 342, 2, 28, 154, 8033 }, // U+F0089
    { 32, 28, 486, 1, 28, 224, 8187 }, // U+F008A
    { 32, 29, 486, 1, 28, 232, 8411 }, // U+F008B
    { 31, 29, 478, 1, 28, 225, 8643 }, // U+F008C
    { 39, 29, 602, 1, 28, 283, 8868 }, // U+F008D
    { 45, 28, 696, 1, 28, 315, 9151 }, // U+F008E
    { 23, 28, 349, 2, 28, 161, 9466 }, // U+F008F
    { 25, 28, 386, 2, 28, 175, 9627 }, // U+F0090
    { 36, 28, 552, 1, 28, 252, 9802 }, // U+F0091
    { 26, 28, 392, 1, 28, 182, 10054 }, // U+F0092
    { 24, 29, 359, 1, 27, 174, 10236 }, // U+F0093
    { 29, 28, 458, 2, 28, 203, 10410 }, // U+F0094
    { 25, 35, 386, 1, 28, 219, 10613 }, // U+F0095
    { 23, 28, 349, 1, 28, 161, 10832 }, // U+F0096
    { 33, 29, 511, 1, 28, 240, 10993 }, // U+F0097
    { 36, 28, 555, 1, 28, 252, 11233 }, // U+F0098
    { 40, 29, 613, 1, 28, 290, 11485 }, // U+F0099
    { 42, 28, 652, 1, 28, 294, 11775 }, // U+F009A
    { 41, 29, 635, 1, 28, 298, 12069 }, // U+F009B
    { 58, 28, 904, 1, 28, 406, 12367 }, // U+F009C
    { 22, 14, 0, -23, 3, 77, 12773 }, // U+F009D
    { 13, 28, 130, -5, 18, 91, 12850 }, // U+F009E
    { 12, 24, 122, -7, 18, 72, 12941 }, // U+F009F
    { 10, 25, 130, 1, 18, 63, 13013 }, // U+F00A0
    { 48, 18, 803, 1, 18, 216, 13076 }, // U+F00A1
    { 58, 18, 965, 1, 18, 261, 13292 }, // U+F00A2
    { 33, 29, 554, 1, 18, 240, 13553 }, // U+F00A3
    { 33, 29, 554, 1, 18, 240, 13793 }, // U+F00A4
    { 53, 18, 904, 1, 18, 239, 14033 }, // U+F00A5
    { 27, 30, 478, 1, 18, 203, 14272 }, // U+F00A6
    { 29, 18, 498, 1, 18, 131, 14475 }, // U+F00A7
    { 43, 18, 740, 1, 18, 194, 14606 }, // U+F00A8
    { 38, 18, 652, 1, 18, 171, 14800 }, // U+F00A9
    { 27, 30, 478, 1, 18, 203, 14971 }, // U+F00AA
    { 33, 18, 565, 1, 18, 149, 15174 }, // U+F00AB
    { 33, 29, 565, 1, 18, 240, 15323 }, // U+F00AC
    { 49, 18, 832, 1, 18, 221, 0 }, // U+F00AD
    { 28, 27, 498, 1, 18, 189, 221 }, // U+F00AE
    { 29, 30, 498, 0, 18, 218, 410 }, // U+F00AF
    { 61, 18, 1011, 1, 18, 275, 628 }, // U+F00B0
    { 76, 18, 1265, 1, 18, 342, 903 }, // U+F00B1
    { 51, 18, 873, 1, 18, 230, 1245 }, // U+F00B2
    { 69, 18, 1142, 1, 18, 311, 1475 }, // U+F00B3
    { 52, 18, 880, 1, 18, 234, 1786 }, // U+F00B4
    { 70, 18, 1168, 1, 18, 315, 2020 }, // U+F00B5
    { 18, 27, 300, 0, 18, 122, 2335 }, // U+F00B6
    { 38, 29, 652, 1, 18, 276, 2457 }, // U+F00B7
    { 38, 29, 652, 1, 18, 276, 2733 }, // U+F00B8
    { 64, 18, 1071, 1, 18, 288, 3009 }, // U+F00B9
    { 68, 18, 1130, 1, 18, 306, 3297 }, // U+F00BA
    { 48, 18, 817, 1, 18, 216, 3603 }, // U+F00BB
    { 43, 30, 729, 1, 18, 323, 3819 }, // U+F00BC
    { 46, 18, 780, 1, 18, 207, 4142 }, // U+F00BD
    { 42, 18, 712, 1, 18, 189, 4349 }, // U+F00BE
    { 45, 18, 762, 1, 18, 203, 4538 }, // U+F00BF
    { 47, 18, 799, 1, 18, 212, 4741 }, // U+F00C0
    { 52, 18, 878, 1, 18, 234, 4953 }, // U+F00C1
    { 56, 18, 938, 1, 18, 252, 5187 }, // U+F00C2
    { 53, 18, 898, 1, 18, 239, 5439 }, // U+F00C3
    { 31, 29, 541, 1, 18, 225, 5678 }, // U+F00C4
    { 18, 27, 342, 2, 18, 122, 5903 }, // U+F00C5
    { 36, 18, 631, 2, 18, 162, 6025 }, // U+F00C6
    { 29, 18, 509, 1, 18, 131, 6187 }, // U+F00C7
    { 49, 18, 827, 1, 18, 221, 6318 }, // U+F00C8
    { 39, 19, 670, 1, 18, 186, 6539 }, // U+F00C9
    { 33, 19, 573, 1, 18, 157, 6725 }, // U+F00CA
    { 33, 39, 566, 1, 27, 322, 6882 }, // U+F00CB
    { 42, 18, 712, 1, 18, 189, 7204 }, // U+F00CC
    { 49, 19, 843, 1, 18, 233, 7393 }, // U+F00CD
    { 26, 29, 478, 1, 18, 189, 7626 }, // U+F00CE
    { 26, 30, 478, 1, 18, 195, 7815 }, // U+F00CF
    { 35, 30, 602, 1, 18, 263, 8010 }, // U+F00D0
    { 40, 27, 696, 1, 18, 270, 8273 }, // U+F00D1
    { 40, 29, 696, 1, 18, 290, 8543 }, // U+F00D2
    { 40, 29, 696, 1, 18, 290, 8833 }, // U+F00D3
    { 40, 29, 696, 1, 18, 290, 9123 }, // U+F00D4
    { 37, 18, 661, 2, 18, 167, 9413 }, // U+F00D5
    { 36, 19, 637, 1, 18, 171, 9580 }, // U+F00D6
    { 37, 30, 637, 1, 18, 278, 9751 }, // U+F00D7
    { 22, 30, 386, 1, 18, 165, 10029 }, // U+F00D8
    { 32, 27, 552, 1, 18, 216, 10194 }, // U+F00D9
    { 20, 29, 359, 1, 18, 145, 10410 }, // U+F00DA
    { 24, 29, 458, 2, 18, 174, 10555 }, // U+F00DB
    { 24, 30, 458, 2, 18, 180, 10729 }, // U+F00DC
    { 45, 25, 763, 1, 18, 282, 10909 }, // U+F00DD
    { 28, 30, 511, 1, 18, 210, 11191 }, // U+F00DE
    { 28, 27, 511, 1, 18, 189, 11401 }, // U+F00DF
    { 47, 18, 806, 1, 18, 212, 11590 }, // U+F00E0
    { 65, 18, 1076, 1, 18, 293, 11802 }, // U+F00E1
    { 32, 29, 555, 1, 18, 232, 12095 }, // U+F00E2
    { 32, 29, 555, 1, 18, 232, 12327 }, // U+F00E3
    { 35, 30, 613, 1, 18, 263, 12559 }, // U+F00E4
    { 38, 30, 652, 1, 18, 285, 12822 }, // U+F00E5
    { 38, 29, 652, 1, 18, 276, 13107 }, // U+F00E6
    { 60, 18, 1008, 1, 18, 270, 13383 }, // U+F00E7
    { 38, 29, 652, 1, 18, 276, 13653 }, // U+F00E8
    { 38, 19, 660, 1, 18, 181, 13929 }, // U+F00E9
    { 45, 19, 760, 1, 18, 214, 14110 }, // U+F00EA
    { 37, 30, 635, 1, 18, 278, 14324 }, // U+F00EB
    { 12, 28, 122, -6, 28, 84, 14602 }, // U+F00EC
    { 11, 28, 186, -2, 28, 77, 14686 }, // U+F00ED
    { 13, 29, 142, -6, 29, 95, 14763 }, // U+F00EE
    { 13, 29, 202, -2, 29, 95, 14858 }, // U+F00EF
    { 12, 27, 188, 0, 18, 81, 14953 }, // U+F00F0
    { 12, 27, 188, 0, 18, 81, 15034 }, // U+F00F1
    { 12, 29, 181, -1, 18, 87, 15115 }, // U+F00F2
    { 17, 29, 259, -1, 18, 124, 15202 }, // U+F00F3
    { 12, 28, 181, -1, 18, 84, 15326 }, // U+F00F4
    { 12, 24, 211, -1, 18, 72, 15410 }, // U+F00F5
    { 10, 25, 173, 1, 18, 63, 15482 }, // U+F00F6
    { 26, 12, 423, 1, 1, 78, 15545 }, // U+F00F7
    { 30, 13, 423, 1, 1, 98, 15623 }, // U+F00F8
    { 26, 29, 423, 1, 18, 189, 0 }, // U+F00F9
    { 26, 29, 423, 1, 18, 189, 189 }, // U+F00FA
    { 26, 29, 423, 1, 18, 189, 378 }, // U+F00FB
    { 26, 29, 423, 1, 18, 189, 567 }, // U+F00FC
    { 26, 30, 423, 1, 18, 195, 756 }, // U+F00FD
    { 26, 29, 423, 1, 18, 189, 951 }, // U+F00FE
    { 26, 31, 423, 1, 18, 202, 1140 }, // U+F00FF
    { 26, 29, 423, 1, 18, 189, 1342 }, // U+F0100
    { 30, 30, 423, 1, 18, 225, 1531 }, // U+F0101
    { 30, 30, 423, 1, 18, 225, 1756 }, // U+F0102
    { 30, 30, 423, 1, 18, 225, 1981 }, // U+F0103
    { 30, 30, 423, 1, 18, 225, 2206 }, // U+F0104
    { 30, 31, 423, 1, 18, 233, 2431 }, // U+F0105
    { 30, 30, 423, 1, 18, 225, 2664 }, // U+F0106
    { 30, 32, 423, 1, 18, 240, 2889 }, // U+F0107
    { 30, 30, 423, 1, 18, 225, 3129 }, // U+F0108
    { 5, 5, 143, 2, 4, 7, 3354 }, // U+F0109
    { 3, 22, 187, 6, 20, 17, 3361 }, // U+F010A
    { 10, 22, 304, 6, 20, 55, 3378 }, // U+F010B
    { 27, 30, 478, 1, 18, 203, 3433 }, // U+F010C
    { 18, 28, 122, -13, 28, 126, 3636 }, // U+F010D
    { 20, 29, 122, -15, 29, 145, 3762 }, // U+F010E
    { 18, 8, 0, -15, 28, 36, 3907 }, // U+F010F
    { 0, 0, 0, 0, 0, 0, 3943 }, // U+F0110
    { 12, 36, 0, -6, 27, 108, 3943 }, // U+F0111
    { 16, 15, 300, 1, 16, 60, 4051 }, // U+F0112
    { 12, 15, 0, -15, 29, 45, 4111 }, // U+F0113
};

static const EpdUnicodeInterval malayalam_16_regularIntervals[] = {
    { 0x964, 0x965, 0x0 },
    { 0xD00, 0xD0C, 0x2 },
    { 0xD0E, 0xD10, 0xF },
    { 0xD12, 0xD44, 0x12 },
    { 0xD46, 0xD48, 0x45 },
    { 0xD4A, 0xD4F, 0x48 },
    { 0xD54, 0xD63, 0x4E },
    { 0xD66, 0xD7F, 0x5E },
    { 0x200C, 0x200D, 0x78 },
    { 0x25CC, 0x25CC, 0x7A },
    { 0xF0000, 0xF0113, 0x7B },
};

static const EpdFontGroup malayalam_16_regularGroups[] = {
    { 0, 6603, 16216, 104, 0 },
    { 6603, 1500, 3620, 16, 104 },
    { 8103, 2, 0, 2, 120 },
    { 8105, 6632, 16284, 105, 122 },
    { 14737, 5660, 16275, 69, 227 },
    { 20397, 6377, 16317, 76, 296 },
    { 26774, 1369, 4435, 27, 372 },
};

static BuiltinShapingFace malayalam_16_regularShaping = {
    malayalamLayout,
    sizeof(malayalamLayout),
    0xEA995BAD,
    2133,
    &malayalam_16_regularGlyphs[123],
    276,
    nullptr,
};

static constexpr EpdFontData malayalam_16_regular = {
    malayalam_16_regularBitmaps,
    malayalam_16_regularGlyphs,
    malayalam_16_regularIntervals,
    11,
    42,
    29,
    -13,
    true,
    malayalam_16_regularGroups,
    7,
    nullptr,
    nullptr,
    nullptr,
    nullptr,
    nullptr,
    nullptr,
    nullptr,
    nullptr,
    nullptr,
    nullptr,
    nullptr,
    0,
    0,
    0,
    0,
    nullptr,
    0,
    nullptr,  // glyphMissHandler
    nullptr,  // glyphMissCtx
    nullptr,  // coverageHandler
    &builtinShaping::shape,
    &malayalam_16_regularShaping,
};
