/**
 * generated by fontconvert.py
 * name: malayalam_ui_12
 * size: 12
 * mode: 1-bit
 * Command used: fontconvert.py malayalam_ui_12 12 ../builtinFonts/source/NotoSansMalayalam/NotoSansMalayalam-Regular.ttf --no-default-intervals --additional-intervals 0x0D00,0x0D7F --additional-intervals 0x0964,0x0965 --additional-intervals 0x200C,0x200D --additional-intervals 0x25CC,0x25CC --shaping-font ../builtinFonts/source/NotoSansMalayalam/NotoSansMalayalam-Regular.ttf --shaping-scripts malayalam --shaping-layout-symbol malayalamLayout --shaping-layout-header malayalam_layout.h --shaping-layout-font ../builtinFonts/source/NotoSansMalayalam/NotoSansMalayalam-Regular.ttf
 */
#pragma once
#include "EpdFontData.h"

#include "BuiltinShaping.h"
#include "malayalam_layout.h"

static const uint8_t malayalam_ui_12Bitmaps[20579] = {
    0x1F, 0xFF, 0xFF, 0xFF, 0xFF, 0xFF, 0xF8, 0x00, 0xE7, 0xE7, 0xE7, 0xE7, 0xE7, 0xE7, 0xE7, 0xE7,
    0xE7, 0xE7, 0xE7, 0xE7, 0xE7, 0xE7, 0xE7, 0xE7, 0xC3, 0x7E, 0xFF, 0xE7, 0xE7, 0xE7, 0xFF, 0x7E,
    0x00, 0x7D, 0xFF, 0xFF, 0x7F, 0xFB, 0xF8, 0x3F, 0x1F, 0xEF, 0x3F, 0x87, 0xE1, 0xF8, 0x7E, 0x1F,
    0xCF, 0x7F, 0x8F, 0xC0, 0x7D, 0xFF, 0xBF, 0x7F, 0xEF, 0x80, 0x3E, 0xFF, 0xDF, 0xBF, 0x7F, 0xEF,
    0x80, 0x07, 0x00, 0x38, 0x39, 0xCF, 0xCE, 0x7E, 0x73, 0xF3, 0x9F, 0x80, 0xFE, 0x0F, 0x7F, 0xF1,
    0xFF, 0x00, 0x0F, 0xFF, 0xF1, 0xFE, 0x03, 0xFF, 0xFF, 0xFF, 0xF8, 0x7C, 0x7F, 0x3F, 0x87, 0xC7,
    0x0E, 0x39, 0xE1, 0xFC, 0xE1, 0xC3, 0x9E, 0x3F, 0xEE, 0x1C, 0x38, 0xE7, 0x9E, 0xE1, 0xDF, 0x0E,
    0x70, 0xEE, 0x39, 0xF0, 0xE7, 0x07, 0xE3, 0x87, 0x8E, 0x70, 0x7E, 0x1C, 0x38, 0xE7, 0x0E, 0xF1,
    0xC3, 0x8E, 0x70, 0xE7, 0x9E, 0x38, 0xE7, 0x9E, 0x38, 0xFF, 0x8E, 0x3F, 0xC1, 0x87, 0xF0, 0xE1,
    0xF8, 0x0F, 0xFF, 0xE1, 0xFE, 0x00, 0x3F, 0xFF, 0xFB, 0xFF, 0x00, 0x7C, 0x7F, 0x3F, 0x87, 0x80,
    0x70, 0xE3, 0x9E, 0x01, 0xC0, 0xE1, 0xC3, 0x9E, 0x0F, 0xC0, 0xE1, 0xC3, 0x8E, 0x3F, 0xF0, 0xE1,
    0xDF, 0x0E, 0x7C, 0xFC, 0xE3, 0x9F, 0x0E, 0x70, 0xEC, 0xE3, 0x87, 0x8E, 0x60, 0xEE, 0xE1, 0xC3,
    0x8E, 0xE0, 0xEE, 0xF1, 0xC3, 0x8E, 0x70, 0xE6, 0x79, 0xE3, 0x8E, 0x71, 0xE7, 0x38, 0xFF, 0x8E,
    0x7F, 0xC7, 0x18, 0x7F, 0x0E, 0x3F, 0x8E, 0x00, 0x00, 0x00, 0x00, 0x0E, 0x00, 0x00, 0x00, 0x00,
    0x1E, 0x00, 0x00, 0x00, 0x0C, 0x7C, 0x00, 0x00, 0x00, 0x1F, 0xF8, 0x00, 0x00, 0x00, 0x0F, 0xE0,
    0x1F, 0xE3, 0xF0, 0x7F, 0xFF, 0xF9, 0xE1, 0xFC, 0xF7, 0xF0, 0xF0, 0x7F, 0xF1, 0xC0, 0xFE, 0xE3,
    0x81, 0xF8, 0xE7, 0x03, 0xF1, 0xCE, 0x07, 0xE7, 0x1C, 0x0E, 0xFE, 0x38, 0x1D, 0xF8, 0x70, 0x78,
    0x00, 0x03, 0xE7, 0xFF, 0xFF, 0x9F, 0xFF, 0xFC, 0x3C, 0x00, 0x00, 0x70, 0x00, 0x00, 0xE0, 0x00,
    0x01, 0xFF, 0xFF, 0xFD, 0xFF, 0xFF, 0xF8, 0x1F, 0xE3, 0xF0, 0x3F, 0x3F, 0x0F, 0xFF, 0xFF, 0x1F,
    0xFF, 0xE7, 0x87, 0xF3, 0xC7, 0x1E, 0x3B, 0xF8, 0x78, 0x39, 0xC7, 0x87, 0xFF, 0x1C, 0x0E, 0xE1,
    0xC1, 0xFD, 0xC7, 0x03, 0x98, 0x70, 0x7E, 0x39, 0xC0, 0xE7, 0x1C, 0x1F, 0x8E, 0x70, 0x39, 0x03,
    0x07, 0xF7, 0x1C, 0x0E, 0x00, 0x01, 0xDF, 0xC7, 0x03, 0x80, 0x00, 0x73, 0xE1, 0xC1, 0xE0, 0x00,
    0x3C, 0x00, 0x01, 0xF0, 0x0C, 0x1E, 0x7F, 0xFF, 0xF8, 0x07, 0xFF, 0x3F, 0xFF, 0xF8, 0x00, 0xFF,
    0x8F, 0x00, 0x00, 0x00, 0x00, 0x03, 0x80, 0x00, 0x00, 0x00, 0x00, 0xF0, 0x00, 0x00, 0x00, 0x00,
    0x3F, 0xFF, 0xFF, 0x80, 0x00, 0x03, 0xFF, 0xFF, 0xE0, 0x00, 0x00, 0x1F, 0xF0, 0x3F, 0xF8, 0x78,
    0x3C, 0xFE, 0x1E, 0xFF, 0x0E, 0xF7, 0x0E, 0xE3, 0x87, 0xE3, 0x87, 0xE7, 0x0E, 0x7F, 0x0E, 0x7E,
    0x1E, 0x00, 0x7C, 0x7F, 0xF8, 0xFF, 0xE0, 0xF0, 0x00, 0xE0, 0x00, 0xE0, 0x00, 0xFF, 0xFE, 0x7F,
    0xFE, 0x1F, 0xF0, 0x1F, 0x9F, 0x07, 0xFF, 0x07, 0xFF, 0xF1, 0xE0, 0xF1, 0xE7, 0xCF, 0x7F, 0x0F,
    0x38, 0x78, 0xEF, 0xF0, 0xE7, 0x0E, 0x1D, 0xEE, 0x1C, 0xE1, 0xC1, 0xF8, 0xE1, 0xDC, 0x38, 0x3F,
    0x1C, 0x3A, 0x03, 0x07, 0xF7, 0x0E, 0x00, 0x01, 0xCF, 0xE1, 0xC0, 0x00, 0x38, 0xF8, 0x78, 0x00,
    0x07, 0x00, 0x3E, 0x01, 0xC3, 0xC7, 0xFF, 0x80, 0x3F, 0xF1, 0xFF, 0xC0, 0x03, 0xFC, 0x3C, 0x00,
    0x00, 0x00, 0x07, 0x00, 0x00, 0x00, 0x00, 0xF0, 0x00, 0x00, 0x00, 0x1F, 0xFF, 0xC0, 0x00, 0x00,
    0xFF, 0xF8, 0x00, 0x00, 0x00, 0x3F, 0x0F, 0xC7, 0xF9, 0xFE, 0xF3, 0x9C, 0xFE, 0x3B, 0x87, 0xE3,
    0xB8, 0x7E, 0x39, 0xC7, 0xFF, 0x9F, 0xFF, 0xF0, 0xFF, 0xF0, 0x00, 0xF7, 0xC0, 0x3E, 0x3F, 0xFF,
    0xC1, 0xFF, 0xF8, 0x7E, 0x07, 0xE7, 0x00, 0x0E, 0xE0, 0x00, 0x7E, 0x00, 0x07, 0x70, 0x00, 0xE7,
    0xE0, 0x7E, 0x3F, 0xFF, 0xC0, 0xFF, 0xF0, 0x0F, 0xF1, 0xFE, 0x03, 0xFF, 0xFF, 0xF8, 0x7C, 0x3F,
    0x87, 0xC7, 0x01, 0xE1, 0xFC, 0xE0, 0x1E, 0x3F, 0xEF, 0xF0, 0xE7, 0x9E, 0xFF, 0x8E, 0x70, 0xEF,
    0x78, 0xE7, 0x07, 0xE3, 0xCE, 0x70, 0x7E, 0x1C, 0xE7, 0x0E, 0xE1, 0x8E, 0x70, 0xEF, 0x38, 0xE7,
    0x9E, 0x7F, 0x8E, 0x3F, 0xC3, 0xF0, 0xE1, 0xF8, 0x00, 0x00, 0x3F, 0xC0, 0x00, 0x01, 0xFF, 0x80,
    0x00, 0x0F, 0x0F, 0x00, 0x00, 0x7B, 0x1E, 0x00, 0x01, 0xCE, 0x38, 0xFC, 0x0E, 0x38, 0x77, 0xF8,
    0x38, 0xE1, 0xFC, 0xF0, 0xE3, 0x87, 0xE1, 0xC3, 0x8E, 0x1F, 0x87, 0x1C, 0x38, 0x7E, 0x1C, 0x70,
    0xE1, 0xF8, 0x71, 0xC3, 0x87, 0xF3, 0xFF, 0xFE, 0x1D, 0x87, 0xFF, 0xF8, 0x70, 0x00, 0x38, 0xE1,
    0xC0, 0x00, 0xE3, 0x8E, 0x00, 0x03, 0x8E, 0x38, 0x00, 0x07, 0x71, 0xC0, 0x00, 0x0F, 0xCF, 0x00,
    0x00, 0x1E, 0x18, 0x00, 0x00, 0x1F, 0xE0, 0x00, 0x00, 0xFF, 0xF0, 0x00, 0x03, 0xE1, 0xE0, 0x00,
    0x0F, 0x60, 0xE0, 0x00, 0x1C, 0xE1, 0xC7, 0xE0, 0x71, 0xC3, 0x9F, 0xE0, 0xE3, 0x87, 0x79, 0xE1,
    0xC7, 0x0E, 0xE1, 0xC3, 0x8E, 0x3D, 0xC3, 0x8E, 0x1D, 0xF3, 0x87, 0x1C, 0x3B, 0xC7, 0x0E, 0x38,
    0x77, 0xCF, 0x3F, 0xFF, 0xE1, 0xCC, 0x3F, 0xFF, 0xC3, 0x80, 0x00, 0xE3, 0x83, 0x80, 0x01, 0xC7,
    0x07, 0x00, 0x03, 0x8E, 0x1C, 0x00, 0x03, 0xB8, 0x78, 0x00, 0x03, 0xF7, 0xE0, 0x00, 0x03, 0xCF,
    0x80, 0x0F, 0xF8, 0x00, 0x00, 0x0F, 0xF0, 0x1F, 0xFC, 0x00, 0x00, 0x3F, 0xF8, 0x3C, 0x1E, 0x00,
    0x00, 0x78, 0x3C, 0x70, 0x0F, 0x00, 0x00, 0xF3, 0x1E, 0xF0, 0x07, 0x00, 0x00, 0xE3, 0x8E, 0xFF,
    0x07, 0x0F, 0xC1, 0xE3, 0x87, 0xFF, 0x87, 0x1F, 0xE1, 0xC3, 0x87, 0xF7, 0x87, 0x3C, 0xF1, 0xC3,
    0x87, 0xE3, 0xC7, 0x38, 0x71, 0xC3, 0x87, 0xE1, 0xC7, 0x70, 0x71, 0xC3, 0x87, 0xE3, 0x8F, 0x38,
    0x71, 0xC3, 0x87, 0xF3, 0x9E, 0x38, 0x71, 0xC3, 0x87, 0x7F, 0x9C, 0x3C, 0xFF, 0xFF, 0x87, 0x3F,
    0x18, 0x18, 0x7F, 0xFF, 0x87, 0x00, 0x00, 0x00, 0x01, 0xC3, 0x87, 0x00, 0x00, 0x00, 0x01, 0xC3,
    0x8E, 0x00, 0x00, 0x00, 0x00, 0xE3, 0x8E, 0x00, 0x00, 0x00, 0x00, 0xF7, 0x1C, 0x00, 0x00, 0x00,
    0x00, 0x7F, 0x3C, 0x00, 0x00, 0x00, 0x00, 0x3E, 0x18, 0x07, 0xFE, 0x0F, 0xFF, 0xCF, 0xC1, 0xEF,
    0x00, 0x7F, 0x00, 0x3F, 0xF8, 0x3F, 0xFE, 0xFD, 0xEF, 0x7E, 0xE3, 0xC7, 0xF0, 0xE1, 0xF8, 0xE0,
    0xFE, 0x70, 0x77, 0xFB, 0xF9, 0xF9, 0xF8, 0x07, 0xFE, 0x07, 0xE0, 0x7F, 0xFE, 0x7F, 0xC3, 0xF0,
    0x79, 0xC7, 0x9E, 0x00, 0xEE, 0x0E, 0xF0, 0x03, 0x98, 0x3B, 0xFC, 0x1E, 0x00, 0xEF, 0xFB, 0xF0,
    0x01, 0xFD, 0xEF, 0xC0, 0x07, 0xE3, 0xC7, 0x80, 0x1B, 0x87, 0x0E, 0xE0, 0xEE, 0x38, 0x3B, 0x83,
    0xBC, 0xE0, 0xE7, 0x1E, 0x7F, 0xBF, 0x9F, 0xF0, 0xFC, 0xFC, 0x3F, 0x80, 0x07, 0xFE, 0x0F, 0xCF,
    0xC1, 0xFF, 0xF9, 0xFF, 0xFE, 0x3F, 0x07, 0x9C, 0x78, 0xE7, 0x80, 0x39, 0xC7, 0x87, 0xF0, 0x03,
    0xB8, 0x38, 0x7F, 0xF0, 0x79, 0x83, 0x87, 0xFF, 0xBF, 0x1C, 0x38, 0x7F, 0x7B, 0xF0, 0x00, 0x07,
    0xE3, 0xC7, 0x80, 0x00, 0x7E, 0x1C, 0x38, 0x00, 0x07, 0xE3, 0x83, 0x80, 0x00, 0xFF, 0x38, 0x38,
    0x0E, 0x1E, 0x7F, 0xBF, 0x81, 0xFF, 0xC3, 0xF3, 0xF0, 0x0F, 0xF8, 0x00, 0x7F, 0x00, 0x00, 0x7F,
    0xC0, 0x00, 0x78, 0xF0, 0x00, 0x38, 0x38, 0x00, 0x1C, 0x1C, 0x00, 0xFF, 0xFF, 0xE1, 0xFF, 0xFF,
    0xF9, 0xF7, 0x03, 0xBE, 0xE1, 0x81, 0xC7, 0x70, 0xE0, 0xE1, 0xF8, 0x70, 0x70, 0xFE, 0x3C, 0x70,
    0xEF, 0xFF, 0xFF, 0xF3, 0xFB, 0xFB, 0xF0, 0x0F, 0xF8, 0x0E, 0x3F, 0xF8, 0x1C, 0xF0, 0xF8, 0x3B,
    0x80, 0x78, 0x7E, 0x00, 0x70, 0xFF, 0xE0, 0xE1, 0xFF, 0xE1, 0xC3, 0xFB, 0xC3, 0x87, 0xE3, 0xC7,
    0x0F, 0xC3, 0x8E, 0x1F, 0x8E, 0x3C, 0x3F, 0x9C, 0xF0, 0x77, 0xF9, 0xFF, 0xE7, 0xE3, 0xFF, 0xC0,
    0x18, 0x1F, 0xC1, 0xC1, 0xFF, 0x1E, 0x1E, 0x3D, 0xE0, 0xE0, 0xEE, 0x07, 0x07, 0x70, 0x38, 0x3B,
    0x81, 0xC0, 0xFC, 0x0E, 0x06, 0xE0, 0x70, 0x77, 0x07, 0x03, 0xB8, 0x38, 0x3C, 0xE3, 0xC1, 0xC7,
    0xFC, 0x1C, 0x0F, 0xC0, 0x40, 0x3F, 0x01, 0xFC, 0x0E, 0xFF, 0x07, 0xFC, 0x1F, 0xCF, 0x1E, 0x3C,
    0x3F, 0x0E, 0x38, 0x38, 0x7E, 0x1C, 0x70, 0x70, 0xFC, 0x39, 0xC0, 0x71, 0xF8, 0x73, 0x80, 0xE3,
    0xB9, 0xFF, 0xFF, 0xC7, 0x61, 0xFF, 0xFF, 0x8E, 0x00, 0x1C, 0x00, 0x1C, 0x00, 0x38, 0x00, 0x38,
    0x00, 0x70, 0x00, 0x70, 0x00, 0xFF, 0xFF, 0xE0, 0x01, 0xFF, 0xFF, 0xC0, 0x0F, 0xF1, 0xFE, 0x1F,
    0xFD, 0xFF, 0x9F, 0x0F, 0xE1, 0xCE, 0x03, 0xE0, 0x7E, 0x01, 0xE0, 0x77, 0xF8, 0x70, 0x7B, 0xFE,
    0x38, 0xF9, 0xEF, 0x1C, 0x7E, 0xE3, 0xCE, 0x07, 0xF0, 0xE7, 0x01, 0xF8, 0x63, 0x80, 0xFE, 0x71,
    0xC0, 0x77, 0xF8, 0xE3, 0xF9, 0xF8, 0x73, 0xF8, 0x00, 0x00, 0x1C, 0x00, 0x00, 0x70, 0x00, 0x01,
    0xC0, 0x00, 0x07, 0x00, 0x00, 0x1C, 0x0F, 0xC0, 0x70, 0x7F, 0x81, 0xC3, 0x8E, 0x07, 0x0E, 0x38,
    0x1C, 0x38, 0x70, 0x70, 0xC1, 0x81, 0xC0, 0x0E, 0x07, 0xFF, 0xFF, 0xFF, 0xFF, 0xFF, 0xF0, 0x00,
    0x00, 0x0F, 0xF8, 0x00, 0x00, 0x1F, 0xFE, 0x00, 0x00, 0x1F, 0x07, 0x80, 0x00, 0x0E, 0x0F, 0xE0,
    0x3E, 0x0E, 0x0F, 0xF8, 0x3F, 0x87, 0x0F, 0x3C, 0x3D, 0xE3, 0x87, 0x0E, 0x1C, 0x71, 0xC7, 0x87,
    0x0E, 0x1C, 0xE3, 0x83, 0x87, 0x0E, 0x71, 0xC1, 0xC3, 0x0E, 0x3C, 0x70, 0xE0, 0x07, 0x0F, 0x38,
    0xFF, 0xFF, 0xFF, 0xCF, 0xF7, 0xFF, 0xFF, 0xC3, 0xF0, 0x3F, 0xE7, 0xE1, 0xFF, 0xFF, 0xCF, 0xE7,
    0xE7, 0xB9, 0xCF, 0x0E, 0xE7, 0x38, 0x1F, 0x9C, 0xE0, 0xEF, 0xF3, 0x83, 0x9F, 0x86, 0x7E, 0x7F,
    0xFF, 0xF3, 0xFF, 0xFF, 0xEE, 0x03, 0xF3, 0xB8, 0x7F, 0xCE, 0xFF, 0xE7, 0xF9, 0xFC, 0x0F, 0xC0,
    0x0F, 0xFF, 0xF0, 0x0E, 0x18, 0x3F, 0xFF, 0xF8, 0x0E, 0x3C, 0x7C, 0x7E, 0x7C, 0x0E, 0x3C, 0x70,
    0xFF, 0x1C, 0x0E, 0x1E, 0xE1, 0xE7, 0x1C, 0x0E, 0x0E, 0xE1, 0xC3, 0x9E, 0x0E, 0x0E, 0xE1, 0xC3,
    0x8E, 0x0E, 0x07, 0xE1, 0x83, 0x8E, 0x0E, 0x07, 0xE3, 0x83, 0x8E, 0x0E, 0x06, 0xE3, 0x83, 0x8E,
    0x1E, 0x0E, 0xF1, 0xC3, 0x8E, 0x1E, 0x0E, 0x79, 0xE7, 0x8F, 0x3F, 0x1C, 0x3C, 0xFF, 0x07, 0xFF,
    0xFC, 0x18, 0x7E, 0x03, 0xF3, 0xF0, 0x0F, 0xF1, 0xFF, 0xFE, 0x07, 0xFF, 0x7F, 0xFF, 0xE1, 0xF0,
    0xFE, 0x7E, 0x3E, 0x38, 0x0F, 0x1E, 0xE1, 0xEE, 0x01, 0xE3, 0x9E, 0x1D, 0xFE, 0x1C, 0xE1, 0xC3,
    0xBF, 0xE3, 0x9C, 0x38, 0x3F, 0xBC, 0x73, 0x83, 0x07, 0xE3, 0xCE, 0x70, 0x71, 0xDC, 0x39, 0xCE,
    0x0E, 0x3B, 0x86, 0x39, 0xC3, 0x8F, 0x79, 0xC7, 0x3C, 0xF3, 0xC7, 0xF8, 0xE3, 0xFC, 0x70, 0x7E,
    0x1C, 0x3F, 0x0C, 0x00, 0x1F, 0xF0, 0xFF, 0xF7, 0x87, 0x9C, 0x00, 0x70, 0x01, 0xE0, 0x03, 0xFF,
    0x07, 0xFE, 0x00, 0x38, 0x00, 0x70, 0x03, 0xDE, 0x1E, 0x7F, 0xF8, 0x7F, 0x80, 0x1F, 0xE0, 0x7F,
    0xE1, 0xE1, 0xE7, 0x81, 0xEE, 0x01, 0xDC, 0x03, 0xB8, 0x03, 0xF0, 0x07, 0xE0, 0x1D, 0xC0, 0x3B,
    0xC0, 0xF3, 0xC3, 0xC3, 0xFF, 0x03, 0xFC, 0x00, 0x1F, 0x80, 0x70, 0xC3, 0xFE, 0x03, 0x8F, 0x1C,
    0x78, 0x1C, 0x3D, 0xC1, 0xC0, 0xE0, 0xFE, 0x0E, 0x07, 0x03, 0xF0, 0x38, 0x38, 0x1F, 0x81, 0xC1,
    0xC0, 0xFC, 0x0E, 0x0E, 0x07, 0xE0, 0x70, 0x70, 0x3F, 0x03, 0x87, 0x81, 0xFC, 0x1C, 0x3C, 0x1E,
    0xF0, 0xF3, 0xF1, 0xE3, 0x83, 0xFF, 0xFE, 0x0C, 0x0F, 0xCF, 0xE0, 0x1F, 0x80, 0x71, 0xF8, 0x7F,
    0xC0, 0x73, 0xFC, 0x71, 0xE0, 0x73, 0x9E, 0xE0, 0xE0, 0x73, 0x8E, 0xE0, 0xE0, 0x73, 0x86, 0xE0,
    0x70, 0x73, 0x8F, 0xE0, 0x70, 0x73, 0xFF, 0xE0, 0x70, 0x71, 0xFE, 0xE0, 0x70, 0x70, 0x0E, 0xE0,
    0x70, 0xF0, 0x0E, 0xF0, 0x70, 0xF0, 0x1C, 0x78, 0x79, 0xF8, 0x7C, 0x38, 0x3F, 0xFF, 0xF8, 0x18,
    0x1F, 0x8F, 0xE0, 0x0F, 0xF3, 0xF9, 0xF8, 0x1F, 0xFF, 0xFF, 0xFF, 0x1F, 0x0F, 0xC7, 0xE3, 0x8E,
    0x03, 0xC1, 0xE0, 0xEE, 0x01, 0xE0, 0xF0, 0x77, 0xF8, 0x70, 0x70, 0x1B, 0xFE, 0x38, 0x38, 0x0F,
    0xEF, 0x1C, 0x1C, 0x07, 0xE3, 0xCE, 0x0E, 0x07, 0x70, 0xE7, 0x07, 0x03, 0xB8, 0x63, 0x83, 0x83,
    0xDE, 0x71, 0xC1, 0xC1, 0xC7, 0xF8, 0xE0, 0xE1, 0xC1, 0xF8, 0x70, 0x70, 0x40, 0x0F, 0xFF, 0xF0,
    0x3F, 0xFF, 0xF8, 0x7C, 0x7E, 0x3C, 0x70, 0xFF, 0x1E, 0xE0, 0xE7, 0x0E, 0xE1, 0xC3, 0x8E, 0xE1,
    0xC3, 0x87, 0xE1, 0x83, 0x87, 0xE3, 0x83, 0x8E, 0xE3, 0x83, 0x8E, 0xF1, 0xC3, 0x8E, 0x79, 0xE7,
    0x9C, 0x3C, 0xFF, 0x38, 0x18, 0x7E, 0x10, 0xE0, 0x7F, 0x1C, 0x1F, 0xFB, 0x87, 0x8F, 0x70, 0xE0,
    0x7E, 0x1C, 0x0F, 0xC7, 0x01, 0xF8, 0xE0, 0x3F, 0x1C, 0x07, 0xE3, 0x80, 0xFC, 0x70, 0x1F, 0x8E,
    0x03, 0xF1, 0xC0, 0x7F, 0xFF, 0xFF, 0xFF, 0xFF, 0xC0, 0x0F, 0xF0, 0xFF, 0xE7, 0xC3, 0x9C, 0x07,
    0xF0, 0x3B, 0x81, 0xEE, 0x3F, 0x38, 0xFE, 0xE0, 0x3F, 0x80, 0x7E, 0x01, 0xF8, 0x07, 0xE3, 0xFF,
    0x8F, 0xE0, 0x00, 0x00, 0x00, 0xC3, 0x8E, 0x0E, 0x1C, 0x78, 0xE0, 0xE1, 0xCF, 0x07, 0x07, 0x70,
    0x38, 0x3B, 0x81, 0xC1, 0xDC, 0x0E, 0x07, 0xE0, 0x70, 0x3F, 0x03, 0x83, 0xB8, 0x3C, 0x1D, 0xC1,
    0xE0, 0xE7, 0x9F, 0x8E, 0x1F, 0xFF, 0xF0, 0x7E, 0x7E, 0x00, 0x1F, 0x9F, 0x81, 0xFF, 0xFF, 0x1E,
    0x7E, 0x39, 0xE1, 0xE0, 0xEE, 0x0F, 0x07, 0x70, 0x38, 0x3B, 0x81, 0xC0, 0xFC, 0x0E, 0x07, 0xE0,
    0x70, 0x77, 0x03, 0x83, 0xBC, 0x1C, 0x1C, 0xE0, 0xE1, 0xC3, 0x87, 0x1E, 0x1C, 0x38, 0xE0, 0x00,
    0x00, 0x00, 0x0F, 0xF3, 0xF8, 0x3F, 0xFF, 0xFC, 0x7C, 0x3F, 0x1C, 0x70, 0x1E, 0x0E, 0xE0, 0x1E,
    0x0E, 0xFF, 0x0E, 0x06, 0xFF, 0x8E, 0x07, 0xF7, 0x8E, 0x07, 0xE3, 0xCE, 0x0E, 0xE1, 0xCE, 0x0E,
    0xE1, 0x8E, 0x1E, 0xF3, 0x8E, 0x1C, 0x7F, 0x8E, 0x38, 0x3F, 0x0E, 0x10, 0x00, 0x00, 0x70, 0x00,
    0x07, 0x00, 0x00, 0x70, 0x00, 0x07, 0x00, 0x00, 0x73, 0xF0, 0x07, 0x7F, 0x80, 0x7F, 0x3C, 0x07,
    0xE1, 0xC0, 0x7E, 0x1C, 0x07, 0xE1, 0xC0, 0x7E, 0x1C, 0x07, 0xF3, 0xFF, 0xF7, 0x1F, 0xFF, 0x00,
    0x00, 0x00, 0x00, 0x00, 0xFE, 0x00, 0x00, 0x7F, 0xE0, 0x00, 0x3C, 0x78, 0x00, 0x0E, 0x07, 0x00,
    0x03, 0x81, 0xCF, 0xC1, 0xC0, 0x77, 0xF8, 0x70, 0x1F, 0xCF, 0x1C, 0x07, 0xE1, 0xC7, 0x01, 0xF8,
    0x71, 0xC0, 0x7E, 0x1C, 0x70, 0x1F, 0x87, 0x1C, 0x07, 0xF3, 0xFF, 0xFF, 0xD8, 0x7F, 0xFF, 0xF0,
    0x00, 0x00, 0x00, 0x0F, 0xF3, 0xF8, 0x1C, 0xFF, 0xFF, 0xF0, 0x77, 0xC3, 0xF1, 0xC1, 0xDC, 0x07,
    0x83, 0x87, 0xE0, 0x1E, 0x0E, 0x1F, 0xFC, 0x38, 0x18, 0x7F, 0xF8, 0xE0, 0x71, 0xFD, 0xE3, 0x81,
    0xC7, 0xE3, 0xCE, 0x0E, 0x1F, 0x87, 0x38, 0x38, 0x7E, 0x18, 0xE0, 0xE1, 0xFC, 0xE3, 0x87, 0x07,
    0x7F, 0x8E, 0x3F, 0xFC, 0xFC, 0x38, 0x7F, 0xF0, 0x0F, 0xF8, 0x3F, 0xF8, 0xF0, 0x73, 0x80, 0x7F,
    0x3F, 0xDC, 0xFF, 0xB9, 0xC0, 0x73, 0x80, 0xE7, 0xF9, 0xC7, 0xFB, 0x80, 0x7F, 0x30, 0xEE, 0x7F,
    0xDC, 0xFF, 0x00, 0x1F, 0xF0, 0x7F, 0xF1, 0xE7, 0xF7, 0x86, 0xFE, 0x0E, 0xFC, 0x39, 0xF8, 0x73,
    0xF1, 0xE7, 0xE3, 0x8F, 0xCE, 0x1F, 0xBC, 0x3F, 0xF0, 0x7F, 0xFF, 0xFF, 0xFF, 0xC0, 0x3F, 0x7E,
    0x0C, 0x7F, 0xFF, 0x0E, 0xF1, 0xE7, 0x8F, 0xE1, 0xC3, 0x87, 0xE1, 0xC1, 0xC7, 0xE3, 0x81, 0xC7,
    0xE1, 0x81, 0x87, 0xE1, 0xC3, 0x87, 0xE1, 0xC3, 0x87, 0xF1, 0xC3, 0x8F, 0x78, 0xE7, 0x0E, 0x3C,
    0x7E, 0x3C, 0x1F, 0xFF, 0xF8, 0x0F, 0xFF, 0xF0, 0x0F, 0xF0, 0x1F, 0xFE, 0x1F, 0x0F, 0x8E, 0x1F,
    0xEE, 0x1F, 0xF7, 0x1F, 0x7B, 0x8E, 0x1D, 0xC7, 0x07, 0xE3, 0x83, 0xF1, 0xC3, 0xBC, 0xE1, 0xCF,
    0x79, 0xE3, 0x9F, 0xE0, 0xC7, 0xE0, 0x0F, 0xE0, 0x7F, 0xF1, 0xF1, 0xF3, 0x80, 0xFE, 0x00, 0xFC,
    0x01, 0xF8, 0x03, 0xF0, 0x07, 0xE0, 0x0F, 0xC0, 0x1F, 0x80, 0x3B, 0x80, 0xE7, 0x83, 0xC7, 0x07,
    0x00, 0x00, 0x00, 0x3F, 0xC0, 0xEF, 0xFC, 0x1F, 0xC3, 0xC3, 0xF0, 0x38, 0x7E, 0x07, 0x0F, 0xC0,
    0xE1, 0xF8, 0x1C, 0x3F, 0xFF, 0x87, 0xFF, 0xF0, 0xFC, 0x00, 0x1F, 0x80, 0x03, 0xF0, 0x00, 0x7F,
    0xFF, 0xFF, 0xFF, 0xFF, 0xC0, 0x0F, 0xFC, 0x1F, 0xFF, 0x1F, 0x03, 0xDF, 0xC0, 0xEF, 0xF0, 0x77,
    0xB8, 0x7B, 0x8E, 0xF9, 0xC7, 0x7C, 0xE7, 0x0F, 0x3F, 0x83, 0x9F, 0x80, 0xE0, 0x00, 0xE7, 0xFF,
    0xF7, 0xFF, 0xF3, 0xC0, 0x01, 0xC0, 0x00, 0xE0, 0x00, 0x7F, 0xFF, 0x9F, 0xFF, 0xC0, 0x61, 0xF9,
    0xC7, 0xFB, 0x8E, 0x77, 0x38, 0x7E, 0x70, 0xFC, 0x73, 0xB8, 0xE7, 0x3C, 0xFE, 0x3F, 0xF8, 0x3F,
    0xC0, 0x03, 0x01, 0x8E, 0x03, 0xFC, 0x07, 0xF0, 0x00, 0x0F, 0xF0, 0x1C, 0xFF, 0xE0, 0x77, 0xC7,
    0xC1, 0xDC, 0x07, 0x87, 0xE0, 0x0E, 0x1F, 0x80, 0x38, 0x7E, 0x00, 0xE1, 0xF8, 0x03, 0x87, 0xE0,
    0x0E, 0x1F, 0x80, 0x38, 0x7F, 0x01, 0xE1, 0xDC, 0x07, 0x07, 0x78, 0x3F, 0xFC, 0xE0, 0xFF, 0xF0,
    0x00, 0x00, 0x00, 0x18, 0x0F, 0xF0, 0x38, 0x1F, 0xFC, 0x78, 0x3C, 0x3E, 0xF0, 0x78, 0xFE, 0xE0,
    0x71, 0xFF, 0xE0, 0x73, 0xCF, 0xE0, 0x73, 0x87, 0xE0, 0x77, 0x87, 0xE0, 0x77, 0x07, 0xE0, 0xE7,
    0x07, 0xE0, 0xE3, 0x87, 0x71, 0xE3, 0x8F, 0x7F, 0xC1, 0xFE, 0x1F, 0x80, 0xFC, 0x00, 0x1F, 0x81,
    0xE0, 0x07, 0xF8, 0x3C, 0x00, 0xE7, 0x0F, 0x80, 0x1C, 0xE3, 0xF0, 0x03, 0x9C, 0xFE, 0x7E, 0x7B,
    0xBD, 0xDF, 0xE7, 0xFF, 0x3F, 0x9E, 0x7F, 0x87, 0xE1, 0xC1, 0xC0, 0xFC, 0x38, 0x38, 0x1F, 0x87,
    0x07, 0x03, 0xF0, 0xE0, 0xE0, 0x7F, 0x3F, 0xFF, 0xFE, 0xE3, 0xFF, 0xFF, 0xC0, 0x00, 0x00, 0x00,
    0x1F, 0x9F, 0x80, 0xC1, 0xFF, 0xFE, 0x0F, 0x1E, 0x7E, 0x78, 0x3D, 0xC1, 0xE1, 0xC0, 0xFE, 0x0F,
    0x0F, 0x03, 0xF0, 0x38, 0x38, 0x1F, 0x81, 0xC1, 0xC0, 0xFC, 0x0E, 0x0E, 0x07, 0xE0, 0x70, 0x70,
    0x3F, 0x03, 0x83, 0x81, 0xFC, 0x1C, 0x1C, 0x1E, 0xF0, 0xE0, 0xF1, 0xE3, 0x87, 0x03, 0xFF, 0x0C,
    0x38, 0x0F, 0xE0, 0x00, 0x00, 0x7F, 0x00, 0x00, 0x1F, 0xFC, 0x00, 0x03, 0xE3, 0xE0, 0x00, 0x78,
    0x0F, 0x00, 0x07, 0x00, 0x73, 0xF0, 0x70, 0x07, 0x7F, 0x87, 0x00, 0x7F, 0x3C, 0x70, 0x07, 0xE1,
    0xC7, 0x00, 0x7E, 0x1C, 0x70, 0x07, 0xE1, 0xC7, 0x80, 0xFE, 0x1C, 0x38, 0x0E, 0xF3, 0xFF, 0xC1,
    0xC6, 0x1F, 0xFC, 0x18, 0x00, 0x00, 0x00, 0x00, 0x00, 0x00, 0x00, 0xE0, 0x00, 0x1C, 0x00, 0x07,
    0x00, 0x00, 0xE0, 0x00, 0x1C, 0x00, 0x07, 0x00, 0x00, 0xE0, 0x00, 0x38, 0x00, 0x07, 0x00, 0x00,
    0xE0, 0x00, 0x38, 0x00, 0x07, 0x00, 0x00, 0xFF, 0xFF, 0xDF, 0xFF, 0xF8, 0x01, 0xC0, 0x00, 0x38,
    0x00, 0x07, 0x00, 0x00, 0xE0, 0x00, 0x1C, 0x00, 0xFF, 0xFF, 0xF8, 0x7D, 0xFF, 0xBF, 0x7E, 0xFF,
    0xDF, 0x00, 0x00, 0x7E, 0x00, 0x7F, 0x00, 0x79, 0xC0, 0x38, 0xE0, 0x1C, 0x00, 0x0E, 0x00, 0x07,
    0x00, 0x03, 0x80, 0x01, 0xC0, 0x00, 0xE0, 0x00, 0x70, 0x00, 0x38, 0x00, 0x1C, 0x00, 0x0E, 0x00,
    0x07, 0x00, 0x03, 0x80, 0x01, 0xC0, 0x00, 0xE0, 0x00, 0x70, 0x00, 0x38, 0x00, 0x1C, 0x00, 0x0C,
    0x03, 0x8E, 0x01, 0xE7, 0x00, 0x7F, 0x00, 0x1F, 0x00, 0x00, 0x3F, 0x87, 0xFC, 0x71, 0xEE, 0x0E,
    0xE0, 0xE0, 0x0E, 0x00, 0x70, 0x07, 0x00, 0x6E, 0x0E, 0xE0, 0xEF, 0x1E, 0x7F, 0xC3, 0xF8, 0x3E,
    0x3F, 0xEE, 0x3B, 0x8E, 0xE3, 0xB0, 0x70, 0x1C, 0x07, 0x01, 0xC0, 0x70, 0x1C, 0x07, 0x01, 0xC0,
    0x70, 0x1C, 0x07, 0x01, 0xC0, 0x70, 0x1C, 0x07, 0x01, 0xC0, 0x7F, 0x8F, 0xFC, 0xEF, 0xEE, 0x7E,
    0xEE, 0xEF, 0xE6, 0x7C, 0x70, 0x07, 0x00, 0x70, 0x07, 0x00, 0x70, 0x07, 0x00, 0x70, 0x07, 0x00,
    0x70, 0x07, 0x00, 0x70, 0x07, 0x00, 0x70, 0x07, 0x00, 0x70, 0x7C, 0x3F, 0x03, 0x80, 0xE0, 0x70,
    0x30, 0x38, 0x1C, 0x0E, 0x07, 0x03, 0x07, 0xC7, 0xF7, 0x1F, 0x8F, 0xC7, 0xE3, 0xFB, 0xDF, 0xC7,
    0xC0, 0x7C, 0x1F, 0x80, 0xE0, 0x1C, 0x07, 0x01, 0xC0, 0xE0, 0x38, 0x0E, 0x03, 0x80, 0xC0, 0xF8,
    0x7F, 0x3C, 0xEF, 0x3B, 0xFF, 0xFF, 0xBC, 0xE7, 0xF8, 0xFC, 0x03, 0x80, 0xC0, 0x70, 0x1C, 0x07,
    0x03, 0x80, 0xE0, 0x18, 0x07, 0x01, 0xC0, 0x70, 0x0E, 0x03, 0x80, 0xE3, 0xFF, 0xFF, 0xF7, 0xF8,
    0x7E, 0x1F, 0xDE, 0x7F, 0x8F, 0x80, 0x00, 0x70, 0x03, 0x00, 0x38, 0x01, 0xC0, 0x0C, 0x00, 0xE0,
    0x07, 0x00, 0x38, 0x00, 0xE0, 0x07, 0x00, 0x38, 0x01, 0xC0, 0x07, 0x00, 0x38, 0x01, 0xCF, 0xFE,
    0xFF, 0xFF, 0x7F, 0xFB, 0x3D, 0xF3, 0xE7, 0xFE, 0x1F, 0xE0, 0x0F, 0xF8, 0x1F, 0xFC, 0x3C, 0x1E,
    0x70, 0x0F, 0xE0, 0x07, 0xFF, 0x07, 0xFF, 0x87, 0xF7, 0x87, 0xE3, 0xC7, 0xE1, 0xC7, 0xE3, 0x8F,
    0xF3, 0x9E, 0x7F, 0x9C, 0x3F, 0x18, 0x0F, 0xF1, 0xFF, 0xDF, 0xEF, 0xEF, 0x7E, 0x3F, 0xF1, 0xFB,
    0x80, 0x1C, 0x3E, 0xE3, 0xFF, 0x1D, 0xFD, 0xCE, 0xFF, 0x73, 0xFF, 0x87, 0xF8, 0x0F, 0xF8, 0x03,
    0xFC, 0x07, 0xFF, 0x01, 0xFF, 0xC3, 0xC1, 0xE0, 0xF0, 0xF9, 0xC0, 0x3C, 0x70, 0x0F, 0xE0, 0x07,
    0x38, 0x01, 0xFF, 0xC1, 0xCF, 0xF0, 0x7F, 0xF8, 0x73, 0xFE, 0x1F, 0xDE, 0x1D, 0xF7, 0x87, 0xE3,
    0xC7, 0x70, 0xF1, 0xF8, 0x71, 0xCC, 0x1C, 0x7E, 0x38, 0xF3, 0x8E, 0x3F, 0xCE, 0x78, 0xF3, 0x9E,
    0x7F, 0x9C, 0x1F, 0xE7, 0x0F, 0xC6, 0x03, 0xF1, 0x80, 0x0F, 0xF8, 0x00, 0x7E, 0x07, 0xFF, 0x00,
    0x3F, 0xE3, 0xC1, 0xE0, 0x1E, 0x39, 0xC0, 0x3C, 0x07, 0x07, 0xE0, 0x07, 0x03, 0x81, 0xFF, 0xC1,
    0xCE, 0x00, 0x7F, 0xF8, 0x73, 0x80, 0x1F, 0xDE, 0x1C, 0xE0, 0x07, 0xE3, 0xC7, 0x00, 0x01, 0xF8,
    0x71, 0xC0, 0xE0, 0x7E, 0x38, 0xF0, 0x3C, 0x1F, 0xCE, 0x78, 0x07, 0x8E, 0x7F, 0x9C, 0x00, 0xFF,
    0x8F, 0xC6, 0x00, 0x1F, 0x80, 0x0F, 0xF0, 0x03, 0xF0, 0x7F, 0xF0, 0x0F, 0xF1, 0xFE, 0xE0, 0x38,
    0xF7, 0xB9, 0xC0, 0xE0, 0xEE, 0x3B, 0x81, 0xC1, 0xDC, 0x7F, 0x38, 0x03, 0xB8, 0x7C, 0x70, 0x03,
    0xF0, 0xF8, 0xE0, 0x07, 0xE3, 0xF8, 0x00, 0x0D, 0xC7, 0x70, 0x38, 0x3B, 0xDC, 0xE0, 0x70, 0x73,
    0xFD, 0xC0, 0x71, 0xE3, 0xFF, 0x80, 0xFF, 0x81, 0xFE, 0x00, 0x7E, 0x00, 0x0F, 0xF8, 0x00, 0x7C,
    0xFC, 0x0F, 0xFE, 0x00, 0x7F, 0xFF, 0x0F, 0x07, 0x80, 0x71, 0xF3, 0xCE, 0x01, 0xE0, 0x38, 0xF0,
    0xEE, 0x00, 0x70, 0x1C, 0x38, 0x77, 0xF8, 0x39, 0xCE, 0x1C, 0x1F, 0xFE, 0x1C, 0xE7, 0x0E, 0x0F,
    0xEF, 0x0E, 0x70, 0x00, 0x07, 0xE3, 0xC7, 0x00, 0x00, 0x07, 0x70, 0xE3, 0x80, 0x00, 0x03, 0xB8,
    0xE3, 0xC0, 0x00, 0x03, 0xDE, 0x73, 0xC0, 0x01, 0xC3, 0xC7, 0xF9, 0xC0, 0x01, 0xFF, 0xC1, 0xF8,
    0xC0, 0x00, 0x3F, 0xC0, 0xE1, 0xB8, 0x7E, 0x1F, 0x8E, 0xFF, 0x9F, 0xC0, 0xFF, 0xFE, 0x00, 0x3F,
    0x8F, 0xC3, 0x87, 0xFF, 0xFF, 0x1C, 0x7C, 0x3F, 0x3D, 0xC7, 0x80, 0xF0, 0xFE, 0x38, 0x07, 0x83,
    0xF1, 0xFC, 0x38, 0x1F, 0x8F, 0xF1, 0xC0, 0xFC, 0xFB, 0xCE, 0x07, 0xE7, 0x0E, 0x70, 0x3F, 0x1C,
    0x73, 0x81, 0xF8, 0xE3, 0x9C, 0x0F, 0xC7, 0x9C, 0xE0, 0x7F, 0x1F, 0xC7, 0x07, 0xB8, 0x7E, 0x38,
    0x39, 0xE0, 0x00, 0x03, 0xC7, 0xC0, 0x00, 0x7C, 0x1F, 0xC0, 0x1F, 0xC0, 0x3F, 0xFF, 0xF8, 0x00,
    0x7F, 0xFF, 0x00, 0xFC, 0x01, 0xFC, 0x00, 0x78, 0x00, 0x70, 0x00, 0xE0, 0x01, 0xC0, 0x07, 0xF0,
    0x1F, 0xF0, 0x7E, 0xE1, 0xEF, 0xC3, 0x9D, 0xC7, 0x3F, 0x0E, 0x3E, 0x1C, 0x3C, 0x38, 0x78, 0x71,
    0xF8, 0xEF, 0x79, 0xFC, 0x7B, 0xFF, 0xFF, 0xFF, 0xE0, 0x00, 0x00, 0x3F, 0x00, 0x00, 0x7F, 0x00,
    0x00, 0x70, 0x00, 0x00, 0x70, 0x00, 0x00, 0x70, 0x00, 0x00, 0x78, 0x3F, 0x7E, 0x38, 0x7F, 0xFF,
    0x1C, 0xF1, 0xE7, 0x9E, 0xE1, 0xC3, 0x8E, 0xE1, 0xC1, 0xC7, 0xE3, 0x81, 0xC7, 0xE1, 0x81, 0x87,
    0xE1, 0xC3, 0x87, 0xE1, 0xC3, 0x87, 0xF1, 0xE3, 0x87, 0x78, 0xE7, 0x0F, 0x3C, 0x7E, 0x3E, 0x1F,
    0xFF, 0xFC, 0x0F, 0xFF, 0xF0, 0x3F, 0x00, 0x1F, 0xC0, 0x00, 0xE0, 0x00, 0x70, 0x00, 0x38, 0x00,
    0x1C, 0x01, 0x8F, 0xF9, 0xCF, 0xFE, 0xE7, 0xE7, 0x77, 0xE1, 0xFF, 0x70, 0xFF, 0x9C, 0xEF, 0x8E,
    0x73, 0xC7, 0xF8, 0xFF, 0xF8, 0x7F, 0xF0, 0x38, 0x30, 0x1E, 0x38, 0x07, 0xFC, 0x01, 0xFC, 0x00,
    0x3E, 0x7E, 0x3F, 0xFF, 0xBC, 0xF1, 0xDC, 0x78, 0x7E, 0x1C, 0x3F, 0x0E, 0x1F, 0x87, 0x0F, 0x83,
    0x07, 0x00, 0x03, 0x80, 0x01, 0xC0, 0x01, 0xE0, 0xE1, 0xE0, 0xFF, 0xE0, 0x1F, 0xE0, 0x00, 0xFF,
    0xF0, 0x00, 0x07, 0xFF, 0xF0, 0x00, 0x38, 0x0F, 0xC0, 0x00, 0x00, 0x0F, 0x00, 0x00, 0x00, 0x3C,
    0x00, 0x00, 0x00, 0xF0, 0x00, 0x00, 0x03, 0x83, 0x0E, 0x0E, 0x0E, 0x38, 0x70, 0x70, 0x73, 0x83,
    0x83, 0x83, 0xBC, 0x1C, 0x1C, 0x1D, 0xC0, 0xE0, 0xE0, 0x6E, 0x07, 0x07, 0x03, 0xF0, 0x38, 0x38,
    0x1F, 0x81, 0xC1, 0xC0, 0xFC, 0x0E, 0x0E, 0x0E, 0xE0, 0xF0, 0x70, 0x77, 0x87, 0x87, 0x83, 0x9E,
    0x7E, 0x7E, 0x38, 0x7F, 0xFF, 0xFF, 0xC1, 0xF9, 0xF9, 0xF8, 0x00, 0x0F, 0xF0, 0x1F, 0xC7, 0xFF,
    0x87, 0xFD, 0xF0, 0xF8, 0xE3, 0xB8, 0x07, 0x9C, 0x7E, 0x00, 0x73, 0x8F, 0xC0, 0xFF, 0xFF, 0xF8,
    0x3F, 0xFF, 0xF7, 0x0F, 0x9C, 0x00, 0xE1, 0xC3, 0x80, 0x1C, 0x70, 0xE0, 0x03, 0xCE, 0x1C, 0x00,
    0x3C, 0xE7, 0x80, 0x03, 0xDF, 0xE0, 0x00, 0x31, 0xF8, 0x00, 0x00, 0x1F, 0x8F, 0xF8, 0x1F, 0xEF,
    0xFE, 0x1E, 0x7F, 0x3F, 0x9E, 0x1F, 0x0D, 0xEE, 0x0F, 0x07, 0x77, 0x03, 0x87, 0x3B, 0x81, 0xC3,
    0x8F, 0xC0, 0xE3, 0xC7, 0xE0, 0x61, 0xC3, 0xF0, 0x01, 0xC1, 0xFC, 0x01, 0xC0, 0xEE, 0x01, 0xC0,
    0x73, 0x81, 0xFF, 0xF9, 0xC0, 0xFF, 0xFC, 0x00, 0x00, 0x00, 0x00, 0x00, 0x03, 0xFF, 0x83, 0x8F,
    0xFE, 0x0F, 0x38, 0x78, 0x1C, 0xE3, 0xC0, 0x3B, 0x8E, 0x00, 0xEE, 0x38, 0x03, 0xB8, 0xE0, 0x07,
    0xE3, 0x80, 0x1F, 0x8E, 0x00, 0xEE, 0x38, 0x03, 0xB8, 0xF0, 0x1E, 0xE1, 0xF0, 0xF3, 0x83, 0xFF,
    0x8E, 0x07, 0xFC, 0x00, 0x1F, 0x80, 0x1F, 0x81, 0x87, 0xFC, 0x03, 0xFC, 0x1C, 0x71, 0xE0, 0x71,
    0xE1, 0xEE, 0x0E, 0x07, 0x0E, 0x0F, 0xE0, 0xE0, 0x70, 0xE0, 0x7E, 0x07, 0x0E, 0x0E, 0x07, 0xE0,
    0x70, 0xE0, 0xE0, 0x7E, 0x07, 0x0E, 0x0E, 0x07, 0xE0, 0x70, 0xE0, 0xE0, 0x7E, 0x07, 0x0E, 0x07,
    0x07, 0xF0, 0x70, 0xE0, 0x70, 0x77, 0x87, 0x9E, 0x07, 0x8E, 0x38, 0x3F, 0xC0, 0x3F, 0xE1, 0x81,
    0xF8, 0x01, 0xF8, 0x01, 0xC0, 0x7E, 0x00, 0x7E, 0x06, 0x00, 0x70, 0x3F, 0xC0, 0x3F, 0xC1, 0xC0,
    0x1C, 0x1E, 0x78, 0x1C, 0x78, 0x78, 0x07, 0x07, 0x0E, 0x07, 0x0E, 0x0F, 0x01, 0xC1, 0xC3, 0x81,
    0x83, 0x81, 0xC0, 0x70, 0x70, 0x70, 0xE0, 0xE0, 0x70, 0x1C, 0x1C, 0x1C, 0x38, 0x38, 0x1C, 0x07,
    0x07, 0x07, 0x0E, 0x0E, 0x07, 0x01, 0xC1, 0xC1, 0xC3, 0x83, 0x81, 0xC0, 0xF0, 0xF0, 0x70, 0xE0,
    0x70, 0x70, 0x3C, 0x38, 0x1C, 0x38, 0x1C, 0x1C, 0x1F, 0x9E, 0x07, 0x9E, 0x07, 0x8E, 0x7F, 0xFF,
    0x00, 0xFF, 0x00, 0xFF, 0x9F, 0x9F, 0x80, 0x1F, 0x80, 0x1F, 0x80, 0x0F, 0xF0, 0x3F, 0xC3, 0x1F,
    0xFE, 0x1F, 0xE3, 0x9F, 0x0F, 0x8E, 0x70, 0xEE, 0x01, 0xE7, 0x30, 0x7E, 0x00, 0x73, 0xB8, 0x3F,
    0x03, 0xFF, 0xCE, 0x1F, 0x83, 0xFF, 0xC7, 0x9F, 0xC3, 0xE7, 0x01, 0xFE, 0xE1, 0xC3, 0x80, 0x7E,
    0x71, 0xC3, 0x80, 0x00, 0x3C, 0xE1, 0xC0, 0x00, 0x0F, 0x39, 0xE0, 0x00, 0x03, 0xDF, 0xE0, 0x00,
    0x00, 0xC7, 0xE0, 0x00, 0x00, 0x00, 0x0F, 0xF0, 0x00, 0x00, 0x1F, 0xFE, 0x00, 0x00, 0x1F, 0x0F,
    0x80, 0x0F, 0x9E, 0x1F, 0xC7, 0xCF, 0xEE, 0x1F, 0xF7, 0xF7, 0x77, 0x1F, 0x7B, 0xBB, 0xBF, 0x0E,
    0x1D, 0xCF, 0xDF, 0x87, 0x07, 0xEE, 0xFE, 0xE3, 0x83, 0xFF, 0x3E, 0x71, 0xC3, 0x9F, 0x00, 0x3C,
    0xE1, 0xC0, 0x00, 0x0F, 0x79, 0xE0, 0x00, 0x07, 0x9F, 0xE0, 0x00, 0x00, 0xC7, 0xE0, 0x00, 0x3F,
    0x0F, 0xC7, 0xF9, 0xFE, 0xE3, 0x9C, 0x7E, 0x39, 0x87, 0xE3, 0x9C, 0x7F, 0xF9, 0xFF, 0xFF, 0x0F,
    0xFF, 0x00, 0x0F, 0x7C, 0x03, 0xE3, 0xFF, 0xFC, 0x1F, 0xFF, 0x87, 0xF0, 0xFE, 0x73, 0xFC, 0xEE,
    0x7F, 0xEE, 0xE7, 0xFE, 0x77, 0x76, 0xEE, 0x7C, 0x03, 0xE3, 0xFF, 0xFC, 0x0F, 0xFF, 0x00, 0x0F,
    0xF1, 0xFE, 0x00, 0x3F, 0xFB, 0xFF, 0x00, 0x7C, 0x3F, 0x87, 0x80, 0x70, 0x1E, 0x01, 0xC0, 0xE0,
    0x1E, 0x0F, 0xC0, 0xFF, 0x0E, 0x3F, 0xF0, 0xFF, 0x8E, 0x7C, 0xFC, 0xF7, 0x8E, 0x70, 0xFC, 0xE3,
    0xCE, 0x60, 0xEE, 0xE1, 0xCE, 0xE0, 0xEE, 0xE1, 0x8E, 0x70, 0xE6, 0xF3, 0x8E, 0x71, 0xE7, 0x7F,
    0x8E, 0x7F, 0xC7, 0x3F, 0x0E, 0x1F, 0x8E, 0x00, 0x00, 0x00, 0x0E, 0x00, 0x00, 0x00, 0x1E, 0x00,
    0x00, 0x0C, 0x7C, 0x00, 0x00, 0x1F, 0xF8, 0x00, 0x00, 0x0F, 0xE0, 0x3F, 0x9F, 0x8F, 0xFF, 0xFB,
    0xC3, 0xFF, 0xFF, 0x7F, 0xFF, 0xE7, 0xEF, 0xDE, 0xF9, 0xFB, 0x9F, 0xBF, 0xF3, 0xFF, 0x7C, 0x77,
    0xC0, 0x3F, 0x9F, 0xC0, 0x7F, 0xFF, 0xE0, 0xF0, 0xFB, 0xF0, 0xFE, 0xFF, 0xFC, 0xFE, 0x7F, 0x1E,
    0xEF, 0x7E, 0x1E, 0xEE, 0x7E, 0x3F, 0xFE, 0x7F, 0xFF, 0x7C, 0x77, 0xEF, 0x00, 0x00, 0x0E, 0x1F,
    0xC3, 0xFF, 0x1C, 0x3D, 0xC0, 0xEE, 0x07, 0x70, 0x1F, 0x80, 0xFC, 0x0E, 0xE0, 0x73, 0xC7, 0x9F,
    0xF8, 0x3F, 0x80, 0x00, 0x1F, 0xC0, 0x03, 0xFF, 0x00, 0x1C, 0x3C, 0x01, 0xC0, 0xE0, 0x0E, 0x07,
    0x00, 0x70, 0x1C, 0x03, 0x80, 0xE0, 0x1C, 0x07, 0x00, 0xE0, 0x38, 0x07, 0x01, 0xC0, 0x38, 0x0E,
    0x01, 0xC0, 0x77, 0xFF, 0xFF, 0xFF, 0xFF, 0xFF, 0xC0, 0x00, 0x1C, 0x00, 0x00, 0xE0, 0x00, 0x07,
    0xFE, 0x00, 0x1F, 0xF0, 0x00, 0x0F, 0xF0, 0x03, 0xFF, 0x80, 0x7C, 0x7C, 0x07, 0x01, 0xE0, 0xE0,
    0x0E, 0x0E, 0x00, 0xE0, 0xE0, 0x0E, 0x0E, 0x00, 0xE0, 0xE0, 0x0E, 0x0E, 0x00, 0xE0, 0xF0, 0x1E,
    0x07, 0x01, 0xC0, 0x78, 0x3F, 0xF3, 0x83, 0xFF, 0x00, 0x00, 0x00, 0x1F, 0x9F, 0xC0, 0x0F, 0xFF,
    0xF8, 0x07, 0x9F, 0x8F, 0x03, 0xC3, 0xC1, 0xE0, 0xE0, 0xF0, 0x38, 0x38, 0x1C, 0x0E, 0x0E, 0x07,
    0x03, 0x83, 0x81, 0xC0, 0xE0, 0xE0, 0x70, 0x38, 0x38, 0x1C, 0x0E, 0x0F, 0x07, 0x07, 0x81, 0xC1,
    0xC3, 0xC0, 0x38, 0x70, 0xFF, 0xCE, 0x1C, 0x3F, 0xF0, 0x00, 0x00, 0x00, 0x00, 0x00, 0x00, 0x00,
    0x1C, 0x00, 0x03, 0x80, 0x00, 0x70, 0x00, 0x0E, 0x1F, 0xE3, 0xCF, 0xFF, 0xF3, 0xE1, 0xF8, 0x70,
    0x7F, 0x1C, 0x1F, 0xE3, 0x87, 0x8E, 0x71, 0xE1, 0xCE, 0x38, 0x39, 0xC7, 0x07, 0x38, 0xE0, 0xE7,
    0x9C, 0x1C, 0x7B, 0xC7, 0x87, 0x3F, 0xE0, 0x63, 0xF8, 0x00, 0x01, 0xFF, 0x00, 0x1F, 0xFF, 0x00,
    0xFC, 0x7E, 0x07, 0x80, 0x3C, 0x38, 0x00, 0x79, 0xC3, 0xF8, 0xE7, 0x1F, 0xF3, 0xF8, 0xF1, 0xC7,
    0xE7, 0x03, 0x9F, 0x9C, 0x0C, 0x7E, 0x70, 0x71, 0xF9, 0xCF, 0x87, 0xE7, 0x3E, 0x1F, 0x9C, 0x3C,
    0x7E, 0x70, 0x39, 0xF9, 0xC0, 0xE7, 0xE3, 0x83, 0x9D, 0xCE, 0x0E, 0xE7, 0x10, 0x39, 0x8E, 0x00,
    0xE0, 0x1E, 0x0F, 0x00, 0x3F, 0xF8, 0x00, 0x7F, 0xC0, 0x00, 0x1F, 0x9F, 0x9F, 0x81, 0xFF, 0xFF,
    0xFF, 0x1E, 0x7E, 0x7E, 0x39, 0xE1, 0xE1, 0xE0, 0xEE, 0x0F, 0x07, 0x07, 0x70, 0x38, 0x38, 0x3B,
    0x81, 0xC1, 0xC0, 0xDC, 0x0E, 0x0E, 0x07, 0xE0, 0x70, 0x70, 0x3F, 0x03, 0x83, 0x81, 0xFC, 0x1C,
    0x1C, 0x0C, 0xE0, 0xE0, 0xE0, 0xE3, 0x87, 0x07, 0x07, 0x0C, 0x38, 0x38, 0x38, 0x00, 0x00, 0x03,
    0x80, 0x00, 0x00, 0x3C, 0x00, 0x00, 0x03, 0xC0, 0x00, 0x07, 0xFC, 0x00, 0x00, 0x3F, 0xC0, 0x0F,
    0xF0, 0x0F, 0xFE, 0x0F, 0x0F, 0x8E, 0x01, 0xCE, 0x00, 0x77, 0xF8, 0x3B, 0xFE, 0x1D, 0xEF, 0x06,
    0xE3, 0xC3, 0xF0, 0xE1, 0xF8, 0xE0, 0xDE, 0x70, 0xE7, 0xF8, 0x71, 0xF8, 0x38, 0x00, 0x38, 0x00,
    0x3C, 0x08, 0xFC, 0x07, 0xFC, 0x03, 0xF8, 0x00, 0x0F, 0xF0, 0x1C, 0xFF, 0xE0, 0x77, 0xC7, 0xC1,
    0xDC, 0x07, 0x87, 0xE0, 0x0E, 0x1F, 0x80, 0x38, 0x7E, 0x00, 0xE1, 0xF8, 0x03, 0x87, 0xE0, 0x0E,
    0x1F, 0x80, 0x38, 0x7F, 0x01, 0xE1, 0xDC, 0x07, 0x07, 0x78, 0x3F, 0xFC, 0xE0, 0xFF, 0xE0, 0x00,
    0x03, 0x80, 0x00, 0x1E, 0x00, 0x00, 0xF0, 0x00, 0xFF, 0x80, 0x03, 0xFC, 0x00, 0x00, 0x00, 0x00,
    0x00, 0x00, 0x00, 0x1C, 0x00, 0x00, 0x03, 0x80, 0x00, 0x00, 0x70, 0x00, 0x00, 0x0E, 0x3F, 0x1F,
    0xE3, 0xCF, 0xF7, 0xFF, 0xF3, 0xCF, 0xE0, 0xF8, 0xE0, 0xF8, 0x3F, 0x1C, 0x1E, 0x0F, 0xE3, 0x81,
    0xC3, 0x8E, 0x70, 0x38, 0xE1, 0xCE, 0x07, 0x1C, 0x39, 0xC0, 0xE7, 0x07, 0x38, 0x1C, 0xE0, 0xE7,
    0x83, 0x8E, 0x1C, 0x78, 0x71, 0xC7, 0x87, 0x0E, 0x3F, 0xE0, 0x61, 0xC1, 0xF8, 0x00, 0x00, 0x00,
    0x00, 0x00, 0x1C, 0x1C, 0x38, 0x01, 0xC1, 0xC3, 0xC0, 0x1C, 0x1C, 0x1C, 0x01, 0xC1, 0xC0, 0xE0,
    0x1C, 0x1C, 0x0E, 0x01, 0xC1, 0xC0, 0xE0, 0x1C, 0x1C, 0x07, 0x01, 0xC1, 0xC0, 0x70, 0x1C, 0x1C,
    0x0E, 0x01, 0xC1, 0xE0, 0xE0, 0x1C, 0x1E, 0x0E, 0x01, 0xE3, 0xF3, 0xC0, 0x1F, 0xFF, 0xFC, 0x03,
    0xBF, 0x3F, 0x00, 0x38, 0x00, 0x00, 0x07, 0x80, 0x00, 0x01, 0xF0, 0x00, 0x00, 0xFE, 0x00, 0x00,
    0x0F, 0xC0, 0x00, 0x00, 0x1F, 0x9F, 0x81, 0xFF, 0xFF, 0x1E, 0x7E, 0x39, 0xE1, 0xE0, 0xEE, 0x0F,
    0x07, 0x70, 0x38, 0x3B, 0x81, 0xC0, 0xDC, 0x0E, 0x07, 0xE0, 0x70, 0x3F, 0x03, 0x81, 0xFC, 0x1C,
    0x0C, 0xE0, 0xE0, 0xE3, 0x87, 0x07, 0x1C, 0x38, 0x38, 0x00, 0x03, 0x80, 0x00, 0x3C, 0x00, 0x03,
    0xC0, 0x07, 0xFC, 0x00, 0x3F, 0xC0, 0x1F, 0x8F, 0xF0, 0x3F, 0x8F, 0xFF, 0xFE, 0x1F, 0xF7, 0x9F,
    0xC3, 0xC7, 0x1F, 0x83, 0xC0, 0x79, 0xC7, 0xE0, 0xF0, 0x0E, 0x71, 0xF8, 0x1C, 0x3F, 0xFF, 0xFE,
    0x07, 0x1F, 0xFF, 0xFB, 0x81, 0xCF, 0x1C, 0x00, 0xE0, 0x73, 0x87, 0x00, 0x38, 0x1D, 0xC3, 0x80,
    0x0F, 0x07, 0x70, 0xE0, 0x01, 0xE1, 0xCE, 0x78, 0x00, 0x38, 0x73, 0xFC, 0x00, 0x06, 0x1C, 0x7E,
    0x00, 0x00, 0x0F, 0xFF, 0xCF, 0xFF, 0xF7, 0xC0, 0x03, 0xC0, 0x00, 0xFF, 0x00, 0x3F, 0xE0, 0x0F,
    0x78, 0x03, 0x8F, 0x00, 0xE1, 0xC0, 0x38, 0xE0, 0x0F, 0x38, 0x01, 0xFE, 0x00, 0x3F, 0x00, 0x00,
    0x00, 0x1C, 0x00, 0x00, 0xE0, 0x00, 0x07, 0x00, 0x00, 0x38, 0x00, 0x01, 0xC0, 0x00, 0x0E, 0x00,
    0x1F, 0xFC, 0x03, 0xFF, 0xF8, 0x3E, 0x1F, 0xE3, 0xC0, 0xE7, 0xBC, 0x07, 0x1D, 0xFE, 0x38, 0x7F,
    0xF9, 0xC3, 0xFB, 0xCE, 0x1F, 0x8F, 0x70, 0xFC, 0x3B, 0x87, 0xE3, 0x9C, 0x3F, 0x9C, 0xF3, 0xDF,
    0xE3, 0xFC, 0x7E, 0x0F, 0xC0, 0x00, 0x00, 0x00, 0x00, 0x00, 0x00, 0x00, 0x70, 0x00, 0x00, 0x01,
    0xC0, 0x00, 0x00, 0x07, 0x00, 0x00, 0x00, 0x1C, 0x3F, 0xC7, 0xF9, 0xF3, 0xFF, 0xBF, 0xFF, 0x1F,
    0x0F, 0xE1, 0xF8, 0x70, 0x1E, 0x0F, 0xC3, 0x80, 0x78, 0x7B, 0x8F, 0xF0, 0xE3, 0x8E, 0x3F, 0xE3,
    0x9C, 0x38, 0xF7, 0x8E, 0x70, 0x73, 0x8F, 0x39, 0xC1, 0xCE, 0x1C, 0xE7, 0x06, 0x38, 0x63, 0x9C,
    0x38, 0xF3, 0x8E, 0x79, 0xE1, 0xFE, 0x38, 0xFF, 0x03, 0xF0, 0xE1, 0xF8, 0x00, 0x00, 0x00, 0x0F,
    0xF8, 0x00, 0x00, 0x0F, 0xFE, 0x00, 0x00, 0x0F, 0x1F, 0x80, 0x00, 0x0F, 0x0E, 0xE0, 0x00, 0x07,
    0x07, 0x71, 0xF8, 0x03, 0x83, 0xB9, 0xFE, 0x01, 0xC1, 0xCF, 0xE7, 0x80, 0xE1, 0xC7, 0xE1, 0xC0,
    0x71, 0xE3, 0xF0, 0xE0, 0x39, 0xE1, 0xF8, 0x70, 0x1D, 0xE0, 0xFC, 0x38, 0x0F, 0xE0, 0x7F, 0x3F,
    0xFF, 0xFF, 0xFB, 0x0F, 0xFF, 0xFF, 0xFC, 0x00, 0x00, 0x00, 0x00, 0x00, 0x00, 0xFC, 0x7F, 0x80,
    0x00, 0x00, 0x7F, 0xFF, 0xF0, 0x00, 0x00, 0x3C, 0xFE, 0x1E, 0x18, 0x00, 0x1C, 0x1E, 0x03, 0xC7,
    0x00, 0x07, 0x03, 0x80, 0x73, 0x8F, 0xC1, 0xC0, 0xE1, 0xFF, 0xE7, 0xF8, 0x70, 0x38, 0xFF, 0xF3,
    0xCF, 0x1C, 0x0E, 0x78, 0xE0, 0xE1, 0xC7, 0x00, 0x1C, 0x38, 0x38, 0x71, 0xC0, 0x0E, 0x1C, 0x0E,
    0x1C, 0x78, 0x03, 0x87, 0x03, 0x87, 0x0F, 0x00, 0x73, 0xC0, 0x73, 0xFF, 0xC0, 0x1F, 0xE0, 0x18,
    0x7F, 0xF0, 0x03, 0xF0, 0x00, 0x01, 0xC0, 0x7E, 0x00, 0x7E, 0x3F, 0xE0, 0x07, 0x03, 0xFC, 0x03,
    0xFD, 0xFF, 0xC0, 0x1C, 0x1E, 0x78, 0x1C, 0x7E, 0x3F, 0x80, 0x70, 0x70, 0xE0, 0x70, 0xF0, 0xEF,
    0x01, 0xC1, 0xC3, 0x81, 0x83, 0xC3, 0x9C, 0x07, 0x07, 0x07, 0x0E, 0x0F, 0x0E, 0x70, 0x1C, 0x1C,
    0x1C, 0x38, 0x38, 0x39, 0xC0, 0x70, 0x70, 0x70, 0xE0, 0xE1, 0xE7, 0x01, 0xC1, 0xC1, 0xC3, 0x81,
    0x8F, 0x1C, 0x0F, 0x0F, 0x07, 0x0E, 0x00, 0x78, 0x70, 0x3C, 0x38, 0x1C, 0x38, 0x03, 0xC1, 0xC1,
    0xF9, 0xE0, 0x79, 0xE0, 0x1E, 0x07, 0x7F, 0xFF, 0x00, 0xFF, 0x00, 0x7F, 0xFD, 0xF9, 0xF8, 0x01,
    0xF8, 0x01, 0xFF, 0xF0, 0x1F, 0x8F, 0xF0, 0x07, 0xFF, 0xFF, 0x01, 0xE7, 0xF0, 0xF0, 0x70, 0x78,
    0x0F, 0x0E, 0x0F, 0x00, 0xE1, 0xC0, 0xE1, 0xFF, 0xF8, 0x1C, 0x7F, 0xFF, 0x03, 0x9E, 0x38, 0xE0,
    0x73, 0x87, 0x1C, 0x0E, 0xE1, 0xC3, 0xC1, 0xDC, 0x38, 0x3C, 0x39, 0xCF, 0x03, 0x87, 0x3F, 0xC0,
    0x30, 0xE3, 0xF0, 0x00, 0x00, 0x00, 0x00, 0x0F, 0x80, 0x00, 0x00, 0x00, 0xFC, 0x00, 0x00, 0x00,
    0x01, 0xC0, 0x00, 0x00, 0x00, 0x0E, 0x00, 0x00, 0x00, 0x01, 0xC0, 0x00, 0x00, 0x00, 0x1C, 0x0F,
    0xF3, 0xF8, 0xFF, 0x83, 0xFF, 0xFF, 0xFF, 0xF8, 0x7C, 0x3F, 0x1F, 0xCF, 0xC7, 0x01, 0xE0, 0xF1,
    0xFE, 0xE0, 0x1E, 0x0F, 0x1C, 0xEF, 0xF0, 0xE0, 0xF3, 0x87, 0xFF, 0x8E, 0x0E, 0x38, 0x7F, 0x78,
    0xE0, 0xE3, 0x87, 0xE3, 0xCE, 0x0E, 0x38, 0x7E, 0x1C, 0xE0, 0xE3, 0x87, 0xE1, 0x8E, 0x0E, 0x38,
    0x7F, 0x38, 0xE0, 0xE3, 0xCF, 0x7F, 0x8E, 0x0E, 0x1F, 0xE3, 0xF0, 0xE0, 0xE0, 0xFC, 0x00, 0x00,
    0xFC, 0x00, 0x00, 0x3F, 0x00, 0x00, 0x03, 0x80, 0x00, 0x01, 0xC0, 0x00, 0x00, 0xE0, 0x00, 0x00,
    0x70, 0x7E, 0x3F, 0xF0, 0x7F, 0xBF, 0xF8, 0x79, 0xFC, 0x7E, 0x70, 0x7C, 0x77, 0x38, 0x3C, 0x39,
    0xDC, 0x0E, 0x38, 0xEE, 0x07, 0x1C, 0x77, 0x03, 0x8C, 0x1F, 0x81, 0xCE, 0x0F, 0xC0, 0xE7, 0x07,
    0xF0, 0x71, 0xC7, 0x3C, 0x38, 0xE3, 0x8E, 0x1C, 0x3F, 0x83, 0x0E, 0x0F, 0x80, 0x00, 0xFC, 0x00,
    0x3F, 0x00, 0x03, 0x80, 0x01, 0xC0, 0x00, 0xE0, 0x00, 0x70, 0x3F, 0xF0, 0x7F, 0xF8, 0x7C, 0x7E,
    0x38, 0x77, 0x38, 0x39, 0xDC, 0x38, 0xEE, 0x1C, 0x77, 0x0C, 0x1F, 0x8E, 0x0F, 0xC7, 0x07, 0xF1,
    0xC7, 0x3C, 0xE3, 0x8F, 0x3F, 0x83, 0x0F, 0x80, 0x00, 0x00, 0x0F, 0x80, 0x00, 0x00, 0xFC, 0x00,
    0x00, 0x01, 0xC0, 0x00, 0x00, 0x0E, 0x00, 0x00, 0x01, 0xC0, 0x00, 0x00, 0x1C, 0x0F, 0xFF, 0xFF,
    0x83, 0xFF, 0xFF, 0xF8, 0x7C, 0x7E, 0x0F, 0xC7, 0x0F, 0xF1, 0xFE, 0xE1, 0xE7, 0x1C, 0xEE, 0x1C,
    0x3B, 0x87, 0xE1, 0xC3, 0xB8, 0x7E, 0x18, 0x3B, 0x87, 0xE3, 0x83, 0xB8, 0x7E, 0x38, 0x3B, 0x87,
    0xF1, 0xC3, 0xB8, 0x77, 0x9E, 0x7B, 0xCF, 0x3C, 0xFF, 0x1F, 0xE1, 0x87, 0xE0, 0xFC, 0x00, 0x00,
    0xF8, 0x00, 0x00, 0x7E, 0x00, 0x00, 0x07, 0x00, 0x00, 0x01, 0xC0, 0x00, 0x01, 0xC0, 0x00, 0x00,
    0xE0, 0x60, 0x3F, 0xE0, 0x70, 0x3F, 0xF0, 0x78, 0x3C, 0xFC, 0x78, 0x3C, 0xFF, 0x38, 0x1C, 0x73,
    0xDC, 0x0E, 0x70, 0xEE, 0x07, 0x38, 0x77, 0x03, 0x9C, 0x1F, 0x81, 0xCE, 0x0F, 0xC1, 0xC7, 0x07,
    0xE0, 0xE3, 0x87, 0x38, 0xF1, 0xE7, 0x9F, 0xF0, 0x7F, 0x83, 0xF0, 0x1F, 0x80, 0x00, 0x00, 0x0F,
    0xC0, 0x00, 0x00, 0x7F, 0x00, 0x00, 0x00, 0x38, 0x00, 0x00, 0x01, 0xC0, 0x00, 0x00, 0x0E, 0x00,
    0x00, 0x00, 0x70, 0x01, 0xFC, 0x07, 0x00, 0x1F, 0xF0, 0x38, 0x01, 0xE3, 0xC3, 0x80, 0x0E, 0x0E,
    0x1C, 0x00, 0x70, 0x71, 0xC0, 0x3F, 0xFF, 0xFF, 0x87, 0xFF, 0xFF, 0xFE, 0x7D, 0xC0, 0xE7, 0x7B,
    0x86, 0x07, 0x31, 0xDC, 0x38, 0x3B, 0x87, 0xE1, 0xC1, 0xDC, 0x3F, 0x0F, 0x1C, 0x73, 0xBF, 0xFF,
    0xE3, 0xFC, 0xFE, 0xFE, 0x0F, 0xC0, 0x04, 0x00, 0x60, 0x60, 0x62, 0x06, 0x00, 0x0C, 0x03, 0xC0,
    0x30, 0x00, 0x00, 0x06, 0x06, 0x26, 0x60, 0x60, 0xFF, 0xFF, 0xFF, 0x01, 0xE0, 0x3C, 0x07, 0x80,
    0xF0, 0x1E, 0x03, 0xC0, 0x78, 0x0F, 0x01, 0xE0, 0x3C, 0x07, 0x80, 0xF0, 0x1E, 0x03, 0xFF, 0xFF,
    0xFC, 0x7E, 0xFF, 0xE7, 0xE7, 0xE7, 0xFF, 0x7E, 0x00, 0x7D, 0xFF, 0xFF, 0x7F, 0xFB, 0xF8, 0x3F,
    0x1F, 0xEF, 0x3F, 0x87, 0xE1, 0xF8, 0x7E, 0x1F, 0xCF, 0x7F, 0x8F, 0xC0, 0x7D, 0xFF, 0xBF, 0x7F,
    0xEF, 0x80, 0x3E, 0xFF, 0xDF, 0xBF, 0x7F, 0xEF, 0x80, 0x07, 0x00, 0x38, 0x39, 0xCF, 0xCE, 0x7E,
    0x73, 0xF3, 0x9F, 0x80, 0xFE, 0x0F, 0x7F, 0xF1, 0xFF, 0x00, 0x0F, 0xFF, 0xF1, 0xFE, 0x03, 0xFF,
    0xFF, 0xFF, 0xF8, 0x7C, 0x7F, 0x3F, 0x87, 0xC7, 0x0E, 0x39, 0xE1, 0xFC, 0xE1, 0xC3, 0x9E, 0x3F,
    0xEE, 0x1C, 0x38, 0xE7, 0x9E, 0xE1, 0xDF, 0x0E, 0x70, 0xEE, 0x39, 0xF0, 0xE7, 0x07, 0xE3, 0x87,
    0x8E, 0x70, 0x7E, 0x1C, 0x38, 0xE7, 0x0E, 0xF1, 0xC3, 0x8E, 0x70, 0xE7, 0x9E, 0x38, 0xE7, 0x9E,
    0x38, 0xFF, 0x8E, 0x3F, 0xC1, 0x87, 0xF0, 0xE1, 0xF8, 0x0F, 0xFF, 0xE1, 0xFE, 0x00, 0x3F, 0xFF,
    0xFB, 0xFF, 0x00, 0x7C, 0x7F, 0x3F, 0x87, 0x80, 0x70, 0xE3, 0x9E, 0x01, 0xC0, 0xE1, 0xC3, 0x9E,
    0x0F, 0xC0, 0xE1, 0xC3, 0x8E, 0x3F, 0xF0, 0xE1, 0xDF, 0x0E, 0x7C, 0xFC, 0xE3, 0x9F, 0x0E, 0x70,
    0xEC, 0xE3, 0x87, 0x8E, 0x60, 0xEE, 0xE1, 0xC3, 0x8E, 0xE0, 0xEE, 0xF1, 0xC3, 0x8E, 0x70, 0xE6,
    0x79, 0xE3, 0x8E, 0x71, 0xE7, 0x38, 0xFF, 0x8E, 0x7F, 0xC7, 0x18, 0x7F, 0x0E, 0x3F, 0x8E, 0x00,
    0x00, 0x00, 0x00, 0x0E, 0x00, 0x00, 0x00, 0x00, 0x1E, 0x00, 0x00, 0x00, 0x0C, 0x7C, 0x00, 0x00,
    0x00, 0x1F, 0xF8, 0x00, 0x00, 0x00, 0x0F, 0xE0, 0x1F, 0xE3, 0xF0, 0x7F, 0xFF, 0xF9, 0xE1, 0xFC,
    0xF7, 0xF0, 0xF0, 0x7F, 0xF1, 0xC0, 0xFE, 0xE3, 0x81, 0xF8, 0xE7, 0x03, 0xF1, 0xCE, 0x07, 0xE7,
    0x1C, 0x0E, 0xFE, 0x38, 0x1D, 0xF8, 0x70, 0x78, 0x00, 0x03, 0xE7, 0xFF, 0xFF, 0x9F, 0xFF, 0xFC,
    0x3C, 0x00, 0x00, 0x70, 0x00, 0x00, 0xE0, 0x00, 0x01, 0xFF, 0xFF, 0xFD, 0xFF, 0xFF, 0xF8, 0x1F,
    0xE3, 0xF0, 0x3F, 0x3F, 0x0F, 0xFF, 0xFF, 0x1F, 0xFF, 0xE7, 0x87, 0xF3, 0xC7, 0x1E, 0x3B, 0xF8,
    0x78, 0x39, 0xC7, 0x87, 0xFF, 0x1C, 0x0E, 0xE1, 0xC1, 0xFD, 0xC7, 0x03, 0x98, 0x70, 0x7E, 0x39,
    0xC0, 0xE7, 0x1C, 0x1F, 0x8E, 0x70, 0x39, 0x03, 0x07, 0xF7, 0x1C, 0x0E, 0x00, 0x01, 0xDF, 0xC7,
    0x03, 0x80, 0x00, 0x73, 0xE1, 0xC1, 0xE0, 0x00, 0x3C, 0x00, 0x01, 0xF0, 0x0C, 0x1E, 0x7F, 0xFF,
    0xF8, 0x07, 0xFF, 0x3F, 0xFF, 0xF8, 0x00, 0xFF, 0x8F, 0x00, 0x00, 0x00, 0x00, 0x03, 0x80, 0x00,
    0x00, 0x00, 0x00, 0xF0, 0x00, 0x00, 0x00, 0x00, 0x3F, 0xFF, 0xFF, 0x80, 0x00, 0x03, 0xFF, 0xFF,
    0xE0, 0x00, 0x00, 0x1F, 0xF0, 0x3F, 0xF8, 0x78, 0x3C, 0xFE, 0x1E, 0xFF, 0x0E, 0xF7, 0x0E, 0xE3,
    0x87, 0xE3, 0x87, 0xE7, 0x0E, 0x7F, 0x0E, 0x7E, 0x1E, 0x00, 0x7C, 0x7F, 0xF8, 0xFF, 0xE0, 0xF0,
    0x00, 0xE0, 0x00, 0xE0, 0x00, 0xFF, 0xFE, 0x7F, 0xFE, 0x1F, 0xF0, 0x1F, 0x9F, 0x07, 0xFF, 0x07,
    0xFF, 0xF1, 0xE0, 0xF1, 0xE7, 0xCF, 0x7F, 0x0F, 0x38, 0x78, 0xEF, 0xF0, 0xE7, 0x0E, 0x1D, 0xEE,
    0x1C, 0xE1, 0xC1, 0xF8, 0xE1, 0xDC, 0x38, 0x3F, 0x1C, 0x3A, 0x03, 0x07, 0xF7, 0x0E, 0x00, 0x01,
    0xCF, 0xE1, 0xC0, 0x00, 0x38, 0xF8, 0x78, 0x00, 0x07, 0x00, 0x3E, 0x01, 0xC3, 0xC7, 0xFF, 0x80,
    0x3F, 0xF1, 0xFF, 0xC0, 0x03, 0xFC, 0x3C, 0x00, 0x00, 0x00, 0x07, 0x00, 0x00, 0x00, 0x00, 0xF0,
    0x00, 0x00, 0x00, 0x1F, 0xFF, 0xC0, 0x00, 0x00, 0xFF, 0xF8, 0x00, 0x00, 0x00, 0x3F, 0x0F, 0xC7,
    0xF9, 0xFE, 0xF3, 0x9C, 0xFE, 0x3B, 0x87, 0xE3, 0xB8, 0x7E, 0x39, 0xC7, 0xFF, 0x9F, 0xFF, 0xF0,
    0xFF, 0xF0, 0x00, 0xF7, 0xC0, 0x3E, 0x3F, 0xFF, 0xC1, 0xFF, 0xF8, 0x7E, 0x07, 0xE7, 0x00, 0x0E,
    0xE0, 0x00, 0x7E, 0x00, 0x07, 0x70, 0x00, 0xE7, 0xE0, 0x7E, 0x3F, 0xFF, 0xC0, 0xFF, 0xF0, 0x0F,
    0xF1, 0xFE, 0x03, 0xFF, 0xFF, 0xF8, 0x7C, 0x3F, 0x87, 0xC7, 0x01, 0xE1, 0xFC, 0xE0, 0x1E, 0x3F,
    0xEF, 0xF0, 0xE7, 0x9E, 0xFF, 0x8E, 0x70, 0xEF, 0x78, 0xE7, 0x07, 0xE3, 0xCE, 0x70, 0x7E, 0x1C,
    0xE7, 0x0E, 0xE1, 0x8E, 0x70, 0xEF, 0x38, 0xE7, 0x9E, 0x7F, 0x8E, 0x3F, 0xC3, 0xF0, 0xE1, 0xF8,
    0x00, 0x00, 0x3F, 0xC0, 0x00, 0x01, 0xFF, 0x80, 0x00, 0x0F, 0x0F, 0x00, 0x00, 0x7B, 0x1E, 0x00,
    0x01, 0xCE, 0x38, 0xFC, 0x0E, 0x38, 0x77, 0xF8, 0x38, 0xE1, 0xFC, 0xF0, 0xE3, 0x87, 0xE1, 0xC3,
    0x8E, 0x1F, 0x87, 0x1C, 0x38, 0x7E, 0x1C, 0x70, 0xE1, 0xF8, 0x71, 0xC3, 0x87, 0xF3, 0xFF, 0xFE,
    0x1D, 0x87, 0xFF, 0xF8, 0x70, 0x00, 0x38, 0xE1, 0xC0, 0x00, 0xE3, 0x8E, 0x00, 0x03, 0x8E, 0x38,
    0x00, 0x07, 0x71, 0xC0, 0x00, 0x0F, 0xCF, 0x00, 0x00, 0x1E, 0x18, 0x00, 0x00, 0x1F, 0xE0, 0x00,
    0x00, 0xFF, 0xF0, 0x00, 0x03, 0xE1, 0xE0, 0x00, 0x0F, 0x60, 0xE0, 0x00, 0x1C, 0xE1, 0xC7, 0xE0,
    0x71, 0xC3, 0x9F, 0xE0, 0xE3, 0x87, 0x79, 0xE1, 0xC7, 0x0E, 0xE1, 0xC3, 0x8E, 0x3D, 0xC3, 0x8E,
    0x1D, 0xF3, 0x87, 0x1C, 0x3B, 0xC7, 0x0E, 0x38, 0x77, 0xCF, 0x3F, 0xFF, 0xE1, 0xCC, 0x3F, 0xFF,
    0xC3, 0x80, 0x00, 0xE3, 0x83, 0x80, 0x01, 0xC7, 0x07, 0x00, 0x03, 0x8E, 0x1C, 0x00, 0x03, 0xB8,
    0x78, 0x00, 0x03, 0xF7, 0xE0, 0x00, 0x03, 0xCF, 0x80, 0x0F, 0xF8, 0x00, 0x00, 0x0F, 0xF0, 0x1F,
    0xFC, 0x00, 0x00, 0x3F, 0xF8, 0x3C, 0x1E, 0x00, 0x00, 0x78, 0x3C, 0x70, 0x0F, 0x00, 0x00, 0xF3,
    0x1E, 0xF0, 0x07, 0x00, 0x00, 0xE3, 0x8E, 0xFF, 0x07, 0x0F, 0xC1, 0xE3, 0x87, 0xFF, 0x87, 0x1F,
    0xE1, 0xC3, 0x87, 0xF7, 0x87, 0x3C, 0xF1, 0xC3, 0x87, 0xE3, 0xC7, 0x38, 0x71, 0xC3, 0x87, 0xE1,
    0xC7, 0x70, 0x71, 0xC3, 0x87, 0xE3, 0x8F, 0x38, 0x71, 0xC3, 0x87, 0xF3, 0x9E, 0x38, 0x71, 0xC3,
    0x87, 0x7F, 0x9C, 0x3C, 0xFF, 0xFF, 0x87, 0x3F, 0x18, 0x18, 0x7F, 0xFF, 0x87, 0x00, 0x00, 0x00,
    0x01, 0xC3, 0x87, 0x00, 0x00, 0x00, 0x01, 0xC3, 0x8E, 0x00, 0x00, 0x00, 0x00, 0xE3, 0x8E, 0x00,
    0x00, 0x00, 0x00, 0xF7, 0x1C, 0x00, 0x00, 0x00, 0x00, 0x7F, 0x3C, 0x00, 0x00, 0x00, 0x00, 0x3E,
    0x18, 0x07, 0xFE, 0x0F, 0xFF, 0xCF, 0xC1, 0xEF, 0x00, 0x7F, 0x00, 0x3F, 0xF8, 0x3F, 0xFE, 0xFD,
    0xEF, 0x7E, 0xE3, 0xC7, 0xF0, 0xE1, 0xF8, 0xE0, 0xFE, 0x70, 0x77, 0xFB, 0xF9, 0xF9, 0xF8, 0x07,
    0xFE, 0x07, 0xE0, 0x7F, 0xFE, 0x7F, 0xC3, 0xF0, 0x79, 0xC7, 0x9E, 0x00, 0xEE, 0x0E, 0xF0, 0x03,
    0x98, 0x3B, 0xFC, 0x1E, 0x00, 0xEF, 0xFB, 0xF0, 0x01, 0xFD, 0xEF, 0xC0, 0x07, 0xE3, 0xC7, 0x80,
    0x1B, 0x87, 0x0E, 0xE0, 0xEE, 0x38, 0x3B, 0x83, 0xBC, 0xE0, 0xE7, 0x1E, 0x7F, 0xBF, 0x9F, 0xF0,
    0xFC, 0xFC, 0x3F, 0x80, 0x07, 0xFE, 0x0F, 0xCF, 0xC1, 0xFF, 0xF9, 0xFF, 0xFE, 0x3F, 0x07, 0x9C,
    0x78, 0xE7, 0x80, 0x39, 0xC7, 0x87, 0xF0, 0x03, 0xB8, 0x38, 0x7F, 0xF0, 0x79, 0x83, 0x87, 0xFF,
    0xBF, 0x1C, 0x38, 0x7F, 0x7B, 0xF0, 0x00, 0x07, 0xE3, 0xC7, 0x80, 0x00, 0x7E, 0x1C, 0x38, 0x00,
    0x07, 0xE3, 0x83, 0x80, 0x00, 0xFF, 0x38, 0x38, 0x0E, 0x1E, 0x7F, 0xBF, 0x81, 0xFF, 0xC3, 0xF3,
    0xF0, 0x0F, 0xF8, 0x00, 0x7F, 0x00, 0x00, 0x7F, 0xC0, 0x00, 0x78, 0xF0, 0x00, 0x38, 0x38, 0x00,
    0x1C, 0x1C, 0x00, 0xFF, 0xFF, 0xE1, 0xFF, 0xFF, 0xF9, 0xF7, 0x03, 0xBE, 0xE1, 0x81, 0xC7, 0x70,
    0xE0, 0xE1, 0xF8, 0x70, 0x70, 0xFE, 0x3C, 0x70, 0xEF, 0xFF, 0xFF, 0xF3, 0xFB, 0xFB, 0xF0, 0x0F,
    0xF8, 0x0E, 0x3F, 0xF8, 0x1C, 0xF0, 0xF8, 0x3B, 0x80, 0x78, 0x7E, 0x00, 0x70, 0xFF, 0xE0, 0xE1,
    0xFF, 0xE1, 0xC3, 0xFB, 0xC3, 0x87, 0xE3, 0xC7, 0x0F, 0xC3, 0x8E, 0x1F, 0x8E, 0x3C, 0x3F, 0x9C,
    0xF0, 0x77, 0xF9, 0xFF, 0xE7, 0xE3, 0xFF, 0xC0, 0x18, 0x1F, 0xC1, 0xC1, 0xFF, 0x1E, 0x1E, 0x3D,
    0xE0, 0xE0, 0xEE, 0x07, 0x07, 0x70, 0x38, 0x3B, 0x81, 0xC0, 0xFC, 0x0E, 0x06, 0xE0, 0x70, 0x77,
    0x07, 0x03, 0xB8, 0x38, 0x3C, 0xE3, 0xC1, 0xC7, 0xFC, 0x1C, 0x0F, 0xC0, 0x40, 0x3F, 0x01, 0xFC,
    0x0E, 0xFF, 0x07, 0xFC, 0x1F, 0xCF, 0x1E, 0x3C, 0x3F, 0x0E, 0x38, 0x38, 0x7E, 0x1C, 0x70, 0x70,
    0xFC, 0x39, 0xC0, 0x71, 0xF8, 0x73, 0x80, 0xE3, 0xB9, 0xFF, 0xFF, 0xC7, 0x61, 0xFF, 0xFF, 0x8E,
    0x00, 0x1C, 0x00, 0x1C, 0x00, 0x38, 0x00, 0x38, 0x00, 0x70, 0x00, 0x70, 0x00, 0xFF, 0xFF, 0xE0,
    0x01, 0xFF, 0xFF, 0xC0, 0x0F, 0xF1, 0xFE, 0x1F, 0xFD, 0xFF, 0x9F, 0x0F, 0xE1, 0xCE, 0x03, 0xE0,
    0x7E, 0x01, 0xE0, 0x77, 0xF8, 0x70, 0x7B, 0xFE, 0x38, 0xF9, 0xEF, 0x1C, 0x7E, 0xE3, 0xCE, 0x07,
    0xF0, 0xE7, 0x01, 0xF8, 0x63, 0x80, 0xFE, 0x71, 0xC0, 0x77, 0xF8, 0xE3, 0xF9, 0xF8, 0x73, 0xF8,
    0x00, 0x00, 0x1C, 0x00, 0x00, 0x70, 0x00, 0x01, 0xC0, 0x00, 0x07, 0x00, 0x00, 0x1C, 0x0F, 0xC0,
    0x70, 0x7F, 0x81, 0xC3, 0x8E, 0x07, 0x0E, 0x38, 0x1C, 0x38, 0x70, 0x70, 0xC1, 0x81, 0xC0, 0x0E,
    0x07, 0xFF, 0xFF, 0xFF, 0xFF, 0xFF, 0xF0, 0x00, 0x00, 0x0F, 0xF8, 0x00, 0x00, 0x1F, 0xFE, 0x00,
    0x00, 0x1F, 0x07, 0x80, 0x00, 0x0E, 0x0F, 0xE0, 0x3E, 0x0E, 0x0F, 0xF8, 0x3F, 0x87, 0x0F, 0x3C,
    0x3D, 0xE3, 0x87, 0x0E, 0x1C, 0x71, 0xC7, 0x87, 0x0E, 0x1C, 0xE3, 0x83, 0x87, 0x0E, 0x71, 0xC1,
    0xC3, 0x0E, 0x3C, 0x70, 0xE0, 0x07, 0x0F, 0x38, 0xFF, 0xFF, 0xFF, 0xCF, 0xF7, 0xFF, 0xFF, 0xC3,
    0xF0, 0x3F, 0xE7, 0xE1, 0xFF, 0xFF, 0xCF, 0xE7, 0xE7, 0xB9, 0xCF, 0x0E, 0xE7, 0x38, 0x1F, 0x9C,
    0xE0, 0xEF, 0xF3, 0x83, 0x9F, 0x86, 0x7E, 0x7F, 0xFF, 0xF3, 0xFF, 0xFF, 0xEE, 0x03, 0xF3, 0xB8,
    0x7F, 0xCE, 0xFF, 0xE7, 0xF9, 0xFC, 0x0F, 0xC0, 0x0F, 0xFF, 0xF0, 0x0E, 0x18, 0x3F, 0xFF, 0xF8,
    0x0E, 0x3C, 0x7C, 0x7E, 0x7C, 0x0E, 0x3C, 0x70, 0xFF, 0x1C, 0x0E, 0x1E, 0xE1, 0xE7, 0x1C, 0x0E,
    0x0E, 0xE1, 0xC3, 0x9E, 0x0E, 0x0E, 0xE1, 0xC3, 0x8E, 0x0E, 0x07, 0xE1, 0x83, 0x8E, 0x0E, 0x07,
    0xE3, 0x83, 0x8E, 0x0E, 0x06, 0xE3, 0x83, 0x8E, 0x1E, 0x0E, 0xF1, 0xC3, 0x8E, 0x1E, 0x0E, 0x79,
    0xE7, 0x8F, 0x3F, 0x1C, 0x3C, 0xFF, 0x07, 0xFF, 0xFC, 0x18, 0x7E, 0x03, 0xF3, 0xF0, 0x0F, 0xF1,
    0xFF, 0xFE, 0x07, 0xFF, 0x7F, 0xFF, 0xE1, 0xF0, 0xFE, 0x7E, 0x3E, 0x38, 0x0F, 0x1E, 0xE1, 0xEE,
    0x01, 0xE3, 0x9E, 0x1D, 0xFE, 0x1C, 0xE1, 0xC3, 0xBF, 0xE3, 0x9C, 0x38, 0x3F, 0xBC, 0x73, 0x83,
    0x07, 0xE3, 0xCE, 0x70, 0x71, 0xDC, 0x39, 0xCE, 0x0E, 0x3B, 0x86, 0x39, 0xC3, 0x8F, 0x79, 0xC7,
    0x3C, 0xF3, 0xC7, 0xF8, 0xE3, 0xFC, 0x70, 0x7E, 0x1C, 0x3F, 0x0C, 0x00, 0x1F, 0xF0, 0xFF, 0xF7,
    0x87, 0x9C, 0x00, 0x70, 0x01, 0xE0, 0x03, 0xFF, 0x07, 0xFE, 0x00, 0x38, 0x00, 0x70, 0x03, 0xDE,
    0x1E, 0x7F, 0xF8, 0x7F, 0x80, 0x1F, 0xE0, 0x7F, 0xE1, 0xE1, 0xE7, 0x81, 0xEE, 0x01, 0xDC, 0x03,
    0xB8, 0x03, 0xF0, 0x07, 0xE0, 0x1D, 0xC0, 0x3B, 0xC0, 0xF3, 0xC3, 0xC3, 0xFF, 0x03, 0xFC, 0x00,
    0x1F, 0x80, 0x70, 0xC3, 0xFE, 0x03, 0x8F, 0x1C, 0x78, 0x1C, 0x3D, 0xC1, 0xC0, 0xE0, 0xFE, 0x0E,
    0x07, 0x03, 0xF0, 0x38, 0x38, 0x1F, 0x81, 0xC1, 0xC0, 0xFC, 0x0E, 0x0E, 0x07, 0xE0, 0x70, 0x70,
    0x3F, 0x03, 0x87, 0x81, 0xFC, 0x1C, 0x3C, 0x1E, 0xF0, 0xF3, 0xF1, 0xE3, 0x83, 0xFF, 0xFE, 0x0C,
    0x0F, 0xCF, 0xE0, 0x1F, 0x80, 0x71, 0xF8, 0x7F, 0xC0, 0x73, 0xFC, 0x71, 0xE0, 0x73, 0x9E, 0xE0,
    0xE0, 0x73, 0x8E, 0xE0, 0xE0, 0x73, 0x86, 0xE0, 0x70, 0x73, 0x8F, 0xE0, 0x70, 0x73, 0xFF, 0xE0,
    0x70, 0x71, 0xFE, 0xE0, 0x70, 0x70, 0x0E, 0xE0, 0x70, 0xF0, 0x0E, 0xF0, 0x70, 0xF0, 0x1C, 0x78,
    0x79, 0xF8, 0x7C, 0x38, 0x3F, 0xFF, 0xF8, 0x18, 0x1F, 0x8F, 0xE0, 0x0F, 0xF3, 0xF9, 0xF8, 0x1F,
    0xFF, 0xFF, 0xFF, 0x1F, 0x0F, 0xC7, 0xE3, 0x8E, 0x03, 0xC1, 0xE0, 0xEE, 0x01, 0xE0, 0xF0, 0x77,
    0xF8, 0x70, 0x70, 0x1B, 0xFE, 0x38, 0x38, 0x0F, 0xEF, 0x1C, 0x1C, 0x07, 0xE3, 0xCE, 0x0E, 0x07,
    0x70, 0xE7, 0x07, 0x03, 0xB8, 0x63, 0x83, 0x83, 0xDE, 0x71, 0xC1, 0xC1, 0xC7, 0xF8, 0xE0, 0xE1,
    0xC1, 0xF8, 0x70, 0x70, 0x40, 0x0F, 0xFF, 0xF0, 0x3F, 0xFF, 0xF8, 0x7C, 0x7E, 0x3C, 0x70, 0xFF,
    0x1E, 0xE0, 0xE7, 0x0E, 0xE1, 0xC3, 0x8E, 0xE1, 0xC3, 0x87, 0xE1, 0x83, 0x87, 0xE3, 0x83, 0x8E,
    0xE3, 0x83, 0x8E, 0xF1, 0xC3, 0x8E, 0x79, 0xE7, 0x9C, 0x3C, 0xFF, 0x38, 0x18, 0x7E, 0x10, 0xE0,
    0x7F, 0x1C, 0x1F, 0xFB, 0x87, 0x8F, 0x70, 0xE0, 0x7E, 0x1C, 0x0F, 0xC7, 0x01, 0xF8, 0xE0, 0x3F,
    0x1C, 0x07, 0xE3, 0x80, 0xFC, 0x70, 0x1F, 0x8E, 0x03, 0xF1, 0xC0, 0x7F, 0xFF, 0xFF, 0xFF, 0xFF,
    0xC0, 0x0F, 0xF0, 0xFF, 0xE7, 0xC3, 0x9C, 0x07, 0xF0, 0x3B, 0x81, 0xEE, 0x3F, 0x38, 0xFE, 0xE0,
    0x3F, 0x80, 0x7E, 0x01, 0xF8, 0x07, 0xE3, 0xFF, 0x8F, 0xE0, 0x00, 0x00, 0x00, 0xC3, 0x8E, 0x0E,
    0x1C, 0x78, 0xE0, 0xE1, 0xCF, 0x07, 0x07, 0x70, 0x38, 0x3B, 0x81, 0xC1, 0xDC, 0x0E, 0x07, 0xE0,
    0x70, 0x3F, 0x03, 0x83, 0xB8, 0x3C, 0x1D, 0xC1, 0xE0, 0xE7, 0x9F, 0x8E, 0x1F, 0xFF, 0xF0, 0x7E,
    0x7E, 0x00, 0x1F, 0x9F, 0x81, 0xFF, 0xFF, 0x1E, 0x7E, 0x39, 0xE1, 0xE0, 0xEE, 0x0F, 0x07, 0x70,
    0x38, 0x3B, 0x81, 0xC0, 0xFC, 0x0E, 0x07, 0xE0, 0x70, 0x77, 0x03, 0x83, 0xBC, 0x1C, 0x1C, 0xE0,
    0xE1, 0xC3, 0x87, 0x1E, 0x1C, 0x38, 0xE0, 0x00, 0x00, 0x00, 0x0F, 0xF3, 0xF8, 0x3F, 0xFF, 0xFC,
    0x7C, 0x3F, 0x1C, 0x70, 0x1E, 0x0E, 0xE0, 0x1E, 0x0E, 0xFF, 0x0E, 0x06, 0xFF, 0x8E, 0x07, 0xF7,
    0x8E, 0x07, 0xE3, 0xCE, 0x0E, 0xE1, 0xCE, 0x0E, 0xE1, 0x8E, 0x1E, 0xF3, 0x8E, 0x1C, 0x7F, 0x8E,
    0x38, 0x3F, 0x0E, 0x10, 0x00, 0x00, 0x70, 0x00, 0x07, 0x00, 0x00, 0x70, 0x00, 0x07, 0x00, 0x00,
    0x73, 0xF0, 0x07, 0x7F, 0x80, 0x7F, 0x3C, 0x07, 0xE1, 0xC0, 0x7E, 0x1C, 0x07, 0xE1, 0xC0, 0x7E,
    0x1C, 0x07, 0xF3, 0xFF, 0xF7, 0x1F, 0xFF, 0x00, 0x00, 0x00, 0x00, 0x00, 0xFE, 0x00, 0x00, 0x7F,
    0xE0, 0x00, 0x3C, 0x78, 0x00, 0x0E, 0x07, 0x00, 0x03, 0x81, 0xCF, 0xC1, 0xC0, 0x77, 0xF8, 0x70,
    0x1F, 0xCF, 0x1C, 0x07, 0xE1, 0xC7, 0x01, 0xF8, 0x71, 0xC0, 0x7E, 0x1C, 0x70, 0x1F, 0x87, 0x1C,
    0x07, 0xF3, 0xFF, 0xFF, 0xD8, 0x7F, 0xFF, 0xF0, 0x00, 0x00, 0x00, 0x0F, 0xF3, 0xF8, 0x1C, 0xFF,
    0xFF, 0xF0, 0x77, 0xC3, 0xF1, 0xC1, 0xDC, 0x07, 0x83, 0x87, 0xE0, 0x1E, 0x0E, 0x1F, 0xFC, 0x38,
    0x18, 0x7F, 0xF8, 0xE0, 0x71, 0xFD, 0xE3, 0x81, 0xC7, 0xE3, 0xCE, 0x0E, 0x1F, 0x87, 0x38, 0x38,
    0x7E, 0x18, 0xE0, 0xE1, 0xFC, 0xE3, 0x87, 0x07, 0x7F, 0x8E, 0x3F, 0xFC, 0xFC, 0x38, 0x7F, 0xF0,
    0x0F, 0xF8, 0x3F, 0xF8, 0xF0, 0x73, 0x80, 0x7F, 0x3F, 0xDC, 0xFF, 0xB9, 0xC0, 0x73, 0x80, 0xE7,
    0xF9, 0xC7, 0xFB, 0x80, 0x7F, 0x30, 0xEE, 0x7F, 0xDC, 0xFF, 0x00, 0x1F, 0xF0, 0x7F, 0xF1, 0xE7,
    0xF7, 0x86, 0xFE, 0x0E, 0xFC, 0x39, 0xF8, 0x73, 0xF1, 0xE7, 0xE3, 0x8F, 0xCE, 0x1F, 0xBC, 0x3F,
    0xF0, 0x7F, 0xFF, 0xFF, 0xFF, 0xC0, 0x3F, 0x7E, 0x0C, 0x7F, 0xFF, 0x0E, 0xF1, 0xE7, 0x8F, 0xE1,
    0xC3, 0x87, 0xE1, 0xC1, 0xC7, 0xE3, 0x81, 0xC7, 0xE1, 0x81, 0x87, 0xE1, 0xC3, 0x87, 0xE1, 0xC3,
    0x87, 0xF1, 0xC3, 0x8F, 0x78, 0xE7, 0x0E, 0x3C, 0x7E, 0x3C, 0x1F, 0xFF, 0xF8, 0x0F, 0xFF, 0xF0,
    0x0F, 0xF0, 0x1F, 0xFE, 0x1F, 0x0F, 0x8E, 0x1F, 0xEE, 0x1F, 0xF7, 0x1F, 0x7B, 0x8E, 0x1D, 0xC7,
    0x07, 0xE3, 0x83, 0xF1, 0xC3, 0xBC, 0xE1, 0xCF, 0x79, 0xE3, 0x9F, 0xE0, 0xC7, 0xE0, 0x0F, 0xE0,
    0x7F, 0xF1, 0xF1, 0xF3, 0x80, 0xFE, 0x00, 0xFC, 0x01, 0xF8, 0x03, 0xF0, 0x07, 0xE0, 0x0F, 0xC0,
    0x1F, 0x80, 0x3B, 0x80, 0xE7, 0x83, 0xC7, 0x07, 0x00, 0x00, 0x00, 0x3F, 0xC0, 0xEF, 0xFC, 0x1F,
    0xC3, 0xC3, 0xF0, 0x38, 0x7E, 0x07, 0x0F, 0xC0, 0xE1, 0xF8, 0x1C, 0x3F, 0xFF, 0x87, 0xFF, 0xF0,
    0xFC, 0x00, 0x1F, 0x80, 0x03, 0xF0, 0x00, 0x7F, 0xFF, 0xFF, 0xFF, 0xFF, 0xC0, 0x0F, 0xFC, 0x1F,
    0xFF, 0x1F, 0x03, 0xDF, 0xC0, 0xEF, 0xF0, 0x77, 0xB8, 0x7B, 0x8E, 0xF9, 0xC7, 0x7C, 0xE7, 0x0F,
    0x3F, 0x83, 0x9F, 0x80, 0xE0, 0x00, 0xE7, 0xFF, 0xF7, 0xFF, 0xF3, 0xC0, 0x01, 0xC0, 0x00, 0xE0,
    0x00, 0x7F, 0xFF, 0x9F, 0xFF, 0xC0, 0x61, 0xF9, 0xC7, 0xFB, 0x8E, 0x77, 0x38, 0x7E, 0x70, 0xFC,
    0x73, 0xB8, 0xE7, 0x3C, 0xFE, 0x3F, 0xF8, 0x3F, 0xC0, 0x03, 0x01, 0x8E, 0x03, 0xFC, 0x07, 0xF0,
    0x00, 0x0F, 0xF0, 0x1C, 0xFF, 0xE0, 0x77, 0xC7, 0xC1, 0xDC, 0x07, 0x87, 0xE0, 0x0E, 0x1F, 0x80,
    0x38, 0x7E, 0x00, 0xE1, 0xF8, 0x03, 0x87, 0xE0, 0x0E, 0x1F, 0x80, 0x38, 0x7F, 0x01, 0xE1, 0xDC,
    0x07, 0x07, 0x78, 0x3F, 0xFC, 0xE0, 0xFF, 0xF0, 0x00, 0x00, 0x00, 0x18, 0x0F, 0xF0, 0x38, 0x1F,
    0xFC, 0x78, 0x3C, 0x3E, 0xF0, 0x78, 0xFE, 0xE0, 0x71, 0xFF, 0xE0, 0x73, 0xCF, 0xE0, 0x73, 0x87,
    0xE0, 0x77, 0x87, 0xE0, 0x77, 0x07, 0xE0, 0xE7, 0x07, 0xE0, 0xE3, 0x87, 0x71, 0xE3, 0x8F, 0x7F,
    0xC1, 0xFE, 0x1F, 0x80, 0xFC, 0x00, 0x1F, 0x81, 0xE0, 0x07, 0xF8, 0x3C, 0x00, 0xE7, 0x0F, 0x80,
    0x1C, 0xE3, 0xF0, 0x03, 0x9C, 0xFE, 0x7E, 0x7B, 0xBD, 0xDF, 0xE7, 0xFF, 0x3F, 0x9E, 0x7F, 0x87,
    0xE1, 0xC1, 0xC0, 0xFC, 0x38, 0x38, 0x1F, 0x87, 0x07, 0x03, 0xF0, 0xE0, 0xE0, 0x7F, 0x3F, 0xFF,
    0xFE, 0xE3, 0xFF, 0xFF, 0xC0, 0x00, 0x00, 0x00, 0x1F, 0x9F, 0x80, 0xC1, 0xFF, 0xFE, 0x0F, 0x1E,
    0x7E, 0x78, 0x3D, 0xC1, 0xE1, 0xC0, 0xFE, 0x0F, 0x0F, 0x03, 0xF0, 0x38, 0x38, 0x1F, 0x81, 0xC1,
    0xC0, 0xFC, 0x0E, 0x0E, 0x07, 0xE0, 0x70, 0x70, 0x3F, 0x03, 0x83, 0x81, 0xFC, 0x1C, 0x1C, 0x1E,
    0xF0, 0xE0, 0xF1, 0xE3, 0x87, 0x03, 0xFF, 0x0C, 0x38, 0x0F, 0xE0, 0x00, 0x00, 0x7F, 0x00, 0x00,
    0x1F, 0xFC, 0x00, 0x03, 0xE3, 0xE0, 0x00, 0x78, 0x0F, 0x00, 0x07, 0x00, 0x73, 0xF0, 0x70, 0x07,
    0x7F, 0x87, 0x00, 0x7F, 0x3C, 0x70, 0x07, 0xE1, 0xC7, 0x00, 0x7E, 0x1C, 0x70, 0x07, 0xE1, 0xC7,
    0x80, 0xFE, 0x1C, 0x38, 0x0E, 0xF3, 0xFF, 0xC1, 0xC6, 0x1F, 0xFC, 0x18, 0x00, 0x00, 0x00, 0x00,
    0x00, 0x00, 0x00, 0xE0, 0x00, 0x1C, 0x00, 0x07, 0x00, 0x00, 0xE0, 0x00, 0x1C, 0x00, 0x07, 0x00,
    0x00, 0xE0, 0x00, 0x38, 0x00, 0x07, 0x00, 0x00, 0xE0, 0x00, 0x38, 0x00, 0x07, 0x00, 0x00, 0xFF,
    0xFF, 0xDF, 0xFF, 0xF8, 0x01, 0xC0, 0x00, 0x38, 0x00, 0x07, 0x00, 0x00, 0xE0, 0x00, 0x1C, 0x00,
    0xFF, 0xFF, 0xF8, 0x7D, 0xFF, 0xBF, 0x7E, 0xFF, 0xDF, 0x00, 0x00, 0x7E, 0x00, 0x7F, 0x00, 0x79,
    0xC0, 0x38, 0xE0, 0x1C, 0x00, 0x0E, 0x00, 0x07, 0x00, 0x03, 0x80, 0x01, 0xC0, 0x00, 0xE0, 0x00,
    0x70, 0x00, 0x38, 0x00, 0x1C, 0x00, 0x0E, 0x00, 0x07, 0x00, 0x03, 0x80, 0x01, 0xC0, 0x00, 0xE0,
    0x00, 0x70, 0x00, 0x38, 0x00, 0x1C, 0x00, 0x0C, 0x03, 0x8E, 0x01, 0xE7, 0x00, 0x7F, 0x00, 0x1F,
    0x00, 0x00, 0x3F, 0x87, 0xFC, 0x71, 0xEE, 0x0E, 0xE0, 0xE0, 0x0E, 0x00, 0x70, 0x07, 0x00, 0x6E,
    0x0E, 0xE0, 0xEF, 0x1E, 0x7F, 0xC3, 0xF8, 0x3E, 0x3F, 0xEE, 0x3B, 0x8E, 0xE3, 0xB0, 0x70, 0x1C,
    0x07, 0x01, 0xC0, 0x70, 0x1C, 0x07, 0x01, 0xC0, 0x70, 0x1C, 0x07, 0x01, 0xC0, 0x70, 0x1C, 0x07,
    0x01, 0xC0, 0x7F, 0x8F, 0xFC, 0xEF, 0xEE, 0x7E, 0xEE, 0xEF, 0xE6, 0x7C, 0x70, 0x07, 0x00, 0x70,
    0x07, 0x00, 0x70, 0x07, 0x00, 0x70, 0x07, 0x00, 0x70, 0x07, 0x00, 0x70, 0x07, 0x00, 0x70, 0x07,
    0x00, 0x70, 0x7C, 0x3F, 0x03, 0x80, 0xE0, 0x70, 0x30, 0x38, 0x1C, 0x0E, 0x07, 0x03, 0x07, 0xC7,
    0xF7, 0x1F, 0x8F, 0xC7, 0xE3, 0xFB, 0xDF, 0xC7, 0xC0, 0x7C, 0x1F, 0x80, 0xE0, 0x1C, 0x07, 0x01,
    0xC0, 0xE0, 0x38, 0x0E, 0x03, 0x80, 0xC0, 0xF8, 0x7F, 0x3C, 0xEF, 0x3B, 0xFF, 0xFF, 0xBC, 0xE7,
    0xF8, 0xFC, 0x03, 0x80, 0xC0, 0x70, 0x1C, 0x07, 0x03, 0x80, 0xE0, 0x18, 0x07, 0x01, 0xC0, 0x70,
    0x0E, 0x03, 0x80, 0xE3, 0xFF, 0xFF, 0xF7, 0xF8, 0x7E, 0x1F, 0xDE, 0x7F, 0x8F, 0x80, 0x00, 0x70,
    0x03, 0x00, 0x38, 0x01, 0xC0, 0x0C, 0x00, 0xE0, 0x07, 0x00, 0x38, 0x00, 0xE0, 0x07, 0x00, 0x38,
    0x01, 0xC0, 0x07, 0x00, 0x38, 0x01, 0xCF, 0xFE, 0xFF, 0xFF, 0x7F, 0xFB, 0x3D, 0xF3, 0xE7, 0xFE,
    0x1F, 0xE0, 0x0F, 0xF8, 0x1F, 0xFC, 0x3C, 0x1E, 0x70, 0x0F, 0xE0, 0x07, 0xFF, 0x07, 0xFF, 0x87,
    0xF7, 0x87, 0xE3, 0xC7, 0xE1, 0xC7, 0xE3, 0x8F, 0xF3, 0x9E, 0x7F, 0x9C, 0x3F, 0x18, 0x0F, 0xF1,
    0xFF, 0xDF, 0xEF, 0xEF, 0x7E, 0x3F, 0xF1, 0xFB, 0x80, 0x1C, 0x3E, 0xE3, 0xFF, 0x1D, 0xFD, 0xCE,
    0xFF, 0x73, 0xFF, 0x87, 0xF8, 0x0F, 0xF8, 0x03, 0xFC, 0x07, 0xFF, 0x01, 0xFF, 0xC3, 0xC1, 0xE0,
    0xF0, 0xF9, 0xC0, 0x3C, 0x70, 0x0F, 0xE0, 0x07, 0x38, 0x01, 0xFF, 0xC1, 0xCF, 0xF0, 0x7F, 0xF8,
    0x73, 0xFE, 0x1F, 0xDE, 0x1D, 0xF7, 0x87, 0xE3, 0xC7, 0x70, 0xF1, 0xF8, 0x71, 0xCC, 0x1C, 0x7E,
    0x38, 0xF3, 0x8E, 0x3F, 0xCE, 0x78, 0xF3, 0x9E, 0x7F, 0x9C, 0x1F, 0xE7, 0x0F, 0xC6, 0x03, 0xF1,
    0x80, 0x0F, 0xF8, 0x00, 0x7E, 0x07, 0xFF, 0x00, 0x3F, 0xE3, 0xC1, 0xE0, 0x1E, 0x39, 0xC0, 0x3C,
    0x07, 0x07, 0xE0, 0x07, 0x03, 0x81, 0xFF, 0xC1, 0xCE, 0x00, 0x7F, 0xF8, 0x73, 0x80, 0x1F, 0xDE,
    0x1C, 0xE0, 0x07, 0xE3, 0xC7, 0x00, 0x01, 0xF8, 0x71, 0xC0, 0xE0, 0x7E, 0x38, 0xF0, 0x3C, 0x1F,
    0xCE, 0x78, 0x07, 0x8E, 0x7F, 0x9C, 0x00, 0xFF, 0x8F, 0xC6, 0x00, 0x1F, 0x80, 0x0F, 0xF0, 0x03,
    0xF0, 0x7F, 0xF0, 0x0F, 0xF1, 0xFE, 0xE0, 0x38, 0xF7, 0xB9, 0xC0, 0xE0, 0xEE, 0x3B, 0x81, 0xC1,
    0xDC, 0x7F, 0x38, 0x03, 0xB8, 0x7C, 0x70, 0x03, 0xF0, 0xF8, 0xE0, 0x07, 0xE3, 0xF8, 0x00, 0x0D,
    0xC7, 0x70, 0x38, 0x3B, 0xDC, 0xE0, 0x70, 0x73, 0xFD, 0xC0, 0x71, 0xE3, 0xFF, 0x80, 0xFF, 0x81,
    0xFE, 0x00, 0x7E, 0x00, 0x0F, 0xF8, 0x00, 0x7C, 0xFC, 0x0F, 0xFE, 0x00, 0x7F, 0xFF, 0x0F, 0x07,
    0x80, 0x71, 0xF3, 0xCE, 0x01, 0xE0, 0x38, 0xF0, 0xEE, 0x00, 0x70, 0x1C, 0x38, 0x77, 0xF8, 0x39,
    0xCE, 0x1C, 0x1F, 0xFE, 0x1C, 0xE7, 0x0E, 0x0F, 0xEF, 0x0E, 0x70, 0x00, 0x07, 0xE3, 0xC7, 0x00,
    0x00, 0x07, 0x70, 0xE3, 0x80, 0x00, 0x03, 0xB8, 0xE3, 0xC0, 0x00, 0x03, 0xDE, 0x73, 0xC0, 0x01,
    0xC3, 0xC7, 0xF9, 0xC0, 0x01, 0xFF, 0xC1, 0xF8, 0xC0, 0x00, 0x3F, 0xC0, 0xE1, 0xB8, 0x7E, 0x1F,
    0x8E, 0xFF, 0x9F, 0xC0, 0xFF, 0xFE, 0x00, 0x3F, 0x8F, 0xC3, 0x87, 0xFF, 0xFF, 0x1C, 0x7C, 0x3F,
    0x3D, 0xC7, 0x80, 0xF0, 0xFE, 0x38, 0x07, 0x83, 0xF1, 0xFC, 0x38, 0x1F, 0x8F, 0xF1, 0xC0, 0xFC,
    0xFB, 0xCE, 0x07, 0xE7, 0x0E, 0x70, 0x3F, 0x1C, 0x73, 0x81, 0xF8, 0xE3, 0x9C, 0x0F, 0xC7, 0x9C,
    0xE0, 0x7F, 0x1F, 0xC7, 0x07, 0xB8, 0x7E, 0x38, 0x39, 0xE0, 0x00, 0x03, 0xC7, 0xC0, 0x00, 0x7C,
    0x1F, 0xC0, 0x1F, 0xC0, 0x3F, 0xFF, 0xF8, 0x00, 0x7F, 0xFF, 0x00, 0xFC, 0x01, 0xFC, 0x00, 0x78,
    0x00, 0x70, 0x00, 0xE0, 0x01, 0xC0, 0x07, 0xF0, 0x1F, 0xF0, 0x7E, 0xE1, 0xEF, 0xC3, 0x9D, 0xC7,
    0x3F, 0x0E, 0x3E, 0x1C, 0x3C, 0x38, 0x78, 0x71, 0xF8, 0xEF, 0x79, 0xFC, 0x7B, 0xFF, 0xFF, 0xFF,
    0xE0, 0x00, 0x00, 0x3F, 0x00, 0x00, 0x7F, 0x00, 0x00, 0x70, 0x00, 0x00, 0x70, 0x00, 0x00, 0x70,
    0x00, 0x00, 0x78, 0x3F, 0x7E, 0x38, 0x7F, 0xFF, 0x1C, 0xF1, 0xE7, 0x9E, 0xE1, 0xC3, 0x8E, 0xE1,
    0xC1, 0xC7, 0xE3, 0x81, 0xC7, 0xE1, 0x81, 0x87, 0xE1, 0xC3, 0x87, 0xE1, 0xC3, 0x87, 0xF1, 0xE3,
    0x87, 0x78, 0xE7, 0x0F, 0x3C, 0x7E, 0x3E, 0x1F, 0xFF, 0xFC, 0x0F, 0xFF, 0xF0, 0x3F, 0x00, 0x1F,
    0xC0, 0x00, 0xE0, 0x00, 0x70, 0x00, 0x38, 0x00, 0x1C, 0x01, 0x8F, 0xF9, 0xCF, 0xFE, 0xE7, 0xE7,
    0x77, 0xE1, 0xFF, 0x70, 0xFF, 0x9C, 0xEF, 0x8E, 0x73, 0xC7, 0xF8, 0xFF, 0xF8, 0x7F, 0xF0, 0x38,
    0x30, 0x1E, 0x38, 0x07, 0xFC, 0x01, 0xFC, 0x00, 0x3E, 0x7E, 0x3F, 0xFF, 0xBC, 0xF1, 0xDC, 0x78,
    0x7E, 0x1C, 0x3F, 0x0E, 0x1F, 0x87, 0x0F, 0x83, 0x07, 0x00, 0x03, 0x80, 0x01, 0xC0, 0x01, 0xE0,
    0xE1, 0xE0, 0xFF, 0xE0, 0x1F, 0xE0, 0x00, 0xFF, 0xF0, 0x00, 0x07, 0xFF, 0xF0, 0x00, 0x38, 0x0F,
    0xC0, 0x00, 0x00, 0x0F, 0x00, 0x00, 0x00, 0x3C, 0x00, 0x00, 0x00, 0xF0, 0x00, 0x00, 0x03, 0x83,
    0x0E, 0x0E, 0x0E, 0x38, 0x70, 0x70, 0x73, 0x83, 0x83, 0x83, 0xBC, 0x1C, 0x1C, 0x1D, 0xC0, 0xE0,
    0xE0, 0x6E, 0x07, 0x07, 0x03, 0xF0, 0x38, 0x38, 0x1F, 0x81, 0xC1, 0xC0, 0xFC, 0x0E, 0x0E, 0x0E,
    0xE0, 0xF0, 0x70, 0x77, 0x87, 0x87, 0x83, 0x9E, 0x7E, 0x7E, 0x38, 0x7F, 0xFF, 0xFF, 0xC1, 0xF9,
    0xF9, 0xF8, 0x00, 0x0F, 0xF0, 0x1F, 0xC7, 0xFF, 0x87, 0xFD, 0xF0, 0xF8, 0xE3, 0xB8, 0x07, 0x9C,
    0x7E, 0x00, 0x73, 0x8F, 0xC0, 0xFF, 0xFF, 0xF8, 0x3F, 0xFF, 0xF7, 0x0F, 0x9C, 0x00, 0xE1, 0xC3,
    0x80, 0x1C, 0x70, 0xE0, 0x03, 0xCE, 0x1C, 0x00, 0x3C, 0xE7, 0x80, 0x03, 0xDF, 0xE0, 0x00, 0x31,
    0xF8, 0x00, 0x00, 0x1F, 0x8F, 0xF8, 0x1F, 0xEF, 0xFE, 0x1E, 0x7F, 0x3F, 0x9E, 0x1F, 0x0D, 0xEE,
    0x0F, 0x07, 0x77, 0x03, 0x87, 0x3B, 0x81, 0xC3, 0x8F, 0xC0, 0xE3, 0xC7, 0xE0, 0x61, 0xC3, 0xF0,
    0x01, 0xC1, 0xFC, 0x01, 0xC0, 0xEE, 0x01, 0xC0, 0x73, 0x81, 0xFF, 0xF9, 0xC0, 0xFF, 0xFC, 0x00,
    0x00, 0x00, 0x00, 0x00, 0x03, 0xFF, 0x83, 0x8F, 0xFE, 0x0F, 0x38, 0x78, 0x1C, 0xE3, 0xC0, 0x3B,
    0x8E, 0x00, 0xEE, 0x38, 0x03, 0xB8, 0xE0, 0x07, 0xE3, 0x80, 0x1F, 0x8E, 0x00, 0xEE, 0x38, 0x03,
    0xB8, 0xF0, 0x1E, 0xE1, 0xF0, 0xF3, 0x83, 0xFF, 0x8E, 0x07, 0xFC, 0x00, 0x1F, 0x80, 0x1F, 0x81,
    0x87, 0xFC, 0x03, 0xFC, 0x1C, 0x71, 0xE0, 0x71, 0xE1, 0xEE, 0x0E, 0x07, 0x0E, 0x0F, 0xE0, 0xE0,
    0x70, 0xE0, 0x7E, 0x07, 0x0E, 0x0E, 0x07, 0xE0, 0x70, 0xE0, 0xE0, 0x7E, 0x07, 0x0E, 0x0E, 0x07,
    0xE0, 0x70, 0xE0, 0xE0, 0x7E, 0x07, 0x0E, 0x07, 0x07, 0xF0, 0x70, 0xE0, 0x70, 0x77, 0x87, 0x9E,
    0x07, 0x8E, 0x38, 0x3F, 0xC0, 0x3F, 0xE1, 0x81, 0xF8, 0x01, 0xF8, 0x01, 0xC0, 0x7E, 0x00, 0x7E,
    0x06, 0x00, 0x70, 0x3F, 0xC0, 0x3F, 0xC1, 0xC0, 0x1C, 0x1E, 0x78, 0x1C, 0x78, 0x78, 0x07, 0x07,
    0x0E, 0x07, 0x0E, 0x0F, 0x01, 0xC1, 0xC3, 0x81, 0x83, 0x81, 0xC0, 0x70, 0x70, 0x70, 0xE0, 0xE0,
    0x70, 0x1C, 0x1C, 0x1C, 0x38, 0x38, 0x1C, 0x07, 0x07, 0x07, 0x0E, 0x0E, 0x07, 0x01, 0xC1, 0xC1,
    0xC3, 0x83, 0x81, 0xC0, 0xF0, 0xF0, 0x70, 0xE0, 0x70, 0x70, 0x3C, 0x38, 0x1C, 0x38, 0x1C, 0x1C,
    0x1F, 0x9E, 0x07, 0x9E, 0x07, 0x8E, 0x7F, 0xFF, 0x00, 0xFF, 0x00, 0xFF, 0x9F, 0x9F, 0x80, 0x1F,
    0x80, 0x1F, 0x80, 0x0F, 0xF0, 0x3F, 0xC3, 0x1F, 0xFE, 0x1F, 0xE3, 0x9F, 0x0F, 0x8E, 0x70, 0xEE,
    0x01, 0xE7, 0x30, 0x7E, 0x00, 0x73, 0xB8, 0x3F, 0x03, 0xFF, 0xCE, 0x1F, 0x83, 0xFF, 0xC7, 0x9F,
    0xC3, 0xE7, 0x01, 0xFE, 0xE1, 0xC3, 0x80, 0x7E, 0x71, 0xC3, 0x80, 0x00, 0x3C, 0xE1, 0xC0, 0x00,
    0x0F, 0x39, 0xE0, 0x00, 0x03, 0xDF, 0xE0, 0x00, 0x00, 0xC7, 0xE0, 0x00, 0x00, 0x00, 0x0F, 0xF0,
    0x00, 0x00, 0x1F, 0xFE, 0x00, 0x00, 0x1F, 0x0F, 0x80, 0x0F, 0x9E, 0x1F, 0xC7, 0xCF, 0xEE, 0x1F,
    0xF7, 0xF7, 0x77, 0x1F, 0x7B, 0xBB, 0xBF, 0x0E, 0x1D, 0xCF, 0xDF, 0x87, 0x07, 0xEE, 0xFE, 0xE3,
    0x83, 0xFF, 0x3E, 0x71, 0xC3, 0x9F, 0x00, 0x3C, 0xE1, 0xC0, 0x00, 0x0F, 0x79, 0xE0, 0x00, 0x07,
    0x9F, 0xE0, 0x00, 0x00, 0xC7, 0xE0, 0x00, 0x3F, 0x0F, 0xC7, 0xF9, 0xFE, 0xE3, 0x9C, 0x7E, 0x39,
    0x87, 0xE3, 0x9C, 0x7F, 0xF9, 0xFF, 0xFF, 0x0F, 0xFF, 0x00, 0x0F, 0x7C, 0x03, 0xE3, 0xFF, 0xFC,
    0x1F, 0xFF, 0x87, 0xF0, 0xFE, 0x73, 0xFC, 0xEE, 0x7F, 0xEE, 0xE7, 0xFE, 0x77, 0x76, 0xEE, 0x7C,
    0x03, 0xE3, 0xFF, 0xFC, 0x0F, 0xFF, 0x00, 0x0F, 0xF1, 0xFE, 0x00, 0x3F, 0xFB, 0xFF, 0x00, 0x7C,
    0x3F, 0x87, 0x80, 0x70, 0x1E, 0x01, 0xC0, 0xE0, 0x1E, 0x0F, 0xC0, 0xFF, 0x0E, 0x3F, 0xF0, 0xFF,
    0x8E, 0x7C, 0xFC, 0xF7, 0x8E, 0x70, 0xFC, 0xE3, 0xCE, 0x60, 0xEE, 0xE1, 0xCE, 0xE0, 0xEE, 0xE1,
    0x8E, 0x70, 0xE6, 0xF3, 0x8E, 0x71, 0xE7, 0x7F, 0x8E, 0x7F, 0xC7, 0x3F, 0x0E, 0x1F, 0x8E, 0x00,
    0x00, 0x00, 0x0E, 0x00, 0x00, 0x00, 0x1E, 0x00, 0x00, 0x0C, 0x7C, 0x00, 0x00, 0x1F, 0xF8, 0x00,
    0x00, 0x0F, 0xE0, 0x3F, 0x9F, 0x8F, 0xFF, 0xFB, 0xC3, 0xFF, 0xFF, 0x7F, 0xFF, 0xE7, 0xEF, 0xDE,
    0xF9, 0xFB, 0x9F, 0xBF, 0xF3, 0xFF, 0x7C, 0x77, 0xC0, 0x3F, 0x9F, 0xC0, 0x7F, 0xFF, 0xE0, 0xF0,
    0xFB, 0xF0, 0xFE, 0xFF, 0xFC, 0xFE, 0x7F, 0x1E, 0xEF, 0x7E, 0x1E, 0xEE, 0x7E, 0x3F, 0xFE, 0x7F,
    0xFF, 0x7C, 0x77, 0xEF, 0x00, 0x00, 0x0E, 0x1F, 0xC3, 0xFF, 0x1C, 0x3D, 0xC0, 0xEE, 0x07, 0x70,
    0x1F, 0x80, 0xFC, 0x0E, 0xE0, 0x73, 0xC7, 0x9F, 0xF8, 0x3F, 0x80, 0x00, 0x1F, 0xC0, 0x03, 0xFF,
    0x00, 0x1C, 0x3C, 0x01, 0xC0, 0xE0, 0x0E, 0x07, 0x00, 0x70, 0x1C, 0x03, 0x80, 0xE0, 0x1C, 0x07,
    0x00, 0xE0, 0x38, 0x07, 0x01, 0xC0, 0x38, 0x0E, 0x01, 0xC0, 0x77, 0xFF, 0xFF, 0xFF, 0xFF, 0xFF,
    0xC0, 0x00, 0x1C, 0x00, 0x00, 0xE0, 0x00, 0x07, 0xFE, 0x00, 0x1F, 0xF0, 0x00, 0x0F, 0xF0, 0x03,
    0xFF, 0x80, 0x7C, 0x7C, 0x07, 0x01, 0xE0, 0xE0, 0x0E, 0x0E, 0x00, 0xE0, 0xE0, 0x0E, 0x0E, 0x00,
    0xE0, 0xE0, 0x0E, 0x0E, 0x00, 0xE0, 0xF0, 0x1E, 0x07, 0x01, 0xC0, 0x78, 0x3F, 0xF3, 0x83, 0xFF,
    0x00, 0x00, 0x00, 0x1F, 0x9F, 0xC0, 0x0F, 0xFF, 0xF8, 0x07, 0x9F, 0x8F, 0x03, 0xC3, 0xC1, 0xE0,
    0xE0, 0xF0, 0x38, 0x38, 0x1C, 0x0E, 0x0E, 0x07, 0x03, 0x83, 0x81, 0xC0, 0xE0, 0xE0, 0x70, 0x38,
    0x38, 0x1C, 0x0E, 0x0F, 0x07, 0x07, 0x81, 0xC1, 0xC3, 0xC0, 0x38, 0x70, 0xFF, 0xCE, 0x1C, 0x3F,
    0xF0, 0x00, 0x00, 0x00, 0x00, 0x00, 0x00, 0x00, 0x1C, 0x00, 0x03, 0x80, 0x00, 0x70, 0x00, 0x0E,
    0x1F, 0xE3, 0xCF, 0xFF, 0xF3, 0xE1, 0xF8, 0x70, 0x7F, 0x1C, 0x1F, 0xE3, 0x87, 0x8E, 0x71, 0xE1,
    0xCE, 0x38, 0x39, 0xC7, 0x07, 0x38, 0xE0, 0xE7, 0x9C, 0x1C, 0x7B, 0xC7, 0x87, 0x3F, 0xE0, 0x63,
    0xF8, 0x00, 0x01, 0xFF, 0x00, 0x1F, 0xFF, 0x00, 0xFC, 0x7E, 0x07, 0x80, 0x3C, 0x38, 0x00, 0x79,
    0xC3, 0xF8, 0xE7, 0x1F, 0xF3, 0xF8, 0xF1, 0xC7, 0xE7, 0x03, 0x9F, 0x9C, 0x0C, 0x7E, 0x70, 0x71,
    0xF9, 0xCF, 0x87, 0xE7, 0x3E, 0x1F, 0x9C, 0x3C, 0x7E, 0x70, 0x39, 0xF9, 0xC0, 0xE7, 0xE3, 0x83,
    0x9D, 0xCE, 0x0E, 0xE7, 0x10, 0x39, 0x8E, 0x00, 0xE0, 0x1E, 0x0F, 0x00, 0x3F, 0xF8, 0x00, 0x7F,
    0xC0, 0x00, 0x1F, 0x9F, 0x9F, 0x81, 0xFF, 0xFF, 0xFF, 0x1E, 0x7E, 0x7E, 0x39, 0xE1, 0xE1, 0xE0,
    0xEE, 0x0F, 0x07, 0x07, 0x70, 0x38, 0x38, 0x3B, 0x81, 0xC1, 0xC0, 0xDC, 0x0E, 0x0E, 0x07, 0xE0,
    0x70, 0x70, 0x3F, 0x03, 0x83, 0x81, 0xFC, 0x1C, 0x1C, 0x0C, 0xE0, 0xE0, 0xE0, 0xE3, 0x87, 0x07,
    0x07, 0x0C, 0x38, 0x38, 0x38, 0x00, 0x00, 0x03, 0x80, 0x00, 0x00, 0x3C, 0x00, 0x00, 0x03, 0xC0,
    0x00, 0x07, 0xFC, 0x00, 0x00, 0x3F, 0xC0, 0x0F, 0xF0, 0x0F, 0xFE, 0x0F, 0x0F, 0x8E, 0x01, 0xCE,
    0x00, 0x77, 0xF8, 0x3B, 0xFE, 0x1D, 0xEF, 0x06, 0xE3, 0xC3, 0xF0, 0xE1, 0xF8, 0xE0, 0xDE, 0x70,
    0xE7, 0xF8, 0x71, 0xF8, 0x38, 0x00, 0x38, 0x00, 0x3C, 0x08, 0xFC, 0x07, 0xFC, 0x03, 0xF8, 0x00,
    0x0F, 0xF0, 0x1C, 0xFF, 0xE0, 0x77, 0xC7, 0xC1, 0xDC, 0x07, 0x87, 0xE0, 0x0E, 0x1F, 0x80, 0x38,
    0x7E, 0x00, 0xE1, 0xF8, 0x03, 0x87, 0xE0, 0x0E, 0x1F, 0x80, 0x38, 0x7F, 0x01, 0xE1, 0xDC, 0x07,
    0x07, 0x78, 0x3F, 0xFC, 0xE0, 0xFF, 0xE0, 0x00, 0x03, 0x80, 0x00, 0x1E, 0x00, 0x00, 0xF0, 0x00,
    0xFF, 0x80, 0x03, 0xFC, 0x00, 0x00, 0x00, 0x00, 0x00, 0x00, 0x00, 0x1C, 0x00, 0x00, 0x03, 0x80,
    0x00, 0x00, 0x70, 0x00, 0x00, 0x0E, 0x3F, 0x1F, 0xE3, 0xCF, 0xF7, 0xFF, 0xF3, 0xCF, 0xE0, 0xF8,
    0xE0, 0xF8, 0x3F, 0x1C, 0x1E, 0x0F, 0xE3, 0x81, 0xC3, 0x8E, 0x70, 0x38, 0xE1, 0xCE, 0x07, 0x1C,
    0x39, 0xC0, 0xE7, 0x07, 0x38, 0x1C, 0xE0, 0xE7, 0x83, 0x8E, 0x1C, 0x78, 0x71, 0xC7, 0x87, 0x0E,
    0x3F, 0xE0, 0x61, 0xC1, 0xF8, 0x00, 0x00, 0x00, 0x00, 0x00, 0x1C, 0x1C, 0x38, 0x01, 0xC1, 0xC3,
    0xC0, 0x1C, 0x1C, 0x1C, 0x01, 0xC1, 0xC0, 0xE0, 0x1C, 0x1C, 0x0E, 0x01, 0xC1, 0xC0, 0xE0, 0x1C,
    0x1C, 0x07, 0x01, 0xC1, 0xC0, 0x70, 0x1C, 0x1C, 0x0E, 0x01, 0xC1, 0xE0, 0xE0, 0x1C, 0x1E, 0x0E,
    0x01, 0xE3, 0xF3, 0xC0, 0x1F, 0xFF, 0xFC, 0x03, 0xBF, 0x3F, 0x00, 0x38, 0x00, 0x00, 0x07, 0x80,
    0x00, 0x01, 0xF0, 0x00, 0x00, 0xFE, 0x00, 0x00, 0x0F, 0xC0, 0x00, 0x00, 0x1F, 0x9F, 0x81, 0xFF,
    0xFF, 0x1E, 0x7E, 0x39, 0xE1, 0xE0, 0xEE, 0x0F, 0x07, 0x70, 0x38, 0x3B, 0x81, 0xC0, 0xDC, 0x0E,
    0x07, 0xE0, 0x70, 0x3F, 0x03, 0x81, 0xFC, 0x1C, 0x0C, 0xE0, 0xE0, 0xE3, 0x87, 0x07, 0x1C, 0x38,
    0x38, 0x00, 0x03, 0x80, 0x00, 0x3C, 0x00, 0x03, 0xC0, 0x07, 0xFC, 0x00, 0x3F, 0xC0, 0x1F, 0x8F,
    0xF0, 0x3F, 0x8F, 0xFF, 0xFE, 0x1F, 0xF7, 0x9F, 0xC3, 0xC7, 0x1F, 0x83, 0xC0, 0x79, 0xC7, 0xE0,
    0xF0, 0x0E, 0x71, 0xF8, 0x1C, 0x3F, 0xFF, 0xFE, 0x07, 0x1F, 0xFF, 0xFB, 0x81, 0xCF, 0x1C, 0x00,
    0xE0, 0x73, 0x87, 0x00, 0x38, 0x1D, 0xC3, 0x80, 0x0F, 0x07, 0x70, 0xE0, 0x01, 0xE1, 0xCE, 0x78,
    0x00, 0x38, 0x73, 0xFC, 0x00, 0x06, 0x1C, 0x7E, 0x00, 0x00, 0x0F, 0xFF, 0xCF, 0xFF, 0xF7, 0xC0,
    0x03, 0xC0, 0x00, 0xFF, 0x00, 0x3F, 0xE0, 0x0F, 0x78, 0x03, 0x8F, 0x00, 0xE1, 0xC0, 0x38, 0xE0,
    0x0F, 0x38, 0x01, 0xFE, 0x00, 0x3F, 0x00, 0x00, 0x00, 0x1C, 0x00, 0x00, 0xE0, 0x00, 0x07, 0x00,
    0x00, 0x38, 0x00, 0x01, 0xC0, 0x00, 0x0E, 0x00, 0x1F, 0xFC, 0x03, 0xFF, 0xF8, 0x3E, 0x1F, 0xE3,
    0xC0, 0xE7, 0xBC, 0x07, 0x1D, 0xFE, 0x38, 0x7F, 0xF9, 0xC3, 0xFB, 0xCE, 0x1F, 0x8F, 0x70, 0xFC,
    0x3B, 0x87, 0xE3, 0x9C, 0x3F, 0x9C, 0xF3, 0xDF, 0xE3, 0xFC, 0x7E, 0x0F, 0xC0, 0x00, 0x00, 0x00,
    0x00, 0x00, 0x00, 0x00, 0x70, 0x00, 0x00, 0x01, 0xC0, 0x00, 0x00, 0x07, 0x00, 0x00, 0x00, 0x1C,
    0x3F, 0xC7, 0xF9, 0xF3, 0xFF, 0xBF, 0xFF, 0x1F, 0x0F, 0xE1, 0xF8, 0x70, 0x1E, 0x0F, 0xC3, 0x80,
    0x78, 0x7B, 0x8F, 0xF0, 0xE3, 0x8E, 0x3F, 0xE3, 0x9C, 0x38, 0xF7, 0x8E, 0x70, 0x73, 0x8F, 0x39,
    0xC1, 0xCE, 0x1C, 0xE7, 0x06, 0x38, 0x63, 0x9C, 0x38, 0xF3, 0x8E, 0x79, 0xE1, 0xFE, 0x38, 0xFF,
    0x03, 0xF0, 0xE1, 0xF8, 0x00, 0x00, 0x00, 0x0F, 0xF8, 0x00, 0x00, 0x0F, 0xFE, 0x00, 0x00, 0x0F,
    0x1F, 0x80, 0x00, 0x0F, 0x0E, 0xE0, 0x00, 0x07, 0x07, 0x71, 0xF8, 0x03, 0x83, 0xB9, 0xFE, 0x01,
    0xC1, 0xCF, 0xE7, 0x80, 0xE1, 0xC7, 0xE1, 0xC0, 0x71, 0xE3, 0xF0, 0xE0, 0x39, 0xE1, 0xF8, 0x70,
    0x1D, 0xE0, 0xFC, 0x38, 0x0F, 0xE0, 0x7F, 0x3F, 0xFF, 0xFF, 0xFB, 0x0F, 0xFF, 0xFF, 0xFC, 0x00,
    0x00, 0x00, 0x00, 0x00, 0x00, 0xFC, 0x7F, 0x80, 0x00, 0x00, 0x7F, 0xFF, 0xF0, 0x00, 0x00, 0x3C,
    0xFE, 0x1E, 0x18, 0x00, 0x1C, 0x1E, 0x03, 0xC7, 0x00, 0x07, 0x03, 0x80, 0x73, 0x8F, 0xC1, 0xC0,
    0xE1, 0xFF, 0xE7, 0xF8, 0x70, 0x38, 0xFF, 0xF3, 0xCF, 0x1C, 0x0E, 0x78, 0xE0, 0xE1, 0xC7, 0x00,
    0x1C, 0x38, 0x38, 0x71, 0xC0, 0x0E, 0x1C, 0x0E, 0x1C, 0x78, 0x03, 0x87, 0x03, 0x87, 0x0F, 0x00,
    0x73, 0xC0, 0x73, 0xFF, 0xC0, 0x1F, 0xE0, 0x18, 0x7F, 0xF0, 0x03, 0xF0, 0x00, 0x01, 0xC0, 0x7E,
    0x00, 0x7E, 0x3F, 0xE0, 0x07, 0x03, 0xFC, 0x03, 0xFD, 0xFF, 0xC0, 0x1C, 0x1E, 0x78, 0x1C, 0x7E,
    0x3F, 0x80, 0x70, 0x70, 0xE0, 0x70, 0xF0, 0xEF, 0x01, 0xC1, 0xC3, 0x81, 0x83, 0xC3, 0x9C, 0x07,
    0x07, 0x07, 0x0E, 0x0F, 0x0E, 0x70, 0x1C, 0x1C, 0x1C, 0x38, 0x38, 0x39, 0xC0, 0x70, 0x70, 0x70,
    0xE0, 0xE1, 0xE7, 0x01, 0xC1, 0xC1, 0xC3, 0x81, 0x8F, 0x1C, 0x0F, 0x0F, 0x07, 0x0E, 0x00, 0x78,
    0x70, 0x3C, 0x38, 0x1C, 0x38, 0x03, 0xC1, 0xC1, 0xF9, 0xE0, 0x79, 0xE0, 0x1E, 0x07, 0x7F, 0xFF,
    0x00, 0xFF, 0x00, 0x7F, 0xFD, 0xF9, 0xF8, 0x01, 0xF8, 0x01, 0xFF, 0xF0, 0x1F, 0x8F, 0xF0, 0x07,
    0xFF, 0xFF, 0x01, 0xE7, 0xF0, 0xF0, 0x70, 0x78, 0x0F, 0x0E, 0x0F, 0x00, 0xE1, 0xC0, 0xE1, 0xFF,
    0xF8, 0x1C, 0x7F, 0xFF, 0x03, 0x9E, 0x38, 0xE0, 0x73, 0x87, 0x1C, 0x0E, 0xE1, 0xC3, 0xC1, 0xDC,
    0x38, 0x3C, 0x39, 0xCF, 0x03, 0x87, 0x3F, 0xC0, 0x30, 0xE3, 0xF0, 0x00, 0x00, 0x00, 0x00, 0x0F,
    0x80, 0x00, 0x00, 0x00, 0xFC, 0x00, 0x00, 0x00, 0x01, 0xC0, 0x00, 0x00, 0x00, 0x0E, 0x00, 0x00,
    0x00, 0x01, 0xC0, 0x00, 0x00, 0x00, 0x1C, 0x0F, 0xF3, 0xF8, 0xFF, 0x83, 0xFF, 0xFF, 0xFF, 0xF8,
    0x7C, 0x3F, 0x1F, 0xCF, 0xC7, 0x01, 0xE0, 0xF1, 0xFE, 0xE0, 0x1E, 0x0F, 0x1C, 0xEF, 0xF0, 0xE0,
    0xF3, 0x87, 0xFF, 0x8E, 0x0E, 0x38, 0x7F, 0x78, 0xE0, 0xE3, 0x87, 0xE3, 0xCE, 0x0E, 0x38, 0x7E,
    0x1C, 0xE0, 0xE3, 0x87, 0xE1, 0x8E, 0x0E, 0x38, 0x7F, 0x38, 0xE0, 0xE3, 0xCF, 0x7F, 0x8E, 0x0E,
    0x1F, 0xE3, 0xF0, 0xE0, 0xE0, 0xFC, 0x00, 0x00, 0xFC, 0x00, 0x00, 0x3F, 0x00, 0x00, 0x03, 0x80,
    0x00, 0x01, 0xC0, 0x00, 0x00, 0xE0, 0x00, 0x00, 0x70, 0x7E, 0x3F, 0xF0, 0x7F, 0xBF, 0xF8, 0x79,
    0xFC, 0x7E, 0x70, 0x7C, 0x77, 0x38, 0x3C, 0x39, 0xDC, 0x0E, 0x38, 0xEE, 0x07, 0x1C, 0x77, 0x03,
    0x8C, 0x1F, 0x81, 0xCE, 0x0F, 0xC0, 0xE7, 0x07, 0xF0, 0x71, 0xC7, 0x3C, 0x38, 0xE3, 0x8E, 0x1C,
    0x3F, 0x83, 0x0E, 0x0F, 0x80, 0x00, 0xFC, 0x00, 0x3F, 0x00, 0x03, 0x80, 0x01, 0xC0, 0x00, 0xE0,
    0x00, 0x70, 0x3F, 0xF0, 0x7F, 0xF8, 0x7C, 0x7E, 0x38, 0x77, 0x38, 0x39, 0xDC, 0x38, 0xEE, 0x1C,
    0x77, 0x0C, 0x1F, 0x8E, 0x0F, 0xC7, 0x07, 0xF1, 0xC7, 0x3C, 0xE3, 0x8F, 0x3F, 0x83, 0x0F, 0x80,
    0x00, 0x00, 0x0F, 0x80, 0x00, 0x00, 0xFC, 0x00, 0x00, 0x01, 0xC0, 0x00, 0x00, 0x0E, 0x00, 0x00,
    0x01, 0xC0, 0x00, 0x00, 0x1C, 0x0F, 0xFF, 0xFF, 0x83, 0xFF, 0xFF, 0xF8, 0x7C, 0x7E, 0x0F, 0xC7,
    0x0F, 0xF1, 0xFE, 0xE1, 0xE7, 0x1C, 0xEE, 0x1C, 0x3B, 0x87, 0xE1, 0xC3, 0xB8, 0x7E, 0x18, 0x3B,
    0x87, 0xE3, 0x83, 0xB8, 0x7E, 0x38, 0x3B, 0x87, 0xF1, 0xC3, 0xB8, 0x77, 0x9E, 0x7B, 0xCF, 0x3C,
    0xFF, 0x1F, 0xE1, 0x87, 0xE0, 0xFC, 0x00, 0x00, 0xF8, 0x00, 0x00, 0x7E, 0x00, 0x00, 0x07, 0x00,
    0x00, 0x01, 0xC0, 0x00, 0x01, 0xC0, 0x00, 0x00, 0xE0, 0x60, 0x3F, 0xE0, 0x70, 0x3F, 0xF0, 0x78,
    0x3C, 0xFC, 0x78, 0x3C, 0xFF, 0x38, 0x1C, 0x73, 0xDC, 0x0E, 0x70, 0xEE, 0x07, 0x38, 0x77, 0x03,
    0x9C, 0x1F, 0x81, 0xCE, 0x0F, 0xC1, 0xC7, 0x07, 0xE0, 0xE3, 0x87, 0x38, 0xF1, 0xE7, 0x9F, 0xF0,
    0x7F, 0x83, 0xF0, 0x1F, 0x80, 0x00, 0x00, 0x0F, 0xC0, 0x00, 0x00, 0x7F, 0x00, 0x00, 0x00, 0x38,
    0x00, 0x00, 0x01, 0xC0, 0x00, 0x00, 0x0E, 0x00, 0x00, 0x00, 0x70, 0x01, 0xFC, 0x07, 0x00, 0x1F,
    0xF0, 0x38, 0x01, 0xE3, 0xC3, 0x80, 0x0E, 0x0E, 0x1C, 0x00, 0x70, 0x71, 0xC0, 0x3F, 0xFF, 0xFF,
    0x87, 0xFF, 0xFF, 0xFE, 0x7D, 0xC0, 0xE7, 0x7B, 0x86, 0x07, 0x31, 0xDC, 0x38, 0x3B, 0x87, 0xE1,
    0xC1, 0xDC, 0x3F, 0x0F, 0x1C, 0x73, 0xBF, 0xFF, 0xE3, 0xFC, 0xFE, 0xFE, 0x0F, 0xC0, 0x00, 0x00,
    0x30, 0xE0, 0x00, 0x0E, 0x1C, 0x00, 0x01, 0xC3, 0x80, 0x00, 0x1C, 0x70, 0x00, 0x03, 0xFE, 0x00,
    0x00, 0x3F, 0x80, 0x00, 0x00, 0x00, 0x03, 0xF8, 0x00, 0x00, 0xFF, 0x80, 0x00, 0x3C, 0x78, 0x00,
    0x07, 0x07, 0x00, 0x00, 0xE0, 0xE0, 0x01, 0xFF, 0xFF, 0xC0, 0xFF, 0xFF, 0xFC, 0x3E, 0xE0, 0x77,
    0xC7, 0x0C, 0x0E, 0x38, 0xE1, 0xC1, 0xC3, 0x9C, 0x38, 0x38, 0x73, 0xC7, 0x8E, 0x1C, 0x7F, 0xFF,
    0xFF, 0x87, 0xF7, 0xF7, 0xE0, 0x00, 0x00, 0x61, 0xC0, 0x00, 0x38, 0x70, 0x00, 0x0E, 0x1C, 0x00,
    0x01, 0xC7, 0x00, 0x00, 0x7F, 0xC0, 0x00, 0x0F, 0xE0, 0x00, 0x00, 0x00, 0x3F, 0xE0, 0x38, 0x1F,
    0xFC, 0x0E, 0x0F, 0x0F, 0x83, 0x87, 0x00, 0xF0, 0xE3, 0x80, 0x1C, 0x38, 0xFF, 0x07, 0x0E, 0x3F,
    0xE1, 0xC3, 0x8F, 0x78, 0x70, 0xE3, 0x8F, 0x1C, 0x38, 0xE1, 0xC7, 0x0E, 0x38, 0xE3, 0xC3, 0x8F,
    0x39, 0xE0, 0xE1, 0xFE, 0x7F, 0xF8, 0x3F, 0x1F, 0xFE, 0x00, 0x00, 0x03, 0x86, 0x00, 0x03, 0x87,
    0x00, 0x03, 0x87, 0x00, 0x03, 0x8E, 0x00, 0x03, 0xFE, 0x00, 0x01, 0xFC, 0x00, 0x00, 0x00, 0x18,
    0x1F, 0xC0, 0x38, 0x3F, 0xE0, 0x78, 0x78, 0xF0, 0xF0, 0x70, 0x70, 0xE0, 0x70, 0x70, 0xE0, 0x70,
    0x70, 0xE0, 0x70, 0x38, 0xE0, 0x70, 0x38, 0xE0, 0x70, 0x70, 0xE0, 0xE0, 0x70, 0xE0, 0xE0, 0x70,
    0x71, 0xE0, 0xE0, 0x7F, 0xC1, 0xE0, 0x1F, 0x80, 0xC0, 0x00, 0x00, 0x00, 0x60, 0xC0, 0x00, 0x00,
    0x1C, 0x1C, 0x00, 0x00, 0x03, 0x83, 0x80, 0x00, 0x00, 0x38, 0xE0, 0x00, 0x00, 0x07, 0xFC, 0x00,
    0x00, 0x00, 0x7F, 0x00, 0x00, 0x00, 0x00, 0x01, 0xF8, 0x0F, 0xE0, 0x70, 0x7F, 0x83, 0xFE, 0x0E,
    0x1E, 0x78, 0xF1, 0xE1, 0xC3, 0x87, 0x1C, 0x1C, 0x38, 0x70, 0xE3, 0x83, 0x87, 0x0E, 0x1C, 0xE0,
    0x38, 0xE1, 0xC3, 0x9C, 0x07, 0x1C, 0x1C, 0xFF, 0xFF, 0xE3, 0x83, 0x0F, 0xFF, 0xFC, 0x70, 0x00,
    0x0E, 0x00, 0x0E, 0x00, 0x01, 0xC0, 0x01, 0xC0, 0x00, 0x38, 0x00, 0x38, 0x00, 0x07, 0xFF, 0xFF,
    0x00, 0x00, 0xFF, 0xFF, 0xE0, 0x00, 0x00, 0x38, 0x60, 0x00, 0x03, 0x87, 0x00, 0x00, 0x38, 0x70,
    0x00, 0x03, 0x8E, 0x00, 0x00, 0x3F, 0xE0, 0x00, 0x01, 0xFC, 0x00, 0x00, 0x00, 0x00, 0xFF, 0x1F,
    0xE0, 0x3F, 0xFB, 0xFF, 0x07, 0xC3, 0xF8, 0x70, 0x70, 0x1F, 0x03, 0x8E, 0x01, 0xE0, 0x70, 0xFF,
    0x0E, 0x0F, 0x0F, 0xF8, 0xE3, 0xE0, 0xF7, 0x8E, 0x3F, 0x0E, 0x3C, 0xE0, 0x78, 0xE1, 0xCE, 0x03,
    0x8E, 0x18, 0xE0, 0x38, 0xF3, 0x8E, 0x03, 0x87, 0xF8, 0xE3, 0xF8, 0x3F, 0x0E, 0x7F, 0x00, 0x00,
    0x00, 0xC1, 0x80, 0x00, 0x70, 0x70, 0x00, 0x1C, 0x1C, 0x00, 0x03, 0x8E, 0x00, 0x00, 0xFF, 0x80,
    0x00, 0x1F, 0xC0, 0x00, 0x00, 0x00, 0x00, 0x00, 0x70, 0x00, 0x00, 0x1C, 0x00, 0x00, 0x07, 0x00,
    0x00, 0x01, 0xC0, 0x00, 0x00, 0x70, 0x03, 0xF0, 0x1C, 0x01, 0xFE, 0x07, 0x00, 0xE3, 0x81, 0xC0,
    0x38, 0xE0, 0x70, 0x0E, 0x1C, 0x1C, 0x03, 0x06, 0x07, 0x00, 0x03, 0x81, 0xC3, 0xFF, 0xFF, 0xF0,
    0xFF, 0xFF, 0xFC, 0x00, 0x00, 0x00, 0x00, 0x38, 0x60, 0x00, 0x00, 0x07, 0x0C, 0x00, 0x00, 0x00,
    0xE1, 0x80, 0x00, 0x00, 0x1C, 0x70, 0x00, 0x00, 0x03, 0xFE, 0x00, 0x00, 0x00, 0x3F, 0x80, 0x00,
    0x00, 0x00, 0x00, 0x00, 0x00, 0x7F, 0xC0, 0x00, 0x00, 0x3F, 0xFC, 0x00, 0x00, 0x0F, 0x83, 0xC0,
    0x00, 0x01, 0xC1, 0xFC, 0x01, 0xF0, 0x70, 0x7F, 0xC0, 0x7F, 0x0E, 0x1E, 0x78, 0x1E, 0xF1, 0xC3,
    0x87, 0x03, 0x8E, 0x38, 0xF0, 0xE0, 0x70, 0xE7, 0x1C, 0x1C, 0x0E, 0x1C, 0xE3, 0x83, 0x81, 0x87,
    0x1E, 0x38, 0x70, 0x00, 0xE1, 0xE7, 0x1E, 0x7F, 0xFF, 0xFE, 0x7F, 0x8F, 0xFF, 0xFF, 0x87, 0xE0,
    0x00, 0x01, 0xC3, 0x00, 0x00, 0xE1, 0xC0, 0x00, 0x70, 0xE0, 0x00, 0x38, 0xE0, 0x00, 0x0F, 0xF0,
    0x00, 0x03, 0xF0, 0x00, 0x00, 0x00, 0x7F, 0xCF, 0xC0, 0x7F, 0xFF, 0xF0, 0x7F, 0x3F, 0x3C, 0x39,
    0xCF, 0x0E, 0x1C, 0xE7, 0x03, 0x8E, 0x73, 0x83, 0x87, 0xF9, 0xC1, 0xC1, 0xF8, 0x67, 0xE0, 0xFF,
    0xFF, 0xE0, 0xFF, 0xFF, 0xF8, 0x70, 0x1F, 0x9C, 0x38, 0x7F, 0xCE, 0x1F, 0xFC, 0xFF, 0x07, 0xF0,
    0x3F, 0x00, 0x00, 0x00, 0x00, 0x00, 0x70, 0xC0, 0x00, 0x00, 0x00, 0x0E, 0x1C, 0x00, 0x00, 0x00,
    0x01, 0xC3, 0x80, 0x00, 0x00, 0x00, 0x38, 0xE0, 0x00, 0x00, 0x00, 0x07, 0xFC, 0x00, 0x00, 0x00,
    0x00, 0x7F, 0x00, 0x00, 0x00, 0x00, 0x00, 0x00, 0x7F, 0xFF, 0x80, 0x70, 0xC0, 0x3F, 0xFF, 0xF8,
    0x0E, 0x3C, 0x0F, 0x8F, 0xCF, 0x81, 0xC3, 0x81, 0xC3, 0xFC, 0x70, 0x38, 0x78, 0x70, 0xF3, 0x8E,
    0x07, 0x07, 0x0E, 0x1C, 0x39, 0xE0, 0xE0, 0xE1, 0xC3, 0x87, 0x1C, 0x1C, 0x0E, 0x38, 0x60, 0xE3,
    0x83, 0x81, 0xC7, 0x1C, 0x1C, 0x70, 0x70, 0x30, 0xE3, 0x83, 0x8E, 0x1E, 0x0E, 0x1E, 0x38, 0x71,
    0xC3, 0xC1, 0xC1, 0xE7, 0x9E, 0x3C, 0xFC, 0x70, 0x1E, 0x7F, 0x83, 0xFF, 0xFE, 0x01, 0x87, 0xE0,
    0x3F, 0x3F, 0x00, 0x00, 0x00, 0x00, 0x0C, 0x38, 0x00, 0x00, 0x00, 0xE1, 0xC0, 0x00, 0x00, 0x07,
    0x0E, 0x00, 0x00, 0x00, 0x1C, 0x70, 0x00, 0x00, 0x00, 0xFF, 0x80, 0x00, 0x00, 0x03, 0xF8, 0x00,
    0x00, 0x00, 0x00, 0x01, 0xFE, 0x3F, 0xFF, 0xC0, 0x3F, 0xFB, 0xFF, 0xFF, 0x03, 0xE1, 0xFC, 0xFC,
    0x7C, 0x1C, 0x07, 0x8F, 0x70, 0xF1, 0xC0, 0x3C, 0x73, 0xC3, 0x8F, 0xF0, 0xE7, 0x0E, 0x1C, 0x7F,
    0xC7, 0x38, 0x70, 0x73, 0xDE, 0x39, 0xC1, 0x83, 0x9C, 0x79, 0xCE, 0x0E, 0x38, 0xE1, 0xCE, 0x70,
    0x71, 0xC7, 0x0C, 0x73, 0x87, 0x0E, 0x3C, 0xE3, 0x9E, 0x79, 0xE0, 0xFF, 0x1C, 0x7F, 0x8F, 0x03,
    0xF0, 0xE1, 0xF8, 0x70, 0x00, 0x01, 0x87, 0x03, 0x87, 0x03, 0x87, 0x01, 0xC7, 0x01, 0xFF, 0x00,
    0xFE, 0x00, 0x00, 0x1F, 0xF0, 0x3F, 0xFC, 0x78, 0x78, 0x70, 0x00, 0x70, 0x00, 0x78, 0x00, 0x3F,
    0xF0, 0x1F, 0xF8, 0x00, 0x38, 0x00, 0x1C, 0x00, 0x3C, 0x78, 0x78, 0x7F, 0xF8, 0x1F, 0xE0, 0x00,
    0xE1, 0x80, 0x38, 0x70, 0x0E, 0x1C, 0x03, 0x8E, 0x00, 0xFF, 0x80, 0x1F, 0xC0, 0x00, 0x00, 0x7F,
    0x80, 0x3F, 0xF0, 0x1E, 0x1E, 0x0F, 0x03, 0xC3, 0x80, 0x70, 0xE0, 0x1C, 0x38, 0x03, 0x8E, 0x00,
    0xE3, 0x80, 0x70, 0xE0, 0x1C, 0x3C, 0x0F, 0x07, 0x87, 0x80, 0xFF, 0xC0, 0x1F, 0xE0, 0x00, 0x00,
    0x00, 0x03, 0x86, 0x00, 0x00, 0x03, 0x87, 0x00, 0x00, 0x03, 0x87, 0x00, 0x00, 0x03, 0x8E, 0x00,
    0x00, 0x03, 0xFE, 0x00, 0x00, 0x01, 0xFC, 0x00, 0x00, 0x00, 0x00, 0x1F, 0x80, 0x70, 0xC0, 0x7F,
    0xC0, 0x71, 0xE0, 0x71, 0xE0, 0x70, 0xF0, 0xE0, 0xE0, 0x70, 0x78, 0xE0, 0xE0, 0x70, 0x38, 0xE0,
    0x70, 0x70, 0x38, 0xE0, 0x70, 0x70, 0x38, 0xE0, 0x70, 0x70, 0x38, 0xE0, 0x70, 0x70, 0x38, 0xE0,
    0x70, 0xF0, 0x38, 0xF0, 0x70, 0xF0, 0x78, 0x78, 0x79, 0xF8, 0xF0, 0x38, 0x3F, 0xFF, 0xE0, 0x18,
    0x1F, 0x9F, 0xC0, 0x00, 0x00, 0x00, 0x70, 0xC0, 0x00, 0x00, 0x0E, 0x1C, 0x00, 0x00, 0x01, 0xC3,
    0x80, 0x00, 0x00, 0x38, 0xE0, 0x00, 0x00, 0x07, 0xFC, 0x00, 0x00, 0x00, 0x7F, 0x00, 0x00, 0x00,
    0x00, 0x00, 0xFC, 0x03, 0x8F, 0xC0, 0x7F, 0xC0, 0x73, 0xFC, 0x0E, 0x3C, 0x0E, 0x73, 0xC3, 0x83,
    0x81, 0xCE, 0x38, 0x70, 0x70, 0x39, 0xC3, 0x0E, 0x07, 0x07, 0x38, 0xF1, 0xC0, 0xE0, 0xE7, 0xFE,
    0x38, 0x1C, 0x1C, 0x7F, 0x87, 0x03, 0x83, 0x80, 0x70, 0xE0, 0x70, 0xF0, 0x0E, 0x1E, 0x0E, 0x1E,
    0x03, 0x81, 0xE1, 0xE7, 0xE1, 0xF0, 0x1C, 0x1F, 0xFF, 0xFC, 0x01, 0x81, 0xF8, 0xFE, 0x00, 0x00,
    0x00, 0x00, 0x30, 0xE0, 0x00, 0x00, 0x0E, 0x1C, 0x00, 0x00, 0x01, 0xC3, 0x80, 0x00, 0x00, 0x1C,
    0x70, 0x00, 0x00, 0x03, 0xFE, 0x00, 0x00, 0x00, 0x3F, 0x80, 0x00, 0x00, 0x00, 0x00, 0x7F, 0x9F,
    0xCF, 0xC0, 0x3F, 0xFF, 0xFF, 0xFE, 0x0F, 0x87, 0xE3, 0xF1, 0xC1, 0xC0, 0x78, 0x3C, 0x1C, 0x70,
    0x0F, 0x07, 0x83, 0x8F, 0xF0, 0xE0, 0xE0, 0x31, 0xFF, 0x1C, 0x1C, 0x07, 0x3D, 0xE3, 0x83, 0x80,
    0xE7, 0x1E, 0x70, 0x70, 0x38, 0xE1, 0xCE, 0x0E, 0x07, 0x1C, 0x31, 0xC1, 0xC1, 0xE3, 0xCE, 0x38,
    0x38, 0x38, 0x3F, 0xC7, 0x07, 0x0F, 0x03, 0xF0, 0xE0, 0xE0, 0xC0, 0x00, 0x00, 0x70, 0xC0, 0x00,
    0x0E, 0x1C, 0x00, 0x01, 0xC3, 0x80, 0x00, 0x38, 0xE0, 0x00, 0x07, 0xFC, 0x00, 0x00, 0x7F, 0x00,
    0x00, 0x00, 0x00, 0x7F, 0xFF, 0x80, 0x3F, 0xFF, 0xF8, 0x0F, 0x8F, 0xC7, 0x81, 0xC3, 0xFC, 0x78,
    0x70, 0x73, 0x87, 0x0E, 0x1C, 0x38, 0xE1, 0xC3, 0x87, 0x0E, 0x38, 0x60, 0xE1, 0xC7, 0x1C, 0x1C,
    0x70, 0xE3, 0x83, 0x8E, 0x1E, 0x38, 0x71, 0xC1, 0xE7, 0x9E, 0x70, 0x1E, 0x7F, 0x9E, 0x01, 0x87,
    0xE1, 0x80, 0x00, 0x07, 0x0C, 0x00, 0x0E, 0x1C, 0x00, 0x1C, 0x38, 0x00, 0x38, 0xE0, 0x00, 0x7F,
    0xC0, 0x00, 0x7F, 0x00, 0x00, 0x00, 0x70, 0x3F, 0x80, 0xE0, 0xFF, 0xC1, 0xC3, 0xC7, 0x83, 0x87,
    0x03, 0x87, 0x0E, 0x07, 0x0E, 0x38, 0x0E, 0x1C, 0x70, 0x1C, 0x38, 0xE0, 0x38, 0x71, 0xC0, 0x70,
    0xE3, 0x80, 0xE1, 0xC7, 0x01, 0xC3, 0x8E, 0x03, 0x87, 0xFF, 0xFF, 0x0F, 0xFF, 0xFE, 0x00, 0x01,
    0xC3, 0x01, 0xC3, 0x01, 0xC3, 0x01, 0xC7, 0x01, 0xFF, 0x00, 0xFE, 0x00, 0x00, 0x0F, 0xF0, 0x3F,
    0xF8, 0x7C, 0x38, 0x70, 0x1C, 0xF0, 0x38, 0xE0, 0x78, 0xE3, 0xF0, 0xE3, 0xF8, 0xE0, 0x3C, 0xE0,
    0x1C, 0xE0, 0x1C, 0xE0, 0x1C, 0xE3, 0xFC, 0xE3, 0xF8, 0x00, 0x03, 0x07, 0x00, 0x07, 0x07, 0x00,
    0x07, 0x87, 0x00, 0x03, 0x8F, 0x00, 0x03, 0xFE, 0x00, 0x01, 0xFC, 0x00, 0x00, 0x00, 0x18, 0x71,
    0xC0, 0x38, 0x71, 0xE0, 0x70, 0x70, 0xF0, 0xF0, 0x70, 0x78, 0xE0, 0x70, 0x38, 0xE0, 0x70, 0x38,
    0xE0, 0x70, 0x38, 0xE0, 0x70, 0x38, 0xE0, 0x70, 0x38, 0xE0, 0xF0, 0x38, 0xE0, 0xF0, 0x78, 0x79,
    0xF8, 0xF0, 0x3F, 0xFF, 0xE0, 0x1F, 0x9F, 0xC0, 0x00, 0x03, 0x07, 0x00, 0x07, 0x07, 0x00, 0x07,
    0x87, 0x00, 0x03, 0x8F, 0x00, 0x03, 0xFE, 0x00, 0x01, 0xFC, 0x00, 0x00, 0x00, 0x1F, 0x9F, 0xC0,
    0x3F, 0xFF, 0xE0, 0x79, 0xF8, 0xF0, 0xF0, 0xF0, 0x78, 0xE0, 0xF0, 0x38, 0xE0, 0x70, 0x38, 0xE0,
    0x70, 0x38, 0xE0, 0x70, 0x38, 0xE0, 0x70, 0x38, 0xE0, 0x70, 0x38, 0xF0, 0x70, 0x78, 0x70, 0x70,
    0xF0, 0x38, 0x71, 0xE0, 0x38, 0x71, 0xC0, 0x00, 0x00, 0x00, 0x00, 0x03, 0x86, 0x00, 0x03, 0x87,
    0x00, 0x03, 0x87, 0x00, 0x03, 0x8E, 0x00, 0x03, 0xFE, 0x00, 0x01, 0xFC, 0x00, 0x00, 0x00, 0x00,
    0x00, 0x70, 0x00, 0x00, 0x70, 0x00, 0x00, 0x70, 0x00, 0x00, 0x70, 0x00, 0x00, 0x70, 0x3F, 0x00,
    0x70, 0x7F, 0x80, 0x70, 0xF3, 0xC0, 0x70, 0xE1, 0xC0, 0x70, 0xE1, 0xC0, 0x70, 0xE1, 0xC0, 0x70,
    0xE1, 0xC0, 0x70, 0xF3, 0xFF, 0xF0, 0x71, 0xFF, 0xF0, 0x00, 0x00, 0x00, 0x00, 0x00, 0x0E, 0x18,
    0x00, 0x00, 0x38, 0x70, 0x00, 0x00, 0xE1, 0xC0, 0x00, 0x03, 0x8E, 0x00, 0x00, 0x0F, 0xF8, 0x00,
    0x00, 0x1F, 0xC0, 0x00, 0x00, 0x00, 0x00, 0x00, 0x3F, 0x80, 0x00, 0x01, 0xFF, 0x80, 0x00, 0x0F,
    0x1E, 0x00, 0x00, 0x38, 0x1C, 0x00, 0x00, 0xE0, 0x70, 0x3F, 0x07, 0x01, 0xC1, 0xFE, 0x1C, 0x07,
    0x0F, 0x3C, 0x70, 0x1C, 0x38, 0x71, 0xC0, 0x70, 0xE1, 0xC7, 0x01, 0xC3, 0x87, 0x1C, 0x07, 0x0E,
    0x1C, 0x70, 0x1C, 0x3C, 0xFF, 0xFF, 0xF0, 0x61, 0xFF, 0xFF, 0xC0, 0x00, 0x00, 0x00, 0x00, 0x00,
    0x00, 0x00, 0xE1, 0x80, 0x00, 0x00, 0x38, 0x70, 0x00, 0x00, 0x0E, 0x1C, 0x00, 0x00, 0x03, 0x8E,
    0x00, 0x00, 0x00, 0xFF, 0x80, 0x00, 0x00, 0x1F, 0xC0, 0x00, 0x00, 0x00, 0x00, 0x3F, 0xCF, 0xE0,
    0x70, 0x3F, 0xFF, 0xFC, 0x1C, 0x1F, 0x0F, 0xC7, 0x07, 0x07, 0x01, 0xE0, 0xE1, 0xC3, 0x80, 0x78,
    0x38, 0x70, 0xFF, 0x0E, 0x06, 0x1C, 0x3F, 0xE3, 0x81, 0xC7, 0x0F, 0x78, 0xE0, 0x71, 0xC3, 0x8F,
    0x38, 0x38, 0x70, 0xE1, 0xCE, 0x0E, 0x1C, 0x38, 0x63, 0x83, 0x87, 0x0F, 0x38, 0xE1, 0xC1, 0xC1,
    0xFE, 0x38, 0xFF, 0xF0, 0x3F, 0x0E, 0x1F, 0xFC, 0x00, 0x00, 0xC3, 0x80, 0xE1, 0xC0, 0x70, 0xE0,
    0x1C, 0x70, 0x0F, 0xF8, 0x03, 0xF8, 0x00, 0x00, 0x1F, 0xF0, 0x1F, 0xFC, 0x1E, 0x0E, 0x1C, 0x03,
    0x9E, 0x7F, 0x8E, 0x7F, 0xC7, 0x38, 0x03, 0x9C, 0x01, 0xCF, 0xF0, 0xE3, 0xFC, 0x70, 0x0F, 0x39,
    0x87, 0x1C, 0xFF, 0x8E, 0x7F, 0x80, 0x00, 0x70, 0xC0, 0x0E, 0x1C, 0x01, 0xC3, 0x80, 0x38, 0xE0,
    0x07, 0xFC, 0x00, 0x7F, 0x00, 0x00, 0x00, 0xFF, 0x80, 0x3F, 0xF8, 0x0F, 0x3F, 0x83, 0xC3, 0x78,
    0x70, 0x77, 0x0E, 0x1C, 0xE1, 0xC3, 0x9C, 0x38, 0xF3, 0x87, 0x1C, 0x70, 0xE7, 0x0E, 0x1D, 0xE1,
    0xC3, 0xF8, 0x38, 0x7F, 0xFF, 0x0F, 0xFF, 0xE0, 0x00, 0x00, 0x30, 0xE0, 0x00, 0x0E, 0x1C, 0x00,
    0x01, 0xC3, 0x80, 0x00, 0x1C, 0x70, 0x00, 0x03, 0xFE, 0x00, 0x00, 0x3F, 0x80, 0x00, 0x00, 0x01,
    0xFB, 0xF0, 0x30, 0x7F, 0xFF, 0x0E, 0x1E, 0x3C, 0xF0, 0xE3, 0x87, 0x0E, 0x1C, 0x70, 0xE0, 0xE3,
    0x8E, 0x38, 0x1C, 0x71, 0xC3, 0x03, 0x0E, 0x38, 0x70, 0xE1, 0xC7, 0x0E, 0x1C, 0x38, 0xF1, 0xC3,
    0x8F, 0x0F, 0x1C, 0xE1, 0xC0, 0xF1, 0xF8, 0xF0, 0x0F, 0xFF, 0xFC, 0x00, 0xFF, 0xFF, 0x00, 0x00,
    0x38, 0x60, 0x03, 0x87, 0x00, 0x38, 0x70, 0x03, 0x8E, 0x00, 0x3F, 0xE0, 0x01, 0xFC, 0x00, 0x00,
    0x00, 0xFF, 0x00, 0x3F, 0xFC, 0x07, 0xC3, 0xE0, 0x70, 0xFF, 0x0E, 0x1F, 0xF0, 0xE3, 0xEF, 0x0E,
    0x38, 0x70, 0xE3, 0x83, 0x8E, 0x38, 0x38, 0xE3, 0x87, 0x0F, 0x38, 0x70, 0x7B, 0xCF, 0x03, 0x9F,
    0xE0, 0x18, 0xFC, 0x00, 0x00, 0x61, 0xC0, 0x38, 0x70, 0x0F, 0x1C, 0x01, 0xEF, 0x00, 0x7F, 0x80,
    0x07, 0xC0, 0xFE, 0x00, 0xFF, 0xE0, 0x7C, 0x7C, 0x1C, 0x07, 0x8E, 0x00, 0xE3, 0x80, 0x38, 0xE0,
    0x0E, 0x38, 0x03, 0x8E, 0x00, 0xE3, 0x80, 0x38, 0xE0, 0x0E, 0x1C, 0x07, 0x07, 0x83, 0xC0, 0xE0,
    0xE0, 0x00, 0x10, 0x00, 0x00, 0x06, 0x1C, 0x00, 0x38, 0x70, 0x00, 0xE1, 0xC0, 0x01, 0xC7, 0x00,
    0x07, 0xFC, 0x00, 0x0F, 0xE0, 0x00, 0x00, 0x0F, 0xF0, 0x38, 0x7F, 0xE0, 0xE3, 0xC3, 0xC3, 0x8E,
    0x07, 0x0E, 0x38, 0x1C, 0x38, 0xE0, 0x70, 0xE3, 0x81, 0xC3, 0x8F, 0xFF, 0x0E, 0x3F, 0xFC, 0x38,
    0xE0, 0x00, 0xE3, 0x80, 0x03, 0x8E, 0x00, 0x0E, 0x3F, 0xFF, 0xF8, 0xFF, 0xFF, 0xE0, 0x00, 0x30,
    0xE0, 0x0E, 0x1C, 0x01, 0xC3, 0x80, 0x1C, 0x70, 0x03, 0xFE, 0x00, 0x3F, 0x80, 0x00, 0x00, 0x7F,
    0xE0, 0x3F, 0xFE, 0x0F, 0x81, 0xE3, 0xF8, 0x1C, 0x7F, 0x83, 0x8F, 0x70, 0xF1, 0xC7, 0x7C, 0x38,
    0xEF, 0x87, 0x38, 0x78, 0x7F, 0x07, 0x0F, 0xC0, 0x70, 0x00, 0x1C, 0x3F, 0xFF, 0x8F, 0xFF, 0xE1,
    0xE0, 0x00, 0x38, 0x00, 0x07, 0x00, 0x00, 0xFF, 0xFF, 0x0F, 0xFF, 0xE0, 0x00, 0xC1, 0x80, 0x30,
    0x70, 0x0C, 0x1C, 0x03, 0x8E, 0x00, 0xFF, 0x80, 0x1F, 0xC0, 0x00, 0x01, 0x87, 0xE0, 0xE3, 0xFC,
    0x38, 0xE7, 0x0E, 0x70, 0xE3, 0x9C, 0x38, 0xE3, 0x9C, 0x38, 0xE7, 0x07, 0x9F, 0xC0, 0xFF, 0xE0,
    0x1F, 0xE0, 0x00, 0x30, 0x03, 0x1C, 0x00, 0xFF, 0x00, 0x3F, 0x80, 0x00, 0x00, 0x00, 0xC3, 0x80,
    0x00, 0xE1, 0xC0, 0x00, 0x70, 0xE0, 0x00, 0x1C, 0x70, 0x00, 0x0F, 0xF8, 0x00, 0x03, 0xF8, 0x00,
    0x00, 0x00, 0x1F, 0xE0, 0x38, 0x3F, 0xF8, 0x1C, 0x3E, 0x3E, 0x0E, 0x1C, 0x07, 0x87, 0x1C, 0x01,
    0xC3, 0x8E, 0x00, 0xE1, 0xC7, 0x00, 0x70, 0xE3, 0x80, 0x38, 0x71, 0xC0, 0x1C, 0x38, 0xE0, 0x0E,
    0x1C, 0x78, 0x0F, 0x0E, 0x1C, 0x07, 0x07, 0x0F, 0x07, 0xFF, 0x83, 0x83, 0xFF, 0xC0, 0x00, 0x00,
    0x00, 0x00, 0x00, 0x30, 0xE0, 0x00, 0x0E, 0x1C, 0x00, 0x01, 0xC3, 0x80, 0x00, 0x1C, 0x70, 0x00,
    0x03, 0xFE, 0x00, 0x00, 0x3F, 0x80, 0x00, 0x00, 0x00, 0xC0, 0x7F, 0x80, 0x38, 0x1F, 0xFC, 0x0F,
    0x07, 0x87, 0xC3, 0xC1, 0xE3, 0xF8, 0x70, 0x38, 0xFF, 0x8E, 0x07, 0x3C, 0xF1, 0xC0, 0xE7, 0x0E,
    0x38, 0x1D, 0xE1, 0xC7, 0x03, 0xB8, 0x38, 0xE0, 0xE7, 0x07, 0x1C, 0x1C, 0x70, 0xE1, 0xC7, 0x8E,
    0x3C, 0x3F, 0xE0, 0xFF, 0x01, 0xF8, 0x0F, 0xC0, 0x00, 0x00, 0x06, 0x1C, 0x00, 0x00, 0x38, 0x70,
    0x00, 0x00, 0xE1, 0xC0, 0x00, 0x01, 0xC7, 0x00, 0x00, 0x07, 0xFC, 0x00, 0x00, 0x0F, 0xE0, 0x00,
    0x00, 0x00, 0x00, 0x07, 0xE0, 0x78, 0x00, 0x3F, 0xC1, 0xE0, 0x00, 0xE7, 0x0F, 0x80, 0x03, 0x9C,
    0x7E, 0x00, 0x0E, 0x73, 0xF8, 0x3F, 0x3D, 0xDE, 0xE1, 0xFE, 0x7F, 0xF3, 0x8F, 0x3C, 0xFF, 0x0E,
    0x38, 0x70, 0x70, 0x38, 0xE1, 0xC1, 0xC0, 0xE3, 0x87, 0x07, 0x03, 0x8E, 0x1C, 0x1C, 0x0E, 0x3C,
    0xFF, 0xFF, 0xF8, 0x71, 0xFF, 0xFF, 0xE0, 0x00, 0x00, 0x00, 0x00, 0x00, 0x00, 0x03, 0x86, 0x00,
    0x00, 0x03, 0x87, 0x00, 0x00, 0x03, 0x87, 0x00, 0x00, 0x03, 0x8E, 0x00, 0x00, 0x03, 0xFE, 0x00,
    0x00, 0x01, 0xFC, 0x00, 0x00, 0x00, 0x00, 0x1F, 0x9F, 0x80, 0xC0, 0x3F, 0xFF, 0xC1, 0xE0, 0x79,
    0xF9, 0xE0, 0xF0, 0xE0, 0xF0, 0xE0, 0x70, 0xE0, 0xF0, 0xF0, 0x38, 0xE0, 0x70, 0x70, 0x38, 0xE0,
    0x70, 0x70, 0x38, 0xE0, 0x70, 0x70, 0x38, 0xE0, 0x70, 0x70, 0x38, 0xE0, 0x70, 0x70, 0x38, 0xF0,
    0x70, 0x70, 0x78, 0x78, 0x70, 0x78, 0xF0, 0x38, 0x70, 0x3F, 0xF0, 0x18, 0x70, 0x1F, 0xC0, 0x00,
    0x00, 0x03, 0x0E, 0x00, 0x00, 0x0E, 0x1C, 0x00, 0x00, 0x1C, 0x38, 0x00, 0x00, 0x1C, 0x70, 0x00,
    0x00, 0x3F, 0xE0, 0x00, 0x00, 0x3F, 0x80, 0x00, 0x00, 0x00, 0x00, 0x00, 0x3F, 0x80, 0x00, 0x01,
    0xFF, 0xC0, 0x00, 0x07, 0xC7, 0xC0, 0x00, 0x1E, 0x03, 0xC0, 0x00, 0x38, 0x03, 0x83, 0xF0, 0x70,
    0x07, 0x0F, 0xF0, 0xE0, 0x0E, 0x3C, 0xF1, 0xC0, 0x1C, 0x70, 0xE3, 0x80, 0x38, 0xE1, 0xC7, 0x00,
    0x71, 0xC3, 0x8F, 0x00, 0xE3, 0x87, 0x0E, 0x03, 0x87, 0x9F, 0xFE, 0x0F, 0x06, 0x1F, 0xFC, 0x1C,
    0x00, 0x00, 0x00, 0x00, 0x00, 0x00, 0x00, 0x00, 0x00, 0x38, 0x60, 0x00, 0x00, 0x00, 0x03, 0x87,
    0x00, 0x00, 0x00, 0x00, 0x38, 0x70, 0x00, 0x00, 0x00, 0x03, 0x8E, 0x00, 0x00, 0x00, 0x00, 0x3F,
    0xE0, 0x00, 0x00, 0x00, 0x01, 0xFC, 0x00, 0x00, 0x00, 0x00, 0x00, 0x00, 0x07, 0xF0, 0x07, 0xC0,
    0x70, 0x00, 0xFF, 0x80, 0xFE, 0x0F, 0x00, 0x1E, 0x3C, 0x0E, 0xE0, 0xF0, 0x01, 0xC1, 0xC1, 0xC7,
    0x1F, 0x00, 0x1C, 0x1C, 0x0E, 0x77, 0xF0, 0x1F, 0xFF, 0xFC, 0xF7, 0xF7, 0x07, 0xFF, 0xFF, 0xE7,
    0xFE, 0x70, 0xFB, 0x81, 0xDF, 0x3F, 0x87, 0x0E, 0x38, 0x1C, 0x70, 0x70, 0x70, 0xE1, 0xC1, 0xC3,
    0x87, 0x07, 0x0E, 0x1C, 0x1C, 0x70, 0x70, 0x70, 0xE1, 0xE3, 0x87, 0x07, 0x07, 0x0F, 0xFF, 0xF9,
    0xFF, 0xFF, 0xF0, 0x7F, 0xFF, 0x0F, 0xFF, 0xFF, 0x00, 0x1F, 0x06, 0x3F, 0xE3, 0xBE, 0xF1, 0xFC,
    0x38, 0x7F, 0xEE, 0x3F, 0xF7, 0x1F, 0xBF, 0x8F, 0xDF, 0xC7, 0xFE, 0xFF, 0x3E, 0x3F, 0x00, 0x03,
    0x80, 0xC0, 0x70, 0x1C, 0x07, 0x03, 0x80, 0xE0, 0x38, 0x07, 0x01, 0xC0, 0x70, 0x1C, 0x03, 0x80,
    0xE0, 0x3B, 0x07, 0xE1, 0xF8, 0xEF, 0x79, 0xFE, 0x3E, 0x00, 0x01, 0xC0, 0x70, 0x1C, 0x07, 0x01,
    0xC0, 0x70, 0x1C, 0x07, 0x01, 0xC0, 0x70, 0x1C, 0x07, 0x01, 0xC0, 0x70, 0x1C, 0x07, 0xFF, 0xFF,
    0xF0, 0x38, 0x38, 0x38, 0x70, 0x70, 0x70, 0xE0, 0xE0, 0xE0, 0xE0, 0xE0, 0xE0, 0xE0, 0xE0, 0xE0,
    0xE0, 0x78, 0x7F, 0x3F, 0x00, 0x7F, 0x00, 0xFF, 0x00, 0x0F, 0xF8, 0x3F, 0xFC, 0x01, 0xE3, 0xC7,
    0xC3, 0xE0, 0x1C, 0x1C, 0x70, 0x0F, 0x01, 0xC1, 0xCE, 0x00, 0x71, 0xFF, 0xFF, 0xFE, 0x07, 0x7F,
    0xFF, 0xFF, 0xF0, 0x7F, 0xB8, 0x1D, 0xC7, 0x87, 0xE1, 0x81, 0xDC, 0x38, 0x7E, 0x1C, 0x1D, 0xC1,
    0xC7, 0xE1, 0xC1, 0xCE, 0x1C, 0xFF, 0x1E, 0x38, 0xF3, 0x9E, 0xFF, 0xFF, 0x87, 0xF9, 0xC7, 0xF7,
    0xF0, 0x3F, 0x18, 0x00, 0x7F, 0x00, 0xFF, 0xFF, 0x00, 0x0F, 0xF8, 0x3F, 0xFF, 0xF8, 0x01, 0xE3,
    0xC7, 0xC7, 0xE3, 0xC0, 0x1C, 0x1C, 0x78, 0xEF, 0x1E, 0x01, 0xC1, 0xC7, 0x1E, 0x70, 0xE1, 0xFF,
    0xFF, 0xF1, 0xC3, 0x8E, 0x7F, 0xFF, 0xFF, 0x1C, 0x38, 0x7F, 0xB8, 0x1C, 0xF1, 0x83, 0x87, 0xE1,
    0x81, 0xC7, 0x38, 0x38, 0xEE, 0x1C, 0x1C, 0x73, 0x83, 0x8E, 0xE1, 0xC1, 0xC7, 0x1C, 0x38, 0xEF,
    0x1E, 0x38, 0x71, 0xE7, 0x9C, 0xFF, 0xFF, 0x87, 0x0F, 0xF3, 0xC7, 0xFF, 0xF0, 0x70, 0x7E, 0x18,
    0x00, 0x7F, 0x00, 0x00, 0x7F, 0xC0, 0x00, 0x78, 0xF0, 0x00, 0x38, 0x38, 0x00, 0x1C, 0x1C, 0x00,
    0xFF, 0xFF, 0xE1, 0xFF, 0xFF, 0xF9, 0xF7, 0x03, 0xBE, 0xE1, 0x81, 0xC7, 0x70, 0xE0, 0xE1, 0xF8,
    0x70, 0x70, 0xFE, 0x3C, 0x70, 0xEF, 0xFF, 0xFF, 0xF3, 0xFF, 0xFF, 0xF0, 0x00, 0x1C, 0x70, 0x00,
    0x1E, 0x00, 0x00, 0x07, 0xF8, 0x00, 0x01, 0xFE, 0x00, 0x00, 0x07, 0x00, 0x00, 0xC3, 0x80, 0x00,
    0xFF, 0xC0, 0x00, 0x3F, 0xC0, 0x00, 0xFE, 0x00, 0x00, 0xFF, 0xC0, 0x00, 0xF0, 0xE0, 0x00, 0x70,
    0x38, 0x00, 0x38, 0x1C, 0x01, 0xFF, 0xFF, 0xE1, 0xFF, 0xFF, 0xF9, 0xEE, 0x03, 0xBE, 0xE3, 0x01,
    0xC7, 0x71, 0xC0, 0xE1, 0xF8, 0xE0, 0x70, 0xFC, 0x78, 0xF0, 0xEF, 0xFF, 0xF7, 0xF3, 0xFF, 0xFB,
    0xF0, 0x0F, 0x9E, 0x1C, 0x07, 0x07, 0x0E, 0x03, 0xFB, 0xC3, 0x83, 0xFE, 0xE1, 0xC1, 0xE7, 0x71,
    0xC0, 0x73, 0xB8, 0xE0, 0x3F, 0xDF, 0xF0, 0x0F, 0xC7, 0xF0, 0x00, 0x7F, 0x00, 0x7C, 0x07, 0x00,
    0xFF, 0x80, 0xFE, 0x0F, 0x01, 0xE3, 0xC0, 0xEE, 0x0F, 0x01, 0xC1, 0xC1, 0xC7, 0x1F, 0x01, 0xC1,
    0xC0, 0xE7, 0x7F, 0x1F, 0xFF, 0xFC, 0xF7, 0xF7, 0x7F, 0xFF, 0xFE, 0x7F, 0xE7, 0xFB, 0x81, 0xDF,
    0x3F, 0x87, 0xE3, 0x81, 0xC7, 0x07, 0x07, 0xE1, 0xC1, 0xC3, 0x87, 0x07, 0xE1, 0xC1, 0xC7, 0x07,
    0x07, 0xE1, 0xE3, 0x87, 0x07, 0x07, 0xFF, 0xFF, 0x9F, 0xFF, 0xFF, 0x7F, 0xFF, 0x0F, 0xFF, 0xFF,
    0x18, 0x1F, 0xC1, 0xE1, 0xFF, 0x1E, 0x1E, 0x3C, 0xE0, 0xE0, 0xEE, 0x07, 0x07, 0x70, 0x38, 0x3B,
    0x81, 0xC0, 0xFC, 0x0E, 0x07, 0xE0, 0x70, 0x77, 0x07, 0x83, 0xB8, 0x38, 0x1C, 0xE3, 0xC1, 0xC7,
    0xFE, 0xFE, 0x1F, 0xEF, 0xF0, 0x3C, 0x7B, 0xC1, 0xC3, 0x8E, 0x0E, 0x38, 0x70, 0xE1, 0xC3, 0x87,
    0x0E, 0x1C, 0x1C, 0x70, 0xE0, 0xF7, 0x8F, 0x03, 0xF8, 0x70, 0x0F, 0x81, 0x00, 0x18, 0x0F, 0xF0,
    0xE0, 0x7F, 0xE7, 0x83, 0xC3, 0xBC, 0x1E, 0x07, 0xE0, 0x70, 0x3B, 0x81, 0xC1, 0xEE, 0x07, 0x3F,
    0x38, 0x1C, 0x7C, 0xE0, 0x70, 0x7B, 0x83, 0x80, 0xEE, 0x0E, 0x01, 0xDC, 0x78, 0x0E, 0x7F, 0xC3,
    0xF8, 0x7E, 0x0F, 0xC0, 0x18, 0x1F, 0x8F, 0xF8, 0x1C, 0x1F, 0xEF, 0xFE, 0x1E, 0x1E, 0x7F, 0x3F,
    0x9E, 0x0E, 0x1F, 0x0D, 0xEE, 0x07, 0x0F, 0x07, 0x77, 0x03, 0x83, 0x87, 0x3B, 0x81, 0xC1, 0xC3,
    0x8F, 0xC0, 0xE0, 0xE3, 0xC7, 0xE0, 0x70, 0x71, 0xC3, 0xF0, 0x70, 0x39, 0xC1, 0xF8, 0x38, 0x1D,
    0xE0, 0xEE, 0x3C, 0x0F, 0xE0, 0x77, 0xFC, 0x07, 0xFF, 0xF8, 0xFC, 0x03, 0xFF, 0xFC, 0x18, 0x1F,
    0x9F, 0xC1, 0xC1, 0xFF, 0xFF, 0x1E, 0x1E, 0x7E, 0x3D, 0xE0, 0xE1, 0xE0, 0xFE, 0x07, 0x0F, 0x03,
    0xF0, 0x38, 0x38, 0x1F, 0x81, 0xC1, 0xC0, 0xFC, 0x0E, 0x0E, 0x07, 0xE0, 0x70, 0x70, 0x3F, 0x07,
    0x03, 0x81, 0xF8, 0x38, 0x1C, 0x1E, 0xE3, 0xC0, 0xE1, 0xE7, 0xFC, 0x07, 0x1E, 0x0F, 0xC0, 0x38,
    0x60, 0x18, 0x1F, 0xC1, 0xC1, 0xFF, 0x1E, 0x1E, 0x3C, 0xE0, 0xE0, 0xEE, 0x07, 0x07, 0x70, 0x38,
    0x3B, 0x81, 0xC0, 0xFC, 0x0E, 0x07, 0xE0, 0x70, 0x77, 0x07, 0x83, 0xB8, 0x38, 0x1C, 0xE3, 0xC1,
    0xC7, 0xFE, 0x1E, 0x1F, 0xF8, 0x70, 0x79, 0xE3, 0xC7, 0x07, 0x0E, 0x3F, 0xBC, 0x71, 0xFE, 0xE1,
    0xCE, 0x77, 0x0E, 0x71, 0xF8, 0xE3, 0xDD, 0xEF, 0x0F, 0xE7, 0xF0, 0x3E, 0x1F, 0x00, 0x7F, 0x7F,
    0x00, 0x7F, 0xFF, 0xC0, 0x38, 0xF8, 0xF0, 0x1C, 0x38, 0x38, 0x0E, 0x1C, 0x1C, 0x03, 0xFF, 0xFF,
    0xE1, 0xFF, 0xFF, 0xFD, 0xF7, 0x01, 0xDF, 0xE1, 0x80, 0xC3, 0xF0, 0xE0, 0xE1, 0xF8, 0x70, 0x70,
    0xFE, 0x3C, 0x78, 0x7F, 0xFF, 0xFB, 0xFB, 0xFB, 0xFB, 0xF8, 0x7F, 0x3F, 0x00, 0x7F, 0xFF, 0xC0,
    0x38, 0xF8, 0xF0, 0x1C, 0x38, 0x38, 0x0E, 0x1C, 0x1C, 0x03, 0xFF, 0xFF, 0xE1, 0xFF, 0xFF, 0xFD,
    0xF7, 0x01, 0xDF, 0xE1, 0x80, 0xC3, 0xF0, 0xE0, 0xE1, 0xF8, 0x70, 0x70, 0xFE, 0x3C, 0x78, 0x7F,
    0xFF, 0xFB, 0xFB, 0xFF, 0xFD, 0xF8, 0x07, 0xCF, 0x1E, 0x03, 0x83, 0x87, 0x01, 0xF9, 0xC3, 0x81,
    0xFE, 0xE1, 0xC0, 0xF7, 0xF8, 0xE0, 0x3B, 0x9C, 0xF0, 0x1F, 0xCF, 0xF0, 0x07, 0xC3, 0xF0, 0x07,
    0xFF, 0xFF, 0x0F, 0xE0, 0xFF, 0xFF, 0xFE, 0xFF, 0xCF, 0xC1, 0xFC, 0xFF, 0x1E, 0xF0, 0x1C, 0x71,
    0xE0, 0x7F, 0x01, 0xC3, 0x8F, 0x03, 0xFF, 0x8E, 0x1C, 0x78, 0x3F, 0xFE, 0x77, 0xE3, 0x8F, 0xDE,
    0xF7, 0x3E, 0x1C, 0x3F, 0xE3, 0xF8, 0x78, 0xE0, 0x7F, 0x0E, 0xE1, 0xC7, 0x01, 0xF8, 0xE7, 0x07,
    0x38, 0x0F, 0xE7, 0x3C, 0x71, 0xC0, 0x77, 0xF8, 0xFF, 0x8E, 0x3F, 0x9F, 0x83, 0xF8, 0x71, 0xF8,
    0x00, 0x00, 0x1C, 0x00, 0x00, 0x70, 0x00, 0x01, 0xC0, 0x00, 0x07, 0x00, 0x00, 0x1C, 0x0F, 0xC0,
    0x70, 0x7F, 0x81, 0xC3, 0x8E, 0x07, 0x0E, 0x38, 0x1C, 0x38, 0x70, 0x70, 0xC3, 0x81, 0xC0, 0x0E,
    0x07, 0xFF, 0xFF, 0xFF, 0xFF, 0xFF, 0xF0, 0x00, 0x7D, 0xC0, 0x03, 0xC7, 0x00, 0x1E, 0x1C, 0x01,
    0xE0, 0x70, 0x0F, 0x01, 0xC0, 0x3F, 0xFF, 0x00, 0xFF, 0xFC, 0x00, 0x00, 0x38, 0x00, 0x00, 0xE0,
    0x00, 0x03, 0x80, 0x00, 0x0E, 0x00, 0x00, 0x38, 0x1F, 0x80, 0xE0, 0xFF, 0x03, 0x83, 0x8E, 0x0E,
    0x1E, 0x38, 0x38, 0x70, 0xE0, 0xE0, 0xC3, 0x83, 0x80, 0x0E, 0x0E, 0xFF, 0xFF, 0xFB, 0xFF, 0xFF,
    0xE0, 0x01, 0xE7, 0x80, 0x0E, 0x7F, 0x1F, 0x3B, 0xFC, 0xFE, 0xEE, 0x73, 0xBF, 0xB9, 0xCE, 0x6E,
    0xE7, 0x03, 0x9F, 0xBF, 0xFF, 0xFF, 0xEF, 0xFF, 0xDF, 0x00, 0x3F, 0xEF, 0xE0, 0x3F, 0xE7, 0xE1,
    0xFF, 0xFF, 0xE1, 0xFF, 0xFF, 0xEE, 0x77, 0xE7, 0x8E, 0x77, 0xE7, 0xB9, 0xCF, 0x0E, 0x31, 0xCF,
    0x0F, 0xE7, 0x38, 0x1D, 0xE7, 0x38, 0x1F, 0xDC, 0xE0, 0xE7, 0x9C, 0xE0, 0xE7, 0xE3, 0x87, 0xBF,
    0xE3, 0x87, 0x9F, 0xFF, 0xFD, 0xFF, 0xFF, 0xFC, 0xFF, 0xFF, 0xEF, 0xFF, 0xFF, 0xFB, 0x80, 0x00,
    0x7B, 0x80, 0x7C, 0xEE, 0x00, 0x07, 0xDC, 0x07, 0xF3, 0xB8, 0x01, 0xFE, 0x38, 0xFD, 0xCE, 0xFF,
    0xFF, 0xE0, 0xFF, 0xC7, 0xF8, 0xFF, 0xFC, 0x01, 0xFC, 0x0F, 0xC0, 0x3F, 0xE7, 0xE0, 0x1F, 0xE3,
    0xFF, 0xFC, 0x1F, 0xFF, 0xFE, 0x1F, 0xFF, 0xFF, 0xFF, 0x8F, 0xE7, 0xE7, 0x8F, 0x87, 0xF1, 0xF8,
    0xF3, 0x9C, 0xF0, 0xE7, 0x80, 0xF8, 0xE7, 0x1E, 0xE7, 0x38, 0x1D, 0xC0, 0x3C, 0x71, 0xC3, 0xB9,
    0xCE, 0x0E, 0x7F, 0x87, 0x1C, 0x38, 0xE7, 0xE3, 0x87, 0x9F, 0xF1, 0xC7, 0x0E, 0x1D, 0xFF, 0xFF,
    0xCF, 0xBC, 0x71, 0x83, 0x87, 0xFF, 0xFF, 0xE7, 0x87, 0x9C, 0xE0, 0xE3, 0xBC, 0x00, 0x07, 0xF0,
    0xE7, 0x38, 0x38, 0xEE, 0x00, 0x07, 0xFC, 0x71, 0xC7, 0x0E, 0x3B, 0x80, 0x1F, 0xE3, 0x9C, 0x71,
    0xE7, 0x9C, 0xFF, 0xFF, 0xF0, 0xFF, 0x1C, 0x3F, 0xCF, 0x0F, 0xFF, 0xE0, 0x1F, 0x87, 0x07, 0xE1,
    0x80, 0x0F, 0xF1, 0xFF, 0xF8, 0x0E, 0x7F, 0xF7, 0xFF, 0xF8, 0x1D, 0xF0, 0xFE, 0x7E, 0x78, 0x3B,
    0x80, 0xF9, 0xDC, 0x78, 0x7E, 0x01, 0xE3, 0x9C, 0x70, 0xFF, 0xE1, 0xC6, 0x38, 0xE1, 0xFF, 0xE3,
    0x9C, 0x71, 0xC3, 0xFB, 0xC7, 0x3C, 0xE3, 0x87, 0xE3, 0xCE, 0x3B, 0xC7, 0x0F, 0xC3, 0x9C, 0x7F,
    0x0E, 0x1F, 0x86, 0x38, 0x7C, 0x3C, 0x3F, 0x9C, 0x70, 0x00, 0x70, 0x77, 0xF8, 0xE7, 0xFF, 0xFF,
    0xE7, 0xE1, 0xCF, 0xFF, 0xFF, 0xC0, 0x0F, 0xF1, 0xFF, 0xF8, 0x01, 0xFE, 0x03, 0xFF, 0xFF, 0xFF,
    0xC0, 0x7F, 0xF8, 0x7C, 0x3F, 0x9F, 0x9E, 0x0F, 0x87, 0xC7, 0x01, 0xF3, 0x98, 0xF0, 0xE1, 0xFC,
    0xE0, 0x1E, 0x39, 0xC7, 0x1C, 0x3F, 0xEF, 0xF0, 0xE3, 0x1C, 0x71, 0xC7, 0x9E, 0xFF, 0x8E, 0x71,
    0xC7, 0x1C, 0x70, 0xEF, 0x78, 0xE3, 0x9C, 0x71, 0xC7, 0x07, 0xE3, 0xCE, 0x3B, 0xC7, 0x1C, 0x70,
    0x7E, 0x1C, 0xE3, 0xF8, 0x71, 0xC7, 0x0E, 0xE1, 0x8E, 0x1F, 0x0F, 0x1E, 0x70, 0xEF, 0x38, 0xE0,
    0x00, 0xE0, 0xE7, 0x9E, 0x7F, 0x8E, 0x7F, 0xFF, 0xFF, 0x3F, 0xC3, 0xF0, 0xE7, 0xFF, 0xFF, 0xF1,
    0xF8, 0x0F, 0xF1, 0xFF, 0xF3, 0xF8, 0x3F, 0xFB, 0xFF, 0xFF, 0xFC, 0x7C, 0x3F, 0xBF, 0xBF, 0x1E,
    0x70, 0x1F, 0x3B, 0x9E, 0x0E, 0xE0, 0x1E, 0x71, 0xDE, 0x07, 0xFF, 0x0E, 0x3B, 0x8E, 0x0E, 0xFF,
    0x8E, 0x3F, 0x8E, 0x0E, 0xF7, 0x8E, 0x1F, 0x00, 0x7E, 0xE3, 0xCE, 0x1F, 0xFF, 0xFC, 0xE1, 0xCE,
    0x3F, 0xFF, 0xFE, 0xE1, 0x8E, 0x78, 0x1F, 0x8E, 0xF3, 0x8E, 0x78, 0xFF, 0xCE, 0x7F, 0x8E, 0x3F,
    0xF9, 0xFE, 0x3F, 0x0E, 0x1F, 0xC0, 0xFC, 0x0F, 0xF1, 0xFF, 0xFC, 0x3F, 0xFF, 0x81, 0xFF, 0xDF,
    0xFF, 0xF7, 0xFF, 0xFF, 0x1F, 0x0F, 0xE7, 0xE3, 0xFC, 0xFC, 0x7C, 0xE0, 0x3C, 0x7B, 0x8F, 0x8F,
    0x70, 0xFE, 0x01, 0xE3, 0x8E, 0x3C, 0x73, 0xC3, 0xFF, 0x87, 0x38, 0x71, 0xC7, 0x0E, 0x1F, 0xFE,
    0x39, 0xC3, 0x8E, 0x38, 0x70, 0xFE, 0xF1, 0xCE, 0x0C, 0x71, 0xC1, 0x87, 0xE3, 0xCE, 0x70, 0x73,
    0x8E, 0x0E, 0x3F, 0x0E, 0x73, 0x83, 0x9C, 0x70, 0x71, 0xF8, 0x63, 0x9C, 0x38, 0xE3, 0x87, 0x1F,
    0xE7, 0x1C, 0xF3, 0xC7, 0x1E, 0x79, 0xE7, 0xF8, 0xE3, 0xFC, 0x38, 0x7F, 0x9E, 0x1F, 0x87, 0x0F,
    0xC1, 0xC1, 0xF8, 0x60, 0x1F, 0xF0, 0xFF, 0xF7, 0x87, 0x9C, 0x00, 0x70, 0x01, 0xE0, 0x03, 0xFF,
    0x07, 0xFE, 0x00, 0x38, 0x00, 0x70, 0x01, 0xC0, 0x0E, 0x7F, 0xF9, 0xFF, 0xE0, 0x03, 0x80, 0x0F,
    0x00, 0x1D, 0xE0, 0xEF, 0xFF, 0x8F, 0xF8, 0x1F, 0x80, 0x70, 0xC3, 0xFE, 0x03, 0x87, 0x1C, 0x78,
    0x1C, 0x3D, 0xC1, 0xC0, 0xE0, 0xFE, 0x0E, 0x07, 0x03, 0xF0, 0x38, 0x38, 0x1F, 0x81, 0xC1, 0xC0,
    0xFC, 0x0E, 0x0E, 0x07, 0xE0, 0x70, 0x70, 0x3F, 0x03, 0x87, 0x81, 0xFC, 0x1C, 0x3C, 0x1E, 0xF0,
    0xF3, 0xF1, 0xE3, 0x87, 0xFF, 0xFE, 0x0C, 0x7F, 0xCF, 0xF8, 0x07, 0xBC, 0x71, 0xE0, 0x38, 0xE3,
    0x87, 0x03, 0x87, 0x1C, 0x38, 0x1C, 0x38, 0xE1, 0xC0, 0x71, 0xC7, 0x0E, 0x03, 0x87, 0x3C, 0xF0,
    0x1E, 0x3F, 0xFF, 0x00, 0x60, 0xF9, 0xF0, 0x1F, 0x80, 0x70, 0xC3, 0xFE, 0x03, 0x8F, 0x1C, 0x78,
    0x1C, 0x39, 0xC1, 0xC0, 0xE0, 0xEE, 0x0E, 0x07, 0x07, 0x70, 0x38, 0x38, 0x3B, 0x81, 0xC1, 0xC0,
    0xFC, 0x0E, 0x0E, 0x07, 0xE0, 0x70, 0x70, 0x37, 0x03, 0x87, 0x83, 0xBC, 0x1C, 0x3C, 0x1C, 0xF0,
    0xF3, 0xF1, 0xC3, 0xBF, 0xFF, 0xFE, 0x0F, 0xFF, 0xFF, 0xF0, 0x3D, 0xE1, 0xDD, 0xC1, 0xC7, 0x0E,
    0xE6, 0x0E, 0x1C, 0x77, 0x78, 0x70, 0xE3, 0xBF, 0x83, 0x87, 0x1C, 0xFC, 0x1C, 0x39, 0xF1, 0xE0,
    0x71, 0xFF, 0xFE, 0x01, 0x87, 0xCF, 0xE0, 0x0F, 0xF3, 0xF9, 0xF8, 0x0E, 0x0C, 0x1F, 0xFF, 0xFF,
    0xFE, 0x07, 0x0F, 0x1F, 0x0F, 0xC7, 0xE7, 0x83, 0x83, 0x8E, 0x03, 0xC1, 0xE1, 0xC1, 0xC1, 0xEE,
    0x01, 0xE0, 0xF0, 0xE0, 0xE0, 0x77, 0xF8, 0x70, 0x70, 0x70, 0x70, 0x3B, 0xFE, 0x38, 0x38, 0x38,
    0x38, 0x0F, 0xEF, 0x1C, 0x1C, 0x1C, 0x1C, 0x07, 0xE3, 0xCE, 0x0E, 0x0E, 0x0E, 0x07, 0x70, 0xE7,
    0x07, 0x07, 0x07, 0x83, 0xB8, 0x63, 0x83, 0x81, 0xC3, 0xC1, 0xDE, 0x71, 0xC1, 0xC0, 0xF3, 0xF3,
    0xC7, 0xF8, 0xE0, 0xE0, 0x3F, 0xFF, 0xE1, 0xF8, 0x70, 0x70, 0x0F, 0xCF, 0xC0, 0x0F, 0xF3, 0xF9,
    0xF8, 0x0E, 0x1F, 0x87, 0xFF, 0xFF, 0xFF, 0x81, 0xC7, 0xF9, 0xF0, 0xFC, 0x7E, 0x78, 0x38, 0xE7,
    0xB8, 0x0F, 0x07, 0x87, 0x07, 0x38, 0x7E, 0x01, 0xE0, 0xF0, 0xE0, 0xE7, 0x0F, 0xFE, 0x1C, 0x1C,
    0x1C, 0x1C, 0x73, 0xFF, 0xE3, 0x83, 0x83, 0x83, 0x8F, 0xFF, 0xBC, 0x70, 0x70, 0x70, 0x70, 0xFF,
    0xE3, 0xCE, 0x0E, 0x0E, 0x0E, 0x00, 0xFC, 0x39, 0xC1, 0xC1, 0xE1, 0xE0, 0x3F, 0x86, 0x38, 0x38,
    0x1C, 0x3C, 0x07, 0x79, 0xC7, 0x07, 0x03, 0xCF, 0xC3, 0xE7, 0xF8, 0xE0, 0xE0, 0x3F, 0xFF, 0xF8,
    0x7E, 0x1C, 0x1C, 0x03, 0xF3, 0xFC, 0x00, 0x0F, 0xF3, 0xF8, 0xFF, 0x83, 0xFF, 0xFF, 0xDF, 0xFC,
    0x7C, 0x3F, 0x1F, 0xCF, 0xE7, 0x01, 0xE0, 0xF0, 0xEF, 0xE0, 0x1E, 0x0F, 0x0E, 0x7F, 0xF0, 0xE0,
    0xF0, 0xE7, 0xFF, 0x8E, 0x0E, 0x0E, 0x7F, 0x78, 0xE0, 0xE1, 0xE7, 0xE3, 0xCE, 0x0E, 0x3C, 0x7E,
    0x1C, 0xE0, 0xE3, 0x87, 0xE1, 0x8E, 0x0E, 0x70, 0x7F, 0x38, 0xE0, 0xFE, 0x07, 0x7F, 0x8E, 0x0F,
    0xFF, 0xF3, 0xF0, 0xE0, 0xFF, 0xFF, 0x0F, 0xE3, 0xF9, 0xF8, 0x1F, 0xFF, 0xFF, 0xFF, 0x1F, 0x0F,
    0xC7, 0xE3, 0x8E, 0x03, 0xC1, 0xE0, 0xEE, 0x01, 0xE0, 0xF0, 0x77, 0xF8, 0x70, 0x70, 0x1B, 0xFE,
    0x38, 0x38, 0x0F, 0xEF, 0x1C, 0x1C, 0x07, 0xE3, 0xCE, 0x0E, 0x07, 0x70, 0xE7, 0x07, 0x03, 0xB8,
    0x63, 0x83, 0x83, 0xDE, 0x71, 0xC1, 0xC1, 0xC7, 0xF9, 0xF9, 0xF7, 0xC1, 0xFB, 0xFF, 0xFF, 0xF0,
    0x03, 0xE7, 0xCF, 0xBC, 0x01, 0xC1, 0xE7, 0x8E, 0x00, 0xFC, 0xE1, 0xC3, 0x80, 0xFF, 0x70, 0xE1,
    0xC0, 0x33, 0xB8, 0x71, 0xC0, 0x1D, 0xDC, 0x38, 0xE0, 0x0F, 0xEE, 0x1C, 0xE0, 0x03, 0xE7, 0x0E,
    0x70, 0x00, 0x00, 0x00, 0x00, 0x0F, 0xF3, 0xF8, 0x7F, 0x87, 0xFF, 0xFF, 0xBF, 0xFD, 0xF0, 0xFC,
    0x7F, 0x83, 0xB8, 0x0F, 0x07, 0xC0, 0x7E, 0x01, 0xE0, 0xF1, 0xFF, 0xFE, 0x1C, 0x1E, 0x7F, 0xBF,
    0xE3, 0x83, 0xCE, 0x07, 0xBC, 0x70, 0x73, 0xC0, 0xE3, 0xCE, 0x0E, 0x3F, 0xDC, 0x39, 0xC1, 0xC3,
    0xFF, 0x86, 0x38, 0x38, 0x03, 0xF9, 0xC7, 0x07, 0x18, 0x77, 0xF8, 0xE0, 0xE7, 0xFE, 0x7E, 0x1C,
    0x1C, 0xFF, 0x80, 0x0F, 0xFF, 0xE3, 0xF0, 0x3F, 0xFF, 0xF7, 0xFC, 0x7C, 0x7E, 0x7F, 0x1C, 0x70,
    0xFF, 0x1E, 0x0E, 0xE1, 0xE7, 0x1E, 0x0E, 0xE1, 0xC3, 0x9C, 0x06, 0xE1, 0xC3, 0x9C, 0x07, 0xE1,
    0x83, 0x9C, 0x07, 0xE3, 0x83, 0x9C, 0x0E, 0xE3, 0x83, 0x9C, 0x0E, 0xF1, 0xC3, 0x9C, 0x1E, 0x79,
    0xE7, 0x9C, 0x3C, 0x3C, 0xFF, 0x1C, 0x38, 0x18, 0x7E, 0x1C, 0x30, 0x0F, 0xFF, 0xE0, 0xFF, 0x0F,
    0xFF, 0xFE, 0xFF, 0xF7, 0xC7, 0xE7, 0xFC, 0x1D, 0xC3, 0xBC, 0x7C, 0x07, 0xE1, 0xE7, 0x1E, 0x3F,
    0xF8, 0x70, 0xE7, 0x9F, 0xFE, 0x1C, 0x39, 0xE7, 0x03, 0x86, 0x0E, 0x71, 0xC0, 0xE3, 0x83, 0x9C,
    0x7F, 0xB8, 0xE0, 0xE7, 0x0F, 0xFF, 0x1C, 0x39, 0xC0, 0x1D, 0xE7, 0x9E, 0x71, 0x87, 0x3C, 0xFF,
    0x1C, 0x7F, 0xC6, 0x1F, 0x87, 0x1F, 0xE0, 0x0F, 0xFF, 0xE1, 0xFF, 0x07, 0xFF, 0xFE, 0x7F, 0xF1,
    0xF1, 0xF9, 0xFE, 0x7F, 0x38, 0x7F, 0x8F, 0x06, 0xFE, 0x0E, 0x71, 0xE0, 0xEF, 0xC3, 0x87, 0x3C,
    0x39, 0xF8, 0x70, 0xE7, 0x07, 0x3F, 0x0C, 0x1C, 0xE1, 0xE7, 0xE3, 0x83, 0x9C, 0x38, 0xFC, 0x70,
    0x73, 0x8E, 0x1F, 0xC7, 0x0E, 0x73, 0x83, 0xBC, 0xF3, 0xCF, 0xE0, 0x73, 0xCF, 0xF1, 0xFF, 0xFE,
    0x30, 0xFC, 0x3F, 0xFF, 0xC0, 0x0F, 0xFF, 0xE3, 0xF0, 0x30, 0x3F, 0xFF, 0xF7, 0xF8, 0x38, 0x7C,
    0x7E, 0x7F, 0x3C, 0x1C, 0x70, 0xFF, 0x1E, 0x1C, 0x1E, 0xE1, 0xE7, 0x1E, 0x1C, 0x0E, 0xE1, 0xC3,
    0x9C, 0x0E, 0x0E, 0xE1, 0xC3, 0x9C, 0x0E, 0x07, 0xE1, 0x83, 0x9C, 0x0E, 0x07, 0xE3, 0x83, 0x9C,
    0x0E, 0x0F, 0xE3, 0x83, 0x9C, 0x0E, 0x0E, 0xF1, 0xC3, 0x9C, 0x0E, 0x0E, 0x79, 0xE7, 0x9C, 0x0F,
    0x1E, 0x3C, 0xFF, 0x1C, 0x07, 0xFC, 0x18, 0x7E, 0x1C, 0x03, 0xF8, 0x0F, 0xFF, 0xE1, 0xFF, 0xFC,
    0x0F, 0xFF, 0xFD, 0xFF, 0xFF, 0xC7, 0xC7, 0xE7, 0xF9, 0xF8, 0xF9, 0xC3, 0xFC, 0x78, 0xFF, 0x0F,
    0xE0, 0xE7, 0x1E, 0x39, 0xE1, 0xF8, 0x70, 0xE7, 0x1C, 0x38, 0x7E, 0x1C, 0x39, 0xC7, 0x0E, 0x1F,
    0x86, 0x0E, 0x71, 0xC1, 0x87, 0xE3, 0x83, 0x9C, 0x70, 0x71, 0xF8, 0xE0, 0xE7, 0x1C, 0x1C, 0x7F,
    0x1C, 0x39, 0xC7, 0x0E, 0x3D, 0xE7, 0x9E, 0x71, 0xE7, 0x9E, 0x3C, 0xFF, 0x1C, 0x3F, 0xCF, 0x06,
    0x1F, 0x87, 0x07, 0xE1, 0x80, 0x0F, 0xFF, 0xF0, 0x03, 0xF8, 0x3F, 0xFF, 0xF8, 0x0F, 0xFC, 0x7C,
    0x7E, 0x3C, 0x1E, 0x1E, 0x70, 0xFF, 0x1E, 0x1C, 0x0E, 0xE0, 0xE7, 0x0E, 0x1C, 0x0E, 0xE1, 0xC3,
    0x8E, 0x1C, 0x07, 0xE1, 0xC3, 0x87, 0x1C, 0x07, 0xE1, 0x83, 0x87, 0x1C, 0x07, 0xE3, 0x83, 0x8E,
    0x1C, 0x07, 0xE3, 0x83, 0x8E, 0x1C, 0x07, 0xF1, 0xC3, 0x8E, 0x1C, 0x07, 0x79, 0xE7, 0x9C, 0x1C,
    0x07, 0x3C, 0xFF, 0x3F, 0xFF, 0xFF, 0x18, 0x7E, 0x1F, 0xFF, 0xFF, 0x0F, 0xFF, 0xF0, 0x3F, 0xFF,
    0xF8, 0x7C, 0x7C, 0x3C, 0x70, 0xEE, 0x1E, 0xE1, 0xC7, 0x0E, 0xE1, 0xC3, 0x8E, 0xE1, 0xC3, 0x87,
    0xE1, 0x83, 0x87, 0xE3, 0x83, 0x8E, 0xE3, 0x83, 0x8E, 0xF1, 0xC3, 0x8E, 0x79, 0xE7, 0x9C, 0x38,
    0xFF, 0x38, 0x19, 0xFE, 0x1C, 0x03, 0xCF, 0x1E, 0x07, 0x07, 0x0E, 0x07, 0xF7, 0x0E, 0x07, 0xF7,
    0x0E, 0x07, 0x7F, 0x8E, 0x07, 0x7B, 0x9E, 0x07, 0xF3, 0xFC, 0x03, 0xE1, 0xF8, 0x0F, 0xF0, 0xFF,
    0xE7, 0xC3, 0x9C, 0x07, 0xF0, 0x1B, 0x80, 0xEE, 0x3F, 0x38, 0xFE, 0xE0, 0x7F, 0x80, 0x7E, 0x01,
    0xF8, 0x07, 0xE3, 0xFF, 0x8F, 0xE0, 0x03, 0xC0, 0x07, 0x00, 0x1C, 0x70, 0xF3, 0xFF, 0xC3, 0xFC,
    0x0F, 0xF1, 0xC1, 0x81, 0xFF, 0x9C, 0x3C, 0x7C, 0x3D, 0xC3, 0xC7, 0x03, 0x9C, 0x1E, 0xF1, 0xF9,
    0xC0, 0xEE, 0x1F, 0x9C, 0x0E, 0xE0, 0x39, 0xC0, 0x7E, 0x01, 0xDC, 0x07, 0xE0, 0x39, 0xC0, 0x6E,
    0x3F, 0x9E, 0x0E, 0xE3, 0xF3, 0xE0, 0xEE, 0x38, 0x7F, 0x1C, 0xE3, 0xFF, 0x7F, 0xCE, 0x1F, 0xE3,
    0xF0, 0x1F, 0x87, 0xF0, 0xFF, 0x7F, 0xF7, 0x9F, 0xC3, 0xF8, 0x3E, 0x07, 0xE0, 0xF0, 0x1F, 0x81,
    0xC0, 0xFE, 0x07, 0x1F, 0xB8, 0x1C, 0x7E, 0xE0, 0x70, 0x3F, 0x81, 0xC0, 0x7F, 0x07, 0x01, 0xDE,
    0x1C, 0x07, 0x38, 0x71, 0xFC, 0x61, 0xC7, 0xE0, 0x1F, 0x9F, 0x80, 0x70, 0xC1, 0xFF, 0xFE, 0x03,
    0x8F, 0x1E, 0x7E, 0x78, 0x1C, 0x3D, 0xC1, 0xE1, 0xC0, 0xE0, 0xFE, 0x0F, 0x0F, 0x07, 0x03, 0xF0,
    0x38, 0x38, 0x38, 0x1F, 0x81, 0xC1, 0xC1, 0xC0, 0xFC, 0x0E, 0x0E, 0x0E, 0x07, 0xE0, 0x70, 0x70,
    0x70, 0x3F, 0x03, 0x83, 0x87, 0x81, 0xFC, 0x1C, 0x1C, 0x3C, 0x1E, 0xF0, 0xE0, 0xF3, 0xF1, 0xE3,
    0x87, 0x03, 0xFF, 0xFE, 0x0C, 0x38, 0x0F, 0xCF, 0xE0, 0x1F, 0x9F, 0xCF, 0xC0, 0xFF, 0xFF, 0xFF,
    0xC7, 0x9F, 0x8F, 0xC7, 0x3C, 0x3C, 0x1E, 0x0E, 0xE0, 0xF0, 0x78, 0x3B, 0x81, 0xC0, 0xE0, 0xEE,
    0x07, 0x03, 0x81, 0xF8, 0x1C, 0x0E, 0x07, 0xE0, 0x70, 0x38, 0x3B, 0x81, 0xC0, 0xE0, 0xEF, 0x07,
    0x03, 0x83, 0x9C, 0x1C, 0x0E, 0x1C, 0x38, 0x70, 0x38, 0xF0, 0xE1, 0xC0, 0xE3, 0x80, 0x00, 0x00,
    0x00, 0x00, 0x1F, 0x8F, 0xF8, 0x1F, 0xEF, 0xFE, 0x1E, 0x7F, 0x1F, 0x9E, 0x1F, 0x0E, 0xEE, 0x0F,
    0x07, 0x77, 0x03, 0x83, 0xBB, 0x81, 0xC1, 0xCF, 0xC0, 0xE1, 0xC7, 0xE0, 0x71, 0xE3, 0xF0, 0x39,
    0xE1, 0xFC, 0x1D, 0xE0, 0xEE, 0x0F, 0xE0, 0x73, 0x87, 0xFF, 0xF9, 0xC3, 0xFF, 0xFC, 0x00, 0x00,
    0x00, 0x00, 0x00, 0xFC, 0x00, 0x00, 0x3F, 0x00, 0x00, 0x03, 0x80, 0x00, 0x01, 0xC0, 0x00, 0x00,
    0xE0, 0x00, 0x00, 0x70, 0x7E, 0x3F, 0xF0, 0x7F, 0xBF, 0xF8, 0x79, 0xFC, 0x7E, 0x70, 0x7C, 0x77,
    0x38, 0x3C, 0x39, 0xDC, 0x0E, 0x38, 0xEE, 0x07, 0x1C, 0x77, 0x03, 0x8C, 0x1F, 0x81, 0xCE, 0x0F,
    0xC0, 0xE7, 0x06, 0xF0, 0x71, 0xC7, 0x3C, 0x38, 0xE3, 0x8E, 0x1C, 0x3F, 0x83, 0x0E, 0x3F, 0xC0,
    0x00, 0x3C, 0xF0, 0x00, 0x1C, 0x38, 0x00, 0x0E, 0x1C, 0x00, 0x0E, 0x07, 0x00, 0x03, 0x03, 0x00,
    0x01, 0xC3, 0x80, 0x00, 0xF1, 0xC0, 0x00, 0x38, 0xC0, 0x00, 0x00, 0x00, 0x1F, 0x8F, 0xFF, 0xF0,
    0x3F, 0xDF, 0xFF, 0xF8, 0x79, 0xFC, 0x7E, 0x3C, 0xE0, 0xF8, 0xFF, 0x1E, 0xE0, 0xF0, 0xE7, 0x0E,
    0xE0, 0x71, 0xC3, 0x8E, 0xE0, 0x71, 0xC3, 0x87, 0xE0, 0x71, 0x83, 0x87, 0xE0, 0x73, 0x83, 0x8E,
    0xE0, 0x73, 0x83, 0x8E, 0xF0, 0x71, 0xC3, 0x8E, 0x78, 0x71, 0xE7, 0x9C, 0x38, 0x70, 0xFF, 0x3C,
    0x18, 0x70, 0x7E, 0x18, 0x1F, 0x9F, 0xC0, 0x1F, 0xC1, 0xFF, 0xFF, 0x01, 0xFF, 0x9E, 0x7E, 0x3C,
    0x1E, 0x3D, 0xE1, 0xE0, 0xF0, 0xE0, 0x7E, 0x0F, 0x03, 0x87, 0x03, 0xF0, 0x38, 0x1C, 0x70, 0x1F,
    0x81, 0xC0, 0xE3, 0x80, 0xFC, 0x0E, 0x07, 0x1C, 0x07, 0xE0, 0x70, 0x38, 0xE0, 0x3F, 0x03, 0x81,
    0xC7, 0x01, 0xFC, 0x1C, 0x1E, 0x38, 0x0E, 0xE0, 0xE1, 0xE1, 0xC0, 0x73, 0x87, 0x0F, 0xFF, 0xFF,
    0x9C, 0x38, 0x7F, 0xFF, 0xFC, 0x00, 0x00, 0x00, 0x00, 0x00, 0x00, 0x00, 0x70, 0x00, 0x07, 0x00,
    0x00, 0x70, 0x00, 0x07, 0x00, 0x00, 0x73, 0xF0, 0x07, 0x7F, 0x80, 0x7F, 0x3C, 0x07, 0xE1, 0xC0,
    0x7E, 0x1C, 0x07, 0xE1, 0xC0, 0x7E, 0x1C, 0x07, 0xF1, 0xFF, 0xF6, 0x1F, 0xFF, 0x00, 0x00, 0x70,
    0x7E, 0x07, 0x0F, 0xF0, 0x70, 0xE7, 0x07, 0x1C, 0x38, 0x70, 0xE7, 0x07, 0x0E, 0x7F, 0xF0, 0x67,
    0xFF, 0x00, 0x00, 0x00, 0x00, 0x00, 0x70, 0x00, 0x07, 0x00, 0x00, 0x70, 0x00, 0x07, 0x00, 0x00,
    0x73, 0xF0, 0x07, 0x7F, 0x80, 0x7F, 0x3C, 0x07, 0xE1, 0xC0, 0x7E, 0x1C, 0x07, 0xE1, 0xC0, 0x7E,
    0x1C, 0x07, 0xE3, 0xFF, 0xF6, 0x7F, 0xFF, 0x0F, 0x7C, 0xE1, 0xC1, 0xC7, 0x1F, 0xDC, 0x71, 0xFF,
    0xC7, 0x1C, 0xFC, 0x71, 0xC7, 0xE7, 0x1E, 0xEE, 0xF0, 0xFE, 0xFE, 0x07, 0xC7, 0xC0, 0x00, 0x00,
    0xFE, 0x00, 0x00, 0xFF, 0xE0, 0x00, 0x7C, 0x78, 0x00, 0x1C, 0x07, 0x00, 0x07, 0x01, 0xCF, 0xC3,
    0x80, 0x77, 0xF8, 0xE0, 0x1F, 0xCF, 0x38, 0x07, 0xE1, 0xCE, 0x01, 0xF8, 0x73, 0x80, 0x7E, 0x1C,
    0xE0, 0x1F, 0x87, 0x38, 0x07, 0xF3, 0xFF, 0xFF, 0xD8, 0x7F, 0xFF, 0xF0, 0x07, 0x9E, 0x38, 0x03,
    0x83, 0x87, 0x00, 0xFC, 0xE1, 0xC0, 0x7F, 0xB8, 0x70, 0x1E, 0xEE, 0x1C, 0x03, 0x39, 0xC7, 0x00,
    0xEE, 0x73, 0xC0, 0x3F, 0x9F, 0xE0, 0x07, 0xC1, 0xF0, 0x0F, 0xF3, 0xF8, 0x1C, 0xFF, 0xFF, 0xF0,
    0x77, 0xC3, 0xF1, 0xC1, 0xDC, 0x07, 0x83, 0x87, 0xE0, 0x1E, 0x0E, 0x1F, 0xFC, 0x38, 0x18, 0x7F,
    0xF8, 0xE0, 0x71, 0xFD, 0xE3, 0x81, 0xC7, 0xE3, 0xCE, 0x0E, 0x1F, 0x87, 0x38, 0x38, 0x7E, 0x18,
    0xE0, 0xE1, 0xFC, 0xE3, 0x87, 0x07, 0x7F, 0x8E, 0x3F, 0xFC, 0xFC, 0x38, 0x7F, 0xF0, 0x00, 0x00,
    0x3D, 0xC0, 0x00, 0x03, 0xE7, 0x00, 0x00, 0x1E, 0x1C, 0x00, 0x00, 0xF0, 0x70, 0x00, 0x0F, 0x01,
    0xC0, 0x00, 0x3F, 0xFF, 0x00, 0x00, 0x7F, 0xFC, 0x0F, 0xF3, 0xF8, 0x1C, 0xFF, 0xFF, 0xF0, 0x77,
    0xC3, 0xF1, 0xC1, 0xDC, 0x07, 0x83, 0x87, 0xE0, 0x1E, 0x0E, 0x1F, 0xFC, 0x38, 0x18, 0x7F, 0xF8,
    0xE0, 0x71, 0xFD, 0xE3, 0x81, 0xC7, 0xE3, 0xCE, 0x0E, 0x1F, 0x87, 0x38, 0x38, 0x7E, 0x18, 0xE1,
    0xE1, 0xFC, 0xE3, 0x8F, 0x07, 0x7F, 0x8E, 0x3F, 0xFC, 0xFC, 0x38, 0xFF, 0xF0, 0x00, 0x01, 0xE3,
    0x80, 0x00, 0x0F, 0x0F, 0x00, 0x00, 0x38, 0xF8, 0x00, 0x00, 0xE3, 0xE0, 0x00, 0x03, 0x83, 0x80,
    0x00, 0x0E, 0x07, 0x00, 0x00, 0x39, 0xF8, 0x00, 0x00, 0xE7, 0xE0, 0x0F, 0xF3, 0xF8, 0x1C, 0x7F,
    0xFF, 0xF8, 0x39, 0xF0, 0xFC, 0x70, 0x73, 0x80, 0xF0, 0x70, 0xEE, 0x01, 0xE0, 0xE1, 0xDF, 0xE1,
    0xC0, 0xC3, 0xBF, 0xE3, 0x81, 0xC7, 0x7B, 0xC7, 0x03, 0x8E, 0xE3, 0xCE, 0x0E, 0x1D, 0xC3, 0x9C,
    0x1C, 0x3B, 0x86, 0x38, 0x38, 0x77, 0x9C, 0x70, 0xE0, 0xE7, 0xF8, 0xE3, 0xFF, 0xC7, 0xE1, 0xCB,
    0xFF, 0x80, 0x00, 0x39, 0x86, 0x00, 0x00, 0xE3, 0x8E, 0x00, 0x01, 0xC7, 0x1C, 0x00, 0x07, 0x0E,
    0x1C, 0x00, 0x0E, 0x1C, 0x78, 0x00, 0x0E, 0x78, 0xE0, 0x00, 0x1F, 0xFF, 0xC0, 0x00, 0x1F, 0xBF,
    0x00, 0x0F, 0xF3, 0xF8, 0x1C, 0xFF, 0xFF, 0xF0, 0x73, 0xC3, 0xF1, 0xC1, 0xDC, 0x07, 0x83, 0x87,
    0xE0, 0x1E, 0x0E, 0x1F, 0xFC, 0x38, 0x18, 0x7F, 0xF8, 0xE0, 0x71, 0xFD, 0xE3, 0x81, 0xC7, 0xE3,
    0xCE, 0x0E, 0x1F, 0x87, 0x38, 0x38, 0x7E, 0x18, 0xE0, 0xE1, 0xFC, 0xE3, 0x87, 0x07, 0x7F, 0x8E,
    0xFF, 0xFC, 0xFC, 0x3F, 0xFF, 0xF0, 0x00, 0x3D, 0xE3, 0x80, 0x01, 0xC3, 0x87, 0x00, 0x07, 0xE7,
    0x1C, 0x00, 0x1F, 0xDC, 0x70, 0x00, 0x77, 0x71, 0xC0, 0x01, 0xDD, 0xC7, 0x00, 0x07, 0xF7, 0xFC,
    0x00, 0x0F, 0x8F, 0xE0, 0x1F, 0xE0, 0xFF, 0x83, 0xFF, 0x9F, 0xFC, 0x79, 0xFF, 0xCF, 0xEF, 0x0D,
    0xF0, 0x6F, 0xE0, 0xEF, 0x07, 0x7E, 0x1C, 0xF0, 0xE7, 0xE1, 0xCE, 0x0E, 0x7E, 0x3C, 0xE1, 0xE7,
    0xE3, 0x8E, 0x1C, 0x7E, 0x70, 0xE3, 0x87, 0xEF, 0x0E, 0x70, 0x7F, 0xE0, 0xFE, 0x07, 0xFF, 0xFF,
    0xFF, 0xFF, 0xFF, 0xFF, 0xFF, 0x1F, 0x9F, 0xC0, 0x73, 0xFF, 0xFE, 0x07, 0x79, 0xF8, 0xF0, 0x7F,
    0x0F, 0x07, 0x87, 0xE0, 0xF0, 0x38, 0x7E, 0x07, 0x03, 0x87, 0xE0, 0x70, 0x38, 0x7E, 0x07, 0x03,
    0x87, 0xE0, 0x70, 0x38, 0x7E, 0x07, 0x03, 0x87, 0xF0, 0x70, 0x78, 0x77, 0x07, 0x07, 0x07, 0x38,
    0x70, 0xFF, 0xF3, 0x87, 0x0F, 0xFF, 0x00, 0x00, 0x00, 0x00, 0x1F, 0x9F, 0xC0, 0x73, 0xFF, 0xFE,
    0x07, 0x79, 0xF8, 0xF0, 0x7F, 0x0F, 0x07, 0x87, 0xE0, 0xF0, 0x38, 0x7E, 0x07, 0x03, 0x87, 0xE0,
    0x70, 0x38, 0x7E, 0x07, 0x03, 0x87, 0xE0, 0x70, 0x38, 0x7E, 0x07, 0x03, 0x87, 0xF0, 0x70, 0x78,
    0x77, 0x07, 0x0F, 0x07, 0x38, 0x77, 0xFF, 0xF3, 0x87, 0xFF, 0xFF, 0x00, 0x0F, 0x78, 0xE0, 0x01,
    0xC1, 0xC7, 0x00, 0x1F, 0x9C, 0x70, 0x01, 0xFD, 0xC7, 0x00, 0x1D, 0xDC, 0x70, 0x01, 0xDC, 0xE7,
    0x00, 0x1D, 0xCE, 0xF0, 0x00, 0xFC, 0xFE, 0x00, 0x0F, 0x87, 0xC0, 0x0F, 0xF8, 0x0F, 0xFE, 0x0F,
    0x3F, 0x8E, 0x1D, 0xE7, 0x0E, 0x73, 0x87, 0x3B, 0x83, 0x9D, 0xC3, 0x8E, 0xE3, 0xC7, 0x71, 0xC3,
    0xB9, 0xC1, 0xDF, 0xC0, 0xEF, 0xFF, 0xF7, 0xFF, 0xF9, 0xEF, 0x1D, 0xC3, 0x87, 0xFD, 0xC3, 0xFF,
    0x71, 0xFB, 0xB8, 0xFC, 0xFC, 0x7E, 0xEF, 0x7B, 0xF3, 0xF8, 0xF0, 0xF8, 0x3F, 0x7E, 0x0E, 0x7F,
    0xFF, 0x0E, 0xF1, 0xE7, 0x8F, 0xE1, 0xC3, 0x87, 0xE1, 0xC1, 0xC7, 0xE3, 0x81, 0xC7, 0xE1, 0x81,
    0x87, 0xE1, 0xC3, 0x87, 0xE1, 0xC3, 0x87, 0xF1, 0xC3, 0x8F, 0x78, 0xE7, 0x0E, 0x3C, 0x7E, 0x3E,
    0x1F, 0xFF, 0xFC, 0x0F, 0xFF, 0xFC, 0x00, 0x07, 0xDC, 0x00, 0x0F, 0x1C, 0x00, 0x1E, 0x1C, 0x00,
    0x7C, 0x1C, 0x00, 0xF0, 0x1C, 0x00, 0xFF, 0xFC, 0x00, 0x7F, 0xFC, 0x1F, 0xF0, 0x7F, 0xF1, 0xF0,
    0xF7, 0x80, 0xFE, 0x00, 0xFC, 0x01, 0xF8, 0x03, 0xF0, 0x07, 0xE0, 0x0F, 0xC0, 0x3D, 0xC0, 0xF3,
    0xC3, 0xC3, 0xFF, 0x03, 0xFE, 0x0F, 0x3E, 0x1C, 0x1C, 0x38, 0x38, 0xE0, 0x70, 0xE0, 0xE1, 0xC1,
    0xC3, 0xC7, 0x03, 0x8C, 0x00, 0x00, 0x00, 0x3F, 0xC0, 0xEF, 0xFC, 0x1F, 0xC3, 0xC3, 0xF0, 0x38,
    0x7E, 0x07, 0x0F, 0xC0, 0x61, 0xF8, 0x0C, 0x3F, 0xFF, 0x87, 0xFF, 0xF0, 0xFC, 0x00, 0x1F, 0x80,
    0x03, 0xF0, 0x00, 0x7F, 0xFF, 0xFF, 0xFF, 0xFF, 0xC0, 0x00, 0x38, 0xFC, 0x07, 0x3F, 0xC0, 0xE7,
    0x38, 0x1D, 0xC7, 0x03, 0x9C, 0xE0, 0x73, 0x9F, 0xFE, 0x33, 0xFF, 0xC0, 0x00, 0x00, 0x3F, 0xC0,
    0xEF, 0xFC, 0x1F, 0xC3, 0xC3, 0xF0, 0x38, 0x7E, 0x07, 0x0F, 0xC0, 0xE1, 0xF8, 0x1C, 0x3F, 0xFF,
    0x87, 0xFF, 0xF0, 0xFC, 0x00, 0x1F, 0x80, 0x03, 0xF0, 0x00, 0x7F, 0xFF, 0xFF, 0xFF, 0xFF, 0xDE,
    0x78, 0xF7, 0x07, 0x0E, 0xFE, 0xE1, 0xDF, 0xEE, 0x1F, 0x9D, 0xC3, 0xF3, 0xB8, 0xEF, 0x77, 0xBC,
    0xFE, 0x7F, 0x0F, 0x87, 0xC0, 0x0F, 0xFC, 0x03, 0xFE, 0x0F, 0xFF, 0x83, 0xFF, 0xE7, 0xC0, 0xF1,
    0xF0, 0x7B, 0xF8, 0x1C, 0xFE, 0x0F, 0xFF, 0x07, 0x3F, 0xC1, 0xFD, 0xC3, 0xDF, 0x70, 0xEE, 0x3B,
    0xE7, 0x0F, 0xF3, 0x8E, 0xF8, 0xE3, 0xFE, 0xE7, 0x0F, 0x39, 0xC3, 0xDF, 0xC1, 0xCF, 0xF0, 0x77,
    0xE0, 0x39, 0xF8, 0x1C, 0x00, 0x1C, 0x00, 0x07, 0x7F, 0xFF, 0x1F, 0xFF, 0xFF, 0xFF, 0x8F, 0xFF,
    0xEF, 0x00, 0x03, 0x80, 0x03, 0x80, 0x01, 0xC0, 0x00, 0xE0, 0x00, 0x38, 0x00, 0x3F, 0xFF, 0xFF,
    0xFF, 0xF7, 0xFF, 0xFF, 0xFF, 0xFC, 0x0F, 0xF0, 0x1C, 0xFF, 0xE0, 0x77, 0xC7, 0xC1, 0xDC, 0x07,
    0x87, 0xE0, 0x0E, 0x1F, 0x80, 0x38, 0x7E, 0x00, 0xE1, 0xF8, 0x03, 0x87, 0xE0, 0x0E, 0x1F, 0x80,
    0x38, 0x7F, 0x01, 0xC1, 0xDE, 0x0F, 0x07, 0x3D, 0xFF, 0xFC, 0xEF, 0xFF, 0xF0, 0x79, 0xE7, 0x01,
    0xC3, 0x8E, 0x07, 0xEE, 0x38, 0x3F, 0xF8, 0x70, 0xF7, 0xE1, 0xC1, 0x9D, 0xCE, 0x07, 0x77, 0x38,
    0x1F, 0xDF, 0xE0, 0x3E, 0x3E, 0x00, 0x0F, 0xF0, 0x1C, 0xFF, 0xE0, 0x77, 0xC7, 0xC1, 0xDC, 0x07,
    0x87, 0xE0, 0x0E, 0x1F, 0x80, 0x38, 0x7E, 0x00, 0xE1, 0xF8, 0x03, 0x87, 0xE0, 0x0E, 0x1F, 0x80,
    0x38, 0x7F, 0x01, 0xE1, 0xDC, 0x07, 0x07, 0x78, 0x3F, 0xFC, 0xE0, 0xFF, 0xF0, 0x00, 0x7D, 0xC0,
    0x03, 0xC7, 0x00, 0x3E, 0x1C, 0x01, 0xE0, 0x70, 0x0F, 0x01, 0xC0, 0x7F, 0xFF, 0x00, 0xFF, 0xFC,
    0x18, 0x0F, 0xFF, 0xC0, 0xE7, 0x07, 0xFF, 0xFC, 0x1D, 0xE0, 0xF7, 0xF3, 0xC3, 0xF8, 0x3C, 0xEE,
    0x3C, 0x7E, 0x07, 0x38, 0xE3, 0x8F, 0xC0, 0xE7, 0x1C, 0x71, 0xF8, 0x1C, 0xE3, 0x8E, 0x3F, 0x03,
    0x9C, 0x71, 0xC7, 0xE0, 0x73, 0xDE, 0x38, 0xFC, 0x1C, 0x3F, 0x87, 0x1F, 0x83, 0x83, 0xE1, 0xE3,
    0xB8, 0xF0, 0x00, 0x38, 0x77, 0xFC, 0x3F, 0xFF, 0xFE, 0x3F, 0x07, 0xFF, 0xFF, 0xC0, 0x18, 0x0F,
    0xFF, 0xC0, 0x0F, 0xF0, 0x1C, 0x1F, 0xFF, 0xF0, 0x1F, 0xFE, 0x1E, 0x0F, 0x7F, 0x3C, 0x1F, 0x0F,
    0x9E, 0x0F, 0x3B, 0x8F, 0x0E, 0x1F, 0xEE, 0x07, 0x38, 0xE3, 0x8E, 0x1F, 0xF7, 0x03, 0x9C, 0x71,
    0xC7, 0x1E, 0x7B, 0x81, 0xCE, 0x38, 0xE3, 0x8E, 0x1D, 0xC0, 0xE7, 0x1C, 0x71, 0xC7, 0x07, 0xE0,
    0x73, 0xDE, 0x38, 0xE3, 0x83, 0xF0, 0x70, 0xFE, 0x1C, 0x71, 0xC3, 0xB8, 0x38, 0x3E, 0x1E, 0x3C,
    0xE1, 0xCE, 0x3C, 0x00, 0x0E, 0x0E, 0x79, 0xE7, 0xFC, 0x3F, 0xFF, 0xFF, 0x9F, 0xE0, 0xFC, 0x1F,
    0xFF, 0xFF, 0xC7, 0xE0, 0x18, 0x0F, 0xF0, 0x38, 0x1F, 0xFC, 0x78, 0x3C, 0x3E, 0xF0, 0x78, 0x0E,
    0xE0, 0x70, 0xFF, 0xE0, 0x73, 0xFF, 0xE0, 0x73, 0xCF, 0xE0, 0x73, 0x87, 0xE0, 0x77, 0x07, 0xE0,
    0xE7, 0x07, 0xE0, 0xE3, 0x87, 0x71, 0xE3, 0x8F, 0x7F, 0xC3, 0xFE, 0x1F, 0x87, 0xFC, 0x07, 0x0F,
    0x3C, 0x07, 0x0E, 0x7E, 0x0E, 0x1C, 0xFE, 0x0E, 0x1C, 0xEF, 0x07, 0x1D, 0xC7, 0x07, 0x1C, 0xEE,
    0x07, 0xFC, 0xFE, 0x03, 0xF8, 0x7C, 0x18, 0x0F, 0xF0, 0x38, 0x1F, 0xFC, 0x78, 0x3C, 0x3E, 0xF0,
    0x70, 0x1E, 0xE0, 0x71, 0xFF, 0xE0, 0x73, 0xFF, 0xE0, 0x73, 0xCF, 0xE0, 0x73, 0x87, 0xE0, 0x77,
    0x07, 0xE0, 0xE7, 0x07, 0xE0, 0xE3, 0x87, 0x71, 0xE3, 0x8F, 0x7F, 0xFF, 0xFE, 0x1F, 0xFF, 0xFC,
    0x01, 0xCF, 0x1E, 0x03, 0x87, 0x0E, 0x03, 0xF3, 0x8E, 0x07, 0xFB, 0x8E, 0x03, 0x3B, 0x8E, 0x03,
    0xBB, 0x8E, 0x03, 0xFB, 0xFC, 0x01, 0xF1, 0xF8, 0x00, 0x1F, 0x81, 0xE0, 0x07, 0xF8, 0x3C, 0x00,
    0xE7, 0x0F, 0x80, 0x1C, 0xE3, 0xF0, 0x03, 0x9C, 0xFE, 0x7E, 0x7B, 0xBD, 0xDF, 0xE7, 0xFF, 0x3F,
    0x9E, 0x7F, 0x87, 0xE1, 0xC1, 0xC0, 0xFC, 0x38, 0x38, 0x1F, 0x87, 0x07, 0x03, 0xF0, 0xE0, 0xE0,
    0x7F, 0x3F, 0xFF, 0xFE, 0xC3, 0xFF, 0xFF, 0xC0, 0x00, 0x38, 0x70, 0x00, 0x0F, 0x00, 0x00, 0x00,
    0xFF, 0x80, 0x00, 0x0F, 0xF8, 0x00, 0x00, 0x0F, 0x00, 0x00, 0x00, 0xE0, 0x00, 0x0E, 0x3C, 0x00,
    0x01, 0xFF, 0x80, 0x00, 0x1F, 0xC0, 0x1F, 0x9F, 0x80, 0xC1, 0xFF, 0xFE, 0x0F, 0x1E, 0x7E, 0x78,
    0x3D, 0xC1, 0xE1, 0xC0, 0xEE, 0x0F, 0x0F, 0x03, 0xF0, 0x38, 0x38, 0x1F, 0x81, 0xC1, 0xC0, 0xFC,
    0x0E, 0x0E, 0x07, 0xE0, 0x70, 0x70, 0x3F, 0x03, 0x83, 0x81, 0xFC, 0x1C, 0x1C, 0x1E, 0xF0, 0xE0,
    0xF1, 0xE3, 0x9F, 0x83, 0xFE, 0x0D, 0xFF, 0x1F, 0xF0, 0x1E, 0x7D, 0xF3, 0xC0, 0xE0, 0xEE, 0x0E,
    0x0F, 0x07, 0x70, 0x70, 0x70, 0x3B, 0x81, 0xC1, 0x81, 0xDC, 0x0C, 0x0E, 0x0E, 0xE0, 0xE0, 0x78,
    0xE7, 0x8F, 0x01, 0xC7, 0x1C, 0x70, 0x00, 0x00, 0x00, 0x00, 0x1F, 0x9F, 0x80, 0xC1, 0xFF, 0xFE,
    0x0F, 0x1E, 0x7E, 0x78, 0x39, 0xC1, 0xE1, 0xC0, 0xEE, 0x0F, 0x0F, 0x07, 0x70, 0x38, 0x38, 0x3B,
    0x81, 0xC1, 0xC0, 0xFC, 0x0E, 0x0E, 0x07, 0xE0, 0x70, 0x70, 0x77, 0x03, 0x83, 0x83, 0xBC, 0x1C,
    0x1C, 0x1C, 0xF0, 0xE0, 0xF1, 0xE3, 0x8F, 0x9F, 0xFE, 0x08, 0xFF, 0xFF, 0xF0, 0x0F, 0x7E, 0xF1,
    0xC0, 0x71, 0xE3, 0x8E, 0x03, 0x87, 0x1C, 0x30, 0x1C, 0x38, 0xE1, 0xC0, 0xE1, 0xC7, 0x1C, 0x07,
    0x0E, 0x1C, 0xE0, 0x1C, 0x70, 0xFF, 0x00, 0x63, 0x83, 0xF0, 0x1F, 0x9F, 0x80, 0xC0, 0x1F, 0xC1,
    0xFF, 0xFE, 0x0F, 0x03, 0xFF, 0x9E, 0x7E, 0x78, 0x3C, 0x1E, 0x3D, 0xC1, 0xE1, 0xC0, 0xE1, 0xC0,
    0x7E, 0x0F, 0x0F, 0x03, 0x8E, 0x03, 0xF0, 0x38, 0x38, 0x1C, 0x70, 0x1F, 0x81, 0xC1, 0xC0, 0xE3,
    0x80, 0xFC, 0x0E, 0x0E, 0x07, 0x1C, 0x07, 0xE0, 0x70, 0x70, 0x38, 0xE0, 0x3F, 0x03, 0x83, 0x81,
    0xC7, 0x01, 0xFC, 0x1C, 0x1C, 0x1E, 0x38, 0x0E, 0xF0, 0xE0, 0xF1, 0xE1, 0xC0, 0x73, 0x87, 0x03,
    0xFF, 0xFF, 0xFF, 0x8C, 0x38, 0x0F, 0xFF, 0xFF, 0xFC, 0x1F, 0x9F, 0x80, 0xC1, 0xFF, 0xFE, 0x0F,
    0x1E, 0x7E, 0x78, 0x3D, 0xC1, 0xE1, 0xC0, 0xEE, 0x0F, 0x0F, 0x03, 0xF0, 0x38, 0x38, 0x1F, 0x81,
    0xC1, 0xC0, 0xFC, 0x0E, 0x0E, 0x07, 0xE0, 0x70, 0x70, 0x3F, 0x03, 0x83, 0x81, 0xFC, 0x1C, 0x1C,
    0x1E, 0xF0, 0xE0, 0xF1, 0xE3, 0x87, 0xFF, 0xFE, 0x0C, 0x3F, 0xFF, 0xE0, 0x00, 0xF3, 0xC7, 0x80,
    0x0E, 0x0E, 0x1C, 0x00, 0x7F, 0x38, 0x70, 0x03, 0xFD, 0xC3, 0x80, 0x1C, 0xEE, 0x38, 0x00, 0xE7,
    0x71, 0xC0, 0x07, 0xFB, 0xFE, 0x00, 0x1F, 0x8F, 0xE0, 0x00, 0x00, 0x7F, 0xC0, 0x00, 0x07, 0xFF,
    0x00, 0x00, 0x79, 0xFC, 0x00, 0x07, 0x0E, 0xF0, 0x00, 0x38, 0x73, 0x9F, 0x81, 0xC3, 0x9D, 0xFE,
    0x1C, 0x1C, 0xFE, 0x78, 0xE1, 0xE7, 0xE1, 0xC7, 0x0E, 0x3F, 0x0E, 0x38, 0xE1, 0xF8, 0x71, 0xCE,
    0x0F, 0xC3, 0x8F, 0xE0, 0x7F, 0x3F, 0xFF, 0xFF, 0xB0, 0xFF, 0xFF, 0xFC, 0x00, 0x00, 0x00, 0x00,
    0x00, 0x00, 0xFC, 0xFE, 0x00, 0x00, 0x7F, 0xFF, 0xC0, 0x00, 0x3C, 0xFC, 0x78, 0x00, 0x1E, 0x1E,
    0x0F, 0x00, 0x07, 0x07, 0x81, 0xCF, 0xC1, 0xC0, 0xE0, 0x77, 0xF8, 0x70, 0x38, 0x1F, 0xCF, 0x1C,
    0x0E, 0x07, 0xE1, 0xC7, 0x03, 0x81, 0xF8, 0x71, 0xC0, 0xE0, 0x7E, 0x1C, 0x78, 0x38, 0x3F, 0x87,
    0x0E, 0x0E, 0x1E, 0xF3, 0xFF, 0xC3, 0x8F, 0x18, 0x7F, 0xF0, 0xE1, 0x80, 0x00, 0x00, 0x00, 0x00,
    0x00, 0x00, 0xFF, 0x00, 0x00, 0x3F, 0xF0, 0x00, 0x0F, 0x0F, 0x00, 0x03, 0xC0, 0xF0, 0x00, 0x70,
    0x0E, 0x7E, 0x0E, 0x01, 0xDF, 0xE1, 0xC0, 0x3F, 0x9E, 0x38, 0x07, 0xE1, 0xC7, 0x00, 0xFC, 0x38,
    0xE0, 0x1F, 0x87, 0x1C, 0x03, 0xF0, 0xE1, 0xC0, 0xEF, 0x3F, 0xFC, 0x3C, 0xC3, 0xFF, 0xC7, 0x80,
    0x07, 0x3C, 0x70, 0x01, 0xC3, 0x87, 0x00, 0x3F, 0x70, 0xE0, 0x0F, 0xFE, 0x1C, 0x01, 0xEF, 0xC3,
    0x80, 0x19, 0xDC, 0x70, 0x03, 0xBB, 0x9E, 0x00, 0x7F, 0x7F, 0x80, 0x07, 0xC3, 0xE0, 0x7E, 0x7F,
    0xB9, 0xFC, 0x7C, 0x38, 0x1C, 0x0E, 0x07, 0x03, 0x81, 0xC0, 0xE0, 0x70, 0x38, 0x1C, 0x0E, 0x07,
    0x03, 0x81, 0xC0, 0xE0, 0x70, 0x38, 0x7E, 0x7F, 0xB9, 0xDC, 0xEE, 0x3E, 0x1C, 0x0E, 0x07, 0x03,
    0x81, 0xC0, 0xE0, 0x70, 0x38, 0x1C, 0x0E, 0x07, 0x03, 0x81, 0xC0, 0xE0, 0x70, 0x38, 0x7E, 0x3F,
    0xCE, 0xFB, 0xBE, 0xEF, 0xBF, 0xE7, 0xDC, 0x07, 0x01, 0xC0, 0x70, 0x1C, 0x07, 0x01, 0xC0, 0x70,
    0x1C, 0x07, 0x01, 0xC0, 0x70, 0x1C, 0x07, 0x01, 0xC0, 0x7E, 0x3F, 0xCE, 0xFB, 0xBE, 0xEF, 0xBF,
    0xE7, 0xDC, 0x07, 0x01, 0xC0, 0x70, 0x1C, 0x07, 0x01, 0xC0, 0x70, 0x1C, 0x07, 0x01, 0xC0, 0x70,
    0x1C, 0x07, 0x01, 0xC0, 0x7C, 0x3F, 0x03, 0x80, 0xE0, 0x70, 0x30, 0x38, 0x1C, 0x0E, 0x07, 0x03,
    0x07, 0xC7, 0xF7, 0x1F, 0x8F, 0xC7, 0xE3, 0xFB, 0xDF, 0xC7, 0xC0, 0x7C, 0x1F, 0x80, 0xE0, 0x1C,
    0x07, 0x01, 0xC0, 0xE0, 0x38, 0x0E, 0x03, 0x80, 0xC0, 0xF8, 0x7F, 0x3C, 0xEF, 0x3B, 0xFF, 0xFF,
    0xBC, 0xE7, 0xF8, 0xFC, 0x07, 0x03, 0x83, 0x81, 0xC0, 0xE0, 0x70, 0x38, 0x1C, 0x0E, 0x07, 0x01,
    0xC0, 0xE0, 0x70, 0x1C, 0xFF, 0xFF, 0xF7, 0xF1, 0xF8, 0xFE, 0xF7, 0xF1, 0xF0, 0x00, 0x70, 0x03,
    0x00, 0x38, 0x01, 0xC0, 0x0E, 0x00, 0xE0, 0x07, 0x00, 0x38, 0x00, 0xE0, 0x07, 0x00, 0x38, 0x01,
    0xC0, 0x07, 0x00, 0x38, 0x01, 0xCF, 0xFE, 0xFF, 0xFF, 0x7F, 0xFB, 0x3D, 0xF3, 0xE7, 0xFE, 0x1F,
    0xE0, 0x07, 0x03, 0x83, 0x81, 0xC0, 0xE0, 0x70, 0x38, 0x1C, 0x0E, 0x07, 0x01, 0xC0, 0xE0, 0x70,
    0x1C, 0x0F, 0x87, 0xE3, 0xF1, 0xFD, 0xEF, 0xE3, 0xE0, 0x01, 0xC0, 0x70, 0x1C, 0x07, 0x01, 0xC0,
    0x70, 0x1C, 0x07, 0x01, 0xC0, 0x70, 0x1C, 0x07, 0x01, 0xC0, 0x70, 0x1C, 0x07, 0xFF, 0xFF, 0xF0,
    0x38, 0x38, 0x38, 0x70, 0x70, 0x70, 0xE0, 0xE0, 0xE0, 0xE0, 0xE0, 0xE0, 0xE0, 0xE0, 0xE0, 0xE0,
    0x78, 0x7F, 0x3F, 0x3F, 0x9F, 0x8F, 0xFF, 0xFB, 0xC3, 0xFF, 0xFF, 0x7F, 0xFF, 0xE7, 0xEF, 0xDE,
    0xF9, 0xFB, 0x9F, 0xBF, 0xF3, 0xFF, 0x7C, 0x77, 0xC0, 0x3F, 0x9F, 0xC0, 0x7F, 0xFF, 0xE0, 0xF0,
    0xFB, 0xF0, 0xFE, 0xFF, 0xFC, 0xFE, 0x7F, 0x1E, 0xEF, 0x7E, 0x1E, 0xEE, 0x7E, 0x3F, 0xFE, 0x7F,
    0xFF, 0x7C, 0x77, 0xEF, 0x00, 0x00, 0x0E, 0x03, 0xFC, 0x01, 0xFF, 0xE0, 0x3C, 0x3C, 0x0E, 0x00,
    0x01, 0xC0, 0x00, 0x1E, 0x00, 0x03, 0xFF, 0x80, 0x1F, 0xF8, 0x00, 0x07, 0x00, 0x00, 0xE0, 0x20,
    0x1C, 0x0F, 0x07, 0x81, 0xFF, 0xE0, 0x7F, 0xFF, 0x1F, 0xFF, 0xF7, 0x87, 0xFF, 0xFE, 0xFF, 0xFF,
    0xCF, 0xDF, 0xBD, 0xF3, 0xF7, 0x3F, 0x7F, 0xE7, 0xFE, 0xF8, 0xEF, 0x80, 0x03, 0xFC, 0x00, 0xFF,
    0xC0, 0x3C, 0x3C, 0x0F, 0x03, 0xC1, 0xC0, 0x38, 0x38, 0x07, 0x0E, 0x00, 0xE1, 0xC0, 0x1C, 0x1C,
    0x03, 0x83, 0x80, 0x70, 0x78, 0x1E, 0x07, 0x87, 0x80, 0x7F, 0xE0, 0x7F, 0xFF, 0x1F, 0xFF, 0xF7,
    0x87, 0xFF, 0xFE, 0xFF, 0xFF, 0xCF, 0xDF, 0xBD, 0xF1, 0xF7, 0x3F, 0x7F, 0xE7, 0xFE, 0xF8, 0xEF,
    0x80, 0x01, 0xFE, 0x00, 0xFF, 0xE0, 0x3E, 0x1C, 0x07, 0x01, 0xC1, 0xC0, 0x30, 0x38, 0x1E, 0x07,
    0x0F, 0x80, 0xE1, 0xF8, 0x1C, 0x07, 0x83, 0x80, 0x70, 0x70, 0x0E, 0x0E, 0x03, 0xC1, 0xC3, 0xF8,
    0x7F, 0x7F, 0x1F, 0xFF, 0xF7, 0x87, 0xCF, 0xFE, 0xF7, 0xFF, 0xCF, 0xFF, 0x9D, 0xF9, 0xF3, 0x3F,
    0x7F, 0xE7, 0xFE, 0xF8, 0xEF, 0x80, 0x01, 0xFE, 0x00, 0xFF, 0xF0, 0x3E, 0x0E, 0x07, 0x01, 0xC1,
    0xC7, 0xF8, 0x39, 0xFE, 0x07, 0x38, 0x01, 0xC7, 0x00, 0x38, 0xFF, 0x07, 0x0F, 0xF0, 0x60, 0x0E,
    0x0E, 0x61, 0xC1, 0xCF, 0xF8, 0x7F, 0xFF, 0x1F, 0xFF, 0xF7, 0x87, 0xFF, 0xFE, 0xFF, 0xFF, 0xCF,
    0xDF, 0xBD, 0xF1, 0xF7, 0x3F, 0x7F, 0xE7, 0xFE, 0xF8, 0xEF, 0x80, 0x07, 0xFC, 0x01, 0xFF, 0xC0,
    0x79, 0xFC, 0x0E, 0x1D, 0xC3, 0x83, 0xB8, 0x70, 0xE7, 0x0E, 0x1C, 0x71, 0xC7, 0x8E, 0x38, 0xE1,
    0xC7, 0x3C, 0x38, 0xEF, 0x07, 0x1F, 0xC0, 0xE3, 0xFF, 0xFC, 0x7F, 0xFF, 0x9F, 0xFF, 0xF3, 0xCF,
    0xCE, 0xFC, 0xF7, 0xFF, 0xCF, 0xFF, 0xB9, 0xF9, 0xF3, 0xBE, 0x3E, 0xE7, 0xEF, 0xFC, 0xFF, 0xDF,
    0x1D, 0xE0, 0x03, 0xFC, 0x01, 0xFF, 0xE0, 0x78, 0x3E, 0x1E, 0x1F, 0xC3, 0x87, 0xFC, 0x71, 0xE7,
    0x9C, 0x38, 0x73, 0x8F, 0x0E, 0x39, 0xC1, 0xC7, 0x38, 0x38, 0xE3, 0x87, 0x0E, 0x71, 0xE1, 0xE7,
    0xF8, 0x7F, 0x7F, 0x1F, 0xFF, 0xF7, 0x87, 0xFF, 0xFE, 0xFF, 0xFF, 0xCF, 0xDF, 0xBD, 0xF3, 0xF7,
    0x3F, 0x7F, 0xE7, 0xFE, 0xF8, 0xEF, 0x80, 0x03, 0xFC, 0x01, 0xFF, 0xC0, 0x7C, 0x3C, 0x0E, 0x03,
    0xC3, 0x80, 0x38, 0x70, 0x07, 0x0E, 0x00, 0x71, 0xC0, 0x0E, 0x38, 0x03, 0x87, 0x00, 0x70, 0x70,
    0x1E, 0x0F, 0x07, 0x80, 0xF0, 0xE0, 0x3F, 0x3F, 0x1F, 0xFF, 0xF3, 0xCF, 0xCF, 0xFC, 0xF7, 0xFF,
    0xCF, 0xFF, 0xB9, 0xF9, 0xF3, 0xBE, 0x3E, 0xE7, 0xEE, 0xFC, 0xFF, 0xDF, 0x1D, 0xF0, 0x18, 0x7F,
    0x03, 0x9F, 0xE0, 0x63, 0x8E, 0x1C, 0x71, 0xC3, 0x8E, 0x38, 0x39, 0xC7, 0x07, 0x38, 0xE0, 0xFB,
    0xF8, 0x0F, 0xFE, 0x00, 0x7F, 0x80, 0x00, 0xE0, 0x02, 0x38, 0x00, 0xFF, 0x00, 0x7F, 0xFF, 0x1F,
    0xFF, 0xF7, 0x87, 0xFF, 0xFE, 0xFF, 0xFF, 0xCF, 0xDF, 0xBD, 0xF1, 0xF7, 0x3F, 0x7F, 0xE7, 0xFE,
    0xF8, 0xEF, 0x80, 0x03, 0xFC, 0x00, 0x1F, 0xFE, 0x00, 0x3C, 0x3C, 0x00, 0xE0, 0x00, 0x01, 0xC0,
    0x00, 0x01, 0xE0, 0x00, 0x03, 0xFF, 0x80, 0x01, 0xFF, 0x80, 0x00, 0x07, 0x00, 0x00, 0x0E, 0x00,
    0x20, 0x1C, 0x00, 0xF0, 0x78, 0x01, 0xFF, 0xE0, 0x07, 0xFF, 0xF0, 0x1F, 0xFF, 0xF8, 0x78, 0x7F,
    0xF0, 0xFE, 0xFF, 0xF9, 0xFC, 0xFD, 0xFB, 0xBD, 0xF3, 0xF7, 0x73, 0xF7, 0xFF, 0xE7, 0xFE, 0xEF,
    0x8E, 0xFB, 0x80, 0x00, 0x03, 0x00, 0x03, 0xFC, 0x00, 0x0F, 0xFC, 0x00, 0x3C, 0x3C, 0x00, 0xF0,
    0x3C, 0x01, 0xC0, 0x38, 0x03, 0x80, 0x70, 0x0E, 0x00, 0xE0, 0x1C, 0x01, 0xC0, 0x1C, 0x03, 0x80,
    0x38, 0x07, 0x00, 0x78, 0x1E, 0x00, 0x78, 0x78, 0x00, 0x7F, 0xE0, 0x07, 0xFF, 0xF0, 0x1F, 0xFF,
    0xF8, 0x78, 0x7F, 0xF0, 0xFE, 0xFF, 0xF9, 0xFC, 0xFE, 0xFB, 0xBD, 0xF1, 0xF7, 0x73, 0xF7, 0xFF,
    0xE7, 0xFE, 0xEF, 0x8E, 0xFB, 0x80, 0x00, 0x03, 0x00, 0x01, 0xFE, 0x00, 0x0F, 0xFE, 0x00, 0x3E,
    0x1C, 0x00, 0x70, 0x1C, 0x01, 0xE0, 0x30, 0x03, 0x81, 0xE0, 0x07, 0x0F, 0x80, 0x0E, 0x1F, 0x80,
    0x1C, 0x07, 0x80, 0x38, 0x07, 0x00, 0x70, 0x0E, 0x00, 0xE0, 0x1C, 0x01, 0xC3, 0xF8, 0x03, 0xF7,
    0xF0, 0x1F, 0xFF, 0xF0, 0x78, 0x7F, 0xF0, 0xFE, 0xFF, 0xF9, 0xFC, 0xFE, 0xFB, 0x9D, 0xF1, 0xF7,
    0x33, 0xF7, 0xFF, 0xE7, 0xFE, 0xEF, 0x8E, 0xFB, 0x80, 0x00, 0x03, 0x00, 0x01, 0xFE, 0x00, 0x0F,
    0xFF, 0x00, 0x3E, 0x0E, 0x00, 0x70, 0x1C, 0x01, 0xC7, 0xF8, 0x03, 0x9F, 0xE0, 0x07, 0x38, 0x00,
    0x1C, 0x70, 0x00, 0x38, 0xFF, 0x00, 0x70, 0xFF, 0x00, 0x60, 0x0E, 0x00, 0xE6, 0x1C, 0x01, 0xCF,
    0xF8, 0x07, 0xFF, 0xF0, 0x1F, 0xFF, 0xF0, 0x78, 0x7F, 0xF0, 0xFE, 0xFF, 0xF9, 0xFC, 0xFE, 0xFB,
    0xBD, 0xF1, 0xF7, 0x73, 0xF7, 0xFF, 0xE7, 0xFE, 0xEF, 0x8E, 0xFB, 0x80, 0x00, 0x03, 0x00, 0x07,
    0xFC, 0x00, 0x1F, 0xFC, 0x00, 0x79, 0xFC, 0x00, 0xE1, 0xDC, 0x03, 0x83, 0xB8, 0x07, 0x0E, 0x70,
    0x0E, 0x1C, 0x70, 0x1C, 0x78, 0xE0, 0x38, 0xE1, 0xC0, 0x73, 0xC3, 0x80, 0xEF, 0x07, 0x01, 0xFC,
    0x0E, 0x03, 0xFF, 0xFC, 0x07, 0xFF, 0xF8, 0x1F, 0xFF, 0xF0, 0x3C, 0xFC, 0xF0, 0xFC, 0xF7, 0xF1,
    0xFC, 0xFF, 0xF3, 0xB9, 0xF9, 0xF7, 0x3B, 0xE3, 0xEE, 0xE7, 0xEE, 0xFF, 0xCF, 0xFD, 0xDF, 0x1D,
    0xF7, 0x00, 0x00, 0x06, 0x03, 0xFC, 0x00, 0x1F, 0xFE, 0x00, 0x78, 0x3E, 0x01, 0xE1, 0xFC, 0x03,
    0x87, 0xFC, 0x07, 0x1E, 0x78, 0x1C, 0x38, 0x70, 0x38, 0xF0, 0xE0, 0x39, 0xC1, 0xC0, 0x73, 0x83,
    0x80, 0xE3, 0x87, 0x00, 0xE7, 0x1E, 0x01, 0xE7, 0xF8, 0x07, 0xF7, 0xF0, 0x1F, 0xFF, 0xF0, 0x78,
    0x7F, 0xF0, 0xFE, 0xFF, 0xF9, 0xFC, 0xFD, 0xFB, 0xBD, 0xF3, 0xF7, 0x73, 0xF7, 0xFF, 0xE7, 0xFE,
    0xEF, 0x8E, 0xFB, 0x80, 0x00, 0x03, 0x00, 0x03, 0xFC, 0x00, 0x1F, 0xFC, 0x00, 0x7C, 0x3C, 0x00,
    0xE0, 0x3C, 0x03, 0x80, 0x38, 0x07, 0x00, 0x70, 0x0E, 0x00, 0x70, 0x1C, 0x00, 0xE0, 0x38, 0x03,
    0x80, 0x70, 0x07, 0x00, 0x70, 0x1E, 0x00, 0xF0, 0x78, 0x00, 0xF0, 0xE0, 0x03, 0xF3, 0xF0, 0x1F,
    0xFF, 0xF0, 0x3C, 0xFC, 0xF0, 0xFC, 0xF7, 0xF1, 0xFC, 0xFF, 0xF3, 0xB9, 0xF9, 0xF7, 0x3B, 0xE3,
    0xEE, 0xE7, 0xEE, 0xEF, 0xCF, 0xFD, 0xDF, 0x1D, 0xF7, 0x00, 0x00, 0x06, 0x18, 0x7F, 0x00, 0x39,
    0xFE, 0x00, 0x63, 0x8E, 0x01, 0xC7, 0x1C, 0x03, 0x8E, 0x38, 0x03, 0x9C, 0x70, 0x07, 0x38, 0xE0,
    0x0F, 0xBF, 0x80, 0x0F, 0xFE, 0x00, 0x07, 0xF8, 0x00, 0x00, 0xE0, 0x00, 0x23, 0x80, 0x00, 0xFF,
    0x00, 0x07, 0xFF, 0xF0, 0x1F, 0xFF, 0xF0, 0x78, 0x7F, 0xF0, 0xFE, 0xFF, 0xF9, 0xFC, 0xFE, 0xFB,
    0xBD, 0xF1, 0xF7, 0x73, 0xF7, 0xFF, 0xE7, 0xFE, 0xEF, 0x8E, 0xFB, 0x80, 0x00, 0x03, 0x00, 0x07,
    0x77, 0x20, 0x1F, 0xFF, 0xFF, 0xFF, 0xFF, 0xFF, 0xF8, 0x00, 0xE7, 0xE7, 0xE7, 0xE7, 0xE7, 0xE7,
    0xE7, 0xE7, 0xE7, 0xE7, 0xE7, 0xE7, 0xE7, 0xE7, 0xE7, 0xE7, 0xC3, 0x00, 0x00, 0x70, 0x00, 0x03,
    0x80, 0x00, 0x1C, 0x00, 0x00, 0xE0, 0x00, 0x07, 0x1F, 0x80, 0x39, 0xFE, 0x01, 0xDE, 0x78, 0x0E,
    0xE1, 0xC0, 0x77, 0x0E, 0x03, 0xB8, 0x70, 0x1D, 0xC3, 0x80, 0xEF, 0x1F, 0xFF, 0x30, 0xFF, 0xF8,
    0x0F, 0xFF, 0x00, 0xFF, 0xFC, 0x0F, 0x7E, 0xF0, 0x77, 0x3B, 0x87, 0x39, 0xCE, 0x1F, 0x8E, 0xE0,
    0xEE, 0x77, 0x03, 0xFF, 0xB8, 0x09, 0xF9, 0x80, 0x03, 0xE3, 0x9F, 0xEE, 0xE3, 0xBB, 0x8E, 0xEE,
    0x3B, 0xB8, 0x70, 0x01, 0xC0, 0x07, 0x00, 0x1C, 0x00, 0x70, 0x01, 0xC0, 0x07, 0x00, 0x1C, 0x00,
    0x70, 0x01, 0xC0, 0x07, 0x00, 0x1C, 0x00, 0x70, 0x01, 0xC0, 0x07, 0x00, 0x1C, 0x07, 0xF1, 0xDF,
    0xFB, 0xBB, 0xF7, 0xE3, 0xFE, 0xEE, 0xFD, 0xFD, 0xC1, 0xF3, 0x80, 0x07, 0x00, 0x0E, 0x00, 0x1C,
    0x00, 0x38, 0x00, 0x70, 0x00, 0xE0, 0x01, 0xC0, 0x03, 0x80, 0x07, 0x00, 0x0E, 0x00, 0x1C, 0x00,
    0x38, 0x00, 0x70, 0x00, 0xE0, 0x08, 0x0B, 0xB8, 0x6E, 0xE1, 0xFB, 0x8E, 0xEE, 0x3B, 0x9F, 0xE0,
    0x3F, 0x00, 0x61, 0x9C, 0xE3, 0xF0, 0x78, 0x1E, 0x0F, 0xC7, 0xF9, 0xB6, 0x0C, 0x03, 0x00, 0xC0,
    0x30, 0x0C, 0x03, 0x00, 0xC0, 0x30, 0x0C, 0x03, 0x00, 0xC0, 0x30, 0x0C, 0x03, 0x00, 0xC0, 0x30,
    0x0C, 0x03, 0x00, 0x00, 0x04, 0x00, 0x60, 0x60, 0x62, 0x06, 0x00, 0x0C, 0x03, 0xC0, 0x30, 0x00,
    0x00, 0x06, 0x06, 0x26, 0x60, 0x60, 0xFB, 0xFF, 0xFE, 0xFE, 0xF7, 0xF1, 0xF0, 0x70, 0x38, 0x1C,
    0x0E, 0x07, 0x00,
};

static const EpdGlyph malayalam_ui_12Glyphs[] = {
    { 3, 18, 140, 4, 16, 7, 0 }, // U+0964
    { 8, 18, 228, 4, 16, 18, 7 }, // U+0965
    { 8, 7, 0, -11, 21, 7, 25 }, // U+0D00
    { 9, 6, 0, -11, 22, 7, 32 }, // U+0D01
    { 10, 10, 181, 1, 10, 13, 39 }, // U+0D02
    { 7, 14, 134, 1, 14, 13, 52 }, // U+0D03
    { 13, 10, 233, 1, 10, 17, 65 }, // U+0D04
    { 36, 14, 598, 1, 14, 63, 82 }, // U+0D05
    { 40, 19, 659, 1, 14, 95, 145 }, // U+0D06
    { 23, 19, 394, 1, 14, 55, 240 }, // U+0D07
    { 42, 19, 698, 1, 14, 100, 295 }, // U+0D08
    { 16, 19, 277, 1, 14, 38, 395 }, // U+0D09
    { 35, 19, 580, 1, 14, 84, 433 }, // U+0D0A
    { 20, 20, 348, 1, 14, 50, 517 }, // U+0D0B
    { 28, 14, 467, 1, 14, 49, 567 }, // U+0D0C
    { 30, 20, 509, 1, 14, 75, 616 }, // U+0D0E
    { 31, 20, 509, 1, 14, 78, 691 }, // U+0D0F
    { 48, 20, 795, 1, 14, 120, 769 }, // U+0D10
    { 17, 14, 303, 1, 14, 30, 889 }, // U+0D12
    { 30, 14, 504, 1, 14, 53, 919 }, // U+0D13
    { 36, 14, 604, 1, 14, 63, 972 }, // U+0D14
    { 25, 14, 415, 1, 14, 44, 1035 }, // U+0D15
    { 23, 14, 400, 1, 14, 41, 1079 }, // U+0D16
    { 21, 14, 359, 1, 14, 37, 1120 }, // U+0D17
    { 31, 14, 530, 1, 14, 55, 1157 }, // U+0D18
    { 25, 14, 426, 1, 14, 44, 1212 }, // U+0D19
    { 22, 14, 373, 0, 14, 39, 1256 }, // U+0D1A
    { 33, 14, 540, 0, 14, 58, 1295 }, // U+0D1B
    { 22, 14, 376, 1, 14, 39, 1353 }, // U+0D1C
    { 40, 14, 662, 1, 14, 70, 1392 }, // U+0D1D
    { 35, 14, 578, 1, 14, 62, 1462 }, // U+0D1E
    { 14, 14, 225, 0, 14, 25, 1524 }, // U+0D1F
    { 15, 14, 262, 1, 14, 27, 1549 }, // U+0D20
    { 29, 14, 489, 1, 14, 51, 1576 }, // U+0D21
    { 32, 14, 534, 1, 14, 56, 1627 }, // U+0D22
    { 33, 14, 547, 1, 14, 58, 1683 }, // U+0D23
    { 24, 14, 406, 1, 14, 42, 1741 }, // U+0D24
    { 19, 14, 358, 2, 14, 34, 1783 }, // U+0D25
    { 14, 14, 256, 1, 14, 25, 1817 }, // U+0D26
    { 21, 15, 364, 1, 15, 40, 1842 }, // U+0D27
    { 21, 15, 364, 1, 14, 40, 1882 }, // U+0D28
    { 24, 14, 408, 1, 14, 42, 1922 }, // U+0D29
    { 20, 15, 358, 1, 14, 38, 1964 }, // U+0D2A
    { 26, 15, 452, 1, 14, 49, 2002 }, // U+0D2B
    { 30, 14, 522, 1, 14, 53, 2051 }, // U+0D2C
    { 15, 14, 262, 1, 14, 27, 2104 }, // U+0D2D
    { 15, 14, 289, 1, 14, 27, 2131 }, // U+0D2E
    { 24, 14, 414, 1, 14, 42, 2158 }, // U+0D2F
    { 17, 14, 294, 1, 14, 30, 2200 }, // U+0D30
    { 15, 15, 270, 1, 14, 29, 2230 }, // U+0D31
    { 19, 14, 344, 2, 14, 34, 2259 }, // U+0D32
    { 17, 19, 290, 1, 14, 41, 2293 }, // U+0D33
    { 15, 14, 262, 1, 14, 27, 2334 }, // U+0D34
    { 22, 15, 383, 1, 14, 42, 2361 }, // U+0D35
    { 24, 14, 416, 1, 14, 42, 2403 }, // U+0D36
    { 27, 15, 460, 1, 14, 51, 2445 }, // U+0D37
    { 29, 14, 489, 1, 14, 51, 2496 }, // U+0D38
    { 28, 15, 476, 1, 14, 53, 2547 }, // U+0D39
    { 19, 20, 309, 0, 15, 48, 2600 }, // U+0D3A
    { 3, 7, 0, -8, 22, 3, 2648 }, // U+0D3B
    { 7, 7, 0, -6, 22, 7, 2651 }, // U+0D3C
    { 17, 26, 186, -2, 20, 56, 2658 }, // U+0D3D
    { 12, 14, 202, 0, 14, 21, 2714 }, // U+0D3E
    { 10, 21, 91, -5, 21, 27, 2735 }, // U+0D3F
    { 12, 21, 91, -7, 21, 32, 2762 }, // U+0D40
    { 9, 20, 133, -1, 14, 23, 2794 }, // U+0D41
    { 10, 20, 133, -1, 14, 25, 2817 }, // U+0D42
    { 10, 22, 97, -3, 14, 28, 2842 }, // U+0D43
    { 13, 22, 97, -6, 14, 36, 2870 }, // U+0D44
    { 16, 14, 286, 1, 14, 28, 2906 }, // U+0D46
    { 13, 14, 238, 1, 14, 23, 2934 }, // U+0D47
    { 34, 14, 572, 1, 14, 60, 2957 }, // U+0D48
    { 34, 14, 571, 1, 14, 60, 3017 }, // U+0D4A
    { 31, 14, 517, 1, 14, 55, 3077 }, // U+0D4B
    { 41, 14, 674, 1, 14, 72, 3132 }, // U+0D4C
    { 10, 6, 0, -7, 21, 8, 3204 }, // U+0D4D
    { 3, 5, 0, -8, 21, 2, 3212 }, // U+0D4E
    { 29, 19, 498, 1, 14, 69, 3214 }, // U+0D4F
    { 15, 20, 258, 1, 20, 38, 3283 }, // U+0D54
    { 24, 20, 413, 1, 20, 60, 3321 }, // U+0D55
    { 17, 20, 290, 1, 20, 43, 3381 }, // U+0D56
    { 17, 14, 304, 1, 14, 30, 3424 }, // U+0D57
    { 29, 21, 489, 1, 21, 77, 3454 }, // U+0D58
    { 27, 14, 452, 1, 14, 48, 3531 }, // U+0D59
    { 25, 15, 428, 1, 14, 47, 3579 }, // U+0D5A
    { 22, 15, 383, 2, 15, 42, 3626 }, // U+0D5B
    { 36, 14, 607, 1, 14, 63, 3668 }, // U+0D5C
    { 50, 14, 804, -1, 14, 88, 3731 }, // U+0D5D
    { 33, 14, 550, 1, 14, 58, 3819 }, // U+0D5E
    { 33, 14, 536, 1, 14, 58, 3877 }, // U+0D5F
    { 20, 19, 348, 1, 14, 48, 3935 }, // U+0D60
    { 32, 19, 528, 1, 14, 76, 3983 }, // U+0D61
    { 19, 9, 0, -20, 1, 22, 4059 }, // U+0D62
    { 24, 10, 0, -20, 1, 30, 4081 }, // U+0D63
    { 13, 12, 230, 1, 13, 20, 4111 }, // U+0D66
    { 21, 19, 358, 1, 14, 50, 4131 }, // U+0D67
    { 20, 15, 344, 1, 14, 38, 4181 }, // U+0D68
    { 26, 15, 433, 1, 14, 49, 4219 }, // U+0D69
    { 19, 19, 319, 1, 19, 46, 4268 }, // U+0D6A
    { 22, 23, 388, 1, 19, 64, 4314 }, // U+0D6B
    { 29, 19, 489, 1, 14, 69, 4378 }, // U+0D6C
    { 17, 19, 297, 1, 14, 41, 4447 }, // U+0D6D
    { 22, 19, 383, 1, 14, 53, 4488 }, // U+0D6E
    { 27, 19, 449, 1, 19, 65, 4541 }, // U+0D6F
    { 28, 20, 434, -1, 15, 70, 4606 }, // U+0D70
    { 21, 19, 363, 1, 14, 50, 4676 }, // U+0D71
    { 34, 14, 564, 1, 14, 60, 4726 }, // U+0D72
    { 18, 13, 314, 1, 13, 30, 4786 }, // U+0D73
    { 21, 20, 368, 1, 20, 53, 4816 }, // U+0D74
    { 30, 19, 493, 1, 19, 72, 4869 }, // U+0D75
    { 33, 15, 555, 1, 14, 62, 4941 }, // U+0D76
    { 42, 14, 685, 1, 14, 74, 5003 }, // U+0D77
    { 54, 14, 871, -1, 14, 95, 5077 }, // U+0D78
    { 27, 14, 459, 1, 14, 48, 5172 }, // U+0D79
    { 36, 20, 608, 1, 20, 90, 5220 }, // U+0D7A
    { 25, 20, 425, 1, 20, 63, 5310 }, // U+0D7B
    { 17, 20, 294, 1, 20, 43, 5373 }, // U+0D7C
    { 28, 20, 479, 1, 20, 70, 5416 }, // U+0D7D
    { 25, 20, 418, 1, 20, 63, 5486 }, // U+0D7E
    { 29, 20, 482, 1, 20, 73, 5549 }, // U+0D7F
    { 0, 0, 0, 0, 0, 0, 5622 }, // U+200C
    { 0, 0, 0, 0, 0, 0, 5622 }, // U+200D
    { 12, 12, 225, 1, 13, 18, 5622 }, // U+25CC
    { 11, 18, 240, 2, 18, 25, 5640 }, // U+F0000
    { 0, 0, 124, 0, 0, 0, 5665 }, // U+F0001
    { 8, 7, 0, -11, 21, 7, 5665 }, // U+F0002
    { 9, 6, 0, -11, 22, 7, 5672 }, // U+F0003
    { 10, 10, 181, 1, 10, 13, 5679 }, // U+F0004
    { 7, 14, 134, 1, 14, 13, 5692 }, // U+F0005
    { 13, 10, 233, 1, 10, 17, 5705 }, // U+F0006
    { 36, 14, 598, 1, 14, 63, 5722 }, // U+F0007
    { 40, 19, 659, 1, 14, 95, 5785 }, // U+F0008
    { 23, 19, 394, 1, 14, 55, 5880 }, // U+F0009
    { 42, 19, 698, 1, 14, 100, 5935 }, // U+F000A
    { 16, 19, 277, 1, 14, 38, 6035 }, // U+F000B
    { 35, 19, 580, 1, 14, 84, 6073 }, // U+F000C
    { 20, 20, 348, 1, 14, 50, 6157 }, // U+F000D
    { 28, 14, 467, 1, 14, 49, 6207 }, // U+F000E
    { 30, 20, 509, 1, 14, 75, 6256 }, // U+F000F
    { 31, 20, 509, 1, 14, 78, 6331 }, // U+F0010
    { 48, 20, 795, 1, 14, 120, 6409 }, // U+F0011
    { 17, 14, 303, 1, 14, 30, 6529 }, // U+F0012
    { 30, 14, 504, 1, 14, 53, 6559 }, // U+F0013
    { 36, 14, 604, 1, 14, 63, 6612 }, // U+F0014
    { 25, 14, 415, 1, 14, 44, 6675 }, // U+F0015
    { 23, 14, 400, 1, 14, 41, 6719 }, // U+F0016
    { 21, 14, 359, 1, 14, 37, 6760 }, // U+F0017
    { 31, 14, 530, 1, 14, 55, 6797 }, // U+F0018
    { 25, 14, 426, 1, 14, 44, 6852 }, // U+F0019
    { 22, 14, 373, 0, 14, 39, 6896 }, // U+F001A
    { 33, 14, 540, 0, 14, 58, 6935 }, // U+F001B
    { 22, 14, 376, 1, 14, 39, 6993 }, // U+F001C
    { 40, 14, 662, 1, 14, 70, 7032 }, // U+F001D
    { 35, 14, 578, 1, 14, 62, 7102 }, // U+F001E
    { 14, 14, 225, 0, 14, 25, 7164 }, // U+F001F
    { 15, 14, 262, 1, 14, 27, 7189 }, // U+F0020
    { 29, 14, 489, 1, 14, 51, 7216 }, // U+F0021
    { 32, 14, 534, 1, 14, 56, 7267 }, // U+F0022
    { 33, 14, 547, 1, 14, 58, 7323 }, // U+F0023
    { 24, 14, 406, 1, 14, 42, 7381 }, // U+F0024
    { 19, 14, 358, 2, 14, 34, 7423 }, // U+F0025
    { 14, 14, 256, 1, 14, 25, 7457 }, // U+F0026
    { 21, 15, 364, 1, 15, 40, 7482 }, // U+F0027
    { 21, 15, 364, 1, 14, 40, 7522 }, // U+F0028
    { 24, 14, 408, 1, 14, 42, 7562 }, // U+F0029
    { 20, 15, 358, 1, 14, 38, 7604 }, // U+F002A
    { 26, 15, 452, 1, 14, 49, 7642 }, // U+F002B
    { 30, 14, 522, 1, 14, 53, 7691 }, // U+F002C
    { 15, 14, 262, 1, 14, 27, 7744 }, // U+F002D
    { 15, 14, 289, 1, 14, 27, 7771 }, // U+F002E
    { 24, 14, 414, 1, 14, 42, 7798 }, // U+F002F
    { 17, 14, 294, 1, 14, 30, 7840 }, // U+F0030
    { 15, 15, 270, 1, 14, 29, 7870 }, // U+F0031
    { 19, 14, 344, 2, 14, 34, 7899 }, // U+F0032
    { 17, 19, 290, 1, 14, 41, 7933 }, // U+F0033
    { 15, 14, 262, 1, 14, 27, 7974 }, // U+F0034
    { 22, 15, 383, 1, 14, 42, 8001 }, // U+F0035
    { 24, 14, 416, 1, 14, 42, 8043 }, // U+F0036
    { 27, 15, 460, 1, 14, 51, 8085 }, // U+F0037
    { 29, 14, 489, 1, 14, 51, 8136 }, // U+F0038
    { 28, 15, 476, 1, 14, 53, 8187 }, // U+F0039
    { 19, 20, 309, 0, 15, 48, 8240 }, // U+F003A
    { 3, 7, 0, -8, 22, 3, 8288 }, // U+F003B
    { 7, 7, 0, -6, 22, 7, 8291 }, // U+F003C
    { 17, 26, 186, -2, 20, 56, 8298 }, // U+F003D
    { 12, 14, 202, 0, 14, 21, 8354 }, // U+F003E
    { 10, 21, 91, -5, 21, 27, 8375 }, // U+F003F
    { 12, 21, 91, -7, 21, 32, 8402 }, // U+F0040
    { 9, 20, 133, -1, 14, 23, 8434 }, // U+F0041
    { 10, 20, 133, -1, 14, 25, 8457 }, // U+F0042
    { 10, 22, 97, -3, 14, 28, 8482 }, // U+F0043
    { 13, 22, 97, -6, 14, 36, 8510 }, // U+F0044
    { 16, 14, 286, 1, 14, 28, 8546 }, // U+F0045
    { 13, 14, 238, 1, 14, 23, 8574 }, // U+F0046
    { 34, 14, 572, 1, 14, 60, 8597 }, // U+F0047
    { 34, 14, 571, 1, 14, 60, 8657 }, // U+F0048
    { 31, 14, 517, 1, 14, 55, 8717 }, // U+F0049
    { 41, 14, 674, 1, 14, 72, 8772 }, // U+F004A
    { 10, 6, 0, -7, 21, 8, 8844 }, // U+F004B
    { 3, 5, 0, -8, 21, 2, 8852 }, // U+F004C
    { 29, 19, 498, 1, 14, 69, 8854 }, // U+F004D
    { 15, 20, 258, 1, 20, 38, 8923 }, // U+F004E
    { 24, 20, 413, 1, 20, 60, 8961 }, // U+F004F
    { 17, 20, 290, 1, 20, 43, 9021 }, // U+F0050
    { 17, 14, 304, 1, 14, 30, 9064 }, // U+F0051
    { 29, 21, 489, 1, 21, 77, 9094 }, // U+F0052
    { 27, 14, 452, 1, 14, 48, 9171 }, // U+F0053
    { 25, 15, 428, 1, 14, 47, 9219 }, // U+F0054
    { 22, 15, 383, 2, 15, 42, 9266 }, // U+F0055
    { 36, 14, 607, 1, 14, 63, 9308 }, // U+F0056
    { 50, 14, 804, -1, 14, 88, 9371 }, // U+F0057
    { 33, 14, 550, 1, 14, 58, 9459 }, // U+F0058
    { 33, 14, 536, 1, 14, 58, 9517 }, // U+F0059
    { 20, 19, 348, 1, 14, 48, 9575 }, // U+F005A
    { 32, 19, 528, 1, 14, 76, 9623 }, // U+F005B
    { 19, 9, 0, -20, 1, 22, 9699 }, // U+F005C
    { 24, 10, 0, -20, 1, 30, 9721 }, // U+F005D
    { 13, 12, 230, 1, 13, 20, 9751 }, // U+F005E
    { 21, 19, 358, 1, 14, 50, 9771 }, // U+F005F
    { 20, 15, 344, 1, 14, 38, 9821 }, // U+F0060
    { 26, 15, 433, 1, 14, 49, 9859 }, // U+F0061
    { 19, 19, 319, 1, 19, 46, 9908 }, // U+F0062
    { 22, 23, 388, 1, 19, 64, 9954 }, // U+F0063
    { 29, 19, 489, 1, 14, 69, 10018 }, // U+F0064
    { 17, 19, 297, 1, 14, 41, 10087 }, // U+F0065
    { 22, 19, 383, 1, 14, 53, 10128 }, // U+F0066
    { 27, 19, 449, 1, 19, 65, 10181 }, // U+F0067
    { 28, 20, 434, -1, 15, 70, 10246 }, // U+F0068
    { 21, 19, 363, 1, 14, 50, 10316 }, // U+F0069
    { 34, 14, 564, 1, 14, 60, 10366 }, // U+F006A
    { 18, 13, 314, 1, 13, 30, 10426 }, // U+F006B
    { 21, 20, 368, 1, 20, 53, 10456 }, // U+F006C
    { 30, 19, 493, 1, 19, 72, 10509 }, // U+F006D
    { 33, 15, 555, 1, 14, 62, 10581 }, // U+F006E
    { 42, 14, 685, 1, 14, 74, 10643 }, // U+F006F
    { 54, 14, 871, -1, 14, 95, 10717 }, // U+F0070
    { 27, 14, 459, 1, 14, 48, 10812 }, // U+F0071
    { 36, 20, 608, 1, 20, 90, 10860 }, // U+F0072
    { 25, 20, 425, 1, 20, 63, 10950 }, // U+F0073
    { 17, 20, 294, 1, 20, 43, 11013 }, // U+F0074
    { 28, 20, 479, 1, 20, 70, 11056 }, // U+F0075
    { 25, 20, 418, 1, 20, 63, 11126 }, // U+F0076
    { 29, 20, 482, 1, 20, 73, 11189 }, // U+F0077
    { 27, 21, 415, 1, 21, 71, 11262 }, // U+F0078
    { 26, 21, 400, 1, 21, 69, 11333 }, // U+F0079
    { 24, 21, 359, 1, 21, 63, 11402 }, // U+F007A
    { 35, 21, 530, 1, 21, 92, 11465 }, // U+F007B
    { 28, 21, 426, 1, 21, 74, 11557 }, // U+F007C
    { 26, 21, 373, 0, 21, 69, 11631 }, // U+F007D
    { 35, 21, 540, 0, 21, 92, 11700 }, // U+F007E
    { 25, 21, 376, 1, 21, 66, 11792 }, // U+F007F
    { 43, 21, 662, 1, 21, 113, 11858 }, // U+F0080
    { 37, 21, 578, 1, 21, 98, 11971 }, // U+F0081
    { 16, 21, 225, 0, 21, 42, 12069 }, // U+F0082
    { 18, 21, 262, 1, 21, 48, 12111 }, // U+F0083
    { 32, 21, 489, 1, 21, 84, 12159 }, // U+F0084
    { 35, 21, 534, 1, 21, 92, 12243 }, // U+F0085
    { 35, 21, 547, 1, 21, 92, 12335 }, // U+F0086
    { 27, 21, 406, 1, 21, 71, 12427 }, // U+F0087
    { 23, 21, 358, 2, 21, 61, 12498 }, // U+F0088
    { 16, 21, 256, 1, 21, 42, 12559 }, // U+F0089
    { 24, 21, 364, 1, 21, 63, 12601 }, // U+F008A
    { 24, 22, 364, 1, 21, 66, 12664 }, // U+F008B
    { 24, 22, 358, 1, 21, 66, 12730 }, // U+F008C
    { 30, 22, 452, 1, 21, 83, 12796 }, // U+F008D
    { 34, 21, 522, 1, 21, 90, 12879 }, // U+F008E
    { 17, 21, 262, 1, 21, 45, 12969 }, // U+F008F
    { 19, 21, 289, 1, 21, 50, 13014 }, // U+F0090
    { 27, 21, 414, 1, 21, 71, 13064 }, // U+F0091
    { 20, 21, 294, 1, 21, 53, 13135 }, // U+F0092
    { 18, 21, 270, 1, 20, 48, 13188 }, // U+F0093
    { 22, 21, 344, 2, 21, 58, 13236 }, // U+F0094
    { 19, 26, 290, 1, 21, 62, 13294 }, // U+F0095
    { 18, 21, 262, 1, 21, 48, 13356 }, // U+F0096
    { 25, 22, 383, 1, 21, 69, 13404 }, // U+F0097
    { 27, 21, 416, 1, 21, 71, 13473 }, // U+F0098
    { 30, 22, 460, 1, 21, 83, 13544 }, // U+F0099
    { 32, 21, 489, 1, 21, 84, 13627 }, // U+F009A
    { 31, 22, 476, 1, 21, 86, 13711 }, // U+F009B
    { 44, 21, 678, 1, 21, 116, 13797 }, // U+F009C
    { 17, 10, 0, -18, 2, 22, 13913 }, // U+F009D
    { 10, 21, 97, -3, 14, 27, 13935 }, // U+F009E
    { 10, 18, 91, -5, 14, 23, 13962 }, // U+F009F
    { 8, 19, 98, 1, 14, 19, 13985 }, // U+F00A0
    { 36, 14, 602, 1, 14, 63, 14004 }, // U+F00A1
    { 44, 14, 724, 1, 14, 77, 14067 }, // U+F00A2
    { 25, 22, 415, 1, 14, 69, 14144 }, // U+F00A3
    { 25, 22, 415, 1, 14, 69, 14213 }, // U+F00A4
    { 40, 14, 678, 1, 14, 70, 14282 }, // U+F00A5
    { 21, 23, 359, 1, 14, 61, 14352 }, // U+F00A6
    { 22, 14, 374, 1, 14, 39, 14413 }, // U+F00A7
    { 33, 14, 555, 1, 14, 58, 14452 }, // U+F00A8
    { 29, 14, 489, 1, 14, 51, 14510 }, // U+F00A9
    { 21, 23, 359, 1, 14, 61, 14561 }, // U+F00AA
    { 25, 14, 424, 1, 14, 44, 14622 }, // U+F00AB
    { 25, 22, 424, 1, 14, 69, 14666 }, // U+F00AC
    { 37, 14, 624, 1, 14, 65, 14735 }, // U+F00AD
    { 22, 21, 373, 0, 14, 58, 14800 }, // U+F00AE
    { 22, 23, 373, 1, 14, 64, 14858 }, // U+F00AF
    { 46, 14, 758, 1, 14, 81, 14922 }, // U+F00B0
    { 58, 14, 949, 1, 14, 102, 15003 }, // U+F00B1
    { 39, 14, 655, 1, 14, 69, 15105 }, // U+F00B2
    { 52, 14, 857, 1, 14, 91, 15174 }, // U+F00B3
    { 40, 14, 660, 1, 14, 70, 15265 }, // U+F00B4
    { 53, 14, 876, 1, 14, 93, 15335 }, // U+F00B5
    { 14, 20, 225, 0, 14, 35, 15428 }, // U+F00B6
    { 29, 22, 489, 1, 14, 80, 15463 }, // U+F00B7
    { 29, 22, 489, 1, 14, 80, 15543 }, // U+F00B8
    { 49, 14, 803, 1, 14, 86, 15623 }, // U+F00B9
    { 51, 14, 848, 1, 14, 90, 15709 }, // U+F00BA
    { 36, 14, 613, 1, 14, 63, 15799 }, // U+F00BB
    { 33, 23, 547, 1, 14, 95, 15862 }, // U+F00BC
    { 35, 14, 585, 1, 14, 62, 15957 }, // U+F00BD
    { 32, 14, 534, 1, 14, 56, 16019 }, // U+F00BE
    { 34, 14, 572, 1, 14, 60, 16075 }, // U+F00BF
    { 35, 14, 600, 1, 14, 62, 16135 }, // U+F00C0
    { 40, 14, 659, 1, 14, 70, 16197 }, // U+F00C1
    { 42, 14, 704, 1, 14, 74, 16267 }, // U+F00C2
    { 40, 14, 674, 1, 14, 70, 16341 }, // U+F00C3
    { 24, 22, 406, 1, 14, 66, 16411 }, // U+F00C4
    { 14, 20, 256, 1, 14, 35, 16477 }, // U+F00C5
    { 28, 14, 474, 1, 14, 49, 16512 }, // U+F00C6
    { 22, 14, 382, 1, 14, 39, 16561 }, // U+F00C7
    { 37, 14, 620, 1, 14, 65, 16600 }, // U+F00C8
    { 30, 15, 503, 1, 14, 57, 16665 }, // U+F00C9
    { 25, 15, 430, 1, 14, 47, 16722 }, // U+F00CA
    { 25, 29, 424, 1, 20, 91, 16769 }, // U+F00CB
    { 32, 14, 534, 1, 14, 56, 16860 }, // U+F00CC
    { 37, 15, 632, 1, 14, 70, 16916 }, // U+F00CD
    { 20, 23, 358, 1, 14, 58, 16986 }, // U+F00CE
    { 20, 23, 358, 1, 14, 58, 17044 }, // U+F00CF
    { 26, 23, 452, 1, 14, 75, 17102 }, // U+F00D0
    { 30, 21, 522, 1, 14, 79, 17177 }, // U+F00D1
    { 30, 22, 522, 1, 14, 83, 17256 }, // U+F00D2
    { 31, 22, 522, 1, 14, 86, 17339 }, // U+F00D3
    { 30, 22, 522, 1, 14, 83, 17425 }, // U+F00D4
    { 28, 14, 496, 1, 14, 49, 17508 }, // U+F00D5
    { 28, 15, 478, 1, 14, 53, 17557 }, // U+F00D6
    { 28, 23, 478, 1, 14, 81, 17610 }, // U+F00D7
    { 17, 23, 289, 1, 14, 49, 17691 }, // U+F00D8
    { 24, 21, 414, 1, 14, 63, 17740 }, // U+F00D9
    { 15, 23, 270, 1, 14, 44, 17803 }, // U+F00DA
    { 19, 23, 344, 2, 14, 55, 17847 }, // U+F00DB
    { 19, 23, 344, 2, 14, 55, 17902 }, // U+F00DC
    { 34, 19, 572, 1, 14, 81, 17957 }, // U+F00DD
    { 22, 23, 383, 1, 14, 64, 18038 }, // U+F00DE
    { 22, 21, 383, 1, 14, 58, 18102 }, // U+F00DF
    { 35, 14, 605, 1, 14, 62, 18160 }, // U+F00E0
    { 49, 14, 807, 1, 14, 86, 18222 }, // U+F00E1
    { 24, 22, 416, 1, 14, 66, 18308 }, // U+F00E2
    { 24, 22, 416, 1, 14, 66, 18374 }, // U+F00E3
    { 27, 23, 460, 1, 14, 78, 18440 }, // U+F00E4
    { 29, 23, 489, 1, 14, 84, 18518 }, // U+F00E5
    { 29, 22, 489, 1, 14, 80, 18602 }, // U+F00E6
    { 45, 14, 756, 1, 14, 79, 18682 }, // U+F00E7
    { 29, 22, 489, 1, 14, 80, 18761 }, // U+F00E8
    { 29, 15, 495, 1, 14, 55, 18841 }, // U+F00E9
    { 34, 15, 570, 1, 14, 64, 18896 }, // U+F00EA
    { 27, 23, 476, 1, 14, 78, 18960 }, // U+F00EB
    { 9, 21, 91, -5, 21, 24, 19038 }, // U+F00EC
    { 9, 21, 140, -1, 21, 24, 19062 }, // U+F00ED
    { 10, 21, 106, -4, 21, 27, 19086 }, // U+F00EE
    { 10, 21, 151, -2, 21, 27, 19113 }, // U+F00EF
    { 9, 20, 141, 0, 14, 23, 19140 }, // U+F00F0
    { 10, 20, 141, 0, 14, 25, 19163 }, // U+F00F1
    { 9, 22, 136, 0, 14, 25, 19188 }, // U+F00F2
    { 13, 22, 194, 0, 14, 36, 19213 }, // U+F00F3
    { 9, 21, 136, 0, 14, 24, 19249 }, // U+F00F4
    { 10, 18, 158, -1, 14, 23, 19273 }, // U+F00F5
    { 8, 19, 130, 1, 14, 19, 19296 }, // U+F00F6
    { 19, 9, 318, 1, 1, 22, 19315 }, // U+F00F7
    { 24, 10, 318, 1, 1, 30, 19337 }, // U+F00F8
    { 19, 22, 318, 1, 14, 53, 19367 }, // U+F00F9
    { 19, 22, 318, 1, 14, 53, 19420 }, // U+F00FA
    { 19, 22, 318, 1, 14, 53, 19473 }, // U+F00FB
    { 19, 22, 318, 1, 14, 53, 19526 }, // U+F00FC
    { 19, 23, 318, 1, 14, 55, 19579 }, // U+F00FD
    { 19, 22, 318, 1, 14, 53, 19634 }, // U+F00FE
    { 19, 23, 318, 1, 14, 55, 19687 }, // U+F00FF
    { 19, 22, 318, 1, 14, 53, 19742 }, // U+F0100
    { 23, 23, 318, 1, 14, 67, 19795 }, // U+F0101
    { 23, 23, 318, 1, 14, 67, 19862 }, // U+F0102
    { 23, 23, 318, 1, 14, 67, 19929 }, // U+F0103
    { 23, 23, 318, 1, 14, 67, 19996 }, // U+F0104
    { 23, 24, 318, 1, 14, 69, 20063 }, // U+F0105
    { 23, 23, 318, 1, 14, 67, 20132 }, // U+F0106
    { 23, 24, 318, 1, 14, 69, 20199 }, // U+F0107
    { 23, 23, 318, 1, 14, 67, 20268 }, // U+F0108
    { 4, 5, 107, 1, 4, 3, 20335 }, // U+F0109
    { 3, 18, 140, 4, 16, 7, 20338 }, // U+F010A
    { 8, 18, 228, 4, 16, 18, 20345 }, // U+F010B
    { 21, 23, 358, 1, 14, 61, 20363 }, // U+F010C
    { 14, 21, 91, -9, 21, 37, 20424 }, // U+F010D
    { 15, 21, 91, -11, 21, 40, 20461 }, // U+F010E
    { 14, 7, 0, -11, 22, 13, 20501 }, // U+F010F
    { 0, 0, 0, 0, 0, 0, 20514 }, // U+F0110
    { 10, 27, 0, -5, 20, 34, 20514 }, // U+F0111
    { 12, 12, 225, 1, 13, 18, 20548 }, // U+F0112
    { 9, 11, 0, -11, 22, 13, 20566 }, // U+F0113
};

static const EpdUnicodeInterval malayalam_ui_12Intervals[] = {
    { 0x964, 0x965, 0x0 },
    { 0xD00, 0xD0C, 0x2 },
    { 0xD0E, 0xD10, 0xF },
    { 0xD12, 0xD44, 0x12 },
    { 0xD46, 0xD48, 0x45 },
    { 0xD4A, 0xD4F, 0x48 },
    { 0xD54, 0xD63, 0x4E },
    { 0xD66, 0xD7F, 0x5E },
    { 0x200C, 0x200D, 0x78 },
    { 0x25CC, 0x25CC, 0x7A },
    { 0xF0000, 0xF0113, 0x7B },
};

static BuiltinShapingFace malayalam_ui_12Shaping = {
    malayalamLayout,
    sizeof(malayalamLayout),
    0xEA995BAD,
    1600,
    &malayalam_ui_12Glyphs[123],
    276,
    nullptr,
};

static constexpr EpdFontData malayalam_ui_12 = {
    malayalam_ui_12Bitmaps,
    malayalam_ui_12Glyphs,
    malayalam_ui_12Intervals,
    11,
    31,
    22,
    -10,
    false,
    nullptr,
    0,
    nullptr,
    nullptr,
    nullptr,
    nullptr,
    nullptr,
    nullptr,
    nullptr,
    nullptr,
    nullptr,
    nullptr,
    nullptr,
    0,
    0,
    0,
    0,
    nullptr,
    0,
    nullptr,  // glyphMissHandler
    nullptr,  // glyphMissCtx
    nullptr,  // coverageHandler
    &builtinShaping::shape,
    &malayalam_ui_12Shaping,
};
