/**
 * generated by fontconvert.py
 * name: malayalam_ui_10
 * size: 10
 * mode: 1-bit
 * Command used: fontconvert.py malayalam_ui_10 10 ../builtinFonts/source/NotoSansMalayalam/NotoSansMalayalam-Regular.ttf --no-default-intervals --additional-intervals 0x0D00,0x0D7F --additional-intervals 0x0964,0x0965 --additional-intervals 0x200C,0x200D --additional-intervals 0x25CC,0x25CC --shaping-font ../builtinFonts/source/NotoSansMalayalam/NotoSansMalayalam-Regular.ttf --shaping-scripts malayalam --shaping-layout-symbol malayalamLayout --shaping-layout-header malayalam_layout.h --shaping-layout-font ../builtinFonts/source/NotoSansMalayalam/NotoSansMalayalam-Regular.ttf
 */
#pragma once
#include "EpdFontData.h"

#include "BuiltinShaping.h"
#include "malayalam_layout.h"

static const uint8_t malayalam_ui_10Bitmaps[14513] = {
    0xFF, 0xFF, 0xFF, 0xF0, 0xC7, 0x8F, 0x1E, 0x3C, 0x78, 0xF1, 0xE3, 0xC7, 0x8F, 0x1E, 0x3C, 0x78,
    0xC0, 0x7D, 0xFF, 0x3E, 0x7F, 0xEF, 0x80, 0x00, 0xDB, 0xDF, 0xFF, 0x7E, 0x7E, 0xFF, 0xE7, 0xC3,
    0xC3, 0xE7, 0xFF, 0x7E, 0x7B, 0xFC, 0xFF, 0xFD, 0xC7, 0x3F, 0xFF, 0x3F, 0xDE, 0x0C, 0x01, 0x83,
    0x33, 0xE6, 0x3C, 0xC7, 0x81, 0xF8, 0x3B, 0xFE, 0x3F, 0x80, 0x1F, 0xFF, 0x9F, 0xE1, 0xFF, 0xFF,
    0xFF, 0xC7, 0x3D, 0xDF, 0x03, 0xB8, 0xC3, 0x3C, 0x7F, 0xC7, 0x0C, 0x63, 0xFF, 0x1D, 0xF1, 0x9E,
    0xFC, 0x67, 0x86, 0x60, 0xF1, 0x87, 0x19, 0x83, 0xE7, 0x0C, 0x66, 0x1F, 0x9C, 0x31, 0x9C, 0x77,
    0x3F, 0xC6, 0x7F, 0x8C, 0x7E, 0x18, 0xFC, 0x1F, 0xFF, 0x9F, 0xC0, 0x3F, 0xFF, 0xFF, 0xF0, 0x1C,
    0xF7, 0x7C, 0x1C, 0x1C, 0x61, 0x9E, 0x07, 0x0C, 0x70, 0xC6, 0x1F, 0xC6, 0x3B, 0xE3, 0x1F, 0xFB,
    0x19, 0xE1, 0x9C, 0x6D, 0x8C, 0x38, 0xCC, 0x37, 0xE7, 0x0C, 0x66, 0x19, 0xF3, 0x86, 0x33, 0x9C,
    0xDC, 0xFF, 0x19, 0xFC, 0x66, 0x3F, 0x0C, 0x7E, 0x30, 0x00, 0x00, 0x00, 0x38, 0x00, 0x00, 0x00,
    0x38, 0x00, 0x00, 0x07, 0xFC, 0x00, 0x00, 0x03, 0xF8, 0x3F, 0x9F, 0x8F, 0xFF, 0xFB, 0xC3, 0xC7,
    0xFC, 0x38, 0x7F, 0xE6, 0x0F, 0xDC, 0xC0, 0xF1, 0x98, 0x1F, 0x73, 0x07, 0x7E, 0x60, 0xE7, 0x0C,
    0x38, 0xFF, 0xFE, 0x7F, 0xFF, 0x8E, 0x00, 0x01, 0x80, 0x00, 0x3F, 0xFF, 0xFB, 0xFF, 0xFF, 0x3F,
    0x9F, 0x87, 0xCF, 0x8F, 0xFF, 0xF9, 0xFF, 0xFB, 0x83, 0xC7, 0xB9, 0xE3, 0xFE, 0x38, 0x76, 0x18,
    0x7F, 0xE6, 0x0E, 0xC3, 0x07, 0x9C, 0xC0, 0xDC, 0x60, 0xF1, 0x98, 0x1B, 0x0C, 0x1F, 0x73, 0x07,
    0x00, 0x07, 0x7C, 0x60, 0xE0, 0x00, 0xE7, 0x0C, 0x38, 0x00, 0x38, 0xFF, 0xFE, 0x03, 0xFF, 0x7F,
    0xFF, 0x80, 0x7F, 0x8E, 0x00, 0x00, 0x00, 0x01, 0x80, 0x00, 0x00, 0x00, 0x3F, 0xFF, 0xF8, 0x00,
    0x03, 0xFF, 0xFF, 0x00, 0x00, 0x1F, 0xC3, 0xFF, 0xBC, 0x1D, 0xF0, 0x7F, 0xE3, 0xF7, 0x0F, 0x18,
    0x7D, 0xC7, 0x7E, 0x39, 0xC3, 0x8F, 0xF9, 0xFF, 0x8E, 0x00, 0x60, 0x03, 0xFF, 0xEF, 0xFF, 0x1F,
    0xC1, 0xF3, 0xC7, 0xFF, 0x3F, 0xFE, 0xE0, 0x73, 0x9E, 0x7F, 0xC3, 0xB0, 0xC3, 0xFE, 0x3B, 0x0C,
    0x3C, 0xE1, 0xB8, 0xC3, 0xC6, 0x1B, 0x0C, 0x3E, 0xE3, 0x80, 0x03, 0x7C, 0x38, 0x00, 0x73, 0x87,
    0x00, 0x0E, 0x3F, 0xE0, 0x3F, 0xEF, 0xFC, 0x03, 0xFC, 0xE0, 0x00, 0x00, 0x0C, 0x00, 0x00, 0x00,
    0xFF, 0xF8, 0x00, 0x07, 0xFF, 0x80, 0x00, 0x7E, 0x3F, 0x7F, 0xBF, 0xB9, 0xD8, 0xF8, 0x6C, 0x3E,
    0x77, 0x3F, 0xF3, 0xFF, 0xF0, 0x7E, 0xE0, 0x0E, 0x3F, 0xFE, 0x0F, 0xFE, 0x1F, 0x07, 0xCE, 0x00,
    0xE6, 0x00, 0x33, 0x80, 0x39, 0xF0, 0x7C, 0x7F, 0xFC, 0x07, 0xF0, 0x00, 0x1F, 0xCF, 0xF0, 0x7F,
    0xFF, 0xF1, 0xC1, 0xE0, 0x77, 0x03, 0xC7, 0xFE, 0x03, 0x1F, 0xFF, 0xC6, 0x7B, 0xFF, 0xCC, 0xE1,
    0xE3, 0x99, 0x83, 0xC3, 0x33, 0x0F, 0xCE, 0x67, 0x1D, 0xFC, 0xC7, 0xF1, 0xF1, 0x87, 0xC0, 0x00,
    0x01, 0xFC, 0x00, 0x03, 0xFF, 0x00, 0x03, 0xC3, 0xC0, 0x01, 0xCC, 0x60, 0x01, 0xC6, 0x3B, 0xF0,
    0xE3, 0x1F, 0xFC, 0x71, 0x87, 0xCE, 0x30, 0xC3, 0xC3, 0x18, 0x61, 0xE1, 0x8C, 0x30, 0xF9, 0xFF,
    0xF8, 0x6C, 0xFF, 0xFC, 0x70, 0x01, 0xC6, 0x38, 0x00, 0xE3, 0x18, 0x00, 0x39, 0x9C, 0x00, 0x1F,
    0xDC, 0x00, 0x07, 0xC6, 0x00, 0x00, 0x01, 0xFE, 0x00, 0x01, 0xFF, 0x80, 0x01, 0xC1, 0xE0, 0x01,
    0xCC, 0x70, 0x00, 0xC6, 0x1B, 0xF0, 0xE3, 0x0F, 0xFC, 0x71, 0x8F, 0xCE, 0x30, 0xC7, 0xC3, 0x18,
    0x6F, 0x61, 0x8C, 0x37, 0xB9, 0xFF, 0xF8, 0xEC, 0xFF, 0xFC, 0x70, 0x01, 0xC6, 0x18, 0x00, 0xE3,
    0x0C, 0x00, 0x39, 0x8E, 0x00, 0x1F, 0xFF, 0x00, 0x07, 0xDF, 0x00, 0x1F, 0xC0, 0x00, 0x03, 0xF8,
    0x3F, 0xF0, 0x00, 0x0F, 0xFC, 0x78, 0x70, 0x00, 0x1E, 0x1E, 0xE0, 0x38, 0x00, 0x1C, 0xCE, 0xE0,
    0x18, 0x78, 0x38, 0xC7, 0xFE, 0x18, 0xFC, 0x38, 0xC7, 0xFF, 0x19, 0xCE, 0x30, 0xC7, 0xC7, 0x19,
    0x86, 0x30, 0xC3, 0xC3, 0x39, 0x86, 0x30, 0xC3, 0xE7, 0x39, 0x86, 0x30, 0xC3, 0x7F, 0x71, 0xCF,
    0xFF, 0xC7, 0x3E, 0x60, 0xCF, 0xFF, 0xC7, 0x00, 0x00, 0x00, 0x38, 0xC6, 0x00, 0x00, 0x00, 0x38,
    0xCE, 0x00, 0x00, 0x00, 0x1D, 0xCE, 0x00, 0x00, 0x00, 0x0F, 0xDC, 0x00, 0x00, 0x00, 0x07, 0x08,
    0x0F, 0xF8, 0xFF, 0xF7, 0x81, 0xDC, 0x03, 0xE0, 0x1F, 0xF9, 0xEF, 0xF7, 0xB9, 0xC7, 0xC3, 0x0F,
    0x9C, 0x37, 0xFF, 0xCF, 0xBE, 0x0F, 0xF8, 0x7E, 0x1F, 0xFE, 0x7F, 0x9E, 0x07, 0x38, 0xEE, 0x01,
    0xB8, 0x7E, 0x01, 0xC0, 0x3F, 0xF3, 0xC0, 0x0F, 0xFD, 0xE0, 0x07, 0xCE, 0x38, 0x07, 0xC3, 0x0D,
    0xC3, 0xF3, 0x86, 0xE1, 0xDF, 0xFF, 0x3F, 0xC7, 0xDF, 0x0F, 0xC0, 0x0F, 0xF8, 0x7D, 0xF0, 0xFF,
    0xF3, 0xFF, 0xE7, 0x81, 0xDC, 0x79, 0xDC, 0x03, 0x60, 0xC7, 0xE0, 0x1D, 0x83, 0x0F, 0xF9, 0xE7,
    0x0C, 0x3F, 0xF7, 0x98, 0x30, 0xF9, 0xC7, 0x00, 0x07, 0xC3, 0x0C, 0x00, 0x1F, 0x9C, 0x30, 0x20,
    0xE7, 0xFF, 0xC1, 0xFF, 0x8F, 0xBE, 0x03, 0xF8, 0x01, 0xF8, 0x00, 0x3F, 0xC0, 0x07, 0x0E, 0x00,
    0x70, 0xE0, 0x06, 0x06, 0x07, 0xFF, 0xFE, 0xFF, 0xFF, 0xFE, 0x60, 0x67, 0xC7, 0x0E, 0x3C, 0x70,
    0xE3, 0xFF, 0xFD, 0xF7, 0xFF, 0xBE, 0x1F, 0xC0, 0x67, 0xFE, 0x0D, 0xE1, 0xC1, 0xF0, 0x1C, 0x3E,
    0x01, 0x87, 0xFC, 0x30, 0xFF, 0xC6, 0x1E, 0x38, 0xC3, 0xC3, 0x38, 0x7C, 0xE6, 0x0D, 0xFD, 0xFF,
    0x9F, 0x3F, 0xF0, 0x30, 0x3F, 0x1E, 0x1F, 0xE7, 0x0E, 0x3F, 0x83, 0x07, 0xC0, 0xC1, 0xF0, 0x30,
    0x3C, 0x0C, 0x0F, 0x03, 0x07, 0xE1, 0xC1, 0xF8, 0x70, 0xE7, 0xF8, 0x70, 0xFC, 0x0C, 0x7E, 0x0F,
    0xC0, 0xFF, 0xC7, 0xF8, 0x3E, 0x73, 0x87, 0x0F, 0x0C, 0xE0, 0xC3, 0xC3, 0x30, 0x30, 0xF9, 0xCC,
    0x0C, 0x3E, 0x7F, 0xFF, 0x0D, 0x9F, 0xFF, 0xC3, 0x00, 0x30, 0x00, 0xC0, 0x0C, 0x00, 0x30, 0x03,
    0xFF, 0xFC, 0x00, 0xFF, 0xFF, 0x1F, 0xC7, 0xE3, 0xFF, 0xFF, 0x70, 0x7C, 0x7E, 0x07, 0x83, 0xE0,
    0x30, 0x7F, 0xE3, 0x1E, 0xFF, 0x33, 0xEE, 0x73, 0x07, 0xC3, 0x30, 0x3E, 0x73, 0x03, 0x7F, 0x33,
    0xF3, 0xE3, 0x3E, 0x00, 0x00, 0xC0, 0x00, 0x30, 0x00, 0x0C, 0x00, 0x03, 0x07, 0x80, 0xC3, 0xF0,
    0x31, 0xCE, 0x0C, 0x63, 0x83, 0x18, 0x60, 0xC4, 0x38, 0x3F, 0xFF, 0xFF, 0xFF, 0xFF, 0x00, 0x00,
    0xFF, 0x00, 0x00, 0x3F, 0xF0, 0x00, 0x0E, 0x07, 0x00, 0x03, 0x87, 0xF0, 0xFC, 0x71, 0xFE, 0x3F,
    0xCC, 0x7B, 0xC7, 0x39, 0x8E, 0x18, 0xC3, 0x39, 0x83, 0x18, 0x67, 0x30, 0x60, 0x1C, 0x77, 0x1F,
    0xFF, 0xFE, 0x7F, 0x7F, 0xFF, 0xC7, 0xC0, 0x3F, 0x9F, 0x9F, 0xFF, 0xFF, 0xEF, 0x1F, 0xBB, 0x83,
    0xC6, 0x60, 0xFF, 0x98, 0x77, 0xC6, 0x7D, 0xFF, 0xFE, 0xFF, 0xFF, 0xF0, 0x7E, 0x3F, 0xFD, 0xFD,
    0xF8, 0x3E, 0x1F, 0xFF, 0x81, 0x86, 0x3F, 0xFF, 0xE0, 0xC7, 0x9C, 0x7C, 0x78, 0x61, 0xDC, 0x77,
    0x1C, 0x30, 0x7C, 0x71, 0xCE, 0x18, 0x3E, 0x38, 0xE3, 0x0C, 0x0F, 0x18, 0x31, 0x86, 0x07, 0x8C,
    0x18, 0xC3, 0x07, 0xE7, 0x0C, 0x61, 0xC3, 0xF3, 0x8E, 0x39, 0xE3, 0x9C, 0xFE, 0x1F, 0xFF, 0xC6,
    0x3E, 0x07, 0xCF, 0xC0, 0x1F, 0xCF, 0xFF, 0xC1, 0xFF, 0xFF, 0xFF, 0x1C, 0x1E, 0x3F, 0x1D, 0xC0,
    0xF3, 0xB8, 0x7E, 0x03, 0x38, 0xE3, 0xFF, 0x19, 0xC3, 0x0F, 0xFC, 0xCC, 0x18, 0x78, 0xE6, 0x60,
    0xC7, 0xC3, 0x33, 0x86, 0x3F, 0x39, 0x9C, 0x73, 0x9F, 0xCC, 0x7F, 0x3C, 0x7C, 0x61, 0xF1, 0xC0,
    0x3F, 0xC7, 0xFE, 0x70, 0x66, 0x00, 0x78, 0x07, 0xFC, 0x1F, 0xE0, 0x0E, 0x00, 0x66, 0x0E, 0x7F,
    0xE3, 0xFC, 0x1F, 0x87, 0xFE, 0x70, 0xEE, 0x07, 0xC0, 0x3C, 0x03, 0xC0, 0x3C, 0x03, 0xE0, 0x77,
    0x0E, 0x7F, 0xE1, 0xF8, 0x3F, 0x03, 0x0C, 0x7F, 0x83, 0x1E, 0xE1, 0xC3, 0x0E, 0xE1, 0xC3, 0x07,
    0xC0, 0xC3, 0x07, 0xC0, 0xC3, 0x03, 0xC0, 0xC3, 0x03, 0xC0, 0xC3, 0x07, 0xE0, 0xC3, 0x87, 0x70,
    0xE7, 0x8E, 0x78, 0xFF, 0xFE, 0x30, 0x7C, 0xFC, 0x3F, 0x03, 0x1F, 0x1F, 0xE0, 0xCF, 0xEE, 0x1C,
    0x33, 0x9F, 0x87, 0x0C, 0xC3, 0xC0, 0xC3, 0x38, 0xF0, 0x30, 0xCF, 0xFC, 0x0C, 0x31, 0xFF, 0x03,
    0x0C, 0x07, 0xE0, 0xC3, 0x81, 0xDC, 0x39, 0xE0, 0xE7, 0x8F, 0xFF, 0xF0, 0xC1, 0xF3, 0xF8, 0x1F,
    0xCF, 0x9F, 0x87, 0xFF, 0xFF, 0xF9, 0xC1, 0xE3, 0xC7, 0x70, 0x38, 0x38, 0x7E, 0x03, 0x06, 0x0F,
    0xFC, 0x60, 0xC0, 0xFF, 0xCC, 0x18, 0x1E, 0x39, 0x83, 0x07, 0xC3, 0x30, 0x60, 0xFC, 0xE6, 0x0C,
    0x39, 0xFC, 0xC1, 0x8F, 0x1F, 0x18, 0x30, 0xC0, 0x1F, 0xFF, 0x87, 0xFF, 0xFC, 0x71, 0xF0, 0xEE,
    0x3B, 0x87, 0xC7, 0x1C, 0x7C, 0x71, 0xC3, 0xC6, 0x0C, 0x3C, 0x60, 0xC7, 0xE7, 0x0C, 0x7E, 0x71,
    0xCE, 0x73, 0xF9, 0xE3, 0x1F, 0x0C, 0xC1, 0xFC, 0xC3, 0xFE, 0xC7, 0x0F, 0xC7, 0x07, 0xC6, 0x07,
    0xC6, 0x03, 0xC6, 0x03, 0xC6, 0x03, 0xC6, 0x03, 0xC6, 0x03, 0xFF, 0xFF, 0xFF, 0xFF, 0x1F, 0xC7,
    0xFD, 0xC3, 0xF0, 0x3E, 0x0F, 0x8F, 0xF1, 0xF6, 0x07, 0xC0, 0x78, 0x0F, 0x9F, 0xF3, 0xE0, 0x00,
    0x00, 0x0C, 0x30, 0xC7, 0x8C, 0x79, 0xC3, 0x0E, 0xE0, 0xC1, 0xF0, 0x30, 0x7C, 0x0C, 0x0F, 0x03,
    0x03, 0xC0, 0xC1, 0xF8, 0x70, 0x7E, 0x1E, 0x39, 0xFF, 0xFE, 0x3F, 0x3F, 0x00, 0x3F, 0x3F, 0x1F,
    0xFF, 0xEF, 0x1E, 0x3B, 0x87, 0x07, 0xC0, 0xC1, 0xF0, 0x30, 0x3C, 0x0C, 0x0F, 0x03, 0x07, 0xE0,
    0xC1, 0xFC, 0x30, 0xE7, 0x8C, 0x78, 0xC3, 0x1C, 0x00, 0x00, 0x00, 0x1F, 0xCF, 0xC3, 0xFF, 0xFE,
    0x70, 0x78, 0xEE, 0x07, 0x07, 0xE0, 0x30, 0x7F, 0xE3, 0x03, 0xFF, 0x30, 0x3C, 0x73, 0x07, 0xC3,
    0x30, 0x7E, 0x73, 0x0E, 0x7F, 0x31, 0xE3, 0xE3, 0x0C, 0x00, 0x01, 0x80, 0x00, 0xC0, 0x00, 0x60,
    0x00, 0x30, 0x00, 0x1B, 0xF0, 0x0F, 0xFC, 0x07, 0xCE, 0x03, 0xC3, 0x01, 0xE1, 0x80, 0xF9, 0xFF,
    0xEC, 0xFF, 0xF0, 0x00, 0x00, 0x00, 0x07, 0xF0, 0x00, 0x3F, 0xE0, 0x01, 0xC3, 0xC0, 0x07, 0x07,
    0x00, 0x18, 0x1D, 0xF8, 0x60, 0x3F, 0xF1, 0x80, 0xF9, 0xC6, 0x03, 0xC3, 0x18, 0x0F, 0x0C, 0x60,
    0x3E, 0x7F, 0xFF, 0xD9, 0xFF, 0xFF, 0x00, 0x00, 0x00, 0x1F, 0xCF, 0xC1, 0x9F, 0xFF, 0xF0, 0xDC,
    0x1E, 0x38, 0x7C, 0x0E, 0x0E, 0x3E, 0x03, 0x07, 0x1F, 0xF1, 0x81, 0x8F, 0xFC, 0xC0, 0xC7, 0x8E,
    0x60, 0xE3, 0xC3, 0x30, 0x71, 0xF3, 0x98, 0x70, 0xDF, 0xCC, 0x7F, 0xE7, 0xC6, 0x1F, 0xF0, 0x1F,
    0xE3, 0xFF, 0x70, 0x7E, 0x07, 0xE7, 0xFC, 0xFE, 0xCE, 0x0C, 0xFE, 0xC7, 0xFC, 0x03, 0xEF, 0xFE,
    0xFE, 0x1F, 0xC3, 0xFF, 0xBC, 0xFD, 0xC3, 0x7C, 0x3B, 0xE1, 0xCF, 0x0C, 0x78, 0xE3, 0xCE, 0x1E,
    0xE0, 0xFF, 0xFF, 0xFF, 0xF0, 0x3F, 0xF8, 0x67, 0xFF, 0xC6, 0xE3, 0x8E, 0x7C, 0x30, 0xE7, 0xC3,
    0x06, 0x3C, 0x30, 0x63, 0xC3, 0x0E, 0x7E, 0x38, 0xE7, 0xF1, 0x9C, 0x77, 0x9F, 0xCE, 0x3F, 0xFF,
    0xC0, 0xFF, 0xF8, 0x1F, 0xE1, 0xFF, 0xC7, 0x07, 0xB8, 0x7F, 0xC3, 0xFF, 0x1E, 0xFC, 0x70, 0xF1,
    0x83, 0xE6, 0x1F, 0xDC, 0x77, 0x3F, 0x8C, 0x7C, 0x1F, 0xC7, 0xFE, 0x70, 0xEE, 0x07, 0xC0, 0x3C,
    0x03, 0xC0, 0x3C, 0x03, 0xE0, 0x7E, 0x06, 0x70, 0xE3, 0x0C, 0x3F, 0x06, 0xFF, 0x0F, 0x87, 0x1E,
    0x06, 0x3C, 0x0C, 0x78, 0x18, 0xFF, 0xF1, 0xFF, 0xE3, 0xC0, 0x07, 0x80, 0x0F, 0xFF, 0xFF, 0xFF,
    0xF0, 0x1F, 0xF1, 0xFF, 0xE7, 0x03, 0xBF, 0x06, 0xFE, 0x3B, 0xBB, 0xEC, 0x6F, 0xBB, 0x8F, 0x7E,
    0x0C, 0xE0, 0x73, 0xFF, 0xFF, 0xFE, 0xE0, 0x03, 0x00, 0x0F, 0xFF, 0x9F, 0xFE, 0xE3, 0xEE, 0x7F,
    0xC6, 0x3C, 0x63, 0xC6, 0x3E, 0x77, 0x7F, 0xE3, 0xFC, 0x0F, 0x00, 0x30, 0x3F, 0x03, 0xE0, 0x1F,
    0xC0, 0xDF, 0xF8, 0x37, 0x0E, 0x0F, 0x81, 0xC3, 0xC0, 0x30, 0xF0, 0x0C, 0x3C, 0x03, 0x0F, 0x00,
    0xC3, 0xE0, 0x70, 0xF8, 0x18, 0x37, 0x0F, 0xFC, 0xC3, 0xFF, 0x00, 0x00, 0x00, 0x30, 0x3F, 0x87,
    0x87, 0xFC, 0x70, 0xE0, 0xEE, 0x0E, 0x7F, 0xC0, 0xCF, 0xFC, 0x0D, 0xEF, 0xC0, 0xDC, 0x3C, 0x0D,
    0x83, 0xE1, 0xD8, 0x3E, 0x1D, 0xC7, 0x7F, 0x8F, 0xE3, 0xF0, 0x7C, 0x00, 0x7C, 0x1C, 0x03, 0xF8,
    0x70, 0x0C, 0xE3, 0xC0, 0x31, 0x9F, 0x00, 0xE6, 0xFD, 0xF9, 0xFF, 0xBF, 0xF3, 0xF8, 0xF9, 0xC1,
    0x83, 0xC3, 0x06, 0x0F, 0x0C, 0x18, 0x3E, 0x7F, 0xFF, 0xD9, 0xFF, 0xFF, 0x00, 0x00, 0x00, 0x3F,
    0x3E, 0x0C, 0x7F, 0xFF, 0x1E, 0xF1, 0xE7, 0x0E, 0xE1, 0xC3, 0x07, 0xC0, 0xC3, 0x07, 0xC0, 0xC3,
    0x03, 0xC0, 0xC3, 0x03, 0xC0, 0xC3, 0x07, 0xE0, 0xC3, 0x87, 0x70, 0xC3, 0x8F, 0x78, 0xC1, 0xFE,
    0x30, 0xC0, 0xFC, 0x00, 0x03, 0xF0, 0x00, 0x1F, 0xF8, 0x00, 0x38, 0x70, 0x00, 0xE0, 0x70, 0x01,
    0xC0, 0x6F, 0xC3, 0x00, 0xFF, 0xC6, 0x01, 0xF3, 0x8C, 0x03, 0xC3, 0x1C, 0x0F, 0x86, 0x18, 0x1F,
    0x9F, 0xF8, 0x73, 0x3F, 0xF0, 0xC0, 0x00, 0x00, 0x00, 0x0C, 0x00, 0x0C, 0x00, 0x1C, 0x00, 0x18,
    0x00, 0x38, 0x00, 0x38, 0x00, 0x30, 0x00, 0x70, 0x00, 0x70, 0x00, 0x60, 0x00, 0xFF, 0xFF, 0xFF,
    0xFF, 0x00, 0xC0, 0x00, 0xC0, 0x00, 0xC0, 0x00, 0xC0, 0xFF, 0xF0, 0x73, 0xFF, 0xF3, 0xFD, 0xE0,
    0x00, 0xF0, 0x07, 0xE0, 0x3B, 0xC0, 0xC7, 0x03, 0x00, 0x0C, 0x00, 0x30, 0x00, 0xC0, 0x03, 0x00,
    0x0C, 0x00, 0x30, 0x00, 0xC0, 0x03, 0x00, 0x0C, 0x00, 0x30, 0x00, 0xC0, 0x03, 0x00, 0x0C, 0x04,
    0x30, 0x39, 0xC0, 0x7E, 0x01, 0xF8, 0x00, 0x3F, 0x1F, 0xE7, 0x1F, 0x87, 0x01, 0xC0, 0x30, 0x0C,
    0x07, 0xE1, 0xDC, 0x77, 0xF8, 0xFC, 0x3C, 0x7E, 0xEF, 0xC7, 0xC3, 0x03, 0x03, 0x03, 0x03, 0x03,
    0x03, 0x03, 0x03, 0x03, 0x03, 0x03, 0x03, 0x03, 0x3C, 0x7F, 0xBB, 0xF9, 0xFF, 0xDB, 0xEC, 0x06,
    0x03, 0x01, 0x80, 0xC0, 0x60, 0x30, 0x18, 0x0C, 0x06, 0x03, 0x01, 0x80, 0xC0, 0x78, 0x7C, 0x0C,
    0x0C, 0x0C, 0x0C, 0x1C, 0x1C, 0x1C, 0x3C, 0xFE, 0xE7, 0xC3, 0xC7, 0xE7, 0x7E, 0x3C, 0x78, 0x7C,
    0x0C, 0x0C, 0x0C, 0x0C, 0x1C, 0x1C, 0x18, 0x3C, 0xFE, 0xE7, 0xFF, 0xFF, 0xE7, 0x7E, 0x3C, 0x07,
    0x0E, 0x0E, 0x0C, 0x0C, 0x0C, 0x0C, 0x0E, 0x0E, 0x06, 0x07, 0x07, 0x7F, 0xFF, 0xC3, 0xC7, 0xFF,
    0x7E, 0x01, 0xC0, 0x38, 0x0E, 0x01, 0xC0, 0x30, 0x06, 0x00, 0xE0, 0x1C, 0x01, 0x80, 0x38, 0x03,
    0x00, 0x7F, 0xFF, 0xFE, 0xF6, 0xDF, 0x07, 0xFF, 0xCF, 0xF0, 0x1F, 0xC1, 0xFF, 0x9E, 0x1D, 0xC0,
    0x7E, 0x01, 0xFF, 0x0F, 0xFC, 0x78, 0xE3, 0xC3, 0x3F, 0x39, 0xDF, 0xDC, 0x7C, 0xC0, 0x1F, 0xC7,
    0xFD, 0xD9, 0xF3, 0xFC, 0x7F, 0x87, 0xB0, 0xF7, 0x3F, 0xE7, 0xEE, 0xCC, 0xFF, 0x8F, 0xE0, 0x1F,
    0xC0, 0x3F, 0x83, 0xFF, 0x07, 0xFE, 0x78, 0x70, 0xF0, 0xEE, 0x03, 0x9C, 0x07, 0xE0, 0x19, 0xC0,
    0x3F, 0xE1, 0x9F, 0xC3, 0xFF, 0x19, 0xFE, 0x3C, 0x71, 0x98, 0xE3, 0xC3, 0x39, 0x86, 0x7E, 0x73,
    0x9C, 0xE6, 0x7F, 0x70, 0xFE, 0xE3, 0xE6, 0x07, 0xCC, 0x1F, 0xC0, 0x07, 0xC3, 0xFF, 0x00, 0xFE,
    0x78, 0x70, 0x1C, 0x7E, 0x03, 0x81, 0x87, 0xE0, 0x19, 0xC0, 0x3F, 0xE1, 0x9C, 0x03, 0xFF, 0x19,
    0xC0, 0x3C, 0x71, 0x80, 0x03, 0xC3, 0x38, 0x18, 0x7E, 0x73, 0x81, 0xC7, 0x7F, 0x70, 0x0F, 0xE3,
    0xE6, 0x00, 0x7C, 0x1F, 0xC0, 0x3E, 0x1F, 0xF0, 0x3F, 0x9D, 0x98, 0x38, 0xFC, 0xCC, 0x18, 0x7C,
    0x7E, 0xE0, 0x1E, 0x1E, 0x70, 0x0F, 0x0F, 0x38, 0x07, 0xCF, 0xC0, 0x03, 0xE7, 0xE0, 0xC3, 0xBB,
    0x30, 0x71, 0xCF, 0xF8, 0x1F, 0xC3, 0xF8, 0x07, 0xC0, 0x1F, 0xC0, 0x0F, 0xDF, 0x0F, 0xFC, 0x07,
    0xFF, 0xE7, 0x87, 0x01, 0xCF, 0x1F, 0x80, 0xE0, 0x61, 0x87, 0xE0, 0x19, 0xD8, 0x60, 0xFF, 0x86,
    0x76, 0x18, 0x3F, 0xF1, 0x9D, 0x86, 0x0F, 0x1C, 0x60, 0x00, 0x07, 0xC3, 0x38, 0x00, 0x01, 0xF9,
    0xCE, 0x00, 0x60, 0xE7, 0xF7, 0x00, 0x1F, 0xF8, 0xF9, 0x80, 0x03, 0xF8, 0xC3, 0xC3, 0xC7, 0xFF,
    0x7E, 0xFF, 0x01, 0xFC, 0xFC, 0x63, 0xFF, 0xFE, 0xE7, 0x07, 0x8E, 0xEE, 0x03, 0x87, 0xCE, 0x03,
    0x03, 0xCF, 0xE3, 0x03, 0xCF, 0xF3, 0x03, 0xCE, 0x73, 0x03, 0xCE, 0x33, 0x03, 0xEE, 0x33, 0x07,
    0xE7, 0xF3, 0x07, 0x63, 0xE3, 0x07, 0x70, 0x00, 0x0E, 0x3C, 0x00, 0x3C, 0x1F, 0xC3, 0xF8, 0x07,
    0xFF, 0xF0, 0x00, 0xFF, 0x00, 0xF0, 0x0F, 0xC0, 0x1C, 0x00, 0xC0, 0x0C, 0x01, 0xF0, 0x7F, 0x87,
    0xD8, 0xED, 0x8C, 0xF8, 0xC7, 0x8C, 0x78, 0xC7, 0x8C, 0xFC, 0xDC, 0xEF, 0xFF, 0xFF, 0xF0, 0x00,
    0x01, 0xF0, 0x00, 0x3F, 0x00, 0x03, 0x00, 0x00, 0x30, 0x00, 0x03, 0x83, 0xFF, 0x9C, 0x7F, 0xFD,
    0xEE, 0x38, 0xEE, 0xC3, 0x0E, 0x7C, 0x30, 0x67, 0xC3, 0x06, 0x3C, 0x30, 0xE3, 0xE3, 0x8E, 0x7F,
    0x19, 0xC7, 0x79, 0xFC, 0xE3, 0xFF, 0xFE, 0x0F, 0xFF, 0x80, 0x3E, 0x00, 0xFC, 0x00, 0x70, 0x00,
    0xC0, 0x07, 0x03, 0x9F, 0xEE, 0xFF, 0xF3, 0xE7, 0xDF, 0x0F, 0x6E, 0x7F, 0xB9, 0xDF, 0x7E, 0x3F,
    0xF0, 0xFF, 0x03, 0x8C, 0x0F, 0xF0, 0x1F, 0x80, 0x7D, 0xF3, 0xFF, 0xEE, 0x79, 0xF0, 0xC3, 0xC3,
    0x0F, 0x0C, 0x3C, 0x30, 0xC0, 0x03, 0x00, 0x1C, 0x30, 0xE0, 0xFF, 0x83, 0xFC, 0x03, 0xFF, 0x80,
    0x03, 0xFF, 0xF0, 0x00, 0x00, 0xF8, 0x00, 0x00, 0x3C, 0x00, 0x00, 0x1E, 0x00, 0x00, 0x0E, 0x31,
    0x83, 0x06, 0x71, 0x83, 0x07, 0xE1, 0x83, 0x07, 0xE1, 0x83, 0x03, 0xC1, 0x83, 0x03, 0xC1, 0x83,
    0x03, 0xC1, 0x83, 0x03, 0xC1, 0x83, 0x07, 0xE1, 0xC3, 0x87, 0xE3, 0xC7, 0x8E, 0x7F, 0xFF, 0xFE,
    0x3E, 0x7C, 0xFC, 0x1F, 0xE0, 0xF9, 0xFF, 0xC7, 0xF7, 0x07, 0x9C, 0xF8, 0x07, 0x63, 0xC0, 0x1D,
    0xDF, 0x07, 0xFF, 0xFC, 0x7F, 0xFF, 0x31, 0xC3, 0x00, 0xE6, 0x1C, 0x03, 0xDC, 0x70, 0x07, 0x7F,
    0x80, 0x0C, 0xFC, 0x00, 0x3F, 0x3F, 0xC7, 0xFF, 0xFE, 0xF1, 0xE3, 0xFE, 0x1E, 0x37, 0xC0, 0xC3,
    0x3C, 0x0C, 0x73, 0xC0, 0xC7, 0x3C, 0x00, 0xE3, 0xE0, 0x1C, 0x3F, 0x03, 0xC3, 0x78, 0x3F, 0xF3,
    0x07, 0xFF, 0x00, 0x00, 0x00, 0x00, 0x00, 0x3F, 0xE1, 0xCF, 0xFC, 0x7B, 0x0E, 0x0E, 0xC7, 0x01,
    0xF1, 0xC0, 0x7C, 0x60, 0x0F, 0x18, 0x03, 0xC7, 0x01, 0xF1, 0xC0, 0x7C, 0x38, 0x3B, 0x0F, 0xFC,
    0xC0, 0xFE, 0x00, 0x3F, 0x01, 0xF8, 0x31, 0xFE, 0x0F, 0xF1, 0xEE, 0x1C, 0x39, 0xC3, 0xB8, 0x70,
    0xC3, 0x07, 0xC0, 0xC3, 0x0C, 0x0F, 0x03, 0x0C, 0x30, 0x3C, 0x0C, 0x30, 0xC0, 0xF0, 0x30, 0xC3,
    0x03, 0xE0, 0xC7, 0x0E, 0x1D, 0xC3, 0x9C, 0x38, 0x77, 0x8F, 0xE0, 0x7F, 0x8C, 0x1F, 0x80, 0xFC,
    0x03, 0x03, 0xF0, 0x1F, 0x83, 0x00, 0xC1, 0xFE, 0x0F, 0xF1, 0xE0, 0x30, 0x73, 0x83, 0x9C, 0x38,
    0x0C, 0x18, 0x60, 0xC3, 0x07, 0x03, 0x06, 0x18, 0x30, 0xC1, 0xC0, 0xC1, 0x86, 0x0C, 0x30, 0x30,
    0x30, 0x61, 0x83, 0x0C, 0x0C, 0x0C, 0x18, 0x60, 0xC3, 0x07, 0x07, 0x0E, 0x1C, 0x70, 0xE1, 0xC1,
    0xE3, 0x87, 0x1C, 0x38, 0xF7, 0xFF, 0xC0, 0xFE, 0x07, 0xF9, 0xF3, 0xE0, 0x3F, 0x80, 0xFC, 0x1F,
    0xE1, 0xFC, 0xCF, 0xFE, 0x3F, 0x9D, 0xC1, 0xE7, 0x61, 0xF0, 0x0E, 0x6C, 0x3C, 0x01, 0xDD, 0x87,
    0x83, 0xFF, 0xB9, 0xF1, 0xFF, 0xC3, 0xF6, 0x38, 0x60, 0x3C, 0xE6, 0x1C, 0x00, 0x1E, 0xE3, 0x80,
    0x01, 0xDF, 0xE0, 0x00, 0x19, 0xF8, 0x00, 0x00, 0x00, 0x7F, 0x80, 0x00, 0x1F, 0xF8, 0x00, 0x07,
    0x03, 0x80, 0x39, 0xC1, 0xF9, 0xCF, 0xF8, 0x7F, 0x7F, 0xFE, 0x1C, 0xEF, 0xF3, 0xC3, 0x0D, 0x9F,
    0xFC, 0x61, 0xBF, 0x7B, 0x8C, 0x33, 0xC0, 0x39, 0xCE, 0x00, 0x07, 0xBF, 0x80, 0x00, 0x73, 0xE0,
    0x00, 0x7E, 0x3F, 0x7F, 0xBF, 0xB9, 0xD8, 0xF8, 0x6C, 0x3E, 0x77, 0x3F, 0xF3, 0xFF, 0xF0, 0x7E,
    0xE0, 0x0E, 0x7F, 0xFF, 0x1F, 0xFF, 0x1F, 0xDF, 0xCD, 0xFF, 0x66, 0xFF, 0xB3, 0xE4, 0xF9, 0xFF,
    0xFC, 0x3F, 0xF8, 0x1F, 0xCF, 0xE0, 0x0F, 0xFF, 0xFC, 0x07, 0x07, 0x83, 0x83, 0x81, 0xE0, 0x70,
    0xE0, 0x30, 0xFE, 0x3F, 0x8C, 0x7F, 0xEF, 0xF3, 0x38, 0xFB, 0x1C, 0xCC, 0x37, 0xC3, 0x33, 0x0C,
    0xF9, 0xCC, 0xE7, 0x37, 0xF3, 0x3F, 0xCC, 0xF8, 0xC7, 0xE3, 0x00, 0x00, 0x01, 0xC0, 0x00, 0x00,
    0xE0, 0x00, 0x0F, 0xF8, 0x00, 0x03, 0xF8, 0x1E, 0x78, 0x7F, 0xFE, 0xFB, 0xDF, 0xFF, 0xBF, 0xFD,
    0xBF, 0xCD, 0xB3, 0xFD, 0xBF, 0x79, 0x9E, 0x1E, 0x3C, 0x0F, 0xFF, 0xC3, 0xEF, 0x7C, 0x7F, 0xDF,
    0xEF, 0xDB, 0xFF, 0x9B, 0x6F, 0xFF, 0x6F, 0xDB, 0xCD, 0xF7, 0x00, 0x00, 0x60, 0x3F, 0x1F, 0xEE,
    0x1F, 0x07, 0xC0, 0xF0, 0x3E, 0x0F, 0x87, 0x7F, 0x8F, 0xC0, 0x00, 0x7E, 0x00, 0x7F, 0x80, 0x70,
    0xE0, 0x38, 0x70, 0x18, 0x18, 0x0C, 0x0C, 0x06, 0x06, 0x03, 0x03, 0x01, 0x81, 0x80, 0xC0, 0xCF,
    0xFF, 0xFF, 0xFF, 0xFE, 0x00, 0x06, 0x00, 0x03, 0xFC, 0x00, 0xFE, 0x00, 0x1F, 0xC0, 0x3F, 0xF0,
    0x1C, 0x38, 0x1C, 0x0E, 0x0C, 0x03, 0x06, 0x01, 0x83, 0x00, 0xC1, 0x80, 0x60, 0xE0, 0x70, 0x70,
    0x30, 0x1C, 0x3F, 0xE6, 0x1F, 0xF0, 0x00, 0x00, 0x3F, 0x3F, 0x01, 0xFF, 0xFE, 0x0F, 0x1E, 0x38,
    0x38, 0x70, 0x70, 0xC0, 0xC1, 0xC3, 0x03, 0x03, 0x0C, 0x0C, 0x0C, 0x30, 0x30, 0x70, 0xE0, 0xC1,
    0xC3, 0xC3, 0x0E, 0x07, 0x8C, 0x3F, 0xCC, 0x30, 0xFF, 0x00, 0x00, 0x00, 0x00, 0x02, 0x00, 0x07,
    0x00, 0x03, 0x00, 0x07, 0x1F, 0xCF, 0x7F, 0xFE, 0x70, 0xF8, 0xE1, 0xF8, 0xC3, 0xDC, 0xC7, 0x1C,
    0xC7, 0x0C, 0xC6, 0x0C, 0xE6, 0x1C, 0x77, 0x1C, 0x7B, 0xF8, 0x33, 0xF0, 0x01, 0xF0, 0x03, 0xFF,
    0x01, 0xF1, 0xF0, 0xE0, 0x1E, 0x73, 0xFB, 0x99, 0xFF, 0x7E, 0x71, 0xDF, 0xB8, 0x33, 0xCE, 0x1C,
    0xF3, 0x3E, 0x3C, 0xCF, 0x0F, 0x38, 0xE3, 0xCE, 0x1D, 0xF9, 0x83, 0x7E, 0x70, 0xD9, 0xC8, 0x72,
    0x38, 0x3C, 0x07, 0xFE, 0x00, 0xFF, 0x00, 0x3E, 0x7C, 0xFC, 0x7F, 0xFF, 0xFE, 0xE3, 0xC7, 0x8E,
    0xE1, 0xC3, 0x87, 0xC1, 0x83, 0x07, 0xC1, 0x83, 0x03, 0xC1, 0x83, 0x03, 0xC1, 0x83, 0x03, 0xE1,
    0x83, 0x03, 0xE1, 0x83, 0x07, 0x71, 0x83, 0x07, 0x31, 0x83, 0x07, 0x00, 0x00, 0x0E, 0x00, 0x00,
    0x1E, 0x00, 0x07, 0xFC, 0x00, 0x07, 0xF0, 0x1F, 0xE0, 0xFF, 0xC7, 0x83, 0xB8, 0x06, 0xE0, 0x1F,
    0xF8, 0x7F, 0xF0, 0xF1, 0xC3, 0xC3, 0x0F, 0x9C, 0x77, 0xF1, 0xCF, 0x87, 0x00, 0x38, 0x01, 0xC1,
    0xFF, 0x07, 0xF0, 0x1F, 0xC0, 0xDF, 0xF8, 0x37, 0x0E, 0x0F, 0x81, 0xC3, 0xC0, 0x30, 0xF0, 0x0C,
    0x3C, 0x03, 0x0F, 0x00, 0xC3, 0xE0, 0x70, 0xF8, 0x18, 0x37, 0x0F, 0xFC, 0xC3, 0xFF, 0x00, 0x01,
    0xC0, 0x00, 0xE0, 0x0F, 0xF0, 0x03, 0xF8, 0x00, 0x00, 0x04, 0x00, 0x00, 0x1C, 0x00, 0x00, 0x18,
    0x00, 0x00, 0x73, 0xF3, 0xF9, 0xEF, 0xFF, 0xFF, 0xBC, 0x78, 0x7C, 0x70, 0xF1, 0xF8, 0xC0, 0xC7,
    0x39, 0x81, 0x9C, 0x73, 0x03, 0x38, 0x66, 0x06, 0x60, 0xCE, 0x0C, 0xC3, 0x8E, 0x19, 0xC7, 0x1E,
    0x33, 0xFC, 0x18, 0x63, 0xF0, 0x00, 0x00, 0x00, 0x06, 0x0C, 0x30, 0x0C, 0x18, 0xF0, 0x18, 0x30,
    0xE0, 0x30, 0x60, 0xE0, 0x60, 0xC1, 0xC0, 0xC1, 0x81, 0x81, 0x83, 0x03, 0x03, 0x06, 0x0E, 0x06,
    0x0E, 0x1C, 0x0E, 0x3C, 0x70, 0x1F, 0xFF, 0xE0, 0x7F, 0x9F, 0x80, 0xE0, 0x00, 0x03, 0x80, 0x00,
    0x7F, 0x00, 0x00, 0xFC, 0x00, 0x00, 0x3F, 0x3E, 0x3F, 0xFF, 0xBC, 0x78, 0xFC, 0x38, 0x7C, 0x0C,
    0x1E, 0x06, 0x0F, 0x03, 0x07, 0x81, 0x83, 0xE0, 0xC1, 0xF8, 0x60, 0xDE, 0x30, 0xE6, 0x18, 0x70,
    0x00, 0x70, 0x00, 0x78, 0x07, 0xF8, 0x03, 0xF8, 0x3F, 0x3F, 0x83, 0xE7, 0xFF, 0xFC, 0x7F, 0xF1,
    0xE0, 0xE6, 0x3E, 0x1E, 0x07, 0x63, 0xC0, 0xC0, 0x76, 0x7C, 0x0C, 0x7F, 0xFF, 0xC0, 0xDF, 0xFF,
    0xCE, 0x0D, 0xC3, 0x00, 0xE0, 0xD8, 0x70, 0x07, 0x0D, 0xC7, 0x00, 0x78, 0xDF, 0xE0, 0x03, 0x0C,
    0xFC, 0x00, 0x1F, 0xFE, 0xFF, 0xFD, 0xC0, 0x07, 0x00, 0x0F, 0xE0, 0x1F, 0xE0, 0x31, 0xC0, 0x61,
    0x80, 0xE7, 0x00, 0xFE, 0x00, 0xF8, 0x00, 0x00, 0x60, 0x00, 0x18, 0x00, 0x06, 0x00, 0x01, 0x80,
    0x00, 0x60, 0x03, 0xFE, 0x03, 0xFF, 0xE1, 0xE1, 0xBC, 0x70, 0x63, 0xB8, 0x18, 0x7F, 0xE6, 0x1F,
    0xFD, 0x83, 0xC7, 0x60, 0xF0, 0xD8, 0x7E, 0x77, 0x1D, 0xFC, 0xFE, 0x3E, 0x1F, 0x00, 0x00, 0x00,
    0x01, 0x00, 0x00, 0x01, 0xC0, 0x00, 0x00, 0x60, 0x00, 0x00, 0x71, 0xFC, 0xFE, 0x79, 0xFF, 0xFF,
    0xF9, 0xC1, 0xE1, 0xF1, 0xC0, 0xF1, 0xF8, 0xE0, 0x31, 0xEE, 0x7F, 0x19, 0xC3, 0x3F, 0xCC, 0xE1,
    0x98, 0xE6, 0x60, 0xCC, 0x33, 0x30, 0x67, 0x39, 0x9C, 0x71, 0xFC, 0xC7, 0xF0, 0x7C, 0x61, 0xF0,
    0x00, 0x00, 0x7F, 0x00, 0x00, 0x3F, 0xF8, 0x00, 0x07, 0x1F, 0x00, 0x01, 0xC3, 0x70, 0x00, 0x38,
    0x66, 0xFC, 0x06, 0x1C, 0xFF, 0xC0, 0xC3, 0x9F, 0x38, 0x18, 0xE3, 0xC3, 0x03, 0x38, 0x78, 0x60,
    0x6E, 0x0F, 0x9F, 0xFF, 0xFF, 0xB3, 0xFF, 0xFF, 0xF0, 0x00, 0x00, 0x00, 0x00, 0x07, 0xE7, 0xF0,
    0x00, 0x01, 0xFF, 0xFF, 0x00, 0x00, 0x78, 0xF0, 0x71, 0x80, 0x0E, 0x1E, 0x07, 0x33, 0xC1, 0x81,
    0x80, 0xEE, 0xFC, 0x30, 0x33, 0xFF, 0xB9, 0xC6, 0x06, 0xFF, 0xE6, 0x18, 0xE0, 0x1C, 0x30, 0xC3,
    0x1C, 0x03, 0x0E, 0x18, 0x61, 0xC0, 0x71, 0xC3, 0x9F, 0xF8, 0x0F, 0xF0, 0x33, 0xFF, 0x00, 0xFC,
    0x00, 0x03, 0x03, 0xF0, 0x1F, 0x1F, 0xC0, 0x18, 0x3F, 0xC1, 0xFF, 0xFF, 0x80, 0xC1, 0xCE, 0x0E,
    0x7C, 0x7C, 0x06, 0x0C, 0x30, 0x61, 0xC3, 0x70, 0x30, 0x61, 0x83, 0x0E, 0x1B, 0x81, 0x83, 0x0C,
    0x18, 0x61, 0xCC, 0x0C, 0x18, 0x60, 0xC3, 0x0E, 0x60, 0x60, 0xC3, 0x06, 0x00, 0xE3, 0x07, 0x0E,
    0x1C, 0x70, 0x0E, 0x18, 0x3C, 0x70, 0xE3, 0x81, 0xE0, 0xDF, 0xFF, 0x03, 0xF8, 0x0F, 0xFE, 0xF9,
    0xF0, 0x1F, 0xC0, 0x7F, 0xF0, 0x3F, 0x3F, 0x80, 0xFF, 0xFF, 0x83, 0xC7, 0x83, 0x87, 0x0F, 0x03,
    0x8C, 0x0C, 0x07, 0x18, 0x18, 0xFF, 0xF0, 0x37, 0xFF, 0xF0, 0x6E, 0x18, 0xE0, 0xD8, 0x70, 0xE1,
    0xB8, 0xE1, 0xE3, 0x7F, 0x81, 0x86, 0x7E, 0x00, 0x00, 0x00, 0x01, 0xF0, 0x00, 0x00, 0x07, 0xE0,
    0x00, 0x00, 0x03, 0x80, 0x00, 0x00, 0x06, 0x00, 0x00, 0x00, 0x38, 0x7F, 0x3E, 0x7F, 0xC3, 0xFF,
    0xFF, 0xFF, 0x1C, 0x1E, 0x3E, 0x7E, 0xE0, 0x70, 0x71, 0xDB, 0x80, 0xC1, 0xCE, 0x7F, 0xE3, 0x06,
    0x38, 0xFF, 0xCC, 0x18, 0xC3, 0xC7, 0x30, 0x63, 0x0F, 0x0C, 0xC1, 0x8C, 0x3E, 0x73, 0x06, 0x39,
    0xDF, 0xCC, 0x18, 0xFF, 0x3E, 0x30, 0x61, 0xF8, 0x00, 0x07, 0xC0, 0x00, 0x1F, 0x00, 0x00, 0x18,
    0x00, 0x00, 0xC0, 0x00, 0x0E, 0x1F, 0x9F, 0xE1, 0xFF, 0xFF, 0x1E, 0x3C, 0x7C, 0xE1, 0xE7, 0x76,
    0x06, 0x71, 0xF0, 0x33, 0x8F, 0x81, 0x98, 0x3E, 0x0C, 0xC1, 0xF0, 0x67, 0x1D, 0xC3, 0x38, 0xEF,
    0x18, 0xFE, 0x30, 0xC3, 0xE0, 0x03, 0xE0, 0x07, 0xC0, 0x03, 0x00, 0x0C, 0x00, 0x70, 0x7F, 0x87,
    0xFE, 0x1C, 0x7C, 0xE3, 0xBB, 0x1C, 0x7C, 0x71, 0xF1, 0x83, 0xC6, 0x0F, 0x9C, 0x7F, 0x71, 0xDC,
    0xFE, 0x31, 0xF0, 0x00, 0x00, 0xF8, 0x00, 0x01, 0xF8, 0x00, 0x00, 0x70, 0x00, 0x00, 0x60, 0x00,
    0x01, 0xC3, 0xFF, 0xFF, 0x1F, 0xFF, 0xFE, 0x38, 0xFC, 0x7E, 0xE3, 0xB8, 0xED, 0x8E, 0x3B, 0x9F,
    0x1C, 0x37, 0x1E, 0x30, 0x6C, 0x3C, 0x60, 0xD8, 0x7C, 0xE1, 0xB0, 0xF9, 0xC7, 0x73, 0xB9, 0xFC,
    0xFF, 0x31, 0xF0, 0xFC, 0x00, 0x07, 0xC0, 0x00, 0x7E, 0x00, 0x00, 0xE0, 0x00, 0x06, 0x00, 0x00,
    0xE3, 0x03, 0xFC, 0x78, 0x7F, 0xC7, 0x0F, 0x7E, 0xE0, 0xE7, 0x6C, 0x0C, 0xE7, 0xC0, 0xCE, 0x3C,
    0x0C, 0xC3, 0xC0, 0xCC, 0x3E, 0x1C, 0xC3, 0xE1, 0xCE, 0x77, 0xF8, 0xFF, 0x3F, 0x07, 0xE0, 0x00,
    0x00, 0xF8, 0x00, 0x00, 0x7C, 0x00, 0x00, 0x0C, 0x00, 0x00, 0x0C, 0x00, 0x00, 0x0C, 0x01, 0xF8,
    0x1C, 0x03, 0xFC, 0x18, 0x07, 0x0E, 0x38, 0x07, 0x0E, 0x30, 0x06, 0x06, 0x70, 0x7F, 0xFF, 0xFE,
    0xFF, 0xFF, 0xFF, 0xE6, 0x06, 0xE7, 0xC7, 0x0E, 0xC3, 0xC7, 0x0E, 0xE7, 0xFF, 0xFC, 0xFF, 0x7F,
    0xF8, 0x7E, 0x00, 0x02, 0x04, 0x10, 0x00, 0x00, 0x20, 0x30, 0x01, 0x04, 0x61, 0x02, 0x00, 0x00,
    0x7F, 0x90, 0x24, 0x09, 0x02, 0x40, 0x90, 0x24, 0x09, 0x02, 0x40, 0x90, 0x24, 0x09, 0x02, 0x40,
    0x90, 0x27, 0xF8, 0x7D, 0xFF, 0x3E, 0x7F, 0xEF, 0x80, 0x00, 0xDB, 0xDF, 0xFF, 0x7E, 0x7E, 0xFF,
    0xE7, 0xC3, 0xC3, 0xE7, 0xFF, 0x7E, 0x7B, 0xFC, 0xFF, 0xFD, 0xC7, 0x3F, 0xFF, 0x3F, 0xDE, 0x0C,
    0x01, 0x83, 0x33, 0xE6, 0x3C, 0xC7, 0x81, 0xF8, 0x3B, 0xFE, 0x3F, 0x80, 0x1F, 0xFF, 0x9F, 0xE1,
    0xFF, 0xFF, 0xFF, 0xC7, 0x3D, 0xDF, 0x03, 0xB8, 0xC3, 0x3C, 0x7F, 0xC7, 0x0C, 0x63, 0xFF, 0x1D,
    0xF1, 0x9E, 0xFC, 0x67, 0x86, 0x60, 0xF1, 0x87, 0x19, 0x83, 0xE7, 0x0C, 0x66, 0x1F, 0x9C, 0x31,
    0x9C, 0x77, 0x3F, 0xC6, 0x7F, 0x8C, 0x7E, 0x18, 0xFC, 0x1F, 0xFF, 0x9F, 0xC0, 0x3F, 0xFF, 0xFF,
    0xF0, 0x1C, 0xF7, 0x7C, 0x1C, 0x1C, 0x61, 0x9E, 0x07, 0x0C, 0x70, 0xC6, 0x1F, 0xC6, 0x3B, 0xE3,
    0x1F, 0xFB, 0x19, 0xE1, 0x9C, 0x6D, 0x8C, 0x38, 0xCC, 0x37, 0xE7, 0x0C, 0x66, 0x19, 0xF3, 0x86,
    0x33, 0x9C, 0xDC, 0xFF, 0x19, 0xFC, 0x66, 0x3F, 0x0C, 0x7E, 0x30, 0x00, 0x00, 0x00, 0x38, 0x00,
    0x00, 0x00, 0x38, 0x00, 0x00, 0x07, 0xFC, 0x00, 0x00, 0x03, 0xF8, 0x3F, 0x9F, 0x8F, 0xFF, 0xFB,
    0xC3, 0xC7, 0xFC, 0x38, 0x7F, 0xE6, 0x0F, 0xDC, 0xC0, 0xF1, 0x98, 0x1F, 0x73, 0x07, 0x7E, 0x60,
    0xE7, 0x0C, 0x38, 0xFF, 0xFE, 0x7F, 0xFF, 0x8E, 0x00, 0x01, 0x80, 0x00, 0x3F, 0xFF, 0xFB, 0xFF,
    0xFF, 0x3F, 0x9F, 0x87, 0xCF, 0x8F, 0xFF, 0xF9, 0xFF, 0xFB, 0x83, 0xC7, 0xB9, 0xE3, 0xFE, 0x38,
    0x76, 0x18, 0x7F, 0xE6, 0x0E, 0xC3, 0x07, 0x9C, 0xC0, 0xDC, 0x60, 0xF1, 0x98, 0x1B, 0x0C, 0x1F,
    0x73, 0x07, 0x00, 0x07, 0x7C, 0x60, 0xE0, 0x00, 0xE7, 0x0C, 0x38, 0x00, 0x38, 0xFF, 0xFE, 0x03,
    0xFF, 0x7F, 0xFF, 0x80, 0x7F, 0x8E, 0x00, 0x00, 0x00, 0x01, 0x80, 0x00, 0x00, 0x00, 0x3F, 0xFF,
    0xF8, 0x00, 0x03, 0xFF, 0xFF, 0x00, 0x00, 0x1F, 0xC3, 0xFF, 0xBC, 0x1D, 0xF0, 0x7F, 0xE3, 0xF7,
    0x0F, 0x18, 0x7D, 0xC7, 0x7E, 0x39, 0xC3, 0x8F, 0xF9, 0xFF, 0x8E, 0x00, 0x60, 0x03, 0xFF, 0xEF,
    0xFF, 0x1F, 0xC1, 0xF3, 0xC7, 0xFF, 0x3F, 0xFE, 0xE0, 0x73, 0x9E, 0x7F, 0xC3, 0xB0, 0xC3, 0xFE,
    0x3B, 0x0C, 0x3C, 0xE1, 0xB8, 0xC3, 0xC6, 0x1B, 0x0C, 0x3E, 0xE3, 0x80, 0x03, 0x7C, 0x38, 0x00,
    0x73, 0x87, 0x00, 0x0E, 0x3F, 0xE0, 0x3F, 0xEF, 0xFC, 0x03, 0xFC, 0xE0, 0x00, 0x00, 0x0C, 0x00,
    0x00, 0x00, 0xFF, 0xF8, 0x00, 0x07, 0xFF, 0x80, 0x00, 0x7E, 0x3F, 0x7F, 0xBF, 0xB9, 0xD8, 0xF8,
    0x6C, 0x3E, 0x77, 0x3F, 0xF3, 0xFF, 0xF0, 0x7E, 0xE0, 0x0E, 0x3F, 0xFE, 0x0F, 0xFE, 0x1F, 0x07,
    0xCE, 0x00, 0xE6, 0x00, 0x33, 0x80, 0x39, 0xF0, 0x7C, 0x7F, 0xFC, 0x07, 0xF0, 0x00, 0x1F, 0xCF,
    0xF0, 0x7F, 0xFF, 0xF1, 0xC1, 0xE0, 0x77, 0x03, 0xC7, 0xFE, 0x03, 0x1F, 0xFF, 0xC6, 0x7B, 0xFF,
    0xCC, 0xE1, 0xE3, 0x99, 0x83, 0xC3, 0x33, 0x0F, 0xCE, 0x67, 0x1D, 0xFC, 0xC7, 0xF1, 0xF1, 0x87,
    0xC0, 0x00, 0x01, 0xFC, 0x00, 0x03, 0xFF, 0x00, 0x03, 0xC3, 0xC0, 0x01, 0xCC, 0x60, 0x01, 0xC6,
    0x3B, 0xF0, 0xE3, 0x1F, 0xFC, 0x71, 0x87, 0xCE, 0x30, 0xC3, 0xC3, 0x18, 0x61, 0xE1, 0x8C, 0x30,
    0xF9, 0xFF, 0xF8, 0x6C, 0xFF, 0xFC, 0x70, 0x01, 0xC6, 0x38, 0x00, 0xE3, 0x18, 0x00, 0x39, 0x9C,
    0x00, 0x1F, 0xDC, 0x00, 0x07, 0xC6, 0x00, 0x00, 0x01, 0xFE, 0x00, 0x01, 0xFF, 0x80, 0x01, 0xC1,
    0xE0, 0x01, 0xCC, 0x70, 0x00, 0xC6, 0x1B, 0xF0, 0xE3, 0x0F, 0xFC, 0x71, 0x8F, 0xCE, 0x30, 0xC7,
    0xC3, 0x18, 0x6F, 0x61, 0x8C, 0x37, 0xB9, 0xFF, 0xF8, 0xEC, 0xFF, 0xFC, 0x70, 0x01, 0xC6, 0x18,
    0x00, 0xE3, 0x0C, 0x00, 0x39, 0x8E, 0x00, 0x1F, 0xFF, 0x00, 0x07, 0xDF, 0x00, 0x1F, 0xC0, 0x00,
    0x03, 0xF8, 0x3F, 0xF0, 0x00, 0x0F, 0xFC, 0x78, 0x70, 0x00, 0x1E, 0x1E, 0xE0, 0x38, 0x00, 0x1C,
    0xCE, 0xE0, 0x18, 0x78, 0x38, 0xC7, 0xFE, 0x18, 0xFC, 0x38, 0xC7, 0xFF, 0x19, 0xCE, 0x30, 0xC7,
    0xC7, 0x19, 0x86, 0x30, 0xC3, 0xC3, 0x39, 0x86, 0x30, 0xC3, 0xE7, 0x39, 0x86, 0x30, 0xC3, 0x7F,
    0x71, 0xCF, 0xFF, 0xC7, 0x3E, 0x60, 0xCF, 0xFF, 0xC7, 0x00, 0x00, 0x00, 0x38, 0xC6, 0x00, 0x00,
    0x00, 0x38, 0xCE, 0x00, 0x00, 0x00, 0x1D, 0xCE, 0x00, 0x00, 0x00, 0x0F, 0xDC, 0x00, 0x00, 0x00,
    0x07, 0x08, 0x0F, 0xF8, 0xFF, 0xF7, 0x81, 0xDC, 0x03, 0xE0, 0x1F, 0xF9, 0xEF, 0xF7, 0xB9, 0xC7,
    0xC3, 0x0F, 0x9C, 0x37, 0xFF, 0xCF, 0xBE, 0x0F, 0xF8, 0x7E, 0x1F, 0xFE, 0x7F, 0x9E, 0x07, 0x38,
    0xEE, 0x01, 0xB8, 0x7E, 0x01, 0xC0, 0x3F, 0xF3, 0xC0, 0x0F, 0xFD, 0xE0, 0x07, 0xCE, 0x38, 0x07,
    0xC3, 0x0D, 0xC3, 0xF3, 0x86, 0xE1, 0xDF, 0xFF, 0x3F, 0xC7, 0xDF, 0x0F, 0xC0, 0x0F, 0xF8, 0x7D,
    0xF0, 0xFF, 0xF3, 0xFF, 0xE7, 0x81, 0xDC, 0x79, 0xDC, 0x03, 0x60, 0xC7, 0xE0, 0x1D, 0x83, 0x0F,
    0xF9, 0xE7, 0x0C, 0x3F, 0xF7, 0x98, 0x30, 0xF9, 0xC7, 0x00, 0x07, 0xC3, 0x0C, 0x00, 0x1F, 0x9C,
    0x30, 0x20, 0xE7, 0xFF, 0xC1, 0xFF, 0x8F, 0xBE, 0x03, 0xF8, 0x01, 0xF8, 0x00, 0x3F, 0xC0, 0x07,
    0x0E, 0x00, 0x70, 0xE0, 0x06, 0x06, 0x07, 0xFF, 0xFE, 0xFF, 0xFF, 0xFE, 0x60, 0x67, 0xC7, 0x0E,
    0x3C, 0x70, 0xE3, 0xFF, 0xFD, 0xF7, 0xFF, 0xBE, 0x1F, 0xC0, 0x67, 0xFE, 0x0D, 0xE1, 0xC1, 0xF0,
    0x1C, 0x3E, 0x01, 0x87, 0xFC, 0x30, 0xFF, 0xC6, 0x1E, 0x38, 0xC3, 0xC3, 0x38, 0x7C, 0xE6, 0x0D,
    0xFD, 0xFF, 0x9F, 0x3F, 0xF0, 0x30, 0x3F, 0x1E, 0x1F, 0xE7, 0x0E, 0x3F, 0x83, 0x07, 0xC0, 0xC1,
    0xF0, 0x30, 0x3C, 0x0C, 0x0F, 0x03, 0x07, 0xE1, 0xC1, 0xF8, 0x70, 0xE7, 0xF8, 0x70, 0xFC, 0x0C,
    0x7E, 0x0F, 0xC0, 0xFF, 0xC7, 0xF8, 0x3E, 0x73, 0x87, 0x0F, 0x0C, 0xE0, 0xC3, 0xC3, 0x30, 0x30,
    0xF9, 0xCC, 0x0C, 0x3E, 0x7F, 0xFF, 0x0D, 0x9F, 0xFF, 0xC3, 0x00, 0x30, 0x00, 0xC0, 0x0C, 0x00,
    0x30, 0x03, 0xFF, 0xFC, 0x00, 0xFF, 0xFF, 0x1F, 0xC7, 0xE3, 0xFF, 0xFF, 0x70, 0x7C, 0x7E, 0x07,
    0x83, 0xE0, 0x30, 0x7F, 0xE3, 0x1E, 0xFF, 0x33, 0xEE, 0x73, 0x07, 0xC3, 0x30, 0x3E, 0x73, 0x03,
    0x7F, 0x33, 0xF3, 0xE3, 0x3E, 0x00, 0x00, 0xC0, 0x00, 0x30, 0x00, 0x0C, 0x00, 0x03, 0x07, 0x80,
    0xC3, 0xF0, 0x31, 0xCE, 0x0C, 0x63, 0x83, 0x18, 0x60, 0xC4, 0x38, 0x3F, 0xFF, 0xFF, 0xFF, 0xFF,
    0x00, 0x00, 0xFF, 0x00, 0x00, 0x3F, 0xF0, 0x00, 0x0E, 0x07, 0x00, 0x03, 0x87, 0xF0, 0xFC, 0x71,
    0xFE, 0x3F, 0xCC, 0x7B, 0xC7, 0x39, 0x8E, 0x18, 0xC3, 0x39, 0x83, 0x18, 0x67, 0x30, 0x60, 0x1C,
    0x77, 0x1F, 0xFF, 0xFE, 0x7F, 0x7F, 0xFF, 0xC7, 0xC0, 0x3F, 0x9F, 0x9F, 0xFF, 0xFF, 0xEF, 0x1F,
    0xBB, 0x83, 0xC6, 0x60, 0xFF, 0x98, 0x77, 0xC6, 0x7D, 0xFF, 0xFE, 0xFF, 0xFF, 0xF0, 0x7E, 0x3F,
    0xFD, 0xFD, 0xF8, 0x3E, 0x1F, 0xFF, 0x81, 0x86, 0x3F, 0xFF, 0xE0, 0xC7, 0x9C, 0x7C, 0x78, 0x61,
    0xDC, 0x77, 0x1C, 0x30, 0x7C, 0x71, 0xCE, 0x18, 0x3E, 0x38, 0xE3, 0x0C, 0x0F, 0x18, 0x31, 0x86,
    0x07, 0x8C, 0x18, 0xC3, 0x07, 0xE7, 0x0C, 0x61, 0xC3, 0xF3, 0x8E, 0x39, 0xE3, 0x9C, 0xFE, 0x1F,
    0xFF, 0xC6, 0x3E, 0x07, 0xCF, 0xC0, 0x1F, 0xCF, 0xFF, 0xC1, 0xFF, 0xFF, 0xFF, 0x1C, 0x1E, 0x3F,
    0x1D, 0xC0, 0xF3, 0xB8, 0x7E, 0x03, 0x38, 0xE3, 0xFF, 0x19, 0xC3, 0x0F, 0xFC, 0xCC, 0x18, 0x78,
    0xE6, 0x60, 0xC7, 0xC3, 0x33, 0x86, 0x3F, 0x39, 0x9C, 0x73, 0x9F, 0xCC, 0x7F, 0x3C, 0x7C, 0x61,
    0xF1, 0xC0, 0x3F, 0xC7, 0xFE, 0x70, 0x66, 0x00, 0x78, 0x07, 0xFC, 0x1F, 0xE0, 0x0E, 0x00, 0x66,
    0x0E, 0x7F, 0xE3, 0xFC, 0x1F, 0x87, 0xFE, 0x70, 0xEE, 0x07, 0xC0, 0x3C, 0x03, 0xC0, 0x3C, 0x03,
    0xE0, 0x77, 0x0E, 0x7F, 0xE1, 0xF8, 0x3F, 0x03, 0x0C, 0x7F, 0x83, 0x1E, 0xE1, 0xC3, 0x0E, 0xE1,
    0xC3, 0x07, 0xC0, 0xC3, 0x07, 0xC0, 0xC3, 0x03, 0xC0, 0xC3, 0x03, 0xC0, 0xC3, 0x07, 0xE0, 0xC3,
    0x87, 0x70, 0xE7, 0x8E, 0x78, 0xFF, 0xFE, 0x30, 0x7C, 0xFC, 0x3F, 0x03, 0x1F, 0x1F, 0xE0, 0xCF,
    0xEE, 0x1C, 0x33, 0x9F, 0x87, 0x0C, 0xC3, 0xC0, 0xC3, 0x38, 0xF0, 0x30, 0xCF, 0xFC, 0x0C, 0x31,
    0xFF, 0x03, 0x0C, 0x07, 0xE0, 0xC3, 0x81, 0xDC, 0x39, 0xE0, 0xE7, 0x8F, 0xFF, 0xF0, 0xC1, 0xF3,
    0xF8, 0x1F, 0xCF, 0x9F, 0x87, 0xFF, 0xFF, 0xF9, 0xC1, 0xE3, 0xC7, 0x70, 0x38, 0x38, 0x7E, 0x03,
    0x06, 0x0F, 0xFC, 0x60, 0xC0, 0xFF, 0xCC, 0x18, 0x1E, 0x39, 0x83, 0x07, 0xC3, 0x30, 0x60, 0xFC,
    0xE6, 0x0C, 0x39, 0xFC, 0xC1, 0x8F, 0x1F, 0x18, 0x30, 0xC0, 0x1F, 0xFF, 0x87, 0xFF, 0xFC, 0x71,
    0xF0, 0xEE, 0x3B, 0x87, 0xC7, 0x1C, 0x7C, 0x71, 0xC3, 0xC6, 0x0C, 0x3C, 0x60, 0xC7, 0xE7, 0x0C,
    0x7E, 0x71, 0xCE, 0x73, 0xF9, 0xE3, 0x1F, 0x0C, 0xC1, 0xFC, 0xC3, 0xFE, 0xC7, 0x0F, 0xC7, 0x07,
    0xC6, 0x07, 0xC6, 0x03, 0xC6, 0x03, 0xC6, 0x03, 0xC6, 0x03, 0xC6, 0x03, 0xFF, 0xFF, 0xFF, 0xFF,
    0x1F, 0xC7, 0xFD, 0xC3, 0xF0, 0x3E, 0x0F, 0x8F, 0xF1, 0xF6, 0x07, 0xC0, 0x78, 0x0F, 0x9F, 0xF3,
    0xE0, 0x00, 0x00, 0x0C, 0x30, 0xC7, 0x8C, 0x79, 0xC3, 0x0E, 0xE0, 0xC1, 0xF0, 0x30, 0x7C, 0x0C,
    0x0F, 0x03, 0x03, 0xC0, 0xC1, 0xF8, 0x70, 0x7E, 0x1E, 0x39, 0xFF, 0xFE, 0x3F, 0x3F, 0x00, 0x3F,
    0x3F, 0x1F, 0xFF, 0xEF, 0x1E, 0x3B, 0x87, 0x07, 0xC0, 0xC1, 0xF0, 0x30, 0x3C, 0x0C, 0x0F, 0x03,
    0x07, 0xE0, 0xC1, 0xFC, 0x30, 0xE7, 0x8C, 0x78, 0xC3, 0x1C, 0x00, 0x00, 0x00, 0x1F, 0xCF, 0xC3,
    0xFF, 0xFE, 0x70, 0x78, 0xEE, 0x07, 0x07, 0xE0, 0x30, 0x7F, 0xE3, 0x03, 0xFF, 0x30, 0x3C, 0x73,
    0x07, 0xC3, 0x30, 0x7E, 0x73, 0x0E, 0x7F, 0x31, 0xE3, 0xE3, 0x0C, 0x00, 0x01, 0x80, 0x00, 0xC0,
    0x00, 0x60, 0x00, 0x30, 0x00, 0x1B, 0xF0, 0x0F, 0xFC, 0x07, 0xCE, 0x03, 0xC3, 0x01, 0xE1, 0x80,
    0xF9, 0xFF, 0xEC, 0xFF, 0xF0, 0x00, 0x00, 0x00, 0x07, 0xF0, 0x00, 0x3F, 0xE0, 0x01, 0xC3, 0xC0,
    0x07, 0x07, 0x00, 0x18, 0x1D, 0xF8, 0x60, 0x3F, 0xF1, 0x80, 0xF9, 0xC6, 0x03, 0xC3, 0x18, 0x0F,
    0x0C, 0x60, 0x3E, 0x7F, 0xFF, 0xD9, 0xFF, 0xFF, 0x00, 0x00, 0x00, 0x1F, 0xCF, 0xC1, 0x9F, 0xFF,
    0xF0, 0xDC, 0x1E, 0x38, 0x7C, 0x0E, 0x0E, 0x3E, 0x03, 0x07, 0x1F, 0xF1, 0x81, 0x8F, 0xFC, 0xC0,
    0xC7, 0x8E, 0x60, 0xE3, 0xC3, 0x30, 0x71, 0xF3, 0x98, 0x70, 0xDF, 0xCC, 0x7F, 0xE7, 0xC6, 0x1F,
    0xF0, 0x1F, 0xE3, 0xFF, 0x70, 0x7E, 0x07, 0xE7, 0xFC, 0xFE, 0xCE, 0x0C, 0xFE, 0xC7, 0xFC, 0x03,
    0xEF, 0xFE, 0xFE, 0x1F, 0xC3, 0xFF, 0xBC, 0xFD, 0xC3, 0x7C, 0x3B, 0xE1, 0xCF, 0x0C, 0x78, 0xE3,
    0xCE, 0x1E, 0xE0, 0xFF, 0xFF, 0xFF, 0xF0, 0x3F, 0xF8, 0x67, 0xFF, 0xC6, 0xE3, 0x8E, 0x7C, 0x30,
    0xE7, 0xC3, 0x06, 0x3C, 0x30, 0x63, 0xC3, 0x0E, 0x7E, 0x38, 0xE7, 0xF1, 0x9C, 0x77, 0x9F, 0xCE,
    0x3F, 0xFF, 0xC0, 0xFF, 0xF8, 0x1F, 0xE1, 0xFF, 0xC7, 0x07, 0xB8, 0x7F, 0xC3, 0xFF, 0x1E, 0xFC,
    0x70, 0xF1, 0x83, 0xE6, 0x1F, 0xDC, 0x77, 0x3F, 0x8C, 0x7C, 0x1F, 0xC7, 0xFE, 0x70, 0xEE, 0x07,
    0xC0, 0x3C, 0x03, 0xC0, 0x3C, 0x03, 0xE0, 0x7E, 0x06, 0x70, 0xE3, 0x0C, 0x3F, 0x06, 0xFF, 0x0F,
    0x87, 0x1E, 0x06, 0x3C, 0x0C, 0x78, 0x18, 0xFF, 0xF1, 0xFF, 0xE3, 0xC0, 0x07, 0x80, 0x0F, 0xFF,
    0xFF, 0xFF, 0xF0, 0x1F, 0xF1, 0xFF, 0xE7, 0x03, 0xBF, 0x06, 0xFE, 0x3B, 0xBB, 0xEC, 0x6F, 0xBB,
    0x8F, 0x7E, 0x0C, 0xE0, 0x73, 0xFF, 0xFF, 0xFE, 0xE0, 0x03, 0x00, 0x0F, 0xFF, 0x9F, 0xFE, 0xE3,
    0xEE, 0x7F, 0xC6, 0x3C, 0x63, 0xC6, 0x3E, 0x77, 0x7F, 0xE3, 0xFC, 0x0F, 0x00, 0x30, 0x3F, 0x03,
    0xE0, 0x1F, 0xC0, 0xDF, 0xF8, 0x37, 0x0E, 0x0F, 0x81, 0xC3, 0xC0, 0x30, 0xF0, 0x0C, 0x3C, 0x03,
    0x0F, 0x00, 0xC3, 0xE0, 0x70, 0xF8, 0x18, 0x37, 0x0F, 0xFC, 0xC3, 0xFF, 0x00, 0x00, 0x00, 0x30,
    0x3F, 0x87, 0x87, 0xFC, 0x70, 0xE0, 0xEE, 0x0E, 0x7F, 0xC0, 0xCF, 0xFC, 0x0D, 0xEF, 0xC0, 0xDC,
    0x3C, 0x0D, 0x83, 0xE1, 0xD8, 0x3E, 0x1D, 0xC7, 0x7F, 0x8F, 0xE3, 0xF0, 0x7C, 0x00, 0x7C, 0x1C,
    0x03, 0xF8, 0x70, 0x0C, 0xE3, 0xC0, 0x31, 0x9F, 0x00, 0xE6, 0xFD, 0xF9, 0xFF, 0xBF, 0xF3, 0xF8,
    0xF9, 0xC1, 0x83, 0xC3, 0x06, 0x0F, 0x0C, 0x18, 0x3E, 0x7F, 0xFF, 0xD9, 0xFF, 0xFF, 0x00, 0x00,
    0x00, 0x3F, 0x3E, 0x0C, 0x7F, 0xFF, 0x1E, 0xF1, 0xE7, 0x0E, 0xE1, 0xC3, 0x07, 0xC0, 0xC3, 0x07,
    0xC0, 0xC3, 0x03, 0xC0, 0xC3, 0x03, 0xC0, 0xC3, 0x07, 0xE0, 0xC3, 0x87, 0x70, 0xC3, 0x8F, 0x78,
    0xC1, 0xFE, 0x30, 0xC0, 0xFC, 0x00, 0x03, 0xF0, 0x00, 0x1F, 0xF8, 0x00, 0x38, 0x70, 0x00, 0xE0,
    0x70, 0x01, 0xC0, 0x6F, 0xC3, 0x00, 0xFF, 0xC6, 0x01, 0xF3, 0x8C, 0x03, 0xC3, 0x1C, 0x0F, 0x86,
    0x18, 0x1F, 0x9F, 0xF8, 0x73, 0x3F, 0xF0, 0xC0, 0x00, 0x00, 0x00, 0x0C, 0x00, 0x0C, 0x00, 0x1C,
    0x00, 0x18, 0x00, 0x38, 0x00, 0x38, 0x00, 0x30, 0x00, 0x70, 0x00, 0x70, 0x00, 0x60, 0x00, 0xFF,
    0xFF, 0xFF, 0xFF, 0x00, 0xC0, 0x00, 0xC0, 0x00, 0xC0, 0x00, 0xC0, 0xFF, 0xF0, 0x73, 0xFF, 0xF3,
    0xFD, 0xE0, 0x00, 0xF0, 0x07, 0xE0, 0x3B, 0xC0, 0xC7, 0x03, 0x00, 0x0C, 0x00, 0x30, 0x00, 0xC0,
    0x03, 0x00, 0x0C, 0x00, 0x30, 0x00, 0xC0, 0x03, 0x00, 0x0C, 0x00, 0x30, 0x00, 0xC0, 0x03, 0x00,
    0x0C, 0x04, 0x30, 0x39, 0xC0, 0x7E, 0x01, 0xF8, 0x00, 0x3F, 0x1F, 0xE7, 0x1F, 0x87, 0x01, 0xC0,
    0x30, 0x0C, 0x07, 0xE1, 0xDC, 0x77, 0xF8, 0xFC, 0x3C, 0x7E, 0xEF, 0xC7, 0xC3, 0x03, 0x03, 0x03,
    0x03, 0x03, 0x03, 0x03, 0x03, 0x03, 0x03, 0x03, 0x03, 0x03, 0x3C, 0x7F, 0xBB, 0xF9, 0xFF, 0xDB,
    0xEC, 0x06, 0x03, 0x01, 0x80, 0xC0, 0x60, 0x30, 0x18, 0x0C, 0x06, 0x03, 0x01, 0x80, 0xC0, 0x78,
    0x7C, 0x0C, 0x0C, 0x0C, 0x0C, 0x1C, 0x1C, 0x1C, 0x3C, 0xFE, 0xE7, 0xC3, 0xC7, 0xE7, 0x7E, 0x3C,
    0x78, 0x7C, 0x0C, 0x0C, 0x0C, 0x0C, 0x1C, 0x1C, 0x18, 0x3C, 0xFE, 0xE7, 0xFF, 0xFF, 0xE7, 0x7E,
    0x3C, 0x07, 0x0E, 0x0E, 0x0C, 0x0C, 0x0C, 0x0C, 0x0E, 0x0E, 0x06, 0x07, 0x07, 0x7F, 0xFF, 0xC3,
    0xC7, 0xFF, 0x7E, 0x01, 0xC0, 0x38, 0x0E, 0x01, 0xC0, 0x30, 0x06, 0x00, 0xE0, 0x1C, 0x01, 0x80,
    0x38, 0x03, 0x00, 0x7F, 0xFF, 0xFE, 0xF6, 0xDF, 0x07, 0xFF, 0xCF, 0xF0, 0x1F, 0xC1, 0xFF, 0x9E,
    0x1D, 0xC0, 0x7E, 0x01, 0xFF, 0x0F, 0xFC, 0x78, 0xE3, 0xC3, 0x3F, 0x39, 0xDF, 0xDC, 0x7C, 0xC0,
    0x1F, 0xC7, 0xFD, 0xD9, 0xF3, 0xFC, 0x7F, 0x87, 0xB0, 0xF7, 0x3F, 0xE7, 0xEE, 0xCC, 0xFF, 0x8F,
    0xE0, 0x1F, 0xC0, 0x3F, 0x83, 0xFF, 0x07, 0xFE, 0x78, 0x70, 0xF0, 0xEE, 0x03, 0x9C, 0x07, 0xE0,
    0x19, 0xC0, 0x3F, 0xE1, 0x9F, 0xC3, 0xFF, 0x19, 0xFE, 0x3C, 0x71, 0x98, 0xE3, 0xC3, 0x39, 0x86,
    0x7E, 0x73, 0x9C, 0xE6, 0x7F, 0x70, 0xFE, 0xE3, 0xE6, 0x07, 0xCC, 0x1F, 0xC0, 0x07, 0xC3, 0xFF,
    0x00, 0xFE, 0x78, 0x70, 0x1C, 0x7E, 0x03, 0x81, 0x87, 0xE0, 0x19, 0xC0, 0x3F, 0xE1, 0x9C, 0x03,
    0xFF, 0x19, 0xC0, 0x3C, 0x71, 0x80, 0x03, 0xC3, 0x38, 0x18, 0x7E, 0x73, 0x81, 0xC7, 0x7F, 0x70,
    0x0F, 0xE3, 0xE6, 0x00, 0x7C, 0x1F, 0xC0, 0x3E, 0x1F, 0xF0, 0x3F, 0x9D, 0x98, 0x38, 0xFC, 0xCC,
    0x18, 0x7C, 0x7E, 0xE0, 0x1E, 0x1E, 0x70, 0x0F, 0x0F, 0x38, 0x07, 0xCF, 0xC0, 0x03, 0xE7, 0xE0,
    0xC3, 0xBB, 0x30, 0x71, 0xCF, 0xF8, 0x1F, 0xC3, 0xF8, 0x07, 0xC0, 0x1F, 0xC0, 0x0F, 0xDF, 0x0F,
    0xFC, 0x07, 0xFF, 0xE7, 0x87, 0x01, 0xCF, 0x1F, 0x80, 0xE0, 0x61, 0x87, 0xE0, 0x19, 0xD8, 0x60,
    0xFF, 0x86, 0x76, 0x18, 0x3F, 0xF1, 0x9D, 0x86, 0x0F, 0x1C, 0x60, 0x00, 0x07, 0xC3, 0x38, 0x00,
    0x01, 0xF9, 0xCE, 0x00, 0x60, 0xE7, 0xF7, 0x00, 0x1F, 0xF8, 0xF9, 0x80, 0x03, 0xF8, 0xC3, 0xC3,
    0xC7, 0xFF, 0x7E, 0xFF, 0x01, 0xFC, 0xFC, 0x63, 0xFF, 0xFE, 0xE7, 0x07, 0x8E, 0xEE, 0x03, 0x87,
    0xCE, 0x03, 0x03, 0xCF, 0xE3, 0x03, 0xCF, 0xF3, 0x03, 0xCE, 0x73, 0x03, 0xCE, 0x33, 0x03, 0xEE,
    0x33, 0x07, 0xE7, 0xF3, 0x07, 0x63, 0xE3, 0x07, 0x70, 0x00, 0x0E, 0x3C, 0x00, 0x3C, 0x1F, 0xC3,
    0xF8, 0x07, 0xFF, 0xF0, 0x00, 0xFF, 0x00, 0xF0, 0x0F, 0xC0, 0x1C, 0x00, 0xC0, 0x0C, 0x01, 0xF0,
    0x7F, 0x87, 0xD8, 0xED, 0x8C, 0xF8, 0xC7, 0x8C, 0x78, 0xC7, 0x8C, 0xFC, 0xDC, 0xEF, 0xFF, 0xFF,
    0xF0, 0x00, 0x01, 0xF0, 0x00, 0x3F, 0x00, 0x03, 0x00, 0x00, 0x30, 0x00, 0x03, 0x83, 0xFF, 0x9C,
    0x7F, 0xFD, 0xEE, 0x38, 0xEE, 0xC3, 0x0E, 0x7C, 0x30, 0x67, 0xC3, 0x06, 0x3C, 0x30, 0xE3, 0xE3,
    0x8E, 0x7F, 0x19, 0xC7, 0x79, 0xFC, 0xE3, 0xFF, 0xFE, 0x0F, 0xFF, 0x80, 0x3E, 0x00, 0xFC, 0x00,
    0x70, 0x00, 0xC0, 0x07, 0x03, 0x9F, 0xEE, 0xFF, 0xF3, 0xE7, 0xDF, 0x0F, 0x6E, 0x7F, 0xB9, 0xDF,
    0x7E, 0x3F, 0xF0, 0xFF, 0x03, 0x8C, 0x0F, 0xF0, 0x1F, 0x80, 0x7D, 0xF3, 0xFF, 0xEE, 0x79, 0xF0,
    0xC3, 0xC3, 0x0F, 0x0C, 0x3C, 0x30, 0xC0, 0x03, 0x00, 0x1C, 0x30, 0xE0, 0xFF, 0x83, 0xFC, 0x03,
    0xFF, 0x80, 0x03, 0xFF, 0xF0, 0x00, 0x00, 0xF8, 0x00, 0x00, 0x3C, 0x00, 0x00, 0x1E, 0x00, 0x00,
    0x0E, 0x31, 0x83, 0x06, 0x71, 0x83, 0x07, 0xE1, 0x83, 0x07, 0xE1, 0x83, 0x03, 0xC1, 0x83, 0x03,
    0xC1, 0x83, 0x03, 0xC1, 0x83, 0x03, 0xC1, 0x83, 0x07, 0xE1, 0xC3, 0x87, 0xE3, 0xC7, 0x8E, 0x7F,
    0xFF, 0xFE, 0x3E, 0x7C, 0xFC, 0x1F, 0xE0, 0xF9, 0xFF, 0xC7, 0xF7, 0x07, 0x9C, 0xF8, 0x07, 0x63,
    0xC0, 0x1D, 0xDF, 0x07, 0xFF, 0xFC, 0x7F, 0xFF, 0x31, 0xC3, 0x00, 0xE6, 0x1C, 0x03, 0xDC, 0x70,
    0x07, 0x7F, 0x80, 0x0C, 0xFC, 0x00, 0x3F, 0x3F, 0xC7, 0xFF, 0xFE, 0xF1, 0xE3, 0xFE, 0x1E, 0x37,
    0xC0, 0xC3, 0x3C, 0x0C, 0x73, 0xC0, 0xC7, 0x3C, 0x00, 0xE3, 0xE0, 0x1C, 0x3F, 0x03, 0xC3, 0x78,
    0x3F, 0xF3, 0x07, 0xFF, 0x00, 0x00, 0x00, 0x00, 0x00, 0x3F, 0xE1, 0xCF, 0xFC, 0x7B, 0x0E, 0x0E,
    0xC7, 0x01, 0xF1, 0xC0, 0x7C, 0x60, 0x0F, 0x18, 0x03, 0xC7, 0x01, 0xF1, 0xC0, 0x7C, 0x38, 0x3B,
    0x0F, 0xFC, 0xC0, 0xFE, 0x00, 0x3F, 0x01, 0xF8, 0x31, 0xFE, 0x0F, 0xF1, 0xEE, 0x1C, 0x39, 0xC3,
    0xB8, 0x70, 0xC3, 0x07, 0xC0, 0xC3, 0x0C, 0x0F, 0x03, 0x0C, 0x30, 0x3C, 0x0C, 0x30, 0xC0, 0xF0,
    0x30, 0xC3, 0x03, 0xE0, 0xC7, 0x0E, 0x1D, 0xC3, 0x9C, 0x38, 0x77, 0x8F, 0xE0, 0x7F, 0x8C, 0x1F,
    0x80, 0xFC, 0x03, 0x03, 0xF0, 0x1F, 0x83, 0x00, 0xC1, 0xFE, 0x0F, 0xF1, 0xE0, 0x30, 0x73, 0x83,
    0x9C, 0x38, 0x0C, 0x18, 0x60, 0xC3, 0x07, 0x03, 0x06, 0x18, 0x30, 0xC1, 0xC0, 0xC1, 0x86, 0x0C,
    0x30, 0x30, 0x30, 0x61, 0x83, 0x0C, 0x0C, 0x0C, 0x18, 0x60, 0xC3, 0x07, 0x07, 0x0E, 0x1C, 0x70,
    0xE1, 0xC1, 0xE3, 0x87, 0x1C, 0x38, 0xF7, 0xFF, 0xC0, 0xFE, 0x07, 0xF9, 0xF3, 0xE0, 0x3F, 0x80,
    0xFC, 0x1F, 0xE1, 0xFC, 0xCF, 0xFE, 0x3F, 0x9D, 0xC1, 0xE7, 0x61, 0xF0, 0x0E, 0x6C, 0x3C, 0x01,
    0xDD, 0x87, 0x83, 0xFF, 0xB9, 0xF1, 0xFF, 0xC3, 0xF6, 0x38, 0x60, 0x3C, 0xE6, 0x1C, 0x00, 0x1E,
    0xE3, 0x80, 0x01, 0xDF, 0xE0, 0x00, 0x19, 0xF8, 0x00, 0x00, 0x00, 0x7F, 0x80, 0x00, 0x1F, 0xF8,
    0x00, 0x07, 0x03, 0x80, 0x39, 0xC1, 0xF9, 0xCF, 0xF8, 0x7F, 0x7F, 0xFE, 0x1C, 0xEF, 0xF3, 0xC3,
    0x0D, 0x9F, 0xFC, 0x61, 0xBF, 0x7B, 0x8C, 0x33, 0xC0, 0x39, 0xCE, 0x00, 0x07, 0xBF, 0x80, 0x00,
    0x73, 0xE0, 0x00, 0x7E, 0x3F, 0x7F, 0xBF, 0xB9, 0xD8, 0xF8, 0x6C, 0x3E, 0x77, 0x3F, 0xF3, 0xFF,
    0xF0, 0x7E, 0xE0, 0x0E, 0x7F, 0xFF, 0x1F, 0xFF, 0x1F, 0xDF, 0xCD, 0xFF, 0x66, 0xFF, 0xB3, 0xE4,
    0xF9, 0xFF, 0xFC, 0x3F, 0xF8, 0x1F, 0xCF, 0xE0, 0x0F, 0xFF, 0xFC, 0x07, 0x07, 0x83, 0x83, 0x81,
    0xE0, 0x70, 0xE0, 0x30, 0xFE, 0x3F, 0x8C, 0x7F, 0xEF, 0xF3, 0x38, 0xFB, 0x1C, 0xCC, 0x37, 0xC3,
    0x33, 0x0C, 0xF9, 0xCC, 0xE7, 0x37, 0xF3, 0x3F, 0xCC, 0xF8, 0xC7, 0xE3, 0x00, 0x00, 0x01, 0xC0,
    0x00, 0x00, 0xE0, 0x00, 0x0F, 0xF8, 0x00, 0x03, 0xF8, 0x1E, 0x78, 0x7F, 0xFE, 0xFB, 0xDF, 0xFF,
    0xBF, 0xFD, 0xBF, 0xCD, 0xB3, 0xFD, 0xBF, 0x79, 0x9E, 0x1E, 0x3C, 0x0F, 0xFF, 0xC3, 0xEF, 0x7C,
    0x7F, 0xDF, 0xEF, 0xDB, 0xFF, 0x9B, 0x6F, 0xFF, 0x6F, 0xDB, 0xCD, 0xF7, 0x00, 0x00, 0x60, 0x3F,
    0x1F, 0xEE, 0x1F, 0x07, 0xC0, 0xF0, 0x3E, 0x0F, 0x87, 0x7F, 0x8F, 0xC0, 0x00, 0x7E, 0x00, 0x7F,
    0x80, 0x70, 0xE0, 0x38, 0x70, 0x18, 0x18, 0x0C, 0x0C, 0x06, 0x06, 0x03, 0x03, 0x01, 0x81, 0x80,
    0xC0, 0xCF, 0xFF, 0xFF, 0xFF, 0xFE, 0x00, 0x06, 0x00, 0x03, 0xFC, 0x00, 0xFE, 0x00, 0x1F, 0xC0,
    0x3F, 0xF0, 0x1C, 0x38, 0x1C, 0x0E, 0x0C, 0x03, 0x06, 0x01, 0x83, 0x00, 0xC1, 0x80, 0x60, 0xE0,
    0x70, 0x70, 0x30, 0x1C, 0x3F, 0xE6, 0x1F, 0xF0, 0x00, 0x00, 0x3F, 0x3F, 0x01, 0xFF, 0xFE, 0x0F,
    0x1E, 0x38, 0x38, 0x70, 0x70, 0xC0, 0xC1, 0xC3, 0x03, 0x03, 0x0C, 0x0C, 0x0C, 0x30, 0x30, 0x70,
    0xE0, 0xC1, 0xC3, 0xC3, 0x0E, 0x07, 0x8C, 0x3F, 0xCC, 0x30, 0xFF, 0x00, 0x00, 0x00, 0x00, 0x02,
    0x00, 0x07, 0x00, 0x03, 0x00, 0x07, 0x1F, 0xCF, 0x7F, 0xFE, 0x70, 0xF8, 0xE1, 0xF8, 0xC3, 0xDC,
    0xC7, 0x1C, 0xC7, 0x0C, 0xC6, 0x0C, 0xE6, 0x1C, 0x77, 0x1C, 0x7B, 0xF8, 0x33, 0xF0, 0x01, 0xF0,
    0x03, 0xFF, 0x01, 0xF1, 0xF0, 0xE0, 0x1E, 0x73, 0xFB, 0x99, 0xFF, 0x7E, 0x71, 0xDF, 0xB8, 0x33,
    0xCE, 0x1C, 0xF3, 0x3E, 0x3C, 0xCF, 0x0F, 0x38, 0xE3, 0xCE, 0x1D, 0xF9, 0x83, 0x7E, 0x70, 0xD9,
    0xC8, 0x72, 0x38, 0x3C, 0x07, 0xFE, 0x00, 0xFF, 0x00, 0x3E, 0x7C, 0xFC, 0x7F, 0xFF, 0xFE, 0xE3,
    0xC7, 0x8E, 0xE1, 0xC3, 0x87, 0xC1, 0x83, 0x07, 0xC1, 0x83, 0x03, 0xC1, 0x83, 0x03, 0xC1, 0x83,
    0x03, 0xE1, 0x83, 0x03, 0xE1, 0x83, 0x07, 0x71, 0x83, 0x07, 0x31, 0x83, 0x07, 0x00, 0x00, 0x0E,
    0x00, 0x00, 0x1E, 0x00, 0x07, 0xFC, 0x00, 0x07, 0xF0, 0x1F, 0xE0, 0xFF, 0xC7, 0x83, 0xB8, 0x06,
    0xE0, 0x1F, 0xF8, 0x7F, 0xF0, 0xF1, 0xC3, 0xC3, 0x0F, 0x9C, 0x77, 0xF1, 0xCF, 0x87, 0x00, 0x38,
    0x01, 0xC1, 0xFF, 0x07, 0xF0, 0x1F, 0xC0, 0xDF, 0xF8, 0x37, 0x0E, 0x0F, 0x81, 0xC3, 0xC0, 0x30,
    0xF0, 0x0C, 0x3C, 0x03, 0x0F, 0x00, 0xC3, 0xE0, 0x70, 0xF8, 0x18, 0x37, 0x0F, 0xFC, 0xC3, 0xFF,
    0x00, 0x01, 0xC0, 0x00, 0xE0, 0x0F, 0xF0, 0x03, 0xF8, 0x00, 0x00, 0x04, 0x00, 0x00, 0x1C, 0x00,
    0x00, 0x18, 0x00, 0x00, 0x73, 0xF3, 0xF9, 0xEF, 0xFF, 0xFF, 0xBC, 0x78, 0x7C, 0x70, 0xF1, 0xF8,
    0xC0, 0xC7, 0x39, 0x81, 0x9C, 0x73, 0x03, 0x38, 0x66, 0x06, 0x60, 0xCE, 0x0C, 0xC3, 0x8E, 0x19,
    0xC7, 0x1E, 0x33, 0xFC, 0x18, 0x63, 0xF0, 0x00, 0x00, 0x00, 0x06, 0x0C, 0x30, 0x0C, 0x18, 0xF0,
    0x18, 0x30, 0xE0, 0x30, 0x60, 0xE0, 0x60, 0xC1, 0xC0, 0xC1, 0x81, 0x81, 0x83, 0x03, 0x03, 0x06,
    0x0E, 0x06, 0x0E, 0x1C, 0x0E, 0x3C, 0x70, 0x1F, 0xFF, 0xE0, 0x7F, 0x9F, 0x80, 0xE0, 0x00, 0x03,
    0x80, 0x00, 0x7F, 0x00, 0x00, 0xFC, 0x00, 0x00, 0x3F, 0x3E, 0x3F, 0xFF, 0xBC, 0x78, 0xFC, 0x38,
    0x7C, 0x0C, 0x1E, 0x06, 0x0F, 0x03, 0x07, 0x81, 0x83, 0xE0, 0xC1, 0xF8, 0x60, 0xDE, 0x30, 0xE6,
    0x18, 0x70, 0x00, 0x70, 0x00, 0x78, 0x07, 0xF8, 0x03, 0xF8, 0x3F, 0x3F, 0x83, 0xE7, 0xFF, 0xFC,
    0x7F, 0xF1, 0xE0, 0xE6, 0x3E, 0x1E, 0x07, 0x63, 0xC0, 0xC0, 0x76, 0x7C, 0x0C, 0x7F, 0xFF, 0xC0,
    0xDF, 0xFF, 0xCE, 0x0D, 0xC3, 0x00, 0xE0, 0xD8, 0x70, 0x07, 0x0D, 0xC7, 0x00, 0x78, 0xDF, 0xE0,
    0x03, 0x0C, 0xFC, 0x00, 0x1F, 0xFE, 0xFF, 0xFD, 0xC0, 0x07, 0x00, 0x0F, 0xE0, 0x1F, 0xE0, 0x31,
    0xC0, 0x61, 0x80, 0xE7, 0x00, 0xFE, 0x00, 0xF8, 0x00, 0x00, 0x60, 0x00, 0x18, 0x00, 0x06, 0x00,
    0x01, 0x80, 0x00, 0x60, 0x03, 0xFE, 0x03, 0xFF, 0xE1, 0xE1, 0xBC, 0x70, 0x63, 0xB8, 0x18, 0x7F,
    0xE6, 0x1F, 0xFD, 0x83, 0xC7, 0x60, 0xF0, 0xD8, 0x7E, 0x77, 0x1D, 0xFC, 0xFE, 0x3E, 0x1F, 0x00,
    0x00, 0x00, 0x01, 0x00, 0x00, 0x01, 0xC0, 0x00, 0x00, 0x60, 0x00, 0x00, 0x71, 0xFC, 0xFE, 0x79,
    0xFF, 0xFF, 0xF9, 0xC1, 0xE1, 0xF1, 0xC0, 0xF1, 0xF8, 0xE0, 0x31, 0xEE, 0x7F, 0x19, 0xC3, 0x3F,
    0xCC, 0xE1, 0x98, 0xE6, 0x60, 0xCC, 0x33, 0x30, 0x67, 0x39, 0x9C, 0x71, 0xFC, 0xC7, 0xF0, 0x7C,
    0x61, 0xF0, 0x00, 0x00, 0x7F, 0x00, 0x00, 0x3F, 0xF8, 0x00, 0x07, 0x1F, 0x00, 0x01, 0xC3, 0x70,
    0x00, 0x38, 0x66, 0xFC, 0x06, 0x1C, 0xFF, 0xC0, 0xC3, 0x9F, 0x38, 0x18, 0xE3, 0xC3, 0x03, 0x38,
    0x78, 0x60, 0x6E, 0x0F, 0x9F, 0xFF, 0xFF, 0xB3, 0xFF, 0xFF, 0xF0, 0x00, 0x00, 0x00, 0x00, 0x07,
    0xE7, 0xF0, 0x00, 0x01, 0xFF, 0xFF, 0x00, 0x00, 0x78, 0xF0, 0x71, 0x80, 0x0E, 0x1E, 0x07, 0x33,
    0xC1, 0x81, 0x80, 0xEE, 0xFC, 0x30, 0x33, 0xFF, 0xB9, 0xC6, 0x06, 0xFF, 0xE6, 0x18, 0xE0, 0x1C,
    0x30, 0xC3, 0x1C, 0x03, 0x0E, 0x18, 0x61, 0xC0, 0x71, 0xC3, 0x9F, 0xF8, 0x0F, 0xF0, 0x33, 0xFF,
    0x00, 0xFC, 0x00, 0x03, 0x03, 0xF0, 0x1F, 0x1F, 0xC0, 0x18, 0x3F, 0xC1, 0xFF, 0xFF, 0x80, 0xC1,
    0xCE, 0x0E, 0x7C, 0x7C, 0x06, 0x0C, 0x30, 0x61, 0xC3, 0x70, 0x30, 0x61, 0x83, 0x0E, 0x1B, 0x81,
    0x83, 0x0C, 0x18, 0x61, 0xCC, 0x0C, 0x18, 0x60, 0xC3, 0x0E, 0x60, 0x60, 0xC3, 0x06, 0x00, 0xE3,
    0x07, 0x0E, 0x1C, 0x70, 0x0E, 0x18, 0x3C, 0x70, 0xE3, 0x81, 0xE0, 0xDF, 0xFF, 0x03, 0xF8, 0x0F,
    0xFE, 0xF9, 0xF0, 0x1F, 0xC0, 0x7F, 0xF0, 0x3F, 0x3F, 0x80, 0xFF, 0xFF, 0x83, 0xC7, 0x83, 0x87,
    0x0F, 0x03, 0x8C, 0x0C, 0x07, 0x18, 0x18, 0xFF, 0xF0, 0x37, 0xFF, 0xF0, 0x6E, 0x18, 0xE0, 0xD8,
    0x70, 0xE1, 0xB8, 0xE1, 0xE3, 0x7F, 0x81, 0x86, 0x7E, 0x00, 0x00, 0x00, 0x01, 0xF0, 0x00, 0x00,
    0x07, 0xE0, 0x00, 0x00, 0x03, 0x80, 0x00, 0x00, 0x06, 0x00, 0x00, 0x00, 0x38, 0x7F, 0x3E, 0x7F,
    0xC3, 0xFF, 0xFF, 0xFF, 0x1C, 0x1E, 0x3E, 0x7E, 0xE0, 0x70, 0x71, 0xDB, 0x80, 0xC1, 0xCE, 0x7F,
    0xE3, 0x06, 0x38, 0xFF, 0xCC, 0x18, 0xC3, 0xC7, 0x30, 0x63, 0x0F, 0x0C, 0xC1, 0x8C, 0x3E, 0x73,
    0x06, 0x39, 0xDF, 0xCC, 0x18, 0xFF, 0x3E, 0x30, 0x61, 0xF8, 0x00, 0x07, 0xC0, 0x00, 0x1F, 0x00,
    0x00, 0x18, 0x00, 0x00, 0xC0, 0x00, 0x0E, 0x1F, 0x9F, 0xE1, 0xFF, 0xFF, 0x1E, 0x3C, 0x7C, 0xE1,
    0xE7, 0x76, 0x06, 0x71, 0xF0, 0x33, 0x8F, 0x81, 0x98, 0x3E, 0x0C, 0xC1, 0xF0, 0x67, 0x1D, 0xC3,
    0x38, 0xEF, 0x18, 0xFE, 0x30, 0xC3, 0xE0, 0x03, 0xE0, 0x07, 0xC0, 0x03, 0x00, 0x0C, 0x00, 0x70,
    0x7F, 0x87, 0xFE, 0x1C, 0x7C, 0xE3, 0xBB, 0x1C, 0x7C, 0x71, 0xF1, 0x83, 0xC6, 0x0F, 0x9C, 0x7F,
    0x71, 0xDC, 0xFE, 0x31, 0xF0, 0x00, 0x00, 0xF8, 0x00, 0x01, 0xF8, 0x00, 0x00, 0x70, 0x00, 0x00,
    0x60, 0x00, 0x01, 0xC3, 0xFF, 0xFF, 0x1F, 0xFF, 0xFE, 0x38, 0xFC, 0x7E, 0xE3, 0xB8, 0xED, 0x8E,
    0x3B, 0x9F, 0x1C, 0x37, 0x1E, 0x30, 0x6C, 0x3C, 0x60, 0xD8, 0x7C, 0xE1, 0xB0, 0xF9, 0xC7, 0x73,
    0xB9, 0xFC, 0xFF, 0x31, 0xF0, 0xFC, 0x00, 0x07, 0xC0, 0x00, 0x7E, 0x00, 0x00, 0xE0, 0x00, 0x06,
    0x00, 0x00, 0xE3, 0x03, 0xFC, 0x78, 0x7F, 0xC7, 0x0F, 0x7E, 0xE0, 0xE7, 0x6C, 0x0C, 0xE7, 0xC0,
    0xCE, 0x3C, 0x0C, 0xC3, 0xC0, 0xCC, 0x3E, 0x1C, 0xC3, 0xE1, 0xCE, 0x77, 0xF8, 0xFF, 0x3F, 0x07,
    0xE0, 0x00, 0x00, 0xF8, 0x00, 0x00, 0x7C, 0x00, 0x00, 0x0C, 0x00, 0x00, 0x0C, 0x00, 0x00, 0x0C,
    0x01, 0xF8, 0x1C, 0x03, 0xFC, 0x18, 0x07, 0x0E, 0x38, 0x07, 0x0E, 0x30, 0x06, 0x06, 0x70, 0x7F,
    0xFF, 0xFE, 0xFF, 0xFF, 0xFF, 0xE6, 0x06, 0xE7, 0xC7, 0x0E, 0xC3, 0xC7, 0x0E, 0xE7, 0xFF, 0xFC,
    0xFF, 0x7F, 0xF8, 0x7E, 0x00, 0x01, 0x06, 0x00, 0x03, 0x0C, 0x00, 0x06, 0x18, 0x00, 0x0E, 0x70,
    0x00, 0x1F, 0xC0, 0x00, 0x0F, 0x00, 0x7E, 0x00, 0x01, 0xFE, 0x00, 0x07, 0x0E, 0x00, 0x0E, 0x1C,
    0x00, 0x18, 0x18, 0x03, 0xFF, 0xFF, 0x0F, 0xFF, 0xFF, 0x1C, 0xC0, 0xCE, 0x31, 0xC3, 0x8C, 0x63,
    0x87, 0x18, 0xFF, 0xFD, 0xF0, 0xFF, 0xF7, 0xC0, 0x00, 0x02, 0x0C, 0x00, 0x0C, 0x30, 0x00, 0x30,
    0xC0, 0x00, 0xE7, 0x00, 0x03, 0xF8, 0x00, 0x03, 0xC1, 0xFC, 0x06, 0x0F, 0xFC, 0x18, 0x78, 0x70,
    0x63, 0x80, 0xE1, 0x8E, 0x01, 0x86, 0x3F, 0x86, 0x18, 0xFF, 0x18, 0x63, 0x1C, 0x61, 0x8C, 0x33,
    0x86, 0x39, 0xCC, 0x18, 0x7F, 0x7F, 0xE0, 0xF9, 0xFF, 0x80, 0x00, 0x08, 0x30, 0x00, 0xC3, 0x00,
    0x0C, 0x30, 0x00, 0xE7, 0x00, 0x0F, 0xE0, 0x00, 0x3C, 0x30, 0x7E, 0x07, 0x8F, 0xF0, 0x70, 0xE3,
    0x8E, 0x0C, 0x38, 0xC0, 0xC1, 0x8C, 0x0C, 0x18, 0xC0, 0xC1, 0x8C, 0x0C, 0x18, 0xE1, 0xC3, 0x8E,
    0x1C, 0x30, 0x7F, 0x87, 0x03, 0xF0, 0x60, 0x00, 0x00, 0x04, 0x18, 0x00, 0x00, 0x30, 0xC0, 0x00,
    0x01, 0x86, 0x00, 0x00, 0x0E, 0x70, 0x00, 0x00, 0x7F, 0x00, 0x00, 0x00, 0xF1, 0xF8, 0x3F, 0x03,
    0x1F, 0xE3, 0xFC, 0x18, 0xE7, 0x38, 0x70, 0xC6, 0x19, 0xC1, 0x86, 0x30, 0xCC, 0x0C, 0x31, 0xCE,
    0x60, 0x61, 0x8E, 0x7F, 0xFF, 0x0C, 0x33, 0xFF, 0xF8, 0x60, 0x00, 0xC0, 0x03, 0x00, 0x06, 0x00,
    0x18, 0x00, 0x3F, 0xFF, 0xC0, 0x01, 0xFF, 0xFE, 0x00, 0x00, 0x01, 0x06, 0x00, 0x03, 0x0C, 0x00,
    0x06, 0x18, 0x00, 0x0E, 0x70, 0x00, 0x1F, 0xC0, 0x00, 0x0F, 0x07, 0xF1, 0xF8, 0x1F, 0xFF, 0xF8,
    0x70, 0x7C, 0x71, 0xC0, 0xF0, 0x63, 0x80, 0xC1, 0xC7, 0xF1, 0x8F, 0x0F, 0xF3, 0x1E, 0x1C, 0xE6,
    0x0E, 0x30, 0xCC, 0x0C, 0x73, 0x98, 0x18, 0x7F, 0x31, 0xF0, 0x7C, 0x67, 0xC0, 0x00, 0x04, 0x18,
    0x00, 0x30, 0xC0, 0x01, 0x86, 0x00, 0x0E, 0x70, 0x00, 0x7F, 0x00, 0x00, 0xF0, 0x00, 0x03, 0x00,
    0x00, 0x18, 0x00, 0x00, 0xC0, 0x00, 0x06, 0x01, 0xE0, 0x30, 0x1F, 0x81, 0x81, 0xCE, 0x0C, 0x0C,
    0x70, 0x60, 0x61, 0x83, 0x02, 0x1C, 0x18, 0xFF, 0xFF, 0xC7, 0xFF, 0xFE, 0x00, 0x00, 0x00, 0x06,
    0x08, 0x00, 0x00, 0x30, 0xC0, 0x00, 0x01, 0x86, 0x00, 0x00, 0x0E, 0x70, 0x00, 0x00, 0x3F, 0x00,
    0x00, 0x00, 0xF0, 0x00, 0x03, 0xFC, 0x00, 0x00, 0x3F, 0xF0, 0x00, 0x03, 0x81, 0xC0, 0x00, 0x38,
    0x7F, 0x03, 0xF1, 0xC7, 0xF8, 0x3F, 0xCC, 0x7B, 0xC1, 0xCE, 0x63, 0x86, 0x0C, 0x33, 0x98, 0x30,
    0x61, 0x9C, 0xC1, 0x80, 0x1C, 0x77, 0x1C, 0xFF, 0xFF, 0x9F, 0xC7, 0xFF, 0xFC, 0x7C, 0x00, 0x00,
    0x04, 0x10, 0x00, 0x43, 0x00, 0x04, 0x30, 0x00, 0x67, 0x00, 0x07, 0xF0, 0x00, 0x1C, 0x3F, 0x9F,
    0x87, 0xFF, 0xFC, 0xFE, 0xF1, 0xCE, 0xEE, 0x0C, 0xC6, 0x60, 0xCF, 0xE6, 0x1C, 0x7C, 0x67, 0xC7,
    0xFF, 0xF8, 0xFF, 0xFF, 0xCC, 0x1F, 0x8C, 0xFF, 0xDF, 0xC7, 0xE0, 0xF8, 0x00, 0x00, 0x00, 0x18,
    0x20, 0x00, 0x00, 0x03, 0x0C, 0x00, 0x00, 0x00, 0x61, 0x80, 0x00, 0x00, 0x0E, 0x70, 0x00, 0x00,
    0x00, 0xFE, 0x00, 0x00, 0x00, 0x0F, 0x07, 0xFF, 0xE0, 0x61, 0x83, 0xFF, 0xFE, 0x0C, 0x78, 0x71,
    0xF1, 0xE1, 0x87, 0x1C, 0x77, 0x1C, 0x30, 0x73, 0x1C, 0x73, 0x86, 0x0E, 0x63, 0x8E, 0x30, 0xC0,
    0xCC, 0x60, 0xC6, 0x18, 0x19, 0x8C, 0x18, 0xC3, 0x07, 0x39, 0xC3, 0x18, 0x70, 0xE7, 0x38, 0xE3,
    0x9E, 0x38, 0x73, 0xF8, 0x7F, 0xFF, 0x06, 0x3E, 0x07, 0xCF, 0xC0, 0x00, 0x00, 0x01, 0x02, 0x00,
    0x00, 0x03, 0x0C, 0x00, 0x00, 0x06, 0x18, 0x00, 0x00, 0x0E, 0x70, 0x00, 0x00, 0x1F, 0xC0, 0x00,
    0x00, 0x0F, 0x07, 0xF3, 0xFF, 0xF0, 0x1F, 0xFF, 0xFF, 0xF0, 0x70, 0x78, 0xFC, 0x71, 0xC0, 0xF3,
    0xB8, 0x73, 0x80, 0xCE, 0x38, 0xE7, 0xF1, 0x9C, 0x30, 0xCF, 0xF3, 0x30, 0x61, 0x98, 0xE6, 0x60,
    0xC7, 0x30, 0xCC, 0xE1, 0x8E, 0x73, 0x99, 0xC7, 0x38, 0x7F, 0x31, 0xFC, 0xF0, 0x7C, 0x61, 0xF1,
    0x80, 0x02, 0x0C, 0x0C, 0x30, 0x30, 0xC0, 0xE7, 0x03, 0xF8, 0x03, 0xC3, 0xFC, 0x1F, 0xF8, 0x70,
    0x61, 0x80, 0x07, 0x80, 0x1F, 0xF0, 0x1F, 0xE0, 0x03, 0x80, 0x06, 0x18, 0x38, 0x7F, 0xE0, 0xFF,
    0x00, 0x01, 0x04, 0x06, 0x30, 0x18, 0xC0, 0x77, 0x01, 0xFC, 0x01, 0xC1, 0xF8, 0x1F, 0xF8, 0x70,
    0xE3, 0x81, 0xCC, 0x03, 0x30, 0x0C, 0xC0, 0x33, 0x00, 0xCE, 0x07, 0x1C, 0x38, 0x7F, 0xE0, 0x7E,
    0x00, 0x00, 0x00, 0x30, 0x40, 0x00, 0x0C, 0x30, 0x00, 0x03, 0x0C, 0x00, 0x00, 0xE7, 0x00, 0x00,
    0x1F, 0x80, 0x00, 0x03, 0xC3, 0xF0, 0x30, 0xC1, 0xFE, 0x0C, 0x78, 0xE1, 0xC3, 0x0E, 0x38, 0x70,
    0xC1, 0xCC, 0x0C, 0x30, 0x73, 0x03, 0x0C, 0x0C, 0xC0, 0xC3, 0x03, 0x30, 0x30, 0xC1, 0xCE, 0x0C,
    0x38, 0x71, 0xC3, 0x9E, 0x38, 0x78, 0xFF, 0xFE, 0x0C, 0x1F, 0x3F, 0x00, 0x00, 0x00, 0x04, 0x18,
    0x00, 0x00, 0x30, 0xC0, 0x00, 0x01, 0x86, 0x00, 0x00, 0x0E, 0x70, 0x00, 0x00, 0x7F, 0x00, 0x00,
    0x00, 0xF0, 0xFC, 0x0C, 0x7C, 0x0F, 0xF0, 0x67, 0xF0, 0xE1, 0xC3, 0x39, 0xC7, 0x0E, 0x19, 0x86,
    0x30, 0x30, 0xCE, 0x31, 0x81, 0x86, 0x7F, 0x8C, 0x0C, 0x31, 0xFC, 0x60, 0x61, 0x80, 0xE3, 0x83,
    0x0E, 0x07, 0x0E, 0x1C, 0xF0, 0x70, 0x78, 0xFF, 0xFF, 0x01, 0x83, 0xE7, 0xF0, 0x00, 0x00, 0x00,
    0x06, 0x08, 0x00, 0x00, 0x30, 0xC0, 0x00, 0x01, 0x86, 0x00, 0x00, 0x0E, 0x70, 0x00, 0x00, 0x3F,
    0x80, 0x00, 0x00, 0xF0, 0x7F, 0x3E, 0x7E, 0x07, 0xFF, 0xFF, 0xF8, 0x70, 0x78, 0xF1, 0xC7, 0x03,
    0x83, 0x87, 0x38, 0x0C, 0x18, 0x39, 0xFC, 0x60, 0xC0, 0xCF, 0xF3, 0x06, 0x06, 0x63, 0x98, 0x30,
    0x73, 0x0C, 0xC1, 0x83, 0x9C, 0xE6, 0x0C, 0x38, 0x7F, 0x30, 0x63, 0xC1, 0xF1, 0x83, 0x0C, 0x00,
    0x00, 0x03, 0x04, 0x00, 0x0C, 0x30, 0x00, 0x30, 0xC0, 0x00, 0xE7, 0x00, 0x01, 0xF8, 0x00, 0x03,
    0xC1, 0xFF, 0xF8, 0x1F, 0xFF, 0xF0, 0x71, 0xF0, 0xE3, 0x8E, 0xE1, 0xCC, 0x71, 0xC7, 0x31, 0xC7,
    0x0C, 0xC6, 0x0C, 0x33, 0x18, 0x31, 0xCE, 0x70, 0xC7, 0x39, 0xC7, 0x38, 0x73, 0xF9, 0xE0, 0xC7,
    0xC6, 0x00, 0x00, 0x10, 0x60, 0x03, 0x0C, 0x00, 0x61, 0x80, 0x0E, 0x70, 0x01, 0xFC, 0x00, 0x0F,
    0x30, 0x7F, 0x06, 0x1F, 0xF0, 0xC7, 0x0F, 0x18, 0xE0, 0xE3, 0x18, 0x1C, 0x63, 0x01, 0x8C, 0x60,
    0x31, 0x8C, 0x06, 0x31, 0x80, 0xC6, 0x30, 0x18, 0xFF, 0xFF, 0x1F, 0xFF, 0xE0, 0x03, 0x0C, 0x0C,
    0x30, 0x30, 0xC0, 0xE7, 0x01, 0xF8, 0x03, 0xC1, 0xFC, 0x0F, 0xF8, 0x70, 0xE3, 0x81, 0x8E, 0x0E,
    0x31, 0xF8, 0xC7, 0xC3, 0x03, 0x8C, 0x06, 0x30, 0x18, 0xE7, 0xE3, 0x9F, 0x00, 0x00, 0x08, 0x30,
    0x00, 0xC3, 0x00, 0x0C, 0x30, 0x00, 0xE7, 0x00, 0x0F, 0xE0, 0x00, 0x3C, 0x30, 0xC6, 0x07, 0x8C,
    0x70, 0x70, 0xC3, 0x8E, 0x0C, 0x38, 0xC0, 0xC1, 0x8C, 0x0C, 0x18, 0xC0, 0xC1, 0x8C, 0x0C, 0x18,
    0xE1, 0xC3, 0x8E, 0x1E, 0x38, 0x7F, 0xFF, 0x03, 0xF3, 0xE0, 0x00, 0x08, 0x30, 0x00, 0xC3, 0x00,
    0x0C, 0x30, 0x00, 0xE7, 0x00, 0x0F, 0xE0, 0x00, 0x3C, 0x3F, 0x3E, 0x07, 0xFF, 0xF0, 0xF1, 0xE3,
    0x8E, 0x1C, 0x38, 0xC0, 0xC1, 0x8C, 0x0C, 0x18, 0xC0, 0xC1, 0x8C, 0x0C, 0x18, 0xE0, 0xC3, 0x8F,
    0x0C, 0x38, 0x78, 0xC7, 0x03, 0x0C, 0x60, 0x00, 0x00, 0x00, 0x00, 0x08, 0x30, 0x00, 0xC3, 0x00,
    0x0C, 0x30, 0x00, 0xE7, 0x00, 0x0F, 0xE0, 0x00, 0x3C, 0x00, 0x01, 0x80, 0x00, 0x18, 0x00, 0x01,
    0x80, 0x00, 0x18, 0x00, 0x01, 0x87, 0xE0, 0x18, 0xFF, 0x01, 0x8E, 0x70, 0x18, 0xC3, 0x01, 0x8C,
    0x30, 0x18, 0xE7, 0xFF, 0x86, 0x7F, 0xF8, 0x00, 0x00, 0x00, 0x00, 0x00, 0x41, 0x00, 0x00, 0x63,
    0x00, 0x00, 0x63, 0x00, 0x00, 0x77, 0x00, 0x00, 0x7F, 0x00, 0x00, 0x1C, 0x00, 0x07, 0xF0, 0x00,
    0x0F, 0xF8, 0x00, 0x1C, 0x3C, 0x00, 0x1C, 0x1C, 0x00, 0x18, 0x1C, 0x7E, 0x18, 0x0C, 0xFF, 0x18,
    0x0C, 0xE7, 0x18, 0x0C, 0xC3, 0x18, 0x0C, 0xC3, 0x18, 0x0C, 0xE7, 0xFF, 0xFC, 0x67, 0xFF, 0xFC,
    0x00, 0x00, 0x00, 0x00, 0x00, 0x0C, 0x30, 0x00, 0x00, 0xC3, 0x00, 0x00, 0x0C, 0x30, 0x00, 0x00,
    0xE7, 0x00, 0x00, 0x07, 0xE0, 0x00, 0x00, 0x3C, 0x1F, 0xCF, 0xC1, 0x83, 0xFF, 0xFE, 0x18, 0x70,
    0x78, 0xE1, 0x8E, 0x07, 0x07, 0x18, 0xE0, 0x30, 0x71, 0x8F, 0xE3, 0x03, 0x18, 0xFF, 0x30, 0x31,
    0x8C, 0x73, 0x07, 0x18, 0xC3, 0x30, 0x71, 0x8E, 0x73, 0x0E, 0x18, 0x7F, 0x31, 0xFF, 0x83, 0xE3,
    0x0F, 0xF8, 0x03, 0x04, 0x0C, 0x30, 0x30, 0xC0, 0xE7, 0x01, 0xFC, 0x03, 0xC1, 0xFE, 0x0F, 0xFC,
    0x70, 0x73, 0x81, 0xCE, 0x7F, 0x33, 0xF8, 0xCE, 0x03, 0x3F, 0x8C, 0x7F, 0x30, 0x0C, 0xEF, 0xF3,
    0xBF, 0x80, 0x00, 0x82, 0x01, 0x8C, 0x03, 0x18, 0x07, 0x70, 0x0F, 0xE0, 0x07, 0x07, 0xF0, 0x3F,
    0xF8, 0xF3, 0xF1, 0xC3, 0x73, 0x0E, 0xE6, 0x1C, 0xCC, 0x31, 0x98, 0xE3, 0x33, 0x86, 0x6E, 0x0C,
    0xFF, 0xF9, 0xFF, 0xF0, 0x00, 0x01, 0x04, 0x00, 0x04, 0x30, 0x00, 0x10, 0xC0, 0x00, 0x67, 0x00,
    0x01, 0xFC, 0x00, 0x01, 0xC3, 0xFF, 0x8E, 0x1F, 0xFF, 0x38, 0xE3, 0x8E, 0x73, 0x0C, 0x39, 0xCC,
    0x30, 0x63, 0x30, 0xC1, 0x8C, 0xC3, 0x0E, 0x73, 0x8E, 0x39, 0xCF, 0x19, 0xC7, 0x1E, 0x7F, 0x38,
    0x3F, 0xFF, 0xC0, 0x3F, 0xFE, 0x00, 0x00, 0xC1, 0x00, 0xC3, 0x00, 0xC3, 0x00, 0xE7, 0x00, 0x7F,
    0x00, 0x3C, 0x1F, 0xE0, 0x7F, 0xF0, 0x70, 0x78, 0xE1, 0xFC, 0xC3, 0xFC, 0xC7, 0xBC, 0xC7, 0x0C,
    0xC6, 0x0C, 0xE6, 0x1C, 0xF7, 0x1C, 0x73, 0xF8, 0x31, 0xF0, 0x01, 0x06, 0x03, 0x0C, 0x06, 0x18,
    0x0E, 0x70, 0x1F, 0xC0, 0x0F, 0x07, 0xF0, 0x3F, 0xF0, 0x70, 0xE1, 0xC0, 0xE3, 0x00, 0xC6, 0x01,
    0x8C, 0x03, 0x18, 0x06, 0x38, 0x1C, 0x78, 0x38, 0x70, 0xE0, 0x61, 0x80, 0x00, 0x20, 0x40, 0x0C,
    0x30, 0x03, 0x0C, 0x00, 0xE7, 0x00, 0x1F, 0xC0, 0x03, 0xC3, 0xF0, 0x61, 0xFE, 0x18, 0xE1, 0xC6,
    0x30, 0x31, 0x8C, 0x0C, 0x63, 0x03, 0x18, 0xFF, 0xC6, 0x3F, 0xF1, 0x8C, 0x00, 0x63, 0x00, 0x18,
    0xFF, 0xFE, 0x3F, 0xFF, 0x80, 0x00, 0x81, 0x00, 0xC3, 0x00, 0xC3, 0x00, 0xE7, 0x00, 0xFE, 0x00,
    0x3C, 0x1F, 0xF0, 0x7F, 0xF8, 0x70, 0x38, 0xFC, 0x18, 0xFE, 0x38, 0xEE, 0xF8, 0xC6, 0xF8, 0xEE,
    0x3C, 0x7E, 0x0C, 0x38, 0x1C, 0x3F, 0xFC, 0xFF, 0xF8, 0xE0, 0x00, 0xC0, 0x00, 0xFF, 0xF8, 0x7F,
    0xF8, 0x01, 0x06, 0x02, 0x0C, 0x04, 0x18, 0x0E, 0xF0, 0x1F, 0xC0, 0x0F, 0x38, 0xF8, 0x73, 0xF8,
    0xC6, 0x31, 0x8C, 0x63, 0x18, 0xC7, 0x3B, 0x87, 0xFE, 0x07, 0xF8, 0x03, 0xC0, 0x01, 0x80, 0x3F,
    0x00, 0x7C, 0x00, 0x00, 0x04, 0x18, 0x00, 0x30, 0xC0, 0x01, 0x86, 0x00, 0x0E, 0x70, 0x00, 0x7F,
    0x00, 0x00, 0xF0, 0x7F, 0x03, 0x0F, 0xFC, 0x18, 0x70, 0xE0, 0xC7, 0x03, 0x86, 0x30, 0x0C, 0x31,
    0x80, 0x61, 0x8C, 0x03, 0x0C, 0x60, 0x18, 0x63, 0x81, 0xC3, 0x1C, 0x0C, 0x18, 0x70, 0xFF, 0xC1,
    0x87, 0xFE, 0x00, 0x00, 0x00, 0x00, 0x01, 0x06, 0x00, 0x03, 0x0C, 0x00, 0x06, 0x18, 0x00, 0x0E,
    0x70, 0x00, 0x1F, 0xC0, 0x00, 0x0F, 0x0C, 0x0F, 0xE0, 0x3C, 0x3F, 0xE0, 0x70, 0xE0, 0xE1, 0xC1,
    0xCF, 0xE3, 0x03, 0x3F, 0xC6, 0x06, 0xF7, 0x8C, 0x0D, 0xC3, 0x18, 0x1B, 0x06, 0x38, 0x76, 0x0C,
    0x70, 0xEE, 0x38, 0x7F, 0x8F, 0xE0, 0x7E, 0x0F, 0x80, 0x00, 0x00, 0x41, 0x80, 0x00, 0x30, 0xC0,
    0x00, 0x18, 0x60, 0x00, 0x0E, 0x70, 0x00, 0x07, 0xF0, 0x00, 0x00, 0xF0, 0x01, 0xF0, 0x70, 0x01,
    0xFC, 0x38, 0x00, 0xCE, 0x3C, 0x00, 0x63, 0x3E, 0x00, 0x39, 0xBF, 0x0F, 0xCF, 0xFD, 0x8F, 0xF3,
    0xF8, 0xC7, 0x38, 0x30, 0x63, 0x0C, 0x18, 0x31, 0x86, 0x0C, 0x18, 0xE7, 0xFF, 0xFC, 0x33, 0xFF,
    0xFE, 0x00, 0x00, 0x00, 0x00, 0x00, 0x00, 0x30, 0x40, 0x00, 0x0C, 0x30, 0x00, 0x03, 0x0C, 0x00,
    0x00, 0xE7, 0x00, 0x00, 0x1F, 0x80, 0x00, 0x03, 0xC3, 0xF3, 0xE1, 0xC1, 0xFF, 0xFC, 0x78, 0xF1,
    0xE7, 0x0E, 0x38, 0x70, 0xC1, 0xCC, 0x0C, 0x30, 0x73, 0x03, 0x0C, 0x0C, 0xC0, 0xC3, 0x03, 0x30,
    0x30, 0xC1, 0xCE, 0x0C, 0x38, 0x71, 0xC3, 0x0E, 0x3C, 0x78, 0xC1, 0xFE, 0x0C, 0x30, 0x3F, 0x00,
    0x00, 0x00, 0x20, 0xC0, 0x00, 0x0C, 0x30, 0x00, 0x03, 0x0C, 0x00, 0x00, 0xE7, 0x00, 0x00, 0x3F,
    0x80, 0x00, 0x03, 0xC0, 0x00, 0x3F, 0x00, 0x00, 0x3F, 0xF0, 0x00, 0x0E, 0x1C, 0x00, 0x07, 0x03,
    0x80, 0x01, 0xC0, 0x61, 0xF8, 0x60, 0x18, 0xFF, 0x18, 0x06, 0x39, 0xC6, 0x01, 0x8C, 0x31, 0xC0,
    0xE3, 0x0C, 0x30, 0x38, 0xE7, 0xFE, 0x1C, 0x19, 0xFF, 0x86, 0x00, 0x00, 0x00, 0x00, 0x00, 0x00,
    0x00, 0x0C, 0x10, 0x00, 0x00, 0x00, 0xC3, 0x00, 0x00, 0x00, 0x0C, 0x30, 0x00, 0x00, 0x00, 0xE7,
    0x00, 0x00, 0x00, 0x07, 0xF0, 0x00, 0x00, 0x00, 0x3C, 0x01, 0xF8, 0x07, 0x83, 0x80, 0x3F, 0xC0,
    0xFC, 0x38, 0x07, 0x0E, 0x0C, 0xC7, 0x80, 0x70, 0xE0, 0xCC, 0xF8, 0x06, 0x06, 0x0E, 0xDF, 0x87,
    0xFF, 0xFE, 0xFF, 0xD8, 0xFF, 0xFF, 0xF7, 0xF1, 0x8E, 0x60, 0x67, 0x0C, 0x18, 0xC7, 0x0E, 0x30,
    0xC1, 0x8C, 0x70, 0xE3, 0x0C, 0x18, 0xFF, 0xFC, 0xFF, 0xFF, 0x87, 0xFF, 0x8F, 0xFF, 0xF8, 0x1E,
    0x11, 0xFC, 0xEF, 0x79, 0xFE, 0xE7, 0xFD, 0x8F, 0xF6, 0x3C, 0xD9, 0xFF, 0x7F, 0x78, 0xF8, 0x06,
    0x06, 0x0E, 0x0C, 0x0C, 0x0C, 0x0C, 0x0E, 0x0E, 0x06, 0x07, 0x07, 0xC3, 0xC3, 0xC7, 0xFF, 0x7E,
    0x03, 0x03, 0x03, 0x03, 0x03, 0x03, 0x03, 0x03, 0x03, 0x03, 0x03, 0x03, 0x03, 0x7F, 0xFF, 0x7F,
    0x38, 0xE1, 0xC3, 0x0E, 0x1C, 0x38, 0x60, 0xC1, 0x83, 0x06, 0x0E, 0x1E, 0x1F, 0x9E, 0x01, 0xF8,
    0x0F, 0xE0, 0x0F, 0xF0, 0xFF, 0xE0, 0x70, 0xE7, 0x83, 0x81, 0xC3, 0x9C, 0x07, 0x06, 0x06, 0xE0,
    0x1D, 0xFF, 0xFF, 0xF8, 0x3F, 0xFF, 0xFF, 0xF0, 0xF9, 0x81, 0xB1, 0xC7, 0xC7, 0x0E, 0xC3, 0x1F,
    0x1C, 0x3B, 0x8C, 0xEF, 0xFF, 0xC7, 0xF7, 0x9F, 0xFE, 0x0F, 0x8C, 0x01, 0xF8, 0x0F, 0xFF, 0x80,
    0x3F, 0xC1, 0xFF, 0xFE, 0x07, 0x0E, 0x38, 0xF8, 0xE0, 0x70, 0xE3, 0x9D, 0xC7, 0x06, 0x06, 0x33,
    0x8E, 0x37, 0xFF, 0xFF, 0x38, 0xE3, 0xFF, 0xFF, 0xF3, 0x06, 0x3E, 0x60, 0x67, 0x30, 0x63, 0xC7,
    0x0E, 0x33, 0x8E, 0x7C, 0x70, 0xE3, 0x38, 0xE7, 0xFF, 0xFC, 0x31, 0xFC, 0xE7, 0xFF, 0x83, 0x0F,
    0x8C, 0x01, 0xF8, 0x00, 0x3F, 0xC0, 0x07, 0x0E, 0x00, 0x70, 0xE0, 0x06, 0x06, 0x07, 0xFF, 0xFE,
    0xFF, 0xFF, 0xFE, 0x60, 0x67, 0xC7, 0x0E, 0x3C, 0x70, 0xE3, 0xFF, 0xFF, 0xF7, 0xFF, 0xFE, 0x00,
    0x38, 0xC0, 0x03, 0x80, 0x00, 0x3F, 0xC0, 0x00, 0xFE, 0x00, 0x3D, 0xE0, 0x03, 0xFE, 0x00, 0x07,
    0x00, 0x01, 0xF8, 0x00, 0x3F, 0xC0, 0x07, 0x0E, 0x00, 0x70, 0xE0, 0x06, 0x06, 0x07, 0xFF, 0xFE,
    0xFF, 0xFF, 0xFE, 0x60, 0x67, 0xC7, 0x0E, 0x3C, 0x30, 0xE3, 0xFF, 0xFD, 0xF7, 0xFF, 0xDE, 0x03,
    0x9E, 0x70, 0x7E, 0xE3, 0x07, 0xF6, 0x30, 0x77, 0x63, 0x07, 0x36, 0x70, 0x7F, 0x7F, 0x03, 0xE3,
    0xE0, 0x01, 0xF8, 0x07, 0x83, 0x81, 0xFE, 0x07, 0xE1, 0xC1, 0xC3, 0x83, 0x31, 0xE0, 0xE1, 0xC1,
    0x99, 0xF0, 0x60, 0x60, 0xED, 0xFB, 0xFF, 0xFF, 0x7F, 0xEF, 0xFF, 0xFF, 0xDF, 0xC7, 0xCC, 0x0C,
    0xE1, 0x83, 0xC7, 0x0E, 0x30, 0xC1, 0xE3, 0x87, 0x18, 0x60, 0xFF, 0xFF, 0x3F, 0xFF, 0xEF, 0xFF,
    0x1F, 0xFF, 0xF0, 0x30, 0x7E, 0x3C, 0x7F, 0x9C, 0x38, 0xFC, 0x18, 0x7C, 0x0C, 0x1E, 0x06, 0x0F,
    0x03, 0x07, 0x81, 0x83, 0xE1, 0xC3, 0xF0, 0xE1, 0xDF, 0xE7, 0xC7, 0xF7, 0xE1, 0xE7, 0x78, 0xE3,
    0x1C, 0x61, 0x86, 0x30, 0xC3, 0x18, 0xE3, 0x8F, 0xF1, 0x83, 0xF1, 0xC0, 0x60, 0x00, 0x30, 0x3F,
    0x9E, 0x1F, 0xF7, 0x0E, 0x1F, 0x83, 0x83, 0xC0, 0xC1, 0xF0, 0x33, 0xEC, 0x0C, 0xFB, 0x03, 0x0F,
    0xE1, 0xC0, 0xF8, 0x70, 0x77, 0xF8, 0xFC, 0xFC, 0x3E, 0x30, 0x7C, 0x7F, 0x0F, 0x1F, 0xFF, 0xF9,
    0xC3, 0x9F, 0x3F, 0x70, 0x61, 0xC3, 0x7C, 0x0C, 0x38, 0xEF, 0x81, 0x86, 0x1C, 0xF0, 0x30, 0xC7,
    0x1E, 0x06, 0x18, 0xE3, 0xE1, 0xC3, 0x38, 0x7C, 0x38, 0x6E, 0x0D, 0xFE, 0x0F, 0xFF, 0x9F, 0x81,
    0xFF, 0xF0, 0x30, 0x7C, 0xFC, 0x78, 0xFF, 0xFE, 0x70, 0xE7, 0x8E, 0xE0, 0xC3, 0x87, 0xC0, 0xC3,
    0x07, 0xC0, 0xC3, 0x03, 0xC0, 0xC3, 0x03, 0xC0, 0xC3, 0x07, 0xE1, 0xC3, 0x07, 0xE1, 0xC3, 0x0E,
    0x7F, 0x83, 0x1E, 0x3F, 0x03, 0x0C, 0x30, 0x7E, 0x3C, 0x7F, 0x9C, 0x38, 0xFC, 0x18, 0x7C, 0x0C,
    0x3E, 0x06, 0x0F, 0x03, 0x07, 0x81, 0x87, 0xE1, 0xC3, 0xF0, 0xE3, 0x9F, 0xE1, 0xC7, 0xF8, 0xE1,
    0xDE, 0x39, 0xF7, 0x1C, 0xFD, 0x86, 0x7E, 0xC3, 0x33, 0x73, 0x9F, 0xBF, 0xC7, 0x8F, 0xC0, 0x7E,
    0xF8, 0x07, 0xFF, 0xE0, 0x30, 0xE3, 0x81, 0x87, 0x1C, 0x0F, 0x30, 0x60, 0x3F, 0xFF, 0xF1, 0xFF,
    0xFF, 0xDC, 0x60, 0xC7, 0xC3, 0x86, 0x1F, 0x1C, 0x71, 0xFF, 0xFF, 0xFE, 0xFF, 0xF7, 0xE0, 0x7E,
    0xF8, 0x07, 0xFF, 0xE0, 0x30, 0xE3, 0x81, 0x87, 0x1C, 0x0F, 0x30, 0x60, 0x3F, 0xFF, 0xF1, 0xFF,
    0xFF, 0xFC, 0x60, 0xC7, 0xC3, 0x86, 0x1F, 0x1C, 0x71, 0xFF, 0xFF, 0x7E, 0xFF, 0xFB, 0xE0, 0x3D,
    0xE3, 0x81, 0xF7, 0x1C, 0x0F, 0xD8, 0x60, 0x7E, 0xC3, 0x03, 0x37, 0x38, 0x1F, 0xBF, 0x80, 0x78,
    0xFC, 0x0F, 0xFF, 0xF1, 0xFC, 0x7F, 0xFF, 0xF7, 0xFD, 0xE0, 0xFF, 0x7C, 0x3F, 0x81, 0x86, 0xF0,
    0x3E, 0x07, 0x1C, 0xE0, 0xFF, 0xCC, 0xF9, 0x8F, 0xBF, 0xD9, 0xE3, 0x1F, 0x63, 0xB1, 0xE6, 0x0F,
    0xC3, 0x70, 0xCC, 0x07, 0xCE, 0xE3, 0x98, 0x1D, 0xFC, 0xFF, 0x31, 0xF9, 0xF0, 0xFC, 0x63, 0xE0,
    0x00, 0x00, 0xC0, 0x00, 0x30, 0x00, 0x0C, 0x00, 0x03, 0x07, 0x80, 0xC3, 0xF0, 0x31, 0xCE, 0x0C,
    0x63, 0x83, 0x18, 0x60, 0xC4, 0x38, 0x3F, 0xFF, 0xFF, 0xFF, 0xFF, 0x00, 0x1E, 0xC0, 0x1E, 0x30,
    0x0F, 0x0C, 0x0F, 0x03, 0x03, 0xFF, 0xC0, 0x7F, 0xF0, 0x00, 0x00, 0xC0, 0x00, 0x18, 0x00, 0x03,
    0x00, 0x00, 0x60, 0x78, 0x0C, 0x1F, 0x81, 0x87, 0x38, 0x30, 0xC3, 0x06, 0x18, 0x60, 0xC0, 0x0C,
    0x1B, 0xFF, 0xFF, 0x7F, 0xFF, 0xE0, 0x07, 0x9C, 0x3C, 0xEF, 0xCF, 0xDB, 0xF9, 0xFB, 0x63, 0x33,
    0x6C, 0xFF, 0xFF, 0xFF, 0xFF, 0xDF, 0x00, 0x3F, 0xFF, 0x83, 0xFF, 0xFB, 0xFF, 0xFF, 0x3F, 0xFF,
    0xFF, 0xEF, 0x1C, 0xFC, 0xF1, 0xF1, 0xB8, 0x33, 0x33, 0x83, 0xEE, 0x60, 0xDF, 0xC6, 0x1F, 0xF9,
    0x87, 0x7F, 0x18, 0x77, 0xFF, 0xFB, 0x7F, 0xFF, 0xBF, 0xFF, 0xDF, 0xFF, 0xFF, 0xE0, 0x01, 0xEE,
    0x07, 0x9F, 0x00, 0x3E, 0x30, 0xFE, 0x3F, 0xFF, 0xF0, 0xFF, 0x9F, 0xDF, 0xFE, 0x01, 0xF8, 0x3E,
    0x3F, 0x9F, 0x83, 0xF9, 0xFF, 0xF8, 0x7F, 0xFF, 0xC7, 0xFF, 0xFF, 0xFE, 0xFE, 0xF1, 0xCF, 0x0F,
    0x9F, 0x8E, 0xEE, 0xE0, 0xCC, 0x07, 0x19, 0x87, 0xC6, 0x60, 0xDC, 0x06, 0x39, 0xC7, 0xFE, 0x61,
    0xDF, 0xC6, 0x30, 0xC3, 0x7C, 0x67, 0xDF, 0xE6, 0x30, 0xC3, 0xFF, 0xFF, 0xBC, 0x66, 0x30, 0xC7,
    0xFF, 0xFE, 0xFC, 0x66, 0x30, 0xC7, 0xC0, 0x03, 0xFC, 0x66, 0x39, 0xCE, 0xFF, 0xFF, 0xCF, 0xE6,
    0x3F, 0xDE, 0x7F, 0xFE, 0x07, 0xC6, 0x1F, 0x8C, 0x1F, 0xCF, 0xFF, 0x03, 0x3F, 0xFF, 0xFF, 0xC3,
    0x70, 0x79, 0xF9, 0xC3, 0xE0, 0x7B, 0x9C, 0xE3, 0xE0, 0x33, 0x9C, 0xE3, 0xFE, 0x33, 0x0C, 0x63,
    0xFF, 0x33, 0x9C, 0x63, 0xC7, 0x33, 0xFC, 0xE3, 0xC3, 0x31, 0xF8, 0xE3, 0xE7, 0x30, 0x01, 0xC3,
    0x7F, 0x33, 0xFF, 0xFF, 0x3E, 0x33, 0xFF, 0xFF, 0x1F, 0xCF, 0xFF, 0x00, 0xFF, 0x07, 0xFF, 0xFF,
    0xF8, 0x3F, 0xF1, 0xC1, 0xE7, 0xE7, 0x0E, 0x07, 0x70, 0x3D, 0xCE, 0x73, 0x87, 0xFE, 0x03, 0x39,
    0xCE, 0x71, 0xFF, 0xFC, 0x66, 0x18, 0xCC, 0x7B, 0xFF, 0xCC, 0xE7, 0x19, 0x8E, 0x1E, 0x39, 0x9F,
    0xE7, 0x39, 0x83, 0xC3, 0x31, 0xF8, 0xE7, 0x30, 0x7C, 0xE6, 0x00, 0x38, 0x77, 0x1D, 0xFC, 0xCF,
    0xFF, 0xFE, 0x7F, 0x1F, 0x19, 0xFF, 0xFF, 0xC7, 0xC0, 0x1F, 0xCF, 0xFF, 0x3E, 0x1F, 0xFF, 0xFF,
    0xFF, 0x9C, 0x1F, 0x7E, 0x78, 0xFC, 0x0F, 0x33, 0x38, 0x7E, 0x03, 0x19, 0x8C, 0x1F, 0xF1, 0x8F,
    0xC6, 0x1F, 0xFC, 0xC3, 0xC3, 0x3D, 0x8E, 0x61, 0xFF, 0xFC, 0xC3, 0x31, 0xFF, 0xFF, 0x73, 0x98,
    0xC1, 0xF9, 0x9F, 0xCC, 0x7F, 0xEF, 0xC7, 0xC6, 0x1F, 0xC3, 0xC0, 0x1F, 0xCF, 0xFF, 0x8F, 0xFF,
    0x83, 0xFF, 0xFF, 0xFF, 0xFF, 0xFE, 0x70, 0x78, 0xFC, 0xF8, 0xF8, 0xEE, 0x07, 0x9D, 0xCF, 0x1D,
    0xC7, 0xE0, 0x33, 0x8E, 0x63, 0x8E, 0x3F, 0xE3, 0x38, 0x66, 0x30, 0xE3, 0xFF, 0x33, 0x06, 0x63,
    0x06, 0x3C, 0x73, 0x30, 0x66, 0x30, 0x63, 0xC3, 0x33, 0x86, 0x63, 0x0E, 0x7E, 0x73, 0x38, 0xE6,
    0x38, 0xE7, 0x7F, 0x31, 0xFC, 0x61, 0xFC, 0xE3, 0xE3, 0x0F, 0x86, 0x0F, 0x8C, 0x3F, 0xC7, 0xFE,
    0x70, 0x66, 0x00, 0x70, 0x07, 0xF8, 0x3F, 0xE0, 0x0E, 0x00, 0x60, 0x06, 0x7F, 0xE7, 0xFC, 0x00,
    0xE0, 0x06, 0x40, 0x6F, 0x9E, 0x7F, 0xC1, 0xF8, 0x3F, 0x03, 0x0C, 0x7F, 0x83, 0x1E, 0xE1, 0xC3,
    0x0E, 0xE1, 0xC3, 0x07, 0xC0, 0xC3, 0x07, 0xC0, 0xC3, 0x03, 0xC0, 0xC3, 0x03, 0xC0, 0xC3, 0x07,
    0xE0, 0xC3, 0x87, 0x60, 0xE7, 0x8E, 0x70, 0xFF, 0xFE, 0x33, 0xFC, 0xFE, 0x07, 0xB8, 0xC7, 0x07,
    0x18, 0xC7, 0x06, 0x18, 0xC3, 0x07, 0x18, 0xC3, 0x07, 0x1C, 0xE7, 0x03, 0x9F, 0xFF, 0x01, 0x8F,
    0xBE, 0x3F, 0x03, 0x0C, 0x7F, 0x83, 0x1E, 0xE1, 0xC3, 0x0E, 0xE1, 0xC3, 0x07, 0xC0, 0xC3, 0x07,
    0xC0, 0xC3, 0x03, 0xC0, 0xC3, 0x03, 0xC0, 0xC3, 0x07, 0xE0, 0xC3, 0x87, 0xE0, 0xE7, 0x8E, 0x77,
    0xFF, 0xFE, 0x3F, 0xFF, 0xFE, 0x1E, 0xE3, 0x77, 0x1C, 0x63, 0x63, 0x18, 0x63, 0x7F, 0x1C, 0x63,
    0x3F, 0x1C, 0x73, 0x87, 0x0E, 0x7F, 0xFE, 0x06, 0x3E, 0xFC, 0x1F, 0xCF, 0x9F, 0x03, 0x0C, 0x3F,
    0xFF, 0xFF, 0x83, 0x1E, 0x70, 0x78, 0xF1, 0xC3, 0x0E, 0xE0, 0x70, 0x71, 0xC3, 0x07, 0xE0, 0x30,
    0x60, 0xC3, 0x03, 0xFE, 0x30, 0x60, 0xC3, 0x03, 0xFF, 0x30, 0x60, 0xC3, 0x03, 0xC7, 0x30, 0x60,
    0xC3, 0x03, 0xC3, 0x30, 0x60, 0xC3, 0x87, 0xE7, 0x30, 0x60, 0xE7, 0x8F, 0x7F, 0x30, 0x60, 0xFF,
    0xFE, 0x3E, 0x30, 0x60, 0x7C, 0xFC, 0x1F, 0xCF, 0x9F, 0x03, 0x0F, 0x87, 0xFF, 0xFF, 0xF0, 0x63,
    0xF9, 0xC1, 0xE3, 0xC7, 0x0C, 0x63, 0xF0, 0x38, 0x38, 0xE1, 0x8C, 0x7E, 0x03, 0x06, 0x0C, 0x31,
    0x87, 0xFC, 0x60, 0xC1, 0x86, 0x3F, 0xFF, 0xCC, 0x18, 0x30, 0xC3, 0xFE, 0x39, 0x83, 0x06, 0x18,
    0x07, 0xC3, 0x30, 0x60, 0xC3, 0x80, 0xDC, 0xE6, 0x0C, 0x1C, 0xF0, 0x79, 0xFC, 0xC1, 0x83, 0xFF,
    0xFE, 0x1F, 0x18, 0x30, 0x3E, 0x7F, 0x80, 0x1F, 0xCF, 0x8F, 0xE0, 0xFF, 0xFF, 0xFF, 0xE7, 0x07,
    0x8F, 0x9F, 0xB8, 0x1C, 0x1C, 0x37, 0xE0, 0x30, 0x71, 0xDF, 0xF8, 0xC1, 0x87, 0x3F, 0xF3, 0x06,
    0x18, 0xF1, 0xCC, 0x18, 0xE3, 0xC3, 0x30, 0x67, 0x0F, 0x9C, 0xC1, 0xB8, 0x37, 0xF3, 0x07, 0xFF,
    0xCF, 0x8C, 0x1F, 0xFF, 0x1F, 0xCF, 0x9F, 0x87, 0xFF, 0xFF, 0xF9, 0xC1, 0xE3, 0xC7, 0x70, 0x38,
    0x38, 0x7E, 0x03, 0x06, 0x0F, 0xFC, 0x60, 0xC0, 0xFF, 0xCC, 0x18, 0x1E, 0x39, 0x83, 0x07, 0xC3,
    0x30, 0x60, 0xFC, 0xE6, 0x0C, 0x39, 0xFD, 0xE3, 0x9F, 0x1F, 0x7F, 0xFF, 0xE0, 0x1E, 0xFB, 0xDE,
    0x07, 0xEE, 0x39, 0xC0, 0xFE, 0xC6, 0x18, 0x1D, 0xD8, 0xC7, 0x03, 0x9B, 0x18, 0xE0, 0x7F, 0x63,
    0x38, 0x07, 0xCC, 0x63, 0x00, 0x00, 0x00, 0x00, 0x1F, 0xCF, 0x8F, 0xF1, 0xFF, 0xFE, 0xFF, 0xDC,
    0x1E, 0x3E, 0x0F, 0xC0, 0xE0, 0xE0, 0x7E, 0x03, 0x07, 0x3F, 0xFF, 0x18, 0x33, 0xFB, 0xFC, 0xC1,
    0x9C, 0x18, 0xE6, 0x0C, 0xFE, 0xC3, 0x30, 0x63, 0xFF, 0x39, 0x83, 0x00, 0xDF, 0xCC, 0x19, 0xFE,
    0x7C, 0x60, 0xCF, 0xE0, 0x1F, 0xFF, 0x3F, 0x1F, 0xFF, 0xFF, 0xE7, 0x1F, 0x9E, 0x1F, 0x8E, 0xE7,
    0x87, 0xC7, 0x1C, 0xC0, 0xF1, 0xC3, 0x30, 0x3C, 0x60, 0xCC, 0x0F, 0x18, 0x33, 0x07, 0xE7, 0x0C,
    0xC1, 0xF9, 0xC7, 0x30, 0xE7, 0x3F, 0x8C, 0x78, 0xC7, 0xC3, 0x0C, 0x1F, 0xFF, 0x1F, 0xE7, 0xFF,
    0xFB, 0xFF, 0x71, 0xF9, 0xF0, 0x3E, 0x3B, 0x9E, 0x03, 0xC7, 0x1C, 0xE7, 0xFC, 0x71, 0xCC, 0x7E,
    0xC6, 0x0C, 0xC7, 0x0C, 0x60, 0xCC, 0x7F, 0xE7, 0x0C, 0xC3, 0xFE, 0x71, 0xCC, 0x03, 0x73, 0xF8,
    0xC7, 0xF3, 0x1F, 0x0C, 0x7E, 0x1F, 0xFF, 0x1F, 0xC3, 0xFF, 0xFD, 0xFF, 0x9C, 0x7C, 0x7C, 0x7D,
    0xC7, 0x73, 0xC3, 0x7E, 0x71, 0xCE, 0x19, 0xE3, 0x8E, 0x61, 0xCF, 0x18, 0x33, 0x0E, 0x78, 0xC1,
    0x98, 0xE3, 0xE7, 0x0C, 0xCE, 0x1F, 0x38, 0xE6, 0xE0, 0xDC, 0xFE, 0x3F, 0xFE, 0x63, 0xF1, 0xFF,
    0xF0, 0x1F, 0xFF, 0x3F, 0x06, 0x3F, 0xFF, 0xFF, 0xC7, 0x9C, 0x7E, 0x78, 0xE1, 0xDC, 0x77, 0x3C,
    0x30, 0x7C, 0x71, 0xCC, 0x18, 0x3E, 0x38, 0x66, 0x0C, 0x0F, 0x18, 0x33, 0x06, 0x07, 0x8C, 0x19,
    0x83, 0x07, 0xE7, 0x0C, 0xC1, 0xC3, 0xF3, 0x8E, 0x60, 0xE1, 0xDC, 0xFE, 0x30, 0x3F, 0xC6, 0x3E,
    0x18, 0x0F, 0xC0, 0x1F, 0xFF, 0x1F, 0xFF, 0x0F, 0xFF, 0xFF, 0xFF, 0xF9, 0xC7, 0xC7, 0xC7, 0xC7,
    0x71, 0xDC, 0xF1, 0xDC, 0x7C, 0x71, 0xCC, 0x71, 0xC7, 0x8E, 0x39, 0x8C, 0x38, 0xF1, 0x83, 0x31,
    0x83, 0x1E, 0x30, 0x66, 0x30, 0x63, 0xE7, 0x0C, 0xC6, 0x1C, 0xFC, 0xE3, 0x98, 0xE3, 0x9D, 0xCF,
    0xE3, 0x0F, 0xE7, 0x18, 0xF8, 0x60, 0xF8, 0xC0, 0x1F, 0xFF, 0x80, 0x7E, 0x3F, 0xFF, 0xE0, 0x7F,
    0x9C, 0x7C, 0x38, 0x70, 0xFC, 0x77, 0x0E, 0x38, 0x7C, 0x71, 0xC7, 0x18, 0x1E, 0x38, 0xE1, 0x8C,
    0x0F, 0x18, 0x30, 0xC6, 0x07, 0x8C, 0x18, 0xE3, 0x03, 0xE7, 0x0C, 0x71, 0x81, 0xF3, 0x8E, 0x70,
    0xC0, 0xDC, 0xFE, 0x7F, 0xFF, 0xE6, 0x3E, 0x1F, 0xFF, 0xF0, 0x1F, 0xFF, 0x0F, 0xFF, 0xF9, 0xC7,
    0xC7, 0x71, 0xDC, 0x7C, 0x71, 0xC7, 0x8E, 0x38, 0xF1, 0x83, 0x1E, 0x30, 0x63, 0xE7, 0x0C, 0xFE,
    0xE3, 0x9D, 0xCF, 0xE7, 0x1B, 0xF8, 0xE0, 0x73, 0x8E, 0x1F, 0x30, 0xC3, 0xF6, 0x18, 0x7E, 0xC3,
    0x0C, 0xDC, 0xE1, 0xFB, 0xFC, 0x1E, 0x3F, 0x00, 0x1F, 0xC7, 0xFD, 0xC3, 0xF0, 0x3E, 0x0F, 0x8F,
    0xF1, 0xF6, 0x07, 0xC0, 0x78, 0x0F, 0x9F, 0xF3, 0xE0, 0x0E, 0x00, 0xC0, 0x19, 0xE7, 0x3F, 0xC1,
    0xF0, 0x1F, 0xC6, 0x18, 0x7F, 0xCC, 0x79, 0xC1, 0x98, 0x77, 0x07, 0x30, 0x7E, 0x3C, 0x60, 0xF8,
    0x7C, 0xC0, 0xF0, 0x19, 0x81, 0xE1, 0xF3, 0x07, 0xC7, 0xEF, 0x0F, 0x8C, 0x3E, 0x3B, 0x9F, 0xFF,
    0xF7, 0x1F, 0x8F, 0xC0, 0x3F, 0x1F, 0x9F, 0xFF, 0xFF, 0x1F, 0x1F, 0x87, 0x83, 0xC0, 0xC1, 0xF0,
    0x31, 0xFC, 0x0C, 0xFB, 0x83, 0x07, 0xE0, 0xC0, 0xDC, 0x30, 0x37, 0x8C, 0xFC, 0xC3, 0x3E, 0x3F,
    0x3E, 0x06, 0x18, 0xFF, 0xFE, 0x0C, 0x7B, 0xC7, 0x9C, 0x18, 0x77, 0x0E, 0x18, 0x30, 0x7C, 0x0C,
    0x30, 0x60, 0xF8, 0x18, 0x60, 0xC0, 0xF0, 0x30, 0xC1, 0x81, 0xE0, 0x61, 0x83, 0x07, 0xE0, 0xC3,
    0x87, 0x0E, 0xE1, 0x87, 0x1E, 0x39, 0xE3, 0x07, 0xFF, 0xF1, 0x86, 0x07, 0xCF, 0xC0, 0x3F, 0x3E,
    0x7E, 0x3F, 0xFF, 0xFF, 0xBC, 0x78, 0xF1, 0xDC, 0x38, 0x70, 0x7C, 0x0C, 0x18, 0x3E, 0x06, 0x0C,
    0x0F, 0x03, 0x06, 0x07, 0x81, 0x83, 0x07, 0xE0, 0xC1, 0x83, 0xF8, 0x60, 0xC3, 0x9E, 0x30, 0x63,
    0xC6, 0x18, 0x31, 0xC0, 0x00, 0x00, 0x00, 0x3F, 0x1F, 0xC7, 0xFF, 0xFE, 0xF1, 0xE3, 0xFE, 0x1E,
    0x37, 0xC0, 0xC3, 0x3C, 0x0C, 0x73, 0xC0, 0xC7, 0x3C, 0x0C, 0xE3, 0xE0, 0xDC, 0x3F, 0x0F, 0xC3,
    0x78, 0xFF, 0xF3, 0x0F, 0xFF, 0x00, 0x00, 0x00, 0x00, 0x03, 0xC0, 0x00, 0x3F, 0x00, 0x00, 0x38,
    0x00, 0x00, 0xC0, 0x00, 0x0E, 0x1F, 0x9F, 0xE1, 0xFF, 0xFF, 0x1E, 0x3C, 0x7C, 0xE1, 0xE7, 0x76,
    0x06, 0x71, 0xF0, 0x33, 0x8F, 0x81, 0x98, 0x3E, 0x0C, 0xC1, 0xF0, 0x67, 0x1D, 0xC3, 0x38, 0xEF,
    0x18, 0xFE, 0x30, 0xCF, 0xF0, 0x00, 0x73, 0x80, 0x07, 0x0E, 0x00, 0x30, 0x30, 0x01, 0x81, 0x80,
    0x0E, 0x1C, 0x00, 0x39, 0xC0, 0x01, 0x84, 0x3F, 0x3F, 0xFE, 0x1F, 0xFF, 0xFF, 0xEF, 0x1E, 0x3E,
    0x3B, 0x87, 0x9D, 0xC7, 0xC0, 0xCE, 0x38, 0xF0, 0x33, 0x8E, 0x3C, 0x0C, 0xC1, 0x8F, 0x83, 0x30,
    0x63, 0xE0, 0xCE, 0x39, 0xDC, 0x33, 0x8E, 0x77, 0x8C, 0x7F, 0x38, 0xC3, 0x0F, 0x8C, 0x3F, 0x3E,
    0x03, 0xF8, 0xFF, 0xFE, 0x0F, 0xFB, 0xC7, 0x8E, 0x38, 0x7F, 0x0E, 0x1C, 0x70, 0x7C, 0x0C, 0x18,
    0xC0, 0xF8, 0x18, 0x31, 0x80, 0xF0, 0x30, 0x63, 0x01, 0xE0, 0x60, 0xC6, 0x03, 0xE0, 0xC3, 0x8C,
    0x07, 0xE1, 0x86, 0x18, 0x0D, 0xE3, 0x1F, 0xFF, 0xF9, 0x86, 0x3F, 0xFF, 0xF0, 0x00, 0x00, 0x00,
    0x00, 0x00, 0x01, 0x80, 0x00, 0xC0, 0x00, 0x60, 0x00, 0x30, 0x00, 0x1B, 0xF0, 0x0F, 0xFC, 0x07,
    0xCE, 0x03, 0xC3, 0x01, 0xE1, 0x80, 0xF9, 0xFF, 0xEC, 0xFF, 0xF0, 0x00, 0x18, 0x7C, 0x0C, 0x7F,
    0x06, 0x31, 0x83, 0x19, 0xC1, 0x8E, 0xFF, 0xC2, 0x7F, 0xE0, 0x00, 0x01, 0x80, 0x00, 0xC0, 0x00,
    0x60, 0x00, 0x30, 0x00, 0x1B, 0xF0, 0x0F, 0xFC, 0x07, 0xCE, 0x03, 0xC3, 0x01, 0xE1, 0x80, 0xF9,
    0xFF, 0xED, 0xFF, 0xF1, 0xEF, 0x30, 0xFB, 0x9C, 0x7E, 0xC6, 0x3F, 0x63, 0x19, 0xB3, 0x8F, 0xDF,
    0xC3, 0xC7, 0xC0, 0x00, 0x07, 0xF0, 0x00, 0x3F, 0xE0, 0x01, 0xC3, 0xC0, 0x07, 0x07, 0x00, 0x18,
    0x1D, 0xF8, 0x60, 0x3F, 0xF1, 0x80, 0xF9, 0xC6, 0x03, 0xC3, 0x18, 0x0F, 0x0C, 0x60, 0x3E, 0x7F,
    0xFF, 0xD9, 0xFF, 0xFF, 0x01, 0xCF, 0x18, 0x0F, 0xDC, 0x70, 0x3F, 0xB0, 0xC0, 0xEE, 0xC3, 0x03,
    0x9B, 0x9C, 0x0F, 0xEF, 0xF0, 0x1F, 0x1F, 0x80, 0x1F, 0xCF, 0xC1, 0x9F, 0xFF, 0xF0, 0xDC, 0x1E,
    0x38, 0x7C, 0x0E, 0x0E, 0x3E, 0x03, 0x07, 0x1F, 0xF1, 0x81, 0x8F, 0xFC, 0xC0, 0xC7, 0x8E, 0x60,
    0xE3, 0xC3, 0x30, 0x71, 0xF3, 0x98, 0x70, 0xDF, 0xCC, 0x7F, 0xE7, 0xC6, 0x1F, 0xF0, 0x00, 0x03,
    0xD8, 0x00, 0x03, 0x8C, 0x00, 0x07, 0x86, 0x00, 0x07, 0x83, 0x00, 0x07, 0xFF, 0x80, 0x01, 0xFF,
    0xC0, 0x1F, 0xCF, 0xC1, 0x9F, 0xFF, 0xF0, 0xDC, 0x1E, 0x38, 0x7C, 0x0E, 0x0E, 0x3E, 0x03, 0x07,
    0x1F, 0xF1, 0x81, 0x8F, 0xFC, 0xC0, 0xC7, 0x8E, 0x60, 0xE3, 0xC3, 0x30, 0x71, 0xF3, 0x98, 0x70,
    0xDF, 0xCC, 0x7F, 0xE7, 0xC6, 0x3F, 0xF0, 0x00, 0x0F, 0x38, 0x00, 0x0E, 0x1C, 0x00, 0x07, 0x3C,
    0x00, 0x03, 0x1F, 0x00, 0x01, 0x81, 0x80, 0x00, 0xE7, 0xC0, 0x00, 0x73, 0xC0, 0x1F, 0xCF, 0xC1,
    0x9F, 0xFF, 0xF0, 0xDC, 0x1E, 0x38, 0x7C, 0x0E, 0x0E, 0x3E, 0x03, 0x07, 0x1F, 0xF1, 0x81, 0x8F,
    0xFC, 0xC0, 0xC7, 0x8E, 0x60, 0xE3, 0xC3, 0x30, 0x71, 0xF3, 0x98, 0x70, 0xDF, 0xCC, 0x7F, 0xE7,
    0xC6, 0x5F, 0xF0, 0x00, 0x73, 0x30, 0x00, 0x71, 0x9C, 0x00, 0x30, 0xC6, 0x00, 0x18, 0x63, 0x00,
    0x0E, 0x73, 0x80, 0x07, 0xFF, 0xC0, 0x01, 0xFF, 0xC0, 0x1F, 0xDF, 0xC1, 0x9F, 0xFF, 0xF0, 0xDC,
    0x1E, 0x38, 0x7C, 0x0E, 0x0E, 0x3E, 0x03, 0x07, 0x1F, 0xF1, 0x81, 0x8F, 0xFC, 0xC0, 0xC7, 0x8E,
    0x60, 0xE3, 0xC3, 0x30, 0x71, 0xF3, 0x98, 0x70, 0xDF, 0xCD, 0xFF, 0xE7, 0xC7, 0xFF, 0xF0, 0x01,
    0xCF, 0x30, 0x01, 0xFB, 0x9C, 0x00, 0xFE, 0xC6, 0x00, 0x77, 0x63, 0x00, 0x31, 0xB3, 0x80, 0x1F,
    0xDF, 0xC0, 0x07, 0xC7, 0xC0, 0x1F, 0xC3, 0xF8, 0xFF, 0xDF, 0xFB, 0xCF, 0xF1, 0xFF, 0x0D, 0xE3,
    0x7C, 0x3B, 0x86, 0x78, 0x73, 0x1C, 0xF0, 0xC6, 0x39, 0xE3, 0x8C, 0xE3, 0xCE, 0x1B, 0x87, 0xB8,
    0x3F, 0x0F, 0xFF, 0xFF, 0xFF, 0xFF, 0xFF, 0xF0, 0x3F, 0x3E, 0x06, 0xFF, 0xFE, 0x0F, 0xC7, 0x8E,
    0x1F, 0x0E, 0x1C, 0x3C, 0x0C, 0x18, 0x78, 0x18, 0x30, 0xF0, 0x30, 0x61, 0xE0, 0x60, 0xC3, 0xE0,
    0xC3, 0x87, 0xE1, 0x86, 0x0D, 0xE3, 0x1F, 0xF9, 0x86, 0x3F, 0xF0, 0x00, 0x00, 0x00, 0x3F, 0x7E,
    0x06, 0xFF, 0xFE, 0x0F, 0xC7, 0x8E, 0x1F, 0x0E, 0x0C, 0x3C, 0x0C, 0x18, 0x78, 0x18, 0x30, 0xF0,
    0x30, 0x61, 0xE0, 0x60, 0xC3, 0xE0, 0xC1, 0x87, 0xE1, 0x87, 0x0D, 0xE3, 0x3F, 0xF9, 0x87, 0xFF,
    0xF0, 0x03, 0xBC, 0xE0, 0x0F, 0xF9, 0xC0, 0x1F, 0xF1, 0x80, 0x3B, 0xE3, 0x00, 0x73, 0xE6, 0x00,
    0xFF, 0xFC, 0x00, 0xF9, 0xF0, 0x1F, 0xE0, 0xFF, 0xC7, 0x1F, 0x9C, 0x6E, 0x61, 0x99, 0x8E, 0x66,
    0x39, 0x99, 0xC6, 0x6E, 0x19, 0xF0, 0x67, 0xFF, 0x9F, 0xFE, 0x77, 0x3B, 0xEE, 0x7F, 0xD9, 0xFF,
    0x63, 0xCD, 0x9F, 0xF7, 0xF7, 0x8F, 0x80, 0x3F, 0xF8, 0x67, 0xFF, 0xCE, 0xE3, 0x8E, 0x7C, 0x30,
    0xE7, 0xC3, 0x06, 0x3C, 0x30, 0x63, 0xC3, 0x0E, 0x7E, 0x38, 0xE7, 0xF1, 0x9C, 0x67, 0x9F, 0xCE,
    0x3F, 0xFF, 0xC0, 0xFF, 0xFC, 0x00, 0x1E, 0xC0, 0x03, 0x8C, 0x00, 0xF0, 0xC0, 0x1E, 0x0C, 0x01,
    0xFF, 0xC0, 0x0F, 0xFC, 0x1F, 0xC7, 0xFE, 0xF0, 0xFE, 0x07, 0xC0, 0x3C, 0x03, 0xC0, 0x3E, 0x07,
    0xE0, 0x77, 0x0E, 0x3F, 0xC3, 0xFC, 0x79, 0xE7, 0x0E, 0x60, 0x66, 0x06, 0x70, 0xE3, 0x9C, 0x10,
    0x80, 0x3F, 0x06, 0xFF, 0x0F, 0x87, 0x1E, 0x06, 0x3C, 0x0C, 0x78, 0x18, 0xFF, 0xF1, 0xFF, 0xE3,
    0xC0, 0x07, 0x80, 0x0F, 0xFF, 0xFF, 0xFF, 0xF0, 0x00, 0x67, 0xC0, 0xDF, 0xC1, 0xB1, 0x83, 0x73,
    0x06, 0xEF, 0xFC, 0x8F, 0xF8, 0x3F, 0x06, 0xFF, 0x0F, 0x87, 0x1F, 0x06, 0x3C, 0x0C, 0x78, 0x18,
    0xFF, 0xF1, 0xFF, 0xE3, 0xC0, 0x07, 0x80, 0x0F, 0xFF, 0xFF, 0xFF, 0xF7, 0x78, 0xFF, 0xB1, 0xFF,
    0xE1, 0xF7, 0xC3, 0xE7, 0xCF, 0xFF, 0xFD, 0xF3, 0xF0, 0x1F, 0xF0, 0x3F, 0xE7, 0xFF, 0x8F, 0xFF,
    0x70, 0x38, 0xE0, 0x7F, 0xC1, 0x9F, 0x03, 0xFE, 0x39, 0xFC, 0x7E, 0xEF, 0x9D, 0xDF, 0xC6, 0xF9,
    0x8D, 0xEE, 0xE3, 0xDD, 0xC7, 0x7E, 0x0C, 0xFC, 0x33, 0x81, 0xC7, 0x03, 0x3F, 0xFC, 0x7F, 0xFF,
    0xFF, 0x9F, 0xFE, 0xE0, 0x01, 0xC0, 0x0C, 0x00, 0x18, 0x00, 0xFF, 0xFF, 0xFF, 0xF7, 0xFF, 0xFF,
    0xFF, 0x1F, 0xC0, 0xDF, 0xF8, 0x37, 0x0E, 0x0F, 0x81, 0xC3, 0xC0, 0x30, 0xF0, 0x0C, 0x3C, 0x03,
    0x0F, 0x00, 0xC3, 0xE0, 0x70, 0xF8, 0x18, 0x37, 0x9F, 0xFC, 0xDF, 0xFF, 0x0F, 0x73, 0x83, 0xEC,
    0x70, 0xFF, 0x0C, 0x3F, 0xC3, 0x0C, 0xF9, 0xC3, 0xFF, 0xF0, 0x79, 0xF8, 0x1F, 0xC0, 0xDF, 0xF8,
    0x37, 0x0E, 0x0F, 0x81, 0xC3, 0xC0, 0x30, 0xF0, 0x0C, 0x3C, 0x03, 0x0F, 0x00, 0xC3, 0xE0, 0x70,
    0xF8, 0x18, 0x37, 0x0F, 0xFC, 0xC3, 0xFF, 0x00, 0x3E, 0xC0, 0x1E, 0x30, 0x0E, 0x0C, 0x0F, 0x03,
    0x03, 0xFF, 0xC0, 0xFF, 0xF0, 0x30, 0x3F, 0xFC, 0x1B, 0xC3, 0xFF, 0xF0, 0xDC, 0x39, 0xF3, 0xC7,
    0xC1, 0xDD, 0xCE, 0x3C, 0x0C, 0xC6, 0x31, 0xE0, 0x66, 0x31, 0x8F, 0x03, 0x31, 0x8C, 0x78, 0x19,
    0xFC, 0x63, 0xE1, 0xC7, 0xC7, 0x1F, 0x0E, 0x00, 0x30, 0xDF, 0xE3, 0xFF, 0xFE, 0x7E, 0x1F, 0xFF,
    0xF0, 0x30, 0x3F, 0xFC, 0x03, 0xFC, 0x3C, 0x3F, 0xFF, 0x03, 0xFF, 0x1C, 0x39, 0xF3, 0xC3, 0x83,
    0xDC, 0x1D, 0xDC, 0xE3, 0x87, 0xFC, 0x0C, 0xC6, 0x31, 0x87, 0xFE, 0x06, 0x63, 0x18, 0xC7, 0xBF,
    0x03, 0x31, 0x8C, 0x63, 0x07, 0x81, 0x9F, 0xC6, 0x31, 0x83, 0xE1, 0xC7, 0xC7, 0x1C, 0xC3, 0xF0,
    0xE0, 0x03, 0x06, 0x71, 0xDF, 0xE3, 0xFF, 0xFF, 0xBF, 0xC7, 0xE1, 0xFF, 0xFF, 0xCF, 0xC0, 0x30,
    0x3F, 0x87, 0x07, 0xFC, 0x60, 0xE0, 0xEE, 0x0E, 0x7F, 0xC0, 0xCF, 0xFC, 0x0D, 0xEF, 0xC0, 0xDC,
    0x3C, 0x0D, 0x83, 0xE1, 0xD8, 0x3E, 0x1D, 0xC7, 0x7F, 0x8F, 0xE3, 0xF1, 0xFC, 0x0E, 0x3D, 0xC0,
    0xE3, 0x3E, 0x0C, 0x37, 0xE0, 0xC3, 0x66, 0x0E, 0x76, 0x60, 0xFF, 0x7E, 0x07, 0xE3, 0xC0, 0x30,
    0x3F, 0x87, 0x87, 0xFC, 0x70, 0xE0, 0xEE, 0x0E, 0x7F, 0xC0, 0xCF, 0xFC, 0x0D, 0xEF, 0xC0, 0xDC,
    0x3C, 0x0D, 0x83, 0xE1, 0xD8, 0x3E, 0x1D, 0xC7, 0x7F, 0xFF, 0xE3, 0xFF, 0xFE, 0x03, 0xBC, 0x60,
    0x7D, 0xC7, 0x07, 0xEC, 0x30, 0x7E, 0xC3, 0x06, 0x6E, 0x70, 0x7E, 0xFF, 0x03, 0xC7, 0xE0, 0x00,
    0x7C, 0x1C, 0x03, 0xF8, 0x70, 0x0C, 0xE3, 0xC0, 0x31, 0x9F, 0x00, 0xE6, 0xFD, 0xF9, 0xFF, 0xBF,
    0xF3, 0xF8, 0xF9, 0xC1, 0x83, 0xC3, 0x06, 0x0F, 0x0C, 0x18, 0x3E, 0x7F, 0xFF, 0xD9, 0xFF, 0xFF,
    0x00, 0x07, 0x1C, 0x00, 0x1C, 0x00, 0x00, 0x7F, 0x80, 0x00, 0xFF, 0x00, 0x04, 0x0C, 0x00, 0x1F,
    0xF0, 0x00, 0x7F, 0x80, 0x3F, 0x3E, 0x0C, 0x7F, 0xFF, 0x1E, 0xF1, 0xE7, 0x0E, 0xE1, 0xC3, 0x07,
    0xC0, 0xC3, 0x07, 0xC0, 0xC3, 0x03, 0xC0, 0xC3, 0x03, 0xC0, 0xC3, 0x07, 0xE0, 0xC3, 0x87, 0xF0,
    0xC3, 0x8F, 0x71, 0xE1, 0xFE, 0x37, 0xF1, 0xFE, 0x0F, 0x7B, 0xCE, 0x0E, 0x3B, 0x87, 0x0C, 0x1B,
    0x03, 0x0C, 0x1B, 0x03, 0x0E, 0x1B, 0x87, 0x0F, 0x3B, 0x8E, 0x06, 0x31, 0x86, 0x3F, 0x3E, 0x0C,
    0x7F, 0xFF, 0x1E, 0xF1, 0xE7, 0x0E, 0xE1, 0xC3, 0x07, 0xC0, 0xC3, 0x07, 0xC0, 0xC3, 0x03, 0xC0,
    0xC3, 0x03, 0xC0, 0xC3, 0x07, 0xE0, 0xC3, 0x87, 0x70, 0xC3, 0x8F, 0x70, 0xE7, 0xFE, 0x33, 0xFF,
    0xFE, 0x07, 0xBD, 0xC7, 0x07, 0x18, 0xC7, 0x06, 0x18, 0xC3, 0x07, 0x18, 0xC3, 0x07, 0x18, 0xE7,
    0x03, 0x98, 0xFE, 0x01, 0x98, 0x7E, 0x3F, 0x3E, 0x0C, 0x07, 0xE3, 0xFF, 0xF8, 0xF0, 0x7F, 0xBC,
    0x79, 0xC3, 0x87, 0x0F, 0xC3, 0x86, 0x0E, 0x38, 0x7C, 0x0C, 0x30, 0x71, 0x81, 0xE0, 0x61, 0x81,
    0x8C, 0x0F, 0x03, 0x0C, 0x0C, 0x60, 0x78, 0x18, 0x60, 0xE3, 0x03, 0xE0, 0xC3, 0x87, 0x18, 0x1B,
    0x86, 0x1C, 0x78, 0xC0, 0xDE, 0x30, 0x7F, 0xFF, 0xFE, 0x61, 0x81, 0xFF, 0xFF, 0xF0, 0x3F, 0x3E,
    0x0C, 0x7F, 0xFF, 0x1E, 0xF1, 0xE7, 0x0E, 0xE1, 0xC3, 0x07, 0xC0, 0xC3, 0x07, 0xC0, 0xC3, 0x03,
    0xC0, 0xC3, 0x03, 0xC0, 0xC3, 0x07, 0xE0, 0xC3, 0x87, 0x70, 0xC3, 0x8F, 0x78, 0xDF, 0xFE, 0x30,
    0xFF, 0xFC, 0x00, 0x73, 0x8E, 0x00, 0xFB, 0x8E, 0x00, 0xFD, 0x86, 0x00, 0xFD, 0x86, 0x00, 0xCD,
    0xCE, 0x00, 0xFD, 0xFE, 0x00, 0x78, 0xFC, 0x00, 0x03, 0xF8, 0x00, 0x0F, 0xFE, 0x00, 0x0E, 0x7E,
    0x00, 0x1C, 0x37, 0x00, 0x1C, 0x77, 0x7E, 0x18, 0x73, 0xFF, 0x18, 0x63, 0xE7, 0x18, 0xE3, 0xC3,
    0x19, 0xC3, 0xC3, 0x1B, 0x83, 0xE7, 0xFF, 0xFF, 0x67, 0xFF, 0xFF, 0x00, 0x00, 0x00, 0x00, 0x07,
    0xE7, 0xC0, 0x00, 0xFF, 0xFE, 0x00, 0x1E, 0x3C, 0x70, 0x01, 0xC3, 0x87, 0x00, 0x18, 0x18, 0x37,
    0xE1, 0x81, 0x83, 0xFF, 0x18, 0x18, 0x3E, 0x71, 0x81, 0x83, 0xC3, 0x1C, 0x18, 0x7C, 0x30, 0xC1,
    0x87, 0xE7, 0xFE, 0x18, 0xE6, 0x7F, 0xE1, 0x8C, 0x00, 0x00, 0x00, 0x00, 0x00, 0x03, 0xF0, 0x00,
    0x1F, 0xF8, 0x00, 0x38, 0x70, 0x00, 0xE0, 0x70, 0x01, 0x80, 0x6F, 0xC3, 0x00, 0xFF, 0xC6, 0x01,
    0xF3, 0x8C, 0x03, 0xC3, 0x1C, 0x0F, 0x86, 0x38, 0x1F, 0x9F, 0xF8, 0x73, 0x3F, 0xF8, 0xE0, 0x07,
    0x78, 0xE0, 0x1F, 0x71, 0xC0, 0x3F, 0x61, 0x80, 0x7E, 0xC3, 0x00, 0xCD, 0xCE, 0x01, 0xFB, 0xFC,
    0x01, 0xE3, 0xF0, 0x39, 0xFB, 0xBE, 0x30, 0x60, 0xC1, 0x83, 0x06, 0x0C, 0x18, 0x30, 0x60, 0xC1,
    0x83, 0x06, 0x0C, 0x39, 0xFB, 0xBE, 0x3C, 0x60, 0xC1, 0x83, 0x06, 0x0C, 0x18, 0x30, 0x60, 0xC1,
    0x83, 0x06, 0x0C, 0x78, 0xFE, 0xFE, 0xCF, 0xFF, 0x7B, 0x03, 0x03, 0x03, 0x03, 0x03, 0x03, 0x03,
    0x03, 0x03, 0x03, 0x03, 0x03, 0x38, 0xFE, 0xFF, 0xCF, 0xFF, 0x7B, 0x03, 0x03, 0x03, 0x03, 0x03,
    0x03, 0x03, 0x03, 0x03, 0x03, 0x03, 0x03, 0x78, 0x7C, 0x0C, 0x0C, 0x0C, 0x0C, 0x1C, 0x1C, 0x1C,
    0x3C, 0xFE, 0xE7, 0xC3, 0xC7, 0xE7, 0x7E, 0x3C, 0x78, 0x7C, 0x0C, 0x0C, 0x0C, 0x0C, 0x1C, 0x1C,
    0x18, 0x3C, 0xFE, 0xEF, 0xFF, 0xFF, 0xE7, 0x7E, 0x3C, 0x0E, 0x0E, 0x1C, 0x1C, 0x18, 0x18, 0x1C,
    0x1C, 0x0C, 0x0E, 0x0E, 0x07, 0x7F, 0xFF, 0xC3, 0xC7, 0xFF, 0x7E, 0x01, 0xC0, 0x38, 0x0E, 0x01,
    0xC0, 0x30, 0x06, 0x00, 0xE0, 0x1C, 0x01, 0x80, 0x38, 0x03, 0x00, 0x7F, 0xFF, 0xFE, 0xF6, 0xDF,
    0x07, 0xFF, 0xCF, 0xF0, 0x0E, 0x18, 0x70, 0xE1, 0x83, 0x06, 0x0E, 0x1C, 0x18, 0x38, 0x7C, 0x78,
    0xF1, 0xFF, 0x7C, 0x03, 0x03, 0x03, 0x03, 0x03, 0x03, 0x03, 0x03, 0x03, 0x03, 0x03, 0x03, 0x03,
    0x7F, 0xFF, 0x7F, 0x38, 0xE1, 0xC3, 0x0E, 0x1C, 0x38, 0x60, 0xC1, 0x83, 0x06, 0x0E, 0x1E, 0x1F,
    0x9E, 0x1E, 0x78, 0x7F, 0xFE, 0xFB, 0xDF, 0xFD, 0xBF, 0xFD, 0xBF, 0xCD, 0xB3, 0xFD, 0xBF, 0x79,
    0x9E, 0x1E, 0x3C, 0x0F, 0xFF, 0xC3, 0xEF, 0x7C, 0x7E, 0xDF, 0xEF, 0xDB, 0xFF, 0x9B, 0x6F, 0xFF,
    0x6F, 0xDB, 0xCD, 0xF7, 0x00, 0x00, 0x60, 0x0F, 0xF0, 0x1F, 0xF8, 0x1C, 0x18, 0x18, 0x00, 0x1E,
    0x00, 0x1F, 0xF0, 0x07, 0xF8, 0x00, 0x38, 0x00, 0x18, 0x18, 0x38, 0x1F, 0xF8, 0x3F, 0xFC, 0x7F,
    0xFE, 0xFB, 0xDF, 0xFD, 0xBF, 0xFD, 0xBF, 0xCD, 0xB3, 0xFD, 0xBF, 0x79, 0x9E, 0x07, 0xE0, 0x1F,
    0xF8, 0x1C, 0x38, 0x38, 0x1C, 0x30, 0x0C, 0x30, 0x0C, 0x30, 0x0C, 0x30, 0x0C, 0x38, 0x1C, 0x1C,
    0x38, 0x1F, 0xF8, 0x3F, 0xFC, 0x7F, 0xFE, 0xFB, 0xDF, 0xFD, 0xBF, 0xFD, 0xBF, 0xCD, 0xB3, 0xFD,
    0xBF, 0x79, 0x9E, 0x07, 0xF8, 0x0F, 0xFC, 0x1C, 0x1C, 0x18, 0x0C, 0x38, 0x1C, 0x38, 0xF8, 0x30,
    0xF8, 0x30, 0x3C, 0x30, 0x0C, 0x38, 0x1C, 0x38, 0xFC, 0x3F, 0xFC, 0x7F, 0xFE, 0xFB, 0xDF, 0xFD,
    0xBF, 0xFD, 0xBF, 0xCD, 0xB3, 0xFD, 0xBF, 0x79, 0x9E, 0x07, 0xF8, 0x0F, 0xFC, 0x1E, 0x0C, 0x18,
    0x0C, 0x39, 0xFC, 0x39, 0xF8, 0x31, 0xC0, 0x31, 0xFC, 0x30, 0xFC, 0x38, 0x0C, 0x3B, 0xFC, 0x3F,
    0xFC, 0x7F, 0xFE, 0xFB, 0xDF, 0xFD, 0xBF, 0xFD, 0xBF, 0xCD, 0xB3, 0xFD, 0xBF, 0x79, 0x9E, 0x0F,
    0xF0, 0x1F, 0xF8, 0x38, 0xDC, 0x38, 0xDC, 0x30, 0xCC, 0x31, 0xCC, 0x31, 0xCC, 0x33, 0x8C, 0x37,
    0x0C, 0x3F, 0x0C, 0x3F, 0xFC, 0x3F, 0xFC, 0x7F, 0xFE, 0xFB, 0xDF, 0xFD, 0xBF, 0xFD, 0xBF, 0xCD,
    0xB3, 0xFD, 0xBF, 0x79, 0x9E, 0x0F, 0xF0, 0x1F, 0xF8, 0x38, 0x1C, 0x70, 0xFE, 0x71, 0xFE, 0x63,
    0xDE, 0x63, 0x86, 0x73, 0x06, 0x73, 0x06, 0x3B, 0x8E, 0x3D, 0xFC, 0x3F, 0xFC, 0x7F, 0xFE, 0xFB,
    0xDF, 0xFD, 0xBF, 0xFD, 0xBF, 0xCD, 0xB3, 0xFD, 0xBF, 0x79, 0x9E, 0x07, 0xF0, 0x1F, 0xF8, 0x1C,
    0x38, 0x38, 0x1C, 0x30, 0x0C, 0x30, 0x0C, 0x30, 0x0C, 0x30, 0x0C, 0x38, 0x1C, 0x38, 0x1C, 0x1C,
    0x38, 0x1E, 0x78, 0x7F, 0xFE, 0xFF, 0xFF, 0xFF, 0xBF, 0xFD, 0xBF, 0xCD, 0xB3, 0xFD, 0xBF, 0x79,
    0x9E, 0x30, 0xF8, 0x39, 0xFC, 0x31, 0x8C, 0x31, 0x8C, 0x31, 0x8C, 0x39, 0xDC, 0x1F, 0xF8, 0x1F,
    0xF0, 0x07, 0xC0, 0x00, 0xC0, 0x1F, 0xC0, 0x3F, 0xFC, 0x7F, 0xFE, 0xFB, 0xDF, 0xFD, 0xBF, 0xFD,
    0xBF, 0xCD, 0xB3, 0xFD, 0xBF, 0x79, 0x9E, 0x0F, 0xF0, 0x03, 0xFF, 0x00, 0x70, 0x60, 0x0C, 0x00,
    0x01, 0xE0, 0x00, 0x3F, 0xE0, 0x01, 0xFE, 0x00, 0x01, 0xC0, 0x00, 0x18, 0x03, 0x07, 0x00, 0x7F,
    0xE0, 0x1F, 0xFF, 0x07, 0xFF, 0xF1, 0xF7, 0x9F, 0x3F, 0x6F, 0xF7, 0xED, 0xDF, 0xCD, 0xB3, 0xFF,
    0xB7, 0xED, 0xE6, 0x7B, 0x80, 0x00, 0x30, 0x07, 0xE0, 0x03, 0xFF, 0x00, 0x70, 0xE0, 0x1C, 0x0E,
    0x03, 0x00, 0xC0, 0x60, 0x18, 0x0C, 0x03, 0x01, 0x80, 0x60, 0x38, 0x1C, 0x03, 0x87, 0x00, 0x7F,
    0xE0, 0x1F, 0xFF, 0x07, 0xFF, 0xF1, 0xF7, 0x9F, 0x3F, 0x6F, 0xF7, 0xED, 0xDF, 0xCD, 0xB3, 0xFF,
    0xB7, 0xED, 0xE6, 0x7B, 0x80, 0x00, 0x30, 0x07, 0xF8, 0x01, 0xFF, 0x80, 0x78, 0x70, 0x0C, 0x06,
    0x03, 0x81, 0xC0, 0x71, 0xF0, 0x0C, 0x3E, 0x01, 0x81, 0xE0, 0x30, 0x0C, 0x07, 0x03, 0x80, 0xE3,
    0xF0, 0x1F, 0xFE, 0x07, 0xFF, 0xE1, 0xF7, 0x9E, 0x3F, 0x6F, 0xF7, 0xED, 0xDF, 0xCD, 0xB3, 0xFF,
    0xB7, 0xED, 0xE6, 0x7B, 0x80, 0x00, 0x30, 0x07, 0xF8, 0x01, 0xFF, 0x80, 0x78, 0x30, 0x0C, 0x06,
    0x03, 0x9F, 0xC0, 0x73, 0xF0, 0x0C, 0x70, 0x01, 0x8F, 0xE0, 0x30, 0xFC, 0x07, 0x01, 0x80, 0xEF,
    0xF0, 0x1F, 0xFF, 0x07, 0xFF, 0xF1, 0xF7, 0x9F, 0x3F, 0x6F, 0xF7, 0xED, 0xDF, 0xCD, 0xB3, 0xFF,
    0xB7, 0xED, 0xE6, 0x7B, 0x80, 0x00, 0x30, 0x0F, 0xF0, 0x03, 0xFF, 0x00, 0xE3, 0x70, 0x1C, 0x6E,
    0x03, 0x0C, 0xC0, 0x63, 0x98, 0x0C, 0x73, 0x01, 0x9C, 0x60, 0x37, 0x0C, 0x07, 0xE1, 0x80, 0xFF,
    0xF0, 0x1F, 0xFE, 0x07, 0xFF, 0xE1, 0xF7, 0x9E, 0x3F, 0x6F, 0xF7, 0xED, 0xDF, 0xCD, 0xB3, 0xFF,
    0xB7, 0xED, 0xE6, 0x7B, 0x80, 0x00, 0x30, 0x0F, 0xF0, 0x03, 0xFF, 0x00, 0xE0, 0x70, 0x38, 0x7F,
    0x07, 0x1F, 0xE0, 0xC7, 0xBC, 0x18, 0xE1, 0x83, 0x98, 0x30, 0x73, 0x06, 0x07, 0x71, 0xC0, 0xF7,
    0xF0, 0x1F, 0xFF, 0x07, 0xFF, 0xF1, 0xF7, 0x9F, 0x3F, 0x6F, 0xF7, 0xED, 0xDF, 0xCD, 0xB3, 0xFF,
    0xB7, 0xED, 0xE6, 0x7B, 0x80, 0x00, 0x30, 0x07, 0xF0, 0x03, 0xFF, 0x00, 0x70, 0xE0, 0x1C, 0x0E,
    0x03, 0x00, 0xC0, 0x60, 0x18, 0x0C, 0x03, 0x01, 0x80, 0x60, 0x38, 0x1C, 0x07, 0x03, 0x80, 0x70,
    0xE0, 0x0F, 0x1E, 0x07, 0xFF, 0xE1, 0xFF, 0xFE, 0x3F, 0xEF, 0xF7, 0xED, 0xDF, 0xCD, 0xB3, 0xFF,
    0xB7, 0xED, 0xE6, 0x7B, 0x80, 0x00, 0x30, 0x30, 0xF8, 0x07, 0x3F, 0x80, 0xC6, 0x30, 0x18, 0xC6,
    0x03, 0x18, 0xC0, 0x73, 0xB8, 0x07, 0xFE, 0x00, 0xFF, 0x80, 0x07, 0xC0, 0x00, 0x18, 0x00, 0x7F,
    0x00, 0x1F, 0xFE, 0x07, 0xFF, 0xF1, 0xF7, 0x9F, 0x3F, 0x6F, 0xF7, 0xED, 0xDF, 0xCD, 0xB3, 0xFF,
    0xB7, 0xED, 0xE6, 0x7B, 0x80, 0x00, 0x30, 0xFF, 0x80, 0xFF, 0xFF, 0xFF, 0xF0, 0xC7, 0x8F, 0x1E,
    0x3C, 0x78, 0xF1, 0xE3, 0xC7, 0x8F, 0x1E, 0x3C, 0x78, 0xC0, 0x00, 0x01, 0x80, 0x00, 0xC0, 0x00,
    0x60, 0x00, 0x30, 0x00, 0x1B, 0xF0, 0x0F, 0xFC, 0x07, 0xCE, 0x03, 0xC3, 0x01, 0xE1, 0x80, 0xF9,
    0xFF, 0xEC, 0xFF, 0xF0, 0x79, 0xE0, 0x7F, 0xF8, 0x7B, 0xDE, 0x33, 0x33, 0x1D, 0x99, 0x8E, 0xFD,
    0xC3, 0x7E, 0xC0, 0x07, 0x99, 0xFB, 0x73, 0xEC, 0x7D, 0x86, 0x00, 0xC0, 0x18, 0x03, 0x00, 0x60,
    0x0C, 0x01, 0x80, 0x30, 0x06, 0x00, 0xC0, 0x18, 0x03, 0x00, 0x60, 0x0C, 0x07, 0xC6, 0xFF, 0x37,
    0x7D, 0xB3, 0x7D, 0xFB, 0x87, 0xCC, 0x00, 0x60, 0x03, 0x00, 0x18, 0x00, 0xC0, 0x06, 0x00, 0x30,
    0x01, 0x80, 0x0C, 0x00, 0x60, 0x03, 0x00, 0x18, 0x00, 0xC0, 0x00, 0x1B, 0x0F, 0x61, 0xEE, 0x7D,
    0xFE, 0x1F, 0x80, 0x42, 0xE7, 0x7E, 0x3C, 0x3C, 0x7E, 0xFE, 0x18, 0x18, 0x18, 0x18, 0x18, 0x18,
    0x18, 0x18, 0x18, 0x18, 0x18, 0x18, 0x18, 0x18, 0x18, 0x00, 0x00, 0x02, 0x04, 0x10, 0x00, 0x00,
    0x20, 0x30, 0x01, 0x04, 0x61, 0x02, 0x00, 0x00, 0xDB, 0xDB, 0xE7, 0xFF, 0x3C, 0x18, 0x18, 0x18,
    0x18,
};

static const EpdGlyph malayalam_ui_10Glyphs[] = {
    { 2, 14, 117, 4, 13, 4, 0 }, // U+0964
    { 7, 14, 190, 4, 13, 13, 4 }, // U+0965
    { 7, 6, 0, -9, 18, 6, 17 }, // U+0D00
    { 8, 5, 0, -9, 19, 5, 23 }, // U+0D01
    { 8, 8, 151, 1, 8, 8, 28 }, // U+0D02
    { 6, 12, 112, 1, 12, 9, 36 }, // U+0D03
    { 11, 9, 194, 1, 9, 13, 45 }, // U+0D04
    { 30, 12, 498, 1, 12, 45, 58 }, // U+0D05
    { 33, 16, 549, 1, 12, 66, 103 }, // U+0D06
    { 19, 16, 329, 1, 12, 38, 169 }, // U+0D07
    { 35, 16, 582, 1, 12, 70, 207 }, // U+0D08
    { 13, 16, 231, 1, 12, 26, 277 }, // U+0D09
    { 28, 16, 484, 1, 12, 56, 303 }, // U+0D0A
    { 17, 17, 290, 1, 12, 37, 359 }, // U+0D0B
    { 23, 12, 389, 1, 12, 35, 396 }, // U+0D0C
    { 25, 17, 424, 1, 12, 54, 431 }, // U+0D0E
    { 25, 17, 424, 1, 12, 54, 485 }, // U+0D0F
    { 40, 17, 662, 1, 12, 85, 539 }, // U+0D10
    { 14, 12, 252, 1, 12, 21, 624 }, // U+0D12
    { 25, 12, 420, 1, 12, 38, 645 }, // U+0D13
    { 30, 12, 503, 1, 12, 45, 683 }, // U+0D14
    { 20, 12, 346, 1, 12, 30, 728 }, // U+0D15
    { 19, 12, 333, 1, 12, 29, 758 }, // U+0D16
    { 18, 12, 299, 1, 12, 27, 787 }, // U+0D17
    { 26, 12, 442, 1, 12, 39, 814 }, // U+0D18
    { 20, 12, 355, 1, 12, 30, 853 }, // U+0D19
    { 18, 12, 311, 0, 12, 27, 883 }, // U+0D1A
    { 27, 12, 450, 1, 12, 41, 910 }, // U+0D1B
    { 18, 12, 313, 1, 12, 27, 951 }, // U+0D1C
    { 33, 12, 552, 1, 12, 50, 978 }, // U+0D1D
    { 29, 12, 482, 1, 12, 44, 1028 }, // U+0D1E
    { 12, 12, 188, 0, 12, 18, 1072 }, // U+0D1F
    { 12, 12, 218, 1, 12, 18, 1090 }, // U+0D20
    { 24, 12, 408, 1, 12, 36, 1108 }, // U+0D21
    { 26, 12, 445, 1, 12, 39, 1144 }, // U+0D22
    { 27, 12, 456, 1, 12, 41, 1183 }, // U+0D23
    { 20, 12, 338, 1, 12, 30, 1224 }, // U+0D24
    { 16, 12, 299, 1, 12, 24, 1254 }, // U+0D25
    { 11, 12, 214, 1, 12, 17, 1278 }, // U+0D26
    { 18, 13, 304, 1, 13, 30, 1295 }, // U+0D27
    { 18, 13, 304, 1, 12, 30, 1325 }, // U+0D28
    { 20, 12, 340, 1, 12, 30, 1355 }, // U+0D29
    { 17, 13, 299, 1, 12, 28, 1385 }, // U+0D2A
    { 22, 13, 376, 1, 12, 36, 1413 }, // U+0D2B
    { 25, 12, 435, 1, 12, 38, 1449 }, // U+0D2C
    { 12, 12, 218, 1, 12, 18, 1487 }, // U+0D2D
    { 13, 12, 241, 1, 12, 20, 1505 }, // U+0D2E
    { 20, 12, 345, 1, 12, 30, 1525 }, // U+0D2F
    { 14, 12, 245, 1, 12, 21, 1555 }, // U+0D30
    { 12, 12, 225, 1, 12, 18, 1576 }, // U+0D31
    { 15, 12, 286, 1, 12, 23, 1594 }, // U+0D32
    { 14, 16, 241, 1, 12, 28, 1617 }, // U+0D33
    { 12, 12, 218, 1, 12, 18, 1645 }, // U+0D34
    { 18, 13, 319, 1, 12, 30, 1663 }, // U+0D35
    { 20, 12, 347, 1, 12, 30, 1693 }, // U+0D36
    { 22, 13, 383, 1, 12, 36, 1723 }, // U+0D37
    { 24, 12, 408, 1, 12, 36, 1759 }, // U+0D38
    { 23, 13, 397, 1, 12, 38, 1795 }, // U+0D39
    { 16, 16, 258, 0, 12, 32, 1833 }, // U+0D3A
    { 2, 6, 0, -6, 18, 2, 1865 }, // U+0D3B
    { 6, 6, 0, -5, 18, 5, 1867 }, // U+0D3C
    { 14, 22, 155, -2, 17, 39, 1872 }, // U+0D3D
    { 10, 12, 168, 0, 12, 15, 1911 }, // U+0D3E
    { 8, 18, 76, -4, 18, 18, 1926 }, // U+0D3F
    { 9, 18, 76, -6, 18, 21, 1944 }, // U+0D40
    { 8, 17, 111, 0, 12, 17, 1965 }, // U+0D41
    { 8, 17, 111, 0, 12, 17, 1982 }, // U+0D42
    { 8, 18, 81, -3, 12, 18, 1999 }, // U+0D43
    { 11, 18, 81, -5, 12, 25, 2017 }, // U+0D44
    { 13, 12, 238, 1, 12, 20, 2042 }, // U+0D46
    { 11, 12, 198, 1, 12, 17, 2062 }, // U+0D47
    { 28, 12, 477, 1, 12, 42, 2079 }, // U+0D48
    { 28, 12, 476, 1, 12, 42, 2121 }, // U+0D4A
    { 25, 12, 431, 1, 12, 38, 2163 }, // U+0D4B
    { 34, 12, 561, 1, 12, 51, 2201 }, // U+0D4C
    { 8, 5, 0, -6, 17, 5, 2252 }, // U+0D4D
    { 2, 4, 0, -7, 17, 1, 2257 }, // U+0D4E
    { 24, 17, 415, 1, 12, 51, 2258 }, // U+0D4F
    { 12, 17, 215, 1, 17, 26, 2309 }, // U+0D54
    { 20, 17, 344, 1, 17, 43, 2335 }, // U+0D55
    { 14, 17, 242, 1, 17, 30, 2378 }, // U+0D56
    { 14, 12, 253, 1, 12, 21, 2408 }, // U+0D57
    { 24, 18, 408, 1, 18, 54, 2429 }, // U+0D58
    { 22, 12, 377, 1, 12, 33, 2483 }, // U+0D59
    { 20, 13, 357, 1, 12, 33, 2516 }, // U+0D5A
    { 18, 13, 319, 1, 13, 30, 2549 }, // U+0D5B
    { 30, 12, 506, 1, 12, 45, 2579 }, // U+0D5C
    { 42, 12, 670, -1, 12, 63, 2624 }, // U+0D5D
    { 27, 12, 458, 1, 12, 41, 2687 }, // U+0D5E
    { 27, 12, 447, 1, 12, 41, 2728 }, // U+0D5F
    { 17, 16, 290, 1, 12, 34, 2769 }, // U+0D60
    { 26, 16, 440, 1, 12, 52, 2803 }, // U+0D61
    { 16, 8, 0, -17, 1, 16, 2855 }, // U+0D62
    { 19, 9, 0, -17, 1, 22, 2871 }, // U+0D63
    { 10, 10, 192, 1, 11, 13, 2893 }, // U+0D66
    { 17, 16, 299, 1, 12, 34, 2906 }, // U+0D67
    { 17, 13, 286, 1, 12, 28, 2940 }, // U+0D68
    { 22, 13, 361, 1, 12, 36, 2968 }, // U+0D69
    { 16, 16, 266, 1, 16, 32, 3004 }, // U+0D6A
    { 18, 19, 324, 1, 16, 43, 3036 }, // U+0D6B
    { 24, 16, 408, 1, 12, 48, 3079 }, // U+0D6C
    { 14, 16, 248, 1, 12, 28, 3127 }, // U+0D6D
    { 18, 16, 319, 1, 12, 36, 3155 }, // U+0D6E
    { 23, 16, 374, 1, 16, 46, 3191 }, // U+0D6F
    { 23, 17, 361, -1, 13, 49, 3237 }, // U+0D70
    { 17, 16, 302, 1, 12, 34, 3286 }, // U+0D71
    { 28, 12, 470, 1, 12, 42, 3320 }, // U+0D72
    { 15, 11, 261, 1, 11, 21, 3362 }, // U+0D73
    { 18, 17, 307, 1, 17, 39, 3383 }, // U+0D74
    { 25, 16, 411, 1, 16, 50, 3422 }, // U+0D75
    { 27, 13, 462, 1, 12, 44, 3472 }, // U+0D76
    { 35, 12, 571, 1, 12, 53, 3516 }, // U+0D77
    { 45, 12, 726, -1, 12, 68, 3569 }, // U+0D78
    { 23, 12, 382, 1, 12, 35, 3637 }, // U+0D79
    { 30, 17, 506, 1, 17, 64, 3672 }, // U+0D7A
    { 21, 17, 354, 1, 17, 45, 3736 }, // U+0D7B
    { 14, 17, 245, 1, 17, 30, 3781 }, // U+0D7C
    { 23, 17, 399, 1, 17, 49, 3811 }, // U+0D7D
    { 20, 17, 348, 1, 17, 43, 3860 }, // U+0D7E
    { 24, 17, 402, 1, 17, 51, 3903 }, // U+0D7F
    { 0, 0, 0, 0, 0, 0, 3954 }, // U+200C
    { 0, 0, 0, 0, 0, 0, 3954 }, // U+200D
    { 10, 11, 187, 1, 11, 14, 3954 }, // U+25CC
    { 10, 15, 200, 1, 15, 19, 3968 }, // U+F0000
    { 0, 0, 103, 0, 0, 0, 3987 }, // U+F0001
    { 7, 6, 0, -9, 18, 6, 3987 }, // U+F0002
    { 8, 5, 0, -9, 19, 5, 3993 }, // U+F0003
    { 8, 8, 151, 1, 8, 8, 3998 }, // U+F0004
    { 6, 12, 112, 1, 12, 9, 4006 }, // U+F0005
    { 11, 9, 194, 1, 9, 13, 4015 }, // U+F0006
    { 30, 12, 498, 1, 12, 45, 4028 }, // U+F0007
    { 33, 16, 549, 1, 12, 66, 4073 }, // U+F0008
    { 19, 16, 329, 1, 12, 38, 4139 }, // U+F0009
    { 35, 16, 582, 1, 12, 70, 4177 }, // U+F000A
    { 13, 16, 231, 1, 12, 26, 4247 }, // U+F000B
    { 28, 16, 484, 1, 12, 56, 4273 }, // U+F000C
    { 17, 17, 290, 1, 12, 37, 4329 }, // U+F000D
    { 23, 12, 389, 1, 12, 35, 4366 }, // U+F000E
    { 25, 17, 424, 1, 12, 54, 4401 }, // U+F000F
    { 25, 17, 424, 1, 12, 54, 4455 }, // U+F0010
    { 40, 17, 662, 1, 12, 85, 4509 }, // U+F0011
    { 14, 12, 252, 1, 12, 21, 4594 }, // U+F0012
    { 25, 12, 420, 1, 12, 38, 4615 }, // U+F0013
    { 30, 12, 503, 1, 12, 45, 4653 }, // U+F0014
    { 20, 12, 346, 1, 12, 30, 4698 }, // U+F0015
    { 19, 12, 333, 1, 12, 29, 4728 }, // U+F0016
    { 18, 12, 299, 1, 12, 27, 4757 }, // U+F0017
    { 26, 12, 442, 1, 12, 39, 4784 }, // U+F0018
    { 20, 12, 355, 1, 12, 30, 4823 }, // U+F0019
    { 18, 12, 311, 0, 12, 27, 4853 }, // U+F001A
    { 27, 12, 450, 1, 12, 41, 4880 }, // U+F001B
    { 18, 12, 313, 1, 12, 27, 4921 }, // U+F001C
    { 33, 12, 552, 1, 12, 50, 4948 }, // U+F001D
    { 29, 12, 482, 1, 12, 44, 4998 }, // U+F001E
    { 12, 12, 188, 0, 12, 18, 5042 }, // U+F001F
    { 12, 12, 218, 1, 12, 18, 5060 }, // U+F0020
    { 24, 12, 408, 1, 12, 36, 5078 }, // U+F0021
    { 26, 12, 445, 1, 12, 39, 5114 }, // U+F0022
    { 27, 12, 456, 1, 12, 41, 5153 }, // U+F0023
    { 20, 12, 338, 1, 12, 30, 5194 }, // U+F0024
    { 16, 12, 299, 1, 12, 24, 5224 }, // U+F0025
    { 11, 12, 214, 1, 12, 17, 5248 }, // U+F0026
    { 18, 13, 304, 1, 13, 30, 5265 }, // U+F0027
    { 18, 13, 304, 1, 12, 30, 5295 }, // U+F0028
    { 20, 12, 340, 1, 12, 30, 5325 }, // U+F0029
    { 17, 13, 299, 1, 12, 28, 5355 }, // U+F002A
    { 22, 13, 376, 1, 12, 36, 5383 }, // U+F002B
    { 25, 12, 435, 1, 12, 38, 5419 }, // U+F002C
    { 12, 12, 218, 1, 12, 18, 5457 }, // U+F002D
    { 13, 12, 241, 1, 12, 20, 5475 }, // U+F002E
    { 20, 12, 345, 1, 12, 30, 5495 }, // U+F002F
    { 14, 12, 245, 1, 12, 21, 5525 }, // U+F0030
    { 12, 12, 225, 1, 12, 18, 5546 }, // U+F0031
    { 15, 12, 286, 1, 12, 23, 5564 }, // U+F0032
    { 14, 16, 241, 1, 12, 28, 5587 }, // U+F0033
    { 12, 12, 218, 1, 12, 18, 5615 }, // U+F0034
    { 18, 13, 319, 1, 12, 30, 5633 }, // U+F0035
    { 20, 12, 347, 1, 12, 30, 5663 }, // U+F0036
    { 22, 13, 383, 1, 12, 36, 5693 }, // U+F0037
    { 24, 12, 408, 1, 12, 36, 5729 }, // U+F0038
    { 23, 13, 397, 1, 12, 38, 5765 }, // U+F0039
    { 16, 16, 258, 0, 12, 32, 5803 }, // U+F003A
    { 2, 6, 0, -6, 18, 2, 5835 }, // U+F003B
    { 6, 6, 0, -5, 18, 5, 5837 }, // U+F003C
    { 14, 22, 155, -2, 17, 39, 5842 }, // U+F003D
    { 10, 12, 168, 0, 12, 15, 5881 }, // U+F003E
    { 8, 18, 76, -4, 18, 18, 5896 }, // U+F003F
    { 9, 18, 76, -6, 18, 21, 5914 }, // U+F0040
    { 8, 17, 111, 0, 12, 17, 5935 }, // U+F0041
    { 8, 17, 111, 0, 12, 17, 5952 }, // U+F0042
    { 8, 18, 81, -3, 12, 18, 5969 }, // U+F0043
    { 11, 18, 81, -5, 12, 25, 5987 }, // U+F0044
    { 13, 12, 238, 1, 12, 20, 6012 }, // U+F0045
    { 11, 12, 198, 1, 12, 17, 6032 }, // U+F0046
    { 28, 12, 477, 1, 12, 42, 6049 }, // U+F0047
    { 28, 12, 476, 1, 12, 42, 6091 }, // U+F0048
    { 25, 12, 431, 1, 12, 38, 6133 }, // U+F0049
    { 34, 12, 561, 1, 12, 51, 6171 }, // U+F004A
    { 8, 5, 0, -6, 17, 5, 6222 }, // U+F004B
    { 2, 4, 0, -7, 17, 1, 6227 }, // U+F004C
    { 24, 17, 415, 1, 12, 51, 6228 }, // U+F004D
    { 12, 17, 215, 1, 17, 26, 6279 }, // U+F004E
    { 20, 17, 344, 1, 17, 43, 6305 }, // U+F004F
    { 14, 17, 242, 1, 17, 30, 6348 }, // U+F0050
    { 14, 12, 253, 1, 12, 21, 6378 }, // U+F0051
    { 24, 18, 408, 1, 18, 54, 6399 }, // U+F0052
    { 22, 12, 377, 1, 12, 33, 6453 }, // U+F0053
    { 20, 13, 357, 1, 12, 33, 6486 }, // U+F0054
    { 18, 13, 319, 1, 13, 30, 6519 }, // U+F0055
    { 30, 12, 506, 1, 12, 45, 6549 }, // U+F0056
    { 42, 12, 670, -1, 12, 63, 6594 }, // U+F0057
    { 27, 12, 458, 1, 12, 41, 6657 }, // U+F0058
    { 27, 12, 447, 1, 12, 41, 6698 }, // U+F0059
    { 17, 16, 290, 1, 12, 34, 6739 }, // U+F005A
    { 26, 16, 440, 1, 12, 52, 6773 }, // U+F005B
    { 16, 8, 0, -17, 1, 16, 6825 }, // U+F005C
    { 19, 9, 0, -17, 1, 22, 6841 }, // U+F005D
    { 10, 10, 192, 1, 11, 13, 6863 }, // U+F005E
    { 17, 16, 299, 1, 12, 34, 6876 }, // U+F005F
    { 17, 13, 286, 1, 12, 28, 6910 }, // U+F0060
    { 22, 13, 361, 1, 12, 36, 6938 }, // U+F0061
    { 16, 16, 266, 1, 16, 32, 6974 }, // U+F0062
    { 18, 19, 324, 1, 16, 43, 7006 }, // U+F0063
    { 24, 16, 408, 1, 12, 48, 7049 }, // U+F0064
    { 14, 16, 248, 1, 12, 28, 7097 }, // U+F0065
    { 18, 16, 319, 1, 12, 36, 7125 }, // U+F0066
    { 23, 16, 374, 1, 16, 46, 7161 }, // U+F0067
    { 23, 17, 361, -1, 13, 49, 7207 }, // U+F0068
    { 17, 16, 302, 1, 12, 34, 7256 }, // U+F0069
    { 28, 12, 470, 1, 12, 42, 7290 }, // U+F006A
    { 15, 11, 261, 1, 11, 21, 7332 }, // U+F006B
    { 18, 17, 307, 1, 17, 39, 7353 }, // U+F006C
    { 25, 16, 411, 1, 16, 50, 7392 }, // U+F006D
    { 27, 13, 462, 1, 12, 44, 7442 }, // U+F006E
    { 35, 12, 571, 1, 12, 53, 7486 }, // U+F006F
    { 45, 12, 726, -1, 12, 68, 7539 }, // U+F0070
    { 23, 12, 382, 1, 12, 35, 7607 }, // U+F0071
    { 30, 17, 506, 1, 17, 64, 7642 }, // U+F0072
    { 21, 17, 354, 1, 17, 45, 7706 }, // U+F0073
    { 14, 17, 245, 1, 17, 30, 7751 }, // U+F0074
    { 23, 17, 399, 1, 17, 49, 7781 }, // U+F0075
    { 20, 17, 348, 1, 17, 43, 7830 }, // U+F0076
    { 24, 17, 402, 1, 17, 51, 7873 }, // U+F0077
    { 23, 18, 346, 1, 18, 52, 7924 }, // U+F0078
    { 22, 18, 333, 1, 18, 50, 7976 }, // U+F0079
    { 20, 18, 299, 1, 18, 45, 8026 }, // U+F007A
    { 29, 18, 442, 1, 18, 66, 8071 }, // U+F007B
    { 23, 18, 355, 1, 18, 52, 8137 }, // U+F007C
    { 21, 18, 311, 0, 18, 48, 8189 }, // U+F007D
    { 29, 18, 450, 1, 18, 66, 8237 }, // U+F007E
    { 20, 18, 313, 1, 18, 45, 8303 }, // U+F007F
    { 35, 18, 552, 1, 18, 79, 8348 }, // U+F0080
    { 31, 18, 482, 1, 18, 70, 8427 }, // U+F0081
    { 14, 18, 188, 0, 18, 32, 8497 }, // U+F0082
    { 14, 18, 218, 1, 18, 32, 8529 }, // U+F0083
    { 26, 18, 408, 1, 18, 59, 8561 }, // U+F0084
    { 29, 18, 445, 1, 18, 66, 8620 }, // U+F0085
    { 29, 18, 456, 1, 18, 66, 8686 }, // U+F0086
    { 22, 18, 338, 1, 18, 50, 8752 }, // U+F0087
    { 19, 18, 299, 1, 18, 43, 8802 }, // U+F0088
    { 14, 18, 214, 1, 18, 32, 8845 }, // U+F0089
    { 20, 18, 304, 1, 18, 45, 8877 }, // U+F008A
    { 20, 19, 304, 1, 18, 48, 8922 }, // U+F008B
    { 20, 19, 299, 1, 18, 48, 8970 }, // U+F008C
    { 24, 19, 376, 1, 18, 57, 9018 }, // U+F008D
    { 28, 18, 435, 1, 18, 63, 9075 }, // U+F008E
    { 14, 18, 218, 1, 18, 32, 9138 }, // U+F008F
    { 15, 18, 241, 1, 18, 34, 9170 }, // U+F0090
    { 22, 18, 345, 1, 18, 50, 9204 }, // U+F0091
    { 16, 18, 245, 1, 18, 36, 9254 }, // U+F0092
    { 15, 18, 225, 1, 18, 34, 9290 }, // U+F0093
    { 18, 18, 286, 1, 18, 41, 9324 }, // U+F0094
    { 16, 22, 241, 1, 18, 44, 9365 }, // U+F0095
    { 15, 18, 218, 1, 18, 34, 9409 }, // U+F0096
    { 21, 19, 319, 1, 18, 50, 9443 }, // U+F0097
    { 23, 18, 347, 1, 18, 52, 9493 }, // U+F0098
    { 25, 19, 383, 1, 18, 60, 9545 }, // U+F0099
    { 26, 18, 408, 1, 18, 59, 9605 }, // U+F009A
    { 26, 19, 397, 1, 18, 62, 9664 }, // U+F009B
    { 36, 18, 565, 1, 18, 81, 9726 }, // U+F009C
    { 14, 9, 0, -15, 2, 16, 9807 }, // U+F009D
    { 8, 17, 81, -3, 12, 17, 9823 }, // U+F009E
    { 8, 16, 76, -5, 12, 16, 9840 }, // U+F009F
    { 7, 16, 81, 1, 12, 14, 9856 }, // U+F00A0
    { 30, 12, 502, 1, 12, 45, 9870 }, // U+F00A1
    { 36, 12, 603, 1, 12, 54, 9915 }, // U+F00A2
    { 20, 19, 346, 1, 12, 48, 9969 }, // U+F00A3
    { 20, 19, 346, 1, 12, 48, 10017 }, // U+F00A4
    { 33, 12, 565, 1, 12, 50, 10065 }, // U+F00A5
    { 17, 20, 299, 1, 12, 43, 10115 }, // U+F00A6
    { 18, 12, 311, 1, 12, 27, 10158 }, // U+F00A7
    { 27, 12, 463, 1, 12, 41, 10185 }, // U+F00A8
    { 24, 12, 408, 1, 12, 36, 10226 }, // U+F00A9
    { 17, 19, 299, 1, 12, 41, 10262 }, // U+F00AA
    { 21, 12, 353, 1, 12, 32, 10303 }, // U+F00AB
    { 21, 19, 353, 1, 12, 50, 10335 }, // U+F00AC
    { 31, 12, 520, 1, 12, 47, 10385 }, // U+F00AD
    { 18, 18, 311, 0, 12, 41, 10432 }, // U+F00AE
    { 19, 19, 311, 0, 12, 46, 10473 }, // U+F00AF
    { 38, 12, 632, 1, 12, 57, 10519 }, // U+F00B0
    { 48, 12, 790, 1, 12, 72, 10576 }, // U+F00B1
    { 32, 12, 546, 1, 12, 48, 10648 }, // U+F00B2
    { 43, 12, 714, 1, 12, 65, 10696 }, // U+F00B3
    { 33, 12, 550, 1, 12, 50, 10761 }, // U+F00B4
    { 44, 12, 730, 1, 12, 66, 10811 }, // U+F00B5
    { 12, 18, 188, 0, 12, 27, 10877 }, // U+F00B6
    { 24, 19, 408, 1, 12, 57, 10904 }, // U+F00B7
    { 24, 19, 408, 1, 12, 57, 10961 }, // U+F00B8
    { 40, 12, 669, 1, 12, 60, 11018 }, // U+F00B9
    { 43, 12, 706, 1, 12, 65, 11078 }, // U+F00BA
    { 30, 12, 511, 1, 12, 45, 11143 }, // U+F00BB
    { 27, 20, 456, 1, 12, 68, 11188 }, // U+F00BC
    { 29, 12, 487, 1, 12, 44, 11256 }, // U+F00BD
    { 26, 12, 445, 1, 12, 39, 11300 }, // U+F00BE
    { 28, 12, 476, 1, 12, 42, 11339 }, // U+F00BF
    { 29, 12, 500, 1, 12, 44, 11381 }, // U+F00C0
    { 33, 12, 549, 1, 12, 50, 11425 }, // U+F00C1
    { 35, 12, 586, 1, 12, 53, 11475 }, // U+F00C2
    { 33, 12, 561, 1, 12, 50, 11528 }, // U+F00C3
    { 19, 19, 338, 1, 12, 46, 11578 }, // U+F00C4
    { 11, 18, 214, 1, 12, 25, 11624 }, // U+F00C5
    { 23, 12, 395, 1, 12, 35, 11649 }, // U+F00C6
    { 18, 12, 318, 1, 12, 27, 11684 }, // U+F00C7
    { 31, 12, 517, 1, 12, 47, 11711 }, // U+F00C8
    { 25, 13, 419, 1, 12, 41, 11758 }, // U+F00C9
    { 20, 13, 358, 1, 12, 33, 11799 }, // U+F00CA
    { 21, 24, 354, 1, 17, 63, 11832 }, // U+F00CB
    { 26, 12, 445, 1, 12, 39, 11895 }, // U+F00CC
    { 31, 13, 527, 1, 12, 51, 11934 }, // U+F00CD
    { 17, 19, 299, 1, 12, 41, 11985 }, // U+F00CE
    { 17, 19, 299, 1, 12, 41, 12026 }, // U+F00CF
    { 22, 19, 376, 1, 12, 53, 12067 }, // U+F00D0
    { 25, 18, 435, 1, 12, 57, 12120 }, // U+F00D1
    { 25, 19, 435, 1, 12, 60, 12177 }, // U+F00D2
    { 25, 19, 435, 1, 12, 60, 12237 }, // U+F00D3
    { 25, 19, 435, 1, 12, 60, 12297 }, // U+F00D4
    { 23, 12, 413, 1, 12, 35, 12357 }, // U+F00D5
    { 23, 13, 398, 1, 12, 38, 12392 }, // U+F00D6
    { 23, 19, 398, 1, 12, 55, 12430 }, // U+F00D7
    { 14, 19, 241, 1, 12, 34, 12485 }, // U+F00D8
    { 20, 18, 345, 1, 12, 45, 12519 }, // U+F00D9
    { 12, 19, 225, 1, 12, 29, 12564 }, // U+F00DA
    { 15, 19, 286, 1, 12, 36, 12593 }, // U+F00DB
    { 15, 19, 286, 1, 12, 36, 12629 }, // U+F00DC
    { 28, 16, 477, 1, 12, 56, 12665 }, // U+F00DD
    { 18, 19, 319, 1, 12, 43, 12721 }, // U+F00DE
    { 18, 18, 319, 1, 12, 41, 12764 }, // U+F00DF
    { 29, 12, 504, 1, 12, 44, 12805 }, // U+F00E0
    { 41, 12, 672, 1, 12, 62, 12849 }, // U+F00E1
    { 20, 19, 347, 1, 12, 48, 12911 }, // U+F00E2
    { 20, 19, 347, 1, 12, 48, 12959 }, // U+F00E3
    { 22, 19, 383, 1, 12, 53, 13007 }, // U+F00E4
    { 24, 19, 408, 1, 12, 57, 13060 }, // U+F00E5
    { 24, 19, 408, 1, 12, 57, 13117 }, // U+F00E6
    { 37, 12, 630, 1, 12, 56, 13174 }, // U+F00E7
    { 24, 19, 408, 1, 12, 57, 13230 }, // U+F00E8
    { 24, 13, 412, 1, 12, 39, 13287 }, // U+F00E9
    { 28, 13, 475, 1, 12, 46, 13326 }, // U+F00EA
    { 23, 19, 397, 1, 12, 55, 13372 }, // U+F00EB
    { 7, 18, 76, -4, 18, 16, 13427 }, // U+F00EC
    { 7, 18, 116, -1, 18, 16, 13443 }, // U+F00ED
    { 8, 18, 89, -4, 18, 18, 13459 }, // U+F00EE
    { 8, 18, 126, -1, 18, 18, 13477 }, // U+F00EF
    { 8, 17, 117, 0, 12, 17, 13495 }, // U+F00F0
    { 8, 17, 117, 0, 12, 17, 13512 }, // U+F00F1
    { 8, 18, 113, 0, 12, 18, 13529 }, // U+F00F2
    { 11, 18, 162, 0, 12, 25, 13547 }, // U+F00F3
    { 7, 17, 113, 0, 12, 15, 13572 }, // U+F00F4
    { 8, 16, 132, -1, 12, 16, 13587 }, // U+F00F5
    { 7, 16, 108, 1, 12, 14, 13603 }, // U+F00F6
    { 16, 8, 265, 1, 1, 16, 13617 }, // U+F00F7
    { 19, 9, 265, 1, 1, 22, 13633 }, // U+F00F8
    { 16, 19, 265, 1, 12, 38, 13655 }, // U+F00F9
    { 16, 19, 265, 1, 12, 38, 13693 }, // U+F00FA
    { 16, 19, 265, 1, 12, 38, 13731 }, // U+F00FB
    { 16, 19, 265, 1, 12, 38, 13769 }, // U+F00FC
    { 16, 19, 265, 1, 12, 38, 13807 }, // U+F00FD
    { 16, 19, 265, 1, 12, 38, 13845 }, // U+F00FE
    { 16, 19, 265, 1, 12, 38, 13883 }, // U+F00FF
    { 16, 19, 265, 1, 12, 38, 13921 }, // U+F0100
    { 19, 20, 265, 1, 12, 48, 13959 }, // U+F0101
    { 19, 20, 265, 1, 12, 48, 14007 }, // U+F0102
    { 19, 20, 265, 1, 12, 48, 14055 }, // U+F0103
    { 19, 20, 265, 1, 12, 48, 14103 }, // U+F0104
    { 19, 20, 265, 1, 12, 48, 14151 }, // U+F0105
    { 19, 20, 265, 1, 12, 48, 14199 }, // U+F0106
    { 19, 20, 265, 1, 12, 48, 14247 }, // U+F0107
    { 19, 20, 265, 1, 12, 48, 14295 }, // U+F0108
    { 3, 3, 89, 1, 3, 2, 14343 }, // U+F0109
    { 2, 14, 117, 4, 13, 4, 14345 }, // U+F010A
    { 7, 14, 190, 4, 13, 13, 14349 }, // U+F010B
    { 17, 19, 299, 1, 12, 41, 14362 }, // U+F010C
    { 11, 18, 76, -8, 18, 25, 14403 }, // U+F010D
    { 13, 18, 76, -9, 18, 30, 14428 }, // U+F010E
    { 11, 6, 0, -9, 18, 9, 14458 }, // U+F010F
    { 0, 0, 0, 0, 0, 0, 14467 }, // U+F0110
    { 8, 23, 0, -4, 17, 23, 14467 }, // U+F0111
    { 10, 11, 187, 1, 11, 14, 14490 }, // U+F0112
    { 8, 9, 0, -9, 18, 9, 14504 }, // U+F0113
};

static const EpdUnicodeInterval malayalam_ui_10Intervals[] = {
    { 0x964, 0x965, 0x0 },
    { 0xD00, 0xD0C, 0x2 },
    { 0xD0E, 0xD10, 0xF },
    { 0xD12, 0xD44, 0x12 },
    { 0xD46, 0xD48, 0x45 },
    { 0xD4A, 0xD4F, 0x48 },
    { 0xD54, 0xD63, 0x4E },
    { 0xD66, 0xD7F, 0x5E },
    { 0x200C, 0x200D, 0x78 },
    { 0x25CC, 0x25CC, 0x7A },
    { 0xF0000, 0xF0113, 0x7B },
};

static BuiltinShapingFace malayalam_ui_10Shaping = {
    malayalamLayout,
    sizeof(malayalamLayout),
    0xEA995BAD,
    1333,
    &malayalam_ui_10Glyphs[123],
    276,
    nullptr,
};

static constexpr EpdFontData malayalam_ui_10 = {
    malayalam_ui_10Bitmaps,
    malayalam_ui_10Glyphs,
    malayalam_ui_10Intervals,
    11,
    26,
    18,
    -8,
    false,
    nullptr,
    0,
    nullptr,
    nullptr,
    nullptr,
    nullptr,
    nullptr,
    nullptr,
    nullptr,
    nullptr,
    nullptr,
    nullptr,
    nullptr,
    0,
    0,
    0,
    0,
    nullptr,
    0,
    nullptr,  // glyphMissHandler
    nullptr,  // glyphMissCtx
    nullptr,  // coverageHandler
    &builtinShaping::shape,
    &malayalam_ui_10Shaping,
};
