/**
 * generated by fontconvert.py
 * name: myanmar_16_bold
 * size: 16
 * mode: 2-bit  compressed: true
 * Command used: fontconvert.py myanmar_16_bold 16 ../builtinFonts/source/NotoSansMyanmar/NotoSansMyanmar-Bold.ttf --no-default-intervals --additional-intervals 0x1000,0x109F --additional-intervals 0x0964,0x0965 --additional-intervals 0x200C,0x200D --additional-intervals 0x25CC,0x25CC --shaping-font ../builtinFonts/source/NotoSansMyanmar/NotoSansMyanmar-Bold.ttf --shaping-scripts myanmar --shaping-layout-symbol myanmarLayout --shaping-layout-header myanmar_layout.h --shaping-layout-font ../builtinFonts/source/NotoSansMyanmar/NotoSansMyanmar-Regular.ttf --2bit --compress --pnum --darken-aa --zopfli --max-group-bytes 16384
 */
#pragma once
#include "EpdFontData.h"

#include "BuiltinShaping.h"
#include "myanmar_layout.h"

static const uint8_t myanmar_16_boldBitmaps[25562] = {
    0xD5, 0x5B, 0x3D, 0xB0, 0xE4, 0xC6, 0x71, 0x9E, 0xC5, 0x92, 0x07, 0x59, 0xB0, 0x0A, 0x17, 0x30,
    0x70, 0xD5, 0xAB, 0xF2, 0x2A, 0x70, 0xE0, 0x72, 0xB9, 0x0A, 0x29, 0xB3, 0x81, 0xA8, 0xC0, 0x01,
    0x03, 0x27, 0xCC, 0x1C, 0x30, 0x77, 0xF2, 0xF2, 0x2A, 0x97, 0x07, 0xE2, 0x05, 0x0E, 0x9C, 0x5C,
    0x39, 0x75, 0x60, 0xC6, 0x4A, 0xE8, 0x72, 0x2C, 0x7A, 0x70, 0xBC, 0x40, 0x01, 0x03, 0x81, 0x66,
    0xA0, 0x80, 0x81, 0x71, 0xE4, 0x49, 0x2A, 0xD7, 0x05, 0x1A, 0x52, 0xB0, 0x8D, 0xE7, 0xC3, 0xA2,
    0xDD, 0xDF, 0x37, 0x98, 0xC5, 0xDE, 0xDB, 0x7D, 0x8F, 0x8F, 0x3C, 0xD2, 0xA6, 0x70, 0x0F, 0x3D,
    0xBD, 0x33, 0x8D, 0xF9, 0xE9, 0xE9, 0xEE, 0xE9, 0xE9, 0x99, 0x33, 0x85, 0xF4, 0xE6, 0x72, 0xAE,
    0x8D, 0xF1, 0x22, 0xB9, 0x48, 0x30, 0x5B, 0x11, 0xF9, 0xAD, 0xC8, 0xDE, 0x94, 0x12, 0x9F, 0x7A,
    0x27, 0xB5, 0x97, 0xBE, 0x90, 0xD6, 0x4E, 0x66, 0x27, 0x8D, 0x91, 0xDE, 0x06, 0x53, 0xCC, 0xFA,
    0x49, 0xF0, 0xC1, 0xE4, 0x8A, 0xD8, 0xE0, 0x7B, 0xB3, 0xBD, 0x86, 0xA4, 0x22, 0xA7, 0xC4, 0x7B,
    0x63, 0x5C, 0xB0, 0x83, 0x29, 0x27, 0x83, 0xCF, 0x27, 0x63, 0xA7, 0x57, 0x72, 0x69, 0x77, 0xB3,
    0xF1, 0x43, 0xA9, 0x4D, 0x68, 0xBE, 0x0D, 0x95, 0xCC, 0x66, 0x3B, 0x9A, 0x5D, 0x6B, 0x65, 0x30,
    0x26, 0x98, 0xEF, 0xB3, 0xB5, 0xF5, 0xA9, 0x90, 0x5D, 0x88, 0x68, 0xA6, 0x15, 0x74, 0xB5, 0x52,
    0x38, 0x99, 0xF2, 0xA9, 0x71, 0xB3, 0x79, 0x15, 0x45, 0xA0, 0xDA, 0x4A, 0xAD, 0x30, 0x53, 0xA2,
    0x4B, 0xF9, 0xB5, 0x34, 0xA0, 0x97, 0xC6, 0x13, 0xBA, 0xBD, 0x71, 0x52, 0xDB, 0x5E, 0x87, 0x66,
    0x2A, 0xC5, 0x67, 0x8E, 0x71, 0xE2, 0x90, 0x03, 0x39, 0xD0, 0xA0, 0x96, 0xA7, 0x26, 0x41, 0x27,
    0x52, 0xB3, 0xB4, 0x67, 0xBB, 0x83, 0x51, 0x56, 0x38, 0x74, 0xDE, 0x94, 0xB3, 0xB1, 0x3A, 0x40,
    0x31, 0x5E, 0x39, 0xA6, 0xB0, 0x47, 0xBB, 0x47, 0xD0, 0x38, 0xE6, 0xDB, 0x01, 0xBD, 0x02, 0xDF,
    0x66, 0xFC, 0xE1, 0xC3, 0xC9, 0x54, 0x23, 0x86, 0x59, 0x6A, 0x8B, 0x4A, 0x93, 0x06, 0x58, 0xCC,
    0xCB, 0x78, 0xAD, 0xB4, 0x91, 0x03, 0xA2, 0x8C, 0xEA, 0xC1, 0x13, 0x2B, 0x21, 0x72, 0xE9, 0x07,
    0x36, 0x28, 0xDF, 0xB6, 0xD2, 0x6A, 0x7B, 0x91, 0x93, 0x8A, 0x47, 0xDE, 0x96, 0x52, 0x47, 0xB6,
    0xEB, 0xB8, 0x22, 0x62, 0x87, 0x05, 0x71, 0xEB, 0x44, 0xC4, 0x59, 0x03, 0xB2, 0xCC, 0xA3, 0xF2,
    0x5F, 0x06, 0x9D, 0x88, 0x4A, 0xF8, 0x44, 0x76, 0xFD, 0xBB, 0x68, 0xA3, 0x1B, 0x05, 0xB9, 0x80,
    0xE3, 0x17, 0x90, 0x10, 0x30, 0xF5, 0x1E, 0x78, 0x02, 0x96, 0x64, 0xE0, 0x08, 0x28, 0x47, 0xE5,
    0xC7, 0xE5, 0xA8, 0xA3, 0xCA, 0x5B, 0xE5, 0x06, 0xAA, 0x06, 0xE8, 0x13, 0xE0, 0x4F, 0x2D, 0xD8,
    0x18, 0x90, 0xF4, 0x4A, 0x5C, 0x4D, 0xF8, 0x6C, 0xCA, 0xC8, 0x70, 0x07, 0x7E, 0xE7, 0x68, 0x82,
    0x20, 0xFE, 0x8E, 0x45, 0xA4, 0xD2, 0x4E, 0xF6, 0x3A, 0x65, 0xF6, 0xB9, 0x8E, 0xCE, 0xD8, 0x8F,
    0x47, 0xF0, 0xF6, 0x83, 0x69, 0x2B, 0x8D, 0xFF, 0x89, 0xD6, 0x90, 0xE0, 0x3B, 0xC8, 0xB1, 0x8F,
    0x51, 0x6A, 0x9F, 0x2B, 0x9B, 0xF4, 0xAB, 0xA0, 0x5F, 0xB1, 0x7B, 0x4B, 0x6D, 0xEC, 0x74, 0x6A,
    0xA5, 0xD2, 0xE1, 0xF8, 0xB9, 0x46, 0xD1, 0x5E, 0x89, 0xC0, 0x0A, 0x11, 0xFF, 0x82, 0xC0, 0xE7,
    0xFD, 0x46, 0xA4, 0x53, 0x81, 0x47, 0xF7, 0x05, 0x7C, 0x56, 0x04, 0x0C, 0x77, 0x81, 0x08, 0x07,
    0x75, 0x29, 0xFF, 0x44, 0x04, 0x0D, 0x11, 0xF1, 0x09, 0x71, 0x57, 0x1B, 0x21, 0xB1, 0xED, 0x97,
    0xCF, 0xAB, 0xFD, 0x46, 0xA8, 0x41, 0x87, 0x26, 0xB6, 0xA9, 0x51, 0xE3, 0x97, 0x6E, 0x98, 0x82,
    0x1D, 0x23, 0x9F, 0xAF, 0x22, 0x37, 0xDA, 0x45, 0x32, 0xCB, 0x85, 0x1B, 0x3F, 0x56, 0x68, 0xA7,
    0xBC, 0x53, 0x9E, 0x84, 0xBC, 0x9F, 0x94, 0xBF, 0x5B, 0x99, 0x95, 0xD5, 0x99, 0x48, 0xA7, 0x0C,
    0x77, 0x0A, 0x21, 0xC6, 0x1D, 0xBA, 0x59, 0x75, 0x76, 0x8A, 0x4A, 0x53, 0xBF, 0x66, 0x50, 0xC3,
    0x6C, 0x58, 0x5B, 0x13, 0x6B, 0xD6, 0x56, 0x90, 0xC3, 0x46, 0x77, 0x5A, 0x93, 0xCC, 0x9A, 0xA0,
    0xBC, 0xDD, 0x71, 0x8A, 0xC2, 0x6E, 0xDA, 0xC9, 0x23, 0x19, 0x76, 0x93, 0x85, 0xBE, 0xEE, 0x26,
    0xF7, 0xF3, 0x50, 0x6A, 0xE2, 0x1F, 0x0C, 0xE5, 0x9E, 0x49, 0x31, 0xAF, 0x09, 0x33, 0x13, 0x89,
    0x95, 0x80, 0x0F, 0x76, 0xF2, 0x91, 0x0C, 0xA9, 0xB2, 0x54, 0x35, 0x74, 0xAC, 0xD6, 0xA4, 0x88,
    0x89, 0xD9, 0x7E, 0x95, 0xA4, 0x1A, 0x53, 0x02, 0xF5, 0x46, 0xB2, 0x91, 0x56, 0xC5, 0x1C, 0x1C,
    0x8E, 0x92, 0x27, 0x9C, 0x29, 0x8B, 0xF1, 0x71, 0xCC, 0x0A, 0xCD, 0x06, 0x52, 0x5B, 0x2D, 0x86,
    0x24, 0xA3, 0x44, 0xC7, 0x42, 0x21, 0x52, 0x81, 0x27, 0x44, 0xC6, 0x5C, 0x3A, 0x20, 0xDB, 0xCE,
    0x60, 0x3A, 0xF8, 0xB8, 0x84, 0xD8, 0x03, 0x32, 0x9C, 0x20, 0xB1, 0xA8, 0x5E, 0x88, 0x8B, 0xF4,
    0xB9, 0xD3, 0x0A, 0x5B, 0x20, 0x9E, 0x4D, 0x10, 0x21, 0xCF, 0x89, 0x8C, 0x11, 0x79, 0xC6, 0x92,
    0xA8, 0x2F, 0x2F, 0x8D, 0x6C, 0x65, 0x45, 0x5C, 0x58, 0x10, 0xF6, 0x93, 0x56, 0x48, 0xF0, 0x60,
    0xA2, 0x23, 0xA2, 0x2A, 0x19, 0x11, 0xC8, 0x0C, 0x91, 0x3A, 0x32, 0xCA, 0x5F, 0x45, 0x46, 0x6D,
    0xD0, 0x6D, 0x32, 0x2A, 0x19, 0xDB, 0xC6, 0xCB, 0x18, 0x19, 0xF5, 0xC3, 0x6A, 0xBF, 0x30, 0x8A,
    0x56, 0x97, 0xE6, 0x8E, 0x88, 0x05, 0x52, 0x93, 0x3F, 0x27, 0x08, 0x8B, 0xC0, 0x28, 0xE4, 0x90,
    0x51, 0x93, 0xD6, 0x4F, 0x46, 0xD1, 0x38, 0x7B, 0xE1, 0x33, 0x92, 0x51, 0xFA, 0x06, 0x32, 0xAA,
    0xD2, 0x42, 0x32, 0x2A, 0x93, 0xF1, 0xBB, 0xC3, 0x28, 0x28, 0x0E, 0x7E, 0x26, 0xB5, 0x22, 0xA3,
    0x3A, 0x53, 0xB1, 0x66, 0x3B, 0x9A, 0x5D, 0x12, 0x1E, 0x1F, 0x61, 0xBF, 0x42, 0xE6, 0xA0, 0xF4,
    0x15, 0x43, 0xCA, 0x9A, 0x5F, 0x45, 0x35, 0x07, 0x67, 0x00, 0x4D, 0x84, 0x17, 0xA2, 0xBC, 0x7A,
    0x9D, 0x3C, 0xB4, 0x4F, 0x37, 0x5E, 0x21, 0xF2, 0x09, 0x03, 0x61, 0x0D, 0xF8, 0x90, 0xBC, 0xBD,
    0xB7, 0x96, 0xAE, 0x30, 0xF3, 0x80, 0x54, 0x8A, 0x8E, 0xB0, 0x3F, 0x86, 0x1C, 0x05, 0x07, 0xC1,
    0x31, 0x70, 0x08, 0x1C, 0x01, 0x07, 0xE0, 0x6E, 0x32, 0xE9, 0xEC, 0x3A, 0x7B, 0xCE, 0x8E, 0xB3,
    0xDF, 0xB1, 0xDB, 0x04, 0x17, 0xB1, 0x49, 0x7B, 0x16, 0x64, 0xD2, 0xDB, 0xA1, 0x94, 0xC9, 0x0E,
    0x56, 0x46, 0x3B, 0x38, 0x09, 0x70, 0x15, 0x6A, 0x00, 0xAC, 0x4C, 0x22, 0x5A, 0xAE, 0x80, 0x96,
    0x12, 0x8B, 0xD0, 0x48, 0x99, 0x4C, 0x9A, 0x0B, 0x3B, 0x96, 0x74, 0xD6, 0x52, 0xBF, 0xF2, 0x36,
    0xA9, 0x1B, 0xA1, 0x8D, 0x70, 0x38, 0x82, 0xA9, 0xB4, 0x20, 0xA5, 0x1B, 0xA0, 0xE6, 0x54, 0x49,
    0xC2, 0xA4, 0x8C, 0xFE, 0xB9, 0x66, 0x70, 0x8C, 0xEF, 0x62, 0x90, 0x55, 0xCF, 0xD2, 0x04, 0x1D,
    0xE1, 0xC6, 0x03, 0x82, 0x0B, 0xB7, 0x43, 0x69, 0x4F, 0x61, 0xA1, 0x3C, 0xD6, 0xC9, 0x52, 0xA4,
    0xC7, 0xCA, 0xBE, 0x1B, 0x0D, 0xED, 0xA4, 0xD1, 0x35, 0xBD, 0x14, 0x7C, 0xB9, 0x15, 0x9D, 0x84,
    0x36, 0x93, 0xBA, 0x94, 0xDA, 0x48, 0xA3, 0xFA, 0xA5, 0xD0, 0x0E, 0x80, 0xDA, 0xF9, 0x0D, 0x20,
    0xD4, 0xC7, 0x45, 0x8F, 0x62, 0x36, 0x2E, 0xCA, 0xE7, 0xC8, 0x95, 0x0E, 0x04, 0x14, 0xCB, 0x0B,
    0xFA, 0x2D, 0xB9, 0x3C, 0xCD, 0x67, 0x2E, 0x26, 0xE8, 0xB9, 0x93, 0x4F, 0x40, 0x91, 0xC9, 0xF2,
    0xC4, 0xC5, 0x71, 0x75, 0xEE, 0xDC, 0xBC, 0x4D, 0xEE, 0x5D, 0xB1, 0xCF, 0xB8, 0x60, 0x41, 0x55,
    0xE7, 0xED, 0x9E, 0x2E, 0x1E, 0xEA, 0xDE, 0x4E, 0x8B, 0x6F, 0x67, 0x24, 0x3F, 0x41, 0x57, 0x02,
    0x74, 0x74, 0x06, 0xEA, 0x82, 0x8A, 0x47, 0x46, 0x54, 0xFA, 0x6A, 0x36, 0x19, 0x68, 0x73, 0xCE,
    0xAA, 0x76, 0x14, 0x8B, 0x42, 0xB3, 0xD5, 0x57, 0x64, 0x2C, 0x65, 0x26, 0x7F, 0x94, 0x1B, 0x65,
    0x94, 0xF8, 0xB6, 0x40, 0xAF, 0x9A, 0xA8, 0x62, 0x8E, 0x63, 0x58, 0x5C, 0x91, 0x6D, 0x72, 0x4E,
    0x8A, 0xA3, 0xDE, 0xC3, 0x81, 0xB9, 0xC9, 0x35, 0xDD, 0x27, 0x8F, 0x74, 0x7F, 0xE2, 0x9A, 0x32,
    0x07, 0xC4, 0xEC, 0x2D, 0x3E, 0x67, 0x5F, 0x51, 0xE1, 0x08, 0xD7, 0x94, 0x5C, 0x2D, 0x97, 0x95,
    0xBA, 0xAD, 0xD0, 0x4B, 0x47, 0x5F, 0x6C, 0x88, 0x1D, 0x3B, 0xF4, 0xF0, 0x72, 0xED, 0x61, 0xB8,
    0xA1, 0x87, 0x89, 0xBB, 0x8A, 0xC7, 0x1E, 0x96, 0xA7, 0x3D, 0x9C, 0x6F, 0xEE, 0x21, 0x89, 0x0F,
    0x9F, 0x1F, 0x2A, 0x3C, 0x34, 0x91, 0x1A, 0x5D, 0xBB, 0xB1, 0xB2, 0xEE, 0x02, 0xD9, 0x1B, 0x4A,
    0xAF, 0x96, 0xD0, 0xDE, 0xD2, 0xD5, 0x51, 0x19, 0x50, 0x38, 0x62, 0xF8, 0x79, 0x57, 0xC8, 0x48,
    0xCB, 0xD7, 0x11, 0x3E, 0x24, 0x54, 0x6E, 0xE0, 0x6B, 0x68, 0x8D, 0xCA, 0x24, 0x6D, 0x78, 0x63,
    0x39, 0x1C, 0xD4, 0x00, 0x59, 0x5D, 0xBC, 0x17, 0x19, 0xE8, 0x4B, 0xD4, 0xB7, 0x78, 0x71, 0x35,
    0xBC, 0xB8, 0x91, 0x72, 0x1B, 0xA2, 0x87, 0x0C, 0x79, 0xF6, 0xFF, 0x26, 0xBF, 0x4A, 0x9E, 0x79,
    0x84, 0x76, 0xAE, 0xD5, 0xD1, 0x24, 0x25, 0xBE, 0xBA, 0xCD, 0x8B, 0xCB, 0xC1, 0xFE, 0x8A, 0x8A,
    0x0B, 0x1D, 0x66, 0x5F, 0xE4, 0xD1, 0xA0, 0xA0, 0xBD, 0xAF, 0x79, 0x63, 0xB2, 0x78, 0x71, 0x20,
    0x5E, 0xEA, 0x7C, 0x2E, 0x30, 0x8D, 0xAD, 0x74, 0xF6, 0xED, 0xDE, 0xF5, 0xAE, 0x08, 0xBE, 0x73,
    0x7F, 0xF1, 0x3F, 0xD2, 0x5A, 0x7A, 0x26, 0x0A, 0x16, 0x13, 0x03, 0x99, 0xFD, 0x86, 0x40, 0x7C,
    0x74, 0xC8, 0x2D, 0x1C, 0xFE, 0x22, 0x80, 0xED, 0x25, 0x18, 0x62, 0xAA, 0x3D, 0xF7, 0x02, 0x5C,
    0x74, 0x72, 0x31, 0x2E, 0xB2, 0x05, 0x3A, 0xDA, 0xF8, 0x7E, 0x85, 0xCC, 0x6F, 0x22, 0xD3, 0x22,
    0x3D, 0xD9, 0x72, 0x7E, 0xDB, 0x32, 0x1E, 0xB5, 0x58, 0x19, 0xB4, 0xE8, 0x3A, 0xB4, 0xC8, 0x6D,
    0x4B, 0x46, 0xD7, 0x71, 0x0B, 0x09, 0x1E, 0x8A, 0x2F, 0xD0, 0x62, 0xD1, 0xA3, 0xC5, 0xB2, 0x43,
    0x5B, 0x65, 0xE7, 0x13, 0x0C, 0x45, 0xD0, 0xB6, 0x42, 0xAE, 0x34, 0xA0, 0x47, 0x8B, 0x6F, 0xC8,
    0xCD, 0x2D, 0x66, 0xAD, 0x31, 0x2A, 0x5A, 0x3A, 0xBA, 0x11, 0x52, 0x5D, 0x4D, 0xA6, 0xA2, 0x75,
    0xB2, 0xD2, 0xFA, 0x65, 0x25, 0x35, 0x0E, 0xB0, 0x56, 0x03, 0x2B, 0x68, 0xCB, 0xFF, 0xC3, 0x61,
    0x8C, 0x1C, 0x9D, 0x3B, 0x1A, 0x5D, 0x05, 0x63, 0x74, 0x63, 0x5B, 0x58, 0x08, 0x92, 0xEB, 0x3E,
    0x15, 0xC9, 0x31, 0x76, 0x98, 0x7B, 0x9B, 0x74, 0xC1, 0x8E, 0x59, 0xF4, 0xB4, 0xF3, 0x76, 0x75,
    0xDD, 0xA1, 0xDA, 0x7E, 0x75, 0xDD, 0x6F, 0x45, 0x40, 0x0C, 0xEE, 0xE8, 0xE7, 0x03, 0x3E, 0x77,
    0x5A, 0x61, 0xF8, 0x5E, 0xBE, 0xC8, 0x49, 0x85, 0xBD, 0x2A, 0xDB, 0x91, 0x99, 0xDD, 0xC0, 0xFE,
    0x09, 0x1D, 0x7B, 0x18, 0x57, 0xA9, 0xFB, 0x67, 0x66, 0x7C, 0xC7, 0xDD, 0xDF, 0x3A, 0xE3, 0x61,
    0xF1, 0x3A, 0xB2, 0x73, 0x8A, 0xE0, 0x92, 0x22, 0x80, 0x8D, 0x49, 0x11, 0x2E, 0xCF, 0xF2, 0x3F,
    0x27, 0x4F, 0xFE, 0x59, 0xB7, 0x8D, 0x17, 0xD0, 0xB8, 0x65, 0xE3, 0x0C, 0x8D, 0x8E, 0xDB, 0xC6,
    0x52, 0xB8, 0xB9, 0x26, 0x6F, 0xE3, 0xB6, 0xD1, 0x8E, 0xCB, 0x06, 0x3C, 0x6D, 0xC9, 0xEF, 0xBC,
    0x7F, 0x5F, 0x4D, 0x10, 0x6C, 0x6C, 0x95, 0xAC, 0x6E, 0x99, 0xB6, 0x8D, 0x4B, 0xD0, 0x60, 0x4E,
    0x61, 0x84, 0x61, 0xB1, 0x8D, 0x67, 0x3C, 0xA5, 0x96, 0x63, 0xE9, 0x0D, 0xF6, 0x44, 0x83, 0x56,
    0x0F, 0xB6, 0xB8, 0x16, 0x1D, 0xF3, 0x33, 0xD8, 0xE5, 0xA5, 0x2B, 0x66, 0x85, 0x23, 0xE0, 0x83,
    0x59, 0xA1, 0x6B, 0xFD, 0x9B, 0x33, 0x6C, 0xE1, 0x87, 0x60, 0x63, 0xA9, 0x50, 0x6B, 0x50, 0xA8,
    0xB5, 0x7D, 0xC2, 0x16, 0x9F, 0x29, 0x2C, 0x88, 0x6B, 0xFA, 0xF2, 0x50, 0xA6, 0x53, 0x48, 0xEB,
    0xC8, 0x29, 0xF6, 0xB2, 0x37, 0x8E, 0x73, 0x41, 0x31, 0x10, 0x0E, 0xA7, 0xAD, 0xF0, 0xCE, 0x51,
    0x54, 0x3A, 0xE5, 0xB3, 0x1B, 0x17, 0x3E, 0x57, 0xD3, 0xC2, 0xE7, 0x32, 0x99, 0xFA, 0x42, 0x12,
    0x9F, 0x89, 0x44, 0x2D, 0x58, 0x16, 0x4F, 0x69, 0xE3, 0xD2, 0x69, 0x24, 0xC4, 0x85, 0x53, 0xB5,
    0x7D, 0x4B, 0x3E, 0xA3, 0x05, 0xA9, 0x73, 0x91, 0xBE, 0x5C, 0xB6, 0xE7, 0x21, 0xDA, 0xAB, 0x5D,
    0xEA, 0xD8, 0xED, 0xE6, 0x77, 0x95, 0xBD, 0x9A, 0x2D, 0x26, 0x1D, 0x8C, 0xF0, 0xD4, 0xCE, 0xDC,
    0x6E, 0x7E, 0x93, 0xC0, 0x53, 0x05, 0x9C, 0x66, 0x1D, 0x94, 0xA2, 0x8A, 0x3E, 0xA4, 0xD6, 0x96,
    0x14, 0x07, 0xAA, 0x34, 0x2E, 0x9A, 0x48, 0x6E, 0x9C, 0xEA, 0xDD, 0x70, 0x82, 0x04, 0x10, 0x27,
    0x4D, 0x74, 0x42, 0x66, 0x26, 0xD5, 0x3E, 0x28, 0x3B, 0x1A, 0x7D, 0x0F, 0xDC, 0x48, 0x7B, 0x79,
    0x76, 0x0C, 0x26, 0x02, 0x5E, 0x5C, 0xCE, 0xA5, 0x79, 0xAB, 0x9C, 0x7F, 0x4C, 0x6E, 0x4C, 0xEC,
    0x5B, 0x8C, 0xC3, 0x88, 0x2C, 0x7A, 0x21, 0x43, 0x11, 0xF5, 0x42, 0x1A, 0xCE, 0x97, 0x22, 0xCB,
    0xD2, 0x5C, 0x24, 0x75, 0xC8, 0xE5, 0x18, 0x61, 0x11, 0x11, 0x10, 0xCF, 0x8B, 0xF3, 0x50, 0x51,
    0xAD, 0xE0, 0x0D, 0x4F, 0xAF, 0x72, 0xBE, 0x92, 0xF3, 0x40, 0x6E, 0x2C, 0x7A, 0xA1, 0xAD, 0x8D,
    0x8C, 0x2C, 0x51, 0x8D, 0xCE, 0xFA, 0xDE, 0xF3, 0xE2, 0x7B, 0xD7, 0x74, 0xB1, 0x57, 0xB7, 0x9B,
    0x40, 0xF3, 0xBE, 0x67, 0x50, 0xDA, 0x40, 0x01, 0xAF, 0xBB, 0xDD, 0xF7, 0x2F, 0x66, 0x37, 0xD8,
    0x87, 0x46, 0x81, 0x88, 0x10, 0xF4, 0x0A, 0xAE, 0x8C, 0x85, 0x07, 0x7A, 0x0A, 0xEE, 0xBD, 0xAB,
    0xA0, 0x18, 0x6C, 0x67, 0x8A, 0x50, 0x75, 0xA6, 0x0C, 0xBB, 0x60, 0x76, 0xAC, 0xB4, 0xCB, 0x17,
    0xEF, 0x78, 0xCF, 0x68, 0x09, 0xC2, 0x3E, 0x1B, 0x65, 0xB0, 0x13, 0x49, 0x1B, 0xA1, 0x0E, 0x64,
    0x1C, 0xE3, 0x68, 0xB4, 0x85, 0x6A, 0x42, 0xAA, 0x26, 0x6F, 0x9F, 0x77, 0x90, 0x8A, 0x0A, 0xFC,
    0xD9, 0x9B, 0x4C, 0x90, 0x5E, 0x99, 0x92, 0xA9, 0x34, 0xF6, 0x4A, 0xD3, 0x8D, 0xF4, 0xFE, 0x91,
    0x40, 0x26, 0x82, 0x64, 0x02, 0xF5, 0xFF, 0x7C, 0x9F, 0xEF, 0xAD, 0x1A, 0x83, 0x2F, 0xA6, 0x6A,
    0x42, 0xBD, 0xBF, 0x13, 0x09, 0x68, 0x47, 0x67, 0xAD, 0xC3, 0xC8, 0xB6, 0x22, 0xF4, 0x6B, 0x33,
    0x79, 0x8A, 0x34, 0x3A, 0x36, 0x0C, 0x4F, 0x71, 0x5A, 0x53, 0xB8, 0xB2, 0x3A, 0x2C, 0x01, 0xB3,
    0x89, 0x0E, 0x12, 0xC3, 0x5C, 0xF5, 0x46, 0xBA, 0x65, 0xA6, 0x84, 0xA1, 0xB0, 0x14, 0x8A, 0xA4,
    0x4F, 0xB8, 0x86, 0xCB, 0x4A, 0xA9, 0x63, 0xD1, 0x12, 0x52, 0xF3, 0xE1, 0x10, 0x64, 0x63, 0xD8,
    0x0D, 0xDE, 0x2B, 0x03, 0x71, 0x3B, 0x91, 0x06, 0xAC, 0x05, 0x73, 0x63, 0xB0, 0xCE, 0xC9, 0x18,
    0xC3, 0x77, 0x55, 0x9C, 0xD6, 0x0E, 0xBE, 0x39, 0x0D, 0x05, 0xD4, 0x95, 0xD3, 0xFB, 0x76, 0x72,
    0xBD, 0xF0, 0x80, 0x3F, 0xD0, 0x63, 0xAC, 0x56, 0xE0, 0x8B, 0xB6, 0xB8, 0x08, 0x9E, 0xB4, 0x7E,
    0x41, 0x3A, 0x18, 0x8A, 0x19, 0xAD, 0xAF, 0x48, 0x20, 0xC2, 0xE1, 0x10, 0x69, 0xED, 0x00, 0x24,
    0x5B, 0x3C, 0x77, 0xA8, 0xF0, 0x6E, 0xBF, 0xEC, 0x61, 0x8B, 0x09, 0xC8, 0x76, 0x86, 0xFC, 0xE3,
    0x51, 0xC1, 0xEB, 0x89, 0xBC, 0x0B, 0x90, 0x1E, 0xA8, 0x54, 0x13, 0xC3, 0x22, 0x3B, 0xC8, 0x66,
    0xEC, 0x22, 0x3A, 0xBF, 0x1B, 0xAC, 0xBC, 0x03, 0x7D, 0xB7, 0x9D, 0xB2, 0xCE, 0x37, 0x10, 0x99,
    0x7C, 0xA2, 0xF0, 0xB8, 0x76, 0x7B, 0x13, 0x62, 0x81, 0x38, 0x20, 0xBD, 0x22, 0x74, 0xD1, 0xC2,
    0xE6, 0x2D, 0x03, 0x41, 0x2A, 0x29, 0xC6, 0x8A, 0x6C, 0x29, 0x7F, 0x8A, 0x5C, 0x7F, 0xFC, 0x98,
    0xB0, 0x5C, 0x24, 0xA1, 0xCA, 0xED, 0x76, 0x41, 0xAD, 0xAC, 0x61, 0x99, 0x21, 0x45, 0x5F, 0x30,
    0x49, 0x7D, 0x42, 0xBB, 0x7B, 0x4C, 0x93, 0xBE, 0x24, 0xDA, 0x03, 0x6A, 0xE7, 0x84, 0x41, 0xDF,
    0xD7, 0xD6, 0x0E, 0xC4, 0x9B, 0xE4, 0x44, 0xA5, 0x2E, 0x26, 0x62, 0x6A, 0x2B, 0x7A, 0xC8, 0xE0,
    0x2B, 0x45, 0xAF, 0xD9, 0x48, 0xBB, 0x2C, 0x7B, 0xBD, 0x89, 0xE1, 0x50, 0xEA, 0xA2, 0x0F, 0x3B,
    0x4C, 0x6F, 0x07, 0xEB, 0x12, 0x00, 0x04, 0xA6, 0x9F, 0x9E, 0x7C, 0x39, 0xD1, 0x07, 0x1E, 0x5C,
    0x40, 0xD6, 0x16, 0x28, 0x67, 0xF7, 0x1C, 0x5A, 0x2A, 0x7A, 0x8D, 0x56, 0x6B, 0xD8, 0x4D, 0x11,
    0x45, 0xBD, 0x0B, 0x0A, 0x9B, 0x31, 0x46, 0x94, 0x51, 0xF4, 0x88, 0xE6, 0xA3, 0xA9, 0xBA, 0x88,
    0x6E, 0xB4, 0x86, 0x9A, 0x68, 0xE4, 0xC4, 0x5D, 0xD1, 0x0B, 0x91, 0xFF, 0x88, 0x68, 0xC6, 0x91,
    0xC5, 0x26, 0x80, 0xEE, 0x89, 0x5A, 0xA0, 0x13, 0x51, 0x77, 0xA5, 0x9A, 0x19, 0x88, 0xD2, 0xCF,
    0xBA, 0x1F, 0x73, 0x81, 0xC6, 0x11, 0xA7, 0x90, 0xCA, 0x8A, 0x4E, 0xAC, 0x8C, 0x4F, 0x40, 0x27,
    0x3D, 0xD1, 0x5A, 0xD1, 0xB4, 0xB0, 0x70, 0x51, 0x89, 0x0B, 0x4A, 0xC3, 0xBD, 0x7E, 0xDA, 0xEA,
    0xB3, 0x5E, 0x4B, 0x30, 0x1C, 0x40, 0x2C, 0xE0, 0x1E, 0x9F, 0x5B, 0x7C, 0x9F, 0xB6, 0x15, 0xDC,
    0xDF, 0x03, 0x34, 0x94, 0x8A, 0x1B, 0x80, 0xDA, 0x01, 0xFF, 0x44, 0xA4, 0xF5, 0xBD, 0x40, 0xE5,
    0x2C, 0x6C, 0xC5, 0x6B, 0x16, 0x62, 0xA6, 0x80, 0x21, 0x4C, 0x05, 0x7D, 0x32, 0x8C, 0x57, 0xD1,
    0x57, 0x50, 0xAC, 0x83, 0x25, 0x82, 0x31, 0xC1, 0xFE, 0x76, 0xC8, 0x74, 0x82, 0x9F, 0xCF, 0x5C,
    0x37, 0xF7, 0x26, 0x9F, 0xFF, 0x6A, 0x62, 0x41, 0x24, 0x21, 0x31, 0x3F, 0x5B, 0x9F, 0xDF, 0x87,
    0xA1, 0x9E, 0x2C, 0x54, 0xF3, 0xC6, 0x77, 0xD5, 0xA4, 0x3D, 0xE0, 0x3A, 0xE3, 0x04, 0xB5, 0x3C,
    0x43, 0xBB, 0x1D, 0xAA, 0xFF, 0xB5, 0x3C, 0x45, 0x0F, 0xA4, 0x73, 0x28, 0x85, 0x2D, 0x0E, 0xD5,
    0x44, 0xFB, 0xFA, 0xA3, 0xA8, 0x2F, 0x35, 0x0C, 0x23, 0xCD, 0x64, 0x72, 0xEB, 0xFD, 0x69, 0xA4,
    0xBB, 0xAE, 0x66, 0xAC, 0x74, 0xB9, 0xE8, 0xF2, 0x20, 0x0F, 0xA4, 0x76, 0x9F, 0xC9, 0xE7, 0xD2,
    0xB8, 0x4F, 0x01, 0x7D, 0xFF, 0x8F, 0xFF, 0x09, 0x58, 0x12, 0xB7, 0x9F, 0xC2, 0x8D, 0xF6, 0x0F,
    0x10, 0xB5, 0x92, 0x92, 0x50, 0x26, 0xC2, 0x51, 0xA1, 0x95, 0x4E, 0x61, 0x31, 0xC7, 0xC1, 0xDF,
    0x0E, 0xB5, 0x95, 0x7E, 0x89, 0xB3, 0x64, 0xC9, 0x19, 0x4A, 0x2E, 0xF8, 0x6D, 0xDB, 0x12, 0xE0,
    0x7C, 0x66, 0xD8, 0x92, 0xF4, 0xF4, 0x29, 0x7A, 0x78, 0x08, 0xC6, 0xAD, 0x72, 0x6F, 0xE2, 0xB3,
    0xDD, 0xAF, 0xF1, 0xE5, 0xCD, 0x7C, 0x64, 0xB3, 0x6E, 0xC2, 0xDF, 0x3A, 0xC2, 0xCD, 0xCB, 0xE2,
    0x99, 0x8C, 0x78, 0x89, 0x57, 0xC2, 0x70, 0x42, 0x0D, 0x7C, 0xF1, 0x2A, 0x7A, 0xC5, 0xB7, 0xCB,
    0x59, 0xCD, 0x40, 0xBC, 0xA9, 0xC4, 0x34, 0x6E, 0x02, 0xCD, 0xCF, 0x4C, 0xAE, 0xC4, 0xE5, 0xD2,
    0xB7, 0x0C, 0x61, 0x38, 0x89, 0xF8, 0x86, 0x53, 0xB9, 0xB4, 0x75, 0x82, 0x9F, 0xD2, 0xE0, 0xDB,
    0x42, 0x52, 0x9D, 0x6A, 0xE0, 0x50, 0x67, 0x21, 0x75, 0x25, 0x8A, 0x00, 0xDF, 0x26, 0xE6, 0x2E,
    0x7D, 0xFB, 0x6F, 0xE0, 0xA9, 0xCF, 0x7E, 0xC1, 0x33, 0xB9, 0x82, 0x94, 0x1E, 0xF3, 0xEA, 0xDB,
    0xC7, 0x5D, 0x58, 0xF1, 0xE3, 0x39, 0x3D, 0x9E, 0xEB, 0x63, 0x19, 0x38, 0x96, 0x8D, 0x63, 0x99,
    0x89, 0x4F, 0xB1, 0x16, 0x66, 0xF1, 0x1C, 0x62, 0x25, 0xE2, 0xFE, 0x7B, 0x8C, 0x72, 0x92, 0xB2,
    0xE8, 0x6E, 0xEF, 0x63, 0x9B, 0x6B, 0x5E, 0xEB, 0x3F, 0x8A, 0x74, 0xB9, 0xA4, 0x8A, 0x6D, 0x9B,
    0xD0, 0xD5, 0xF6, 0xEC, 0xBA, 0x43, 0xDE, 0xFE, 0x90, 0xD7, 0x9F, 0xCD, 0xAB, 0xAF, 0xE7, 0xBD,
    0x5A, 0xFB, 0xF6, 0x7A, 0x1E, 0x8C, 0xD2, 0x69, 0x5E, 0x79, 0x26, 0x6F, 0x7B, 0xFA, 0x2D, 0x9E,
    0x3B, 0xE7, 0xC1, 0x7B, 0x46, 0x1E, 0xDD, 0x4C, 0x88, 0x49, 0x47, 0x36, 0xD5, 0x9A, 0x97, 0x45,
    0xE3, 0xF7, 0x1C, 0xEC, 0xA2, 0xDF, 0xAD, 0x79, 0x8C, 0x22, 0xDB, 0x75, 0xB7, 0x00, 0xD7, 0xCE,
    0x22, 0x05, 0xE0, 0xA6, 0xAA, 0xDE, 0xE1, 0x5B, 0x37, 0x64, 0x12, 0xFE, 0x28, 0x17, 0x24, 0x76,
    0x8C, 0xED, 0x16, 0x2D, 0x83, 0x06, 0x70, 0xE7, 0xB0, 0x94, 0xA5, 0xBE, 0xA0, 0xD8, 0x07, 0x4D,
    0x7C, 0x7F, 0xC8, 0xDB, 0xC5, 0x2D, 0x4B, 0x35, 0xA9, 0xF9, 0x1B, 0x5F, 0xC8, 0xD3, 0x84, 0xE6,
    0xF9, 0x4C, 0xDE, 0xB0, 0xE6, 0x39, 0xE4, 0x39, 0xA9, 0xFD, 0x92, 0x67, 0xE9, 0x77, 0x9A, 0x6A,
    0x54, 0xA4, 0x0A, 0x9A, 0xB7, 0x83, 0xD7, 0x01, 0xDF, 0x19, 0x0B, 0x3E, 0xD4, 0x45, 0xF3, 0xFC,
    0x90, 0x63, 0x90, 0xF2, 0x64, 0x23, 0x21, 0x8D, 0xCD, 0x49, 0x7C, 0x3E, 0x13, 0x81, 0xE6, 0x90,
    0x2F, 0x90, 0x41, 0xE4, 0x3F, 0x53, 0x12, 0xDA, 0xDE, 0x82, 0xFC, 0x99, 0xA2, 0xE7, 0x3C, 0x47,
    0xFB, 0x9E, 0x78, 0xEA, 0xE7, 0xDD, 0x6F, 0xA4, 0x3F, 0x95, 0x03, 0xC0, 0xEF, 0x76, 0xDE, 0xA9,
    0x8C, 0x03, 0x5E, 0xD7, 0x05, 0xC0, 0x6B, 0x3A, 0x83, 0xBC, 0x13, 0xDD, 0x62, 0xC6, 0x35, 0x1D,
    0x34, 0xA7, 0xBA, 0x9A, 0x16, 0x71, 0x7C, 0x3B, 0x31, 0x9F, 0xEC, 0x6E, 0xED, 0x3E, 0x53, 0x80,
    0x2D, 0x84, 0xEB, 0xB1, 0x67, 0xEC, 0x14, 0x38, 0x00, 0x63, 0xFE, 0x9F, 0x80, 0x97, 0x06, 0x5D,
    0x1B, 0x8C, 0xA3, 0x1B, 0xC6, 0xD0, 0x34, 0x8E, 0xB8, 0xFF, 0x80, 0x52, 0x95, 0x0E, 0x76, 0xCE,
    0x7C, 0xCB, 0x02, 0x90, 0xE4, 0x0C, 0xDD, 0xB0, 0x1A, 0xEE, 0xE7, 0x26, 0xEC, 0xC6, 0x1E, 0xF2,
    0xF3, 0x52, 0x26, 0x54, 0x69, 0xDC, 0x47, 0xD2, 0xF8, 0xC6, 0xB5, 0x52, 0x5B, 0xBE, 0xC0, 0x91,
    0x87, 0x32, 0xD0, 0x80, 0xF6, 0x05, 0x7A, 0xA5, 0xF0, 0xB0, 0x50, 0xDE, 0xB7, 0xB4, 0x5E, 0xBF,
    0x92, 0x16, 0x79, 0xC7, 0xF4, 0x7F, 0xA6, 0x6D, 0xD5, 0xB7, 0xFE, 0x49, 0x13, 0xFF, 0xE6, 0xB2,
    0x35, 0x77, 0x7F, 0xA5, 0x4D, 0x2F, 0x8D, 0x8A, 0xF1, 0x69, 0xBB, 0x5E, 0x1E, 0x0C, 0x83, 0x1D,
    0x13, 0x4F, 0xA8, 0xEB, 0x54, 0xEE, 0x83, 0xB3, 0x35, 0x50, 0x5F, 0xA9, 0xA0, 0xD4, 0x48, 0xFD,
    0xEC, 0x9A, 0x83, 0x43, 0xE9, 0x28, 0x8D, 0xA9, 0x5A, 0x6C, 0x42, 0xEC, 0xAC, 0x59, 0x4D, 0x26,
    0x3D, 0xA3, 0x5D, 0xB5, 0xD9, 0x68, 0x85, 0x03, 0x44, 0xC6, 0x54, 0xDD, 0x65, 0x6B, 0xAB, 0x0F,
    0xFB, 0xF7, 0xDD, 0xEF, 0xC2, 0x14, 0xFE, 0x65, 0x98, 0x86, 0x2F, 0x06, 0xE0, 0x6E, 0xF7, 0x77,
    0xA1, 0xEA, 0x2A, 0xAC, 0xCC, 0xA4, 0xA5, 0xDC, 0x36, 0xD8, 0x49, 0xD1, 0x5C, 0x69, 0x6D, 0x96,
    0x2B, 0x8F, 0x0E, 0x27, 0x33, 0x07, 0xBE, 0x56, 0xE4, 0xEB, 0xDF, 0x1A, 0x8F, 0x69, 0xE3, 0x9A,
    0x39, 0x1B, 0xE5, 0x6B, 0xA3, 0x7C, 0xAD, 0x57, 0xBE, 0x76, 0xA6, 0x60, 0x97, 0x34, 0x63, 0x6F,
    0x9B, 0xA9, 0x6A, 0x44, 0x6A, 0x27, 0x66, 0xC7, 0x40, 0xAE, 0xD5, 0x1A, 0xA4, 0xF9, 0xD7, 0x5D,
    0xAB, 0x7F, 0x5E, 0x5B, 0xE1, 0x76, 0xB2, 0x64, 0xBE, 0x92, 0x29, 0xF1, 0x9E, 0xF4, 0x56, 0x90,
    0x19, 0x9F, 0x54, 0x5B, 0xAD, 0x45, 0xC7, 0xB5, 0x71, 0xEB, 0xB8, 0xBE, 0x0C, 0x4F, 0xA5, 0xF7,
    0x5A, 0x19, 0x46, 0x80, 0x83, 0x41, 0x11, 0xD7, 0x4D, 0xBE, 0xB9, 0xAF, 0x8C, 0x04, 0x2F, 0x95,
    0x79, 0xB0, 0x84, 0xA6, 0x1C, 0x4C, 0xD6, 0x2D, 0xAA, 0x3D, 0xDD, 0xF5, 0x95, 0x97, 0x79, 0x47,
    0x7D, 0xE5, 0xB7, 0x93, 0xA7, 0xAD, 0xE4, 0x62, 0xAE, 0x75, 0x5E, 0xEA, 0xBB, 0xF9, 0xD9, 0x6A,
    0x1A, 0x9E, 0xA6, 0x75, 0x3D, 0xAD, 0xF5, 0x8D, 0x8D, 0x69, 0x1B, 0x7D, 0x82, 0x0A, 0x41, 0x25,
    0x2E, 0x86, 0xBE, 0x3F, 0x4D, 0xF1, 0x7C, 0x37, 0xD3, 0x32, 0xFC, 0x5F, 0xA7, 0x89, 0x4F, 0x89,
    0x6F, 0x89, 0x8F, 0x89, 0xAF, 0x91, 0xCF, 0x73, 0xE2, 0x3B, 0x55, 0x22, 0x27, 0xDF, 0x61, 0x6A,
    0x5D, 0x6F, 0xDB, 0x5D, 0x70, 0x8D, 0xD6, 0xA7, 0x2F, 0x52, 0xFC, 0x46, 0x3E, 0xCA, 0x41, 0x07,
    0xFA, 0x2F, 0xB5, 0x26, 0x4E, 0x96, 0x3F, 0x5A, 0xF5, 0x4B, 0x44, 0x57, 0x86, 0xE8, 0x59, 0xC4,
    0xB8, 0x58, 0xF4, 0x28, 0xBC, 0x8C, 0x5B, 0x06, 0xF6, 0xD0, 0xB4, 0xCC, 0x5A, 0x1E, 0x10, 0xEE,
    0xEC, 0xFF, 0xA4, 0xA4, 0x8B, 0x4C, 0xCF, 0x81, 0x51, 0x5D, 0xC6, 0x63, 0xEC, 0x40, 0x97, 0x97,
    0x4B, 0x13, 0x6E, 0xAD, 0xD0, 0x5D, 0x06, 0x3E, 0x29, 0xDE, 0x11, 0x5F, 0xF3, 0x57, 0xBC, 0x00,
    0x6E, 0x27, 0xBA, 0x83, 0xE5, 0x8C, 0x3A, 0xB1, 0x03, 0x1B, 0xF4, 0x33, 0x46, 0x42, 0x3B, 0xBA,
    0xC8, 0x50, 0x97, 0xF4, 0x84, 0xE5, 0x38, 0xE4, 0xBF, 0xD0, 0x2D, 0xA5, 0x98, 0x4A, 0x6E, 0xC3,
    0x66, 0x46, 0x45, 0x37, 0x9E, 0x2E, 0xF2, 0xB5, 0xDD, 0x1C, 0x23, 0x95, 0x88, 0x5B, 0xCA, 0x80,
    0x58, 0xD4, 0xE4, 0x10, 0xA4, 0x60, 0xB0, 0x9A, 0xD1, 0x08, 0x02, 0xFE, 0x64, 0x01, 0x49, 0x48,
    0xCC, 0xCF, 0x58, 0x01, 0xAB, 0x62, 0xA5, 0xF0, 0xC7, 0x8E, 0x36, 0xB3, 0x36, 0x1E, 0xC7, 0xC4,
    0x00, 0xB0, 0xF4, 0xE7, 0x57, 0x97, 0xB4, 0xC4, 0x90, 0xC4, 0xF1, 0x20, 0x77, 0x71, 0xD5, 0xD8,
    0xBF, 0x21, 0x56, 0x1A, 0xEF, 0xF3, 0x7D, 0x17, 0xA0, 0x6B, 0x01, 0x7D, 0x17, 0x0F, 0x6F, 0x00,
    0x97, 0x80, 0x0B, 0xF7, 0x89, 0xD5, 0xAD, 0x87, 0x73, 0xD7, 0xF8, 0x53, 0x1D, 0xF8, 0x93, 0x7F,
    0x19, 0x7F, 0xDC, 0x75, 0xFE, 0x54, 0xA8, 0xA0, 0x5C, 0x36, 0x15, 0x8C, 0xED, 0xC4, 0x5D, 0x15,
    0xE5, 0x29, 0x45, 0xCF, 0x19, 0xCF, 0x9B, 0x92, 0x4F, 0x44, 0x9A, 0x2C, 0xD1, 0xA4, 0xC6, 0x86,
    0xC5, 0x9A, 0xF2, 0x74, 0x82, 0xD2, 0x57, 0x44, 0x8F, 0x7A, 0x7F, 0xE6, 0x46, 0x48, 0xC5, 0x8B,
    0x1F, 0x5F, 0x76, 0x23, 0x24, 0x85, 0xA6, 0x43, 0x12, 0x0F, 0x69, 0xB0, 0xCA, 0xA1, 0xFA, 0x39,
    0xF5, 0xA8, 0x4A, 0x0B, 0x2B, 0xFB, 0xC2, 0x9E, 0x6F, 0xE3, 0x51, 0xD1, 0x0B, 0x14, 0xF6, 0xD0,
    0x52, 0xA4, 0x68, 0xE2, 0x30, 0x6E, 0x8C, 0x1B, 0x58, 0xDE, 0xE9, 0xB4, 0x58, 0x46, 0xB4, 0x70,
    0xD2, 0x2A, 0x75, 0x20, 0x3A, 0x5F, 0xF2, 0x78, 0xC6, 0x31, 0x1B, 0xA1, 0x93, 0xBD, 0x42, 0x2B,
    0x93, 0xC2, 0x52, 0x06, 0x85, 0x4A, 0xB0, 0xE1, 0xFC, 0x7E, 0x0D, 0xE8, 0x3A, 0xC2, 0xD3, 0xB8,
    0xC1, 0xB4, 0xC4, 0x0D, 0xAA, 0x5B, 0xE2, 0x06, 0x84, 0xCC, 0xB9, 0x1E, 0xFD, 0x70, 0xF3, 0x0B,
    0xE7, 0xE5, 0x5A, 0x7F, 0x96, 0x5A, 0x01, 0x3B, 0x7E, 0x5A, 0x7F, 0x59, 0x34, 0xC3, 0xA1, 0xA9,
    0x4F, 0x65, 0xAF, 0xF0, 0x33, 0x11, 0xDE, 0x33, 0x9B, 0x00, 0xA7, 0xFB, 0xC4, 0x65, 0x64, 0xFE,
    0x0C, 0x1A, 0x11, 0xD0, 0x4B, 0xAC, 0x3F, 0x41, 0xB6, 0xDB, 0x30, 0x02, 0xC3, 0x51, 0xC8, 0x6D,
    0xA3, 0xA0, 0xC0, 0xC4, 0xB2, 0xBA, 0xA0, 0xC5, 0x9E, 0x37, 0xDC, 0x46, 0x31, 0x64, 0x59, 0x8D,
    0xAE, 0xC7, 0x8E, 0xA7, 0x87, 0x65, 0xE9, 0x22, 0xD8, 0x61, 0xF3, 0xC4, 0x00, 0x21, 0xE3, 0xA2,
    0xD2, 0x57, 0x93, 0x8A, 0x66, 0x39, 0x69, 0x9B, 0x39, 0xAE, 0x70, 0x6E, 0x34, 0x83, 0xE1, 0x69,
    0x05, 0x68, 0x0F, 0x51, 0x57, 0x86, 0x1C, 0x4C, 0x39, 0x27, 0x89, 0xB5, 0x49, 0x42, 0x12, 0xF8,
    0x63, 0xE4, 0xA9, 0x82, 0x56, 0x42, 0x4F, 0x88, 0xD6, 0x14, 0xD4, 0x7E, 0x38, 0x6B, 0xF4, 0x78,
    0xBD, 0xD1, 0x22, 0x4E, 0x6B, 0x3F, 0x09, 0xE5, 0xE4, 0x1E, 0x07, 0x35, 0x7A, 0x0F, 0x42, 0x31,
    0xF3, 0x52, 0xA3, 0x62, 0xE5, 0xCC, 0x3C, 0x2D, 0x5D, 0x2E, 0x41, 0x96, 0xD2, 0x79, 0x1E, 0x17,
    0xA9, 0x68, 0x63, 0x47, 0xF6, 0x3E, 0x9C, 0xBB, 0x57, 0xCE, 0xC8, 0xE3, 0x70, 0x14, 0xC7, 0x92,
    0x14, 0xC7, 0x0A, 0x69, 0x0E, 0x01, 0xAB, 0x4F, 0xA5, 0x41, 0x10, 0x4E, 0xE1, 0x67, 0x0A, 0x39,
    0x27, 0xB3, 0xC2, 0xE9, 0x62, 0x58, 0x67, 0x69, 0x4A, 0xB3, 0xA7, 0x94, 0x7B, 0xCE, 0xEA, 0xF0,
    0x6D, 0xC6, 0xB1, 0x7C, 0x7F, 0x97, 0x7F, 0xD2, 0x7E, 0x13, 0x6F, 0x54, 0xF0, 0xCD, 0x22, 0xFA,
    0x90, 0x8A, 0xAA, 0x31, 0x65, 0x78, 0x65, 0x09, 0x1A, 0xEC, 0x00, 0x4A, 0x82, 0x29, 0x19, 0x8E,
    0x8C, 0x9A, 0x4F, 0xCF, 0xEB, 0x87, 0xDF, 0x7E, 0x0C, 0xF5, 0xB9, 0x34, 0xF7, 0x71, 0x3A, 0xDF,
    0xAB, 0xF4, 0x5C, 0xF6, 0x28, 0x88, 0xA0, 0x02, 0x30, 0xEF, 0x31, 0x40, 0xFA, 0xD0, 0xEB, 0xCF,
    0xA0, 0xD3, 0x82, 0x31, 0xF9, 0x27, 0xAA, 0x94, 0x5A, 0x14, 0xAB, 0xA2, 0x99, 0x6E, 0x76, 0x3C,
    0x9B, 0x4C, 0xDB, 0xC4, 0xCD, 0x92, 0x96, 0x32, 0x33, 0xB5, 0xEB, 0xAD, 0xD0, 0xCE, 0xA4, 0x4B,
    0xAC, 0x48, 0xDB, 0xAA, 0x8D, 0xE9, 0x0F, 0x4C, 0x4C, 0x01, 0xA9, 0x08, 0x7C, 0xDC, 0x14, 0x53,
    0x2B, 0x31, 0x2D, 0x17, 0x82, 0x6D, 0x22, 0x90, 0x85, 0xA0, 0x5A, 0x16, 0xE6, 0x52, 0x92, 0xEC,
    0x37, 0x14, 0xFF, 0x0D, 0x35, 0x80, 0x7D, 0x8D, 0x87, 0xF0, 0xBE, 0xE7, 0x31, 0xBC, 0xA6, 0xF1,
    0x20, 0xDE, 0x85, 0x78, 0x14, 0x6F, 0x03, 0x0F, 0xE3, 0x99, 0x8E, 0x31, 0x7D, 0x30, 0x33, 0x4D,
    0x47, 0xF2, 0x3C, 0x94, 0xE7, 0x31, 0x5A, 0xC9, 0x54, 0xEB, 0x65, 0x1A, 0x8F, 0xE6, 0xB9, 0xED,
    0x7C, 0xC6, 0xB4, 0x88, 0xBF, 0xA1, 0x2B, 0x77, 0x49, 0x33, 0xE9, 0x99, 0x96, 0x32, 0x6D, 0xDE,
    0x42, 0x3B, 0x12, 0xB5, 0xDD, 0x71, 0x8C, 0xBC, 0x31, 0xC8, 0x09, 0x5C, 0x38, 0x06, 0xFB, 0x25,
    0x89, 0xED, 0x69, 0xDD, 0xE2, 0x31, 0x39, 0xD3, 0xA7, 0xB7, 0x2C, 0x6B, 0xD3, 0x97, 0x2F, 0x6B,
    0xAA, 0xC8, 0xF5, 0xF5, 0x13, 0x57, 0x0F, 0x50, 0x28, 0x40, 0x77, 0xBE, 0x39, 0x80, 0xE7, 0xF2,
    0x6A, 0x41, 0x32, 0x08, 0x08, 0x9F, 0x32, 0xC9, 0x10, 0xB7, 0xF0, 0x11, 0xC3, 0x1D, 0xEB, 0x05,
    0x0B, 0xF9, 0x90, 0xB0, 0x6D, 0xFC, 0x62, 0xAD, 0x8D, 0x5E, 0x66, 0xFA, 0x36, 0x61, 0x45, 0x92,
    0x29, 0x3A, 0x94, 0xCB, 0x23, 0x07, 0xC2, 0xEA, 0x98, 0x50, 0x5F, 0x04, 0x64, 0x33, 0xE9, 0x20,
    0x44, 0x56, 0x82, 0xC1, 0xD2, 0x8E, 0x07, 0x82, 0x52, 0xCE, 0x9B, 0xE5, 0x5C, 0xA7, 0xC2, 0xFA,
    0x0B, 0x27, 0x68, 0xC4, 0x24, 0x8C, 0xBC, 0xB6, 0xCD, 0xC3, 0x81, 0x4C, 0xF9, 0x3D, 0xA9, 0x39,
    0xBB, 0x32, 0x1B, 0x62, 0x5D, 0x74, 0x56, 0x14, 0xC3, 0x59, 0x41, 0xC4, 0x30, 0x1F, 0xC4, 0xF0,
    0xC5, 0x40, 0x8C, 0x47, 0x07, 0xC4, 0x50, 0x73, 0xC4, 0x78, 0x88, 0x40, 0x8C, 0x8B, 0x0D, 0x31,
    0xCE, 0x2A, 0x31, 0x4E, 0x72, 0xC4, 0xF2, 0xBB, 0xFE, 0xF7, 0x0D, 0x17, 0x2C, 0x43, 0xD1, 0x38,
    0x64, 0x58, 0x61, 0xCA, 0xB7, 0x98, 0xE3, 0x85, 0xBE, 0x9A, 0x89, 0xEC, 0xD7, 0xFF, 0xBE, 0xB1,
    0xD1, 0x1A, 0x5A, 0xDC, 0xF9, 0xD9, 0x98, 0x04, 0xE3, 0xCD, 0x1F, 0x25, 0x4B, 0x37, 0x7F, 0xAA,
    0xC3, 0x87, 0xA8, 0x2D, 0xB5, 0x88, 0x56, 0xFC, 0x3B, 0x58, 0xCC, 0xE5, 0x03, 0x40, 0xE0, 0xCC,
    0x4F, 0xEE, 0xE4, 0xF1, 0x1D, 0x8C, 0x9B, 0x6F, 0xFE, 0xF8, 0xA7, 0x26, 0x1B, 0x70, 0xA7, 0xAB,
    0x98, 0xB8, 0x11, 0x9A, 0x0B, 0x41, 0x5B, 0xC5, 0xF4, 0x3A, 0x64, 0x42, 0x94, 0x01, 0xFD, 0x16,
    0xD3, 0x06, 0x2B, 0x07, 0x68, 0x27, 0x40, 0x84, 0xED, 0x3B, 0xF6, 0xA4, 0x07, 0xB4, 0xC3, 0x32,
    0xBA, 0x5B, 0x5C, 0xD7, 0x62, 0x06, 0x99, 0x95, 0x46, 0xEB, 0x17, 0xED, 0x32, 0xF6, 0xFE, 0x1F,
    0x2B, 0xFE, 0x87, 0xF6, 0xE3, 0xF9, 0x4F, 0x95, 0xF2, 0x63, 0x81, 0xB4, 0x3E, 0x5A, 0x62, 0xF9,
    0x08, 0x84, 0xE2, 0x2F, 0xD6, 0xEC, 0xC8, 0xE7, 0x04, 0xC9, 0x07, 0xB6, 0x55, 0xB1, 0xAD, 0x92,
    0x6D, 0x65, 0x31, 0x0C, 0x77, 0x81, 0xB6, 0xCE, 0xDF, 0x8B, 0x00, 0xDB, 0x00, 0x28, 0x1F, 0x14,
    0x17, 0x46, 0x63, 0x8E, 0x55, 0x75, 0xD9, 0x2D, 0x31, 0x2C, 0x1C, 0x83, 0xBD, 0x07, 0x0F, 0x34,
    0xC6, 0x8D, 0xCF, 0xC4, 0x79, 0x02, 0xE6, 0x07, 0xA2, 0x76, 0xC9, 0x8D, 0xD4, 0x9E, 0x02, 0xAB,
    0x35, 0x5F, 0xBD, 0x70, 0xED, 0xE2, 0xAF, 0xDF, 0x78, 0x68, 0x83, 0xFF, 0xF9, 0x6C, 0x47, 0xF9,
    0x70, 0xCF, 0x7E, 0x97, 0x00, 0x8B, 0x25, 0x78, 0x22, 0x6D, 0x3C, 0xBC, 0xDE, 0xB2, 0xA1, 0xE5,
    0x2E, 0x38, 0x96, 0xAE, 0x3F, 0x5F, 0xFC, 0xEA, 0xF2, 0x70, 0x3D, 0x27, 0xA3, 0xED, 0xC7, 0xF6,
    0xB2, 0x2E, 0xB1, 0x42, 0xC5, 0x28, 0xA1, 0x82, 0x79, 0x1B, 0x37, 0xBA, 0x75, 0x1E, 0xEF, 0x3D,
    0xA7, 0xE8, 0x1A, 0x78, 0x5F, 0xE3, 0x0B, 0xED, 0x09, 0x5A, 0xDB, 0xC4, 0x03, 0x82, 0xC7, 0x4D,
    0xF2, 0xE5, 0x07, 0x00, 0x51, 0x60, 0xF1, 0xBB, 0xC0, 0xC4, 0xC1, 0xA4, 0xD7, 0xC6, 0x8E, 0x3A,
    0x39, 0xAA, 0x8C, 0x9F, 0x89, 0x62, 0xE8, 0x69, 0x95, 0xB6, 0x88, 0xDA, 0xEA, 0x9B, 0xF3, 0xF5,
    0xED, 0x73, 0xE7, 0xBB, 0x2A, 0x80, 0x02, 0x4C, 0x97, 0xCB, 0xD1, 0xC4, 0xEB, 0xD0, 0xF7, 0xB8,
    0x4C, 0x2D, 0xE7, 0x43, 0x0D, 0x87, 0xC9, 0x2B, 0x4C, 0x9C, 0xBF, 0xDA, 0xF6, 0xAE, 0xF5, 0xDD,
    0x65, 0x07, 0x76, 0xC2, 0x0A, 0xA0, 0x1F, 0x7C, 0xAB, 0x5F, 0x74, 0xFE, 0xBD, 0x5F, 0xF4, 0x56,
    0xF3, 0xF1, 0x6D, 0x3E, 0xBE, 0xE4, 0xCE, 0x62, 0x35, 0xC1, 0xE7, 0x36, 0x9E, 0x7C, 0xB8, 0x47,
    0x2B, 0x65, 0x58, 0x42, 0x93, 0xEE, 0x31, 0x86, 0x98, 0x71, 0xEB, 0x03, 0x50, 0xEC, 0x93, 0x2D,
    0xA4, 0xA4, 0x44, 0xE6, 0xD5, 0x00, 0x21, 0x79, 0x9A, 0xBB, 0x91, 0x9D, 0x44, 0xE3, 0xA8, 0xDB,
    0xC7, 0x76, 0x7C, 0xCF, 0x36, 0xB1, 0xD6, 0x97, 0x12, 0xD0, 0xDD, 0xDD, 0x8F, 0x35, 0x71, 0xA1,
    0x7A, 0xA0, 0x89, 0x0F, 0x3B, 0x64, 0x82, 0x68, 0x44, 0x92, 0x91, 0x16, 0x4A, 0x2C, 0x4A, 0xC2,
    0xE9, 0x82, 0xA3, 0xEA, 0xB8, 0xC9, 0x1E, 0x0C, 0x2B, 0xDB, 0x2F, 0x55, 0xAF, 0x0D, 0x91, 0xA1,
    0x18, 0x73, 0xF9, 0xF5, 0x12, 0x28, 0x68, 0x3C, 0x4F, 0x5D, 0x76, 0x4A, 0xEF, 0x20, 0x41, 0x5F,
    0x38, 0xC2, 0xE8, 0x70, 0x70, 0x0D, 0x85, 0x1C, 0x3E, 0x5C, 0x34, 0xC1, 0xF8, 0xD5, 0x3E, 0x62,
    0x8C, 0x23, 0x34, 0xB3, 0xC2, 0xA1, 0x24, 0x2C, 0xA0, 0x3C, 0x96, 0x27, 0x52, 0xCB, 0xDF, 0xFF,
    0x26, 0x48, 0x23, 0x7F, 0xF9, 0xC1, 0xA0, 0xF0, 0xCD, 0x8F, 0x81, 0x3F, 0x10, 0xC0, 0x47, 0xF2,
    0x13, 0xA9, 0xA9, 0xD5, 0xD8, 0x76, 0x1D, 0x6E, 0x28, 0xE6, 0xC9, 0x76, 0xC4, 0xED, 0xDC, 0x40,
    0xCB, 0xF8, 0x0A, 0x0C, 0x63, 0x09, 0xAB, 0x69, 0xDB, 0x12, 0xF5, 0xEF, 0xB4, 0xBB, 0xF1, 0x0E,
    0x03, 0x6F, 0x45, 0xB8, 0x35, 0xE0, 0xF0, 0x4B, 0xF9, 0xE5, 0x0C, 0xF5, 0x26, 0xD8, 0x63, 0x0D,
    0x98, 0x20, 0x1F, 0x13, 0x6F, 0x39, 0xB0, 0x93, 0x5B, 0x00, 0xE3, 0x01, 0x0A, 0x89, 0xFB, 0xEA,
    0xB3, 0x20, 0x53, 0x96, 0xEB, 0x17, 0x13, 0xD6, 0xA3, 0xB1, 0x1A, 0x9D, 0x84, 0x6A, 0xF4, 0xA1,
    0xE6, 0x0D, 0x85, 0x68, 0x47, 0x82, 0x4D, 0x66, 0xA0, 0xDE, 0xC4, 0x9A, 0xA4, 0x3E, 0x01, 0x3E,
    0xDE, 0x9C, 0x8E, 0x97, 0xED, 0x3B, 0xBB, 0x87, 0xB6, 0xF4, 0xF2, 0x36, 0x82, 0xD6, 0x3F, 0x32,
    0xF6, 0x53, 0xD1, 0xA6, 0xA8, 0xEC, 0x32, 0x81, 0xE1, 0x3C, 0x12, 0x9A, 0x4E, 0x40, 0x26, 0x13,
    0x49, 0x92, 0x6C, 0xF6, 0xAF, 0x19, 0x58, 0x62, 0x82, 0xBF, 0x31, 0xEE, 0x69, 0x21, 0x31, 0x5C,
    0x42, 0xE1, 0xD8, 0xF8, 0x19, 0x8D, 0xFF, 0xF4, 0x21, 0x23, 0x3F, 0xDB, 0x68, 0x54, 0xB9, 0xF1,
    0xB1, 0x53, 0x94, 0x54, 0x09, 0x47, 0x45, 0x02, 0xB6, 0x4C, 0x56, 0x5F, 0x87, 0x09, 0xB8, 0x27,
    0xE3, 0xD9, 0x5B, 0x80, 0x33, 0xB7, 0xC6, 0xD1, 0xFE, 0xB6, 0xBC, 0x05, 0x38, 0x33, 0x94, 0xC1,
    0x75, 0xD7, 0xCB, 0x08, 0xF8, 0x60, 0x36, 0x8C, 0xBF, 0x2B, 0xB4, 0x41, 0x07, 0xD8, 0xAA, 0x5B,
    0xA7, 0x50, 0xEB, 0x57, 0x08, 0x3F, 0x5D, 0x1B, 0x14, 0xE9, 0x15, 0xEE, 0x08, 0x8D, 0x7F, 0x59,
    0x68, 0xE5, 0x2C, 0x84, 0x09, 0x4A, 0x7F, 0x9B, 0x3B, 0xFF, 0x7D, 0x6B, 0x3B, 0x01, 0xAA, 0xD8,
    0x37, 0x03, 0x30, 0xBE, 0xE3, 0x17, 0xB9, 0x77, 0x7C, 0xA5, 0x7D, 0xE1, 0xBD, 0xA0, 0xB3, 0x83,
    0xC5, 0x3F, 0x05, 0x49, 0x03, 0xBD, 0xF9, 0xBC, 0x87, 0x9C, 0xD4, 0xCB, 0xCA, 0x43, 0xD3, 0x17,
    0x01, 0x7F, 0xB2, 0xA0, 0xE8, 0xA0, 0x79, 0xE3, 0xE6, 0x78, 0x4D, 0x60, 0x55, 0xA8, 0x14, 0x57,
    0xC4, 0xBE, 0xCF, 0x6B, 0x93, 0x0D, 0xAF, 0x12, 0x53, 0x61, 0xB5, 0x46, 0x37, 0x42, 0x11, 0x6F,
    0x8F, 0x10, 0xEE, 0x49, 0x02, 0x13, 0x32, 0x96, 0xF2, 0x4C, 0x42, 0x1E, 0xFD, 0x3A, 0x61, 0x38,
    0x75, 0xA4, 0xDB, 0xF7, 0x75, 0x80, 0x9C, 0x01, 0x99, 0xDC, 0xF8, 0x6E, 0xBC, 0x80, 0x29, 0x3C,
    0xA7, 0xB2, 0x78, 0x3F, 0x82, 0xCC, 0xEB, 0xFB, 0x28, 0xFE, 0xAE, 0xC8, 0xB4, 0x78, 0x0A, 0x82,
    0x07, 0xD6, 0x78, 0xCC, 0x3F, 0x9F, 0xF2, 0x7E, 0x52, 0xA8, 0xF8, 0xF5, 0xAB, 0x12, 0x77, 0xFB,
    0xB3, 0xB2, 0xFE, 0xC1, 0x12, 0xEC, 0x78, 0xC8, 0x35, 0xB3, 0x1B, 0x05, 0xE2, 0x56, 0x78, 0x77,
    0xC2, 0x5B, 0x70, 0x68, 0xA4, 0x94, 0x8E, 0x37, 0xD2, 0xD2, 0xAE, 0xDE, 0x87, 0xF7, 0xE9, 0xB1,
    0x5A, 0x1A, 0x82, 0x7D, 0xB4, 0x26, 0x10, 0xEB, 0xAF, 0xF0, 0xFA, 0x8F, 0x78, 0x4B, 0xA6, 0x8E,
    0xC3, 0xE4, 0x61, 0x0F, 0xEB, 0xC1, 0x0B, 0xBC, 0x5A, 0x58, 0x02, 0x1A, 0xD0, 0x7E, 0xE5, 0xFA,
    0x95, 0x63, 0x5F, 0xE5, 0xD5, 0x36, 0xEA, 0xD4, 0x1F, 0xF0, 0x82, 0xFD, 0x49, 0x87, 0x80, 0xD4,
    0x51, 0x94, 0xC1, 0x30, 0xBD, 0x4E, 0x75, 0xB4, 0x7B, 0xB0, 0xA8, 0xA5, 0xB3, 0xB4, 0xE1, 0xFD,
    0x53, 0xF2, 0x8D, 0x6D, 0x97, 0xBA, 0xA8, 0x59, 0x49, 0x87, 0x89, 0x7B, 0xD6, 0x61, 0x0A, 0x79,
    0xE2, 0x07, 0x53, 0x45, 0x4B, 0xAD, 0xCF, 0x1B, 0xE9, 0xFF, 0x09, 0xE1, 0x6C, 0x9B, 0x0D, 0xA6,
    0xA7, 0x8E, 0x51, 0xEE, 0xF4, 0xBF, 0x85, 0xEC, 0x84, 0xBD, 0x0D, 0x17, 0x69, 0xEC, 0x26, 0xC0,
    0x7E, 0x8A, 0x31, 0x50, 0x1B, 0x28, 0xD6, 0xD9, 0x19, 0x34, 0x11, 0xB8, 0x44, 0xCB, 0xBB, 0xA4,
    0xBB, 0x29, 0x5E, 0xD1, 0x64, 0xBD, 0x3B, 0x4C, 0x6F, 0xFC, 0xAF, 0xED, 0x68, 0x44, 0x3B, 0x0E,
    0x35, 0xDA, 0x0D, 0x18, 0xEF, 0x56, 0x69, 0xDB, 0xA2, 0xA3, 0x32, 0xF4, 0x50, 0xB3, 0x1A, 0x77,
    0xF7, 0x8F, 0x9E, 0xFF, 0x05, 0xBD, 0x57, 0xC9, 0xB2, 0xEC, 0x38, 0x11, 0x3D, 0x2E, 0x77, 0x74,
    0x75, 0xE0, 0xEE, 0x16, 0x3B, 0x66, 0xBC, 0x64, 0x46, 0x7F, 0x80, 0xCC, 0xFC, 0x37, 0xBC, 0x4F,
    0x90, 0xFB, 0xB1, 0x63, 0xFE, 0x03, 0x58, 0xB3, 0x61, 0xDC, 0xCB, 0xCC, 0x4B, 0xBC, 0x61, 0x9E,
    0xD4, 0xE3, 0xB6, 0xD5, 0x11, 0x26, 0xC2, 0x0D, 0xB2, 0x0E, 0xCE, 0x54, 0xB9, 0x5E, 0xBD, 0xB8,
    0xF4, 0x3C, 0x28, 0xAE, 0xCF, 0xC9, 0x2B, 0x4B, 0xA9, 0x94, 0x9C, 0xCA, 0xCC, 0xC2, 0x0F, 0xF0,
    0x1E, 0xF8, 0x02, 0xB4, 0x09, 0xE6, 0x77, 0x64, 0x44, 0x97, 0xE1, 0x48, 0x66, 0xF4, 0x1B, 0x02,
    0x49, 0xC2, 0x49, 0x4F, 0x34, 0x1C, 0xDD, 0x02, 0xCB, 0xA1, 0xE5, 0xE4, 0x13, 0x4C, 0x01, 0x38,
    0x87, 0x5D, 0xD8, 0x00, 0xC6, 0x10, 0xD1, 0x15, 0x20, 0xDC, 0x08, 0xF2, 0x4A, 0x04, 0x19, 0x9C,
    0x65, 0xB0, 0x5B, 0x45, 0xD5, 0x89, 0x93, 0x25, 0xB8, 0x3E, 0xD6, 0x71, 0x34, 0x24, 0x53, 0x4F,
    0xA2, 0x25, 0x39, 0x39, 0xCA, 0x78, 0x16, 0x78, 0x26, 0xA0, 0x63, 0x84, 0xE5, 0x08, 0x6D, 0xA7,
    0x77, 0x5E, 0xE0, 0xAB, 0x0A, 0xB2, 0xA9, 0xC7, 0x71, 0xAF, 0x0C, 0x70, 0x9C, 0xDC, 0x40, 0x26,
    0x90, 0xB3, 0x9F, 0x1C, 0xF5, 0x70, 0x98, 0x1C, 0x89, 0xC7, 0x5D, 0xF4, 0xCB, 0x23, 0x86, 0x03,
    0x38, 0xDB, 0x15, 0x2D, 0xC7, 0x96, 0x93, 0xC9, 0x68, 0x76, 0x64, 0x3D, 0x84, 0xC9, 0x66, 0x74,
    0x2A, 0xB8, 0xA5, 0x0A, 0x7A, 0x98, 0x37, 0xC2, 0x49, 0x05, 0x47, 0x9C, 0x39, 0xBA, 0xD2, 0x90,
    0xB3, 0x25, 0x2C, 0xB5, 0x15, 0x74, 0x24, 0x03, 0xB9, 0xA2, 0x21, 0x37, 0x43, 0xCE, 0x40, 0xCF,
    0xEF, 0x35, 0x61, 0x43, 0x6D, 0x76, 0x7D, 0xA7, 0x05, 0xC3, 0x57, 0x17, 0x4E, 0x1B, 0xFA, 0xE7,
    0xD0, 0x73, 0xF0, 0x9B, 0x9C, 0x15, 0x09, 0x67, 0xE6, 0xEC, 0x86, 0x8A, 0xB5, 0xC7, 0x72, 0x0C,
    0x05, 0xE7, 0x82, 0x7E, 0x01, 0xC4, 0x63, 0xB8, 0xC1, 0xCA, 0xC8, 0xB8, 0xC1, 0x4F, 0xEF, 0x45,
    0x18, 0x21, 0x8F, 0xCA, 0x2E, 0x16, 0x79, 0x37, 0xC8, 0x98, 0x26, 0x44, 0x00, 0x8F, 0x00, 0xC0,
    0xE7, 0x04, 0x38, 0x02, 0x2D, 0xE3, 0x65, 0x65, 0xC7, 0x02, 0xF0, 0x59, 0x39, 0xF5, 0x91, 0xD1,
    0x14, 0xB8, 0xD5, 0x2D, 0x30, 0xA5, 0x9F, 0x71, 0xCA, 0xDD, 0x00, 0xFC, 0x1C, 0xD7, 0x26, 0xFF,
    0x2E, 0xFB, 0x8B, 0x36, 0xBB, 0x15, 0xA6, 0xE8, 0x60, 0x9D, 0xA6, 0x0A, 0x54, 0x95, 0x2A, 0xAD,
    0xEA, 0x75, 0x21, 0x7C, 0x06, 0x97, 0xC5, 0x3F, 0xC4, 0xE7, 0x80, 0x86, 0xE4, 0xA0, 0xDF, 0x23,
    0xA2, 0x27, 0xB9, 0xC2, 0x15, 0xF8, 0x0C, 0x2F, 0x4B, 0xC2, 0x27, 0xB4, 0x14, 0x3C, 0x11, 0x2E,
    0xA1, 0xE1, 0x60, 0x37, 0x41, 0xC3, 0xE1, 0x44, 0xB4, 0x9C, 0x5A, 0xCA, 0xCE, 0xCF, 0xC4, 0x13,
    0x2E, 0xC9, 0xEA, 0x4C, 0x2E, 0x83, 0x8C, 0x76, 0x91, 0x53, 0x33, 0xB3, 0x38, 0x5C, 0x3B, 0xE0,
    0xE3, 0xB0, 0x05, 0xF0, 0xE2, 0x06, 0x08, 0x67, 0x72, 0x01, 0x2D, 0x99, 0x11, 0x18, 0x2D, 0xE1,
    0x38, 0x9C, 0x09, 0x23, 0xAE, 0x36, 0x5C, 0x7C, 0xF9, 0x1E, 0x5F, 0xE0, 0x28, 0x56, 0x71, 0x0C,
    0x8A, 0x7E, 0x83, 0xE7, 0xE0, 0x22, 0x0C, 0x61, 0x77, 0xB9, 0xC0, 0x50, 0x34, 0xB4, 0x24, 0x13,
    0x10, 0xD4, 0xCB, 0x3B, 0xD9, 0x11, 0xCE, 0x7C, 0x19, 0xDA, 0x13, 0xF5, 0x6D, 0x86, 0xEA, 0x81,
    0x11, 0x55, 0xA3, 0x15, 0xF3, 0x26, 0xBB, 0x36, 0xD9, 0xEF, 0xCE, 0x7D, 0xCA, 0x2E, 0xF6, 0xB9,
    0x5D, 0x6D, 0x34, 0x6C, 0x17, 0x1B, 0x5B, 0xFE, 0x6A, 0xC7, 0x86, 0xCF, 0xAC, 0x6E, 0x86, 0x7B,
    0x29, 0xFB, 0xE9, 0xD4, 0x27, 0xCA, 0x0D, 0x5F, 0x3C, 0x2F, 0xBB, 0xEB, 0x39, 0x1B, 0x39, 0x90,
    0xA1, 0x1D, 0xAF, 0x9F, 0x81, 0x51, 0x2F, 0x95, 0x5C, 0xFB, 0x33, 0x99, 0x74, 0xDD, 0x7F, 0x91,
    0x1B, 0x0C, 0x6B, 0x1B, 0x2C, 0x87, 0xC0, 0xA5, 0xE3, 0xE4, 0x32, 0x0C, 0x27, 0x30, 0xD6, 0xB3,
    0x45, 0x48, 0xA1, 0x0A, 0x2E, 0x85, 0x78, 0x47, 0x38, 0x5E, 0x39, 0x59, 0x51, 0x06, 0xBB, 0x15,
    0x8D, 0x4E, 0xEF, 0x0B, 0xA0, 0x0A, 0x0D, 0x39, 0x3A, 0x52, 0x22, 0x1A, 0xA7, 0x9E, 0x35, 0xFA,
    0xC4, 0x96, 0x35, 0xFA, 0x8C, 0xF0, 0x65, 0x78, 0x05, 0x0B, 0x5F, 0x7C, 0xD8, 0x42, 0x89, 0x58,
    0xCB, 0x99, 0x93, 0x4B, 0xE8, 0xAA, 0x85, 0x93, 0x7C, 0x11, 0xB1, 0x70, 0x3B, 0xEC, 0x61, 0x3C,
    0x84, 0x7C, 0x11, 0xBE, 0xCE, 0x2A, 0xF8, 0xC9, 0xDF, 0xD7, 0xC1, 0x2E, 0xD9, 0x5F, 0xE8, 0x74,
    0xBB, 0x99, 0x59, 0x15, 0x1A, 0x32, 0x1E, 0x16, 0xA6, 0xC3, 0xC2, 0x74, 0x58, 0x18, 0xAF, 0x16,
    0xAA, 0x93, 0xD4, 0xD0, 0xA9, 0xDF, 0x4E, 0x37, 0xB6, 0x56, 0xE7, 0xEC, 0xB9, 0xA1, 0x27, 0x82,
    0x04, 0x26, 0xB8, 0x0C, 0x9B, 0xC5, 0x36, 0x77, 0xC4, 0x9A, 0x90, 0xD0, 0x89, 0x67, 0x4E, 0x97,
    0xC0, 0x7D, 0x47, 0x68, 0x34, 0x1E, 0x75, 0x14, 0xEF, 0x92, 0x98, 0xC5, 0x51, 0xA6, 0x6F, 0xB2,
    0x6C, 0x4F, 0x18, 0x96, 0xEE, 0x08, 0x4C, 0x22, 0x48, 0xB0, 0xE3, 0x37, 0xF5, 0x52, 0xC0, 0x96,
    0xAE, 0x58, 0xB1, 0x10, 0xAA, 0x10, 0xEF, 0xB0, 0xC0, 0xFC, 0xEA, 0x42, 0xFD, 0x94, 0xBC, 0x7E,
    0xCA, 0xA5, 0x7E, 0xCA, 0x6A, 0x7C, 0x6D, 0x43, 0x2F, 0xCE, 0xF6, 0xDC, 0x49, 0x9D, 0x6D, 0x97,
    0xE1, 0xA3, 0x4B, 0xBA, 0x84, 0x15, 0x8F, 0x3A, 0x6F, 0x38, 0x51, 0x7D, 0xAC, 0xC0, 0x1E, 0x02,
    0x59, 0x5F, 0xB5, 0xC5, 0x24, 0x39, 0xA8, 0x6C, 0x52, 0xAF, 0xDE, 0x9E, 0xFB, 0xC9, 0x45, 0x51,
    0xB8, 0xDA, 0xFB, 0x9C, 0x64, 0x89, 0xE4, 0xEA, 0xA7, 0xE4, 0xA4, 0xF1, 0x25, 0x90, 0x70, 0x5C,
    0x8E, 0x54, 0x37, 0x60, 0x87, 0x08, 0xCF, 0xEF, 0xE1, 0x44, 0xB5, 0x70, 0x43, 0x5F, 0x2D, 0xE4,
    0x78, 0x75, 0xB6, 0x73, 0x44, 0xE0, 0x02, 0x8F, 0x06, 0xE8, 0x39, 0x1D, 0x81, 0xB7, 0x32, 0xCE,
    0x55, 0xF8, 0x14, 0xA5, 0x7D, 0xEF, 0xC1, 0xBE, 0x42, 0x65, 0x26, 0x5F, 0x06, 0x43, 0x3C, 0xCA,
    0xE4, 0x64, 0xC9, 0x09, 0x7E, 0xB6, 0x9B, 0x28, 0x3C, 0x71, 0xBA, 0x2E, 0x71, 0xF5, 0xF0, 0x7A,
    0x50, 0xB7, 0xCE, 0x76, 0x2E, 0x68, 0x25, 0x7A, 0x6B, 0x8C, 0xFA, 0x05, 0x29, 0x73, 0x63, 0xFF,
    0x5F, 0x8D, 0x33, 0xBA, 0x3D, 0x6A, 0x40, 0xB3, 0x5C, 0xF1, 0x35, 0x89, 0x6F, 0x72, 0x1D, 0x50,
    0xC3, 0xDD, 0x28, 0x76, 0x8A, 0x72, 0x4D, 0x26, 0x72, 0x92, 0xB2, 0x5B, 0xB7, 0xE0, 0xA4, 0x8B,
    0xFA, 0x7A, 0xB3, 0x98, 0x54, 0x58, 0x1F, 0x65, 0x94, 0x40, 0xCA, 0x19, 0x7E, 0x96, 0xB8, 0xCA,
    0xF5, 0xC4, 0xA9, 0x3F, 0x2C, 0x94, 0x7D, 0xFD, 0x8D, 0x14, 0xE7, 0x24, 0xBF, 0x40, 0x2E, 0x1A,
    0x93, 0xD5, 0xB0, 0xB3, 0xE4, 0xE9, 0xA0, 0xA9, 0xC7, 0x75, 0x64, 0x0C, 0x9C, 0xFD, 0x8B, 0xE4,
    0xEA, 0x19, 0x49, 0x72, 0xD9, 0x73, 0x74, 0x60, 0x3C, 0x45, 0x68, 0x5E, 0x55, 0xDB, 0x4C, 0x01,
    0x70, 0x49, 0xD0, 0xD0, 0xFC, 0x1C, 0xCA, 0xA0, 0xAE, 0x4E, 0x2E, 0x3E, 0xD5, 0x8B, 0xAE, 0x1C,
    0xAD, 0xB0, 0x23, 0xDA, 0xAD, 0xA6, 0xE6, 0x3E, 0x5B, 0x6A, 0x5B, 0x2F, 0x89, 0x39, 0x4A, 0x5E,
    0xDE, 0xE5, 0x71, 0x37, 0x68, 0x6E, 0xC2, 0x0A, 0x6D, 0x2E, 0xBD, 0x23, 0x6C, 0xF9, 0xEA, 0xAC,
    0x69, 0xB2, 0x9D, 0x24, 0xEF, 0x74, 0x09, 0x12, 0x4F, 0xB2, 0x6E, 0x62, 0x93, 0x11, 0x86, 0x70,
    0xCF, 0xAE, 0x67, 0xC2, 0xFF, 0x72, 0x6D, 0x39, 0x84, 0x5F, 0xE4, 0x96, 0x63, 0x78, 0x2A, 0x9F,
    0x0E, 0xD4, 0xFE, 0xD1, 0x3D, 0xBB, 0xC8, 0x7D, 0xD7, 0xF1, 0x3D, 0xA3, 0xDF, 0xFE, 0x7F, 0xFA,
    0x58, 0x75, 0xD9, 0x59, 0x3F, 0xC1, 0x89, 0x54, 0x9F, 0x42, 0x5F, 0x03, 0x51, 0xCD, 0x38, 0xB3,
    0x15, 0xEF, 0x9D, 0x1B, 0xA6, 0x47, 0xCE, 0xEA, 0x15, 0x6E, 0x01, 0x18, 0x01, 0x3D, 0x77, 0x9F,
    0x54, 0xD0, 0xAD, 0xDD, 0xE3, 0xF7, 0x55, 0xE8, 0x48, 0xAA, 0x10, 0x0E, 0xC1, 0xBF, 0xDC, 0x88,
    0x10, 0xC4, 0x7B, 0x1D, 0xD1, 0xC8, 0x5E, 0x1A, 0x32, 0xD6, 0x60, 0xAE, 0x6D, 0x14, 0xC3, 0x3C,
    0xEB, 0xFD, 0xDA, 0x3A, 0xD6, 0xFB, 0x35, 0x23, 0x1C, 0xA1, 0x52, 0xC3, 0x64, 0x4B, 0xD6, 0x29,
    0xD1, 0x12, 0x5C, 0x5C, 0x86, 0xCB, 0x1A, 0x12, 0xB5, 0x6A, 0xD5, 0xC0, 0x77, 0x80, 0x29, 0x5E,
    0xFA, 0xDC, 0x82, 0x3E, 0xEB, 0x38, 0x5B, 0x10, 0x16, 0xB3, 0x4B, 0xA9, 0xDD, 0xFB, 0xA6, 0x26,
    0xC1, 0xA0, 0xB6, 0xE6, 0x87, 0x83, 0x26, 0xE1, 0xD7, 0x0F, 0xBC, 0x0B, 0xAA, 0x28, 0x41, 0x82,
    0x0D, 0xCC, 0x56, 0xBF, 0xB5, 0x9B, 0x00, 0x3F, 0xE1, 0xA6, 0x2E, 0x7A, 0x0C, 0x2E, 0xD9, 0xC9,
    0x91, 0xD1, 0x50, 0x6E, 0x17, 0x01, 0xBF, 0xE8, 0xFC, 0xDB, 0xA7, 0x79, 0x57, 0x1E, 0x0E, 0xB7,
    0x0F, 0xEE, 0x5D, 0x52, 0x10, 0x4C, 0x8D, 0x74, 0xD4, 0xE4, 0x1F, 0x46, 0x97, 0xF0, 0x58, 0xAD,
    0x22, 0x0D, 0x13, 0xD0, 0x0A, 0xA8, 0xE4, 0x04, 0x7C, 0x42, 0x03, 0x39, 0xEE, 0x39, 0x2C, 0xF0,
    0xC9, 0xD5, 0x6F, 0x43, 0x0D, 0x9C, 0x05, 0x9A, 0xD7, 0x4E, 0x5C, 0x44, 0x27, 0x1C, 0x39, 0xB8,
    0xE9, 0xFD, 0xE8, 0x37, 0xA0, 0xDB, 0x34, 0x98, 0xC0, 0x8D, 0x4F, 0xEE, 0x8F, 0x9F, 0xE4, 0x5D,
    0xCF, 0x82, 0x93, 0x18, 0x21, 0xE2, 0xEC, 0x98, 0xFC, 0x17, 0x17, 0xFF, 0xD5, 0x65, 0x17, 0x7A,
    0x26, 0xF1, 0xBD, 0x30, 0x82, 0x68, 0x33, 0xBA, 0x45, 0xFE, 0x5C, 0x41, 0xE0, 0x50, 0xDC, 0x98,
    0xFB, 0xB1, 0xF8, 0xD1, 0x13, 0x3D, 0xD1, 0x64, 0xB4, 0x2B, 0xBA, 0x04, 0x13, 0x61, 0x27, 0x98,
    0x15, 0x8E, 0x20, 0x87, 0xCD, 0x8E, 0xFB, 0x5F, 0xE0, 0xE0, 0x28, 0x73, 0xB5, 0xBD, 0x5E, 0x25,
    0x00, 0xFA, 0x0C, 0x4F, 0x3C, 0x34, 0x6C, 0x15, 0xE5, 0x83, 0x67, 0x37, 0x15, 0x1F, 0xA6, 0xDC,
    0x73, 0x2A, 0xAE, 0xE6, 0xF1, 0xBE, 0xE0, 0x4E, 0xEB, 0x75, 0xAC, 0xD9, 0xC7, 0x50, 0xC6, 0x8E,
    0x45, 0xCB, 0xBB, 0x19, 0xFD, 0xCB, 0x78, 0x45, 0xFD, 0xC7, 0x1B, 0xB7, 0x78, 0x82, 0x5B, 0x71,
    0xF7, 0xB3, 0xCF, 0xFD, 0xFD, 0xD5, 0x15, 0x7F, 0x7F, 0x0B, 0xDA, 0xB7, 0x8F, 0xB2, 0x7A, 0xE6,
    0xD3, 0x03, 0xC0, 0x99, 0xB2, 0x41, 0x4F, 0x0E, 0xF5, 0xB6, 0x6B, 0x40, 0x5C, 0xC5, 0x2C, 0xBB,
    0xC1, 0x69, 0x55, 0xE1, 0x1E, 0x64, 0x97, 0x31, 0xFC, 0x91, 0xCF, 0xEF, 0x38, 0xA3, 0xD9, 0x31,
    0x6A, 0xB9, 0x90, 0xB4, 0xD4, 0xC8, 0xE8, 0x58, 0x7F, 0x10, 0x5C, 0x34, 0x9C, 0x54, 0x5B, 0xD5,
    0xAC, 0xAB, 0xBC, 0xD6, 0xF9, 0xCA, 0xDB, 0xE3, 0x7C, 0xAD, 0x6C, 0x2C, 0xD4, 0x52, 0x66, 0x92,
    0x93, 0x3D, 0x27, 0xF9, 0x96, 0xCD, 0x76, 0x84, 0x21, 0x0D, 0x49, 0xD5, 0xE0, 0x1A, 0xAA, 0x7A,
    0x2D, 0xD1, 0xAA, 0x19, 0xD5, 0x24, 0x9F, 0xC4, 0x3C, 0x1F, 0xD5, 0xD4, 0x77, 0x0C, 0x7D, 0xC5,
    0x74, 0xE7, 0x28, 0xC4, 0x9E, 0x57, 0x0E, 0xA3, 0xB5, 0x75, 0x23, 0x80, 0xA0, 0x9D, 0x3B, 0x84,
    0x1D, 0x34, 0xAB, 0xB8, 0x2B, 0xF4, 0xFF, 0xD9, 0xC1, 0xDC, 0xD7, 0x50, 0xF2, 0xB6, 0xC2, 0x8F,
    0x77, 0xF8, 0xA6, 0x18, 0xCD, 0x55, 0x20, 0x0B, 0x2C, 0x02, 0x83, 0xDE, 0xC0, 0x1D, 0x86, 0x1D,
    0x76, 0x01, 0xCD, 0x2E, 0xF8, 0x67, 0xB8, 0xC0, 0x93, 0x54, 0x98, 0x05, 0x92, 0x27, 0x42, 0xF6,
    0x2B, 0x6C, 0xD6, 0xD0, 0xB9, 0x43, 0x57, 0x7C, 0xBC, 0x01, 0xB3, 0x55, 0x8F, 0x04, 0x9C, 0xEC,
    0x98, 0x09, 0x7A, 0x61, 0xB5, 0xBE, 0x87, 0xA3, 0x74, 0xE5, 0x6B, 0x84, 0xB8, 0xED, 0x3A, 0x49,
    0x97, 0xA6, 0x0F, 0x43, 0xD4, 0x9B, 0x0F, 0xA7, 0x7A, 0x16, 0x81, 0x74, 0x17, 0xF4, 0x45, 0xCD,
    0xEB, 0xD7, 0xFF, 0x42, 0x12, 0x64, 0x94, 0x2D, 0x88, 0x2E, 0x9C, 0x14, 0xEB, 0x8F, 0xA8, 0x8E,
    0x00, 0x60, 0x0A, 0xAA, 0x89, 0x6A, 0xE3, 0xAB, 0x4C, 0x6D, 0xC9, 0xA8, 0x58, 0x64, 0x2A, 0x39,
    0xC1, 0x50, 0xBA, 0xFA, 0x2C, 0xB6, 0xBA, 0x2C, 0xB3, 0xDD, 0x22, 0xCB, 0x07, 0x2D, 0xB9, 0x19,
    0x77, 0x94, 0xA9, 0x46, 0xF2, 0xAD, 0xE2, 0xB0, 0x63, 0x47, 0xEC, 0x68, 0x8A, 0x60, 0x9F, 0x05,
    0xDD, 0xAA, 0x98, 0x04, 0x83, 0xE2, 0x75, 0x17, 0x70, 0x95, 0x42, 0x25, 0x2A, 0x35, 0x95, 0x4E,
    0x95, 0xDA, 0x4A, 0x5D, 0x25, 0x53, 0xA9, 0xAF, 0xE4, 0x1E, 0xA2, 0xF0, 0xA2, 0x12, 0x7F, 0x2F,
    0xD4, 0x54, 0x6A, 0xF9, 0xDD, 0x4A, 0x46, 0xA8, 0xAB, 0x64, 0x8A, 0x52, 0x9F, 0x95, 0xDC, 0x85,
    0x16, 0xA5, 0x90, 0x94, 0x18, 0x85, 0x1A, 0x29, 0x34, 0xBA, 0xA1, 0x15, 0x0A, 0xF2, 0x6B, 0xC1,
    0x68, 0x18, 0xC7, 0x4E, 0xB3, 0x29, 0x42, 0x43, 0x9F, 0x77, 0x5A, 0xE4, 0x6C, 0x0C, 0xF5, 0x68,
    0x4D, 0xD4, 0xB3, 0x7D, 0x12, 0xB7, 0x6D, 0x9F, 0xFA, 0x36, 0x63, 0x13, 0xC8, 0x02, 0x4B, 0x41,
    0x0A, 0x9E, 0x15, 0x0D, 0x9F, 0xDB, 0xDF, 0x5A, 0xD6, 0x3B, 0x5A, 0x23, 0x84, 0x60, 0xA8, 0x18,
    0xAF, 0x08, 0xED, 0x87, 0x4B, 0x1A, 0x4B, 0xB2, 0xA4, 0x20, 0xA9, 0xF0, 0xE5, 0x5A, 0x1F, 0x3F,
    0x28, 0xE6, 0x5A, 0xD8, 0x1F, 0xBF, 0xA9, 0x2B, 0x7A, 0xE9, 0x39, 0xE9, 0xDB, 0x3A, 0xB2, 0xCE,
    0xAA, 0x1A, 0xAA, 0xB6, 0xAA, 0x39, 0xC4, 0x03, 0x8F, 0xD5, 0xFD, 0x11, 0x39, 0xAE, 0x16, 0x56,
    0x6B, 0x5B, 0x1E, 0xBB, 0x38, 0x76, 0x54, 0x77, 0xF7, 0x4E, 0x9C, 0x9B, 0x11, 0x9B, 0x05, 0x92,
    0x40, 0x14, 0x98, 0x2E, 0xB7, 0x46, 0x9C, 0xB8, 0xFE, 0xEC, 0x30, 0x0A, 0x1B, 0x00, 0x7B, 0xBD,
    0xD9, 0x7E, 0x39, 0xEE, 0x0C, 0xE3, 0xE5, 0xC6, 0xB4, 0x15, 0xB4, 0x1A, 0xAB, 0x17, 0xED, 0xEE,
    0x2C, 0x9D, 0xA0, 0x30, 0xDF, 0x2E, 0x73, 0x33, 0xAB, 0xFE, 0xB2, 0x25, 0x93, 0xBB, 0x02, 0xB4,
    0x25, 0x18, 0x68, 0x5D, 0xA6, 0x15, 0x5A, 0x5F, 0x10, 0x2E, 0xD5, 0xDD, 0xDE, 0x57, 0xC3, 0x91,
    0xD6, 0x74, 0x0F, 0x4A, 0x3C, 0xED, 0xD3, 0xDA, 0x4F, 0xC7, 0xF5, 0x44, 0xDD, 0x6A, 0x3C, 0x91,
    0x1C, 0x05, 0xF4, 0xE7, 0xC6, 0xDC, 0xF3, 0xF3, 0x4C, 0x7A, 0x9F, 0x5D, 0xBA, 0x55, 0xB5, 0xDD,
    0x16, 0x8A, 0x77, 0x55, 0xC9, 0xDC, 0xD8, 0x8A, 0x2A, 0x04, 0x6A, 0x8E, 0x8A, 0xAF, 0x52, 0x87,
    0xAE, 0x70, 0xD9, 0xDF, 0xAD, 0x43, 0x6F, 0x35, 0xAF, 0x0F, 0x69, 0x56, 0xFB, 0xD4, 0x52, 0xFD,
    0xD7, 0xBC, 0xBA, 0x91, 0x0A, 0xD2, 0x77, 0x94, 0xB4, 0xF6, 0x62, 0xE9, 0x76, 0x29, 0x69, 0x63,
    0x9B, 0x60, 0x26, 0xEC, 0xE3, 0x00, 0xE0, 0x4E, 0x5E, 0xDE, 0x05, 0x47, 0xE9, 0x7C, 0xFD, 0x65,
    0x13, 0x1C, 0x27, 0x90, 0x2B, 0x36, 0x2B, 0x5A, 0x38, 0x05, 0xDA, 0xC9, 0x6D, 0xED, 0xB4, 0xAB,
    0xB8, 0xB6, 0x4E, 0xC7, 0xC9, 0x09, 0x2D, 0x32, 0x0E, 0x32, 0x8E, 0x32, 0xAE, 0x9C, 0x27, 0xB3,
    0x60, 0x40, 0xCF, 0xEF, 0xA1, 0x21, 0x33, 0xCE, 0xD7, 0xC2, 0x52, 0x2A, 0xFF, 0xE8, 0x12, 0x7C,
    0xDA, 0xC1, 0x25, 0x1F, 0x77, 0x70, 0x02, 0xC0, 0x9B, 0x05, 0xD4, 0x8B, 0xB7, 0xE2, 0xFC, 0x52,
    0xC6, 0x39, 0xEE, 0xCF, 0xBF, 0xB3, 0xFE, 0x8F, 0x30, 0xE3, 0xB6, 0x39, 0xC6, 0x87, 0x1E, 0x84,
    0x77, 0xE3, 0xE1, 0x74, 0xFB, 0xD4, 0x98, 0x1F, 0x85, 0x60, 0x58, 0x94, 0x1D, 0x39, 0x0A, 0x07,
    0xD6, 0xF7, 0x8C, 0x21, 0x29, 0x4F, 0x76, 0xAA, 0xFC, 0x04, 0x2A, 0xA3, 0x72, 0xAA, 0xEC, 0x73,
    0x65, 0xC7, 0xCA, 0xE6, 0x32, 0xA0, 0x3D, 0x06, 0x30, 0x57, 0xB6, 0xA5, 0x3A, 0xAF, 0xE1, 0x70,
    0xF1, 0xDF, 0x49, 0x5D, 0xB8, 0xB9, 0x78, 0x31, 0x38, 0xAB, 0x23, 0x23, 0x44, 0x97, 0x6B, 0xD2,
    0x53, 0xAF, 0x85, 0x4F, 0xEA, 0x77, 0xC2, 0xE2, 0x84, 0x70, 0x77, 0xD8, 0xA7, 0xCA, 0x6E, 0xB9,
    0x70, 0xAE, 0xDC, 0x97, 0xCA, 0x26, 0x57, 0x6E, 0x97, 0xCA, 0x48, 0x17, 0xC6, 0x5B, 0x61, 0x2F,
    0x7C, 0x26, 0x82, 0x70, 0x4B, 0x30, 0x2A, 0x3F, 0x75, 0x29, 0x0B, 0x2E, 0xE7, 0x49, 0x12, 0x37,
    0x29, 0x13, 0x8F, 0x72, 0xC6, 0xFF, 0x00, 0x03, 0x00, 0xD5, 0x5B, 0x31, 0xCC, 0xE5, 0xC6, 0x71,
    0x9E, 0x47, 0xCA, 0xA2, 0x61, 0xC6, 0xE0, 0x15, 0x2E, 0x02, 0x1C, 0x90, 0xE7, 0x22, 0x85, 0x8A,
    0x04, 0x6C, 0x5D, 0x18, 0x59, 0xDA, 0x2E, 0x52, 0xB8, 0x48, 0xE3, 0x2E, 0x85, 0x5B, 0x23, 0xCD,
    0xA5, 0x47, 0x00, 0x3E, 0xEB, 0xCA, 0x34, 0x87, 0xB4, 0x29, 0xA2, 0xDA, 0x8D, 0x53, 0xA4, 0xB4,
    0xB1, 0x94, 0xAE, 0x70, 0xE1, 0xC2, 0x54, 0x54, 0xB8, 0x70, 0x11, 0x4A, 0xBA, 0xD8, 0x08, 0x54,
    0x64, 0xED, 0x30, 0x09, 0x2F, 0x47, 0xF2, 0x0B, 0xBF, 0x6F, 0xB9, 0xEF, 0xFD, 0x77, 0xEF, 0xBF,
    0x5F, 0x27, 0x4B, 0x0A, 0x14, 0xDE, 0x71, 0x76, 0xFE, 0xE5, 0x70, 0x77, 0x77, 0x76, 0x66, 0x76,
    0x66, 0xB8, 0xCF, 0x6C, 0x30, 0xB3, 0x6F, 0xBE, 0xD7, 0x58, 0xFE, 0x83, 0xFC, 0x07, 0x96, 0x37,
    0xF6, 0x4D, 0x7B, 0xC3, 0xB6, 0xF2, 0x9B, 0x04, 0xC6, 0xEB, 0xAF, 0xCD, 0xB2, 0x4E, 0x40, 0x7F,
    0xEA, 0x81, 0x48, 0xB6, 0xE7, 0x6F, 0xE8, 0x8D, 0xD8, 0x80, 0xBD, 0xF1, 0x61, 0x63, 0x1E, 0x18,
    0x00, 0x84, 0x60, 0xF6, 0x99, 0xDE, 0x00, 0x74, 0x5B, 0x89, 0xC1, 0x1E, 0xAC, 0x8D, 0xB1, 0xA7,
    0x82, 0x15, 0x39, 0x80, 0x7F, 0x07, 0x16, 0xAB, 0x10, 0xAF, 0xE6, 0x88, 0xC6, 0x63, 0x28, 0xD1,
    0xB9, 0xD9, 0x8E, 0x38, 0x19, 0x06, 0x17, 0xAC, 0x5C, 0xCD, 0x7C, 0xF0, 0xC1, 0x8A, 0x0D, 0x71,
    0xC1, 0x0F, 0x96, 0xBF, 0x80, 0xA4, 0x47, 0xED, 0x46, 0xBC, 0x98, 0xB5, 0xC1, 0x8D, 0x56, 0xCD,
    0xC6, 0xD7, 0x67, 0x73, 0xF3, 0x6B, 0x05, 0xBA, 0xE3, 0x6A, 0x7E, 0xAC, 0x80, 0x66, 0xAB, 0x77,
    0xA1, 0xC6, 0x6A, 0xF9, 0x64, 0xC7, 0xCE, 0x61, 0x34, 0x0B, 0xF6, 0x15, 0xF5, 0x76, 0xB9, 0x6A,
    0x56, 0x97, 0xC0, 0x56, 0xE9, 0x34, 0xF6, 0x1A, 0xC0, 0x6C, 0xD5, 0x13, 0x6B, 0x57, 0xFB, 0x12,
    0x1F, 0x91, 0x2A, 0x07, 0xD9, 0x9C, 0xE1, 0x64, 0x0F, 0xF0, 0x6B, 0x9C, 0x48, 0x8F, 0x93, 0x17,
    0x6C, 0x17, 0x6B, 0xD1, 0xB8, 0xC1, 0x2A, 0x58, 0xBD, 0xE1, 0xAB, 0xE6, 0x38, 0x6B, 0xCA, 0x41,
    0x1C, 0x38, 0xB1, 0x95, 0x27, 0x96, 0x60, 0x0B, 0x34, 0x7A, 0x3A, 0xA8, 0xDF, 0xD1, 0x8E, 0x68,
    0x5A, 0x0E, 0xDE, 0xAA, 0xD5, 0x5C, 0xB0, 0x02, 0xE6, 0xC9, 0x31, 0xE3, 0xAC, 0xD1, 0xDC, 0x80,
    0xD6, 0xAA, 0xDE, 0x8D, 0x1C, 0x15, 0xF9, 0xB6, 0xF2, 0x3F, 0x5F, 0x9C, 0xAD, 0x9E, 0x38, 0xCD,
    0x8A, 0xCB, 0x60, 0x79, 0x9A, 0x60, 0xB9, 0xEE, 0xF3, 0x75, 0xE8, 0x22, 0x07, 0x80, 0xC1, 0x0D,
    0xE4, 0x89, 0x43, 0x88, 0x5C, 0xFA, 0xAA, 0x0B, 0x1B, 0xDF, 0x72, 0x74, 0xE6, 0x87, 0xC8, 0xC9,
    0x0D, 0x8F, 0xBC, 0xAD, 0xD0, 0x44, 0xB6, 0xD7, 0x8B, 0x45, 0xC4, 0x8D, 0x3B, 0xD2, 0x5E, 0x16,
    0x22, 0xAE, 0x1A, 0x91, 0x7D, 0x1D, 0x57, 0xF3, 0x18, 0x0B, 0x74, 0x35, 0x74, 0x45, 0x76, 0xFD,
    0x0B, 0xB0, 0xDA, 0x61, 0x03, 0x05, 0xC8, 0xF1, 0xFB, 0x94, 0x10, 0x32, 0xF5, 0x75, 0x3C, 0x89,
    0x2C, 0xC9, 0xC8, 0x11, 0x52, 0x4E, 0x47, 0x34, 0x0F, 0x26, 0x37, 0x5B, 0xD1, 0xB9, 0x60, 0x6C,
    0x9A, 0x60, 0x10, 0x48, 0x7F, 0x6E, 0x0F, 0x0E, 0x46, 0x92, 0x61, 0x23, 0xAE, 0x67, 0xBE, 0x36,
    0x67, 0x62, 0x78, 0x4B, 0x7E, 0x17, 0xEC, 0x42, 0x20, 0xFE, 0x1D, 0x1F, 0x89, 0xCA, 0x8E, 0x18,
    0xDA, 0xC5, 0xDC, 0xB3, 0x50, 0xC1, 0xDC, 0x7B, 0x13, 0x79, 0xFB, 0xCE, 0x9C, 0xE3, 0xE4, 0x7F,
    0x38, 0x67, 0x67, 0xF8, 0x26, 0x6B, 0xDC, 0x63, 0x3E, 0x75, 0xCF, 0xC6, 0x0A, 0x76, 0x44, 0x68,
    0x17, 0xD3, 0xF0, 0xF6, 0xD6, 0x34, 0xE8, 0xD4, 0x4B, 0x8D, 0xC1, 0xFC, 0xDA, 0xF0, 0xD1, 0x52,
    0x02, 0x64, 0x05, 0xE0, 0x9F, 0x13, 0xF8, 0x62, 0x38, 0x00, 0x7D, 0x89, 0x8E, 0xC3, 0x07, 0xF9,
    0x6C, 0x26, 0xD1, 0x6D, 0x83, 0x10, 0x4D, 0xEA, 0x01, 0xFE, 0x41, 0x08, 0x3B, 0x12, 0xE2, 0x13,
    0xD2, 0x3E, 0x3D, 0x40, 0xC4, 0x6E, 0xD8, 0x5F, 0xAF, 0x97, 0x03, 0xA4, 0x41, 0xE7, 0x2E, 0xF2,
    0xD4, 0xA9, 0xF9, 0x7D, 0x18, 0x56, 0x6A, 0x60, 0xE2, 0xF3, 0xD3, 0xC8, 0x8D, 0x6E, 0x97, 0xCC,
    0x6A, 0xE7, 0xC6, 0x77, 0x40, 0xD9, 0x2B, 0xFA, 0xC5, 0x5C, 0x28, 0x86, 0xD9, 0x7C, 0xC8, 0xB1,
    0x9A, 0x1F, 0x32, 0xA0, 0xF7, 0x83, 0xB5, 0x1B, 0xA4, 0x18, 0xF7, 0x1C, 0x66, 0xDD, 0xBB, 0x39,
    0x2A, 0x4D, 0xF3, 0x35, 0x63, 0x0B, 0xAB, 0xA9, 0xB5, 0x53, 0x6C, 0x99, 0xBD, 0xAC, 0x16, 0x3B,
    0x3D, 0xCE, 0xE6, 0xB1, 0x6E, 0x05, 0x9F, 0x77, 0x47, 0x2D, 0x51, 0x38, 0xCE, 0x47, 0xBC, 0x8D,
    0xF1, 0x38, 0x3B, 0xEA, 0xEB, 0x71, 0x6E, 0x7F, 0x16, 0xAA, 0xAD, 0xF0, 0x0F, 0xC7, 0x6A, 0x51,
    0x51, 0xAE, 0x97, 0x42, 0x95, 0x89, 0xC4, 0x21, 0xF0, 0x85, 0x23, 0xDE, 0xC5, 0x98, 0x1A, 0x4B,
    0x4D, 0x53, 0xC7, 0x9A, 0xAD, 0x28, 0x63, 0x61, 0xF9, 0x27, 0x29, 0xEA, 0x29, 0x15, 0x54, 0x6F,
    0x16, 0x07, 0x74, 0x6E, 0x34, 0x72, 0x38, 0x4A, 0x1E, 0xB4, 0x52, 0x4E, 0xF3, 0xE3, 0x9C, 0xCD,
    0x48, 0xF3, 0x84, 0x5C, 0x88, 0x7A, 0x96, 0x49, 0xA2, 0xE3, 0x43, 0x08, 0xA9, 0xC9, 0x13, 0x21,
    0x53, 0x81, 0x9E, 0x48, 0xDE, 0x1B, 0x82, 0xC5, 0xAB, 0x4D, 0x88, 0x3B, 0x23, 0xE3, 0x15, 0x12,
    0x1F, 0x35, 0x3B, 0x71, 0x99, 0x5E, 0x6F, 0xA7, 0x42, 0xE3, 0x30, 0xAF, 0x2E, 0x22, 0xB2, 0xDA,
    0x8E, 0x4C, 0x11, 0xF9, 0x48, 0x4F, 0xA2, 0xBE, 0x7C, 0x6A, 0x24, 0xC7, 0x05, 0x69, 0xC3, 0x8E,
    0x68, 0x9C, 0xB2, 0x42, 0xE0, 0xC5, 0x85, 0x8E, 0xC8, 0x6C, 0x85, 0x4A, 0x99, 0x3E, 0x21, 0x4D,
    0x64, 0x94, 0x7F, 0x1A, 0x19, 0x75, 0xE0, 0xB0, 0xC5, 0xA8, 0x64, 0x6C, 0x4F, 0x1E, 0x53, 0x64,
    0xD4, 0xD7, 0xEB, 0x65, 0x67, 0x54, 0x89, 0x9D, 0x51, 0xB9, 0x10, 0x47, 0xA4, 0x11, 0x7F, 0xAE,
    0x10, 0x3D, 0x22, 0xA3, 0x58, 0x23, 0x46, 0xCD, 0x56, 0x41, 0x8C, 0x92, 0x71, 0xF6, 0xD0, 0x35,
    0x89, 0x51, 0xDB, 0x1D, 0xC4, 0xA8, 0x1A, 0x38, 0x89, 0x51, 0x19, 0xA6, 0x2F, 0x0E, 0xA3, 0x4A,
    0xC8, 0xC2, 0x45, 0xB5, 0x4A, 0x8C, 0xEA, 0xAD, 0x56, 0xCB, 0x6E, 0xB2, 0x63, 0x12, 0x1E, 0x1F,
    0xE1, 0x90, 0x60, 0xAC, 0xD1, 0xD3, 0xD7, 0x4C, 0x94, 0x8D, 0xDE, 0x8A, 0x6A, 0x4E, 0xCE, 0x10,
    0x5A, 0x84, 0xF7, 0xD1, 0x8E, 0xF6, 0x0D, 0xF1, 0xD0, 0x3D, 0x39, 0xF8, 0x51, 0x63, 0x8B, 0x30,
    0x08, 0x36, 0x84, 0x8F, 0xC4, 0xDB, 0xD7, 0xD3, 0xD3, 0x9B, 0x30, 0xF3, 0x84, 0x52, 0x8A, 0x5E,
    0x70, 0xB8, 0x09, 0x35, 0x0B, 0x4D, 0x42, 0x73, 0xD0, 0x14, 0x34, 0x03, 0x4D, 0xA0, 0x7D, 0x99,
    0x49, 0xD7, 0xD0, 0x35, 0x72, 0x0D, 0x5C, 0xE3, 0x8E, 0xC3, 0x16, 0xB8, 0x1F, 0xBB, 0x74, 0xB7,
    0x82, 0x0C, 0x83, 0x1B, 0x2B, 0xCC, 0x6E, 0x74, 0x98, 0xDC, 0xD8, 0x22, 0xD0, 0x55, 0x68, 0x08,
    0xB8, 0x33, 0x81, 0xBB, 0x1E, 0x10, 0x2D, 0x25, 0x37, 0xA1, 0x49, 0x32, 0x99, 0x34, 0x97, 0x76,
    0x2C, 0xE9, 0xAC, 0x93, 0x7E, 0x15, 0x5D, 0x52, 0x37, 0x41, 0x17, 0xE1, 0x78, 0x03, 0xA6, 0xA7,
    0xA5, 0x28, 0xDB, 0x91, 0x6A, 0x2E, 0x95, 0x14, 0x4C, 0xCA, 0xE8, 0x9F, 0xE1, 0x14, 0xE7, 0xF8,
    0x16, 0x27, 0x59, 0x0F, 0x7A, 0x9A, 0x60, 0x2B, 0x78, 0xF0, 0x84, 0x62, 0xC5, 0x9D, 0x10, 0xDD,
    0x35, 0x2C, 0x57, 0xBA, 0x76, 0x6E, 0x43, 0x06, 0x03, 0x86, 0xE3, 0x64, 0xB2, 0x93, 0xB6, 0xED,
    0xE9, 0x15, 0xF8, 0x66, 0x0E, 0xCB, 0xD1, 0x65, 0x68, 0x2A, 0x34, 0x86, 0x53, 0xBD, 0xD8, 0x06,
    0xDD, 0x48, 0xD8, 0x06, 0x3B, 0x08, 0xE6, 0x68, 0xDA, 0xE8, 0x51, 0xAC, 0xD6, 0x46, 0xF9, 0x9C,
    0xB4, 0xD3, 0x91, 0x40, 0x62, 0x79, 0x5F, 0x7E, 0x4B, 0x81, 0x27, 0xC5, 0x1A, 0x37, 0x93, 0x16,
    0x68, 0xF1, 0x2B, 0x52, 0x64, 0xD8, 0xAF, 0xB8, 0x39, 0x5E, 0x9C, 0xBB, 0x76, 0xCD, 0x93, 0x7B,
    0x57, 0x2E, 0x19, 0x2C, 0x3A, 0x78, 0xF9, 0x9A, 0x2F, 0xBB, 0x8B, 0x77, 0x40, 0x3E, 0xEF, 0xBE,
    0x9D, 0xA1, 0xB8, 0x42, 0x2F, 0x04, 0x1C, 0xE8, 0x9A, 0xC7, 0xBD, 0x6F, 0xB2, 0x4C, 0x28, 0x86,
    0x7A, 0xB5, 0x8C, 0xB4, 0x85, 0x56, 0xF5, 0x00, 0x70, 0x53, 0x38, 0xE5, 0xDB, 0x0D, 0x4C, 0x15,
    0x56, 0xF1, 0xC7, 0x21, 0x54, 0x51, 0xE2, 0xBB, 0x92, 0xA3, 0x3A, 0x45, 0x15, 0x6B, 0x35, 0x87,
    0xDD, 0x15, 0xC9, 0x93, 0x73, 0x52, 0xDE, 0x18, 0xBD, 0x1C, 0x98, 0x97, 0xB8, 0xA6, 0x4B, 0xF2,
    0x48, 0x97, 0x2B, 0xD7, 0x54, 0x35, 0x24, 0xD6, 0x68, 0xF9, 0xBA, 0xC6, 0xCA, 0x06, 0x27, 0xBA,
    0xA6, 0xE2, 0x6A, 0xB5, 0xEF, 0xD4, 0x5D, 0x8D, 0x55, 0xC3, 0x30, 0x87, 0x31, 0x0E, 0xEC, 0x3C,
    0xC2, 0x07, 0x97, 0x11, 0x86, 0x97, 0x8C, 0xF0, 0xE2, 0x3C, 0x37, 0x71, 0x84, 0xD5, 0xF5, 0x08,
    0xD7, 0x97, 0x8F, 0x50, 0xC4, 0xE7, 0xD7, 0xCF, 0x0D, 0x9E, 0xBB, 0x48, 0x9D, 0x5E, 0x86, 0x71,
    0x61, 0xDD, 0x7D, 0x56, 0x1F, 0x24, 0xBD, 0x45, 0xF4, 0x96, 0x21, 0x57, 0x67, 0xB1, 0x72, 0x83,
    0x13, 0xA7, 0x5F, 0xF4, 0x25, 0x26, 0x59, 0xBE, 0x5E, 0xF0, 0x91, 0xE0, 0x6C, 0xC6, 0xB7, 0xA9,
    0x35, 0x19, 0x1A, 0xD9, 0xF0, 0x93, 0xD3, 0x74, 0xD8, 0x02, 0x34, 0x53, 0x79, 0x2F, 0x18, 0xE5,
    0x4B, 0x34, 0x77, 0x78, 0x71, 0x0D, 0xBD, 0xB8, 0x49, 0x72, 0x1B, 0xA2, 0x87, 0x4C, 0x79, 0xF6,
    0xFF, 0x8C, 0x7F, 0x4D, 0x9E, 0x79, 0x84, 0x6E, 0x6D, 0x1E, 0xA0, 0x11, 0xA5, 0xDE, 0xBA, 0xC3,
    0x8B, 0x2B, 0xC8, 0xFE, 0x5A, 0x8A, 0x0B, 0x98, 0x69, 0x2C, 0x78, 0x9B, 0xDA, 0xD2, 0xDD, 0x33,
    0xF3, 0x53, 0xB4, 0x78, 0x69, 0x22, 0x1E, 0x4D, 0xB1, 0x96, 0x5C, 0xC6, 0x0E, 0xBD, 0xFB, 0xFE,
    0xD0, 0x0E, 0x6D, 0x19, 0x7C, 0xDF, 0xFE, 0xF9, 0xFF, 0xA0, 0x93, 0xB5, 0xA1, 0x26, 0xED, 0x26,
    0x86, 0x32, 0xFB, 0x19, 0x81, 0x78, 0x05, 0xCB, 0x3B, 0x3A, 0xFC, 0x65, 0x20, 0xDB, 0x2B, 0x32,
    0xC4, 0xEA, 0x45, 0xB1, 0x80, 0x36, 0x9D, 0x02, 0xD6, 0x46, 0xB6, 0x04, 0xA3, 0x43, 0x3B, 0x5C,
    0xA0, 0xEA, 0x4F, 0x91, 0x69, 0x91, 0x5E, 0x6C, 0xB9, 0x3D, 0x6C, 0x99, 0x6E, 0xF4, 0x58, 0x1B,
    0x7B, 0x6C, 0x7B, 0xF6, 0xA8, 0xB0, 0x25, 0x93, 0xEB, 0x98, 0x53, 0x82, 0xC7, 0xF2, 0x77, 0xEC,
    0xB1, 0x1C, 0xD8, 0x63, 0xD5, 0xB3, 0xAF, 0xAA, 0xF7, 0x09, 0x86, 0x32, 0xA0, 0x71, 0xA1, 0xD8,
    0x68, 0x48, 0xCF, 0x1E, 0xBF, 0x8D, 0x97, 0xF6, 0xA8, 0x20, 0x76, 0xB0, 0x62, 0xB2, 0x72, 0xA2,
    0x54, 0xD7, 0xB3, 0xD5, 0xB2, 0x4E, 0x0E, 0x9D, 0xDF, 0x77, 0x52, 0x6B, 0x09, 0x1B, 0xFF, 0x0C,
    0x60, 0x5F, 0xFE, 0xEF, 0xCE, 0x73, 0xD4, 0xEC, 0xDA, 0x1B, 0xB3, 0xAB, 0x69, 0x8C, 0x5E, 0x3E,
    0xBB, 0x1A, 0xA7, 0xE4, 0xBA, 0xCF, 0x65, 0x72, 0x8C, 0x5B, 0x60, 0x49, 0x5B, 0x36, 0x85, 0x27,
    0x8B, 0x9E, 0x76, 0xD1, 0x5D, 0x5C, 0x77, 0xAA, 0xB6, 0xBF, 0xB8, 0xEE, 0x77, 0x21, 0x22, 0x26,
    0x77, 0x3A, 0x6D, 0x1F, 0x18, 0xDA, 0xAD, 0xC1, 0xF0, 0xE5, 0x62, 0x97, 0x93, 0x9A, 0xB1, 0xAA,
    0xFA, 0xC1, 0xAA, 0x61, 0x30, 0x7E, 0xE2, 0xC0, 0x1E, 0x69, 0x70, 0x76, 0xEF, 0x96, 0x15, 0x3F,
    0x2A, 0xFA, 0xBB, 0xAC, 0x78, 0xD8, 0xBD, 0x8E, 0xEC, 0x36, 0x45, 0x68, 0x93, 0x22, 0x90, 0x8D,
    0x49, 0x11, 0x1E, 0xDC, 0xCA, 0xFF, 0x42, 0x3C, 0xF9, 0x47, 0xFB, 0x8A, 0xDD, 0xA7, 0xC6, 0xA5,
    0xC0, 0xB9, 0x9C, 0x2D, 0x86, 0x8D, 0x15, 0x14, 0x5C, 0x8B, 0xB7, 0x31, 0x6C, 0x74, 0xD3, 0x1E,
    0x80, 0xA7, 0x90, 0xFC, 0x95, 0xE3, 0xF7, 0x64, 0x82, 0xA2, 0x8D, 0xAD, 0x93, 0xD5, 0xAD, 0x52,
    0xD8, 0xB8, 0x27, 0x0D, 0xD6, 0x94, 0x46, 0x18, 0x77, 0xDB, 0x78, 0x8B, 0xA7, 0xD4, 0x69, 0x2E,
    0x83, 0x31, 0x26, 0x1A, 0xCD, 0x05, 0xB2, 0xA5, 0xED, 0x38, 0x30, 0xBF, 0x92, 0x5D, 0x1E, 0x7D,
    0xB9, 0x6E, 0x70, 0x22, 0x7C, 0xB8, 0x6E, 0xB0, 0xED, 0xFC, 0x77, 0x57, 0xDA, 0xC2, 0x9F, 0x93,
    0x8D, 0xD5, 0x06, 0x2B, 0x60, 0x83, 0x39, 0xF0, 0x2B, 0xF5, 0xF8, 0xD1, 0x06, 0x4B, 0xE1, 0x5B,
    0xF9, 0xE9, 0x21, 0xE6, 0x6B, 0x28, 0xEB, 0xA8, 0x25, 0xF6, 0x58, 0xAC, 0xD5, 0x5A, 0x48, 0x0C,
    0x60, 0x95, 0x04, 0x83, 0xF7, 0x1A, 0x45, 0xA5, 0x77, 0x93, 0xB5, 0xD3, 0xCE, 0xE7, 0x7A, 0xDE,
    0xF9, 0x5C, 0x25, 0x53, 0x5F, 0x22, 0xF1, 0x59, 0x48, 0xD4, 0x82, 0x7D, 0xF3, 0x44, 0x17, 0xB7,
    0x4E, 0x43, 0x88, 0x1B, 0x67, 0xD3, 0x2E, 0xB9, 0xF8, 0xCC, 0x1E, 0xD0, 0x14, 0xC0, 0x50, 0xED,
    0xE1, 0x79, 0x88, 0xF6, 0xEA, 0x98, 0x06, 0x76, 0xB7, 0xF9, 0xBD, 0xC8, 0x5E, 0xA3, 0x1E, 0x93,
    0x0E, 0x46, 0x78, 0x6D, 0x67, 0xEE, 0x36, 0xBF, 0x49, 0xE0, 0xA5, 0x02, 0x2D, 0x46, 0x3B, 0x2B,
    0x45, 0x2D, 0x1F, 0x92, 0x32, 0x9C, 0x14, 0x87, 0xAA, 0x24, 0x6E, 0x98, 0x45, 0x6E, 0x5C, 0xEB,
    0xDD, 0x78, 0x85, 0x04, 0x12, 0x27, 0x4D, 0x6C, 0x21, 0x66, 0x26, 0xD5, 0x4E, 0xCA, 0x2E, 0x4D,
    0xFC, 0x31, 0xB0, 0x5E, 0x62, 0x79, 0x0D, 0x4C, 0x7E, 0xCF, 0x5B, 0x56, 0x68, 0x6B, 0xCE, 0x83,
    0x55, 0x8F, 0xC5, 0x8D, 0x59, 0x63, 0x8B, 0x79, 0x18, 0x60, 0xD7, 0x0B, 0x8C, 0x65, 0xD4, 0x0B,
    0x9C, 0xE2, 0x7A, 0x55, 0xD8, 0xB7, 0xE6, 0x32, 0xA9, 0x43, 0x81, 0x9B, 0x88, 0x1E, 0x09, 0x21,
    0xF1, 0xBA, 0x3B, 0x0F, 0x75, 0x74, 0x74, 0x60, 0x7E, 0xFE, 0x92, 0xD6, 0x2B, 0x39, 0x0F, 0xE2,
    0xC6, 0xAE, 0x17, 0xE6, 0x30, 0x29, 0xB3, 0x24, 0x35, 0xBA, 0xD5, 0xF7, 0x5E, 0x77, 0xDF, 0xBB,
    0x91, 0x8B, 0x9D, 0xDC, 0x6E, 0x01, 0x31, 0xEE, 0xCB, 0xC6, 0xA7, 0xA7, 0x1A, 0xCD, 0x95, 0xDB,
    0x7D, 0xEF, 0xFE, 0xDA, 0x8E, 0xEE, 0x91, 0x6D, 0x00, 0x80, 0xC0, 0xB0, 0x81, 0xA7, 0xE6, 0x3A,
    0xB3, 0x5B, 0xC0, 0xEB, 0x6F, 0x6D, 0xA0, 0x1C, 0x5D, 0x6F, 0x65, 0xA8, 0x7B, 0xAB, 0xC2, 0x31,
    0xD8, 0x51, 0x8D, 0xF6, 0xC5, 0xEE, 0x1D, 0x2F, 0xCA, 0x96, 0x30, 0xED, 0x73, 0x00, 0x96, 0x16,
    0x48, 0x81, 0x50, 0x4F, 0x32, 0xCD, 0x71, 0xB2, 0xAD, 0x87, 0x7A, 0x66, 0xD9, 0x59, 0xBE, 0x14,
    0x3D, 0xA5, 0xA2, 0x26, 0x7F, 0x16, 0xCB, 0xC0, 0xF2, 0xA9, 0x55, 0x2A, 0x71, 0x72, 0x4F, 0x41,
    0x5F, 0x64, 0xF0, 0x6F, 0x83, 0x32, 0x11, 0x90, 0x81, 0xEA, 0xFF, 0xDB, 0xA5, 0x58, 0xDC, 0x72,
    0xC0, 0xEF, 0xE6, 0x7A, 0x66, 0xBB, 0xFF, 0x01, 0x04, 0xF6, 0xF3, 0x18, 0xE8, 0x0D, 0x40, 0x0E,
    0xC8, 0xAF, 0xCD, 0xF0, 0x84, 0xA5, 0x1C, 0x9B, 0x94, 0x9E, 0x8A, 0x42, 0xAE, 0x74, 0x65, 0x7D,
    0xDE, 0x02, 0x56, 0x8B, 0x0E, 0x92, 0xD2, 0x5C, 0xCD, 0x01, 0xFD, 0xBE, 0x52, 0x50, 0x2A, 0x2C,
    0xA5, 0x22, 0xF3, 0xE5, 0xB9, 0x74, 0x59, 0x85, 0x26, 0x3E, 0xDA, 0x53, 0x6A, 0x3E, 0x9C, 0x93,
    0x6C, 0x4C, 0xBB, 0xC9, 0x7B, 0x55, 0x22, 0xEE, 0x08, 0x9C, 0xC8, 0x5A, 0x32, 0x37, 0x26, 0xEB,
    0x5A, 0x4C, 0x31, 0x7D, 0x57, 0xC7, 0x65, 0xED, 0xE9, 0x9B, 0xCB, 0x50, 0x50, 0x5D, 0xB5, 0xBC,
    0xDF, 0x4F, 0xAE, 0x17, 0x2F, 0xF2, 0x87, 0x7A, 0x2C, 0x57, 0xC7, 0xD1, 0x78, 0x76, 0xBB, 0xE0,
    0xA1, 0xF3, 0x3B, 0xD2, 0xD3, 0x50, 0xAC, 0xEC, 0xFD, 0x82, 0x04, 0x21, 0x9A, 0x8E, 0x90, 0xCE,
    0x8D, 0x44, 0xB2, 0xDD, 0x73, 0xA7, 0x0A, 0x1F, 0x97, 0x3D, 0x86, 0x2D, 0x67, 0x22, 0xF9, 0x4A,
    0xF9, 0xE7, 0x35, 0xC5, 0xC4, 0x34, 0xF5, 0xE2, 0xC6, 0x45, 0x95, 0x3A, 0xC5, 0xB4, 0xC8, 0x91,
    0xB2, 0x19, 0x87, 0xC8, 0xC1, 0x1F, 0x47, 0x87, 0x37, 0xA9, 0xEF, 0xAE, 0xAF, 0x56, 0xF3, 0x27,
    0x8A, 0x4C, 0x31, 0x4B, 0x78, 0xDA, 0x2E, 0x7F, 0x19, 0xE2, 0x88, 0xB4, 0x44, 0x86, 0x0D, 0x91,
    0x8B, 0x16, 0x0E, 0xDF, 0x33, 0x0A, 0x52, 0x25, 0x31, 0x5E, 0x8C, 0x5B, 0xA3, 0xA4, 0xE3, 0xEA,
    0xF2, 0x53, 0xC2, 0x0A, 0x20, 0xA1, 0x47, 0xA0, 0xDB, 0x51, 0x87, 0x4B, 0x5A, 0x66, 0x4C, 0xD9,
    0x17, 0x2E, 0xD2, 0x90, 0xD0, 0xFE, 0x75, 0x4B, 0x68, 0xAA, 0x23, 0xED, 0x19, 0x75, 0x6B, 0xC2,
    0xA8, 0xEF, 0x97, 0xDE, 0xCE, 0xC4, 0x87, 0xE4, 0x44, 0xA5, 0x21, 0x26, 0x62, 0x69, 0x2B, 0x47,
    0xA8, 0xE4, 0xAB, 0x44, 0xEF, 0x74, 0x40, 0xB7, 0x6F, 0x7B, 0x83, 0xC5, 0x74, 0xA8, 0x74, 0xD1,
    0x87, 0x23, 0x0C, 0xE8, 0x69, 0x5D, 0x02, 0x01, 0x68, 0xFA, 0xE5, 0xC9, 0x57, 0xB3, 0x7C, 0xE0,
    0xB1, 0x0D, 0xAC, 0xCA, 0x89, 0x6A, 0x75, 0x6F, 0x43, 0xAB, 0x88, 0xDE, 0xA4, 0x75, 0x81, 0xBE,
    0x84, 0x50, 0xB6, 0xBB, 0xA3, 0xB4, 0x19, 0x53, 0x44, 0x95, 0x45, 0x8F, 0x68, 0x31, 0x59, 0xDD,
    0x47, 0xF4, 0x10, 0xAC, 0x6A, 0x22, 0x6A, 0xBA, 0x5E, 0x11, 0xBD, 0x0F, 0xFC, 0x5B, 0x44, 0x33,
    0xCD, 0x2C, 0x76, 0x41, 0x74, 0x11, 0xEA, 0x88, 0xCE, 0x42, 0xDB, 0xA7, 0x66, 0xF7, 0x83, 0x50,
    0xF9, 0x59, 0xF7, 0xD2, 0xD0, 0x25, 0x8C, 0x89, 0x16, 0x58, 0x2F, 0xE8, 0x9C, 0x1A, 0x03, 0x02,
    0x07, 0x99, 0x12, 0x2B, 0x6E, 0x4C, 0x1B, 0x8B, 0x36, 0x95, 0x35, 0x06, 0xFB, 0x8A, 0xF5, 0x53,
    0xA8, 0xAF, 0x76, 0x9D, 0xC0, 0x78, 0x06, 0xF1, 0x81, 0x62, 0x7C, 0x85, 0xF8, 0x3E, 0x85, 0x15,
    0x8A, 0xEF, 0x09, 0x4E, 0x92, 0x8A, 0x97, 0x80, 0x7A, 0x31, 0xFF, 0x3E, 0xD0, 0xF9, 0x01, 0x54,
    0x39, 0x47, 0x5B, 0xF1, 0x35, 0x47, 0x31, 0x8B, 0x23, 0x0E, 0x47, 0x00, 0x43, 0x32, 0x8C, 0x4F,
    0x77, 0x5F, 0xC1, 0xA3, 0xA7, 0x25, 0xA2, 0x31, 0x61, 0x7C, 0x3B, 0x66, 0xB3, 0x95, 0xCF, 0x56,
    0xED, 0x9B, 0x8B, 0x15, 0xEB, 0x5F, 0xCE, 0xF1, 0x81, 0x48, 0x44, 0xAC, 0xD7, 0x2E, 0xD7, 0xFF,
    0x87, 0xA9, 0x5E, 0x6D, 0x54, 0xEB, 0xC1, 0xF7, 0xF5, 0x6C, 0x6D, 0xD0, 0x3E, 0xD3, 0x82, 0xAD,
    0x7C, 0xC4, 0x7E, 0x7B, 0x36, 0xFF, 0x6B, 0x3C, 0xE1, 0x08, 0xD0, 0xB7, 0x7C, 0x4A, 0x5B, 0x1C,
    0xEA, 0x59, 0xF6, 0xF5, 0x5B, 0x51, 0x5F, 0x1A, 0x1A, 0x46, 0x99, 0xC9, 0xE4, 0xD6, 0xFB, 0xEB,
    0x4C, 0x77, 0x53, 0xAF, 0xDC, 0xE9, 0x0A, 0x6C, 0xDB, 0x03, 0x1E, 0xA2, 0x69, 0x3F, 0xC4, 0x6F,
    0x71, 0x6A, 0x3F, 0x20, 0xF4, 0xC3, 0xDF, 0xFF, 0x27, 0x61, 0x25, 0xDC, 0x7D, 0x40, 0x37, 0xDA,
    0x3F, 0x64, 0xD6, 0x0A, 0x95, 0x20, 0x66, 0xC1, 0x69, 0x83, 0x0E, 0xFD, 0x06, 0xCB, 0x35, 0x4E,
    0xFE, 0x6E, 0x88, 0xA6, 0x1D, 0xF6, 0x3C, 0x4B, 0x96, 0x9C, 0xA1, 0xE4, 0x82, 0xDF, 0x19, 0x96,
    0x78, 0x24, 0xE9, 0xB6, 0x02, 0xE9, 0x1A, 0xEC, 0xB8, 0x63, 0x29, 0x19, 0x77, 0x91, 0x7B, 0x8B,
    0x57, 0xBE, 0x5C, 0xF2, 0xCB, 0x87, 0xF5, 0x86, 0xCD, 0x7A, 0x19, 0xFE, 0xBD, 0x1B, 0xB8, 0x7D,
    0x5A, 0x3C, 0xC3, 0xA4, 0x9B, 0x78, 0x0D, 0xA5, 0x13, 0x1A, 0xE2, 0xBB, 0x57, 0x31, 0x28, 0x25,
    0x15, 0xBF, 0xD5, 0x8C, 0xC2, 0x4F, 0x35, 0xEC, 0xD4, 0xCE, 0xA4, 0xF9, 0x89, 0x15, 0x68, 0xAC,
    0xDA, 0xC7, 0x96, 0x31, 0x0D, 0x87, 0x88, 0x1F, 0xB4, 0x94, 0x11, 0xB7, 0x2B, 0xFC, 0x8A, 0x46,
    0xEF, 0x96, 0x48, 0x6D, 0x06, 0x3B, 0xB2, 0xCD, 0x12, 0x4D, 0x8D, 0x0D, 0x21, 0x9E, 0x27, 0xE6,
    0xEE, 0x63, 0xFB, 0x6F, 0xE2, 0x69, 0xCC, 0x7E, 0xC7, 0x33, 0x3C, 0xA5, 0x94, 0x5E, 0xF1, 0xED,
    0x73, 0xC5, 0xDB, 0x70, 0xC1, 0x6F, 0xAE, 0xE9, 0xCD, 0xB5, 0xBE, 0x29, 0x03, 0x37, 0x65, 0xE3,
    0xA6, 0xCC, 0xC4, 0xAB, 0xBC, 0x3C, 0xCC, 0xD0, 0xC7, 0xBA, 0x44, 0xA4, 0xF8, 0x7B, 0x8A, 0x72,
    0x92, 0xAA, 0xE4, 0x6E, 0x2F, 0xB1, 0xCF, 0x4B, 0x5D, 0xE7, 0xDF, 0x8D, 0x74, 0x05, 0x52, 0xC3,
    0xAE, 0x4B, 0xE8, 0xC5, 0xF6, 0x1C, 0xFB, 0x73, 0xDD, 0x72, 0xAE, 0x1B, 0x6E, 0xAD, 0x6B, 0x5E,
    0xAC, 0xFB, 0x52, 0xE3, 0xBB, 0x17, 0xEB, 0x64, 0x94, 0xAE, 0xEA, 0xAA, 0x5B, 0xEA, 0xF2, 0xEB,
    0x77, 0x75, 0xBD, 0x5A, 0x9D, 0xBC, 0x67, 0xD5, 0xC9, 0xCD, 0xA4, 0x98, 0xF4, 0x62, 0x53, 0xB3,
    0xD5, 0x65, 0xD1, 0xF8, 0x3D, 0x23, 0xBB, 0xE4, 0x77, 0x97, 0x31, 0x6C, 0x36, 0x77, 0x89, 0x16,
    0xE8, 0xDA, 0x39, 0x96, 0x04, 0x0A, 0xAA, 0x9A, 0x23, 0xDF, 0x6D, 0xC7, 0x0C, 0xE1, 0x0F, 0x0B,
    0xB0, 0x70, 0x53, 0xEC, 0xB7, 0xEC, 0x94, 0x34, 0xA0, 0x3B, 0xC7, 0xAD, 0x2C, 0x8D, 0x85, 0x8F,
    0x7D, 0xD8, 0x0A, 0x3F, 0x9C, 0xEB, 0x8E, 0x31, 0x64, 0xA9, 0xE7, 0xCD, 0xFC, 0x4D, 0xCF, 0xD5,
    0x6D, 0x85, 0xCC, 0xF3, 0x2D, 0x75, 0xE3, 0xA5, 0xAE, 0x65, 0x5D, 0x8B, 0xC6, 0xEF, 0x75, 0x4E,
    0x7E, 0xA7, 0xD5, 0xD3, 0x86, 0xD4, 0x61, 0xAB, 0x3B, 0xD2, 0xEB, 0xA0, 0xEF, 0xCC, 0x0D, 0x9F,
    0xEA, 0xB2, 0xD5, 0xF9, 0xB1, 0xE0, 0x24, 0xF1, 0xFE, 0x01, 0x21, 0xCD, 0xAD, 0x45, 0xBC, 0x3E,
    0x04, 0xA4, 0x39, 0x0D, 0xDF, 0x05, 0xC0, 0xFA, 0x8F, 0x00, 0xB6, 0xB2, 0x44, 0x57, 0x11, 0x73,
    0xF4, 0x9C, 0xD7, 0x68, 0xDF, 0x13, 0x4F, 0xFD, 0x7A, 0xFC, 0x0D, 0x86, 0x6B, 0x39, 0x20, 0xFC,
    0x82, 0xD7, 0x5D, 0xC9, 0x38, 0xE1, 0x8B, 0xBA, 0x40, 0xF8, 0x82, 0xCE, 0xB0, 0xEE, 0x4A, 0xB7,
    0xCC, 0xEC, 0x4A, 0x07, 0xED, 0x5A, 0x57, 0x2F, 0x24, 0x4F, 0x92, 0x7E, 0x27, 0x9D, 0x3F, 0xB9,
    0xBD, 0xF9, 0x68, 0x1B, 0x6A, 0x06, 0x97, 0x52, 0x0A, 0x3F, 0x5C, 0x95, 0xBA, 0xBE, 0x98, 0x65,
    0x15, 0xFE, 0xAF, 0xCB, 0xC4, 0xA7, 0xC4, 0xB7, 0xC4, 0xC7, 0xC4, 0xD7, 0xC8, 0xE7, 0x35, 0xF1,
    0x7D, 0x2B, 0x65, 0x5B, 0x15, 0x2A, 0xB8, 0xD0, 0x0E, 0xAE, 0x3B, 0x86, 0xF6, 0xB4, 0xB5, 0x77,
    0xAA, 0x54, 0xF2, 0x6F, 0xD6, 0xF3, 0x39, 0xE9, 0x48, 0x2F, 0x59, 0x7F, 0xC0, 0xD8, 0x69, 0x8C,
    0x76, 0x23, 0x46, 0xBD, 0xD1, 0x5E, 0x78, 0x4C, 0xB9, 0xC2, 0x76, 0xD9, 0x89, 0x35, 0x03, 0x6D,
    0x42, 0x86, 0xE1, 0x8F, 0x2B, 0x6D, 0x80, 0xB2, 0x0B, 0xCA, 0xD9, 0x28, 0xDA, 0x72, 0xA3, 0x36,
    0x34, 0x09, 0x5E, 0x3D, 0x99, 0x69, 0x33, 0xDC, 0xB3, 0x17, 0xE8, 0x85, 0xDF, 0xAC, 0x4F, 0x78,
    0x09, 0xE9, 0xB9, 0x8C, 0x7D, 0xB5, 0xB2, 0x4D, 0xFA, 0x57, 0xA3, 0xD5, 0xB3, 0xF2, 0x1C, 0xBD,
    0x36, 0xC0, 0xD9, 0xE1, 0x7C, 0x85, 0x3D, 0xD9, 0xF9, 0x5F, 0x1C, 0x16, 0xF3, 0x2E, 0x95, 0x9C,
    0xAC, 0x55, 0x39, 0x8F, 0x83, 0xD7, 0x06, 0xF8, 0x82, 0xAF, 0xD6, 0x55, 0x80, 0xB2, 0x12, 0x18,
    0x19, 0x69, 0xCE, 0x2D, 0x43, 0x10, 0xA5, 0xA2, 0x14, 0x6B, 0x08, 0xE8, 0x4F, 0x3D, 0x10, 0x89,
    0x88, 0xF5, 0x9A, 0x1A, 0x50, 0x53, 0xB1, 0xD1, 0x1A, 0xCD, 0x0D, 0x57, 0xD5, 0xC5, 0x64, 0x6B,
    0x4C, 0xEF, 0x60, 0xB8, 0xB8, 0xAA, 0xD7, 0xC0, 0x07, 0x91, 0xB4, 0xFA, 0x4C, 0xB3, 0x1B, 0x62,
    0x8D, 0x6F, 0x8C, 0x8D, 0xC6, 0xD3, 0x3A, 0x5F, 0x04, 0xD8, 0x76, 0x84, 0xBE, 0x8F, 0xA9, 0x59,
    0xC2, 0x3D, 0x9C, 0x92, 0x17, 0x58, 0xDF, 0x95, 0x7A, 0x7F, 0x91, 0x3F, 0xF5, 0x99, 0x3F, 0xC5,
    0xC7, 0xF1, 0xA7, 0x7D, 0x91, 0x3F, 0x35, 0x1B, 0xA8, 0x76, 0x97, 0x41, 0x91, 0x5B, 0xF4, 0x99,
    0x24, 0x4F, 0x29, 0x37, 0xA6, 0x68, 0x7D, 0x4E, 0x16, 0x4F, 0x34, 0x59, 0xA2, 0x49, 0x9D, 0x8D,
    0xFB, 0xF6, 0xA2, 0xDC, 0xA3, 0xA4, 0xAF, 0x8C, 0xFB, 0xE5, 0x72, 0xCB, 0xF7, 0xDE, 0x5A, 0x9F,
    0x75, 0x3F, 0xEE, 0x7B, 0x6F, 0x4A, 0x3C, 0x85, 0x24, 0x1E, 0x38, 0xD1, 0x1C, 0xB2, 0xF9, 0x35,
    0x8D, 0xA8, 0x9E, 0xD2, 0x08, 0xD0, 0xEF, 0x23, 0xCF, 0x63, 0x22, 0xF8, 0x39, 0x0A, 0x77, 0xEE,
    0x29, 0x52, 0x9C, 0xE2, 0x34, 0x5E, 0x1A, 0x15, 0x38, 0x9D, 0xD8, 0x72, 0x18, 0xE8, 0xE5, 0x63,
    0x66, 0x22, 0x13, 0x4B, 0x86, 0x13, 0x1E, 0xAF, 0x4C, 0xA2, 0x0B, 0xB6, 0x58, 0x36, 0xE8, 0x30,
    0x6F, 0xB0, 0xC2, 0xB8, 0xC1, 0x8D, 0xE0, 0xA0, 0xF5, 0xFD, 0x3D, 0x60, 0xDB, 0x0B, 0x5E, 0x47,
    0x05, 0xF3, 0x1E, 0x15, 0xD4, 0x77, 0x44, 0x05, 0x82, 0xAA, 0x79, 0x31, 0xB6, 0x69, 0xD7, 0xE7,
    0xBE, 0x86, 0xB5, 0x83, 0x65, 0xA9, 0x17, 0xB2, 0xE3, 0x47, 0xCD, 0xC7, 0xC5, 0x2A, 0x2D, 0xBB,
    0xFA, 0x00, 0xCB, 0x06, 0x3F, 0x04, 0x74, 0x8A, 0x64, 0x26, 0x9C, 0xEF, 0x09, 0xC7, 0xA4, 0xFA,
    0x95, 0x34, 0x00, 0xE9, 0x91, 0xDA, 0x8F, 0x50, 0xFD, 0x9E, 0x14, 0x5F, 0x69, 0x16, 0xB8, 0x6B,
    0x16, 0x12, 0x98, 0xF8, 0xAC, 0x29, 0x65, 0x87, 0xD7, 0x83, 0x9C, 0x24, 0x25, 0x24, 0xEA, 0xA9,
    0x1D, 0xE8, 0xCF, 0x0C, 0xB4, 0x2C, 0x7D, 0x04, 0x47, 0xBA, 0x46, 0x0A, 0xFF, 0x95, 0xF5, 0xC0,
    0x50, 0xCF, 0x19, 0xBA, 0x8A, 0xE7, 0xB4, 0x8A, 0xB1, 0x82, 0x1D, 0xB6, 0x0A, 0x25, 0x9F, 0x4C,
    0x79, 0x6E, 0xE5, 0x54, 0x14, 0x50, 0x58, 0xB5, 0x26, 0x89, 0x75, 0x49, 0x42, 0x12, 0xF8, 0x23,
    0xD6, 0xB5, 0x1D, 0x15, 0x6B, 0xB0, 0x0A, 0xB2, 0xA6, 0xA4, 0xF6, 0xE3, 0xAD, 0x46, 0x4F, 0x87,
    0x97, 0x1C, 0xB3, 0x30, 0xEE, 0x57, 0xA1, 0x9A, 0xDB, 0xC7, 0xA1, 0x5A, 0xFC, 0xC3, 0x50, 0xAE,
    0x3A, 0xB2, 0xB4, 0x61, 0xD5, 0xAA, 0xBA, 0xED, 0xE9, 0x7E, 0xC4, 0xA9, 0x42, 0xEF, 0x95, 0x0C,
    0x0E, 0x39, 0xE8, 0x6F, 0xFD, 0xD4, 0x2A, 0xB3, 0xD7, 0x6E, 0x91, 0xC7, 0xF1, 0x46, 0x94, 0x8A,
    0x14, 0xA5, 0x86, 0xB4, 0x86, 0x84, 0xF5, 0x07, 0x38, 0x31, 0xC4, 0xC6, 0x89, 0xEB, 0x00, 0xAD,
    0xC9, 0xCA, 0xF5, 0xB9, 0x3F, 0x5E, 0x56, 0x69, 0x4E, 0xAB, 0xB7, 0x51, 0x2E, 0x5A, 0xD5, 0xF1,
    0xF3, 0x8C, 0x52, 0xFD, 0xF0, 0x2A, 0xFF, 0xD0, 0x7D, 0x16, 0x77, 0x54, 0xF0, 0xC3, 0x2E, 0xFA,
    0x94, 0x8A, 0xFA, 0x64, 0x55, 0x78, 0x6D, 0x0F, 0x09, 0x8E, 0x04, 0x95, 0xC0, 0x9C, 0x0C, 0x47,
    0x26, 0xCD, 0xFF, 0x09, 0xC1, 0xD7, 0x3F, 0xFF, 0x0C, 0xC9, 0x33, 0x9C, 0xEE, 0xF1, 0xDB, 0xDB,
    0xE0, 0x47, 0x7B, 0x30, 0xF0, 0x41, 0x04, 0x35, 0x81, 0xFD, 0x58, 0xE9, 0x8F, 0x47, 0x7E, 0xA8,
    0x11, 0xFC, 0xD0, 0x72, 0x4E, 0xFE, 0xFD, 0xC6, 0x0F, 0x18, 0x4C, 0x4D, 0x45, 0x33, 0x7D, 0x3A,
    0xEA, 0xCB, 0x43, 0x72, 0x02, 0x0F, 0x7B, 0x59, 0x61, 0x55, 0xE9, 0x2E, 0x67, 0xBE, 0x7A, 0x4B,
    0x47, 0xD4, 0x58, 0x76, 0x75, 0x17, 0xCB, 0xAF, 0x5A, 0x2C, 0x2D, 0x96, 0x21, 0x96, 0xED, 0x1C,
    0x4B, 0x87, 0x58, 0x56, 0x3B, 0x41, 0x9E, 0x08, 0xB0, 0x13, 0xD4, 0xFB, 0xC6, 0x5C, 0x21, 0xC9,
    0xFE, 0x49, 0xE2, 0x7F, 0x90, 0x06, 0x68, 0xAC, 0xF1, 0x13, 0x9B, 0x1F, 0xF4, 0x91, 0x6D, 0x2B,
    0xE3, 0x67, 0xB6, 0x36, 0xF8, 0x35, 0xA6, 0x24, 0xF5, 0xA9, 0x4D, 0xE5, 0x14, 0xCB, 0x87, 0xAB,
    0xCA, 0xF4, 0xC1, 0x4D, 0x9F, 0xDC, 0x94, 0x24, 0xAF, 0x54, 0x56, 0x80, 0x4A, 0x7E, 0x78, 0x63,
    0xA9, 0x4F, 0x6F, 0x2C, 0xCB, 0xFD, 0x6F, 0xB3, 0xF2, 0x55, 0xCA, 0x0C, 0x83, 0xCA, 0x0A, 0xF3,
    0xE1, 0x7B, 0xEC, 0x07, 0x51, 0xDB, 0x5B, 0x04, 0x95, 0x3E, 0x34, 0x5A, 0xC0, 0x9D, 0x63, 0xB4,
    0x5F, 0x48, 0x6C, 0x4F, 0xFB, 0x96, 0x3E, 0x82, 0xA9, 0x7C, 0x72, 0xC7, 0xB6, 0x36, 0x7F, 0xFC,
    0xB6, 0x36, 0xDB, 0xB1, 0x79, 0xF1, 0x7B, 0x8A, 0x27, 0x28, 0x09, 0xCC, 0xDC, 0x67, 0x06, 0x74,
    0x3D, 0x78, 0xBA, 0x23, 0x19, 0x70, 0x4A, 0x4B, 0x8C, 0xE1, 0x9C, 0xED, 0xDE, 0xE9, 0x78, 0x82,
    0x72, 0xC7, 0x42, 0x31, 0x26, 0x2C, 0xD7, 0x1B, 0x97, 0xD6, 0xA2, 0x97, 0x99, 0xDE, 0x4D, 0x58,
    0x99, 0x64, 0x4A, 0x0E, 0xE5, 0x7E, 0xE1, 0x4C, 0x58, 0x3F, 0x47, 0x58, 0x82, 0xE9, 0x96, 0x0C,
    0x3D, 0x85, 0xC8, 0x21, 0x58, 0xDC, 0xDA, 0x01, 0x0A, 0x4A, 0xB5, 0x1E, 0xF6, 0xAC, 0x6D, 0xCD,
    0xFD, 0xB7, 0x04, 0x43, 0x52, 0x00, 0x93, 0x0E, 0x65, 0x2A, 0xF5, 0x97, 0xE1, 0x54, 0xCD, 0xFE,
    0x23, 0x3C, 0xB5, 0x83, 0xB0, 0x3E, 0x3A, 0x2B, 0xD5, 0xAC, 0x4C, 0x60, 0xC4, 0xB8, 0x1E, 0xC2,
    0x94, 0x13, 0x14, 0xA6, 0xC4, 0xA0, 0x30, 0xB6, 0x1C, 0x31, 0xA5, 0x08, 0x85, 0x69, 0xB3, 0x11,
    0xA6, 0x55, 0x15, 0xA6, 0x45, 0x8E, 0x58, 0xF1, 0xAA, 0x87, 0xB3, 0xDB, 0xE0, 0x94, 0x68, 0x62,
    0x0A, 0xF1, 0x02, 0x53, 0x7D, 0x3A, 0x9C, 0x4D, 0xFA, 0x7A, 0x15, 0xB2, 0x5C, 0x0E, 0x67, 0x1F,
    0xB6, 0x16, 0x3A, 0x7E, 0xD1, 0x3F, 0x58, 0x84, 0xE9, 0xBB, 0xFE, 0x46, 0x96, 0xBE, 0xEB, 0xD7,
    0xE7, 0x17, 0xD9, 0x5A, 0xEA, 0x51, 0x09, 0xC9, 0x37, 0xB9, 0x99, 0xE3, 0x1D, 0x42, 0xE2, 0xAA,
    0x4F, 0xEE, 0xE4, 0xCD, 0x2F, 0xAC, 0x2F, 0xFF, 0xAE, 0xEF, 0x9F, 0x58, 0x36, 0xE6, 0x58, 0xAD,
    0x9C, 0x15, 0xDE, 0xAC, 0x25, 0xD8, 0x57, 0x39, 0x7F, 0x83, 0x32, 0x01, 0xB3, 0x76, 0xC8, 0xB9,
    0x6C, 0xB4, 0x72, 0x84, 0x6E, 0x26, 0x64, 0x52, 0xAE, 0xD7, 0x48, 0x06, 0x42, 0x37, 0xEE, 0xB3,
    0xBB, 0xC3, 0x75, 0x2D, 0x57, 0x92, 0x39, 0x9C, 0xB0, 0x1A, 0xF0, 0x8E, 0x32, 0x4B, 0xEF, 0x6D,
    0xF8, 0x1F, 0xB8, 0xF7, 0xD6, 0x37, 0xCC, 0xFC, 0x7B, 0xA0, 0xB4, 0xBE, 0xBD, 0x67, 0xEA, 0x98,
    0xE6, 0xE0, 0xFF, 0xD8, 0x72, 0x2B, 0x3E, 0x27, 0x28, 0x3E, 0xB0, 0xAF, 0x74, 0x34, 0x5F, 0x7D,
    0x65, 0x31, 0xC8, 0xBE, 0xCF, 0xBE, 0x6E, 0xFF, 0xEA, 0x49, 0xB6, 0x11, 0x48, 0x3E, 0x24, 0x2E,
    0x4A, 0xA4, 0xDC, 0x54, 0xD5, 0x3D, 0x5A, 0x52, 0xD2, 0x27, 0xA6, 0x72, 0xCE, 0x1E, 0xA8, 0xB2,
    0x42, 0x3B, 0xF0, 0xE9, 0xA3, 0xAB, 0xBA, 0xE6, 0xFA, 0x50, 0xD4, 0x1E, 0x28, 0x90, 0x5A, 0x24,
    0xB0, 0x5B, 0xCB, 0x4F, 0x9F, 0xFB, 0xA8, 0xFA, 0x57, 0xDF, 0x7E, 0xE4, 0x82, 0xFF, 0xD9, 0xEA,
    0x26, 0xFC, 0x7C, 0xD1, 0xB8, 0x2B, 0x82, 0xDD, 0x12, 0xBC, 0x8F, 0x2E, 0x7E, 0x9A, 0xCA, 0xD5,
    0x11, 0xB9, 0x56, 0x11, 0xAB, 0xE6, 0x3F, 0xD9, 0xFD, 0xEA, 0xEA, 0xFC, 0xF1, 0x3D, 0xC3, 0x2A,
    0xB9, 0x6C, 0xAC, 0xA9, 0xB8, 0x43, 0x65, 0xF4, 0x26, 0x6C, 0x03, 0x6B, 0x1E, 0xC3, 0xD7, 0xA6,
    0xD8, 0x4F, 0x35, 0xCE, 0x64, 0x87, 0x0E, 0x5A, 0xE9, 0xF4, 0x18, 0x79, 0xC2, 0xDE, 0x0E, 0x31,
    0xFD, 0xF7, 0xF8, 0x94, 0x7C, 0xF9, 0x91, 0x40, 0x91, 0x22, 0xFF, 0x2E, 0xB9, 0x70, 0x34, 0xE9,
    0x8D, 0xB9, 0x69, 0x5B, 0x9C, 0x7A, 0x72, 0x1F, 0x62, 0xC3, 0x38, 0xD2, 0x3A, 0x85, 0x88, 0x5B,
    0xAF, 0xDF, 0x5D, 0x5F, 0x0C, 0x8A, 0x7B, 0xDF, 0xD7, 0xE9, 0x37, 0x1F, 0x27, 0x3C, 0x98, 0x2C,
    0x1E, 0x76, 0x7C, 0x5D, 0xDB, 0xD4, 0x9E, 0xFD, 0x3D, 0x69, 0x9A, 0x9E, 0xDA, 0xA4, 0xF5, 0x6B,
    0xDC, 0xD0, 0x76, 0xBE, 0x7F, 0xD0, 0x93, 0x9D, 0xA0, 0x6C, 0x98, 0xC5, 0xBB, 0xFE, 0x45, 0xEF,
    0x7F, 0xFC, 0x8B, 0xC1, 0xC5, 0x20, 0xB9, 0x2B, 0xA6, 0x4F, 0x11, 0x59, 0x5C, 0x99, 0xE0, 0xAB,
    0xC0, 0xD3, 0xCE, 0x11, 0x62, 0x45, 0x7E, 0x38, 0x32, 0xAF, 0x7D, 0xCC, 0x29, 0x66, 0x0A, 0x7D,
    0x08, 0xCA, 0x25, 0xD9, 0x42, 0x49, 0x4A, 0x64, 0x5E, 0x43, 0x10, 0x92, 0xA7, 0x79, 0x9C, 0xE2,
    0x20, 0xFD, 0xA0, 0xB6, 0x7D, 0xEC, 0xC7, 0x0F, 0xEA, 0x93, 0x7B, 0x7D, 0x85, 0xC0, 0xE1, 0x1E,
    0xBF, 0xB3, 0x15, 0x6D, 0xA8, 0x1F, 0x6E, 0x85, 0x0F, 0x47, 0x56, 0x92, 0x68, 0x62, 0x91, 0x89,
    0x96, 0x4A, 0x8C, 0x8D, 0x44, 0xCB, 0xE5, 0x26, 0xAD, 0x5F, 0x0D, 0x1B, 0x4D, 0x8D, 0x2D, 0x7B,
    0xD3, 0xA9, 0xA3, 0xC8, 0x50, 0x16, 0x56, 0xFD, 0x5E, 0x85, 0x14, 0x34, 0x7E, 0x2D, 0xD9, 0x23,
    0xA5, 0x37, 0x59, 0x70, 0x2C, 0x9A, 0x61, 0x74, 0x38, 0xE2, 0x1E, 0x6A, 0x05, 0x1E, 0xED, 0x9A,
    0x60, 0xFE, 0x62, 0x1F, 0x39, 0xC7, 0xC9, 0x9C, 0x4E, 0x21, 0xB5, 0x81, 0x16, 0x10, 0x8F, 0xF1,
    0x3E, 0x1A, 0xFC, 0xED, 0x6F, 0x02, 0x4E, 0xF8, 0x8B, 0x77, 0xC6, 0x0D, 0x7E, 0xF7, 0x3D, 0xE2,
    0x0F, 0x41, 0xF8, 0x36, 0x7E, 0x88, 0x26, 0x6A, 0xB5, 0x5B, 0xEC, 0x7C, 0xFE, 0xA8, 0x48, 0xB6,
    0x23, 0x86, 0x73, 0xA3, 0x2C, 0xE3, 0x6B, 0x34, 0x8C, 0x15, 0xAD, 0xA6, 0xEB, 0x2A, 0xB6, 0x7F,
    0x5C, 0x0D, 0xF1, 0x0B, 0xA5, 0xBE, 0x79, 0xB6, 0x97, 0x84, 0xC3, 0x2F, 0xF1, 0xCB, 0xD5, 0x03,
    0x10, 0x58, 0xB8, 0x07, 0xCC, 0x94, 0x8F, 0x59, 0xDF, 0x30, 0x35, 0xC8, 0x9C, 0xC0, 0x3C, 0x41,
    0x49, 0x60, 0x56, 0xDF, 0x0A, 0x32, 0x0C, 0xF5, 0x54, 0x61, 0xE6, 0x7E, 0x34, 0xD5, 0x53, 0x8B,
    0x50, 0x4F, 0x3E, 0x34, 0xFA, 0xFE, 0x18, 0xED, 0x48, 0x70, 0xC9, 0x0C, 0x34, 0x87, 0xD8, 0x12,
    0x9A, 0x2B, 0xE0, 0x31, 0x58, 0x91, 0x8E, 0x7A, 0xF7, 0x6E, 0xA1, 0xB6, 0x0C, 0xF8, 0x3E, 0x93,
    0xE6, 0xDF, 0x32, 0xF7, 0x01, 0xCC, 0x6A, 0x29, 0x3B, 0x66, 0x32, 0x5C, 0x09, 0xDF, 0xF9, 0x0A,
    0x64, 0x98, 0x45, 0x92, 0x64, 0x73, 0xF8, 0x9A, 0xD1, 0x12, 0x0B, 0xFC, 0x8D, 0xB5, 0x4F, 0x4A,
    0x58, 0xCA, 0x7B, 0x2C, 0x76, 0xF0, 0x2B, 0x3B, 0xFF, 0xD1, 0x23, 0x65, 0x7E, 0xF2, 0x68, 0x54,
    0x15, 0xF8, 0xB8, 0x39, 0x4A, 0x2A, 0xC2, 0x8D, 0x47, 0x20, 0x5B, 0x68, 0xBD, 0xE6, 0x96, 0x0B,
    0xF0, 0x3A, 0xA6, 0x5B, 0xCF, 0xF8, 0xAC, 0x0A, 0x8D, 0xA3, 0xFD, 0xED, 0x74, 0xC6, 0x67, 0x55,
    0x2A, 0x43, 0xFB, 0xAE, 0xC7, 0x44, 0xF8, 0x70, 0x35, 0x74, 0x6D, 0xE7, 0x37, 0xE8, 0x82, 0xEB,
    0xD0, 0xD5, 0x4B, 0xB5, 0xC1, 0x0A, 0xD8, 0x20, 0xFD, 0x74, 0x74, 0x06, 0x0C, 0x1B, 0x3C, 0x0A,
    0x9A, 0xFF, 0xB4, 0xD0, 0xE1, 0x56, 0x08, 0x9C, 0xCE, 0xFF, 0x0F, 0xAF, 0xFC, 0xFF, 0x73, 0x8B,
    0x04, 0xA4, 0x62, 0x9F, 0x11, 0x70, 0x18, 0x9E, 0xBB, 0xCD, 0xBF, 0xEA, 0x8D, 0xEE, 0xB9, 0xFB,
    0xBE, 0x9C, 0x1D, 0x6E, 0xFE, 0x29, 0xF5, 0x19, 0xE4, 0xCD, 0x17, 0x03, 0xE5, 0xA4, 0xD9, 0x77,
    0x1E, 0x99, 0xBE, 0x08, 0xF4, 0xA7, 0x1E, 0x94, 0x3D, 0x35, 0x6F, 0x3A, 0xDC, 0xDC, 0x13, 0xD4,
    0x94, 0x1A, 0xB5, 0xB7, 0xEC, 0x2B, 0x3A, 0x14, 0x75, 0xD2, 0x41, 0x41, 0x29, 0xAC, 0x9B, 0xAD,
    0x9D, 0xA4, 0x88, 0x77, 0x66, 0x08, 0x17, 0x91, 0xD0, 0x84, 0x4C, 0x15, 0x3E, 0x42, 0x28, 0xE4,
    0xD7, 0xC9, 0x0C, 0xD5, 0x98, 0xE4, 0xF6, 0xFD, 0x3E, 0x00, 0xB7, 0x80, 0x0C, 0x2F, 0xBD, 0x0F,
    0x1E, 0x56, 0xC6, 0x9D, 0xCD, 0x1C, 0xEF, 0x77, 0x29, 0xF3, 0xDB, 0xFD, 0x76, 0xFC, 0xBB, 0x16,
    0xD3, 0x66, 0x3B, 0xC4, 0xB8, 0x4B, 0xD6, 0x78, 0x2A, 0x7E, 0x3B, 0x17, 0xC3, 0xBC, 0xC1, 0x0D,
    0x7F, 0xF1, 0x43, 0xE8, 0xAB, 0xFD, 0x77, 0xB8, 0xFC, 0xCF, 0xF4, 0x75, 0x77, 0x36, 0x17, 0x0D,
    0x87, 0x95, 0x39, 0xCC, 0x78, 0x1F, 0xA1, 0x33, 0x2E, 0xEC, 0xA4, 0x42, 0x4F, 0x83, 0x6B, 0x29,
    0xAA, 0xF7, 0xE1, 0xA7, 0xF2, 0x58, 0x9D, 0x0C, 0xC1, 0x12, 0xAD, 0x09, 0xC5, 0xFA, 0x13, 0xDC,
    0xFE, 0x5D, 0x7D, 0x03, 0x6F, 0xE2, 0x34, 0x41, 0x9B, 0xC3, 0x76, 0x74, 0x13, 0xAF, 0x77, 0x96,
    0x90, 0x86, 0xB4, 0x9F, 0xB8, 0xFD, 0xDE, 0xEC, 0x13, 0xDD, 0xEF, 0xA2, 0x49, 0xE3, 0x21, 0x2F,
    0xD2, 0x78, 0x0E, 0x1A, 0x8F, 0x74, 0xB4, 0x61, 0xBD, 0x0B, 0xDF, 0x90, 0x3A, 0xBA, 0x85, 0x2C,
    0xEA, 0xE4, 0x2C, 0x1D, 0x74, 0xBA, 0x4C, 0x7C, 0x53, 0xDF, 0xD5, 0x9B, 0x8A, 0xEF, 0x4E, 0x4E,
    0xF3, 0x5A, 0xD4, 0x86, 0x95, 0x78, 0xDF, 0x8F, 0x56, 0x47, 0x4B, 0x0D, 0xE0, 0xDB, 0xFB, 0xAF,
    0x00, 0xD2, 0x69, 0xD3, 0x0A, 0xE9, 0x6A, 0x62, 0x96, 0x3B, 0xFD, 0x16, 0xC0, 0xCD, 0x8C, 0x6D,
    0x30, 0x48, 0x9E, 0x73, 0x90, 0xFD, 0x12, 0x63, 0xA2, 0x2E, 0x48, 0xAC, 0xB3, 0x5B, 0xD0, 0x44,
    0xD0, 0x26, 0x5A, 0x9D, 0x14, 0x3B, 0xCE, 0xF1, 0x00, 0x96, 0xDA, 0x3D, 0x72, 0x79, 0xE3, 0x0F,
    0x57, 0xD9, 0x09, 0x4E, 0x15, 0xD5, 0xE8, 0x38, 0x72, 0xBE, 0xF9, 0x46, 0xDB, 0x95, 0xBD, 0x94,
    0x61, 0xA0, 0x9A, 0x35, 0x3C, 0x99, 0x7B, 0xB9, 0xA2, 0xF2, 0xB5, 0xAB, 0x49, 0x01, 0x7F, 0xA6,
    0xC8, 0x85, 0x52, 0x24, 0x13, 0xBE, 0xC4, 0x29, 0x52, 0xBD, 0x95, 0xE3, 0x3C, 0x39, 0xCD, 0x7C,
    0x3F, 0x1C, 0xC6, 0x01, 0xF4, 0x9A, 0xC2, 0x8D, 0x33, 0x61, 0xFE, 0x82, 0xEC, 0x8F, 0x7C, 0x9C,
    0x31, 0x89, 0x95, 0xCE, 0xA7, 0x1F, 0x49, 0xCE, 0x4C, 0x5F, 0x2E, 0xA3, 0x53, 0x16, 0x28, 0xAF,
    0x79, 0x0C, 0xA6, 0x97, 0xE8, 0x88, 0xB7, 0xE9, 0x07, 0x03, 0x75, 0x1A, 0x6C, 0xF6, 0xF9, 0x23,
    0xB8, 0x1B, 0x29, 0xB7, 0xE8, 0x43, 0xC7, 0x37, 0x1D, 0x3A, 0xD7, 0x00, 0xC1, 0x80, 0xBE, 0xED,
    0x1C, 0xC4, 0x1C, 0xED, 0xED, 0x5B, 0x78, 0x32, 0xB4, 0xE3, 0x6B, 0x15, 0x1A, 0x66, 0x3A, 0x26,
    0xE5, 0x3F, 0x14, 0x1D, 0x2A, 0x01, 0x12, 0x99, 0xD0, 0xD5, 0xB3, 0x95, 0x42, 0xDC, 0xB8, 0x23,
    0xE2, 0xCF, 0x05, 0xC9, 0x84, 0x38, 0x58, 0x81, 0x93, 0x5B, 0x0F, 0xD1, 0x6B, 0xAD, 0xA1, 0x2B,
    0x1A, 0x5F, 0xED, 0x13, 0x07, 0x60, 0xA9, 0x94, 0xC9, 0x39, 0xF2, 0x63, 0xCB, 0x92, 0x42, 0xE9,
    0xE9, 0xF3, 0x46, 0x2A, 0xDC, 0x8D, 0x64, 0x8B, 0x1D, 0x9F, 0xA4, 0x33, 0xBE, 0xE8, 0x28, 0x3F,
    0x55, 0x3F, 0xBB, 0x26, 0x42, 0xD5, 0x70, 0x5D, 0xFD, 0xCA, 0x34, 0xDB, 0x71, 0xBC, 0xE9, 0xDF,
    0x9B, 0x1B, 0x16, 0x6B, 0xBB, 0x7B, 0xE6, 0x4F, 0xA6, 0x9B, 0xB8, 0x1B, 0xA2, 0xDA, 0x92, 0xE6,
    0xB0, 0xD1, 0xEE, 0x29, 0xD0, 0x3F, 0x23, 0x88, 0x19, 0xFA, 0x21, 0xF6, 0x2C, 0x85, 0x37, 0x7C,
    0x48, 0xAE, 0x9F, 0x30, 0x30, 0xE4, 0x9E, 0x14, 0x12, 0x1E, 0x7B, 0xCB, 0xE6, 0xB2, 0x31, 0xFB,
    0x27, 0x3B, 0x5F, 0xFC, 0x73, 0xDC, 0x1E, 0xE4, 0x74, 0xF7, 0xAA, 0x55, 0xC4, 0x7A, 0x4D, 0x0D,
    0xC4, 0xA6, 0xD4, 0xA8, 0x9A, 0x57, 0x47, 0xF6, 0xA7, 0xA6, 0xCE, 0xF7, 0x9F, 0x34, 0xC5, 0x6D,
    0xA6, 0x4C, 0x07, 0x6B, 0xA2, 0x37, 0xDB, 0xCE, 0xD6, 0xA6, 0x28, 0x34, 0x9D, 0xA9, 0xD7, 0xEF,
    0x8D, 0xD1, 0xD4, 0x0B, 0x61, 0xC5, 0xCC, 0x06, 0xF5, 0x55, 0x26, 0x60, 0x28, 0xA0, 0x9F, 0x5B,
    0xAD, 0xFB, 0x4F, 0xAF, 0x80, 0xA1, 0x1E, 0xC9, 0xB5, 0xAA, 0xB7, 0xF8, 0xF3, 0xAC, 0xFF, 0x05,
    0xED, 0x7B, 0x31, 0xB0, 0xE5, 0xB6, 0x75, 0xF6, 0x47, 0x52, 0xFF, 0xD2, 0xBF, 0x68, 0x1B, 0x2A,
    0x5C, 0x78, 0xC6, 0x05, 0x5D, 0x7A, 0xE2, 0x02, 0xAD, 0x0A, 0x25, 0x60, 0xAC, 0xC2, 0x85, 0x8B,
    0x34, 0xE9, 0xDD, 0xA7, 0xF0, 0xB6, 0x29, 0x12, 0x81, 0x5A, 0x15, 0x2E, 0x54, 0x48, 0x7D, 0x93,
    0x14, 0xA9, 0x9C, 0xC6, 0x4D, 0xD2, 0x59, 0xA0, 0xB4, 0x85, 0x0A, 0x17, 0xE2, 0xD8, 0x33, 0x51,
    0x91, 0x22, 0x18, 0x7B, 0x9D, 0x14, 0x2E, 0x04, 0x67, 0xE8, 0x19, 0x2A, 0x01, 0xF1, 0x05, 0x07,
    0xE0, 0x7D, 0x77, 0xDF, 0xFA, 0x69, 0x23, 0xC7, 0x92, 0xE2, 0xC8, 0x8B, 0xB9, 0xFC, 0xBE, 0xF3,
    0x00, 0xE0, 0xE0, 0xE0, 0x9C, 0x03, 0x10, 0x77, 0xE7, 0xEE, 0x37, 0xA0, 0x13, 0x60, 0x1B, 0x72,
    0x85, 0xEB, 0xC9, 0x0D, 0xD4, 0x64, 0x84, 0xA3, 0xD7, 0x84, 0xE1, 0xD4, 0x13, 0x6A, 0x47, 0xC7,
    0x09, 0x40, 0xCB, 0x19, 0xF7, 0xF9, 0xAF, 0x9C, 0x07, 0x92, 0x9C, 0x5D, 0x41, 0x7B, 0xC0, 0x72,
    0x32, 0x1E, 0x8A, 0xD0, 0x59, 0x4E, 0x59, 0x10, 0x0D, 0x1D, 0xC9, 0x00, 0x38, 0x72, 0x06, 0x06,
    0x3E, 0x02, 0xD0, 0xF3, 0x43, 0x94, 0x1A, 0x5F, 0x5A, 0x23, 0x8A, 0x1E, 0x28, 0x51, 0x35, 0xEB,
    0x08, 0x72, 0xD1, 0x7B, 0x13, 0xED, 0xAA, 0xF7, 0x36, 0x1A, 0x3F, 0xC6, 0x6E, 0xD7, 0x5E, 0xB1,
    0xDB, 0xB4, 0xEF, 0xF8, 0x30, 0x63, 0xC3, 0x9F, 0xED, 0x66, 0x85, 0xF9, 0x55, 0xB4, 0x4B, 0x3B,
    0x06, 0x72, 0x56, 0xDC, 0xAC, 0xD8, 0x19, 0x4C, 0xC4, 0xC8, 0x55, 0x05, 0xB4, 0x9C, 0xBA, 0x19,
    0x67, 0x19, 0xE8, 0x71, 0x3F, 0x4D, 0x32, 0x69, 0xEA, 0xC9, 0x50, 0xE6, 0xFD, 0x17, 0xF2, 0x80,
    0x62, 0x2D, 0x93, 0xE6, 0xE4, 0xB8, 0x0D, 0x5C, 0x4C, 0x84, 0xE2, 0x02, 0x7A, 0x2B, 0xDD, 0x00,
    0x17, 0x5C, 0x15, 0x4C, 0x70, 0xFE, 0x09, 0xE1, 0xDA, 0x64, 0x64, 0x46, 0xE9, 0x6C, 0x76, 0x34,
    0x65, 0xF8, 0x98, 0x80, 0xA2, 0x50, 0x91, 0xB3, 0x91, 0x29, 0x3A, 0x72, 0x19, 0x65, 0x52, 0x71,
    0x6B, 0x47, 0x06, 0x31, 0x6C, 0x86, 0x4D, 0xD3, 0x47, 0x58, 0xF8, 0xC1, 0x6D, 0x0B, 0x13, 0x2C,
    0xB7, 0x9E, 0x8B, 0x09, 0x18, 0xAA, 0x85, 0x8B, 0x44, 0x44, 0x2C, 0x3C, 0x2E, 0xF6, 0xD0, 0x5F,
    0x84, 0x78, 0x0A, 0xAF, 0xB1, 0x0A, 0x76, 0xB1, 0x0F, 0x4A, 0x67, 0x13, 0xF4, 0xDB, 0x65, 0xB8,
    0x3E, 0xD4, 0x5A, 0x14, 0x2A, 0xD2, 0x5F, 0x2C, 0x0C, 0x17, 0x0B, 0xC3, 0xC5, 0x42, 0x7F, 0xB5,
    0x50, 0x27, 0x14, 0x0B, 0x61, 0xCF, 0xD8, 0xCD, 0x86, 0x7B, 0x09, 0x9F, 0x1F, 0x79, 0x60, 0x24,
    0xDC, 0xF6, 0x9C, 0x22, 0x4C, 0x84, 0x8E, 0x62, 0x9B, 0x09, 0x50, 0x11, 0x2D, 0x17, 0x17, 0x30,
    0x1C, 0xE2, 0x19, 0xE7, 0x31, 0x24, 0xE0, 0x49, 0x41, 0x9A, 0xAC, 0xAC, 0x4B, 0xB2, 0xCB, 0x6C,
    0xE2, 0x18, 0x19, 0x7E, 0x60, 0x10, 0xD5, 0x50, 0x4C, 0x32, 0x4B, 0x42, 0x46, 0x11, 0x22, 0x1A,
    0xF2, 0x75, 0x92, 0x1E, 0xD0, 0x69, 0x48, 0x5A, 0x2C, 0x44, 0x51, 0x88, 0x4F, 0x59, 0x60, 0x7C,
    0xBA, 0x50, 0x43, 0xC9, 0x9B, 0x50, 0x6E, 0x35, 0x94, 0xD5, 0xF8, 0x5A, 0xA6, 0x51, 0x92, 0xED,
    0x51, 0x5B, 0x92, 0x2D, 0xCB, 0xB0, 0xDE, 0x84, 0x32, 0x85, 0x96, 0x8C, 0xEA, 0x0F, 0xB4, 0x2C,
    0x39, 0x96, 0xA0, 0x2F, 0x02, 0x59, 0x9B, 0xBA, 0xA4, 0x82, 0x38, 0x2A, 0xAA, 0x30, 0x96, 0x6C,
    0x8F, 0xE3, 0x62, 0xBC, 0x28, 0xDC, 0xF5, 0x03, 0x2E, 0x32, 0x45, 0x30, 0x35, 0x94, 0x5C, 0x0C,
    0x93, 0x98, 0x41, 0x18, 0x6E, 0x67, 0x04, 0xC5, 0x30, 0x2D, 0x31, 0xE5, 0x9B, 0x68, 0x29, 0x16,
    0x4A, 0xE0, 0xAA, 0x85, 0x9C, 0x6F, 0x92, 0xAD, 0xF7, 0x70, 0xDC, 0x60, 0xD1, 0x00, 0x23, 0x17,
    0x94, 0xA2, 0x58, 0x19, 0x7D, 0x15, 0xBE, 0x49, 0x29, 0x6F, 0x5E, 0xD7, 0xE5, 0x2A, 0x33, 0xD8,
    0x34, 0x29, 0xE2, 0x1E, 0x83, 0x91, 0x29, 0x17, 0xD8, 0x55, 0x1F, 0xA2, 0xB0, 0xE5, 0x72, 0x33,
    0xC5, 0x25, 0xC3, 0xAB, 0xA3, 0x6E, 0x25, 0x5B, 0x9F, 0xD0, 0x41, 0x73, 0x86, 0xE1, 0xA2, 0xDE,
    0x26, 0x65, 0xAC, 0x1F, 0xFF, 0x53, 0x2C, 0xB4, 0x65, 0x79, 0x24, 0xBE, 0x64, 0x82, 0xE6, 0x8E,
    0xEF, 0x01, 0xCE, 0x0F, 0xC5, 0xC2, 0x8E, 0x4B, 0xC7, 0x59, 0xEC, 0x14, 0xE5, 0x99, 0xA1, 0xC5,
    0x93, 0xB2, 0x5A, 0xB3, 0xA1, 0x2D, 0x93, 0xCA, 0xA6, 0xAE, 0x16, 0x8A, 0xB0, 0xDF, 0xA3, 0xB7,
    0x1B, 0x14, 0x57, 0xD8, 0xD5, 0x48, 0x5A, 0xEF, 0xD9, 0xC2, 0xF1, 0x62, 0xE1, 0x40, 0xF2, 0x9F,
    0x49, 0x49, 0x4E, 0xF2, 0x5B, 0x14, 0x1F, 0x7E, 0x8D, 0x8F, 0xC4, 0x30, 0xB1, 0xF0, 0x8B, 0x70,
    0x87, 0x18, 0x68, 0x06, 0xD2, 0x3B, 0xAE, 0xF6, 0x03, 0x72, 0xB7, 0xF4, 0x24, 0xB9, 0x7D, 0xD1,
    0x78, 0x47, 0xDF, 0x7A, 0x70, 0xD5, 0xAC, 0xB6, 0xA9, 0x54, 0x5D, 0xA8, 0xA2, 0x58, 0x16, 0x31,
    0x44, 0x97, 0xA6, 0x92, 0xEA, 0xE4, 0x66, 0x43, 0xDD, 0xE8, 0x85, 0xBD, 0x16, 0x36, 0x44, 0x77,
    0x98, 0x24, 0x67, 0xF2, 0x18, 0x35, 0x4B, 0xD9, 0xA5, 0xB3, 0x23, 0x7D, 0x43, 0x1E, 0x59, 0x9E,
    0xB3, 0x41, 0x6B, 0xE3, 0x76, 0x94, 0x62, 0xC2, 0xA7, 0xC2, 0x9A, 0x4F, 0x65, 0x29, 0x7F, 0x82,
    0x6E, 0x41, 0xC3, 0x69, 0x08, 0x90, 0xF3, 0x24, 0x96, 0x45, 0x1C, 0xD2, 0x43, 0x11, 0xE6, 0xE7,
    0x7B, 0x4F, 0xD8, 0x77, 0xF6, 0x8E, 0x93, 0x7B, 0x3B, 0x76, 0x9C, 0xDD, 0xAB, 0xB1, 0xBD, 0x60,
    0xA9, 0x9F, 0xCD, 0xCF, 0x37, 0xD9, 0xEF, 0xA5, 0xFF, 0x48, 0x6F, 0x8F, 0xBB, 0x5F, 0x1F, 0x7B,
    0x99, 0x76, 0x2D, 0x21, 0x68, 0xC9, 0x92, 0x53, 0x18, 0xEB, 0x41, 0x94, 0xCA, 0x90, 0x55, 0x4B,
    0xF6, 0xAE, 0x0D, 0xC3, 0x73, 0x3D, 0x17, 0x40, 0x42, 0x0F, 0x7A, 0xA0, 0xF8, 0xDD, 0x86, 0x53,
    0x30, 0x01, 0xF7, 0xF9, 0x37, 0x45, 0x18, 0x48, 0x16, 0xC1, 0x5D, 0x04, 0xFB, 0x61, 0x23, 0x82,
    0x93, 0xEC, 0x35, 0x44, 0x23, 0x6B, 0x69, 0x48, 0x3F, 0x5C, 0xB3, 0x77, 0x16, 0xC3, 0x2C, 0xEB,
    0xFE, 0x92, 0x48, 0x94, 0xFD, 0xB5, 0xC2, 0x5D, 0x8E, 0x4A, 0x49, 0x6A, 0xB1, 0xBE, 0x0E, 0xF1,
    0x9A, 0xE0, 0x66, 0x22, 0x4C, 0x2C, 0x47, 0xA2, 0xCB, 0x70, 0x94, 0x83, 0xEF, 0x02, 0x2A, 0x59,
    0xA9, 0x33, 0x1B, 0xC6, 0x58, 0xFA, 0xE9, 0x04, 0xB7, 0xA9, 0x2C, 0x85, 0x2E, 0xD7, 0x2D, 0x4D,
    0x6E, 0x45, 0x2D, 0xCD, 0x0F, 0xA6, 0xF2, 0x12, 0xFE, 0xF8, 0xC0, 0x3B, 0x40, 0x14, 0x05, 0xC8,
    0x61, 0x03, 0x75, 0xD4, 0x58, 0x9B, 0x05, 0xB0, 0xF9, 0x71, 0xB3, 0x3C, 0x22, 0x7F, 0x01, 0x26,
    0xE8, 0xC5, 0x90, 0x5E, 0x51, 0x76, 0x17, 0x01, 0xBB, 0xC9, 0xF8, 0x5B, 0x4F, 0xF3, 0x99, 0x3C,
    0x9C, 0x1E, 0x7F, 0x70, 0xFF, 0x7C, 0x05, 0x95, 0xA8, 0x8B, 0x89, 0xE5, 0xE5, 0xEF, 0x66, 0x13,
    0xF0, 0x05, 0xE8, 0xBD, 0xEC, 0xB5, 0x00, 0x74, 0x02, 0x45, 0x32, 0x02, 0x36, 0xA0, 0x81, 0xB8,
    0x7B, 0x75, 0x1B, 0x6C, 0x30, 0x35, 0x36, 0xE4, 0x32, 0x94, 0x58, 0x5A, 0x7A, 0xB4, 0xDC, 0x44,
    0x27, 0x0C, 0x39, 0x99, 0xE5, 0xAB, 0x18, 0x0F, 0x60, 0xC8, 0x8F, 0x16, 0x2F, 0xCD, 0x5F, 0xCE,
    0x8F, 0x5D, 0xA4, 0x6D, 0x64, 0x42, 0x2B, 0x46, 0x88, 0xB8, 0x1A, 0x06, 0xFB, 0xF2, 0x66, 0xBF,
    0xBD, 0x65, 0x61, 0x64, 0xE8, 0xB9, 0x88, 0x0B, 0x89, 0x2E, 0x62, 0xD8, 0xE4, 0x63, 0x12, 0x1C,
    0xA7, 0x64, 0xE6, 0x38, 0xCE, 0xC9, 0xCE, 0x96, 0x18, 0x89, 0x26, 0xA2, 0xDB, 0x31, 0x04, 0x28,
    0x0F, 0xBD, 0x40, 0xED, 0x30, 0x04, 0x39, 0x1D, 0x7A, 0xCE, 0x1F, 0xC7, 0xC9, 0x50, 0xC6, 0x96,
    0xF2, 0x71, 0x95, 0xE4, 0x32, 0x46, 0x58, 0xE2, 0x56, 0xB7, 0x5D, 0x94, 0x4F, 0x96, 0xC3, 0x92,
    0xAC, 0x5B, 0xE2, 0xC8, 0x25, 0x99, 0xFA, 0x1E, 0x1F, 0x13, 0x7E, 0xA3, 0x8C, 0xA5, 0xAF, 0xCA,
    0x7D, 0x28, 0x7D, 0xE7, 0x54, 0xAE, 0x77, 0x2B, 0xC6, 0x0F, 0xF1, 0x91, 0xFA, 0x2F, 0x2D, 0x66,
    0xB3, 0x04, 0x8F, 0x64, 0x1E, 0x44, 0x1B, 0xC7, 0x07, 0xBB, 0x49, 0xF6, 0xC1, 0xE1, 0x4A, 0x5D,
    0xEE, 0xA5, 0x8B, 0xCF, 0x97, 0x2B, 0xA0, 0xA7, 0x2C, 0xD0, 0x92, 0xD3, 0xB9, 0xDB, 0x07, 0x92,
    0xBB, 0x98, 0xA5, 0x0F, 0x98, 0x72, 0xAB, 0x30, 0xD7, 0xB7, 0xCB, 0xEC, 0xFE, 0x89, 0xBF, 0xC8,
    0xB8, 0xA2, 0xC9, 0x28, 0xD1, 0x92, 0x88, 0xCB, 0xD9, 0x11, 0x31, 0x10, 0x23, 0x27, 0x7B, 0x9C,
    0x1A, 0xDA, 0xA2, 0xAD, 0x6A, 0x2E, 0xB3, 0xFC, 0x77, 0xFE, 0x95, 0xD6, 0x8B, 0x7F, 0xB5, 0x2C,
    0xCC, 0xD5, 0xAB, 0xCC, 0x22, 0x9E, 0xED, 0x83, 0xC4, 0xB2, 0x39, 0x2E, 0xC7, 0x90, 0x23, 0xE7,
    0xD3, 0xE0, 0x7A, 0x54, 0x8D, 0xE5, 0x8A, 0x56, 0xCD, 0xA8, 0x26, 0xD9, 0x20, 0xE6, 0x59, 0x5F,
    0x4C, 0xFD, 0xD4, 0xD0, 0x56, 0x0C, 0x77, 0xB8, 0x42, 0xA7, 0x8F, 0x3E, 0x46, 0x6B, 0x19, 0xE6,
    0x0C, 0xAE, 0x54, 0x66, 0x70, 0x19, 0x06, 0x66, 0x30, 0x37, 0x30, 0xFE, 0x47, 0x06, 0xF5, 0x40,
    0x5A, 0xDB, 0x4F, 0x14, 0x7E, 0x98, 0xE1, 0x75, 0x31, 0xBA, 0x46, 0x2A, 0x0A, 0x6C, 0x02, 0x53,
    0xD9, 0x81, 0x19, 0xA6, 0x0C, 0x59, 0x40, 0x93, 0x05, 0xFB, 0x33, 0x6E, 0xB0, 0x24, 0x0B, 0xAC,
    0x02, 0xC1, 0x12, 0x2E, 0xDA, 0x1D, 0x3A, 0x96, 0xA3, 0x33, 0xC3, 0x90, 0xAC, 0xBF, 0x42, 0xAE,
    0xAB, 0x19, 0x09, 0x98, 0x3D, 0x03, 0x83, 0x68, 0xF5, 0x28, 0xF7, 0x7B, 0x18, 0x4A, 0x55, 0x2C,
    0x27, 0xC4, 0x93, 0x55, 0xAD, 0x54, 0xF5, 0x52, 0xA5, 0x88, 0xBA, 0xF3, 0x61, 0xA2, 0xC0, 0x26,
    0x10, 0xEE, 0x00, 0x69, 0xA8, 0xEF, 0xF5, 0x9B, 0xBF, 0x5C, 0x10, 0xA4, 0xCF, 0xD0, 0x88, 0x2E,
    0xB4, 0x05, 0xEB, 0x97, 0xA8, 0x81, 0xD2, 0xA8, 0x12, 0xAA, 0x89, 0xC5, 0xC6, 0xA7, 0x0C, 0xED,
    0x48, 0x5F, 0x30, 0xC9, 0x50, 0x72, 0x81, 0xA2, 0x54, 0x8D, 0x51, 0x6C, 0x35, 0x51, 0x46, 0x9B,
    0x4D, 0xA6, 0x77, 0xE5, 0xCA, 0x4D, 0x9F, 0x51, 0x86, 0x2A, 0x79, 0xDF, 0x16, 0x9C, 0x32, 0x0E,
    0x44, 0x46, 0x95, 0x04, 0xC7, 0x28, 0x68, 0xF6, 0x82, 0x41, 0xD0, 0x15, 0xBC, 0x59, 0x05, 0x4C,
    0x25, 0x57, 0x89, 0x85, 0x9A, 0x4A, 0x6D, 0xA5, 0xAE, 0xD2, 0x50, 0x49, 0x55, 0x1A, 0x2B, 0x99,
    0x5B, 0xE4, 0x3E, 0x28, 0xC4, 0xF7, 0x84, 0x9A, 0x4A, 0x1D, 0xDF, 0xA8, 0xA4, 0x84, 0x86, 0x4A,
    0x2A, 0x15, 0x1A, 0x63, 0x21, 0x73, 0xD2, 0x56, 0xC8, 0x85, 0x42, 0xF4, 0x42, 0x8D, 0x5C, 0x34,
    0x86, 0xA9, 0x13, 0x72, 0xF2, 0x6D, 0x41, 0x95, 0x63, 0x1C, 0x99, 0x56, 0x95, 0x84, 0xA6, 0x31,
    0x66, 0xDA, 0x60, 0xF6, 0x4C, 0xC5, 0xB5, 0xCA, 0x17, 0xDF, 0x7E, 0x19, 0xD7, 0x52, 0x02, 0xF2,
    0x09, 0x63, 0xE3, 0xC8, 0x04, 0x4D, 0x41, 0x0A, 0xF6, 0x05, 0x15, 0x1F, 0xE5, 0x56, 0xCD, 0xBA,
    0x47, 0x05, 0x6D, 0x10, 0x74, 0x15, 0xFD, 0x0D, 0xA2, 0xD4, 0x4B, 0x66, 0x0D, 0x19, 0x23, 0xC6,
    0x03, 0x72, 0xC3, 0x97, 0x6D, 0x7D, 0xF9, 0x42, 0xB1, 0xD6, 0x8B, 0x7D, 0xFD, 0x4E, 0x7D, 0x41,
    0x2B, 0x35, 0x6D, 0x69, 0xAD, 0x3D, 0xEB, 0xA8, 0xAA, 0xA1, 0x6A, 0xAB, 0x9A, 0x9D, 0xAF, 0x78,
    0x9D, 0xDD, 0x86, 0xAB, 0x55, 0xD5, 0xC2, 0x6A, 0x6D, 0xC7, 0xEB, 0x2A, 0xA0, 0x05, 0xEB, 0xEA,
    0x3E, 0x0D, 0xBF, 0x29, 0xB1, 0x59, 0x20, 0x08, 0x78, 0x81, 0xE5, 0xDC, 0x35, 0x92, 0xC4, 0xF5,
    0x6B, 0x87, 0x2A, 0x70, 0x64, 0xD0, 0x37, 0x3B, 0xDB, 0x6E, 0x97, 0x3D, 0x43, 0x7F, 0xEE, 0x98,
    0xAE, 0x42, 0xB9, 0x8D, 0x95, 0xAC, 0xBA, 0x63, 0x54, 0x19, 0x50, 0x60, 0xBD, 0x4E, 0x73, 0x6B,
    0x94, 0x98, 0x31, 0x8A, 0x41, 0xE6, 0x06, 0x50, 0x4A, 0x80, 0x42, 0xB9, 0x97, 0x95, 0x1B, 0xDA,
    0x98, 0xE0, 0xCE, 0xDB, 0x5D, 0xAE, 0xAB, 0xC7, 0x51, 0xB9, 0xD3, 0x5D, 0xAF, 0x78, 0xA5, 0xCE,
    0x64, 0x88, 0xA5, 0xDF, 0x48, 0xD4, 0xA5, 0xFA, 0x96, 0xE4, 0x2C, 0x30, 0x0D, 0x24, 0xD7, 0x91,
    0x7F, 0xCA, 0x50, 0xF6, 0xB3, 0x09, 0x57, 0x55, 0x15, 0x8A, 0x2A, 0x75, 0xA7, 0x2A, 0x19, 0xEB,
    0x3B, 0x51, 0x05, 0xC7, 0x43, 0xCC, 0xF7, 0x4F, 0xB9, 0x87, 0xEE, 0x30, 0xD1, 0x5E, 0xEF, 0xA1,
    0x77, 0x19, 0xB9, 0xDF, 0xD2, 0x5C, 0xEC, 0x13, 0x98, 0xCB, 0x9F, 0xEA, 0xE9, 0x46, 0x16, 0x90,
    0xBA, 0xCB, 0x95, 0x56, 0x9F, 0x96, 0x1E, 0xE7, 0x95, 0xD6, 0x77, 0xB9, 0x61, 0x41, 0xEE, 0x07,
    0x29, 0x4F, 0xBE, 0x97, 0xB3, 0x60, 0x28, 0x95, 0x1F, 0xFF, 0xDA, 0x04, 0xC3, 0x05, 0xE4, 0x8E,
    0x43, 0x8B, 0x16, 0x2E, 0x8E, 0x7A, 0x31, 0x47, 0xB7, 0x64, 0x15, 0x37, 0x65, 0x28, 0xFD, 0xC4,
    0x43, 0x9B, 0xF4, 0x93, 0x67, 0xA1, 0xF4, 0x4B, 0xFD, 0xA2, 0x36, 0x4C, 0x18, 0xF9, 0x26, 0x1A,
    0x32, 0xA2, 0xBF, 0xB9, 0x58, 0xCA, 0xCD, 0xDF, 0x9B, 0x00, 0x1B, 0x32, 0x98, 0x60, 0x7D, 0x06,
    0x23, 0x00, 0xFC, 0x4F, 0x01, 0x75, 0xE3, 0xED, 0xE8, 0x7F, 0x15, 0xD1, 0xFB, 0xFC, 0xFC, 0x3A,
    0x96, 0xBF, 0xE1, 0x56, 0x3C, 0x5E, 0x0C, 0xFD, 0xAD, 0x07, 0xEE, 0xB3, 0x78, 0xB8, 0xDC, 0x7A,
    0xCA, 0x71, 0xED, 0x6B, 0x98, 0x98, 0x0A, 0x1B, 0x72, 0x16, 0x76, 0xAC, 0xED, 0xF4, 0x2E, 0x14,
    0x5E, 0xF4, 0x52, 0xF9, 0x4B, 0xA8, 0x8C, 0xCA, 0xA1, 0xB2, 0x8D, 0x95, 0x0D, 0x2B, 0xAB, 0xB3,
    0x43, 0x77, 0xE9, 0xC0, 0x58, 0x59, 0xA7, 0x9A, 0xBC, 0x8A, 0xD3, 0x99, 0xBF, 0x4B, 0x49, 0xE1,
    0xE6, 0xCC, 0x62, 0x70, 0x2D, 0x89, 0x0C, 0xE7, 0x4D, 0xAC, 0x2F, 0xBD, 0x92, 0xB5, 0xB0, 0xA1,
    0xE4, 0x9D, 0xB0, 0x24, 0x21, 0xCC, 0x6F, 0xB0, 0x0D, 0x95, 0xCD, 0x76, 0x72, 0xAC, 0x3C, 0xA6,
    0xCA, 0x2A, 0x56, 0xEE, 0xCE, 0x76, 0x84, 0x93, 0xF1, 0xBB, 0xB0, 0x15, 0xEE, 0x09, 0x27, 0xDC,
    0x11, 0xF4, 0x85, 0x5F, 0x3D, 0xAF, 0x05, 0xA7, 0x3F, 0x49, 0x9E, 0xFE, 0x89, 0x85, 0xEF, 0x71,
    0x05, 0x34, 0xA7, 0x9E, 0x1E, 0x0D, 0xB9, 0x59, 0x96, 0xAB, 0x6D, 0x92, 0xFE, 0x23, 0x4B, 0x59,
    0xCD, 0xD1, 0x32, 0x35, 0x94, 0xF5, 0xBB, 0xFD, 0x92, 0xA0, 0xD0, 0x9B, 0x5B, 0x2B, 0xDB, 0xC2,
    0xE3, 0xCD, 0xBD, 0xE5, 0xFF, 0x2A, 0x37, 0xF4, 0x8A, 0x51, 0x93, 0x66, 0xFD, 0x4B, 0xF7, 0x67,
    0xA0, 0x99, 0xF3, 0xC7, 0x8D, 0xB0, 0x8B, 0xB4, 0xAB, 0x80, 0xBE, 0xE6, 0xD2, 0x5F, 0x3C, 0xFF,
    0x26, 0xE0, 0x54, 0xF8, 0xED, 0xC0, 0x51, 0x31, 0x5C, 0x01, 0x69, 0x7C, 0xB8, 0xE3, 0x77, 0x41,
    0x97, 0x91, 0xDB, 0xE3, 0x08, 0x29, 0x23, 0x3A, 0x4E, 0xC4, 0x48, 0xEF, 0x66, 0xCB, 0xCD, 0x2C,
    0x7C, 0x39, 0x9A, 0x95, 0xED, 0x31, 0x86, 0xD4, 0x1C, 0x6A, 0xCB, 0x30, 0xEC, 0x6C, 0x63, 0x17,
    0xDD, 0xCB, 0xB1, 0x4D, 0x86, 0x5B, 0xC3, 0x91, 0x1E, 0x7B, 0xB9, 0x0D, 0x17, 0x37, 0xCC, 0x19,
    0x87, 0xA2, 0x4E, 0x97, 0x34, 0x31, 0x6F, 0x53, 0x70, 0x16, 0xB4, 0x93, 0xEB, 0x77, 0x41, 0x4D,
    0xA9, 0x31, 0x5C, 0x72, 0xAB, 0x1B, 0x97, 0x91, 0xF1, 0x2D, 0xB5, 0xE4, 0x51, 0x96, 0x4B, 0xD6,
    0x60, 0x8A, 0xB2, 0xE1, 0xC8, 0x50, 0x78, 0x98, 0x60, 0x68, 0x17, 0xB8, 0xC3, 0x2C, 0x20, 0xB4,
    0xCF, 0x30, 0x06, 0x98, 0x6C, 0x10, 0x0C, 0xFB, 0x08, 0x97, 0x0D, 0x02, 0xD1, 0x26, 0xF0, 0xC8,
    0x6C, 0x09, 0x4E, 0x2A, 0xE1, 0xAF, 0x51, 0x4A, 0x9F, 0x32, 0x8C, 0x37, 0x17, 0x68, 0xB3, 0x5C,
    0x40, 0xA7, 0xF6, 0x80, 0xE2, 0x7B, 0x32, 0xA3, 0xE1, 0x6A, 0x16, 0xF3, 0x1D, 0x9F, 0xA5, 0xC1,
    0x6B, 0x3A, 0xAE, 0x3D, 0xBF, 0xCB, 0x45, 0x46, 0x8B, 0x25, 0xCE, 0xC3, 0x70, 0x60, 0x16, 0x0E,
    0x4D, 0x82, 0x30, 0xFE, 0x47, 0x19, 0xED, 0xF2, 0x02, 0xCC, 0xE1, 0x66, 0x51, 0x2D, 0xE8, 0xA2,
    0x5D, 0x20, 0xAD, 0x21, 0xE3, 0x31, 0x46, 0xC0, 0x52, 0x4E, 0x75, 0x95, 0x5A, 0x8F, 0xB3, 0xA8,
    0xA3, 0x2D, 0x4E, 0xB2, 0x25, 0x92, 0x00, 0xA3, 0x61, 0x14, 0x86, 0x7D, 0x78, 0x14, 0x26, 0x92,
    0xB4, 0x1F, 0x04, 0x47, 0x99, 0x97, 0xA0, 0x3B, 0xC0, 0xE8, 0x90, 0xC8, 0xD2, 0x2F, 0x45, 0x53,
    0xC6, 0x1D, 0x99, 0x8B, 0x1E, 0x12, 0xA3, 0xE8, 0x75, 0xA7, 0xD3, 0xF4, 0x56, 0xE7, 0xA9, 0x8D,
    0x32, 0x43, 0x51, 0x5F, 0x74, 0x5B, 0xA1, 0xA2, 0xB5, 0xAA, 0x94, 0x86, 0xD2, 0xA5, 0x74, 0x2E,
    0x6A, 0x6E, 0x8F, 0xDD, 0xA5, 0x4B, 0x24, 0x5C, 0x53, 0xC6, 0x26, 0x43, 0xBE, 0x45, 0x46, 0x32,
    0x11, 0xEE, 0x41, 0x62, 0x34, 0x0F, 0xA3, 0xA5, 0xE6, 0x3E, 0x1E, 0xAA, 0x5E, 0x70, 0xA6, 0x1A,
    0x3C, 0x43, 0xD8, 0x1D, 0xEE, 0xE8, 0xC8, 0x99, 0x50, 0x8F, 0x46, 0x4F, 0x98, 0x37, 0x7E, 0x1E,
    0xCC, 0x61, 0xCC, 0xAF, 0x77, 0xC3, 0x57, 0x5E, 0x7C, 0x29, 0xBA, 0xF8, 0xCA, 0x4B, 0x7F, 0x15,
    0x09, 0xA9, 0xE1, 0x61, 0xBE, 0xF3, 0xD3, 0x60, 0xA9, 0xFC, 0xE8, 0x55, 0xEA, 0x59, 0xFC, 0xE4,
    0x76, 0x09, 0x80, 0x21, 0xC4, 0x07, 0x90, 0x8F, 0xA9, 0x7F, 0x46, 0x91, 0x79, 0xC0, 0xB2, 0x5C,
    0x9F, 0x9C, 0x6F, 0xB8, 0x0E, 0x3C, 0xEA, 0x36, 0xB4, 0xA4, 0xF1, 0xD6, 0xAD, 0xBB, 0xDD, 0xBF,
    0xE0, 0xE6, 0x17, 0x1C, 0x27, 0x02, 0x6E, 0x5C, 0x38, 0xC1, 0xBE, 0xEE, 0xDD, 0x02, 0x93, 0x27,
    0x5A, 0xA1, 0x59, 0x4E, 0x5A, 0x06, 0xB5, 0xA1, 0x71, 0xBE, 0x5B, 0x70, 0x16, 0xE7, 0x5B, 0xCE,
    0x45, 0x5B, 0x28, 0xDA, 0xA2, 0x68, 0x7B, 0x2D, 0x66, 0x6D, 0x44, 0x2A, 0xDA, 0x92, 0x68, 0x43,
    0xCA, 0xDA, 0x32, 0x8A, 0xB6, 0xD7, 0xA2, 0x68, 0x63, 0x14, 0x6D, 0x0C, 0x4D, 0xD1, 0x00, 0xC1,
    0xE9, 0xAA, 0x87, 0x7B, 0xD6, 0x93, 0x9D, 0x29, 0x56, 0x35, 0x57, 0x3D, 0x4C, 0x14, 0x3D, 0x14,
    0x3D, 0xD9, 0xA3, 0xA2, 0xE7, 0xA1, 0xE8, 0xD1, 0xDC, 0xB3, 0x9E, 0xE2, 0x54, 0x34, 0x69, 0x6A,
    0xB2, 0xA0, 0x28, 0xAB, 0x27, 0xEC, 0xFA, 0x16, 0xDC, 0xFE, 0x15, 0x90, 0x00, 0xF5, 0x02, 0x37,
    0xAC, 0xB0, 0xEF, 0x07, 0x18, 0x06, 0x48, 0x62, 0x49, 0x5F, 0x38, 0x92, 0x7C, 0x84, 0x9E, 0xA5,
    0x60, 0xAC, 0x3C, 0x9B, 0xCA, 0x8B, 0xD9, 0x4A, 0xAE, 0x78, 0x1B, 0x84, 0x55, 0x70, 0xFE, 0x2E,
    0x06, 0x3E, 0x4F, 0x2C, 0x7E, 0x11, 0x56, 0x3C, 0x0A, 0x1B, 0x72, 0x12, 0x76, 0xAB, 0x5B, 0x84,
    0x09, 0xE3, 0x33, 0x37, 0xC4, 0x18, 0x84, 0x53, 0xE5, 0x36, 0x41, 0x05, 0x1B, 0x6A, 0xBD, 0xD9,
    0x6A, 0xBF, 0xE2, 0xC7, 0x5F, 0x70, 0xB9, 0xF8, 0xB5, 0x2F, 0x94, 0x4E, 0xBF, 0xFB, 0xCA, 0xB5,
    0xAA, 0x36, 0x95, 0xEA, 0xF1, 0x46, 0xDC, 0xCD, 0x8D, 0x18, 0x45, 0x67, 0x29, 0x9D, 0x5C, 0x4B,
    0xCF, 0x92, 0x9C, 0x7F, 0xBA, 0x88, 0x67, 0xE2, 0x47, 0x8A, 0x3A, 0x5D, 0xC4, 0x86, 0x5C, 0x4F,
    0xB1, 0x23, 0xC3, 0x29, 0xAA, 0xA8, 0xE2, 0x45, 0x0C, 0xDD, 0x45, 0xD4, 0xBE, 0x4D, 0x77, 0x88,
    0x6B, 0x9B, 0x6C, 0xB8, 0xA9, 0x3D, 0x83, 0x35, 0x86, 0xEE, 0x30, 0xAC, 0xE5, 0xF8, 0x6E, 0xBC,
    0x06, 0x76, 0xBB, 0x86, 0x7B, 0x7D, 0x2C, 0x09, 0xE0, 0xEA, 0x6B, 0xB2, 0x67, 0xE5, 0xF1, 0x64,
    0x43, 0xA2, 0x70, 0x55, 0x0B, 0x1B, 0x3E, 0xB5, 0xFC, 0x7F, 0xB6, 0x1F, 0xAB, 0x8F, 0x7B, 0xDE,
    0x88, 0xE3, 0x55, 0x2C, 0x0A, 0xC2, 0x35, 0x16, 0xD7, 0x70, 0x3C, 0xDB, 0x58, 0x9F, 0xCF, 0xFD,
    0xF8, 0xEC, 0x7C, 0xFE, 0xED, 0xC4, 0xF4, 0xFB, 0x2B, 0x3E, 0x16, 0x96, 0xC7, 0x82, 0x75, 0x0D,
    0xE1, 0xDD, 0xF9, 0xE0, 0x6F, 0xE5, 0x43, 0x3A, 0x0F, 0x87, 0xCA, 0xE3, 0xC9, 0x86, 0xC7, 0xE7,
    0xE0, 0x7C, 0x56, 0xE1, 0xB3, 0x66, 0x1B, 0x2A, 0x5F, 0xEE, 0x99, 0x86, 0x52, 0x3E, 0xEA, 0x7C,
    0x7E, 0x54, 0x39, 0x9C, 0x21, 0xB8, 0x11, 0xC7, 0x22, 0x3E, 0x3B, 0x9F, 0xFF, 0x10, 0xF7, 0xE3,
    0xB3, 0xEF, 0x2F, 0x9F, 0x24, 0x5F, 0x22, 0x62, 0xB6, 0x93, 0xC9, 0xC2, 0x23, 0x6F, 0xDF, 0x4B,
    0xE1, 0x0A, 0x7F, 0xAE, 0xDE, 0x8F, 0xCF, 0xC4, 0x6B, 0x58, 0x60, 0xB6, 0xAB, 0x48, 0x29, 0xA5,
    0xD7, 0x78, 0x15, 0xFB, 0xAB, 0x08, 0x57, 0xC4, 0x3F, 0x94, 0x7C, 0x78, 0x96, 0x0F, 0x37, 0xE2,
    0x78, 0x15, 0xFB, 0xAB, 0x08, 0x57, 0xF0, 0x0F, 0x26, 0x1F, 0x9E, 0x9D, 0x0F, 0xEB, 0x29, 0x8E,
    0x57, 0xB1, 0xBF, 0x8A, 0x70, 0x8F, 0x8B, 0x53, 0x4F, 0x4E, 0x63, 0x7E, 0x0C, 0x29, 0x6A, 0x8A,
    0x56, 0xE7, 0x7F, 0xBF, 0x1E, 0x1B, 0xEA, 0x12, 0xC5, 0xC6, 0x91, 0xD5, 0x66, 0xB8, 0xF2, 0x90,
    0xE1, 0x7A, 0xF9, 0x1C, 0x4F, 0x36, 0x85, 0x3F, 0x81, 0xFB, 0xFF, 0xB3, 0xFB, 0x86, 0x94, 0xF9,
    0x7A, 0xFF, 0xAF, 0x0C, 0x77, 0xE1, 0xD4, 0x33, 0x8D, 0x4C, 0x86, 0x87, 0xD9, 0x64, 0xB8, 0xF3,
    0x9F, 0xDD, 0xC7, 0x06, 0x31, 0xD4, 0x70, 0x19, 0xB9, 0xF4, 0x5C, 0xE0, 0x96, 0x9A, 0x0F, 0x3D,
    0x05, 0xC7, 0x82, 0xA6, 0xE2, 0x76, 0x5D, 0x9D, 0xF3, 0x9F, 0x4F, 0xB4, 0xE1, 0x1A, 0xB9, 0x7A,
    0x06, 0x8C, 0x05, 0xFB, 0x82, 0x70, 0x82, 0x7F, 0x04, 0x98, 0xE9, 0xA9, 0x1F, 0xCE, 0xF5, 0xF3,
    0x69, 0x45, 0x8D, 0x8B, 0xE3, 0x5A, 0x3F, 0xD0, 0x7B, 0x43, 0x8F, 0x96, 0x7C, 0x83, 0x07, 0x06,
    0x4A, 0x99, 0xD4, 0x3E, 0xE6, 0xC6, 0x45, 0xFB, 0x9E, 0x30, 0xDE, 0x2C, 0x5D, 0xC4, 0x18, 0xCC,
    0xD2, 0x46, 0xA8, 0x2B, 0xD5, 0xCA, 0x35, 0x93, 0xF6, 0x3A, 0x0C, 0xFB, 0x0B, 0x6E, 0x51, 0x41,
    0x05, 0xCB, 0xB9, 0xF7, 0x9D, 0x67, 0x42, 0xB3, 0xB4, 0xB3, 0xDB, 0x70, 0x96, 0x96, 0x0F, 0x38,
    0x2B, 0x92, 0x9B, 0x21, 0x19, 0xED, 0x4F, 0xF8, 0x5A, 0x72, 0x33, 0x1B, 0x66, 0x00, 0xED, 0x92,
    0xDA, 0x64, 0x7E, 0x7A, 0x98, 0xA8, 0x96, 0xDD, 0xED, 0x1D, 0xFE, 0xD6, 0xAD, 0xE7, 0x30, 0x0F,
    0xCD, 0x04, 0x53, 0x37, 0xC0, 0xFA, 0xFF, 0x8B, 0x8B, 0xC7, 0xD0, 0xF2, 0x83, 0xA0, 0xC9, 0x40,
    0xEF, 0x82, 0x9B, 0xB5, 0x37, 0xDE, 0xAD, 0x9A, 0x9C, 0x07, 0x26, 0xC0, 0x3D, 0xC2, 0x3D, 0xCE,
    0x9A, 0x41, 0x31, 0x3E, 0xDF, 0x1D, 0x40, 0x6A, 0x99, 0x4C, 0xFE, 0xBC, 0x7A, 0xE8, 0xF7, 0xA3,
    0x62, 0x1E, 0x3D, 0xC3, 0x6D, 0xE8, 0xEB, 0x49, 0xB6, 0x18, 0x6F, 0xBD, 0x5B, 0xC6, 0xC0, 0x49,
    0x05, 0x42, 0x6D, 0xF2, 0x88, 0x2C, 0x75, 0x66, 0x35, 0xC1, 0x2C, 0x7A, 0x51, 0xB3, 0x9A, 0x5B,
    0xFC, 0x3F, 0xE4, 0xA1, 0x4A, 0xD6, 0x10, 0xED, 0x43, 0xB1, 0xDF, 0x4D, 0xB4, 0x0F, 0xB2, 0xE5,
    0x71, 0x7C, 0x67, 0x1F, 0x26, 0x0F, 0xE4, 0xA1, 0x9D, 0xE8, 0xB6, 0x51, 0x2D, 0x62, 0x77, 0x1A,
    0x83, 0xE3, 0xFC, 0x55, 0xAA, 0xED, 0xEB, 0x6E, 0x69, 0x53, 0x1F, 0x61, 0xBC, 0x8A, 0xC5, 0x79,
    0x3A, 0x5C, 0x7C, 0x28, 0x64, 0x17, 0x21, 0x6F, 0x96, 0x21, 0x41, 0x26, 0xD5, 0x5C, 0xB8, 0xE8,
    0x1A, 0x90, 0xA1, 0x86, 0xA7, 0x61, 0x09, 0x96, 0x5E, 0xB3, 0x77, 0x5C, 0x88, 0x6E, 0xFF, 0xE6,
    0xBF, 0x1F, 0xE6, 0x50, 0x81, 0x2D, 0xCD, 0xE2, 0x40, 0x3B, 0x0B, 0xBC, 0xCD, 0x6C, 0x10, 0xC9,
    0x63, 0x24, 0xB9, 0x8B, 0xDF, 0xD7, 0x27, 0x16, 0x3B, 0xDB, 0xE5, 0x8B, 0xE0, 0x04, 0x10, 0xA8,
    0x3C, 0x3F, 0x07, 0xB7, 0x9A, 0x59, 0x52, 0x76, 0xBC, 0xF1, 0xA2, 0xBF, 0x59, 0xEC, 0x6E, 0xDF,
    0x59, 0xDC, 0x84, 0xFC, 0xB1, 0xEF, 0xAC, 0x86, 0x71, 0xE4, 0xF6, 0xA4, 0x0B, 0x8F, 0xAC, 0xF7,
    0xBE, 0x0A, 0x54, 0xC3, 0x96, 0x54, 0x5F, 0x1E, 0x91, 0x5D, 0xAE, 0x33, 0x87, 0xF6, 0xD2, 0x67,
    0x20, 0x21, 0x63, 0x1A, 0x37, 0x0F, 0x0C, 0x9A, 0xD1, 0xFC, 0xE3, 0x61, 0x5F, 0x4C, 0xAF, 0xBC,
    0x94, 0x5E, 0x79, 0x31, 0x99, 0x7F, 0x38, 0x34, 0xCF, 0xD8, 0x34, 0xA2, 0x7E, 0x15, 0xBD, 0x23,
    0xA3, 0x10, 0x49, 0x28, 0x92, 0xAF, 0x72, 0xBE, 0x07, 0x1D, 0x61, 0x97, 0xFA, 0xC3, 0xDE, 0xA5,
    0xE1, 0x2F, 0x33, 0x49, 0xE4, 0x85, 0xEC, 0xA3, 0xFB, 0x52, 0x69, 0x16, 0x75, 0xC0, 0x2E, 0x66,
    0x33, 0x32, 0x40, 0xD5, 0xE1, 0x1D, 0x79, 0x9F, 0x11, 0x70, 0xBB, 0xA8, 0xBE, 0xC7, 0x07, 0x9C,
    0x34, 0xC9, 0x20, 0xCD, 0xFB, 0xF3, 0x1D, 0xBF, 0x13, 0x81, 0xD4, 0xC5, 0x96, 0xA9, 0x3D, 0x34,
    0xB3, 0x64, 0x5E, 0xE5, 0xB7, 0xA3, 0x7E, 0x9F, 0xDC, 0x15, 0x29, 0x66, 0x7D, 0x5F, 0x56, 0xBC,
    0x63, 0xA0, 0xA4, 0x16, 0x57, 0xF3, 0x6F, 0xEF, 0x7B, 0xF7, 0xFA, 0xC3, 0xC0, 0xE1, 0x97, 0x81,
    0x3D, 0x03, 0x1B, 0x1E, 0x9C, 0xDB, 0xC3, 0xAD, 0x5F, 0x3F, 0x0C, 0x23, 0x34, 0x89, 0x81, 0x87,
    0xF8, 0x51, 0x56, 0x0C, 0xC5, 0x0D, 0x9A, 0x11, 0xE6, 0x83, 0x97, 0xE0, 0x74, 0x84, 0x53, 0x9C,
    0x5D, 0x73, 0x7F, 0xB6, 0x6F, 0x0F, 0xB3, 0xE1, 0x02, 0xC5, 0x00, 0x71, 0x6A, 0x29, 0x26, 0xFC,
    0x2F, 0x93, 0xDB, 0x84, 0x7A, 0x52, 0x48, 0x82, 0x97, 0xC9, 0x24, 0xE3, 0x33, 0x49, 0x98, 0x33,
    0x71, 0x1C, 0xB6, 0x4C, 0x69, 0xEC, 0x0B, 0xA9, 0x9E, 0x6F, 0x96, 0x4A, 0xD2, 0x05, 0x77, 0xBF,
    0xF8, 0xCC, 0x24, 0x2D, 0x24, 0xC3, 0x2D, 0x83, 0x84, 0xBF, 0x71, 0x55, 0x75, 0xF3, 0x43, 0x9C,
    0x45, 0xD7, 0x5F, 0x0E, 0x73, 0x43, 0x89, 0xB0, 0x54, 0x90, 0x33, 0xF4, 0xDE, 0x73, 0x45, 0xB7,
    0x82, 0xE1, 0xB1, 0x73, 0xB5, 0xE2, 0x76, 0x45, 0xA9, 0x99, 0xA4, 0x75, 0x28, 0x3D, 0xED, 0x5E,
    0x5E, 0x41, 0xA2, 0x41, 0x30, 0x41, 0x70, 0xCF, 0xF8, 0x4B, 0xCE, 0xBF, 0xED, 0x61, 0x6E, 0xBD,
    0xA0, 0xF3, 0x36, 0x08, 0xCA, 0x74, 0x5C, 0xCD, 0xF5, 0x1F, 0xE2, 0xA6, 0x9E, 0x97, 0x09, 0x3C,
    0xEE, 0x51, 0x86, 0x59, 0xA6, 0x9B, 0xDF, 0x51, 0x0D, 0x93, 0xE4, 0x28, 0x30, 0xAE, 0xC0, 0xF3,
    0x10, 0x99, 0x64, 0x45, 0x64, 0x74, 0x8F, 0x04, 0xA5, 0xC3, 0x9F, 0x17, 0xA4, 0xA3, 0x14, 0x23,
    0x70, 0x0C, 0x82, 0xB2, 0xC1, 0x54, 0x50, 0x0C, 0x2A, 0x6A, 0xEE, 0xEA, 0x30, 0x0F, 0x63, 0x93,
    0xEC, 0xB7, 0x22, 0x92, 0x6D, 0x05, 0x5E, 0xCE, 0x7F, 0x9A, 0x77, 0xC9, 0x43, 0xBF, 0x46, 0xC6,
    0xA1, 0x25, 0xC3, 0xD5, 0xA1, 0xC5, 0x9F, 0x8A, 0x4C, 0xD5, 0x9B, 0x46, 0x9C, 0xD9, 0x9F, 0xBE,
    0xB4, 0xB7, 0x7F, 0xDE, 0x5C, 0xA1, 0x36, 0x0C, 0x0B, 0x18, 0xAC, 0x74, 0x2E, 0x2E, 0x2C, 0x1E,
    0xCC, 0xB0, 0x09, 0xCC, 0xC5, 0x29, 0x1F, 0x1B, 0xEC, 0x75, 0x82, 0x28, 0x46, 0x09, 0x28, 0x81,
    0x46, 0xA0, 0x18, 0xE9, 0x3E, 0xAC, 0x81, 0x6F, 0xC8, 0xB9, 0xC6, 0x9E, 0x0C, 0xD5, 0x60, 0xC7,
    0xBD, 0x66, 0xC0, 0xD7, 0xF5, 0x71, 0x26, 0xC1, 0x40, 0x54, 0xB5, 0x5D, 0x11, 0x8C, 0x08, 0x53,
    0x9D, 0xE3, 0x49, 0xA1, 0x36, 0x4D, 0xB0, 0x52, 0x53, 0x32, 0x23, 0x42, 0xB1, 0x24, 0x07, 0x67,
    0x7B, 0xC0, 0xB1, 0x94, 0x5D, 0x84, 0xE4, 0xC8, 0x20, 0xC2, 0xAE, 0xC9, 0xB9, 0x24, 0x4A, 0xCB,
    0xFD, 0x7A, 0x19, 0xFB, 0xC4, 0x04, 0x1B, 0x9E, 0xFC, 0x96, 0x60, 0x78, 0x56, 0x8D, 0x17, 0xA1,
    0xBF, 0x08, 0x70, 0x55, 0xB8, 0xFD, 0x6B, 0xCF, 0x7A, 0x96, 0xAD, 0x9A, 0x92, 0x8F, 0x3B, 0xC6,
    0xAA, 0xD3, 0x15, 0xF0, 0x37, 0x70, 0xC6, 0xF8, 0x39, 0x48, 0x97, 0x49, 0x3A, 0x07, 0x19, 0xB6,
    0x75, 0x02, 0x28, 0xF0, 0x35, 0xDA, 0xED, 0x45, 0xB1, 0xC4, 0x3C, 0x6A, 0xDC, 0x66, 0x48, 0x16,
    0x08, 0x02, 0x53, 0x86, 0x37, 0xEF, 0xFC, 0x85, 0xA3, 0xDE, 0xC5, 0xD6, 0x94, 0x41, 0x09, 0xF4,
    0x02, 0x78, 0x0B, 0x90, 0xEC, 0x57, 0x69, 0xB2, 0x4C, 0xAA, 0xA8, 0xF8, 0x3E, 0xA3, 0x64, 0xBF,
    0xB4, 0x8F, 0x6B, 0xC3, 0x7B, 0xB0, 0x5B, 0x5F, 0xF3, 0xFB, 0x10, 0xE0, 0x46, 0xB7, 0x69, 0xCE,
    0x94, 0xE1, 0x5F, 0xF9, 0xA8, 0xEC, 0x3F, 0x53, 0xF9, 0x35, 0x7A, 0xC3, 0x5F, 0x33, 0x36, 0x7D,
    0xEC, 0x8E, 0xEF, 0x75, 0xA9, 0x2B, 0x2A, 0x22, 0xF9, 0x3A, 0x7D, 0x19, 0xEA, 0x7E, 0xF0, 0x83,
    0xBF, 0x3F, 0xAC, 0xD4, 0xE9, 0x32, 0x6C, 0x38, 0xEF, 0x59, 0x07, 0xAA, 0xC7, 0x50, 0x5C, 0x86,
    0xE2, 0x33, 0xF1, 0x88, 0x3E, 0x9D, 0x03, 0xF7, 0x9B, 0xF7, 0xD0, 0x52, 0x53, 0x5B, 0x4D, 0xC4,
    0x38, 0x41, 0x73, 0x72, 0xA1, 0x68, 0xF0, 0x45, 0xDB, 0x52, 0x43, 0x81, 0x17, 0x06, 0xFA, 0x17,
    0xF0, 0xC7, 0x40, 0xB3, 0xC1, 0x3C, 0xC2, 0xFD, 0x8C, 0x24, 0x2F, 0x38, 0x16, 0xC4, 0xFD, 0x8A,
    0x7F, 0x67, 0x36, 0xF4, 0xDC, 0x33, 0x2A, 0x6E, 0x19, 0xC7, 0xED, 0x05, 0xC1, 0x80, 0x8C, 0xC5,
    0x5F, 0x6B, 0xCB, 0x94, 0x11, 0x8A, 0x57, 0x2C, 0xAB, 0x70, 0x3C, 0xEE, 0x88, 0xBA, 0x2E, 0x16,
    0x3E, 0x25, 0xEA, 0x62, 0x79, 0x31, 0xBC, 0xD8, 0x5D, 0xCD, 0x76, 0x4C, 0xD5, 0xE8, 0x62, 0x73,
    0x31, 0xD9, 0x90, 0xAC, 0x30, 0x0A, 0x14, 0x73, 0x5B, 0x7A, 0xB3, 0x29, 0x31, 0xD6, 0x30, 0x98,
    0x60, 0xB6, 0x49, 0x00, 0xEE, 0xF6, 0xFF, 0xA8, 0xE2, 0x04, 0xC7, 0x1D, 0xBF, 0x77, 0xAE, 0x06,
    0xCC, 0xD3, 0x91, 0xEB, 0x1D, 0xE8, 0xB8, 0xDE, 0xFF, 0x10, 0x20, 0xDF, 0x21, 0xE7, 0x86, 0x1C,
    0x48, 0xDF, 0x92, 0xA3, 0xEC, 0x98, 0xFD, 0x15, 0xBD, 0xA9, 0xD8, 0xED, 0x3F, 0x92, 0x2B, 0x5A,
    0xB7, 0xFD, 0xC8, 0x2C, 0x6D, 0xA6, 0xB7, 0x84, 0xDA, 0xDD, 0xEA, 0xA5, 0x8B, 0x6E, 0x37, 0xDC,
    0x86, 0xE8, 0xA2, 0xE1, 0xAE, 0x36, 0x17, 0x35, 0x43, 0xEF, 0x5D, 0x52, 0xF4, 0xDD, 0xEC, 0x50,
    0x8A, 0xD0, 0xB5, 0x74, 0x0C, 0xD6, 0x67, 0xFC, 0x09, 0x23, 0x06, 0xBE, 0x4B, 0x62, 0x78, 0xF7,
    0x3D, 0xB9, 0x6C, 0xFE, 0xF8, 0x8D, 0x60, 0xE6, 0x8C, 0xDE, 0xCC, 0xC3, 0x8F, 0xDF, 0x0B, 0x66,
    0x32, 0xEF, 0x72, 0x27, 0xCC, 0x4F, 0x19, 0x5E, 0x81, 0xF9, 0x15, 0xFD, 0x37, 0x60, 0x20, 0xA5,
    0xE2, 0x7F, 0x01, 0xED, 0x7A, 0x31, 0xCC, 0x25, 0xC7, 0x91, 0x5E, 0xBD, 0x19, 0x8A, 0xC3, 0xE3,
    0x80, 0xEA, 0x0D, 0x0E, 0x06, 0x6C, 0xE2, 0x30, 0x0E, 0x2E, 0x20, 0x64, 0x59, 0xED, 0xC0, 0x81,
    0x00, 0x93, 0xAC, 0x21, 0xD7, 0xF0, 0x06, 0x0C, 0xE8, 0x3C, 0x91, 0xC3, 0x83, 0x92, 0x75, 0xE0,
    0x50, 0x62, 0xCF, 0xEE, 0x06, 0x0C, 0x18, 0x88, 0x4E, 0x74, 0x81, 0x03, 0xC9, 0x86, 0x03, 0x39,
    0x92, 0x6D, 0x1C, 0x0C, 0x19, 0x26, 0xFF, 0x6E, 0xEE, 0x0F, 0x63, 0x03, 0x02, 0xD6, 0xEC, 0xF2,
    0x2C, 0x05, 0x0C, 0xD4, 0x5C, 0xEE, 0x9D, 0x00, 0x33, 0x50, 0x8B, 0x1C, 0xE1, 0x66, 0xC5, 0x9E,
    0xF9, 0xDC, 0x55, 0x33, 0xEF, 0xFF, 0xDF, 0x72, 0x25, 0xE1, 0x0E, 0x77, 0xC2, 0x11, 0x82, 0xFA,
    0x7F, 0xFD, 0x7D, 0xF5, 0xE6, 0xF5, 0xEB, 0x57, 0x53, 0xDD, 0x5D, 0x5D, 0x5D, 0xF3, 0x57, 0xE8,
    0xA9, 0x5B, 0xC9, 0x20, 0x12, 0x30, 0x32, 0xA6, 0x1A, 0x98, 0x18, 0x73, 0x0B, 0x64, 0x77, 0x27,
    0x9B, 0xDC, 0x2C, 0xEE, 0xF5, 0xD9, 0xA4, 0xC3, 0xEA, 0xDE, 0x98, 0xBA, 0x48, 0x70, 0xC3, 0x77,
    0x8D, 0x50, 0x20, 0x93, 0x68, 0x65, 0x00, 0x73, 0xBD, 0x08, 0xE5, 0x26, 0x1B, 0x7D, 0x37, 0x55,
    0x00, 0x12, 0x8D, 0xB4, 0x95, 0x76, 0x26, 0x17, 0x89, 0xD7, 0x0A, 0x99, 0x3C, 0x1A, 0x80, 0xC0,
    0x66, 0x42, 0x5F, 0x30, 0xF1, 0x00, 0x63, 0x62, 0x41, 0x32, 0xC9, 0xF5, 0x1E, 0x98, 0x41, 0x0C,
    0xA4, 0xD7, 0xA8, 0x05, 0xE2, 0x57, 0x69, 0x2F, 0x16, 0x03, 0x51, 0x05, 0x4C, 0x44, 0x06, 0x58,
    0xE5, 0x02, 0x30, 0x10, 0xCF, 0x0D, 0x02, 0x35, 0x81, 0x90, 0xA4, 0x95, 0x53, 0xE4, 0x0D, 0xA7,
    0x13, 0x3C, 0x7E, 0xDA, 0x6A, 0x4B, 0x37, 0x35, 0x18, 0xC9, 0x4B, 0x0F, 0x8A, 0x24, 0x38, 0x17,
    0xFC, 0x14, 0xC3, 0x15, 0xF2, 0x91, 0xAA, 0x48, 0x7E, 0x3A, 0xF8, 0x82, 0x00, 0x8E, 0x68, 0x15,
    0xE9, 0xFB, 0x82, 0x1D, 0x06, 0x2F, 0x98, 0x0A, 0x52, 0x3D, 0x15, 0x7C, 0xDA, 0x8B, 0x6C, 0x30,
    0x0A, 0xFE, 0xF9, 0x15, 0x8F, 0x60, 0x90, 0x14, 0xD7, 0x82, 0x54, 0x0B, 0xB6, 0x0B, 0xD1, 0xBF,
    0x21, 0xC6, 0x40, 0x99, 0x80, 0x50, 0x83, 0x18, 0x63, 0x83, 0xFE, 0x19, 0x0E, 0x15, 0x02, 0xF9,
    0x40, 0x72, 0x71, 0x20, 0x37, 0x1A, 0x10, 0x71, 0xB4, 0x0B, 0x12, 0x47, 0xFE, 0x39, 0x72, 0xC1,
    0xD4, 0x2F, 0x1C, 0x5D, 0xFA, 0xF6, 0xE2, 0x46, 0x97, 0x90, 0x11, 0x78, 0xC6, 0x7D, 0x04, 0x0B,
    0xF7, 0x13, 0x90, 0x01, 0xB0, 0x50, 0x0D, 0x35, 0x90, 0x83, 0x18, 0xEB, 0xE0, 0xB7, 0x9B, 0xFE,
    0xDB, 0x20, 0x46, 0xC5, 0xF8, 0x19, 0x14, 0xEB, 0x87, 0x22, 0x4F, 0xF4, 0x47, 0x4D, 0x26, 0xAA,
    0xB2, 0xB0, 0xBE, 0x07, 0x02, 0x2D, 0x44, 0x84, 0x4F, 0x27, 0xF2, 0x98, 0xA8, 0x15, 0xB3, 0x56,
    0xD0, 0x2A, 0xE5, 0x4B, 0x24, 0xB3, 0x8D, 0xC9, 0xE0, 0x03, 0x80, 0x18, 0x53, 0x41, 0x87, 0xEC,
    0x41, 0xFE, 0x56, 0xFE, 0x06, 0x91, 0xAF, 0x77, 0x7C, 0x8B, 0xC8, 0xBD, 0x8B, 0x4C, 0xC4, 0x57,
    0x75, 0xCC, 0x2B, 0x24, 0xBA, 0x98, 0x4D, 0xD5, 0xC0, 0x6B, 0x1D, 0x19, 0x66, 0x7A, 0xC6, 0x9B,
    0x7C, 0x40, 0x9D, 0x9B, 0xA5, 0x5E, 0x8C, 0xCC, 0xC2, 0x58, 0xEA, 0x58, 0x67, 0x1E, 0x9B, 0x6C,
    0x27, 0x3B, 0x1B, 0x20, 0x35, 0x10, 0xDB, 0x3E, 0x24, 0x29, 0x5D, 0xFA, 0x2A, 0x71, 0x5E, 0xE9,
    0xC9, 0x8C, 0xD2, 0x8F, 0x1B, 0x4C, 0xE2, 0x60, 0x47, 0x17, 0x6C, 0xC4, 0x60, 0x00, 0x6A, 0xB1,
    0xD0, 0x01, 0x91, 0xA8, 0xC1, 0x83, 0x66, 0x25, 0xBF, 0xF6, 0x6A, 0x4E, 0x87, 0xF7, 0x81, 0x44,
    0x15, 0xF6, 0xB2, 0x50, 0x8B, 0x63, 0xE9, 0x3B, 0xF4, 0x6E, 0xAD, 0x11, 0x5B, 0x04, 0xCE, 0xD4,
    0x2E, 0x72, 0xAB, 0x88, 0x9C, 0xA8, 0x5E, 0xEB, 0x85, 0xC8, 0x27, 0x9F, 0x48, 0x74, 0x24, 0x62,
    0x9D, 0x2E, 0x68, 0x1E, 0x13, 0x2F, 0x1B, 0xB8, 0x22, 0xAE, 0x22, 0xBA, 0xC4, 0x33, 0x55, 0x2A,
    0x22, 0xDA, 0x95, 0x2A, 0x69, 0xDB, 0xC8, 0x7C, 0xC2, 0x01, 0xC8, 0x2D, 0x30, 0xD4, 0xA5, 0x02,
    0xB3, 0xC1, 0x4A, 0xE4, 0x11, 0x18, 0xC9, 0x88, 0xAD, 0x9E, 0x45, 0x68, 0x45, 0xAB, 0x81, 0x7E,
    0x63, 0xB1, 0x78, 0xA0, 0x7C, 0x5C, 0x56, 0x5A, 0x5A, 0x5C, 0xD8, 0xD9, 0x2C, 0xF4, 0xAF, 0x8F,
    0x62, 0x52, 0x52, 0xF1, 0x21, 0xF5, 0x47, 0x11, 0x08, 0xBB, 0x58, 0x5F, 0x8A, 0xE4, 0x2E, 0x45,
    0xB2, 0x27, 0x22, 0xC2, 0xAF, 0x16, 0x7F, 0xB7, 0x4D, 0xDD, 0x88, 0xAB, 0x5A, 0x8E, 0xF7, 0x5A,
    0xED, 0x76, 0x72, 0x48, 0x47, 0x4B, 0x7B, 0xE9, 0x0A, 0xB3, 0x88, 0x78, 0x35, 0xD9, 0xA9, 0xCD,
    0x2A, 0x9A, 0x24, 0xD3, 0xF8, 0x28, 0x86, 0x6A, 0x51, 0xF1, 0x10, 0x6C, 0x38, 0x6C, 0xE2, 0x40,
    0xDD, 0xDE, 0xC0, 0x03, 0xD8, 0xBF, 0xC6, 0x10, 0x25, 0xB5, 0x33, 0x0B, 0x20, 0xD5, 0x49, 0x75,
    0x00, 0x10, 0xAB, 0x47, 0x75, 0xFC, 0x5D, 0xB5, 0x7A, 0x95, 0x95, 0xFC, 0xD4, 0x00, 0x2A, 0xB6,
    0x40, 0xBD, 0x8B, 0x16, 0x78, 0x67, 0x17, 0x19, 0x88, 0xBB, 0xE8, 0x47, 0x4E, 0x2A, 0x10, 0x81,
    0xCC, 0xA5, 0xD8, 0x3E, 0x2E, 0x9E, 0x36, 0x70, 0x81, 0xB1, 0x8B, 0x5C, 0xC4, 0x79, 0x13, 0xCD,
    0xC0, 0x48, 0xBB, 0x26, 0x64, 0x76, 0xD1, 0x3F, 0xF4, 0xBF, 0x40, 0xA4, 0x66, 0xB7, 0x6C, 0x07,
    0xFC, 0x02, 0x40, 0xCF, 0x89, 0x93, 0x1B, 0x7D, 0x70, 0xC1, 0x24, 0x90, 0x8D, 0x7E, 0x68, 0xD3,
    0x4A, 0x5D, 0xF2, 0x7D, 0x53, 0xD8, 0x5C, 0x72, 0x90, 0xEB, 0x36, 0xB9, 0xD8, 0x26, 0x4F, 0x2E,
    0x32, 0xDE, 0x4D, 0xB0, 0x08, 0x1D, 0xEE, 0x60, 0x65, 0x0C, 0x0D, 0xCE, 0x91, 0x59, 0x4C, 0x34,
    0xFA, 0xC8, 0xF2, 0x3B, 0xEE, 0xFD, 0x55, 0xA7, 0x02, 0x82, 0x47, 0xF2, 0x88, 0xB8, 0x96, 0x96,
    0x2E, 0xAD, 0xD5, 0x94, 0xDB, 0x82, 0x69, 0x6E, 0x13, 0x5E, 0x4E, 0xD9, 0x24, 0xF7, 0x09, 0x32,
    0x64, 0x7F, 0x99, 0x11, 0xDA, 0xC9, 0xC5, 0x95, 0xC8, 0x3D, 0x14, 0xF7, 0x57, 0x03, 0xDF, 0xC2,
    0x42, 0x66, 0x1B, 0x7F, 0x3B, 0x75, 0x18, 0x11, 0x78, 0x6C, 0x56, 0xE2, 0x91, 0x43, 0x9D, 0xA9,
    0x8B, 0x4E, 0x29, 0xED, 0xC4, 0x3B, 0x8D, 0xCD, 0x2C, 0xFB, 0xD6, 0xD4, 0xA5, 0x2B, 0x5E, 0x46,
    0x32, 0xFA, 0x7D, 0x14, 0xA5, 0xEB, 0x99, 0xFC, 0x44, 0x07, 0xDC, 0x53, 0x57, 0x8B, 0xC9, 0x02,
    0xC8, 0x7C, 0x17, 0xB7, 0x56, 0x1E, 0x3C, 0xED, 0x70, 0x77, 0xAD, 0x56, 0x8B, 0xCC, 0xD9, 0x60,
    0xF6, 0xD3, 0x01, 0xA3, 0x1F, 0xC9, 0xCD, 0xBF, 0x5A, 0xA7, 0xE0, 0x77, 0x9D, 0x22, 0x9F, 0x28,
    0x63, 0x4E, 0x74, 0x5A, 0xC8, 0x46, 0x9E, 0x64, 0xB3, 0x1E, 0x2D, 0xA4, 0x84, 0xFD, 0xEB, 0x35,
    0xF0, 0x0A, 0x16, 0xDA, 0xBB, 0xAE, 0x70, 0x73, 0xD3, 0x29, 0xB1, 0xEA, 0x74, 0x1B, 0xD7, 0xB2,
    0xEB, 0xD7, 0x6A, 0x51, 0xD0, 0xB7, 0xFA, 0x81, 0x36, 0xD1, 0xC6, 0xE4, 0x17, 0x6A, 0xB6, 0xEE,
    0x62, 0x97, 0x6C, 0xEA, 0x46, 0x1B, 0xBF, 0x58, 0xCB, 0x3E, 0x0F, 0x22, 0x59, 0x2A, 0x83, 0xFC,
    0xBE, 0x49, 0x3C, 0x95, 0xCF, 0x2E, 0xF6, 0xA0, 0x85, 0x2A, 0xF9, 0x9D, 0x64, 0x31, 0xF3, 0x79,
    0xB6, 0xD7, 0xE6, 0x27, 0x6C, 0x3A, 0xD8, 0x99, 0xAF, 0x66, 0x46, 0xEE, 0x30, 0x57, 0x18, 0xC5,
    0x44, 0x0D, 0x40, 0x1D, 0x10, 0x38, 0xBA, 0xE8, 0x65, 0x72, 0xF4, 0x66, 0x02, 0xB5, 0x13, 0xFC,
    0xA7, 0x13, 0x80, 0xC9, 0x8F, 0x36, 0x49, 0x40, 0x20, 0x6D, 0x5A, 0x80, 0xC8, 0xCF, 0x74, 0x40,
    0x2F, 0x1D, 0x8B, 0xF2, 0xD9, 0xD1, 0xEA, 0xB0, 0xBA, 0x6F, 0xAF, 0x4C, 0xD9, 0xFE, 0x38, 0x1B,
    0xD1, 0x79, 0xA0, 0x83, 0x5F, 0x37, 0xA7, 0x1D, 0x75, 0xFA, 0x67, 0xC5, 0x49, 0xD6, 0x61, 0x3B,
    0x16, 0x79, 0xBA, 0xDC, 0x13, 0x1A, 0xE8, 0xD2, 0x72, 0x98, 0xA9, 0xC2, 0x07, 0x5E, 0x94, 0x59,
    0x5B, 0xF4, 0x0C, 0x7C, 0x88, 0xC1, 0x05, 0x8F, 0x82, 0x63, 0x03, 0xF4, 0x0E, 0xC0, 0x36, 0xD3,
    0x16, 0x32, 0x2A, 0x1F, 0x3C, 0x3E, 0x8D, 0xB4, 0x17, 0x2B, 0x6A, 0xA9, 0xAD, 0xA9, 0xCE, 0x5F,
    0x26, 0x51, 0x82, 0x90, 0xE5, 0x57, 0xFA, 0xF6, 0xA1, 0x0F, 0xBC, 0x76, 0xD1, 0x39, 0x13, 0xCF,
    0xBA, 0xEF, 0x44, 0x07, 0x8C, 0xAC, 0xB7, 0xB3, 0x12, 0x75, 0x81, 0xE8, 0x0B, 0xFD, 0xB6, 0xAF,
    0xF4, 0x06, 0xC1, 0xDC, 0xA3, 0xB6, 0x74, 0x8D, 0x91, 0x5F, 0x49, 0xB8, 0x9F, 0xE6, 0x4F, 0x12,
    0x10, 0x2D, 0x06, 0x9A, 0xA8, 0xA2, 0x2F, 0x90, 0x19, 0xCC, 0xC0, 0xC1, 0x06, 0x1E, 0x39, 0xF9,
    0xD0, 0x89, 0xB9, 0x12, 0xC8, 0x4C, 0x52, 0x45, 0x96, 0x6B, 0x62, 0x4A, 0x31, 0x57, 0xA3, 0xE6,
    0xD2, 0x7B, 0x6D, 0xFA, 0xD8, 0xDD, 0x9E, 0xF9, 0xBD, 0xEC, 0x6E, 0xAE, 0xBE, 0x87, 0x1F, 0xE0,
    0xCE, 0x57, 0x96, 0x41, 0x9E, 0x2A, 0x0C, 0x4F, 0xD1, 0x73, 0xD4, 0x0D, 0x9E, 0xF8, 0x1D, 0x04,
    0x77, 0x0B, 0xD1, 0xD7, 0x9F, 0x26, 0x34, 0xEF, 0x4D, 0x68, 0x6F, 0x4F, 0x68, 0xB4, 0x26, 0x7F,
    0xEB, 0xC3, 0xC4, 0x1F, 0xE0, 0x91, 0x8E, 0x9F, 0x38, 0x0C, 0xDD, 0xD5, 0xC4, 0xDF, 0xCA, 0x6C,
    0x16, 0xF7, 0x47, 0x2F, 0xBA, 0x7F, 0xFA, 0x62, 0x41, 0xFE, 0xD6, 0x62, 0x71, 0x1C, 0x87, 0x52,
    0xDA, 0xA1, 0xA3, 0x2E, 0x72, 0xE0, 0xC8, 0xA3, 0x4B, 0x3E, 0x79, 0x20, 0x81, 0x7F, 0x3A, 0x81,
    0x9A, 0xBD, 0xB6, 0xC9, 0x0F, 0xE6, 0x57, 0x69, 0x6D, 0x28, 0xD9, 0xF3, 0xCC, 0xEF, 0x2D, 0x0E,
    0xAB, 0x7F, 0x0D, 0x9E, 0xE0, 0x6E, 0x5F, 0x6A, 0x5D, 0x21, 0xB6, 0xE8, 0x65, 0xBC, 0x1C, 0xD2,
    0xE6, 0x02, 0x32, 0xD9, 0xD1, 0xAF, 0x0D, 0xA8, 0x21, 0x4E, 0x04, 0x22, 0xEA, 0x22, 0xA1, 0x27,
    0x32, 0x91, 0xFC, 0x70, 0x4A, 0xE8, 0x5B, 0xD9, 0xB0, 0x41, 0x6E, 0xF4, 0x5B, 0x6C, 0x8A, 0x1A,
    0x99, 0x3A, 0x2C, 0x0D, 0x26, 0x2A, 0x5D, 0x8B, 0xF6, 0xED, 0xDA, 0x6E, 0x23, 0x3E, 0x0A, 0xA4,
    0xD6, 0xAC, 0x66, 0xA6, 0x3A, 0x37, 0x1B, 0x74, 0xED, 0xDC, 0xCE, 0x1E, 0x09, 0x89, 0x71, 0x1F,
    0x63, 0x8B, 0x97, 0xD1, 0x1F, 0x87, 0xC8, 0x06, 0x3B, 0xF2, 0xC8, 0x7A, 0x63, 0xA0, 0xF6, 0x38,
    0xA3, 0xE7, 0xCB, 0x19, 0xED, 0x92, 0xBD, 0x9C, 0xD1, 0x6A, 0xA7, 0x32, 0x44, 0xE7, 0x73, 0x99,
    0xD1, 0x7C, 0x31, 0xA3, 0xFB, 0xE5, 0x62, 0x46, 0x57, 0x43, 0xDD, 0xFB, 0x89, 0xDA, 0xB1, 0x09,
    0x10, 0x3F, 0x69, 0x92, 0xC7, 0x60, 0x93, 0x99, 0x8A, 0xEB, 0x11, 0x87, 0x70, 0xEA, 0x17, 0x94,
    0xF8, 0x94, 0x22, 0x47, 0x75, 0x67, 0xDD, 0xAC, 0xCE, 0xAD, 0x85, 0x94, 0xBE, 0xDA, 0x9C, 0x0C,
    0x5D, 0xDF, 0x5C, 0x0E, 0xBD, 0xE9, 0x47, 0x13, 0x66, 0x3F, 0x95, 0x69, 0xC2, 0xD9, 0x85, 0xB5,
    0x92, 0xA9, 0x42, 0xAB, 0x1F, 0x0A, 0xB8, 0x7B, 0xE2, 0xBA, 0x8E, 0x7E, 0x61, 0xDA, 0xFC, 0x42,
    0x8B, 0x48, 0xE4, 0xB1, 0x52, 0x7D, 0xF4, 0x36, 0xD1, 0x2E, 0x07, 0x4C, 0x9C, 0x48, 0x3A, 0x20,
    0x93, 0xFD, 0x4A, 0x66, 0xF1, 0x18, 0xDB, 0xD5, 0x63, 0x2E, 0x70, 0xAB, 0x58, 0xD4, 0x05, 0xFF,
    0xCA, 0xCA, 0x89, 0xDF, 0x5D, 0xED, 0x62, 0xDE, 0x5D, 0x0D, 0xF0, 0xEE, 0x5A, 0x03, 0xC5, 0x8D,
    0x7B, 0x7C, 0xB4, 0x52, 0x2B, 0x12, 0x51, 0xFB, 0x77, 0x04, 0x07, 0xB1, 0xAE, 0x01, 0x06, 0xDD,
    0x06, 0xC9, 0x8F, 0x2E, 0x91, 0x86, 0x0D, 0xF0, 0x6D, 0x01, 0x73, 0x67, 0x26, 0x77, 0xEB, 0xC7,
    0x33, 0x31, 0x7E, 0x3A, 0x93, 0xC1, 0x5F, 0xCD, 0x74, 0xF0, 0x45, 0x22, 0x6A, 0x10, 0x4F, 0x41,
    0x68, 0x92, 0x3E, 0xC8, 0x8F, 0x18, 0xD6, 0x1F, 0x70, 0xF0, 0x5F, 0xE6, 0xC0, 0x2B, 0x87, 0x76,
    0xE1, 0x40, 0xC4, 0xF9, 0x58, 0x0F, 0x3E, 0x1E, 0x30, 0x4A, 0x74, 0x2D, 0x33, 0xCA, 0x02, 0x2F,
    0x01, 0x24, 0xCE, 0xAD, 0xCC, 0x0F, 0x3F, 0xD8, 0x48, 0x3E, 0x80, 0x4C, 0x22, 0x16, 0x9A, 0x94,
    0x9A, 0xAC, 0x54, 0x2B, 0x0D, 0xD5, 0x5A, 0x9A, 0xB8, 0xD8, 0xE3, 0x26, 0x7A, 0xC6, 0xE8, 0x64,
    0xC0, 0x91, 0x3A, 0x64, 0x89, 0xD6, 0xC5, 0x6D, 0x56, 0xE2, 0xE3, 0x0D, 0x26, 0x3F, 0x33, 0x32,
    0x17, 0x9F, 0xBD, 0x1E, 0xE0, 0x06, 0x50, 0x01, 0x3F, 0x80, 0x03, 0xDF, 0x5B, 0x79, 0xB5, 0x58,
    0x0C, 0x5A, 0xF1, 0xB3, 0xA2, 0x8D, 0x7F, 0xA0, 0x13, 0x1A, 0x6B, 0x8D, 0x89, 0x2C, 0x4A, 0xD7,
    0x32, 0x65, 0xDC, 0x78, 0x15, 0xD4, 0x0C, 0x66, 0x5B, 0x2B, 0x85, 0x7C, 0x4F, 0xD4, 0x16, 0x1A,
    0x2E, 0x48, 0x3E, 0xEB, 0xAB, 0x41, 0x0C, 0x26, 0x1B, 0x21, 0x1A, 0x90, 0xDD, 0x96, 0x5A, 0xBB,
    0x2D, 0xBC, 0x72, 0xBB, 0xAD, 0xAE, 0x95, 0x72, 0x7B, 0xB2, 0x10, 0x22, 0x63, 0xC2, 0xD4, 0x5E,
    0xCB, 0x6D, 0xA6, 0x2A, 0xD7, 0x1B, 0xB4, 0xD7, 0xD6, 0x76, 0x76, 0xC7, 0x4D, 0x67, 0x6C, 0x70,
    0x0D, 0xFD, 0x21, 0x54, 0x37, 0x24, 0x52, 0x88, 0xF5, 0xCF, 0xB0, 0xC8, 0x94, 0xD6, 0xAD, 0x2E,
    0xB5, 0x18, 0x65, 0xAB, 0xAB, 0x71, 0x39, 0xA5, 0x39, 0x54, 0x99, 0xCC, 0x25, 0xE9, 0x45, 0x1B,
    0x9B, 0x4C, 0x36, 0x9A, 0xB9, 0x93, 0x35, 0xD0, 0x02, 0xD1, 0x61, 0xA8, 0xF6, 0xED, 0xD7, 0x3E,
    0x14, 0x17, 0x52, 0xF7, 0xFF, 0x11, 0xA3, 0x09, 0xC0, 0xCC, 0xF7, 0x81, 0xCC, 0x01, 0x37, 0x57,
    0x37, 0x78, 0x82, 0x02, 0xDF, 0x45, 0x05, 0x8B, 0x85, 0x17, 0xD9, 0x7E, 0x65, 0x3F, 0xF2, 0xE3,
    0x71, 0x4A, 0xE3, 0x74, 0x4A, 0xAF, 0xE4, 0x06, 0x9E, 0xE9, 0xA9, 0xED, 0xA0, 0xE8, 0xE3, 0x29,
    0xC8, 0xB5, 0x27, 0x88, 0x67, 0xEA, 0xFA, 0xD2, 0xCE, 0xEB, 0x4D, 0x4C, 0xB5, 0x00, 0x09, 0xFC,
    0xF1, 0xB3, 0x70, 0x13, 0xBF, 0x49, 0x05, 0x00, 0x28, 0xA4, 0x02, 0x0F, 0x89, 0x47, 0x22, 0xE2,
    0x7B, 0x28, 0xF0, 0xBE, 0xC0, 0x4F, 0x82, 0x4A, 0x66, 0x2A, 0xD7, 0x7E, 0x38, 0xF1, 0x68, 0x05,
    0xC8, 0x24, 0x3B, 0x91, 0xD5, 0x4E, 0x63, 0x2B, 0x0A, 0x1D, 0x80, 0x6D, 0x2F, 0xBE, 0xFE, 0x90,
    0x3A, 0xE0, 0x65, 0x60, 0x60, 0x60, 0xBB, 0xF9, 0xB5, 0x03, 0x26, 0x1F, 0xDE, 0xB2, 0x93, 0xC9,
    0xBE, 0xCF, 0xC5, 0x84, 0x4A, 0xA1, 0xBA, 0xA0, 0x61, 0xB1, 0xC5, 0x76, 0x2E, 0x7B, 0x4C, 0xAD,
    0x2C, 0x71, 0xCC, 0x66, 0xB2, 0x99, 0x91, 0x9A, 0x62, 0x4B, 0x8B, 0x58, 0x0F, 0xB4, 0x15, 0x83,
    0xE4, 0x22, 0x31, 0x6E, 0x23, 0x93, 0xC3, 0x1D, 0x80, 0xCE, 0xCC, 0xB7, 0x26, 0xF4, 0x6F, 0x9B,
    0x57, 0x13, 0x0F, 0x05, 0x23, 0x0F, 0xE5, 0x4A, 0xE2, 0xDE, 0xFD, 0x50, 0x73, 0x18, 0xEF, 0x4A,
    0x0E, 0xC3, 0x9C, 0x23, 0x3E, 0x47, 0x7B, 0xF1, 0x4B, 0x8B, 0x37, 0xB7, 0x30, 0x70, 0x26, 0x23,
    0x04, 0x19, 0xB4, 0xE5, 0x80, 0x41, 0xE2, 0x07, 0xE2, 0x20, 0x21, 0xC4, 0x1E, 0x45, 0x74, 0x18,
    0x0B, 0x8D, 0x6C, 0xC6, 0xB6, 0xEF, 0xD2, 0x5B, 0x5D, 0x90, 0x70, 0x62, 0xE6, 0x20, 0x11, 0xC5,
    0x84, 0xA1, 0x03, 0x7E, 0x0E, 0x48, 0x67, 0xB7, 0x31, 0x4B, 0xD7, 0x87, 0xD2, 0xF5, 0xE1, 0x22,
    0x8E, 0xE9, 0x00, 0x64, 0x7B, 0xBE, 0x56, 0x4B, 0xF7, 0x7A, 0xA6, 0xF5, 0x09, 0x31, 0xD8, 0xC1,
    0xE6, 0xAF, 0xBC, 0x68, 0x6F, 0x2E, 0xCF, 0x9F, 0x31, 0x16, 0x9F, 0x0D, 0xB2, 0x9F, 0x2A, 0x44,
    0x3F, 0x1C, 0xFC, 0x5C, 0x98, 0xDA, 0xCD, 0xF7, 0x59, 0x60, 0x8B, 0x4E, 0xAD, 0x06, 0x7D, 0xA1,
    0x15, 0x2F, 0xE9, 0x76, 0x9F, 0x39, 0x6E, 0xF3, 0x2C, 0x29, 0x99, 0xAC, 0xA4, 0x31, 0x3C, 0xC7,
    0x27, 0xB0, 0x79, 0xDE, 0xB5, 0x13, 0x3F, 0xEC, 0xB2, 0x11, 0xAF, 0xDC, 0x4D, 0xB5, 0xCC, 0xBA,
    0xBD, 0x54, 0xB8, 0x81, 0x51, 0x54, 0x9B, 0x35, 0x66, 0x70, 0xEF, 0x1C, 0x27, 0x1F, 0x87, 0x02,
    0x26, 0xA1, 0xC2, 0x3F, 0xF9, 0x78, 0xE1, 0xC5, 0xA7, 0xEC, 0x66, 0x1E, 0xBF, 0xEB, 0xC7, 0xDD,
    0x70, 0xB3, 0x28, 0xD7, 0x77, 0x93, 0xAC, 0x02, 0x9B, 0x3C, 0x10, 0xE1, 0x57, 0x02, 0xD1, 0x56,
    0xFD, 0x43, 0x92, 0x6B, 0xF2, 0x59, 0x37, 0xB9, 0x20, 0x6D, 0xF7, 0x1D, 0xA4, 0xC2, 0x68, 0x30,
    0xF3, 0xBD, 0x85, 0x31, 0xBB, 0x27, 0xC8, 0x21, 0xF2, 0x47, 0x0B, 0xFF, 0x78, 0xDF, 0x2E, 0x0F,
    0xFE, 0x41, 0x8B, 0xDE, 0x4D, 0xB2, 0x6E, 0x5B, 0x24, 0xA7, 0xEB, 0xF8, 0x16, 0x32, 0x23, 0xD8,
    0xE8, 0xDE, 0x69, 0xD6, 0x3F, 0x74, 0xB1, 0xEA, 0xBB, 0x48, 0xEA, 0x9C, 0xA4, 0x16, 0x61, 0x52,
    0xC1, 0x53, 0x3B, 0x5D, 0x5C, 0x39, 0x1C, 0x85, 0x6E, 0xE4, 0x45, 0x06, 0x2D, 0x31, 0xB6, 0x12,
    0x3B, 0x25, 0xDD, 0xC3, 0x17, 0xC6, 0x87, 0x80, 0xAC, 0x91, 0x76, 0x25, 0x27, 0x61, 0xDE, 0x4B,
    0x18, 0x30, 0x92, 0x45, 0x44, 0x42, 0x2E, 0x3C, 0x21, 0xBB, 0x95, 0x9A, 0x6B, 0xB9, 0x5A, 0x0E,
    0xD0, 0xB3, 0xCC, 0x4A, 0xC2, 0x4B, 0x41, 0x50, 0x7B, 0x0D, 0x2F, 0xE3, 0x06, 0x68, 0xEB, 0x7B,
    0xD5, 0x81, 0xFA, 0x14, 0x99, 0x1A, 0xDC, 0xD0, 0x6C, 0xD4, 0x23, 0xA1, 0xE3, 0x68, 0xA3, 0xEF,
    0xDE, 0x48, 0x2B, 0x7F, 0x98, 0xF2, 0xFF, 0xFC, 0x64, 0xCA, 0x7F, 0xF6, 0xC9, 0xB4, 0xB8, 0x4F,
    0x26, 0x6F, 0xEF, 0x24, 0xCD, 0x7A, 0x0C, 0x66, 0xEC, 0xA8, 0x0D, 0x4F, 0x52, 0x4D, 0x52, 0x0E,
    0x1A, 0x97, 0x32, 0x32, 0xDF, 0x58, 0xCF, 0x9E, 0x77, 0x6F, 0xBF, 0xC6, 0x05, 0xF9, 0xA5, 0x85,
    0x6F, 0x64, 0x43, 0xE9, 0x40, 0x44, 0x03, 0x55, 0x54, 0x8F, 0xD4, 0x04, 0x93, 0xC8, 0x14, 0x33,
    0x53, 0x37, 0x71, 0x81, 0xCC, 0x91, 0xDA, 0x5C, 0x46, 0xF2, 0xEA, 0xE2, 0xEF, 0xE0, 0xBD, 0xC5,
    0xBF, 0x71, 0x7E, 0x7F, 0x55, 0xD0, 0xB7, 0xF2, 0x41, 0xE6, 0x44, 0x26, 0xDB, 0x85, 0xFC, 0xAC,
    0x73, 0x53, 0xDD, 0x88, 0xEE, 0x91, 0x57, 0x5A, 0xC4, 0x2B, 0x2F, 0x10, 0x1D, 0x26, 0x7E, 0x40,
    0xD7, 0x2F, 0xFD, 0xC1, 0xD4, 0x09, 0xD0, 0x75, 0x40, 0x26, 0x28, 0x4F, 0x32, 0x84, 0x13, 0x23,
    0x71, 0xE2, 0xA9, 0x17, 0x20, 0xAF, 0x16, 0x8E, 0x16, 0x1A, 0x30, 0xE8, 0x78, 0x63, 0xDE, 0x94,
    0xDC, 0xB4, 0x24, 0x55, 0x93, 0x54, 0x4F, 0x52, 0x45, 0x49, 0x35, 0x25, 0x55, 0x95, 0x54, 0x39,
    0x52, 0x3D, 0x8F, 0xA8, 0x57, 0x54, 0x5F, 0x52, 0x85, 0x49, 0x35, 0x26, 0x55, 0x99, 0x36, 0x9D,
    0x55, 0xE9, 0x4D, 0x6B, 0x52, 0xB5, 0x49, 0xF5, 0xD6, 0x11, 0x39, 0x62, 0xA7, 0xA8, 0xBA, 0x53,
    0x29, 0xFC, 0x9B, 0x11, 0xE3, 0xE3, 0x78, 0xA0, 0x8A, 0x0C, 0xB5, 0x83, 0x8C, 0x91, 0x0B, 0x5D,
    0xF2, 0xDD, 0xEB, 0x49, 0xC6, 0x2E, 0xFF, 0x60, 0xAB, 0x4B, 0x19, 0x53, 0x19, 0x5B, 0x19, 0xE3,
    0xD3, 0xE8, 0xF0, 0xB0, 0x45, 0x87, 0x37, 0xCA, 0x18, 0x2E, 0x67, 0xCF, 0xBF, 0xB6, 0x8D, 0xA1,
    0xEB, 0x4F, 0xA2, 0xC3, 0xC1, 0xC6, 0x36, 0xF8, 0x6C, 0x12, 0xB2, 0x4D, 0xEB, 0x3F, 0xE3, 0x11,
    0x3D, 0x07, 0x17, 0x5D, 0xD0, 0x55, 0x93, 0x65, 0x17, 0x61, 0x71, 0x7B, 0x73, 0x97, 0x8D, 0x9E,
    0x74, 0x64, 0x76, 0xAE, 0x24, 0xA5, 0x7E, 0x07, 0x64, 0xDE, 0x43, 0x6F, 0x3F, 0xF9, 0x05, 0xF1,
    0xB9, 0x6E, 0xCA, 0xA5, 0xFA, 0x9E, 0x23, 0xFA, 0xEE, 0x24, 0x71, 0xD6, 0xA6, 0x36, 0x71, 0x66,
    0xD9, 0x82, 0xF3, 0x1F, 0x2C, 0xFC, 0xDD, 0x7A, 0xE1, 0x60, 0xB2, 0x4D, 0x5D, 0x32, 0xB3, 0x6C,
    0x4F, 0x3C, 0x3E, 0xFA, 0x1B, 0x35, 0x30, 0x92, 0xD3, 0xDF, 0x70, 0xB7, 0xB2, 0x7F, 0x7F, 0xE9,
    0xDE, 0x7F, 0x60, 0xEF, 0x4C, 0x5C, 0xE4, 0x97, 0x17, 0x7F, 0x6B, 0x71, 0xC8, 0x8C, 0xB9, 0x81,
    0x9C, 0xF3, 0x3A, 0x04, 0xC6, 0xC8, 0xAF, 0x8E, 0x12, 0xA6, 0x7A, 0x89, 0x09, 0xEA, 0x4C, 0x35,
    0xB6, 0xDC, 0xE9, 0xD0, 0x4E, 0x9C, 0x79, 0x7D, 0xED, 0xED, 0x2A, 0xB7, 0xC9, 0xFC, 0xB9, 0xC9,
    0xF5, 0x42, 0x52, 0x38, 0xFD, 0x3D, 0x93, 0x9F, 0x85, 0x5A, 0x60, 0x28, 0x64, 0x81, 0xB1, 0x10,
    0xFF, 0xF4, 0xC7, 0xB1, 0x50, 0x99, 0x79, 0xA9, 0x10, 0xDA, 0x8F, 0x94, 0x1A, 0xAC, 0x42, 0x87,
    0x75, 0x25, 0x97, 0x30, 0xD0, 0x37, 0x09, 0xC9, 0xC7, 0x36, 0xCB, 0x1A, 0x80, 0x94, 0x60, 0x95,
    0x86, 0x16, 0xE8, 0xB0, 0x12, 0xA9, 0xFF, 0xA6, 0x27, 0x11, 0x61, 0x91, 0xE1, 0xAE, 0xBF, 0x05,
    0xDF, 0x02, 0xEE, 0xDF, 0x1B, 0x58, 0x8C, 0x68, 0x10, 0x41, 0xE6, 0x97, 0xC7, 0xB1, 0x99, 0x64,
    0x28, 0x65, 0x48, 0x0D, 0x30, 0x59, 0xD9, 0xED, 0xEE, 0x7C, 0xB0, 0xBA, 0x57, 0x33, 0xDC, 0x57,
    0x9E, 0x77, 0x5A, 0x4D, 0xF6, 0x72, 0x4D, 0x3E, 0x93, 0x36, 0x3A, 0xFC, 0xD7, 0xD7, 0xDD, 0x8D,
    0x76, 0x98, 0xCB, 0xBC, 0x7A, 0xFB, 0x05, 0x7E, 0xCB, 0xCB, 0xAB, 0x4C, 0x30, 0xFE, 0xF6, 0x3E,
    0xAF, 0x24, 0xC2, 0xB7, 0xA1, 0x0B, 0x2E, 0xD8, 0x84, 0xAF, 0x7F, 0x67, 0xC2, 0x2F, 0xBD, 0x46,
    0xF4, 0x76, 0x9B, 0x43, 0xEA, 0x39, 0x3B, 0xBC, 0x9A, 0x1C, 0x4C, 0xF2, 0xFF, 0xF2, 0xBA, 0x1E,
    0xF6, 0x9E, 0x05, 0xFA, 0x03, 0xF5, 0xE6, 0xF6, 0x54, 0x5C, 0x8C, 0xC4, 0xF6, 0x37, 0x56, 0x8B,
    0xFC, 0x24, 0x24, 0x36, 0xB2, 0xBF, 0xCC, 0xFC, 0xD1, 0xDC, 0x22, 0xD2, 0x3F, 0x1A, 0x88, 0x38,
    0x68, 0xAD, 0xF0, 0x80, 0xEC, 0x76, 0xE6, 0x0C, 0x60, 0xF4, 0xE0, 0xFF, 0x4D, 0x1E, 0x81, 0x18,
    0xC3, 0x16, 0xD7, 0xBA, 0x61, 0xAB, 0x7E, 0x20, 0x83, 0x41, 0xAF, 0xFB, 0x52, 0x31, 0x1C, 0x08,
    0xC1, 0x91, 0xDF, 0xE2, 0x82, 0xBE, 0x29, 0xFD, 0x50, 0xF5, 0x3D, 0x32, 0x33, 0xD9, 0x44, 0x3C,
    0x6A, 0xD6, 0xBD, 0xAF, 0x35, 0xE0, 0x34, 0x80, 0x05, 0x18, 0x90, 0x74, 0x71, 0xBB, 0x9D, 0x71,
    0x26, 0x17, 0xBB, 0x8C, 0xA5, 0x5E, 0x80, 0x97, 0x57, 0x74, 0xB7, 0x57, 0xF7, 0xFE, 0xFD, 0xD5,
    0xE2, 0xE3, 0xB5, 0x2A, 0x95, 0xCC, 0xC7, 0x6B, 0x8D, 0xCB, 0xFA, 0xD9, 0x98, 0x18, 0x33, 0x87,
    0xB3, 0xE7, 0xF7, 0x98, 0xB8, 0xD4, 0x2F, 0x80, 0x43, 0xB7, 0x57, 0x89, 0x5A, 0x3B, 0x64, 0x69,
    0xAB, 0xA7, 0xCC, 0x27, 0xB7, 0x3B, 0x1D, 0x89, 0x6C, 0x94, 0x7A, 0x28, 0xB2, 0x1D, 0x10, 0x3C,
    0x10, 0xA4, 0x8D, 0x41, 0xDE, 0x56, 0x18, 0x7A, 0xD6, 0x88, 0xB2, 0x69, 0x33, 0xD5, 0xF2, 0x6A,
    0x5B, 0x89, 0x5B, 0x24, 0x66, 0x41, 0xDF, 0xD0, 0xD3, 0x64, 0x07, 0xB3, 0x1F, 0x86, 0x6D, 0xDA,
    0x0F, 0xC1, 0x93, 0xD7, 0x4D, 0x49, 0xF7, 0xA3, 0xA1, 0xC2, 0x43, 0xFD, 0x91, 0x46, 0x7B, 0xDB,
    0x6A, 0x29, 0xA6, 0x4F, 0x7C, 0x9E, 0xBD, 0x9E, 0x86, 0xDD, 0x47, 0xDB, 0x70, 0x8C, 0x5F, 0x00,
    0x19, 0x79, 0x49, 0xFC, 0xA8, 0xBB, 0x25, 0x55, 0xC0, 0x16, 0xE5, 0xB6, 0xD0, 0x92, 0xC9, 0xCC,
    0xDD, 0xEC, 0x74, 0x47, 0x4A, 0xCD, 0x6C, 0x96, 0x1A, 0x24, 0xAB, 0xDC, 0x4C, 0x24, 0xEE, 0x45,
    0x96, 0xE3, 0xA5, 0xE0, 0x55, 0x30, 0x72, 0x45, 0xDA, 0x88, 0x40, 0x5D, 0x6A, 0x67, 0x3D, 0x8C,
    0x99, 0xC9, 0x4C, 0x7C, 0x8E, 0x2C, 0xF1, 0x6F, 0x34, 0xAF, 0x4B, 0x20, 0x1D, 0xAA, 0xE1, 0xE9,
    0xE6, 0x34, 0xD1, 0x57, 0xE1, 0xFB, 0x73, 0x5B, 0x9A, 0x02, 0xD0, 0x8C, 0xA0, 0x94, 0xC8, 0x77,
    0xC1, 0x73, 0x97, 0xDC, 0x00, 0x93, 0x4C, 0x21, 0x6F, 0xA2, 0xC4, 0xC4, 0xE8, 0xC6, 0x2E, 0xF1,
    0xFD, 0xA5, 0xF4, 0x19, 0x4D, 0xC8, 0xF6, 0x55, 0x84, 0xBA, 0xFF, 0xEE, 0x33, 0x66, 0xB9, 0xE8,
    0x2C, 0x54, 0x37, 0x31, 0x91, 0x89, 0x35, 0x80, 0x3D, 0xA8, 0x0C, 0x45, 0x15, 0xF4, 0x2E, 0x8A,
    0x9E, 0xC7, 0xC3, 0xA2, 0xE4, 0x71, 0x64, 0xEB, 0x90, 0x06, 0x93, 0xC3, 0xD8, 0x00, 0x23, 0xD0,
    0x8B, 0xDF, 0xF2, 0xF3, 0x49, 0x86, 0xBC, 0xC6, 0x63, 0x24, 0xA5, 0x19, 0xFE, 0x17, 0xA2, 0xBD,
    0xBB, 0x87, 0xDB, 0x17, 0x91, 0xF6, 0x3F, 0x40, 0x87, 0xCC, 0xB2, 0xBA, 0xBD, 0x34, 0xFC, 0x9A,
    0x00, 0x36, 0x78, 0x76, 0xAA, 0x7B, 0xFF, 0x80, 0xDC, 0x62, 0x22, 0x40, 0x5F, 0x41, 0x37, 0x79,
    0x84, 0x7A, 0x69, 0xF2, 0x15, 0x17, 0xBB, 0x69, 0x4F, 0xB5, 0x29, 0xB9, 0xD0, 0x2C, 0xC4, 0x91,
    0x7F, 0xE9, 0xF1, 0xFF, 0x10, 0x3A, 0x48, 0xA1, 0x32, 0xC0, 0x15, 0x26, 0x92, 0xC2, 0xA3, 0xE0,
    0x93, 0x5E, 0xA9, 0xC5, 0x29, 0x11, 0xB9, 0xF8, 0x67, 0xBE, 0xA4, 0xFF, 0x24, 0xDC, 0x4F, 0x38,
    0x6C, 0x51, 0x98, 0xFB, 0x11, 0xBE, 0xBD, 0x9D, 0x6A, 0x5B, 0xFC, 0x25, 0x22, 0xD1, 0xC1, 0x05,
    0xB9, 0x97, 0x1D, 0xFC, 0xC3, 0x63, 0xDE, 0x2B, 0xC9, 0xF3, 0x15, 0x1E, 0x37, 0x97, 0x6E, 0xE3,
    0xF6, 0xFC, 0x45, 0x9E, 0xC3, 0x48, 0xA6, 0xF7, 0x29, 0x6F, 0x32, 0xC3, 0x4C, 0xF2, 0x9C, 0xA6,
    0x9D, 0x35, 0xF7, 0xBC, 0x4F, 0x5E, 0xCD, 0x7F, 0x92, 0x8D, 0x18, 0xEC, 0xA8, 0x19, 0xB2, 0xD0,
    0xCC, 0x6E, 0x78, 0x3A, 0x83, 0x78, 0x7E, 0x9B, 0xBA, 0xF4, 0xCF, 0x49, 0xCA, 0x57, 0xDB, 0x85,
    0xDE, 0x66, 0xF4, 0x19, 0x08, 0x00, 0xA2, 0xCF, 0x36, 0xD9, 0xB8, 0x05, 0x61, 0x07, 0xFF, 0x33,
    0x75, 0x2D, 0x18, 0x8A, 0x2B, 0x19, 0xDD, 0x68, 0xC5, 0x23, 0x6A, 0xEE, 0xE9, 0x01, 0x3D, 0xD7,
    0xC5, 0x17, 0xDC, 0xFC, 0x16, 0xB2, 0xFB, 0xC5, 0xC2, 0xE3, 0xFA, 0x34, 0x9D, 0x3D, 0x8B, 0xB5,
    0xF8, 0x2D, 0xFB, 0xD1, 0x31, 0xFD, 0xE2, 0x67, 0xCD, 0x6F, 0x19, 0x20, 0x4A, 0x6E, 0x90, 0xC3,
    0x5B, 0x99, 0xC3, 0xFC, 0x8D, 0x52, 0x5F, 0xE8, 0xD2, 0xF4, 0x42, 0x9B, 0xE7, 0x6F, 0x56, 0x4B,
    0xCE, 0x4F, 0xAD, 0x7E, 0xE6, 0x85, 0x13, 0x67, 0x3B, 0x9A, 0x64, 0xF6, 0xB9, 0xD7, 0x6F, 0x41,
    0x92, 0x7B, 0x63, 0x71, 0xE6, 0x45, 0xFE, 0xE2, 0x8B, 0xFC, 0x7F, 0x5E, 0x34, 0x3F, 0xF9, 0x66,
    0xF3, 0x51, 0xE6, 0x0F, 0x27, 0x7B, 0x43, 0xAD, 0xEA, 0x34, 0x96, 0xAE, 0x81, 0xEF, 0x9C, 0x26,
    0x2B, 0x2D, 0x02, 0xF6, 0x13, 0xDC, 0xC8, 0xE1, 0xB0, 0x6A, 0x02, 0xB5, 0x5A, 0x74, 0x00, 0x95,
    0xF6, 0x8B, 0x3C, 0x92, 0x34, 0xB1, 0xD3, 0x15, 0x04, 0x1F, 0xF4, 0xD7, 0xC4, 0x39, 0xCD, 0x06,
    0x0B, 0x91, 0xE4, 0x43, 0xE3, 0x63, 0x09, 0xD4, 0x11, 0xE7, 0x2B, 0x0F, 0x8E, 0x76, 0x08, 0x7C,
    0x7B, 0xB5, 0xD0, 0x74, 0x93, 0x7A, 0xE7, 0x97, 0xE5, 0x9E, 0x55, 0xA7, 0xE6, 0x91, 0x04, 0x2A,
    0x47, 0xD5, 0xC9, 0x0D, 0xAA, 0x93, 0x9F, 0xF4, 0xE7, 0xFD, 0xAA, 0xCA, 0x78, 0x7B, 0x53, 0xA9,
    0x7D, 0x47, 0x75, 0xBA, 0x1A, 0x55, 0xED, 0x7B, 0x09, 0x01, 0x97, 0x3A, 0xA5, 0x4D, 0xA7, 0xA4,
    0x3A, 0xF9, 0x1B, 0xBA, 0x2B, 0x21, 0x6D, 0x3A, 0xBD, 0x83, 0xF3, 0x85, 0x47, 0xD7, 0xAF, 0x6E,
    0x76, 0xB4, 0xBE, 0xF8, 0x02, 0xF7, 0x2B, 0xBF, 0xCA, 0xE7, 0xCB, 0xA5, 0x62, 0x07, 0x48, 0xFC,
    0x8D, 0x75, 0x0F, 0xB1, 0x46, 0xAF, 0xDE, 0x79, 0x62, 0x8C, 0xE2, 0x6F, 0xC9, 0x25, 0x3F, 0xD4,
    0x0B, 0x99, 0x42, 0x15, 0x84, 0xC6, 0x0A, 0xA3, 0x4B, 0x72, 0xFC, 0xD2, 0x1D, 0xEC, 0x1E, 0xD4,
    0x8F, 0xDD, 0x5F, 0x75, 0xFD, 0x55, 0xEB, 0x3E, 0x3E, 0xD3, 0xE3, 0xB4, 0xA5, 0x2D, 0x5C, 0xD2,
    0x53, 0x2D, 0x8F, 0x90, 0xB4, 0x80, 0xEF, 0xC1, 0xA3, 0xFF, 0xD1, 0x6A, 0xB3, 0x47, 0x6E, 0x16,
    0xAF, 0x07, 0xDC, 0x9E, 0x0A, 0xCC, 0x1B, 0x5C, 0x5A, 0xEC, 0x6B, 0xDB, 0x84, 0x55, 0x8B, 0x4D,
    0x16, 0x83, 0xA6, 0xEB, 0x17, 0xC9, 0xA9, 0x0D, 0x8D, 0xE4, 0x88, 0x7C, 0x5F, 0xCF, 0x2D, 0x92,
    0x90, 0x7D, 0x23, 0xC9, 0xC5, 0x17, 0x4D, 0x2C, 0x4D, 0xD2, 0x37, 0xCC, 0xC8, 0xC9, 0xA6, 0xB7,
    0x9C, 0x2C, 0xCA, 0xA0, 0x1B, 0x0F, 0x7A, 0x2C, 0xDA, 0xBD, 0xDF, 0x2C, 0xD6, 0x9F, 0x58, 0xEC,
    0x1E, 0x6E, 0x2E, 0x3C, 0xA0, 0x5E, 0x8B, 0xD1, 0xBA, 0x33, 0x1E, 0xD6, 0xB2, 0xBF, 0xDE, 0x5B,
    0xFE, 0x9D, 0xE4, 0x0D, 0xBD, 0x6C, 0xB3, 0x5E, 0x26, 0xAF, 0x1F, 0xF4, 0xC1, 0xC6, 0x9B, 0xD4,
    0x42, 0x0C, 0xA9, 0x8A, 0x1D, 0x47, 0x34, 0x53, 0x25, 0xC7, 0xED, 0x3F, 0x26, 0xA2, 0x36, 0xEB,
    0x6A, 0xBB, 0x78, 0x68, 0x8D, 0x95, 0xF8, 0xA1, 0xC9, 0xCF, 0x82, 0x24, 0x16, 0x23, 0x90, 0x4D,
    0x0E, 0xD7, 0xD6, 0xE3, 0xF7, 0x6A, 0xC0, 0x23, 0xC9, 0xCC, 0x6D, 0x31, 0x50, 0x83, 0x57, 0xD6,
    0xFE, 0x32, 0xB8, 0x7E, 0xA6, 0x41, 0x35, 0xE8, 0x53, 0x95, 0x27, 0xA5, 0x1F, 0x27, 0x1F, 0xB8,
    0xAB, 0xB9, 0x4B, 0xFC, 0x1F, 0xF0, 0xB5, 0xA8, 0x0E, 0xB3, 0xC6, 0x1B, 0xE2, 0xBB, 0x6B, 0xD9,
    0xA1, 0x5D, 0x36, 0x3F, 0x01, 0x7A, 0xB7, 0x76, 0x28, 0xF4, 0x65, 0x48, 0x03, 0x79, 0xC8, 0x83,
    0xFE, 0x1F, 0xD2, 0x1E, 0x92, 0xD9, 0x54, 0xAF, 0xA5, 0xA5, 0x2C, 0x06, 0x69, 0x19, 0x6A, 0xDC,
    0xF0, 0x72, 0xCC, 0x04, 0xB9, 0xC0, 0xC9, 0xCA, 0x61, 0xC6, 0x42, 0x0A, 0xB5, 0xB2, 0x88, 0x32,
    0xE9, 0xF1, 0x74, 0x24, 0x3B, 0xFE, 0x27, 0x3C, 0xF0, 0x09, 0xC8, 0xFF, 0xE2, 0x63, 0x60, 0x36,
    0x09, 0xC3, 0x15, 0x0E, 0x1E, 0xA3, 0x1B, 0xBC, 0x9E, 0x25, 0x25, 0xD2, 0xC5, 0x8F, 0x72, 0xB7,
    0x25, 0xE3, 0xEE, 0x61, 0xEC, 0xE6, 0xFA, 0x5F, 0x61, 0x26, 0xB7, 0x1A, 0xA0, 0x28, 0x80, 0x0E,
    0x77, 0x1D, 0x35, 0x4B, 0xB3, 0x6A, 0x6E, 0x5A, 0x94, 0x11, 0x2D, 0x56, 0x69, 0x12, 0x34, 0xC0,
    0xE7, 0x07, 0xD7, 0x41, 0xFE, 0xD2, 0x8B, 0xAE, 0xCD, 0x3E, 0x87, 0x5C, 0x10, 0x34, 0x78, 0x9C,
    0xD4, 0x8B, 0xFE, 0x0F, 0x4C, 0xEE, 0xE7, 0x40, 0x36, 0x11, 0xC3, 0x3F, 0x16, 0x9D, 0x1E, 0xB8,
    0x7B, 0xF8, 0xBF, 0x47, 0x2F, 0x7A, 0x5F, 0xBD, 0xA8, 0xA6, 0x91, 0xA0, 0x20, 0x69, 0x1E, 0x6A,
    0x93, 0x09, 0x36, 0xF3, 0xC8, 0xD9, 0x24, 0x7F, 0x66, 0xD2, 0xC2, 0xED, 0x94, 0x6D, 0x53, 0x6A,
    0x61, 0x6E, 0xD3, 0xD9, 0x0B, 0x26, 0x71, 0x7E, 0x34, 0xFF, 0x5B, 0x0D, 0x57, 0xCC, 0x38, 0xDB,
    0x9F, 0x67, 0x9E, 0x96, 0x6F, 0x7E, 0x75, 0xFD, 0xC6, 0xF3, 0x6B, 0x41, 0xFE, 0x6F, 0x97, 0xC9,
    0xE5, 0x03, 0x34, 0xA7, 0xD5, 0x6D, 0x39, 0x2D, 0x06, 0x6E, 0x6F, 0xB3, 0x64, 0x04, 0xE8, 0x8B,
    0xC4, 0xA9, 0xDA, 0x73, 0x5A, 0x38, 0xE6, 0xB4, 0x1A, 0x40, 0xC8, 0x29, 0xF5, 0x7E, 0xB4, 0xB3,
    0xFA, 0x1F, 0xB7, 0x3E, 0x96, 0xD3, 0x22, 0xD9, 0xFD, 0x07, 0x6A, 0xF1, 0xD2, 0x9E, 0xD3, 0xB2,
    0x98, 0x30, 0x3D, 0x51, 0xE7, 0x36, 0xB7, 0xC8, 0x75, 0xF6, 0x0A, 0x57, 0xD7, 0x76, 0xE6, 0x3F,
    0xDD, 0x67, 0xF5, 0x58, 0xE6, 0x12, 0xFA, 0xC3, 0xB6, 0xC2, 0x65, 0x4E, 0x8D, 0x7E, 0x74, 0xFB,
    0xD3, 0x8C, 0x52, 0x07, 0x93, 0xDC, 0xC8, 0x49, 0x22, 0xC7, 0xD6, 0xBE, 0x2F, 0x63, 0xA1, 0xFB,
    0x54, 0x8B, 0xAD, 0x12, 0x15, 0x8A, 0x8C, 0xEC, 0x6F, 0x4B, 0x44, 0x52, 0xBC, 0x47, 0x77, 0x7B,
    0xAA, 0x7C, 0x6F, 0x40, 0xFA, 0xDA, 0xD2, 0x02, 0xC7, 0xF3, 0x6E, 0xDA, 0x1F, 0x95, 0x8C, 0x76,
    0x02, 0x30, 0xC1, 0x7F, 0xA4, 0x09, 0xE6, 0x5F, 0x93, 0x45, 0xAF, 0x10, 0x0C, 0x26, 0x49, 0x2C,
    0xBF, 0xB4, 0x48, 0xF0, 0x49, 0xB2, 0x47, 0xF0, 0xD1, 0x8A, 0xAB, 0x09, 0xF4, 0xD7, 0xAF, 0x08,
    0xC7, 0xEA, 0xA3, 0x9D, 0xE9, 0x73, 0x06, 0x48, 0x9F, 0x01, 0xDA, 0x6D, 0xD0, 0x00, 0xC7, 0x67,
    0xF8, 0xFA, 0x6C, 0xB1, 0x22, 0x0E, 0x5D, 0xB2, 0x24, 0x16, 0x73, 0xF7, 0x50, 0x90, 0x21, 0x28,
    0x2D, 0xBA, 0x54, 0xC1, 0x97, 0x36, 0x44, 0x56, 0xDB, 0x8B, 0xD5, 0x65, 0x4A, 0x4F, 0xF4, 0xF9,
    0x38, 0x62, 0x51, 0xB5, 0x2A, 0x35, 0x1B, 0x99, 0x8D, 0xEC, 0x46, 0x6E, 0x23, 0x08, 0xBD, 0x50,
    0x2B, 0xB9, 0x3B, 0xC0, 0x9B, 0x9C, 0x3C, 0x3E, 0x05, 0x7C, 0xEA, 0xF0, 0x31, 0x20, 0x03, 0x3F,
    0xDA, 0x42, 0xC4, 0x03, 0x5D, 0x2F, 0xD4, 0x6C, 0x89, 0x4C, 0x29, 0x87, 0xFF, 0x4A, 0xD4, 0xE5,
    0xDF, 0x76, 0xFD, 0xC3, 0x52, 0x79, 0xEC, 0xB2, 0xC3, 0xF7, 0xB3, 0x07, 0x72, 0x57, 0x2A, 0x5D,
    0x57, 0xFF, 0x97, 0xF7, 0xE7, 0xDA, 0x4F, 0xD0, 0x89, 0xC1, 0x3F, 0xFF, 0x82, 0x9F, 0x37, 0xA1,
    0x06, 0x7A, 0x15, 0x74, 0xB6, 0x89, 0x60, 0xA7, 0x82, 0x9C, 0xDA, 0x9E, 0x47, 0x23, 0x02, 0xDF,
    0x45, 0x30, 0x13, 0xF1, 0xF6, 0x00, 0x68, 0x2E, 0x82, 0xC1, 0x7E, 0xE5, 0x00, 0x3F, 0x1A, 0xB9,
    0x42, 0xD4, 0x49, 0x78, 0xB0, 0xF7, 0x83, 0xD5, 0x6D, 0x3D, 0x7B, 0x60, 0xFB, 0xAD, 0x4A, 0x05,
    0x29, 0xCF, 0x1E, 0x05, 0xBA, 0x7E, 0x14, 0x0E, 0x2A, 0x68, 0xF9, 0x3C, 0x65, 0x05, 0x76, 0xCB,
    0xEC, 0x76, 0xD9, 0xAD, 0x72, 0xB4, 0x89, 0xDC, 0xBF, 0x50, 0x3B, 0x9F, 0xBC, 0xDB, 0x6C, 0x61,
    0x37, 0x4B, 0xEC, 0x76, 0x38, 0x5A, 0xC1, 0xCD, 0x4F, 0x0A, 0x9D, 0x58, 0xC0, 0xA5, 0xCF, 0xDC,
    0xBD, 0xC5, 0x40, 0x87, 0xCD, 0xAB, 0x6F, 0x9E, 0x13, 0x81, 0x97, 0xAA, 0x40, 0x22, 0x1F, 0x9D,
    0xE6, 0x24, 0xC6, 0x02, 0x4E, 0x80, 0xE8, 0xEF, 0x09, 0xBC, 0x6E, 0x61, 0x98, 0xC8, 0x1D, 0x1F,
    0x2F, 0xF7, 0xDD, 0xD8, 0x22, 0xFC, 0x81, 0x1E, 0x21, 0x88, 0xBC, 0xB4, 0x73, 0x8F, 0x7F, 0x77,
    0xFB, 0x40, 0x9A, 0x34, 0x08, 0x64, 0xB0, 0x75, 0x43, 0xC4, 0xC8, 0x62, 0x92, 0x37, 0xF5, 0xEB,
    0x66, 0x3F, 0x72, 0xBB, 0xBB, 0x12, 0x4F, 0xB9, 0x80, 0x9E, 0xB5, 0x8A, 0x2C, 0xD7, 0x4E, 0x8F,
    0xDA, 0x8F, 0xB4, 0x2F, 0x2D, 0x3C, 0x71, 0x80, 0xF7, 0x01, 0x40, 0xF0, 0x7F, 0x81, 0x20, 0xD7,
    0x4E, 0xDB, 0xB7, 0x69, 0xFB, 0x83, 0xFE, 0x51, 0x2B, 0xA9, 0x06, 0xAF, 0xC1, 0x32, 0x30, 0x9A,
    0x2D, 0x81, 0xD3, 0x77, 0x3D, 0xCF, 0x44, 0xA7, 0x0F, 0x4E, 0xFE, 0x12, 0xB3, 0x34, 0xC3, 0x20,
    0x30, 0x39, 0xF4, 0x7E, 0xE2, 0x4C, 0x36, 0x59, 0x90, 0x3F, 0x86, 0x58, 0x5B, 0x8A, 0x73, 0xA1,
    0x8B, 0xC3, 0x3A, 0x91, 0x0D, 0xE4, 0x26, 0xE2, 0x95, 0x5A, 0x7D, 0xF0, 0x4B, 0x2E, 0x90, 0xE9,
    0xE9, 0xA0, 0xFE, 0xBD, 0x05, 0xC8, 0x8E, 0xD7, 0x03, 0xDB, 0x77, 0xE3, 0xDB, 0xEE, 0x93, 0x94,
    0xD3, 0x7F, 0x9F, 0xF2, 0xF4, 0xF1, 0x24, 0xB2, 0x2B, 0xF9, 0x44, 0x3B, 0xDA, 0xD0, 0x5E, 0xEE,
    0x87, 0x54, 0x0F, 0x64, 0x22, 0xB9, 0xA9, 0x42, 0x6A, 0x31, 0xF0, 0x4A, 0x3C, 0x91, 0x09, 0x54,
    0xD1, 0x85, 0x0D, 0xAC, 0xDA, 0xE0, 0x35, 0xF2, 0x44, 0x04, 0x1F, 0x09, 0x58, 0xA9, 0xD8, 0xA0,
    0x58, 0xCD, 0xF7, 0x97, 0x36, 0x18, 0xA9, 0x55, 0x95, 0x00, 0x5A, 0x78, 0xC8, 0x76, 0xD0, 0x8C,
    0x0D, 0x75, 0x33, 0xC9, 0x2C, 0x06, 0x39, 0x0C, 0x67, 0x5D, 0x28, 0x2F, 0x8D, 0xF7, 0x25, 0x52,
    0x35, 0x7A, 0x1D, 0xE8, 0x4B, 0xE3, 0x45, 0xDB, 0x33, 0xE4, 0xE2, 0x56, 0x8E, 0xBD, 0xF5, 0x8B,
    0x7D, 0xA4, 0x37, 0xF2, 0xC3, 0x23, 0xD5, 0x01, 0xC3, 0xB1, 0x7E, 0xF6, 0xB3, 0x03, 0xA2, 0x41,
    0x66, 0xC0, 0x8D, 0xD9, 0x0F, 0x57, 0xD0, 0x93, 0xD8, 0x32, 0x90, 0x8B, 0x64, 0x67, 0x32, 0x13,
    0x55, 0x23, 0x49, 0xF9, 0x1B, 0xF8, 0x6A, 0xFC, 0x6D, 0xEA, 0x5C, 0x2A, 0x7E, 0xA6, 0x3E, 0xBE,
    0x2D, 0x95, 0xBA, 0x52, 0xE9, 0x7A, 0xA9, 0x87, 0xB7, 0x48, 0xCA, 0x93, 0xA2, 0xCA, 0xA0, 0x33,
    0xE4, 0xA0, 0xE9, 0xFD, 0x2D, 0x5A, 0xE2, 0xC8, 0x81, 0x83, 0x2D, 0xD8, 0x45, 0xE5, 0xE4, 0xC6,
    0x0E, 0xB8, 0x1C, 0xC6, 0x2F, 0x11, 0x71, 0xFF, 0x1B, 0x5E, 0x0E, 0xFB, 0x8B, 0x98, 0xE8, 0x8C,
    0x68, 0x21, 0xCA, 0xC4, 0xE2, 0x4E, 0xE4, 0x45, 0x18, 0xA9, 0xC1, 0x4C, 0x1D, 0x16, 0xE2, 0x71,
    0x4F, 0xEE, 0x0E, 0x4E, 0x6B, 0x91, 0xC9, 0x8E, 0x20, 0x83, 0x45, 0xDB, 0xD0, 0x9E, 0x4E, 0xD8,
    0x4C, 0x1F, 0x4A, 0x7B, 0xB2, 0x9A, 0x6E, 0x6F, 0x67, 0xCD, 0x48, 0x49, 0xBA, 0x91, 0x08, 0x44,
    0x3F, 0x20, 0x2D, 0xB1, 0xD4, 0xE7, 0xDF, 0xEB, 0xA9, 0xFE, 0x93, 0xFA, 0x4F, 0xA8, 0xEE, 0xE9,
    0x79, 0x7A, 0x8E, 0x0A, 0x3F, 0x2F, 0x40, 0x52, 0xFE, 0xAD, 0xE4, 0x62, 0x14, 0x48, 0x8A, 0x7E,
    0xA0, 0x4D, 0xCA, 0xE7, 0xCF, 0xE9, 0x37, 0xB6, 0x0E, 0xE8, 0xB9, 0x0F, 0x7B, 0xB1, 0x0F, 0x97,
    0x30, 0xFB, 0x2F, 0x52, 0x87, 0xA9, 0xC5, 0x74, 0xC0, 0x50, 0x5E, 0x44, 0x54, 0x64, 0xA2, 0xCD,
    0x9A, 0xC4, 0x77, 0x57, 0xC1, 0x01, 0x05, 0x5D, 0xEF, 0x9B, 0x99, 0x9C, 0x87, 0x05, 0x39, 0xC0,
    0x21, 0xC8, 0x2A, 0xEE, 0xE4, 0x91, 0xF0, 0x99, 0x09, 0x06, 0xB9, 0x5C, 0x69, 0x90, 0x58, 0x66,
    0xC5, 0xD0, 0x2E, 0x64, 0x96, 0x4A, 0xFB, 0x73, 0x30, 0x48, 0x85, 0x35, 0x03, 0x2D, 0x4C, 0xEE,
    0x3C, 0x2B, 0xFB, 0x83, 0xF4, 0xEE, 0x16, 0xD0, 0x2A, 0x13, 0x14, 0x38, 0x83, 0xCC, 0xD2, 0x0C,
    0xAC, 0x1E, 0x3D, 0xC8, 0xDF, 0x5C, 0x65, 0x2A, 0x67, 0x3E, 0xCF, 0x85, 0x1D, 0x2C, 0x66, 0xF1,
    0x61, 0x8B, 0x41, 0x74, 0x1A, 0x39, 0xA1, 0x97, 0x39, 0x2C, 0x31, 0xB5, 0x20, 0xB5, 0x58, 0x35,
    0x75, 0xD9, 0x01, 0x37, 0x91, 0x88, 0x38, 0xFA, 0x73, 0xE4, 0x2F, 0x90, 0x0B, 0xF6, 0xA7, 0x29,
    0x33, 0x95, 0xE6, 0x9F, 0xA6, 0x5C, 0xAE, 0xF5, 0xE6, 0xAF, 0x90, 0x59, 0xFA, 0xFA, 0x04, 0x93,
    0xC6, 0xBD, 0x51, 0x4E, 0xC6, 0x3E, 0x7A, 0x35, 0x1C, 0x03, 0x83, 0xB0, 0xC1, 0x2A, 0x44, 0x07,
    0x3C, 0x10, 0xF4, 0x82, 0xDB, 0x6F, 0x58, 0xFD, 0x85, 0xAD, 0x7F, 0xAF, 0xBD, 0x6F, 0x7D, 0x6F,
    0x3D, 0x6F, 0xFD, 0x7A, 0xED, 0x95, 0xB5, 0x4F, 0x0B, 0x0C, 0xDB, 0x77, 0x8F, 0xFD, 0xD0, 0xD7,
    0x9F, 0x7E, 0x53, 0xC8, 0x9B, 0xD8, 0x45, 0x25, 0x9F, 0x95, 0x00, 0xA1, 0x0F, 0x32, 0x0B, 0xDD,
    0xDF, 0xE8, 0x03, 0x60, 0xFB, 0x6C, 0x51, 0xB2, 0x93, 0x12, 0xD1, 0x91, 0x3C, 0x0C, 0xE2, 0x67,
    0x89, 0x60, 0xEE, 0xCD, 0xB4, 0x73, 0x33, 0x6F, 0x6C, 0xB1, 0x31, 0x23, 0x28, 0x3B, 0xB3, 0xB1,
    0xDF, 0xD9, 0x61, 0x63, 0x46, 0xAF, 0xDC, 0x2E, 0xA7, 0xFD, 0x28, 0xBB, 0xC2, 0x98, 0x1F, 0x67,
    0x59, 0x38, 0x24, 0xEB, 0x63, 0x20, 0x7E, 0x19, 0x89, 0xF8, 0x2A, 0x32, 0xF1, 0xB5, 0x54, 0xE0,
    0x95, 0x24, 0x12, 0xB2, 0x5C, 0x9B, 0x4A, 0x13, 0x3F, 0x16, 0x20, 0x52, 0x60, 0x3C, 0x02, 0xCE,
    0x44, 0x52, 0xB4, 0x93, 0x20, 0x16, 0x45, 0x90, 0x53, 0x5B, 0x6C, 0xA8, 0x57, 0x14, 0x97, 0xCB,
    0x96, 0x44, 0x17, 0x88, 0xF8, 0x28, 0x7E, 0x8F, 0x88, 0x96, 0xC3, 0x4A, 0x4B, 0x8B, 0xB0, 0x18,
    0xA4, 0xA5, 0x3B, 0x4F, 0x8B, 0x2D, 0xB5, 0x2B, 0xB2, 0xC1, 0xB8, 0x54, 0xE8, 0x17, 0x22, 0x92,
    0x8A, 0xF5, 0xB2, 0xFA, 0xF8, 0x77, 0x5D, 0xBB, 0xE8, 0x23, 0xB2, 0xFF, 0x00, 0xF0, 0xF7, 0xB3,
    0xF3, 0xF7, 0x67, 0x56, 0x39, 0x62, 0xF1, 0xD1, 0x26, 0x6D, 0x83, 0x50, 0xEA, 0x78, 0x59, 0xE5,
    0x00, 0x42, 0x9F, 0x1F, 0x6A, 0x67, 0x25, 0x86, 0x92, 0xC3, 0x20, 0x24, 0x1B, 0x91, 0x90, 0x51,
    0x72, 0x08, 0x27, 0x4D, 0xDA, 0x7C, 0xF2, 0x75, 0xA4, 0x5F, 0x43, 0xBA, 0xFE, 0xC9, 0xA3, 0x5F,
    0x75, 0xFB, 0xDA, 0xB6, 0x35, 0x33, 0x6F, 0x59, 0x3A, 0xCD, 0xEF, 0x74, 0xC7, 0x7F, 0x73, 0x5C,
    0x38, 0xE0, 0xF8, 0x6F, 0x8E, 0x2A, 0xDD, 0x5D, 0xAB, 0x45, 0x53, 0xC0, 0x2D, 0x26, 0x2F, 0x7E,
    0x4C, 0x57, 0xB1, 0x8B, 0x44, 0x35, 0x72, 0x81, 0x74, 0x26, 0xD2, 0xA2, 0x27, 0xB6, 0x5F, 0xFD,
    0x8F, 0x99, 0xF3, 0xE3, 0xFF, 0x98, 0x99, 0xDC, 0x09, 0x99, 0xBF, 0xC1, 0x3F, 0x66, 0x4A, 0xB1,
    0x1B, 0x01, 0x82, 0x87, 0x99, 0x4F, 0xDE, 0x11, 0xCF, 0x24, 0xC9, 0x41, 0xF4, 0x8C, 0xC0, 0x66,
    0x94, 0x17, 0x82, 0xC5, 0xD0, 0xC8, 0x84, 0x03, 0x80, 0x07, 0xD4, 0x40, 0x0B, 0x75, 0x1B, 0x0F,
    0xBC, 0x71, 0x60, 0xED, 0xD6, 0x46, 0x97, 0x84, 0x8D, 0xCE, 0x97, 0xC7, 0x99, 0xE8, 0x77, 0x89,
    0x0F, 0x88, 0xCA, 0x06, 0x4B, 0xE1, 0xA7, 0x88, 0x81, 0xDE, 0xC7, 0x33, 0xC2, 0xE8, 0x83, 0x8F,
    0xF8, 0x53, 0x88, 0x97, 0x8F, 0x2C, 0xD6, 0x4A, 0x3E, 0x76, 0x58, 0x95, 0xAB, 0xC2, 0x26, 0xC9,
    0xCE, 0x2F, 0xD7, 0xC5, 0x6E, 0xD2, 0x4E, 0xED, 0x58, 0xE2, 0xCD, 0xA3, 0x5D, 0x1B, 0xA5, 0xA3,
    0xDD, 0xE3, 0xCE, 0x7A, 0xA9, 0xC1, 0xB1, 0xC4, 0xEE, 0x42, 0x9C, 0xF9, 0x42, 0xCC, 0xD2, 0xA7,
    0x96, 0x7A, 0x71, 0x89, 0xF6, 0xB2, 0xFA, 0xF8, 0x9B, 0x45, 0xFA, 0xB5, 0xE2, 0xEF, 0x45, 0xBB,
    0x1E, 0xC5, 0x03, 0x30, 0xAA, 0x78, 0x90, 0xB5, 0x95, 0x54, 0x34, 0xD1, 0x64, 0x93, 0x37, 0xF1,
    0xA1, 0x4B, 0xF5, 0x26, 0x36, 0x40, 0xAC, 0x56, 0x15, 0xAB, 0x4B, 0x91, 0x1C, 0xC6, 0x6A, 0xDD,
    0x87, 0xC5, 0x96, 0xAB, 0xFB, 0x60, 0x75, 0xA9, 0x5E, 0x18, 0x5B, 0x59, 0xBE, 0x96, 0x2F, 0x07,
    0x76, 0xBA, 0x1C, 0xEE, 0xF1, 0x64, 0x12, 0x88, 0x3F, 0xA2, 0xED, 0x57, 0x94, 0xBB, 0x9D, 0x19,
    0x20, 0xE5, 0x49, 0x89, 0x5C, 0xFA, 0xAD, 0xCD, 0xFF, 0xDF, 0xAF, 0xC7, 0xCD, 0xC6, 0x0D, 0x2E,
    0xC4, 0xEE, 0x52, 0xD4, 0x0E, 0xD2, 0xE9, 0x58, 0x6C, 0xC3, 0xF1, 0xFB, 0xD5, 0xF4, 0xBB, 0xB9,
    0x1E, 0x45, 0x03, 0x6A, 0x66, 0x6A, 0x22, 0x31, 0xA8, 0xCB, 0xE4, 0x10, 0x1C, 0xC8, 0x77, 0xEF,
    0x00, 0xE1, 0xCC, 0x9C, 0x2F, 0x1C, 0x1D, 0x7E, 0x38, 0x9B, 0xC4, 0x78, 0x35, 0xB5, 0x73, 0x9B,
    0x4D, 0x2A, 0xAD, 0xC9, 0xA4, 0x56, 0x30, 0x77, 0x93, 0x6A, 0x98, 0x54, 0xB9, 0x20, 0xBA, 0x2C,
    0xA4, 0x71, 0xAB, 0x04, 0x35, 0xD2, 0xA3, 0x1E, 0xAC, 0x17, 0x3A, 0xEB, 0x6E, 0xE7, 0x02, 0xE7,
    0x99, 0x3C, 0x6E, 0x4D, 0xC4, 0x68, 0x13, 0x95, 0xBE, 0xF4, 0x5E, 0x47, 0xD2, 0x8C, 0x01, 0x31,
    0x86, 0x8B, 0xB0, 0x55, 0xB7, 0x81, 0xE4, 0x8B, 0x66, 0x82, 0x1D, 0xAE, 0x16, 0x64, 0x9C, 0x17,
    0x74, 0x66, 0xC3, 0xF7, 0x2E, 0xAE, 0x58, 0xDC, 0x2A, 0xD8, 0x2E, 0xD2, 0x92, 0xE8, 0x33, 0x88,
    0x47, 0xB1, 0xFA, 0xCF, 0x54, 0x2D, 0xF5, 0x2C, 0x3D, 0xCE, 0xF2, 0xF5, 0x02, 0xE6, 0xBD, 0x0D,
    0xF4, 0xAD, 0x74, 0x36, 0x53, 0xB3, 0x96, 0x26, 0x44, 0x27, 0x80, 0xF9, 0x14, 0xBE, 0x47, 0x55,
    0xD6, 0xE3, 0xE4, 0x44, 0xAD, 0x9E, 0x2E, 0xCD, 0x28, 0x77, 0xC0, 0x03, 0x71, 0x4F, 0x9E, 0xB0,
    0x12, 0x16, 0x42, 0x26, 0xA2, 0xFF, 0x22, 0x11, 0x7C, 0x95, 0x9D, 0xF4, 0xB1, 0xE1, 0x2C, 0xD8,
    0x26, 0x41, 0xB3, 0x61, 0x14, 0xB4, 0x41, 0x90, 0x37, 0xEC, 0x05, 0x3D, 0x15, 0x04, 0xC8, 0x81,
    0xB0, 0x28, 0x66, 0xC1, 0xF2, 0xEB, 0xDE, 0x8C, 0xD2, 0xA9, 0x52, 0x3D, 0x2B, 0x35, 0x93, 0x52,
    0x9B, 0x94, 0x4C, 0x54, 0xEA, 0x82, 0x92, 0xDD, 0x88, 0x07, 0x25, 0x47, 0x4A, 0x50, 0xC2, 0x5A,
    0x08, 0x23, 0xF2, 0x29, 0xED, 0xFF, 0xB1, 0x52, 0x21, 0xED, 0xE1, 0x5E, 0x93, 0x8E, 0xA0, 0x6F,
    0x2B, 0x4C, 0x64, 0x81, 0xF1, 0x73, 0x9F, 0xAD, 0x3B, 0x96, 0x67, 0x14, 0x79, 0x10, 0x84, 0x5E,
    0x76, 0x59, 0xD0, 0xA0, 0xD7, 0xB1, 0x1D, 0x75, 0x8D, 0x06, 0x41, 0x2B, 0x40, 0x4F, 0x9C, 0x26,
    0x25, 0x49, 0xEF, 0x73, 0xBB, 0xD1, 0xED, 0x4E, 0x49, 0x6F, 0x95, 0xF4, 0x5E, 0xC9, 0x45, 0x15,
    0x46, 0xC1, 0xE3, 0xED, 0x7E, 0xCE, 0xF0, 0x73, 0xF2, 0x9F, 0xFF, 0x5E, 0xD3, 0x38, 0xBA, 0xCD,
    0xD9, 0xA8, 0x69, 0x1C, 0xD2, 0x14, 0x0E, 0x7C, 0xA9, 0xE8, 0x79, 0x04, 0xD9, 0x0F, 0xB6, 0x74,
    0x5D, 0x8D, 0x49, 0x33, 0x38, 0x52, 0x5C, 0xFA, 0xED, 0xE1, 0xD7, 0x15, 0xFD, 0x5F, 0x1F, 0x67,
    0x45, 0xC4, 0x82, 0x0E, 0x78, 0xD3, 0xA5, 0x06, 0x80, 0x4F, 0xF4, 0xEC, 0xB6, 0x6B, 0x5E, 0x57,
    0x24, 0xAF, 0x58, 0x29, 0x52, 0xA3, 0xA8, 0xE5, 0xEB, 0x5F, 0xEA, 0xA9, 0x9D, 0x08, 0xE2, 0x28,
    0x56, 0x5A, 0x0B, 0x01, 0x2F, 0xE7, 0x42, 0x0B, 0xDF, 0x12, 0xCA, 0xF6, 0xD6, 0xA4, 0x17, 0x5F,
    0x49, 0x85, 0x1C, 0x8C, 0x50, 0x37, 0x9B, 0xB1, 0x90, 0xAC, 0x63, 0x25, 0x1E, 0x84, 0x58, 0x4F,
    0x3B, 0x85, 0x48, 0x69, 0x15, 0x12, 0xC7, 0x6B, 0xCF, 0x27, 0xF5, 0xBD, 0xC2, 0x0C, 0x5A, 0x85,
    0x3D, 0x6E, 0x2C, 0xC2, 0xAB, 0xBD, 0x9D, 0x85, 0x97, 0xEE, 0x7C, 0xDE, 0xAE, 0xBF, 0x9E, 0xB6,
    0x76, 0xAD, 0xB2, 0x99, 0x4D, 0x14, 0x16, 0xCF, 0xB1, 0x31, 0x6F, 0xCC, 0x18, 0xEC, 0x39, 0xB4,
    0xC3, 0x53, 0xFE, 0xFF, 0xED, 0x59, 0x21, 0xB0, 0xE4, 0x44, 0x10, 0xED, 0x6C, 0x44, 0xC4, 0x8A,
    0xE0, 0xAB, 0xA8, 0xB1, 0xB8, 0x78, 0xD5, 0x8B, 0x42, 0x20, 0xF0, 0x0A, 0xBC, 0x01, 0x6F, 0x26,
    0x55, 0xE7, 0x0B, 0xEF, 0xCE, 0x7B, 0x3F, 0xE3, 0x90, 0xE4, 0xC0, 0x17, 0x11, 0xF8, 0x1B, 0x11,
    0x11, 0xEA, 0x92, 0x3C, 0x36, 0xDB, 0xC9, 0x74, 0xE6, 0xEE, 0xFE, 0x87, 0x83, 0xE3, 0x7E, 0xED,
    0x67, 0x52, 0x75, 0xE9, 0xF7, 0xEE, 0x57, 0xED, 0xFE, 0xED, 0xF7, 0xFA, 0x75, 0x76, 0x3E, 0xD9,
    0x3F, 0x0A, 0xF4, 0x54, 0x02, 0x3F, 0x62, 0xA6, 0x1A, 0xEB, 0x75, 0x69, 0x46, 0x83, 0x0E, 0x9E,
    0xBB, 0x6A, 0x21, 0xEE, 0xD8, 0x97, 0x13, 0x99, 0x60, 0x0F, 0xA5, 0x0E, 0x2C, 0x8C, 0xBB, 0x6A,
    0x24, 0xEE, 0x9B, 0xC1, 0x84, 0xCF, 0x9C, 0xAF, 0x81, 0xDE, 0xA1, 0x2D, 0x81, 0x16, 0x0B, 0x91,
    0x1D, 0xC9, 0x0D, 0xB4, 0x5E, 0x55, 0x7B, 0x2B, 0x76, 0x5C, 0xEF, 0xC5, 0x68, 0xD7, 0x72, 0x02,
    0xD6, 0x42, 0x6E, 0xA4, 0x02, 0xBF, 0xA0, 0x3D, 0x03, 0x08, 0x06, 0xC0, 0xC4, 0xAF, 0xF0, 0x62,
    0x66, 0x0F, 0x5A, 0xB8, 0x75, 0xB4, 0x08, 0x7A, 0xB5, 0x9C, 0x66, 0x83, 0x89, 0xA7, 0x33, 0x06,
    0x37, 0x14, 0x68, 0x9D, 0x27, 0xA2, 0xF3, 0x65, 0x7D, 0x85, 0x40, 0x54, 0x0E, 0xF3, 0xF5, 0x86,
    0x79, 0xA5, 0x03, 0x39, 0xEC, 0xD7, 0x72, 0xA9, 0xA0, 0x57, 0x6F, 0x0E, 0x64, 0xE4, 0x03, 0x99,
    0x78, 0xA0, 0xFD, 0x3A, 0xCD, 0x36, 0x44, 0x42, 0x8B, 0xEB, 0x95, 0xE0, 0x41, 0x42, 0xFF, 0x4F,
    0x82, 0xFB, 0x24, 0x89, 0xC0, 0x89, 0xF4, 0x89, 0x29, 0x12, 0xBB, 0x24, 0x46, 0x3A, 0x5A, 0x8C,
    0x36, 0xD2, 0x8B, 0xD7, 0x71, 0x20, 0xE6, 0x48, 0x58, 0x48, 0x27, 0x64, 0x20, 0xBD, 0x6C, 0xF8,
    0xC0, 0xC6, 0x67, 0xBF, 0x65, 0xBF, 0xFD, 0xBE, 0x5B, 0x6D, 0x77, 0x59, 0xCB, 0x52, 0xBD, 0xBC,
    0x41, 0xD3, 0xCB, 0xBB, 0xD6, 0xC1, 0xF5, 0xEF, 0xAB, 0x44, 0xCF, 0xAA, 0x96, 0x5B, 0x35, 0x5E,
    0xAA, 0x0D, 0xB7, 0x5A, 0x60, 0xBA, 0xD5, 0x12, 0xB8, 0xD5, 0x7A, 0x84, 0x5F, 0x6B, 0x13, 0xB8,
    0x5B, 0x2B, 0x7B, 0x13, 0x6C, 0x58, 0x6B, 0x1D, 0x78, 0x10, 0xCE, 0x00, 0x10, 0xEC, 0xBE, 0x2D,
    0x7C, 0x25, 0x75, 0xEB, 0xFB, 0x28, 0x55, 0xA4, 0xA8, 0xD2, 0xDD, 0x92, 0x6E, 0x96, 0x64, 0xAF,
    0x94, 0xBA, 0x55, 0x64, 0xA7, 0x3C, 0x06, 0x29, 0xC3, 0x87, 0xE1, 0x77, 0x11, 0x16, 0x53, 0x84,
    0x15, 0x22, 0x6C, 0xE0, 0x77, 0x68, 0x11, 0x76, 0x88, 0x6F, 0xC6, 0x0D, 0x96, 0x4B, 0x39, 0xED,
    0x70, 0x3A, 0x2D, 0x9B, 0x2C, 0xD5, 0x15, 0xF2, 0xA0, 0x70, 0x97, 0xB8, 0x9A, 0x8D, 0xAA, 0xA9,
    0x72, 0x07, 0x9D, 0xC8, 0xCB, 0x15, 0x5E, 0xE4, 0x77, 0x90, 0x6A, 0xB6, 0xCA, 0x40, 0x92, 0xF5,
    0x36, 0x3C, 0xE2, 0xDF, 0xE7, 0x3A, 0x8F, 0xB5, 0x97, 0xCA, 0x41, 0xEA, 0x3B, 0xF3, 0xE8, 0xD2,
    0x79, 0xEC, 0xFE, 0xF6, 0x3C, 0x5E, 0x92, 0x79, 0xDC, 0xA4, 0x43, 0x84, 0x46, 0xA1, 0xBC, 0x80,
    0x6A, 0xA1, 0x72, 0x3C, 0xC7, 0x09, 0xC9, 0xF3, 0x48, 0x74, 0x22, 0x12, 0xEF, 0x89, 0xF3, 0xC4,
    0x77, 0xE2, 0x3A, 0xD9, 0x01, 0xE2, 0xB8, 0xCF, 0x6F, 0xFE, 0x72, 0x27, 0xF8, 0x3A, 0xB8, 0x6F,
    0x71, 0xC5, 0xBC, 0x39, 0xED, 0x35, 0xE0, 0xEB, 0x71, 0x9D, 0xE8, 0xAA, 0x25, 0x37, 0xC6, 0x7D,
    0xBD, 0xDE, 0x6B, 0xB4, 0x27, 0xA2, 0x06, 0x5D, 0xED, 0x89, 0xBF, 0xEE, 0x39, 0xAC, 0x77, 0x4C,
    0xC4, 0xF8, 0x15, 0xA0, 0x1A, 0x3F, 0x8F, 0xF0, 0xE5, 0xF2, 0x4F, 0x5E, 0x3F, 0x6F, 0xF6, 0xBF,
    0xDA, 0xEC, 0x45, 0x20, 0x17, 0xAE, 0xB5, 0x1A, 0xCE, 0xB7, 0x24, 0x29, 0x67, 0x00, 0xEB, 0xFF,
    0x03, 0xB2, 0xD9, 0x01, 0x49, 0x12, 0xEB, 0x64, 0xB3, 0x7F, 0x71, 0xCF, 0x9B, 0x3D, 0x27, 0x89,
    0xA1, 0x33, 0x36, 0xE8, 0x0A, 0xC0, 0x0B, 0xE4, 0xD7, 0x40, 0x10, 0xD8, 0x20, 0x26, 0x49, 0x8D,
    0x98, 0x24, 0xE7, 0x37, 0x31, 0x49, 0xCA, 0xAF, 0xEE, 0x77, 0xB3, 0xE7, 0x79, 0xCC, 0x9B, 0x5D,
    0x61, 0x9E, 0xC7, 0x7C, 0xB2, 0x77, 0xFF, 0xC4, 0x2C, 0x07, 0x02, 0x74, 0x91, 0x94, 0xC0, 0x10,
    0xC9, 0x79, 0xAE, 0xA7, 0x48, 0xEA, 0x50, 0xCE, 0x91, 0x98, 0x70, 0x52, 0xE5, 0x9A, 0xBE, 0x40,
    0x42, 0x6C, 0xD8, 0x49, 0x88, 0x2E, 0x93, 0x17, 0x38, 0xAC, 0xEE, 0x73, 0x72, 0xD2, 0x32, 0x54,
    0x07, 0xD2, 0x1D, 0x2D, 0x46, 0x09, 0xF9, 0xA8, 0x7E, 0x5B, 0x3E, 0x95, 0xDF, 0x32, 0xF9, 0x41,
    0x89, 0xE6, 0x98, 0xAC, 0x94, 0x03, 0x31, 0xF0, 0x4A, 0x2C, 0x82, 0x12, 0xC9, 0xB3, 0x4D, 0xD1,
    0x98, 0x68, 0xF1, 0xDB, 0x4A, 0x24, 0x05, 0x78, 0x38, 0xFC, 0xE4, 0x60, 0x0A, 0x4D, 0xB6, 0x34,
    0xDB, 0xD2, 0x74, 0x03, 0xDA, 0x7C, 0x92, 0x9C, 0x90, 0xEC, 0xB7, 0xF2, 0x31, 0xBF, 0x2D, 0xFF,
    0xD6, 0x6F, 0x17, 0x75, 0xCD, 0x3D, 0x80, 0x6A, 0x07, 0xC6, 0x6F, 0xC0, 0x06, 0xF9, 0x57, 0x60,
    0x12, 0x50, 0x02, 0x2B, 0x28, 0x6F, 0xE7, 0x4A, 0x57, 0xD0, 0xB4, 0x36, 0x70, 0x77, 0x05, 0xFC,
    0x13, 0xBC, 0x09, 0x57, 0x60, 0x00, 0x5F, 0xAF, 0xA0, 0xBE, 0x02, 0x33, 0x5E, 0x41, 0x09, 0x1B,
    0x2C, 0x7A, 0x1B, 0x4E, 0x92, 0xEA, 0x2E, 0xDC, 0x66, 0xEF, 0x7B, 0x79, 0xB0, 0x74, 0x63, 0xE1,
    0x10, 0x76, 0x01, 0x37, 0x40, 0x66, 0x07, 0xF4, 0x52, 0x7F, 0xBF, 0xA7, 0x2C, 0x95, 0x14, 0xE9,
    0xCC, 0xD6, 0x97, 0xAD, 0x2B, 0x95, 0xF4, 0x64, 0xEF, 0xC8, 0xD6, 0x0F, 0xE9, 0x06, 0x4B, 0x2F,
    0x58, 0x3A, 0xC1, 0xD2, 0x87, 0x5A, 0xBA, 0xB0, 0xF7, 0x40, 0x3B, 0x50, 0x21, 0x24, 0x9F, 0xFE,
    0x65, 0xB2, 0x1F, 0xF3, 0xF3, 0xD8, 0xB3, 0xCA, 0x2B, 0x43, 0x67, 0x44, 0x62, 0xBF, 0x84, 0xE6,
    0x15, 0xFF, 0x06, 0xCD, 0x2B, 0x7D, 0xDE, 0xD7, 0x27, 0x7E, 0x21, 0xD5, 0x9B, 0x43, 0x5E, 0x95,
    0x2F, 0x3E, 0xC2, 0x7E, 0xBC, 0xE4, 0xFD, 0xF8, 0x9C, 0xFD, 0x96, 0xFD, 0x96, 0x49, 0xFE, 0xBE,
    0x79, 0x89, 0x66, 0x13, 0x64, 0x22, 0x62, 0x00, 0x74, 0xF0, 0x58, 0x6A, 0x30, 0xD7, 0x3F, 0x8C,
    0x32, 0x2A, 0xD0, 0x6F, 0xA8, 0xC6, 0xBC, 0x21, 0x06, 0x36, 0x84, 0x0E, 0x7E, 0x43, 0xC4, 0xE2,
    0x90, 0xD3, 0x42, 0x4D, 0xBF, 0x23, 0x73, 0x40, 0x36, 0xEC, 0x3F, 0xBD, 0xA9, 0x50, 0x80, 0xB8,
    0xDB, 0xB4, 0xF6, 0xF0, 0x51, 0xE8, 0x78, 0x3C, 0x35, 0xD3, 0x2E, 0x71, 0x4F, 0xF7, 0x9F, 0x27,
    0x99, 0x34, 0x4B, 0x24, 0xED, 0x21, 0x4F, 0xCE, 0x5D, 0xA5, 0x79, 0x52, 0x0F, 0x8D, 0xE6, 0x49,
    0x05, 0x68, 0x9E, 0x9C, 0x80, 0x43, 0x9E, 0x30, 0x1E, 0xCC, 0x13, 0xF3, 0xDF, 0x9F, 0x5F, 0xE5,
    0xE7, 0xF3, 0x4C, 0x8E, 0x02, 0xA7, 0x51, 0x13, 0x4D, 0xD1, 0x6A, 0x3C, 0x09, 0xA9, 0x8E, 0x84,
    0xDC, 0xBB, 0xA4, 0xAF, 0x52, 0x97, 0xF5, 0xBC, 0xD5, 0x0F, 0xFB, 0x7B, 0x59, 0xAE, 0x36, 0xA4,
    0xC2, 0xB0, 0xF6, 0x35, 0xE9, 0x33, 0xB9, 0xA4, 0x42, 0x58, 0x32, 0xF1, 0x98, 0xC9, 0x1C, 0x29,
    0x88, 0x13, 0xDA, 0xA6, 0xE2, 0xFB, 0xC4, 0x18, 0x8D, 0x6C, 0xC7, 0x48, 0xBB, 0xC7, 0x28, 0x51,
    0xA6, 0x0F, 0x52, 0xF3, 0x4E, 0xEB, 0xEE, 0x9F, 0xBE, 0x65, 0x95, 0xB7, 0x8C, 0xF4, 0x96, 0xCD,
    0x4C, 0x42, 0x53, 0x8B, 0x4E, 0x94, 0x1A, 0x58, 0xE9, 0xB8, 0x6D, 0xD2, 0x84, 0x9A, 0x94, 0xB2,
    0x52, 0x9D, 0x99, 0x24, 0xE8, 0x9E, 0x5C, 0xFD, 0xEC, 0xE7, 0xEC, 0xE7, 0x9C, 0xCF, 0x99, 0x7E,
    0x5A, 0x6A, 0x43, 0x42, 0x79, 0x48, 0xA9, 0x1A, 0x50, 0x43, 0x35, 0xD2, 0x2A, 0xA5, 0xE4, 0xDE,
    0x4F, 0x47, 0x8D, 0x66, 0x13, 0x11, 0x2B, 0xCA, 0xE7, 0x15, 0x4F, 0x86, 0x6C, 0x48, 0x85, 0x4F,
    0x35, 0x37, 0x11, 0x1D, 0x94, 0x76, 0x09, 0x4A, 0xA2, 0x6A, 0x21, 0xA3, 0x89, 0xB4, 0xA3, 0x18,
    0x91, 0x1C, 0xB3, 0xB3, 0x96, 0x13, 0x93, 0x14, 0x85, 0xE7, 0xD0, 0xD3, 0xF4, 0x13, 0x3D, 0x39,
    0xEA, 0xB5, 0xE3, 0xAA, 0x82, 0x2A, 0xA3, 0x6A, 0xA9, 0x82, 0xE9, 0x79, 0xD4, 0x14, 0xE7, 0x5C,
    0x90, 0x89, 0x88, 0x15, 0xDD, 0xED, 0xFC, 0x66, 0x7D, 0xF3, 0xFC, 0xDE, 0x69, 0x3E, 0xEB, 0x3A,
    0xD6, 0x4D, 0xAC, 0x5B, 0x37, 0xA2, 0xE9, 0x36, 0xBA, 0x66, 0xBD, 0x71, 0x3C, 0xBF, 0xB3, 0x41,
    0xDE, 0xE3, 0xEE, 0x6E, 0x36, 0x6C, 0x8D, 0x90, 0x1E, 0x18, 0x00, 0x90, 0x4F, 0xEE, 0x00, 0xFC,
    0x09, 0xED, 0x5A, 0x31, 0x8C, 0xE3, 0x44, 0x14, 0xFD, 0x71, 0x24, 0x5C, 0x58, 0xC8, 0x2D, 0x82,
    0x62, 0x28, 0x28, 0xAE, 0x73, 0x4B, 0xF7, 0xD3, 0xD3, 0x57, 0xF4, 0x35, 0x0D, 0x25, 0x92, 0x7D,
    0xBA, 0xBE, 0xA6, 0x2F, 0xE9, 0x7B, 0xC6, 0x3D, 0x8D, 0x7B, 0x9A, 0xE1, 0x74, 0xDD, 0x15, 0x0C,
    0xC2, 0x85, 0x0F, 0x26, 0x7E, 0x8C, 0xBF, 0xED, 0xC9, 0x8C, 0xEE, 0xC2, 0xA2, 0x23, 0xEC, 0xEE,
    0x2D, 0x63, 0x65, 0xFE, 0x7B, 0x2F, 0x71, 0x3C, 0x3F, 0x7A, 0x6F, 0xAD, 0xC9, 0x64, 0x49, 0x03,
    0xC0, 0x2B, 0x2A, 0x21, 0x07, 0xA9, 0x15, 0x3B, 0x5E, 0xB1, 0xE7, 0x91, 0xFC, 0xD1, 0x98, 0xD6,
    0x2E, 0x58, 0x5B, 0x6D, 0xDE, 0x85, 0x44, 0x2B, 0x66, 0x6C, 0xED, 0x8A, 0x3C, 0x6E, 0x88, 0x5E,
    0x50, 0x6D, 0x58, 0x6E, 0x48, 0x7A, 0x47, 0xE0, 0xB4, 0xBD, 0xB2, 0x33, 0x15, 0x18, 0x03, 0x88,
    0xAE, 0x17, 0x66, 0x08, 0x73, 0x5E, 0x65, 0x99, 0x1D, 0x60, 0x36, 0x56, 0xE3, 0x2C, 0xEC, 0x13,
    0x62, 0x40, 0xD8, 0x4C, 0x18, 0xD0, 0x2F, 0x0C, 0xDF, 0x83, 0x78, 0x58, 0x58, 0x8B, 0x99, 0x1A,
    0xB3, 0xB0, 0xC6, 0x33, 0x25, 0xAC, 0x5C, 0xD8, 0x9A, 0xFD, 0x62, 0x79, 0x55, 0x5C, 0x38, 0x2C,
    0xEF, 0xD8, 0xFF, 0x3E, 0xD0, 0x2B, 0x6C, 0xC7, 0xA9, 0xDC, 0xC8, 0x99, 0x48, 0xAF, 0xCC, 0x04,
    0x06, 0x60, 0x0E, 0x27, 0xC8, 0x4B, 0x2A, 0x12, 0x13, 0x47, 0xC2, 0x5D, 0xBC, 0xA6, 0xE2, 0xDC,
    0xDA, 0x20, 0x68, 0xD6, 0xE6, 0x22, 0x70, 0x55, 0xD0, 0x4D, 0x45, 0x16, 0x6A, 0x8E, 0x04, 0x30,
    0x6C, 0xE2, 0xD0, 0x1D, 0x81, 0x71, 0x13, 0xB5, 0xA9, 0xCF, 0xB5, 0xDB, 0xC5, 0x9B, 0xD6, 0x1E,
    0xCF, 0x9B, 0x28, 0x01, 0x5B, 0xCC, 0x9B, 0x28, 0x00, 0x73, 0x08, 0x66, 0xF1, 0x22, 0x82, 0xC1,
    0x8D, 0x3F, 0x2D, 0x58, 0x5F, 0xFB, 0x0B, 0xF0, 0x25, 0x12, 0x95, 0x8B, 0xE3, 0x32, 0x96, 0x91,
    0x18, 0xE2, 0x88, 0x51, 0x24, 0x00, 0x43, 0xF1, 0x89, 0x38, 0x93, 0x8A, 0x25, 0x88, 0x13, 0xD9,
    0x45, 0xB9, 0x23, 0xE2, 0x3E, 0x4E, 0x1E, 0x35, 0xBD, 0x36, 0xB1, 0x1C, 0xFE, 0x4E, 0x12, 0x3D,
    0xB4, 0xCC, 0xB2, 0xC0, 0x10, 0xCB, 0x06, 0x2E, 0x96, 0x1A, 0x88, 0x25, 0x9E, 0xA3, 0xBB, 0xC8,
    0x62, 0xA6, 0x36, 0xB2, 0xFB, 0xE8, 0x88, 0xEF, 0x90, 0xAD, 0x4D, 0x24, 0x8F, 0xC9, 0xA5, 0xE2,
    0x98, 0xF9, 0x89, 0xD2, 0x10, 0xA6, 0x11, 0x75, 0x69, 0x80, 0x87, 0x9C, 0xE7, 0xBB, 0x65, 0xCE,
    0xF3, 0xB3, 0x24, 0xCF, 0x07, 0x97, 0xE4, 0xF9, 0x80, 0xAF, 0x93, 0x3C, 0x03, 0x49, 0x80, 0x39,
    0x95, 0x15, 0xEE, 0x23, 0xCF, 0x71, 0x94, 0x67, 0x52, 0x97, 0xC4, 0xEE, 0x2C, 0x4C, 0xC9, 0xC3,
    0xDE, 0x4B, 0x6D, 0xB4, 0x79, 0x8B, 0xD9, 0xDB, 0xAF, 0x9D, 0x32, 0xBB, 0xB8, 0xCF, 0x63, 0x60,
    0x70, 0x1B, 0x53, 0x81, 0x95, 0x81, 0x91, 0x0E, 0x8C, 0x6A, 0xF7, 0x90, 0xE3, 0x0B, 0x3F, 0xF8,
    0x55, 0xED, 0x5A, 0xFC, 0xEA, 0x34, 0xE0, 0x3E, 0xF3, 0x83, 0x1A, 0x3F, 0xE8, 0x1B, 0x3F, 0xE8,
    0x3B, 0x3F, 0xF2, 0x9A, 0xF4, 0x0E, 0x91, 0x45, 0x6C, 0x30, 0xF1, 0x18, 0x0B, 0x00, 0xE1, 0x45,
    0x15, 0x8B, 0x32, 0x16, 0xA4, 0x53, 0x21, 0xE9, 0x2A, 0xD3, 0x94, 0x19, 0x5E, 0x71, 0xE0, 0x31,
    0xCC, 0x9A, 0xF7, 0x10, 0xDE, 0x6B, 0x8F, 0x01, 0xB0, 0x91, 0x1D, 0xC1, 0x09, 0x2D, 0x78, 0x5F,
    0x6B, 0x28, 0x35, 0xA4, 0x32, 0xAF, 0xA1, 0xFE, 0xD7, 0x32, 0x44, 0x25, 0x0A, 0x6B, 0x24, 0x01,
    0x20, 0xA8, 0x35, 0x84, 0xA7, 0x20, 0xCB, 0x54, 0x92, 0x7E, 0x4B, 0xCA, 0x31, 0x95, 0xD8, 0x99,
    0x0A, 0x8C, 0x03, 0x7B, 0x6C, 0x7B, 0x66, 0x79, 0x0D, 0x05, 0x20, 0xB6, 0x3B, 0x75, 0x5A, 0xC7,
    0xCC, 0x95, 0xF0, 0x45, 0x2D, 0x85, 0xA5, 0x8C, 0xFB, 0x45, 0xB5, 0xF9, 0xF0, 0x8A, 0x34, 0xCE,
    0xE3, 0xBE, 0x8E, 0x54, 0x70, 0xFB, 0xEA, 0x51, 0x3B, 0xBA, 0xF5, 0x77, 0x02, 0x73, 0xDD, 0x99,
    0xBC, 0x07, 0x2C, 0x29, 0xDC, 0x18, 0x06, 0xF4, 0x1B, 0x93, 0x3D, 0xE0, 0x7D, 0x97, 0x77, 0x67,
    0x2A, 0xB0, 0xDB, 0xEC, 0x01, 0x67, 0x7F, 0x9F, 0xF4, 0x1E, 0x7F, 0xFE, 0x4E, 0x7F, 0x7B, 0x56,
    0x06, 0xA6, 0xFA, 0x9D, 0xB5, 0x36, 0xB8, 0xEF, 0x36, 0x56, 0x02, 0x1B, 0xAB, 0x47, 0x74, 0x2B,
    0x63, 0xC3, 0xFD, 0xC6, 0xFA, 0x46, 0xFC, 0x5D, 0x98, 0x12, 0x7F, 0xD7, 0xE7, 0x78, 0xB3, 0xAD,
    0x1D, 0x54, 0xF0, 0xA8, 0xDC, 0x59, 0x70, 0x75, 0xBC, 0x47, 0x7F, 0xB3, 0xBF, 0x07, 0x4B, 0xDA,
    0x0A, 0xAB, 0x46, 0xB5, 0xF9, 0x7B, 0x9C, 0x01, 0x08, 0x2B, 0x80, 0xDD, 0x5F, 0x60, 0xF7, 0x57,
    0xEB, 0xDD, 0xDF, 0x2F, 0xDF, 0xDF, 0x5F, 0xB7, 0xB6, 0x83, 0x9D, 0xA9, 0xC0, 0x38, 0xB0, 0x0F,
    0x77, 0x3D, 0x99, 0xFD, 0x95, 0x63, 0x0A, 0x26, 0x47, 0x52, 0xA5, 0x92, 0x83, 0x8C, 0x3D, 0x8F,
    0x8D, 0xCF, 0x5F, 0xF1, 0x1E, 0x5E, 0xE6, 0xDF, 0xC4, 0x72, 0x9E, 0xB3, 0x7C, 0x52, 0xBF, 0x89,
    0xE5, 0xDF, 0x78, 0xB3, 0xFC, 0x38, 0x95, 0x7C, 0x4A, 0x64, 0x9A, 0xF6, 0x23, 0xA6, 0x58, 0xD6,
    0x38, 0xC7, 0xB2, 0xF9, 0x0D, 0xB1, 0xE4, 0x5E, 0xF7, 0x91, 0xD4, 0x5D, 0x12, 0x15, 0x7D, 0xE2,
    0x81, 0xC7, 0xE4, 0x55, 0x8E, 0x13, 0x8A, 0x5E, 0xA5, 0xA9, 0x2B, 0x63, 0x35, 0x53, 0x1A, 0xE0,
    0x7C, 0x7F, 0xCE, 0xF2, 0x29, 0xE6, 0x39, 0xDF, 0x9F, 0xAF, 0xCB, 0x9C, 0xE7, 0x62, 0x38, 0xC4,
    0x79, 0xAE, 0x6D, 0x13, 0xE7, 0xB9, 0xFA, 0x03, 0x71, 0x9E, 0x8F, 0x40, 0x9C, 0xE7, 0x03, 0x90,
    0xE4, 0x19, 0x48, 0xF2, 0xFC, 0x6D, 0xBE, 0x3F, 0x5F, 0x93, 0x59, 0xE6, 0x3C, 0x3F, 0xF5, 0xFD,
    0xAB, 0xBC, 0xFF, 0x5C, 0xC1, 0xD0, 0xA2, 0x67, 0x49, 0x1A, 0x7A, 0xAA, 0xC5, 0xF7, 0xE6, 0x7C,
    0xC0, 0x48, 0x6C, 0x89, 0x1D, 0xB5, 0xFE, 0x49, 0x47, 0x7A, 0xA6, 0xFA, 0x4C, 0x1A, 0x43, 0x35,
    0xFB, 0x3A, 0x2D, 0xF5, 0xC5, 0xEC, 0x6B, 0xDB, 0xEB, 0xAF, 0x66, 0x62, 0xCB, 0x3F, 0xCD, 0xFE,
    0x5D, 0xB5, 0xAF, 0x35, 0xE0, 0xEB, 0x11, 0xF8, 0x59, 0xE2, 0xF4, 0xDA, 0xD7, 0x4A, 0xB8, 0xC7,
    0x7F, 0x5F, 0xE1, 0xDE, 0x51, 0xAB, 0x35, 0xAA, 0x32, 0x2B, 0x7A, 0xF9, 0x08, 0xF2, 0x09, 0xE4,
    0x03, 0x48, 0xFF, 0xD2, 0xBE, 0x74, 0x2F, 0xCD, 0x4B, 0xEF, 0xD2, 0xBA, 0x74, 0x2E, 0x8D, 0x4B,
    0xDF, 0xD2, 0xB6, 0x74, 0xBD, 0x37, 0x5D, 0xFD, 0xE3, 0xA2, 0x0D, 0xFD, 0x27, 0x0F, 0xF4, 0x1A,
    0xC3, 0xF6, 0x30, 0xCD, 0x44, 0x8F, 0xAC, 0xC0, 0xBE, 0x55, 0x88, 0x6E, 0x3B, 0x94, 0xD1, 0x06,
    0x4E, 0xFF, 0x02, 0xE8, 0x97, 0xAE, 0xD5, 0x2F, 0x27, 0x16, 0x6E, 0x70, 0xF6, 0x13, 0xAE, 0xF3,
    0xA1, 0xF7, 0x63, 0x08, 0x43, 0x9A, 0xA3, 0xC7, 0x03, 0xD5, 0x24, 0xC0, 0x10, 0x68, 0xD1, 0x2D,
    0xF0, 0xA3, 0xEA, 0x05, 0x6A, 0x81, 0x16, 0x7D, 0x74, 0x4A, 0xE5, 0xA2, 0xB7, 0xC3, 0x5E, 0x81,
    0x6A, 0xA4, 0xE5, 0x7C, 0x9C, 0xE6, 0xA6, 0x3B, 0x37, 0x9D, 0x46, 0xE7, 0x65, 0x3D, 0x91, 0x9F,
    0xCE, 0x13, 0x3F, 0x8D, 0x9F, 0xC2, 0x3F, 0xD6, 0xE7, 0xAB, 0x6D, 0x7B, 0xC4, 0x96, 0x58, 0xAA,
    0x92, 0xCA, 0x6B, 0x1D, 0x2F, 0xF7, 0x6E, 0x6D, 0x9E, 0x66, 0xDD, 0xEE, 0x93, 0xA3, 0x54, 0x2C,
    0x55, 0x49, 0x2D, 0xA5, 0x92, 0x96, 0x7A, 0x6F, 0x77, 0x92, 0xFB, 0x98, 0xE8, 0x06, 0x85, 0x88,
    0xED, 0xA3, 0x84, 0x4F, 0x7F, 0x10, 0xE0, 0x59, 0x00, 0x0B, 0x3C, 0x2B, 0x04, 0xF8, 0x05, 0x70,
    0x62, 0x0B, 0x00, 0x73, 0x6B, 0x19, 0xBF, 0xAF, 0x91, 0x37, 0xDA, 0x03, 0xE9, 0xFE, 0xA0, 0x3D,
    0x54, 0x44, 0x05, 0xD6, 0x8B, 0x7D, 0xB4, 0x02, 0x5D, 0xFF, 0x9B, 0x69, 0xD0, 0x91, 0x7E, 0x43,
    0x15, 0x06, 0x2A, 0x80, 0xF1, 0x00, 0x74, 0x0A, 0x8E, 0x6A, 0x00, 0x04, 0x58, 0x8F, 0xD4, 0x00,
    0xE8, 0x34, 0x5C, 0x09, 0xF4, 0xCD, 0x54, 0x62, 0xF8, 0xBC, 0x39, 0x17, 0x05, 0xCC, 0x71, 0xA0,
    0x65, 0x36, 0x10, 0x69, 0xBB, 0x46, 0xF0, 0x88, 0xED, 0x63, 0xF0, 0xC2, 0x4F, 0x92, 0x47, 0x5F,
    0x84, 0x37, 0x53, 0xCC, 0x93, 0x73, 0x4E, 0xD4, 0x2E, 0xCF, 0x77, 0xC4, 0xB6, 0x1A, 0x48, 0x66,
    0xEF, 0x09, 0xB6, 0xF5, 0x73, 0xA1, 0x6B, 0xE1, 0x61, 0xD0, 0x08, 0x47, 0xE7, 0xF9, 0xEC, 0xC7,
    0x9F, 0x00, 0xC8, 0xE3, 0xD4, 0x00, 0xCF, 0x3D, 0x90, 0x7E, 0x8D, 0xAE, 0xF0, 0xD8, 0xA0, 0x4B,
    0x96, 0xA7, 0xB7, 0xE7, 0x6C, 0x63, 0xDE, 0xDA, 0x0B, 0xE7, 0x31, 0x9C, 0x6D, 0xF9, 0xDD, 0xFF,
    0x21, 0xDE, 0x97, 0x17, 0x1E, 0x2D, 0x49, 0x27, 0xFA, 0x0B,
};

static const EpdGlyph myanmar_16_boldGlyphs[] = {
    { 35, 19, 592, 1, 18, 167, 0 }, // U+1000
    { 21, 18, 373, 1, 18, 95, 167 }, // U+1001
    { 21, 19, 367, 1, 18, 100, 262 }, // U+1002
    { 35, 18, 592, 1, 18, 158, 362 }, // U+1003
    { 20, 18, 352, 1, 18, 90, 520 }, // U+1004
    { 21, 18, 372, 1, 18, 95, 610 }, // U+1005
    { 35, 18, 593, 1, 18, 158, 705 }, // U+1006
    { 22, 18, 372, 1, 18, 99, 863 }, // U+1007
    { 27, 33, 488, 1, 18, 223, 962 }, // U+1008
    { 33, 33, 352, 2, 18, 273, 1185 }, // U+1009
    { 33, 33, 580, 2, 18, 273, 1458 }, // U+100A
    { 22, 33, 362, 1, 18, 182, 1731 }, // U+100B
    { 19, 33, 352, 1, 18, 157, 1913 }, // U+100C
    { 21, 33, 362, 2, 18, 174, 2070 }, // U+100D
    { 21, 18, 380, 1, 18, 95, 2244 }, // U+100E
    { 43, 18, 722, 1, 18, 194, 2339 }, // U+100F
    { 35, 18, 591, 1, 18, 158, 2533 }, // U+1010
    { 35, 18, 592, 1, 18, 158, 2691 }, // U+1011
    { 21, 18, 355, 0, 18, 95, 2849 }, // U+1012
    { 21, 18, 372, 1, 18, 95, 2944 }, // U+1013
    { 18, 33, 299, 0, 18, 149, 3039 }, // U+1014
    { 21, 19, 372, 1, 19, 100, 3188 }, // U+1015
    { 21, 19, 372, 1, 19, 100, 3288 }, // U+1016
    { 21, 18, 374, 1, 18, 95, 3388 }, // U+1017
    { 35, 18, 592, 1, 18, 158, 3483 }, // U+1018
    { 21, 19, 372, 1, 19, 100, 3641 }, // U+1019
    { 35, 18, 592, 1, 18, 158, 3741 }, // U+101A
    { 24, 33, 372, 1, 18, 198, 3899 }, // U+101B
    { 35, 18, 592, 1, 18, 158, 4097 }, // U+101C
    { 21, 18, 372, 1, 18, 95, 4255 }, // U+101D
    { 35, 18, 594, 1, 18, 158, 4350 }, // U+101E
    { 35, 18, 591, 1, 18, 158, 4508 }, // U+101F
    { 19, 33, 362, 1, 18, 157, 4666 }, // U+1020
    { 32, 18, 541, 0, 18, 144, 4823 }, // U+1021
    { 34, 18, 589, 1, 18, 153, 4967 }, // U+1022
    { 34, 34, 580, 1, 18, 289, 5120 }, // U+1023
    { 43, 48, 743, 1, 33, 516, 5409 }, // U+1024
    { 19, 33, 354, 2, 18, 157, 5925 }, // U+1025
    { 19, 47, 354, 2, 32, 224, 6082 }, // U+1026
    { 19, 18, 336, 1, 18, 86, 6306 }, // U+1027
    { 21, 33, 407, 2, 18, 174, 6392 }, // U+1028
    { 45, 48, 756, 2, 33, 540, 6566 }, // U+1029
    { 80, 48, 1328, 1, 33, 960, 7106 }, // U+102A
    { 18, 33, 169, -10, 33, 149, 8066 }, // U+102B
    { 18, 18, 218, -6, 18, 81, 8215 }, // U+102C
    { 14, 12, 0, -17, 32, 42, 8296 }, // U+102D
    { 14, 12, 0, -17, 32, 42, 8338 }, // U+102E
    { 9, 14, 0, -13, -1, 32, 8380 }, // U+102F
    { 14, 14, 0, -14, -1, 49, 8412 }, // U+1030
    { 19, 18, 337, 1, 18, 86, 8461 }, // U+1031
    { 10, 10, 0, -14, 31, 25, 8547 }, // U+1032
    { 15, 12, 0, -18, 32, 45, 8572 }, // U+1033
    { 11, 10, 0, -17, 31, 28, 8617 }, // U+1034
    { 13, 12, 0, -17, 32, 39, 8645 }, // U+1035
    { 9, 8, 0, -15, 28, 18, 8684 }, // U+1036
    { 9, 8, 0, -15, -2, 18, 8702 }, // U+1037
    { 9, 18, 204, 2, 18, 41, 8720 }, // U+1038
    { 13, 11, 0, -17, -3, 36, 8761 }, // U+1039
    { 12, 13, 0, -17, 33, 39, 8797 }, // U+103A
    { 15, 34, 165, -7, 18, 128, 8836 }, // U+103B
    { 30, 48, 177, 2, 33, 360, 8964 }, // U+103C
    { 15, 13, 0, -18, -1, 49, 9324 }, // U+103D
    { 9, 14, 0, -17, -1, 32, 9373 }, // U+103E
    { 48, 18, 813, 1, 18, 216, 9405 }, // U+103F
    { 20, 18, 355, 1, 18, 90, 9621 }, // U+1040
    { 19, 18, 333, 1, 18, 86, 9711 }, // U+1041
    { 21, 33, 388, 1, 18, 174, 9797 }, // U+1042
    { 19, 33, 333, 1, 18, 157, 9971 }, // U+1043
    { 19, 33, 333, 1, 18, 157, 10128 }, // U+1044
    { 21, 33, 407, 2, 18, 174, 10285 }, // U+1045
    { 21, 33, 407, 2, 33, 174, 10459 }, // U+1046
    { 19, 33, 346, 1, 18, 157, 10633 }, // U+1047
    { 20, 19, 355, 1, 18, 95, 10790 }, // U+1048
    { 21, 33, 407, 2, 18, 174, 10885 }, // U+1049
    { 6, 18, 163, 2, 18, 27, 11059 }, // U+104A
    { 13, 18, 280, 2, 18, 59, 11086 }, // U+104B
    { 19, 48, 362, 2, 33, 228, 11145 }, // U+104C
    { 30, 48, 541, 1, 33, 360, 11373 }, // U+104D
    { 19, 33, 352, 1, 18, 157, 11733 }, // U+104E
    { 40, 33, 688, 1, 33, 330, 11890 }, // U+104F
    { 21, 19, 367, 1, 18, 100, 12220 }, // U+1050
    { 21, 19, 372, 1, 19, 100, 12320 }, // U+1051
    { 21, 18, 371, 1, 18, 95, 12420 }, // U+1052
    { 21, 18, 363, 1, 18, 95, 12515 }, // U+1053
    { 19, 18, 337, 1, 18, 86, 12610 }, // U+1054
    { 20, 18, 354, 1, 18, 90, 12696 }, // U+1055
    { 17, 18, 201, -6, 18, 77, 12786 }, // U+1056
    { 19, 18, 211, -7, 18, 86, 12863 }, // U+1057
    { 15, 14, 0, -18, -1, 53, 12949 }, // U+1058
    { 14, 14, 0, -18, -1, 49, 13002 }, // U+1059
    { 19, 33, 333, 1, 18, 157, 13051 }, // U+105A
    { 26, 33, 488, 1, 18, 215, 13208 }, // U+105B
    { 21, 18, 365, 1, 18, 95, 13423 }, // U+105C
    { 20, 34, 355, 1, 19, 170, 13518 }, // U+105D
    { 18, 14, 0, -20, -1, 63, 13688 }, // U+105E
    { 17, 14, 0, -19, -1, 60, 13751 }, // U+105F
    { 15, 14, 0, -19, -1, 53, 13811 }, // U+1060
    { 21, 33, 394, 1, 18, 174, 13864 }, // U+1061
    { 9, 18, 181, 0, 18, 41, 14038 }, // U+1062
    { 19, 33, 352, 2, 18, 157, 14079 }, // U+1063
    { 14, 18, 226, 0, 18, 63, 14236 }, // U+1064
    { 20, 18, 372, 2, 18, 90, 14299 }, // U+1065
    { 20, 33, 355, 1, 18, 165, 14389 }, // U+1066
    { 13, 18, 237, 0, 18, 59, 14554 }, // U+1067
    { 12, 29, 214, 0, 29, 87, 14613 }, // U+1068
    { 13, 18, 244, 1, 18, 59, 14700 }, // U+1069
    { 13, 18, 242, 0, 18, 59, 14759 }, // U+106A
    { 13, 18, 242, 0, 18, 59, 14818 }, // U+106B
    { 13, 18, 242, 2, 18, 59, 14877 }, // U+106C
    { 13, 18, 244, 1, 18, 59, 14936 }, // U+106D
    { 43, 19, 721, 1, 18, 205, 14995 }, // U+106E
    { 34, 33, 582, 1, 18, 281, 0 }, // U+106F
    { 34, 33, 574, 1, 18, 281, 281 }, // U+1070
    { 21, 8, 0, -21, 30, 42, 562 }, // U+1071
    { 13, 12, 0, -17, 32, 39, 604 }, // U+1072
    { 20, 13, 0, -20, 33, 65, 643 }, // U+1073
    { 20, 13, 0, -20, 33, 65, 708 }, // U+1074
    { 21, 18, 375, 1, 18, 95, 773 }, // U+1075
    { 21, 18, 373, 1, 18, 95, 868 }, // U+1076
    { 22, 19, 373, 0, 18, 105, 963 }, // U+1077
    { 35, 18, 592, 1, 18, 158, 1068 }, // U+1078
    { 35, 18, 592, 1, 18, 158, 1226 }, // U+1079
    { 33, 33, 572, 1, 18, 273, 1384 }, // U+107A
    { 35, 18, 593, 1, 18, 158, 1657 }, // U+107B
    { 34, 18, 588, 1, 18, 153, 1815 }, // U+107C
    { 34, 18, 586, 1, 18, 153, 1968 }, // U+107D
    { 32, 33, 555, 1, 18, 264, 2121 }, // U+107E
    { 21, 19, 372, 1, 19, 100, 2385 }, // U+107F
    { 35, 18, 590, 1, 18, 158, 2485 }, // U+1080
    { 20, 33, 355, 1, 18, 165, 2643 }, // U+1081
    { 14, 15, 0, -15, 0, 53, 2808 }, // U+1082
    { 13, 33, 181, 0, 18, 108, 2861 }, // U+1083
    { 19, 18, 322, 1, 18, 86, 2969 }, // U+1084
    { 13, 12, 0, -17, 32, 39, 3055 }, // U+1085
    { 11, 12, 0, -14, 32, 33, 3094 }, // U+1086
    { 9, 13, 216, 2, 8, 30, 3127 }, // U+1087
    { 9, 23, 205, 2, 18, 52, 3157 }, // U+1088
    { 9, 8, 205, 2, 8, 18, 3209 }, // U+1089
    { 13, 18, 243, 2, 18, 59, 3227 }, // U+108A
    { 9, 8, 205, 2, 13, 18, 3286 }, // U+108B
    { 20, 8, 388, 2, 13, 40, 3304 }, // U+108C
    { 17, 3, 0, -20, -3, 13, 3344 }, // U+108D
    { 21, 18, 372, 1, 18, 95, 3357 }, // U+108E
    { 9, 23, 205, 2, 18, 52, 3452 }, // U+108F
    { 21, 33, 407, 2, 18, 174, 3504 }, // U+1090
    { 20, 35, 344, 1, 19, 175, 3678 }, // U+1091
    { 20, 33, 369, 2, 18, 165, 3853 }, // U+1092
    { 23, 33, 391, 0, 18, 190, 4018 }, // U+1093
    { 26, 34, 399, 0, 18, 221, 4208 }, // U+1094
    { 24, 33, 397, 1, 18, 198, 4429 }, // U+1095
    { 24, 33, 390, 1, 18, 198, 4627 }, // U+1096
    { 19, 33, 296, 0, 18, 157, 4825 }, // U+1097
    { 20, 34, 355, 1, 19, 170, 4982 }, // U+1098
    { 20, 34, 355, 1, 18, 170, 5152 }, // U+1099
    { 9, 8, 205, 2, 18, 18, 5322 }, // U+109A
    { 9, 13, 216, 2, 31, 30, 5340 }, // U+109B
    { 13, 18, 243, 2, 18, 59, 5370 }, // U+109C
    { 19, 20, 0, -21, 33, 95, 5429 }, // U+109D
    { 14, 44, 214, 0, 29, 154, 5524 }, // U+109E
    { 30, 48, 540, 1, 33, 360, 5678 }, // U+109F
    { 0, 0, 0, 0, 0, 0, 0 }, // U+200C
    { 0, 0, 0, 0, 0, 0, 0 }, // U+200D
    { 18, 16, 317, 1, 18, 72, 0 }, // U+25CC
    { 14, 24, 320, 3, 24, 84, 72 }, // U+F0000
    { 0, 0, 139, 0, 0, 0, 156 }, // U+F0001
    { 35, 19, 592, 1, 18, 167, 156 }, // U+F0002
    { 21, 18, 373, 1, 18, 95, 323 }, // U+F0003
    { 21, 19, 367, 1, 18, 100, 418 }, // U+F0004
    { 35, 18, 592, 1, 18, 158, 518 }, // U+F0005
    { 20, 18, 352, 1, 18, 90, 676 }, // U+F0006
    { 21, 18, 372, 1, 18, 95, 766 }, // U+F0007
    { 35, 18, 593, 1, 18, 158, 861 }, // U+F0008
    { 22, 18, 372, 1, 18, 99, 1019 }, // U+F0009
    { 27, 33, 488, 1, 18, 223, 1118 }, // U+F000A
    { 33, 33, 352, 2, 18, 273, 1341 }, // U+F000B
    { 33, 33, 580, 2, 18, 273, 1614 }, // U+F000C
    { 22, 33, 362, 1, 18, 182, 1887 }, // U+F000D
    { 19, 33, 352, 1, 18, 157, 2069 }, // U+F000E
    { 21, 33, 362, 2, 18, 174, 2226 }, // U+F000F
    { 21, 18, 380, 1, 18, 95, 2400 }, // U+F0010
    { 43, 18, 722, 1, 18, 194, 2495 }, // U+F0011
    { 35, 18, 591, 1, 18, 158, 2689 }, // U+F0012
    { 35, 18, 592, 1, 18, 158, 2847 }, // U+F0013
    { 21, 18, 355, 0, 18, 95, 3005 }, // U+F0014
    { 21, 18, 372, 1, 18, 95, 3100 }, // U+F0015
    { 18, 33, 299, 0, 18, 149, 3195 }, // U+F0016
    { 21, 19, 372, 1, 19, 100, 3344 }, // U+F0017
    { 21, 19, 372, 1, 19, 100, 3444 }, // U+F0018
    { 21, 18, 374, 1, 18, 95, 3544 }, // U+F0019
    { 35, 18, 592, 1, 18, 158, 3639 }, // U+F001A
    { 21, 19, 372, 1, 19, 100, 3797 }, // U+F001B
    { 35, 18, 592, 1, 18, 158, 3897 }, // U+F001C
    { 24, 33, 372, 1, 18, 198, 4055 }, // U+F001D
    { 35, 18, 592, 1, 18, 158, 4253 }, // U+F001E
    { 21, 18, 372, 1, 18, 95, 4411 }, // U+F001F
    { 35, 18, 594, 1, 18, 158, 4506 }, // U+F0020
    { 35, 18, 591, 1, 18, 158, 4664 }, // U+F0021
    { 19, 33, 362, 1, 18, 157, 4822 }, // U+F0022
    { 32, 18, 541, 0, 18, 144, 4979 }, // U+F0023
    { 34, 18, 589, 1, 18, 153, 5123 }, // U+F0024
    { 34, 34, 580, 1, 18, 289, 5276 }, // U+F0025
    { 43, 48, 743, 1, 33, 516, 5565 }, // U+F0026
    { 19, 33, 354, 2, 18, 157, 6081 }, // U+F0027
    { 19, 47, 354, 2, 32, 224, 6238 }, // U+F0028
    { 19, 18, 336, 1, 18, 86, 6462 }, // U+F0029
    { 21, 33, 407, 2, 18, 174, 6548 }, // U+F002A
    { 45, 48, 756, 2, 33, 540, 6722 }, // U+F002B
    { 80, 48, 1328, 1, 33, 960, 7262 }, // U+F002C
    { 30, 48, 177, 2, 33, 360, 8222 }, // U+F002D
    { 15, 13, 0, -18, -1, 49, 8582 }, // U+F002E
    { 48, 18, 813, 1, 18, 216, 8631 }, // U+F002F
    { 20, 18, 355, 1, 18, 90, 8847 }, // U+F0030
    { 19, 18, 333, 1, 18, 86, 8937 }, // U+F0031
    { 21, 33, 388, 1, 18, 174, 9023 }, // U+F0032
    { 19, 33, 333, 1, 18, 157, 9197 }, // U+F0033
    { 19, 33, 333, 1, 18, 157, 9354 }, // U+F0034
    { 21, 33, 407, 2, 18, 174, 9511 }, // U+F0035
    { 21, 33, 407, 2, 33, 174, 9685 }, // U+F0036
    { 19, 33, 346, 1, 18, 157, 9859 }, // U+F0037
    { 20, 19, 355, 1, 18, 95, 10016 }, // U+F0038
    { 21, 33, 407, 2, 18, 174, 10111 }, // U+F0039
    { 6, 18, 163, 2, 18, 27, 10285 }, // U+F003A
    { 13, 18, 280, 2, 18, 59, 10312 }, // U+F003B
    { 19, 48, 362, 2, 33, 228, 10371 }, // U+F003C
    { 30, 48, 541, 1, 33, 360, 10599 }, // U+F003D
    { 19, 33, 352, 1, 18, 157, 10959 }, // U+F003E
    { 40, 33, 688, 1, 33, 330, 11116 }, // U+F003F
    { 21, 19, 367, 1, 18, 100, 11446 }, // U+F0040
    { 21, 19, 372, 1, 19, 100, 11546 }, // U+F0041
    { 21, 18, 371, 1, 18, 95, 11646 }, // U+F0042
    { 21, 18, 363, 1, 18, 95, 11741 }, // U+F0043
    { 19, 18, 337, 1, 18, 86, 11836 }, // U+F0044
    { 20, 18, 354, 1, 18, 90, 11922 }, // U+F0045
    { 17, 18, 201, -6, 18, 77, 12012 }, // U+F0046
    { 19, 18, 211, -7, 18, 86, 12089 }, // U+F0047
    { 15, 14, 0, -18, -1, 53, 12175 }, // U+F0048
    { 14, 14, 0, -18, -1, 49, 12228 }, // U+F0049
    { 19, 33, 333, 1, 18, 157, 12277 }, // U+F004A
    { 26, 33, 488, 1, 18, 215, 12434 }, // U+F004B
    { 21, 18, 365, 1, 18, 95, 12649 }, // U+F004C
    { 20, 34, 355, 1, 19, 170, 12744 }, // U+F004D
    { 18, 14, 0, -20, -1, 63, 12914 }, // U+F004E
    { 17, 14, 0, -19, -1, 60, 12977 }, // U+F004F
    { 15, 14, 0, -19, -1, 53, 13037 }, // U+F0050
    { 21, 33, 394, 1, 18, 174, 13090 }, // U+F0051
    { 9, 18, 181, 0, 18, 41, 13264 }, // U+F0052
    { 19, 33, 352, 2, 18, 157, 13305 }, // U+F0053
    { 14, 18, 226, 0, 18, 63, 13462 }, // U+F0054
    { 20, 18, 372, 2, 18, 90, 13525 }, // U+F0055
    { 20, 33, 355, 1, 18, 165, 13615 }, // U+F0056
    { 13, 18, 237, 0, 18, 59, 13780 }, // U+F0057
    { 12, 29, 214, 0, 29, 87, 13839 }, // U+F0058
    { 13, 18, 244, 1, 18, 59, 13926 }, // U+F0059
    { 13, 18, 242, 0, 18, 59, 13985 }, // U+F005A
    { 13, 18, 242, 0, 18, 59, 14044 }, // U+F005B
    { 13, 18, 242, 2, 18, 59, 14103 }, // U+F005C
    { 13, 18, 244, 1, 18, 59, 14162 }, // U+F005D
    { 43, 19, 721, 1, 18, 205, 14221 }, // U+F005E
    { 34, 33, 582, 1, 18, 281, 14426 }, // U+F005F
    { 34, 33, 574, 1, 18, 281, 14707 }, // U+F0060
    { 21, 8, 0, -21, 30, 42, 14988 }, // U+F0061
    { 13, 12, 0, -17, 32, 39, 15030 }, // U+F0062
    { 20, 13, 0, -20, 33, 65, 15069 }, // U+F0063
    { 20, 13, 0, -20, 33, 65, 15134 }, // U+F0064
    { 21, 18, 375, 1, 18, 95, 15199 }, // U+F0065
    { 21, 18, 373, 1, 18, 95, 0 }, // U+F0066
    { 22, 19, 373, 0, 18, 105, 95 }, // U+F0067
    { 35, 18, 592, 1, 18, 158, 200 }, // U+F0068
    { 35, 18, 592, 1, 18, 158, 358 }, // U+F0069
    { 33, 33, 572, 1, 18, 273, 516 }, // U+F006A
    { 35, 18, 593, 1, 18, 158, 789 }, // U+F006B
    { 34, 18, 588, 1, 18, 153, 947 }, // U+F006C
    { 34, 18, 586, 1, 18, 153, 1100 }, // U+F006D
    { 32, 33, 555, 1, 18, 264, 1253 }, // U+F006E
    { 21, 19, 372, 1, 19, 100, 1517 }, // U+F006F
    { 35, 18, 590, 1, 18, 158, 1617 }, // U+F0070
    { 20, 33, 355, 1, 18, 165, 1775 }, // U+F0071
    { 14, 15, 0, -15, 0, 53, 1940 }, // U+F0072
    { 13, 33, 181, 0, 18, 108, 1993 }, // U+F0073
    { 19, 18, 322, 1, 18, 86, 2101 }, // U+F0074
    { 13, 12, 0, -17, 32, 39, 2187 }, // U+F0075
    { 11, 12, 0, -14, 32, 33, 2226 }, // U+F0076
    { 9, 13, 216, 2, 8, 30, 2259 }, // U+F0077
    { 9, 23, 205, 2, 18, 52, 2289 }, // U+F0078
    { 9, 8, 205, 2, 8, 18, 2341 }, // U+F0079
    { 13, 18, 243, 2, 18, 59, 2359 }, // U+F007A
    { 9, 8, 205, 2, 13, 18, 2418 }, // U+F007B
    { 20, 8, 388, 2, 13, 40, 2436 }, // U+F007C
    { 17, 3, 0, -20, -3, 13, 2476 }, // U+F007D
    { 21, 18, 372, 1, 18, 95, 2489 }, // U+F007E
    { 9, 23, 205, 2, 18, 52, 2584 }, // U+F007F
    { 21, 33, 407, 2, 18, 174, 2636 }, // U+F0080
    { 20, 35, 344, 1, 19, 175, 2810 }, // U+F0081
    { 20, 33, 369, 2, 18, 165, 2985 }, // U+F0082
    { 23, 33, 391, 0, 18, 190, 3150 }, // U+F0083
    { 26, 34, 399, 0, 18, 221, 3340 }, // U+F0084
    { 24, 33, 397, 1, 18, 198, 3561 }, // U+F0085
    { 24, 33, 390, 1, 18, 198, 3759 }, // U+F0086
    { 19, 33, 296, 0, 18, 157, 3957 }, // U+F0087
    { 20, 34, 355, 1, 19, 170, 4114 }, // U+F0088
    { 20, 34, 355, 1, 18, 170, 4284 }, // U+F0089
    { 9, 8, 205, 2, 18, 18, 4454 }, // U+F008A
    { 9, 13, 216, 2, 31, 30, 4472 }, // U+F008B
    { 13, 18, 243, 2, 18, 59, 4502 }, // U+F008C
    { 19, 20, 0, -21, 33, 95, 4561 }, // U+F008D
    { 14, 44, 214, 0, 29, 154, 4656 }, // U+F008E
    { 30, 48, 540, 1, 33, 360, 4810 }, // U+F008F
    { 31, 33, 177, -10, 33, 256, 5170 }, // U+F0090
    { 12, 13, 0, -17, 33, 39, 5426 }, // U+F0091
    { 18, 14, 0, -19, -1, 63, 5465 }, // U+F0092
    { 23, 14, 0, -22, -1, 81, 5528 }, // U+F0093
    { 20, 14, 0, -24, 34, 70, 5609 }, // U+F0094
    { 22, 13, 0, -19, 33, 72, 5679 }, // U+F0095
    { 17, 14, 0, -15, 34, 60, 5751 }, // U+F0096
    { 18, 13, 0, -16, 33, 59, 5811 }, // U+F0097
    { 21, 13, 0, -15, 33, 69, 5870 }, // U+F0098
    { 29, 13, 0, -20, 33, 95, 5939 }, // U+F0099
    { 20, 12, 0, -20, 33, 60, 6034 }, // U+F009A
    { 20, 13, 0, -20, 33, 65, 6094 }, // U+F009B
    { 23, 13, 0, -20, 33, 75, 6159 }, // U+F009C
    { 9, 12, 0, -15, 33, 27, 6234 }, // U+F009D
    { 24, 13, 0, -23, 33, 78, 6261 }, // U+F009E
    { 24, 12, 0, -22, 33, 72, 6339 }, // U+F009F
    { 24, 13, 0, -22, 33, 78, 6411 }, // U+F00A0
    { 13, 12, 0, -17, 33, 39, 6489 }, // U+F00A1
    { 30, 48, 177, 2, 33, 360, 6528 }, // U+F00A2
    { 44, 48, 177, 2, 33, 528, 6888 }, // U+F00A3
    { 30, 48, 177, 2, 33, 360, 7416 }, // U+F00A4
    { 44, 48, 177, 2, 33, 528, 7776 }, // U+F00A5
    { 44, 48, 177, 2, 33, 528, 8304 }, // U+F00A6
    { 30, 48, 177, 2, 33, 360, 8832 }, // U+F00A7
    { 44, 48, 177, 2, 33, 528, 9192 }, // U+F00A8
    { 30, 48, 177, 2, 33, 360, 9720 }, // U+F00A9
    { 44, 48, 177, 2, 33, 528, 10080 }, // U+F00AA
    { 44, 48, 177, 2, 33, 528, 10608 }, // U+F00AB
    { 44, 48, 177, 2, 33, 528, 11136 }, // U+F00AC
    { 13, 48, 177, 2, 33, 156, 11664 }, // U+F00AD
    { 29, 48, 177, 2, 33, 348, 11820 }, // U+F00AE
    { 12, 48, 177, 2, 33, 144, 12168 }, // U+F00AF
    { 22, 48, 177, 2, 33, 264, 12312 }, // U+F00B0
    { 9, 14, 0, -13, -1, 32, 12576 }, // U+F00B1
    { 10, 33, 181, 2, 18, 83, 12608 }, // U+F00B2
    { 26, 15, 0, -24, -1, 98, 12691 }, // U+F00B3
    { 20, 11, 0, -21, -2, 55, 12789 }, // U+F00B4
    { 15, 14, 0, -18, -1, 53, 12844 }, // U+F00B5
    { 12, 11, 0, -17, -1, 33, 12897 }, // U+F00B6
    { 15, 14, 0, -18, -2, 53, 12930 }, // U+F00B7
    { 12, 11, 0, -17, -2, 33, 12983 }, // U+F00B8
    { 26, 14, 0, -24, -1, 91, 13016 }, // U+F00B9
    { 20, 10, 0, -21, -2, 50, 13107 }, // U+F00BA
    { 14, 14, 0, -18, -1, 49, 13157 }, // U+F00BB
    { 12, 10, 0, -17, -2, 30, 13206 }, // U+F00BC
    { 15, 14, 0, -18, -1, 53, 13236 }, // U+F00BD
    { 12, 11, 0, -17, -1, 33, 13289 }, // U+F00BE
    { 26, 14, 0, -24, -1, 91, 13322 }, // U+F00BF
    { 20, 11, 0, -21, -1, 55, 13413 }, // U+F00C0
    { 16, 14, 0, -18, -1, 56, 13468 }, // U+F00C1
    { 13, 11, 0, -17, -1, 36, 13524 }, // U+F00C2
    { 26, 34, 176, -18, 18, 221, 13560 }, // U+F00C3
    { 22, 33, 405, 2, 18, 182, 13781 }, // U+F00C4
    { 24, 14, 0, -22, -1, 84, 13963 }, // U+F00C5
    { 20, 11, 0, -21, -1, 55, 14047 }, // U+F00C6
    { 19, 33, 352, 2, 18, 157, 14102 }, // U+F00C7
    { 33, 33, 580, 2, 18, 273, 14259 }, // U+F00C8
    { 19, 33, 362, 1, 18, 157, 14532 }, // U+F00C9
    { 24, 14, 0, -22, -1, 84, 14689 }, // U+F00CA
    { 20, 11, 0, -20, -1, 55, 14773 }, // U+F00CB
    { 22, 33, 362, 1, 18, 182, 14828 }, // U+F00CC
    { 19, 33, 352, 1, 18, 157, 15010 }, // U+F00CD
    { 22, 33, 362, 1, 18, 182, 15167 }, // U+F00CE
    { 28, 16, 0, -26, -2, 112, 15349 }, // U+F00CF
    { 21, 12, 0, -21, -1, 63, 15461 }, // U+F00D0
    { 28, 14, 0, -26, -2, 98, 0 }, // U+F00D1
    { 21, 11, 0, -21, -1, 58, 98 }, // U+F00D2
    { 21, 33, 362, 2, 18, 174, 156 }, // U+F00D3
    { 22, 33, 389, 1, 18, 182, 330 }, // U+F00D4
    { 13, 14, 0, -17, -1, 46, 512 }, // U+F00D5
    { 21, 12, 0, -22, -1, 63, 558 }, // U+F00D6
    { 16, 14, 0, -19, -1, 56, 621 }, // U+F00D7
    { 13, 11, 0, -18, -1, 36, 677 }, // U+F00D8
    { 43, 33, 722, 1, 18, 355, 713 }, // U+F00D9
    { 43, 34, 722, 1, 18, 366, 1068 }, // U+F00DA
    { 43, 33, 722, 1, 18, 355, 1434 }, // U+F00DB
    { 30, 14, 0, -26, -1, 105, 1789 }, // U+F00DC
    { 23, 10, 0, -22, -2, 58, 1894 }, // U+F00DD
    { 26, 14, 0, -24, -1, 91, 1952 }, // U+F00DE
    { 20, 10, 0, -21, -2, 50, 2043 }, // U+F00DF
    { 26, 14, 0, -24, -1, 91, 2093 }, // U+F00E0
    { 20, 10, 0, -21, -2, 50, 2184 }, // U+F00E1
    { 15, 14, 0, -18, -1, 53, 2234 }, // U+F00E2
    { 12, 11, 0, -17, -1, 33, 2287 }, // U+F00E3
    { 15, 14, 0, -18, -1, 53, 2320 }, // U+F00E4
    { 12, 11, 0, -17, -1, 33, 2373 }, // U+F00E5
    { 21, 19, 351, 0, 18, 100, 2406 }, // U+F00E6
    { 14, 16, 0, -18, -1, 56, 2506 }, // U+F00E7
    { 11, 12, 0, -16, -1, 33, 2562 }, // U+F00E8
    { 15, 14, 0, -18, -1, 53, 2595 }, // U+F00E9
    { 12, 11, 0, -17, -1, 33, 2648 }, // U+F00EA
    { 15, 14, 0, -18, -1, 53, 2681 }, // U+F00EB
    { 12, 11, 0, -17, -1, 33, 2734 }, // U+F00EC
    { 15, 15, 0, -18, 0, 57, 2767 }, // U+F00ED
    { 12, 11, 0, -17, -1, 33, 2824 }, // U+F00EE
    { 25, 14, 0, -23, -1, 88, 2857 }, // U+F00EF
    { 19, 10, 0, -20, -2, 48, 2945 }, // U+F00F0
    { 15, 14, 0, -18, -1, 53, 2993 }, // U+F00F1
    { 12, 11, 0, -17, -1, 33, 3046 }, // U+F00F2
    { 26, 14, 0, -24, -1, 91, 3079 }, // U+F00F3
    { 20, 10, 0, -21, -2, 50, 3170 }, // U+F00F4
    { 20, 33, 372, 1, 18, 165, 3220 }, // U+F00F5
    { 18, 14, 0, -19, -1, 63, 3385 }, // U+F00F6
    { 15, 11, 0, -17, -1, 42, 3448 }, // U+F00F7
    { 26, 14, 0, -23, -1, 91, 3490 }, // U+F00F8
    { 20, 10, 0, -21, -2, 50, 3581 }, // U+F00F9
    { 25, 14, 0, -23, -1, 88, 3631 }, // U+F00FA
    { 19, 10, 0, -20, -2, 48, 3719 }, // U+F00FB
    { 26, 14, 0, -24, -1, 91, 3767 }, // U+F00FC
    { 20, 10, 0, -21, -2, 50, 3858 }, // U+F00FD
    { 19, 33, 362, 1, 18, 157, 3908 }, // U+F00FE
    { 28, 14, 0, -26, -2, 98, 4065 }, // U+F00FF
    { 21, 11, 0, -21, -1, 58, 4163 }, // U+F0100
    { 26, 14, 0, -24, -1, 91, 4221 }, // U+F0101
    { 20, 11, 0, -21, -1, 55, 4312 }, // U+F0102
    { 26, 15, 0, -24, -1, 98, 4367 }, // U+F0103
    { 20, 11, 0, -21, -2, 55, 4465 }, // U+F0104
    { 15, 14, 0, -18, -1, 53, 4520 }, // U+F0105
    { 12, 11, 0, -17, -1, 33, 4573 }, // U+F0106
    { 35, 14, 0, -28, -1, 123, 4606 }, // U+F0107
    { 29, 10, 0, -25, -2, 73, 4729 }, // U+F0108
    { 15, 15, 0, -18, -1, 57, 4802 }, // U+F0109
    { 12, 11, 0, -17, -1, 33, 4859 }, // U+F010A
    { 20, 33, 352, 1, 18, 165, 4892 }, // U+F010B
    { 22, 33, 362, 1, 18, 182, 5057 }, // U+F010C
    { 15, 14, 0, -18, -1, 53, 5239 }, // U+F010D
    { 12, 11, 0, -17, -1, 33, 5292 }, // U+F010E
    { 16, 14, 0, -19, -1, 56, 5325 }, // U+F010F
    { 13, 11, 0, -18, -1, 36, 5381 }, // U+F0110
    { 16, 14, 0, -19, -1, 56, 5417 }, // U+F0111
    { 12, 11, 0, -17, -1, 33, 5473 }, // U+F0112
    { 10, 11, 0, -16, -2, 28, 5506 }, // U+F0113
    { 8, 9, 0, -15, -1, 18, 5534 }, // U+F0114
    { 26, 33, 0, -18, 18, 215, 5552 }, // U+F0115
    { 16, 10, 0, -17, -2, 40, 5767 }, // U+F0116
    { 16, 14, 0, -19, -1, 56, 5807 }, // U+F0117
    { 12, 11, 0, -17, -1, 33, 5863 }, // U+F0118
    { 15, 14, 0, -18, -1, 53, 5896 }, // U+F0119
    { 12, 11, 0, -17, -1, 33, 5949 }, // U+F011A
    { 14, 11, 0, -18, -1, 39, 5982 }, // U+F011B
    { 13, 11, 0, -17, -1, 36, 6021 }, // U+F011C
    { 12, 11, 0, -18, -1, 33, 6057 }, // U+F011D
    { 16, 14, 0, -19, -1, 56, 6090 }, // U+F011E
    { 13, 11, 0, -17, -1, 36, 6146 }, // U+F011F
    { 14, 14, 0, -18, -1, 49, 6182 }, // U+F0120
    { 12, 10, 0, -17, -2, 30, 6231 }, // U+F0121
    { 15, 14, 0, -18, -1, 53, 6261 }, // U+F0122
    { 12, 11, 0, -17, -1, 33, 6314 }, // U+F0123
    { 33, 15, 0, -26, -1, 124, 6347 }, // U+F0124
    { 27, 11, 0, -23, -2, 75, 6471 }, // U+F0125
    { 26, 14, 0, -24, -1, 91, 6546 }, // U+F0126
    { 20, 11, 0, -21, -1, 55, 6637 }, // U+F0127
    { 26, 14, 0, -24, -1, 91, 6692 }, // U+F0128
    { 20, 11, 0, -21, -1, 55, 6783 }, // U+F0129
    { 16, 15, 0, -19, -1, 60, 6838 }, // U+F012A
    { 13, 11, 0, -18, -2, 36, 6898 }, // U+F012B
    { 15, 14, 0, -18, -1, 53, 6934 }, // U+F012C
    { 12, 11, 0, -17, -1, 33, 6987 }, // U+F012D
    { 16, 15, 0, -19, -1, 60, 7020 }, // U+F012E
    { 12, 12, 0, -17, -1, 36, 7080 }, // U+F012F
    { 26, 14, 0, -24, -1, 91, 7116 }, // U+F0130
    { 20, 10, 0, -21, -2, 50, 7207 }, // U+F0131
    { 26, 14, 0, -24, -1, 91, 7257 }, // U+F0132
    { 20, 11, 0, -21, -1, 55, 7348 }, // U+F0133
    { 27, 14, 0, -24, -1, 95, 7403 }, // U+F0134
    { 20, 11, 0, -21, -1, 55, 7498 }, // U+F0135
    { 26, 14, 0, -24, -1, 91, 7553 }, // U+F0136
    { 20, 11, 0, -21, -1, 55, 7644 }, // U+F0137
    { 25, 14, 0, -23, -1, 88, 7699 }, // U+F0138
    { 19, 11, 0, -20, -1, 53, 7787 }, // U+F0139
    { 26, 14, 0, -24, -1, 91, 7840 }, // U+F013A
    { 20, 10, 0, -21, -2, 50, 7931 }, // U+F013B
    { 26, 14, 0, -24, -1, 91, 7981 }, // U+F013C
    { 20, 11, 0, -21, -1, 55, 8072 }, // U+F013D
    { 15, 14, 0, -18, -1, 53, 8127 }, // U+F013E
    { 12, 11, 0, -17, -1, 33, 8180 }, // U+F013F
    { 25, 14, 0, -23, -1, 88, 8213 }, // U+F0140
    { 19, 10, 0, -20, -2, 48, 8301 }, // U+F0141
    { 15, 14, 0, -18, -1, 53, 8349 }, // U+F0142
    { 12, 11, 0, -17, -1, 33, 8402 }, // U+F0143
    { 15, 14, 0, -18, -1, 53, 8435 }, // U+F0144
    { 12, 11, 0, -17, -1, 33, 8488 }, // U+F0145
    { 14, 14, 0, -14, -1, 49, 8521 }, // U+F0146
    { 19, 33, 325, 2, 18, 157, 8570 }, // U+F0147
    { 23, 13, 0, -26, -1, 75, 8727 }, // U+F0148
    { 26, 33, 176, -18, 18, 215, 8802 }, // U+F0149
    { 15, 34, 165, -7, 18, 128, 9017 }, // U+F014A
    { 34, 36, 176, -26, 18, 306, 9145 }, // U+F014B
    { 26, 36, 176, -18, 18, 234, 9451 }, // U+F014C
    { 18, 33, 169, -10, 33, 149, 9685 }, // U+F014D
    { 18, 18, 218, -6, 18, 81, 9834 }, // U+F014E
    { 14, 12, 0, -17, 32, 42, 9915 }, // U+F014F
    { 14, 12, 0, -17, 32, 42, 9957 }, // U+F0150
    { 6, 7, 0, -15, -1, 11, 9999 }, // U+F0151
    { 19, 18, 337, 1, 18, 86, 10010 }, // U+F0152
    { 10, 10, 0, -14, 31, 25, 10096 }, // U+F0153
    { 15, 12, 0, -18, 32, 45, 10121 }, // U+F0154
    { 11, 10, 0, -17, 31, 28, 10166 }, // U+F0155
    { 13, 12, 0, -17, 32, 39, 10194 }, // U+F0156
    { 9, 8, 0, -15, 28, 18, 10233 }, // U+F0157
    { 9, 8, 0, -15, -2, 18, 10251 }, // U+F0158
    { 9, 18, 204, 2, 18, 41, 10269 }, // U+F0159
    { 13, 11, 0, -17, -3, 36, 10310 }, // U+F015A
    { 12, 13, 0, -17, 33, 39, 10346 }, // U+F015B
    { 15, 34, 165, -7, 18, 128, 10385 }, // U+F015C
    { 14, 14, 0, -18, -1, 49, 10513 }, // U+F015D
    { 9, 14, 0, -17, -1, 32, 10562 }, // U+F015E
    { 9, 7, 0, -17, -1, 16, 10594 }, // U+F015F
    { 13, 12, 0, -17, 33, 39, 10610 }, // U+F0160
    { 9, 14, 0, -15, 34, 32, 10649 }, // U+F0161
    { 18, 16, 317, 1, 18, 72, 10681 }, // U+F0162
    { 11, 6, 0, -15, -5, 17, 10753 }, // U+F0163
    { 22, 13, 0, -19, 33, 72, 10770 }, // U+F0164
    { 29, 13, 0, -20, 33, 95, 10842 }, // U+F0165
    { 32, 13, 0, -27, -1, 104, 10937 }, // U+F0166
    { 24, 13, 0, -19, -1, 78, 11041 }, // U+F0167
    { 25, 14, 0, -20, -1, 88, 11119 }, // U+F0168
    { 30, 14, 0, -25, -1, 105, 11207 }, // U+F0169
    { 20, 14, 0, -15, -1, 70, 11312 }, // U+F016A
    { 21, 14, 0, -16, -1, 74, 11382 }, // U+F016B
    { 15, 14, 0, -10, -1, 53, 11456 }, // U+F016C
    { 16, 33, 300, 2, 18, 132, 11509 }, // U+F016D
    { 25, 33, 444, 2, 18, 207, 11641 }, // U+F016E
    { 9, 8, 133, -1, -2, 18, 11848 }, // U+F016F
    { 20, 16, 0, -21, -1, 80, 11866 }, // U+F0170
    { 26, 19, 0, -26, -1, 124, 11946 }, // U+F0171
    { 10, 8, 152, 0, -2, 20, 12070 }, // U+F0172
    { 30, 48, 177, 2, 33, 360, 12090 }, // U+F0173
    { 44, 48, 177, 2, 33, 528, 12450 }, // U+F0174
    { 30, 48, 177, 2, 33, 360, 12978 }, // U+F0175
    { 44, 48, 177, 2, 33, 528, 13338 }, // U+F0176
    { 0, 0, 0, 0, 0, 0, 13866 }, // U+F0177
    { 0, 0, 0, 0, 0, 0, 13866 }, // U+F0178
    { 23, 14, 0, -27, -1, 81, 13866 }, // U+F0179
    { 17, 14, 0, -25, -1, 60, 13947 }, // U+F017A
    { 24, 14, 0, -23, -1, 84, 14007 }, // U+F017B
    { 19, 14, 0, -20, -1, 67, 14091 }, // U+F017C
    { 12, 14, 0, -20, -1, 42, 14158 }, // U+F017D
    { 21, 14, 0, -22, -1, 74, 14200 }, // U+F017E
    { 26, 14, 0, -24, -1, 91, 14274 }, // U+F017F
    { 20, 40, 169, -10, 40, 200, 14365 }, // U+F0180
    { 22, 44, 169, -10, 44, 242, 14565 }, // U+F0181
    { 20, 27, 372, 1, 18, 135, 14807 }, // U+F0182
    { 13, 13, 0, -17, 33, 43, 14942 }, // U+F0183
    { 22, 34, 165, -14, 18, 187, 14985 }, // U+F0184
    { 25, 14, 0, -25, -1, 88, 15172 }, // U+F0185
    { 31, 14, 0, -29, -1, 109, 15260 }, // U+F0186
    { 26, 19, 0, -26, -1, 124, 0 }, // U+F0187
    { 20, 16, 0, -21, -1, 80, 124 }, // U+F0188
    { 52, 48, 177, 2, 33, 624, 204 }, // U+F0189
    { 52, 48, 177, 2, 33, 624, 828 }, // U+F018A
    { 30, 48, 177, 2, 33, 360, 1452 }, // U+F018B
    { 44, 48, 177, 2, 33, 528, 1812 }, // U+F018C
    { 30, 48, 177, 2, 33, 360, 2340 }, // U+F018D
    { 44, 48, 177, 2, 33, 528, 2700 }, // U+F018E
    { 22, 15, 0, -26, -1, 83, 3228 }, // U+F018F
    { 22, 16, 0, -26, 0, 88, 3311 }, // U+F0190
    { 30, 48, 177, 2, 33, 360, 3399 }, // U+F0191
    { 44, 48, 177, 2, 33, 528, 3759 }, // U+F0192
    { 30, 48, 177, 2, 33, 360, 4287 }, // U+F0193
    { 44, 48, 177, 2, 33, 528, 4647 }, // U+F0194
    { 52, 48, 177, 2, 33, 624, 5175 }, // U+F0195
    { 52, 48, 177, 2, 33, 624, 5799 }, // U+F0196
    { 52, 48, 177, 2, 33, 624, 6423 }, // U+F0197
    { 34, 36, 165, -26, 18, 306, 7047 }, // U+F0198
    { 26, 36, 165, -18, 18, 234, 7353 }, // U+F0199
    { 52, 48, 177, 2, 33, 624, 7587 }, // U+F019A
    { 52, 48, 177, 2, 33, 624, 8211 }, // U+F019B
    { 52, 48, 177, 2, 33, 624, 8835 }, // U+F019C
    { 38, 48, 177, 2, 33, 456, 9459 }, // U+F019D
    { 52, 48, 177, 2, 33, 624, 9915 }, // U+F019E
    { 52, 48, 177, 2, 33, 624, 10539 }, // U+F019F
    { 30, 48, 177, 2, 33, 360, 11163 }, // U+F01A0
    { 58, 48, 177, 2, 33, 696, 11523 }, // U+F01A1
    { 58, 48, 177, 2, 33, 696, 12219 }, // U+F01A2
    { 58, 48, 177, 2, 33, 696, 12915 }, // U+F01A3
    { 40, 48, 177, 2, 33, 480, 13611 }, // U+F01A4
    { 38, 48, 177, 2, 33, 456, 14091 }, // U+F01A5
    { 38, 48, 177, 2, 33, 456, 14547 }, // U+F01A6
    { 38, 48, 177, 2, 33, 456, 15003 }, // U+F01A7
    { 20, 48, 177, 2, 33, 240, 15459 }, // U+F01A8
    { 30, 48, 177, 2, 33, 360, 0 }, // U+F01A9
    { 38, 48, 177, 2, 33, 456, 360 }, // U+F01AA
    { 52, 48, 177, 2, 33, 624, 816 }, // U+F01AB
    { 58, 48, 177, 2, 33, 696, 1440 }, // U+F01AC
    { 58, 48, 177, 2, 33, 696, 2136 }, // U+F01AD
    { 38, 48, 177, 2, 33, 456, 2832 }, // U+F01AE
    { 15, 41, 176, -7, 18, 154, 3288 }, // U+F01AF
    { 52, 48, 177, 2, 33, 624, 3442 }, // U+F01B0
    { 30, 48, 177, 2, 33, 360, 4066 }, // U+F01B1
    { 58, 48, 177, 2, 33, 696, 4426 }, // U+F01B2
    { 39, 48, 177, 2, 33, 468, 5122 }, // U+F01B3
    { 20, 48, 177, 2, 33, 240, 5590 }, // U+F01B4
    { 38, 48, 177, 2, 33, 456, 5830 }, // U+F01B5
    { 38, 48, 177, 2, 33, 456, 6286 }, // U+F01B6
    { 38, 48, 177, 2, 33, 456, 6742 }, // U+F01B7
    { 38, 48, 177, 2, 33, 456, 7198 }, // U+F01B8
    { 38, 48, 177, 2, 33, 456, 7654 }, // U+F01B9
    { 58, 48, 177, 2, 33, 696, 8110 }, // U+F01BA
    { 58, 48, 177, 2, 33, 696, 8806 }, // U+F01BB
    { 58, 48, 177, 2, 33, 696, 9502 }, // U+F01BC
    { 58, 48, 177, 2, 33, 696, 10198 }, // U+F01BD
    { 58, 48, 177, 2, 33, 696, 10894 }, // U+F01BE
    { 58, 48, 177, 2, 33, 696, 11590 }, // U+F01BF
    { 38, 48, 177, 2, 33, 456, 12286 }, // U+F01C0
    { 24, 33, 411, 1, 18, 198, 12742 }, // U+F01C1
    { 20, 27, 411, 1, 18, 135, 12940 }, // U+F01C2
    { 10, 33, 233, 2, 18, 83, 13075 }, // U+F01C3
    { 19, 33, 378, 2, 18, 157, 13158 }, // U+F01C4
    { 16, 33, 349, 2, 18, 132, 13315 }, // U+F01C5
    { 25, 33, 494, 2, 18, 207, 13447 }, // U+F01C6
    { 9, 8, 159, -1, -2, 18, 13654 }, // U+F01C7
    { 9, 8, 0, -15, -2, 18, 13672 }, // U+F01C8
    { 22, 48, 177, 2, 33, 264, 13690 }, // U+F01C9
    { 20, 21, 331, 1, 18, 105, 13954 }, // U+F01CA
    { 20, 33, 411, 1, 18, 165, 14059 }, // U+F01CB
    { 26, 34, 176, -18, 18, 221, 14224 }, // U+F01CC
    { 9, 8, 0, -15, -2, 18, 14445 }, // U+F01CD
    { 0, 0, 21, 0, 0, 0, 14463 }, // U+F01CE
    { 0, 0, 32, 0, 0, 0, 14463 }, // U+F01CF
    { 0, 0, 43, 0, 0, 0, 14463 }, // U+F01D0
    { 0, 0, 53, 0, 0, 0, 14463 }, // U+F01D1
    { 0, 0, 64, 0, 0, 0, 14463 }, // U+F01D2
    { 0, 0, 80, 0, 0, 0, 14463 }, // U+F01D3
    { 0, 0, 91, 0, 0, 0, 14463 }, // U+F01D4
    { 0, 0, 96, 0, 0, 0, 14463 }, // U+F01D5
    { 0, 0, 107, 0, 0, 0, 14463 }, // U+F01D6
    { 0, 0, 133, 0, 0, 0, 14463 }, // U+F01D7
    { 0, 0, 107, 0, 0, 0, 14463 }, // U+F01D8
    { 0, 0, 147, 0, 0, 0, 14463 }, // U+F01D9
    { 0, 0, 160, 0, 0, 0, 14463 }, // U+F01DA
    { 0, 0, 0, 0, 0, 0, 14463 }, // U+F01DB
    { 0, 0, 0, 0, 0, 0, 14463 }, // U+F01DC
    { 47, 33, 807, 2, 18, 388, 14463 }, // U+F01DD
};

static const EpdUnicodeInterval myanmar_16_boldIntervals[] = {
    { 0x1000, 0x109F, 0x0 },
    { 0x200C, 0x200D, 0xA0 },
    { 0x25CC, 0x25CC, 0xA2 },
    { 0xF0000, 0xF01DD, 0xA3 },
};

static const EpdFontGroup myanmar_16_boldGroups[] = {
    { 0, 5317, 16272, 111, 0 },
    { 5317, 2226, 6458, 49, 111 },
    { 7543, 2, 0, 2, 160 },
    { 7545, 5335, 16318, 103, 162 },
    { 12880, 4147, 16348, 107, 265 },
    { 17027, 6145, 16287, 182, 372 },
    { 23172, 1181, 16047, 34, 554 },
    { 24353, 1209, 15444, 53, 588 },
};

static BuiltinShapingFace myanmar_16_boldShaping = {
    myanmarLayout,
    sizeof(myanmarLayout),
    0x7575106B,
    2133,
    &myanmar_16_boldGlyphs[163],
    478,
    nullptr,
};

static constexpr EpdFontData myanmar_16_bold = {
    myanmar_16_boldBitmaps,
    myanmar_16_boldGlyphs,
    myanmar_16_boldIntervals,
    4,
    73,
    45,
    -29,
    true,
    myanmar_16_boldGroups,
    8,
    nullptr,
    nullptr,
    nullptr,
    nullptr,
    nullptr,
    nullptr,
    nullptr,
    nullptr,
    nullptr,
    nullptr,
    nullptr,
    0,
    0,
    0,
    0,
    nullptr,
    0,
    nullptr,  // glyphMissHandler
    nullptr,  // glyphMissCtx
    nullptr,  // coverageHandler
    &builtinShaping::shape,
    &myanmar_16_boldShaping,
};
