/**
 * generated by fontconvert.py
 * name: myanmar_14_regular
 * size: 14
 * mode: 2-bit  compressed: true
 * Command used: fontconvert.py myanmar_14_regular 14 ../builtinFonts/source/NotoSansMyanmar/NotoSansMyanmar-Regular.ttf --no-default-intervals --additional-intervals 0x1000,0x109F --additional-intervals 0x0964,0x0965 --additional-intervals 0x200C,0x200D --additional-intervals 0x25CC,0x25CC --shaping-font ../builtinFonts/source/NotoSansMyanmar/NotoSansMyanmar-Regular.ttf --shaping-scripts myanmar --shaping-layout-symbol myanmarLayout --shaping-layout-header myanmar_layout.h --shaping-layout-font ../builtinFonts/source/NotoSansMyanmar/NotoSansMyanmar-Regular.ttf --2bit --compress --pnum --darken-aa --zopfli --max-group-bytes 16384
 */
#pragma once
#include "EpdFontData.h"

#include "BuiltinShaping.h"
#include "myanmar_layout.h"

static const uint8_t myanmar_14_regularBitmaps[21449] = {
    0xC5, 0x5B, 0x3D, 0x90, 0xE5, 0xC6, 0x71, 0x6E, 0x00, 0xAC, 0x03, 0x45, 0xD8, 0x1E, 0x06, 0x2A,
    0x8A, 0xF6, 0x49, 0x1C, 0x06, 0x0A, 0x14, 0xD0, 0x86, 0x03, 0x05, 0x0A, 0x6E, 0xDF, 0x40, 0x56,
    0x15, 0x15, 0x38, 0x90, 0x1D, 0x88, 0x0A, 0x36, 0x38, 0x07, 0x0E, 0x9C, 0x6D, 0xAA, 0xE0, 0x3D,
    0x00, 0x2C, 0x05, 0x0A, 0x4D, 0xBA, 0x4A, 0x72, 0xA0, 0x84, 0x79, 0x22, 0x05, 0x2E, 0x97, 0x5D,
    0xF5, 0xDE, 0x02, 0x8E, 0x95, 0x80, 0x2E, 0x93, 0x0C, 0x14, 0x08, 0x55, 0x3A, 0x96, 0x43, 0x41,
    0x32, 0xCE, 0x85, 0x35, 0x01, 0x8C, 0xFB, 0xEB, 0xC1, 0x60, 0xDF, 0xDB, 0xBD, 0x3F, 0xF2, 0x4C,
    0x1A, 0xFB, 0xD0, 0x3D, 0x18, 0xCC, 0x74, 0xCF, 0x0C, 0x7A, 0xA6, 0xBB, 0xA7, 0x67, 0x29, 0x9D,
    0xE9, 0x8E, 0x6D, 0x88, 0xAC, 0x6D, 0x8C, 0x1D, 0x29, 0xBE, 0xBA, 0xDB, 0xDB, 0xEF, 0x5B, 0x52,
    0x35, 0xD9, 0x81, 0x74, 0x9D, 0x66, 0x64, 0x5A, 0x4A, 0x1A, 0x43, 0x94, 0xD6, 0x14, 0xB5, 0x39,
    0x91, 0x2E, 0x29, 0xEA, 0x76, 0x44, 0x0A, 0xF8, 0xE0, 0xF0, 0xFA, 0xBC, 0x59, 0xDE, 0x1B, 0x22,
    0x43, 0x5C, 0x8F, 0xEB, 0x17, 0xC4, 0x74, 0x54, 0x43, 0x53, 0xC8, 0x74, 0xE3, 0x36, 0x18, 0x62,
    0xE6, 0x13, 0xD4, 0xF4, 0x5E, 0x68, 0x5B, 0xF2, 0x17, 0xDA, 0x41, 0xA1, 0xE5, 0x1C, 0x75, 0x75,
    0x77, 0x24, 0x53, 0xD2, 0x25, 0x31, 0x2D, 0x93, 0xBD, 0x48, 0x68, 0xCB, 0x0A, 0x82, 0x6A, 0x56,
    0xB5, 0xB2, 0xF6, 0xB7, 0x75, 0xD1, 0x24, 0xB6, 0xE4, 0x22, 0x45, 0x96, 0xA2, 0x30, 0xAA, 0x39,
    0x02, 0x42, 0x8A, 0x34, 0x00, 0x1E, 0xE3, 0xE9, 0x7C, 0x20, 0xB0, 0x27, 0xF4, 0x85, 0xFF, 0x18,
    0xE7, 0x68, 0xED, 0x0E, 0xF4, 0x0E, 0x00, 0x92, 0x92, 0x3C, 0x79, 0x8B, 0x72, 0xE0, 0x77, 0x49,
    0x49, 0x1B, 0x30, 0xD1, 0x9A, 0x7E, 0x41, 0x72, 0xA9, 0x0E, 0x8D, 0x6E, 0xA8, 0x18, 0x5D, 0x27,
    0xCE, 0x0E, 0x34, 0xA2, 0x53, 0xB4, 0x73, 0x9D, 0xA4, 0xD1, 0x75, 0x3A, 0xEA, 0x49, 0x67, 0x3C,
    0x08, 0xAA, 0x71, 0x83, 0x92, 0x66, 0x0E, 0x9B, 0xD3, 0x41, 0x02, 0x4E, 0xFD, 0x60, 0x35, 0x18,
    0xAC, 0xD2, 0x0D, 0x3A, 0xF7, 0x65, 0xB0, 0x3F, 0xB1, 0x14, 0x71, 0xFB, 0xF1, 0x51, 0xE8, 0x42,
    0x3E, 0x12, 0x7A, 0x96, 0x51, 0x60, 0x6D, 0x87, 0x4E, 0x8D, 0xE8, 0xD4, 0x25, 0x99, 0x8C, 0x52,
    0x70, 0xFD, 0x03, 0xCA, 0xD1, 0xC4, 0x03, 0xC0, 0x0E, 0x00, 0x8F, 0x78, 0xF1, 0xA2, 0x14, 0x41,
    0xE1, 0xCA, 0x55, 0x03, 0x01, 0x47, 0xEA, 0x26, 0xBD, 0x89, 0x8B, 0x18, 0xC3, 0xE5, 0x37, 0x2A,
    0x53, 0xE5, 0x96, 0x07, 0xBA, 0xDE, 0x26, 0x2B, 0xC0, 0xE3, 0x46, 0x95, 0x3C, 0x48, 0x29, 0x17,
    0xE1, 0xC2, 0x97, 0x5C, 0xED, 0xAE, 0xD0, 0x6B, 0x57, 0x7A, 0x94, 0xD8, 0x46, 0x3E, 0x43, 0x65,
    0x47, 0x7C, 0x13, 0x3B, 0xF3, 0xF8, 0x98, 0x92, 0xAA, 0x96, 0xFB, 0xB5, 0x21, 0x24, 0x93, 0xE6,
    0xC5, 0x65, 0x1C, 0xDC, 0x67, 0xF5, 0x38, 0xEC, 0xF0, 0x71, 0x81, 0xF1, 0x7D, 0x91, 0x8F, 0x4F,
    0xBC, 0x8C, 0x53, 0x81, 0x7A, 0xA9, 0xD0, 0x49, 0x6B, 0xA1, 0xFB, 0x96, 0x5D, 0xF9, 0x38, 0xBE,
    0xEF, 0x30, 0xB6, 0x25, 0x9A, 0xD3, 0xB3, 0x18, 0x5F, 0x4C, 0xC4, 0xCD, 0xC5, 0xF7, 0xDE, 0x2A,
    0x06, 0xBB, 0x94, 0x76, 0x64, 0x2C, 0x1D, 0x48, 0x59, 0xC2, 0xF7, 0x7E, 0x27, 0x27, 0x4A, 0x7A,
    0x43, 0x14, 0x02, 0x48, 0x03, 0x5E, 0xA7, 0xE4, 0xEA, 0x15, 0xE9, 0xCF, 0xE0, 0x48, 0x81, 0x6E,
    0xD4, 0xF2, 0x73, 0x13, 0xB5, 0xDC, 0xD5, 0x3E, 0x6A, 0xD5, 0x48, 0x63, 0xD4, 0x9A, 0x9C, 0xF2,
    0xA8, 0xDD, 0xA4, 0x64, 0xA2, 0x76, 0xAB, 0xCA, 0x54, 0xA0, 0xFE, 0xCE, 0x0A, 0x91, 0xB3, 0xD1,
    0x78, 0x6B, 0x0C, 0xE5, 0xBE, 0x56, 0x22, 0x14, 0x30, 0x5A, 0x11, 0x77, 0x02, 0x34, 0x89, 0xE2,
    0x4F, 0x09, 0xA3, 0xD6, 0xC1, 0xA4, 0x61, 0xD8, 0x61, 0x4E, 0x04, 0x13, 0x0F, 0x0D, 0x51, 0x65,
    0x19, 0x90, 0x1E, 0x88, 0x8A, 0x01, 0x29, 0xC8, 0x4E, 0x09, 0xAC, 0x1E, 0x5E, 0xB4, 0xC0, 0x26,
    0x8B, 0x7A, 0xE0, 0x0D, 0xD1, 0x08, 0xFC, 0x2A, 0xD1, 0x1E, 0xD8, 0x8B, 0x0B, 0x5E, 0x9D, 0x62,
    0x97, 0xFF, 0xE2, 0x52, 0x2E, 0x5F, 0xEA, 0x15, 0xA0, 0x03, 0x0C, 0xBA, 0xC0, 0x0B, 0x9F, 0x9D,
    0xE3, 0x8B, 0x4A, 0xCF, 0x81, 0x5F, 0xCA, 0x1C, 0x56, 0xA5, 0x6B, 0x84, 0xCE, 0x8C, 0x60, 0x43,
    0x69, 0xC3, 0x28, 0xB0, 0xA4, 0x2C, 0x2E, 0x7C, 0x25, 0x5C, 0xAD, 0xF4, 0x57, 0xDB, 0x4C, 0xFA,
    0x9B, 0xDA, 0x4E, 0xFA, 0xFB, 0xA5, 0xF3, 0x71, 0xE9, 0xEF, 0xBC, 0xF4, 0xD7, 0x2C, 0xFD, 0x4D,
    0x33, 0xC7, 0x4A, 0x97, 0xAE, 0x9F, 0x6A, 0xC5, 0x3E, 0x9F, 0xFB, 0x7B, 0xB9, 0x2C, 0x11, 0x96,
    0xC8, 0xA0, 0xBF, 0xB6, 0xA6, 0x09, 0xFD, 0xFD, 0xCD, 0xD5, 0xF9, 0x20, 0xFD, 0x05, 0x5F, 0xF4,
    0x57, 0xCF, 0x5F, 0x7C, 0x7F, 0x21, 0x93, 0x78, 0x68, 0x64, 0xA9, 0xC6, 0xB4, 0x1E, 0xD1, 0xAB,
    0x0D, 0xA6, 0xFA, 0x37, 0x08, 0x54, 0x6E, 0x00, 0xBC, 0xF8, 0xB2, 0x14, 0x41, 0x61, 0x8B, 0x6A,
    0x96, 0x88, 0x69, 0x81, 0x94, 0x8C, 0x8B, 0x21, 0x2D, 0xA0, 0xBF, 0x63, 0x49, 0x43, 0xF8, 0x75,
    0x65, 0x4B, 0xE4, 0x11, 0x40, 0x42, 0xFA, 0xE3, 0x57, 0xE4, 0x85, 0xA5, 0xA0, 0xB2, 0x95, 0x23,
    0xB9, 0x82, 0xC9, 0x81, 0x74, 0x46, 0xA3, 0xEA, 0xE4, 0xEA, 0xBC, 0xD3, 0x75, 0x30, 0x1A, 0xA2,
    0x1D, 0xDF, 0x5F, 0xCF, 0x97, 0x9E, 0xE2, 0xCE, 0x5D, 0x9D, 0xD7, 0x0D, 0x27, 0x55, 0x1D, 0xCC,
    0xC9, 0xD5, 0xDD, 0x99, 0xEB, 0xCC, 0x5C, 0x17, 0xED, 0xBC, 0x75, 0xC7, 0xFC, 0xF1, 0xB4, 0xE5,
    0x39, 0x7C, 0x5E, 0x6E, 0x72, 0x7E, 0x3E, 0x30, 0x19, 0xC6, 0xA3, 0x79, 0x27, 0x1E, 0xB8, 0x35,
    0x5D, 0x08, 0xC9, 0x2B, 0x06, 0x27, 0xEA, 0x4E, 0xCE, 0xF1, 0xD1, 0xDD, 0x17, 0x7F, 0x75, 0x59,
    0x0A, 0xF3, 0xD3, 0xB1, 0xD8, 0x39, 0x79, 0x06, 0x19, 0x27, 0xC9, 0x10, 0x63, 0x27, 0xC3, 0xF8,
    0xA0, 0x68, 0xE7, 0x57, 0x29, 0x47, 0x91, 0xA2, 0xE1, 0xA5, 0x4D, 0xBB, 0x91, 0x9F, 0x45, 0xF2,
    0x9F, 0x01, 0xD8, 0x5E, 0x80, 0xEA, 0xE8, 0x6F, 0xA8, 0x18, 0x49, 0x34, 0x84, 0xC8, 0x88, 0x41,
    0x01, 0x5D, 0x32, 0x43, 0x05, 0x55, 0xA8, 0xA0, 0x57, 0x93, 0xDA, 0x10, 0xD6, 0x28, 0x0F, 0xA0,
    0x7C, 0xCC, 0x91, 0x32, 0xC3, 0xEA, 0x2F, 0x4B, 0x3F, 0x51, 0x3A, 0x45, 0x53, 0x68, 0x1B, 0x0C,
    0xF1, 0xAF, 0xED, 0xCF, 0xED, 0xC8, 0x0B, 0x95, 0xB6, 0xE7, 0x50, 0x11, 0xBA, 0x0E, 0xC7, 0x70,
    0xA4, 0x14, 0x95, 0xA7, 0xA8, 0x23, 0x05, 0xA2, 0x9B, 0xA8, 0xA5, 0x18, 0xAA, 0xDA, 0xC4, 0x8D,
    0xD3, 0xCD, 0x26, 0x39, 0x49, 0xAC, 0xAF, 0xD6, 0xC2, 0xF8, 0x60, 0x52, 0x5D, 0xD5, 0x94, 0x73,
    0x22, 0x2D, 0x93, 0xAB, 0x97, 0xCD, 0xFD, 0xF6, 0x8E, 0x65, 0xA6, 0x7D, 0x6A, 0x6B, 0x59, 0x66,
    0x7B, 0xFE, 0x26, 0xB6, 0x21, 0x6F, 0x34, 0x04, 0xAB, 0xD1, 0x00, 0x7D, 0xE5, 0x8D, 0x86, 0xB4,
    0x36, 0x4F, 0x31, 0x1A, 0x3C, 0xF6, 0xF9, 0xA2, 0x75, 0x81, 0x33, 0xA7, 0x3F, 0x99, 0xCE, 0x0C,
    0x7D, 0x9A, 0x30, 0x5D, 0xE8, 0x57, 0xAC, 0x99, 0xD0, 0xB7, 0x8E, 0x6F, 0x2B, 0x38, 0x76, 0xFC,
    0xDB, 0xC2, 0xF1, 0xBF, 0x9A, 0x17, 0xA3, 0xA5, 0x23, 0x2D, 0xFC, 0xEB, 0x85, 0x7F, 0xE6, 0xF8,
    0xA8, 0xC7, 0xF0, 0x57, 0x37, 0xF9, 0xA3, 0x9E, 0x6A, 0x40, 0x27, 0x05, 0x7F, 0xD0, 0xF5, 0x7C,
    0x56, 0xFD, 0x46, 0x98, 0x1F, 0x31, 0x66, 0x8A, 0xFA, 0xF8, 0x95, 0x89, 0x52, 0xA2, 0x8D, 0x03,
    0xAF, 0x01, 0x10, 0xDD, 0x19, 0x19, 0x98, 0x06, 0x40, 0xD6, 0xCA, 0x4B, 0x80, 0x94, 0xB6, 0x98,
    0xDF, 0x85, 0x4C, 0xEE, 0x87, 0x3C, 0xA3, 0x12, 0x08, 0x17, 0x48, 0x1D, 0xEB, 0x61, 0x7C, 0x78,
    0x51, 0xD5, 0x32, 0x16, 0x06, 0x03, 0x94, 0x3B, 0x13, 0x05, 0x20, 0xB5, 0xDF, 0xAB, 0x73, 0x28,
    0x47, 0x33, 0xDC, 0xB1, 0xA5, 0xA9, 0xB9, 0x14, 0xEC, 0x14, 0x54, 0x3B, 0xD1, 0xC3, 0xF1, 0xCC,
    0x09, 0x7E, 0x2A, 0xCE, 0x3B, 0xDA, 0x53, 0xC3, 0x37, 0x16, 0x6E, 0xCE, 0x93, 0xD9, 0xD2, 0x20,
    0x11, 0xDB, 0x6F, 0x8F, 0xDA, 0x36, 0xB9, 0x49, 0xBA, 0xCD, 0x59, 0xD8, 0xED, 0xCC, 0x3F, 0xFC,
    0x0F, 0x3F, 0xDB, 0x5E, 0x66, 0x55, 0xD0, 0xD3, 0x67, 0xBA, 0x71, 0xC1, 0x5C, 0x72, 0x86, 0x93,
    0x34, 0x2D, 0xBD, 0xD1, 0x8F, 0xDB, 0x46, 0x57, 0x2D, 0x6F, 0xA5, 0x9C, 0x6A, 0xBC, 0x51, 0x41,
    0xE8, 0x0C, 0x16, 0x58, 0x4F, 0x34, 0xE8, 0x98, 0x68, 0x0C, 0xA2, 0x6A, 0x86, 0x8D, 0x06, 0xA2,
    0x1B, 0xC5, 0x44, 0xB7, 0x20, 0xC5, 0x16, 0xCA, 0x01, 0x40, 0x52, 0x39, 0x9D, 0x81, 0xA8, 0x51,
    0x4C, 0x54, 0x5F, 0x30, 0x51, 0x35, 0x3B, 0x03, 0x87, 0xAE, 0xCD, 0xC3, 0x8C, 0x5E, 0xA6, 0xA8,
    0xA1, 0x9E, 0x92, 0x2E, 0x64, 0xA2, 0x5D, 0x68, 0x29, 0xED, 0x23, 0x4B, 0x66, 0x52, 0xBF, 0x2E,
    0x73, 0xC3, 0xE3, 0xBC, 0x4B, 0xA6, 0x4F, 0xDB, 0xD2, 0xE2, 0x0A, 0x62, 0x89, 0x89, 0x5B, 0x43,
    0x5C, 0x78, 0x49, 0xFA, 0x9D, 0x98, 0x3F, 0x59, 0x08, 0x71, 0x02, 0x9D, 0x0A, 0xE2, 0x85, 0x25,
    0x17, 0x4A, 0x9C, 0x1C, 0xEE, 0x1E, 0x87, 0x97, 0x72, 0x10, 0xD7, 0x09, 0xD3, 0x82, 0xE9, 0x8C,
    0x98, 0x16, 0xFA, 0xE1, 0x45, 0x87, 0x69, 0x01, 0x3E, 0x0A, 0x32, 0x54, 0x4C, 0x22, 0x96, 0x41,
    0xC9, 0xCB, 0x4E, 0xDC, 0x92, 0x98, 0xBB, 0x33, 0xA5, 0xA5, 0x8C, 0x3C, 0xE3, 0xCD, 0x8D, 0x91,
    0x3F, 0x15, 0xA3, 0xF4, 0x48, 0x8C, 0xCE, 0xAF, 0xFB, 0x93, 0x2D, 0x36, 0x7A, 0xB3, 0xDA, 0xEC,
    0xD0, 0x35, 0xE0, 0xEB, 0x6D, 0x7A, 0x6F, 0xE3, 0x6F, 0x20, 0xD7, 0x37, 0x7C, 0x82, 0xFA, 0x31,
    0xD3, 0x1C, 0x18, 0x03, 0xD8, 0x2C, 0xD3, 0x0C, 0xE6, 0x2E, 0xB3, 0x95, 0xE5, 0x83, 0x9C, 0xB9,
    0xEB, 0xA7, 0xF7, 0x91, 0xAA, 0x4B, 0x44, 0xD5, 0xD5, 0x01, 0xD4, 0x3A, 0xE5, 0x24, 0x8C, 0x8B,
    0x96, 0x52, 0x2A, 0x66, 0x66, 0x9D, 0x17, 0xB5, 0xCE, 0x76, 0x71, 0xA7, 0xB3, 0x0D, 0x0D, 0xD0,
    0xA0, 0x7B, 0xCD, 0xFD, 0xB9, 0xA7, 0xB3, 0xE4, 0x6A, 0xA3, 0xB3, 0xC0, 0xCE, 0xDC, 0xBA, 0x74,
    0x62, 0x40, 0xF4, 0x59, 0x41, 0x09, 0x60, 0x1D, 0x48, 0x27, 0x82, 0xE7, 0x02, 0x75, 0x17, 0xD9,
    0x09, 0x4B, 0x71, 0x17, 0xBE, 0x6B, 0x99, 0xA3, 0xFB, 0x3A, 0xC6, 0x7F, 0x2D, 0x34, 0xD2, 0xF5,
    0x3E, 0x05, 0x76, 0x56, 0x47, 0x08, 0xEC, 0x47, 0x27, 0x01, 0x96, 0x42, 0x0B, 0xEE, 0xB9, 0x9E,
    0xAE, 0x89, 0x46, 0x59, 0xFC, 0x5E, 0xA5, 0xE2, 0x5D, 0x4B, 0x21, 0x34, 0xA4, 0x1B, 0x15, 0xF0,
    0xBD, 0xB5, 0x58, 0xD4, 0x47, 0x8B, 0x85, 0xF2, 0x93, 0xEC, 0xB6, 0xD4, 0xA2, 0x48, 0xB6, 0x48,
    0xED, 0xF9, 0xC9, 0x62, 0x51, 0x4C, 0xAB, 0xD4, 0x26, 0xF8, 0xCA, 0x8B, 0x74, 0x79, 0x69, 0xDB,
    0x89, 0x26, 0x4D, 0xDA, 0x57, 0x6F, 0x4B, 0x69, 0x4A, 0x14, 0xBA, 0x67, 0xE0, 0xDB, 0x52, 0x6B,
    0x21, 0xED, 0x8B, 0xF4, 0x43, 0x6A, 0x7F, 0x3F, 0xBF, 0x69, 0xFD, 0xEC, 0xC0, 0x6C, 0x81, 0xD1,
    0x0E, 0x29, 0x7B, 0xE7, 0x8E, 0x48, 0x59, 0xD8, 0x9B, 0x45, 0xCA, 0xEC, 0x22, 0x65, 0x3D, 0xD7,
    0xF3, 0xCE, 0x11, 0xA4, 0x0C, 0xCA, 0x64, 0x95, 0xB2, 0xA7, 0x28, 0x93, 0xF4, 0x5A, 0x99, 0x4C,
    0xD0, 0x43, 0xF1, 0xB5, 0x32, 0x69, 0xAE, 0x95, 0x49, 0x23, 0x18, 0x79, 0x30, 0xA7, 0xC0, 0x1B,
    0x96, 0x12, 0x6C, 0xA9, 0x9B, 0xF6, 0x08, 0xCC, 0x28, 0xBC, 0x83, 0x92, 0x11, 0x1B, 0xCA, 0x5A,
    0x0B, 0x0B, 0xEA, 0x6B, 0x44, 0x46, 0x3F, 0xB8, 0x63, 0x61, 0x2B, 0xC0, 0x70, 0x82, 0xC0, 0xDC,
    0xB8, 0x37, 0xDA, 0xD5, 0x3B, 0x24, 0xFD, 0x9D, 0x91, 0xFB, 0xDF, 0xCB, 0xAA, 0x5F, 0xCD, 0x54,
    0x4D, 0x04, 0x3D, 0xF2, 0x2B, 0x6B, 0x6B, 0xB6, 0xB2, 0xCE, 0xED, 0xC7, 0xF7, 0x7B, 0x0C, 0x2A,
    0x37, 0x68, 0x04, 0x1E, 0xA0, 0x3A, 0x5E, 0xC3, 0xCA, 0x0A, 0xEE, 0x74, 0xB7, 0xA3, 0xB0, 0xCA,
    0x64, 0x25, 0x4F, 0x2D, 0x70, 0x4B, 0xF6, 0xE7, 0x8C, 0xC3, 0x21, 0xEA, 0xC5, 0xB0, 0x1D, 0x61,
    0x52, 0x6C, 0x89, 0xF6, 0xB0, 0x25, 0x0A, 0x7E, 0xD6, 0x30, 0x0E, 0x1F, 0xDC, 0x1D, 0xD2, 0xBB,
    0x03, 0xD4, 0x4D, 0x97, 0x8A, 0xF2, 0x9A, 0x33, 0x59, 0xAD, 0x2E, 0x66, 0xFF, 0xDD, 0x45, 0x89,
    0x7B, 0xA7, 0x53, 0x9C, 0xD0, 0xD3, 0x71, 0xC7, 0xAC, 0x6D, 0xAF, 0x3D, 0xFB, 0x53, 0xA7, 0xD6,
    0x3B, 0xB9, 0xDE, 0xE9, 0xF5, 0x4E, 0xB0, 0x73, 0x8A, 0xD3, 0xDA, 0x3B, 0xC9, 0xDE, 0x69, 0x86,
    0x13, 0x8D, 0x71, 0x5F, 0xAF, 0x14, 0xF2, 0x97, 0x61, 0xF6, 0xD7, 0xC6, 0x49, 0x75, 0x37, 0xBF,
    0x09, 0x39, 0x08, 0x3E, 0xE9, 0xA8, 0xC0, 0xC7, 0xAC, 0x1A, 0x67, 0xE0, 0x98, 0x9A, 0x94, 0x77,
    0x22, 0x21, 0x97, 0x30, 0xA2, 0x9A, 0x83, 0xE0, 0xB8, 0xC1, 0xFC, 0xC2, 0x73, 0xEE, 0x70, 0x6D,
    0x04, 0x2B, 0xC1, 0x68, 0xB2, 0xAE, 0x9D, 0xD1, 0xAA, 0x5A, 0xA7, 0x92, 0xA3, 0x06, 0x78, 0x4F,
    0x54, 0x02, 0xBF, 0x4E, 0xEB, 0x15, 0xDA, 0x32, 0x1D, 0x64, 0xAA, 0x77, 0xD6, 0xA2, 0xCA, 0xB7,
    0x3F, 0xE9, 0xD3, 0x1A, 0x45, 0x4D, 0x1D, 0x37, 0xF8, 0x2A, 0x69, 0x19, 0x75, 0xC0, 0x3A, 0x0B,
    0x1D, 0x26, 0x8F, 0x91, 0xBF, 0x07, 0x6E, 0x9C, 0xD0, 0xC0, 0x43, 0x4B, 0x81, 0x2D, 0xD1, 0x97,
    0x18, 0x27, 0x96, 0x4E, 0xAF, 0x10, 0x3D, 0x27, 0xC7, 0xCD, 0x25, 0x8A, 0x1F, 0x0F, 0x2E, 0x31,
    0x7A, 0x07, 0x6D, 0xF0, 0xAD, 0xC3, 0x8B, 0xD3, 0xC4, 0xE8, 0x13, 0x97, 0x0B, 0xC6, 0x18, 0xF9,
    0xCD, 0x0A, 0xCF, 0x62, 0x2D, 0x54, 0x2C, 0x83, 0x8D, 0xB1, 0x90, 0xD1, 0xEE, 0x93, 0xC6, 0x0D,
    0xF7, 0x84, 0xEF, 0x18, 0xD8, 0x9E, 0x4C, 0xD0, 0xBB, 0x01, 0xD7, 0xE5, 0x68, 0x64, 0xA4, 0x55,
    0x3D, 0x42, 0x04, 0xB0, 0x5A, 0xED, 0x77, 0xCB, 0x58, 0xEF, 0x0F, 0x44, 0x5A, 0x06, 0xDD, 0xE7,
    0xEC, 0x72, 0x9F, 0xC0, 0xF7, 0x21, 0x24, 0x8C, 0x4F, 0xA4, 0x25, 0x4D, 0x92, 0x50, 0x4D, 0x38,
    0x4A, 0x22, 0x6A, 0xC3, 0x4E, 0x12, 0x41, 0x49, 0xB5, 0x24, 0x08, 0xD7, 0xD3, 0x12, 0x95, 0x9D,
    0x4B, 0x24, 0x12, 0x0B, 0xB7, 0x01, 0x94, 0x1F, 0xD0, 0x9F, 0xD8, 0xCC, 0xF1, 0xA2, 0x97, 0xA4,
    0x3D, 0xBE, 0x70, 0x0E, 0x8C, 0x65, 0xD0, 0x7C, 0x20, 0x5D, 0x2F, 0x77, 0xDA, 0xCA, 0x45, 0xBB,
    0x50, 0xF0, 0x00, 0x01, 0x1D, 0xC4, 0x79, 0x80, 0xEF, 0x00, 0xD7, 0x01, 0x9E, 0xC3, 0xE2, 0x17,
    0xEF, 0x8E, 0x66, 0xFE, 0x0E, 0x3E, 0x03, 0x67, 0x8C, 0xF0, 0x18, 0xE0, 0x30, 0xC0, 0x5F, 0x80,
    0xBB, 0x80, 0x42, 0xB7, 0xEF, 0x82, 0xFB, 0x67, 0x87, 0x5D, 0xF8, 0xF1, 0xC8, 0xCF, 0x79, 0x4E,
    0xB2, 0x9C, 0x5C, 0xA6, 0xCD, 0x9D, 0x51, 0x79, 0xFB, 0x0A, 0x97, 0xE9, 0xE1, 0x59, 0x50, 0xD4,
    0x1B, 0xEE, 0x80, 0xAA, 0x13, 0xFC, 0xFD, 0xF6, 0x93, 0x9A, 0xFB, 0x56, 0xC7, 0x2C, 0x6F, 0xCC,
    0x29, 0x23, 0x3B, 0xC3, 0xE8, 0x26, 0x7F, 0xFD, 0x7F, 0xB5, 0xD7, 0x2F, 0x91, 0xB0, 0xC7, 0x75,
    0x4D, 0x7B, 0x73, 0xF5, 0xCA, 0x6C, 0xF8, 0xDD, 0x4E, 0xCF, 0xD9, 0xEA, 0xDD, 0xA5, 0xB6, 0xE4,
    0xBC, 0xC1, 0xF4, 0x77, 0x66, 0x94, 0x81, 0xCA, 0x46, 0x1D, 0xD4, 0xBD, 0xE9, 0xB3, 0xD6, 0x34,
    0x3A, 0x7B, 0xD9, 0x10, 0xE3, 0xB3, 0xB8, 0xD7, 0xB4, 0x55, 0x93, 0xCA, 0xB6, 0x7F, 0x96, 0x33,
    0x78, 0x61, 0xC3, 0x8F, 0xB4, 0x33, 0x0C, 0x86, 0x0D, 0x6D, 0xC3, 0x6E, 0x4F, 0xDB, 0xE8, 0xBF,
    0x07, 0x4E, 0xD9, 0x96, 0xF3, 0xAA, 0x8C, 0x01, 0xD1, 0x13, 0x81, 0xCE, 0xCE, 0x18, 0x80, 0xBC,
    0x01, 0xA3, 0x5C, 0x6C, 0x07, 0xC7, 0x1C, 0x6A, 0x7B, 0xDD, 0x6D, 0xC4, 0x35, 0x93, 0xB2, 0xEE,
    0x6A, 0xE0, 0x73, 0xCB, 0x3A, 0x6B, 0x04, 0x53, 0x30, 0xE4, 0x7E, 0x9E, 0xED, 0x6E, 0x26, 0xF6,
    0x3E, 0x41, 0x9F, 0x32, 0x01, 0x8B, 0xAA, 0xC2, 0xB7, 0x80, 0x52, 0xC7, 0x87, 0xA1, 0x8A, 0x57,
    0xDD, 0xBF, 0xBD, 0x68, 0x77, 0xC1, 0x28, 0x1A, 0xAE, 0x87, 0x23, 0x96, 0xB4, 0xC2, 0xEB, 0x1D,
    0x59, 0x51, 0x0E, 0xA8, 0x8E, 0x44, 0x8E, 0x04, 0xA6, 0xCE, 0xE6, 0x24, 0x21, 0xAF, 0x7C, 0xE1,
    0xBD, 0x54, 0x1F, 0x51, 0x1D, 0x5A, 0xC4, 0x52, 0x34, 0x0A, 0x8B, 0xF4, 0xC1, 0xC5, 0x28, 0x4C,
    0x63, 0x6B, 0x47, 0xDF, 0x8C, 0x9B, 0xFD, 0x7A, 0xFE, 0xC4, 0x3A, 0x62, 0xEB, 0x18, 0xAE, 0xA3,
    0xBA, 0x8E, 0xF3, 0x3A, 0xF2, 0x8F, 0xB9, 0x12, 0xF7, 0x7E, 0xF0, 0xFE, 0x13, 0xE3, 0xA5, 0x6A,
    0x16, 0xF8, 0x5A, 0x55, 0x26, 0xE8, 0x82, 0x27, 0x4A, 0x7A, 0xB2, 0x16, 0xC6, 0x6D, 0xDC, 0xBC,
    0xB8, 0xB0, 0x06, 0xC4, 0xF0, 0x24, 0x35, 0xB9, 0x9C, 0xFE, 0xE9, 0x39, 0xE1, 0x92, 0x83, 0x55,
    0xE4, 0x34, 0x07, 0xA5, 0x6E, 0xE6, 0xD0, 0x78, 0x2B, 0xE7, 0x9B, 0xB7, 0x72, 0xE8, 0x91, 0x39,
    0xE9, 0x8C, 0x9C, 0xC4, 0x66, 0x2C, 0xD7, 0x41, 0x35, 0xB8, 0x19, 0x12, 0xC2, 0x36, 0xE8, 0x22,
    0x3B, 0x2B, 0xEE, 0x2C, 0xF1, 0x76, 0x4A, 0x1F, 0xF6, 0xE1, 0xFC, 0x83, 0x31, 0x78, 0xB7, 0xB2,
    0x1F, 0x5F, 0xB4, 0x32, 0x77, 0xC2, 0x3E, 0x86, 0x62, 0x24, 0x35, 0xC1, 0x62, 0x34, 0x44, 0x67,
    0x61, 0xAF, 0x6A, 0x67, 0x5B, 0xA3, 0x41, 0x1B, 0x56, 0x67, 0x5C, 0x0B, 0xCA, 0x4F, 0x78, 0x1E,
    0x68, 0xB7, 0x70, 0x47, 0x0E, 0x46, 0x25, 0xA7, 0xBD, 0xCF, 0x41, 0xB7, 0x07, 0xCC, 0xC5, 0xBD,
    0xB6, 0xE5, 0x69, 0x4E, 0x6E, 0xED, 0xB0, 0xD6, 0x92, 0x1C, 0x73, 0x15, 0xCE, 0x2B, 0x65, 0x08,
    0x26, 0xD4, 0xCD, 0xCE, 0x71, 0xEF, 0x1C, 0x77, 0xDF, 0xC2, 0x96, 0x2A, 0xE8, 0x7A, 0xB4, 0x10,
    0x4B, 0x81, 0xEB, 0x45, 0xF5, 0x93, 0xAA, 0xFB, 0xFA, 0x45, 0x77, 0xD4, 0x53, 0x6C, 0xE4, 0x54,
    0xB6, 0x3C, 0x19, 0x8D, 0xDF, 0x74, 0xC5, 0x74, 0x3A, 0x62, 0xA0, 0xFC, 0xC5, 0xE7, 0x04, 0xCF,
    0x92, 0x33, 0x9C, 0xE4, 0x9C, 0xC8, 0x21, 0xE0, 0xA9, 0xAC, 0x02, 0x9E, 0xCA, 0xF3, 0x2D, 0x99,
    0xF7, 0x26, 0x08, 0x29, 0x68, 0xE3, 0x9F, 0x8E, 0x94, 0xE3, 0xDB, 0x90, 0x91, 0x25, 0x73, 0xE0,
    0x9B, 0x48, 0x7F, 0x3E, 0x77, 0x31, 0x93, 0x18, 0x83, 0xA4, 0x65, 0x9F, 0x33, 0xA3, 0x09, 0x52,
    0x62, 0xE8, 0x65, 0xA2, 0x74, 0x75, 0x82, 0xD4, 0x0A, 0xF0, 0xE8, 0x5E, 0xC8, 0x4C, 0x9F, 0xD8,
    0xC0, 0xB9, 0x3B, 0xB8, 0x6D, 0x07, 0x6C, 0xC8, 0x2E, 0xDD, 0x50, 0xB6, 0xD3, 0x6F, 0x8F, 0x86,
    0xB6, 0x67, 0xB4, 0x71, 0x3F, 0xB8, 0x67, 0x1F, 0x8E, 0x89, 0xED, 0x02, 0x5B, 0x9E, 0x96, 0xD9,
    0x6F, 0xB8, 0x80, 0xBD, 0x34, 0x76, 0x36, 0x6F, 0x8F, 0xFA, 0xA7, 0x4B, 0x99, 0xBF, 0xA3, 0xF1,
    0x11, 0x7F, 0x76, 0xB0, 0xC3, 0xB0, 0xA3, 0x27, 0xFD, 0x8A, 0x91, 0x7F, 0x5E, 0x75, 0x61, 0x26,
    0x41, 0x32, 0x31, 0x5B, 0x30, 0x3F, 0x76, 0xCE, 0xF6, 0x13, 0xA9, 0x87, 0x9C, 0x43, 0xB2, 0x21,
    0xCB, 0x28, 0x73, 0xAC, 0xBA, 0x5E, 0x85, 0xBB, 0x59, 0xAA, 0x36, 0x1A, 0xE8, 0x92, 0xDE, 0x58,
    0xBE, 0x39, 0x77, 0x11, 0x9E, 0x92, 0x6E, 0x2A, 0xEE, 0xCE, 0xF7, 0xE8, 0xDE, 0x3F, 0xFF, 0xB2,
    0xBC, 0xD7, 0xFE, 0xAA, 0xBC, 0xF7, 0xFB, 0x5F, 0x96, 0x1B, 0xF3, 0xF7, 0xA4, 0x3F, 0xB8, 0x24,
    0xF1, 0x30, 0xAA, 0x06, 0xFB, 0xE7, 0x1B, 0x1A, 0xB1, 0x55, 0x6F, 0xE8, 0x9E, 0xAF, 0xDE, 0x24,
    0xB6, 0xD7, 0xFF, 0x36, 0x1A, 0xFA, 0xE6, 0x19, 0xD1, 0x06, 0xE6, 0xF7, 0x60, 0xCA, 0x49, 0xFF,
    0xFB, 0xD2, 0x63, 0xDD, 0x9A, 0xE1, 0x5F, 0xB7, 0xFF, 0xB2, 0x35, 0x83, 0x6E, 0x8F, 0xD3, 0xAA,
    0x33, 0xE3, 0x3D, 0xBE, 0xCC, 0xA8, 0x56, 0x69, 0x3B, 0xCE, 0x0B, 0x3A, 0x72, 0x3F, 0x6B, 0x5B,
    0xFE, 0x21, 0xED, 0x7F, 0xEB, 0x40, 0xA7, 0x6F, 0x0F, 0xFC, 0x45, 0x99, 0xAD, 0xFB, 0x89, 0x6B,
    0x08, 0x63, 0x3D, 0xAC, 0x5D, 0xDB, 0xBA, 0x27, 0xFF, 0xC6, 0x67, 0xFB, 0x4D, 0x41, 0x57, 0x3D,
    0xEC, 0x12, 0xF8, 0x7D, 0x5C, 0xEB, 0x17, 0xC2, 0x5D, 0xB6, 0xCB, 0x44, 0xE6, 0xD3, 0x06, 0x73,
    0xC1, 0x10, 0xB9, 0x4D, 0x4A, 0xF8, 0x70, 0x37, 0x20, 0xD1, 0x17, 0x07, 0x3D, 0xDF, 0xE7, 0x87,
    0xB9, 0x40, 0xD7, 0x2F, 0xD7, 0x47, 0xD7, 0x5F, 0xD7, 0x77, 0x64, 0xDB, 0x4C, 0xDB, 0xD6, 0x7C,
    0xA7, 0xDB, 0xD3, 0x30, 0xD2, 0x7E, 0xA0, 0x3D, 0x43, 0x4E, 0x9B, 0x7F, 0xEC, 0xB4, 0x6D, 0xC2,
    0x99, 0xE8, 0xBD, 0xA0, 0xBF, 0xFD, 0x67, 0xF9, 0xCF, 0xED, 0xF1, 0x94, 0xD0, 0x13, 0x6E, 0xDB,
    0x67, 0x08, 0x98, 0x32, 0x7C, 0xF5, 0x97, 0xD8, 0xA7, 0xFE, 0x09, 0xEC, 0xC1, 0x70, 0x14, 0x7B,
    0x3D, 0x46, 0x6B, 0x0E, 0x6E, 0xD1, 0x86, 0x75, 0xE8, 0x9C, 0x31, 0x1A, 0x69, 0xDD, 0x75, 0xDA,
    0xD3, 0xB2, 0x25, 0xE1, 0x06, 0xC0, 0x9C, 0x26, 0x5B, 0xAE, 0x2D, 0xD5, 0xBC, 0x0D, 0x42, 0x58,
    0x8C, 0x7A, 0x0A, 0x06, 0x03, 0x4D, 0x45, 0x66, 0x62, 0x16, 0xEC, 0xCC, 0xFF, 0xD7, 0xFC, 0xE6,
    0x5C, 0x7C, 0x50, 0x34, 0x68, 0x8E, 0xB5, 0xD8, 0x91, 0x17, 0x97, 0xFE, 0x2E, 0x37, 0xD2, 0xF6,
    0xB7, 0xF7, 0x6E, 0xC4, 0x2D, 0xF4, 0x7B, 0x37, 0x39, 0x1A, 0x20, 0x0E, 0x9B, 0x00, 0x79, 0xC4,
    0x0B, 0x57, 0x04, 0x85, 0x5D, 0x35, 0x10, 0x00, 0xA9, 0xDB, 0xA6, 0xEF, 0xEE, 0xD4, 0xF4, 0xCD,
    0x71, 0x1F, 0x9B, 0xBE, 0x28, 0x83, 0xB2, 0x5C, 0x27, 0x43, 0x5D, 0x74, 0xF9, 0xF3, 0xB8, 0x31,
    0xE6, 0x58, 0x25, 0x77, 0xCE, 0x6C, 0xDE, 0xA7, 0x65, 0x38, 0xA8, 0xAB, 0xFB, 0x08, 0x4E, 0xD4,
    0x74, 0x31, 0x11, 0x4C, 0xBD, 0x98, 0xDB, 0xA0, 0x1F, 0x5C, 0x34, 0x46, 0x24, 0x25, 0x18, 0xB8,
    0xDD, 0x23, 0xF9, 0xB6, 0xBB, 0x7B, 0x8F, 0xBC, 0x2D, 0xBF, 0x43, 0x99, 0x94, 0xCB, 0x42, 0xFD,
    0x27, 0x76, 0xE0, 0xA7, 0x45, 0x33, 0x8D, 0x6B, 0x04, 0xC5, 0x2D, 0xBD, 0xAA, 0x76, 0x2A, 0x06,
    0x05, 0x82, 0xE1, 0x76, 0x81, 0x35, 0x20, 0x73, 0xFF, 0x19, 0x02, 0x32, 0x58, 0xF7, 0x02, 0xBF,
    0xEE, 0x75, 0x08, 0x4E, 0x3A, 0x06, 0x69, 0xE6, 0xE8, 0x1D, 0x1C, 0x7D, 0x34, 0x04, 0xFC, 0x92,
    0x1B, 0xAF, 0x27, 0xBC, 0x76, 0xAF, 0xAE, 0xF9, 0xB2, 0xBD, 0xE7, 0xF8, 0x1E, 0xCC, 0x4C, 0x9B,
    0xC2, 0x96, 0xA6, 0x4A, 0xEA, 0x74, 0x1F, 0x35, 0xE9, 0x96, 0x6F, 0x73, 0xBF, 0x4E, 0xB5, 0xCD,
    0xD2, 0x78, 0x7A, 0xE6, 0x71, 0x4E, 0xF7, 0x18, 0xEB, 0xC7, 0x8D, 0x73, 0x6A, 0x33, 0x1F, 0xFA,
    0xFD, 0xC1, 0x8C, 0xD6, 0x99, 0x2C, 0x25, 0xC6, 0x90, 0xE3, 0xFA, 0x0C, 0xC6, 0xDC, 0x96, 0x28,
    0x02, 0x20, 0x7A, 0x24, 0x08, 0x67, 0x06, 0x8A, 0xA9, 0x6D, 0xF5, 0x87, 0x9C, 0x4A, 0xC9, 0x03,
    0xFD, 0xB6, 0xC5, 0x0B, 0x5B, 0x6F, 0x23, 0xFB, 0x33, 0x47, 0x45, 0xE8, 0x09, 0x65, 0xE1, 0x01,
    0x6E, 0xCC, 0xF7, 0xAD, 0x49, 0x5A, 0xE0, 0x63, 0xC7, 0x93, 0xAC, 0x7A, 0x8D, 0x18, 0x71, 0x84,
    0x6F, 0xE0, 0xA4, 0x5B, 0xFC, 0x63, 0xB8, 0xCD, 0x10, 0x00, 0x0D, 0x90, 0x0A, 0x40, 0x33, 0x36,
    0x78, 0xBB, 0x45, 0xB9, 0x81, 0xC9, 0xC2, 0x8E, 0xC7, 0x8E, 0x43, 0x90, 0xA9, 0xD2, 0xAB, 0xD9,
    0xBD, 0xB7, 0x39, 0x7C, 0xD4, 0x1C, 0xF3, 0xC7, 0xBF, 0xDC, 0x00, 0x9C, 0xAD, 0xCB, 0xDB, 0x26,
    0xE4, 0x6A, 0xE6, 0x67, 0xA2, 0x8F, 0x21, 0x2D, 0x33, 0xAD, 0xD3, 0xB2, 0x26, 0xC4, 0xB3, 0x49,
    0x8D, 0x70, 0x11, 0x36, 0x68, 0x15, 0xBC, 0x25, 0x44, 0xAE, 0x05, 0x64, 0x7B, 0x55, 0xEA, 0x4C,
    0x52, 0x67, 0x2A, 0x4B, 0x09, 0xA1, 0x6E, 0x4A, 0x73, 0xCC, 0x4D, 0x28, 0xDF, 0xA8, 0x47, 0x6C,
    0xB5, 0xA1, 0x96, 0x70, 0x1D, 0x87, 0xDD, 0xA7, 0x1F, 0x4C, 0x24, 0xA3, 0x21, 0xBB, 0x43, 0x37,
    0xC7, 0x3E, 0xB4, 0xDF, 0x6D, 0x64, 0x24, 0x79, 0x88, 0x6D, 0x76, 0x3C, 0xC4, 0x1F, 0xFA, 0xB1,
    0x0F, 0xE7, 0x27, 0x7B, 0x76, 0x41, 0x76, 0xF2, 0x01, 0x14, 0x3E, 0x80, 0xC6, 0x07, 0x28, 0xF0,
    0xE1, 0xAF, 0x3F, 0x40, 0x46, 0xBB, 0x9B, 0x97, 0xAA, 0x3F, 0xD5, 0x8F, 0x48, 0x82, 0x3C, 0x1D,
    0xA9, 0x0F, 0x60, 0x7A, 0xFD, 0x39, 0x99, 0x65, 0x84, 0x81, 0x53, 0xBA, 0x9E, 0x81, 0x54, 0x3F,
    0xCD, 0x41, 0xC7, 0xF4, 0xC9, 0x6F, 0x3A, 0xE8, 0xF9, 0xA3, 0x1D, 0xF4, 0xAF, 0x22, 0xFA, 0x88,
    0xE0, 0x23, 0xF6, 0x13, 0x97, 0xD0, 0xA3, 0xDC, 0x18, 0x79, 0x63, 0x69, 0xCC, 0xBF, 0x06, 0xEB,
    0x26, 0xEC, 0x4D, 0x76, 0xB7, 0x4B, 0xB1, 0x59, 0xE0, 0x3C, 0xA2, 0x64, 0x02, 0x14, 0x53, 0x3A,
    0x98, 0xB4, 0x2C, 0x0C, 0x61, 0x27, 0xCB, 0x79, 0x89, 0x01, 0x23, 0x92, 0xF4, 0x6A, 0xA9, 0x86,
    0x03, 0x20, 0xCD, 0x47, 0x7B, 0x46, 0x89, 0x7B, 0xE1, 0x76, 0x46, 0x2F, 0x65, 0xED, 0x4D, 0x33,
    0xAC, 0x09, 0x22, 0xE0, 0xD8, 0x5B, 0xCC, 0x70, 0x98, 0x01, 0xEB, 0x74, 0xD4, 0x61, 0xF7, 0x3D,
    0xEC, 0xB0, 0xFD, 0xFE, 0x17, 0x5D, 0x5E, 0xD5, 0x0C, 0xB1, 0x01, 0xFF, 0x6D, 0xEE, 0xF1, 0xC0,
    0xD0, 0xD0, 0x9E, 0xA1, 0xAA, 0xEF, 0x31, 0xE4, 0x4D, 0x78, 0x86, 0xDC, 0x13, 0x86, 0x94, 0x4E,
    0x80, 0x44, 0x4F, 0x80, 0xF1, 0x0C, 0xA8, 0x6D, 0x0D, 0x3A, 0xE7, 0x25, 0xC3, 0x5C, 0x0C, 0x13,
    0x0C, 0x62, 0xE8, 0x75, 0xEC, 0x3B, 0x44, 0xBA, 0x95, 0x0D, 0x9D, 0x3A, 0x64, 0x30, 0xD1, 0xC9,
    0x7A, 0xF7, 0x1C, 0x01, 0xE8, 0xCF, 0x70, 0x13, 0x15, 0xBD, 0xA0, 0xD0, 0x7D, 0x09, 0x16, 0xC4,
    0xA2, 0x04, 0xC6, 0xA6, 0x8E, 0xE0, 0x32, 0x24, 0x87, 0x01, 0x91, 0xEF, 0x70, 0xD2, 0x38, 0x1C,
    0x0D, 0x0E, 0x93, 0x5D, 0x0A, 0xA4, 0xDD, 0x8D, 0x9D, 0xBB, 0x5C, 0xFA, 0x67, 0xCB, 0x14, 0x7D,
    0xFC, 0xC8, 0x76, 0xAA, 0xE4, 0xB6, 0xDB, 0x0F, 0x47, 0x55, 0x6B, 0x6C, 0xFF, 0xEF, 0x93, 0x9A,
    0xB7, 0x64, 0x2C, 0xED, 0xE2, 0xDA, 0xC0, 0xD4, 0xD8, 0xC4, 0x0D, 0xB6, 0x66, 0x04, 0x13, 0xD1,
    0x31, 0xC6, 0x36, 0x0D, 0xB0, 0x2F, 0x87, 0xED, 0x1A, 0x60, 0x6C, 0xD9, 0x00, 0xE3, 0x7B, 0x03,
    0xE3, 0xEB, 0x03, 0x83, 0xEF, 0x8A, 0x83, 0xE3, 0xF3, 0x54, 0xF3, 0xF1, 0x79, 0xAA, 0x90, 0x9B,
    0xB4, 0x8B, 0x06, 0x55, 0x1F, 0x00, 0x76, 0xFC, 0xB8, 0x86, 0xB4, 0x53, 0x84, 0xB4, 0x0D, 0x6A,
    0x4C, 0x2E, 0x38, 0x85, 0x30, 0xD5, 0xE3, 0x62, 0x55, 0xBA, 0x44, 0x35, 0x10, 0xF0, 0xA4, 0x00,
    0x72, 0x3C, 0x1A, 0xD0, 0x4B, 0x7D, 0x14, 0x03, 0x9B, 0x39, 0xA7, 0xB1, 0xAA, 0x10, 0xE4, 0x95,
    0x2D, 0x55, 0xA3, 0x7E, 0xC5, 0x4C, 0xD5, 0xC2, 0x74, 0x03, 0x0F, 0x54, 0x22, 0x68, 0x07, 0xBF,
    0xF0, 0xBA, 0xE3, 0x5F, 0x3E, 0x2A, 0x92, 0x82, 0x5E, 0xC1, 0xAB, 0xF4, 0x57, 0x8E, 0x57, 0x0F,
    0xD5, 0x31, 0xBD, 0x62, 0x64, 0x7A, 0x67, 0x97, 0x4C, 0x0F, 0xA1, 0x46, 0xCC, 0xC1, 0x86, 0xA2,
    0x01, 0x41, 0xFC, 0x96, 0xE9, 0x99, 0xD2, 0x77, 0x5F, 0xBA, 0xCA, 0x40, 0xAF, 0xFD, 0x2D, 0x48,
    0x5D, 0x7D, 0x45, 0x42, 0xF8, 0x1D, 0x36, 0xDA, 0xB3, 0x55, 0x3F, 0x75, 0x2E, 0xC8, 0x26, 0x0B,
    0x96, 0xA9, 0x61, 0xF6, 0x70, 0x4C, 0x24, 0xCB, 0x11, 0x0A, 0x3E, 0xE0, 0xB0, 0xD3, 0xE1, 0xD1,
    0x47, 0xB7, 0x8A, 0x35, 0x80, 0xD9, 0x09, 0x29, 0x06, 0xF3, 0x53, 0xE9, 0xB1, 0x29, 0x76, 0xFB,
    0x3C, 0xD8, 0x7B, 0x2F, 0x90, 0x09, 0x06, 0xEE, 0xF4, 0x47, 0x53, 0x01, 0xA7, 0x13, 0xD3, 0x46,
    0x0D, 0xC4, 0x30, 0x93, 0x20, 0xA2, 0xFA, 0xA8, 0x26, 0x95, 0xA1, 0x43, 0xCE, 0x00, 0x8C, 0x26,
    0x2C, 0x2B, 0x30, 0x38, 0xBC, 0xB1, 0xD1, 0x7F, 0x8D, 0x82, 0xCE, 0x64, 0x51, 0xB7, 0xD8, 0x57,
    0xDC, 0xDB, 0xA5, 0x7E, 0x6C, 0x5B, 0xAE, 0x8F, 0x78, 0x00, 0x76, 0x08, 0x1E, 0x5B, 0xFF, 0x85,
    0x97, 0xA8, 0xDF, 0xAB, 0xB7, 0xFB, 0xCB, 0xE2, 0xA3, 0xCE, 0x58, 0xDB, 0xAA, 0xBE, 0xCA, 0x8E,
    0xFD, 0xAA, 0xB4, 0xBC, 0x24, 0x53, 0x16, 0x54, 0x70, 0xE3, 0xB6, 0xB6, 0xA3, 0xAD, 0x68, 0x35,
    0x6E, 0x37, 0xA5, 0xA4, 0xDF, 0x87, 0x1D, 0x3C, 0xC0, 0x89, 0xA2, 0xA7, 0xD5, 0x91, 0x7A, 0xAF,
    0xFD, 0x11, 0x99, 0xE2, 0x82, 0x34, 0xE7, 0xC7, 0xBF, 0x1F, 0xE8, 0x39, 0xEC, 0x22, 0x37, 0x07,
    0xFC, 0xA5, 0x61, 0xF9, 0x59, 0xA2, 0x49, 0xD7, 0x34, 0x60, 0x9E, 0xA3, 0xC3, 0x3A, 0x73, 0xB5,
    0x07, 0x2C, 0x55, 0x7C, 0x3F, 0x94, 0x71, 0x41, 0xFF, 0xA1, 0x23, 0xE5, 0xF0, 0x57, 0x1F, 0xB5,
    0xF1, 0x55, 0x3A, 0x45, 0xAD, 0xAA, 0x4D, 0x85, 0xD5, 0x74, 0xAB, 0x05, 0x2A, 0x1C, 0x93, 0xD8,
    0x14, 0x51, 0x7B, 0xE0, 0xA2, 0x88, 0x72, 0x25, 0xF6, 0x47, 0x9C, 0x43, 0xCA, 0x62, 0xC5, 0x8D,
    0x04, 0x42, 0xC0, 0x6B, 0xAC, 0xE3, 0xDC, 0xA2, 0x5A, 0xA8, 0x31, 0x74, 0x94, 0x89, 0xF4, 0x33,
    0x43, 0xB5, 0xC0, 0xB8, 0xF1, 0x6B, 0x54, 0xD2, 0x08, 0xDD, 0xA1, 0x28, 0x65, 0x92, 0xBB, 0xED,
    0xE9, 0x47, 0x47, 0x1A, 0xBF, 0x3B, 0x98, 0xCC, 0xA8, 0x59, 0x95, 0xB9, 0xD6, 0x3C, 0x3D, 0xFF,
    0x54, 0x31, 0x78, 0x8D, 0x53, 0x39, 0xE7, 0xD5, 0x26, 0x1E, 0xD4, 0x13, 0x22, 0x8D, 0x25, 0xFF,
    0x45, 0x0D, 0x8F, 0x8C, 0x6A, 0xE5, 0xCC, 0x0A, 0x4D, 0xCE, 0xEA, 0xDF, 0xAC, 0x33, 0xF3, 0x00,
    0xB0, 0xD3, 0x53, 0x9A, 0x21, 0x3E, 0x4D, 0x06, 0x71, 0x36, 0x53, 0xD3, 0x4C, 0x8A, 0x01, 0x9A,
    0x21, 0x5F, 0x6F, 0xA6, 0x65, 0xC9, 0xA6, 0x47, 0x83, 0x68, 0x66, 0xA0, 0x6C, 0xBD, 0x61, 0xEB,
    0x07, 0x00, 0x79, 0x9B, 0xF5, 0x18, 0x8E, 0x69, 0x70, 0x8C, 0x00, 0xDD, 0x72, 0x7B, 0xF1, 0x21,
    0xDF, 0x71, 0xB3, 0xDE, 0xA1, 0xF3, 0x53, 0x1B, 0xF3, 0xE3, 0xDF, 0x76, 0x79, 0xFC, 0x7E, 0xBD,
    0xE7, 0xBC, 0x2D, 0xDF, 0x06, 0x9B, 0x5C, 0x10, 0xF2, 0x49, 0x62, 0x0D, 0x27, 0x01, 0x3E, 0xC4,
    0xAF, 0x0C, 0xDF, 0xD5, 0x5F, 0x83, 0x81, 0xBF, 0xC3, 0xBA, 0x78, 0xF7, 0xA2, 0x49, 0x99, 0xC9,
    0x1D, 0xFB, 0x80, 0x28, 0x78, 0xCF, 0xA9, 0x60, 0x11, 0x96, 0xC5, 0x72, 0xDE, 0xB9, 0xC2, 0x81,
    0x37, 0xAC, 0x6B, 0x37, 0xF1, 0xB8, 0x4E, 0x66, 0xF8, 0x3E, 0xF5, 0xA2, 0xBC, 0x11, 0x79, 0x1A,
    0x01, 0xB7, 0x3E, 0x02, 0x9E, 0x23, 0x02, 0x6E, 0xD6, 0x08, 0xB8, 0xAE, 0xCF, 0x4E, 0x23, 0xE0,
    0x96, 0x01, 0x99, 0xCF, 0x0E, 0x84, 0x00, 0x80, 0x19, 0xCD, 0x48, 0xFB, 0x27, 0xFC, 0x3D, 0xBF,
    0x15, 0xF4, 0x99, 0x6E, 0x33, 0xE2, 0x47, 0xFB, 0xA7, 0xFC, 0xD0, 0x90, 0x6A, 0xC4, 0xCF, 0xF9,
    0x66, 0xA5, 0xFE, 0xF8, 0xA2, 0x33, 0x14, 0x0E, 0xFC, 0x6A, 0xFC, 0x86, 0x9F, 0xFE, 0x47, 0xF7,
    0x97, 0x39, 0x8F, 0xDF, 0x4D, 0x86, 0xA2, 0x21, 0xE5, 0xB2, 0x5C, 0xA7, 0x46, 0x5D, 0xCA, 0xF8,
    0x2F, 0x6A, 0xE4, 0x64, 0x4A, 0x38, 0xAC, 0xE7, 0x7F, 0x37, 0xA7, 0x3E, 0xAE, 0x08, 0xB5, 0xCE,
    0x24, 0x05, 0x41, 0x77, 0x6F, 0xDD, 0x31, 0x2F, 0x4C, 0x83, 0x68, 0xFE, 0x79, 0x47, 0x04, 0x92,
    0x74, 0xF7, 0x4A, 0xAC, 0x9B, 0xCF, 0x02, 0x42, 0xEB, 0x01, 0xC5, 0xF5, 0x23, 0x7F, 0x0A, 0x01,
    0xBF, 0xFA, 0xA0, 0x59, 0xA0, 0x6B, 0x36, 0x18, 0xF2, 0xFB, 0xFC, 0x28, 0x71, 0x02, 0xAE, 0x37,
    0x43, 0x82, 0x93, 0x1F, 0x97, 0x49, 0x54, 0x33, 0x8C, 0x6C, 0xC6, 0x39, 0xD7, 0xD7, 0xFE, 0x59,
    0x7F, 0xEE, 0x03, 0xC4, 0x33, 0xA5, 0xCC, 0xEB, 0xBC, 0x7D, 0x51, 0xCE, 0x35, 0x40, 0xCB, 0xA7,
    0x35, 0x4E, 0x32, 0x0E, 0x98, 0xCA, 0xB9, 0x2F, 0x6E, 0xCE, 0x6B, 0x2E, 0x16, 0xCF, 0x68, 0xF0,
    0x93, 0x7F, 0x2F, 0xBB, 0x06, 0x5F, 0x94, 0xD2, 0x60, 0xFC, 0x38, 0xC1, 0x8F, 0x9C, 0xC9, 0xAF,
    0x9E, 0x5A, 0x7D, 0x4B, 0xF4, 0x94, 0x1F, 0x3B, 0x15, 0x51, 0x0D, 0x8F, 0xD4, 0x66, 0xF1, 0xB4,
    0xB6, 0xBF, 0xD9, 0x07, 0xD9, 0x1E, 0xE2, 0x80, 0x66, 0x27, 0x50, 0x39, 0xC4, 0x1D, 0x41, 0x77,
    0xA2, 0xEE, 0x85, 0xA8, 0xDB, 0x9C, 0xB7, 0xC6, 0xB5, 0x3F, 0xED, 0xAB, 0x36, 0xA8, 0x5A, 0xD9,
    0xE3, 0x1A, 0xA1, 0x8C, 0x92, 0x87, 0x17, 0x1F, 0x57, 0xE9, 0xFB, 0x16, 0x67, 0x5B, 0x5A, 0x05,
    0xEB, 0x06, 0x6E, 0x7D, 0x32, 0x8A, 0x3B, 0x1A, 0x0C, 0x32, 0x26, 0x10, 0x7C, 0x4E, 0x60, 0xA5,
    0x77, 0x09, 0x18, 0xB8, 0x63, 0x88, 0x84, 0xCF, 0x41, 0xC8, 0xDD, 0x15, 0x36, 0x14, 0xB2, 0xDE,
    0x90, 0x63, 0x83, 0x4C, 0xA7, 0x91, 0xF3, 0xF4, 0xAA, 0xD1, 0xF5, 0xBB, 0x15, 0xBF, 0x04, 0x51,
    0x3B, 0x51, 0x50, 0xC7, 0xF4, 0x87, 0xC4, 0xCD, 0xF0, 0x17, 0xE7, 0x50, 0x13, 0xC3, 0x89, 0x69,
    0xD9, 0x52, 0xB7, 0x3D, 0x22, 0xEA, 0xD3, 0xFC, 0x96, 0xD8, 0x6D, 0x55, 0xB7, 0x08, 0x62, 0x2D,
    0xC7, 0xB2, 0x91, 0xA5, 0x24, 0xA2, 0x0E, 0x5D, 0xE0, 0x83, 0xBB, 0x78, 0x06, 0x16, 0x49, 0x5E,
    0x4F, 0xB4, 0x28, 0xF1, 0x03, 0x80, 0xA1, 0x1B, 0x39, 0x2B, 0x43, 0x5C, 0x2D, 0x7C, 0xD3, 0xE9,
    0x55, 0x65, 0x87, 0xF5, 0x38, 0xB6, 0x5C, 0x86, 0x3E, 0x57, 0x9C, 0xDA, 0x6B, 0xAC, 0x3A, 0x92,
    0x03, 0xE3, 0xC5, 0x18, 0xF6, 0xB0, 0x11, 0xCE, 0x0E, 0xC1, 0x88, 0x76, 0xD1, 0x8E, 0x2E, 0xD1,
    0x4E, 0x1A, 0x5D, 0xFB, 0xA3, 0x9E, 0x52, 0x60, 0xD5, 0xB8, 0x13, 0x04, 0x0C, 0xA4, 0xBF, 0x66,
    0xE9, 0xEF, 0x12, 0xEE, 0x06, 0x36, 0xCB, 0x09, 0x82, 0xA2, 0xC6, 0xE0, 0xCB, 0xCE, 0x96, 0xC1,
    0x49, 0x89, 0x87, 0x96, 0xC7, 0x11, 0x9B, 0xE5, 0x18, 0x57, 0xBA, 0x40, 0x7F, 0x4B, 0x3F, 0x59,
    0x3E, 0x57, 0x6C, 0xC6, 0x6B, 0x2C, 0x3B, 0xC2, 0x83, 0x19, 0xFF, 0xE9, 0xDE, 0xBD, 0x37, 0x70,
    0x23, 0x8D, 0x3C, 0xB7, 0xD9, 0x9B, 0x2C, 0xBB, 0xEA, 0xDF, 0x3A, 0xDA, 0xEC, 0xFD, 0xE1, 0xD1,
    0xCE, 0x7B, 0x46, 0x8B, 0x5F, 0xA8, 0x7A, 0x7F, 0x8E, 0x77, 0xE2, 0xEE, 0x46, 0xBD, 0x6A, 0x49,
    0x35, 0xD1, 0x80, 0xBE, 0xCF, 0xCE, 0x68, 0x7E, 0x1D, 0xA6, 0xE8, 0xCB, 0x44, 0x2F, 0x48, 0x6C,
    0x95, 0x0A, 0xE2, 0x1F, 0x0E, 0x9E, 0x52, 0xDC, 0x25, 0x1D, 0x05, 0x63, 0x5A, 0x73, 0x4E, 0xE5,
    0x8C, 0x22, 0xE7, 0x13, 0xC3, 0xBE, 0x97, 0x71, 0xC1, 0x20, 0xB5, 0x18, 0xB1, 0xE1, 0x44, 0xDF,
    0x7B, 0x43, 0xDF, 0x00, 0xA4, 0x25, 0x03, 0x70, 0xAD, 0x99, 0xAB, 0x42, 0xA9, 0xE5, 0x40, 0xF3,
    0x59, 0x8E, 0x1A, 0x63, 0x30, 0xC8, 0xA1, 0x11, 0xBA, 0xBE, 0xDE, 0x40, 0x0F, 0x76, 0xB1, 0x1D,
    0x68, 0xAF, 0xDF, 0xE7, 0x46, 0x56, 0xD0, 0x86, 0x23, 0x13, 0xD5, 0xA0, 0x42, 0xE4, 0x40, 0xE2,
    0xFE, 0x5B, 0x44, 0xE3, 0xA4, 0x5B, 0x05, 0xC9, 0xC8, 0x71, 0x76, 0xC6, 0xDC, 0x38, 0x60, 0x9B,
    0xCE, 0xA7, 0x2D, 0xD5, 0x68, 0xA9, 0x42, 0x4B, 0x53, 0xB4, 0x74, 0x83, 0x53, 0x65, 0x5B, 0xB8,
    0x0B, 0x7B, 0x4C, 0x3F, 0x5E, 0x73, 0x54, 0xB3, 0x47, 0x4B, 0x39, 0x8F, 0xC6, 0x8D, 0xC6, 0x7E,
    0x54, 0x41, 0xEC, 0x24, 0x8C, 0xDC, 0x82, 0xB8, 0xE7, 0x96, 0x06, 0x27, 0x07, 0x64, 0xDB, 0xF5,
    0x80, 0xEC, 0xF7, 0x8F, 0x0E, 0xC8, 0xD2, 0x7A, 0x40, 0x56, 0xB9, 0x03, 0xB2, 0xFE, 0x4C, 0xD8,
    0x29, 0xF6, 0xF9, 0xBE, 0x1C, 0xE3, 0x18, 0xF5, 0x34, 0x3F, 0x80, 0x4E, 0x72, 0xF5, 0xC7, 0x04,
    0xBA, 0xA1, 0xB5, 0x64, 0x8E, 0xCF, 0x34, 0xE9, 0x05, 0x33, 0xFF, 0x14, 0xFC, 0xA7, 0xEF, 0xBA,
    0x03, 0xBA, 0x0D, 0x55, 0xCB, 0x01, 0xDD, 0xB4, 0x13, 0xFE, 0xC8, 0x82, 0x37, 0xEF, 0xF8, 0x54,
    0xF3, 0xC2, 0xB7, 0xA8, 0x25, 0xC2, 0xC7, 0x26, 0xC5, 0xC2, 0x7F, 0x48, 0x1A, 0xC1, 0xFB, 0xA8,
    0x13, 0xFE, 0xF7, 0x42, 0xC7, 0xFF, 0x8C, 0x40, 0x17, 0x51, 0x59, 0xC7, 0x7F, 0x5A, 0x4F, 0xEE,
    0x45, 0x6E, 0x53, 0xA8, 0x89, 0xAC, 0x44, 0x00, 0x87, 0x80, 0x67, 0x22, 0x54, 0xA4, 0x57, 0x81,
    0xE8, 0x92, 0xC7, 0xF9, 0xC9, 0x19, 0x1E, 0x87, 0x4B, 0xC6, 0x39, 0xB0, 0x6B, 0xA7, 0xC6, 0x0C,
    0x04, 0x6E, 0x18, 0xF3, 0x83, 0xEE, 0xC9, 0x64, 0x7C, 0x46, 0x59, 0xCF, 0x4C, 0x37, 0xB4, 0x83,
    0xAE, 0xC4, 0x75, 0x1B, 0xF4, 0x5F, 0x42, 0xB8, 0x85, 0x0E, 0x7D, 0x2E, 0xB8, 0x5C, 0xB0, 0x3D,
    0xC6, 0x72, 0x62, 0xF1, 0x9D, 0xE5, 0x40, 0xF4, 0xE0, 0xBE, 0xF7, 0x9B, 0xEE, 0x7B, 0xF7, 0x18,
    0xEF, 0xE5, 0xC4, 0xA3, 0x3F, 0x01, 0x99, 0x0B, 0xBD, 0x0B, 0x77, 0x76, 0x2D, 0xB6, 0xDD, 0x01,
    0x58, 0xFF, 0xA7, 0xCB, 0x37, 0xEE, 0x0C, 0x1B, 0x74, 0x00, 0xEA, 0x05, 0x9D, 0x3B, 0xC3, 0x16,
    0x76, 0xBA, 0x06, 0xDD, 0xE8, 0xA1, 0x15, 0xB9, 0x8A, 0x8E, 0xCF, 0x04, 0x5E, 0x4C, 0xF8, 0xDE,
    0x12, 0x1A, 0x70, 0x67, 0xB9, 0xCE, 0x3B, 0x96, 0x0B, 0xC8, 0xBA, 0xED, 0xDD, 0x0A, 0x5F, 0x34,
    0x24, 0x71, 0x71, 0x53, 0x53, 0x48, 0x84, 0x76, 0x00, 0x7A, 0x5C, 0x59, 0xBE, 0x1E, 0x90, 0xB6,
    0x72, 0x65, 0xC5, 0x03, 0x2E, 0xC7, 0x2A, 0x0D, 0xF5, 0x5A, 0xAE, 0x97, 0x2E, 0x74, 0x78, 0xDA,
    0x80, 0x2E, 0x85, 0x8E, 0x8F, 0xE7, 0x7B, 0xF2, 0x8F, 0x51, 0x90, 0xB7, 0xB3, 0x4B, 0xE2, 0x58,
    0xAF, 0x95, 0x59, 0x0C, 0xC3, 0x08, 0x53, 0xBA, 0x63, 0x3A, 0x91, 0xB8, 0xFB, 0x21, 0x80, 0xAA,
    0x85, 0x39, 0xB0, 0x13, 0x82, 0x5F, 0x32, 0x87, 0x0D, 0x63, 0xF0, 0xDF, 0x88, 0xC3, 0x50, 0xC8,
    0x5E, 0x53, 0xE7, 0xF8, 0xCF, 0xFE, 0x1F, 0xA3, 0x98, 0xAE, 0xAC, 0xBC, 0xA9, 0xF0, 0x47, 0xFF,
    0x85, 0x7F, 0x0D, 0x4D, 0x57, 0x60, 0xCC, 0x98, 0xCE, 0xD9, 0x21, 0x1C, 0xEC, 0x5B, 0x23, 0x56,
    0xFE, 0xAA, 0x97, 0x93, 0x70, 0x98, 0x6F, 0x3A, 0x43, 0xB8, 0x1C, 0xEE, 0x2D, 0x56, 0x7E, 0x17,
    0xBE, 0x74, 0xD8, 0x48, 0x92, 0x08, 0x7C, 0x7F, 0x66, 0x5B, 0x60, 0x63, 0xED, 0x8C, 0xFC, 0xEA,
    0x8A, 0x2A, 0x59, 0xF9, 0x3B, 0x2E, 0xA2, 0x1E, 0xEA, 0x87, 0x38, 0xC3, 0xE8, 0x56, 0xFE, 0x01,
    0x67, 0x27, 0xBF, 0xB0, 0x95, 0xBF, 0x18, 0x4F, 0x31, 0x02, 0x72, 0xBF, 0xA0, 0x68, 0x24, 0x38,
    0x33, 0x38, 0x68, 0x7D, 0x91, 0xC9, 0x99, 0x67, 0x5D, 0x9E, 0xAD, 0xFF, 0xB3, 0xB5, 0x5F, 0x53,
    0xBB, 0xF5, 0xBF, 0xB7, 0xD2, 0x02, 0x2A, 0x6C, 0xF6, 0xEE, 0xD9, 0xBA, 0x85, 0x72, 0x72, 0x20,
    0xD0, 0x1D, 0x04, 0xBD, 0xDF, 0xBB, 0x83, 0xA0, 0x81, 0x3F, 0x08, 0x9A, 0xC3, 0xA7, 0x7F, 0xF1,
    0xE4, 0x00, 0xA8, 0xC3, 0x19, 0x85, 0x5D, 0x60, 0xE7, 0x0B, 0x60, 0x08, 0x11, 0xF2, 0xAB, 0x06,
    0x6E, 0x11, 0x84, 0xDD, 0x1D, 0x7B, 0x66, 0x3A, 0x32, 0x19, 0x78, 0xDB, 0xFE, 0x77, 0xF6, 0xAD,
    0xF5, 0x20, 0x28, 0x84, 0x08, 0x93, 0x67, 0x59, 0x89, 0x65, 0x6F, 0xDA, 0x1F, 0xF7, 0x05, 0xE1,
    0xFC, 0xF1, 0xE6, 0xF4, 0x69, 0xDC, 0xC8, 0xAD, 0x2E, 0x09, 0x42, 0xB5, 0x51, 0x1D, 0x74, 0xCE,
    0x3C, 0x27, 0x24, 0x28, 0xFC, 0xD4, 0xC0, 0x32, 0x08, 0x00, 0xC4, 0xA0, 0x06, 0x69, 0x43, 0x60,
    0x0F, 0x1F, 0x41, 0x7E, 0x62, 0x19, 0x7E, 0x93, 0x03, 0xF4, 0x0A, 0x67, 0xA4, 0x4A, 0xEF, 0x7B,
    0x3C, 0xFF, 0xEF, 0xA6, 0x97, 0x12, 0x54, 0x13, 0x26, 0x45, 0x9D, 0x3E, 0x38, 0xC7, 0xBA, 0x00,
    0x6F, 0x2A, 0x63, 0x4C, 0xBA, 0x71, 0x1B, 0x84, 0x89, 0x0B, 0xFB, 0xA1, 0x71, 0xA8, 0xF6, 0xC3,
    0x4B, 0x0A, 0x46, 0xF3, 0x1F, 0xF7, 0x7B, 0x6D, 0x6D, 0x83, 0x75, 0xD9, 0xAD, 0x51, 0x85, 0xAD,
    0x0F, 0x91, 0x9C, 0x95, 0xAC, 0xF1, 0xE3, 0xC4, 0x40, 0xED, 0x74, 0xDE, 0x71, 0xBE, 0x9E, 0x61,
    0xDD, 0xA6, 0x96, 0x36, 0xF7, 0xB3, 0x7B, 0x49, 0xB9, 0xB9, 0x5F, 0x72, 0x3A, 0xB1, 0xA0, 0x16,
    0xF4, 0xF0, 0x58, 0xEF, 0x94, 0x12, 0x66, 0x3E, 0xDB, 0x7E, 0xEB, 0x8D, 0xB3, 0xAD, 0x1A, 0xA8,
    0x8B, 0x9A, 0xB8, 0x56, 0x99, 0xCF, 0xBB, 0x77, 0x4F, 0x77, 0xE4, 0xAE, 0xC7, 0x96, 0xF3, 0x21,
    0x6A, 0xD5, 0x91, 0x19, 0xBF, 0x74, 0xB6, 0x3B, 0x9C, 0x15, 0xBD, 0xB1, 0x99, 0x3A, 0x3D, 0x11,
    0x73, 0xFB, 0xAD, 0xA3, 0x77, 0xB6, 0x75, 0x75, 0xA3, 0x81, 0x38, 0x61, 0x89, 0xA9, 0xDF, 0x17,
    0xE0, 0x1E, 0xE5, 0xC5, 0xB2, 0x8A, 0x75, 0xB8, 0xFD, 0xC6, 0x45, 0xBB, 0x6E, 0x5C, 0x5C, 0x62,
    0x88, 0x4C, 0x26, 0xE7, 0xDD, 0xE5, 0xE4, 0xFB, 0x01, 0x67, 0xE0, 0x1F, 0x71, 0x44, 0x5A, 0xB6,
    0x23, 0x6F, 0xFE, 0x3F, 0x45, 0xB2, 0xF6, 0xF4, 0xBA, 0xC1, 0xC9, 0xDA, 0xD3, 0xB4, 0x53, 0x59,
    0x5C, 0xC3, 0x0F, 0x3C, 0x0E, 0x84, 0xBC, 0x35, 0x81, 0x14, 0x02, 0x21, 0xA0, 0x0C, 0x1E, 0x1B,
    0x82, 0x66, 0x5B, 0x82, 0x50, 0x51, 0xFB, 0xDC, 0x40, 0x48, 0x09, 0x51, 0x21, 0x2F, 0x11, 0x97,
    0x47, 0x46, 0xA2, 0x60, 0xBA, 0xB9, 0x79, 0xA0, 0xBD, 0x54, 0xAB, 0x4F, 0x18, 0x98, 0x1F, 0x31,
    0xF8, 0x96, 0x4C, 0xE0, 0xFF, 0x7B, 0xF0, 0x1A, 0x40, 0xC5, 0xE0, 0x93, 0x81, 0x81, 0x2D, 0x19,
    0x8C, 0xDE, 0xE2, 0x0C, 0x24, 0xF0, 0x33, 0x33, 0xB0, 0x50, 0x1A, 0x30, 0x0E, 0x8B, 0x92, 0x46,
    0x2C, 0xD4, 0x39, 0x4C, 0x4C, 0x03, 0x90, 0x3A, 0x40, 0x0B, 0x30, 0x6B, 0x6C, 0x6B, 0x5C, 0x8F,
    0x2E, 0xB5, 0xE8, 0x52, 0x8D, 0x0F, 0x8F, 0xAC, 0x51, 0xBE, 0x8A, 0x57, 0x69, 0x97, 0x3E, 0xC8,
    0x11, 0xAF, 0x81, 0xB2, 0x34, 0x3B, 0xA1, 0xB3, 0x03, 0xD8, 0xAE, 0x29, 0xE4, 0xE1, 0x1A, 0x84,
    0xBC, 0xEF, 0x48, 0xDC, 0x4A, 0xED, 0xDB, 0x24, 0x72, 0x80, 0xBD, 0x6F, 0x4F, 0xB0, 0x56, 0x88,
    0x50, 0x21, 0xB1, 0x57, 0xA2, 0xC9, 0x4A, 0xD2, 0x4D, 0xDA, 0x92, 0x21, 0x28, 0x1E, 0x94, 0x3C,
    0xA0, 0x0E, 0xF4, 0x52, 0x30, 0x30, 0x47, 0x39, 0xC0, 0x17, 0x01, 0x24, 0x0D, 0x03, 0x55, 0x03,
    0x94, 0x0C, 0x52, 0x62, 0x60, 0x00, 0x72, 0x00, 0x61, 0xE2, 0xBB, 0x48, 0x91, 0xC0, 0x58, 0xA0,
    0x3A, 0x82, 0xA9, 0x40, 0x23, 0xB0, 0x10, 0x78, 0x29, 0x70, 0x04, 0x0C, 0x04, 0x46, 0xBD, 0xC0,
    0x0E, 0x30, 0x69, 0x01, 0x55, 0x0D, 0xA8, 0x05, 0x9A, 0x4C, 0x20, 0x01, 0x5E, 0x0A, 0x1C, 0x01,
    0x03, 0x40, 0x0C, 0x89, 0x0B, 0xF1, 0x8E, 0x01, 0x06, 0x7E, 0x74, 0x41, 0xA1, 0xAA, 0x64, 0x68,
    0x65, 0x9D, 0xB6, 0x90, 0x76, 0x9A, 0x65, 0x64, 0x5A, 0xBA, 0xBE, 0x74, 0xF9, 0x5C, 0x20, 0x81,
    0x36, 0xA9, 0x18, 0x44, 0xF3, 0x5F, 0xE9, 0x52, 0xB5, 0x9C, 0x97, 0x96, 0x0C, 0x5C, 0xB0, 0x00,
    0x40, 0x8C, 0xC6, 0x6B, 0xB0, 0xF1, 0x4A, 0x01, 0x8D, 0xBA, 0x7C, 0xD4, 0xC9, 0xCF, 0xDB, 0xE7,
    0x51, 0xA1, 0x69, 0x1E, 0x77, 0x38, 0x41, 0x80, 0x70, 0x13, 0xA0, 0x1A, 0x06, 0xF1, 0x9C, 0x71,
    0xD3, 0x2C, 0x9A, 0x76, 0x17, 0x00, 0x2F, 0x9E, 0x1B, 0xFC, 0x2F, 0xAD, 0x92, 0x41, 0xAE, 0x94,
    0x40, 0x10, 0x86, 0x3F, 0x60, 0x31, 0x1A, 0x16, 0x7D, 0x00, 0x17, 0x5C, 0xE0, 0xE5, 0xF5, 0xD6,
    0xC5, 0x40, 0x71, 0x13, 0x2F, 0x22, 0xC8, 0x15, 0xBC, 0xCF, 0x90, 0xC7, 0x11, 0xDA, 0x1B, 0xB0,
    0x71, 0xDF, 0x0B, 0x16, 0x6D, 0xD2, 0x6F, 0xDA, 0xE9, 0xAE, 0x44, 0xC7, 0xA8, 0x1A, 0xCD, 0xEB,
    0xD4, 0x5F, 0x1F, 0x95, 0xAA, 0xFC, 0x00, 0x94, 0x4D, 0x29, 0xDE, 0x14, 0xA0, 0x3E, 0xA0, 0xF1,
    0x70, 0xDA, 0xC1, 0x6C, 0x2A, 0x3B, 0x82, 0x00, 0x33, 0x70, 0x01, 0x22, 0x54, 0x41, 0xC7, 0x9A,
    0x1D, 0x5A, 0xA7, 0x63, 0xDD, 0x02, 0x82, 0x6A, 0xFD, 0x3E, 0x56, 0x7B, 0xD4, 0x51, 0xC7, 0x8A,
    0xF2, 0xFD, 0xE4, 0x26, 0x16, 0x16, 0x9A, 0xBD, 0xF6, 0x18, 0x57, 0x87, 0xEC, 0x70, 0x41, 0x60,
    0x60, 0x00, 0xA1, 0x07, 0xCB, 0x04, 0x5D, 0x4E, 0x96, 0x21, 0x27, 0x01, 0xC1, 0x8E, 0xCC, 0xD9,
    0x27, 0x72, 0xFA, 0xF2, 0xC6, 0x43, 0x4A, 0x1B, 0x55, 0x4A, 0x8E, 0xF6, 0x68, 0x0F, 0x6D, 0x58,
    0x98, 0x75, 0x78, 0xF8, 0xAD, 0x0B, 0x77, 0x2E, 0x87, 0x1A, 0x60, 0xAF, 0x68, 0xCA, 0xA5, 0x36,
    0xCC, 0x56, 0xFD, 0xCA, 0xCF, 0xFE, 0xD1, 0xCF, 0x67, 0x83, 0x0D, 0x75, 0x09, 0x7F, 0x79, 0xAA,
    0x8E, 0x1E, 0xB5, 0x12, 0x7D, 0xFD, 0x6E, 0x21, 0x62, 0xF6, 0x3A, 0xD0, 0xB8, 0xDA, 0xC3, 0xC2,
    0x42, 0xBB, 0x4B, 0xEC, 0xDF, 0xBF, 0x7D, 0x38, 0x9F, 0x25, 0xB6, 0xBB, 0xF1, 0xB9, 0x3A, 0x3F,
    0x48, 0x34, 0x01, 0xDF, 0xB8, 0xD3, 0x66, 0x46, 0x73, 0x20, 0x69, 0xEC, 0x3F, 0x1C, 0xFD, 0xB4,
    0x4A, 0x7C, 0x6D, 0x3C, 0xF7, 0xE7, 0xE7, 0x6E, 0x9D, 0x1C, 0x26, 0x05, 0xE4, 0xE3, 0x95, 0x15,
    0x21, 0x60, 0xC6, 0x9B, 0x16, 0xFE, 0x55, 0x7A, 0xDA, 0x88, 0xB9, 0xF2, 0x68, 0x78, 0x7C, 0x97,
    0x2F, 0x4E, 0x81, 0x6F, 0x47, 0x62, 0x0E, 0x2E, 0x2F, 0x17, 0x2B, 0x3C, 0xC5, 0x1C, 0x50, 0xA5,
    0x0D, 0xA0, 0x4D, 0x21, 0xC3, 0x7E, 0x7A, 0xCE, 0x10, 0x24, 0x63, 0xE2, 0x15, 0xBA, 0xB5, 0xA5,
    0x52, 0x0C, 0x0A, 0x19, 0x0B, 0xCC, 0x5E, 0xD0, 0xC4, 0x02, 0x92, 0xC2, 0x6E, 0x65, 0x0D, 0xDA,
    0x1D, 0x52, 0x72, 0x8D, 0xD7, 0x55, 0x08, 0x18, 0x57, 0x45, 0x2E, 0xBA, 0x81, 0x13, 0xFA, 0x2B,
    0x99, 0x75, 0x07, 0x26, 0xB0, 0xA3, 0xB0, 0x42, 0x37, 0x5A, 0x26, 0xC5, 0xAC, 0x90, 0x1F, 0xD0,
    0x6D, 0x05, 0x66, 0x2F, 0x68, 0x5C, 0x01, 0xA3, 0x82, 0xFF, 0xC7, 0x22, 0x19, 0x66, 0x53, 0x7C,
    0x7E, 0xCE, 0x68, 0xF4, 0xBB, 0xF0, 0xE4, 0xF8, 0x0A, 0x03, 0x00, 0xC5, 0x5B, 0x3D, 0x90, 0xE5,
    0xC6, 0x71, 0x6E, 0x00, 0xAC, 0xC3, 0x89, 0xB0, 0x3D, 0x0C, 0x54, 0x94, 0xEC, 0x93, 0x38, 0x0C,
    0x14, 0x28, 0xA0, 0x34, 0x0E, 0x18, 0x28, 0xB8, 0x7D, 0x03, 0x59, 0x55, 0x54, 0xE0, 0xC0, 0x76,
    0x20, 0x2A, 0xD8, 0xE0, 0x1C, 0x38, 0x74, 0xD5, 0x26, 0x0E, 0x14, 0xBC, 0x07, 0x40, 0xA5, 0x40,
    0xE9, 0xD1, 0x55, 0xB2, 0x03, 0x25, 0xCA, 0x13, 0xB1, 0xCA, 0x0E, 0xDF, 0xDB, 0x37, 0xB9, 0x13,
    0xB0, 0xCA, 0x22, 0x03, 0x05, 0x42, 0x95, 0xEE, 0xCA, 0x21, 0x21, 0x19, 0xE7, 0xC2, 0x9A, 0x00,
    0xC6, 0xFD, 0xF5, 0x3C, 0x60, 0xF7, 0xED, 0xDE, 0xDD, 0xF2, 0x78, 0x24, 0x3D, 0xFB, 0xD0, 0x3D,
    0x18, 0xCC, 0x74, 0xCF, 0x4F, 0xCF, 0x74, 0xF7, 0xCC, 0x2C, 0xFD, 0xDB, 0x3F, 0x12, 0x9E, 0x8C,
    0x62, 0xF7, 0x2A, 0x45, 0xD5, 0xDB, 0x44, 0x6F, 0xE3, 0x79, 0x9F, 0xE8, 0x2D, 0x3C, 0xC4, 0x61,
    0x4E, 0x93, 0x3C, 0xEF, 0x7F, 0xA7, 0x92, 0x32, 0x49, 0x4E, 0xA5, 0xF7, 0xEE, 0x9F, 0x28, 0xF9,
    0x5C, 0x1E, 0xD0, 0x22, 0x04, 0x33, 0xD1, 0x1D, 0x5F, 0x13, 0x79, 0x5F, 0x5B, 0x3F, 0x50, 0x7A,
    0x71, 0xAF, 0xF3, 0x3F, 0xF2, 0xA4, 0x1C, 0xF9, 0x9E, 0xB4, 0x33, 0x39, 0xD9, 0x86, 0xB2, 0xDA,
    0x12, 0x19, 0x47, 0x49, 0x53, 0x10, 0xE9, 0x8A, 0x92, 0x76, 0x43, 0xA4, 0x80, 0x77, 0x01, 0x2F,
    0xEF, 0xAB, 0xC3, 0x77, 0x4B, 0x64, 0x89, 0xCB, 0x71, 0xF9, 0x92, 0x98, 0x8E, 0xAA, 0x69, 0x8C,
    0x99, 0x6E, 0xDA, 0x44, 0x7D, 0xCA, 0x7C, 0x22, 0x47, 0xBF, 0x8A, 0x7D, 0x43, 0x73, 0x40, 0x3D,
    0x28, 0xF6, 0x9C, 0xA2, 0x2E, 0xEE, 0x0D, 0x64, 0x2B, 0x3A, 0x27, 0xA6, 0x65, 0xF3, 0xBB, 0x84,
    0xBA, 0x2C, 0x20, 0xDA, 0x4F, 0xCA, 0x29, 0xEF, 0x3F, 0x76, 0x65, 0x9D, 0xF9, 0x8A, 0xB3, 0x94,
    0xB9, 0x41, 0x66, 0x29, 0x06, 0x02, 0x81, 0x14, 0x69, 0x00, 0xBC, 0xA6, 0xE3, 0x69, 0x4F, 0x60,
    0x4F, 0x68, 0x0B, 0x59, 0x62, 0x5C, 0xA0, 0xB6, 0x1B, 0xD0, 0xDB, 0x01, 0x48, 0x4C, 0xD2, 0xE4,
    0x2B, 0xF2, 0x81, 0xDF, 0x39, 0x65, 0x4D, 0xC4, 0x44, 0x1D, 0xBD, 0x4F, 0x12, 0x54, 0x8B, 0x4A,
    0xD7, 0x54, 0x0E, 0xA1, 0x11, 0x27, 0x3B, 0x1A, 0xD0, 0x28, 0xDA, 0x84, 0x46, 0xD2, 0x10, 0x1A,
    0x9D, 0x74, 0xA4, 0x73, 0x4A, 0x5A, 0x55, 0x87, 0x4E, 0x31, 0x79, 0xC0, 0xF6, 0xB8, 0x93, 0x80,
    0xCD, 0xDC, 0x59, 0x35, 0x3A, 0xAB, 0x0A, 0x9D, 0xCE, 0x6D, 0xE9, 0xFD, 0x2F, 0x3C, 0x25, 0x5C,
    0x7F, 0x0C, 0x0A, 0x9D, 0xC9, 0x20, 0xA1, 0x65, 0x39, 0x45, 0xDE, 0xB7, 0x68, 0xD4, 0x80, 0x46,
    0x9D, 0x93, 0xCD, 0xC9, 0x80, 0xEB, 0x9F, 0x50, 0x41, 0x1C, 0x76, 0x00, 0x1B, 0x00, 0xBC, 0xE2,
    0xC3, 0x5D, 0xC9, 0x82, 0xCC, 0xFB, 0x50, 0x0C, 0x04, 0x84, 0xD4, 0x0D, 0x7A, 0x23, 0x67, 0xB1,
    0x96, 0xF3, 0xAF, 0x54, 0xAE, 0xAA, 0x35, 0x77, 0xB4, 0x5B, 0x67, 0x0B, 0xC0, 0xEB, 0x4A, 0x55,
    0xDC, 0x49, 0x86, 0xB3, 0x70, 0xE6, 0x73, 0x2E, 0x76, 0x4F, 0xE8, 0x35, 0x0B, 0x3D, 0xCA, 0x7C,
    0x2D, 0xC3, 0xB0, 0xF7, 0x03, 0xC6, 0xC4, 0x4F, 0xDC, 0x3F, 0xB6, 0xA2, 0x7D, 0xC3, 0xED, 0x5A,
    0x11, 0xA2, 0x59, 0x7D, 0xF7, 0xD0, 0x0F, 0x32, 0xA2, 0x0B, 0x8E, 0x5B, 0x0C, 0x2E, 0x30, 0xC6,
    0x17, 0xE9, 0x32, 0xC4, 0xA1, 0x9F, 0x4A, 0x94, 0x33, 0x42, 0xC7, 0x38, 0xA1, 0xFB, 0xAE, 0x5F,
    0xF8, 0x04, 0xBE, 0x0F, 0x19, 0xFB, 0x0A, 0xD5, 0xE9, 0x58, 0x8C, 0xCF, 0x46, 0xE2, 0xEA, 0x62,
    0xBC, 0xD7, 0x8A, 0xC1, 0xC6, 0xD0, 0x86, 0xAC, 0xA7, 0x1D, 0x29, 0x4F, 0x18, 0xEF, 0x87, 0x05,
    0x51, 0xD6, 0x59, 0xA2, 0x18, 0x40, 0x2A, 0xF0, 0x26, 0x65, 0x17, 0xAF, 0x4B, 0x7B, 0xFA, 0x40,
    0x0A, 0x74, 0x93, 0x86, 0xDF, 0xEB, 0xA4, 0xE1, 0xA6, 0x76, 0x49, 0xA3, 0x06, 0x1A, 0x92, 0xC6,
    0x16, 0x54, 0x24, 0xCD, 0xCA, 0x90, 0x4D, 0x9A, 0xB5, 0xAA, 0x8C, 0x40, 0xFD, 0x83, 0x05, 0x22,
    0x65, 0xA5, 0xF1, 0xD5, 0x5A, 0x2A, 0xE6, 0x52, 0x99, 0x50, 0x40, 0x6F, 0x25, 0xDC, 0x08, 0xD0,
    0x24, 0x4A, 0x5F, 0x10, 0x26, 0x4D, 0x80, 0x59, 0xCD, 0xB0, 0xC5, 0x9C, 0x88, 0x46, 0xEE, 0x1A,
    0xA2, 0xBD, 0x67, 0x40, 0xBA, 0x27, 0x2A, 0x7B, 0xC4, 0x20, 0x3B, 0x15, 0xB0, 0x7A, 0x72, 0xD6,
    0x00, 0xDB, 0x3C, 0xE9, 0x80, 0x57, 0x44, 0x03, 0xF0, 0xD7, 0x89, 0xB6, 0xC0, 0xB3, 0xB8, 0xE0,
    0xD3, 0x31, 0x0E, 0xE9, 0x77, 0x0F, 0xF9, 0x8A, 0x43, 0xB9, 0x12, 0x74, 0x80, 0x41, 0x17, 0xF8,
    0xC0, 0x67, 0x03, 0xBE, 0xA1, 0xD0, 0x4B, 0xE0, 0x57, 0xF3, 0x80, 0x55, 0x15, 0x2A, 0xA1, 0x73,
    0x2B, 0xD8, 0x92, 0xA9, 0x19, 0x45, 0x9E, 0x94, 0x47, 0xC0, 0x28, 0x21, 0x34, 0xD2, 0x5E, 0xED,
    0x73, 0x69, 0xAF, 0xF1, 0xAD, 0xB4, 0xF7, 0x2B, 0xA7, 0xC3, 0xA1, 0xBD, 0xD3, 0xA1, 0xBD, 0xF6,
    0xD0, 0x5E, 0x93, 0x07, 0x56, 0xBA, 0x0A, 0xED, 0x54, 0x0B, 0x9E, 0xD3, 0xB9, 0xBD, 0xE7, 0x87,
    0x25, 0xC2, 0x13, 0x59, 0xB4, 0xD7, 0x3B, 0x1A, 0xD1, 0xDE, 0xDF, 0x5F, 0x9C, 0xF6, 0xD2, 0x5E,
    0xF0, 0x45, 0x7B, 0xF5, 0xF4, 0xE5, 0xB7, 0x17, 0x32, 0x89, 0x97, 0x5A, 0x96, 0x6A, 0x4C, 0xEB,
    0x01, 0xAD, 0x5A, 0x61, 0xAA, 0x7F, 0x9B, 0x84, 0xCA, 0x31, 0xC0, 0x87, 0xAF, 0x4A, 0x16, 0x64,
    0xF6, 0x28, 0xE6, 0x89, 0x98, 0x16, 0x48, 0x49, 0xBF, 0x58, 0xD2, 0x02, 0xBA, 0x3B, 0x9E, 0x34,
    0x84, 0x5F, 0xEF, 0x7D, 0x85, 0x34, 0x02, 0xC8, 0x48, 0x3F, 0x7E, 0x5D, 0x3E, 0x78, 0x8A, 0xF6,
    0x7E, 0x1F, 0x48, 0x2E, 0x60, 0x0C, 0xC0, 0x4C, 0xA8, 0x94, 0xCB, 0x2E, 0x4E, 0x5B, 0xED, 0xA2,
    0xC1, 0x12, 0x6D, 0xF8, 0xF9, 0x56, 0x21, 0x2D, 0x0D, 0x4F, 0x11, 0xCA, 0xBC, 0xC9, 0x4F, 0xA1,
    0x5C, 0x34, 0x65, 0x17, 0xF7, 0x26, 0x2E, 0x33, 0x71, 0x59, 0xD4, 0xF3, 0xC6, 0x93, 0xF2, 0xE0,
    0x69, 0xCF, 0x73, 0xF8, 0xB4, 0x5A, 0x15, 0xFC, 0xBE, 0x63, 0x32, 0x8C, 0x07, 0xFB, 0x30, 0xED,
    0xB9, 0x36, 0x6D, 0x0C, 0xC9, 0x2B, 0xFB, 0x20, 0xEA, 0x32, 0xEE, 0x61, 0xD0, 0x31, 0xE2, 0x68,
    0xD6, 0x8E, 0xC0, 0xF4, 0xB8, 0x2F, 0x36, 0x41, 0x9E, 0x41, 0x26, 0x48, 0x32, 0xC4, 0x38, 0xC8,
    0x30, 0x06, 0x14, 0xF5, 0xFC, 0x06, 0x15, 0xC8, 0x52, 0xD6, 0xBC, 0xB4, 0xE9, 0xD0, 0xF3, 0x93,
    0x48, 0xFE, 0xA7, 0x00, 0xBE, 0x13, 0xA0, 0x5A, 0xFA, 0x7B, 0x2A, 0x07, 0x12, 0x0D, 0x21, 0x32,
    0x62, 0x91, 0x41, 0x57, 0xCC, 0x50, 0x41, 0x15, 0x2A, 0xE8, 0xD5, 0xCC, 0x59, 0xC2, 0x1A, 0x35,
    0x03, 0x28, 0x1F, 0x7B, 0x45, 0x99, 0x61, 0xF5, 0x97, 0xA5, 0x9F, 0xC8, 0x8C, 0xC9, 0x18, 0xFB,
    0x1A, 0x5D, 0xFC, 0x3B, 0xFF, 0x6B, 0x3F, 0x50, 0x76, 0xA1, 0xFD, 0x29, 0x54, 0x84, 0x76, 0xF1,
    0x10, 0x0F, 0x64, 0x50, 0x78, 0x4C, 0x5A, 0x52, 0x20, 0xBA, 0x4A, 0x1A, 0x4A, 0xA1, 0xAA, 0x6D,
    0x5A, 0x07, 0xDD, 0x6C, 0xB3, 0xA3, 0xC8, 0xF2, 0x69, 0xC9, 0x8C, 0x01, 0x93, 0xE2, 0xCA, 0x51,
    0xC1, 0x11, 0x53, 0x65, 0x17, 0xAF, 0xD9, 0x07, 0xCD, 0x1D, 0xCF, 0x4C, 0x3B, 0xE3, 0x9D, 0x2C,
    0xB3, 0x5D, 0x3A, 0x91, 0xAF, 0x17, 0xA3, 0x21, 0x5A, 0x8C, 0x06, 0xE8, 0xAB, 0xD9, 0x68, 0x30,
    0xCE, 0xDE, 0x62, 0x34, 0xCC, 0x78, 0x4E, 0x17, 0xAD, 0x0B, 0x9C, 0x07, 0xFD, 0xC9, 0x74, 0x26,
    0xE8, 0xD3, 0x8C, 0xE9, 0x42, 0xBF, 0x62, 0xCD, 0x84, 0xBE, 0x0D, 0x7C, 0x1B, 0xC1, 0x69, 0xE0,
    0xDF, 0x94, 0x81, 0xFF, 0xC5, 0x74, 0x30, 0x5A, 0x5A, 0xD2, 0xC2, 0xDF, 0x1D, 0xF8, 0xE7, 0x81,
    0x8F, 0x7A, 0x06, 0x7F, 0x75, 0x9D, 0x3F, 0xCA, 0xA9, 0x1A, 0x74, 0x0C, 0xF8, 0x83, 0xEE, 0xC2,
    0x67, 0xD6, 0x6F, 0x84, 0xF9, 0x91, 0x62, 0xA6, 0xA8, 0xC7, 0xAF, 0x8F, 0x64, 0x88, 0x56, 0x01,
    0xBC, 0x01, 0x40, 0x74, 0x67, 0x60, 0x60, 0x6B, 0x00, 0x59, 0x2B, 0xCF, 0x01, 0x0C, 0xAD, 0x31,
    0xBF, 0x4B, 0x99, 0xDC, 0x4F, 0x78, 0x46, 0x65, 0x10, 0x2E, 0x90, 0xBA, 0xAA, 0x87, 0x31, 0xF0,
    0xA2, 0xAA, 0xA5, 0x2F, 0x2C, 0x3A, 0xA8, 0x08, 0x26, 0x0A, 0x80, 0xF1, 0x7F, 0xE3, 0x0A, 0x28,
    0x47, 0xDB, 0xDF, 0xF1, 0x95, 0x75, 0x9C, 0x0B, 0x76, 0x0A, 0x8A, 0x1D, 0xE9, 0xE1, 0x74, 0xE2,
    0x08, 0xBF, 0x95, 0xA7, 0x2D, 0x6D, 0xA9, 0xE6, 0x07, 0x0B, 0x37, 0xA7, 0xC9, 0x6C, 0xA9, 0x11,
    0x49, 0xFD, 0xF7, 0x07, 0xED, 0xEB, 0xC2, 0x66, 0xED, 0xEA, 0x24, 0x6E, 0x37, 0xF6, 0x9F, 0xFF,
    0x97, 0xDF, 0x7D, 0x27, 0xB3, 0x2A, 0xEA, 0xE8, 0x33, 0x3D, 0x08, 0x30, 0x97, 0x82, 0xE1, 0x24,
    0x55, 0x33, 0x37, 0xDB, 0x71, 0xCD, 0xE8, 0x72, 0xF2, 0x55, 0xF2, 0xA9, 0x7A, 0x36, 0x2A, 0x08,
    0x8D, 0xC1, 0x02, 0x3B, 0x13, 0x8D, 0x5A, 0x26, 0x9A, 0x82, 0xA8, 0x9A, 0x60, 0xA3, 0x81, 0xE8,
    0x4A, 0x31, 0xD1, 0x35, 0x48, 0xB1, 0x85, 0xB2, 0x03, 0x90, 0x58, 0x41, 0x27, 0x20, 0x6A, 0x15,
    0x13, 0xD5, 0x67, 0x4C, 0x54, 0x4D, 0xC1, 0xC0, 0xA1, 0x4B, 0xF3, 0x30, 0xA7, 0xD7, 0x28, 0xA9,
    0xA9, 0xA3, 0xAC, 0x8D, 0x99, 0x68, 0x1B, 0x7B, 0x32, 0x5D, 0xE2, 0xC9, 0x8E, 0xEA, 0x77, 0x55,
    0x61, 0xB9, 0x9F, 0x37, 0xD9, 0xF8, 0xA2, 0x35, 0x2D, 0x2F, 0x20, 0x96, 0x98, 0xB8, 0x8E, 0xC5,
    0x05, 0x4B, 0xD2, 0x1F, 0xC4, 0xFC, 0xC9, 0x63, 0x88, 0x13, 0xE8, 0xEC, 0x21, 0x5E, 0x58, 0x72,
    0xA1, 0xC4, 0x29, 0xE0, 0xF6, 0x59, 0x58, 0xF2, 0x05, 0x71, 0x1D, 0x31, 0x2D, 0x98, 0xCE, 0x80,
    0x69, 0xA1, 0x9F, 0x9C, 0xB5, 0x98, 0x16, 0xE0, 0xA3, 0x20, 0x43, 0xE5, 0x28, 0x62, 0x19, 0x55,
    0xBC, 0xEC, 0xA4, 0x0D, 0x89, 0xB9, 0x3B, 0x91, 0xA9, 0xA4, 0xE7, 0x19, 0xAF, 0xAE, 0xF5, 0xFC,
    0xB1, 0x18, 0x99, 0x2B, 0x62, 0x74, 0x7A, 0xD9, 0x9E, 0xFC, 0x60, 0xA3, 0xD7, 0x8B, 0xCD, 0x0E,
    0x5D, 0x03, 0xBE, 0xB3, 0x4D, 0x3F, 0xDB, 0xF8, 0x2B, 0xC8, 0xF5, 0x35, 0x9F, 0xC0, 0x3D, 0x63,
    0x9A, 0x03, 0xA3, 0x03, 0x6B, 0x99, 0x66, 0xC1, 0xDC, 0x65, 0xB6, 0xB2, 0x7C, 0x50, 0x30, 0x77,
    0x97, 0xE9, 0x7D, 0xA9, 0xEA, 0x32, 0x51, 0x75, 0x2E, 0x82, 0x5A, 0xA7, 0x82, 0x84, 0x71, 0xD9,
    0x90, 0xA1, 0x72, 0x62, 0xD6, 0x45, 0xE9, 0x74, 0xBE, 0x49, 0x5B, 0x9D, 0xAF, 0xA8, 0x87, 0x06,
    0xDD, 0x6A, 0x6E, 0xCF, 0x7D, 0x9D, 0x67, 0x17, 0x2B, 0x9D, 0x47, 0x7E, 0xE2, 0xDA, 0x99, 0x91,
    0x01, 0xD1, 0x67, 0x05, 0x15, 0x80, 0x0F, 0xC0, 0x8C, 0x04, 0xCF, 0x05, 0xEA, 0x2E, 0xF1, 0x23,
    0x96, 0xE2, 0x36, 0x7E, 0xCF, 0x33, 0xC7, 0x30, 0x3A, 0x76, 0x1E, 0x2D, 0x54, 0x32, 0xB4, 0xDE,
    0x00, 0x07, 0xAB, 0x23, 0x06, 0x9E, 0x7B, 0x27, 0x03, 0x96, 0x4C, 0x07, 0xDC, 0x71, 0x39, 0xED,
    0x88, 0x06, 0x59, 0xFC, 0xBE, 0x4E, 0xE5, 0x7B, 0x9E, 0x62, 0x68, 0xC8, 0xD0, 0x2B, 0xE0, 0x7B,
    0x63, 0xB1, 0x70, 0x57, 0x16, 0x0B, 0x35, 0x4F, 0xB2, 0x9B, 0x52, 0x8B, 0x2C, 0xF9, 0x41, 0x6A,
    0x4F, 0x8F, 0x16, 0x8B, 0x72, 0x5C, 0xA4, 0x36, 0x13, 0xA9, 0x0D, 0xD2, 0x35, 0x4B, 0xDB, 0x46,
    0x34, 0x69, 0xD6, 0x7C, 0xFD, 0xA6, 0x94, 0x1A, 0xA2, 0x38, 0xBC, 0x03, 0xDF, 0x94, 0x5A, 0x0F,
    0x69, 0x3F, 0x48, 0x3F, 0xA4, 0xF6, 0x8F, 0xD3, 0x3B, 0x7E, 0x9E, 0x1D, 0x98, 0x2D, 0x30, 0xDA,
    0x21, 0x65, 0x0F, 0xEF, 0x88, 0x94, 0xC5, 0x9D, 0x3D, 0x48, 0x99, 0x3F, 0x48, 0x59, 0xC7, 0xE5,
    0x66, 0xE7, 0x08, 0x52, 0x06, 0x65, 0xB2, 0x48, 0xD9, 0x2D, 0xCA, 0xC4, 0x5C, 0x2A, 0x93, 0x11,
    0x7A, 0x28, 0xBD, 0x54, 0x26, 0xF5, 0xA5, 0x32, 0xA9, 0x81, 0x43, 0x1A, 0xCB, 0x18, 0x78, 0xC3,
    0x52, 0x82, 0x2D, 0x75, 0xDD, 0x1E, 0x81, 0x19, 0x85, 0x6F, 0x50, 0x32, 0x62, 0x43, 0x79, 0xEF,
    0x61, 0x41, 0x7D, 0x93, 0xC8, 0xEA, 0x47, 0x77, 0x3C, 0x6C, 0x05, 0x18, 0x4E, 0x10, 0x98, 0x6B,
    0xCF, 0x4A, 0x87, 0x72, 0xBB, 0xAC, 0xBB, 0x33, 0x70, 0xFB, 0x3B, 0x59, 0xF5, 0xF7, 0x13, 0xED,
    0x47, 0x82, 0x1E, 0xF9, 0x2D, 0x9C, 0x71, 0xFD, 0xF8, 0xD4, 0x3F, 0x7E, 0xD0, 0xA1, 0x53, 0xB9,
    0x42, 0x03, 0x70, 0x0F, 0xD5, 0xF1, 0x06, 0x56, 0x56, 0x70, 0xA7, 0x7B, 0x2D, 0xC5, 0xFB, 0x5C,
    0x56, 0x72, 0xE3, 0x81, 0x1B, 0xF2, 0xBF, 0x66, 0x1C, 0xF7, 0x49, 0x67, 0x18, 0xD3, 0x00, 0x93,
    0x62, 0x4D, 0xB4, 0x85, 0x2D, 0x51, 0xF2, 0xBB, 0x26, 0xA6, 0xF3, 0xE8, 0x5E, 0x6F, 0xEE, 0xF5,
    0x50, 0x37, 0xAD, 0x11, 0xE5, 0x35, 0xE5, 0xB2, 0x5A, 0x9D, 0x4D, 0xF3, 0xB8, 0x8B, 0x12, 0x9F,
    0x9D, 0x4E, 0x71, 0x42, 0x8F, 0xFB, 0x1D, 0xB3, 0xB6, 0xB9, 0xF4, 0xEC, 0x8F, 0x9D, 0xDA, 0xD9,
    0xC9, 0x9D, 0x9D, 0xDE, 0xD9, 0x09, 0x0E, 0x4E, 0xB1, 0x71, 0xB3, 0x93, 0x3C, 0x3B, 0xCD, 0x70,
    0xA2, 0xD1, 0xEF, 0x4B, 0x30, 0x90, 0xBF, 0x1C, 0xB3, 0xDF, 0xD9, 0x20, 0xD5, 0xED, 0xF4, 0x0E,
    0xE4, 0x20, 0xFA, 0xA4, 0xA5, 0x12, 0x83, 0xB9, 0xAF, 0x83, 0x81, 0x63, 0x1D, 0xA9, 0xD9, 0x89,
    0x84, 0x5C, 0xC2, 0x88, 0xAA, 0x77, 0x82, 0xD3, 0x1A, 0xF3, 0x0B, 0xEF, 0x45, 0xC0, 0xCE, 0x0A,
    0x56, 0x82, 0x51, 0x65, 0xED, 0x82, 0xD1, 0xAA, 0x9A, 0xA0, 0x92, 0x93, 0x1A, 0x78, 0x4B, 0x54,
    0x01, 0xBF, 0x49, 0x4B, 0x88, 0x7D, 0x65, 0x7A, 0x99, 0xEA, 0xAD, 0xF7, 0x28, 0xF2, 0xFD, 0x4F,
    0x3A, 0xE3, 0x90, 0xD5, 0xBA, 0xB4, 0xC6, 0xA8, 0x98, 0x2A, 0x69, 0x81, 0x75, 0x1E, 0x07, 0x4C,
    0x33, 0x46, 0xFA, 0x16, 0xB8, 0x0E, 0x42, 0x03, 0x0F, 0xCD, 0x00, 0x7B, 0xA2, 0xAF, 0x30, 0xCE,
    0x3C, 0x1D, 0x87, 0x18, 0x2D, 0xA7, 0xC0, 0x2D, 0x44, 0xCA, 0x9F, 0xF7, 0x21, 0x32, 0xCC, 0x0E,
    0x5A, 0x3F, 0xD7, 0x0E, 0x1F, 0x8E, 0x23, 0xC3, 0x1C, 0x39, 0x0F, 0x48, 0xFA, 0x28, 0x04, 0xD5,
    0xCE, 0x2C, 0x96, 0x4C, 0xE5, 0xA1, 0xB3, 0xD1, 0x17, 0xD2, 0xDB, 0x5D, 0x56, 0x87, 0xEE, 0x1E,
    0x31, 0x8E, 0x91, 0xEF, 0xC8, 0x46, 0x5D, 0xE8, 0x70, 0x5D, 0x0D, 0x56, 0x7A, 0x5A, 0xB9, 0x01,
    0x22, 0x80, 0xD5, 0x6A, 0xBB, 0x39, 0xF4, 0xF5, 0x76, 0x47, 0xA4, 0xA5, 0xD3, 0xE7, 0x94, 0x4D,
    0x31, 0x47, 0x30, 0x3E, 0x84, 0x88, 0x9D, 0x23, 0xA6, 0xA2, 0x51, 0x22, 0xAA, 0x8E, 0x07, 0x89,
    0x24, 0x4D, 0xDC, 0x4A, 0x24, 0xAA, 0xC8, 0x49, 0x84, 0x10, 0x6E, 0x8B, 0xEC, 0xFD, 0x54, 0x21,
    0x92, 0x79, 0xB8, 0x0D, 0xA0, 0xFC, 0x88, 0xFE, 0xC2, 0xE7, 0x81, 0x17, 0xBD, 0x2A, 0xF5, 0x99,
    0x33, 0x17, 0xC0, 0x58, 0x06, 0xED, 0x6F, 0xA4, 0xE9, 0xD5, 0x46, 0x7B, 0x09, 0xB4, 0x89, 0x05,
    0xF7, 0x10, 0xD0, 0x5E, 0x9C, 0x07, 0xF8, 0x0E, 0x70, 0x1D, 0xE0, 0x39, 0x1C, 0xFC, 0xE2, 0xCD,
    0x95, 0x99, 0xBF, 0x81, 0xCF, 0xC0, 0x09, 0x03, 0x3C, 0x06, 0x38, 0x0C, 0xF0, 0x17, 0xE0, 0x2E,
    0x20, 0xD3, 0xCD, 0xA7, 0xE4, 0xF6, 0xF9, 0x7E, 0x13, 0x3F, 0x1E, 0xF8, 0xBD, 0x28, 0x48, 0x96,
    0x93, 0x73, 0x53, 0xDF, 0x19, 0xD4, 0x6C, 0x5F, 0x21, 0xD8, 0x0E, 0x9E, 0x05, 0x25, 0x9D, 0xE5,
    0x06, 0x28, 0x97, 0xE1, 0xEF, 0xE3, 0x4F, 0x1C, 0xB7, 0xCD, 0xA5, 0x2C, 0x6F, 0xCC, 0x29, 0x27,
    0x3F, 0xC1, 0xE8, 0xA6, 0x39, 0xFC, 0x7F, 0xD5, 0x77, 0x5E, 0x22, 0x61, 0x8F, 0x6B, 0x47, 0x5B,
    0x7B, 0xF1, 0xFA, 0x64, 0xF9, 0xDB, 0x46, 0x4F, 0xF9, 0xE2, 0xDD, 0x19, 0x5F, 0x71, 0x5A, 0x6F,
    0xBB, 0x3B, 0x13, 0xF2, 0x40, 0x65, 0xA3, 0x0C, 0xCA, 0x5E, 0xF7, 0x59, 0x1D, 0x0D, 0xC1, 0x5E,
    0xB6, 0xC4, 0xF8, 0x24, 0xED, 0x34, 0xAD, 0xD5, 0xA8, 0xF2, 0xF5, 0x77, 0x0B, 0x06, 0xAF, 0xAC,
    0xF8, 0x95, 0x36, 0x96, 0x41, 0xBF, 0xA2, 0x75, 0xDC, 0x6E, 0x69, 0x9D, 0xFC, 0x4F, 0xCF, 0x31,
    0xDF, 0x70, 0xDA, 0x3E, 0x67, 0x40, 0xF4, 0x5C, 0xA0, 0xF3, 0x13, 0x06, 0x20, 0x6F, 0xC1, 0xA8,
    0x08, 0xB6, 0x83, 0x30, 0x87, 0xDA, 0x5E, 0x76, 0x1B, 0x11, 0x26, 0x52, 0x3E, 0x84, 0x5A, 0x7C,
    0x6E, 0xAC, 0xB3, 0x56, 0x30, 0x45, 0x7D, 0x31, 0xCF, 0xB3, 0xCD, 0xF5, 0xC8, 0x76, 0x8E, 0xD0,
    0x0B, 0x46, 0x60, 0x51, 0xED, 0x31, 0x16, 0x50, 0xEA, 0x18, 0x18, 0xDA, 0xF3, 0xAA, 0xFB, 0x0F,
    0x67, 0xCD, 0x26, 0x1A, 0x44, 0xC3, 0x75, 0x70, 0xC4, 0xB2, 0x46, 0x78, 0x3D, 0x94, 0x15, 0x65,
    0x87, 0xE2, 0x88, 0x14, 0x88, 0x60, 0xEA, 0xAC, 0x96, 0xC8, 0xF2, 0x69, 0xCE, 0xBC, 0x95, 0xE2,
    0x03, 0x8A, 0x43, 0x8B, 0x78, 0x4A, 0x06, 0x61, 0x61, 0x1E, 0x9D, 0x0D, 0xC2, 0x34, 0xF5, 0x7E,
    0x98, 0xAB, 0xB1, 0x34, 0xE7, 0x73, 0x8B, 0x2C, 0x3D, 0xB6, 0xF4, 0xE1, 0xD2, 0xAB, 0x4B, 0x3F,
    0x2F, 0x3D, 0xFF, 0x8C, 0x90, 0x85, 0xEF, 0xFD, 0xEC, 0x3F, 0x31, 0xF6, 0x21, 0xE4, 0xD1, 0x5C,
    0x6A, 0x9F, 0x0B, 0x3A, 0xE3, 0x89, 0x62, 0x8E, 0xD6, 0xC2, 0xB4, 0x49, 0xEB, 0xBB, 0x07, 0xD6,
    0x80, 0xE8, 0x9E, 0xCC, 0x51, 0x48, 0xE9, 0x6E, 0x4F, 0x89, 0x91, 0x12, 0x28, 0xD5, 0xC7, 0x29,
    0xC8, 0x75, 0x3D, 0x85, 0x86, 0x1B, 0x29, 0x6F, 0xDF, 0x48, 0xA1, 0xA7, 0xA6, 0x98, 0x09, 0x29,
    0x99, 0xCF, 0x59, 0xAE, 0xA3, 0x7D, 0x1F, 0x66, 0x48, 0x0C, 0xDB, 0xA0, 0x4D, 0xFC, 0xA4, 0xB8,
    0xB1, 0xC4, 0xDB, 0x29, 0x5D, 0xDC, 0xC5, 0xD3, 0x8F, 0x87, 0xE8, 0xBD, 0xBD, 0x7F, 0x7C, 0xD6,
    0xC8, 0xDC, 0x89, 0xBB, 0x14, 0x8A, 0x91, 0xD4, 0x08, 0x8B, 0xD1, 0x12, 0x9D, 0xC4, 0x9D, 0x72,
    0xC1, 0xB6, 0x46, 0x85, 0x56, 0xAC, 0xCE, 0xB8, 0x14, 0x94, 0x9F, 0xF0, 0xDC, 0xD1, 0xE6, 0xC0,
    0x1D, 0x29, 0xE8, 0x95, 0x82, 0xB6, 0x73, 0x0A, 0x9A, 0xDD, 0x63, 0x2E, 0x6E, 0xB5, 0xAF, 0x8E,
    0x53, 0x0A, 0xEF, 0xFB, 0xA5, 0x94, 0xA4, 0xD8, 0x8B, 0x78, 0x5A, 0x28, 0x43, 0x30, 0xA1, 0x6E,
    0x36, 0x81, 0x7B, 0x1B, 0xB8, 0xCF, 0x35, 0x6C, 0x68, 0x0F, 0x5D, 0x8F, 0x1A, 0x62, 0x29, 0x08,
    0xAD, 0xD8, 0xFF, 0x62, 0xDF, 0x7E, 0xEB, 0xAC, 0xBD, 0xD2, 0x52, 0x6C, 0xE4, 0xEC, 0x7D, 0x75,
    0xD4, 0x1B, 0xBF, 0x6F, 0xCB, 0xF1, 0xB8, 0xC7, 0x40, 0xF9, 0xCB, 0x4F, 0x89, 0x3E, 0x4D, 0x4A,
    0x7F, 0x94, 0x72, 0x24, 0x87, 0x80, 0xC7, 0xB2, 0x0A, 0x78, 0x2C, 0xCF, 0x37, 0x65, 0x1E, 0x21,
    0x96, 0x98, 0x92, 0x1C, 0xA6, 0x46, 0x49, 0x2B, 0x14, 0x0B, 0xE1, 0xB4, 0x39, 0x82, 0x08, 0x5F,
    0x1E, 0x4C, 0xDA, 0xCF, 0x0B, 0x86, 0xB6, 0x84, 0x76, 0x85, 0x36, 0x86, 0xF6, 0x86, 0xB6, 0x23,
    0xD9, 0xE7, 0xDA, 0x37, 0xF6, 0x07, 0xED, 0x96, 0xFA, 0x81, 0xB6, 0x3D, 0x6D, 0x19, 0x72, 0xDC,
    0xFE, 0x6B, 0xAB, 0x59, 0x7C, 0xA6, 0x83, 0xDF, 0x5B, 0x61, 0xEE, 0x04, 0x57, 0xB8, 0x8F, 0xB8,
    0x3C, 0xFC, 0x97, 0x57, 0xD9, 0xCF, 0xF8, 0x05, 0x74, 0x64, 0x3C, 0x88, 0x0D, 0x93, 0x82, 0xE7,
    0x2E, 0x08, 0x32, 0x34, 0x66, 0x30, 0x50, 0x69, 0xA0, 0xC5, 0x13, 0xDF, 0xD2, 0xC1, 0x4D, 0x0B,
    0xCD, 0xB4, 0xC7, 0xD1, 0x86, 0x4B, 0x4B, 0xB1, 0x79, 0x5D, 0x26, 0xEC, 0x38, 0x76, 0x14, 0xF5,
    0x16, 0xB3, 0x97, 0xEC, 0xC8, 0x2C, 0xD8, 0xC1, 0xF9, 0xEF, 0xE9, 0x9D, 0xA9, 0xFC, 0x4D, 0x59,
    0xA3, 0x3A, 0xDE, 0x63, 0x97, 0x52, 0xDC, 0x9C, 0x7B, 0x5C, 0x49, 0xDF, 0xDD, 0xF4, 0x67, 0xC5,
    0x54, 0x9E, 0xFD, 0x59, 0xF1, 0x13, 0xC5, 0x88, 0x15, 0x20, 0xAF, 0xF8, 0x10, 0xB2, 0x20, 0x73,
    0x28, 0x06, 0x02, 0x20, 0x75, 0xD3, 0x1C, 0xD8, 0x1C, 0x9B, 0x03, 0x05, 0x9E, 0xAB, 0xE6, 0x00,
    0xF2, 0x20, 0x2F, 0x97, 0xC9, 0x51, 0x16, 0x4D, 0xFE, 0x22, 0x1E, 0xF4, 0xF9, 0x96, 0x9F, 0x4D,
    0x30, 0x25, 0xB6, 0xA6, 0x8A, 0x7B, 0x75, 0xF1, 0xA0, 0x8D, 0xA1, 0x7A, 0xCF, 0x46, 0x82, 0xFA,
    0x4B, 0xB9, 0x0E, 0xFA, 0xD1, 0x59, 0x6D, 0x45, 0x1E, 0xA2, 0x9E, 0xEB, 0x3D, 0xD0, 0x52, 0x77,
    0x79, 0xB6, 0x48, 0x5B, 0xF3, 0x37, 0xE4, 0x31, 0x9C, 0x17, 0x4B, 0x62, 0xE6, 0x7B, 0x7E, 0x3B,
    0xCC, 0xD6, 0x61, 0xD9, 0x55, 0x0E, 0x2E, 0xBA, 0x72, 0x61, 0xDA, 0x21, 0x43, 0xD4, 0xDF, 0xCC,
    0xB0, 0x6C, 0x52, 0x3F, 0xF8, 0x34, 0x9B, 0xD4, 0x1B, 0x18, 0x0D, 0x07, 0x33, 0xA6, 0xC5, 0x81,
    0x4D, 0x60, 0x60, 0xF2, 0x40, 0x6F, 0x07, 0xFA, 0xA1, 0x22, 0xE0, 0x97, 0x5D, 0xFB, 0x3C, 0x86,
    0xCF, 0xF8, 0x74, 0xC9, 0x97, 0x75, 0x60, 0xE0, 0xBB, 0xB3, 0x13, 0xAD, 0x4A, 0x5F, 0xD9, 0x7D,
    0xE6, 0xCC, 0x36, 0xA9, 0xCD, 0x9A, 0x1F, 0xFB, 0xC0, 0x19, 0xED, 0x73, 0x93, 0x8E, 0x9F, 0xBA,
    0x9F, 0x0D, 0xFA, 0x79, 0xFB, 0xAC, 0x7E, 0x36, 0x3E, 0x9F, 0x8F, 0xC3, 0x7E, 0x3C, 0xA1, 0x76,
    0x36, 0x37, 0xC4, 0x18, 0x72, 0xEC, 0x4E, 0xA0, 0xE0, 0xD6, 0x44, 0x09, 0x00, 0xD1, 0x53, 0x41,
    0x3C, 0x31, 0x50, 0x4C, 0x6D, 0xAD, 0x3F, 0xE4, 0x98, 0xA1, 0x19, 0xE8, 0x9F, 0x7A, 0x7C, 0xF0,
    0x6E, 0x9D, 0xF8, 0x5F, 0x06, 0x2A, 0x42, 0x4F, 0x28, 0x0B, 0x0F, 0x70, 0x63, 0xBE, 0xEF, 0x8E,
    0x52, 0x83, 0xF9, 0x3C, 0x6D, 0x94, 0xB5, 0xAD, 0x16, 0xC5, 0x46, 0x18, 0x83, 0x20, 0xDD, 0xE2,
    0x33, 0xC0, 0x95, 0x80, 0x00, 0x68, 0x00, 0x13, 0x00, 0x53, 0x5E, 0xE1, 0xEB, 0x1A, 0xF9, 0x7A,
    0x26, 0x0B, 0xDB, 0x06, 0x5E, 0x58, 0x94, 0xAB, 0xEA, 0x30, 0xB0, 0xC8, 0x29, 0xC3, 0xBD, 0x9C,
    0x24, 0x62, 0xFE, 0xCC, 0x1F, 0x57, 0x00, 0x27, 0xCB, 0x22, 0xB6, 0x8A, 0xB9, 0x98, 0xFD, 0x65,
    0x03, 0x87, 0x0B, 0xD2, 0x32, 0xD1, 0x32, 0x2D, 0x1D, 0xE1, 0x8C, 0x8F, 0xD4, 0x00, 0xB3, 0x69,
    0x85, 0x5A, 0xC1, 0x82, 0xC4, 0x69, 0x9E, 0x80, 0x9C, 0xBD, 0x6A, 0x9D, 0x4B, 0xEC, 0x44, 0xE5,
    0x86, 0x70, 0xFC, 0x47, 0xA6, 0xC0, 0xDC, 0x1C, 0x68, 0xA0, 0xA4, 0xC3, 0x79, 0x53, 0x4D, 0x0D,
    0x21, 0x5C, 0x3D, 0x8A, 0x1C, 0x7F, 0x3C, 0x92, 0xF4, 0x86, 0x78, 0xCC, 0xD7, 0xFB, 0x3E, 0xF6,
    0x3F, 0xAC, 0xA5, 0x27, 0xB9, 0x8B, 0x7D, 0x7E, 0xB5, 0x8B, 0x3F, 0x9C, 0xFB, 0x3E, 0x9E, 0x9E,
    0x6F, 0xED, 0x46, 0xF9, 0xD1, 0x00, 0x28, 0x0C, 0x80, 0xC6, 0x00, 0x94, 0x18, 0xF8, 0xCB, 0x01,
    0xC8, 0x69, 0x73, 0x3D, 0x28, 0xF7, 0x42, 0x3F, 0x22, 0xD9, 0xF8, 0x6E, 0x49, 0xFD, 0x06, 0x16,
    0xFC, 0x5F, 0x92, 0x0D, 0x3D, 0x2C, 0xD8, 0xD0, 0xE5, 0x0C, 0x24, 0x77, 0x9B, 0xD3, 0x82, 0xE9,
    0x53, 0x5C, 0x77, 0x5A, 0x8A, 0xA7, 0x3B, 0x2D, 0xDF, 0xC0, 0x89, 0x0C, 0x0E, 0x64, 0xB0, 0xC7,
    0x72, 0x38, 0x8E, 0x91, 0x07, 0x3D, 0x6F, 0x3D, 0x0D, 0xC5, 0x37, 0xA9, 0xDF, 0xE0, 0x24, 0x37,
    0xBF, 0xD7, 0x1A, 0x38, 0x50, 0xC1, 0x4A, 0xCC, 0x46, 0x40, 0x31, 0x2F, 0xA2, 0x51, 0xCB, 0xC2,
    0x10, 0xB7, 0xB2, 0x9C, 0x57, 0x14, 0xFC, 0x7F, 0xC4, 0x17, 0xED, 0x1D, 0xF7, 0x80, 0x34, 0x5D,
    0xF1, 0xA3, 0xB3, 0xF0, 0x21, 0xEC, 0x16, 0x9D, 0xCB, 0xDA, 0x6B, 0x72, 0xAC, 0x09, 0x22, 0xE0,
    0xD8, 0x6F, 0xC9, 0x71, 0xC0, 0x8B, 0x75, 0x3A, 0x69, 0xB1, 0x23, 0x19, 0xB7, 0xD8, 0x92, 0xFC,
    0xAB, 0xB6, 0xD8, 0x3B, 0x86, 0xD8, 0x94, 0xFC, 0x3E, 0xB7, 0xB8, 0x67, 0x68, 0x69, 0xCB, 0x50,
    0xB9, 0xFB, 0x0C, 0x79, 0x63, 0x92, 0x21, 0xB7, 0x84, 0x21, 0x99, 0x11, 0x90, 0xE8, 0x39, 0x30,
    0x9D, 0x00, 0xB5, 0x77, 0xA0, 0x73, 0x5A, 0x31, 0x44, 0xD7, 0x45, 0x2D, 0x3A, 0x31, 0x9E, 0x35,
    0xE9, 0x43, 0x22, 0xDD, 0x88, 0x93, 0xEB, 0x62, 0x06, 0x23, 0x1D, 0xAD, 0x77, 0x2F, 0x73, 0x28,
    0xF7, 0xE2, 0x0F, 0x51, 0xD9, 0x09, 0x8A, 0xC3, 0x48, 0xB0, 0x20, 0x96, 0x15, 0x30, 0x1C, 0x5D,
    0xC1, 0x55, 0x4C, 0x01, 0x03, 0x22, 0x3D, 0xE0, 0xAC, 0x0E, 0x38, 0xE9, 0x03, 0x26, 0x7F, 0xC8,
    0x60, 0xDA, 0x6B, 0xBB, 0x19, 0x85, 0xB4, 0xCF, 0x57, 0x06, 0x6D, 0xFC, 0xC8, 0xB7, 0xAA, 0xE2,
    0xBA, 0xFB, 0x0F, 0x07, 0xE5, 0x34, 0xB6, 0x44, 0xB7, 0x99, 0x63, 0x37, 0xD5, 0xD3, 0x26, 0x75,
    0x70, 0x4B, 0x69, 0x95, 0xD6, 0x70, 0x57, 0x05, 0x13, 0xD1, 0x55, 0x0C, 0xD7, 0x15, 0x78, 0xCE,
    0x07, 0x17, 0x16, 0x18, 0x6E, 0x2C, 0x30, 0xC6, 0x1B, 0x18, 0xA3, 0x0F, 0x0C, 0xBE, 0x0B, 0x8E,
    0xAE, 0xDE, 0x31, 0x99, 0xAE, 0xDE, 0x31, 0x89, 0xB9, 0x4A, 0x9B, 0xA4, 0x57, 0x6E, 0x07, 0xB0,
    0xE1, 0xD7, 0xE5, 0x98, 0xCF, 0xE0, 0x98, 0xCF, 0xA2, 0xC4, 0x18, 0x36, 0xEC, 0xB1, 0x75, 0xFF,
    0xAC, 0xFD, 0x7B, 0x5D, 0xA1, 0x18, 0x08, 0xCC, 0xA4, 0x00, 0x40, 0xDE, 0x59, 0xD0, 0x33, 0xF3,
    0xCE, 0x2E, 0x1C, 0xDC, 0xE3, 0xFD, 0xFB, 0x18, 0xE4, 0x95, 0xAF, 0x54, 0xAD, 0x7E, 0xCB, 0x4C,
    0xD5, 0x81, 0xE9, 0x0A, 0x56, 0xB9, 0x9C, 0x2A, 0xEC, 0x64, 0xE1, 0x5D, 0xAE, 0xC4, 0xCC, 0x3B,
    0xC5, 0x06, 0xF4, 0x4A, 0xCA, 0x2E, 0xBE, 0x76, 0x75, 0xF5, 0x50, 0x2D, 0xD3, 0x2B, 0x07, 0xA6,
    0x77, 0x72, 0xCE, 0xF4, 0x70, 0xFC, 0x82, 0x39, 0x58, 0x53, 0xD2, 0x33, 0x3D, 0xD5, 0x30, 0x3D,
    0x5B, 0xCD, 0xCD, 0x97, 0xA6, 0x32, 0xD0, 0x4B, 0x7B, 0x4B, 0x52, 0x17, 0x5F, 0x93, 0x63, 0xCD,
    0x16, 0x9B, 0x8F, 0xF9, 0xA2, 0x9F, 0xDA, 0x70, 0xF0, 0x20, 0x0B, 0x96, 0x75, 0x30, 0x7B, 0x78,
    0x9F, 0x38, 0x2F, 0x70, 0x3C, 0xB6, 0xC3, 0x05, 0x90, 0xDD, 0xD3, 0xAF, 0xB3, 0x94, 0xCB, 0xA1,
    0x4E, 0x2B, 0xA4, 0x18, 0x4C, 0xB7, 0xD2, 0x63, 0x53, 0xEC, 0xE6, 0x1D, 0x99, 0x5F, 0xBD, 0x42,
    0x36, 0xEA, 0xB9, 0xD1, 0x1F, 0x8D, 0x25, 0x0C, 0x71, 0x4C, 0x1B, 0xD5, 0x13, 0xC3, 0x5C, 0x0E,
    0x56, 0xD4, 0x47, 0x8E, 0x54, 0x8E, 0x06, 0x05, 0x03, 0x30, 0x19, 0xB1, 0xAC, 0xC0, 0xE0, 0x98,
    0x8D, 0x8D, 0xEE, 0x9B, 0x14, 0xB5, 0x36, 0x4F, 0xDA, 0x83, 0x7D, 0xC5, 0xAD, 0x3D, 0x94, 0x4F,
    0x7D, 0xC3, 0xE5, 0x6B, 0x2E, 0x0B, 0xAF, 0xE9, 0x99, 0xE5, 0x5F, 0x79, 0x95, 0xBA, 0xAD, 0xFA,
    0x69, 0x77, 0x5E, 0x7E, 0xD4, 0x5A, 0xEF, 0x1B, 0xD5, 0x05, 0xA7, 0x21, 0xE2, 0xE2, 0x99, 0xC7,
    0x01, 0xEF, 0x39, 0xD9, 0xAA, 0xA4, 0xD2, 0x4F, 0xB4, 0xF6, 0x2D, 0xAD, 0x45, 0xAB, 0x71, 0xBD,
    0xC9, 0x90, 0xFE, 0x00, 0x76, 0x70, 0xCF, 0x79, 0x6B, 0xBA, 0xAD, 0x8C, 0x94, 0x7B, 0xE3, 0xCF,
    0xC8, 0x96, 0x67, 0xA4, 0x39, 0x3D, 0xFD, 0x63, 0x4F, 0x2F, 0x61, 0x17, 0xC9, 0x1C, 0x58, 0x82,
    0x86, 0xE5, 0xE7, 0x89, 0x46, 0xED, 0xA8, 0xC7, 0x3C, 0x47, 0x83, 0x75, 0x1E, 0x4A, 0xF7, 0x58,
    0xAA, 0xF8, 0x79, 0x22, 0xFD, 0x82, 0xF6, 0x43, 0x47, 0xCA, 0x85, 0x98, 0x2E, 0x69, 0xD2, 0x0B,
    0x33, 0x26, 0x8D, 0x72, 0x76, 0x8F, 0xD5, 0x74, 0xAD, 0x05, 0x2A, 0x1C, 0x1D, 0xAF, 0xCA, 0xA4,
    0xD9, 0x71, 0x56, 0xEC, 0xFC, 0x67, 0xFE, 0x67, 0x9C, 0x42, 0xCA, 0xF3, 0x57, 0x4A, 0x04, 0x42,
    0xC0, 0x1D, 0xD6, 0x71, 0xAE, 0x91, 0x13, 0x6A, 0x0C, 0x03, 0x65, 0x22, 0xFD, 0xA9, 0xA1, 0x3A,
    0xC0, 0xB4, 0x9E, 0xD7, 0xA8, 0xAC, 0x16, 0xBA, 0x3D, 0xD6, 0x2D, 0xA6, 0x1A, 0xB6, 0xEC, 0x9E,
    0x7E, 0xFA, 0xF2, 0xC3, 0xDE, 0xE6, 0x56, 0x4D, 0xAA, 0x2A, 0xB4, 0xE6, 0xE9, 0xF9, 0x1D, 0xC5,
    0xE0, 0x0D, 0x8E, 0x15, 0x9C, 0xE6, 0x6C, 0xDA, 0xAB, 0xE7, 0x9C, 0xBE, 0x54, 0xFC, 0x97, 0xD4,
    0x71, 0x4B, 0xAA, 0x91, 0x73, 0x7C, 0x1A, 0x83, 0xD5, 0xBF, 0x5A, 0x66, 0xE6, 0x0E, 0x60, 0xA3,
    0x47, 0x93, 0xE3, 0xCC, 0x8E, 0x2C, 0xCE, 0x1E, 0x2C, 0x4E, 0xC8, 0x15, 0x03, 0x54, 0x43, 0x46,
    0x6F, 0xA2, 0xC3, 0x92, 0x4D, 0x4F, 0x07, 0xC9, 0xC4, 0x40, 0x79, 0xB7, 0x62, 0xEB, 0x07, 0x00,
    0x69, 0xAB, 0xE5, 0x6A, 0x82, 0xAD, 0x71, 0xB4, 0x8A, 0x66, 0x85, 0xFD, 0xC9, 0x98, 0x9F, 0xB4,
    0x5E, 0x9E, 0x38, 0x78, 0xA3, 0xB5, 0xFD, 0xF9, 0xC7, 0x6D, 0x91, 0x7E, 0xE0, 0xB6, 0x9C, 0xB6,
    0xE6, 0xC7, 0xC2, 0xF1, 0x87, 0x90, 0x8F, 0xB2, 0xFF, 0x7A, 0x74, 0xE8, 0x91, 0x72, 0xBA, 0xE5,
    0x67, 0xFF, 0x77, 0x60, 0x30, 0x3F, 0xB1, 0x2B, 0xDF, 0x3B, 0xAB, 0x0D, 0x33, 0xB9, 0xE3, 0x1F,
    0x11, 0x45, 0xBF, 0x0A, 0x2A, 0x58, 0x84, 0xE5, 0x60, 0x39, 0x6F, 0x42, 0xE6, 0x68, 0x36, 0xAC,
    0x5D, 0x98, 0x78, 0x5C, 0x26, 0xB7, 0xFC, 0x1C, 0x7B, 0x51, 0xB3, 0x11, 0x79, 0x7C, 0x2A, 0xE8,
    0xE7, 0x53, 0xC1, 0x02, 0xA7, 0x82, 0x76, 0x39, 0x15, 0xD4, 0xEE, 0xE4, 0xF8, 0x54, 0xD0, 0x33,
    0x20, 0xFB, 0xD9, 0x01, 0x08, 0x08, 0xB0, 0x83, 0x1D, 0x68, 0xFB, 0x9C, 0xBF, 0x97, 0xB7, 0x82,
    0x3E, 0xD3, 0x63, 0x07, 0xFC, 0x68, 0x7B, 0xCB, 0x0F, 0x15, 0xD9, 0x0F, 0xF8, 0x05, 0xDF, 0xAC,
    0xD2, 0x8F, 0xCF, 0x5A, 0x4B, 0x71, 0xCF, 0x9F, 0x86, 0x6F, 0x2F, 0xD3, 0xFF, 0xF2, 0xF9, 0x2A,
    0xA7, 0xF1, 0xB7, 0xD1, 0x52, 0xD2, 0x1B, 0xCE, 0xCB, 0x65, 0x1C, 0xCA, 0x52, 0xCE, 0x7F, 0x49,
    0x2D, 0xA7, 0xF5, 0x71, 0xBF, 0xDC, 0x89, 0x5C, 0x1D, 0xFB, 0xB8, 0x22, 0xD4, 0x3A, 0x97, 0x18,
    0x04, 0x3D, 0x7C, 0x0D, 0x57, 0x5F, 0x30, 0x0D, 0x92, 0xE9, 0xD7, 0x2D, 0x11, 0x48, 0xD2, 0xBD,
    0x0B, 0xB1, 0x6E, 0x3E, 0x0B, 0x88, 0xFD, 0x0C, 0x28, 0x75, 0x4F, 0xFD, 0x29, 0x1C, 0x82, 0xB8,
    0x9D, 0x66, 0x81, 0x76, 0x6C, 0x30, 0x14, 0x0F, 0xF8, 0x55, 0xF6, 0x4E, 0xB9, 0xDC, 0x04, 0x09,
    0xCE, 0x7E, 0x5E, 0x65, 0x89, 0x63, 0x98, 0xF8, 0x9C, 0x53, 0x2E, 0xC3, 0xF6, 0xD3, 0xFE, 0xC2,
    0x00, 0xA4, 0x13, 0x19, 0xE6, 0x75, 0xDA, 0xDC, 0x95, 0xB3, 0x5E, 0x68, 0x79, 0xE3, 0x70, 0xBB,
    0xAB, 0xC7, 0x54, 0x2E, 0xE6, 0xEC, 0xF6, 0xD4, 0x71, 0xB6, 0x74, 0x42, 0x85, 0x9F, 0xFF, 0x7B,
    0x2D, 0x54, 0xF8, 0xAC, 0x92, 0x0A, 0xE3, 0xC7, 0x11, 0x7E, 0xE5, 0x44, 0xFE, 0x74, 0x6B, 0xF1,
    0x35, 0xD1, 0x2D, 0x3F, 0x76, 0x2A, 0x12, 0x07, 0x8F, 0xD4, 0xE7, 0xE9, 0xB8, 0xD4, 0xBF, 0xDE,
    0x46, 0xF9, 0x16, 0xE2, 0x80, 0x6A, 0x67, 0x50, 0x39, 0xC4, 0x0D, 0x41, 0x73, 0x92, 0xF6, 0x95,
    0xA4, 0x5D, 0x9D, 0x36, 0x36, 0xD4, 0xDF, 0x74, 0xFB, 0x26, 0xDA, 0x37, 0xB2, 0x93, 0x35, 0x40,
    0x19, 0x65, 0x4F, 0xCE, 0x1E, 0xEF, 0xCD, 0x07, 0x1E, 0xE7, 0xFD, 0x8D, 0x82, 0x75, 0x03, 0xB7,
    0x3E, 0x1B, 0xC4, 0x1D, 0x8D, 0x7A, 0xE9, 0x13, 0x08, 0x3E, 0x47, 0xB0, 0xD2, 0x87, 0x08, 0x0C,
    0xDC, 0x21, 0x46, 0x64, 0x4E, 0xC1, 0x31, 0x64, 0xC8, 0x6C, 0x29, 0x66, 0xBD, 0x21, 0x57, 0xA9,
    0x98, 0x4E, 0x2D, 0x77, 0x8C, 0x55, 0xAD, 0xDD, 0x7B, 0x7B, 0xFE, 0x08, 0xA2, 0x7E, 0xA4, 0xC8,
    0xA5, 0xF4, 0xA7, 0xC4, 0xD5, 0x98, 0x03, 0xA7, 0x50, 0x9D, 0xC2, 0x89, 0x69, 0xE2, 0xB6, 0xF4,
    0x1D, 0x4E, 0x19, 0xC7, 0xE9, 0x5D, 0xB1, 0xDB, 0xF6, 0xED, 0x41, 0x10, 0x9D, 0x5C, 0x55, 0x45,
    0x92, 0x92, 0x53, 0x46, 0xE8, 0x82, 0xF9, 0xC0, 0x0B, 0xEF, 0xC0, 0x22, 0xC9, 0xCB, 0x29, 0xBF,
    0x12, 0x3F, 0x00, 0x18, 0xBA, 0x91, 0x93, 0x72, 0x9C, 0x35, 0xC4, 0xEF, 0x04, 0xBD, 0xAA, 0x7C,
    0xBF, 0x5C, 0x51, 0x95, 0x60, 0xE9, 0x0B, 0xC5, 0xC6, 0x5F, 0x62, 0xD5, 0x92, 0x5C, 0xA2, 0x2D,
    0x87, 0xB8, 0x83, 0x8D, 0x70, 0xB2, 0x8B, 0x06, 0xD4, 0x8B, 0x36, 0x74, 0x8E, 0x7A, 0xD2, 0x10,
    0xEA, 0x9F, 0x74, 0x64, 0x80, 0x55, 0x1D, 0x4E, 0x55, 0x19, 0x48, 0x7B, 0xED, 0xA1, 0xBD, 0xAB,
    0xD0, 0x5E, 0x60, 0x7B, 0x38, 0x55, 0x2D, 0x1D, 0x3A, 0x5F, 0x76, 0xB6, 0x2C, 0x4E, 0x8F, 0x9F,
    0x78, 0xEE, 0x47, 0x9C, 0x26, 0xA3, 0x5F, 0x71, 0xBA, 0x0C, 0xBE, 0xF3, 0x64, 0xF9, 0x22, 0xB1,
    0x1D, 0x2E, 0xB1, 0x6E, 0x54, 0x6B, 0x7B, 0x3B, 0xFC, 0xFB, 0xFD, 0xFB, 0x6F, 0xE1, 0x41, 0x1C,
    0x69, 0xE1, 0x5C, 0x37, 0xF3, 0xAD, 0xFE, 0xE9, 0x60, 0xE9, 0x7B, 0x27, 0x44, 0xE1, 0x67, 0xE9,
    0x27, 0xFA, 0xC3, 0x81, 0xD3, 0x23, 0x54, 0x36, 0xA7, 0x83, 0x5F, 0xA8, 0xBA, 0xF9, 0x6E, 0xE3,
    0x68, 0x73, 0x4A, 0x3A, 0xD5, 0x90, 0xAA, 0x93, 0x1E, 0x6D, 0x9F, 0x82, 0xD1, 0xFC, 0x26, 0x4C,
    0xD1, 0xD7, 0x88, 0x5E, 0x91, 0xF3, 0x26, 0x2A, 0x89, 0x7F, 0xB8, 0x8C, 0x47, 0x69, 0x9B, 0xB5,
    0x14, 0x0D, 0xC6, 0x71, 0xCA, 0x3E, 0x18, 0x45, 0xC1, 0x27, 0x86, 0x7D, 0x2F, 0xFD, 0x42, 0xC9,
    0xE1, 0x9E, 0x7B, 0x7F, 0xA4, 0xEF, 0x67, 0x43, 0xDF, 0x02, 0x98, 0x8A, 0x01, 0xB8, 0x3A, 0xE6,
    0xAA, 0x90, 0xEB, 0x70, 0xC9, 0xF3, 0xA4, 0x40, 0x89, 0x21, 0xEA, 0xE5, 0x20, 0x9D, 0x2E, 0xC3,
    0x5B, 0x68, 0xC1, 0x26, 0xF5, 0x3D, 0x6D, 0xF5, 0x07, 0x5C, 0xC9, 0x3D, 0xB4, 0xE1, 0xC0, 0x44,
    0x35, 0xA8, 0x10, 0x05, 0x90, 0x85, 0x1B, 0xF4, 0x1A, 0xB7, 0x7F, 0xF6, 0x90, 0x8C, 0x82, 0xA8,
    0xCC, 0xED, 0xB5, 0x4B, 0x87, 0x66, 0x3A, 0xAE, 0xA9, 0x46, 0x4D, 0x15, 0x6A, 0x6A, 0x50, 0xD3,
    0x15, 0x6E, 0xDA, 0xAC, 0xE1, 0x2E, 0x6C, 0x31, 0xFD, 0x78, 0xCD, 0x51, 0xF5, 0x16, 0x35, 0xE5,
    0x34, 0x1A, 0x56, 0x9A, 0x68, 0x65, 0x4B, 0x62, 0x27, 0x61, 0xE0, 0x1A, 0xA4, 0x1D, 0xA9, 0x36,
    0x3A, 0xBA, 0x34, 0xD8, 0x2C, 0x97, 0x06, 0x7F, 0x74, 0xE5, 0xD2, 0x20, 0x2D, 0x97, 0x06, 0x95,
    0x5C, 0x1A, 0x5C, 0xEE, 0xC9, 0x1C, 0xE3, 0x39, 0x7D, 0xCE, 0xC7, 0x38, 0x45, 0x39, 0xCD, 0x2F,
    0xA0, 0x93, 0x5D, 0xFC, 0x39, 0x81, 0x6E, 0xEC, 0x3D, 0xD9, 0xAB, 0xF7, 0x3C, 0xF4, 0x01, 0x33,
    0x7F, 0x03, 0xFE, 0xE3, 0x0F, 0xC3, 0xA5, 0xC5, 0x9A, 0xF6, 0xC2, 0x3F, 0x27, 0xD3, 0x0A, 0x7F,
    0x24, 0xC1, 0x9B, 0x0F, 0x7C, 0xF6, 0xD3, 0x81, 0x6F, 0xE9, 0xE4, 0xD4, 0x83, 0x4D, 0x8A, 0x03,
    0xFF, 0x3E, 0xAB, 0x05, 0x6F, 0x93, 0x56, 0xF8, 0xDF, 0x8F, 0x03, 0xFF, 0x13, 0x02, 0x5D, 0x9C,
    0x54, 0x05, 0xFE, 0xE3, 0x72, 0x9B, 0x29, 0x09, 0x9B, 0x42, 0x75, 0xE2, 0xE5, 0x54, 0xA4, 0x8F,
    0x78, 0x26, 0x42, 0x45, 0xCE, 0x2A, 0x10, 0x4D, 0x9A, 0x71, 0x71, 0x74, 0xAF, 0x21, 0xE0, 0x8A,
    0x71, 0x01, 0x1C, 0xEA, 0xA9, 0x31, 0x03, 0x81, 0x6B, 0xC6, 0xFC, 0xA2, 0x3B, 0xB2, 0x39, 0xDF,
    0xDB, 0xD4, 0x13, 0xD3, 0x8D, 0x7D, 0xAF, 0xF7, 0xE2, 0xBA, 0xF5, 0xFA, 0xAF, 0x21, 0xDC, 0x42,
    0x87, 0xBE, 0x10, 0x5C, 0x1D, 0xB0, 0xBF, 0x8A, 0xE5, 0x16, 0xD7, 0xC3, 0xC3, 0x25, 0xD1, 0x3E,
    0x8C, 0xF7, 0x3B, 0x61, 0xBC, 0x3B, 0xE9, 0xEF, 0x70, 0xBF, 0x64, 0xBE, 0x15, 0x56, 0x08, 0xBD,
    0xB3, 0x70, 0x9F, 0x27, 0xF5, 0xED, 0x0E, 0x58, 0xFF, 0x57, 0x48, 0xB7, 0xE1, 0x5E, 0x0F, 0x74,
    0x00, 0xCA, 0x45, 0x6D, 0xB8, 0xD7, 0x13, 0xB7, 0xDA, 0x81, 0x6E, 0xF2, 0xC4, 0x8B, 0x5C, 0x25,
    0x57, 0xEF, 0x49, 0x9D, 0x8D, 0x18, 0x6F, 0x39, 0x1A, 0x08, 0xF7, 0x5B, 0x4E, 0x5B, 0x96, 0x0B,
    0xC8, 0xBA, 0xEF, 0xC2, 0x0A, 0x5F, 0xD6, 0x24, 0x67, 0x85, 0xD6, 0x51, 0x4C, 0x24, 0xF5, 0xA0,
    0x4B, 0xBC, 0xF7, 0x1C, 0x1E, 0x91, 0xF6, 0x12, 0xF2, 0xF2, 0x11, 0xE7, 0x63, 0x95, 0x86, 0x72,
    0x0D, 0x97, 0x33, 0x07, 0x3A, 0x3C, 0x6D, 0x40, 0x97, 0xE2, 0xC0, 0x67, 0xE6, 0x7B, 0xF4, 0xCF,
    0x22, 0x90, 0xB7, 0x93, 0x73, 0xE2, 0xF3, 0x2F, 0x2F, 0xB3, 0x18, 0x86, 0x11, 0xA6, 0x74, 0xCB,
    0x74, 0x12, 0x71, 0xF7, 0x63, 0x00, 0xE5, 0x84, 0x39, 0x70, 0x10, 0x82, 0xFF, 0x60, 0x0E, 0x2B,
    0xC6, 0xE0, 0xBF, 0x12, 0x87, 0xA1, 0x84, 0xBC, 0xDB, 0x36, 0xF0, 0x9F, 0xFA, 0xC0, 0xBF, 0x67,
    0xBA, 0xB2, 0xF2, 0x1A, 0xE1, 0x8F, 0xF6, 0x0B, 0x7F, 0x07, 0x4D, 0x57, 0xA2, 0xCF, 0x98, 0xCE,
    0xC9, 0x2E, 0xEE, 0xFD, 0xBB, 0x03, 0x56, 0xFE, 0x7D, 0x27, 0xB7, 0x83, 0x30, 0xDF, 0x74, 0x8E,
    0x23, 0x44, 0xB8, 0xB7, 0xAA, 0x0E, 0xED, 0x36, 0x79, 0xC0, 0x56, 0xA2, 0x44, 0xE0, 0xFB, 0x4B,
    0xDF, 0x00, 0x5B, 0xEF, 0x27, 0xA4, 0xEF, 0x2F, 0x68, 0x2F, 0x2B, 0x7F, 0xCB, 0x59, 0xD4, 0x13,
    0xFD, 0x24, 0xDC, 0xEB, 0xC2, 0xCA, 0xDF, 0xE3, 0x54, 0xE6, 0x4B, 0x5B, 0xF9, 0xCB, 0xE1, 0x18,
    0x53, 0xD4, 0xD2, 0xFB, 0x94, 0x0C, 0x04, 0x67, 0x06, 0x97, 0x4F, 0xCF, 0x72, 0xB9, 0x07, 0xAA,
    0xAB, 0x93, 0xE5, 0xFF, 0x58, 0xB6, 0x4B, 0x6C, 0xB3, 0xFC, 0x47, 0x8B, 0x29, 0xA1, 0xC2, 0xA6,
    0xD9, 0x3D, 0x5B, 0xB6, 0x50, 0x8E, 0x2E, 0x49, 0x85, 0xCB, 0x71, 0x0F, 0xBA, 0x70, 0x39, 0x2E,
    0x9A, 0x2F, 0xC7, 0x15, 0xF0, 0xE9, 0xEF, 0x1E, 0x5D, 0x8A, 0x0B, 0x38, 0xA7, 0xB8, 0x8D, 0xFC,
    0x74, 0x06, 0x0C, 0x21, 0x42, 0xFA, 0xBE, 0x86, 0x5B, 0x04, 0x61, 0x0F, 0x57, 0x41, 0x99, 0x8E,
    0x4C, 0x06, 0xDE, 0xB6, 0xFF, 0x83, 0x7F, 0x77, 0xB9, 0x1C, 0x07, 0x21, 0x92, 0xC9, 0x13, 0x56,
    0x62, 0xD9, 0x9B, 0x9E, 0xAF, 0x40, 0x82, 0x70, 0xF1, 0x6C, 0x73, 0xFA, 0xF8, 0xDC, 0x28, 0xAC,
    0x2E, 0x59, 0x93, 0xF4, 0x94, 0xB8, 0xA8, 0x0D, 0xE6, 0x39, 0x21, 0x42, 0xF1, 0x0B, 0x03, 0xCF,
    0x20, 0x02, 0x10, 0x83, 0x1A, 0xA4, 0x2D, 0x81, 0x3D, 0x7C, 0x04, 0xF9, 0x89, 0x65, 0xF8, 0xB6,
    0xFD, 0x97, 0x41, 0xE1, 0xDE, 0x48, 0x35, 0xFB, 0x1E, 0x9F, 0xDF, 0x6F, 0xF6, 0x52, 0xA2, 0xFD,
    0x88, 0x49, 0xE1, 0xCC, 0xA3, 0x53, 0xAC, 0x0B, 0xF0, 0xA6, 0x72, 0xC6, 0xA4, 0xEB, 0xB0, 0x41,
    0x98, 0x85, 0x63, 0x3F, 0x54, 0x0E, 0xC5, 0x7E, 0x72, 0x4E, 0xD1, 0x60, 0xFF, 0xF3, 0x41, 0xA7,
    0xBD, 0xAF, 0xB1, 0x2E, 0x87, 0x35, 0xAA, 0xF4, 0x6E, 0x97, 0xC8, 0xFD, 0x31, 0x87, 0x1F, 0x47,
    0x7A, 0x6A, 0xC6, 0xD3, 0x96, 0xD3, 0xF5, 0x04, 0xEB, 0xD6, 0x78, 0x5A, 0x3D, 0xC8, 0xEF, 0x67,
    0xD5, 0xEA, 0x41, 0xC5, 0xF1, 0xCC, 0x83, 0x5A, 0xD4, 0xC1, 0x63, 0xBD, 0x53, 0x91, 0x6A, 0xED,
    0x70, 0xB2, 0xFE, 0xDE, 0x5B, 0x27, 0x6B, 0xD5, 0x53, 0x9B, 0xD4, 0xA9, 0x53, 0xF9, 0x9C, 0x76,
    0xFF, 0xBE, 0x6E, 0x29, 0x84, 0x67, 0xE6, 0xBB, 0xCF, 0xC1, 0x0E, 0xAA, 0x55, 0x2D, 0xD9, 0xE1,
    0x2B, 0x27, 0x9B, 0xDD, 0x49, 0xD9, 0x59, 0x9F, 0xAB, 0x8E, 0xAE, 0x86, 0x9B, 0x5F, 0x03, 0xBD,
    0x93, 0x75, 0x28, 0x9B, 0xF4, 0xC4, 0x11, 0x4F, 0x4C, 0xFD, 0x81, 0x80, 0xF0, 0x2A, 0x1F, 0x0E,
    0xAB, 0x58, 0x8B, 0x67, 0xDE, 0xB8, 0x68, 0x96, 0x8D, 0x8B, 0x73, 0x74, 0x91, 0xCD, 0xE5, 0x0E,
    0xB0, 0xDC, 0x06, 0xDE, 0xE1, 0x5E, 0xF0, 0x53, 0xAE, 0x8D, 0xCA, 0x76, 0xE4, 0xF5, 0x3B, 0xE6,
    0xD9, 0xD2, 0xD2, 0xCB, 0x0A, 0x67, 0x4B, 0x4B, 0x4D, 0xAB, 0xF2, 0xD4, 0xC1, 0x0F, 0xBC, 0x7A,
    0x10, 0xF2, 0xEE, 0x08, 0x52, 0x38, 0x08, 0x01, 0x65, 0xF0, 0x58, 0x51, 0xD0, 0x6C, 0x72, 0x08,
    0x95, 0x34, 0x2F, 0x0D, 0x84, 0x94, 0x10, 0x15, 0xF2, 0x72, 0xE2, 0xF2, 0xD4, 0x93, 0x28, 0x98,
    0x6E, 0x61, 0x1E, 0xE8, 0x59, 0xAA, 0xD5, 0x27, 0x0C, 0xEC, 0xCF, 0x18, 0x7C, 0x4F, 0x26, 0xF0,
    0xE7, 0x0F, 0xDE, 0x00, 0xD8, 0x33, 0xF8, 0xA4, 0x67, 0x80, 0x6A, 0x24, 0xC3, 0x6C, 0x71, 0x46,
    0x72, 0xF0, 0x33, 0x31, 0xF0, 0x50, 0x1A, 0x30, 0x0E, 0xCB, 0x8A, 0x06, 0x2C, 0xD4, 0x05, 0x4C,
    0x4C, 0x0B, 0x60, 0x02, 0xA0, 0x03, 0xB0, 0xCB, 0xD9, 0xD6, 0xB0, 0x5C, 0xE7, 0x68, 0xD0, 0x24,
    0x87, 0x81, 0x47, 0xD2, 0x20, 0xA3, 0x32, 0xAB, 0xB4, 0xF3, 0xF9, 0x90, 0x23, 0x5D, 0x0E, 0xCA,
    0x4C, 0x7E, 0x44, 0x67, 0x03, 0xB0, 0x5E, 0x62, 0x48, 0x43, 0xE8, 0x85, 0xFC, 0xDC, 0x90, 0xB4,
    0x91, 0xD2, 0x37, 0x49, 0x14, 0x00, 0xDB, 0xB9, 0x3E, 0xD1, 0x52, 0x20, 0x41, 0x81, 0xCC, 0x5F,
    0x88, 0x26, 0xAB, 0x48, 0xD7, 0xA6, 0x21, 0x4B, 0x50, 0x3C, 0xC8, 0xB9, 0x43, 0x19, 0xE8, 0xA5,
    0xA8, 0x67, 0x8E, 0x72, 0xA9, 0x29, 0x01, 0xC8, 0x6A, 0x06, 0xCA, 0x01, 0x54, 0x0C, 0x0C, 0x31,
    0xB0, 0x00, 0x05, 0x80, 0x30, 0x99, 0x9B, 0x48, 0x89, 0xC0, 0x54, 0xA0, 0xBA, 0x02, 0x8D, 0x40,
    0x2B, 0xB0, 0x14, 0x78, 0x2E, 0x70, 0x00, 0x8C, 0x04, 0x26, 0x9D, 0xC0, 0x16, 0x30, 0x6B, 0x00,
    0x95, 0x03, 0xD4, 0x02, 0x6D, 0x2E, 0x90, 0x00, 0xCF, 0x05, 0x0E, 0x80, 0x11, 0x20, 0xBA, 0x24,
    0x1C, 0xF1, 0x0E, 0x11, 0x3A, 0x7E, 0x08, 0x87, 0x42, 0xFB, 0x8A, 0xA1, 0x97, 0x75, 0xDA, 0x43,
    0xDA, 0x69, 0x92, 0x9E, 0x69, 0xE8, 0x32, 0xE8, 0xEA, 0xA5, 0x40, 0x06, 0x6D, 0xB2, 0x67, 0x90,
    0x4C, 0x7F, 0xAB, 0x2B, 0xD5, 0x70, 0x9A, 0xA9, 0x18, 0x84, 0xC3, 0x02, 0x00, 0x31, 0x1A, 0x2F,
    0xC1, 0x6A, 0x56, 0x0A, 0xA8, 0xD4, 0xF9, 0xD3, 0x6E, 0xC3, 0xDD, 0xBC, 0xA3, 0x07, 0x4D, 0xF3,
    0xAC, 0xCB, 0x09, 0x02, 0x84, 0x9B, 0x00, 0x55, 0x33, 0x48, 0xA7, 0x9C, 0xAB, 0xE6, 0x39, 0xD0,
    0x3D, 0x00, 0x7C, 0x78, 0x69, 0x60, 0xBC, 0x1F, 0xF8, 0xE9, 0x97, 0x73, 0x76, 0x11, 0x3E, 0xE5,
    0x8E, 0xCF, 0xDA, 0x8B, 0x20, 0x76, 0x32, 0x30, 0x7D, 0xC8, 0x96, 0x34, 0xCB, 0x91, 0xBC, 0xD0,
    0xB2, 0x14, 0x9E, 0xDD, 0x65, 0xB6, 0xB8, 0x3D, 0x50, 0xAC, 0x2F, 0x29, 0x82, 0x9F, 0xE5, 0x27,
    0x6C, 0xCB, 0x36, 0x9C, 0x45, 0xD5, 0x71, 0x0F, 0x0A, 0xDB, 0x65, 0xCB, 0xD4, 0xD2, 0xC9, 0xDC,
    0x1B, 0x00, 0x86, 0x8E, 0x7A, 0xB7, 0x00, 0x1D, 0xE9, 0xDD, 0xB0, 0x83, 0x15, 0xFA, 0x34, 0xEB,
    0xB2, 0x0E, 0x1F, 0xAE, 0xF6, 0xE9, 0xEA, 0x99, 0x54, 0x68, 0xA1, 0xB2, 0x5C, 0xF8, 0xB8, 0x7D,
    0x8C, 0x16, 0x7A, 0xE6, 0xB9, 0xF4, 0xDA, 0x30, 0xE6, 0x81, 0x4A, 0x7F, 0x4B, 0xAD, 0x74, 0x68,
    0xAA, 0x34, 0x1A, 0xCD, 0x47, 0x47, 0x0C, 0xD8, 0xA2, 0xEB, 0xC3, 0x9E, 0xB5, 0x74, 0x53, 0xD6,
    0xCC, 0x9A, 0xC0, 0x0E, 0x59, 0x13, 0xB4, 0x13, 0x3B, 0xDE, 0xC3, 0x15, 0x6D, 0xD7, 0x61, 0x27,
    0x98, 0x15, 0x18, 0xAB, 0x31, 0x56, 0x66, 0xAA, 0xA5, 0xAB, 0xE1, 0xE6, 0x57, 0x31, 0x5F, 0x7D,
    0x4F, 0xF6, 0x3D, 0x38, 0xDB, 0x96, 0x7A, 0x52, 0xB9, 0x78, 0xC1, 0x2F, 0xFC, 0x48, 0xC8, 0x06,
    0xD8, 0x76, 0xDF, 0x55, 0xF4, 0xDD, 0x07, 0x88, 0xA4, 0x3D, 0x2D, 0xE1, 0x8B, 0x33, 0x51, 0xFE,
    0x0F, 0xED, 0x7B, 0x0D, 0xA8, 0x25, 0xC7, 0x95, 0xDE, 0xD7, 0xDD, 0xE3, 0x69, 0xDB, 0xED, 0x6C,
    0x89, 0x24, 0xBB, 0x6B, 0x90, 0xEC, 0x0A, 0x49, 0x60, 0xB5, 0x89, 0x34, 0x15, 0x20, 0x80, 0x81,
    0x7B, 0x6F, 0xB5, 0x34, 0xE0, 0x01, 0x04, 0x8C, 0xD6, 0x21, 0x04, 0xF2, 0x80, 0x09, 0x60, 0x20,
    0xFC, 0x38, 0x2F, 0x01, 0x02, 0x02, 0xEE, 0xBD, 0x5D, 0xB6, 0x02, 0x03, 0x08, 0x90, 0x05, 0xC9,
    0x0A, 0x08, 0xB0, 0x01, 0x12, 0xFE, 0xC1, 0x21, 0x21, 0x61, 0x96, 0xBD, 0xEF, 0x75, 0x65, 0x87,
    0x30, 0x80, 0x80, 0xE9, 0xD9, 0xC1, 0x2B, 0x40, 0x80, 0x7A, 0x34, 0x72, 0x0C, 0x18, 0x50, 0x69,
    0xA6, 0x15, 0xD5, 0xF3, 0x74, 0xF7, 0xD9, 0x3A, 0xD5, 0xF7, 0x67, 0x46, 0x96, 0x56, 0xEB, 0xD5,
    0x6A, 0xB0, 0x8D, 0x6A, 0xBA, 0xBE, 0x3A, 0xAF, 0x6E, 0xFD, 0xF5, 0xA9, 0xD3, 0x55, 0x75, 0xBE,
    0xEE, 0x01, 0x90, 0x90, 0x0D, 0x88, 0x82, 0x3C, 0x27, 0xEA, 0xD6, 0xC0, 0x89, 0x86, 0xE6, 0x64,
    0x85, 0x2F, 0x73, 0xB2, 0x01, 0xA6, 0xBF, 0x62, 0x58, 0x44, 0x84, 0x2E, 0x19, 0x21, 0x5A, 0x46,
    0x64, 0x3D, 0x62, 0xA0, 0x88, 0x50, 0x36, 0xC4, 0x11, 0x45, 0x0B, 0x10, 0x35, 0x99, 0x43, 0x7E,
    0xF6, 0x64, 0x07, 0x0F, 0xD1, 0x24, 0x3D, 0x36, 0x50, 0x25, 0xD6, 0x58, 0x41, 0x03, 0x1A, 0x8B,
    0x20, 0x42, 0x41, 0x73, 0xF3, 0xAA, 0xD4, 0x38, 0x01, 0x64, 0xA9, 0xB0, 0x9A, 0x92, 0xF5, 0x94,
    0xE8, 0x47, 0x12, 0x69, 0x63, 0x22, 0xDA, 0x98, 0x64, 0x4D, 0x4C, 0x50, 0x4E, 0x09, 0xFE, 0xFA,
    0x89, 0xD1, 0x9C, 0x08, 0x3B, 0x25, 0x3F, 0x89, 0x9A, 0xC8, 0x26, 0xBD, 0xA0, 0x6E, 0x42, 0xEC,
    0x52, 0x6A, 0x90, 0x13, 0x09, 0xEA, 0x21, 0xDE, 0x3D, 0xAE, 0x5F, 0xAB, 0xA1, 0x91, 0xF7, 0x90,
    0x66, 0x81, 0xCC, 0x43, 0xD8, 0x15, 0xD2, 0x0E, 0x85, 0x5D, 0x22, 0x71, 0xC8, 0x2D, 0x38, 0x01,
    0x7E, 0x05, 0x93, 0x84, 0x4C, 0x41, 0x4E, 0xFE, 0xB9, 0xD7, 0xF8, 0x57, 0x8B, 0x0B, 0x98, 0x6B,
    0xCC, 0x9F, 0x9D, 0xB4, 0x0B, 0xD1, 0x20, 0xB3, 0xE0, 0xF0, 0x5F, 0x9F, 0x06, 0xFA, 0xD5, 0x5F,
    0x29, 0xD6, 0x7D, 0xD5, 0x73, 0x84, 0xDF, 0x68, 0xFC, 0x52, 0x40, 0x01, 0xC6, 0x08, 0xE0, 0xF0,
    0x2C, 0x0A, 0x0F, 0x0D, 0x4D, 0x90, 0x58, 0x1F, 0x1B, 0x61, 0xFA, 0xC2, 0x16, 0xB6, 0xCB, 0x9A,
    0xAC, 0x09, 0x90, 0xBA, 0x00, 0xE8, 0x7C, 0x61, 0xE1, 0x4F, 0xA5, 0xC5, 0x52, 0x13, 0xF0, 0xAD,
    0x62, 0x6B, 0x7B, 0xE9, 0x10, 0x40, 0x90, 0x01, 0xF4, 0x15, 0x0B, 0xCC, 0xB3, 0x16, 0xD8, 0xA4,
    0x8E, 0xE1, 0xFD, 0x31, 0xC0, 0x7D, 0x32, 0xAB, 0xEC, 0xC1, 0xEB, 0x56, 0xBF, 0xF0, 0xD6, 0x55,
    0x2B, 0xE9, 0x3A, 0x99, 0x7C, 0x4C, 0x46, 0xEC, 0x83, 0xBA, 0x6D, 0x51, 0xDD, 0x6F, 0x70, 0xF6,
    0x03, 0x87, 0x0E, 0x0E, 0x1B, 0x78, 0xE8, 0x66, 0x89, 0xDA, 0x2D, 0xE0, 0x5F, 0x54, 0x21, 0x8A,
    0xB2, 0x76, 0xC2, 0xAA, 0x36, 0x2F, 0x63, 0xF9, 0x06, 0xA8, 0x1C, 0x70, 0x66, 0x80, 0x6E, 0xFB,
    0x98, 0xE8, 0xA6, 0x2E, 0xEB, 0x7B, 0x64, 0xFD, 0x3F, 0xFB, 0xF3, 0x36, 0xC4, 0x86, 0x65, 0xD5,
    0xD6, 0xE5, 0xA1, 0x93, 0x46, 0xF6, 0xA1, 0x56, 0x4D, 0xE5, 0xD9, 0xF7, 0x07, 0x69, 0xBA, 0xD4,
    0xA5, 0xD8, 0xF0, 0x48, 0xF5, 0xED, 0x00, 0xF5, 0xFD, 0x00, 0xFE, 0x3B, 0x0E, 0xA1, 0x33, 0x0F,
    0xD4, 0x8E, 0x9F, 0x8D, 0xF6, 0x29, 0x4C, 0x41, 0xB6, 0xD2, 0x01, 0xDA, 0xD5, 0x3D, 0x70, 0xF2,
    0xC3, 0xA1, 0x02, 0xAE, 0xA5, 0x4E, 0x96, 0x5C, 0x5F, 0x18, 0xE8, 0xBB, 0xAD, 0x78, 0xA5, 0xAB,
    0x3E, 0x6C, 0xC5, 0x8F, 0xFA, 0xCD, 0x77, 0x9C, 0x58, 0x7D, 0xEF, 0xDA, 0x1F, 0x78, 0x3D, 0xFF,
    0x5E, 0xD5, 0xD5, 0x83, 0xEA, 0x55, 0xAB, 0xBA, 0xA2, 0x3B, 0xB4, 0x13, 0x9B, 0x89, 0xAD, 0x4C,
    0x8D, 0xC4, 0x36, 0xB8, 0x09, 0xC3, 0x2D, 0x18, 0x6E, 0xA0, 0xE4, 0xFA, 0xE0, 0xEA, 0xE0, 0xDA,
    0x9F, 0x5A, 0xF7, 0xBD, 0xF7, 0x42, 0x5D, 0xA2, 0x50, 0xD7, 0xEB, 0x8F, 0xAD, 0xBB, 0x6D, 0xA0,
    0x18, 0xA1, 0x5D, 0x45, 0x36, 0x34, 0x90, 0xBB, 0x6B, 0xE9, 0x3D, 0xDF, 0x6D, 0xB2, 0x37, 0xBF,
    0x77, 0x4D, 0xDF, 0x7D, 0xE3, 0xB7, 0x96, 0xD5, 0x87, 0x6F, 0x7D, 0xE3, 0xDA, 0xE6, 0x3B, 0xF7,
    0xFB, 0xEE, 0xDA, 0x8B, 0xE3, 0x91, 0xAB, 0xBA, 0x50, 0x4E, 0x71, 0x8D, 0xAD, 0xF2, 0x2A, 0x77,
    0x66, 0x3A, 0x6C, 0x58, 0xCF, 0x2E, 0xA8, 0xE8, 0xC5, 0xDA, 0xA9, 0x16, 0x53, 0xC8, 0xA8, 0xAC,
    0x9C, 0xA4, 0x3F, 0xA3, 0x41, 0xBF, 0xFE, 0x61, 0xB7, 0xDE, 0xE0, 0x15, 0xFB, 0x65, 0x32, 0xC2,
    0x80, 0x5C, 0x80, 0xBE, 0x0F, 0xB0, 0x59, 0x14, 0x16, 0xFA, 0x38, 0x6B, 0x21, 0x29, 0xF1, 0xC8,
    0x09, 0xFF, 0x76, 0x6B, 0x3A, 0xA1, 0xAE, 0x15, 0xF4, 0x0E, 0x39, 0xFD, 0x87, 0x1F, 0x7E, 0xD0,
    0x2F, 0xF0, 0x9F, 0xED, 0xAA, 0x6A, 0x84, 0x59, 0xD4, 0x3E, 0xC0, 0xF2, 0x24, 0xC0, 0x42, 0x09,
    0x3B, 0xD7, 0x7F, 0x94, 0xB7, 0xBD, 0xA0, 0x94, 0xBA, 0x8C, 0x50, 0x37, 0x9F, 0x5A, 0xB7, 0x3E,
    0x0D, 0x75, 0x69, 0x0C, 0x75, 0xDB, 0xE1, 0x13, 0xEA, 0x4A, 0x6A, 0xF5, 0xEB, 0x6E, 0x05, 0x53,
    0x1B, 0xD4, 0x1D, 0x36, 0x3D, 0x56, 0x8B, 0x30, 0x46, 0x48, 0x42, 0x4E, 0x53, 0x19, 0x22, 0x0F,
    0x11, 0x90, 0x4A, 0x36, 0xB9, 0x63, 0xAB, 0x01, 0xE4, 0xED, 0x3A, 0x60, 0xE6, 0x56, 0x1F, 0x41,
    0xE0, 0x57, 0x10, 0xE5, 0xC0, 0x58, 0x51, 0x19, 0x70, 0x88, 0xAB, 0xA4, 0xCB, 0xDA, 0x15, 0x32,
    0x97, 0xBA, 0x80, 0x6D, 0xEA, 0xD6, 0x51, 0xD6, 0x31, 0x5F, 0x35, 0xC9, 0x78, 0xC5, 0x4E, 0xF7,
    0x3B, 0xDD, 0x3B, 0x63, 0xFC, 0x53, 0x6C, 0x85, 0x50, 0x06, 0x1C, 0x9E, 0xEC, 0x34, 0xA6, 0xE0,
    0xD7, 0x5B, 0xA1, 0x5F, 0x6D, 0x85, 0xCD, 0x2F, 0x08, 0xF8, 0xCD, 0x16, 0x32, 0x2A, 0x27, 0x41,
    0x52, 0x3B, 0x09, 0xFA, 0x62, 0xB7, 0x9B, 0x02, 0x3F, 0x09, 0x9B, 0x9D, 0x36, 0x7A, 0x6C, 0xD6,
    0xBB, 0x1C, 0xBD, 0x2B, 0x33, 0x69, 0x35, 0x58, 0xE3, 0x5E, 0xCF, 0x7B, 0xCD, 0xA7, 0x64, 0x01,
    0x88, 0x88, 0xDB, 0x62, 0x0C, 0x58, 0xFF, 0xE2, 0x74, 0xFF, 0x06, 0x1B, 0xA1, 0x03, 0x00, 0xB1,
    0x13, 0xA2, 0x1E, 0x0E, 0xAA, 0x60, 0x6D, 0x7C, 0x9E, 0x53, 0xFC, 0x85, 0x11, 0x7E, 0xE2, 0x3A,
    0x90, 0xFF, 0x86, 0xAD, 0x03, 0x9B, 0xC7, 0x29, 0xEC, 0x35, 0xA6, 0x77, 0xC2, 0x5E, 0xAB, 0xBF,
    0x4E, 0xEB, 0x40, 0xE6, 0xFE, 0xA6, 0x70, 0x1D, 0x71, 0xDA, 0x64, 0xE3, 0x86, 0xFB, 0xAB, 0xB6,
    0x0E, 0x7C, 0x61, 0x84, 0x8F, 0xFB, 0x44, 0xF4, 0xF8, 0x71, 0x1D, 0x51, 0xE3, 0x60, 0x60, 0x82,
    0x18, 0x53, 0xC6, 0x2F, 0x4E, 0x44, 0x9F, 0x8B, 0xB0, 0xC6, 0x47, 0x1F, 0xE4, 0xFD, 0xA3, 0x2D,
    0x68, 0xFB, 0xB4, 0xA7, 0x3B, 0x21, 0xF9, 0x3C, 0xA7, 0xE0, 0x0B, 0xE1, 0x30, 0x05, 0x66, 0x2B,
    0x08, 0xBB, 0x15, 0xD2, 0x6D, 0xCE, 0xE3, 0x7F, 0x0A, 0xBE, 0x78, 0x0A, 0x76, 0x9A, 0x3F, 0x08,
    0x56, 0x90, 0x0D, 0x05, 0x74, 0xAC, 0xB8, 0xFA, 0xFC, 0xAF, 0x35, 0xA0, 0xE3, 0x90, 0x04, 0x21,
    0xA5, 0xED, 0x76, 0x2C, 0x18, 0x3F, 0xFD, 0x40, 0xF2, 0x1B, 0xB4, 0x17, 0x84, 0xE0, 0xD2, 0x88,
    0xC9, 0x63, 0x9F, 0x82, 0xD5, 0x34, 0x05, 0x06, 0xC2, 0x22, 0x35, 0xD3, 0x14, 0x08, 0x86, 0x38,
    0x38, 0xBD, 0x1F, 0xF2, 0xEA, 0xD7, 0x01, 0xD6, 0x0C, 0x7A, 0xAF, 0x5A, 0x41, 0x3B, 0xF3, 0xFE,
    0xD7, 0xE8, 0x3F, 0xE6, 0x1F, 0x79, 0xF2, 0x3D, 0xFE, 0x7A, 0xFF, 0xB8, 0x2E, 0xA6, 0x40, 0xAD,
    0x1C, 0x91, 0x53, 0x5F, 0x93, 0x15, 0x4D, 0x35, 0x14, 0x2D, 0xD3, 0xD9, 0xA9, 0x5B, 0xA0, 0xB0,
    0xE8, 0xE6, 0xC8, 0x2D, 0xFC, 0x84, 0x31, 0xC7, 0x6B, 0x08, 0x93, 0x3A, 0x69, 0x74, 0x22, 0x5B,
    0x61, 0x17, 0x05, 0x99, 0x0C, 0x4F, 0x17, 0x03, 0x62, 0x28, 0x46, 0xE1, 0xA1, 0xA8, 0x26, 0x2C,
    0x0A, 0xAF, 0xCA, 0x4D, 0xE6, 0x0A, 0xBB, 0x49, 0xDB, 0x2D, 0xCC, 0xF3, 0x5B, 0xC7, 0xE5, 0xA2,
    0xB8, 0x41, 0xF8, 0x5A, 0x96, 0x4F, 0xDD, 0x27, 0xD4, 0x72, 0xDF, 0x10, 0xCD, 0x29, 0x14, 0x14,
    0x00, 0x51, 0x82, 0x7B, 0xA0, 0x9B, 0x46, 0x12, 0x95, 0xBA, 0xAC, 0xA1, 0x6E, 0x9D, 0xA2, 0x20,
    0x8F, 0x84, 0x9A, 0xD8, 0x47, 0x0F, 0x4D, 0x58, 0x09, 0x8B, 0xDC, 0x8A, 0x07, 0xB6, 0x22, 0x7B,
    0x7A, 0x6C, 0x34, 0xA1, 0xD8, 0xB5, 0xD8, 0xA0, 0xA0, 0x1E, 0xD2, 0x9E, 0x42, 0x43, 0x63, 0x0E,
    0x51, 0x2E, 0x21, 0xCC, 0x36, 0x96, 0x0B, 0xC8, 0x98, 0x2F, 0xCC, 0x09, 0x0A, 0x7C, 0x0B, 0xDB,
    0x20, 0x06, 0x68, 0x2A, 0x4F, 0xA4, 0xED, 0x72, 0xEB, 0x32, 0xBE, 0x7C, 0x61, 0x57, 0xA2, 0x7C,
    0x46, 0x60, 0x1F, 0x54, 0xF3, 0x94, 0x60, 0xC2, 0x70, 0x21, 0xC8, 0xFE, 0x8E, 0xD3, 0xE7, 0x44,
    0x9B, 0x39, 0x61, 0x42, 0xB4, 0xC2, 0x26, 0x4E, 0x45, 0x85, 0xED, 0xD4, 0xC6, 0x39, 0x1A, 0x2A,
    0x94, 0x50, 0x3F, 0xA6, 0x41, 0x36, 0x82, 0x7C, 0x4D, 0x26, 0x0C, 0x4E, 0x0E, 0xD0, 0x69, 0xEE,
    0x51, 0x5D, 0xBD, 0x4E, 0x78, 0xF2, 0xEA, 0x9D, 0xE3, 0x52, 0xA6, 0xAE, 0x30, 0xB3, 0xD4, 0xE5,
    0x76, 0x99, 0x05, 0x69, 0x7D, 0x65, 0x38, 0x2E, 0x35, 0x55, 0x84, 0xA2, 0x7F, 0xE4, 0x9E, 0x3C,
    0x94, 0xE1, 0x7B, 0x52, 0x98, 0xE1, 0x1C, 0x96, 0x40, 0x8C, 0xF3, 0x20, 0x73, 0x9E, 0xDC, 0x6A,
    0x69, 0xCB, 0xE7, 0x89, 0xA8, 0xA5, 0x13, 0x59, 0x76, 0x80, 0x03, 0xBA, 0x04, 0xA7, 0x57, 0x1E,
    0xD1, 0x52, 0x1B, 0xB5, 0xA4, 0x5C, 0x68, 0xB1, 0x53, 0x98, 0x6F, 0x82, 0x96, 0x66, 0xC2, 0x70,
    0x9C, 0x5F, 0x13, 0xA5, 0xEE, 0x34, 0xE4, 0x07, 0xE3, 0xC3, 0x7A, 0xCF, 0x78, 0x73, 0x6B, 0xF4,
    0x6D, 0x37, 0x77, 0x6E, 0xE6, 0xDC, 0xFC, 0x7D, 0xA7, 0x7E, 0xEA, 0x04, 0xD9, 0x94, 0x80, 0xDD,
    0x28, 0xD5, 0xC0, 0xAD, 0x12, 0x19, 0xD9, 0xD4, 0x9D, 0x6C, 0xBE, 0x09, 0x65, 0x33, 0x87, 0x68,
    0x31, 0x09, 0xBD, 0x6A, 0x12, 0x57, 0x10, 0x05, 0xD4, 0xAF, 0xD5, 0x21, 0x47, 0xF3, 0xAF, 0xAD,
    0xBC, 0x45, 0x67, 0xD2, 0x86, 0x7E, 0x88, 0x4A, 0x56, 0x8F, 0x07, 0xA6, 0x59, 0x0E, 0x92, 0xA6,
    0x7A, 0xC4, 0x5C, 0x74, 0x0A, 0xC8, 0x1A, 0x61, 0xC4, 0x83, 0x00, 0x15, 0x35, 0xA2, 0x5C, 0x5F,
    0x39, 0xAB, 0xE2, 0xAF, 0x5C, 0xAE, 0xDB, 0x2E, 0xFF, 0x1D, 0x04, 0x8D, 0x50, 0x57, 0x09, 0x0B,
    0x71, 0x19, 0x4B, 0x41, 0xD8, 0x64, 0x54, 0x6E, 0x50, 0xB8, 0xE5, 0xD6, 0x89, 0x52, 0xB7, 0x58,
    0x8F, 0x6E, 0x77, 0x47, 0x39, 0x19, 0x49, 0xED, 0x62, 0xDE, 0xCE, 0xB4, 0x9B, 0xA9, 0x7E, 0x8E,
    0x8D, 0xFE, 0x97, 0x10, 0x54, 0x66, 0x23, 0x38, 0xE4, 0xF6, 0xF1, 0x60, 0x7C, 0x06, 0x6C, 0x41,
    0x7D, 0xC0, 0x30, 0x1F, 0x01, 0x75, 0xA7, 0x02, 0xF2, 0x9C, 0xE4, 0x96, 0x67, 0x64, 0x87, 0x3C,
    0x33, 0xFC, 0xAB, 0x0E, 0x28, 0x3F, 0xA0, 0x33, 0xAE, 0xF5, 0x73, 0xFA, 0x59, 0x68, 0xA1, 0x29,
    0x28, 0xB6, 0x56, 0x45, 0x4C, 0x2D, 0x2A, 0x8F, 0x8C, 0xC8, 0x88, 0x0F, 0x8E, 0x5B, 0x5D, 0x66,
    0xDD, 0x02, 0xE8, 0xBF, 0x0E, 0x6C, 0xB6, 0x4B, 0xCD, 0x62, 0x1B, 0x57, 0x5F, 0x9E, 0x1C, 0x9E,
    0xBE, 0x0A, 0x65, 0xAA, 0x50, 0xB6, 0x22, 0x32, 0xAB, 0xCA, 0x73, 0xA1, 0xBF, 0x2C, 0xFE, 0x7E,
    0x88, 0x8B, 0x45, 0x10, 0x75, 0x74, 0x8F, 0xF2, 0x5E, 0xC4, 0xD5, 0x9F, 0xCC, 0x76, 0xF2, 0xA8,
    0x0D, 0xA8, 0xA9, 0x0F, 0xF8, 0x3D, 0xD4, 0xE0, 0xA0, 0x62, 0xCD, 0xD3, 0x80, 0x35, 0xF5, 0x11,
    0x5B, 0xC4, 0x01, 0x6D, 0x31, 0x6B, 0x4E, 0x4B, 0x40, 0x5A, 0x4D, 0x21, 0x58, 0x19, 0x80, 0x27,
    0x17, 0x0A, 0x9A, 0xA0, 0xEC, 0xE9, 0x15, 0x9B, 0xB7, 0x5D, 0x66, 0xD3, 0xD6, 0x65, 0x4D, 0x12,
    0x20, 0x48, 0xD7, 0xF2, 0x90, 0x37, 0x17, 0x44, 0xF6, 0xA9, 0x82, 0xA8, 0xFC, 0x65, 0x6E, 0x79,
    0xF5, 0x4B, 0xDF, 0xF2, 0xA3, 0xB1, 0x02, 0xA0, 0x0D, 0x20, 0x42, 0xE4, 0x7E, 0x25, 0x95, 0xB1,
    0x6F, 0x45, 0x0E, 0xDC, 0xFF, 0x57, 0x8E, 0x7A, 0xF0, 0x18, 0x80, 0x11, 0x3C, 0x0E, 0x40, 0x63,
    0x1A, 0x8B, 0x2A, 0xB7, 0x14, 0xA0, 0x99, 0xC6, 0x23, 0x0E, 0xE9, 0x36, 0x3F, 0x8C, 0xEF, 0x94,
    0xCB, 0xAD, 0x01, 0xE2, 0x7A, 0x61, 0x9C, 0x64, 0x31, 0x20, 0x8C, 0xF5, 0xEE, 0xD9, 0x91, 0x07,
    0x8F, 0x97, 0xA8, 0x05, 0x8F, 0x59, 0x8E, 0xBB, 0x8D, 0xF9, 0xB3, 0xA7, 0x8B, 0x6D, 0xAA, 0x3F,
    0x72, 0xD4, 0x12, 0xFD, 0x94, 0x26, 0xDB, 0x14, 0x6A, 0x44, 0x42, 0xD4, 0xF0, 0x7B, 0x54, 0xD1,
    0xA0, 0x57, 0x25, 0x16, 0x1A, 0x78, 0x9A, 0xEB, 0x3F, 0x1C, 0x35, 0xF0, 0x77, 0xF9, 0x37, 0xD1,
    0x80, 0x42, 0x59, 0x02, 0x11, 0x85, 0xBA, 0x3A, 0xE8, 0x41, 0xCB, 0x32, 0xC4, 0xEE, 0x3C, 0x49,
    0x22, 0x2F, 0x6B, 0x32, 0xB2, 0x04, 0x3E, 0x36, 0x5A, 0x40, 0xB4, 0x40, 0x16, 0xE2, 0xDE, 0xB4,
    0xF4, 0x08, 0x4D, 0x83, 0x26, 0xC3, 0xA6, 0xC5, 0x25, 0x14, 0xB2, 0x66, 0x85, 0xBA, 0x91, 0xB6,
    0xA6, 0x10, 0x4C, 0x4D, 0x4D, 0x3D, 0x7C, 0x8A, 0x69, 0xC9, 0x41, 0x76, 0x15, 0x5D, 0x1E, 0xFE,
    0x58, 0xFE, 0xDF, 0xEA, 0xBB, 0xA2, 0x5D, 0x10, 0x51, 0xFF, 0xF3, 0xFF, 0xF2, 0x8F, 0xFF, 0x5B,
    0x07, 0x28, 0x2E, 0xA0, 0x89, 0x3C, 0xDF, 0x29, 0x40, 0xD4, 0x20, 0x1F, 0x8E, 0x3A, 0xF0, 0xCD,
    0x82, 0xEF, 0x08, 0x7C, 0xBB, 0x93, 0xBE, 0x0E, 0xA0, 0xB1, 0xBD, 0x67, 0x28, 0x83, 0x45, 0x2C,
    0xCC, 0xD5, 0x7C, 0xD4, 0x55, 0x54, 0x1A, 0x5B, 0xC0, 0x79, 0xC8, 0x20, 0x43, 0x9E, 0xFD, 0x0E,
    0xA1, 0x20, 0x22, 0xA0, 0xA6, 0x7A, 0x5B, 0xB3, 0x66, 0xC2, 0x97, 0x02, 0x64, 0x0E, 0x01, 0xBA,
    0x52, 0xF3, 0x42, 0xA5, 0x81, 0xAA, 0x0D, 0x90, 0x8D, 0x7A, 0x98, 0x40, 0x8D, 0x71, 0x50, 0x3C,
    0xA6, 0x4F, 0xD2, 0xBF, 0xDE, 0xE9, 0xDF, 0x44, 0xFD, 0xF7, 0x3C, 0x10, 0x1E, 0x07, 0xD7, 0xE5,
    0x51, 0xF0, 0x20, 0x78, 0x0C, 0x3C, 0x84, 0xED, 0x08, 0x74, 0x46, 0xD0, 0x92, 0x1A, 0xAD, 0x5F,
    0xB7, 0x7A, 0x81, 0xD8, 0xE6, 0x4A, 0x37, 0xE7, 0xF9, 0xD1, 0xEE, 0x52, 0x22, 0xF3, 0x39, 0x6B,
    0x23, 0x8F, 0xDA, 0x38, 0xDE, 0x69, 0xE3, 0xD3, 0x61, 0xD8, 0x01, 0x07, 0xF2, 0x72, 0x0C, 0xE8,
    0x6A, 0xB2, 0xC9, 0xDD, 0x77, 0x7C, 0xEE, 0xD2, 0xDB, 0xD7, 0x1B, 0x74, 0xD9, 0xED, 0x1B, 0x16,
    0x2F, 0x05, 0x34, 0x98, 0x45, 0x79, 0x99, 0xDE, 0xBD, 0x6E, 0x11, 0xDE, 0xF4, 0xDD, 0x75, 0x89,
    0xAB, 0x1C, 0xF5, 0x45, 0x5B, 0xF9, 0xDA, 0x67, 0xE6, 0x25, 0x70, 0x98, 0xF0, 0x1F, 0x62, 0x0A,
    0xB2, 0x83, 0xE8, 0xAB, 0x11, 0xD2, 0x9F, 0x1D, 0xE3, 0xD9, 0xFF, 0xE5, 0x0A, 0xF3, 0xCC, 0xFF,
    0x68, 0x73, 0xF3, 0xCC, 0xFF, 0x0E, 0xF0, 0xEC, 0x1F, 0x3B, 0x51, 0x8E, 0xBA, 0x57, 0x20, 0xD5,
    0x3D, 0x05, 0x07, 0x20, 0xC2, 0xA1, 0x6A, 0x41, 0x46, 0xF7, 0xD0, 0xE4, 0x36, 0x0B, 0x8C, 0xA9,
    0xF7, 0x17, 0x12, 0x87, 0x99, 0x5F, 0xA4, 0x2D, 0x9E, 0xF5, 0xB3, 0xB4, 0xC1, 0x05, 0x7F, 0x2E,
    0x6D, 0x03, 0x22, 0x75, 0x98, 0x9F, 0x96, 0x89, 0xC7, 0x46, 0x13, 0x8D, 0x59, 0x57, 0x10, 0xF5,
    0x49, 0x83, 0x18, 0x94, 0xCD, 0x07, 0x54, 0x4E, 0x92, 0x39, 0x73, 0x8B, 0x23, 0xEB, 0xDC, 0x32,
    0x6D, 0x9D, 0xBB, 0x96, 0xB4, 0x0E, 0x01, 0xCE, 0xB0, 0xCC, 0x9A, 0x8A, 0xA8, 0xB0, 0x92, 0x86,
    0x1C, 0x53, 0xA8, 0x3C, 0xE2, 0x5A, 0x14, 0x17, 0xA2, 0xB8, 0x0A, 0xC5, 0x25, 0x88, 0xF5, 0x7D,
    0xB2, 0x3F, 0x65, 0x2E, 0xF6, 0xB0, 0x02, 0x2F, 0x88, 0x9C, 0xDB, 0xA3, 0xE2, 0xC2, 0xBC, 0x26,
    0xC6, 0x45, 0x86, 0x57, 0x18, 0xFE, 0x1D, 0xCF, 0xA0, 0xFA, 0x61, 0x3C, 0x75, 0x51, 0x8F, 0xF3,
    0x0C, 0xE0, 0xC2, 0x82, 0x02, 0x7C, 0xF5, 0xC8, 0xF6, 0x40, 0xC6, 0x90, 0x07, 0x28, 0xA8, 0x0C,
    0xF0, 0x9C, 0xE9, 0x91, 0x13, 0xE7, 0xA5, 0x0D, 0x75, 0x48, 0x7B, 0xEA, 0x84, 0x43, 0x03, 0xDD,
    0xA7, 0x1D, 0xE6, 0x27, 0x49, 0xBF, 0xDD, 0x09, 0x7A, 0x36, 0x73, 0x8F, 0xDD, 0xE7, 0x13, 0xAF,
    0xF6, 0xD2, 0x68, 0x31, 0x4A, 0x3E, 0xA2, 0xA9, 0x00, 0x42, 0x43, 0xE7, 0x43, 0x80, 0x4B, 0xAE,
    0x87, 0x78, 0xE7, 0xC3, 0x0E, 0x79, 0x34, 0x9E, 0x7A, 0x04, 0x90, 0xBA, 0xCF, 0x00, 0xE4, 0x26,
    0x90, 0x1E, 0x35, 0x95, 0xFF, 0x5E, 0x5A, 0x64, 0x36, 0x20, 0x51, 0x49, 0x1E, 0x5D, 0x52, 0xC6,
    0x95, 0xDC, 0x20, 0x0F, 0x17, 0x97, 0x87, 0xC9, 0x46, 0x24, 0x8D, 0xA0, 0x9B, 0xD4, 0xE8, 0xA3,
    0x37, 0xA9, 0x99, 0x25, 0xF7, 0x83, 0x59, 0x21, 0xC0, 0x92, 0x61, 0x9E, 0xFD, 0xD4, 0x42, 0x15,
    0x54, 0xE2, 0xAB, 0x19, 0xED, 0xE6, 0xED, 0x69, 0x54, 0xED, 0x0A, 0xFF, 0x80, 0x1F, 0xE7, 0x56,
    0x96, 0xC2, 0x0A, 0xA3, 0x1F, 0x39, 0x85, 0x6A, 0xE8, 0xD7, 0x46, 0x88, 0x48, 0xE3, 0x36, 0x50,
    0xCF, 0x19, 0x7D, 0xBD, 0xF9, 0xDD, 0xEB, 0x4E, 0x24, 0x6E, 0x0E, 0x37, 0x4B, 0x9D, 0x3E, 0x6A,
    0x15, 0xD9, 0x7C, 0x04, 0xD4, 0x90, 0x0D, 0x5C, 0x26, 0x21, 0x7A, 0x9B, 0x7E, 0x44, 0x3D, 0x8A,
    0x33, 0x49, 0x47, 0xF4, 0x9F, 0x08, 0xD2, 0xA6, 0x7D, 0xDA, 0x43, 0x19, 0x0D, 0x0C, 0x99, 0x83,
    0xB0, 0x1A, 0x58, 0x64, 0xED, 0x44, 0x40, 0xEA, 0xBC, 0x99, 0x78, 0x47, 0x5D, 0x3C, 0x22, 0xEC,
    0x7F, 0xDA, 0x17, 0xE6, 0x47, 0x3D, 0x56, 0x17, 0x16, 0xEB, 0x20, 0x28, 0x53, 0x9C, 0x3D, 0xA1,
    0xAF, 0xB4, 0xE7, 0x09, 0x09, 0x75, 0x8A, 0x2C, 0xF5, 0x80, 0xEA, 0xF2, 0x11, 0xD4, 0xE0, 0x13,
    0x42, 0x4E, 0x6E, 0x12, 0xF4, 0x4E, 0x18, 0xFF, 0xE0, 0xC5, 0x49, 0xF0, 0x98, 0x42, 0xD2, 0x61,
    0x1B, 0xC6, 0x72, 0x2B, 0x54, 0x64, 0x27, 0xA1, 0xD8, 0x09, 0xC8, 0x7E, 0x51, 0xA0, 0x72, 0x2F,
    0xFC, 0x9A, 0x68, 0x23, 0x06, 0xB6, 0x1A, 0x6A, 0x01, 0x08, 0x32, 0x05, 0x57, 0x82, 0xBC, 0x6C,
    0x95, 0xA9, 0x00, 0xA8, 0xDC, 0xCE, 0xE3, 0x9E, 0xAF, 0x0A, 0xBB, 0x44, 0x6E, 0x83, 0x20, 0xCA,
    0x97, 0x90, 0xB1, 0x90, 0x60, 0xCA, 0x91, 0xC0, 0x0C, 0x85, 0x01, 0x44, 0x03, 0x0D, 0x19, 0x95,
    0x44, 0x64, 0xD7, 0x5B, 0xC6, 0xCF, 0x7C, 0x0B, 0x87, 0xF0, 0x2B, 0xAE, 0x96, 0xCC, 0x3C, 0x3C,
    0xA7, 0x95, 0x97, 0x44, 0x36, 0xAE, 0x52, 0x45, 0x14, 0x8A, 0x56, 0x5E, 0xFF, 0xF1, 0x3F, 0x2F,
    0x01, 0x51, 0x66, 0xB7, 0xB9, 0x04, 0x24, 0xD2, 0xBB, 0xB1, 0x95, 0x0B, 0x48, 0xEE, 0xED, 0x84,
    0xFB, 0x51, 0x90, 0xD8, 0x96, 0x11, 0xA6, 0xB8, 0x11, 0x85, 0xDC, 0xA9, 0xC9, 0x42, 0x92, 0x56,
    0x10, 0x3E, 0x26, 0x24, 0xF4, 0xCE, 0x18, 0x5D, 0x13, 0x0E, 0xEC, 0x9B, 0x5C, 0xF2, 0xA2, 0xD1,
    0x90, 0x17, 0xDB, 0xCC, 0x2D, 0x20, 0xAE, 0x5A, 0x7E, 0xE8, 0xC4, 0x1B, 0x93, 0xE3, 0xF6, 0x4A,
    0x48, 0xB6, 0x99, 0x0A, 0xE2, 0x62, 0x93, 0x39, 0xD1, 0x8A, 0xB7, 0xEC, 0x95, 0x26, 0xA7, 0x82,
    0xAE, 0x93, 0x41, 0xFD, 0xFC, 0x98, 0x0D, 0x3B, 0xAF, 0x71, 0xA8, 0x1B, 0x4D, 0x44, 0xDD, 0x89,
    0x7C, 0xA3, 0xE9, 0xBB, 0xFC, 0xA6, 0x99, 0xB9, 0xEC, 0x66, 0x39, 0xEB, 0xF2, 0x37, 0xCC, 0xEC,
    0x24, 0x7F, 0xFB, 0xFB, 0xBD, 0xBE, 0x4D, 0x97, 0x5D, 0x71, 0x67, 0x94, 0xF6, 0x23, 0xFE, 0x76,
    0xC5, 0xFE, 0x76, 0x1D, 0xFD, 0x6D, 0x19, 0xFD, 0x6D, 0x11, 0xFB, 0x67, 0x1F, 0x7B, 0xC2, 0x98,
    0xE3, 0x15, 0x64, 0x99, 0x3A, 0xF1, 0x93, 0x3A, 0x91, 0x6D, 0xA8, 0x55, 0xF0, 0x00, 0xDA, 0x87,
    0xFC, 0xED, 0x7E, 0xF2, 0xB7, 0x75, 0xE1, 0xA5, 0x59, 0xA6, 0xD1, 0xDF, 0x76, 0xB9, 0x8D, 0x92,
    0x3E, 0xBA, 0x73, 0x6C, 0x14, 0xDD, 0x20, 0xE4, 0x63, 0xEE, 0xB1, 0xEF, 0x5F, 0x0D, 0xDC, 0x3F,
    0x91, 0x09, 0xFD, 0x7B, 0xD9, 0x28, 0x48, 0x1B, 0xF5, 0x60, 0x58, 0x0D, 0x85, 0x41, 0xC4, 0x24,
    0xE6, 0xA4, 0x2E, 0xFE, 0xCA, 0xFD, 0x9F, 0x49, 0x9B, 0x47, 0x2F, 0x0D, 0xF5, 0xC1, 0x4B, 0x1B,
    0x65, 0xDC, 0x17, 0x08, 0x6B, 0xEE, 0x3F, 0xFA, 0xFB, 0x9E, 0xFB, 0x8F, 0xD2, 0xFA, 0xE8, 0x8C,
    0xFB, 0xAF, 0x09, 0xC5, 0x20, 0x3C, 0xA6, 0x95, 0x57, 0x50, 0x2F, 0xCD, 0x5A, 0x62, 0xF1, 0xB7,
    0x92, 0x13, 0xE4, 0x1D, 0xF2, 0x1E, 0xA8, 0x9E, 0x85, 0x0A, 0x3E, 0xA1, 0xA0, 0x21, 0x8D, 0xCF,
    0x0B, 0xFB, 0xC8, 0x84, 0x99, 0x28, 0x51, 0x21, 0x5C, 0x4F, 0x48, 0x73, 0x22, 0x8D, 0xA6, 0xB2,
    0x18, 0x1E, 0x75, 0x5E, 0xED, 0xCE, 0x1D, 0x16, 0xE5, 0xB2, 0x7E, 0xD5, 0xF0, 0xA6, 0xA5, 0x6F,
    0xD5, 0xA5, 0x86, 0x86, 0xBC, 0xF5, 0x88, 0xF3, 0xBA, 0x77, 0xEF, 0x7D, 0x6E, 0x1F, 0x3C, 0xB0,
    0xC4, 0xA4, 0x81, 0xD5, 0xEC, 0x62, 0x03, 0xB1, 0x4F, 0x41, 0x41, 0xD2, 0xAF, 0x11, 0xB0, 0xC0,
    0x53, 0xBB, 0x43, 0x0C, 0x57, 0x15, 0x63, 0xC9, 0x3D, 0x7A, 0x00, 0x39, 0x85, 0xCB, 0x68, 0xAB,
    0xA8, 0x2F, 0xEC, 0x22, 0xA5, 0xAB, 0xCD, 0x02, 0xF2, 0x81, 0xD5, 0xFF, 0x31, 0x27, 0x2B, 0x88,
    0xFD, 0x57, 0x06, 0xEC, 0x02, 0x99, 0x8C, 0x5C, 0x7E, 0xAB, 0xCD, 0x2C, 0xD2, 0x01, 0xA8, 0x1A,
    0x75, 0xCF, 0xD7, 0x7E, 0xE3, 0x37, 0xB3, 0x61, 0xDD, 0x57, 0xD4, 0x49, 0x6A, 0x30, 0x07, 0x80,
    0x8C, 0x4D, 0x13, 0xC5, 0x7F, 0x88, 0x9B, 0xE1, 0x7B, 0xA8, 0x7E, 0x6A, 0x4E, 0x99, 0xD7, 0x28,
    0xE5, 0xB8, 0x3B, 0x53, 0x30, 0x51, 0x11, 0x94, 0xB0, 0x25, 0x34, 0xE4, 0xC3, 0x84, 0x86, 0xE1,
    0xBF, 0xA7, 0x3B, 0x1E, 0x90, 0x1F, 0x08, 0x80, 0x99, 0xC0, 0x4A, 0x18, 0xBF, 0x67, 0x33, 0xF2,
    0xDD, 0x1D, 0xFB, 0x6D, 0x8B, 0x1D, 0xE4, 0x0F, 0x86, 0x78, 0xEC, 0x9B, 0x17, 0x37, 0xB1, 0x2C,
    0x5E, 0x35, 0x4B, 0x71, 0xD9, 0x70, 0x3A, 0xCF, 0x6F, 0x96, 0x9C, 0x2F, 0xFF, 0xEC, 0xA1, 0x16,
    0xCF, 0x61, 0xA6, 0xB0, 0xD1, 0xC6, 0xFF, 0x89, 0x75, 0xF7, 0xAD, 0xFB, 0x9F, 0xD6, 0xD7, 0xF6,
    0xB4, 0x7A, 0xA8, 0xC5, 0x1C, 0xFF, 0x14, 0xC2, 0x86, 0x31, 0x5A, 0x82, 0xFE, 0x7F, 0x84, 0x35,
    0xBD, 0x67, 0x96, 0xD5, 0xAB, 0xDB, 0x31, 0x8A, 0xDD, 0x18, 0xF7, 0x24, 0xC5, 0x53, 0xBF, 0x85,
    0xB9, 0x28, 0xE9, 0x98, 0x27, 0xE3, 0xC3, 0x0F, 0x6D, 0x97, 0xB3, 0x93, 0x17, 0xA7, 0x64, 0xBF,
    0xEC, 0x9B, 0xE8, 0x5A, 0xBD, 0x4F, 0x04, 0xFD, 0x1C, 0x75, 0x2A, 0x34, 0x55, 0x99, 0xC2, 0x02,
    0x1A, 0x59, 0x13, 0x8F, 0xFD, 0xED, 0x0E, 0x17, 0x01, 0x97, 0x58, 0xA1, 0xB0, 0xFA, 0x0F, 0xFB,
    0x73, 0x95, 0x11, 0xE4, 0xD4, 0x88, 0x94, 0x8C, 0xEA, 0x10, 0x43, 0xCE, 0x16, 0x28, 0xF7, 0xCC,
    0xD4, 0x39, 0xB6, 0x4F, 0x30, 0x29, 0x75, 0x2E, 0x0B, 0xB0, 0x38, 0x0A, 0xCC, 0x94, 0xA4, 0xAB,
    0xDB, 0x27, 0x25, 0xC5, 0xDF, 0x63, 0x93, 0x82, 0x32, 0x6B, 0x68, 0xA8, 0x03, 0x87, 0xB4, 0x37,
    0x32, 0x8A, 0xB7, 0x23, 0x1E, 0x55, 0xF9, 0x33, 0xAC, 0xF2, 0xD2, 0x17, 0xAC, 0xEF, 0x68, 0x64,
    0xBB, 0x3B, 0xF2, 0xBB, 0x3B, 0xC2, 0xD3, 0x62, 0x84, 0xB0, 0x6B, 0x41, 0x56, 0x1A, 0x0D, 0xD1,
    0x86, 0x68, 0xE2, 0xB3, 0xC7, 0x4B, 0xD0, 0x8E, 0x3A, 0x0A, 0x38, 0xE5, 0x28, 0x28, 0x97, 0x39,
    0x71, 0xA7, 0x1E, 0x64, 0x93, 0x47, 0x02, 0x89, 0x9F, 0xBD, 0x01, 0x31, 0x7C, 0x2D, 0xBB, 0xD4,
    0x43, 0x17, 0xD7, 0x09, 0x8B, 0xBC, 0x7D, 0xE4, 0xD9, 0x67, 0x16, 0x49, 0x1F, 0x05, 0x16, 0x49,
    0x51, 0x35, 0x22, 0x1F, 0xB8, 0x7F, 0x35, 0x62, 0x3A, 0x7B, 0x17, 0xC1, 0x6D, 0xE3, 0xC6, 0xD9,
    0x41, 0x05, 0xDF, 0x1E, 0x34, 0xAA, 0x16, 0x0A, 0x7C, 0xD0, 0x2D, 0xD7, 0x95, 0x95, 0xE5, 0x2A,
    0x77, 0x7C, 0x08, 0xF3, 0x6C, 0x57, 0x1B, 0x3E, 0xBB, 0xCC, 0x64, 0x59, 0x9C, 0x2D, 0x64, 0x99,
    0xD0, 0x28, 0x79, 0x07, 0x0E, 0x00, 0xFC, 0xCD, 0xC0, 0x81, 0xB7, 0x31, 0x55, 0xA9, 0x1B, 0x61,
    0x17, 0x43, 0x6E, 0x17, 0x32, 0xB7, 0xEA, 0x95, 0x1B, 0x56, 0xD0, 0x0D, 0x9B, 0x86, 0x08, 0xE4,
    0x1C, 0x89, 0x63, 0x4E, 0x25, 0xF4, 0x51, 0x83, 0xCA, 0x38, 0xAC, 0x5D, 0x87, 0xF9, 0xB2, 0x43,
    0xD1, 0x77, 0x00, 0x76, 0x91, 0x4A, 0xEC, 0x43, 0x64, 0x46, 0xD8, 0xE4, 0x72, 0x6A, 0xE4, 0xFF,
    0x19, 0x93, 0xC2, 0x69, 0x68, 0x24, 0xAC, 0x65, 0x03, 0xBF, 0x64, 0x8D, 0xF7, 0x4B, 0xE4, 0x01,
    0xE7, 0x6C, 0x47, 0x9E, 0x7F, 0x4B, 0x3B, 0x79, 0xAB, 0x1C, 0x8F, 0x5C, 0x41, 0x56, 0x93, 0x4D,
    0xC8, 0xEE, 0xBE, 0xF9, 0x2B, 0xC2, 0x1E, 0x0B, 0x45, 0x2F, 0x13, 0x16, 0xC2, 0x4A, 0xBB, 0xC9,
    0xDA, 0xDC, 0x5E, 0x4B, 0x5C, 0x66, 0x37, 0xE8, 0xC2, 0xA0, 0x5F, 0x0C, 0x0C, 0x9B, 0xEA, 0xE2,
    0x7C, 0x1F, 0x66, 0x9C, 0x8C, 0x66, 0xBB, 0x73, 0x9A, 0x6D, 0xB8, 0x47, 0x65, 0xD8, 0x4A, 0x45,
    0xB4, 0xE1, 0x7C, 0xEB, 0xBA, 0xB2, 0x3C, 0x61, 0x6E, 0x37, 0xA8, 0xAC, 0x08, 0x36, 0x4C, 0x5D,
    0x55, 0xB2, 0xE5, 0xB3, 0x0D, 0x97, 0xBA, 0x03, 0x07, 0xE9, 0xA5, 0xAB, 0x48, 0xF4, 0x5E, 0x95,
    0xEB, 0x27, 0x0A, 0xCB, 0x7C, 0xA3, 0x7C, 0x42, 0xD8, 0x0B, 0xC3, 0xF1, 0x07, 0x27, 0xD5, 0x48,
    0x5E, 0x74, 0xAA, 0xDD, 0xDB, 0x99, 0x1C, 0x20, 0xEC, 0xAA, 0x26, 0xAB, 0x4A, 0xED, 0x0B, 0xB6,
    0xB3, 0x76, 0x6B, 0x67, 0xD3, 0x1E, 0xB3, 0xC5, 0x69, 0xD5, 0x57, 0x50, 0x65, 0x76, 0xD8, 0x63,
    0x44, 0xDC, 0x63, 0xC4, 0xDE, 0xCE, 0x84, 0x87, 0x16, 0x44, 0x58, 0xE5, 0xBD, 0x2A, 0x37, 0x6C,
    0x67, 0xD7, 0x22, 0xA7, 0x9B, 0x05, 0xD0, 0xFC, 0xE4, 0xEC, 0xF7, 0x98, 0xCF, 0x4C, 0x0E, 0x7C,
    0x03, 0xD0, 0xF2, 0xDD, 0x48, 0x0C, 0xF4, 0x7B, 0x62, 0xE0, 0x05, 0x0F, 0x79, 0xA5, 0x83, 0xFC,
    0x37, 0x7C, 0x80, 0x72, 0x17, 0x64, 0x59, 0x07, 0xFD, 0x57, 0xA7, 0x45, 0x77, 0xBE, 0xCF, 0x88,
    0x3A, 0xD4, 0x07, 0xDE, 0x69, 0x60, 0xAF, 0x8B, 0x7A, 0x4D, 0x6E, 0x5D, 0x76, 0x43, 0xEA, 0x37,
    0x78, 0x9F, 0xBD, 0xAE, 0xE4, 0x5E, 0x8B, 0x0B, 0x01, 0x1B, 0x46, 0x96, 0x63, 0xFE, 0x3C, 0x94,
    0x61, 0xAF, 0xAB, 0xA9, 0xD8, 0xEB, 0x6A, 0xF4, 0xDE, 0xEB, 0x02, 0xD2, 0x11, 0x92, 0x6E, 0xB2,
    0x01, 0xA8, 0x7F, 0xE1, 0x96, 0x62, 0x0E, 0xF7, 0x92, 0x98, 0x21, 0x48, 0x01, 0x56, 0x62, 0x91,
    0x38, 0xFD, 0x0A, 0x5D, 0x6C, 0x8A, 0x97, 0x29, 0x33, 0x38, 0x84, 0x94, 0xDA, 0x7A, 0xFB, 0x35,
    0x00, 0xA4, 0xA9, 0x5A, 0x65, 0x25, 0x34, 0x8A, 0x26, 0x6E, 0x75, 0x2D, 0xF2, 0x0E, 0xB5, 0x43,
    0xDE, 0x67, 0xE4, 0x80, 0xAA, 0xB8, 0xDE, 0x3E, 0x0B, 0x25, 0xF2, 0x26, 0xEC, 0x7C, 0xF2, 0xD8,
    0x0A, 0x1A, 0x14, 0xF1, 0xD6, 0x76, 0xD8, 0x5B, 0x55, 0x07, 0x45, 0x34, 0xE2, 0x42, 0xF1, 0xAE,
    0x04, 0x74, 0x59, 0x97, 0xD0, 0x2F, 0x93, 0x39, 0x97, 0xDF, 0x78, 0xB5, 0x5C, 0xBC, 0xF0, 0xC6,
    0x31, 0x14, 0xDD, 0x1C, 0x91, 0x8F, 0x45, 0x77, 0xE8, 0x9F, 0xE7, 0x9D, 0xB9, 0x7C, 0xA3, 0x4C,
    0xED, 0x45, 0xB3, 0x88, 0x14, 0x74, 0xA4, 0xA3, 0xB7, 0x8C, 0xBE, 0x8A, 0x38, 0x51, 0xD6, 0x13,
    0x7D, 0x1D, 0xA8, 0xEC, 0x2F, 0xC9, 0x36, 0xD2, 0xDA, 0x46, 0xDA, 0xAF, 0x8B, 0x01, 0x87, 0x30,
    0xED, 0xDC, 0x9A, 0x6A, 0xDE, 0xE1, 0x7B, 0x59, 0x2E, 0xB3, 0x1D, 0x57, 0x1D, 0x59, 0xEB, 0x27,
    0x5F, 0x0E, 0xFC, 0x75, 0x64, 0xB2, 0x75, 0x76, 0x69, 0x3B, 0xEE, 0xC3, 0x0E, 0x3D, 0x40, 0xFE,
    0xB8, 0x86, 0xA6, 0x11, 0xB3, 0xBA, 0x9D, 0x08, 0xEB, 0x90, 0xF2, 0xDF, 0xFA, 0x27, 0x75, 0xF8,
    0x8D, 0x09, 0xEB, 0x3E, 0x2E, 0x9E, 0x05, 0xF7, 0xC1, 0x0C, 0x35, 0x51, 0xE9, 0x80, 0x07, 0x23,
    0xF6, 0x9B, 0xD5, 0x41, 0xB7, 0x8D, 0xEA, 0x33, 0x32, 0x82, 0xBC, 0xA4, 0x8B, 0xE4, 0x94, 0x19,
    0xCE, 0x29, 0x9B, 0xFB, 0x39, 0x34, 0xF2, 0x06, 0x3D, 0x20, 0x91, 0xC5, 0x5E, 0x04, 0x32, 0x87,
    0x39, 0x20, 0x63, 0x7A, 0x2E, 0xDA, 0x36, 0x36, 0xA1, 0x9C, 0x2D, 0x3C, 0x7A, 0xF5, 0x1A, 0x9D,
    0x1D, 0xD3, 0xA5, 0x4E, 0x50, 0x47, 0xA4, 0xA8, 0x49, 0xC8, 0x28, 0x9F, 0x8F, 0xD8, 0x29, 0xBD,
    0xF0, 0xAA, 0x55, 0x74, 0x75, 0x94, 0x7E, 0xCE, 0xCF, 0xD8, 0xE6, 0x5C, 0xD6, 0xB0, 0xBB, 0x16,
    0xD0, 0x5C, 0x08, 0x7B, 0x85, 0x30, 0xF3, 0xC5, 0x95, 0xA1, 0xFA, 0xA0, 0x57, 0x54, 0x8F, 0xD4,
    0xE5, 0xBD, 0x74, 0x3A, 0xB4, 0xD1, 0xB0, 0xD6, 0xA1, 0x6E, 0xD5, 0x58, 0x43, 0x95, 0x9B, 0xEA,
    0xB2, 0xF5, 0xFF, 0xFF, 0x0D, 0x7B, 0xD6, 0xFC, 0xCC, 0xF6, 0xEF, 0xBC, 0x65, 0x37, 0x61, 0xDF,
    0xD0, 0x50, 0x91, 0xBF, 0x17, 0x98, 0x61, 0x1B, 0xF2, 0xE9, 0x93, 0xDB, 0x8B, 0x6E, 0x76, 0xAD,
    0x5B, 0xF6, 0x5D, 0x40, 0x9D, 0x39, 0x99, 0x35, 0xE7, 0x13, 0x03, 0x83, 0x1F, 0x22, 0x6B, 0xD3,
    0x0E, 0xA2, 0x4D, 0x7A, 0x48, 0x83, 0xD3, 0x69, 0xA9, 0xD6, 0x79, 0xA7, 0xB0, 0x16, 0xBD, 0x2C,
    0x57, 0xCF, 0x7E, 0x53, 0x9A, 0xF5, 0x33, 0x42, 0x9A, 0xC5, 0x85, 0x6F, 0xAA, 0x52, 0xCB, 0x41,
    0x43, 0xBD, 0xE0, 0x2B, 0x08, 0x8B, 0x1E, 0xFC, 0x00, 0xFE, 0x95, 0xA9, 0xA7, 0x8C, 0x02, 0x30,
    0xF7, 0x03, 0x26, 0x7F, 0xB0, 0xC0, 0xC4, 0xEA, 0xAC, 0xC0, 0xFC, 0x0F, 0x04, 0x51, 0x87, 0xC8,
    0x00, 0x7D, 0x5E, 0xA3, 0xFA, 0xEC, 0x14, 0xD0, 0x74, 0x40, 0xE2, 0xD1, 0x68, 0x6C, 0xF4, 0x65,
    0xD3, 0x53, 0xD0, 0xFE, 0xAD, 0x9F, 0xD9, 0xB3, 0x3B, 0x41, 0xFB, 0x74, 0xD3, 0xAE, 0x95, 0x2C,
    0xF5, 0xAD, 0x3A, 0xCE, 0x12, 0xCF, 0xD6, 0xF9, 0xA4, 0x0C, 0x8A, 0xD6, 0xD9, 0x56, 0xF5, 0xF3,
    0xA0, 0xFA, 0xD7, 0x9D, 0xA4, 0x66, 0xEB, 0x6A, 0xE6, 0x20, 0x88, 0x1F, 0x90, 0x51, 0xCF, 0xDF,
    0xC3, 0x22, 0xE9, 0x30, 0xC3, 0x09, 0x96, 0x50, 0xD8, 0x9E, 0x65, 0x8C, 0x86, 0x34, 0xF2, 0x4E,
    0x1D, 0x6D, 0x9C, 0x6D, 0xFD, 0xEB, 0xD2, 0xCC, 0xB4, 0xED, 0x17, 0x65, 0x27, 0xE0, 0x72, 0xDB,
    0x65, 0xD3, 0xCE, 0x6F, 0xB6, 0x07, 0x56, 0x65, 0x09, 0xD5, 0x3D, 0x32, 0x7F, 0xE7, 0xDE, 0x3D,
    0x64, 0x77, 0xBA, 0xE9, 0x98, 0x04, 0x85, 0xD5, 0xF6, 0x08, 0xB7, 0x80, 0x34, 0xFA, 0x35, 0x1E,
    0xDD, 0x10, 0x4F, 0xA3, 0xEA, 0x52, 0xAB, 0x6F, 0xBA, 0xDF, 0xBD, 0xF9, 0x43, 0x71, 0xD1, 0xCE,
    0x13, 0x37, 0x83, 0xD3, 0x97, 0x9C, 0xA2, 0x36, 0xA7, 0x72, 0x7F, 0x96, 0x3D, 0x15, 0x76, 0x93,
    0x5B, 0x14, 0x16, 0xC2, 0x4C, 0x04, 0x4F, 0xE2, 0x90, 0x7C, 0x00, 0x90, 0x41, 0x65, 0x64, 0xAB,
    0xFD, 0xC9, 0xE6, 0xBB, 0x33, 0xF8, 0xB4, 0xCD, 0x6C, 0xDE, 0xE4, 0x3E, 0xF5, 0x51, 0x4F, 0xF6,
    0xF1, 0x60, 0x4A, 0x5D, 0x40, 0x41, 0x63, 0x40, 0x75, 0x95, 0x02, 0x2E, 0xC4, 0xE5, 0x80, 0x4B,
    0xC1, 0x32, 0xBF, 0x97, 0x09, 0x88, 0xC2, 0x09, 0xBB, 0x44, 0x16, 0x50, 0xE3, 0x1F, 0x41, 0x19,
    0x75, 0x8B, 0x7E, 0xCC, 0x4A, 0x7D, 0x10, 0xD5, 0x6A, 0xEA, 0x36, 0xC8, 0x97, 0xAC, 0xA6, 0x1B,
    0x76, 0x53, 0xBD, 0x19, 0xB6, 0x5A, 0xB2, 0xAB, 0xAF, 0x1C, 0x5B, 0x45, 0xB9, 0x4D, 0xEB, 0xDC,
    0x42, 0x50, 0x89, 0x7C, 0xDC, 0xBF, 0xF1, 0xE3, 0xF9, 0x5D, 0xE9, 0x2B, 0x66, 0x13, 0xE6, 0xDE,
    0xB7, 0x77, 0x6D, 0x77, 0xE7, 0xAE, 0x65, 0x79, 0xA5, 0x2E, 0xB3, 0x76, 0x63, 0x19, 0x9E, 0xAC,
    0xC3, 0xBB, 0xAC, 0x4B, 0x3C, 0xFD, 0xB3, 0xDD, 0xF4, 0x87, 0x9C, 0x74, 0x8C, 0x96, 0xA4, 0xCA,
    0x0A, 0x2B, 0xC8, 0x92, 0x8F, 0xB0, 0x3A, 0x8E, 0x88, 0x00, 0x48, 0xDE, 0x81, 0xA1, 0x7B, 0x89,
    0xF5, 0x77, 0xAB, 0xB8, 0x8C, 0x49, 0xF2, 0xDB, 0xA3, 0xB6, 0x2F, 0x2C, 0x91, 0x1D, 0xA5, 0x55,
    0x64, 0x91, 0xDB, 0xEA, 0x86, 0xED, 0x84, 0xA9, 0x47, 0x70, 0xD8, 0xF0, 0x75, 0x9E, 0x27, 0xAD,
    0x3D, 0xAD, 0x9D, 0xDF, 0x3C, 0xE1, 0x7B, 0x54, 0x1D, 0x54, 0x0B, 0x2C, 0xF9, 0x3A, 0xDF, 0x43,
    0xF5, 0x58, 0x00, 0x33, 0x40, 0x7F, 0xDB, 0x2B, 0xF2, 0x39, 0x19, 0xFC, 0x3E, 0xB0, 0xDA, 0xCE,
    0x6A, 0xE6, 0xB6, 0xD3, 0xAC, 0x00, 0x4D, 0xB6, 0xA6, 0xC9, 0xEB, 0xA5, 0x06, 0x9A, 0x3C, 0x4E,
    0x93, 0x01, 0x64, 0x34, 0xC8, 0x4B, 0xF4, 0x0B, 0x81, 0xFA, 0x8F, 0x04, 0x14, 0x5D, 0x46, 0x1E,
    0x22, 0xC4, 0xAB, 0x48, 0x69, 0x8A, 0x39, 0x95, 0xFA, 0xA8, 0xAD, 0x4A, 0xB7, 0x76, 0xDD, 0xFC,
    0xA5, 0x4E, 0xF4, 0x1D, 0x66, 0x7C, 0x65, 0x41, 0x88, 0x21, 0x8F, 0xEF, 0x2F, 0xAA, 0xE7, 0xFD,
    0x35, 0x1E, 0xF2, 0x1C, 0x71, 0x1D, 0x78, 0x02, 0x73, 0x8F, 0xBE, 0xBA, 0xE4, 0x15, 0xB5, 0xD9,
    0x43, 0xE6, 0xB7, 0x62, 0xD2, 0x8C, 0xAF, 0x27, 0x72, 0x1B, 0xE4, 0xC3, 0x5A, 0xCD, 0xEB, 0x9B,
    0x36, 0x15, 0x16, 0x07, 0x37, 0x65, 0x5A, 0xFB, 0x7E, 0x3E, 0x4E, 0x67, 0xE5, 0xAA, 0x04, 0x14,
    0x90, 0x11, 0xF7, 0x08, 0x0E, 0xCF, 0x14, 0xD8, 0x08, 0x33, 0xBD, 0x78, 0xED, 0x85, 0xD5, 0x54,
    0xE6, 0x1D, 0x9E, 0x6C, 0xA1, 0xDA, 0xC3, 0xE2, 0xFF, 0xF6, 0x90, 0xF2, 0xDA, 0x4F, 0xF4, 0x2A,
    0x75, 0xFA, 0xFB, 0x83, 0xA0, 0xE7, 0xFA, 0x05, 0x16, 0x59, 0x8F, 0xC5, 0x06, 0x2A, 0xE9, 0xA0,
    0x37, 0x90, 0xE8, 0x58, 0x91, 0x82, 0x13, 0xFE, 0xCB, 0x41, 0x2F, 0xA1, 0x53, 0x87, 0xB5, 0xC6,
    0x69, 0xDE, 0x7E, 0xA7, 0x97, 0x08, 0xAD, 0x53, 0xF7, 0x55, 0xFC, 0x93, 0x2C, 0x21, 0x83, 0x87,
    0x43, 0x31, 0xD2, 0xA5, 0x11, 0x8A, 0xE8, 0x3D, 0xB2, 0xBA, 0xB8, 0x3D, 0x16, 0xCD, 0x32, 0x75,
    0x3E, 0x6B, 0x37, 0x89, 0xF3, 0x69, 0x3B, 0xC9, 0x8B, 0xFC, 0x4E, 0x77, 0xD4, 0xA8, 0xE2, 0xFA,
    0x3D, 0xB2, 0x5F, 0xCB, 0xF0, 0xA7, 0x23, 0x1E, 0x0E, 0x39, 0x9E, 0x51, 0x04, 0xD6, 0x04, 0x35,
    0xBA, 0x54, 0x5D, 0xCE, 0xBB, 0xEE, 0xC1, 0x8B, 0x37, 0xCA, 0xE4, 0x4E, 0xD0, 0x58, 0x50, 0x9B,
    0xD0, 0xBB, 0x22, 0xD6, 0x4D, 0xDC, 0x01, 0xF5, 0x43, 0x08, 0x3C, 0x95, 0xB1, 0x5F, 0xCD, 0x66,
    0xB7, 0xC9, 0xD8, 0xAF, 0x4E, 0x5B, 0xF6, 0xA6, 0xEF, 0xB0, 0x13, 0x7C, 0x83, 0x78, 0x93, 0xEA,
    0x77, 0x15, 0x25, 0xC3, 0x97, 0xB6, 0x44, 0x1B, 0x54, 0xFB, 0x94, 0x20, 0x68, 0xA7, 0xD9, 0x96,
    0x1D, 0x77, 0x29, 0x1B, 0x3E, 0xF2, 0xE9, 0xDD, 0x61, 0xCF, 0xA6, 0xFC, 0xF2, 0xF5, 0x4C, 0x3A,
    0x49, 0x03, 0x91, 0x4D, 0x23, 0x19, 0x80, 0xDD, 0x0B, 0x96, 0xEA, 0x80, 0x9C, 0x5E, 0xBC, 0x3A,
    0x40, 0x5D, 0xBD, 0x4D, 0x50, 0x69, 0x2B, 0xD8, 0xC1, 0x88, 0x2E, 0x3D, 0x0F, 0xE2, 0xE0, 0xD2,
    0x67, 0xCD, 0xCE, 0x51, 0xFE, 0xED, 0x72, 0x7B, 0xE2, 0x6D, 0x21, 0x89, 0xBD, 0x8B, 0x53, 0xAC,
    0xA6, 0x25, 0xB3, 0x8C, 0x4B, 0x66, 0x88, 0xCC, 0x82, 0x66, 0xAD, 0xC4, 0xEF, 0x39, 0x1D, 0xD9,
    0x51, 0x65, 0x77, 0x54, 0x3B, 0x0A, 0x82, 0x22, 0xAB, 0xF3, 0x76, 0x16, 0x09, 0x50, 0x91, 0xB8,
    0x40, 0x86, 0x06, 0x4A, 0x54, 0x3D, 0x6F, 0xB0, 0xD5, 0x89, 0xE8, 0x30, 0xD7, 0x03, 0xE6, 0xBD,
    0x86, 0x76, 0xB2, 0x94, 0xA1, 0xB1, 0x5F, 0xFC, 0x54, 0xE0, 0xE4, 0x61, 0xAF, 0xFF, 0xDF, 0x8D,
    0x78, 0x40, 0x25, 0xBD, 0x62, 0x17, 0xD9, 0xC7, 0x7D, 0x2A, 0x90, 0xC6, 0x6D, 0xDB, 0x43, 0xFF,
    0x60, 0xC4, 0x2A, 0x23, 0x6C, 0x8A, 0x9B, 0x25, 0xFB, 0xBF, 0x3A, 0xF8, 0xC1, 0xF2, 0x8D, 0x57,
    0xCB, 0xEC, 0xCD, 0xB7, 0xF1, 0x7B, 0x77, 0x47, 0xE8, 0x5B, 0xBC, 0xD7, 0xFD, 0x77, 0x6C, 0x83,
    0x1C, 0x98, 0x35, 0xEE, 0xB5, 0x75, 0x7F, 0x62, 0xFD, 0x7D, 0x3B, 0xFF, 0xD0, 0xCA, 0xDA, 0x92,
    0x2E, 0x57, 0xDF, 0xC0, 0x21, 0x50, 0x2B, 0x3E, 0xCA, 0xF2, 0x08, 0xC7, 0x2C, 0x4F, 0xDE, 0xC0,
    0x3F, 0xFA, 0x55, 0x45, 0xD6, 0xA0, 0x53, 0xC8, 0x1C, 0xB3, 0x3C, 0xCF, 0x0D, 0x7C, 0x02, 0xE7,
    0x91, 0xA2, 0x6E, 0x0E, 0x2C, 0x8F, 0xEC, 0x77, 0x5F, 0x55, 0xF4, 0x3B, 0x4F, 0x2F, 0x61, 0x4F,
    0x2F, 0x09, 0x92, 0x7E, 0x71, 0x38, 0x36, 0xCA, 0xD7, 0x84, 0xDC, 0xCB, 0x3D, 0xD5, 0x4A, 0x2E,
    0x12, 0x5E, 0x43, 0xE4, 0xBB, 0x2A, 0x2F, 0x1B, 0x8D, 0xA2, 0x65, 0x5A, 0xAF, 0xB0, 0xA9, 0xAB,
    0x42, 0xB5, 0xC4, 0xAD, 0x86, 0xC2, 0xC2, 0x2D, 0x15, 0xE7, 0x68, 0xF1, 0x72, 0xF8, 0x55, 0xBE,
    0xF5, 0xA7, 0x83, 0xB4, 0x05, 0xD9, 0xC8, 0x65, 0xD8, 0x5D, 0x6B, 0xF9, 0xD4, 0x3F, 0xB1, 0xA7,
    0xC9, 0xE4, 0x0D, 0xF7, 0x5A, 0xDF, 0xE2, 0xFE, 0xDF, 0x0F, 0xD2, 0xE2, 0xA5, 0xD0, 0xBF, 0xEC,
    0xAB, 0x47, 0xFA, 0x4F, 0xC9, 0x17, 0xC4, 0xD3, 0x92, 0x93, 0xD3, 0x86, 0xCF, 0x69, 0xAB, 0xE8,
    0x6B, 0xAD, 0x90, 0xB7, 0xE8, 0x75, 0x99, 0xF9, 0xBC, 0xE3, 0x63, 0x1C, 0x2F, 0x2A, 0x2F, 0xBF,
    0x4D, 0xE5, 0x8E, 0xED, 0xCD, 0x9A, 0x88, 0x74, 0x40, 0x80, 0x37, 0x01, 0x5E, 0x73, 0xAE, 0x53,
    0x79, 0x92, 0xB7, 0xC5, 0xE4, 0x72, 0x9D, 0x24, 0xBC, 0x52, 0xBC, 0x4F, 0x54, 0x8A, 0x0F, 0x1E,
    0x0C, 0xFB, 0xFF, 0x4B, 0xF8, 0x11, 0xDA, 0x2F, 0xDC, 0x39, 0xF8, 0x15, 0x39, 0x95, 0xCA, 0xD6,
    0xEF, 0x4A, 0xAB, 0xE3, 0x61, 0x70, 0x05, 0x51, 0xE6, 0x8E, 0x17, 0xA6, 0x8A, 0xF1, 0xFB, 0x23,
    0xE7, 0x5C, 0xBC, 0xE5, 0x34, 0x74, 0xF1, 0xB2, 0x0B, 0xCC, 0x91, 0xF8, 0x51, 0x53, 0x90, 0x17,
    0xAC, 0x84, 0x46, 0x1C, 0xA8, 0x2E, 0xBF, 0x55, 0x42, 0xD1, 0xF1, 0x24, 0xB4, 0x92, 0xDD, 0x6D,
    0xB2, 0xCB, 0xEC, 0xFE, 0x9B, 0x56, 0x1F, 0xDD, 0x7E, 0xFB, 0x61, 0x37, 0x68, 0x4F, 0x60, 0x74,
    0x10, 0x74, 0x8F, 0x06, 0xE8, 0xE7, 0xA9, 0xAD, 0xC0, 0x04, 0x86, 0x28, 0xCF, 0x41, 0x83, 0x83,
    0xDE, 0x52, 0xBA, 0x1E, 0x55, 0x40, 0x2A, 0x47, 0x54, 0xA5, 0xB4, 0xD5, 0xB7, 0xE9, 0xDD, 0xCA,
    0x28, 0x7A, 0x87, 0xD8, 0x80, 0xCA, 0xAA, 0xDB, 0x4F, 0x82, 0x87, 0x24, 0x1A, 0xB1, 0xC8, 0xBD,
    0x02, 0x32, 0x17, 0x2B, 0xFB, 0x89, 0x7E, 0xD3, 0x2F, 0x9C, 0x1D, 0x43, 0x52, 0xCD, 0xEE, 0xBE,
    0xE8, 0xB0, 0x7F, 0x09, 0x21, 0x7B, 0x54, 0x6E, 0x5E, 0x53, 0xF9, 0xB7, 0x9D, 0xF6, 0xD2, 0x66,
    0xAD, 0x68, 0xB3, 0x46, 0xD8, 0xC9, 0x01, 0x65, 0x9C, 0x43, 0xDC, 0x1C, 0xF9, 0x21, 0x25, 0x62,
    0x67, 0xC1, 0xE7, 0x4E, 0x87, 0x03, 0xB2, 0x6C, 0x27, 0x27, 0x22, 0xA5, 0x3D, 0xDD, 0xA0, 0xD9,
    0x0D, 0xAC, 0xAE, 0xF2, 0x8E, 0x7E, 0xD1, 0x2B, 0x5C, 0x48, 0x1D, 0x30, 0x4B, 0x1F, 0x78, 0x6C,
    0x32, 0x22, 0xF0, 0x47, 0x2B, 0x1F, 0xF9, 0x20, 0x03, 0xD0, 0xCD, 0x33, 0xD5, 0x88, 0xBF, 0xEF,
    0x34, 0x91, 0x2D, 0x5A, 0xD5, 0xE5, 0x46, 0x1B, 0xF1, 0xC6, 0xC0, 0x7D, 0x12, 0xD9, 0x05, 0xAA,
    0xB3, 0x23, 0xC7, 0x1A, 0x65, 0x1F, 0xDD, 0x85, 0x92, 0x00, 0x52, 0x77, 0xC0, 0x47, 0x97, 0xC4,
    0x2A, 0x3B, 0xF6, 0x50, 0x57, 0xC7, 0x1A, 0x2A, 0x73, 0x5F, 0xC1, 0x32, 0xA5, 0x01, 0x9B, 0x62,
    0xAC, 0xCB, 0x78, 0xFF, 0x72, 0x54, 0x1F, 0xBB, 0x1A, 0xE5, 0x76, 0x06, 0x11, 0xBF, 0x71, 0xD1,
    0x98, 0x5F, 0x93, 0xE5, 0x72, 0x29, 0xCC, 0x2E, 0xCE, 0x99, 0xE0, 0x70, 0x1A, 0xE2, 0xFD, 0x03,
    0x8B, 0x73, 0x0E, 0x50, 0x02, 0xD5, 0x65, 0xF3, 0xE0, 0x86, 0xBD, 0x7F, 0x9D, 0x2F, 0xBA, 0x6A,
    0xEB, 0x1D, 0x55, 0xF8, 0xA8, 0x4F, 0xDF, 0x6D, 0x7D, 0x7A, 0x6D, 0x96, 0x58, 0xEF, 0x7D, 0xFA,
    0x94, 0x8E, 0x91, 0x35, 0x8A, 0x28, 0x60, 0xFD, 0x6D, 0x8A, 0x3E, 0x7D, 0x6D, 0x0E, 0x3E, 0xFD,
    0xBD, 0xC9, 0xA7, 0x3F, 0x4C, 0x6B, 0xDE, 0x43, 0xD2, 0x75, 0xC2, 0x85, 0xBC, 0x91, 0x26, 0x52,
    0x52, 0xC5, 0xE8, 0x72, 0xAB, 0xA9, 0x65, 0x16, 0xE7, 0xEC, 0xB8, 0xDC, 0x4E, 0xEB, 0x7E, 0xD1,
    0x72, 0x90, 0x6C, 0x50, 0xA6, 0x7A, 0xF8, 0xFC, 0x58, 0xF2, 0xDF, 0xBC, 0xF7, 0x26, 0x0A, 0x1F,
    0xDD, 0x5F, 0xE5, 0xC8, 0x2E, 0x72, 0x5F, 0x6C, 0xBF, 0x6A, 0x5A, 0x8A, 0xF2, 0xB7, 0xDF, 0x45,
    0x1A, 0xF7, 0xD7, 0x2F, 0x95, 0x8F, 0x32, 0xAA, 0xCD, 0x74, 0x84, 0x66, 0x16, 0x95, 0x89, 0xAE,
    0x65, 0x1D, 0x08, 0xED, 0xC8, 0xDD, 0xA9, 0x4F, 0x64, 0x54, 0x89, 0x98, 0xEC, 0xF2, 0x0F, 0xD1,
    0x77, 0x7E, 0xF5, 0x97, 0x5E, 0x55, 0x1F, 0xAE, 0x5E, 0x58, 0x3C, 0xDE, 0x48, 0x25, 0xC7, 0xC3,
    0x1A, 0x0E, 0x54, 0x64, 0x80, 0x41, 0x5A, 0xA4, 0x2E, 0x6B, 0xBF, 0x9C, 0xF1, 0xF2, 0x7C, 0xA5,
    0x4D, 0x9D, 0xA4, 0x20, 0xE5, 0x3F, 0x0F, 0x79, 0xC0, 0x78, 0xC5, 0x02, 0x15, 0x57, 0x2B, 0xFA,
    0xC7, 0xF6, 0x51, 0x50, 0xD1, 0x32, 0x8A, 0x88, 0x3A, 0x62, 0x1D, 0x91, 0x18, 0xB3, 0xFB, 0x01,
    0xE7, 0xC5, 0xED, 0x80, 0xFA, 0xED, 0xEB, 0x01, 0x0B, 0xCA, 0xC6, 0x4B, 0x16, 0xA7, 0xA8, 0xC9,
    0xE2, 0xEB, 0x48, 0x03, 0x02, 0x78, 0x32, 0x22, 0x4A, 0x60, 0xF9, 0xD9, 0xAF, 0x27, 0xB0, 0x5C,
    0x97, 0xCB, 0xCA, 0x2F, 0xCF, 0x53, 0x0F, 0xD9, 0x03, 0x1B, 0x00, 0x7F, 0x01, 0xED, 0x5A, 0x3D,
    0x90, 0x1D, 0xB5, 0x1D, 0xFF, 0xED, 0x2E, 0x78, 0x89, 0xB7, 0x10, 0x65, 0x26, 0x66, 0x46, 0x2E,
    0x29, 0x08, 0x6A, 0x28, 0xEF, 0xAD, 0x36, 0xA1, 0x70, 0x99, 0x49, 0x1A, 0x0A, 0x17, 0xB4, 0x29,
    0x02, 0xD7, 0xA4, 0x7C, 0xEF, 0xED, 0x3A, 0x29, 0x28, 0x28, 0x92, 0x0A, 0x0A, 0x1A, 0x17, 0x29,
    0xE8, 0xF0, 0x4C, 0x3E, 0xE6, 0x3C, 0xB3, 0xF8, 0x2D, 0xA4, 0xA0, 0xA0, 0xC8, 0x42, 0x26, 0x6E,
    0x28, 0xB2, 0xC0, 0x4C, 0x9A, 0x14, 0xC8, 0xCE, 0x3A, 0xC8, 0x58, 0xBB, 0x8A, 0xFE, 0x5A, 0x3D,
    0xDF, 0x3D, 0x1B, 0xDF, 0x1C, 0x84, 0xF3, 0x71, 0xF6, 0xD3, 0x93, 0x7E, 0xFF, 0x9F, 0x3E, 0x56,
    0x27, 0xFD, 0x3F, 0x34, 0xD2, 0xD8, 0xA0, 0x14, 0xA9, 0x87, 0x2F, 0xB8, 0xF6, 0x62, 0x65, 0x49,
    0x44, 0xC3, 0x6E, 0xE3, 0x44, 0xA2, 0xB2, 0x36, 0x52, 0x4F, 0xA4, 0x5D, 0xD2, 0x45, 0x2A, 0xDF,
    0x6D, 0x49, 0x48, 0xEB, 0x6B, 0xD9, 0x97, 0x2A, 0x6D, 0x69, 0xA4, 0xE1, 0xCD, 0xF4, 0x9D, 0x26,
    0x21, 0x46, 0xFB, 0xA9, 0x9F, 0xF3, 0x9C, 0xF5, 0x02, 0xE5, 0x24, 0xE2, 0x49, 0xE0, 0x69, 0x82,
    0xB4, 0x79, 0x38, 0x18, 0xD9, 0xCE, 0x61, 0x66, 0x8D, 0x43, 0xD1, 0x5C, 0x73, 0x28, 0x21, 0x1C,
    0xCE, 0xC0, 0x8A, 0xB4, 0x99, 0x83, 0x55, 0x01, 0x43, 0x8B, 0xEB, 0x75, 0x9C, 0x7F, 0x64, 0x6F,
    0xD3, 0x57, 0x5F, 0xD9, 0x7F, 0xBB, 0x19, 0xDA, 0xCC, 0xFA, 0xD9, 0x4A, 0x8F, 0x71, 0x13, 0xDB,
    0x0A, 0xCC, 0xF6, 0x90, 0x6F, 0x18, 0x2C, 0x91, 0xA3, 0x86, 0x84, 0x81, 0x80, 0x76, 0x05, 0xE0,
    0xC7, 0x53, 0xCA, 0x11, 0x48, 0xAC, 0x6D, 0xC1, 0x6F, 0x5F, 0xD4, 0x28, 0x0B, 0x0C, 0xA8, 0x01,
    0x49, 0xDA, 0x14, 0x05, 0x0D, 0xA9, 0x1C, 0xB0, 0x00, 0xBE, 0x1A, 0x3A, 0x24, 0x00, 0x0C, 0xC0,
    0x0F, 0xCE, 0x69, 0x40, 0xD8, 0x0E, 0xE0, 0x96, 0xDA, 0xE1, 0xB6, 0xC1, 0xAC, 0xE2, 0x97, 0x8C,
    0xC4, 0x7C, 0x86, 0x7C, 0xCA, 0x12, 0x35, 0xBF, 0x6E, 0x32, 0xAB, 0x22, 0x5B, 0x6D, 0x8E, 0xA9,
    0x73, 0x37, 0xC0, 0x5E, 0x93, 0x76, 0x94, 0x97, 0x0C, 0x7F, 0x23, 0x8C, 0x39, 0x53, 0x64, 0xD5,
    0xF4, 0xB3, 0xEE, 0x07, 0x31, 0x22, 0xB2, 0x4E, 0x61, 0xB7, 0x2F, 0xF6, 0xAC, 0x81, 0x91, 0xC0,
    0x2C, 0x07, 0xCE, 0x2F, 0x00, 0xD4, 0x54, 0xB8, 0xAD, 0x96, 0xD6, 0x6A, 0x79, 0x3B, 0x1E, 0x65,
    0x83, 0x05, 0x8D, 0xC9, 0x6E, 0x9F, 0xEB, 0xE9, 0x1B, 0xFA, 0xF6, 0x87, 0x58, 0x42, 0x56, 0xAC,
    0x4B, 0x34, 0xAE, 0xE1, 0x39, 0xF8, 0x44, 0x16, 0x24, 0xFB, 0xF1, 0x76, 0x85, 0x5C, 0xFE, 0x0C,
    0x3B, 0x7F, 0xF9, 0xB0, 0xDA, 0xE9, 0x3E, 0xA9, 0x76, 0x6E, 0x7E, 0x58, 0xE5, 0xF2, 0x77, 0xE0,
    0xFF, 0x70, 0x56, 0xB5, 0x06, 0x58, 0xB5, 0xC0, 0x53, 0xC8, 0x61, 0x12, 0xC5, 0x1A, 0x89, 0x1D,
    0xF8, 0xE4, 0xCD, 0xD7, 0xF3, 0xF7, 0x8C, 0xC4, 0x0B, 0x33, 0x20, 0xB7, 0xAD, 0xB4, 0x5A, 0x56,
    0x03, 0xFF, 0x38, 0xEC, 0x80, 0x77, 0x52, 0x5F, 0x9D, 0xEF, 0xCD, 0xA5, 0xE6, 0xDD, 0x41, 0xCE,
    0x94, 0x34, 0x3B, 0x2E, 0x49, 0xC3, 0x14, 0x42, 0x3A, 0xD8, 0x16, 0x29, 0x4C, 0xD9, 0xDA, 0xCE,
    0x65, 0xE2, 0x21, 0xEF, 0x2B, 0x57, 0x5C, 0xD2, 0xCE, 0x42, 0x33, 0x60, 0xCA, 0xD2, 0xDB, 0x25,
    0x6B, 0x11, 0x37, 0x21, 0xE6, 0x0E, 0xCF, 0xE6, 0x68, 0x79, 0x88, 0xD4, 0xEA, 0x96, 0x72, 0xBB,
    0x81, 0x50, 0x88, 0xAE, 0x00, 0xC0, 0x79, 0xC0, 0x20, 0xB1, 0xC8, 0xFE, 0xD6, 0x88, 0xA4, 0xCB,
    0xA3, 0xBE, 0x86, 0xD1, 0xA8, 0x0D, 0x6A, 0x47, 0xE4, 0x4B, 0x3D, 0x77, 0x11, 0x6C, 0x0B, 0x5C,
    0x8E, 0xFA, 0xFB, 0x7F, 0xD6, 0xFD, 0x50, 0x43, 0x43, 0xC5, 0x2A, 0xE9, 0x56, 0xCD, 0xAA, 0x89,
    0x47, 0x30, 0xDB, 0xF0, 0xB7, 0x3A, 0x19, 0xAB, 0x19, 0xFA, 0x29, 0xE7, 0xB1, 0x12, 0xAF, 0x29,
    0xD7, 0x1E, 0x5B, 0xF8, 0xB4, 0x83, 0x19, 0x24, 0x38, 0x58, 0x95, 0x35, 0x49, 0x17, 0x2B, 0xF4,
    0x30, 0xF8, 0x35, 0xFE, 0xF8, 0x2B, 0x50, 0xC9, 0x10, 0x37, 0x67, 0x11, 0x55, 0x2F, 0x00, 0x2F,
    0x50, 0xB9, 0x02, 0x3C, 0x47, 0x05, 0x00, 0xD6, 0x6D, 0x7E, 0xCC, 0x95, 0x1F, 0x57, 0xFE, 0x9B,
    0xA4, 0x98, 0x26, 0x45, 0x9E, 0x14, 0xDC, 0x16, 0xE9, 0x80, 0x78, 0x00, 0xC0, 0x6C, 0x05, 0xC8,
    0x97, 0x1B, 0x60, 0x96, 0x74, 0x40, 0x1D, 0x2B, 0xE0, 0xDA, 0x78, 0x63, 0xC4, 0xCA, 0xFE, 0xC7,
    0x56, 0x65, 0x76, 0xE7, 0xCD, 0x46, 0x66, 0x9F, 0xBC, 0xD6, 0x70, 0xFB, 0x57, 0x5B, 0xA5, 0x63,
    0x34, 0xC2, 0x27, 0x67, 0x5B, 0x05, 0x48, 0xB5, 0x32, 0xC0, 0xBB, 0xBF, 0x1F, 0x4A, 0x60, 0x2F,
    0x56, 0xBC, 0x40, 0x9D, 0x74, 0xAC, 0x82, 0xFC, 0xFC, 0x8B, 0x2F, 0x5E, 0xEF, 0xCB, 0x2F, 0xAD,
    0x7D, 0xC7, 0xD4, 0xBF, 0xD0, 0x72, 0xF1, 0xCA, 0xDE, 0xCF, 0xB5, 0x9C, 0xBD, 0x52, 0xF6, 0xAB,
    0x41, 0x18, 0xD1, 0x89, 0x3E, 0xEB, 0xB1, 0x99, 0xF8, 0xE0, 0x45, 0x69, 0x2B, 0x12, 0x03, 0x6F,
    0xCA, 0x02, 0x4E, 0x5F, 0x9F, 0xDA, 0xF6, 0xA9, 0x44, 0xC5, 0x37, 0xFF, 0xA5, 0xF2, 0x97, 0xBB,
    0xF8, 0xE6, 0xF5, 0x8E, 0x5B, 0x15, 0xDF, 0xB0, 0x6D, 0xFA, 0x15, 0xE9, 0xB2, 0x00, 0x46, 0x5A,
    0x3A, 0x7D, 0x57, 0x90, 0xC8, 0x0C, 0x42, 0x4A, 0xA9, 0xC1, 0x99, 0x05, 0x90, 0x2F, 0x2A, 0xD1,
    0xD6, 0xD0, 0x65, 0x6F, 0x50, 0x5F, 0xDD, 0xD3, 0xA8, 0xFF, 0xBC, 0xE7, 0x58, 0xD9, 0xBB, 0x36,
    0xD1, 0xCA, 0x37, 0x15, 0x8D, 0x6B, 0x81, 0xD8, 0x6F, 0xED, 0x0F, 0xCF, 0x3A, 0x30, 0x0B, 0x0F,
    0x4C, 0x39, 0x90, 0xC6, 0xC1, 0x6C, 0x1E, 0x80, 0xAA, 0xA1, 0x03, 0xD8, 0x87, 0x95, 0x29, 0xCD,
    0x04, 0xD0, 0xB5, 0x84, 0xC7, 0x54, 0x13, 0xF2, 0x81, 0xF0, 0xF9, 0x5D, 0x8F, 0x62, 0x6A, 0xD9,
    0xEF, 0x05, 0x0E, 0xA2, 0x75, 0x38, 0x06, 0xC4, 0x65, 0x20, 0xEA, 0xA9, 0xC8, 0x2A, 0xEA, 0xAD,
    0x8A, 0x6E, 0xDD, 0xF2, 0xC5, 0x73, 0xDF, 0x06, 0xAC, 0x8B, 0x0D, 0x85, 0xE6, 0xA0, 0x99, 0x6B,
    0xC9, 0x06, 0xF7, 0xD7, 0x78, 0x2D, 0x9F, 0x63, 0x4E, 0xBE, 0x3A, 0xD5, 0xD3, 0xDE, 0xF7, 0xFB,
    0x32, 0xFA, 0xF2, 0x36, 0x60, 0x5C, 0xE6, 0x9D, 0x91, 0xDA, 0x5C, 0x9D, 0x9B, 0xBD, 0x39, 0x11,
    0x57, 0x05, 0xA6, 0x6C, 0x35, 0x65, 0x83, 0x6F, 0x9E, 0x8F, 0x38, 0x33, 0x6B, 0x70, 0xAC, 0xF0,
    0xFE, 0xE0, 0xE0, 0x03, 0x5B, 0x18, 0xF6, 0xE1, 0x5B, 0x95, 0x83, 0x8B, 0x55, 0xA8, 0x52, 0xC7,
    0xBD, 0x83, 0x6D, 0x31, 0x01, 0xEB, 0xA4, 0x99, 0xCD, 0x67, 0x73, 0x69, 0x58, 0x97, 0x0E, 0x99,
    0x06, 0xB7, 0x2B, 0x0B, 0x79, 0x71, 0xD8, 0x2D, 0xE6, 0x89, 0xCA, 0x1A, 0x17, 0x23, 0xE9, 0x04,
    0xF3, 0xA4, 0xCB, 0x1A, 0x79, 0xF1, 0xA3, 0xDD, 0x82, 0xDB, 0x0F, 0x2C, 0xD2, 0x31, 0xD5, 0x00,
    0x92, 0x29, 0xAE, 0x08, 0xB2, 0x22, 0x30, 0xDF, 0x16, 0x0E, 0x32, 0xA9, 0x5D, 0xDB, 0x0D, 0x6B,
    0x21, 0x7F, 0x62, 0x7B, 0xD1, 0xBC, 0x0B, 0xD9, 0xA4, 0xAD, 0x81, 0x40, 0xD2, 0x69, 0x70, 0x24,
    0x8A, 0x30, 0x56, 0x53, 0xCB, 0x02, 0x39, 0xD2, 0x56, 0xBE, 0x61, 0x9E, 0xD8, 0x6D, 0xE8, 0x04,
    0xB4, 0x34, 0x83, 0xD0, 0xDE, 0xD9, 0x3D, 0x8A, 0x81, 0x70, 0xF6, 0x3C, 0xE1, 0x8E, 0xC3, 0xD0,
    0x12, 0x7A, 0xC3, 0x21, 0x1B, 0xB6, 0xA3, 0x62, 0x6B, 0x2D, 0xFD, 0x75, 0x97, 0x0A, 0xD1, 0x02,
    0xBB, 0x8D, 0x04, 0x90, 0x76, 0x4B, 0x87, 0x89, 0x5A, 0xDC, 0x83, 0xC0, 0xF7, 0x10, 0xF9, 0x80,
    0xC5, 0x0E, 0xC5, 0xFB, 0x22, 0x4F, 0x06, 0xD6, 0x2C, 0xB8, 0x55, 0x4E, 0x4B, 0xA9, 0x55, 0xB1,
    0x5A, 0x80, 0xCE, 0xC9, 0x25, 0x12, 0xC7, 0x25, 0xE8, 0xB4, 0x15, 0x6D, 0xE4, 0x0E, 0x88, 0x69,
    0xBF, 0xD3, 0xDE, 0x09, 0x7D, 0x95, 0x05, 0xE2, 0xC6, 0x80, 0xD2, 0xB9, 0x5E, 0x62, 0x4A, 0x7A,
    0x19, 0x88, 0x59, 0x04, 0x52, 0xDF, 0x47, 0xF0, 0x68, 0x93, 0xC4, 0x16, 0x44, 0x32, 0x3A, 0x41,
    0x89, 0xB0, 0xCA, 0xBE, 0xD8, 0x13, 0x49, 0xED, 0x00, 0x4D, 0x24, 0xB2, 0x66, 0xAD, 0x0D, 0x47,
    0x26, 0x8D, 0xD5, 0xA8, 0x65, 0x98, 0x44, 0x4F, 0x5A, 0x75, 0xA7, 0xEB, 0x5D, 0x3D, 0xC7, 0x0E,
    0x82, 0x21, 0x1A, 0x00, 0xCC, 0x63, 0x18, 0x46, 0x80, 0xE5, 0xE1, 0xA6, 0x7F, 0xC4, 0x9C, 0x50,
    0xF9, 0xD8, 0x0C, 0x24, 0xE8, 0x21, 0xA8, 0x22, 0x68, 0xE3, 0x18, 0x4D, 0xBC, 0x75, 0x42, 0x00,
    0x95, 0x3F, 0xE8, 0x20, 0x5A, 0x66, 0x50, 0xF6, 0x42, 0xE2, 0xF6, 0x5E, 0xCD, 0xAA, 0x5B, 0x7B,
    0x3A, 0x6D, 0xCB, 0xFF, 0xAA, 0x44, 0x89, 0xBF, 0x3B, 0x43, 0x7A, 0x3B, 0x22, 0x76, 0x55, 0x60,
    0x78, 0xB9, 0x0D, 0x37, 0x14, 0x36, 0x00, 0x38, 0x43, 0xA4, 0x61, 0x8A, 0x55, 0xD2, 0xF0, 0x62,
    0xB6, 0x10, 0x70, 0x87, 0x2C, 0xA4, 0x59, 0x80, 0xA9, 0xDA, 0x2F, 0x09, 0x91, 0xF6, 0xEF, 0xB4,
    0xC8, 0x52, 0xE9, 0x00, 0x5A, 0x1B, 0xEF, 0x1C, 0x48, 0xED, 0xE0, 0xEA, 0xDC, 0xC1, 0x1E, 0x81,
    0xAB, 0x86, 0x0E, 0xE0, 0x3E, 0x18, 0x03, 0xBC, 0xED, 0xE7, 0x14, 0xAD, 0xC1, 0x4A, 0x19, 0xDC,
    0xDA, 0xF3, 0x85, 0xB8, 0x6F, 0x03, 0x0E, 0x16, 0xAB, 0x7D, 0x89, 0x2E, 0xD3, 0x0E, 0x93, 0x0E,
    0x69, 0x8B, 0xAC, 0x01, 0x6B, 0xC0, 0x0B, 0x08, 0x40, 0x7A, 0xFF, 0xAA, 0x51, 0x1A, 0x94, 0x1A,
    0xC0, 0xE5, 0xCB, 0x40, 0x7C, 0xA3, 0x07, 0x12, 0x0F, 0x9F, 0x3A, 0xC8, 0xDE, 0x73, 0xC0, 0x3C,
    0x5C, 0x72, 0x20, 0x22, 0x07, 0x92, 0x20, 0x27, 0x78, 0xD7, 0x81, 0x34, 0x91, 0x55, 0x52, 0x3B,
    0xA0, 0xBF, 0x03, 0x20, 0xB9, 0xA9, 0x8C, 0xC3, 0xCF, 0x08, 0xD3, 0x8F, 0x09, 0xD9, 0xFB, 0x1E,
    0x7F, 0x43, 0xC8, 0x7F, 0x4A, 0x28, 0x62, 0x42, 0xE9, 0x71, 0xE1, 0xB1, 0x26, 0x2C, 0x4D, 0xAC,
    0xAC, 0x2E, 0x35, 0xE1, 0x14, 0x0D, 0x2B, 0x05, 0xB7, 0x3F, 0x5F, 0x3C, 0x17, 0xED, 0x89, 0xBC,
    0x13, 0xF1, 0x14, 0xD6, 0x2F, 0x3F, 0xD6, 0x3A, 0x48, 0xFA, 0xF0, 0xFE, 0x0B, 0xA1, 0xCA, 0x40,
    0xCB, 0xF2, 0xEB, 0xF2, 0x0B, 0xF3, 0x2B, 0xF3, 0x4B, 0xF3, 0x6B, 0x0B, 0x8B, 0x03, 0x7F, 0x98,
    0x20, 0x46, 0xF8, 0x67, 0x23, 0xE8, 0x2D, 0x48, 0x46, 0x37, 0x90, 0x05, 0x96, 0x90, 0x70, 0xB9,
    0xEC, 0x20, 0x50, 0x8E, 0xE0, 0xC5, 0x72, 0xD5, 0xF0, 0x62, 0x91, 0x2A, 0x5E, 0xE4, 0xD0, 0xBC,
    0x90, 0xA8, 0x79, 0xC1, 0x9A, 0x1D, 0x5E, 0x64, 0xB7, 0x73, 0x5E, 0x44, 0x76, 0x24, 0x5F, 0x19,
    0x1C, 0x00, 0xDF, 0x10, 0xEE, 0x79, 0xE0, 0xE4, 0x63, 0x2F, 0x6D, 0x2F, 0x2F, 0x28, 0x71, 0xE1,
    0xE0, 0x03, 0x07, 0xF3, 0x6F, 0x53, 0x7E, 0xE9, 0x4A, 0x7D, 0x84, 0xB2, 0xEA, 0x30, 0x2F, 0x6D,
    0x3B, 0x8F, 0x56, 0xD6, 0x20, 0x76, 0x05, 0x67, 0x5C, 0xC1, 0x13, 0xC0, 0xD9, 0xB3, 0x00, 0x04,
    0x2F, 0x44, 0x2B, 0x79, 0xB1, 0x52, 0x6E, 0xAF, 0xB7, 0xFE, 0x54, 0x13, 0x18, 0xAA, 0x6A, 0xD7,
    0xF1, 0xB1, 0xD3, 0x09, 0x12, 0x0F, 0x9D, 0x83, 0xAC, 0xE5, 0x45, 0x62, 0x1B, 0x6E, 0x13, 0x5B,
    0x71, 0x0B, 0xFC, 0x08, 0x3E, 0x49, 0xC1, 0x1A, 0x88, 0x36, 0x27, 0xB1, 0x52, 0x0B, 0x12, 0x6E,
    0x8E, 0x49, 0x68, 0xDF, 0x78, 0xA3, 0x27, 0xE1, 0xA6, 0x23, 0x81, 0x64, 0x12, 0x69, 0xEB, 0x45,
    0xD6, 0x90, 0x48, 0xAD, 0x13, 0xB6, 0x4A, 0x6D, 0x45, 0xE2, 0x41, 0x57, 0xC4, 0xC5, 0x3D, 0x57,
    0xC4, 0xF8, 0xEB, 0xAF, 0x88, 0x4F, 0xD2, 0x15, 0xB1, 0x3F, 0x78, 0x45, 0x44, 0x45, 0x90, 0xF5,
    0x84, 0x7C, 0xBE, 0x7F, 0x51, 0x14, 0x23, 0x21, 0xD3, 0x98, 0xD2, 0xB7, 0xB9, 0xE5, 0xE2, 0x8A,
    0xFF, 0xD0, 0x01, 0x63, 0x04, 0x76, 0xAA, 0xAE, 0x0F, 0x58, 0xF2, 0x80, 0x90, 0x5A, 0xD1, 0xC2,
    0xA7, 0x73, 0x4A, 0x62, 0x4A, 0x91, 0x5E, 0x22, 0x24, 0xB3, 0x38, 0x8C, 0xE1, 0x14, 0x32, 0x73,
    0x52, 0x6C, 0x5F, 0xA7, 0xFB, 0x7A, 0xDE, 0xD7, 0xFD, 0xBE, 0x3D, 0xF6, 0x6D, 0xE4, 0x59, 0xB8,
    0x89, 0xDC, 0x77, 0x15, 0x81, 0xC4, 0x3A, 0x2D, 0x4F, 0x5E, 0xBB, 0x5B, 0x6B, 0xE1, 0xB4, 0xBE,
    0xDE, 0x0A, 0xC2, 0xB8, 0x23, 0xCC, 0x34, 0x21, 0x5F, 0x12, 0x2E, 0x78, 0xE5, 0x50, 0x67, 0xCD,
    0xC2, 0x5F, 0x93, 0x17, 0x48, 0x94, 0xBF, 0x38, 0x77, 0xE1, 0xE2, 0xAC, 0x44, 0x1B, 0xB9, 0x2B,
    0x97, 0xDF, 0x6F, 0x15, 0x3B, 0x18, 0x0E, 0x79, 0xBD, 0xA9, 0xC7, 0xF7, 0xF5, 0xF6, 0xF4, 0x9A,
    0xCC, 0x03, 0x89, 0xC6, 0x40, 0xD2, 0x7F, 0x56, 0x13, 0xE1, 0x2F, 0x76, 0x9E, 0xD0, 0xE5, 0x6D,
    0x22, 0xF3, 0xB5, 0x7E, 0xEA, 0xF5, 0xC5, 0xD9, 0xA0, 0x96, 0xA1, 0xC5, 0x4C, 0x5A, 0x2D, 0xDF,
    0xD4, 0xC7, 0xFF, 0x7A, 0x3B, 0x85, 0x4E, 0xB8, 0x7D, 0xBD, 0x1D, 0xE2, 0x84, 0x7B, 0x47, 0x71,
    0x42, 0xB5, 0xF6, 0x3D, 0x3D, 0x11, 0x73, 0x88, 0x13, 0xBE, 0xD4, 0x1F, 0xF6, 0x7A, 0x03, 0x98,
    0x71, 0x20, 0xA4, 0x83, 0x9A, 0x55, 0x80, 0x4E, 0xDB, 0x67, 0xC8, 0x6E, 0x79, 0xE6, 0x4C, 0xC8,
    0x57, 0xCE, 0x9A, 0xCC, 0xBA, 0x6A, 0xD2, 0x3A, 0x2B, 0x46, 0xD3, 0xEB, 0x8D, 0x0F, 0xD3, 0x95,
    0x48, 0x0C, 0xA8, 0x30, 0x7B, 0x35, 0x51, 0x0E, 0x98, 0x71, 0x55, 0x21, 0x5D, 0xC7, 0xD1, 0x67,
    0x79, 0x54, 0x0E, 0xE4, 0xB3, 0x3E, 0x16, 0x38, 0x06, 0x17, 0x0B, 0xEC, 0x75, 0x8A, 0x85, 0xC4,
    0x52, 0x2C, 0x24, 0x77, 0x7C, 0x2C, 0xFC, 0xF6, 0xF0, 0x58, 0xD8, 0xBC, 0xED, 0xB5, 0xF7, 0x1E,
    0xC8, 0xD1, 0xE6, 0x81, 0xBC, 0x41, 0xEA, 0xC7, 0x2B, 0x16, 0xE2, 0x2A, 0xC4, 0x42, 0xDA, 0xC8,
    0x29, 0x16, 0x92, 0xCF, 0xC6, 0x10, 0x0B, 0xD6, 0x84, 0x58, 0xB8, 0xB6, 0x8E, 0x85, 0xF3, 0x47,
    0x8C, 0x85, 0x93, 0x3F, 0x90, 0x4F, 0xDE, 0x09, 0xB7, 0x07, 0xF2, 0x49, 0x3B, 0xE1, 0xF6, 0xD9,
    0xF7, 0x5D, 0xB0, 0xD4, 0x16, 0x81, 0x09, 0xDB, 0x06, 0x26, 0x2F, 0xA8, 0xC0, 0x6A, 0xE8, 0xC0,
    0x34, 0xCC, 0x9A, 0x05, 0x43, 0xF9, 0x36, 0x79, 0x77, 0x5C, 0xD0, 0x7D, 0x79, 0xF1, 0xC1, 0xCF,
    0xBE, 0xAD, 0xB5, 0x8E, 0xCE, 0x42, 0x3C, 0x6D, 0x06, 0x14, 0xE2, 0x71, 0xCD, 0xB2, 0xF5, 0x1D,
    0x07, 0xE2, 0x42, 0x1B, 0x58, 0x1E, 0x6F, 0xDA, 0xED, 0x5E, 0x6B, 0x85, 0xB8, 0x82, 0xB9, 0x6B,
    0xAD, 0x55, 0x88, 0xAC, 0x8D, 0xD0, 0xB2, 0xC5, 0xF6, 0x91, 0x7E, 0x9A, 0xAC, 0x75, 0x62, 0xFF,
    0xDB, 0x2C, 0x6A, 0xBC, 0x48, 0x95, 0x17, 0xDC, 0x78, 0x91, 0xE7, 0x5E, 0x18, 0x5E, 0x39, 0x11,
    0xAB, 0xAC, 0x89, 0xD4, 0xB3, 0x49, 0x97, 0xB4, 0x91, 0xDA, 0x61, 0xFE, 0xFF, 0x9E, 0x89, 0x95,
    0x17, 0xEC, 0x8E, 0x4A, 0x9D, 0xC8, 0xDE, 0x1F, 0x76, 0xC7, 0x48, 0x45, 0x58, 0xD9, 0xD5, 0x57,
    0x34, 0x8B, 0x4E, 0xAD, 0x9A, 0x34, 0x35, 0x09, 0x5C, 0xC1, 0x7E, 0xE2, 0xC7, 0x8F, 0xCF, 0x78,
    0x2C, 0x3D, 0xDA, 0xC6, 0x61, 0xF2, 0x79, 0xE7, 0x90, 0xBD, 0xA7, 0x1D, 0x0A, 0xD4, 0x0E, 0x73,
    0xCC, 0x1C, 0xCE, 0x9C, 0x5C, 0xA3, 0xC4, 0x92, 0x7A, 0xAF, 0xDB, 0x8E, 0x83, 0xD9, 0x3B, 0xF6,
    0x1D, 0x44, 0xB6, 0x2A, 0xAD, 0x77, 0x02, 0x8F, 0xC8, 0x3C, 0x62, 0x7B, 0x10, 0x7E, 0xB7, 0xA1,
    0x15, 0x17, 0xEB, 0xD0, 0x4A, 0x9B, 0x32, 0x84, 0x56, 0xF2, 0xF9, 0x18, 0x42, 0x2B, 0xBA, 0x7B,
    0xBD, 0xC0, 0x78, 0x37, 0xB4, 0xCE, 0x1F, 0x0C, 0x2D, 0x13, 0x74, 0x5F, 0x6E, 0x0F, 0xC2, 0xAD,
    0xB5, 0xB6, 0xEC, 0xE1, 0x5E, 0x09, 0x8D, 0x37, 0xD5, 0x24, 0xC2, 0x58, 0xB9, 0x61, 0xA1, 0xC5,
    0x69, 0x17, 0xD1, 0xA4, 0xC0, 0xCC, 0xF6, 0x24, 0xD8, 0x47, 0x86, 0x84, 0x40, 0x4E, 0x22, 0x87,
    0x9C, 0x84, 0x58, 0x4E, 0x35, 0x39, 0xF5, 0x91, 0x26, 0xF8, 0x75, 0x33, 0xA9, 0xAC, 0x8F, 0xBD,
    0xA8, 0x8E, 0xC9, 0xB5, 0xB7, 0xAE, 0xCD, 0x50, 0x06, 0xD7, 0x66, 0xD7, 0xD7, 0xC7, 0x4F, 0x6A,
    0xD7, 0xAE, 0x1D, 0xD9, 0x53, 0xF6, 0xDA, 0xD9, 0xB2, 0x25, 0x36, 0xA3, 0x62, 0x33, 0x52, 0x98,
    0x5D, 0x87, 0x4F, 0xBC, 0xC9, 0x54, 0x08, 0xAC, 0x93, 0x3F, 0x88, 0x4E, 0x50, 0x84, 0xDD, 0xCA,
    0x0D, 0xAD, 0x05, 0x95, 0xC5, 0xFB, 0x22, 0xA4, 0x16, 0x6C, 0xBF, 0xA2, 0x0F, 0x28, 0x39, 0x1A,
    0x0E, 0xE8, 0x1E, 0xF2, 0x80, 0x49, 0x20, 0xB0, 0x78, 0x50, 0x25, 0x44, 0x66, 0x48, 0x8F, 0x4B,
    0x45, 0x14, 0xDF, 0xE3, 0xCA, 0x86, 0xE5, 0x36, 0x6C, 0xBA, 0x69, 0xED, 0x0D, 0x3F, 0xD8, 0xF0,
    0x90, 0x50, 0x19, 0xF7, 0x3D, 0x29, 0x54, 0xFC, 0x04, 0x9B, 0xA1, 0xBA, 0x19, 0xC1, 0x21, 0x3D,
    0x7E, 0x4E, 0xB1, 0x75, 0x97, 0xC3, 0x4F, 0x97, 0x27, 0x1F, 0x91, 0xD3, 0x65, 0x5B, 0x59, 0xE2,
    0x01, 0x47, 0xC0, 0xE6, 0xE1, 0xB0, 0xF6, 0x03, 0x43, 0x95, 0xF8, 0xEB, 0x2A, 0x8A, 0xAD, 0xC9,
    0xFF, 0xFF, 0xCF, 0x30, 0x5B, 0xB2, 0xDC, 0x34, 0x49, 0x30, 0xC7, 0xA6, 0x29, 0xE2, 0x4D, 0x52,
    0x85, 0xD7, 0x8A, 0x1F, 0x78, 0xC6, 0xC8, 0x69, 0x9E, 0x69, 0x22, 0xB9, 0xF8, 0x1A, 0x81, 0x13,
    0x15, 0xF2, 0x38, 0x44, 0xD8, 0x6D, 0xD8, 0x7B, 0xD0, 0xC4, 0xE6, 0x2B, 0xEE, 0x04, 0x9E, 0xBC,
    0xA7, 0x57, 0x59, 0xA7, 0xC0, 0xB3, 0x4E, 0xF8, 0x5A, 0xAE, 0x01, 0xC4, 0x6B, 0x61, 0xC8, 0xAD,
    0x7C, 0xA7, 0x0C, 0x9F, 0x2C, 0x4E, 0xBE, 0xF8, 0x75, 0xC8, 0xB0, 0x68, 0x5A, 0x71, 0xEC, 0xCA,
    0xFF, 0x00, 0xED, 0x5A, 0x31, 0x6C, 0xDB, 0x46, 0x14, 0x7D, 0xA4, 0xD2, 0xC8, 0x85, 0x86, 0x5B,
    0x03, 0xA4, 0xC0, 0xED, 0x4B, 0x6F, 0xE9, 0x58, 0xF3, 0xDF, 0x96, 0x7D, 0xC9, 0xE2, 0xA5, 0xFB,
    0xE2, 0x1D, 0x10, 0x49, 0xEE, 0x93, 0xF7, 0xEE, 0xFB, 0x9A, 0x00, 0x8A, 0x4D, 0xB4, 0x43, 0x87,
    0x2E, 0xF4, 0xD0, 0xAE, 0x25, 0x50, 0x74, 0x2E, 0x07, 0x05, 0xA1, 0xD1, 0x33, 0x7F, 0xC9, 0x3B,
    0x99, 0x77, 0x15, 0xEA, 0x18, 0x55, 0x23, 0x07, 0xB2, 0x68, 0x53, 0xEF, 0xBF, 0x27, 0x52, 0x12,
    0xF1, 0xEE, 0xF1, 0x8E, 0x77, 0x52, 0xC4, 0xCC, 0x2D, 0x44, 0x8F, 0xAC, 0x55, 0x05, 0x9C, 0x97,
    0x04, 0x60, 0x5E, 0x67, 0x00, 0x66, 0x4D, 0xBA, 0x85, 0xC0, 0xE1, 0x22, 0x59, 0x54, 0xC5, 0x80,
    0xA2, 0x1C, 0x30, 0x2E, 0x2C, 0xB2, 0xB1, 0x4F, 0xB9, 0xA2, 0xAA, 0xE0, 0x60, 0x64, 0xAE, 0xA4,
    0x87, 0x5E, 0x22, 0xAE, 0x52, 0xCC, 0xCA, 0x05, 0xAF, 0xFB, 0x52, 0xD3, 0xB5, 0x49, 0x11, 0x31,
    0x23, 0x49, 0x81, 0xBC, 0x03, 0xF5, 0x05, 0x09, 0x54, 0x66, 0x0B, 0x11, 0x00, 0x85, 0x64, 0x70,
    0x42, 0xFE, 0x6A, 0x6C, 0x34, 0x78, 0x1D, 0xDB, 0x52, 0xB8, 0xC2, 0xDC, 0x41, 0x6C, 0x18, 0x57,
    0x1B, 0xCB, 0xF0, 0xB2, 0x21, 0x47, 0x10, 0xB5, 0xD9, 0x86, 0xC1, 0xA4, 0x1F, 0x63, 0x38, 0x52,
    0x36, 0x67, 0x6D, 0x99, 0x80, 0xE2, 0xCA, 0xB1, 0x82, 0x5F, 0x35, 0xA9, 0xDB, 0x67, 0xD0, 0x5A,
    0x16, 0x71, 0x3B, 0x7A, 0xD5, 0x62, 0x95, 0xDD, 0x31, 0x43, 0x8E, 0xAD, 0xD0, 0x6E, 0xBC, 0xCF,
    0xCF, 0x1A, 0xDF, 0x1E, 0xBE, 0x8D, 0x1C, 0x73, 0xCF, 0x42, 0x78, 0xD1, 0xBA, 0x98, 0xBB, 0xB6,
    0xBA, 0x05, 0x61, 0xFC, 0x23, 0x64, 0x5E, 0x28, 0xA4, 0xF7, 0x09, 0x1D, 0x08, 0xE0, 0xFF, 0x8A,
    0x49, 0x70, 0xED, 0xC5, 0x8C, 0x8D, 0x17, 0xA2, 0x7A, 0xE7, 0x85, 0xD4, 0xE4, 0x85, 0x82, 0x44,
    0x28, 0x7C, 0xCB, 0x49, 0x48, 0xDF, 0xA6, 0xA2, 0x20, 0xDF, 0xDA, 0xE2, 0x8F, 0xDB, 0x7F, 0xE6,
    0x20, 0x4C, 0xC8, 0x01, 0xC6, 0x65, 0x8A, 0x4B, 0x5C, 0xCE, 0x7D, 0x5C, 0x66, 0x8D, 0x0A, 0xE2,
    0xC2, 0x1C, 0xC4, 0x45, 0xF1, 0x9E, 0xE2, 0x52, 0x6C, 0x06, 0x08, 0xFB, 0xA2, 0xE7, 0x9B, 0xAE,
    0x29, 0xCB, 0x6C, 0xA1, 0xF4, 0x5F, 0x0A, 0x9E, 0x5E, 0xC9, 0x5C, 0x21, 0x57, 0x36, 0xF6, 0x09,
    0x63, 0x4B, 0xEC, 0x0A, 0xB0, 0xDC, 0xD3, 0xF6, 0x0D, 0x96, 0xF9, 0xC5, 0x52, 0x75, 0xAB, 0xE8,
    0xCA, 0x60, 0x6E, 0x80, 0xAF, 0xA6, 0x41, 0xFA, 0xF3, 0xB1, 0x6C, 0x64, 0x34, 0x32, 0xDF, 0x7B,
    0x0A, 0xE6, 0x0D, 0x8B, 0x43, 0xC6, 0xDC, 0x08, 0x8B, 0xEE, 0x48, 0x0A, 0xDE, 0x29, 0x7D, 0x12,
    0x98, 0x05, 0x8E, 0xA8, 0xCA, 0x3B, 0x11, 0x6F, 0xF0, 0xE1, 0x71, 0xE7, 0x8B, 0x69, 0xDC, 0x79,
    0x22, 0x22, 0x0B, 0x05, 0x85, 0xC2, 0xB7, 0xB6, 0x0B, 0x08, 0xEB, 0x3B, 0x11, 0x6F, 0x0B, 0x7F,
    0xCD, 0xF8, 0xCB, 0x26, 0x7C, 0xBB, 0x2C, 0xFC, 0xE8, 0x89, 0x3C, 0x4C, 0xBC, 0x63, 0xB4, 0xDD,
    0x1C, 0xBE, 0x29, 0x62, 0x4F, 0x8C, 0x60, 0xA3, 0x2A, 0x90, 0x7D, 0x61, 0xBA, 0xFF, 0x2D, 0x03,
    0xC8, 0x9E, 0x92, 0xE8, 0x10, 0x77, 0xC7, 0x70, 0xEF, 0xE1, 0x26, 0xED, 0x80, 0x9D, 0xB4, 0x03,
    0xE2, 0xDA, 0x0C, 0x45, 0x21, 0x19, 0x4A, 0xF2, 0xB1, 0x49, 0xFB, 0x2F, 0x5B, 0x93, 0xF6, 0x27,
    0x6C, 0xD6, 0x0E, 0x2B, 0x1C, 0xBB, 0x9B, 0xF5, 0xCE, 0x99, 0x95, 0x1C, 0xA2, 0x59, 0xCF, 0x5C,
    0xF9, 0xDA, 0x95, 0xAB, 0x62, 0x28, 0xF1, 0x87, 0xDA, 0x06, 0xEC, 0xDA, 0x05, 0xAC, 0x58, 0xF9,
    0x80, 0x79, 0xB3, 0x14, 0x01, 0x20, 0x67, 0x96, 0xBA, 0x33, 0xAB, 0x75, 0x2E, 0x55, 0xC7, 0x63,
    0xD6, 0x85, 0x35, 0x2B, 0x6E, 0xA4, 0x35, 0x6B, 0xCD, 0x7A, 0x30, 0x2B, 0x77, 0x01, 0xA3, 0x4B,
    0x6B, 0xD6, 0x8B, 0x07, 0xCC, 0xDA, 0x61, 0xA1, 0xF1, 0x98, 0xCD, 0xDA, 0x4C, 0x61, 0x9C, 0x65,
    0x81, 0x50, 0xD5, 0x7D, 0xF7, 0x0F, 0xD9, 0x74, 0x77, 0x75, 0xE4, 0x4B, 0x57, 0x53, 0x5C, 0xA6,
    0xA5, 0xAB, 0x69, 0xA5, 0xF3, 0xF0, 0xC4, 0xB3, 0x50, 0xC8, 0x50, 0xE4, 0x65, 0x20, 0xFE, 0x6A,
    0xBC, 0x98, 0xD5, 0x61, 0x57, 0x53, 0x26, 0x81, 0xD0, 0xEA, 0x9E, 0xB8, 0xA8, 0x30, 0x2E, 0x52,
    0xAB, 0x30, 0x2E, 0x97, 0x61, 0x0E, 0x4C, 0x98, 0x90, 0x7A, 0xEA, 0x5D, 0x76, 0x10, 0x53, 0x5C,
    0xF6, 0xB0, 0x9E, 0xB5, 0x37, 0x47, 0xA7, 0xB8, 0x7C, 0x17, 0x05, 0x71, 0x59, 0x2F, 0x82, 0xB8,
    0xAC, 0xAE, 0xCA, 0xD3, 0x51, 0x10, 0x07, 0xAD, 0xA0, 0xFE, 0x0C, 0xE2, 0x72, 0x72, 0x7F, 0x5C,
    0xE4, 0xD4, 0xBB, 0x7C, 0x3A, 0x31, 0xC5, 0xE5, 0x58, 0xA6, 0x91, 0xDB, 0x0B, 0x14, 0xFA, 0xBF,
    0x2F, 0x50, 0x40, 0x75, 0x40, 0x34, 0x90, 0xC5, 0xCD, 0xCB, 0x35, 0x44, 0x19, 0x19, 0x90, 0x46,
    0x06, 0x02, 0x08, 0x79, 0x0D, 0x85, 0xBC, 0x83, 0xD4, 0x59, 0x5E, 0x4A, 0x9D, 0xCE, 0x1B, 0xA9,
    0x13, 0xB4, 0x52, 0x13, 0x56, 0x52, 0x8B, 0xF2, 0x5B, 0xA9, 0x17, 0x37, 0x89, 0xD4, 0x11, 0x77,
    0x52, 0x43, 0xDD, 0xF6, 0x00, 0xEC, 0x0A, 0xC5, 0x00, 0xEC, 0x60, 0xFB, 0xAC, 0xF0, 0xD8, 0x67,
    0x65, 0xB0, 0xDB, 0x3F, 0xB7, 0xDC, 0x1A, 0x51, 0xE2, 0x71, 0x1F, 0xAC, 0xED, 0x03, 0xD8, 0x71,
    0x93, 0xB5, 0xA1, 0xD6, 0xBC, 0x5D, 0x9A, 0x37, 0xCB, 0x9E, 0xF4, 0x72, 0xDC, 0xC5, 0x6D, 0xBF,
    0xD9, 0x4F, 0xD9, 0x2B, 0xFC, 0x70, 0xDB, 0xC3, 0x4F, 0xAC, 0x8D, 0xF8, 0xF9, 0xFB, 0xA2, 0x87,
    0xB3, 0xC2, 0x49, 0xB7, 0x63, 0xEB, 0x60, 0xD6, 0x0E, 0x44, 0x4D, 0xE6, 0x74, 0x79, 0xBA, 0x24,
    0x23, 0x6A, 0x59, 0x53, 0xFB, 0x76, 0xF9, 0x66, 0x49, 0xAD, 0xAC, 0x23, 0xFB, 0xDD, 0xC7, 0xF8,
    0xBD, 0x07, 0x8D, 0x17, 0x7E, 0x7A, 0x30, 0x40, 0xE3, 0x4F, 0xF1, 0x44, 0x39, 0xFE, 0x10, 0xEF,
    0x71, 0x2F, 0x8A, 0xFD, 0x77, 0x0C, 0xBB, 0x01, 0xE6, 0xE5, 0xE7, 0xC6, 0xE7, 0x17, 0x03, 0xCA,
    0x7A, 0xC0, 0xAB, 0x1E, 0x93, 0x19, 0xF7, 0x48, 0xBF, 0x7D, 0xE8, 0x71, 0xCE, 0x3F, 0xF2, 0xAB,
    0x12, 0x57, 0xC8, 0xB9, 0xC4, 0x09, 0xE2, 0x1E, 0x01, 0x2C, 0x2C, 0x42, 0x87, 0x31, 0x45, 0xDE,
    0x42, 0xB2, 0x9E, 0x73, 0x85, 0x19, 0x73, 0xA1, 0xB8, 0x59, 0xB0, 0x81, 0x78, 0x7F, 0x5E, 0x7F,
    0x79, 0x66, 0xE2, 0xD7, 0x0C, 0xD2, 0xB3, 0x35, 0xD0, 0x01, 0x54, 0x24, 0x80, 0x01, 0x08, 0x10,
    0xE5, 0x0B, 0x60, 0x05, 0x28, 0x8D, 0x45, 0xE5, 0xD2, 0x22, 0x0B, 0xCC, 0x6A, 0x00, 0x09, 0x20,
    0xB6, 0xA9, 0x3F, 0xE0, 0x04, 0xB8, 0xB4, 0x91, 0x5A, 0x54, 0x19, 0xC0, 0x00, 0x55, 0x10, 0x65,
    0xAE, 0x67, 0x5C, 0x82, 0x1B, 0x90, 0xCE, 0xDF, 0x9F, 0xFF, 0x7E, 0x73, 0xD6, 0x76, 0xAF, 0x3B,
    0xE4, 0xCC, 0x05, 0x73, 0x4D, 0xDC, 0x22, 0x1D, 0x4E, 0xB2, 0xC3, 0x9C, 0x8B, 0x60, 0x98, 0xFF,
    0x94, 0x34, 0xBE, 0x08, 0xA6, 0x20, 0xC9, 0x1D, 0x9D, 0xD7, 0xE4, 0xE7, 0x22, 0xE3, 0xB8, 0x9F,
    0x97, 0x7E, 0xD4, 0x47, 0xE4, 0x67, 0x0D, 0x7F, 0x03,
};

static const EpdGlyph myanmar_14_regularGlyphs[] = {
    { 30, 17, 525, 1, 16, 128, 0 }, // U+1000
    { 18, 16, 316, 1, 16, 72, 128 }, // U+1001
    { 17, 17, 312, 1, 16, 73, 200 }, // U+1002
    { 31, 16, 525, 1, 16, 124, 273 }, // U+1003
    { 17, 16, 303, 1, 16, 68, 397 }, // U+1004
    { 17, 16, 315, 1, 16, 68, 465 }, // U+1005
    { 31, 16, 526, 1, 16, 124, 533 }, // U+1006
    { 19, 16, 319, 1, 16, 76, 657 }, // U+1007
    { 22, 30, 406, 1, 16, 165, 733 }, // U+1008
    { 29, 30, 309, 2, 16, 218, 898 }, // U+1009
    { 29, 30, 518, 2, 16, 218, 1116 }, // U+100A
    { 20, 30, 311, 1, 16, 150, 1334 }, // U+100B
    { 16, 30, 308, 1, 16, 120, 1484 }, // U+100C
    { 19, 30, 311, 2, 16, 143, 1604 }, // U+100D
    { 18, 16, 316, 1, 16, 72, 1747 }, // U+100E
    { 34, 16, 586, 1, 16, 136, 1819 }, // U+100F
    { 30, 16, 525, 1, 16, 120, 1955 }, // U+1010
    { 31, 16, 525, 1, 16, 124, 2075 }, // U+1011
    { 17, 16, 299, 1, 16, 68, 2199 }, // U+1012
    { 17, 16, 315, 1, 16, 68, 2267 }, // U+1013
    { 16, 30, 266, 0, 16, 120, 2335 }, // U+1014
    { 18, 17, 316, 1, 17, 77, 2455 }, // U+1015
    { 17, 17, 315, 1, 17, 73, 2532 }, // U+1016
    { 18, 17, 316, 1, 17, 77, 2605 }, // U+1017
    { 30, 16, 525, 1, 16, 120, 2682 }, // U+1018
    { 18, 16, 316, 1, 16, 72, 2802 }, // U+1019
    { 31, 16, 526, 1, 16, 124, 2874 }, // U+101A
    { 20, 30, 322, 1, 16, 150, 2998 }, // U+101B
    { 31, 16, 526, 1, 16, 124, 3148 }, // U+101C
    { 17, 16, 315, 1, 16, 68, 3272 }, // U+101D
    { 31, 16, 526, 1, 16, 124, 3340 }, // U+101E
    { 30, 16, 525, 1, 16, 120, 3464 }, // U+101F
    { 16, 30, 311, 1, 16, 120, 3584 }, // U+1020
    { 29, 16, 498, 1, 16, 116, 3704 }, // U+1021
    { 30, 17, 524, 1, 16, 128, 3820 }, // U+1022
    { 30, 31, 513, 1, 16, 233, 3948 }, // U+1023
    { 36, 43, 627, 1, 29, 387, 4181 }, // U+1024
    { 16, 30, 309, 2, 16, 120, 4568 }, // U+1025
    { 16, 44, 309, 2, 30, 176, 4688 }, // U+1026
    { 16, 16, 295, 1, 16, 64, 4864 }, // U+1027
    { 17, 30, 321, 2, 16, 128, 4928 }, // U+1028
    { 36, 43, 639, 2, 29, 387, 5056 }, // U+1029
    { 69, 44, 1144, 1, 30, 759, 5443 }, // U+102A
    { 13, 29, 125, -7, 29, 95, 6202 }, // U+102B
    { 17, 16, 212, -5, 16, 68, 6297 }, // U+102C
    { 12, 12, 0, -15, 30, 36, 6365 }, // U+102D
    { 12, 12, 0, -15, 30, 36, 6401 }, // U+102E
    { 7, 13, 0, -11, -1, 23, 6437 }, // U+102F
    { 11, 12, 0, -13, -2, 33, 6460 }, // U+1030
    { 16, 16, 288, 1, 16, 64, 6493 }, // U+1031
    { 8, 8, 0, -12, 25, 16, 6557 }, // U+1032
    { 13, 12, 0, -16, 30, 39, 6573 }, // U+1033
    { 8, 8, 0, -14, 25, 16, 6612 }, // U+1034
    { 12, 12, 0, -15, 30, 36, 6628 }, // U+1035
    { 7, 6, 0, -13, 24, 11, 6664 }, // U+1036
    { 7, 6, 0, -13, -3, 11, 6675 }, // U+1037
    { 8, 16, 161, 1, 16, 32, 6686 }, // U+1038
    { 10, 9, 0, -14, -3, 23, 6718 }, // U+1039
    { 11, 13, 0, -15, 30, 36, 6741 }, // U+103A
    { 11, 30, 120, -5, 16, 83, 6777 }, // U+103B
    { 22, 43, 107, 2, 29, 237, 6860 }, // U+103C
    { 11, 12, 0, -15, 0, 33, 7097 }, // U+103D
    { 7, 13, 0, -14, -1, 23, 7130 }, // U+103E
    { 44, 16, 739, 1, 16, 176, 7153 }, // U+103F
    { 17, 16, 304, 1, 16, 68, 7329 }, // U+1040
    { 16, 16, 291, 1, 16, 64, 7397 }, // U+1041
    { 16, 30, 315, 1, 16, 120, 7461 }, // U+1042
    { 16, 30, 288, 1, 16, 120, 7581 }, // U+1043
    { 16, 30, 288, 1, 16, 120, 7701 }, // U+1044
    { 16, 30, 315, 1, 16, 120, 7821 }, // U+1045
    { 18, 29, 336, 2, 29, 131, 7941 }, // U+1046
    { 17, 30, 302, 1, 16, 128, 8072 }, // U+1047
    { 17, 17, 304, 1, 16, 73, 8200 }, // U+1048
    { 18, 30, 336, 2, 16, 135, 8273 }, // U+1049
    { 4, 16, 126, 2, 16, 16, 8408 }, // U+104A
    { 9, 16, 216, 2, 16, 36, 8424 }, // U+104B
    { 16, 43, 311, 2, 29, 172, 8460 }, // U+104C
    { 23, 43, 416, 1, 29, 248, 8632 }, // U+104D
    { 16, 30, 308, 1, 16, 120, 8880 }, // U+104E
    { 30, 29, 531, 1, 29, 218, 9000 }, // U+104F
    { 17, 16, 312, 1, 16, 68, 9218 }, // U+1050
    { 18, 16, 316, 1, 16, 72, 9286 }, // U+1051
    { 17, 16, 309, 1, 16, 68, 9358 }, // U+1052
    { 17, 16, 309, 1, 16, 68, 9426 }, // U+1053
    { 17, 16, 308, 1, 16, 68, 9494 }, // U+1054
    { 17, 16, 304, 1, 16, 68, 9562 }, // U+1055
    { 15, 16, 172, -5, 16, 60, 9630 }, // U+1056
    { 15, 16, 174, -5, 16, 60, 9690 }, // U+1057
    { 13, 13, 0, -16, -1, 43, 9750 }, // U+1058
    { 13, 13, 0, -16, -1, 43, 9793 }, // U+1059
    { 16, 30, 288, 1, 16, 120, 9836 }, // U+105A
    { 22, 30, 406, 1, 16, 165, 9956 }, // U+105B
    { 17, 16, 312, 1, 16, 68, 10121 }, // U+105C
    { 17, 30, 308, 1, 16, 128, 10189 }, // U+105D
    { 15, 13, 0, -17, -1, 49, 10317 }, // U+105E
    { 14, 13, 0, -16, -1, 46, 10366 }, // U+105F
    { 13, 13, 0, -16, -1, 43, 10412 }, // U+1060
    { 17, 30, 322, 1, 16, 128, 10455 }, // U+1061
    { 8, 16, 157, 0, 16, 32, 10583 }, // U+1062
    { 16, 30, 309, 2, 16, 120, 10615 }, // U+1063
    { 11, 16, 187, 0, 16, 44, 10735 }, // U+1064
    { 16, 16, 311, 2, 16, 64, 10779 }, // U+1065
    { 17, 30, 305, 1, 16, 128, 10843 }, // U+1066
    { 9, 16, 203, 1, 16, 36, 10971 }, // U+1067
    { 9, 27, 157, 0, 27, 61, 11007 }, // U+1068
    { 10, 16, 197, 1, 16, 40, 11068 }, // U+1069
    { 9, 16, 203, 1, 16, 36, 11108 }, // U+106A
    { 9, 16, 203, 1, 16, 36, 11144 }, // U+106B
    { 10, 16, 203, 2, 16, 40, 11180 }, // U+106C
    { 10, 16, 197, 1, 16, 40, 11220 }, // U+106D
    { 34, 17, 585, 1, 16, 145, 11260 }, // U+106E
    { 30, 30, 514, 1, 16, 225, 11405 }, // U+106F
    { 30, 30, 515, 1, 16, 225, 11630 }, // U+1070
    { 16, 6, 0, -17, 26, 24, 11855 }, // U+1071
    { 12, 12, 0, -15, 30, 36, 11879 }, // U+1072
    { 17, 10, 0, -17, 28, 43, 11915 }, // U+1073
    { 17, 10, 0, -17, 28, 43, 11958 }, // U+1074
    { 17, 17, 311, 1, 16, 73, 12001 }, // U+1075
    { 18, 17, 314, 1, 17, 77, 12074 }, // U+1076
    { 17, 16, 315, 1, 16, 68, 12151 }, // U+1077
    { 30, 16, 525, 1, 16, 120, 12219 }, // U+1078
    { 31, 16, 526, 1, 16, 124, 12339 }, // U+1079
    { 30, 30, 515, 1, 16, 225, 12463 }, // U+107A
    { 31, 16, 526, 1, 16, 124, 12688 }, // U+107B
    { 30, 16, 527, 1, 16, 120, 12812 }, // U+107C
    { 30, 16, 526, 1, 16, 120, 12932 }, // U+107D
    { 29, 30, 513, 1, 16, 218, 13052 }, // U+107E
    { 18, 17, 316, 1, 17, 77, 13270 }, // U+107F
    { 31, 16, 525, 1, 16, 124, 13347 }, // U+1080
    { 17, 30, 305, 1, 16, 128, 13471 }, // U+1081
    { 12, 13, 0, -13, -1, 39, 13599 }, // U+1082
    { 11, 30, 157, 0, 16, 83, 13638 }, // U+1083
    { 16, 16, 276, 1, 16, 64, 13721 }, // U+1084
    { 11, 12, 0, -14, 30, 33, 13785 }, // U+1085
    { 9, 11, 0, -12, 29, 25, 13818 }, // U+1086
    { 8, 10, 162, 1, 6, 20, 13843 }, // U+1087
    { 8, 20, 161, 1, 16, 40, 13863 }, // U+1088
    { 8, 6, 161, 1, 6, 12, 13903 }, // U+1089
    { 12, 16, 203, 1, 16, 48, 13915 }, // U+108A
    { 8, 6, 161, 1, 11, 12, 13963 }, // U+108B
    { 17, 6, 305, 1, 11, 26, 13975 }, // U+108C
    { 15, 3, 0, -17, -2, 12, 14001 }, // U+108D
    { 17, 16, 314, 1, 16, 68, 14013 }, // U+108E
    { 8, 20, 161, 1, 16, 40, 14081 }, // U+108F
    { 18, 30, 355, 2, 16, 135, 14121 }, // U+1090
    { 17, 30, 302, 1, 16, 128, 14256 }, // U+1091
    { 17, 30, 316, 2, 16, 128, 14384 }, // U+1092
    { 20, 30, 336, 0, 16, 150, 14512 }, // U+1093
    { 22, 31, 343, 0, 16, 171, 14662 }, // U+1094
    { 20, 30, 335, 1, 16, 150, 14833 }, // U+1095
    { 20, 30, 335, 1, 16, 150, 14983 }, // U+1096
    { 16, 30, 259, 0, 16, 120, 0 }, // U+1097
    { 17, 30, 305, 1, 16, 128, 120 }, // U+1098
    { 17, 30, 305, 1, 16, 128, 248 }, // U+1099
    { 8, 7, 161, 1, 16, 14, 376 }, // U+109A
    { 8, 10, 162, 1, 26, 20, 390 }, // U+109B
    { 12, 16, 203, 1, 16, 48, 410 }, // U+109C
    { 13, 19, 0, -15, 29, 62, 458 }, // U+109D
    { 11, 40, 157, 0, 26, 110, 520 }, // U+109E
    { 25, 43, 445, 1, 29, 269, 630 }, // U+109F
    { 0, 0, 0, 0, 0, 0, 0 }, // U+200C
    { 0, 0, 0, 0, 0, 0, 0 }, // U+200D
    { 15, 15, 277, 1, 16, 57, 0 }, // U+25CC
    { 13, 21, 280, 2, 20, 69, 57 }, // U+F0000
    { 0, 0, 121, 0, 0, 0, 126 }, // U+F0001
    { 30, 17, 525, 1, 16, 128, 126 }, // U+F0002
    { 18, 16, 316, 1, 16, 72, 254 }, // U+F0003
    { 17, 17, 312, 1, 16, 73, 326 }, // U+F0004
    { 31, 16, 525, 1, 16, 124, 399 }, // U+F0005
    { 17, 16, 303, 1, 16, 68, 523 }, // U+F0006
    { 17, 16, 315, 1, 16, 68, 591 }, // U+F0007
    { 31, 16, 526, 1, 16, 124, 659 }, // U+F0008
    { 19, 16, 319, 1, 16, 76, 783 }, // U+F0009
    { 22, 30, 406, 1, 16, 165, 859 }, // U+F000A
    { 29, 30, 309, 2, 16, 218, 1024 }, // U+F000B
    { 29, 30, 518, 2, 16, 218, 1242 }, // U+F000C
    { 20, 30, 311, 1, 16, 150, 1460 }, // U+F000D
    { 16, 30, 308, 1, 16, 120, 1610 }, // U+F000E
    { 19, 30, 311, 2, 16, 143, 1730 }, // U+F000F
    { 18, 16, 316, 1, 16, 72, 1873 }, // U+F0010
    { 34, 16, 586, 1, 16, 136, 1945 }, // U+F0011
    { 30, 16, 525, 1, 16, 120, 2081 }, // U+F0012
    { 31, 16, 525, 1, 16, 124, 2201 }, // U+F0013
    { 17, 16, 299, 1, 16, 68, 2325 }, // U+F0014
    { 17, 16, 315, 1, 16, 68, 2393 }, // U+F0015
    { 16, 30, 266, 0, 16, 120, 2461 }, // U+F0016
    { 18, 17, 316, 1, 17, 77, 2581 }, // U+F0017
    { 17, 17, 315, 1, 17, 73, 2658 }, // U+F0018
    { 18, 17, 316, 1, 17, 77, 2731 }, // U+F0019
    { 30, 16, 525, 1, 16, 120, 2808 }, // U+F001A
    { 18, 16, 316, 1, 16, 72, 2928 }, // U+F001B
    { 31, 16, 526, 1, 16, 124, 3000 }, // U+F001C
    { 20, 30, 322, 1, 16, 150, 3124 }, // U+F001D
    { 31, 16, 526, 1, 16, 124, 3274 }, // U+F001E
    { 17, 16, 315, 1, 16, 68, 3398 }, // U+F001F
    { 31, 16, 526, 1, 16, 124, 3466 }, // U+F0020
    { 30, 16, 525, 1, 16, 120, 3590 }, // U+F0021
    { 16, 30, 311, 1, 16, 120, 3710 }, // U+F0022
    { 29, 16, 498, 1, 16, 116, 3830 }, // U+F0023
    { 30, 17, 524, 1, 16, 128, 3946 }, // U+F0024
    { 30, 31, 513, 1, 16, 233, 4074 }, // U+F0025
    { 36, 43, 627, 1, 29, 387, 4307 }, // U+F0026
    { 16, 30, 309, 2, 16, 120, 4694 }, // U+F0027
    { 16, 44, 309, 2, 30, 176, 4814 }, // U+F0028
    { 16, 16, 295, 1, 16, 64, 4990 }, // U+F0029
    { 17, 30, 321, 2, 16, 128, 5054 }, // U+F002A
    { 36, 43, 639, 2, 29, 387, 5182 }, // U+F002B
    { 69, 44, 1144, 1, 30, 759, 5569 }, // U+F002C
    { 22, 43, 107, 2, 29, 237, 6328 }, // U+F002D
    { 11, 12, 0, -15, 0, 33, 6565 }, // U+F002E
    { 44, 16, 739, 1, 16, 176, 6598 }, // U+F002F
    { 17, 16, 304, 1, 16, 68, 6774 }, // U+F0030
    { 16, 16, 291, 1, 16, 64, 6842 }, // U+F0031
    { 16, 30, 315, 1, 16, 120, 6906 }, // U+F0032
    { 16, 30, 288, 1, 16, 120, 7026 }, // U+F0033
    { 16, 30, 288, 1, 16, 120, 7146 }, // U+F0034
    { 16, 30, 315, 1, 16, 120, 7266 }, // U+F0035
    { 18, 29, 336, 2, 29, 131, 7386 }, // U+F0036
    { 17, 30, 302, 1, 16, 128, 7517 }, // U+F0037
    { 17, 17, 304, 1, 16, 73, 7645 }, // U+F0038
    { 18, 30, 336, 2, 16, 135, 7718 }, // U+F0039
    { 4, 16, 126, 2, 16, 16, 7853 }, // U+F003A
    { 9, 16, 216, 2, 16, 36, 7869 }, // U+F003B
    { 16, 43, 311, 2, 29, 172, 7905 }, // U+F003C
    { 23, 43, 416, 1, 29, 248, 8077 }, // U+F003D
    { 16, 30, 308, 1, 16, 120, 8325 }, // U+F003E
    { 30, 29, 531, 1, 29, 218, 8445 }, // U+F003F
    { 17, 16, 312, 1, 16, 68, 8663 }, // U+F0040
    { 18, 16, 316, 1, 16, 72, 8731 }, // U+F0041
    { 17, 16, 309, 1, 16, 68, 8803 }, // U+F0042
    { 17, 16, 309, 1, 16, 68, 8871 }, // U+F0043
    { 17, 16, 308, 1, 16, 68, 8939 }, // U+F0044
    { 17, 16, 304, 1, 16, 68, 9007 }, // U+F0045
    { 15, 16, 172, -5, 16, 60, 9075 }, // U+F0046
    { 15, 16, 174, -5, 16, 60, 9135 }, // U+F0047
    { 13, 13, 0, -16, -1, 43, 9195 }, // U+F0048
    { 13, 13, 0, -16, -1, 43, 9238 }, // U+F0049
    { 16, 30, 288, 1, 16, 120, 9281 }, // U+F004A
    { 22, 30, 406, 1, 16, 165, 9401 }, // U+F004B
    { 17, 16, 312, 1, 16, 68, 9566 }, // U+F004C
    { 17, 30, 308, 1, 16, 128, 9634 }, // U+F004D
    { 15, 13, 0, -17, -1, 49, 9762 }, // U+F004E
    { 14, 13, 0, -16, -1, 46, 9811 }, // U+F004F
    { 13, 13, 0, -16, -1, 43, 9857 }, // U+F0050
    { 17, 30, 322, 1, 16, 128, 9900 }, // U+F0051
    { 8, 16, 157, 0, 16, 32, 10028 }, // U+F0052
    { 16, 30, 309, 2, 16, 120, 10060 }, // U+F0053
    { 11, 16, 187, 0, 16, 44, 10180 }, // U+F0054
    { 16, 16, 311, 2, 16, 64, 10224 }, // U+F0055
    { 17, 30, 305, 1, 16, 128, 10288 }, // U+F0056
    { 9, 16, 203, 1, 16, 36, 10416 }, // U+F0057
    { 9, 27, 157, 0, 27, 61, 10452 }, // U+F0058
    { 10, 16, 197, 1, 16, 40, 10513 }, // U+F0059
    { 9, 16, 203, 1, 16, 36, 10553 }, // U+F005A
    { 9, 16, 203, 1, 16, 36, 10589 }, // U+F005B
    { 10, 16, 203, 2, 16, 40, 10625 }, // U+F005C
    { 10, 16, 197, 1, 16, 40, 10665 }, // U+F005D
    { 34, 17, 585, 1, 16, 145, 10705 }, // U+F005E
    { 30, 30, 514, 1, 16, 225, 10850 }, // U+F005F
    { 30, 30, 515, 1, 16, 225, 11075 }, // U+F0060
    { 16, 6, 0, -17, 26, 24, 11300 }, // U+F0061
    { 12, 12, 0, -15, 30, 36, 11324 }, // U+F0062
    { 17, 10, 0, -17, 28, 43, 11360 }, // U+F0063
    { 17, 10, 0, -17, 28, 43, 11403 }, // U+F0064
    { 17, 17, 311, 1, 16, 73, 11446 }, // U+F0065
    { 18, 17, 314, 1, 17, 77, 11519 }, // U+F0066
    { 17, 16, 315, 1, 16, 68, 11596 }, // U+F0067
    { 30, 16, 525, 1, 16, 120, 11664 }, // U+F0068
    { 31, 16, 526, 1, 16, 124, 11784 }, // U+F0069
    { 30, 30, 515, 1, 16, 225, 11908 }, // U+F006A
    { 31, 16, 526, 1, 16, 124, 12133 }, // U+F006B
    { 30, 16, 527, 1, 16, 120, 12257 }, // U+F006C
    { 30, 16, 526, 1, 16, 120, 12377 }, // U+F006D
    { 29, 30, 513, 1, 16, 218, 12497 }, // U+F006E
    { 18, 17, 316, 1, 17, 77, 12715 }, // U+F006F
    { 31, 16, 525, 1, 16, 124, 12792 }, // U+F0070
    { 17, 30, 305, 1, 16, 128, 12916 }, // U+F0071
    { 12, 13, 0, -13, -1, 39, 13044 }, // U+F0072
    { 11, 30, 157, 0, 16, 83, 13083 }, // U+F0073
    { 16, 16, 276, 1, 16, 64, 13166 }, // U+F0074
    { 11, 12, 0, -14, 30, 33, 13230 }, // U+F0075
    { 9, 11, 0, -12, 29, 25, 13263 }, // U+F0076
    { 8, 10, 162, 1, 6, 20, 13288 }, // U+F0077
    { 8, 20, 161, 1, 16, 40, 13308 }, // U+F0078
    { 8, 6, 161, 1, 6, 12, 13348 }, // U+F0079
    { 12, 16, 203, 1, 16, 48, 13360 }, // U+F007A
    { 8, 6, 161, 1, 11, 12, 13408 }, // U+F007B
    { 17, 6, 305, 1, 11, 26, 13420 }, // U+F007C
    { 15, 3, 0, -17, -2, 12, 13446 }, // U+F007D
    { 17, 16, 314, 1, 16, 68, 13458 }, // U+F007E
    { 8, 20, 161, 1, 16, 40, 13526 }, // U+F007F
    { 18, 30, 355, 2, 16, 135, 13566 }, // U+F0080
    { 17, 30, 302, 1, 16, 128, 13701 }, // U+F0081
    { 17, 30, 316, 2, 16, 128, 13829 }, // U+F0082
    { 20, 30, 336, 0, 16, 150, 13957 }, // U+F0083
    { 22, 31, 343, 0, 16, 171, 14107 }, // U+F0084
    { 20, 30, 335, 1, 16, 150, 14278 }, // U+F0085
    { 20, 30, 335, 1, 16, 150, 14428 }, // U+F0086
    { 16, 30, 259, 0, 16, 120, 14578 }, // U+F0087
    { 17, 30, 305, 1, 16, 128, 14698 }, // U+F0088
    { 17, 30, 305, 1, 16, 128, 14826 }, // U+F0089
    { 8, 7, 161, 1, 16, 14, 14954 }, // U+F008A
    { 8, 10, 162, 1, 26, 20, 14968 }, // U+F008B
    { 12, 16, 203, 1, 16, 48, 14988 }, // U+F008C
    { 13, 19, 0, -15, 29, 62, 15036 }, // U+F008D
    { 11, 40, 157, 0, 26, 110, 15098 }, // U+F008E
    { 25, 43, 445, 1, 29, 269, 0 }, // U+F008F
    { 26, 29, 125, -9, 29, 189, 269 }, // U+F0090
    { 11, 12, 0, -15, 29, 33, 458 }, // U+F0091
    { 15, 13, 0, -17, -1, 49, 491 }, // U+F0092
    { 20, 12, 0, -20, -2, 60, 540 }, // U+F0093
    { 18, 13, 0, -22, 30, 59, 600 }, // U+F0094
    { 17, 12, 0, -16, 29, 51, 659 }, // U+F0095
    { 13, 13, 0, -13, 30, 43, 710 }, // U+F0096
    { 14, 12, 0, -13, 29, 42, 753 }, // U+F0097
    { 17, 13, 0, -13, 30, 56, 795 }, // U+F0098
    { 24, 12, 0, -17, 29, 72, 851 }, // U+F0099
    { 17, 12, 0, -17, 29, 51, 923 }, // U+F009A
    { 17, 12, 0, -17, 29, 51, 974 }, // U+F009B
    { 19, 13, 0, -17, 30, 62, 1025 }, // U+F009C
    { 7, 12, 0, -13, 29, 21, 1087 }, // U+F009D
    { 20, 13, 0, -19, 30, 65, 1108 }, // U+F009E
    { 20, 12, 0, -19, 29, 60, 1173 }, // U+F009F
    { 20, 12, 0, -19, 29, 60, 1233 }, // U+F00A0
    { 11, 12, 0, -15, 29, 33, 1293 }, // U+F00A1
    { 22, 43, 107, 2, 29, 237, 1326 }, // U+F00A2
    { 36, 43, 107, 2, 29, 387, 1563 }, // U+F00A3
    { 22, 43, 107, 2, 29, 237, 1950 }, // U+F00A4
    { 35, 43, 107, 2, 29, 377, 2187 }, // U+F00A5
    { 36, 43, 107, 2, 29, 387, 2564 }, // U+F00A6
    { 22, 43, 107, 2, 29, 237, 2951 }, // U+F00A7
    { 36, 43, 107, 2, 29, 387, 3188 }, // U+F00A8
    { 22, 43, 107, 2, 29, 237, 3575 }, // U+F00A9
    { 36, 43, 107, 2, 29, 387, 3812 }, // U+F00AA
    { 36, 43, 107, 2, 29, 387, 4199 }, // U+F00AB
    { 36, 43, 107, 2, 29, 387, 4586 }, // U+F00AC
    { 9, 43, 107, 2, 29, 97, 4973 }, // U+F00AD
    { 22, 43, 107, 2, 29, 237, 5070 }, // U+F00AE
    { 9, 43, 107, 2, 29, 97, 5307 }, // U+F00AF
    { 18, 43, 107, 2, 29, 194, 5404 }, // U+F00B0
    { 7, 13, 0, -11, -1, 23, 5598 }, // U+F00B1
    { 7, 30, 122, 2, 16, 53, 5621 }, // U+F00B2
    { 23, 13, 0, -21, -1, 75, 5674 }, // U+F00B3
    { 17, 10, 0, -18, -1, 43, 5749 }, // U+F00B4
    { 13, 13, 0, -16, -1, 43, 5792 }, // U+F00B5
    { 10, 10, 0, -14, -1, 25, 5835 }, // U+F00B6
    { 13, 14, 0, -16, 0, 46, 5860 }, // U+F00B7
    { 10, 11, 0, -14, 0, 28, 5906 }, // U+F00B8
    { 23, 13, 0, -21, -1, 75, 5934 }, // U+F00B9
    { 17, 9, 0, -18, -2, 39, 6009 }, // U+F00BA
    { 13, 13, 0, -16, -1, 43, 6048 }, // U+F00BB
    { 9, 10, 0, -14, -1, 23, 6091 }, // U+F00BC
    { 13, 13, 0, -16, -1, 43, 6114 }, // U+F00BD
    { 11, 10, 0, -15, -1, 28, 6157 }, // U+F00BE
    { 23, 13, 0, -21, -1, 75, 6185 }, // U+F00BF
    { 17, 10, 0, -18, -1, 43, 6260 }, // U+F00C0
    { 14, 13, 0, -16, -1, 46, 6303 }, // U+F00C1
    { 11, 10, 0, -15, -1, 28, 6349 }, // U+F00C2
    { 22, 32, 125, -16, 16, 176, 6377 }, // U+F00C3
    { 16, 30, 309, 2, 16, 120, 6553 }, // U+F00C4
    { 22, 13, 0, -20, -1, 72, 6673 }, // U+F00C5
    { 18, 9, 0, -18, -2, 41, 6745 }, // U+F00C6
    { 16, 30, 309, 2, 16, 120, 6786 }, // U+F00C7
    { 29, 30, 518, 2, 16, 218, 6906 }, // U+F00C8
    { 16, 30, 311, 1, 16, 120, 7124 }, // U+F00C9
    { 22, 13, 0, -20, -1, 72, 7244 }, // U+F00CA
    { 16, 9, 0, -17, -2, 36, 7316 }, // U+F00CB
    { 20, 30, 311, 1, 16, 150, 7352 }, // U+F00CC
    { 16, 30, 308, 1, 16, 120, 7502 }, // U+F00CD
    { 20, 30, 311, 1, 16, 150, 7622 }, // U+F00CE
    { 23, 15, 0, -22, -2, 87, 7772 }, // U+F00CF
    { 17, 11, 0, -17, -2, 47, 7859 }, // U+F00D0
    { 24, 13, 0, -21, -2, 78, 7906 }, // U+F00D1
    { 18, 10, 0, -18, -2, 45, 7984 }, // U+F00D2
    { 19, 30, 311, 2, 16, 143, 8029 }, // U+F00D3
    { 17, 30, 305, 1, 16, 128, 8172 }, // U+F00D4
    { 11, 12, 0, -14, -2, 33, 8300 }, // U+F00D5
    { 18, 10, 0, -19, -1, 45, 8333 }, // U+F00D6
    { 13, 13, 0, -16, -1, 43, 8378 }, // U+F00D7
    { 11, 9, 0, -15, -2, 25, 8421 }, // U+F00D8
    { 34, 30, 586, 1, 16, 255, 8446 }, // U+F00D9
    { 34, 31, 586, 1, 16, 264, 8701 }, // U+F00DA
    { 34, 31, 586, 1, 16, 264, 8965 }, // U+F00DB
    { 27, 13, 0, -23, -1, 88, 9229 }, // U+F00DC
    { 20, 10, 0, -19, -1, 50, 9317 }, // U+F00DD
    { 23, 13, 0, -21, -1, 75, 9367 }, // U+F00DE
    { 17, 10, 0, -18, -1, 43, 9442 }, // U+F00DF
    { 23, 13, 0, -21, -1, 75, 9485 }, // U+F00E0
    { 17, 10, 0, -18, -1, 43, 9560 }, // U+F00E1
    { 12, 13, 0, -16, -1, 39, 9603 }, // U+F00E2
    { 9, 10, 0, -14, -1, 23, 9642 }, // U+F00E3
    { 13, 13, 0, -16, -1, 43, 9665 }, // U+F00E4
    { 10, 10, 0, -14, -1, 25, 9708 }, // U+F00E5
    { 18, 17, 294, 0, 16, 77, 9733 }, // U+F00E6
    { 12, 14, 0, -15, -1, 42, 9810 }, // U+F00E7
    { 9, 11, 0, -14, -1, 25, 9852 }, // U+F00E8
    { 13, 13, 0, -16, -1, 43, 9877 }, // U+F00E9
    { 10, 10, 0, -14, -1, 25, 9920 }, // U+F00EA
    { 13, 13, 0, -16, -1, 43, 9945 }, // U+F00EB
    { 10, 10, 0, -14, -1, 25, 9988 }, // U+F00EC
    { 13, 13, 0, -16, -1, 43, 10013 }, // U+F00ED
    { 10, 9, 0, -14, -2, 23, 10056 }, // U+F00EE
    { 22, 13, 0, -20, -1, 72, 10079 }, // U+F00EF
    { 17, 10, 0, -18, -1, 43, 10151 }, // U+F00F0
    { 13, 13, 0, -16, -1, 43, 10194 }, // U+F00F1
    { 10, 10, 0, -14, -1, 25, 10237 }, // U+F00F2
    { 23, 13, 0, -21, -1, 75, 10262 }, // U+F00F3
    { 17, 10, 0, -18, -1, 43, 10337 }, // U+F00F4
    { 17, 30, 317, 1, 16, 128, 10380 }, // U+F00F5
    { 16, 13, 0, -17, -1, 52, 10508 }, // U+F00F6
    { 13, 10, 0, -15, -1, 33, 10560 }, // U+F00F7
    { 23, 13, 0, -21, -1, 75, 10593 }, // U+F00F8
    { 17, 10, 0, -18, -1, 43, 10668 }, // U+F00F9
    { 22, 13, 0, -20, -1, 72, 10711 }, // U+F00FA
    { 16, 10, 0, -17, -1, 40, 10783 }, // U+F00FB
    { 23, 13, 0, -21, -1, 75, 10823 }, // U+F00FC
    { 17, 10, 0, -18, -1, 43, 10898 }, // U+F00FD
    { 16, 30, 311, 1, 16, 120, 10941 }, // U+F00FE
    { 24, 13, 0, -22, -2, 78, 11061 }, // U+F00FF
    { 19, 10, 0, -19, -2, 48, 11139 }, // U+F0100
    { 22, 13, 0, -21, -1, 72, 11187 }, // U+F0101
    { 17, 10, 0, -18, -1, 43, 11259 }, // U+F0102
    { 23, 14, 0, -21, -1, 81, 11302 }, // U+F0103
    { 17, 11, 0, -18, -1, 47, 11383 }, // U+F0104
    { 13, 13, 0, -16, -1, 43, 11430 }, // U+F0105
    { 9, 9, 0, -14, -2, 21, 11473 }, // U+F0106
    { 32, 13, 0, -25, -1, 104, 11494 }, // U+F0107
    { 24, 10, 0, -21, -1, 60, 11598 }, // U+F0108
    { 13, 13, 0, -16, -1, 43, 11658 }, // U+F0109
    { 11, 10, 0, -15, -1, 28, 11701 }, // U+F010A
    { 17, 30, 308, 1, 16, 128, 11729 }, // U+F010B
    { 20, 30, 308, 1, 16, 150, 11857 }, // U+F010C
    { 13, 13, 0, -16, -1, 43, 12007 }, // U+F010D
    { 11, 9, 0, -15, -2, 25, 12050 }, // U+F010E
    { 13, 13, 0, -16, -1, 43, 12075 }, // U+F010F
    { 10, 9, 0, -14, -2, 23, 12118 }, // U+F0110
    { 13, 13, 0, -16, -1, 43, 12141 }, // U+F0111
    { 11, 9, 0, -15, -2, 25, 12184 }, // U+F0112
    { 10, 13, 0, -14, -1, 33, 12209 }, // U+F0113
    { 7, 10, 0, -13, -1, 18, 12242 }, // U+F0114
    { 22, 30, 0, -16, 16, 165, 12260 }, // U+F0115
    { 13, 9, 0, -16, -2, 30, 12425 }, // U+F0116
    { 14, 12, 0, -16, -2, 42, 12455 }, // U+F0117
    { 11, 10, 0, -15, -1, 28, 12497 }, // U+F0118
    { 13, 12, 0, -16, -2, 39, 12525 }, // U+F0119
    { 10, 11, 0, -14, 0, 28, 12564 }, // U+F011A
    { 11, 9, 0, -15, -1, 25, 12592 }, // U+F011B
    { 11, 9, 0, -15, -1, 25, 12617 }, // U+F011C
    { 9, 10, 0, -15, 0, 23, 12642 }, // U+F011D
    { 13, 13, 0, -16, -1, 43, 12665 }, // U+F011E
    { 11, 10, 0, -15, -1, 28, 12708 }, // U+F011F
    { 12, 13, 0, -15, -1, 39, 12736 }, // U+F0120
    { 10, 10, 0, -14, -1, 25, 12775 }, // U+F0121
    { 13, 13, 0, -16, -1, 43, 12800 }, // U+F0122
    { 10, 10, 0, -14, -1, 25, 12843 }, // U+F0123
    { 28, 14, 0, -23, -1, 98, 12868 }, // U+F0124
    { 22, 11, 0, -20, -1, 61, 12966 }, // U+F0125
    { 23, 13, 0, -21, -1, 75, 13027 }, // U+F0126
    { 17, 11, 0, -18, 0, 47, 13102 }, // U+F0127
    { 23, 13, 0, -21, -1, 75, 13149 }, // U+F0128
    { 17, 11, 0, -18, 0, 47, 13224 }, // U+F0129
    { 13, 14, 0, -16, -1, 46, 13271 }, // U+F012A
    { 11, 11, 0, -15, -1, 31, 13317 }, // U+F012B
    { 13, 13, 0, -16, -1, 43, 13348 }, // U+F012C
    { 10, 10, 0, -14, -1, 25, 13391 }, // U+F012D
    { 13, 14, 0, -16, -1, 46, 13416 }, // U+F012E
    { 10, 11, 0, -14, -1, 28, 13462 }, // U+F012F
    { 23, 13, 0, -21, -1, 75, 13490 }, // U+F0130
    { 17, 10, 0, -18, -1, 43, 13565 }, // U+F0131
    { 23, 13, 0, -21, -1, 75, 13608 }, // U+F0132
    { 17, 10, 0, -18, -1, 43, 13683 }, // U+F0133
    { 23, 13, 0, -21, -1, 75, 13726 }, // U+F0134
    { 17, 11, 0, -18, 0, 47, 13801 }, // U+F0135
    { 23, 13, 0, -21, -1, 75, 13848 }, // U+F0136
    { 17, 10, 0, -18, -1, 43, 13923 }, // U+F0137
    { 22, 13, 0, -20, -1, 72, 13966 }, // U+F0138
    { 17, 10, 0, -18, -1, 43, 14038 }, // U+F0139
    { 23, 13, 0, -21, -1, 75, 14081 }, // U+F013A
    { 17, 10, 0, -18, -1, 43, 14156 }, // U+F013B
    { 23, 13, 0, -21, -1, 75, 14199 }, // U+F013C
    { 17, 11, 0, -18, 0, 47, 14274 }, // U+F013D
    { 13, 13, 0, -16, -1, 43, 14321 }, // U+F013E
    { 10, 10, 0, -14, -1, 25, 14364 }, // U+F013F
    { 22, 13, 0, -20, -1, 72, 14389 }, // U+F0140
    { 17, 10, 0, -18, -1, 43, 14461 }, // U+F0141
    { 13, 13, 0, -16, -1, 43, 14504 }, // U+F0142
    { 10, 11, 0, -14, 0, 28, 14547 }, // U+F0143
    { 13, 13, 0, -16, -1, 43, 14575 }, // U+F0144
    { 10, 10, 0, -14, -1, 25, 14618 }, // U+F0145
    { 11, 12, 0, -13, -2, 33, 14643 }, // U+F0146
    { 13, 30, 215, 2, 16, 98, 14676 }, // U+F0147
    { 18, 12, 0, -22, 0, 54, 14774 }, // U+F0148
    { 22, 30, 120, -16, 16, 165, 14828 }, // U+F0149
    { 12, 30, 120, -6, 16, 90, 14993 }, // U+F014A
    { 27, 32, 120, -21, 16, 216, 0 }, // U+F014B
    { 22, 32, 120, -16, 16, 176, 216 }, // U+F014C
    { 13, 29, 125, -7, 29, 95, 392 }, // U+F014D
    { 17, 16, 212, -5, 16, 68, 487 }, // U+F014E
    { 12, 12, 0, -15, 30, 36, 555 }, // U+F014F
    { 12, 12, 0, -15, 30, 36, 591 }, // U+F0150
    { 5, 7, 0, -13, -2, 9, 627 }, // U+F0151
    { 16, 16, 288, 1, 16, 64, 636 }, // U+F0152
    { 8, 8, 0, -12, 25, 16, 700 }, // U+F0153
    { 13, 12, 0, -16, 30, 39, 716 }, // U+F0154
    { 8, 8, 0, -14, 25, 16, 755 }, // U+F0155
    { 12, 12, 0, -15, 30, 36, 771 }, // U+F0156
    { 7, 6, 0, -13, 24, 11, 807 }, // U+F0157
    { 7, 6, 0, -13, -3, 11, 818 }, // U+F0158
    { 8, 16, 161, 1, 16, 32, 829 }, // U+F0159
    { 10, 9, 0, -14, -3, 23, 861 }, // U+F015A
    { 11, 13, 0, -15, 30, 36, 884 }, // U+F015B
    { 11, 30, 120, -5, 16, 83, 920 }, // U+F015C
    { 11, 13, 0, -15, -1, 36, 1003 }, // U+F015D
    { 7, 13, 0, -14, -1, 23, 1039 }, // U+F015E
    { 7, 7, 0, -15, -1, 13, 1062 }, // U+F015F
    { 11, 12, 0, -15, 29, 33, 1075 }, // U+F0160
    { 7, 12, 0, -13, 30, 21, 1108 }, // U+F0161
    { 15, 15, 277, 1, 16, 57, 1129 }, // U+F0162
    { 9, 5, 0, -13, -4, 12, 1186 }, // U+F0163
    { 17, 12, 0, -16, 29, 51, 1198 }, // U+F0164
    { 24, 12, 0, -17, 29, 72, 1249 }, // U+F0165
    { 26, 12, 0, -22, 0, 78, 1321 }, // U+F0166
    { 19, 12, 0, -15, 0, 57, 1399 }, // U+F0167
    { 20, 13, 0, -17, -1, 65, 1456 }, // U+F0168
    { 24, 12, 0, -20, -2, 72, 1521 }, // U+F0169
    { 15, 13, 0, -14, -1, 49, 1593 }, // U+F016A
    { 16, 12, 0, -12, -2, 48, 1642 }, // U+F016B
    { 11, 13, 0, -7, -1, 36, 1690 }, // U+F016C
    { 11, 30, 219, 2, 16, 83, 1726 }, // U+F016D
    { 17, 30, 312, 2, 16, 128, 1809 }, // U+F016E
    { 8, 6, 94, -2, -3, 12, 1937 }, // U+F016F
    { 17, 15, 0, -18, -1, 64, 1949 }, // U+F0170
    { 22, 20, 0, -23, -1, 110, 2013 }, // U+F0171
    { 8, 6, 121, 0, -3, 12, 2123 }, // U+F0172
    { 22, 43, 107, 2, 29, 237, 2135 }, // U+F0173
    { 36, 43, 107, 2, 29, 387, 2372 }, // U+F0174
    { 22, 43, 107, 2, 29, 237, 2759 }, // U+F0175
    { 35, 43, 107, 2, 29, 377, 2996 }, // U+F0176
    { 0, 0, 0, 0, 0, 0, 3373 }, // U+F0177
    { 0, 0, 0, 0, 0, 0, 3373 }, // U+F0178
    { 18, 13, 0, -22, -1, 59, 3373 }, // U+F0179
    { 14, 13, 0, -21, -1, 46, 3432 }, // U+F017A
    { 20, 12, 0, -20, -2, 60, 3478 }, // U+F017B
    { 15, 13, 0, -15, -1, 49, 3538 }, // U+F017C
    { 11, 13, 0, -18, -1, 36, 3587 }, // U+F017D
    { 18, 13, 0, -20, -1, 59, 3623 }, // U+F017E
    { 23, 13, 0, -23, -1, 75, 3682 }, // U+F017F
    { 15, 35, 125, -7, 35, 132, 3757 }, // U+F0180
    { 17, 36, 125, -7, 36, 153, 3889 }, // U+F0181
    { 17, 26, 317, 1, 16, 111, 4042 }, // U+F0182
    { 11, 12, 0, -15, 29, 33, 4153 }, // U+F0183
    { 16, 30, 120, -10, 16, 120, 4186 }, // U+F0184
    { 20, 13, 0, -22, -1, 65, 4306 }, // U+F0185
    { 25, 13, 0, -25, -1, 82, 4371 }, // U+F0186
    { 22, 20, 0, -23, -1, 110, 4453 }, // U+F0187
    { 17, 15, 0, -18, -1, 64, 4563 }, // U+F0188
    { 39, 43, 107, 2, 29, 420, 4627 }, // U+F0189
    { 39, 43, 107, 2, 29, 420, 5047 }, // U+F018A
    { 22, 43, 107, 2, 29, 237, 5467 }, // U+F018B
    { 35, 43, 107, 2, 29, 377, 5704 }, // U+F018C
    { 22, 43, 107, 2, 29, 237, 6081 }, // U+F018D
    { 35, 43, 107, 2, 29, 377, 6318 }, // U+F018E
    { 18, 13, 0, -22, -1, 59, 6695 }, // U+F018F
    { 18, 14, 0, -22, 0, 63, 6754 }, // U+F0190
    { 22, 43, 107, 2, 29, 237, 6817 }, // U+F0191
    { 35, 43, 107, 2, 29, 377, 7054 }, // U+F0192
    { 22, 43, 107, 2, 29, 237, 7431 }, // U+F0193
    { 35, 43, 107, 2, 29, 377, 7668 }, // U+F0194
    { 39, 43, 107, 2, 29, 420, 8045 }, // U+F0195
    { 39, 43, 107, 2, 29, 420, 8465 }, // U+F0196
    { 39, 43, 107, 2, 29, 420, 8885 }, // U+F0197
    { 27, 33, 120, -21, 16, 223, 9305 }, // U+F0198
    { 21, 33, 120, -15, 16, 174, 9528 }, // U+F0199
    { 39, 43, 107, 2, 29, 420, 9702 }, // U+F019A
    { 39, 43, 107, 2, 29, 420, 10122 }, // U+F019B
    { 39, 43, 107, 2, 29, 420, 10542 }, // U+F019C
    { 28, 43, 107, 2, 29, 301, 10962 }, // U+F019D
    { 39, 43, 107, 2, 29, 420, 11263 }, // U+F019E
    { 39, 43, 107, 2, 29, 420, 11683 }, // U+F019F
    { 26, 43, 107, 2, 29, 280, 12103 }, // U+F01A0
    { 49, 43, 107, 2, 29, 527, 12383 }, // U+F01A1
    { 49, 43, 107, 2, 29, 527, 12910 }, // U+F01A2
    { 49, 43, 107, 2, 29, 527, 13437 }, // U+F01A3
    { 35, 43, 107, 2, 29, 377, 13964 }, // U+F01A4
    { 28, 43, 107, 2, 29, 301, 14341 }, // U+F01A5
    { 28, 43, 107, 2, 29, 301, 14642 }, // U+F01A6
    { 28, 43, 107, 2, 29, 301, 14943 }, // U+F01A7
    { 15, 43, 107, 2, 29, 162, 15244 }, // U+F01A8
    { 22, 43, 107, 2, 29, 237, 0 }, // U+F01A9
    { 28, 43, 107, 2, 29, 301, 237 }, // U+F01AA
    { 39, 43, 107, 2, 29, 420, 538 }, // U+F01AB
    { 49, 43, 107, 2, 29, 527, 958 }, // U+F01AC
    { 49, 43, 107, 2, 29, 527, 1485 }, // U+F01AD
    { 28, 43, 107, 2, 29, 301, 2012 }, // U+F01AE
    { 12, 36, 120, -6, 16, 108, 2313 }, // U+F01AF
    { 39, 43, 107, 2, 29, 420, 2421 }, // U+F01B0
    { 22, 43, 107, 2, 29, 237, 2841 }, // U+F01B1
    { 49, 43, 107, 2, 29, 527, 3078 }, // U+F01B2
    { 35, 43, 107, 2, 29, 377, 3605 }, // U+F01B3
    { 11, 43, 107, 2, 29, 119, 3982 }, // U+F01B4
    { 28, 43, 107, 2, 29, 301, 4101 }, // U+F01B5
    { 28, 43, 107, 2, 29, 301, 4402 }, // U+F01B6
    { 28, 43, 107, 2, 29, 301, 4703 }, // U+F01B7
    { 28, 43, 107, 2, 29, 301, 5004 }, // U+F01B8
    { 28, 43, 107, 2, 29, 301, 5305 }, // U+F01B9
    { 49, 43, 107, 2, 29, 527, 5606 }, // U+F01BA
    { 49, 43, 107, 2, 29, 527, 6133 }, // U+F01BB
    { 49, 43, 107, 2, 29, 527, 6660 }, // U+F01BC
    { 49, 43, 107, 2, 29, 527, 7187 }, // U+F01BD
    { 49, 43, 107, 2, 29, 527, 7714 }, // U+F01BE
    { 49, 43, 107, 2, 29, 527, 8241 }, // U+F01BF
    { 28, 43, 107, 2, 29, 301, 8768 }, // U+F01C0
    { 20, 30, 372, 1, 16, 150, 9069 }, // U+F01C1
    { 17, 26, 356, 1, 16, 111, 9219 }, // U+F01C2
    { 7, 30, 167, 2, 16, 53, 9330 }, // U+F01C3
    { 13, 30, 261, 2, 16, 98, 9383 }, // U+F01C4
    { 11, 30, 253, 2, 16, 83, 9481 }, // U+F01C5
    { 17, 30, 347, 2, 16, 128, 9564 }, // U+F01C6
    { 8, 6, 140, -2, -3, 12, 9692 }, // U+F01C7
    { 7, 6, 0, -13, -3, 11, 9704 }, // U+F01C8
    { 18, 43, 107, 2, 29, 194, 9715 }, // U+F01C9
    { 17, 22, 279, 1, 16, 94, 9909 }, // U+F01CA
    { 17, 30, 356, 1, 16, 128, 10003 }, // U+F01CB
    { 22, 32, 120, -16, 16, 176, 10131 }, // U+F01CC
    { 7, 6, 0, -13, -3, 11, 10307 }, // U+F01CD
    { 0, 0, 14, 0, 0, 0, 10318 }, // U+F01CE
    { 0, 0, 23, 0, 0, 0, 10318 }, // U+F01CF
    { 0, 0, 35, 0, 0, 0, 10318 }, // U+F01D0
    { 0, 0, 42, 0, 0, 0, 10318 }, // U+F01D1
    { 0, 0, 47, 0, 0, 0, 10318 }, // U+F01D2
    { 0, 0, 56, 0, 0, 0, 10318 }, // U+F01D3
    { 0, 0, 63, 0, 0, 0, 10318 }, // U+F01D4
    { 0, 0, 70, 0, 0, 0, 10318 }, // U+F01D5
    { 0, 0, 79, 0, 0, 0, 10318 }, // U+F01D6
    { 0, 0, 86, 0, 0, 0, 10318 }, // U+F01D7
    { 0, 0, 93, 0, 0, 0, 10318 }, // U+F01D8
    { 0, 0, 117, 0, 0, 0, 10318 }, // U+F01D9
    { 0, 0, 163, 0, 0, 0, 10318 }, // U+F01DA
    { 0, 0, 0, 0, 0, 0, 10318 }, // U+F01DB
    { 0, 0, 0, 0, 0, 0, 10318 }, // U+F01DC
    { 42, 30, 728, 2, 16, 315, 10318 }, // U+F01DD
};

static const EpdUnicodeInterval myanmar_14_regularIntervals[] = {
    { 0x1000, 0x109F, 0x0 },
    { 0x200C, 0x200D, 0xA0 },
    { 0x25CC, 0x25CC, 0xA2 },
    { 0xF0000, 0xF01DD, 0xA3 },
};

static const EpdFontGroup myanmar_14_regularGroups[] = {
    { 0, 5979, 16267, 151, 0 },
    { 5979, 366, 999, 9, 151 },
    { 6345, 2, 0, 2, 160 },
    { 6347, 5926, 16361, 144, 162 },
    { 12273, 5740, 16305, 188, 306 },
    { 18013, 2437, 16158, 94, 494 },
    { 20450, 999, 11172, 53, 588 },
};

static BuiltinShapingFace myanmar_14_regularShaping = {
    myanmarLayout,
    sizeof(myanmarLayout),
    0x7575106B,
    1867,
    &myanmar_14_regularGlyphs[163],
    478,
    nullptr,
};

static constexpr EpdFontData myanmar_14_regular = {
    myanmar_14_regularBitmaps,
    myanmar_14_regularGlyphs,
    myanmar_14_regularIntervals,
    4,
    64,
    39,
    -26,
    true,
    myanmar_14_regularGroups,
    7,
    nullptr,
    nullptr,
    nullptr,
    nullptr,
    nullptr,
    nullptr,
    nullptr,
    nullptr,
    nullptr,
    nullptr,
    nullptr,
    0,
    0,
    0,
    0,
    nullptr,
    0,
    nullptr,  // glyphMissHandler
    nullptr,  // glyphMissCtx
    nullptr,  // coverageHandler
    &builtinShaping::shape,
    &myanmar_14_regularShaping,
};
