/**
 * generated by fontconvert.py
 * name: sinhala_10_regular
 * size: 10
 * mode: 2-bit  compressed: true
 * Command used: fontconvert.py sinhala_10_regular 10 ../builtinFonts/source/NotoSansSinhala/NotoSansSinhala-Regular.ttf --no-default-intervals --additional-intervals 0x0D80,0x0DFF --additional-intervals 0x0964,0x0965 --additional-intervals 0x200C,0x200D --additional-intervals 0x25CC,0x25CC --shaping-font ../builtinFonts/source/NotoSansSinhala/NotoSansSinhala-Regular.ttf --shaping-scripts sinhala --shaping-layout-symbol sinhalaLayout --shaping-layout-header sinhala_layout.h --shaping-layout-font ../builtinFonts/source/NotoSansSinhala/NotoSansSinhala-Regular.ttf --2bit --compress --pnum --darken-aa --zopfli --max-group-bytes 16384
 */
#pragma once
#include "EpdFontData.h"

#include "BuiltinShaping.h"
#include "sinhala_layout.h"

static const uint8_t sinhala_10_regularBitmaps[13111] = {
    0x9D, 0x98, 0x01, 0x88, 0x24, 0xC7, 0x75, 0x86, 0xBF, 0xEE, 0xD6, 0xBA, 0x13, 0x35, 0xE9, 0xBA,
    0xC0, 0x25, 0x11, 0x96, 0x76, 0xDB, 0x00, 0x01, 0xC7, 0x9E, 0xBD, 0x31, 0xE0, 0x84, 0xB1, 0xA9,
    0x9D, 0xE9, 0x58, 0x21, 0x06, 0x44, 0xD0, 0x11, 0xAC, 0x04, 0x2C, 0x6C, 0x05, 0x02, 0x00, 0x71,
    0xAC, 0x35, 0xB0, 0x49, 0x96, 0x64, 0x75, 0x5B, 0xB6, 0x0C, 0x01, 0x0E, 0x74, 0x06, 0x74, 0x4A,
    0x70, 0x08, 0x0E, 0x04, 0x3B, 0x58, 0x17, 0x7B, 0x26, 0xF1, 0xC8, 0xD9, 0x84, 0xBD, 0xED, 0xC6,
    0x26, 0x16, 0x44, 0x80, 0xDA, 0x04, 0x08, 0x10, 0x92, 0x2B, 0x9D, 0x7C, 0x76, 0x7C, 0xE7, 0xE8,
    0xEA, 0xEE, 0x5A, 0xD6, 0xDC, 0xEC, 0x4C, 0x57, 0xAA, 0xBA, 0x07, 0x69, 0xED, 0x0B, 0x46, 0xB8,
    0x67, 0xEB, 0x75, 0x2F, 0xB3, 0xFD, 0xFD, 0xAF, 0xAA, 0xDE, 0xAB, 0x57, 0xB5, 0xF0, 0xEA, 0x1F,
    0xDE, 0x39, 0xBC, 0x7B, 0x38, 0x32, 0x01, 0x80, 0x98, 0x31, 0xDC, 0xC6, 0x24, 0xB9, 0x89, 0x94,
    0xFF, 0x49, 0xF2, 0xA7, 0xFA, 0xF4, 0x17, 0x04, 0x39, 0x30, 0x52, 0xF3, 0x4A, 0xEB, 0x1F, 0xEA,
    0xFD, 0x72, 0x6D, 0xF5, 0x7C, 0x5C, 0x8D, 0x14, 0xC5, 0xC3, 0x2A, 0xBA, 0x71, 0x53, 0x25, 0xF9,
    0x51, 0x09, 0x52, 0x27, 0x76, 0x66, 0x46, 0x17, 0xF7, 0x4C, 0xCD, 0x48, 0x1B, 0xB6, 0xD0, 0x0C,
    0x30, 0xAE, 0x1D, 0xF0, 0x01, 0xD5, 0xBF, 0x5E, 0x94, 0xEF, 0xB0, 0x4B, 0x60, 0xF0, 0xA3, 0xCD,
    0x3E, 0xAD, 0xC0, 0x51, 0xCE, 0xCF, 0x70, 0x9C, 0x7F, 0x3D, 0xC2, 0x93, 0x04, 0x9E, 0x15, 0xE7,
    0x9E, 0x16, 0x29, 0xCF, 0x8B, 0x94, 0x27, 0x46, 0xCA, 0x31, 0x9D, 0xF5, 0xD4, 0x38, 0xF7, 0x5C,
    0x81, 0x23, 0x7F, 0xEB, 0x32, 0x8E, 0x9D, 0xD4, 0x2B, 0xEA, 0xBD, 0xD6, 0x79, 0xDA, 0xA9, 0x38,
    0xDB, 0x79, 0xEB, 0x55, 0x68, 0x55, 0xC0, 0xA9, 0x1C, 0x5B, 0xAF, 0xF2, 0xCA, 0x76, 0xEE, 0x55,
    0x3A, 0xCF, 0x6B, 0xEF, 0x7B, 0x58, 0x79, 0xEF, 0x9F, 0x2E, 0xBD, 0xCA, 0x8B, 0x79, 0xAB, 0xD2,
    0x32, 0x3B, 0x1B, 0x7D, 0x3B, 0x77, 0x36, 0xB0, 0xCA, 0x59, 0x4E, 0xFF, 0x24, 0x95, 0x63, 0xEB,
    0x55, 0x6E, 0x6D, 0xE3, 0xFB, 0x72, 0x80, 0x53, 0x09, 0xB5, 0x57, 0x89, 0xAC, 0x57, 0x09, 0xF6,
    0x39, 0x60, 0xA0, 0x6A, 0xAF, 0xF2, 0xCD, 0xF2, 0xC7, 0x55, 0xE2, 0x6F, 0x7B, 0x1B, 0x5A, 0x3A,
    0x95, 0xA0, 0x98, 0x21, 0xE6, 0x45, 0x3E, 0x24, 0xAA, 0xA6, 0x60, 0xCC, 0x7E, 0x39, 0x35, 0x73,
    0x3D, 0xD0, 0xAF, 0x9B, 0x81, 0x29, 0xCC, 0x60, 0xBA, 0x66, 0x76, 0x86, 0x1F, 0xAE, 0x8C, 0xB0,
    0x1F, 0xD2, 0x9C, 0xDD, 0x56, 0xB0, 0x24, 0x52, 0x9B, 0x44, 0x65, 0x4A, 0xA8, 0x9F, 0x02, 0x3B,
    0x83, 0xB5, 0x1C, 0x80, 0x60, 0xF1, 0x33, 0x44, 0xAF, 0x6D, 0x11, 0xFD, 0xB7, 0xD5, 0xA1, 0xBD,
    0x69, 0xE8, 0x3F, 0x6A, 0x02, 0x6B, 0xB5, 0xF8, 0x52, 0x91, 0x6F, 0x21, 0xF2, 0x29, 0x51, 0x69,
    0xDA, 0x16, 0x96, 0xDA, 0x35, 0xFF, 0x3C, 0x71, 0x34, 0x89, 0x20, 0xBB, 0xBE, 0x20, 0xB4, 0xBA,
    0x8D, 0x1C, 0x86, 0x05, 0x4C, 0x93, 0x1C, 0x22, 0x45, 0x61, 0x55, 0x32, 0x7F, 0x8C, 0x21, 0xB0,
    0x0B, 0x98, 0x55, 0xD3, 0xDD, 0xFD, 0x53, 0x06, 0x26, 0x07, 0x60, 0xB6, 0x08, 0x2B, 0xF1, 0x9D,
    0x6D, 0x15, 0xDA, 0xA5, 0xF7, 0xA7, 0xE3, 0x78, 0x52, 0xF4, 0x48, 0xED, 0x58, 0x8F, 0x3C, 0x71,
    0x08, 0xD1, 0xF9, 0xEC, 0x19, 0xC7, 0x3B, 0x1F, 0xBD, 0xEC, 0x88, 0xF1, 0x8B, 0x2F, 0x0F, 0x71,
    0x92, 0x8F, 0x78, 0xEA, 0xE9, 0xC4, 0x00, 0x88, 0xCE, 0x6A, 0x80, 0x0D, 0x4F, 0x7E, 0xE7, 0xC2,
    0xDB, 0x4C, 0x7B, 0x05, 0xF0, 0x1A, 0xE0, 0x55, 0xA0, 0xD5, 0xE9, 0x94, 0x48, 0x8C, 0xA8, 0x81,
    0x33, 0x87, 0xC3, 0xC3, 0xFE, 0x0C, 0xB9, 0xBE, 0x93, 0xBE, 0x67, 0x1F, 0xD2, 0x09, 0x24, 0x24,
    0x4D, 0xA1, 0x89, 0xD4, 0xE8, 0xD9, 0x5F, 0x5C, 0xB8, 0xDB, 0xD4, 0x71, 0x63, 0xAB, 0x0C, 0x88,
    0xEC, 0x2F, 0x94, 0x0E, 0x54, 0x22, 0x7D, 0x7E, 0x94, 0x62, 0xE0, 0xE2, 0x32, 0xD6, 0xC2, 0xFD,
    0x36, 0x1C, 0x37, 0x87, 0xFD, 0x42, 0x89, 0x59, 0xDF, 0x24, 0xC7, 0xAA, 0x43, 0xBF, 0x09, 0x4F,
    0x9A, 0x15, 0xFE, 0xFE, 0x2F, 0x94, 0x2B, 0x81, 0xB0, 0x5C, 0x49, 0xA0, 0x57, 0x22, 0xE8, 0x4E,
    0xE6, 0xD3, 0x56, 0x77, 0x42, 0x7F, 0x7E, 0x4D, 0x77, 0x52, 0x17, 0xD0, 0x9D, 0xD8, 0x33, 0xE8,
    0x4E, 0xEE, 0x02, 0xBA, 0x13, 0x3C, 0x7F, 0x53, 0x77, 0x92, 0x9F, 0x69, 0x74, 0x68, 0x55, 0xBF,
    0x46, 0xCC, 0xCD, 0xDC, 0xC9, 0xE9, 0x3F, 0xAA, 0xFE, 0x49, 0x4D, 0x3F, 0xF7, 0xC1, 0xF2, 0xF7,
    0x4B, 0x33, 0x9A, 0xDB, 0x4F, 0x57, 0xB7, 0xE6, 0x67, 0x1F, 0x37, 0xFA, 0xD5, 0x12, 0xA6, 0xFA,
    0x8E, 0xB3, 0x83, 0xD6, 0x7E, 0xA0, 0xFA, 0x9A, 0xB3, 0x5F, 0x2F, 0x65, 0x4D, 0x78, 0x47, 0xAD,
    0x8F, 0xAE, 0x17, 0xE7, 0x71, 0xA1, 0x37, 0x83, 0x8E, 0x46, 0xC7, 0x73, 0xB3, 0xD1, 0x12, 0xCF,
    0x3F, 0x79, 0xE8, 0x99, 0xBF, 0xFD, 0x52, 0x7F, 0xA3, 0xA5, 0xFE, 0x67, 0x74, 0xA1, 0xE5, 0x7E,
    0xEF, 0xFC, 0x85, 0x96, 0x7C, 0xD5, 0x26, 0x1D, 0xFB, 0x74, 0xD2, 0xD1, 0x11, 0x1D, 0x1F, 0xE1,
    0x14, 0xA2, 0x3B, 0x8A, 0xCD, 0x4E, 0xE3, 0x9D, 0x8B, 0x4E, 0xA5, 0xAF, 0xE1, 0x5D, 0xC0, 0x11,
    0x30, 0xF2, 0x6F, 0x68, 0x90, 0xD3, 0xC0, 0xF6, 0x17, 0xF1, 0x8D, 0x6F, 0xFD, 0xDC, 0x3B, 0xC2,
    0x52, 0x10, 0x54, 0xA2, 0xB0, 0x3A, 0xE9, 0x7F, 0x31, 0x4F, 0x7A, 0x38, 0x0E, 0x88, 0x01, 0x6C,
    0x48, 0x90, 0x19, 0x41, 0x9D, 0xCC, 0xC7, 0x15, 0x45, 0x03, 0xAB, 0xEB, 0x8A, 0x82, 0x9F, 0x3F,
    0x2E, 0xE1, 0xF0, 0x0D, 0x67, 0x46, 0x56, 0xC1, 0x07, 0x6B, 0xC0, 0xE9, 0x7B, 0x2C, 0x8E, 0xFB,
    0x5B, 0x38, 0x70, 0x8A, 0x27, 0xE3, 0xD1, 0x78, 0x36, 0x1E, 0x8E, 0xA7, 0xE3, 0xF1, 0x78, 0x3E,
    0x5E, 0x80, 0x56, 0x81, 0x95, 0x44, 0xE7, 0x2E, 0x2B, 0x97, 0x59, 0xB9, 0x0D, 0x30, 0x30, 0xDD,
    0x5D, 0xEE, 0x01, 0x84, 0xB6, 0xDF, 0xF8, 0x68, 0x73, 0x72, 0x8F, 0x20, 0xAE, 0x15, 0x41, 0x58,
    0xC6, 0x48, 0xBC, 0x68, 0x1B, 0x4F, 0x23, 0xEB, 0x57, 0xB3, 0xFD, 0x3A, 0xBB, 0x96, 0xBB, 0xFB,
    0xF1, 0x72, 0x03, 0x22, 0xA5, 0xEF, 0xBC, 0xDC, 0x83, 0x24, 0x37, 0xC5, 0xF9, 0xD6, 0x9B, 0xC9,
    0x7D, 0x62, 0x1D, 0xCE, 0x20, 0xD9, 0x10, 0x39, 0x87, 0x3E, 0xDB, 0xA2, 0xF9, 0xD8, 0xB4, 0x19,
    0xB7, 0xDF, 0xE4, 0x80, 0x07, 0xFA, 0x90, 0xCE, 0xEE, 0x6E, 0x97, 0x6C, 0x10, 0x18, 0x80, 0xD6,
    0x81, 0x4D, 0x00, 0x81, 0x78, 0x71, 0x96, 0x30, 0xBC, 0xF9, 0xD5, 0x38, 0x9F, 0x5C, 0xC9, 0x22,
    0x75, 0xFB, 0x25, 0x1B, 0xA9, 0xAB, 0xE5, 0xA3, 0x4E, 0xAB, 0x7E, 0xD2, 0x99, 0xFD, 0x99, 0x53,
    0x0F, 0xF2, 0x38, 0x37, 0x7E, 0xA8, 0x77, 0x23, 0xBD, 0xC1, 0xC8, 0x05, 0x16, 0xC9, 0xA2, 0xAF,
    0xA1, 0xEB, 0x88, 0xAD, 0x10, 0xDF, 0xFF, 0xE8, 0x82, 0x75, 0x0F, 0x7D, 0x08, 0x52, 0x84, 0x6D,
    0x3E, 0xC9, 0xE8, 0xDA, 0x78, 0xC6, 0x69, 0x38, 0x04, 0x38, 0xE3, 0x85, 0x84, 0x17, 0x4A, 0x7E,
    0x5A, 0xA1, 0x55, 0x4F, 0x56, 0x7D, 0xE1, 0xCD, 0xDE, 0x80, 0x84, 0x37, 0x7B, 0x04, 0x02, 0xDA,
    0x5E, 0x25, 0x42, 0xFB, 0x7E, 0x3D, 0x3A, 0x3C, 0x98, 0x5C, 0x79, 0x22, 0x7A, 0xA6, 0xBF, 0xE7,
    0x25, 0x2F, 0x44, 0x7F, 0xED, 0x45, 0x2F, 0x3C, 0xF2, 0x8C, 0x97, 0x7D, 0xDA, 0xA6, 0xAD, 0xF0,
    0xD9, 0xB4, 0x95, 0x26, 0x6D, 0xC5, 0x59, 0x6F, 0xE5, 0x91, 0xCE, 0x81, 0x05, 0xEF, 0x99, 0xB5,
    0x2E, 0x8C, 0x2A, 0xA1, 0xFB, 0x56, 0x31, 0xFC, 0x97, 0xE6, 0x52, 0x8D, 0xEC, 0x7F, 0x8E, 0xA7,
    0x38, 0x3D, 0xB2, 0x95, 0x80, 0xE6, 0xF3, 0x75, 0x42, 0xA4, 0x91, 0x91, 0x4A, 0x14, 0xEB, 0x91,
    0x12, 0x90, 0x46, 0x6A, 0x14, 0x96, 0xCE, 0xBE, 0x37, 0x2A, 0xD3, 0x24, 0x8F, 0x23, 0xD3, 0x13,
    0x44, 0x37, 0x8F, 0x0E, 0x2E, 0x13, 0x2C, 0xFB, 0xBA, 0x06, 0x00, 0x5F, 0xEB, 0xFC, 0x38, 0x95,
    0x3C, 0x40, 0xF8, 0xD6, 0xD4, 0x9C, 0x01, 0x10, 0x3E, 0xC3, 0x12, 0xC4, 0xF3, 0x26, 0xCE, 0xB7,
    0x3C, 0x7B, 0x87, 0xCD, 0x48, 0x19, 0xD2, 0x95, 0xD1, 0xDE, 0xBC, 0xBA, 0x58, 0x8F, 0x73, 0xFB,
    0x64, 0x2F, 0x61, 0x2F, 0x95, 0x82, 0xD1, 0xE5, 0xFD, 0xCB, 0x24, 0xB3, 0x57, 0x6B, 0xC2, 0x45,
    0x7F, 0x86, 0xF8, 0x9F, 0xA6, 0x40, 0x46, 0x65, 0xA2, 0xA6, 0x71, 0x1E, 0x95, 0x26, 0x21, 0xA8,
    0x8C, 0xA8, 0xD1, 0xFA, 0xFE, 0x3D, 0xB4, 0xA1, 0xE7, 0x8D, 0x0C, 0xF4, 0x04, 0x19, 0x96, 0x92,
    0x69, 0x5C, 0x66, 0x97, 0x5E, 0x29, 0x9C, 0xEE, 0xC3, 0x33, 0x07, 0x88, 0x96, 0x88, 0xB1, 0x18,
    0x93, 0xC6, 0x1F, 0x8B, 0x14, 0xD1, 0xDF, 0x07, 0x58, 0x3B, 0x9E, 0xF1, 0xF8, 0xB5, 0xB5, 0x82,
    0x75, 0x88, 0x95, 0x84, 0xA8, 0x1C, 0xC4, 0x4B, 0xF7, 0xAE, 0x18, 0x47, 0xE5, 0x96, 0x10, 0xB1,
    0x12, 0x37, 0x9F, 0xF0, 0x80, 0x6E, 0x95, 0x26, 0xB6, 0x77, 0x5D, 0xF7, 0x0A, 0xF5, 0xEE, 0xAE,
    0x77, 0x07, 0x80, 0xCC, 0x6C, 0xBE, 0x59, 0xDC, 0xA8, 0xD2, 0x3B, 0xA5, 0x11, 0x77, 0xCA, 0x89,
    0x28, 0xAE, 0x99, 0x64, 0xAB, 0xA8, 0x12, 0xB3, 0x86, 0x30, 0x20, 0x74, 0xA4, 0x84, 0x89, 0xCA,
    0x8D, 0x69, 0x52, 0xCA, 0xE1, 0xD1, 0xBC, 0x16, 0xB3, 0x51, 0x15, 0x58, 0x5D, 0x94, 0xE2, 0xE8,
    0x6F, 0xE7, 0xF5, 0x96, 0x16, 0xB9, 0xFC, 0x93, 0x32, 0x65, 0xE3, 0x8D, 0xBC, 0x87, 0x38, 0x46,
    0x22, 0x6E, 0x30, 0xAA, 0x92, 0x63, 0x7E, 0xC5, 0x24, 0x6F, 0xE4, 0x4C, 0xFC, 0x82, 0x62, 0xD2,
    0x0F, 0xEA, 0x50, 0xCB, 0x5E, 0x33, 0xFE, 0xB7, 0xD9, 0x7D, 0xD9, 0x52, 0x54, 0xAB, 0xE8, 0x71,
    0xA1, 0x33, 0x2E, 0xD3, 0x13, 0xCE, 0x04, 0x0D, 0x1B, 0xF1, 0x8D, 0x52, 0x24, 0x3E, 0xD5, 0x03,
    0x2D, 0xAC, 0xD5, 0xC9, 0x13, 0xD7, 0x72, 0xB1, 0x09, 0x42, 0x42, 0xEA, 0xDA, 0xA6, 0x6B, 0x7B,
    0x19, 0xA1, 0x49, 0xE6, 0x45, 0x49, 0x71, 0x97, 0xD5, 0x35, 0x00, 0x76, 0x00, 0x03, 0x51, 0x99,
    0xE9, 0x4C, 0x9D, 0xAB, 0xFF, 0xD4, 0x4C, 0xA4, 0xD9, 0x43, 0xDA, 0xC3, 0x6C, 0x71, 0xBC, 0x38,
    0xF7, 0xAC, 0x39, 0x34, 0xBC, 0xB0, 0x30, 0x8C, 0x7E, 0x60, 0x08, 0xDE, 0x6D, 0xE0, 0xFD, 0x5B,
    0x04, 0x26, 0x9B, 0x8F, 0xCB, 0xC0, 0xBE, 0xC9, 0xD9, 0x05, 0x6A, 0x88, 0x34, 0x24, 0x79, 0xA6,
    0xFB, 0x7A, 0x58, 0x9F, 0x9B, 0x39, 0x8E, 0x3C, 0x25, 0xCD, 0xA9, 0x6C, 0x61, 0xCB, 0x73, 0xCF,
    0x7E, 0xD4, 0x98, 0x6E, 0xF9, 0xE8, 0x19, 0xB8, 0x87, 0x73, 0xF2, 0xCA, 0x6C, 0xD7, 0xD5, 0xE6,
    0xB9, 0x45, 0x7B, 0xAF, 0xC8, 0xE8, 0xAE, 0xB8, 0x5C, 0xA5, 0x6B, 0x95, 0xE8, 0x07, 0xED, 0xE7,
    0xC0, 0xF4, 0x5F, 0xB0, 0xCF, 0x37, 0x30, 0x91, 0x7D, 0x4D, 0x52, 0xB2, 0x33, 0x18, 0xD9, 0xD2,
    0x96, 0x0C, 0x4E, 0x35, 0x9F, 0x3F, 0xBE, 0x96, 0x33, 0x08, 0x35, 0xA3, 0x1C, 0x06, 0xB1, 0x6A,
    0x21, 0x03, 0x01, 0xC2, 0xDF, 0x7D, 0x5C, 0x33, 0x60, 0xC7, 0x45, 0xB6, 0x40, 0x62, 0xE2, 0x48,
    0xF7, 0xF3, 0xCB, 0x81, 0x8E, 0x6E, 0x36, 0xC5, 0xB1, 0xBD, 0x59, 0xFA, 0xF8, 0x2E, 0x3E, 0xD3,
    0x10, 0x37, 0x41, 0x71, 0xB7, 0x50, 0xD9, 0xF1, 0x95, 0xF9, 0xF8, 0xBA, 0x19, 0x96, 0x0D, 0x51,
    0x3E, 0xFD, 0xC7, 0x6F, 0xD8, 0x05, 0xEC, 0x9A, 0xE4, 0xEE, 0x76, 0x62, 0x67, 0x3A, 0x23, 0xB2,
    0x17, 0xCF, 0x6A, 0x49, 0x50, 0x83, 0x31, 0x60, 0xE0, 0xF6, 0x2C, 0x45, 0xC3, 0xD7, 0x0F, 0x04,
    0x06, 0x06, 0x32, 0x0B, 0x67, 0xF0, 0xD0, 0xB0, 0xB8, 0x61, 0x9F, 0x9F, 0x21, 0x6E, 0x35, 0xEF,
    0xB0, 0x06, 0x80, 0xA8, 0xEC, 0x3A, 0xD6, 0x5A, 0x92, 0xD5, 0xED, 0xB3, 0xDD, 0x77, 0x4B, 0x00,
    0x38, 0xE5, 0x23, 0xA7, 0x0D, 0x9D, 0xE3, 0x36, 0x76, 0xA2, 0xD2, 0x05, 0xCF, 0x26, 0xC8, 0x37,
    0x72, 0x99, 0xD8, 0xC5, 0x31, 0xA3, 0x06, 0x6E, 0xF0, 0x9E, 0x1A, 0x8E, 0x61, 0x02, 0x2E, 0x82,
    0x0C, 0xB8, 0x10, 0xAA, 0xC1, 0xC5, 0xD0, 0x02, 0x5C, 0x10, 0x7D, 0xE1, 0xFA, 0xA1, 0x8B, 0xA2,
    0xD0, 0xD6, 0x6F, 0xC9, 0xC6, 0x27, 0x44, 0xDB, 0xAD, 0x17, 0x91, 0x05, 0xE0, 0x34, 0xAC, 0x2E,
    0x03, 0x04, 0x66, 0xF5, 0x46, 0x97, 0xCE, 0x23, 0x25, 0xE6, 0xE6, 0x58, 0xFB, 0x52, 0x69, 0x7C,
    0x9D, 0x3C, 0xE5, 0x8B, 0xA4, 0x6A, 0x2B, 0x64, 0x5B, 0x1E, 0xDB, 0xDA, 0xD8, 0x1A, 0xE7, 0x01,
    0x53, 0x5F, 0x74, 0x8D, 0xAF, 0x87, 0xAA, 0x2B, 0x86, 0xE0, 0x20, 0x33, 0x9F, 0x51, 0xF9, 0x80,
    0x48, 0xAF, 0x34, 0x24, 0xD0, 0x03, 0xD6, 0x81, 0x34, 0xB1, 0x2A, 0x1D, 0x3D, 0x97, 0xA7, 0x53,
    0x48, 0x0D, 0xAC, 0x6B, 0x90, 0x06, 0x06, 0x13, 0x30, 0x5B, 0x44, 0x95, 0xB8, 0x5E, 0xE4, 0xC1,
    0x8A, 0x45, 0x54, 0xB9, 0xB6, 0x80, 0xF0, 0x4A, 0x4E, 0xF8, 0x8D, 0x8A, 0xF0, 0xDF, 0x0D, 0xD8,
    0x3D, 0x78, 0xE0, 0x21, 0xCF, 0x8A, 0xAD, 0x12, 0xFD, 0x8B, 0x88, 0x3D, 0x48, 0x4C, 0xD7, 0x84,
    0x0E, 0x73, 0x9F, 0x9D, 0xE9, 0x2A, 0x3B, 0x67, 0xA2, 0xDE, 0xAF, 0xE8, 0xB2, 0xAB, 0x01, 0x71,
    0x77, 0x5B, 0x73, 0x3F, 0x1C, 0x9E, 0x5C, 0xC5, 0x96, 0x24, 0xB9, 0x18, 0x13, 0xA9, 0x34, 0x52,
    0x51, 0x49, 0x54, 0x46, 0xE5, 0xBE, 0x2D, 0xC3, 0x32, 0xFB, 0x62, 0x1E, 0xFA, 0xB9, 0x88, 0xCA,
    0x6E, 0x21, 0xA1, 0xF2, 0x4F, 0x26, 0x56, 0x32, 0x34, 0x02, 0x31, 0x6E, 0x2E, 0x13, 0x35, 0xA2,
    0x66, 0x55, 0x51, 0x8F, 0x00, 0x46, 0x5E, 0x6C, 0x30, 0x03, 0xE4, 0xD0, 0x91, 0xFB, 0xC7, 0x88,
    0xF1, 0x6F, 0x3E, 0xAC, 0x7E, 0x36, 0x52, 0xA1, 0x27, 0x07, 0x95, 0x23, 0xA3, 0x1D, 0x19, 0xED,
    0xC8, 0x68, 0xE9, 0xCD, 0x00, 0x1D, 0x54, 0x12, 0x13, 0x96, 0x8E, 0x1C, 0x97, 0x8E, 0x3C, 0x76,
    0xE4, 0xC4, 0x53, 0x58, 0x03, 0x58, 0x25, 0x49, 0x57, 0x97, 0x35, 0x40, 0xA2, 0x80, 0x7D, 0x0B,
    0x84, 0x2E, 0xCB, 0xE2, 0x3A, 0x51, 0xA1, 0x7D, 0xED, 0x50, 0xC0, 0xE5, 0x45, 0x9A, 0x66, 0x46,
    0x4A, 0x21, 0x86, 0x87, 0x72, 0x20, 0x12, 0xD9, 0xEB, 0x91, 0x88, 0xC5, 0x9E, 0x24, 0x91, 0x85,
    0x91, 0x88, 0xC5, 0x5A, 0x3E, 0x45, 0x3C, 0x91, 0x87, 0x86, 0xCD, 0xA8, 0x19, 0x97, 0x2E, 0x66,
    0xB7, 0x97, 0x14, 0x2D, 0x15, 0x5C, 0xCC, 0x43, 0xF1, 0x5C, 0x91, 0xF3, 0x3E, 0xE2, 0x0A, 0xC0,
    0x00, 0xEC, 0x8A, 0x9B, 0x1A, 0x39, 0x6C, 0x0E, 0xE8, 0xED, 0x7E, 0xAA, 0xC7, 0xBA, 0xA1, 0x47,
    0x7A, 0xC7, 0x2E, 0x49, 0x5F, 0x39, 0xFA, 0x08, 0xA9, 0x36, 0x90, 0xDE, 0x2E, 0x5B, 0x93, 0xB0,
    0xFE, 0xC7, 0x3E, 0xEF, 0x5C, 0x30, 0xAB, 0xDD, 0xF5, 0xA3, 0xE2, 0xD8, 0xD0, 0x37, 0x85, 0x4A,
    0x4C, 0xD6, 0xD0, 0xBF, 0xDC, 0x8C, 0xB5, 0xCC, 0x34, 0xF5, 0x40, 0x80, 0x3C, 0x35, 0xB2, 0xF9,
    0x26, 0xF3, 0xED, 0x2A, 0x8D, 0x4A, 0x4C, 0x2A, 0x72, 0x67, 0xFA, 0x8A, 0xC9, 0xC6, 0x7B, 0x15,
    0xA6, 0x17, 0x95, 0xA1, 0xDE, 0x0B, 0x9A, 0xF1, 0x4B, 0x0E, 0xD0, 0x08, 0x05, 0x40, 0xA0, 0x5D,
    0x5B, 0x00, 0x37, 0x01, 0x1F, 0x91, 0xB7, 0x35, 0x14, 0x06, 0x1E, 0x18, 0x00, 0x32, 0xB6, 0xB9,
    0x1C, 0x3D, 0x47, 0xEF, 0xA0, 0x5B, 0x89, 0xE4, 0x2A, 0xB8, 0x76, 0x4D, 0x1B, 0x5C, 0x71, 0x95,
    0xB9, 0xE0, 0x0A, 0xDB, 0x1E, 0xAA, 0x68, 0xAE, 0x23, 0x35, 0x0D, 0xD8, 0x75, 0x3D, 0x1E, 0x5D,
    0x3C, 0x5B, 0x83, 0x01, 0xDD, 0xDA, 0x03, 0x18, 0x3D, 0x3F, 0xF3, 0x59, 0x1C, 0x95, 0xC4, 0x90,
    0xF8, 0xAC, 0x6D, 0x33, 0xF6, 0xD4, 0xDB, 0xD8, 0xAF, 0xAC, 0xB2, 0x8E, 0x38, 0x77, 0xE1, 0x19,
    0xA9, 0xFE, 0x73, 0x79, 0xA4, 0x76, 0x21, 0x52, 0xE6, 0x4D, 0xA3, 0x43, 0xBF, 0x8D, 0x88, 0x4A,
    0xC1, 0x34, 0xA9, 0x36, 0x18, 0x1D, 0xCD, 0x17, 0x24, 0xB3, 0x91, 0x26, 0x31, 0xFD, 0x25, 0x43,
    0x37, 0x48, 0xA5, 0xCC, 0x54, 0x60, 0x4E, 0x8B, 0x86, 0x29, 0x99, 0xFB, 0x0D, 0x19, 0x56, 0xF2,
    0x85, 0x29, 0xBA, 0x57, 0x68, 0xB4, 0xFC, 0x55, 0x9C, 0x91, 0x84, 0xD5, 0x6E, 0x46, 0x5C, 0x9A,
    0x78, 0x5E, 0x88, 0x8A, 0x62, 0x96, 0xE5, 0x14, 0x4B, 0x92, 0x63, 0x5B, 0xF6, 0x93, 0x40, 0xCB,
    0x00, 0x33, 0xC9, 0xAC, 0x31, 0x47, 0x17, 0xCF, 0xDE, 0xD2, 0x70, 0xD5, 0x0F, 0x97, 0x6F, 0x55,
    0x37, 0x22, 0x72, 0xFF, 0x79, 0x43, 0x62, 0xAB, 0xCE, 0xE9, 0x87, 0x56, 0x49, 0x9A, 0xFD, 0x06,
    0x88, 0x05, 0x70, 0x36, 0xD3, 0xD9, 0x4F, 0xB1, 0xD4, 0x2B, 0x08, 0x67, 0x80, 0x05, 0xBE, 0xA7,
    0xBC, 0x5A, 0xBC, 0x28, 0x8C, 0x18, 0x3F, 0xF0, 0xFE, 0x87, 0xE2, 0x5C, 0xFA, 0xA2, 0x9C, 0x59,
    0xD5, 0x3B, 0x77, 0xF1, 0x27, 0x4E, 0xD0, 0x3D, 0x9B, 0x8F, 0x93, 0xE3, 0xBC, 0xC1, 0x6A, 0xB5,
    0xAA, 0x92, 0x5C, 0x7C, 0x77, 0x11, 0xAB, 0x2D, 0xCE, 0xF8, 0xCD, 0x87, 0xF0, 0xA3, 0x9B, 0x38,
    0xE3, 0x9F, 0x34, 0x1B, 0x71, 0xFE, 0xBD, 0x85, 0x4C, 0xB0, 0x4F, 0x1A, 0xC1, 0x5E, 0xAA, 0x37,
    0x19, 0x5D, 0x9E, 0xCF, 0x56, 0xE3, 0x5C, 0x87, 0x36, 0x1F, 0x1E, 0x8A, 0x4B, 0xD5, 0x60, 0x43,
    0x62, 0x48, 0x27, 0xEC, 0xDA, 0x46, 0x23, 0x05, 0x16, 0x29, 0xB9, 0x94, 0xF7, 0x24, 0x91, 0x92,
    0x03, 0x6F, 0x24, 0x49, 0xBE, 0x9B, 0x21, 0x30, 0xC9, 0xF5, 0xC5, 0x27, 0x2A, 0x0A, 0x5D, 0x00,
    0xDD, 0x49, 0xAC, 0xFF, 0xFD, 0x71, 0xB9, 0xD5, 0x95, 0xEB, 0xDD, 0xD5, 0x00, 0xA6, 0xD9, 0x8B,
    0x4B, 0x31, 0xBC, 0xB2, 0x2D, 0xFE, 0xE1, 0xCA, 0xE3, 0xE7, 0xDD, 0x8E, 0xEE, 0xFC, 0xD5, 0xEA,
    0xC3, 0x8F, 0xEA, 0x59, 0x5F, 0x98, 0xFD, 0x45, 0x3A, 0x09, 0x3C, 0x99, 0xBD, 0x7E, 0x5B, 0xAE,
    0xC7, 0xA5, 0x9F, 0xAF, 0x15, 0xAC, 0xC1, 0xD1, 0xB6, 0x2B, 0xB6, 0xA0, 0x06, 0x90, 0x27, 0xC2,
    0x29, 0xFB, 0x8F, 0x65, 0x9C, 0x0F, 0x6F, 0x6E, 0x47, 0xCA, 0x41, 0x9F, 0x56, 0x8E, 0xFA, 0xB4,
    0x7A, 0xE5, 0xF5, 0xF1, 0xC3, 0x4A, 0x17, 0xCB, 0x48, 0x99, 0xB5, 0xB3, 0x71, 0x6E, 0xB2, 0x3A,
    0x61, 0x3A, 0xDC, 0x13, 0x48, 0x29, 0xCF, 0xB8, 0x4C, 0x3B, 0xB7, 0x20, 0x5E, 0x8C, 0x34, 0x90,
    0x69, 0xC2, 0xE5, 0xF0, 0x80, 0xEC, 0xD9, 0x89, 0x44, 0x62, 0x60, 0x8A, 0xAD, 0x31, 0x3C, 0x76,
    0x84, 0x81, 0x24, 0xD7, 0xE0, 0x28, 0x61, 0xE9, 0x4C, 0x54, 0xC6, 0x6A, 0x37, 0x32, 0x82, 0xFE,
    0xF8, 0xE8, 0xC8, 0x01, 0xFA, 0x35, 0xDD, 0x15, 0x2B, 0xE8, 0xE7, 0xB0, 0x80, 0x58, 0xC3, 0x08,
    0x22, 0xC7, 0xC8, 0xBE, 0xD4, 0x20, 0x11, 0x4C, 0x3C, 0x80, 0xA8, 0xD4, 0x27, 0x4F, 0xD8, 0x7E,
    0xB2, 0xC9, 0xDE, 0x3A, 0x61, 0xF7, 0xAD, 0x22, 0x6C, 0x2E, 0xCD, 0x10, 0x0A, 0x37, 0x67, 0x20,
    0x90, 0x23, 0xFB, 0x12, 0x93, 0x5F, 0x78, 0xFD, 0x51, 0x0C, 0xF5, 0x39, 0x0C, 0xFB, 0x33, 0x34,
    0x6B, 0x39, 0x1A, 0x12, 0xCC, 0xCA, 0x08, 0xA6, 0x90, 0x22, 0x61, 0x93, 0x0C, 0x0E, 0x48, 0xBE,
    0xF3, 0xA0, 0x01, 0x6B, 0x73, 0x08, 0xCE, 0xAE, 0x82, 0xE5, 0xAD, 0xBA, 0x53, 0x01, 0xED, 0x8C,
    0xC4, 0x4B, 0x64, 0x36, 0xCE, 0xD7, 0x7B, 0x51, 0x99, 0xDE, 0xE7, 0x5A, 0x62, 0xCB, 0x74, 0x78,
    0x31, 0x6F, 0xEB, 0xCE, 0x2A, 0x82, 0xA5, 0x81, 0x7A, 0x8B, 0x48, 0xBB, 0xC8, 0x53, 0x81, 0x63,
    0x9C, 0xDC, 0x97, 0x56, 0xB1, 0xDF, 0x97, 0xBA, 0xDE, 0x24, 0xB0, 0xDA, 0x97, 0x26, 0x87, 0xFB,
    0xDA, 0xD0, 0x9B, 0x3B, 0x23, 0x75, 0x35, 0x41, 0xDE, 0x2E, 0x25, 0xD3, 0x3B, 0x2A, 0xBB, 0xA4,
    0x2D, 0x2E, 0xA8, 0x56, 0xA1, 0xBB, 0xCA, 0x9D, 0x7A, 0x22, 0xCD, 0xE0, 0x54, 0xCF, 0x0C, 0x5C,
    0xEE, 0xD4, 0xE7, 0xFE, 0xF2, 0xD2, 0xC2, 0x14, 0x76, 0xDD, 0xBC, 0xFE, 0xB1, 0xD4, 0xD4, 0x9B,
    0xA9, 0x8B, 0x87, 0xCD, 0xAD, 0xB5, 0xFC, 0x50, 0xCC, 0xC7, 0x3A, 0x28, 0x9A, 0xB7, 0xBF, 0xA1,
    0x65, 0x12, 0x3A, 0x51, 0x13, 0x95, 0x5B, 0xC1, 0x2C, 0x2A, 0xC5, 0x0D, 0x3B, 0x26, 0x6C, 0x92,
    0x85, 0x13, 0x8D, 0x1B, 0x86, 0xB3, 0xD1, 0xB8, 0x9C, 0xC8, 0x69, 0xA8, 0x4F, 0x49, 0x8D, 0x11,
    0x4D, 0xC9, 0x8E, 0x74, 0xE0, 0x81, 0x09, 0xBE, 0xC0, 0x40, 0x93, 0xB8, 0x27, 0x04, 0x3B, 0xDE,
    0x4C, 0xF6, 0xD8, 0x0C, 0x74, 0xFF, 0xFA, 0x6C, 0x5C, 0xBA, 0x6C, 0x6A, 0xC0, 0x66, 0x2A, 0xBA,
    0x31, 0xD7, 0xF1, 0xAF, 0x1B, 0x93, 0x58, 0x6B, 0xC4, 0xB5, 0xC7, 0xCE, 0xF6, 0x81, 0x51, 0xCE,
    0xEF, 0x7D, 0x4D, 0x61, 0x6E, 0x57, 0x81, 0xD6, 0x77, 0x1F, 0x2C, 0xF5, 0xA8, 0xC1, 0x04, 0x67,
    0x31, 0x20, 0x77, 0x5C, 0xF3, 0x21, 0x2B, 0xBE, 0xF3, 0xA0, 0x0E, 0xFC, 0x8C, 0xAC, 0x9D, 0xF5,
    0x61, 0xA3, 0x5D, 0xFC, 0xCC, 0x76, 0x23, 0xBD, 0x39, 0x89, 0xCA, 0xF6, 0xD0, 0x62, 0x02, 0x95,
    0xE8, 0x55, 0x8D, 0xF6, 0x6D, 0x02, 0xA9, 0x04, 0xD9, 0xFF, 0x9B, 0xFB, 0x67, 0xF1, 0x4C, 0x54,
    0xF0, 0x67, 0xA6, 0x7F, 0x20, 0x76, 0x85, 0x11, 0x79, 0x8A, 0xFF, 0x04, 0x40, 0xA1, 0x1E, 0xD4,
    0x18, 0x76, 0x18, 0xAC, 0x3E, 0x3B, 0x98, 0x4F, 0x54, 0x45, 0x0E, 0xD6, 0xFC, 0xAE, 0x89, 0xCB,
    0x0C, 0xC9, 0x14, 0x83, 0xC6, 0xF0, 0xCF, 0xEF, 0x1A, 0x99, 0xA0, 0xFB, 0x46, 0x9F, 0xC9, 0x47,
    0xE6, 0x97, 0x4C, 0x96, 0xEF, 0x62, 0x30, 0xCC, 0x4E, 0x75, 0xDF, 0x90, 0xD8, 0x6A, 0xF8, 0xDC,
    0x6C, 0x4A, 0xCF, 0x90, 0xBA, 0x9F, 0x9A, 0x4D, 0xC9, 0xC1, 0x7D, 0xB0, 0xFA, 0xEA, 0xAF, 0x66,
    0x93, 0xE4, 0x93, 0x46, 0xA4, 0x46, 0x3C, 0x59, 0x27, 0x0B, 0xC9, 0xD9, 0xEE, 0x2B, 0x56, 0x15,
    0xFE, 0x7D, 0xC0, 0xE4, 0x64, 0x33, 0xAE, 0xD5, 0xAE, 0x15, 0xD6, 0x9A, 0xB5, 0xC7, 0x1E, 0xEB,
    0x22, 0xB1, 0xFB, 0xBB, 0x4F, 0xDD, 0xF3, 0xB7, 0x49, 0x63, 0x5E, 0x3F, 0x7A, 0xDC, 0x14, 0x1A,
    0xB3, 0x06, 0xA7, 0xA0, 0xD0, 0x5F, 0x5E, 0xD0, 0xF3, 0x5D, 0xCD, 0x9A, 0x73, 0x1F, 0x37, 0xA9,
    0x4E, 0x4D, 0x7A, 0xD4, 0xF4, 0x5F, 0xEB, 0x96, 0x16, 0x71, 0xAD, 0x90, 0x30, 0x05, 0xB3, 0x5F,
    0x9B, 0xE3, 0xA5, 0x3B, 0x58, 0x9B, 0xE2, 0xBC, 0x3B, 0x4E, 0x4B, 0x36, 0x5C, 0x42, 0xF9, 0x7C,
    0x7A, 0xEB, 0x8A, 0x6E, 0x2A, 0x80, 0xE0, 0xB8, 0x04, 0xA0, 0x50, 0x00, 0xBC, 0x00, 0x74, 0xEA,
    0x27, 0x6F, 0x9E, 0xED, 0xE5, 0x1D, 0xFF, 0xC4, 0xC9, 0x74, 0x0A, 0xD0, 0x6A, 0xA5, 0x80, 0xD3,
    0x13, 0x80, 0xD3, 0x4C, 0x01, 0xA7, 0x0B, 0xE0, 0xB4, 0x01, 0x9C, 0x3E, 0xD0, 0x26, 0x35, 0xF0,
    0xA3, 0x7E, 0x78, 0x74, 0x61, 0x73, 0x87, 0x8E, 0xEE, 0xFA, 0xA2, 0x85, 0xE8, 0xD0, 0x9B, 0x1D,
    0x5A, 0x66, 0x4B, 0x8F, 0x96, 0x43, 0x9B, 0x3B, 0xF4, 0x40, 0xDE, 0x29, 0x1D, 0x5A, 0xF6, 0xAF,
    0x96, 0x0E, 0xDD, 0x0B, 0xA2, 0xD2, 0xA1, 0x05, 0xB1, 0x72, 0x68, 0x57, 0xD0, 0x5A, 0x74, 0x31,
    0x3B, 0x41, 0xB6, 0xAD, 0xCF, 0x8F, 0x7B, 0x2E, 0x81, 0x9E, 0x02, 0x98, 0xD6, 0x61, 0xD3, 0xFA,
    0x3B, 0x69, 0xDD, 0x9D, 0xB4, 0xDE, 0x9A, 0xD6, 0x59, 0xE3, 0x80, 0x04, 0xDA, 0xF1, 0xF0, 0x01,
    0xAE, 0x69, 0x80, 0x7B, 0x87, 0xAD, 0x1B, 0xB7, 0xD5, 0xC0, 0x9D, 0x1C, 0x39, 0x26, 0xF7, 0xDC,
    0x3B, 0x3F, 0x4E, 0xAD, 0x3C, 0x81, 0xCE, 0x17, 0xE8, 0xBC, 0x81, 0xCE, 0x1F, 0xE8, 0x3C, 0x82,
    0xCE, 0x27, 0xE8, 0xBC, 0x82, 0xCE, 0x2F, 0xE8, 0x3C, 0x83, 0xCE, 0x37, 0xF8, 0x31, 0xEF, 0xBC,
    0x4C, 0x6F, 0xA4, 0xBC, 0x8A, 0x9C, 0x6B, 0x09, 0x0C, 0x2E, 0x1B, 0xAF, 0x21, 0xD3, 0x1D, 0x2F,
    0xB1, 0x75, 0x66, 0xA0, 0x6F, 0xFF, 0xAF, 0x10, 0x8B, 0x81, 0x71, 0x02, 0x41, 0x3E, 0x68, 0xF9,
    0x0C, 0xA6, 0x1E, 0xCF, 0xCE, 0x96, 0xA3, 0x83, 0xF1, 0x70, 0x2E, 0x69, 0xCF, 0xC6, 0xE6, 0xC0,
    0xA4, 0xE1, 0xCE, 0x0D, 0x75, 0xF5, 0x8D, 0xD2, 0x7C, 0xA0, 0xAA, 0x0F, 0xF4, 0xC8, 0xE8, 0x35,
    0x34, 0x68, 0x82, 0x8A, 0xA8, 0x0C, 0xC7, 0x2A, 0x5A, 0xF2, 0x6B, 0xF5, 0xE8, 0x50, 0x48, 0x31,
    0xEB, 0xB2, 0xF0, 0xE4, 0x27, 0x28, 0x6A, 0x92, 0x79, 0xC1, 0x19, 0x92, 0x72, 0x97, 0xC0, 0x98,
    0x42, 0x4F, 0x6F, 0x1D, 0xCF, 0xE4, 0xD5, 0x6F, 0x7E, 0xA5, 0x77, 0xFB, 0xC6, 0x33, 0xEB, 0xC6,
    0xA6, 0xE9, 0xF4, 0xF4, 0x86, 0x90, 0x48, 0x91, 0x5D, 0xAF, 0x13, 0x5F, 0xA0, 0xFD, 0x3B, 0x85,
    0x72, 0x6F, 0x45, 0x37, 0xB4, 0x7B, 0xEF, 0xA5, 0xDC, 0xB8, 0x37, 0x2D, 0xCE, 0x5F, 0x7D, 0x84,
    0xBC, 0x75, 0xBC, 0x90, 0xF4, 0xFC, 0xFB, 0xB4, 0x04, 0xA4, 0x67, 0x20, 0x3D, 0x85, 0x81, 0xE7,
    0x60, 0x3C, 0xE9, 0xBD, 0x95, 0x67, 0x8D, 0xF2, 0x8E, 0x06, 0x2D, 0xEF, 0x6A, 0x43, 0x4B, 0xBC,
    0xB5, 0xAD, 0x3A, 0x66, 0x54, 0x76, 0xD4, 0xA0, 0xEA, 0xB8, 0xE8, 0x8E, 0x8C, 0xEE, 0xD8, 0xE8,
    0x8E, 0x8E, 0xEE, 0xF8, 0x41, 0xD5, 0x29, 0x44, 0x65, 0xA7, 0x31, 0xCE, 0x5B, 0x95, 0x0F, 0x2D,
    0x59, 0x5D, 0x3D, 0x08, 0x66, 0x10, 0x97, 0x20, 0xE8, 0x57, 0x99, 0x3E, 0xD7, 0xAE, 0xE8, 0xCB,
    0xC1, 0xFE, 0xA1, 0xAD, 0xB3, 0x85, 0xAD, 0xCE, 0x7D, 0xE4, 0x77, 0x6A, 0x03, 0xF2, 0x64, 0x7B,
    0x8A, 0xA0, 0xCE, 0xAE, 0x8F, 0x9D, 0xC7, 0x0D, 0x8C, 0x4A, 0xE6, 0x86, 0x5B, 0x3B, 0x14, 0x07,
    0x71, 0xBB, 0xCD, 0x9C, 0x9E, 0xD8, 0x66, 0xEE, 0x41, 0xDF, 0x67, 0x72, 0x4D, 0xA4, 0x48, 0x20,
    0x81, 0xF8, 0xB3, 0x44, 0xCD, 0x9B, 0x47, 0xB4, 0x7D, 0xAB, 0x88, 0xE7, 0x9F, 0x98, 0x91, 0xE5,
    0x9C, 0x41, 0x42, 0xA2, 0xA6, 0x04, 0xB6, 0x34, 0xC4, 0xDF, 0xAD, 0x0C, 0x02, 0xAD, 0xBD, 0x31,
    0xDE, 0x4C, 0x11, 0x61, 0x35, 0xFA, 0x4A, 0x7C, 0xA3, 0x4C, 0x66, 0x81, 0xA5, 0x98, 0xFD, 0xC1,
    0xC2, 0xF7, 0x2C, 0xC9, 0x53, 0x7A, 0x48, 0x06, 0xAE, 0x49, 0xB2, 0xAF, 0xC4, 0x4B, 0x08, 0x14,
    0x24, 0x25, 0x8C, 0xBA, 0x9D, 0x5A, 0x56, 0x11, 0x34, 0x20, 0x6C, 0xCD, 0xF0, 0x97, 0x8F, 0x98,
    0x92, 0xE4, 0x5D, 0x25, 0x8F, 0xFE, 0x9F, 0xFF, 0x95, 0x2F, 0x4F, 0x66, 0x7C, 0x77, 0x4C, 0x4B,
    0xAE, 0x59, 0x20, 0xE5, 0x4E, 0x09, 0xBD, 0xE0, 0x1B, 0xAD, 0x7D, 0xD5, 0xD9, 0x0D, 0xAC, 0xF2,
    0x31, 0x73, 0xBA, 0x50, 0xC9, 0xB1, 0xBD, 0x77, 0xFE, 0x2F, 0xBF, 0xFD, 0xF9, 0x7F, 0x70, 0x35,
    0xFF, 0x00, 0x14, 0x3A, 0x5B, 0xF2, 0xE5, 0x45, 0xBA, 0x0D, 0x3D, 0x22, 0x45, 0x4A, 0x54, 0xB6,
    0x26, 0x6B, 0x42, 0x5B, 0x9E, 0xFB, 0xB8, 0xF8, 0xBB, 0xD2, 0xA4, 0x9B, 0x61, 0xA9, 0xD3, 0x9E,
    0xF3, 0xDE, 0x9B, 0xA3, 0x46, 0x8C, 0xCB, 0xFE, 0x6B, 0x71, 0x9B, 0xE6, 0x13, 0xDB, 0xE6, 0xC0,
    0x0F, 0x4F, 0xE4, 0x40, 0xAE, 0x45, 0xAD, 0xCF, 0xEC, 0x57, 0xBD, 0xA4, 0xCC, 0xC6, 0x79, 0xBC,
    0xE4, 0xC4, 0xC2, 0x08, 0x03, 0xD9, 0xA3, 0xBB, 0xE4, 0xDE, 0xEA, 0x91, 0xC3, 0xFF, 0x5A, 0x48,
    0xF0, 0xB4, 0xE5, 0xCB, 0x3F, 0x58, 0x00, 0x50, 0x5F, 0xB9, 0xF0, 0xD5, 0x85, 0x06, 0x98, 0xBF,
    0x2C, 0xFA, 0xE7, 0x0C, 0x10, 0xB8, 0xCE, 0x6C, 0x8E, 0x0C, 0x98, 0xE8, 0x35, 0x40, 0xCA, 0xA8,
    0x3C, 0x1A, 0xE7, 0x00, 0xFD, 0xB1, 0xCA, 0xBA, 0xD7, 0x9C, 0xDA, 0xFF, 0x01, 0x03, 0x00, 0x9C,
    0x99, 0x01, 0x88, 0x24, 0xD7, 0x99, 0xDF, 0x7F, 0x55, 0xB5, 0xA3, 0x3A, 0xAB, 0x92, 0x7A, 0x13,
    0xD0, 0x25, 0xE2, 0xA4, 0x99, 0x12, 0x10, 0xC0, 0xF1, 0xF5, 0x4C, 0x1B, 0xF0, 0x41, 0xDB, 0x7E,
    0xD3, 0x5D, 0x3E, 0x1F, 0x31, 0x20, 0x12, 0x0D, 0x41, 0x22, 0x70, 0xCB, 0x9D, 0x04, 0x09, 0x00,
    0x38, 0xD6, 0x08, 0x18, 0xC7, 0x83, 0x33, 0xDE, 0x29, 0x5B, 0x81, 0x40, 0x16, 0x24, 0x01, 0xD2,
    0x5E, 0xB0, 0x08, 0x3E, 0x08, 0xE7, 0x70, 0xBB, 0x87, 0xBB, 0x73, 0xD7, 0xBE, 0xCC, 0x1D, 0x33,
    0x53, 0x2F, 0x36, 0x39, 0x43, 0x04, 0x6C, 0x99, 0x0B, 0x1C, 0x10, 0x72, 0xFB, 0x24, 0x79, 0xCF,
    0xF1, 0x8E, 0xA3, 0x7D, 0xD2, 0xB6, 0x4E, 0xBD, 0x33, 0x3D, 0xF5, 0xF2, 0x5E, 0x55, 0xA1, 0x9D,
    0x5D, 0x84, 0xA3, 0xBB, 0xEA, 0x7D, 0xDF, 0xD7, 0xBD, 0xF5, 0xE6, 0xFF, 0xFF, 0xBF, 0xAF, 0xBE,
    0xD7, 0xEF, 0x7B, 0xFD, 0x00, 0x26, 0x0C, 0xA8, 0x1E, 0xA1, 0x00, 0x2A, 0x06, 0x39, 0xCB, 0xE0,
    0x5A, 0x3E, 0xA0, 0xE2, 0x05, 0x78, 0x82, 0x91, 0x55, 0x9F, 0xE6, 0x63, 0xFD, 0x73, 0x3D, 0x29,
    0xBF, 0x58, 0x44, 0xC7, 0xB7, 0x8B, 0x24, 0x3F, 0x52, 0x20, 0x75, 0x62, 0xE7, 0x66, 0xF4, 0xDA,
    0xAE, 0x99, 0x31, 0xD2, 0x86, 0x0D, 0x34, 0x03, 0x8C, 0x6B, 0xFB, 0x7C, 0xB6, 0xE8, 0xDF, 0x2A,
    0xD5, 0x43, 0xF6, 0x0C, 0x18, 0xDC, 0xDF, 0xEC, 0x8B, 0x05, 0x38, 0x94, 0xCB, 0x73, 0x1C, 0xCE,
    0x7F, 0x3F, 0xC2, 0x23, 0x09, 0x3C, 0x56, 0x9C, 0x7B, 0xB4, 0xA8, 0xF0, 0x78, 0x51, 0xE1, 0x11,
    0xA3, 0xC2, 0x63, 0xFA, 0xF7, 0x03, 0xE2, 0xDC, 0xE3, 0x0A, 0x1C, 0xF2, 0x9F, 0x1D, 0xE2, 0xB0,
    0x93, 0x59, 0x8B, 0xF8, 0x11, 0xD6, 0x2B, 0x05, 0xAF, 0x15, 0x5A, 0xB5, 0x9E, 0x85, 0x86, 0x05,
    0x1C, 0xCB, 0xA9, 0xF5, 0x2C, 0x6F, 0x6E, 0xE5, 0x9E, 0xA5, 0x55, 0x3E, 0xF3, 0xDA, 0xC3, 0xCA,
    0xAB, 0x7F, 0x51, 0x79, 0x96, 0x1F, 0xE5, 0x0D, 0x4B, 0x83, 0xD9, 0xDA, 0xE8, 0xC7, 0xB9, 0xB3,
    0x81, 0x2D, 0x9C, 0xE5, 0x91, 0x5F, 0xC4, 0x72, 0x6A, 0x3D, 0xCB, 0xBB, 0x5B, 0xF8, 0xB1, 0xEC,
    0xE3, 0x58, 0x42, 0xED, 0x59, 0x22, 0xEB, 0x59, 0x82, 0x3D, 0xF6, 0x19, 0x14, 0x33, 0xCF, 0xF2,
    0x43, 0xF5, 0x20, 0x4B, 0xFC, 0x63, 0x6F, 0x43, 0x4B, 0xCB, 0x12, 0x94, 0x73, 0xC4, 0x49, 0x99,
    0x0F, 0x89, 0xAA, 0x29, 0x18, 0xB3, 0xA7, 0xA6, 0xE6, 0x44, 0x0F, 0xF4, 0xFB, 0x66, 0x60, 0x4A,
    0x33, 0x98, 0x2E, 0x99, 0xED, 0xE1, 0x97, 0x2A, 0x23, 0xEC, 0xAF, 0x6B, 0x36, 0xB7, 0x0A, 0x38,
    0x23, 0x2A, 0xD6, 0x88, 0x54, 0x4A, 0xA8, 0xBF, 0x01, 0x76, 0x0E, 0x4B, 0x39, 0x00, 0xC1, 0xE2,
    0x97, 0x88, 0xDE, 0xD9, 0x20, 0xFA, 0x4B, 0xAB, 0x43, 0x7B, 0xDB, 0xD0, 0x7F, 0xCA, 0x04, 0xD6,
    0x6A, 0xF1, 0xDD, 0x32, 0xDF, 0x40, 0xE4, 0x53, 0x22, 0x65, 0x9A, 0x16, 0x2A, 0x4D, 0xD8, 0xBC,
    0x9F, 0x38, 0x34, 0x89, 0x20, 0xBB, 0xB5, 0x20, 0xB4, 0x1A, 0xC4, 0x1C, 0x86, 0x25, 0x4C, 0x93,
    0x1C, 0xA2, 0x82, 0xD2, 0x16, 0xC9, 0xC9, 0x33, 0x0C, 0x81, 0x1D, 0xC0, 0x74, 0x4D, 0xB7, 0xFE,
    0x05, 0x03, 0x93, 0x7D, 0x30, 0x1B, 0x84, 0x95, 0xF8, 0xC9, 0x56, 0x11, 0xDA, 0xB3, 0x56, 0x8F,
    0xC7, 0xF1, 0x48, 0xD1, 0x93, 0x33, 0x87, 0xF5, 0xE4, 0xB3, 0x07, 0x10, 0x5D, 0xCE, 0x5E, 0x72,
    0x78, 0x97, 0xA3, 0xEB, 0x0E, 0x31, 0xFE, 0xD1, 0xF5, 0x21, 0x8E, 0xF2, 0x49, 0x8F, 0xFA, 0x48,
    0x62, 0x00, 0x44, 0x6B, 0x35, 0xC0, 0xAA, 0x47, 0xFE, 0x95, 0x85, 0xB7, 0x99, 0xF6, 0x0C, 0xE0,
    0x39, 0xC0, 0xB3, 0x40, 0xC3, 0xD3, 0x32, 0x91, 0x18, 0x31, 0x03, 0xD6, 0x0F, 0x86, 0x07, 0xFD,
    0x39, 0x72, 0x65, 0x3B, 0xFD, 0xD4, 0x1E, 0xA4, 0x13, 0x48, 0x48, 0xEA, 0x52, 0x13, 0x15, 0xA3,
    0x57, 0xFF, 0xFE, 0xC2, 0xB9, 0x29, 0xAC, 0xC6, 0xB6, 0x30, 0x20, 0xB2, 0xDF, 0x29, 0x74, 0x50,
    0x24, 0x32, 0x2A, 0x4C, 0xA4, 0xC4, 0xC0, 0xE5, 0x65, 0xAC, 0x85, 0xFB, 0x34, 0x1C, 0xD7, 0x07,
    0xFD, 0xB2, 0x10, 0xF3, 0xBE, 0x49, 0x4E, 0x8B, 0x0E, 0x9A, 0x0E, 0x3C, 0xA9, 0x3B, 0xF8, 0x87,
    0xBF, 0xA3, 0x3A, 0x82, 0x50, 0x75, 0x14, 0xE8, 0x8E, 0x04, 0xDD, 0xD2, 0x7C, 0xD3, 0xEA, 0x96,
    0xE8, 0xDF, 0xDD, 0xD4, 0x2D, 0xD5, 0xCB, 0xE8, 0x96, 0xEC, 0x25, 0x74, 0x4B, 0xE7, 0xFE, 0xA7,
    0x25, 0xBC, 0x7C, 0x5B, 0xB7, 0x94, 0xDF, 0xAA, 0x75, 0x68, 0x8B, 0xFE, 0x0C, 0x71, 0x62, 0x4E,
    0x1C, 0x9D, 0xFE, 0x6A, 0xF5, 0x5F, 0x8B, 0xE9, 0x2B, 0x9F, 0x53, 0xFF, 0x42, 0x99, 0xD1, 0x89,
    0xFD, 0x66, 0xF5, 0xEE, 0xC9, 0xE6, 0x45, 0xA3, 0xDF, 0x56, 0x30, 0xD5, 0x77, 0x14, 0x0C, 0x1A,
    0xFB, 0xD9, 0xEA, 0x8F, 0x14, 0xFC, 0xB1, 0x92, 0x33, 0xC2, 0x3B, 0xC5, 0xCA, 0xE8, 0x56, 0x79,
    0x19, 0x97, 0x7A, 0x73, 0x68, 0xD1, 0x68, 0xF1, 0xDC, 0xD3, 0x68, 0x10, 0x2F, 0x3F, 0x7F, 0xE0,
    0x31, 0xFF, 0xD9, 0x1B, 0xFD, 0xD5, 0x06, 0xF5, 0x7F, 0x45, 0x2F, 0x37, 0xB8, 0x3F, 0xBD, 0xFC,
    0x72, 0x83, 0xFC, 0x96, 0x4D, 0x5A, 0xEC, 0x47, 0x92, 0x16, 0x1D, 0xD1, 0xE2, 0x23, 0x1C, 0x43,
    0x74, 0xA7, 0x60, 0xAD, 0xE5, 0xF8, 0x95, 0x45, 0xCB, 0xD2, 0xD7, 0xF0, 0x04, 0x70, 0x04, 0x8C,
    0xFC, 0x5F, 0x68, 0x90, 0xD3, 0xC0, 0xF6, 0x17, 0xF1, 0xF1, 0x9F, 0xFD, 0xDD, 0x87, 0x42, 0x25,
    0x08, 0x2A, 0x51, 0x5A, 0x9D, 0xF4, 0x7F, 0x2F, 0x4F, 0x7A, 0x20, 0x24, 0x88, 0x01, 0xAC, 0x4A,
    0x90, 0x19, 0xC1, 0x2C, 0x39, 0x19, 0x57, 0x94, 0x35, 0x74, 0xD7, 0x8D, 0x02, 0xFE, 0xDE, 0xA9,
    0x82, 0x83, 0x0F, 0x14, 0x8C, 0x6C, 0x01, 0x9F, 0x9B, 0x01, 0x8E, 0xDF, 0xC3, 0xE2, 0x70, 0xFF,
    0x09, 0x0E, 0x38, 0xC5, 0x23, 0xE3, 0xA1, 0xF1, 0xD8, 0x78, 0x70, 0x3C, 0x3A, 0x1E, 0x1E, 0x8F,
    0x8F, 0x27, 0xA0, 0x61, 0xB8, 0x47, 0xE1, 0xE5, 0xD2, 0x49, 0xA6, 0x93, 0x0D, 0x30, 0x30, 0xAD,
    0x97, 0xBB, 0x00, 0xA1, 0xED, 0xD7, 0x3E, 0xDB, 0x1C, 0xDD, 0x93, 0x88, 0x9B, 0x65, 0x10, 0xAA,
    0x18, 0x89, 0x27, 0x6D, 0xF2, 0x69, 0x64, 0x75, 0x54, 0x98, 0xBD, 0x59, 0x76, 0x33, 0x77, 0xFE,
    0xF4, 0x6C, 0x15, 0xA2, 0x42, 0xDF, 0xB9, 0xDE, 0x83, 0x24, 0x37, 0xE5, 0xE5, 0x46, 0xCD, 0xE4,
    0x82, 0x58, 0x81, 0x75, 0x24, 0xAB, 0x22, 0xE7, 0xC0, 0xCF, 0xB6, 0xE8, 0x64, 0x6C, 0x9A, 0x19,
    0xB7, 0x57, 0xE7, 0x00, 0x10, 0xF8, 0x94, 0xCE, 0xEE, 0x6E, 0x29, 0x56, 0x09, 0x0C, 0x40, 0x23,
    0x60, 0x0D, 0x40, 0x20, 0x7E, 0x34, 0x4F, 0x18, 0xDE, 0xFE, 0x5E, 0x9C, 0x4F, 0x6E, 0x64, 0x51,
    0xF1, 0xDE, 0x1B, 0x36, 0x2A, 0xDE, 0x52, 0x4F, 0x39, 0xAE, 0xD9, 0xF3, 0xCE, 0xEC, 0xCD, 0x1D,
    0x7B, 0x90, 0xC7, 0xB9, 0xF1, 0xA1, 0xDE, 0x89, 0xF4, 0x2A, 0x23, 0x97, 0x58, 0x24, 0x8B, 0xBE,
    0x86, 0x76, 0x20, 0xB6, 0x42, 0xFC, 0xEC, 0x37, 0x17, 0xAC, 0x78, 0xD0, 0xC7, 0x21, 0x45, 0xD8,
    0xFA, 0x2B, 0x8C, 0x6E, 0x8E, 0xE7, 0x3C, 0x02, 0x07, 0x00, 0xEB, 0x9E, 0x48, 0x78, 0xA2, 0xE4,
    0x6F, 0x4B, 0xD4, 0x8D, 0xA4, 0x1B, 0x0B, 0x1F, 0x8E, 0x06, 0x24, 0x7C, 0x38, 0x22, 0x10, 0xD0,
    0x8C, 0x2A, 0x11, 0xDA, 0x8F, 0xEB, 0xA9, 0xE1, 0xFE, 0xE4, 0xC6, 0xB3, 0xD1, 0x4B, 0xFD, 0x5D,
    0x4F, 0xF9, 0x72, 0xF4, 0x1F, 0x3D, 0xE9, 0xCB, 0x4F, 0xBE, 0xE4, 0x69, 0x5F, 0xB4, 0x69, 0x43,
    0xBC, 0x99, 0x36, 0xD4, 0xA4, 0x0D, 0x39, 0x2B, 0x0D, 0x3D, 0xD2, 0x09, 0x58, 0xF0, 0xA9, 0x79,
    0x23, 0x61, 0x54, 0x09, 0xDD, 0xB7, 0x05, 0xC3, 0x3F, 0xAD, 0xAF, 0xCD, 0x90, 0xFD, 0x57, 0xF8,
    0x06, 0x8F, 0x8C, 0x6C, 0x25, 0xA0, 0xFE, 0xF6, 0x2C, 0x21, 0xD2, 0xC8, 0xA8, 0x48, 0x0A, 0x56,
    0xA2, 0x42, 0x40, 0x1A, 0x15, 0xA3, 0x50, 0x39, 0xFB, 0xAB, 0x91, 0x4A, 0x93, 0x3C, 0x8E, 0x4C,
    0x4F, 0x10, 0xDD, 0x3E, 0xDA, 0x3F, 0x24, 0x38, 0xEB, 0xEB, 0x19, 0x00, 0xF8, 0xB5, 0xCE, 0xC7,
    0x49, 0xF1, 0x28, 0xE1, 0xBD, 0x47, 0xB3, 0x0E, 0x20, 0xFC, 0x0C, 0x4B, 0x10, 0x57, 0x4D, 0x9C,
    0x6F, 0x78, 0xEC, 0x6D, 0xD6, 0xA2, 0xC2, 0x90, 0x76, 0x46, 0x7B, 0xF3, 0xF6, 0x62, 0x25, 0xCE,
    0xED, 0xF3, 0xBD, 0x84, 0xDD, 0x54, 0x0A, 0x46, 0x87, 0x7B, 0x87, 0x24, 0xF3, 0xB7, 0x67, 0x84,
    0x8B, 0xFE, 0x1C, 0xF1, 0x7F, 0xEA, 0x12, 0x19, 0xA9, 0xA4, 0x98, 0xC6, 0x79, 0xA4, 0x4C, 0x42,
    0x50, 0x19, 0x31, 0x43, 0xEB, 0x87, 0x77, 0xD1, 0x86, 0x9E, 0x37, 0x32, 0xD0, 0x13, 0x64, 0xA8,
    0x24, 0xD3, 0x58, 0x65, 0xD7, 0xDE, 0x2C, 0x1D, 0xEF, 0x17, 0xE7, 0x0E, 0x20, 0x3A, 0x43, 0x8C,
    0xC5, 0x98, 0x34, 0xFE, 0xAD, 0xA8, 0x20, 0xFA, 0x83, 0x00, 0x6B, 0xC7, 0x73, 0x2E, 0xDE, 0x5C,
    0x2A, 0x59, 0x81, 0xB8, 0x90, 0x10, 0xA9, 0x41, 0x7C, 0xE6, 0xFE, 0x56, 0x8C, 0x23, 0xB5, 0x21,
    0x44, 0x5C, 0x88, 0xDB, 0xCF, 0x7A, 0x00, 0x31, 0x07, 0x20, 0xB6, 0x77, 0xDD, 0xF0, 0xCA, 0xE2,
    0x93, 0xED, 0xE8, 0xF6, 0x01, 0x99, 0xD9, 0x7C, 0xAD, 0x3C, 0xAE, 0xD2, 0x3B, 0xCA, 0x88, 0x3B,
    0x6A, 0x22, 0xCA, 0x9B, 0x26, 0xD9, 0x28, 0xAB, 0xC4, 0x2C, 0x21, 0x0C, 0x08, 0xED, 0xE2, 0x67,
    0x22, 0xB5, 0x3A, 0x4D, 0x94, 0x1C, 0x1E, 0x9D, 0xCC, 0xC4, 0x7C, 0x54, 0x05, 0x56, 0x97, 0x4A,
    0x1C, 0xFD, 0xA7, 0x93, 0xD9, 0x86, 0x16, 0xB9, 0xFC, 0x9A, 0x4A, 0x59, 0xFD, 0x20, 0xEF, 0x21,
    0x4E, 0x91, 0x88, 0x63, 0x46, 0x55, 0x72, 0xCA, 0x3F, 0x32, 0xC9, 0x07, 0x39, 0x13, 0xFF, 0x85,
    0x62, 0xD2, 0xCF, 0xE9, 0x50, 0xCB, 0x5E, 0x3D, 0xFE, 0x1F, 0xF3, 0x0B, 0xD9, 0x99, 0xA8, 0xBA,
    0xEC, 0x71, 0xA9, 0x33, 0x56, 0xE9, 0x39, 0x31, 0x41, 0xCD, 0x6A, 0x7C, 0xAC, 0x44, 0xE2, 0xA7,
    0x7A, 0xA0, 0x85, 0xB5, 0x3A, 0x79, 0xF6, 0x66, 0x2E, 0xD6, 0x40, 0x48, 0x48, 0x25, 0xAC, 0x49,
    0xD8, 0xCD, 0x08, 0x4D, 0x72, 0x52, 0x2A, 0xCA, 0xBB, 0x74, 0xD7, 0x00, 0xD8, 0x06, 0x0C, 0x44,
    0x2A, 0xD3, 0x59, 0x71, 0x69, 0xF6, 0x75, 0x33, 0x91, 0x66, 0x17, 0x69, 0x0F, 0xB2, 0xC5, 0xE9,
    0xE2, 0xD2, 0xAB, 0xE6, 0xC0, 0xF0, 0xFD, 0x85, 0x61, 0xF4, 0x73, 0x43, 0xF0, 0x49, 0x03, 0x9F,
    0xD9, 0x20, 0x30, 0xD9, 0xC9, 0x58, 0x05, 0xF6, 0x43, 0x9C, 0x1D, 0x60, 0x06, 0x91, 0x86, 0x24,
    0xCF, 0x74, 0x5F, 0x0F, 0x67, 0x97, 0xE6, 0x0E, 0x47, 0x2E, 0x4B, 0xB3, 0x9C, 0x2D, 0xAC, 0xBA,
    0xF4, 0xEA, 0x6F, 0x1A, 0x03, 0x03, 0x03, 0x3D, 0x03, 0x1F, 0x8D, 0xD3, 0x5D, 0x99, 0x6D, 0x87,
    0x5A, 0x5F, 0x59, 0x34, 0xBE, 0x22, 0xA3, 0xBD, 0x62, 0xD5, 0xFA, 0xB0, 0x4A, 0xF4, 0x63, 0xF6,
    0x15, 0x30, 0xFD, 0xEF, 0xDB, 0xAB, 0x35, 0x4C, 0x64, 0x5F, 0x93, 0x28, 0xB6, 0x07, 0x23, 0xAB,
    0xAC, 0x62, 0xB0, 0x5C, 0x7F, 0xFB, 0xF4, 0x66, 0xCE, 0x20, 0xD4, 0x8C, 0x72, 0x18, 0xC4, 0x45,
    0x03, 0x32, 0x10, 0x20, 0xBC, 0xF7, 0x79, 0xCD, 0x80, 0x6D, 0x97, 0xD9, 0x02, 0x89, 0x89, 0x23,
    0xDD, 0xCF, 0x0F, 0x03, 0x1D, 0xDD, 0xAE, 0xCB, 0x53, 0x7B, 0x5B, 0xF9, 0xFC, 0x2E, 0xBF, 0x55,
    0x13, 0xD7, 0x41, 0x79, 0xB7, 0x2C, 0xB2, 0xD3, 0x1B, 0x27, 0xE3, 0x5B, 0x66, 0xA8, 0x6A, 0xA2,
    0x7C, 0xFA, 0x87, 0x3F, 0xB0, 0x0B, 0xD8, 0x31, 0xC9, 0xDD, 0xAD, 0xC4, 0xCE, 0x75, 0x46, 0x64,
    0x5F, 0xDB, 0xD4, 0x92, 0x60, 0x06, 0xC6, 0x80, 0x81, 0xF7, 0xE6, 0x29, 0x1A, 0xFE, 0x78, 0x5F,
    0x60, 0x60, 0x20, 0xB3, 0x70, 0x0E, 0x8F, 0x0F, 0xCB, 0x63, 0x7B, 0x75, 0x8E, 0x78, 0xB7, 0x7E,
    0xC8, 0x1A, 0x00, 0x22, 0x05, 0x40, 0x0C, 0x00, 0x49, 0xE7, 0xFE, 0x6D, 0x7B, 0xEF, 0x0C, 0x00,
    0x96, 0x7D, 0xE6, 0x34, 0xA9, 0x73, 0xDA, 0xE4, 0x4E, 0xA4, 0x5C, 0xF2, 0xAC, 0x81, 0xFC, 0x20,
    0x97, 0x89, 0x5D, 0x9C, 0x32, 0xAA, 0xE1, 0x98, 0x4F, 0xCD, 0xE0, 0x14, 0x26, 0xE0, 0x32, 0xC8,
    0x80, 0x4B, 0xA1, 0x19, 0xB8, 0x1C, 0x5A, 0x80, 0x4B, 0xA2, 0xEF, 0xDC, 0x3A, 0x70, 0x59, 0x14,
    0xDA, 0xD9, 0x3D, 0xDA, 0xF8, 0x1C, 0x69, 0x53, 0x7A, 0x11, 0x59, 0x00, 0x1E, 0x81, 0xEE, 0x32,
    0x40, 0x60, 0xDA, 0xBF, 0xE8, 0xA6, 0xF3, 0xA8, 0x10, 0x27, 0xE6, 0x54, 0xFB, 0xA5, 0xD2, 0xF8,
    0x75, 0x72, 0xD9, 0x2F, 0x92, 0x45, 0xB3, 0x42, 0x36, 0xCB, 0x63, 0xB3, 0x36, 0x36, 0xC6, 0x29,
    0x60, 0xEA, 0x17, 0x5D, 0xE3, 0xD7, 0xC3, 0xA2, 0x5D, 0x0C, 0x81, 0xD0, 0x79, 0x37, 0xA3, 0xF2,
    0x01, 0x91, 0xEE, 0x38, 0x24, 0xD0, 0x03, 0x56, 0x80, 0x34, 0xB1, 0x45, 0x3A, 0xBA, 0x92, 0xA7,
    0x53, 0x48, 0x0D, 0xAC, 0x68, 0x90, 0x06, 0x06, 0x13, 0x30, 0x1B, 0x44, 0x95, 0xB8, 0x55, 0xE6,
    0x41, 0x87, 0xE5, 0x3E, 0x42, 0xB4, 0x80, 0xF0, 0x46, 0x4E, 0xF8, 0x83, 0x8A, 0xF0, 0xCF, 0x0D,
    0xD8, 0x5D, 0x78, 0xF4, 0x71, 0x20, 0x8D, 0x6D, 0x21, 0xFA, 0xAF, 0x21, 0x76, 0x21, 0x31, 0x6D,
    0x13, 0x3A, 0xCC, 0xFD, 0xEC, 0x4C, 0xBB, 0xD9, 0x39, 0x17, 0xB3, 0xBD, 0x8A, 0x76, 0x76, 0xD5,
    0x20, 0xEE, 0x6E, 0x69, 0x1E, 0x86, 0x83, 0xF3, 0xDF, 0x62, 0x67, 0x24, 0xB9, 0x18, 0x13, 0x15,
    0x69, 0x54, 0x44, 0x8A, 0x48, 0x45, 0x6A, 0xCF, 0xAA, 0x50, 0x65, 0xBF, 0x97, 0x87, 0x6A, 0x0D,
    0x22, 0xD5, 0x7E, 0x91, 0x50, 0xF9, 0x77, 0x26, 0x2E, 0x64, 0x68, 0x04, 0x62, 0x5C, 0x1F, 0x12,
    0xD5, 0x62, 0x46, 0xB7, 0xA2, 0x1E, 0x01, 0x8C, 0x2A, 0x60, 0x30, 0x07, 0xE4, 0xD0, 0x21, 0xF7,
    0x4F, 0x5D, 0xBF, 0x7F, 0xFC, 0xC5, 0xE2, 0x13, 0x51, 0x11, 0x7A, 0xE4, 0xA0, 0x72, 0xC8, 0x68,
    0x87, 0x8C, 0x5E, 0x03, 0xB4, 0xF4, 0x66, 0x80, 0x0E, 0x2A, 0x89, 0x09, 0x95, 0x43, 0x8E, 0x95,
    0x43, 0x1E, 0x3B, 0xE4, 0xC4, 0xA3, 0xB0, 0x04, 0x40, 0x06, 0x40, 0xBB, 0x2E, 0x6B, 0x80, 0xA4,
    0x00, 0xF6, 0x2C, 0x10, 0xBA, 0x59, 0x16, 0xCF, 0x92, 0x22, 0xB4, 0xEF, 0x1C, 0x08, 0x38, 0x5C,
    0xA4, 0x69, 0x66, 0xA4, 0x14, 0x62, 0x78, 0x20, 0x07, 0x22, 0x91, 0xBD, 0x1E, 0x89, 0x58, 0xEC,
    0x4A, 0x12, 0x59, 0x1A, 0x89, 0x58, 0x2C, 0xE5, 0x53, 0xC4, 0xB3, 0x79, 0x68, 0x58, 0x8B, 0xEA,
    0xB1, 0x72, 0x39, 0xBB, 0x75, 0x46, 0xA9, 0x01, 0x9A, 0x22, 0x1F, 0xCA, 0x2B, 0x65, 0xCE, 0xA7,
    0x89, 0x2B, 0x00, 0x03, 0xB0, 0x23, 0x6E, 0x6B, 0xE4, 0xB0, 0xDE, 0xA7, 0xB7, 0xF3, 0x42, 0x8F,
    0x15, 0x43, 0x8F, 0xF4, 0x8E, 0x3D, 0x23, 0x7D, 0xF3, 0xE8, 0x69, 0x52, 0x6D, 0x20, 0x7D, 0x4F,
    0x35, 0x26, 0x61, 0xE5, 0x5F, 0xFB, 0x79, 0xE7, 0x92, 0xB9, 0xD8, 0x59, 0x39, 0x2A, 0x4F, 0x0D,
    0x7D, 0x53, 0x16, 0x89, 0xC9, 0x6A, 0xFA, 0x87, 0xF5, 0x58, 0xCB, 0x4C, 0x33, 0x1B, 0x08, 0x90,
    0xCB, 0x23, 0x9B, 0xAF, 0x71, 0xB2, 0x55, 0xA5, 0x91, 0xC2, 0xA4, 0x22, 0x77, 0xA6, 0x5F, 0x30,
    0x59, 0xFD, 0xD5, 0x02, 0xD3, 0x8B, 0x54, 0xA8, 0x77, 0x83, 0x7A, 0xFC, 0x86, 0x03, 0xA8, 0x45,
    0x01, 0x40, 0xA0, 0x5D, 0x5B, 0x00, 0xB7, 0x01, 0x9F, 0x91, 0xEF, 0x69, 0x28, 0x0D, 0x3C, 0x3A,
    0x00, 0x64, 0x6C, 0x73, 0x39, 0xBA, 0x42, 0x6F, 0x1F, 0x7A, 0x06, 0x64, 0x97, 0x5C, 0x3B, 0xA6,
    0x49, 0xAE, 0xB8, 0xCA, 0x5C, 0x72, 0x85, 0xCD, 0x08, 0x8B, 0xE8, 0x44, 0x47, 0xC5, 0x34, 0x60,
    0xC7, 0x8D, 0x78, 0xF4, 0xDA, 0xE6, 0x0C, 0x0C, 0xE8, 0xC6, 0xEE, 0xC3, 0xE8, 0xEA, 0xDC, 0xCF,
    0xE2, 0x48, 0x11, 0x43, 0xD2, 0xCC, 0xDA, 0xE8, 0x0C, 0x96, 0x3F, 0x46, 0xBD, 0x02, 0x24, 0x00,
    0x71, 0xEE, 0xD2, 0x33, 0x2A, 0xFA, 0x57, 0xF2, 0xA8, 0xD8, 0x81, 0xA8, 0x30, 0x1F, 0x1A, 0x1D,
    0xFA, 0x32, 0x22, 0x52, 0x82, 0x69, 0x52, 0xAD, 0x32, 0x3A, 0x3A, 0x59, 0x90, 0xCC, 0x47, 0x9A,
    0xC4, 0xF4, 0xCF, 0x18, 0xBA, 0x20, 0x29, 0x99, 0x15, 0x81, 0x79, 0x44, 0xD4, 0x4C, 0xC9, 0xDC,
    0x27, 0x64, 0x58, 0xC9, 0xEF, 0x4F, 0xD1, 0xBD, 0x52, 0xA3, 0xE5, 0xAF, 0xE1, 0x8C, 0x24, 0xAC,
    0x76, 0x32, 0x62, 0x65, 0xE2, 0x93, 0x52, 0x54, 0x94, 0xF3, 0x2C, 0xA7, 0x3C, 0x23, 0x39, 0xB5,
    0xAA, 0x9F, 0x04, 0x5A, 0x06, 0x98, 0x49, 0x66, 0x8D, 0x39, 0x7A, 0x6D, 0xF3, 0x5D, 0x0D, 0x6F,
    0xF9, 0x70, 0xF9, 0x56, 0xB5, 0x11, 0x91, 0x7B, 0x57, 0x0D, 0x89, 0xAD, 0x5A, 0xD1, 0x8F, 0x77,
    0x93, 0x34, 0xFB, 0x0D, 0x10, 0x0B, 0x60, 0x33, 0xD3, 0xD9, 0xDF, 0xE2, 0xAB, 0xBE, 0x80, 0x70,
    0x0E, 0x58, 0xE0, 0xA7, 0x85, 0x67, 0x8B, 0x17, 0xA5, 0x11, 0xE3, 0x47, 0x3F, 0xF3, 0x78, 0x9C,
    0x4B, 0xBF, 0x28, 0x67, 0xB6, 0xE8, 0x5D, 0x7A, 0xED, 0x17, 0x3F, 0xA0, 0x07, 0x8B, 0x8F, 0xF3,
    0x71, 0x5E, 0xA5, 0xFB, 0xB6, 0xAA, 0x92, 0x5C, 0xFC, 0xD5, 0x22, 0x2E, 0x36, 0x58, 0xF7, 0xC5,
    0x87, 0xF0, 0xD1, 0x4D, 0x9C, 0xF1, 0xEF, 0x34, 0xAB, 0x71, 0xFE, 0xD3, 0x85, 0x4C, 0xB0, 0xCF,
    0x1B, 0xC1, 0x6E, 0xAA, 0xD7, 0x18, 0x1D, 0x9E, 0xCC, 0xBB, 0x38, 0xCF, 0x42, 0x9B, 0x0F, 0x0F,
    0xC4, 0xB5, 0x6A, 0xB0, 0x2A, 0x31, 0xA4, 0x13, 0x76, 0x6C, 0xAD, 0x91, 0x02, 0x8B, 0x94, 0x5C,
    0xCB, 0x7B, 0x92, 0xA8, 0x90, 0x03, 0x6F, 0x24, 0x49, 0xBE, 0x93, 0x21, 0x30, 0xC9, 0xAD, 0xC5,
    0x97, 0x2B, 0x4A, 0x5D, 0x02, 0xED, 0x4E, 0xAC, 0xFF, 0xB3, 0xB1, 0xDA, 0x20, 0x34, 0xC0, 0x4E,
    0x17, 0xC0, 0x34, 0xFB, 0xD1, 0x99, 0x18, 0xDE, 0xD8, 0x12, 0xFF, 0xE5, 0xC6, 0xC5, 0xCB, 0xAE,
    0xA2, 0xBB, 0xFC, 0x56, 0xF5, 0xA5, 0xA7, 0xF4, 0xBC, 0x2F, 0xCC, 0xDE, 0x22, 0x9D, 0x04, 0x1E,
    0x99, 0xDD, 0x7E, 0xB3, 0x5C, 0x8F, 0x95, 0x7F, 0x5E, 0x1D, 0x58, 0x8D, 0x43, 0xDB, 0xAA, 0xD8,
    0x80, 0x19, 0x80, 0x3C, 0x97, 0x4E, 0xD9, 0x5F, 0x9C, 0xC5, 0xF9, 0xF0, 0xF6, 0x56, 0x54, 0x38,
    0xD0, 0x17, 0x0B, 0x87, 0xFA, 0x62, 0xF1, 0xE6, 0xFB, 0xE3, 0x2F, 0x16, 0xBA, 0x3C, 0x8B, 0x0A,
    0xB3, 0xB4, 0x19, 0xE7, 0x26, 0x9B, 0x25, 0x4C, 0x87, 0xBB, 0x02, 0x29, 0xE5, 0x3A, 0xFD, 0xC3,
    0x4B, 0x0B, 0xE2, 0xC5, 0x48, 0x03, 0x99, 0x26, 0x3C, 0x1B, 0xEE, 0x93, 0xBD, 0x3A, 0x91, 0x48,
    0x0C, 0x4C, 0xB1, 0x33, 0x0C, 0xCF, 0x1C, 0x61, 0x20, 0xC9, 0x35, 0x38, 0x94, 0x50, 0x39, 0x13,
    0xA9, 0xB8, 0xD8, 0x89, 0x8C, 0xA0, 0x3F, 0x3E, 0x3A, 0x72, 0x00, 0xFD, 0x19, 0xED, 0x15, 0x17,
    0xD0, 0xCF, 0x61, 0x01, 0xB1, 0x86, 0x11, 0x44, 0x0E, 0x23, 0xFB, 0x6E, 0x8D, 0x44, 0x30, 0xF1,
    0x00, 0x44, 0x4A, 0x9F, 0xDF, 0x61, 0xFB, 0x87, 0x4D, 0x76, 0x6F, 0x87, 0xED, 0xAB, 0xD3, 0xB0,
    0xBE, 0x36, 0x47, 0x14, 0xB8, 0x67, 0x06, 0x02, 0x39, 0xB2, 0x6F, 0x30, 0xF9, 0xE5, 0xF7, 0x9F,
    0xC2, 0x30, 0xBB, 0x84, 0x61, 0x6F, 0x8E, 0x66, 0x29, 0x47, 0x43, 0x82, 0xE9, 0x8C, 0x60, 0x0A,
    0x29, 0x12, 0xD6, 0xC8, 0x60, 0x9F, 0xE4, 0x27, 0x8F, 0x19, 0xB0, 0x36, 0x87, 0x60, 0xB3, 0x4B,
    0x96, 0x7B, 0xEB, 0x4E, 0x05, 0x18, 0x60, 0x27, 0x3E, 0x43, 0x66, 0xE3, 0x7C, 0xA5, 0x17, 0xA9,
    0xF4, 0x82, 0x6B, 0x89, 0x55, 0xE9, 0xF0, 0xB5, 0xBC, 0x59, 0x77, 0xBA, 0x0C, 0x96, 0x06, 0x66,
    0x1B, 0x44, 0xDA, 0x65, 0x5E, 0xE1, 0xD7, 0x9D, 0xF3, 0x75, 0x69, 0x15, 0xFB, 0xBA, 0xD4, 0x8D,
    0x26, 0x81, 0xAE, 0x2E, 0x4D, 0x0E, 0xF6, 0xB4, 0xA1, 0x77, 0xE2, 0x8C, 0xD4, 0xD5, 0x04, 0xF9,
    0x9E, 0xAF, 0x4B, 0xEF, 0x14, 0xD9, 0x35, 0x6D, 0x71, 0x49, 0xD5, 0xA5, 0x6E, 0x37, 0x77, 0x66,
    0x13, 0x69, 0x06, 0xCB, 0x3D, 0x33, 0x70, 0x73, 0x67, 0x76, 0xE9, 0x3F, 0x5C, 0x5B, 0x98, 0xD2,
    0xAE, 0x98, 0xF7, 0x7F, 0x2B, 0x35, 0xB3, 0xB5, 0xD4, 0xE5, 0xC3, 0xDA, 0xC6, 0x52, 0x7E, 0x20,
    0x4E, 0xC6, 0x3A, 0x28, 0xEB, 0x8F, 0x5F, 0xD0, 0x32, 0xF1, 0xC5, 0xB0, 0x71, 0x05, 0x6D, 0x30,
    0x8F, 0x94, 0x38, 0xB6, 0x63, 0xC2, 0x3A, 0x59, 0x38, 0xD2, 0xB8, 0x66, 0x38, 0x1F, 0x8D, 0xD5,
    0x44, 0x4E, 0x43, 0xBD, 0x2C, 0x35, 0x46, 0xD4, 0x8A, 0x6D, 0xE9, 0x80, 0x07, 0x26, 0xF8, 0x0E,
    0x03, 0x4D, 0xC2, 0xC0, 0x20, 0xD8, 0xF6, 0x66, 0xB2, 0xCB, 0x5A, 0xA0, 0xFB, 0xB7, 0xE6, 0x63,
    0xE5, 0x66, 0x53, 0x0D, 0x36, 0x2B, 0xA2, 0xE3, 0x13, 0x1D, 0x7F, 0xC1, 0x98, 0xC4, 0x5A, 0x23,
    0x6E, 0x3E, 0xB3, 0xD9, 0x07, 0x46, 0x39, 0xCF, 0xFD, 0x51, 0x81, 0x79, 0xAF, 0x0A, 0xB4, 0xBE,
    0xFB, 0x98, 0xD2, 0xA3, 0x1A, 0xE3, 0x02, 0x6F, 0x40, 0x6E, 0x83, 0xF4, 0x29, 0x2B, 0x7E, 0xF2,
    0x98, 0x0E, 0xFC, 0x13, 0x59, 0xDA, 0xF4, 0x69, 0xA3, 0x5D, 0xFE, 0xCC, 0x77, 0x22, 0xBD, 0x36,
    0x89, 0x54, 0xB3, 0x69, 0x31, 0x41, 0x91, 0xE8, 0x6E, 0x8D, 0xF6, 0x6D, 0xD2, 0x16, 0xAF, 0xB2,
    0xFF, 0xBB, 0x0F, 0xCF, 0xE3, 0xB9, 0xA8, 0x00, 0x31, 0x67, 0xB8, 0x85, 0x49, 0x72, 0xE3, 0x13,
    0xB1, 0x70, 0x6F, 0xBE, 0xD1, 0xA7, 0xBF, 0x20, 0xC8, 0x81, 0x51, 0x71, 0x52, 0x69, 0xFD, 0xD7,
    0x7A, 0x4F, 0x2D, 0x75, 0xEF, 0x4F, 0xAB, 0x51, 0xC1, 0xB9, 0x6B, 0xCB, 0x91, 0x03, 0x51, 0xFD,
    0x65, 0xD3, 0xF8, 0x82, 0x03, 0xDA, 0x6B, 0xBD, 0xF3, 0x02, 0x5F, 0x5A, 0x5A, 0x97, 0xE2, 0xFD,
    0x3F, 0xB5, 0xD7, 0x4E, 0x4C, 0xA4, 0x64, 0xBF, 0x0A, 0xD4, 0xB6, 0x8B, 0xE9, 0xC8, 0x16, 0x0C,
    0x22, 0x45, 0xFD, 0x6D, 0x63, 0xE7, 0xA1, 0xF2, 0xA5, 0xE5, 0xCF, 0x36, 0xFD, 0x64, 0x20, 0x03,
    0x17, 0x64, 0x10, 0xD0, 0x6C, 0x99, 0x04, 0x24, 0xF9, 0xA8, 0xFB, 0xAF, 0x24, 0xD2, 0xFD, 0x8A,
    0x5D, 0x5C, 0x69, 0x79, 0x58, 0x5F, 0x33, 0xF8, 0xD2, 0xB2, 0x6F, 0xF3, 0x86, 0xA7, 0x0E, 0x6A,
    0x3C, 0xCF, 0xED, 0x2F, 0xDD, 0xCE, 0x1D, 0x4F, 0x1C, 0x5D, 0x8F, 0x0A, 0xCF, 0xE3, 0x7C, 0xEE,
    0x78, 0xDE, 0xB5, 0xD7, 0x2D, 0x91, 0xE3, 0xB9, 0xF5, 0xEF, 0xCB, 0x22, 0x71, 0x3C, 0xC2, 0xDE,
    0x51, 0x19, 0x88, 0xF5, 0x67, 0xDE, 0x52, 0x9E, 0x67, 0x3D, 0x7C, 0x5B, 0xF9, 0x12, 0x56, 0xD8,
    0x1F, 0xAA, 0xD8, 0xF3, 0x3C, 0x9D, 0x79, 0x9E, 0xFD, 0xFA, 0xEA, 0xA2, 0xE1, 0xC9, 0x7C, 0x91,
    0xDC, 0x5D, 0xED, 0xE4, 0xF2, 0x83, 0xBF, 0x38, 0x6F, 0xC7, 0x3E, 0xEC, 0x86, 0x9C, 0x77, 0xA5,
    0xA8, 0xCB, 0x6B, 0x43, 0x58, 0xB9, 0xCC, 0x3E, 0x04, 0x2D, 0x1B, 0xFD, 0x66, 0x1A, 0xFF, 0xBA,
    0x2D, 0x30, 0x26, 0x11, 0x37, 0x61, 0x62, 0x84, 0xC5, 0x39, 0xFD, 0xF0, 0x37, 0xBC, 0x33, 0xF4,
    0x00, 0x63, 0x90, 0x4C, 0x30, 0x13, 0x36, 0x98, 0x05, 0x5A, 0x52, 0xB2, 0x88, 0xDC, 0x2E, 0xEC,
    0x83, 0xE3, 0xDB, 0xE3, 0x3C, 0xB4, 0x5F, 0xB0, 0xF1, 0x19, 0x74, 0x95, 0xC3, 0x0C, 0xCA, 0xEF,
    0x1E, 0xC1, 0x8C, 0x44, 0x7D, 0x58, 0xA8, 0x98, 0xE4, 0xF6, 0x8C, 0x9D, 0xE1, 0xD1, 0x21, 0x72,
    0xE7, 0x33, 0x02, 0x69, 0x70, 0xE6, 0x03, 0x6B, 0xE9, 0xBD, 0x79, 0xF4, 0x0C, 0x52, 0x6B, 0xFC,
    0x1C, 0x82, 0xC1, 0x1F, 0x2A, 0x98, 0xFC, 0x5A, 0x45, 0x60, 0xA4, 0x07, 0x48, 0x47, 0x57, 0xAD,
    0x07, 0xFD, 0x09, 0x9C, 0x1B, 0x89, 0x30, 0x40, 0xE2, 0xF5, 0x25, 0x49, 0x0E, 0xC9, 0x53, 0x0A,
    0xA2, 0x33, 0x03, 0x6C, 0x6E, 0xC7, 0xFE, 0x11, 0xAE, 0xEF, 0x19, 0xE4, 0xF6, 0xDD, 0xC2, 0x81,
    0x56, 0xD0, 0xBB, 0xA3, 0x9C, 0xF1, 0x75, 0x82, 0xBC, 0x53, 0x3C, 0xEA, 0x8C, 0x92, 0x0C, 0xBE,
    0xAE, 0x86, 0x18, 0x79, 0x72, 0x7A, 0xAC, 0x19, 0xFD, 0xB8, 0xCD, 0x19, 0xBA, 0x48, 0x2E, 0x5A,
    0x57, 0xE6, 0x40, 0x53, 0x64, 0x03, 0x4C, 0x8D, 0x7F, 0x9A, 0xC5, 0x68, 0xDE, 0x3F, 0xB0, 0xD7,
    0xE6, 0x9F, 0xE8, 0xC9, 0x4C, 0x33, 0x64, 0x65, 0x20, 0x72, 0xC7, 0x98, 0xBA, 0x1A, 0x26, 0x7B,
    0x3D, 0x4F, 0x39, 0xD9, 0x5A, 0x80, 0xAF, 0x63, 0x66, 0x90, 0x26, 0x39, 0x06, 0x56, 0x7C, 0x2D,
    0x03, 0xD2, 0x55, 0x33, 0x73, 0xD8, 0x89, 0x54, 0x58, 0x13, 0x1A, 0x57, 0xD1, 0x5C, 0xF7, 0x1B,
    0xB5, 0xBE, 0xDF, 0x7D, 0xD0, 0x5D, 0xDD, 0x72, 0x02, 0x7E, 0x45, 0x29, 0x80, 0x35, 0x42, 0x03,
    0x00, 0xFB, 0xAD, 0x93, 0x89, 0xC9, 0x6C, 0xCD, 0xAA, 0x2F, 0xA1, 0x8E, 0x95, 0x90, 0x59, 0x25,
    0x82, 0x4A, 0x0C, 0x32, 0x3E, 0x81, 0x16, 0xEC, 0xD9, 0x2F, 0x59, 0x9D, 0x38, 0x11, 0xF6, 0xB5,
    0x5C, 0x44, 0x8A, 0x39, 0x08, 0xD1, 0x88, 0x48, 0x5B, 0x11, 0x6B, 0xAD, 0x88, 0xDD, 0x07, 0x45,
    0x9C, 0xF1, 0xA1, 0x88, 0xD8, 0xCE, 0x60, 0xEF, 0x66, 0x09, 0xDB, 0xC4, 0x0A, 0xBA, 0x35, 0x77,
    0x0A, 0x20, 0x01, 0x7A, 0x89, 0xCD, 0x59, 0x59, 0xDF, 0xD3, 0xA4, 0x3E, 0xC2, 0xA9, 0x8F, 0x70,
    0xEA, 0x23, 0x9C, 0xBE, 0xED, 0x8D, 0x8F, 0xF0, 0x8A, 0x8F, 0xB0, 0xFC, 0x7A, 0x35, 0x62, 0xDF,
    0x47, 0xD8, 0xD0, 0xFF, 0xB1, 0x2D, 0x1E, 0xCC, 0x8F, 0xE9, 0xFD, 0xF9, 0x71, 0x3C, 0x63, 0x67,
    0xD4, 0xE4, 0x87, 0xF4, 0xF9, 0xB1, 0xEC, 0x4D, 0xDF, 0xD2, 0xD3, 0xB5, 0xCB, 0x8F, 0x37, 0xEF,
    0xCB, 0x8F, 0xE9, 0x67, 0x35, 0x81, 0xE9, 0xCD, 0x1D, 0x80, 0x18, 0xDD, 0xB2, 0xF0, 0x50, 0x97,
    0x1F, 0x61, 0x97, 0xE6, 0xB3, 0xF6, 0x53, 0xDD, 0xBA, 0x37, 0x8A, 0xC6, 0xFD, 0x79, 0x95, 0xE8,
    0xAC, 0xCE, 0xAD, 0xE9, 0xEF, 0xD7, 0xE3, 0xD9, 0xA3, 0xDB, 0x2E, 0x76, 0x1C, 0x32, 0x18, 0x88,
    0x3A, 0xAB, 0x91, 0xCB, 0x62, 0x5C, 0x3F, 0x4D, 0x8F, 0x5E, 0x38, 0x83, 0xDE, 0x74, 0x8A, 0x01,
    0x59, 0x6A, 0x34, 0xF8, 0x3A, 0xCB, 0xC0, 0x8E, 0x24, 0x34, 0x60, 0x32, 0xE2, 0x33, 0xE2, 0xCA,
    0x55, 0x5B, 0xBE, 0x4C, 0xA1, 0x9C, 0xFB, 0x4A, 0x25, 0x31, 0xFD, 0xDA, 0x16, 0x7D, 0x37, 0xFB,
    0x8F, 0xB5, 0x03, 0x8E, 0x99, 0x3A, 0x5C, 0x18, 0x90, 0x8D, 0x2F, 0xBB, 0xDB, 0x32, 0x74, 0xDB,
    0xC7, 0xED, 0x29, 0x7E, 0xEC, 0x1A, 0x03, 0x5F, 0x05, 0x0D, 0x2D, 0xA2, 0x03, 0x9C, 0x83, 0xC3,
    0x73, 0xE5, 0xA6, 0x83, 0x8B, 0xAD, 0x06, 0x88, 0x72, 0x00, 0x01, 0x40, 0x0A, 0x80, 0xF8, 0x0D,
    0x80, 0x6E, 0xA6, 0x6D, 0x02, 0x0F, 0xFC, 0xDE, 0x44, 0xF6, 0xB3, 0x2D, 0x05, 0xB0, 0xD2, 0x3D,
    0x33, 0x60, 0xB7, 0xF3, 0x6B, 0xF8, 0xCA, 0x3B, 0x47, 0xE0, 0x35, 0x1A, 0x12, 0xFC, 0xF0, 0x0F,
    0x88, 0x73, 0x3F, 0xFE, 0x05, 0x51, 0xD1, 0x04, 0xC0, 0xF9, 0x26, 0x02, 0xCE, 0xFB, 0x10, 0x78,
    0x5F, 0xEA, 0xD6, 0xFB, 0x62, 0x33, 0x2A, 0xE2, 0xDC, 0x6B, 0x8E, 0x94, 0xF0, 0xAA, 0x67, 0xBE,
    0x6C, 0xF5, 0xBA, 0xCB, 0x7A, 0x81, 0x53, 0x9E, 0xCC, 0xFB, 0x9A, 0x7B, 0x57, 0xB7, 0x17, 0xF4,
    0xCB, 0x31, 0xD0, 0xAD, 0xC8, 0x40, 0xA7, 0x6D, 0xC7, 0xC5, 0xCC, 0x09, 0x97, 0x4E, 0x50, 0xE9,
    0x56, 0x67, 0xA7, 0xE7, 0xF1, 0x48, 0xA5, 0x3E, 0x6C, 0xCE, 0x35, 0x71, 0x73, 0x4E, 0x86, 0xB5,
    0x5B, 0xA9, 0xB7, 0x1B, 0x2D, 0x2B, 0xAD, 0x94, 0xDE, 0x57, 0xF1, 0x4E, 0xB6, 0xC1, 0x9B, 0x35,
    0x8F, 0x23, 0xD2, 0xED, 0xE3, 0x28, 0x9C, 0x8A, 0xA0, 0xA1, 0xFD, 0x37, 0xEE, 0x31, 0x8B, 0x1D,
    0x61, 0x44, 0x9E, 0xE2, 0x5F, 0x01, 0xF0, 0xF9, 0x73, 0xFF, 0x87, 0xFF, 0x3C, 0x73, 0x9F, 0x67,
    0x6D, 0x8F, 0xF6, 0x05, 0x50, 0x16, 0x8F, 0x79, 0x9E, 0x6D, 0x06, 0xDD, 0x6B, 0x1B, 0xF3, 0xE5,
    0xCA, 0x8F, 0xC1, 0x9A, 0x7F, 0x6E, 0x62, 0x95, 0x21, 0xF1, 0x7A, 0x34, 0x86, 0x3F, 0x79, 0x62,
    0x64, 0x82, 0xF6, 0x8E, 0x5E, 0xCF, 0x47, 0xE6, 0x1F, 0x98, 0x2C, 0xDF, 0xC1, 0x60, 0x98, 0x2F,
    0xB7, 0x77, 0x7C, 0x69, 0x3D, 0xBC, 0x32, 0x9F, 0xD2, 0x33, 0xA4, 0x86, 0x74, 0xC6, 0x9A, 0x64,
    0xFF, 0x02, 0xB4, 0xB7, 0x46, 0xFE, 0x96, 0x6C, 0x6F, 0x19, 0xD6, 0x76, 0x39, 0xB8, 0xC0, 0x32,
    0x20, 0x6A, 0x86, 0x5F, 0x56, 0x26, 0xD0, 0x06, 0x63, 0x98, 0x1C, 0x62, 0xFA, 0x6F, 0x55, 0xC1,
    0x37, 0x0B, 0x20, 0xB0, 0xDA, 0xD5, 0xBB, 0x1B, 0xAC, 0xED, 0x90, 0x1A, 0x56, 0x0D, 0xBB, 0x05,
    0xBA, 0x41, 0xD3, 0xC3, 0x2B, 0x0B, 0x43, 0xA6, 0x11, 0x06, 0x71, 0x98, 0xA7, 0x99, 0x96, 0xE4,
    0xED, 0x9C, 0xCE, 0xFB, 0xAF, 0xEB, 0x7D, 0x0F, 0x65, 0x34, 0xBF, 0x6B, 0xE0, 0x05, 0x80, 0x07,
    0x35, 0xE8, 0xFB, 0x35, 0xC4, 0xCD, 0xAD, 0xFD, 0x73, 0xB7, 0x26, 0x1C, 0x7C, 0xA6, 0xB9, 0xD5,
    0x29, 0xBC, 0xA8, 0x1A, 0xC0, 0x89, 0xB3, 0x7F, 0x12, 0x98, 0x51, 0xA8, 0x82, 0xF6, 0x96, 0xCD,
    0x2F, 0x5D, 0xAC, 0x4C, 0x43, 0x37, 0x0F, 0xCD, 0x5E, 0xA6, 0x96, 0x96, 0xE8, 0x42, 0xF1, 0xFA,
    0x7C, 0x92, 0x7C, 0xC5, 0x88, 0xD4, 0x88, 0xE7, 0x67, 0xC9, 0x42, 0xB2, 0x79, 0x2F, 0x14, 0xBF,
    0x33, 0x9F, 0x46, 0x3F, 0x37, 0xF1, 0x3F, 0xD5, 0x49, 0x6A, 0x92, 0xEF, 0xED, 0x46, 0x8B, 0x0B,
    0x6C, 0x02, 0x59, 0xCD, 0xA5, 0x2D, 0x65, 0x84, 0xD6, 0x3D, 0x63, 0x06, 0x93, 0x43, 0x69, 0xFA,
    0x37, 0xAA, 0xE0, 0x5B, 0x79, 0x1B, 0x8A, 0xE4, 0xAF, 0xE6, 0xEB, 0xD1, 0xCF, 0x07, 0x22, 0x9D,
    0xA4, 0x0E, 0xF3, 0x2B, 0x3A, 0x5E, 0xC0, 0x66, 0x8B, 0xA8, 0x19, 0x5D, 0xA9, 0x31, 0x1C, 0xE7,
    0x3A, 0xFC, 0x61, 0x61, 0xC2, 0xBF, 0x28, 0x0E, 0xB1, 0xF4, 0xF5, 0x23, 0x90, 0x77, 0xA4, 0xC5,
    0xE8, 0x3B, 0x66, 0xFF, 0xF1, 0x81, 0x59, 0xDB, 0xD1, 0xC2, 0x98, 0x20, 0x7F, 0xE2, 0xBC, 0x98,
    0x73, 0x3A, 0x77, 0xCF, 0xEB, 0xBC, 0xB2, 0x98, 0x06, 0xEF, 0x98, 0xE8, 0xBA, 0x8E, 0xAE, 0x9B,
    0xB0, 0xDE, 0xE6, 0x5F, 0xD2, 0x8D, 0x9A, 0x4B, 0x2E, 0x20, 0x99, 0x31, 0x72, 0x32, 0x97, 0x66,
    0x6F, 0x4B, 0x3F, 0xF4, 0x50, 0x4E, 0x17, 0x0D, 0x6D, 0xC4, 0x4C, 0xF7, 0x06, 0xF3, 0xB5, 0x9D,
    0x3D, 0x61, 0x96, 0x82, 0x96, 0x1F, 0x3C, 0xDF, 0xA7, 0x81, 0xC9, 0xF9, 0x66, 0x5C, 0x9B, 0xB9,
    0x56, 0x5A, 0x6B, 0x96, 0x9E, 0x79, 0x66, 0x13, 0xE0, 0xA3, 0xFA, 0x3D, 0xE7, 0x9A, 0x76, 0xED,
    0xE4, 0xEA, 0x55, 0xB3, 0xE7, 0xFA, 0xD2, 0x5E, 0xBF, 0xF4, 0xE0, 0xB1, 0xE4, 0x73, 0xAE, 0x69,
    0xD7, 0x5C, 0xBF, 0x7D, 0xD7, 0x6F, 0x4E, 0x77, 0x51, 0x00, 0xD1, 0x83, 0xE6, 0x39, 0x6F, 0xB4,
    0x37, 0xAE, 0xFF, 0xB5, 0xC2, 0xFD, 0x81, 0x2D, 0xCE, 0x29, 0x78, 0x81, 0x07, 0xD5, 0x26, 0xB5,
    0x79, 0xFF, 0xE8, 0xA2, 0xF1, 0x93, 0x73, 0x09, 0x96, 0xFF, 0xFF, 0x7D, 0x5F, 0x37, 0x7B, 0x1A,
    0x73, 0xE1, 0x5E, 0xDF, 0xBF, 0x43, 0xB7, 0xF1, 0x3C, 0xDF, 0x4C, 0x6C, 0xFF, 0xE0, 0xFD, 0xF2,
    0xF5, 0x85, 0xC3, 0x95, 0x4B, 0xD0, 0x86, 0x1F, 0x42, 0x20, 0x7D, 0xB0, 0xB9, 0xBE, 0x2F, 0xBD,
    0x5F, 0x7E, 0xBB, 0x2E, 0x35, 0xEB, 0x6D, 0xDF, 0x52, 0xFF, 0xFE, 0x82, 0x1E, 0x29, 0x69, 0x56,
    0x5F, 0xFA, 0x6D, 0x93, 0xEA, 0xD4, 0xA4, 0x47, 0x75, 0xFF, 0x9D, 0x76, 0x85, 0x15, 0x37, 0x4B,
    0x09, 0x53, 0x30, 0x7B, 0x33, 0x73, 0x7A, 0xE6, 0x8E, 0x2B, 0x4C, 0x79, 0xD9, 0x1D, 0x52, 0x48,
    0x56, 0xDD, 0x36, 0x25, 0xB4, 0x9A, 0x7B, 0x57, 0x74, 0xBB, 0x00, 0x08, 0x4E, 0x55, 0xF7, 0xED,
    0x00, 0xC0, 0xF7, 0x01, 0x60, 0xF2, 0x80, 0x73, 0xD8, 0xB0, 0x8C, 0xC3, 0x07, 0x90, 0x00, 0x0D,
    0x0F, 0x34, 0x5C, 0x29, 0xE0, 0xF8, 0x04, 0xE0, 0x38, 0x53, 0xC0, 0xF1, 0x02, 0x38, 0x6E, 0x00,
    0xC7, 0x0F, 0xE0, 0x34, 0x00, 0xDC, 0xAF, 0xC3, 0x43, 0x97, 0x36, 0x77, 0xD0, 0xD1, 0xDD, 0xB1,
    0x92, 0x20, 0x5A, 0xE8, 0xB5, 0x16, 0x5A, 0x66, 0x67, 0x1E, 0x5A, 0x0E, 0x6D, 0xEE, 0xA0, 0x07,
    0xAE, 0xC6, 0x71, 0xD0, 0xB2, 0xFF, 0x96, 0x72, 0xD0, 0xBD, 0x20, 0x52, 0x0E, 0x5A, 0x10, 0x17,
    0x0E, 0x3A, 0x3E, 0x29, 0x1B, 0xE8, 0x72, 0x7E, 0x0E, 0xD9, 0x36, 0x9A, 0x2F, 0x7A, 0x5C, 0x02,
    0x3D, 0x05, 0x30, 0x8D, 0x60, 0xD3, 0xE8, 0x9D, 0x34, 0x72, 0x27, 0x8D, 0x5A, 0xD3, 0x88, 0x35,
    0x5E, 0x6B, 0xA0, 0xBD, 0xD4, 0xB1, 0xF2, 0x70, 0x35, 0xF0, 0x40, 0xD8, 0xCE, 0xC7, 0x8D, 0xB2,
    0xE0, 0x7C, 0xE4, 0x98, 0x3C, 0xE8, 0x3B, 0x1D, 0xCB, 0x9D, 0x12, 0x68, 0xB5, 0x40, 0xAB, 0x06,
    0x5A, 0x3D, 0xD0, 0x2A, 0x82, 0x56, 0x13, 0xB4, 0xAA, 0xA0, 0xD5, 0x05, 0xAD, 0x32, 0x68, 0xB5,
    0xC1, 0x03, 0xEA, 0x3C, 0x4D, 0x6F, 0x54, 0x78, 0x16, 0x79, 0xA2, 0x25, 0x30, 0x38, 0x34, 0x9E,
    0x43, 0xA6, 0xDB, 0x9E, 0x62, 0x63, 0x7D, 0xA0, 0xDF, 0xFB, 0xBF, 0x42, 0x2C, 0x06, 0xC6, 0x11,
    0x04, 0xF9, 0xA0, 0xC1, 0x67, 0x30, 0xF5, 0xF0, 0x6C, 0x6F, 0xB0, 0x0A, 0x18, 0x0F, 0xCE, 0x35,
    0xED, 0xB1, 0xB1, 0x39, 0x30, 0xA9, 0xB9, 0x73, 0x5C, 0xBC, 0xF5, 0x81, 0x32, 0x9F, 0xAD, 0x66,
    0xFB, 0x7A, 0x64, 0xF4, 0x12, 0x1A, 0x34, 0x41, 0xE5, 0xEB, 0xEE, 0x71, 0x11, 0x9D, 0x75, 0x81,
    0xD0, 0xD9, 0x19, 0xBF, 0xBF, 0x48, 0xB7, 0xA0, 0x47, 0x54, 0x90, 0x12, 0xA9, 0xC6, 0x64, 0x75,
    0x68, 0xD5, 0xA5, 0xDF, 0x16, 0xFF, 0x59, 0x99, 0x74, 0x2D, 0x54, 0x3A, 0xED, 0x85, 0xCA, 0x78,
    0x73, 0x54, 0x8B, 0xB1, 0xEA, 0xBF, 0x13, 0x37, 0xA1, 0x9C, 0xD8, 0x86, 0xE7, 0xAF, 0xCF, 0xF1,
    0xE4, 0x5A, 0xCC, 0xF4, 0xFA, 0x5E, 0xD5, 0x4B, 0x54, 0x36, 0xCE, 0xBB, 0x02, 0x41, 0xD2, 0x5D,
    0x03, 0xD9, 0x83, 0xEE, 0x44, 0xAF, 0x7B, 0xCB, 0xC1, 0xFF, 0x5E, 0xB4, 0xF7, 0x27, 0x67, 0xD7,
    0x7F, 0xBE, 0x00, 0x60, 0x76, 0xE3, 0xE5, 0xEF, 0x2D, 0x34, 0xC0, 0xC9, 0x75, 0xD1, 0xBF, 0x64,
    0x80, 0xC0, 0xA6, 0xE9, 0xDA, 0xC8, 0x80, 0x89, 0xDE, 0x01, 0xA4, 0x8C, 0xD4, 0xD1, 0x38, 0x07,
    0xE8, 0x8F, 0x8B, 0x6C, 0x01, 0x40, 0xCB, 0x96, 0xD9, 0xFC, 0xD2, 0xB5, 0xEA, 0x8E, 0x9B, 0x4C,
    0x07, 0x13, 0x2B, 0xCD, 0xE8, 0xA4, 0x5A, 0xFA, 0x56, 0xF1, 0x11, 0xFF, 0x7F, 0xB7, 0x5A, 0x2A,
    0x10, 0x55, 0xC9, 0xF0, 0xFD, 0x53, 0x35, 0xF8, 0xFC, 0x0F, 0xD4, 0x3F, 0xFC, 0xFC, 0x7F, 0x2B,
    0xF8, 0xDA, 0x19, 0xBC, 0x5B, 0x12, 0xE8, 0x58, 0x45, 0xEE, 0x15, 0x17, 0xA1, 0x12, 0x44, 0xAA,
    0x5F, 0xC5, 0xC5, 0x46, 0x3D, 0x46, 0x66, 0x73, 0x80, 0xE5, 0x2E, 0x59, 0x76, 0x80, 0x81, 0x69,
    0xDB, 0x64, 0x97, 0x50, 0x67, 0xAF, 0x6E, 0xA9, 0xC8, 0xD6, 0xB0, 0x94, 0x7F, 0x8C, 0x7E, 0x67,
    0x5D, 0x3F, 0x9E, 0xE8, 0xA6, 0xE6, 0xE0, 0x7C, 0x3F, 0xE9, 0xFB, 0xFD, 0xCF, 0x73, 0xE7, 0xF8,
    0x70, 0x01, 0x48, 0x01, 0xC1, 0xBD, 0x7D, 0xEB, 0xEA, 0x06, 0xEC, 0x66, 0xEE, 0xE7, 0x87, 0xD0,
    0xDA, 0x82, 0xA5, 0xCD, 0x8F, 0xE2, 0xDD, 0x36, 0x60, 0x1A, 0xDE, 0x57, 0xB6, 0x8A, 0x73, 0xBC,
    0x7C, 0xBC, 0x7E, 0xAB, 0x67, 0xC9, 0x3B, 0xD1, 0x59, 0x54, 0x45, 0x85, 0x7F, 0x95, 0xEA, 0xE2,
    0x2F, 0x28, 0x4A, 0x92, 0x62, 0x8D, 0x9D, 0xAE, 0x24, 0x99, 0x3F, 0xD7, 0x95, 0x24, 0xFA, 0x62,
    0xB5, 0xF7, 0x8A, 0x4B, 0xB6, 0x62, 0xC0, 0x84, 0xFD, 0xCD, 0x51, 0xB5, 0x04, 0xBC, 0xFD, 0xAF,
    0xEE, 0x1C, 0xDC, 0x3D, 0x70, 0x3D, 0xEE, 0x3B, 0xF6, 0x38, 0xD6, 0xFE, 0xD8, 0x23, 0xBE, 0xEF,
    0xD8, 0xE3, 0xC9, 0xFB, 0x8E, 0x3D, 0xCC, 0x83, 0xC7, 0x1E, 0x5F, 0x3B, 0x7F, 0xEC, 0x71, 0xA1,
    0x3D, 0xF6, 0xA8, 0x11, 0xEF, 0xDA, 0xD8, 0xFE, 0x25, 0x40, 0x4E, 0x0A, 0x60, 0x58, 0x6D, 0x9D,
    0x04, 0x18, 0x7E, 0x61, 0x0E, 0x20, 0xAC, 0x06, 0xE0, 0x69, 0x9A, 0x63, 0x8F, 0x8A, 0xF6, 0xDC,
    0x83, 0x0D, 0x2D, 0x42, 0x25, 0xF9, 0x9A, 0x5A, 0x01, 0x49, 0x7B, 0xF4, 0x41, 0x7B, 0xF6, 0xD1,
    0x1D, 0x7E, 0x74, 0xA7, 0x1F, 0xEE, 0x1E, 0xA6, 0xDD, 0x9A, 0xCD, 0x69, 0x0E, 0x40, 0xCE, 0x08,
    0x78, 0xFC, 0x68, 0x7C, 0xC3, 0x97, 0x80, 0xFE, 0x08, 0xE4, 0x83, 0x02, 0x58, 0x26, 0xF2, 0x4E,
    0x12, 0x7B, 0xB7, 0x81, 0x00, 0x10, 0xAF, 0x5C, 0xEA, 0x0E, 0x28, 0x00, 0xF8, 0x65, 0xA0, 0x2C,
    0xA2, 0x63, 0x13, 0x17, 0x53, 0xE8, 0x7E, 0x06, 0x9E, 0xDE, 0xF7, 0x33, 0xF0, 0x27, 0x46, 0x57,
    0x6B, 0x37, 0xAA, 0xBC, 0x29, 0xB7, 0x66, 0x48, 0x37, 0x0A, 0x3F, 0x82, 0xA7, 0xF9, 0xF0, 0x67,
    0xD6, 0xF8, 0x0B, 0x7A, 0xF7, 0xDC, 0xCF, 0xAC, 0xDA, 0xDC, 0xFB, 0x99, 0xD5, 0xEF, 0x57, 0xA4,
    0xE1, 0x93, 0x9F, 0xDC, 0xBB, 0xB6, 0x20, 0xB1, 0x07, 0xE4, 0xB8, 0x19, 0x8D, 0x0C, 0x34, 0x3B,
    0x1C, 0x3E, 0x64, 0xE8, 0x5B, 0x05, 0x4F, 0x77, 0x1B, 0x88, 0xF5, 0x23, 0xB7, 0x81, 0x30, 0x32,
    0xAB, 0xA2, 0xFC, 0x6F, 0xBA, 0x81, 0xB8, 0x10, 0x9F, 0x94, 0x7B, 0x57, 0x6B, 0x5F, 0x86, 0xFB,
    0x27, 0xD0, 0x3E, 0x80, 0x2E, 0xFE, 0x33, 0x64, 0x17, 0xFD, 0xB6, 0x2E, 0xC2, 0x31, 0xFE, 0xBF,
    0x5E, 0xCD, 0x00, 0x32, 0x92, 0xF3, 0x0D, 0xE3, 0xEF, 0xEC, 0x62, 0xF8, 0x8F, 0xFF, 0x7E, 0xD0,
    0x52, 0x2A, 0xBB, 0x87, 0x03, 0xCC, 0xEE, 0x82, 0xB2, 0x98, 0x64, 0x07, 0x80, 0xD0, 0x82, 0x4D,
    0xB9, 0xE8, 0x1D, 0x00, 0x82, 0xC0, 0x21, 0xAD, 0x9C, 0xDB, 0x03, 0x45, 0x91, 0x83, 0x2B, 0xC0,
    0x81, 0x00, 0xAE, 0x49, 0x6B, 0xB1, 0x6D, 0xEF, 0x6E, 0xB7, 0x85, 0xA2, 0xF4, 0x96, 0xA2, 0x80,
    0x0E, 0xA4, 0xA7, 0x8E, 0xE6, 0x6B, 0x6F, 0x30, 0x49, 0x2E, 0x33, 0x7D, 0x9F, 0xEF, 0xFB, 0x7C,
    0xB9, 0x99, 0xDD, 0x4C, 0x6E, 0x2F, 0x9B, 0x9E, 0xDD, 0xFD, 0x38, 0x64, 0xDE, 0x7D, 0x33, 0xEF,
    0x3B, 0xBF, 0x3C, 0xCF, 0x73, 0x91, 0x2B, 0xBE, 0xBB, 0x97, 0xE0, 0x96, 0x56, 0x53, 0xBE, 0x02,
    0x53, 0x48, 0xC0, 0xE3, 0xF5, 0x28, 0xA0, 0x6D, 0x37, 0x9C, 0xE5, 0xF1, 0x3E, 0xB7, 0x1E, 0xEF,
    0x16, 0x3C, 0xDE, 0x15, 0xED, 0xF1, 0xBE, 0x8C, 0xCD, 0xDF, 0x02, 0x59, 0xBF, 0xBD, 0xBB, 0x1E,
    0x43, 0xEB, 0xC1, 0xBB, 0x9D, 0xA5, 0xDB, 0x77, 0x77, 0xF7, 0xE4, 0x35, 0x72, 0x62, 0x5E, 0x12,
    0x01, 0x3B, 0xAD, 0xAD, 0xD7, 0x9C, 0x56, 0x71, 0x47, 0x3B, 0xAD, 0xDE, 0x0C, 0xA7, 0x35, 0x81,
    0xD3, 0xAA, 0x9F, 0x2D, 0x28, 0xDE, 0x43, 0xF1, 0x02, 0xC5, 0x0B, 0x14, 0xEF, 0xA1, 0x78, 0xF1,
    0xE7, 0x66, 0x02, 0x0E, 0x7A, 0x4C, 0x4E, 0x4A, 0x2D, 0x82, 0x73, 0x4A, 0x6C, 0x9D, 0xBA, 0x21,
    0x39, 0xFC, 0xC3, 0xB2, 0x8C, 0x3F, 0xD8, 0x3D, 0x45, 0x8E, 0x08, 0xCA, 0x2E, 0x94, 0x9C, 0xC0,
    0x84, 0x26, 0x5A, 0xD4, 0x40, 0x40, 0xC1, 0x65, 0x31, 0xCE, 0x44, 0x25, 0x72, 0xE2, 0x4A, 0xA2,
    0xCE, 0xB4, 0x87, 0xC1, 0xA3, 0x0A, 0x16, 0x3B, 0xCE, 0x31, 0x5E, 0x04, 0x25, 0xF2, 0x39, 0x4E,
    0x27, 0xBD, 0x91, 0x91, 0x9E, 0x01, 0xD1, 0xD7, 0x2E, 0x66, 0x65, 0x62, 0x5C, 0x4C, 0x09, 0x17,
    0x53, 0x8C, 0x69, 0x9F, 0x25, 0xA0, 0x1F, 0x32, 0x16, 0xE5, 0x16, 0xE5, 0x62, 0x9A, 0x26, 0x87,
    0xED, 0xDD, 0x0D, 0x09, 0xB6, 0xE1, 0x77, 0x87, 0xEB, 0x1D, 0x74, 0x77, 0x47, 0xDC, 0xE4, 0xAA,
    0x75, 0x92, 0xF9, 0xBD, 0x54, 0x30, 0xDF, 0xEA, 0x91, 0x11, 0x41, 0x79, 0xB2, 0x06, 0x10, 0x41,
    0x85, 0x11, 0x41, 0x75, 0x93, 0x47, 0x59, 0xC4, 0x4D, 0x5E, 0x3B, 0x25, 0x94, 0xA4, 0x3F, 0xDC,
    0x2C, 0x7B, 0xC8, 0x4D, 0xDE, 0x78, 0x85, 0x26, 0xDF, 0x81, 0x75, 0x06, 0x23, 0x8C, 0xBC, 0xBC,
    0x75, 0x56, 0xB5, 0xD6, 0x59, 0xE5, 0x3C, 0xEB, 0xEC, 0xA9, 0xB1, 0xCE, 0x0C, 0x5B, 0x67, 0x21,
    0x75, 0xB9, 0x7E, 0xAC, 0xE5, 0x01, 0xE6, 0xBC, 0x43, 0xDD, 0xEC, 0x74, 0x40, 0xD9, 0x97, 0xA3,
    0x88, 0xA1, 0xBE, 0x2A, 0x61, 0x3F, 0x0D, 0x57, 0x52, 0x1E, 0x87, 0x2D, 0xDE, 0xD4, 0x4D, 0x68,
    0x53, 0xF5, 0x73, 0xED, 0xA7, 0x6F, 0xD0, 0xB0, 0x4F, 0x61, 0x3F, 0x05, 0xB0, 0x9F, 0xDE, 0x83,
    0xFD, 0x54, 0xB8, 0xE7, 0x9B, 0xC4, 0x2F, 0x5F, 0xDF, 0xF3, 0x99, 0x49, 0x82, 0x5C, 0x37, 0xF7,
    0x7C, 0xEB, 0x4C, 0x78, 0x87, 0xC2, 0xE3, 0xCE, 0x67, 0xE1, 0xCC, 0x39, 0x5C, 0x13, 0x41, 0xFC,
    0x37, 0x9D, 0x07, 0x3D, 0xDC, 0x0D, 0xA7, 0x3D, 0x0C, 0x0C, 0x57, 0xE0, 0x86, 0x29, 0x3C, 0x8C,
    0xAD, 0x5A, 0xD4, 0xE2, 0xE1, 0xB2, 0x17, 0xD2, 0xD7, 0x61, 0x9C, 0xD9, 0x88, 0x61, 0x18, 0xFB,
    0x44, 0x3E, 0x5F, 0x23, 0xE8, 0x1E, 0x6C, 0xCA, 0xEB, 0xDA, 0x43, 0x08, 0x1A, 0x3F, 0x25, 0xB5,
    0x95, 0xC3, 0x47, 0x62, 0xFF, 0xB0, 0x2E, 0xE4, 0x8B, 0xD4, 0x8B, 0xE4, 0x4D, 0x2F, 0x4A, 0xB6,
    0x85, 0xEC, 0xC6, 0xB0, 0x22, 0x9A, 0x6A, 0x20, 0xC9, 0xC9, 0x59, 0x11, 0xA8, 0x1D, 0xA5, 0xA3,
    0x72, 0x14, 0x8E, 0xBA, 0xD1, 0x9F, 0x77, 0x88, 0x94, 0xAD, 0xC9, 0x5E, 0x44, 0x7D, 0xE5, 0xF0,
    0xE1, 0x47, 0x5F, 0x3F, 0x5B, 0xDF, 0x81, 0xBD, 0xC1, 0x3E, 0xC4, 0x2A, 0xDB, 0x10, 0x1E, 0xBB,
    0x10, 0x82, 0x4D, 0x08, 0xB1, 0xBF, 0xB2, 0x5D, 0x0F, 0xF8, 0x1F, 0x3B, 0x10, 0xB1, 0xFB, 0x4A,
    0x0F, 0xAC, 0x38, 0x25, 0xF2, 0xFE, 0x82, 0x54, 0xE7, 0xF6, 0xAB, 0x93, 0x36, 0xF7, 0xEF, 0x31,
    0x55, 0x3F, 0x8F, 0x98, 0x15, 0xC3, 0xD7, 0x6D, 0x84, 0x70, 0x9F, 0xEF, 0x95, 0x0B, 0x6D, 0x04,
    0xB0, 0xC7, 0xD4, 0xFD, 0x7E, 0x84, 0xFB, 0x3D, 0xBA, 0x46, 0x15, 0xC9, 0x5C, 0x32, 0x64, 0x18,
    0x0A, 0x58, 0xF4, 0x5F, 0x2A, 0x88, 0xFE, 0x78, 0x37, 0x8D, 0xE8, 0x3F, 0x84, 0x6D, 0x63, 0x44,
    0xFF, 0xDC, 0xAC, 0xDF, 0xD5, 0xD7, 0xA8, 0x1C, 0xAF, 0x9D, 0x1A, 0x37, 0x5D, 0xD8, 0x53, 0xB7,
    0x67, 0x07, 0x67, 0xF5, 0x68, 0x5D, 0xB3, 0x3A, 0xE6, 0x40, 0xCB, 0xCA, 0x82, 0xB4, 0xAC, 0xEC,
    0xF6, 0xCB, 0x65, 0xE5, 0x4A, 0x51, 0x56, 0x1E, 0x6B, 0x59, 0xD9, 0x2D, 0xC8, 0xCA, 0x77, 0x20,
    0xF7, 0x7E, 0x8B, 0x34, 0x8F, 0x96, 0x95, 0xFB, 0x39, 0xB1, 0x3B, 0x51, 0x45, 0xAA, 0x85, 0xA4,
    0x26, 0xCF, 0x1E, 0x5C, 0x21, 0xF4, 0x38, 0xF7, 0x18, 0xCB, 0x08, 0xF5, 0x35, 0x42, 0x88, 0xBF,
    0xB8, 0x1C, 0xC4, 0xDF, 0xCA, 0xE4, 0x4A, 0xC4, 0xDF, 0x14, 0x01, 0xD4, 0xCD, 0x09, 0x26, 0x58,
    0x2A, 0x36, 0xE7, 0x09, 0x4E, 0x24, 0xAC, 0xE4, 0x31, 0x4F, 0xB0, 0x3B, 0x81, 0xCC, 0x27, 0x21,
    0x03, 0x6F, 0xCD, 0x90, 0x81, 0x7D, 0x2B, 0x03, 0x07, 0x4A, 0xE6, 0xFB, 0x20, 0xC2, 0xC2, 0x4C,
    0xC8, 0x9D, 0xD4, 0x38, 0x5C, 0x80, 0xC0, 0x6A, 0x9C, 0xFB, 0x83, 0x48, 0xB5, 0x42, 0x1C, 0xAC,
    0xE3, 0x7F, 0x9B, 0x36, 0x60, 0x80, 0x03, 0x13, 0x80, 0x85, 0x7D, 0xB0, 0x27, 0x55, 0xD6, 0xC1,
    0x89, 0xB5, 0x6E, 0x1A, 0x68, 0xDD, 0xB4, 0x3E, 0xA5, 0x9B, 0xAE, 0x5A, 0xDD, 0xD4, 0xCB, 0xE9,
    0xA6, 0x22, 0xA7, 0x9B, 0x06, 0x4A, 0x37, 0x75, 0xA0, 0x9B, 0xEE, 0x60, 0x56, 0xDA, 0xA7, 0xCE,
    0xA8, 0xFC, 0xBB, 0x1F, 0x49, 0xCA, 0xF0, 0xDD, 0xEF, 0x43, 0xE3, 0xB7, 0x32, 0x2A, 0x14, 0x54,
    0x1F, 0x0A, 0x6A, 0x7D, 0x2E, 0x05, 0x75, 0xAE, 0x26, 0x77, 0xD1, 0xE4, 0x69, 0x2D, 0x95, 0x3B,
    0x9D, 0x6F, 0x32, 0x92, 0x8A, 0xD2, 0x2F, 0x36, 0xB9, 0xD8, 0x65, 0xD3, 0x66, 0xDB, 0x67, 0xF2,
    0xF1, 0xD2, 0x9D, 0xDE, 0xC6, 0xD9, 0xD0, 0xAD, 0x06, 0x2D, 0x27, 0x46, 0x6B, 0x6C, 0x1A, 0xAD,
    0x51, 0x18, 0xAD, 0xD1, 0x23, 0xAD, 0x35, 0xBA, 0xE1, 0xE2, 0xB5, 0x46, 0xAC, 0x02, 0x3E, 0xB0,
    0x0D, 0xF8, 0xC0, 0x42, 0xD0, 0x07, 0xE0, 0x1E, 0x6B, 0x81, 0x0F, 0x6C, 0x06, 0x3E, 0xB0, 0x1C,
    0xB4, 0xF2, 0x38, 0xD4, 0xCA, 0x63, 0xA0, 0x95, 0xC7, 0xA5, 0x33, 0xE5, 0x71, 0xB5, 0xA8, 0x3C,
    0xD6, 0x74, 0x61, 0xCD, 0x9C, 0xF2, 0x38, 0x84, 0xF2, 0x88, 0x4D, 0x63, 0x95, 0x47, 0x30, 0x65,
    0x61, 0xF1, 0xFB, 0x30, 0xAA, 0x5B, 0xE6, 0x09, 0xC3, 0x8D, 0xEA, 0x6D, 0xC6, 0x44, 0x36, 0x78,
    0x62, 0xA9, 0x0A, 0xC9, 0x39, 0x77, 0xBE, 0xE4, 0x5C, 0x91, 0xAA, 0x96, 0x55, 0x66, 0x2D, 0x1D,
    0x3A, 0xBD, 0x4D, 0xB4, 0x20, 0x31, 0x54, 0x55, 0x2F, 0xA5, 0xAA, 0x42, 0x7E, 0xAD, 0xAC, 0x78,
    0x2E, 0xB9, 0xB7, 0xA1, 0x2E, 0xBB, 0x0D, 0xAA, 0x12, 0xA0, 0x2A, 0x6F, 0x11, 0x54, 0x85, 0x1D,
    0x66, 0x97, 0x98, 0x59, 0x5F, 0x38, 0x35, 0x5D, 0x01, 0xF2, 0x5E, 0xF4, 0x15, 0xA9, 0xAF, 0x65,
    0x64, 0x26, 0xE0, 0x3C, 0xAA, 0x1A, 0xF0, 0xA6, 0xBD, 0x77, 0xC9, 0x6C, 0xD8, 0xF7, 0x45, 0xAA,
    0x02, 0x96, 0x80, 0x4A, 0x78, 0xD0, 0xB6, 0x86, 0x44, 0x1D, 0x0C, 0xB5, 0xD3, 0x1B, 0x4D, 0xC8,
    0x1A, 0xFE, 0x33, 0xA9, 0xAA, 0x16, 0x99, 0xA7, 0xCC, 0xBE, 0x79, 0xCA, 0x68, 0xAA, 0x3A, 0x9A,
    0x4D, 0x55, 0x21, 0x09, 0x5C, 0xE8, 0x2B, 0x6E, 0xF2, 0xBA, 0xA6, 0x02, 0x4B, 0x55, 0xEE, 0xDC,
    0x54, 0x65, 0x03, 0x49, 0x86, 0x92, 0xD1, 0x46, 0xEF, 0x0F, 0xA9, 0x7E, 0xEA, 0x89, 0x02, 0x41,
    0xC8, 0x53, 0x92, 0xD0, 0xF7, 0x48, 0xED, 0xA5, 0xD8, 0x43, 0x8B, 0x47, 0x19, 0xFA, 0xCE, 0x29,
    0xE1, 0x05, 0x06, 0x89, 0x2C, 0xD3, 0xA1, 0x7D, 0x34, 0xD4, 0x4C, 0x97, 0x4A, 0x72, 0x7A, 0x08,
    0x23, 0x53, 0x65, 0x16, 0xD3, 0xD5, 0xDE, 0x8A, 0xE9, 0xFA, 0x24, 0x0E, 0x6E, 0xC4, 0xFA, 0x09,
    0xD0, 0xC2, 0x87, 0xE0, 0x69, 0xE0, 0x7E, 0x6A, 0x1F, 0x78, 0x58, 0xC8, 0xE6, 0xCC, 0x1B, 0xCB,
    0x69, 0x47, 0xF3, 0x8E, 0xB6, 0x61, 0xBA, 0x10, 0x4C, 0xD7, 0x9F, 0xC5, 0x74, 0xB9, 0x5C, 0x4A,
    0x8B, 0xBA, 0x53, 0x4C, 0xD7, 0x38, 0xD0, 0xA3, 0xDD, 0x21, 0xF2, 0x97, 0x37, 0xD3, 0x80, 0x53,
    0xA1, 0xD2, 0xB1, 0x4C, 0x77, 0x5A, 0x33, 0xF1, 0x92, 0x1D, 0x13, 0x2F, 0x59, 0x35, 0xF1, 0x12,
    0x71, 0x1E, 0xD3, 0x39, 0x86, 0xE9, 0xEA, 0xDC, 0x09, 0x50, 0x6F, 0xAB, 0x9D, 0x36, 0x39, 0x0A,
    0x97, 0x50, 0x48, 0xB1, 0x61, 0xBA, 0x25, 0xC5, 0x74, 0xBF, 0xE7, 0x98, 0x4E, 0x94, 0x31, 0x9D,
    0x9E, 0xE7, 0x2A, 0x62, 0x50, 0x82, 0x07, 0x92, 0xBB, 0x41, 0x11, 0x5A, 0x3C, 0x21, 0x6F, 0xD2,
    0x60, 0xB4, 0x43, 0xE2, 0x44, 0xD8, 0xC4, 0xC9, 0xED, 0xB9, 0x13, 0x27, 0x4C, 0x2C, 0xCE, 0xD1,
    0x10, 0x6A, 0x50, 0x5F, 0x50, 0x3B, 0xAC, 0x31, 0x33, 0x0B, 0x37, 0x22, 0x37, 0xD3, 0xC9, 0x13,
    0x61, 0x91, 0xF1, 0xE2, 0xE4, 0xC9, 0xEC, 0x61, 0x4E, 0xA5, 0xBE, 0x15, 0x1D, 0x69, 0x72, 0x22,
    0xFE, 0xDB, 0x22, 0x23, 0x46, 0x5A, 0x21, 0xE1, 0xDA, 0x13, 0x13, 0xFF, 0x12, 0x7A, 0x5B, 0x19,
    0x74, 0x54, 0xE3, 0x4D, 0x76, 0xC2, 0x71, 0x9B, 0x14, 0x90, 0xB1, 0x5A, 0x40, 0xC6, 0xCA, 0x7F,
    0x85, 0x8C, 0x13, 0x1C, 0x76, 0xD5, 0xDA, 0x4D, 0x2B, 0x72, 0xC8, 0xE8, 0x4C, 0xE5, 0x05, 0x3C,
    0x46, 0x46, 0x99, 0x43, 0x46, 0xF9, 0x46, 0xC8, 0x78, 0xEF, 0x0C, 0x19, 0xDF, 0x07, 0xCD, 0x3C,
    0x05, 0xCD, 0x28, 0x79, 0x29, 0xC6, 0xC7, 0xDD, 0xEC, 0x98, 0xD3, 0x3F, 0x6B, 0x23, 0xF5, 0x18,
    0x88, 0x2C, 0x32, 0x76, 0xB6, 0x3A, 0xB3, 0x93, 0x03, 0x45, 0x9A, 0x01, 0x32, 0x8E, 0x41, 0x33,
    0x54, 0xA0, 0x19, 0x3C, 0x2F, 0x15, 0x25, 0x28, 0x96, 0x09, 0xD4, 0x8B, 0x96, 0xF5, 0xD1, 0x50,
    0xDB, 0x02, 0x7B, 0xC9, 0x18, 0x29, 0x49, 0x0E, 0x19, 0x6B, 0x17, 0x5B, 0xED, 0x65, 0xC8, 0x18,
    0x23, 0xC1, 0xC8, 0x9B, 0x95, 0xDA, 0x29, 0x8D, 0xCA, 0xBE, 0xFB, 0x48, 0x7D, 0xF7, 0x9E, 0xF9,
    0xEE, 0x67, 0xC9, 0x4B, 0x20, 0x63, 0x00, 0x64, 0x2C, 0xC4, 0x1A, 0x82, 0x7C, 0xAC, 0x61, 0x0B,
    0xC8, 0x28, 0x81, 0x8C, 0x13, 0x20, 0x63, 0x38, 0x57, 0x93, 0xBB, 0x68, 0x72, 0x99, 0xFD, 0x5E,
    0x44, 0xC6, 0xB1, 0x40, 0x93, 0xCF, 0x45, 0x46, 0xAC, 0xE3, 0x33, 0x26, 0xA7, 0x96, 0x39, 0x85,
    0xEE, 0xB4, 0x5D, 0xCD, 0xD8, 0xCE, 0xD0, 0xBF, 0xA6, 0x90, 0x71, 0x9B, 0x3C, 0xD8, 0xD3, 0xE2,
    0x6A, 0xEC, 0x69, 0x4F, 0x23, 0x63, 0x57, 0x23, 0x23, 0x16, 0x02, 0x0A, 0xD1, 0xC8, 0x88, 0xB5,
    0xA0, 0x6F, 0x06, 0xA3, 0x34, 0xC9, 0x9C, 0x59, 0xED, 0x4F, 0x21, 0xE3, 0x17, 0x0B, 0x42, 0xC6,
    0x75, 0x3C, 0x57, 0x04, 0x9E, 0x2B, 0x35, 0xF5, 0x5C, 0x79, 0xB2, 0x10, 0x64, 0x64, 0xF6, 0x4E,
    0x9E, 0x17, 0x91, 0x51, 0x30, 0x32, 0x0A, 0xBF, 0xC1, 0x64, 0x67, 0x90, 0x31, 0x2E, 0x41, 0x46,
    0x51, 0x44, 0xC6, 0xEE, 0x0C, 0x64, 0xFC, 0x18, 0xC5, 0x7B, 0x9F, 0x60, 0xAD, 0xA9, 0xE2, 0x4F,
    0xF1, 0x2B, 0x4E, 0x2C, 0x32, 0xD6, 0x34, 0x32, 0xFE, 0xAF, 0x72, 0x05, 0xC8, 0xF8, 0xD2, 0x20,
    0xE3, 0x3F, 0x06, 0x19, 0x4F, 0xC6, 0x6F, 0x88, 0x8C, 0xFB, 0xE7, 0x21, 0xA3, 0x77, 0x21, 0x32,
    0xCA, 0x76, 0x5F, 0x23, 0xE3, 0xC9, 0xC9, 0xE1, 0x2C, 0x64, 0xBC, 0xC5, 0xEB, 0xAF, 0x79, 0x7B,
    0x48, 0x3E, 0x5F, 0x22, 0x8B, 0x19, 0x19, 0xA3, 0xCB, 0x21, 0x63, 0x76, 0x86, 0x8C, 0xD5, 0x67,
    0x24, 0xC2, 0xEA, 0xCF, 0xB8, 0xD0, 0xA1, 0x7D, 0xA0, 0x2C, 0x97, 0x21, 0x63, 0x21, 0xC3, 0x1E,
    0x19, 0x64, 0x5C, 0xD6, 0xC8, 0xF8, 0xB4, 0x88, 0x8C, 0x2A, 0x88, 0x77, 0xA8, 0x90, 0xB1, 0xB9,
    0x82, 0xB9, 0xF0, 0xBB, 0xCA, 0xF5, 0xC2, 0x85, 0x22, 0x17, 0x63, 0x34, 0x28, 0xCD, 0x9E, 0x0B,
    0x85, 0x8C, 0x2D, 0x85, 0x8C, 0xBE, 0x42, 0xC6, 0x74, 0x3E, 0x64, 0x7C, 0xB0, 0x09, 0x64, 0x0C,
    0x6E, 0xD3, 0x90, 0x3A, 0x0A, 0x19, 0x63, 0x4C, 0x63, 0xB4, 0x58, 0x64, 0x9C, 0x90, 0x38, 0xD0,
    0x13, 0xB7, 0x94, 0x9B, 0x38, 0xDC, 0xB4, 0x76, 0xE2, 0xCA, 0x91, 0x31, 0x9A, 0x89, 0x8C, 0x69,
    0x01, 0x19, 0xED, 0x68, 0x7B, 0x37, 0xA9, 0x45, 0x42, 0x4F, 0xC7, 0x15, 0x21, 0x23, 0x3A, 0xCC,
    0xC8, 0x58, 0x63, 0x64, 0xCC, 0x80, 0x8C, 0x89, 0x43, 0x24, 0x0D, 0x32, 0xFE, 0xFF, 0x0D, 0x90,
    0x31, 0x2E, 0x20, 0xE3, 0x7D, 0x2E, 0x3D, 0xA9, 0x73, 0x8B, 0xB8, 0xCB, 0x8C, 0x8C, 0x59, 0x9D,
    0x91, 0xF1, 0x55, 0x01, 0x19, 0x3F, 0x2C, 0x93, 0x01, 0x3B, 0x40, 0xC6, 0x47, 0x9F, 0x25, 0xAF,
    0x21, 0x63, 0x16, 0x32, 0x26, 0xDD, 0x8A, 0x48, 0x84, 0xCD, 0x01, 0x09, 0xFC, 0x86, 0x05, 0x7E,
    0xD7, 0xDE, 0xA4, 0x2D, 0x2F, 0x8F, 0x8C, 0xDD, 0x98, 0x1C, 0x06, 0x72, 0xF7, 0x97, 0x46, 0x28,
    0x44, 0x3B, 0x14, 0xAE, 0x46, 0x46, 0x6F, 0x0F, 0x0C, 0xC6, 0xD7, 0x7C, 0xF0, 0x64, 0x3A, 0xAC,
    0x6C, 0x14, 0xC7, 0x41, 0x1E, 0x19, 0x4B, 0x86, 0x79, 0x2F, 0x32, 0xC8, 0xD8, 0xB9, 0x1C, 0x32,
    0xC6, 0x38, 0xAA, 0xC7, 0xBD, 0x4C, 0x23, 0x63, 0xE5, 0xB7, 0x10, 0x67, 0x9F, 0x03, 0x2B, 0x1A,
    0x19, 0xF5, 0x23, 0xFC, 0xDD, 0xF5, 0x94, 0x0C, 0x0F, 0x33, 0x32, 0x36, 0x18, 0x19, 0xBD, 0xB0,
    0x04, 0x19, 0xFF, 0x7E, 0x4B, 0x64, 0xFC, 0xEE, 0x02, 0x64, 0xCC, 0x14, 0x32, 0x56, 0x7E, 0x55,
    0xC8, 0x58, 0xF9, 0x71, 0x6C, 0x56, 0xED, 0x42, 0x91, 0x71, 0x60, 0x91, 0xD1, 0x01, 0x32, 0xBE,
    0x30, 0xC8, 0xD8, 0x07, 0x32, 0xFE, 0x0B, 0xAD, 0x94, 0x0B, 0x68, 0x25, 0x57, 0xFD, 0xC7, 0x3F,
    0x33, 0xD3, 0xED, 0xFD, 0xFF, 0x1D, 0xBC, 0x67, 0x81, 0x05, 0x0A, 0xDD, 0x64, 0xE4, 0x21, 0xD4,
    0xEE, 0x6C, 0x46, 0x40, 0xE5, 0x5A, 0xCF, 0x66, 0x86, 0x22, 0x08, 0x08, 0x18, 0x61, 0x57, 0x81,
    0x02, 0x95, 0x37, 0x58, 0x21, 0x05, 0x52, 0xBA, 0x94, 0xB8, 0x19, 0xA8, 0x50, 0xB0, 0x60, 0xCB,
    0x23, 0x02, 0xF2, 0x12, 0x64, 0x0B, 0x24, 0x94, 0x7B, 0xA9, 0x57, 0x4C, 0xE5, 0x6E, 0x66, 0xAC,
    0x80, 0x60, 0xA1, 0x8E, 0x80, 0xBC, 0xC1, 0xB3, 0xEB, 0xD6, 0x4A, 0x02, 0x78, 0x76, 0x77, 0x60,
    0x67, 0x6F, 0xE6, 0xCE, 0xF1, 0x9C, 0x4C, 0x77, 0xC9, 0x6A, 0x6B, 0x15, 0x4D, 0x32, 0xDF, 0xDF,
    0x0D, 0xC9, 0xF9, 0x3D, 0xCE, 0x6F, 0xBE, 0x1F, 0x00, 0x08, 0x8D, 0xC9, 0x48, 0xB7, 0xD7, 0x35,
    0x13, 0xE4, 0x06, 0x7B, 0x8C, 0x46, 0xA4, 0xA6, 0xAB, 0xF1, 0x2E, 0x15, 0x0A, 0xF0, 0x75, 0x78,
    0x54, 0x33, 0x5D, 0xDD, 0xBF, 0xC6, 0xE8, 0xF2, 0x48, 0x20, 0x35, 0x82, 0xF8, 0xAE, 0x31, 0xC4,
    0xD7, 0xF7, 0x2F, 0x21, 0x95, 0x02, 0x79, 0xBB, 0x04, 0xF9, 0x56, 0x09, 0xD3, 0x2F, 0x2B, 0xD0,
    0xB2, 0x61, 0x50, 0x0D, 0xD3, 0x83, 0x22, 0xE3, 0x51, 0x53, 0xF3, 0xE0, 0xCB, 0xFE, 0x66, 0x72,
    0x20, 0xB9, 0xFA, 0x4C, 0x0D, 0x48, 0x84, 0x04, 0x2E, 0x20, 0x62, 0x20, 0x32, 0x66, 0x06, 0xB6,
    0xEC, 0xBA, 0x06, 0x80, 0x69, 0xA8, 0x23, 0xD3, 0x21, 0x93, 0x6B, 0xDD, 0xF8, 0xB0, 0x1C, 0xCA,
    0xA8, 0x12, 0x5E, 0x25, 0x46, 0x11, 0xFF, 0x8F, 0x0A, 0xD9, 0x32, 0x5F, 0x37, 0x36, 0xCC, 0xD7,
    0xCD, 0x76, 0x26, 0x82, 0x92, 0x06, 0x84, 0xC8, 0xD0, 0x20, 0x92, 0x9C, 0x09, 0x9C, 0x3F, 0x97,
    0xD3, 0x80, 0x0C, 0x4A, 0xBF, 0xC3, 0xD3, 0x5E, 0x37, 0x7E, 0x6D, 0x3E, 0x2E, 0x49, 0x16, 0x5E,
    0xB1, 0x00, 0x00, 0x5C, 0x7A, 0xF6, 0xB7, 0xD7, 0x2B, 0x34, 0x52, 0x53, 0x23, 0x27, 0x14, 0xA6,
    0xD3, 0x9C, 0xBA, 0x54, 0x94, 0x40, 0x50, 0x01, 0x68, 0x80, 0xCB, 0xA1, 0xC9, 0x90, 0x2B, 0x5B,
    0x0A, 0xB9, 0x71, 0x2F, 0xB7, 0x13, 0x57, 0x10, 0xDF, 0x29, 0x41, 0xFE, 0xD9, 0xC9, 0x9D, 0xFC,
    0x31, 0x2B, 0xA5, 0xE4, 0xF2, 0x4B, 0x55, 0x8A, 0x96, 0xDD, 0xD1, 0x61, 0x45, 0xF2, 0x07, 0x93,
    0x7D, 0x7C, 0xA1, 0xAD, 0x13, 0x85, 0xFC, 0x2A, 0x3C, 0xAC, 0xD1, 0xE9, 0xF1, 0x25, 0x4B, 0x77,
    0xC9, 0xA7, 0x05, 0xB1, 0x4E, 0x0C, 0xB1, 0xEA, 0x2E, 0x21, 0xAF, 0x7F, 0xC4, 0x25, 0xC7, 0x1F,
    0x77, 0xC9, 0xF8, 0xC6, 0x54, 0x00, 0xE2, 0xFD, 0x67, 0x5A, 0x80, 0x18, 0xB1, 0x04, 0xB0, 0xC2,
    0x70, 0x08, 0x20, 0x8C, 0xB9, 0x06, 0xC0, 0xA5, 0xE7, 0x1A, 0x00, 0x60, 0x46, 0xA8, 0xA3, 0x2E,
    0x63, 0x05, 0x7B, 0xDB, 0xBB, 0x1A, 0x81, 0xBD, 0x6E, 0x36, 0x09, 0xB3, 0x91, 0xE8, 0x44, 0x4B,
    0x90, 0x9F, 0x16, 0xE3, 0xEE, 0xA2, 0x8D, 0xC4, 0x7E, 0x8D, 0x8D, 0xD3, 0x29, 0xDA, 0xC5, 0x42,
    0xF5, 0xF1, 0x8B, 0xA0, 0x82, 0x7C, 0x90, 0x49, 0x7C, 0x1D, 0x94, 0x82, 0x88, 0x41, 0x13, 0x56,
    0xCB, 0x0C, 0xE6, 0x45, 0x5A, 0x74, 0x2D, 0x14, 0x4D, 0xD8, 0x24, 0x0A, 0x80, 0x13, 0x6F, 0x1E,
    0xA4, 0x57, 0x9F, 0xD5, 0xC0, 0x84, 0xF3, 0x1B, 0xC0, 0x1E, 0xF1, 0x08, 0x48, 0x8D, 0xA9, 0x71,
    0x2F, 0xC3, 0x58, 0x01, 0xE0, 0xE9, 0x50, 0x27, 0x66, 0xC1, 0xC8, 0xB6, 0x57, 0x8C, 0xB3, 0xD8,
    0x76, 0x77, 0x36, 0x28, 0x97, 0x46, 0x62, 0x41, 0x50, 0x0E, 0x89, 0xC6, 0xCF, 0x1A, 0x1B, 0xA4,
    0xDF, 0x6D, 0x67, 0xC3, 0x0D, 0xD7, 0x19, 0xC3, 0xBE, 0xB1, 0xF3, 0x2F, 0xE0, 0x82, 0x74, 0x6D,
    0xC1, 0x5E, 0xC4, 0x60, 0x81, 0xAF, 0x6D, 0x53, 0xC9, 0x41, 0x91, 0x53, 0xD4, 0xBE, 0x69, 0x08,
    0xD5, 0xE3, 0x26, 0x27, 0xF9, 0x85, 0xD9, 0xAD, 0x91, 0x89, 0x62, 0xD3, 0x96, 0x01, 0xC1, 0x99,
    0x2D, 0x53, 0x85, 0xD0, 0xFD, 0xB8, 0x09, 0xF2, 0xA0, 0x42, 0x06, 0xB9, 0xC8, 0x58, 0x0E, 0xF2,
    0xC4, 0xCB, 0x87, 0x41, 0x9E, 0xFA, 0xE5, 0x70, 0x90, 0x85, 0x81, 0x3A, 0x2F, 0x08, 0xFE, 0xD6,
    0xCD, 0x56, 0xF1, 0x16, 0xC9, 0x07, 0xF7, 0x00, 0xC4, 0xCB, 0x39, 0x10, 0x07, 0xC7, 0x3A, 0xC8,
    0x80, 0x68, 0x0C, 0x30, 0x68, 0xF1, 0xDB, 0xA8, 0x41, 0xFC, 0x75, 0xBF, 0x40, 0xDA, 0xA5, 0xE7,
    0x53, 0x9B, 0xB9, 0xD4, 0x03, 0xBC, 0x4A, 0x0B, 0x50, 0x4A, 0xD4, 0x28, 0xFD, 0xE8, 0xA6, 0x15,
    0x62, 0xD4, 0xC4, 0xFD, 0x93, 0x64, 0x6F, 0x50, 0x46, 0xBB, 0x7A, 0x1D, 0xDF, 0xBC, 0xD2, 0x64,
    0x20, 0x32, 0x05, 0x31, 0x4E, 0xFC, 0x0A, 0xC4, 0x6E, 0x09, 0x83, 0x0E, 0xCF, 0xA8, 0xA2, 0x14,
    0xFB, 0x3F, 0x9B, 0xD7, 0x17, 0x94, 0xC8, 0xE4, 0x8B, 0xE5, 0x90, 0xE5, 0xBB, 0x59, 0x8C, 0x38,
    0x42, 0x22, 0x0E, 0x49, 0xAB, 0xF0, 0x88, 0xCF, 0xE9, 0xF0, 0x6E, 0xC6, 0x44, 0xFC, 0xBC, 0x44,
    0x8B, 0xA7, 0x94, 0xAF, 0xCE, 0xC7, 0xDD, 0xF8, 0xD7, 0xCD, 0x23, 0xD1, 0x22, 0xBA, 0x0E, 0x5C,
    0x08, 0x81, 0x89, 0xB8, 0x2F, 0xAB, 0xD7, 0x80, 0xA8, 0xB6, 0xC9, 0x8B, 0xC5, 0x56, 0x99, 0x1C,
    0xFD, 0x69, 0x3E, 0x9E, 0xEB, 0xD5, 0xB2, 0xC3, 0xCF, 0xE5, 0x5B, 0xEF, 0x98, 0x05, 0x48, 0x1D,
    0xDE, 0x5B, 0x7F, 0xC5, 0xB4, 0x2A, 0xB2, 0x77, 0x70, 0xF5, 0xA2, 0x92, 0xD0, 0x82, 0xD6, 0xA0,
    0xE1, 0x76, 0x33, 0x74, 0xE1, 0xC5, 0x3D, 0xE1, 0xC2, 0x48, 0x46, 0x5E, 0x0B, 0x67, 0x57, 0x8B,
    0x43, 0xB3, 0xD3, 0x22, 0x6E, 0x99, 0xD0, 0xB4, 0x00, 0x10, 0x03, 0x7C, 0xA1, 0x0F, 0x93, 0x3E,
    0xEC, 0xEF, 0xCC, 0x00, 0x12, 0xD3, 0xBA, 0xB9, 0x8A, 0xCA, 0x0E, 0x76, 0x74, 0x3C, 0x59, 0x50,
    0xDA, 0xD1, 0xCE, 0x83, 0xBC, 0x9B, 0x49, 0x9B, 0xE0, 0x88, 0xB4, 0x83, 0x43, 0x9E, 0x6C, 0xE0,
    0x08, 0x26, 0x60, 0xE7, 0xD3, 0xE0, 0x06, 0x04, 0x3B, 0x61, 0xCB, 0x23, 0x67, 0xBB, 0x71, 0x71,
    0xD0, 0x12, 0xB5, 0xF7, 0x0B, 0xC6, 0x7D, 0xB9, 0xBE, 0x5A, 0x5F, 0xAC, 0xAF, 0xE5, 0x4C, 0x80,
    0xE3, 0x4D, 0x25, 0x23, 0x45, 0x3D, 0x12, 0x19, 0xF2, 0x74, 0x6A, 0xB2, 0xD8, 0x72, 0xA6, 0x1A,
    0x06, 0x25, 0x7A, 0x18, 0x66, 0x56, 0x1C, 0x61, 0x86, 0x96, 0x2F, 0x7A, 0xC9, 0xD2, 0x45, 0x49,
    0xCF, 0xDD, 0x21, 0x49, 0x17, 0xDD, 0x04, 0x56, 0x87, 0xC0, 0xE4, 0x58, 0x96, 0x80, 0x2B, 0x33,
    0x20, 0xD2, 0x14, 0xA5, 0x3F, 0xD7, 0xB6, 0x79, 0x70, 0x6D, 0xA7, 0x57, 0x2F, 0xCE, 0x40, 0xDF,
    0xFF, 0x99, 0xF1, 0x58, 0xBA, 0x63, 0xDB, 0x9B, 0x41, 0xFC, 0x79, 0xE2, 0x09, 0xB1, 0x6D, 0xC9,
    0xF6, 0x43, 0xB1, 0x20, 0x3C, 0x32, 0x65, 0x12, 0x7A, 0x6A, 0xF3, 0x14, 0x7A, 0x12, 0x19, 0xAD,
    0xF7, 0xB7, 0xD7, 0x94, 0x86, 0x1B, 0x25, 0x38, 0x24, 0x38, 0x22, 0x48, 0xCD, 0x77, 0x9E, 0xD8,
    0xDF, 0xD5, 0x44, 0x5D, 0xEF, 0xA5, 0x92, 0x89, 0xEF, 0x9E, 0xF9, 0x8E, 0xA6, 0x30, 0x3A, 0xD4,
    0xBE, 0x21, 0x99, 0x89, 0xDD, 0x4A, 0x2E, 0x49, 0xF4, 0xE9, 0xE1, 0x06, 0x97, 0x19, 0x4E, 0x90,
    0xA6, 0x53, 0xC8, 0x08, 0x43, 0x2C, 0xD9, 0xCD, 0xE3, 0x11, 0x41, 0x2E, 0x25, 0x83, 0x5C, 0xAE,
    0x20, 0xA8, 0xC5, 0xC1, 0xB5, 0x50, 0xB9, 0xFB, 0xFF, 0x2A, 0xF8, 0x3A, 0x06, 0xD7, 0x7F, 0x2F,
    0xFE, 0xBC, 0x06, 0x8A, 0x8A, 0xC2, 0x64, 0xE1, 0x7C, 0x57, 0x27, 0xB0, 0xB9, 0x09, 0x4B, 0xDA,
    0x98, 0xA1, 0xFE, 0xF6, 0x1F, 0x97, 0x95, 0xAF, 0x36, 0x35, 0xA6, 0xB6, 0x88, 0x63, 0x0A, 0x5C,
    0x00, 0x29, 0x6E, 0x3E, 0xDE, 0xFA, 0xC6, 0x7C, 0x8F, 0x53, 0x6B, 0xF1, 0x59, 0x88, 0x63, 0x88,
    0xA3, 0x9D, 0x9D, 0x59, 0x68, 0x4C, 0x7B, 0xD2, 0x17, 0xEA, 0x63, 0x7C, 0x11, 0x6E, 0x6E, 0x39,
    0x5F, 0xCC, 0xAB, 0x89, 0x25, 0x62, 0x29, 0xD9, 0xBB, 0x93, 0x5B, 0x5F, 0x18, 0x7C, 0xF3, 0x6A,
    0x93, 0xC1, 0x32, 0xF7, 0x7D, 0x71, 0xFE, 0xA4, 0x2F, 0xE0, 0x14, 0x80, 0xA8, 0x80, 0xB0, 0x71,
    0xB2, 0xE2, 0xE4, 0x1B, 0x99, 0x6F, 0x5E, 0x36, 0xA5, 0x98, 0xEB, 0x6F, 0x56, 0x52, 0x6D, 0xA0,
    0xA6, 0x6B, 0x23, 0xB4, 0xDE, 0x6A, 0x98, 0xDC, 0x9A, 0xAF, 0x31, 0x71, 0x58, 0xD7, 0x77, 0x72,
    0x27, 0x25, 0x9E, 0xFA, 0x65, 0xE9, 0xE6, 0xAE, 0x89, 0xB2, 0xA5, 0xAD, 0x9D, 0x05, 0x84, 0x46,
    0x61, 0x91, 0xD4, 0x99, 0xDC, 0x01, 0xF3, 0x50, 0x59, 0x20, 0x0D, 0x98, 0x5A, 0x58, 0xC2, 0x88,
    0x68, 0xFC, 0xAA, 0x69, 0x90, 0xBE, 0xD9, 0x5E, 0xDB, 0xD8, 0xA3, 0x86, 0x9E, 0x45, 0x2F, 0x80,
    0x02, 0x89, 0xA7, 0x71, 0x78, 0xAC, 0x71, 0x70, 0x2C, 0x76, 0x1A, 0x8A, 0x3A, 0x34, 0x7B, 0x00,
    0x8C, 0x80, 0x9F, 0xE2, 0x54, 0xE1, 0x74, 0xBE, 0xB3, 0x07, 0x6C, 0x99, 0x46, 0xA8, 0xC4, 0x64,
    0xAC, 0xFE, 0xCA, 0xC1, 0x59, 0x26, 0xAF, 0xB3, 0xC9, 0x99, 0xD4, 0x54, 0xCB, 0xD0, 0xFD, 0xA4,
    0x0E, 0x09, 0x14, 0xD2, 0xB2, 0x28, 0x67, 0xC9, 0x32, 0x0A, 0x7A, 0x3A, 0x59, 0xFD, 0x4A, 0x60,
    0x19, 0x95, 0x0F, 0x02, 0x15, 0x1F, 0x33, 0xEA, 0xED, 0xC2, 0x31, 0xEA, 0x46, 0x0B, 0x10, 0xBA,
    0xD9, 0x58, 0xFE, 0x68, 0x46, 0x25, 0xB5, 0xDD, 0x45, 0x57, 0x20, 0x83, 0xD2, 0xEE, 0x62, 0x90,
    0xD9, 0x5D, 0x84, 0xB8, 0x5D, 0xD4, 0x28, 0xF5, 0xA9, 0x1E, 0x4F, 0x4E, 0xA4, 0x77, 0xCC, 0xA8,
    0x52, 0x32, 0x75, 0x8C, 0xBA, 0x31, 0xC6, 0x37, 0x4F, 0xB7, 0x80, 0xD0, 0x0A, 0x56, 0xD6, 0x7A,
    0x46, 0xB9, 0xD4, 0x0F, 0x33, 0xEA, 0xC0, 0x39, 0x19, 0x6B, 0xE4, 0xD8, 0x31, 0x4A, 0x3A, 0x46,
    0xA5, 0x95, 0xB0, 0x2E, 0xD6, 0xA1, 0x33, 0xB1, 0x63, 0x94, 0xEE, 0x19, 0xF5, 0x92, 0xF2, 0xAB,
    0x0B, 0xB2, 0x1B, 0xFF, 0xB0, 0xFD, 0xBF, 0x68, 0x11, 0x2A, 0x20, 0x7D, 0x17, 0x78, 0xFB, 0x01,
    0xA3, 0xAE, 0xDC, 0x67, 0x94, 0x57, 0xDC, 0x2B, 0xF2, 0x63, 0x46, 0x1D, 0x38, 0x46, 0x11, 0x64,
    0x8E, 0x51, 0x2D, 0x3D, 0xA3, 0xBE, 0xD6, 0x33, 0xCA, 0xF4, 0x8C, 0xAA, 0x41, 0xD7, 0xF4, 0x8C,
    0xFA, 0x34, 0xEA, 0x21, 0x46, 0xD5, 0xFF, 0x82, 0x51, 0x8A, 0x3E, 0x24, 0x2D, 0xC0, 0xFC, 0x9E,
    0x0B, 0xA4, 0x79, 0xFC, 0x5F, 0x33, 0x0A, 0xCB, 0x28, 0xE3, 0x18, 0xB5, 0x18, 0x9C, 0x60, 0xD4,
    0xF3, 0x3D, 0xA3, 0x5C, 0x35, 0xF6, 0x5D, 0x31, 0x92, 0x3C, 0x76, 0x6F, 0x1D, 0xC9, 0xBE, 0x63,
    0x94, 0x78, 0x9D, 0xDA, 0xE2, 0x09, 0x49, 0xB7, 0x5E, 0xDA, 0x8B, 0xF6, 0x94, 0xDD, 0x36, 0x7A,
    0x28, 0x32, 0x26, 0xC3, 0xD4, 0x7D, 0x3A, 0x57, 0xF6, 0x8C, 0xAA, 0x1C, 0xA3, 0x7E, 0x57, 0x93,
    0x2C, 0xC2, 0x12, 0x48, 0xDE, 0x03, 0x2E, 0x7F, 0x32, 0xA3, 0xA6, 0xA0, 0x41, 0xE1, 0x74, 0x0A,
    0x0F, 0x18, 0xA5, 0x88, 0xED, 0x1D, 0xD8, 0xF9, 0xED, 0xEC, 0x0F, 0x31, 0xEA, 0x11, 0xF4, 0x24,
    0x31, 0x5A, 0x77, 0x97, 0xD6, 0x6E, 0x54, 0xE0, 0x4C, 0x74, 0x27, 0xC7, 0x4D, 0xCA, 0x53, 0x15,
    0x3C, 0xE1, 0x5E, 0xDF, 0xA4, 0x67, 0x54, 0x90, 0xBB, 0xA7, 0xD0, 0xC1, 0xE1, 0x07, 0x9A, 0x8E,
    0x49, 0x58, 0xFB, 0x86, 0x55, 0xC7, 0xA8, 0xD1, 0xB2, 0x44, 0x3B, 0x3C, 0x5D, 0x3E, 0xC6, 0x93,
    0xC0, 0x20, 0x25, 0xBB, 0x59, 0x2C, 0x09, 0x1E, 0x30, 0x2A, 0xCC, 0x46, 0x11, 0x82, 0x3A, 0x3C,
    0x68, 0xCF, 0x29, 0x0A, 0x95, 0xE6, 0xE0, 0x75, 0x8E, 0x51, 0x37, 0x1F, 0x30, 0xEA, 0xE0, 0x3F,
    0x66, 0x14, 0xE2, 0xE6, 0xA3, 0x0F, 0x33, 0xCA, 0x37, 0xB3, 0xA4, 0x78, 0xA3, 0x0D, 0x6B, 0xA4,
    0xF5, 0x45, 0x73, 0xDF, 0x17, 0xD5, 0xC0, 0xF9, 0xC2, 0x77, 0xBE, 0xE0, 0x43, 0x5F, 0x84, 0xB3,
    0x1E, 0x4F, 0x56, 0xA4, 0x72, 0x8C, 0xBA, 0xED, 0x7C, 0x71, 0xC7, 0xFA, 0xE2, 0xBA, 0x71, 0xBE,
    0x68, 0x80, 0xB0, 0x56, 0xB0, 0xCC, 0x03, 0x5F, 0xF4, 0x8C, 0xFA, 0x1F, 0x92, 0xA4, 0x39, 0x49,
    0x12, 0xD5, 0x6B, 0xBA, 0x07, 0xCC, 0xE7, 0x0D, 0x90, 0x66, 0x23, 0x00, 0x80, 0xC0, 0xB4, 0x40,
    0xB4, 0xBD, 0x09, 0xCC, 0x18, 0xC1, 0x40, 0x31, 0x81, 0x04, 0x14, 0xBE, 0xA9, 0xFD, 0x92, 0xE8,
    0x8D, 0x2E, 0x28, 0x91, 0x08, 0xB7, 0x2A, 0x82, 0x57, 0x41, 0x13, 0xFC, 0x1E, 0xF7, 0xF7, 0x5E,
    0xDF, 0x03, 0x4D, 0x60, 0x75, 0xC2, 0xE0, 0x35, 0x90, 0x44, 0x02, 0xA2, 0x83, 0x76, 0x70, 0x98,
    0xFB, 0x46, 0x79, 0x26, 0xFB, 0xC7, 0x5A, 0x7B, 0xC0, 0xB5, 0xA0, 0x82, 0x40, 0xAD, 0x00, 0x09,
    0x69, 0xEB, 0x6A, 0x3D, 0x39, 0x73, 0xB5, 0x98, 0xB8, 0x5A, 0x9E, 0x72, 0xB5, 0x5E, 0x2E, 0x5D,
    0xE6, 0xDF, 0x66, 0xAE, 0xCA, 0xBB, 0x7D, 0xC5, 0x4F, 0xAA, 0x35, 0x9A, 0xC9, 0x2F, 0xD5, 0xE9,
    0x4C, 0x48, 0xD1, 0x88, 0x6C, 0xC8, 0xC3, 0xDF, 0x5E, 0x51, 0x13, 0xCE, 0x0B, 0x56, 0x08, 0xCB,
    0xCB, 0x78, 0x5A, 0x17, 0x6A, 0x7A, 0xEB, 0xA8, 0x91, 0x37, 0x7E, 0xF3, 0x66, 0x7C, 0xFB, 0xF0,
    0x47, 0x4B, 0xDA, 0x0C, 0x87, 0xD3, 0x33, 0xCB, 0x42, 0x22, 0x45, 0x74, 0x50, 0x87, 0xBE, 0xA9,
    0x42, 0x77, 0xA6, 0xC8, 0xED, 0xA9, 0xE0, 0x50, 0xD9, 0x73, 0xEF, 0x66, 0xDA, 0x9E, 0x34, 0x8C,
    0xEC, 0xD9, 0x7D, 0xE4, 0xAD, 0xA3, 0x56, 0x12, 0xBB, 0xF3, 0x1C, 0x67, 0x40, 0xBA, 0x1C, 0x48,
    0x97, 0x85, 0x91, 0xCB, 0x83, 0x76, 0x99, 0xCE, 0x55, 0x2E, 0x57, 0x9A, 0xF5, 0xD9, 0xE0, 0x38,
    0xDF, 0x8D, 0x8E, 0xE3, 0x8C, 0xB7, 0xD6, 0xF3, 0x3E, 0x67, 0x50, 0xF6, 0x59, 0xBD, 0xAA, 0xCF,
    0x8B, 0xEA, 0x33, 0xA3, 0xFA, 0xDC, 0xA8, 0x3E, 0x3B, 0xAA, 0xCF, 0xEF, 0x55, 0x7D, 0x85, 0xA0,
    0xEC, 0x6B, 0x8C, 0xB3, 0xE3, 0x2A, 0x4F, 0x2F, 0xE0, 0x01, 0xAE, 0xBC, 0x06, 0x06, 0x25, 0x08,
    0x92, 0x2A, 0x52, 0x57, 0xEA, 0x2B, 0xF5, 0x44, 0x2E, 0x46, 0x5B, 0x33, 0x53, 0x47, 0xAD, 0xA9,
    0xAE, 0x5C, 0xFC, 0x56, 0xAD, 0x41, 0x9E, 0x7C, 0xBE, 0x8F, 0x57, 0x47, 0x07, 0x63, 0xDB, 0x71,
    0x07, 0x69, 0xC9, 0x5C, 0x73, 0x6B, 0x83, 0x62, 0x6F, 0x60, 0x9A, 0x74, 0x7B, 0xED, 0x24, 0x0C,
    0x36, 0x21, 0x39, 0xB0, 0x46, 0xA9, 0x09, 0x72, 0x42, 0x08, 0x61, 0xF0, 0x03, 0x82, 0x0E, 0xCE,
    0x00, 0xC0, 0x96, 0xC9, 0x19, 0xCC, 0x9F, 0x6B, 0x88, 0x32, 0x56, 0x90, 0x10, 0xE6, 0x53, 0x3C,
    0x53, 0x6A, 0x06, 0x7F, 0xA9, 0x34, 0x02, 0xA5, 0x9C, 0x68, 0x27, 0x53, 0x84, 0x5F, 0xA5, 0x6F,
    0x0E, 0x0E, 0xCB, 0xB0, 0xF1, 0x0C, 0x45, 0xF3, 0xDD, 0xD6, 0x4D, 0x16, 0x66, 0x43, 0x62, 0x24,
    0x23, 0x24, 0x92, 0xE8, 0xCD, 0xC1, 0x02, 0xBC, 0x1C, 0xC2, 0x12, 0x52, 0xF0, 0x1B, 0x88, 0x2A,
    0xBC, 0x0E, 0x84, 0xA9, 0x59, 0xFD, 0xEC, 0x3E, 0x53, 0xC2, 0x4C, 0x13, 0x94, 0x0A, 0xF7, 0xF8,
    0xA5, 0xFB, 0x3C, 0x71, 0xB8, 0x40, 0x10, 0x1D, 0x2C, 0xF0, 0x8D, 0x02, 0x00, 0xF0, 0x4C, 0x03,
    0x84, 0xEF, 0x1B, 0x60, 0xC8, 0x9D, 0x12, 0x62, 0xEF, 0x9D, 0x63, 0x75, 0xCC, 0x5A, 0xC6, 0xE4,
    0xD8, 0x8D, 0x9D, 0x29, 0x72, 0x8B, 0xB6, 0x7F, 0xDE, 0xFF, 0xB5, 0x7F, 0x7F, 0xFF, 0x8F, 0x7F,
    0xB8, 0x7F, 0x80, 0x09, 0x23, 0xAA, 0x33, 0xE4, 0x40, 0xC5, 0x28, 0xE3, 0x34, 0xD8, 0x27, 0x1B,
    0x51, 0xF1, 0x3C, 0x7C, 0x86, 0xBF, 0x03,
};

static const EpdGlyph sinhala_10_regularGlyphs[] = {
    { 7, 6, 0, -10, 19, 11, 0 }, // U+0D81
    { 9, 10, 157, 1, 11, 23, 11 }, // U+0D82
    { 6, 12, 106, 1, 12, 18, 34 }, // U+0D83
    { 14, 17, 240, 1, 13, 60, 52 }, // U+0D85
    { 21, 17, 354, 1, 13, 90, 112 }, // U+0D86
    { 21, 17, 339, 1, 13, 90, 202 }, // U+0D87
    { 21, 17, 341, 1, 13, 90, 292 }, // U+0D88
    { 15, 18, 254, 1, 13, 68, 382 }, // U+0D89
    { 14, 18, 245, 1, 18, 63, 450 }, // U+0D8A
    { 14, 18, 232, 1, 13, 63, 513 }, // U+0D8B
    { 24, 18, 407, 1, 13, 108, 576 }, // U+0D8C
    { 25, 13, 420, 1, 13, 82, 684 }, // U+0D8D
    { 34, 13, 568, 1, 13, 111, 766 }, // U+0D8E
    { 22, 13, 372, 1, 13, 72, 877 }, // U+0D8F
    { 32, 13, 534, 1, 13, 104, 949 }, // U+0D90
    { 16, 18, 272, 0, 18, 72, 1053 }, // U+0D91
    { 17, 20, 287, 0, 20, 85, 1125 }, // U+0D92
    { 29, 18, 479, 1, 18, 131, 1210 }, // U+0D93
    { 17, 19, 296, 1, 19, 81, 1341 }, // U+0D94
    { 17, 21, 296, 1, 21, 90, 1422 }, // U+0D95
    { 28, 19, 468, 1, 19, 133, 1512 }, // U+0D96
    { 21, 13, 336, 0, 13, 69, 1645 }, // U+0D9A
    { 17, 19, 297, 1, 19, 81, 1714 }, // U+0D9B
    { 18, 13, 303, 1, 13, 59, 1795 }, // U+0D9C
    { 17, 13, 299, 1, 13, 56, 1854 }, // U+0D9D
    { 16, 19, 288, 1, 19, 76, 1910 }, // U+0D9E
    { 20, 13, 348, 1, 13, 65, 1986 }, // U+0D9F
    { 16, 19, 281, 0, 19, 76, 2051 }, // U+0DA0
    { 15, 18, 277, 1, 18, 68, 2127 }, // U+0DA1
    { 15, 18, 270, 1, 18, 68, 2195 }, // U+0DA2
    { 31, 19, 494, 0, 19, 148, 2263 }, // U+0DA3
    { 28, 19, 451, 1, 13, 133, 2411 }, // U+0DA4
    { 24, 19, 392, 1, 13, 114, 2544 }, // U+0DA5
    { 19, 18, 318, 1, 18, 86, 2658 }, // U+0DA6
    { 16, 19, 279, 1, 19, 76, 2744 }, // U+0DA7
    { 16, 19, 284, 1, 19, 76, 2820 }, // U+0DA8
    { 17, 19, 290, 0, 19, 81, 2896 }, // U+0DA9
    { 18, 18, 287, 0, 18, 81, 2977 }, // U+0DAA
    { 24, 18, 402, 0, 18, 108, 3058 }, // U+0DAB
    { 20, 19, 342, 1, 19, 95, 3166 }, // U+0DAC
    { 20, 13, 313, 0, 13, 65, 3261 }, // U+0DAD
    { 15, 19, 269, 1, 19, 72, 3326 }, // U+0DAE
    { 12, 19, 197, 1, 13, 57, 3398 }, // U+0DAF
    { 17, 19, 294, 1, 19, 81, 3455 }, // U+0DB0
    { 19, 13, 322, 0, 13, 62, 3536 }, // U+0DB1
    { 15, 19, 246, 1, 13, 72, 3598 }, // U+0DB3
    { 15, 13, 277, 1, 13, 49, 3670 }, // U+0DB4
    { 15, 18, 271, 1, 18, 68, 3719 }, // U+0DB5
    { 17, 19, 296, 1, 19, 81, 3787 }, // U+0DB6
    { 19, 13, 325, 1, 13, 62, 3868 }, // U+0DB7
    { 16, 19, 288, 1, 19, 76, 3930 }, // U+0DB8
    { 17, 19, 291, 1, 19, 81, 4006 }, // U+0DB9
    { 17, 13, 292, 1, 13, 56, 4087 }, // U+0DBA
    { 13, 18, 230, 1, 18, 59, 4143 }, // U+0DBB
    { 17, 18, 284, 1, 13, 77, 4202 }, // U+0DBD
    { 16, 19, 276, 1, 19, 76, 4279 }, // U+0DC0
    { 18, 14, 305, 1, 13, 63, 4355 }, // U+0DC1
    { 16, 13, 277, 1, 13, 52, 4418 }, // U+0DC2
    { 17, 13, 299, 1, 13, 56, 4470 }, // U+0DC3
    { 19, 13, 323, 1, 13, 62, 4526 }, // U+0DC4
    { 15, 18, 261, 1, 13, 68, 4588 }, // U+0DC5
    { 16, 13, 280, 1, 13, 52, 4656 }, // U+0DC6
    { 7, 10, 0, 0, 20, 18, 4708 }, // U+0DCA
    { 7, 13, 113, 0, 13, 23, 4726 }, // U+0DCF
    { 6, 13, 103, 1, 9, 20, 4749 }, // U+0DD0
    { 6, 13, 104, 1, 9, 20, 4769 }, // U+0DD1
    { 12, 9, 0, 1, 20, 27, 4789 }, // U+0DD2
    { 12, 9, 0, 1, 20, 27, 4816 }, // U+0DD3
    { 14, 11, 234, 1, 5, 39, 4843 }, // U+0DD4
    { 14, 11, 234, 1, 4, 39, 4882 }, // U+0DD6
    { 8, 13, 148, 1, 13, 26, 4921 }, // U+0DD8
    { 12, 13, 210, 1, 13, 39, 4947 }, // U+0DD9
    { 25, 20, 312, 1, 20, 125, 4986 }, // U+0DDA
    { 25, 13, 421, 1, 13, 82, 5111 }, // U+0DDB
    { 22, 13, 378, 1, 13, 72, 5193 }, // U+0DDC
    { 29, 20, 378, 1, 20, 145, 5265 }, // U+0DDD
    { 27, 13, 453, 1, 13, 88, 5410 }, // U+0DDE
    { 10, 13, 174, 1, 13, 33, 5498 }, // U+0DDF
    { 7, 13, 108, 0, 13, 23, 5531 }, // U+0DE6
    { 16, 13, 278, 1, 13, 52, 5554 }, // U+0DE7
    { 23, 13, 397, 1, 13, 75, 5606 }, // U+0DE8
    { 30, 13, 501, 1, 13, 98, 5681 }, // U+0DE9
    { 16, 18, 263, 1, 18, 72, 5779 }, // U+0DEA
    { 12, 19, 192, 1, 13, 57, 5851 }, // U+0DEB
    { 18, 13, 299, 1, 13, 59, 5908 }, // U+0DEC
    { 8, 13, 133, 0, 13, 26, 5967 }, // U+0DED
    { 14, 17, 234, 1, 17, 60, 5993 }, // U+0DEE
    { 23, 20, 396, 1, 20, 115, 6053 }, // U+0DEF
    { 17, 13, 297, 1, 13, 56, 6168 }, // U+0DF2
    { 10, 13, 176, 1, 13, 33, 6224 }, // U+0DF3
    { 37, 11, 602, 1, 11, 102, 6257 }, // U+0DF4
    { 0, 0, 0, 0, 0, 0, 0 }, // U+200C
    { 0, 0, 0, 0, 0, 0, 0 }, // U+200D
    { 11, 12, 207, 1, 12, 33, 0 }, // U+25CC
    { 10, 15, 200, 1, 15, 38, 33 }, // U+F0000
    { 0, 0, 130, 0, 0, 0, 71 }, // U+F0001
    { 14, 17, 240, 1, 13, 60, 71 }, // U+F0002
    { 21, 17, 354, 1, 13, 90, 131 }, // U+F0003
    { 21, 17, 339, 1, 13, 90, 221 }, // U+F0004
    { 21, 17, 341, 1, 13, 90, 311 }, // U+F0005
    { 15, 18, 254, 1, 13, 68, 401 }, // U+F0006
    { 14, 18, 245, 1, 18, 63, 469 }, // U+F0007
    { 14, 18, 232, 1, 13, 63, 532 }, // U+F0008
    { 24, 18, 407, 1, 13, 108, 595 }, // U+F0009
    { 25, 13, 420, 1, 13, 82, 703 }, // U+F000A
    { 34, 13, 568, 1, 13, 111, 785 }, // U+F000B
    { 22, 13, 372, 1, 13, 72, 896 }, // U+F000C
    { 32, 13, 534, 1, 13, 104, 968 }, // U+F000D
    { 16, 18, 272, 0, 18, 72, 1072 }, // U+F000E
    { 17, 20, 287, 0, 20, 85, 1144 }, // U+F000F
    { 29, 18, 479, 1, 18, 131, 1229 }, // U+F0010
    { 17, 19, 296, 1, 19, 81, 1360 }, // U+F0011
    { 17, 21, 296, 1, 21, 90, 1441 }, // U+F0012
    { 28, 19, 468, 1, 19, 133, 1531 }, // U+F0013
    { 21, 13, 336, 0, 13, 69, 1664 }, // U+F0014
    { 17, 19, 297, 1, 19, 81, 1733 }, // U+F0015
    { 18, 13, 303, 1, 13, 59, 1814 }, // U+F0016
    { 17, 13, 299, 1, 13, 56, 1873 }, // U+F0017
    { 16, 19, 288, 1, 19, 76, 1929 }, // U+F0018
    { 20, 13, 348, 1, 13, 65, 2005 }, // U+F0019
    { 16, 19, 281, 0, 19, 76, 2070 }, // U+F001A
    { 15, 18, 277, 1, 18, 68, 2146 }, // U+F001B
    { 15, 18, 270, 1, 18, 68, 2214 }, // U+F001C
    { 31, 19, 494, 0, 19, 148, 2282 }, // U+F001D
    { 28, 19, 451, 1, 13, 133, 2430 }, // U+F001E
    { 24, 19, 392, 1, 13, 114, 2563 }, // U+F001F
    { 19, 18, 318, 1, 18, 86, 2677 }, // U+F0020
    { 16, 19, 279, 1, 19, 76, 2763 }, // U+F0021
    { 16, 19, 284, 1, 19, 76, 2839 }, // U+F0022
    { 17, 19, 290, 0, 19, 81, 2915 }, // U+F0023
    { 18, 18, 287, 0, 18, 81, 2996 }, // U+F0024
    { 24, 18, 402, 0, 18, 108, 3077 }, // U+F0025
    { 20, 19, 342, 1, 19, 95, 3185 }, // U+F0026
    { 20, 13, 313, 0, 13, 65, 3280 }, // U+F0027
    { 15, 19, 269, 1, 19, 72, 3345 }, // U+F0028
    { 12, 19, 197, 1, 13, 57, 3417 }, // U+F0029
    { 17, 19, 294, 1, 19, 81, 3474 }, // U+F002A
    { 19, 13, 322, 0, 13, 62, 3555 }, // U+F002B
    { 15, 19, 246, 1, 13, 72, 3617 }, // U+F002C
    { 15, 13, 277, 1, 13, 49, 3689 }, // U+F002D
    { 15, 18, 271, 1, 18, 68, 3738 }, // U+F002E
    { 17, 19, 296, 1, 19, 81, 3806 }, // U+F002F
    { 19, 13, 325, 1, 13, 62, 3887 }, // U+F0030
    { 16, 19, 288, 1, 19, 76, 3949 }, // U+F0031
    { 17, 19, 291, 1, 19, 81, 4025 }, // U+F0032
    { 17, 13, 292, 1, 13, 56, 4106 }, // U+F0033
    { 13, 18, 230, 1, 18, 59, 4162 }, // U+F0034
    { 17, 18, 284, 1, 13, 77, 4221 }, // U+F0035
    { 16, 19, 276, 1, 19, 76, 4298 }, // U+F0036
    { 18, 14, 305, 1, 13, 63, 4374 }, // U+F0037
    { 16, 13, 277, 1, 13, 52, 4437 }, // U+F0038
    { 17, 13, 299, 1, 13, 56, 4489 }, // U+F0039
    { 19, 13, 323, 1, 13, 62, 4545 }, // U+F003A
    { 15, 18, 261, 1, 13, 68, 4607 }, // U+F003B
    { 16, 13, 280, 1, 13, 52, 4675 }, // U+F003C
    { 9, 10, 157, 1, 11, 23, 4727 }, // U+F003D
    { 6, 12, 106, 1, 12, 18, 4750 }, // U+F003E
    { 29, 19, 476, 0, 19, 138, 4768 }, // U+F003F
    { 29, 13, 475, 0, 13, 95, 4906 }, // U+F0040
    { 26, 19, 447, 1, 19, 124, 5001 }, // U+F0041
    { 19, 19, 329, 1, 19, 91, 5125 }, // U+F0042
    { 19, 19, 332, 1, 19, 91, 5216 }, // U+F0043
    { 28, 18, 448, 0, 18, 126, 5307 }, // U+F0044
    { 28, 19, 451, 0, 19, 133, 5433 }, // U+F0045
    { 20, 19, 338, 1, 19, 95, 5566 }, // U+F0046
    { 19, 19, 329, 1, 19, 91, 5661 }, // U+F0047
    { 27, 18, 457, 0, 18, 122, 5752 }, // U+F0048
    { 24, 19, 378, 0, 13, 114, 5874 }, // U+F0049
    { 29, 19, 478, 0, 19, 138, 5988 }, // U+F004A
    { 28, 19, 460, 0, 19, 133, 6126 }, // U+F004B
    { 7, 10, 0, 0, 20, 18, 6259 }, // U+F004C
    { 7, 8, 0, -1, 20, 14, 6277 }, // U+F004D
    { 7, 11, 0, -1, 19, 20, 6291 }, // U+F004E
    { 7, 13, 113, 0, 13, 23, 6311 }, // U+F004F
    { 6, 13, 103, 1, 9, 20, 6334 }, // U+F0050
    { 6, 13, 104, 1, 9, 20, 6354 }, // U+F0051
    { 12, 9, 0, 1, 20, 27, 6374 }, // U+F0052
    { 12, 9, 0, 1, 20, 27, 6401 }, // U+F0053
    { 10, 9, 0, 1, 20, 23, 6428 }, // U+F0054
    { 12, 8, 0, 1, 19, 24, 6451 }, // U+F0055
    { 12, 9, 0, 0, 21, 27, 6475 }, // U+F0056
    { 10, 9, 0, 0, 20, 23, 6502 }, // U+F0057
    { 12, 9, 0, 1, 20, 27, 6525 }, // U+F0058
    { 12, 10, 0, 1, 20, 30, 6552 }, // U+F0059
    { 10, 9, 0, 1, 19, 23, 6582 }, // U+F005A
    { 10, 8, 0, 1, 19, 20, 6605 }, // U+F005B
    { 12, 9, 0, 1, 20, 27, 6625 }, // U+F005C
    { 12, 9, 0, 1, 20, 27, 6652 }, // U+F005D
    { 10, 9, 0, 1, 20, 23, 6679 }, // U+F005E
    { 12, 9, 0, 0, 19, 27, 6702 }, // U+F005F
    { 13, 9, 0, 0, 22, 30, 6729 }, // U+F0060
    { 11, 8, 0, 0, 19, 22, 6759 }, // U+F0061
    { 12, 9, 0, 1, 20, 27, 6781 }, // U+F0062
    { 12, 9, 0, 1, 19, 27, 6808 }, // U+F0063
    { 10, 8, 0, 1, 19, 20, 6835 }, // U+F0064
    { 11, 8, 0, 1, 19, 22, 6855 }, // U+F0065
    { 14, 11, 234, 1, 5, 39, 6877 }, // U+F0066
    { 14, 10, 237, 1, 5, 35, 6916 }, // U+F0067
    { 15, 10, 246, 1, 5, 38, 6951 }, // U+F0068
    { 17, 10, 274, 1, 5, 43, 6989 }, // U+F0069
    { 14, 11, 234, 1, 4, 39, 7032 }, // U+F006A
    { 14, 11, 234, 1, 4, 39, 7071 }, // U+F006B
    { 15, 11, 250, 1, 4, 42, 7110 }, // U+F006C
    { 16, 11, 265, 1, 4, 44, 7152 }, // U+F006D
    { 8, 13, 148, 1, 13, 26, 7196 }, // U+F006E
    { 12, 13, 210, 1, 13, 39, 7222 }, // U+F006F
    { 25, 20, 312, 1, 20, 125, 7261 }, // U+F0070
    { 25, 13, 421, 1, 13, 82, 7386 }, // U+F0071
    { 22, 13, 378, 1, 13, 72, 7468 }, // U+F0072
    { 29, 20, 378, 1, 20, 145, 7540 }, // U+F0073
    { 27, 13, 453, 1, 13, 88, 7685 }, // U+F0074
    { 10, 13, 174, 1, 13, 33, 7773 }, // U+F0075
    { 17, 13, 297, 1, 13, 56, 7806 }, // U+F0076
    { 10, 13, 176, 1, 13, 33, 7862 }, // U+F0077
    { 37, 11, 602, 1, 11, 102, 7895 }, // U+F0078
    { 10, 8, 0, 1, 19, 20, 7997 }, // U+F0079
    { 10, 8, 0, 1, 19, 20, 8017 }, // U+F007A
    { 13, 13, 212, 0, 13, 43, 8037 }, // U+F007B
    { 15, 10, 0, 1, 3, 38, 8080 }, // U+F007C
    { 15, 10, 0, 1, 3, 38, 8118 }, // U+F007D
    { 15, 10, 0, 1, 3, 38, 8156 }, // U+F007E
    { 16, 10, 273, 1, 3, 40, 8194 }, // U+F007F
    { 15, 10, 0, 0, 3, 38, 8234 }, // U+F0080
    { 15, 10, 249, 1, 3, 38, 8272 }, // U+F0081
    { 8, 20, 114, 0, 20, 40, 8310 }, // U+F0082
    { 6, 12, 108, 1, 6, 18, 8350 }, // U+F0083
    { 6, 11, 105, 1, 5, 17, 8368 }, // U+F0084
    { 7, 6, 0, -10, 19, 11, 8385 }, // U+F0085
    { 28, 19, 458, 1, 13, 133, 8396 }, // U+F0086
    { 25, 19, 408, 1, 13, 119, 8529 }, // U+F0087
    { 12, 19, 208, 1, 13, 57, 8648 }, // U+F0088
    { 15, 19, 257, 1, 13, 72, 8705 }, // U+F0089
    { 24, 19, 390, 0, 13, 114, 8777 }, // U+F008A
    { 17, 21, 298, 1, 21, 90, 8891 }, // U+F008B
    { 16, 21, 286, 1, 21, 84, 8981 }, // U+F008C
    { 17, 21, 285, 0, 21, 90, 9065 }, // U+F008D
    { 31, 21, 494, 0, 21, 163, 9155 }, // U+F008E
    { 16, 21, 281, 1, 21, 84, 9318 }, // U+F008F
    { 17, 21, 290, 0, 21, 90, 9402 }, // U+F0090
    { 20, 21, 342, 1, 21, 105, 9492 }, // U+F0091
    { 17, 21, 294, 1, 21, 90, 9597 }, // U+F0092
    { 17, 21, 296, 1, 21, 90, 9687 }, // U+F0093
    { 16, 21, 289, 1, 21, 84, 9777 }, // U+F0094
    { 16, 21, 291, 1, 21, 84, 9861 }, // U+F0095
    { 13, 20, 230, 1, 20, 65, 9945 }, // U+F0096
    { 16, 21, 280, 1, 21, 84, 10010 }, // U+F0097
    { 29, 21, 476, 0, 21, 153, 10094 }, // U+F0098
    { 26, 21, 447, 1, 21, 137, 10247 }, // U+F0099
    { 19, 21, 334, 1, 21, 100, 10384 }, // U+F009A
    { 28, 21, 453, 0, 21, 147, 10484 }, // U+F009B
    { 20, 21, 338, 1, 21, 105, 10631 }, // U+F009C
    { 19, 21, 331, 1, 21, 100, 10736 }, // U+F009D
    { 29, 21, 478, 0, 21, 153, 10836 }, // U+F009E
    { 28, 21, 462, 0, 21, 147, 10989 }, // U+F009F
    { 17, 21, 298, 1, 21, 90, 11136 }, // U+F00A0
    { 16, 21, 288, 1, 21, 84, 11226 }, // U+F00A1
    { 17, 21, 285, 0, 21, 90, 11310 }, // U+F00A2
    { 31, 21, 493, 0, 21, 163, 11400 }, // U+F00A3
    { 16, 21, 281, 1, 21, 84, 11563 }, // U+F00A4
    { 17, 21, 290, 0, 21, 90, 11647 }, // U+F00A5
    { 24, 21, 402, 0, 21, 126, 11737 }, // U+F00A6
    { 20, 21, 342, 1, 21, 105, 11863 }, // U+F00A7
    { 17, 21, 293, 1, 21, 90, 11968 }, // U+F00A8
    { 17, 21, 296, 1, 21, 90, 12058 }, // U+F00A9
    { 16, 21, 290, 1, 21, 84, 12148 }, // U+F00AA
    { 16, 21, 290, 1, 21, 84, 12232 }, // U+F00AB
    { 17, 19, 292, 1, 19, 81, 12316 }, // U+F00AC
    { 13, 20, 234, 1, 20, 65, 12397 }, // U+F00AD
    { 16, 21, 278, 1, 21, 84, 12462 }, // U+F00AE
    { 29, 21, 478, 0, 21, 153, 12546 }, // U+F00AF
    { 26, 21, 445, 1, 21, 137, 12699 }, // U+F00B0
    { 19, 21, 332, 1, 21, 100, 12836 }, // U+F00B1
    { 28, 21, 453, 0, 21, 147, 12936 }, // U+F00B2
    { 19, 21, 338, 1, 21, 100, 13083 }, // U+F00B3
    { 19, 21, 331, 1, 21, 100, 13183 }, // U+F00B4
    { 29, 21, 477, 0, 21, 153, 13283 }, // U+F00B5
    { 28, 21, 462, 0, 21, 147, 13436 }, // U+F00B6
    { 17, 21, 298, 1, 21, 90, 13583 }, // U+F00B7
    { 16, 21, 286, 1, 21, 84, 13673 }, // U+F00B8
    { 17, 21, 285, 0, 21, 90, 13757 }, // U+F00B9
    { 31, 21, 493, 0, 21, 163, 13847 }, // U+F00BA
    { 16, 21, 281, 1, 21, 84, 14010 }, // U+F00BB
    { 17, 21, 290, 0, 21, 90, 14094 }, // U+F00BC
    { 24, 21, 400, 0, 21, 126, 14184 }, // U+F00BD
    { 20, 21, 342, 1, 21, 105, 14310 }, // U+F00BE
    { 17, 21, 293, 1, 21, 90, 14415 }, // U+F00BF
    { 17, 21, 296, 1, 21, 90, 14505 }, // U+F00C0
    { 16, 21, 290, 1, 21, 84, 14595 }, // U+F00C1
    { 16, 21, 291, 1, 21, 84, 14679 }, // U+F00C2
    { 17, 19, 292, 1, 19, 81, 14763 }, // U+F00C3
    { 13, 20, 230, 1, 20, 65, 14844 }, // U+F00C4
    { 16, 21, 278, 1, 21, 84, 14909 }, // U+F00C5
    { 29, 21, 478, 0, 21, 153, 14993 }, // U+F00C6
    { 26, 21, 445, 1, 21, 137, 15146 }, // U+F00C7
    { 19, 21, 332, 1, 21, 100, 0 }, // U+F00C8
    { 28, 21, 453, 0, 21, 147, 100 }, // U+F00C9
    { 19, 21, 338, 1, 21, 100, 247 }, // U+F00CA
    { 19, 21, 331, 1, 21, 100, 347 }, // U+F00CB
    { 29, 21, 477, 0, 21, 153, 447 }, // U+F00CC
    { 28, 21, 462, 0, 21, 147, 600 }, // U+F00CD
    { 21, 18, 336, 0, 13, 95, 747 }, // U+F00CE
    { 18, 18, 303, 1, 13, 81, 842 }, // U+F00CF
    { 20, 18, 348, 1, 13, 90, 923 }, // U+F00D0
    { 27, 18, 455, 1, 13, 122, 1013 }, // U+F00D1
    { 23, 18, 397, 1, 13, 104, 1135 }, // U+F00D2
    { 20, 18, 313, 0, 13, 90, 1239 }, // U+F00D3
    { 11, 18, 202, 1, 13, 50, 1329 }, // U+F00D4
    { 14, 18, 250, 1, 13, 63, 1379 }, // U+F00D5
    { 19, 18, 325, 1, 13, 86, 1442 }, // U+F00D6
    { 16, 18, 274, 1, 13, 72, 1528 }, // U+F00D7
    { 18, 18, 305, 1, 13, 81, 1600 }, // U+F00D8
    { 18, 18, 316, 1, 18, 81, 1681 }, // U+F00D9
    { 23, 18, 382, 0, 13, 104, 1762 }, // U+F00DA
    { 21, 18, 336, 0, 13, 95, 1866 }, // U+F00DB
    { 18, 18, 303, 1, 13, 81, 1961 }, // U+F00DC
    { 20, 18, 348, 1, 13, 90, 2042 }, // U+F00DD
    { 27, 18, 455, 1, 13, 122, 2132 }, // U+F00DE
    { 23, 18, 397, 1, 13, 104, 2254 }, // U+F00DF
    { 20, 18, 313, 0, 13, 90, 2358 }, // U+F00E0
    { 11, 18, 202, 1, 13, 50, 2448 }, // U+F00E1
    { 14, 18, 250, 1, 13, 63, 2498 }, // U+F00E2
    { 19, 18, 325, 1, 13, 86, 2561 }, // U+F00E3
    { 16, 18, 274, 1, 13, 72, 2647 }, // U+F00E4
    { 18, 18, 305, 1, 13, 81, 2719 }, // U+F00E5
    { 23, 18, 382, 0, 13, 104, 2800 }, // U+F00E6
    { 21, 18, 319, 1, 18, 95, 2904 }, // U+F00E7
    { 21, 18, 319, 1, 18, 95, 2999 }, // U+F00E8
    { 4, 3, 89, 1, 3, 3, 3094 }, // U+F00E9
    { 7, 13, 108, 0, 13, 23, 3097 }, // U+F00EA
    { 16, 13, 278, 1, 13, 52, 3120 }, // U+F00EB
    { 23, 13, 397, 1, 13, 75, 3172 }, // U+F00EC
    { 30, 13, 501, 1, 13, 98, 3247 }, // U+F00ED
    { 16, 18, 263, 1, 18, 72, 3345 }, // U+F00EE
    { 12, 19, 192, 1, 13, 57, 3417 }, // U+F00EF
    { 18, 13, 299, 1, 13, 59, 3474 }, // U+F00F0
    { 8, 13, 133, 0, 13, 26, 3533 }, // U+F00F1
    { 14, 17, 234, 1, 17, 60, 3559 }, // U+F00F2
    { 23, 20, 396, 1, 20, 115, 3619 }, // U+F00F3
    { 0, 0, 0, 0, 0, 0, 3734 }, // U+F00F4
    { 0, 0, 0, 0, 0, 0, 3734 }, // U+F00F5
    { 0, 0, 0, 0, 0, 0, 3734 }, // U+F00F6
    { 11, 12, 207, 1, 12, 33, 3734 }, // U+F00F7
};

static const EpdUnicodeInterval sinhala_10_regularIntervals[] = {
    { 0xD81, 0xD83, 0x0 },
    { 0xD85, 0xD96, 0x3 },
    { 0xD9A, 0xDB1, 0x15 },
    { 0xDB3, 0xDBB, 0x2D },
    { 0xDBD, 0xDBD, 0x36 },
    { 0xDC0, 0xDC6, 0x37 },
    { 0xDCA, 0xDCA, 0x3E },
    { 0xDCF, 0xDD4, 0x3F },
    { 0xDD6, 0xDD6, 0x45 },
    { 0xDD8, 0xDDF, 0x46 },
    { 0xDE6, 0xDEF, 0x4E },
    { 0xDF2, 0xDF4, 0x58 },
    { 0x200C, 0x200D, 0x5B },
    { 0x25CC, 0x25CC, 0x5D },
    { 0xF0000, 0xF00F7, 0x5E },
};

static const EpdFontGroup sinhala_10_regularGroups[] = {
    { 0, 3821, 6850, 91, 0 },
    { 3821, 2, 0, 2, 91 },
    { 3823, 7144, 16373, 201, 93 },
    { 10967, 2144, 3986, 48, 294 },
};

static BuiltinShapingFace sinhala_10_regularShaping = {
    sinhalaLayout,
    sizeof(sinhalaLayout),
    0xD70EDAB9,
    1333,
    &sinhala_10_regularGlyphs[94],
    248,
    nullptr,
};

static constexpr EpdFontData sinhala_10_regular = {
    sinhala_10_regularBitmaps,
    sinhala_10_regularGlyphs,
    sinhala_10_regularIntervals,
    15,
    27,
    22,
    -7,
    true,
    sinhala_10_regularGroups,
    4,
    nullptr,
    nullptr,
    nullptr,
    nullptr,
    nullptr,
    nullptr,
    nullptr,
    nullptr,
    nullptr,
    nullptr,
    nullptr,
    0,
    0,
    0,
    0,
    nullptr,
    0,
    nullptr,  // glyphMissHandler
    nullptr,  // glyphMissCtx
    nullptr,  // coverageHandler
    &builtinShaping::shape,
    &sinhala_10_regularShaping,
};
