/**
 * generated by fontconvert.py
 * name: sinhala_16_regular
 * size: 16
 * mode: 2-bit  compressed: true
 * Command used: fontconvert.py sinhala_16_regular 16 ../builtinFonts/source/NotoSansSinhala/NotoSansSinhala-Regular.ttf --no-default-intervals --additional-intervals 0x0D80,0x0DFF --additional-intervals 0x0964,0x0965 --additional-intervals 0x200C,0x200D --additional-intervals 0x25CC,0x25CC --shaping-font ../builtinFonts/source/NotoSansSinhala/NotoSansSinhala-Regular.ttf --shaping-scripts sinhala --shaping-layout-symbol sinhalaLayout --shaping-layout-header sinhala_layout.h --shaping-layout-font ../builtinFonts/source/NotoSansSinhala/NotoSansSinhala-Regular.ttf --2bit --compress --pnum --darken-aa --zopfli --max-group-bytes 16384
 */
#pragma once
#include "EpdFontData.h"

#include "BuiltinShaping.h"
#include "sinhala_layout.h"

static const uint8_t sinhala_16_regularBitmaps[26625] = {
    0xCD, 0x7B, 0x01, 0xA4, 0x2E, 0xD7, 0x96, 0xE6, 0x57, 0x55, 0xEF, 0xDE, 0x7A, 0x49, 0x8D, 0xD9,
    0x83, 0x44, 0xEB, 0x0E, 0x5D, 0x83, 0x19, 0xC4, 0xF4, 0x74, 0x0D, 0x06, 0x63, 0x24, 0xFF, 0xAE,
    0xEE, 0xA0, 0xD1, 0xC8, 0x41, 0xCE, 0x6B, 0x72, 0x71, 0x61, 0x86, 0x99, 0x0E, 0xFE, 0x06, 0x40,
    0xCE, 0xA9, 0x4A, 0xA2, 0x05, 0x83, 0x77, 0x31, 0xB9, 0x63, 0xFA, 0xE2, 0x05, 0xFD, 0x18, 0x6D,
    0xB8, 0x01, 0x3C, 0xD4, 0x39, 0x55, 0x37, 0x83, 0xE0, 0x21, 0xE5, 0xBD, 0x67, 0x1A, 0x41, 0x2A,
    0x2F, 0xF7, 0xDE, 0xC8, 0x3C, 0xDC, 0xFD, 0x92, 0x4A, 0x7A, 0x9F, 0x9B, 0xFD, 0xD7, 0x9A, 0xBD,
    0xD6, 0xAE, 0xFA, 0xEB, 0x3F, 0x37, 0x37, 0x79, 0x79, 0x33, 0x0F, 0xFD, 0xE7, 0x3F, 0xFB, 0x5B,
    0x75, 0xFE, 0xBF, 0xEE, 0x59, 0xDF, 0x5A, 0x7B, 0xAF, 0xB5, 0xF6, 0xDA, 0x15, 0x00, 0xF6, 0x27,
    0xCF, 0x5B, 0xB7, 0xB1, 0x3F, 0xD9, 0x38, 0x9C, 0x55, 0xB7, 0x5C, 0x41, 0x26, 0xA5, 0x1A, 0x57,
    0x80, 0x98, 0x46, 0x28, 0x9A, 0xA0, 0xEB, 0xAA, 0x3C, 0x87, 0xEA, 0x1C, 0xD2, 0xDE, 0x22, 0x19,
    0xF8, 0xC7, 0x21, 0xE9, 0x1D, 0xB2, 0xAE, 0x42, 0xDE, 0xE9, 0x7B, 0x2D, 0x14, 0xED, 0x10, 0xD1,
    0x80, 0xE8, 0x08, 0xF9, 0x0E, 0x15, 0x95, 0xBB, 0xBC, 0xB3, 0x59, 0xE7, 0x54, 0x37, 0x6D, 0x3B,
    0x4D, 0x50, 0x0E, 0xC0, 0xB7, 0x7E, 0x1A, 0x53, 0xA7, 0x4A, 0x14, 0x64, 0x35, 0x50, 0xDD, 0xDC,
    0x51, 0x09, 0x87, 0xE2, 0xAB, 0x0E, 0x16, 0xEA, 0xE7, 0x03, 0xF0, 0xF4, 0xF5, 0x77, 0x0D, 0x5A,
    0x22, 0x7F, 0x1F, 0x11, 0xDD, 0xB1, 0xC5, 0x5D, 0x64, 0x64, 0x2A, 0xF8, 0xB1, 0x77, 0x7E, 0xEC,
    0x10, 0x46, 0xBB, 0x8E, 0xF3, 0x6F, 0xCE, 0x79, 0x2C, 0x75, 0x87, 0xEC, 0x41, 0xA7, 0xA6, 0xB7,
    0x6E, 0x53, 0x1D, 0x13, 0xD1, 0x04, 0x3C, 0x43, 0xD4, 0x01, 0x40, 0xF6, 0x1D, 0xC6, 0xAB, 0xB5,
    0xFF, 0xA1, 0x3E, 0x2F, 0x01, 0xB0, 0x92, 0x15, 0xA8, 0x06, 0xDA, 0x9B, 0x13, 0xBD, 0x40, 0x06,
    0xA2, 0xEA, 0x9D, 0x5B, 0x0E, 0x38, 0x12, 0x6D, 0xCF, 0xC0, 0x0A, 0xDF, 0x31, 0xD0, 0x08, 0x3A,
    0xA3, 0x40, 0x50, 0x1B, 0x79, 0x19, 0x34, 0x87, 0xAA, 0x83, 0xF2, 0x5E, 0x08, 0x7A, 0x1E, 0x0A,
    0xF6, 0x11, 0x21, 0x2F, 0x5D, 0x10, 0x8A, 0x99, 0x0E, 0x34, 0x02, 0x23, 0x9C, 0x41, 0x48, 0xBD,
    0x76, 0xCB, 0x41, 0x78, 0x25, 0x64, 0x02, 0xB5, 0x98, 0xEA, 0x55, 0xFF, 0xDF, 0x52, 0x10, 0xBE,
    0x58, 0x9C, 0x82, 0xD9, 0x2D, 0x8B, 0x63, 0x30, 0xBB, 0x06, 0x8B, 0x73, 0x66, 0xF7, 0x04, 0xB2,
    0x5F, 0x11, 0x09, 0x57, 0x8F, 0x42, 0xF5, 0xD7, 0xC7, 0xED, 0xCC, 0xD4, 0x05, 0x12, 0x89, 0x09,
    0xA8, 0x7A, 0x2B, 0x58, 0xD4, 0x01, 0x35, 0x16, 0x47, 0x06, 0x8E, 0x36, 0x50, 0x7C, 0xD7, 0x04,
    0x86, 0x6F, 0x98, 0x99, 0xE0, 0x10, 0xF8, 0x79, 0x14, 0x8D, 0x13, 0x73, 0x19, 0xA3, 0xDD, 0x55,
    0x41, 0xB4, 0x14, 0xB0, 0x98, 0x11, 0x47, 0x42, 0xEC, 0x77, 0xC7, 0x8B, 0x02, 0xAF, 0xD4, 0xBA,
    0xA0, 0x7F, 0x2F, 0x18, 0x4F, 0xB0, 0xA2, 0x0F, 0xD1, 0x82, 0x4E, 0xF4, 0x3A, 0x26, 0xE1, 0x85,
    0x6C, 0x64, 0x5E, 0x3F, 0xAD, 0x75, 0xED, 0x79, 0x6D, 0xA9, 0x9E, 0x1D, 0x17, 0x07, 0xBF, 0xAD,
    0x7C, 0x1E, 0xE1, 0x17, 0x4F, 0xD7, 0x2E, 0xF3, 0xCA, 0x27, 0xC1, 0xC5, 0x61, 0x32, 0xD2, 0x54,
    0x02, 0x15, 0x91, 0x45, 0x42, 0x9F, 0xBE, 0x42, 0x50, 0x23, 0x50, 0x75, 0xBA, 0x06, 0xD4, 0x50,
    0xE1, 0x0A, 0x12, 0xD3, 0x80, 0x86, 0xC8, 0xBA, 0x84, 0x1C, 0x9C, 0x4D, 0x87, 0x33, 0x3F, 0x66,
    0xDD, 0x06, 0x8D, 0x97, 0x2B, 0x34, 0x2E, 0xA1, 0x09, 0xCD, 0x59, 0xE4, 0x47, 0xA7, 0xF1, 0x54,
    0x03, 0xBF, 0xD0, 0xAE, 0xDA, 0x78, 0xCC, 0x88, 0x4C, 0x6A, 0x40, 0x54, 0x16, 0x1D, 0xA2, 0xF2,
    0x0F, 0xC4, 0x5A, 0xDA, 0x81, 0xC7, 0x0E, 0xD8, 0x20, 0x1D, 0x78, 0x8C, 0x0C, 0xA0, 0xE7, 0x91,
    0xF5, 0xCE, 0xFB, 0x7C, 0x00, 0x32, 0x59, 0x68, 0x31, 0xB1, 0xBE, 0xB8, 0x52, 0xB2, 0xD6, 0x26,
    0xAA, 0x81, 0xC2, 0xF1, 0x77, 0x9E, 0x7B, 0x4E, 0xF5, 0x3C, 0xEA, 0xED, 0x80, 0xC2, 0x9E, 0x57,
    0x16, 0xD9, 0x2F, 0xC7, 0xF1, 0x55, 0x40, 0xF5, 0x3C, 0xB6, 0x65, 0x6B, 0x91, 0xD1, 0x54, 0x0C,
    0xEC, 0x85, 0x1E, 0xC9, 0x0E, 0x5B, 0xEB, 0xD9, 0x20, 0xDA, 0xA1, 0x60, 0xB2, 0x38, 0x05, 0x50,
    0xD4, 0x0D, 0xC0, 0x31, 0x4A, 0x46, 0x2B, 0x86, 0x39, 0x1C, 0xC3, 0xEF, 0xE5, 0x3B, 0x35, 0x7F,
    0x5F, 0x43, 0x97, 0x40, 0x0B, 0xAF, 0x5E, 0xE2, 0x90, 0xD2, 0x5B, 0xAD, 0x01, 0x88, 0xA8, 0x66,
    0x1F, 0x58, 0x31, 0xF8, 0x54, 0x8A, 0xE3, 0x07, 0x20, 0x9A, 0xAE, 0x8D, 0x60, 0x3E, 0xCE, 0x8F,
    0x03, 0x4E, 0x00, 0x30, 0x59, 0x44, 0x2D, 0x53, 0x2A, 0xC8, 0x8F, 0x11, 0x3D, 0x3C, 0x7E, 0x09,
    0xA9, 0xDC, 0xC9, 0x74, 0x00, 0xCD, 0x83, 0xE8, 0x06, 0x34, 0x32, 0x3A, 0x19, 0xED, 0xA3, 0xE3,
    0x91, 0x13, 0x31, 0x8C, 0x27, 0x00, 0xA2, 0x51, 0x83, 0xFF, 0x5C, 0xD1, 0x01, 0xD9, 0xC0, 0x1E,
    0x2C, 0xBA, 0x84, 0x6E, 0x5C, 0x25, 0x99, 0x87, 0x4E, 0xEC, 0x79, 0x83, 0x2D, 0x79, 0x04, 0xB0,
    0xBA, 0x25, 0xC3, 0xAC, 0xEB, 0xDB, 0xE9, 0x0E, 0xF0, 0x33, 0xC5, 0xC2, 0x15, 0x54, 0x8B, 0xCE,
    0x91, 0x3D, 0xF7, 0x96, 0x8D, 0x6F, 0xE0, 0x24, 0x1E, 0xE9, 0x05, 0x03, 0x44, 0xC7, 0xA7, 0xB1,
    0xD1, 0xEF, 0x8E, 0xB8, 0x2A, 0xB3, 0x8E, 0x83, 0x79, 0xE5, 0xA5, 0xC8, 0x7A, 0x29, 0x91, 0x7F,
    0x79, 0xDA, 0xF6, 0x8D, 0x1A, 0x65, 0x61, 0x50, 0xDD, 0x14, 0x5D, 0xB0, 0x07, 0x1A, 0xE1, 0x24,
    0x84, 0xCE, 0x16, 0xC9, 0xB9, 0xAF, 0x4B, 0xD6, 0xCE, 0x42, 0x3C, 0x2E, 0x52, 0x6A, 0x44, 0xB2,
    0xF8, 0x8F, 0x6D, 0xEF, 0x82, 0x44, 0x54, 0x9E, 0x09, 0x5B, 0xB4, 0x16, 0x81, 0x31, 0xC0, 0x5C,
    0x81, 0x54, 0xA4, 0xC0, 0x9C, 0x25, 0x61, 0x1F, 0x68, 0x06, 0x0B, 0x00, 0x62, 0x85, 0x9E, 0x51,
    0x2C, 0x11, 0x30, 0xA2, 0x1E, 0xED, 0x18, 0x3E, 0x1C, 0x79, 0x26, 0x17, 0x3B, 0xA8, 0xFB, 0x2E,
    0xBB, 0x68, 0x63, 0xA2, 0xAE, 0x28, 0x37, 0xAA, 0xCB, 0x5F, 0xBB, 0xD8, 0x0E, 0x4F, 0x42, 0xE7,
    0xE5, 0x93, 0xF2, 0x17, 0xA3, 0xAA, 0x78, 0x29, 0xE8, 0xD3, 0x52, 0x41, 0x03, 0xF3, 0xC8, 0xC8,
    0x4B, 0x13, 0xB3, 0x2C, 0xEE, 0x02, 0x11, 0x27, 0x43, 0x57, 0x05, 0xC7, 0x66, 0xE4, 0x1A, 0x51,
    0x68, 0xA8, 0xC8, 0x39, 0x91, 0xCC, 0x54, 0x36, 0x96, 0x63, 0x4B, 0xFC, 0xD9, 0x08, 0x2F, 0xC5,
    0x06, 0xF1, 0xE7, 0x06, 0x8D, 0x43, 0x62, 0x90, 0x7C, 0x3E, 0x88, 0x64, 0x91, 0x7C, 0xEC, 0xA5,
    0x0A, 0x6A, 0xE7, 0x23, 0x8B, 0x41, 0xE3, 0x73, 0x66, 0x7B, 0xAF, 0x7D, 0x7D, 0xDA, 0x3A, 0x45,
    0x93, 0x7F, 0x83, 0xC8, 0x45, 0x34, 0x44, 0x74, 0x17, 0xC5, 0x85, 0x5B, 0x79, 0x5C, 0xE6, 0xC2,
    0x1F, 0xAF, 0x7C, 0xF8, 0xB6, 0x95, 0x93, 0x7A, 0xAB, 0xAD, 0x0F, 0x78, 0x41, 0x75, 0x2B, 0x37,
    0x56, 0x78, 0xE5, 0xC7, 0x9F, 0xAF, 0x1C, 0x81, 0xD8, 0xAC, 0x3C, 0x81, 0xDF, 0x33, 0x2B, 0x57,
    0x54, 0x64, 0x56, 0xBE, 0x31, 0x91, 0x59, 0x39, 0x67, 0x36, 0x36, 0x2B, 0x6F, 0xD5, 0xC5, 0x66,
    0xE5, 0x9E, 0x7B, 0x69, 0xE5, 0x5F, 0x84, 0xAB, 0x60, 0x03, 0xB9, 0x5A, 0xED, 0x90, 0xD7, 0xB1,
    0x39, 0xB0, 0xC5, 0xBD, 0xD6, 0xAC, 0xF6, 0x48, 0x89, 0xCC, 0x6A, 0x13, 0xB4, 0x9F, 0x18, 0x3C,
    0x43, 0x35, 0x72, 0xAA, 0x01, 0x22, 0x2B, 0x3F, 0x29, 0x7D, 0x31, 0x25, 0x17, 0x2D, 0x41, 0x7D,
    0xD0, 0x15, 0x59, 0xAF, 0x6E, 0x77, 0xFA, 0xCF, 0xBB, 0xFC, 0xC5, 0x4E, 0xBD, 0x69, 0x4E, 0xA3,
    0x3F, 0xB9, 0xFE, 0xC3, 0x5F, 0x5C, 0xE1, 0x88, 0xD7, 0xD2, 0x0F, 0x69, 0x84, 0x75, 0x29, 0x79,
    0x61, 0x82, 0xB3, 0x6A, 0xE4, 0xD5, 0x5B, 0x3B, 0x5B, 0xD4, 0x21, 0x30, 0x84, 0x34, 0x90, 0xF6,
    0x8D, 0xDB, 0x04, 0xBE, 0x6E, 0x2F, 0x34, 0xF3, 0x47, 0x76, 0xC3, 0xE1, 0x06, 0xEA, 0x5D, 0xA3,
    0x65, 0x85, 0xEB, 0x37, 0x06, 0xF5, 0x1E, 0xAF, 0x36, 0x52, 0x5D, 0xF6, 0x11, 0x3D, 0x7C, 0xB9,
    0x75, 0xBA, 0x8C, 0xCB, 0x82, 0x88, 0xFA, 0x27, 0x20, 0xD1, 0xE1, 0x2E, 0x80, 0x55, 0x67, 0x60,
    0xD5, 0x9B, 0xD7, 0xE9, 0x5E, 0x77, 0x57, 0x50, 0x37, 0xEB, 0xFF, 0xA3, 0x3B, 0xB6, 0xDA, 0x0E,
    0x33, 0x87, 0x3F, 0xFB, 0x6C, 0x6C, 0xDF, 0x30, 0xA7, 0x88, 0x3C, 0x0F, 0x6F, 0x66, 0xA3, 0x3F,
    0xB2, 0x0B, 0x97, 0x87, 0x26, 0x31, 0x6E, 0xE1, 0xB3, 0xB3, 0x89, 0xD9, 0x73, 0x6A, 0xA6, 0xEB,
    0xA6, 0xD9, 0xF3, 0xD2, 0x74, 0xC0, 0x2D, 0x9B, 0xB0, 0xF2, 0x03, 0x2E, 0x5F, 0xAC, 0x3C, 0xF9,
    0x62, 0xCF, 0x15, 0x80, 0x9D, 0xF9, 0xBE, 0x39, 0xF0, 0x8A, 0x5E, 0x38, 0xCB, 0x32, 0x4D, 0x3D,
    0xEF, 0xBF, 0x23, 0xCF, 0x1B, 0xCF, 0xB6, 0xFD, 0xCA, 0xBD, 0xA5, 0x72, 0xE5, 0x5F, 0x59, 0x1E,
    0xFF, 0x59, 0xE0, 0xAF, 0x4B, 0x81, 0xCA, 0x84, 0xAB, 0x9D, 0x40, 0x51, 0xD5, 0x02, 0x6A, 0x10,
    0x48, 0x46, 0x81, 0xD7, 0x1C, 0x90, 0xEF, 0x78, 0x2E, 0xA0, 0xA5, 0x37, 0xE9, 0x36, 0xA2, 0x69,
    0xDB, 0x3D, 0xA5, 0xEA, 0xC8, 0x24, 0x03, 0x54, 0x27, 0xB3, 0x3C, 0xED, 0x9E, 0x3E, 0xFE, 0x0B,
    0x0F, 0x7D, 0x4B, 0x64, 0x3C, 0x91, 0x19, 0xD2, 0x51, 0x68, 0xA9, 0x5A, 0xA0, 0x08, 0xBC, 0x84,
    0x6B, 0xD6, 0x09, 0xA8, 0x4E, 0xC8, 0x16, 0xB5, 0x80, 0x46, 0xDE, 0x81, 0xF3, 0x09, 0x9B, 0x30,
    0x93, 0xD4, 0xF9, 0x32, 0xF5, 0x90, 0xA8, 0x08, 0x26, 0x4B, 0x6F, 0x23, 0xBC, 0x22, 0x51, 0x3F,
    0xBB, 0x2E, 0x1A, 0x2A, 0x72, 0x4C, 0x2C, 0xB3, 0x92, 0x50, 0x5E, 0x30, 0x1B, 0x26, 0xF6, 0xCB,
    0x2F, 0x98, 0x93, 0x0E, 0x51, 0xAA, 0x68, 0x69, 0x60, 0x28, 0x0C, 0x18, 0xB2, 0x00, 0x89, 0x65,
    0xC8, 0x5F, 0xDF, 0x05, 0x7E, 0xC4, 0xFC, 0xDE, 0x78, 0x3C, 0xBF, 0xEC, 0x3B, 0xF0, 0xEB, 0xBF,
    0x85, 0x5F, 0xF9, 0x5B, 0xF2, 0x5B, 0x1D, 0xB5, 0x78, 0x6B, 0x95, 0xCD, 0x2A, 0x17, 0x3B, 0x81,
    0x43, 0xE7, 0xE1, 0xC0, 0x83, 0x38, 0x70, 0x23, 0xF6, 0xBE, 0x84, 0xB0, 0x96, 0xC5, 0x8D, 0x94,
    0xEB, 0x14, 0xA2, 0xF7, 0xE8, 0x3A, 0x93, 0x27, 0xEB, 0xA9, 0x0F, 0x9E, 0x7A, 0x42, 0x3F, 0xBE,
    0x6D, 0x71, 0x14, 0x33, 0x71, 0x65, 0x80, 0xBF, 0x02, 0x30, 0x22, 0xED, 0x64, 0x36, 0x3F, 0x7D,
    0x7C, 0x6C, 0x91, 0x78, 0x9A, 0x57, 0x4A, 0xB9, 0x07, 0xC9, 0xD0, 0x44, 0x34, 0x2D, 0x32, 0x2F,
    0x86, 0x2E, 0xB5, 0x62, 0x18, 0xAB, 0x3E, 0x22, 0xA3, 0xEA, 0x59, 0xAE, 0x2F, 0xEC, 0x6C, 0x22,
    0x2F, 0x5B, 0xA7, 0x83, 0x9D, 0x9C, 0xFA, 0x64, 0x6C, 0x66, 0x63, 0x35, 0x29, 0x99, 0x66, 0x9E,
    0x11, 0xA7, 0xA0, 0xDA, 0x89, 0x5C, 0x31, 0xFF, 0xC8, 0xCE, 0xB6, 0xCB, 0x07, 0xA4, 0x86, 0x0D,
    0xA8, 0x2C, 0xD2, 0xE9, 0xAD, 0x76, 0x98, 0xAD, 0x18, 0x11, 0x51, 0xB9, 0x98, 0xF2, 0x19, 0x1A,
    0x57, 0x7B, 0x46, 0x92, 0x95, 0x52, 0xA2, 0x01, 0xC2, 0x52, 0x78, 0xDF, 0x88, 0xA9, 0x47, 0x3A,
    0x4A, 0x76, 0x8B, 0x79, 0x95, 0xCC, 0x96, 0xA9, 0x02, 0x30, 0x53, 0x51, 0x09, 0x4F, 0xF9, 0xFF,
    0xB2, 0x3E, 0xA6, 0x3F, 0xE5, 0x4A, 0x57, 0xD1, 0x4F, 0x69, 0x4C, 0x4C, 0xF1, 0xC3, 0xF7, 0xEF,
    0xB8, 0xD8, 0x6C, 0xB2, 0xF7, 0xEB, 0x93, 0x68, 0x6C, 0xD4, 0xFB, 0xF7, 0x27, 0x8C, 0x4E, 0xBD,
    0x49, 0x13, 0xAC, 0x53, 0xAF, 0xD1, 0x09, 0xAC, 0x55, 0x1D, 0x1A, 0x0F, 0xA9, 0x8D, 0x9D, 0x07,
    0x8E, 0xD9, 0x1E, 0x38, 0x8F, 0x47, 0xA3, 0x93, 0x70, 0x6D, 0x1C, 0xA2, 0xB7, 0xA5, 0x10, 0x8C,
    0x79, 0x2E, 0x6D, 0x90, 0x58, 0xA8, 0xBE, 0x28, 0xD5, 0x0E, 0x45, 0xA7, 0x2E, 0xDA, 0x07, 0xF7,
    0x09, 0x09, 0x91, 0xCC, 0xEE, 0xD6, 0x46, 0x92, 0x64, 0xAF, 0x1C, 0xCF, 0x19, 0x77, 0x2A, 0x85,
    0x0A, 0x8D, 0x88, 0xA7, 0x1B, 0x78, 0x66, 0x17, 0x92, 0x76, 0x15, 0xCA, 0xD0, 0xA2, 0x14, 0x50,
    0x75, 0xDA, 0x5F, 0x79, 0x09, 0xEC, 0x4E, 0x22, 0x2B, 0x3B, 0x1F, 0x26, 0xAF, 0xA6, 0x32, 0x6A,
    0x1D, 0x9E, 0x2C, 0x81, 0x78, 0xB7, 0x90, 0x16, 0x9A, 0x79, 0x27, 0x34, 0xB3, 0x3E, 0xD0, 0x1C,
    0x84, 0x66, 0x12, 0x68, 0xC6, 0x46, 0x68, 0x46, 0xFF, 0x9F, 0x34, 0xCD, 0x77, 0xA2, 0x19, 0x3C,
    0x76, 0xE0, 0x35, 0xEC, 0x3D, 0x07, 0x88, 0xF7, 0xC2, 0xF7, 0x20, 0x1E, 0xCC, 0x46, 0x11, 0x57,
    0x2F, 0x5E, 0xF2, 0xE4, 0xEA, 0xCD, 0xD9, 0xA3, 0x02, 0xC1, 0xAB, 0x2C, 0xCD, 0x9E, 0xFD, 0xD7,
    0x11, 0x95, 0xB3, 0x77, 0x75, 0x46, 0x8B, 0x87, 0x4F, 0xF3, 0x0F, 0xEC, 0xE2, 0xE5, 0xC2, 0xB8,
    0xD9, 0xD3, 0xCD, 0x93, 0xEE, 0x74, 0x36, 0x43, 0x83, 0x46, 0xCF, 0xA6, 0x38, 0x85, 0xD3, 0xB3,
    0x39, 0xF4, 0x7F, 0x73, 0xC5, 0x6C, 0x12, 0x45, 0xA6, 0x98, 0xCD, 0x12, 0x53, 0x5D, 0xCC, 0xA6,
    0x61, 0x9D, 0x66, 0xF3, 0x00, 0xD0, 0xC1, 0x44, 0x22, 0xCE, 0xB3, 0x01, 0xC0, 0x66, 0x36, 0x15,
    0x80, 0xB3, 0xA2, 0x16, 0x73, 0x31, 0x41, 0xF5, 0xB0, 0x7D, 0xF0, 0x7F, 0x08, 0x78, 0x72, 0x3B,
    0x2E, 0x66, 0x2B, 0xA8, 0x5F, 0x4C, 0x97, 0x4F, 0x88, 0x09, 0x51, 0xCB, 0xB2, 0xA2, 0xBE, 0x10,
    0x9B, 0x15, 0x9F, 0x7C, 0x4E, 0x17, 0xBC, 0x46, 0x34, 0xC8, 0x02, 0xB9, 0xC1, 0x06, 0xED, 0x5F,
    0x97, 0x88, 0x1D, 0x9E, 0x8D, 0xE5, 0x1B, 0xE7, 0x62, 0x69, 0x1A, 0xA0, 0x81, 0xFC, 0x02, 0xB9,
    0x45, 0x01, 0xE8, 0x9A, 0xED, 0x99, 0x97, 0xD8, 0x81, 0xBF, 0xA1, 0x6A, 0x09, 0x98, 0xDA, 0x0B,
    0x99, 0x99, 0x85, 0x7C, 0xF0, 0x8A, 0x17, 0x50, 0xA5, 0x36, 0xB1, 0xF1, 0x42, 0x5E, 0x6E, 0x4C,
    0x3C, 0x42, 0x83, 0xAB, 0x8B, 0xC4, 0x62, 0xE3, 0xC5, 0x68, 0x4C, 0x1C, 0xCE, 0xE0, 0xB8, 0x9C,
    0x6D, 0x6F, 0xB9, 0x67, 0x2C, 0xBB, 0x32, 0x27, 0x53, 0x0D, 0x40, 0xCE, 0x46, 0xA9, 0xCA, 0x7D,
    0xE9, 0x98, 0x13, 0xF5, 0x41, 0x95, 0x09, 0x3C, 0x51, 0xAF, 0x52, 0x87, 0xAC, 0x06, 0xF2, 0xD9,
    0xC5, 0x4E, 0x00, 0xED, 0x23, 0x8B, 0x54, 0x20, 0xEB, 0x65, 0x73, 0x2B, 0x15, 0x16, 0x17, 0x3D,
    0xC9, 0xF4, 0x37, 0x54, 0xC6, 0x46, 0x19, 0x14, 0x5D, 0x34, 0x16, 0x35, 0xB2, 0x01, 0xA3, 0xE6,
    0x70, 0x2E, 0xE5, 0x7D, 0x34, 0x86, 0x5A, 0xDF, 0xEE, 0xC1, 0xCE, 0x10, 0x95, 0x18, 0x31, 0xDA,
    0xCA, 0x46, 0x63, 0x64, 0x26, 0xDA, 0xC5, 0x9E, 0x5B, 0x6B, 0xAA, 0xC4, 0x24, 0xA6, 0xAA, 0x8B,
    0x74, 0x48, 0x07, 0x0D, 0xAD, 0x8C, 0xEA, 0x7C, 0x99, 0xA4, 0x76, 0x6D, 0x9D, 0x90, 0xD3, 0x15,
    0x67, 0xC7, 0xE1, 0x84, 0xF5, 0xCC, 0x26, 0xB4, 0x16, 0xA0, 0x29, 0x23, 0xAA, 0x93, 0xE9, 0xBF,
    0xFA, 0xB2, 0x6A, 0x50, 0x03, 0x26, 0xA4, 0xA3, 0x2E, 0xE3, 0x11, 0x91, 0xDB, 0x88, 0x83, 0xCF,
    0x1A, 0xA4, 0xBC, 0x65, 0x73, 0x50, 0xBF, 0x00, 0xB4, 0x07, 0xAA, 0xA1, 0x2D, 0xBB, 0x0D, 0x85,
    0x45, 0xFC, 0x86, 0x61, 0x00, 0xDB, 0xD5, 0x09, 0xE8, 0x46, 0x94, 0xD7, 0xA7, 0x02, 0x27, 0x5A,
    0x28, 0xBB, 0xBC, 0xE7, 0x6D, 0x89, 0xCD, 0xA6, 0x9B, 0x74, 0xA5, 0x1D, 0x22, 0x22, 0xA7, 0xA4,
    0xD0, 0xB9, 0xA1, 0xD8, 0xD5, 0x3B, 0x64, 0x92, 0xB7, 0x6B, 0x4D, 0x3D, 0x7C, 0x5E, 0x6B, 0x6F,
    0x79, 0xFF, 0x24, 0x83, 0x8B, 0x47, 0x20, 0xF9, 0xB5, 0xA7, 0xE9, 0xF3, 0xDA, 0x67, 0x5F, 0x48,
    0x20, 0xFF, 0x8C, 0xA6, 0x00, 0x34, 0xE0, 0xBC, 0x14, 0xDF, 0x48, 0xAA, 0xD9, 0xA5, 0x3D, 0xC3,
    0x46, 0x75, 0xB8, 0x02, 0x68, 0x55, 0xC7, 0x64, 0x51, 0xA8, 0x3A, 0xA3, 0xC9, 0x43, 0xA7, 0xFA,
    0x0A, 0xDA, 0x43, 0x5D, 0xE0, 0x34, 0xF5, 0x46, 0xD9, 0x60, 0x17, 0xD3, 0xAD, 0x61, 0xDA, 0x5A,
    0xDE, 0x08, 0x11, 0x0D, 0xEC, 0x95, 0x76, 0xDA, 0xBB, 0xB8, 0x10, 0x17, 0x67, 0x14, 0x66, 0x66,
    0x70, 0xB1, 0xAA, 0x65, 0x56, 0x7E, 0xEF, 0xC0, 0xC5, 0xE7, 0x01, 0x74, 0x80, 0xBC, 0x8E, 0x39,
    0xE4, 0xA9, 0xAE, 0x20, 0x1A, 0x3D, 0xED, 0x76, 0x7A, 0x65, 0xC7, 0xB9, 0x46, 0xA3, 0x42, 0x62,
    0x6C, 0x01, 0xED, 0xC1, 0x69, 0x14, 0x1E, 0x2A, 0xBA, 0x51, 0x71, 0x2D, 0x4D, 0xB4, 0xF3, 0xA0,
    0x6F, 0xD2, 0xE8, 0xE1, 0x9C, 0xB3, 0x55, 0x1C, 0xCA, 0xE6, 0x00, 0x7C, 0x1F, 0xE2, 0x1B, 0x02,
    0xC9, 0x20, 0xC5, 0x57, 0xCA, 0xF9, 0xAE, 0x41, 0x66, 0xA0, 0xBA, 0x0A, 0xCA, 0x42, 0x97, 0x85,
    0xAF, 0x89, 0x6F, 0x4D, 0xC8, 0x68, 0x57, 0x90, 0x45, 0x44, 0x43, 0x4A, 0x35, 0x6B, 0x7F, 0x81,
    0xF6, 0x22, 0xC4, 0x24, 0x4E, 0x77, 0x48, 0x1E, 0xD2, 0x5B, 0xC5, 0xC5, 0x6D, 0x03, 0xF5, 0xD3,
    0x81, 0x55, 0x72, 0x28, 0xB6, 0x35, 0x1C, 0xB0, 0xC3, 0x46, 0xCB, 0x22, 0xD7, 0x68, 0x1A, 0x71,
    0xBB, 0x86, 0x73, 0x48, 0x7F, 0x21, 0xBD, 0x24, 0x87, 0x8C, 0xD9, 0x97, 0xD6, 0x42, 0x49, 0x2B,
    0xCA, 0x0B, 0xD1, 0xEB, 0x63, 0x10, 0x00, 0xEB, 0x05, 0xE7, 0x58, 0xE0, 0x2F, 0x37, 0x22, 0x14,
    0x38, 0x39, 0x0D, 0xB3, 0x01, 0x5A, 0x97, 0x3C, 0x11, 0xCE, 0x91, 0xBF, 0x38, 0x40, 0xF5, 0xB1,
    0x83, 0x7A, 0xCF, 0xCF, 0x82, 0xBF, 0xF6, 0x6A, 0x24, 0x77, 0x3C, 0x7B, 0x45, 0x9D, 0xA4, 0xC2,
    0x41, 0xED, 0x20, 0xE6, 0x5F, 0x77, 0x6B, 0x11, 0xB1, 0x75, 0xA0, 0x78, 0x3F, 0x57, 0x43, 0x0D,
    0x62, 0xFE, 0x8C, 0x8D, 0x62, 0x21, 0xAF, 0xDD, 0x25, 0xF3, 0x17, 0x25, 0x07, 0x16, 0x76, 0x13,
    0xB1, 0xBE, 0x5D, 0x3C, 0x6D, 0x8D, 0x74, 0x44, 0x22, 0x8B, 0xB4, 0x47, 0x09, 0xE7, 0xA9, 0x1D,
    0x1F, 0x1F, 0x33, 0x10, 0xD1, 0x01, 0xA4, 0x17, 0x52, 0x1A, 0xA9, 0x4E, 0xF2, 0x7E, 0x11, 0x52,
    0xBE, 0x66, 0xE0, 0x99, 0x22, 0x9E, 0x65, 0x60, 0x36, 0x0C, 0x93, 0x54, 0x48, 0x89, 0x0B, 0x7B,
    0x4E, 0x03, 0x5F, 0x88, 0xBC, 0x42, 0xB5, 0xD8, 0x79, 0x17, 0xDA, 0x2A, 0x4B, 0x24, 0xFF, 0xFE,
    0xA2, 0xD9, 0x61, 0xAC, 0x9F, 0x0E, 0xA3, 0x44, 0x66, 0x04, 0x8A, 0x0E, 0x31, 0xD5, 0x11, 0xD3,
    0x24, 0x93, 0x91, 0x41, 0x71, 0xDF, 0xE6, 0xF7, 0x1D, 0x3B, 0x44, 0xE3, 0x14, 0xCF, 0xE2, 0x79,
    0x7D, 0xA4, 0x81, 0x2B, 0xA7, 0x9A, 0xB6, 0x88, 0x69, 0xD2, 0x44, 0xC8, 0x69, 0xDA, 0x5C, 0x25,
    0xE8, 0x5E, 0xF4, 0x3A, 0x07, 0xF2, 0xD7, 0x08, 0x8E, 0xED, 0x45, 0xA5, 0x05, 0x62, 0x7A, 0xBF,
    0xF6, 0x00, 0x5F, 0x29, 0xB9, 0xA0, 0xC4, 0xD9, 0xCC, 0xA1, 0x14, 0x25, 0x24, 0x0A, 0x38, 0xA4,
    0xF4, 0xE9, 0x5F, 0x92, 0x11, 0xE5, 0xA9, 0x64, 0xE5, 0xE9, 0x06, 0xC2, 0xEB, 0x5F, 0x04, 0x38,
    0x3D, 0xD4, 0x3A, 0x79, 0x54, 0xEB, 0xC0, 0x2B, 0x28, 0x3F, 0x04, 0xE5, 0x9D, 0x0F, 0xE5, 0x56,
    0xDD, 0x9F, 0x58, 0xF9, 0xC2, 0x0F, 0x1B, 0x8E, 0x02, 0x85, 0x28, 0x7F, 0x84, 0xA0, 0x7C, 0x8F,
    0x9C, 0xC1, 0xB2, 0xF2, 0xB8, 0x3A, 0xB1, 0xF2, 0x32, 0xE7, 0x18, 0x72, 0x56, 0x9E, 0xDD, 0x38,
    0x43, 0xF8, 0xE5, 0x6F, 0xAB, 0x3C, 0x80, 0x97, 0x56, 0xB1, 0xA5, 0x8B, 0x45, 0xCC, 0x69, 0xED,
    0x04, 0xD0, 0x05, 0xB6, 0x16, 0x7B, 0x7E, 0x31, 0xCD, 0xF2, 0x3B, 0x90, 0xBC, 0xB2, 0xA6, 0xE3,
    0x7E, 0x95, 0x13, 0xB3, 0xCA, 0xB1, 0x8D, 0xA9, 0x8C, 0x42, 0xD9, 0x0E, 0xA7, 0xA8, 0xAF, 0x42,
    0x53, 0xC8, 0xF3, 0xFE, 0xE4, 0x1F, 0xE8, 0xE1, 0x0F, 0x64, 0x57, 0x7E, 0x12, 0xF2, 0x59, 0x44,
    0x21, 0x5B, 0xB6, 0x6F, 0x01, 0x05, 0x75, 0x80, 0x0E, 0x59, 0x4D, 0x6E, 0xD0, 0x92, 0x4D, 0x7E,
    0xBE, 0x8B, 0xD9, 0xA8, 0x92, 0xDB, 0xBE, 0x1A, 0x20, 0x32, 0xA7, 0x37, 0xEA, 0x82, 0xBC, 0x63,
    0x26, 0xF5, 0xBA, 0x2B, 0xD0, 0x58, 0x37, 0x0A, 0x41, 0xD6, 0xF9, 0x80, 0x23, 0x14, 0x5C, 0x39,
    0x40, 0xCF, 0xD9, 0x0E, 0x0D, 0x70, 0x1A, 0x12, 0x9E, 0x24, 0xC9, 0x46, 0x72, 0x9E, 0xEE, 0x40,
    0x88, 0x9C, 0xA4, 0xBD, 0x76, 0x88, 0xA9, 0x4E, 0x0D, 0xA6, 0x2D, 0xDD, 0xA2, 0x69, 0xFB, 0xE0,
    0xA2, 0xED, 0x43, 0xF2, 0x23, 0xFA, 0x5F, 0x44, 0x65, 0xC8, 0x7F, 0xDC, 0x8A, 0xB7, 0x1C, 0x0B,
    0x81, 0xDB, 0x34, 0x14, 0x3B, 0xC4, 0x24, 0x99, 0x9B, 0x88, 0xBA, 0xEC, 0x1F, 0xBE, 0xFC, 0x92,
    0xE9, 0x5E, 0x6C, 0x4D, 0xFE, 0xC3, 0x8E, 0x63, 0x8E, 0xEA, 0xE2, 0x51, 0xAB, 0xBA, 0x7A, 0xAB,
    0xE4, 0x12, 0xCE, 0x9D, 0x3D, 0xF9, 0x27, 0x44, 0x13, 0x57, 0x86, 0xCE, 0x21, 0x61, 0x0F, 0xE4,
    0x44, 0x5E, 0x54, 0xEC, 0x49, 0xF2, 0xA2, 0x15, 0xA2, 0x52, 0x30, 0x5A, 0x99, 0x0D, 0x5E, 0x05,
    0x2F, 0xC6, 0x76, 0xF1, 0x84, 0x4B, 0xF6, 0x2C, 0x9D, 0x32, 0xF8, 0x5B, 0x14, 0x2C, 0x36, 0xDA,
    0xC0, 0x06, 0x71, 0xF3, 0xC7, 0x06, 0x2E, 0x4C, 0x8F, 0x22, 0x36, 0x91, 0x17, 0xA5, 0xBA, 0xBC,
    0x63, 0x93, 0x09, 0xEC, 0x87, 0xEF, 0xA7, 0xFD, 0x74, 0xFD, 0xC1, 0xFF, 0x9E, 0xE8, 0xDE, 0xCB,
    0x2E, 0x2E, 0x2B, 0x7A, 0x91, 0x4C, 0xE8, 0x0E, 0xA9, 0x9D, 0x67, 0x77, 0x95, 0x68, 0xF5, 0xB1,
    0xDE, 0x4B, 0x70, 0xAB, 0x38, 0xAE, 0x6E, 0x37, 0x8F, 0x13, 0x23, 0xBB, 0x17, 0x41, 0xB7, 0xF6,
    0x62, 0x45, 0x7B, 0x31, 0x9F, 0x42, 0x4C, 0xFE, 0x92, 0x7A, 0x99, 0xB2, 0x19, 0x33, 0x0F, 0x51,
    0xF9, 0xD3, 0xF6, 0x26, 0xCD, 0x61, 0xD9, 0xA1, 0xA8, 0x43, 0x5C, 0xB6, 0x50, 0xDD, 0x1C, 0x98,
    0x8F, 0xAF, 0x77, 0x12, 0x99, 0x23, 0xEE, 0x2D, 0x4B, 0x68, 0x56, 0x14, 0xA4, 0x2C, 0x68, 0x2E,
    0xC1, 0x59, 0xD6, 0xA8, 0x44, 0x67, 0x17, 0x24, 0x1E, 0x84, 0x86, 0x5B, 0xA4, 0xA6, 0x59, 0x24,
    0x89, 0xD0, 0x8E, 0x25, 0x09, 0xD1, 0x93, 0x68, 0x78, 0x7D, 0x90, 0x04, 0x8F, 0xA3, 0x8C, 0x83,
    0xF4, 0x8F, 0x7C, 0x27, 0x7D, 0x48, 0x5E, 0x23, 0xDA, 0x89, 0xCF, 0x38, 0x4C, 0xF7, 0xF8, 0x57,
    0x34, 0xED, 0xD9, 0xEF, 0x6D, 0x92, 0xF4, 0x6B, 0xE9, 0xBA, 0x97, 0xEA, 0x55, 0xFA, 0xFA, 0xA7,
    0xD9, 0xC5, 0x3B, 0xCB, 0xBD, 0xB4, 0x37, 0x62, 0x3B, 0x04, 0xBC, 0xF2, 0xC8, 0xD7, 0xF5, 0x8C,
    0x6D, 0x80, 0xC8, 0x05, 0x4C, 0xC6, 0x80, 0x4A, 0x54, 0xAB, 0x65, 0x82, 0x12, 0x71, 0x21, 0xBB,
    0xB4, 0x4B, 0x6A, 0xE9, 0x94, 0x74, 0x6A, 0x6E, 0xF4, 0x64, 0x5D, 0xE8, 0xF3, 0x00, 0x4B, 0x6B,
    0x64, 0xE9, 0x8A, 0x2C, 0x0D, 0x91, 0xA5, 0x17, 0xB2, 0xB4, 0x41, 0x96, 0xA6, 0xC7, 0x82, 0x4B,
    0xDF, 0x63, 0x6E, 0x79, 0x74, 0x73, 0xB7, 0xA3, 0x9E, 0x1B, 0x1D, 0x98, 0x7B, 0x3B, 0x98, 0xDB,
    0x1B, 0x6B, 0x67, 0x27, 0xB4, 0xB2, 0x91, 0xCB, 0x7A, 0x97, 0xBD, 0x8E, 0x14, 0x16, 0xDC, 0x90,
    0xE5, 0x3F, 0xA9, 0x7B, 0x49, 0x16, 0xE9, 0x78, 0x89, 0xE0, 0xF9, 0x23, 0x09, 0x6E, 0xB5, 0xA6,
    0xD8, 0xA6, 0xA0, 0xC1, 0x43, 0x42, 0x24, 0x5B, 0xE0, 0xE9, 0x07, 0x6F, 0x7B, 0x90, 0xD5, 0xE2,
    0x79, 0x42, 0xC0, 0x31, 0xA8, 0x19, 0x6A, 0x7B, 0x10, 0x5F, 0x0B, 0x04, 0xDF, 0xA3, 0x09, 0x99,
    0xF4, 0x34, 0xE4, 0x24, 0x5D, 0x43, 0x4A, 0x8B, 0x51, 0x8C, 0x1E, 0x8E, 0x05, 0xC2, 0xAE, 0x7B,
    0x7F, 0x60, 0xB0, 0xBE, 0x6C, 0x50, 0x96, 0x6A, 0x41, 0xB2, 0x41, 0x67, 0x12, 0x68, 0x8A, 0x4E,
    0x20, 0x35, 0x02, 0x21, 0x71, 0x9C, 0xAA, 0x89, 0x41, 0x53, 0x25, 0x9A, 0xEC, 0x84, 0x4A, 0x54,
    0xB2, 0x9B, 0x8F, 0xD9, 0xAA, 0xC2, 0x28, 0x19, 0x62, 0x69, 0xDD, 0x1B, 0x75, 0xB1, 0xEF, 0x6C,
    0x73, 0x8D, 0x04, 0x81, 0x26, 0x80, 0x0B, 0x60, 0x17, 0x88, 0xCA, 0x47, 0x6A, 0xA4, 0xB4, 0x9F,
    0x6B, 0x24, 0x0D, 0xC5, 0xB4, 0xB8, 0x46, 0xBA, 0x49, 0xA1, 0x46, 0x72, 0x5C, 0x23, 0xC5, 0x61,
    0xAF, 0xFA, 0x52, 0xE8, 0xBA, 0xB1, 0x8F, 0x62, 0x92, 0x34, 0x92, 0xD1, 0x8D, 0xA8, 0x0D, 0xDB,
    0x9B, 0xD4, 0x21, 0xFA, 0xC6, 0x52, 0x3E, 0x1D, 0x50, 0x58, 0x56, 0x30, 0x26, 0xE2, 0xB5, 0xC0,
    0xD3, 0x0D, 0xB0, 0x59, 0x9F, 0x75, 0x80, 0x0B, 0x6B, 0xC2, 0xF9, 0xCA, 0x75, 0xF0, 0xD0, 0x12,
    0x79, 0x68, 0x66, 0x48, 0x98, 0x18, 0xB7, 0x41, 0x05, 0x0A, 0x08, 0x68, 0x01, 0x9E, 0x67, 0x47,
    0x01, 0x2C, 0x60, 0x35, 0x22, 0x27, 0xDC, 0x63, 0xDE, 0x2C, 0xE4, 0x5D, 0x32, 0x71, 0xAF, 0xF5,
    0x62, 0xFB, 0xE0, 0xBE, 0x1C, 0x4C, 0xFE, 0x39, 0x4D, 0xD2, 0x32, 0x6B, 0x87, 0xC7, 0x74, 0xCD,
    0xC6, 0x70, 0x45, 0x02, 0x45, 0xD5, 0x0B, 0x64, 0xA3, 0x00, 0x76, 0x02, 0xAF, 0x13, 0xDF, 0xAE,
    0xE8, 0x41, 0x17, 0x13, 0xA5, 0xF4, 0x66, 0x9F, 0x7A, 0x0E, 0x4F, 0x25, 0x26, 0xED, 0x3C, 0x87,
    0xC8, 0x04, 0x0E, 0x63, 0xE0, 0x60, 0x83, 0xF2, 0xEE, 0x37, 0x73, 0x68, 0x1E, 0xC3, 0x21, 0x1A,
    0x2F, 0x71, 0x18, 0x98, 0xC3, 0xBD, 0xB6, 0x13, 0x0E, 0x14, 0x38, 0x8C, 0x78, 0xF4, 0xB5, 0x86,
    0x97, 0xBD, 0x94, 0xF7, 0x5F, 0xDB, 0x39, 0xC7, 0x6E, 0x91, 0xB2, 0x01, 0x58, 0x97, 0x8A, 0x20,
    0x4D, 0x82, 0xE2, 0xDB, 0x1E, 0xB1, 0x6C, 0xD8, 0x7E, 0xE0, 0x63, 0x83, 0xA2, 0x1E, 0xBA, 0x96,
    0xB4, 0x7B, 0xCB, 0xC8, 0x3A, 0xA3, 0x5F, 0xED, 0x22, 0x0B, 0x87, 0xA7, 0xA0, 0xFF, 0xD4, 0x79,
    0xB4, 0x29, 0xD5, 0x79, 0xED, 0xC0, 0xA7, 0x5A, 0x64, 0x54, 0x67, 0x71, 0x02, 0xA7, 0x5F, 0x18,
    0x55, 0xF7, 0xB7, 0xD8, 0x30, 0x47, 0xCB, 0x7E, 0xDE, 0x40, 0xEF, 0x25, 0xA2, 0x3F, 0x33, 0x22,
    0x25, 0x9F, 0x13, 0x0D, 0x6C, 0x99, 0xE7, 0x55, 0x57, 0x51, 0x99, 0xD7, 0x5C, 0x05, 0xF4, 0x38,
    0x92, 0x85, 0xEC, 0x0A, 0x1B, 0xCA, 0x8D, 0xC8, 0x71, 0x36, 0x4F, 0xA5, 0xC3, 0x8E, 0x7C, 0xBA,
    0xD9, 0x9A, 0xE4, 0xC7, 0xED, 0x20, 0x9A, 0xD6, 0xE9, 0x7C, 0xB8, 0x74, 0x17, 0x71, 0x58, 0x56,
    0xD1, 0x4B, 0x81, 0x21, 0xC9, 0x65, 0x24, 0x69, 0x17, 0x48, 0xE8, 0x6E, 0xD4, 0x8E, 0x12, 0x88,
    0x85, 0x1B, 0x98, 0x76, 0x55, 0x5E, 0x0E, 0x9E, 0xE9, 0x10, 0x30, 0x31, 0x11, 0xE5, 0x3B, 0x20,
    0xB2, 0x59, 0x28, 0x53, 0x5C, 0xFE, 0xC9, 0xB4, 0xED, 0x3C, 0xEA, 0xC4, 0x24, 0xEC, 0xD3, 0xB0,
    0x67, 0xC3, 0x49, 0x23, 0x7D, 0x44, 0x6C, 0x9C, 0x26, 0x62, 0xB4, 0x0B, 0xC6, 0x3B, 0x80, 0x31,
    0xEB, 0x03, 0xAA, 0x5A, 0xD0, 0xE5, 0x25, 0xC0, 0xF7, 0x85, 0xCA, 0xA3, 0x79, 0x35, 0x54, 0x1D,
    0x6E, 0x93, 0x03, 0x3B, 0x66, 0xAC, 0x6A, 0x4C, 0xDC, 0x0D, 0x7E, 0xBF, 0xE7, 0x10, 0x69, 0xD2,
    0x9F, 0xEF, 0xB6, 0xC4, 0xDE, 0x7F, 0x4D, 0x2A, 0x8C, 0xD0, 0x23, 0x6C, 0x2D, 0xA4, 0x9A, 0xE2,
    0x1D, 0x14, 0x0D, 0x15, 0x49, 0x11, 0xFC, 0x15, 0x7D, 0x7A, 0x7B, 0x07, 0x0D, 0x26, 0xD9, 0x96,
    0x1B, 0xB4, 0xC7, 0x40, 0xDE, 0x3D, 0x1B, 0x11, 0x8D, 0xCC, 0x8B, 0xDD, 0x27, 0xD6, 0xF3, 0x66,
    0xE8, 0x22, 0x03, 0x2D, 0xB9, 0x60, 0x44, 0xB0, 0xA9, 0x8D, 0xC7, 0x80, 0x29, 0x9B, 0xC7, 0xA3,
    0xB2, 0x8C, 0xD1, 0xA8, 0xC3, 0xB2, 0x35, 0xFF, 0x44, 0x30, 0x1C, 0xD5, 0x65, 0x7D, 0x3A, 0xA0,
    0x05, 0x8A, 0x2E, 0xEF, 0xA0, 0x7D, 0x23, 0xE2, 0x2A, 0xB1, 0x22, 0xE4, 0x94, 0x93, 0x00, 0x78,
    0x43, 0x0D, 0xDF, 0x1C, 0xF9, 0x8C, 0xC0, 0xF9, 0x4E, 0xA0, 0xA9, 0xCA, 0xC3, 0xA5, 0x91, 0x98,
    0x10, 0xF9, 0x46, 0x06, 0x4D, 0x2E, 0x44, 0xBE, 0x13, 0x06, 0x70, 0x4D, 0x5F, 0x50, 0x8D, 0x82,
    0xBD, 0xDE, 0x21, 0xE7, 0xC9, 0xC9, 0x5B, 0xAD, 0x50, 0xBB, 0xD4, 0x15, 0x04, 0xDC, 0x21, 0x94,
    0x97, 0x83, 0xB8, 0x3D, 0xA8, 0x9C, 0xCF, 0x24, 0x88, 0x47, 0x21, 0x88, 0x7B, 0xCE, 0xCA, 0x00,
    0x7A, 0x40, 0xCA, 0xDB, 0x93, 0xF2, 0xD1, 0x20, 0x2E, 0xE1, 0x4F, 0x1A, 0x33, 0xFA, 0x3E, 0x01,
    0xA7, 0xC8, 0x4B, 0xBC, 0x0A, 0xD5, 0x49, 0xAD, 0x21, 0x47, 0xD8, 0x19, 0xF9, 0x41, 0xDF, 0x5D,
    0x96, 0x9A, 0xDB, 0xF3, 0x5E, 0x07, 0xB7, 0x4F, 0x52, 0x9A, 0x8B, 0x86, 0x5C, 0xEA, 0x05, 0x59,
    0x69, 0x61, 0xE1, 0xC5, 0xE3, 0x52, 0x1B, 0xA8, 0xC0, 0x68, 0x3F, 0x74, 0x52, 0x02, 0xFC, 0x0F,
    0x20, 0x11, 0xA5, 0xD8, 0xBF, 0xD1, 0xB2, 0xF5, 0x63, 0x43, 0x87, 0x9D, 0x77, 0xC6, 0x5B, 0xBF,
    0x1E, 0xD9, 0x10, 0x3A, 0xA0, 0x07, 0x8B, 0xBD, 0xFA, 0x86, 0xE6, 0x4A, 0xC8, 0xD2, 0x01, 0x8C,
    0xA4, 0x93, 0xD8, 0x48, 0x63, 0x2B, 0x1A, 0x33, 0x4E, 0x90, 0x18, 0x8B, 0x5E, 0xD4, 0xD7, 0x10,
    0x38, 0x0B, 0xE0, 0x2E, 0x41, 0x58, 0x71, 0xA3, 0xEC, 0xBC, 0x63, 0xE3, 0x24, 0xAB, 0x78, 0x48,
    0x8D, 0x97, 0x4E, 0x91, 0x8D, 0x9C, 0x55, 0x4A, 0xC5, 0x85, 0x5A, 0x1E, 0xB2, 0x4A, 0x1A, 0xB2,
    0x8A, 0x54, 0xD2, 0xFE, 0x16, 0x2A, 0x63, 0x69, 0x0D, 0x91, 0xA9, 0x98, 0x4D, 0xF1, 0xC1, 0x97,
    0xBE, 0x55, 0xED, 0xE6, 0x69, 0x4C, 0xD8, 0xA0, 0x7A, 0x8B, 0x55, 0x7F, 0x16, 0x9A, 0x8C, 0xE8,
    0x5E, 0xD1, 0x4E, 0x96, 0xE9, 0x14, 0xC9, 0x74, 0x8E, 0x2D, 0x8A, 0x3A, 0x31, 0x56, 0xF2, 0x57,
    0x6C, 0x88, 0x3A, 0x41, 0xB1, 0x88, 0xC7, 0xE6, 0x88, 0x31, 0x31, 0x27, 0xCC, 0xDC, 0xA3, 0x66,
    0xAC, 0xB3, 0x3E, 0xEF, 0x42, 0xF7, 0xDE, 0x2B, 0x18, 0x4D, 0x68, 0xCB, 0x98, 0xFF, 0x6A, 0x31,
    0x01, 0xAC, 0x85, 0xB6, 0xE2, 0x7A, 0x71, 0x54, 0xCC, 0x5A, 0x2D, 0x47, 0xD1, 0xBF, 0xE2, 0x4E,
    0xB8, 0xF3, 0x59, 0xCB, 0xE4, 0x83, 0xE2, 0x03, 0xB6, 0xDA, 0x37, 0xCF, 0x6D, 0xC5, 0x1F, 0xDB,
    0x26, 0x26, 0x3F, 0x3A, 0x75, 0x51, 0x02, 0x36, 0xEF, 0x82, 0xDD, 0xD6, 0x71, 0x13, 0x32, 0xD6,
    0x1A, 0xFA, 0x37, 0xE2, 0x0F, 0xAD, 0x06, 0xDE, 0x76, 0xBE, 0xE9, 0xE7, 0x9D, 0x7D, 0x12, 0x44,
    0x34, 0x8A, 0x5B, 0x6B, 0x99, 0xA3, 0x6B, 0x60, 0x8F, 0xCD, 0xEC, 0xAC, 0x75, 0x34, 0xF2, 0xFB,
    0xE9, 0x2F, 0x19, 0x42, 0xE4, 0x2E, 0xB8, 0x3A, 0x47, 0x2B, 0x5B, 0xCB, 0xF4, 0x1F, 0xC3, 0xD6,
    0xB2, 0xBC, 0xD4, 0x7A, 0xA0, 0x4E, 0x60, 0xCE, 0x5D, 0x67, 0x13, 0x82, 0x2D, 0x6A, 0x81, 0xB0,
    0x6D, 0x3C, 0x4F, 0x0D, 0xE7, 0x37, 0x56, 0x29, 0x22, 0xCA, 0xA7, 0x06, 0x5C, 0x28, 0x1C, 0x6D,
    0x90, 0x71, 0xC3, 0x41, 0xE3, 0x6A, 0x9D, 0x7A, 0x9D, 0x3D, 0x07, 0x9F, 0x64, 0xF3, 0x52, 0x5C,
    0xA3, 0xEA, 0x3C, 0x00, 0x73, 0xF0, 0x70, 0xBE, 0xAA, 0xFB, 0xF8, 0x95, 0x7F, 0x1E, 0xEC, 0xEA,
    0x84, 0x43, 0x3A, 0x22, 0x67, 0xF7, 0x3E, 0x6E, 0xE5, 0xD7, 0x38, 0xEC, 0x62, 0x0E, 0x97, 0xBB,
    0x98, 0xBD, 0x74, 0x31, 0x55, 0xE0, 0x12, 0xAD, 0x5D, 0xF7, 0xC7, 0x96, 0x3E, 0x19, 0xF1, 0xA2,
    0x40, 0x4B, 0x13, 0x37, 0x51, 0xE9, 0x26, 0x75, 0xD1, 0xA8, 0x0C, 0x32, 0x83, 0x91, 0x9B, 0x19,
    0x63, 0x98, 0x23, 0x2E, 0xAC, 0xB0, 0x06, 0xD6, 0xAD, 0xE0, 0x60, 0x2D, 0x43, 0x34, 0xDA, 0xA8,
    0x4C, 0xC6, 0xC8, 0xD8, 0xCA, 0xA6, 0x26, 0x36, 0x3B, 0xDA, 0xF1, 0x74, 0x6E, 0x87, 0x4A, 0x23,
    0xED, 0xAB, 0xBA, 0xD8, 0x48, 0xF9, 0xA6, 0xFD, 0xBB, 0xF6, 0x5D, 0x4C, 0x2D, 0x3D, 0x78, 0xA7,
    0xC8, 0x86, 0x85, 0xD6, 0x33, 0x20, 0xF5, 0x98, 0xC8, 0xE1, 0xB3, 0x83, 0xFA, 0x72, 0x17, 0xD1,
    0xDF, 0x10, 0xDF, 0x95, 0x1A, 0xD9, 0x34, 0x14, 0xAA, 0x83, 0xEA, 0x9F, 0x3E, 0xAE, 0x0A, 0x20,
    0xE1, 0x0D, 0xDF, 0x86, 0xE7, 0xDD, 0x29, 0xD1, 0xF3, 0x25, 0xA2, 0x31, 0xB6, 0xA8, 0x1C, 0x30,
    0x72, 0xE4, 0x27, 0x80, 0xFB, 0xE2, 0xBF, 0x5F, 0x94, 0x1E, 0xD9, 0x0C, 0xF5, 0x82, 0x9E, 0x57,
    0xC7, 0x18, 0x1B, 0x46, 0x6E, 0xDE, 0xB1, 0x47, 0x35, 0xB2, 0x21, 0x71, 0x80, 0x74, 0xBC, 0xE9,
    0xDE, 0xD6, 0xFE, 0x80, 0x42, 0xDB, 0x90, 0x1C, 0x78, 0x27, 0x0B, 0xEA, 0x71, 0x39, 0xA6, 0xC5,
    0xC1, 0xD4, 0xF9, 0x24, 0x31, 0x4D, 0xF5, 0x62, 0xEA, 0xEF, 0x7D, 0x8B, 0xA9, 0x23, 0x8A, 0xA9,
    0xCC, 0xFA, 0x8C, 0x7E, 0x4A, 0x26, 0x19, 0x8A, 0x0F, 0x3F, 0xFC, 0xC4, 0x72, 0xDF, 0xFF, 0x01,
    0x6F, 0x86, 0x1B, 0x75, 0x1B, 0x67, 0xB1, 0x71, 0xF9, 0xF5, 0xBF, 0x9F, 0x3C, 0x14, 0x8A, 0x3C,
    0xD8, 0x22, 0x9E, 0x36, 0x1E, 0xF2, 0x9A, 0xD3, 0x8E, 0x55, 0x7D, 0xE4, 0x12, 0xE3, 0xD2, 0x69,
    0xEB, 0x6F, 0x77, 0x11, 0x51, 0x9F, 0xF5, 0x67, 0x28, 0xA6, 0xF5, 0x40, 0x53, 0xFE, 0x54, 0x05,
    0x35, 0x48, 0xDA, 0x48, 0x76, 0xC1, 0xFB, 0x7E, 0x07, 0x43, 0x7D, 0x88, 0x0F, 0x61, 0xFF, 0x72,
    0x03, 0x8F, 0x50, 0x91, 0xFA, 0x03, 0xC8, 0xE5, 0x80, 0x4A, 0x6E, 0xCF, 0x46, 0x3C, 0xF1, 0x18,
    0x2A, 0xE5, 0xA5, 0x03, 0x2A, 0x39, 0xB9, 0x19, 0xC2, 0x01, 0x95, 0x93, 0x03, 0xAA, 0xEE, 0x2C,
    0x9C, 0xDC, 0xE8, 0x44, 0x4E, 0x6E, 0x28, 0x36, 0x7C, 0x64, 0xE1, 0xC1, 0xAA, 0x3B, 0xA4, 0x19,
    0x3A, 0x9C, 0x7A, 0x48, 0x1F, 0x5E, 0x73, 0x9E, 0x11, 0xE7, 0x7D, 0xCF, 0x88, 0x73, 0x26, 0x03,
    0x8E, 0x78, 0x47, 0x06, 0xCD, 0xA7, 0x41, 0x15, 0x88, 0x0C, 0xC7, 0x65, 0xC7, 0x35, 0x66, 0xDE,
    0x7B, 0x03, 0x54, 0xC8, 0x2E, 0x2A, 0xF5, 0xC1, 0xC4, 0x96, 0x97, 0x59, 0xB3, 0xDD, 0xA5, 0x54,
    0xEF, 0x37, 0x9A, 0xCF, 0x4C, 0x1C, 0x50, 0x40, 0x13, 0x07, 0x94, 0x64, 0xFA, 0xEF, 0x45, 0xA9,
    0x99, 0x8A, 0xC6, 0x1F, 0xB0, 0x0B, 0xF4, 0x4B, 0xF0, 0x22, 0x34, 0x8D, 0x68, 0x18, 0x08, 0x4E,
    0x6E, 0xEC, 0x04, 0xD2, 0x75, 0xE7, 0xB1, 0x64, 0x8C, 0x23, 0x0F, 0x2E, 0x54, 0xBC, 0x4D, 0xA8,
    0x78, 0xAB, 0x50, 0xF1, 0x16, 0x75, 0x4A, 0xC8, 0x06, 0x15, 0x2A, 0xDE, 0x84, 0x75, 0x91, 0x8A,
    0x37, 0xBA, 0x54, 0xF1, 0xE6, 0xC0, 0xD2, 0xDE, 0x09, 0x7B, 0x71, 0x35, 0x86, 0xBF, 0x07, 0x88,
    0x63, 0x64, 0x41, 0xB3, 0xE5, 0xCB, 0x50, 0xD6, 0xB2, 0x28, 0x7D, 0xEB, 0x1D, 0xB6, 0x0E, 0x79,
    0xCF, 0x21, 0x5F, 0x63, 0x7D, 0xC2, 0xC9, 0xFD, 0x8E, 0x9F, 0x70, 0x0A, 0xDB, 0xFE, 0x34, 0x44,
    0xF3, 0xC2, 0x27, 0xFA, 0x09, 0xE0, 0x8F, 0xAB, 0x70, 0xE0, 0xA2, 0x3A, 0x35, 0x48, 0x1C, 0xCF,
    0x3B, 0x22, 0xE2, 0x9C, 0x44, 0xEC, 0xC6, 0x0D, 0x8E, 0xAB, 0x63, 0xD9, 0xB4, 0x6D, 0x24, 0x85,
    0xCA, 0xB2, 0xF1, 0x50, 0x78, 0x4B, 0x58, 0x80, 0x2D, 0x21, 0xAD, 0xCA, 0x91, 0x41, 0x2C, 0xB9,
    0x6E, 0xEF, 0x56, 0x68, 0x42, 0x72, 0x98, 0xB7, 0xE0, 0x9A, 0x41, 0xB2, 0x9D, 0xFC, 0x59, 0x23,
    0x5B, 0x1E, 0x36, 0x51, 0xC4, 0x2A, 0xDD, 0x95, 0x96, 0x5E, 0x1E, 0xEA, 0xE3, 0x88, 0xD6, 0xEA,
    0xF9, 0x70, 0x0B, 0xEE, 0x31, 0x16, 0x26, 0x61, 0x0B, 0xEE, 0xA1, 0x07, 0xAA, 0x0E, 0xFF, 0x14,
    0x80, 0xF0, 0x58, 0xB7, 0x1C, 0x2E, 0xC0, 0x19, 0x64, 0xB3, 0xA7, 0x11, 0xF1, 0xDD, 0x1A, 0xC9,
    0xC5, 0xB6, 0x43, 0x11, 0xAA, 0xC6, 0xBC, 0xE4, 0x6C, 0x0C, 0x55, 0x23, 0xFA, 0x0B, 0x86, 0x88,
    0x88, 0x41, 0x05, 0x90, 0x0A, 0x4A, 0x95, 0xE7, 0x21, 0x78, 0xBB, 0xC3, 0xE0, 0x1D, 0xE0, 0x14,
    0x8E, 0xC1, 0x81, 0x69, 0xC6, 0x56, 0x3C, 0x91, 0x19, 0xE4, 0x83, 0xA8, 0x94, 0xFA, 0x24, 0x3E,
    0x6F, 0xC1, 0xC7, 0xB5, 0x7A, 0xCB, 0xA6, 0x28, 0x1C, 0xDF, 0xA8, 0x4B, 0xC7, 0x37, 0x3B, 0x24,
    0xE1, 0xF8, 0x06, 0xF3, 0xF1, 0xCD, 0xC9, 0x63, 0x8E, 0x6F, 0xAE, 0x14, 0x16, 0xD2, 0xAB, 0xE4,
    0xE3, 0x9B, 0x5F, 0x8B, 0x85, 0xE2, 0xCF, 0x47, 0xED, 0x18, 0x06, 0x39, 0xBE, 0xF9, 0x7C, 0xD8,
    0x9C, 0x32, 0x18, 0x39, 0xBE, 0xF9, 0xD9, 0x18, 0x8E, 0x6F, 0x1E, 0x8E, 0x7C, 0x7C, 0x13, 0x91,
    0x1C, 0xDF, 0x24, 0x54, 0xF2, 0xF2, 0x5F, 0x9B, 0x5E, 0x9C, 0xA6, 0xA9, 0x0F, 0x69, 0xDA, 0x86,
    0x34, 0xED, 0x42, 0x9A, 0x3E, 0x0D, 0x69, 0x7A, 0x13, 0xD2, 0xF4, 0x49, 0x48, 0xD3, 0x6E, 0x4D,
    0xD3, 0x4F, 0x1F, 0xDF, 0xDE, 0xE1, 0x3C, 0x21, 0x9A, 0x0A, 0x38, 0x36, 0x9A, 0x2A, 0x79, 0xD9,
    0x8F, 0xAA, 0xB6, 0x21, 0x08, 0x3B, 0x75, 0x71, 0x6D, 0x2C, 0xCA, 0xB3, 0x84, 0x68, 0xE0, 0x89,
    0xDA, 0x4E, 0xE5, 0x61, 0x9A, 0x7E, 0xF9, 0xD1, 0x34, 0xFD, 0xFF, 0x7E, 0xA2, 0xD4, 0x3E, 0xFE,
    0x44, 0x49, 0x6A, 0x1A, 0x79, 0xCA, 0xB9, 0xF0, 0x50, 0x30, 0x74, 0xEC, 0x26, 0xCD, 0x50, 0x63,
    0x93, 0x1A, 0xA6, 0xBE, 0x8B, 0xA7, 0x6B, 0x5F, 0x4D, 0xD7, 0xD6, 0x13, 0x25, 0xAF, 0x24, 0x95,
    0x29, 0x95, 0x28, 0xC4, 0x58, 0x83, 0xCC, 0x0B, 0x7D, 0xCB, 0x9B, 0xF1, 0x15, 0xC7, 0x9B, 0xC9,
    0xBC, 0x03, 0xE1, 0x55, 0x38, 0x2D, 0x7B, 0xF6, 0x2B, 0xAE, 0x91, 0xBE, 0x29, 0x39, 0xCB, 0xA8,
    0xC8, 0x7D, 0x01, 0xA4, 0xBD, 0xAE, 0x63, 0x32, 0x48, 0x7A, 0xB6, 0x9B, 0x93, 0xE6, 0x06, 0xFE,
    0xC3, 0x99, 0x47, 0xCB, 0xBA, 0xED, 0x31, 0xED, 0x9D, 0x60, 0x58, 0xD9, 0x8D, 0x1C, 0x0D, 0x41,
    0x5A, 0x89, 0x5A, 0x1E, 0x20, 0x68, 0xF9, 0xA9, 0xD8, 0xF6, 0xA3, 0x57, 0x9C, 0xCC, 0xFB, 0x17,
    0xC8, 0xC8, 0xE6, 0x92, 0x9D, 0x28, 0x47, 0xCB, 0x25, 0x14, 0x3D, 0xE0, 0x4A, 0xF5, 0x57, 0xF4,
    0x81, 0x81, 0xC6, 0x04, 0xDE, 0xED, 0x36, 0x3C, 0x27, 0x9F, 0xDE, 0x1D, 0x3B, 0xB1, 0xEE, 0x3C,
    0x46, 0x32, 0xFF, 0xD2, 0xB0, 0x19, 0xD9, 0x01, 0x78, 0x4A, 0xEB, 0xFD, 0x33, 0x40, 0x96, 0x6B,
    0x1E, 0x4E, 0x39, 0x3B, 0x6C, 0x7B, 0x8E, 0xD6, 0x54, 0x5B, 0x14, 0x64, 0x61, 0x81, 0xA7, 0xE7,
    0xB5, 0xF4, 0x84, 0x8C, 0x7F, 0x78, 0xC2, 0xE3, 0xF3, 0x9A, 0xC7, 0xE7, 0x8A, 0x0E, 0x08, 0x1D,
    0xB8, 0xD4, 0x24, 0xDC, 0x7D, 0xE9, 0x50, 0x11, 0x91, 0x84, 0x9B, 0xBB, 0x4B, 0xEA, 0x69, 0x47,
    0x9E, 0x62, 0x09, 0x4F, 0x79, 0x0B, 0x75, 0xE1, 0xEB, 0xEE, 0xC9, 0xD3, 0x53, 0x0E, 0x1A, 0x5A,
    0xCE, 0xA0, 0xEB, 0x06, 0xC9, 0x28, 0x31, 0x2F, 0x36, 0xC8, 0x02, 0x24, 0xBD, 0x95, 0x53, 0x6B,
    0x31, 0xD3, 0xD7, 0xC0, 0xCD, 0x8F, 0x3A, 0x85, 0x5E, 0x99, 0x68, 0x34, 0xA7, 0xC6, 0xBC, 0x16,
    0x9D, 0x2A, 0xA8, 0x87, 0x47, 0xB8, 0xB6, 0x43, 0x42, 0x86, 0x83, 0x14, 0xB6, 0x1E, 0x6A, 0x94,
    0xDF, 0x83, 0xA3, 0x9A, 0xFB, 0xDF, 0xEF, 0x0D, 0xEA, 0x83, 0x5E, 0x51, 0xA7, 0x08, 0xAA, 0x7E,
    0xF4, 0x1D, 0x97, 0xD0, 0x23, 0x34, 0xE1, 0x5F, 0x7A, 0x42, 0x62, 0x18, 0x56, 0x29, 0x1A, 0x01,
    0x7B, 0xE9, 0x1D, 0x8D, 0xA2, 0xAA, 0x81, 0xEA, 0xFD, 0x37, 0x35, 0xF1, 0x5D, 0x44, 0x9D, 0x7F,
    0x1F, 0x6F, 0x3B, 0x68, 0xC0, 0x31, 0xB1, 0x6C, 0x80, 0x92, 0xAB, 0x4D, 0xD8, 0x5C, 0x87, 0x9B,
    0x45, 0xD8, 0x01, 0xFA, 0x66, 0x97, 0x53, 0x97, 0xB0, 0x56, 0xC6, 0xBF, 0x8F, 0xAB, 0x21, 0x9E,
    0x50, 0xDC, 0x3B, 0xD2, 0x64, 0xFC, 0x1B, 0xC5, 0x10, 0x4D, 0xC8, 0x3C, 0xD6, 0x38, 0x5D, 0xEF,
    0xE5, 0x1B, 0xAB, 0x7B, 0xEF, 0xE4, 0x4C, 0x6E, 0x08, 0x41, 0xB2, 0x25, 0x2B, 0xC7, 0x9E, 0xFC,
    0xE0, 0x79, 0xD5, 0x9F, 0xB2, 0x47, 0xDC, 0xF2, 0x68, 0xA6, 0x95, 0x41, 0x2E, 0xDB, 0x12, 0x99,
    0xD1, 0x1D, 0xF2, 0x3E, 0xF3, 0x43, 0xB9, 0xDC, 0x3B, 0x2E, 0xF7, 0x46, 0xD4, 0x6F, 0x38, 0x80,
    0x38, 0x64, 0x77, 0x46, 0xF6, 0x8D, 0x95, 0xC1, 0x41, 0x7D, 0xE2, 0xEF, 0x4D, 0xC9, 0xDF, 0x1B,
    0x51, 0x9D, 0xD5, 0xB8, 0xF4, 0xFA, 0x37, 0x32, 0xFE, 0x95, 0x8C, 0x61, 0x2B, 0xF0, 0x1B, 0xC6,
    0x46, 0x46, 0x2B, 0xA3, 0x93, 0x71, 0x3A, 0x3E, 0xF6, 0xBD, 0x0B, 0x9E, 0x3D, 0x64, 0x72, 0x19,
    0xB1, 0xB6, 0xC6, 0xC2, 0xBF, 0xFF, 0xCE, 0x77, 0xFF, 0xF7, 0xFF, 0x93, 0x8C, 0x16, 0x29, 0xFD,
    0xCC, 0x8F, 0x2D, 0x91, 0x99, 0xB6, 0xE4, 0x1B, 0x35, 0x15, 0x2F, 0x6F, 0x23, 0xCD, 0x14, 0x53,
    0x50, 0x2D, 0xCC, 0xFF, 0xFD, 0x35, 0x37, 0x6F, 0x86, 0xB5, 0x44, 0x7A, 0x48, 0x42, 0xB8, 0xCE,
    0x6D, 0x3A, 0x2E, 0xE7, 0x6B, 0x7D, 0x43, 0xD5, 0x67, 0x52, 0xC5, 0xAB, 0x5A, 0x8C, 0x31, 0xCB,
    0xED, 0x2D, 0x8E, 0x52, 0x54, 0x67, 0xB4, 0xAD, 0xE5, 0x51, 0x27, 0x29, 0xD7, 0x13, 0xDE, 0x3C,
    0x29, 0x03, 0xFC, 0x73, 0xA9, 0xD1, 0xE4, 0x39, 0x26, 0x79, 0x80, 0x49, 0x9E, 0x5C, 0x92, 0x47,
    0x96, 0xE4, 0x59, 0x25, 0xCB, 0x56, 0x95, 0xA7, 0x93, 0xE4, 0xB1, 0xA4, 0xF0, 0x3C, 0x52, 0x89,
    0xC8, 0xCA, 0x13, 0x48, 0xF2, 0xE8, 0x51, 0xC4, 0x2E, 0x09, 0x0F, 0x1B, 0x85, 0x57, 0x84, 0x72,
    0x96, 0xB2, 0xBF, 0x77, 0x8B, 0x44, 0x34, 0x4B, 0x98, 0xD6, 0x07, 0x77, 0xF7, 0x52, 0x3B, 0xED,
    0x25, 0xB7, 0x48, 0x67, 0xE5, 0xFE, 0x7B, 0xF8, 0xCE, 0x92, 0x10, 0x04, 0xFE, 0x68, 0xBF, 0x29,
    0x01, 0x84, 0xAA, 0x48, 0xC2, 0xF7, 0xB0, 0x06, 0x9E, 0x99, 0x8B, 0x20, 0xF4, 0x83, 0x24, 0x36,
    0x90, 0xDA, 0x52, 0x0C, 0x21, 0xDD, 0x12, 0xB1, 0xC6, 0x22, 0xD9, 0xD0, 0x91, 0x12, 0xBB, 0xC8,
    0x1D, 0x62, 0x1C, 0x91, 0xC4, 0x42, 0x22, 0x89, 0x99, 0x44, 0x12, 0x5B, 0x89, 0x24, 0x06, 0x13,
    0x49, 0xAC, 0x26, 0xD2, 0x6A, 0xBA, 0xA0, 0x7D, 0x44, 0x74, 0x43, 0xB4, 0x97, 0x0A, 0x39, 0x68,
    0xEF, 0xB3, 0xD0, 0x24, 0xDA, 0x27, 0x0E, 0xF8, 0xBE, 0x68, 0x9F, 0x0D, 0x8B, 0xF6, 0xAA, 0x8E,
    0x8E, 0x82, 0xF6, 0x05, 0x2A, 0xAA, 0x45, 0x7B, 0xCD, 0xC9, 0x40, 0xB4, 0xDF, 0x24, 0xB6, 0x72,
    0xA2, 0xFD, 0x26, 0xF1, 0x79, 0x57, 0xB4, 0x67, 0x49, 0x8B, 0xF6, 0x3A, 0xB9, 0xD8, 0x15, 0xA2,
    0x7D, 0x11, 0x91, 0x2B, 0x44, 0xFB, 0xBC, 0xD6, 0x83, 0x16, 0xED, 0x55, 0x0F, 0x9C, 0x06, 0x4F,
    0x5B, 0x44, 0x6E, 0x76, 0xF7, 0x8F, 0xB7, 0x76, 0xFF, 0x9C, 0x59, 0x1F, 0xB4, 0xBF, 0x4A, 0xBB,
    0x59, 0xFB, 0x62, 0x87, 0x45, 0xF9, 0x3A, 0xE8, 0xFE, 0xFB, 0xDB, 0x61, 0x36, 0x7C, 0x32, 0x2E,
    0x76, 0x77, 0x8B, 0xD9, 0x9B, 0xC5, 0xEA, 0x27, 0x8B, 0xD1, 0x37, 0x8B, 0xCD, 0x37, 0xA2, 0x74,
    0x10, 0x82, 0xC5, 0x37, 0x8B, 0xC1, 0x9F, 0x5F, 0xEC, 0x7D, 0xB2, 0x98, 0xBB, 0x59, 0xAC, 0xED,
    0x66, 0x63, 0x27, 0x63, 0xB0, 0xF5, 0x13, 0xDB, 0x30, 0x41, 0x59, 0x1F, 0xD1, 0x95, 0x35, 0x5C,
    0x5F, 0xD1, 0x2A, 0x6A, 0x3D, 0xAC, 0xF2, 0x3A, 0x9B, 0x91, 0xFD, 0xDA, 0xEE, 0xE5, 0xE4, 0xA3,
    0x03, 0x99, 0xCC, 0x81, 0xDC, 0xAF, 0xF2, 0x5D, 0xAC, 0xF2, 0xF0, 0xDB, 0xCA, 0xAB, 0x19, 0xA3,
    0xB7, 0x57, 0x4B, 0x02, 0xD8, 0x1B, 0x13, 0xC0, 0xDE, 0x9E, 0x07, 0x53, 0xD9, 0xAD, 0x93, 0x59,
    0x96, 0xC4, 0xDE, 0xB0, 0x00, 0xF6, 0xB6, 0x5D, 0xA7, 0xB4, 0xC8, 0x7B, 0x0B, 0xAF, 0xD3, 0x5A,
    0xE4, 0xBD, 0x9D, 0x01, 0xEC, 0x4D, 0x7D, 0x30, 0xB9, 0xF9, 0x7A, 0x6F, 0xF0, 0x75, 0x82, 0x8B,
    0x3E, 0x7B, 0xB3, 0x03, 0x58, 0x2D, 0x0F, 0x1C, 0x1A, 0x3F, 0x70, 0xC4, 0x4F, 0xB2, 0x65, 0xB2,
    0xC0, 0xE9, 0x65, 0xBA, 0x44, 0xE3, 0xF9, 0x32, 0x61, 0x62, 0x43, 0x2F, 0x18, 0xE1, 0xE7, 0xC5,
    0xE2, 0x5D, 0x1B, 0xE8, 0xC5, 0xBC, 0xDB, 0x0C, 0xEC, 0x22, 0xEB, 0xC5, 0x99, 0xDC, 0xB4, 0xED,
    0x1A, 0xBF, 0xAB, 0xFB, 0xCA, 0x73, 0xAB, 0xA8, 0x6E, 0x98, 0x8E, 0xA7, 0x96, 0x4D, 0xF0, 0x62,
    0x27, 0xCC, 0x80, 0x66, 0x5D, 0xB1, 0x4E, 0x78, 0x05, 0x71, 0x5D, 0xB3, 0x76, 0x61, 0x85, 0x78,
    0x9C, 0x49, 0x81, 0x67, 0x3F, 0xFD, 0x9D, 0x2C, 0xDB, 0xFF, 0xDC, 0xF6, 0xCB, 0xBA, 0x3D, 0x88,
    0x79, 0xAD, 0xC5, 0xBF, 0x4B, 0x26, 0x34, 0x39, 0x75, 0x4E, 0x5F, 0x37, 0xAE, 0x7A, 0xD7, 0xDA,
    0x67, 0x8C, 0x73, 0xB1, 0x69, 0x5C, 0x62, 0x4E, 0xAA, 0x1F, 0x99, 0x4D, 0x41, 0xDD, 0x26, 0x9D,
    0xC4, 0xB6, 0xCB, 0xCF, 0xC9, 0x6C, 0x47, 0x27, 0x76, 0x7B, 0x76, 0x6B, 0xA0, 0xA9, 0x83, 0xDE,
    0xE1, 0xDF, 0x56, 0xE5, 0x39, 0x75, 0xED, 0xAF, 0xFA, 0xE2, 0x8D, 0x41, 0x7D, 0xB8, 0x66, 0xFF,
    0xEF, 0xF2, 0xC6, 0xD5, 0xF0, 0x24, 0x42, 0x35, 0x77, 0x04, 0xEE, 0xDD, 0x76, 0x40, 0x66, 0x65,
    0x5B, 0x97, 0x77, 0x40, 0xC1, 0x19, 0xFE, 0x0A, 0xF3, 0x3A, 0x89, 0xC9, 0xC6, 0x56, 0x0A, 0xE2,
    0xD2, 0xC1, 0xE5, 0xEF, 0x51, 0x7F, 0x0A, 0x5B, 0x24, 0x1F, 0x1B, 0xCD, 0xF0, 0xCB, 0xB1, 0x28,
    0x6D, 0xFE, 0x61, 0x2F, 0xE5, 0x31, 0x27, 0x84, 0xAE, 0x89, 0x27, 0x58, 0x39, 0xF8, 0x8B, 0xC6,
    0xAC, 0x93, 0xA7, 0x6E, 0xD2, 0x5E, 0x0D, 0x50, 0x43, 0xD2, 0xA7, 0xFE, 0x74, 0xA1, 0x4B, 0x06,
    0x10, 0x4D, 0xF0, 0xE0, 0x4B, 0x3F, 0x86, 0x39, 0x28, 0xD4, 0xB3, 0x3A, 0x9A, 0x8C, 0x68, 0xB4,
    0x03, 0xDD, 0x72, 0x41, 0xA9, 0xD7, 0x2D, 0xA6, 0xA0, 0xD7, 0xC7, 0x03, 0x74, 0x50, 0x8D, 0x38,
    0xE1, 0x8B, 0x76, 0xF2, 0x4C, 0x94, 0x28, 0x48, 0x25, 0x54, 0x27, 0x3A, 0x56, 0xB2, 0xC7, 0x0C,
    0x6A, 0x8A, 0x24, 0x9A, 0xB2, 0x14, 0x94, 0xF5, 0xD2, 0xAC, 0x2F, 0xF6, 0x2A, 0x43, 0xD5, 0xB3,
    0xD6, 0x28, 0xCA, 0x59, 0x71, 0x68, 0xCC, 0xBA, 0x63, 0x87, 0xA0, 0xFE, 0x47, 0x9C, 0x25, 0x84,
    0xC1, 0xC7, 0x34, 0x20, 0x90, 0xF8, 0xE5, 0x04, 0x1C, 0xF0, 0x58, 0x99, 0x64, 0xBB, 0x95, 0x4B,
    0x4E, 0xDD, 0x9E, 0xCD, 0x13, 0x5B, 0xB3, 0xF2, 0x49, 0xC6, 0x95, 0x11, 0xDC, 0xCA, 0x09, 0xCD,
    0xCA, 0x0A, 0x27, 0x2B, 0x2F, 0x6C, 0x56, 0x66, 0x22, 0x0B, 0x37, 0x91, 0x03, 0x3B, 0x91, 0x57,
    0x7E, 0xD8, 0xAC, 0x0C, 0x71, 0xB2, 0x72, 0x44, 0xB3, 0xB2, 0x84, 0x5B, 0x79, 0x26, 0xE3, 0x9E,
    0xE9, 0x95, 0xAD, 0xD9, 0x73, 0x55, 0xD4, 0xED, 0xD9, 0xE6, 0x73, 0x70, 0xFC, 0xDE, 0x61, 0x9F,
    0x25, 0xA1, 0x7D, 0xFA, 0x5C, 0xCF, 0xFF, 0x9C, 0x8C, 0x91, 0x95, 0xAD, 0x59, 0x22, 0x7D, 0x51,
    0xA3, 0x68, 0x84, 0xBE, 0x65, 0x8B, 0x2F, 0x1D, 0x36, 0x70, 0x9A, 0x7B, 0x27, 0x7F, 0x78, 0x72,
    0x32, 0x3A, 0xE4, 0x74, 0x7A, 0x46, 0x23, 0x6F, 0xCD, 0x5A, 0xB6, 0x00, 0x83, 0x91, 0x0E, 0x6A,
    0xEA, 0xA4, 0xA4, 0xF1, 0x83, 0x3B, 0xD8, 0xB2, 0x16, 0x0B, 0xCC, 0xBF, 0x3C, 0x0B, 0x99, 0x55,
    0x33, 0x38, 0x14, 0x83, 0xCC, 0xE9, 0x8C, 0x7E, 0xFC, 0x32, 0x79, 0x31, 0xF4, 0x8A, 0xF0, 0xE4,
    0xDC, 0x41, 0x6D, 0x25, 0x84, 0xEE, 0x00, 0x75, 0xBF, 0x05, 0xB7, 0x3A, 0x6B, 0xA8, 0x0F, 0x3E,
    0xEC, 0x90, 0x90, 0x1F, 0x2A, 0x6E, 0x46, 0x93, 0x1F, 0x8A, 0x2F, 0x16, 0x76, 0x4E, 0x86, 0x6F,
    0x3C, 0x77, 0xE8, 0x80, 0x5A, 0xF1, 0xB9, 0x43, 0x4C, 0x44, 0x3C, 0xB5, 0xA7, 0xA5, 0x91, 0x9C,
    0x75, 0xDF, 0x78, 0xEE, 0xF0, 0x0E, 0xDB, 0x6C, 0x9C, 0x1B, 0xB7, 0x5B, 0xB2, 0xA1, 0x00, 0x92,
    0x8E, 0xA2, 0x7F, 0x8C, 0xC5, 0x4A, 0x07, 0x46, 0x4E, 0xAA, 0x10, 0x0E, 0x84, 0x24, 0x9D, 0x0B,
    0xBB, 0xDF, 0x33, 0xA7, 0x60, 0xFD, 0xA5, 0x91, 0x59, 0x90, 0x73, 0x62, 0xF0, 0x33, 0x2B, 0x2D,
    0x82, 0xE7, 0x19, 0x1C, 0x36, 0x0C, 0x16, 0x1B, 0x17, 0x20, 0x04, 0x91, 0x13, 0xED, 0x7D, 0x76,
    0x06, 0x57, 0xDC, 0x3B, 0x67, 0x17, 0x64, 0x44, 0xEC, 0x10, 0x56, 0x60, 0x29, 0xDA, 0xC7, 0xE3,
    0x6B, 0x66, 0x2E, 0xF1, 0x77, 0x88, 0x2D, 0x12, 0xB9, 0x92, 0x0D, 0xA7, 0x94, 0xFD, 0xE1, 0x2D,
    0x72, 0x51, 0x42, 0x5D, 0xFC, 0x4F, 0xB6, 0x62, 0xBB, 0xE6, 0x3B, 0xA4, 0xF5, 0xFA, 0x50, 0x16,
    0x49, 0x97, 0x20, 0xB8, 0x67, 0x00, 0x10, 0xCB, 0x2F, 0xF2, 0x70, 0x78, 0xD8, 0xB1, 0x28, 0xC9,
    0x87, 0x38, 0xCE, 0xA7, 0x93, 0x74, 0x2A, 0xFA, 0xF2, 0x99, 0xD0, 0x40, 0x26, 0x9C, 0x0A, 0x2B,
    0x27, 0x56, 0x5B, 0x5B, 0x48, 0xEA, 0x5B, 0x5B, 0x48, 0xB2, 0x74, 0x51, 0x71, 0xAE, 0x89, 0x43,
    0x0B, 0x69, 0x14, 0xDF, 0x77, 0xD2, 0x42, 0x7A, 0xE4, 0x91, 0xAC, 0x62, 0xF9, 0x8D, 0xEC, 0x11,
    0x83, 0xF6, 0x17, 0x20, 0xB3, 0x74, 0x3E, 0x1F, 0x8E, 0x22, 0x15, 0xCB, 0x26, 0x0D, 0x1A, 0xA9,
    0xFC, 0x2D, 0xD9, 0xE4, 0xEE, 0xA5, 0x74, 0xFF, 0x69, 0x42, 0x36, 0xDC, 0x21, 0xCF, 0xA1, 0xCD,
    0x41, 0xE1, 0xCA, 0xD7, 0x82, 0x5B, 0x7B, 0x18, 0xDC, 0xC6, 0x6F, 0x0D, 0x6E, 0xF5, 0x23, 0xC1,
    0xED, 0xE7, 0xFB, 0xE0, 0x16, 0xEF, 0x83, 0x5B, 0xEC, 0x03, 0x80, 0x48, 0xF9, 0x07, 0xBF, 0xF3,
    0xE0, 0xE6, 0xA5, 0x09, 0x90, 0xDD, 0xC5, 0x8E, 0x37, 0x18, 0x31, 0x51, 0xC7, 0x7B, 0x8C, 0x4F,
    0x39, 0x73, 0x9F, 0x87, 0x39, 0xAE, 0x01, 0xD8, 0xB0, 0xD9, 0x70, 0x61, 0x86, 0x37, 0xBC, 0xE5,
    0xC0, 0x15, 0x17, 0xCB, 0x8E, 0xC2, 0xE5, 0x1E, 0x2A, 0x72, 0xBC, 0xF7, 0x98, 0xCA, 0xE6, 0x0C,
    0xCA, 0x93, 0x6E, 0x1C, 0xD4, 0x1B, 0x06, 0x8D, 0xF5, 0x30, 0x2C, 0xB0, 0xFC, 0xB2, 0xBD, 0x45,
    0xFC, 0xFF, 0x56, 0x69, 0xE2, 0x49, 0xE9, 0x78, 0x4F, 0x52, 0x58, 0xB7, 0x66, 0xCF, 0xED, 0x6F,
    0xCC, 0x9E, 0x11, 0xDD, 0xD8, 0xA4, 0x64, 0x4F, 0xD4, 0x7D, 0x72, 0xAA, 0x2E, 0x9C, 0xEA, 0xB2,
    0x51, 0x5D, 0xC8, 0xB1, 0x60, 0xBD, 0xCE, 0xD6, 0xD8, 0x60, 0x7D, 0x31, 0x97, 0xAC, 0x5B, 0xAF,
    0x5E, 0x4D, 0x8C, 0x3A, 0xB8, 0x3C, 0x4B, 0x47, 0x5D, 0xAF, 0x97, 0x93, 0xB2, 0xD5, 0xC1, 0x25,
    0xA9, 0x9F, 0x50, 0xDD, 0x2C, 0x57, 0x11, 0xFD, 0xF1, 0x19, 0xBD, 0xEE, 0xE6, 0xAB, 0x3C, 0xA6,
    0xE7, 0xDA, 0x07, 0x6F, 0xDA, 0x65, 0xD2, 0xBD, 0xF0, 0xA0, 0xA9, 0xDE, 0xFF, 0xD1, 0xF8, 0x47,
    0xE1, 0x52, 0xFF, 0x97, 0xF7, 0xC7, 0xEA, 0xC5, 0x69, 0xDC, 0xCD, 0x97, 0xEF, 0xBF, 0x68, 0x36,
    0xEA, 0xCB, 0xCF, 0xE6, 0xCB, 0xEA, 0x81, 0xEA, 0x9E, 0x53, 0x3F, 0xFB, 0x6A, 0x0A, 0x26, 0xFE,
    0x6A, 0x97, 0xD5, 0xDE, 0x7A, 0x94, 0x4B, 0x33, 0x2D, 0xFE, 0xDC, 0x0A, 0x8B, 0x1D, 0xC7, 0xF5,
    0x16, 0xE9, 0xC7, 0x46, 0x2E, 0xC7, 0x6C, 0x80, 0xD3, 0xBE, 0xB5, 0xB9, 0xD0, 0x9A, 0xAE, 0x8D,
    0x8A, 0xA6, 0x83, 0xC7, 0x10, 0x87, 0xA8, 0x5D, 0xAB, 0xCF, 0x6C, 0xC2, 0xFF, 0x05, 0x03, 0x00,
    0xCD, 0x7A, 0x3D, 0x90, 0x24, 0xD7, 0x91, 0xDE, 0x57, 0x55, 0xDC, 0x2D, 0x12, 0xA5, 0xD0, 0xA3,
    0xB1, 0x1B, 0x0A, 0x1D, 0x42, 0x2A, 0x47, 0x32, 0x10, 0x12, 0xAF, 0x5C, 0x19, 0x44, 0xBF, 0x22,
    0x60, 0xD0, 0x38, 0x83, 0x63, 0x60, 0xC0, 0x08, 0xC0, 0x58, 0x47, 0x72, 0x0E, 0xC6, 0xC8, 0x0F,
    0xCC, 0x54, 0x01, 0x88, 0x0B, 0x18, 0x32, 0xB0, 0x06, 0xB1, 0x0A, 0xDD, 0x1A, 0x07, 0x83, 0x17,
    0xA1, 0x90, 0xB3, 0x34, 0x65, 0xF4, 0x4C, 0x15, 0x78, 0x06, 0x0D, 0x18, 0xA8, 0x10, 0x29, 0xC9,
    0x80, 0xC1, 0xC2, 0xDD, 0xEE, 0x22, 0x70, 0x30, 0xF0, 0x48, 0x14, 0xC0, 0x37, 0x8B, 0xD7, 0x95,
    0x7A, 0x99, 0x59, 0xDD, 0x75, 0xB3, 0xBB, 0x64, 0x90, 0x12, 0x15, 0x71, 0x1D, 0x33, 0xF5, 0xE5,
    0x4C, 0x77, 0x75, 0xE7, 0x97, 0xF9, 0xF2, 0xE7, 0xE5, 0x6B, 0xE8, 0x63, 0x5A, 0x2E, 0x59, 0x8F,
    0x52, 0x2F, 0x09, 0xF0, 0x0D, 0xAC, 0x8F, 0xEF, 0x02, 0xC9, 0xF8, 0x3C, 0x90, 0xBA, 0x1B, 0x00,
    0xDA, 0xF5, 0x89, 0xB4, 0xC5, 0xB7, 0x90, 0xEB, 0x6D, 0x47, 0x06, 0xEB, 0x5B, 0x11, 0x91, 0xE3,
    0x5F, 0x07, 0xFC, 0x51, 0x7F, 0xF7, 0xEF, 0x8B, 0x94, 0x7A, 0x53, 0xA3, 0x22, 0x6F, 0x81, 0xE6,
    0xCE, 0x8E, 0x6A, 0x04, 0x54, 0x5F, 0xF7, 0xF0, 0x30, 0x3F, 0x1F, 0x81, 0x9B, 0xB7, 0x7E, 0xEA,
    0xD0, 0x11, 0xF5, 0xBE, 0x20, 0xA2, 0xF7, 0x7D, 0x75, 0x1F, 0x05, 0xB9, 0x06, 0xF1, 0x3A, 0x84,
    0x78, 0xED, 0xA1, 0x57, 0xBF, 0x5C, 0xD7, 0xFF, 0x5C, 0xF0, 0xB5, 0xB6, 0x3D, 0x8A, 0xCF, 0x7B,
    0x33, 0xBF, 0x7B, 0x8F, 0xDA, 0x94, 0x88, 0x66, 0xE0, 0x59, 0xA2, 0x9E, 0xD9, 0x15, 0xBF, 0xC7,
    0xF5, 0x7A, 0x1B, 0x7F, 0x69, 0x28, 0x6B, 0x00, 0xAC, 0x64, 0x03, 0x6A, 0x81, 0xEE, 0xCE, 0x4C,
    0x2F, 0x92, 0x83, 0xA8, 0xFA, 0xFE, 0xDD, 0x00, 0x1C, 0x89, 0xB6, 0xE7, 0x60, 0x85, 0xDF, 0x77,
    0xB0, 0x50, 0x9D, 0x51, 0x41, 0xD5, 0x46, 0x59, 0xAB, 0xE6, 0x30, 0xAD, 0x2A, 0x1F, 0x05, 0xD5,
    0xF3, 0x1F, 0x0A, 0xFE, 0x31, 0xA1, 0xAC, 0x83, 0x0A, 0xD5, 0x42, 0x07, 0x16, 0xCA, 0x08, 0xE7,
    0x10, 0x52, 0x6F, 0xDC, 0x0D, 0x10, 0x5E, 0x19, 0x39, 0xA5, 0x96, 0x52, 0xBB, 0xEA, 0xFF, 0x87,
    0x09, 0xCC, 0x57, 0x40, 0x9D, 0x82, 0xC5, 0x2D, 0x7B, 0xC7, 0x60, 0x71, 0x0D, 0xF6, 0xCE, 0x59,
    0xDC, 0xA3, 0x64, 0xBF, 0x26, 0x12, 0xAE, 0x11, 0x85, 0xEA, 0xAF, 0x8E, 0xBB, 0x85, 0x69, 0x50,
    0x12, 0x99, 0x53, 0x34, 0x83, 0xB2, 0xAB, 0x5A, 0x45, 0x8B, 0xBD, 0x23, 0x95, 0xA3, 0x57, 0x8A,
    0x3F, 0x75, 0xCA, 0xF0, 0x2D, 0xB7, 0x10, 0x1C, 0x95, 0x1F, 0x23, 0xBF, 0x2E, 0x73, 0x57, 0x31,
    0xD9, 0x5D, 0x17, 0x44, 0x47, 0x8A, 0xD5, 0x82, 0x38, 0x12, 0x62, 0x7F, 0x3C, 0x5E, 0xA4, 0xBC,
    0x72, 0x1F, 0x54, 0xFF, 0x41, 0x30, 0x9D, 0xE1, 0x19, 0x33, 0xA2, 0x3D, 0x06, 0xC6, 0xE4, 0x98,
    0x84, 0x17, 0x8A, 0x89, 0x79, 0x7D, 0xD0, 0xDA, 0x36, 0xF2, 0x3A, 0xA1, 0x76, 0x71, 0x5C, 0xAA,
    0x7E, 0x5B, 0xF9, 0x3C, 0xC6, 0x2F, 0x9D, 0x5F, 0xBD, 0xCA, 0xAB, 0x9C, 0x15, 0xF7, 0x0E, 0xE3,
    0x2B, 0xCD, 0x35, 0xD0, 0xF0, 0x27, 0x67, 0xF4, 0xE9, 0x6B, 0x04, 0x33, 0x01, 0x4D, 0x6F, 0x5B,
    0xC0, 0x8C, 0x0D, 0xAE, 0x21, 0x73, 0x5B, 0xD0, 0x98, 0xF8, 0x90, 0x51, 0x40, 0xF0, 0xF9, 0x78,
    0x1E, 0xAF, 0x45, 0xBF, 0xC1, 0x36, 0xCA, 0x0D, 0xB6, 0x21, 0xA3, 0x19, 0xDB, 0xF3, 0x24, 0x5E,
    0x83, 0xC5, 0x8D, 0x2D, 0x62, 0xA0, 0x5D, 0xF7, 0xE9, 0x54, 0x10, 0xB9, 0xDC, 0x81, 0xA8, 0xAE,
    0x7A, 0x24, 0xF5, 0x9F, 0x88, 0xB5, 0x6C, 0x00, 0x5F, 0x7B, 0x60, 0x83, 0x7C, 0xE4, 0x6B, 0xE2,
    0x00, 0xBB, 0x5C, 0x59, 0xEF, 0x72, 0x28, 0x47, 0xB6, 0x11, 0xF5, 0x6C, 0x73, 0xD6, 0x17, 0xD7,
    0xF8, 0xCE, 0xC2, 0x25, 0x2D, 0x50, 0x05, 0x7E, 0xCD, 0x77, 0xBF, 0x6B, 0x06, 0xBE, 0xDA, 0x93,
    0x11, 0x95, 0xBF, 0x68, 0x3C, 0x8A, 0xBF, 0x9D, 0xA6, 0xD7, 0x01, 0x33, 0xF0, 0xB5, 0xAB, 0x3B,
    0x8F, 0x82, 0xE6, 0x6A, 0x64, 0x2F, 0x0C, 0xC8, 0x76, 0x38, 0xF1, 0x30, 0x23, 0x92, 0x1D, 0x2A,
    0x26, 0x8B, 0x33, 0x76, 0x64, 0xBB, 0x05, 0x60, 0xFA, 0x20, 0x57, 0x0F, 0xA0, 0xB8, 0x72, 0xD5,
    0xFF, 0xCB, 0x6B, 0x5A, 0x7E, 0xBD, 0x85, 0xAD, 0x81, 0x0E, 0xE5, 0x88, 0x2C, 0x20, 0xA7, 0x77,
    0x3B, 0x27, 0x39, 0xAE, 0x65, 0x1F, 0x78, 0x31, 0xF8, 0x5C, 0x8B, 0xE3, 0x47, 0x20, 0x99, 0x5F,
    0x9D, 0xC0, 0x7C, 0x42, 0xBC, 0x8E, 0x38, 0x05, 0xC0, 0x64, 0x91, 0x74, 0x4C, 0xA9, 0xA2, 0x78,
    0x4D, 0xE8, 0xD1, 0xF1, 0x4B, 0xC8, 0xE5, 0x4E, 0xA6, 0x03, 0x58, 0xBE, 0x88, 0x6E, 0xC0, 0x56,
    0xAE, 0x41, 0xAE, 0xFE, 0xF1, 0xEB, 0x51, 0x10, 0x51, 0xAF, 0xFC, 0xDE, 0xC9, 0x64, 0xC1, 0x1F,
    0x57, 0xF5, 0x40, 0x31, 0xB2, 0x07, 0xAB, 0x3E, 0xA3, 0xDB, 0xD7, 0x49, 0xD6, 0x61, 0x10, 0x7B,
    0xDE, 0x66, 0x4B, 0x1E, 0x01, 0xAC, 0x6E, 0xCD, 0xB0, 0xE8, 0xFA, 0x5E, 0xBE, 0x03, 0xE2, 0x4A,
    0xF1, 0x08, 0x15, 0xB5, 0xA2, 0x73, 0xE2, 0x2F, 0xA2, 0x65, 0xD3, 0xDB, 0x38, 0x4D, 0x27, 0x7A,
    0xD1, 0x01, 0xC9, 0xF1, 0x59, 0xEA, 0xEC, 0x4F, 0x27, 0x5C, 0x97, 0x55, 0x97, 0x8D, 0x01, 0x4D,
    0x94, 0x12, 0x1F, 0xA5, 0x4C, 0xDE, 0x79, 0x3E, 0x19, 0xB6, 0x66, 0x92, 0xC0, 0xA0, 0x76, 0x5B,
    0xF5, 0x6A, 0x0F, 0x6C, 0x95, 0x13, 0x13, 0x3A, 0xDF, 0x4B, 0x21, 0x3C, 0x29, 0x79, 0xAF, 0x88,
    0x74, 0xDA, 0x4B, 0xB9, 0x13, 0xC9, 0xE3, 0x3F, 0x74, 0x43, 0x50, 0x89, 0xA8, 0x3E, 0x17, 0xB6,
    0xE8, 0x3C, 0x94, 0x31, 0xC0, 0x5C, 0x81, 0x5C, 0x24, 0x65, 0xCE, 0x92, 0xB0, 0x57, 0x9A, 0x6A,
    0x01, 0x40, 0xAC, 0x30, 0x30, 0x8A, 0x25, 0x14, 0x13, 0x1A, 0xD0, 0x4D, 0xFA, 0xE4, 0xC4, 0x2B,
    0xB9, 0xDA, 0xC1, 0x3C, 0x0C, 0xC5, 0x65, 0x97, 0x12, 0xF5, 0x55, 0xBD, 0x31, 0x7D, 0xF9, 0xC6,
    0xE5, 0xC9, 0xF8, 0x0C, 0x6C, 0x59, 0x3F, 0x23, 0x9F, 0x98, 0x34, 0xD5, 0x4B, 0xAA, 0x4F, 0x47,
    0x15, 0x8D, 0xCC, 0xA3, 0xA0, 0x28, 0xCD, 0xCC, 0xB2, 0xBA, 0xCF, 0xEF, 0xD9, 0xE2, 0x5A, 0x68,
    0xD4, 0xB1, 0x05, 0x05, 0xF1, 0x65, 0x36, 0x36, 0xA4, 0x7C, 0x33, 0x37, 0xD7, 0x5B, 0xCF, 0xB9,
    0x25, 0xFD, 0xF5, 0x84, 0x28, 0xA5, 0x0E, 0xE9, 0x17, 0x0E, 0xDB, 0xC0, 0xEF, 0x9E, 0x7D, 0x31,
    0x8A, 0xE4, 0x91, 0xFD, 0x5D, 0x94, 0x1A, 0x98, 0x5D, 0xCC, 0x2C, 0x0E, 0x5B, 0xFB, 0xA0, 0xEB,
    0x1E, 0x74, 0x6F, 0xCE, 0x27, 0xC1, 0xD0, 0x1C, 0x7F, 0x40, 0x14, 0x12, 0x1A, 0x13, 0xBA, 0x8F,
    0xEA, 0x32, 0xAC, 0x3C, 0xAE, 0x72, 0xE1, 0xA7, 0x57, 0x3E, 0x7C, 0xDB, 0xCA, 0xC9, 0xBC, 0xDB,
    0xB5, 0x2B, 0x2F, 0x5E, 0xED, 0x2B, 0x37, 0x56, 0x78, 0xE5, 0xC7, 0xCF, 0xAF, 0x1C, 0xB9, 0x09,
    0x58, 0x79, 0x02, 0xFF, 0xCC, 0xAD, 0x5C, 0xD1, 0x90, 0x5B, 0xF9, 0xA6, 0x44, 0x6E, 0xE5, 0x5C,
    0xF8, 0xD4, 0xAD, 0xBC, 0x4D, 0x9F, 0xBA, 0x95, 0x7B, 0x19, 0xA5, 0x95, 0x7F, 0xA5, 0x7F, 0x89,
    0x0D, 0xF4, 0xAF, 0xD5, 0x0E, 0x65, 0x9B, 0xBA, 0xD5, 0x16, 0xE6, 0x41, 0xE7, 0x56, 0x7B, 0xE4,
    0x44, 0x6E, 0xB5, 0x09, 0xBA, 0x4F, 0x1C, 0x9E, 0xA5, 0x16, 0x25, 0x07, 0x29, 0x91, 0x97, 0xDF,
    0x9C, 0xBE, 0x9C, 0xB3, 0xCB, 0x8E, 0x60, 0x3E, 0xEA, 0xAB, 0x62, 0x30, 0xF7, 0x7A, 0xFB, 0x67,
    0x7D, 0xF9, 0x83, 0xDE, 0xBC, 0xED, 0xCE, 0x92, 0xEF, 0xDD, 0x7A, 0xE7, 0x17, 0xD7, 0x38, 0xE3,
    0x75, 0xF4, 0x0E, 0x4D, 0xF0, 0x21, 0xA7, 0x28, 0xCC, 0x08, 0xDE, 0x4C, 0x1C, 0xBD, 0x6D, 0xF0,
    0x55, 0xAB, 0x89, 0x41, 0xCB, 0x40, 0x3E, 0x6C, 0xC3, 0x46, 0xF9, 0x86, 0x83, 0xB0, 0x5D, 0x9E,
    0xF2, 0x1B, 0x4E, 0x37, 0x30, 0x3F, 0x75, 0x56, 0x22, 0xDC, 0xBE, 0x35, 0x9A, 0x9F, 0x71, 0xB4,
    0x91, 0xE9, 0x8B, 0x8F, 0xE9, 0xD1, 0x2B, 0x5D, 0xB0, 0x75, 0x5A, 0x57, 0x44, 0x34, 0x7C, 0x0B,
    0x92, 0x1D, 0xEE, 0x47, 0x58, 0x75, 0x06, 0x56, 0xBD, 0x39, 0x4E, 0x0F, 0xBA, 0x87, 0x8A, 0xFA,
    0x45, 0xFF, 0xBF, 0x7A, 0xDF, 0x37, 0x27, 0xE3, 0xC2, 0xE1, 0xFB, 0xBF, 0x9E, 0xBA, 0xB7, 0xDC,
    0x19, 0x92, 0xC8, 0x23, 0x9A, 0xD9, 0xD9, 0x8F, 0xFD, 0x9E, 0xCB, 0x23, 0x97, 0xB9, 0xB0, 0xE7,
    0xB3, 0xF3, 0x99, 0x3B, 0x70, 0xDA, 0xCE, 0xB7, 0xDC, 0xF6, 0xC0, 0xCB, 0x52, 0xBF, 0x72, 0x2B,
    0x66, 0xAC, 0xFC, 0x80, 0xAB, 0x7F, 0xAC, 0x3C, 0xF9, 0x8F, 0x03, 0x57, 0x00, 0x7E, 0xE1, 0xFB,
    0xF6, 0xC8, 0x11, 0x7D, 0xE0, 0xCC, 0x61, 0x9A, 0x47, 0xDE, 0xFF, 0x8D, 0x22, 0x6F, 0x3C, 0xD7,
    0x0D, 0x2B, 0xF7, 0x8E, 0xEA, 0x95, 0x7F, 0xE3, 0xF9, 0xFA, 0x6D, 0xE5, 0x6F, 0x6B, 0x81, 0xC6,
    0x09, 0xD8, 0x9D, 0x40, 0xD5, 0xB4, 0x02, 0x66, 0x14, 0xC8, 0x26, 0x81, 0x37, 0x02, 0x50, 0xEE,
    0x78, 0x2D, 0xA0, 0xA3, 0xB7, 0xE9, 0x1E, 0x92, 0xF9, 0xA4, 0xBF, 0x61, 0xDA, 0xC4, 0x65, 0x23,
    0x4C, 0x2F, 0xAB, 0x3C, 0xEF, 0x6F, 0x1E, 0xFF, 0x30, 0xC2, 0xD0, 0x11, 0xB9, 0x48, 0x64, 0x81,
    0x7C, 0x12, 0x5A, 0xA6, 0x15, 0xA8, 0x94, 0xD7, 0x46, 0xCB, 0xA8, 0x80, 0xE9, 0x2D, 0x43, 0xD5,
    0x0A, 0x58, 0x94, 0x3D, 0xB8, 0x9E, 0xB0, 0x09, 0x0B, 0x29, 0x9D, 0xAF, 0xD0, 0x00, 0xC9, 0x8A,
    0x60, 0xB2, 0xF4, 0x1E, 0xF4, 0x91, 0x88, 0xFA, 0xC5, 0xAD, 0x89, 0xC1, 0x50, 0x60, 0x62, 0x85,
    0x97, 0x82, 0xF2, 0xA2, 0xDB, 0x30, 0xB1, 0xBF, 0xFD, 0x92, 0x39, 0x59, 0xCD, 0x52, 0x55, 0x47,
    0x23, 0x43, 0xE5, 0xC0, 0x50, 0x28, 0x64, 0x9E, 0xA1, 0x7C, 0x73, 0xA7, 0xFC, 0x88, 0xF9, 0xBD,
    0xF5, 0x74, 0x7E, 0xC5, 0xEF, 0xC1, 0x6F, 0xF8, 0x1D, 0xFC, 0xEA, 0x3F, 0x90, 0xDF, 0xEA, 0xA8,
    0xBD, 0xB7, 0x56, 0xD9, 0xAD, 0x72, 0xB5, 0x53, 0xC4, 0xEA, 0x3C, 0x60, 0xF5, 0x20, 0xB0, 0xBA,
    0x11, 0x07, 0x5F, 0x42, 0x58, 0x4B, 0x70, 0x23, 0xE7, 0x3E, 0x85, 0xE8, 0x67, 0x74, 0x8B, 0xC9,
    0x93, 0x8F, 0xD4, 0xC7, 0x48, 0x3D, 0xA3, 0xBF, 0xBE, 0xE7, 0x71, 0x94, 0x32, 0x71, 0xE3, 0x80,
    0xFF, 0x08, 0x60, 0x42, 0xDE, 0xCB, 0x6A, 0xBE, 0x79, 0x7C, 0xEC, 0x91, 0x45, 0x9A, 0xD7, 0x6A,
    0xB9, 0x07, 0xD9, 0xB8, 0x4D, 0x68, 0xDE, 0xCB, 0x1C, 0x0C, 0x7D, 0xEE, 0xC5, 0x30, 0xDE, 0x7C,
    0x4C, 0xCE, 0xB4, 0x8B, 0xDC, 0x5E, 0xFA, 0xC5, 0x44, 0x51, 0xF6, 0xC1, 0xAA, 0x9D, 0x82, 0xF9,
    0x64, 0xDA, 0x2E, 0xC6, 0xDA, 0xE6, 0xE4, 0xB6, 0xCB, 0x8A, 0x38, 0x03, 0xB5, 0xFA, 0x9A, 0x86,
    0xF9, 0x27, 0x7E, 0xB1, 0x5D, 0x39, 0x22, 0x77, 0x6C, 0x40, 0xE3, 0x91, 0xCF, 0xEF, 0x76, 0xE3,
    0x62, 0xC5, 0x84, 0x88, 0x6A, 0x35, 0x25, 0xC7, 0xFA, 0xB4, 0xDA, 0x33, 0x91, 0xAA, 0x94, 0x13,
    0x8D, 0x60, 0x96, 0xCA, 0xFB, 0x76, 0x4A, 0x03, 0xD8, 0x7F, 0x66, 0x42, 0xCA, 0x51, 0xB2, 0x58,
    0xA6, 0x51, 0x10, 0xA6, 0x92, 0xBC, 0x6F, 0xE0, 0x06, 0x8A, 0x21, 0xA5, 0x17, 0xB8, 0xD3, 0x35,
    0xF4, 0x01, 0x4D, 0x99, 0xAB, 0xDE, 0xF9, 0xF0, 0xFD, 0x90, 0xBA, 0x4D, 0xF1, 0x61, 0x7B, 0x9A,
    0x4C, 0x5B, 0xF3, 0xE1, 0xC3, 0x19, 0x53, 0x30, 0x6F, 0xD3, 0x0C, 0x1F, 0xCC, 0x1B, 0x74, 0x0A,
    0xEF, 0x4D, 0x8F, 0x6D, 0x84, 0xDC, 0xA7, 0x21, 0x02, 0xE7, 0xEC, 0x08, 0x5C, 0xC7, 0x93, 0x49,
    0xF6, 0x27, 0x9C, 0x8B, 0x93, 0xF7, 0xA4, 0x11, 0x4C, 0x79, 0x2D, 0x6D, 0x38, 0x33, 0x9B, 0xA1,
    0xAA, 0xCD, 0x0E, 0x55, 0x6F, 0x2E, 0xBB, 0xCF, 0x1F, 0x12, 0x32, 0x22, 0x59, 0xDD, 0x9D, 0x4F,
    0xA4, 0xC8, 0x5E, 0x3B, 0xD6, 0x42, 0xC4, 0x6E, 0x63, 0x2A, 0x34, 0x21, 0x9D, 0x6F, 0xE3, 0xD9,
    0x9D, 0x16, 0xED, 0x46, 0xDB, 0xD0, 0xAA, 0x16, 0x30, 0x6D, 0x3E, 0x5C, 0x7B, 0x09, 0xEC, 0x4E,
    0x22, 0x2F, 0x3B, 0x1F, 0x26, 0x6F, 0xE6, 0x3A, 0xE9, 0x02, 0x9E, 0xA9, 0x81, 0x74, 0x77, 0x20,
    0xCD, 0x34, 0xCB, 0x5E, 0x68, 0x16, 0x83, 0xD2, 0x1C, 0x85, 0x66, 0xA6, 0x34, 0x53, 0x27, 0x34,
    0x93, 0xFF, 0x47, 0x9A, 0xEE, 0xF7, 0xA2, 0xA9, 0x1E, 0xC3, 0xEA, 0x35, 0x1C, 0x3C, 0x07, 0x88,
    0xF7, 0xF4, 0x75, 0x10, 0x0F, 0x16, 0x93, 0x88, 0xAB, 0x17, 0xAF, 0x78, 0x72, 0xF5, 0xE6, 0xE2,
    0x51, 0x01, 0xF5, 0x2A, 0x4B, 0x8B, 0x67, 0xBF, 0x93, 0x50, 0xBD, 0x78, 0xD7, 0x16, 0xB4, 0xF7,
    0xF0, 0x59, 0xF9, 0x91, 0xDF, 0x7B, 0xB9, 0x72, 0x61, 0xF1, 0xF4, 0xF6, 0x99, 0x70, 0xB6, 0x98,
    0x61, 0x8B, 0xAD, 0x5D, 0x4C, 0x71, 0x86, 0x60, 0x17, 0x73, 0xD8, 0xFF, 0x1C, 0xAA, 0xC5, 0x24,
    0x86, 0x5C, 0xA5, 0x66, 0x89, 0xD7, 0xB6, 0x5A, 0x4C, 0xC3, 0x3A, 0x2D, 0xE6, 0x01, 0x60, 0xD5,
    0x44, 0x22, 0xAA, 0x99, 0x98, 0xF3, 0x66, 0x31, 0x15, 0x80, 0xF3, 0xAA, 0x15, 0x73, 0x31, 0x41,
    0xF3, 0xA8, 0xFB, 0xFC, 0xEF, 0x09, 0x78, 0xE6, 0x64, 0xDA, 0x9B, 0xAD, 0xA2, 0x61, 0x6F, 0xBA,
    0x72, 0x46, 0x4A, 0x48, 0x3A, 0x96, 0x0D, 0x0D, 0x95, 0xD8, 0xAC, 0xFA, 0xE4, 0x0B, 0xBA, 0xE4,
    0x18, 0xB1, 0x20, 0x0F, 0x94, 0x0E, 0x1B, 0x74, 0x7F, 0x51, 0x23, 0x0D, 0x78, 0x2E, 0x95, 0x57,
    0x5C, 0x88, 0xA5, 0x69, 0x84, 0x05, 0xCA, 0x4B, 0x94, 0x1E, 0x15, 0x60, 0x5B, 0xB6, 0x67, 0x59,
    0x63, 0x07, 0x7E, 0x85, 0x69, 0x25, 0x61, 0xDA, 0x28, 0x14, 0x6E, 0x11, 0xCA, 0x31, 0x2A, 0x5E,
    0xC1, 0xD4, 0xD6, 0xA5, 0x2E, 0x0A, 0x65, 0xBD, 0x71, 0xE9, 0x04, 0x0B, 0xEE, 0x2E, 0x32, 0x8F,
    0x4D, 0x14, 0x93, 0x29, 0x0B, 0x38, 0x47, 0xE0, 0x76, 0xB6, 0xBB, 0x1B, 0x9E, 0xF5, 0xEC, 0xCA,
    0x92, 0x5C, 0x33, 0x02, 0x25, 0x1B, 0xA5, 0xA9, 0x0F, 0xAD, 0x63, 0x49, 0x34, 0xA8, 0x2A, 0x33,
    0x78, 0xA1, 0x5E, 0xA7, 0x1E, 0x45, 0x0B, 0x94, 0x8B, 0x8B, 0x83, 0x00, 0xBA, 0xC7, 0x82, 0x54,
    0xA0, 0x18, 0x78, 0x13, 0xA8, 0x1D, 0x16, 0x37, 0x3D, 0xD9, 0xFC, 0x97, 0x54, 0xA7, 0xCE, 0x38,
    0x54, 0x7D, 0x32, 0x55, 0x2D, 0x8A, 0x11, 0x93, 0xE5, 0x74, 0x2E, 0xED, 0x7D, 0x32, 0x69, 0xAF,
    0xEF, 0x0F, 0xE0, 0x17, 0x48, 0x6A, 0x4C, 0x98, 0x7C, 0xE3, 0x93, 0x29, 0x71, 0x33, 0xED, 0xD2,
    0xC8, 0xAD, 0x73, 0x4D, 0x7C, 0x47, 0xD7, 0xB4, 0x55, 0x3E, 0xE6, 0xA3, 0x85, 0x35, 0xCE, 0xF4,
    0xB1, 0x4D, 0x32, 0xBB, 0xAE, 0xCD, 0x28, 0xD8, 0x86, 0xAB, 0xE3, 0x78, 0xCA, 0x7A, 0x16, 0x33,
    0x37, 0xD2, 0xA0, 0xB9, 0x20, 0x6A, 0xB3, 0xF9, 0x47, 0xB1, 0xAD, 0x1A, 0xCD, 0x88, 0x19, 0xF9,
    0x64, 0xEB, 0x74, 0x42, 0x12, 0x36, 0xE2, 0xE0, 0xF3, 0x2D, 0x72, 0xDE, 0xB2, 0x05, 0x98, 0x5F,
    0x00, 0x36, 0x02, 0xB5, 0xB0, 0x9E, 0xDD, 0x86, 0xCA, 0x23, 0x7D, 0xCB, 0x31, 0x80, 0xED, 0x1A,
    0x04, 0xEC, 0x56, 0x94, 0xB7, 0x67, 0x02, 0xA7, 0x56, 0x28, 0x87, 0x72, 0xE0, 0x6D, 0x89, 0x2F,
    0xE6, 0x3B, 0x74, 0xAD, 0x1B, 0x13, 0xA2, 0x60, 0xA4, 0xD1, 0xB9, 0x6D, 0xD8, 0xD5, 0x3B, 0x14,
    0x52, 0xB7, 0x5B, 0x4B, 0x03, 0x62, 0x5D, 0xEB, 0xEE, 0x46, 0xFF, 0x64, 0x63, 0x48, 0x27, 0x20,
    0xFB, 0x55, 0xA4, 0x19, 0xEB, 0xDA, 0xAF, 0xBF, 0x94, 0x44, 0xFE, 0x6B, 0x9A, 0x15, 0x68, 0xC4,
    0x45, 0x2D, 0xBE, 0x91, 0x52, 0xB3, 0xCB, 0x07, 0x86, 0x8D, 0xE9, 0x71, 0x0D, 0xB0, 0xA6, 0x4D,
    0xC9, 0xA3, 0x32, 0x6D, 0x41, 0x73, 0x84, 0xDE, 0x0C, 0x0D, 0x6C, 0x84, 0xB6, 0xC2, 0x59, 0x1E,
    0x8D, 0xB2, 0xC1, 0x2E, 0xA5, 0xBB, 0xE3, 0x7C, 0xC2, 0x9D, 0xFC, 0x48, 0x34, 0xB2, 0x57, 0xBA,
    0xF9, 0xE0, 0xE2, 0x4A, 0x5C, 0x5C, 0xA8, 0x8B, 0x2B, 0x75, 0xB1, 0x61, 0x17, 0x3B, 0x7C, 0x63,
    0x75, 0x31, 0x2E, 0x14, 0xAC, 0x42, 0xD9, 0xA6, 0x9C, 0xF2, 0x4C, 0x5F, 0x11, 0x4D, 0x91, 0x76,
    0x37, 0xBF, 0xB6, 0xE3, 0x5A, 0x63, 0xD1, 0x20, 0x73, 0xBE, 0x82, 0x8D, 0x10, 0x2C, 0xAA, 0x08,
    0x0D, 0xDD, 0x6E, 0xB8, 0x97, 0x26, 0xDA, 0x45, 0xB0, 0x77, 0x68, 0x8A, 0x70, 0xC1, 0xD5, 0x2A,
    0xD5, 0xB6, 0x59, 0x81, 0xEF, 0xE3, 0xDD, 0x18, 0x43, 0x36, 0x4A, 0xF3, 0x95, 0x73, 0xBD, 0xDB,
    0xA2, 0x70, 0x30, 0x7D, 0xC3, 0xF5, 0xC5, 0xD6, 0x55, 0xEC, 0x89, 0xEF, 0xCE, 0x28, 0x68, 0x57,
    0x91, 0x47, 0x42, 0x63, 0x4E, 0x2D, 0x6B, 0x7F, 0x89, 0xEE, 0x52, 0x73, 0x12, 0x97, 0x3B, 0x64,
    0x8F, 0xE8, 0xDD, 0xEA, 0xF2, 0x9E, 0x83, 0xF9, 0x60, 0x64, 0x95, 0x02, 0xAA, 0x93, 0x16, 0x01,
    0xD8, 0x61, 0x63, 0x25, 0xC8, 0x2D, 0xB6, 0x5B, 0x71, 0xBB, 0x45, 0x08, 0xC8, 0x7F, 0x21, 0xB3,
    0xA4, 0x80, 0x82, 0xD9, 0xD7, 0xDE, 0xC3, 0xC8, 0x28, 0x2A, 0x0A, 0xC9, 0x9B, 0x93, 0x0A, 0x80,
    0x8F, 0x42, 0x08, 0x2C, 0xF0, 0x8B, 0xB7, 0x22, 0x54, 0x38, 0x3D, 0xD3, 0xD5, 0x00, 0x6B, 0x6B,
    0x5E, 0x08, 0x17, 0x28, 0x7F, 0x30, 0xC2, 0x0C, 0x69, 0x80, 0xF9, 0x59, 0x5C, 0x05, 0x7F, 0x11,
    0xD5, 0xC8, 0xDE, 0x8F, 0xEC, 0x0D, 0xF5, 0x52, 0x0A, 0x47, 0xB3, 0x83, 0x98, 0x7F, 0xDD, 0xAD,
    0x25, 0xC4, 0xD6, 0x81, 0xE1, 0xFD, 0x5C, 0x0B, 0x33, 0x8A, 0xF9, 0x0B, 0x00, 0x12, 0xE2, 0xEC,
    0xF4, 0x2B, 0xE6, 0xAF, 0x6A, 0x4E, 0x2C, 0xEC, 0x26, 0x26, 0x6B, 0xFA, 0x74, 0x3E, 0x71, 0x32,
    0x11, 0x49, 0x3C, 0xF2, 0x01, 0x35, 0x42, 0xA4, 0x76, 0x7C, 0x7C, 0xCC, 0x40, 0x44, 0x61, 0x85,
    0xFC, 0x52, 0x5A, 0x23, 0xD3, 0x4B, 0xDD, 0xAF, 0xB4, 0xE4, 0x5B, 0x8D, 0xDA, 0x8D, 0x7A, 0x96,
    0x81, 0xD9, 0x30, 0xCC, 0xD2, 0x21, 0x65, 0x41, 0xF7, 0x9C, 0x0E, 0xB1, 0x11, 0x79, 0x8D, 0x5A,
    0xB1, 0xF3, 0x4E, 0xC7, 0x2A, 0xFB, 0x4C, 0xFE, 0xCD, 0x83, 0x66, 0x6B, 0xAE, 0xC7, 0xBC, 0x66,
    0x09, 0xB0, 0x1B, 0x97, 0x7D, 0x6C, 0x4A, 0x6D, 0xC2, 0x34, 0xC9, 0xF1, 0xC0, 0xAF, 0x7A, 0xE8,
    0xCB, 0x87, 0x81, 0x1D, 0x62, 0x71, 0x86, 0xE7, 0xF0, 0xBC, 0x3D, 0xB2, 0xC0, 0xB5, 0x33, 0x4B,
    0x27, 0x3C, 0x1B, 0xB1, 0x44, 0x28, 0x69, 0xDE, 0x5C, 0x27, 0xD8, 0x41, 0xF4, 0xBA, 0x00, 0xCA,
    0x37, 0x08, 0x81, 0xED, 0x45, 0x35, 0x87, 0x24, 0x7D, 0xD8, 0x46, 0x40, 0xEC, 0x94, 0x82, 0x2A,
    0x71, 0xBE, 0x70, 0xA8, 0x95, 0x03, 0x67, 0x01, 0x9E, 0x66, 0x7C, 0xFA, 0xE7, 0xE4, 0xB4, 0x4E,
    0xD7, 0xAC, 0x3C, 0xDD, 0x86, 0x3E, 0xFE, 0x95, 0xC2, 0xD9, 0xAA, 0xB5, 0x90, 0xBE, 0xAA, 0xB5,
    0xF2, 0x52, 0xE5, 0x47, 0x55, 0x3E, 0xC4, 0x54, 0xEE, 0xCD, 0xC3, 0x99, 0x95, 0xE7, 0x35, 0xBF,
    0xE1, 0x2C, 0x50, 0x89, 0xF2, 0x47, 0x50, 0xE5, 0x07, 0x94, 0x0C, 0x9E, 0x95, 0xC7, 0xF5, 0x59,
    0xE3, 0xC8, 0x22, 0x30, 0x94, 0xAC, 0x3C, 0xBB, 0x71, 0x01, 0xFD, 0xE7, 0x1F, 0xAA, 0x3C, 0x80,
    0x97, 0x56, 0xB1, 0xA3, 0xCB, 0xBD, 0x58, 0xD2, 0x3A, 0x09, 0xA0, 0x4B, 0x9E, 0x0E, 0x1D, 0xF8,
    0xA5, 0xB4, 0xC8, 0x3F, 0x81, 0xD4, 0x95, 0xB5, 0x1C, 0x0F, 0xAB, 0x9C, 0xB9, 0x55, 0x4E, 0x7D,
    0x4A, 0x75, 0xA2, 0x6D, 0x3B, 0x82, 0xA1, 0xA1, 0xD1, 0xA1, 0x50, 0xE4, 0xFD, 0xC9, 0x6F, 0xE8,
    0xD1, 0xCB, 0xB2, 0x2B, 0x3F, 0xD5, 0x7A, 0x96, 0x90, 0x56, 0xCB, 0xEE, 0x5D, 0xA0, 0xA2, 0x1E,
    0xB0, 0x5A, 0xD5, 0xE4, 0x06, 0x2B, 0xD5, 0xE4, 0xE7, 0xBB, 0x94, 0x8D, 0x2A, 0xB5, 0xED, 0xEB,
    0x11, 0x22, 0x73, 0x79, 0xA3, 0x5E, 0xE5, 0x1D, 0x33, 0x69, 0x45, 0x5E, 0x8A, 0xDC, 0xBA, 0x51,
    0x50, 0xD9, 0x96, 0x23, 0x8E, 0xD8, 0xD6, 0x37, 0xA2, 0xBC, 0x54, 0x3B, 0x6C, 0x81, 0x33, 0x2D,
    0x78, 0x52, 0x24, 0xB7, 0x52, 0xF3, 0x6C, 0x0F, 0x42, 0x12, 0xA4, 0xEC, 0x75, 0x63, 0x4A, 0x6D,
    0xEE, 0x30, 0x9F, 0xD0, 0x5D, 0x9A, 0x4F, 0x3E, 0xBF, 0xEC, 0x06, 0x2D, 0x7E, 0x44, 0x7F, 0x43,
    0x54, 0x6B, 0xFD, 0x2B, 0x77, 0xB2, 0x37, 0xAB, 0x66, 0xE0, 0x1E, 0x8D, 0xD5, 0x0E, 0x29, 0x71,
    0xE5, 0xE6, 0x47, 0x5F, 0xFC, 0xE6, 0xAB, 0xAF, 0x98, 0xEE, 0xE5, 0x89, 0x2B, 0xDF, 0xE9, 0xBB,
    0x4B, 0x70, 0xF4, 0x4D, 0xD6, 0xB4, 0xCD, 0xBB, 0x35, 0xB7, 0x70, 0xE1, 0xFC, 0x99, 0xEF, 0x11,
    0xCD, 0xDC, 0x19, 0x86, 0x80, 0x8C, 0x3D, 0x50, 0x12, 0x45, 0xD1, 0xB0, 0x27, 0x29, 0x8A, 0x5E,
    0x89, 0x72, 0xC3, 0xE8, 0x65, 0x35, 0x74, 0x6C, 0x72, 0x9F, 0xFA, 0xBD, 0x27, 0x42, 0x76, 0x60,
    0x19, 0x8C, 0xC3, 0x8F, 0x51, 0xB1, 0xB8, 0xB5, 0x0E, 0x5E, 0xC5, 0xCD, 0x9F, 0x3A, 0x04, 0x5D,
    0x1E, 0x55, 0xEA, 0x92, 0x28, 0x4A, 0x77, 0xF9, 0xBE, 0xCF, 0x66, 0xB0, 0x1F, 0xBE, 0x99, 0x0F,
    0xF3, 0xAD, 0xCF, 0xFF, 0xD7, 0x4C, 0x0F, 0x5E, 0x09, 0x69, 0xDD, 0xD0, 0x0F, 0xC8, 0xE9, 0x74,
    0xC8, 0xEC, 0x22, 0xBB, 0xEB, 0x44, 0xAB, 0x8F, 0xED, 0x41, 0x42, 0x58, 0xC5, 0x69, 0x75, 0xBB,
    0x7B, 0x9A, 0x98, 0xF8, 0x83, 0x08, 0xBA, 0x7B, 0x10, 0x1B, 0x3A, 0x88, 0xE5, 0xAC, 0x39, 0xF9,
    0x2B, 0xFE, 0xAC, 0x4E, 0x07, 0xC4, 0x41, 0xB3, 0xF2, 0xA7, 0xDD, 0x1D, 0x5A, 0xD2, 0x72, 0x40,
    0xD5, 0x6A, 0x5E, 0xF6, 0x30, 0xFD, 0x92, 0x98, 0x8F, 0x6F, 0xF5, 0x92, 0x99, 0x13, 0x9E, 0x2D,
    0x4B, 0x6A, 0x36, 0xA4, 0x92, 0xA6, 0x4A, 0x48, 0x72, 0x96, 0x18, 0x95, 0xEC, 0x1C, 0x54, 0xE2,
    0x8B, 0xD0, 0x08, 0x7B, 0x69, 0xBB, 0x5D, 0x24, 0xCD, 0xD0, 0x81, 0x25, 0x49, 0xD1, 0x72, 0x6F,
    0x79, 0x6B, 0x94, 0x02, 0x8F, 0xA3, 0x82, 0x93, 0xF4, 0x5F, 0xC5, 0x49, 0xFA, 0x98, 0xBD, 0x41,
    0xB4, 0x13, 0x9F, 0x71, 0x9A, 0x1E, 0xF0, 0x6F, 0x68, 0x3E, 0xB0, 0x3F, 0xD8, 0x24, 0x1B, 0xD6,
    0xD6, 0xF5, 0x20, 0xB5, 0xAB, 0xF4, 0xE4, 0xB3, 0xC5, 0xE5, 0x4F, 0xF6, 0xF7, 0xD2, 0xC1, 0x88,
    0xDD, 0xA8, 0x78, 0xED, 0xB1, 0x97, 0xDB, 0x05, 0x3B, 0x85, 0x24, 0x28, 0x66, 0x93, 0xA2, 0x11,
    0xD5, 0x5A, 0x59, 0xA0, 0x44, 0xDC, 0xC8, 0xEE, 0xC7, 0x25, 0xAD, 0x4C, 0x4A, 0x7A, 0xB3, 0x0C,
    0x7A, 0x8A, 0x5E, 0xE7, 0x3C, 0xC0, 0x7E, 0x34, 0xB2, 0x9F, 0x8A, 0xEC, 0x07, 0x22, 0xFB, 0x59,
    0xC8, 0x7E, 0x0C, 0x72, 0x18, 0x7A, 0x2C, 0xB8, 0x9F, 0x7B, 0x2C, 0x23, 0x8F, 0x7E, 0x99, 0x76,
    0xB4, 0xCB, 0xA0, 0x03, 0xCB, 0x6C, 0x07, 0xCB, 0x78, 0x63, 0x9D, 0xEC, 0xE8, 0x28, 0x1B, 0xA5,
    0xC4, 0x3B, 0x9B, 0x53, 0x82, 0xA9, 0xE6, 0x81, 0x2C, 0x7F, 0xA4, 0x1D, 0xA4, 0x58, 0xE4, 0xD3,
    0x15, 0x82, 0x17, 0x8F, 0x17, 0xB8, 0xD5, 0x9A, 0x6C, 0x9B, 0x8A, 0xC6, 0x08, 0x19, 0x91, 0x6C,
    0x81, 0xE7, 0x97, 0xDF, 0x8B, 0x20, 0xD1, 0x12, 0x79, 0x42, 0x20, 0xE8, 0x2B, 0x15, 0x5A, 0xBF,
    0xE6, 0x57, 0x54, 0x50, 0xDF, 0x63, 0xAB, 0x95, 0xF4, 0x4C, 0x6B, 0x12, 0xDF, 0xCE, 0xAD, 0xC5,
    0x24, 0x46, 0xD7, 0x63, 0x01, 0xDD, 0x75, 0x1F, 0x0E, 0x0C, 0xD6, 0x87, 0x57, 0x65, 0xA9, 0x15,
    0x24, 0xAF, 0x3A, 0x93, 0xC0, 0xB6, 0xEA, 0x05, 0x72, 0x27, 0xA0, 0x85, 0xE3, 0xCC, 0xCC, 0x0C,
    0x96, 0x1A, 0x86, 0x72, 0x27, 0x54, 0x92, 0x9A, 0xDD, 0x7C, 0xCC, 0x56, 0x15, 0x46, 0xD9, 0x98,
    0xCA, 0xE8, 0xDE, 0x99, 0xCB, 0xC3, 0x64, 0x9B, 0x7B, 0x24, 0x08, 0x6C, 0x15, 0x82, 0x82, 0xDF,
    0x43, 0x52, 0x3F, 0xD6, 0x23, 0xE5, 0xC3, 0xD2, 0x23, 0x59, 0x18, 0xA6, 0xC5, 0x3D, 0xD2, 0x1D,
    0xD2, 0x1E, 0x29, 0x70, 0x8F, 0x94, 0xEA, 0x5E, 0xF5, 0x25, 0x9D, 0xBA, 0xB1, 0x8F, 0x52, 0x92,
    0x32, 0x52, 0xD0, 0xED, 0xA4, 0xD3, 0xED, 0x4D, 0x1E, 0x90, 0xFC, 0xD6, 0x56, 0x3E, 0xE7, 0x13,
    0x08, 0x56, 0x30, 0x25, 0xE2, 0x58, 0xE0, 0xE5, 0x06, 0xF8, 0x62, 0x28, 0x7A, 0x20, 0x68, 0x4C,
    0x84, 0xD8, 0xB9, 0x8E, 0x11, 0x3A, 0xA2, 0x08, 0xDB, 0x05, 0x32, 0x26, 0xC6, 0x63, 0x50, 0x81,
    0x0A, 0x02, 0x56, 0x80, 0xD7, 0xD9, 0x91, 0x82, 0x07, 0xBC, 0x45, 0x12, 0x84, 0x7B, 0xCA, 0x9B,
    0x85, 0xB2, 0xCF, 0x66, 0x9E, 0xB5, 0x5E, 0x9E, 0x7C, 0xFE, 0x50, 0x0E, 0x26, 0xFF, 0x8C, 0x66,
    0x19, 0x99, 0x75, 0xE3, 0x53, 0xA6, 0x66, 0x93, 0x80, 0x25, 0x81, 0xAA, 0x19, 0x04, 0x8A, 0x49,
    0x00, 0x3B, 0x81, 0x37, 0x89, 0x6F, 0x37, 0xF4, 0x79, 0x9F, 0x72, 0x8F, 0xF8, 0xF6, 0x90, 0x47,
    0x0E, 0x37, 0x32, 0x97, 0xF7, 0x91, 0x43, 0xE2, 0x94, 0xC3, 0xA4, 0x1C, 0xBC, 0x2A, 0x1F, 0x7E,
    0x37, 0x07, 0x81, 0xA7, 0x70, 0x48, 0xA6, 0x2B, 0x1C, 0x46, 0xE6, 0xF0, 0xA0, 0xEB, 0x85, 0x03,
    0x29, 0x87, 0x09, 0x8F, 0x3F, 0xD6, 0xF4, 0x72, 0x90, 0xCA, 0xE1, 0x89, 0x9D, 0x73, 0x1A, 0xF6,
    0x52, 0x31, 0x02, 0x6B, 0xA8, 0x08, 0x6A, 0xB2, 0x52, 0xDF, 0x0E, 0x48, 0x65, 0xC3, 0xF6, 0x72,
    0xCC, 0x0D, 0x86, 0x37, 0x9A, 0xAD, 0x94, 0xDD, 0xBB, 0x4E, 0xE2, 0x8C, 0x3E, 0xDB, 0x25, 0x1E,
    0x01, 0x37, 0x60, 0x5F, 0x08, 0x11, 0x7D, 0x4E, 0x6D, 0xD9, 0x06, 0xF0, 0xA9, 0x16, 0x39, 0xD3,
    0x7B, 0x9C, 0x22, 0xD8, 0x17, 0x27, 0xD3, 0xFF, 0x18, 0x1B, 0xE6, 0xE8, 0xD9, 0xCF, 0x1B, 0xD8,
    0x83, 0x44, 0xF4, 0x7D, 0x27, 0x52, 0xF6, 0x05, 0xD1, 0xC8, 0x96, 0x79, 0xDE, 0xF4, 0x0D, 0xD5,
    0x65, 0xCB, 0x5D, 0xC0, 0x80, 0x23, 0x09, 0xE4, 0x50, 0x79, 0x6D, 0x37, 0x92, 0xC0, 0xD5, 0x3C,
    0x97, 0x09, 0x3B, 0xCA, 0xF9, 0x4E, 0xE7, 0xB2, 0xBF, 0xEE, 0x46, 0xD1, 0xB4, 0xCD, 0x97, 0xC3,
    0xA5, 0xFB, 0x48, 0x35, 0xAC, 0x92, 0x97, 0x94, 0xA1, 0x06, 0x62, 0x22, 0x65, 0x17, 0xC8, 0xE8,
    0x7E, 0xD2, 0x4D, 0x9A, 0x88, 0x99, 0x1B, 0x98, 0x76, 0x53, 0x5F, 0x4D, 0x9E, 0xF9, 0xA8, 0x98,
    0xB9, 0x84, 0xCA, 0x1D, 0x17, 0xAA, 0x42, 0xDB, 0x94, 0x50, 0x7E, 0x32, 0x9F, 0xF4, 0x11, 0x6D,
    0xE6, 0x32, 0xF6, 0xA9, 0xEE, 0xD9, 0x70, 0xBA, 0x95, 0x39, 0x22, 0x36, 0xC1, 0x12, 0x31, 0xFA,
    0x3D, 0xF2, 0x28, 0x86, 0xB1, 0x18, 0x14, 0x4D, 0x2B, 0x18, 0xCA, 0x1A, 0xE0, 0xFB, 0xB4, 0xF3,
    0xD8, 0xBE, 0xAE, 0x5D, 0x47, 0xD8, 0x94, 0xC0, 0x8E, 0x19, 0x9B, 0x16, 0x33, 0x4F, 0x83, 0x3F,
    0x1C, 0x38, 0x45, 0xBA, 0xFC, 0xE7, 0xBB, 0x13, 0x62, 0xEF, 0xBF, 0x21, 0x1D, 0x86, 0xCE, 0x08,
    0x3B, 0x0F, 0xE9, 0xA6, 0x78, 0x07, 0x45, 0x63, 0x43, 0xD2, 0x04, 0x7F, 0x4D, 0x9F, 0xDE, 0xDB,
    0xC1, 0x82, 0x49, 0x76, 0xF5, 0x06, 0xDD, 0x31, 0x50, 0xF6, 0xCF, 0x25, 0x44, 0x13, 0xF3, 0x62,
    0xF7, 0x89, 0xF5, 0xA2, 0x19, 0xFA, 0xC4, 0xC1, 0x4A, 0x2D, 0x98, 0xA0, 0x36, 0xF5, 0xE9, 0xA4,
    0x98, 0xB3, 0x79, 0x22, 0x1A, 0xCF, 0x98, 0x4C, 0x56, 0xC3, 0xD6, 0xFD, 0x13, 0x41, 0x3D, 0xAA,
    0x2B, 0x86, 0x7C, 0x44, 0xC7, 0x3D, 0x6D, 0xD9, 0xC3, 0xC6, 0x41, 0xC4, 0x75, 0x62, 0x45, 0x28,
    0x98, 0x20, 0x09, 0xF0, 0xB6, 0x19, 0x7F, 0x7B, 0xE6, 0x73, 0x02, 0x17, 0x3B, 0x81, 0x2D, 0x3B,
    0x60, 0x0D, 0x8D, 0xCC, 0x69, 0xE6, 0x9B, 0x34, 0x1A, 0x83, 0x66, 0xBE, 0x53, 0x06, 0x70, 0x4F,
    0x5F, 0x51, 0x8B, 0x8A, 0xBD, 0xDE, 0xA3, 0xE4, 0xC5, 0xC9, 0x5B, 0x2D, 0xED, 0x5D, 0xDA, 0xE6,
    0xD0, 0x01, 0xAF, 0x50, 0x5F, 0x4D, 0xE2, 0x7E, 0xED, 0x9C, 0x71, 0x2E, 0x49, 0x3C, 0xD1, 0x24,
    0x1E, 0x39, 0x1B, 0x07, 0xD8, 0x11, 0x39, 0x6F, 0x4F, 0xEA, 0xC7, 0x93, 0x38, 0xA7, 0x3F, 0x1D,
    0x4A, 0xDB, 0x87, 0x04, 0x9C, 0xF1, 0x08, 0xE5, 0x75, 0x98, 0x5E, 0x7A, 0x0D, 0x7E, 0x6D, 0x5F,
    0x50, 0xBC, 0xD8, 0xFB, 0xFB, 0x50, 0x0B, 0x07, 0xDE, 0xEB, 0x25, 0x1C, 0x8A, 0x94, 0xE5, 0xA6,
    0xA1, 0x94, 0x7E, 0x41, 0x22, 0x4D, 0x03, 0x2F, 0x9D, 0xF6, 0xBD, 0x81, 0x51, 0x46, 0x87, 0x4B,
    0x2F, 0x2D, 0xC0, 0x7F, 0x05, 0x32, 0x51, 0x8A, 0xFD, 0x9B, 0xEC, 0xB7, 0x7E, 0x6C, 0x68, 0xDD,
    0x79, 0x17, 0xBC, 0xF5, 0x1B, 0x50, 0x8C, 0x3A, 0x01, 0x5D, 0x83, 0x1D, 0xCD, 0x6F, 0x19, 0xAE,
    0x68, 0x95, 0x56, 0x70, 0x52, 0x4E, 0x52, 0x27, 0x83, 0xAD, 0x64, 0x2A, 0xB8, 0x40, 0x62, 0xAA,
    0xE4, 0x45, 0xDE, 0x42, 0xE0, 0x5C, 0x21, 0x5C, 0x01, 0x8D, 0xB8, 0x89, 0x77, 0xDE, 0x52, 0x6A,
    0xB8, 0xAA, 0x44, 0xC8, 0x5D, 0x94, 0xCE, 0x50, 0x4C, 0x5C, 0x55, 0x6A, 0xC3, 0x8D, 0x5A, 0xA9,
    0x55, 0x25, 0xD7, 0xAA, 0x22, 0x9D, 0x74, 0xBC, 0x85, 0xEA, 0x54, 0x46, 0x43, 0xE4, 0x1A, 0x66,
    0x53, 0x7D, 0xF4, 0x55, 0x1C, 0x55, 0x87, 0x65, 0x19, 0x13, 0x36, 0x68, 0xDE, 0x65, 0xD5, 0x9F,
    0x83, 0x25, 0x27, 0xBA, 0x37, 0xB4, 0x93, 0x30, 0x9D, 0x13, 0x59, 0xCE, 0xA9, 0x47, 0xD5, 0x66,
    0xCE, 0x4B, 0xFD, 0x4A, 0x1D, 0x51, 0xAF, 0xC8, 0x16, 0x89, 0xB8, 0x3D, 0x62, 0xCC, 0xDC, 0x29,
    0x33, 0x8F, 0x68, 0x19, 0xDB, 0x62, 0x28, 0x7B, 0x9D, 0xDE, 0x17, 0x13, 0x92, 0x19, 0x5D, 0x9D,
    0xF2, 0xA7, 0x72, 0xC3, 0xCE, 0x5A, 0x58, 0x2F, 0xAE, 0x17, 0x47, 0xA5, 0x44, 0xE3, 0xE1, 0x28,
    0xFA, 0x33, 0x9E, 0x84, 0x87, 0x58, 0xB5, 0x5C, 0x39, 0x1A, 0x3E, 0x60, 0x6B, 0xE3, 0xF0, 0xDC,
    0x37, 0xFC, 0xB4, 0xDF, 0xA6, 0x14, 0xAF, 0xC1, 0x5C, 0x72, 0x5F, 0x5E, 0xF6, 0x6A, 0xB7, 0xF5,
    0xBA, 0xD1, 0x8A, 0xB5, 0xA6, 0xFE, 0x8D, 0xF8, 0xC3, 0x9A, 0x91, 0xB7, 0x9D, 0x6F, 0xC7, 0x75,
    0xE7, 0x9F, 0x61, 0x4F, 0x4E, 0xE2, 0x56, 0x71, 0x95, 0xDA, 0x7B, 0x5A, 0x7B, 0xE7, 0x6C, 0x5C,
    0xAF, 0x1A, 0x2A, 0xE9, 0xFC, 0xE7, 0x0C, 0x9A, 0xB9, 0x2B, 0xEE, 0xCE, 0xD1, 0xC9, 0xD6, 0x32,
    0xFF, 0xC7, 0xB0, 0xB5, 0xAC, 0xAF, 0x8C, 0x1E, 0xA8, 0x17, 0x60, 0xBF, 0x32, 0xB9, 0x19, 0x6A,
    0x8B, 0x56, 0x40, 0xB7, 0x8D, 0x17, 0xB9, 0xE3, 0xFA, 0xC6, 0x2A, 0x25, 0x44, 0xE5, 0xBC, 0x05,
    0x37, 0x0A, 0x47, 0x1B, 0x14, 0x3C, 0x70, 0xB0, 0xB8, 0xDE, 0xE6, 0x03, 0xCA, 0xC8, 0x21, 0x16,
    0xD9, 0xB2, 0x16, 0xD7, 0x98, 0xB6, 0x54, 0x60, 0x0E, 0x11, 0x2E, 0x56, 0x75, 0x9F, 0x1E, 0xF9,
    0x17, 0x6A, 0xD7, 0x20, 0x1C, 0xF2, 0x09, 0x25, 0xBB, 0xF7, 0x69, 0x91, 0xCF, 0x8A, 0xAD, 0x53,
    0xCC, 0xF1, 0xEA, 0x14, 0x73, 0x90, 0x29, 0xA6, 0x51, 0x2E, 0xC9, 0x3A, 0x75, 0x7F, 0x6A, 0xEB,
    0x53, 0x10, 0x07, 0x05, 0x3A, 0x9A, 0x79, 0x88, 0x4A, 0x77, 0xA8, 0x4F, 0x26, 0xE3, 0xB8, 0xE5,
    0x9A, 0x78, 0x98, 0x31, 0xE9, 0x1A, 0x09, 0x1A, 0x61, 0x5B, 0xF8, 0xB0, 0x02, 0xCF, 0xE0, 0x19,
    0x92, 0xC9, 0x27, 0x75, 0x36, 0x25, 0xCE, 0x37, 0x3E, 0x77, 0xA9, 0xDB, 0xD1, 0x8E, 0x97, 0x73,
    0x37, 0x36, 0x16, 0xF9, 0xD0, 0xB4, 0xD5, 0x46, 0xDA, 0x37, 0x6B, 0xB9, 0xBF, 0x7E, 0xD0, 0x59,
    0x99, 0xC1, 0x07, 0x43, 0x5E, 0x03, 0x6D, 0x60, 0x40, 0x1E, 0x31, 0x93, 0xC3, 0xE7, 0x00, 0xF3,
    0xD5, 0x2E, 0xA1, 0xBF, 0x24, 0xBE, 0x2B, 0x77, 0xB2, 0x69, 0xA8, 0x4C, 0x0F, 0x33, 0xDC, 0x3C,
    0x6E, 0x2A, 0x5E, 0x5D, 0x1D, 0xD1, 0x86, 0xD7, 0xDD, 0x19, 0xD1, 0xF3, 0x35, 0x92, 0x29, 0xF5,
    0x68, 0x02, 0x30, 0x71, 0xE6, 0x27, 0x80, 0xE7, 0xE2, 0xFF, 0xBC, 0xAA, 0x23, 0xB2, 0x19, 0xDA,
    0x3D, 0x46, 0x5E, 0x3D, 0x63, 0xEA, 0x18, 0x79, 0x78, 0xC7, 0x1E, 0xB5, 0x28, 0xC6, 0x2C, 0x00,
    0x32, 0xF1, 0xA6, 0x07, 0x27, 0xFE, 0x65, 0xD2, 0xB1, 0x21, 0x05, 0xF0, 0x4E, 0x16, 0x34, 0xE0,
    0x6A, 0x4E, 0x4B, 0xD5, 0xD4, 0xE5, 0x2C, 0x39, 0xCD, 0x0C, 0x62, 0xEA, 0x6F, 0xFC, 0x0E, 0x53,
    0x27, 0x94, 0x52, 0x1D, 0x03, 0x93, 0x3E, 0x20, 0x97, 0x8D, 0xD5, 0x2F, 0x7F, 0xF9, 0x89, 0xE7,
    0xB9, 0xFF, 0xE7, 0xBC, 0x19, 0xDE, 0x9A, 0x7B, 0x38, 0x4F, 0x5D, 0x28, 0x6F, 0xFD, 0xEF, 0x39,
    0x42, 0x65, 0x28, 0x82, 0xAF, 0xD2, 0x79, 0x13, 0xA1, 0x6C, 0xB9, 0xEC, 0x78, 0x33, 0x24, 0xF1,
    0x95, 0x21, 0x9F, 0x4F, 0xE2, 0xED, 0x21, 0x21, 0x1A, 0x8A, 0xE1, 0x1C, 0xD5, 0xBC, 0x1E, 0x68,
    0xCA, 0x47, 0x35, 0x30, 0xA3, 0x94, 0x8D, 0x6C, 0xA7, 0xDE, 0x8F, 0x3B, 0x18, 0x1A, 0x34, 0x3F,
    0xE8, 0xFE, 0xE5, 0x36, 0xAE, 0x52, 0xD1, 0xFE, 0x03, 0x28, 0xF5, 0x80, 0x8A, 0x6F, 0x2F, 0x26,
    0x7C, 0xEB, 0x29, 0x54, 0xEA, 0x2B, 0x07, 0x54, 0x72, 0x72, 0x33, 0xEA, 0x01, 0x55, 0x90, 0x03,
    0xAA, 0xFE, 0x5C, 0x4F, 0x6E, 0x6C, 0x26, 0x27, 0x37, 0x94, 0x3A, 0x3E, 0xB2, 0x88, 0xE0, 0xCD,
    0xFB, 0x64, 0x19, 0x7A, 0x9C, 0x45, 0xC8, 0x1F, 0xBD, 0x1A, 0x22, 0x23, 0xAE, 0xFB, 0x91, 0x11,
    0xD7, 0x4C, 0x06, 0x1C, 0xF1, 0x8E, 0x0C, 0x96, 0x4F, 0x83, 0x1A, 0x10, 0x39, 0xCE, 0xCB, 0x81,
    0x7B, 0xCC, 0x72, 0x88, 0x06, 0x68, 0x50, 0x5C, 0x36, 0xE6, 0xA3, 0x99, 0x2D, 0x2F, 0xAB, 0xE6,
    0x64, 0x97, 0x53, 0x7B, 0xD8, 0x68, 0x3E, 0x3B, 0x73, 0x42, 0x01, 0xCD, 0x9C, 0x50, 0xB2, 0xF9,
    0xBF, 0x54, 0xB5, 0x65, 0x2A, 0x16, 0x7F, 0xC2, 0x2E, 0xB0, 0x2F, 0x21, 0x8A, 0xB0, 0x34, 0x61,
    0xCB, 0x40, 0x1A, 0x69, 0x5D, 0x2F, 0x90, 0xAF, 0x3B, 0x8F, 0x7D, 0xC5, 0x38, 0x8A, 0x10, 0xB4,
    0xE3, 0xDD, 0x6A, 0xC7, 0xDB, 0x68, 0xC7, 0x5B, 0xB5, 0x39, 0xA1, 0x18, 0x8D, 0x76, 0xBC, 0x19,
    0x91, 0xD1, 0x8E, 0x37, 0xB9, 0xD2, 0xF1, 0x96, 0xC0, 0x7E, 0xBC, 0xA3, 0x7B, 0x71, 0x33, 0xE9,
    0xE7, 0x01, 0xE2, 0x18, 0x09, 0x68, 0xB6, 0x7C, 0xAD, 0x6D, 0x2D, 0x8B, 0x32, 0xB7, 0xDE, 0xE1,
    0x24, 0x70, 0x5B, 0x9C, 0x70, 0x56, 0x5C, 0xBF, 0xE1, 0x14, 0xFE, 0xC8, 0xDF, 0x70, 0xD2, 0x6D,
    0x7F, 0xAE, 0xD9, 0xBC, 0x8A, 0x85, 0x7E, 0x06, 0xF8, 0xE9, 0x46, 0x0F, 0x5C, 0x4C, 0x6F, 0x46,
    0xC9, 0xE3, 0x65, 0x4F, 0x44, 0x5C, 0x93, 0x88, 0xDD, 0xB8, 0xC1, 0x71, 0x73, 0x2C, 0x9B, 0xB6,
    0x0D, 0x97, 0x50, 0x0D, 0x9B, 0x08, 0x55, 0xB4, 0x84, 0x07, 0xD8, 0x12, 0x32, 0xAA, 0x9C, 0x18,
    0xC4, 0x92, 0xEB, 0xF6, 0x6E, 0x85, 0xAD, 0x16, 0x87, 0x8D, 0xC0, 0x68, 0x19, 0xB4, 0xDA, 0xF1,
    0xC7, 0x3A, 0xD9, 0xF2, 0xB0, 0x89, 0x12, 0x56, 0xE9, 0xBE, 0x8C, 0xF4, 0x4A, 0xED, 0x8F, 0x13,
    0x3A, 0x74, 0xCF, 0x57, 0xB6, 0xE0, 0x11, 0x53, 0x65, 0x22, 0x5B, 0xF0, 0x08, 0x03, 0xD0, 0xF4,
    0xF8, 0xA7, 0x00, 0x84, 0xC7, 0xBA, 0xE5, 0x08, 0x0A, 0xE7, 0x90, 0xCD, 0x9E, 0xE5, 0xB7, 0xAC,
    0x23, 0x64, 0x97, 0x27, 0x3D, 0x2A, 0xED, 0x1A, 0xCB, 0x9A, 0xAB, 0x31, 0x67, 0x8C, 0xE4, 0x87,
    0x0C, 0x09, 0x11, 0x83, 0x51, 0x90, 0x0E, 0xCA, 0xD4, 0x17, 0x9A, 0xBC, 0xC3, 0x95, 0xE4, 0x2D,
    0x70, 0x86, 0xC0, 0x10, 0xC0, 0x34, 0x53, 0x2F, 0x9E, 0x28, 0x1C, 0xBB, 0x82, 0x55, 0xCA, 0x63,
    0x11, 0x5F, 0xB6, 0xE0, 0xD3, 0xDA, 0xBD, 0x15, 0x73, 0xA2, 0xC7, 0x37, 0xE6, 0xCA, 0xF1, 0xCD,
    0x0E, 0x99, 0x1E, 0xDF, 0x60, 0x39, 0xBE, 0x39, 0x7D, 0xCA, 0xF1, 0xCD, 0xB5, 0xCA, 0x43, 0x66,
    0x95, 0x7C, 0x7C, 0xF3, 0x2B, 0xB1, 0x50, 0xFA, 0xC5, 0x64, 0x03, 0xC3, 0x28, 0xC7, 0x37, 0x5F,
    0x8C, 0x9B, 0x33, 0x06, 0x27, 0xC7, 0x37, 0xFF, 0x63, 0xD2, 0xE3, 0x9B, 0x47, 0x13, 0x1F, 0xDF,
    0x24, 0x24, 0xC7, 0x37, 0x19, 0xD5, 0x1C, 0xFE, 0xEB, 0xD0, 0x8B, 0xCB, 0x34, 0x0D, 0x5A, 0xA6,
    0xBD, 0x96, 0xE9, 0xA0, 0x65, 0xFA, 0x4C, 0xCB, 0xF4, 0x46, 0xCB, 0xF4, 0xA9, 0x96, 0xE9, 0xB0,
    0x96, 0xE9, 0x9B, 0xC7, 0xF7, 0x76, 0xB8, 0xC8, 0x88, 0xE6, 0x0A, 0x81, 0x8D, 0x66, 0x6A, 0x0E,
    0xFB, 0xC9, 0xB4, 0x5E, 0x93, 0x70, 0x30, 0x97, 0xAF, 0x4E, 0x55, 0x7D, 0x9E, 0x11, 0x8D, 0xBC,
    0x50, 0xBB, 0xB9, 0xFE, 0x87, 0x65, 0xFA, 0x95, 0xC7, 0xCB, 0xF4, 0xFF, 0xFD, 0x89, 0x52, 0xF7,
    0xF4, 0x13, 0x25, 0xC8, 0x89, 0x12, 0x4F, 0xA5, 0xAA, 0x08, 0x15, 0x43, 0xCF, 0x6E, 0xB2, 0x0C,
    0x2D, 0x36, 0xB9, 0x63, 0xEA, 0xBB, 0x74, 0x7E, 0xF5, 0xEB, 0xF9, 0xD5, 0xF5, 0x44, 0x69, 0x46,
    0x49, 0x75, 0xCE, 0x03, 0x1E, 0x31, 0xD6, 0x28, 0xEB, 0xC2, 0xDE, 0x8D, 0x66, 0x7C, 0x2D, 0xF0,
    0x66, 0xB2, 0xEC, 0x41, 0x78, 0x1D, 0xC1, 0x82, 0xDF, 0xEC, 0x5A, 0xD8, 0xCA, 0xDC, 0x94, 0x82,
    0x67, 0x34, 0x14, 0xBE, 0xE4, 0x91, 0x88, 0x6D, 0x53, 0x72, 0xC8, 0x06, 0xB6, 0x5B, 0x90, 0xE1,
    0x06, 0xFE, 0xFD, 0x79, 0x44, 0xCF, 0xBA, 0x1D, 0x30, 0x1F, 0x82, 0xA0, 0x46, 0xF6, 0x56, 0x8E,
    0x86, 0x20, 0xA3, 0x44, 0x2B, 0x5F, 0x20, 0xE8, 0xF8, 0x5B, 0xB1, 0xDD, 0xC7, 0xAF, 0x05, 0x59,
    0xF7, 0x2F, 0x92, 0x93, 0xCD, 0x65, 0xA6, 0x81, 0xF0, 0x42, 0x04, 0x43, 0x9F, 0x73, 0xA7, 0xFA,
    0x19, 0x7D, 0xE4, 0x60, 0x31, 0x83, 0x77, 0xBB, 0x5B, 0x5E, 0x93, 0x37, 0x77, 0xC7, 0x41, 0xAC,
    0xBB, 0x5C, 0x13, 0x59, 0x7F, 0xB9, 0x6E, 0x46, 0x76, 0x00, 0x6E, 0x58, 0x7B, 0xF8, 0x0E, 0x90,
    0xE7, 0x9E, 0x87, 0x4B, 0xCE, 0x0E, 0x27, 0x03, 0x67, 0x6B, 0x6A, 0x3D, 0x2A, 0xF2, 0xF0, 0xC0,
    0xCD, 0x25, 0x96, 0xBE, 0x25, 0xD7, 0x7F, 0x79, 0xCA, 0xD7, 0xE7, 0x2D, 0x5F, 0xBF, 0x5B, 0xF5,
    0x80, 0x4E, 0xE0, 0x72, 0x97, 0xF1, 0xF4, 0xA5, 0x47, 0x43, 0x44, 0x92, 0x6E, 0xEE, 0xEF, 0x4B,
    0x4F, 0x37, 0xF1, 0x12, 0xCB, 0x78, 0xC9, 0x7B, 0x98, 0xCB, 0xD8, 0x77, 0xCF, 0x91, 0x1E, 0xCF,
    0x76, 0x60, 0xE5, 0x0C, 0xBA, 0xDD, 0x22, 0x9B, 0x24, 0xE7, 0xA5, 0x0E, 0x85, 0x42, 0x36, 0x78,
    0x3E, 0xB5, 0x56, 0x33, 0x3D, 0x01, 0x81, 0x81, 0x07, 0x45, 0x92, 0x13, 0x59, 0xA3, 0x7D, 0x69,
    0x2C, 0xDB, 0xAA, 0xD7, 0xD2, 0xF8, 0xE8, 0x08, 0xAF, 0xEE, 0x78, 0x46, 0xC9, 0x49, 0x0A, 0x27,
    0x11, 0x5A, 0x99, 0x4F, 0xF2, 0x9F, 0x46, 0xFA, 0xE9, 0xA6, 0xBE, 0x90, 0x4F, 0xCD, 0x07, 0x2F,
    0x6F, 0xCD, 0xEF, 0x9B, 0x0D, 0x01, 0x45, 0xDF, 0xA0, 0xEC, 0x63, 0x64, 0xC2, 0xD0, 0x8E, 0x27,
    0x4E, 0xCC, 0x83, 0xC7, 0xE8, 0x54, 0xEF, 0xCA, 0xDE, 0x47, 0x0D, 0x4D, 0x1F, 0x97, 0xA6, 0x25,
    0x18, 0x51, 0xE4, 0x77, 0x3F, 0xBB, 0xA6, 0xB1, 0xFD, 0x3C, 0x63, 0xDC, 0xCB, 0x6C, 0x2B, 0x95,
    0x74, 0x20, 0x30, 0x2C, 0xB2, 0x97, 0xB2, 0xAC, 0x2F, 0xEF, 0xD7, 0xA1, 0xE2, 0x5A, 0xA0, 0x1F,
    0x1B, 0x96, 0x28, 0x7F, 0x3D, 0x99, 0xFF, 0x8C, 0x5A, 0x9E, 0x29, 0x2E, 0x23, 0xFE, 0x29, 0x92,
    0x92, 0xF3, 0xF9, 0x63, 0xBA, 0x1B, 0x20, 0xD9, 0xFD, 0x92, 0xDD, 0x79, 0x16, 0x65, 0x3D, 0xD2,
    0xF8, 0x31, 0x78, 0x50, 0xFD, 0x9D, 0x44, 0x7A, 0x86, 0x9B, 0x4D, 0x94, 0xD9, 0x79, 0x72, 0x3B,
    0xCB, 0x7C, 0xA4, 0xF1, 0x2B, 0x52, 0x59, 0x26, 0xFD, 0x3B, 0x6D, 0xF7, 0x19, 0xBA, 0x41, 0xE4,
    0x75, 0xD6, 0x9F, 0x8D, 0xEB, 0x91, 0x46, 0x3E, 0xE8, 0x91, 0x86, 0xEA, 0xA6, 0x47, 0x1A, 0xB5,
    0x38, 0x48, 0x8F, 0x34, 0x7A, 0x79, 0xA1, 0x1E, 0x69, 0x8C, 0xD2, 0x7F, 0xE8, 0x91, 0xC6, 0x0E,
    0x28, 0x3C, 0xE4, 0x48, 0x23, 0x68, 0x3F, 0xA3, 0x47, 0x1A, 0xA5, 0x28, 0xA8, 0x47, 0x1A, 0xE8,
    0xF8, 0xDF, 0xCC, 0xF7, 0x1E, 0x53, 0xAC, 0x3C, 0x16, 0xBE, 0x3B, 0x10, 0x41, 0xF8, 0xFE, 0xF0,
    0xB2, 0x4B, 0x77, 0x27, 0x3D, 0xF3, 0xE5, 0x7E, 0xFD, 0xAD, 0xD1, 0xF4, 0xC2, 0x37, 0x8D, 0x03,
    0xDF, 0xBE, 0xE8, 0xBF, 0x93, 0xCA, 0xDB, 0xDD, 0xFA, 0xE0, 0x7F, 0x9A, 0x5E, 0xF9, 0x5A, 0xFA,
    0x80, 0xA8, 0x16, 0xBE, 0x5F, 0x11, 0xCB, 0x50, 0xBE, 0x97, 0xFC, 0x41, 0xBD, 0xF2, 0xED, 0x1B,
    0xA2, 0xBF, 0x1B, 0xA5, 0xC0, 0xD8, 0x9A, 0x88, 0x5E, 0x70, 0xC5, 0xC8, 0x72, 0xBA, 0x3B, 0xBE,
    0xF5, 0x82, 0xD3, 0x6F, 0x2B, 0x44, 0x9E, 0xE6, 0x4D, 0xA7, 0x7C, 0xBF, 0x37, 0x1F, 0x77, 0x2F,
    0xBA, 0x3F, 0x55, 0xBE, 0x1D, 0xCD, 0xC5, 0xA8, 0x7C, 0x5D, 0x0C, 0xE1, 0xAA, 0x8F, 0x7C, 0x77,
    0xE8, 0xA4, 0x1F, 0xA8, 0x95, 0x6F, 0xF7, 0xE8, 0x4E, 0xB7, 0x5B, 0xF9, 0xD2, 0xB8, 0xE7, 0x7B,
    0xC2, 0x6A, 0x60, 0x2D, 0x85, 0xFB, 0x91, 0xD2, 0x6D, 0x95, 0x12, 0xA6, 0xAE, 0xA2, 0x9E, 0xB9,
    0xAA, 0x38, 0x02, 0x95, 0x13, 0xF1, 0x19, 0x5D, 0x55, 0x87, 0xC7, 0x6E, 0x15, 0xED, 0x2A, 0x56,
    0xAD, 0x96, 0x27, 0xF1, 0x98, 0x96, 0xA8, 0x9A, 0xE3, 0x8B, 0xCB, 0xD4, 0xA7, 0x27, 0x23, 0xFB,
    0xD4, 0x8C, 0xD0, 0x53, 0x99, 0x6C, 0xE4, 0x72, 0x95, 0x93, 0x97, 0xFA, 0xCE, 0xED, 0xC3, 0xA7,
    0xEF, 0xB1, 0xC8, 0x65, 0x6B, 0x19, 0xF8, 0x72, 0xE9, 0x3A, 0x3F, 0x88, 0x14, 0x54, 0x64, 0x5F,
    0x4D, 0x2A, 0xEA, 0xB7, 0x10, 0x54, 0x3C, 0xEC, 0x2A, 0x5D, 0x10, 0xF1, 0x7A, 0x2B, 0x6F, 0xA6,
    0xDF, 0x8E, 0x43, 0x3E, 0x9E, 0x09, 0x01, 0x33, 0xE8, 0xF9, 0x6E, 0x11, 0x60, 0x1C, 0xB8, 0x5B,
    0x44, 0x45, 0xB0, 0x1E, 0x0D, 0xB8, 0xC4, 0xD9, 0x87, 0x33, 0xDD, 0xDD, 0x41, 0xBF, 0xA5, 0x10,
    0xB8, 0x03, 0x94, 0x52, 0x47, 0x43, 0x4E, 0xED, 0x1A, 0x86, 0x1A, 0x82, 0x6B, 0xF8, 0x69, 0xE8,
    0xAD, 0x61, 0x77, 0x25, 0xE4, 0x9A, 0xAB, 0xA1, 0xC6, 0x86, 0xE9, 0xDE, 0xE6, 0x59, 0x73, 0x9F,
    0x93, 0x7E, 0x4B, 0xCF, 0x7C, 0x49, 0x77, 0x3D, 0x87, 0x56, 0x1D, 0x10, 0x22, 0x9E, 0xE1, 0xDB,
    0x38, 0xE5, 0xDE, 0x27, 0x7E, 0x93, 0xED, 0x8C, 0xB9, 0x37, 0x44, 0x33, 0x53, 0xDC, 0xA3, 0x24,
    0xE2, 0xCC, 0xF9, 0x48, 0x4D, 0xB0, 0xE8, 0x35, 0xA7, 0x99, 0x5E, 0x93, 0xDA, 0x32, 0x67, 0xD9,
    0x30, 0x72, 0x3E, 0x33, 0x1A, 0x2A, 0xE6, 0x6D, 0x0D, 0x93, 0xE2, 0xE7, 0x01, 0x30, 0xFC, 0x89,
    0xCB, 0xF7, 0xFB, 0x6E, 0x6B, 0xBF, 0xBF, 0x36, 0xFC, 0xEB, 0xE3, 0x7C, 0x41, 0x1A, 0x14, 0x9B,
    0xA0, 0xB8, 0xA1, 0x5A, 0xB1, 0x1C, 0x15, 0x33, 0xAF, 0x98, 0xEC, 0x04, 0xED, 0xF7, 0x49, 0x59,
    0xD3, 0x2F, 0x5B, 0x4E, 0x6F, 0x05, 0x15, 0x9C, 0xD9, 0x5B, 0x1C, 0x65, 0x63, 0x46, 0xEA, 0xF4,
    0x98, 0xC9, 0x89, 0x5D, 0x55, 0xFD, 0x8D, 0xF4, 0xB4, 0xCE, 0x9A, 0x91, 0xF7, 0x44, 0xD3, 0x56,
    0xB7, 0x41, 0x3E, 0x58, 0x28, 0x9E, 0x29, 0xFA, 0xED, 0xE3, 0xC8, 0x09, 0x3E, 0x99, 0xC2, 0x16,
    0xA9, 0x63, 0x7B, 0x9D, 0x22, 0x73, 0xBC, 0x98, 0xA4, 0x28, 0xE4, 0x63, 0x55, 0xD5, 0xC5, 0x0E,
    0x65, 0x6F, 0xDE, 0x89, 0x25, 0xE3, 0x21, 0xD5, 0xB9, 0x54, 0x90, 0x9D, 0x16, 0x94, 0x35, 0x87,
    0xA2, 0x3E, 0x48, 0xA9, 0x3F, 0x88, 0x19, 0xAD, 0xFF, 0x5E, 0x5F, 0x8B, 0xAF, 0xC3, 0x41, 0xF4,
    0xDD, 0x2A, 0x56, 0xED, 0x22, 0x71, 0x69, 0xE7, 0x13, 0xF1, 0x8E, 0xDE, 0x43, 0x47, 0x4E, 0xE7,
    0x40, 0x54, 0x57, 0x97, 0x8E, 0x27, 0x9A, 0x7F, 0xFF, 0x72, 0xE7, 0x92, 0xDA, 0x5B, 0x34, 0x1E,
    0x92, 0xA8, 0xB6, 0x92, 0x52, 0x0A, 0x0E, 0x93, 0xD7, 0x6F, 0xA4, 0x44, 0x53, 0x75, 0x79, 0x02,
    0x3C, 0xCF, 0xFF, 0x21, 0x5B, 0xB3, 0x3D, 0x65, 0xC0, 0x19, 0x20, 0xA2, 0x65, 0xB7, 0xA9, 0x18,
    0xA4, 0x4D, 0x65, 0x51, 0x27, 0x9D, 0x2C, 0x9E, 0xE6, 0x6E, 0x1F, 0x04, 0x5B, 0xE3, 0xF7, 0x62,
    0x90, 0x91, 0xA7, 0x17, 0x76, 0xFF, 0x82, 0xC5, 0x00, 0x60, 0x19, 0x7C, 0x92, 0x9E, 0xA0, 0x75,
    0x40, 0x25, 0x69, 0xB2, 0x95, 0xF1, 0x67, 0x11, 0xFB, 0x4E, 0x99, 0x61, 0x51, 0xE0, 0xBC, 0xE0,
    0x74, 0x08, 0x8A, 0x67, 0xD7, 0xD3, 0x3F, 0xDC, 0x3C, 0x48, 0x27, 0x34, 0xAF, 0xD9, 0x64, 0x6F,
    0xA8, 0x66, 0xE6, 0x7A, 0xA6, 0x62, 0x0B, 0x2C, 0xA6, 0xFC, 0x77, 0x00, 0xCA, 0xFE, 0x70, 0x27,
    0x6B, 0xFB, 0xC4, 0x69, 0x22, 0x10, 0x52, 0xAA, 0x97, 0x0E, 0x7D, 0xAB, 0xD3, 0x60, 0x22, 0xE0,
    0xAC, 0x7A, 0xF8, 0x1B, 0xFA, 0xF4, 0xD6, 0x03, 0x56, 0xD1, 0xA2, 0xF3, 0xA8, 0xC0, 0x1D, 0x58,
    0x34, 0xDF, 0x8F, 0xF0, 0x0C, 0xCF, 0x19, 0x2B, 0x2E, 0x40, 0x2E, 0xB6, 0xE1, 0x23, 0x2A, 0xCE,
    0xC7, 0xBB, 0x94, 0x88, 0x45, 0x13, 0xCD, 0x77, 0xA2, 0xA2, 0x95, 0xE4, 0x26, 0xA1, 0xB0, 0xDB,
    0xEF, 0xAC, 0x6C, 0xBA, 0xB7, 0x0E, 0x36, 0xAB, 0xF9, 0x4E, 0x1F, 0x37, 0x1F, 0xEB, 0x97, 0x3C,
    0x61, 0x3E, 0x29, 0x27, 0x4F, 0x98, 0xCF, 0x44, 0xF3, 0xED, 0xC4, 0x7C, 0x9E, 0x79, 0x8C, 0x12,
    0x56, 0x6D, 0x34, 0xDF, 0x25, 0xD6, 0xCD, 0x34, 0xAE, 0x6B, 0x7F, 0xB3, 0xEF, 0x5E, 0x33, 0xFA,
    0x71, 0xD2, 0x8D, 0x11, 0x27, 0xED, 0xB0, 0x12, 0x9D, 0x48, 0xE9, 0xC3, 0x3E, 0x36, 0xD6, 0x2F,
    0x0E, 0x63, 0x7D, 0x7D, 0xB7, 0xD4, 0x71, 0x68, 0xB1, 0x86, 0x1A, 0x5A, 0xF0, 0x1A, 0x5A, 0x08,
    0x1C, 0x5A, 0x8C, 0x4B, 0x68, 0x6D, 0x39, 0xB4, 0x18, 0x83, 0x85, 0xE2, 0xA9, 0xA2, 0xDF, 0x5E,
    0xC1, 0xA0, 0xA1, 0x85, 0x10, 0x5E, 0xE7, 0x37, 0x4F, 0xFC, 0x76, 0xC3, 0x9A, 0xA5, 0x12, 0x5A,
    0x3C, 0x0D, 0xAD, 0xAA, 0xDE, 0xCC, 0x57, 0x43, 0x8B, 0x34, 0xB4, 0x9A, 0x29, 0xA1, 0xF1, 0xFF,
    0x5F, 0xAA, 0xFC, 0xEA, 0xF1, 0x54, 0xE9, 0xF1, 0xBC, 0x6E, 0x13, 0x6F, 0x4A, 0xAA, 0x44, 0xA5,
    0x29, 0x32, 0x25, 0xC5, 0x82, 0x8D, 0x2E, 0x03, 0x11, 0xC5, 0x52, 0xBB, 0x8C, 0x50, 0x2D, 0xFD,
    0x1F, 0x23, 0xA7, 0xCA, 0x52, 0x3B, 0x0B, 0xBB, 0x4F, 0x95, 0xFF, 0x69, 0x9F, 0x2A, 0xB5, 0x9B,
    0xC8, 0xDC, 0xD2, 0x49, 0x0C, 0xDA, 0x45, 0x68, 0x48, 0x08, 0x0A, 0x57, 0x85, 0xD5, 0x37, 0xAA,
    0xFE, 0xAC, 0x28, 0xB4, 0xFB, 0x83, 0xF8, 0x99, 0x3B, 0x88, 0x1F, 0x87, 0x83, 0x38, 0x36, 0x07,
    0x71, 0xB2, 0xAD, 0x7E, 0x2F, 0x21, 0x02, 0xF5, 0x86, 0x5C, 0xC7, 0xC5, 0xB9, 0xFB, 0xCD, 0x58,
    0x7D, 0xF4, 0x35, 0x3D, 0x78, 0xA5, 0xEB, 0xAF, 0xA5, 0x4E, 0x06, 0xCA, 0xD2, 0x97, 0x4E, 0x1B,
    0x34, 0x3F, 0x42, 0xC9, 0xC6, 0xF7, 0x37, 0x60, 0x69, 0x6C, 0x1E, 0x6E, 0x81, 0xC0, 0x0A, 0x86,
    0x9D, 0x38, 0x55, 0x86, 0xCB, 0x4E, 0x45, 0x9E, 0x2F, 0x8F, 0x22, 0xCA, 0x88, 0x79, 0x60, 0x31,
    0xE8, 0x94, 0x59, 0x45, 0x19, 0x34, 0xB3, 0xE8, 0x75, 0xD6, 0x2C, 0xD1, 0x79, 0xBA, 0xDF, 0x1C,
    0x2F, 0x13, 0x67, 0x27, 0x7F, 0xCB, 0xD0, 0x99, 0x19, 0x58, 0x9D, 0x3B, 0x77, 0xDC, 0xED, 0x80,
    0x47, 0xCF, 0xBE, 0x8A, 0x5B, 0x8E, 0x20, 0x4E, 0x1F, 0xD8, 0x75, 0x3C, 0x8F, 0x65, 0x05, 0x2B,
    0x8E, 0x01, 0x9D, 0x91, 0x9F, 0x1C, 0xA6, 0xE4, 0xFC, 0x74, 0xF5, 0xD9, 0x57, 0x71, 0x60, 0x39,
    0xBF, 0x3A, 0xC1, 0x82, 0x26, 0x36, 0x62, 0x40, 0xE4, 0xF5, 0x0B, 0xA4, 0x2D, 0x4E, 0xF1, 0x1D,
    0xA6, 0x85, 0xE4, 0xF8, 0x4C, 0xD6, 0x51, 0xC8, 0xC5, 0x05, 0x4C, 0xCA, 0x8A, 0xC4, 0x9C, 0xC4,
    0x19, 0x42, 0x49, 0x52, 0x89, 0x30, 0x12, 0x9E, 0x2B, 0xA1, 0x03, 0x1F, 0x08, 0x1D, 0x91, 0x98,
    0x8D, 0x1A, 0x41, 0xC8, 0x38, 0x96, 0x98, 0x0B, 0x2B, 0x9B, 0x2A, 0x95, 0xEE, 0xD3, 0x97, 0x3B,
    0x65, 0xC2, 0x0D, 0x15, 0x13, 0x99, 0x39, 0xA0, 0xA7, 0xB5, 0x6D, 0x7E, 0xB2, 0x11, 0x7A, 0xFE,
    0x20, 0x6D, 0x9F, 0x22, 0x5D, 0x1C, 0x24, 0x7B, 0xA7, 0x5D, 0xA4, 0x8A, 0xF6, 0x52, 0x4E, 0xF5,
    0x13, 0x49, 0x96, 0x57, 0x75, 0xCD, 0xB8, 0xCE, 0x61, 0xF4, 0xFE, 0x38, 0xC2, 0x98, 0xF7, 0x32,
    0x4F, 0x64, 0x7A, 0x95, 0xFF, 0xED, 0xDE, 0x5F, 0x57, 0x0F, 0x51, 0xD7, 0xB1, 0xC6, 0xAA, 0x8A,
    0x7A, 0xA3, 0x16, 0xF5, 0xD5, 0x1F, 0xFC, 0xDA, 0x4A, 0x3C, 0xF2, 0xE0, 0x35, 0xD2, 0xA8, 0x80,
    0x6C, 0x80, 0x64, 0x14, 0x2A, 0x5E, 0x29, 0xC8, 0x31, 0xF1, 0xE7, 0xD8, 0x2F, 0xF1, 0x87, 0x65,
    0xF1, 0x0C, 0xD5, 0x2D, 0xDB, 0x58, 0x7C, 0xE3, 0x01, 0x91, 0x13, 0x8F, 0xCA, 0xA9, 0x2C, 0xFE,
    0x19, 0x55, 0xD6, 0x35, 0xA7, 0xF2, 0xEA, 0x23, 0xD3, 0x2F, 0x5E, 0x2A, 0x59, 0x5E, 0xFC, 0x54,
    0x89, 0x0E, 0x4A, 0xC9, 0xD6, 0xA8, 0xF6, 0xBE, 0xB2, 0x3D, 0x1A, 0xF5, 0x96, 0x07, 0x8D, 0x49,
    0x50, 0x7F, 0xD1, 0xDD, 0xAF, 0xE7, 0x93, 0x49, 0x3D, 0x56, 0x91, 0xDB, 0x2F, 0x3E, 0xB6, 0x6B,
    0xB9, 0x06, 0xE4, 0xF1, 0x41, 0xEA, 0xC8, 0xAB, 0xA0, 0x93, 0xA3, 0xF5, 0xEB, 0x61, 0x93, 0x8A,
    0xF3, 0xFA, 0x35, 0xF4, 0x9F, 0xAC, 0x39, 0x0A, 0x57, 0x6B, 0x59, 0x31, 0xAC, 0xB6, 0x76, 0x6C,
    0x52, 0x3D, 0x73, 0xDE, 0xD7, 0xFF, 0x00, 0x78, 0x59, 0xE2, 0xCD, 0xC3, 0x19, 0x08, 0x62, 0x4F,
    0x0B, 0x1B, 0x45, 0x31, 0xE7, 0x73, 0x30, 0x35, 0xB6, 0xBA, 0xCA, 0xAF, 0xDD, 0x6A, 0xB1, 0x15,
    0x63, 0xCA, 0xB9, 0x89, 0x06, 0x6F, 0xC3, 0xA2, 0x06, 0xAF, 0xB8, 0x2A, 0xAC, 0x2B, 0x3D, 0xAC,
    0x4B, 0xDD, 0x1F, 0xEC, 0x98, 0x4C, 0x87, 0xC5, 0xBE, 0x9C, 0x15, 0x0D, 0x32, 0xBA, 0x5F, 0x83,
    0xB7, 0x17, 0x1B, 0x7A, 0x26, 0x54, 0x4B, 0xF0, 0x52, 0x8D, 0x74, 0xC6, 0x72, 0x6E, 0x74, 0xA7,
    0x53, 0x03, 0x8E, 0xBC, 0xD8, 0x5A, 0x5D, 0xF3, 0xA8, 0xB8, 0x60, 0xD5, 0xDF, 0x40, 0xA0, 0x96,
    0x4D, 0xFB, 0xB3, 0xD1, 0x7C, 0x34, 0x18, 0xCE, 0x4F, 0x30, 0xED, 0xE3, 0x3F, 0x69, 0x8D, 0x6F,
    0xDF, 0xC0, 0x96, 0xD0, 0x51, 0x5F, 0x7D, 0xD8, 0x9B, 0x5F, 0xF6, 0x86, 0x5A, 0x33, 0xEF, 0x9F,
    0x95, 0xB5, 0xFE, 0xDF, 0x2F, 0x9E, 0xFE, 0xEC, 0x53, 0x7E, 0x6A, 0x7C, 0x13, 0xB0, 0x13, 0x2C,
    0xE1, 0x5F, 0x77, 0x3D, 0x64, 0xD2, 0x20, 0x85, 0x69, 0x02, 0xFC, 0x95, 0x9F, 0x64, 0x92, 0xBD,
    0x3F, 0xA7, 0xB6, 0xF8, 0x4A, 0x4B, 0x7C, 0x17, 0x11, 0xAF, 0xB6, 0xE3, 0x93, 0x5E, 0x2C, 0x8E,
    0x4C, 0xF2, 0x8B, 0x91, 0xBF, 0x36, 0x7A, 0x5A, 0xAD, 0x37, 0x8B, 0xB0, 0xE3, 0xA8, 0xEC, 0x4B,
    0xEA, 0x33, 0xA6, 0xE9, 0x88, 0xDC, 0x71, 0x33, 0xA6, 0x33, 0xAA, 0x07, 0x47, 0x96, 0x5C, 0xFC,
    0x41, 0x35, 0x26, 0x33, 0x8A, 0x88, 0x2D, 0xCE, 0xD6, 0x7B, 0xF9, 0xC6, 0xE6, 0xC1, 0x4F, 0x4A,
    0x9E, 0x16, 0x8C, 0x5C, 0xFC, 0x74, 0x65, 0x15, 0xD2, 0xFD, 0xDD, 0x47, 0x33, 0x9C, 0x01, 0xB9,
    0x6C, 0x4D, 0x26, 0xA9, 0xD0, 0x72, 0x91, 0x3F, 0xBB, 0x1A, 0x85, 0xB3, 0x3D, 0xCA, 0x81, 0xD7,
    0x7D, 0xFD, 0xB4, 0x7B, 0x9B, 0xFD, 0xBD, 0xEE, 0xCA, 0xBD, 0xC9, 0x74, 0x01, 0xE4, 0x72, 0xEF,
    0x68, 0x7A, 0x48, 0x6D, 0xFB, 0x06, 0xFE, 0x0F, 0xC5, 0x7A, 0x0F, 0xA4, 0x26, 0x59, 0x96, 0xE7,
    0x2F, 0x22, 0x26, 0x33, 0x76, 0x27, 0xD8, 0x3B, 0x98, 0x1C, 0x66, 0xD3, 0x4C, 0xAC, 0x3F, 0xCB,
    0xD6, 0x9A, 0x99, 0xBB, 0x58, 0xAC, 0xD5, 0xF5, 0xDD, 0xD0, 0x85, 0xC5, 0xA0, 0x1F, 0xF2, 0xF5,
    0xD0, 0x85, 0x5C, 0xFF, 0x77, 0x15, 0xBE, 0xC5, 0x62, 0x51, 0xEF, 0x45, 0x4C, 0x37, 0x1A, 0x8D,
    0x7A, 0xE8, 0x2A, 0x76, 0x12, 0x5D, 0xE8, 0xF4, 0x67, 0xFD, 0xC9, 0xC5, 0xA2, 0x10, 0xEF, 0x45,
    0x54, 0x37, 0x16, 0x83, 0x0E, 0x35, 0xBD, 0x33, 0x68, 0x54, 0xB4, 0xCE, 0xCA, 0x92, 0x0A, 0x79,
    0x67, 0x2A, 0xB6, 0xFA, 0x7E, 0x99, 0xF7, 0x8B, 0xB3, 0x71, 0xCE, 0x8D, 0xF8, 0xE2, 0xCB, 0x3F,
    0x9B, 0x95, 0x5D, 0x6A, 0x7B, 0x6F, 0x79, 0xF7, 0x9C, 0xF8, 0x2A, 0xEE, 0x8D, 0x7B, 0xCE, 0x3D,
    0xFF, 0x4F, 0xE2, 0x5A, 0x81, 0x98, 0xA8, 0x50, 0x44, 0xBD, 0xB9, 0xB8, 0xE9, 0x2E, 0x81, 0xBD,
    0x07, 0x8C, 0x03, 0xCC, 0x04, 0xF5, 0x7E, 0x82, 0xA6, 0xC3, 0x26, 0xA7, 0xD6, 0xC7, 0xF4, 0xA1,
    0x43, 0x54, 0xFC, 0x7B, 0xE0, 0x06, 0x80, 0x8C, 0x1C, 0xD0, 0x10, 0x21, 0x1E, 0x8B, 0xB2, 0xCD,
    0x2C, 0xB2, 0x3E, 0xAF, 0x90, 0x58, 0x03, 0xC4, 0xF6, 0x8C, 0xA7, 0x1A, 0x48, 0xAC, 0x07, 0x54,
    0xC7, 0x6F, 0x56, 0x1D, 0x70, 0x06, 0xE0, 0x14, 0x88, 0x1A, 0xDA, 0x43, 0x11, 0x51, 0x67, 0xEE,
    0x63, 0x3B, 0x5C, 0x01, 0x91, 0xF7, 0x00, 0x2E, 0x1D, 0x80, 0x8D, 0xE7, 0xE9, 0x0A, 0xC0, 0x99,
    0xD9, 0x15, 0xF0, 0x8A, 0xDA, 0xD4, 0xA2, 0x69, 0x93, 0x16, 0x32, 0xA2, 0x82, 0x3F, 0x5B, 0x24,
    0x44, 0xBD, 0xBA, 0x9F, 0x0D, 0xA6, 0x88, 0xFC, 0x15, 0xC0, 0xEB, 0x6B, 0x0F, 0x7C, 0xE0, 0x80,
    0xF7, 0x79, 0x9B, 0x1A, 0xC0, 0xEB, 0x00, 0x7E, 0x07, 0x00, 0x34, 0xF5, 0x48, 0x88, 0x46, 0xA8,
    0xC7, 0xDF, 0xA1, 0xD6, 0x14, 0x50, 0xFD, 0xE5, 0x7C, 0x38, 0x0C, 0xFC, 0xB6, 0xF3, 0x40, 0x34,
    0x8C, 0x40, 0x6A, 0x4D, 0x8B, 0xBC, 0xCF, 0xA7, 0xA9, 0x42, 0xC1, 0xAB, 0x79, 0x6D, 0x2C, 0x6B,
    0x47, 0x5E, 0x5B, 0x41, 0xF5, 0xE7, 0x4F, 0xAF, 0x75, 0xBC, 0xD6, 0xF3, 0xDA, 0x1A, 0xC8, 0x7B,
    0x33, 0x4D, 0x95, 0xE6, 0x2F, 0x5F, 0x03, 0x8F, 0x66, 0x87, 0x8C, 0xA8, 0xD5, 0x0F, 0xEF, 0x59,
    0x83, 0xD8, 0xD5, 0xE1, 0xB0, 0x67, 0x4E, 0x48, 0x95, 0xBF, 0xCB, 0xB2, 0x80, 0xD7, 0x36, 0x19,
    0x62, 0x8B, 0x2E, 0x10, 0x79, 0x82, 0x88, 0xA8, 0x52, 0x44, 0xD6, 0x74, 0x29, 0x13, 0x78, 0x35,
    0xDF, 0x8A, 0x9E, 0x6F, 0xE6, 0xBC, 0xAC, 0x62, 0xAF, 0x9D, 0x99, 0xD6, 0xE4, 0x15, 0xA2, 0x5B,
    0x60, 0xAE, 0x0C, 0xFC, 0x25, 0x2A, 0xF4, 0xFD, 0x88, 0xBA, 0x0D, 0x92, 0xCF, 0xAD, 0x47, 0xF6,
    0xE1, 0xE0, 0xA0, 0x2A, 0x27, 0x93, 0x87, 0xFA, 0x74, 0x68, 0x8A, 0x94, 0xAC, 0x69, 0x23, 0xAA,
    0xB2, 0x0A, 0xC0, 0xBA, 0x36, 0x25, 0x22, 0xF0, 0xDA, 0xD6, 0x20, 0xF9, 0xB5, 0xAD, 0x9F, 0x5B,
    0xFB, 0xD1, 0x70, 0x85, 0x8C, 0xAC, 0xA9, 0x62, 0xEA, 0x54, 0x85, 0xDF, 0x47, 0x18, 0x22, 0x42,
    0x23, 0x56, 0x11, 0x52, 0xDE, 0xC3, 0x9C, 0x3B, 0xD4, 0xC6, 0xC3, 0xE9, 0x3D, 0x9C, 0x29, 0x2F,
    0x7C, 0x99, 0x53, 0xB3, 0x8F, 0x49, 0x3B, 0x5C, 0x8B, 0x78, 0xC1, 0x7D, 0x66, 0x2D, 0x01, 0x74,
    0x97, 0xDA, 0xC4, 0xC5, 0xD4, 0xAB, 0x2E, 0xFD, 0x95, 0xCD, 0x0B, 0xF5, 0xE1, 0x60, 0x90, 0x17,
    0xEE, 0x1B, 0xD0, 0x70, 0x35, 0xF4, 0x37, 0xF9, 0x0C, 0x9F, 0x59, 0x87, 0x8C, 0xBA, 0x0E, 0x31,
    0x15, 0x88, 0x58, 0x84, 0xE8, 0x48, 0x84, 0x8C, 0xBB, 0x02, 0x2E, 0x59, 0x6E, 0x9D, 0x71, 0x88,
    0xAD, 0xF6, 0x3C, 0x8D, 0x88, 0xF6, 0x8D, 0x79, 0x08, 0xF2, 0x8A, 0xAA, 0x7C, 0x88, 0x9A, 0x4A,
    0x18, 0x2B, 0xC4, 0xF6, 0x4C, 0xAC, 0x47, 0x3E, 0xE4, 0x04, 0x53, 0x6C, 0xF2, 0xEA, 0x0A, 0x6F,
    0x67, 0xAD, 0x47, 0xCD, 0x53, 0xB9, 0x6D, 0x1D, 0x0C, 0x15, 0x0E, 0xD9, 0x5E, 0xE4, 0x08, 0x1B,
    0x2C, 0xE3, 0x39, 0x4E, 0xBF, 0x8C, 0x5B, 0x8D, 0x70, 0xAB, 0x4D, 0xA8, 0x53, 0xED, 0xC2, 0xAD,
    0x45, 0x9E, 0x08, 0x6A, 0xFC, 0x36, 0x75, 0xA6, 0x82, 0xB1, 0xE7, 0x2C, 0x80, 0x7C, 0xE6, 0x4B,
    0x8F, 0xA4, 0xDF, 0x38, 0x24, 0x96, 0xA7, 0xDD, 0xBE, 0x46, 0x44, 0xDE, 0x00, 0x65, 0xFF, 0xC7,
    0x38, 0x8C, 0x66, 0xE4, 0xC3, 0x77, 0xF9, 0x6E, 0xCB, 0x8C, 0xF2, 0x35, 0xCA, 0x2B, 0x0F, 0x6F,
    0x5C, 0x64, 0xB5, 0x8F, 0xAD, 0xF1, 0x91, 0x2B, 0x4B, 0xD0, 0x3E, 0x1F, 0x8C, 0xC3, 0x49, 0x54,
    0xF0, 0xFB, 0x7C, 0x58, 0x0B, 0xFD, 0xF0, 0x2D, 0x8F, 0x12, 0x29, 0xC1, 0x23, 0x7F, 0x54, 0x39,
    0x18, 0xD5, 0xBA, 0x99, 0x6E, 0xD5, 0x96, 0xC5, 0x55, 0xDE, 0x6A, 0x67, 0xA8, 0x88, 0x6D, 0xBE,
    0x07, 0x80, 0x13, 0x1C, 0x8D, 0x7F, 0x25, 0xF3, 0x7F, 0x92, 0xD9, 0xF2, 0x14, 0x7F, 0xC9, 0x5C,
    0xCB, 0xEC, 0x64, 0xF6, 0x32, 0x8F, 0xA7, 0xA7, 0xA7, 0x7F, 0x61, 0x4B, 0x9A, 0x86, 0xCD, 0x65,
    0x06, 0x16, 0x0D, 0xC5, 0xBF, 0x90, 0xF9, 0xBF, 0xC8, 0xEC, 0x5E, 0x65, 0xAE, 0x65, 0x76, 0x32,
    0x7B, 0x99, 0x79, 0xFF, 0x53, 0x27, 0xFB, 0xBB, 0x5C, 0x66, 0xAC, 0xE3, 0xBA, 0xCC, 0xFF, 0x44,
    0xE6, 0x3F, 0x93, 0x79, 0xF3, 0xF2, 0xB9, 0x96, 0xD9, 0xC9, 0xEC, 0x65, 0x26, 0xDE, 0xFF, 0x5C,
    0xF6, 0x1F, 0x73, 0x99, 0x71, 0x3C, 0xFE, 0x19, 0x8E, 0x58, 0x14, 0x59, 0x01, 0xF1, 0xAB, 0x80,
    0x3A, 0x00, 0x17, 0x80, 0xC7, 0xC2, 0xAC, 0x85, 0x5B, 0xC2, 0xAE, 0x95, 0x5F, 0xBF, 0x77, 0x74,
    0x1F, 0xFF, 0xFD, 0xD5, 0xEF, 0xE3, 0x3F, 0xC8, 0xEC, 0x90, 0xD2, 0x47, 0xD3, 0xDC, 0x10, 0xD9,
    0x71, 0x4B, 0xEF, 0x35, 0xB6, 0xA4, 0x1E, 0x99, 0xDC, 0x78, 0xF4, 0x35, 0xEC, 0xEF, 0xBF, 0x7C,
    0xFF, 0x30, 0x62, 0x99, 0x7F, 0x57, 0xE6, 0x20, 0xDC, 0x9B, 0x57, 0xBC, 0x95, 0x6B, 0xD8, 0x30,
    0x15, 0xBB, 0x8D, 0xE7, 0xAF, 0x5C, 0x8D, 0x5B, 0x2A, 0xF4, 0xC8, 0x5F, 0x89, 0x46, 0x91, 0xDB,
    0x0D, 0x8E, 0x47, 0x15, 0x40, 0x2B, 0x73, 0x12, 0x40, 0x1A, 0x40, 0xF6, 0x2A, 0xA0, 0x66, 0x8F,
    0x93, 0xB5, 0x8E, 0x75, 0xF6, 0xCF, 0xD9, 0x38, 0x10, 0x3D, 0x69, 0xC7, 0x37, 0xE9, 0x22, 0xA3,
    0xB6, 0xA4, 0x01, 0x30, 0x6D, 0x3E, 0xCA, 0x9B, 0x9A, 0x2A, 0x31, 0x0C, 0xFF, 0xF6, 0x4D, 0x0F,
    0x80, 0x1D, 0x98, 0x01, 0x90, 0x17, 0x80, 0xAA, 0x10, 0xDD, 0xAE, 0x62, 0xA2, 0x2A, 0x27, 0xAA,
    0xCC, 0x85, 0xAA, 0x2E, 0xA1, 0x2A, 0xCF, 0x76, 0x42, 0xFE, 0x02, 0xDE, 0xDC, 0xA1, 0xCA, 0x10,
    0x55, 0x19, 0x6D, 0x2B, 0xA4, 0x34, 0x16, 0x4C, 0x9E, 0x4B, 0xE8, 0xEE, 0x5B, 0x4E, 0xD9, 0x49,
    0xBC, 0x74, 0xC5, 0xC4, 0xB1, 0xB5, 0xAD, 0x23, 0x1A, 0xE1, 0x53, 0xA2, 0xD6, 0xA9, 0x5F, 0x92,
    0x75, 0xAA, 0xDA, 0xB9, 0x69, 0x72, 0xDE, 0x4F, 0xE6, 0xBD, 0xAE, 0x53, 0xB2, 0xF5, 0x39, 0xA8,
    0xF2, 0xA6, 0x40, 0xE4, 0xF2, 0x1E, 0xA9, 0x4D, 0xC7, 0x77, 0x9B, 0x3E, 0x62, 0x8B, 0x85, 0x9B,
    0x34, 0x1C, 0x6C, 0x19, 0x8A, 0x19, 0xCB, 0xFE, 0xCE, 0x2F, 0x18, 0x11, 0xE6, 0x31, 0x9A, 0x05,
    0xAB, 0xCD, 0x6A, 0x7C, 0x0E, 0x98, 0x5F, 0xB0, 0xCB, 0xE2, 0xF0, 0x1E, 0x5E, 0x19, 0x13, 0x02,
    0x81, 0x3F, 0x81, 0x50, 0x09, 0x1E, 0x42, 0xAA, 0x60, 0x42, 0xAF, 0x60, 0xBA, 0x12, 0xB0, 0x50,
    0x2E, 0x43, 0xC8, 0x97, 0x21, 0x3C, 0xD0, 0xFC, 0xB3, 0x30, 0xC2, 0xB4, 0x00, 0x84, 0x1B, 0x0B,
    0xE6, 0x3C, 0xF3, 0x1F, 0xC2, 0x17, 0xF0, 0x10, 0xE6, 0x08, 0x26, 0x1C, 0x12, 0x4C, 0xD8, 0x24,
    0x98, 0xF0, 0x4A, 0x30, 0x61, 0x98, 0x60, 0x81, 0x6B, 0x32, 0x56, 0xD6, 0xC9, 0xE9, 0x23, 0xA2,
    0x8B, 0x70, 0x7A, 0x4D, 0x34, 0x86, 0xD3, 0xD3, 0xC3, 0xEF, 0x8C, 0x72, 0xFA, 0xC4, 0x03, 0xFF,
    0x48, 0x4E, 0x9F, 0xF5, 0xCB, 0xE9, 0x55, 0x15, 0x9D, 0x84, 0xD3, 0x6B, 0x94, 0x54, 0xC9, 0xE9,
    0x4D, 0x44, 0x64, 0xE5, 0xF4, 0x9B, 0xC4, 0x95, 0x5E, 0x4E, 0xBF, 0x49, 0xFA, 0xCD, 0xB9, 0x9C,
    0x9E, 0x31, 0x23, 0xA7, 0x37, 0x93, 0x3B, 0xD0, 0x72, 0x7A, 0x1D, 0x91, 0xD7, 0x72, 0xFA, 0xBC,
    0x32, 0xBD, 0x91, 0xD3, 0xAB, 0x0E, 0x38, 0x0F, 0x37, 0xED, 0x10, 0xF9, 0xF9, 0xBA, 0xEF, 0x6E,
    0x5D, 0x38, 0x7D, 0x49, 0xD4, 0x85, 0xD3, 0x5F, 0xA7, 0xFD, 0x7C, 0x7A, 0xBD, 0xC7, 0x72, 0xF8,
    0x2A, 0x9C, 0xFD, 0x0F, 0xB7, 0xFD, 0xCC, 0xF8, 0x64, 0x58, 0xF8, 0xEE, 0x17, 0xB6, 0xD7, 0x0B,
    0xD7, 0xCF, 0x16, 0xA6, 0x6F, 0x16, 0x9E, 0x6F, 0x16, 0x96, 0x6F, 0x16, 0x8E, 0x6F, 0x16, 0x86,
    0xBF, 0xBE, 0xF0, 0xFB, 0x6C, 0x61, 0x77, 0xBD, 0x70, 0xDB, 0xCF, 0xCC, 0x4E, 0x86, 0xC0, 0xEB,
    0x7F, 0xBC, 0x0D, 0x02, 0xCA, 0xE7, 0x91, 0xB3, 0xF2, 0x09, 0xD7, 0x11, 0xAD, 0xA8, 0x31, 0xFD,
    0x8A, 0xAF, 0xD2, 0x8C, 0xEC, 0xEF, 0xDD, 0x01, 0x4F, 0x7E, 0x79, 0x84, 0x93, 0x3D, 0xC2, 0xBB,
    0x15, 0xBF, 0x8F, 0x15, 0xEF, 0x7F, 0x73, 0x7C, 0x61, 0x63, 0xF4, 0xFE, 0xCA, 0x49, 0x00, 0x07,
    0x66, 0x02, 0x38, 0xF0, 0xF3, 0x48, 0x94, 0xFD, 0x2A, 0xCC, 0xA2, 0x12, 0x07, 0xC6, 0x1E, 0x09,
    0xF4, 0x66, 0x15, 0xE9, 0x80, 0x2F, 0x1C, 0x5E, 0xC5, 0x5A, 0xF0, 0x03, 0x9F, 0x57, 0xD1, 0x96,
    0x7D, 0x0E, 0xDC, 0x3E, 0x12, 0x6F, 0xBF, 0x0A, 0xB8, 0x9C, 0xE7, 0xC0, 0x76, 0x00, 0x2B, 0xE7,
    0x81, 0x63, 0xE6, 0x07, 0x1A, 0xF1, 0x41, 0xB6, 0x08, 0x0B, 0xBC, 0x59, 0xC4, 0x25, 0x1A, 0xAE,
    0x16, 0x81, 0x89, 0x2D, 0xBD, 0x61, 0x85, 0xBE, 0x09, 0xD5, 0x3F, 0x71, 0x4C, 0x1E, 0xA3, 0x49,
    0xEF, 0x03, 0x75, 0x91, 0x9B, 0xD0, 0x99, 0xB8, 0x71, 0xDB, 0xD6, 0x4E, 0x7D, 0xF8, 0xC4, 0x9A,
    0xB6, 0xA4, 0xAA, 0x66, 0x72, 0x9C, 0x69, 0xB3, 0x11, 0x13, 0xDA, 0xCE, 0x0A, 0x5B, 0xAF, 0x1A,
    0xEB, 0x57, 0x95, 0xF5, 0xAB, 0xCE, 0xBA, 0x85, 0x2A, 0xC4, 0xC3, 0xA2, 0xB5, 0x2C, 0xFD, 0xF4,
    0xDF, 0x44, 0x6D, 0xFF, 0x63, 0xD3, 0x2D, 0x7A, 0x7B, 0x64, 0xF3, 0x1A, 0x87, 0x7F, 0x93, 0x8C,
    0xA8, 0x39, 0x99, 0x31, 0xB7, 0xAD, 0x2F, 0x7F, 0xE2, 0xDC, 0x4D, 0xEB, 0x7D, 0x6C, 0x6B, 0x9F,
    0xD8, 0xB3, 0xF2, 0x47, 0x76, 0xA3, 0xA9, 0xDD, 0xA4, 0xA3, 0xF0, 0x76, 0xF9, 0x3B, 0x9B, 0xF9,
    0xE8, 0x85, 0x6F, 0xAF, 0x6D, 0x2D, 0x0C, 0xB5, 0x30, 0x7B, 0x88, 0xC1, 0xDF, 0xB3, 0xCD, 0x8F,
    0x89, 0x5A, 0x36, 0xFB, 0x0F, 0xB7, 0xBD, 0x58, 0xFE, 0xC4, 0x06, 0xE3, 0xEF, 0x82, 0xFD, 0xF7,
    0xE2, 0x02, 0x50, 0xB3, 0x17, 0xC0, 0x35, 0x1F, 0x8B, 0x91, 0xF7, 0xEC, 0x0B, 0x4A, 0xF2, 0xEC,
    0x0E, 0xC6, 0xA2, 0xBE, 0x84, 0xFA, 0xEE, 0x80, 0xDA, 0x43, 0x7D, 0xCF, 0xA2, 0x76, 0x13, 0xE8,
    0x17, 0xB0, 0xFC, 0x38, 0x39, 0x88, 0xEF, 0x8E, 0x5B, 0xCF, 0x3E, 0x82, 0xC8, 0xB3, 0x9B, 0xD0,
    0xCE, 0xAF, 0x04, 0x6D, 0xBF, 0x94, 0xA0, 0x88, 0x2E, 0x36, 0x29, 0xB9, 0x33, 0xF5, 0x80, 0xBC,
    0xAA, 0xB4, 0x57, 0x6D, 0x36, 0xA8, 0xDD, 0xBD, 0x3E, 0x21, 0xA6, 0xC4, 0x01, 0x6B, 0x5C, 0xB2,
    0x8E, 0xC4, 0x66, 0xED, 0xFA, 0xF4, 0x76, 0x62, 0xD5, 0xD1, 0xE3, 0x65, 0x3A, 0x98, 0x6A, 0x7D,
    0x1C, 0x95, 0x2B, 0x8F, 0x1E, 0x49, 0x7D, 0x40, 0xD5, 0xC1, 0xEA, 0x47, 0xF4, 0x67, 0x97, 0xF4,
    0x5D, 0x8F, 0x30, 0xF2, 0x98, 0xBE, 0xD1, 0x3C, 0xFA, 0xFE, 0xF2, 0x51, 0xFD, 0xC6, 0xA3, 0xBA,
    0xFC, 0xD9, 0x8F, 0x86, 0x3F, 0x81, 0x0C, 0xF3, 0x83, 0x9F, 0x0D, 0xE5, 0xB7, 0xC6, 0x61, 0x3F,
    0x3F, 0xFE, 0xEC, 0x5B, 0x76, 0xA3, 0xBE, 0xF8, 0x87, 0xF9, 0xB1, 0x7C, 0xA4, 0xDA, 0x6F, 0xA8,
    0x8F, 0x9E, 0x8C, 0x81, 0xC5, 0x4F, 0xF6, 0x59, 0x35, 0x71, 0x8F, 0x72, 0x89, 0xD4, 0xE2, 0xCF,
    0x83, 0x58, 0xEC, 0x55, 0x85, 0xB3, 0x06, 0x53, 0x4E, 0x11, 0xA4, 0x24, 0xEB, 0xE1, 0xCD, 0x27,
    0x4D, 0xBB, 0x90, 0x35, 0xBE, 0x39, 0xA8, 0xC5, 0x8F, 0x84, 0x9C, 0x20, 0x6A, 0x56, 0x83, 0x90,
    0x8D, 0xE2, 0xEB, 0x32, 0xA2, 0xDE, 0x3C, 0xDC, 0x72, 0x7E, 0xB1, 0xF7, 0xBA, 0x37, 0xAE, 0xF1,
    0xDA, 0xED, 0x2F, 0xB5, 0x77, 0x1B, 0x5D, 0xFA, 0xCB, 0x8D, 0x26, 0x16, 0xCF, 0xBF, 0x1F, 0x70,
    0x03, 0x17, 0xEB, 0xFB, 0x6F, 0xBD, 0xE8, 0x7D, 0xB3, 0xBE, 0x6F, 0xFF, 0x35, 0x6E, 0x00, 0xE9,
    0x1E, 0xDA, 0x69, 0xAA, 0x68, 0x34, 0xF7, 0x7E, 0xBA, 0x6B, 0x36, 0xE9, 0xAF, 0x3A, 0xFD, 0x5A,
    0xF2, 0x69, 0xF7, 0x87, 0x48, 0x3E, 0xA3, 0x0A, 0xE9, 0x2F, 0xC8, 0x22, 0x6B, 0x6F, 0x7A, 0xA8,
    0x16, 0x7B, 0x68, 0x56, 0xEA, 0x0D, 0x60, 0x50, 0x03, 0x9A, 0x45, 0x5F, 0xB3, 0x94, 0xE9, 0xB4,
    0x03, 0x8C, 0x72, 0xE0, 0x14, 0xBD, 0x82, 0xD7, 0xFA, 0xF1, 0x9B, 0xCE, 0xC4, 0x44, 0xFD, 0x06,
    0x7A, 0xA1, 0x6E, 0x0D, 0xE5, 0x62, 0x27, 0xB8, 0x3F, 0x9A, 0x6B, 0x27, 0xB8, 0x3F, 0xCC, 0x91,
    0x3B, 0x97, 0x6B, 0xE7, 0x8B, 0xCD, 0x7A, 0x35, 0x00, 0x65, 0x9B, 0xD0, 0xC3, 0xB7, 0x98, 0x23,
    0x14, 0x7C, 0xC8, 0x58, 0x7C, 0xB5, 0x9D, 0x87, 0x75, 0x67, 0xD5, 0xC9, 0xCE, 0xD5, 0x0B, 0x77,
    0x5E, 0x82, 0x50, 0xFB, 0xDC, 0xCE, 0x75, 0x98, 0x9D, 0xCC, 0x61, 0xE7, 0x5A, 0x76, 0x2E, 0xC3,
    0xCE, 0xAD, 0xEC, 0xEC, 0x8E, 0x76, 0x2E, 0x65, 0xE7, 0xF8, 0x99, 0x33, 0x2F, 0xA1, 0x60, 0xD6,
    0x87, 0xA7, 0x67, 0x42, 0x72, 0x17, 0x7E, 0xF4, 0x02, 0xFA, 0x5A, 0xDE, 0xEC, 0x0C, 0x83, 0xBC,
    0xD5, 0xBC, 0xB2, 0x84, 0x72, 0x72, 0x85, 0xF1, 0xE4, 0xF1, 0x89, 0xD5, 0x9D, 0x88, 0x2A, 0x29,
    0x6D, 0xDC, 0x7F, 0x2A, 0x1F, 0xA8, 0x8F, 0x0E, 0x7F, 0x26, 0xF3, 0xE6, 0xC7, 0x32, 0x3B, 0xF9,
    0x25, 0x90, 0x70, 0x25, 0x6C, 0x67, 0xB6, 0xA4, 0x96, 0xD9, 0x62, 0x84, 0xE1, 0x14, 0x6C, 0xEE,
    0xF3, 0x6C, 0xF9, 0xE0, 0xEB, 0xDA, 0x33, 0x9A, 0x36, 0x4C, 0x3E, 0x1F, 0x91, 0x10, 0x15, 0x68,
    0xF2, 0x0A, 0x9B, 0xE9, 0xCF, 0x10, 0xD8, 0xBA, 0x61, 0x73, 0x02, 0x6C, 0xF0, 0xDC, 0x9F, 0x19,
    0x21, 0xAF, 0xFC, 0xF3, 0x86, 0x79, 0xDD, 0x0B, 0xEF, 0x84, 0x71, 0xD1, 0x00, 0xC0, 0x3D, 0xF7,
    0x27, 0xBF, 0xC7, 0x36, 0xBC, 0xA7, 0x3A, 0x59, 0x27, 0x9F, 0x18, 0x00, 0xA2, 0x96, 0xA8, 0x3D,
    0xDD, 0xB6, 0x38, 0xE7, 0x6B, 0x4E, 0x7B, 0xB6, 0x93, 0x5A, 0x3E, 0xF3, 0xB6, 0xB0, 0xAE, 0x66,
    0xA9, 0x87, 0x79, 0xD0, 0x2B, 0xEA, 0x63, 0xAA, 0x4E, 0x4F, 0x8B, 0xB0, 0x04, 0xA6, 0x4A, 0x1C,
    0xF4, 0xFF, 0x2A, 0x0C, 0xB5, 0x86, 0xDA, 0x98, 0x2A, 0xD5, 0xC3, 0x08, 0x37, 0x6A, 0xE0, 0x12,
    0x30, 0xEF, 0xF5, 0x9A, 0xFA, 0x54, 0x1C, 0x9A, 0xFB, 0xE0, 0x75, 0xE7, 0x37, 0xEE, 0x83, 0x8D,
    0xC7, 0x65, 0x79, 0xC7, 0x6B, 0xB2, 0xFC, 0x3B, 0xD7, 0x07, 0xEE, 0x51, 0xAF, 0xF9, 0x0A, 0xA9,
    0xD3, 0xC4, 0xA3, 0x55, 0x4F, 0xBE, 0x78, 0x42, 0x0F, 0xBF, 0x7D, 0x6F, 0xB7, 0xB5, 0xFA, 0x9D,
    0xB6, 0x1C, 0xC0, 0x31, 0x9B, 0x33, 0xAA, 0x22, 0xDA, 0xC9, 0x6D, 0x5E, 0x22, 0xE1, 0xF7, 0xAE,
    0x13, 0x79, 0x8F, 0x8C, 0xEE, 0x36, 0xB6, 0x11, 0x34, 0xEF, 0x91, 0x8C, 0x74, 0xF7, 0xF4, 0x96,
    0x13, 0xC3, 0x4F, 0x56, 0x68, 0xF7, 0x60, 0xBE, 0x33, 0x9A, 0x0C, 0x8C, 0x4A, 0x2C, 0x2A, 0x22,
    0xA7, 0x65, 0x37, 0x35, 0x60, 0x08, 0xE8, 0xDB, 0xC6, 0xC2, 0x41, 0x42, 0xD9, 0xCD, 0x1F, 0x5B,
    0x78, 0x88, 0x59, 0xD5, 0xB1, 0x8D, 0x26, 0xB4, 0x03, 0xA0, 0x3E, 0x74, 0x09, 0x89, 0x91, 0xFE,
    0x97, 0x49, 0x37, 0xDE, 0x7E, 0xF4, 0x60, 0xA4, 0x4F, 0xDE, 0xA2, 0x08, 0x25, 0xBD, 0x43, 0x43,
    0x49, 0x44, 0x40, 0xB6, 0x8F, 0xA9, 0xBA, 0x4E, 0x7B, 0x8D, 0xC3, 0x98, 0xD1, 0xFC, 0x69, 0xD4,
    0x04, 0x54, 0x55, 0xC2, 0x5D, 0x41, 0x7B, 0x44, 0x7E, 0x31, 0x8C, 0x45, 0xEE, 0x10, 0x06, 0x11,
    0xF5, 0x33, 0x9A, 0x1F, 0xD9, 0xCA, 0x1B, 0x05, 0x90, 0xD1, 0x0E, 0xCD, 0x17, 0xD4, 0x89, 0x3C,
    0x65, 0x44, 0xE4, 0x91, 0x3C, 0xA6, 0x77, 0xF5, 0xC3, 0xE6, 0x3D, 0x82, 0xFA, 0xEB, 0x1E, 0x25,
    0x3C, 0x74, 0xA5, 0xB7, 0xD5, 0x04, 0x1D, 0x54, 0xBB, 0x31, 0x22, 0x05, 0xA7, 0xB7, 0xDB, 0xBA,
    0x46, 0xD2, 0x47, 0x0D, 0x51, 0xEB, 0x3D, 0xD2, 0x9F, 0x2B, 0x0A, 0x58, 0x46, 0xD4, 0x85, 0x94,
    0x5E, 0xEC, 0xB2, 0x60, 0x11, 0xFB, 0x0B, 0xC1, 0x80, 0xD5, 0x9A, 0x08, 0x56, 0xD7, 0x01, 0x93,
    0xD8, 0x12, 0xB1, 0xBC, 0xC7, 0xC1, 0x70, 0x22, 0x6B, 0xF3, 0xDB, 0x3D, 0x14, 0xDF, 0xFE, 0x8F,
    0xB3, 0xFF, 0x39, 0xBE, 0x47, 0xDB, 0x1D, 0x6E, 0xFA, 0xF8, 0x2F, 0x89, 0xF6, 0xA9, 0x1C, 0x15,
    0x37, 0xA9, 0x43, 0x43, 0xFB, 0xC5, 0x39, 0x9D, 0x22, 0x60, 0x6F, 0xAF, 0x26, 0xE6, 0xA0, 0x61,
    0x1B, 0x2C, 0xE9, 0x81, 0xA9, 0x96, 0xF4, 0x40, 0x39, 0x94, 0xB3, 0xE5, 0x10, 0xBD, 0x97, 0x51,
    0x92, 0xC3, 0x61, 0x3F, 0x20, 0x66, 0x72, 0x14, 0x79, 0x96, 0x5F, 0x62, 0x4E, 0xEB, 0x02, 0x35,
    0x54, 0x1B, 0xB2, 0x4B, 0x4D, 0xD4, 0x8A, 0x28, 0xA9, 0xF1, 0xDD, 0xD3, 0x42, 0x6E, 0xFB, 0x4A,
    0x08, 0x3C, 0x4C, 0x6E, 0x99, 0xC2, 0xE3, 0x25, 0x66, 0x09, 0x72, 0xF9, 0x0E, 0x5B, 0x1F, 0xE8,
    0x68, 0x68, 0x57, 0xCB, 0xE9, 0xFF, 0xC7, 0x62, 0x0F, 0xBD, 0x17, 0xB5, 0x67, 0xAD, 0xD7, 0xF7,
    0x51, 0x76, 0x29, 0x89, 0x6E, 0xCB, 0xD1, 0x6E, 0x41, 0x0C, 0xD4, 0x85, 0x54, 0xDE, 0xF6, 0x00,
    0x7D, 0x4A, 0x54, 0x25, 0xFB, 0xB4, 0xCF, 0x7B, 0xD5, 0xAB, 0x36, 0xB1, 0xBA, 0x55, 0x55, 0x34,
    0x18, 0xF9, 0xF0, 0x25, 0xAE, 0x13, 0x39, 0x8F, 0x92, 0xE7, 0x78, 0x12, 0xED, 0x13, 0x97, 0x89,
    0x86, 0x0B, 0x05, 0x2E, 0xE7, 0x13, 0x7B, 0x8D, 0xC3, 0x5C, 0xCB, 0x7C, 0x2E, 0xE1, 0x9B, 0x91,
    0x77, 0xF2, 0x1F, 0xB0, 0x85, 0x9F, 0x1C, 0xF3, 0xDD, 0x7B, 0xC1, 0xEC, 0x10, 0x9B, 0x9D, 0x9D,
    0x9E, 0x25, 0x93, 0xA1, 0x01, 0xBF, 0x6F, 0x84, 0x2B, 0x97, 0xC8, 0x2C, 0xDF, 0x63, 0x42, 0xEF,
    0xDE, 0x1B, 0xE4, 0xFD, 0x36, 0x88, 0x59, 0x4C, 0x45, 0x4C, 0xE3, 0x76, 0x64, 0x6E, 0xF6, 0x52,
    0x10, 0xE9, 0xA0, 0x7F, 0xF1, 0xC5, 0x14, 0x84, 0x4E, 0x3E, 0x1C, 0x06, 0x34, 0xB0, 0x6D, 0xF1,
    0xD8, 0xA0, 0xFC, 0x21, 0xA2, 0x02, 0x67, 0xF8, 0x53, 0x18, 0xEA, 0x71, 0xED, 0xF4, 0x5C, 0x1C,
    0xBB, 0x4F, 0x43, 0xA9, 0x66, 0x8C, 0x46, 0x23, 0x58, 0xEC, 0xA0, 0x99, 0x0B, 0x70, 0x99, 0x15,
    0x3B, 0x2E, 0x96, 0x08, 0xCA, 0x0A, 0x36, 0xB2, 0xAD, 0x17, 0x8A, 0x4E, 0xF8, 0xA6, 0x16, 0x23,
    0xAB, 0x04, 0x33, 0x8C, 0x75, 0xC1, 0x11, 0x00, 0x46, 0x56, 0x64, 0x03, 0x22, 0x31, 0xA9, 0x55,
    0x3C, 0x91, 0xEA, 0xE8, 0x22, 0x6A, 0x3A, 0x49, 0xB9, 0x0C, 0xEB, 0x8F, 0xA4, 0x5C, 0x29, 0xD1,
    0xAF, 0x7A, 0xC8, 0xB8, 0x76, 0x92, 0xF4, 0x4B, 0x11, 0x42, 0x30, 0xF9, 0x06, 0xBB, 0xF1, 0xF0,
    0xAC, 0x5A, 0xC1, 0x9C, 0x88, 0x1B, 0x0F, 0xBA, 0xB8, 0x4E, 0x4B, 0xB2, 0x43, 0x5E, 0x10, 0x29,
    0x00, 0x62, 0xD9, 0x8F, 0xE7, 0xE8, 0x54, 0x76, 0x12, 0x61, 0x14, 0x56, 0x3B, 0xC4, 0x74, 0x81,
    0x9B, 0x14, 0x5C, 0x9B, 0xA9, 0x84, 0x10, 0xD5, 0x0A, 0xC8, 0xDA, 0xA4, 0x9B, 0x96, 0xA9, 0x36,
    0xE6, 0x17, 0x55, 0xC5, 0xCB, 0xA8, 0x81, 0x7A, 0x5C, 0x5C, 0x6B, 0xBC, 0xD4, 0x64, 0xD2, 0x11,
    0x32, 0x9A, 0x42, 0x80, 0x6E, 0xB9, 0xFA, 0xCA, 0x84, 0x37, 0xAC, 0xE7, 0x7D, 0x32, 0xFE, 0x15,
    0x15, 0x89, 0x55, 0x3D, 0x74, 0x1B, 0x73, 0xE0, 0x9F, 0xF5, 0x22, 0x36, 0x89, 0x85, 0xE3, 0xD2,
    0xFF, 0x00, 0x17, 0xF4, 0x74, 0x01, 0x6E, 0x06, 0x51, 0x81, 0x61, 0x02, 0xA5, 0x8B, 0x86, 0x68,
    0x78, 0x4C, 0xFB, 0xD8, 0xC6, 0xB6, 0xE9, 0xCB, 0xC4, 0x26, 0xB6, 0x2C, 0xF4, 0xB4, 0x71, 0x6F,
    0x60, 0x32, 0xAB, 0x5A, 0xF5, 0x49, 0xA3, 0xF6, 0x4D, 0x95, 0x90, 0xD7, 0x25, 0x0B, 0x4F, 0xBF,
    0xC9, 0x1D, 0x13, 0x7B, 0x2B, 0x24, 0x28, 0x72, 0x9F, 0x24, 0xEC, 0x4D, 0xC6, 0x02, 0x5B, 0x1F,
    0x2E, 0x65, 0x14, 0x9B, 0x06, 0x13, 0x80, 0x86, 0x6A, 0x6F, 0x9C, 0x4C, 0x20, 0x79, 0x44, 0x74,
    0xDF, 0x20, 0x27, 0xD1, 0x19, 0x3D, 0x4E, 0x64, 0x3A, 0x11, 0xBC, 0xD4, 0x43, 0xC6, 0x18, 0xE2,
    0x03, 0x53, 0x68, 0xA2, 0x01, 0xAA, 0x6D, 0xC6, 0xB7, 0xF6, 0xC8, 0x5A, 0x6F, 0x50, 0x22, 0xE9,
    0x9D, 0x86, 0xE1, 0x60, 0xC0, 0xF0, 0x56, 0xB6, 0xA4, 0x8B, 0x12, 0xB1, 0x15, 0x0D, 0x8A, 0xAD,
    0x79, 0x8F, 0x86, 0x09, 0x5C, 0x49, 0x11, 0x5C, 0xE2, 0x85, 0x05, 0x24, 0xD6, 0x21, 0xBE, 0x10,
    0x90, 0xF4, 0x48, 0x7A, 0x8F, 0xD4, 0x4A, 0x3D, 0x89, 0x65, 0xAE, 0x95, 0xF8, 0xC1, 0x14, 0xFA,
    0x93, 0xA6, 0xF9, 0x2B, 0x0E, 0x1B, 0xF7, 0x9A, 0x1C, 0xA2, 0xC5, 0x63, 0x5D, 0x0B, 0xB7, 0x19,
    0xC8, 0x6C, 0x8E, 0xC9, 0x14, 0xFB, 0x33, 0x06, 0xB1, 0x34, 0x01, 0x68, 0xC8, 0x6D, 0x6A, 0xC4,
    0x24, 0x64, 0xA6, 0x81, 0xCC, 0x6C, 0x2C, 0xAE, 0xD3, 0x20, 0x82, 0x25, 0x7A, 0x0B, 0x44, 0x7B,
    0x20, 0x67, 0xEF, 0x1D, 0xC4, 0x5D, 0x57, 0xF1, 0xB8, 0xB5, 0x60, 0xBD, 0x8F, 0x1C, 0x6F, 0x55,
    0xC0, 0x23, 0xED, 0xA6, 0xB2, 0xA3, 0x47, 0xD2, 0x05, 0x8B, 0xDE, 0xCF, 0x20, 0xDD, 0x89, 0x74,
    0x8A, 0x6C, 0xA6, 0x9D, 0x0E, 0x52, 0x6B, 0x20, 0x22, 0xB5, 0x09, 0x40, 0x9E, 0x74, 0x21, 0xA0,
    0x14, 0xED, 0x88, 0x3D, 0x32, 0x07, 0xE4, 0x03, 0x62, 0x8E, 0x3C, 0x3A, 0x40, 0xD4, 0x6F, 0xB1,
    0x41, 0xCB, 0x38, 0x2D, 0x04, 0xC8, 0xEF, 0xAB, 0xBF, 0x51, 0x47, 0xF5, 0x55, 0x73, 0x1F, 0xD7,
    0xA9, 0x0D, 0xF8, 0x3E, 0x78, 0x2B, 0x19, 0x4E, 0xD8, 0xBC, 0xE2, 0xF1, 0x8C, 0xFB, 0xE8, 0x74,
    0xC1, 0xE5, 0x93, 0x6F, 0xCC, 0x78, 0xF0, 0xF1, 0x33, 0x7E, 0x1F, 0x6F, 0x52, 0x11, 0xF0, 0xFF,
    0x0C, 0xE0, 0x90, 0x18, 0xC8, 0xFE, 0x31, 0x15, 0x51, 0x23, 0x67, 0x49, 0x06, 0x45, 0x1D, 0x1B,
    0x9D, 0x60, 0xEF, 0x3E, 0xFD, 0x9C, 0x1E, 0x7F, 0xBB, 0x19, 0x42, 0x4D, 0x8C, 0x76, 0x40, 0x44,
    0x6C, 0xF5, 0x36, 0x68, 0xDE, 0x05, 0x34, 0x6F, 0x6E, 0x5E, 0x93, 0x6E, 0x11, 0x09, 0x2E, 0x97,
    0xF1, 0x37, 0xFB, 0x58, 0xAE, 0x29, 0xDF, 0x21, 0x7F, 0xD2, 0x43, 0x70, 0x53, 0x21, 0xA2, 0x56,
    0x70, 0x21, 0xA9, 0xA9, 0x04, 0x4F, 0x9C, 0xDC, 0xAB, 0xE0, 0x99, 0x3D, 0xE0, 0x26, 0xEF, 0xC1,
    0x37, 0xCC, 0x4D, 0x04, 0x63, 0x6C, 0x6C, 0x19, 0xAF, 0xF9, 0xBB, 0x36, 0x1E, 0x60, 0x0A, 0xDE,
    0xA2, 0x8E, 0x6D, 0xE2, 0x60, 0x5A, 0x10, 0x22, 0x1F, 0x0D, 0x89, 0x47, 0xC3, 0x21, 0x53, 0x62,
    0x31, 0x6E, 0xE9, 0x0E, 0x8D, 0xDB, 0x47, 0xBB, 0xA6, 0x47, 0x43, 0x39, 0x59, 0xA2, 0x9F, 0x12,
    0x15, 0xC8, 0x5D, 0x4C, 0x55, 0x3E, 0xA2, 0x74, 0xEC, 0xD3, 0x45, 0xB3, 0xB6, 0x12, 0xE7, 0x24,
    0xC1, 0xC6, 0xAA, 0x09, 0xDD, 0xF2, 0xF6, 0x72, 0x95, 0x9B, 0xE0, 0x84, 0x04, 0x6C, 0xA0, 0x39,
    0x08, 0xD8, 0x40, 0x35, 0x44, 0x17, 0x35, 0x34, 0x5F, 0x96, 0x83, 0x99, 0xBC, 0x2C, 0x59, 0xBC,
    0x06, 0x40, 0x07, 0x96, 0x27, 0x7E, 0xBD, 0xB5, 0x40, 0x4D, 0x90, 0x12, 0xE9, 0x82, 0xA8, 0x2A,
    0x21, 0x62, 0x01, 0x9C, 0x3A, 0x21, 0xEF, 0xB3, 0x3C, 0x55, 0x22, 0x56, 0xE7, 0x10, 0xE0, 0x8F,
    0x80, 0x6A, 0x9D, 0x80, 0x4A, 0x40, 0x5E, 0xF8, 0xB0, 0x59, 0x1D, 0xEA, 0x78, 0xB2, 0x20, 0x44,
    0x4C, 0xE9, 0x00, 0x35, 0x00, 0xBA, 0x87, 0x04, 0xBB, 0xD5, 0x12, 0xED, 0xB2, 0x2F, 0xAB, 0xBE,
    0x9A, 0x9D, 0xBC, 0xC5, 0x76, 0xF2, 0x09, 0xD1, 0x4E, 0xB5, 0xBC, 0x4C, 0x1A, 0x37, 0x27, 0xD1,
    0x76, 0x14, 0x27, 0x21, 0xB7, 0x2F, 0xEB, 0xA4, 0x31, 0xA7, 0xBA, 0x98, 0x88, 0x65, 0x32, 0xD9,
    0x35, 0x15, 0x62, 0x9B, 0x75, 0xBC, 0x8F, 0x03, 0x92, 0x0E, 0xF0, 0x37, 0x4E, 0xFF, 0xA2, 0x9F,
    0x40, 0x10, 0xF2, 0x7A, 0x06, 0x49, 0x88, 0x2B, 0x55, 0x2B, 0x40, 0x43, 0x80, 0x59, 0x6A, 0x6F,
    0x38, 0x09, 0xC0, 0x01, 0xCE, 0x20, 0xF2, 0x6C, 0x71, 0xC4, 0x47, 0xDA, 0xBC, 0x4D, 0x46, 0xA8,
    0x2E, 0xDB, 0x6D, 0x1F, 0x3D, 0x68, 0x2A, 0x2E, 0x4E, 0xD3, 0x08, 0xBE, 0xCA, 0xA6, 0x0F, 0x74,
    0x16, 0x08, 0x64, 0x8B, 0xAA, 0x99, 0x09, 0x7A, 0xF1, 0x25, 0xD3, 0x4F, 0xC5, 0x5C, 0x8F, 0x6A,
    0x83, 0xFF, 0xC9, 0x3A, 0x81, 0x3C, 0xC5, 0x36, 0xBA, 0x25, 0x0F, 0x7C, 0x9F, 0x59, 0xCB, 0xCB,
    0x85, 0x53, 0x19, 0x5D, 0x60, 0x4B, 0xB3, 0x97, 0x5A, 0xB4, 0x26, 0x6F, 0x23, 0xCA, 0xB9, 0x9A,
    0x68, 0x03, 0x3B, 0xE3, 0x21, 0xFF, 0x6C, 0xDC, 0xB6, 0x80, 0x37, 0x89, 0xE5, 0x4D, 0xBC, 0xF4,
    0x49, 0x39, 0x52, 0x9B, 0x28, 0xB7, 0x9C, 0x98, 0x18, 0xE9, 0x61, 0x6C, 0x16, 0xE8, 0xE2, 0x3D,
    0xC0, 0x30, 0xEB, 0x02, 0x54, 0x95, 0x40, 0xA9, 0x01, 0xF1, 0xFB, 0x41, 0xE2, 0xEB, 0x3A, 0x48,
    0xBB, 0x3F, 0xCB, 0x45, 0x92, 0xFC, 0x46, 0x55, 0x6C, 0xB2, 0x07, 0xCD, 0xFC, 0x46, 0x66, 0xD5,
    0xF7, 0xF6, 0x5B, 0x9A, 0x52, 0x7B, 0xF5, 0x61, 0x90, 0xEC, 0x08, 0x7A, 0x8F, 0xC6, 0x3D, 0x65,
    0x48, 0x8B, 0x70, 0xDD, 0x03, 0xE2, 0x71, 0xBA, 0xEE, 0x7D, 0xB8, 0xEE, 0x72, 0xB6, 0xA0, 0x85,
    0x00, 0x55, 0xA5, 0x72, 0xDD, 0x2C, 0x96, 0xE4, 0x34, 0x2F, 0x0B, 0x3D, 0xE3, 0x22, 0x62, 0xB7,
    0x58, 0x00, 0xC9, 0x52, 0x80, 0x58, 0x38, 0x20, 0x40, 0x5C, 0x8F, 0x90, 0x2A, 0x7D, 0x66, 0x1B,
    0x13, 0x59, 0xBE, 0x7C, 0x96, 0xEA, 0x68, 0xD0, 0x1D, 0x20, 0xB7, 0x27, 0xE0, 0x32, 0x00, 0xFF,
    0x14, 0x70, 0x72, 0x63, 0x03, 0xFB, 0x0B, 0xF1, 0x1E, 0x09, 0xEF, 0x22, 0xB6, 0x3E, 0xE9, 0xCF,
    0xD9, 0x7A, 0xAB, 0xCE, 0x14, 0xCA, 0x43, 0xB7, 0xF9, 0x27, 0x0D, 0xC7, 0xD7, 0x29, 0xFB, 0x0B,
    0x0F, 0xD1, 0xF0, 0x8B, 0xDF, 0x9C, 0xCC, 0xE0, 0xFD, 0x2B, 0xF1, 0x17, 0x33, 0x99, 0x57, 0xAB,
    0xF7, 0x5F, 0xDD, 0x62, 0x13, 0x00, 0xFB, 0x77, 0x56, 0xD7, 0x16, 0x0D, 0x8D, 0x48, 0xFB, 0x84,
    0xDE, 0xA3, 0x36, 0xB1, 0xCA, 0x22, 0xB3, 0xB1, 0xD5, 0x2D, 0xE2, 0x21, 0x04, 0x8D, 0x1E, 0x03,
    0xD3, 0x57, 0xC3, 0xF9, 0x15, 0x78, 0xA1, 0x4F, 0x40, 0x54, 0x24, 0x03, 0x06, 0x57, 0xBA, 0xD4,
    0x46, 0x76, 0xA4, 0xBD, 0x6A, 0x13, 0xF6, 0xFE, 0x06, 0x49, 0x5F, 0x56, 0x7A, 0x23, 0x4E, 0xC4,
    0x18, 0xE8, 0x6A, 0xF2, 0xFE, 0x1C, 0x33, 0x27, 0xE4, 0xD5, 0x42, 0x66, 0xF7, 0x95, 0x6E, 0xF3,
    0xE4, 0xF9, 0xDB, 0x1C, 0x0F, 0xB7, 0x19, 0xFB, 0xC3, 0x6D, 0xFE, 0xFE, 0xF4, 0x5F, 0x5E, 0xC5,
    0xF4, 0x06, 0x55, 0xAA, 0x55, 0xF4, 0x33, 0xB2, 0x69, 0x67, 0xBE, 0xF5, 0xF1, 0x77, 0xDD, 0x74,
    0x01, 0xD9, 0x23, 0xF8, 0xC4, 0xD6, 0xEA, 0x47, 0x7F, 0xEB, 0x63, 0xEB, 0xD5, 0x3B, 0x34, 0x01,
    0xA7, 0x7E, 0x32, 0x0A, 0x68, 0xA3, 0x61, 0x02, 0x93, 0x16, 0xDA, 0xC4, 0x7A, 0x2E, 0x03, 0xB2,
    0xA3, 0x2F, 0xF7, 0x48, 0xBB, 0xFA, 0xC8, 0x2D, 0xE6, 0x95, 0x29, 0x42, 0x5C, 0xD2, 0x89, 0x1B,
    0x4E, 0xF7, 0x40, 0xC6, 0xFE, 0x7E, 0xF7, 0x1D, 0x26, 0x4C, 0x1F, 0xB9, 0xC5, 0xAF, 0x40, 0x66,
    0x7B, 0x20, 0x73, 0x58, 0x6F, 0x73, 0x25, 0x33, 0x59, 0x6E, 0x93, 0xC9, 0xBC, 0x01, 0x5D, 0x30,
    0x99, 0x7D, 0x20, 0xD3, 0x67, 0xAD, 0x7E, 0xE7, 0xE3, 0xEA, 0x2A, 0xE9, 0x37, 0x13, 0x99, 0x86,
    0xC9, 0xBC, 0xFD, 0xB7, 0x94, 0x58, 0xAF, 0x15, 0x51, 0x6C, 0x9D, 0x8E, 0x47, 0x33, 0x81, 0xBC,
    0xC2, 0x39, 0x53, 0xBB, 0x7B, 0x93, 0x89, 0x4E, 0x88, 0x06, 0x96, 0xCF, 0x2D, 0x55, 0x0C, 0xA2,
    0x13, 0x29, 0x91, 0x34, 0x34, 0x31, 0xFC, 0x3C, 0x22, 0x6E, 0x76, 0x9B, 0x78, 0x48, 0xFB, 0xBC,
    0xCD, 0xDB, 0x21, 0xED, 0x4A, 0x64, 0xBB, 0xAB, 0xFC, 0x17, 0x1C, 0x62, 0xED, 0x73, 0x72, 0x6C,
    0xA3, 0x32, 0xAA, 0xE6, 0xDE, 0x53, 0xF2, 0xA9, 0xE7, 0x99, 0x48, 0x9C, 0x84, 0x59, 0x8D, 0x5F,
    0x33, 0x22, 0x97, 0x1E, 0x53, 0x53, 0xE1, 0xB2, 0x48, 0x46, 0xA0, 0x46, 0x3E, 0xF0, 0xCC, 0x8E,
    0xBA, 0xE6, 0x1F, 0x50, 0x8B, 0x93, 0xB9, 0x12, 0xC3, 0xDE, 0xCC, 0x0D, 0x19, 0xEA, 0x91, 0xED,
    0x39, 0x50, 0xCA, 0x3B, 0x44, 0x23, 0x8C, 0xF0, 0xEB, 0x4A, 0x84, 0xD8, 0xCB, 0x7D, 0x84, 0xD9,
    0x31, 0x83, 0x9F, 0x9A, 0xC3, 0xEF, 0xB5, 0x70, 0xF4, 0x5C, 0xEE, 0xCA, 0x30, 0xF7, 0x25, 0xB1,
    0xF7, 0x48, 0xE9, 0xDD, 0xC6, 0x02, 0xC1, 0x6D, 0xDC, 0x24, 0x87, 0x83, 0xC7, 0xD4, 0xE2, 0x5F,
    0xE2, 0x60, 0x27, 0xD5, 0xAE, 0x88, 0xEE, 0x59, 0xB1, 0x0B, 0x89, 0x43, 0x48, 0x8E, 0x02, 0xA8,
    0xA1, 0xAA, 0x1B, 0x05, 0x3C, 0xB2, 0x47, 0x44, 0x95, 0xC7, 0xDC, 0xFF, 0xD6, 0x3B, 0xC9, 0x44,
    0x55, 0x01, 0x88, 0x9D, 0x10, 0x0F, 0x26, 0xAE, 0xC4, 0x33, 0x35, 0x05, 0xAE, 0x90, 0xEC, 0xB6,
    0x2D, 0x0C, 0xB2, 0x2E, 0xED, 0xA1, 0xD9, 0x25, 0x59, 0x0E, 0x5D, 0xA3, 0xC9, 0xA0, 0xAA, 0x22,
    0x12, 0xFF, 0x59, 0xA9, 0x00, 0xCC, 0x7D, 0x39, 0xFD, 0xD5, 0x91, 0x8F, 0xD4, 0x70, 0x0C, 0xCC,
    0x0C, 0x96, 0x4C, 0x52, 0x4A, 0x66, 0x5E, 0x28, 0xCC, 0x2C, 0x93, 0x88, 0xB2, 0x43, 0x4A, 0x77,
    0xB7, 0x54, 0x2C, 0x1E, 0x73, 0x2D, 0x3A, 0xAD, 0x6E, 0x53, 0x46, 0x4A, 0xEB, 0xFF, 0x28, 0x45,
    0x38, 0xC3, 0x20, 0x91, 0x50, 0x19, 0xE2, 0x5E, 0xCA, 0x19, 0xEF, 0xE5, 0x34, 0x2B, 0xAE, 0xAA,
    0x80, 0x5B, 0x31, 0xB5, 0x90, 0x11, 0x34, 0x54, 0x46, 0x1C, 0xE4, 0x57, 0x46, 0xC2, 0xA9, 0x94,
    0x5F, 0xF7, 0x49, 0x03, 0xBE, 0x88, 0x73, 0x4C, 0xAC, 0x32, 0x8F, 0xA8, 0x82, 0x2E, 0x54, 0x28,
    0xE1, 0x48, 0xF4, 0xCE, 0x41, 0xDA, 0xEE, 0x94, 0xEE, 0x78, 0x64, 0x5D, 0x08, 0xD2, 0x3C, 0xCE,
    0x91, 0xF4, 0x21, 0x48, 0xFB, 0xB1, 0x04, 0xF3, 0x7F, 0x1A, 0x89, 0xCE, 0xDD, 0x28, 0x27, 0x5C,
    0x82, 0xB4, 0x56, 0x13, 0x21, 0xB6, 0x12, 0xA4, 0xFD, 0x03, 0x05, 0x5C, 0x82, 0xB4, 0x3D, 0xC0,
    0x38, 0x83, 0xA6, 0x93, 0x83, 0xC7, 0x4E, 0x3C, 0xBE, 0xE0, 0x6B, 0x90, 0x96, 0xF4, 0x4B, 0x90,
    0xC6, 0xE2, 0x14, 0x82, 0xB4, 0x42, 0x84, 0x2A, 0x04, 0x69, 0x12, 0xB1, 0x17, 0x21, 0x48, 0xEB,
    0x25, 0x88, 0x0F, 0x41, 0x1A, 0x9B, 0x02, 0x0F, 0x09, 0xD2, 0x1C, 0x3D, 0xFE, 0x0E, 0xF5, 0x08,
    0x41, 0x9A, 0x0E, 0xFD, 0x8B, 0xDC, 0x85, 0x58, 0xF4, 0x7D, 0xC8, 0x90, 0x14, 0x28, 0x8C, 0x60,
    0x36, 0x56, 0xA6, 0xF5, 0x82, 0x66, 0x21, 0x4F, 0xC0, 0x92, 0xB1, 0xEE, 0xD7, 0x3A, 0x90, 0x59,
    0x51, 0x99, 0xA0, 0x0A, 0x49, 0x8F, 0x64, 0x99, 0xE4, 0x0E, 0xCB, 0xB6, 0x4B, 0x9E, 0x69, 0x76,
    0xB8, 0x3E, 0x5F, 0xF0, 0x06, 0xE1, 0x9C, 0xCB, 0x18, 0xF9, 0x53, 0x51, 0xE3, 0x84, 0x2A, 0xD0,
    0xA8, 0xE4, 0xB4, 0xAA, 0x4D, 0xC6, 0x1F, 0x1A, 0x69, 0x83, 0xA8, 0x56, 0xF5, 0xD8, 0x83, 0x63,
    0xE5, 0xB4, 0x9F, 0x08, 0x1F, 0x32, 0x72, 0xCC, 0xB1, 0x0D, 0x92, 0x5E, 0x3F, 0x7C, 0x9F, 0xD1,
    0x1A, 0x69, 0x6B, 0x96, 0x94, 0x49, 0xFD, 0xFC, 0xF2, 0x80, 0x92, 0x0F, 0xA8, 0x9B, 0xD0, 0x61,
    0x41, 0xE3, 0xEF, 0xD9, 0x19, 0xE5, 0x69, 0x29, 0xD0, 0x32, 0x7A, 0xBD, 0x92, 0xCD, 0xA6, 0x89,
    0x4D, 0x63, 0xDA, 0x9F, 0x8B, 0xFA, 0xA9, 0x8E, 0xEF, 0x41, 0x4E, 0xAD, 0x58, 0x27, 0xF3, 0x0E,
    0x9A, 0x60, 0x1C, 0x1B, 0xD0, 0xF1, 0x3D, 0x32, 0x0F, 0x46, 0xBA, 0x33, 0xB2, 0x96, 0x39, 0x45,
    0xDE, 0x48, 0xCF, 0x8B, 0xAA, 0x88, 0xBA, 0x74, 0x89, 0x14, 0x8B, 0x85, 0xB5, 0xD5, 0xCC, 0x15,
    0x37, 0x8B, 0x39, 0x89, 0xF6, 0x88, 0x0C, 0xC8, 0x41, 0x54, 0x2B, 0x50, 0xEC, 0xF2, 0x10, 0x71,
    0xC0, 0x18, 0xB4, 0x68, 0x82, 0x11, 0xF1, 0x00, 0x62, 0x16, 0xE5, 0xFD, 0x5C, 0x0C, 0xDD, 0x2F,
    0xEA, 0x53, 0xA0, 0xF9, 0x3E, 0x15, 0x50, 0x6D, 0x2A, 0xD6, 0x20, 0xEB, 0xD5, 0xFF, 0x9E, 0xA4,
    0x80, 0xEB, 0xD8, 0x85, 0x07, 0x07, 0x7B, 0xE7, 0xF8, 0x3D, 0x9C, 0x21, 0x1A, 0xA6, 0x08, 0x8A,
    0x8B, 0x19, 0x83, 0x2F, 0xE5, 0xCE, 0x9D, 0x5B, 0x60, 0x34, 0x16, 0x60, 0x98, 0xD8, 0x10, 0x42,
    0x64, 0x6D, 0xE0, 0xA1, 0x62, 0xC8, 0xE6, 0xBC, 0x12, 0xB8, 0x91, 0xE7, 0xAC, 0xD3, 0x02, 0xF3,
    0x56, 0x7D, 0xDF, 0x8A, 0x0A, 0x65, 0x1F, 0x8D, 0x52, 0xC5, 0x4E, 0x6C, 0x33, 0x89, 0xDE, 0x00,
    0x5C, 0xA8, 0x99, 0x5E, 0x6C, 0x69, 0xED, 0x86, 0x4C, 0x62, 0xB2, 0x6A, 0x7C, 0xF8, 0x39, 0xA4,
    0x99, 0x85, 0xA0, 0x6A, 0x87, 0x48, 0x74, 0x43, 0x64, 0x61, 0xA9, 0x91, 0x6D, 0xE4, 0x44, 0x07,
    0x14, 0x4E, 0x50, 0x83, 0xD3, 0x22, 0xA0, 0x92, 0x3C, 0x7C, 0xD3, 0x1E, 0x64, 0x2E, 0xA4, 0x46,
    0x21, 0x89, 0x68, 0x0F, 0xCB, 0x4A, 0x41, 0x65, 0x28, 0x2B, 0x95, 0x20, 0x56, 0xF2, 0x64, 0x58,
    0x4A, 0x41, 0x80, 0xD7, 0x0F, 0x7E, 0x4D, 0x0F, 0x6F, 0x7F, 0xC2, 0x9E, 0xC2, 0xA0, 0x71, 0x92,
    0xF7, 0x63, 0xB3, 0x41, 0xF3, 0x43, 0xFC, 0x2E, 0x92, 0x0E, 0x86, 0x95, 0x7D, 0x98, 0x4C, 0x66,
    0x0F, 0x23, 0xE6, 0x8B, 0xDB, 0x23, 0xFC, 0xD6, 0xFD, 0xA8, 0xD9, 0x06, 0xD4, 0x00, 0x8A, 0x2E,
    0x96, 0x6C, 0x2C, 0x84, 0x79, 0x26, 0x76, 0x2C, 0x47, 0x82, 0xA6, 0x76, 0x91, 0xB9, 0x8D, 0x72,
    0x0B, 0x5A, 0x1B, 0x37, 0xDB, 0x3A, 0xF8, 0x3F, 0x62, 0xD4, 0x43, 0x9E, 0x3D, 0xAB, 0x46, 0x48,
    0x53, 0x1B, 0x26, 0xAD, 0x93, 0xEC, 0xD2, 0x4C, 0xBE, 0x5E, 0x4D, 0xF5, 0x21, 0x29, 0x63, 0x91,
    0x0F, 0x74, 0x20, 0x6A, 0xA4, 0xDB, 0x3D, 0xE2, 0x99, 0xA0, 0x5D, 0xCA, 0x18, 0x4F, 0x8B, 0x5C,
    0x28, 0x21, 0x57, 0xB3, 0x15, 0x5D, 0x82, 0xF7, 0x56, 0x2C, 0x29, 0x43, 0x10, 0x27, 0x29, 0x55,
    0xB8, 0x18, 0x12, 0x4B, 0x10, 0x6D, 0x99, 0x9A, 0x82, 0xC5, 0x0F, 0x61, 0x98, 0x36, 0x40, 0xD5,
    0xB1, 0xDF, 0x16, 0x95, 0x29, 0xA9, 0x92, 0x5E, 0xAD, 0x7C, 0x2C, 0x72, 0x6A, 0xD7, 0x10, 0x98,
    0xAB, 0x3F, 0xA5, 0x91, 0xA1, 0x51, 0xFD, 0xEF, 0x48, 0xE5, 0x5B, 0x57, 0x60, 0xE8, 0x0D, 0x02,
    0x3C, 0x0B, 0xD0, 0xD5, 0x4F, 0x41, 0xEF, 0x6A, 0x69, 0x88, 0x7B, 0xFF, 0x36, 0xB3, 0x29, 0x72,
    0xF5, 0x86, 0x4F, 0x1E, 0xDB, 0x8D, 0x11, 0x47, 0x6A, 0xB5, 0x6E, 0xD5, 0xC8, 0xD6, 0xE1, 0x9D,
    0x5D, 0xD3, 0x3C, 0xA0, 0x2A, 0x4D, 0x88, 0x94, 0x58, 0xD9, 0x72, 0x88, 0xA8, 0x0F, 0x7C, 0x58,
    0x3D, 0xCD, 0xEA, 0x65, 0x82, 0x87, 0x59, 0xBD, 0xCB, 0xE2, 0x59, 0x66, 0xAF, 0xB2, 0x7A, 0x14,
    0x09, 0x84, 0x56, 0x4F, 0x12, 0xBC, 0xC8, 0x33, 0x1E, 0xA4, 0x01, 0x9A, 0x1F, 0x50, 0x01, 0x5D,
    0x04, 0xD5, 0x53, 0x6D, 0xFE, 0x05, 0xAB, 0x5E, 0xD6, 0x89, 0xEA, 0x49, 0xE0, 0xED, 0xF0, 0x7A,
    0xB0, 0x2B, 0x37, 0xCE, 0xC5, 0xD4, 0x68, 0x1A, 0xD9, 0xFA, 0xC4, 0x14, 0x60, 0xB6, 0x03, 0x18,
    0xAA, 0xE0, 0x15, 0x5C, 0x5E, 0x09, 0xF4, 0x7A, 0x6E, 0x1A, 0xCD, 0x9E, 0x60, 0x93, 0x07, 0x2F,
    0x60, 0x54, 0xF0, 0x00, 0xEA, 0x07, 0xC1, 0xFA, 0x67, 0x7F, 0x13, 0x2C, 0x7F, 0x62, 0x67, 0xAB,
    0xDF, 0xE6, 0x8B, 0x42, 0x35, 0xD4, 0x3F, 0xAF, 0x7A, 0x92, 0x9C, 0xBB, 0x19, 0x4D, 0x42, 0xBC,
    0xB1, 0x6A, 0xDF, 0x52, 0xED, 0x28, 0x44, 0x64, 0x57, 0xA5, 0xF3, 0x47, 0x78, 0x8D, 0x55, 0x03,
    0xEB, 0xB5, 0xCA, 0x72, 0xE1, 0x03, 0x6E, 0x48, 0x38, 0xB1, 0x28, 0xE1, 0x1F, 0x50, 0x17, 0xF0,
    0x3F, 0x5A, 0xD3, 0x79, 0x19, 0x89, 0x9B, 0x2B, 0xB2, 0x85, 0xB8, 0x17, 0x45, 0xB6, 0x0C, 0xF7,
    0x63, 0xA0, 0x3F, 0xFB, 0x82, 0xBB, 0x12, 0xA1, 0xC2, 0x01, 0x31, 0xA9, 0x2D, 0x90, 0x57, 0x1B,
    0x94, 0x3F, 0x47, 0x46, 0x96, 0xF9, 0xF0, 0x1A, 0x0C, 0xF5, 0x26, 0xE0, 0x7C, 0xB7, 0x9E, 0x8A,
    0x2A, 0x98, 0xCE, 0x51, 0xAA, 0xA8, 0x82, 0x47, 0x0E, 0xDA, 0x06, 0x5C, 0x6A, 0xB4, 0x7D, 0xC0,
    0x89, 0x5A, 0x59, 0x25, 0xF8, 0xC8, 0x73, 0xF0, 0x73, 0x73, 0xA5, 0x36, 0x67, 0x7C, 0xAE, 0xD5,
    0x6A, 0x89, 0xBA, 0x19, 0xEF, 0x99, 0x2B, 0x7A, 0xA9, 0xD7, 0x9A, 0x16, 0xE5, 0x52, 0xB1, 0xA5,
    0x1E, 0x1E, 0xA1, 0x66, 0x7B, 0xE7, 0xC9, 0xB8, 0x75, 0x90, 0xAA, 0xAD, 0x26, 0x3B, 0xCD, 0x08,
    0x75, 0x5B, 0x29, 0x90, 0x3C, 0x57, 0xA9, 0x8A, 0x98, 0x6D, 0x01, 0xE5, 0x4B, 0xDB, 0x1F, 0x95,
    0xA9, 0xC2, 0x2B, 0xFB, 0x35, 0x3B, 0x74, 0x52, 0x32, 0x3B, 0xA0, 0x49, 0xBF, 0x94, 0xA8, 0x16,
    0xD4, 0x10, 0xED, 0x03, 0x21, 0x12, 0xEC, 0x3F, 0xAA, 0x96, 0xFA, 0xD4, 0x96, 0xB0, 0x2C, 0x8B,
    0x04, 0x0D, 0x43, 0xB7, 0xB3, 0x19, 0xEC, 0x90, 0x75, 0x81, 0xFB, 0xC4, 0x62, 0xC4, 0xCC, 0xBF,
    0x5B, 0x3E, 0xE0, 0xC4, 0x58, 0x78, 0x6F, 0x60, 0x00, 0x27, 0xAC, 0x7F, 0x0D, 0xAA, 0x80, 0x0F,
    0x55, 0xF1, 0x1B, 0xB7, 0x2B, 0x78, 0x61, 0x7C, 0xC6, 0x22, 0x54, 0x4B, 0x5D, 0xBC, 0x11, 0x54,
    0x0A, 0xE3, 0x72, 0xAD, 0xB5, 0x70, 0x3D, 0x98, 0x36, 0x61, 0x7A, 0x2F, 0xE8, 0xCA, 0x73, 0x17,
    0x58, 0x2E, 0x1A, 0x20, 0x1C, 0x0F, 0x4A, 0x20, 0x0C, 0xB7, 0xF2, 0x2C, 0xFC, 0x0E, 0x91, 0x12,
    0xB3, 0x7B, 0x4F, 0x05, 0x62, 0x0A, 0xDC, 0x36, 0xE3, 0x7B, 0xCD, 0xCC, 0xEC, 0x8C, 0x66, 0x5E,
    0x73, 0xAD, 0x29, 0x5C, 0x7F, 0xF4, 0xA2, 0xF4, 0xE7, 0x04, 0x37, 0x47, 0x24, 0x76, 0xAD, 0x7A,
    0xE6, 0xD5, 0x92, 0xFE, 0xB0, 0xDA, 0xE7, 0x85, 0x64, 0x79, 0x25, 0x30, 0x07, 0x2F, 0xD7, 0x8A,
    0xA8, 0x09, 0xBE, 0x27, 0x7E, 0x2E, 0x67, 0xCF, 0x84, 0x73, 0xCF, 0x94, 0xB2, 0xED, 0x8B, 0x4B,
    0xD9, 0xD1, 0xCB, 0x4B, 0xD9, 0x43, 0x28, 0x65, 0xDB, 0xFD, 0x5C, 0xCA, 0x1E, 0x42, 0x29, 0xBB,
    0xD2, 0x69, 0xCF, 0x41, 0x8F, 0x51, 0x4F, 0x95, 0xB2, 0x4D, 0x39, 0x02, 0x4D, 0x7F, 0x96, 0x0F,
    0x4B, 0x1C, 0x17, 0x62, 0xB8, 0x25, 0x7E, 0xCB, 0x76, 0x05, 0xDE, 0xF4, 0x41, 0xC2, 0xAF, 0x96,
    0x98, 0x4D, 0x80, 0x46, 0xCE, 0xA5, 0x6C, 0x23, 0x0A, 0x3B, 0x84, 0x26, 0x24, 0x73, 0xEB, 0xC6,
    0xA2, 0xFA, 0x6B, 0xCE, 0xFE, 0xC2, 0x52, 0x76, 0xF7, 0xC2, 0x52, 0x76, 0x13, 0x4A, 0xD9, 0xE6,
    0x55, 0x4B, 0xD9, 0xFD, 0x97, 0x95, 0xB2, 0xEF, 0x3C, 0x5F, 0xCA, 0xFE, 0x9A, 0xC9, 0x14, 0x1F,
    0x2B, 0xEB, 0x8E, 0x4B, 0xD9, 0xAA, 0x3D, 0x2E, 0x65, 0xA7, 0x9D, 0x94, 0xB2, 0x93, 0xB9, 0x94,
    0xDD, 0x7F, 0xDD, 0xA5, 0xEC, 0x37, 0xA9, 0xFD, 0xD2, 0x52, 0x76, 0x7C, 0xD4, 0x3A, 0xD5, 0x6B,
    0x29, 0x9B, 0x63, 0x92, 0x6B, 0x4B, 0xA9, 0xD9, 0xAF, 0xFF, 0xFE, 0x20, 0xB6, 0xC2, 0xE6, 0x15,
    0x97, 0x09, 0x88, 0xC4, 0x4E, 0x1C, 0x95, 0xAF, 0xFF, 0xBC, 0x0B, 0xB8, 0x59, 0x1D, 0x00, 0x3B,
    0xF2, 0x9B, 0x84, 0x75, 0x94, 0xED, 0x8A, 0x67, 0xF6, 0xFF, 0x5E, 0xCA, 0xFE, 0xF5, 0x52, 0xCA,
    0xBE, 0x34, 0xA0, 0xC5, 0xC8, 0x6C, 0x5E, 0x54, 0xCA, 0xAE, 0xFE, 0xDF, 0x97, 0xB2, 0x37, 0x2F,
    0x2E, 0x65, 0xE3, 0xB8, 0x94, 0x3D, 0xAC, 0xA5, 0xEC, 0x7B, 0xC7, 0xA5, 0xEC, 0x6A, 0x2E, 0x65,
    0xEF, 0x9F, 0x2F, 0x65, 0xA7, 0xCF, 0x95, 0xB2, 0x23, 0x1F, 0x4E, 0x72, 0xBE, 0x94, 0xB2, 0x0D,
    0x67, 0x41, 0x67, 0x62, 0xC8, 0x7F, 0xE9, 0xC3, 0x02, 0xCB, 0x22, 0x77, 0x9D, 0x02, 0xAF, 0xD5,
    0x20, 0x20, 0x5A, 0x25, 0xEF, 0xA8, 0x94, 0x9D, 0x57, 0xA1, 0x94, 0xDD, 0xFE, 0xA6, 0xA5, 0xEC,
    0x00, 0xF2, 0xCA, 0x07, 0xC6, 0xD5, 0x61, 0x4F, 0x59, 0xB0, 0x07, 0x2F, 0x4F, 0x7C, 0x28, 0x65,
    0xDB, 0x50, 0xCA, 0x0E, 0x29, 0xC5, 0xFE, 0xA5, 0xA5, 0x6C, 0xB1, 0x93, 0x7F, 0x40, 0x41, 0x60,
    0xF4, 0x33, 0xA5, 0x6C, 0xB1, 0x93, 0x72, 0x4E, 0xDA, 0x9B, 0x02, 0x14, 0x84, 0xF2, 0xDA, 0x21,
    0x5B, 0x8C, 0x68, 0x71, 0x2F, 0x2F, 0x2A, 0x65, 0x0F, 0xBF, 0xA5, 0x52, 0x36, 0x3D, 0x57, 0xCA,
    0x16, 0x49, 0x59, 0x7C, 0xED, 0x22, 0xD9, 0x87, 0x40, 0x25, 0x1D, 0x63, 0x17, 0xB0, 0xBC, 0x47,
    0xFD, 0xFE, 0x12, 0x04, 0x6D, 0xDC, 0xE2, 0x86, 0x4D, 0x78, 0xD1, 0x2D, 0xA1, 0x6F, 0x3C, 0x2C,
    0x57, 0x18, 0x5B, 0xCC, 0x6B, 0xA3, 0x81, 0xFD, 0x41, 0x58, 0x11, 0x92, 0xF6, 0x50, 0x51, 0x5A,
    0x13, 0x9D, 0x16, 0xF1, 0xC8, 0x16, 0xE7, 0xDB, 0xF4, 0xC5, 0xA8, 0xA8, 0x83, 0x09, 0x61, 0xF6,
    0x1D, 0x2B, 0x7B, 0xD1, 0x67, 0xFB, 0xC8, 0xC1, 0x4F, 0x07, 0x35, 0xDF, 0xF4, 0x13, 0x74, 0x29,
    0x55, 0x7C, 0xB3, 0x35, 0x9C, 0x26, 0xCB, 0x57, 0x7D, 0x06, 0x6F, 0xDE, 0x18, 0x54, 0xFB, 0x63,
    0x6C, 0x50, 0x6F, 0xE0, 0xB2, 0x56, 0x24, 0xEF, 0x80, 0x11, 0xFD, 0x3B, 0x2B, 0x58, 0xF2, 0x39,
    0x91, 0xD8, 0xA6, 0xD7, 0x55, 0x5B, 0x52, 0x91, 0x57, 0xC0, 0x99, 0xE9, 0x70, 0x02, 0x23, 0x3A,
    0xEB, 0x42, 0xE6, 0x1D, 0x49, 0x5D, 0x2C, 0xF5, 0x62, 0x33, 0xF2, 0xC9, 0x9B, 0xDA, 0xE4, 0x6E,
    0xD3, 0x87, 0x5C, 0x35, 0x9D, 0x6B, 0x54, 0xF7, 0x11, 0x93, 0x7B, 0x41, 0x2B, 0xA0, 0x64, 0x01,
    0x78, 0xA6, 0x15, 0x90, 0xB7, 0x41, 0x66, 0xD2, 0xFE, 0xD0, 0x0A, 0x48, 0x86, 0xE8, 0x94, 0x2D,
    0x69, 0xC4, 0x72, 0x92, 0xB7, 0x61, 0x1D, 0x05, 0x6B, 0xB3, 0x3D, 0x58, 0xB3, 0x6A, 0xC9, 0x26,
    0x42, 0x2B, 0x20, 0x59, 0x5B, 0x01, 0x9F, 0x3E, 0xD5, 0x0A, 0xA8, 0xE7, 0x56, 0xC0, 0xD9, 0xDC,
    0x0A, 0x78, 0xFD, 0xB7, 0xD4, 0x0A, 0xC0, 0xB3, 0xAD, 0x80, 0x9B, 0xB4, 0x14, 0x0A, 0x69, 0x90,
    0x9E, 0xEA, 0xCD, 0x7D, 0x88, 0x5D, 0x4A, 0xA8, 0x10, 0x56, 0xC8, 0x87, 0x55, 0xA5, 0x3A, 0x09,
    0x2B, 0xD2, 0x10, 0x56, 0x44, 0x47, 0x61, 0x85, 0x0B, 0xD2, 0x33, 0xAE, 0x11, 0xF7, 0x1A, 0xEC,
    0x65, 0x4F, 0xB5, 0x02, 0xE2, 0xD0, 0x0A, 0x88, 0x06, 0x69, 0x05, 0xE0, 0x6B, 0x69, 0x05, 0x64,
    0x2F, 0x69, 0x05, 0x74, 0x5F, 0x27, 0x99, 0x43, 0xA0, 0x64, 0xFF, 0x74, 0x2B, 0xA0, 0x0D, 0xAD,
    0x80, 0x4E, 0xD4, 0x23, 0x79, 0x59, 0x2B, 0xC0, 0xBD, 0xA4, 0x15, 0x30, 0x48, 0x2B, 0x20, 0x0A,
    0xAD, 0x80, 0xF8, 0xD9, 0x56, 0x40, 0xB1, 0xB6, 0x02, 0xCC, 0x0B, 0x5B, 0x01, 0x5F, 0x29, 0xAC,
    0xB8, 0x35, 0x87, 0x15, 0xEE, 0xF9, 0xB0, 0x62, 0x25, 0x93, 0x59, 0x10, 0x53, 0xA1, 0xAB, 0x8C,
    0xFE, 0x9A, 0x35, 0x57, 0x7F, 0xFC, 0xF1, 0xA7, 0x2E, 0xED, 0xCD, 0xD2, 0x03, 0xB8, 0x87, 0xCB,
    0xC4, 0xFA, 0xFC, 0xF6, 0xDF, 0x8D, 0xB1, 0xD4, 0xC8, 0xC7, 0x50, 0x23, 0xDF, 0x84, 0x1A, 0x79,
    0x2D, 0xD9, 0x60, 0xE4, 0x13, 0xEB, 0xD3, 0x71, 0x6B, 0x93, 0xDE, 0x73, 0x39, 0x3C, 0xED, 0x2E,
    0xA1, 0xC7, 0xB5, 0x15, 0xA0, 0xAB, 0xD0, 0x0A, 0xE8, 0xA5, 0x15, 0x90, 0x84, 0x56, 0x00, 0xE8,
    0xF1, 0x33, 0xAD, 0x80, 0xF7, 0xF1, 0x92, 0xDB, 0x1C, 0xBF, 0xDA, 0x6D, 0xC6, 0xCB, 0x6D, 0x86,
    0x8E, 0x87, 0x96, 0x8E, 0x47, 0x17, 0x5A, 0x01, 0x43, 0xD6, 0x99, 0x77, 0x3E, 0xFE, 0x4B, 0x1F,
    0x5A, 0x01, 0x67, 0xA1, 0x15, 0x30, 0x26, 0x2B, 0x99, 0xC9, 0x78, 0xC6, 0x64, 0xB6, 0xF0, 0xA1,
    0x15, 0xE0, 0x42, 0x2B, 0xC0, 0x86, 0x56, 0x40, 0xF1, 0xB2, 0x56, 0x80, 0x3E, 0x6E, 0x05, 0xDC,
    0x79, 0xB6, 0x15, 0x00, 0x44, 0x72, 0x9B, 0x71, 0x08, 0x99, 0xF2, 0xC0, 0x82, 0xA6, 0x8B, 0x9A,
    0x16, 0xF0, 0x6C, 0x5D, 0x96, 0x7F, 0x3F, 0x98, 0x58, 0x30, 0x9A, 0xF4, 0x02, 0x96, 0xA7, 0x41,
    0x0C, 0x56, 0x44, 0x85, 0x38, 0x8C, 0x66, 0x4C, 0x99, 0x68, 0x33, 0x2A, 0x4E, 0x85, 0xC6, 0xFF,
    0xCA, 0x71, 0x5C, 0xD6, 0xC3, 0xE0, 0x9F, 0xB2, 0xB3, 0x36, 0xB7, 0xC4, 0x75, 0x1B, 0x1A, 0xF0,
    0x36, 0x03, 0x0A, 0x9E, 0xB7, 0x09, 0xCE, 0x39, 0xB5, 0x6E, 0x29, 0x31, 0x2E, 0xDA, 0x78, 0x12,
    0x74, 0xD3, 0x09, 0x88, 0x3C, 0xA2, 0xA1, 0x0C, 0x5E, 0xCB, 0x54, 0x29, 0x71, 0xC5, 0x6E, 0xF2,
    0x5A, 0x93, 0xBD, 0x91, 0x22, 0x06, 0x31, 0x45, 0xC2, 0xEB, 0x50, 0x5C, 0x41, 0xC9, 0x84, 0x04,
    0x83, 0x9C, 0x0F, 0x62, 0x44, 0x8B, 0xE4, 0x11, 0x24, 0xE9, 0xAC, 0xF8, 0xE4, 0x92, 0xD2, 0xA8,
    0x81, 0x8F, 0xDF, 0xB0, 0x09, 0x66, 0x61, 0x88, 0x9C, 0xEE, 0xC5, 0xFD, 0x14, 0x22, 0xE0, 0x23,
    0x7E, 0xDB, 0x6D, 0x0D, 0x39, 0x79, 0x68, 0x02, 0x64, 0x21, 0xCA, 0xD4, 0x9F, 0x20, 0xDA, 0x5A,
    0xF9, 0x6A, 0xEC, 0x02, 0xC3, 0x7C, 0x00, 0x35, 0x4A, 0x0E, 0x7A, 0x3D, 0x0C, 0x07, 0x87, 0x03,
    0x54, 0x50, 0x45, 0xDC, 0x0A, 0xFF, 0x60, 0x63, 0xC9, 0x06, 0x65, 0xDD, 0x71, 0x5B, 0xC3, 0x3C,
    0xD5, 0xD6, 0xC8, 0x0B, 0x69, 0x6B, 0xA8, 0xB9, 0xAD, 0x51, 0x7D, 0xFD, 0x6D, 0x0D, 0x7C, 0x69,
    0x5B, 0x23, 0x3B, 0x54, 0x33, 0x97, 0xA4, 0x53, 0x46, 0xC8, 0x3C, 0x03, 0x1E, 0xBA, 0x6F, 0x82,
    0x2E, 0x39, 0xE8, 0x8A, 0xAB, 0x80, 0xCF, 0xD9, 0xE8, 0xA1, 0x48, 0xB3, 0x2B, 0x11, 0xC6, 0x5A,
    0x54, 0x3F, 0x56, 0xC8, 0x55, 0x2B, 0x97, 0x61, 0xA4, 0xAD, 0x71, 0x8F, 0x3E, 0xA3, 0x0A, 0xAA,
    0x5D, 0xDB, 0x1A, 0xD9, 0x51, 0x5B, 0x23, 0xE9, 0x8F, 0xDA, 0x1A, 0xF6, 0xC5, 0x6D, 0x8D, 0x38,
    0xB4, 0x35, 0xBA, 0xA3, 0xB6, 0xC6, 0xF0, 0xFF, 0xA9, 0xAD, 0xE1, 0x9B, 0xA3, 0xB6, 0x46, 0xBE,
    0xB6, 0x35, 0x2A, 0x29, 0x74, 0xBD, 0x62, 0x5B, 0x43, 0x8C, 0xBB, 0xA0, 0xC1, 0xC0, 0xBF, 0xA4,
    0xAD, 0x11, 0x72, 0x48, 0x41, 0x43, 0x1E, 0x29, 0xE8, 0x62, 0xF4, 0x45, 0xC6, 0x71, 0x6D, 0xA9,
    0x98, 0xBD, 0xA4, 0xAD, 0x81, 0x43, 0x5B, 0x43, 0x57, 0x4F, 0xB7, 0x35, 0x46, 0x34, 0x83, 0xB0,
    0xA3, 0x88, 0x87, 0x94, 0x37, 0x4D, 0xBB, 0x0D, 0x73, 0x4A, 0xDA, 0x1A, 0xDD, 0xA1, 0xAD, 0x91,
    0xF4, 0xA1, 0xAD, 0xB1, 0xA0, 0xE4, 0x03, 0x2A, 0x6D, 0x8D, 0x05, 0x0D, 0x6D, 0x0D, 0x41, 0x11,
    0x0B, 0x9A, 0x76, 0x87, 0xB6, 0x46, 0xD6, 0x1E, 0xDA, 0x1A, 0xAA, 0x3D, 0xB4, 0x35, 0xD4, 0xDA,
    0xD6, 0xD0, 0xC5, 0x8B, 0xDA, 0x1A, 0xA2, 0x65, 0x7E, 0x69, 0x6B, 0xE4, 0x74, 0x31, 0xB7, 0x35,
    0xFE, 0x0F, 0xD5, 0x9A, 0x31, 0xAC, 0xE5, 0xC6, 0x75, 0x86, 0x7F, 0x92, 0x7E, 0x4B, 0x58, 0x2C,
    0xC6, 0xC5, 0x6E, 0x82, 0x78, 0x11, 0xB3, 0x16, 0x10, 0x9B, 0x4D, 0xCA, 0xE8, 0x0E, 0x13, 0x15,
    0x2E, 0x5C, 0xE8, 0x21, 0xD1, 0x93, 0x01, 0xAB, 0xD8, 0x14, 0x29, 0x02, 0xA8, 0x78, 0x3D, 0xA0,
    0xF7, 0x2E, 0x6D, 0x21, 0x71, 0xE1, 0x42, 0x5B, 0x48, 0x1B, 0x24, 0xDB, 0xA8, 0xB0, 0x9A, 0x38,
    0xC0, 0xA6, 0xC7, 0x7D, 0x4B, 0xCA, 0x2A, 0x54, 0xB8, 0x30, 0x61, 0x0B, 0x49, 0xE1, 0x42, 0x8C,
    0xA5, 0x5D, 0x41, 0x52, 0x21, 0x2A, 0xA2, 0x76, 0xE7, 0xAD, 0xE6, 0xF2, 0x84, 0xE7, 0x1C, 0x72,
    0xEE, 0xBE, 0xB7, 0xD2, 0x4A, 0x8A, 0x65, 0x47, 0xB9, 0x58, 0xF0, 0xFC, 0xF7, 0xEE, 0xBB, 0xE4,
    0x9C, 0x99, 0x73, 0xCE, 0x7C, 0x33, 0x73, 0x01, 0x44, 0x07, 0xE0, 0x57, 0x46, 0x44, 0x15, 0x80,
    0x7A, 0xB2, 0x0E, 0x88, 0xC7, 0x7D, 0xFC, 0x11, 0x01, 0x49, 0x0F, 0xA0, 0xA8, 0x90, 0x35, 0x00,
    0x4C, 0x23, 0x96, 0x2F, 0x69, 0xBF, 0xF7, 0x24, 0xBF, 0x4F, 0x88, 0x68, 0x6B, 0x4B, 0x60, 0xB2,
    0x34, 0x02, 0xD8, 0x2B, 0x71, 0xE8, 0xA1, 0x2F, 0x52, 0xC3, 0xDF, 0xAF, 0x7F, 0x4C, 0x25, 0x4C,
    0x93, 0x12, 0x51, 0x87, 0xA4, 0x37, 0x1F, 0xD1, 0x75, 0x37, 0x59, 0x5B, 0x7A, 0x78, 0x44, 0xC3,
    0x31, 0xBE, 0x81, 0x23, 0x60, 0xD8, 0x5C, 0x3A, 0x38, 0x38, 0x06, 0x9C, 0x5F, 0xCB, 0xDD, 0x9C,
    0x5B, 0x6C, 0x34, 0x96, 0x60, 0x2B, 0xED, 0x89, 0x06, 0x27, 0xED, 0x88, 0x7B, 0x6F, 0xD8, 0x26,
    0xFD, 0xC6, 0x54, 0x62, 0x57, 0xF2, 0x3E, 0x6B, 0x0B, 0xB1, 0x79, 0x63, 0x7E, 0xDC, 0xB3, 0x4F,
    0xC8, 0x7E, 0x35, 0x02, 0xE9, 0x16, 0x49, 0x5F, 0xDF, 0x7B, 0x8A, 0x7A, 0xE0, 0xAA, 0x99, 0xFD,
    0xC5, 0x21, 0xBD, 0x85, 0xE5, 0x75, 0xB0, 0x3F, 0x8B, 0xA8, 0xA6, 0xE5, 0xE3, 0x9C, 0x3D, 0x2B,
    0x45, 0xDA, 0xB7, 0x10, 0xD5, 0xAD, 0xC8, 0x2D, 0x80, 0xB4, 0x17, 0xC9, 0xDE, 0x46, 0x4E, 0xA4,
    0x5C, 0x55, 0x6E, 0x71, 0x50, 0x46, 0x83, 0xC8, 0x35, 0x11, 0x49, 0x3B, 0xE6, 0x9B, 0x35, 0x22,
    0xF1, 0x24, 0x2E, 0xEB, 0x7D, 0xB5, 0x8F, 0xDA, 0x20, 0x93, 0x3E, 0xA6, 0x32, 0x26, 0xA2, 0x01,
    0x91, 0x37, 0xD4, 0xF1, 0xF7, 0x09, 0xD8, 0x14, 0xB7, 0xEF, 0xD2, 0x3B, 0x57, 0x6E, 0xD5, 0x15,
    0x56, 0x16, 0xB5, 0x43, 0xC1, 0x03, 0x60, 0x57, 0xA8, 0x5F, 0xC0, 0x23, 0x48, 0x5A, 0xD8, 0x6F,
    0x47, 0xDC, 0xBB, 0x7B, 0xDF, 0xEF, 0x50, 0x20, 0x25, 0xDA, 0xC6, 0x44, 0x2C, 0xCD, 0x5B, 0x51,
    0x5D, 0xA8, 0xB4, 0x80, 0xA1, 0xAB, 0xFC, 0x38, 0xF6, 0x20, 0xD9, 0x8A, 0x57, 0xB1, 0x9B, 0xA4,
    0x13, 0xC9, 0x2E, 0xC5, 0x3D, 0xCB, 0x95, 0x71, 0x8B, 0xDC, 0x58, 0xFE, 0x03, 0xF1, 0xC5, 0xFF,
    0x29, 0x4B, 0x0F, 0x79, 0x3F, 0x99, 0x8C, 0x87, 0xDC, 0x74, 0xA8, 0x81, 0x82, 0x5A, 0xA0, 0x6E,
    0x60, 0x4F, 0x7F, 0x40, 0x39, 0xBD, 0x7C, 0x63, 0xE4, 0x47, 0x91, 0x63, 0x3F, 0x7A, 0xE9, 0xD0,
    0x6A, 0xF2, 0xF7, 0x14, 0xF8, 0x72, 0x42, 0xAE, 0xF8, 0xE4, 0x90, 0x8B, 0x42, 0xC8, 0x35, 0x6A,
    0x4D, 0x8B, 0x68, 0x1F, 0x72, 0xD3, 0x35, 0x3F, 0x2C, 0x1E, 0x12, 0x79, 0x18, 0x9C, 0x39, 0xAD,
    0x89, 0x3D, 0x2A, 0x5E, 0xA5, 0x91, 0xAD, 0x35, 0xDD, 0xD7, 0xD8, 0xD9, 0x4D, 0x51, 0x81, 0xAD,
    0xB7, 0x50, 0x7B, 0xA4, 0xD6, 0x6D, 0xCE, 0x58, 0x3F, 0xD9, 0xE8, 0xA5, 0xC9, 0xFA, 0x67, 0xA5,
    0x9B, 0xDC, 0x66, 0x85, 0x64, 0x98, 0xE4, 0xCA, 0x72, 0x07, 0x25, 0x7D, 0x51, 0x34, 0x66, 0x84,
    0x69, 0xCD, 0xF3, 0xA7, 0x75, 0x7D, 0xBB, 0xAE, 0xD2, 0x84, 0xC8, 0xC8, 0xA3, 0xD6, 0x43, 0x44,
    0x1D, 0xB8, 0xE1, 0xDA, 0x0F, 0x97, 0x89, 0x38, 0xBA, 0x23, 0x92, 0x21, 0x47, 0x32, 0x96, 0xB8,
    0x3C, 0x4A, 0xD3, 0x81, 0x35, 0xA0, 0xA1, 0x5C, 0x41, 0x42, 0xDC, 0x4C, 0xB6, 0x9D, 0xFA, 0x21,
    0x2F, 0x79, 0x84, 0xC9, 0xAD, 0xE7, 0xEF, 0x79, 0xE9, 0x87, 0xA8, 0xD6, 0x88, 0x43, 0xBC, 0x55,
    0x0B, 0x0B, 0x4D, 0xBD, 0x5C, 0x52, 0xAF, 0x47, 0xD6, 0x98, 0xDB, 0x92, 0x7A, 0x9D, 0xA6, 0x5E,
    0xD2, 0x1F, 0xC3, 0xE1, 0x31, 0x4E, 0x21, 0xE0, 0xD2, 0x31, 0xA7, 0x14, 0x0A, 0x1A, 0x27, 0xEB,
    0x62, 0x52, 0x9B, 0x9D, 0x02, 0x6C, 0xA5, 0x3D, 0x49, 0xEF, 0xF2, 0x4A, 0xAC, 0x2F, 0xC0, 0xB6,
    0xDB, 0x88, 0xCD, 0x9A, 0xC7, 0xF2, 0x52, 0xC6, 0xCB, 0x4A, 0x7B, 0x6D, 0x69, 0xBE, 0xC7, 0x3E,
    0x8E, 0xC8, 0x5E, 0xDD, 0x02, 0x19, 0x3F, 0x89, 0xEE, 0xFD, 0x80, 0xFD, 0xAE, 0xF2, 0x25, 0xA1,
    0x6A, 0x7E, 0x3B, 0xBF, 0x2E, 0xED, 0x07, 0x59, 0xCB, 0x08, 0x85, 0x10, 0xA1, 0x4A, 0x75, 0x71,
    0x0B, 0xD1, 0x61, 0x1F, 0xDC, 0x42, 0xEC, 0x54, 0xCB, 0x78, 0xF8, 0xA0, 0xF5, 0x22, 0x5D, 0x77,
    0x50, 0x2E, 0x9F, 0x5B, 0x22, 0xFA, 0xD5, 0xA0, 0xDA, 0x90, 0x14, 0xA1, 0x25, 0x09, 0x2F, 0x50,
    0x83, 0xF0, 0xCA, 0xFB, 0x9D, 0x8E, 0x3D, 0x62, 0xAA, 0x62, 0x19, 0x1B, 0x6C, 0x61, 0xA8, 0x5F,
    0xCB, 0xF8, 0xC0, 0xA2, 0x78, 0xEF, 0x2E, 0xDD, 0x7A, 0x86, 0xB8, 0x51, 0xA5, 0x05, 0x7F, 0x78,
    0xD8, 0xF0, 0xD8, 0xAC, 0xB0, 0x7E, 0x1D, 0x19, 0xF5, 0xDC, 0x0F, 0x8F, 0xC2, 0x52, 0x37, 0xFD,
    0x63, 0xCD, 0x35, 0xC0, 0x53, 0x59, 0x49, 0x1C, 0x63, 0x8C, 0xD8, 0x3F, 0xD1, 0x91, 0x43, 0xD1,
    0xAB, 0x76, 0x59, 0x0F, 0xD3, 0xA9, 0x26, 0x6A, 0xF8, 0x5B, 0xAA, 0x47, 0xBE, 0x42, 0xFA, 0x76,
    0xB3, 0x2F, 0x3A, 0x67, 0x7D, 0xA4, 0xD9, 0x51, 0xF0, 0x73, 0xAD, 0x66, 0xA1, 0x2D, 0x51, 0x20,
    0x6F, 0x00, 0xDB, 0xC3, 0x36, 0xB0, 0xC8, 0x06, 0xF0, 0xB3, 0xA8, 0xC3, 0x16, 0xF1, 0x94, 0x93,
    0x8E, 0xAE, 0x7F, 0x3C, 0x3E, 0xE3, 0xA4, 0x24, 0xB5, 0x96, 0x7A, 0xE9, 0x87, 0x0B, 0xB4, 0x45,
    0x4A, 0x65, 0x3E, 0x02, 0x98, 0xD3, 0xB3, 0x9C, 0xD5, 0x05, 0x22, 0xBA, 0x8A, 0x50, 0xC4, 0xB6,
    0x2A, 0xA7, 0x8F, 0x2E, 0xF0, 0x00, 0x6A, 0x51, 0x90, 0x07, 0xCE, 0x59, 0x9B, 0x76, 0x22, 0xF9,
    0x9A, 0xA8, 0x1C, 0xA2, 0x03, 0xA4, 0x2D, 0xA0, 0x61, 0x3A, 0xE6, 0x4D, 0xB8, 0x19, 0x89, 0xE2,
    0xEC, 0x3C, 0xDC, 0x22, 0xBC, 0xEA, 0x32, 0x48, 0xD3, 0xCC, 0x65, 0xB0, 0x45, 0xDA, 0x6B, 0xEF,
    0x93, 0x47, 0xDC, 0x17, 0xEF, 0xDD, 0xA1, 0x97, 0xD7, 0xB7, 0x79, 0x5A, 0x90, 0xBE, 0xB7, 0xB0,
    0x80, 0x97, 0xAE, 0x7F, 0x14, 0xA6, 0x84, 0xFF, 0x36, 0xF7, 0x3C, 0x2E, 0x5D, 0xA9, 0xB0, 0x91,
    0x8E, 0xCF, 0x88, 0x44, 0x8E, 0xD1, 0x58, 0xAB, 0x8C, 0x1D, 0x0A, 0x19, 0xD6, 0x8D, 0xF4, 0xBA,
    0x96, 0x36, 0xE9, 0xF4, 0x4E, 0x65, 0xE8, 0x73, 0xA7, 0x5D, 0x2E, 0x19, 0x20, 0x3D, 0xAE, 0x49,
    0x60, 0x59, 0xF6, 0xF2, 0x5E, 0xFA, 0x9B, 0xC7, 0xD3, 0x56, 0xDC, 0xDD, 0x23, 0x95, 0x88, 0x49,
    0x7B, 0xDB, 0x8E, 0xD7, 0xEA, 0xB9, 0xB3, 0x53, 0xF6, 0x43, 0xFB, 0x1A, 0x87, 0xE4, 0xB4, 0x9B,
    0x43, 0x11, 0x9C, 0x6B, 0xA0, 0x94, 0xC0, 0x82, 0xA4, 0x2F, 0x6D, 0x51, 0xF1, 0x63, 0x8F, 0x4C,
    0xC3, 0x66, 0x93, 0x35, 0x5C, 0xFE, 0x36, 0xA6, 0xE1, 0xEA, 0x47, 0x79, 0x05, 0x36, 0xA4, 0x39,
    0xEF, 0x35, 0x5C, 0xC7, 0x79, 0xA0, 0x4A, 0x40, 0x47, 0x25, 0xA3, 0x16, 0x59, 0x8B, 0x9A, 0x38,
    0xF9, 0x92, 0xF1, 0x5F, 0xA8, 0x4C, 0x7A, 0xD3, 0xA3, 0x68, 0xE2, 0x81, 0xCB, 0x6B, 0x17, 0x0D,
    0x56, 0xC6, 0xCD, 0x1D, 0xF1, 0x94, 0x0A, 0xE7, 0xD9, 0xDF, 0x60, 0xDC, 0x6C, 0xA2, 0x12, 0x03,
    0x06, 0xB7, 0x76, 0xD1, 0x10, 0xF5, 0x5B, 0xDA, 0xC6, 0x7D, 0xDC, 0xD7, 0xC3, 0x7A, 0xBA, 0x63,
    0xBF, 0xAE, 0x8A, 0xB4, 0x4B, 0x3B, 0x5B, 0x5A, 0xD3, 0x9B, 0x66, 0x2A, 0xA8, 0x66, 0xAC, 0xAB,
    0x84, 0xBC, 0xB5, 0x23, 0x50, 0x77, 0x47, 0xF9, 0xC0, 0x55, 0xE9, 0x49, 0x49, 0x5E, 0x29, 0xD5,
    0xB1, 0xA6, 0x5E, 0x76, 0xAF, 0xC4, 0xDA, 0x4B, 0x84, 0xFB, 0x9B, 0x28, 0xF8, 0xE9, 0x96, 0x4D,
    0xDC, 0x73, 0xF8, 0x5E, 0x3A, 0xE8, 0xAD, 0x24, 0xA9, 0x3F, 0x46, 0x32, 0xD7, 0xB6, 0x4B, 0x88,
    0x6A, 0x4D, 0xCD, 0xD4, 0xCF, 0x81, 0x02, 0xC9, 0x4C, 0x5B, 0x16, 0x9C, 0x94, 0xA6, 0xA9, 0xC7,
    0x67, 0xB6, 0xC8, 0x1A, 0x6F, 0xB1, 0x46, 0xD2, 0xB9, 0x02, 0x96, 0x6B, 0x94, 0x45, 0x31, 0x99,
    0x9A, 0xAE, 0xAE, 0x11, 0xF7, 0x96, 0x68, 0xCB, 0xE6, 0x1A, 0x71, 0x9D, 0xBE, 0xC9, 0xF3, 0x06,
    0x97, 0x3B, 0x40, 0x8D, 0x14, 0x37, 0xC4, 0x57, 0xC5, 0x24, 0xDD, 0xF4, 0xCF, 0x23, 0xE5, 0x8A,
    0xB9, 0x01, 0x07, 0x49, 0xB3, 0x46, 0xEE, 0xF9, 0x79, 0xEF, 0x52, 0xFD, 0xB3, 0x11, 0x19, 0x6D,
    0x0B, 0x72, 0x88, 0xA8, 0x4B, 0xA9, 0x0A, 0xB5, 0x5C, 0x4B, 0xB9, 0x56, 0x72, 0x29, 0xE4, 0x76,
    0x2B, 0x21, 0x73, 0x62, 0xD5, 0xDB, 0xBC, 0xE4, 0x2A, 0xEE, 0x4C, 0xC5, 0x45, 0xDC, 0x9B, 0x2A,
    0x15, 0x7C, 0x42, 0x44, 0x6C, 0xEF, 0xAF, 0xE0, 0x71, 0x70, 0x13, 0x9C, 0x98, 0x45, 0x09, 0xAD,
    0x09, 0xF1, 0x78, 0xC8, 0x4D, 0x4A, 0xFA, 0xC8, 0x71, 0x5E, 0x71, 0x81, 0x4B, 0xDA, 0x83, 0x83,
    0x83, 0xC9, 0x74, 0xD2, 0x55, 0xC1, 0xA4, 0xA7, 0x92, 0x85, 0x52, 0x46, 0xD2, 0x76, 0x2E, 0xD2,
    0x56, 0x13, 0x6B, 0xA5, 0xC6, 0x42, 0x2B, 0x98, 0x56, 0xCB, 0xBC, 0x91, 0xC7, 0x66, 0x0E, 0xC8,
    0x07, 0xC4, 0xF4, 0xCE, 0xD3, 0xD4, 0x48, 0xE5, 0x1C, 0x15, 0x88, 0xAE, 0x22, 0xBC, 0x42, 0x81,
    0x40, 0x1C, 0x6A, 0xA9, 0x8C, 0x31, 0x8D, 0x2A, 0x99, 0x49, 0xD2, 0xA5, 0xB0, 0x7A, 0xC0, 0xFC,
    0x82, 0xFF, 0x48, 0x81, 0x22, 0x7F, 0xBC, 0x0F, 0xBA, 0x88, 0x55, 0x47, 0x3E, 0x3A, 0x28, 0x12,
    0xD5, 0x12, 0xDA, 0xAF, 0x75, 0xBB, 0xC2, 0x4D, 0x4D, 0x28, 0x15, 0x97, 0x09, 0xBB, 0xD7, 0xBA,
    0xD9, 0xE9, 0x8C, 0x99, 0x29, 0xD2, 0x09, 0x25, 0x19, 0x0C, 0xB5, 0xEB, 0x79, 0xE2, 0xF0, 0xC5,
    0xDB, 0x77, 0xE9, 0xDE, 0x53, 0xD2, 0xAD, 0x1B, 0x0B, 0x72, 0x33, 0x24, 0xAC, 0x56, 0xA8, 0x5F,
    0x04, 0x0A, 0xF1, 0xF1, 0x51, 0x99, 0xEB, 0xE4, 0x0B, 0x56, 0x32, 0xF2, 0xD7, 0xDB, 0x58, 0x20,
    0x29, 0x3F, 0x45, 0xFE, 0x71, 0x07, 0xD1, 0xB6, 0x42, 0x44, 0x8D, 0xEA, 0x2D, 0xBB, 0x58, 0x89,
    0x16, 0x72, 0xB2, 0x10, 0x9D, 0xF5, 0x41, 0xDB, 0xBC, 0x9B, 0xF0, 0xA0, 0x00, 0xFE, 0x7E, 0xD2,
    0xB6, 0x8F, 0x7B, 0xD6, 0x1B, 0x7E, 0x6E, 0x1F, 0x0F, 0x7C, 0xAF, 0x2D, 0xB0, 0x89, 0xFB, 0xC4,
    0x71, 0xA5, 0x26, 0xC0, 0x47, 0x2E, 0xD9, 0xA2, 0xEE, 0x13, 0xAA, 0x92, 0x01, 0xE3, 0x8D, 0xFA,
    0x67, 0x1F, 0x8F, 0x37, 0xDE, 0xBF, 0x57, 0x77, 0xA8, 0x29, 0xE7, 0x4A, 0xFD, 0x2A, 0x37, 0x2F,
    0x77, 0x31, 0x55, 0xF9, 0x16, 0x6B, 0xC7, 0x53, 0xE6, 0x93, 0xCA, 0xAF, 0x4C, 0x55, 0x29, 0x49,
    0x81, 0x31, 0x93, 0xE4, 0x92, 0x58, 0x22, 0x1E, 0x3C, 0x24, 0xBD, 0x8F, 0xB0, 0xE2, 0x38, 0x58,
    0xC1, 0x96, 0x97, 0xFE, 0xA6, 0x5F, 0x09, 0x82, 0x0E, 0x5E, 0xBF, 0x30, 0x70, 0x66, 0x5D, 0x20,
    0x45, 0x4F, 0xB3, 0x0C, 0x85, 0x18, 0xDC, 0xDC, 0xCD, 0xB4, 0xCA, 0x1F, 0x05, 0x75, 0x90, 0xFA,
    0xC3, 0xC9, 0x60, 0xC6, 0xA7, 0x5E, 0xE2, 0x78, 0xAA, 0x24, 0xAC, 0x8E, 0x21, 0xC6, 0x07, 0xC3,
    0xD1, 0xE5, 0x82, 0xE1, 0xAF, 0x7B, 0xED, 0xB8, 0x8D, 0xDE, 0xF3, 0x58, 0x11, 0x99, 0xBF, 0x9E,
    0x78, 0x29, 0xC0, 0x45, 0x8F, 0x84, 0xDE, 0x79, 0x86, 0x1A, 0xA9, 0x85, 0x5B, 0x9D, 0x7C, 0xAA,
    0x87, 0xD4, 0xC9, 0xFC, 0x8B, 0xD5, 0xC9, 0xC0, 0x88, 0x11, 0x05, 0x42, 0x2C, 0x1C, 0x17, 0xF0,
    0x98, 0x04, 0x3A, 0x93, 0xD3, 0xBA, 0x42, 0xDC, 0x67, 0x2D, 0xDF, 0xC7, 0x81, 0x81, 0x1A, 0xFE,
    0xD2, 0xC1, 0x04, 0xD3, 0xF0, 0xB5, 0x04, 0xF9, 0x66, 0x36, 0x89, 0x50, 0xEC, 0xF4, 0x0C, 0x31,
    0x05, 0xC4, 0x58, 0x31, 0x7E, 0x05, 0xEC, 0xAB, 0x71, 0x32, 0x3F, 0x45, 0x9E, 0x2B, 0x0E, 0x62,
    0x2E, 0xC1, 0x79, 0x93, 0x30, 0x10, 0x66, 0xF7, 0x6E, 0xBC, 0xFF, 0x2E, 0x83, 0x05, 0x7D, 0x8F,
    0x46, 0xF0, 0x50, 0xD6, 0x1A, 0xEC, 0x17, 0x03, 0x85, 0x84, 0x94, 0x22, 0xF2, 0x2A, 0xD2, 0xF1,
    0x78, 0x1E, 0x90, 0xBC, 0xDB, 0x14, 0x7F, 0x2B, 0xCA, 0x96, 0xCE, 0x2C, 0x8B, 0x0D, 0x37, 0x8F,
    0x9E, 0xC7, 0x56, 0xD1, 0x37, 0x1E, 0xB0, 0xA6, 0x25, 0xCF, 0x72, 0xA7, 0xAE, 0x0F, 0x3A, 0xC1,
    0x69, 0xDF, 0x97, 0x0B, 0x6D, 0x8D, 0x2A, 0x74, 0x8A, 0x8A, 0x47, 0xAE, 0x38, 0x4F, 0xD1, 0x47,
    0xA3, 0xA1, 0x16, 0xB6, 0x92, 0x8F, 0xAF, 0xF7, 0x12, 0x0E, 0xF4, 0xDE, 0x36, 0x76, 0xF0, 0xB8,
    0x08, 0xFB, 0x57, 0x7E, 0xB2, 0x2E, 0xA5, 0x8A, 0x47, 0x76, 0x03, 0x57, 0x50, 0xCF, 0x43, 0x7D,
    0x04, 0x6F, 0x1F, 0x1F, 0x4C, 0xF3, 0x53, 0xAC, 0xB0, 0x59, 0x41, 0x96, 0x69, 0x2B, 0xD8, 0xA0,
    0x88, 0xBE, 0xDB, 0x8B, 0x4A, 0x3E, 0x24, 0x92, 0xDA, 0xF4, 0x98, 0x69, 0xD6, 0x54, 0x32, 0x53,
    0x1E, 0xD9, 0x16, 0xFB, 0xB0, 0x92, 0xB3, 0xDC, 0xDE, 0x51, 0x62, 0x91, 0x2A, 0x29, 0xF9, 0x49,
    0x8F, 0x7C, 0x9A, 0x4D, 0xFB, 0xE4, 0xE5, 0xBA, 0x93, 0xA2, 0xC3, 0xA5, 0xB3, 0xE2, 0x82, 0xFB,
    0x16, 0x62, 0x72, 0x01, 0x5B, 0x02, 0xB3, 0x04, 0x60, 0x99, 0xDE, 0x18, 0x2A, 0x05, 0x55, 0x8A,
    0x27, 0x1A, 0x8D, 0x99, 0xB4, 0x15, 0x3E, 0x59, 0x25, 0x9D, 0x10, 0x8A, 0x9D, 0xAC, 0x94, 0xE0,
    0x27, 0x9A, 0x99, 0x4D, 0x4A, 0x05, 0x93, 0xF1, 0x1C, 0x95, 0x98, 0x26, 0xA2, 0x7C, 0xCB, 0xAD,
    0xD1, 0x70, 0x8C, 0x87, 0xFC, 0xED, 0x91, 0xD1, 0xCF, 0xDB, 0xA4, 0xE7, 0x3B, 0x6E, 0x8E, 0x95,
    0x84, 0x8E, 0x36, 0x53, 0xE4, 0x4C, 0xF6, 0x31, 0x6F, 0x89, 0x26, 0xBB, 0x5A, 0xAC, 0x63, 0x32,
    0x67, 0x9B, 0xB5, 0x6A, 0x4D, 0x25, 0xD6, 0x0B, 0x3D, 0xE3, 0xC8, 0x17, 0x12, 0x07, 0x9B, 0x8D,
    0x56, 0x0B, 0x7F, 0x94, 0x03, 0x5B, 0x0E, 0x28, 0x53, 0x61, 0x44, 0x32, 0x14, 0x1C, 0xAF, 0xC8,
    0x7A, 0xF3, 0xDC, 0x78, 0x83, 0xDE, 0xAD, 0x1B, 0xF3, 0x8A, 0x54, 0x06, 0x44, 0x28, 0xB6, 0xA8,
    0xDD, 0x97, 0x39, 0x11, 0xB9, 0x33, 0x2B, 0x09, 0xAB, 0x66, 0x06, 0x38, 0x6D, 0x3D, 0xBB, 0xCA,
    0x55, 0x21, 0xEE, 0x63, 0xF6, 0x2E, 0x1A, 0x32, 0xAE, 0x0A, 0x18, 0x34, 0x02, 0x9D, 0x85, 0x98,
    0x13, 0x35, 0x5E, 0x8D, 0x0B, 0x86, 0xE3, 0x91, 0xE7, 0x5B, 0x99, 0x7D, 0x79, 0x24, 0x26, 0x93,
    0xF6, 0x93, 0x3A, 0x66, 0x6E, 0x35, 0xAD, 0x2D, 0x73, 0x8F, 0xA2, 0xC9, 0xEF, 0xD5, 0xF5, 0xBB,
    0x84, 0x94, 0xB6, 0x39, 0x79, 0xC6, 0x8A, 0x98, 0xDA, 0xCF, 0x74, 0xF3, 0xE8, 0x8B, 0xCE, 0xB7,
    0xC9, 0xEC, 0x66, 0x1D, 0x8A, 0x43, 0xC6, 0xE5, 0xAE, 0x95, 0xF4, 0x48, 0xBA, 0x84, 0xAE, 0x51,
    0xC3, 0xF4, 0xC4, 0x13, 0x4D, 0x5F, 0x34, 0x88, 0x07, 0xA1, 0x27, 0x78, 0xF5, 0x6F, 0xA3, 0xFE,
    0xA9, 0xE1, 0x0F, 0x9D, 0x98, 0xC1, 0x45, 0x65, 0x32, 0x44, 0x4C, 0x4F, 0xE9, 0xF4, 0xBD, 0x91,
    0xB6, 0x66, 0xBA, 0x4B, 0xDD, 0xAD, 0x2D, 0x92, 0x6E, 0x5D, 0x16, 0x2B, 0x99, 0x84, 0xAD, 0x85,
    0xAD, 0xCC, 0xAD, 0xDA, 0xDE, 0x26, 0x24, 0xE4, 0x4D, 0x70, 0xF3, 0x53, 0xE8, 0xE9, 0xB4, 0x44,
    0xFD, 0xE9, 0xF4, 0xF4, 0xD4, 0x64, 0x84, 0x9E, 0x56, 0x67, 0xE8, 0xE9, 0xAC, 0x9B, 0x6B, 0x44,
    0x14, 0x53, 0x59, 0x54, 0x19, 0xFD, 0x82, 0x33, 0xB7, 0x78, 0xE3, 0x8D, 0xB7, 0x5D, 0xDA, 0xD9,
    0xEC, 0x7D, 0x78, 0xDE, 0x4D, 0xB9, 0x81, 0x93, 0xA4, 0xF7, 0xF9, 0x95, 0xFF, 0x1C, 0xE3, 0xDE,
    0x17, 0x86, 0x26, 0xE3, 0x8A, 0x78, 0x5C, 0xC5, 0xB2, 0xFC, 0xDB, 0xC8, 0x6A, 0x30, 0xF2, 0x49,
    0xEF, 0xD3, 0x89, 0x47, 0x92, 0xCE, 0x47, 0x8C, 0xB8, 0xED, 0x09, 0x8A, 0x91, 0x3D, 0xD2, 0x8A,
    0x2F, 0xEB, 0x68, 0x2B, 0x15, 0x27, 0xDA, 0xF2, 0x93, 0x05, 0x2D, 0x78, 0x11, 0xD8, 0x02, 0x45,
    0xC0, 0x8A, 0x97, 0xF0, 0x99, 0xA3, 0x79, 0xFC, 0xB0, 0xD1, 0x2C, 0x3E, 0x69, 0x34, 0x77, 0xF4,
    0x74, 0x11, 0x97, 0x50, 0x54, 0x31, 0x3D, 0xCE, 0xE5, 0xC6, 0xD0, 0x2F, 0xC9, 0x67, 0x6D, 0xF1,
    0xFC, 0x1B, 0xD5, 0xCD, 0xA4, 0x5B, 0x4D, 0xDE, 0x5A, 0xF6, 0xF6, 0xCA, 0x7F, 0x50, 0x22, 0x6E,
    0x12, 0x7B, 0x1B, 0x8F, 0x56, 0xDD, 0x3C, 0x66, 0x37, 0x4F, 0x9F, 0xF6, 0x93, 0x49, 0x88, 0x06,
    0xC6, 0xC2, 0x43, 0xAA, 0x38, 0x4C, 0xA3, 0x7D, 0x5E, 0xF8, 0xA2, 0xA6, 0x32, 0x6D, 0x8F, 0xD8,
    0xF7, 0xC9, 0xE9, 0xD8, 0xA5, 0x5D, 0xDE, 0xE4, 0xD5, 0x90, 0xB4, 0xBC, 0xF0, 0xBA, 0x99, 0xFF,
    0xE3, 0x88, 0x98, 0x83, 0x76, 0xE0, 0x1A, 0x9F, 0xC9, 0x5C, 0x16, 0xC9, 0x68, 0x46, 0xBA, 0xBE,
    0x9D, 0x97, 0xC1, 0xEB, 0xB7, 0xB0, 0xEE, 0x38, 0xC9, 0xA3, 0x7B, 0x8C, 0xA5, 0x92, 0x06, 0x49,
    0x8F, 0xB4, 0xDD, 0x20, 0xE9, 0x84, 0x3E, 0xF9, 0x5D, 0xE3, 0xB9, 0x82, 0x25, 0x1F, 0x0C, 0x88,
    0x78, 0x51, 0xD4, 0x03, 0xF5, 0x98, 0xF1, 0xD8, 0xDA, 0xD1, 0xDC, 0x1E, 0x11, 0x8F, 0xFF, 0xCC,
    0x1C, 0x97, 0x75, 0xB0, 0xF8, 0x26, 0x4F, 0xD6, 0xF6, 0x49, 0x49, 0x59, 0x4B, 0x03, 0x9E, 0x65,
    0x43, 0x3A, 0xF3, 0xD6, 0x3A, 0x39, 0xA7, 0xBD, 0xD3, 0x99, 0x61, 0x97, 0x8D, 0xFB, 0x9A, 0xA2,
    0x4E, 0x4C, 0xC4, 0x7B, 0x72, 0x6B, 0x9D, 0xB5, 0x6C, 0x95, 0x12, 0xB2, 0xCE, 0x9C, 0x1E, 0xBE,
    0x7F, 0xAB, 0x6E, 0x64, 0x13, 0x83, 0xD8, 0x23, 0xE9, 0x6B, 0xDD, 0x5C, 0xE1, 0x8E, 0x00, 0x52,
    0xD2, 0x81, 0x7D, 0x95, 0x1B, 0xF7, 0x44, 0x45, 0x80, 0x37, 0x15, 0x55, 0xF1, 0x60, 0x7E, 0xCE,
    0x53, 0x75, 0x4A, 0x42, 0xD5, 0xD4, 0xCA, 0xFE, 0x16, 0xB8, 0x76, 0xF2, 0x0D, 0x46, 0x92, 0x30,
    0x61, 0x86, 0x81, 0xAE, 0xF5, 0x4E, 0x79, 0xBA, 0xCA, 0x1B, 0x0E, 0x1A, 0x2B, 0x11, 0x74, 0x24,
    0xFB, 0x41, 0x5E, 0xEA, 0xAF, 0x0F, 0x4C, 0x91, 0x85, 0xEB, 0xEE, 0xF3, 0x0D, 0x5F, 0xAB, 0x63,
    0x99, 0x1B, 0x6D, 0xC9, 0xE3, 0x9F, 0x77, 0x48, 0x18, 0x76, 0x5E, 0xAC, 0x7B, 0x80, 0xE6, 0x29,
    0xC3, 0xE1, 0xCB, 0xA7, 0xA7, 0xAC, 0x0F, 0xDC, 0xCE, 0xB3, 0xD7, 0x09, 0x8F, 0x72, 0x09, 0x8B,
    0xE4, 0xF4, 0xB0, 0x41, 0x81, 0xAC, 0x4D, 0x3B, 0xE4, 0x42, 0xEE, 0x30, 0x25, 0xA2, 0xEF, 0x4F,
    0xA6, 0x8A, 0x88, 0xD8, 0x18, 0x35, 0xF6, 0x2D, 0x69, 0xBD, 0x4C, 0xF3, 0x79, 0x39, 0xF3, 0x92,
    0x63, 0x63, 0x17, 0x23, 0x1F, 0x9E, 0x60, 0xA3, 0x98, 0xC6, 0x1E, 0x66, 0x3D, 0xBB, 0x88, 0x75,
    0x8B, 0x94, 0x5E, 0x3E, 0xA4, 0xDD, 0xEE, 0xC9, 0x05, 0x4E, 0xA5, 0xDD, 0x8A, 0x5E, 0x4C, 0xE0,
    0x28, 0x95, 0x0A, 0x53, 0x2A, 0x95, 0xA8, 0x54, 0xCF, 0x58, 0x25, 0x7A, 0x66, 0xAB, 0xA0, 0x37,
    0x99, 0x6A, 0xA5, 0x2C, 0xD5, 0x0B, 0x6A, 0x05, 0x78, 0x27, 0x51, 0x01, 0xBA, 0x42, 0x2B, 0xC6,
    0x20, 0x79, 0x80, 0x62, 0xE2, 0xF4, 0x7F, 0x8F, 0x2A, 0x70, 0x62, 0xB6, 0x85, 0x76, 0x69, 0xD6,
    0x14, 0x6F, 0x7F, 0x48, 0xA7, 0x07, 0x74, 0x9D, 0x27, 0x05, 0x0B, 0x1E, 0x1E, 0x8F, 0x63, 0x24,
    0xBD, 0x02, 0xFB, 0x4F, 0x65, 0x61, 0xC7, 0x3B, 0x9D, 0x23, 0x70, 0x89, 0x97, 0x75, 0x32, 0x18,
    0x4D, 0x41, 0xC4, 0x9A, 0x81, 0xFD, 0x03, 0x12, 0xAD, 0xC0, 0xBE, 0x05, 0x58, 0xB3, 0xA9, 0x75,
    0xED, 0x1E, 0xEB, 0x62, 0x5D, 0xF4, 0x0E, 0xD8, 0x93, 0x2E, 0xEF, 0xB0, 0x8F, 0x42, 0x1D, 0x55,
    0x60, 0xD7, 0x0D, 0x2D, 0x05, 0x76, 0xDD, 0xD4, 0x52, 0x60, 0xD7, 0x8D, 0xAD, 0x68, 0x48, 0x3C,
    0x6A, 0xDD, 0xDC, 0xC2, 0x78, 0x38, 0x35, 0x58, 0x37, 0xB8, 0x14, 0xD8, 0x35, 0xBB, 0x15, 0xD8,
    0xE7, 0x75, 0x09, 0x10, 0x0A, 0x7A, 0x28, 0xEA, 0x61, 0x11, 0xA5, 0x7F, 0x21, 0xC5, 0x7D, 0xED,
    0x45, 0x6A, 0x81, 0x17, 0xA9, 0x45, 0x5E, 0xA4, 0x16, 0x7A, 0x56, 0x5C, 0xEC, 0xFF, 0xBA, 0xD7,
    0x4F, 0x75, 0xB9, 0xCC, 0x2A, 0x14, 0x7D, 0x89, 0x71, 0xEC, 0xD5, 0xFD, 0x6E, 0xE8, 0x7D, 0x90,
    0x18, 0x81, 0x6C, 0xD4, 0x39, 0xDE, 0x02, 0x34, 0x1A, 0x69, 0x6D, 0x51, 0x25, 0xE3, 0x0B, 0xF6,
    0x9D, 0xC3, 0x0E, 0x3C, 0x26, 0x1D, 0x46, 0xD4, 0x83, 0x74, 0x47, 0x19, 0x0F, 0x9C, 0xBF, 0x48,
    0xDB, 0x15, 0xF7, 0xD4, 0x3B, 0x2F, 0x31, 0x1F, 0x6F, 0x90, 0x36, 0x73, 0xDF, 0x79, 0x98, 0xD7,
    0x4F, 0x82, 0x24, 0xAF, 0xD2, 0x4D, 0x72, 0x58, 0x64, 0xFC, 0x5C, 0xBF, 0x48, 0xC4, 0x22, 0xD3,
    0xD6, 0x8B, 0xBC, 0x50, 0x49, 0x99, 0x43, 0xD2, 0x4F, 0x16, 0xA6, 0x61, 0x86, 0x72, 0x30, 0xED,
    0x24, 0x6D, 0xC9, 0xAD, 0x36, 0x3C, 0x16, 0x79, 0x8B, 0x82, 0x60, 0x1D, 0x6A, 0x64, 0xE3, 0xBF,
    0x92, 0x7D, 0x77, 0xA4, 0x9F, 0x79, 0xA9, 0xA5, 0x86, 0x3C, 0xD7, 0x39, 0xE4, 0x54, 0x45, 0xBC,
    0xD3, 0x52, 0x7D, 0xD9, 0x34, 0x58, 0x9D, 0xDD, 0xA6, 0xAA, 0x11, 0x20, 0x41, 0xF6, 0x56, 0x33,
    0xD9, 0xDD, 0xE9, 0xC3, 0xB1, 0x46, 0xFC, 0x15, 0x3B, 0xD6, 0x08, 0x7B, 0xAB, 0xA1, 0x38, 0x84,
    0x9D, 0xD5, 0xB0, 0xB1, 0x4A, 0xFD, 0x42, 0x79, 0xC9, 0x7F, 0x3B, 0x91, 0x1B, 0x1D, 0x20, 0x95,
    0x3A, 0x40, 0xBA, 0xA9, 0xFA, 0xBD, 0xC6, 0x87, 0xA5, 0xF9, 0x07, 0x2E, 0x84, 0x1F, 0xF5, 0x9F,
    0xB4, 0xA3, 0x9A, 0x77, 0x41, 0x26, 0x43, 0x38, 0xD6, 0xC0, 0x17, 0x3E, 0xD6, 0x18, 0x10, 0x2D,
    0xC7, 0x1A, 0xE3, 0x7D, 0xC7, 0x1A, 0x87, 0x7F, 0xD0, 0x63, 0x0D, 0x13, 0x8E, 0x35, 0xBC, 0xF8,
    0x11, 0x8E, 0x35, 0xC6, 0xCF, 0x38, 0xD6, 0xC8, 0x29, 0x54, 0xD5, 0x50, 0x51, 0xE7, 0x6A, 0x1A,
    0x2A, 0x69, 0xA8, 0xA2, 0x6C, 0xE9, 0xFF, 0xC1, 0xB1, 0x86, 0x70, 0xF9, 0xF9, 0x63, 0x8D, 0xDF,
    0x73, 0x3F, 0x8C, 0x61, 0xF6, 0x08, 0x27, 0x8A, 0xCB, 0xB1, 0xC6, 0x9D, 0xDF, 0xCF, 0xB1, 0xC6,
    0xEA, 0xFC, 0xB1, 0xC6, 0x4F, 0xE6, 0x63, 0x8D, 0x5F, 0x9F, 0x3B, 0xD6, 0x68, 0x7E, 0x87, 0x63,
    0x0D, 0xEA, 0x71, 0x2E, 0xFD, 0x42, 0xFE, 0x9D, 0x4B, 0xC0, 0x90, 0x81, 0xE7, 0x52, 0x30, 0xE4,
    0xE0, 0xE7, 0x3B, 0xD6, 0x28, 0x3F, 0xE5, 0x58, 0xE3, 0xCE, 0x72, 0xAC, 0x81, 0xAF, 0xF4, 0xB1,
    0x86, 0x43, 0x44, 0x7E, 0x39, 0xD6, 0x78, 0xF7, 0x86, 0x23, 0xDE, 0x2C, 0xFB, 0xAC, 0x63, 0x0D,
    0x1C, 0x94, 0x0F, 0x6E, 0x5A, 0xEA, 0x9E, 0xE5, 0xF9, 0x2D, 0x4B, 0xDD, 0xB1, 0x3C, 0xB7, 0x61,
    0x19, 0xF6, 0x2B, 0xC3, 0x76, 0xE5, 0xF9, 0xDD, 0xCA, 0xB0, 0x59, 0xF9, 0xC0, 0x5E, 0xE5, 0xBA,
    0x0A, 0xD2, 0xB4, 0xE1, 0x58, 0x23, 0xF9, 0xB2, 0x8E, 0x35, 0xD6, 0x5F, 0x99, 0x63, 0x0D, 0x81,
    0x3A, 0xFE, 0x48, 0x89, 0x6E, 0x04, 0x04, 0xE7, 0x78, 0xCD, 0x67, 0x41, 0x4E, 0x42, 0x71, 0x85,
    0xFA, 0x1F, 0x4A, 0x8E, 0x43, 0xDD, 0x76, 0xC5, 0x4D, 0x05, 0xF0, 0x8E, 0x1D, 0xCE, 0x85, 0xFE,
    0x0B, 0x08, 0xBC, 0x79, 0xE4, 0x25, 0xB6, 0xE0, 0xBF, 0x30, 0x95, 0xEE, 0xB3, 0x4E, 0x22, 0xEB,
    0x67, 0xA1, 0xC0, 0x36, 0x09, 0xA5, 0x35, 0xE4, 0xA5, 0xA2, 0xDA, 0x24, 0x85, 0xD3, 0x56, 0xB0,
    0x0A, 0x69, 0x27, 0x58, 0x08, 0x2D, 0x73, 0x8A, 0x67, 0x1F, 0x50, 0xA7, 0x6C, 0xF6, 0x93, 0x71,
    0x6F, 0x39, 0x7F, 0x37, 0x95, 0x08, 0x8B, 0x59, 0xAC, 0xF8, 0xE9, 0xFA, 0x89, 0x9D, 0xFF, 0xE6,
    0x36, 0xA9, 0x98, 0x09, 0x87, 0xDD, 0xED, 0x64, 0xB6, 0xE0, 0xFE, 0xA0, 0x31, 0x23, 0x12, 0x80,
    0xBA, 0x55, 0x77, 0x02, 0x4F, 0xE9, 0xC0, 0xE0, 0x84, 0xC8, 0x33, 0x34, 0x01, 0x27, 0x0C, 0x4C,
    0xC0, 0x8A, 0x61, 0x09, 0xB0, 0x93, 0xA1, 0x0A, 0xD6, 0x71, 0x57, 0xA1, 0x10, 0x40, 0x62, 0x03,
    0xF6, 0xC5, 0x8B, 0xB1, 0x0A, 0x45, 0xF6, 0x58, 0xCC, 0xB1, 0x65, 0x04, 0x80, 0x67, 0x10, 0x6A,
    0xD2, 0x21, 0x1B, 0xAF, 0x11, 0xEA, 0x36, 0x22, 0xF2, 0x86, 0x18, 0x7E, 0xAE, 0xAE, 0xBB, 0x4B,
    0x90, 0x9C, 0x2E, 0x04, 0x26, 0xD8, 0xC8, 0x5D, 0xF8, 0x9D, 0x83, 0xD0, 0x21, 0x5D, 0xF3, 0x6C,
    0xD6, 0x8A, 0x65, 0xBC, 0x28, 0xCD, 0xE8, 0x14, 0xF5, 0xA9, 0x96, 0xA7, 0x94, 0x63, 0x25, 0xB9,
    0x47, 0x2F, 0x16, 0xA7, 0x37, 0x7A, 0xC9, 0x80, 0x35, 0x17, 0xFD, 0xE2, 0xB0, 0x82, 0xE7, 0xFB,
    0xAE, 0xAC, 0x24, 0x81, 0xC5, 0x86, 0xD7, 0xA6, 0x2C, 0xBC, 0x47, 0xFA, 0xBA, 0x2C, 0x57, 0x3C,
    0x32, 0x0E, 0xB4, 0xD2, 0xB1, 0x3F, 0xBC, 0x9C, 0x99, 0x44, 0xF4, 0xA3, 0x41, 0x05, 0xE0, 0x26,
    0xE1, 0xBD, 0x8A, 0x72, 0xB3, 0x11, 0x51, 0xE0, 0xE8, 0x78, 0x6E, 0xA1, 0xB5, 0x25, 0xBB, 0x78,
    0x13, 0xF9, 0x13, 0x1D, 0x67, 0x88, 0x47, 0xF6, 0xDA, 0xE4, 0x5F, 0x75, 0xD8, 0x23, 0xF9, 0x21,
    0xD1, 0x56, 0x97, 0xCF, 0x97, 0xA9, 0xB3, 0xC3, 0x3C, 0x5E, 0xF5, 0x32, 0x4C, 0x7E, 0x11, 0x6E,
    0x19, 0x2F, 0xBF, 0x8C, 0x57, 0x7D, 0x6D, 0x54, 0x61, 0xC3, 0x36, 0xAA, 0x2C, 0x51, 0x47, 0xE0,
    0x06, 0x75, 0x05, 0x17, 0x8F, 0x79, 0xDD, 0x41, 0x4D, 0x76, 0xF7, 0xCE, 0x1D, 0x3E, 0x27, 0x38,
    0x3D, 0xEC, 0xF3, 0xE7, 0x1B, 0xEE, 0x11, 0xD3, 0xC4, 0x83, 0x35, 0xD5, 0xFA, 0x45, 0xE0, 0x91,
    0x12, 0xFE, 0xE4, 0x91, 0x52, 0xA2, 0x75, 0xEF, 0xC0, 0x7B, 0x99, 0xA4, 0xDA, 0x8C, 0x68, 0x92,
    0x66, 0x44, 0x3E, 0xD4, 0x93, 0x74, 0x12, 0xB3, 0x52, 0x57, 0x1D, 0xC7, 0xB4, 0x2C, 0xEB, 0xE1,
    0x22, 0x0F, 0xE8, 0xF2, 0xC1, 0x4B, 0xC5, 0x28, 0x4A, 0x96, 0x26, 0x2C, 0x36, 0x36, 0x45, 0x0F,
    0xA7, 0x72, 0xF5, 0x9D, 0x1E, 0x9E, 0xA5, 0x14, 0x9A, 0xC8, 0xEB, 0x2A, 0xC5, 0xBC, 0xE2, 0x92,
    0x51, 0x6E, 0x76, 0x31, 0x6D, 0xC7, 0x2B, 0xEF, 0xDF, 0xA6, 0xB1, 0x4C, 0x7D, 0x5C, 0xAE, 0xE9,
    0x79, 0xFA, 0x40, 0x59, 0x3F, 0xDF, 0xC6, 0x54, 0x15, 0x22, 0xE7, 0x69, 0xA7, 0xDC, 0x20, 0xBC,
    0x66, 0x99, 0x56, 0x41, 0x9A, 0x4F, 0x96, 0x6D, 0x90, 0x19, 0x51, 0x08, 0xF1, 0x9D, 0xC4, 0x84,
    0xB1, 0x4F, 0x6A, 0xC4, 0xDC, 0x11, 0x2C, 0x22, 0x92, 0x3F, 0xD4, 0x98, 0x79, 0xA7, 0xBE, 0x46,
    0x1A, 0x34, 0xEC, 0x44, 0xA5, 0x51, 0xE3, 0x60, 0x9A, 0x39, 0x6C, 0x0E, 0xAE, 0x34, 0x1A, 0x37,
    0x35, 0x51, 0x23, 0x81, 0x93, 0x91, 0xAA, 0x8C, 0xDE, 0xE7, 0xAE, 0x92, 0xD0, 0x21, 0xB0, 0xE2,
    0xD8, 0xF1, 0xB3, 0x02, 0x44, 0xCD, 0xD1, 0x23, 0x2C, 0x33, 0x2B, 0x8D, 0x1F, 0xFE, 0x5C, 0x03,
    0x48, 0x54, 0x7E, 0xA5, 0x83, 0x21, 0x20, 0xBE, 0x2A, 0x21, 0x54, 0xBF, 0x85, 0xC3, 0x4E, 0x62,
    0xC8, 0x68, 0xD5, 0xBF, 0x4C, 0x9C, 0x33, 0x7A, 0xA8, 0xC3, 0x3B, 0x32, 0xC9, 0xAC, 0x80, 0x59,
    0xFD, 0x59, 0x50, 0xCF, 0x06, 0xB5, 0x09, 0xAA, 0x0E, 0xCA, 0x86, 0x59, 0xC4, 0x04, 0x85, 0xE9,
    0x28, 0xAE, 0x5C, 0xA6, 0x57, 0x65, 0xDC, 0x1E, 0x02, 0xB8, 0x37, 0xB6, 0xB0, 0xB2, 0x9A, 0xAA,
    0xCB, 0x15, 0xEA, 0x03, 0xA6, 0xF8, 0x47, 0x85, 0x6B, 0xD3, 0x4E, 0xAA, 0x9F, 0xEC, 0x70, 0x4F,
    0x44, 0xDB, 0x68, 0xC6, 0x9A, 0x16, 0x4C, 0xA2, 0xFC, 0xA9, 0x8B, 0x07, 0xB5, 0x33, 0xC5, 0x3A,
    0xE3, 0xD4, 0x0A, 0xBF, 0xF6, 0xD1, 0x20, 0xF0, 0xCA, 0x25, 0xD0, 0x73, 0x81, 0x48, 0x7A, 0xC1,
    0xD6, 0xC6, 0xB4, 0xC2, 0xAC, 0xA8, 0x2B, 0x01, 0x56, 0x99, 0x07, 0x6B, 0xBA, 0x4A, 0xDD, 0xFE,
    0x4C, 0x01, 0x0E, 0x0A, 0x90, 0x6A, 0xBB, 0x68, 0xD0, 0xF7, 0x3A, 0xAD, 0xC9, 0x39, 0x23, 0xBF,
    0x74, 0x42, 0xD3, 0xA4, 0x89, 0xA8, 0x9D, 0x6B, 0x9F, 0xE5, 0x4A, 0x78, 0xCC, 0xB1, 0xBC, 0x81,
    0xAE, 0x4D, 0x1A, 0x14, 0x44, 0x72, 0xEA, 0xD2, 0x98, 0xF1, 0xC5, 0x83, 0xD2, 0x56, 0xCB, 0x19,
    0x92, 0x0F, 0x17, 0x17, 0x2E, 0xF2, 0x76, 0xB3, 0x20, 0x4F, 0x5B, 0xF0, 0x1E, 0x58, 0x26, 0xBD,
    0x58, 0xD3, 0xDD, 0x6E, 0x19, 0x95, 0xA4, 0x7B, 0x94, 0x2F, 0x32, 0x0C, 0x32, 0x02, 0xD2, 0xF9,
    0xD2, 0xEF, 0xDA, 0xE5, 0xDC, 0xDB, 0xF3, 0xD1, 0x64, 0x21, 0xEB, 0x3B, 0x7A, 0x9B, 0x4B, 0xF0,
    0x36, 0xED, 0xF2, 0xCE, 0x74, 0xBC, 0xD7, 0x5A, 0x34, 0xA6, 0x9A, 0x97, 0xCE, 0xEE, 0x84, 0xC3,
    0xDA, 0x79, 0xD4, 0x7C, 0x4D, 0xE8, 0xE5, 0x83, 0x7D, 0x67, 0x24, 0xEE, 0x04, 0x8D, 0x9D, 0xFE,
    0xD1, 0x4A, 0x9A, 0x27, 0xD7, 0x8D, 0x5C, 0x8F, 0xE4, 0x73, 0x2B, 0x69, 0x9B, 0x3F, 0xD1, 0x22,
    0x72, 0xE6, 0xBB, 0xE3, 0x8B, 0x37, 0x18, 0x41, 0x88, 0x9C, 0x6C, 0x27, 0x39, 0x04, 0xC7, 0xA4,
    0xBE, 0x49, 0x2D, 0x9A, 0x4B, 0x9C, 0xE8, 0x5B, 0x07, 0x07, 0x0E, 0x46, 0x8F, 0xAE, 0xE4, 0x5A,
    0xF3, 0xA0, 0x77, 0x48, 0xC8, 0x63, 0x4D, 0x5B, 0x98, 0x3B, 0xDB, 0x88, 0xA6, 0x72, 0x67, 0x1A,
    0xCB, 0x61, 0xC0, 0x35, 0xCA, 0x30, 0x11, 0x5F, 0x3A, 0x58, 0xE7, 0x40, 0xC2, 0xE5, 0x85, 0xDB,
    0xE2, 0x8E, 0x89, 0x1E, 0x2B, 0x01, 0x1F, 0x3B, 0xD9, 0x24, 0xF0, 0x29, 0xF7, 0x97, 0x1E, 0x45,
    0xFD, 0x09, 0x8F, 0x05, 0x27, 0xB3, 0xA9, 0x82, 0xF5, 0xA6, 0xD9, 0xD9, 0x02, 0xD1, 0xC0, 0x11,
    0x64, 0x79, 0x8C, 0xB9, 0x9C, 0xF3, 0x73, 0xE8, 0xD6, 0xA1, 0x8B, 0xA9, 0xE4, 0xDE, 0x6B, 0xD7,
    0x0E, 0x5C, 0xBE, 0x12, 0x2A, 0x9F, 0x9C, 0x37, 0xB4, 0x36, 0x8A, 0x67, 0x6C, 0xF5, 0x3E, 0xFA,
    0x3E, 0x52, 0xCC, 0x3B, 0xD5, 0x08, 0x49, 0x88, 0x5A, 0x65, 0x1C, 0x8D, 0x30, 0xDD, 0xDA, 0x94,
    0x0F, 0xB9, 0x9E, 0x3A, 0x59, 0x8E, 0x45, 0xA3, 0x32, 0x88, 0xE5, 0x90, 0x51, 0xB4, 0x23, 0x22,
    0xD3, 0x9C, 0xB0, 0xE1, 0x13, 0xC3, 0x83, 0xED, 0x01, 0x1B, 0xA9, 0x17, 0x0E, 0x52, 0x40, 0x26,
    0xC3, 0x15, 0xC5, 0x69, 0xF9, 0xE6, 0xD8, 0xA6, 0x76, 0xA9, 0x4F, 0xC7, 0x0F, 0x1E, 0x4A, 0xC8,
    0xAF, 0x5D, 0x94, 0x51, 0xAE, 0x46, 0x37, 0x48, 0x97, 0xEE, 0x37, 0x64, 0x07, 0x60, 0x28, 0x94,
    0xC8, 0x0A, 0x99, 0x7F, 0x05, 0x19, 0xCE, 0x98, 0x69, 0x78, 0x0E, 0xD6, 0xBA, 0xA7, 0x47, 0x88,
    0xC4, 0x84, 0xED, 0x11, 0x1A, 0xCD, 0x99, 0x59, 0x7D, 0x8B, 0x44, 0x67, 0x75, 0xCC, 0xB3, 0xFA,
    0xD1, 0x27, 0xCC, 0xEA, 0x7B, 0x85, 0xCC, 0xEA, 0x6B, 0xE2, 0x59, 0xFD, 0x03, 0x5D, 0xFE, 0x7C,
    0x38, 0x58, 0xCF, 0xA6, 0x93, 0x59, 0xFD, 0xC3, 0x6E, 0x75, 0xCC, 0xA6, 0xE7, 0xF0, 0xCA, 0x7E,
    0x35, 0xE8, 0xAC, 0x7E, 0x4F, 0x66, 0xF5, 0x88, 0xBA, 0x88, 0x33, 0x96, 0x4A, 0x9E, 0xD5, 0x6B,
    0x77, 0xFF, 0xAC, 0xDE, 0x7F, 0xAE, 0x59, 0x9D, 0xCD, 0x37, 0x70, 0xE6, 0x1C, 0x17, 0xD4, 0xA9,
    0xB5, 0x5E, 0xED, 0xAA, 0x9E, 0x6D, 0xDE, 0xA8, 0x4D, 0x7B, 0xB1, 0xF6, 0x71, 0x09, 0xEA, 0xAA,
    0x20, 0x0F, 0x10, 0xB9, 0x8C, 0x8E, 0x91, 0xD2, 0x47, 0x23, 0xF6, 0x8B, 0xA9, 0xBA, 0x37, 0x0C,
    0xE6, 0xA5, 0xCD, 0x9A, 0xBC, 0x94, 0x9D, 0xD6, 0xBD, 0x2B, 0x15, 0x03, 0x7C, 0x44, 0x8C, 0x12,
    0x8D, 0xCF, 0xD4, 0xBA, 0x29, 0xA1, 0xC1, 0xD6, 0xCE, 0x67, 0xC0, 0x47, 0x6A, 0xFD, 0x1C, 0x49,
    0x6A, 0x8B, 0x72, 0x23, 0x9F, 0x5B, 0xAC, 0x2C, 0xDB, 0x11, 0xB6, 0x68, 0xF4, 0x40, 0xF8, 0x97,
    0x83, 0x90, 0x62, 0xFA, 0xA6, 0xFE, 0x0A, 0x81, 0x27, 0x3B, 0xDA, 0xCE, 0xFB, 0x39, 0x57, 0x31,
    0xFF, 0x2E, 0xEB, 0x70, 0xC4, 0xCC, 0xCF, 0xD4, 0x0A, 0x3D, 0x3F, 0x33, 0x3E, 0x3D, 0x48, 0x91,
    0x65, 0x4C, 0x5A, 0xC1, 0xBE, 0x8E, 0xA8, 0xC4, 0x91, 0x72, 0xF3, 0xDE, 0xC1, 0xB1, 0x50, 0xF3,
    0x05, 0x99, 0xC4, 0xC7, 0xA8, 0xB6, 0x2C, 0x22, 0xC7, 0x5D, 0x0C, 0x08, 0x2F, 0xBB, 0xB9, 0xDC,
    0x4D, 0x9A, 0xC5, 0x7C, 0xCA, 0x15, 0x48, 0x59, 0x38, 0x99, 0x85, 0x5D, 0x84, 0x30, 0x72, 0x07,
    0x2C, 0xBF, 0xB3, 0xC2, 0x37, 0xE3, 0x29, 0xA1, 0x4E, 0xE9, 0x6A, 0x4C, 0x58, 0x93, 0xEE, 0x70,
    0x08, 0x1B, 0x67, 0x44, 0x73, 0x6F, 0xEF, 0xED, 0x17, 0x98, 0x5F, 0x22, 0xA2, 0x6E, 0x16, 0xC9,
    0x83, 0x62, 0x98, 0x45, 0x1C, 0xB6, 0x54, 0xEB, 0x45, 0xEC, 0x4D, 0x11, 0x1B, 0x46, 0x38, 0xA1,
    0x4A, 0x6B, 0xA0, 0x4E, 0x38, 0xCC, 0xDC, 0x3F, 0xBF, 0x4B, 0xA7, 0xDC, 0x71, 0x16, 0xF5, 0xFD,
    0xCC, 0x9D, 0xB8, 0x85, 0xB9, 0xB7, 0x0F, 0x30, 0xB7, 0x5D, 0x98, 0xBB, 0xD8, 0x31, 0x77, 0xBC,
    0x30, 0x77, 0xDA, 0xCF, 0xC2, 0x9C, 0x63, 0x6E, 0xB3, 0x30, 0x77, 0x5E, 0x9E, 0x67, 0xEE, 0x9B,
    0x33, 0x73, 0xFF, 0x93, 0x3F, 0xC7, 0xDC, 0xBA, 0xC5, 0x2D, 0x8E, 0x3D, 0x5F, 0x8A, 0x30, 0xB4,
    0xC0, 0x77, 0xF9, 0x10, 0xF8, 0x1E, 0x1F, 0x80, 0xEF, 0xF6, 0x2C, 0x7C, 0x97, 0x9A, 0xA6, 0xAD,
    0xC2, 0x77, 0x7F, 0x06, 0xBE, 0x37, 0x5F, 0x22, 0x7C, 0x27, 0x8E, 0xD3, 0x34, 0x3E, 0xEC, 0x15,
    0xBE, 0x1B, 0x8E, 0xA1, 0x64, 0xD4, 0x56, 0xFA, 0x82, 0x0D, 0x39, 0x36, 0xD1, 0xB8, 0xBF, 0x64,
    0x2B, 0x9B, 0x41, 0x73, 0x71, 0x7C, 0x7A, 0xCE, 0xD6, 0x9E, 0xCD, 0xE5, 0x07, 0x19, 0xBC, 0x7A,
    0x80, 0xC1, 0xDD, 0xC2, 0xE0, 0x7E, 0x61, 0xF0, 0x15, 0x9E, 0x3D, 0xCF, 0xE0, 0xF8, 0xFC, 0x0C,
    0xCE, 0xC0, 0x3E, 0x33, 0x78, 0x79, 0x72, 0x8E, 0xC1, 0x8F, 0x51, 0x08, 0x83, 0x47, 0x1E, 0x86,
    0x01, 0xEA, 0x47, 0xD7, 0x1D, 0xD2, 0x57, 0x88, 0xB6, 0x3C, 0x61, 0x45, 0xCC, 0xE0, 0x31, 0x95,
    0x73, 0xDD, 0xDD, 0xCE, 0xA3, 0xB5, 0xF6, 0xB3, 0x18, 0xF7, 0x3F, 0x0F, 0x8C, 0x87, 0x2D, 0xC8,
    0xAB, 0x5F, 0x1C, 0xC6, 0xCB, 0x19, 0xC6, 0xFF, 0xF2, 0x2C, 0x8C, 0x77, 0x3B, 0x18, 0x77, 0x0F,
    0xC0, 0xF8, 0x18, 0x60, 0x3C, 0x76, 0x01, 0xC6, 0xD3, 0xFB, 0x60, 0x7C, 0xC0, 0x4F, 0x67, 0x18,
    0xB7, 0x3B, 0x18, 0xFF, 0xD6, 0xC3, 0x61, 0x7C, 0x13, 0x60, 0xFC, 0xB2, 0xC0, 0xF8, 0x13, 0x34,
    0x28, 0x29, 0x67, 0xDB, 0x88, 0xAA, 0xFC, 0x33, 0x60, 0xFC, 0x91, 0x9D, 0xCC, 0x77, 0xB2, 0x40,
    0xB6, 0x5D, 0xE4, 0x0F, 0xEB, 0xE5, 0x0E, 0x86, 0xB6, 0xA9, 0x0F, 0xA9, 0xBE, 0xFC, 0x2D, 0x2E,
    0xF2, 0xBF, 0x8C, 0x5C, 0x80, 0xF1, 0x31, 0xC0, 0xF8, 0x0B, 0x36, 0xC0, 0xF8, 0xCD, 0x19, 0xC6,
    0xCB, 0xC8, 0x2D, 0x30, 0x9E, 0x04, 0x18, 0x4F, 0x9B, 0x05, 0xC6, 0xB3, 0xD7, 0x0D, 0xA9, 0x32,
    0x54, 0xB7, 0x0B, 0x8C, 0x6F, 0xA1, 0x2A, 0x7A, 0xCE, 0xA9, 0xE2, 0x28, 0x56, 0x18, 0x0F, 0xBB,
    0xA8, 0x9A, 0x26, 0x33, 0x8C, 0x27, 0xC3, 0x02, 0xE3, 0x99, 0x53, 0x18, 0x6F, 0x65, 0x84, 0x93,
    0x56, 0x60, 0xDC, 0x32, 0xE7, 0x31, 0x8C, 0xFB, 0x00, 0xE3, 0x57, 0x1F, 0x0E, 0xE3, 0x2F, 0x2D,
    0x2A, 0xEA, 0xB1, 0x27, 0x8A, 0x9F, 0x5B, 0xDF, 0xD5, 0xCF, 0xDC, 0xE5, 0x05, 0xBC, 0x99, 0x5F,
    0x54, 0xD9, 0x2D, 0x52, 0x55, 0x51, 0x09, 0x94, 0xB8, 0x18, 0x7A, 0x6E, 0x86, 0xF2, 0x5E, 0xA1,
    0xFC, 0x95, 0x8F, 0x67, 0x28, 0x5F, 0x9F, 0x85, 0xF2, 0x58, 0x4E, 0xA1, 0x3E, 0x05, 0xCA, 0xA3,
    0xDF, 0x11, 0xCA, 0x33, 0x85, 0xF2, 0x0B, 0xEB, 0xB3, 0x50, 0x3E, 0x37, 0x18, 0x85, 0x1B, 0xC4,
    0x52, 0xAF, 0x50, 0x3E, 0x7C, 0x2A, 0x9C, 0x77, 0x67, 0xE1, 0x7C, 0xFB, 0x79, 0xE0, 0x3C, 0xFE,
    0x5F, 0xC3, 0xF9, 0xE1, 0x27, 0xC2, 0xF9, 0xDF, 0xF1, 0xC5, 0xF1, 0xB0, 0x38, 0x1E, 0x91, 0x6D,
    0x46, 0xD4, 0xD5, 0xD4, 0xAD, 0xBB, 0x82, 0x87, 0x80, 0x7B, 0xFF, 0x0F, 0x0E, 0xE7, 0xF1, 0x67,
    0xC1, 0xF9, 0x77, 0xE4, 0xBA, 0x42, 0xE6, 0x1C, 0xAC, 0xD0, 0xAA, 0xBD, 0x3E, 0x1E, 0x32, 0x05,
    0x74, 0x89, 0x43, 0x3A, 0x02, 0x33, 0x9C, 0xB7, 0x3B, 0x38, 0xBF, 0x35, 0x32, 0x9C, 0x97, 0xA6,
    0x12, 0x38, 0x6F, 0x16, 0x38, 0xAF, 0x89, 0x72, 0x1E, 0x93, 0x05, 0xCE, 0x2F, 0xD1, 0x8B, 0x02,
    0xE7, 0x49, 0xAF, 0x70, 0x9E, 0x35, 0x5F, 0x04, 0xCE, 0x63, 0x77, 0x16, 0xCE, 0x4D, 0x27, 0x70,
    0xFE, 0x68, 0xDD, 0x28, 0x9C, 0x93, 0xC0, 0x79, 0xF8, 0x25, 0x17, 0x75, 0x9B, 0x79, 0x3F, 0x43,
    0xAC, 0xB9, 0x55, 0xFA, 0xB3, 0x90, 0x1E, 0x9F, 0x87, 0x74, 0x8D, 0x94, 0xFA, 0x2B, 0x04, 0xE9,
    0xF5, 0xA7, 0x40, 0x7A, 0x16, 0x20, 0x7D, 0xBD, 0x65, 0xC3, 0xB1, 0x07, 0x73, 0x9B, 0x4E, 0x0F,
    0x09, 0x29, 0x57, 0x7D, 0xD2, 0x60, 0x2F, 0xFE, 0x2F, 0x21, 0x3D, 0x56, 0x48, 0x37, 0x54, 0xC9,
    0xEC, 0xEF, 0xD4, 0x47, 0xFF, 0x1D, 0x36, 0xB5, 0x17, 0x5F, 0x3C, 0xCE, 0xCE, 0xFE, 0xC7, 0xF7,
    0xCD, 0xFE, 0xB5, 0xB2, 0x7A, 0xCE, 0x55, 0xA9, 0xBC, 0x30, 0xB3, 0x6C, 0x37, 0xB3, 0xEC, 0x6F,
    0xEE, 0x2E, 0x2C, 0x4B, 0xFD, 0xCC, 0xB2, 0xEB, 0x17, 0x66, 0x96, 0x5D, 0x2F, 0x2C, 0x5B, 0x93,
    0x4F, 0x15, 0xE5, 0xA2, 0xD1, 0xB2, 0x60, 0x0C, 0x5B, 0x58, 0x36, 0x1F, 0xE6, 0xEA, 0x60, 0x5A,
    0x16, 0xA3, 0x02, 0xAB, 0xB0, 0xAC, 0xA9, 0x94, 0x65, 0x55, 0x58, 0xEE, 0xEA, 0x85, 0x65, 0xD7,
    0x8D, 0xB2, 0x6C, 0xCC, 0x68, 0x52, 0xF0, 0x5E, 0xEF, 0x47, 0xE3, 0xD4, 0x38, 0xD9, 0xE9, 0x9D,
    0x59, 0xF6, 0xF4, 0x21, 0x2C, 0x7B, 0xA1, 0x54, 0xC1, 0x77, 0xBE, 0x38, 0x8B, 0x94, 0x6E, 0x88,
    0x68, 0x6B, 0x22, 0x9D, 0xF3, 0xC7, 0x58, 0x44, 0xAC, 0xEC, 0xA9, 0xF3, 0xD8, 0x9E, 0x1E, 0x1B,
    0x1D, 0xEC, 0x2F, 0xDB, 0x29, 0x4E, 0xC4, 0x7A, 0x16, 0x31, 0x3B, 0xC7, 0xC2, 0x0C, 0xF3, 0x5C,
    0xB3, 0x6E, 0x34, 0x4A, 0x92, 0x71, 0xF6, 0xA3, 0xE8, 0xF5, 0xD9, 0x11, 0x55, 0xB3, 0x53, 0x34,
    0x4A, 0x11, 0x8B, 0xA4, 0x70, 0x79, 0x39, 0x26, 0x3D, 0xF4, 0x60, 0x1A, 0x6E, 0x11, 0x8D, 0x71,
    0xAF, 0x7F, 0xB6, 0x4E, 0x7A, 0x0D, 0xD4, 0xE2, 0xB9, 0x4E, 0x2B, 0x9F, 0x79, 0xAD, 0x99, 0xC5,
    0x2F, 0x1A, 0xAD, 0x1B, 0xD9, 0x2F, 0x1F, 0x14, 0xD5, 0xFC, 0x37, 0x2C, 0x36, 0x2C, 0x9E, 0xAF,
    0xF4, 0x3E, 0x72, 0x4E, 0x24, 0xBF, 0x3D, 0x61, 0x91, 0x77, 0x48, 0x98, 0x34, 0xF4, 0x17, 0x28,
    0xC9, 0xF8, 0x74, 0x05, 0x22, 0xE2, 0x4B, 0xC5, 0xB5, 0x49, 0xF1, 0xE7, 0xE1, 0xBE, 0x93, 0xAE,
    0x47, 0x60, 0xDC, 0x7C, 0x8A, 0xB0, 0x6E, 0x63, 0xCF, 0x36, 0xD6, 0x74, 0x15, 0xBC, 0xB7, 0x98,
    0x7D, 0xB7, 0xD4, 0xAB, 0xEF, 0x2C, 0xC4, 0xF7, 0x4B, 0x4F, 0xF7, 0xB3, 0xEF, 0xA6, 0x51, 0xDF,
    0x51, 0xCC, 0xBE, 0xE3, 0x68, 0xF6, 0xBD, 0xF2, 0xB3, 0x3B, 0x3F, 0xEF, 0x67, 0xF1, 0x6A, 0x3F,
    0x7B, 0xFA, 0x5A, 0x3B, 0x8B, 0x33, 0xBD, 0xF1, 0x69, 0xBE, 0x57, 0xE7, 0x7D, 0xCF, 0xBA, 0x87,
    0xFA, 0x7E, 0x44, 0x74, 0xF3, 0xE2, 0x9F, 0xAF, 0xCB, 0x9B, 0xD4, 0xD4, 0xEF, 0xB5, 0xD3, 0x18,
    0x98, 0x37, 0x5A, 0x43, 0x8D, 0x21, 0x98, 0xEA, 0x73, 0xFD, 0x93, 0x90, 0xD4, 0xEE, 0xEA, 0xB8,
    0xB3, 0x6E, 0xDD, 0xF0, 0xD0, 0xF3, 0xA1, 0x52, 0x4B, 0x75, 0x03, 0x8B, 0x3D, 0xA4, 0x3D, 0x8E,
    0x62, 0x62, 0xFC, 0x63, 0xF2, 0x28, 0x3D, 0x7C, 0xFE, 0x1A, 0xB5, 0xC7, 0x70, 0x45, 0xF2, 0x66,
    0x6F, 0xD9, 0xFC, 0x76, 0x28, 0x4A, 0x97, 0xBF, 0xD1, 0x3A, 0x53, 0x31, 0xD2, 0x3B, 0xD3, 0x6C,
    0xE2, 0x11, 0x4E, 0x7E, 0xDB, 0x1C, 0x0D, 0x59, 0x23, 0x70, 0x9C, 0xF2, 0xD2, 0xC2, 0x74, 0x49,
    0x9B, 0x8E, 0xD7, 0xEA, 0x26, 0xE9, 0x40, 0xF2, 0xEB, 0x40, 0xFE, 0x15, 0x2A, 0x1B, 0x39, 0x06,
    0x49, 0xA9, 0xD2, 0xE6, 0xF0, 0x10, 0x48, 0x8B, 0xB6, 0xA0, 0xEB, 0x5E, 0x1B, 0xF5, 0x23, 0x87,
    0x51, 0xDB, 0xF5, 0x66, 0x07, 0xAB, 0x4D, 0xE3, 0xF5, 0x43, 0x29, 0xAD, 0x9B, 0x94, 0x3C, 0x9D,
    0x4A, 0x39, 0xDA, 0x94, 0x36, 0xAE, 0x79, 0xFA, 0xD6, 0x66, 0x8A, 0xD2, 0x96, 0xB2, 0xD2, 0xC6,
    0x4E, 0x6A, 0x6E, 0x2F, 0x42, 0x93, 0x61, 0xAA, 0xB9, 0xD5, 0x28, 0xCA, 0xB9, 0xE1, 0xB0, 0x98,
    0xDB, 0x8E, 0x2D, 0xB4, 0xF9, 0xFF, 0xF5, 0x8C, 0x83, 0x7A, 0xF0, 0x26, 0x75, 0x50, 0x27, 0x7E,
    0x3B, 0x02, 0xF7, 0xF9, 0xB1, 0xF3, 0x24, 0xDB, 0xEE, 0x7C, 0xC9, 0xA9, 0x09, 0xDE, 0x7C, 0xFD,
    0xB0, 0xDF, 0xF9, 0x93, 0x0C, 0x3B, 0x8F, 0xE0, 0x77, 0x3E, 0x61, 0xB3, 0xF3, 0x0A, 0x47, 0x3B,
    0xBF, 0xB0, 0x0A, 0x9E, 0xA9, 0x56, 0xDF, 0x58, 0xAB, 0x77, 0xA2, 0x83, 0x7F, 0x93, 0xDE, 0x79,
    0x88, 0xA3, 0x9D, 0x8F, 0xD8, 0xEC, 0xBC, 0x84, 0xDF, 0xF9, 0x99, 0x0C, 0xC1, 0xD3, 0xBD, 0xC3,
    0x3E, 0xF8, 0x6A, 0xA8, 0x09, 0xDE, 0xE6, 0x5B, 0xC8, 0xEB, 0x6B, 0x6A, 0xD6, 0x33, 0x2C, 0x8A,
    0x31, 0xBD, 0x18, 0xBB, 0xAC, 0x64, 0x94, 0x39, 0x65, 0xFB, 0x21, 0xA1, 0x16, 0x39, 0xF5, 0x86,
    0x06, 0xD8, 0xEB, 0xAE, 0xB8, 0xE3, 0xB1, 0x82, 0xB7, 0xDD, 0x06, 0xF6, 0x5B, 0x47, 0x47, 0x83,
    0x47, 0x4E, 0xC7, 0x27, 0xC4, 0x95, 0x74, 0xAC, 0xB9, 0x07, 0xD8, 0xF4, 0xB0, 0x2D, 0x90, 0x7A,
    0x05, 0x2F, 0xE6, 0xF2, 0xDD, 0x4F, 0xBB, 0x8A, 0xD9, 0x2C, 0x1F, 0x9E, 0xE8, 0xFC, 0x69, 0xF5,
    0xB9, 0x45, 0x27, 0x31, 0x9D, 0xD1, 0xCB, 0x72, 0xD2, 0x3C, 0x6F, 0x07, 0x3C, 0xA2, 0xBF, 0x6C,
    0x41, 0x2D, 0x29, 0xB6, 0x05, 0xCC, 0xED, 0x9A, 0xAB, 0x61, 0x5E, 0xC1, 0xFC, 0xE6, 0x8D, 0x06,
    0x09, 0x4D, 0x97, 0x35, 0x51, 0xA3, 0xBF, 0x8F, 0xFA, 0x88, 0xBD, 0x7B, 0x28, 0xF2, 0xDD, 0xC4,
    0xBC, 0x38, 0xAA, 0xCC, 0xC4, 0x50, 0x1D, 0xE3, 0x22, 0x87, 0xF6, 0x08, 0x25, 0x7C, 0xAD, 0xB8,
    0x46, 0x2E, 0x55, 0xB8, 0x34, 0x42, 0x19, 0xFF, 0x0E, 0x24, 0x32, 0xA3, 0xD5, 0xC3, 0x7C, 0x10,
    0x88, 0x4C, 0xF1, 0xA2, 0x56, 0xBC, 0x18, 0x77, 0x95, 0xAC, 0x68, 0x72, 0xF9, 0x52, 0x27, 0xDE,
    0xFD, 0x71, 0x7F, 0x2C, 0x1C, 0xE3, 0xBC, 0x14, 0x6D, 0xCF, 0xC6, 0x96, 0x27, 0x7C, 0x87, 0x13,
    0x3C, 0xC6, 0xC6, 0x63, 0xE5, 0x94, 0xDA, 0xBC, 0x9A, 0x0D, 0x7F, 0xC8, 0xE8, 0xF7, 0x35, 0x3E,
    0xD9, 0x2B, 0x6E, 0xDD, 0xE4, 0x21, 0xC8, 0x88, 0x78, 0x40, 0xB8, 0x01, 0x09, 0x55, 0x44, 0x3D,
    0xD1, 0x70, 0xF0, 0x74, 0xCF, 0x0D, 0xB4, 0xCC, 0x53, 0xB1, 0x43, 0x22, 0xEF, 0x4C, 0x35, 0xD7,
    0xBF, 0x95, 0xFE, 0x13, 0x5D, 0x94, 0x30, 0xA7, 0xFF, 0xC6, 0xBD, 0x58, 0x3B, 0x84, 0x57, 0x5A,
    0xED, 0x7E, 0x73, 0x41, 0x65, 0xF8, 0x05, 0x95, 0x6C, 0xF9, 0xC4, 0xFC, 0x81, 0xE2, 0x58, 0x44,
    0x0D, 0xCB, 0x51, 0x89, 0x7C, 0x2C, 0x91, 0x8E, 0x44, 0x3D, 0x4C, 0x5B, 0x5E, 0xF6, 0x12, 0x3C,
    0xA4, 0xD5, 0xB1, 0xF4, 0xD2, 0x6B, 0x72, 0x6D, 0xDC, 0xF9, 0x1F, 0x32, 0x9E, 0xFF, 0x09, 0xA3,
    0xA6, 0x2E, 0xD6, 0x5C, 0x47, 0x63, 0x2F, 0x45, 0x74, 0x90, 0xB1, 0x6F, 0xA0, 0xE5, 0x93, 0x5F,
    0xBB, 0x1F, 0x93, 0x2D, 0x9F, 0x44, 0xE1, 0x97, 0x05, 0xE9, 0x29, 0xE3, 0xC3, 0xBC, 0x65, 0x7B,
    0x6F, 0x10, 0x55, 0x20, 0xE9, 0xBC, 0x28, 0x8B, 0x54, 0x9E, 0x05, 0x86, 0xE1, 0xA0, 0xD2, 0xF0,
    0xBF, 0xC9, 0x7C, 0xC3, 0xA2, 0x8A, 0xA8, 0xC3, 0x5C, 0x14, 0xF6, 0x1E, 0x28, 0x6E, 0xF5, 0xFD,
    0xC5, 0x6D, 0x78, 0x68, 0x71, 0xAB, 0xCE, 0x15, 0xB7, 0x5F, 0x87, 0xE2, 0x16, 0x87, 0xE2, 0x16,
    0x4F, 0x05, 0x40, 0x54, 0xFE, 0x9B, 0x2F, 0xBD, 0xB8, 0x4D, 0x6A, 0xC4, 0xF2, 0x1A, 0xE6, 0x4B,
    0xD2, 0x20, 0xD7, 0x4B, 0x24, 0x35, 0x20, 0xBC, 0xFE, 0x02, 0x88, 0xBA, 0xC7, 0x18, 0xDF, 0x78,
    0x01, 0x59, 0x21, 0xBC, 0xE2, 0x0A, 0x5F, 0x47, 0xAA, 0x5F, 0xDB, 0x37, 0xF7, 0xDD, 0xEA, 0x7F,
    0x00,
};

static const EpdGlyph sinhala_16_regularGlyphs[] = {
    { 12, 8, 0, -16, 31, 24, 0 }, // U+0D81
    { 14, 14, 251, 1, 16, 49, 24 }, // U+0D82
    { 9, 19, 170, 1, 19, 43, 73 }, // U+0D83
    { 23, 27, 384, 1, 20, 156, 116 }, // U+0D85
    { 33, 27, 566, 1, 20, 223, 272 }, // U+0D86
    { 32, 27, 542, 1, 20, 216, 495 }, // U+0D87
    { 32, 27, 545, 1, 20, 216, 711 }, // U+0D88
    { 23, 28, 407, 1, 20, 161, 927 }, // U+0D89
    { 23, 27, 391, 1, 27, 156, 1088 }, // U+0D8A
    { 23, 28, 372, 1, 20, 161, 1244 }, // U+0D8B
    { 39, 27, 651, 1, 20, 264, 1405 }, // U+0D8C
    { 39, 20, 672, 1, 20, 195, 1669 }, // U+0D8D
    { 54, 20, 909, 1, 20, 270, 1864 }, // U+0D8E
    { 35, 20, 595, 1, 20, 175, 2134 }, // U+0D8F
    { 51, 20, 854, 1, 20, 255, 2309 }, // U+0D90
    { 26, 28, 435, 0, 28, 182, 2564 }, // U+0D91
    { 28, 32, 459, 0, 32, 224, 2746 }, // U+0D92
    { 46, 28, 766, 1, 28, 322, 2970 }, // U+0D93
    { 27, 29, 474, 1, 29, 196, 3292 }, // U+0D94
    { 27, 33, 474, 1, 33, 223, 3488 }, // U+0D95
    { 44, 29, 749, 1, 29, 319, 3711 }, // U+0D96
    { 33, 20, 537, 0, 20, 165, 4030 }, // U+0D9A
    { 27, 29, 475, 1, 29, 196, 4195 }, // U+0D9B
    { 28, 20, 485, 1, 20, 140, 4391 }, // U+0D9C
    { 28, 20, 479, 0, 20, 140, 4531 }, // U+0D9D
    { 26, 29, 461, 1, 29, 189, 4671 }, // U+0D9E
    { 33, 20, 557, 1, 20, 165, 4860 }, // U+0D9F
    { 26, 29, 450, 1, 29, 189, 5025 }, // U+0DA0
    { 25, 27, 443, 2, 27, 169, 5214 }, // U+0DA1
    { 25, 27, 432, 2, 27, 169, 5383 }, // U+0DA2
    { 48, 29, 791, 0, 29, 348, 5552 }, // U+0DA3
    { 44, 29, 721, 1, 20, 319, 5900 }, // U+0DA4
    { 38, 29, 628, 1, 20, 276, 6219 }, // U+0DA5
    { 30, 27, 508, 1, 27, 203, 6495 }, // U+0DA6
    { 25, 29, 447, 1, 29, 182, 6698 }, // U+0DA7
    { 26, 29, 455, 1, 29, 189, 6880 }, // U+0DA8
    { 27, 29, 464, 0, 29, 196, 7069 }, // U+0DA9
    { 27, 28, 460, 0, 28, 189, 7265 }, // U+0DAA
    { 40, 28, 643, 0, 28, 280, 7454 }, // U+0DAB
    { 32, 29, 548, 1, 29, 232, 7734 }, // U+0DAC
    { 31, 20, 500, 0, 20, 155, 7966 }, // U+0DAD
    { 25, 29, 430, 1, 29, 182, 8121 }, // U+0DAE
    { 19, 29, 316, 2, 20, 138, 8303 }, // U+0DAF
    { 27, 29, 471, 1, 29, 196, 8441 }, // U+0DB0
    { 30, 20, 516, 1, 20, 150, 8637 }, // U+0DB1
    { 24, 29, 393, 1, 20, 174, 8787 }, // U+0DB3
    { 25, 20, 443, 2, 20, 125, 8961 }, // U+0DB4
    { 25, 28, 433, 2, 28, 175, 9086 }, // U+0DB5
    { 27, 29, 473, 1, 29, 196, 9261 }, // U+0DB6
    { 31, 20, 519, 0, 20, 155, 9457 }, // U+0DB7
    { 26, 29, 460, 1, 29, 189, 9612 }, // U+0DB8
    { 26, 29, 466, 1, 29, 189, 9801 }, // U+0DB9
    { 27, 20, 468, 1, 20, 135, 9990 }, // U+0DBA
    { 21, 28, 368, 1, 28, 147, 10125 }, // U+0DBB
    { 26, 28, 454, 1, 20, 182, 10272 }, // U+0DBD
    { 25, 29, 442, 1, 29, 182, 10454 }, // U+0DC0
    { 28, 21, 488, 1, 20, 147, 10636 }, // U+0DC1
    { 25, 20, 443, 2, 20, 125, 10783 }, // U+0DC2
    { 28, 20, 479, 0, 20, 140, 10908 }, // U+0DC3
    { 30, 20, 517, 2, 20, 150, 11048 }, // U+0DC4
    { 24, 28, 418, 1, 20, 168, 11198 }, // U+0DC5
    { 26, 20, 448, 1, 20, 130, 11366 }, // U+0DC6
    { 10, 14, 0, 1, 31, 35, 11496 }, // U+0DCA
    { 11, 19, 180, 0, 19, 53, 11531 }, // U+0DCF
    { 9, 19, 165, 1, 14, 43, 11584 }, // U+0DD0
    { 10, 19, 167, 1, 14, 48, 11627 }, // U+0DD1
    { 19, 12, 0, 1, 30, 57, 11675 }, // U+0DD2
    { 19, 12, 0, 1, 30, 57, 11732 }, // U+0DD3
    { 22, 16, 374, 1, 7, 88, 11789 }, // U+0DD4
    { 22, 16, 374, 1, 7, 88, 11877 }, // U+0DD6
    { 13, 19, 237, 1, 19, 62, 11965 }, // U+0DD8
    { 19, 19, 336, 1, 19, 91, 12027 }, // U+0DD9
    { 40, 32, 499, 1, 32, 320, 12118 }, // U+0DDA
    { 40, 19, 673, 1, 19, 190, 12438 }, // U+0DDB
    { 36, 19, 605, 1, 19, 171, 12628 }, // U+0DDC
    { 47, 32, 605, 1, 32, 376, 12799 }, // U+0DDD
    { 43, 19, 725, 1, 19, 205, 13175 }, // U+0DDE
    { 16, 19, 279, 1, 19, 76, 13380 }, // U+0DDF
    { 10, 20, 173, 1, 20, 50, 13456 }, // U+0DE6
    { 26, 20, 445, 1, 20, 130, 13506 }, // U+0DE7
    { 37, 20, 635, 1, 20, 185, 13636 }, // U+0DE8
    { 48, 20, 801, 1, 20, 240, 13821 }, // U+0DE9
    { 25, 27, 421, 1, 27, 169, 14061 }, // U+0DEA
    { 19, 29, 308, 1, 20, 138, 14230 }, // U+0DEB
    { 28, 19, 479, 1, 19, 133, 14368 }, // U+0DEC
    { 12, 20, 212, 1, 20, 60, 14501 }, // U+0DED
    { 22, 28, 374, 1, 28, 154, 14561 }, // U+0DEE
    { 37, 31, 634, 1, 31, 287, 14715 }, // U+0DEF
    { 27, 19, 475, 1, 19, 129, 15002 }, // U+0DF2
    { 16, 19, 282, 1, 19, 76, 15131 }, // U+0DF3
    { 60, 18, 963, 1, 18, 270, 15207 }, // U+0DF4
    { 0, 0, 0, 0, 0, 0, 0 }, // U+200C
    { 0, 0, 0, 0, 0, 0, 0 }, // U+200D
    { 18, 18, 332, 1, 19, 81, 0 }, // U+25CC
    { 14, 24, 320, 3, 24, 84, 81 }, // U+F0000
    { 0, 0, 208, 0, 0, 0, 165 }, // U+F0001
    { 23, 27, 384, 1, 20, 156, 165 }, // U+F0002
    { 33, 27, 566, 1, 20, 223, 321 }, // U+F0003
    { 32, 27, 542, 1, 20, 216, 544 }, // U+F0004
    { 32, 27, 545, 1, 20, 216, 760 }, // U+F0005
    { 23, 28, 407, 1, 20, 161, 976 }, // U+F0006
    { 23, 27, 391, 1, 27, 156, 1137 }, // U+F0007
    { 23, 28, 372, 1, 20, 161, 1293 }, // U+F0008
    { 39, 27, 651, 1, 20, 264, 1454 }, // U+F0009
    { 39, 20, 672, 1, 20, 195, 1718 }, // U+F000A
    { 54, 20, 909, 1, 20, 270, 1913 }, // U+F000B
    { 35, 20, 595, 1, 20, 175, 2183 }, // U+F000C
    { 51, 20, 854, 1, 20, 255, 2358 }, // U+F000D
    { 26, 28, 435, 0, 28, 182, 2613 }, // U+F000E
    { 28, 32, 459, 0, 32, 224, 2795 }, // U+F000F
    { 46, 28, 766, 1, 28, 322, 3019 }, // U+F0010
    { 27, 29, 474, 1, 29, 196, 3341 }, // U+F0011
    { 27, 33, 474, 1, 33, 223, 3537 }, // U+F0012
    { 44, 29, 749, 1, 29, 319, 3760 }, // U+F0013
    { 33, 20, 537, 0, 20, 165, 4079 }, // U+F0014
    { 27, 29, 475, 1, 29, 196, 4244 }, // U+F0015
    { 28, 20, 485, 1, 20, 140, 4440 }, // U+F0016
    { 28, 20, 479, 0, 20, 140, 4580 }, // U+F0017
    { 26, 29, 461, 1, 29, 189, 4720 }, // U+F0018
    { 33, 20, 557, 1, 20, 165, 4909 }, // U+F0019
    { 26, 29, 450, 1, 29, 189, 5074 }, // U+F001A
    { 25, 27, 443, 2, 27, 169, 5263 }, // U+F001B
    { 25, 27, 432, 2, 27, 169, 5432 }, // U+F001C
    { 48, 29, 791, 0, 29, 348, 5601 }, // U+F001D
    { 44, 29, 721, 1, 20, 319, 5949 }, // U+F001E
    { 38, 29, 628, 1, 20, 276, 6268 }, // U+F001F
    { 30, 27, 508, 1, 27, 203, 6544 }, // U+F0020
    { 25, 29, 447, 1, 29, 182, 6747 }, // U+F0021
    { 26, 29, 455, 1, 29, 189, 6929 }, // U+F0022
    { 27, 29, 464, 0, 29, 196, 7118 }, // U+F0023
    { 27, 28, 460, 0, 28, 189, 7314 }, // U+F0024
    { 40, 28, 643, 0, 28, 280, 7503 }, // U+F0025
    { 32, 29, 548, 1, 29, 232, 7783 }, // U+F0026
    { 31, 20, 500, 0, 20, 155, 8015 }, // U+F0027
    { 25, 29, 430, 1, 29, 182, 8170 }, // U+F0028
    { 19, 29, 316, 2, 20, 138, 8352 }, // U+F0029
    { 27, 29, 471, 1, 29, 196, 8490 }, // U+F002A
    { 30, 20, 516, 1, 20, 150, 8686 }, // U+F002B
    { 24, 29, 393, 1, 20, 174, 8836 }, // U+F002C
    { 25, 20, 443, 2, 20, 125, 9010 }, // U+F002D
    { 25, 28, 433, 2, 28, 175, 9135 }, // U+F002E
    { 27, 29, 473, 1, 29, 196, 9310 }, // U+F002F
    { 31, 20, 519, 0, 20, 155, 9506 }, // U+F0030
    { 26, 29, 460, 1, 29, 189, 9661 }, // U+F0031
    { 26, 29, 466, 1, 29, 189, 9850 }, // U+F0032
    { 27, 20, 468, 1, 20, 135, 10039 }, // U+F0033
    { 21, 28, 368, 1, 28, 147, 10174 }, // U+F0034
    { 26, 28, 454, 1, 20, 182, 10321 }, // U+F0035
    { 25, 29, 442, 1, 29, 182, 10503 }, // U+F0036
    { 28, 21, 488, 1, 20, 147, 10685 }, // U+F0037
    { 25, 20, 443, 2, 20, 125, 10832 }, // U+F0038
    { 28, 20, 479, 0, 20, 140, 10957 }, // U+F0039
    { 30, 20, 517, 2, 20, 150, 11097 }, // U+F003A
    { 24, 28, 418, 1, 20, 168, 11247 }, // U+F003B
    { 26, 20, 448, 1, 20, 130, 11415 }, // U+F003C
    { 14, 14, 251, 1, 16, 49, 11545 }, // U+F003D
    { 9, 19, 170, 1, 19, 43, 11594 }, // U+F003E
    { 46, 29, 761, 0, 29, 334, 11637 }, // U+F003F
    { 46, 20, 759, 0, 20, 230, 11971 }, // U+F0040
    { 42, 29, 715, 1, 29, 305, 12201 }, // U+F0041
    { 30, 29, 526, 1, 29, 218, 12506 }, // U+F0042
    { 31, 29, 531, 1, 29, 225, 12724 }, // U+F0043
    { 44, 28, 716, 0, 28, 308, 12949 }, // U+F0044
    { 44, 29, 721, 0, 29, 319, 13257 }, // U+F0045
    { 31, 29, 540, 1, 29, 225, 13576 }, // U+F0046
    { 30, 29, 527, 1, 29, 218, 13801 }, // U+F0047
    { 43, 28, 731, 1, 28, 301, 14019 }, // U+F0048
    { 37, 29, 604, 1, 20, 269, 14320 }, // U+F0049
    { 45, 29, 765, 1, 29, 327, 14589 }, // U+F004A
    { 43, 29, 736, 1, 29, 312, 14916 }, // U+F004B
    { 10, 14, 0, 1, 31, 35, 15228 }, // U+F004C
    { 9, 10, 0, 0, 31, 23, 15263 }, // U+F004D
    { 9, 17, 0, 0, 31, 39, 15286 }, // U+F004E
    { 11, 19, 180, 0, 19, 53, 15325 }, // U+F004F
    { 9, 19, 165, 1, 14, 43, 15378 }, // U+F0050
    { 10, 19, 167, 1, 14, 48, 15421 }, // U+F0051
    { 19, 12, 0, 1, 30, 57, 15469 }, // U+F0052
    { 19, 13, 0, 1, 30, 62, 15526 }, // U+F0053
    { 16, 13, 0, 1, 30, 52, 0 }, // U+F0054
    { 18, 12, 0, 1, 30, 54, 52 }, // U+F0055
    { 20, 13, 0, -1, 32, 65, 106 }, // U+F0056
    { 15, 13, 0, -1, 31, 49, 171 }, // U+F0057
    { 19, 12, 0, 1, 29, 57, 220 }, // U+F0058
    { 19, 13, 0, 1, 29, 62, 277 }, // U+F0059
    { 16, 13, 0, 1, 30, 52, 339 }, // U+F005A
    { 16, 12, 0, 1, 30, 48, 391 }, // U+F005B
    { 19, 12, 0, 1, 30, 57, 439 }, // U+F005C
    { 19, 13, 0, 1, 30, 62, 496 }, // U+F005D
    { 16, 13, 0, 1, 30, 52, 558 }, // U+F005E
    { 19, 12, 0, -1, 29, 57, 610 }, // U+F005F
    { 20, 12, 0, -1, 33, 60, 667 }, // U+F0060
    { 17, 13, 0, -1, 31, 56, 727 }, // U+F0061
    { 19, 13, 0, 1, 30, 62, 783 }, // U+F0062
    { 20, 13, 0, 1, 30, 65, 845 }, // U+F0063
    { 16, 12, 0, 1, 29, 48, 910 }, // U+F0064
    { 17, 12, 0, 1, 29, 51, 958 }, // U+F0065
    { 22, 16, 374, 1, 7, 88, 1009 }, // U+F0066
    { 23, 16, 379, 1, 7, 92, 1097 }, // U+F0067
    { 24, 16, 394, 1, 7, 96, 1189 }, // U+F0068
    { 26, 16, 438, 1, 7, 104, 1285 }, // U+F0069
    { 22, 16, 374, 1, 7, 88, 1389 }, // U+F006A
    { 22, 16, 374, 1, 7, 88, 1477 }, // U+F006B
    { 24, 17, 400, 1, 8, 102, 1565 }, // U+F006C
    { 25, 17, 423, 1, 8, 107, 1667 }, // U+F006D
    { 13, 19, 237, 1, 19, 62, 1774 }, // U+F006E
    { 19, 19, 336, 1, 19, 91, 1836 }, // U+F006F
    { 40, 32, 499, 1, 32, 320, 1927 }, // U+F0070
    { 40, 19, 673, 1, 19, 190, 2247 }, // U+F0071
    { 36, 19, 605, 1, 19, 171, 2437 }, // U+F0072
    { 47, 32, 605, 1, 32, 376, 2608 }, // U+F0073
    { 43, 19, 725, 1, 19, 205, 2984 }, // U+F0074
    { 16, 19, 279, 1, 19, 76, 3189 }, // U+F0075
    { 27, 19, 475, 1, 19, 129, 3265 }, // U+F0076
    { 16, 19, 282, 1, 19, 76, 3394 }, // U+F0077
    { 60, 18, 963, 1, 18, 270, 3470 }, // U+F0078
    { 16, 12, 0, 1, 29, 48, 3740 }, // U+F0079
    { 16, 12, 0, 1, 29, 48, 3788 }, // U+F007A
    { 20, 20, 339, 0, 20, 100, 3836 }, // U+F007B
    { 23, 15, 0, 1, 5, 87, 3936 }, // U+F007C
    { 23, 15, 0, 1, 5, 87, 4023 }, // U+F007D
    { 23, 15, 0, 1, 5, 87, 4110 }, // U+F007E
    { 26, 15, 436, 1, 5, 98, 4197 }, // U+F007F
    { 24, 14, 0, 0, 4, 84, 4295 }, // U+F0080
    { 24, 14, 399, 1, 4, 84, 4379 }, // U+F0081
    { 13, 32, 183, -1, 32, 104, 4463 }, // U+F0082
    { 10, 16, 172, 1, 7, 40, 4567 }, // U+F0083
    { 10, 17, 167, 1, 8, 43, 4607 }, // U+F0084
    { 12, 8, 0, -16, 31, 24, 4650 }, // U+F0085
    { 44, 29, 733, 1, 20, 319, 4674 }, // U+F0086
    { 39, 29, 653, 1, 20, 283, 4993 }, // U+F0087
    { 19, 30, 333, 2, 20, 143, 5276 }, // U+F0088
    { 24, 30, 411, 1, 20, 180, 5419 }, // U+F0089
    { 38, 29, 624, 1, 20, 276, 5599 }, // U+F008A
    { 27, 33, 477, 1, 33, 223, 5875 }, // U+F008B
    { 26, 33, 458, 1, 33, 215, 6098 }, // U+F008C
    { 26, 33, 455, 1, 33, 215, 6313 }, // U+F008D
    { 48, 33, 791, 0, 33, 396, 6528 }, // U+F008E
    { 25, 33, 450, 1, 33, 207, 6924 }, // U+F008F
    { 27, 33, 464, 0, 33, 223, 7131 }, // U+F0090
    { 32, 33, 548, 1, 33, 264, 7354 }, // U+F0091
    { 27, 33, 471, 1, 33, 223, 7618 }, // U+F0092
    { 27, 33, 473, 1, 33, 223, 7841 }, // U+F0093
    { 26, 33, 462, 1, 33, 215, 8064 }, // U+F0094
    { 26, 33, 466, 1, 33, 215, 8279 }, // U+F0095
    { 21, 32, 368, 1, 32, 168, 8494 }, // U+F0096
    { 25, 33, 448, 2, 33, 207, 8662 }, // U+F0097
    { 46, 33, 761, 0, 33, 380, 8869 }, // U+F0098
    { 42, 33, 715, 1, 33, 347, 9249 }, // U+F0099
    { 31, 33, 534, 1, 33, 256, 9596 }, // U+F009A
    { 44, 33, 725, 0, 33, 363, 9852 }, // U+F009B
    { 31, 33, 540, 1, 33, 256, 10215 }, // U+F009C
    { 30, 33, 530, 1, 33, 248, 10471 }, // U+F009D
    { 45, 33, 765, 1, 33, 372, 10719 }, // U+F009E
    { 43, 33, 739, 1, 33, 355, 11091 }, // U+F009F
    { 27, 33, 477, 1, 33, 223, 11446 }, // U+F00A0
    { 26, 33, 461, 1, 33, 215, 11669 }, // U+F00A1
    { 26, 33, 455, 1, 33, 215, 11884 }, // U+F00A2
    { 48, 33, 789, 0, 33, 396, 12099 }, // U+F00A3
    { 25, 33, 450, 1, 33, 207, 12495 }, // U+F00A4
    { 27, 33, 464, 0, 33, 223, 12702 }, // U+F00A5
    { 40, 32, 643, 0, 32, 320, 12925 }, // U+F00A6
    { 32, 33, 548, 1, 33, 264, 13245 }, // U+F00A7
    { 27, 33, 469, 1, 33, 223, 13509 }, // U+F00A8
    { 27, 33, 473, 1, 33, 223, 13732 }, // U+F00A9
    { 26, 33, 464, 1, 33, 215, 13955 }, // U+F00AA
    { 26, 33, 464, 1, 33, 215, 14170 }, // U+F00AB
    { 27, 30, 468, 1, 30, 203, 14385 }, // U+F00AC
    { 21, 31, 374, 1, 31, 163, 14588 }, // U+F00AD
    { 25, 33, 445, 1, 33, 207, 14751 }, // U+F00AE
    { 46, 33, 765, 0, 33, 380, 14958 }, // U+F00AF
    { 42, 33, 712, 1, 33, 347, 15338 }, // U+F00B0
    { 31, 33, 532, 1, 33, 256, 0 }, // U+F00B1
    { 44, 33, 725, 0, 33, 363, 256 }, // U+F00B2
    { 31, 33, 541, 1, 33, 256, 619 }, // U+F00B3
    { 30, 33, 530, 1, 33, 248, 875 }, // U+F00B4
    { 45, 33, 763, 1, 33, 372, 1123 }, // U+F00B5
    { 43, 33, 739, 1, 33, 355, 1495 }, // U+F00B6
    { 27, 33, 477, 1, 33, 223, 1850 }, // U+F00B7
    { 26, 33, 458, 1, 33, 215, 2073 }, // U+F00B8
    { 26, 33, 455, 1, 33, 215, 2288 }, // U+F00B9
    { 48, 33, 789, 0, 33, 396, 2503 }, // U+F00BA
    { 25, 33, 450, 1, 33, 207, 2899 }, // U+F00BB
    { 27, 33, 464, 0, 33, 223, 3106 }, // U+F00BC
    { 40, 32, 639, 0, 32, 320, 3329 }, // U+F00BD
    { 32, 33, 548, 1, 33, 264, 3649 }, // U+F00BE
    { 27, 33, 469, 1, 33, 223, 3913 }, // U+F00BF
    { 27, 33, 473, 1, 33, 223, 4136 }, // U+F00C0
    { 26, 33, 464, 1, 33, 215, 4359 }, // U+F00C1
    { 26, 33, 466, 1, 33, 215, 4574 }, // U+F00C2
    { 27, 30, 468, 1, 30, 203, 4789 }, // U+F00C3
    { 21, 31, 368, 1, 31, 163, 4992 }, // U+F00C4
    { 25, 33, 445, 1, 33, 207, 5155 }, // U+F00C5
    { 46, 33, 765, 0, 33, 380, 5362 }, // U+F00C6
    { 42, 33, 712, 1, 33, 347, 5742 }, // U+F00C7
    { 31, 33, 532, 1, 33, 256, 6089 }, // U+F00C8
    { 44, 33, 725, 0, 33, 363, 6345 }, // U+F00C9
    { 31, 33, 541, 1, 33, 256, 6708 }, // U+F00CA
    { 30, 33, 530, 1, 33, 248, 6964 }, // U+F00CB
    { 45, 33, 763, 1, 33, 372, 7212 }, // U+F00CC
    { 43, 33, 739, 1, 33, 355, 7584 }, // U+F00CD
    { 33, 27, 537, 0, 20, 223, 7939 }, // U+F00CE
    { 28, 27, 485, 1, 20, 189, 8162 }, // U+F00CF
    { 33, 27, 557, 1, 20, 223, 8351 }, // U+F00D0
    { 43, 29, 728, 1, 20, 312, 8574 }, // U+F00D1
    { 38, 29, 635, 1, 20, 276, 8886 }, // U+F00D2
    { 31, 27, 500, 0, 20, 210, 9162 }, // U+F00D3
    { 18, 30, 323, 2, 20, 135, 9372 }, // U+F00D4
    { 23, 30, 400, 1, 20, 173, 9507 }, // U+F00D5
    { 31, 27, 519, 0, 20, 210, 9680 }, // U+F00D6
    { 25, 29, 439, 1, 20, 182, 9890 }, // U+F00D7
    { 28, 27, 488, 1, 20, 189, 10072 }, // U+F00D8
    { 29, 28, 506, 1, 28, 203, 10261 }, // U+F00D9
    { 36, 29, 611, 1, 20, 261, 10464 }, // U+F00DA
    { 33, 29, 537, 0, 21, 240, 10725 }, // U+F00DB
    { 28, 28, 485, 1, 20, 196, 10965 }, // U+F00DC
    { 33, 28, 557, 1, 20, 231, 11161 }, // U+F00DD
    { 43, 29, 728, 1, 20, 312, 11392 }, // U+F00DE
    { 38, 29, 635, 1, 20, 276, 11704 }, // U+F00DF
    { 31, 29, 500, 0, 21, 225, 11980 }, // U+F00E0
    { 18, 30, 324, 2, 20, 135, 12205 }, // U+F00E1
    { 23, 30, 400, 1, 20, 173, 12340 }, // U+F00E2
    { 31, 28, 519, 0, 20, 217, 12513 }, // U+F00E3
    { 25, 29, 439, 1, 20, 182, 12730 }, // U+F00E4
    { 28, 28, 488, 1, 20, 196, 12912 }, // U+F00E5
    { 36, 29, 611, 1, 20, 261, 13108 }, // U+F00E6
    { 33, 28, 510, 1, 28, 231, 13369 }, // U+F00E7
    { 33, 28, 510, 1, 28, 231, 13600 }, // U+F00E8
    { 4, 5, 143, 2, 4, 5, 13831 }, // U+F00E9
    { 10, 20, 173, 1, 20, 50, 13836 }, // U+F00EA
    { 26, 20, 445, 1, 20, 130, 13886 }, // U+F00EB
    { 37, 20, 635, 1, 20, 185, 14016 }, // U+F00EC
    { 48, 20, 801, 1, 20, 240, 14201 }, // U+F00ED
    { 25, 27, 421, 1, 27, 169, 14441 }, // U+F00EE
    { 19, 29, 308, 1, 20, 138, 14610 }, // U+F00EF
    { 28, 19, 479, 1, 19, 133, 14748 }, // U+F00F0
    { 12, 20, 212, 1, 20, 60, 14881 }, // U+F00F1
    { 22, 28, 374, 1, 28, 154, 14941 }, // U+F00F2
    { 37, 31, 634, 1, 31, 287, 15095 }, // U+F00F3
    { 0, 0, 0, 0, 0, 0, 15382 }, // U+F00F4
    { 0, 0, 0, 0, 0, 0, 15382 }, // U+F00F5
    { 0, 0, 0, 0, 0, 0, 15382 }, // U+F00F6
    { 18, 18, 332, 1, 19, 81, 15382 }, // U+F00F7
};

static const EpdUnicodeInterval sinhala_16_regularIntervals[] = {
    { 0xD81, 0xD83, 0x0 },
    { 0xD85, 0xD96, 0x3 },
    { 0xD9A, 0xDB1, 0x15 },
    { 0xDB3, 0xDBB, 0x2D },
    { 0xDBD, 0xDBD, 0x36 },
    { 0xDC0, 0xDC6, 0x37 },
    { 0xDCA, 0xDCA, 0x3E },
    { 0xDCF, 0xDD4, 0x3F },
    { 0xDD6, 0xDD6, 0x45 },
    { 0xDD8, 0xDDF, 0x46 },
    { 0xDE6, 0xDEF, 0x4E },
    { 0xDF2, 0xDF4, 0x58 },
    { 0x200C, 0x200D, 0x5B },
    { 0x25CC, 0x25CC, 0x5D },
    { 0xF0000, 0xF00F7, 0x5E },
};

static const EpdFontGroup sinhala_16_regularGroups[] = {
    { 0, 6974, 16210, 91, 0 },
    { 6974, 2, 0, 2, 91 },
    { 6976, 7048, 16348, 85, 93 },
    { 14024, 6506, 16366, 93, 178 },
    { 20530, 6095, 16204, 71, 271 },
};

static BuiltinShapingFace sinhala_16_regularShaping = {
    sinhalaLayout,
    sizeof(sinhalaLayout),
    0xD70EDAB9,
    2133,
    &sinhala_16_regularGlyphs[94],
    248,
    nullptr,
};

static constexpr EpdFontData sinhala_16_regular = {
    sinhala_16_regularBitmaps,
    sinhala_16_regularGlyphs,
    sinhala_16_regularIntervals,
    15,
    43,
    34,
    -10,
    true,
    sinhala_16_regularGroups,
    5,
    nullptr,
    nullptr,
    nullptr,
    nullptr,
    nullptr,
    nullptr,
    nullptr,
    nullptr,
    nullptr,
    nullptr,
    nullptr,
    0,
    0,
    0,
    0,
    nullptr,
    0,
    nullptr,  // glyphMissHandler
    nullptr,  // glyphMissCtx
    nullptr,  // coverageHandler
    &builtinShaping::shape,
    &sinhala_16_regularShaping,
};
