/**
 * generated by fontconvert.py
 * name: tamil_ui_12
 * size: 12
 * mode: 1-bit
 * Command used: fontconvert.py tamil_ui_12 12 ../builtinFonts/source/NotoSansTamil/NotoSansTamil-Regular.ttf --no-default-intervals --additional-intervals 0x0B80,0x0BFF --additional-intervals 0x0964,0x0965 --additional-intervals 0x200C,0x200D --additional-intervals 0x25CC,0x25CC --shaping-font ../builtinFonts/source/NotoSansTamil/NotoSansTamil-Regular.ttf --shaping-scripts tamil --shaping-layout-symbol tamilLayout --shaping-layout-header tamil_layout.h --shaping-layout-font ../builtinFonts/source/NotoSansTamil/NotoSansTamil-Regular.ttf
 */
#pragma once
#include "EpdFontData.h"

#include "BuiltinShaping.h"
#include "tamil_layout.h"

static const uint8_t tamil_ui_12Bitmaps[15462] = {
    0x1F, 0xFF, 0xFF, 0xFF, 0xFF, 0xFF, 0xF8, 0x00, 0xE7, 0xE7, 0xE7, 0xE7, 0xE7, 0xE7, 0xE7, 0xE7,
    0xE7, 0xE7, 0xE7, 0xE7, 0xE7, 0xE7, 0xE7, 0xE7, 0xC3, 0x7B, 0xFC, 0xF3, 0xFD, 0xE0, 0x01, 0xF8,
    0x00, 0x1F, 0xE0, 0x00, 0xE7, 0x00, 0x0F, 0x3C, 0x00, 0x70, 0xE0, 0x01, 0xCE, 0x00, 0x0E, 0x70,
    0x00, 0x7F, 0x80, 0x01, 0xF0, 0x00, 0x00, 0x00, 0x00, 0x00, 0x00, 0x00, 0x00, 0x03, 0xE0, 0x7E,
    0x3F, 0x87, 0xFB, 0xCE, 0x79, 0xDC, 0x73, 0x8E, 0xE3, 0x9C, 0x3F, 0x1C, 0xE3, 0xBC, 0xE7, 0x9C,
    0xFE, 0x1F, 0xE3, 0xE0, 0x7E, 0x00, 0x00, 0x7F, 0x01, 0xC0, 0x7F, 0xE0, 0x70, 0x1C, 0xFC, 0x1C,
    0x06, 0x3B, 0x87, 0x03, 0x8E, 0xF1, 0xC0, 0x73, 0x9C, 0x70, 0x1F, 0xE7, 0x1C, 0x03, 0xF1, 0xC7,
    0x00, 0x00, 0x71, 0xC0, 0x00, 0x1C, 0x77, 0xFF, 0xFF, 0xFF, 0xFF, 0xFF, 0xFF, 0xE0, 0x00, 0xE1,
    0xF8, 0x00, 0xF8, 0x7F, 0x81, 0xFC, 0x1D, 0xFF, 0xFC, 0x07, 0x3F, 0xFC, 0x01, 0xC0, 0x00, 0x00,
    0x70, 0x00, 0x7F, 0x01, 0xC0, 0x01, 0xFF, 0x81, 0xC0, 0x01, 0xCF, 0xC1, 0xC0, 0x01, 0x8E, 0xE1,
    0xC0, 0x03, 0x8E, 0xF1, 0xC0, 0x01, 0xCE, 0x71, 0xC0, 0x01, 0xFE, 0x71, 0xC0, 0x00, 0xFC, 0x71,
    0xC0, 0x00, 0x00, 0x71, 0xC0, 0x00, 0x00, 0x71, 0xC0, 0x7F, 0xFF, 0xFF, 0xC0, 0xFF, 0xFF, 0xFF,
    0xC0, 0xE0, 0x01, 0xE1, 0xFE, 0xE0, 0x03, 0xE1, 0xFF, 0xF0, 0x1F, 0xC1, 0xC7, 0x7F, 0xFF, 0xFD,
    0xC7, 0x3F, 0xFD, 0xFD, 0xC7, 0x00, 0x01, 0xC0, 0x07, 0x00, 0x01, 0xC0, 0x0F, 0x00, 0x01, 0xE0,
    0x7E, 0x00, 0x00, 0xFF, 0xFC, 0x00, 0x00, 0x7F, 0xF0, 0x00, 0xFF, 0xC0, 0x01, 0xFF, 0xF8, 0x01,
    0xF8, 0x3F, 0x03, 0xE0, 0x03, 0xC1, 0xC0, 0x00, 0xE1, 0xC0, 0x00, 0x38, 0xE0, 0x00, 0x1C, 0xE1,
    0xFC, 0x0F, 0x73, 0xFF, 0x83, 0xB9, 0xCF, 0xE1, 0xF8, 0xE3, 0x70, 0xFC, 0xE1, 0xDC, 0x7E, 0x39,
    0xCE, 0x3B, 0x1F, 0xE7, 0x1D, 0xC7, 0xE3, 0x8E, 0xE0, 0x01, 0xC7, 0x70, 0x00, 0xE3, 0x99, 0xFF,
    0xF1, 0xCF, 0xFF, 0xF8, 0xE7, 0xF1, 0xFC, 0x77, 0xC0, 0x1F, 0x3F, 0xE0, 0x1F, 0xC3, 0xB8, 0x0E,
    0xE1, 0xCE, 0x0E, 0x30, 0xE3, 0x8F, 0x1C, 0x70, 0xFF, 0x1C, 0x3C, 0x3F, 0x1E, 0x0F, 0xFF, 0xFF,
    0x03, 0xFC, 0xFE, 0x00, 0xFF, 0xFF, 0xFF, 0xFF, 0x87, 0x07, 0x0E, 0x0E, 0x1C, 0x1C, 0x38, 0x3F,
    0x77, 0x7E, 0xEE, 0xFD, 0xDD, 0xC3, 0x83, 0x87, 0x07, 0x0E, 0x0E, 0x1C, 0x1C, 0x38, 0x00, 0x3F,
    0xC0, 0x00, 0x3F, 0xF8, 0x00, 0x3D, 0xFE, 0x00, 0x1C, 0x67, 0x00, 0x0E, 0x3B, 0x80, 0x07, 0x38,
    0xE0, 0x03, 0xFC, 0xE0, 0x00, 0xFC, 0x70, 0x00, 0x01, 0xF8, 0x00, 0x3F, 0xF0, 0x00, 0x3F, 0xE0,
    0x00, 0x1C, 0x00, 0x00, 0x0F, 0xFF, 0xFF, 0xFF, 0xFF, 0xFF, 0xFC, 0x3F, 0xC0, 0x3F, 0xFF, 0xF7,
    0xFF, 0x07, 0xFF, 0xFF, 0xF7, 0xF8, 0xF1, 0xF3, 0x8E, 0x33, 0x8C, 0x07, 0x38, 0xE3, 0xB9, 0xFC,
    0x73, 0x8E, 0x71, 0xDF, 0xE7, 0x38, 0xFF, 0x39, 0xCE, 0x73, 0x87, 0xE3, 0x9C, 0xE7, 0x38, 0x03,
    0xF8, 0xEE, 0x73, 0x87, 0xFE, 0x0F, 0xE7, 0x38, 0xFF, 0x80, 0x7C, 0x61, 0x8C, 0x00, 0x00, 0x00,
    0x00, 0xFF, 0xFF, 0xFF, 0xFF, 0xFF, 0xFF, 0xFF, 0xFF, 0xFF, 0x0F, 0xFF, 0xC7, 0xFF, 0xF7, 0xC1,
    0xC1, 0xC0, 0x70, 0xE0, 0x1C, 0x3F, 0xC7, 0x0F, 0xF9, 0xC3, 0xDE, 0x70, 0xE3, 0xDC, 0x38, 0x77,
    0x0E, 0x39, 0xC3, 0xCE, 0x70, 0x7F, 0x9C, 0x0F, 0xC7, 0x00, 0x0F, 0xFF, 0xC7, 0xFF, 0xF7, 0xC1,
    0xC1, 0xC0, 0x70, 0xE0, 0x1C, 0x3F, 0xC7, 0x0F, 0xF9, 0xC3, 0xDE, 0x70, 0xE3, 0xDC, 0x38, 0x77,
    0x0E, 0x39, 0xC3, 0xCE, 0x70, 0x7F, 0x9C, 0x0F, 0xC7, 0x00, 0x03, 0xC0, 0x01, 0xE0, 0x00, 0xF0,
    0x00, 0x70, 0x00, 0x18, 0x00, 0x1F, 0xC7, 0xF0, 0xFF, 0xDF, 0xF1, 0xFB, 0xF8, 0xF7, 0x79, 0xE0,
    0xEE, 0x73, 0xC1, 0xDC, 0x77, 0x81, 0xF8, 0xE7, 0x03, 0xFB, 0x8E, 0x0E, 0x7F, 0x1C, 0x1C, 0x7C,
    0x30, 0x78, 0x00, 0x0F, 0xE0, 0xFF, 0xFF, 0x87, 0xFF, 0xFC, 0x0F, 0x00, 0x01, 0xB8, 0x06, 0x07,
    0x70, 0x0E, 0x0E, 0xE0, 0x1C, 0x0F, 0xC0, 0x78, 0x1F, 0x80, 0xF0, 0x77, 0xC3, 0xF1, 0xE7, 0xFF,
    0xFF, 0x83, 0xF8, 0x7E, 0x00, 0x07, 0xFF, 0x80, 0x7F, 0xFF, 0x83, 0xF0, 0x3F, 0x1E, 0x00, 0x1E,
    0xFF, 0x00, 0x3F, 0xFE, 0x1E, 0x7F, 0x79, 0xF9, 0xF8, 0xE7, 0xC7, 0xE3, 0xBF, 0x1F, 0x8E, 0xFE,
    0x7F, 0x7B, 0xBB, 0xDF, 0xCE, 0xFE, 0x3E, 0x39, 0xF0, 0x00, 0xF0, 0x00, 0xF1, 0xF0, 0x03, 0x83,
    0xFE, 0x0E, 0x07, 0xF8, 0x70, 0x1C, 0x00, 0xE0, 0xE0, 0x03, 0x87, 0x80, 0x0F, 0xFC, 0x00, 0x1F,
    0xE0, 0x00, 0x07, 0xFF, 0x80, 0x7F, 0xFF, 0x83, 0xF0, 0x3F, 0x1E, 0x00, 0x1E, 0xFF, 0x00, 0x3F,
    0xFE, 0x1E, 0x7F, 0x79, 0xF9, 0xF8, 0xE7, 0xC7, 0xE3, 0xBF, 0x1F, 0x8E, 0xFE, 0x7F, 0x7B, 0xBB,
    0xDF, 0xCE, 0xFE, 0x3E, 0x39, 0xF0, 0x00, 0xF0, 0x00, 0xFD, 0xF0, 0x07, 0xFB, 0xFE, 0x1D, 0xE7,
    0xF8, 0xE3, 0x9C, 0x03, 0x8E, 0xF0, 0x07, 0x3F, 0x80, 0x1F, 0xFC, 0x00, 0x1F, 0xE0, 0x00, 0x07,
    0xFF, 0x80, 0x07, 0xF7, 0xFF, 0xC7, 0xFF, 0xF8, 0x07, 0xFF, 0xFF, 0xF3, 0xF0, 0x3F, 0x03, 0xC3,
    0xE1, 0xC1, 0xE0, 0x01, 0xE1, 0xE0, 0x38, 0x70, 0xFF, 0x02, 0x3C, 0x70, 0x0E, 0x1C, 0x3F, 0xE3,
    0xE7, 0x1F, 0xC3, 0x87, 0x0F, 0x79, 0xF9, 0xC7, 0xF8, 0xE1, 0xC3, 0x8E, 0xFC, 0x73, 0xEF, 0x38,
    0x70, 0xE3, 0xBF, 0x1C, 0xE1, 0xCE, 0x1C, 0x3C, 0xEE, 0xE7, 0x18, 0x73, 0x87, 0x07, 0xFB, 0xBF,
    0xC7, 0x1C, 0xE1, 0xC0, 0xFC, 0xE7, 0xE1, 0xE7, 0x38, 0x70, 0x00, 0x3C, 0x00, 0x3F, 0x8E, 0x1C,
    0x01, 0x87, 0x80, 0x07, 0xC3, 0x87, 0x00, 0xF0, 0xFF, 0x80, 0x00, 0x00, 0x00, 0x38, 0x1F, 0xE0,
    0x00, 0x00, 0x00, 0x0C, 0x07, 0x00, 0x00, 0x00, 0x00, 0x07, 0x03, 0xC0, 0x00, 0x00, 0x00, 0x00,
    0xE0, 0xE0, 0x00, 0x00, 0x00, 0x00, 0x3C, 0xF0, 0x00, 0x00, 0x00, 0x00, 0x07, 0xFC, 0x00, 0x00,
    0x00, 0x00, 0x00, 0xFC, 0x00, 0x00, 0x00, 0x00, 0x00, 0x3F, 0xFF, 0x07, 0xFF, 0xE0, 0xE1, 0xC0,
    0x1C, 0x38, 0x03, 0x87, 0x00, 0x7F, 0xFE, 0x1F, 0xFF, 0xE7, 0xC3, 0xBE, 0xE0, 0x71, 0xDC, 0x1C,
    0x1F, 0x83, 0x83, 0xF8, 0xF0, 0xE7, 0xFD, 0xFC, 0x7F, 0x3F, 0x00, 0xFF, 0xF8, 0x1F, 0xFF, 0xE0,
    0x7E, 0x38, 0x01, 0xF8, 0xE0, 0x07, 0xE3, 0x80, 0x1F, 0x8F, 0xF8, 0x7E, 0x3F, 0xF1, 0xF8, 0xF1,
    0xC7, 0xE3, 0x87, 0x1F, 0x8E, 0x1C, 0x7E, 0x30, 0x71, 0xF8, 0x01, 0xC7, 0xE3, 0xFF, 0xFF, 0x8F,
    0xFF, 0xF0, 0x3F, 0xFF, 0x3F, 0xFF, 0x38, 0x70, 0x38, 0x70, 0x38, 0x70, 0x3F, 0xFF, 0x7F, 0xFF,
    0xF8, 0x70, 0xE0, 0x70, 0xE0, 0xE0, 0xE0, 0xE0, 0xF1, 0xE0, 0x7F, 0xC0, 0x3F, 0x80, 0x1F, 0xC7,
    0xF0, 0xFF, 0xDF, 0xF1, 0xFB, 0xF8, 0xF7, 0x79, 0xE0, 0xEE, 0x73, 0xC1, 0xDC, 0x77, 0x81, 0xF8,
    0xE7, 0x03, 0xFB, 0x8E, 0x0E, 0x7F, 0x1C, 0x1C, 0x7C, 0x30, 0x78, 0x00, 0x0F, 0xE0, 0xFF, 0xFF,
    0x87, 0xFF, 0xFC, 0x0F, 0x00, 0x00, 0x38, 0x00, 0x78, 0x70, 0x03, 0xFC, 0xE0, 0x1F, 0xFD, 0xC0,
    0x7F, 0x3B, 0x81, 0xEE, 0x3F, 0x87, 0x9C, 0xE7, 0xFE, 0x3F, 0xC7, 0xF0, 0x3F, 0x00, 0x18, 0x3F,
    0xFF, 0x83, 0x87, 0xFF, 0xF0, 0x79, 0xF8, 0x70, 0x07, 0x1E, 0x07, 0x00, 0x73, 0xC0, 0x70, 0x0E,
    0x38, 0x07, 0x00, 0xE3, 0xFC, 0x7F, 0x8E, 0x3F, 0xE7, 0xFC, 0xE3, 0x8E, 0x79, 0xEE, 0x38, 0x77,
    0x0E, 0xE3, 0x87, 0x70, 0xEE, 0x3C, 0xE7, 0x07, 0xE1, 0xFE, 0x70, 0x7E, 0x0F, 0xC7, 0x0E, 0xF0,
    0x00, 0x00, 0xE7, 0x00, 0x00, 0x0E, 0x78, 0x00, 0x01, 0xE3, 0xC0, 0x00, 0x3C, 0x1F, 0x00, 0x0F,
    0x80, 0xFF, 0x0F, 0xF0, 0x03, 0xFF, 0xFC, 0x00, 0x0F, 0xFF, 0x00, 0xE0, 0x01, 0xC0, 0x03, 0x80,
    0x07, 0x00, 0x0E, 0x00, 0x1C, 0x00, 0x38, 0x00, 0x70, 0x00, 0xE0, 0x01, 0xC0, 0x03, 0x80, 0x07,
    0x00, 0x0F, 0xFF, 0xFF, 0xFF, 0xC0, 0x0F, 0xF8, 0xFF, 0x1F, 0xFF, 0x1F, 0xFF, 0xFF, 0xFF, 0xFF,
    0x3C, 0x0F, 0x81, 0xF0, 0x70, 0x70, 0x0F, 0xC3, 0xF8, 0x70, 0xE0, 0x0F, 0xC3, 0xB8, 0x70, 0xFF,
    0x1C, 0xE7, 0x1C, 0x70, 0xFF, 0x9C, 0xE7, 0x1C, 0x70, 0xF7, 0x9C, 0xE7, 0x1C, 0x70, 0xE3, 0xDC,
    0x77, 0x1C, 0x70, 0xE1, 0xDC, 0x77, 0x1C, 0x70, 0xE3, 0x9C, 0xE7, 0x1C, 0x70, 0xF3, 0x9C, 0xE7,
    0x9C, 0x70, 0x7F, 0x8F, 0xE3, 0xF8, 0x70, 0x3F, 0x0F, 0xC1, 0xF0, 0x70, 0x3F, 0xFF, 0x07, 0xFF,
    0xE0, 0xE1, 0xC0, 0x1C, 0x38, 0x03, 0x87, 0x00, 0x7F, 0xFC, 0x1F, 0xFF, 0xE7, 0xC3, 0xFE, 0xE0,
    0x71, 0xDC, 0x1C, 0x3B, 0x83, 0x83, 0xF8, 0xF0, 0x77, 0xFC, 0x1C, 0x7F, 0x03, 0x80, 0x00, 0xF0,
    0x01, 0xFC, 0x7F, 0xFF, 0x1F, 0xFF, 0x83, 0xC0, 0x00, 0x70, 0x00, 0x0E, 0x00, 0x01, 0xC0, 0x00,
    0x00, 0x7F, 0xFC, 0x1F, 0xFF, 0x07, 0x1C, 0x01, 0xC7, 0x00, 0x71, 0xC0, 0x1C, 0x7F, 0x87, 0x1F,
    0xF1, 0xC7, 0x9E, 0x71, 0xC3, 0x9C, 0x70, 0xE7, 0x1C, 0x1D, 0xC7, 0x07, 0x71, 0xC3, 0x9C, 0x70,
    0xE0, 0x00, 0x78, 0x00, 0xFC, 0x7F, 0xFE, 0x3F, 0xFE, 0x0F, 0x00, 0x03, 0x80, 0x00, 0xE0, 0x00,
    0x38, 0x00, 0x00, 0x0F, 0xF8, 0xFF, 0xF8, 0xFF, 0xFF, 0xFF, 0xCF, 0x03, 0xF0, 0xE0, 0xE0, 0x1F,
    0x87, 0x0E, 0x00, 0xFC, 0x38, 0x7F, 0x8E, 0x71, 0xC3, 0xFE, 0x73, 0x8E, 0x1E, 0xF3, 0x9C, 0x70,
    0xE3, 0xDC, 0x73, 0x87, 0x0E, 0xE3, 0x9C, 0x38, 0xE7, 0x38, 0xE1, 0xE7, 0x39, 0xC7, 0x07, 0xF8,
    0xFE, 0x38, 0x1F, 0x87, 0xE1, 0xC0, 0xE0, 0x0F, 0xC0, 0x1F, 0x80, 0x3F, 0x00, 0x7E, 0x00, 0xFC,
    0x01, 0xF8, 0x03, 0xF0, 0x07, 0xE0, 0x0F, 0xC0, 0x1F, 0x80, 0x3F, 0x00, 0x7F, 0xFF, 0xFF, 0xFF,
    0xC0, 0xE0, 0x7E, 0x38, 0x3F, 0xCE, 0x0E, 0x7B, 0x83, 0x8F, 0xE1, 0xC1, 0xF8, 0x70, 0x7E, 0x1C,
    0x1F, 0x87, 0x07, 0xE1, 0xC1, 0xF8, 0x70, 0x7E, 0x1C, 0x1F, 0x87, 0x1E, 0xFF, 0xFF, 0xBF, 0xFF,
    0x80, 0xE3, 0x80, 0x7E, 0x38, 0x07, 0xE3, 0x80, 0x7E, 0x38, 0x07, 0xE3, 0x80, 0x7E, 0x38, 0x07,
    0xE3, 0x80, 0x7E, 0x38, 0x07, 0xE3, 0x80, 0x7E, 0x38, 0x07, 0xE3, 0x80, 0x7E, 0x38, 0x07, 0xFF,
    0xFF, 0xF7, 0xFF, 0xFF, 0xFF, 0xFF, 0xFF, 0xFE, 0x1C, 0x38, 0x70, 0xE1, 0xC3, 0x87, 0x0E, 0x1C,
    0x38, 0x70, 0xE1, 0xC3, 0x87, 0x0E, 0x1C, 0x38, 0x70, 0xE1, 0xC3, 0x8F, 0x00, 0x78, 0x03, 0xC0,
    0x1E, 0x00, 0xF0, 0x03, 0x80, 0x00, 0x00, 0x3F, 0x3F, 0x07, 0xFF, 0xF1, 0xEF, 0xCF, 0x38, 0xF0,
    0xF7, 0x1C, 0x0E, 0xE3, 0x81, 0xDC, 0x70, 0x3B, 0x8E, 0x07, 0x71, 0xC0, 0xEE, 0x38, 0x1D, 0xC7,
    0x03, 0xB8, 0xE0, 0x77, 0x1C, 0x0E, 0xE3, 0x83, 0x80, 0x00, 0xF0, 0x01, 0xFC, 0x7F, 0xFF, 0x1F,
    0xFF, 0x83, 0xC0, 0x00, 0x70, 0x00, 0x0E, 0x00, 0x01, 0xC0, 0x00, 0x00, 0x00, 0x00, 0x30, 0x1F,
    0xC0, 0xE0, 0xFF, 0xE1, 0xE3, 0xE3, 0xC1, 0xC7, 0x01, 0xC1, 0xDC, 0x03, 0x83, 0xBF, 0xC7, 0x07,
    0x7F, 0xCE, 0x0E, 0xF7, 0x9C, 0x0F, 0xC7, 0xB8, 0x1F, 0x87, 0x38, 0x77, 0x1C, 0x70, 0xEF, 0x38,
    0xF3, 0xCF, 0xF0, 0xFF, 0x0F, 0xC0, 0xFC, 0x00, 0x0F, 0xEF, 0xFF, 0x9F, 0xFF, 0xFF, 0xDF, 0x0F,
    0x8E, 0x0E, 0x03, 0xC7, 0x0E, 0x00, 0xE3, 0x87, 0xF8, 0x71, 0xC3, 0xFE, 0x38, 0xE1, 0xEF, 0x1C,
    0x70, 0xE3, 0xCE, 0x38, 0x70, 0xE7, 0x1C, 0x38, 0xE3, 0x8E, 0x1E, 0x71, 0xC7, 0x07, 0xF8, 0xE3,
    0x81, 0xF8, 0x71, 0xC0, 0xE0, 0x3F, 0x1C, 0x0F, 0xF3, 0x81, 0xCF, 0x70, 0x38, 0xEE, 0x0E, 0x1D,
    0xC1, 0xC3, 0xB8, 0x38, 0x3F, 0x07, 0x07, 0xE0, 0xE0, 0xFC, 0x1C, 0x3B, 0x83, 0x87, 0x70, 0x71,
    0xEF, 0xFF, 0xF9, 0xFF, 0xFE, 0x00, 0x38, 0x03, 0xE3, 0x80, 0xFC, 0x7F, 0x9E, 0x07, 0xF3, 0x80,
    0xE0, 0x78, 0x78, 0x0F, 0xFE, 0x00, 0xFF, 0x80, 0x00, 0x0F, 0xF0, 0x0E, 0x7F, 0xF0, 0x1D, 0xF0,
    0xF0, 0x3B, 0x80, 0xF0, 0x7E, 0x00, 0xE0, 0xFF, 0xE1, 0xC1, 0xFF, 0xE3, 0x83, 0xFB, 0xC7, 0x07,
    0xE3, 0xCE, 0x0F, 0xC3, 0x9C, 0x1F, 0x8E, 0x38, 0x3F, 0x9C, 0xE0, 0x77, 0xF9, 0xFF, 0xE7, 0xE3,
    0xFF, 0xC0, 0xE0, 0xFF, 0xFF, 0xF0, 0x7F, 0xFF, 0xF8, 0x38, 0xE0, 0xFC, 0x1C, 0x70, 0x7E, 0x0E,
    0x38, 0x3F, 0x07, 0x1C, 0x1F, 0x83, 0x8E, 0x0F, 0xC1, 0xC7, 0x07, 0xE0, 0xE3, 0x83, 0xF0, 0x71,
    0xC1, 0xF8, 0x38, 0xE0, 0xFE, 0x3C, 0x78, 0xF7, 0xFC, 0x1F, 0xF1, 0xFC, 0x07, 0xF0, 0x0F, 0xF0,
    0x3F, 0x00, 0x7F, 0xF0, 0xFF, 0x01, 0xF0, 0xF1, 0xCE, 0x03, 0x80, 0xF3, 0x0E, 0x0E, 0x00, 0xEE,
    0x1C, 0x1F, 0xE1, 0xCE, 0x73, 0xFF, 0xE3, 0x9E, 0xFF, 0xFB, 0xC7, 0x1F, 0xFF, 0xE3, 0xCE, 0x1F,
    0xFF, 0xC3, 0x9C, 0x07, 0x9F, 0x8E, 0x38, 0x1C, 0x3F, 0x9C, 0xE0, 0x38, 0x77, 0xF9, 0xFF, 0xFF,
    0xE7, 0xE3, 0xFF, 0xFF, 0xC0, 0x00, 0x03, 0x80, 0x00, 0x00, 0x07, 0x00, 0x00, 0x00, 0x0E, 0x00,
    0x00, 0x00, 0x1C, 0x00, 0x00, 0x00, 0x70, 0x00, 0x00, 0x00, 0xE0, 0x00, 0x00, 0x01, 0xC0, 0x00,
    0x00, 0x00, 0x00, 0x60, 0x3F, 0x8F, 0x83, 0x83, 0xFF, 0x7F, 0x0F, 0x1F, 0x1F, 0xCE, 0x1C, 0x70,
    0x1E, 0x38, 0x3B, 0x80, 0x78, 0xE0, 0xEF, 0xF0, 0xE3, 0x83, 0xBF, 0xE3, 0x8E, 0x0E, 0xF7, 0x8E,
    0x38, 0x1F, 0x8F, 0x38, 0xE0, 0x7E, 0x1C, 0xE1, 0xC3, 0xB8, 0xE3, 0x87, 0x0E, 0xF3, 0x8E, 0x1E,
    0x79, 0xFE, 0x38, 0x3F, 0xC3, 0xF0, 0xE0, 0x7E, 0x00, 0x0F, 0xF0, 0x07, 0xC7, 0xE0, 0xFF, 0xE0,
    0x3F, 0xFF, 0xC7, 0xC3, 0xC0, 0xE7, 0xC7, 0x9C, 0x07, 0x83, 0x9E, 0x0F, 0xE0, 0x0E, 0x1C, 0x38,
    0x1F, 0xFC, 0x38, 0x70, 0xE0, 0x7F, 0xF8, 0xE1, 0xC3, 0x81, 0xFD, 0xE3, 0x87, 0x0E, 0x07, 0xE3,
    0xCE, 0x1C, 0x38, 0x1F, 0x87, 0x38, 0x70, 0xE0, 0x7E, 0x38, 0xE1, 0xC3, 0x81, 0xFC, 0xE7, 0x07,
    0x0E, 0x07, 0x7F, 0x9F, 0xFC, 0x38, 0x1C, 0xFC, 0x7F, 0xF0, 0xE0, 0xE0, 0x00, 0x00, 0x00, 0x07,
    0x80, 0x00, 0x00, 0x01, 0xFC, 0x7F, 0xFF, 0xFF, 0xFF, 0xE3, 0xFF, 0xFF, 0xFF, 0xFE, 0x0F, 0x00,
    0x00, 0x00, 0x00, 0x38, 0x00, 0x00, 0x00, 0x00, 0xE0, 0x00, 0x00, 0x00, 0x03, 0x80, 0x00, 0x00,
    0x00, 0x00, 0xFF, 0xFF, 0xFF, 0xFE, 0x1C, 0x38, 0x70, 0xE1, 0xC3, 0x87, 0x0E, 0x1C, 0x38, 0x70,
    0xE1, 0xC3, 0x87, 0x0E, 0x1C, 0x38, 0x70, 0xE1, 0xC3, 0x87, 0x00, 0x3F, 0x87, 0xFC, 0xF1, 0xEE,
    0x0F, 0xE0, 0x7E, 0x07, 0xE0, 0x7E, 0x07, 0x60, 0x70, 0x07, 0x00, 0x70, 0x07, 0x00, 0x70, 0x07,
    0x00, 0x70, 0x07, 0x00, 0x70, 0x07, 0x00, 0x70, 0x07, 0x00, 0x70, 0x1F, 0xCF, 0xFF, 0xFB, 0xF7,
    0x7E, 0xFF, 0xCF, 0xB8, 0x07, 0x00, 0xFF, 0xFE, 0x7F, 0xFF, 0x80, 0x39, 0xE0, 0x1C, 0x70, 0x0E,
    0x38, 0x07, 0x1C, 0x03, 0xCE, 0x00, 0xFF, 0x00, 0x3F, 0x00, 0x00, 0x03, 0xF8, 0x00, 0x03, 0xFF,
    0x80, 0x01, 0xF3, 0xF0, 0x00, 0xF0, 0x1E, 0x00, 0x78, 0x03, 0xBF, 0xFF, 0xC0, 0x7F, 0xFF, 0xF8,
    0x1C, 0x01, 0xCF, 0x07, 0x00, 0x71, 0xC1, 0xC0, 0x1C, 0x70, 0x70, 0x07, 0x1C, 0x1C, 0x01, 0xEF,
    0x07, 0x00, 0x3F, 0x81, 0xC0, 0x07, 0xC0, 0x70, 0x00, 0x00, 0x38, 0x03, 0x80, 0x1E, 0x00, 0xF8,
    0x3F, 0x00, 0x1F, 0xFF, 0x80, 0x01, 0xFF, 0x80, 0x03, 0xFE, 0x01, 0xFF, 0xE0, 0x7E, 0x1E, 0x1E,
    0x01, 0xE7, 0x80, 0x1E, 0xE0, 0x01, 0xFC, 0x00, 0x3F, 0x00, 0x07, 0xE0, 0x00, 0xFC, 0x00, 0x1F,
    0x80, 0x03, 0xF0, 0x00, 0x7E, 0x3F, 0x0F, 0xCF, 0xF1, 0xF9, 0xCF, 0x3F, 0x78, 0xE7, 0x7E, 0x1C,
    0xE7, 0xE3, 0x9C, 0xFC, 0xF3, 0x8F, 0xFC, 0x70, 0x7F, 0x0E, 0x03, 0xFC, 0x0F, 0xFE, 0x1F, 0xEF,
    0x3C, 0xE7, 0x79, 0xC7, 0x71, 0xE7, 0xE0, 0xEF, 0xE0, 0xFE, 0xE0, 0x7C, 0xE0, 0x00, 0xE0, 0x00,
    0xE0, 0x00, 0xE0, 0xFC, 0xE1, 0xFF, 0xE1, 0xC7, 0x71, 0xC7, 0x79, 0xC7, 0x3D, 0xC7, 0x1F, 0xCF,
    0x0F, 0xFE, 0x03, 0xFC, 0x0F, 0xF8, 0xFE, 0x07, 0xFF, 0xFF, 0xC3, 0xC0, 0xF8, 0x79, 0xC0, 0x3F,
    0x0F, 0xE0, 0x0F, 0xC1, 0xFF, 0xC7, 0x38, 0x7F, 0xF9, 0xCE, 0x1F, 0xDE, 0x73, 0x87, 0xE3, 0xDC,
    0x71, 0xF8, 0x77, 0x1C, 0x7E, 0x39, 0xCE, 0x1F, 0xCE, 0x73, 0x8E, 0x7F, 0x8F, 0xE3, 0x8F, 0xC3,
    0xF0, 0xC0, 0x03, 0xFE, 0x00, 0x00, 0x00, 0x07, 0xFF, 0x80, 0x00, 0x00, 0x07, 0xE1, 0xE0, 0x00,
    0x00, 0x07, 0x80, 0x78, 0x00, 0x00, 0x07, 0x80, 0x1E, 0x00, 0x00, 0x03, 0x80, 0x07, 0x00, 0x00,
    0x03, 0xC0, 0x03, 0x80, 0x00, 0x01, 0xC0, 0x01, 0xC0, 0x3F, 0xFF, 0xE0, 0x00, 0xE0, 0x1F, 0xFF,
    0xF0, 0x00, 0x70, 0x0E, 0x1C, 0x38, 0x00, 0x38, 0xE7, 0x0E, 0x1C, 0x00, 0x1C, 0x73, 0x87, 0x0E,
    0x3F, 0x0E, 0x39, 0xC3, 0x87, 0x3F, 0xC7, 0x00, 0xE1, 0xC3, 0x9C, 0xF3, 0x80, 0x70, 0xE1, 0xDE,
    0x39, 0xC0, 0x38, 0x70, 0x7E, 0x1C, 0xE0, 0x1C, 0x38, 0x1F, 0x8E, 0x70, 0x0E, 0x1C, 0x0F, 0xCF,
    0x38, 0x07, 0x0E, 0x03, 0xFF, 0x1C, 0x03, 0x87, 0x00, 0x7F, 0x0E, 0x01, 0xC3, 0x80, 0x03, 0xFC,
    0x00, 0x00, 0x00, 0xFF, 0xE0, 0x00, 0x00, 0x1F, 0xEF, 0x00, 0x00, 0x03, 0xCE, 0x70, 0x00, 0x00,
    0x79, 0xC7, 0x00, 0x00, 0x07, 0x1E, 0x70, 0x00, 0x00, 0xE0, 0xEF, 0x00, 0x00, 0x0E, 0x0F, 0xE0,
    0x3F, 0xFF, 0xE0, 0x7C, 0x03, 0xFF, 0xFE, 0x00, 0x00, 0x38, 0x70, 0xE0, 0x00, 0x73, 0x87, 0x0E,
    0x00, 0x07, 0x38, 0x70, 0xE0, 0xFC, 0x73, 0x87, 0x0E, 0x1F, 0xF0, 0x38, 0x70, 0xE1, 0xC7, 0x03,
    0x87, 0x07, 0x1C, 0x70, 0x38, 0x70, 0x79, 0xC7, 0x03, 0x87, 0x03, 0xDC, 0x70, 0x38, 0x70, 0x1F,
    0xCF, 0x03, 0x87, 0x00, 0xFF, 0xE0, 0x38, 0x70, 0x03, 0xFC, 0x03, 0x87, 0x00, 0x03, 0xFE, 0x00,
    0x00, 0x00, 0x00, 0x00, 0xFF, 0xF0, 0x00, 0x00, 0x00, 0x00, 0x1F, 0x07, 0x80, 0x00, 0x00, 0x00,
    0x03, 0xC0, 0x3C, 0x00, 0x00, 0x00, 0x00, 0x78, 0x01, 0xE0, 0x00, 0x00, 0x00, 0x07, 0x00, 0x0E,
    0x00, 0x00, 0x00, 0x00, 0xF0, 0x00, 0xE0, 0x00, 0x00, 0x00, 0x0E, 0x00, 0x0E, 0x00, 0x1F, 0xDF,
    0xFF, 0xE0, 0x00, 0xE0, 0x07, 0xFF, 0xFF, 0xFE, 0x00, 0x0E, 0x00, 0xF8, 0x7C, 0x70, 0xE0, 0x00,
    0xE3, 0x8E, 0x03, 0xC7, 0x0E, 0x00, 0x0E, 0x39, 0xC0, 0x1C, 0x70, 0xE3, 0xF0, 0xE3, 0x9F, 0xE1,
    0xC7, 0x0E, 0x7F, 0x8E, 0x01, 0xFF, 0x1C, 0x70, 0xE7, 0x3C, 0xE0, 0x1E, 0xF1, 0xC7, 0x0E, 0xF1,
    0xCE, 0x01, 0xC7, 0x9C, 0x70, 0x7E, 0x1C, 0xE0, 0x1C, 0x39, 0xC7, 0x03, 0xF1, 0xCE, 0x01, 0xC7,
    0x1C, 0x70, 0x3F, 0x3C, 0xE0, 0x1E, 0x71, 0xC7, 0x01, 0xFF, 0x8E, 0x00, 0xFF, 0x1C, 0x70, 0x07,
    0xF0, 0xE0, 0x07, 0xE1, 0xC7, 0x00, 0xFF, 0x80, 0x03, 0xFF, 0xF0, 0x07, 0xFF, 0xFF, 0x03, 0xF8,
    0x07, 0xF1, 0xE0, 0x00, 0x3E, 0xFF, 0x00, 0x03, 0xBF, 0xE0, 0x1C, 0x7E, 0x38, 0x0F, 0x9F, 0x8E,
    0x07, 0xE7, 0xE3, 0x83, 0xF1, 0xFC, 0xE0, 0xFC, 0x77, 0xFB, 0x3B, 0xBC, 0xFC, 0xCE, 0xFE, 0x00,
    0x03, 0x9F, 0x09, 0x9E, 0xF0, 0x07, 0x67, 0xDF, 0x01, 0xD9, 0xB3, 0xFE, 0x66, 0x6C, 0x7F, 0xB9,
    0xFF, 0x3C, 0x07, 0x7F, 0x1E, 0x01, 0xF0, 0x1F, 0x00, 0x3F, 0xFF, 0x80, 0x07, 0xFF, 0xC0, 0x00,
    0x0F, 0xEF, 0xFF, 0x9F, 0xFF, 0xFF, 0xDF, 0x0F, 0x8E, 0x0E, 0x03, 0xC7, 0x0E, 0x00, 0xE3, 0x87,
    0xF8, 0x71, 0xC3, 0xFE, 0x38, 0xE1, 0xEF, 0x1C, 0x70, 0xE3, 0xCE, 0x38, 0x70, 0xE7, 0x1C, 0x38,
    0xE3, 0x8E, 0x1E, 0x71, 0xC7, 0x07, 0xF8, 0xE3, 0x81, 0xF8, 0x71, 0xC0, 0x1F, 0xC0, 0xFF, 0x87,
    0x8F, 0x3C, 0x0E, 0xE0, 0x3B, 0x80, 0xEE, 0x01, 0xF8, 0x07, 0xE0, 0x3B, 0x80, 0xEF, 0x03, 0x9E,
    0x3C, 0x3F, 0xE0, 0x7F, 0x00, 0x3F, 0xFF, 0x07, 0xFF, 0xE0, 0xE1, 0xC0, 0x1C, 0x38, 0x03, 0x87,
    0x00, 0x7F, 0xFE, 0x1F, 0xFF, 0xE7, 0xC3, 0xBE, 0xE0, 0x71, 0xDC, 0x1C, 0x1F, 0x83, 0x83, 0xF8,
    0xF0, 0xE7, 0xFD, 0xFC, 0x7F, 0x3F, 0x00, 0x3F, 0xC0, 0x00, 0x3F, 0xF8, 0x00, 0x3C, 0x3E, 0x00,
    0x1C, 0x07, 0x00, 0x0E, 0x03, 0x80, 0x07, 0x00, 0xE0, 0x03, 0x80, 0xE0, 0x01, 0xE0, 0x70, 0x00,
    0x7B, 0xF8, 0x00, 0x3F, 0xF0, 0x00, 0x3F, 0xE0, 0x00, 0x1C, 0x00, 0x00, 0x0F, 0xFF, 0xFF, 0xFF,
    0xFF, 0xFF, 0xFC, 0xFF, 0xF8, 0x03, 0xFF, 0xE0, 0x0E, 0x38, 0x00, 0x38, 0xE0, 0x00, 0xE3, 0x80,
    0x03, 0x8F, 0xF8, 0x0E, 0x3F, 0xF0, 0x38, 0xF1, 0xC0, 0xE3, 0x87, 0x03, 0x8E, 0x1C, 0x0E, 0x30,
    0x70, 0x38, 0x01, 0xC0, 0xE3, 0xFF, 0xFF, 0x8F, 0xFF, 0xF0, 0x3F, 0xFF, 0x39, 0xFF, 0xF9, 0xCE,
    0x1C, 0x0E, 0x70, 0xE0, 0x73, 0x87, 0x03, 0x9F, 0xFF, 0xFD, 0xFF, 0xFF, 0xFF, 0x0E, 0x00, 0xE0,
    0x70, 0x07, 0x07, 0x00, 0x38, 0x38, 0x01, 0xE3, 0xC0, 0x07, 0xFC, 0x00, 0x1F, 0xC0, 0x00, 0x00,
    0xFF, 0xC0, 0x03, 0xFF, 0xF8, 0x07, 0xC0, 0xFE, 0x0F, 0x00, 0x1E, 0x1E, 0x00, 0x04, 0x38, 0x00,
    0x00, 0x78, 0x00, 0x00, 0x71, 0xFF, 0xF8, 0x71, 0xFF, 0xF8, 0xE1, 0xC7, 0x00, 0xE1, 0xC7, 0x00,
    0xE1, 0xC7, 0x00, 0xE1, 0xC7, 0x00, 0xE1, 0xC7, 0xF8, 0xE1, 0xC7, 0xFC, 0xE1, 0xC7, 0x9E, 0xE1,
    0xC7, 0x0E, 0xE1, 0xC7, 0x0E, 0xE1, 0xC7, 0x07, 0xE1, 0xC7, 0x07, 0xE1, 0xC7, 0x06, 0x70, 0x00,
    0x0E, 0x70, 0x00, 0x0E, 0x38, 0x00, 0x0E, 0x3C, 0x00, 0x1C, 0x1E, 0x00, 0x78, 0x0F, 0xC1, 0xF8,
    0x07, 0xFF, 0xE0, 0x01, 0xFF, 0x80, 0x3F, 0xFF, 0x00, 0x3F, 0xFF, 0x00, 0x38, 0x70, 0x00, 0x38,
    0x70, 0x00, 0x38, 0x70, 0x00, 0x3F, 0xFF, 0xFF, 0x7F, 0xFF, 0xFF, 0xF8, 0x73, 0x9C, 0xE0, 0x73,
    0x9C, 0xE0, 0xE3, 0x9C, 0xE0, 0xE3, 0x9C, 0xF1, 0xE3, 0x9C, 0x7F, 0xC3, 0x9C, 0x3F, 0x83, 0x9C,
    0x0F, 0xFF, 0xC7, 0xFF, 0xF7, 0xC1, 0xC1, 0xC0, 0x70, 0xE0, 0x1C, 0x3F, 0xC7, 0x0F, 0xF9, 0xC3,
    0xDE, 0x70, 0xE3, 0xDC, 0x38, 0x77, 0x0E, 0x39, 0xC3, 0xCE, 0x70, 0x7F, 0x9C, 0x0F, 0xC7, 0x00,
    0x00, 0x7F, 0x01, 0xC0, 0x3F, 0xF0, 0x70, 0x1E, 0x3E, 0x1C, 0x07, 0x03, 0x87, 0x03, 0x80, 0xF1,
    0xC0, 0xE0, 0x1C, 0x70, 0x1C, 0x07, 0x1C, 0x07, 0x01, 0xC7, 0x01, 0xE0, 0x71, 0xC0, 0x3C, 0x1C,
    0x77, 0xFF, 0xFF, 0xFF, 0xFF, 0xFF, 0xFF, 0xE0, 0x00, 0xE1, 0xF8, 0x00, 0xF8, 0x7F, 0x81, 0xFC,
    0x1D, 0xFF, 0xFC, 0x07, 0x3F, 0xFC, 0x01, 0xC0, 0x00, 0x00, 0x70, 0x3F, 0xFF, 0x00, 0x07, 0xFF,
    0xE0, 0x00, 0xE1, 0xC0, 0x00, 0x1C, 0x38, 0x00, 0x03, 0x87, 0x0F, 0xF0, 0x7F, 0xFF, 0xFF, 0x1F,
    0xFF, 0xFC, 0xF7, 0xC3, 0x9F, 0xEE, 0xE0, 0x73, 0x9D, 0xFC, 0x1C, 0xE1, 0x9F, 0x83, 0x9C, 0x3B,
    0x78, 0xF1, 0xCE, 0xE7, 0xFC, 0x3F, 0xDC, 0x7F, 0x03, 0xF3, 0x00, 0x03, 0xFC, 0x01, 0xFF, 0x80,
    0x70, 0xF0, 0x00, 0x1E, 0x00, 0x03, 0x80, 0x00, 0x70, 0x00, 0x1F, 0x8E, 0x07, 0xE3, 0x81, 0xF8,
    0xE0, 0x7E, 0x38, 0x1F, 0x8E, 0x07, 0xE3, 0x81, 0xF8, 0xE0, 0x7E, 0x38, 0x1F, 0x8E, 0x07, 0xE3,
    0x81, 0xF8, 0xF0, 0xEF, 0x7E, 0x79, 0xFF, 0xFC, 0x7E, 0x7E, 0x00, 0x7F, 0xFF, 0xFF, 0xFF, 0xFF,
    0xE3, 0x87, 0x0E, 0x38, 0x70, 0xE3, 0x87, 0x0E, 0x38, 0x70, 0xE3, 0x87, 0x0E, 0x38, 0x70, 0xE3,
    0x87, 0x0E, 0x38, 0x70, 0xE3, 0x87, 0x0E, 0x38, 0x70, 0xE3, 0x87, 0x0E, 0x38, 0x70, 0x3F, 0xFF,
    0x80, 0x7F, 0xFF, 0x00, 0xE1, 0xC0, 0x01, 0xC3, 0x80, 0x03, 0x87, 0x00, 0x07, 0xFF, 0xFF, 0x1F,
    0xFF, 0xFE, 0x7C, 0x39, 0xC0, 0xE0, 0x73, 0x81, 0xC1, 0xC7, 0xFB, 0x83, 0x8F, 0xFF, 0x8F, 0x1E,
    0xF7, 0xFC, 0x38, 0xE7, 0xF0, 0x71, 0xC0, 0x00, 0x03, 0x80, 0x00, 0x1F, 0x7F, 0xFF, 0xFD, 0xFF,
    0xFF, 0xE3, 0xC0, 0x00, 0x07, 0x00, 0x00, 0x0E, 0x00, 0x00, 0x1C, 0x00, 0x00, 0x00, 0x0F, 0xF0,
    0x00, 0x7F, 0xF0, 0x01, 0xF0, 0xF0, 0x03, 0x80, 0xF0, 0x0E, 0x00, 0xE0, 0x1F, 0xE1, 0xC0, 0x3F,
    0xE3, 0x80, 0x7B, 0xC7, 0x00, 0xE3, 0xCE, 0x01, 0xC3, 0x9C, 0x03, 0x8E, 0x38, 0x07, 0x9C, 0x60,
    0x07, 0xF8, 0xFF, 0xE7, 0xE1, 0xFF, 0xC0, 0x00, 0x00, 0x3F, 0x80, 0x00, 0x03, 0xFE, 0x00, 0x00,
    0x38, 0xF0, 0x00, 0x03, 0xF3, 0xC0, 0x00, 0x3F, 0xCE, 0x00, 0x03, 0xE6, 0x60, 0x00, 0x1B, 0xF7,
    0x1C, 0x0F, 0xFF, 0xBF, 0xE0, 0xFF, 0xF9, 0xFF, 0x07, 0x1C, 0x00, 0x38, 0x38, 0x70, 0x01, 0xC3,
    0x83, 0x80, 0x0E, 0x1C, 0x1C, 0x00, 0x70, 0xE0, 0xE0, 0x03, 0x87, 0x07, 0x00, 0x1C, 0x38, 0x38,
    0x00, 0xE1, 0xC1, 0xC0, 0x07, 0x0E, 0x0E, 0x00, 0x38, 0x71, 0xF0, 0x01, 0xFF, 0xFF, 0x00, 0x0F,
    0xFF, 0xF0, 0x00, 0x00, 0x00, 0x0F, 0xFF, 0xFF, 0x00, 0x00, 0x00, 0x03, 0xFF, 0xFF, 0xFF, 0x80,
    0x00, 0x00, 0x7F, 0xC0, 0x03, 0xFF, 0x00, 0x00, 0x0F, 0xC0, 0x00, 0x00, 0x7E, 0x00, 0x00, 0xF8,
    0x00, 0x00, 0x00, 0xF8, 0x00, 0x0F, 0x00, 0x00, 0x00, 0x01, 0xE0, 0x00, 0xF0, 0x00, 0x00, 0x00,
    0x07, 0x87, 0x0F, 0x07, 0xF8, 0x1F, 0xFF, 0x1C, 0x38, 0x70, 0xFF, 0xE0, 0xFF, 0xF8, 0xF0, 0xE7,
    0x0F, 0x87, 0x87, 0x1C, 0x03, 0x87, 0x38, 0x70, 0x1E, 0x38, 0xE0, 0x1C, 0x1D, 0xC7, 0x00, 0x71,
    0xC7, 0x00, 0xE0, 0xEE, 0x38, 0x03, 0x8E, 0x38, 0x07, 0x07, 0x71, 0xFE, 0x1C, 0x71, 0xFC, 0x38,
    0x3B, 0x8F, 0xF8, 0xE3, 0x8F, 0xF1, 0xC0, 0xFC, 0x71, 0xC7, 0x1C, 0x73, 0xCE, 0x07, 0xE3, 0x87,
    0x38, 0xE3, 0x8E, 0x38, 0x77, 0x1C, 0x39, 0xC7, 0x1C, 0x39, 0xC3, 0xB8, 0xF3, 0x9C, 0x38, 0xE1,
    0xCF, 0x3D, 0xE3, 0xFC, 0xFF, 0xC7, 0x0E, 0x3F, 0xC7, 0x0F, 0xC7, 0xFE, 0x38, 0xE0, 0xFC, 0x3C,
    0x00, 0x00, 0x00, 0x07, 0x00, 0x00, 0xF0, 0x00, 0x00, 0x00, 0x78, 0x00, 0x03, 0xC0, 0x00, 0x00,
    0x07, 0x80, 0x00, 0x0F, 0x80, 0x00, 0x00, 0x78, 0x00, 0x00, 0x3F, 0x00, 0x00, 0x0F, 0x80, 0x00,
    0x00, 0x7F, 0xF0, 0x1F, 0xF8, 0x00, 0x00, 0x00, 0xFF, 0xFF, 0xFF, 0x00, 0x00, 0x00, 0x00, 0x7F,
    0xFF, 0x80, 0x00, 0x00, 0x00, 0x70, 0x07, 0x0E, 0xE0, 0x0E, 0x1D, 0xC0, 0x1C, 0x3B, 0x80, 0x38,
    0x77, 0x00, 0x70, 0xEE, 0x00, 0xE1, 0xDC, 0x01, 0xC3, 0xB8, 0x03, 0x87, 0x70, 0x07, 0x0E, 0xE0,
    0x0E, 0x1D, 0xC0, 0x1C, 0x3B, 0x80, 0x38, 0x77, 0xFF, 0xF0, 0xEF, 0xFF, 0xE1, 0xC0, 0x01, 0xC3,
    0x80, 0x03, 0x87, 0xFF, 0xFF, 0xFF, 0xFF, 0xFF, 0xFF, 0x80, 0x78, 0x07, 0x83, 0xE0, 0x07, 0xFF,
    0x80, 0x07, 0xFC, 0x00, 0x00, 0x0F, 0xFF, 0xE0, 0x00, 0x1F, 0xFF, 0xE0, 0x00, 0x3E, 0x1C, 0x00,
    0x00, 0x70, 0x1C, 0x00, 0x00, 0xF0, 0x1C, 0x00, 0x00, 0xFF, 0x1C, 0x3F, 0x80, 0xFF, 0x9C, 0x7F,
    0xE0, 0xF7, 0x9C, 0xF1, 0xE0, 0xE3, 0xDF, 0xF8, 0xE0, 0xE1, 0xDF, 0xFC, 0x70, 0xE3, 0x9D, 0xDC,
    0x60, 0xF3, 0x9C, 0xEC, 0xE0, 0x7F, 0x9C, 0xFC, 0xFF, 0x3F, 0x1C, 0x78, 0xFF, 0x01, 0xFF, 0x80,
    0x00, 0x00, 0x00, 0x1F, 0xFF, 0x80, 0x00, 0x00, 0x01, 0xF8, 0x3F, 0x80, 0x00, 0x00, 0x0F, 0x80,
    0x1F, 0x00, 0x00, 0x00, 0x38, 0x00, 0x1E, 0x00, 0x00, 0x01, 0xE0, 0x00, 0x38, 0x00, 0x00, 0x07,
    0x00, 0x00, 0xF0, 0x00, 0x00, 0x38, 0x00, 0x07, 0xF8, 0x0F, 0xC0, 0xE0, 0x00, 0x3F, 0xF8, 0x7F,
    0x83, 0x80, 0x01, 0xEF, 0xE3, 0xCE, 0x0E, 0x00, 0x0F, 0x39, 0xCE, 0x38, 0x38, 0x00, 0x38, 0xE7,
    0x38, 0xE0, 0xE3, 0xF0, 0xE3, 0x9C, 0xE3, 0x9F, 0x9F, 0xE7, 0x0E, 0x3B, 0xCE, 0xFE, 0x73, 0xDC,
    0x38, 0xE7, 0xFF, 0xFB, 0xC7, 0x38, 0xE3, 0x0F, 0xFF, 0x7E, 0x1C, 0xF7, 0x9C, 0x07, 0x9D, 0xFC,
    0x71, 0xFC, 0x70, 0x1C, 0x73, 0xF3, 0xC3, 0xE1, 0xC0, 0x71, 0xC7, 0xFE, 0x00, 0x07, 0xFF, 0xFF,
    0x07, 0xF0, 0x00, 0x1F, 0xFF, 0xFC, 0x00, 0x00, 0x00, 0x00, 0x38, 0x00, 0x00, 0x00, 0x00, 0x00,
    0xE0, 0x00, 0x00, 0x00, 0x00, 0x07, 0x00, 0x00, 0x00, 0x00, 0x00, 0x1C, 0x00, 0x00, 0x00, 0x00,
    0x00, 0x70, 0x00, 0x00, 0x00, 0x00, 0x03, 0xC0, 0x00, 0x00, 0x00, 0x00, 0x06, 0x00, 0x00, 0x3F,
    0x80, 0x00, 0x7F, 0xC0, 0x00, 0xFB, 0xC0, 0x03, 0xFD, 0xC0, 0x0F, 0xDD, 0xC0, 0x1F, 0xFD, 0xF0,
    0x1C, 0xF9, 0xF0, 0x38, 0x00, 0x00, 0x71, 0xFF, 0xF0, 0x71, 0xFF, 0xF0, 0x71, 0xC7, 0x00, 0xE1,
    0xC7, 0x00, 0xE1, 0xC7, 0x00, 0xE1, 0xC7, 0xF8, 0xE1, 0xC7, 0xFC, 0xE1, 0xC7, 0xDE, 0xE1, 0xC7,
    0x0E, 0xE1, 0xC7, 0x0E, 0xE1, 0xC7, 0x07, 0xE1, 0xC7, 0x07, 0xE1, 0xC7, 0x06, 0xE0, 0x00, 0x0E,
    0x70, 0x00, 0x0E, 0x78, 0x00, 0x0E, 0x38, 0x00, 0x1C, 0x1E, 0x00, 0x7C, 0x0F, 0x81, 0xF8, 0x07,
    0xFF, 0xE0, 0x01, 0xFF, 0x80, 0x00, 0x00, 0x3F, 0x00, 0x00, 0x07, 0xFC, 0x00, 0x00, 0x38, 0xF0,
    0x00, 0x07, 0xF3, 0x80, 0x00, 0x7F, 0xDC, 0x00, 0x07, 0xEE, 0xE0, 0x00, 0x37, 0x77, 0x0F, 0xFF,
    0xBF, 0xBF, 0x7F, 0xFC, 0xF9, 0xFB, 0x8E, 0x00, 0x00, 0x1C, 0x70, 0x00, 0x00, 0xE3, 0x80, 0x00,
    0x07, 0x1F, 0xE0, 0x00, 0x38, 0xFF, 0x80, 0x01, 0xC7, 0x9E, 0x00, 0x0E, 0x38, 0x70, 0x00, 0x71,
    0xC3, 0x80, 0x03, 0x8E, 0x0E, 0x00, 0x1C, 0x70, 0x70, 0x00, 0xE3, 0x87, 0x00, 0x07, 0x1C, 0x38,
    0x00, 0x00, 0x03, 0xC0, 0x00, 0x00, 0xFC, 0x00, 0x0F, 0xFF, 0xC0, 0x00, 0xFF, 0xF8, 0x00, 0x07,
    0x80, 0x00, 0x00, 0x38, 0x00, 0x00, 0x01, 0xC0, 0x00, 0x00, 0x0E, 0x00, 0x00, 0x00, 0x00, 0x04,
    0x00, 0x60, 0x60, 0x62, 0x06, 0x00, 0x0C, 0x03, 0xC0, 0x30, 0x00, 0x00, 0x06, 0x06, 0x26, 0x60,
    0x60, 0xFF, 0xFF, 0xFF, 0x01, 0xE0, 0x3C, 0x07, 0x80, 0xF0, 0x1E, 0x03, 0xC0, 0x78, 0x0F, 0x01,
    0xE0, 0x3C, 0x07, 0x80, 0xF0, 0x1E, 0x03, 0xFF, 0xFF, 0xFC, 0x7B, 0xFC, 0xF3, 0xFD, 0xE0, 0x01,
    0xF8, 0x00, 0x1F, 0xE0, 0x00, 0xE7, 0x00, 0x0F, 0x3C, 0x00, 0x70, 0xE0, 0x01, 0xCE, 0x00, 0x0E,
    0x70, 0x00, 0x7F, 0x80, 0x01, 0xF0, 0x00, 0x00, 0x00, 0x00, 0x00, 0x00, 0x00, 0x00, 0x03, 0xE0,
    0x7E, 0x3F, 0x87, 0xFB, 0xCE, 0x79, 0xDC, 0x73, 0x8E, 0xE3, 0x9C, 0x3F, 0x1C, 0xE3, 0xBC, 0xE7,
    0x9C, 0xFE, 0x1F, 0xE3, 0xE0, 0x7E, 0x00, 0x00, 0x7F, 0x01, 0xC0, 0x7F, 0xE0, 0x70, 0x1C, 0xFC,
    0x1C, 0x06, 0x3B, 0x87, 0x03, 0x8E, 0xF1, 0xC0, 0x73, 0x9C, 0x70, 0x1F, 0xE7, 0x1C, 0x03, 0xF1,
    0xC7, 0x00, 0x00, 0x71, 0xC0, 0x00, 0x1C, 0x77, 0xFF, 0xFF, 0xFF, 0xFF, 0xFF, 0xFF, 0xE0, 0x00,
    0xE1, 0xF8, 0x00, 0xF8, 0x7F, 0x81, 0xFC, 0x1D, 0xFF, 0xFC, 0x07, 0x3F, 0xFC, 0x01, 0xC0, 0x00,
    0x00, 0x70, 0x00, 0x7F, 0x01, 0xC0, 0x01, 0xFF, 0x81, 0xC0, 0x01, 0xCF, 0xC1, 0xC0, 0x01, 0x8E,
    0xE1, 0xC0, 0x03, 0x8E, 0xF1, 0xC0, 0x01, 0xCE, 0x71, 0xC0, 0x01, 0xFE, 0x71, 0xC0, 0x00, 0xFC,
    0x71, 0xC0, 0x00, 0x00, 0x71, 0xC0, 0x00, 0x00, 0x71, 0xC0, 0x7F, 0xFF, 0xFF, 0xC0, 0xFF, 0xFF,
    0xFF, 0xC0, 0xE0, 0x01, 0xE1, 0xFE, 0xE0, 0x03, 0xE1, 0xFF, 0xF0, 0x1F, 0xC1, 0xC7, 0x7F, 0xFF,
    0xFD, 0xC7, 0x3F, 0xFD, 0xFD, 0xC7, 0x00, 0x01, 0xC0, 0x07, 0x00, 0x01, 0xC0, 0x0F, 0x00, 0x01,
    0xE0, 0x7E, 0x00, 0x00, 0xFF, 0xFC, 0x00, 0x00, 0x7F, 0xF0, 0x00, 0xFF, 0xC0, 0x01, 0xFF, 0xF8,
    0x01, 0xF8, 0x3F, 0x03, 0xE0, 0x03, 0xC1, 0xC0, 0x00, 0xE1, 0xC0, 0x00, 0x38, 0xE0, 0x00, 0x1C,
    0xE1, 0xFC, 0x0F, 0x73, 0xFF, 0x83, 0xB9, 0xCF, 0xE1, 0xF8, 0xE3, 0x70, 0xFC, 0xE1, 0xDC, 0x7E,
    0x39, 0xCE, 0x3B, 0x1F, 0xE7, 0x1D, 0xC7, 0xE3, 0x8E, 0xE0, 0x01, 0xC7, 0x70, 0x00, 0xE3, 0x99,
    0xFF, 0xF1, 0xCF, 0xFF, 0xF8, 0xE7, 0xF1, 0xFC, 0x77, 0xC0, 0x1F, 0x3F, 0xE0, 0x1F, 0xC3, 0xB8,
    0x0E, 0xE1, 0xCE, 0x0E, 0x30, 0xE3, 0x8F, 0x1C, 0x70, 0xFF, 0x1C, 0x3C, 0x3F, 0x1E, 0x0F, 0xFF,
    0xFF, 0x03, 0xFC, 0xFE, 0x00, 0xFF, 0xFF, 0xFF, 0xFF, 0x87, 0x07, 0x0E, 0x0E, 0x1C, 0x1C, 0x38,
    0x3F, 0x77, 0x7E, 0xEE, 0xFD, 0xDD, 0xC3, 0x83, 0x87, 0x07, 0x0E, 0x0E, 0x1C, 0x1C, 0x38, 0x00,
    0x3F, 0xC0, 0x00, 0x3F, 0xF8, 0x00, 0x3D, 0xFE, 0x00, 0x1C, 0x67, 0x00, 0x0E, 0x3B, 0x80, 0x07,
    0x38, 0xE0, 0x03, 0xFC, 0xE0, 0x00, 0xFC, 0x70, 0x00, 0x01, 0xF8, 0x00, 0x3F, 0xF0, 0x00, 0x3F,
    0xE0, 0x00, 0x1C, 0x00, 0x00, 0x0F, 0xFF, 0xFF, 0xFF, 0xFF, 0xFF, 0xFC, 0x3F, 0xC0, 0x3F, 0xFF,
    0xF7, 0xFF, 0x07, 0xFF, 0xFF, 0xF7, 0xF8, 0xF1, 0xF3, 0x8E, 0x33, 0x8C, 0x07, 0x38, 0xE3, 0xB9,
    0xFC, 0x73, 0x8E, 0x71, 0xDF, 0xE7, 0x38, 0xFF, 0x39, 0xCE, 0x73, 0x87, 0xE3, 0x9C, 0xE7, 0x38,
    0x03, 0xF8, 0xEE, 0x73, 0x87, 0xFE, 0x0F, 0xE7, 0x38, 0xFF, 0x80, 0x7C, 0x61, 0x8C, 0x00, 0x00,
    0x00, 0x00, 0xFF, 0xFF, 0xFF, 0xFF, 0xFF, 0xFF, 0xFF, 0xFF, 0xFF, 0x0F, 0xFF, 0xC7, 0xFF, 0xF7,
    0xC1, 0xC1, 0xC0, 0x70, 0xE0, 0x1C, 0x3F, 0xC7, 0x0F, 0xF9, 0xC3, 0xDE, 0x70, 0xE3, 0xDC, 0x38,
    0x77, 0x0E, 0x39, 0xC3, 0xCE, 0x70, 0x7F, 0x9C, 0x0F, 0xC7, 0x00, 0x0F, 0xFF, 0xC7, 0xFF, 0xF7,
    0xC1, 0xC1, 0xC0, 0x70, 0xE0, 0x1C, 0x3F, 0xC7, 0x0F, 0xF9, 0xC3, 0xDE, 0x70, 0xE3, 0xDC, 0x38,
    0x77, 0x0E, 0x39, 0xC3, 0xCE, 0x70, 0x7F, 0x9C, 0x0F, 0xC7, 0x00, 0x03, 0xC0, 0x01, 0xE0, 0x00,
    0xF0, 0x00, 0x70, 0x00, 0x18, 0x00, 0x1F, 0xC7, 0xF0, 0xFF, 0xDF, 0xF1, 0xFB, 0xF8, 0xF7, 0x79,
    0xE0, 0xEE, 0x73, 0xC1, 0xDC, 0x77, 0x81, 0xF8, 0xE7, 0x03, 0xFB, 0x8E, 0x0E, 0x7F, 0x1C, 0x1C,
    0x7C, 0x30, 0x78, 0x00, 0x0F, 0xE0, 0xFF, 0xFF, 0x87, 0xFF, 0xFC, 0x0F, 0x00, 0x01, 0xB8, 0x06,
    0x07, 0x70, 0x0E, 0x0E, 0xE0, 0x1C, 0x0F, 0xC0, 0x78, 0x1F, 0x80, 0xF0, 0x77, 0xC3, 0xF1, 0xE7,
    0xFF, 0xFF, 0x83, 0xF8, 0x7E, 0x00, 0x07, 0xFF, 0x80, 0x7F, 0xFF, 0x83, 0xF0, 0x3F, 0x1E, 0x00,
    0x1E, 0xFF, 0x00, 0x3F, 0xFE, 0x1E, 0x7F, 0x79, 0xF9, 0xF8, 0xE7, 0xC7, 0xE3, 0xBF, 0x1F, 0x8E,
    0xFE, 0x7F, 0x7B, 0xBB, 0xDF, 0xCE, 0xFE, 0x3E, 0x39, 0xF0, 0x00, 0xF0, 0x00, 0xF1, 0xF0, 0x03,
    0x83, 0xFE, 0x0E, 0x07, 0xF8, 0x70, 0x1C, 0x00, 0xE0, 0xE0, 0x03, 0x87, 0x80, 0x0F, 0xFC, 0x00,
    0x1F, 0xE0, 0x00, 0x07, 0xFF, 0x80, 0x7F, 0xFF, 0x83, 0xF0, 0x3F, 0x1E, 0x00, 0x1E, 0xFF, 0x00,
    0x3F, 0xFE, 0x1E, 0x7F, 0x79, 0xF9, 0xF8, 0xE7, 0xC7, 0xE3, 0xBF, 0x1F, 0x8E, 0xFE, 0x7F, 0x7B,
    0xBB, 0xDF, 0xCE, 0xFE, 0x3E, 0x39, 0xF0, 0x00, 0xF0, 0x00, 0xFD, 0xF0, 0x07, 0xFB, 0xFE, 0x1D,
    0xE7, 0xF8, 0xE3, 0x9C, 0x03, 0x8E, 0xF0, 0x07, 0x3F, 0x80, 0x1F, 0xFC, 0x00, 0x1F, 0xE0, 0x00,
    0x07, 0xFF, 0x80, 0x07, 0xF7, 0xFF, 0xC7, 0xFF, 0xF8, 0x07, 0xFF, 0xFF, 0xF3, 0xF0, 0x3F, 0x03,
    0xC3, 0xE1, 0xC1, 0xE0, 0x01, 0xE1, 0xE0, 0x38, 0x70, 0xFF, 0x02, 0x3C, 0x70, 0x0E, 0x1C, 0x3F,
    0xE3, 0xE7, 0x1F, 0xC3, 0x87, 0x0F, 0x79, 0xF9, 0xC7, 0xF8, 0xE1, 0xC3, 0x8E, 0xFC, 0x73, 0xEF,
    0x38, 0x70, 0xE3, 0xBF, 0x1C, 0xE1, 0xCE, 0x1C, 0x3C, 0xEE, 0xE7, 0x18, 0x73, 0x87, 0x07, 0xFB,
    0xBF, 0xC7, 0x1C, 0xE1, 0xC0, 0xFC, 0xE7, 0xE1, 0xE7, 0x38, 0x70, 0x00, 0x3C, 0x00, 0x3F, 0x8E,
    0x1C, 0x01, 0x87, 0x80, 0x07, 0xC3, 0x87, 0x00, 0xF0, 0xFF, 0x80, 0x00, 0x00, 0x00, 0x38, 0x1F,
    0xE0, 0x00, 0x00, 0x00, 0x0C, 0x07, 0x00, 0x00, 0x00, 0x00, 0x07, 0x03, 0xC0, 0x00, 0x00, 0x00,
    0x00, 0xE0, 0xE0, 0x00, 0x00, 0x00, 0x00, 0x3C, 0xF0, 0x00, 0x00, 0x00, 0x00, 0x07, 0xFC, 0x00,
    0x00, 0x00, 0x00, 0x00, 0xFC, 0x00, 0x00, 0x00, 0x00, 0x00, 0x3F, 0xFF, 0x07, 0xFF, 0xE0, 0xE1,
    0xC0, 0x1C, 0x38, 0x03, 0x87, 0x00, 0x7F, 0xFE, 0x1F, 0xFF, 0xE7, 0xC3, 0xBE, 0xE0, 0x71, 0xDC,
    0x1C, 0x1F, 0x83, 0x83, 0xF8, 0xF0, 0xE7, 0xFD, 0xFC, 0x7F, 0x3F, 0x00, 0xFF, 0xF8, 0x1F, 0xFF,
    0xE0, 0x7E, 0x38, 0x01, 0xF8, 0xE0, 0x07, 0xE3, 0x80, 0x1F, 0x8F, 0xF8, 0x7E, 0x3F, 0xF1, 0xF8,
    0xF1, 0xC7, 0xE3, 0x87, 0x1F, 0x8E, 0x1C, 0x7E, 0x30, 0x71, 0xF8, 0x01, 0xC7, 0xE3, 0xFF, 0xFF,
    0x8F, 0xFF, 0xF0, 0x3F, 0xFF, 0x3F, 0xFF, 0x38, 0x70, 0x38, 0x70, 0x38, 0x70, 0x3F, 0xFF, 0x7F,
    0xFF, 0xF8, 0x70, 0xE0, 0x70, 0xE0, 0xE0, 0xE0, 0xE0, 0xF1, 0xE0, 0x7F, 0xC0, 0x3F, 0x80, 0x1F,
    0xC7, 0xF0, 0xFF, 0xDF, 0xF1, 0xFB, 0xF8, 0xF7, 0x79, 0xE0, 0xEE, 0x73, 0xC1, 0xDC, 0x77, 0x81,
    0xF8, 0xE7, 0x03, 0xFB, 0x8E, 0x0E, 0x7F, 0x1C, 0x1C, 0x7C, 0x30, 0x78, 0x00, 0x0F, 0xE0, 0xFF,
    0xFF, 0x87, 0xFF, 0xFC, 0x0F, 0x00, 0x00, 0x38, 0x00, 0x78, 0x70, 0x03, 0xFC, 0xE0, 0x1F, 0xFD,
    0xC0, 0x7F, 0x3B, 0x81, 0xEE, 0x3F, 0x87, 0x9C, 0xE7, 0xFE, 0x3F, 0xC7, 0xF0, 0x3F, 0x00, 0x18,
    0x3F, 0xFF, 0x83, 0x87, 0xFF, 0xF0, 0x79, 0xF8, 0x70, 0x07, 0x1E, 0x07, 0x00, 0x73, 0xC0, 0x70,
    0x0E, 0x38, 0x07, 0x00, 0xE3, 0xFC, 0x7F, 0x8E, 0x3F, 0xE7, 0xFC, 0xE3, 0x8E, 0x79, 0xEE, 0x38,
    0x77, 0x0E, 0xE3, 0x87, 0x70, 0xEE, 0x3C, 0xE7, 0x07, 0xE1, 0xFE, 0x70, 0x7E, 0x0F, 0xC7, 0x0E,
    0xF0, 0x00, 0x00, 0xE7, 0x00, 0x00, 0x0E, 0x78, 0x00, 0x01, 0xE3, 0xC0, 0x00, 0x3C, 0x1F, 0x00,
    0x0F, 0x80, 0xFF, 0x0F, 0xF0, 0x03, 0xFF, 0xFC, 0x00, 0x0F, 0xFF, 0x00, 0xE0, 0x01, 0xC0, 0x03,
    0x80, 0x07, 0x00, 0x0E, 0x00, 0x1C, 0x00, 0x38, 0x00, 0x70, 0x00, 0xE0, 0x01, 0xC0, 0x03, 0x80,
    0x07, 0x00, 0x0F, 0xFF, 0xFF, 0xFF, 0xC0, 0x0F, 0xF8, 0xFF, 0x1F, 0xFF, 0x1F, 0xFF, 0xFF, 0xFF,
    0xFF, 0x3C, 0x0F, 0x81, 0xF0, 0x70, 0x70, 0x0F, 0xC3, 0xF8, 0x70, 0xE0, 0x0F, 0xC3, 0xB8, 0x70,
    0xFF, 0x1C, 0xE7, 0x1C, 0x70, 0xFF, 0x9C, 0xE7, 0x1C, 0x70, 0xF7, 0x9C, 0xE7, 0x1C, 0x70, 0xE3,
    0xDC, 0x77, 0x1C, 0x70, 0xE1, 0xDC, 0x77, 0x1C, 0x70, 0xE3, 0x9C, 0xE7, 0x1C, 0x70, 0xF3, 0x9C,
    0xE7, 0x9C, 0x70, 0x7F, 0x8F, 0xE3, 0xF8, 0x70, 0x3F, 0x0F, 0xC1, 0xF0, 0x70, 0x3F, 0xFF, 0x07,
    0xFF, 0xE0, 0xE1, 0xC0, 0x1C, 0x38, 0x03, 0x87, 0x00, 0x7F, 0xFC, 0x1F, 0xFF, 0xE7, 0xC3, 0xFE,
    0xE0, 0x71, 0xDC, 0x1C, 0x3B, 0x83, 0x83, 0xF8, 0xF0, 0x77, 0xFC, 0x1C, 0x7F, 0x03, 0x80, 0x00,
    0xF0, 0x01, 0xFC, 0x7F, 0xFF, 0x1F, 0xFF, 0x83, 0xC0, 0x00, 0x70, 0x00, 0x0E, 0x00, 0x01, 0xC0,
    0x00, 0x00, 0x7F, 0xFC, 0x1F, 0xFF, 0x07, 0x1C, 0x01, 0xC7, 0x00, 0x71, 0xC0, 0x1C, 0x7F, 0x87,
    0x1F, 0xF1, 0xC7, 0x9E, 0x71, 0xC3, 0x9C, 0x70, 0xE7, 0x1C, 0x1D, 0xC7, 0x07, 0x71, 0xC3, 0x9C,
    0x70, 0xE0, 0x00, 0x78, 0x00, 0xFC, 0x7F, 0xFE, 0x3F, 0xFE, 0x0F, 0x00, 0x03, 0x80, 0x00, 0xE0,
    0x00, 0x38, 0x00, 0x00, 0x0F, 0xF8, 0xFF, 0xF8, 0xFF, 0xFF, 0xFF, 0xCF, 0x03, 0xF0, 0xE0, 0xE0,
    0x1F, 0x87, 0x0E, 0x00, 0xFC, 0x38, 0x7F, 0x8E, 0x71, 0xC3, 0xFE, 0x73, 0x8E, 0x1E, 0xF3, 0x9C,
    0x70, 0xE3, 0xDC, 0x73, 0x87, 0x0E, 0xE3, 0x9C, 0x38, 0xE7, 0x38, 0xE1, 0xE7, 0x39, 0xC7, 0x07,
    0xF8, 0xFE, 0x38, 0x1F, 0x87, 0xE1, 0xC0, 0xE0, 0x0F, 0xC0, 0x1F, 0x80, 0x3F, 0x00, 0x7E, 0x00,
    0xFC, 0x01, 0xF8, 0x03, 0xF0, 0x07, 0xE0, 0x0F, 0xC0, 0x1F, 0x80, 0x3F, 0x00, 0x7F, 0xFF, 0xFF,
    0xFF, 0xC0, 0xE0, 0x7E, 0x38, 0x3F, 0xCE, 0x0E, 0x7B, 0x83, 0x8F, 0xE1, 0xC1, 0xF8, 0x70, 0x7E,
    0x1C, 0x1F, 0x87, 0x07, 0xE1, 0xC1, 0xF8, 0x70, 0x7E, 0x1C, 0x1F, 0x87, 0x1E, 0xFF, 0xFF, 0xBF,
    0xFF, 0x80, 0xE3, 0x80, 0x7E, 0x38, 0x07, 0xE3, 0x80, 0x7E, 0x38, 0x07, 0xE3, 0x80, 0x7E, 0x38,
    0x07, 0xE3, 0x80, 0x7E, 0x38, 0x07, 0xE3, 0x80, 0x7E, 0x38, 0x07, 0xE3, 0x80, 0x7E, 0x38, 0x07,
    0xFF, 0xFF, 0xF7, 0xFF, 0xFF, 0xFF, 0xFF, 0xFF, 0xFE, 0x1C, 0x38, 0x70, 0xE1, 0xC3, 0x87, 0x0E,
    0x1C, 0x38, 0x70, 0xE1, 0xC3, 0x87, 0x0E, 0x1C, 0x38, 0x70, 0xE1, 0xC3, 0x8F, 0x00, 0x78, 0x03,
    0xC0, 0x1E, 0x00, 0xF0, 0x03, 0x80, 0x00, 0x00, 0x3F, 0x3F, 0x07, 0xFF, 0xF1, 0xEF, 0xCF, 0x38,
    0xF0, 0xF7, 0x1C, 0x0E, 0xE3, 0x81, 0xDC, 0x70, 0x3B, 0x8E, 0x07, 0x71, 0xC0, 0xEE, 0x38, 0x1D,
    0xC7, 0x03, 0xB8, 0xE0, 0x77, 0x1C, 0x0E, 0xE3, 0x83, 0x80, 0x00, 0xF0, 0x01, 0xFC, 0x7F, 0xFF,
    0x1F, 0xFF, 0x83, 0xC0, 0x00, 0x70, 0x00, 0x0E, 0x00, 0x01, 0xC0, 0x00, 0x00, 0x00, 0x00, 0x30,
    0x1F, 0xC0, 0xE0, 0xFF, 0xE1, 0xE3, 0xE3, 0xC1, 0xC7, 0x01, 0xC1, 0xDC, 0x03, 0x83, 0xBF, 0xC7,
    0x07, 0x7F, 0xCE, 0x0E, 0xF7, 0x9C, 0x0F, 0xC7, 0xB8, 0x1F, 0x87, 0x38, 0x77, 0x1C, 0x70, 0xEF,
    0x38, 0xF3, 0xCF, 0xF0, 0xFF, 0x0F, 0xC0, 0xFC, 0x00, 0x0F, 0xEF, 0xFF, 0x9F, 0xFF, 0xFF, 0xDF,
    0x0F, 0x8E, 0x0E, 0x03, 0xC7, 0x0E, 0x00, 0xE3, 0x87, 0xF8, 0x71, 0xC3, 0xFE, 0x38, 0xE1, 0xEF,
    0x1C, 0x70, 0xE3, 0xCE, 0x38, 0x70, 0xE7, 0x1C, 0x38, 0xE3, 0x8E, 0x1E, 0x71, 0xC7, 0x07, 0xF8,
    0xE3, 0x81, 0xF8, 0x71, 0xC0, 0xE0, 0x3F, 0x1C, 0x0F, 0xF3, 0x81, 0xCF, 0x70, 0x38, 0xEE, 0x0E,
    0x1D, 0xC1, 0xC3, 0xB8, 0x38, 0x3F, 0x07, 0x07, 0xE0, 0xE0, 0xFC, 0x1C, 0x3B, 0x83, 0x87, 0x70,
    0x71, 0xEF, 0xFF, 0xF9, 0xFF, 0xFE, 0x00, 0x38, 0x03, 0xE3, 0x80, 0xFC, 0x7F, 0x9E, 0x07, 0xF3,
    0x80, 0xE0, 0x78, 0x78, 0x0F, 0xFE, 0x00, 0xFF, 0x80, 0x00, 0x0F, 0xF0, 0x0E, 0x7F, 0xF0, 0x1D,
    0xF0, 0xF0, 0x3B, 0x80, 0xF0, 0x7E, 0x00, 0xE0, 0xFF, 0xE1, 0xC1, 0xFF, 0xE3, 0x83, 0xFB, 0xC7,
    0x07, 0xE3, 0xCE, 0x0F, 0xC3, 0x9C, 0x1F, 0x8E, 0x38, 0x3F, 0x9C, 0xE0, 0x77, 0xF9, 0xFF, 0xE7,
    0xE3, 0xFF, 0xC0, 0xE0, 0xFF, 0xFF, 0xF0, 0x7F, 0xFF, 0xF8, 0x38, 0xE0, 0xFC, 0x1C, 0x70, 0x7E,
    0x0E, 0x38, 0x3F, 0x07, 0x1C, 0x1F, 0x83, 0x8E, 0x0F, 0xC1, 0xC7, 0x07, 0xE0, 0xE3, 0x83, 0xF0,
    0x71, 0xC1, 0xF8, 0x38, 0xE0, 0xFE, 0x3C, 0x78, 0xF7, 0xFC, 0x1F, 0xF1, 0xFC, 0x07, 0xF0, 0x0F,
    0xF0, 0x3F, 0x00, 0x7F, 0xF0, 0xFF, 0x01, 0xF0, 0xF1, 0xCE, 0x03, 0x80, 0xF3, 0x0E, 0x0E, 0x00,
    0xEE, 0x1C, 0x1F, 0xE1, 0xCE, 0x73, 0xFF, 0xE3, 0x9E, 0xFF, 0xFB, 0xC7, 0x1F, 0xFF, 0xE3, 0xCE,
    0x1F, 0xFF, 0xC3, 0x9C, 0x07, 0x9F, 0x8E, 0x38, 0x1C, 0x3F, 0x9C, 0xE0, 0x38, 0x77, 0xF9, 0xFF,
    0xFF, 0xE7, 0xE3, 0xFF, 0xFF, 0xC0, 0x00, 0x03, 0x80, 0x00, 0x00, 0x07, 0x00, 0x00, 0x00, 0x0E,
    0x00, 0x00, 0x00, 0x1C, 0x00, 0x00, 0x00, 0x70, 0x00, 0x00, 0x00, 0xE0, 0x00, 0x00, 0x01, 0xC0,
    0x00, 0x00, 0x00, 0x00, 0x60, 0x3F, 0x8F, 0x83, 0x83, 0xFF, 0x7F, 0x0F, 0x1F, 0x1F, 0xCE, 0x1C,
    0x70, 0x1E, 0x38, 0x3B, 0x80, 0x78, 0xE0, 0xEF, 0xF0, 0xE3, 0x83, 0xBF, 0xE3, 0x8E, 0x0E, 0xF7,
    0x8E, 0x38, 0x1F, 0x8F, 0x38, 0xE0, 0x7E, 0x1C, 0xE1, 0xC3, 0xB8, 0xE3, 0x87, 0x0E, 0xF3, 0x8E,
    0x1E, 0x79, 0xFE, 0x38, 0x3F, 0xC3, 0xF0, 0xE0, 0x7E, 0x00, 0x0F, 0xF0, 0x07, 0xC7, 0xE0, 0xFF,
    0xE0, 0x3F, 0xFF, 0xC7, 0xC3, 0xC0, 0xE7, 0xC7, 0x9C, 0x07, 0x83, 0x9E, 0x0F, 0xE0, 0x0E, 0x1C,
    0x38, 0x1F, 0xFC, 0x38, 0x70, 0xE0, 0x7F, 0xF8, 0xE1, 0xC3, 0x81, 0xFD, 0xE3, 0x87, 0x0E, 0x07,
    0xE3, 0xCE, 0x1C, 0x38, 0x1F, 0x87, 0x38, 0x70, 0xE0, 0x7E, 0x38, 0xE1, 0xC3, 0x81, 0xFC, 0xE7,
    0x07, 0x0E, 0x07, 0x7F, 0x9F, 0xFC, 0x38, 0x1C, 0xFC, 0x7F, 0xF0, 0xE0, 0xE0, 0x00, 0x00, 0x00,
    0x07, 0x80, 0x00, 0x00, 0x01, 0xFC, 0x7F, 0xFF, 0xFF, 0xFF, 0xE3, 0xFF, 0xFF, 0xFF, 0xFE, 0x0F,
    0x00, 0x00, 0x00, 0x00, 0x38, 0x00, 0x00, 0x00, 0x00, 0xE0, 0x00, 0x00, 0x00, 0x03, 0x80, 0x00,
    0x00, 0x00, 0x00, 0xFF, 0xFF, 0xFF, 0xFE, 0x1C, 0x38, 0x70, 0xE1, 0xC3, 0x87, 0x0E, 0x1C, 0x38,
    0x70, 0xE1, 0xC3, 0x87, 0x0E, 0x1C, 0x38, 0x70, 0xE1, 0xC3, 0x87, 0x00, 0x3F, 0x87, 0xFC, 0xF1,
    0xEE, 0x0F, 0xE0, 0x7E, 0x07, 0xE0, 0x7E, 0x07, 0x60, 0x70, 0x07, 0x00, 0x70, 0x07, 0x00, 0x70,
    0x07, 0x00, 0x70, 0x07, 0x00, 0x70, 0x07, 0x00, 0x70, 0x07, 0x00, 0x70, 0x1F, 0xCF, 0xFF, 0xFB,
    0xF7, 0x7E, 0xFF, 0xCF, 0xB8, 0x07, 0x00, 0xFF, 0xFE, 0x7F, 0xFF, 0x80, 0x39, 0xE0, 0x1C, 0x70,
    0x0E, 0x38, 0x07, 0x1C, 0x03, 0xCE, 0x00, 0xFF, 0x00, 0x3F, 0x00, 0x00, 0x03, 0xF8, 0x00, 0x03,
    0xFF, 0x80, 0x01, 0xF3, 0xF0, 0x00, 0xF0, 0x1E, 0x00, 0x78, 0x03, 0xBF, 0xFF, 0xC0, 0x7F, 0xFF,
    0xF8, 0x1C, 0x01, 0xCF, 0x07, 0x00, 0x71, 0xC1, 0xC0, 0x1C, 0x70, 0x70, 0x07, 0x1C, 0x1C, 0x01,
    0xEF, 0x07, 0x00, 0x3F, 0x81, 0xC0, 0x07, 0xC0, 0x70, 0x00, 0x00, 0x38, 0x03, 0x80, 0x1E, 0x00,
    0xF8, 0x3F, 0x00, 0x1F, 0xFF, 0x80, 0x01, 0xFF, 0x80, 0x03, 0xFE, 0x01, 0xFF, 0xE0, 0x7E, 0x1E,
    0x1E, 0x01, 0xE7, 0x80, 0x1E, 0xE0, 0x01, 0xFC, 0x00, 0x3F, 0x00, 0x07, 0xE0, 0x00, 0xFC, 0x00,
    0x1F, 0x80, 0x03, 0xF0, 0x00, 0x7E, 0x3F, 0x0F, 0xCF, 0xF1, 0xF9, 0xCF, 0x3F, 0x78, 0xE7, 0x7E,
    0x1C, 0xE7, 0xE3, 0x9C, 0xFC, 0xF3, 0x8F, 0xFC, 0x70, 0x7F, 0x0E, 0x03, 0xFC, 0x0F, 0xFE, 0x1F,
    0xEF, 0x3C, 0xE7, 0x79, 0xC7, 0x71, 0xE7, 0xE0, 0xEF, 0xE0, 0xFE, 0xE0, 0x7C, 0xE0, 0x00, 0xE0,
    0x00, 0xE0, 0x00, 0xE0, 0xFC, 0xE1, 0xFF, 0xE1, 0xC7, 0x71, 0xC7, 0x79, 0xC7, 0x3D, 0xC7, 0x1F,
    0xCF, 0x0F, 0xFE, 0x03, 0xFC, 0x0F, 0xF8, 0xFE, 0x07, 0xFF, 0xFF, 0xC3, 0xC0, 0xF8, 0x79, 0xC0,
    0x3F, 0x0F, 0xE0, 0x0F, 0xC1, 0xFF, 0xC7, 0x38, 0x7F, 0xF9, 0xCE, 0x1F, 0xDE, 0x73, 0x87, 0xE3,
    0xDC, 0x71, 0xF8, 0x77, 0x1C, 0x7E, 0x39, 0xCE, 0x1F, 0xCE, 0x73, 0x8E, 0x7F, 0x8F, 0xE3, 0x8F,
    0xC3, 0xF0, 0xC0, 0x03, 0xFE, 0x00, 0x00, 0x00, 0x07, 0xFF, 0x80, 0x00, 0x00, 0x07, 0xE1, 0xE0,
    0x00, 0x00, 0x07, 0x80, 0x78, 0x00, 0x00, 0x07, 0x80, 0x1E, 0x00, 0x00, 0x03, 0x80, 0x07, 0x00,
    0x00, 0x03, 0xC0, 0x03, 0x80, 0x00, 0x01, 0xC0, 0x01, 0xC0, 0x3F, 0xFF, 0xE0, 0x00, 0xE0, 0x1F,
    0xFF, 0xF0, 0x00, 0x70, 0x0E, 0x1C, 0x38, 0x00, 0x38, 0xE7, 0x0E, 0x1C, 0x00, 0x1C, 0x73, 0x87,
    0x0E, 0x3F, 0x0E, 0x39, 0xC3, 0x87, 0x3F, 0xC7, 0x00, 0xE1, 0xC3, 0x9C, 0xF3, 0x80, 0x70, 0xE1,
    0xDE, 0x39, 0xC0, 0x38, 0x70, 0x7E, 0x1C, 0xE0, 0x1C, 0x38, 0x1F, 0x8E, 0x70, 0x0E, 0x1C, 0x0F,
    0xCF, 0x38, 0x07, 0x0E, 0x03, 0xFF, 0x1C, 0x03, 0x87, 0x00, 0x7F, 0x0E, 0x01, 0xC3, 0x80, 0x03,
    0xFC, 0x00, 0x00, 0x00, 0xFF, 0xE0, 0x00, 0x00, 0x1F, 0xEF, 0x00, 0x00, 0x03, 0xCE, 0x70, 0x00,
    0x00, 0x79, 0xC7, 0x00, 0x00, 0x07, 0x1E, 0x70, 0x00, 0x00, 0xE0, 0xEF, 0x00, 0x00, 0x0E, 0x0F,
    0xE0, 0x3F, 0xFF, 0xE0, 0x7C, 0x03, 0xFF, 0xFE, 0x00, 0x00, 0x38, 0x70, 0xE0, 0x00, 0x73, 0x87,
    0x0E, 0x00, 0x07, 0x38, 0x70, 0xE0, 0xFC, 0x73, 0x87, 0x0E, 0x1F, 0xF0, 0x38, 0x70, 0xE1, 0xC7,
    0x03, 0x87, 0x07, 0x1C, 0x70, 0x38, 0x70, 0x79, 0xC7, 0x03, 0x87, 0x03, 0xDC, 0x70, 0x38, 0x70,
    0x1F, 0xCF, 0x03, 0x87, 0x00, 0xFF, 0xE0, 0x38, 0x70, 0x03, 0xFC, 0x03, 0x87, 0x00, 0x03, 0xFE,
    0x00, 0x00, 0x00, 0x00, 0x00, 0xFF, 0xF0, 0x00, 0x00, 0x00, 0x00, 0x1F, 0x07, 0x80, 0x00, 0x00,
    0x00, 0x03, 0xC0, 0x3C, 0x00, 0x00, 0x00, 0x00, 0x78, 0x01, 0xE0, 0x00, 0x00, 0x00, 0x07, 0x00,
    0x0E, 0x00, 0x00, 0x00, 0x00, 0xF0, 0x00, 0xE0, 0x00, 0x00, 0x00, 0x0E, 0x00, 0x0E, 0x00, 0x1F,
    0xDF, 0xFF, 0xE0, 0x00, 0xE0, 0x07, 0xFF, 0xFF, 0xFE, 0x00, 0x0E, 0x00, 0xF8, 0x7C, 0x70, 0xE0,
    0x00, 0xE3, 0x8E, 0x03, 0xC7, 0x0E, 0x00, 0x0E, 0x39, 0xC0, 0x1C, 0x70, 0xE3, 0xF0, 0xE3, 0x9F,
    0xE1, 0xC7, 0x0E, 0x7F, 0x8E, 0x01, 0xFF, 0x1C, 0x70, 0xE7, 0x3C, 0xE0, 0x1E, 0xF1, 0xC7, 0x0E,
    0xF1, 0xCE, 0x01, 0xC7, 0x9C, 0x70, 0x7E, 0x1C, 0xE0, 0x1C, 0x39, 0xC7, 0x03, 0xF1, 0xCE, 0x01,
    0xC7, 0x1C, 0x70, 0x3F, 0x3C, 0xE0, 0x1E, 0x71, 0xC7, 0x01, 0xFF, 0x8E, 0x00, 0xFF, 0x1C, 0x70,
    0x07, 0xF0, 0xE0, 0x07, 0xE1, 0xC7, 0x00, 0xFF, 0x80, 0x03, 0xFF, 0xF0, 0x07, 0xFF, 0xFF, 0x03,
    0xF8, 0x07, 0xF1, 0xE0, 0x00, 0x3E, 0xFF, 0x00, 0x03, 0xBF, 0xE0, 0x1C, 0x7E, 0x38, 0x0F, 0x9F,
    0x8E, 0x07, 0xE7, 0xE3, 0x83, 0xF1, 0xFC, 0xE0, 0xFC, 0x77, 0xFB, 0x3B, 0xBC, 0xFC, 0xCE, 0xFE,
    0x00, 0x03, 0x9F, 0x09, 0x9E, 0xF0, 0x07, 0x67, 0xDF, 0x01, 0xD9, 0xB3, 0xFE, 0x66, 0x6C, 0x7F,
    0xB9, 0xFF, 0x3C, 0x07, 0x7F, 0x1E, 0x01, 0xF0, 0x1F, 0x00, 0x3F, 0xFF, 0x80, 0x07, 0xFF, 0xC0,
    0x00, 0x0F, 0xEF, 0xFF, 0x9F, 0xFF, 0xFF, 0xDF, 0x0F, 0x8E, 0x0E, 0x03, 0xC7, 0x0E, 0x00, 0xE3,
    0x87, 0xF8, 0x71, 0xC3, 0xFE, 0x38, 0xE1, 0xEF, 0x1C, 0x70, 0xE3, 0xCE, 0x38, 0x70, 0xE7, 0x1C,
    0x38, 0xE3, 0x8E, 0x1E, 0x71, 0xC7, 0x07, 0xF8, 0xE3, 0x81, 0xF8, 0x71, 0xC0, 0x1F, 0xC0, 0xFF,
    0x87, 0x8F, 0x3C, 0x0E, 0xE0, 0x3B, 0x80, 0xEE, 0x01, 0xF8, 0x07, 0xE0, 0x3B, 0x80, 0xEF, 0x03,
    0x9E, 0x3C, 0x3F, 0xE0, 0x7F, 0x00, 0x3F, 0xFF, 0x07, 0xFF, 0xE0, 0xE1, 0xC0, 0x1C, 0x38, 0x03,
    0x87, 0x00, 0x7F, 0xFE, 0x1F, 0xFF, 0xE7, 0xC3, 0xBE, 0xE0, 0x71, 0xDC, 0x1C, 0x1F, 0x83, 0x83,
    0xF8, 0xF0, 0xE7, 0xFD, 0xFC, 0x7F, 0x3F, 0x00, 0x3F, 0xC0, 0x00, 0x3F, 0xF8, 0x00, 0x3C, 0x3E,
    0x00, 0x1C, 0x07, 0x00, 0x0E, 0x03, 0x80, 0x07, 0x00, 0xE0, 0x03, 0x80, 0xE0, 0x01, 0xE0, 0x70,
    0x00, 0x7B, 0xF8, 0x00, 0x3F, 0xF0, 0x00, 0x3F, 0xE0, 0x00, 0x1C, 0x00, 0x00, 0x0F, 0xFF, 0xFF,
    0xFF, 0xFF, 0xFF, 0xFC, 0xFF, 0xF8, 0x03, 0xFF, 0xE0, 0x0E, 0x38, 0x00, 0x38, 0xE0, 0x00, 0xE3,
    0x80, 0x03, 0x8F, 0xF8, 0x0E, 0x3F, 0xF0, 0x38, 0xF1, 0xC0, 0xE3, 0x87, 0x03, 0x8E, 0x1C, 0x0E,
    0x30, 0x70, 0x38, 0x01, 0xC0, 0xE3, 0xFF, 0xFF, 0x8F, 0xFF, 0xF0, 0x3F, 0xFF, 0x39, 0xFF, 0xF9,
    0xCE, 0x1C, 0x0E, 0x70, 0xE0, 0x73, 0x87, 0x03, 0x9F, 0xFF, 0xFD, 0xFF, 0xFF, 0xFF, 0x0E, 0x00,
    0xE0, 0x70, 0x07, 0x07, 0x00, 0x38, 0x38, 0x01, 0xE3, 0xC0, 0x07, 0xFC, 0x00, 0x1F, 0xC0, 0x00,
    0x00, 0xFF, 0xC0, 0x03, 0xFF, 0xF8, 0x07, 0xC0, 0xFE, 0x0F, 0x00, 0x1E, 0x1E, 0x00, 0x04, 0x38,
    0x00, 0x00, 0x78, 0x00, 0x00, 0x71, 0xFF, 0xF8, 0x71, 0xFF, 0xF8, 0xE1, 0xC7, 0x00, 0xE1, 0xC7,
    0x00, 0xE1, 0xC7, 0x00, 0xE1, 0xC7, 0x00, 0xE1, 0xC7, 0xF8, 0xE1, 0xC7, 0xFC, 0xE1, 0xC7, 0x9E,
    0xE1, 0xC7, 0x0E, 0xE1, 0xC7, 0x0E, 0xE1, 0xC7, 0x07, 0xE1, 0xC7, 0x07, 0xE1, 0xC7, 0x06, 0x70,
    0x00, 0x0E, 0x70, 0x00, 0x0E, 0x38, 0x00, 0x0E, 0x3C, 0x00, 0x1C, 0x1E, 0x00, 0x78, 0x0F, 0xC1,
    0xF8, 0x07, 0xFF, 0xE0, 0x01, 0xFF, 0x80, 0x3F, 0xFF, 0x00, 0x3F, 0xFF, 0x00, 0x38, 0x70, 0x00,
    0x38, 0x70, 0x00, 0x38, 0x70, 0x00, 0x3F, 0xFF, 0xFF, 0x7F, 0xFF, 0xFF, 0xF8, 0x73, 0x9C, 0xE0,
    0x73, 0x9C, 0xE0, 0xE3, 0x9C, 0xE0, 0xE3, 0x9C, 0xF1, 0xE3, 0x9C, 0x7F, 0xC3, 0x9C, 0x3F, 0x83,
    0x9C, 0x0F, 0xFF, 0xC7, 0xFF, 0xF7, 0xC1, 0xC1, 0xC0, 0x70, 0xE0, 0x1C, 0x3F, 0xC7, 0x0F, 0xF9,
    0xC3, 0xDE, 0x70, 0xE3, 0xDC, 0x38, 0x77, 0x0E, 0x39, 0xC3, 0xCE, 0x70, 0x7F, 0x9C, 0x0F, 0xC7,
    0x00, 0x00, 0x7F, 0x01, 0xC0, 0x3F, 0xF0, 0x70, 0x1E, 0x3E, 0x1C, 0x07, 0x03, 0x87, 0x03, 0x80,
    0xF1, 0xC0, 0xE0, 0x1C, 0x70, 0x1C, 0x07, 0x1C, 0x07, 0x01, 0xC7, 0x01, 0xE0, 0x71, 0xC0, 0x3C,
    0x1C, 0x77, 0xFF, 0xFF, 0xFF, 0xFF, 0xFF, 0xFF, 0xE0, 0x00, 0xE1, 0xF8, 0x00, 0xF8, 0x7F, 0x81,
    0xFC, 0x1D, 0xFF, 0xFC, 0x07, 0x3F, 0xFC, 0x01, 0xC0, 0x00, 0x00, 0x70, 0x3F, 0xFF, 0x00, 0x07,
    0xFF, 0xE0, 0x00, 0xE1, 0xC0, 0x00, 0x1C, 0x38, 0x00, 0x03, 0x87, 0x0F, 0xF0, 0x7F, 0xFF, 0xFF,
    0x1F, 0xFF, 0xFC, 0xF7, 0xC3, 0x9F, 0xEE, 0xE0, 0x73, 0x9D, 0xFC, 0x1C, 0xE1, 0x9F, 0x83, 0x9C,
    0x3B, 0x78, 0xF1, 0xCE, 0xE7, 0xFC, 0x3F, 0xDC, 0x7F, 0x03, 0xF3, 0x00, 0x03, 0xFC, 0x01, 0xFF,
    0x80, 0x70, 0xF0, 0x00, 0x1E, 0x00, 0x03, 0x80, 0x00, 0x70, 0x00, 0x1F, 0x8E, 0x07, 0xE3, 0x81,
    0xF8, 0xE0, 0x7E, 0x38, 0x1F, 0x8E, 0x07, 0xE3, 0x81, 0xF8, 0xE0, 0x7E, 0x38, 0x1F, 0x8E, 0x07,
    0xE3, 0x81, 0xF8, 0xF0, 0xEF, 0x7E, 0x79, 0xFF, 0xFC, 0x7E, 0x7E, 0x00, 0x7F, 0xFF, 0xFF, 0xFF,
    0xFF, 0xE3, 0x87, 0x0E, 0x38, 0x70, 0xE3, 0x87, 0x0E, 0x38, 0x70, 0xE3, 0x87, 0x0E, 0x38, 0x70,
    0xE3, 0x87, 0x0E, 0x38, 0x70, 0xE3, 0x87, 0x0E, 0x38, 0x70, 0xE3, 0x87, 0x0E, 0x38, 0x70, 0x3F,
    0xFF, 0x80, 0x7F, 0xFF, 0x00, 0xE1, 0xC0, 0x01, 0xC3, 0x80, 0x03, 0x87, 0x00, 0x07, 0xFF, 0xFF,
    0x1F, 0xFF, 0xFE, 0x7C, 0x39, 0xC0, 0xE0, 0x73, 0x81, 0xC1, 0xC7, 0xFB, 0x83, 0x8F, 0xFF, 0x8F,
    0x1E, 0xF7, 0xFC, 0x38, 0xE7, 0xF0, 0x71, 0xC0, 0x00, 0x03, 0x80, 0x00, 0x1F, 0x7F, 0xFF, 0xFD,
    0xFF, 0xFF, 0xE3, 0xC0, 0x00, 0x07, 0x00, 0x00, 0x0E, 0x00, 0x00, 0x1C, 0x00, 0x00, 0x00, 0x0F,
    0xF0, 0x00, 0x7F, 0xF0, 0x01, 0xF0, 0xF0, 0x03, 0x80, 0xF0, 0x0E, 0x00, 0xE0, 0x1F, 0xE1, 0xC0,
    0x3F, 0xE3, 0x80, 0x7B, 0xC7, 0x00, 0xE3, 0xCE, 0x01, 0xC3, 0x9C, 0x03, 0x8E, 0x38, 0x07, 0x9C,
    0x60, 0x07, 0xF8, 0xFF, 0xE7, 0xE1, 0xFF, 0xC0, 0x00, 0x00, 0x3F, 0x80, 0x00, 0x03, 0xFE, 0x00,
    0x00, 0x38, 0xF0, 0x00, 0x03, 0xF3, 0xC0, 0x00, 0x3F, 0xCE, 0x00, 0x03, 0xE6, 0x60, 0x00, 0x1B,
    0xF7, 0x1C, 0x0F, 0xFF, 0xBF, 0xE0, 0xFF, 0xF9, 0xFF, 0x07, 0x1C, 0x00, 0x38, 0x38, 0x70, 0x01,
    0xC3, 0x83, 0x80, 0x0E, 0x1C, 0x1C, 0x00, 0x70, 0xE0, 0xE0, 0x03, 0x87, 0x07, 0x00, 0x1C, 0x38,
    0x38, 0x00, 0xE1, 0xC1, 0xC0, 0x07, 0x0E, 0x0E, 0x00, 0x38, 0x71, 0xF0, 0x01, 0xFF, 0xFF, 0x00,
    0x0F, 0xFF, 0xF0, 0x00, 0x00, 0x00, 0x0F, 0xFF, 0xFF, 0x00, 0x00, 0x00, 0x03, 0xFF, 0xFF, 0xFF,
    0x80, 0x00, 0x00, 0x7F, 0xC0, 0x03, 0xFF, 0x00, 0x00, 0x0F, 0xC0, 0x00, 0x00, 0x7E, 0x00, 0x00,
    0xF8, 0x00, 0x00, 0x00, 0xF8, 0x00, 0x0F, 0x00, 0x00, 0x00, 0x01, 0xE0, 0x00, 0xF0, 0x00, 0x00,
    0x00, 0x07, 0x87, 0x0F, 0x07, 0xF8, 0x1F, 0xFF, 0x1C, 0x38, 0x70, 0xFF, 0xE0, 0xFF, 0xF8, 0xF0,
    0xE7, 0x0F, 0x87, 0x87, 0x1C, 0x03, 0x87, 0x38, 0x70, 0x1E, 0x38, 0xE0, 0x1C, 0x1D, 0xC7, 0x00,
    0x71, 0xC7, 0x00, 0xE0, 0xEE, 0x38, 0x03, 0x8E, 0x38, 0x07, 0x07, 0x71, 0xFE, 0x1C, 0x71, 0xFC,
    0x38, 0x3B, 0x8F, 0xF8, 0xE3, 0x8F, 0xF1, 0xC0, 0xFC, 0x71, 0xC7, 0x1C, 0x73, 0xCE, 0x07, 0xE3,
    0x87, 0x38, 0xE3, 0x8E, 0x38, 0x77, 0x1C, 0x39, 0xC7, 0x1C, 0x39, 0xC3, 0xB8, 0xF3, 0x9C, 0x38,
    0xE1, 0xCF, 0x3D, 0xE3, 0xFC, 0xFF, 0xC7, 0x0E, 0x3F, 0xC7, 0x0F, 0xC7, 0xFE, 0x38, 0xE0, 0xFC,
    0x3C, 0x00, 0x00, 0x00, 0x07, 0x00, 0x00, 0xF0, 0x00, 0x00, 0x00, 0x78, 0x00, 0x03, 0xC0, 0x00,
    0x00, 0x07, 0x80, 0x00, 0x0F, 0x80, 0x00, 0x00, 0x78, 0x00, 0x00, 0x3F, 0x00, 0x00, 0x0F, 0x80,
    0x00, 0x00, 0x7F, 0xF0, 0x1F, 0xF8, 0x00, 0x00, 0x00, 0xFF, 0xFF, 0xFF, 0x00, 0x00, 0x00, 0x00,
    0x7F, 0xFF, 0x80, 0x00, 0x00, 0x00, 0x70, 0x07, 0x0E, 0xE0, 0x0E, 0x1D, 0xC0, 0x1C, 0x3B, 0x80,
    0x38, 0x77, 0x00, 0x70, 0xEE, 0x00, 0xE1, 0xDC, 0x01, 0xC3, 0xB8, 0x03, 0x87, 0x70, 0x07, 0x0E,
    0xE0, 0x0E, 0x1D, 0xC0, 0x1C, 0x3B, 0x80, 0x38, 0x77, 0xFF, 0xF0, 0xEF, 0xFF, 0xE1, 0xC0, 0x01,
    0xC3, 0x80, 0x03, 0x87, 0xFF, 0xFF, 0xFF, 0xFF, 0xFF, 0xFF, 0x80, 0x78, 0x07, 0x83, 0xE0, 0x07,
    0xFF, 0x80, 0x07, 0xFC, 0x00, 0x00, 0x0F, 0xFF, 0xE0, 0x00, 0x1F, 0xFF, 0xE0, 0x00, 0x3E, 0x1C,
    0x00, 0x00, 0x70, 0x1C, 0x00, 0x00, 0xF0, 0x1C, 0x00, 0x00, 0xFF, 0x1C, 0x3F, 0x80, 0xFF, 0x9C,
    0x7F, 0xE0, 0xF7, 0x9C, 0xF1, 0xE0, 0xE3, 0xDF, 0xF8, 0xE0, 0xE1, 0xDF, 0xFC, 0x70, 0xE3, 0x9D,
    0xDC, 0x60, 0xF3, 0x9C, 0xEC, 0xE0, 0x7F, 0x9C, 0xFC, 0xFF, 0x3F, 0x1C, 0x78, 0xFF, 0x01, 0xFF,
    0x80, 0x00, 0x00, 0x00, 0x1F, 0xFF, 0x80, 0x00, 0x00, 0x01, 0xF8, 0x3F, 0x80, 0x00, 0x00, 0x0F,
    0x80, 0x1F, 0x00, 0x00, 0x00, 0x38, 0x00, 0x1E, 0x00, 0x00, 0x01, 0xE0, 0x00, 0x38, 0x00, 0x00,
    0x07, 0x00, 0x00, 0xF0, 0x00, 0x00, 0x38, 0x00, 0x07, 0xF8, 0x0F, 0xC0, 0xE0, 0x00, 0x3F, 0xF8,
    0x7F, 0x83, 0x80, 0x01, 0xEF, 0xE3, 0xCE, 0x0E, 0x00, 0x0F, 0x39, 0xCE, 0x38, 0x38, 0x00, 0x38,
    0xE7, 0x38, 0xE0, 0xE3, 0xF0, 0xE3, 0x9C, 0xE3, 0x9F, 0x9F, 0xE7, 0x0E, 0x3B, 0xCE, 0xFE, 0x73,
    0xDC, 0x38, 0xE7, 0xFF, 0xFB, 0xC7, 0x38, 0xE3, 0x0F, 0xFF, 0x7E, 0x1C, 0xF7, 0x9C, 0x07, 0x9D,
    0xFC, 0x71, 0xFC, 0x70, 0x1C, 0x73, 0xF3, 0xC3, 0xE1, 0xC0, 0x71, 0xC7, 0xFE, 0x00, 0x07, 0xFF,
    0xFF, 0x07, 0xF0, 0x00, 0x1F, 0xFF, 0xFC, 0x00, 0x00, 0x00, 0x00, 0x38, 0x00, 0x00, 0x00, 0x00,
    0x00, 0xE0, 0x00, 0x00, 0x00, 0x00, 0x07, 0x00, 0x00, 0x00, 0x00, 0x00, 0x1C, 0x00, 0x00, 0x00,
    0x00, 0x00, 0x70, 0x00, 0x00, 0x00, 0x00, 0x03, 0xC0, 0x00, 0x00, 0x00, 0x00, 0x06, 0x00, 0x00,
    0x3F, 0x80, 0x00, 0x7F, 0xC0, 0x00, 0xFB, 0xC0, 0x03, 0xFD, 0xC0, 0x0F, 0xDD, 0xC0, 0x1F, 0xFD,
    0xF0, 0x1C, 0xF9, 0xF0, 0x38, 0x00, 0x00, 0x71, 0xFF, 0xF0, 0x71, 0xFF, 0xF0, 0x71, 0xC7, 0x00,
    0xE1, 0xC7, 0x00, 0xE1, 0xC7, 0x00, 0xE1, 0xC7, 0xF8, 0xE1, 0xC7, 0xFC, 0xE1, 0xC7, 0xDE, 0xE1,
    0xC7, 0x0E, 0xE1, 0xC7, 0x0E, 0xE1, 0xC7, 0x07, 0xE1, 0xC7, 0x07, 0xE1, 0xC7, 0x06, 0xE0, 0x00,
    0x0E, 0x70, 0x00, 0x0E, 0x78, 0x00, 0x0E, 0x38, 0x00, 0x1C, 0x1E, 0x00, 0x7C, 0x0F, 0x81, 0xF8,
    0x07, 0xFF, 0xE0, 0x01, 0xFF, 0x80, 0x00, 0x00, 0x3F, 0x00, 0x00, 0x07, 0xFC, 0x00, 0x00, 0x38,
    0xF0, 0x00, 0x07, 0xF3, 0x80, 0x00, 0x7F, 0xDC, 0x00, 0x07, 0xEE, 0xE0, 0x00, 0x37, 0x77, 0x0F,
    0xFF, 0xBF, 0xBF, 0x7F, 0xFC, 0xF9, 0xFB, 0x8E, 0x00, 0x00, 0x1C, 0x70, 0x00, 0x00, 0xE3, 0x80,
    0x00, 0x07, 0x1F, 0xE0, 0x00, 0x38, 0xFF, 0x80, 0x01, 0xC7, 0x9E, 0x00, 0x0E, 0x38, 0x70, 0x00,
    0x71, 0xC3, 0x80, 0x03, 0x8E, 0x0E, 0x00, 0x1C, 0x70, 0x70, 0x00, 0xE3, 0x87, 0x00, 0x07, 0x1C,
    0x38, 0x00, 0x00, 0x03, 0xC0, 0x00, 0x00, 0xFC, 0x00, 0x0F, 0xFF, 0xC0, 0x00, 0xFF, 0xF8, 0x00,
    0x07, 0x80, 0x00, 0x00, 0x38, 0x00, 0x00, 0x01, 0xC0, 0x00, 0x00, 0x0E, 0x00, 0x00, 0x00, 0x00,
    0x3F, 0xFF, 0x00, 0x01, 0xF8, 0x03, 0xFF, 0xF0, 0x00, 0x3F, 0xC0, 0x38, 0x70, 0x3F, 0x83, 0x9C,
    0x03, 0x87, 0x07, 0xFE, 0x30, 0xE0, 0x38, 0x70, 0xF1, 0xE7, 0x0E, 0x03, 0xFF, 0xFF, 0x8F, 0x39,
    0xCF, 0x7F, 0xFF, 0xFC, 0x73, 0xDF, 0xFF, 0x87, 0x1F, 0xE7, 0x1F, 0xFF, 0xE0, 0x73, 0x8E, 0x70,
    0xFF, 0xFE, 0x0E, 0x38, 0xE7, 0x01, 0xE7, 0xE0, 0xE1, 0xCE, 0x70, 0x38, 0x7F, 0x1E, 0x1C, 0xE7,
    0x03, 0x87, 0x7F, 0xC1, 0xFE, 0xFF, 0xFF, 0xF3, 0xF8, 0x0F, 0xCF, 0xFF, 0xFF, 0x00, 0x00, 0x00,
    0x00, 0x70, 0x00, 0x00, 0x00, 0x00, 0x07, 0x00, 0x00, 0x00, 0x00, 0x00, 0x70, 0x00, 0x00, 0x00,
    0x00, 0x07, 0x00, 0x00, 0x00, 0x00, 0x00, 0xE0, 0x00, 0x00, 0x00, 0x00, 0x0E, 0x00, 0x00, 0x00,
    0x00, 0x00, 0xE0, 0x00, 0x00, 0xE0, 0x00, 0x1C, 0x00, 0x03, 0x80, 0x00, 0x00, 0x00, 0x00, 0x00,
    0x00, 0x00, 0x0F, 0xFF, 0xC1, 0xFF, 0xF8, 0x38, 0xE0, 0x07, 0x1C, 0x00, 0xE3, 0x80, 0x1F, 0xFF,
    0x87, 0xFF, 0xF9, 0xF1, 0xCF, 0xB8, 0x38, 0x77, 0x07, 0x07, 0xE0, 0xE0, 0xFE, 0x3C, 0x39, 0xFF,
    0x7F, 0x1F, 0xCF, 0xC0, 0x00, 0x70, 0x00, 0x01, 0xC0, 0x00, 0x07, 0x00, 0x00, 0x00, 0x00, 0x00,
    0x00, 0x00, 0x00, 0x00, 0x0F, 0xFF, 0x81, 0xFF, 0xFE, 0x07, 0xE3, 0x80, 0x1F, 0x8E, 0x00, 0x7E,
    0x38, 0x01, 0xF8, 0xFF, 0x87, 0xE3, 0xFF, 0x1F, 0x8F, 0x1C, 0x7E, 0x38, 0x71, 0xF8, 0xE1, 0xC7,
    0xE3, 0x07, 0x1F, 0x80, 0x3C, 0x7E, 0x3F, 0xFF, 0xF8, 0xFF, 0xFF, 0x00, 0xE0, 0x00, 0xE0, 0x00,
    0xE0, 0x00, 0x00, 0x00, 0x00, 0x00, 0x00, 0x3F, 0xFF, 0x3F, 0xFF, 0x38, 0xE0, 0x38, 0xE0, 0x38,
    0xE0, 0x3F, 0xFF, 0x7F, 0xFF, 0xF8, 0xE0, 0xE0, 0xE0, 0xE0, 0xE0, 0xE0, 0xE0, 0xF1, 0xE0, 0x7F,
    0xC0, 0x3F, 0x80, 0x00, 0x70, 0x00, 0x00, 0xE0, 0x00, 0x01, 0xC0, 0x00, 0x00, 0x00, 0x00, 0x00,
    0x00, 0x00, 0x00, 0x00, 0x07, 0xF1, 0xFC, 0x3F, 0xF7, 0xFC, 0x7E, 0xFE, 0x3D, 0xDE, 0x78, 0x3B,
    0x9C, 0xF0, 0x77, 0x1D, 0xE0, 0x7E, 0x39, 0xC0, 0xFE, 0xE3, 0x83, 0x9F, 0xC7, 0x07, 0x1F, 0x0C,
    0x1E, 0x00, 0x03, 0xF8, 0x3F, 0xFF, 0xE1, 0xFF, 0xFF, 0x03, 0xC0, 0x00, 0x0E, 0x00, 0x1E, 0x1C,
    0x00, 0xFF, 0x38, 0x07, 0xFF, 0x70, 0x1F, 0xCE, 0xE0, 0x7B, 0x8F, 0xE1, 0xE7, 0x39, 0xFF, 0x8F,
    0xF1, 0xFC, 0x0F, 0xC0, 0x00, 0x0E, 0x00, 0x00, 0x01, 0xC0, 0x00, 0x00, 0x38, 0x00, 0x00, 0x00,
    0x00, 0x00, 0x00, 0x00, 0x00, 0x00, 0x00, 0x00, 0x06, 0x0F, 0xFF, 0xC1, 0xC7, 0xFF, 0xF8, 0x79,
    0xF8, 0x70, 0x0E, 0x3C, 0x0E, 0x01, 0xCF, 0x01, 0xC0, 0x71, 0xC0, 0x38, 0x0E, 0x3F, 0xC7, 0xF9,
    0xC7, 0xFC, 0xFF, 0xB8, 0xE3, 0x9E, 0x77, 0x1C, 0x73, 0x87, 0xE3, 0x8E, 0x70, 0xFC, 0x79, 0xCE,
    0x0F, 0x87, 0xF9, 0xC1, 0xF0, 0x7E, 0x38, 0x7F, 0x00, 0x00, 0x0E, 0xE0, 0x00, 0x01, 0x9E, 0x00,
    0x00, 0x71, 0xE0, 0x00, 0x1C, 0x1F, 0x00, 0x0F, 0x81, 0xFE, 0x1F, 0xC0, 0x1F, 0xFF, 0xF0, 0x00,
    0x7F, 0xF0, 0x00, 0x07, 0x00, 0x0E, 0x00, 0x1C, 0x00, 0x00, 0x00, 0x00, 0x00, 0x00, 0x38, 0x00,
    0x70, 0x00, 0xE0, 0x01, 0xC0, 0x03, 0x80, 0x07, 0x00, 0x0E, 0x00, 0x1C, 0x00, 0x38, 0x00, 0x70,
    0x00, 0xE0, 0x01, 0xC0, 0x03, 0xFF, 0xFF, 0xFF, 0xF0, 0x00, 0x00, 0x38, 0x00, 0x00, 0x00, 0x00,
    0x38, 0x00, 0x00, 0x00, 0x00, 0x38, 0x00, 0x00, 0x00, 0x00, 0x00, 0x00, 0x00, 0x00, 0x00, 0x00,
    0x00, 0x00, 0x00, 0x00, 0x00, 0x00, 0x00, 0x0F, 0xF8, 0xFF, 0x1F, 0xFF, 0x1F, 0xFF, 0xFF, 0xFF,
    0xFF, 0x3C, 0x0F, 0x81, 0xF0, 0x70, 0x70, 0x0F, 0xC3, 0xF8, 0x70, 0xE0, 0x0F, 0xC3, 0xB8, 0x70,
    0xFF, 0x1C, 0xE7, 0x1C, 0x70, 0xFF, 0x9C, 0xE7, 0x1C, 0x70, 0xF7, 0x9C, 0xE7, 0x1C, 0x70, 0xE3,
    0xDC, 0x77, 0x1C, 0x70, 0xE1, 0xDC, 0x77, 0x1C, 0x70, 0xE3, 0x9C, 0xE7, 0x1C, 0x70, 0xF3, 0x9C,
    0xE7, 0x9C, 0x70, 0x7F, 0x8F, 0xE3, 0xF8, 0x70, 0x3F, 0x0F, 0xC1, 0xF0, 0x70, 0x00, 0xE0, 0x00,
    0x1C, 0x00, 0x03, 0x80, 0x00, 0x00, 0x00, 0x00, 0x00, 0x00, 0x00, 0x0F, 0xFF, 0xC1, 0xFF, 0xF8,
    0x38, 0xE0, 0x07, 0x1C, 0x00, 0xE3, 0x80, 0x1F, 0xFF, 0x07, 0xFF, 0xF9, 0xF1, 0xDF, 0xB8, 0x38,
    0x77, 0x07, 0x0E, 0xE0, 0xE0, 0xFE, 0x3C, 0x1D, 0xFF, 0x07, 0x1F, 0xC0, 0xE0, 0x00, 0x3C, 0x00,
    0x7F, 0x1F, 0xFF, 0xC7, 0xFF, 0xE0, 0xF0, 0x00, 0x1C, 0x00, 0x03, 0x80, 0x00, 0x70, 0x00, 0x00,
    0x01, 0xC0, 0x00, 0x70, 0x00, 0x1C, 0x00, 0x00, 0x00, 0x00, 0x00, 0x00, 0x00, 0x07, 0xFF, 0xC1,
    0xFF, 0xF0, 0x71, 0xC0, 0x1C, 0x70, 0x07, 0x1C, 0x01, 0xC7, 0xF8, 0x71, 0xFF, 0x1C, 0x79, 0xE7,
    0x1C, 0x39, 0xC7, 0x0E, 0x71, 0xC1, 0xDC, 0x70, 0x77, 0x1C, 0x39, 0xC7, 0x0E, 0x00, 0x07, 0x80,
    0x0F, 0xC7, 0xFF, 0xE3, 0xFF, 0xE0, 0xF0, 0x00, 0x38, 0x00, 0x0E, 0x00, 0x03, 0x80, 0x00, 0x00,
    0x07, 0x00, 0x00, 0x00, 0x38, 0x00, 0x00, 0x01, 0xC0, 0x00, 0x00, 0x00, 0x00, 0x00, 0x00, 0x00,
    0x00, 0x00, 0x00, 0x00, 0x00, 0x3F, 0xF1, 0xFF, 0xE3, 0xFF, 0xFF, 0xFF, 0x3C, 0x0F, 0xC3, 0x83,
    0x80, 0x7E, 0x1C, 0x38, 0x03, 0xF0, 0xE1, 0xFE, 0x39, 0xC7, 0x0F, 0xF9, 0xCE, 0x38, 0x7B, 0xCE,
    0x71, 0xC3, 0x8F, 0x71, 0xCE, 0x1C, 0x3B, 0x8E, 0x70, 0xE3, 0x9C, 0xE3, 0x87, 0x9C, 0xE7, 0x1C,
    0x1F, 0xE3, 0xF8, 0xE0, 0x7E, 0x1F, 0x87, 0x00, 0x03, 0x80, 0x07, 0x00, 0x0E, 0x00, 0x00, 0x00,
    0x00, 0x00, 0x00, 0x38, 0x03, 0xF0, 0x07, 0xE0, 0x0F, 0xC0, 0x1F, 0x80, 0x3F, 0x00, 0x7E, 0x00,
    0xFC, 0x01, 0xF8, 0x03, 0xF0, 0x07, 0xE0, 0x0F, 0xC0, 0x1F, 0xFF, 0xFF, 0xFF, 0xF0, 0x01, 0xC0,
    0x00, 0x70, 0x00, 0x1C, 0x00, 0x00, 0x00, 0x00, 0x00, 0x00, 0x00, 0x0E, 0x07, 0xE3, 0x83, 0xFE,
    0xE0, 0xE3, 0xB8, 0x38, 0x7E, 0x1C, 0x1F, 0x87, 0x07, 0xE1, 0xC1, 0xF8, 0x70, 0x7E, 0x1C, 0x1F,
    0x87, 0x07, 0xE1, 0xC1, 0xF8, 0x71, 0xFF, 0xFF, 0xFB, 0xFF, 0xFC, 0x00, 0xE0, 0x00, 0x0E, 0x00,
    0x00, 0xE0, 0x00, 0x00, 0x00, 0x00, 0x00, 0x00, 0x00, 0x00, 0xE3, 0x80, 0x7E, 0x38, 0x07, 0xE3,
    0x80, 0x7E, 0x38, 0x07, 0xE3, 0x80, 0x7E, 0x38, 0x07, 0xE3, 0x80, 0x7E, 0x38, 0x07, 0xE3, 0x80,
    0x7E, 0x38, 0x07, 0xE3, 0x80, 0x7E, 0x38, 0x07, 0xFF, 0xFF, 0xF7, 0xFF, 0xFF, 0x0E, 0x00, 0x38,
    0x00, 0xE0, 0x00, 0x00, 0x00, 0x00, 0x00, 0x0F, 0xFF, 0xFF, 0xFF, 0xE1, 0xC3, 0x87, 0x0E, 0x1C,
    0x38, 0x70, 0xE1, 0xC3, 0x87, 0x0E, 0x1C, 0x38, 0x70, 0xE1, 0xC3, 0x87, 0x0E, 0x1C, 0x38, 0xF0,
    0x07, 0x80, 0x3C, 0x01, 0xE0, 0x0F, 0x00, 0x38, 0x00, 0x00, 0x00, 0x00, 0xE0, 0x00, 0x1C, 0x00,
    0x03, 0x80, 0x00, 0x00, 0x00, 0x00, 0x00, 0x00, 0x00, 0x0F, 0xCF, 0xC1, 0xFF, 0xFC, 0x7B, 0xF3,
    0xCE, 0x3C, 0x3D, 0xC7, 0x03, 0xB8, 0xE0, 0x77, 0x1C, 0x0E, 0xE3, 0x81, 0xDC, 0x70, 0x3B, 0x8E,
    0x07, 0x71, 0xC0, 0xEE, 0x38, 0x1D, 0xC7, 0x03, 0xB8, 0xE0, 0xE0, 0x00, 0x3C, 0x00, 0x7F, 0x1F,
    0xFF, 0xC7, 0xFF, 0xE0, 0xF0, 0x00, 0x1C, 0x00, 0x03, 0x80, 0x00, 0x70, 0x00, 0x00, 0x00, 0x38,
    0x00, 0x00, 0x70, 0x00, 0x00, 0xE0, 0x00, 0x00, 0x00, 0x00, 0x00, 0x00, 0x00, 0x00, 0x06, 0x03,
    0xF8, 0x1C, 0x1F, 0xFC, 0x3C, 0x7C, 0x78, 0x38, 0xE0, 0x38, 0x3B, 0x80, 0x70, 0x77, 0xF8, 0xE0,
    0xEF, 0xF9, 0xC1, 0xDE, 0xF3, 0x81, 0xF8, 0xF7, 0x03, 0xF0, 0xE7, 0x0E, 0xE3, 0x8E, 0x1D, 0xE7,
    0x1E, 0x79, 0xFE, 0x1F, 0xE1, 0xF8, 0x1F, 0x80, 0x00, 0x38, 0x00, 0x00, 0x1C, 0x00, 0x00, 0x0E,
    0x00, 0x00, 0x00, 0x00, 0x00, 0x00, 0x00, 0x00, 0x00, 0x00, 0x00, 0x3F, 0xBF, 0xFE, 0x7F, 0xFF,
    0xFF, 0x7C, 0x3E, 0x38, 0x38, 0x0F, 0x1C, 0x38, 0x03, 0x8E, 0x1F, 0xE1, 0xC7, 0x0F, 0xF8, 0xE3,
    0x87, 0xBC, 0x71, 0xC3, 0x8F, 0x38, 0xE1, 0xC3, 0x9C, 0x70, 0xE3, 0x8E, 0x38, 0x79, 0xC7, 0x1C,
    0x1F, 0xE3, 0x8E, 0x07, 0xE1, 0xC7, 0x00, 0x00, 0xE0, 0x00, 0x1C, 0x00, 0x03, 0x80, 0x00, 0x00,
    0x00, 0x00, 0x00, 0x00, 0x00, 0x38, 0x0F, 0xC7, 0x03, 0xFC, 0xE0, 0x73, 0xDC, 0x0E, 0x3B, 0x83,
    0x87, 0x70, 0x70, 0xEE, 0x0E, 0x0F, 0xC1, 0xC1, 0xF8, 0x38, 0x3F, 0x07, 0x0E, 0xE0, 0xE1, 0xDC,
    0x1C, 0x7B, 0xFF, 0xFE, 0x7F, 0xFF, 0x80, 0x0E, 0x00, 0xF8, 0xE0, 0x3F, 0x1F, 0xE7, 0x81, 0xFC,
    0xE0, 0x38, 0x1E, 0x1E, 0x03, 0xFF, 0x80, 0x3F, 0xE0, 0x00, 0x00, 0x38, 0x00, 0x00, 0x70, 0x00,
    0x00, 0xE0, 0x00, 0x00, 0x00, 0x00, 0x00, 0x00, 0x00, 0x00, 0x00, 0x03, 0xFC, 0x03, 0x9F, 0xFC,
    0x07, 0x7C, 0x3C, 0x0E, 0xE0, 0x3C, 0x1F, 0x80, 0x38, 0x3F, 0xF8, 0x70, 0x7F, 0xF8, 0xE0, 0xFE,
    0xF1, 0xC1, 0xF8, 0xF3, 0x83, 0xF0, 0xE7, 0x07, 0xE3, 0x8E, 0x0F, 0xE7, 0x38, 0x1D, 0xFE, 0x7F,
    0xF9, 0xF8, 0xFF, 0xF0, 0x00, 0x1C, 0x00, 0x00, 0x0E, 0x00, 0x00, 0x07, 0x00, 0x00, 0x00, 0x00,
    0x00, 0x00, 0x00, 0x00, 0x00, 0x00, 0x03, 0x83, 0xFF, 0xFF, 0xC1, 0xFF, 0xFF, 0xE0, 0xE3, 0x83,
    0xF0, 0x71, 0xC1, 0xF8, 0x38, 0xE0, 0xFC, 0x1C, 0x70, 0x7E, 0x0E, 0x38, 0x3F, 0x07, 0x1C, 0x1F,
    0x83, 0x8E, 0x0F, 0xC1, 0xC7, 0x07, 0xE0, 0xE3, 0x83, 0xF8, 0xF1, 0xE3, 0xDF, 0xF0, 0x7F, 0xC7,
    0xF0, 0x1F, 0xC0, 0x00, 0x03, 0x80, 0x00, 0x00, 0x07, 0x00, 0x00, 0x00, 0x0E, 0x00, 0x00, 0x00,
    0x00, 0x00, 0x00, 0x00, 0x00, 0x00, 0x00, 0x00, 0x00, 0x00, 0x03, 0xFC, 0x07, 0xC0, 0x1F, 0xFC,
    0x1F, 0xC0, 0x7C, 0x3C, 0x73, 0x80, 0xE0, 0x3C, 0xC3, 0x83, 0x80, 0x39, 0x87, 0x07, 0xF8, 0x73,
    0x9C, 0xFF, 0xF8, 0xE7, 0xBF, 0xFE, 0xF1, 0xC7, 0xFF, 0xF8, 0xF3, 0x87, 0xFF, 0xF0, 0xE7, 0x01,
    0xE7, 0xE3, 0x8E, 0x07, 0x0F, 0xE7, 0x3C, 0x0E, 0x1D, 0xFE, 0x7F, 0xFF, 0xF9, 0xF8, 0xFF, 0xFF,
    0xF0, 0x00, 0x00, 0xE0, 0x00, 0x00, 0x01, 0xC0, 0x00, 0x00, 0x03, 0x80, 0x00, 0x00, 0x07, 0x00,
    0x00, 0x00, 0x1C, 0x00, 0x00, 0x00, 0x38, 0x00, 0x00, 0x00, 0x70, 0x00, 0x00, 0x07, 0x00, 0x00,
    0x00, 0x1C, 0x00, 0x00, 0x00, 0x70, 0x00, 0x00, 0x00, 0x00, 0x00, 0x00, 0x00, 0x00, 0x00, 0x00,
    0x00, 0x01, 0x80, 0xFE, 0x3E, 0x0E, 0x0F, 0xFD, 0xFC, 0x3C, 0x7C, 0x7F, 0x38, 0x71, 0xC0, 0x78,
    0xE0, 0xEE, 0x01, 0xE3, 0x83, 0xBF, 0xC3, 0x8E, 0x0E, 0xFF, 0x8E, 0x38, 0x3B, 0xDE, 0x38, 0xE0,
    0x7E, 0x3C, 0xE3, 0x81, 0xF8, 0x73, 0x87, 0x0E, 0xE3, 0x8E, 0x1C, 0x3B, 0xCE, 0x38, 0x79, 0xE7,
    0xF8, 0xE0, 0xFF, 0x0F, 0xC3, 0x81, 0xF8, 0x00, 0x00, 0x38, 0x00, 0x00, 0x00, 0x00, 0xE0, 0x00,
    0x00, 0x00, 0x03, 0x80, 0x00, 0x00, 0x00, 0x00, 0x00, 0x00, 0x00, 0x00, 0x00, 0x00, 0x00, 0x00,
    0x00, 0x00, 0x00, 0x00, 0xFF, 0x00, 0x7C, 0x7E, 0x0F, 0xFE, 0x03, 0xFF, 0xFC, 0x7C, 0x3C, 0x0E,
    0x7C, 0x79, 0xC0, 0x78, 0x39, 0xE0, 0xFE, 0x00, 0xE1, 0xC3, 0x81, 0xFF, 0xC3, 0x87, 0x0E, 0x07,
    0xFF, 0x8E, 0x1C, 0x38, 0x1F, 0xDE, 0x38, 0x70, 0xE0, 0x7E, 0x3C, 0xE1, 0xC3, 0x81, 0xF8, 0x73,
    0x87, 0x0E, 0x07, 0xE3, 0x8E, 0x1C, 0x38, 0x1F, 0xCE, 0x70, 0x70, 0xE0, 0x77, 0xF9, 0xFF, 0xC3,
    0x81, 0xCF, 0xC7, 0xFF, 0x0E, 0x0E, 0x00, 0x00, 0x00, 0x00, 0x78, 0x00, 0x00, 0x00, 0x1F, 0xC7,
    0xFF, 0xFF, 0xFF, 0xFE, 0x3F, 0xFF, 0xFF, 0xFF, 0xE0, 0xF0, 0x00, 0x00, 0x00, 0x03, 0x80, 0x00,
    0x00, 0x00, 0x0E, 0x00, 0x00, 0x00, 0x00, 0x38, 0x00, 0x00, 0x00, 0x00, 0x00, 0x00, 0x0E, 0x00,
    0x00, 0x00, 0x00, 0x00, 0xE0, 0x00, 0x00, 0x00, 0x00, 0x0E, 0x00, 0x00, 0x00, 0x00, 0x00, 0x00,
    0x00, 0x00, 0x00, 0x00, 0x00, 0x00, 0x00, 0x00, 0x00, 0x00, 0x00, 0x00, 0x00, 0x3F, 0xFF, 0x00,
    0x01, 0xF8, 0x03, 0xFF, 0xF0, 0x00, 0x3F, 0xC0, 0x38, 0x70, 0x3F, 0x83, 0x9C, 0x03, 0x87, 0x07,
    0xFE, 0x30, 0xE0, 0x38, 0x70, 0xF1, 0xE7, 0x0E, 0x03, 0xFF, 0xFF, 0x8F, 0x39, 0xCF, 0x7F, 0xFF,
    0xFC, 0x73, 0xDF, 0xFF, 0x87, 0x1F, 0xE7, 0x1F, 0xFF, 0xE0, 0x73, 0x8E, 0x70, 0xFF, 0xFE, 0x0E,
    0x38, 0xE7, 0x01, 0xE7, 0xE0, 0xE1, 0xCE, 0x70, 0x38, 0x7F, 0x1E, 0x1C, 0xE7, 0x03, 0x87, 0x7F,
    0xC1, 0xFE, 0xFF, 0xFF, 0xF3, 0xF8, 0x0F, 0xCF, 0xFF, 0xFF, 0x00, 0x00, 0x00, 0x00, 0x70, 0x00,
    0x00, 0x00, 0x00, 0x07, 0x00, 0x00, 0x00, 0x00, 0x00, 0x70, 0x00, 0x00, 0x00, 0x00, 0x07, 0x00,
    0x00, 0x00, 0x00, 0x00, 0xE0, 0x00, 0x00, 0x00, 0x00, 0x0E, 0x00, 0x00, 0x00, 0x00, 0x00, 0xE0,
    0x00, 0x00, 0x0F, 0xC0, 0x03, 0xFF, 0x00, 0x3F, 0xF0, 0x07, 0xE7, 0x00, 0x7F, 0x70, 0x0E, 0x7F,
    0x00, 0xE3, 0xE0, 0x06, 0x00, 0x3F, 0xFF, 0x03, 0xFF, 0xF0, 0x38, 0x70, 0x03, 0x87, 0x00, 0x38,
    0x70, 0x03, 0xFF, 0xF0, 0x7F, 0xFF, 0x8F, 0x87, 0x7C, 0xE0, 0x71, 0xCE, 0x0E, 0x0E, 0xE0, 0xE0,
    0xEF, 0x1E, 0x1C, 0x7F, 0xDF, 0xC3, 0xF9, 0xF8, 0x18, 0xFF, 0xFC, 0x3C, 0xFF, 0xFC, 0x38, 0xE3,
    0x80, 0x70, 0xE3, 0x80, 0x70, 0xE3, 0x80, 0xF0, 0xFF, 0xF0, 0xE1, 0xFF, 0xFC, 0xE3, 0xE3, 0xFE,
    0xE3, 0x83, 0x8E, 0xE7, 0x03, 0x87, 0xE3, 0x83, 0x87, 0xE3, 0xC7, 0x87, 0xE3, 0xFF, 0x07, 0xE0,
    0xFE, 0x07, 0xE0, 0x00, 0x07, 0x70, 0x00, 0x07, 0x70, 0x00, 0x0F, 0x38, 0x00, 0x1E, 0x3E, 0x00,
    0x3C, 0x1F, 0xE1, 0xF8, 0x07, 0xFF, 0xF0, 0x01, 0xFF, 0x80, 0x3F, 0xFF, 0x00, 0x00, 0x3F, 0xFF,
    0x00, 0x00, 0x38, 0x70, 0x3F, 0x80, 0x38, 0x70, 0x7F, 0xE0, 0x38, 0x70, 0xF1, 0xE0, 0x3F, 0xFF,
    0xF8, 0xF0, 0x7F, 0xFF, 0xFC, 0x70, 0xF8, 0x71, 0xFE, 0x70, 0xE0, 0x73, 0x8E, 0x70, 0xE0, 0xE3,
    0x8E, 0x70, 0xE0, 0xE1, 0xCE, 0x70, 0xF1, 0xE1, 0xCE, 0x70, 0x7F, 0xC1, 0xFE, 0x7F, 0x3F, 0x80,
    0xFC, 0x7F, 0x00, 0x00, 0xFE, 0x00, 0x01, 0xFF, 0x80, 0x01, 0xFD, 0xE0, 0x00, 0xEE, 0xF0, 0x00,
    0x77, 0xF0, 0x00, 0x39, 0xF0, 0x00, 0x1C, 0x01, 0xFF, 0xEE, 0x38, 0xFF, 0xF3, 0xDC, 0x71, 0xC1,
    0xFE, 0x38, 0xE0, 0x3F, 0x1C, 0x70, 0x03, 0x8E, 0x3F, 0xE1, 0xC7, 0x1F, 0xF8, 0xE3, 0x8F, 0x1C,
    0x71, 0xC7, 0x0E, 0x38, 0xE3, 0x87, 0x1C, 0x71, 0x83, 0x8E, 0x38, 0x01, 0xC7, 0x1C, 0x7F, 0xFF,
    0x8E, 0x3F, 0xFF, 0xC0, 0xFF, 0xF8, 0x1F, 0xFF, 0xE0, 0x7E, 0x38, 0x01, 0xF8, 0xE0, 0x07, 0xE3,
    0x80, 0x1F, 0x8F, 0xF8, 0x7E, 0x3F, 0xF1, 0xF8, 0xF1, 0xC7, 0xE3, 0x87, 0x1F, 0x8E, 0x1C, 0x7E,
    0x30, 0x71, 0xF8, 0x01, 0xC7, 0xE3, 0xFF, 0xFF, 0x8F, 0xFF, 0xF0, 0x00, 0x01, 0xC0, 0x00, 0x07,
    0x00, 0x00, 0x1C, 0x00, 0x00, 0x70, 0x00, 0x01, 0xC0, 0x00, 0x07, 0x00, 0x00, 0x1C, 0xFF, 0xF8,
    0x1C, 0x0F, 0xFF, 0x81, 0xC0, 0xE3, 0x80, 0x1C, 0x0E, 0x38, 0x01, 0xC0, 0xE3, 0x80, 0x1C, 0x0E,
    0x3F, 0xC1, 0xC0, 0xE3, 0xFF, 0x1C, 0x0E, 0x3C, 0xF1, 0xC0, 0xE3, 0x87, 0x1C, 0x0E, 0x38, 0x71,
    0xC0, 0xE3, 0x87, 0x1C, 0x0E, 0x00, 0x71, 0xC0, 0xE3, 0xFF, 0xFF, 0xEE, 0x3F, 0xFF, 0xFF, 0x00,
    0x00, 0x1C, 0x70, 0x00, 0x01, 0xC7, 0x7F, 0x00, 0x1C, 0x7F, 0xF0, 0x01, 0xC7, 0xE0, 0x00, 0x01,
    0xEF, 0x80, 0x01, 0xFE, 0x7F, 0xFF, 0xFF, 0x81, 0xFF, 0xFF, 0xC0, 0x00, 0x3F, 0x00, 0x3F, 0xF0,
    0x0F, 0xFC, 0x07, 0xF3, 0x01, 0xDE, 0xC0, 0xE3, 0xF0, 0x38, 0xF8, 0x07, 0x00, 0x3F, 0xFF, 0x0F,
    0xFF, 0xC3, 0x87, 0x00, 0xE1, 0xC0, 0x38, 0x70, 0x0F, 0xFF, 0xC7, 0xFF, 0xF3, 0xE1, 0xC0, 0xE0,
    0x70, 0x38, 0x38, 0x0E, 0x0E, 0x03, 0xC7, 0x80, 0x7F, 0xC0, 0x0F, 0xE0, 0x00, 0x3F, 0xFF, 0x83,
    0xFF, 0xF8, 0x38, 0x70, 0x03, 0x87, 0x00, 0x38, 0x70, 0x03, 0xFF, 0xFF, 0x7F, 0xFF, 0xFF, 0x87,
    0x38, 0xE0, 0x73, 0x8E, 0x0E, 0x38, 0xE0, 0xE3, 0x8F, 0x1E, 0x38, 0x7F, 0xC3, 0x83, 0xF8, 0x38,
    0x18, 0xFF, 0xFC, 0x03, 0xCF, 0xFF, 0xC0, 0x38, 0xE3, 0x80, 0x07, 0x0E, 0x38, 0x00, 0x70, 0xE3,
    0x80, 0x0E, 0x0F, 0xFF, 0xFC, 0xE1, 0xFF, 0xFF, 0xCE, 0x3E, 0x38, 0xE0, 0xE3, 0x83, 0x8E, 0x0E,
    0x70, 0x38, 0xFC, 0xE3, 0x83, 0x8F, 0xFE, 0x3C, 0x78, 0xEF, 0xE3, 0xFF, 0x0E, 0x7E, 0x0F, 0xE0,
    0xE7, 0xE0, 0x00, 0x00, 0x77, 0x00, 0x00, 0x07, 0x78, 0x00, 0x00, 0xF3, 0xC0, 0x00, 0x1E, 0x1F,
    0x00, 0x03, 0xC0, 0xFF, 0x07, 0xF8, 0x03, 0xFF, 0xFE, 0x00, 0x0F, 0xFF, 0x80, 0x00, 0x00, 0xFE,
    0x00, 0x01, 0xFF, 0x80, 0x00, 0xFF, 0xC0, 0x00, 0xE7, 0x70, 0x00, 0x73, 0xB0, 0x00, 0x39, 0xF8,
    0x00, 0x1C, 0x78, 0x3F, 0x8F, 0xE0, 0x7F, 0xEF, 0xF8, 0x3F, 0x7F, 0x1E, 0x3B, 0xCF, 0x07, 0x1C,
    0xE7, 0x81, 0xCE, 0x3B, 0xC0, 0xE7, 0x1C, 0xE0, 0x73, 0xDC, 0x70, 0x38, 0xFE, 0x38, 0x38, 0x3E,
    0x18, 0x3C, 0x00, 0x00, 0xFC, 0x07, 0xFF, 0xFC, 0x0F, 0xFF, 0xF8, 0x07, 0x80, 0x00, 0x07, 0x00,
    0x0F, 0x03, 0x80, 0x1F, 0xE1, 0xC0, 0x3F, 0xF8, 0xE0, 0x3F, 0x8C, 0x70, 0x3D, 0xC7, 0x3C, 0x3C,
    0xE7, 0x0F, 0xFC, 0x7F, 0x83, 0xF8, 0x1F, 0x80, 0x00, 0x00, 0x0F, 0xE0, 0x00, 0x01, 0xFF, 0x00,
    0x00, 0x3F, 0xF0, 0x00, 0x07, 0xBF, 0x00, 0x00, 0x73, 0xF0, 0x00, 0x07, 0x3F, 0x00, 0x00, 0x71,
    0xE0, 0x00, 0x07, 0x00, 0x18, 0x3F, 0xFF, 0x83, 0x87, 0xFF, 0xF8, 0x78, 0xF8, 0x70, 0x07, 0x1E,
    0x07, 0x00, 0x73, 0xC0, 0x70, 0x0E, 0x38, 0x07, 0x00, 0xE3, 0xFC, 0x7F, 0x8E, 0x3F, 0xE7, 0xFC,
    0xE3, 0x8E, 0x79, 0xEE, 0x38, 0x77, 0x0E, 0xE3, 0x87, 0x70, 0xEE, 0x3C, 0xE7, 0x07, 0xE1, 0xFE,
    0x70, 0x7E, 0x0F, 0xC7, 0x0E, 0xF0, 0x00, 0x00, 0xE7, 0x00, 0x00, 0x0E, 0x78, 0x00, 0x01, 0xE3,
    0xC0, 0x00, 0x3C, 0x1F, 0x00, 0x0F, 0x80, 0xFF, 0x0F, 0xF0, 0x03, 0xFF, 0xFC, 0x00, 0x0F, 0xFF,
    0x00, 0x07, 0xFF, 0xE0, 0x71, 0xFF, 0xFE, 0x07, 0x3E, 0x0E, 0x00, 0x77, 0x80, 0xE0, 0x07, 0xF0,
    0x0E, 0x00, 0x7E, 0x00, 0xE0, 0x07, 0xFF, 0x8F, 0xF0, 0x7F, 0xFC, 0xFF, 0x87, 0xF3, 0xCE, 0x3C,
    0x7E, 0x1C, 0xE1, 0xC7, 0xE1, 0xCE, 0x1C, 0x7F, 0x1C, 0xE1, 0xC7, 0x7F, 0xCE, 0x1C, 0x73, 0xF0,
    0xE1, 0xC7, 0x00, 0x00, 0x1C, 0x70, 0x00, 0x03, 0xC7, 0xFF, 0xFF, 0xFF, 0xFF, 0xFF, 0xFF, 0xFF,
    0xE0, 0x01, 0xF0, 0x0F, 0x83, 0xFC, 0x00, 0x7F, 0xFF, 0x80, 0x01, 0xFF, 0xC0, 0x00, 0x07, 0xFF,
    0xE0, 0x7F, 0xFE, 0x3F, 0xFF, 0xC0, 0xFF, 0xFC, 0xF8, 0x38, 0x01, 0xC7, 0x03, 0xC0, 0x70, 0x03,
    0x8E, 0x0F, 0x00, 0xE0, 0x07, 0x1C, 0x1C, 0x01, 0xC0, 0x0E, 0x38, 0x3F, 0xE3, 0xFC, 0x1C, 0x70,
    0x7F, 0xE7, 0xFC, 0x38, 0xE0, 0xF3, 0xCE, 0x3C, 0x71, 0xC1, 0xC3, 0x9C, 0x38, 0xE3, 0x83, 0x87,
    0x38, 0x71, 0xC7, 0x07, 0x8E, 0x70, 0xE3, 0x8E, 0x07, 0xFC, 0xE1, 0xC7, 0x1C, 0x07, 0xE1, 0xC3,
    0x8E, 0x38, 0x00, 0x00, 0x07, 0x1C, 0x70, 0x00, 0x00, 0x1E, 0x38, 0xE0, 0xFF, 0xFF, 0xFF, 0xF1,
    0xC1, 0xFF, 0xFF, 0xFF, 0xE3, 0x83, 0x80, 0x07, 0xC0, 0x00, 0x07, 0xC1, 0xFE, 0x00, 0x00, 0x07,
    0xFF, 0xF8, 0x00, 0x00, 0x03, 0xFF, 0x80, 0x00, 0x00, 0x00, 0xE0, 0x00, 0x38, 0x00, 0x0E, 0x0F,
    0x83, 0x8F, 0xF0, 0xE3, 0xDC, 0x38, 0xE7, 0x0E, 0x71, 0xC3, 0x9C, 0x70, 0xE3, 0x9C, 0x38, 0xE7,
    0x0E, 0x1D, 0xC3, 0x87, 0xE0, 0xFF, 0xFF, 0xFF, 0xFF, 0xF0, 0x03, 0x80, 0x01, 0xC0, 0x00, 0x70,
    0x00, 0x1C, 0x00, 0x06, 0x00, 0x03, 0x80, 0x00, 0xE0, 0x00, 0x00, 0x00, 0xE0, 0x00, 0x38, 0x00,
    0x0E, 0x0F, 0xC3, 0x87, 0xFC, 0xE3, 0xF7, 0x39, 0xDD, 0xCE, 0x77, 0x73, 0x9D, 0xFC, 0xE7, 0x3E,
    0x39, 0xC0, 0x0E, 0x70, 0x03, 0x8E, 0x00, 0xFF, 0xFF, 0xFF, 0xFF, 0xF0, 0x01, 0xFF, 0x00, 0x0F,
    0xFF, 0x00, 0xFC, 0x3E, 0x07, 0x80, 0x3C, 0x3C, 0x00, 0x70, 0xE0, 0x00, 0xE7, 0x80, 0x03, 0x9C,
    0x70, 0x0E, 0x71, 0xC0, 0x3B, 0x87, 0x00, 0xFE, 0x1C, 0x01, 0xF8, 0x70, 0x07, 0xE1, 0xC0, 0x1F,
    0x87, 0xF8, 0x7E, 0x1F, 0xF1, 0xF8, 0x71, 0xE7, 0xE1, 0xC3, 0x9F, 0x87, 0x0E, 0x7E, 0x1C, 0x39,
    0xF8, 0x70, 0xE7, 0xE1, 0xC3, 0x9F, 0x80, 0x0E, 0x07, 0x00, 0x38, 0x1C, 0x00, 0xE0, 0x38, 0x07,
    0x00, 0x78, 0x7C, 0x00, 0xFF, 0xE0, 0x01, 0xFE, 0x00, 0x00, 0xFF, 0x80, 0x1F, 0xFF, 0x03, 0xF0,
    0x7C, 0x3E, 0x00, 0xE1, 0xC0, 0x3F, 0x9C, 0x03, 0xFD, 0xE0, 0x1C, 0xEE, 0x39, 0xC7, 0x71, 0xCE,
    0x3F, 0x0E, 0x3B, 0xF8, 0x71, 0xFD, 0xC3, 0x87, 0xCE, 0x1C, 0x00, 0x70, 0xFF, 0x03, 0x87, 0xFC,
    0x1C, 0x38, 0xF0, 0xE1, 0xC3, 0x87, 0x0E, 0x1C, 0x38, 0x70, 0xE1, 0xC3, 0x87, 0x0E, 0x1C, 0x38,
    0x70, 0x01, 0xC1, 0xC0, 0x0E, 0x0E, 0x00, 0x70, 0x38, 0x07, 0x00, 0xF0, 0xF8, 0x03, 0xFF, 0x80,
    0x0F, 0xF0, 0x00, 0x00, 0x00, 0x00, 0x00, 0x7F, 0x00, 0x00, 0x00, 0x00, 0x7F, 0xC0, 0x00, 0x00,
    0x00, 0x7F, 0xE0, 0x00, 0x00, 0x00, 0x7F, 0x30, 0x00, 0x00, 0x00, 0x3B, 0xD8, 0x00, 0x00, 0x00,
    0x1C, 0xFC, 0x00, 0x00, 0x00, 0x0E, 0x7C, 0x00, 0x00, 0x00, 0x07, 0x00, 0x0F, 0xF8, 0xFF, 0x1F,
    0xFF, 0x0F, 0xFF, 0xFF, 0xFF, 0xFF, 0x8F, 0x03, 0xE0, 0x7C, 0x1C, 0x0E, 0x01, 0xF8, 0x7F, 0x0E,
    0x0E, 0x00, 0xFC, 0x3B, 0x87, 0x07, 0xF8, 0xE7, 0x38, 0xE3, 0x83, 0xFE, 0x73, 0x9C, 0x71, 0xC1,
    0xEF, 0x39, 0xCE, 0x38, 0xE0, 0xE3, 0xDC, 0x77, 0x1C, 0x70, 0x70, 0xEE, 0x3B, 0x8E, 0x38, 0x38,
    0xE7, 0x39, 0xC7, 0x1C, 0x1E, 0x73, 0x9C, 0xF3, 0x8E, 0x07, 0xF8, 0xFE, 0x3F, 0x87, 0x01, 0xF8,
    0x7E, 0x0F, 0x83, 0x80, 0x07, 0xFC, 0x7F, 0xBF, 0xC0, 0xE3, 0xFF, 0xFF, 0xFF, 0xFC, 0x1C, 0xF8,
    0x3F, 0x07, 0xC3, 0xC3, 0xB8, 0x03, 0xE0, 0xF8, 0x38, 0x7E, 0x00, 0x6E, 0x1B, 0x83, 0x8F, 0xFE,
    0x1C, 0xE7, 0x38, 0x71, 0xFF, 0xE3, 0x9C, 0xE7, 0x0E, 0x3F, 0x9E, 0x63, 0x98, 0xE1, 0xC7, 0xE1,
    0xDC, 0x77, 0x1C, 0x38, 0xFC, 0x3B, 0x8E, 0xE3, 0x87, 0x1F, 0x87, 0x39, 0xCE, 0x70, 0xE3, 0xF8,
    0xE7, 0x39, 0xCE, 0x1C, 0x77, 0xF8, 0xFF, 0x3F, 0xC3, 0x8E, 0x7E, 0x0F, 0xC3, 0xF0, 0xE1, 0xC0,
    0x00, 0x00, 0x00, 0x1C, 0x38, 0x00, 0x00, 0x00, 0x07, 0x07, 0xFF, 0xFF, 0xFF, 0xFF, 0xFF, 0xFF,
    0xFF, 0xFF, 0xFF, 0xFF, 0xFF, 0x80, 0x00, 0x00, 0x7E, 0x00, 0x7C, 0x00, 0x01, 0xFF, 0x00, 0x07,
    0xFF, 0xFF, 0xFF, 0x80, 0x00, 0x3F, 0xFF, 0xFF, 0x00, 0x00, 0x00, 0x07, 0xFC, 0x7F, 0xBF, 0xC0,
    0xFF, 0xFC, 0x7F, 0xFF, 0xFF, 0xFF, 0x83, 0xFF, 0xF3, 0xE0, 0xFC, 0x1F, 0x0F, 0x0E, 0x1C, 0x1C,
    0x01, 0xF0, 0x7E, 0x1C, 0x38, 0x70, 0xE0, 0x0E, 0xE1, 0xB8, 0x38, 0xE1, 0xC3, 0xFC, 0x39, 0xCE,
    0x70, 0xE3, 0x87, 0x0F, 0xF8, 0xE7, 0x39, 0xC3, 0x8E, 0x1C, 0x3C, 0xF3, 0x1C, 0xC7, 0x0E, 0x38,
    0x70, 0xE1, 0xDC, 0x77, 0x1C, 0x38, 0xE1, 0xC3, 0x87, 0x71, 0xDC, 0x70, 0xE3, 0x87, 0x0E, 0x1C,
    0xE7, 0x39, 0xC3, 0x8E, 0x1C, 0x3C, 0x73, 0x9C, 0xE7, 0x0E, 0x38, 0x70, 0x7F, 0x8F, 0xF3, 0xFC,
    0x38, 0xE1, 0xC0, 0xFC, 0x1F, 0x87, 0xE1, 0xC3, 0x87, 0x00, 0x00, 0x00, 0x00, 0x07, 0x0E, 0x1C,
    0x00, 0x00, 0x00, 0x00, 0x38, 0x38, 0x70, 0xFF, 0xFF, 0xFF, 0xFF, 0xFF, 0xE1, 0xC3, 0xFF, 0xFF,
    0xFF, 0xFF, 0xFF, 0x87, 0x0E, 0x00, 0x00, 0x01, 0xF8, 0x00, 0x00, 0x3E, 0x00, 0x00, 0xFF, 0x80,
    0x00, 0x00, 0x7F, 0xFF, 0xFF, 0xF8, 0x00, 0x00, 0x00, 0x7F, 0xFF, 0xFE, 0x00, 0x00, 0x00, 0x00,
    0x00, 0x0F, 0xC0, 0x03, 0xFF, 0x00, 0x3F, 0xF0, 0x07, 0xE7, 0x00, 0x7F, 0x70, 0x0E, 0x7F, 0x00,
    0xE3, 0xE0, 0x06, 0x00, 0x3F, 0xFF, 0x03, 0xFF, 0xF0, 0x38, 0x70, 0x03, 0x87, 0x00, 0x38, 0x70,
    0x03, 0xFF, 0xE0, 0x7F, 0xFF, 0x8F, 0x87, 0xFC, 0xE0, 0x71, 0xCE, 0x0E, 0x1C, 0xE0, 0xE0, 0xEF,
    0x1E, 0x0E, 0x7F, 0xC1, 0xC3, 0xF8, 0x1C, 0x00, 0x03, 0xC0, 0x03, 0xF8, 0x7F, 0xFF, 0x0F, 0xFF,
    0xC0, 0xF0, 0x00, 0x0E, 0x00, 0x00, 0xE0, 0x00, 0x0E, 0x00, 0x00, 0x1F, 0xFF, 0x03, 0x8F, 0xFF,
    0x81, 0xC7, 0x1C, 0x00, 0xE3, 0x8E, 0x00, 0x71, 0xC7, 0x00, 0x38, 0xFF, 0xF0, 0x1D, 0xFF, 0xFC,
    0x0F, 0xF0, 0xFF, 0x07, 0xE0, 0x73, 0xC3, 0xF0, 0x70, 0xE1, 0xF8, 0x38, 0x70, 0xFE, 0x3C, 0x1C,
    0x77, 0xFC, 0x0E, 0x39, 0xFC, 0x06, 0x1C, 0x00, 0x07, 0x0E, 0x00, 0x03, 0x87, 0xFF, 0xFF, 0xFF,
    0xFF, 0xFF, 0xFF, 0xF8, 0x01, 0xE0, 0x1F, 0x0F, 0xE0, 0x07, 0xFF, 0xC0, 0x01, 0xFF, 0x80, 0x00,
    0x1F, 0xFF, 0x03, 0xFF, 0xE3, 0xFF, 0xE0, 0x7F, 0xFC, 0x71, 0xC0, 0x0E, 0x38, 0x0E, 0x38, 0x01,
    0xC7, 0x01, 0xC7, 0x00, 0x38, 0xE0, 0x3F, 0xFC, 0x07, 0x1C, 0x1F, 0xFF, 0xC0, 0xE3, 0x87, 0xC3,
    0xFC, 0x1C, 0x70, 0xE0, 0x73, 0xC3, 0x8E, 0x1C, 0x1C, 0x38, 0x71, 0xC3, 0x83, 0x87, 0x0E, 0x38,
    0x78, 0xF0, 0x71, 0xC7, 0x07, 0xFC, 0x0E, 0x38, 0xE0, 0x7F, 0x01, 0x87, 0x1C, 0x00, 0x00, 0x70,
    0xE3, 0x80, 0x00, 0x0E, 0x1C, 0x70, 0xFF, 0xFF, 0xFF, 0x8E, 0x1F, 0xFF, 0xFF, 0xF1, 0xC3, 0x80,
    0x1E, 0x00, 0x00, 0x7C, 0x3F, 0x80, 0x00, 0x07, 0xFF, 0xC0, 0x00, 0x00, 0x7F, 0xE0, 0x00, 0x00,
    0x00, 0x00, 0x3F, 0x80, 0x1F, 0xF8, 0x07, 0xE7, 0x80, 0xFE, 0xF0, 0x1D, 0xFC, 0x03, 0xBF, 0x00,
    0x70, 0x03, 0xFF, 0xE0, 0x7F, 0xFC, 0x0E, 0x38, 0x01, 0xC7, 0x00, 0x38, 0xE0, 0x07, 0x1F, 0xE0,
    0xE3, 0xFE, 0x1C, 0x79, 0xE3, 0x8E, 0x1C, 0x71, 0xC3, 0x8E, 0x38, 0x39, 0xC7, 0x07, 0x38, 0xE1,
    0xC7, 0x1C, 0x38, 0x00, 0x0F, 0x00, 0x0F, 0xC3, 0xFF, 0xF0, 0xFF, 0xF8, 0x1E, 0x00, 0x03, 0x80,
    0x00, 0x70, 0x00, 0x0E, 0x00, 0x00, 0x7F, 0xFC, 0x07, 0x7F, 0xFC, 0x07, 0x71, 0xC0, 0x07, 0x71,
    0xC0, 0x07, 0x71, 0xC0, 0x07, 0x71, 0xFE, 0x07, 0x71, 0xFF, 0x07, 0x71, 0xE7, 0x87, 0x71, 0xC3,
    0x87, 0x71, 0xC3, 0x87, 0x71, 0xC1, 0xC7, 0x71, 0xC1, 0xC7, 0x71, 0xC1, 0x87, 0x71, 0xC3, 0x87,
    0x00, 0x03, 0x87, 0x00, 0x03, 0x87, 0xFF, 0xFF, 0xFF, 0xFF, 0xFF, 0xFF, 0xE0, 0x0E, 0x00, 0xF0,
    0x7C, 0x00, 0x7F, 0xF8, 0x00, 0x3F, 0xE0, 0x00, 0x7F, 0xFC, 0x07, 0xFF, 0xDF, 0xFF, 0x01, 0xFF,
    0xF7, 0x1C, 0x00, 0x71, 0xC1, 0xC7, 0x00, 0x1C, 0x70, 0x71, 0xC0, 0x07, 0x1C, 0x1C, 0x7F, 0x81,
    0xC7, 0x07, 0x1F, 0xF0, 0x71, 0xC1, 0xC7, 0x9E, 0x1C, 0x70, 0x71, 0xC3, 0x87, 0x1C, 0x1C, 0x70,
    0xE1, 0xC7, 0x07, 0x1C, 0x1C, 0x71, 0xC1, 0xC7, 0x07, 0x1C, 0x70, 0x71, 0xC1, 0x87, 0x1C, 0x1C,
    0x70, 0xE1, 0xC7, 0x00, 0x00, 0x38, 0x71, 0xC0, 0x00, 0x0E, 0x1C, 0x70, 0xFF, 0xFF, 0xFF, 0x1C,
    0x3F, 0xFF, 0xFF, 0xC7, 0x0E, 0x00, 0xE0, 0x00, 0x03, 0xC1, 0xF0, 0x00, 0x00, 0x7F, 0xF8, 0x00,
    0x00, 0x0F, 0xF8, 0x00, 0x00, 0x00, 0x00, 0x00, 0x01, 0xFC, 0x00, 0x00, 0x03, 0xFE, 0x00, 0x00,
    0x07, 0xEE, 0x00, 0x00, 0x0F, 0xE7, 0x00, 0x00, 0x0E, 0xE6, 0x00, 0x00, 0x0E, 0xFE, 0x00, 0x00,
    0x0E, 0x7C, 0x00, 0x00, 0x0E, 0x00, 0x0F, 0xF8, 0xFF, 0xFC, 0x1F, 0xFF, 0xFF, 0xFC, 0x3C, 0x0F,
    0xC3, 0x80, 0x70, 0x0F, 0xC3, 0x80, 0xE0, 0x0F, 0xC3, 0x80, 0xFF, 0x1C, 0xE3, 0x80, 0xFF, 0x9C,
    0xE3, 0x80, 0xF7, 0x9C, 0xE3, 0x80, 0xE3, 0xDC, 0x73, 0x80, 0xE1, 0xDC, 0x73, 0x80, 0xE3, 0x9C,
    0xE3, 0x80, 0xF3, 0x9C, 0xE3, 0x80, 0x7F, 0x8F, 0xE3, 0x80, 0x3F, 0x0F, 0xC3, 0x80, 0x07, 0xFC,
    0xFE, 0x03, 0x8F, 0xFF, 0xFF, 0x81, 0xCF, 0x83, 0xF1, 0xE0, 0xEE, 0x00, 0xF8, 0x78, 0x7E, 0x00,
    0x6E, 0x1C, 0x3F, 0xF8, 0x73, 0x8E, 0x1F, 0xFE, 0x39, 0xC7, 0x0F, 0xE7, 0x98, 0xE1, 0xC7, 0xE1,
    0xDC, 0x70, 0xE3, 0xF0, 0xEE, 0x38, 0x71, 0xF8, 0x73, 0x9C, 0x70, 0xFE, 0x39, 0xCE, 0x38, 0x77,
    0xF8, 0xFF, 0x1C, 0x39, 0xF8, 0x3F, 0x0E, 0x1C, 0x00, 0x00, 0x0E, 0x0E, 0x00, 0x00, 0x0F, 0x07,
    0xFF, 0xFF, 0xFF, 0xFF, 0xFF, 0xFF, 0xFF, 0xFF, 0xF8, 0x00, 0x1F, 0x00, 0x1F, 0x81, 0xFF, 0x00,
    0x07, 0xFF, 0xFE, 0x00, 0x00, 0xFF, 0xF0, 0x00, 0x00, 0x07, 0xFC, 0xFE, 0x03, 0xFF, 0xF1, 0xFF,
    0xFF, 0xF0, 0x3F, 0xFF, 0x3E, 0x0F, 0xC7, 0x83, 0x8E, 0x07, 0x00, 0x7C, 0x3C, 0x38, 0xE0, 0xE0,
    0x06, 0xE1, 0xC3, 0x8E, 0x0F, 0xF0, 0xE7, 0x1C, 0x38, 0xE0, 0xFF, 0x8E, 0x71, 0xC3, 0x8E, 0x0F,
    0x3C, 0xC7, 0x0E, 0x38, 0xE0, 0xE1, 0xDC, 0x70, 0xE3, 0x8E, 0x0E, 0x1D, 0xC7, 0x0E, 0x38, 0xE0,
    0xE1, 0xCE, 0x71, 0xC3, 0x8E, 0x0F, 0x1C, 0xE7, 0x1C, 0x38, 0xE0, 0x7F, 0x8F, 0xF1, 0xC3, 0x8E,
    0x03, 0xF0, 0x7E, 0x1C, 0x38, 0xE0, 0x00, 0x00, 0x03, 0x83, 0x8E, 0x00, 0x00, 0x00, 0x78, 0x38,
    0xE0, 0xFF, 0xFF, 0xFF, 0xFF, 0x8E, 0x0F, 0xFF, 0xFF, 0xFF, 0xF8, 0xE0, 0xE0, 0x00, 0x7C, 0x00,
    0x00, 0x0F, 0xC0, 0xFF, 0x80, 0x00, 0x00, 0x7F, 0xFF, 0xE0, 0x00, 0x00, 0x01, 0xFF, 0xF0, 0x00,
    0x00, 0x00, 0x00, 0xFF, 0x00, 0xFF, 0xC0, 0xFF, 0xE0, 0x73, 0xF0, 0x39, 0xF8, 0x38, 0x78, 0x0E,
    0x01, 0xC7, 0x0C, 0xE3, 0xE6, 0x70, 0xFF, 0x38, 0x1F, 0x9C, 0x00, 0xCE, 0x00, 0x67, 0x00, 0x33,
    0x80, 0x19, 0xC0, 0x0C, 0xE0, 0x06, 0x70, 0x03, 0x38, 0x01, 0x9F, 0xFF, 0xCF, 0xFF, 0xE0, 0xE0,
    0x0F, 0xC0, 0x1F, 0x80, 0x3F, 0x00, 0x7E, 0x00, 0xFC, 0x01, 0xF8, 0x03, 0xF0, 0x07, 0xE0, 0x0F,
    0xC0, 0x1F, 0x80, 0x3F, 0x00, 0x7F, 0xFF, 0xFF, 0xFF, 0xC0, 0x03, 0x80, 0x07, 0x00, 0x0E, 0x00,
    0x1C, 0x00, 0x38, 0x00, 0x70, 0x00, 0xE0, 0xE0, 0x0E, 0x03, 0x80, 0x38, 0x0E, 0x00, 0xE0, 0x38,
    0x03, 0x80, 0xE0, 0x0E, 0x03, 0x80, 0x38, 0x0E, 0x00, 0xE0, 0x38, 0x03, 0x80, 0xE0, 0x0E, 0x03,
    0x80, 0x38, 0x0E, 0x00, 0xE0, 0x38, 0x03, 0x80, 0xFF, 0xFF, 0xF3, 0xFF, 0xFF, 0xE0, 0x00, 0xE3,
    0x80, 0x03, 0x87, 0x7F, 0x0E, 0x3F, 0xFC, 0x38, 0xEE, 0x00, 0x07, 0xBC, 0x00, 0xFC, 0x7F, 0xFF,
    0xE0, 0xFF, 0xFC, 0x00, 0x00, 0x0F, 0xE0, 0x01, 0xFF, 0x80, 0x1F, 0x9E, 0x00, 0xFE, 0xF0, 0x06,
    0x7F, 0x00, 0x73, 0xF0, 0x01, 0xC0, 0x1C, 0x0F, 0xE0, 0xE0, 0xFF, 0x87, 0x07, 0x1C, 0x38, 0x38,
    0x71, 0xC3, 0x83, 0x8E, 0x1C, 0x1C, 0x70, 0xE0, 0xE3, 0x87, 0x07, 0x1C, 0x38, 0x38, 0xE1, 0xC1,
    0xC7, 0x0E, 0x0E, 0x38, 0x71, 0xF1, 0xFF, 0xFF, 0x0F, 0xFF, 0xF0, 0x00, 0x19, 0xC0, 0xFC, 0x1C,
    0xE0, 0x7F, 0x8E, 0x70, 0x71, 0xCE, 0x38, 0x38, 0x77, 0x1C, 0x1C, 0x3F, 0x0E, 0x0E, 0x1F, 0x87,
    0x07, 0x0F, 0xC3, 0x83, 0x87, 0xE1, 0xC1, 0xC3, 0xF0, 0xE0, 0xE1, 0xF8, 0x70, 0x70, 0xFC, 0x38,
    0x38, 0xFE, 0x1F, 0xFF, 0xF7, 0x0F, 0xFF, 0xF3, 0x80, 0x0E, 0x01, 0xC0, 0x07, 0x00, 0x70, 0x03,
    0x80, 0x3C, 0x03, 0x80, 0x0F, 0x87, 0xC0, 0x03, 0xFF, 0xC0, 0x00, 0x7F, 0x80, 0x00, 0x3F, 0x70,
    0x1F, 0x87, 0xFF, 0x03, 0xFC, 0x73, 0xF0, 0x39, 0xEE, 0x3F, 0x03, 0x8E, 0xE3, 0xF0, 0x70, 0xEF,
    0xFF, 0x07, 0x0E, 0xFF, 0x70, 0x70, 0x7E, 0x07, 0x07, 0x07, 0xE0, 0x70, 0x70, 0x7E, 0x07, 0x07,
    0x0E, 0xE0, 0x70, 0x70, 0xEE, 0x07, 0x07, 0x1E, 0xE0, 0x7F, 0xFF, 0xCE, 0x07, 0xFF, 0xF8, 0x70,
    0x00, 0x70, 0x07, 0x00, 0x07, 0x00, 0x38, 0x00, 0x70, 0x03, 0xC0, 0x0F, 0x00, 0x1F, 0x83, 0xE0,
    0x00, 0x7F, 0xFC, 0x00, 0x03, 0xFF, 0x00, 0x00, 0x00, 0x03, 0xF8, 0x00, 0x0F, 0xF8, 0x00, 0x3F,
    0x70, 0x00, 0xEE, 0x70, 0x01, 0xDD, 0xC0, 0x03, 0xBF, 0x80, 0x07, 0x3E, 0x00, 0x0E, 0x00, 0xE3,
    0x9C, 0x71, 0xC7, 0x1E, 0xE3, 0x8E, 0x1F, 0xC7, 0x1C, 0x1F, 0x8E, 0x38, 0x07, 0x1C, 0x70, 0x0E,
    0x38, 0xE0, 0x1C, 0x71, 0xC0, 0x38, 0xE3, 0x80, 0x71, 0xC7, 0x00, 0xE3, 0x8E, 0x01, 0xC7, 0x1C,
    0x03, 0x8F, 0xFF, 0xFF, 0x0F, 0xFF, 0xFE, 0x00, 0xE3, 0x80, 0x7E, 0x38, 0x07, 0xE3, 0x80, 0x7E,
    0x38, 0x07, 0xE3, 0x80, 0x7E, 0x38, 0x07, 0xE3, 0x80, 0x7E, 0x38, 0x07, 0xE3, 0x80, 0x7E, 0x38,
    0x07, 0xE3, 0x80, 0x7E, 0x38, 0x07, 0xFF, 0xFF, 0xF7, 0xFF, 0xFF, 0x00, 0x00, 0x70, 0x00, 0x07,
    0x00, 0x00, 0x70, 0x00, 0x07, 0x00, 0x00, 0x70, 0x00, 0x07, 0x00, 0x00, 0x70, 0xE3, 0x80, 0x70,
    0x38, 0xE0, 0x1C, 0x0E, 0x38, 0x07, 0x03, 0x8E, 0x01, 0xC0, 0xE3, 0x80, 0x70, 0x38, 0xE0, 0x1C,
    0x0E, 0x38, 0x07, 0x03, 0x8E, 0x01, 0xC0, 0xE3, 0x80, 0x70, 0x38, 0xE0, 0x1C, 0x0E, 0x38, 0x07,
    0x03, 0x8E, 0x01, 0xC0, 0xFF, 0xFF, 0xFF, 0x9F, 0xFF, 0xFF, 0xF0, 0x00, 0x07, 0x1C, 0x00, 0x01,
    0xC7, 0x7F, 0x80, 0x71, 0xFF, 0xE0, 0x1C, 0x7E, 0x00, 0x00, 0x7B, 0xE0, 0x01, 0xFC, 0x7F, 0xFF,
    0xFE, 0x07, 0xFF, 0xFC, 0x00, 0x01, 0xFC, 0x0F, 0xFC, 0x3F, 0x98, 0x77, 0xB0, 0xE7, 0xE1, 0xCF,
    0x83, 0x80, 0x7F, 0xFE, 0xFF, 0xFD, 0xC3, 0x83, 0x87, 0x07, 0x0E, 0x0E, 0x1C, 0x1C, 0x38, 0x38,
    0x70, 0x70, 0xE0, 0xE1, 0xC1, 0xC3, 0x83, 0x87, 0x07, 0x0E, 0x0E, 0x3C, 0x00, 0xF0, 0x03, 0xC0,
    0x0F, 0x00, 0x3C, 0x00, 0x70, 0x00, 0x00, 0x00, 0x19, 0xFF, 0xF8, 0x39, 0xFF, 0xF8, 0x39, 0xC7,
    0x00, 0x71, 0xC7, 0x00, 0x71, 0xC7, 0x00, 0xE1, 0xC7, 0x00, 0xE1, 0xC7, 0xF8, 0xE1, 0xC7, 0xFC,
    0xE1, 0xC7, 0x9E, 0xE1, 0xC7, 0x0E, 0xE1, 0xC7, 0x0E, 0xE1, 0xC7, 0x07, 0xE1, 0xC7, 0x07, 0xE1,
    0xC7, 0x06, 0xE0, 0x00, 0x0E, 0x70, 0x00, 0x0E, 0x70, 0x00, 0x0E, 0x38, 0x00, 0x1C, 0x3C, 0x00,
    0x7C, 0x1F, 0x81, 0xF8, 0x07, 0xFF, 0xE0, 0x01, 0xFF, 0x80, 0x3F, 0x7F, 0xFE, 0x1F, 0xFF, 0xFF,
    0x87, 0x3F, 0x0E, 0x03, 0x8F, 0xC3, 0x80, 0xF3, 0xF0, 0xE0, 0x3F, 0xFC, 0x38, 0x0F, 0xF7, 0x0F,
    0xF3, 0x81, 0xC3, 0xFE, 0xE0, 0x70, 0xE3, 0xF8, 0x1C, 0x38, 0x7E, 0x07, 0x0E, 0x1F, 0x81, 0xC3,
    0x87, 0xE0, 0x70, 0xE1, 0xF8, 0x1C, 0x38, 0x77, 0x00, 0x00, 0x1D, 0xC0, 0x00, 0x07, 0x38, 0x00,
    0x03, 0x8F, 0x00, 0x01, 0xE1, 0xF0, 0x00, 0xF0, 0x3F, 0x01, 0xF8, 0x03, 0xFF, 0xFC, 0x00, 0x3F,
    0xF8, 0x00, 0x00, 0x07, 0xF0, 0x00, 0xFF, 0xC0, 0x0F, 0xEE, 0x00, 0x77, 0x70, 0x03, 0xBF, 0x80,
    0x18, 0xF8, 0x00, 0xC0, 0x07, 0xE7, 0xE0, 0x3F, 0xFF, 0x83, 0xDF, 0x9E, 0x1C, 0x78, 0x78, 0xE3,
    0x81, 0xC7, 0x1C, 0x0E, 0x38, 0xE0, 0x71, 0xC7, 0x03, 0x8E, 0x38, 0x1C, 0x71, 0xC0, 0xE3, 0x8E,
    0x07, 0x1C, 0x70, 0x38, 0xE3, 0x81, 0xC7, 0x1C, 0x1C, 0x00, 0x01, 0xE0, 0x00, 0xFE, 0x0F, 0xFF,
    0xE0, 0xFF, 0xFC, 0x07, 0x80, 0x00, 0x38, 0x00, 0x01, 0xC0, 0x00, 0x0E, 0x00, 0x00, 0x00, 0x3F,
    0x3F, 0x01, 0xCF, 0xFF, 0xF0, 0x77, 0xBF, 0x3C, 0x1D, 0xC7, 0x83, 0x87, 0x71, 0xC0, 0xE1, 0xDC,
    0x70, 0x38, 0x77, 0x1C, 0x07, 0x1D, 0xC7, 0x01, 0xC7, 0x71, 0xC0, 0x71, 0xDC, 0x70, 0x1C, 0x77,
    0x1C, 0x0E, 0x1D, 0xC7, 0x03, 0x87, 0x71, 0xC0, 0xE1, 0xDC, 0x70, 0x38, 0x70, 0x00, 0x1C, 0x1C,
    0x00, 0x07, 0x07, 0xFF, 0xFF, 0xFF, 0xFF, 0xFF, 0xFF, 0xFE, 0x00, 0xF0, 0x03, 0xC0, 0xF8, 0x00,
    0x7F, 0xFC, 0x00, 0x0F, 0xFC, 0x00, 0x00, 0x3F, 0x3F, 0x01, 0xFF, 0xF3, 0xFF, 0xFC, 0x1F, 0xFF,
    0x7B, 0xF3, 0xC1, 0xC7, 0x07, 0x1E, 0x0E, 0x1C, 0x70, 0x71, 0xC0, 0xE1, 0xC7, 0x07, 0x1C, 0x0E,
    0x1C, 0x70, 0x71, 0xC0, 0x71, 0xC7, 0x07, 0x1C, 0x07, 0x1C, 0x70, 0x71, 0xC0, 0x71, 0xC7, 0x07,
    0x1C, 0x07, 0x1C, 0x70, 0x71, 0xC0, 0xE1, 0xC7, 0x07, 0x1C, 0x0E, 0x1C, 0x70, 0x71, 0xC0, 0xE1,
    0xC7, 0x07, 0x1C, 0x0E, 0x1C, 0x70, 0x00, 0x01, 0xC1, 0xC7, 0x00, 0x00, 0x1C, 0x1C, 0x70, 0xFF,
    0xFF, 0xFF, 0xC7, 0x0F, 0xFF, 0xFF, 0xFC, 0x70, 0xE0, 0x0F, 0x00, 0x00, 0x0F, 0x03, 0xE0, 0x00,
    0x00, 0x7F, 0xFC, 0x00, 0x00, 0x03, 0xFF, 0x00, 0x00, 0x00, 0x00, 0x00, 0x7F, 0x00, 0x00, 0x0F,
    0xFE, 0x00, 0x00, 0xF8, 0xF8, 0x00, 0x07, 0x01, 0xE0, 0x00, 0x38, 0x07, 0x00, 0x01, 0xC0, 0x38,
    0x00, 0x0E, 0x01, 0xC1, 0xFC, 0x77, 0x07, 0x3F, 0xFB, 0xF8, 0x3B, 0xE3, 0xCF, 0xE1, 0xDC, 0x07,
    0x3F, 0x0F, 0xC0, 0x38, 0x38, 0x7F, 0xF1, 0xC1, 0xC3, 0xFF, 0xCE, 0x06, 0x1F, 0xDE, 0x70, 0x38,
    0xFC, 0x7B, 0x81, 0xC7, 0xE1, 0xCE, 0x1C, 0x3F, 0x1C, 0x70, 0xE1, 0xFC, 0xE3, 0xCF, 0x0E, 0xFF,
    0x0F, 0xF0, 0x73, 0xF0, 0x3F, 0x03, 0x80, 0x00, 0x00, 0xFE, 0x00, 0x00, 0xFF, 0x80, 0x00, 0xFD,
    0xC0, 0x00, 0xFC, 0x70, 0x00, 0x77, 0x70, 0x00, 0x3B, 0xF8, 0x00, 0x1C, 0xF8, 0x00, 0x0E, 0x00,
    0x0F, 0xE7, 0x38, 0x1F, 0xFD, 0xFC, 0x1F, 0x1E, 0x7F, 0x0E, 0x03, 0x8F, 0x8E, 0x01, 0xC1, 0xC7,
    0xF8, 0xE0, 0xE3, 0xFE, 0x70, 0x31, 0xEF, 0x38, 0x1C, 0xE3, 0xDC, 0x0E, 0x70, 0xE7, 0x0E, 0x38,
    0xE3, 0x87, 0x1E, 0x71, 0xE7, 0x87, 0xF8, 0x7F, 0x81, 0xF8, 0x1F, 0x80, 0x00, 0x00, 0x30, 0x00,
    0x7F, 0x83, 0xC1, 0xCF, 0xFE, 0x0F, 0x0E, 0xF8, 0xF8, 0x38, 0x77, 0x01, 0xC1, 0xE3, 0xF0, 0x0E,
    0x07, 0x1F, 0xFC, 0x70, 0x38, 0xFF, 0xF1, 0xC1, 0xC7, 0xF3, 0xCE, 0x0E, 0x3F, 0x0E, 0x70, 0x71,
    0xF8, 0x73, 0x83, 0x8F, 0xC3, 0x9C, 0x1C, 0x7F, 0x1C, 0xF1, 0xE3, 0xBF, 0xC3, 0xFE, 0x1C, 0xFC,
    0x0F, 0xE0, 0xE0, 0x00, 0x3C, 0x07, 0x00, 0x01, 0xC0, 0x3F, 0xFF, 0xFF, 0xFF, 0xFF, 0xFF, 0xFF,
    0xFF, 0xC0, 0x1F, 0x00, 0x0F, 0x87, 0xF0, 0x00, 0x3F, 0xFE, 0x00, 0x00, 0xFF, 0xC0, 0x00, 0x00,
    0x00, 0x00, 0x30, 0x00, 0x00, 0x1F, 0xE0, 0xF0, 0x7F, 0xFC, 0xFF, 0xE0, 0xF0, 0xFF, 0xFB, 0xE3,
    0xE0, 0xE1, 0xC7, 0x07, 0x01, 0xC1, 0xE3, 0x8E, 0x1C, 0x03, 0x81, 0xC7, 0x1C, 0x3F, 0xC7, 0x03,
    0x8E, 0x38, 0x7F, 0xC7, 0x07, 0x1C, 0x70, 0xF3, 0xCE, 0x0E, 0x38, 0xE1, 0xC3, 0x9C, 0x1C, 0x71,
    0xC3, 0x87, 0x38, 0x38, 0xE3, 0x87, 0x0E, 0x70, 0x71, 0xC7, 0x0F, 0x1C, 0xF1, 0xE3, 0x8E, 0x0F,
    0xF0, 0xFF, 0x87, 0x1C, 0x0F, 0xC0, 0xFE, 0x0E, 0x38, 0x00, 0x00, 0xF0, 0x1C, 0x70, 0x00, 0x01,
    0xC0, 0x38, 0xE1, 0xFF, 0xFF, 0xFF, 0xF1, 0xC3, 0xFF, 0xFF, 0xFF, 0xE3, 0x87, 0x00, 0x7C, 0x00,
    0x00, 0x0F, 0x87, 0xF0, 0x00, 0x00, 0x0F, 0xFF, 0x80, 0x00, 0x00, 0x0F, 0xFC, 0x00, 0x00, 0x00,
    0x00, 0x00, 0x00, 0x1F, 0x80, 0x00, 0x0F, 0xFC, 0x00, 0x01, 0xFB, 0x80, 0x00, 0x77, 0x30, 0x00,
    0x0E, 0xEE, 0x00, 0x03, 0x9F, 0xC0, 0x00, 0x71, 0xF0, 0x00, 0x07, 0x00, 0x0F, 0xEF, 0xFF, 0x87,
    0xFF, 0xFF, 0xF1, 0xF0, 0xF8, 0xE0, 0x38, 0x0F, 0x1C, 0x0E, 0x00, 0xE3, 0x81, 0xFE, 0x1C, 0x70,
    0x3F, 0xE3, 0x8E, 0x07, 0xBC, 0x71, 0xC0, 0xE3, 0xCE, 0x38, 0x1C, 0x39, 0xC7, 0x03, 0x8E, 0x38,
    0xE0, 0x79, 0xC7, 0x1C, 0x07, 0xF8, 0xE3, 0x80, 0x7E, 0x1C, 0x70, 0x00, 0x30, 0x3F, 0xBF, 0xFE,
    0x07, 0x1F, 0xFF, 0xFF, 0xC1, 0xE7, 0xC7, 0xE3, 0x80, 0x38, 0xE0, 0x3C, 0x70, 0x07, 0x38, 0x03,
    0x8E, 0x01, 0xC7, 0x00, 0x71, 0xC0, 0x38, 0xFF, 0x0E, 0x3F, 0xC7, 0x1F, 0xF1, 0xC7, 0xFC, 0xE3,
    0x8E, 0x38, 0xF3, 0xDC, 0x70, 0xE7, 0x1C, 0x3B, 0x8E, 0x1C, 0xE3, 0x83, 0xF1, 0xE7, 0x1C, 0x70,
    0x7E, 0x1F, 0xE3, 0x8E, 0x0F, 0xC1, 0xF8, 0x71, 0xC3, 0xBC, 0x00, 0x00, 0x00, 0x73, 0x80, 0x00,
    0x00, 0x0E, 0x38, 0x00, 0x00, 0x03, 0x87, 0xC0, 0x00, 0x01, 0xF0, 0x7E, 0x00, 0x00, 0xFC, 0x03,
    0xFE, 0x03, 0xFE, 0x00, 0x1F, 0xFF, 0xFF, 0x00, 0x00, 0x7F, 0xFF, 0x00, 0x00, 0x3F, 0x07, 0xF7,
    0xFF, 0xC1, 0xFE, 0x7F, 0xFF, 0xFF, 0x07, 0x3B, 0xE1, 0xF1, 0xC0, 0x38, 0xEE, 0x03, 0xC7, 0x00,
    0xF7, 0xF0, 0x07, 0x1C, 0x03, 0xFF, 0xC0, 0x1C, 0x70, 0x0F, 0xF7, 0xF8, 0x71, 0xFE, 0x38, 0x1F,
    0xF1, 0xC7, 0xFC, 0xE0, 0x71, 0xC7, 0x1E, 0x7B, 0x81, 0xC3, 0x9C, 0x70, 0xEE, 0x07, 0x0E, 0x71,
    0xC3, 0xF8, 0x1E, 0x71, 0xC7, 0x07, 0xE0, 0x3F, 0xC7, 0x1C, 0x1D, 0xC0, 0x7E, 0x1C, 0x70, 0xE7,
    0x00, 0x00, 0x00, 0x03, 0x8E, 0x00, 0x00, 0x00, 0x0E, 0x3C, 0x00, 0x00, 0x00, 0x70, 0x7C, 0x00,
    0x00, 0x07, 0xC0, 0xFE, 0x00, 0x00, 0x7E, 0x00, 0xFF, 0xC0, 0x7F, 0xE0, 0x00, 0xFF, 0xFF, 0xFE,
    0x00, 0x00, 0x3F, 0xFF, 0xC0, 0x00, 0x00, 0x0F, 0xE0, 0x01, 0xFF, 0x80, 0x1F, 0xDE, 0x00, 0xFE,
    0xF0, 0x07, 0x7F, 0x00, 0x3B, 0xF0, 0x01, 0xC0, 0x1C, 0x0F, 0xE0, 0xE0, 0x7F, 0x87, 0x03, 0x9E,
    0x38, 0x1C, 0x71, 0xC1, 0xC3, 0x8E, 0x0E, 0x1C, 0x70, 0x70, 0x73, 0x83, 0x83, 0x9C, 0x1C, 0x1C,
    0xE0, 0xE1, 0xC7, 0x07, 0x0E, 0x38, 0x38, 0xF1, 0xFF, 0xFF, 0x0F, 0xFF, 0xF0, 0x00, 0x70, 0x01,
    0xF1, 0xC0, 0x1F, 0x8F, 0xF0, 0xF0, 0x3F, 0x87, 0x01, 0x80, 0x3C, 0x3C, 0x01, 0xFF, 0xC0, 0x07,
    0xFC, 0x00, 0x00, 0x19, 0xC0, 0xFC, 0x1C, 0xE0, 0x7F, 0x8E, 0x70, 0x79, 0xCE, 0x38, 0x38, 0x77,
    0x1C, 0x1C, 0x3F, 0x0E, 0x0E, 0x1F, 0x87, 0x07, 0x07, 0xC3, 0x83, 0x83, 0xE1, 0xC1, 0xC1, 0xF0,
    0xE0, 0xE1, 0xF8, 0x70, 0x70, 0xFC, 0x38, 0x38, 0xFE, 0x1F, 0xFF, 0xF7, 0x0F, 0xFF, 0xF3, 0x80,
    0x07, 0x00, 0xE0, 0x03, 0xF8, 0x70, 0x01, 0xFE, 0x1E, 0x00, 0xE7, 0x0F, 0x80, 0x63, 0x81, 0xF8,
    0x07, 0xC0, 0x7F, 0xFF, 0xC0, 0x0F, 0xFF, 0x80, 0x3F, 0x70, 0x1F, 0x87, 0xFF, 0x03, 0xFC, 0x73,
    0xF0, 0x39, 0xEE, 0x3F, 0x03, 0x8E, 0xE3, 0xF0, 0x70, 0xEF, 0xFF, 0x07, 0x06, 0xFF, 0x70, 0x70,
    0x7E, 0x07, 0x07, 0x07, 0xE0, 0x70, 0x70, 0x7E, 0x07, 0x07, 0x06, 0xE0, 0x70, 0x70, 0xEE, 0x07,
    0x07, 0x1E, 0xE0, 0x7F, 0xFF, 0xCF, 0x07, 0xFF, 0xF8, 0x70, 0x00, 0x70, 0x07, 0x80, 0x07, 0xF0,
    0x3C, 0x00, 0x7F, 0x81, 0xE0, 0x07, 0xBC, 0x0F, 0x80, 0x33, 0x80, 0x7F, 0x00, 0xF8, 0x01, 0xFF,
    0xFF, 0x00, 0x07, 0xFF, 0xE0, 0x00, 0x00, 0x7E, 0x00, 0x00, 0xFF, 0xC0, 0x00, 0xFF, 0xE0, 0x00,
    0x77, 0x70, 0x00, 0x3B, 0xB8, 0x00, 0x39, 0xFC, 0x00, 0x1C, 0x7C, 0x00, 0x07, 0x00, 0x0F, 0xF3,
    0x8E, 0x1F, 0xFC, 0xE7, 0x1F, 0x0F, 0x3F, 0x8E, 0x03, 0xCF, 0xCE, 0x00, 0xE0, 0xE7, 0xF8, 0x70,
    0x73, 0xFE, 0x38, 0x39, 0xEF, 0x1C, 0x1C, 0xE3, 0xCE, 0x0E, 0x70, 0xE7, 0x07, 0x38, 0xE3, 0x83,
    0x9E, 0x73, 0x81, 0xC7, 0xF9, 0xFF, 0xE1, 0xF8, 0xFF, 0xF0, 0x0F, 0xF0, 0x0E, 0x7F, 0xF0, 0x1D,
    0xF0, 0xF0, 0x3B, 0x80, 0xF0, 0x7E, 0x00, 0xE0, 0xFF, 0xE1, 0xC1, 0xFF, 0xE3, 0x83, 0xFB, 0xC7,
    0x07, 0xE3, 0xCE, 0x0F, 0xC3, 0x9C, 0x1F, 0x8E, 0x38, 0x3F, 0x9C, 0xE0, 0x77, 0xF9, 0xFF, 0xE7,
    0xE3, 0xFF, 0xC0, 0x00, 0x03, 0x80, 0x00, 0x07, 0x00, 0x00, 0x0E, 0x00, 0x00, 0x1C, 0x00, 0x00,
    0x38, 0x00, 0x00, 0x70, 0x00, 0x00, 0xE0, 0x0F, 0xF0, 0x0E, 0x01, 0xFF, 0xC0, 0x70, 0x1F, 0x0F,
    0x03, 0x80, 0xE0, 0x3C, 0x1C, 0x0F, 0x00, 0xE0, 0xE0, 0x70, 0x07, 0x07, 0x03, 0xFC, 0x38, 0x38,
    0x1F, 0xF1, 0xC1, 0xC0, 0xF3, 0x8E, 0x0E, 0x07, 0x0E, 0x70, 0x70, 0x38, 0x73, 0x83, 0x81, 0xE7,
    0x38, 0x1C, 0x07, 0xF9, 0xFF, 0xFF, 0x1F, 0x8F, 0xFF, 0xFC, 0x00, 0x00, 0x38, 0xE0, 0x00, 0x01,
    0xC7, 0x3F, 0x80, 0x0E, 0x3B, 0xFC, 0x00, 0x71, 0xFC, 0x00, 0x00, 0x3C, 0xF8, 0x00, 0x3F, 0xE7,
    0xFF, 0xFF, 0xFC, 0x07, 0xFF, 0xFF, 0x00, 0x00, 0x00, 0x00, 0xFE, 0x00, 0x00, 0x00, 0xFF, 0x80,
    0x00, 0x00, 0xFF, 0xC0, 0x00, 0x00, 0xEC, 0x70, 0x00, 0x00, 0x77, 0x70, 0x00, 0x00, 0x3B, 0xF8,
    0x00, 0x00, 0x1C, 0xF8, 0x00, 0x00, 0x0E, 0x00, 0x0F, 0xF0, 0x3F, 0x00, 0x1F, 0xFC, 0x3F, 0xC0,
    0x1F, 0x0F, 0x1C, 0xE0, 0x0E, 0x03, 0xCE, 0x38, 0x0E, 0x00, 0xEE, 0x1C, 0x07, 0xF8, 0x73, 0x8C,
    0xF3, 0xFE, 0x39, 0xEF, 0xF9, 0xEF, 0x1C, 0x7F, 0xFC, 0xE3, 0xCE, 0x1F, 0xFE, 0x70, 0xE7, 0x01,
    0xE7, 0x38, 0xE3, 0x81, 0xC3, 0x9E, 0x73, 0x80, 0xE1, 0xC7, 0xF9, 0xFF, 0xFF, 0xE1, 0xF8, 0xFF,
    0xFF, 0xF0, 0x00, 0x00, 0x38, 0x00, 0x00, 0x00, 0x1C, 0x00, 0x00, 0x00, 0x0E, 0x00, 0x00, 0x00,
    0x07, 0x00, 0x00, 0x00, 0x07, 0x00, 0x00, 0x00, 0x03, 0x80, 0x00, 0x00, 0x01, 0xC0, 0x00, 0x00,
    0x00, 0x00, 0xFE, 0x00, 0x00, 0x00, 0x7F, 0xF0, 0x00, 0x00, 0x1F, 0x1F, 0x00, 0x00, 0x03, 0x80,
    0xE0, 0x00, 0x00, 0x70, 0x0E, 0x00, 0x00, 0x0E, 0x01, 0xC0, 0x00, 0x01, 0xC0, 0x38, 0x7F, 0x1F,
    0x3B, 0x87, 0x3F, 0xF7, 0xF7, 0xF0, 0xEF, 0x8F, 0xE7, 0x7F, 0x1D, 0xC0, 0x78, 0xE7, 0xE3, 0xF0,
    0x0F, 0x1C, 0x1C, 0x7F, 0xF0, 0xE3, 0x83, 0x8F, 0xFF, 0x1C, 0x70, 0x31, 0xFD, 0xE3, 0x8E, 0x07,
    0x3F, 0x1E, 0x71, 0xC0, 0xE7, 0xE1, 0xCE, 0x1C, 0x38, 0xFC, 0x71, 0xC3, 0x87, 0x1F, 0xCE, 0x38,
    0x79, 0xE3, 0xBF, 0xC7, 0x07, 0xF8, 0x73, 0xF0, 0xE0, 0x7E, 0x0E, 0x00, 0x00, 0x01, 0xF8, 0x00,
    0x00, 0x0F, 0xFC, 0x00, 0x00, 0x3F, 0xF8, 0x00, 0x00, 0x77, 0x70, 0x00, 0x00, 0xEE, 0xE0, 0x00,
    0x03, 0x9F, 0xC0, 0x00, 0x07, 0x1F, 0x00, 0x00, 0x07, 0x00, 0x0F, 0xE3, 0xEE, 0x70, 0x7F, 0xEF,
    0xFE, 0xE1, 0xF1, 0xFC, 0xEF, 0xE3, 0x80, 0xF1, 0xC7, 0xCE, 0x01, 0xE3, 0x83, 0x9F, 0xE1, 0xC7,
    0x07, 0x3F, 0xE3, 0x8E, 0x07, 0x7B, 0xC7, 0x1C, 0x0E, 0xE3, 0xCE, 0x38, 0x1D, 0xC3, 0x9C, 0x38,
    0x73, 0x8E, 0x38, 0x70, 0xE7, 0x9C, 0x70, 0xF3, 0xC7, 0xF8, 0xE0, 0xFF, 0x07, 0xE1, 0xC0, 0xFC,
    0x00, 0x00, 0x00, 0x00, 0x00, 0xFC, 0x00, 0x00, 0x00, 0x03, 0xFF, 0x00, 0x00, 0x00, 0x03, 0xFF,
    0x00, 0x00, 0x00, 0x07, 0xE3, 0x00, 0x00, 0x00, 0x07, 0xF7, 0x00, 0x00, 0x00, 0x0E, 0x7F, 0x00,
    0x00, 0x00, 0x0E, 0x3E, 0x00, 0x00, 0x00, 0x06, 0x00, 0x0F, 0xF0, 0x07, 0xC7, 0xE0, 0x3F, 0xF8,
    0x0F, 0xFF, 0xF0, 0x7C, 0x3C, 0x0E, 0x7C, 0x78, 0x70, 0x1E, 0x0E, 0x78, 0x3C, 0xE0, 0x0E, 0x1C,
    0x38, 0x1C, 0xFF, 0x0E, 0x1C, 0x38, 0x1C, 0xFF, 0x8E, 0x1C, 0x38, 0x1C, 0xF7, 0x8E, 0x1C, 0x38,
    0x1C, 0xE3, 0xCE, 0x1C, 0x38, 0x1C, 0xE1, 0xCE, 0x1C, 0x38, 0x1C, 0xE3, 0x8E, 0x1C, 0x38, 0x1C,
    0xF3, 0x9C, 0x1C, 0x38, 0x1C, 0x7F, 0x9F, 0xFC, 0x38, 0x1C, 0x3F, 0x1F, 0xFC, 0x38, 0x38, 0x00,
    0x00, 0x00, 0x00, 0x78, 0x00, 0x00, 0x00, 0x07, 0xF0, 0x7F, 0xFF, 0xFF, 0xFF, 0xE0, 0xFF, 0xFF,
    0xFF, 0xFF, 0x80, 0xF0, 0x00, 0x00, 0x00, 0x00, 0xE0, 0x00, 0x00, 0x00, 0x00, 0xE0, 0x00, 0x00,
    0x00, 0x00, 0xE0, 0x00, 0x00, 0x00, 0x00, 0x00, 0x00, 0x00, 0x00, 0x07, 0xF0, 0x00, 0x00, 0x00,
    0x00, 0x7F, 0xE0, 0x00, 0x00, 0x00, 0x01, 0xFB, 0x80, 0x00, 0x00, 0x00, 0x0E, 0xE7, 0x00, 0x00,
    0x00, 0x00, 0x3B, 0x98, 0x00, 0x00, 0x00, 0x01, 0xCF, 0xE0, 0x00, 0x00, 0x00, 0x07, 0x1F, 0x00,
    0x00, 0x00, 0x00, 0x0E, 0x00, 0x3F, 0xFF, 0x00, 0x01, 0xF8, 0x00, 0xFF, 0xFC, 0x00, 0x0F, 0xF0,
    0x03, 0x87, 0x03, 0xF8, 0x39, 0xC0, 0x0E, 0x1C, 0x1F, 0xF8, 0xC3, 0x80, 0x38, 0x70, 0xF1, 0xE7,
    0x0E, 0x00, 0xFF, 0xFF, 0xE3, 0xCE, 0x73, 0xC7, 0xFF, 0xFF, 0xC7, 0x3D, 0xFF, 0x3E, 0x1C, 0x7F,
    0x9C, 0x7F, 0xFC, 0xE0, 0x73, 0x8E, 0x70, 0xFF, 0xF3, 0x83, 0x8E, 0x39, 0xC0, 0xF9, 0xCE, 0x0E,
    0x1C, 0xE7, 0x03, 0x87, 0x3C, 0x78, 0x73, 0x9C, 0x0E, 0x1C, 0x7F, 0xC1, 0xFE, 0xFF, 0xFF, 0xF0,
    0xFE, 0x03, 0xF3, 0xFF, 0xFF, 0xC0, 0x00, 0x00, 0x00, 0x07, 0x00, 0x00, 0x00, 0x00, 0x00, 0x1C,
    0x00, 0x00, 0x00, 0x00, 0x00, 0x70, 0x00, 0x00, 0x00, 0x00, 0x01, 0x80, 0x00, 0x00, 0x00, 0x00,
    0x0E, 0x00, 0x00, 0x00, 0x00, 0x00, 0x38, 0x00, 0x00, 0x00, 0x00, 0x00, 0xC0, 0x00, 0x00, 0x00,
    0x00, 0x1F, 0xC0, 0x00, 0x00, 0x0F, 0xFC, 0x00, 0x00, 0x03, 0xFB, 0x80, 0x00, 0x00, 0x77, 0x70,
    0x00, 0x00, 0x0E, 0x7E, 0x00, 0x00, 0x01, 0xCF, 0x80, 0x00, 0x00, 0x38, 0x07, 0x00, 0x3F, 0xFF,
    0xF0, 0xE0, 0x0F, 0xFF, 0xFE, 0x1C, 0x01, 0xCF, 0x1C, 0x03, 0x80, 0x39, 0xE3, 0x80, 0x70, 0x0E,
    0x1C, 0x70, 0x0E, 0x01, 0xC3, 0x8F, 0xF1, 0xC0, 0x38, 0x71, 0xFF, 0x38, 0x07, 0x0E, 0x3C, 0xF7,
    0x00, 0xE1, 0xC7, 0x0E, 0xE0, 0x1C, 0x38, 0xE0, 0xDC, 0x03, 0x87, 0x1C, 0x1F, 0x80, 0x70, 0xE3,
    0x83, 0xFF, 0xFE, 0x1C, 0x70, 0xEF, 0xFF, 0xC3, 0x8E, 0x1C, 0x00, 0x00, 0x00, 0x03, 0x8F, 0xF0,
    0x00, 0x00, 0xE3, 0xFE, 0x00, 0x00, 0x3C, 0x71, 0xC0, 0x00, 0x1F, 0x0E, 0x00, 0x00, 0x0F, 0xC1,
    0xF8, 0x00, 0x3F, 0xE0, 0x1F, 0xFF, 0xFF, 0xF0, 0x00, 0xFF, 0xFF, 0xF0, 0x00, 0x1F, 0xE0, 0xFF,
    0xF1, 0xE1, 0xE7, 0x00, 0xEE, 0x01, 0xFC, 0x01, 0xF8, 0x03, 0xF0, 0x07, 0x40, 0x0E, 0x00, 0x1C,
    0x00, 0x38, 0x00, 0x70, 0x00, 0xE0, 0x01, 0xC0, 0x03, 0x80, 0x07, 0x00, 0x0E, 0x00, 0x1C, 0x00,
    0x38, 0x00, 0x70, 0x00, 0xE0, 0x1F, 0xC1, 0xFF, 0xCF, 0x8F, 0xB8, 0x0E, 0xE0, 0x1F, 0x80, 0x7E,
    0x01, 0xF8, 0x07, 0xF0, 0x1D, 0xF0, 0x73, 0xC1, 0xC0, 0x07, 0x00, 0x1C, 0x00, 0x70, 0x01, 0xC0,
    0x07, 0x00, 0x1C, 0x00, 0x70, 0x01, 0xC0, 0x07, 0x00, 0x1C, 0x1F, 0xE0, 0xFF, 0xF1, 0xE1, 0xE7,
    0x00, 0xEE, 0x01, 0xFC, 0x01, 0xF8, 0x03, 0xF0, 0x07, 0x40, 0x0E, 0x00, 0x1C, 0x00, 0x38, 0x00,
    0x70, 0x00, 0xE0, 0x01, 0xC0, 0x03, 0x80, 0x07, 0x00, 0x0E, 0x00, 0x1C, 0x00, 0x38, 0x00, 0x70,
    0x00, 0xE0, 0x3F, 0x83, 0xFF, 0x3C, 0x79, 0xC0, 0xEE, 0x07, 0x70, 0x3B, 0x81, 0xDC, 0x07, 0x60,
    0x38, 0x01, 0xC0, 0x0E, 0x00, 0x70, 0x03, 0x80, 0x1C, 0x00, 0xE0, 0x07, 0x00, 0x38, 0x01, 0xC0,
    0x0E, 0x00, 0x70, 0x03, 0x80, 0xFF, 0xFF, 0xE7, 0xFF, 0xFF, 0x80, 0x03, 0x9E, 0x00, 0x1C, 0x70,
    0x00, 0xE3, 0x80, 0x07, 0x1C, 0x00, 0x3D, 0xE0, 0x00, 0xFE, 0x00, 0x03, 0xE0, 0x00, 0x00, 0x7F,
    0x00, 0x00, 0x0F, 0xFE, 0x00, 0x00, 0xF9, 0xF8, 0x00, 0x0E, 0x01, 0xE0, 0x00, 0xE0, 0x07, 0x7F,
    0xFF, 0xF0, 0x1F, 0xFF, 0xFF, 0xC0, 0xE0, 0x01, 0xCF, 0x07, 0x00, 0x0E, 0x38, 0x38, 0x00, 0x71,
    0xC1, 0xC0, 0x03, 0x8E, 0x0E, 0x00, 0x1E, 0xF0, 0x70, 0x00, 0x7F, 0x03, 0x80, 0x01, 0xF0, 0x1C,
    0x00, 0x00, 0x01, 0xC0, 0x03, 0x80, 0x1E, 0x00, 0x1F, 0x07, 0xE0, 0x00, 0x7F, 0xFE, 0x00, 0x00,
    0xFF, 0xC0, 0x1F, 0xFF, 0xFF, 0xFF, 0xFF, 0xFF, 0xF8, 0x00, 0xE7, 0xE7, 0xE7, 0xE7, 0xE7, 0xE7,
    0xE7, 0xE7, 0xE7, 0xE7, 0xE7, 0xE7, 0xE7, 0xE7, 0xE7, 0xE7, 0xC3, 0xFF, 0xFF, 0xFF, 0xFF, 0xFF,
    0xFF, 0xC0, 0x61, 0x9C, 0xE3, 0xF0, 0x78, 0x1E, 0x0F, 0xC7, 0xF9, 0xB6, 0x0C, 0x03, 0x00, 0xC0,
    0x30, 0x0C, 0x03, 0x00, 0xC0, 0x30, 0x0C, 0x03, 0x00, 0xC0, 0x30, 0x0C, 0x03, 0x00, 0xC0, 0x30,
    0x0C, 0x03, 0x00, 0x00, 0x04, 0x00, 0x60, 0x60, 0x62, 0x06, 0x00, 0x0C, 0x03, 0xC0, 0x30, 0x00,
    0x00, 0x06, 0x06, 0x26, 0x60, 0x60,
};

static const EpdGlyph tamil_ui_12Glyphs[] = {
    { 3, 18, 140, 4, 16, 7, 0 }, // U+0964
    { 8, 18, 228, 4, 16, 18, 7 }, // U+0965
    { 6, 6, 141, 1, 21, 5, 25 }, // U+0B82
    { 21, 21, 358, 1, 21, 56, 30 }, // U+0B83
    { 26, 18, 448, 1, 14, 59, 86 }, // U+0B85
    { 32, 22, 525, 1, 14, 88, 145 }, // U+0B86
    { 25, 29, 450, 1, 21, 91, 233 }, // U+0B87
    { 15, 14, 283, 2, 14, 27, 324 }, // U+0B88
    { 25, 14, 427, 2, 14, 44, 351 }, // U+0B89
    { 36, 14, 616, 2, 14, 63, 395 }, // U+0B8A
    { 18, 14, 320, 1, 14, 32, 458 }, // U+0B8E
    { 18, 19, 320, 1, 14, 43, 490 }, // U+0B8F
    { 23, 22, 409, 2, 14, 64, 533 }, // U+0B90
    { 22, 22, 394, 1, 14, 61, 597 }, // U+0B92
    { 22, 22, 394, 1, 14, 61, 658 }, // U+0B93
    { 50, 22, 820, 1, 14, 138, 719 }, // U+0B94
    { 19, 14, 330, 1, 14, 34, 857 }, // U+0B95
    { 22, 14, 418, 2, 14, 39, 891 }, // U+0B99
    { 16, 14, 289, 1, 14, 28, 930 }, // U+0B9A
    { 23, 22, 409, 2, 14, 64, 958 }, // U+0B9C
    { 28, 22, 484, 2, 14, 77, 1022 }, // U+0B9E
    { 15, 14, 277, 2, 14, 27, 1099 }, // U+0B9F
    { 40, 14, 659, 1, 14, 70, 1126 }, // U+0BA3
    { 19, 22, 330, 1, 14, 53, 1196 }, // U+0BA4
    { 18, 22, 316, 1, 14, 50, 1249 }, // U+0BA8
    { 29, 14, 494, 1, 14, 51, 1299 }, // U+0BA9
    { 15, 14, 311, 2, 14, 27, 1350 }, // U+0BAA
    { 18, 14, 343, 2, 14, 32, 1377 }, // U+0BAE
    { 20, 14, 385, 2, 14, 35, 1409 }, // U+0BAF
    { 14, 20, 256, 2, 14, 35, 1444 }, // U+0BB0
    { 19, 22, 348, 1, 14, 53, 1479 }, // U+0BB1
    { 23, 15, 405, 1, 15, 44, 1532 }, // U+0BB2
    { 25, 14, 428, 1, 14, 44, 1576 }, // U+0BB3
    { 19, 22, 343, 2, 14, 53, 1620 }, // U+0BB4
    { 23, 14, 418, 1, 14, 41, 1673 }, // U+0BB5
    { 25, 14, 469, 2, 14, 44, 1714 }, // U+0BB6
    { 31, 21, 538, 1, 14, 82, 1758 }, // U+0BB7
    { 30, 15, 514, 1, 15, 57, 1840 }, // U+0BB8
    { 38, 22, 648, 1, 14, 105, 1897 }, // U+0BB9
    { 14, 14, 256, 2, 14, 25, 2002 }, // U+0BBE
    { 12, 21, 105, -7, 21, 32, 2027 }, // U+0BBF
    { 11, 8, 0, -11, 21, 11, 2059 }, // U+0BC0
    { 17, 9, 201, -5, 14, 20, 2070 }, // U+0BC1
    { 26, 19, 338, -6, 19, 62, 2090 }, // U+0BC2
    { 19, 21, 360, 1, 21, 50, 2152 }, // U+0BC6
    { 16, 21, 288, 1, 21, 42, 2202 }, // U+0BC7
    { 26, 14, 464, 1, 14, 46, 2244 }, // U+0BC8
    { 41, 21, 683, 1, 21, 108, 2290 }, // U+0BCA
    { 36, 21, 604, 1, 21, 95, 2398 }, // U+0BCB
    { 52, 21, 860, 1, 21, 137, 2493 }, // U+0BCC
    { 3, 3, 0, -9, 20, 2, 2630 }, // U+0BCD
    { 26, 22, 456, 1, 14, 72, 2632 }, // U+0BD0
    { 25, 14, 428, 1, 14, 44, 2704 }, // U+0BD7
    { 14, 14, 260, 1, 14, 25, 2748 }, // U+0BE6
    { 19, 14, 330, 1, 14, 34, 2773 }, // U+0BE7
    { 25, 14, 427, 2, 14, 44, 2807 }, // U+0BE8
    { 22, 14, 394, 2, 14, 39, 2851 }, // U+0BE9
    { 21, 14, 376, 1, 14, 37, 2890 }, // U+0BEA
    { 24, 29, 420, 2, 21, 87, 2927 }, // U+0BEB
    { 24, 14, 402, 1, 14, 42, 3014 }, // U+0BEC
    { 18, 14, 320, 1, 14, 32, 3056 }, // U+0BED
    { 26, 18, 448, 1, 14, 59, 3088 }, // U+0BEE
    { 27, 14, 462, 1, 14, 48, 3147 }, // U+0BEF
    { 18, 21, 350, 2, 21, 48, 3195 }, // U+0BF0
    { 20, 14, 355, 2, 14, 35, 3243 }, // U+0BF1
    { 23, 22, 386, 1, 14, 64, 3278 }, // U+0BF2
    { 23, 14, 394, 1, 14, 41, 3342 }, // U+0BF3
    { 29, 21, 507, 2, 21, 77, 3383 }, // U+0BF4
    { 53, 29, 889, 2, 21, 193, 3460 }, // U+0BF5
    { 23, 22, 411, 1, 14, 64, 3653 }, // U+0BF6
    { 32, 14, 531, 1, 14, 56, 3717 }, // U+0BF7
    { 46, 28, 786, 1, 21, 161, 3773 }, // U+0BF8
    { 24, 29, 420, 2, 21, 87, 3934 }, // U+0BF9
    { 29, 29, 486, 1, 21, 106, 4021 }, // U+0BFA
    { 0, 0, 0, 0, 0, 0, 4127 }, // U+200C
    { 0, 0, 0, 0, 0, 0, 4127 }, // U+200D
    { 12, 12, 225, 1, 13, 18, 4127 }, // U+25CC
    { 11, 18, 240, 2, 18, 25, 4145 }, // U+F0000
    { 0, 0, 104, 0, 0, 0, 4170 }, // U+F0001
    { 6, 6, 141, 1, 21, 5, 4170 }, // U+F0002
    { 21, 21, 358, 1, 21, 56, 4175 }, // U+F0003
    { 26, 18, 448, 1, 14, 59, 4231 }, // U+F0004
    { 32, 22, 525, 1, 14, 88, 4290 }, // U+F0005
    { 25, 29, 450, 1, 21, 91, 4378 }, // U+F0006
    { 15, 14, 283, 2, 14, 27, 4469 }, // U+F0007
    { 25, 14, 427, 2, 14, 44, 4496 }, // U+F0008
    { 36, 14, 616, 2, 14, 63, 4540 }, // U+F0009
    { 18, 14, 320, 1, 14, 32, 4603 }, // U+F000A
    { 18, 19, 320, 1, 14, 43, 4635 }, // U+F000B
    { 23, 22, 409, 2, 14, 64, 4678 }, // U+F000C
    { 22, 22, 394, 1, 14, 61, 4742 }, // U+F000D
    { 22, 22, 394, 1, 14, 61, 4803 }, // U+F000E
    { 50, 22, 820, 1, 14, 138, 4864 }, // U+F000F
    { 19, 14, 330, 1, 14, 34, 5002 }, // U+F0010
    { 22, 14, 418, 2, 14, 39, 5036 }, // U+F0011
    { 16, 14, 289, 1, 14, 28, 5075 }, // U+F0012
    { 23, 22, 409, 2, 14, 64, 5103 }, // U+F0013
    { 28, 22, 484, 2, 14, 77, 5167 }, // U+F0014
    { 15, 14, 277, 2, 14, 27, 5244 }, // U+F0015
    { 40, 14, 659, 1, 14, 70, 5271 }, // U+F0016
    { 19, 22, 330, 1, 14, 53, 5341 }, // U+F0017
    { 18, 22, 316, 1, 14, 50, 5394 }, // U+F0018
    { 29, 14, 494, 1, 14, 51, 5444 }, // U+F0019
    { 15, 14, 311, 2, 14, 27, 5495 }, // U+F001A
    { 18, 14, 343, 2, 14, 32, 5522 }, // U+F001B
    { 20, 14, 385, 2, 14, 35, 5554 }, // U+F001C
    { 14, 20, 256, 2, 14, 35, 5589 }, // U+F001D
    { 19, 22, 348, 1, 14, 53, 5624 }, // U+F001E
    { 23, 15, 405, 1, 15, 44, 5677 }, // U+F001F
    { 25, 14, 428, 1, 14, 44, 5721 }, // U+F0020
    { 19, 22, 343, 2, 14, 53, 5765 }, // U+F0021
    { 23, 14, 418, 1, 14, 41, 5818 }, // U+F0022
    { 25, 14, 469, 2, 14, 44, 5859 }, // U+F0023
    { 31, 21, 538, 1, 14, 82, 5903 }, // U+F0024
    { 30, 15, 514, 1, 15, 57, 5985 }, // U+F0025
    { 38, 22, 648, 1, 14, 105, 6042 }, // U+F0026
    { 14, 14, 256, 2, 14, 25, 6147 }, // U+F0027
    { 12, 21, 105, -7, 21, 32, 6172 }, // U+F0028
    { 11, 8, 0, -11, 21, 11, 6204 }, // U+F0029
    { 17, 9, 201, -5, 14, 20, 6215 }, // U+F002A
    { 26, 19, 338, -6, 19, 62, 6235 }, // U+F002B
    { 19, 21, 360, 1, 21, 50, 6297 }, // U+F002C
    { 16, 21, 288, 1, 21, 42, 6347 }, // U+F002D
    { 26, 14, 464, 1, 14, 46, 6389 }, // U+F002E
    { 41, 21, 683, 1, 21, 108, 6435 }, // U+F002F
    { 36, 21, 604, 1, 21, 95, 6543 }, // U+F0030
    { 52, 21, 860, 1, 21, 137, 6638 }, // U+F0031
    { 3, 3, 0, -9, 20, 2, 6775 }, // U+F0032
    { 26, 22, 456, 1, 14, 72, 6777 }, // U+F0033
    { 25, 14, 428, 1, 14, 44, 6849 }, // U+F0034
    { 14, 14, 260, 1, 14, 25, 6893 }, // U+F0035
    { 19, 14, 330, 1, 14, 34, 6918 }, // U+F0036
    { 25, 14, 427, 2, 14, 44, 6952 }, // U+F0037
    { 22, 14, 394, 2, 14, 39, 6996 }, // U+F0038
    { 21, 14, 376, 1, 14, 37, 7035 }, // U+F0039
    { 24, 29, 420, 2, 21, 87, 7072 }, // U+F003A
    { 24, 14, 402, 1, 14, 42, 7159 }, // U+F003B
    { 18, 14, 320, 1, 14, 32, 7201 }, // U+F003C
    { 26, 18, 448, 1, 14, 59, 7233 }, // U+F003D
    { 27, 14, 462, 1, 14, 48, 7292 }, // U+F003E
    { 18, 21, 350, 2, 21, 48, 7340 }, // U+F003F
    { 20, 14, 355, 2, 14, 35, 7388 }, // U+F0040
    { 23, 22, 386, 1, 14, 64, 7423 }, // U+F0041
    { 23, 14, 394, 1, 14, 41, 7487 }, // U+F0042
    { 29, 21, 507, 2, 21, 77, 7528 }, // U+F0043
    { 53, 29, 889, 2, 21, 193, 7605 }, // U+F0044
    { 23, 22, 411, 1, 14, 64, 7798 }, // U+F0045
    { 32, 14, 531, 1, 14, 56, 7862 }, // U+F0046
    { 46, 28, 786, 1, 21, 161, 7918 }, // U+F0047
    { 24, 29, 420, 2, 21, 87, 8079 }, // U+F0048
    { 29, 29, 486, 1, 21, 106, 8166 }, // U+F0049
    { 44, 21, 740, 1, 14, 116, 8272 }, // U+F004A
    { 19, 20, 330, 1, 20, 48, 8388 }, // U+F004B
    { 22, 20, 418, 2, 20, 55, 8436 }, // U+F004C
    { 16, 20, 289, 1, 20, 40, 8491 }, // U+F004D
    { 23, 28, 409, 2, 20, 81, 8531 }, // U+F004E
    { 27, 28, 484, 2, 20, 95, 8612 }, // U+F004F
    { 15, 20, 277, 2, 20, 38, 8707 }, // U+F0050
    { 40, 20, 660, 1, 20, 100, 8745 }, // U+F0051
    { 19, 28, 330, 1, 20, 67, 8845 }, // U+F0052
    { 18, 28, 316, 1, 20, 63, 8912 }, // U+F0053
    { 29, 20, 494, 1, 20, 73, 8975 }, // U+F0054
    { 15, 20, 311, 2, 20, 38, 9048 }, // U+F0055
    { 18, 20, 343, 2, 20, 45, 9086 }, // U+F0056
    { 20, 20, 385, 2, 20, 50, 9131 }, // U+F0057
    { 14, 26, 256, 2, 20, 46, 9181 }, // U+F0058
    { 19, 28, 348, 1, 20, 67, 9227 }, // U+F0059
    { 23, 20, 405, 1, 20, 58, 9294 }, // U+F005A
    { 25, 20, 428, 1, 20, 63, 9352 }, // U+F005B
    { 19, 28, 343, 2, 20, 67, 9415 }, // U+F005C
    { 23, 20, 418, 1, 20, 58, 9482 }, // U+F005D
    { 25, 20, 469, 2, 20, 63, 9540 }, // U+F005E
    { 31, 27, 529, 1, 20, 105, 9603 }, // U+F005F
    { 30, 20, 514, 1, 20, 75, 9708 }, // U+F0060
    { 38, 28, 648, 1, 20, 133, 9783 }, // U+F0061
    { 44, 27, 740, 1, 20, 149, 9916 }, // U+F0062
    { 20, 22, 330, 1, 22, 55, 10065 }, // U+F0063
    { 24, 22, 425, 2, 14, 66, 10120 }, // U+F0064
    { 32, 14, 533, 1, 14, 56, 10186 }, // U+F0065
    { 25, 21, 418, 2, 21, 66, 10242 }, // U+F0066
    { 22, 21, 418, 2, 14, 58, 10308 }, // U+F0067
    { 28, 22, 486, 2, 14, 77, 10366 }, // U+F0068
    { 18, 22, 310, 1, 22, 50, 10443 }, // U+F0069
    { 20, 14, 347, 1, 14, 35, 10493 }, // U+F006A
    { 28, 22, 478, 2, 14, 77, 10528 }, // U+F006B
    { 25, 29, 409, 2, 21, 91, 10605 }, // U+F006C
    { 28, 30, 484, 2, 22, 105, 10696 }, // U+F006D
    { 28, 22, 490, 1, 14, 77, 10801 }, // U+F006E
    { 39, 22, 636, 1, 14, 108, 10878 }, // U+F006F
    { 18, 22, 319, 2, 14, 50, 10986 }, // U+F0070
    { 18, 14, 319, 2, 14, 32, 11036 }, // U+F0071
    { 22, 28, 406, 2, 21, 77, 11068 }, // U+F0072
    { 21, 28, 361, 2, 21, 74, 11145 }, // U+F0073
    { 41, 22, 681, 1, 22, 113, 11219 }, // U+F0074
    { 43, 22, 736, 1, 14, 119, 11332 }, // U+F0075
    { 54, 22, 882, 1, 14, 149, 11451 }, // U+F0076
    { 20, 30, 330, 1, 22, 75, 11600 }, // U+F0077
    { 25, 22, 436, 1, 14, 69, 11675 }, // U+F0078
    { 35, 22, 582, 1, 14, 97, 11744 }, // U+F0079
    { 19, 29, 316, 1, 21, 69, 11841 }, // U+F007A
    { 24, 22, 423, 1, 14, 66, 11910 }, // U+F007B
    { 34, 22, 569, 1, 14, 94, 11976 }, // U+F007C
    { 32, 22, 515, 1, 22, 88, 12070 }, // U+F007D
    { 33, 22, 570, 1, 14, 91, 12158 }, // U+F007E
    { 44, 22, 716, 1, 14, 121, 12249 }, // U+F007F
    { 17, 21, 311, 2, 21, 45, 12370 }, // U+F0080
    { 15, 21, 311, 2, 14, 40, 12415 }, // U+F0081
    { 22, 22, 379, 2, 14, 61, 12455 }, // U+F0082
    { 21, 21, 343, 2, 21, 56, 12516 }, // U+F0083
    { 25, 21, 453, 2, 14, 66, 12572 }, // U+F0084
    { 28, 21, 493, 2, 14, 74, 12638 }, // U+F0085
    { 23, 22, 385, 2, 22, 64, 12712 }, // U+F0086
    { 20, 21, 385, 2, 14, 53, 12776 }, // U+F0087
    { 26, 22, 453, 2, 14, 72, 12829 }, // U+F0088
    { 15, 27, 277, 2, 21, 51, 12901 }, // U+F0089
    { 24, 22, 420, 2, 14, 66, 12952 }, // U+F008A
    { 26, 22, 461, 2, 14, 72, 13018 }, // U+F008B
    { 21, 29, 348, 1, 21, 77, 13090 }, // U+F008C
    { 26, 22, 454, 1, 14, 72, 13167 }, // U+F008D
    { 36, 22, 600, 1, 14, 99, 13239 }, // U+F008E
    { 29, 21, 508, 1, 21, 77, 13338 }, // U+F008F
    { 25, 22, 405, 1, 22, 69, 13415 }, // U+F0090
    { 29, 23, 504, 1, 15, 84, 13484 }, // U+F0091
    { 39, 23, 650, 1, 15, 113, 13568 }, // U+F0092
    { 27, 22, 449, 1, 22, 75, 13681 }, // U+F0093
    { 35, 22, 593, 2, 14, 97, 13756 }, // U+F0094
    { 38, 22, 641, 2, 14, 105, 13853 }, // U+F0095
    { 21, 29, 343, 2, 21, 77, 13958 }, // U+F0096
    { 25, 22, 453, 2, 14, 69, 14035 }, // U+F0097
    { 28, 22, 493, 2, 14, 77, 14104 }, // U+F0098
    { 25, 22, 418, 1, 22, 69, 14181 }, // U+F0099
    { 23, 21, 418, 1, 14, 61, 14250 }, // U+F009A
    { 29, 22, 486, 1, 14, 80, 14311 }, // U+F009B
    { 33, 29, 539, 1, 22, 120, 14391 }, // U+F009C
    { 35, 21, 617, 1, 21, 92, 14511 }, // U+F009D
    { 31, 22, 514, 1, 22, 86, 14603 }, // U+F009E
    { 40, 30, 648, 1, 22, 150, 14689 }, // U+F009F
    { 46, 29, 740, 1, 22, 167, 14839 }, // U+F00A0
    { 35, 29, 606, 2, 21, 127, 15006 }, // U+F00A1
    { 15, 21, 105, -11, 21, 40, 15133 }, // U+F00A2
    { 14, 21, 105, -10, 21, 37, 15173 }, // U+F00A3
    { 15, 21, 105, -11, 21, 40, 15210 }, // U+F00A4
    { 13, 21, 105, -8, 21, 35, 15250 }, // U+F00A5
    { 21, 9, 195, -10, 14, 24, 15285 }, // U+F00A6
    { 29, 19, 332, -9, 19, 69, 15309 }, // U+F00A7
    { 3, 18, 140, 4, 16, 7, 15378 }, // U+F00A8
    { 8, 18, 228, 4, 16, 18, 15385 }, // U+F00A9
    { 2, 26, 0, -1, 19, 7, 15403 }, // U+F00AA
    { 10, 27, 0, -5, 20, 34, 15410 }, // U+F00AB
    { 12, 12, 225, 1, 13, 18, 15444 }, // U+F00AC
};

static const EpdUnicodeInterval tamil_ui_12Intervals[] = {
    { 0x964, 0x965, 0x0 },
    { 0xB82, 0xB83, 0x2 },
    { 0xB85, 0xB8A, 0x4 },
    { 0xB8E, 0xB90, 0xA },
    { 0xB92, 0xB95, 0xD },
    { 0xB99, 0xB9A, 0x11 },
    { 0xB9C, 0xB9C, 0x13 },
    { 0xB9E, 0xB9F, 0x14 },
    { 0xBA3, 0xBA4, 0x16 },
    { 0xBA8, 0xBAA, 0x18 },
    { 0xBAE, 0xBB9, 0x1B },
    { 0xBBE, 0xBC2, 0x27 },
    { 0xBC6, 0xBC8, 0x2C },
    { 0xBCA, 0xBCD, 0x2F },
    { 0xBD0, 0xBD0, 0x33 },
    { 0xBD7, 0xBD7, 0x34 },
    { 0xBE6, 0xBFA, 0x35 },
    { 0x200C, 0x200D, 0x4A },
    { 0x25CC, 0x25CC, 0x4C },
    { 0xF0000, 0xF00AC, 0x4D },
};

static BuiltinShapingFace tamil_ui_12Shaping = {
    tamilLayout,
    sizeof(tamilLayout),
    0x6BCE1A97,
    1600,
    &tamil_ui_12Glyphs[77],
    173,
    nullptr,
};

static constexpr EpdFontData tamil_ui_12 = {
    tamil_ui_12Bitmaps,
    tamil_ui_12Glyphs,
    tamil_ui_12Intervals,
    20,
    31,
    22,
    -10,
    false,
    nullptr,
    0,
    nullptr,
    nullptr,
    nullptr,
    nullptr,
    nullptr,
    nullptr,
    nullptr,
    nullptr,
    nullptr,
    nullptr,
    nullptr,
    0,
    0,
    0,
    0,
    nullptr,
    0,
    nullptr,  // glyphMissHandler
    nullptr,  // glyphMissCtx
    nullptr,  // coverageHandler
    &builtinShaping::shape,
    &tamil_ui_12Shaping,
};
