/**
 * generated by fontconvert.py
 * name: tamil_14_bold
 * size: 14
 * mode: 2-bit  compressed: true
 * Command used: fontconvert.py tamil_14_bold 14 ../builtinFonts/source/NotoSansTamil/NotoSansTamil-Bold.ttf --no-default-intervals --additional-intervals 0x0B80,0x0BFF --additional-intervals 0x0964,0x0965 --additional-intervals 0x200C,0x200D --additional-intervals 0x25CC,0x25CC --shaping-font ../builtinFonts/source/NotoSansTamil/NotoSansTamil-Bold.ttf --shaping-scripts tamil --shaping-layout-symbol tamilLayout --shaping-layout-header tamil_layout.h --shaping-layout-font ../builtinFonts/source/NotoSansTamil/NotoSansTamil-Regular.ttf --2bit --compress --pnum --darken-aa --zopfli --max-group-bytes 16384
 */
#pragma once
#include "EpdFontData.h"

#include "BuiltinShaping.h"
#include "tamil_layout.h"

static const uint8_t tamil_14_boldBitmaps[16056] = {
    0xCD, 0x5A, 0x3D, 0xAC, 0xDE, 0x46, 0x76, 0x9D, 0x8F, 0x84, 0x1F, 0x01, 0x13, 0x08, 0xD3, 0xAC,
    0x8A, 0xA8, 0x60, 0x0F, 0x04, 0x61, 0x9B, 0x8E, 0x9F, 0x2C, 0x24, 0x2E, 0x5C, 0xC8, 0x01, 0xD2,
    0xB9, 0x70, 0xEA, 0xA4, 0x78, 0x7D, 0x0A, 0x93, 0xB6, 0x81, 0x6C, 0xB1, 0xC5, 0x6A, 0x81, 0x74,
    0x6E, 0x52, 0x24, 0xCD, 0x36, 0xEA, 0x9B, 0x1D, 0xDA, 0x2A, 0x52, 0xB8, 0x58, 0x6A, 0x55, 0xA8,
    0x48, 0xB1, 0xB4, 0x23, 0x07, 0xBB, 0x69, 0x44, 0xD9, 0xDC, 0x84, 0xCF, 0x1A, 0xF2, 0x64, 0xCE,
    0xBD, 0x97, 0xEF, 0xE3, 0x7B, 0x4F, 0xF0, 0xBF, 0x83, 0xBD, 0xB6, 0xE6, 0x9C, 0x19, 0x92, 0x1F,
    0x67, 0xE6, 0x9E, 0x99, 0xB9, 0x33, 0x7C, 0xBE, 0xFB, 0x26, 0xFF, 0x39, 0xE7, 0xBB, 0xBA, 0xFF,
    0xA1, 0xFE, 0xB9, 0x68, 0xC5, 0xEC, 0x6A, 0xB8, 0xB5, 0x69, 0x43, 0xD1, 0xC5, 0xFF, 0x23, 0xA9,
    0xC1, 0xC2, 0x4B, 0xCB, 0x71, 0x24, 0x34, 0x18, 0x08, 0x00, 0x2F, 0x25, 0xB8, 0x17, 0x22, 0xA4,
    0x6B, 0xA6, 0x90, 0x2E, 0x06, 0x56, 0x68, 0xB7, 0xD8, 0x03, 0xBB, 0xC7, 0x0B, 0xFD, 0xB1, 0xBD,
    0x65, 0x18, 0x5C, 0xB3, 0xBA, 0x0A, 0x21, 0x01, 0xBA, 0x06, 0x6B, 0x06, 0x0C, 0x78, 0x8C, 0x62,
    0xA9, 0x47, 0xB4, 0xB8, 0x37, 0x17, 0x13, 0x8E, 0xB8, 0x37, 0x45, 0xB0, 0xDC, 0x93, 0x78, 0xAD,
    0x19, 0x6B, 0xAC, 0x29, 0x30, 0x94, 0x08, 0x07, 0xA0, 0x4B, 0xD0, 0xBB, 0x6A, 0xE1, 0x7B, 0xF9,
    0x3E, 0xBE, 0xA5, 0x02, 0x5A, 0x21, 0x1E, 0x18, 0x85, 0xE0, 0xBF, 0x10, 0x48, 0x0E, 0x70, 0x80,
    0x91, 0x05, 0x47, 0xB9, 0xF4, 0x24, 0xA0, 0x15, 0x82, 0xD9, 0x77, 0x24, 0x35, 0x46, 0x25, 0x39,
    0xDA, 0x86, 0x84, 0xC6, 0x92, 0x12, 0x6A, 0xC7, 0x66, 0x23, 0x0A, 0x24, 0x9D, 0x73, 0x29, 0x7F,
    0x19, 0xAD, 0x73, 0xC5, 0xE2, 0xB4, 0xA4, 0x99, 0x23, 0x69, 0x2E, 0x8E, 0xFF, 0x80, 0x21, 0x92,
    0x4A, 0xEE, 0x8C, 0x24, 0x03, 0x30, 0x49, 0x55, 0xCF, 0x71, 0xE1, 0x48, 0x76, 0x95, 0xDF, 0x55,
    0x7F, 0xD7, 0x00, 0x6D, 0x82, 0x52, 0x6B, 0x84, 0x51, 0x6B, 0xC6, 0xAE, 0x21, 0xBB, 0xA6, 0xEC,
    0x1A, 0xB3, 0x6F, 0x0E, 0x4D, 0x4B, 0xAD, 0x49, 0xA4, 0xFE, 0x44, 0x8D, 0xD1, 0x81, 0x68, 0xB5,
    0x61, 0x80, 0xD0, 0x6A, 0x25, 0xED, 0xFC, 0xE4, 0x6E, 0xC9, 0x45, 0x74, 0x35, 0x00, 0x3C, 0x0B,
    0x38, 0xD6, 0x7D, 0x0E, 0x60, 0xF1, 0x42, 0x9D, 0xC7, 0x7A, 0x44, 0xA4, 0x4D, 0xE7, 0xA4, 0x9E,
    0xFC, 0xD5, 0x4B, 0x9A, 0xA2, 0x75, 0x34, 0x7C, 0xF6, 0x8A, 0x87, 0x13, 0x6B, 0x60, 0x72, 0xD1,
    0x3A, 0xF5, 0x4A, 0x0F, 0x1E, 0x4F, 0x0D, 0x2F, 0x9C, 0xF5, 0x8D, 0xC8, 0x29, 0x05, 0x80, 0x55,
    0x6E, 0xBE, 0xF8, 0x2B, 0xCF, 0x9F, 0x6B, 0x16, 0x76, 0xE2, 0xE8, 0x9C, 0x5C, 0xAF, 0x67, 0x97,
    0x4A, 0x53, 0x8B, 0xE0, 0xF2, 0x55, 0xC5, 0x46, 0x2E, 0x8F, 0xBA, 0x72, 0x4A, 0xB0, 0xB0, 0x26,
    0xD5, 0x58, 0xF1, 0x5D, 0x68, 0xEB, 0xB1, 0x91, 0xD6, 0x76, 0xF5, 0x80, 0x47, 0x58, 0x9D, 0x27,
    0x69, 0x01, 0x92, 0x1E, 0x1F, 0x05, 0xB4, 0x2C, 0xF1, 0x98, 0xD1, 0x91, 0x48, 0xAF, 0x36, 0x91,
    0xB0, 0x4F, 0x23, 0xA9, 0x46, 0xF6, 0x68, 0x24, 0xC5, 0x25, 0x99, 0x1F, 0xE0, 0x4B, 0x5E, 0xCC,
    0x40, 0x73, 0x4D, 0x97, 0x6A, 0xEF, 0xB2, 0xE4, 0xF7, 0x77, 0xCE, 0x31, 0x36, 0x5D, 0x89, 0xD6,
    0xA5, 0x08, 0x4D, 0x57, 0xA3, 0x77, 0x05, 0x9B, 0xE3, 0x7F, 0x3B, 0xB9, 0xEA, 0x73, 0x38, 0x87,
    0x9F, 0xAD, 0xAE, 0x19, 0xA8, 0x96, 0xF7, 0xF0, 0x11, 0x5A, 0x92, 0xCE, 0x03, 0xEC, 0x3C, 0x0A,
    0x7F, 0xCE, 0x40, 0xD7, 0x5A, 0x27, 0xA8, 0x13, 0x67, 0xB6, 0x1F, 0xEF, 0x7A, 0xEB, 0x3B, 0x35,
    0xD0, 0xC6, 0x2B, 0x69, 0x9B, 0xAE, 0x54, 0x1A, 0x47, 0xAC, 0xA5, 0x6F, 0x3C, 0x5E, 0xAA, 0x23,
    0xDE, 0xFE, 0x62, 0x69, 0x3A, 0x4B, 0xB5, 0x44, 0xAF, 0x7E, 0x65, 0x9A, 0x00, 0xF7, 0xCD, 0x2F,
    0xCB, 0xE6, 0xC6, 0x56, 0xC4, 0xB8, 0xA2, 0x27, 0xBE, 0x1F, 0xEA, 0x91, 0xF8, 0x71, 0xD0, 0x3E,
    0x82, 0x62, 0x8D, 0x51, 0xCA, 0x73, 0xBC, 0x2B, 0xF7, 0x1D, 0xFE, 0x1E, 0xE2, 0xAE, 0xCA, 0x54,
    0xE0, 0x71, 0xC1, 0xAC, 0x68, 0x4E, 0x50, 0x6D, 0xF4, 0x86, 0xA5, 0xA1, 0xBE, 0xBF, 0x59, 0xD9,
    0x7E, 0xA9, 0x43, 0x0A, 0x90, 0x4B, 0x3D, 0x0A, 0xE5, 0x52, 0x97, 0xFA, 0xE9, 0x6D, 0xA4, 0xAB,
    0xD6, 0xA7, 0xC1, 0x1D, 0xA4, 0x8B, 0xD6, 0xC9, 0xE3, 0x11, 0xB9, 0xC7, 0x5C, 0x8D, 0xC0, 0x73,
    0x72, 0xA9, 0x1B, 0xDE, 0x10, 0x9E, 0xE1, 0x35, 0xF4, 0xFE, 0x75, 0xE1, 0x87, 0x07, 0xC0, 0xB1,
    0x06, 0xB9, 0xD6, 0xB3, 0xB2, 0x67, 0x59, 0xD7, 0x0C, 0x07, 0x72, 0xB4, 0x57, 0xFB, 0xDE, 0x6C,
    0xF6, 0x3B, 0x5E, 0xEE, 0xB8, 0x3B, 0x23, 0xE8, 0xD8, 0x53, 0xA5, 0x14, 0xB8, 0x9F, 0xAE, 0xA2,
    0xDF, 0x25, 0x2A, 0x80, 0x29, 0x9E, 0xCD, 0x4C, 0x01, 0x4D, 0xDF, 0x8F, 0xE9, 0x23, 0x3C, 0xE4,
    0xBB, 0x3C, 0xD3, 0x8E, 0x69, 0xF3, 0x09, 0x4B, 0x6A, 0xE0, 0xEE, 0x42, 0x25, 0xB1, 0xB6, 0x98,
    0x62, 0xFA, 0xA3, 0xFE, 0x7E, 0xB1, 0x38, 0x1D, 0x6A, 0xCE, 0x46, 0x9D, 0x8E, 0xEB, 0x6C, 0x95,
    0x21, 0x1B, 0x1C, 0xED, 0xEF, 0xE2, 0xBF, 0x73, 0xB4, 0x67, 0x18, 0x5C, 0x26, 0x3E, 0x5A, 0x4C,
    0xAE, 0xEC, 0xCA, 0x2F, 0x81, 0x7F, 0x42, 0x17, 0xFD, 0xD0, 0x04, 0xAA, 0xFD, 0xBD, 0xB5, 0x8A,
    0x9D, 0x3A, 0xE2, 0x88, 0x52, 0xB0, 0x45, 0x31, 0x11, 0x1F, 0x2B, 0x36, 0x58, 0x23, 0xD6, 0x63,
    0x85, 0x39, 0x22, 0xFA, 0x8C, 0xCA, 0xB9, 0x8D, 0xCE, 0x55, 0xA0, 0x6D, 0xAE, 0x77, 0x05, 0x61,
    0x3D, 0xBA, 0x7A, 0xA5, 0x84, 0x92, 0xC1, 0x0F, 0x52, 0xCD, 0x11, 0x9D, 0xD3, 0xDF, 0x6B, 0x4F,
    0x38, 0x2B, 0x56, 0x81, 0xD8, 0xB9, 0x3A, 0xC4, 0xFB, 0x9A, 0x8B, 0x04, 0xB8, 0x83, 0xBE, 0x82,
    0x58, 0x97, 0x03, 0x73, 0x0D, 0x50, 0x94, 0x6D, 0x86, 0xC9, 0x9D, 0xEC, 0x1C, 0xF8, 0x57, 0x9B,
    0xB0, 0xD0, 0xBB, 0x03, 0x01, 0xC1, 0xE5, 0xF8, 0xF2, 0xCD, 0x5B, 0xC0, 0x51, 0x16, 0xA5, 0x0C,
    0x7D, 0x8D, 0xC1, 0x9D, 0x39, 0x3F, 0x7A, 0x2C, 0xCE, 0x0F, 0xE5, 0x0C, 0x20, 0xC5, 0x5C, 0x04,
    0xB6, 0x0B, 0x63, 0xCE, 0x59, 0xFB, 0x1C, 0x63, 0x46, 0x6C, 0xBE, 0x88, 0x79, 0xFF, 0x1B, 0x34,
    0x8F, 0x43, 0xC9, 0x77, 0x36, 0x0F, 0xA9, 0x75, 0x4E, 0x11, 0x40, 0x9F, 0x60, 0xA8, 0x87, 0x0A,
    0xD2, 0x18, 0xA9, 0x45, 0x76, 0xBF, 0xB0, 0x39, 0x8E, 0x4D, 0x77, 0x6C, 0x95, 0x27, 0x96, 0xA3,
    0xAB, 0x0C, 0x9B, 0xD1, 0x45, 0x64, 0x6F, 0xF1, 0xBE, 0xF5, 0xB6, 0x38, 0x28, 0x97, 0xBB, 0x65,
    0xF0, 0xCE, 0x36, 0xAB, 0xB6, 0xDF, 0xAA, 0x3D, 0xE3, 0x65, 0x7B, 0x9A, 0xAB, 0xED, 0xB9, 0xF7,
    0xBD, 0xDA, 0x53, 0xE1, 0x9E, 0xB4, 0x07, 0xF8, 0x5F, 0xF3, 0xE7, 0xAC, 0x58, 0x06, 0xB6, 0x27,
    0x0B, 0xA9, 0x4C, 0x26, 0x44, 0x5D, 0x6F, 0xDF, 0x78, 0x81, 0x56, 0x9A, 0x01, 0x91, 0x9C, 0xB7,
    0xF6, 0xE4, 0x60, 0xF1, 0x4D, 0x3F, 0x25, 0xB8, 0xA8, 0x01, 0xB0, 0x77, 0x74, 0x89, 0x61, 0x8E,
    0x05, 0xDA, 0xD2, 0xC5, 0x25, 0xB0, 0x82, 0x02, 0xBF, 0x67, 0x93, 0xDB, 0x1C, 0xF7, 0xA3, 0x78,
    0xEB, 0xC1, 0xD1, 0x87, 0x87, 0x04, 0x03, 0x97, 0x10, 0x59, 0xDF, 0x1A, 0x36, 0xBE, 0xAF, 0x39,
    0x8B, 0x69, 0x01, 0x80, 0x04, 0x73, 0x31, 0xD7, 0x58, 0xAC, 0xE0, 0x3F, 0x51, 0x60, 0xCA, 0x43,
    0x03, 0x74, 0x52, 0xA0, 0xFD, 0x22, 0x05, 0x83, 0x16, 0x58, 0x07, 0x35, 0x4F, 0x9B, 0x51, 0x0A,
    0xAC, 0xA7, 0x62, 0xF7, 0x54, 0x5A, 0x60, 0x5D, 0x36, 0xD5, 0xBD, 0x15, 0x58, 0xDF, 0x0D, 0xF5,
    0x64, 0x8F, 0x58, 0x27, 0x1E, 0x0B, 0xA0, 0x97, 0x82, 0xAD, 0x37, 0x33, 0xA0, 0xD5, 0x82, 0xB4,
    0x55, 0x99, 0xF8, 0x0B, 0xA7, 0x05, 0x45, 0xC8, 0x4C, 0x01, 0x66, 0x26, 0x9C, 0x93, 0x99, 0x82,
    0x4E, 0x66, 0x52, 0x32, 0xDB, 0x69, 0x4A, 0x6D, 0x27, 0x2E, 0x33, 0x53, 0xD9, 0xDE, 0x4C, 0x6E,
    0x66, 0x7B, 0xDD, 0x99, 0xB1, 0x56, 0xE8, 0xAE, 0x43, 0xE0, 0x7A, 0x45, 0x58, 0x76, 0x00, 0x80,
    0xC3, 0x97, 0x30, 0xAB, 0x1B, 0x57, 0x87, 0xCF, 0xD2, 0xF5, 0x2D, 0x38, 0xB4, 0x29, 0x3D, 0x80,
    0x36, 0x0F, 0x84, 0xA7, 0xE7, 0xE1, 0x75, 0xB8, 0x06, 0xF8, 0x1F, 0x80, 0xCA, 0x7E, 0x8C, 0xE0,
    0x12, 0x06, 0x90, 0x83, 0x53, 0x79, 0x97, 0xE3, 0x0D, 0x6C, 0x7D, 0xE7, 0x88, 0xC7, 0x66, 0xC3,
    0x8F, 0x57, 0x45, 0xA0, 0x33, 0x1C, 0x04, 0xA3, 0x1B, 0xF4, 0xBE, 0xCA, 0xB0, 0x14, 0x8C, 0x4D,
    0x33, 0x8C, 0xCE, 0xD1, 0xFB, 0x81, 0x1B, 0xA8, 0x2D, 0xDC, 0xA7, 0x6C, 0xAC, 0x35, 0xD2, 0x52,
    0x2D, 0x2F, 0x24, 0xAD, 0x25, 0x65, 0x33, 0x9D, 0xB6, 0xD2, 0x49, 0x23, 0x1D, 0xDB, 0x28, 0x4B,
    0xEF, 0x24, 0x63, 0xB7, 0x77, 0x6C, 0xA0, 0xFB, 0xFA, 0x89, 0xD7, 0xFF, 0x88, 0x13, 0x2F, 0x8D,
    0x13, 0xEF, 0x99, 0x44, 0x55, 0x1C, 0x6A, 0x74, 0x89, 0xCC, 0x29, 0x1D, 0xB8, 0x5C, 0x8E, 0x7E,
    0x88, 0xF9, 0x12, 0x9D, 0x4C, 0xBC, 0xFE, 0x59, 0xC4, 0x66, 0xCE, 0xF0, 0xF3, 0xB1, 0x19, 0xB9,
    0x90, 0xE7, 0xC0, 0x90, 0x03, 0x63, 0x0A, 0x74, 0x07, 0xC6, 0x06, 0x7E, 0x75, 0x37, 0xED, 0x30,
    0xB8, 0x57, 0x21, 0x3A, 0x4B, 0x83, 0x83, 0xB2, 0x3C, 0xE4, 0xC6, 0x8A, 0xA9, 0x92, 0xC5, 0xCE,
    0xB1, 0x0D, 0x23, 0x97, 0x3A, 0xFA, 0x03, 0x9D, 0x32, 0x8E, 0xA3, 0x39, 0x05, 0x06, 0xE7, 0x3F,
    0x04, 0x90, 0xD2, 0xF7, 0x78, 0x97, 0x0B, 0x20, 0x00, 0xB2, 0x3B, 0x78, 0xB8, 0xA6, 0x38, 0x46,
    0xE6, 0x74, 0x21, 0x8C, 0xFC, 0x48, 0xE6, 0x3B, 0xB4, 0xF8, 0x04, 0xC6, 0xB8, 0x28, 0x0A, 0xEB,
    0x4A, 0xAC, 0x29, 0x99, 0xEF, 0x12, 0x3C, 0x8D, 0x8C, 0xD1, 0xA4, 0x13, 0x63, 0x80, 0x29, 0x24,
    0xDD, 0xA2, 0x50, 0x46, 0xA5, 0xB9, 0x85, 0xE8, 0x14, 0xE4, 0xE4, 0x2C, 0x7C, 0x6D, 0xF0, 0x99,
    0xBB, 0xE5, 0xD9, 0x65, 0x05, 0x68, 0x8B, 0xCD, 0x6C, 0x16, 0x13, 0x27, 0x5E, 0xE7, 0x32, 0x1C,
    0xBF, 0x47, 0xD2, 0x32, 0x01, 0x10, 0x4E, 0x89, 0x44, 0x72, 0x67, 0x8C, 0x7C, 0x11, 0x13, 0xEA,
    0x33, 0x92, 0x17, 0xF4, 0x67, 0x82, 0x93, 0xAD, 0x05, 0x9E, 0xBE, 0xE2, 0xD7, 0x37, 0xDF, 0x12,
    0x11, 0x56, 0x81, 0x7E, 0x75, 0x39, 0xC6, 0x74, 0x91, 0xE9, 0x01, 0x68, 0x4B, 0xCC, 0xEC, 0x83,
    0x67, 0xF3, 0x01, 0x75, 0x5F, 0x3F, 0x09, 0x5B, 0x64, 0x51, 0x8D, 0xFE, 0xE1, 0x6A, 0x01, 0x46,
    0x28, 0x46, 0xBC, 0x07, 0x66, 0x1E, 0xE1, 0xDF, 0x43, 0x31, 0x59, 0xA6, 0xF5, 0x57, 0x33, 0x4B,
    0x69, 0x19, 0x06, 0x1F, 0x68, 0x46, 0x3C, 0xD1, 0xE8, 0x0C, 0xAF, 0x01, 0x43, 0x83, 0x25, 0x66,
    0x18, 0x34, 0x03, 0x5D, 0x85, 0x59, 0x23, 0x12, 0xEE, 0x4F, 0xCE, 0xD0, 0xC7, 0xCC, 0xB7, 0x9B,
    0x4B, 0x2E, 0x6C, 0xD1, 0x1B, 0x5C, 0xAD, 0x52, 0x66, 0xFB, 0xFC, 0x2A, 0xA3, 0x2C, 0x85, 0x0C,
    0xB3, 0x03, 0x74, 0x9C, 0xC9, 0xE0, 0x9D, 0x22, 0x70, 0xA4, 0x1D, 0x70, 0xE4, 0x50, 0x4B, 0x61,
    0x53, 0x20, 0xD3, 0x5B, 0x08, 0xFA, 0xBE, 0x51, 0x7E, 0x8C, 0xD2, 0xD5, 0x4D, 0x0B, 0x54, 0x0C,
    0xE8, 0x14, 0x8E, 0x0A, 0xAD, 0x80, 0xAE, 0x4B, 0xFB, 0x94, 0x13, 0x47, 0x2C, 0xEF, 0x4B, 0x4D,
    0x5F, 0xAC, 0x4C, 0x81, 0x5E, 0xD2, 0x29, 0xA6, 0x17, 0x55, 0xE0, 0xD5, 0x5C, 0xD2, 0x6C, 0x61,
    0x9A, 0xDE, 0x48, 0x33, 0xB9, 0xAA, 0x92, 0xAB, 0x67, 0xA9, 0x9D, 0x4D, 0x3B, 0x15, 0x36, 0x47,
    0xDF, 0x77, 0x98, 0x4E, 0x15, 0x43, 0x7B, 0xAA, 0xDD, 0x2F, 0x25, 0x35, 0x69, 0x00, 0xA3, 0xDC,
    0xDE, 0x90, 0x25, 0x30, 0x1B, 0x4D, 0x11, 0xF5, 0xB0, 0xC9, 0xA1, 0xEE, 0x4D, 0x0B, 0x5D, 0x64,
    0x26, 0x84, 0xC8, 0x4C, 0x05, 0x64, 0x94, 0x40, 0x49, 0x66, 0xFE, 0x27, 0x6B, 0xFD, 0x9E, 0x95,
    0x64, 0xE6, 0xF6, 0xC8, 0xCC, 0xE7, 0x91, 0x99, 0xC3, 0x23, 0x33, 0x6F, 0x47, 0xC6, 0x0D, 0xE5,
    0xF2, 0x5D, 0x93, 0x96, 0x09, 0x80, 0x7D, 0x72, 0x74, 0x0D, 0x97, 0xCA, 0x54, 0x56, 0xD0, 0x5C,
    0x56, 0xEB, 0x62, 0x69, 0x26, 0x1C, 0xCB, 0xA9, 0x08, 0x31, 0x1D, 0x73, 0x49, 0x53, 0x4D, 0x97,
    0xEB, 0x69, 0xB6, 0xDD, 0xD3, 0x72, 0x4A, 0xDB, 0xED, 0xBD, 0x3A, 0x88, 0xD4, 0x64, 0x59, 0xA9,
    0xFB, 0xEF, 0x0B, 0xED, 0x15, 0x78, 0x04, 0x42, 0x03, 0x5A, 0x5F, 0x2B, 0xE4, 0xAB, 0x27, 0x90,
    0x0F, 0xBB, 0x84, 0xF1, 0x0C, 0x03, 0x81, 0xEF, 0x94, 0x78, 0xAE, 0x2E, 0x3A, 0x3B, 0xE9, 0xD4,
    0x65, 0xBA, 0x6E, 0x28, 0x9B, 0x3F, 0x71, 0x9B, 0xF9, 0x21, 0x8B, 0xBA, 0xCA, 0xB0, 0x54, 0x08,
    0x36, 0x91, 0xB9, 0x6A, 0x6E, 0xF0, 0x3A, 0x67, 0xC2, 0x32, 0xC8, 0xD4, 0xC8, 0xF3, 0xA7, 0xE8,
    0x53, 0xC2, 0x18, 0x81, 0x2B, 0xCD, 0x1E, 0xCA, 0x97, 0x15, 0xD6, 0x06, 0x83, 0x40, 0xD3, 0x13,
    0x4C, 0xB8, 0x19, 0x8E, 0xD4, 0xB7, 0x5F, 0x75, 0xF4, 0xCD, 0x16, 0xE5, 0x89, 0x66, 0x7F, 0xE7,
    0x4C, 0xE3, 0x76, 0x2F, 0x55, 0x6E, 0x32, 0x37, 0x9D, 0xDF, 0xB4, 0xBF, 0x64, 0x08, 0x33, 0xBB,
    0x64, 0x91, 0xE9, 0xB7, 0xCD, 0x75, 0x9D, 0x1B, 0x12, 0xB4, 0x05, 0x7E, 0xE1, 0xF9, 0xD6, 0x3A,
    0x56, 0x32, 0x38, 0xDF, 0x37, 0x03, 0x27, 0xF5, 0x7A, 0x88, 0x62, 0xCF, 0x23, 0xD2, 0xD9, 0xD9,
    0xE2, 0x2A, 0xE2, 0xFB, 0x44, 0x6E, 0xA7, 0x56, 0x62, 0xEB, 0x2F, 0x11, 0xF1, 0xFE, 0x28, 0xF0,
    0x8F, 0xE8, 0x38, 0x59, 0x1B, 0x81, 0x96, 0xE2, 0xAE, 0xB1, 0x8A, 0xB4, 0x33, 0x0C, 0x7C, 0xFF,
    0x53, 0x9D, 0xB8, 0xA0, 0xD6, 0x65, 0x1B, 0x29, 0xF0, 0x37, 0x32, 0x3D, 0xB9, 0x7A, 0xD2, 0xE3,
    0xA6, 0xD8, 0x17, 0x2E, 0x25, 0xE1, 0x76, 0xCE, 0x08, 0x60, 0x84, 0xF5, 0x20, 0x61, 0x45, 0x94,
    0xB4, 0xDE, 0x48, 0xA7, 0x84, 0x83, 0x4D, 0x09, 0x97, 0x33, 0x12, 0xD9, 0xE6, 0x91, 0xB0, 0x3A,
    0x4A, 0x18, 0x7F, 0xAE, 0x02, 0xC0, 0x10, 0x81, 0x01, 0x5D, 0x84, 0x14, 0x6F, 0x2F, 0x11, 0xB2,
    0x25, 0x05, 0x21, 0x24, 0x0A, 0x6E, 0x83, 0xE3, 0x4D, 0x38, 0x9C, 0xEE, 0x1C, 0xF2, 0x50, 0xB2,
    0xD9, 0x00, 0x82, 0xC2, 0x28, 0x20, 0x31, 0x44, 0x16, 0x64, 0xA5, 0x4C, 0x45, 0x6B, 0x11, 0xD0,
    0x3B, 0xAC, 0x4E, 0xA0, 0x4F, 0x04, 0xBA, 0x92, 0xD7, 0xF8, 0xB0, 0xCE, 0xA2, 0xA3, 0xCE, 0xE8,
    0x7B, 0x87, 0xD2, 0x8B, 0x0C, 0x60, 0x3D, 0xD0, 0x45, 0xA4, 0x17, 0xA9, 0x2E, 0x76, 0x61, 0xA0,
    0xCA, 0xE6, 0xF8, 0x86, 0x88, 0xDC, 0x0C, 0x23, 0x22, 0x38, 0x65, 0x1D, 0x23, 0x02, 0xCE, 0xB0,
    0x15, 0xFC, 0x04, 0x9D, 0x60, 0xEB, 0x3F, 0x84, 0x13, 0xFC, 0x88, 0xC8, 0x9E, 0xA3, 0x57, 0xD9,
    0x71, 0x3A, 0x21, 0xAE, 0x19, 0xF1, 0x80, 0x49, 0x10, 0x47, 0x02, 0xD0, 0xBD, 0x94, 0x84, 0x28,
    0x7F, 0x2F, 0x84, 0x7A, 0xFE, 0x96, 0xA4, 0xCD, 0xED, 0xF1, 0xAE, 0x08, 0x45, 0xA0, 0x33, 0xA7,
    0x66, 0xCE, 0x65, 0x90, 0x01, 0xD2, 0x50, 0x57, 0xA8, 0x7C, 0x82, 0x3B, 0x60, 0xE1, 0x22, 0xD7,
    0x6F, 0xFD, 0x61, 0x3B, 0x26, 0x5E, 0x65, 0xA1, 0xF4, 0x4A, 0x22, 0xFD, 0x27, 0x1D, 0x93, 0xE2,
    0x3C, 0x52, 0xE9, 0x1B, 0x79, 0x9B, 0x93, 0xEE, 0x51, 0xCA, 0x1E, 0x8A, 0x22, 0x29, 0xC6, 0x46,
    0x3B, 0xE9, 0x2E, 0x1E, 0xBC, 0x80, 0xF5, 0x13, 0x00, 0x58, 0x57, 0xD5, 0xA4, 0xDA, 0x5B, 0x89,
    0xBF, 0x28, 0xAC, 0xC3, 0x5C, 0xDD, 0x15, 0xD6, 0x67, 0xCE, 0x47, 0x6A, 0xDD, 0xB6, 0xEB, 0x39,
    0xEB, 0xBC, 0x8D, 0x5A, 0xA4, 0xB7, 0x3A, 0x33, 0x19, 0x91, 0x66, 0x69, 0x78, 0x19, 0xCD, 0xE6,
    0x93, 0xEF, 0xC7, 0x4B, 0x5A, 0x28, 0xB5, 0xB0, 0xF1, 0x65, 0xF6, 0xE7, 0xEC, 0x9B, 0x21, 0x41,
    0xCF, 0x97, 0x79, 0x06, 0x3B, 0x73, 0x2A, 0xCB, 0x00, 0x62, 0xC6, 0xE9, 0xA0, 0xC3, 0x4F, 0xE1,
    0x7C, 0xCF, 0x91, 0x0F, 0x8A, 0x98, 0xAA, 0xC9, 0x57, 0x1E, 0xEE, 0x52, 0x37, 0xD9, 0x62, 0x8A,
    0xD1, 0x81, 0x57, 0x4C, 0x1C, 0x79, 0xC6, 0xEC, 0x48, 0x25, 0xB2, 0xD6, 0x2B, 0x1B, 0x8D, 0x75,
    0xD5, 0xA8, 0xA3, 0xAF, 0xF9, 0x83, 0x1F, 0x74, 0xF8, 0xC5, 0xB4, 0xD3, 0xF1, 0x57, 0x00, 0x36,
    0x00, 0x13, 0x4C, 0xE6, 0xBB, 0x03, 0x7A, 0x8E, 0x43, 0xF5, 0x5E, 0x81, 0xC9, 0x63, 0x54, 0xFF,
    0xE9, 0x94, 0xC7, 0x09, 0xF7, 0x8E, 0x0F, 0xAE, 0xFE, 0x03, 0x16, 0x0E, 0xAD, 0x89, 0x35, 0xAC,
    0xFB, 0x66, 0x4C, 0xC1, 0x59, 0x82, 0x29, 0x03, 0x53, 0xB4, 0xC0, 0x14, 0x95, 0xAE, 0x99, 0x4E,
    0xE5, 0xDE, 0xC8, 0xA2, 0xCD, 0x4C, 0x7B, 0xCA, 0xD0, 0x9B, 0x9A, 0x69, 0x3A, 0xF5, 0xA7, 0x5D,
    0x51, 0x8F, 0x5A, 0x46, 0x7D, 0xEA, 0x99, 0x41, 0x67, 0x5E, 0x95, 0x4C, 0x4B, 0xBF, 0x6A, 0x26,
    0xBE, 0x8E, 0x9E, 0xD5, 0x4C, 0x7A, 0x65, 0x83, 0xB9, 0x9C, 0x38, 0x8F, 0x96, 0x33, 0x98, 0x69,
    0x50, 0x66, 0x66, 0xD1, 0x94, 0xD9, 0xBF, 0x70, 0xEB, 0xE3, 0x4E, 0x86, 0x6E, 0x9F, 0x39, 0xEE,
    0x33, 0xED, 0x2E, 0xF3, 0x43, 0xAE, 0x87, 0x4C, 0x9C, 0xBF, 0xA0, 0x63, 0xD0, 0xE9, 0xFC, 0xD3,
    0x4C, 0x0D, 0x87, 0x62, 0x4E, 0x1F, 0x4B, 0xEC, 0x98, 0x30, 0x39, 0x20, 0x96, 0x49, 0x07, 0x6B,
    0xCD, 0x7E, 0xB0, 0x84, 0xE6, 0x57, 0x79, 0x7F, 0x05, 0x8C, 0x0D, 0xF2, 0x11, 0x48, 0x47, 0x34,
    0x1F, 0x8C, 0x28, 0xD1, 0x23, 0xD3, 0xEF, 0x03, 0xFF, 0xE8, 0x36, 0xF3, 0x32, 0xB9, 0x32, 0xC5,
    0xC0, 0x94, 0xB2, 0x2A, 0xE6, 0x32, 0x30, 0xCD, 0x2F, 0xD3, 0x7C, 0x65, 0x49, 0x2A, 0x57, 0x0F,
    0x7A, 0xE6, 0x5E, 0xAD, 0x76, 0x98, 0x72, 0x9F, 0x90, 0x01, 0x0B, 0xB1, 0xB2, 0x13, 0x5F, 0x7F,
    0x71, 0x86, 0x81, 0xF7, 0x76, 0x54, 0x1C, 0x55, 0x26, 0x3B, 0x9D, 0x6C, 0xE1, 0x3F, 0x2F, 0xAE,
    0x4B, 0x57, 0xC1, 0x21, 0x85, 0xE0, 0x94, 0xF0, 0x9E, 0xA9, 0x0C, 0x44, 0xBE, 0xF5, 0x40, 0x0C,
    0x39, 0xF3, 0x7C, 0xBF, 0x20, 0x6B, 0x20, 0x42, 0xE1, 0x73, 0xAB, 0x93, 0x89, 0x8B, 0xF5, 0x4B,
    0x48, 0xE7, 0x78, 0xDF, 0xE0, 0x9C, 0x97, 0x49, 0xEB, 0xFE, 0x5B, 0xE8, 0x35, 0x8C, 0xD7, 0xEF,
    0x29, 0x76, 0xDA, 0xF0, 0xAA, 0xAE, 0x24, 0x66, 0x95, 0x14, 0x66, 0x5A, 0xE7, 0x4A, 0xA7, 0x17,
    0x9E, 0xE4, 0x04, 0x97, 0xA2, 0xE3, 0x38, 0x29, 0x56, 0xBE, 0x53, 0x7E, 0x9A, 0xDE, 0x1D, 0x09,
    0x6D, 0xD3, 0x47, 0xE0, 0xBE, 0x4E, 0x00, 0x04, 0x8E, 0x84, 0x2B, 0x70, 0xB4, 0x9C, 0x5F, 0x08,
    0xEF, 0x03, 0x6D, 0x84, 0x9F, 0x01, 0x7D, 0xD3, 0xF9, 0x5F, 0xF3, 0xD0, 0xB9, 0xAB, 0x7F, 0x3D,
    0x56, 0x84, 0x67, 0x02, 0x25, 0x04, 0x72, 0xCC, 0x7E, 0x68, 0x3A, 0x56, 0xB7, 0x6B, 0x3A, 0xD7,
    0x00, 0x2E, 0x42, 0x86, 0x89, 0x60, 0xE6, 0x35, 0x16, 0x40, 0x20, 0x05, 0xD8, 0xB6, 0x4F, 0x19,
    0x90, 0xF8, 0x1E, 0x5D, 0x19, 0x6A, 0x7E, 0x91, 0x98, 0x24, 0x1D, 0x98, 0x46, 0x7C, 0x8E, 0x96,
    0xF3, 0x07, 0x1C, 0xEF, 0x5A, 0xA8, 0xBE, 0xD3, 0x67, 0xA4, 0x56, 0xD3, 0x04, 0x83, 0xE3, 0x3D,
    0xC1, 0x79, 0xEA, 0xC6, 0x35, 0x43, 0xFD, 0x29, 0x18, 0x5E, 0x71, 0x8D, 0x0B, 0x4C, 0x73, 0x34,
    0x1F, 0x82, 0xFD, 0xFF, 0x04, 0x7C, 0xAF, 0x2E, 0x1F, 0x98, 0x1C, 0x33, 0xAD, 0x6E, 0x0A, 0x32,
    0x0E, 0xBF, 0x06, 0xA0, 0x5F, 0x59, 0xB0, 0xC5, 0x26, 0x4F, 0x6F, 0x61, 0xFD, 0x6B, 0x8C, 0xB2,
    0x21, 0xE0, 0x04, 0x64, 0x7B, 0xC3, 0x22, 0xD8, 0x76, 0x20, 0x0F, 0xB6, 0x1B, 0x20, 0x91, 0xCD,
    0x40, 0x16, 0x6C, 0x2F, 0xC0, 0xB0, 0xD9, 0x5F, 0x21, 0xC5, 0x6C, 0x1B, 0x81, 0x72, 0xDC, 0xF6,
    0x01, 0xE3, 0xB6, 0xEF, 0xEB, 0x6D, 0x17, 0x90, 0x58, 0x5F, 0x5D, 0x73, 0xB4, 0x99, 0xF9, 0xDB,
    0xCC, 0xDC, 0x6E, 0x66, 0xDE, 0x37, 0x33, 0x11, 0x98, 0x99, 0x16, 0xCC, 0x4C, 0x12, 0x96, 0x33,
    0x65, 0x58, 0xCE, 0x04, 0x42, 0x6A, 0x84, 0xC9, 0x01, 0x00, 0x4C, 0x2E, 0x97, 0xB9, 0xF6, 0x25,
    0xB9, 0x77, 0x0E, 0xE0, 0x6F, 0x6D, 0x1A, 0x3A, 0x80, 0x74, 0x93, 0xD2, 0x1D, 0xCD, 0x99, 0xA2,
    0xF4, 0x9A, 0x09, 0xEB, 0x1D, 0xCD, 0x99, 0xBE, 0x9C, 0xE6, 0x4C, 0x66, 0x96, 0x33, 0xB5, 0x59,
    0xAE, 0xC4, 0x3E, 0x67, 0xDA, 0xB3, 0x9C, 0x49, 0xD0, 0x72, 0xA6, 0x44, 0xCB, 0x99, 0x20, 0x2D,
    0x67, 0xB6, 0x53, 0xA7, 0x99, 0x6A, 0x74, 0x2B, 0x06, 0x94, 0x99, 0x5E, 0x95, 0xAB, 0x6A, 0x95,
    0xAB, 0x76, 0x95, 0xAB, 0x82, 0x8D, 0x0F, 0x27, 0xAE, 0x6A, 0x56, 0x2E, 0x9A, 0xD6, 0x21, 0x1E,
    0x54, 0xD9, 0xCA, 0x55, 0xDF, 0xC6, 0x25, 0x6C, 0x1C, 0xB8, 0xFF, 0x52, 0xF7, 0x14, 0x23, 0xD5,
    0xA5, 0x8A, 0x2F, 0x26, 0x72, 0xD5, 0xBD, 0x96, 0xAB, 0xFA, 0xB3, 0x81, 0xDC, 0xC6, 0x80, 0x23,
    0xB7, 0x91, 0xA0, 0xBC, 0x0C, 0x27, 0xAE, 0xA3, 0x42, 0x39, 0xC7, 0x86, 0x71, 0x1B, 0x21, 0xC6,
    0x39, 0x4E, 0x8C, 0xDB, 0x68, 0x31, 0xEE, 0xBE, 0x4A, 0xA6, 0x7B, 0xA5, 0xDE, 0x10, 0xEB, 0x0D,
    0xBD, 0xDE, 0x94, 0xEC, 0x4D, 0xD5, 0xDE, 0x14, 0xEE, 0x4D, 0xED, 0xDE, 0x94, 0xAF, 0x71, 0x4D,
    0xCE, 0xD7, 0x7B, 0x00, 0x82, 0x89, 0x58, 0x2B, 0xA8, 0x7D, 0x6E, 0x05, 0xD5, 0xD5, 0x82, 0x77,
    0x64, 0x21, 0xE0, 0x12, 0x62, 0x6A, 0x96, 0x75, 0xAF, 0x9C, 0xC4, 0x05, 0x8D, 0x08, 0xFA, 0x2E,
    0xA7, 0x79, 0x29, 0x30, 0x4D, 0xA7, 0x11, 0xB4, 0xE0, 0xA7, 0x2A, 0xEB, 0x0C, 0x98, 0xA4, 0xC0,
    0x94, 0xCD, 0xB7, 0x06, 0x29, 0xD8, 0xC4, 0x9D, 0xAD, 0x6F, 0x5B, 0x81, 0xE9, 0x9B, 0x87, 0x39,
    0x52, 0xB0, 0x49, 0x3C, 0x5D, 0xAC, 0x60, 0x53, 0x79, 0x8A, 0x7B, 0xFA, 0xC8, 0x26, 0x74, 0x07,
    0x68, 0x81, 0x69, 0x9D, 0x38, 0x6A, 0xC1, 0x36, 0xFF, 0xE6, 0x56, 0xB1, 0x77, 0x1C, 0x85, 0x8F,
    0x88, 0x3C, 0xF8, 0xC4, 0x7A, 0x5F, 0xC5, 0xAE, 0xCE, 0xF2, 0x44, 0x09, 0x59, 0xD6, 0x7F, 0x76,
    0x6F, 0x01, 0x16, 0x5B, 0xDF, 0x46, 0x57, 0x53, 0x06, 0x67, 0x47, 0xC8, 0xA7, 0x12, 0x1E, 0xA0,
    0xCE, 0x90, 0x70, 0x8E, 0x1F, 0x4B, 0x7E, 0x83, 0x63, 0x6A, 0x5F, 0x4B, 0x8E, 0xF9, 0x46, 0x8A,
    0x17, 0x53, 0x1E, 0xFC, 0x63, 0xFC, 0x45, 0xF9, 0xC5, 0x22, 0x1F, 0x4C, 0xEA, 0xF2, 0x73, 0x09,
    0x8C, 0x43, 0x5D, 0x8E, 0xFA, 0xC9, 0x84, 0xA7, 0x9A, 0xAB, 0x78, 0xF1, 0x9E, 0xCA, 0x60, 0xC4,
    0x13, 0xE6, 0xF3, 0x76, 0xFC, 0xFC, 0x0B, 0x3C, 0xA5, 0xD4, 0xC6, 0xE7, 0xA3, 0x07, 0x5C, 0x4D,
    0x52, 0x91, 0x0C, 0xC0, 0x58, 0x1B, 0x69, 0xD1, 0xA9, 0x02, 0x32, 0xFD, 0x9E, 0xFF, 0x66, 0x3C,
    0xBD, 0xA1, 0x6A, 0x60, 0x0B, 0x66, 0xA2, 0xAD, 0xD2, 0x86, 0x3E, 0x25, 0xFE, 0x91, 0x6D, 0x43,
    0x59, 0xE9, 0x23, 0xC7, 0xDE, 0xC8, 0x4A, 0x07, 0x57, 0x5F, 0xDC, 0xE6, 0xF2, 0x95, 0xE0, 0xC8,
    0x1A, 0xB6, 0x68, 0x65, 0x3F, 0xB5, 0x25, 0x92, 0xE5, 0x85, 0x4E, 0x6E, 0xE1, 0xCD, 0xFA, 0x18,
    0x7F, 0x80, 0xF2, 0x3E, 0xFE, 0xBF, 0x7F, 0x76, 0xD8, 0x66, 0xCC, 0x9C, 0x4F, 0xDB, 0x10, 0xEF,
    0x24, 0x82, 0xBA, 0x85, 0x5E, 0xC3, 0xD8, 0x6D, 0x84, 0x56, 0x7B, 0xF4, 0x56, 0x5E, 0x0F, 0x67,
    0x72, 0x5F, 0x81, 0x1B, 0xDF, 0xCC, 0xDD, 0x37, 0xF9, 0x66, 0x0E, 0xDB, 0x2D, 0xDF, 0xC0, 0x56,
    0xA7, 0x00, 0x06, 0xA9, 0x86, 0x1F, 0xAF, 0x8A, 0x40, 0x67, 0x38, 0x08, 0x72, 0x45, 0x27, 0x76,
    0x95, 0x61, 0x49, 0xA4, 0x6B, 0x0C, 0x79, 0xF0, 0xFD, 0x15, 0x9F, 0x3D, 0xE8, 0xDC, 0x6B, 0xC0,
    0xFE, 0x4E, 0x09, 0xCB, 0x0E, 0x40, 0x5B, 0x4A, 0x85, 0x5A, 0x01, 0x83, 0xF8, 0x02, 0xAD, 0x02,
    0xFB, 0xDB, 0x3E, 0x81, 0xD8, 0x37, 0x10, 0xFB, 0x08, 0xA2, 0x5F, 0x41, 0xD4, 0x1E, 0xE0, 0x62,
    0xEB, 0xE9, 0x59, 0x25, 0xCE, 0x3B, 0x0A, 0x5C, 0xDC, 0x39, 0xA7, 0x23, 0x17, 0x27, 0x41, 0xA4,
    0xB8, 0x25, 0x1F, 0x6D, 0xF2, 0xEC, 0xF3, 0xC5, 0x26, 0xD4, 0x59, 0xB1, 0x92, 0x1E, 0xE4, 0x41,
    0x8F, 0x61, 0xA7, 0xE8, 0x63, 0xEB, 0x79, 0x0F, 0x88, 0x13, 0xAB, 0xB4, 0x43, 0x30, 0xFC, 0x16,
    0x1C, 0x0D, 0x83, 0xE0, 0x52, 0x2E, 0x7A, 0x5F, 0x0A, 0xC5, 0x04, 0xE8, 0x14, 0xBD, 0xE0, 0x01,
    0x8D, 0xE5, 0xEB, 0x41, 0x51, 0x44, 0xE0, 0xD2, 0xB5, 0x08, 0xC4, 0x6C, 0xE1, 0xAC, 0xAF, 0x1F,
    0x7F, 0x5B, 0x9D, 0xD4, 0xD9, 0x76, 0xCE, 0x10, 0x35, 0xEE, 0xBB, 0x73, 0x1C, 0x75, 0x86, 0x92,
    0xB6, 0x01, 0xD2, 0xB6, 0x33, 0x5C, 0x8F, 0x8A, 0xD0, 0xDD, 0x44, 0x93, 0x3E, 0x71, 0xB9, 0x82,
    0x10, 0x0B, 0x85, 0x61, 0x6D, 0xC8, 0x01, 0x50, 0xCC, 0x1C, 0x6A, 0x9C, 0x71, 0xF5, 0x58, 0x82,
    0x48, 0x9F, 0x10, 0xE9, 0x14, 0x22, 0xBD, 0x42, 0xA4, 0x5B, 0x88, 0x3F, 0xFA, 0xDF, 0x3E, 0x44,
    0xBC, 0xA0, 0x0C, 0x4D, 0x10, 0x24, 0x76, 0x76, 0xAF, 0x82, 0x51, 0xD2, 0x66, 0xD0, 0xE9, 0xC5,
    0x71, 0x0A, 0x21, 0x61, 0x21, 0x2F, 0xE9, 0x04, 0x42, 0xD2, 0x19, 0x69, 0x7A, 0x0B, 0xF5, 0xAB,
    0xF9, 0xBB, 0xFD, 0x45, 0x98, 0xB7, 0xBF, 0x08, 0x3B, 0xFF, 0xBA, 0xBF, 0x08, 0x33, 0x67, 0x44,
    0x7B, 0x09, 0x33, 0x17, 0x9D, 0xA3, 0x27, 0x5B, 0x78, 0x21, 0x28, 0x63, 0x85, 0xCC, 0x51, 0x73,
    0x86, 0x96, 0x59, 0xAD, 0x4C, 0xA3, 0x6C, 0x68, 0x7A, 0xBA, 0x2B, 0x5D, 0xFD, 0x58, 0xF7, 0x74,
    0x58, 0x26, 0x67, 0xED, 0x74, 0x59, 0x76, 0xE9, 0xB4, 0x14, 0xD5, 0xE4, 0xC5, 0x6D, 0x9C, 0x24,
    0xD1, 0x6A, 0xEF, 0xA1, 0xF3, 0x3A, 0xA2, 0xCA, 0xD5, 0xBD, 0xBA, 0x0F, 0x50, 0xB6, 0xBF, 0xC7,
    0x8A, 0x90, 0x68, 0x05, 0x0F, 0x17, 0x12, 0x90, 0xB9, 0x96, 0xFD, 0x44, 0xCB, 0x83, 0x40, 0xBA,
    0x28, 0x40, 0x20, 0xD1, 0x03, 0x87, 0x83, 0x42, 0x4C, 0xBE, 0x21, 0xD8, 0x03, 0x06, 0x09, 0x64,
    0xE2, 0x4A, 0x79, 0x40, 0x83, 0x21, 0xBE, 0xC8, 0x7F, 0x8A, 0x8B, 0xEA, 0xF2, 0x28, 0xB1, 0xC4,
    0xC8, 0x2A, 0x25, 0x68, 0xB9, 0x6A, 0xEA, 0x89, 0xF8, 0x50, 0x5B, 0x5F, 0x28, 0xE0, 0x11, 0xF4,
    0x3C, 0x44, 0x0E, 0x32, 0x36, 0x38, 0xFE, 0x10, 0xF0, 0xDD, 0x86, 0xD8, 0xE8, 0x0A, 0xC3, 0xDA,
    0x50, 0x87, 0xD8, 0x9F, 0x3A, 0x19, 0x62, 0x40, 0x2B, 0x43, 0x0C, 0x18, 0x65, 0x88, 0x01, 0xB3,
    0x0C, 0xB1, 0xA5, 0x08, 0x3A, 0xC4, 0xF2, 0x40, 0x3F, 0x11, 0x6D, 0x02, 0x53, 0x3C, 0xF8, 0x79,
    0x3B, 0x53, 0xAB, 0x15, 0xDB, 0x2D, 0x74, 0xC1, 0x70, 0xF5, 0x04, 0x05, 0x47, 0xC3, 0x76, 0x7F,
    0x86, 0x6A, 0x07, 0x86, 0xE6, 0xEE, 0x29, 0xA2, 0x9E, 0xA1, 0xDA, 0x39, 0xA1, 0xB3, 0x43, 0xC2,
    0x88, 0x7A, 0x86, 0x1A, 0x11, 0x70, 0x86, 0x2D, 0x91, 0x47, 0x49, 0x44, 0x3D, 0x45, 0x12, 0xFC,
    0x88, 0x68, 0xE7, 0x81, 0x6E, 0x77, 0x86, 0x9A, 0xDA, 0x31, 0xA0, 0xA0, 0x85, 0xA9, 0xB3, 0x22,
    0x5F, 0x6F, 0x15, 0x2C, 0xB0, 0x55, 0xB9, 0x7A, 0x7A, 0x3E, 0x58, 0x33, 0x97, 0x7C, 0xDC, 0x2E,
    0xDE, 0x55, 0x56, 0xAF, 0xE7, 0x0F, 0x95, 0xBD, 0xF3, 0xAB, 0xC2, 0xD8, 0xAF, 0xEA, 0xF2, 0xE3,
    0x51, 0x62, 0x8E, 0xB5, 0xC2, 0xCF, 0x59, 0xAF, 0x14, 0xF8, 0x78, 0x2D, 0xC8, 0x72, 0x7B, 0xA7,
    0x7E, 0xF8, 0x21, 0xD3, 0x8F, 0x3F, 0xC6, 0xC6, 0xFC, 0x92, 0xA5, 0x27, 0xB6, 0x7C, 0x15, 0xCB,
    0xAE, 0x3D, 0xAB, 0x1F, 0x87, 0xC8, 0xCC, 0xC5, 0x1B, 0xEB, 0x8C, 0x71, 0x1E, 0x30, 0x7B, 0xE5,
    0x01, 0xA0, 0x41, 0xA7, 0x59, 0x0E, 0xB3, 0xF6, 0xB4, 0xC3, 0x32, 0x5B, 0xAC, 0xA4, 0x01, 0xFE,
    0xFB, 0x6F, 0xF5, 0xD1, 0x7E, 0xEB, 0x33, 0xFB, 0x81, 0xDB, 0xE6, 0xCB, 0x4A, 0xAF, 0xE8, 0xDD,
    0x02, 0x7E, 0xDE, 0x2D, 0x0E, 0x1D, 0x7F, 0x97, 0xB7, 0x98, 0xD9, 0xF2, 0x08, 0x52, 0x33, 0x1E,
    0x83, 0x52, 0x5D, 0xA2, 0x0E, 0x80, 0xE2, 0x0B, 0xD2, 0x32, 0xD1, 0x89, 0x96, 0xE4, 0xFA, 0x1D,
    0x5C, 0x66, 0x38, 0x2D, 0x89, 0xD2, 0x6F, 0x06, 0xDF, 0x89, 0x76, 0x34, 0xE8, 0x48, 0x18, 0xAC,
    0xA2, 0xD3, 0x93, 0x4A, 0x1C, 0x75, 0xA3, 0x59, 0x4E, 0x68, 0xF5, 0xB8, 0x92, 0x25, 0xE2, 0x8B,
    0x80, 0x16, 0xA0, 0xB2, 0x62, 0xC9, 0xB3, 0xD9, 0xA1, 0xD5, 0x12, 0x38, 0x29, 0x81, 0x46, 0x5F,
    0xFA, 0x2D, 0xC5, 0x4A, 0x3A, 0xDF, 0x65, 0xBC, 0xE7, 0x5D, 0x74, 0x52, 0x32, 0x70, 0x2B, 0x90,
    0xB3, 0x84, 0x0A, 0xD4, 0x61, 0x3A, 0xD6, 0x2C, 0xE9, 0xD0, 0x51, 0x8B, 0x1A, 0xD4, 0xF0, 0xE3,
    0x94, 0x9D, 0x68, 0x5A, 0x78, 0x53, 0xCD, 0x4D, 0x2C, 0x55, 0x7D, 0xEA, 0x3D, 0xC5, 0x76, 0x12,
    0x91, 0x01, 0xFA, 0x3B, 0x91, 0xB4, 0x65, 0xD0, 0x03, 0x4E, 0x2D, 0x61, 0x8F, 0x16, 0xEB, 0xAE,
    0x0B, 0xFB, 0x6D, 0xCB, 0x66, 0x96, 0x18, 0x55, 0x97, 0xA8, 0x68, 0x15, 0xEB, 0x4B, 0xE7, 0xFA,
    0x45, 0x31, 0xC7, 0x7A, 0x34, 0xC7, 0x8D, 0x76, 0x09, 0xC0, 0xBF, 0xBD, 0xE9, 0x7E, 0xF2, 0x00,
    0xBB, 0x81, 0x6A, 0x76, 0x72, 0xE5, 0x39, 0x68, 0xFA, 0xB0, 0xD9, 0x9F, 0x89, 0xC0, 0xB6, 0x82,
    0xD2, 0xFE, 0x86, 0xE9, 0x47, 0x47, 0x00, 0x2F, 0x43, 0xD6, 0xC1, 0x50, 0x3E, 0x0C, 0xD5, 0x10,
    0xEB, 0x71, 0x1D, 0xBB, 0x83, 0x97, 0x40, 0xD8, 0x86, 0x49, 0x05, 0xAC, 0xA6, 0x7E, 0x93, 0xB6,
    0xD9, 0x19, 0xEC, 0x8A, 0xDE, 0xAB, 0x34, 0xC3, 0x25, 0xD5, 0x38, 0x83, 0x66, 0xC1, 0x06, 0xCD,
    0x22, 0x8E, 0xC6, 0xFE, 0x16, 0x3C, 0x5D, 0x12, 0x60, 0x20, 0x45, 0xBA, 0xE4, 0x14, 0xAF, 0x06,
    0x20, 0x3A, 0xAD, 0x32, 0x0A, 0x01, 0x90, 0x90, 0xB6, 0x9E, 0xB4, 0x23, 0xED, 0x84, 0x8E, 0xC1,
    0x66, 0xB4, 0xFA, 0x83, 0xE7, 0xC1, 0x69, 0x64, 0x52, 0xE3, 0x8B, 0xED, 0x4C, 0xBF, 0xC0, 0xE3,
    0x48, 0x25, 0x46, 0x49, 0x28, 0xA7, 0xCE, 0xDD, 0xB0, 0xDB, 0xE6, 0xD0, 0xDD, 0xF0, 0x5E, 0xAE,
    0x1D, 0x0A, 0xEC, 0x1F, 0xC3, 0x7A, 0xCC, 0x59, 0x41, 0x33, 0xD9, 0x64, 0x54, 0x8B, 0xE5, 0x6C,
    0xCC, 0x66, 0x4C, 0xD4, 0xCA, 0x70, 0xF5, 0xB4, 0xBC, 0x1E, 0x25, 0x1D, 0x98, 0x1A, 0x33, 0x55,
    0xA8, 0xF9, 0x4E, 0xF2, 0x98, 0xED, 0x0C, 0xD8, 0xA6, 0x06, 0xA0, 0x4D, 0x40, 0xAE, 0xE7, 0x2C,
    0x16, 0xDA, 0x0F, 0x96, 0xAF, 0x01, 0x1F, 0xF8, 0x97, 0xFC, 0xB6, 0x9A, 0xF8, 0x47, 0x28, 0x96,
    0x62, 0xAE, 0x98, 0xE7, 0x41, 0x00, 0x5A, 0xA4, 0x2B, 0xF3, 0x3F, 0x39, 0xE2, 0x7D, 0xE0, 0x5D,
    0x38, 0xBC, 0x86, 0x22, 0x54, 0xCF, 0xD1, 0xF1, 0x18, 0xE0, 0x91, 0xE4, 0x53, 0x00, 0x90, 0xF3,
    0xD3, 0xE7, 0x38, 0xF0, 0x24, 0x8C, 0x79, 0x3D, 0x48, 0xC5, 0x43, 0x24, 0x60, 0x47, 0xD5, 0x7A,
    0xA2, 0xEA, 0xB1, 0x26, 0x60, 0x5D, 0x6B, 0x3D, 0x5A, 0xAD, 0x21, 0x6B, 0x2C, 0xDA, 0x5A, 0xCF,
    0x58, 0x33, 0x0C, 0xF9, 0xA2, 0x79, 0x8B, 0x52, 0x6C, 0x95, 0x85, 0x9E, 0xBA, 0xEE, 0xF3, 0x19,
    0xA6, 0x2B, 0xF9, 0x93, 0xC9, 0x74, 0xFF, 0x15, 0xF9, 0x6C, 0xBE, 0x9A, 0x2F, 0xA6, 0x6B, 0xF9,
    0xF1, 0x6A, 0xBE, 0xBC, 0x96, 0xAF, 0x86, 0xAB, 0xF9, 0xB3, 0xFE, 0xA5, 0x7F, 0x31, 0x77, 0x00,
    0x46, 0xD3, 0xF4, 0xAC, 0xBE, 0x79, 0x23, 0x68, 0xF1, 0x23, 0x62, 0x8E, 0x0F, 0x46, 0x62, 0x8D,
    0xBB, 0x82, 0xF8, 0xED, 0x7F, 0x7C, 0x2E, 0x5B, 0xDE, 0x5C, 0xF6, 0xA1, 0xF9, 0x72, 0xC0, 0x5D,
    0x84, 0xDD, 0xC6, 0xA6, 0xB6, 0x8D, 0x8D, 0x62, 0xD3, 0x29, 0xF2, 0x5B, 0x0E, 0x1B, 0x80, 0x0D,
    0xDB, 0x13, 0xEA, 0xC6, 0x46, 0x70, 0x30, 0x9C, 0xA5, 0x7C, 0x2E, 0x03, 0x91, 0xC3, 0x44, 0x9F,
    0x4B, 0x17, 0x6F, 0xD8, 0x18, 0xAA, 0xBE, 0xB2, 0x50, 0x8D, 0x1A, 0x1B, 0xEA, 0xBA, 0x5A, 0xCE,
    0x19, 0x54, 0x8D, 0x09, 0x06, 0x5D, 0x7A, 0xFC, 0x7A, 0x3C, 0x78, 0x9E, 0xBC, 0xD9, 0x16, 0x35,
    0x21, 0xF6, 0x3A, 0x3E, 0x7E, 0xE7, 0xAE, 0x9A, 0x3C, 0xA4, 0x5E, 0x5B, 0x94, 0xD4, 0x5B, 0x94,
    0x80, 0x5F, 0xA8, 0x0F, 0x73, 0x4C, 0x95, 0x10, 0x8F, 0xA5, 0x20, 0x39, 0xAC, 0xC1, 0x0B, 0x49,
    0xE7, 0x50, 0x2B, 0x19, 0x97, 0xA6, 0x42, 0x2D, 0x31, 0xD2, 0x5A, 0x2B, 0x29, 0x67, 0x23, 0x3A,
    0x36, 0x2A, 0xA2, 0xFD, 0x65, 0x8E, 0x91, 0x17, 0xAB, 0x11, 0xD6, 0xCE, 0xC8, 0xA4, 0xE4, 0xE2,
    0x3C, 0xD8, 0xCD, 0xF9, 0x46, 0xD2, 0xE5, 0xEB, 0x49, 0x16, 0x8C, 0x68, 0xDF, 0x30, 0x33, 0x2B,
    0xDE, 0xC2, 0xB8, 0xDF, 0x0A, 0x54, 0xDB, 0xA4, 0xD6, 0xC0, 0x66, 0x41, 0xD5, 0xEE, 0x7E, 0x80,
    0xA3, 0xBD, 0xFE, 0x4D, 0xEC, 0x97, 0x1B, 0xF9, 0x3F, 0x03, 0x00, 0xDD, 0x7A, 0x3F, 0xAC, 0xE6,
    0xC6, 0x75, 0xFD, 0x7C, 0xA4, 0xB5, 0x04, 0x44, 0xC0, 0xFC, 0x35, 0xDE, 0xE2, 0xB7, 0x06, 0xD8,
    0x03, 0x49, 0xD8, 0xA6, 0xE3, 0xB7, 0x7E, 0x48, 0x5C, 0xA8, 0x58, 0x05, 0x48, 0xA7, 0xC2, 0xA9,
    0x93, 0xE2, 0xB5, 0x41, 0x0A, 0x91, 0xB2, 0x80, 0xB8, 0x70, 0xE1, 0x35, 0x90, 0xCE, 0x4D, 0x8A,
    0xA4, 0x71, 0x8A, 0x4D, 0x1D, 0x24, 0x1E, 0x4A, 0x2A, 0x52, 0xA8, 0x30, 0xD7, 0x5B, 0xA8, 0x48,
    0x61, 0xDA, 0x59, 0x07, 0x76, 0x52, 0x2C, 0x25, 0xD1, 0x09, 0x9F, 0x35, 0xE4, 0xC9, 0x9C, 0x7B,
    0x2F, 0xDF, 0xC7, 0xF7, 0x27, 0x6B, 0x5B, 0xD2, 0x33, 0x9C, 0x5C, 0xEC, 0xCE, 0x39, 0x33, 0xE4,
    0xF7, 0xC8, 0x99, 0x7B, 0x66, 0xE6, 0xCE, 0x70, 0xDC, 0x2B, 0xCE, 0xB9, 0xC2, 0xB9, 0x2F, 0x7F,
    0xE1, 0x8B, 0xEE, 0x77, 0x49, 0xCC, 0x06, 0x77, 0xE8, 0xC6, 0xF8, 0x7F, 0xCB, 0x7F, 0xD9, 0xBD,
    0x2A, 0xD7, 0xBF, 0xC0, 0x5B, 0xBE, 0xE8, 0x9C, 0x07, 0xDA, 0x7F, 0xF8, 0xEE, 0xDF, 0xB5, 0x7F,
    0xEF, 0xD2, 0xCF, 0xFC, 0x9F, 0x7F, 0x87, 0x7F, 0xAF, 0x98, 0x5D, 0x0D, 0xB7, 0x36, 0x6D, 0x28,
    0xBA, 0xF8, 0x2F, 0x92, 0x98, 0x8D, 0x85, 0x97, 0x96, 0xE3, 0x48, 0x68, 0x30, 0x10, 0x00, 0x5E,
    0x4A, 0xF0, 0x28, 0x44, 0x48, 0xD7, 0x4C, 0x21, 0x5D, 0x0C, 0xAC, 0xD0, 0x6E, 0xB1, 0x1F, 0xEC,
    0x7E, 0x5E, 0xE8, 0x1F, 0xDB, 0x5B, 0x86, 0xC1, 0x35, 0xAB, 0xAB, 0x10, 0x12, 0xA0, 0x6B, 0xB0,
    0x66, 0xC0, 0x80, 0x67, 0x28, 0x96, 0x7A, 0x44, 0x8B, 0x47, 0x73, 0x31, 0xE1, 0x88, 0x47, 0x53,
    0x04, 0xCB, 0x7D, 0x10, 0xAF, 0x35, 0x63, 0x8D, 0x35, 0x05, 0x86, 0x12, 0xE1, 0x00, 0x74, 0x09,
    0x7A, 0x57, 0x2D, 0x7C, 0x2E, 0x9F, 0xC7, 0xA7, 0x54, 0x40, 0x2B, 0xC4, 0x03, 0xA3, 0x10, 0xFC,
    0x1B, 0x02, 0xC9, 0x01, 0x0E, 0x30, 0xB2, 0xE0, 0x28, 0x97, 0x3E, 0x08, 0x68, 0x85, 0x60, 0xF6,
    0x1D, 0x49, 0x8D, 0x51, 0x49, 0x8E, 0xB6, 0x21, 0xA1, 0xB1, 0xA4, 0x84, 0xDA, 0xB1, 0xD9, 0x08,
    0x2E, 0x49, 0xE7, 0x5C, 0xCA, 0xBF, 0x8C, 0xD6, 0xB9, 0x62, 0x71, 0x5A, 0xD2, 0xCC, 0x91, 0x34,
    0x17, 0xC7, 0x3F, 0xC3, 0x10, 0x49, 0x25, 0x77, 0x46, 0x92, 0x01, 0x98, 0xE4, 0x55, 0xCF, 0x71,
    0xE1, 0x48, 0x76, 0x2F, 0xBF, 0x7B, 0xFD, 0x5D, 0x05, 0xB4, 0x0A, 0x4A, 0xAD, 0x12, 0x46, 0xAD,
    0x1A, 0xBB, 0x8A, 0xEC, 0xAA, 0xB2, 0xAB, 0xCC, 0xBE, 0x3A, 0x34, 0x2D, 0xB5, 0x2A, 0x91, 0xFA,
    0x13, 0x35, 0x46, 0x07, 0xA2, 0xD5, 0x8A, 0x01, 0x42, 0xAB, 0x95, 0xB4, 0xF3, 0x93, 0xBB, 0x2F,
    0x17, 0xD1, 0xD5, 0x00, 0xF0, 0x22, 0xE0, 0x58, 0xF7, 0x39, 0x80, 0xC5, 0x0B, 0x75, 0x1E, 0xEB,
    0x11, 0x91, 0x36, 0x22, 0xE9, 0x83, 0xFC, 0xD5, 0x4B, 0x9A, 0xA2, 0x75, 0x34, 0xFC, 0xE4, 0x15,
    0x0F, 0x27, 0xD6, 0xC0, 0xE4, 0xA2, 0xEF, 0xD4, 0x2B, 0x3D, 0x78, 0x3C, 0x37, 0xBC, 0x70, 0xD6,
    0x36, 0x22, 0xA7, 0x14, 0x00, 0x56, 0xB9, 0xF9, 0xE2, 0x0F, 0x3C, 0xFF, 0x5C, 0xB3, 0xB0, 0x11,
    0x47, 0xE7, 0xE4, 0x7A, 0x3D, 0xBB, 0x54, 0xAA, 0x5A, 0x04, 0x97, 0xAF, 0x2A, 0x36, 0x72, 0xF9,
    0xA9, 0x2B, 0xA7, 0x04, 0x0B, 0xDF, 0xA4, 0x1A, 0x2B, 0x3E, 0x0B, 0x6D, 0x3D, 0x36, 0x52, 0xDB,
    0xAE, 0x1E, 0xF0, 0x14, 0xAB, 0xF3, 0x24, 0x2D, 0x40, 0xD2, 0xE3, 0xDD, 0x80, 0x96, 0x25, 0x1E,
    0x33, 0x3A, 0x12, 0x69, 0xD5, 0x26, 0x12, 0xB6, 0x69, 0x24, 0xD5, 0xC8, 0x16, 0x8D, 0xA4, 0xB8,
    0x24, 0xF3, 0x13, 0xFC, 0x82, 0x17, 0x33, 0xD0, 0x5C, 0xD3, 0xA5, 0xDA, 0xBA, 0x2C, 0xF9, 0xD9,
    0xC3, 0x73, 0x8C, 0x4D, 0x57, 0xA2, 0x75, 0x29, 0x42, 0xFC, 0x3B, 0xE8, 0x5D, 0xC1, 0xEA, 0xF8,
    0x1F, 0x4E, 0xAE, 0xFA, 0x08, 0xCE, 0xE1, 0x9B, 0xAB, 0x6B, 0x06, 0xAA, 0xE5, 0xEB, 0x78, 0x17,
    0x2D, 0x49, 0xE7, 0x01, 0x36, 0x1E, 0x85, 0x3F, 0x67, 0xA0, 0x6B, 0x69, 0xEB, 0xE6, 0xC4, 0x99,
    0xF5, 0xC7, 0x5B, 0x5E, 0xDB, 0xCE, 0x0C, 0xB4, 0xF1, 0x4A, 0xDA, 0xA6, 0x2B, 0x95, 0x96, 0x2E,
    0x97, 0xE9, 0x6B, 0xCF, 0x96, 0xEA, 0x88, 0xAF, 0x7D, 0xBC, 0x34, 0x9D, 0xA6, 0x5A, 0xA2, 0x57,
    0x5F, 0x9E, 0x26, 0xC0, 0x63, 0xF3, 0xCB, 0xB2, 0xB9, 0xB1, 0x15, 0x31, 0xAE, 0xE8, 0x89, 0x6F,
    0x87, 0x7A, 0x24, 0xBE, 0x1F, 0xB4, 0x8D, 0xA0, 0x58, 0x63, 0x94, 0xF2, 0x1C, 0x6F, 0xC9, 0x7D,
    0x87, 0x3F, 0x85, 0xB8, 0xAB, 0x32, 0x15, 0x78, 0x5C, 0x30, 0x2B, 0x9A, 0x13, 0x54, 0x1B, 0xBD,
    0x61, 0x69, 0xA8, 0xCF, 0x6F, 0x56, 0xD6, 0x5F, 0xDE, 0x21, 0x05, 0xC8, 0xE5, 0x3D, 0x0A, 0xE5,
    0xF2, 0x2E, 0xF5, 0xF3, 0x07, 0x48, 0x57, 0x7D, 0x9F, 0x06, 0x0F, 0x91, 0x2E, 0xFA, 0x4E, 0x1E,
    0x4F, 0xC9, 0x3D, 0xE6, 0x6A, 0x04, 0x3E, 0x24, 0x97, 0x77, 0xC3, 0x6B, 0xC2, 0x33, 0x7C, 0x05,
    0xBD, 0xFF, 0xAA, 0xF0, 0xC3, 0x13, 0xE0, 0x58, 0x83, 0x5C, 0xDF, 0xB3, 0xB2, 0xDF, 0xF2, 0x5D,
    0x33, 0x1C, 0xC8, 0xD1, 0x5E, 0x6D, 0x7B, 0xB3, 0xD9, 0xEF, 0x78, 0xB9, 0xE3, 0xEE, 0x1E, 0x41,
    0xFB, 0x9E, 0x2A, 0xA5, 0xC0, 0xE3, 0x74, 0x15, 0xFD, 0x2E, 0x51, 0x01, 0x4C, 0xF1, 0x62, 0x66,
    0x0A, 0x68, 0xFA, 0x76, 0x4C, 0x9F, 0xE2, 0x3D, 0x3E, 0xCB, 0x33, 0xED, 0x98, 0x36, 0x3F, 0x62,
    0x49, 0x0D, 0x9C, 0x2D, 0x54, 0x12, 0xDF, 0x16, 0x53, 0x4C, 0xEF, 0xF4, 0xEF, 0x17, 0x8B, 0xD3,
    0xAE, 0xE6, 0xAC, 0xD7, 0x69, 0xBF, 0xCE, 0x56, 0xE9, 0xB2, 0xC1, 0xD1, 0xFE, 0x24, 0xFE, 0x3F,
    0x47, 0x7B, 0x0F, 0x83, 0xCB, 0xC4, 0x47, 0x8B, 0xC9, 0x95, 0x4D, 0xF9, 0x0B, 0xE0, 0x2F, 0xD1,
    0x45, 0x3F, 0x34, 0x81, 0x6A, 0xFF, 0xFA, 0x5A, 0xC5, 0x46, 0x1D, 0x71, 0x44, 0x29, 0xD8, 0xA2,
    0x98, 0x88, 0xCF, 0x14, 0x1B, 0xAC, 0x11, 0xEB, 0xB1, 0xC2, 0x1C, 0x11, 0x7D, 0x46, 0xE5, 0x3C,
    0x40, 0xE7, 0x2A, 0xD0, 0x36, 0xD7, 0xBB, 0x82, 0xB0, 0x1E, 0x5D, 0xBD, 0x52, 0x42, 0xC9, 0xE0,
    0x07, 0x79, 0xCD, 0x11, 0x9D, 0xD3, 0xBF, 0xD7, 0x9E, 0x70, 0x56, 0xAC, 0x02, 0xB1, 0x73, 0x75,
    0x88, 0xF7, 0x35, 0x17, 0x09, 0xF0, 0x10, 0x7D, 0x05, 0xB1, 0x2E, 0x07, 0xE6, 0x1A, 0xA0, 0x28,
    0xDB, 0x0C, 0x93, 0x3B, 0xD9, 0x39, 0xF0, 0x37, 0x36, 0x60, 0xA1, 0x77, 0x07, 0x02, 0x82, 0xCB,
    0xF1, 0x8B, 0xD7, 0xEF, 0x03, 0x47, 0x99, 0x94, 0x32, 0xF4, 0x35, 0x06, 0x77, 0xCF, 0xF9, 0xD1,
    0x63, 0x71, 0x7E, 0x28, 0x67, 0x00, 0x29, 0xE6, 0x22, 0xB0, 0x5E, 0x18, 0x73, 0x8E, 0xDA, 0xE7,
    0x18, 0x33, 0x62, 0xF3, 0x71, 0xCC, 0xFB, 0x1F, 0xA0, 0x79, 0x16, 0x4A, 0x3E, 0xB3, 0x79, 0x8F,
    0x5A, 0xE7, 0x10, 0x01, 0xF4, 0x09, 0x86, 0x7A, 0xA8, 0x20, 0x95, 0x99, 0x98, 0x66, 0x8F, 0x0B,
    0x1B, 0xE3, 0x58, 0x75, 0xC7, 0x5A, 0x79, 0x62, 0x39, 0xBA, 0xCA, 0xB0, 0x19, 0x5D, 0x44, 0xB6,
    0x16, 0xEF, 0x5B, 0x1F, 0x88, 0x83, 0x72, 0xB9, 0x5B, 0x3A, 0xEF, 0x6C, 0xA3, 0x6A, 0xFB, 0x6B,
    0xD5, 0x67, 0xBC, 0xAC, 0x4F, 0x73, 0xB5, 0x3E, 0x8F, 0x3E, 0x53, 0x7D, 0x2A, 0x3C, 0x92, 0xFA,
    0x00, 0xFF, 0x65, 0xFE, 0x9C, 0x15, 0xCB, 0xC0, 0xFA, 0x64, 0x21, 0x95, 0xC1, 0x84, 0xA8, 0xF3,
    0xED, 0x6B, 0x9F, 0xA0, 0x95, 0x6A, 0x40, 0x24, 0xE7, 0xAD, 0x3E, 0x39, 0x58, 0x7C, 0xD3, 0x4F,
    0x09, 0x2E, 0x6A, 0x00, 0x6C, 0x1D, 0x9D, 0x62, 0x98, 0x63, 0x81, 0xD6, 0x74, 0x71, 0x09, 0xAC,
    0xA0, 0xC0, 0xCF, 0x58, 0xE5, 0x36, 0xC7, 0xE3, 0x28, 0xDE, 0x7A, 0x70, 0xF4, 0xE1, 0x21, 0xC1,
    0xC0, 0x29, 0x44, 0xE6, 0xB7, 0x86, 0x95, 0xEF, 0xEB, 0xB1, 0x1E, 0xAD, 0x00, 0x40, 0x82, 0xB9,
    0x98, 0x6B, 0x2C, 0x56, 0xF0, 0xAF, 0x28, 0x30, 0xE5, 0xA1, 0x01, 0x3A, 0x29, 0xD0, 0x76, 0x91,
    0x82, 0x41, 0x0B, 0xAC, 0x81, 0x9A, 0xE7, 0xCD, 0x28, 0x05, 0xD6, 0x52, 0xB1, 0x79, 0x2A, 0x2D,
    0xB0, 0x26, 0x9B, 0xEA, 0xDE, 0x0A, 0xAC, 0xED, 0x86, 0x7A, 0xB2, 0x9F, 0x58, 0x23, 0x1E, 0x0B,
    0xA0, 0x97, 0x82, 0xAD, 0x35, 0x33, 0xA0, 0xD5, 0x82, 0xB4, 0x55, 0x99, 0xF8, 0x0B, 0xA7, 0x05,
    0x45, 0xC8, 0x4C, 0x01, 0x66, 0x26, 0x9C, 0x93, 0x99, 0x82, 0x4E, 0x66, 0x52, 0x32, 0xDB, 0x69,
    0x4A, 0x6D, 0x27, 0x2E, 0x33, 0x53, 0xD9, 0xDE, 0x4C, 0x6E, 0x66, 0x7B, 0xDD, 0x99, 0x65, 0xD2,
    0xDD, 0xAE, 0x43, 0xE0, 0x7C, 0x45, 0x58, 0x76, 0x00, 0x80, 0xDD, 0x97, 0x30, 0xAB, 0x1B, 0x57,
    0x87, 0x9F, 0xA4, 0xEB, 0x1B, 0x70, 0x68, 0x53, 0x7A, 0x00, 0x6D, 0x1E, 0x08, 0xCF, 0xCF, 0xC3,
    0x57, 0xE1, 0x1A, 0xE0, 0x3F, 0x01, 0x2A, 0xFB, 0x19, 0x82, 0x4B, 0x18, 0x40, 0x0E, 0x4E, 0xE5,
    0x5D, 0x8E, 0x37, 0xB0, 0xF5, 0x9D, 0x23, 0x1E, 0x9B, 0x0D, 0xDF, 0x5F, 0x15, 0x81, 0xCE, 0x70,
    0x10, 0x8C, 0x6E, 0xD0, 0xFB, 0x2A, 0xC3, 0x52, 0xD0, 0xB9, 0xCA, 0x30, 0x3A, 0x47, 0xEF, 0x07,
    0x6E, 0xA0, 0xD6, 0x70, 0x9F, 0xB2, 0xB2, 0x56, 0x49, 0x4B, 0xB5, 0xBC, 0x90, 0xB4, 0x96, 0x94,
    0xD5, 0x74, 0x5A, 0x4B, 0x27, 0x95, 0x74, 0xAC, 0xA3, 0x4C, 0xBD, 0x93, 0xF4, 0xDD, 0xDE, 0xB1,
    0x82, 0xEE, 0x97, 0x0F, 0xBC, 0xFE, 0x0E, 0x07, 0x5E, 0x1A, 0x07, 0xDE, 0x7B, 0x12, 0x55, 0xB1,
    0xAB, 0x49, 0x6C, 0x7C, 0x90, 0x1A, 0x70, 0xBA, 0x1C, 0xFD, 0x10, 0xF3, 0x25, 0x3A, 0x19, 0x78,
    0xFD, 0x8B, 0x88, 0xCD, 0x9C, 0xE1, 0x5B, 0x63, 0x33, 0x72, 0x22, 0xCF, 0x81, 0x21, 0x07, 0xC6,
    0x14, 0xE8, 0x0E, 0xC0, 0xD1, 0xF9, 0xD5, 0xDD, 0xB4, 0xC3, 0xE0, 0x5E, 0x85, 0xE8, 0x2C, 0x0D,
    0x0E, 0xCA, 0xF2, 0x90, 0x1B, 0x2B, 0xA6, 0x4A, 0x26, 0x3B, 0xC7, 0x3A, 0x8C, 0x9C, 0xEA, 0xE8,
    0x0F, 0x74, 0xCA, 0xD8, 0x8F, 0xE6, 0x14, 0x18, 0x9C, 0x7F, 0x07, 0x40, 0x4A, 0xDF, 0xE3, 0x2D,
    0x4E, 0x80, 0x00, 0xC8, 0x1E, 0xE2, 0xBD, 0x35, 0xC5, 0x31, 0x32, 0xA7, 0x13, 0x61, 0xE4, 0x47,
    0x32, 0xDF, 0xA1, 0xC5, 0x8F, 0x60, 0x4C, 0x26, 0x45, 0xB2, 0xAE, 0xC4, 0x9A, 0x92, 0xF9, 0x2E,
    0xC1, 0xF3, 0xC8, 0x18, 0x4D, 0x3A, 0x9A, 0x04, 0x98, 0x42, 0xD2, 0x2D, 0x0A, 0x65, 0x54, 0x9A,
    0x5B, 0x88, 0x4E, 0x41, 0x4E, 0xCE, 0xC2, 0xD7, 0x06, 0x3F, 0x71, 0xF7, 0x3D, 0x9B, 0xAC, 0x00,
    0x6D, 0xB1, 0x91, 0xCD, 0x62, 0xE2, 0xC4, 0xEB, 0x58, 0x86, 0xE3, 0x67, 0x48, 0x5A, 0x26, 0x00,
    0xC2, 0x29, 0x91, 0x48, 0xEE, 0x1E, 0x23, 0x5F, 0xC4, 0x84, 0xFA, 0x8C, 0xE4, 0x13, 0xFA, 0x33,
    0xC1, 0xC9, 0xD6, 0x02, 0xCF, 0x5F, 0xF1, 0xEB, 0xEB, 0x6F, 0x88, 0x08, 0xAB, 0x40, 0xBF, 0xBA,
    0x1C, 0x63, 0xBA, 0xC8, 0xF0, 0x00, 0xB4, 0x25, 0x66, 0xB6, 0xC1, 0x8B, 0xF9, 0x80, 0xBA, 0xAF,
    0x3F, 0x08, 0x5B, 0x64, 0x51, 0x8D, 0xFE, 0xBD, 0xD5, 0x02, 0x8C, 0x50, 0x8C, 0xF8, 0x3A, 0x98,
    0x79, 0x8A, 0x7F, 0x0E, 0xC5, 0x64, 0x99, 0xD6, 0x5F, 0xCD, 0x2C, 0xA5, 0x65, 0x18, 0x7C, 0xA0,
    0x19, 0xF1, 0x81, 0x46, 0x67, 0xF8, 0x0A, 0x30, 0x34, 0x58, 0x62, 0x86, 0x41, 0x33, 0xD0, 0x55,
    0x98, 0x35, 0x22, 0xE1, 0xFA, 0xE4, 0x1E, 0xFA, 0x98, 0xF9, 0xF5, 0xC6, 0x92, 0x0B, 0x9B, 0xF4,
    0x06, 0x57, 0xAB, 0x94, 0x59, 0x3F, 0xBF, 0x4A, 0x2F, 0x4B, 0x21, 0xDD, 0xEC, 0x00, 0xED, 0x67,
    0xD2, 0x79, 0xA7, 0x08, 0xEC, 0x69, 0x07, 0x1C, 0xD9, 0xD5, 0x52, 0xD8, 0x10, 0xC8, 0xF4, 0x3E,
    0x82, 0x3E, 0x6F, 0xE4, 0x1F, 0x13, 0xE9, 0xEA, 0xA2, 0x05, 0x2A, 0x06, 0x74, 0x0A, 0x47, 0x85,
    0x56, 0x40, 0xE7, 0xA5, 0x7D, 0xCA, 0x81, 0x23, 0x96, 0xF7, 0xA5, 0xA6, 0x9F, 0xAC, 0x4C, 0x81,
    0x5E, 0xD2, 0x29, 0xA6, 0x17, 0x55, 0xE0, 0xD5, 0x5C, 0xD2, 0x6C, 0x61, 0x9A, 0xDE, 0x48, 0x33,
    0xB9, 0xAA, 0x92, 0xAB, 0x67, 0x79, 0x3B, 0x1B, 0x76, 0x2A, 0x6C, 0x8E, 0x7E, 0xEC, 0x30, 0x9D,
    0x5E, 0x0C, 0xED, 0xE9, 0xED, 0xBE, 0x2B, 0xA9, 0x49, 0x03, 0x18, 0xE5, 0xF6, 0x86, 0x2C, 0x81,
    0xD9, 0x68, 0x8A, 0xA8, 0x87, 0x4D, 0x0E, 0x75, 0x6F, 0x5A, 0xE8, 0x22, 0x33, 0x21, 0x44, 0x66,
    0x2A, 0x20, 0xA3, 0x04, 0x4A, 0x32, 0xF3, 0x3F, 0x59, 0xEB, 0xF7, 0xAC, 0x24, 0x33, 0xB7, 0x47,
    0x66, 0x3E, 0x8F, 0xCC, 0x1C, 0x1E, 0x99, 0x79, 0x3B, 0x32, 0x2E, 0x28, 0x97, 0x4F, 0x9B, 0xB4,
    0x4C, 0x00, 0xEC, 0x93, 0xA3, 0x6B, 0x38, 0x55, 0xA6, 0x32, 0x83, 0xE6, 0x32, 0x5B, 0x17, 0x4B,
    0x33, 0xE1, 0x58, 0x4E, 0x45, 0x88, 0xE9, 0x98, 0x4B, 0x9A, 0x6A, 0xBA, 0x5C, 0x4F, 0xB3, 0xED,
    0x9E, 0x96, 0x43, 0xDA, 0x6E, 0xED, 0xD5, 0x41, 0xA4, 0x26, 0xD3, 0x4A, 0xDD, 0x7F, 0x56, 0x68,
    0xAF, 0xC0, 0x53, 0x10, 0x1A, 0xD0, 0xFA, 0x5A, 0x21, 0x5F, 0x3D, 0x81, 0x7C, 0xD8, 0x25, 0x8C,
    0x67, 0x18, 0x08, 0x7C, 0xAA, 0xC4, 0x73, 0x76, 0xD1, 0xD1, 0x49, 0x87, 0x2E, 0xD3, 0x75, 0xD3,
    0xEA, 0x46, 0x95, 0x99, 0x1F, 0xB2, 0xA8, 0xAB, 0x0C, 0x4B, 0x85, 0x60, 0x03, 0x99, 0xAB, 0xE6,
    0x06, 0x5F, 0xE5, 0x48, 0x58, 0x06, 0x19, 0x1A, 0xB9, 0xFF, 0x14, 0x7D, 0x4A, 0x18, 0x23, 0x70,
    0xA6, 0xD9, 0x43, 0x79, 0x5B, 0x61, 0x6D, 0x30, 0x08, 0x34, 0x3D, 0xC1, 0x84, 0x9B, 0xE1, 0x48,
    0x7D, 0xFB, 0x55, 0x7B, 0xDF, 0x6C, 0x51, 0x9E, 0x68, 0xF6, 0xA7, 0x8E, 0x1A, 0xDF, 0xF7, 0xBE,
    0x76, 0xEB, 0x84, 0xA6, 0xF3, 0x9B, 0xF6, 0xFB, 0x0C, 0x61, 0x66, 0x97, 0x2C, 0xBA, 0xFB, 0x96,
    0xEB, 0x3C, 0x37, 0x24, 0x68, 0x0B, 0x7C, 0xDB, 0xF3, 0xA9, 0x75, 0x7C, 0xC9, 0xE0, 0x7C, 0xDF,
    0x0C, 0x1C, 0xD4, 0xEB, 0x21, 0x8A, 0x3D, 0x8F, 0x48, 0x67, 0x67, 0x8B, 0xAB, 0x88, 0x6F, 0x13,
    0xB9, 0x9C, 0x5A, 0x89, 0xAD, 0xBF, 0x44, 0xC4, 0xFB, 0xA3, 0xC0, 0xDF, 0xA5, 0xE3, 0x64, 0x6E,
    0x04, 0x5A, 0x8A, 0xBB, 0xC6, 0x2A, 0xD2, 0xCE, 0x30, 0xF0, 0xF9, 0xCF, 0x75, 0xE0, 0x82, 0x5A,
    0x97, 0x6D, 0xA4, 0xC0, 0x1F, 0xC9, 0xF0, 0xE4, 0xEA, 0x49, 0xB7, 0x9B, 0x62, 0x5B, 0xB8, 0x94,
    0xC4, 0x96, 0x73, 0x24, 0xC0, 0x25, 0x79, 0x5B, 0x08, 0x5F, 0x44, 0x49, 0xEB, 0x8D, 0x74, 0x4A,
    0xD8, 0xD9, 0x94, 0xC8, 0x74, 0x46, 0xC2, 0x65, 0x1E, 0x09, 0x5F, 0x47, 0x09, 0xE3, 0xCF, 0x55,
    0x00, 0x18, 0x22, 0x30, 0xA0, 0x8B, 0x90, 0xE2, 0x6B, 0x4B, 0x84, 0x6C, 0x49, 0x41, 0x08, 0x89,
    0x82, 0xDB, 0xE0, 0x78, 0x13, 0x0E, 0xA7, 0x3B, 0x87, 0x3C, 0x94, 0xAC, 0x36, 0x80, 0xA0, 0x30,
    0x0A, 0x48, 0x0C, 0x91, 0x05, 0x99, 0x29, 0x53, 0xD1, 0x5A, 0x04, 0xF4, 0x0E, 0xAB, 0x13, 0xE8,
    0x13, 0x81, 0xAE, 0xE4, 0x35, 0xFE, 0x58, 0x47, 0xD1, 0x51, 0x47, 0xF4, 0xBD, 0x43, 0xE9, 0x45,
    0x06, 0xB0, 0x1E, 0xE8, 0x22, 0xD2, 0x8B, 0x54, 0x17, 0x9B, 0x30, 0x50, 0x65, 0x73, 0x7C, 0x42,
    0x44, 0x2E, 0x86, 0x11, 0x11, 0x1C, 0xB2, 0x8E, 0x11, 0x01, 0x67, 0xD8, 0x0A, 0xFE, 0x08, 0x9D,
    0x60, 0xEB, 0xDF, 0x81, 0x13, 0x7C, 0x97, 0xC8, 0x96, 0xA3, 0x57, 0xD9, 0x70, 0x3A, 0x20, 0xAE,
    0x19, 0xF1, 0x80, 0x49, 0x10, 0x47, 0x02, 0xD0, 0xDD, 0x4A, 0x42, 0x94, 0xBF, 0x17, 0x42, 0x3D,
    0xFF, 0x9A, 0xA4, 0xCD, 0xED, 0xE7, 0x5D, 0x11, 0x8A, 0x40, 0x67, 0x4E, 0xCD, 0x9C, 0x4B, 0x27,
    0xD3, 0xD0, 0x09, 0xAE, 0x50, 0xF9, 0x04, 0x77, 0xC0, 0xC2, 0x49, 0xAE, 0xDF, 0xDA, 0xC3, 0x56,
    0x4C, 0xBC, 0xCA, 0x42, 0x69, 0x95, 0x44, 0xDA, 0x4F, 0x1A, 0x26, 0xC5, 0x79, 0xA4, 0xD2, 0x36,
    0xF2, 0x34, 0x27, 0xCD, 0xA3, 0x54, 0x5A, 0xE8, 0x6C, 0x29, 0xC6, 0x46, 0x1B, 0xE9, 0x0C, 0x4F,
    0x3E, 0x81, 0xB5, 0x13, 0x00, 0x58, 0x53, 0xD5, 0xA4, 0xDA, 0x5A, 0x89, 0xBF, 0x28, 0xAC, 0xC1,
    0x5C, 0xDD, 0x15, 0xD6, 0x66, 0xCE, 0x47, 0x6A, 0xCD, 0xB6, 0x6B, 0xB9, 0xAD, 0xF1, 0x8C, 0x5A,
    0xA4, 0xB7, 0x3A, 0x33, 0xE9, 0x91, 0x66, 0x69, 0xB8, 0x8D, 0x66, 0xF3, 0xC9, 0xF7, 0xE3, 0x25,
    0x2D, 0xC6, 0x7D, 0xD8, 0x78, 0x9B, 0xFD, 0x0E, 0xDB, 0x66, 0x48, 0xD0, 0xF3, 0x61, 0x9E, 0xC1,
    0xCE, 0x9C, 0xCA, 0x34, 0x80, 0x98, 0x71, 0xDA, 0xE9, 0xF0, 0x0D, 0x38, 0xDF, 0xB3, 0xE7, 0x83,
    0x22, 0xA6, 0x6A, 0xF2, 0x95, 0x9B, 0xBB, 0xD4, 0x4D, 0xB6, 0x6C, 0x8A, 0x49, 0xC9, 0x8A, 0x89,
    0x3D, 0xCF, 0x98, 0x6D, 0xA9, 0x44, 0xD6, 0x7A, 0x65, 0xA3, 0xB1, 0xAE, 0x1A, 0xB5, 0xF7, 0x35,
    0x3F, 0xF7, 0x83, 0x76, 0xBF, 0x98, 0x76, 0xDA, 0xFF, 0x0A, 0xC0, 0x3A, 0x60, 0x82, 0xC9, 0x7C,
    0x77, 0x40, 0xCF, 0x7E, 0xA8, 0xDE, 0x2B, 0x30, 0x79, 0x8C, 0xEA, 0x3F, 0x1D, 0xF2, 0x38, 0xE0,
    0x3E, 0xF4, 0xC1, 0xD5, 0x3F, 0xC7, 0xC2, 0xAE, 0x35, 0xF1, 0x0D, 0xEB, 0xBE, 0x19, 0x53, 0x70,
    0x94, 0x60, 0xCA, 0xC0, 0x14, 0x2D, 0x30, 0x45, 0xA5, 0x6B, 0xA6, 0x53, 0xB9, 0x37, 0x32, 0x69,
    0x33, 0xD3, 0x9E, 0x32, 0xF4, 0xA6, 0x66, 0x9A, 0x4E, 0xFD, 0x69, 0x57, 0xD4, 0xA3, 0x96, 0x51,
    0x9F, 0x7A, 0x66, 0xD0, 0x99, 0x57, 0x25, 0xD3, 0xD2, 0xAF, 0x9A, 0x89, 0x8F, 0xA3, 0x67, 0x35,
    0x93, 0x5E, 0x59, 0x60, 0x2E, 0x27, 0xCE, 0xAD, 0xE5, 0x0C, 0x6A, 0x16, 0x94, 0x99, 0x59, 0x34,
    0x65, 0xF6, 0xD7, 0x5C, 0xFA, 0xB8, 0x93, 0xA1, 0xDB, 0x67, 0x8E, 0xFB, 0x4C, 0xBB, 0xCB, 0x7C,
    0x9E, 0xF3, 0x21, 0x13, 0x2E, 0xAC, 0x5D, 0x0E, 0x74, 0x3A, 0xFE, 0x34, 0x53, 0xC3, 0xAE, 0x98,
    0xD3, 0xC7, 0x12, 0x3B, 0x26, 0x4C, 0x0E, 0x88, 0x65, 0xD2, 0xC0, 0xFA, 0x66, 0x9F, 0x5B, 0x42,
    0xF3, 0xAB, 0x3C, 0xBF, 0x02, 0xC6, 0x06, 0xF9, 0x08, 0xA4, 0x23, 0x9A, 0xEF, 0x8C, 0x28, 0xD1,
    0x23, 0xD3, 0xEF, 0x03, 0x7F, 0xE1, 0x36, 0xF3, 0x32, 0xB8, 0x32, 0xC5, 0xC0, 0x94, 0xB2, 0x2A,
    0xE6, 0x32, 0x30, 0xCD, 0x2F, 0xD3, 0x7C, 0x65, 0x49, 0x2A, 0x57, 0x0F, 0xBA, 0xE7, 0x5E, 0xAD,
    0xB6, 0x99, 0xF2, 0xD8, 0x16, 0xEB, 0x0B, 0xB1, 0xB2, 0x1D, 0x5F, 0x7F, 0x71, 0x0F, 0x03, 0xEF,
    0xED, 0xA8, 0x38, 0xAA, 0x4C, 0x56, 0x3A, 0xD9, 0xC2, 0xFF, 0x5E, 0x5C, 0x97, 0xAE, 0x82, 0x43,
    0x0A, 0xC1, 0x29, 0xE1, 0x3D, 0x53, 0x19, 0x88, 0x7C, 0xEA, 0x81, 0x18, 0x72, 0xE6, 0xF9, 0x7C,
    0xA2, 0xBC, 0x81, 0x08, 0x85, 0xBF, 0x5B, 0x9D, 0x0C, 0x5C, 0x7C, 0xBF, 0x84, 0x74, 0x8E, 0xF7,
    0x0D, 0xCE, 0x79, 0x19, 0xB4, 0x1E, 0xBF, 0x81, 0x5E, 0xC3, 0x78, 0xFD, 0x9E, 0x62, 0xBB, 0x0D,
    0xAF, 0xEA, 0x4C, 0x62, 0x56, 0x49, 0x61, 0xA6, 0xEF, 0x5C, 0xE9, 0xF0, 0xC2, 0x9D, 0x9C, 0xE0,
    0x52, 0x74, 0xEC, 0x27, 0xC5, 0xCA, 0x67, 0xCA, 0x9F, 0xA6, 0x77, 0x47, 0x42, 0xDB, 0xF4, 0x11,
    0xB8, 0xAE, 0x13, 0x00, 0x81, 0x3D, 0xE1, 0x0A, 0x1C, 0x2D, 0xE7, 0x17, 0xC2, 0xDB, 0x40, 0x1B,
    0xE1, 0x9B, 0x40, 0xDF, 0x74, 0xFE, 0xFB, 0xDC, 0x74, 0xEE, 0xEA, 0xEF, 0x8F, 0x15, 0xE1, 0x85,
    0x40, 0x09, 0x81, 0x1C, 0xB3, 0x1F, 0x9A, 0x8E, 0xAF, 0xDB, 0x35, 0x9D, 0x6B, 0x00, 0x17, 0x21,
    0xC3, 0x44, 0x30, 0xF3, 0x1A, 0x0B, 0x20, 0x90, 0x02, 0xAC, 0xDB, 0x8F, 0x19, 0x90, 0xF8, 0x1E,
    0x5D, 0x19, 0x6A, 0x7E, 0x91, 0x98, 0x24, 0x1D, 0x98, 0x46, 0xFC, 0x10, 0xAD, 0xEC, 0x19, 0x38,
    0xDE, 0xB5, 0x50, 0x7D, 0xA7, 0xCF, 0x48, 0xAD, 0xA6, 0x09, 0x06, 0xC7, 0x7B, 0x82, 0xF3, 0xD4,
    0x8D, 0x6B, 0x86, 0xFA, 0xC7, 0x60, 0x78, 0xC5, 0x39, 0x2E, 0x30, 0xCD, 0xD1, 0xBC, 0x03, 0xB6,
    0xFF, 0x07, 0xE0, 0x73, 0x75, 0xFA, 0xC0, 0xE4, 0x98, 0x69, 0x75, 0x51, 0x90, 0xB1, 0xFB, 0x35,
    0x00, 0xFD, 0xCA, 0x82, 0x2D, 0x36, 0x79, 0x7E, 0x1F, 0xEB, 0x1F, 0x62, 0x94, 0x05, 0x01, 0x07,
    0x20, 0x5B, 0x1B, 0x16, 0xC1, 0x96, 0x03, 0x79, 0xB0, 0xD5, 0x00, 0x89, 0x2C, 0x06, 0xB2, 0x60,
    0x6B, 0x01, 0x86, 0xCD, 0xFE, 0x0A, 0x29, 0x66, 0x5B, 0x08, 0x94, 0xE3, 0xB6, 0x0E, 0x18, 0xB7,
    0x75, 0x5F, 0x6F, 0xAB, 0x80, 0xC4, 0xDA, 0xEA, 0xBA, 0xA3, 0xD5, 0xCC, 0xDF, 0x66, 0xE6, 0x76,
    0x33, 0xF3, 0xBE, 0x99, 0x89, 0xC0, 0xCC, 0xB4, 0x60, 0x66, 0x92, 0xB0, 0x9C, 0x29, 0xC3, 0x72,
    0x26, 0x10, 0xCB, 0x99, 0x4E, 0x74, 0x03, 0x75, 0x93, 0xCB, 0x96, 0x6B, 0x6F, 0xC9, 0xBD, 0x79,
    0x00, 0xFF, 0xD6, 0xA6, 0xA1, 0x03, 0x48, 0x37, 0x29, 0x3D, 0xD4, 0x9C, 0x2A, 0xCA, 0xAE, 0x99,
    0xB0, 0xDE, 0xD4, 0x9C, 0xE9, 0xCB, 0x69, 0xCE, 0x64, 0xB6, 0xE5, 0x5E, 0xEC, 0x73, 0x25, 0xF6,
    0x39, 0xD3, 0x9E, 0xE5, 0x4C, 0x82, 0x96, 0x33, 0x25, 0x5A, 0xCE, 0x04, 0x69, 0xB9, 0xBD, 0xA9,
    0x3A, 0xD5, 0x4C, 0xA3, 0x5B, 0x31, 0xA0, 0xCC, 0xF4, 0xAA, 0x5C, 0x55, 0xAB, 0x5C, 0xB5, 0xAB,
    0x5C, 0x15, 0x6C, 0x7C, 0x38, 0x71, 0x55, 0xB3, 0x72, 0xD5, 0xB4, 0x74, 0xF1, 0xA0, 0xCA, 0x56,
    0xAE, 0xFA, 0x36, 0x2E, 0x61, 0xE3, 0xC0, 0xF5, 0x97, 0xBA, 0xA7, 0x18, 0xA9, 0x2E, 0x55, 0x7C,
    0x31, 0x91, 0xAB, 0xEE, 0xB5, 0x5C, 0xD5, 0x9F, 0x0D, 0xE4, 0xD6, 0x07, 0x1C, 0xB9, 0xF5, 0x04,
    0xE5, 0x65, 0x38, 0x71, 0xED, 0x15, 0xCA, 0xD9, 0x37, 0x8C, 0x5B, 0x0F, 0x31, 0xCE, 0x7E, 0x62,
    0xDC, 0x7A, 0x8B, 0x71, 0xF7, 0x52, 0x99, 0xEE, 0x95, 0x7A, 0xBB, 0x58, 0xF7, 0x7A, 0xBD, 0x55,
    0xB2, 0x7B, 0xD5, 0xDE, 0x2E, 0xDC, 0x1B, 0xDA, 0xBD, 0x21, 0x5F, 0xE5, 0x96, 0x9C, 0xAF, 0x8F,
    0x00, 0x04, 0x13, 0xB1, 0xBE, 0xA0, 0xB6, 0xB9, 0x15, 0x54, 0x57, 0x0B, 0xDE, 0x94, 0x89, 0x80,
    0x53, 0xC8, 0xA6, 0x66, 0xC7, 0xA8, 0x7B, 0x12, 0x17, 0x34, 0x22, 0xE8, 0x33, 0x0E, 0xF3, 0x52,
    0x60, 0x9A, 0x4E, 0x23, 0x68, 0xC1, 0x37, 0x54, 0xD6, 0x19, 0x30, 0x49, 0xC1, 0xA6, 0xEC, 0x0C,
    0x08, 0x52, 0xB0, 0x89, 0x3B, 0x5B, 0xBF, 0x66, 0x05, 0xA6, 0x6F, 0x6E, 0xE6, 0x48, 0xC1, 0x26,
    0xF1, 0x74, 0xB1, 0x82, 0x4D, 0xE5, 0x29, 0x1E, 0xE9, 0x4F, 0x36, 0xA1, 0x3B, 0x40, 0x0B, 0x4C,
    0xEB, 0xC4, 0x51, 0x0B, 0xB6, 0xF1, 0x37, 0xB7, 0x17, 0x7B, 0xD3, 0x51, 0xF8, 0x88, 0xC8, 0x8D,
    0x4F, 0xAC, 0x8F, 0x55, 0xEC, 0xEA, 0x2C, 0x4F, 0x94, 0x90, 0x65, 0xFD, 0x2B, 0xF7, 0x06, 0x60,
    0xB1, 0xF5, 0x03, 0x74, 0x35, 0x65, 0x70, 0xEF, 0x08, 0xF9, 0x54, 0xC2, 0x0D, 0xD4, 0x19, 0x12,
    0xCE, 0xF1, 0x63, 0xC9, 0x0F, 0x70, 0x4C, 0xED, 0x6B, 0xC9, 0x31, 0xDF, 0x48, 0xF1, 0xC9, 0x94,
    0x07, 0xFF, 0x0C, 0xBF, 0x57, 0x7E, 0xBC, 0xC8, 0x07, 0x93, 0xBA, 0xFC, 0x48, 0x02, 0xE3, 0x50,
    0x97, 0xA3, 0x7E, 0x32, 0xE1, 0xAE, 0xE6, 0x2A, 0x5E, 0x7C, 0xA4, 0x32, 0x18, 0xF1, 0x01, 0xF3,
    0x79, 0x3B, 0x7E, 0xF4, 0x31, 0x9E, 0x53, 0x6A, 0xE3, 0x87, 0xA3, 0x07, 0x5C, 0x4D, 0x52, 0x91,
    0x0C, 0xC0, 0x58, 0x1B, 0x69, 0xD1, 0xA9, 0x02, 0x32, 0xFD, 0x9E, 0xFF, 0xFA, 0x2B, 0x9E, 0x3F,
    0x2F, 0x00, 0x3B, 0xE0, 0xA1, 0xB5, 0xD2, 0x8A, 0x3E, 0x27, 0xFE, 0x96, 0x2D, 0x43, 0xF9, 0xD2,
    0x47, 0xF6, 0xBD, 0xD1, 0x15, 0xB2, 0x66, 0xBC, 0x78, 0xC0, 0xE9, 0x2B, 0xC1, 0x91, 0x6F, 0xD8,
    0xA2, 0xD5, 0xA3, 0x0D, 0x96, 0x48, 0x96, 0x17, 0x3A, 0xB9, 0x85, 0x37, 0xEB, 0xCF, 0xF8, 0x07,
    0x28, 0xEF, 0xE3, 0x6F, 0xFC, 0xB3, 0xC3, 0x36, 0x62, 0xE6, 0xFC, 0xB5, 0x75, 0xF1, 0x4E, 0x22,
    0xA8, 0xFB, 0xE8, 0x35, 0x8C, 0xDD, 0x7A, 0x68, 0xB5, 0x47, 0x6F, 0xE5, 0xF5, 0x70, 0x4F, 0xEE,
    0x2B, 0x70, 0xE3, 0x9B, 0xB9, 0xFB, 0x55, 0xBE, 0x99, 0xC3, 0x56, 0xCB, 0x37, 0xB0, 0x95, 0x1E,
    0xAF, 0x41, 0xAA, 0xE2, 0xFB, 0xAB, 0x22, 0xD0, 0x19, 0x0E, 0x82, 0x9C, 0xD1, 0x89, 0x5D, 0x65,
    0x58, 0x12, 0xE9, 0x1A, 0xC3, 0x9A, 0xF7, 0xBD, 0xEC, 0xB3, 0xC7, 0xD9, 0x72, 0x0D, 0xD8, 0xDE,
    0x29, 0x61, 0xD9, 0x01, 0x68, 0x4B, 0xA9, 0x50, 0x2B, 0x60, 0x10, 0x5F, 0xA0, 0x55, 0x60, 0x7B,
    0xDB, 0x27, 0x10, 0xFB, 0x06, 0x62, 0x1F, 0x41, 0xF4, 0x2B, 0x88, 0xDA, 0x13, 0x6D, 0x9A, 0x6A,
    0x3B, 0x26, 0x41, 0xE3, 0x66, 0xE2, 0xC5, 0xC3, 0x73, 0x3A, 0x72, 0x71, 0x12, 0x44, 0x8A, 0x5B,
    0xF2, 0xD1, 0x06, 0xCF, 0x3E, 0x5F, 0x6C, 0x40, 0x9D, 0x15, 0x2B, 0x69, 0x41, 0x6E, 0xF4, 0x18,
    0x76, 0x8A, 0x3E, 0xD6, 0x9E, 0xF7, 0x80, 0x38, 0xF1, 0x95, 0x76, 0x08, 0x86, 0xDF, 0x82, 0xA3,
    0x61, 0x10, 0x5C, 0xCA, 0x45, 0xEF, 0x4B, 0xA1, 0x98, 0x00, 0x9D, 0xA2, 0x17, 0x3C, 0xA0, 0xB1,
    0x7C, 0x3D, 0x28, 0x8A, 0x08, 0x5C, 0xBA, 0x16, 0x81, 0x98, 0x2D, 0xF9, 0xEA, 0xEC, 0xE3, 0x6F,
    0xAB, 0x83, 0x3A, 0xEB, 0xCE, 0x11, 0xA2, 0xC6, 0x63, 0x77, 0x8E, 0xA3, 0x8E, 0x50, 0x52, 0x37,
    0x68, 0x04, 0x7F, 0x0F, 0xD7, 0xA3, 0x22, 0x74, 0x37, 0xD1, 0xA4, 0x4F, 0x5C, 0xAE, 0x20, 0xC4,
    0x42, 0x61, 0x58, 0x1B, 0xB2, 0x03, 0x14, 0x33, 0xBB, 0x1A, 0x47, 0x5C, 0xDD, 0x96, 0x20, 0xD2,
    0x27, 0x44, 0x3A, 0x85, 0x48, 0xAF, 0x10, 0xE9, 0x16, 0xE2, 0x9D, 0x9F, 0x7D, 0x88, 0x78, 0x41,
    0x19, 0x9A, 0x20, 0x48, 0x6C, 0xEF, 0x5E, 0x05, 0xA3, 0xA4, 0xCD, 0xB6, 0x13, 0x61, 0x1C, 0x42,
    0x48, 0x58, 0xC8, 0x4B, 0x3A, 0x80, 0x90, 0x74, 0x46, 0x9A, 0xDE, 0x42, 0xFD, 0x6A, 0xFE, 0x74,
    0x27, 0xC2, 0xBC, 0x9D, 0x08, 0x3B, 0xFF, 0x65, 0x27, 0xC2, 0xCC, 0x19, 0xD1, 0x6E, 0x63, 0xEA,
    0xA2, 0x73, 0xF4, 0x64, 0x0B, 0x2F, 0x04, 0x65, 0x7C, 0x21, 0x73, 0xD4, 0x9C, 0xA1, 0x65, 0x56,
    0x5F, 0xA6, 0x51, 0x36, 0x34, 0x3D, 0xDD, 0x95, 0xAE, 0x7E, 0xAC, 0x7B, 0x3A, 0x2C, 0x93, 0xBD,
    0x76, 0xBA, 0x2C, 0xBB, 0x74, 0x5A, 0x8A, 0x6A, 0xF2, 0xE2, 0x36, 0x0E, 0x92, 0x68, 0xB5, 0xF5,
    0xD0, 0x79, 0xED, 0x51, 0xE5, 0xEA, 0x5E, 0xDD, 0x07, 0x28, 0xDB, 0x79, 0xAC, 0x08, 0x89, 0xBE,
    0xE0, 0xE1, 0x42, 0x02, 0x32, 0xD7, 0xB2, 0x9D, 0x68, 0x79, 0x10, 0x48, 0x17, 0x05, 0x08, 0x24,
    0xBA, 0xE1, 0x70, 0x50, 0x88, 0xC9, 0xAF, 0x08, 0xF6, 0x03, 0x83, 0x04, 0x32, 0x70, 0xA5, 0xDC,
    0xA0, 0xC1, 0x10, 0x1F, 0xE4, 0x7F, 0x8C, 0x8B, 0xEA, 0x72, 0x2B, 0xB1, 0xC4, 0xC8, 0x57, 0x4A,
    0xD0, 0x72, 0xD6, 0xD4, 0x1D, 0xF1, 0xA1, 0xB6, 0xB6, 0x50, 0xC0, 0x53, 0xE8, 0x7E, 0x88, 0x6C,
    0x64, 0x6C, 0x70, 0xFC, 0x3C, 0xE0, 0xD3, 0x75, 0xB1, 0xD1, 0x15, 0x86, 0xB5, 0xA1, 0x76, 0xB1,
    0xFF, 0xE7, 0xA4, 0x8B, 0x01, 0xAD, 0x74, 0x31, 0x60, 0x94, 0x2E, 0x06, 0xCC, 0xD2, 0xC5, 0x96,
    0x22, 0x68, 0x17, 0xCB, 0x03, 0xFD, 0x44, 0xB4, 0x01, 0x4C, 0xF1, 0xE0, 0xE7, 0x6D, 0x4F, 0xAD,
    0x56, 0x6C, 0xB7, 0xD0, 0x05, 0xC3, 0xD5, 0x1D, 0x14, 0x1C, 0x0D, 0xDB, 0xFD, 0x1E, 0xEA, 0xB6,
    0x61, 0xE8, 0x6C, 0xB7, 0xC9, 0xB6, 0x0A, 0x23, 0xEA, 0x1E, 0xAA, 0x6D, 0x12, 0x46, 0xD4, 0x3D,
    0xD4, 0x88, 0x80, 0x33, 0x6C, 0x89, 0xDC, 0x4A, 0x22, 0xEA, 0x2E, 0x92, 0xE0, 0xBB, 0x44, 0xDB,
    0x0F, 0x74, 0xBB, 0x3D, 0xD4, 0xD4, 0xB6, 0x01, 0x05, 0x2D, 0x4C, 0x9D, 0x15, 0xF9, 0x78, 0x7B,
    0xC1, 0x02, 0xDB, 0x2B, 0x57, 0xCF, 0xCF, 0x07, 0xAB, 0xE6, 0x92, 0x8F, 0xDB, 0xC5, 0x33, 0x65,
    0xF5, 0x7A, 0xFE, 0x9E, 0xB2, 0x37, 0xBF, 0x57, 0x18, 0xFB, 0x5E, 0x5D, 0xBE, 0x3F, 0x4A, 0xCC,
    0xB1, 0x56, 0xF8, 0x16, 0xDF, 0x2B, 0x05, 0xDE, 0x5F, 0x0B, 0xB2, 0xDC, 0x9E, 0xA9, 0x1F, 0x7E,
    0x94, 0xF1, 0xE3, 0x8F, 0xB1, 0x31, 0xBF, 0x64, 0xE9, 0x89, 0x2D, 0x2F, 0x63, 0xD9, 0xB5, 0xDF,
    0xEA, 0xC7, 0x21, 0x32, 0x73, 0xF1, 0xC6, 0xBA, 0x8D, 0x5D, 0xB8, 0xCD, 0x5E, 0x79, 0x02, 0x68,
    0xD0, 0x69, 0x96, 0xC3, 0xAC, 0x3D, 0xAD, 0xB0, 0xCC, 0x16, 0x2B, 0x69, 0x80, 0x7F, 0xFF, 0x63,
    0xFD, 0x69, 0xBF, 0xB5, 0x99, 0xFD, 0x81, 0x07, 0xE6, 0xCB, 0x4A, 0xAF, 0xE8, 0xDD, 0x02, 0x7E,
    0xDE, 0x4D, 0x0E, 0x1D, 0xFF, 0xAE, 0xDD, 0x42, 0xB3, 0xE9, 0x11, 0xEE, 0x64, 0xDC, 0x06, 0xA5,
    0xBA, 0x44, 0x1D, 0x00, 0xC5, 0x17, 0xA4, 0x66, 0xAA, 0x13, 0x29, 0xC9, 0xF5, 0x3B, 0xB8, 0x8E,
    0x70, 0x52, 0x92, 0xF2, 0x68, 0xA3, 0xEF, 0x54, 0x3B, 0x12, 0x74, 0x24, 0x90, 0xE3, 0x59, 0xBA,
    0x53, 0x89, 0xA3, 0x2E, 0x34, 0xCB, 0x09, 0xAD, 0x6C, 0x57, 0x6A, 0x09, 0x7D, 0x11, 0xD0, 0x02,
    0x54, 0x56, 0x2C, 0x79, 0x31, 0x3B, 0xB4, 0x5A, 0x02, 0x27, 0x25, 0xD0, 0xE8, 0x4B, 0xBF, 0xA5,
    0x58, 0x49, 0xE7, 0xBB, 0x8C, 0xF7, 0xBC, 0x85, 0x4E, 0x4A, 0x06, 0x2E, 0x05, 0x72, 0x96, 0x50,
    0x81, 0xDA, 0x4D, 0xC7, 0x9A, 0x25, 0x1D, 0x3A, 0x6A, 0x51, 0x83, 0x1A, 0x7E, 0x9C, 0xB2, 0x1D,
    0x4D, 0x0B, 0x6F, 0xAA, 0xB9, 0x89, 0xA5, 0xAA, 0x4F, 0xBD, 0xA7, 0xD8, 0x76, 0x22, 0x32, 0x40,
    0xFF, 0x4E, 0x24, 0x6D, 0x19, 0x74, 0x83, 0x53, 0x4B, 0xD8, 0xA2, 0xC5, 0xBA, 0x6B, 0xC2, 0x7E,
    0x5B, 0xB2, 0x99, 0x25, 0x46, 0xD5, 0x25, 0x2A, 0x5A, 0xC5, 0xFA, 0xD2, 0xB9, 0x7E, 0x51, 0xCC,
    0xB7, 0x9D, 0xAC, 0x0A, 0xA3, 0x53, 0x03, 0xF0, 0xB7, 0xAF, 0xBB, 0x2F, 0x3D, 0xC1, 0xAE, 0xA3,
    0x9A, 0x9D, 0x5C, 0x79, 0x0E, 0x9A, 0xFE, 0xD8, 0xEC, 0xFF, 0x8B, 0xC0, 0xB6, 0x82, 0xD2, 0xCE,
    0x30, 0xDD, 0x39, 0x02, 0xB8, 0x0D, 0x5D, 0x34, 0x43, 0xF9, 0x30, 0x54, 0x43, 0xAC, 0xC7, 0x75,
    0xEC, 0x0E, 0x5E, 0x02, 0x61, 0xEB, 0x26, 0x15, 0xB0, 0x9A, 0xFA, 0x4D, 0xDA, 0x66, 0xF7, 0x60,
    0x57, 0xF4, 0x5E, 0xA5, 0x19, 0x2E, 0xA9, 0xC6, 0x19, 0x34, 0x0B, 0x36, 0x68, 0x16, 0x71, 0x34,
    0x76, 0x16, 0x3C, 0x5D, 0x12, 0x60, 0x70, 0x1A, 0x7B, 0xE4, 0x14, 0xAF, 0x06, 0x20, 0x3A, 0xAC,
    0x32, 0x0A, 0x01, 0x90, 0x90, 0xB6, 0x9E, 0xB4, 0x23, 0xED, 0x84, 0x8E, 0xC1, 0x46, 0xB4, 0xFA,
    0x3B, 0x1F, 0x06, 0xA7, 0x91, 0x49, 0x8D, 0x8F, 0xB7, 0x3D, 0xFD, 0x02, 0xCF, 0x22, 0x95, 0x18,
    0x25, 0xA1, 0x9C, 0x3A, 0x77, 0xC3, 0x1E, 0x98, 0x43, 0x77, 0xDD, 0x7B, 0xB9, 0xB6, 0x29, 0xB0,
    0xFF, 0x19, 0xD6, 0x63, 0xCE, 0x17, 0x34, 0x93, 0x45, 0x46, 0x65, 0x3F, 0xD8, 0xFA, 0x6C, 0xC6,
    0x44, 0xAD, 0x0C, 0x57, 0x77, 0xCB, 0xEB, 0x51, 0xD2, 0x81, 0xA9, 0x31, 0x53, 0x85, 0x9A, 0xEF,
    0x24, 0x8F, 0xD9, 0xF6, 0x80, 0x6D, 0x68, 0x00, 0xDA, 0x04, 0xE4, 0xBA, 0xCF, 0x62, 0xA1, 0xFD,
    0x60, 0xF9, 0x1A, 0xF0, 0x81, 0x27, 0xF9, 0x6D, 0x36, 0xF1, 0x4F, 0x51, 0x2C, 0xC5, 0x5C, 0x31,
    0xCF, 0x8D, 0x00, 0xB4, 0x48, 0x57, 0xE6, 0xBF, 0x74, 0xC4, 0xDB, 0xE0, 0x21, 0x1B, 0x7C, 0x05,
    0x45, 0xA8, 0x3E, 0x44, 0xC7, 0x6D, 0x80, 0xA7, 0x92, 0x4F, 0x01, 0x40, 0xF6, 0x4F, 0x3F, 0xC4,
    0x81, 0x3B, 0x61, 0xCC, 0xEB, 0x46, 0x2A, 0xDE, 0x43, 0x02, 0x36, 0x54, 0xAD, 0x3B, 0xAA, 0x1E,
    0x6B, 0x02, 0xD9, 0x2F, 0xD2, 0xAD, 0xD5, 0x1A, 0x41, 0xCF, 0x49, 0xD5, 0xBA, 0xC7, 0x9A, 0x61,
    0xC8, 0x17, 0xCD, 0x5B, 0x94, 0x62, 0xB3, 0x2C, 0x74, 0xD7, 0x75, 0x9F, 0xCF, 0x30, 0x5D, 0xC9,
    0x9F, 0x4C, 0x86, 0xFB, 0x97, 0xE4, 0xB3, 0xF9, 0x6A, 0xBE, 0x98, 0xAE, 0xE5, 0xC7, 0xAB, 0xF9,
    0xF2, 0x5A, 0xBE, 0x1A, 0xAE, 0xE6, 0xEF, 0xF5, 0xB7, 0x9E, 0x98, 0x3B, 0x00, 0xA3, 0x69, 0x7A,
    0x56, 0xDF, 0xBC, 0x16, 0xB4, 0xF8, 0x29, 0x31, 0xC7, 0x77, 0x46, 0x62, 0x8D, 0x33, 0x41, 0xFC,
    0xF0, 0x5F, 0x3E, 0x92, 0x25, 0x6F, 0x2E, 0xEB, 0xD0, 0x7C, 0x39, 0xE0, 0x0C, 0x61, 0xB7, 0xB0,
    0xA9, 0x6D, 0x61, 0xA3, 0xD8, 0x74, 0x8A, 0xFC, 0x96, 0xC3, 0x0A, 0x60, 0xC3, 0xF6, 0x84, 0xBA,
    0xB0, 0x11, 0x1C, 0x0C, 0x67, 0x29, 0x9F, 0xCB, 0x40, 0x64, 0x37, 0xD1, 0xDF, 0xA5, 0x8B, 0x37,
    0x6C, 0x0C, 0x55, 0x5F, 0x59, 0xA8, 0x46, 0x8D, 0x0D, 0x75, 0x5E, 0x2D, 0xE7, 0x0C, 0xAA, 0xC6,
    0x04, 0x83, 0x4E, 0x3D, 0x7E, 0x3D, 0x1E, 0x3C, 0x77, 0xDE, 0x6C, 0x89, 0x9A, 0x10, 0x7B, 0xED,
    0x1F, 0x3F, 0x75, 0x57, 0x4D, 0x7E, 0xA4, 0x5E, 0x5B, 0x94, 0xD4, 0x5B, 0x94, 0x80, 0x6F, 0xAB,
    0x0F, 0x73, 0x4C, 0x95, 0x10, 0x8F, 0xA5, 0x20, 0x39, 0xAC, 0xC1, 0x0B, 0x49, 0xE7, 0x50, 0x2B,
    0x19, 0x97, 0xA6, 0x42, 0x2D, 0x31, 0xD2, 0x5A, 0x2B, 0x29, 0x67, 0x25, 0xD6, 0x4B, 0x2A, 0xA2,
    0x9D, 0xCC, 0x31, 0xF2, 0xC9, 0x6A, 0x04, 0xE8, 0x37, 0x32, 0x29, 0xB9, 0x38, 0x0F, 0x76, 0x73,
    0xBE, 0x91, 0x74, 0xF9, 0xE5, 0x24, 0x0B, 0x46, 0xB4, 0x6D, 0x98, 0x99, 0x15, 0xEF, 0x63, 0xDC,
    0x2F, 0x05, 0xAA, 0x6D, 0x50, 0x6B, 0x60, 0xA3, 0xA0, 0x6A, 0x77, 0xDF, 0xC1, 0xD1, 0x5E, 0xFF,
    0x26, 0xF6, 0x5D, 0x92, 0xEB, 0x8B, 0x8B, 0x76, 0x9F, 0xAD, 0x31, 0x6D, 0x59, 0x46, 0xF8, 0x1E,
    0xC1, 0xA2, 0xD6, 0x04, 0x90, 0xA3, 0xF3, 0x16, 0xB4, 0x16, 0x60, 0xDF, 0x8D, 0x44, 0xB3, 0xF5,
    0x94, 0xE1, 0x1D, 0xCD, 0x42, 0x83, 0x18, 0x3F, 0xE0, 0x2C, 0xD4, 0xE3, 0xD6, 0x97, 0xEA, 0x11,
    0xFF, 0xB1, 0x6E, 0x01, 0xA8, 0xF4, 0x53, 0x82, 0xAE, 0x49, 0x9A, 0x39, 0xD6, 0x57, 0xB2, 0xAD,
    0xEC, 0xDE, 0x51, 0x20, 0x4F, 0xD6, 0x22, 0x66, 0xF3, 0xF8, 0xE4, 0x9C, 0xD9, 0x62, 0x2C, 0x24,
    0xE8, 0xE5, 0x66, 0x1E, 0x8F, 0x1C, 0xC5, 0x6C, 0x23, 0x9F, 0x31, 0x31, 0x5B, 0xAC, 0x2C, 0x3E,
    0x68, 0x30, 0x7A, 0xCD, 0xCA, 0x8A, 0x25, 0xDF, 0x16, 0x68, 0xFB, 0xDE, 0xD6, 0xB4, 0x8A, 0x66,
    0xFE, 0x78, 0x25, 0x0B, 0xF7, 0x92, 0xEC, 0x61, 0xBD, 0x2A, 0xBD, 0xF0, 0xD2, 0x31, 0xE1, 0xCF,
    0xF5, 0xA6, 0x69, 0x7F, 0x31, 0x23, 0x68, 0x4E, 0xAF, 0xBD, 0xD4, 0x7E, 0xA3, 0x5B, 0x54, 0xD6,
    0x91, 0x2A, 0x6B, 0x8F, 0xBA, 0x53, 0x6C, 0x0C, 0x2D, 0x6F, 0xD7, 0x6F, 0xB7, 0x3B, 0x39, 0x59,
    0xAB, 0xE8, 0xDC, 0x86, 0xCD, 0x4B, 0x4E, 0xD6, 0x6E, 0x4D, 0x9A, 0x06, 0x6B, 0x6C, 0xE3, 0x2F,
    0x6F, 0xEA, 0x3B, 0x3E, 0x8F, 0x4B, 0xAB, 0xDC, 0x67, 0x68, 0x55, 0x9E, 0xE7, 0xCD, 0xEC, 0x3C,
    0x6F, 0x7D, 0xCB, 0x79, 0x5E, 0xFC, 0x2F, 0x3E, 0xCF, 0xFB, 0xE6, 0x2D, 0x5D, 0x0D, 0xC7, 0x9B,
    0x65, 0x76, 0xDF, 0xCB, 0xED, 0xB8, 0x91, 0xE4, 0x33, 0x9E, 0x0F, 0x1E, 0x2E, 0xCF, 0x07, 0x2F,
    0xA7, 0xF3, 0xC1, 0x91, 0x81, 0xEC, 0x0C, 0x67, 0xDB, 0xF9, 0x60, 0x9C, 0x6D, 0xE7, 0x83, 0xED,
    0x2C, 0x70, 0x8B, 0x67, 0x48, 0x95, 0xD5, 0x30, 0xD6, 0x95, 0x08, 0x97, 0xE7, 0x83, 0x87, 0x3B,
    0x3E, 0x1F, 0xEC, 0x0E, 0xB3, 0x69, 0x9E, 0xB5, 0x31, 0xC6, 0xB2, 0xBD, 0xDD, 0xC5, 0x39, 0xE2,
    0xED, 0xD9, 0xB7, 0x0F, 0x87, 0xE9, 0x72, 0xEB, 0x15, 0xFD, 0xCD, 0xA7, 0xB6, 0xFF, 0x63, 0x87,
    0x97, 0x59, 0xA1, 0xF1, 0x0E, 0x66, 0x8B, 0xDF, 0xCA, 0xB3, 0xCF, 0xB4, 0xBC, 0x3B, 0xC5, 0xC6,
    0xE5, 0x78, 0xE2, 0x79, 0xEF, 0xAE, 0xDA, 0x6F, 0xF5, 0x59, 0xE9, 0x3B, 0x19, 0xCA, 0xD4, 0x6E,
    0x9C, 0xC2, 0x5E, 0x3D, 0x59, 0xBA, 0x3F, 0x85, 0xFD, 0x25, 0x3D, 0x85, 0x5D, 0xFF, 0x0F, 0xA7,
    0xB0, 0xD7, 0xE6, 0x6E, 0x4F, 0x61, 0x3B, 0xF7, 0x8F, 0x5B, 0xF5, 0x0E, 0xD8, 0x98, 0xFB, 0x27,
    0x77, 0xCD, 0x3E, 0xF7, 0xD3, 0xDA, 0xCE, 0x95, 0xED, 0x69, 0x06, 0xAD, 0xFB, 0x8D, 0x6B, 0xF9,
    0x4D, 0xBB, 0xEB, 0xD3, 0xDD, 0xFF, 0x0D, 0xD5, 0x5B, 0x31, 0xAC, 0xE5, 0xC6, 0x75, 0x1D, 0x3E,
    0x46, 0xFB, 0x02, 0x13, 0x08, 0xD3, 0x58, 0x01, 0xB2, 0x05, 0xFB, 0x34, 0xEC, 0x8B, 0x60, 0x28,
    0x2F, 0x10, 0x97, 0x49, 0x8A, 0xA4, 0xC8, 0x16, 0xEE, 0xE3, 0x62, 0xDB, 0x74, 0x64, 0xB4, 0x80,
    0x55, 0xA4, 0xF0, 0x06, 0x50, 0x90, 0x22, 0x4D, 0x0A, 0x57, 0x69, 0xB6, 0x07, 0x02, 0x0C, 0x57,
    0x5B, 0xA8, 0x50, 0x21, 0xAE, 0x6D, 0x44, 0x45, 0x0A, 0x51, 0xF6, 0xFF, 0x42, 0x00, 0x17, 0x3B,
    0x41, 0xA8, 0x88, 0x2B, 0x91, 0x3C, 0x99, 0x33, 0xF7, 0x92, 0xEF, 0x71, 0xFF, 0xFB, 0xCA, 0x97,
    0x64, 0x1B, 0xC9, 0x14, 0x73, 0xCE, 0xE5, 0xE3, 0x23, 0xE7, 0x9E, 0x7B, 0x67, 0x38, 0x1C, 0x92,
    0xC6, 0x1C, 0xBC, 0x61, 0x49, 0xA7, 0x08, 0x47, 0x01, 0xB5, 0x0E, 0x83, 0xF9, 0xEA, 0x82, 0xAA,
    0x6E, 0x8D, 0xED, 0xBE, 0x2D, 0x34, 0x3B, 0x78, 0x01, 0x42, 0x0D, 0x96, 0xCE, 0x0A, 0x64, 0x8B,
    0x23, 0x98, 0xAC, 0x35, 0xC6, 0xE4, 0x6C, 0x72, 0xE1, 0x57, 0x96, 0x75, 0x37, 0xDB, 0x05, 0xA0,
    0x3F, 0xAB, 0x1A, 0xDB, 0x1B, 0x54, 0xB6, 0xFB, 0x46, 0x95, 0xEB, 0x82, 0x12, 0x68, 0xC3, 0xD9,
    0x60, 0x8C, 0xB1, 0x94, 0x06, 0x7D, 0xA8, 0xEA, 0x26, 0x54, 0xBF, 0x67, 0xB6, 0x92, 0x8C, 0xAA,
    0x9D, 0xC0, 0xBC, 0x5A, 0xFA, 0xDB, 0x6D, 0xC5, 0x0D, 0xF7, 0xD0, 0x99, 0x23, 0x96, 0x12, 0x93,
    0xC9, 0xC1, 0x62, 0xCA, 0xB1, 0xC6, 0xF7, 0xD1, 0x58, 0x5F, 0x4C, 0x06, 0xAD, 0xED, 0xF3, 0xD1,
    0xD8, 0xDE, 0x76, 0x04, 0x1F, 0x60, 0x30, 0xE5, 0x0E, 0x8A, 0x4B, 0x1B, 0xAD, 0x42, 0x1F, 0xA1,
    0xEE, 0x22, 0xA0, 0x8D, 0x51, 0x46, 0x15, 0xEA, 0x37, 0xDD, 0x12, 0x18, 0x80, 0xD1, 0x94, 0x88,
    0xEA, 0x52, 0xF3, 0xFF, 0x30, 0x06, 0x12, 0x76, 0xB4, 0x02, 0x8D, 0x40, 0x15, 0xE1, 0x5F, 0x08,
    0xB1, 0x94, 0xCA, 0x6C, 0x2B, 0x58, 0x2B, 0xAA, 0xAD, 0xBF, 0x5F, 0x2C, 0xBF, 0xAF, 0xF8, 0xAF,
    0x21, 0x78, 0x18, 0x4D, 0xBA, 0x04, 0x15, 0x80, 0x26, 0x83, 0x49, 0x19, 0xAE, 0x20, 0x76, 0x8E,
    0xBF, 0x77, 0x03, 0x5D, 0x0F, 0xCE, 0x4D, 0xC6, 0xF5, 0x75, 0x6F, 0xF2, 0x29, 0xB8, 0xE4, 0x5E,
    0x8E, 0x19, 0x11, 0xC0, 0x71, 0x36, 0x25, 0xF1, 0x71, 0xC4, 0x17, 0x78, 0xBE, 0x10, 0x1B, 0xB7,
    0x21, 0x82, 0xEF, 0xF5, 0x27, 0x78, 0x8F, 0x09, 0x65, 0x81, 0x0A, 0x40, 0x93, 0x63, 0x31, 0x16,
    0xB3, 0x49, 0x30, 0x98, 0x63, 0x8C, 0x22, 0x53, 0x4A, 0x4A, 0xEE, 0x95, 0x14, 0x4A, 0x74, 0x8B,
    0xA6, 0xD8, 0x1D, 0x4B, 0x86, 0x2B, 0x00, 0x68, 0x0D, 0xA4, 0xB4, 0xC7, 0x95, 0xE4, 0xF8, 0x73,
    0xB7, 0x50, 0xCE, 0xE0, 0x54, 0x3E, 0x53, 0xD0, 0xBA, 0x33, 0x69, 0x24, 0x78, 0x39, 0x2A, 0x01,
    0x36, 0xF2, 0x38, 0x12, 0x7A, 0x26, 0xA4, 0x71, 0x4A, 0x5A, 0x25, 0xC1, 0x39, 0x21, 0x16, 0x78,
    0x10, 0x49, 0x8E, 0x25, 0x25, 0xA1, 0x7F, 0x42, 0x8C, 0x49, 0xBD, 0xF8, 0x32, 0x5D, 0x00, 0xFE,
    0x76, 0xB9, 0xD8, 0xCE, 0x14, 0x4B, 0x45, 0x00, 0xFA, 0x00, 0x07, 0x60, 0x0C, 0x90, 0xE2, 0x07,
    0x73, 0x80, 0xE3, 0x9C, 0x82, 0x30, 0x1D, 0x04, 0xCC, 0x0A, 0xD5, 0x4D, 0x48, 0x4E, 0x7B, 0xF6,
    0xD9, 0x54, 0x50, 0x7F, 0x00, 0x93, 0x80, 0x8F, 0xB0, 0x54, 0xEB, 0xD0, 0x93, 0x2D, 0x29, 0x02,
    0xD8, 0x00, 0xE8, 0x0C, 0x16, 0x13, 0xA1, 0x3B, 0x44, 0x68, 0x0B, 0x48, 0xDF, 0xE6, 0x9E, 0x16,
    0xF0, 0x31, 0x95, 0xB1, 0xCF, 0xB3, 0xA2, 0xD9, 0xA7, 0xA1, 0xED, 0xF6, 0x76, 0xD1, 0xDC, 0x2D,
    0x8A, 0x63, 0xCC, 0x03, 0x07, 0xB4, 0x01, 0x53, 0x00, 0x43, 0x40, 0x86, 0x70, 0x0A, 0x68, 0xC7,
    0xD0, 0xD2, 0x80, 0x21, 0x2D, 0x53, 0x04, 0x0C, 0xF1, 0x4B, 0x50, 0x05, 0x04, 0x8C, 0x62, 0x13,
    0xF1, 0x13, 0xB4, 0x11, 0x1B, 0xF7, 0x0C, 0x26, 0xE2, 0x7B, 0x44, 0x46, 0x8E, 0x69, 0x6A, 0x81,
    0xEF, 0x53, 0x85, 0x1C, 0xCB, 0x91, 0x18, 0xC2, 0x16, 0xF1, 0x7C, 0xEC, 0xD5, 0x11, 0x84, 0x02,
    0xED, 0xB7, 0xE8, 0x3E, 0x77, 0x2A, 0xA8, 0x24, 0x0D, 0xDB, 0x8B, 0x64, 0xCA, 0x47, 0xE3, 0x84,
    0x0C, 0xA6, 0xFE, 0x9A, 0xA4, 0xC9, 0xF4, 0xEF, 0x6D, 0x3E, 0xE5, 0x13, 0xB3, 0x73, 0xA8, 0xC7,
    0x2C, 0x0E, 0x5F, 0x40, 0x54, 0xCE, 0xE4, 0xD2, 0x1F, 0x26, 0x93, 0x60, 0x0E, 0xB2, 0xA2, 0xDB,
    0xB7, 0x5E, 0x3D, 0xDA, 0x7B, 0xA9, 0x5B, 0x6F, 0xF1, 0xF4, 0xEE, 0x31, 0x5C, 0x48, 0x63, 0x18,
    0xC1, 0xF3, 0xC6, 0x48, 0x1E, 0xA2, 0xC4, 0x31, 0x98, 0x29, 0x1E, 0x05, 0x1A, 0xE3, 0x19, 0x1D,
    0x32, 0x31, 0xA4, 0x42, 0x63, 0x54, 0x1F, 0xCC, 0xB9, 0xAF, 0x25, 0xB0, 0x0F, 0xF0, 0xF4, 0x4B,
    0x68, 0x6C, 0x01, 0x40, 0xC3, 0x6B, 0x49, 0x25, 0xC2, 0x07, 0xF7, 0x2A, 0x97, 0x20, 0x33, 0xE1,
    0x72, 0x8D, 0xB3, 0x71, 0x81, 0xB2, 0x8F, 0x02, 0x38, 0x8B, 0xB6, 0x06, 0x7C, 0xA5, 0x7A, 0x11,
    0x59, 0x4E, 0x3E, 0xCF, 0x7B, 0x25, 0x6E, 0x4A, 0x35, 0x6E, 0x34, 0xF7, 0x97, 0x68, 0xD2, 0xEF,
    0x3B, 0x85, 0x76, 0x03, 0x65, 0xDD, 0x7E, 0xDB, 0xDD, 0x3A, 0xC7, 0xEF, 0x6C, 0xEC, 0x8F, 0xA9,
    0x70, 0x7F, 0x40, 0x97, 0x80, 0x02, 0x2F, 0x39, 0xA6, 0x14, 0x4D, 0x0A, 0x96, 0xC5, 0xC8, 0x70,
    0x87, 0x77, 0x60, 0x5C, 0xCF, 0x41, 0x1C, 0x1C, 0x06, 0x7C, 0xDD, 0xB3, 0xDF, 0xA0, 0x2A, 0x39,
    0x90, 0x1F, 0xE7, 0xB5, 0xAF, 0xA4, 0x64, 0xF9, 0xC0, 0x31, 0x4F, 0x98, 0x0E, 0x7A, 0x4D, 0x60,
    0x8D, 0x13, 0xE6, 0x95, 0xB5, 0xA5, 0x97, 0x71, 0xAF, 0xFE, 0xCC, 0xF5, 0x32, 0xF0, 0x85, 0xBA,
    0x95, 0x91, 0x2F, 0x07, 0x74, 0xE8, 0x3B, 0x60, 0x50, 0x15, 0xBD, 0xE0, 0x5E, 0x3C, 0xCD, 0xB4,
    0xFD, 0x2F, 0xDF, 0x2A, 0xDB, 0xF6, 0x69, 0x97, 0xA0, 0xE3, 0xF0, 0x29, 0x89, 0x97, 0x63, 0x70,
    0xF0, 0x92, 0x7A, 0x72, 0xA9, 0xE5, 0x85, 0xFE, 0x2D, 0x37, 0x19, 0xFB, 0x19, 0x66, 0x8E, 0x88,
    0x03, 0x65, 0xB1, 0x5D, 0xED, 0x53, 0xF0, 0xA2, 0xC0, 0xBA, 0xE5, 0x94, 0xA5, 0x01, 0x86, 0x04,
    0x95, 0x18, 0x2D, 0x00, 0x13, 0x8D, 0xCE, 0x38, 0x1A, 0xCD, 0x66, 0x30, 0x11, 0xD5, 0xA8, 0x5B,
    0x49, 0x45, 0xFD, 0x45, 0x92, 0x51, 0x0D, 0x49, 0x47, 0x47, 0x03, 0xAD, 0x26, 0x64, 0x34, 0x1A,
    0xA6, 0xA4, 0x18, 0x09, 0xAA, 0xA0, 0xA0, 0x1A, 0x29, 0xCE, 0x47, 0xD6, 0xF9, 0xC4, 0xDF, 0xC4,
    0x68, 0x8E, 0xD8, 0x4A, 0x6F, 0xEC, 0xC9, 0xA8, 0x8C, 0xDB, 0xF8, 0x3F, 0x1B, 0x83, 0x2B, 0x73,
    0x2A, 0x68, 0xCF, 0x8D, 0xEA, 0xDC, 0xD8, 0xA5, 0xDE, 0xA5, 0x49, 0x53, 0xBA, 0xEC, 0xCC, 0xE3,
    0x72, 0xDB, 0xAF, 0xFA, 0xDF, 0x6F, 0x5D, 0xC4, 0xC3, 0x56, 0x58, 0x73, 0x6E, 0x5A, 0x0C, 0xAB,
    0x59, 0xA2, 0x37, 0x0E, 0x13, 0xD3, 0x29, 0x34, 0xE1, 0x00, 0xCC, 0x06, 0x1F, 0x88, 0x19, 0xF3,
    0x11, 0x7F, 0x8B, 0x40, 0xC4, 0xB4, 0x41, 0xD7, 0x67, 0x62, 0x82, 0xE5, 0x95, 0x71, 0x3D, 0x1E,
    0x4C, 0xD6, 0x73, 0xBF, 0xA8, 0xB8, 0xC7, 0xAF, 0x16, 0x78, 0x15, 0xD3, 0x97, 0x91, 0x79, 0x5C,
    0xA7, 0x4B, 0xBA, 0xD4, 0x23, 0xAF, 0x3F, 0x34, 0x9B, 0x74, 0x4E, 0xE7, 0x7C, 0x2A, 0xBD, 0x79,
    0xBA, 0xE4, 0xC1, 0xCC, 0xC2, 0x99, 0x33, 0x9A, 0xB9, 0x0F, 0xE6, 0xD5, 0xA3, 0x29, 0xC5, 0x9F,
    0x4E, 0xB6, 0x37, 0x65, 0x30, 0xEB, 0x98, 0x41, 0x18, 0x6B, 0x39, 0x62, 0x21, 0xD3, 0x3C, 0xEF,
    0xC4, 0x3C, 0x60, 0x61, 0xC2, 0x56, 0x6A, 0x9A, 0x53, 0xA9, 0xF7, 0xE1, 0x70, 0xD5, 0xCE, 0x84,
    0xE2, 0x45, 0x33, 0xD9, 0x47, 0xE2, 0x30, 0xED, 0xE3, 0xB4, 0x37, 0xCD, 0xDF, 0xEC, 0x4D, 0xB7,
    0xA8, 0xF0, 0xD4, 0xB9, 0x94, 0x36, 0xD9, 0x29, 0x23, 0xB8, 0x29, 0x25, 0xCC, 0xEE, 0x21, 0x61,
    0xB2, 0xE8, 0x08, 0x19, 0x0C, 0x37, 0xAE, 0xD1, 0xEA, 0x5E, 0x87, 0x29, 0x66, 0x16, 0xA1, 0x52,
    0xD0, 0x3D, 0x1B, 0x46, 0x27, 0xCE, 0x6A, 0x74, 0xC4, 0xBA, 0x36, 0xF8, 0x47, 0x70, 0x6F, 0x54,
    0xA8, 0xD0, 0x1C, 0x40, 0x72, 0x55, 0xE0, 0x08, 0x53, 0x03, 0x33, 0x60, 0x0A, 0x60, 0xE0, 0x55,
    0xCC, 0x2D, 0x15, 0xFA, 0x93, 0x83, 0x5D, 0x3C, 0x50, 0x95, 0x4E, 0x82, 0xF9, 0xA8, 0xE8, 0x73,
    0x4E, 0x56, 0x19, 0x86, 0xE1, 0x18, 0xD0, 0x76, 0x82, 0x75, 0x9B, 0x03, 0xCC, 0x9A, 0xB6, 0x94,
    0x13, 0x37, 0x12, 0x7C, 0x3C, 0xC6, 0xBB, 0xD9, 0x02, 0x8F, 0xC7, 0x8B, 0xC9, 0x26, 0x3B, 0xE2,
    0xC1, 0x62, 0x78, 0x49, 0x0D, 0xDB, 0x9F, 0xD4, 0xE3, 0x71, 0x0A, 0x99, 0x04, 0xF8, 0x74, 0x46,
    0x5B, 0x03, 0x6D, 0x3A, 0xBB, 0xF6, 0x18, 0x32, 0x28, 0x9D, 0xEB, 0x5E, 0x46, 0x33, 0xEB, 0x89,
    0xD9, 0x54, 0x4C, 0xC4, 0x62, 0x14, 0x65, 0x38, 0xA6, 0x84, 0x1D, 0x0E, 0xE8, 0x0C, 0xF0, 0xEE,
    0x1B, 0x0E, 0x95, 0x0E, 0x41, 0xDC, 0x06, 0x44, 0x11, 0xFF, 0x10, 0xB8, 0x3A, 0x4F, 0xEF, 0x3D,
    0xD5, 0x2C, 0x3F, 0xCF, 0xF0, 0x53, 0x76, 0x37, 0xA7, 0xCC, 0x6E, 0xCF, 0xB2, 0xDA, 0x9C, 0x32,
    0xDA, 0x9C, 0xB2, 0xD9, 0x9C, 0x32, 0xD9, 0x9C, 0x65, 0xF1, 0x59, 0x06, 0x9F, 0x65, 0xEF, 0x9A,
    0xB9, 0xF6, 0x3C, 0x6B, 0xB7, 0x8C, 0x0D, 0x96, 0x8E, 0xB6, 0x7D, 0xC4, 0x9A, 0x0E, 0x89, 0x4B,
    0xC4, 0x14, 0x9F, 0x39, 0xF9, 0xD9, 0x5B, 0x62, 0xFE, 0xF9, 0x2B, 0x17, 0xF1, 0x3F, 0x31, 0x47,
    0xF4, 0xF5, 0x20, 0x28, 0x37, 0x8B, 0xBF, 0x9A, 0x0A, 0x4F, 0xFC, 0xE5, 0x22, 0xD8, 0xCB, 0x25,
    0xBD, 0x35, 0x65, 0x40, 0xDE, 0xA5, 0x26, 0x8E, 0xF8, 0xC1, 0x62, 0x0A, 0x22, 0xD0, 0x2A, 0xF6,
    0x11, 0x87, 0xDA, 0x47, 0x6C, 0x4B, 0xC5, 0x22, 0x22, 0x63, 0x2F, 0x68, 0x7D, 0x29, 0xFB, 0x03,
    0x37, 0x31, 0x66, 0x43, 0x71, 0x13, 0x79, 0x7E, 0x39, 0xDF, 0x1E, 0xEF, 0xDC, 0x8E, 0x3F, 0x6A,
    0xB6, 0xF3, 0xF7, 0xB7, 0x9F, 0x5F, 0x47, 0xF7, 0x6F, 0x8B, 0xDA, 0x6E, 0xDA, 0x17, 0x99, 0x7A,
    0xA3, 0x8B, 0x06, 0xCA, 0xE8, 0x89, 0x32, 0xA0, 0xDD, 0x58, 0x4F, 0xA6, 0xFE, 0x90, 0xA9, 0x47,
    0xC2, 0x0A, 0x61, 0xE2, 0x1D, 0x99, 0xFA, 0xA7, 0xFF, 0x65, 0xA9, 0x36, 0xD6, 0x29, 0x3B, 0xF3,
    0xB3, 0x1C, 0x0A, 0x8C, 0x91, 0xE5, 0x43, 0xBD, 0x31, 0x60, 0x88, 0xCC, 0x7A, 0xBD, 0x12, 0x1D,
    0xD0, 0xE3, 0x4A, 0xAE, 0x75, 0x68, 0x6A, 0x48, 0x59, 0xD6, 0xC4, 0x66, 0xDA, 0x3D, 0x8D, 0xE4,
    0xF2, 0x85, 0x26, 0x76, 0x98, 0x04, 0x98, 0xA4, 0x07, 0x71, 0xB6, 0xE9, 0x5D, 0xD8, 0xFC, 0x39,
    0xF3, 0xD1, 0xFE, 0x92, 0xD9, 0x68, 0x9F, 0x61, 0x0E, 0x75, 0xCB, 0x4C, 0xB4, 0xDD, 0x3A, 0x7E,
    0xED, 0x6A, 0x76, 0x38, 0xE9, 0x60, 0x5A, 0xCB, 0xF6, 0x3C, 0xD6, 0x36, 0xD6, 0xB8, 0xE2, 0x3E,
    0xEC, 0x4D, 0xAC, 0x39, 0xDE, 0xB0, 0x0F, 0xB1, 0x43, 0xD0, 0x21, 0xF6, 0x1C, 0xBA, 0xB2, 0xDC,
    0x3E, 0x3E, 0xF2, 0xEF, 0x84, 0xF9, 0x0C, 0x74, 0x9E, 0x2A, 0x60, 0x05, 0x70, 0xCD, 0x3E, 0x1A,
    0xCF, 0x74, 0x24, 0x64, 0x13, 0xE1, 0xEA, 0x11, 0x81, 0x27, 0x0B, 0x50, 0xC4, 0x36, 0xC7, 0xD3,
    0x05, 0x60, 0xD9, 0x8D, 0x90, 0x0D, 0x47, 0xFF, 0x95, 0xE5, 0xE3, 0xC6, 0x74, 0x9C, 0x3C, 0x8D,
    0x94, 0xD4, 0x43, 0x99, 0x8E, 0x96, 0x40, 0xCB, 0xF1, 0x52, 0x19, 0x1A, 0xAC, 0xEC, 0x6D, 0xBC,
    0x1B, 0x07, 0x0E, 0x23, 0xA3, 0x66, 0xF1, 0xE5, 0x62, 0x64, 0xDC, 0x2C, 0x80, 0x56, 0x46, 0xCE,
    0xC0, 0x7A, 0x19, 0x3B, 0x8B, 0x57, 0xB5, 0x47, 0x2B, 0x99, 0x56, 0x7A, 0x19, 0x3F, 0xC9, 0xAC,
    0xD7, 0xA0, 0xF9, 0x52, 0xA3, 0x69, 0x7D, 0x3E, 0x0B, 0x73, 0xDD, 0x51, 0x12, 0x22, 0x45, 0x9B,
    0xE0, 0x15, 0xD9, 0x23, 0x84, 0x1D, 0xF0, 0xAA, 0xFA, 0xEE, 0x53, 0x86, 0x37, 0xDB, 0xF2, 0xC1,
    0xD4, 0x92, 0x22, 0xA1, 0x24, 0x4F, 0x81, 0x2F, 0xAA, 0x1B, 0x39, 0xD1, 0xE8, 0x18, 0x25, 0x23,
    0x35, 0x20, 0x23, 0x35, 0x7E, 0x1A, 0xD1, 0xBE, 0x6C, 0x05, 0x3F, 0xFC, 0x54, 0xF0, 0x7D, 0x0C,
    0x11, 0x9F, 0xA1, 0x0B, 0xE7, 0x6C, 0x2C, 0x7A, 0x46, 0x66, 0xE4, 0xFA, 0x45, 0xA1, 0x79, 0x6E,
    0xF1, 0x05, 0xF0, 0x23, 0xB4, 0xEE, 0x83, 0xA9, 0x0E, 0x61, 0xE8, 0xF1, 0xF6, 0x12, 0x5C, 0x60,
    0x5F, 0x47, 0x11, 0xB1, 0x41, 0x3E, 0x10, 0x7F, 0x26, 0x58, 0x63, 0x09, 0x68, 0x7D, 0x89, 0x31,
    0x20, 0xBA, 0x23, 0xD3, 0xE3, 0x3E, 0x38, 0xCE, 0xB1, 0x98, 0x54, 0x53, 0x3A, 0x27, 0xF0, 0xFE,
    0x7F, 0x11, 0x27, 0x5C, 0x70, 0xEF, 0x5E, 0xD8, 0x8E, 0x96, 0xAE, 0xA3, 0x42, 0x63, 0x12, 0xB9,
    0x79, 0x34, 0x47, 0x78, 0xD7, 0x07, 0xBB, 0xE0, 0xD4, 0x9C, 0x61, 0x7A, 0x19, 0xB0, 0x1E, 0x8F,
    0xF8, 0xB1, 0xAF, 0x7D, 0x09, 0xCC, 0x19, 0xD0, 0x67, 0x80, 0x4F, 0x41, 0x05, 0x51, 0xE9, 0x35,
    0xFE, 0x52, 0xD1, 0x4C, 0x65, 0x61, 0xFC, 0x84, 0xD5, 0x5B, 0xDF, 0xC5, 0x9C, 0x09, 0x3B, 0x60,
    0x4A, 0x85, 0xA5, 0x33, 0x1E, 0x2A, 0x9B, 0x6A, 0x74, 0xCA, 0x78, 0xD7, 0x57, 0x45, 0x26, 0x77,
    0x00, 0xDF, 0x01, 0x00, 0x9A, 0x09, 0x84, 0xE5, 0x53, 0xB6, 0xB2, 0xA1, 0xC4, 0x93, 0x74, 0x89,
    0x31, 0xAF, 0x7D, 0x38, 0x1E, 0x59, 0x8F, 0x56, 0x58, 0xDD, 0x02, 0x63, 0x1A, 0xAF, 0xD6, 0xCF,
    0x00, 0xA4, 0x0C, 0x59, 0xCC, 0xA5, 0xC7, 0x00, 0xC8, 0xDE, 0xC2, 0xF3, 0x25, 0x45, 0x15, 0x98,
    0x91, 0xDB, 0x93, 0xC0, 0x2B, 0x32, 0x4E, 0xBD, 0xF1, 0x09, 0x94, 0x71, 0xB2, 0x1D, 0x59, 0x5B,
    0x60, 0x49, 0xC9, 0x5C, 0x7B, 0xC0, 0x55, 0x60, 0xE0, 0xDC, 0x3E, 0x16, 0x34, 0x56, 0x3D, 0xC1,
    0xBA, 0x3E, 0x93, 0x2D, 0xBA, 0x56, 0x67, 0xEC, 0xA4, 0xB7, 0x34, 0x07, 0x78, 0x4A, 0x72, 0x1D,
    0x96, 0xEF, 0xD0, 0xAE, 0xD9, 0x37, 0xEB, 0x4D, 0x2E, 0x44, 0x81, 0x43, 0xA0, 0x3F, 0x21, 0xB9,
    0x27, 0xF3, 0xF1, 0x3A, 0x44, 0x65, 0x65, 0x29, 0x56, 0x96, 0xE3, 0xC9, 0x01, 0xD1, 0x47, 0x3B,
    0x98, 0x44, 0x58, 0xDD, 0x91, 0xA9, 0xDF, 0x09, 0xDC, 0x10, 0x19, 0x12, 0x60, 0x11, 0x46, 0x15,
    0xAA, 0xC0, 0x9A, 0xC0, 0xBE, 0x87, 0x96, 0xCC, 0xBE, 0x80, 0x71, 0x64, 0x2D, 0x59, 0xDD, 0x85,
    0xA3, 0x5C, 0x87, 0x5F, 0x8D, 0x0D, 0xCC, 0x62, 0x65, 0x39, 0x90, 0x08, 0x4B, 0x78, 0x5D, 0xE7,
    0xB9, 0x34, 0xBE, 0x6E, 0x65, 0x09, 0xAF, 0x11, 0x16, 0x5A, 0x5A, 0x5C, 0x62, 0xA1, 0x7D, 0x3F,
    0x3C, 0xF5, 0xB5, 0xA8, 0x4D, 0x49, 0x72, 0x25, 0x07, 0xE0, 0xFA, 0xE5, 0xBE, 0x6C, 0x1A, 0x80,
    0x69, 0xE4, 0xCE, 0x8C, 0x14, 0x67, 0xC6, 0x49, 0x8C, 0xD2, 0x9B, 0x93, 0x1E, 0x85, 0x0F, 0x0E,
    0x9D, 0x19, 0xAA, 0x8A, 0x1A, 0x2A, 0x8C, 0x1A, 0xA2, 0x8D, 0x18, 0x2A, 0x8F, 0x18, 0xA2, 0x90,
    0x1A, 0x2A, 0x52, 0x34, 0x54, 0x27, 0x31, 0x2C, 0xCE, 0x0C, 0x51, 0x4B, 0x8D, 0x4D, 0x30, 0x1A,
    0xAA, 0xD9, 0x6A, 0xA8, 0x6C, 0x7A, 0x00, 0x29, 0x34, 0x70, 0xAB, 0xC1, 0x14, 0x79, 0x18, 0x25,
    0xDC, 0xA9, 0xB8, 0x13, 0xF2, 0xB2, 0x96, 0x5A, 0x50, 0x9D, 0xD7, 0x59, 0x9C, 0x30, 0x3B, 0x78,
    0x13, 0x1C, 0xC6, 0xC8, 0x55, 0x92, 0x1F, 0x4C, 0x06, 0xDF, 0x9F, 0xD3, 0x39, 0xD4, 0xD3, 0xA9,
    0x7E, 0xB0, 0x1C, 0x27, 0xFE, 0x9A, 0x85, 0xBA, 0xC2, 0x8F, 0x47, 0xCE, 0x08, 0x5E, 0x86, 0x9A,
    0x65, 0x3C, 0xAF, 0xB7, 0xB5, 0x64, 0x48, 0xDD, 0xC4, 0xD6, 0x54, 0x31, 0xF7, 0xB5, 0x7B, 0x6C,
    0xB7, 0x7F, 0x87, 0xE9, 0x72, 0xAB, 0x0E, 0x18, 0x43, 0x5D, 0x02, 0xB1, 0x6D, 0x68, 0xF0, 0x16,
    0xA6, 0xA2, 0xC5, 0xF7, 0x96, 0x39, 0xD4, 0x0F, 0x66, 0x20, 0xD4, 0x53, 0x8D, 0x2A, 0xD4, 0x05,
    0xDB, 0xC6, 0x0E, 0x14, 0x7E, 0x0D, 0x35, 0x7B, 0xB2, 0xB9, 0xD8, 0xAA, 0x03, 0xF0, 0x44, 0x35,
    0xE3, 0x8E, 0xA9, 0xCE, 0x91, 0x0B, 0x5C, 0xDF, 0x8F, 0x7D, 0x72, 0x92, 0x87, 0x03, 0xE8, 0x63,
    0xBF, 0x4D, 0x51, 0x71, 0x1F, 0xD2, 0x18, 0xA2, 0x7C, 0x12, 0x97, 0x8A, 0xC1, 0x76, 0x8C, 0x9F,
    0xF5, 0x8A, 0x3D, 0x91, 0xC1, 0x25, 0xDA, 0xCE, 0x29, 0x62, 0xC5, 0xC6, 0x62, 0x56, 0x44, 0xA3,
    0xD8, 0x07, 0xAC, 0xEC, 0x50, 0xFB, 0x88, 0x5D, 0x3E, 0x72, 0x7B, 0xC0, 0x49, 0x30, 0xDB, 0x50,
    0x8E, 0x77, 0x54, 0xA4, 0x6D, 0x39, 0x68, 0xB0, 0xA9, 0xBD, 0xAC, 0x02, 0x97, 0x3E, 0xE0, 0x78,
    0xE2, 0x47, 0xC8, 0x68, 0x7F, 0xC0, 0xD5, 0x11, 0xAD, 0x0E, 0x2B, 0x3A, 0x20, 0x8F, 0x9A, 0x18,
    0xCD, 0xFE, 0x7E, 0xCF, 0xE1, 0x6A, 0x4D, 0x9F, 0x26, 0xCA, 0x14, 0xA7, 0x1E, 0x39, 0xAE, 0xEF,
    0xC5, 0x09, 0xCE, 0x4C, 0x4E, 0x5D, 0xF8, 0x53, 0x93, 0xCA, 0x8D, 0x57, 0xCB, 0xF8, 0x95, 0x01,
    0xF3, 0xD8, 0x96, 0x3A, 0xEA, 0x62, 0x5B, 0x1B, 0x75, 0xB1, 0x3D, 0xA2, 0x2E, 0x25, 0x64, 0x51,
    0x23, 0x87, 0xAC, 0x5A, 0x70, 0x04, 0x44, 0x40, 0x1D, 0x2D, 0x31, 0x2B, 0xA2, 0x11, 0xA4, 0xF4,
    0xA2, 0x4B, 0xC4, 0x8E, 0x7E, 0x89, 0x2E, 0x82, 0xD9, 0x19, 0x8A, 0x2E, 0x54, 0x5E, 0xEC, 0xD7,
    0x75, 0x29, 0xBE, 0xB5, 0x2E, 0x97, 0x4B, 0x82, 0x45, 0xD9, 0xFE, 0x2A, 0xB7, 0xBF, 0xD2, 0xB1,
    0x60, 0xC9, 0xFC, 0xF9, 0x85, 0x31, 0x3D, 0x59, 0xA9, 0xDE, 0x04, 0xAB, 0xA5, 0xF7, 0xC2, 0xAB,
    0x95, 0x61, 0x7F, 0xBB, 0x2D, 0xA9, 0x7B, 0x0F, 0x8B, 0x79, 0x04, 0x40, 0x3A, 0xBD, 0x03, 0xBE,
    0x04, 0xAD, 0x03, 0xCE, 0x8A, 0xC9, 0x71, 0xF5, 0x86, 0x5B, 0xFE, 0xEC, 0xA1, 0xCC, 0x2A, 0x4B,
    0xEA, 0x01, 0xDE, 0x63, 0xF1, 0x62, 0x18, 0x55, 0x45, 0x53, 0x60, 0xA0, 0xE5, 0xB8, 0x38, 0x1A,
    0x42, 0xF5, 0xD1, 0x44, 0x2B, 0x2E, 0xE2, 0x95, 0xDE, 0x3D, 0x5F, 0xD4, 0x7A, 0x3C, 0xE5, 0x1E,
    0x6F, 0x23, 0x5A, 0x2F, 0xF0, 0xFE, 0x94, 0x0F, 0xAB, 0xD5, 0xB8, 0xD7, 0xAC, 0xB9, 0x50, 0x2B,
    0x3E, 0xD0, 0x40, 0xED, 0xF1, 0x51, 0xB4, 0x2C, 0x38, 0xA2, 0xF4, 0x35, 0x66, 0x5A, 0xCC, 0x81,
    0x78, 0x23, 0x3A, 0xD2, 0x4A, 0xB8, 0x92, 0xB6, 0x98, 0x7B, 0xE8, 0x68, 0xD1, 0x89, 0xFE, 0x00,
    0x54, 0x4E, 0x1E, 0x59, 0x88, 0x83, 0x2C, 0x3E, 0x98, 0x67, 0x1E, 0x4E, 0xC1, 0x0C, 0x2E, 0xBE,
    0xE9, 0xF0, 0xEE, 0xFD, 0x30, 0x75, 0x45, 0x30, 0xCB, 0x78, 0xA6, 0x2A, 0x85, 0x4F, 0x99, 0x32,
    0xD6, 0x33, 0xB2, 0x6D, 0x86, 0x31, 0x66, 0x5A, 0xF4, 0xB2, 0xF4, 0xC5, 0x7F, 0xCD, 0x31, 0x61,
    0xE8, 0xE6, 0x92, 0x0F, 0xF6, 0xA7, 0x30, 0xB5, 0x98, 0xCF, 0xA7, 0x6C, 0xB2, 0x2D, 0x0F, 0x14,
    0xCC, 0x4F, 0xF0, 0x7E, 0x30, 0xB9, 0x38, 0x1E, 0xCD, 0x26, 0x88, 0x73, 0x66, 0xB6, 0xF6, 0xA3,
    0x59, 0x4C, 0xFE, 0xB7, 0xBE, 0xC6, 0xF3, 0x30, 0x52, 0xDA, 0xCF, 0x11, 0x8F, 0x6C, 0x81, 0xF7,
    0x80, 0xA1, 0xA4, 0x97, 0x31, 0xE3, 0x61, 0x80, 0x3E, 0xC7, 0x14, 0x13, 0x96, 0xEE, 0x16, 0x0B,
    0x6F, 0x49, 0x52, 0x9E, 0xEA, 0x7C, 0x11, 0x6C, 0x67, 0x16, 0x74, 0xD0, 0xE2, 0xBC, 0x74, 0xF8,
    0x4A, 0x53, 0xBA, 0xEE, 0x5F, 0xFC, 0xB5, 0xDB, 0xE6, 0x10, 0x5A, 0x9E, 0x48, 0x7A, 0x6A, 0xB9,
    0xD2, 0x9E, 0x1E, 0x8D, 0x2F, 0xE2, 0x6F, 0xAF, 0xCB, 0x4E, 0xB5, 0xF7, 0xCA, 0xB3, 0xDE, 0x8B,
    0xCF, 0x2D, 0x31, 0xC5, 0xF0, 0xE4, 0x0F, 0xD0, 0x51, 0x7F, 0x3E, 0xDA, 0x94, 0x10, 0x34, 0x1A,
    0x02, 0x79, 0x76, 0xC9, 0x24, 0xEA, 0xA2, 0xFB, 0x6D, 0xDC, 0xB2, 0x0F, 0x04, 0xB7, 0x48, 0x2C,
    0x46, 0x8D, 0x85, 0x6C, 0xD9, 0x85, 0x83, 0x5B, 0xF6, 0x11, 0xE1, 0x96, 0x7D, 0x50, 0xB8, 0x45,
    0xE3, 0xF2, 0x0C, 0x95, 0x1E, 0x67, 0x1F, 0x1A, 0x6E, 0xD9, 0x47, 0x87, 0x5B, 0xF6, 0x01, 0xE2,
    0x96, 0x7D, 0x8C, 0xB8, 0x65, 0x1F, 0xA6, 0xDD, 0x16, 0x46, 0x4A, 0x8F, 0x7C, 0x5E, 0xC4, 0x8B,
    0x3B, 0x6C, 0xF9, 0xB9, 0x09, 0xE5, 0xBB, 0x7F, 0xF9, 0x54, 0xA2, 0x76, 0x33, 0x70, 0x37, 0x63,
    0xB7, 0x0F, 0xDF, 0x8D, 0x72, 0xC0, 0xA8, 0x7F, 0xD2, 0xA3, 0xB5, 0x01, 0x30, 0x95, 0x01, 0x0E,
    0xF3, 0x94, 0x07, 0x48, 0xC7, 0xE5, 0x11, 0xC1, 0xD7, 0xA8, 0x08, 0xC5, 0x6C, 0x02, 0x0C, 0xDB,
    0x12, 0xD1, 0x1E, 0x6E, 0xBF, 0xB1, 0x7C, 0xA5, 0x4D, 0xD3, 0x35, 0xE3, 0x31, 0x2E, 0x0A, 0xB9,
    0x45, 0x16, 0x84, 0x10, 0x6F, 0x2C, 0x13, 0xC4, 0x1B, 0x4B, 0xB9, 0x9F, 0x1F, 0x02, 0x14, 0x00,
    0x17, 0xA6, 0x79, 0x77, 0xA0, 0x4B, 0xD2, 0xF9, 0x22, 0xB7, 0xE6, 0x93, 0x39, 0xAE, 0xD9, 0xA6,
    0x4B, 0xCF, 0x72, 0x15, 0xE8, 0x77, 0x8F, 0xB0, 0x2B, 0x81, 0x26, 0x42, 0x0A, 0xC4, 0xC3, 0xDD,
    0xC0, 0x85, 0xF3, 0x8B, 0x80, 0x73, 0xB2, 0x47, 0x00, 0x73, 0xC0, 0x5C, 0xF7, 0xB3, 0x80, 0x2C,
    0x4D, 0x5D, 0x1F, 0xE0, 0xA6, 0x80, 0xCD, 0x01, 0xD9, 0x42, 0x4C, 0x91, 0x22, 0xE0, 0x55, 0x11,
    0xAC, 0x04, 0x35, 0x53, 0x1E, 0x6F, 0xA1, 0x00, 0x3C, 0x31, 0xC1, 0x52, 0x11, 0x63, 0x28, 0x82,
    0x25, 0xB2, 0x1F, 0x60, 0x71, 0x4B, 0xE9, 0xCC, 0x3D, 0x78, 0x0D, 0x6D, 0x23, 0xAA, 0x8D, 0xF1,
    0xBF, 0x3C, 0x90, 0x96, 0x33, 0x7F, 0xB8, 0xD7, 0xAD, 0x5C, 0x7D, 0xA3, 0x06, 0xE2, 0x17, 0x79,
    0xB5, 0xE7, 0xEA, 0x27, 0xB9, 0xF8, 0x2A, 0x5C, 0xFC, 0x15, 0xAE, 0x3E, 0x0B, 0x57, 0xBF, 0xC9,
    0xD5, 0x77, 0xE1, 0xEA, 0x3F, 0xB9, 0x6A, 0x10, 0xB9, 0xE8, 0x20, 0x5C, 0xB4, 0x10, 0xAE, 0x7A,
    0x28, 0x17, 0x4D, 0xC8, 0x55, 0x97, 0xC8, 0x71, 0x1B, 0x57, 0x8D, 0x58, 0x54, 0x27, 0x16, 0xD5,
    0x4A, 0x8A, 0xEA, 0x75, 0xA9, 0x64, 0x7A, 0x2B, 0x31, 0xC5, 0xBD, 0xA0, 0xEB, 0x86, 0xBA, 0x6A,
    0x28, 0x6B, 0x86, 0xB2, 0x62, 0xC8, 0xF5, 0x42, 0xD6, 0x26, 0xB6, 0x6A, 0xD8, 0xD7, 0x1C, 0xC3,
    0xA4, 0x37, 0xB3, 0xFE, 0x32, 0x8E, 0x61, 0x40, 0x1F, 0xEB, 0x21, 0xD4, 0x73, 0x39, 0xF1, 0xD7,
    0x2C, 0xD6, 0xC7, 0x99, 0x75, 0x7A, 0xA3, 0x3E, 0xC6, 0x5F, 0x65, 0x96, 0x68, 0xC7, 0x98, 0xDB,
    0x3E, 0xA6, 0xB6, 0xAE, 0x12, 0xD7, 0xB1, 0x6B, 0x63, 0xD8, 0x4F, 0x8C, 0x35, 0xB7, 0xF5, 0xB5,
    0x8C, 0x02, 0xF2, 0x90, 0xF5, 0x06, 0x7A, 0xB6, 0x30, 0xE2, 0xA0, 0xF8, 0x25, 0x9A, 0x88, 0x80,
    0x57, 0x9C, 0x22, 0xCE, 0xC5, 0x2C, 0xFB, 0xA5, 0x10, 0x3C, 0x60, 0x8F, 0xC9, 0x2D, 0xDB, 0x53,
    0xCD, 0xE8, 0x74, 0x11, 0x3C, 0x4E, 0x5F, 0x99, 0xD9, 0x0F, 0xD1, 0x48, 0xC4, 0x66, 0x9D, 0x39,
    0xF6, 0x8C, 0xFC, 0x7E, 0x35, 0x4D, 0xFD, 0x91, 0x0C, 0xBE, 0x95, 0xAB, 0x6F, 0x94, 0x43, 0xFD,
    0x93, 0x6C, 0x53, 0x1F, 0x95, 0x03, 0xFE, 0x8C, 0x4F, 0xCA, 0xD5, 0x5F, 0xE1, 0xEA, 0x83, 0xF2,
    0xC3, 0x2D, 0x3C, 0xB9, 0xC3, 0x3E, 0xA9, 0x72, 0xD5, 0x43, 0x39, 0x35, 0xF9, 0x5A, 0x99, 0x7D,
    0x5F, 0x22, 0xAC, 0x3A, 0x09, 0x55, 0xAD, 0x58, 0x54, 0xAF, 0xBB, 0x94, 0x42, 0xFF, 0xA2, 0x2B,
    0x92, 0xEB, 0xBA, 0xBE, 0xB0, 0x1C, 0xBD, 0xDB, 0x16, 0x2D, 0xAD, 0x30, 0xFB, 0xEF, 0x9F, 0x39,
    0x65, 0xCF, 0x31, 0x2B, 0x6B, 0x9D, 0x5F, 0xD9, 0x3A, 0xA7, 0xDC, 0x2E, 0xFA, 0xF5, 0xEE, 0x62,
    0xEF, 0x75, 0x1E, 0x69, 0xFB, 0x75, 0x0E, 0x69, 0xBB, 0x75, 0xFE, 0x18, 0x98, 0xCE, 0x1D, 0x03,
    0xD3, 0x79, 0xA3, 0xB0, 0xC7, 0x53, 0x41, 0xA6, 0xF3, 0x45, 0xB2, 0xC6, 0x9D, 0xB3, 0x82, 0x4C,
    0xE7, 0x88, 0x81, 0xE9, 0xFC, 0x30, 0x30, 0x9D, 0x1B, 0x06, 0xA6, 0xF3, 0xC2, 0xC0, 0xE2, 0xE4,
    0x24, 0xC3, 0x15, 0xD7, 0x71, 0x74, 0x56, 0x12, 0xE8, 0xDA, 0xC2, 0x36, 0x9D, 0x39, 0x0F, 0x04,
    0xFE, 0x04, 0x3E, 0x9D, 0x75, 0x0E, 0x68, 0xD9, 0x15, 0x65, 0xFE, 0x97, 0x4F, 0xE9, 0xAC, 0x53,
    0x8E, 0x2C, 0x50, 0x9D, 0xF7, 0x1D, 0x85, 0x3E, 0x9F, 0xB8, 0x2D, 0x50, 0x99, 0x5D, 0x90, 0xEA,
    0xB4, 0x82, 0x54, 0xE7, 0x13, 0xA4, 0x3A, 0x91, 0xE0, 0xDF, 0x74, 0x06, 0xC1, 0xED, 0xEB, 0xD4,
    0x61, 0x4C, 0x67, 0x9D, 0x33, 0x14, 0x3E, 0x5D, 0xC3, 0x6B, 0xFB, 0x8D, 0xBA, 0x2E, 0xFE, 0x4D,
    0xCB, 0x8C, 0x8B, 0x94, 0x33, 0x81, 0x37, 0x9E, 0xA2, 0xDF, 0xA6, 0x00, 0x8B, 0x04, 0x92, 0xA5,
    0xD7, 0x8B, 0xBE, 0x2E, 0x06, 0xED, 0xCA, 0xA6, 0x8E, 0x0C, 0x9A, 0xAA, 0x90, 0x9A, 0x9B, 0x4A,
    0x62, 0xC6, 0x60, 0x46, 0xA5, 0x78, 0x95, 0x5E, 0xA7, 0x6B, 0x56, 0xDF, 0x30, 0x5A, 0xE7, 0x6A,
    0x93, 0x98, 0xAB, 0x6A, 0x6A, 0xEA, 0x2C, 0xED, 0xB8, 0x99, 0xAA, 0x9E, 0x9A, 0xAA, 0xA0, 0x9A,
    0x9B, 0x8A, 0x6A, 0xAA, 0x92, 0x6A, 0x6E, 0x6A, 0x8A, 0xB9, 0x2A, 0xAA, 0xE6, 0xA6, 0xAA, 0x98,
    0x9B, 0xB2, 0x62, 0x9E, 0xAB, 0xAB, 0xA6, 0x2A, 0xAC, 0x87, 0xD2, 0x12, 0x4D, 0x7C, 0xB5, 0xD9,
    0x99, 0x75, 0x0D, 0xCA, 0xEC, 0x55, 0x7F, 0x4D, 0xF9, 0xDB, 0xD4, 0xD7, 0xA2, 0xBF, 0x2F, 0xDB,
    0x5D, 0x60, 0x2D, 0x33, 0x17, 0xAE, 0x67, 0x1E, 0x50, 0xA7, 0xDE, 0xA4, 0x8B, 0xFD, 0xA7, 0x50,
    0x4F, 0x25, 0xBA, 0x50, 0x73, 0x21, 0x30, 0x95, 0x75, 0x0A, 0xC4, 0x66, 0xE3, 0x67, 0xAC, 0x6B,
    0xB0, 0x2E, 0x62, 0x7D, 0x90, 0x16, 0x66, 0xB1, 0x4E, 0xFF, 0xD7, 0xBA, 0x89, 0x35, 0x80, 0x5D,
    0x2D, 0xBF, 0x7E, 0xD3, 0xAA, 0x61, 0x05, 0xE0, 0xAC, 0xE2, 0x20, 0x78, 0xE7, 0x6A, 0x75, 0xF2,
    0x37, 0x86, 0x8D, 0xA2, 0xC6, 0x49, 0x70, 0x56, 0xD4, 0x2B, 0x58, 0x4A, 0x41, 0x25, 0x55, 0x6A,
    0x45, 0x10, 0x53, 0xC4, 0x8B, 0x2E, 0x13, 0x8B, 0xB3, 0xEA, 0xFB, 0x98, 0x4C, 0xAD, 0xC7, 0x29,
    0x08, 0x8B, 0x04, 0x7C, 0x69, 0xF6, 0x0B, 0x90, 0x18, 0x09, 0x16, 0x60, 0xC0, 0xF5, 0x39, 0x08,
    0x26, 0x4E, 0xA6, 0x33, 0x99, 0x5A, 0xE7, 0x32, 0xB5, 0xCE, 0x65, 0x6A, 0x9D, 0x73, 0x6A, 0x4D,
    0xD0, 0xF5, 0xB5, 0x51, 0x00, 0x4D, 0x80, 0x1C, 0xE8, 0x09, 0x73, 0xED, 0x19, 0xF5, 0x21, 0x9F,
    0x08, 0x3E, 0x13, 0x48, 0x15, 0xE6, 0x0B, 0x70, 0x3C, 0xED, 0xD9, 0x70, 0x7D, 0x5E, 0x3C, 0xF6,
    0x02, 0x2D, 0x21, 0x3E, 0xDC, 0xE8, 0x0A, 0x6F, 0xB2, 0x28, 0x52, 0x20, 0x0E, 0x83, 0x39, 0x2E,
    0x85, 0x4F, 0xA8, 0x50, 0x3E, 0x85, 0x63, 0xF1, 0x85, 0x9E, 0x62, 0x08, 0x64, 0x49, 0x50, 0x59,
    0x4F, 0xC2, 0x5E, 0xDB, 0xF3, 0x34, 0xB2, 0x28, 0x29, 0xC4, 0x09, 0xA9, 0x5B, 0xAC, 0x5B, 0xD0,
    0xEC, 0x09, 0x9A, 0xD8, 0xB8, 0xE5, 0x3E, 0x2A, 0x34, 0xAA, 0x9E, 0x92, 0x71, 0x25, 0x4D, 0xD8,
    0x5D, 0x97, 0x30, 0x6A, 0xAA, 0x45, 0x62, 0x75, 0x5D, 0xC6, 0x14, 0xA1, 0x2A, 0xBD, 0xDE, 0x0A,
    0xB8, 0x9E, 0x81, 0xC3, 0x15, 0x1F, 0x65, 0x68, 0x74, 0xD7, 0xEE, 0x38, 0xAE, 0x1D, 0x4D, 0x9F,
    0x64, 0x8C, 0x41, 0x89, 0x7B, 0xE8, 0x4D, 0x0A, 0x04, 0x56, 0xD2, 0x33, 0xE0, 0x9D, 0x18, 0xC9,
    0xAA, 0x1C, 0xC2, 0x78, 0xC4, 0x51, 0xA9, 0xB5, 0xAD, 0x23, 0x6B, 0xEA, 0xCE, 0x75, 0x88, 0xCC,
    0xF6, 0x88, 0xFB, 0x85, 0xBD, 0x3C, 0x80, 0xA3, 0x32, 0x37, 0xAA, 0xB2, 0xA8, 0xCC, 0xBA, 0xAD,
    0x79, 0x9D, 0x71, 0x41, 0x2B, 0xB2, 0x1F, 0xA1, 0x23, 0x03, 0x4B, 0xE3, 0x94, 0x2D, 0xC6, 0xF6,
    0xC2, 0x7A, 0xBA, 0x17, 0x0A, 0xE8, 0xD6, 0xA4, 0x2B, 0x9E, 0xB2, 0x84, 0x98, 0xC6, 0x0A, 0xAB,
    0x0C, 0x71, 0x26, 0x58, 0x6A, 0x62, 0xFD, 0xE4, 0x4D, 0x7D, 0xA2, 0x24, 0xB1, 0xD4, 0x61, 0x69,
    0x5E, 0xD3, 0x0F, 0x4F, 0x2E, 0x3D, 0x9C, 0xD4, 0xB9, 0x80, 0x4E, 0x04, 0xF4, 0xF9, 0xA4, 0x3E,
    0xA0, 0xD4, 0x27, 0x94, 0xFA, 0x88, 0x52, 0x9F, 0x51, 0xC6, 0xAB, 0x2A, 0xAA, 0xFA, 0xA5, 0xB7,
    0x5D, 0x80, 0x0F, 0xA7, 0x08, 0xEF, 0x03, 0x84, 0x67, 0x02, 0x6D, 0x29, 0x60, 0xDC, 0xAF, 0xE9,
    0x8D, 0xEF, 0xDF, 0xFA, 0x1B, 0xE6, 0x2C, 0xF6, 0x1B, 0x82, 0x9E, 0x8F, 0xD6, 0xAF, 0x9F, 0x34,
    0x37, 0xC8, 0x0B, 0x17, 0x48, 0xCF, 0x0B, 0x87, 0x14, 0x63, 0x01, 0x75, 0x46, 0x89, 0xD7, 0x66,
    0xD9, 0xA1, 0x80, 0xDC, 0x9D, 0x0C, 0xB5, 0x90, 0x62, 0x00, 0x3C, 0xC9, 0xFA, 0xBC, 0xFB, 0x9E,
    0x3E, 0xEE, 0xFE, 0xAB, 0xED, 0x69, 0xB7, 0x3E, 0x66, 0x14, 0x55, 0x1C, 0xF1, 0xC9, 0x8D, 0xC7,
    0x99, 0x09, 0x8F, 0x72, 0x94, 0x17, 0xDA, 0x3E, 0x9D, 0x98, 0x58, 0x53, 0x98, 0x3B, 0xFE, 0x77,
    0xA8, 0x9E, 0xF3, 0xCE, 0xA8, 0x45, 0x17, 0x2A, 0xE9, 0x8F, 0xED, 0xA9, 0xFA, 0xAD, 0xBC, 0x8F,
    0xAF, 0x25, 0xE9, 0x6D, 0x1C, 0x52, 0xD2, 0x49, 0x30, 0x53, 0xCC, 0x07, 0xB9, 0x6F, 0xD3, 0xB7,
    0xE5, 0x83, 0x90, 0x82, 0xA7, 0xF5, 0x66, 0x22, 0x3A, 0x34, 0x11, 0x87, 0x88, 0xF3, 0xA3, 0x89,
    0xC8, 0x7B, 0x39, 0x54, 0xC4, 0x38, 0xF3, 0xDB, 0x63, 0x2B, 0xE8, 0x22, 0x1E, 0xA7, 0x9A, 0xA9,
    0xC1, 0xB3, 0x7A, 0x62, 0x3E, 0x96, 0xA3, 0x3E, 0xE9, 0x5E, 0x88, 0xAE, 0x4F, 0xD1, 0x49, 0xBF,
    0xC6, 0x52, 0x25, 0x0E, 0x94, 0x75, 0x7D, 0xDC, 0xA0, 0x9D, 0xF9, 0xFE, 0x69, 0x09, 0x47, 0x07,
    0x30, 0xB9, 0xD4, 0xA4, 0x80, 0x32, 0x0E, 0x60, 0xC2, 0xE2, 0x00, 0x96, 0x2E, 0x32, 0x5B, 0x0F,
    0x6C, 0x8E, 0xE7, 0x80, 0xB2, 0x38, 0x80, 0xA5, 0x40, 0x43, 0x76, 0x24, 0x1B, 0x02, 0x1B, 0x23,
    0xE3, 0x30, 0x65, 0xC8, 0x1E, 0xC2, 0xE8, 0x5B, 0x3D, 0x87, 0x8D, 0x25, 0xA8, 0xD0, 0x46, 0x46,
    0xFD, 0x37, 0x56, 0x77, 0x2B, 0xB3, 0x5E, 0xF7, 0x0B, 0x2D, 0xD8, 0x3F, 0xC3, 0xE4, 0xDA, 0x57,
    0x06, 0x12, 0x6E, 0xA0, 0xB7, 0x0C, 0x55, 0xF0, 0x4F, 0x26, 0x06, 0xE8, 0xE9, 0xF1, 0xB5, 0x49,
    0xDC, 0xF6, 0x86, 0x1D, 0x7F, 0xD0, 0xA4, 0xEE, 0x64, 0xE8, 0x56, 0x01, 0x76, 0xA5, 0xE0, 0xFE,
    0x92, 0x7F, 0x46, 0x32, 0x90, 0x3A, 0xFC, 0x82, 0x50, 0xA2, 0x25, 0xD8, 0x8F, 0x3F, 0x9D, 0xF4,
    0x31, 0xBA, 0x3E, 0x45, 0x27, 0xB4, 0x51, 0x11, 0x1B, 0x72, 0xF9, 0x88, 0xD9, 0xFE, 0x7F, 0xFA,
    0xE4, 0xC2, 0xF5, 0xC7, 0xD0, 0xEA, 0xC2, 0x4B, 0xBB, 0x03, 0x91, 0x96, 0x07, 0xA2, 0x6D, 0x2F,
    0xBC, 0xB6, 0x3E, 0x10, 0x69, 0x7F, 0x20, 0xE2, 0xC1, 0xDA, 0xDC, 0x1B, 0xA4, 0xD8, 0x6F, 0xB9,
    0x48, 0x6C, 0xFF, 0x3A, 0xD9, 0x1E, 0x3E, 0x42, 0x49, 0xC2, 0x49, 0x85, 0x85, 0x14, 0x8F, 0x9B,
    0xA4, 0xE3, 0x7A, 0xC6, 0xD9, 0x22, 0x8D, 0xAE, 0xD0, 0x5C, 0x5E, 0x9E, 0x51, 0x4F, 0x01, 0x4C,
    0xE2, 0xAC, 0x70, 0xF1, 0x57, 0xB8, 0xBA, 0x1C, 0x27, 0x34, 0x9B, 0xD7, 0xC7, 0xC0, 0xD5, 0x71,
    0x72, 0xF5, 0x5D, 0xB9, 0x7A, 0x74, 0x89, 0x17, 0xE7, 0xDB, 0xEF, 0xC0, 0x6D, 0x7F, 0x99, 0xD7,
    0x6D, 0xE4, 0xB1, 0x40, 0xB9, 0x8A, 0x43, 0xBE, 0xEA, 0x43, 0x8E, 0x5B, 0x38, 0x17, 0xB4, 0xDC,
    0x37, 0x5F, 0xD0, 0xBA, 0xFC, 0x2E, 0x45, 0x09, 0x78, 0x61, 0x00, 0x66, 0xFD, 0xB1, 0x2F, 0xB0,
    0xF6, 0xD4, 0x04, 0x6D, 0x64, 0x9C, 0x48, 0x49, 0xB6, 0xEA, 0x83, 0x30, 0x65, 0x9E, 0x2C, 0x95,
    0x07, 0x61, 0x19, 0xC6, 0x74, 0x79, 0x83, 0xCC, 0x01, 0x0D, 0x5C, 0x60, 0x29, 0x80, 0xBE, 0x66,
    0x30, 0xE2, 0x67, 0x3B, 0x05, 0x5D, 0x8F, 0x1F, 0xEE, 0x24, 0xAE, 0x2B, 0xBC, 0x7E, 0xBA, 0xD3,
    0x17, 0xF2, 0xF1, 0x0E, 0x85, 0xD4, 0xCF, 0x77, 0x94, 0x3D, 0x9E, 0x63, 0x00, 0xF4, 0x13, 0x1E,
    0xB2, 0xC6, 0x9D, 0x31, 0xC4, 0xFF, 0xEA, 0x87, 0x3C, 0x3C, 0x32, 0x50, 0xE9, 0xC2, 0x0F, 0x67,
    0x4E, 0xE0, 0x4D, 0x9E, 0x7E, 0xCE, 0x13, 0xD8, 0xD7, 0x7A, 0xE1, 0x06, 0xAD, 0xE0, 0xC7, 0x17,
    0x5E, 0xB8, 0xD1, 0xB1, 0x82, 0xFE, 0x16, 0xFD, 0xEF, 0xC6, 0x60, 0xFC, 0xDD, 0xE8, 0x0C, 0x7D,
    0xFD, 0x05, 0xD0, 0x44, 0x4F, 0x4B, 0xB4, 0xAB, 0x9F, 0xAB, 0x97, 0xEA, 0xE3, 0xE6, 0xA1, 0xFA,
    0xF7, 0x35, 0x3F, 0x50, 0x5A, 0xCE, 0x3F, 0x50, 0xBA, 0xF9, 0xBA, 0xEC, 0xBD, 0xF8, 0xDE, 0xA7,
    0x7E, 0x9F, 0xD2, 0xA5, 0xD0, 0x2F, 0x54, 0x7C, 0xB2, 0xC6, 0x40, 0x07, 0x81, 0x91, 0xDF, 0x19,
    0xD5, 0x12, 0x83, 0x14, 0x6B, 0x0C, 0x02, 0x53, 0xE5, 0x0F, 0x1B, 0x7B, 0x0F, 0x12, 0x83, 0x4F,
    0xF0, 0x0C, 0xAA, 0xBC, 0x7D, 0xA1, 0xAC, 0x8D, 0x8F, 0xB2, 0x02, 0xAB, 0xAF, 0xD1, 0x86, 0x3D,
    0xBA, 0x18, 0x03, 0x7D, 0x8D, 0x2A, 0x07, 0x98, 0x5E, 0x12, 0x03, 0x8A, 0xA5, 0x31, 0x60, 0x22,
    0x29, 0x43, 0xC3, 0xF1, 0x11, 0x5A, 0x3C, 0x2E, 0x30, 0x66, 0xBD, 0x68, 0xEF, 0xB6, 0x29, 0x6C,
    0x79, 0xCA, 0xD5, 0xBB, 0xE5, 0x3B, 0xA5, 0x39, 0x57, 0x07, 0xC0, 0xA4, 0x02, 0x89, 0xB1, 0x69,
    0x44, 0x63, 0x95, 0x49, 0x46, 0x10, 0x55, 0x2A, 0x76, 0xD9, 0x4D, 0x2C, 0x1A, 0x9B, 0x5E, 0x34,
    0x44, 0x32, 0x35, 0x54, 0x35, 0x31, 0x54, 0x38, 0x31, 0x44, 0x3B, 0x35, 0x54, 0x3E, 0x31, 0x36,
    0x05, 0x69, 0x6C, 0x22, 0xD2, 0xD8, 0x74, 0xA4, 0xA1, 0x52, 0x8A, 0xA1, 0x6A, 0xAA, 0xA1, 0x82,
    0xEE, 0xC6, 0x13, 0xD0, 0xC0, 0xED, 0xC6, 0x2A, 0xEE, 0x4E, 0xDF, 0x9D, 0xC4, 0x77, 0x56, 0x99,
    0xA5, 0xD6, 0x31, 0xE9, 0x08, 0xF8, 0x75, 0x6C, 0x9A, 0x22, 0xB1, 0x78, 0x5B, 0x88, 0x43, 0x23,
    0x04, 0x8F, 0xFE, 0x4D, 0x49, 0xAE, 0x4D, 0xC0, 0x01, 0xAD, 0x90, 0xFF, 0x83, 0x5F, 0xCB, 0x25,
    0xED, 0xA9, 0x45, 0xA9, 0xDE, 0x22, 0x93, 0x67, 0x53, 0xB6, 0xF1, 0xDC, 0x97, 0xCB, 0x5B, 0xD2,
    0x34, 0xE6, 0xB5, 0xD7, 0xD6, 0x19, 0xDB, 0xF1, 0x4F, 0xC2, 0xEB, 0x16, 0x72, 0x48, 0x0C, 0xFA,
    0xE2, 0x18, 0xF9, 0xA2, 0xAF, 0x8E, 0x91, 0xA3, 0x92, 0x97, 0xC7, 0x66, 0x6E, 0x6B, 0xB7, 0xD7,
    0xC7, 0x2A, 0xA7, 0x2F, 0x90, 0x91, 0x33, 0x71, 0xC0, 0x56, 0x2B, 0x67, 0xC3, 0x95, 0xB7, 0x85,
    0xB6, 0xBD, 0xD6, 0x17, 0xC9, 0xE4, 0xBF, 0xD6, 0x1B, 0x2D, 0x68, 0xCB, 0x51, 0x69, 0x8A, 0x2A,
    0x87, 0xF2, 0x7C, 0x59, 0x47, 0x15, 0x79, 0x61, 0x45, 0x43, 0x9E, 0xC9, 0x34, 0x6C, 0xF9, 0x87,
    0xCA, 0x3C, 0x84, 0xBC, 0xB8, 0x22, 0x65, 0x5C, 0xD3, 0x64, 0x4B, 0x8E, 0xFB, 0xE0, 0x9B, 0x8D,
    0x3A, 0x89, 0x3B, 0xE0, 0x95, 0x3C, 0xF7, 0x4D, 0x01, 0x43, 0x16, 0x8D, 0x1C, 0xF4, 0x53, 0x8D,
    0x72, 0xC0, 0x73, 0xFC, 0xFC, 0x11, 0xA7, 0x54, 0xD4, 0xC8, 0x7D, 0x38, 0x9B, 0x44, 0xDE, 0xE1,
    0x70, 0x2F, 0xF0, 0x71, 0x9C, 0x70, 0xD3, 0x00, 0xE0, 0xB0, 0xD0, 0xC0, 0x42, 0x23, 0x76, 0x8E,
    0x96, 0x35, 0x30, 0x06, 0xE8, 0xA3, 0xE1, 0x51, 0x71, 0xCC, 0xF4, 0xC1, 0xE8, 0xED, 0x80, 0x26,
    0x18, 0x25, 0x8D, 0x2E, 0x9F, 0x68, 0x78, 0x31, 0xB2, 0x09, 0xAD, 0x29, 0xC6, 0x5A, 0x0D, 0xD7,
    0xB2, 0x45, 0x9D, 0x18, 0x96, 0x9D, 0x1B, 0x8D, 0x1A, 0x3C, 0xFD, 0x6C, 0xE4, 0x00, 0x21, 0x8C,
    0x6B, 0x29, 0x86, 0xEC, 0x6C, 0xCD, 0xD0, 0x1F, 0xD0, 0x2B, 0x4F, 0xD0, 0x9D, 0xDE, 0x5E, 0xE4,
    0x3E, 0x05, 0x5E, 0xC9, 0x0F, 0x6E, 0x96, 0x1E, 0xF4, 0x2E, 0x27, 0x79, 0xF0, 0xAA, 0x1A, 0x8B,
    0x1C, 0xC9, 0x09, 0xD7, 0x67, 0xF5, 0x3F, 0xA4, 0x9E, 0x4F, 0xCE, 0x97, 0x00, 0xE5, 0x1B, 0xB9,
    0x75, 0x11, 0xD0, 0x00, 0xF7, 0xBD, 0xD1, 0x65, 0xC0, 0xB8, 0x0E, 0x48, 0x98, 0x0A, 0x74, 0x84,
    0x23, 0x2A, 0x82, 0xA1, 0x9E, 0x07, 0x2C, 0x02, 0xE8, 0x03, 0xA4, 0xDB, 0x57, 0x9A, 0xD3, 0x6F,
    0xF6, 0x2B, 0xCD, 0xE3, 0xF6, 0x95, 0x66, 0x6F, 0xB0, 0x1C, 0x22, 0x74, 0xB4, 0xEE, 0xF4, 0x95,
    0x66, 0x67, 0x3B, 0x59, 0x64, 0x9A, 0x02, 0x71, 0x1C, 0xEC, 0x02, 0x91, 0x45, 0xA6, 0x91, 0xAD,
    0x7F, 0x07, 0x71, 0x46, 0x2D, 0x8B, 0x4C, 0x3D, 0x89, 0x91, 0x90, 0xE9, 0xDA, 0x92, 0x12, 0x08,
    0xA9, 0x5B, 0x34, 0xBA, 0xE5, 0x44, 0xAA, 0x48, 0xD0, 0xF0, 0x00, 0xBA, 0xC8, 0x24, 0xF9, 0x69,
    0x84, 0xC8, 0xFB, 0x1D, 0x67, 0x8B, 0x4C, 0xB3, 0xAE, 0x2D, 0xA5, 0xDC, 0xC2, 0xBE, 0x13, 0xBD,
    0xC9, 0x17, 0x92, 0x98, 0xE0, 0x1C, 0x7D, 0xB8, 0xDE, 0x04, 0x3C, 0x09, 0x31, 0x0B, 0xA4, 0x5C,
    0x23, 0x7A, 0xD8, 0xC2, 0xFC, 0x1D, 0xEC, 0x6F, 0x55, 0xFE, 0x07, 0xB5, 0x96, 0x37, 0xF0, 0xAD,
    0xB8, 0x15, 0xC6, 0x3F, 0x60, 0x77, 0x98, 0xF1, 0x9D, 0x59, 0x2A, 0xE7, 0x80, 0x6B, 0x27, 0xDC,
    0x37, 0x62, 0xF7, 0x75, 0xCE, 0xAE, 0xDD, 0xD7, 0xCE, 0x39, 0x80, 0x73, 0xE9, 0x50, 0x3A, 0xF7,
    0xCD, 0xF6, 0x8D, 0x25, 0xE7, 0x6C, 0xE3, 0xD8, 0x1A, 0xE7, 0x6C, 0x6B, 0x67, 0xD8, 0x79, 0xDC,
    0x79, 0xC0, 0x67, 0xE9, 0x48, 0x20, 0xFE, 0x9B, 0xE3, 0x79, 0x8F, 0x73, 0x7E, 0xDF, 0xBD, 0x7A,
    0x48, 0xFA, 0xEE, 0x11, 0x3C, 0xE8, 0xB9, 0x5C, 0x90, 0x73, 0x44, 0x41, 0x3A, 0x6A, 0xB8, 0xA2,
    0x22, 0x3F, 0xBB, 0xA0, 0x23, 0xDB, 0x66, 0xE2, 0x0F, 0x16, 0xF0, 0x0F, 0x34, 0xCA, 0x68, 0x4F,
    0x7D, 0x37, 0xE8, 0x81, 0x42, 0x6A, 0xA4, 0x8C, 0x73, 0xA3, 0x2C, 0xC9, 0x32, 0x92, 0x9E, 0x85,
    0x6A, 0xCB, 0x16, 0xFB, 0x67, 0xFD, 0x43, 0x49, 0x8D, 0x34, 0x42, 0x9F, 0xE1, 0xA0, 0x1D, 0xD1,
    0x87, 0xE9, 0x86, 0x40, 0x1B, 0x94, 0x0D, 0x34, 0xA2, 0x99, 0xE1, 0x82, 0x2D, 0x50, 0xAD, 0x42,
    0x1C, 0x51, 0xB2, 0x17, 0x9A, 0x91, 0xD1, 0x0A, 0x2D, 0x40, 0xE7, 0xC7, 0xF0, 0xF5, 0x8E, 0x2A,
    0x6E, 0x9F, 0x07, 0xDE, 0xEE, 0x28, 0xA3, 0xC4, 0x04, 0xE0, 0xC5, 0x42, 0x03, 0x22, 0x5E, 0xF1,
    0x68, 0xD1, 0x70, 0xF4, 0x25, 0x93, 0x9B, 0x42, 0x96, 0xE1, 0x6B, 0x45, 0xAB, 0xE5, 0xEB, 0xDB,
    0x56, 0xF9, 0xAA, 0xFE, 0x74, 0xD5, 0x52, 0xBF, 0xC5, 0x55, 0xAA, 0xE9, 0x26, 0xA9, 0x7E, 0x8A,
    0x0B, 0xE7, 0xC6, 0xD6, 0x16, 0x9A, 0xFC, 0xC5, 0x52, 0xDB, 0x82, 0xE4, 0x1D, 0xD2, 0x56, 0x7C,
    0xAB, 0x5E, 0x5D, 0x55, 0x33, 0x2E, 0x5B, 0x4D, 0xDB, 0x79, 0xD3, 0xD1, 0x59, 0xFE, 0x6F, 0xCE,
    0xC4, 0x31, 0x12, 0xB1, 0xF6, 0x52, 0x9D, 0xEF, 0x52, 0x7B, 0xFD, 0x2D, 0x42, 0xEA, 0xB7, 0x37,
    0x57, 0xBB, 0x3F, 0xF0, 0x3B, 0x2B, 0x1A, 0xAB, 0xC8, 0x5B, 0x94, 0xFB, 0x6E, 0xA5, 0xAF, 0x19,
    0x27, 0xA9, 0x7E, 0x7E, 0x20, 0xCC, 0x6F, 0x10, 0xE6, 0x9F, 0x5C, 0xAD, 0xF8, 0x05, 0xBD, 0xB8,
    0xAA, 0x16, 0x5C, 0xE4, 0x3E, 0x16, 0x85, 0xDC, 0x77, 0x40, 0x9C, 0x7F, 0xC6, 0xCD, 0x75, 0xC4,
    0xF9, 0x07, 0x1E, 0xF3, 0x33, 0xCE, 0xBF, 0x85, 0xF9, 0x3F, 0x19, 0xE6, 0xE7, 0xCD, 0xF9, 0x25,
    0xEA, 0xA7, 0x5B, 0xD3, 0x3E, 0x20, 0x3B, 0x11, 0x92, 0xBD, 0x08, 0x79, 0x37, 0x17, 0x21, 0x35,
    0x85, 0xFD, 0x00, 0xDD, 0x80, 0x82, 0x42, 0xA4, 0x78, 0x2A, 0x44, 0x1C, 0xD4, 0x47, 0xFA, 0x25,
    0x4D, 0x24, 0xF1, 0x36, 0xD2, 0xB7, 0x03, 0xED, 0xFB, 0x03, 0xA2, 0xC3, 0x64, 0x1B, 0x3D, 0x26,
    0x87, 0xB8, 0xCB, 0xD3, 0x3E, 0x9B, 0xA9, 0xE4, 0x26, 0x54, 0x4D, 0xF5, 0x41, 0x8A, 0xAB, 0x90,
    0xB2, 0x6A, 0x84, 0x8F, 0x9C, 0xA3, 0xBA, 0x7A, 0x78, 0x9E, 0x66, 0x5F, 0x33, 0xC4, 0x82, 0x22,
    0x52, 0x0F, 0xBC, 0x92, 0xA4, 0x34, 0xEF, 0x63, 0x86, 0xDE, 0x76, 0x2A, 0x49, 0x13, 0xB1, 0x26,
    0x6D, 0x44, 0xC5, 0xD7, 0xEF, 0xA8, 0x59, 0xEC, 0xC8, 0xEE, 0xCB, 0x07, 0xD6, 0x1C, 0x76, 0x2C,
    0xD9, 0xEE, 0x08, 0x20, 0x3A, 0xCE, 0x76, 0xB7, 0x9C, 0x1C, 0xA2, 0xE7, 0x39, 0xB9, 0x9B, 0x5E,
    0xF0, 0xED, 0x0E, 0xA5, 0x8B, 0xCB, 0xA5, 0x9A, 0x00, 0x69, 0xE4, 0x80, 0xD2, 0xCB, 0xB7, 0xD6,
    0xCA, 0x76, 0xA1, 0x8D, 0x6E, 0xF1, 0xFE, 0x3B, 0x8C, 0x1D, 0x4D, 0x92, 0xB1, 0xA9, 0x95, 0xA0,
    0x78, 0x9F, 0xF3, 0x5A, 0xC5, 0xD6, 0x42, 0x67, 0xAA, 0xD8, 0x5D, 0xD0, 0x0E, 0x77, 0xFB, 0x53,
    0x8F, 0xA7, 0x36, 0x13, 0x84, 0x44, 0x46, 0xEC, 0x91, 0x27, 0x2C, 0xD6, 0x84, 0xCB, 0x81, 0x65,
    0xC2, 0xCB, 0x74, 0x60, 0x65, 0x0F, 0xCC, 0xC6, 0x47, 0xB3, 0x9D, 0xFD, 0x8E, 0x17, 0x72, 0xD9,
    0x59, 0x91, 0xDC, 0x59, 0xCF, 0x25, 0x4D, 0x64, 0x07, 0xDA, 0xEE, 0xDC, 0xA3, 0x39, 0xAD, 0xB5,
    0x9A, 0x4F, 0xBC, 0x24, 0xFB, 0x2F, 0x0B, 0x2E, 0x1C, 0x73, 0x0E, 0xBC, 0xCF, 0xB3, 0xE6, 0x56,
    0x71, 0xEE, 0xFE, 0xD7, 0x5E, 0x96, 0x82, 0xA4, 0x93, 0x0D, 0x4D, 0xB9, 0xF8, 0x9F, 0x80, 0x9F,
    0xE5, 0x85, 0x43, 0xB9, 0xA8, 0x09, 0x35, 0x33, 0x42, 0xDB, 0x72, 0xE9, 0x46, 0x7F, 0x0A, 0xD8,
    0x36, 0x8E, 0xF9, 0xBF, 0xB9, 0x5C, 0x1D, 0x57, 0x9E, 0xC9, 0x42, 0x78, 0x12, 0xFE, 0xE4, 0xC1,
    0xBF, 0xE4, 0x77, 0x1C, 0xF7, 0xC2, 0xBD, 0x16, 0xAE, 0xED, 0xC1, 0xA6, 0x71, 0x1C, 0x9E, 0x34,
    0xDD, 0x83, 0x7A, 0x74, 0x73, 0x91, 0xB7, 0x56, 0x28, 0x86, 0x35, 0x6C, 0x85, 0xBC, 0x27, 0x9C,
    0x9F, 0x19, 0x27, 0xC7, 0x39, 0xA7, 0xB3, 0xB7, 0xC9, 0xA9, 0x31, 0x92, 0xDE, 0x2D, 0xCB, 0x0F,
    0xC3, 0x4A, 0x5A, 0x1D, 0xA8, 0xA2, 0x55, 0x91, 0x6E, 0x5F, 0x75, 0xA4, 0x07, 0xB8, 0x46, 0xB2,
    0xDD, 0xB4, 0x13, 0x10, 0x3C, 0xFA, 0xEC, 0x9C, 0x23, 0x38, 0x74, 0x7B, 0x6B, 0xFA, 0xE0, 0xCF,
    0xA2, 0x69, 0xA2, 0x3B, 0x35, 0x87, 0xE4, 0x4D, 0x72, 0x26, 0xF9, 0x92, 0x5C, 0x49, 0x9E, 0x24,
    0x47, 0x92, 0x1F, 0xC9, 0x8D, 0xE4, 0x45, 0x72, 0x22, 0xF9, 0x90, 0x5C, 0x78, 0x94, 0xE8, 0xD8,
    0x1F, 0x5C, 0x92, 0xF6, 0x10, 0x35, 0x99, 0x7C, 0x53, 0xBC, 0x2F, 0x09, 0x4D, 0x24, 0xC1, 0xEE,
    0x77, 0x27, 0x51, 0x73, 0x4A, 0xA2, 0x4C, 0xB7, 0x3E, 0x9D, 0xE2, 0x8C, 0x03, 0xB7, 0x36, 0x9E,
    0xE3, 0x8A, 0x13, 0x69, 0xE3, 0xD3, 0xB3, 0x21, 0xC9, 0x05, 0x15, 0xEF, 0xD5, 0x0B, 0xD4, 0x83,
    0x5C, 0xEB, 0x2D, 0x3E, 0x43, 0xD5, 0xD0, 0xD9, 0x82, 0xF1, 0x31, 0xDA, 0x19, 0x35, 0x82, 0x3D,
    0x39, 0x65, 0x6C, 0x83, 0x30, 0x24, 0x21, 0x62, 0x80, 0xF6, 0xA2, 0x4F, 0x42, 0xCE, 0xB5, 0x88,
    0xCE, 0x84, 0x93, 0xBD, 0x7F, 0x23, 0x67, 0x3B, 0x8A, 0x70, 0xBA, 0xB5, 0x17, 0x34, 0xF1, 0x7C,
    0x8B, 0xE8, 0xE5, 0x84, 0x8B, 0x70, 0xD3, 0x39, 0x3B, 0xA3, 0x28, 0x88, 0x14, 0xF5, 0x9A, 0xF8,
    0x79, 0x9C, 0x51, 0xF2, 0x88, 0x11, 0x2A, 0x89, 0x16, 0xFA, 0xE0, 0x6F, 0x00, 0xFC, 0x33, 0x52,
    0xD0, 0x9C, 0x45, 0x7B, 0x16, 0x3D, 0x9E, 0x50, 0x34, 0x37, 0x06, 0xE6, 0xA4, 0x0D, 0x94, 0x9E,
    0x0D, 0x29, 0x2A, 0x7E, 0xFB, 0x2C, 0x1B, 0x9A, 0xB3, 0x54, 0xBF, 0xFF, 0xEB, 0x0D, 0xF9, 0x03,
    0x4E, 0x67, 0xF9, 0x2D, 0x0E, 0x67, 0x69, 0x10, 0x36, 0xEC, 0xAA, 0xA7, 0xE1, 0x2C, 0x15, 0xA7,
    0x5D, 0x36, 0x1C, 0xC3, 0x69, 0x2B, 0x97, 0x62, 0x43, 0x4E, 0xAE, 0xE0, 0x4F, 0x44, 0x86, 0x5E,
    0xE5, 0xC7, 0xE9, 0x20, 0x48, 0x35, 0x95, 0xFC, 0x56, 0x90, 0xF4, 0x71, 0x85, 0x1E, 0x79, 0x6B,
    0x51, 0xB6, 0xA2, 0x84, 0x51, 0x96, 0xFF, 0xDA, 0x68, 0xA3, 0xB7, 0xB6, 0x11, 0xB2, 0xFC, 0x4B,
    0xB1, 0x15, 0x5B, 0x37, 0xD7, 0xB6, 0x12, 0xD9, 0x17, 0x6B, 0xB1, 0x56, 0x4B, 0x63, 0xA1, 0xB7,
    0xCA, 0xC9, 0x8B, 0x9B, 0xF9, 0xE2, 0x65, 0x6D, 0x9D, 0xFC, 0xF3, 0xDB, 0x97, 0x82, 0x6F, 0x5E,
    0xD4, 0x88, 0xC6, 0xC9, 0x4E, 0x1A, 0x8A, 0x73, 0xB8, 0xA5, 0xAD, 0xC9, 0x01, 0x1D, 0xAD, 0x0E,
    0x32, 0xE7, 0xE6, 0x3D, 0x6C, 0xBB, 0x20, 0x91, 0xA2, 0x33, 0x38, 0x87, 0xBE, 0x29, 0xD9, 0xDE,
    0x94, 0x37, 0x54, 0x76, 0x53, 0xE6, 0xEB, 0x81, 0xE9, 0xED, 0x90, 0xE2, 0x03, 0x27, 0xCE, 0xF4,
    0x76, 0x70, 0x45, 0x9A, 0x9D, 0x3B, 0x72, 0xDC, 0x99, 0x6B, 0x6D, 0x23, 0xE6, 0x5C, 0x8A, 0x9D,
    0x8B, 0x95, 0x6F, 0x3B, 0x78, 0xE9, 0x38, 0x1C, 0x5C, 0x6F, 0x38, 0x38, 0x2E, 0xBD, 0xB9, 0x43,
    0x92, 0xC2, 0x19, 0x79, 0x70, 0x71, 0xE2, 0xCB, 0x56, 0x6F, 0x39, 0x21, 0x5C, 0x2D, 0x97, 0x35,
    0xDB, 0x79, 0x2E, 0x1C, 0xEB, 0x51, 0x78, 0xF2, 0xCC, 0xF5, 0xC4, 0x6C, 0x0F, 0xFE, 0x22, 0xCD,
    0xC1, 0xD0, 0x27, 0xEE, 0x86, 0xC4, 0x6A, 0x60, 0x7F, 0x62, 0x92, 0x0F, 0x67, 0x6D, 0x12, 0xD3,
    0x24, 0x5F, 0xD9, 0x17, 0x8C, 0xBA, 0x24, 0xEA, 0x9D, 0xEB, 0x15, 0x6A, 0x67, 0xCE, 0x50, 0x63,
    0xD6, 0xEE, 0xFF, 0xD3, 0x56, 0x57, 0x71, 0xF9, 0xED, 0x64, 0x8B, 0x9A, 0x31, 0x66, 0xA0, 0xD8,
    0xD9, 0x8F, 0x7C, 0x65, 0xC0, 0xCF, 0x3F, 0xFC, 0x1C, 0xFE, 0x59, 0x46, 0xC6, 0x7F, 0x3B, 0x42,
    0x6D, 0xF7, 0xEA, 0x19, 0x7A, 0x44, 0xB5, 0x82, 0x06, 0x05, 0xC1, 0x1E, 0xB9, 0x64, 0x77, 0x85,
    0xAC, 0x0D, 0x40, 0xE3, 0x57, 0xE0, 0x69, 0xCF, 0xDD, 0x33, 0x97, 0xDF, 0xCE, 0x1E, 0x05, 0x39,
    0xCB, 0x9A, 0xA0, 0xAE, 0xCF, 0xA7, 0xD1, 0x03, 0xF4, 0x48, 0x03, 0x65, 0xBD, 0xB7, 0xB3, 0x4F,
    0x8B, 0x93, 0x97, 0x45, 0x0F, 0x2E, 0xA9, 0xD9, 0xA5, 0x9A, 0x28, 0x97, 0xD2, 0x27, 0x68, 0x9F,
    0x32, 0x9F, 0xF0, 0xA4, 0xD3, 0xDB, 0xBD, 0x25, 0xE5, 0x53, 0xB2, 0x04, 0x78, 0xD6, 0x2C, 0xD1,
    0x5B, 0x8B, 0x4B, 0x7C, 0xF3, 0x6C, 0xE8, 0xAE, 0x2F, 0x66, 0x4B, 0x93, 0xD1, 0xB0, 0x0F, 0xAD,
    0xA7, 0x46, 0x47, 0xCA, 0xD2, 0xA0, 0xB1, 0x9D, 0x4F, 0x40, 0x48, 0xF5, 0xD3, 0x4F, 0x94, 0xE8,
    0x43, 0x99, 0x43, 0x59, 0x01, 0x14, 0xDB, 0x8B, 0x29, 0x25, 0x3F, 0x95, 0x9C, 0xB7, 0x7C, 0x41,
    0x18, 0x82, 0x8E, 0xB3, 0x2F, 0x17, 0x0E, 0x38, 0x45, 0xCE, 0x6B, 0xA4, 0x8E, 0x1C, 0xE2, 0x47,
    0xE4, 0x2C, 0x74, 0xE1, 0xE7, 0xDF, 0xBE, 0x09, 0xD5, 0x0B, 0x0A, 0xB6, 0x9E, 0x94, 0xDD, 0xFD,
    0xED, 0x06, 0x7F, 0xE9, 0xFD, 0x85, 0x35, 0x06, 0xDA, 0xA0, 0x6C, 0x20, 0xB6, 0xB2, 0x6D, 0xF0,
    0x33, 0x34, 0x91, 0x7A, 0x6D, 0xEA, 0x83, 0x1A, 0x21, 0xFD, 0x07, 0x46, 0x52, 0x64, 0xAB, 0x84,
    0x2A, 0x7F, 0x97, 0xD1, 0x53, 0xC6, 0x31, 0xFE, 0x82, 0x2F, 0xF7, 0xA2, 0xF7, 0xF4, 0x4D, 0xE0,
    0x42, 0x0F, 0xE0, 0xF5, 0x6E, 0xBD, 0x86, 0x61, 0x24, 0xA7, 0x78, 0x8E, 0xC8, 0x5E, 0x08, 0xF7,
    0xFB, 0xFE, 0xD1, 0xE6, 0x89, 0xFC, 0x81, 0xBC, 0xC5, 0x9F, 0xA9, 0x0B, 0x2E, 0xEC, 0x63, 0x05,
    0x5E, 0x0B, 0xF3, 0x91, 0x62, 0xA8, 0xAB, 0xB6, 0x5C, 0x91, 0xCF, 0x70, 0xB9, 0x66, 0xFB, 0xD1,
    0xDB, 0xC3, 0x7B, 0x1E, 0x18, 0x60, 0xF1, 0x74, 0xFE, 0xFA, 0xB8, 0xDB, 0x7B, 0x08, 0xBC, 0xE4,
    0xAE, 0x7B, 0xF0, 0x6A, 0x0F, 0x31, 0x46, 0x64, 0xC6, 0xBA, 0x6B, 0xD7, 0x2F, 0xC1, 0x73, 0xE4,
    0xFB, 0xBB, 0xFC, 0x90, 0x7B, 0x80, 0xFF, 0x03,
};

static const EpdGlyph tamil_14_boldGlyphs[] = {
    { 5, 20, 181, 4, 18, 25, 0 }, // U+0964
    { 14, 20, 318, 4, 18, 70, 25 }, // U+0965
    { 9, 8, 177, 1, 25, 18, 95 }, // U+0B82
    { 27, 26, 462, 1, 26, 176, 113 }, // U+0B83
    { 33, 21, 569, 1, 16, 174, 289 }, // U+0B85
    { 42, 26, 675, 1, 16, 273, 463 }, // U+0B86
    { 33, 35, 574, 1, 25, 289, 736 }, // U+0B87
    { 22, 16, 393, 2, 16, 88, 1025 }, // U+0B88
    { 30, 16, 508, 1, 16, 120, 1113 }, // U+0B89
    { 47, 16, 785, 1, 16, 188, 1233 }, // U+0B8A
    { 24, 16, 410, 1, 16, 96, 1421 }, // U+0B8E
    { 24, 22, 410, 1, 16, 132, 1517 }, // U+0B8F
    { 30, 27, 524, 1, 16, 203, 1649 }, // U+0B90
    { 31, 26, 526, 1, 16, 202, 1852 }, // U+0B92
    { 31, 27, 526, 1, 16, 210, 2054 }, // U+0B93
    { 66, 25, 1072, 1, 16, 413, 2264 }, // U+0B94
    { 25, 16, 427, 1, 16, 100, 2677 }, // U+0B95
    { 30, 16, 552, 2, 16, 120, 2777 }, // U+0B99
    { 21, 16, 377, 1, 16, 84, 2897 }, // U+0B9A
    { 30, 27, 524, 1, 16, 203, 2981 }, // U+0B9C
    { 37, 26, 634, 2, 17, 241, 3184 }, // U+0B9E
    { 19, 16, 347, 2, 16, 76, 3425 }, // U+0B9F
    { 52, 16, 856, 1, 16, 208, 3501 }, // U+0BA3
    { 25, 25, 426, 1, 16, 157, 3709 }, // U+0BA4
    { 24, 26, 415, 1, 16, 156, 3866 }, // U+0BA8
    { 38, 16, 634, 1, 16, 152, 4022 }, // U+0BA9
    { 20, 16, 388, 2, 16, 80, 4174 }, // U+0BAA
    { 24, 16, 437, 2, 16, 96, 4254 }, // U+0BAE
    { 26, 16, 484, 2, 16, 104, 4350 }, // U+0BAF
    { 18, 23, 323, 2, 16, 104, 4454 }, // U+0BB0
    { 26, 26, 453, 1, 16, 169, 4558 }, // U+0BB1
    { 30, 18, 521, 1, 18, 135, 4727 }, // U+0BB2
    { 33, 16, 548, 1, 16, 132, 4862 }, // U+0BB3
    { 25, 26, 437, 1, 16, 163, 4994 }, // U+0BB4
    { 30, 16, 533, 1, 16, 120, 5157 }, // U+0BB5
    { 33, 16, 603, 2, 16, 132, 5277 }, // U+0BB6
    { 42, 24, 713, 1, 16, 252, 5409 }, // U+0BB7
    { 39, 18, 663, 1, 18, 176, 5661 }, // U+0BB8
    { 49, 25, 830, 1, 16, 307, 5837 }, // U+0BB9
    { 18, 16, 323, 2, 16, 72, 6144 }, // U+0BBE
    { 17, 25, 144, -10, 25, 107, 6216 }, // U+0BBF
    { 14, 11, 0, -14, 26, 39, 6323 }, // U+0BC0
    { 23, 11, 259, -7, 17, 64, 6362 }, // U+0BC1
    { 32, 23, 421, -7, 23, 184, 6426 }, // U+0BC2
    { 25, 26, 460, 2, 26, 163, 6610 }, // U+0BC6
    { 21, 26, 366, 1, 26, 137, 6773 }, // U+0BC7
    { 35, 16, 601, 1, 16, 140, 6910 }, // U+0BC8
    { 53, 26, 878, 2, 26, 345, 7050 }, // U+0BCA
    { 47, 26, 781, 1, 26, 306, 7395 }, // U+0BCB
    { 67, 26, 1109, 2, 26, 436, 7701 }, // U+0BCC
    { 5, 5, 0, -10, 24, 7, 8137 }, // U+0BCD
    { 35, 27, 595, 1, 18, 237, 8144 }, // U+0BD0
    { 33, 16, 548, 1, 16, 132, 8381 }, // U+0BD7
    { 17, 16, 315, 1, 16, 68, 8513 }, // U+0BE6
    { 25, 16, 427, 1, 16, 100, 8581 }, // U+0BE7
    { 30, 16, 508, 1, 16, 120, 8681 }, // U+0BE8
    { 30, 16, 511, 2, 16, 120, 8801 }, // U+0BE9
    { 28, 16, 491, 1, 16, 112, 8921 }, // U+0BEA
    { 32, 35, 554, 2, 25, 280, 9033 }, // U+0BEB
    { 31, 16, 530, 1, 16, 124, 9313 }, // U+0BEC
    { 24, 16, 410, 1, 16, 96, 9437 }, // U+0BED
    { 33, 21, 569, 1, 16, 174, 9533 }, // U+0BEE
    { 38, 16, 634, 1, 16, 152, 9707 }, // U+0BEF
    { 25, 26, 455, 2, 26, 163, 9859 }, // U+0BF0
    { 26, 16, 456, 2, 16, 104, 10022 }, // U+0BF1
    { 31, 25, 513, 1, 16, 194, 10126 }, // U+0BF2
    { 30, 16, 510, 1, 16, 120, 10320 }, // U+0BF3
    { 37, 25, 646, 2, 25, 232, 10440 }, // U+0BF4
    { 71, 34, 1187, 2, 25, 604, 10672 }, // U+0BF5
    { 30, 26, 522, 1, 16, 195, 11276 }, // U+0BF6
    { 41, 16, 674, 1, 16, 164, 11471 }, // U+0BF7
    { 61, 34, 1030, 2, 26, 519, 11635 }, // U+0BF8
    { 32, 36, 548, 2, 26, 288, 12154 }, // U+0BF9
    { 36, 35, 609, 1, 25, 315, 12442 }, // U+0BFA
    { 0, 0, 0, 0, 0, 0, 0 }, // U+200C
    { 0, 0, 0, 0, 0, 0, 0 }, // U+200D
    { 14, 14, 262, 2, 15, 49, 0 }, // U+25CC
    { 13, 21, 280, 2, 21, 69, 49 }, // U+F0000
    { 0, 0, 121, 0, 0, 0, 118 }, // U+F0001
    { 9, 8, 177, 1, 25, 18, 118 }, // U+F0002
    { 27, 26, 462, 1, 26, 176, 136 }, // U+F0003
    { 33, 21, 569, 1, 16, 174, 312 }, // U+F0004
    { 42, 26, 675, 1, 16, 273, 486 }, // U+F0005
    { 33, 35, 574, 1, 25, 289, 759 }, // U+F0006
    { 22, 16, 393, 2, 16, 88, 1048 }, // U+F0007
    { 30, 16, 508, 1, 16, 120, 1136 }, // U+F0008
    { 47, 16, 785, 1, 16, 188, 1256 }, // U+F0009
    { 24, 16, 410, 1, 16, 96, 1444 }, // U+F000A
    { 24, 22, 410, 1, 16, 132, 1540 }, // U+F000B
    { 30, 27, 524, 1, 16, 203, 1672 }, // U+F000C
    { 31, 26, 526, 1, 16, 202, 1875 }, // U+F000D
    { 31, 27, 526, 1, 16, 210, 2077 }, // U+F000E
    { 66, 25, 1072, 1, 16, 413, 2287 }, // U+F000F
    { 25, 16, 427, 1, 16, 100, 2700 }, // U+F0010
    { 30, 16, 552, 2, 16, 120, 2800 }, // U+F0011
    { 21, 16, 377, 1, 16, 84, 2920 }, // U+F0012
    { 30, 27, 524, 1, 16, 203, 3004 }, // U+F0013
    { 37, 26, 634, 2, 17, 241, 3207 }, // U+F0014
    { 19, 16, 347, 2, 16, 76, 3448 }, // U+F0015
    { 52, 16, 856, 1, 16, 208, 3524 }, // U+F0016
    { 25, 25, 426, 1, 16, 157, 3732 }, // U+F0017
    { 24, 26, 415, 1, 16, 156, 3889 }, // U+F0018
    { 38, 16, 634, 1, 16, 152, 4045 }, // U+F0019
    { 20, 16, 388, 2, 16, 80, 4197 }, // U+F001A
    { 24, 16, 437, 2, 16, 96, 4277 }, // U+F001B
    { 26, 16, 484, 2, 16, 104, 4373 }, // U+F001C
    { 18, 23, 323, 2, 16, 104, 4477 }, // U+F001D
    { 26, 26, 453, 1, 16, 169, 4581 }, // U+F001E
    { 30, 18, 521, 1, 18, 135, 4750 }, // U+F001F
    { 33, 16, 548, 1, 16, 132, 4885 }, // U+F0020
    { 25, 26, 437, 1, 16, 163, 5017 }, // U+F0021
    { 30, 16, 533, 1, 16, 120, 5180 }, // U+F0022
    { 33, 16, 603, 2, 16, 132, 5300 }, // U+F0023
    { 42, 24, 713, 1, 16, 252, 5432 }, // U+F0024
    { 39, 18, 663, 1, 18, 176, 5684 }, // U+F0025
    { 49, 25, 830, 1, 16, 307, 5860 }, // U+F0026
    { 18, 16, 323, 2, 16, 72, 6167 }, // U+F0027
    { 17, 25, 144, -10, 25, 107, 6239 }, // U+F0028
    { 14, 11, 0, -14, 26, 39, 6346 }, // U+F0029
    { 23, 11, 259, -7, 17, 64, 6385 }, // U+F002A
    { 32, 23, 421, -7, 23, 184, 6449 }, // U+F002B
    { 25, 26, 460, 2, 26, 163, 6633 }, // U+F002C
    { 21, 26, 366, 1, 26, 137, 6796 }, // U+F002D
    { 35, 16, 601, 1, 16, 140, 6933 }, // U+F002E
    { 53, 26, 878, 2, 26, 345, 7073 }, // U+F002F
    { 47, 26, 781, 1, 26, 306, 7418 }, // U+F0030
    { 67, 26, 1109, 2, 26, 436, 7724 }, // U+F0031
    { 5, 5, 0, -10, 24, 7, 8160 }, // U+F0032
    { 35, 27, 595, 1, 18, 237, 8167 }, // U+F0033
    { 33, 16, 548, 1, 16, 132, 8404 }, // U+F0034
    { 17, 16, 315, 1, 16, 68, 8536 }, // U+F0035
    { 25, 16, 427, 1, 16, 100, 8604 }, // U+F0036
    { 30, 16, 508, 1, 16, 120, 8704 }, // U+F0037
    { 30, 16, 511, 2, 16, 120, 8824 }, // U+F0038
    { 28, 16, 491, 1, 16, 112, 8944 }, // U+F0039
    { 32, 35, 554, 2, 25, 280, 9056 }, // U+F003A
    { 31, 16, 530, 1, 16, 124, 9336 }, // U+F003B
    { 24, 16, 410, 1, 16, 96, 9460 }, // U+F003C
    { 33, 21, 569, 1, 16, 174, 9556 }, // U+F003D
    { 38, 16, 634, 1, 16, 152, 9730 }, // U+F003E
    { 25, 26, 455, 2, 26, 163, 9882 }, // U+F003F
    { 26, 16, 456, 2, 16, 104, 10045 }, // U+F0040
    { 31, 25, 513, 1, 16, 194, 10149 }, // U+F0041
    { 30, 16, 510, 1, 16, 120, 10343 }, // U+F0042
    { 37, 25, 646, 2, 25, 232, 10463 }, // U+F0043
    { 71, 34, 1187, 2, 25, 604, 10695 }, // U+F0044
    { 30, 26, 522, 1, 16, 195, 11299 }, // U+F0045
    { 41, 16, 674, 1, 16, 164, 11494 }, // U+F0046
    { 61, 34, 1030, 2, 26, 519, 11658 }, // U+F0047
    { 32, 36, 548, 2, 26, 288, 12177 }, // U+F0048
    { 36, 35, 609, 1, 25, 315, 12465 }, // U+F0049
    { 58, 24, 981, 1, 16, 348, 12780 }, // U+F004A
    { 25, 25, 427, 1, 25, 157, 13128 }, // U+F004B
    { 30, 24, 552, 2, 24, 180, 13285 }, // U+F004C
    { 21, 25, 377, 1, 25, 132, 13465 }, // U+F004D
    { 30, 35, 524, 1, 24, 263, 13597 }, // U+F004E
    { 37, 34, 634, 2, 25, 315, 13860 }, // U+F004F
    { 19, 24, 347, 2, 24, 114, 14175 }, // U+F0050
    { 52, 25, 856, 1, 25, 325, 14289 }, // U+F0051
    { 25, 34, 426, 1, 25, 213, 14614 }, // U+F0052
    { 24, 34, 415, 1, 24, 204, 14827 }, // U+F0053
    { 38, 25, 634, 1, 25, 238, 15031 }, // U+F0054
    { 20, 24, 388, 2, 24, 120, 15269 }, // U+F0055
    { 24, 24, 437, 2, 24, 144, 15389 }, // U+F0056
    { 26, 25, 484, 2, 25, 163, 0 }, // U+F0057
    { 18, 31, 323, 2, 24, 140, 163 }, // U+F0058
    { 26, 34, 453, 1, 24, 221, 303 }, // U+F0059
    { 30, 25, 521, 1, 25, 188, 524 }, // U+F005A
    { 33, 25, 548, 1, 25, 207, 712 }, // U+F005B
    { 25, 34, 437, 1, 24, 213, 919 }, // U+F005C
    { 30, 25, 533, 1, 25, 188, 1132 }, // U+F005D
    { 33, 25, 603, 2, 25, 207, 1320 }, // U+F005E
    { 42, 33, 713, 1, 25, 347, 1527 }, // U+F005F
    { 39, 25, 663, 1, 25, 244, 1874 }, // U+F0060
    { 49, 34, 830, 1, 25, 417, 2118 }, // U+F0061
    { 58, 33, 981, 1, 25, 479, 2535 }, // U+F0062
    { 26, 26, 427, 1, 26, 169, 3014 }, // U+F0063
    { 32, 26, 548, 2, 17, 208, 3183 }, // U+F0064
    { 42, 16, 702, 1, 16, 168, 3391 }, // U+F0065
    { 32, 25, 552, 2, 25, 200, 3559 }, // U+F0066
    { 30, 25, 552, 2, 16, 188, 3759 }, // U+F0067
    { 39, 26, 655, 2, 16, 254, 3947 }, // U+F0068
    { 24, 26, 401, 1, 26, 156, 4201 }, // U+F0069
    { 26, 16, 446, 1, 16, 104, 4357 }, // U+F006A
    { 38, 26, 639, 2, 17, 247, 4461 }, // U+F006B
    { 31, 36, 524, 1, 25, 279, 4708 }, // U+F006C
    { 38, 35, 634, 2, 26, 333, 4987 }, // U+F006D
    { 37, 26, 646, 1, 16, 241, 5320 }, // U+F006E
    { 50, 26, 821, 1, 16, 325, 5561 }, // U+F006F
    { 23, 25, 406, 2, 16, 144, 5886 }, // U+F0070
    { 23, 16, 406, 2, 16, 92, 6030 }, // U+F0071
    { 30, 35, 535, 2, 25, 263, 6122 }, // U+F0072
    { 29, 35, 488, 2, 25, 254, 6385 }, // U+F0073
    { 54, 26, 880, 1, 26, 351, 6639 }, // U+F0074
    { 58, 25, 972, 1, 16, 363, 6990 }, // U+F0075
    { 70, 25, 1147, 1, 16, 438, 7353 }, // U+F0076
    { 25, 35, 426, 1, 26, 219, 7791 }, // U+F0077
    { 32, 26, 562, 1, 16, 208, 8010 }, // U+F0078
    { 45, 26, 737, 1, 16, 293, 8218 }, // U+F0079
    { 24, 35, 415, 1, 25, 210, 8511 }, // U+F007A
    { 32, 26, 563, 1, 16, 208, 8721 }, // U+F007B
    { 45, 26, 738, 1, 16, 293, 8929 }, // U+F007C
    { 40, 26, 659, 1, 26, 260, 9222 }, // U+F007D
    { 44, 26, 751, 1, 16, 286, 9482 }, // U+F007E
    { 57, 26, 926, 1, 16, 371, 9768 }, // U+F007F
    { 22, 25, 388, 2, 25, 138, 10139 }, // U+F0080
    { 20, 25, 388, 2, 16, 125, 10277 }, // U+F0081
    { 29, 26, 491, 2, 16, 189, 10402 }, // U+F0082
    { 25, 25, 437, 2, 25, 157, 10591 }, // U+F0083
    { 33, 25, 575, 2, 16, 207, 10748 }, // U+F0084
    { 38, 25, 653, 2, 16, 238, 10955 }, // U+F0085
    { 28, 26, 484, 2, 26, 182, 11193 }, // U+F0086
    { 26, 25, 484, 2, 16, 163, 11375 }, // U+F0087
    { 35, 26, 586, 2, 16, 228, 11538 }, // U+F0088
    { 19, 32, 348, 2, 25, 152, 11766 }, // U+F0089
    { 32, 27, 548, 2, 17, 216, 11918 }, // U+F008A
    { 37, 26, 628, 2, 16, 241, 12134 }, // U+F008B
    { 27, 35, 453, 1, 25, 237, 12375 }, // U+F008C
    { 34, 26, 598, 1, 16, 221, 12612 }, // U+F008D
    { 47, 26, 772, 1, 16, 306, 12833 }, // U+F008E
    { 38, 26, 665, 1, 26, 247, 13139 }, // U+F008F
    { 31, 26, 521, 1, 26, 202, 13386 }, // U+F0090
    { 38, 28, 663, 1, 18, 266, 13588 }, // U+F0091
    { 51, 28, 838, 1, 18, 357, 13854 }, // U+F0092
    { 35, 26, 573, 1, 26, 228, 14211 }, // U+F0093
    { 46, 25, 770, 2, 16, 288, 14439 }, // U+F0094
    { 51, 25, 855, 2, 16, 319, 14727 }, // U+F0095
    { 26, 35, 437, 1, 25, 228, 15046 }, // U+F0096
    { 33, 26, 573, 2, 16, 215, 15274 }, // U+F0097
    { 38, 26, 654, 2, 16, 247, 0 }, // U+F0098
    { 32, 26, 533, 1, 26, 208, 247 }, // U+F0099
    { 30, 25, 533, 1, 16, 188, 455 }, // U+F009A
    { 39, 26, 636, 1, 16, 254, 643 }, // U+F009B
    { 42, 34, 713, 1, 26, 357, 897 }, // U+F009C
    { 47, 26, 807, 1, 26, 306, 1254 }, // U+F009D
    { 40, 26, 663, 1, 26, 260, 1560 }, // U+F009E
    { 51, 35, 830, 1, 26, 447, 1820 }, // U+F009F
    { 59, 34, 981, 1, 26, 502, 2267 }, // U+F00A0
    { 46, 35, 780, 2, 25, 403, 2769 }, // U+F00A1
    { 21, 25, 144, -14, 25, 132, 3172 }, // U+F00A2
    { 19, 25, 144, -12, 25, 119, 3304 }, // U+F00A3
    { 21, 25, 144, -14, 25, 132, 3423 }, // U+F00A4
    { 18, 25, 144, -11, 25, 113, 3555 }, // U+F00A5
    { 28, 11, 253, -13, 16, 77, 3668 }, // U+F00A6
    { 38, 23, 414, -13, 23, 219, 3745 }, // U+F00A7
    { 5, 20, 181, 4, 18, 25, 3964 }, // U+F00A8
    { 14, 20, 318, 4, 18, 70, 3989 }, // U+F00A9
    { 2, 30, 0, -1, 22, 15, 4059 }, // U+F00AA
    { 10, 31, 0, -5, 23, 78, 4074 }, // U+F00AB
    { 14, 14, 262, 2, 15, 49, 4152 }, // U+F00AC
};

static const EpdUnicodeInterval tamil_14_boldIntervals[] = {
    { 0x964, 0x965, 0x0 },
    { 0xB82, 0xB83, 0x2 },
    { 0xB85, 0xB8A, 0x4 },
    { 0xB8E, 0xB90, 0xA },
    { 0xB92, 0xB95, 0xD },
    { 0xB99, 0xB9A, 0x11 },
    { 0xB9C, 0xB9C, 0x13 },
    { 0xB9E, 0xB9F, 0x14 },
    { 0xBA3, 0xBA4, 0x16 },
    { 0xBA8, 0xBAA, 0x18 },
    { 0xBAE, 0xBB9, 0x1B },
    { 0xBBE, 0xBC2, 0x27 },
    { 0xBC6, 0xBC8, 0x2C },
    { 0xBCA, 0xBCD, 0x2F },
    { 0xBD0, 0xBD0, 0x33 },
    { 0xBD7, 0xBD7, 0x34 },
    { 0xBE6, 0xBFA, 0x35 },
    { 0x200C, 0x200D, 0x4A },
    { 0x25CC, 0x25CC, 0x4C },
    { 0xF0000, 0xF00AC, 0x4D },
};

static const EpdFontGroup tamil_14_boldGroups[] = {
    { 0, 4569, 13436, 74, 0 },
    { 4569, 2, 0, 2, 74 },
    { 4571, 4988, 16354, 88, 76 },
    { 9559, 5044, 16223, 65, 164 },
    { 14603, 1453, 4415, 21, 229 },
};

static BuiltinShapingFace tamil_14_boldShaping = {
    tamilLayout,
    sizeof(tamilLayout),
    0x6BCE1A97,
    1867,
    &tamil_14_boldGlyphs[77],
    173,
    nullptr,
};

static constexpr EpdFontData tamil_14_bold = {
    tamil_14_boldBitmaps,
    tamil_14_boldGlyphs,
    tamil_14_boldIntervals,
    20,
    36,
    26,
    -11,
    true,
    tamil_14_boldGroups,
    5,
    nullptr,
    nullptr,
    nullptr,
    nullptr,
    nullptr,
    nullptr,
    nullptr,
    nullptr,
    nullptr,
    nullptr,
    nullptr,
    0,
    0,
    0,
    0,
    nullptr,
    0,
    nullptr,  // glyphMissHandler
    nullptr,  // glyphMissCtx
    nullptr,  // coverageHandler
    &builtinShaping::shape,
    &tamil_14_boldShaping,
};
